# vtk DataFile Version 3.0
LIGGGHTS particles timestep 54400000
ASCII
DATASET POLYDATA
POINTS 885 float
0.252991 0.0171431 0.0075466
0.261704 0.0152729 0.00990863
0.252293 0.0183214 0.00702329
0.264129 0.0170647 0.00754587
0.244856 0.015719 0.00876067
0.257748 0.0179532 0.00721641
0.263023 0.0201019 0.00716224
0.25845 0.0174897 0.0072658
0.257604 0.0174086 0.00727299
0.268487 0.0176047 0.00719018
0.268551 0.0178867 0.00711072
0.268182 0.0163442 0.00793184
0.257553 0.0185625 0.00720422
0.256404 0.0160978 0.00817888
0.268125 0.0161051 0.00810379
0.257241 0.0159824 0.00828008
0.262656 0.0163443 0.00827337
0.263314 0.016909 0.00772705
0.268302 0.0168505 0.007634
0.268624 0.0181722 0.00705422
0.262573 0.0165446 0.008066
0.262509 0.0168364 0.00804013
0.25718 0.0157923 0.0085039
0.256341 0.0158644 0.00835679
0.267874 0.015547 0.00910709
0.245205 0.0196515 0.00719358
0.264168 0.0174565 0.00720248
0.263514 0.0170698 0.00757216
0.262526 0.0174059 0.00757088
0.252273 0.0175183 0.0074061
0.254915 0.0150296 0.0132149
0.269032 0.0188459 0.00697319
0.262583 0.0180464 0.00719416
0.264634 0.0181628 0.00709064
0.25502 0.0150903 0.0127162
0.268682 0.0184642 0.00701692
0.267948 0.0156514 0.00883579
0.268 0.015739 0.00855368
0.263346 0.0185251 0.00711697
0.26157 0.0150756 0.0104442
0.263192 0.019644 0.00699138
0.268921 0.0196148 0.00701822
0.250062 0.0152899 0.0093658
0.251919 0.0193693 0.00730263
0.258147 0.0169716 0.00751546
0.263256 0.017172 0.00745836
0.257524 0.0159535 0.00837596
0.268364 0.0171034 0.00748515
0.250493 0.0165596 0.00784785
0.263174 0.0176369 0.00721303
0.263053 0.0167834 0.00784352
0.263808 0.0174397 0.00721367
0.263758 0.0180319 0.00714805
0.268462 0.0173558 0.00735591
0.263084 0.0190583 0.00706435
0.26277 0.0167074 0.00790854
0.26148 0.0147538 0.0107047
0.262336 0.0169886 0.00760298
0.262959 0.0171931 0.00742201
0.264569 0.0175453 0.00718351
0.261591 0.0147465 0.0101191
0.262919 0.0174416 0.0072355
0.263829 0.0189074 0.00704356
0.261631 0.0150715 0.0101505
0.256663 0.0154669 0.00891785
0.256606 0.0157483 0.00843739
0.263811 0.0171091 0.00754496
0.262364 0.0163896 0.0082144
0.263043 0.0169934 0.00762954
0.264356 0.0180533 0.00711492
0.262849 0.0192436 0.00705509
0.264057 0.0180316 0.00713272
0.268746 0.0187553 0.00698281
0.262906 0.0195358 0.0070185
0.249953 0.0158166 0.00892027
0.263423 0.0194529 0.00700155
0.264636 0.0178641 0.00713509
0.256951 0.017458 0.00758073
0.261718 0.0151087 0.009658
0.261783 0.0152897 0.00942787
0.264911 0.0182771 0.00706966
0.263013 0.0177266 0.0074854
0.262389 0.0171967 0.00739333
0.256851 0.0167028 0.00776285
0.244997 0.0153744 0.00905343
0.255441 0.0149367 0.010967
0.263415 0.0182348 0.0071476
0.257495 0.0155798 0.00883509
0.263364 0.0173695 0.0072601
0.25732 0.0188149 0.00718814
0.268065 0.0158871 0.00830083
0.268252 0.0165955 0.00778372
0.264918 0.0179651 0.00711602
0.262889 0.0174419 0.00757515
0.25651 0.0176967 0.0071444
0.26881 0.0190464 0.00694867
0.263166 0.0174692 0.00746179
0.263578 0.016539 0.00811558
0.256932 0.0158719 0.00835234
0.262627 0.0170658 0.0075371
0.256557 0.0176972 0.00744066
0.262226 0.0165732 0.0080213
0.263759 0.0177342 0.00718519
0.250207 0.0164706 0.00787612
0.264264 0.0168655 0.00772578
0.263474 0.0176433 0.00720531
0.256703 0.0166566 0.00811051
0.249706 0.0150389 0.00968271
0.262963 0.0198278 0.00705596
0.25699 0.0160994 0.00816567
0.26198 0.0158504 0.00875208
0.257256 0.0170653 0.00751038
0.262453 0.0174697 0.00728703
0.264099 0.0166991 0.00791464
0.262053 0.0160532 0.00854343
0.257999 0.0164864 0.00783556
0.256078 0.0160258 0.00857241
0.263174 0.0179698 0.00718512
0.262883 0.018041 0.00718636
0.262763 0.0188526 0.00710453
0.263965 0.0168984 0.0077346
0.262123 0.0162592 0.00833703
0.250696 0.0159008 0.00827742
0.26287 0.0165113 0.0081126
0.264001 0.0172684 0.00736655
0.242949 0.015088 0.0130848
0.263245 0.0188058 0.00708697
0.255179 0.0147 0.0120713
0.258447 0.0169508 0.00751156
0.25485 0.0151641 0.0134819
0.252024 0.015699 0.0084477
0.263667 0.0168922 0.00775967
0.252297 0.0166 0.00784127
0.263631 0.0186151 0.00708739
0.251554 0.0186369 0.00698825
0.257891 0.017326 0.00730538
0.262648 0.0183381 0.00716729
0.250374 0.016055 0.00814958
0.256912 0.0169483 0.00760171
0.262892 0.0177394 0.00721131
0.261653 0.0149276 0.0098882
0.264298 0.0183466 0.00708412
0.255158 0.0149908 0.012142
0.256559 0.0165793 0.00785894
0.258077 0.016728 0.00767591
0.257096 0.0171519 0.00774932
0.263999 0.0183243 0.007102
0.25602 0.0157503 0.00844445
0.263002 0.0183143 0.00715425
0.25682 0.0191258 0.00715289
0.24515 0.0207329 0.00721091
0.268862 0.0193398 0.00691433
0.264302 0.0172405 0.00736171
0.251971 0.0159117 0.00824289
0.258437 0.0180285 0.00726645
0.255877 0.0154603 0.00899331
0.256587 0.0164332 0.00827367
0.255085 0.0150238 0.0124311
0.256618 0.0182412 0.00735877
0.263173 0.0165935 0.0080422
0.263622 0.0172683 0.00737483
0.26153 0.0147164 0.0104112
0.245804 0.0164593 0.00814009
0.25741 0.0179421 0.00719244
0.264859 0.0176653 0.00716151
0.252538 0.0178561 0.00723157
0.256082 0.0159898 0.00827461
0.262568 0.0168598 0.00774708
0.256974 0.0171937 0.00744058
0.256891 0.0180068 0.00740828
0.256222 0.0155653 0.00881281
0.262832 0.017186 0.00772072
0.263699 0.0183246 0.00711733
0.25183 0.0170089 0.00767151
0.256864 0.015682 0.00857464
0.264812 0.0173838 0.00725387
0.254898 0.0153495 0.0132511
0.264058 0.0177342 0.00717151
0.255883 0.0156804 0.0091718
0.2499 0.0154307 0.00889851
0.264357 0.0177555 0.00715523
0.242628 0.0159793 0.0142118
0.256785 0.0178167 0.00714642
0.257023 0.0183353 0.00716516
0.263473 0.0179418 0.00717582
0.257721 0.0165884 0.00778616
0.249771 0.0151698 0.00942082
0.257279 0.0182055 0.00725061
0.258015 0.0191842 0.00718103
0.255856 0.0152204 0.0100586
0.263466 0.0167314 0.00791462
0.257333 0.0173055 0.00734812
0.250147 0.0162245 0.0080369
0.257115 0.0165763 0.00782884
0.256208 0.0164991 0.0079894
0.25001 0.0150986 0.00959114
0.255823 0.0153955 0.00928127
0.262929 0.0186037 0.00712468
0.245403 0.0174536 0.00732281
0.262704 0.0175944 0.00739539
0.256539 0.0155581 0.00866011
0.252525 0.0163019 0.00799209
0.262726 0.0178932 0.00740862
0.262287 0.0167803 0.007813
0.257487 0.0194511 0.00716369
0.244635 0.0182704 0.00714854
0.25707 0.0180073 0.00716757
0.256449 0.0174513 0.00730553
0.251095 0.0190082 0.00701522
0.263652 0.0175684 0.0074349
0.257343 0.0161748 0.00807352
0.255621 0.0151388 0.0102263
0.250811 0.0156907 0.00845794
0.252561 0.0175855 0.00735896
0.249513 0.0146629 0.0104764
0.263142 0.0193504 0.00702775
0.257379 0.0177441 0.00741562
0.25257 0.0182127 0.00706036
0.257323 0.0175582 0.00718645
0.252257 0.0158273 0.00827576
0.256649 0.0170754 0.00753531
0.257176 0.0168222 0.00766744
0.250888 0.019403 0.00714417
0.258159 0.0181402 0.00724671
0.251989 0.0176142 0.00738609
0.250353 0.0170754 0.0075827
0.257068 0.017431 0.00728284
0.250658 0.0171875 0.00754405
0.26393 0.0186152 0.00707202
0.245035 0.0201439 0.00720414
0.262685 0.0172887 0.007345
0.250529 0.0155755 0.00866566
0.251033 0.0187145 0.00698968
0.251904 0.0173238 0.00751793
0.258034 0.0178675 0.00723687
0.254759 0.015641 0.0137747
0.256428 0.0168049 0.00802406
0.256979 0.0186321 0.00716289
0.263343 0.0180914 0.00740122
0.257589 0.0191698 0.00718696
0.264599 0.0172001 0.00735761
0.246323 0.0166772 0.00795938
0.257294 0.0191141 0.00718713
0.255051 0.0147864 0.0126538
0.262521 0.017754 0.00721909
0.256671 0.0184393 0.0071401
0.250909 0.0161182 0.00829529
0.255849 0.0149427 0.0112901
0.251024 0.0174671 0.00749452
0.249453 0.0145879 0.0107606
0.256824 0.0164522 0.0079254
0.252784 0.017343 0.00746251
0.257463 0.0157633 0.00859991
0.257042 0.0189252 0.00716837
0.256078 0.0153114 0.00982716
0.263529 0.0188965 0.00706017
0.25622 0.0163171 0.00838383
0.257873 0.0182286 0.00722631
0.261914 0.0156589 0.00897336
0.261848 0.0154713 0.00919805
0.257061 0.0193028 0.00717088
0.244452 0.0163514 0.00823252
0.258138 0.0187057 0.00722114
0.252486 0.0173235 0.00748747
0.243861 0.0153878 0.00907761
0.257575 0.0181985 0.00720473
0.256939 0.0155077 0.00880724
0.250763 0.0188449 0.00700534
0.257852 0.0185818 0.00722586
0.257213 0.0156089 0.00873907
0.252157 0.0178309 0.00726361
0.2578 0.01683 0.00762648
0.251691 0.015985 0.0081655
0.256726 0.0162173 0.00808444
0.250035 0.0160328 0.00865641
0.249965 0.0156311 0.00868483
0.262389 0.017231 0.00777195
0.250418 0.0173666 0.00755062
0.244979 0.0198493 0.00719954
0.251337 0.0165202 0.0079141
0.252196 0.0172578 0.00753391
0.250718 0.0163854 0.00794645
0.254831 0.0154812 0.0135211
0.256547 0.0161916 0.00844687
0.25656 0.0179555 0.00728794
0.24949 0.0148845 0.0107353
0.25671 0.0173208 0.00737419
0.25628 0.0156232 0.00852415
0.252705 0.0170636 0.00759947
0.249313 0.0149481 0.0115163
0.251273 0.01854 0.00703109
0.257615 0.0188687 0.00720958
0.256667 0.0159701 0.00824385
0.255735 0.0149833 0.0110087
0.244511 0.0161191 0.00842354
0.256896 0.0183226 0.00743663
0.245778 0.0185827 0.0073751
0.264427 0.0170318 0.00753708
0.25787 0.0170738 0.00746634
0.257648 0.0163482 0.00795034
0.26497 0.0171653 0.00738593
0.254955 0.0152234 0.0129847
0.240083 0.0184047 0.00705747
0.258152 0.0175027 0.00724423
0.258762 0.0169096 0.00751979
0.250126 0.0153536 0.00907986
0.252406 0.0170597 0.00761704
0.252829 0.0184656 0.0069709
0.250361 0.0167769 0.00803156
0.252034 0.0181547 0.00711618
0.256756 0.0188326 0.00714742
0.256755 0.0186231 0.00736214
0.257064 0.0177074 0.00716624
0.250973 0.0162496 0.00802833
0.240493 0.0188347 0.00713492
0.244025 0.0159383 0.0085921
0.244926 0.0183702 0.00715178
0.257874 0.0176143 0.00722449
0.25009 0.0160058 0.00823391
0.246273 0.0163504 0.00822845
0.256388 0.0172058 0.00746665
0.256587 0.0168299 0.00769645
0.256462 0.016343 0.00801625
0.255797 0.0154278 0.00957836
0.245989 0.0193786 0.00717914
0.240646 0.0183707 0.00710623
0.258169 0.0172235 0.00735252
0.257582 0.0171544 0.00743071
0.263789 0.0167013 0.00795573
0.252325 0.0180524 0.00715206
0.258468 0.017202 0.00734903
0.249397 0.0146276 0.0110528
0.264576 0.0184552 0.00705734
0.250905 0.0181417 0.0070831
0.255144 0.0147347 0.0123672
0.25165 0.0192595 0.00722931
0.240527 0.0163304 0.00820757
0.239044 0.0156092 0.00867268
0.245149 0.01817 0.00714588
0.251857 0.018722 0.00704526
0.257221 0.0195898 0.00715459
0.255705 0.015251 0.0098056
0.250406 0.0153171 0.00918321
0.256326 0.0169604 0.00762778
0.245292 0.0154088 0.00901402
0.25654 0.0174383 0.00759121
0.254981 0.0148973 0.0129426
0.250891 0.0152961 0.00926256
0.250191 0.0154845 0.0088177
0.256265 0.0167149 0.00778892
0.256803 0.0172267 0.00774339
0.255958 0.0155625 0.00867015
0.245783 0.0177948 0.00714459
0.245699 0.0166766 0.00796187
0.256791 0.0181167 0.00714772
0.249884 0.0156662 0.00917032
0.251927 0.0184044 0.00724335
0.240359 0.0158739 0.00859712
0.24069 0.0172864 0.00735556
0.245507 0.0159367 0.00857102
0.251642 0.0164984 0.00792403
0.25253 0.0184947 0.00696247
0.257176 0.0154187 0.00896809
0.251321 0.0174393 0.00745848
0.251949 0.0164511 0.00793037
0.251382 0.0157369 0.00839741
0.245634 0.0173053 0.00744429
0.244648 0.0176947 0.00740242
0.239961 0.0189557 0.0070971
0.250875 0.0154321 0.00899523
0.250029 0.0158101 0.0084529
0.238703 0.0185464 0.00699051
0.25159 0.0184091 0.00729331
0.25109 0.0167976 0.00776225
0.252869 0.0181818 0.00705939
0.251779 0.0184386 0.00698441
0.24492 0.0195553 0.00718994
0.256144 0.0162306 0.00810682
0.256902 0.0154304 0.00909487
0.243649 0.0148699 0.00987759
0.246973 0.0170566 0.00764533
0.258247 0.0184271 0.00724409
0.250314 0.0158481 0.00835822
0.251881 0.0190723 0.0071903
0.250913 0.0177828 0.00753315
0.245729 0.0175246 0.00726347
0.240253 0.0162195 0.00825745
0.257257 0.0185217 0.00718267
0.251401 0.0181776 0.0073195
0.257434 0.0166692 0.00775077
0.256826 0.0175968 0.00734636
0.250852 0.01686 0.0080186
0.246216 0.0172529 0.00748581
0.239801 0.0195998 0.00714176
0.246139 0.0158992 0.00860018
0.238383 0.0171623 0.00739468
0.245864 0.0159907 0.00852558
0.252185 0.0160812 0.00811833
0.251671 0.0186975 0.00727989
0.246813 0.0165821 0.00803629
0.250638 0.0182762 0.00710708
0.250333 0.0151867 0.00944337
0.253147 0.0180761 0.00709498
0.257512 0.0169109 0.00759113
0.257361 0.0164263 0.00791097
0.250352 0.0163168 0.00829452
0.239672 0.0190313 0.00707739
0.250569 0.0168936 0.00768522
0.250852 0.0155704 0.00872998
0.245135 0.019004 0.00717256
0.257628 0.0161401 0.00816556
0.250105 0.0162257 0.0084374
0.257088 0.0163256 0.00799136
0.245319 0.0202409 0.00720076
0.245976 0.0185205 0.00715857
0.246053 0.0179246 0.00713949
0.250271 0.0167344 0.00774837
0.250821 0.0178008 0.00724803
0.251548 0.0179352 0.00722192
0.250656 0.0161645 0.00813975
0.250528 0.015095 0.00965154
0.249576 0.0147772 0.0102063
0.232766 0.0188773 0.00692376
0.250946 0.0171169 0.00759526
0.249836 0.0153213 0.00917038
0.251159 0.0155474 0.00876849
0.251037 0.0165217 0.00789658
0.245263 0.0199462 0.00719799
0.252719 0.0192932 0.00714945
0.238208 0.0164735 0.00812788
0.250778 0.0166499 0.00781812
0.251221 0.0179765 0.00718303
0.252778 0.0190233 0.00703259
0.25149 0.0183331 0.00702069
0.250825 0.0191382 0.00701788
0.246693 0.0169728 0.00771509
0.246371 0.016906 0.00777094
0.245159 0.0175893 0.00721172
0.253074 0.0190034 0.00698656
0.250557 0.0158454 0.00853793
0.244283 0.015004 0.00941288
0.252606 0.0187858 0.00696925
0.253105 0.0183488 0.00697731
0.249642 0.0149158 0.00994881
0.252424 0.0193093 0.00720115
0.256922 0.0195682 0.00715975
0.257913 0.0189033 0.00720649
0.246428 0.0179349 0.00739926
0.243714 0.0149507 0.00959596
0.25164 0.0189255 0.0070874
0.243537 0.0149954 0.010562
0.250433 0.0163081 0.0079997
0.246467 0.0171252 0.00759025
0.243883 0.0148204 0.0100735
0.25139 0.0167872 0.00778423
0.251191 0.017937 0.00747885
0.251162 0.0192824 0.00714346
0.243188 0.0149269 0.0120184
0.244853 0.0175202 0.00726947
0.24968 0.0152233 0.00992532
0.244454 0.0151823 0.00924242
0.251107 0.0156823 0.00850552
0.245881 0.0171737 0.00755188
0.24537 0.0167192 0.00792736
0.250955 0.0196691 0.00726496
0.25306 0.0174436 0.0074002
0.252225 0.0163386 0.00796934
0.250631 0.0152252 0.0093947
0.240199 0.0178403 0.00709899
0.250256 0.0156812 0.00860072
0.244391 0.0172298 0.00750971
0.252852 0.0176434 0.00731611
0.244103 0.0155177 0.00895701
0.250508 0.0154693 0.00894551
0.249344 0.0147103 0.0113361
0.245372 0.0179693 0.00713993
0.244809 0.0160996 0.00843876
0.258312 0.0177558 0.00725661
0.252829 0.017914 0.00718873
0.238577 0.0179755 0.00708422
0.232584 0.018045 0.00721315
0.243825 0.0147441 0.0103578
0.237671 0.0148865 0.00977769
0.251607 0.0173654 0.00750874
0.252482 0.0160482 0.00814632
0.245711 0.0161903 0.00836174
0.244573 0.0179761 0.00713832
0.244625 0.0170845 0.00762867
0.255972 0.0158402 0.00878294
0.251178 0.015407 0.00903308
0.251572 0.0162363 0.00805227
0.242837 0.0154749 0.0134995
0.238016 0.015753 0.00846943
0.242999 0.0148968 0.0128592
0.25141 0.0191147 0.00712164
0.252127 0.0169665 0.00767602
0.251336 0.0188327 0.00705135
0.246772 0.0185377 0.00715596
0.251884 0.0161878 0.0080589
0.245501 0.0189697 0.00717215
0.251694 0.0176637 0.00736521
0.25097 0.0184182 0.00698615
0.242767 0.0156149 0.0137557
0.252496 0.0167994 0.00773606
0.245074 0.0192975 0.00718191
0.238448 0.0174289 0.00727323
0.251383 0.0159926 0.00817805
0.252108 0.0188938 0.00710952
0.243237 0.0146785 0.0118573
0.245083 0.0167884 0.00787118
0.245352 0.0172253 0.00751081
0.251098 0.0159027 0.00820796
0.251531 0.017032 0.00767032
0.245664 0.0192904 0.00718281
0.244211 0.0161142 0.00843553
0.240168 0.0187243 0.00709475
0.245476 0.0195241 0.00718982
0.246069 0.0168054 0.00785449
0.245607 0.0177698 0.00738642
0.251722 0.0181677 0.007116
0.251232 0.017044 0.00764758
0.233637 0.0187951 0.00693233
0.24955 0.0149752 0.0104559
0.24456 0.0156873 0.0087943
0.250786 0.017527 0.00767714
0.245434 0.0182633 0.00714928
0.257587 0.0177 0.00720402
0.252893 0.0168462 0.00769291
0.251398 0.0177031 0.00733813
0.244064 0.0151549 0.00927447
0.257052 0.0199188 0.00712793
0.252081 0.0185305 0.00698923
0.245112 0.0155956 0.00885674
0.244709 0.0150573 0.0093392
0.244761 0.0188597 0.00716732
0.25215 0.0186375 0.00726087
0.246841 0.0179944 0.00714325
0.251722 0.0167579 0.00779646
0.23902 0.0201103 0.00711682
0.245706 0.0183907 0.00715386
0.243961 0.0157185 0.00878584
0.243346 0.014518 0.0113017
0.245436 0.0184841 0.0073524
0.250494 0.0176566 0.00730139
0.23906 0.0166625 0.00771094
0.249745 0.0153567 0.00966459
0.245138 0.0165612 0.0080593
0.233261 0.01749 0.00742033
0.245095 0.0171063 0.0076095
0.243658 0.0151468 0.00999425
0.232917 0.0189655 0.00716761
0.253108 0.0178083 0.00722433
0.251099 0.0177062 0.00731068
0.246131 0.0189143 0.00717106
0.244836 0.0175303 0.00756898
0.244403 0.0154969 0.00896524
0.250203 0.0165436 0.00816714
0.252021 0.0167128 0.00780218
0.246607 0.0167511 0.00789782
0.245377 0.0205367 0.00720353
0.239253 0.0154728 0.00883918
0.242698 0.015796 0.0139845
0.231572 0.014939 0.0103154
0.251867 0.0179318 0.00723088
0.252905 0.018756 0.00697768
0.25239 0.0189905 0.00707862
0.239727 0.0159555 0.00840045
0.245605 0.0201507 0.007195
0.246294 0.0177461 0.00713458
0.245456 0.0176814 0.00713516
0.241025 0.0187369 0.00716317
0.240949 0.0184475 0.00714121
0.23876 0.0188296 0.00707078
0.250365 0.0170957 0.00788178
0.252616 0.016549 0.00784871
0.245024 0.0159062 0.00859737
0.239519 0.0176016 0.00715765
0.245308 0.0177929 0.00737403
0.250755 0.0175305 0.00737879
0.240469 0.0160891 0.00841941
0.24103 0.0173771 0.00733702
0.240765 0.018956 0.00717117
0.244238 0.0153835 0.00918885
0.252152 0.01919 0.00724207
0.238329 0.015678 0.00890603
0.243124 0.0150202 0.0122963
0.246089 0.0165331 0.00807859
0.232649 0.0183216 0.00711706
0.245891 0.0190948 0.00717694
0.246599 0.0181736 0.00714857
0.246429 0.0188815 0.0071658
0.250559 0.0179241 0.00717196
0.251272 0.0162487 0.00804559
0.232411 0.0162262 0.00793726
0.245296 0.0187511 0.00716471
0.239306 0.0162463 0.00805112
0.251188 0.0182698 0.00712935
0.243778 0.0150914 0.00933894
0.244871 0.0169525 0.00773673
0.243586 0.0147936 0.0101608
0.240094 0.0195385 0.0071631
0.243999 0.014975 0.00950547
0.24475 0.0155076 0.00894553
0.244354 0.0167705 0.00788782
0.251678 0.0157536 0.00835606
0.246514 0.0173539 0.00740193
0.245812 0.0199329 0.00718894
0.244519 0.0165771 0.0080466
0.238593 0.015136 0.00927366
0.232142 0.016228 0.00810354
0.249615 0.0150944 0.0101883
0.245211 0.0184635 0.00715527
0.240736 0.0186587 0.00714107
0.239649 0.0157344 0.0085898
0.23197 0.0155996 0.00908878
0.243931 0.0153132 0.00949156
0.242896 0.0153407 0.0132378
0.24583 0.0169455 0.00773989
0.244368 0.015918 0.0085989
0.238921 0.015935 0.00826494
0.245414 0.0161571 0.00838986
0.240254 0.0190155 0.00712954
0.238789 0.0163107 0.00789255
0.238503 0.0162355 0.00796769
0.244718 0.0152831 0.00914188
0.245314 0.0169477 0.00773942
0.232545 0.0167542 0.00768098
0.252324 0.0187029 0.00702529
0.238515 0.017717 0.00722326
0.244652 0.0167947 0.00786708
0.246565 0.0178755 0.00713888
0.239378 0.0178601 0.00710065
0.239511 0.0160883 0.00823943
0.23761 0.014834 0.0100667
0.239921 0.0169186 0.00755313
0.245457 0.015598 0.00884991
0.245662 0.0204452 0.00719777
0.243402 0.0145678 0.0110112
0.245368 0.0192382 0.00718056
0.246484 0.0184507 0.00715729
0.24451 0.0176828 0.00713655
0.246228 0.0191981 0.00717301
0.244731 0.0179829 0.00739445
0.245862 0.0180006 0.00735751
0.246264 0.0174816 0.0072975
0.243285 0.0145425 0.0115944
0.244999 0.0177358 0.00741846
0.238741 0.015576 0.00870815
0.238927 0.0154305 0.00889263
0.239785 0.0171495 0.00741812
0.245989 0.0162766 0.00828999
0.239676 0.01933 0.00710527
0.244849 0.0172383 0.00750147
0.238057 0.0150445 0.00939005
0.238075 0.0159325 0.00823636
0.246209 0.0183312 0.00715291
0.245086 0.0178771 0.00716878
0.238273 0.0158704 0.00868262
0.240212 0.0170921 0.00760124
0.245583 0.0170769 0.00763241
0.245102 0.0173621 0.00739895
0.24523 0.0163399 0.0082399
0.240873 0.0181573 0.00714557
0.243604 0.0150688 0.0102789
0.244261 0.0157081 0.00878547
0.231762 0.0152763 0.00987027
0.244667 0.0158967 0.00860802
0.238822 0.0191229 0.00705713
0.232741 0.0175792 0.00737973
0.23938 0.0189697 0.0070448
0.238847 0.0168354 0.00758895
0.246324 0.0180539 0.00714418
0.240309 0.0182071 0.00706005
0.249814 0.0155002 0.00941014
0.25119 0.017335 0.00770722
0.253181 0.0186389 0.00698408
0.239245 0.0197676 0.00710617
0.243938 0.0148979 0.00978882
0.24612 0.0170337 0.00766651
0.250394 0.0158698 0.00878855
0.244698 0.0185654 0.00715757
0.23832 0.0169097 0.00754345
0.245534 0.0198184 0.007192
0.238519 0.0154495 0.00886606
0.24528 0.0157852 0.00869626
0.240368 0.0156546 0.00880156
0.238475 0.0164788 0.00779451
0.245583 0.0186641 0.00716245
0.239785 0.0155515 0.00878487
0.245939 0.0182017 0.00714821
0.23862 0.0158694 0.00833977
0.240588 0.0165519 0.00801472
0.245526 0.0163731 0.0082118
0.240329 0.0166353 0.00788803
0.239031 0.0173149 0.00731392
0.246899 0.016804 0.00785343
0.246529 0.0165082 0.00809794
0.244988 0.0186636 0.00716134
0.238798 0.0176629 0.00714142
0.237758 0.0150356 0.00941526
0.238691 0.0160521 0.00811257
0.233364 0.018918 0.0069089
0.244801 0.0177821 0.0071325
0.239204 0.0160295 0.00823184
0.243062 0.0149047 0.0125659
0.240496 0.0177944 0.00710975
0.232713 0.0182046 0.00743205
0.239121 0.0191201 0.00703477
0.246252 0.0186397 0.00716294
0.245663 0.0180699 0.00714343
0.247104 0.0176781 0.00713355
0.240788 0.0178702 0.00712618
0.231966 0.0157358 0.00882155
0.246516 0.0162141 0.00833996
0.250702 0.0185512 0.00700549
0.246133 0.0178879 0.00742628
0.24347 0.0149219 0.010845
0.23314 0.0193041 0.00698359
0.240093 0.0172403 0.00736917
0.233661 0.0185127 0.00703102
0.239435 0.0158666 0.00842657
0.239571 0.0173289 0.0075274
0.246215 0.0161234 0.00841548
0.238746 0.0173964 0.00727004
0.240526 0.0170743 0.00752009
0.238639 0.0182688 0.007085
0.245977 0.017393 0.00737119
0.246805 0.0176944 0.0071335
0.239098 0.0177591 0.00715282
0.245905 0.0202689 0.00719164
0.246536 0.0175856 0.0072111
0.244338 0.0170018 0.00769747
0.238851 0.0157561 0.0084954
0.244219 0.0165637 0.00805841
0.240914 0.0176029 0.00717745
0.232259 0.0166775 0.00772927
0.239115 0.0170659 0.00745879
0.244817 0.0166013 0.00802586
0.239483 0.0170331 0.00749024
0.238135 0.0161311 0.00798824
0.238546 0.0167384 0.0076416
0.243912 0.0157155 0.0090818
0.2399 0.0164568 0.00797058
0.238829 0.0163926 0.00818359
0.238185 0.0154147 0.0089097
0.23261 0.017026 0.00757189
0.244003 0.0155364 0.00930456
0.238507 0.0156908 0.0085524
0.239912 0.0169572 0.0078505
0.246759 0.0172195 0.00751186
0.23793 0.014913 0.00962825
0.232944 0.0197439 0.00708639
0.238194 0.0163859 0.0078413
0.240524 0.0191393 0.00716592
0.240921 0.0171618 0.00751498
0.232885 0.0194568 0.00702275
0.244864 0.0180768 0.00714271
0.245318 0.0181264 0.00738976
0.239002 0.018527 0.00698768
0.238375 0.0160169 0.00812813
0.232029 0.015877 0.00856442
0.245851 0.0187976 0.00716727
0.239139 0.0158188 0.00843578
0.238407 0.0152794 0.00908649
0.233027 0.0176658 0.00735436
0.232323 0.0169392 0.00759733
0.246754 0.0163551 0.00822333
0.238947 0.0197572 0.00707752
0.244153 0.0163388 0.00824552
0.240585 0.0167719 0.00781083
0.245571 0.0169401 0.00789912
0.246784 0.0174553 0.00731774
0.243763 0.0152299 0.009726
0.238976 0.0161568 0.00807045
0.24354 0.0147172 0.0104472
0.24459 0.0174024 0.0073671
0.240427 0.0175618 0.00744578
0.245107 0.0161306 0.00841638
0.23208 0.0160105 0.00830073
0.232962 0.0173892 0.00745047
0.238706 0.0153065 0.00905263
0.233327 0.0177674 0.0073211
0.232711 0.0185988 0.00702071
0.238972 0.0165569 0.00797754
0.239711 0.0174008 0.00727203
0.239557 0.0184458 0.00701798
0.232519 0.017773 0.00732175
0.239264 0.0183822 0.00700344
0.239241 0.0175015 0.00720841
0.238875 0.0179496 0.00708894
0.239485 0.0199437 0.00714434
0.239384 0.0192684 0.00707268
0.240677 0.0193969 0.00718826
0.239965 0.0192544 0.00712498
0.239194 0.0180931 0.00705813
0.240605 0.0175325 0.00720614
0.238612 0.0169957 0.00749361
0.239809 0.0182842 0.00702889
0.239942 0.016148 0.00826401
0.232681 0.0184941 0.00736044
0.239869 0.0166729 0.0077649
0.237888 0.0153884 0.00894248
0.238773 0.0165696 0.00774179
0.232454 0.0174924 0.00740515
0.239908 0.0177516 0.00711989
0.240281 0.0175645 0.00718392
0.240385 0.0194655 0.00718312
0.237953 0.0155679 0.00870954
0.238654 0.0165709 0.00801716
0.237986 0.0158604 0.00876746
0.238324 0.0158622 0.00838706
0.233461 0.0197354 0.00707495
0.239266 0.016855 0.00760918
0.237823 0.0152087 0.00917901
0.240187 0.0164282 0.0080521
0.241162 0.0182364 0.00714139
0.239503 0.019614 0.00711555
0.232387 0.0160847 0.00820095
0.240788 0.0169521 0.00768325
0.232389 0.0172158 0.00750126
0.246025 0.0176216 0.00718286
0.239487 0.0181552 0.00704457
0.239714 0.0162672 0.00811014
0.238066 0.0160703 0.0085027
0.240384 0.0185166 0.00709554
0.23241 0.0164941 0.00809541
0.24577 0.0195839 0.00718525
0.23917 0.0194791 0.00707261
0.232675 0.0173027 0.00747579
0.232806 0.0178558 0.00728361
0.239995 0.0174852 0.0072265
0.233156 0.0182217 0.00716121
0.239334 0.0156505 0.00860859
0.239885 0.0186299 0.00705998
0.233215 0.0185125 0.00706001
0.231824 0.0154718 0.0093173
0.239433 0.0166543 0.00775688
0.238195 0.0162103 0.00827129
0.23248 0.0164883 0.00780371
0.239063 0.0180092 0.00731487
0.23974 0.0179958 0.00707282
0.232901 0.0186658 0.0072512
0.247044 0.0173392 0.00741255
0.239682 0.0185546 0.00726787
0.238933 0.0182385 0.00703254
0.239315 0.0186788 0.00701193
0.240071 0.0156366 0.00876125
0.239052 0.0188225 0.0070012
0.233007 0.0200302 0.00714983
0.226554 0.0178902 0.00716904
0.232871 0.0181325 0.00718751
0.24058 0.0180799 0.00707332
0.243462 0.0146459 0.0107278
0.245092 0.0204384 0.0072069
0.23213 0.0163165 0.00838993
0.239937 0.0158204 0.00856571
0.24039 0.0172802 0.00734952
0.233019 0.0187255 0.00698164
0.239221 0.0164495 0.00784719
0.232826 0.0191682 0.00696603
0.232896 0.0171126 0.00754655
0.239606 0.016462 0.00790937
0.240177 0.01681 0.00769739
0.232934 0.0184107 0.0070908
0.2332 0.0195913 0.00704726
0.233092 0.0179424 0.00725825
0.233081 0.0190168 0.00692007
0.238122 0.0152237 0.00915829
0.232831 0.016836 0.00764263
0.232198 0.0164329 0.00789187
0.240033 0.0180861 0.00705396
0.233394 0.0180472 0.00721656
0.239647 0.0168352 0.00764436
0.239019 0.0152566 0.00911899
0.233678 0.0181447 0.00716076
0.231637 0.0150791 0.0100583
0.240143 0.0160043 0.00843515
0.239541 0.0154235 0.00890455
0.238258 0.0166683 0.0077104
0.241079 0.0179419 0.00710654
0.239607 0.0187404 0.00704482
0.233443 0.018325 0.00711415
0.238879 0.0194169 0.00703983
0.239339 0.0172565 0.0073514
0.231758 0.0153346 0.00957603

VERTICES 885 1770
1 0
1 1
1 2
1 3
1 4
1 5
1 6
1 7
1 8
1 9
1 10
1 11
1 12
1 13
1 14
1 15
1 16
1 17
1 18
1 19
1 20
1 21
1 22
1 23
1 24
1 25
1 26
1 27
1 28
1 29
1 30
1 31
1 32
1 33
1 34
1 35
1 36
1 37
1 38
1 39
1 40
1 41
1 42
1 43
1 44
1 45
1 46
1 47
1 48
1 49
1 50
1 51
1 52
1 53
1 54
1 55
1 56
1 57
1 58
1 59
1 60
1 61
1 62
1 63
1 64
1 65
1 66
1 67
1 68
1 69
1 70
1 71
1 72
1 73
1 74
1 75
1 76
1 77
1 78
1 79
1 80
1 81
1 82
1 83
1 84
1 85
1 86
1 87
1 88
1 89
1 90
1 91
1 92
1 93
1 94
1 95
1 96
1 97
1 98
1 99
1 100
1 101
1 102
1 103
1 104
1 105
1 106
1 107
1 108
1 109
1 110
1 111
1 112
1 113
1 114
1 115
1 116
1 117
1 118
1 119
1 120
1 121
1 122
1 123
1 124
1 125
1 126
1 127
1 128
1 129
1 130
1 131
1 132
1 133
1 134
1 135
1 136
1 137
1 138
1 139
1 140
1 141
1 142
1 143
1 144
1 145
1 146
1 147
1 148
1 149
1 150
1 151
1 152
1 153
1 154
1 155
1 156
1 157
1 158
1 159
1 160
1 161
1 162
1 163
1 164
1 165
1 166
1 167
1 168
1 169
1 170
1 171
1 172
1 173
1 174
1 175
1 176
1 177
1 178
1 179
1 180
1 181
1 182
1 183
1 184
1 185
1 186
1 187
1 188
1 189
1 190
1 191
1 192
1 193
1 194
1 195
1 196
1 197
1 198
1 199
1 200
1 201
1 202
1 203
1 204
1 205
1 206
1 207
1 208
1 209
1 210
1 211
1 212
1 213
1 214
1 215
1 216
1 217
1 218
1 219
1 220
1 221
1 222
1 223
1 224
1 225
1 226
1 227
1 228
1 229
1 230
1 231
1 232
1 233
1 234
1 235
1 236
1 237
1 238
1 239
1 240
1 241
1 242
1 243
1 244
1 245
1 246
1 247
1 248
1 249
1 250
1 251
1 252
1 253
1 254
1 255
1 256
1 257
1 258
1 259
1 260
1 261
1 262
1 263
1 264
1 265
1 266
1 267
1 268
1 269
1 270
1 271
1 272
1 273
1 274
1 275
1 276
1 277
1 278
1 279
1 280
1 281
1 282
1 283
1 284
1 285
1 286
1 287
1 288
1 289
1 290
1 291
1 292
1 293
1 294
1 295
1 296
1 297
1 298
1 299
1 300
1 301
1 302
1 303
1 304
1 305
1 306
1 307
1 308
1 309
1 310
1 311
1 312
1 313
1 314
1 315
1 316
1 317
1 318
1 319
1 320
1 321
1 322
1 323
1 324
1 325
1 326
1 327
1 328
1 329
1 330
1 331
1 332
1 333
1 334
1 335
1 336
1 337
1 338
1 339
1 340
1 341
1 342
1 343
1 344
1 345
1 346
1 347
1 348
1 349
1 350
1 351
1 352
1 353
1 354
1 355
1 356
1 357
1 358
1 359
1 360
1 361
1 362
1 363
1 364
1 365
1 366
1 367
1 368
1 369
1 370
1 371
1 372
1 373
1 374
1 375
1 376
1 377
1 378
1 379
1 380
1 381
1 382
1 383
1 384
1 385
1 386
1 387
1 388
1 389
1 390
1 391
1 392
1 393
1 394
1 395
1 396
1 397
1 398
1 399
1 400
1 401
1 402
1 403
1 404
1 405
1 406
1 407
1 408
1 409
1 410
1 411
1 412
1 413
1 414
1 415
1 416
1 417
1 418
1 419
1 420
1 421
1 422
1 423
1 424
1 425
1 426
1 427
1 428
1 429
1 430
1 431
1 432
1 433
1 434
1 435
1 436
1 437
1 438
1 439
1 440
1 441
1 442
1 443
1 444
1 445
1 446
1 447
1 448
1 449
1 450
1 451
1 452
1 453
1 454
1 455
1 456
1 457
1 458
1 459
1 460
1 461
1 462
1 463
1 464
1 465
1 466
1 467
1 468
1 469
1 470
1 471
1 472
1 473
1 474
1 475
1 476
1 477
1 478
1 479
1 480
1 481
1 482
1 483
1 484
1 485
1 486
1 487
1 488
1 489
1 490
1 491
1 492
1 493
1 494
1 495
1 496
1 497
1 498
1 499
1 500
1 501
1 502
1 503
1 504
1 505
1 506
1 507
1 508
1 509
1 510
1 511
1 512
1 513
1 514
1 515
1 516
1 517
1 518
1 519
1 520
1 521
1 522
1 523
1 524
1 525
1 526
1 527
1 528
1 529
1 530
1 531
1 532
1 533
1 534
1 535
1 536
1 537
1 538
1 539
1 540
1 541
1 542
1 543
1 544
1 545
1 546
1 547
1 548
1 549
1 550
1 551
1 552
1 553
1 554
1 555
1 556
1 557
1 558
1 559
1 560
1 561
1 562
1 563
1 564
1 565
1 566
1 567
1 568
1 569
1 570
1 571
1 572
1 573
1 574
1 575
1 576
1 577
1 578
1 579
1 580
1 581
1 582
1 583
1 584
1 585
1 586
1 587
1 588
1 589
1 590
1 591
1 592
1 593
1 594
1 595
1 596
1 597
1 598
1 599
1 600
1 601
1 602
1 603
1 604
1 605
1 606
1 607
1 608
1 609
1 610
1 611
1 612
1 613
1 614
1 615
1 616
1 617
1 618
1 619
1 620
1 621
1 622
1 623
1 624
1 625
1 626
1 627
1 628
1 629
1 630
1 631
1 632
1 633
1 634
1 635
1 636
1 637
1 638
1 639
1 640
1 641
1 642
1 643
1 644
1 645
1 646
1 647
1 648
1 649
1 650
1 651
1 652
1 653
1 654
1 655
1 656
1 657
1 658
1 659
1 660
1 661
1 662
1 663
1 664
1 665
1 666
1 667
1 668
1 669
1 670
1 671
1 672
1 673
1 674
1 675
1 676
1 677
1 678
1 679
1 680
1 681
1 682
1 683
1 684
1 685
1 686
1 687
1 688
1 689
1 690
1 691
1 692
1 693
1 694
1 695
1 696
1 697
1 698
1 699
1 700
1 701
1 702
1 703
1 704
1 705
1 706
1 707
1 708
1 709
1 710
1 711
1 712
1 713
1 714
1 715
1 716
1 717
1 718
1 719
1 720
1 721
1 722
1 723
1 724
1 725
1 726
1 727
1 728
1 729
1 730
1 731
1 732
1 733
1 734
1 735
1 736
1 737
1 738
1 739
1 740
1 741
1 742
1 743
1 744
1 745
1 746
1 747
1 748
1 749
1 750
1 751
1 752
1 753
1 754
1 755
1 756
1 757
1 758
1 759
1 760
1 761
1 762
1 763
1 764
1 765
1 766
1 767
1 768
1 769
1 770
1 771
1 772
1 773
1 774
1 775
1 776
1 777
1 778
1 779
1 780
1 781
1 782
1 783
1 784
1 785
1 786
1 787
1 788
1 789
1 790
1 791
1 792
1 793
1 794
1 795
1 796
1 797
1 798
1 799
1 800
1 801
1 802
1 803
1 804
1 805
1 806
1 807
1 808
1 809
1 810
1 811
1 812
1 813
1 814
1 815
1 816
1 817
1 818
1 819
1 820
1 821
1 822
1 823
1 824
1 825
1 826
1 827
1 828
1 829
1 830
1 831
1 832
1 833
1 834
1 835
1 836
1 837
1 838
1 839
1 840
1 841
1 842
1 843
1 844
1 845
1 846
1 847
1 848
1 849
1 850
1 851
1 852
1 853
1 854
1 855
1 856
1 857
1 858
1 859
1 860
1 861
1 862
1 863
1 864
1 865
1 866
1 867
1 868
1 869
1 870
1 871
1 872
1 873
1 874
1 875
1 876
1 877
1 878
1 879
1 880
1 881
1 882
1 883
1 884

POINT_DATA 885
SCALARS id int 1
LOOKUP_TABLE default
1
2
3
4
5
6
7
8
9
10
11
12
13
14
15
16
17
18
19
20
21
22
23
24
25
26
27
28
29
30
31
32
33
34
35
36
37
39
40
41
42
43
44
45
46
47
48
49
50
51
52
53
54
56
57
58
59
60
61
62
63
64
65
67
68
69
70
71
72
73
74
75
76
77
78
79
80
81
82
83
84
85
86
87
88
89
90
91
92
93
94
95
96
97
98
99
100
101
102
103
104
105
106
107
108
109
110
111
112
113
114
115
116
117
118
119
120
121
122
123
124
125
126
127
129
130
131
132
133
134
135
136
137
138
139
140
141
142
143
144
145
146
147
148
149
150
151
153
154
155
156
157
158
159
160
161
162
163
164
165
166
167
168
169
170
171
172
173
174
175
176
177
178
179
180
181
182
183
184
185
186
187
188
189
190
191
192
193
194
195
196
197
198
199
200
201
202
203
204
205
206
207
208
209
210
211
212
213
214
215
217
218
219
220
221
222
223
224
225
226
227
228
229
230
231
232
233
234
235
236
237
238
239
240
241
242
243
244
245
246
247
248
249
250
251
252
253
254
255
256
257
258
259
260
261
262
263
264
265
266
267
268
269
270
271
273
274
275
276
277
278
279
280
281
282
283
284
285
286
287
288
289
290
291
292
293
294
295
296
297
298
299
300
301
302
303
304
305
306
307
308
309
310
311
312
313
314
315
316
317
318
319
320
321
322
323
324
325
326
327
328
329
330
331
332
333
334
335
336
337
338
339
340
341
342
343
344
345
346
347
348
349
350
351
352
353
354
355
356
357
358
359
360
361
362
363
364
365
366
367
368
369
370
371
372
373
374
375
376
377
378
379
380
381
382
383
384
385
386
387
388
389
390
391
392
393
394
395
396
397
398
399
400
401
402
403
404
405
406
407
408
409
410
411
412
413
414
415
416
417
418
419
420
421
422
423
424
425
426
427
428
429
430
431
432
433
434
435
436
437
438
439
440
441
442
443
444
445
446
447
448
449
450
451
452
453
454
455
456
457
458
459
460
461
462
463
464
465
466
467
468
469
470
471
472
473
474
475
476
477
478
479
480
481
482
483
484
485
486
487
488
489
490
491
492
493
494
495
496
497
498
499
500
501
502
503
504
505
506
507
508
509
510
511
512
513
514
515
516
517
518
519
520
521
522
523
524
525
526
527
528
529
530
531
532
533
534
535
536
537
538
539
540
541
542
543
544
545
546
547
548
549
550
551
552
553
554
555
556
557
558
559
560
561
562
563
564
565
566
567
568
569
570
571
572
573
574
575
576
577
579
580
581
582
583
584
585
586
587
588
589
590
591
592
593
594
595
596
597
598
599
600
601
602
603
605
606
607
608
609
610
611
612
613
614
615
616
617
618
619
620
621
622
623
624
625
626
627
628
629
630
631
632
633
634
635
636
637
638
640
641
642
643
644
645
646
647
648
649
650
651
652
653
654
655
656
659
660
661
662
663
664
665
666
667
668
669
670
671
672
673
674
675
676
677
678
679
680
681
682
683
684
685
686
687
688
690
691
692
693
694
695
696
697
698
699
700
701
702
703
704
705
706
707
708
709
710
711
712
713
714
715
716
717
718
719
720
721
722
723
724
725
726
727
728
729
730
731
732
733
734
735
736
737
738
739
740
741
742
743
744
745
746
747
748
749
750
751
752
753
754
755
756
757
758
759
760
761
762
764
765
766
767
768
769
770
771
772
773
774
775
776
777
778
779
780
781
782
783
784
785
786
787
788
789
791
792
793
794
795
796
797
798
799
800
801
802
803
804
805
806
807
808
809
810
811
812
813
814
815
816
817
818
819
820
821
822
823
824
825
826
827
828
829
830
831
832
833
834
835
836
837
838
839
840
841
842
843
844
845
846
847
848
849
850
851
852
853
854
855
856
857
858
859
860
861
862
863
864
865
866
867
868
869
870
871
872
873
874
875
876
877
878
879
880
881
882
883
884
885
886
887
888
889
890
891
892
893
894
895
896
897
898
899
900

SCALARS type int 1
LOOKUP_TABLE default
1
1
1
1
1
1
1
1
1
1
1
1
1
1
1
1
1
1
1
1
1
1
1
1
1
1
1
1
1
1
1
1
1
1
1
1
1
1
1
1
1
1
1
1
1
1
1
1
1
1
1
1
1
1
1
1
1
1
1
1
1
1
1
1
1
1
1
1
1
1
1
1
1
1
1
1
1
1
1
1
1
1
1
1
1
1
1
1
1
1
1
1
1
1
1
1
1
1
1
1
1
1
1
1
1
1
1
1
1
1
1
1
1
1
1
1
1
1
1
1
1
1
1
1
1
1
1
1
1
1
1
1
1
1
1
1
1
1
1
1
1
1
1
1
1
1
1
1
1
1
1
1
1
1
1
1
1
1
1
1
1
1
1
1
1
1
1
1
1
1
1
1
1
1
1
1
1
1
1
1
1
1
1
1
1
1
1
1
1
1
1
1
1
1
1
1
1
1
1
1
1
1
1
1
1
1
1
1
1
1
1
1
1
1
1
1
1
1
1
1
1
1
1
1
1
1
1
1
1
1
1
1
1
1
1
1
1
1
1
1
1
1
1
1
1
1
1
1
1
1
1
1
1
1
1
1
1
1
1
1
1
1
1
1
1
1
1
1
1
1
1
1
1
1
1
1
1
1
1
1
1
1
1
1
1
1
1
1
1
1
1
1
1
1
1
1
1
1
1
1
1
1
1
1
1
1
1
1
1
1
1
1
1
1
1
1
1
1
1
1
1
1
1
1
1
1
1
1
1
1
1
1
1
1
1
1
1
1
1
1
1
1
1
1
1
1
1
1
1
1
1
1
1
1
1
1
1
1
1
1
1
1
1
1
1
1
1
1
1
1
1
1
1
1
1
1
1
1
1
1
1
1
1
1
1
1
1
1
1
1
1
1
1
1
1
1
1
1
1
1
1
1
1
1
1
1
1
1
1
1
1
1
1
1
1
1
1
1
1
1
1
1
1
1
1
1
1
1
1
1
1
1
1
1
1
1
1
1
1
1
1
1
1
1
1
1
1
1
1
1
1
1
1
1
1
1
1
1
1
1
1
1
1
1
1
1
1
1
1
1
1
1
1
1
1
1
1
1
1
1
1
1
1
1
1
1
1
1
1
1
1
1
1
1
1
1
1
1
1
1
1
1
1
1
1
1
1
1
1
1
1
1
1
1
1
1
1
1
1
1
1
1
1
1
1
1
1
1
1
1
1
1
1
1
1
1
1
1
1
1
1
1
1
1
1
1
1
1
1
1
1
1
1
1
1
1
1
1
1
1
1
1
1
1
1
1
1
1
1
1
1
1
1
1
1
1
1
1
1
1
1
1
1
1
1
1
1
1
1
1
1
1
1
1
1
1
1
1
1
1
1
1
1
1
1
1
1
1
1
1
1
1
1
1
1
1
1
1
1
1
1
1
1
1
1
1
1
1
1
1
1
1
1
1
1
1
1
1
1
1
1
1
1
1
1
1
1
1
1
1
1
1
1
1
1
1
1
1
1
1
1
1
1
1
1
1
1
1
1
1
1
1
1
1
1
1
1
1
1
1
1
1
1
1
1
1
1
1
1
1
1
1
1
1
1
1
1
1
1
1
1
1
1
1
1
1
1
1
1
1
1
1
1
1
1
1
1
1
1
1
1
1
1
1
1
1
1
1
1
1
1
1
1
1
1
1
1
1
1
1
1
1
1
1
1
1
1
1
1
1
1
1
1
1
1
1
1
1
1
1
1
1
1
1
1
1
1
1
1
1
1
1
1
1
1
1
1
1
1
1
1
1
1
1
1
1
1
1
1
1
1
1
1
1
1
1
1
1
1
1
1
1
1
1
1
1
1
1
1
1
1
1
1
1
1
1
1
1
1
1
1
1
1
1
1
1
1
1
1
1
1
1
1
1
1
1
1
1
1
1
1
1
1
1
1
1
1
1
1
1
1
1
1
1
1
1
1
1
1
1
1
1
1
1
1
1
1
1
1
1
1
1
1
1
1
1
1
1
1
1
1
1
1
1
1

SCALARS radius float 1
LOOKUP_TABLE default
0.00015
0.00015
0.00015
0.00015
0.00015
0.00015
0.00015
0.00015
0.00015
0.00015
0.00015
0.00015
0.00015
0.00015
0.00015
0.00015
0.00015
0.00015
0.00015
0.00015
0.00015
0.00015
0.00015
0.00015
0.00015
0.00015
0.00015
0.00015
0.00015
0.00015
0.00015
0.00015
0.00015
0.00015
0.00015
0.00015
0.00015
0.00015
0.00015
0.00015
0.00015
0.00015
0.00015
0.00015
0.00015
0.00015
0.00015
0.00015
0.00015
0.00015
0.00015
0.00015
0.00015
0.00015
0.00015
0.00015
0.00015
0.00015
0.00015
0.00015
0.00015
0.00015
0.00015
0.00015
0.00015
0.00015
0.00015
0.00015
0.00015
0.00015
0.00015
0.00015
0.00015
0.00015
0.00015
0.00015
0.00015
0.00015
0.00015
0.00015
0.00015
0.00015
0.00015
0.00015
0.00015
0.00015
0.00015
0.00015
0.00015
0.00015
0.00015
0.00015
0.00015
0.00015
0.00015
0.00015
0.00015
0.00015
0.00015
0.00015
0.00015
0.00015
0.00015
0.00015
0.00015
0.00015
0.00015
0.00015
0.00015
0.00015
0.00015
0.00015
0.00015
0.00015
0.00015
0.00015
0.00015
0.00015
0.00015
0.00015
0.00015
0.00015
0.00015
0.00015
0.00015
0.00015
0.00015
0.00015
0.00015
0.00015
0.00015
0.00015
0.00015
0.00015
0.00015
0.00015
0.00015
0.00015
0.00015
0.00015
0.00015
0.00015
0.00015
0.00015
0.00015
0.00015
0.00015
0.00015
0.00015
0.00015
0.00015
0.00015
0.00015
0.00015
0.00015
0.00015
0.00015
0.00015
0.00015
0.00015
0.00015
0.00015
0.00015
0.00015
0.00015
0.00015
0.00015
0.00015
0.00015
0.00015
0.00015
0.00015
0.00015
0.00015
0.00015
0.00015
0.00015
0.00015
0.00015
0.00015
0.00015
0.00015
0.00015
0.00015
0.00015
0.00015
0.00015
0.00015
0.00015
0.00015
0.00015
0.00015
0.00015
0.00015
0.00015
0.00015
0.00015
0.00015
0.00015
0.00015
0.00015
0.00015
0.00015
0.00015
0.00015
0.00015
0.00015
0.00015
0.00015
0.00015
0.00015
0.00015
0.00015
0.00015
0.00015
0.00015
0.00015
0.00015
0.00015
0.00015
0.00015
0.00015
0.00015
0.00015
0.00015
0.00015
0.00015
0.00015
0.00015
0.00015
0.00015
0.00015
0.00015
0.00015
0.00015
0.00015
0.00015
0.00015
0.00015
0.00015
0.00015
0.00015
0.00015
0.00015
0.00015
0.00015
0.00015
0.00015
0.00015
0.00015
0.00015
0.00015
0.00015
0.00015
0.00015
0.00015
0.00015
0.00015
0.00015
0.00015
0.00015
0.00015
0.00015
0.00015
0.00015
0.00015
0.00015
0.00015
0.00015
0.00015
0.00015
0.00015
0.00015
0.00015
0.00015
0.00015
0.00015
0.00015
0.00015
0.00015
0.00015
0.00015
0.00015
0.00015
0.00015
0.00015
0.00015
0.00015
0.00015
0.00015
0.00015
0.00015
0.00015
0.00015
0.00015
0.00015
0.00015
0.00015
0.00015
0.00015
0.00015
0.00015
0.00015
0.00015
0.00015
0.00015
0.00015
0.00015
0.00015
0.00015
0.00015
0.00015
0.00015
0.00015
0.00015
0.00015
0.00015
0.00015
0.00015
0.00015
0.00015
0.00015
0.00015
0.00015
0.00015
0.00015
0.00015
0.00015
0.00015
0.00015
0.00015
0.00015
0.00015
0.00015
0.00015
0.00015
0.00015
0.00015
0.00015
0.00015
0.00015
0.00015
0.00015
0.00015
0.00015
0.00015
0.00015
0.00015
0.00015
0.00015
0.00015
0.00015
0.00015
0.00015
0.00015
0.00015
0.00015
0.00015
0.00015
0.00015
0.00015
0.00015
0.00015
0.00015
0.00015
0.00015
0.00015
0.00015
0.00015
0.00015
0.00015
0.00015
0.00015
0.00015
0.00015
0.00015
0.00015
0.00015
0.00015
0.00015
0.00015
0.00015
0.00015
0.00015
0.00015
0.00015
0.00015
0.00015
0.00015
0.00015
0.00015
0.00015
0.00015
0.00015
0.00015
0.00015
0.00015
0.00015
0.00015
0.00015
0.00015
0.00015
0.00015
0.00015
0.00015
0.00015
0.00015
0.00015
0.00015
0.00015
0.00015
0.00015
0.00015
0.00015
0.00015
0.00015
0.00015
0.00015
0.00015
0.00015
0.00015
0.00015
0.00015
0.00015
0.00015
0.00015
0.00015
0.00015
0.00015
0.00015
0.00015
0.00015
0.00015
0.00015
0.00015
0.00015
0.00015
0.00015
0.00015
0.00015
0.00015
0.00015
0.00015
0.00015
0.00015
0.00015
0.00015
0.00015
0.00015
0.00015
0.00015
0.00015
0.00015
0.00015
0.00015
0.00015
0.00015
0.00015
0.00015
0.00015
0.00015
0.00015
0.00015
0.00015
0.00015
0.00015
0.00015
0.00015
0.00015
0.00015
0.00015
0.00015
0.00015
0.00015
0.00015
0.00015
0.00015
0.00015
0.00015
0.00015
0.00015
0.00015
0.00015
0.00015
0.00015
0.00015
0.00015
0.00015
0.00015
0.00015
0.00015
0.00015
0.00015
0.00015
0.00015
0.00015
0.00015
0.00015
0.00015
0.00015
0.00015
0.00015
0.00015
0.00015
0.00015
0.00015
0.00015
0.00015
0.00015
0.00015
0.00015
0.00015
0.00015
0.00015
0.00015
0.00015
0.00015
0.00015
0.00015
0.00015
0.00015
0.00015
0.00015
0.00015
0.00015
0.00015
0.00015
0.00015
0.00015
0.00015
0.00015
0.00015
0.00015
0.00015
0.00015
0.00015
0.00015
0.00015
0.00015
0.00015
0.00015
0.00015
0.00015
0.00015
0.00015
0.00015
0.00015
0.00015
0.00015
0.00015
0.00015
0.00015
0.00015
0.00015
0.00015
0.00015
0.00015
0.00015
0.00015
0.00015
0.00015
0.00015
0.00015
0.00015
0.00015
0.00015
0.00015
0.00015
0.00015
0.00015
0.00015
0.00015
0.00015
0.00015
0.00015
0.00015
0.00015
0.00015
0.00015
0.00015
0.00015
0.00015
0.00015
0.00015
0.00015
0.00015
0.00015
0.00015
0.00015
0.00015
0.00015
0.00015
0.00015
0.00015
0.00015
0.00015
0.00015
0.00015
0.00015
0.00015
0.00015
0.00015
0.00015
0.00015
0.00015
0.00015
0.00015
0.00015
0.00015
0.00015
0.00015
0.00015
0.00015
0.00015
0.00015
0.00015
0.00015
0.00015
0.00015
0.00015
0.00015
0.00015
0.00015
0.00015
0.00015
0.00015
0.00015
0.00015
0.00015
0.00015
0.00015
0.00015
0.00015
0.00015
0.00015
0.00015
0.00015
0.00015
0.00015
0.00015
0.00015
0.00015
0.00015
0.00015
0.00015
0.00015
0.00015
0.00015
0.00015
0.00015
0.00015
0.00015
0.00015
0.00015
0.00015
0.00015
0.00015
0.00015
0.00015
0.00015
0.00015
0.00015
0.00015
0.00015
0.00015
0.00015
0.00015
0.00015
0.00015
0.00015
0.00015
0.00015
0.00015
0.00015
0.00015
0.00015
0.00015
0.00015
0.00015
0.00015
0.00015
0.00015
0.00015
0.00015
0.00015
0.00015
0.00015
0.00015
0.00015
0.00015
0.00015
0.00015
0.00015
0.00015
0.00015
0.00015
0.00015
0.00015
0.00015
0.00015
0.00015
0.00015
0.00015
0.00015
0.00015
0.00015
0.00015
0.00015
0.00015
0.00015
0.00015
0.00015
0.00015
0.00015
0.00015
0.00015
0.00015
0.00015
0.00015
0.00015
0.00015
0.00015
0.00015
0.00015
0.00015
0.00015
0.00015
0.00015
0.00015
0.00015
0.00015
0.00015
0.00015
0.00015
0.00015
0.00015
0.00015
0.00015
0.00015
0.00015
0.00015
0.00015
0.00015
0.00015
0.00015
0.00015
0.00015
0.00015
0.00015
0.00015
0.00015
0.00015
0.00015
0.00015
0.00015
0.00015
0.00015
0.00015
0.00015
0.00015
0.00015
0.00015
0.00015
0.00015
0.00015
0.00015
0.00015
0.00015
0.00015
0.00015
0.00015
0.00015
0.00015
0.00015
0.00015
0.00015
0.00015
0.00015
0.00015
0.00015
0.00015
0.00015
0.00015
0.00015
0.00015
0.00015
0.00015
0.00015
0.00015
0.00015
0.00015
0.00015
0.00015
0.00015
0.00015
0.00015
0.00015
0.00015
0.00015
0.00015
0.00015
0.00015
0.00015
0.00015
0.00015
0.00015
0.00015
0.00015
0.00015
0.00015
0.00015
0.00015
0.00015
0.00015
0.00015
0.00015
0.00015
0.00015
0.00015
0.00015
0.00015
0.00015
0.00015
0.00015
0.00015
0.00015
0.00015
0.00015
0.00015
0.00015
0.00015
0.00015
0.00015
0.00015
0.00015
0.00015
0.00015
0.00015
0.00015
0.00015
0.00015
0.00015
0.00015
0.00015
0.00015
0.00015
0.00015
0.00015
0.00015
0.00015
0.00015
0.00015
0.00015
0.00015
0.00015
0.00015
0.00015
0.00015
0.00015
0.00015
0.00015
0.00015
0.00015
0.00015
0.00015
0.00015
0.00015
0.00015
0.00015
0.00015
0.00015
0.00015
0.00015
0.00015
0.00015
0.00015
0.00015
0.00015
0.00015
0.00015
0.00015
0.00015
0.00015
0.00015
0.00015

SCALARS mass float 1
LOOKUP_TABLE default
3.95841e-09
3.95841e-09
3.95841e-09
3.95841e-09
3.95841e-09
3.95841e-09
3.95841e-09
3.95841e-09
3.95841e-09
3.95841e-09
3.95841e-09
3.95841e-09
3.95841e-09
3.95841e-09
3.95841e-09
3.95841e-09
3.95841e-09
3.95841e-09
3.95841e-09
3.95841e-09
3.95841e-09
3.95841e-09
3.95841e-09
3.95841e-09
3.95841e-09
3.95841e-09
3.95841e-09
3.95841e-09
3.95841e-09
3.95841e-09
3.95841e-09
3.95841e-09
3.95841e-09
3.95841e-09
3.95841e-09
3.95841e-09
3.95841e-09
3.95841e-09
3.95841e-09
3.95841e-09
3.95841e-09
3.95841e-09
3.95841e-09
3.95841e-09
3.95841e-09
3.95841e-09
3.95841e-09
3.95841e-09
3.95841e-09
3.95841e-09
3.95841e-09
3.95841e-09
3.95841e-09
3.95841e-09
3.95841e-09
3.95841e-09
3.95841e-09
3.95841e-09
3.95841e-09
3.95841e-09
3.95841e-09
3.95841e-09
3.95841e-09
3.95841e-09
3.95841e-09
3.95841e-09
3.95841e-09
3.95841e-09
3.95841e-09
3.95841e-09
3.95841e-09
3.95841e-09
3.95841e-09
3.95841e-09
3.95841e-09
3.95841e-09
3.95841e-09
3.95841e-09
3.95841e-09
3.95841e-09
3.95841e-09
3.95841e-09
3.95841e-09
3.95841e-09
3.95841e-09
3.95841e-09
3.95841e-09
3.95841e-09
3.95841e-09
3.95841e-09
3.95841e-09
3.95841e-09
3.95841e-09
3.95841e-09
3.95841e-09
3.95841e-09
3.95841e-09
3.95841e-09
3.95841e-09
3.95841e-09
3.95841e-09
3.95841e-09
3.95841e-09
3.95841e-09
3.95841e-09
3.95841e-09
3.95841e-09
3.95841e-09
3.95841e-09
3.95841e-09
3.95841e-09
3.95841e-09
3.95841e-09
3.95841e-09
3.95841e-09
3.95841e-09
3.95841e-09
3.95841e-09
3.95841e-09
3.95841e-09
3.95841e-09
3.95841e-09
3.95841e-09
3.95841e-09
3.95841e-09
3.95841e-09
3.95841e-09
3.95841e-09
3.95841e-09
3.95841e-09
3.95841e-09
3.95841e-09
3.95841e-09
3.95841e-09
3.95841e-09
3.95841e-09
3.95841e-09
3.95841e-09
3.95841e-09
3.95841e-09
3.95841e-09
3.95841e-09
3.95841e-09
3.95841e-09
3.95841e-09
3.95841e-09
3.95841e-09
3.95841e-09
3.95841e-09
3.95841e-09
3.95841e-09
3.95841e-09
3.95841e-09
3.95841e-09
3.95841e-09
3.95841e-09
3.95841e-09
3.95841e-09
3.95841e-09
3.95841e-09
3.95841e-09
3.95841e-09
3.95841e-09
3.95841e-09
3.95841e-09
3.95841e-09
3.95841e-09
3.95841e-09
3.95841e-09
3.95841e-09
3.95841e-09
3.95841e-09
3.95841e-09
3.95841e-09
3.95841e-09
3.95841e-09
3.95841e-09
3.95841e-09
3.95841e-09
3.95841e-09
3.95841e-09
3.95841e-09
3.95841e-09
3.95841e-09
3.95841e-09
3.95841e-09
3.95841e-09
3.95841e-09
3.95841e-09
3.95841e-09
3.95841e-09
3.95841e-09
3.95841e-09
3.95841e-09
3.95841e-09
3.95841e-09
3.95841e-09
3.95841e-09
3.95841e-09
3.95841e-09
3.95841e-09
3.95841e-09
3.95841e-09
3.95841e-09
3.95841e-09
3.95841e-09
3.95841e-09
3.95841e-09
3.95841e-09
3.95841e-09
3.95841e-09
3.95841e-09
3.95841e-09
3.95841e-09
3.95841e-09
3.95841e-09
3.95841e-09
3.95841e-09
3.95841e-09
3.95841e-09
3.95841e-09
3.95841e-09
3.95841e-09
3.95841e-09
3.95841e-09
3.95841e-09
3.95841e-09
3.95841e-09
3.95841e-09
3.95841e-09
3.95841e-09
3.95841e-09
3.95841e-09
3.95841e-09
3.95841e-09
3.95841e-09
3.95841e-09
3.95841e-09
3.95841e-09
3.95841e-09
3.95841e-09
3.95841e-09
3.95841e-09
3.95841e-09
3.95841e-09
3.95841e-09
3.95841e-09
3.95841e-09
3.95841e-09
3.95841e-09
3.95841e-09
3.95841e-09
3.95841e-09
3.95841e-09
3.95841e-09
3.95841e-09
3.95841e-09
3.95841e-09
3.95841e-09
3.95841e-09
3.95841e-09
3.95841e-09
3.95841e-09
3.95841e-09
3.95841e-09
3.95841e-09
3.95841e-09
3.95841e-09
3.95841e-09
3.95841e-09
3.95841e-09
3.95841e-09
3.95841e-09
3.95841e-09
3.95841e-09
3.95841e-09
3.95841e-09
3.95841e-09
3.95841e-09
3.95841e-09
3.95841e-09
3.95841e-09
3.95841e-09
3.95841e-09
3.95841e-09
3.95841e-09
3.95841e-09
3.95841e-09
3.95841e-09
3.95841e-09
3.95841e-09
3.95841e-09
3.95841e-09
3.95841e-09
3.95841e-09
3.95841e-09
3.95841e-09
3.95841e-09
3.95841e-09
3.95841e-09
3.95841e-09
3.95841e-09
3.95841e-09
3.95841e-09
3.95841e-09
3.95841e-09
3.95841e-09
3.95841e-09
3.95841e-09
3.95841e-09
3.95841e-09
3.95841e-09
3.95841e-09
3.95841e-09
3.95841e-09
3.95841e-09
3.95841e-09
3.95841e-09
3.95841e-09
3.95841e-09
3.95841e-09
3.95841e-09
3.95841e-09
3.95841e-09
3.95841e-09
3.95841e-09
3.95841e-09
3.95841e-09
3.95841e-09
3.95841e-09
3.95841e-09
3.95841e-09
3.95841e-09
3.95841e-09
3.95841e-09
3.95841e-09
3.95841e-09
3.95841e-09
3.95841e-09
3.95841e-09
3.95841e-09
3.95841e-09
3.95841e-09
3.95841e-09
3.95841e-09
3.95841e-09
3.95841e-09
3.95841e-09
3.95841e-09
3.95841e-09
3.95841e-09
3.95841e-09
3.95841e-09
3.95841e-09
3.95841e-09
3.95841e-09
3.95841e-09
3.95841e-09
3.95841e-09
3.95841e-09
3.95841e-09
3.95841e-09
3.95841e-09
3.95841e-09
3.95841e-09
3.95841e-09
3.95841e-09
3.95841e-09
3.95841e-09
3.95841e-09
3.95841e-09
3.95841e-09
3.95841e-09
3.95841e-09
3.95841e-09
3.95841e-09
3.95841e-09
3.95841e-09
3.95841e-09
3.95841e-09
3.95841e-09
3.95841e-09
3.95841e-09
3.95841e-09
3.95841e-09
3.95841e-09
3.95841e-09
3.95841e-09
3.95841e-09
3.95841e-09
3.95841e-09
3.95841e-09
3.95841e-09
3.95841e-09
3.95841e-09
3.95841e-09
3.95841e-09
3.95841e-09
3.95841e-09
3.95841e-09
3.95841e-09
3.95841e-09
3.95841e-09
3.95841e-09
3.95841e-09
3.95841e-09
3.95841e-09
3.95841e-09
3.95841e-09
3.95841e-09
3.95841e-09
3.95841e-09
3.95841e-09
3.95841e-09
3.95841e-09
3.95841e-09
3.95841e-09
3.95841e-09
3.95841e-09
3.95841e-09
3.95841e-09
3.95841e-09
3.95841e-09
3.95841e-09
3.95841e-09
3.95841e-09
3.95841e-09
3.95841e-09
3.95841e-09
3.95841e-09
3.95841e-09
3.95841e-09
3.95841e-09
3.95841e-09
3.95841e-09
3.95841e-09
3.95841e-09
3.95841e-09
3.95841e-09
3.95841e-09
3.95841e-09
3.95841e-09
3.95841e-09
3.95841e-09
3.95841e-09
3.95841e-09
3.95841e-09
3.95841e-09
3.95841e-09
3.95841e-09
3.95841e-09
3.95841e-09
3.95841e-09
3.95841e-09
3.95841e-09
3.95841e-09
3.95841e-09
3.95841e-09
3.95841e-09
3.95841e-09
3.95841e-09
3.95841e-09
3.95841e-09
3.95841e-09
3.95841e-09
3.95841e-09
3.95841e-09
3.95841e-09
3.95841e-09
3.95841e-09
3.95841e-09
3.95841e-09
3.95841e-09
3.95841e-09
3.95841e-09
3.95841e-09
3.95841e-09
3.95841e-09
3.95841e-09
3.95841e-09
3.95841e-09
3.95841e-09
3.95841e-09
3.95841e-09
3.95841e-09
3.95841e-09
3.95841e-09
3.95841e-09
3.95841e-09
3.95841e-09
3.95841e-09
3.95841e-09
3.95841e-09
3.95841e-09
3.95841e-09
3.95841e-09
3.95841e-09
3.95841e-09
3.95841e-09
3.95841e-09
3.95841e-09
3.95841e-09
3.95841e-09
3.95841e-09
3.95841e-09
3.95841e-09
3.95841e-09
3.95841e-09
3.95841e-09
3.95841e-09
3.95841e-09
3.95841e-09
3.95841e-09
3.95841e-09
3.95841e-09
3.95841e-09
3.95841e-09
3.95841e-09
3.95841e-09
3.95841e-09
3.95841e-09
3.95841e-09
3.95841e-09
3.95841e-09
3.95841e-09
3.95841e-09
3.95841e-09
3.95841e-09
3.95841e-09
3.95841e-09
3.95841e-09
3.95841e-09
3.95841e-09
3.95841e-09
3.95841e-09
3.95841e-09
3.95841e-09
3.95841e-09
3.95841e-09
3.95841e-09
3.95841e-09
3.95841e-09
3.95841e-09
3.95841e-09
3.95841e-09
3.95841e-09
3.95841e-09
3.95841e-09
3.95841e-09
3.95841e-09
3.95841e-09
3.95841e-09
3.95841e-09
3.95841e-09
3.95841e-09
3.95841e-09
3.95841e-09
3.95841e-09
3.95841e-09
3.95841e-09
3.95841e-09
3.95841e-09
3.95841e-09
3.95841e-09
3.95841e-09
3.95841e-09
3.95841e-09
3.95841e-09
3.95841e-09
3.95841e-09
3.95841e-09
3.95841e-09
3.95841e-09
3.95841e-09
3.95841e-09
3.95841e-09
3.95841e-09
3.95841e-09
3.95841e-09
3.95841e-09
3.95841e-09
3.95841e-09
3.95841e-09
3.95841e-09
3.95841e-09
3.95841e-09
3.95841e-09
3.95841e-09
3.95841e-09
3.95841e-09
3.95841e-09
3.95841e-09
3.95841e-09
3.95841e-09
3.95841e-09
3.95841e-09
3.95841e-09
3.95841e-09
3.95841e-09
3.95841e-09
3.95841e-09
3.95841e-09
3.95841e-09
3.95841e-09
3.95841e-09
3.95841e-09
3.95841e-09
3.95841e-09
3.95841e-09
3.95841e-09
3.95841e-09
3.95841e-09
3.95841e-09
3.95841e-09
3.95841e-09
3.95841e-09
3.95841e-09
3.95841e-09
3.95841e-09
3.95841e-09
3.95841e-09
3.95841e-09
3.95841e-09
3.95841e-09
3.95841e-09
3.95841e-09
3.95841e-09
3.95841e-09
3.95841e-09
3.95841e-09
3.95841e-09
3.95841e-09
3.95841e-09
3.95841e-09
3.95841e-09
3.95841e-09
3.95841e-09
3.95841e-09
3.95841e-09
3.95841e-09
3.95841e-09
3.95841e-09
3.95841e-09
3.95841e-09
3.95841e-09
3.95841e-09
3.95841e-09
3.95841e-09
3.95841e-09
3.95841e-09
3.95841e-09
3.95841e-09
3.95841e-09
3.95841e-09
3.95841e-09
3.95841e-09
3.95841e-09
3.95841e-09
3.95841e-09
3.95841e-09
3.95841e-09
3.95841e-09
3.95841e-09
3.95841e-09
3.95841e-09
3.95841e-09
3.95841e-09
3.95841e-09
3.95841e-09
3.95841e-09
3.95841e-09
3.95841e-09
3.95841e-09
3.95841e-09
3.95841e-09
3.95841e-09
3.95841e-09
3.95841e-09
3.95841e-09
3.95841e-09
3.95841e-09
3.95841e-09
3.95841e-09
3.95841e-09
3.95841e-09
3.95841e-09
3.95841e-09
3.95841e-09
3.95841e-09
3.95841e-09
3.95841e-09
3.95841e-09
3.95841e-09
3.95841e-09
3.95841e-09
3.95841e-09
3.95841e-09
3.95841e-09
3.95841e-09
3.95841e-09
3.95841e-09
3.95841e-09
3.95841e-09
3.95841e-09
3.95841e-09
3.95841e-09
3.95841e-09
3.95841e-09
3.95841e-09
3.95841e-09
3.95841e-09
3.95841e-09
3.95841e-09
3.95841e-09
3.95841e-09
3.95841e-09
3.95841e-09
3.95841e-09
3.95841e-09
3.95841e-09
3.95841e-09
3.95841e-09
3.95841e-09
3.95841e-09
3.95841e-09
3.95841e-09
3.95841e-09
3.95841e-09
3.95841e-09
3.95841e-09
3.95841e-09
3.95841e-09
3.95841e-09
3.95841e-09
3.95841e-09
3.95841e-09
3.95841e-09
3.95841e-09
3.95841e-09
3.95841e-09
3.95841e-09
3.95841e-09
3.95841e-09
3.95841e-09
3.95841e-09
3.95841e-09
3.95841e-09
3.95841e-09
3.95841e-09
3.95841e-09
3.95841e-09
3.95841e-09
3.95841e-09
3.95841e-09
3.95841e-09
3.95841e-09
3.95841e-09
3.95841e-09
3.95841e-09
3.95841e-09
3.95841e-09
3.95841e-09
3.95841e-09
3.95841e-09
3.95841e-09
3.95841e-09
3.95841e-09
3.95841e-09
3.95841e-09
3.95841e-09
3.95841e-09
3.95841e-09
3.95841e-09
3.95841e-09
3.95841e-09
3.95841e-09
3.95841e-09
3.95841e-09
3.95841e-09
3.95841e-09
3.95841e-09
3.95841e-09
3.95841e-09
3.95841e-09
3.95841e-09
3.95841e-09
3.95841e-09
3.95841e-09
3.95841e-09
3.95841e-09
3.95841e-09
3.95841e-09
3.95841e-09
3.95841e-09
3.95841e-09
3.95841e-09
3.95841e-09
3.95841e-09
3.95841e-09
3.95841e-09
3.95841e-09
3.95841e-09
3.95841e-09
3.95841e-09
3.95841e-09
3.95841e-09
3.95841e-09
3.95841e-09
3.95841e-09
3.95841e-09
3.95841e-09
3.95841e-09
3.95841e-09
3.95841e-09
3.95841e-09
3.95841e-09
3.95841e-09
3.95841e-09
3.95841e-09
3.95841e-09
3.95841e-09
3.95841e-09
3.95841e-09
3.95841e-09
3.95841e-09
3.95841e-09
3.95841e-09
3.95841e-09
3.95841e-09
3.95841e-09
3.95841e-09
3.95841e-09
3.95841e-09
3.95841e-09
3.95841e-09
3.95841e-09
3.95841e-09
3.95841e-09
3.95841e-09
3.95841e-09
3.95841e-09
3.95841e-09
3.95841e-09
3.95841e-09
3.95841e-09
3.95841e-09
3.95841e-09
3.95841e-09
3.95841e-09
3.95841e-09
3.95841e-09
3.95841e-09
3.95841e-09
3.95841e-09
3.95841e-09
3.95841e-09
3.95841e-09
3.95841e-09
3.95841e-09
3.95841e-09
3.95841e-09
3.95841e-09
3.95841e-09
3.95841e-09
3.95841e-09
3.95841e-09
3.95841e-09
3.95841e-09
3.95841e-09
3.95841e-09
3.95841e-09
3.95841e-09
3.95841e-09
3.95841e-09
3.95841e-09
3.95841e-09
3.95841e-09
3.95841e-09
3.95841e-09
3.95841e-09
3.95841e-09
3.95841e-09
3.95841e-09
3.95841e-09
3.95841e-09

VECTORS velocity float
0.00705491 0.00429212 -0.00241208
0.00437519 -0.000781186 0.000112054
0.00685258 -0.000649546 -6.25913e-05
0.00480514 0.000283286 -0.000938323
0.00476355 -0.000234931 0.000207973
0.00411034 -0.000759229 0.000337632
0.00452309 -0.000116979 0.000288434
0.00434902 0.000276397 0.000255147
0.00416713 -0.000802353 0.000288019
0.00465659 4.08977e-06 -0.000142449
0.00484548 -3.55779e-05 -0.000162627
0.00428634 8.74895e-05 -0.000183492
0.00420643 -0.00103143 0.000301452
0.00449747 1.12661e-05 4.59926e-05
0.00415869 2.03173e-05 -0.000314543
0.00423262 9.03638e-05 0.000904891
0.00492576 8.06683e-05 0.000140764
0.00491459 0.000228702 -2.13057e-05
0.00452496 2.65897e-05 -0.000156178
0.00496356 -3.56811e-05 -4.34517e-05
0.00486849 9.86869e-05 0.000117897
0.00474765 8.199e-05 0.00015678
0.00438368 4.34861e-05 0.000874469
0.00447464 9.6197e-05 0.000657224
0.00457099 -0.000303245 -0.000461988
0.00414587 -0.000118169 3.95541e-06
0.00433673 0.000969552 -0.000229451
0.00486287 0.000265535 -6.90236e-05
0.00470591 0.000115338 2.28061e-05
0.00537537 0.00150806 -0.000978646
0.00547318 -0.00519058 -0.0028313
0.00463279 0.000167916 -2.30355e-06
0.00471757 -3.79149e-05 -7.56055e-05
0.00440649 0.00184813 -0.000333621
0.00711144 0.00370613 -0.0119248
0.00482335 6.07046e-06 2.03304e-05
0.00465987 -0.000331283 -0.000462121
0.00474251 -0.000321726 -0.000455445
0.00460091 0.000147138 -0.000251024
0.00479514 9.55948e-05 -0.000254397
0.00435834 0.000107143 -0.000217001
0.00428244 0.000101002 1.62188e-05
0.00117473 -0.00675306 0.0136159
0.00479148 -0.000986016 -0.0011389
0.0044714 7.43421e-05 -0.000302579
0.00480495 0.000155475 4.8808e-05
0.00441893 0.000121453 0.00072252
0.00452361 2.04881e-05 -0.000153133
0.00153632 -0.0126873 0.00617527
0.00456468 0.000129869 -0.000126815
0.0047814 2.79509e-05 0.000170651
0.00441411 0.000461019 -0.000270542
0.00462113 0.000457942 -0.000288514
0.00456369 5.75893e-06 -0.000147054
0.00451625 7.96707e-05 -0.000239774
0.00474725 0.000144209 5.78521e-05
0.00455663 0.000480542 0.000171316
0.00463678 6.95868e-05 0.000127889
0.00479381 6.43022e-05 0.000160734
0.00451135 0.00153229 -0.00029266
0.00468738 -1.38836e-06 -2.13986e-05
0.00471885 7.06879e-05 -0.000120949
0.00443363 0.00110285 -0.000354446
0.00474264 2.92186e-05 -0.00028622
0.00427398 -1.46735e-05 0.000892934
0.00431672 2.67303e-05 0.000910361
0.00482524 0.000308174 -0.000336075
0.00489015 0.00011062 9.42851e-05
0.00477253 3.12011e-05 0.000168575
0.00458114 0.00137737 -0.000407092
0.00445613 -5.28908e-06 -0.000229215
0.00461522 0.000920955 -0.000339731
0.0046693 3.79997e-05 1.34077e-05
0.00434578 3.29448e-05 -0.000215887
0.00231469 -0.00561948 0.0119352
0.00440802 0.000209271 -0.000255087
0.00419301 0.00186968 -0.000350893
0.00477358 -0.000856826 0.000288259
0.00467271 -6.05439e-05 -0.000354682
0.00462865 -1.59212e-05 -0.000416382
0.00421296 0.0023379 -0.000408268
0.00461831 0.000331355 -0.000170886
0.00470321 6.17174e-05 0.000142075
0.0048097 -0.000442587 0.000140722
0.00484329 -0.000243428 5.48944e-05
-0.000173936 -0.00421016 0.0214482
0.00464632 0.000156644 -0.00025983
0.00432401 7.73868e-05 0.000834396
0.00453706 0.00022655 -3.94554e-05
0.00442665 -0.00131117 0.000320477
0.00478456 -0.000224985 -0.000391552
0.00445603 4.32823e-05 -0.000163504
0.00406643 0.00225153 -0.000392947
0.00472416 0.000132144 8.79212e-05
0.00455119 -0.000800988 0.000300526
0.00453675 6.11413e-05 9.60551e-06
0.00471244 0.000345107 7.86838e-05
0.0053164 0.000336214 -0.000110159
0.00407837 4.14712e-05 0.00083803
0.00470492 8.42239e-05 0.000130085
0.00464139 -0.000743289 0.000355133
0.00485326 4.91494e-05 0.000150078
0.00446318 0.00047293 -0.000245171
0.00152307 -0.0117112 0.00724659
0.00493153 0.000465003 -0.00115773
0.00457376 0.000179601 -0.000180694
0.0136387 0.00684337 -0.00748027
0.0010528 -0.00672547 0.0138502
0.00433647 5.52476e-05 -0.000113504
0.00397724 6.98046e-05 0.000874852
0.00492347 0.000219659 -0.00019433
0.00313563 0.000810308 0.001248
0.00476302 -1.43261e-05 -3.16364e-05
0.00504287 0.000268479 -0.000973156
0.00488254 0.000297512 -8.97692e-05
0.00442831 0.00012093 -0.000343019
0.00481178 0.00162806 -0.00028182
0.00473227 9.24108e-05 -0.00024307
0.00471129 1.53647e-05 -0.000135147
0.00465029 4.02054e-05 -0.000242753
0.00491578 0.000220632 -0.00091594
0.00477601 0.000284013 -7.74999e-05
0.00441521 -0.00992796 0.0114418
0.0048863 0.000188778 1.85822e-05
0.00461579 0.000520819 -0.000500833
0.00777181 -0.0127688 -0.0133279
0.00457908 0.000137842 -0.000243906
0.00913644 -0.00188547 -0.0201923
0.00449373 0.000237155 -0.000426532
0.00586419 -0.0025981 -0.00554804
0.00360648 0.00346755 -0.00651927
0.00499602 0.000349938 -0.000152407
0.000958921 0.00667633 -0.00321633
0.0045106 0.000403465 -0.000278941
0.00446838 -0.00299781 0.00113699
0.00423414 -0.000706292 0.000178705
0.00469293 -2.44263e-05 -0.000112467
0.0014628 -0.0112978 0.00870497
0.0046841 -0.000612796 0.00015779
0.00451764 5.82276e-05 -0.000121545
0.00470517 -9.55504e-05 -0.000255394
0.00450197 0.00140772 -0.000393754
0.00730406 -0.00436194 -0.0105324
0.00423381 -0.000209181 -0.000117956
0.0037861 0.000396602 -0.000472694
0.0085872 0.0210124 -0.00299426
0.00454609 0.000892773 -0.000336718
0.00433944 6.70376e-06 0.00083162
0.00466233 3.23748e-05 -0.000243689
0.00441839 -0.000551237 0.000330645
0.0047707 -0.000394892 -0.000189903
0.00443442 7.5757e-05 8.37786e-06
0.00457211 0.000900335 -0.000598035
0.00252158 0.00451509 -0.00516756
0.00430607 0.000100643 0.000312226
0.00320045 -2.17148e-05 0.00487411
0.0134877 0.0067367 -0.00709932
0.00739631 -0.000762971 -0.0109189
0.0040422 -0.000808009 0.000549185
0.00495039 8.35054e-05 0.000135538
0.00463089 0.000254998 -0.000209723
0.00461608 0.000353626 0.000100754
0.00457294 -0.000144201 0.000106185
0.00406222 -0.00065429 0.000335124
0.00397738 0.00165468 -0.000302692
0.00661366 -0.00115514 0.000231915
0.00439186 -0.000371601 0.000120811
0.00464269 9.85121e-05 0.000127324
0.00466737 -0.000704203 0.000152687
0.00401193 -0.000659001 0.000287566
0.00465108 0.000106404 0.000991317
0.00480133 8.6096e-05 7.03141e-05
0.00454796 0.000410801 -0.000282293
0.00500818 0.00443993 -0.009142
0.00429245 5.8484e-05 0.000883616
0.00454586 0.00142105 -0.000713765
0.00517723 -0.00265946 -0.00574981
0.00443761 0.00095956 -0.000267968
0.00151419 -0.00820324 0.0132791
0.00129805 -0.0065427 0.0136447
0.0043948 0.00140757 -0.000266545
0.00968784 -0.0128298 -0.0168288
0.00413294 -0.000625235 0.000279686
0.00393889 -0.000703199 0.000282745
0.00471183 0.000159938 -0.000261255
0.00426277 -0.000710821 -0.000256458
0.00135112 -0.00661854 0.0138704
0.00394401 -0.000710235 0.000310242
0.000671912 0.00121031 -0.000115987
0.000465251 -0.00297338 0.00977688
0.00505606 0.000273683 -5.71858e-05
0.00360638 -9.86962e-05 -0.00011374
0.00148196 -0.011031 0.00861384
0.00490668 -0.000684434 0.000196196
0.00389804 -0.000155999 0.00055693
-4.84795e-05 -0.00656401 0.0134034
0.00312386 -0.000941375 0.00699217
0.00464891 3.61105e-05 -0.000242932
0.00478727 -0.000235407 0.000180528
0.00472134 4.44497e-05 -9.78339e-07
0.00428324 1.85593e-05 0.000902745
0.00288999 0.00209 -0.00122447
0.00464798 3.47284e-05 3.55092e-05
0.00467089 6.62665e-05 0.000137856
0.00441141 -0.000115645 -3.84653e-05
0.00459663 -0.000511324 2.578e-05
0.00380343 -0.000495825 0.000289635
0.00463112 -0.000761448 0.000221865
0.00423246 -0.00333548 -0.000600782
0.00450526 0.000283486 -9.58506e-05
0.00475776 -0.0014268 -0.000182815
0.00179477 -0.00235636 0.0119404
0.00593213 -0.00636737 0.0137943
0.00615653 -0.00124684 0.000266741
0.001205 -0.00534762 0.014923
0.00444361 9.17041e-05 -0.000234652
0.00356154 -0.00118223 -0.000217264
0.00717435 -1.9357e-05 -0.000276625
0.00391254 -0.000193493 0.000849722
0.00186591 0.00552969 -0.00352701
0.00416007 -0.000519587 -9.68055e-05
0.00496561 -0.000186337 -0.000135294
0.00361324 -0.00558791 -0.00134766
0.00423571 7.37582e-05 0.000301035
0.00523699 0.000646663 -0.000272922
0.00435058 -0.00087222 0.000678586
0.00451933 -0.000653765 7.8254e-05
0.00443996 -0.000861126 0.000666982
0.00450234 0.000923859 -0.00033777
0.00444699 -0.000353679 -8.26211e-05
0.00480013 5.14868e-05 0.000113964
0.00277772 -0.00571061 0.0117042
0.00412104 -0.00346644 -0.000261552
0.00565972 0.00112471 -0.000644646
0.0041854 -0.000470792 0.00030203
0.00413919 0.000571079 0.00236228
0.0149322 0.00821646 -0.0106254
0.00422759 -0.000710656 0.000280781
0.00470395 0.000147782 -0.000248661
0.00380943 -0.000102594 -3.55534e-05
0.00462095 0.00131505 -0.000690977
0.00453678 -0.000190698 0.0001458
0.00381839 -0.00100442 0.000275618
0.00801484 0.00284306 -0.0170203
0.00474852 -4.60221e-05 -0.000128272
0.00448601 -0.00103502 0.000353562
0.00418711 -0.00678042 0.00469696
0.0113614 0.00021422 0.00903272
0.00502354 -0.00144788 0.00115353
0.00113467 -0.00200648 0.0158997
0.00460563 -0.000489673 -4.52281e-05
0.00574128 0.00331992 -0.00188883
0.00437782 0.000109658 0.000777845
0.00450715 -0.000752607 0.00031653
-3.4071e-05 -0.000885437 0.000425069
0.00445688 0.000517231 -0.000287756
0.00726361 0.00589982 -0.00277841
0.00406169 -0.000392604 0.000321648
0.00469362 7.35972e-05 -0.000399716
0.00454422 -8.91692e-07 -0.000483603
0.00405822 -0.000531072 0.000295248
0.00469376 4.44344e-05 -6.13806e-05
0.00329037 0.000573184 -8.36396e-05
0.00593596 0.0021577 -0.00135641
0.00461568 -0.000417683 0.00020128
0.00401607 -0.000789697 0.000339337
0.00424319 2.89437e-05 0.000869615
0.00334447 -0.005278 -0.000294384
0.0041871 -0.000262666 0.000304827
0.00428494 2.25484e-05 0.00088193
0.00579176 0.000106513 -0.000366344
0.00398374 -0.000545676 8.72992e-05
0.00210787 0.00511345 -0.00257381
0.00387039 -0.000562875 -0.000473945
0.0043923 -0.000941981 0.000843458
0.00138105 -0.00679159 0.0131907
0.00459391 0.000161831 -3.93988e-06
0.00433874 -0.000875716 0.000594271
0.00404975 -0.000249346 -4.18121e-06
0.00544514 0.0029645 -0.00117693
0.0057063 0.00147971 -0.000987994
0.00100041 -0.0132616 0.00666615
0.00528817 -6.57711e-05 -0.00278415
0.0214353 0.00289514 -0.00955625
0.00446656 -0.000859365 0.000393596
0.00125054 -0.00249524 0.0132532
0.00465118 -0.0006689 0.000115347
0.00431072 8.91098e-05 0.000836392
0.00482015 0.00604305 -0.00312588
0.000280198 -7.591e-05 0.0185309
0.00455492 -0.00254118 0.000672175
0.00285137 -0.000625922 0.000204116
0.00430899 -0.000495014 -4.03576e-05
0.000936702 -0.00314913 0.0186608
0.00467299 -0.000256269 0.000217769
0.00403256 -0.000613028 0.000327203
0.00453521 7.13584e-05 9.19265e-06
0.00480305 0.000554002 -0.00120268
0.00412476 -0.000653633 0.00016292
0.00496135 -0.000935561 -0.000439665
0.00218501 0.000136226 -4.02755e-05
0.00411208 -0.00195086 -0.00506707
0.00460234 0.000191533 0.000432823
0.00433789 -0.000183149 0.000286555
0.0148008 0.0287412 -0.0193058
0.00143524 -0.00654058 0.0135227
0.00556753 0.0015278 -0.00101412
0.00625279 0.000440117 0.000160718
0.00661344 -0.0101901 0.00168157
0.00491425 -0.00197207 0.000684107
0.00441492 -0.000611293 0.000303893
0.00417795 -0.000674712 0.000231671
0.00355927 -0.000308375 0.000541526
0.00398921 -0.00898086 0.0046593
0.00431803 0.000489861 0.000440069
0.00478354 -0.000446539 0.000295795
0.00459675 -0.000286002 8.22027e-06
0.00412161 -0.000612884 0.000308159
0.00142353 -0.0101804 0.00981009
0.00453663 -0.00019481 0.000149061
0.00437643 -0.000706154 0.00021054
0.00463628 -0.000428237 6.87331e-05
0.00365786 4.45718e-05 -0.000282717
0.00230882 -0.00324037 0.00715985
0.00421044 0.000125869 -6.69118e-05
0.00459206 0.000254443 0.000442994
0.00460714 -0.000220312 -0.00010259
0.0045833 -0.000852984 0.000283083
0.00567481 8.60089e-05 -0.000865462
0.00688755 -0.00067389 -0.000204223
0.00461674 0.000168651 -0.000334657
0.00148811 0.00451905 0.015138
0.00431929 0.00186256 -0.000437562
0.0044991 -0.00302 0.00176549
0.00400693 -5.54902e-05 -0.021017
0.00476184 -0.00197279 0.000136448
0.00398246 0.000538091 0.00026615
0.00445212 -0.000329751 0.000763636
0.00468554 -0.000179831 -5.0921e-07
0.00558445 -0.00207159 7.5311e-05
0.00407034 -0.000306637 -1.16336e-05
0.00204482 -0.00190389 0.00959478
0.00220729 -0.00588003 0.0122883
0.00441607 -0.000653748 0.000155267
0.004822 -0.000137514 -5.67461e-05
0.00466859 -0.000748335 0.000282964
0.00728011 0.00232442 -0.0126079
0.0156724 -0.00905142 0.0140871
0.0020745 -0.0063316 0.0137802
0.00431195 -0.000551184 0.000130354
0.00411152 0.0172796 -0.0127921
0.00448829 0.000545995 0.00137014
0.00458028 -6.03237e-05 3.48706e-05
0.00463668 -0.000143572 6.93817e-05
0.00393841 -0.000593068 0.000311141
0.00134974 -0.00822273 0.00991762
0.00619697 -0.00158254 0.00101103
0.00432177 -1.64746e-05 0.000843632
0.00418352 0.00038751 0.000454635
0.00482891 -4.17676e-05 2.28792e-05
0.00284671 0.00704151 -0.00349767
0.00618329 -0.00037647 0.000128149
0.00407461 -3.38657e-05 0.000915991
0.00508559 -0.00105699 0.000884136
0.000897464 0.00578293 -0.00278803
0.00705935 0.00248507 -0.00516262
0.00447585 -0.000100884 6.89024e-05
0.00478957 -0.000178557 0.000179962
0.00429866 0.000323952 0.000414264
0.0125685 -0.00634575 0.0143078
0.00138768 -0.00829811 0.011836
0.00456137 -0.000501327 0.000154276
0.00512393 -0.00220297 0.00124153
-0.000204796 0.00181694 -0.000915521
0.00718635 0.000416308 -0.000466534
0.00495395 -0.002424 0.00154863
0.00420007 -0.000273427 1.64377e-06
0.00412945 -0.000467948 5.84488e-05
0.00416249 -6.65998e-05 0.000869447
0.00466204 -4.70042e-05 0.000335026
0.0044233 -0.000177903 0.000133878
0.0024972 0.00040542 -6.21549e-05
0.00115311 -0.0105994 0.00968885
0.00511466 -0.00150742 -0.000530794
0.00571889 -0.00357977 0.00212557
0.00379177 6.75647e-05 -6.8592e-05
0.00435827 -6.89942e-05 0.000899084
0.00414239 -0.00105971 0.000284618
0.00440342 -0.00168776 0.00129621
0.00468483 -0.00108897 0.000237471
0.00457748 -0.000728486 0.000379507
0.00231735 -0.0137546 0.00799701
0.00446942 -0.000132324 9.72641e-05
0.00303829 0.000465992 0.000326648
0.00448109 -0.000199856 0.000152497
0.00457502 -0.000676248 0.000425928
0.00457645 -5.10547e-05 2.99642e-05
0.00249465 0.00601779 -0.00357734
0.00557141 -0.00251095 -1.83505e-05
0.00450624 -0.000190856 0.000145093
0.00368988 -0.00455027 0.00147034
0.00241876 -0.00593453 0.0124774
0.00738978 0.000492094 -0.000638964
0.00473099 -0.000955604 0.000294809
0.00470421 -0.00139642 -6.91561e-05
0.00811071 -0.00781498 0.00339572
0.00426164 5.68591e-05 0.00037144
0.00441235 -0.000818744 0.000648848
0.0100596 -0.00817134 0.0138238
0.00441314 -0.000162644 1.06794e-06
0.00423602 0.000213132 0.000644462
0.00399336 -0.00146728 0.00094884
0.00448007 -0.000808485 0.000250666
0.00439602 -0.000263938 -7.62975e-05
0.00454493 0.000125925 9.72863e-06
0.00455996 -3.3016e-06 4.73467e-06
0.00164216 -0.0130958 0.00417305
0.00444215 -0.0043395 0.00242313
0.00506687 -0.00105067 0.000788784
0.00213315 -0.0129298 0.00671942
0.0101603 -0.00283004 0.00684681
0.00114353 -0.00687254 0.0141214
0.00416736 -0.000379724 0.00016299
0.00452632 -0.00085631 0.000665918
0.00132926 -0.00660756 0.013741
0.0150018 0.00159504 -0.0024683
0.00507787 -0.0087336 0.00462706
0.00399913 -0.00013072 -5.81402e-05
0.00459172 0.000401837 -0.00052154
0.00427932 -0.000268157 0.000239394
0.00212521 -0.0133126 0.00691893
0.00401814 -0.00238213 0.00141764
0.00504064 0.000442965 -0.000427626
0.00462664 -0.00248569 0.0015026
0.00329539 -0.00529741 -0.00156468
0.00442791 -0.000175706 0.000131999
0.00443448 -0.000165848 0.000124477
0.00473199 -0.000308701 0.00025134
0.00515693 0.000728075 0.000175453
0.00106066 -0.00629981 0.0105629
0.0043914 -0.000188193 0.000750713
0.00556109 -0.000104154 0.000172446
0.00640778 0.00073777 0.000230694
0.00103737 -0.00685609 0.0139883
0.00454123 -0.000108586 -0.000750311
0.00391583 -0.000320495 -1.13778e-05
0.00318423 0.000352847 -6.56628e-05
0.00452262 -2.72105e-05 1.71092e-05
0.00400372 -2.16922e-05 0.000160857
0.00533106 -0.00229275 0.000119871
0.00454164 0.000142385 5.20243e-05
0.00172882 -0.0120289 0.00761115
0.00443686 -0.000161506 0.000120947
0.00410067 -1.0922e-05 0.000246267
-0.000218324 0.0019368 -0.000975916
0.0041538 -0.00196686 0.00147733
0.00436072 -0.00364097 -0.000835643
0.0067212 0.00359745 -0.003582
0.00473935 -0.000208322 0.000158042
0.0014023 -0.00614531 0.0117872
0.00482413 -0.000402515 0.000237519
0.00867391 0.00122374 -0.00162374
0.00447546 -0.000102031 7.19937e-05
0.00465113 3.63595e-05 -3.9006e-05
0.00281788 -0.00546951 -0.00172171
0.00690568 0.00102091 -0.000850962
0.0017143 0.00641717 -0.003141
0.00144767 0.00197535 -0.00390577
0.00448442 5.67627e-05 -2.89854e-05
0.00201161 -0.00718551 0.0124767
0.00458558 -0.000112152 7.9328e-05
0.0060338 0.000423647 -0.000517175
0.00474059 -0.000437486 0.000324449
0.00303 -0.00757574 0.0113995
0.00130596 0.00183366 0.0159414
0.00468158 -0.000169763 3.4432e-05
0.00468669 -0.000200551 0.000141442
0.00415587 8.26599e-05 0.000296044
0.00645984 0.000504244 -0.00058419
0.00467353 -0.000768178 0.00010553
0.00468559 -8.70879e-05 0.000121976
0.00431905 -0.000110986 0.000257874
0.00457975 -0.000192497 0.00100829
0.00547315 -4.66983e-05 0.000323686
0.00203756 0.00318484 -0.00189307
0.00474328 1.07384e-05 -2.0831e-05
0.00473611 -0.000230683 8.13908e-06
0.00455645 -0.0001345 0.000100734
0.00576382 0.00134902 -0.000615016
0.0185455 0.000994586 -0.00291416
0.00549282 0.00639208 -0.00332583
0.00841525 -0.00971735 -0.0166591
0.0043664 -0.000345821 0.000466489
0.00741676 -0.0194924 -0.00755665
0.00510807 -0.0025313 -5.82011e-05
0.00510365 0.00534475 -0.00280824
0.00473215 -0.00249968 0.000282663
0.00442248 0.000412176 -6.27208e-05
0.00142857 0.00542809 -0.00264491
0.00441906 -7.62274e-05 5.39726e-06
0.00521811 0.000120019 0.000213192
0.00422388 -0.00363863 -0.00026222
0.00994225 -0.0145136 -0.0164742
0.00537885 0.00172575 -0.00110664
0.00432418 -0.000189897 1.71374e-06
0.00461891 -0.00076736 0.000337349
0.00466088 0.00311963 -0.00173257
0.00535799 -0.00123381 -0.000405915
0.004958 0.00151326 -0.000652137
0.00454414 -0.000166762 0.000125533
0.00452897 -0.000189842 0.000140839
0.00704048 -0.00316051 0.00196909
0.00471774 0.000671468 -5.96838e-05
0.00429303 8.16362e-05 9.66702e-06
0.00465398 -0.000323817 0.00026897
0.00464339 0.000231915 0.000449348
0.00420626 1.88437e-05 -5.77473e-06
0.00453046 -0.000130636 9.55251e-05
0.00460654 -2.54286e-05 7.14803e-05
0.00479408 -0.00230235 0.00141496
0.00456404 -0.000909133 0.00072659
0.00358583 0.00186859 -0.000931734
0.00133957 -0.00411315 0.0129138
0.00476188 -0.000386841 0.000259214
0.00524753 -0.00226351 0.00153677
0.00464194 -5.8339e-05 -3.37515e-06
0.00404125 -0.000743023 0.000300272
0.000181612 0.00163807 -0.000788152
0.00514472 -0.00102346 0.000859051
0.0047149 -0.000303004 0.000269234
1.34146e-15 1.05963e-14 1.22275e-13
0.00609568 -0.00142461 6.4402e-05
0.00484474 -0.000163011 7.38573e-06
0.00497038 -0.000226528 3.79449e-05
0.00443078 -0.000357432 8.93696e-05
0.00574651 -0.000959362 -3.21013e-05
0.0044866 0.000104775 1.52319e-05
0.00164618 0.00756721 -0.00368354
7.90808e-15 7.91435e-15 -8.57978e-14
0.00459465 2.47663e-05 8.05626e-06
0.00471126 -0.000474807 0.000272516
0.00414557 0.000363271 1.3803e-05
0.00457058 -7.22206e-05 4.62581e-06
0.00388557 -0.00354767 0.00200421
0.00463361 -0.00013871 0.000801623
0.00152732 -0.00561562 0.0118625
0.00456387 -0.000159574 0.000116721
0.00477698 -6.72164e-05 0.000109002
0.00454477 -0.000195154 0.000146938
0.00438708 -0.000323771 -1.79733e-05
0.00728577 -0.000593423 -0.0014215
0.00658469 0.000683845 -0.000667061
0.00517408 -0.00256304 0.00160731
0.00439827 0.000171994 -0.000125823
0.00484576 -0.00015085 0.000126425
0.00484438 -0.000441884 0.000278723
0.00171982 -0.0103463 0.00620562
0.000638462 0.00563514 -0.00271205
0.00451864 -0.000190027 0.000145609
0.00471992 -0.000445775 -9.06922e-05
0.00450719 -0.000437113 0.000587361
0.00990233 -0.0135871 -0.0172844
0.00456315 -0.000163179 -0.000487958
0.00538037 -0.0021965 0.000763214
0.00559868 0.000424198 0.000172993
0.00505234 -0.000647821 -0.0010516
0.00428169 -1.61999e-05 0.000836934
0.00436172 -0.000408638 -7.82972e-05
0.00454697 -4.19288e-05 3.39765e-05
0.00452765 -0.000208571 0.000155576
0.00432737 0.000555378 4.1228e-06
0.00434069 0.000438519 0.000447272
0.00454637 -0.00042189 0.000361774
0.00437858 -0.00102437 0.00068753
0.00465847 0.0017137 -0.00107043
0.00474132 -0.000184747 0.00015507
0.00479017 -0.000374955 0.000167724
0.00458454 -4.58902e-05 8.7795e-05
0.00457389 -0.00258222 0.0015352
0.0043988 -3.22061e-05 0.00087279
0.00417883 0.000205282 0.00060024
0.00439338 0.000395729 0.000413282
0.00483872 -0.00039418 0.000300958
0.00483981 -0.000653151 -0.00100006
0.00480844 -0.000122113 0.00052574
0.00607387 -0.00207686 -0.00186023
0.0045593 -0.000181536 0.000137228
0.00453558 -0.00016416 0.000114261
0.00435627 0.0001355 1.57602e-05
0.00450967 0.000206503 1.51437e-05
0.00444637 0.00028151 -6.46785e-05
0.00324763 -0.0063049 0.00333007
0.00436068 0.00139509 -0.000469742
0.00399759 -0.000331537 -8.37191e-05
0.00447266 -0.000121433 5.81456e-06
0.0043453 -0.000105795 0.000929981
0.00430479 -0.00245443 0.000904773
0.00473168 -0.000392964 0.00012074
0.0045325 -0.000162893 0.000122932
0.0045423 -3.85926e-05 0.000232697
0.00301004 9.72705e-05 0.000286297
0.00412218 -1.56442e-05 0.000339817
0.00476632 -0.000292736 0.00017872
0.00347154 -3.12942e-05 1.53392e-05
0.00706193 0.00273568 -0.00521451
0.00447067 -0.000161662 0.000121302
0.00422801 -0.000490981 -7.07156e-05
0.00388191 0.000188525 -0.000167103
0.00453067 -0.000513048 0.000681882
0.00421784 0.00014868 -5.14723e-05
0.00126747 -0.00506604 0.0128034
0.00456936 -0.000155413 1.14303e-05
0.00430746 0.000435165 0.000439187
0.00438606 -3.3629e-05 0.000871898
0.00447602 0.000331292 6.85851e-06
0.00435359 -0.000364497 8.17181e-05
0.00853201 -0.00989392 -0.0171934
0.00464482 -3.90612e-05 1.9582e-05
0.00476234 -0.000396005 0.000151478
0.00432524 -0.000173726 0.000981654
0.00473972 -6.45709e-05 4.00338e-05
0.00428114 0.000478762 0.000438564
0.00372069 -0.000204124 0.000903727
0.0043536 -0.000166785 0.00105627
0.00477704 -0.000325641 0.000158725
0.0044391 -0.000264258 0.000204491
0.00452348 -5.51764e-06 6.62596e-06
0.00567971 -0.000830592 -0.000282071
0.00467431 -0.000780937 0.000208041
0.00335016 0.000821845 -0.000686015
0.00451921 4.72132e-06 4.24744e-06
0.00478885 -0.000423119 3.2056e-05
0.00425718 -5.31703e-05 0.000895526
0.00455877 -0.000197515 0.00103176
0.00442566 -0.00041778 0.000289588
0.00491742 -7.98987e-05 6.40456e-05
0.00469066 -0.00049942 -7.58182e-05
0.00430072 0.000212218 1.96518e-05
0.00435262 -9.98851e-05 6.29252e-06
0.00448269 0.000223456 1.01923e-05
0.00480829 -0.000242351 0.000181848
0.00427947 0.000214984 -7.70207e-05
0.00478328 -0.000172625 8.96321e-05
0.0045876 -7.16764e-05 5.27824e-05
0.00450123 -0.000138841 0.000101345
0.00444902 6.35561e-05 9.60136e-05
0.00470196 -0.000146542 0.000115069
0.0043996 -0.000394739 0.000767481
0.00442921 -0.000485178 0.000650481
0.00465761 -0.000343176 0.000257154
0.00451982 -0.000176698 0.000134108
0.00414439 -2.4046e-06 0.00037907
0.00458076 -0.000153427 0.00011132
0.00455188 -0.000557586 0.000746858
0.00426986 -0.00033963 0.000449661
0.00455751 7.68296e-05 1.25426e-05
0.00477943 -0.00031603 5.07919e-05
0.00437199 -0.000214971 0.000548101
0.0039886 -1.21695e-05 8.84312e-05
0.00464222 -7.44395e-05 4.36582e-05
0.00476447 -0.000356843 0.000260976
0.00461488 -0.000141925 0.00010057
0.00453376 0.000393249 0.00047345
0.004432 -6.14496e-06 4.44277e-05
0.00472577 -0.00053024 0.000314162
0.00454088 0.000385807 -2.32088e-05
0.00479614 -0.000244734 7.86874e-05
0.00438873 -0.000197836 0.000536981
0.00463401 -0.000129994 0.000129842
0.00440407 -0.000527684 0.000346524
0.00458895 -0.000556486 0.000381211
0.00455013 7.6148e-05 1.44064e-05
0.00460699 0.000179564 0.000407699
0.00137191 -0.00440098 0.0122495
0.00542077 -0.000832382 0.00118874
0.0058549 0.000935314 0.000195626
0.00275055 0.000208039 0.000128624
0.00388127 3.86773e-05 0.00025119
0.00446077 -0.000124121 9.00947e-05
-0.00167418 -0.00167454 0.00974472
0.00453916 -0.00034624 -2.48285e-06
0.004542 -0.000598284 0.000423431
0.00399605 5.23182e-05 -7.34446e-05
0.00442764 -0.000503179 0.000696828
0.0048516 -0.000101641 8.16634e-05
0.00440031 7.17927e-07 0.000843915
0.00435883 -0.000618952 0.000456074
0.00450045 -1.30894e-05 8.87245e-06
0.00445036 5.74791e-06 0.00085497
0.00459723 2.256e-05 9.18043e-06
0.00428637 -0.000387132 0.000826989
0.00355254 0.00054621 0.000176719
0.0045858 -0.000108874 7.6425e-05
0.00331379 0.000226328 0.000426308
0.00475875 -0.000282663 0.000208915
0.00447527 -0.000149545 0.000110219
0.00451506 -0.000201313 0.000154271
0.00449276 -0.000260179 5.69361e-05
0.00471142 -0.000484615 5.82931e-05
0.00458919 -0.000390233 0.00103614
0.00432934 -0.000193093 0.00100713
0.00343026 0.00101165 -0.000603948
0.00462781 -0.000328509 -1.87782e-06
0.00429364 -9.10043e-05 0.00090881
0.00719976 -0.0164341 -0.00765273
0.00450146 0.000181266 -0.000200693
0.00481576 -0.000816471 0.000629127
0.0044412 -0.000351962 0.000388169
0.0045016 0.000222208 1.6873e-05
0.00465323 -3.49959e-05 4.58086e-06
0.00458881 4.62244e-05 1.45706e-05
0.00471199 0.000349052 0.000460441
0.00432896 0.000310511 2.71269e-05
0.0045279 -0.000203134 0.000155517
0.00332737 -0.00530138 -0.000821997
0.00452538 -2.93141e-05 -2.63728e-06
0.00479944 0.000111846 6.78426e-05
0.00357754 -0.00142413 -0.000375423
0.00427289 5.03399e-05 1.05929e-05
0.00318174 0.00166298 -0.000827673
0.00434136 -8.02101e-05 0.000900049
0.0046919 -0.000241362 0.000309973
0.00449916 -0.000198177 0.000150949
0.00465586 -0.000551498 0.000235539
0.00314649 0.000224335 0.000411003
0.00458774 -0.000661518 0.000144128
0.0044975 -0.000107106 7.57536e-05
0.00456934 -5.98435e-05 1.5118e-05
0.00473846 -0.000412293 0.000192794
0.0041901 -0.00121501 -8.3321e-05
0.00455267 -6.34834e-05 4.64045e-05
0.0039844 -1.7939e-05 3.15372e-06
0.00438644 -0.000238339 0.000919257
0.00354037 -7.99303e-05 4.6991e-05
0.00479814 0.000425471 0.000492881
0.00454672 -0.00010722 -2.1141e-05
0.00474205 -0.000321563 0.000139007
0.00376847 0.00105008 -0.00087382
0.00464078 -0.000177708 0.000615975
0.00425916 -0.000380677 0.000243254
0.00457243 -0.000537369 0.000367921
0.00471822 -0.000156432 0.000261665
0.00433944 -0.000106662 0.000934132
0.00364303 5.54092e-06 0.000664852
0.00473025 -9.44208e-05 0.000144555
0.00468662 -0.000146342 0.000136798
0.00433823 -4.65294e-05 0.00048234
0.00409179 -0.000462335 0.000613664
0.00466053 6.09748e-05 0.000218276
0.00444447 -0.000172837 0.000131015
0.00466322 -0.000207545 0.00110489
0.00477073 -9.74167e-05 -6.70954e-05
0.00425587 -0.000373112 0.000267248
0.00426256 0.000539787 0.000461479
0.00361702 0.000326216 0.000393214
0.00448639 -0.000151303 -8.87993e-05
0.0047417 -0.000349213 -6.76825e-06
0.00471179 -0.000100968 2.26383e-06
0.00455969 -0.000539244 0.000196782
0.00412153 -0.000389235 0.000541716
0.00425136 0.000331632 4.56523e-05
0.00444602 0.000107431 1.14038e-05
0.00436361 -0.000166232 0.000922904
0.00450305 -0.000528913 0.000701948
0.0046484 -0.000142824 0.000136393
0.00458977 -0.000123994 0.000111286
0.00451333 -0.000194968 0.000148233
0.00298125 -0.0068094 -0.000343176
0.00473581 -0.000325163 0.000197884
0.00308479 0.000485666 0.000142936
0.00479076 -6.87495e-05 5.74513e-05
0.0045971 -1.06469e-05 -3.2185e-06
0.00437057 -0.00070616 -8.90265e-05
0.00374726 -0.000161689 0.000903564
0.00424349 2.04061e-05 9.31737e-05
0.00463191 -0.000142076 0.000102687
0.00449247 0.000279603 -1.93173e-05
0.00467887 -0.000167793 0.000111297
0.00425662 0.000282734 5.43465e-05
0.00463464 -0.000141876 0.000133171
0.00445387 -0.000498779 0.000679474
0.00488457 -0.000116497 -0.000334946
0.00417414 -0.000194426 0.000108593
0.00414776 -0.000479921 0.000496791
0.00472275 -0.000354836 0.000257635
0.00448818 0.000103771 -6.13418e-06
0.00466649 -9.58601e-05 0.000118585
0.00460959 -0.000612713 8.80137e-05
0.00479201 -0.000339089 0.000229555
0.00466254 -0.000580774 0.000132746
0.00174599 0.00151071 0.000293156
0.0043034 -0.000484893 0.000344889
0.00379789 0.000902178 1.086e-05
0.00421379 0.000321837 0.000419355
0.00469162 -0.000488603 7.1197e-05
0.0044949 0.000208815 -5.81899e-05
0.00457525 -0.000621986 0.000394902
0.00459531 0.000209457 -8.30424e-05
0.00428839 -6.16369e-05 0.000882862
0.00525906 -0.000684477 0.000353072
0.00441393 -0.000108248 0.000946251
0.00471735 -7.81699e-05 0.00012111
0.00457329 -0.000489542 0.000342597
0.00464688 -0.000123657 0.000130561
0.00471834 0.000186999 1.36337e-06
0.00447287 3.3336e-05 1.39695e-05
0.00323149 -0.000181871 0.000250646
0.00449463 -0.000549811 0.000737896
0.00407804 -5.14517e-05 0.000108039
0.00453273 -0.000622168 0.00111091
0.00423271 -0.000343584 0.000529578
0.00409739 -0.000560545 -0.000205554
0.00454158 -0.000198349 0.000508815
0.00454908 -0.000578065 0.000874516
0.00433851 -9.26697e-05 0.000918506
0.00444715 0.000733438 0.000480581
0.00305495 0.000639461 0.000372859
0.00416238 0.000233838 0.000129237
0.00312038 0.000462783 0.000170797
0.00462819 -0.000133193 0.000147668
0.00453757 -0.000109698 7.61678e-05
0.00460186 7.53326e-05 -3.0101e-05
0.00427557 -7.00677e-05 0.000903812
0.00475078 -0.000471987 0.000527707
0.00462951 0.000234933 0.000449698
0.00452855 -0.000241009 -0.000146258
0.00418437 0.000105011 -6.66921e-05
0.00444436 -0.000294309 0.000347668
0.00465211 -0.000206432 0.000156884
0.00467161 -7.19273e-05 0.000117922
0.00449474 0.000107067 -7.37758e-06
0.00436682 0.00053144 -0.000159626
0.00442543 -0.000393142 0.000559363
0.00459359 0.000199019 0.000432702
0.00452688 -0.00011589 0.000160754
0.00452806 0.000343312 2.97552e-06
0.00432543 -0.000129526 0.000836546
0.00406183 -0.000247889 0.000266838
0.0045025 -0.00019658 -0.00016189
0.00464947 -0.000351423 7.89537e-05
0.0047059 0.000184325 -6.84953e-05
0.00481759 -0.000166489 0.000193967
0.00466067 8.32212e-05 -8.20669e-05
0.0044653 -0.000275295 0.000107182
0.00459183 -0.000570989 9.75112e-05
0.00460713 -0.000599172 0.000361973
0.00441764 9.94111e-05 0.000756102
0.00463798 -0.000490556 0.000387765
0.00456331 -0.000304395 -0.000168462
0.00482214 0.000255084 0.000210808
0.00466462 2.25162e-05 0.000106607
0.00463907 0.000242354 0.000450133
0.00416806 0.000100975 1.27573e-05
0.00464278 -0.000378873 -8.76862e-05
0.00480297 0.00042011 -0.000126953
0.00432337 4.5892e-05 0.00078682
0.00420697 0.000389846 -0.000259101
0.00447611 1.12006e-05 6.58526e-05
0.00453171 -7.05052e-05 0.000933228
0.00417969 -0.000282801 7.83158e-05
0.00478498 -0.000194687 0.0001564
0.00430396 -8.17879e-05 0.000901726
0.00329002 0.000207755 0.000446087
0.00430306 0.000277505 -3.88917e-05
0.00435824 -0.00140176 -0.000378418
0.00463807 -0.000126117 0.000185557
0.000149022 -0.000632061 0.00234033
0.00453271 -0.000559822 0.000764079
0.00460869 -0.000173804 0.00013424
0.00433921 -4.02045e-05 -0.000116488
0.00456988 0.000137798 -5.31868e-05
0.00378788 0.000623459 -0.000451305
0.00450361 -7.72788e-06 0.000955069
0.0044263 -0.000483279 0.00064604
0.0051229 9.4214e-05 -0.000417034
0.00453509 0.000397548 -0.000119275
0.00431978 -3.83684e-05 0.000862917
0.0045081 -0.000420775 0.000554199
0.00445071 -0.000546809 0.000427872
0.00466871 0.000518286 0.000485887
0.00450483 5.84106e-05 0.000391543
0.00486698 -0.000103734 -0.000446635
0.00433464 -6.60298e-05 0.000395004
0.00477949 -0.000334776 0.000235304
0.00453072 0.000371084 -5.66986e-06

VECTORS force float
4.23241e-08 -4.95771e-08 2.08239e-08
-1.7949e-10 2.942e-09 -6.55162e-09
1.56222e-09 3.26424e-08 -1.67198e-08
-2.67027e-09 -1.83424e-09 3.77174e-09
-8.40212e-11 -2.75082e-09 -1.00961e-09
2.20559e-08 2.67927e-09 8.19479e-10
1.29553e-09 -3.1203e-10 -7.4076e-10
3.81515e-10 -7.62625e-10 7.7445e-09
3.51767e-09 -6.81737e-09 -3.20023e-09
-3.02849e-09 -1.33668e-10 2.39623e-10
-5.93927e-10 -6.81751e-10 8.36755e-10
7.30533e-10 1.34718e-09 -4.98988e-10
2.51373e-09 -3.84945e-09 -2.76065e-09
-4.10604e-10 1.16677e-08 -1.60227e-08
-1.05837e-09 1.24922e-09 -7.88671e-10
-2.27685e-08 1.69764e-08 1.87485e-08
-1.91187e-09 -1.4229e-09 -1.11191e-09
-3.33063e-09 -2.98389e-10 -6.93042e-10
4.01764e-10 6.10782e-10 -5.1295e-10
4.4872e-10 -6.5733e-10 5.71039e-10
-2.63415e-09 8.57293e-10 1.8566e-09
-1.78805e-09 4.28966e-09 5.40917e-10
-7.45419e-10 -7.05948e-09 4.49895e-09
1.85936e-08 2.56592e-08 -3.37888e-09
-5.38488e-10 2.22074e-10 2.97373e-10
1.59531e-09 -3.94247e-09 -8.07428e-10
4.83234e-09 3.72443e-09 -5.62074e-10
4.86036e-10 -1.70672e-09 2.1935e-09
-2.12146e-09 -2.19168e-09 -1.43457e-09
-2.50805e-08 -2.1072e-08 1.40851e-08
1.89679e-08 6.56499e-09 -2.51131e-08
1.45923e-10 -7.32044e-10 1.8396e-10
1.02039e-09 -1.83353e-09 1.96818e-09
-2.82457e-09 -1.61414e-09 6.25051e-10
-6.52219e-10 -2.49761e-09 -3.4481e-08
2.43457e-12 -1.12724e-10 6.8568e-11
-2.98928e-09 1.01295e-09 -5.08557e-10
2.62179e-10 1.96501e-10 -4.92235e-10
-6.809e-11 2.44781e-09 -1.36028e-09
2.37524e-09 1.55175e-09 -6.61447e-09
3.11326e-09 -4.51106e-10 -3.76496e-09
-4.94147e-10 1.50074e-10 2.03765e-10
2.53609e-08 -6.36183e-09 -2.50434e-08
2.55448e-09 3.42757e-09 -1.4933e-08
-4.3053e-09 5.39285e-09 6.96046e-09
6.60651e-10 -2.02605e-09 2.10868e-09
2.72583e-09 8.51832e-09 -9.12964e-09
7.33013e-10 -1.25195e-10 -9.99027e-11
5.90657e-09 6.34299e-08 1.00429e-08
-2.79563e-10 -2.16129e-09 1.35906e-09
1.02215e-09 -3.37677e-09 3.20352e-09
3.59805e-09 3.34663e-09 -3.67827e-10
4.37071e-10 3.20781e-09 8.13916e-10
-1.11847e-09 -4.25388e-11 -4.15495e-11
6.39425e-10 -2.77053e-09 -1.05052e-10
-3.57514e-09 4.51588e-09 1.69418e-09
-4.09275e-11 -1.34961e-09 -6.23838e-09
3.72761e-09 1.55312e-09 -2.20697e-09
-9.17308e-10 -1.57427e-09 2.07293e-09
2.32377e-09 1.23213e-09 -1.00825e-09
2.46591e-09 -4.17931e-09 -3.83695e-09
-2.19976e-09 -5.46658e-10 -2.3568e-09
2.92452e-09 6.47266e-12 6.51842e-12
1.85773e-09 -9.08855e-10 -3.84918e-09
4.97687e-09 2.14289e-09 -6.02441e-09
7.57053e-09 6.56732e-09 4.26857e-11
3.75562e-09 8.98096e-10 -4.23771e-09
-4.80028e-10 2.17247e-09 -8.5916e-10
-1.156e-09 -2.41901e-09 1.14308e-09
-2.71712e-09 8.02846e-10 -6.97045e-10
3.70251e-10 -2.90581e-09 9.19449e-10
-1.06347e-09 2.78778e-09 -9.83353e-11
-1.66249e-10 3.61314e-10 -1.97524e-10
1.35004e-09 -2.57929e-09 -8.25329e-10
1.1923e-08 2.97057e-08 2.11991e-08
3.39199e-09 -6.77517e-09 -2.5293e-11
-2.8252e-09 -2.96401e-09 1.65858e-09
3.91202e-09 3.92727e-09 -2.41513e-09
-8.19607e-10 1.60593e-09 -1.8218e-09
-1.92939e-09 2.65992e-09 -3.35116e-09
-3.74238e-09 -1.53763e-09 4.04075e-10
1.55009e-09 -3.0122e-09 -1.15644e-10
-8.8354e-11 3.57e-11 -1.80039e-09
1.77429e-08 9.29594e-09 -3.15277e-08
-3.49828e-09 -2.75338e-09 2.24891e-09
-2.16392e-09 1.22653e-09 -3.98159e-08
9.89146e-10 1.77583e-09 -9.85094e-10
4.55182e-09 2.8014e-09 1.55712e-10
-4.06546e-09 -1.87763e-10 -2.00724e-09
5.90133e-09 -7.4826e-09 -7.34058e-10
-2.60558e-09 7.36344e-10 -1.22628e-09
1.01211e-10 1.11063e-09 -5.86663e-10
-6.1715e-09 -2.16946e-09 4.43372e-10
-1.89631e-09 -5.34851e-09 -6.11454e-09
-2.23703e-08 -9.90819e-09 5.59628e-09
6.18287e-10 3.47597e-10 8.79841e-11
-1.36092e-09 -1.29269e-10 -4.6928e-09
-2.10588e-09 4.11086e-09 -4.17937e-09
1.98939e-08 5.66351e-09 2.07047e-08
-3.45631e-09 -5.11314e-10 1.52344e-10
-5.18687e-09 -1.06227e-08 2.95201e-09
1.41274e-09 1.31622e-09 -7.61902e-10
-6.87554e-10 2.97527e-09 1.96631e-10
-1.96827e-08 5.51719e-08 5.98421e-09
-2.72581e-09 -2.13321e-09 1.13123e-09
4.96453e-10 1.22039e-10 5.66473e-10
3.19319e-11 -4.77768e-11 -3.83838e-08
-1.43444e-08 4.15856e-08 -6.85038e-09
5.31114e-10 3.27465e-09 -1.32919e-08
-3.90874e-08 3.45399e-09 -1.70775e-08
-1.52124e-10 -1.55707e-09 -6.51056e-09
-6.29489e-09 -3.94693e-09 -3.16427e-08
-9.18789e-10 -2.06472e-09 -8.12056e-10
-3.37829e-09 -4.87736e-09 6.34709e-09
2.15881e-10 -6.90287e-10 -1.66465e-09
-6.20851e-09 7.79203e-09 -7.12803e-09
3.44547e-08 -2.8172e-09 -5.68192e-08
1.79293e-09 3.78554e-09 -6.30755e-09
1.70253e-09 -4.27074e-10 -3.58516e-09
-1.69536e-09 -1.83668e-09 3.30126e-10
-1.34228e-09 1.07854e-09 1.01411e-08
8.78465e-09 -4.26663e-09 3.56298e-09
0.0 0.0 -3.8832e-08
-3.96015e-09 2.96268e-09 -3.42097e-09
5.17739e-09 2.16975e-09 -3.61561e-10
2.3424e-08 -1.7037e-08 -4.28527e-09
2.35419e-09 1.11063e-09 -1.73824e-09
7.9244e-09 -5.98119e-09 -3.3065e-08
-9.96384e-10 -9.73614e-09 1.01958e-09
4.70649e-09 -7.08947e-09 -1.94408e-08
-3.87767e-09 1.22506e-08 -2.2571e-08
-2.31812e-10 -2.34559e-09 2.53809e-09
-6.18377e-10 -6.56063e-10 2.53362e-09
-2.06354e-10 1.88565e-09 8.95276e-11
1.04438e-08 -9.22857e-09 -1.12378e-08
1.53723e-10 1.45855e-08 1.66474e-08
-1.25588e-09 1.75178e-09 -1.70538e-09
-2.55274e-09 2.43646e-08 -2.24407e-08
8.46178e-09 8.2122e-09 -1.40004e-09
-7.65488e-10 7.57678e-10 4.68425e-10
1.39128e-09 -2.54404e-10 -2.66966e-09
-1.62206e-09 -2.43067e-09 3.92421e-11
7.14999e-09 -8.42243e-09 -1.98245e-08
-4.89898e-08 4.62553e-08 7.32376e-09
-1.11845e-08 7.81907e-09 -4.22128e-09
0.0 0.0 -3.8832e-08
-2.40371e-09 2.49844e-09 -1.1387e-10
5.26277e-10 6.45329e-10 -1.45987e-08
-3.22075e-09 1.81232e-09 -1.09807e-09
-2.87768e-08 1.55431e-08 -2.1691e-09
-4.30993e-09 -5.00443e-09 6.34059e-10
1.58836e-10 4.88837e-10 1.13667e-10
-4.03919e-11 2.07392e-09 2.40475e-09
-8.13748e-08 4.258e-08 1.54945e-08
-2.97823e-09 -2.03156e-09 -1.36481e-10
-1.82583e-06 -6.07401e-07 6.79018e-07
2.79119e-08 6.97264e-08 2.47621e-07
0.0 0.0 -3.8832e-08
3.37351e-09 9.87614e-09 -8.79849e-09
8.37647e-10 -3.5508e-09 3.44595e-09
-2.29579e-10 -1.34984e-09 -2.61542e-09
9.01106e-10 8.64868e-10 -4.37685e-09
4.11098e-10 2.29357e-09 -2.64941e-09
-1.71479e-08 -1.40653e-08 -3.8152e-09
-1.34321e-09 -4.26229e-10 -3.9706e-10
-1.39892e-08 1.62655e-08 -1.09409e-08
9.1375e-09 2.21883e-08 -2.13518e-08
3.34017e-10 2.77514e-09 -9.09809e-11
-1.61684e-08 3.0646e-08 -1.807e-08
-4.87375e-09 1.47346e-08 2.2478e-09
1.50763e-08 9.56186e-09 -3.7414e-09
-2.41458e-09 -1.44995e-10 -7.06947e-10
-1.37181e-09 3.07906e-09 -3.6287e-10
-4.1387e-07 -9.98176e-08 6.8726e-07
-6.9682e-09 -1.09218e-09 1.82413e-09
2.86173e-09 -3.72826e-10 1.4157e-09
4.56483e-09 -1.08999e-08 -2.22442e-08
-8.9772e-10 1.92127e-09 9.08193e-10
-2.84524e-07 1.28795e-07 1.30196e-07
2.82873e-08 4.94477e-08 -2.95415e-08
-1.02783e-09 1.75723e-09 -1.04296e-10
3.81394e-09 -8.78145e-09 -7.55927e-09
-9.54431e-08 2.83064e-08 -4.03396e-09
2.15936e-08 3.92354e-10 6.61341e-09
4.19977e-09 1.61624e-09 8.20355e-10
-2.85833e-09 -2.55214e-09 -6.10011e-09
-2.89033e-10 1.53333e-08 -5.02583e-08
2.46036e-08 1.00617e-08 -3.13953e-09
-1.08964e-08 -2.17742e-09 9.35154e-10
-2.82522e-10 -4.42557e-10 1.44355e-09
-2.10075e-09 3.11768e-09 -2.95187e-09
-1.33027e-08 1.84046e-08 -1.23152e-08
2.64205e-08 3.08471e-08 3.42039e-10
1.83683e-08 1.57283e-08 -8.57839e-09
-1.58963e-08 5.40531e-08 1.40377e-07
5.45237e-09 2.29128e-08 -2.75697e-08
-1.27232e-08 1.75571e-07 -1.57779e-07
-2.84443e-09 1.00434e-09 -4.50162e-12
-4.03425e-09 -1.5336e-10 2.216e-10
1.55271e-09 -3.21347e-10 -4.66983e-09
-5.6051e-10 1.04735e-08 -4.21669e-09
-3.54194e-08 -8.4298e-08 5.56105e-08
-5.33577e-10 -6.70188e-10 3.03137e-09
2.73206e-09 2.03526e-09 -1.14294e-09
-1.92647e-08 3.95653e-09 5.94303e-10
2.49378e-10 9.29602e-10 8.91832e-12
1.28477e-09 7.22587e-08 1.24258e-08
-1.15952e-08 3.04734e-09 -2.30501e-09
1.47084e-08 -1.44414e-08 3.67217e-09
-4.77279e-10 -8.39437e-10 1.28829e-09
-1.87334e-09 -1.88495e-08 -1.07719e-08
-2.82203e-10 -3.57515e-10 1.3254e-09
-2.2424e-08 2.13692e-08 -5.46456e-08
-8.86613e-09 2.57628e-08 -1.12011e-08
1.25961e-08 1.76459e-08 -1.22662e-08
2.97324e-09 -1.46506e-09 2.7211e-10
-1.36685e-08 -8.35304e-09 -1.01534e-08
-1.36559e-09 2.39524e-08 -7.59785e-09
2.68132e-07 -2.02917e-07 -4.24323e-08
7.92034e-08 -3.19057e-08 -1.97156e-08
-4.73831e-08 3.69806e-08 6.0435e-08
-3.29427e-09 7.07699e-09 7.50691e-10
-1.04805e-08 -7.34918e-09 -1.53064e-08
1.00741e-08 -9.23873e-09 2.64982e-09
-7.07955e-09 7.51103e-09 3.71562e-10
3.04843e-09 9.11081e-09 -3.55327e-09
-2.32582e-09 3.3463e-08 -3.82057e-08
-4.55176e-09 5.64141e-09 -2.75391e-09
-6.1888e-10 -4.9157e-10 -2.43758e-10
3.32593e-09 -3.76368e-09 1.92327e-09
-1.12863e-09 -1.99337e-09 1.93428e-10
3.15426e-09 1.19952e-08 -3.71075e-08
-3.48755e-10 -1.70395e-08 6.5142e-10
-2.40196e-08 -4.62019e-09 -2.06229e-10
1.74818e-08 -2.27945e-08 4.8659e-09
3.49701e-09 -8.97559e-09 -1.16467e-08
7.08499e-09 5.64329e-10 -9.16589e-09
-6.25745e-09 6.92185e-09 -8.46812e-10
4.74681e-09 2.15606e-09 -4.31808e-11
-1.96805e-08 4.03358e-09 1.44549e-09
1.76809e-09 -2.43398e-09 -1.52679e-10
3.91044e-09 6.40498e-10 -1.07069e-09
-2.11094e-08 4.79837e-09 -2.13632e-09
0.0 0.0 -3.8832e-08
-4.19647e-09 -2.58344e-09 1.13103e-10
-3.00094e-09 6.0374e-09 -1.45555e-09
-1.94823e-08 2.11161e-08 -2.75001e-08
-6.46313e-10 1.04132e-09 -3.8933e-08
-8.28127e-09 -8.95299e-10 -1.02795e-08
3.92227e-09 7.63546e-09 -6.44957e-09
-3.91414e-08 1.35757e-08 -1.36786e-08
4.10996e-08 -2.71884e-09 -7.90245e-10
8.63932e-09 5.17465e-09 -5.04879e-09
2.43701e-09 3.43676e-08 -2.61651e-10
2.42784e-09 1.21818e-09 -3.86875e-09
3.13592e-09 -1.56392e-11 -2.26518e-10
2.2255e-09 3.41515e-09 -9.55813e-09
1.30271e-08 -1.20489e-08 7.77732e-10
5.45062e-10 2.33055e-09 -4.69682e-09
-2.71967e-09 4.43645e-09 -3.63004e-09
-2.16254e-09 3.8197e-09 2.08629e-09
-3.82884e-09 3.03799e-10 -2.2119e-09
-1.79594e-08 -1.09703e-08 1.00755e-09
6.15004e-09 -1.38051e-08 7.85095e-09
-2.11667e-09 5.99726e-09 -1.08864e-08
2.07657e-08 -1.29191e-08 -1.26742e-08
3.38144e-09 1.92261e-09 -7.51344e-09
1.765e-09 -6.30688e-09 3.82076e-09
1.38679e-08 1.46704e-10 2.16767e-09
6.39984e-09 3.67561e-10 1.17712e-09
-9.46479e-09 2.93144e-09 -4.02532e-09
-1.4172e-08 -6.78692e-09 6.58642e-11
-5.22325e-09 7.56296e-09 -7.98322e-09
-5.09209e-08 -1.77347e-08 -1.59174e-08
0.0 0.0 -3.8832e-08
2.30462e-08 4.36905e-08 -5.01817e-08
-5.91137e-10 -5.41464e-10 -3.79704e-10
-2.97962e-09 1.89521e-09 -8.79965e-09
4.02243e-09 -1.73145e-09 -7.32806e-10
3.95452e-09 4.26144e-09 -1.77565e-09
-6.68308e-09 -2.10933e-08 1.42553e-08
6.67839e-08 7.44095e-08 -5.29009e-08
4.84942e-09 -9.40131e-09 -1.80798e-08
1.45955e-09 -1.31751e-07 1.92769e-07
-1.09922e-08 1.23761e-08 7.10006e-10
-2.99115e-08 -4.97981e-08 1.26238e-07
-1.42147e-08 1.84232e-08 -4.44939e-09
-5.93565e-09 6.87483e-09 -1.99559e-08
-8.44758e-09 2.31658e-09 -6.56872e-10
6.27369e-09 5.94771e-09 -5.48951e-09
1.50192e-08 -5.52449e-09 -4.52138e-09
-2.16972e-08 3.99875e-09 -1.50344e-09
-1.40899e-08 2.43675e-08 -8.35741e-09
-3.95457e-08 2.13671e-09 -3.71117e-08
-7.26476e-09 3.47827e-09 -3.33854e-09
-1.06001e-09 3.26921e-09 1.47687e-08
2.12563e-10 1.64607e-09 -1.08056e-10
-7.36624e-10 4.57064e-10 3.86944e-10
-1.94509e-08 8.65268e-10 1.52952e-08
-2.13396e-08 -5.05241e-09 -1.36575e-08
1.38525e-09 -2.86577e-09 3.16387e-09
0.0 0.0 -3.8832e-08
-9.85646e-10 1.49103e-09 -1.46226e-09
-4.48736e-09 1.16465e-08 2.99608e-09
-4.83127e-09 5.15557e-09 -3.03109e-09
-1.032e-08 1.85928e-08 -1.64337e-08
1.68972e-08 2.30497e-08 -1.44559e-08
-8.35786e-10 1.42421e-08 5.39726e-09
0.0 0.0 -3.8832e-08
-5.52484e-09 6.50789e-09 -3.74015e-09
8.41596e-09 2.68163e-08 2.5442e-09
-6.59274e-09 8.71722e-09 -5.37292e-09
2.47598e-09 -7.9715e-08 -6.45332e-08
-1.15582e-08 3.60334e-08 -4.18195e-09
-3.95422e-09 -2.62625e-09 -5.1324e-10
-2.97612e-09 -1.70821e-09 4.97303e-10
6.06307e-10 -1.67985e-09 1.37607e-09
-4.2898e-09 5.98597e-09 1.46727e-09
6.14996e-08 4.7897e-08 1.28678e-09
6.04362e-10 1.2879e-09 -1.50571e-09
-2.37389e-08 1.00787e-08 1.1411e-08
3.86668e-09 1.66735e-08 -1.93977e-08
1.64557e-08 2.76204e-08 1.19797e-07
-1.14656e-09 -5.92545e-09 3.98288e-09
-1.45519e-09 1.0728e-09 -2.34876e-10
-3.06535e-09 -8.66377e-09 -1.47427e-09
-7.34439e-09 -5.96977e-10 -5.22469e-09
7.02051e-09 -4.38158e-09 -3.03557e-09
3.06376e-10 -3.22045e-09 3.52038e-09
-1.27857e-08 1.64918e-08 -1.77864e-08
-6.96651e-09 -3.56708e-09 3.17897e-09
3.63838e-10 6.27875e-09 6.06091e-09
-1.59215e-09 1.25806e-09 -5.10638e-10
-2.76442e-09 -5.55945e-10 -6.85928e-10
2.09778e-09 -1.09288e-09 -3.34725e-08
-9.97391e-09 4.12211e-09 2.19072e-08
-4.11201e-09 5.88013e-10 -1.32806e-09
-9.00866e-10 -3.21858e-09 2.51134e-09
5.70956e-10 -1.01865e-09 1.1243e-09
3.26302e-09 2.00089e-08 -1.41937e-08
-1.86784e-08 4.8653e-09 -5.81334e-10
-2.9672e-10 -3.8008e-10 1.4226e-09
-2.41761e-09 2.14682e-08 -3.89771e-08
-6.70668e-10 2.32703e-09 -2.4146e-09
-8.16189e-09 1.23065e-09 2.7291e-10
5.81602e-09 -1.02366e-08 -6.75825e-09
7.60901e-09 3.43444e-09 -3.76125e-08
0.0 0.0 -3.8832e-08
-4.57683e-09 1.22941e-08 -1.03022e-08
9.95463e-09 -7.92094e-09 7.39853e-09
4.89461e-08 1.07674e-08 9.60814e-08
3.2814e-09 5.96096e-09 4.29974e-09
8.07672e-11 1.50657e-09 -9.60785e-10
7.47524e-10 -1.41396e-09 -5.32467e-09
2.73262e-11 5.8238e-09 2.7572e-09
-8.75977e-10 1.4832e-10 -1.56702e-08
-5.93119e-09 6.19225e-09 -1.36694e-08
3.82169e-09 -2.86159e-09 3.34173e-09
-1.85114e-09 -2.05314e-09 1.54862e-12
-3.48068e-09 -3.27352e-10 1.40297e-10
-4.61719e-09 1.11029e-09 -8.29242e-11
-1.15859e-08 3.44629e-09 1.178e-09
7.74207e-09 -4.00666e-10 1.00392e-10
-1.08676e-08 -2.62773e-11 -9.80799e-09
-2.69355e-09 -7.01535e-09 5.8546e-09
-9.41647e-09 1.69438e-08 -2.06044e-08
-1.03547e-09 7.14493e-10 -6.23388e-10
-1.5884e-09 1.53629e-10 -6.26829e-10
1.01658e-08 8.68222e-09 3.18922e-11
-6.20932e-09 1.83398e-08 -3.74217e-08
1.31717e-08 3.9593e-08 -5.14306e-08
3.44525e-10 2.94622e-08 -1.32731e-08
3.28201e-09 1.31096e-08 -2.55655e-08
-3.19443e-12 2.17892e-11 -1.10205e-11
-1.42662e-09 7.09107e-09 4.3189e-09
6.38842e-09 9.49811e-09 -1.24004e-08
3.38481e-10 -3.22502e-10 5.2185e-10
-5.75783e-10 1.2746e-08 -8.39023e-09
5.4519e-10 2.722e-09 -1.01441e-08
1.94675e-08 4.89498e-09 3.25883e-10
-1.1763e-10 -8.49505e-10 7.80304e-10
-1.43602e-08 -4.92764e-09 4.9064e-10
0.0 0.0 -3.8832e-08
-9.84577e-09 3.03507e-09 1.25379e-09
7.45092e-09 -2.28825e-09 -1.36603e-08
-2.92843e-09 1.17418e-09 -2.09056e-09
2.85722e-09 -2.75876e-09 3.42415e-09
-3.06754e-09 -5.96882e-09 2.75195e-10
-5.54751e-09 -1.96911e-08 1.77681e-08
-6.42621e-08 3.87035e-08 3.07019e-08
-2.64138e-08 -2.28519e-09 1.13098e-09
-2.45231e-08 1.77392e-08 -4.7829e-09
4.15323e-10 2.14947e-10 -1.94001e-10
-3.43227e-08 -1.83386e-09 -2.23095e-09
1.65069e-09 4.47662e-09 -3.65063e-09
1.9004e-09 -2.43603e-09 2.16584e-09
1.57636e-09 4.38489e-09 -3.67908e-09
-7.52104e-09 1.14706e-09 -7.62675e-09
-1.48276e-08 1.77982e-08 5.01591e-09
4.69961e-09 -1.80783e-09 1.59897e-09
7.46246e-10 4.98892e-10 -6.12753e-09
-2.33664e-09 1.98171e-08 -3.89522e-08
-1.64933e-08 4.90749e-09 -2.26515e-09
-2.6164e-08 1.35397e-08 6.3131e-09
-1.56425e-08 2.84824e-09 -3.10549e-10
-8.95693e-09 7.70244e-09 -1.56268e-08
5.82332e-09 -4.91906e-09 3.86505e-11
-5.19501e-09 4.01112e-09 -4.71334e-09
0.0 0.0 -3.8832e-08
-1.69298e-10 -8.08965e-10 9.65059e-10
2.54947e-09 5.36242e-09 -1.29577e-08
0.0 0.0 -3.8832e-08
-2.27309e-10 5.51313e-09 1.09303e-08
2.69829e-09 3.31418e-09 1.82401e-09
-1.41557e-09 1.93874e-09 -4.96681e-10
8.52809e-10 1.81799e-09 -1.80542e-10
8.16379e-09 3.70558e-08 -5.6698e-08
-6.04809e-09 -4.71701e-09 -1.13887e-09
-4.95254e-10 -1.94072e-08 7.56818e-09
-7.37298e-08 -4.14734e-08 4.78117e-08
-7.66614e-09 1.72739e-08 -3.60068e-08
-8.07728e-09 -1.19557e-08 -3.12148e-08
1.68089e-08 -1.49187e-08 1.83621e-08
-9.27644e-09 -2.76032e-10 -1.58928e-10
4.76967e-09 3.79285e-08 -4.6479e-08
0.0 0.0 -3.8832e-08
4.58432e-09 5.65062e-09 3.86055e-09
4.9259e-09 -2.36649e-09 -1.8297e-09
-5.6254e-09 -8.16029e-09 -4.19186e-09
9.04419e-10 -8.13022e-10 -1.04223e-09
1.7619e-09 4.91733e-08 -2.24204e-08
9.32765e-09 7.47657e-09 1.08339e-09
-7.18824e-09 -7.99821e-10 -1.68799e-08
7.9778e-09 9.07251e-09 -1.30707e-08
7.12629e-09 -9.42999e-09 1.45543e-08
-1.00068e-09 3.06453e-10 -3.01247e-10
-3.95806e-09 3.93707e-10 -3.33142e-10
-3.02027e-09 -6.69894e-10 9.0752e-10
-4.80372e-09 5.25027e-10 -1.51878e-09
0.0 0.0 -3.8832e-08
-1.02288e-08 4.84836e-10 7.01924e-09
-1.11436e-08 -2.14499e-09 -1.16686e-08
4.09143e-10 4.21416e-09 8.99989e-10
-2.14747e-08 9.56157e-09 -1.35175e-08
5.53767e-09 -1.28879e-08 1.52305e-09
1.92939e-08 -2.21064e-08 -1.56103e-08
-2.17584e-08 5.30472e-09 1.2574e-10
6.09e-10 -6.14705e-10 -1.55932e-10
4.2441e-09 -8.99133e-10 -2.05488e-09
-8.77238e-09 8.20443e-09 -2.97384e-09
-6.99877e-10 -1.18842e-08 1.68538e-09
1.42628e-08 5.46307e-08 2.10849e-08
-1.11484e-10 1.84157e-10 1.43836e-11
-1.23796e-08 5.9864e-09 -1.19971e-08
-3.0455e-12 2.1806e-11 -1.10205e-11
-1.41873e-09 -1.06584e-08 -9.67341e-09
-2.03082e-08 -3.36497e-08 -1.65352e-08
1.5469e-08 -2.60786e-09 -5.63451e-08
-1.74132e-09 3.67914e-10 1.14189e-11
0.0 0.0 -3.8832e-08
9.73548e-10 -8.395e-10 1.8165e-09
1.05949e-08 6.76869e-09 -1.39979e-08
-4.2561e-09 -6.32707e-10 6.49437e-10
1.96799e-09 -2.59205e-09 1.89004e-09
-1.8341e-09 2.19393e-08 5.27736e-09
1.62749e-08 -7.3698e-10 -2.98721e-10
-2.34083e-09 -2.92825e-10 8.41317e-11
-3.43436e-09 1.1616e-08 -2.42048e-08
1.08875e-09 1.26435e-09 -1.59332e-09
1.82026e-08 3.82312e-08 -3.08253e-08
8.50131e-10 1.39353e-09 -8.57265e-10
-8.91079e-09 -2.448e-08 1.11664e-08
-4.66934e-10 4.61788e-09 -1.63643e-09
0.0 0.0 -3.8832e-08
1.22016e-09 6.06016e-09 6.33472e-09
1.59552e-09 -9.4075e-10 1.99261e-09
-7.41083e-09 1.56662e-09 1.04759e-09
-2.2787e-08 1.56232e-08 -1.60394e-09
8.44814e-09 -5.22714e-09 8.90333e-09
5.86807e-09 1.61428e-08 -2.96987e-09
-4.07972e-10 -1.04741e-08 1.89484e-09
-6.5625e-09 3.00214e-09 -9.85926e-09
1.24857e-10 1.87926e-10 -2.15261e-09
-1.81358e-08 1.48233e-08 -3.70252e-09
-8.70171e-09 5.53529e-09 -9.38697e-11
-7.759e-09 2.98697e-11 3.83655e-11
1.26906e-10 -2.32681e-09 -3.0349e-10
1.74777e-09 1.706e-09 -1.14836e-09
-8.62263e-09 -1.5606e-08 6.82603e-08
-8.45405e-09 1.55139e-08 -2.89852e-08
-8.43654e-09 1.76524e-09 -1.46736e-09
-3.6631e-09 1.93797e-08 -2.79528e-08
-6.00837e-10 3.07928e-10 -4.67463e-10
2.04376e-08 -3.2724e-08 -4.06165e-08
-4.90813e-09 -1.11201e-08 -9.21629e-09
1.23156e-08 2.17301e-09 2.27997e-09
8.49486e-09 -1.55149e-08 -6.32428e-09
-3.07666e-09 5.92653e-10 -8.46002e-10
-3.89903e-10 6.11709e-09 -4.92369e-09
5.39112e-10 4.62012e-09 1.12167e-10
-3.15803e-09 1.7848e-08 -5.08039e-09
1.88427e-08 1.83401e-09 -3.74439e-09
1.62758e-08 -1.20677e-08 -8.74986e-08
1.39919e-08 3.9014e-08 -1.72e-08
-1.34049e-09 -9.85474e-10 -1.44121e-09
-1.78705e-09 -1.67481e-09 3.38768e-09
-1.09164e-08 6.97461e-09 -1.75059e-09
-6.54041e-09 7.76959e-09 -6.63494e-09
8.64873e-09 -2.68413e-09 -3.1937e-08
3.11089e-09 2.44694e-09 -2.14067e-09
2.75507e-10 3.3668e-10 -2.72183e-10
-1.00323e-08 1.45501e-08 -6.41939e-09
-3.77037e-09 1.3677e-09 3.68684e-09
3.00298e-09 1.0649e-09 -9.53313e-10
-9.79747e-09 -3.24898e-09 -1.85771e-09
-4.2043e-09 3.27572e-09 -8.29877e-10
-7.66944e-10 -4.70915e-09 -2.3258e-09
8.31385e-10 3.33869e-09 -2.84259e-09
-4.43881e-10 -3.48901e-10 -2.78774e-10
-3.12056e-09 6.41098e-09 -1.55546e-08
-1.4336e-08 -9.12378e-09 2.48198e-09
-1.32673e-08 4.0707e-09 -4.58798e-10
2.11327e-08 2.93986e-08 -5.94646e-08
1.40414e-09 5.86575e-10 2.82032e-10
-4.86066e-09 -3.8106e-09 -1.56139e-08
5.56326e-10 8.10665e-10 3.27782e-10
-9.30464e-10 -3.10399e-09 -1.42442e-09
-7.89582e-11 -6.83923e-10 3.29232e-10
-1.17704e-08 -7.83554e-09 -6.25569e-10
-2.41537e-09 6.81753e-10 -2.8124e-09
2.74521e-23 2.06795e-24 0.0
5.51926e-09 2.72361e-08 -2.86564e-08
3.8178e-09 4.23315e-10 -4.46563e-10
4.95318e-09 -9.75837e-10 3.06886e-09
-1.28378e-09 -4.94812e-09 -1.09912e-09
4.62703e-09 1.27623e-08 -1.79394e-08
-3.4301e-09 -2.41965e-10 -5.55011e-11
-1.71217e-09 -4.37889e-10 5.88199e-10
4.1359e-24 -3.30872e-24 0.0
-5.38754e-10 8.75924e-10 9.38947e-11
-1.80379e-09 1.46673e-09 -1.154e-09
2.71e-09 -5.92983e-09 -7.50702e-09
1.47479e-09 2.79928e-10 9.10731e-11
-4.31317e-10 6.34601e-09 -3.84202e-09
6.55328e-09 3.07944e-09 4.83425e-09
4.3896e-09 -1.78986e-09 -3.5744e-08
9.73948e-10 1.9736e-09 -2.33361e-09
-1.54668e-09 5.20572e-09 -1.75636e-09
1.31933e-09 8.9449e-10 -5.71782e-10
1.42953e-09 7.43919e-09 3.20431e-09
1.08546e-09 -2.41526e-08 -1.8197e-08
-1.132e-08 3.93632e-09 9.81516e-12
-1.45125e-08 -2.60422e-08 1.09025e-08
-1.56643e-09 1.92717e-09 -3.46482e-09
6.86745e-10 2.12992e-09 -1.7031e-10
3.67304e-09 1.90807e-09 -1.8085e-09
-1.30244e-09 4.25231e-09 -4.54079e-08
-1.17092e-10 -6.79659e-10 3.29219e-10
5.71951e-09 -1.58895e-09 1.48782e-09
-5.5273e-09 1.98488e-09 -2.89726e-09
1.41188e-09 -2.10376e-09 -8.41215e-10
-3.3211e-09 1.85169e-08 1.859e-08
9.17383e-10 -2.50783e-10 1.17837e-09
-1.07689e-08 1.39362e-08 8.04033e-10
-1.30356e-08 -6.06229e-09 -3.53129e-09
2.84519e-09 7.45869e-09 1.0556e-09
1.96467e-09 -3.40319e-09 3.24108e-09
4.96902e-09 -1.12713e-09 -6.63073e-11
-7.93797e-10 -1.28564e-10 1.00558e-09
2.88577e-09 -1.07817e-09 1.13534e-09
-3.42855e-09 -1.93867e-09 8.24742e-10
-1.3367e-09 2.74275e-09 2.32971e-09
4.18835e-09 2.32278e-08 -6.53303e-09
-3.21508e-09 -2.46815e-09 -8.09162e-09
2.26181e-08 -2.20163e-08 1.43763e-08
-3.6109e-09 3.16811e-10 -1.28617e-09
8.35406e-10 5.89554e-10 2.35641e-10
-1.34271e-09 -1.33578e-09 2.29561e-10
3.13254e-09 2.01919e-08 -1.27069e-08
3.39683e-09 -4.37137e-09 4.46472e-09
-8.28013e-09 1.61092e-09 -3.59729e-09
-4.83981e-09 1.29771e-09 -1.30946e-09
3.46734e-09 7.47003e-10 -2.69147e-09
3.65844e-09 -8.04576e-09 -4.93543e-09
6.08245e-10 -7.92742e-10 -4.42001e-09
4.34346e-09 3.10064e-09 -3.31798e-08
1.67634e-09 1.76403e-09 -1.83869e-09
-1.19976e-08 -3.14933e-08 7.02403e-09
2.98268e-09 2.91263e-09 -2.7408e-10
-3.72031e-10 2.12951e-09 1.78108e-11
-4.23088e-09 4.6795e-09 -1.70742e-09
-1.74131e-09 -1.31757e-09 -1.55513e-09
-7.26955e-09 1.10681e-08 -8.80987e-09
9.89878e-09 9.02559e-10 1.77537e-09
1.38285e-10 3.73252e-10 -9.5607e-10
2.4964e-09 -2.37309e-09 2.00556e-09
2.40645e-08 2.27131e-09 1.86652e-09
-1.81563e-09 6.41782e-09 1.51219e-11
2.31825e-09 1.73312e-09 -1.24008e-09
-9.09534e-09 -8.52508e-09 -3.08319e-09
3.34292e-09 1.39833e-08 -3.24004e-09
1.58695e-08 -1.59502e-09 1.44049e-09
-2.65215e-09 -5.73084e-09 -1.83787e-09
-2.05745e-09 4.19964e-10 1.87897e-10
-1.40639e-08 4.02485e-09 -6.72641e-09
1.0538e-09 3.3508e-10 -5.31311e-10
4.26925e-09 -7.33399e-09 -5.91246e-10
-1.33414e-09 -1.59459e-10 -6.12534e-10
-1.95668e-09 -1.89312e-09 2.39135e-09
2.20594e-09 -3.27851e-09 1.90868e-09
3.80907e-09 2.52773e-08 -2.02756e-08
5.82966e-10 -5.93435e-10 8.69244e-11
-4.32312e-09 -1.39236e-10 -3.64027e-10
1.47322e-09 8.78262e-11 8.18619e-10
7.26938e-09 3.54253e-09 -3.86453e-09
1.87378e-09 8.14567e-10 -2.3853e-09
-1.40995e-08 5.96738e-08 2.79432e-08
-4.0804e-09 -2.67249e-09 2.3321e-09
-1.26607e-08 2.78775e-09 -3.99346e-09
-2.35684e-09 -3.54454e-09 1.76266e-09
-5.08462e-09 -1.57928e-09 1.43042e-09
6.59001e-09 6.32059e-09 7.30055e-10
1.47212e-09 -3.53254e-10 4.83088e-09
-2.3104e-09 -4.5262e-09 -5.23085e-10
-2.39755e-09 3.19435e-10 8.37065e-10
2.58967e-09 7.95888e-10 -4.61429e-10
-3.01939e-09 -3.6124e-09 2.06075e-09
-1.09052e-09 2.95811e-08 -1.67902e-08
-8.84578e-10 7.79798e-09 9.25098e-10
6.03895e-11 4.10462e-09 -3.39005e-09
-1.94277e-09 -4.94086e-10 -1.09284e-10
-3.98269e-09 -4.1584e-09 2.80372e-09
3.38757e-09 -5.88194e-10 6.69539e-10
1.68894e-09 5.66642e-10 -1.78931e-09
-8.11576e-09 -5.25544e-09 3.55321e-09
-3.01424e-09 -8.43051e-10 1.94688e-09
-3.50475e-09 8.42018e-09 -1.47173e-09
-5.51948e-09 -7.38271e-09 2.79456e-09
-1.84839e-09 3.36481e-09 3.49141e-10
-2.95848e-09 -2.89261e-10 1.45763e-09
-1.26172e-09 -1.68382e-09 7.82047e-10
-3.91345e-09 1.54406e-09 -6.53764e-10
-5.08474e-10 3.02047e-10 -8.49825e-10
1.18118e-09 2.17127e-09 -2.62582e-09
-6.98304e-10 -3.15261e-10 7.11551e-11
3.20776e-11 -3.04903e-10 -1.71988e-08
-2.4022e-09 4.35287e-10 -3.90043e-10
9.4405e-10 8.93749e-10 4.04115e-09
8.37997e-10 -2.34352e-10 1.33238e-09
-9.08814e-10 -4.33049e-10 -7.3571e-10
-6.33458e-10 2.00577e-09 -1.23665e-09
-1.96105e-08 -1.17662e-08 -3.68215e-09
1.42749e-09 5.50875e-10 -6.45045e-10
1.06237e-09 2.25973e-09 -1.22794e-09
7.36814e-10 6.02781e-10 -2.35236e-10
-3.47627e-09 1.37256e-09 -1.10514e-10
-2.42672e-09 -1.49354e-09 -2.39421e-09
1.07941e-10 7.40288e-10 -1.74365e-09
-8.01396e-10 -1.23994e-10 -5.04708e-10
-1.70564e-09 -3.52013e-10 4.92556e-11
-1.60926e-09 -7.665e-12 2.87502e-10
-1.91716e-09 1.67332e-09 -1.38272e-09
2.06681e-09 -2.66979e-10 1.82219e-09
-7.62283e-10 -6.1519e-09 4.66412e-09
1.34365e-10 3.36484e-09 1.78658e-09
2.58219e-09 4.90661e-09 -9.14835e-09
-1.62664e-08 1.45153e-09 8.23729e-10
1.193e-09 2.24969e-08 7.36445e-09
1.17357e-09 4.01119e-09 -9.06567e-10
-1.71738e-09 8.81336e-09 3.55397e-11
5.47069e-09 2.27927e-09 1.73596e-10
2.96075e-10 2.00334e-09 1.04527e-10
-1.5023e-09 1.97141e-09 -1.33721e-09
-9.31461e-11 4.77035e-11 -3.80825e-08
-1.76097e-09 5.17131e-09 -5.35786e-09
-1.28056e-08 7.54894e-09 1.08732e-09
-2.98162e-09 -2.47343e-09 -4.67711e-09
1.40704e-08 2.54164e-09 -2.78553e-09
-2.82036e-09 2.22296e-09 -1.74414e-09
0.0 0.0 -3.8832e-08
-4.36358e-10 -3.02804e-09 7.22316e-10
-2.05515e-09 -1.75546e-09 1.98976e-09
3.7492e-09 -8.73446e-09 1.25072e-09
1.51635e-09 -1.59521e-09 2.81244e-09
-3.18687e-09 -4.59178e-10 -4.59813e-10
8.75732e-10 -7.60637e-10 1.42106e-09
-2.23351e-09 -5.54948e-09 -4.23186e-09
2.75003e-10 1.582e-09 -5.00039e-10
1.96105e-09 3.33641e-10 -1.04113e-09
-1.24957e-09 9.68717e-10 -2.48852e-10
-4.52852e-10 -1.59637e-10 1.80333e-09
2.39964e-09 5.51184e-10 2.78582e-10
-6.91709e-10 2.40858e-09 -2.83128e-09
1.46467e-09 1.00877e-09 -9.18125e-10
-2.19231e-09 8.33293e-10 -3.92962e-10
-3.37784e-09 9.89963e-10 -8.58038e-10
3.69629e-09 -1.32421e-10 1.07048e-11
-3.76358e-10 -2.78331e-09 -9.12479e-10
-2.50793e-09 1.08687e-09 2.06522e-10
2.98862e-09 -5.07362e-09 8.04383e-11
-1.1505e-09 -2.80925e-09 1.27549e-09
-1.32151e-08 6.40015e-09 -5.20938e-09
3.77816e-09 2.72175e-09 4.00603e-10
-3.91377e-09 -1.29128e-09 -5.39447e-10
7.98641e-09 -1.17984e-08 -2.24171e-08
3.49155e-09 -4.83461e-09 -7.58363e-09
-9.16451e-09 -1.08338e-09 -5.36501e-10
-1.66453e-09 2.2306e-08 4.46887e-09
-6.10375e-10 2.19068e-09 1.19342e-09
1.00429e-09 2.3622e-09 4.44755e-10
3.72559e-10 -2.73177e-11 2.58161e-10
-1.45688e-10 -3.56942e-10 -4.63724e-09
1.03755e-08 2.94273e-09 5.73671e-10
1.18256e-09 -1.95607e-10 3.10966e-10
3.42553e-09 -6.24215e-09 -1.08877e-08
7.87667e-10 2.63052e-09 -2.46744e-10
-1.15785e-09 -1.6422e-09 1.32323e-09
-1.49897e-08 -1.23041e-09 -4.25174e-09
1.35794e-09 1.48909e-09 -2.66227e-11
-1.32799e-08 4.00028e-09 -2.36399e-10
7.92414e-10 -1.41515e-09 1.32977e-09
4.38541e-09 4.91996e-10 -3.34854e-09
5.98932e-10 3.13819e-09 -2.37574e-09
-3.71305e-09 -7.80764e-10 3.12235e-09
-5.42854e-09 2.88888e-09 -6.86513e-09
4.37765e-09 2.26854e-08 -1.39583e-09
-2.7224e-09 -4.62329e-10 3.09043e-10
-6.90595e-10 5.2673e-10 -4.39182e-10
9.81143e-09 -1.47752e-09 -1.33172e-09
-1.091e-08 4.42934e-09 6.91227e-10
6.6364e-10 5.24419e-10 -2.73258e-10
-2.26845e-10 4.93235e-10 -1.09875e-09
-3.10535e-10 -2.63889e-09 1.861e-09
-7.9218e-10 -1.64506e-10 1.12029e-10
-4.52515e-09 1.86387e-09 -1.17014e-09
-2.36603e-10 8.10753e-10 9.18671e-09
-6.63397e-09 -3.56974e-09 -4.21655e-09
-1.36924e-09 1.59966e-09 -1.32614e-09
-2.69601e-09 -7.93061e-10 5.15817e-09
-9.28926e-10 2.21756e-09 1.77023e-09
3.63861e-10 -3.85942e-09 1.25196e-09
-2.7886e-09 3.65192e-09 -3.37185e-09
8.07719e-09 1.10199e-09 7.66313e-10
-2.89913e-10 5.3351e-10 -7.5479e-09
1.31983e-09 -1.03645e-09 1.70743e-09
2.56903e-09 -6.82935e-09 1.05284e-09
-3.64704e-09 7.18384e-09 1.33768e-09
2.03603e-09 -1.80455e-10 -5.94521e-11
-3.49424e-09 1.36043e-09 4.55419e-09
6.13739e-10 -3.93432e-10 4.86559e-10
2.03748e-09 -1.46532e-09 2.95716e-09
8.20522e-09 6.44896e-08 1.16227e-08
-1.44311e-09 2.41768e-10 5.42509e-10
4.1893e-09 -2.58175e-11 -2.19123e-09
-2.74449e-09 1.45376e-09 -1.67238e-09
1.78573e-09 2.59386e-08 -1.69251e-08
-6.55119e-10 -3.6095e-10 -1.01624e-09
7.16085e-10 8.57437e-10 4.42016e-10
-1.97644e-09 6.68842e-09 -7.11606e-09
-3.37536e-09 -6.25576e-10 -1.1589e-09
8.74583e-10 2.30694e-09 2.16976e-10
8.00641e-10 3.02292e-09 1.58557e-10
-1.83646e-10 -1.18264e-09 1.8161e-09
-2.14247e-10 -1.60878e-09 1.18773e-09
7.1301e-09 7.52436e-09 -2.51074e-09
3.47063e-09 1.3006e-09 2.44067e-09
4.0091e-09 -1.79506e-09 1.4454e-09
2.9646e-09 9.0302e-11 5.03241e-09
-4.65375e-11 -1.08442e-09 -2.17867e-09
3.71649e-10 8.32876e-10 -7.95787e-10
-3.53318e-10 -2.17181e-09 -2.46851e-09
4.0009e-09 4.44053e-09 -3.46364e-09
7.56905e-09 1.04189e-09 1.74634e-09
1.92624e-09 -2.6432e-09 3.29569e-09
-6.28112e-09 -3.69035e-09 2.69859e-09
-1.33646e-09 1.62353e-09 -1.63144e-09
5.95754e-09 -1.58138e-09 -6.37891e-09
-5.80607e-09 5.57997e-10 -1.83147e-09
8.88128e-11 -7.71454e-10 -1.05793e-09
-7.52372e-09 7.56041e-10 -1.93031e-10
1.31036e-09 -1.17634e-09 2.61283e-09
-2.04451e-10 -2.47662e-09 -6.60265e-09
2.83751e-08 -5.00782e-08 2.62577e-08
-6.14525e-09 -4.51558e-09 6.06441e-09
3.6515e-09 2.49283e-09 -2.39644e-09
6.6081e-10 4.21785e-09 -2.35756e-09
5.71609e-09 -1.4774e-09 -1.08641e-09
-3.54885e-09 1.02863e-08 -5.18471e-09
3.68007e-09 -2.33185e-09 -5.73044e-10
6.77634e-09 -5.41522e-09 1.80041e-09
-4.03452e-09 -5.2664e-09 1.12403e-09
-2.19064e-08 6.84508e-09 -3.56937e-09
-4.77543e-09 -1.72343e-08 -2.86543e-09
-1.68976e-08 4.76614e-09 -2.4675e-09
1.97877e-09 -3.2305e-09 5.1026e-10
3.09153e-09 -2.44876e-09 -2.34908e-09
2.56675e-09 -1.22179e-09 3.73272e-09
-6.74967e-09 -4.82696e-09 -3.29501e-09
4.48802e-09 -2.05353e-10 1.88051e-09
-3.72377e-09 -2.12816e-09 -1.38427e-08
1.2906e-09 2.4232e-10 6.23275e-10
5.09061e-10 1.15593e-10 -2.2525e-10
3.48251e-09 -1.75568e-09 -2.13741e-09
-2.33911e-09 9.22514e-10 -8.96352e-10
7.35634e-09 4.50614e-10 -2.85886e-09
4.79276e-09 4.30772e-09 -1.71713e-09
2.19928e-08 2.35542e-09 6.16923e-09
3.74708e-10 4.01875e-10 -1.05902e-09
1.69437e-09 8.62336e-10 -4.98498e-09
1.07122e-10 5.9917e-10 -4.10544e-09
1.0811e-09 9.37175e-10 -4.07499e-10
-1.58466e-08 -6.0721e-09 -1.93479e-11
-4.32416e-09 -4.47704e-09 -6.16811e-09
-1.94968e-09 -5.67463e-10 4.46116e-09
9.09572e-09 -8.87153e-10 2.85061e-09
4.55895e-09 -1.62235e-09 -1.36797e-09
-1.87121e-08 6.53343e-09 -3.59846e-09
7.99507e-09 4.43464e-09 -6.50215e-09
-7.30426e-10 1.09419e-09 -8.077e-10
2.31755e-09 1.07545e-09 -9.61854e-11
-1.70196e-09 -5.02332e-10 7.15318e-10
2.38025e-09 6.89356e-09 -6.05667e-09
4.33796e-09 1.03689e-09 7.50878e-10
-4.55512e-10 4.07286e-09 -7.01535e-10
-2.53193e-09 -1.59967e-09 -2.02708e-10
3.21023e-09 -4.21089e-09 6.48426e-09
-6.40512e-11 6.57903e-10 1.07444e-09
-1.37776e-08 8.16813e-09 -3.52119e-09
-1.19211e-08 2.1015e-09 -6.1567e-10
1.06213e-08 6.52242e-09 -1.97384e-09
5.228e-09 1.67385e-09 -3.29936e-10
1.90678e-08 -2.78635e-08 -7.60574e-09
1.93178e-09 -3.56652e-09 5.65014e-09
-3.33927e-09 -3.86204e-09 -3.54855e-09
-1.25165e-08 7.42351e-09 -3.04786e-09
1.79745e-09 7.64245e-09 -1.22004e-08
-5.36699e-09 -4.58954e-09 -4.31272e-09
-2.48946e-09 -9.98503e-10 -4.26344e-09
5.08703e-09 -7.13217e-09 3.78421e-09
2.49432e-10 1.78995e-09 -3.6403e-10
2.2423e-09 -1.4267e-09 -2.13249e-11
2.59129e-09 3.45952e-09 -1.05122e-09
4.00166e-10 3.14604e-10 -7.11836e-11
5.02959e-11 -7.24292e-09 -8.13373e-09
1.25107e-09 1.41779e-09 -8.30388e-10
-2.34979e-09 5.28596e-09 -3.62159e-10
1.44407e-09 -5.15874e-09 4.1192e-09
4.12681e-09 1.14886e-08 3.04887e-09
1.763e-08 5.20302e-08 1.55991e-08
-4.76522e-12 8.53321e-12 -4.86579e-12
-2.10108e-09 6.45739e-09 -3.43492e-09
-3.32554e-09 -2.8825e-09 -2.10228e-09
-3.31557e-09 -3.7625e-09 8.0625e-09
2.32256e-09 -2.11817e-09 -2.26075e-09
-5.73113e-10 -2.95722e-09 -9.85797e-10
3.96057e-09 -3.07894e-09 3.98943e-09
-2.05308e-09 3.27817e-10 -7.69378e-09
1.92671e-09 4.92248e-09 -6.5134e-09
6.2495e-09 -6.38497e-10 5.75437e-09
-4.19398e-09 9.33529e-09 -3.71521e-09
-3.60419e-09 -6.41642e-09 1.44511e-09
-4.28001e-09 -1.84987e-09 -9.58152e-10
-6.1861e-10 8.49128e-10 -2.72988e-10
-1.00861e-08 -6.15622e-08 2.15672e-08
9.71608e-09 -1.57591e-09 -1.13607e-09
-2.97121e-10 3.38689e-09 6.95306e-09
0.0 0.0 -3.8832e-08
-1.96895e-09 3.13682e-09 3.66274e-10
9.36321e-10 -1.61732e-08 3.04121e-09
-6.59414e-10 4.99618e-10 1.04663e-08
-2.78328e-09 -9.82329e-10 -2.63074e-09
3.52532e-08 -1.53811e-08 2.14865e-08
-2.7011e-09 -8.04574e-10 4.86929e-09
9.39474e-10 4.52096e-10 -5.3954e-10
-1.12787e-08 7.37981e-09 -3.13198e-09
3.22824e-09 1.47773e-09 -3.52115e-09
5.01413e-09 -2.00374e-09 2.84233e-09
3.37276e-09 4.02192e-09 -1.68187e-09
-2.14933e-09 -3.4887e-09 1.06889e-09
7.9666e-10 7.1985e-09 6.33016e-10
-2.84932e-10 -1.98275e-09 -5.29634e-09
-5.38362e-09 5.08035e-09 -3.45083e-08
-5.05593e-09 1.41783e-08 -5.90507e-09
-1.88708e-09 -1.13933e-09 4.05526e-09
4.77095e-09 7.2305e-09 -1.28954e-08
