# vtk DataFile Version 3.0
LIGGGHTS particles timestep 35000000
ASCII
DATASET POLYDATA
POINTS 885 float
0.16665 0.0150887 0.0104183
0.174374 0.018723 0.00698058
0.161956 0.0181796 0.0072211
0.174229 0.0179165 0.00720888
0.155367 0.0154332 0.00938127
0.169276 0.0191839 0.00691429
0.174082 0.017675 0.00730958
0.167905 0.0169677 0.00770901
0.169051 0.0195025 0.00701486
0.179536 0.0174729 0.00726331
0.179593 0.0177627 0.00721028
0.179231 0.0162817 0.00808588
0.168444 0.0190422 0.00700551
0.167504 0.0155685 0.00932535
0.179166 0.016061 0.00827817
0.169121 0.0163147 0.00806233
0.175229 0.0187676 0.00696925
0.172356 0.0149694 0.0116055
0.17936 0.0167176 0.00769416
0.179657 0.0180523 0.00716583
0.173725 0.0177155 0.00730964
0.173629 0.0153536 0.00893411
0.167584 0.0177297 0.0074518
0.167942 0.0174094 0.007591
0.178909 0.015255 0.0091056
0.16381 0.0169786 0.00752123
0.172069 0.0151866 0.012888
0.175118 0.017845 0.00723047
0.172032 0.0148952 0.0130555
0.162897 0.018494 0.00738398
0.168791 0.0158042 0.00858586
0.180144 0.0190202 0.00702567
0.172749 0.0150863 0.00995675
0.174038 0.0184514 0.00705806
0.167225 0.0162946 0.00810579
0.179722 0.0183419 0.00712138
0.178971 0.0153897 0.00884487
0.179036 0.0156124 0.00865464
0.174662 0.016459 0.00795385
0.173013 0.0157732 0.00901769
0.174321 0.0171784 0.00754202
0.179977 0.0195004 0.00694348
0.163256 0.0198028 0.00707806
0.161952 0.0172641 0.00747962
0.16798 0.0161212 0.00823256
0.174779 0.0183774 0.00707912
0.168109 0.0157338 0.0088971
0.179416 0.016936 0.00749624
0.167881 0.0177396 0.00749044
0.174619 0.0162158 0.00812419
0.173541 0.0175327 0.00745968
0.174128 0.0163614 0.008124
0.17469 0.0176459 0.00728624
0.179474 0.0171941 0.00735506
0.171882 0.0155216 0.0136007
0.17264 0.0149638 0.0120805
0.17555 0.0181999 0.00713059
0.173054 0.0157905 0.00871556
0.175396 0.0173334 0.00737586
0.173468 0.0161874 0.00836992
0.174278 0.0158473 0.00843969
0.174913 0.0170998 0.00747776
0.173616 0.0163901 0.00820575
0.175245 0.0190615 0.00691118
0.168002 0.0154826 0.00937941
0.168788 0.0159666 0.00833351
0.173552 0.0161084 0.00864679
0.174678 0.0189324 0.00692172
0.173688 0.0158903 0.00885871
0.173929 0.0179155 0.00721682
0.174362 0.0164928 0.00799036
0.174527 0.0178885 0.00721727
0.179786 0.0186315 0.00707692
0.173713 0.0183021 0.00709883
0.160395 0.0148684 0.0114294
0.174945 0.0190693 0.00691503
0.175477 0.0178838 0.00722005
0.166943 0.0151678 0.009833
0.173576 0.0168916 0.00787971
0.173927 0.0158308 0.00851686
0.17365 0.0180199 0.00717869
0.174929 0.0187742 0.00696692
0.173268 0.0154072 0.0089287
0.166679 0.0148931 0.0101926
0.156705 0.0155801 0.00897508
0.167001 0.0156701 0.00913336
0.173786 0.0170574 0.00772794
0.168639 0.0177767 0.00753561
0.174826 0.0179139 0.00721052
0.168979 0.0192268 0.00692118
0.179103 0.0158346 0.00846478
0.179296 0.0165 0.00789041
0.171923 0.0152353 0.0135208
0.174076 0.0181648 0.00713828
0.166317 0.0147747 0.0117576
0.179862 0.0189185 0.00703323
0.174983 0.0175834 0.00730441
0.173353 0.0153276 0.00920505
0.167542 0.0165201 0.00778346
0.17373 0.0160476 0.0084113
0.167675 0.016245 0.00809171
0.175118 0.0165642 0.00779394
0.174138 0.0190295 0.00690425
0.163237 0.0165661 0.00774663
0.175315 0.018379 0.00707949
0.174799 0.017355 0.00736882
0.167005 0.0150012 0.0100746
0.162407 0.0156311 0.00891141
0.173988 0.0172427 0.00756481
0.168511 0.0157617 0.00873865
0.175696 0.0173462 0.0073727
0.168495 0.0182378 0.00734549
0.174436 0.0169379 0.0076794
0.172099 0.0149147 0.0127637
0.173918 0.0192222 0.0069722
0.167494 0.0164693 0.00817475
0.172162 0.0149347 0.012471
0.172973 0.0154884 0.00893276
0.172796 0.0149585 0.0116676
0.174184 0.0174136 0.00741585
0.174662 0.018643 0.00700368
0.172509 0.0149793 0.011319
0.162743 0.0196293 0.00701405
0.171972 0.0150109 0.0133264
0.173607 0.0166404 0.0080407
0.155651 0.0169756 0.00784529
0.174831 0.01665 0.00779347
0.171812 0.0156908 0.0138394
0.16772 0.0160178 0.00848943
0.168269 0.015378 0.00949622
0.162286 0.0160099 0.00842123
0.17498 0.0181628 0.00714023
0.162954 0.0176249 0.0073971
0.174732 0.0168943 0.00765025
0.161429 0.0159693 0.0084123
0.166368 0.0149684 0.0115738
0.174109 0.017004 0.00769978
0.161657 0.0157587 0.00869351
0.168279 0.0160112 0.00835213
0.172313 0.0149674 0.0119024
0.172 0.0153058 0.0131561
0.17313 0.0160693 0.00851516
0.16808 0.0169668 0.00795259
0.168771 0.0156608 0.00885034
0.168552 0.0163514 0.00828413
0.168215 0.0155595 0.00918296
0.1744 0.0181539 0.00714186
0.167878 0.0190403 0.00702993
0.174151 0.016753 0.00785879
0.169026 0.018481 0.00721991
0.168288 0.0170292 0.00774518
0.179915 0.0192103 0.00698808
0.173855 0.0167822 0.00789762
0.161696 0.0171104 0.00750853
0.16716 0.0161534 0.00838353
0.168599 0.0165964 0.00811746
0.168954 0.0182142 0.00733641
0.16849 0.0151739 0.00982011
0.167569 0.0158683 0.00885459
0.173677 0.0155743 0.00873674
0.173854 0.0189338 0.00692003
0.173779 0.0185958 0.00701571
0.155118 0.0159857 0.00850605
0.168514 0.0173555 0.00768561
0.174429 0.0190993 0.00692743
0.160967 0.0154927 0.00897288
0.168745 0.0167309 0.00789201
0.175096 0.0173163 0.00738027
0.167426 0.0170189 0.0076281
0.167818 0.0187709 0.00714706
0.168573 0.0153105 0.00953589
0.173316 0.0156493 0.00875811
0.174617 0.0171359 0.00751459
0.163813 0.0161636 0.00825433
0.167468 0.0172653 0.00779396
0.173643 0.0172889 0.007602
0.168897 0.0187517 0.00722853
0.172846 0.0151179 0.00936563
0.167354 0.0168352 0.00804398
0.161161 0.0152454 0.00934315
0.175271 0.0180931 0.00716041
0.156689 0.0169907 0.00754542
0.168171 0.0178149 0.00750976
0.169476 0.0170012 0.00783056
0.173551 0.0158115 0.00860376
0.168995 0.0154693 0.00913542
0.16143 0.0165085 0.00819292
0.168308 0.018798 0.00711506
0.168238 0.01585 0.00865254
0.167848 0.0158719 0.00871833
0.175282 0.0176037 0.0072991
0.169361 0.0155844 0.00882887
0.167639 0.0156969 0.00909067
0.1688 0.0153788 0.00935133
0.169497 0.0167018 0.00795703
0.161363 0.0157838 0.0086394
0.167034 0.0158446 0.0088916
0.174519 0.0166906 0.00782786
0.156047 0.0158613 0.00859465
0.173336 0.0167668 0.00801
0.168662 0.014795 0.0106744
0.161526 0.0153739 0.00916486
0.174338 0.0184364 0.00706173
0.174074 0.0187377 0.00697596
0.168702 0.0155273 0.0091099
0.161299 0.0164539 0.00779586
0.167391 0.0159825 0.00864182
0.169212 0.0166138 0.00798972
0.162164 0.0197456 0.00709472
0.17344 0.0171256 0.0077507
0.167846 0.0153839 0.00961582
0.168216 0.017307 0.00765769
0.161711 0.0166695 0.00799934
0.163419 0.0194846 0.00693862
0.166905 0.0155007 0.0093618
0.173327 0.016518 0.00817742
0.169051 0.0151108 0.00989574
0.163204 0.0158378 0.00866764
0.167293 0.0165518 0.00796727
0.168076 0.018629 0.00720216
0.167111 0.0160843 0.0086719
0.168457 0.01637 0.00795272
0.162238 0.016189 0.00818532
0.168207 0.0161971 0.00803419
0.162533 0.0162494 0.00812141
0.161836 0.0171965 0.00776499
0.169014 0.0173477 0.00770248
0.162181 0.0178251 0.00733608
0.174501 0.0173834 0.0073903
0.160785 0.0151178 0.00976485
0.174083 0.0160516 0.00833923
0.161453 0.015197 0.00939565
0.162743 0.0190706 0.00701754
0.162003 0.0175496 0.00740309
0.167726 0.0165734 0.00801502
0.167672 0.0181223 0.00735453
0.168867 0.0175911 0.00760509
0.16753 0.0153963 0.00956963
0.172908 0.0152505 0.00910391
0.168999 0.0189455 0.00702346
0.173878 0.0162504 0.00824714
0.157747 0.0183177 0.00708078
0.167357 0.0167541 0.00775519
0.167931 0.0156345 0.00912442
0.173888 0.0165311 0.00805828
0.168017 0.0159724 0.00849131
0.16419 0.0179593 0.00728249
0.169257 0.0188007 0.00707428
0.162629 0.0187812 0.00709262
0.161477 0.0172185 0.00772376
0.169413 0.0164086 0.00807503
0.161582 0.0155601 0.00893621
0.170706 0.0199451 0.0154942
0.167988 0.0164104 0.00815313
0.169447 0.0158778 0.00828963
0.174379 0.0176375 0.00728813
0.168441 0.0156282 0.00899803
0.16725 0.0164274 0.00835735
0.172957 0.0155505 0.00922585
0.175047 0.0185086 0.00704234
0.169065 0.0156042 0.00887321
0.156618 0.0157342 0.00873271
0.168475 0.015459 0.00929429
0.161841 0.0174782 0.00766216
0.157017 0.0160133 0.00825314
0.169082 0.0159074 0.00834348
0.167683 0.0170467 0.00789932
0.162361 0.0154443 0.00914161
0.168716 0.0162373 0.00802578
0.166844 0.0153275 0.00959902
0.163944 0.0172494 0.00745489
0.16974 0.0159457 0.00824965
0.161722 0.015944 0.00846677
0.169329 0.0150721 0.00976552
0.161236 0.0154371 0.00912474
0.162819 0.016303 0.00804893
0.173194 0.0163072 0.00834407
0.163702 0.0195702 0.00698468
0.163222 0.0188357 0.00708763
0.163208 0.0182595 0.00722493
0.161421 0.0169915 0.00752944
0.162401 0.0177767 0.00753421
0.168756 0.0171964 0.00776368
0.168531 0.0159047 0.00847569
0.169253 0.0160599 0.00814999
0.161854 0.0189268 0.00700221
0.169214 0.017139 0.00778289
0.167695 0.0171662 0.00762441
0.163388 0.0191515 0.0070128
0.163241 0.0177007 0.00735743
0.16325 0.016808 0.00756974
0.169024 0.016592 0.0082228
0.168704 0.0189013 0.00705456
0.169037 0.0152082 0.00959533
0.157126 0.0176736 0.00722305
0.168322 0.0184663 0.00725731
0.155255 0.0150803 0.00997434
0.175582 0.0176134 0.00729681
0.169554 0.0190756 0.00694494
0.167757 0.0185001 0.0072609
0.172797 0.0151023 0.00966106
0.172253 0.0150054 0.012194
0.148439 0.0147115 0.0112327
0.169538 0.01812 0.00735209
0.168717 0.0180485 0.00741676
0.160534 0.0149213 0.010866
0.162859 0.0193385 0.00694872
0.163537 0.016062 0.00838124
0.161994 0.0160729 0.00832655
0.162689 0.0166372 0.00764121
0.171694 0.0160247 0.0142359
0.168471 0.0194164 0.00698537
0.169291 0.0154482 0.00909353
0.163637 0.0181362 0.00724821
0.149149 0.0160333 0.00836544
0.156253 0.0187187 0.00724621
0.15688 0.0181748 0.00719185
0.168423 0.017971 0.007462
0.162313 0.016366 0.00795484
0.154555 0.0149674 0.0107923
0.168144 0.0164505 0.00788663
0.169749 0.0164616 0.00804866
0.168109 0.0180952 0.00742252
0.169643 0.0155987 0.00872882
0.157303 0.0176853 0.00746509
0.150453 0.0195605 0.00704569
0.169238 0.0181224 0.0073636
0.169539 0.0161511 0.00816434
0.173834 0.0174701 0.00744368
0.16351 0.0169643 0.00752886
0.169382 0.0157374 0.00854699
0.161865 0.0156317 0.00886859
0.17331 0.015947 0.00872106
0.162092 0.0187553 0.007066
0.168574 0.0169613 0.00780396
0.160472 0.0149653 0.0111562
0.148883 0.0149459 0.0105277
0.154233 0.0148991 0.0121499
0.155627 0.0164563 0.00817141
0.162594 0.0159609 0.00849802
0.168926 0.016966 0.00785174
0.168484 0.0160926 0.00814854
0.163395 0.0185447 0.00715442
0.169704 0.0157704 0.00849044
0.157058 0.0164401 0.00783523
0.167458 0.0161166 0.00838186
0.16815 0.0152616 0.00974591
0.16868 0.0192091 0.00692466
0.161207 0.0163394 0.00830011
0.167649 0.0174502 0.00753889
0.167295 0.0157721 0.00901859
0.167649 0.0168108 0.0077172
0.15753 0.0164625 0.00784107
0.154885 0.0148118 0.0104608
0.167859 0.0163433 0.00787694
0.16129 0.015592 0.00887365
0.163444 0.0174849 0.00740593
0.157853 0.0175187 0.00732871
0.150587 0.01899 0.00705963
0.155412 0.0158651 0.00866682
0.162145 0.0175663 0.00766685
0.163936 0.0181154 0.00724893
0.169409 0.0152022 0.00950569
0.162487 0.0168473 0.00757117
0.163346 0.0172092 0.00747291
0.163095 0.0185305 0.00716219
0.155247 0.0163012 0.00801276
0.155911 0.0191974 0.00726853
0.150114 0.0173688 0.00744529
0.162472 0.0171852 0.00749097
0.162001 0.015886 0.00856104
0.149839 0.0180458 0.00744422
0.161642 0.0167987 0.00759369
0.162144 0.0157109 0.00879109
0.162039 0.0153338 0.00925484
0.162314 0.018563 0.00713471
0.163035 0.0161635 0.00823681
0.167938 0.0193147 0.00692453
0.169583 0.0154622 0.00898947
0.156293 0.0154545 0.00944651
0.157952 0.0165838 0.00779742
0.168752 0.0195191 0.00701292
0.161492 0.0173204 0.0074421
0.163234 0.0160192 0.00843055
0.162985 0.016671 0.00760608
0.155972 0.0181168 0.00730449
0.152222 0.0218662 0.00822946
0.168053 0.0166846 0.00805089
0.1628 0.0169053 0.00755295
0.168225 0.0192455 0.00697918
0.168954 0.0160696 0.0081056
0.161919 0.0192192 0.00701788
0.157386 0.0167333 0.0077021
0.151383 0.0185741 0.00721174
0.154596 0.0147661 0.0105282
0.150639 0.0170326 0.00754713
0.157287 0.0160933 0.00814979
0.163671 0.0177673 0.00733551
0.162202 0.0191383 0.0070781
0.157689 0.0172912 0.00743537
0.162269 0.0194249 0.00700937
0.162554 0.0182339 0.00724031
0.161411 0.0161615 0.00817045
0.168015 0.0183645 0.00732989
0.168294 0.0165324 0.00814506
0.1623 0.0175071 0.0074168
0.149093 0.0152154 0.0100401
0.162464 0.018483 0.00738206
0.1624 0.0158173 0.00867633
0.156843 0.0184871 0.00718382
0.169155 0.0153282 0.00934687
0.160364 0.0145514 0.0115783
0.168885 0.0164813 0.0079812
0.15511 0.014903 0.0102853
0.154833 0.015324 0.00962642
0.161507 0.0169421 0.00783619
0.161704 0.0175264 0.00739081
0.167204 0.0155518 0.00931937
0.162929 0.0187735 0.00710655
0.162254 0.018214 0.00723016
0.16271 0.0157918 0.00871682
0.160489 0.0146619 0.0110097
0.154416 0.0147619 0.0113401
0.161524 0.0163391 0.00795698
0.16942 0.0175447 0.00760175
0.163632 0.0157204 0.00883133
0.16382 0.019026 0.00703388
0.156057 0.0168487 0.00785234
0.163423 0.0179323 0.00729974
0.150064 0.0185825 0.00703664
0.162186 0.0167809 0.00760026
0.161892 0.016638 0.0076294
0.160845 0.0152229 0.00949039
0.161663 0.0180778 0.00723145
0.163332 0.016195 0.00820786
0.157084 0.0181023 0.00739927
0.155226 0.0155787 0.00915997
0.15499 0.0156874 0.00901067
0.162185 0.0170798 0.0075201
0.163578 0.0164671 0.00785301
0.16366 0.0192734 0.00697752
0.161959 0.0162558 0.00809137
0.16209 0.0170429 0.00780236
0.168559 0.0186432 0.0071704
0.161104 0.0151435 0.00961934
0.167903 0.0166691 0.00779206
0.169237 0.0177664 0.00751506
0.156219 0.0168774 0.00758321
0.156788 0.016726 0.0076809
0.162397 0.0165808 0.0076751
0.15526 0.0152557 0.00968586
0.160586 0.0148188 0.0105888
0.155529 0.0163323 0.00791653
0.155845 0.0163988 0.00780639
0.162588 0.0164428 0.0078604
0.161806 0.0185589 0.00736593
0.162829 0.0179463 0.00730483
0.155899 0.0166643 0.00767654
0.156191 0.0166095 0.0077155
0.161849 0.017761 0.0075623
0.155685 0.0159178 0.00854666
0.168332 0.0175774 0.00759836
0.154176 0.0150513 0.0124025
0.156836 0.0154383 0.00920442
0.163698 0.0186512 0.00712478
0.160429 0.0145607 0.0112856
0.162055 0.0165622 0.00806213
0.163971 0.017761 0.00733278
0.151351 0.0163381 0.00797694
0.161599 0.0177949 0.0073079
0.156658 0.0175745 0.00751792
0.163292 0.0156648 0.00889658
0.155006 0.0151869 0.00983018
0.16282 0.0172016 0.00751036
0.161727 0.0183608 0.00715505
0.156256 0.0171917 0.00771473
0.156142 0.0163437 0.00784546
0.168974 0.0179024 0.0074682
0.163549 0.0189074 0.00708134
0.1578 0.0163502 0.00790752
0.148796 0.0152033 0.0100777
0.157087 0.0167073 0.00770199
0.151297 0.0169356 0.00783813
0.162028 0.0184722 0.00714245
0.161717 0.0164239 0.00817153
0.156427 0.0162473 0.0079193
0.156414 0.0177822 0.00738881
0.154676 0.0149501 0.0102453
0.169087 0.0157521 0.00860012
0.160656 0.0149164 0.010314
0.163497 0.0158813 0.00861731
0.157339 0.0158993 0.00837268
0.1495 0.0162639 0.00801756
0.155707 0.0182677 0.00733065
0.161095 0.0158576 0.00852615
0.162681 0.0184977 0.00717569
0.161892 0.0178966 0.00729827
0.15605 0.0160232 0.00834215
0.162343 0.017345 0.00770951
0.15612 0.0174622 0.00731493
0.1627 0.0174681 0.00757773
0.162669 0.0177165 0.00741253
0.156107 0.0152585 0.00957654
0.162095 0.01552 0.00902617
0.157006 0.0155631 0.00896553
0.15145 0.0191113 0.00723838
0.162703 0.0156098 0.00895524
0.163158 0.0193388 0.00696829
0.15702 0.0162327 0.00804856
0.157883 0.0170268 0.00757447
0.156095 0.0151032 0.00983296
0.160903 0.0153293 0.00921608
0.163804 0.0183779 0.00718833
0.15635 0.0160984 0.00816803
0.155652 0.0173301 0.00737491
0.149766 0.0185334 0.00713059
0.156073 0.0161881 0.00809256
0.155054 0.0158364 0.00875828
0.156404 0.0152245 0.00960438
0.163077 0.017047 0.0075153
0.161957 0.0164029 0.00835281
0.143696 0.0170906 0.00769308
0.163525 0.0167026 0.00767476
0.155523 0.0174462 0.00761951
0.162891 0.0164824 0.00781932
0.156905 0.017876 0.0072012
0.168232 0.0167433 0.00781724
0.161401 0.0166874 0.0079539
0.161542 0.0175377 0.0076429
0.16033 0.0148153 0.0117174
0.169518 0.0153276 0.00924991
0.161984 0.0195107 0.00704676
0.155183 0.0161342 0.00825358
0.157355 0.018837 0.00710748
0.162474 0.0190325 0.00714549
0.162565 0.0193896 0.00698433
0.157251 0.0155278 0.00913464
0.163042 0.0190701 0.00703436
0.149671 0.0181112 0.00720444
0.156328 0.015944 0.00842425
0.15725 0.0157111 0.00869247
0.156611 0.0183025 0.00723261
0.158071 0.0181077 0.00704972
0.163127 0.0179788 0.00729288
0.151685 0.0165859 0.0076748
0.16158 0.0165524 0.00775354
0.157142 0.0172507 0.00761214
0.14391 0.0191674 0.00703406
0.155539 0.0152961 0.00958502
0.155745 0.0173259 0.00778034
0.150573 0.0202087 0.00722945
0.16309 0.017361 0.0074404
0.161359 0.0166914 0.00760634
0.157198 0.0179589 0.00716182
0.157456 0.0156049 0.00892904
0.154368 0.0149491 0.0115696
0.16329 0.0163721 0.00796928
0.160726 0.0150327 0.0100464
0.155571 0.0156193 0.0090506
0.155412 0.016022 0.00841112
0.149818 0.0174194 0.00743474
0.155653 0.0168145 0.00759219
0.143283 0.0165122 0.00800562
0.161928 0.01693 0.0075703
0.162743 0.0161228 0.00829446
0.16181 0.0154456 0.00909724
0.150207 0.0191127 0.00710465
0.157584 0.017032 0.00756006
0.157568 0.0161999 0.00802488
0.155409 0.0148966 0.0102568
0.149641 0.0152681 0.00988309
0.150778 0.0178932 0.00725832
0.151297 0.0175558 0.00735594
0.162979 0.015715 0.00882362
0.161706 0.0161304 0.00823229
0.155376 0.0169092 0.00794687
0.149838 0.016342 0.00790888
0.15588 0.0151661 0.010046
0.163041 0.0196147 0.00698476
0.150967 0.0171498 0.00750033
0.154537 0.0146057 0.0107749
0.154296 0.0149487 0.0118608
0.157066 0.0158445 0.00849626
0.162505 0.017946 0.00730946
0.151143 0.0184026 0.00715848
0.156269 0.0175743 0.00754954
0.154488 0.0149648 0.0110848
0.151027 0.0194002 0.00715918
0.156737 0.015871 0.00849351
0.156025 0.0184119 0.00729359
0.157669 0.0180763 0.00735802
0.161805 0.0169092 0.00784566
0.16179 0.0186438 0.00707864
0.143969 0.0194456 0.00712984
0.155954 0.015718 0.00884129
0.151156 0.019127 0.00717881
0.162853 0.018237 0.00723528
0.156888 0.0175057 0.0072972
0.154628 0.0150651 0.0105182
0.157787 0.0180205 0.0070878
0.154478 0.0146658 0.0110627
0.15571 0.0148447 0.0103243
0.15578 0.0162304 0.00804605
0.15585 0.0175534 0.00740889
0.163645 0.017239 0.00746161
0.156156 0.0157267 0.00906294
0.157682 0.0166961 0.00773096
0.155825 0.0153267 0.00949943
0.151035 0.0189103 0.00734696
0.143597 0.0177877 0.00733394
0.162939 0.0159822 0.00847233
0.155866 0.0155737 0.00908909
0.149392 0.0168946 0.00775132
0.149276 0.0164592 0.00797829
0.143354 0.0168006 0.00796234
0.155005 0.0151371 0.0101302
0.155516 0.0151417 0.00984121
0.15475 0.0151195 0.00997242
0.156328 0.0157879 0.00868043
0.150879 0.0190292 0.00711977
0.156123 0.0171387 0.00744952
0.14997 0.0183132 0.00712962
0.157577 0.0186034 0.00708994
0.14952 0.01746 0.0077053
0.155563 0.0176379 0.00738111
0.156742 0.0152094 0.00972246
0.144322 0.0197943 0.0072674
0.161813 0.0164132 0.0078816
0.150293 0.0179211 0.00739672
0.155656 0.015465 0.00929341
0.155574 0.016687 0.0079872
0.150156 0.0167011 0.00767104
0.157287 0.0169848 0.00757188
0.14965 0.0158664 0.00864825
0.149341 0.0166004 0.0077218
0.161161 0.0160431 0.00829955
0.156128 0.0177888 0.00729871
0.156427 0.0154766 0.00917895
0.157729 0.0158413 0.00846053
0.156496 0.0151078 0.00986484
0.156717 0.0160286 0.00823909
0.155842 0.0178517 0.00736229
0.15641 0.0156414 0.00892883
0.155973 0.0171302 0.00779228
0.155871 0.0166463 0.00797479
0.156495 0.016777 0.007644
0.157394 0.0172373 0.00745057
0.149893 0.0168607 0.00762171
0.150348 0.0188278 0.00713882
0.150094 0.019989 0.00724802
0.155506 0.0161684 0.00816677
0.150181 0.0169837 0.00757377
0.156162 0.019035 0.00724453
0.150007 0.019618 0.00709535
0.150769 0.0158283 0.00875402
0.157414 0.0177534 0.00719484
0.157486 0.0180357 0.00712372
0.150069 0.0180582 0.00725213
0.150164 0.0193859 0.00698822
0.155301 0.0164514 0.00775888
0.156655 0.0176845 0.00723887
0.15703 0.0188354 0.00714712
0.149221 0.0148107 0.0102604
0.156264 0.0180549 0.00727153
0.155689 0.0171121 0.00757768
0.143425 0.017067 0.00784453
0.155295 0.0165949 0.00805036
0.149229 0.0149253 0.0105917
0.144754 0.0213487 0.00783132
0.149795 0.0173404 0.00772322
0.149462 0.0153971 0.00937704
0.154938 0.0155365 0.00926479
0.149599 0.0177939 0.00731315
0.162122 0.0165112 0.00777431
0.163593 0.0162846 0.00809061
0.163784 0.0174968 0.00739829
0.149481 0.0171771 0.00779736
0.155087 0.0153929 0.00948211
0.156588 0.0153364 0.0093897
0.161032 0.015715 0.0087823
0.157988 0.0172812 0.00745211
0.150854 0.018463 0.00710414
0.15769 0.0159933 0.00820479
0.150163 0.0202721 0.00731879
0.156467 0.0165082 0.00777653
0.150762 0.0187481 0.00708915
0.148626 0.014734 0.0103671
0.155969 0.0149212 0.0101948
0.149869 0.0187899 0.00727089
0.155659 0.0157636 0.00880284
0.151709 0.016869 0.00757868
0.151339 0.0181808 0.0072091
0.15707 0.015521 0.0093736
0.149084 0.0158714 0.00860963
0.150464 0.0174632 0.00740642
0.156526 0.018593 0.00721807
0.155361 0.0167155 0.00762991
0.156759 0.016451 0.00781643
0.151576 0.0176593 0.00731608
0.14881 0.0146534 0.0108383
0.150111 0.0188684 0.00695909
0.143807 0.0175743 0.00735191
0.156034 0.0154353 0.00929535
0.151812 0.0174827 0.00736921
0.156019 0.0173831 0.00758901
0.149824 0.0187828 0.00697432
0.150226 0.0205526 0.00740457
0.15012 0.0162637 0.00804328
0.156988 0.0169592 0.0075728
0.156619 0.0173087 0.0073845
0.157166 0.0174076 0.00735689
0.149627 0.0169946 0.00758238
0.144769 0.0205921 0.00757337
0.155454 0.0171816 0.0077512
0.162431 0.0170648 0.00777007
0.157285 0.0165981 0.00795026
0.157195 0.018585 0.00713704
0.143877 0.0178477 0.00722814
0.155769 0.0185611 0.0073391
0.143799 0.0186041 0.00702025
0.150268 0.018283 0.00713321
0.150102 0.0155435 0.00917414
0.155649 0.018007 0.00753158
0.149899 0.0177844 0.00730974
0.148969 0.0149426 0.0100335
0.150405 0.0165406 0.00771844
0.155966 0.0188006 0.00727779
0.15542 0.0169897 0.00752312
0.151265 0.0172538 0.00745859
0.156875 0.0153138 0.00947471
0.157548 0.0157307 0.00867298
0.155805 0.0151721 0.00975578
0.150683 0.0166693 0.00766882
0.156938 0.0174712 0.00759099
0.149909 0.0157902 0.00877855
0.144373 0.0187513 0.00695002
0.150659 0.0164155 0.00782692
0.155628 0.0149929 0.0100764
0.148914 0.01478 0.0102796
0.150387 0.0171887 0.00750001
0.148671 0.01509 0.010326
0.155324 0.015721 0.00891466
0.149213 0.0162836 0.00821338
0.157155 0.0182882 0.00715388
0.150716 0.0173079 0.0074525
0.144391 0.0200689 0.00736649
0.157449 0.0183333 0.00711631
0.150784 0.0175966 0.00735353
0.15046 0.0192606 0.00704017
0.156733 0.0188071 0.00718427
0.149888 0.0165852 0.00774042
0.151421 0.0167757 0.00761657
0.150532 0.0159225 0.00859631
0.15112 0.0166928 0.00765483
0.149585 0.0155473 0.00914798
0.148954 0.0155476 0.00909777
0.156318 0.0183613 0.00725265
0.156784 0.0180235 0.00743273
0.149472 0.0172391 0.00750326
0.150601 0.0160805 0.00835082
0.143658 0.0180509 0.00720374
0.156962 0.0177437 0.00746442
0.148595 0.0149483 0.010612
0.148854 0.0146464 0.0105416
0.143487 0.0173049 0.00767271
0.142705 0.0148331 0.00999314
0.155757 0.0160678 0.00829714
0.149019 0.0157095 0.00885368
0.157301 0.0162856 0.00791997
0.149622 0.0167138 0.00768773
0.156897 0.0172137 0.00744269
0.156249 0.0149976 0.0100679
0.156415 0.0175026 0.00728009
0.149577 0.0164241 0.00777609
0.156721 0.016238 0.00802429
0.156918 0.0157171 0.00872371
0.148207 0.0148024 0.0122702
0.156419 0.0171024 0.00747923
0.14817 0.0150549 0.0124279
0.14442 0.0190441 0.00702358
0.148565 0.0146522 0.0106491
0.142475 0.014958 0.0111415
0.15094 0.0163072 0.00801236
0.150643 0.0162544 0.00807945
0.149907 0.0171445 0.00752558
0.151291 0.0188592 0.0071998
0.148918 0.0152246 0.00959334
0.150492 0.0180446 0.00720873
0.148257 0.0149842 0.0120368
0.148504 0.0146791 0.0109417
0.149536 0.0175165 0.00740821
0.151342 0.0178385 0.00725952
0.148538 0.0149952 0.0109027
0.150305 0.0197972 0.00715544
0.15089 0.0168755 0.00759462
0.151051 0.0186877 0.00714654
0.151199 0.0169684 0.00755653
0.149836 0.015464 0.00928807
0.149199 0.0154639 0.00924979
0.144034 0.0197222 0.00722585
0.149023 0.0150765 0.0102966
0.150498 0.0185913 0.0070313
0.150046 0.0161062 0.00828774
0.149586 0.015708 0.00889467
0.149486 0.0151556 0.010114
0.148375 0.0147695 0.0115198
0.149757 0.0161854 0.0081514
0.149329 0.0157867 0.00876097
0.150433 0.0168276 0.00762091
0.152041 0.0172977 0.00742659
0.148766 0.0150771 0.00980717
0.149967 0.0159493 0.00853091
0.149845 0.0156317 0.00902492
0.150751 0.0192998 0.00710027
0.151763 0.0171927 0.00746821
0.151027 0.0174278 0.00740512
0.150156 0.015703 0.00892576
0.142652 0.0148575 0.0102874
0.150525 0.0177451 0.00732435
0.142957 0.0154888 0.00902982
0.157487 0.017494 0.00732659
0.151582 0.018352 0.00724689
0.150366 0.0161764 0.00819062
0.150214 0.0158621 0.00867812
0.150595 0.0198214 0.00708505
0.142545 0.0149965 0.0108523
0.155927 0.0169323 0.00754441
0.150136 0.0164248 0.00779082
0.144143 0.0189423 0.00697325
0.142833 0.0151192 0.00948561
0.149184 0.0151606 0.00971664
0.143542 0.0175432 0.00749892
0.15182 0.0178305 0.00728269
0.15149 0.0170647 0.00751746
0.143755 0.0173334 0.00752307
0.144294 0.0208256 0.00761841
0.149172 0.0154047 0.00954267
0.150297 0.0160183 0.00843607
0.143849 0.018889 0.0069406
0.14964 0.0152711 0.00958312
0.149393 0.0159476 0.00851612
0.149448 0.0161044 0.00826623
0.156557 0.0179989 0.00723818
0.150198 0.0153926 0.0094151
0.150281 0.0185582 0.00725207
0.148686 0.0148802 0.0101121
0.150581 0.0183155 0.00711532
0.149318 0.0150802 0.0103507
0.150191 0.0176427 0.00735107
0.137427 0.0170101 0.00745077
0.142893 0.0153023 0.00925585
0.149151 0.0146493 0.0105034
0.157714 0.0177551 0.00720711
0.155599 0.0165495 0.00772185
0.142762 0.0149495 0.00972262
0.15085 0.0181698 0.00716761
0.151978 0.0169931 0.00753081
0.143631 0.0168497 0.00785964
0.149705 0.0160258 0.00840002
0.151121 0.0164372 0.00781183
0.142617 0.0149733 0.010562
0.149264 0.0156257 0.0090056
0.150278 0.0208325 0.00749907
0.143225 0.0162959 0.0082051
0.151096 0.0180044 0.00721364
0.143944 0.0181285 0.00714614
0.143107 0.0158471 0.00857237
0.149269 0.0149737 0.010013
0.143153 0.0160436 0.00835053
0.144103 0.0199975 0.00732293
0.151585 0.0180125 0.00723924
0.143032 0.015666 0.00879958
0.148327 0.0149608 0.0117459
0.151052 0.0177221 0.00730521
0.143723 0.0183275 0.00710722
0.144173 0.0202726 0.00742018
0.14889 0.0153857 0.00934187
0.151534 0.0173777 0.00741082
0.150879 0.0161467 0.00825825
0.150391 0.0163374 0.00793871
0.150838 0.0159864 0.00850854
0.14357 0.0166044 0.00803085
0.151403 0.0164978 0.00772823
0.149932 0.0153131 0.00952909
0.144241 0.0205475 0.00751929

VERTICES 885 1770
1 0
1 1
1 2
1 3
1 4
1 5
1 6
1 7
1 8
1 9
1 10
1 11
1 12
1 13
1 14
1 15
1 16
1 17
1 18
1 19
1 20
1 21
1 22
1 23
1 24
1 25
1 26
1 27
1 28
1 29
1 30
1 31
1 32
1 33
1 34
1 35
1 36
1 37
1 38
1 39
1 40
1 41
1 42
1 43
1 44
1 45
1 46
1 47
1 48
1 49
1 50
1 51
1 52
1 53
1 54
1 55
1 56
1 57
1 58
1 59
1 60
1 61
1 62
1 63
1 64
1 65
1 66
1 67
1 68
1 69
1 70
1 71
1 72
1 73
1 74
1 75
1 76
1 77
1 78
1 79
1 80
1 81
1 82
1 83
1 84
1 85
1 86
1 87
1 88
1 89
1 90
1 91
1 92
1 93
1 94
1 95
1 96
1 97
1 98
1 99
1 100
1 101
1 102
1 103
1 104
1 105
1 106
1 107
1 108
1 109
1 110
1 111
1 112
1 113
1 114
1 115
1 116
1 117
1 118
1 119
1 120
1 121
1 122
1 123
1 124
1 125
1 126
1 127
1 128
1 129
1 130
1 131
1 132
1 133
1 134
1 135
1 136
1 137
1 138
1 139
1 140
1 141
1 142
1 143
1 144
1 145
1 146
1 147
1 148
1 149
1 150
1 151
1 152
1 153
1 154
1 155
1 156
1 157
1 158
1 159
1 160
1 161
1 162
1 163
1 164
1 165
1 166
1 167
1 168
1 169
1 170
1 171
1 172
1 173
1 174
1 175
1 176
1 177
1 178
1 179
1 180
1 181
1 182
1 183
1 184
1 185
1 186
1 187
1 188
1 189
1 190
1 191
1 192
1 193
1 194
1 195
1 196
1 197
1 198
1 199
1 200
1 201
1 202
1 203
1 204
1 205
1 206
1 207
1 208
1 209
1 210
1 211
1 212
1 213
1 214
1 215
1 216
1 217
1 218
1 219
1 220
1 221
1 222
1 223
1 224
1 225
1 226
1 227
1 228
1 229
1 230
1 231
1 232
1 233
1 234
1 235
1 236
1 237
1 238
1 239
1 240
1 241
1 242
1 243
1 244
1 245
1 246
1 247
1 248
1 249
1 250
1 251
1 252
1 253
1 254
1 255
1 256
1 257
1 258
1 259
1 260
1 261
1 262
1 263
1 264
1 265
1 266
1 267
1 268
1 269
1 270
1 271
1 272
1 273
1 274
1 275
1 276
1 277
1 278
1 279
1 280
1 281
1 282
1 283
1 284
1 285
1 286
1 287
1 288
1 289
1 290
1 291
1 292
1 293
1 294
1 295
1 296
1 297
1 298
1 299
1 300
1 301
1 302
1 303
1 304
1 305
1 306
1 307
1 308
1 309
1 310
1 311
1 312
1 313
1 314
1 315
1 316
1 317
1 318
1 319
1 320
1 321
1 322
1 323
1 324
1 325
1 326
1 327
1 328
1 329
1 330
1 331
1 332
1 333
1 334
1 335
1 336
1 337
1 338
1 339
1 340
1 341
1 342
1 343
1 344
1 345
1 346
1 347
1 348
1 349
1 350
1 351
1 352
1 353
1 354
1 355
1 356
1 357
1 358
1 359
1 360
1 361
1 362
1 363
1 364
1 365
1 366
1 367
1 368
1 369
1 370
1 371
1 372
1 373
1 374
1 375
1 376
1 377
1 378
1 379
1 380
1 381
1 382
1 383
1 384
1 385
1 386
1 387
1 388
1 389
1 390
1 391
1 392
1 393
1 394
1 395
1 396
1 397
1 398
1 399
1 400
1 401
1 402
1 403
1 404
1 405
1 406
1 407
1 408
1 409
1 410
1 411
1 412
1 413
1 414
1 415
1 416
1 417
1 418
1 419
1 420
1 421
1 422
1 423
1 424
1 425
1 426
1 427
1 428
1 429
1 430
1 431
1 432
1 433
1 434
1 435
1 436
1 437
1 438
1 439
1 440
1 441
1 442
1 443
1 444
1 445
1 446
1 447
1 448
1 449
1 450
1 451
1 452
1 453
1 454
1 455
1 456
1 457
1 458
1 459
1 460
1 461
1 462
1 463
1 464
1 465
1 466
1 467
1 468
1 469
1 470
1 471
1 472
1 473
1 474
1 475
1 476
1 477
1 478
1 479
1 480
1 481
1 482
1 483
1 484
1 485
1 486
1 487
1 488
1 489
1 490
1 491
1 492
1 493
1 494
1 495
1 496
1 497
1 498
1 499
1 500
1 501
1 502
1 503
1 504
1 505
1 506
1 507
1 508
1 509
1 510
1 511
1 512
1 513
1 514
1 515
1 516
1 517
1 518
1 519
1 520
1 521
1 522
1 523
1 524
1 525
1 526
1 527
1 528
1 529
1 530
1 531
1 532
1 533
1 534
1 535
1 536
1 537
1 538
1 539
1 540
1 541
1 542
1 543
1 544
1 545
1 546
1 547
1 548
1 549
1 550
1 551
1 552
1 553
1 554
1 555
1 556
1 557
1 558
1 559
1 560
1 561
1 562
1 563
1 564
1 565
1 566
1 567
1 568
1 569
1 570
1 571
1 572
1 573
1 574
1 575
1 576
1 577
1 578
1 579
1 580
1 581
1 582
1 583
1 584
1 585
1 586
1 587
1 588
1 589
1 590
1 591
1 592
1 593
1 594
1 595
1 596
1 597
1 598
1 599
1 600
1 601
1 602
1 603
1 604
1 605
1 606
1 607
1 608
1 609
1 610
1 611
1 612
1 613
1 614
1 615
1 616
1 617
1 618
1 619
1 620
1 621
1 622
1 623
1 624
1 625
1 626
1 627
1 628
1 629
1 630
1 631
1 632
1 633
1 634
1 635
1 636
1 637
1 638
1 639
1 640
1 641
1 642
1 643
1 644
1 645
1 646
1 647
1 648
1 649
1 650
1 651
1 652
1 653
1 654
1 655
1 656
1 657
1 658
1 659
1 660
1 661
1 662
1 663
1 664
1 665
1 666
1 667
1 668
1 669
1 670
1 671
1 672
1 673
1 674
1 675
1 676
1 677
1 678
1 679
1 680
1 681
1 682
1 683
1 684
1 685
1 686
1 687
1 688
1 689
1 690
1 691
1 692
1 693
1 694
1 695
1 696
1 697
1 698
1 699
1 700
1 701
1 702
1 703
1 704
1 705
1 706
1 707
1 708
1 709
1 710
1 711
1 712
1 713
1 714
1 715
1 716
1 717
1 718
1 719
1 720
1 721
1 722
1 723
1 724
1 725
1 726
1 727
1 728
1 729
1 730
1 731
1 732
1 733
1 734
1 735
1 736
1 737
1 738
1 739
1 740
1 741
1 742
1 743
1 744
1 745
1 746
1 747
1 748
1 749
1 750
1 751
1 752
1 753
1 754
1 755
1 756
1 757
1 758
1 759
1 760
1 761
1 762
1 763
1 764
1 765
1 766
1 767
1 768
1 769
1 770
1 771
1 772
1 773
1 774
1 775
1 776
1 777
1 778
1 779
1 780
1 781
1 782
1 783
1 784
1 785
1 786
1 787
1 788
1 789
1 790
1 791
1 792
1 793
1 794
1 795
1 796
1 797
1 798
1 799
1 800
1 801
1 802
1 803
1 804
1 805
1 806
1 807
1 808
1 809
1 810
1 811
1 812
1 813
1 814
1 815
1 816
1 817
1 818
1 819
1 820
1 821
1 822
1 823
1 824
1 825
1 826
1 827
1 828
1 829
1 830
1 831
1 832
1 833
1 834
1 835
1 836
1 837
1 838
1 839
1 840
1 841
1 842
1 843
1 844
1 845
1 846
1 847
1 848
1 849
1 850
1 851
1 852
1 853
1 854
1 855
1 856
1 857
1 858
1 859
1 860
1 861
1 862
1 863
1 864
1 865
1 866
1 867
1 868
1 869
1 870
1 871
1 872
1 873
1 874
1 875
1 876
1 877
1 878
1 879
1 880
1 881
1 882
1 883
1 884

POINT_DATA 885
SCALARS id int 1
LOOKUP_TABLE default
1
2
3
4
5
6
7
8
9
10
11
12
13
14
15
16
17
18
19
20
21
22
23
24
25
26
27
28
29
30
31
32
33
34
35
36
37
39
40
41
42
43
44
45
46
47
48
49
50
51
52
53
54
56
57
58
59
60
61
62
63
64
65
67
68
69
70
71
72
73
74
75
76
77
78
79
80
81
82
83
84
85
86
87
88
89
90
91
92
93
94
95
96
97
98
99
100
101
102
103
104
105
106
107
108
109
110
111
112
113
114
115
116
117
118
119
120
121
122
123
124
125
126
127
129
130
131
132
133
134
135
136
137
138
139
140
141
142
143
144
145
146
147
148
149
150
151
153
154
155
156
157
158
159
160
161
162
163
164
165
166
167
168
169
170
171
172
173
174
175
176
177
178
179
180
181
182
183
184
185
186
187
188
189
190
191
192
193
194
195
196
197
198
199
200
201
202
203
204
205
206
207
208
209
210
211
212
213
214
215
217
218
219
220
221
222
223
224
225
226
227
228
229
230
231
232
233
234
235
236
237
238
239
240
241
242
243
244
245
246
247
248
249
250
251
252
253
254
255
256
257
258
259
260
261
262
263
264
265
266
267
268
269
270
271
273
274
275
276
277
278
279
280
281
282
283
284
285
286
287
288
289
290
291
292
293
294
295
296
297
298
299
300
301
302
303
304
305
306
307
308
309
310
311
312
313
314
315
316
317
318
319
320
321
322
323
324
325
326
327
328
329
330
331
332
333
334
335
336
337
338
339
340
341
342
343
344
345
346
347
348
349
350
351
352
353
354
355
356
357
358
359
360
361
362
363
364
365
366
367
368
369
370
371
372
373
374
375
376
377
378
379
380
381
382
383
384
385
386
387
388
389
390
391
392
393
394
395
396
397
398
399
400
401
402
403
404
405
406
407
408
409
410
411
412
413
414
415
416
417
418
419
420
421
422
423
424
425
426
427
428
429
430
431
432
433
434
435
436
437
438
439
440
441
442
443
444
445
446
447
448
449
450
451
452
453
454
455
456
457
458
459
460
461
462
463
464
465
466
467
468
469
470
471
472
473
474
475
476
477
478
479
480
481
482
483
484
485
486
487
488
489
490
491
492
493
494
495
496
497
498
499
500
501
502
503
504
505
506
507
508
509
510
511
512
513
514
515
516
517
518
519
520
521
522
523
524
525
526
527
528
529
530
531
532
533
534
535
536
537
538
539
540
541
542
543
544
545
546
547
548
549
550
551
552
553
554
555
556
557
558
559
560
561
562
563
564
565
566
567
568
569
570
571
572
573
574
575
576
577
579
580
581
582
583
584
585
586
587
588
589
590
591
592
593
594
595
596
597
598
599
600
601
602
603
605
606
607
608
609
610
611
612
613
614
615
616
617
618
619
620
621
622
623
624
625
626
627
628
629
630
631
632
633
634
635
636
637
638
640
641
642
643
644
645
646
647
648
649
650
651
652
653
654
655
656
659
660
661
662
663
664
665
666
667
668
669
670
671
672
673
674
675
676
677
678
679
680
681
682
683
684
685
686
687
688
690
691
692
693
694
695
696
697
698
699
700
701
702
703
704
705
706
707
708
709
710
711
712
713
714
715
716
717
718
719
720
721
722
723
724
725
726
727
728
729
730
731
732
733
734
735
736
737
738
739
740
741
742
743
744
745
746
747
748
749
750
751
752
753
754
755
756
757
758
759
760
761
762
764
765
766
767
768
769
770
771
772
773
774
775
776
777
778
779
780
781
782
783
784
785
786
787
788
789
791
792
793
794
795
796
797
798
799
800
801
802
803
804
805
806
807
808
809
810
811
812
813
814
815
816
817
818
819
820
821
822
823
824
825
826
827
828
829
830
831
832
833
834
835
836
837
838
839
840
841
842
843
844
845
846
847
848
849
850
851
852
853
854
855
856
857
858
859
860
861
862
863
864
865
866
867
868
869
870
871
872
873
874
875
876
877
878
879
880
881
882
883
884
885
886
887
888
889
890
891
892
893
894
895
896
897
898
899
900

SCALARS type int 1
LOOKUP_TABLE default
1
1
1
1
1
1
1
1
1
1
1
1
1
1
1
1
1
1
1
1
1
1
1
1
1
1
1
1
1
1
1
1
1
1
1
1
1
1
1
1
1
1
1
1
1
1
1
1
1
1
1
1
1
1
1
1
1
1
1
1
1
1
1
1
1
1
1
1
1
1
1
1
1
1
1
1
1
1
1
1
1
1
1
1
1
1
1
1
1
1
1
1
1
1
1
1
1
1
1
1
1
1
1
1
1
1
1
1
1
1
1
1
1
1
1
1
1
1
1
1
1
1
1
1
1
1
1
1
1
1
1
1
1
1
1
1
1
1
1
1
1
1
1
1
1
1
1
1
1
1
1
1
1
1
1
1
1
1
1
1
1
1
1
1
1
1
1
1
1
1
1
1
1
1
1
1
1
1
1
1
1
1
1
1
1
1
1
1
1
1
1
1
1
1
1
1
1
1
1
1
1
1
1
1
1
1
1
1
1
1
1
1
1
1
1
1
1
1
1
1
1
1
1
1
1
1
1
1
1
1
1
1
1
1
1
1
1
1
1
1
1
1
1
1
1
1
1
1
1
1
1
1
1
1
1
1
1
1
1
1
1
1
1
1
1
1
1
1
1
1
1
1
1
1
1
1
1
1
1
1
1
1
1
1
1
1
1
1
1
1
1
1
1
1
1
1
1
1
1
1
1
1
1
1
1
1
1
1
1
1
1
1
1
1
1
1
1
1
1
1
1
1
1
1
1
1
1
1
1
1
1
1
1
1
1
1
1
1
1
1
1
1
1
1
1
1
1
1
1
1
1
1
1
1
1
1
1
1
1
1
1
1
1
1
1
1
1
1
1
1
1
1
1
1
1
1
1
1
1
1
1
1
1
1
1
1
1
1
1
1
1
1
1
1
1
1
1
1
1
1
1
1
1
1
1
1
1
1
1
1
1
1
1
1
1
1
1
1
1
1
1
1
1
1
1
1
1
1
1
1
1
1
1
1
1
1
1
1
1
1
1
1
1
1
1
1
1
1
1
1
1
1
1
1
1
1
1
1
1
1
1
1
1
1
1
1
1
1
1
1
1
1
1
1
1
1
1
1
1
1
1
1
1
1
1
1
1
1
1
1
1
1
1
1
1
1
1
1
1
1
1
1
1
1
1
1
1
1
1
1
1
1
1
1
1
1
1
1
1
1
1
1
1
1
1
1
1
1
1
1
1
1
1
1
1
1
1
1
1
1
1
1
1
1
1
1
1
1
1
1
1
1
1
1
1
1
1
1
1
1
1
1
1
1
1
1
1
1
1
1
1
1
1
1
1
1
1
1
1
1
1
1
1
1
1
1
1
1
1
1
1
1
1
1
1
1
1
1
1
1
1
1
1
1
1
1
1
1
1
1
1
1
1
1
1
1
1
1
1
1
1
1
1
1
1
1
1
1
1
1
1
1
1
1
1
1
1
1
1
1
1
1
1
1
1
1
1
1
1
1
1
1
1
1
1
1
1
1
1
1
1
1
1
1
1
1
1
1
1
1
1
1
1
1
1
1
1
1
1
1
1
1
1
1
1
1
1
1
1
1
1
1
1
1
1
1
1
1
1
1
1
1
1
1
1
1
1
1
1
1
1
1
1
1
1
1
1
1
1
1
1
1
1
1
1
1
1
1
1
1
1
1
1
1
1
1
1
1
1
1
1
1
1
1
1
1
1
1
1
1
1
1
1
1
1
1
1
1
1
1
1
1
1
1
1
1
1
1
1
1
1
1
1
1
1
1
1
1
1
1
1
1
1
1
1
1
1
1
1
1
1
1
1
1
1
1
1
1
1
1
1
1
1
1
1
1
1
1
1
1
1
1
1
1
1
1
1
1
1
1
1
1
1
1
1
1
1
1
1
1
1
1
1
1
1
1
1
1
1
1
1
1
1
1
1
1
1
1
1
1
1
1
1
1
1
1
1
1
1
1
1
1
1
1
1
1
1
1
1
1
1
1
1
1
1
1
1
1
1
1
1
1
1
1
1

SCALARS radius float 1
LOOKUP_TABLE default
0.00015
0.00015
0.00015
0.00015
0.00015
0.00015
0.00015
0.00015
0.00015
0.00015
0.00015
0.00015
0.00015
0.00015
0.00015
0.00015
0.00015
0.00015
0.00015
0.00015
0.00015
0.00015
0.00015
0.00015
0.00015
0.00015
0.00015
0.00015
0.00015
0.00015
0.00015
0.00015
0.00015
0.00015
0.00015
0.00015
0.00015
0.00015
0.00015
0.00015
0.00015
0.00015
0.00015
0.00015
0.00015
0.00015
0.00015
0.00015
0.00015
0.00015
0.00015
0.00015
0.00015
0.00015
0.00015
0.00015
0.00015
0.00015
0.00015
0.00015
0.00015
0.00015
0.00015
0.00015
0.00015
0.00015
0.00015
0.00015
0.00015
0.00015
0.00015
0.00015
0.00015
0.00015
0.00015
0.00015
0.00015
0.00015
0.00015
0.00015
0.00015
0.00015
0.00015
0.00015
0.00015
0.00015
0.00015
0.00015
0.00015
0.00015
0.00015
0.00015
0.00015
0.00015
0.00015
0.00015
0.00015
0.00015
0.00015
0.00015
0.00015
0.00015
0.00015
0.00015
0.00015
0.00015
0.00015
0.00015
0.00015
0.00015
0.00015
0.00015
0.00015
0.00015
0.00015
0.00015
0.00015
0.00015
0.00015
0.00015
0.00015
0.00015
0.00015
0.00015
0.00015
0.00015
0.00015
0.00015
0.00015
0.00015
0.00015
0.00015
0.00015
0.00015
0.00015
0.00015
0.00015
0.00015
0.00015
0.00015
0.00015
0.00015
0.00015
0.00015
0.00015
0.00015
0.00015
0.00015
0.00015
0.00015
0.00015
0.00015
0.00015
0.00015
0.00015
0.00015
0.00015
0.00015
0.00015
0.00015
0.00015
0.00015
0.00015
0.00015
0.00015
0.00015
0.00015
0.00015
0.00015
0.00015
0.00015
0.00015
0.00015
0.00015
0.00015
0.00015
0.00015
0.00015
0.00015
0.00015
0.00015
0.00015
0.00015
0.00015
0.00015
0.00015
0.00015
0.00015
0.00015
0.00015
0.00015
0.00015
0.00015
0.00015
0.00015
0.00015
0.00015
0.00015
0.00015
0.00015
0.00015
0.00015
0.00015
0.00015
0.00015
0.00015
0.00015
0.00015
0.00015
0.00015
0.00015
0.00015
0.00015
0.00015
0.00015
0.00015
0.00015
0.00015
0.00015
0.00015
0.00015
0.00015
0.00015
0.00015
0.00015
0.00015
0.00015
0.00015
0.00015
0.00015
0.00015
0.00015
0.00015
0.00015
0.00015
0.00015
0.00015
0.00015
0.00015
0.00015
0.00015
0.00015
0.00015
0.00015
0.00015
0.00015
0.00015
0.00015
0.00015
0.00015
0.00015
0.00015
0.00015
0.00015
0.00015
0.00015
0.00015
0.00015
0.00015
0.00015
0.00015
0.00015
0.00015
0.00015
0.00015
0.00015
0.00015
0.00015
0.00015
0.00015
0.00015
0.00015
0.00015
0.00015
0.00015
0.00015
0.00015
0.00015
0.00015
0.00015
0.00015
0.00015
0.00015
0.00015
0.00015
0.00015
0.00015
0.00015
0.00015
0.00015
0.00015
0.00015
0.00015
0.00015
0.00015
0.00015
0.00015
0.00015
0.00015
0.00015
0.00015
0.00015
0.00015
0.00015
0.00015
0.00015
0.00015
0.00015
0.00015
0.00015
0.00015
0.00015
0.00015
0.00015
0.00015
0.00015
0.00015
0.00015
0.00015
0.00015
0.00015
0.00015
0.00015
0.00015
0.00015
0.00015
0.00015
0.00015
0.00015
0.00015
0.00015
0.00015
0.00015
0.00015
0.00015
0.00015
0.00015
0.00015
0.00015
0.00015
0.00015
0.00015
0.00015
0.00015
0.00015
0.00015
0.00015
0.00015
0.00015
0.00015
0.00015
0.00015
0.00015
0.00015
0.00015
0.00015
0.00015
0.00015
0.00015
0.00015
0.00015
0.00015
0.00015
0.00015
0.00015
0.00015
0.00015
0.00015
0.00015
0.00015
0.00015
0.00015
0.00015
0.00015
0.00015
0.00015
0.00015
0.00015
0.00015
0.00015
0.00015
0.00015
0.00015
0.00015
0.00015
0.00015
0.00015
0.00015
0.00015
0.00015
0.00015
0.00015
0.00015
0.00015
0.00015
0.00015
0.00015
0.00015
0.00015
0.00015
0.00015
0.00015
0.00015
0.00015
0.00015
0.00015
0.00015
0.00015
0.00015
0.00015
0.00015
0.00015
0.00015
0.00015
0.00015
0.00015
0.00015
0.00015
0.00015
0.00015
0.00015
0.00015
0.00015
0.00015
0.00015
0.00015
0.00015
0.00015
0.00015
0.00015
0.00015
0.00015
0.00015
0.00015
0.00015
0.00015
0.00015
0.00015
0.00015
0.00015
0.00015
0.00015
0.00015
0.00015
0.00015
0.00015
0.00015
0.00015
0.00015
0.00015
0.00015
0.00015
0.00015
0.00015
0.00015
0.00015
0.00015
0.00015
0.00015
0.00015
0.00015
0.00015
0.00015
0.00015
0.00015
0.00015
0.00015
0.00015
0.00015
0.00015
0.00015
0.00015
0.00015
0.00015
0.00015
0.00015
0.00015
0.00015
0.00015
0.00015
0.00015
0.00015
0.00015
0.00015
0.00015
0.00015
0.00015
0.00015
0.00015
0.00015
0.00015
0.00015
0.00015
0.00015
0.00015
0.00015
0.00015
0.00015
0.00015
0.00015
0.00015
0.00015
0.00015
0.00015
0.00015
0.00015
0.00015
0.00015
0.00015
0.00015
0.00015
0.00015
0.00015
0.00015
0.00015
0.00015
0.00015
0.00015
0.00015
0.00015
0.00015
0.00015
0.00015
0.00015
0.00015
0.00015
0.00015
0.00015
0.00015
0.00015
0.00015
0.00015
0.00015
0.00015
0.00015
0.00015
0.00015
0.00015
0.00015
0.00015
0.00015
0.00015
0.00015
0.00015
0.00015
0.00015
0.00015
0.00015
0.00015
0.00015
0.00015
0.00015
0.00015
0.00015
0.00015
0.00015
0.00015
0.00015
0.00015
0.00015
0.00015
0.00015
0.00015
0.00015
0.00015
0.00015
0.00015
0.00015
0.00015
0.00015
0.00015
0.00015
0.00015
0.00015
0.00015
0.00015
0.00015
0.00015
0.00015
0.00015
0.00015
0.00015
0.00015
0.00015
0.00015
0.00015
0.00015
0.00015
0.00015
0.00015
0.00015
0.00015
0.00015
0.00015
0.00015
0.00015
0.00015
0.00015
0.00015
0.00015
0.00015
0.00015
0.00015
0.00015
0.00015
0.00015
0.00015
0.00015
0.00015
0.00015
0.00015
0.00015
0.00015
0.00015
0.00015
0.00015
0.00015
0.00015
0.00015
0.00015
0.00015
0.00015
0.00015
0.00015
0.00015
0.00015
0.00015
0.00015
0.00015
0.00015
0.00015
0.00015
0.00015
0.00015
0.00015
0.00015
0.00015
0.00015
0.00015
0.00015
0.00015
0.00015
0.00015
0.00015
0.00015
0.00015
0.00015
0.00015
0.00015
0.00015
0.00015
0.00015
0.00015
0.00015
0.00015
0.00015
0.00015
0.00015
0.00015
0.00015
0.00015
0.00015
0.00015
0.00015
0.00015
0.00015
0.00015
0.00015
0.00015
0.00015
0.00015
0.00015
0.00015
0.00015
0.00015
0.00015
0.00015
0.00015
0.00015
0.00015
0.00015
0.00015
0.00015
0.00015
0.00015
0.00015
0.00015
0.00015
0.00015
0.00015
0.00015
0.00015
0.00015
0.00015
0.00015
0.00015
0.00015
0.00015
0.00015
0.00015
0.00015
0.00015
0.00015
0.00015
0.00015
0.00015
0.00015
0.00015
0.00015
0.00015
0.00015
0.00015
0.00015
0.00015
0.00015
0.00015
0.00015
0.00015
0.00015
0.00015
0.00015
0.00015
0.00015
0.00015
0.00015
0.00015
0.00015
0.00015
0.00015
0.00015
0.00015
0.00015
0.00015
0.00015
0.00015
0.00015
0.00015
0.00015
0.00015
0.00015
0.00015
0.00015
0.00015
0.00015
0.00015
0.00015
0.00015
0.00015
0.00015
0.00015
0.00015
0.00015
0.00015
0.00015
0.00015
0.00015
0.00015
0.00015
0.00015
0.00015
0.00015
0.00015
0.00015
0.00015
0.00015
0.00015
0.00015
0.00015
0.00015
0.00015
0.00015
0.00015
0.00015
0.00015
0.00015
0.00015
0.00015
0.00015
0.00015
0.00015
0.00015
0.00015
0.00015
0.00015
0.00015
0.00015
0.00015
0.00015
0.00015
0.00015
0.00015
0.00015
0.00015
0.00015
0.00015
0.00015
0.00015
0.00015
0.00015
0.00015
0.00015
0.00015
0.00015
0.00015
0.00015
0.00015
0.00015
0.00015
0.00015
0.00015
0.00015
0.00015
0.00015
0.00015
0.00015
0.00015
0.00015
0.00015
0.00015
0.00015
0.00015
0.00015
0.00015
0.00015
0.00015
0.00015
0.00015
0.00015
0.00015
0.00015
0.00015
0.00015
0.00015
0.00015
0.00015
0.00015
0.00015
0.00015
0.00015
0.00015
0.00015
0.00015
0.00015
0.00015
0.00015
0.00015
0.00015
0.00015
0.00015
0.00015
0.00015
0.00015
0.00015
0.00015
0.00015
0.00015
0.00015
0.00015
0.00015
0.00015
0.00015
0.00015
0.00015
0.00015
0.00015
0.00015
0.00015
0.00015
0.00015
0.00015
0.00015
0.00015
0.00015
0.00015
0.00015
0.00015
0.00015
0.00015
0.00015
0.00015
0.00015
0.00015
0.00015
0.00015
0.00015

SCALARS mass float 1
LOOKUP_TABLE default
3.95841e-09
3.95841e-09
3.95841e-09
3.95841e-09
3.95841e-09
3.95841e-09
3.95841e-09
3.95841e-09
3.95841e-09
3.95841e-09
3.95841e-09
3.95841e-09
3.95841e-09
3.95841e-09
3.95841e-09
3.95841e-09
3.95841e-09
3.95841e-09
3.95841e-09
3.95841e-09
3.95841e-09
3.95841e-09
3.95841e-09
3.95841e-09
3.95841e-09
3.95841e-09
3.95841e-09
3.95841e-09
3.95841e-09
3.95841e-09
3.95841e-09
3.95841e-09
3.95841e-09
3.95841e-09
3.95841e-09
3.95841e-09
3.95841e-09
3.95841e-09
3.95841e-09
3.95841e-09
3.95841e-09
3.95841e-09
3.95841e-09
3.95841e-09
3.95841e-09
3.95841e-09
3.95841e-09
3.95841e-09
3.95841e-09
3.95841e-09
3.95841e-09
3.95841e-09
3.95841e-09
3.95841e-09
3.95841e-09
3.95841e-09
3.95841e-09
3.95841e-09
3.95841e-09
3.95841e-09
3.95841e-09
3.95841e-09
3.95841e-09
3.95841e-09
3.95841e-09
3.95841e-09
3.95841e-09
3.95841e-09
3.95841e-09
3.95841e-09
3.95841e-09
3.95841e-09
3.95841e-09
3.95841e-09
3.95841e-09
3.95841e-09
3.95841e-09
3.95841e-09
3.95841e-09
3.95841e-09
3.95841e-09
3.95841e-09
3.95841e-09
3.95841e-09
3.95841e-09
3.95841e-09
3.95841e-09
3.95841e-09
3.95841e-09
3.95841e-09
3.95841e-09
3.95841e-09
3.95841e-09
3.95841e-09
3.95841e-09
3.95841e-09
3.95841e-09
3.95841e-09
3.95841e-09
3.95841e-09
3.95841e-09
3.95841e-09
3.95841e-09
3.95841e-09
3.95841e-09
3.95841e-09
3.95841e-09
3.95841e-09
3.95841e-09
3.95841e-09
3.95841e-09
3.95841e-09
3.95841e-09
3.95841e-09
3.95841e-09
3.95841e-09
3.95841e-09
3.95841e-09
3.95841e-09
3.95841e-09
3.95841e-09
3.95841e-09
3.95841e-09
3.95841e-09
3.95841e-09
3.95841e-09
3.95841e-09
3.95841e-09
3.95841e-09
3.95841e-09
3.95841e-09
3.95841e-09
3.95841e-09
3.95841e-09
3.95841e-09
3.95841e-09
3.95841e-09
3.95841e-09
3.95841e-09
3.95841e-09
3.95841e-09
3.95841e-09
3.95841e-09
3.95841e-09
3.95841e-09
3.95841e-09
3.95841e-09
3.95841e-09
3.95841e-09
3.95841e-09
3.95841e-09
3.95841e-09
3.95841e-09
3.95841e-09
3.95841e-09
3.95841e-09
3.95841e-09
3.95841e-09
3.95841e-09
3.95841e-09
3.95841e-09
3.95841e-09
3.95841e-09
3.95841e-09
3.95841e-09
3.95841e-09
3.95841e-09
3.95841e-09
3.95841e-09
3.95841e-09
3.95841e-09
3.95841e-09
3.95841e-09
3.95841e-09
3.95841e-09
3.95841e-09
3.95841e-09
3.95841e-09
3.95841e-09
3.95841e-09
3.95841e-09
3.95841e-09
3.95841e-09
3.95841e-09
3.95841e-09
3.95841e-09
3.95841e-09
3.95841e-09
3.95841e-09
3.95841e-09
3.95841e-09
3.95841e-09
3.95841e-09
3.95841e-09
3.95841e-09
3.95841e-09
3.95841e-09
3.95841e-09
3.95841e-09
3.95841e-09
3.95841e-09
3.95841e-09
3.95841e-09
3.95841e-09
3.95841e-09
3.95841e-09
3.95841e-09
3.95841e-09
3.95841e-09
3.95841e-09
3.95841e-09
3.95841e-09
3.95841e-09
3.95841e-09
3.95841e-09
3.95841e-09
3.95841e-09
3.95841e-09
3.95841e-09
3.95841e-09
3.95841e-09
3.95841e-09
3.95841e-09
3.95841e-09
3.95841e-09
3.95841e-09
3.95841e-09
3.95841e-09
3.95841e-09
3.95841e-09
3.95841e-09
3.95841e-09
3.95841e-09
3.95841e-09
3.95841e-09
3.95841e-09
3.95841e-09
3.95841e-09
3.95841e-09
3.95841e-09
3.95841e-09
3.95841e-09
3.95841e-09
3.95841e-09
3.95841e-09
3.95841e-09
3.95841e-09
3.95841e-09
3.95841e-09
3.95841e-09
3.95841e-09
3.95841e-09
3.95841e-09
3.95841e-09
3.95841e-09
3.95841e-09
3.95841e-09
3.95841e-09
3.95841e-09
3.95841e-09
3.95841e-09
3.95841e-09
3.95841e-09
3.95841e-09
3.95841e-09
3.95841e-09
3.95841e-09
3.95841e-09
3.95841e-09
3.95841e-09
3.95841e-09
3.95841e-09
3.95841e-09
3.95841e-09
3.95841e-09
3.95841e-09
3.95841e-09
3.95841e-09
3.95841e-09
3.95841e-09
3.95841e-09
3.95841e-09
3.95841e-09
3.95841e-09
3.95841e-09
3.95841e-09
3.95841e-09
3.95841e-09
3.95841e-09
3.95841e-09
3.95841e-09
3.95841e-09
3.95841e-09
3.95841e-09
3.95841e-09
3.95841e-09
3.95841e-09
3.95841e-09
3.95841e-09
3.95841e-09
3.95841e-09
3.95841e-09
3.95841e-09
3.95841e-09
3.95841e-09
3.95841e-09
3.95841e-09
3.95841e-09
3.95841e-09
3.95841e-09
3.95841e-09
3.95841e-09
3.95841e-09
3.95841e-09
3.95841e-09
3.95841e-09
3.95841e-09
3.95841e-09
3.95841e-09
3.95841e-09
3.95841e-09
3.95841e-09
3.95841e-09
3.95841e-09
3.95841e-09
3.95841e-09
3.95841e-09
3.95841e-09
3.95841e-09
3.95841e-09
3.95841e-09
3.95841e-09
3.95841e-09
3.95841e-09
3.95841e-09
3.95841e-09
3.95841e-09
3.95841e-09
3.95841e-09
3.95841e-09
3.95841e-09
3.95841e-09
3.95841e-09
3.95841e-09
3.95841e-09
3.95841e-09
3.95841e-09
3.95841e-09
3.95841e-09
3.95841e-09
3.95841e-09
3.95841e-09
3.95841e-09
3.95841e-09
3.95841e-09
3.95841e-09
3.95841e-09
3.95841e-09
3.95841e-09
3.95841e-09
3.95841e-09
3.95841e-09
3.95841e-09
3.95841e-09
3.95841e-09
3.95841e-09
3.95841e-09
3.95841e-09
3.95841e-09
3.95841e-09
3.95841e-09
3.95841e-09
3.95841e-09
3.95841e-09
3.95841e-09
3.95841e-09
3.95841e-09
3.95841e-09
3.95841e-09
3.95841e-09
3.95841e-09
3.95841e-09
3.95841e-09
3.95841e-09
3.95841e-09
3.95841e-09
3.95841e-09
3.95841e-09
3.95841e-09
3.95841e-09
3.95841e-09
3.95841e-09
3.95841e-09
3.95841e-09
3.95841e-09
3.95841e-09
3.95841e-09
3.95841e-09
3.95841e-09
3.95841e-09
3.95841e-09
3.95841e-09
3.95841e-09
3.95841e-09
3.95841e-09
3.95841e-09
3.95841e-09
3.95841e-09
3.95841e-09
3.95841e-09
3.95841e-09
3.95841e-09
3.95841e-09
3.95841e-09
3.95841e-09
3.95841e-09
3.95841e-09
3.95841e-09
3.95841e-09
3.95841e-09
3.95841e-09
3.95841e-09
3.95841e-09
3.95841e-09
3.95841e-09
3.95841e-09
3.95841e-09
3.95841e-09
3.95841e-09
3.95841e-09
3.95841e-09
3.95841e-09
3.95841e-09
3.95841e-09
3.95841e-09
3.95841e-09
3.95841e-09
3.95841e-09
3.95841e-09
3.95841e-09
3.95841e-09
3.95841e-09
3.95841e-09
3.95841e-09
3.95841e-09
3.95841e-09
3.95841e-09
3.95841e-09
3.95841e-09
3.95841e-09
3.95841e-09
3.95841e-09
3.95841e-09
3.95841e-09
3.95841e-09
3.95841e-09
3.95841e-09
3.95841e-09
3.95841e-09
3.95841e-09
3.95841e-09
3.95841e-09
3.95841e-09
3.95841e-09
3.95841e-09
3.95841e-09
3.95841e-09
3.95841e-09
3.95841e-09
3.95841e-09
3.95841e-09
3.95841e-09
3.95841e-09
3.95841e-09
3.95841e-09
3.95841e-09
3.95841e-09
3.95841e-09
3.95841e-09
3.95841e-09
3.95841e-09
3.95841e-09
3.95841e-09
3.95841e-09
3.95841e-09
3.95841e-09
3.95841e-09
3.95841e-09
3.95841e-09
3.95841e-09
3.95841e-09
3.95841e-09
3.95841e-09
3.95841e-09
3.95841e-09
3.95841e-09
3.95841e-09
3.95841e-09
3.95841e-09
3.95841e-09
3.95841e-09
3.95841e-09
3.95841e-09
3.95841e-09
3.95841e-09
3.95841e-09
3.95841e-09
3.95841e-09
3.95841e-09
3.95841e-09
3.95841e-09
3.95841e-09
3.95841e-09
3.95841e-09
3.95841e-09
3.95841e-09
3.95841e-09
3.95841e-09
3.95841e-09
3.95841e-09
3.95841e-09
3.95841e-09
3.95841e-09
3.95841e-09
3.95841e-09
3.95841e-09
3.95841e-09
3.95841e-09
3.95841e-09
3.95841e-09
3.95841e-09
3.95841e-09
3.95841e-09
3.95841e-09
3.95841e-09
3.95841e-09
3.95841e-09
3.95841e-09
3.95841e-09
3.95841e-09
3.95841e-09
3.95841e-09
3.95841e-09
3.95841e-09
3.95841e-09
3.95841e-09
3.95841e-09
3.95841e-09
3.95841e-09
3.95841e-09
3.95841e-09
3.95841e-09
3.95841e-09
3.95841e-09
3.95841e-09
3.95841e-09
3.95841e-09
3.95841e-09
3.95841e-09
3.95841e-09
3.95841e-09
3.95841e-09
3.95841e-09
3.95841e-09
3.95841e-09
3.95841e-09
3.95841e-09
3.95841e-09
3.95841e-09
3.95841e-09
3.95841e-09
3.95841e-09
3.95841e-09
3.95841e-09
3.95841e-09
3.95841e-09
3.95841e-09
3.95841e-09
3.95841e-09
3.95841e-09
3.95841e-09
3.95841e-09
3.95841e-09
3.95841e-09
3.95841e-09
3.95841e-09
3.95841e-09
3.95841e-09
3.95841e-09
3.95841e-09
3.95841e-09
3.95841e-09
3.95841e-09
3.95841e-09
3.95841e-09
3.95841e-09
3.95841e-09
3.95841e-09
3.95841e-09
3.95841e-09
3.95841e-09
3.95841e-09
3.95841e-09
3.95841e-09
3.95841e-09
3.95841e-09
3.95841e-09
3.95841e-09
3.95841e-09
3.95841e-09
3.95841e-09
3.95841e-09
3.95841e-09
3.95841e-09
3.95841e-09
3.95841e-09
3.95841e-09
3.95841e-09
3.95841e-09
3.95841e-09
3.95841e-09
3.95841e-09
3.95841e-09
3.95841e-09
3.95841e-09
3.95841e-09
3.95841e-09
3.95841e-09
3.95841e-09
3.95841e-09
3.95841e-09
3.95841e-09
3.95841e-09
3.95841e-09
3.95841e-09
3.95841e-09
3.95841e-09
3.95841e-09
3.95841e-09
3.95841e-09
3.95841e-09
3.95841e-09
3.95841e-09
3.95841e-09
3.95841e-09
3.95841e-09
3.95841e-09
3.95841e-09
3.95841e-09
3.95841e-09
3.95841e-09
3.95841e-09
3.95841e-09
3.95841e-09
3.95841e-09
3.95841e-09
3.95841e-09
3.95841e-09
3.95841e-09
3.95841e-09
3.95841e-09
3.95841e-09
3.95841e-09
3.95841e-09
3.95841e-09
3.95841e-09
3.95841e-09
3.95841e-09
3.95841e-09
3.95841e-09
3.95841e-09
3.95841e-09
3.95841e-09
3.95841e-09
3.95841e-09
3.95841e-09
3.95841e-09
3.95841e-09
3.95841e-09
3.95841e-09
3.95841e-09
3.95841e-09
3.95841e-09
3.95841e-09
3.95841e-09
3.95841e-09
3.95841e-09
3.95841e-09
3.95841e-09
3.95841e-09
3.95841e-09
3.95841e-09
3.95841e-09
3.95841e-09
3.95841e-09
3.95841e-09
3.95841e-09
3.95841e-09
3.95841e-09
3.95841e-09
3.95841e-09
3.95841e-09
3.95841e-09
3.95841e-09
3.95841e-09
3.95841e-09
3.95841e-09
3.95841e-09
3.95841e-09
3.95841e-09
3.95841e-09
3.95841e-09
3.95841e-09
3.95841e-09
3.95841e-09
3.95841e-09
3.95841e-09
3.95841e-09
3.95841e-09
3.95841e-09
3.95841e-09
3.95841e-09
3.95841e-09
3.95841e-09
3.95841e-09
3.95841e-09
3.95841e-09
3.95841e-09
3.95841e-09
3.95841e-09
3.95841e-09
3.95841e-09
3.95841e-09
3.95841e-09
3.95841e-09
3.95841e-09
3.95841e-09
3.95841e-09
3.95841e-09
3.95841e-09
3.95841e-09
3.95841e-09
3.95841e-09
3.95841e-09
3.95841e-09
3.95841e-09
3.95841e-09
3.95841e-09
3.95841e-09
3.95841e-09
3.95841e-09
3.95841e-09
3.95841e-09
3.95841e-09
3.95841e-09
3.95841e-09
3.95841e-09
3.95841e-09
3.95841e-09
3.95841e-09
3.95841e-09
3.95841e-09
3.95841e-09
3.95841e-09
3.95841e-09
3.95841e-09
3.95841e-09
3.95841e-09
3.95841e-09
3.95841e-09
3.95841e-09
3.95841e-09
3.95841e-09
3.95841e-09
3.95841e-09
3.95841e-09
3.95841e-09
3.95841e-09
3.95841e-09
3.95841e-09
3.95841e-09
3.95841e-09
3.95841e-09
3.95841e-09
3.95841e-09
3.95841e-09
3.95841e-09
3.95841e-09
3.95841e-09
3.95841e-09
3.95841e-09
3.95841e-09
3.95841e-09
3.95841e-09
3.95841e-09
3.95841e-09
3.95841e-09
3.95841e-09
3.95841e-09
3.95841e-09
3.95841e-09
3.95841e-09
3.95841e-09
3.95841e-09
3.95841e-09
3.95841e-09
3.95841e-09
3.95841e-09
3.95841e-09
3.95841e-09
3.95841e-09
3.95841e-09
3.95841e-09
3.95841e-09
3.95841e-09
3.95841e-09
3.95841e-09
3.95841e-09
3.95841e-09
3.95841e-09
3.95841e-09
3.95841e-09
3.95841e-09
3.95841e-09
3.95841e-09
3.95841e-09
3.95841e-09
3.95841e-09
3.95841e-09
3.95841e-09
3.95841e-09
3.95841e-09
3.95841e-09
3.95841e-09
3.95841e-09
3.95841e-09
3.95841e-09
3.95841e-09
3.95841e-09
3.95841e-09
3.95841e-09
3.95841e-09
3.95841e-09
3.95841e-09
3.95841e-09
3.95841e-09
3.95841e-09
3.95841e-09
3.95841e-09
3.95841e-09
3.95841e-09
3.95841e-09
3.95841e-09
3.95841e-09
3.95841e-09
3.95841e-09
3.95841e-09
3.95841e-09
3.95841e-09
3.95841e-09
3.95841e-09
3.95841e-09
3.95841e-09
3.95841e-09
3.95841e-09
3.95841e-09
3.95841e-09
3.95841e-09
3.95841e-09
3.95841e-09
3.95841e-09
3.95841e-09
3.95841e-09
3.95841e-09
3.95841e-09
3.95841e-09
3.95841e-09
3.95841e-09
3.95841e-09
3.95841e-09
3.95841e-09
3.95841e-09
3.95841e-09
3.95841e-09
3.95841e-09

VECTORS velocity float
0.00531395 0.00242621 -0.00283428
0.0049302 2.32878e-05 4.35561e-06
0.00417857 -0.00164608 0.000732336
0.00478066 -5.72022e-05 -7.53233e-06
0.00634211 -0.000771969 0.000489311
0.00425201 3.72646e-05 0.000104874
0.00475719 -0.000153721 -0.000260111
0.00253386 0.000733885 0.000149471
0.00437827 -7.16727e-05 8.90221e-05
0.00456927 0.000173129 -0.000125176
0.00463357 0.000211228 0.000113968
0.00474111 0.000149951 -5.47772e-05
0.00441994 -0.000480019 4.06816e-06
0.00448764 -0.00101878 0.00201481
0.00472935 0.000108225 -9.84244e-05
0.00503737 0.00211824 -0.00332022
0.00497349 0.000264016 -7.53481e-05
-0.147198 0.021585 -0.0303344
0.00457894 0.00023264 -2.78944e-05
0.0046567 0.000201272 0.000106437
0.00448463 -4.99369e-05 -0.000568569
0.000369636 0.000715096 -0.000702607
0.00402152 -0.00145121 0.000964362
0.00301042 -0.00118763 0.000756723
0.0046924 3.68292e-05 -0.000102557
0.00467731 0.00144495 -0.000403058
0.00194397 0.00336572 0.0111236
0.00485613 2.57627e-05 -1.31708e-06
0.00144945 0.00125612 0.0135766
0.0052644 0.000913442 -0.000281886
0.00497052 0.000289423 -0.00161162
0.00484373 0.00014075 0.000127001
0.00463607 0.000487534 0.00172299
0.00484448 -1.06103e-05 8.3091e-06
0.00395355 -0.00199434 0.00274388
0.00470968 0.000202125 0.000115439
0.00479681 6.95495e-05 -7.01065e-05
0.00476969 8.18082e-05 -7.97897e-05
0.00507359 -0.000323634 -0.000782304
0.00449976 -0.0023042 0.000675687
0.00489785 -0.000351294 -0.000726023
0.00450911 0.000231078 0.000101942
0.00350933 0.000366223 0.000369815
0.00429081 -0.00152123 0.000505267
0.000580817 -0.00018078 0.000107809
0.00495051 6.39517e-05 -1.19959e-05
-0.00015339 0.00113604 -0.00202073
0.0044313 0.000246919 -6.04053e-05
0.00404284 -0.000682939 0.000750657
0.000483734 0.000649696 -0.000528147
0.00432628 -2.27862e-05 -0.000837895
0.00486733 -7.20037e-05 -0.000919909
0.0048542 6.07478e-05 -7.95381e-06
0.00427217 0.000196037 -0.000235278
0.00253782 0.00393115 0.00802081
0.0620694 -0.00411754 0.0680257
0.00489642 9.61076e-05 -1.94745e-05
0.00469681 9.59609e-05 -0.000983626
0.00479442 -4.96798e-05 1.97788e-05
0.00471945 0.000126679 -0.00103606
0.0121572 0.00511764 -0.00521508
0.00474691 -0.000271899 -0.000747512
0.00477256 0.000124946 -0.00102411
0.00483488 0.00030823 9.05711e-05
-0.00233351 0.00540715 -0.00911829
0.00365783 0.00179123 -0.000371939
0.00468619 0.000221751 -0.000996127
0.00488714 6.82155e-05 -1.26518e-05
0.0141368 0.00536983 -0.00765379
0.00469388 -0.000122069 -7.74589e-05
0.00499197 -0.000224632 -0.000831667
0.00482171 5.78743e-05 -7.63191e-06
0.00477141 0.000190193 0.000118921
0.00454762 -0.000432068 0.000126891
0.00408944 0.000923627 0.000813961
0.00482686 0.000201754 4.93927e-05
0.00497352 2.62823e-05 5.21057e-07
0.00446497 -0.00717711 0.0115123
0.00485626 0.000178906 -0.00107334
0.00678554 0.0293225 -0.0208604
0.00458275 -0.000346216 9.9929e-05
0.00496785 0.000178604 -5.45816e-05
0.00499807 0.000157316 -0.00102544
0.00530633 0.00206619 -0.0024417
0.00517853 0.000943236 -0.00221793
0.00108029 -0.00813561 0.0116832
0.00478172 7.55691e-05 -0.000990754
-2.83049e-10 -2.88339e-09 1.23853e-09
0.00484419 4.22207e-05 -4.47599e-07
0.0042634 -0.000126047 6.98446e-05
0.00472532 9.65147e-05 -9.5398e-05
0.00468348 0.000207129 -1.24272e-05
0.00222121 0.0029758 0.010834
0.00471342 -5.59711e-05 2.2047e-05
0.00191359 0.00107579 0.0117318
0.00480151 0.000167757 0.000121793
0.00485982 2.43024e-05 -6.34913e-07
0.0133237 -0.00206241 -0.00421684
0.00386363 -0.00235007 0.00107879
0.00469437 6.49397e-05 -0.000966071
0.00407421 -0.00103082 0.000778369
0.00905215 0.013203 -0.0105737
0.00488696 1.39457e-05 4.85762e-06
0.00429165 0.00110762 -0.000909683
0.00493388 0.000162298 -3.91924e-05
0.0048002 5.05368e-05 -5.61283e-06
0.012657 -0.0102316 0.0067715
0.00460797 0.000939919 -0.000800101
0.00440228 -0.000190737 -0.000761701
0.00541134 -0.000419806 -0.000768903
0.00480742 -4.69697e-05 2.09788e-05
0.00400587 -0.000826128 0.000203981
0.00503493 -0.000317347 -0.00077998
0.00202161 0.00148623 0.0134686
0.00482948 -5.2779e-05 -3.12664e-05
0.00370741 -0.00137284 0.00086427
0.00119632 0.00393804 0.0133765
0.00424146 -0.00212958 0.000584462
0.000909983 0.00047577 -0.00749885
0.00478949 -0.000300322 -0.000530613
0.00498114 9.09037e-05 -2.31031e-05
-4.32447e-05 -0.000807162 0.0190411
0.00413938 -1.4836e-05 -0.000348806
0.00148319 -0.00116401 0.0136963
0.00479121 0.000156448 -0.00105064
0.004485 -0.00208617 0.00116197
0.00496012 -0.000210944 -0.000837819
0.00264444 0.00480612 0.00703536
0.00408185 -0.00173749 0.00208023
0.000236435 0.00409601 -0.00730852
0.00226674 -7.92939e-05 0.000152818
0.00493818 3.17572e-05 -1.40897e-06
0.00455563 0.00100654 -0.000331906
0.00502827 -0.000208164 -0.000850798
0.00435999 -0.00051457 0.000968016
0.00174025 0.000535804 0.0125548
0.00457873 -0.000184515 -0.000777643
0.00444343 -0.000414167 0.000881854
0.00346524 -0.000527896 0.000316391
0.0118711 0.00101863 0.0135518
0.0018329 0.00635657 0.0106235
0.00471717 0.000214637 -0.00103137
0.00249426 -0.000243314 0.000748847
0.00708766 0.000788749 -0.00336229
0.00290602 0.000250165 0.000271461
0.00543053 -0.000346502 -0.000850486
0.00458773 4.75152e-05 -1.05389e-05
0.00466379 -0.000804868 0.000179149
0.00476826 -0.000210794 -0.000800364
0.00452938 -0.000436704 3.11912e-07
0.00268018 -0.00096153 0.000659698
0.00486441 0.000164803 0.000125737
0.00480972 0.000229766 -0.00109681
0.00420483 -0.00132842 0.000653334
0.00355966 -0.00251034 0.00330177
0.0025339 9.33759e-05 -8.41718e-05
0.00386165 -0.000279268 -4.05372e-05
0.0437715 0.0387621 -0.105446
0.00488297 -0.00166227 0.00196414
0.00402791 -6.47881e-05 -0.000741579
0.00488476 -3.99864e-05 1.32981e-05
0.00483527 9.61595e-05 -1.19202e-05
0.0041012 -0.00180171 0.00118141
0.00336963 -0.000586347 0.000629303
0.00488899 8.65223e-05 1.49975e-05
0.00436182 -0.000580082 0.00103652
0.00277981 0.00032827 0.000246865
0.00478929 -1.88377e-05 9.22462e-06
0.0037748 -0.00265079 0.00126054
0.00437367 -0.000850994 0.000168929
0.00576705 0.000287472 -0.00207448
0.00466579 0.000142036 -0.00105023
0.00483155 -0.0001798 -0.000609918
0.0047658 0.000337322 -0.000326431
0.00385243 -0.00305755 0.00184444
0.00494361 0.000136279 -0.00106539
0.00462528 -0.000351294 -0.000102958
0.00447503 0.000457125 0.00171862
0.00349653 -0.00283321 0.000877858
0.00444984 -0.000718446 0.000648502
0.00494573 7.90205e-06 4.57685e-06
0.00761893 0.0022968 -0.000833748
0.00370464 -0.00055519 0.000660436
1.80496e-12 4.66738e-13 2.54149e-13
0.00481654 0.000215505 -0.00108331
0.00607798 0.00293418 -0.00694185
0.00458339 -0.00062185 0.00116612
0.00395079 -0.000191384 -7.08145e-05
0.00514436 -0.000971017 1.28049e-06
0.00484595 -0.00103867 0.000562708
0.00487475 -3.60052e-07 7.71531e-06
0.0079589 0.0019815 -0.00562352
0.00511228 -0.0015995 0.0018962
0.00457514 0.0006137 -0.00234071
0.000653383 0.0040401 -0.00174594
0.00438342 -0.000565752 0.00108823
0.00140795 -0.008062 0.0115319
0.00509614 -0.000305285 -0.000803631
0.00459496 -0.00037198 -0.000310669
0.00492056 0.000159453 -0.00108166
-0.0562837 0.00015013 -0.0781008
0.00493262 7.9554e-05 0.000220295
0.00483286 5.39175e-05 -2.92262e-06
0.00491182 -1.52323e-05 1.48216e-05
0.00529286 0.00126038 -0.00370495
0.00432265 -0.000671417 0.00121621
0.00437245 -0.00189144 0.00236908
0.000679376 0.00323656 -0.000791732
0.00236756 0.000540092 -6.67335e-05
0.00489761 0.000187844 -0.00108418
-0.0221401 0.00473688 -0.022158
0.00305447 -0.000859083 0.000695308
0.00440102 -0.000637486 0.000750873
0.00459358 0.000907331 0.000487951
0.00137323 -0.00796117 0.0117555
0.00488388 0.00014071 -0.00108393
-0.0106301 0.0306837 -0.0555512
0.00495056 0.000831063 -0.000983529
0.00374783 -0.00270776 0.000587609
0.00434575 -0.000651836 0.000147577
0.0038486 -0.00295742 0.00291153
0.00161958 2.42873e-05 0.000231583
0.00400478 0.000107603 -3.61784e-05
0.00108609 -0.000137834 1.10407e-05
0.00538471 0.000300824 -3.39461e-05
0.0045158 -0.000862785 0.000695357
1.29051e-12 1.48519e-13 4.91454e-13
0.00458084 -0.000959412 0.000618708
0.00478263 -1.61294e-05 -0.000202467
0.00429977 -0.000797233 0.000955694
0.00717731 0.0017299 -0.00249876
0.00473793 -0.000478514 -0.00036543
0.00477446 -0.000120963 0.000382729
0.00416501 -0.00145794 0.000673618
0.00361751 -0.000534102 0.000825884
0.00404654 -0.00179863 0.00106513
-1.69162e-12 -1.72324e-11 7.10103e-12
0.000893175 -0.00141935 0.00208622
0.00421764 -0.00156848 0.00107216
0.00445695 -0.000221398 -0.000138235
0.00477491 3.69046e-05 -0.000973122
0.00583562 0.00347106 -0.000846324
0.00383526 -0.00267714 0.000944099
0.00530896 -0.000914055 0.000326546
0.00404403 0.000215895 -0.000939517
0.00416028 -0.00134428 0.00123833
0.0046053 0.00086196 -0.000270541
0.00455119 -7.46175e-05 -0.000140259
0.00521312 -9.07834e-05 0.000282588
0.00401649 -0.000880237 0.000728325
0.00145637 0.0037799 -0.000924377
0.0048303 8.74442e-05 0.000245075
4.58078e-05 8.32711e-05 4.3876e-05
0.00200748 -5.35133e-05 0.000790441
0.00529638 -0.00128319 -0.0073043
0.00480429 5.15218e-05 2.80436e-07
0.00588677 -0.000537836 -0.000654129
0.00388422 -0.00284209 0.00342673
0.00424256 -0.00134264 0.000472249
0.00491006 0.000148154 -3.34883e-05
0.00781362 0.00191364 -0.00528818
0.0047533 0.000915187 -0.00216152
0.00600055 0.000324905 -0.00218475
0.0045818 -0.000558327 0.00154523
0.00561445 0.00130324 -0.00222643
0.00345222 0.000636823 -9.85545e-05
0.00491459 -0.00131072 0.0010713
0.00581491 0.000808313 -0.000540331
0.00227674 0.000547272 0.000131839
0.00167644 -0.00807396 0.0117983
0.00453099 0.00122889 -0.00036045
0.00413229 0.00582574 -0.00109697
0.00427435 -0.000480182 0.000925732
0.0143528 0.00627493 -0.00875394
0.00474086 -0.000632237 0.000792265
0.00534566 0.000235019 -0.000137531
0.00471622 0.000226494 -0.0010994
0.0044972 0.00126582 0.000702498
0.00541003 0.00050606 -0.000188375
0.00507294 0.000266563 -0.000116335
0.00409921 -0.000907017 0.000677168
0.00483341 0.000416683 0.000641197
0.00372572 -4.3664e-05 0.000529813
0.00420271 0.000130667 -0.000341536
0.00234502 0.00153229 -0.000156967
0.00447236 -0.0014438 0.000731921
-1.43138e-12 -7.50451e-13 -2.03444e-13
0.00384642 -0.00154145 0.00094725
0.00515348 0.000626626 -0.000107108
0.00446258 0.00118889 -0.000356394
0.00301032 0.00159019 -0.000409134
0.00239696 6.34171e-05 0.000352898
0.00449083 -0.000394769 -2.67315e-05
0.000469719 0.00434942 -0.0079773
0.00420149 0.000991012 -0.000308972
0.00412068 -0.000793925 0.000175043
0.00631689 0.000877606 -0.00266281
0.00491737 3.46431e-06 6.74758e-06
0.00464265 0.000913732 -0.000568341
0.00438402 -0.000634182 0.000785622
0.00464266 0.000592582 0.0013758
-0.00220783 -0.00086446 0.0112589
0.00334249 0.00015558 0.00579219
0.00425133 0.00308794 -0.00149099
0.00421981 -0.000701066 0.00012328
0.00462005 7.38481e-05 0.000979326
0.00481217 -9.7456e-05 0.000346832
0.00531837 0.000986588 -0.00117324
0.00463794 -0.000310552 0.000756085
0.00335641 -0.00461811 -0.00639008
0.000125082 0.0124833 0.0125553
0.00427118 -0.000217026 -0.000546284
0.0061253 0.00734971 -0.0149166
0.00456204 0.00106745 -0.000323781
0.00463318 0.000104191 -1.31966e-05
3.1246e-07 1.17588e-07 -4.26923e-08
0.00632529 0.00146099 -0.000814974
0.00348433 -0.000706813 0.000151326
0.00500363 -7.61562e-05 0.000206716
0.00600862 0.0025789 -0.0041133
0.00125138 8.87907e-05 0.000177994
0.000294543 0.00299019 -0.00128419
0.00439315 -0.000442811 0.00060089
0.00847466 -0.00134774 -0.00522881
0.00443696 0.00225322 -0.000543645
0.00365407 -0.000590089 0.000724625
0.00426832 0.00088841 -0.000554884
0.00218606 0.00410577 -0.000910134
0.00432448 -0.000231098 -0.000767374
0.0046712 0.00119369 -0.000342298
0.00403112 0.00193319 -0.00454566
0.00486797 -0.000130357 0.000543577
0.00472388 0.000127132 -0.00101354
0.00444645 -0.00146317 0.000705594
0.00307166 0.000484271 0.000276787
0.00450878 0.000741631 0.000878216
0.00306963 -0.00254297 0.00431035
0.00554902 0.000478388 -0.00565562
0.0043879 -0.00288498 -8.86662e-05
0.00508977 0.000490909 -0.000443743
0.00364307 -0.000276952 0.000585975
0.00271379 0.000259979 0.000138845
0.00537864 0.000737261 -0.000262472
0.00703318 0.00338868 -0.002326
0.00535692 0.00245579 -0.00103513
0.00381732 -0.0017895 0.00221273
-0.0135467 0.00149311 -0.0154368
0.00429668 -0.000335844 -3.34457e-05
0.00451262 -0.000505739 0.00125425
0.00297151 -0.00166927 0.000888547
0.00115151 -0.00861242 0.0121305
0.00348155 -0.000939099 0.000851239
0.00501157 0.00276485 -0.0011765
0.006993 0.00344839 -0.00654866
0.00358707 -0.000405571 0.000620897
0.00459838 -0.000415572 0.000895756
0.00452277 0.00124511 -0.000368949
0.004285 0.00287525 -0.00124045
0.00381284 -0.000344411 0.0007856
0.00301503 -0.000889385 0.000789739
0.00367564 -0.00614482 0.00123752
0.00425929 0.000405074 -0.000156733
0.00892723 0.00642939 -0.0148159
0.00474206 -0.00111592 0.000183785
0.0045898 0.00114412 -0.000336809
0.00545176 0.000454306 -0.000204032
0.00406705 -0.00223455 0.000949068
0.00403464 -0.00212152 -0.000405244
0.00445283 -0.000219151 -2.90163e-05
0.00638366 -0.00433961 0.000910537
0.0047414 -0.000307181 0.000757754
0.00403547 -0.000291838 0.000398159
0.00410957 -0.00107778 0.00054183
0.00436692 0.000939488 -0.000868529
0.00501182 0.000286417 3.08648e-05
0.00385413 0.000517305 0.000118245
0.00534227 0.000797848 -0.000927093
0.00428682 -0.000815113 -0.000162422
0.00397707 0.00464909 -0.00946447
0.00652626 0.00100514 -0.00168003
0.00523707 0.00285862 -0.00123265
0.0042933 -9.43384e-05 0.000116218
0.00409791 -0.00131847 0.000631538
0.00588279 0.000811064 -0.000911038
0.00347764 0.000733126 -0.000239294
0.00084613 -0.00995857 0.000297254
-0.00374743 -0.0481995 -0.128694
0.0025835 3.04783e-05 0.00113927
4.76973e-06 -7.24551e-07 1.05029e-07
0.00435726 -0.000620076 -8.92397e-05
0.00288353 0.00313133 -0.000355863
0.00448 -0.00132681 0.000407091
0.0047603 0.00219622 -0.00102064
0.00463462 0.00119103 0.000975928
0.00694712 0.00419771 -0.00631577
0.00511608 -0.000263052 -2.31069e-05
0.00521464 0.0021089 -0.00162015
0.00433453 0.00124786 -0.000361879
0.0045572 -0.00100637 0.000455817
0.00463287 0.00265888 -0.00113461
0.00458852 -0.000858428 -0.000280327
0.0038154 6.28313e-05 -0.000735527
0.00433453 -0.000694951 0.00120962
0.00451091 -0.000445621 0.000569429
0.00267177 0.000440701 0.000748176
0.00418165 -0.00133822 0.000301763
0.0032197 -0.00261034 0.00437747
0.00462208 -7.47394e-05 -0.000494976
0.00424355 0.000725928 -0.00102165
0.00276953 0.00232203 -0.000402395
0.00735084 0.00234506 -0.0062158
0.00471637 0.000490313 3.08517e-05
0.00245091 0.000286759 0.000221161
0.00760024 0.00232831 -0.00652651
0.00431044 -0.000172759 -0.000269151
0.00409637 -0.000724112 0.00100357
0.0041721 -0.00142209 0.000682727
0.00452553 -0.00637656 0.00958284
0.0053144 0.000391747 -0.000150371
0.00392678 0.000651254 6.09753e-05
0.00430233 0.000301179 -0.000289374
0.00466031 -0.000474922 -5.0114e-05
0.0057612 -0.000256234 -0.00564248
0.00439173 -0.000650339 0.00121554
0.00539342 0.000279649 -0.000343115
0.00259057 0.000469658 -0.000554651
0.00498261 0.0012944 -0.000375884
0.0100787 -0.000161382 -0.00548848
0.00435716 0.00128032 -0.000368148
0.0011702 -0.00135668 0.000418511
0.00456411 -0.00116687 0.00101328
0.00408517 -0.00137314 0.000262733
0.00431732 -0.000737632 0.000938469
0.0042918 -0.00146958 0.000697317
0.00521436 0.000969406 -0.00115611
0.00580541 0.00313372 0.000299289
0.00467409 -0.00108497 0.00122235
0.00394018 -0.00146042 0.00194525
0.00439444 -0.00138987 0.000277307
0.00569311 0.00104165 -0.000744009
0.00481675 0.00127613 -0.000389497
0.00455808 -0.000477104 0.000679936
0.00429156 -0.00156701 0.000237064
0.00417901 0.000114721 -0.0002143
0.00447022 -0.000697003 0.000660189
0.00370645 -0.000417423 0.000546057
0.00492489 7.4806e-06 -0.000206314
0.00336403 -5.05117e-05 0.000151414
0.00479438 0.00268255 -0.00114585
0.00498764 -0.000845132 0.0012569
0.00776241 -0.00035271 -0.000378291
0.00470589 -0.000691031 0.00125773
0.00380547 -0.00281192 0.000289471
0.00361647 -0.00168969 0.00080744
0.00564036 -0.00063627 0.000954329
0.00465194 -0.00158876 0.000643167
0.00416075 0.00109164 -0.000250997
0.00405838 -0.00139119 0.00106243
0.00454524 -0.000342509 0.000129852
0.00489652 -0.000565764 0.00138583
0.00343946 -0.000748255 0.000757963
0.00322036 -0.000861306 0.000698705
0.00408772 -0.00177731 -0.00367391
0.00514023 0.00119818 -0.00196373
0.00522837 0.00075686 -0.000253593
0.00473456 -0.000292196 1.87221e-05
0.00480953 0.00235251 -0.00036037
0.00435836 0.00109671 -0.000320567
0.00548229 0.000284827 -0.000207134
0.00422266 -0.0014085 0.000697561
0.00413289 0.00204316 -0.000537137
0.00224213 0.000289681 -0.000328835
0.00623206 0.000399957 -0.00141688
0.000972275 -0.000454334 5.51362e-05
0.00432459 -0.00148526 0.000689978
0.00277679 0.00256997 -0.0032201
0.00408084 -0.000407849 0.000363137
0.00458698 -0.000367812 -4.29394e-05
0.00525962 0.000718437 -0.000195733
0.00502059 0.0028839 -0.0012248
0.00289014 -0.0015246 0.00166579
0.00471278 0.00253822 -0.00117958
0.00635392 0.000313138 -0.000225158
0.00432277 -0.00126617 0.000616634
0.00456961 -0.000573457 0.000896963
0.0068981 2.28756e-05 -0.000854805
0.00398226 0.00166886 -0.000795851
0.00602106 0.00266922 -0.00400298
0.00436511 -0.000279131 -0.000610832
0.00470995 -0.000929343 0.00113806
0.00441874 0.00104393 -0.00127889
0.00511807 0.00110634 -0.00240222
0.00473656 0.000179141 -5.70545e-05
0.00390754 -0.0155308 0.000150008
0.00439252 -0.000561463 0.00108445
0.00497327 -0.00023737 -2.79507e-05
0.00443887 -0.00136715 0.000793164
0.00424519 -0.000581501 -0.000156188
0.00826282 -0.00216182 0.00028963
0.00437353 -0.00243236 0.000163926
0.00117042 -0.000117565 -0.000804724
0.00460876 0.00090613 -3.45125e-05
0.00757839 -0.000197896 -0.00228587
0.00533864 0.000284502 5.93972e-05
0.00466695 0.001144 -0.002596
0.00349473 0.00127614 0.000744123
0.00466867 0.000209757 -0.00018274
0.00486324 0.000321689 0.000187728
0.00552666 0.00199467 -0.00139961
0.00484468 0.00301775 -0.00130823
0.00792412 0.000203917 -0.00170297
0.00433366 -0.000632467 0.00097115
0.00498975 0.000733707 -0.000242119
0.0052171 0.000303666 -0.00128418
0.00130698 -0.00257822 -5.37034e-05
0.00416001 -0.00226066 0.000640842
0.00378316 -0.000620957 0.000145008
0.00402295 -0.0014777 0.00178319
0.00758128 0.00135805 -0.00191787
0.00167234 0.000694794 -0.00018632
0.00702379 0.00811519 -0.00413522
0.00400365 -9.51053e-05 0.00147139
0.00473135 0.00121734 -0.00026679
0.00329692 -0.00206425 -0.00181099
0.00483006 0.000113953 -0.000265488
0.00453679 0.00132758 -0.00109037
0.00195913 -0.000775463 0.000479704
0.00434935 -0.000670153 0.00118763
0.00438265 -0.00151428 0.000848944
0.00435024 0.000446583 0.000763422
0.00552981 0.00898278 -0.0177136
0.00449188 -0.00114563 -0.000340084
0.00324615 -0.00108565 0.00125503
0.00252926 0.00386918 -0.000464526
0.00475639 -0.000463618 0.000410478
0.0046906 -0.00043021 0.000223306
0.00516174 0.00155524 -0.00324733
0.00476858 0.000141117 -0.000133969
0.00465462 -9.48833e-05 -6.38519e-05
0.00469732 0.00054099 -0.00132992
0.00515183 0.00114154 -0.00252213
0.00517604 -0.000875777 -0.000813004
0.00328102 0.00221203 -0.000470758
0.00421251 0.000512426 -0.000176793
0.00549562 1.70542e-05 -0.000122331
0.00423963 -0.000889716 0.000835506
0.00450586 0.0024157 -0.00109774
0.00449679 -0.00116937 -0.00012097
0.00774468 -0.000364033 -0.000375964
0.00276852 -0.00154975 -0.000512413
3.6413e-14 -9.24249e-14 2.53604e-13
0.00456748 0.00103667 -0.000332714
0.00410855 -0.00129144 0.000616937
0.00295225 0.00189054 -0.000415416
0.00484379 0.00182798 -0.00337454
0.00581854 -0.00146948 -0.0048044
0.00470418 0.000919911 -0.00113065
0.0045288 -0.000822995 0.00106766
0.00262626 -0.000849699 0.00097317
0.00326717 -0.00146759 0.000571029
0.00449422 3.18763e-05 -0.000110701
0.00353127 -0.00192218 0.00109095
0.00475834 -0.000234174 0.00177343
0.0042929 -0.0013625 0.000629769
0.00555681 0.000410417 -0.000246704
0.0050119 -0.000143381 0.000569515
0.00344418 -0.00111832 0.000116191
0.00482676 0.00255668 -0.00108609
0.00508632 0.00266544 -0.00139086
0.00784751 0.00176125 -0.00385287
0.00516205 8.86283e-05 -0.000316723
0.00576544 -0.000134197 -2.29203e-05
0.00559707 0.000139183 -0.000162372
0.00471109 0.000873414 -0.00103152
0.00452753 -0.000515713 0.000943302
0.00430023 -0.00214645 0.00108163
0.00481443 0.000156529 7.95184e-05
0.0100471 0.000279964 -0.000983684
0.00407357 0.00023603 -0.000262615
0.00585729 -0.000153396 -8.42376e-05
0.00607407 0.00435928 -0.00666184
0.00494806 -0.000976205 -0.00509055
0.00518178 0.00109609 -0.00242417
0.00333716 0.000175194 -0.000116919
0.00498177 0.000696433 0.00104354
0.00653634 0.000560416 -0.00256289
0.00587102 0.00262957 -0.00416064
0.00299318 0.000497604 0.000621365
0.00465053 0.000931798 -0.00209832
0.00347611 -0.0104417 0.0002899
0.0030148 0.00324368 -0.000454978
0.00427421 -0.000818528 0.000462082
0.00436118 -0.00146775 0.000693815
0.00436514 -0.00113871 -0.000118968
0.00403721 -0.000122651 -0.000332326
0.00347899 0.000745743 0.000724912
0.00383376 0.00112892 -0.000307399
0.00381162 0.00146571 -0.000545124
0.00598899 0.00256116 -0.00403645
0.0030503 0.00308211 -0.000471145
0.00605641 0.00276569 -0.00649309
0.00852951 0.000893215 -0.000806442
0.00396965 -0.00243725 0.00012587
0.003441 -0.00800749 0.00226156
0.00454252 0.00123101 -0.000353647
0.00674528 0.00135575 -0.0031061
0.0049771 0.00269669 -0.00115428
0.00748383 0.000149272 -0.00120479
0.00390922 0.000562122 0.000802953
0.0044123 -0.000447751 0.00155487
0.00589741 0.000492014 -0.000520172
0.00391015 0.000220153 -0.000842398
0.00483771 9.27294e-06 0.00102423
0.00457396 7.47092e-06 -0.000211811
0.00447591 -0.000146262 0.00186455
0.00552231 0.00256452 -0.00466601
0.00800648 -0.000453783 -0.000166796
0.00473097 0.00152322 -0.00291646
0.00470367 0.000578143 -0.00162415
0.00369114 0.000204276 0.000750378
0.00596403 -0.00269693 0.00161174
0.00422824 -0.00218784 0.000666568
0.00465581 0.00397276 -0.000724439
0.00479436 0.000209608 -8.76904e-06
0.000790227 -0.0162825 0.00493175
-0.000955498 -0.00275902 -0.00984605
0.0044473 -0.00130927 -0.000120441
0.00442255 -0.000568222 0.000801201
0.00572524 -0.000722216 0.000897936
0.00426244 -0.000626595 0.000493335
0.00451317 -0.00224596 0.00128417
0.00483129 3.94424e-05 -9.37541e-05
0.00459759 0.00220442 -0.000924191
0.0047439 0.000249113 -0.000209914
0.00495711 7.9221e-05 -0.00013599
0.00442864 -0.000508551 0.00108012
0.00377485 -0.0033656 -0.000344359
0.00649037 0.000837666 -0.00211115
0.00596499 0.00167089 -0.00273653
0.00491621 0.000991518 -0.00148157
0.00546381 0.000470349 -0.00234437
0.00223887 -0.0106521 -4.08027e-05
0.00626822 0.000243135 -0.00273387
0.00414396 -0.00152746 -0.00436695
0.00508608 0.000522714 0.00256935
0.00401423 0.00106806 -0.000374846
0.00459163 0.0023547 -0.00101106
0.00448821 3.2385e-05 -0.000111956
0.00418778 -0.000762845 0.00102343
0.00530164 0.00071174 0.000626082
0.00383848 -0.00336896 -0.000585682
0.0049128 1.80101e-05 -0.00012994
0.00412305 -0.00198241 -0.00042158
0.00426749 -0.00162549 -0.00120121
0.00512282 0.000315705 -0.000286056
0.00374524 0.00258559 -0.000882627
0.00295531 0.00294811 -0.000438945
0.00486751 -0.00166324 0.00129174
0.00408327 -0.00164491 -0.00117018
0.00340308 -0.00172919 0.00103956
0.00414759 0.001951 -0.000580545
4.65819e-08 -4.80718e-07 1.38651e-08
0.00322362 -0.00270878 0.00446249
0.00230639 -0.00279893 -0.000167138
0.00181058 -0.00306274 0.000757838
0.00409716 3.93345e-05 0.00207103
0.00433948 -0.00235085 0.00073329
0.00349246 -0.000896863 -0.00171956
-2.90191e-15 -1.35253e-14 3.9505e-14
0.00479811 9.13218e-05 -6.35372e-05
0.00460001 0.000352684 -0.000128324
0.00387318 -0.00143411 0.00187228
0.00456943 3.39944e-05 -0.000109977
0.00437418 -0.000993713 0.000155777
0.00538312 0.000764367 -0.000900174
0.00438157 0.00128673 -0.000372673
0.00486727 0.000210935 3.96245e-05
0.00528231 -0.00111557 0.00116236
0.00675054 0.00142988 -0.00178245
0.00439731 -0.000591073 0.00106183
0.00451661 0.00297383 -0.00132457
0.0049111 0.000198118 0.000783297
0.00541465 0.00190602 -0.00252732
0.00502444 0.000962008 -0.000168775
0.00510621 0.000721571 -0.000511893
0.00428202 -1.20564e-06 0.000887034
0.0032961 -0.000462452 0.00544681
0.0090279 0.000502597 8.93762e-05
0.0042755 -0.00244232 0.000649346
0.00299328 -0.000866193 0.00109386
0.00614402 1.91266e-05 -0.000139872
0.00521651 0.000656185 3.26121e-05
0.0059442 0.000744867 -0.00271833
0.00445918 0.000249551 5.18992e-05
0.00569647 -0.000302054 3.52027e-05
9.49892e-08 -1.50021e-07 -5.52654e-09
0.00366223 -0.00170015 0.00093
0.00541333 0.00177725 -0.000914587
0.00556182 0.000330908 -0.000176391
0.0041007 0.000200416 0.00511204
0.00418975 -0.00177012 0.000805393
0.00420855 -0.000653561 0.00194589
0.00699642 0.000836184 -0.00223895
0.00577555 0.000619759 -0.000315871
0.00890473 -0.00211224 0.00290607
0.00432777 -0.00225527 0.000662175
0.00479801 0.00103185 -0.000306774
0.00492305 0.000140674 -1.51918e-05
0.0044119 0.00252549 -0.00114489
0.00442889 0.00228713 -0.000984371
0.00354046 0.000842814 -0.000266783
0.00458904 0.000132479 -0.000142029
-1.08595e-14 -5.06273e-14 1.47873e-13
0.00428326 -0.00186216 0.00122733
0.0139605 -6.75564e-05 0.00159582
0.00500199 0.00218879 -0.000911672
0.00438666 0.00269357 -0.000635169
0.00430596 -0.00113508 9.10718e-05
0.00110437 -0.0149924 0.00179447
0.00461097 -0.00115094 8.42158e-05
0.00427237 -0.00105547 0.000240925
0.00499849 0.000335363 -0.00032665
-5.33697e-07 -0.0188464 0.00487661
0.00457038 7.07184e-05 -0.000124297
0.00324106 -0.00256756 0.00424388
0.00482764 4.06005e-05 -0.000115942
-4.972e-07 -1.82005e-07 6.77292e-08
0.00381716 -0.00165654 0.000931884
0.00605496 4.62683e-05 -0.00014843
0.00763146 0.00199584 -0.00326169
0.00535572 0.00179267 -0.00319502
0.00874743 -0.000190606 -0.000228525
0.00486983 -6.25397e-05 -7.6858e-05
0.00431249 0.00216433 -0.000508803
0.00466649 0.000142489 -2.65896e-05
0.00464528 -0.000944058 2.47032e-05
0.0047275 5.86743e-05 3.77458e-05
0.0107866 -0.00122031 -0.00265614
0.00344716 -0.00249734 0.00402838
0.00516262 -0.00018262 -4.62007e-05
0.00405784 -4.9695e-05 0.00226866
0.00324218 -0.0011273 0.000612915
0.00463522 5.04721e-05 -0.000112414
0.00595546 0.002478 -0.000815595
0.00565072 -0.000421511 1.75834e-05
0.00460317 -0.00134369 -0.000119952
0.00585276 0.00335046 -0.000836658
0.00589775 -0.00023394 -6.22657e-05
0.00326592 -0.000610919 0.000622391
-1.56907e-08 1.4783e-07 -4.2658e-09
0.00484251 0.000141556 9.24644e-05
0.00606279 2.77118e-05 -0.000149601
0.00502491 0.000284644 -0.000245318
0.00552402 0.000233418 -0.00018439
0.00448112 0.000347424 -0.000184251
0.00452977 0.000236219 4.57611e-05
0.00427602 -0.00538002 -0.000306641
0.00404294 0.0016472 -0.0014809
0.00445404 7.70009e-05 -0.000130624
0.00508333 0.000261975 -0.000186016
0.004495 -0.000818458 0.000850933
0.00386733 0.00162735 -0.00075059
0.00352097 0.000352636 0.00576012
0.0033029 -0.00122467 0.00503574
0.00408111 6.29598e-05 0.00210731
0.00427113 -0.000722099 0.00125349
0.00399637 -0.00242306 4.55467e-05
0.00455134 0.000235963 6.02486e-05
0.00515354 0.00266078 -0.00112962
0.00486614 0.00029845 0.00038397
0.00448309 0.00250297 -0.00111885
0.00811997 0.00115326 -0.00142081
0.00357074 0.00149596 -0.000664628
0.00487738 7.7526e-06 -0.000133021
0.0054964 0.0010849 -0.00166522
0.00486073 0.00118498 -0.00257352
0.0032962 0.000329344 0.00593353
0.00628257 -0.000416433 0.000396708
0.0032305 0.000486316 0.00574574
0.00446565 -0.000832427 -1.57991e-05
0.00343959 0.000309008 0.00574308
0.00451297 0.000333268 0.00169372
0.00509761 0.000365013 -0.000329356
0.00491137 9.25724e-05 4.0706e-05
0.00472524 1.40183e-05 -9.56373e-05
0.00402857 0.00102498 0.000849115
0.00446756 0.000243391 3.48179e-05
0.00493717 -0.000653647 0.000105796
0.00321974 0.00032004 0.0058431
0.00334813 0.000280147 0.00575016
0.00449667 4.81371e-05 -0.000111636
0.00548066 0.000143062 -0.000145126
0.00247478 -0.00140037 0.00583376
0.00483457 3.62044e-05 0.000969432
0.0053018 -1.2396e-05 -0.000109366
0.0043659 0.000517447 0.000905503
0.00607308 3.96818e-05 -0.000168783
0.00461403 0.000419185 -0.000465389
0.00456795 0.000290857 -2.90767e-05
0.00439508 -0.00114693 -0.00010771
0.00307928 -0.00261283 0.00431235
0.00441409 -0.000534949 0.000896376
0.00483567 0.000140703 -1.44768e-05
0.0046693 0.000311757 -0.000246449
0.00495386 -0.000295363 -0.000680403
0.00329173 2.39064e-05 0.00581754
0.00477041 0.000130101 2.28375e-05
0.00455476 0.000208414 -9.72384e-05
0.00489647 -2.7772e-05 -0.000105838
0.00583363 0.000702209 -0.000361103
0.00433769 -0.000126158 0.000721962
0.00475823 0.000137231 -1.84208e-05
0.00449721 0.000195197 -7.29211e-05
0.00319368 -3.22228e-05 0.000660767
0.00594109 0.000432159 -0.000279378
0.00594239 -0.000147244 -8.14366e-05
0.0049619 0.000368489 -0.000382159
0.00412865 0.000160819 0.00118971
0.00588062 -0.000265075 0.000245823
0.00432954 -0.000828771 0.00105459
0.00431404 0.00255293 -0.00107938
0.00468633 0.00124181 0.000998312
0.0050044 0.000221603 -0.000120874
0.00494687 0.000318341 -0.000295763
0.00445534 -0.000777599 -0.000933805
0.00431799 -0.00151439 0.00141436
0.00320046 -0.00115609 0.000691993
0.00487459 0.000140761 -2.71363e-05
0.00456082 -0.00106124 -7.28603e-05
0.00431128 -0.00084659 0.00112148
0.00451528 0.000300788 -5.16169e-05
0.00416471 -6.82875e-05 0.00197994
0.0052936 0.000929282 0.00109556
0.00620246 0.000168048 -0.000197945
0.00348801 -0.000703667 0.001712
0.00419398 -0.00114537 -8.41e-05
0.00463657 0.000301174 -3.91976e-05
0.00496965 0.000251379 -0.000193502
0.00459854 -0.00120172 -8.41945e-05
0.00478812 0.000309988 -0.000301534
0.00464531 0.000195365 -4.65992e-05
0.00465357 0.000220412 -4.47954e-05
0.00324238 0.00229728 -0.000481214
0.00478224 0.000373146 -0.000395255
0.00331735 -0.000960635 0.000164634
0.003239 -0.00216704 0.0044914
0.00482162 -0.000633618 9.17481e-05
0.00424267 -0.000905429 -0.00142377
0.00470287 -0.000244946 -2.36683e-05
0.00465803 0.00129091 -0.000825836
0.0043454 -0.000846876 0.00108393
0.0032076 -0.00270704 0.00447802
0.00371277 0.00269905 -0.000928375
0.0034183 -0.00176918 0.00107708
0.00426818 -0.000787098 0.0011946
0.00542877 8.0448e-05 0.000307815
0.00585765 0.000411261 -0.000268371
0.00434123 -0.000119239 0.00152521
0.00459688 0.000155271 -5.05348e-05
0.00543746 0.00023646 -0.000127768
0.00407298 0.00029978 0.00119699
0.00460583 0.000295506 -4.41366e-05
0.00461036 0.00103139 -0.000287239
0.0051447 -0.000519624 0.00158873
0.00555343 0.00016451 -0.000191153
0.00450169 -0.00119164 0.000109691
0.00404 -0.000756863 0.000978923
0.00320282 -0.00266315 0.00443126
0.00409348 -0.000435458 0.00124932
0.00455496 -0.00119489 -8.91248e-05
0.00513462 0.000706472 0.00105429
0.00423059 -0.000793395 0.00103169
0.00326254 -5.83173e-05 0.00587862
0.00564845 0.000187479 -0.000196664
0.00458774 -0.0010541 0.000318254
0.00461356 -0.00121585 -7.81983e-05
0.0044958 0.000241145 4.06363e-05
0.00588489 0.000299741 -0.000227777
0.00503992 0.000337652 -0.000322996
0.00493853 0.000145413 -7.43248e-05
0.00518131 0.000313152 -0.00027995
0.0046764 -2.18656e-05 0.00162143
0.00546932 0.00013883 -5.25687e-05
0.00470786 0.00043658 -0.00051559
0.00448519 -0.00119532 -7.90981e-05

VECTORS force float
6.70496e-09 2.07327e-08 5.70378e-09
4.48428e-09 -1.64161e-09 1.79965e-09
-1.85311e-09 2.3553e-09 1.39331e-10
-1.75797e-09 -1.1516e-09 4.15196e-09
7.73354e-09 1.96308e-08 -2.04266e-08
5.12222e-12 -2.15572e-09 -1.78613e-09
5.58206e-09 -5.56904e-09 -3.39651e-09
-2.37136e-08 4.84148e-09 -2.87694e-09
-2.14566e-08 -1.17259e-08 -1.63568e-09
2.88479e-10 -1.28759e-09 -6.26354e-10
1.33142e-09 -1.09325e-09 -8.60467e-11
7.22522e-10 2.28225e-10 -1.09455e-10
6.5767e-10 -6.6029e-09 3.10828e-09
6.01203e-09 -1.8798e-09 1.25616e-08
8.05468e-10 2.06477e-09 -4.84327e-10
0.0 0.0 -3.8832e-08
8.23246e-10 -4.54954e-10 9.59347e-10
-0.000359635 0.00114276 -9.70425e-05
1.33411e-09 -1.27368e-10 1.61959e-09
1.75276e-09 -1.77502e-09 -6.71472e-10
1.07093e-08 -8.00075e-09 9.92056e-09
-3.82972e-09 6.34082e-09 -7.21809e-09
1.73896e-09 3.93798e-09 -2.16098e-09
5.76511e-09 2.45695e-10 -2.42796e-09
9.59579e-10 6.85554e-10 -3.23545e-09
5.0381e-09 2.8091e-09 -2.5624e-09
4.86004e-09 -9.64903e-09 -1.94172e-08
-1.20523e-09 3.42665e-09 -7.12612e-10
7.28885e-09 2.79907e-09 -3.41534e-08
-1.17363e-08 9.73343e-10 1.16872e-09
2.90675e-08 1.47129e-09 -5.9914e-09
2.36154e-10 -2.4134e-09 3.89206e-10
-3.50905e-08 -1.09352e-08 2.30254e-07
2.25145e-09 -3.55538e-09 -2.35045e-09
1.37557e-09 -4.22471e-09 4.83955e-10
-4.36056e-09 -1.51514e-09 -2.84866e-11
9.52197e-10 2.82865e-09 -2.39884e-09
6.09885e-11 2.54781e-09 -2.31956e-09
2.79476e-09 2.01172e-09 -2.26577e-09
1.41449e-08 -1.67494e-08 1.2704e-08
-1.48637e-09 9.11728e-10 -1.88575e-09
2.9859e-10 -3.15685e-09 7.80883e-10
1.20893e-08 2.40756e-09 -5.14018e-10
-8.30616e-09 3.99543e-09 4.22863e-09
-6.91475e-09 -3.12028e-10 9.46766e-09
1.38182e-10 -3.10304e-09 5.64865e-10
8.79951e-09 -1.30078e-08 1.9558e-08
7.50067e-10 -5.42269e-10 5.91996e-10
3.53425e-09 2.59325e-09 1.39527e-10
-1.53439e-09 4.17613e-09 -2.47641e-09
-2.9107e-10 -3.35794e-11 1.79105e-09
5.53244e-10 -1.20573e-08 6.76663e-09
2.80492e-10 -3.56403e-09 1.45878e-09
2.43451e-10 -1.33715e-09 -4.7336e-10
6.03381e-08 2.49414e-08 5.49135e-09
0.0 0.0 -3.8832e-08
5.03741e-09 -1.12804e-09 1.70856e-10
-2.95669e-10 -7.45159e-09 2.86963e-09
1.92231e-09 2.79202e-09 -1.27381e-09
-1.56955e-09 6.94566e-09 -1.08221e-09
-7.37941e-09 6.46634e-09 -2.29121e-09
1.22463e-09 -3.54763e-10 2.93016e-09
-1.10343e-11 4.00587e-10 -1.30681e-09
3.44154e-09 -1.1642e-09 -2.80887e-10
3.99553e-09 1.04147e-08 -2.36659e-08
-5.40678e-09 -4.39927e-08 5.71252e-09
-1.01702e-09 -2.20751e-09 -7.67792e-09
3.82854e-09 -5.33105e-10 2.3926e-10
1.32849e-09 1.40786e-09 -6.71591e-09
-1.79728e-10 -6.79475e-09 1.48151e-09
2.80574e-09 -7.44126e-09 5.02893e-09
2.34362e-09 -3.00553e-09 -1.70002e-09
-1.26322e-09 1.1243e-09 3.56891e-12
3.02924e-09 4.25269e-08 -1.26845e-08
4.42214e-10 5.75e-09 2.86541e-09
3.38913e-09 -5.44667e-10 -8.647e-10
1.17517e-09 -1.09281e-09 3.30584e-10
-1.59579e-08 -5.16006e-08 1.34951e-08
3.73078e-09 -4.44169e-09 7.5854e-10
2.20416e-09 4.67494e-09 -3.54683e-09
-5.90103e-09 -1.50393e-08 2.37012e-09
-7.88729e-10 -7.84594e-10 1.78304e-09
3.87087e-09 -1.91167e-08 5.20581e-11
4.15568e-09 7.87743e-09 1.30793e-09
-3.79243e-09 -1.22558e-08 -2.39528e-09
2.66492e-08 -2.12516e-08 -1.04187e-08
-7.49527e-09 1.43331e-09 -6.42306e-10
1.1067e-13 1.12739e-12 -4.84131e-13
6.5585e-10 -2.70128e-09 1.77185e-09
8.82035e-10 -2.36918e-09 -1.20149e-09
-3.45748e-10 2.98896e-09 -1.32498e-09
-2.768e-10 -7.7691e-11 1.03165e-09
0.0 0.0 -3.8832e-08
-3.89224e-09 -3.72575e-09 2.97102e-09
-3.65358e-10 2.24197e-10 1.72173e-09
1.06731e-09 2.14271e-10 4.33303e-10
1.06653e-10 -1.80222e-09 6.28263e-10
-3.82913e-09 -2.60714e-08 -3.0918e-09
1.80341e-08 -6.202e-09 -6.62749e-09
-1.84236e-10 -2.45112e-10 1.31808e-09
1.57055e-08 -2.38592e-09 1.58299e-08
-2.36678e-09 6.47029e-09 -3.84213e-09
1.64616e-10 2.69657e-09 -3.1771e-11
-4.51963e-09 2.48943e-09 -6.55995e-09
3.65859e-09 2.10732e-09 -6.73199e-10
-1.5323e-11 -1.69518e-09 5.00815e-11
0.0 0.0 -3.8832e-08
-9.94871e-09 -2.67501e-08 2.53504e-08
-5.50083e-09 9.77182e-10 -8.27325e-10
2.04847e-08 -5.35755e-08 -4.66694e-09
2.92444e-09 -5.63642e-09 1.41576e-09
7.56655e-09 -1.70394e-08 1.14013e-08
-2.0892e-09 2.08827e-09 -2.78278e-09
0.0 0.0 -3.8832e-08
2.76434e-09 2.44724e-09 4.09366e-10
-4.50653e-09 -1.22027e-09 3.82544e-08
0.0 0.0 -3.8832e-08
-1.71757e-08 -1.18173e-08 -2.863e-09
0.0 0.0 -3.8832e-08
2.04533e-09 -3.02903e-09 -3.53668e-09
3.07414e-10 -2.05702e-09 1.00198e-09
2.4205e-11 2.16069e-10 1.55028e-10
7.05891e-09 -1.31699e-08 -8.67757e-09
0.0 0.0 -3.8832e-08
9.16383e-09 -3.19422e-09 -8.07534e-10
-9.32746e-09 1.11918e-08 -2.51218e-08
4.26405e-10 -1.90819e-09 1.59584e-09
3.67838e-09 -9.16197e-09 -1.27332e-08
-6.14734e-08 -7.82765e-09 2.76681e-08
-2.12381e-08 -1.00951e-07 7.69871e-08
-1.4313e-08 1.02409e-08 -1.29302e-08
1.40857e-09 -1.86842e-09 5.24638e-10
1.45229e-08 1.63379e-09 6.91589e-10
-9.62426e-10 -2.20622e-09 2.03284e-09
-6.59513e-09 2.08394e-09 -4.66607e-09
-4.24091e-10 2.15254e-10 1.81192e-09
-6.12277e-09 3.31606e-09 -4.30868e-10
4.24273e-08 1.03909e-08 -5.60358e-09
-2.86947e-08 -5.35539e-09 3.20443e-08
0.0 0.0 -3.8832e-08
1.35312e-09 2.66751e-10 -3.77333e-08
-8.121e-10 3.66011e-09 -9.27035e-09
-2.42379e-08 3.13387e-08 -1.65086e-08
-2.36744e-08 3.85992e-08 -9.58766e-08
7.59555e-09 3.53557e-08 1.74189e-08
-2.49997e-08 6.61646e-08 -1.18778e-07
-9.54603e-12 -8.16511e-09 1.72725e-09
-8.2597e-09 -8.5531e-09 -3.18924e-09
-6.88149e-09 5.52753e-09 -2.3258e-09
1.1961e-08 -3.92971e-09 -5.39604e-10
2.56864e-09 -7.91146e-09 2.03816e-09
-1.15804e-09 -5.05507e-10 1.70455e-10
2.73046e-09 3.56034e-09 -2.7425e-09
-1.84065e-09 -6.25764e-09 4.35445e-09
2.87516e-09 -3.28849e-09 9.67293e-09
-2.80735e-09 6.38128e-09 -1.41661e-08
6.92114e-09 -5.69225e-09 1.83243e-09
0.0 0.0 -3.8832e-08
-1.7485e-08 9.67108e-09 8.83831e-09
-4.48542e-09 6.24651e-09 -1.96286e-09
1.34264e-09 1.5769e-09 1.77444e-10
-4.40546e-10 -4.74253e-09 2.09931e-09
0.0 0.0 -3.8832e-08
-9.95184e-09 -7.09062e-09 -9.99486e-10
1.32476e-09 -2.87876e-09 -1.60296e-09
-2.22083e-09 8.92117e-10 8.45371e-09
-1.35643e-08 1.25783e-08 -5.57322e-09
1.8607e-09 5.25621e-10 4.86879e-10
-2.14536e-09 3.1071e-09 -9.77741e-11
6.57249e-09 9.7709e-10 2.29671e-09
-1.25594e-08 4.67916e-09 -3.64873e-09
2.60192e-08 3.73963e-09 8.62147e-09
3.29396e-09 4.38621e-10 1.79458e-09
-1.17435e-09 -1.79529e-09 4.04269e-09
9.58963e-10 5.46397e-09 -3.12505e-10
-2.57366e-08 -4.63204e-09 8.15291e-09
8.23646e-09 -4.76991e-09 -7.51051e-09
2.31592e-08 -2.6104e-08 -8.10124e-08
-2.04052e-08 -5.28726e-08 3.51756e-08
-4.98883e-09 2.5065e-10 -4.0318e-09
2.43702e-09 1.39156e-09 -5.18105e-10
-1.64298e-08 9.61891e-09 -8.2869e-09
5.79166e-09 1.94787e-09 -8.63304e-10
-1.16069e-15 -3.078e-15 1.51767e-15
1.89663e-09 -8.80052e-10 -3.96121e-09
-3.36815e-09 1.30565e-08 -2.35379e-08
7.51662e-10 2.78129e-09 2.59651e-09
-1.37145e-08 1.45582e-08 -7.18763e-09
-4.95081e-09 -1.73538e-08 4.11684e-08
-6.71189e-09 1.83213e-08 -3.08492e-08
2.7596e-09 5.33987e-09 -1.88341e-09
-2.00827e-10 5.67506e-10 -3.82729e-08
1.1544e-08 -1.03495e-08 2.14865e-08
-5.77968e-09 1.49488e-08 -2.5773e-08
-1.25898e-09 -2.24438e-09 1.01337e-09
3.10129e-08 -3.00207e-09 5.95322e-09
-1.11618e-08 5.71683e-09 -1.63733e-08
-3.45034e-09 1.11691e-09 9.62215e-10
-4.913e-08 1.50236e-09 2.02023e-08
2.36589e-11 6.55544e-09 -6.66232e-09
0.0 0.0 -3.8832e-08
-4.42787e-09 -2.13838e-09 -1.27917e-09
5.06139e-09 -3.31301e-09 7.87379e-10
2.93527e-09 -2.08534e-09 1.56494e-10
8.47463e-08 -3.10895e-08 3.05107e-08
6.88874e-09 1.28018e-08 -1.92857e-08
-2.90513e-10 1.65476e-08 -2.44284e-08
-3.93335e-09 1.23696e-08 -8.66872e-09
1.15655e-09 -2.15081e-10 -8.88165e-10
-7.29667e-09 -1.38495e-08 1.07951e-08
0.0 0.0 -3.8832e-08
1.13322e-08 -6.63356e-09 3.11114e-09
1.09101e-08 4.49032e-10 -1.09434e-08
-2.21491e-09 -3.78154e-09 -6.85336e-09
7.40023e-08 -3.27285e-08 4.27735e-08
-1.96242e-09 1.07e-08 -6.30996e-09
0.0 0.0 -3.8832e-08
-3.82714e-09 1.54012e-10 5.12289e-10
-5.47913e-09 -7.96249e-09 4.73506e-08
6.31719e-09 5.47041e-09 1.77576e-08
1.66684e-09 2.61126e-09 -3.01417e-08
-1.34161e-08 -1.68352e-10 -9.77145e-10
4.02681e-09 7.05187e-09 -7.02947e-09
-5.38065e-09 3.1368e-09 -4.55995e-09
7.04022e-10 5.37946e-09 -1.21259e-09
3.96306e-09 1.1773e-08 -3.00076e-09
-3.12124e-17 -1.6431e-16 5.01986e-17
-8.11812e-09 -1.29624e-08 -5.30472e-09
9.39833e-10 -9.73757e-10 1.18472e-09
-3.16727e-09 -5.6653e-09 9.48827e-09
-4.00382e-09 -1.04426e-09 -1.41727e-08
-1.86384e-08 1.92214e-08 -8.33114e-09
-6.7231e-09 6.21386e-09 -3.40082e-10
7.20492e-10 1.5121e-09 -5.41818e-10
5.53026e-09 -1.09123e-09 5.60371e-09
7.27037e-12 -2.56922e-12 1.7289e-12
1.06991e-15 1.08991e-14 -4.59375e-15
8.52357e-09 2.25909e-09 -3.72124e-10
1.99048e-08 3.05669e-08 -1.23813e-08
1.02355e-09 -3.88792e-09 -6.15609e-09
-6.15613e-09 -1.31143e-09 3.76533e-09
-2.32793e-09 -2.82431e-09 6.45324e-10
1.25635e-08 -9.66565e-09 3.23881e-08
-6.89587e-09 -1.28093e-10 6.31031e-09
-3.84115e-09 8.50953e-09 -4.8445e-09
-4.64116e-08 -8.96041e-09 2.64705e-08
-9.90885e-09 9.23105e-09 -1.90947e-09
1.02666e-08 -2.93139e-09 5.59204e-09
-1.70545e-08 -9.59653e-10 4.41639e-09
2.54645e-09 5.42314e-09 -3.41011e-09
-3.78463e-09 -4.13654e-09 7.56742e-09
1.08321e-08 -8.25396e-09 1.11965e-08
1.61723e-09 -3.1914e-10 2.93719e-10
-5.52569e-09 1.03298e-08 -1.81987e-08
0.0 0.0 -3.8832e-08
7.28492e-10 -2.05449e-09 -1.84121e-10
8.72452e-10 8.77064e-11 -3.89969e-08
7.6391e-09 -5.11557e-10 -1.57819e-09
-2.57361e-09 -1.33676e-08 -4.48024e-09
7.92987e-10 9.96651e-10 2.18222e-10
0.0 0.0 -3.8832e-08
2.20144e-09 -1.56032e-08 -1.73822e-09
1.97783e-08 7.63264e-08 -1.35316e-07
-6.63819e-09 -1.31822e-09 -2.54979e-08
-3.93596e-08 -3.17327e-08 -4.75749e-09
8.42244e-09 -4.71151e-10 -6.43045e-09
5.98248e-10 -9.98292e-09 1.06599e-08
-7.0395e-09 -2.29857e-08 2.69545e-08
1.91247e-08 2.86493e-09 2.30271e-08
2.86272e-08 -6.09784e-08 6.72086e-08
1.80498e-08 6.34867e-09 -2.43673e-09
-5.9793e-09 -3.67107e-08 -1.12053e-08
-4.83932e-09 6.07159e-09 -1.20994e-08
0.0 0.0 -3.8832e-08
6.39557e-09 1.0022e-09 -9.78205e-09
1.40344e-08 -1.63089e-09 1.02572e-09
1.62334e-09 9.27786e-09 -3.13707e-09
1.23387e-09 -3.68049e-09 -3.1803e-09
-5.0743e-10 2.013e-08 -3.92572e-09
3.47209e-09 -9.79353e-09 8.60908e-09
-3.65785e-09 -1.01855e-08 2.34391e-09
4.16947e-09 2.63652e-09 -4.41967e-09
-2.23424e-08 1.4387e-08 -8.64376e-09
-7.26303e-09 -1.47448e-08 3.03669e-08
8.04357e-09 2.1733e-08 3.36338e-09
3.42351e-09 3.84369e-09 -1.37215e-09
1.15148e-15 2.82196e-15 -1.39259e-15
2.65021e-09 -7.00883e-09 8.25739e-09
4.5984e-09 -1.68244e-09 3.79703e-09
7.57848e-09 -2.57193e-09 -2.74462e-09
4.04851e-09 -1.05842e-09 8.35767e-10
-3.87832e-09 5.96219e-09 -6.56449e-09
2.12484e-09 -1.21252e-09 -3.50055e-09
1.94089e-09 1.17285e-08 -2.1678e-08
-5.70442e-09 2.08929e-09 -7.14403e-09
1.0872e-08 -1.57375e-09 2.06189e-08
-1.80333e-08 -3.03378e-08 1.4994e-08
3.62192e-09 -2.82405e-09 6.63002e-10
4.07339e-09 1.75876e-09 -8.32977e-11
4.72319e-09 -9.25897e-10 3.81447e-09
1.02953e-08 1.90701e-08 1.12894e-07
0.0 0.0 -3.8832e-08
-1.12528e-09 -1.12911e-08 -1.67823e-09
8.41124e-09 -3.74352e-09 1.18991e-09
8.30308e-09 -2.04177e-08 1.02354e-08
-5.3116e-09 -1.55121e-09 -6.41121e-09
5.32911e-09 -3.52564e-09 3.07143e-09
-1.19998e-08 4.02623e-09 -3.77982e-09
2.81609e-09 2.25386e-10 -3.12905e-09
-4.17495e-09 -1.07147e-08 -3.74595e-09
-1.97023e-11 3.03054e-10 -3.56376e-12
-1.90151e-08 4.52069e-10 -3.59254e-08
-8.31459e-10 1.27196e-08 -2.14599e-08
6.08556e-10 -8.31659e-09 5.97243e-10
4.10812e-09 2.57339e-10 -2.46524e-09
-5.77997e-11 -2.33666e-11 7.96208e-12
8.65889e-09 -1.07669e-08 -2.44486e-09
-9.28107e-09 -1.14272e-08 4.10427e-09
3.40377e-09 4.35211e-09 -9.0608e-09
-7.83246e-09 -3.64852e-08 1.50117e-08
-4.51083e-09 4.73294e-09 -3.7465e-09
-2.38386e-10 -2.37186e-09 1.01883e-09
2.37452e-08 7.48155e-09 -4.85564e-10
-4.95549e-09 -8.80802e-09 -2.38977e-08
-4.52925e-09 4.29987e-09 -7.11562e-09
-4.99314e-09 -6.51122e-10 -1.37683e-09
1.25725e-08 -6.52511e-10 -7.3107e-11
2.25977e-08 -7.52002e-11 7.5781e-09
-4.29325e-09 -6.93515e-09 2.79704e-09
2.73374e-09 -2.30555e-09 1.62011e-10
-3.12016e-09 1.20051e-08 -2.48034e-08
1.85017e-08 1.94325e-10 3.00042e-09
-1.63778e-09 1.90744e-09 -1.2367e-08
1.26143e-08 3.7276e-09 -6.72269e-11
-6.51392e-09 8.46313e-09 -4.61425e-10
1.68614e-09 -1.52792e-09 -3.07209e-09
-3.72235e-09 -8.08154e-09 -4.20326e-09
0.0 0.0 -3.8832e-08
-1.11937e-07 9.08853e-08 2.65751e-08
1.81225e-08 -1.00252e-08 2.14048e-08
-2.34988e-08 1.14429e-08 -5.92074e-09
-1.51723e-09 -4.40387e-09 3.88837e-08
1.64898e-08 -1.46527e-08 7.10901e-10
5.82259e-09 -4.51744e-09 -3.3433e-08
5.03544e-08 3.03177e-08 -5.55206e-10
-1.85849e-08 6.56807e-09 -6.12524e-09
-1.61275e-08 8.85322e-09 1.36447e-08
1.34786e-09 4.98008e-09 5.67545e-09
6.90066e-09 -6.11357e-09 1.44542e-09
-1.33664e-10 -2.91639e-10 -1.75584e-09
-5.33203e-09 2.8881e-08 -3.88841e-08
3.80861e-08 -3.20027e-08 1.47865e-08
-9.05899e-09 -2.82487e-08 -2.58461e-09
2.93294e-09 1.0458e-08 -2.59293e-08
1.98612e-09 -3.05589e-09 3.25622e-09
5.74876e-09 1.02817e-08 -8.72248e-09
3.68833e-09 -1.54434e-09 2.23821e-09
-7.44907e-09 5.4733e-09 -1.88935e-09
-2.48821e-10 1.06698e-09 2.82924e-10
2.14961e-08 4.67691e-09 -1.63001e-08
-7.32162e-09 1.84422e-09 -1.13805e-09
-1.09026e-08 -3.31855e-11 1.076e-09
0.0 0.0 -3.8832e-08
-7.67245e-09 -2.14319e-09 -4.76475e-09
3.93283e-09 -4.03422e-09 -1.09846e-09
1.40533e-08 1.27231e-08 1.11385e-08
2.68667e-08 4.34998e-08 -2.05594e-08
-4.95782e-12 -7.25379e-12 2.81421e-13
2.5643e-09 1.15837e-08 -4.96957e-09
5.07716e-09 1.48605e-09 2.28383e-09
-2.84303e-09 1.79463e-09 -6.05716e-10
-1.67213e-08 -5.54956e-09 7.92017e-09
-8.58408e-09 -1.02057e-08 1.61531e-09
2.0152e-08 2.55577e-09 -9.64512e-09
5.63209e-09 -1.36317e-08 1.76729e-08
-1.96516e-08 7.14073e-09 -5.26141e-09
4.12398e-09 -6.02583e-09 9.80135e-09
-1.59005e-09 -1.72087e-08 2.35852e-11
-8.97458e-10 1.2671e-08 -2.15741e-08
-5.62788e-09 3.2366e-08 -2.46164e-08
-6.19786e-09 1.41185e-08 -8.72484e-09
-1.72883e-08 -1.1631e-08 5.74231e-09
1.79465e-09 1.71249e-09 -7.05572e-09
9.28265e-09 2.63829e-10 5.24854e-09
2.99061e-09 2.88139e-09 1.51193e-09
2.22079e-09 -1.91886e-08 1.12088e-09
0.0 0.0 -3.8832e-08
-1.88014e-08 1.30082e-08 -2.55003e-08
-1.46737e-09 9.38933e-10 -2.027e-10
-6.76224e-09 -1.25784e-08 1.76537e-08
-1.28062e-08 -2.01805e-09 1.96333e-09
-4.82198e-10 7.65029e-10 -5.82164e-09
-2.49565e-09 -2.82407e-09 -1.22928e-08
-1.14487e-10 1.29916e-09 4.99421e-10
6.12727e-09 7.22218e-09 -3.952e-09
-4.17989e-11 5.33458e-09 -4.7168e-10
1.85698e-08 1.47632e-08 1.14411e-08
-9.16444e-09 -1.40788e-09 1.8875e-10
-6.84005e-09 1.05338e-08 1.34169e-08
-1.33877e-08 -1.11753e-08 -7.68369e-10
-1.08776e-09 5.43624e-09 9.38453e-10
-1.28966e-09 2.02288e-10 6.40601e-09
1.1419e-08 -6.02746e-09 -4.38731e-10
2.2316e-08 1.26883e-08 7.1583e-09
-9.55847e-09 -1.92318e-08 9.37393e-09
4.01534e-09 2.20735e-09 1.33648e-09
1.14142e-08 -1.16344e-09 1.63573e-09
-1.08318e-08 3.66226e-09 -2.34678e-09
-2.36157e-08 -2.53515e-08 1.28e-08
-1.3642e-09 -5.55293e-09 2.61966e-09
-4.47258e-09 1.38854e-08 -2.4109e-08
-1.82911e-08 2.63239e-09 -1.19418e-08
-1.90549e-08 1.92697e-08 -4.34541e-09
-1.95318e-09 1.09786e-09 -3.78119e-08
6.53619e-10 1.80075e-08 -2.56579e-08
-9.02829e-09 6.68931e-10 5.35769e-10
-5.70504e-10 2.17601e-09 -5.30076e-09
1.10825e-08 8.41583e-09 -2.08847e-09
-9.82668e-09 1.31874e-08 -3.50898e-09
2.9217e-10 2.53181e-09 -1.18858e-09
1.74337e-08 -7.59345e-09 5.84053e-09
-4.2455e-09 6.79949e-09 -1.20164e-09
-4.69822e-09 7.72809e-09 -3.39001e-09
1.16202e-08 6.94015e-09 -4.17382e-09
7.05215e-09 -4.70891e-09 2.08032e-09
-8.74642e-10 -3.80651e-09 4.98392e-09
8.37364e-09 4.60297e-10 -3.43926e-09
-1.91719e-09 2.23286e-08 -4.29184e-09
-2.57305e-09 -2.14249e-09 2.33964e-09
-1.25742e-08 2.24254e-08 -4.51373e-09
3.5983e-09 -1.68591e-10 -4.40556e-09
-1.2765e-08 -1.48254e-08 -8.08728e-09
-9.12359e-09 -1.95823e-09 1.4377e-08
-5.23435e-10 7.44983e-09 -4.27206e-09
-8.17762e-09 5.48042e-09 1.0764e-09
1.66325e-08 -8.24217e-11 8.52583e-09
3.00323e-08 1.55361e-08 -2.07187e-08
1.22836e-08 1.17283e-08 -1.16847e-08
-4.11891e-09 4.69226e-09 6.13972e-09
-2.81741e-09 -2.53745e-09 -2.71265e-09
2.799e-09 3.49624e-09 4.51766e-09
-1.21398e-08 5.98519e-09 -8.19923e-09
-3.91087e-09 3.0925e-09 6.2895e-09
-1.36045e-08 8.61193e-09 -3.62454e-09
-5.07265e-09 8.11053e-09 1.30248e-08
1.00277e-08 -5.73174e-09 -1.4058e-10
4.04469e-09 -6.33726e-09 1.27984e-09
-1.87797e-08 1.58266e-08 -8.19151e-09
-1.61084e-08 7.18541e-09 -4.14059e-09
-1.0647e-08 -3.13955e-09 -3.55789e-10
-9.76486e-09 1.965e-08 -2.66143e-08
2.96522e-10 -1.87152e-09 -1.27981e-09
-5.10523e-08 2.41097e-08 -1.99472e-08
-6.97476e-08 4.71833e-08 -1.99902e-08
-6.6762e-09 1.26408e-09 -2.45993e-09
-2.91047e-09 -4.05678e-09 1.26982e-09
7.92411e-09 8.30843e-09 -2.99742e-09
-2.49123e-08 1.32322e-08 -2.48058e-08
-5.32879e-08 4.20323e-08 -9.1707e-09
-9.77043e-09 2.64709e-09 -1.68929e-08
-1.46714e-08 3.73372e-09 -1.74765e-08
3.71337e-09 -1.08668e-10 2.18466e-09
0.0 0.0 -3.8832e-08
5.65803e-09 -1.02156e-08 -2.87376e-08
8.46755e-09 -5.42463e-09 5.21742e-09
-3.468e-09 6.31787e-09 -4.64538e-09
-5.03027e-10 -1.17579e-10 -1.6394e-08
-9.77028e-09 9.7002e-09 -2.67714e-09
1.24871e-08 -1.51582e-09 3.20055e-09
1.44599e-09 3.92301e-09 -3.76301e-09
-6.58592e-09 -5.23559e-09 -1.49893e-09
5.56955e-09 -7.25798e-10 2.28353e-10
-1.11919e-08 1.87471e-08 -1.61496e-08
6.58229e-10 -5.31981e-09 -4.77929e-09
3.32363e-09 6.32151e-09 -3.56494e-09
-4.10663e-09 -1.84247e-09 -1.36038e-08
-3.70453e-08 5.58296e-08 1.9995e-08
6.37815e-09 -8.29493e-09 2.54177e-09
1.03154e-08 -1.21323e-09 6.80695e-09
1.95095e-10 1.2444e-08 -8.26413e-10
5.0164e-08 3.23723e-08 -3.40477e-08
2.54569e-08 1.19703e-08 1.87964e-08
8.93867e-09 -5.79659e-09 4.82714e-09
-1.69949e-08 8.12822e-09 -5.42416e-09
1.4419e-08 -1.13014e-08 -2.32457e-08
2.97056e-09 2.30799e-08 -4.48918e-08
1.23129e-08 3.59416e-08 -8.75735e-08
-1.33363e-08 -1.86887e-08 2.10502e-08
-7.02494e-09 1.73329e-08 -2.78816e-08
-8.04246e-09 -3.39006e-09 1.09972e-10
5.81667e-09 -1.42995e-09 2.59224e-10
1.73544e-09 3.84075e-09 2.41693e-09
4.41608e-10 5.85892e-10 9.41961e-10
8.34733e-10 -2.28937e-08 9.28139e-10
6.28525e-09 -1.07873e-10 -4.71507e-09
-4.91568e-09 4.63124e-09 4.16369e-09
-5.10622e-09 3.47379e-09 -1.07488e-08
1.70186e-08 4.24036e-08 -1.09036e-08
-8.1107e-09 6.38587e-10 2.96186e-10
-4.67418e-09 1.36505e-08 -2.45646e-09
-1.47477e-09 1.3545e-09 -3.6669e-09
1.7942e-08 1.2334e-08 5.17975e-09
-1.82934e-08 6.66579e-09 -2.97576e-08
2.39152e-09 -1.67223e-08 2.15385e-08
3.42661e-09 -1.48086e-08 1.51473e-08
1.86208e-10 9.15336e-10 -5.76029e-10
-3.96389e-09 9.05275e-09 -1.07366e-08
4.86141e-09 5.18016e-09 6.51005e-09
3.38552e-08 -3.99732e-09 -1.47858e-08
2.84845e-09 2.07073e-10 -4.18158e-10
-6.72312e-09 1.30844e-08 -2.89345e-08
-1.00281e-08 -7.34593e-09 1.04127e-08
-1.16557e-09 -7.04645e-09 8.09064e-10
-2.80023e-08 6.5402e-09 -9.29547e-09
-3.39883e-09 1.21847e-07 1.39873e-07
-5.02275e-10 -5.64863e-09 -7.84805e-09
2.27231e-08 -3.6497e-08 -2.29576e-08
-6.14429e-09 1.67444e-08 -3.34746e-08
-3.67197e-08 2.13e-08 2.7902e-09
1.01014e-09 -6.38893e-09 -1.18877e-09
-6.45471e-09 4.96429e-09 -1.32525e-08
2.11811e-10 -2.27214e-09 3.40746e-09
-4.10744e-10 -3.0827e-09 -2.34339e-09
6.84437e-10 -3.2339e-10 -3.80867e-08
2.81405e-08 -4.74587e-09 4.24718e-09
-1.38451e-09 -1.77586e-09 -6.02214e-09
-1.14498e-08 -1.62031e-08 2.14041e-09
-2.24368e-08 4.34584e-09 1.94546e-09
9.19833e-09 1.71911e-08 -8.61141e-09
-2.44786e-10 -3.72051e-09 2.94742e-09
-8.63076e-11 1.25931e-08 -2.11841e-08
-2.89911e-09 -5.85792e-10 -4.71164e-09
-2.1347e-08 2.28955e-08 -3.56771e-08
9.65321e-09 1.43979e-08 -1.0321e-09
-9.57928e-09 6.55435e-09 9.83648e-09
5.07354e-10 -9.79752e-09 -1.96347e-09
-1.33896e-08 1.20373e-08 -1.18309e-08
-1.9163e-08 1.15354e-08 4.59685e-09
-8.2425e-10 -1.23397e-09 6.124e-10
-1.16497e-08 2.5994e-08 -1.69107e-08
-6.02532e-09 2.96802e-09 -9.39718e-09
5.93253e-09 -1.33325e-08 -4.52097e-09
1.35381e-08 6.14004e-09 -3.40273e-10
-3.32613e-09 -2.04852e-08 1.91645e-09
-3.04848e-09 -5.68886e-09 2.18176e-09
-2.34236e-09 2.71262e-09 -5.24164e-09
-1.62861e-09 -4.97691e-09 4.042e-09
3.4643e-09 3.57993e-10 6.87959e-11
1.41429e-09 2.22964e-08 -2.89694e-08
-3.3137e-10 6.12505e-11 -3.95071e-08
1.45584e-22 3.30872e-24 -1.32349e-23
1.05875e-09 -5.76945e-09 4.48009e-09
-2.48027e-09 -4.45182e-10 2.79854e-09
7.78231e-09 8.22638e-09 -6.27833e-09
-2.34786e-09 8.68457e-09 -9.25462e-09
-3.84808e-09 9.64169e-10 1.89241e-09
-1.47606e-08 7.59409e-09 -5.37106e-09
-8.50577e-09 -1.02795e-08 1.18493e-09
-3.97991e-09 8.66506e-09 -9.13322e-09
-2.31548e-08 2.06499e-08 -3.03792e-09
2.04287e-09 1.62605e-09 -1.09089e-09
-7.35276e-08 -6.24485e-08 1.69769e-09
5.96346e-10 -7.36335e-10 7.20923e-09
2.12129e-09 -7.72267e-09 6.15464e-09
-8.78586e-10 6.98061e-09 8.58441e-09
-9.89892e-09 1.16508e-08 -1.55931e-08
-2.22067e-09 9.86121e-10 -8.49462e-10
7.36666e-09 -1.88143e-09 -9.91859e-10
-2.80842e-09 -6.12876e-09 1.28777e-09
-5.44732e-09 1.37307e-08 -2.54179e-08
6.79441e-09 5.40018e-09 7.98716e-09
-3.68946e-09 1.74634e-09 -4.3359e-11
8.3896e-10 1.84749e-09 -1.41749e-10
2.73092e-09 -1.02921e-08 1.25849e-08
-7.86343e-09 -2.57503e-09 -1.07691e-08
-2.25613e-09 1.2542e-09 -3.17557e-08
7.49494e-09 -5.56105e-09 5.27477e-09
-5.3606e-09 1.82006e-08 -3.77976e-08
1.02568e-08 1.8885e-10 -4.98847e-09
-8.31186e-09 -3.33013e-09 2.81821e-09
3.32738e-09 3.43253e-09 5.41192e-09
1.15486e-09 -3.84069e-09 -9.3862e-10
8.69759e-09 -6.37364e-09 -6.80804e-09
-3.93424e-09 -1.96238e-09 -1.2758e-09
1.32938e-09 2.39463e-09 -2.09057e-09
-2.5208e-08 -5.01571e-08 9.05463e-08
-9.15421e-09 1.04407e-08 1.21475e-08
7.6543e-09 4.6557e-09 9.14964e-10
1.15977e-08 -2.18868e-08 3.19816e-08
-6.87761e-10 -1.87088e-08 3.16106e-09
-1.67817e-09 4.46849e-09 8.3111e-10
1.78787e-09 1.5882e-08 -4.22297e-09
6.77863e-09 7.04364e-09 7.27161e-10
-2.36804e-10 6.76075e-10 1.92189e-10
-9.28841e-09 -8.52647e-09 1.43672e-08
5.01376e-10 1.14845e-09 5.56099e-10
-1.3184e-08 7.8132e-09 5.89517e-10
3.12181e-09 -5.1856e-10 1.54259e-09
-1.67484e-09 -2.24927e-08 1.55479e-08
4.56482e-09 -9.79403e-10 -2.14236e-09
3.3116e-10 5.12886e-09 2.92525e-09
-9.65468e-09 1.49667e-08 -3.05575e-08
3.89673e-09 4.47732e-09 -4.83063e-08
-4.98796e-09 1.30189e-08 8.74268e-09
1.13813e-08 1.29128e-09 2.32607e-09
-6.4073e-08 5.5605e-08 8.36199e-08
-9.18386e-09 1.43785e-08 -1.11803e-08
5.26907e-08 2.64357e-08 -4.81385e-08
1.85328e-09 1.58454e-09 2.56976e-10
-1.15811e-09 -2.33502e-09 -3.1625e-09
-1.13991e-09 6.83741e-09 -6.9469e-09
-8.59349e-09 1.67269e-08 -2.62039e-08
9.08551e-10 1.18579e-09 1.51118e-08
8.3238e-09 3.2215e-09 -5.43609e-09
-3.85491e-10 -2.73925e-09 1.74479e-09
-2.82221e-08 3.30786e-10 3.05521e-08
1.63615e-08 1.8363e-09 2.36516e-10
1.81272e-09 -2.40851e-09 -2.23685e-08
4.42747e-08 1.53961e-08 -6.18719e-08
4.35268e-10 4.70219e-09 2.73199e-09
-2.38943e-09 1.06009e-09 -1.46116e-08
5.24644e-09 1.41658e-09 -3.60031e-09
5.22798e-09 4.41211e-09 6.73242e-10
4.98774e-10 1.54416e-09 -1.10855e-08
-8.73966e-09 -2.27141e-08 7.57301e-09
-1.32635e-09 7.73836e-10 -3.54203e-08
-2.21625e-09 -2.09303e-10 1.5082e-13
-8.81716e-09 2.36345e-09 -1.46195e-08
-1.26437e-08 4.12167e-09 1.55894e-09
-8.45822e-09 1.82891e-08 -2.96846e-08
-2.16354e-08 3.40083e-08 -1.03065e-08
-8.11761e-09 1.74084e-09 -6.14367e-10
-3.51775e-08 -1.8541e-08 6.03715e-09
-7.16508e-09 -1.1312e-08 2.0666e-08
6.73674e-09 1.02646e-09 1.97017e-09
1.39589e-09 -5.0973e-10 -5.88564e-09
-3.52686e-09 7.48799e-09 -2.43605e-08
-2.28708e-08 -1.73823e-08 -1.58358e-08
-4.17197e-08 -6.32194e-09 -2.68187e-09
5.82004e-09 9.03336e-09 -1.84505e-08
2.34104e-09 2.7108e-08 4.7361e-08
1.48437e-09 -9.45157e-10 2.53794e-09
1.0125e-08 8.6347e-09 -2.71719e-08
1.52373e-09 4.22789e-08 -2.69073e-08
-3.51805e-09 -1.2636e-09 -3.9926e-08
-1.78207e-08 1.09046e-08 -6.37458e-09
-1.49682e-08 -2.08825e-08 8.28108e-09
-2.11455e-09 -2.82162e-09 1.64021e-10
-6.45793e-09 -1.51868e-09 -1.67569e-08
-6.14255e-10 -9.76385e-11 1.96374e-10
-1.76949e-08 8.692e-09 -4.43541e-08
5.7033e-10 2.20485e-09 -1.75454e-09
5.35399e-12 7.98004e-12 -1.0698e-12
-3.1393e-10 2.94376e-09 -2.24852e-10
-8.15338e-09 -7.39341e-10 5.8325e-10
1.0318e-09 -8.47406e-09 -7.31254e-10
-1.25287e-08 5.67525e-09 7.46037e-09
-1.2881e-08 -3.29452e-09 -1.26281e-09
1.68075e-09 3.32333e-09 7.3473e-10
-1.60436e-08 6.19468e-08 -1.34812e-08
5.91275e-09 1.51669e-09 -8.697e-09
-1.12497e-11 1.13112e-10 -3.16476e-12
-3.24516e-09 -6.29947e-09 2.6993e-09
3.16934e-09 -8.58775e-09 -4.59392e-10
9.81411e-08 1.22603e-07 -1.82423e-08
1.99986e-10 -1.57149e-09 1.17395e-09
-2.14547e-09 2.58013e-08 -4.61367e-08
-3.30789e-09 -5.21879e-09 -7.1233e-09
-2.48154e-23 1.98523e-23 0.0
-5.61952e-09 2.85275e-11 -3.97951e-09
-9.61834e-10 -5.88061e-09 8.81438e-09
-3.34609e-10 1.32783e-08 -1.77073e-08
2.11593e-10 4.21484e-09 -1.32249e-09
-4.33492e-09 -1.48113e-08 -1.68675e-08
-1.74258e-09 1.60544e-09 3.10663e-10
2.77474e-09 2.12613e-09 -9.22685e-10
2.70159e-09 5.82826e-09 -5.34974e-09
-8.9848e-09 2.00785e-08 -2.92354e-08
3.27541e-08 -3.02424e-08 -1.36973e-09
1.96971e-09 1.14237e-09 -8.20618e-09
-1.29448e-08 5.08359e-09 -2.98512e-09
4.2891e-09 2.45027e-09 -3.44671e-09
-7.17338e-09 7.06861e-09 -4.83622e-09
-1.03624e-09 -1.20017e-10 8.6375e-10
-6.22481e-08 5.42226e-08 9.4257e-09
3.6456e-09 3.66651e-09 -2.24486e-10
1.59816e-09 -9.32725e-09 7.83954e-09
-2.09836e-08 2.35315e-08 -2.0037e-08
2.69875e-09 -1.4723e-09 -1.17769e-09
7.2178e-09 -6.06232e-10 -3.14864e-08
3.04662e-09 -2.6502e-09 8.78612e-10
-2.21736e-09 3.91667e-09 8.19939e-09
-1.72393e-08 -2.71616e-09 -1.4923e-08
2.06535e-09 5.94485e-10 1.97219e-09
-5.11975e-09 6.07036e-09 2.09837e-09
-7.60312e-11 -6.66235e-11 1.19132e-11
-1.32688e-08 2.57445e-08 -2.09341e-08
-5.29319e-08 -1.84763e-08 -3.92863e-08
-8.0052e-10 -2.45749e-09 -2.47578e-09
8.0802e-09 3.10305e-09 1.35484e-08
-1.05571e-08 3.52916e-09 -9.81912e-09
-2.00179e-10 4.3804e-10 -1.92586e-09
-8.28012e-09 1.61102e-08 -2.52232e-08
-2.06847e-10 1.29171e-09 -9.48536e-10
4.9306e-09 -3.01228e-09 -3.04924e-08
-3.50101e-09 -3.30238e-09 1.68304e-09
1.26295e-09 6.53991e-10 4.80452e-10
4.15752e-09 -1.38783e-09 1.03383e-09
-3.89121e-08 -2.83571e-09 1.83613e-08
6.46538e-09 3.22522e-09 -4.20108e-09
8.54195e-09 -5.21178e-10 -2.88962e-10
-1.93006e-09 5.92026e-10 -3.55489e-09
-4.96308e-24 -1.65436e-23 0.0
4.54534e-10 7.99903e-09 -1.94541e-08
-1.53449e-08 -5.0441e-09 -9.75141e-09
-1.06963e-08 5.7593e-09 -2.26022e-08
3.19165e-09 8.6166e-09 -1.68573e-09
-2.69685e-09 2.94795e-10 6.28294e-10
-4.18495e-09 -2.04858e-08 3.69453e-09
8.18477e-11 2.16699e-09 -1.31072e-09
1.57023e-08 -4.44328e-09 6.90456e-09
2.52007e-09 -1.27022e-08 2.48108e-08
-1.69818e-09 -2.76952e-09 -4.40158e-09
-2.65693e-09 3.86989e-09 -1.25564e-09
-1.8325e-09 6.37477e-09 6.71434e-09
-7.94115e-09 7.94557e-09 -2.06324e-09
-7.31416e-11 -1.19907e-11 9.37059e-12
-1.79317e-08 -3.02205e-08 -7.0256e-09
-1.65367e-09 -7.86066e-10 9.10171e-10
-7.06882e-09 1.23878e-08 -3.20022e-08
-4.18957e-09 3.7422e-10 -1.52418e-08
0.0 0.0 -3.8832e-08
7.83093e-09 -1.58206e-09 -2.93466e-09
-2.33259e-10 2.41825e-09 -2.455e-09
2.59392e-09 1.81953e-09 -2.56333e-09
3.835e-09 -1.86734e-09 7.02234e-10
5.08111e-09 2.38999e-09 7.07058e-09
0.0 0.0 -3.8832e-08
2.00473e-09 -9.67819e-09 -1.89588e-08
-7.0854e-10 4.69141e-09 -3.93538e-10
-4.62987e-08 -2.32952e-08 6.86299e-08
2.8226e-08 3.78988e-08 1.84919e-09
9.3561e-09 4.40502e-09 -2.57677e-09
8.4581e-09 -3.03753e-09 -3.7709e-09
-1.01165e-08 -4.057e-09 1.67726e-09
-6.48258e-10 1.68672e-10 1.77823e-10
4.69681e-09 7.73056e-09 -2.41071e-09
-8.00386e-09 1.0324e-09 -6.311e-10
-5.4935e-10 1.91517e-10 2.83865e-09
-1.95261e-12 1.91303e-11 -5.35447e-13
-6.39096e-09 -2.68363e-09 5.48663e-10
1.31808e-09 -4.98541e-09 3.61797e-09
5.7454e-10 1.11229e-09 -1.60309e-09
-6.65977e-09 -3.54762e-09 2.47359e-09
-1.89951e-09 -2.67199e-09 5.39494e-09
3.07615e-09 -1.91355e-09 1.9583e-09
1.72241e-09 -1.89517e-08 -1.72493e-09
-7.05903e-09 -3.64651e-10 -4.96575e-09
-1.16163e-09 1.03712e-09 -2.71194e-10
1.14516e-09 6.63607e-10 1.76032e-09
8.9546e-10 3.08019e-09 1.07701e-09
-1.01058e-09 2.45576e-09 -8.47829e-09
9.72137e-10 -9.61926e-09 -1.27197e-08
3.21297e-09 1.13982e-08 8.1592e-09
3.93458e-09 3.12484e-09 7.77045e-09
5.86184e-09 -1.23399e-08 9.81356e-09
8.07929e-09 -6.70451e-09 -1.94178e-09
-4.8027e-09 -2.72594e-09 3.15236e-09
2.64285e-08 4.04409e-10 2.14943e-08
-7.00002e-09 -1.32513e-09 3.26645e-09
1.98861e-10 4.5726e-09 -3.71056e-09
-8.88722e-09 1.36756e-08 -3.04901e-08
-4.2331e-10 -1.08484e-08 -2.92388e-09
9.98821e-09 -4.74031e-09 1.99925e-09
5.22071e-09 7.55456e-09 -3.59359e-09
1.90101e-08 -9.91706e-09 -1.95824e-10
4.26684e-09 -1.78235e-09 -6.79308e-09
3.34209e-09 5.2812e-09 -2.86572e-09
-9.60907e-10 -2.92171e-09 -7.04673e-09
-6.41533e-10 1.55714e-10 1.86119e-10
8.37556e-09 -1.2065e-09 4.05834e-09
-4.10574e-10 -1.97645e-09 -3.65335e-08
-2.62485e-10 4.61488e-09 -8.35312e-09
1.03519e-08 -8.79849e-10 7.98781e-09
-7.30311e-09 -6.53461e-10 -3.29607e-09
1.21542e-09 9.76932e-10 -3.28731e-11
5.74236e-09 -1.24142e-09 2.81447e-09
-8.13141e-09 -7.13482e-10 4.79098e-09
5.36739e-09 -3.90196e-09 -2.28798e-09
3.31909e-09 -4.04911e-09 -3.66508e-09
1.65961e-09 3.65724e-09 -1.65246e-09
3.47647e-09 -9.36507e-10 -1.95649e-09
-1.69384e-09 4.44198e-09 -1.04465e-08
-3.96621e-09 -1.27141e-09 -8.78289e-10
-4.88934e-09 -2.12267e-09 1.40999e-09
2.07424e-09 1.27911e-09 -9.25752e-10
4.72323e-09 6.71789e-09 5.609e-09
-1.80328e-08 -1.25323e-08 1.86399e-08
3.46105e-09 -4.26558e-09 3.51604e-09
-2.77394e-09 1.18766e-09 7.93106e-10
-1.85866e-08 -1.66655e-08 -6.86527e-09
5.41066e-09 -5.7369e-09 1.19002e-09
2.96891e-09 -1.4008e-09 1.12779e-09
2.09378e-09 -2.96907e-09 9.24573e-09
-1.39661e-08 1.8198e-09 -5.98747e-09
-1.27622e-09 -1.82894e-09 1.31619e-09
-2.15098e-09 7.40645e-10 1.71694e-09
1.62978e-09 1.61613e-09 5.90739e-09
7.38621e-09 -6.80692e-10 2.18721e-09
1.61245e-09 2.62484e-09 -6.83722e-10
1.36067e-09 4.73661e-09 -7.76214e-09
-2.07384e-09 4.27853e-10 -1.00559e-09
3.87942e-09 -1.13774e-09 6.56248e-09
3.52597e-09 7.23179e-09 1.47683e-09
1.56341e-09 3.12934e-09 -1.75405e-09
-7.28061e-09 -2.98906e-09 8.33854e-10
-2.00405e-08 -5.14144e-09 7.13987e-09
1.07569e-09 4.02077e-09 6.82134e-09
-6.97691e-09 7.58576e-09 7.29375e-09
1.15117e-09 9.23149e-10 -3.56466e-09
-9.58323e-10 -1.77655e-08 9.23378e-09
1.3766e-09 3.31791e-09 1.5575e-09
1.06888e-08 4.06492e-09 -4.46159e-09
1.34747e-08 3.49665e-09 -8.66064e-09
-6.26388e-09 -3.72337e-09 1.56618e-09
-2.12933e-09 1.77071e-08 -1.27769e-08
-1.24656e-08 -4.95036e-09 -7.64402e-09
-2.28391e-09 4.39899e-10 -9.45882e-10
1.75891e-09 -1.08509e-09 4.87444e-10
-6.08452e-09 -1.35703e-09 1.87788e-09
7.64946e-09 1.26768e-09 3.10523e-10
1.09676e-09 3.63737e-10 2.50213e-09
3.10598e-10 -1.0811e-11 -1.17821e-09
3.04625e-09 3.29758e-09 -1.38763e-09
1.0932e-09 -1.87208e-09 2.42554e-09
4.58004e-10 1.90086e-09 6.90229e-10
8.50461e-09 4.04843e-10 8.12939e-10
7.1873e-09 6.93733e-09 -9.02809e-09
6.91938e-10 1.56073e-09 6.41731e-10
9.60337e-09 -1.97473e-09 5.93023e-09
4.87764e-09 -4.17034e-10 1.41556e-09
-3.39523e-09 -6.60599e-10 -3.27725e-09
1.60649e-09 4.47567e-10 -4.25432e-09
6.63687e-10 1.80588e-09 -7.37235e-09
-9.06135e-10 3.67895e-09 -1.64219e-08
-1.40615e-08 -3.85311e-09 2.94958e-08
6.57625e-09 -9.24269e-09 -1.43294e-09
-1.70833e-08 1.36181e-09 -7.97956e-09
-5.62213e-09 9.09804e-09 -2.65469e-09
6.84172e-12 1.56197e-12 -8.00183e-13
-2.74844e-09 1.6601e-09 -4.69483e-10
3.68453e-09 -1.52025e-09 8.31584e-09
1.21954e-09 9.04241e-09 -3.79995e-10
-6.76085e-09 3.30885e-08 9.49118e-09
1.99172e-09 -7.89514e-09 5.06818e-09
3.46011e-09 1.51102e-09 -5.05318e-11
-3.01032e-09 7.23677e-10 1.23519e-10
-8.39556e-09 2.12564e-09 2.06494e-09
-1.74513e-09 7.30343e-09 -1.01779e-08
4.2784e-09 -2.14267e-09 1.64606e-09
-8.87946e-10 2.74527e-09 -1.01847e-09
-5.01531e-09 -1.91602e-09 3.16707e-09
1.23305e-09 1.72014e-09 7.07758e-10
-8.27943e-09 6.37159e-09 1.0398e-08
9.11708e-10 4.38523e-11 1.89974e-08
2.56579e-09 5.52785e-10 5.98531e-10
-4.12253e-09 1.25606e-09 -3.16383e-09
-4.01302e-09 -5.5738e-09 9.3537e-09
-5.91305e-09 4.80979e-09 3.34585e-09
-9.21837e-10 1.22947e-09 7.80761e-10
9.90785e-11 3.55214e-09 1.61867e-09
-1.07954e-09 2.18997e-09 -3.56125e-09
3.54703e-09 3.57464e-09 -2.84709e-11
-5.36053e-09 -8.54709e-09 2.48985e-09
4.03008e-09 2.90773e-09 7.5131e-10
2.90854e-10 1.55395e-09 4.82389e-10
-1.73586e-09 -3.01245e-09 3.57889e-09
-1.1619e-09 -2.4673e-10 1.82816e-09
-7.24433e-09 6.02917e-09 -9.52607e-09
7.96288e-09 5.55752e-09 -2.62571e-09
2.45953e-09 1.98083e-09 -2.68675e-09
8.78827e-09 1.86796e-09 4.86939e-10
-3.77178e-09 -3.17594e-09 2.90449e-09
6.53733e-09 7.27211e-09 -1.14465e-08
1.35856e-10 1.94013e-09 6.92951e-10
