# vtk DataFile Version 3.0
LIGGGHTS particles timestep 94400000
ASCII
DATASET POLYDATA
POINTS 873 float
0.384765 0.0176273 0.00160103
0.384276 0.0168362 0.000152108
0.385979 0.016305 0.000154358
0.384024 0.0178931 0.000346588
0.384103 0.0188777 0.00179976
0.38414 0.0203084 0.00038795
0.385344 0.021108 0.000153527
0.384857 0.0164602 0.000527417
0.384125 0.0186018 0.000725561
0.384479 0.0181392 0.00532873
0.384537 0.0177544 0.000152462
0.383992 0.0184143 0.000151757
0.384812 0.0187844 0.000568853
0.384869 0.0167819 0.000363698
0.384803 0.0169846 0.000152809
0.384915 0.0183348 0.000412633
0.384393 0.0200033 0.000329348
0.384771 0.0189907 0.000354885
0.384249 0.0186361 0.000152072
0.383697 0.0189843 0.000151351
0.38551 0.0163743 0.000153727
0.384537 0.0188112 0.000408422
0.383933 0.0183841 0.000910122
0.383691 0.0196365 0.00137364
0.384551 0.0189669 0.000152444
0.384476 0.0190531 0.00135703
0.384973 0.0159492 0.000153027
0.384718 0.0185669 0.000384781
0.384114 0.0176073 0.000360568
0.384098 0.0188501 0.00119184
0.384545 0.0194202 0.000152446
0.385045 0.0173743 0.000698037
0.385035 0.0210857 0.000153116
0.384772 0.0202231 0.000807152
0.383671 0.0182832 0.000151301
0.385325 0.0170081 0.00015348
0.384387 0.0165562 0.00015223
0.384231 0.0208268 0.00015205
0.384246 0.0213172 0.000152088
0.383713 0.0195261 0.000405419
0.384633 0.0199733 0.00015255
0.383992 0.0202878 0.00155233
0.384483 0.0187432 0.00100059
0.384186 0.021085 0.000765738
0.383776 0.0188306 0.000396501
0.384798 0.0193938 0.00124736
0.38386 0.0208523 0.000151582
0.384491 0.0167411 0.000826766
0.383698 0.0191758 0.000382307
0.384775 0.0177635 0.000333978
0.384311 0.0181618 0.000411136
0.384433 0.0180729 0.000152289
0.38465 0.0160107 0.000152609
0.383254 0.0200098 0.00538195
0.383894 0.018443 0.00061858
0.383721 0.0201648 0.00110894
0.383699 0.0194922 0.000864139
0.385774 0.0165263 0.000154084
0.385379 0.021728 0.000153573
0.38628 0.0159856 0.000154748
0.384848 0.0197614 0.000152852
0.384297 0.0183399 0.000152164
0.384935 0.0213685 0.000152978
0.383124 0.0188914 0.0053278
0.383684 0.0190009 0.00062565
0.384879 0.0194858 0.00532657
0.384411 0.0210667 0.000152303
0.384766 0.0172689 0.000670999
0.384755 0.0205364 0.000152745
0.384609 0.0174633 0.000152565
0.384881 0.0200096 0.000318105
0.383683 0.0186845 0.00015132
0.384162 0.0185702 0.00127856
0.385239 0.0168887 0.00093479
0.384788 0.0175107 0.000494981
0.384247 0.0194577 0.000152149
0.384451 0.0205211 0.000257329
0.384585 0.0196895 0.000278251
0.384989 0.0180879 0.00538114
0.383731 0.0200314 0.000564419
0.384559 0.0213709 0.000152488
0.38375 0.0203316 0.000362374
0.384573 0.0167914 0.000152504
0.3846 0.0205705 0.00124147
0.384776 0.0192293 0.0014972
0.384639 0.0200974 0.000472653
0.383903 0.0177038 0.000549977
0.384494 0.0183088 0.000600776
0.384257 0.0216244 0.000152083
0.384111 0.0181041 0.000151907
0.385046 0.0156469 0.000153133
0.384723 0.0179967 0.000152689
0.384247 0.0178365 0.00015209
0.384318 0.0178481 0.00107352
0.384549 0.0186547 0.000152467
0.384348 0.0198654 0.00534931
0.385094 0.0168168 0.000153198
0.384752 0.0225705 0.000152748
0.384848 0.0172811 0.000152878
0.385244 0.0150807 0.000153389
0.383789 0.0179787 0.000511532
0.384924 0.017576 0.00015296
0.383903 0.0190764 0.00169511
0.383741 0.0199852 0.000151428
0.384918 0.0165741 0.000152936
0.384885 0.017052 0.000501726
0.384186 0.0208278 0.000920195
0.384065 0.0210773 0.00015182
0.384143 0.0171166 0.000665392
0.38461 0.0166839 0.000504771
0.384436 0.0164204 0.000470553
0.384522 0.0198284 0.000536357
0.384329 0.0196006 0.000406404
0.385357 0.0162324 0.000369289
0.384655 0.0177639 0.0006089
0.384445 0.0210826 0.00061393
0.384888 0.0184824 0.000152883
0.384339 0.0202417 0.00015221
0.384024 0.0197277 0.000151798
0.38453 0.0207909 0.000152459
0.384328 0.0191677 0.000152164
0.38394 0.0189665 0.00141837
0.384551 0.0191949 0.000350438
0.385059 0.0170948 0.000261451
0.384487 0.0180145 0.00274646
0.383917 0.0176923 0.000151636
0.384086 0.0206789 0.000369501
0.384017 0.0178156 0.0010481
0.384629 0.0190306 0.000616104
0.384369 0.0196299 0.000702315
0.383973 0.0194558 0.000272738
0.383645 0.018626 0.00149303
0.384214 0.018913 0.000261913
0.383997 0.0183612 0.00149292
0.384354 0.0181276 0.000970878
0.38533 0.0157498 0.000153509
0.384843 0.0197261 0.000750471
0.383882 0.0208933 0.000683803
0.385153 0.0161935 0.000153269
0.384321 0.0175458 0.000152151
0.383893 0.0181982 0.000334512
0.383671 0.0182523 0.000547068
0.383954 0.0200733 0.000368812
0.384054 0.018114 0.000976661
0.384525 0.017627 0.00104162
0.385136 0.0173639 0.000153233
0.384143 0.0188484 0.000895305
0.38543 0.016037 0.000153608
0.384844 0.0162796 0.000152872
0.384041 0.0172809 0.00190693
0.384776 0.0192141 0.000152764
0.384738 0.0211297 0.000152712
0.384242 0.0182841 0.00133722
0.384504 0.0162738 0.000152426
0.384054 0.0212484 0.000551747
0.383685 0.0191839 0.000865309
0.385526 0.0151831 0.00015376
0.38366 0.0192295 0.00180481
0.385015 0.0178821 0.000153096
0.383821 0.0205473 0.00015153
0.38412 0.0173229 0.000881946
0.384887 0.0200695 0.00123921
0.384256 0.0176293 0.0018912
0.384862 0.0154099 0.000152883
0.385449 0.0153171 0.000411083
0.384193 0.0182756 0.000765426
0.384427 0.0184937 0.000374356
0.383698 0.0199058 0.00151214
0.386629 0.0146558 0.000155208
0.384999 0.0169458 0.00110529
0.384194 0.0171429 0.000151997
0.384035 0.0174071 0.000151806
0.38332 0.0173706 0.00557046
0.384223 0.0204655 0.000629471
0.384664 0.0172593 0.000389035
0.385646 0.0158289 0.000153922
0.383727 0.0196849 0.000151352
0.3857 0.021905 0.000153988
0.384618 0.0165645 0.00145456
0.385127 0.0228833 0.000153241
0.383949 0.0181281 0.00240398
0.383656 0.0184144 0.000799005
0.384597 0.0209853 0.000374465
0.384953 0.0181895 0.000152997
0.383829 0.0200711 0.0008451
0.383916 0.0184112 0.0012084
0.384273 0.019306 0.000412651
0.384484 0.019293 0.000625763
0.38406 0.0180981 0.000562722
0.384879 0.0199991 0.000623713
0.383654 0.0183016 0.00107693
0.383711 0.0198085 0.000929167
0.38404 0.0189192 0.000506692
0.384001 0.0186247 0.000370593
0.384096 0.0172042 0.00115637
0.383741 0.0183921 0.00165466
0.384151 0.0200078 0.00015195
0.385432 0.0161542 0.000989522
0.384428 0.0203105 0.000470819
0.384913 0.0202579 0.00015296
0.383737 0.0184819 0.000365851
0.383957 0.0202802 0.000151675
0.383783 0.0193331 0.000624132
0.385412 0.0164235 0.000858941
0.38467 0.0164801 0.000293118
0.384905 0.0176363 0.000740984
0.384543 0.0200376 0.000750395
0.384545 0.0186057 0.000626695
0.384193 0.0193871 0.000690072
0.384375 0.0173074 0.000326281
0.38537 0.01646 0.000564229
0.384684 0.0185515 0.00088703
0.384512 0.0192613 0.00114396
0.384596 0.0183584 0.000152544
0.385398 0.0225749 0.000153598
0.384025 0.0202205 0.000650776
0.384327 0.0195171 0.00122563
0.383991 0.0192075 0.00044013
0.384151 0.0198417 0.000401759
0.384958 0.0208348 0.000422104
0.384423 0.0171198 0.000557588
0.384522 0.019111 0.000884531
0.383977 0.0190641 0.00102036
0.383966 0.0196713 0.000809053
0.38395 0.019828 0.00165544
0.383797 0.0179801 0.000151501
0.384563 0.0188283 0.00157817
0.384475 0.0218465 0.000152389
0.384163 0.0191242 0.00129591
0.385538 0.0156727 0.000386233
0.384176 0.0214768 0.000400124
0.384831 0.0186975 0.00532561
0.385267 0.0171383 0.00109888
0.384787 0.0192974 0.000505741
0.38433 0.0176614 0.000767772
0.385268 0.016555 0.000153424
0.384939 0.0184041 0.00534929
0.384322 0.0197606 0.000152189
0.383571 0.0172133 0.00561819
0.384826 0.0208361 0.000152846
0.384044 0.0195926 0.00053011
0.38395 0.0188232 0.000151695
0.383663 0.0186957 0.000903132
0.384573 0.0197663 0.000874862
0.385544 0.0167736 0.000153767
0.384595 0.019582 0.00533062
0.384024 0.0205359 0.000842431
0.38367 0.0189533 0.00105653
0.384818 0.0186586 0.00147415
0.383998 0.0199217 0.000646966
0.384642 0.0189702 0.00112081
0.38481 0.0191135 0.00529749
0.384823 0.0187753 0.000152842
0.38409 0.0172602 0.000407502
0.383893 0.0187963 0.000737554
0.384172 0.0204908 0.000151977
0.384026 0.0191217 0.000151801
0.384719 0.0171784 0.00107383
0.385052 0.0152442 0.000315822
0.38395 0.017571 0.000875895
0.384535 0.0161709 0.000650912
0.385599 0.0221878 0.000153859
0.383811 0.0178426 0.00161927
0.383838 0.0178409 0.000808748
0.384476 0.0215097 0.000620337
0.385095 0.016411 0.000351609
0.384262 0.0187182 0.000485343
0.385097 0.016661 0.000517353
0.383754 0.018022 0.00103251
0.384775 0.0192142 0.0010082
0.384508 0.0179213 0.000400083
0.384677 0.0161954 0.000387484
0.385716 0.0161397 0.000154
0.384529 0.0178663 0.000860686
0.384411 0.0173697 0.000937237
0.384436 0.0188994 0.00195554
0.384842 0.0197206 0.00105042
0.384666 0.0161567 0.00119108
0.384092 0.0185415 0.00171312
0.384918 0.0157761 0.000391963
0.383842 0.0181377 0.000765364
0.384605 0.0182623 0.000875876
0.385655 0.0216386 0.000284568
0.383739 0.020307 0.000682713
0.38521 0.0159527 0.000338916
0.384589 0.018732 0.00129524
0.384491 0.020832 0.000771988
0.384377 0.0184969 0.000850318
0.384621 0.0195454 0.000538909
0.384733 0.0157222 0.000152726
0.383735 0.017985 0.00208505
0.385022 0.0216963 0.000153099
0.384745 0.0163155 0.000901108
0.383948 0.0191036 0.000724404
0.384351 0.0190302 0.000501337
0.386859 0.0143646 0.000155509
0.384659 0.0181802 0.000385457
0.384489 0.0175878 0.000397336
0.384738 0.0156819 0.000629432
0.383933 0.0210114 0.000413001
0.383647 0.0183513 0.00137266
0.385584 0.0148202 0.000153839
0.384377 0.0207848 0.000410525
0.383792 0.0191593 0.00123687
0.384157 0.0170002 0.00201119
0.384721 0.0184144 0.00115105
0.384131 0.0178979 0.000783292
0.383714 0.0197009 0.000649205
0.384395 0.0188433 0.000731806
0.38424 0.0198735 0.000820489
0.38381 0.0177918 0.00230184
0.384126 0.0189265 0.00209485
0.386429 0.0149011 0.000154946
0.385203 0.0208574 0.000250378
0.38389 0.0186843 0.00132981
0.383947 0.0205273 0.00174167
0.385546 0.0154832 0.000153789
0.38462 0.0169626 0.000394334
0.384167 0.0184102 0.000498595
0.385196 0.0171995 0.000506924
0.384756 0.021196 0.000517415
0.385094 0.0153241 0.000601866
0.384669 0.0180592 0.000659772
0.384625 0.0202781 0.000233595
0.384537 0.017125 0.000152451
0.384917 0.0208989 0.000865326
0.385078 0.0174871 0.000420584
0.384798 0.0179771 0.00136367
0.383713 0.0193667 0.000151366
0.384216 0.0196105 0.000962826
0.384713 0.0188539 0.000843535
0.384927 0.0181464 0.00165981
0.386381 0.0146096 0.000318385
0.38394 0.0192353 0.0019469
0.384625 0.0159358 0.000992226
0.385064 0.0175996 0.000993079
0.384494 0.0216011 0.000335211
0.385037 0.0177713 0.000507708
0.3853 0.0222761 0.000153469
0.384149 0.0174215 0.00135623
0.384617 0.0182388 0.00194652
0.384826 0.0197463 0.000451635
0.384914 0.0180218 0.000398527
0.384413 0.0212931 0.000402576
0.384506 0.0182147 0.00121417
0.384725 0.0216588 0.000152703
0.384369 0.0174106 0.000607919
0.38428 0.0200715 0.000598741
0.383988 0.0176438 0.00175769
0.383998 0.0197803 0.00134191
0.383857 0.020298 0.0054184
0.385054 0.0166358 0.000813162
0.38373 0.0204677 0.00125555
0.384563 0.0178209 0.00230769
0.386866 0.0148392 0.000155518
0.383381 0.0176617 0.00548218
0.384252 0.0191334 0.00191776
0.385573 0.01657 0.000372242
0.383787 0.0207066 0.000403552
0.384609 0.0175087 0.000759445
0.384933 0.0204689 0.000383945
0.384733 0.0182194 0.00546594
0.383855 0.0185733 0.00223043
0.384397 0.0170364 0.00148027
0.385459 0.0212864 0.000705399
0.384994 0.0178984 0.00115068
0.38524 0.0171571 0.000800754
0.385185 0.0218143 0.000376398
0.384784 0.0177663 0.000982415
0.38364 0.0186561 0.00179143
0.383676 0.0194644 0.00161886
0.38472 0.0179296 0.0016495
0.384075 0.017468 0.0006233
0.384683 0.0206986 0.000394728
0.384346 0.0182258 0.00163136
0.384045 0.0194136 0.00122231
0.384942 0.0181845 0.000670843
0.385081 0.0169122 0.0006807
0.384906 0.017765 0.00182702
0.384925 0.0182029 0.00121222
0.384521 0.0212905 0.000819952
0.384024 0.0178751 0.00254701
0.384255 0.0178169 0.000522395
0.38365 0.0185829 0.00118081
0.384869 0.0185034 0.000656458
0.384244 0.0191027 0.000771965
0.385361 0.0169598 0.000583119
0.383039 0.0194119 0.00532808
0.384624 0.0219835 0.000397532
0.384312 0.021744 0.000526527
0.384393 0.0199668 0.00139257
0.384135 0.018057 0.00150129
0.384209 0.0192533 0.00102905
0.385583 0.0215069 0.000544404
0.3849 0.0183466 0.000919818
0.384696 0.0168831 0.000993955
0.384842 0.0174083 0.000925383
0.38437 0.018048 0.000682095
0.384726 0.0194065 0.000783312
0.384595 0.0195564 0.00109803
0.383915 0.0187913 0.00247029
0.384809 0.0180651 0.0009724
0.384759 0.0166249 0.000758371
0.38457 0.0195539 0.00139696
0.384812 0.0194879 0.000270971
0.383949 0.0181169 0.00125743
0.387471 0.0142302 0.000156312
0.383957 0.0192622 0.00146572
0.38491 0.0174139 0.00143372
0.383667 0.0194855 0.00196226
0.384424 0.0200026 0.00102381
0.384149 0.0183884 0.00211817
0.384812 0.0187247 0.00109542
0.386065 0.0154032 0.000154471
0.386193 0.0143552 0.000154638
0.383699 0.0176998 0.00541618
0.385317 0.0167763 0.000349831
0.383991 0.0202703 0.00100011
0.384237 0.0210498 0.000396281
0.384849 0.0197807 0.00135104
0.384436 0.0185036 0.00117495
0.385071 0.0160507 0.000949034
0.384695 0.0169086 0.000684328
0.383966 0.0193571 0.000883771
0.384118 0.0200207 0.00149836
0.385264 0.0153801 0.000153416
0.383737 0.0204241 0.000958864
0.384861 0.0184139 0.00194443
0.386766 0.015446 0.000155387
0.385858 0.0226585 0.000154201
0.384766 0.0190105 0.00170221
0.383821 0.0178459 0.00127299
0.384651 0.0159021 0.000445211
0.384565 0.0185985 0.00191383
0.384324 0.0166934 0.000411434
0.383757 0.0206257 0.000737839
0.383855 0.019792 0.000400755
0.384205 0.0169816 0.000404742
0.384361 0.0205804 0.000869949
0.383746 0.019886 0.00121672
0.384429 0.0194093 0.000896617
0.384264 0.019701 0.00145437
0.384095 0.0174973 0.0021073
0.385857 0.0164151 0.0004202
0.384476 0.0180157 0.00180136
0.385929 0.0159283 0.000154292
0.384496 0.0205858 0.000600607
0.385166 0.0162179 0.00059981
0.385075 0.017798 0.00544926
0.38572 0.0150135 0.000338607
0.383213 0.0181509 0.00539471
0.384967 0.0175102 0.00551503
0.384374 0.0179764 0.0013389
0.383646 0.0190753 0.00206173
0.385042 0.0176622 0.0013292
0.385021 0.0165207 0.00108821
0.385371 0.0167037 0.000739116
0.383687 0.0194289 0.00115716
0.384251 0.0201935 0.000871183
0.383684 0.0197313 0.00175567
0.38455 0.0171259 0.000831624
0.384584 0.0170831 0.00171293
0.38372 0.0180696 0.00144552
0.386417 0.01582 0.000363826
0.384279 0.0170098 0.00091083
0.384166 0.0208226 0.000620873
0.384899 0.0171406 0.00131051
0.384594 0.0192248 0.00196802
0.383935 0.020485 0.000541437
0.383917 0.0176056 0.00146882
0.384504 0.0162026 0.00143974
0.385292 0.0215754 0.000523094
0.38425 0.0176577 0.00547389
0.383949 0.0175526 0.00117531
0.384669 0.0204589 0.000971712
0.384166 0.0170024 0.00171134
0.385647 0.0166177 0.000658815
0.385019 0.0171532 0.00158514
0.38506 0.0206124 0.000153117
0.384648 0.0198871 0.0053544
0.384837 0.0161774 0.000650951
0.384841 0.0204148 0.00132889
0.385258 0.0150732 0.000589044
0.386134 0.0146524 0.000154555
0.384707 0.0203768 0.000557861
0.384197 0.0183694 0.00105318
0.38473 0.0199934 0.000995412
0.383887 0.0186074 0.00270567
0.385739 0.0163339 0.000692502
0.383846 0.0188982 0.00219882
0.385052 0.0212564 0.000405508
0.38402 0.0203931 0.00127286
0.383709 0.0203577 0.00183983
0.383658 0.0188889 0.00134928
0.385055 0.0175679 0.00164622
0.383725 0.0204504 0.00155498
0.385044 0.0173359 0.0011347
0.384113 0.0178101 0.00133236
0.385523 0.0228912 0.000153762
0.384676 0.0184108 0.00170797
0.38468 0.0184119 0.00249347
0.383746 0.0201848 0.0014072
0.387204 0.0148301 0.000155962
0.384504 0.0175641 0.00173547
0.384332 0.0166 0.00184827
0.385828 0.0155866 0.000154149
0.384164 0.0193449 0.00211334
0.383369 0.0195028 0.00532697
0.383938 0.0182989 0.00192469
0.384344 0.0187078 0.0017439
0.384396 0.0171483 0.00114928
0.383999 0.0189293 0.00272315
0.384266 0.0202305 0.00132665
0.3849 0.0166582 0.00149163
0.384888 0.0170644 0.000852946
0.384479 0.0190936 0.00172411
0.383669 0.018646 0.000607385
0.384771 0.0178727 0.00542901
0.384931 0.022263 0.000152985
0.384797 0.0187194 0.00176721
0.386147 0.0150932 0.000154578
0.384624 0.0202233 0.00115647
0.385255 0.0168217 0.00155109
0.383651 0.0189206 0.00164752
0.384246 0.019817 0.0011783
0.383807 0.0188801 0.0019006
0.383792 0.0182626 0.00218403
0.384048 0.0208153 0.00125459
0.384969 0.0176451 0.00238423
0.387104 0.0145422 0.000155832
0.386232 0.0159969 0.00059749
0.384217 0.0195937 0.00532718
0.383994 0.0211105 0.00125289
0.385104 0.0206664 0.000895276
0.38496 0.0179367 0.00223072
0.384343 0.018993 0.00109484
0.384322 0.0185049 0.00152398
0.386034 0.022905 0.00015443
0.383868 0.0176773 0.00203057
0.384483 0.017607 0.00250224
0.384531 0.0199906 0.00176924
0.384121 0.0193085 0.00171234
0.383912 0.0209584 0.00097505
0.384314 0.0188017 0.00139433
0.384591 0.019835 0.00120893
0.384228 0.0190275 0.00157233
0.383202 0.018445 0.00533644
0.383637 0.0184321 0.00199093
0.383738 0.0179125 0.00294812
0.384185 0.0214885 0.000699758
0.383807 0.020716 0.0014052
0.386911 0.0151799 0.000155576
0.386408 0.015065 0.000405325
0.384451 0.0178152 0.00157959
0.38435 0.0176327 0.00128535
0.384168 0.0205883 0.0011
0.385734 0.0154078 0.000376257
0.384883 0.0183661 0.00146038
0.385479 0.0159546 0.000470381
0.38423 0.019528 0.00188516
0.384297 0.0173727 0.00229138
0.384348 0.0181508 0.00562127
0.38524 0.017303 0.00556575
0.382937 0.0180212 0.00543459
0.38453 0.0193759 0.00163526
0.386531 0.0156374 0.000155081
0.384871 0.0228087 0.000290478
0.38485 0.0154724 0.000446023
0.383939 0.0186649 0.00101563
0.384409 0.0183504 0.0022627
0.384797 0.0206164 0.000714676
0.386778 0.0150241 0.00037485
0.38398 0.0200931 0.00124189
0.384201 0.0178784 0.00173287
0.383926 0.0185279 0.00532817
0.385314 0.0171075 0.00162033
0.384609 0.0210502 0.000976344
0.384554 0.0222108 0.000580314
0.384236 0.018658 0.00201956
0.383635 0.0187172 0.00208506
0.384388 0.0164943 0.00124081
0.384209 0.0175724 0.00102744
0.384258 0.0168391 0.000665094
0.384507 0.0203676 0.001442
0.385377 0.0167118 0.00113382
0.384331 0.0211661 0.00101562
0.384493 0.0203332 0.000763495
0.384298 0.0167226 0.00105525
0.384023 0.0180845 0.00211653
0.384803 0.0175485 0.00118774
0.384039 0.0203361 0.00195386
0.387127 0.015063 0.000328428
0.385347 0.0157253 0.000611337
0.385074 0.0159194 0.000604629
0.384511 0.0164494 0.000759569
0.385145 0.0166682 0.00131805
0.38325 0.0191636 0.00532737
0.384463 0.0183038 0.00267059
0.38362 0.0186039 0.00300686
0.384884 0.0211341 0.001062
0.384971 0.0161385 0.000385737
0.386141 0.0157159 0.00015457
0.383814 0.0201548 0.00203452
0.384508 0.0170785 0.0020857
0.384881 0.0169203 0.00208887
0.384517 0.0193915 0.00220541
0.385773 0.023057 0.000154089
0.383869 0.0206738 0.00105937
0.384641 0.0172084 0.00144621
0.384743 0.0208963 0.000621158
0.38453 0.0186008 0.00532954
0.383955 0.0198191 0.00195525
0.384694 0.0184133 0.00219383
0.385395 0.0220027 0.000273123
0.383678 0.0181819 0.00278175
0.384131 0.0178049 0.00209953
0.384821 0.019896 0.00202138
0.384633 0.0165651 0.00102394
0.385921 0.0148895 0.000154282
0.384504 0.0183956 0.00554681
0.384577 0.0177695 0.00194164
0.383648 0.0182102 0.00307883
0.383677 0.0197884 0.00206505
0.384522 0.0187238 0.00218295
0.384046 0.0183165 0.00273333
0.384372 0.0203687 0.00108225
0.384786 0.0173118 0.00168718
0.384605 0.0181671 0.00149334
0.383625 0.0187471 0.00274328
0.384015 0.0173646 0.00161831
0.385456 0.0161931 0.000670762
0.385262 0.0210524 0.000470858
0.383667 0.0191857 0.00150811
0.384274 0.0167486 0.00159407
0.38483 0.0167196 0.00120656
0.384533 0.0173131 0.00189845
0.385647 0.0162013 0.000439508
0.384242 0.018415 0.00534044
0.384489 0.0191119 0.00249392
0.384938 0.0179773 0.00565533
0.384948 0.0161507 0.0012924
0.385449 0.0212776 0.000405706
0.384746 0.0172599 0.00210204
0.383805 0.0196349 0.00532559
0.383814 0.0197678 0.00249218
0.384944 0.0180404 0.00193993
0.385606 0.0166352 0.000955414
0.383971 0.0177367 0.00285403
0.385192 0.0162438 0.00114469
0.384756 0.0214603 0.000375486
0.385172 0.0165033 0.00156716
0.383628 0.0189798 0.002554
0.384791 0.0181638 0.00232966
0.384472 0.0178546 0.00543031
0.384614 0.0180098 0.00564434
0.383621 0.0184463 0.00326209
0.383903 0.0181403 0.00167255
0.385312 0.0159607 0.000793914
0.384101 0.017097 0.00247204
0.384266 0.0167363 0.00210738
0.384767 0.0189866 0.00256239
0.384886 0.0201235 0.0018367
0.384616 0.0198241 0.00153446
0.383892 0.0196399 0.00109816
0.384914 0.0181049 0.00259674
0.386613 0.0151442 0.000155184
0.385753 0.0155862 0.000616693
0.38486 0.0158885 0.00081168
0.384751 0.0175194 0.00190077
0.384998 0.0179166 0.000793309
0.384328 0.018424 0.00185592
0.384336 0.0200476 0.00199016
0.38478 0.0186808 0.00238417
0.384804 0.0169478 0.00154697
0.384409 0.019106 0.00217191
0.384082 0.0206739 0.00151773
0.384663 0.0169581 0.00128255
0.385823 0.0152265 0.000154149
0.3846 0.0184585 0.00142187
0.383631 0.0187322 0.00238463
0.384301 0.0201665 0.00539226
0.385114 0.016337 0.00087019
0.384051 0.0194897 0.00235051
0.384861 0.0217998 0.000383752
0.383897 0.0185959 0.0019343
0.384743 0.0176144 0.00218518
0.384487 0.0188968 0.0053064
0.384147 0.0196737 0.00213384
0.386604 0.0156105 0.000469852
0.385474 0.0214383 0.000153686
0.386618 0.0151004 0.000616481
0.384627 0.0177255 0.00135342
0.384225 0.0174682 0.00256666
0.385831 0.0157694 0.00039198
0.384094 0.0180692 0.00307343
0.384826 0.0182856 0.00281952
0.386352 0.0229097 0.000154848
0.384117 0.0171377 0.00144814
0.384434 0.0167731 0.00134138
0.38397 0.0195535 0.00153626
0.384162 0.01907 0.00251421
0.383788 0.0189119 0.0029359
0.385 0.0173907 0.00200819
0.384598 0.0179379 0.00114356
0.383874 0.0176195 0.00259544
0.383667 0.018166 0.00185578
0.385628 0.0166118 0.00127396
0.384192 0.0187458 0.00258332
0.385546 0.0167537 0.00152514
0.383648 0.0194165 0.00253476
0.384426 0.0196666 0.00170487
0.38455 0.0173936 0.00122834
0.383661 0.0181558 0.00248337
0.384859 0.0212679 0.000789758
0.383897 0.0187505 0.00162231
0.384897 0.0206037 0.00110264
0.384696 0.0179009 0.00256428
0.384994 0.0178544 0.0015545
0.384658 0.0201027 0.0014304
0.384462 0.0175344 0.00208817
0.38687 0.0153304 0.000411846
0.384285 0.0172778 0.00173285
0.38413 0.0186694 0.00229996
0.385212 0.0168268 0.0019467
0.384966 0.0198194 0.00535289
0.384414 0.0174079 0.00149562
0.384792 0.0193492 0.00177997
0.383618 0.0190279 0.0031538
0.383718 0.0200675 0.00176408
0.384006 0.0191419 0.00226802
0.384038 0.0212309 0.000981606
0.38393 0.0184187 0.00247634
0.385425 0.0149662 0.000363531
0.384756 0.0167529 0.00187326
0.383942 0.0179239 0.00187656
0.384519 0.0181131 0.00244564
0.3849 0.0202279 0.00155584
0.385207 0.0172487 0.00137123
0.384594 0.0173933 0.00232353
0.3839 0.0199024 0.0022383
0.386494 0.0143788 0.000155034
0.38424 0.0181128 0.00233349
0.384221 0.0180924 0.00263211
0.384214 0.0180124 0.00539104
0.383974 0.0173991 0.00241788
0.384962 0.0220872 0.000394124
0.384863 0.0170545 0.00182116
0.386081 0.0160997 0.000348213
0.385323 0.0162978 0.00140906
0.384204 0.0169379 0.00124218
0.384297 0.0169825 0.00227596
0.385097 0.0225492 0.000153204
0.38429 0.0193072 0.00238279
0.384245 0.0199032 0.00174318
0.384654 0.0207558 0.00101201
0.384245 0.0177202 0.00272834
0.384287 0.0193398 0.00146426
0.384407 0.018077 0.00208693
0.384011 0.0199018 0.00101285
0.384785 0.0164259 0.00124779
0.38447 0.0163077 0.0010208
0.384548 0.0221389 0.000152478
0.384658 0.0189824 0.00228289
0.384191 0.0181427 0.00187433
0.385954 0.0162471 0.000901127
0.385074 0.0206226 0.000600053
0.383975 0.0210677 0.00154922
0.385453 0.0232291 0.000153669
0.386009 0.0162353 0.000606435
0.384424 0.0199401 0.00225607
0.383505 0.0180521 0.00554354
0.384815 0.0219863 0.000152833
0.386187 0.0148677 0.000356566
0.385195 0.0214745 0.000257786
0.383662 0.0195984 0.00229669
0.384764 0.0165022 0.00170878
0.385172 0.017367 0.00225258
0.38512 0.0220038 0.000153227
0.386302 0.0155438 0.000340296
0.383643 0.0191889 0.00233939
0.384828 0.0196223 0.00189871
0.384328 0.0206365 0.00134948
0.384843 0.0154238 0.000741956
0.386124 0.0157575 0.000452567
0.384781 0.0188439 0.00282588
0.38502 0.0176784 0.00209055
0.384567 0.0167917 0.00164384
0.384884 0.0156278 0.000958078
0.383979 0.0180315 0.00279906
0.383757 0.0178468 0.00324024
0.383935 0.0195121 0.00183134
0.383762 0.0191583 0.00275411
0.385 0.0210596 0.000625893
0.384858 0.0198527 0.00170899
0.385137 0.0154722 0.000859247
0.384092 0.0201157 0.00215025
0.386355 0.0153139 0.000154845
0.385231 0.0155759 0.000378312
0.383826 0.0184045 0.00291794
0.383986 0.0173508 0.00271369
0.386541 0.0235361 0.000155095
0.384907 0.0172703 0.00235516
0.386549 0.0153286 0.000382975
0.38505 0.0156206 0.000613277
0.383911 0.0192733 0.00252014
0.384534 0.0198102 0.00200894
0.383626 0.0184561 0.00267067
0.38568 0.0163358 0.00098676
0.384212 0.0176363 0.00155594
0.386869 0.0146018 0.000338848
0.384803 0.0167204 0.00577573
0.384819 0.0195571 0.00156366
0.384361 0.0187823 0.00296993
0.384383 0.0185825 0.00274725
0.384115 0.0176578 0.00236047
0.384288 0.0182158 0.00289717
0.384594 0.0187465 0.0026106
0.384745 0.0192596 0.00235826
0.38481 0.0185665 0.00271529
0.384212 0.0187682 0.00531307
0.384798 0.0194011 0.00209915
0.384892 0.0215985 0.000603932
0.384328 0.020322 0.00186659
0.384891 0.015881 0.00111868
0.385944 0.0221456 0.000154312
0.385176 0.0173249 0.00177477
0.383482 0.018284 0.0053546
0.383745 0.0179195 0.00264829
0.384225 0.0183693 0.00249838
0.384786 0.0162783 0.0015102
0.384773 0.0189492 0.00138979
0.384548 0.0195196 0.00193595
0.384695 0.017994 0.00210142
0.383868 0.0208201 0.00167999
0.38406 0.0172135 0.0021986
0.384635 0.0202611 0.00169158
0.383906 0.0186704 0.00306942
0.386566 0.014067 0.000155128
0.383807 0.020696 0.00194646
0.384313 0.0178551 0.00246911
0.384619 0.0175971 0.0054915
0.384913 0.0203074 0.0010582
0.384977 0.0178137 0.00263223
0.385822 0.0160023 0.000580835
0.384402 0.0168999 0.00186948
0.383714 0.0181198 0.00335708
0.383631 0.0184325 0.00237165
0.385122 0.0212717 0.000940812
0.385444 0.0164064 0.00115681
0.385667 0.0160511 0.000832965
0.384405 0.0185994 0.00242993
0.385371 0.0154334 0.000676325
0.384274 0.0204606 0.0016062
0.384637 0.0223605 0.000333972
0.386182 0.0152683 0.000395711
0.384408 0.0164246 0.00161721
0.384784 0.0174699 0.00254279
0.38545 0.0168895 0.0017749
0.384016 0.0200932 0.0017793
0.384385 0.0189356 0.0027132
0.384801 0.0186719 0.00208505
0.383827 0.0193721 0.00218904
0.384353 0.0201712 0.00160844
0.385102 0.0213936 0.000667439
0.384729 0.0189484 0.00199334
0.385011 0.0168111 0.00172513
0.385339 0.0210738 0.000880059
0.38412 0.0185615 0.00288964
0.385216 0.0208662 0.0007017
0.386032 0.0144777 0.000376233
0.38454 0.0218801 0.000666328
0.384394 0.0208401 0.00113545
0.384334 0.0188817 0.00235676

VERTICES 873 1746
1 0
1 1
1 2
1 3
1 4
1 5
1 6
1 7
1 8
1 9
1 10
1 11
1 12
1 13
1 14
1 15
1 16
1 17
1 18
1 19
1 20
1 21
1 22
1 23
1 24
1 25
1 26
1 27
1 28
1 29
1 30
1 31
1 32
1 33
1 34
1 35
1 36
1 37
1 38
1 39
1 40
1 41
1 42
1 43
1 44
1 45
1 46
1 47
1 48
1 49
1 50
1 51
1 52
1 53
1 54
1 55
1 56
1 57
1 58
1 59
1 60
1 61
1 62
1 63
1 64
1 65
1 66
1 67
1 68
1 69
1 70
1 71
1 72
1 73
1 74
1 75
1 76
1 77
1 78
1 79
1 80
1 81
1 82
1 83
1 84
1 85
1 86
1 87
1 88
1 89
1 90
1 91
1 92
1 93
1 94
1 95
1 96
1 97
1 98
1 99
1 100
1 101
1 102
1 103
1 104
1 105
1 106
1 107
1 108
1 109
1 110
1 111
1 112
1 113
1 114
1 115
1 116
1 117
1 118
1 119
1 120
1 121
1 122
1 123
1 124
1 125
1 126
1 127
1 128
1 129
1 130
1 131
1 132
1 133
1 134
1 135
1 136
1 137
1 138
1 139
1 140
1 141
1 142
1 143
1 144
1 145
1 146
1 147
1 148
1 149
1 150
1 151
1 152
1 153
1 154
1 155
1 156
1 157
1 158
1 159
1 160
1 161
1 162
1 163
1 164
1 165
1 166
1 167
1 168
1 169
1 170
1 171
1 172
1 173
1 174
1 175
1 176
1 177
1 178
1 179
1 180
1 181
1 182
1 183
1 184
1 185
1 186
1 187
1 188
1 189
1 190
1 191
1 192
1 193
1 194
1 195
1 196
1 197
1 198
1 199
1 200
1 201
1 202
1 203
1 204
1 205
1 206
1 207
1 208
1 209
1 210
1 211
1 212
1 213
1 214
1 215
1 216
1 217
1 218
1 219
1 220
1 221
1 222
1 223
1 224
1 225
1 226
1 227
1 228
1 229
1 230
1 231
1 232
1 233
1 234
1 235
1 236
1 237
1 238
1 239
1 240
1 241
1 242
1 243
1 244
1 245
1 246
1 247
1 248
1 249
1 250
1 251
1 252
1 253
1 254
1 255
1 256
1 257
1 258
1 259
1 260
1 261
1 262
1 263
1 264
1 265
1 266
1 267
1 268
1 269
1 270
1 271
1 272
1 273
1 274
1 275
1 276
1 277
1 278
1 279
1 280
1 281
1 282
1 283
1 284
1 285
1 286
1 287
1 288
1 289
1 290
1 291
1 292
1 293
1 294
1 295
1 296
1 297
1 298
1 299
1 300
1 301
1 302
1 303
1 304
1 305
1 306
1 307
1 308
1 309
1 310
1 311
1 312
1 313
1 314
1 315
1 316
1 317
1 318
1 319
1 320
1 321
1 322
1 323
1 324
1 325
1 326
1 327
1 328
1 329
1 330
1 331
1 332
1 333
1 334
1 335
1 336
1 337
1 338
1 339
1 340
1 341
1 342
1 343
1 344
1 345
1 346
1 347
1 348
1 349
1 350
1 351
1 352
1 353
1 354
1 355
1 356
1 357
1 358
1 359
1 360
1 361
1 362
1 363
1 364
1 365
1 366
1 367
1 368
1 369
1 370
1 371
1 372
1 373
1 374
1 375
1 376
1 377
1 378
1 379
1 380
1 381
1 382
1 383
1 384
1 385
1 386
1 387
1 388
1 389
1 390
1 391
1 392
1 393
1 394
1 395
1 396
1 397
1 398
1 399
1 400
1 401
1 402
1 403
1 404
1 405
1 406
1 407
1 408
1 409
1 410
1 411
1 412
1 413
1 414
1 415
1 416
1 417
1 418
1 419
1 420
1 421
1 422
1 423
1 424
1 425
1 426
1 427
1 428
1 429
1 430
1 431
1 432
1 433
1 434
1 435
1 436
1 437
1 438
1 439
1 440
1 441
1 442
1 443
1 444
1 445
1 446
1 447
1 448
1 449
1 450
1 451
1 452
1 453
1 454
1 455
1 456
1 457
1 458
1 459
1 460
1 461
1 462
1 463
1 464
1 465
1 466
1 467
1 468
1 469
1 470
1 471
1 472
1 473
1 474
1 475
1 476
1 477
1 478
1 479
1 480
1 481
1 482
1 483
1 484
1 485
1 486
1 487
1 488
1 489
1 490
1 491
1 492
1 493
1 494
1 495
1 496
1 497
1 498
1 499
1 500
1 501
1 502
1 503
1 504
1 505
1 506
1 507
1 508
1 509
1 510
1 511
1 512
1 513
1 514
1 515
1 516
1 517
1 518
1 519
1 520
1 521
1 522
1 523
1 524
1 525
1 526
1 527
1 528
1 529
1 530
1 531
1 532
1 533
1 534
1 535
1 536
1 537
1 538
1 539
1 540
1 541
1 542
1 543
1 544
1 545
1 546
1 547
1 548
1 549
1 550
1 551
1 552
1 553
1 554
1 555
1 556
1 557
1 558
1 559
1 560
1 561
1 562
1 563
1 564
1 565
1 566
1 567
1 568
1 569
1 570
1 571
1 572
1 573
1 574
1 575
1 576
1 577
1 578
1 579
1 580
1 581
1 582
1 583
1 584
1 585
1 586
1 587
1 588
1 589
1 590
1 591
1 592
1 593
1 594
1 595
1 596
1 597
1 598
1 599
1 600
1 601
1 602
1 603
1 604
1 605
1 606
1 607
1 608
1 609
1 610
1 611
1 612
1 613
1 614
1 615
1 616
1 617
1 618
1 619
1 620
1 621
1 622
1 623
1 624
1 625
1 626
1 627
1 628
1 629
1 630
1 631
1 632
1 633
1 634
1 635
1 636
1 637
1 638
1 639
1 640
1 641
1 642
1 643
1 644
1 645
1 646
1 647
1 648
1 649
1 650
1 651
1 652
1 653
1 654
1 655
1 656
1 657
1 658
1 659
1 660
1 661
1 662
1 663
1 664
1 665
1 666
1 667
1 668
1 669
1 670
1 671
1 672
1 673
1 674
1 675
1 676
1 677
1 678
1 679
1 680
1 681
1 682
1 683
1 684
1 685
1 686
1 687
1 688
1 689
1 690
1 691
1 692
1 693
1 694
1 695
1 696
1 697
1 698
1 699
1 700
1 701
1 702
1 703
1 704
1 705
1 706
1 707
1 708
1 709
1 710
1 711
1 712
1 713
1 714
1 715
1 716
1 717
1 718
1 719
1 720
1 721
1 722
1 723
1 724
1 725
1 726
1 727
1 728
1 729
1 730
1 731
1 732
1 733
1 734
1 735
1 736
1 737
1 738
1 739
1 740
1 741
1 742
1 743
1 744
1 745
1 746
1 747
1 748
1 749
1 750
1 751
1 752
1 753
1 754
1 755
1 756
1 757
1 758
1 759
1 760
1 761
1 762
1 763
1 764
1 765
1 766
1 767
1 768
1 769
1 770
1 771
1 772
1 773
1 774
1 775
1 776
1 777
1 778
1 779
1 780
1 781
1 782
1 783
1 784
1 785
1 786
1 787
1 788
1 789
1 790
1 791
1 792
1 793
1 794
1 795
1 796
1 797
1 798
1 799
1 800
1 801
1 802
1 803
1 804
1 805
1 806
1 807
1 808
1 809
1 810
1 811
1 812
1 813
1 814
1 815
1 816
1 817
1 818
1 819
1 820
1 821
1 822
1 823
1 824
1 825
1 826
1 827
1 828
1 829
1 830
1 831
1 832
1 833
1 834
1 835
1 836
1 837
1 838
1 839
1 840
1 841
1 842
1 843
1 844
1 845
1 846
1 847
1 848
1 849
1 850
1 851
1 852
1 853
1 854
1 855
1 856
1 857
1 858
1 859
1 860
1 861
1 862
1 863
1 864
1 865
1 866
1 867
1 868
1 869
1 870
1 871
1 872

POINT_DATA 873
SCALARS id int 1
LOOKUP_TABLE default
1
2
3
4
5
6
7
8
9
10
11
12
13
14
15
16
17
18
19
20
21
22
23
24
25
26
27
28
29
30
32
33
34
35
36
37
39
40
41
42
43
44
45
46
47
48
49
50
51
52
53
54
56
57
58
59
60
61
62
63
64
65
67
68
69
70
71
72
73
74
75
76
77
78
79
80
81
82
83
84
85
86
87
88
89
90
91
92
93
94
95
96
97
98
99
100
101
102
103
104
105
106
107
108
109
110
111
112
113
114
115
116
117
118
119
120
121
122
123
124
125
126
127
129
130
131
132
133
134
135
136
137
138
139
140
141
142
143
144
145
146
147
148
149
150
151
153
154
155
156
157
158
159
160
161
162
163
164
165
166
167
168
169
170
171
172
173
174
175
176
177
178
179
180
181
182
183
184
185
186
187
188
189
190
191
192
193
194
195
196
197
198
199
200
201
202
203
204
205
206
208
209
210
211
212
213
214
215
217
218
219
220
221
222
223
225
226
227
228
229
230
231
232
233
234
235
236
237
238
239
240
241
242
243
244
245
246
247
248
249
250
251
252
253
254
255
256
257
258
259
260
261
262
263
264
265
266
267
268
269
270
271
273
274
275
276
277
278
279
280
281
282
283
284
285
286
287
288
289
290
291
292
293
294
295
296
297
299
300
301
302
303
304
305
306
307
308
309
310
311
312
313
314
315
316
317
318
319
320
321
322
323
324
325
326
327
328
329
330
331
332
333
334
335
336
337
338
339
340
341
342
343
344
345
346
347
348
349
350
351
352
353
354
355
356
357
358
359
360
361
362
363
364
365
366
367
368
369
370
371
372
373
374
375
376
377
378
379
381
382
383
384
385
386
387
388
389
390
391
392
393
394
395
396
397
398
399
400
401
402
404
405
406
407
408
409
410
411
412
413
414
415
416
417
418
419
420
421
422
423
424
426
427
428
429
430
431
432
434
435
436
437
438
439
440
441
442
443
444
445
446
447
448
449
451
452
453
454
455
456
457
458
459
460
461
462
463
464
465
466
467
468
469
470
471
472
473
474
475
476
477
478
479
480
481
482
483
484
485
486
487
489
490
491
492
493
494
495
496
497
498
499
500
501
502
503
504
505
506
507
508
509
510
511
512
513
514
515
516
517
518
519
520
521
522
523
524
525
526
527
528
529
530
531
532
533
534
535
536
537
538
539
540
541
542
543
544
545
546
547
548
549
550
551
552
553
554
555
556
557
558
559
560
561
562
563
564
565
566
567
568
569
570
571
572
573
574
575
576
577
579
580
581
582
583
584
585
586
587
588
589
590
591
592
593
594
595
596
597
598
599
600
601
602
603
605
606
607
608
609
610
611
612
613
614
615
616
617
618
619
620
621
622
623
624
625
626
627
628
629
630
631
632
633
634
635
636
637
638
640
641
642
643
644
645
646
647
648
649
650
651
652
653
654
655
656
659
660
661
662
663
664
665
666
667
668
669
670
671
672
673
674
675
676
677
678
679
680
681
682
683
684
685
686
687
688
690
691
692
693
694
695
696
698
699
700
701
702
703
704
705
706
707
708
709
710
711
712
713
714
715
716
717
718
719
720
721
722
723
724
725
726
727
728
729
730
731
732
733
734
735
736
738
739
740
741
742
743
744
745
746
747
748
749
750
751
752
753
754
755
756
757
758
759
760
761
762
764
765
766
767
768
769
770
771
772
773
774
775
776
777
778
779
780
781
782
783
784
785
786
787
788
789
791
792
793
794
795
796
797
798
799
800
801
802
803
804
805
806
807
808
809
810
811
812
813
814
815
816
817
818
819
820
821
822
823
824
825
826
827
828
829
830
831
832
833
834
835
836
837
838
839
840
841
842
843
844
845
846
847
848
849
850
851
852
853
854
855
856
857
858
859
860
861
862
863
864
865
866
867
868
869
870
871
872
873
874
875
876
877
878
879
880
881
882
883
884
885
886
887
888
889
890
891
892
893
894
895
896
897
898
899
900

SCALARS type int 1
LOOKUP_TABLE default
1
1
1
1
1
1
1
1
1
1
1
1
1
1
1
1
1
1
1
1
1
1
1
1
1
1
1
1
1
1
1
1
1
1
1
1
1
1
1
1
1
1
1
1
1
1
1
1
1
1
1
1
1
1
1
1
1
1
1
1
1
1
1
1
1
1
1
1
1
1
1
1
1
1
1
1
1
1
1
1
1
1
1
1
1
1
1
1
1
1
1
1
1
1
1
1
1
1
1
1
1
1
1
1
1
1
1
1
1
1
1
1
1
1
1
1
1
1
1
1
1
1
1
1
1
1
1
1
1
1
1
1
1
1
1
1
1
1
1
1
1
1
1
1
1
1
1
1
1
1
1
1
1
1
1
1
1
1
1
1
1
1
1
1
1
1
1
1
1
1
1
1
1
1
1
1
1
1
1
1
1
1
1
1
1
1
1
1
1
1
1
1
1
1
1
1
1
1
1
1
1
1
1
1
1
1
1
1
1
1
1
1
1
1
1
1
1
1
1
1
1
1
1
1
1
1
1
1
1
1
1
1
1
1
1
1
1
1
1
1
1
1
1
1
1
1
1
1
1
1
1
1
1
1
1
1
1
1
1
1
1
1
1
1
1
1
1
1
1
1
1
1
1
1
1
1
1
1
1
1
1
1
1
1
1
1
1
1
1
1
1
1
1
1
1
1
1
1
1
1
1
1
1
1
1
1
1
1
1
1
1
1
1
1
1
1
1
1
1
1
1
1
1
1
1
1
1
1
1
1
1
1
1
1
1
1
1
1
1
1
1
1
1
1
1
1
1
1
1
1
1
1
1
1
1
1
1
1
1
1
1
1
1
1
1
1
1
1
1
1
1
1
1
1
1
1
1
1
1
1
1
1
1
1
1
1
1
1
1
1
1
1
1
1
1
1
1
1
1
1
1
1
1
1
1
1
1
1
1
1
1
1
1
1
1
1
1
1
1
1
1
1
1
1
1
1
1
1
1
1
1
1
1
1
1
1
1
1
1
1
1
1
1
1
1
1
1
1
1
1
1
1
1
1
1
1
1
1
1
1
1
1
1
1
1
1
1
1
1
1
1
1
1
1
1
1
1
1
1
1
1
1
1
1
1
1
1
1
1
1
1
1
1
1
1
1
1
1
1
1
1
1
1
1
1
1
1
1
1
1
1
1
1
1
1
1
1
1
1
1
1
1
1
1
1
1
1
1
1
1
1
1
1
1
1
1
1
1
1
1
1
1
1
1
1
1
1
1
1
1
1
1
1
1
1
1
1
1
1
1
1
1
1
1
1
1
1
1
1
1
1
1
1
1
1
1
1
1
1
1
1
1
1
1
1
1
1
1
1
1
1
1
1
1
1
1
1
1
1
1
1
1
1
1
1
1
1
1
1
1
1
1
1
1
1
1
1
1
1
1
1
1
1
1
1
1
1
1
1
1
1
1
1
1
1
1
1
1
1
1
1
1
1
1
1
1
1
1
1
1
1
1
1
1
1
1
1
1
1
1
1
1
1
1
1
1
1
1
1
1
1
1
1
1
1
1
1
1
1
1
1
1
1
1
1
1
1
1
1
1
1
1
1
1
1
1
1
1
1
1
1
1
1
1
1
1
1
1
1
1
1
1
1
1
1
1
1
1
1
1
1
1
1
1
1
1
1
1
1
1
1
1
1
1
1
1
1
1
1
1
1
1
1
1
1
1
1
1
1
1
1
1
1
1
1
1
1
1
1
1
1
1
1
1
1
1
1
1
1
1
1
1
1
1
1
1
1
1
1
1
1
1
1
1
1
1
1
1
1
1
1
1
1
1
1
1
1
1
1
1
1
1
1
1
1
1
1
1
1
1
1
1
1
1
1
1
1
1
1
1
1
1
1
1
1
1
1
1
1
1
1
1
1
1
1
1
1
1
1
1
1
1
1
1
1
1
1
1
1
1
1
1
1
1
1
1
1
1
1
1
1
1
1
1
1
1
1
1
1
1
1
1
1

SCALARS radius float 1
LOOKUP_TABLE default
0.00015
0.00015
0.00015
0.00015
0.00015
0.00015
0.00015
0.00015
0.00015
0.00015
0.00015
0.00015
0.00015
0.00015
0.00015
0.00015
0.00015
0.00015
0.00015
0.00015
0.00015
0.00015
0.00015
0.00015
0.00015
0.00015
0.00015
0.00015
0.00015
0.00015
0.00015
0.00015
0.00015
0.00015
0.00015
0.00015
0.00015
0.00015
0.00015
0.00015
0.00015
0.00015
0.00015
0.00015
0.00015
0.00015
0.00015
0.00015
0.00015
0.00015
0.00015
0.00015
0.00015
0.00015
0.00015
0.00015
0.00015
0.00015
0.00015
0.00015
0.00015
0.00015
0.00015
0.00015
0.00015
0.00015
0.00015
0.00015
0.00015
0.00015
0.00015
0.00015
0.00015
0.00015
0.00015
0.00015
0.00015
0.00015
0.00015
0.00015
0.00015
0.00015
0.00015
0.00015
0.00015
0.00015
0.00015
0.00015
0.00015
0.00015
0.00015
0.00015
0.00015
0.00015
0.00015
0.00015
0.00015
0.00015
0.00015
0.00015
0.00015
0.00015
0.00015
0.00015
0.00015
0.00015
0.00015
0.00015
0.00015
0.00015
0.00015
0.00015
0.00015
0.00015
0.00015
0.00015
0.00015
0.00015
0.00015
0.00015
0.00015
0.00015
0.00015
0.00015
0.00015
0.00015
0.00015
0.00015
0.00015
0.00015
0.00015
0.00015
0.00015
0.00015
0.00015
0.00015
0.00015
0.00015
0.00015
0.00015
0.00015
0.00015
0.00015
0.00015
0.00015
0.00015
0.00015
0.00015
0.00015
0.00015
0.00015
0.00015
0.00015
0.00015
0.00015
0.00015
0.00015
0.00015
0.00015
0.00015
0.00015
0.00015
0.00015
0.00015
0.00015
0.00015
0.00015
0.00015
0.00015
0.00015
0.00015
0.00015
0.00015
0.00015
0.00015
0.00015
0.00015
0.00015
0.00015
0.00015
0.00015
0.00015
0.00015
0.00015
0.00015
0.00015
0.00015
0.00015
0.00015
0.00015
0.00015
0.00015
0.00015
0.00015
0.00015
0.00015
0.00015
0.00015
0.00015
0.00015
0.00015
0.00015
0.00015
0.00015
0.00015
0.00015
0.00015
0.00015
0.00015
0.00015
0.00015
0.00015
0.00015
0.00015
0.00015
0.00015
0.00015
0.00015
0.00015
0.00015
0.00015
0.00015
0.00015
0.00015
0.00015
0.00015
0.00015
0.00015
0.00015
0.00015
0.00015
0.00015
0.00015
0.00015
0.00015
0.00015
0.00015
0.00015
0.00015
0.00015
0.00015
0.00015
0.00015
0.00015
0.00015
0.00015
0.00015
0.00015
0.00015
0.00015
0.00015
0.00015
0.00015
0.00015
0.00015
0.00015
0.00015
0.00015
0.00015
0.00015
0.00015
0.00015
0.00015
0.00015
0.00015
0.00015
0.00015
0.00015
0.00015
0.00015
0.00015
0.00015
0.00015
0.00015
0.00015
0.00015
0.00015
0.00015
0.00015
0.00015
0.00015
0.00015
0.00015
0.00015
0.00015
0.00015
0.00015
0.00015
0.00015
0.00015
0.00015
0.00015
0.00015
0.00015
0.00015
0.00015
0.00015
0.00015
0.00015
0.00015
0.00015
0.00015
0.00015
0.00015
0.00015
0.00015
0.00015
0.00015
0.00015
0.00015
0.00015
0.00015
0.00015
0.00015
0.00015
0.00015
0.00015
0.00015
0.00015
0.00015
0.00015
0.00015
0.00015
0.00015
0.00015
0.00015
0.00015
0.00015
0.00015
0.00015
0.00015
0.00015
0.00015
0.00015
0.00015
0.00015
0.00015
0.00015
0.00015
0.00015
0.00015
0.00015
0.00015
0.00015
0.00015
0.00015
0.00015
0.00015
0.00015
0.00015
0.00015
0.00015
0.00015
0.00015
0.00015
0.00015
0.00015
0.00015
0.00015
0.00015
0.00015
0.00015
0.00015
0.00015
0.00015
0.00015
0.00015
0.00015
0.00015
0.00015
0.00015
0.00015
0.00015
0.00015
0.00015
0.00015
0.00015
0.00015
0.00015
0.00015
0.00015
0.00015
0.00015
0.00015
0.00015
0.00015
0.00015
0.00015
0.00015
0.00015
0.00015
0.00015
0.00015
0.00015
0.00015
0.00015
0.00015
0.00015
0.00015
0.00015
0.00015
0.00015
0.00015
0.00015
0.00015
0.00015
0.00015
0.00015
0.00015
0.00015
0.00015
0.00015
0.00015
0.00015
0.00015
0.00015
0.00015
0.00015
0.00015
0.00015
0.00015
0.00015
0.00015
0.00015
0.00015
0.00015
0.00015
0.00015
0.00015
0.00015
0.00015
0.00015
0.00015
0.00015
0.00015
0.00015
0.00015
0.00015
0.00015
0.00015
0.00015
0.00015
0.00015
0.00015
0.00015
0.00015
0.00015
0.00015
0.00015
0.00015
0.00015
0.00015
0.00015
0.00015
0.00015
0.00015
0.00015
0.00015
0.00015
0.00015
0.00015
0.00015
0.00015
0.00015
0.00015
0.00015
0.00015
0.00015
0.00015
0.00015
0.00015
0.00015
0.00015
0.00015
0.00015
0.00015
0.00015
0.00015
0.00015
0.00015
0.00015
0.00015
0.00015
0.00015
0.00015
0.00015
0.00015
0.00015
0.00015
0.00015
0.00015
0.00015
0.00015
0.00015
0.00015
0.00015
0.00015
0.00015
0.00015
0.00015
0.00015
0.00015
0.00015
0.00015
0.00015
0.00015
0.00015
0.00015
0.00015
0.00015
0.00015
0.00015
0.00015
0.00015
0.00015
0.00015
0.00015
0.00015
0.00015
0.00015
0.00015
0.00015
0.00015
0.00015
0.00015
0.00015
0.00015
0.00015
0.00015
0.00015
0.00015
0.00015
0.00015
0.00015
0.00015
0.00015
0.00015
0.00015
0.00015
0.00015
0.00015
0.00015
0.00015
0.00015
0.00015
0.00015
0.00015
0.00015
0.00015
0.00015
0.00015
0.00015
0.00015
0.00015
0.00015
0.00015
0.00015
0.00015
0.00015
0.00015
0.00015
0.00015
0.00015
0.00015
0.00015
0.00015
0.00015
0.00015
0.00015
0.00015
0.00015
0.00015
0.00015
0.00015
0.00015
0.00015
0.00015
0.00015
0.00015
0.00015
0.00015
0.00015
0.00015
0.00015
0.00015
0.00015
0.00015
0.00015
0.00015
0.00015
0.00015
0.00015
0.00015
0.00015
0.00015
0.00015
0.00015
0.00015
0.00015
0.00015
0.00015
0.00015
0.00015
0.00015
0.00015
0.00015
0.00015
0.00015
0.00015
0.00015
0.00015
0.00015
0.00015
0.00015
0.00015
0.00015
0.00015
0.00015
0.00015
0.00015
0.00015
0.00015
0.00015
0.00015
0.00015
0.00015
0.00015
0.00015
0.00015
0.00015
0.00015
0.00015
0.00015
0.00015
0.00015
0.00015
0.00015
0.00015
0.00015
0.00015
0.00015
0.00015
0.00015
0.00015
0.00015
0.00015
0.00015
0.00015
0.00015
0.00015
0.00015
0.00015
0.00015
0.00015
0.00015
0.00015
0.00015
0.00015
0.00015
0.00015
0.00015
0.00015
0.00015
0.00015
0.00015
0.00015
0.00015
0.00015
0.00015
0.00015
0.00015
0.00015
0.00015
0.00015
0.00015
0.00015
0.00015
0.00015
0.00015
0.00015
0.00015
0.00015
0.00015
0.00015
0.00015
0.00015
0.00015
0.00015
0.00015
0.00015
0.00015
0.00015
0.00015
0.00015
0.00015
0.00015
0.00015
0.00015
0.00015
0.00015
0.00015
0.00015
0.00015
0.00015
0.00015
0.00015
0.00015
0.00015
0.00015
0.00015
0.00015
0.00015
0.00015
0.00015
0.00015
0.00015
0.00015
0.00015
0.00015
0.00015
0.00015
0.00015
0.00015
0.00015
0.00015
0.00015
0.00015
0.00015
0.00015
0.00015
0.00015
0.00015
0.00015
0.00015
0.00015
0.00015
0.00015
0.00015
0.00015
0.00015
0.00015
0.00015
0.00015
0.00015
0.00015
0.00015
0.00015
0.00015
0.00015
0.00015
0.00015
0.00015
0.00015
0.00015
0.00015
0.00015
0.00015
0.00015
0.00015
0.00015
0.00015
0.00015
0.00015
0.00015
0.00015
0.00015
0.00015
0.00015
0.00015
0.00015
0.00015
0.00015
0.00015
0.00015
0.00015
0.00015
0.00015
0.00015
0.00015
0.00015
0.00015
0.00015
0.00015
0.00015
0.00015
0.00015
0.00015
0.00015
0.00015
0.00015
0.00015
0.00015
0.00015
0.00015
0.00015
0.00015
0.00015
0.00015
0.00015
0.00015
0.00015
0.00015
0.00015
0.00015
0.00015
0.00015
0.00015
0.00015
0.00015
0.00015
0.00015
0.00015
0.00015
0.00015
0.00015
0.00015
0.00015
0.00015
0.00015
0.00015
0.00015
0.00015
0.00015
0.00015
0.00015
0.00015
0.00015
0.00015
0.00015
0.00015
0.00015
0.00015
0.00015
0.00015
0.00015
0.00015
0.00015
0.00015
0.00015
0.00015
0.00015
0.00015
0.00015
0.00015
0.00015
0.00015
0.00015
0.00015
0.00015
0.00015
0.00015
0.00015
0.00015
0.00015
0.00015
0.00015
0.00015
0.00015
0.00015
0.00015
0.00015
0.00015
0.00015
0.00015
0.00015
0.00015
0.00015
0.00015
0.00015
0.00015
0.00015
0.00015
0.00015

SCALARS mass float 1
LOOKUP_TABLE default
3.95841e-09
3.95841e-09
3.95841e-09
3.95841e-09
3.95841e-09
3.95841e-09
3.95841e-09
3.95841e-09
3.95841e-09
3.95841e-09
3.95841e-09
3.95841e-09
3.95841e-09
3.95841e-09
3.95841e-09
3.95841e-09
3.95841e-09
3.95841e-09
3.95841e-09
3.95841e-09
3.95841e-09
3.95841e-09
3.95841e-09
3.95841e-09
3.95841e-09
3.95841e-09
3.95841e-09
3.95841e-09
3.95841e-09
3.95841e-09
3.95841e-09
3.95841e-09
3.95841e-09
3.95841e-09
3.95841e-09
3.95841e-09
3.95841e-09
3.95841e-09
3.95841e-09
3.95841e-09
3.95841e-09
3.95841e-09
3.95841e-09
3.95841e-09
3.95841e-09
3.95841e-09
3.95841e-09
3.95841e-09
3.95841e-09
3.95841e-09
3.95841e-09
3.95841e-09
3.95841e-09
3.95841e-09
3.95841e-09
3.95841e-09
3.95841e-09
3.95841e-09
3.95841e-09
3.95841e-09
3.95841e-09
3.95841e-09
3.95841e-09
3.95841e-09
3.95841e-09
3.95841e-09
3.95841e-09
3.95841e-09
3.95841e-09
3.95841e-09
3.95841e-09
3.95841e-09
3.95841e-09
3.95841e-09
3.95841e-09
3.95841e-09
3.95841e-09
3.95841e-09
3.95841e-09
3.95841e-09
3.95841e-09
3.95841e-09
3.95841e-09
3.95841e-09
3.95841e-09
3.95841e-09
3.95841e-09
3.95841e-09
3.95841e-09
3.95841e-09
3.95841e-09
3.95841e-09
3.95841e-09
3.95841e-09
3.95841e-09
3.95841e-09
3.95841e-09
3.95841e-09
3.95841e-09
3.95841e-09
3.95841e-09
3.95841e-09
3.95841e-09
3.95841e-09
3.95841e-09
3.95841e-09
3.95841e-09
3.95841e-09
3.95841e-09
3.95841e-09
3.95841e-09
3.95841e-09
3.95841e-09
3.95841e-09
3.95841e-09
3.95841e-09
3.95841e-09
3.95841e-09
3.95841e-09
3.95841e-09
3.95841e-09
3.95841e-09
3.95841e-09
3.95841e-09
3.95841e-09
3.95841e-09
3.95841e-09
3.95841e-09
3.95841e-09
3.95841e-09
3.95841e-09
3.95841e-09
3.95841e-09
3.95841e-09
3.95841e-09
3.95841e-09
3.95841e-09
3.95841e-09
3.95841e-09
3.95841e-09
3.95841e-09
3.95841e-09
3.95841e-09
3.95841e-09
3.95841e-09
3.95841e-09
3.95841e-09
3.95841e-09
3.95841e-09
3.95841e-09
3.95841e-09
3.95841e-09
3.95841e-09
3.95841e-09
3.95841e-09
3.95841e-09
3.95841e-09
3.95841e-09
3.95841e-09
3.95841e-09
3.95841e-09
3.95841e-09
3.95841e-09
3.95841e-09
3.95841e-09
3.95841e-09
3.95841e-09
3.95841e-09
3.95841e-09
3.95841e-09
3.95841e-09
3.95841e-09
3.95841e-09
3.95841e-09
3.95841e-09
3.95841e-09
3.95841e-09
3.95841e-09
3.95841e-09
3.95841e-09
3.95841e-09
3.95841e-09
3.95841e-09
3.95841e-09
3.95841e-09
3.95841e-09
3.95841e-09
3.95841e-09
3.95841e-09
3.95841e-09
3.95841e-09
3.95841e-09
3.95841e-09
3.95841e-09
3.95841e-09
3.95841e-09
3.95841e-09
3.95841e-09
3.95841e-09
3.95841e-09
3.95841e-09
3.95841e-09
3.95841e-09
3.95841e-09
3.95841e-09
3.95841e-09
3.95841e-09
3.95841e-09
3.95841e-09
3.95841e-09
3.95841e-09
3.95841e-09
3.95841e-09
3.95841e-09
3.95841e-09
3.95841e-09
3.95841e-09
3.95841e-09
3.95841e-09
3.95841e-09
3.95841e-09
3.95841e-09
3.95841e-09
3.95841e-09
3.95841e-09
3.95841e-09
3.95841e-09
3.95841e-09
3.95841e-09
3.95841e-09
3.95841e-09
3.95841e-09
3.95841e-09
3.95841e-09
3.95841e-09
3.95841e-09
3.95841e-09
3.95841e-09
3.95841e-09
3.95841e-09
3.95841e-09
3.95841e-09
3.95841e-09
3.95841e-09
3.95841e-09
3.95841e-09
3.95841e-09
3.95841e-09
3.95841e-09
3.95841e-09
3.95841e-09
3.95841e-09
3.95841e-09
3.95841e-09
3.95841e-09
3.95841e-09
3.95841e-09
3.95841e-09
3.95841e-09
3.95841e-09
3.95841e-09
3.95841e-09
3.95841e-09
3.95841e-09
3.95841e-09
3.95841e-09
3.95841e-09
3.95841e-09
3.95841e-09
3.95841e-09
3.95841e-09
3.95841e-09
3.95841e-09
3.95841e-09
3.95841e-09
3.95841e-09
3.95841e-09
3.95841e-09
3.95841e-09
3.95841e-09
3.95841e-09
3.95841e-09
3.95841e-09
3.95841e-09
3.95841e-09
3.95841e-09
3.95841e-09
3.95841e-09
3.95841e-09
3.95841e-09
3.95841e-09
3.95841e-09
3.95841e-09
3.95841e-09
3.95841e-09
3.95841e-09
3.95841e-09
3.95841e-09
3.95841e-09
3.95841e-09
3.95841e-09
3.95841e-09
3.95841e-09
3.95841e-09
3.95841e-09
3.95841e-09
3.95841e-09
3.95841e-09
3.95841e-09
3.95841e-09
3.95841e-09
3.95841e-09
3.95841e-09
3.95841e-09
3.95841e-09
3.95841e-09
3.95841e-09
3.95841e-09
3.95841e-09
3.95841e-09
3.95841e-09
3.95841e-09
3.95841e-09
3.95841e-09
3.95841e-09
3.95841e-09
3.95841e-09
3.95841e-09
3.95841e-09
3.95841e-09
3.95841e-09
3.95841e-09
3.95841e-09
3.95841e-09
3.95841e-09
3.95841e-09
3.95841e-09
3.95841e-09
3.95841e-09
3.95841e-09
3.95841e-09
3.95841e-09
3.95841e-09
3.95841e-09
3.95841e-09
3.95841e-09
3.95841e-09
3.95841e-09
3.95841e-09
3.95841e-09
3.95841e-09
3.95841e-09
3.95841e-09
3.95841e-09
3.95841e-09
3.95841e-09
3.95841e-09
3.95841e-09
3.95841e-09
3.95841e-09
3.95841e-09
3.95841e-09
3.95841e-09
3.95841e-09
3.95841e-09
3.95841e-09
3.95841e-09
3.95841e-09
3.95841e-09
3.95841e-09
3.95841e-09
3.95841e-09
3.95841e-09
3.95841e-09
3.95841e-09
3.95841e-09
3.95841e-09
3.95841e-09
3.95841e-09
3.95841e-09
3.95841e-09
3.95841e-09
3.95841e-09
3.95841e-09
3.95841e-09
3.95841e-09
3.95841e-09
3.95841e-09
3.95841e-09
3.95841e-09
3.95841e-09
3.95841e-09
3.95841e-09
3.95841e-09
3.95841e-09
3.95841e-09
3.95841e-09
3.95841e-09
3.95841e-09
3.95841e-09
3.95841e-09
3.95841e-09
3.95841e-09
3.95841e-09
3.95841e-09
3.95841e-09
3.95841e-09
3.95841e-09
3.95841e-09
3.95841e-09
3.95841e-09
3.95841e-09
3.95841e-09
3.95841e-09
3.95841e-09
3.95841e-09
3.95841e-09
3.95841e-09
3.95841e-09
3.95841e-09
3.95841e-09
3.95841e-09
3.95841e-09
3.95841e-09
3.95841e-09
3.95841e-09
3.95841e-09
3.95841e-09
3.95841e-09
3.95841e-09
3.95841e-09
3.95841e-09
3.95841e-09
3.95841e-09
3.95841e-09
3.95841e-09
3.95841e-09
3.95841e-09
3.95841e-09
3.95841e-09
3.95841e-09
3.95841e-09
3.95841e-09
3.95841e-09
3.95841e-09
3.95841e-09
3.95841e-09
3.95841e-09
3.95841e-09
3.95841e-09
3.95841e-09
3.95841e-09
3.95841e-09
3.95841e-09
3.95841e-09
3.95841e-09
3.95841e-09
3.95841e-09
3.95841e-09
3.95841e-09
3.95841e-09
3.95841e-09
3.95841e-09
3.95841e-09
3.95841e-09
3.95841e-09
3.95841e-09
3.95841e-09
3.95841e-09
3.95841e-09
3.95841e-09
3.95841e-09
3.95841e-09
3.95841e-09
3.95841e-09
3.95841e-09
3.95841e-09
3.95841e-09
3.95841e-09
3.95841e-09
3.95841e-09
3.95841e-09
3.95841e-09
3.95841e-09
3.95841e-09
3.95841e-09
3.95841e-09
3.95841e-09
3.95841e-09
3.95841e-09
3.95841e-09
3.95841e-09
3.95841e-09
3.95841e-09
3.95841e-09
3.95841e-09
3.95841e-09
3.95841e-09
3.95841e-09
3.95841e-09
3.95841e-09
3.95841e-09
3.95841e-09
3.95841e-09
3.95841e-09
3.95841e-09
3.95841e-09
3.95841e-09
3.95841e-09
3.95841e-09
3.95841e-09
3.95841e-09
3.95841e-09
3.95841e-09
3.95841e-09
3.95841e-09
3.95841e-09
3.95841e-09
3.95841e-09
3.95841e-09
3.95841e-09
3.95841e-09
3.95841e-09
3.95841e-09
3.95841e-09
3.95841e-09
3.95841e-09
3.95841e-09
3.95841e-09
3.95841e-09
3.95841e-09
3.95841e-09
3.95841e-09
3.95841e-09
3.95841e-09
3.95841e-09
3.95841e-09
3.95841e-09
3.95841e-09
3.95841e-09
3.95841e-09
3.95841e-09
3.95841e-09
3.95841e-09
3.95841e-09
3.95841e-09
3.95841e-09
3.95841e-09
3.95841e-09
3.95841e-09
3.95841e-09
3.95841e-09
3.95841e-09
3.95841e-09
3.95841e-09
3.95841e-09
3.95841e-09
3.95841e-09
3.95841e-09
3.95841e-09
3.95841e-09
3.95841e-09
3.95841e-09
3.95841e-09
3.95841e-09
3.95841e-09
3.95841e-09
3.95841e-09
3.95841e-09
3.95841e-09
3.95841e-09
3.95841e-09
3.95841e-09
3.95841e-09
3.95841e-09
3.95841e-09
3.95841e-09
3.95841e-09
3.95841e-09
3.95841e-09
3.95841e-09
3.95841e-09
3.95841e-09
3.95841e-09
3.95841e-09
3.95841e-09
3.95841e-09
3.95841e-09
3.95841e-09
3.95841e-09
3.95841e-09
3.95841e-09
3.95841e-09
3.95841e-09
3.95841e-09
3.95841e-09
3.95841e-09
3.95841e-09
3.95841e-09
3.95841e-09
3.95841e-09
3.95841e-09
3.95841e-09
3.95841e-09
3.95841e-09
3.95841e-09
3.95841e-09
3.95841e-09
3.95841e-09
3.95841e-09
3.95841e-09
3.95841e-09
3.95841e-09
3.95841e-09
3.95841e-09
3.95841e-09
3.95841e-09
3.95841e-09
3.95841e-09
3.95841e-09
3.95841e-09
3.95841e-09
3.95841e-09
3.95841e-09
3.95841e-09
3.95841e-09
3.95841e-09
3.95841e-09
3.95841e-09
3.95841e-09
3.95841e-09
3.95841e-09
3.95841e-09
3.95841e-09
3.95841e-09
3.95841e-09
3.95841e-09
3.95841e-09
3.95841e-09
3.95841e-09
3.95841e-09
3.95841e-09
3.95841e-09
3.95841e-09
3.95841e-09
3.95841e-09
3.95841e-09
3.95841e-09
3.95841e-09
3.95841e-09
3.95841e-09
3.95841e-09
3.95841e-09
3.95841e-09
3.95841e-09
3.95841e-09
3.95841e-09
3.95841e-09
3.95841e-09
3.95841e-09
3.95841e-09
3.95841e-09
3.95841e-09
3.95841e-09
3.95841e-09
3.95841e-09
3.95841e-09
3.95841e-09
3.95841e-09
3.95841e-09
3.95841e-09
3.95841e-09
3.95841e-09
3.95841e-09
3.95841e-09
3.95841e-09
3.95841e-09
3.95841e-09
3.95841e-09
3.95841e-09
3.95841e-09
3.95841e-09
3.95841e-09
3.95841e-09
3.95841e-09
3.95841e-09
3.95841e-09
3.95841e-09
3.95841e-09
3.95841e-09
3.95841e-09
3.95841e-09
3.95841e-09
3.95841e-09
3.95841e-09
3.95841e-09
3.95841e-09
3.95841e-09
3.95841e-09
3.95841e-09
3.95841e-09
3.95841e-09
3.95841e-09
3.95841e-09
3.95841e-09
3.95841e-09
3.95841e-09
3.95841e-09
3.95841e-09
3.95841e-09
3.95841e-09
3.95841e-09
3.95841e-09
3.95841e-09
3.95841e-09
3.95841e-09
3.95841e-09
3.95841e-09
3.95841e-09
3.95841e-09
3.95841e-09
3.95841e-09
3.95841e-09
3.95841e-09
3.95841e-09
3.95841e-09
3.95841e-09
3.95841e-09
3.95841e-09
3.95841e-09
3.95841e-09
3.95841e-09
3.95841e-09
3.95841e-09
3.95841e-09
3.95841e-09
3.95841e-09
3.95841e-09
3.95841e-09
3.95841e-09
3.95841e-09
3.95841e-09
3.95841e-09
3.95841e-09
3.95841e-09
3.95841e-09
3.95841e-09
3.95841e-09
3.95841e-09
3.95841e-09
3.95841e-09
3.95841e-09
3.95841e-09
3.95841e-09
3.95841e-09
3.95841e-09
3.95841e-09
3.95841e-09
3.95841e-09
3.95841e-09
3.95841e-09
3.95841e-09
3.95841e-09
3.95841e-09
3.95841e-09
3.95841e-09
3.95841e-09
3.95841e-09
3.95841e-09
3.95841e-09
3.95841e-09
3.95841e-09
3.95841e-09
3.95841e-09
3.95841e-09
3.95841e-09
3.95841e-09
3.95841e-09
3.95841e-09
3.95841e-09
3.95841e-09
3.95841e-09
3.95841e-09
3.95841e-09
3.95841e-09
3.95841e-09
3.95841e-09
3.95841e-09
3.95841e-09
3.95841e-09
3.95841e-09
3.95841e-09
3.95841e-09
3.95841e-09
3.95841e-09
3.95841e-09
3.95841e-09
3.95841e-09
3.95841e-09
3.95841e-09
3.95841e-09
3.95841e-09
3.95841e-09
3.95841e-09
3.95841e-09
3.95841e-09
3.95841e-09
3.95841e-09
3.95841e-09
3.95841e-09
3.95841e-09
3.95841e-09
3.95841e-09
3.95841e-09
3.95841e-09
3.95841e-09
3.95841e-09
3.95841e-09
3.95841e-09
3.95841e-09
3.95841e-09
3.95841e-09
3.95841e-09
3.95841e-09
3.95841e-09
3.95841e-09
3.95841e-09
3.95841e-09
3.95841e-09
3.95841e-09
3.95841e-09
3.95841e-09
3.95841e-09
3.95841e-09
3.95841e-09
3.95841e-09
3.95841e-09
3.95841e-09
3.95841e-09
3.95841e-09
3.95841e-09
3.95841e-09
3.95841e-09
3.95841e-09
3.95841e-09
3.95841e-09
3.95841e-09
3.95841e-09
3.95841e-09
3.95841e-09
3.95841e-09
3.95841e-09
3.95841e-09
3.95841e-09
3.95841e-09
3.95841e-09
3.95841e-09
3.95841e-09
3.95841e-09
3.95841e-09
3.95841e-09
3.95841e-09
3.95841e-09
3.95841e-09
3.95841e-09
3.95841e-09
3.95841e-09
3.95841e-09
3.95841e-09
3.95841e-09
3.95841e-09
3.95841e-09
3.95841e-09

VECTORS velocity float
-2.71785e-11 1.82974e-10 4.95333e-12
-4.70348e-13 -8.56855e-12 6.34697e-13
1.78588e-12 5.09879e-13 -1.14297e-12
1.35537e-11 -1.42366e-11 -1.87072e-12
-1.51405e-11 2.53157e-11 8.02368e-12
-5.33985e-13 1.48721e-12 4.35504e-13
6.60175e-19 -3.62137e-22 -5.0412e-16
-7.31158e-12 -1.21141e-11 7.75235e-12
1.23769e-11 3.78458e-13 -1.68973e-11
-6.7804e-20 8.41833e-20 -1.28184e-22
-1.6381e-11 -2.70952e-11 -2.45608e-14
-1.16821e-17 2.80137e-23 8.91957e-15
-1.44852e-12 -1.09824e-12 3.97494e-13
2.40286e-12 -1.0943e-12 4.37167e-12
-2.24864e-12 -5.20731e-12 5.08243e-12
-9.77797e-12 -1.60093e-11 1.2168e-11
-8.04839e-13 1.32588e-12 3.28603e-13
-2.45051e-12 -2.09936e-13 -8.44467e-13
-3.48531e-12 1.13143e-12 -2.21194e-12
2.41653e-13 1.44046e-13 -4.08592e-13
5.467e-12 6.87304e-12 -1.70826e-12
-2.15211e-13 -5.06177e-12 -3.63273e-12
2.19731e-11 1.45296e-11 -5.41902e-13
-7.61793e-12 1.74551e-12 1.19171e-12
-5.78549e-13 -1.73412e-12 -8.06109e-13
1.36214e-11 3.0532e-11 3.97798e-12
1.12985e-11 7.89196e-13 8.87274e-13
-9.20155e-12 -1.00687e-11 -1.61496e-12
-2.5268e-12 -1.54207e-11 -4.10066e-12
-1.04765e-11 2.61772e-11 1.9229e-12
2.8846e-13 1.73388e-12 -9.67741e-13
-5.39547e-11 -2.88675e-11 2.97068e-11
-1.33561e-13 -1.72571e-13 1.47883e-13
-1.92534e-12 1.71335e-12 8.63485e-13
-8.44491e-13 -1.34317e-12 -8.58709e-13
-1.35519e-12 -1.52582e-12 3.85736e-13
2.73633e-12 -6.08828e-12 -2.95145e-12
-2.88162e-13 4.53245e-13 2.09919e-13
-1.04138e-18 3.31343e-23 7.9519e-16
-2.09818e-12 8.18071e-13 -1.67766e-13
-1.57501e-13 3.7216e-13 2.22032e-14
-1.8873e-12 2.80919e-12 1.58859e-12
2.48581e-11 6.47016e-11 -7.34326e-12
4.86109e-12 2.6724e-12 1.81163e-12
2.14829e-12 -5.48831e-13 -1.19678e-12
2.00873e-11 -7.10715e-13 4.89879e-14
4.433e-15 -8.41054e-15 -7.0546e-15
-2.77163e-11 -1.80958e-11 -3.07945e-11
7.34968e-13 2.4022e-13 -3.73147e-13
-8.29995e-11 -9.31505e-11 6.36961e-11
-2.77197e-11 -2.57079e-11 -8.91334e-11
-2.53764e-11 9.62219e-12 -2.99255e-11
2.95229e-12 -2.93885e-12 -1.51877e-12
1.04804e-14 -4.00415e-14 2.59473e-13
1.86943e-11 1.37893e-12 -8.92961e-12
6.12526e-15 1.27166e-12 4.38639e-13
-4.32148e-12 6.58775e-13 -5.88022e-13
3.87481e-12 1.084e-11 -1.45696e-12
2.4162e-14 -8.75386e-14 1.75902e-14
5.05967e-12 1.52428e-12 -3.65418e-13
3.45432e-13 4.48151e-13 -1.45987e-13
-1.4451e-11 1.75697e-12 -1.87956e-11
-6.52759e-13 5.75583e-13 3.1461e-13
1.01227e-15 2.06348e-20 2.98741e-13
4.23479e-12 8.04145e-17 -8.61204e-13
-7.22187e-16 -4.78926e-15 6.30728e-14
-9.97681e-14 3.28298e-13 -6.17163e-14
-2.77176e-11 -8.26664e-11 6.07611e-11
1.60209e-14 3.96606e-13 1.43554e-13
-1.29519e-11 -9.11447e-12 -1.91201e-12
1.03958e-13 3.81805e-13 1.53279e-15
-2.79157e-13 -2.15856e-13 -7.02147e-13
2.61436e-11 5.20811e-11 1.34642e-11
-3.54925e-12 -7.54302e-13 -3.76821e-12
-5.55524e-11 -6.8739e-11 5.18264e-11
1.85736e-11 1.12846e-11 -5.50801e-13
-2.59248e-13 5.963e-13 2.81566e-13
1.21489e-12 1.71077e-12 -7.87985e-13
6.18938e-20 -1.10301e-19 -1.79542e-19
-9.89321e-13 5.99598e-13 2.97417e-14
2.70603e-13 9.9833e-14 -2.7636e-13
-6.70162e-13 3.97967e-13 1.50535e-13
2.08179e-12 -9.11385e-12 1.56472e-12
-5.5056e-12 1.60663e-12 7.54168e-14
2.61213e-11 4.53503e-12 2.39193e-12
-9.6655e-13 1.66196e-12 4.98569e-13
4.94537e-12 -1.77609e-12 -5.52313e-12
2.86426e-11 -9.60721e-11 -1.14715e-10
4.32587e-14 4.36642e-13 -6.49642e-14
3.12985e-12 -2.00563e-12 -3.31443e-12
6.67447e-12 -5.5277e-12 6.91496e-13
-2.74601e-11 -1.59646e-11 2.64204e-11
9.06083e-18 1.98886e-22 -6.9181e-15
-2.78784e-11 4.33349e-10 7.60037e-11
-9.67664e-13 -1.45863e-12 -9.85583e-14
-2.13327e-15 -1.41465e-14 1.86307e-13
7.14135e-13 7.17199e-13 -1.00362e-13
3.23966e-13 -3.60493e-14 3.3902e-14
-1.11328e-12 -3.28909e-12 2.0343e-12
2.50397e-10 -1.34877e-09 -3.0032e-10
1.37972e-11 -7.38642e-13 -2.77082e-12
-7.43421e-12 -9.33559e-12 1.24799e-11
-1.76559e-11 8.78073e-12 1.94874e-12
6.03153e-18 1.24781e-21 -4.60544e-15
1.27001e-12 -1.24429e-12 7.8587e-13
1.00567e-12 -2.40458e-11 2.50645e-11
5.98239e-13 1.76922e-12 1.8129e-12
3.59197e-15 6.20025e-14 5.55092e-14
-4.23185e-12 -4.75373e-12 5.26394e-12
-1.30265e-11 -2.03134e-11 9.33239e-12
-1.16171e-11 -8.72393e-12 -4.90889e-12
6.39143e-13 1.08768e-12 -1.01418e-14
-8.26682e-13 1.78987e-12 -5.12904e-13
2.76619e-11 4.38536e-12 1.15053e-11
-1.61271e-10 -4.85963e-10 1.21521e-10
-6.01664e-13 2.53863e-12 1.19512e-12
-5.79552e-12 -6.20125e-12 2.46661e-12
-1.55077e-13 1.4607e-13 1.1655e-13
1.0201e-14 -6.93947e-14 1.44051e-14
-1.60109e-13 3.07879e-13 1.56867e-14
-6.54247e-13 1.47159e-12 -1.30931e-12
-2.33866e-11 1.21502e-11 1.59643e-12
-1.60458e-12 2.35936e-12 -2.52456e-12
-1.35288e-11 -4.54524e-12 1.00158e-11
3.89814e-12 -1.50231e-11 3.12358e-12
2.21456e-12 -4.14735e-12 -1.4096e-12
-6.12832e-13 7.44287e-13 3.06256e-13
9.95756e-12 4.6121e-11 -1.37802e-11
5.8232e-12 4.98203e-12 -2.53707e-12
7.2799e-13 2.8629e-12 -4.69807e-13
8.02088e-13 1.78418e-12 3.68253e-13
-1.17318e-11 5.86606e-12 2.97815e-14
-4.34645e-13 1.69405e-12 -2.32315e-12
-2.76418e-11 6.43567e-11 9.11496e-12
-2.77692e-11 3.44032e-10 9.98764e-11
-8.69856e-18 -1.70461e-22 6.6413e-15
2.17834e-12 1.05841e-12 -2.58717e-13
4.66745e-13 1.3266e-12 4.76156e-13
1.71461e-11 -2.82944e-12 9.13435e-12
-4.05363e-12 -1.14711e-11 -2.31449e-12
-1.57265e-11 -1.34979e-11 -1.00568e-11
1.27541e-11 4.69842e-12 -2.56736e-12
-8.51331e-13 7.48724e-13 1.15426e-13
3.2944e-11 1.22836e-11 -5.19873e-11
-3.19402e-09 6.69711e-09 8.82524e-09
-3.68252e-12 -1.56074e-12 3.23868e-12
3.24684e-12 8.70534e-12 -6.06202e-12
4.58986e-11 -2.6302e-12 1.3716e-11
-1.1185e-17 -4.54321e-22 8.53937e-15
4.94933e-11 -1.43719e-10 7.58401e-11
-7.76872e-14 4.8838e-13 -6.85524e-13
-5.25494e-13 4.94032e-13 1.14543e-13
7.89119e-12 1.31518e-10 2.6442e-11
-6.72994e-13 -8.65527e-13 -1.69653e-12
5.92513e-13 1.67312e-12 -4.44838e-13
-2.97007e-12 1.55528e-12 -1.23998e-12
-5.27361e-09 4.39826e-09 -3.42107e-10
-1.88767e-11 1.78534e-12 1.74004e-12
-1.55982e-18 5.89588e-24 1.19087e-15
-3.28983e-14 1.50095e-14 -1.38168e-14
-1.8797e-11 2.00402e-11 3.41361e-12
-2.43509e-12 -3.94174e-13 -1.72158e-13
1.38961e-10 -2.4921e-10 9.85091e-11
5.163e-10 5.76131e-11 4.10586e-10
-7.66574e-08 2.6182e-11 -2.20369e-08
-1.9429e-11 1.02637e-10 -2.18425e-11
-1.11803e-11 -1.92135e-11 -2.91624e-11
6.44735e-12 1.60718e-12 1.34837e-13
-2.50035e-14 1.29222e-13 1.54038e-14
3.61776e-12 -4.17752e-11 -3.90632e-12
1.66224e-12 -3.32294e-12 2.66992e-12
-1.6735e-12 -3.09309e-12 -2.49487e-14
1.49932e-13 2.27106e-13 -3.9853e-14
-1.81573e-12 1.73445e-12 -4.50558e-13
-2.09005e-11 -5.58972e-11 3.61797e-11
2.93197e-11 1.63414e-11 3.53045e-12
-7.92094e-13 3.69094e-13 -2.01481e-15
-1.67767e-14 5.51721e-14 7.28323e-15
-1.5996e-11 -2.30281e-11 -1.39523e-11
-2.82439e-15 -3.73685e-14 -3.64016e-16
1.39529e-11 -5.22595e-12 1.74463e-12
1.46415e-11 3.30438e-12 -1.48734e-12
-2.05505e-12 1.63207e-12 8.03131e-13
-3.0037e-12 -1.23494e-11 9.71633e-12
-2.41719e-12 1.73439e-12 -3.36205e-13
4.63371e-12 5.81169e-11 1.25387e-12
-2.11166e-12 1.768e-12 -2.71946e-12
1.51495e-13 4.80471e-12 -2.63177e-12
1.6971e-11 -1.09589e-11 -3.47304e-11
9.57102e-13 1.19552e-13 5.6999e-13
9.53542e-12 5.61346e-12 6.68131e-13
-1.94781e-12 1.1978e-12 -1.44672e-13
4.5214e-12 -1.72741e-12 -4.09082e-12
-7.75202e-13 -5.16644e-12 -1.0634e-11
-7.52091e-12 2.94688e-11 -5.69855e-12
-2.76078e-11 1.22636e-11 2.26331e-12
-3.92439e-13 5.27166e-13 1.83784e-13
-9.82665e-12 2.9974e-11 -2.70983e-11
-8.98936e-13 1.74479e-12 6.97026e-13
8.84714e-14 4.02913e-14 1.7648e-14
3.86247e-12 8.6369e-14 -3.19135e-12
-1.52875e-13 4.24739e-13 1.33469e-13
-3.21509e-12 1.45832e-12 -2.82633e-12
-3.88991e-12 4.11958e-11 -8.63826e-12
-1.27254e-12 -5.88885e-12 -1.69819e-12
-8.28751e-11 -1.2427e-11 5.82073e-11
-5.17025e-13 1.72178e-12 1.27118e-12
-2.06437e-12 9.34497e-12 1.20673e-12
-2.76331e-12 2.10048e-12 -2.34762e-12
2.74357e-11 -2.54512e-11 3.10506e-11
1.30096e-11 3.41812e-11 -1.11797e-11
-4.23231e-12 3.0643e-11 7.59251e-12
9.22202e-12 1.74677e-11 -2.75574e-12
-1.5022e-11 -1.87936e-11 1.5725e-11
1.07828e-17 2.96382e-20 -8.23289e-15
-1.53142e-12 1.54467e-12 3.59623e-13
2.6886e-12 3.66908e-12 5.96426e-14
3.66917e-12 1.60945e-12 -2.07581e-12
-1.08711e-12 1.81787e-12 3.58672e-13
-1.55361e-12 8.57981e-13 6.5426e-14
-2.12684e-11 -3.65983e-11 1.72147e-11
1.5148e-11 1.21449e-11 -2.96458e-12
-7.91937e-12 8.71867e-12 -4.97107e-12
-1.95064e-12 1.29884e-12 -6.9538e-14
-1.03002e-12 4.89591e-12 2.6565e-12
-1.1184e-17 -1.90524e-22 8.53937e-15
2.09245e-11 3.65887e-11 1.01789e-11
9.08048e-18 2.75074e-21 -6.93359e-15
-1.18803e-11 9.64514e-12 5.09531e-13
2.16452e-10 5.21024e-11 7.33778e-11
-2.10682e-13 1.15464e-12 -3.48775e-13
-3.23928e-15 2.15467e-14 2.81605e-13
-2.67672e-11 5.26336e-12 5.53955e-13
1.70384e-12 1.71315e-12 -5.24408e-13
-2.36455e-10 -1.12746e-10 1.43183e-10
4.30742e-12 2.42875e-14 1.80628e-12
3.65464e-20 -4.74966e-20 -1.76825e-19
2.54183e-13 5.32329e-13 -2.36359e-13
-1.58249e-13 -2.23127e-13 9.66907e-14
-3.51743e-13 1.17369e-13 9.50793e-14
-1.67582e-12 1.71977e-12 1.43593e-12
-1.62493e-12 1.4931e-12 -1.72274e-12
3.83686e-12 5.11869e-12 -4.47664e-14
1.98099e-12 1.73446e-12 4.10464e-13
9.67377e-13 2.18037e-12 -1.10316e-12
-2.1332e-15 -1.41465e-14 1.86307e-13
-2.55335e-12 1.54966e-12 3.40561e-13
-5.12974e-12 5.08329e-12 -1.06344e-12
-3.4061e-13 1.61738e-11 1.32214e-12
-1.63178e-12 1.12159e-12 1.53221e-13
2.20325e-11 2.72163e-11 5.33421e-12
3.56473e-15 1.90828e-14 -2.18296e-13
-1.72447e-12 -1.73978e-12 7.64825e-13
-3.14962e-12 -4.89957e-12 5.95997e-12
7.56079e-12 1.34723e-12 -4.44271e-12
-2.09072e-13 3.45375e-13 1.69927e-13
6.03128e-18 2.34039e-22 -4.60544e-15
-3.77326e-11 -2.47667e-11 7.24219e-11
1.11799e-09 9.33026e-12 9.3902e-10
2.2057e-11 3.6345e-11 -3.32671e-12
-5.36055e-12 -3.24102e-12 -1.8957e-12
3.26649e-14 -7.8566e-14 9.09034e-14
1.17105e-11 8.22374e-12 5.53165e-12
1.1805e-11 1.19851e-11 -1.08623e-11
2.80844e-13 -1.74592e-12 -1.06127e-12
1.86824e-11 -9.59176e-13 5.48395e-12
6.59414e-12 -1.21837e-11 -7.07863e-12
1.49332e-11 4.5215e-12 7.43324e-12
1.51652e-11 8.6074e-12 -5.60565e-12
2.35053e-11 8.59009e-12 -2.21206e-12
4.71829e-12 -7.71957e-11 1.03747e-11
1.93503e-12 -8.62331e-12 -5.21923e-12
1.26756e-11 -1.11346e-12 -1.12701e-13
-6.43618e-11 9.95336e-12 3.73788e-11
-2.75671e-11 -1.31007e-11 7.6442e-11
6.33761e-12 2.11985e-11 1.31518e-11
3.36e-12 1.71088e-12 -5.02454e-14
6.37824e-12 4.5282e-12 -1.69324e-12
-1.35278e-11 5.11662e-11 1.63918e-11
5.3386e-11 1.23824e-11 1.98347e-11
2.74124e-11 5.21131e-12 -5.99191e-12
2.76886e-11 3.51985e-11 -8.9912e-11
-7.68833e-13 3.84827e-13 6.04445e-16
-1.12271e-12 5.21804e-13 3.34866e-14
1.38931e-10 2.94047e-11 1.43809e-10
1.54877e-11 5.47333e-11 1.13937e-11
-1.65799e-12 2.08833e-12 7.64047e-13
1.33649e-12 3.57536e-11 3.84503e-12
5.65765e-12 2.06649e-12 1.88365e-13
1.6776e-12 -2.92877e-13 -8.05464e-13
7.73379e-12 1.85662e-12 -2.01434e-12
2.20913e-14 2.77102e-14 2.55167e-13
-3.41399e-12 -1.81818e-11 2.64731e-12
-1.26287e-12 1.73736e-12 -3.15368e-12
-4.35055e-12 5.21093e-12 -7.65695e-12
-3.09897e-14 3.86798e-15 -9.86966e-15
-2.52675e-11 -8.91516e-11 3.4815e-11
-2.77473e-11 -2.40484e-11 -4.68075e-12
7.2469e-10 3.98434e-10 4.6456e-10
2.57662e-13 3.64093e-13 2.51942e-13
-6.78466e-12 8.66992e-12 -1.70965e-12
4.1796e-11 -7.06503e-11 -4.44017e-11
-1.432e-12 1.75666e-12 3.98033e-13
-1.0518e-11 5.20739e-12 -5.59369e-13
2.28172e-11 5.58232e-12 9.96901e-12
-1.0328e-11 5.49719e-11 2.01546e-11
2.76733e-11 -4.11937e-11 -5.72683e-11
-2.67768e-12 4.90892e-13 -1.09079e-13
4.36445e-12 1.96563e-11 -1.02612e-11
-4.73362e-14 1.95883e-12 1.20555e-12
1.64072e-11 6.56619e-12 -5.29251e-12
-1.33275e-11 1.35465e-11 9.1818e-12
1.35427e-13 -1.49406e-13 -1.07737e-13
-7.46321e-13 4.68813e-13 4.92484e-14
-2.04097e-11 1.55804e-11 3.35594e-12
1.98976e-13 1.73381e-12 -5.25771e-13
2.59375e-11 1.67337e-11 2.15796e-11
-1.23476e-11 -3.2039e-11 1.10262e-11
-1.42689e-12 -1.06831e-11 -2.82864e-11
-2.24765e-11 -9.65541e-13 6.26301e-12
-3.61359e-12 6.04567e-13 6.67472e-13
2.49512e-09 5.45044e-10 2.09342e-09
-1.70383e-10 -3.03597e-10 1.06011e-10
1.20544e-13 1.26527e-13 1.8925e-13
-6.74453e-12 -1.44969e-11 5.74588e-12
-3.25348e-12 1.24037e-12 2.47457e-13
-2.50121e-11 -1.76122e-11 3.05225e-11
2.72213e-11 1.01724e-10 4.07702e-11
3.78735e-13 3.8695e-13 -1.75756e-13
3.02502e-12 2.95507e-12 6.33125e-13
1.25162e-11 9.85812e-12 -8.19445e-12
-1.10631e-11 1.57631e-11 7.47132e-12
-6.01044e-14 4.7538e-14 -3.43668e-14
-9.62517e-12 5.84997e-12 9.74787e-13
2.5848e-11 1.56439e-11 2.07169e-11
-2.70665e-11 9.07435e-12 4.07986e-11
1.04164e-12 8.08361e-13 8.27147e-14
-1.58173e-11 -1.36781e-11 1.42233e-11
-9.46236e-18 9.32659e-21 7.22451e-15
2.01084e-11 7.89081e-11 -1.73202e-11
-4.22355e-12 -2.22616e-11 -1.51478e-12
1.52073e-12 9.7136e-13 -1.10786e-12
-5.71529e-12 -3.6537e-11 4.53193e-12
-8.23878e-13 2.30667e-12 5.07463e-13
7.1291e-11 2.45268e-10 7.51738e-11
1.99112e-13 6.15473e-13 2.70424e-13
-2.7819e-11 -8.43244e-11 7.19928e-11
-5.78181e-13 1.73046e-12 1.9154e-13
9.07086e-11 -5.6345e-11 6.98355e-12
6.03132e-13 2.51902e-12 7.27969e-13
-2.72748e-15 -6.49969e-14 2.80781e-13
1.85066e-11 1.31588e-12 1.27613e-11
-1.9801e-12 -2.6708e-14 2.06337e-13
-4.20407e-12 -2.85064e-11 -4.62871e-12
2.19769e-14 1.5243e-13 1.0183e-13
-2.02992e-17 8.32667e-14 2.74514e-13
-5.59446e-12 1.73397e-11 1.14152e-11
-3.36572e-12 1.36254e-11 -4.42142e-12
8.11183e-15 -1.31983e-14 -2.66656e-14
-2.77785e-11 -2.64778e-10 6.46815e-11
-1.11929e-12 1.41291e-12 1.71009e-13
-6.9376e-20 2.04335e-20 -4.92758e-20
-7.86942e-12 2.31064e-12 4.66722e-12
1.37012e-10 -3.25942e-11 -1.70966e-10
7.42441e-13 5.45354e-13 -1.00455e-13
-1.61535e-11 5.17829e-11 1.39702e-11
-2.891e-11 2.65425e-12 4.92597e-12
-1.17231e-12 2.75942e-13 5.18022e-13
-8.35031e-11 1.103e-10 9.65381e-11
-9.16982e-12 5.13383e-12 3.1382e-12
-1.45796e-11 1.73897e-12 6.92798e-13
-2.77861e-11 5.46993e-11 1.37815e-11
2.76092e-12 3.62512e-12 2.98449e-12
2.25073e-13 9.89333e-13 8.13699e-13
-5.61086e-12 7.34651e-11 2.92341e-11
-6.0205e-12 5.176e-12 -1.50258e-13
-1.6666e-11 -4.99956e-12 1.10858e-11
2.74176e-11 -1.42889e-11 3.84973e-12
-9.11986e-12 -2.23213e-11 -3.35751e-11
-2.76628e-11 1.40835e-11 3.68789e-12
8.45428e-12 -8.17601e-13 -1.04313e-12
5.51372e-12 -1.7138e-12 3.8485e-12
-7.58716e-12 -7.02912e-11 1.08335e-11
1.00012e-12 6.07636e-12 3.10002e-12
-9.34228e-12 -1.73538e-12 8.59963e-12
-3.58209e-12 7.08987e-12 -4.80232e-12
2.00758e-11 1.00281e-11 -4.56093e-12
-2.44766e-16 -4.51711e-22 -7.22357e-14
1.88699e-12 9.55573e-13 1.159e-13
2.65202e-13 3.64549e-13 6.08902e-13
8.93773e-14 1.73282e-12 2.57495e-12
-4.9083e-12 1.0258e-10 1.23418e-11
-3.87921e-12 5.69345e-12 -1.99467e-12
-7.7373e-13 3.99375e-13 9.54065e-14
-2.73986e-11 9.30381e-12 7.18296e-12
3.96103e-11 -1.39776e-10 -5.50381e-11
-1.14833e-10 1.14938e-11 8.90565e-11
8.32512e-11 -2.12745e-10 -2.55092e-10
2.27848e-11 2.46832e-12 -2.28285e-12
5.95225e-12 2.57678e-12 -1.49658e-12
-3.14855e-12 -6.70361e-13 4.13073e-12
-2.78078e-11 1.88607e-11 3.04484e-12
-2.20868e-11 -2.50517e-11 1.25626e-11
6.45417e-12 4.64358e-13 -2.39733e-13
1.94101e-13 -5.2025e-13 -3.56744e-14
2.70713e-11 -1.45309e-11 -4.19596e-11
5.5233e-18 4.23595e-20 -4.21679e-15
-1.15164e-11 7.15487e-12 1.56885e-12
-3.13604e-11 5.20288e-11 4.63094e-11
-8.42501e-12 2.12967e-12 4.5341e-13
7.58096e-13 1.77275e-12 1.4785e-12
3.10354e-13 1.12368e-11 6.84579e-12
7.5705e-12 2.37172e-11 4.38702e-12
-7.20797e-12 -1.7202e-12 3.51277e-12
2.59187e-14 4.68715e-15 -2.79902e-15
2.19398e-20 -3.57806e-21 1.06576e-20
1.21191e-11 5.22187e-12 -8.00763e-13
-1.68474e-12 1.72374e-12 2.28807e-13
-1.66447e-12 4.72237e-13 -1.87556e-13
-3.07908e-13 8.77244e-13 4.42025e-13
2.62978e-11 1.18933e-10 3.65678e-11
6.29136e-11 7.51296e-11 1.23804e-10
-2.77473e-11 -3.25923e-11 4.03306e-11
-4.55399e-12 2.20402e-12 -2.27793e-12
-1.66821e-13 2.22165e-12 2.88496e-12
-1.90559e-11 1.5751e-10 7.55199e-11
-1.36501e-12 7.21421e-13 2.23818e-13
7.45551e-12 -4.06484e-12 4.07455e-12
-1.02656e-14 8.17155e-15 -6.732e-15
-6.3159e-19 -4.99146e-20 4.82091e-16
2.59356e-11 9.79586e-12 7.37852e-12
-1.3566e-11 2.9567e-11 -5.76917e-12
3.99354e-11 -1.18996e-11 2.82922e-11
1.16156e-11 2.60364e-11 1.54864e-11
-2.08028e-12 -2.9185e-11 -3.82146e-12
-1.15641e-12 5.17108e-13 3.76519e-13
-1.77024e-12 8.85577e-13 -1.54154e-13
-4.37778e-12 -1.1719e-11 5.2104e-12
-3.40077e-12 1.72624e-12 -3.72183e-13
7.73605e-13 1.71712e-12 1.63406e-13
3.7821e-12 5.18207e-12 -3.18758e-12
-9.4106e-15 1.60212e-12 1.81907e-12
2.46661e-11 -4.09002e-11 3.80682e-11
2.68501e-11 2.31874e-11 -5.52731e-12
-2.7404e-11 5.41868e-11 1.41392e-11
2.15351e-11 8.2367e-12 -5.31607e-12
-1.89077e-12 1.73673e-12 8.27713e-13
2.77968e-11 -7.36299e-12 8.71687e-12
1.52738e-15 -3.68195e-14 -1.58621e-13
1.07465e-10 -2.73538e-10 -6.64675e-11
3.98835e-15 9.03999e-15 5.69037e-14
-7.46078e-16 1.79853e-14 7.74819e-14
1.68184e-11 2.4098e-10 3.81726e-11
-2.24116e-11 4.12379e-12 3.98195e-13
-2.64502e-11 3.68239e-11 1.57577e-11
3.20958e-11 -1.88368e-11 1.69737e-11
3.55083e-12 1.93209e-11 -1.53615e-11
-8.38802e-12 1.57298e-12 1.80126e-13
-1.34412e-12 1.73642e-12 1.6309e-14
-1.73474e-11 -1.4519e-12 7.68026e-15
-6.21256e-11 -5.52109e-11 8.48244e-11
-7.30732e-12 7.10067e-11 -2.46236e-10
-7.87428e-12 8.91167e-12 -2.95441e-12
-6.58354e-13 -2.61767e-13 -1.68616e-12
-1.55243e-10 1.81343e-10 -1.87789e-10
-8.25632e-14 1.69753e-12 3.24319e-13
1.24054e-12 -4.31536e-12 1.25221e-11
-6.32946e-12 5.2505e-12 9.43557e-12
-9.89112e-13 7.05868e-13 3.4484e-13
2.7846e-11 9.68747e-12 2.71781e-12
6.5345e-12 -2.55628e-14 3.17684e-13
-2.36455e-12 8.70728e-13 3.79088e-13
7.53222e-20 -4.12935e-20 4.75907e-20
2.34911e-11 5.25632e-11 -3.87326e-12
-4.47642e-12 1.71522e-12 1.88763e-13
2.76717e-11 2.01517e-12 -1.04544e-11
-4.19142e-12 1.13447e-11 -2.37326e-12
2.759e-11 -2.86298e-11 -1.74654e-11
-3.15544e-13 2.61841e-13 -8.88545e-15
-2.13323e-15 -1.41466e-14 1.86308e-13
2.78725e-11 -1.67447e-11 2.76188e-11
-3.75975e-12 9.40155e-13 2.05845e-13
8.85185e-10 -4.18051e-10 2.49187e-10
-2.03813e-14 2.92013e-14 4.13579e-14
-2.63373e-12 1.73168e-12 6.54692e-13
7.01555e-12 6.32162e-11 1.03775e-11
1.33143e-12 1.73537e-12 9.11882e-13
4.07277e-12 -1.20251e-12 1.42087e-12
3.85019e-11 5.9695e-11 -8.83527e-12
-1.1421e-11 2.94353e-12 5.72538e-12
-2.83046e-12 1.21034e-12 4.64128e-13
-4.72637e-12 1.33883e-12 -2.10314e-13
-2.67951e-14 -3.83199e-12 6.38939e-13
-1.30909e-11 6.38404e-12 8.58372e-13
-2.71996e-11 4.01667e-11 -8.50885e-14
-1.32139e-12 -2.57416e-12 6.47386e-13
-2.91219e-11 1.70862e-11 4.59957e-11
-8.24282e-12 9.9622e-11 -9.37413e-12
-2.85817e-19 -5.22402e-19 4.8208e-16
1.37597e-12 1.1719e-11 9.93764e-12
5.40031e-12 -5.34607e-12 3.13771e-12
-2.29334e-12 5.18813e-13 6.45446e-13
-5.92933e-14 -2.57522e-14 5.87657e-15
3.06406e-10 -7.42797e-10 5.02886e-10
-1.2641e-11 4.20533e-12 -1.97207e-11
-1.91371e-12 -2.71953e-13 -1.06978e-12
-7.24641e-12 1.79402e-12 4.99058e-12
-2.4476e-16 -2.10506e-22 -7.22337e-14
-2.26468e-11 2.5864e-11 4.48117e-12
4.53647e-12 3.83533e-11 1.13286e-11
-2.28777e-10 3.76758e-10 -3.27498e-10
-9.19119e-13 1.1406e-12 4.00995e-12
-1.84156e-12 1.69816e-12 1.63593e-12
-2.7241e-11 9.09382e-13 -1.88553e-12
1.89485e-11 -7.08314e-11 7.09427e-12
-6.03458e-12 1.52108e-11 9.26128e-12
6.92699e-12 1.60762e-12 -9.51737e-13
7.2389e-21 -4.15705e-19 -1.85473e-18
1.85143e-13 6.65595e-14 1.07937e-13
1.61583e-11 9.94019e-12 2.59221e-12
1.57842e-13 -9.81251e-13 5.20558e-13
6.02107e-12 3.24797e-12 -2.56569e-12
2.05588e-11 -5.15244e-12 1.84328e-11
-1.78418e-11 4.83882e-12 2.32676e-12
1.11841e-12 1.75183e-12 1.86049e-12
-2.19528e-11 9.59752e-12 4.29465e-12
7.07566e-12 -2.38801e-11 1.56183e-12
-7.91619e-12 -9.91672e-13 -2.51612e-13
-9.13619e-12 6.59169e-12 2.36582e-12
-9.66148e-18 -4.41279e-21 7.37626e-15
9.22051e-13 -4.4736e-12 2.12078e-12
6.44794e-16 4.2758e-15 -5.63117e-14
-1.68398e-12 -1.14191e-12 2.83356e-12
-3.04264e-12 1.2842e-12 -2.47834e-14
1.1583e-11 -4.76807e-12 5.1389e-12
9.61839e-12 2.56568e-11 1.47467e-12
7.9606e-12 6.1451e-11 1.42963e-11
-5.69229e-18 3.51978e-21 4.34637e-15
2.75475e-11 -6.72721e-12 -1.58365e-12
-2.77861e-11 1.03664e-11 2.64162e-11
1.84723e-12 1.71637e-12 1.05212e-12
-7.51441e-12 8.97013e-12 4.6158e-12
3.9586e-12 2.12625e-13 4.99704e-13
2.27025e-11 6.83092e-11 1.8334e-11
2.05638e-12 1.7351e-12 1.45206e-12
-1.58147e-11 1.84734e-11 4.51929e-12
-1.2323e-16 1.41156e-14 5.6033e-14
-5.05544e-14 -3.74825e-12 5.19543e-13
7.46574e-12 3.31601e-12 8.87366e-14
1.23821e-12 -1.08432e-12 -2.17587e-14
-1.78545e-12 -3.80298e-13 1.40517e-13
8.17614e-14 1.13122e-13 -1.43027e-13
-3.10806e-13 -8.08084e-15 -3.95738e-13
-2.77379e-11 1.34243e-10 -1.77644e-11
1.55905e-11 1.56206e-10 -1.2521e-11
-5.0006e-12 1.41048e-12 -5.95577e-13
-3.17562e-11 -1.26391e-11 -1.14992e-11
-1.37269e-11 1.58747e-11 5.5193e-12
3.05151e-10 1.23443e-10 1.36092e-10
-5.7982e-12 4.84316e-12 4.82658e-12
2.53906e-11 -3.01087e-11 8.63167e-11
-3.21173e-19 9.60923e-20 8.22876e-20
-7.46057e-16 1.7985e-14 7.748e-14
1.77321e-17 4.01924e-17 2.53024e-16
-7.33893e-12 6.76597e-13 3.19644e-12
3.64485e-13 -2.55835e-13 -3.82132e-13
4.82474e-14 -8.33936e-14 -4.41883e-14
9.17337e-10 7.97096e-11 8.4764e-10
1.61682e-11 1.28161e-11 -5.2233e-12
1.87499e-12 -8.42111e-12 1.75984e-12
-3.02165e-12 1.83254e-12 5.86647e-13
7.63341e-14 8.42805e-13 -1.42571e-13
-2.06484e-13 1.77284e-12 2.13881e-12
-6.72879e-12 7.48053e-11 -1.44769e-11
1.01321e-15 -6.73959e-15 -8.80823e-14
1.80391e-11 -6.1966e-13 3.99618e-12
6.33613e-12 -2.28141e-13 -1.30779e-12
1.57145e-12 -3.18426e-13 -2.18733e-13
-2.20982e-13 1.73399e-11 5.35086e-12
-1.18459e-11 1.98982e-12 3.29245e-12
-2.7782e-11 -1.28431e-11 -1.52224e-11
2.81667e-11 1.45221e-10 -6.67411e-12
-2.76342e-11 1.78652e-12 -3.61887e-11
-3.86926e-12 1.73318e-12 -1.52958e-13
2.78324e-11 -1.77421e-11 5.38593e-11
1.80716e-11 1.81539e-11 6.37104e-12
-3.66814e-12 1.74604e-12 4.81425e-13
-1.68115e-12 7.08544e-12 -1.24483e-11
2.67376e-11 -3.18398e-11 -1.66069e-11
-1.05893e-10 1.5642e-10 1.00793e-10
5.43126e-12 3.47361e-12 5.99429e-13
-5.62491e-14 -4.81897e-14 -3.56224e-14
1.38955e-10 4.48231e-10 1.0621e-10
1.38879e-10 3.47197e-10 1.53163e-10
-3.31664e-11 -8.26608e-12 -1.33009e-11
2.71784e-11 -1.28996e-11 2.26923e-11
-6.63774e-16 4.88476e-21 -1.95892e-13
1.04412e-11 -1.10886e-11 1.39237e-12
1.94513e-12 -6.56368e-13 4.77098e-13
2.70075e-11 -4.15568e-12 -3.04085e-12
2.75356e-11 -3.49257e-12 7.07927e-12
3.64548e-13 -1.37341e-12 -7.16971e-14
-5.98851e-12 8.46499e-12 -1.0602e-12
9.19027e-11 -1.42113e-10 1.85926e-10
-1.36466e-10 7.09586e-11 -1.39286e-11
-4.23121e-12 6.50285e-12 7.95098e-12
-9.77734e-19 5.18941e-19 4.82083e-16
-2.7023e-12 1.60396e-12 -3.06293e-13
2.53254e-10 -2.66716e-10 -3.62217e-10
-2.29713e-12 1.74636e-12 4.88384e-13
8.07367e-20 8.72135e-20 -7.40291e-20
-3.58497e-12 2.63665e-12 2.85983e-12
5.23247e-12 -5.07903e-12 3.9449e-12
-2.00404e-13 -6.71908e-13 2.64217e-13
8.88127e-12 -1.023e-12 5.02914e-13
8.92401e-11 -4.93155e-11 -2.43271e-11
9.31441e-12 1.73653e-12 1.5277e-12
-2.87948e-11 -3.8544e-11 -1.90177e-11
1.05677e-10 -7.92112e-12 -3.44852e-11
2.08172e-19 5.01337e-20 -6.92277e-21
8.85991e-11 -3.04928e-10 1.65603e-10
7.26787e-12 -1.00666e-12 3.87288e-13
-8.68508e-12 1.07254e-12 7.74086e-13
2.05655e-11 1.78187e-11 1.17198e-11
7.88022e-12 -2.71556e-12 3.39847e-12
-3.78094e-12 2.89743e-12 -1.10501e-12
2.77435e-11 -4.4639e-11 -2.03649e-10
2.79448e-11 1.08813e-10 8.59439e-11
-2.36349e-12 -6.92576e-13 8.72681e-13
2.48279e-11 2.2965e-11 -3.56153e-12
1.13169e-10 1.78099e-10 1.04958e-10
-1.87368e-12 6.09425e-13 6.30583e-13
-1.44493e-11 1.73691e-12 9.54688e-13
-6.27153e-12 9.11996e-12 -2.40417e-11
2.77348e-11 -9.99056e-11 -3.93951e-11
8.36267e-11 -4.3537e-10 4.84334e-10
8.29414e-11 5.57925e-11 3.42073e-12
-1.82178e-15 1.2118e-14 1.58376e-13
-1.3538e-12 -1.41204e-12 8.92602e-12
5.08485e-19 4.80059e-20 -1.14304e-18
1.77772e-11 4.57255e-12 -1.206e-11
-8.85964e-13 9.8034e-13 1.6814e-13
1.39209e-10 -1.71141e-10 3.09656e-10
2.05587e-15 1.36333e-14 -1.79547e-13
-7.14114e-12 2.15764e-12 5.71271e-13
-8.19605e-12 -1.99759e-11 -5.6475e-12
8.57921e-12 -4.6641e-12 1.93293e-12
6.1069e-13 -4.20665e-12 3.9143e-12
-1.19229e-11 6.75306e-12 -1.49432e-11
-1.14722e-12 1.71684e-12 3.5483e-13
2.59994e-11 -2.73312e-11 1.20977e-11
-9.46209e-12 9.87952e-13 2.23853e-13
3.24832e-12 -3.96637e-12 2.64398e-12
-6.19458e-20 9.16035e-20 3.60586e-20
-3.24869e-19 2.62932e-19 3.06363e-21
4.62156e-12 -1.70739e-12 3.16619e-13
-1.74098e-11 3.45728e-11 2.7004e-12
1.99246e-10 2.35176e-10 2.30707e-10
-2.76937e-11 -3.07679e-11 2.11781e-11
-2.74133e-11 -1.77835e-11 -5.34563e-12
6.02684e-12 -7.38885e-13 2.56076e-12
-1.33584e-13 1.55681e-12 -1.7596e-13
1.41079e-13 1.65604e-12 1.48843e-12
-3.14454e-12 2.05418e-12 7.73347e-13
1.19215e-12 -5.20425e-12 -1.02894e-12
-2.04269e-13 -4.36522e-14 -2.54362e-13
-5.23946e-11 1.15633e-11 -2.01583e-11
8.31088e-11 9.91334e-11 6.92563e-11
-4.9348e-11 -1.83984e-11 -1.44143e-10
-2.85855e-11 -2.89989e-12 1.8495e-11
-1.70487e-11 5.08831e-11 2.13814e-11
4.90321e-12 1.58679e-12 6.91945e-13
5.97416e-12 9.79911e-14 1.74378e-12
5.03702e-11 -1.06931e-10 -3.9214e-11
-1.09221e-12 8.82598e-12 1.00449e-11
-3.94605e-12 -2.37738e-15 -1.07424e-12
1.38133e-10 -2.37845e-10 -9.18605e-11
-1.14509e-11 -3.51845e-11 5.98909e-12
1.27009e-11 5.28455e-11 1.87034e-11
-1.47206e-11 1.36377e-12 2.13277e-12
1.78742e-15 4.25939e-14 -1.84002e-13
3.3446e-11 9.16523e-12 2.05547e-11
-1.47783e-11 1.57276e-12 5.08237e-12
8.1916e-13 1.37782e-12 7.12496e-13
-1.48809e-11 1.9148e-11 9.00958e-12
-2.80251e-11 -5.67923e-11 -7.37582e-11
1.24283e-20 5.81904e-20 -9.21362e-20
-9.84186e-12 4.09071e-12 5.10346e-12
-7.60949e-13 -4.19017e-13 -1.61969e-13
-3.44349e-13 3.46444e-13 1.27761e-13
4.1751e-14 2.67874e-12 -7.80981e-13
-2.76553e-11 2.20272e-10 6.23307e-12
-2.69916e-11 7.58502e-12 2.52957e-11
2.66628e-12 1.35756e-11 -6.27319e-12
2.14927e-11 -1.20651e-11 4.01844e-12
-9.05288e-12 -1.6461e-12 -5.78687e-13
9.49153e-18 -2.41772e-20 -7.24676e-15
2.80496e-11 1.77258e-11 -2.07974e-11
6.83196e-12 -3.2119e-11 -6.93451e-11
-3.7886e-12 5.2028e-12 1.67159e-12
-3.4486e-12 -4.066e-13 5.52167e-12
2.46324e-12 4.0287e-13 1.67987e-12
2.79093e-11 -8.79148e-11 1.09877e-10
4.95378e-11 3.67074e-10 -1.15772e-11
-1.76282e-11 1.76302e-12 2.00848e-12
-6.9914e-12 2.38438e-12 -3.03497e-12
-1.3233e-11 1.79593e-12 2.84101e-12
2.00192e-12 -5.04602e-12 4.95268e-12
4.38186e-13 -1.34324e-12 7.63893e-12
-9.37169e-12 1.3196e-12 1.31042e-12
-2.89314e-12 2.52405e-12 4.65704e-12
-8.38798e-11 1.66022e-10 2.52275e-10
9.7771e-12 7.37382e-13 2.83436e-13
-1.02357e-11 -2.4423e-12 1.01728e-12
-1.52307e-11 1.43178e-11 4.73085e-12
-4.67188e-12 6.83188e-13 2.77891e-13
2.01709e-11 -2.06165e-11 8.67978e-13
-4.79346e-12 1.6351e-11 3.39894e-12
-3.63852e-12 -5.45916e-12 4.21085e-12
-1.2042e-11 -2.19064e-10 3.11535e-10
6.16527e-14 9.85389e-14 -3.23605e-14
2.66669e-10 -7.17781e-10 4.82869e-10
-5.029e-12 3.71308e-12 3.35294e-12
-2.76942e-11 1.41075e-11 2.46787e-11
-7.22239e-16 -4.78924e-15 6.30733e-14
6.15416e-10 -1.10328e-09 6.0314e-10
-2.17091e-12 1.1356e-12 2.40051e-12
2.18488e-12 -9.23053e-13 -5.25689e-14
1.39237e-11 -1.72935e-12 2.60318e-12
-8.42108e-12 1.85292e-12 5.91653e-12
9.60835e-13 1.73409e-12 2.38714e-12
9.04257e-14 -1.87998e-12 2.25394e-12
2.81277e-10 -1.00065e-09 -1.47746e-10
-2.77306e-11 1.33953e-11 -1.6109e-11
1.50285e-11 1.52083e-11 -8.84476e-12
1.40697e-11 -8.66187e-12 -5.79721e-13
-2.43463e-12 9.9733e-13 5.35352e-14
6.84241e-12 -6.03561e-12 5.69747e-13
2.7961e-11 -6.24357e-11 1.86579e-10
-5.71167e-12 2.01637e-12 2.27484e-12
4.61903e-19 1.48076e-20 -3.5236e-16
4.80259e-12 -1.21427e-11 3.0402e-12
8.46847e-12 -1.4044e-11 2.81586e-12
-7.6412e-20 -2.2079e-20 -6.56425e-20
-2.47847e-11 -5.8981e-12 1.80172e-11
1.05112e-13 6.08048e-13 2.43382e-13
-4.74777e-11 7.28944e-12 -5.00926e-11
2.53834e-11 1.7169e-12 -3.22844e-12
1.43692e-11 -9.20588e-12 -1.97148e-11
-1.30692e-11 8.30768e-11 -9.84135e-11
-2.77532e-11 -6.45436e-11 3.27024e-11
-9.46153e-18 1.41577e-19 7.22451e-15
-6.64913e-12 -4.26045e-13 5.95053e-12
-7.63096e-13 2.37822e-12 2.74907e-12
-2.70535e-12 1.60674e-12 -1.23896e-13
-1.17091e-12 1.35331e-11 1.40328e-11
-4.77309e-12 6.44041e-12 2.53371e-12
-2.00037e-11 -1.37556e-11 5.19713e-12
-1.88772e-13 1.7506e-12 1.41976e-12
2.76969e-11 -1.47127e-11 -7.70519e-12
-2.10097e-11 -6.4133e-12 -6.66116e-12
7.49587e-13 -1.19928e-13 -2.59302e-14
1.28697e-11 1.75545e-12 6.35119e-12
-6.92448e-12 4.04498e-11 1.34145e-11
2.7609e-11 2.23947e-10 -1.09973e-12
-2.22315e-12 1.59818e-12 1.2826e-14
1.02016e-13 -3.47271e-12 2.87145e-12
4.42972e-18 -3.43497e-20 -3.38226e-15
2.75424e-11 8.16634e-12 7.57362e-12
1.4832e-11 3.56693e-12 1.18069e-12
-2.19156e-19 -4.72847e-20 3.61245e-20
5.38709e-14 1.38667e-13 7.44202e-14
1.58366e-13 -8.50779e-13 2.94886e-13
-1.92559e-12 9.32666e-13 4.05924e-13
-9.17152e-12 1.22019e-12 4.36341e-13
-1.91265e-11 8.70678e-12 -3.51115e-12
6.89594e-11 7.2058e-12 6.57931e-11
-5.92468e-14 1.96191e-14 2.62388e-13
-9.07864e-12 -2.71409e-12 1.4317e-13
-1.35929e-11 1.74594e-12 1.12509e-12
2.28945e-12 1.73525e-12 1.5107e-12
-6.07754e-12 5.40102e-13 -3.95419e-13
8.78971e-11 -8.59461e-11 5.59507e-10
-9.59655e-12 -5.38361e-13 -4.14789e-12
6.20607e-12 -7.52349e-13 4.58526e-13
-2.75638e-11 -3.36005e-11 -1.83123e-11
5.8002e-12 -6.74305e-12 -3.5256e-11
-1.99093e-10 -4.75467e-11 5.60343e-10
9.60114e-12 -3.27276e-12 4.6823e-12
8.93991e-12 3.66003e-12 7.07499e-14
-7.93036e-12 5.58374e-12 2.20896e-12
-1.05081e-11 -1.45451e-12 1.89732e-12
-3.64413e-12 1.25267e-12 7.47626e-13
3.15144e-12 7.62457e-13 8.91215e-13
3.57782e-09 2.83396e-09 4.01786e-09
3.25467e-12 4.36213e-12 1.26156e-12
-1.19635e-12 -8.04562e-13 -3.14022e-13
1.56048e-10 3.66417e-10 2.13892e-10
1.24481e-11 -1.05689e-12 9.82788e-13
-4.48152e-11 3.27193e-11 2.5384e-11
9.49089e-18 2.99776e-21 -7.24676e-15
1.62355e-10 -1.09688e-11 2.28649e-10
-8.77211e-13 -6.21245e-13 -3.85095e-13
1.62274e-09 3.10916e-10 1.45696e-09
-8.06627e-12 2.05833e-12 5.20079e-12
3.92855e-12 4.82861e-12 1.76625e-12
6.99201e-12 1.58133e-12 9.18953e-13
4.99551e-12 6.54456e-11 -2.4612e-11
2.17806e-11 1.05631e-10 -2.79335e-11
9.61986e-14 -2.91414e-14 2.82732e-14
-1.04508e-15 4.15214e-14 1.05847e-13
6.00652e-12 5.18747e-13 -9.57619e-13
1.30465e-11 -9.72329e-12 2.4865e-12
1.05377e-11 -8.45277e-12 1.85731e-12
1.01827e-11 -8.284e-12 1.13208e-12
1.13299e-11 -1.47213e-11 2.7358e-12
5.81792e-12 -4.86622e-12 1.96271e-12
7.58238e-12 3.75457e-12 6.53741e-12
5.31685e-12 -1.75124e-12 -7.5816e-15
2.43195e-15 -1.61684e-14 -2.11313e-13
2.3861e-12 2.30807e-12 5.4058e-12
-1.01591e-12 1.48258e-12 1.43618e-12
1.22907e-11 1.74086e-12 2.57751e-12
-2.77194e-11 1.65763e-10 1.75694e-10
1.07827e-17 -7.16215e-20 -8.23297e-15
1.90463e-12 -2.7717e-11 1.0172e-11
1.5263e-19 -2.65511e-20 2.9597e-20
7.26214e-12 2.01758e-12 5.13582e-13
2.06412e-12 -6.26769e-12 2.14052e-12
5.07496e-12 4.41863e-12 -2.11087e-12
2.71918e-11 1.9154e-11 5.64456e-12
-3.35897e-12 5.19206e-12 5.82391e-12
-1.68224e-11 -5.28237e-11 -9.59488e-12
1.73391e-12 -1.73572e-12 1.45355e-12
-2.78433e-11 -5.25997e-12 4.61168e-11
-2.80974e-14 1.70646e-12 -6.73056e-14
9.70848e-12 5.46136e-13 2.53498e-12
1.05842e-17 6.87692e-23 -8.08106e-15
-1.46712e-12 1.28163e-12 2.56184e-13
1.74015e-11 -1.01479e-11 3.28287e-12
1.52733e-15 -3.68192e-14 -1.58619e-13
-3.52801e-12 1.10256e-12 2.60315e-13
7.64474e-11 1.99381e-11 -1.30025e-11
2.78337e-11 2.52857e-11 -1.97069e-12
2.77633e-11 2.65987e-11 8.54858e-12
3.68292e-12 3.03859e-12 5.49635e-13
1.01406e-11 -1.72982e-12 -7.55249e-13
4.87891e-12 4.02966e-13 9.16839e-13
-2.16926e-11 1.01012e-11 -9.87909e-12
2.09787e-11 4.28025e-11 -3.16715e-11
1.77608e-12 -5.29962e-12 3.28313e-12
-4.99719e-09 -4.65248e-10 -3.87237e-09
1.05282e-12 -1.52211e-14 7.14275e-13
1.5179e-12 5.08699e-13 -1.11273e-13
2.63482e-12 -3.2343e-12 2.15992e-12
-1.28237e-12 -4.58021e-12 -6.91088e-12
-1.48172e-11 1.37255e-10 1.55493e-10
-2.87911e-12 -5.05626e-12 1.51474e-11
6.54746e-13 3.38972e-12 2.27275e-12
2.93113e-12 -5.80719e-12 4.65631e-12
6.30277e-12 1.73355e-12 2.63313e-12
-9.85782e-12 1.90975e-12 9.63498e-13
2.17154e-12 1.74052e-12 1.78112e-12
-2.87187e-12 2.96442e-13 1.3442e-12
2.19467e-11 5.56595e-12 7.55116e-12
-2.0377e-11 -2.08963e-12 2.21055e-11
2.47771e-13 1.9584e-12 -7.36314e-14
1.14567e-11 -4.08485e-12 2.05555e-12
-2.22283e-12 1.17074e-12 2.48317e-13
9.24068e-14 2.72476e-14 -1.517e-14
3.17135e-12 5.36272e-12 1.06709e-12
-4.15742e-12 1.64644e-12 -3.11065e-13
-5.91834e-13 -1.33352e-13 5.72984e-12

VECTORS force float
-6.99274e-17 5.56011e-16 -4.25923e-16
-9.62912e-17 -1.20665e-16 8.94707e-17
-2.98613e-17 -1.35806e-16 1.91542e-17
-9.86425e-17 -1.57927e-16 -7.09192e-17
-1.0642e-16 4.74947e-16 7.96418e-17
-4.24458e-17 2.92333e-17 -3.02783e-17
0.0 2.124e-26 0.0
5.21646e-17 -1.12209e-16 -7.32668e-17
-1.37759e-17 3.27265e-17 -7.1545e-17
8.27181e-25 6.61744e-24 -6.61744e-24
2.90008e-16 -1.06696e-16 2.61098e-16
0.0 1.30548e-26 0.0
1.2868e-17 -1.83966e-16 9.18927e-17
-3.3758e-16 3.43698e-16 -2.22815e-16
-1.88876e-16 -5.7887e-17 -2.1511e-16
-5.55393e-16 -9.79246e-17 -4.95607e-17
-1.67345e-17 1.38713e-16 2.91348e-17
4.63997e-17 -2.90703e-17 -8.00626e-18
-3.79913e-17 -4.42792e-17 2.04195e-17
2.04101e-17 -6.60779e-17 -2.9994e-18
7.95726e-17 4.48301e-16 -4.12623e-16
-9.11276e-17 6.99679e-17 -1.09706e-16
8.59899e-18 1.78096e-16 1.68211e-16
-5.04701e-17 -3.72853e-17 1.22716e-16
9.02307e-18 -2.22904e-17 -4.58622e-17
1.28008e-16 5.72811e-16 9.40097e-17
2.20145e-16 -1.74841e-16 1.66615e-16
-1.44187e-16 -1.48688e-16 -6.6446e-17
-4.11144e-17 -8.57717e-17 -7.80724e-17
-8.38935e-18 6.6835e-17 1.41475e-16
7.50891e-17 -2.64074e-17 -4.07942e-18
-2.4978e-16 1.82045e-16 -2.51793e-16
-1.81349e-18 -3.39825e-17 4.78388e-18
-1.26597e-16 5.30938e-17 -4.27523e-17
-5.2732e-18 -7.60167e-18 5.99779e-19
1.73415e-17 5.09058e-17 6.35768e-18
-5.51242e-16 -3.44364e-16 2.06441e-16
1.13141e-17 2.98268e-17 2.42437e-18
0.0 -4.13708e-27 0.0
5.30311e-17 -3.51097e-17 3.38907e-17
-2.19009e-17 2.77459e-17 1.12245e-17
-7.64744e-17 2.84703e-17 -7.09456e-18
2.85402e-16 2.31074e-16 1.30855e-16
2.50842e-16 -4.98463e-17 1.70441e-17
-2.17896e-17 -3.53469e-17 1.05945e-17
1.8974e-16 8.42744e-18 3.91449e-17
2.63433e-19 1.86249e-18 8.15931e-21
5.56885e-16 8.67349e-17 3.16008e-16
7.1311e-17 -5.80387e-17 2.26057e-17
-3.33224e-16 -2.51795e-17 3.06902e-16
-2.84088e-16 -1.4786e-16 3.19433e-16
1.25097e-16 -1.72802e-16 -1.67187e-16
1.17185e-16 -8.29942e-17 9.32574e-17
-1.24077e-24 -2.48154e-24 0.0
5.71326e-18 1.7293e-16 2.87517e-17
-6.25527e-17 6.5353e-18 -3.44347e-18
-2.40093e-17 4.7515e-17 6.84242e-18
-1.65517e-16 -5.54194e-16 7.00658e-17
2.07248e-17 1.53108e-17 -5.98184e-18
-2.53565e-16 -1.07825e-17 -2.09367e-17
1.37875e-17 9.84358e-19 2.05617e-19
-2.35045e-16 4.21782e-17 5.04629e-17
4.59231e-17 -1.92329e-17 -1.712e-17
0.0 -3.12045e-24 0.0
1.07765e-16 -3.11057e-17 -2.23014e-17
6.97934e-24 -1.94387e-23 0.0
9.23348e-18 -7.25794e-18 -3.77282e-18
3.35434e-16 -2.28756e-16 -1.11418e-16
-1.73473e-17 -1.10984e-17 1.09864e-17
1.53456e-16 4.26331e-17 -5.29717e-17
-3.89146e-17 -1.30948e-18 6.45103e-18
-3.47974e-17 -6.83259e-18 7.29052e-18
3.02449e-16 3.77142e-16 8.08939e-17
-9.83873e-16 2.60801e-16 -7.94715e-16
3.53089e-17 -8.92321e-17 4.2188e-17
5.23346e-16 -4.2248e-16 -1.29343e-16
-2.43052e-17 2.14053e-17 1.79801e-17
5.64203e-17 -3.17016e-18 3.60418e-18
6.61744e-24 1.65436e-24 0.0
-6.82748e-17 3.86518e-17 -8.99464e-18
1.15693e-16 1.2679e-16 -4.62642e-17
-1.00319e-17 1.62502e-17 8.97615e-19
1.83624e-16 -3.86429e-17 -5.40001e-17
4.33149e-17 -2.18936e-18 1.84846e-17
1.50082e-16 8.00442e-17 1.34861e-17
-2.19192e-16 9.11898e-17 8.10395e-17
-1.7128e-16 -1.35265e-17 1.64673e-17
-2.87159e-17 -2.17225e-17 3.64866e-16
-8.80832e-18 2.82661e-17 -2.94013e-17
-1.32847e-16 -7.58994e-19 -6.57539e-17
4.741e-16 -5.87322e-17 6.11466e-17
-1.68783e-16 -9.20206e-17 2.34594e-17
0.0 1.87591e-27 0.0
1.29234e-16 4.02692e-16 -1.37394e-16
-1.00181e-16 -5.01231e-17 3.90678e-17
3.51552e-24 -4.1359e-25 0.0
-3.38983e-17 1.16544e-16 -1.65409e-16
4.04044e-17 -3.49202e-17 4.66723e-18
-1.18486e-17 9.7404e-18 -4.60271e-17
3.43995e-17 -8.92582e-15 -1.8492e-15
-8.0289e-17 -2.18808e-16 -7.6961e-17
1.41497e-16 -2.25675e-16 -1.23402e-16
-2.23102e-16 -1.05833e-16 1.30347e-16
6.46235e-27 -5.45518e-26 0.0
1.32277e-16 7.80036e-17 -9.41576e-17
7.80827e-17 4.2709e-16 -3.12422e-16
2.20507e-16 4.47846e-17 7.22062e-17
2.51831e-17 -2.54514e-17 -1.35692e-17
-1.28217e-16 -9.64111e-18 -1.33664e-16
3.3833e-16 1.68209e-16 -4.60908e-16
6.02167e-17 -4.2813e-17 3.72944e-16
1.35291e-16 1.1596e-16 8.55553e-17
1.06033e-16 6.59599e-17 -1.39757e-17
2.12448e-18 4.0927e-17 -8.28619e-16
-3.51852e-16 -8.29605e-16 -1.09847e-16
3.91378e-16 3.18564e-17 -3.96039e-17
-1.32181e-16 -8.79511e-17 2.47251e-17
-1.10824e-17 1.62499e-17 1.37993e-17
5.62546e-18 -8.09245e-18 -2.28453e-18
1.41791e-17 4.01574e-17 5.91919e-18
1.0142e-18 3.70023e-17 -6.80305e-18
-2.08643e-16 -3.87759e-17 -2.09682e-17
1.23875e-16 5.22481e-17 -8.3453e-17
9.66934e-17 1.98413e-16 -5.846e-17
2.44137e-16 2.71132e-16 7.65886e-16
-2.03561e-16 -1.17296e-16 -1.6859e-17
5.42061e-17 6.21807e-17 2.52968e-17
-3.96573e-16 -2.00597e-16 -9.8514e-17
3.22932e-17 -4.0343e-17 5.1638e-17
1.10956e-16 1.26139e-16 -6.06745e-17
1.75712e-16 -9.53284e-17 4.40177e-17
-1.97195e-16 1.25604e-16 7.22039e-17
2.24906e-17 4.67698e-17 1.35877e-17
-1.81472e-16 4.24169e-16 1.62618e-16
1.93172e-16 3.02756e-16 4.82709e-16
-6.46235e-27 -5.54313e-27 0.0
-1.01604e-16 4.65048e-17 2.51128e-17
1.23159e-16 5.9235e-17 -3.84639e-17
6.03184e-16 5.9644e-17 -1.171e-16
5.20118e-17 6.40238e-18 7.32743e-17
-2.92666e-16 5.70941e-17 -1.07441e-16
-6.01359e-16 -2.2539e-16 3.7456e-17
-5.77633e-17 8.20169e-17 1.24591e-17
-3.55146e-16 -3.26622e-16 -7.33599e-16
-4.05295e-15 9.52742e-15 1.18505e-14
3.73943e-17 -1.14884e-16 1.16436e-17
7.97126e-17 -2.0542e-17 -3.60272e-17
-3.73469e-16 -2.94017e-16 8.92218e-17
-6.46235e-27 7.1214e-26 0.0
2.23367e-16 -8.0255e-16 6.07528e-16
3.11491e-17 2.8141e-18 -7.56067e-18
5.58634e-18 8.26851e-17 2.67699e-17
-4.37417e-16 5.78371e-16 5.6161e-16
2.90486e-16 -6.45011e-17 -6.81221e-17
1.91309e-16 -8.01336e-18 -9.35e-17
-3.32631e-17 -9.24137e-17 3.84071e-17
-3.25756e-14 2.74513e-14 -1.97168e-15
-1.08907e-16 -1.54276e-17 1.65396e-17
-6.46235e-27 2.3344e-26 0.0
-3.9479e-18 1.98142e-18 -3.11867e-19
-1.1778e-16 -1.27262e-16 6.01496e-17
3.03339e-17 1.84896e-18 3.47105e-17
-9.87676e-16 -6.13514e-16 -1.20814e-15
3.12266e-15 7.60391e-17 2.98931e-15
-4.86377e-13 -2.19824e-16 -1.40045e-13
-2.73263e-16 4.37414e-16 -1.4727e-16
2.54631e-17 -4.66976e-17 -3.49708e-17
-2.48466e-16 4.54371e-17 5.30419e-17
1.16923e-18 2.70629e-18 2.31597e-19
6.19628e-16 -5.72835e-17 -1.11824e-15
2.309e-16 1.24586e-16 1.68013e-16
-2.92775e-16 -9.54427e-17 -7.33126e-18
1.53556e-17 2.24336e-17 -6.80351e-18
-3.98367e-17 4.20665e-17 -5.34851e-17
4.73393e-16 3.81986e-17 -3.7868e-17
4.12873e-16 1.71279e-16 2.38503e-16
9.01868e-18 5.57872e-18 3.62149e-18
3.74148e-17 -1.80323e-17 -1.04471e-17
1.23999e-16 7.25232e-16 -2.25428e-16
-7.9009e-20 -3.523e-18 2.8639e-19
-4.93945e-17 2.50306e-17 4.07636e-16
-1.23602e-16 8.13656e-17 5.91538e-17
9.21407e-17 1.94788e-16 1.58643e-17
4.81231e-17 1.70207e-17 -8.41929e-17
-8.66727e-17 1.21357e-17 -3.36992e-17
-2.35115e-17 2.63512e-16 2.47466e-16
8.39166e-17 8.15862e-18 3.15835e-17
7.80014e-17 -8.85823e-17 -1.27176e-17
-2.12872e-16 -2.33063e-16 -1.90631e-17
-8.09742e-17 -8.87236e-18 5.24483e-17
2.4078e-17 1.19976e-16 9.43464e-17
-5.70504e-17 7.95594e-18 -1.75515e-17
1.62838e-16 1.99648e-17 2.7812e-17
-1.25144e-16 -1.79042e-17 -1.73163e-16
-3.25024e-16 -1.8344e-16 -1.95744e-16
1.77173e-16 -5.3641e-16 4.71335e-16
-2.69259e-17 9.61721e-17 -4.11483e-18
-9.55639e-16 9.31626e-17 -1.06078e-15
-6.55164e-17 -3.65036e-17 6.68882e-17
-9.68975e-18 -3.95109e-19 7.41043e-19
-1.41506e-16 8.29007e-18 -1.59334e-17
-3.85507e-18 3.89488e-17 9.39931e-18
5.32032e-17 -7.14205e-17 7.37424e-17
-5.39938e-17 4.68083e-16 -3.70356e-16
5.34813e-16 -1.97422e-16 9.1081e-18
-1.48672e-16 -9.41215e-17 1.29986e-16
-1.36297e-16 2.82733e-17 8.23965e-17
4.27149e-17 9.67283e-17 1.125e-16
1.27101e-16 1.13141e-16 -3.83993e-17
-8.97086e-16 -8.28119e-17 -2.59858e-16
1.06364e-16 2.929e-16 -6.46766e-16
1.02568e-16 1.26958e-16 -1.03862e-17
3.32535e-16 2.13075e-16 -3.8098e-17
1.52937e-16 -3.19484e-17 6.49305e-17
6.46235e-27 2.43739e-24 0.0
-1.30198e-16 7.58302e-17 5.92671e-17
4.33917e-17 -2.09233e-17 -3.20896e-18
2.53649e-16 -2.57246e-17 4.28363e-17
-9.14771e-17 7.34326e-17 2.48704e-17
2.39046e-17 -1.13874e-17 6.91385e-18
2.57475e-16 3.50608e-16 -3.05573e-16
4.86252e-17 3.047e-19 3.63555e-17
5.19043e-17 5.24321e-17 -1.25535e-16
-4.48293e-17 1.28881e-16 -1.24566e-17
4.2494e-17 6.28984e-17 7.90184e-17
0.0 -1.7846e-27 0.0
1.33958e-16 6.56451e-21 1.57439e-17
-6.46235e-27 5.11374e-25 0.0
-4.81966e-17 1.53722e-16 -4.73408e-17
2.14645e-15 1.15916e-15 8.89242e-16
1.1952e-19 6.67767e-17 -3.16677e-17
2.20754e-23 1.28213e-23 0.0
-3.42274e-16 -4.26648e-17 -5.13167e-16
5.97394e-16 3.8399e-17 -2.64436e-17
-7.29466e-16 -1.47037e-16 2.49351e-16
-1.66126e-16 3.21632e-17 -1.0546e-17
0.0 0.0 0.0
1.20693e-18 3.02837e-18 -2.82468e-18
-1.69112e-17 -2.47062e-17 7.49273e-18
-7.10967e-19 -4.73139e-18 -2.91387e-18
1.40981e-16 6.64546e-18 -2.01027e-17
-4.17587e-17 -1.05415e-16 -5.70006e-17
-2.89794e-16 -7.57906e-17 -5.64132e-17
-3.93873e-17 -1.00446e-18 1.4305e-17
1.93509e-16 1.71709e-16 2.29654e-17
4.291e-24 -2.06795e-24 0.0
-7.14373e-17 8.148e-17 -5.65608e-17
-1.9425e-16 -3.42434e-17 5.47721e-17
2.83578e-16 1.53623e-16 1.23639e-16
-1.21155e-16 1.16062e-16 7.42747e-18
-4.07609e-17 1.44737e-16 3.21572e-17
6.51405e-24 4.1359e-25 0.0
-3.69512e-17 -2.59011e-18 -1.00941e-18
-3.49083e-18 -2.03813e-17 -8.40961e-17
1.4923e-16 -4.99102e-17 1.7706e-16
1.93895e-17 2.88616e-17 1.82098e-17
6.46235e-27 4.45157e-26 0.0
-1.35069e-16 -9.09138e-16 -1.7816e-16
6.06537e-15 -4.30436e-16 5.14328e-15
-6.54226e-16 -9.91574e-17 -1.31012e-16
-3.58303e-16 -8.21351e-18 4.96885e-16
1.98619e-17 1.20218e-17 -2.90778e-18
1.89106e-17 -1.88998e-16 8.19083e-17
-2.47766e-16 -2.58204e-17 2.39639e-17
7.46168e-17 -5.88698e-16 -4.93487e-16
2.89694e-16 8.21412e-17 9.40683e-17
7.73185e-17 1.00664e-16 -1.14157e-16
-1.32354e-16 5.90552e-16 9.39013e-17
-1.63955e-16 -2.56842e-16 -1.2142e-16
4.45697e-17 9.58418e-18 1.31109e-17
3.74557e-17 -1.2598e-16 2.20248e-16
7.48372e-16 9.33933e-17 3.11803e-16
-2.31215e-16 -8.21002e-16 -1.45705e-16
-5.54802e-16 -2.0637e-16 5.89854e-16
-8.14612e-17 -2.93302e-16 1.03279e-16
8.15835e-17 2.15495e-16 5.81513e-18
-9.17084e-17 1.96304e-17 2.65329e-17
-4.67148e-16 3.65279e-16 -5.6648e-16
1.72015e-16 1.79904e-16 2.25835e-16
1.52809e-15 3.5304e-16 -2.28378e-16
3.61132e-17 5.91943e-17 -9.29481e-17
-2.44801e-16 -3.5709e-16 6.76771e-16
6.89254e-17 -2.91672e-17 -1.55297e-17
-6.05108e-17 1.92887e-17 1.73356e-17
4.034e-16 1.16735e-16 -5.66825e-16
1.34939e-16 1.57285e-16 1.11592e-16
3.43206e-16 -4.618e-17 -1.01499e-16
-1.32878e-16 5.70896e-16 1.6841e-16
2.11388e-16 -3.61129e-17 -6.21773e-17
1.26238e-16 -1.32958e-16 -5.57046e-17
-2.68791e-16 -1.96511e-16 2.3763e-17
-8.62209e-18 -3.12448e-17 1.47788e-17
3.26224e-16 3.34399e-16 5.6635e-17
2.01235e-16 -3.99703e-17 8.70438e-18
-7.26509e-17 -4.05255e-17 -4.30344e-17
9.92924e-19 7.94677e-18 6.66893e-19
1.68208e-16 1.37798e-16 5.86593e-17
-9.09173e-17 -2.35882e-16 3.72853e-17
5.38933e-15 4.51651e-15 3.52675e-15
1.14256e-16 -7.50465e-17 -5.50362e-17
-1.87946e-16 -8.76722e-17 6.99302e-17
-5.19889e-16 1.01923e-16 -1.42302e-16
8.92119e-17 2.48089e-17 5.21251e-17
-4.76264e-17 9.11283e-18 -3.51355e-17
-1.26412e-16 2.73357e-16 1.2675e-16
5.14483e-16 -2.34685e-16 1.61558e-16
7.38022e-16 -2.61511e-17 -6.9401e-16
-3.30881e-17 -2.43331e-18 -1.26791e-17
9.24967e-17 6.51314e-17 4.55122e-17
-1.46696e-17 1.26291e-17 -2.7102e-17
-3.9311e-16 7.85701e-17 2.03116e-16
-2.19038e-16 2.35054e-16 7.53303e-17
-1.34783e-18 1.72109e-17 5.45767e-19
-1.25238e-17 -1.63175e-17 -6.59294e-18
7.18075e-17 3.0102e-16 8.86642e-17
7.97426e-17 -4.02745e-18 -2.89111e-17
-4.19496e-16 3.71629e-16 6.19268e-16
3.58089e-16 1.2836e-17 -3.52075e-16
-4.14359e-17 -1.29016e-16 1.62394e-17
-9.436e-18 5.34253e-16 -4.86263e-16
2.32876e-16 8.61427e-17 6.59719e-17
1.60741e-14 2.86425e-15 1.36123e-14
7.86056e-16 -5.84902e-17 4.96947e-16
-1.38392e-17 -8.34595e-18 1.09931e-17
-1.5252e-16 8.91455e-17 -1.06367e-16
7.65956e-17 -2.59313e-17 -9.83405e-18
1.73041e-16 -4.13195e-16 6.43999e-17
7.13425e-17 5.92174e-17 1.4851e-16
4.35031e-17 -3.18941e-17 8.43401e-18
-2.12612e-17 1.44299e-16 -4.69627e-17
2.16292e-17 1.45749e-16 5.7655e-17
1.49477e-16 7.08896e-17 2.58082e-17
3.47645e-18 -1.84489e-17 -3.93162e-18
-1.4408e-16 1.78299e-17 -5.53977e-17
5.44587e-16 6.8016e-16 -1.62819e-16
4.85692e-16 4.20535e-16 1.49487e-16
7.39926e-17 -9.2758e-17 -1.4267e-16
4.18154e-16 -1.28041e-16 -1.66016e-16
6.46235e-27 7.16786e-25 0.0
-4.78589e-16 -7.50146e-17 -2.62111e-16
1.73481e-18 -3.85254e-16 3.05178e-16
-2.42932e-17 7.77219e-17 1.25733e-17
1.6194e-16 -4.52263e-16 -1.44976e-16
3.25987e-16 -1.09163e-17 1.25954e-16
2.03801e-17 -4.80071e-17 3.36236e-16
2.13506e-17 -5.85565e-17 -3.87592e-18
2.50804e-17 8.25069e-18 2.31639e-17
-1.53098e-17 -2.00802e-18 2.62663e-17
2.54537e-16 -5.87305e-16 2.47947e-16
-3.61463e-17 2.42685e-17 -6.3754e-17
1.8715e-23 -3.30872e-24 0.0
4.66462e-16 -4.38557e-16 1.51904e-16
-8.67238e-17 -1.16546e-17 1.40687e-17
3.21367e-16 -1.99391e-17 2.91918e-16
-4.1205e-18 1.16019e-17 -2.09916e-18
-8.27585e-24 -1.65436e-24 0.0
-1.34433e-16 2.01997e-16 -5.51784e-18
1.86811e-17 2.79264e-16 -3.56205e-16
-1.12568e-18 -3.01176e-19 -9.3277e-19
-3.45039e-16 -4.89936e-16 -4.51239e-16
-1.03614e-17 -3.7674e-17 -3.50788e-18
0.0 6.61744e-24 0.0
-1.23414e-16 -4.79539e-17 5.60534e-17
6.50342e-16 2.46483e-16 -3.50971e-16
1.90877e-16 4.96336e-17 -1.43052e-16
2.61188e-16 -2.42023e-17 2.25373e-16
-2.38464e-16 4.16273e-16 5.91018e-16
7.03422e-17 -7.906e-18 -1.17738e-16
-3.89507e-16 2.59413e-17 4.1011e-16
-1.90507e-16 4.77757e-18 6.29015e-17
-3.9444e-17 4.57425e-17 8.03209e-17
-3.53747e-16 9.12033e-18 3.75462e-16
-9.88749e-17 2.44455e-17 -1.47832e-17
2.16822e-17 -9.35115e-18 3.107e-18
4.94028e-16 2.75855e-16 -3.25034e-16
8.47399e-18 5.05266e-17 -8.15555e-18
-1.37859e-16 -4.5068e-16 2.78617e-16
1.3985e-15 -4.06479e-16 -1.18654e-15
-3.19714e-16 -3.68324e-16 1.24709e-16
-2.22848e-15 8.77482e-17 -2.1754e-16
7.36412e-16 -4.58201e-16 -7.47221e-16
-5.26359e-18 -7.42437e-18 6.06432e-16
-2.64764e-16 -3.02554e-16 9.556e-17
8.63691e-17 1.09304e-16 5.11272e-17
-1.91312e-16 7.94083e-17 4.16464e-17
2.40691e-17 -3.70103e-17 -1.47482e-17
-1.5209e-15 -3.86822e-16 2.25082e-16
0.0 -2.76673e-27 0.0
-1.90603e-17 6.35329e-18 2.92238e-18
1.61934e-16 -7.03717e-17 1.3202e-17
-1.88474e-16 2.70292e-17 3.76905e-17
-2.53802e-16 7.12251e-17 -2.10556e-16
6.54296e-17 2.09614e-17 -6.13199e-19
3.93674e-17 -3.89155e-17 -3.32039e-17
-9.79681e-17 1.05477e-16 1.0365e-16
-5.2565e-17 1.85358e-16 -1.51352e-16
-5.26952e-16 -1.2051e-16 1.55214e-16
-6.92316e-16 -8.61375e-16 -1.83687e-16
6.69697e-17 -4.37291e-18 2.16621e-17
8.84802e-17 4.55873e-17 -3.88543e-19
5.99575e-17 7.72572e-17 -1.07218e-17
-1.85561e-16 1.81007e-16 7.53651e-16
-2.69776e-17 -2.16978e-16 -1.93261e-16
9.06097e-17 -1.83254e-16 -4.99213e-17
3.62312e-17 4.68619e-17 -2.83318e-17
3.0357e-17 -8.63417e-17 -1.37478e-15
0.0 4.56913e-24 0.0
-1.26917e-16 3.06688e-16 -6.9181e-17
-1.30193e-16 -4.13725e-16 2.6554e-16
-1.06816e-16 6.03411e-17 -4.17329e-17
-1.28229e-16 5.18107e-17 2.58058e-17
-6.84417e-17 1.28642e-16 4.11471e-16
5.59975e-16 2.33224e-16 1.10495e-16
1.28398e-16 2.23597e-17 -1.26355e-16
1.11255e-17 -2.52747e-18 1.82196e-18
0.0 0.0 0.0
-2.57368e-16 3.15792e-16 -6.48609e-17
-8.39597e-17 6.00898e-18 4.27929e-17
6.9186e-17 4.8747e-17 7.69715e-19
-1.30998e-16 2.0265e-17 -3.25553e-17
2.47496e-16 4.47524e-16 5.43146e-17
2.05739e-15 1.06692e-15 4.94325e-16
-1.40756e-16 -6.89972e-16 -1.55247e-16
2.02959e-16 2.10405e-16 -4.36177e-17
-5.38684e-17 4.55761e-18 5.31775e-17
-1.04865e-15 1.16416e-15 4.40842e-16
-8.64876e-17 -2.81973e-17 -3.94394e-18
-1.02052e-16 -2.74296e-16 6.4945e-17
2.41976e-18 1.15546e-18 -2.00456e-19
0.0 -1.75218e-23 0.0
2.91422e-16 1.50454e-16 3.58126e-17
4.29963e-17 7.09612e-17 -2.07893e-16
7.54179e-16 1.26209e-16 3.53745e-16
2.34933e-16 3.39926e-16 1.6799e-16
-2.19614e-16 -2.37211e-16 -2.75487e-18
-2.54732e-17 1.09085e-17 3.7354e-17
-2.39806e-17 7.92092e-17 -1.7121e-17
1.10649e-16 6.41851e-17 -1.16829e-16
8.78315e-17 2.49761e-17 -5.80999e-17
-6.56154e-17 6.04391e-17 -6.57474e-17
7.98043e-17 7.7621e-18 -8.45625e-18
-1.36338e-16 2.97994e-18 -8.58844e-17
-3.62536e-16 3.3331e-17 -4.62741e-16
-1.54704e-16 -8.84378e-16 -6.20532e-17
-1.68395e-16 2.45985e-17 -7.01384e-17
-3.97987e-16 4.53793e-16 1.0927e-16
1.50752e-16 -4.20446e-18 -6.29165e-17
-2.11209e-16 2.45843e-16 -3.36932e-16
2.6599e-22 -4.96308e-24 6.61744e-24
1.84654e-16 -2.7854e-16 -4.43312e-16
-1.03398e-25 -8.27181e-25 -6.61744e-24
-8.27181e-25 0.0 0.0
-1.33454e-17 2.22792e-16 5.62866e-17
-2.37333e-16 5.54041e-17 4.15378e-17
1.17715e-15 1.29437e-16 2.28895e-16
7.07427e-16 -8.08416e-16 -3.21238e-16
-4.32303e-16 1.53805e-16 -7.32913e-16
1.74138e-17 2.13072e-17 -8.35254e-17
-4.39168e-17 -2.72726e-17 6.97285e-17
-1.77709e-16 6.83617e-17 6.21355e-17
-1.40055e-16 -8.64966e-16 6.63469e-17
-1.23333e-15 3.98243e-16 -7.61027e-16
-6.04053e-16 -1.6833e-16 1.2533e-16
3.20429e-17 -1.00435e-16 9.08731e-17
1.28017e-15 -1.58299e-16 6.62189e-16
8.55339e-17 -1.82461e-17 5.91612e-17
4.65459e-16 -5.0134e-16 -3.04495e-16
-9.6461e-17 7.50029e-17 6.35969e-17
-1.00588e-18 3.11513e-17 5.19427e-17
-4.60438e-16 -3.41247e-16 4.43105e-17
-9.29756e-17 7.23166e-17 -3.75584e-16
9.32034e-17 3.32532e-18 -8.47005e-17
8.27181e-25 8.27181e-25 0.0
-4.10421e-17 1.17385e-16 3.46076e-17
1.35105e-18 -1.08851e-17 8.20698e-17
-3.32284e-16 1.0786e-16 -1.31478e-16
7.07384e-16 2.28368e-16 2.20787e-16
3.81443e-16 3.92472e-16 -1.76587e-16
-2.96964e-18 -1.11625e-17 -3.08108e-18
3.81537e-23 4.96308e-24 0.0
1.34162e-17 2.35523e-16 9.90094e-16
-9.10525e-17 -8.25164e-18 2.70974e-17
5.68294e-15 -3.11693e-15 4.1304e-15
7.23611e-18 -9.129e-18 -1.95347e-19
-5.0021e-17 -3.08492e-17 1.11455e-16
-4.53252e-16 4.98069e-16 3.8286e-16
-1.15258e-16 -3.19298e-17 4.05522e-17
-1.19036e-17 6.48062e-17 -1.74378e-16
-8.25283e-17 -1.84946e-16 4.8006e-16
-2.44541e-17 2.18276e-16 1.46274e-16
1.1817e-16 -3.55758e-18 2.35711e-18
-1.90428e-16 1.99992e-17 3.02819e-17
4.99426e-17 -1.24891e-16 2.09151e-16
-1.18989e-16 -3.03173e-17 6.95167e-17
-9.53343e-16 -1.78272e-16 -2.85474e-17
-1.93471e-17 -1.12175e-16 7.57568e-17
-1.34725e-16 1.03152e-16 6.40411e-17
-2.28644e-16 -1.16214e-16 -3.72865e-16
9.82277e-24 -1.46825e-23 0.0
-5.76735e-17 5.08664e-17 1.4857e-16
-1.07438e-16 -3.75354e-17 1.19335e-16
1.96931e-17 4.60615e-17 -1.66159e-17
2.16271e-18 -9.11384e-19 -1.64606e-18
6.14584e-16 -1.64581e-15 5.24732e-16
-2.57886e-17 1.99186e-16 1.57884e-16
2.23005e-16 -4.45621e-17 -3.90345e-17
-6.55382e-17 -8.71491e-17 1.29288e-16
0.0 4.34798e-25 0.0
-1.37921e-16 1.32037e-16 1.70543e-16
2.17169e-16 1.74724e-16 1.0114e-16
-2.40051e-17 6.54679e-16 -7.54965e-16
1.92551e-16 -1.18087e-16 1.56697e-16
-1.41303e-16 3.57537e-18 7.10525e-17
5.61487e-17 4.03386e-16 -3.67404e-16
-3.65087e-16 4.77971e-16 -1.41786e-16
-3.17825e-17 3.60212e-16 1.77385e-16
-1.45869e-16 -6.12745e-18 3.45713e-17
-1.65436e-24 -4.54949e-24 0.0
-5.69686e-17 1.13017e-17 -3.04139e-18
-1.68142e-17 7.38873e-17 1.43143e-16
-1.75366e-17 -1.50209e-18 -2.32612e-18
6.46808e-17 -4.71359e-17 -1.71425e-17
2.44828e-17 -1.04183e-16 -6.44167e-17
-1.27592e-16 2.95427e-16 -7.57557e-18
-1.0933e-16 2.33001e-17 -3.61824e-17
-1.45306e-16 2.14892e-16 8.21028e-17
9.2344e-16 -1.40758e-15 -2.13408e-16
4.18675e-16 4.11636e-17 -2.40782e-17
8.93889e-17 4.54974e-17 -3.74115e-17
-6.46235e-27 -3.26385e-24 0.0
5.9649e-16 4.22416e-16 9.13042e-17
4.0842e-24 2.48154e-24 0.0
1.24754e-16 -1.63926e-16 1.59526e-16
5.69696e-17 -2.19662e-17 3.79171e-17
1.67714e-16 -2.87248e-16 9.01047e-17
1.28195e-16 4.97047e-16 7.38643e-17
1.144e-16 8.86315e-17 1.44658e-16
-6.46235e-27 -5.39695e-25 0.0
7.36405e-16 -2.58688e-16 5.47041e-17
5.82736e-17 2.01937e-17 -1.98261e-16
5.24437e-17 3.81145e-17 -9.67442e-17
-2.28194e-16 3.05229e-16 -4.583e-17
-3.0169e-17 1.70503e-16 -5.7161e-17
-1.31533e-16 1.3101e-16 2.36114e-16
-3.94035e-17 -5.06772e-17 -1.04514e-17
-1.96682e-16 3.62779e-16 1.15104e-17
-7.75482e-26 0.0 0.0
1.96748e-16 -3.64631e-16 -2.82238e-16
-3.04718e-16 2.162e-16 1.21051e-16
-1.48126e-16 4.84512e-17 -1.91175e-17
-5.95307e-17 -2.50172e-17 4.83693e-17
1.38545e-17 2.53779e-18 -6.21015e-18
5.49014e-18 3.07628e-17 5.54305e-18
-5.15825e-16 -1.19393e-16 1.34345e-17
1.76344e-17 -9.72322e-17 -1.81047e-16
1.29596e-17 6.07377e-17 3.18939e-17
3.13852e-18 -3.42671e-16 -3.80007e-16
4.17979e-16 9.65635e-17 -4.6238e-17
3.25491e-15 2.16821e-15 9.12679e-16
-1.47222e-16 8.66999e-17 -4.39916e-18
-9.51298e-17 -1.11954e-15 5.08483e-16
3.30872e-24 0.0 0.0
-6.47269e-23 6.61744e-24 0.0
-3.30872e-24 1.65436e-24 0.0
-2.45232e-17 8.00005e-18 6.1525e-17
1.13961e-17 -3.51833e-17 -2.46983e-17
-9.77833e-18 6.48439e-18 3.83654e-18
6.23435e-15 6.79088e-16 5.82952e-15
-3.01763e-16 -1.18368e-16 1.43213e-16
-9.91197e-18 4.40252e-17 3.7428e-16
1.02483e-16 2.3412e-17 -5.49007e-18
8.79273e-18 -5.73998e-19 3.24654e-18
-5.76457e-17 5.99633e-18 2.40864e-18
4.28369e-17 -1.1785e-16 -5.19492e-16
1.02105e-22 -4.96308e-24 0.0
1.53051e-17 3.14693e-16 1.30447e-16
1.31122e-15 -1.51748e-16 -2.12925e-16
-5.22142e-17 -9.04016e-17 2.19247e-17
1.02762e-16 1.43006e-16 1.57751e-16
-1.95457e-16 -1.4332e-17 9.06166e-17
-4.32873e-16 -1.14778e-16 3.87418e-16
8.54132e-16 -4.00839e-16 4.3949e-17
-2.78989e-15 -7.93786e-16 -1.76653e-16
-5.65669e-17 -5.78863e-18 1.01453e-16
-1.8147e-16 -9.71964e-16 1.73485e-15
-1.28252e-15 9.76833e-16 -2.47911e-16
-9.78566e-17 -4.80852e-17 6.04585e-17
-2.35541e-16 -1.54871e-16 -4.642e-16
-8.65966e-17 -1.07354e-17 1.07401e-15
-6.06077e-16 -8.32011e-16 2.60538e-16
2.08287e-16 9.43366e-17 -7.95976e-17
-6.69715e-18 4.30811e-18 -1.49979e-17
7.58754e-16 2.58728e-15 1.61896e-15
9.9277e-17 1.74314e-15 -5.04367e-17
-4.37284e-16 -8.97416e-17 2.41894e-16
8.19388e-17 -9.08579e-16 2.26071e-16
0.0 1.90205e-25 0.0
-2.71802e-16 -9.92724e-17 2.53299e-16
-4.16535e-17 -1.91689e-17 5.0734e-17
-6.55688e-16 -8.08375e-16 -2.15529e-16
-1.84245e-16 -1.72188e-16 3.65361e-16
-1.37426e-16 1.99189e-18 -4.77286e-17
-5.91877e-16 -3.58677e-16 1.32369e-17
4.34012e-16 -2.13275e-16 1.19094e-15
-1.58975e-15 6.33278e-16 1.83533e-17
3.15865e-17 -8.17948e-17 7.26246e-17
-9.71937e-24 1.46825e-23 0.0
4.07734e-17 -3.6527e-17 -2.07265e-17
-1.42856e-16 -1.08186e-16 -2.73793e-16
1.95519e-16 3.41294e-18 -2.08732e-17
3.30872e-24 0.0 0.0
1.61448e-16 -5.36236e-17 6.04794e-17
1.28426e-16 -6.09353e-19 2.95798e-16
2.53084e-17 -2.70551e-17 -2.56041e-17
-2.04495e-16 9.5299e-17 1.55637e-16
1.66852e-17 5.73201e-16 6.88417e-16
6.13933e-17 -1.30033e-17 -1.40142e-17
-1.96285e-16 4.12979e-16 -9.99559e-17
2.99716e-16 -1.22109e-15 1.24866e-16
-3.30872e-24 0.0 0.0
4.2009e-17 -6.3221e-16 1.50813e-16
7.17285e-17 1.18709e-16 1.65154e-16
-6.04147e-17 1.82716e-18 6.10063e-17
2.22275e-16 6.10232e-16 1.43225e-16
-4.32562e-16 -7.64281e-17 3.84984e-16
5.00664e-17 2.92043e-17 6.96562e-17
-4.86276e-18 -9.09879e-17 2.24096e-16
-7.27664e-16 8.82767e-16 4.46291e-16
-1.63289e-17 2.04869e-17 -2.55463e-17
1.49568e-16 6.44841e-17 -2.90375e-16
2.45651e-15 1.21091e-15 9.29126e-16
-8.46639e-19 -1.32431e-17 7.66856e-19
-7.5836e-17 -9.71183e-18 -3.80728e-17
5.27325e-17 2.68782e-16 -9.34906e-17
-4.57603e-17 1.05582e-16 -5.51806e-16
4.63846e-16 -1.94368e-15 1.57627e-15
4.79373e-16 -1.16269e-16 -1.12423e-16
-1.38553e-23 -2.06795e-24 0.0
8.52252e-17 -1.25257e-16 9.64066e-17
-2.48154e-24 3.72231e-24 0.0
-4.55486e-16 1.34892e-15 -7.67765e-16
3.7785e-17 -9.80121e-18 -3.88209e-17
-8.20479e-17 -1.70147e-15 1.9784e-15
1.29247e-23 1.65436e-24 0.0
-3.05059e-16 1.39313e-17 1.99203e-16
4.69511e-16 -2.1755e-16 -1.54758e-16
1.89626e-15 -3.25574e-16 1.34194e-16
-2.8722e-16 -2.32702e-16 3.14099e-16
-9.05495e-16 7.51451e-16 -3.4653e-16
8.85972e-17 -1.5522e-17 -6.12896e-17
-1.61476e-16 -1.63644e-15 7.57841e-16
-1.04175e-16 9.64639e-17 -2.39809e-17
8.63707e-17 -9.59436e-17 5.10175e-16
1.65436e-24 3.30872e-24 0.0
-3.30872e-24 -3.30872e-24 0.0
9.13422e-17 3.64574e-17 1.46481e-16
-2.74677e-16 1.62941e-16 -1.22497e-17
2.53178e-16 1.34572e-15 2.36565e-15
2.94259e-16 7.15258e-16 1.62238e-16
2.53773e-17 3.02868e-16 2.00592e-16
-1.25279e-16 7.16851e-17 1.0668e-17
3.793e-17 -2.03535e-17 -4.54421e-17
-4.09202e-17 -1.86077e-17 -6.07562e-17
-5.82463e-17 -7.52705e-18 4.23001e-18
2.6154e-16 -1.64857e-16 3.33098e-16
-2.50694e-17 3.39363e-17 -6.94241e-18
4.63883e-16 -1.02201e-15 -1.56243e-16
-2.3183e-16 6.84375e-17 7.61316e-16
-4.36478e-16 -4.7998e-16 1.07727e-15
-4.62958e-16 -2.48717e-16 -7.95779e-17
1.54744e-17 2.623e-17 7.45126e-17
1.38077e-16 2.72078e-17 -1.09753e-16
-2.10467e-16 2.2159e-17 1.38898e-16
-4.34101e-16 -1.95226e-17 -1.25766e-16
1.4981e-17 6.8348e-17 1.47855e-16
-1.06531e-16 -1.59475e-17 -5.83171e-17
1.49706e-16 -1.04794e-19 -1.49254e-16
-1.78967e-16 -5.09903e-17 -3.36288e-16
-3.02571e-17 1.72957e-16 1.9092e-16
-3.76953e-16 1.92355e-17 1.28689e-16
5.09233e-23 0.0 0.0
1.02826e-15 7.11759e-17 -9.22428e-16
-2.19269e-16 7.36351e-17 2.06212e-17
4.19808e-17 -7.67139e-17 2.0123e-17
-7.70511e-18 -2.40899e-16 2.12845e-16
-7.10347e-16 2.24084e-16 1.11241e-15
1.34417e-24 1.65436e-24 0.0
-7.36273e-17 -1.09048e-16 5.72732e-17
-6.82223e-17 -2.45085e-17 6.2102e-18
1.35818e-17 -2.86919e-17 -1.952e-17
-4.66942e-17 3.56602e-17 -3.93493e-18
-1.10707e-15 4.21871e-16 3.39886e-16
8.65232e-18 -4.24866e-16 -3.70701e-17
-1.55378e-16 -3.98602e-16 -8.41135e-17
4.57524e-16 4.2786e-16 5.92063e-16
4.68086e-16 -1.84256e-16 3.90338e-16
6.46235e-27 -4.80366e-24 0.0
5.77907e-16 4.23805e-16 -1.22626e-16
-2.83494e-16 2.67802e-16 -2.50611e-16
-4.7417e-17 -2.38847e-17 -6.58943e-17
8.7814e-17 -3.05698e-17 2.23095e-16
1.8423e-16 -1.16832e-16 2.19057e-16
-2.14411e-16 -9.98305e-16 8.3643e-16
-3.3753e-16 3.60152e-16 2.89318e-16
-5.51242e-16 4.2703e-17 6.83249e-17
-2.69327e-16 -6.6839e-17 -3.11959e-17
1.53589e-16 6.53436e-17 2.41308e-16
-6.68014e-17 1.08266e-16 9.36294e-17
-3.00627e-16 -4.33833e-17 8.15839e-17
-1.42296e-16 1.56116e-16 6.80185e-17
-1.10309e-16 9.25482e-17 -5.01682e-17
5.92751e-16 1.18334e-15 4.5177e-16
-1.10548e-16 2.68901e-18 1.06179e-16
7.13116e-16 -2.80324e-17 1.21369e-16
1.20857e-16 4.3284e-16 4.08192e-17
3.60803e-17 -9.78278e-17 5.06462e-17
5.69647e-16 1.7267e-16 5.76981e-16
-3.91142e-16 -3.32758e-16 2.18426e-18
8.5018e-16 -7.42724e-17 7.7676e-17
5.39091e-16 -1.04363e-15 3.1554e-16
1.87768e-17 4.12154e-18 -7.96917e-18
2.90802e-15 -2.08494e-15 1.01551e-15
1.2927e-16 1.15392e-16 4.70454e-17
1.27708e-15 1.57488e-15 7.56651e-16
2.01625e-24 0.0 0.0
1.20851e-15 -2.26927e-15 1.56111e-15
-9.04486e-17 -5.79959e-17 2.76322e-17
-3.24688e-17 5.49658e-17 -3.43165e-17
-5.03507e-16 -4.28737e-17 -2.96704e-17
5.3735e-17 2.70809e-17 1.28075e-16
-1.01598e-16 8.89381e-17 5.07985e-17
-2.61976e-16 -3.31534e-17 1.4405e-16
5.013e-15 -6.95905e-15 8.31053e-16
2.22304e-16 8.1799e-16 4.31642e-16
-7.79838e-17 -8.32519e-17 2.48707e-16
-1.83862e-16 5.34391e-17 5.81084e-16
-1.6852e-16 1.54634e-17 -4.25239e-18
1.84125e-16 -1.74376e-17 -2.57781e-16
-2.28989e-16 -7.06419e-16 8.3562e-16
2.49211e-16 3.85356e-17 3.47123e-17
0.0 5.50418e-24 0.0
2.05752e-16 -3.91122e-17 4.98213e-16
2.06343e-17 1.20825e-17 6.42022e-16
-3.30872e-24 -3.30872e-24 -1.32349e-23
-5.71038e-17 -1.03389e-16 1.5373e-16
-3.84479e-17 1.81909e-17 -2.15561e-17
-2.18017e-16 -1.77907e-16 -1.7205e-16
2.79488e-16 5.37398e-18 -7.32683e-20
-1.33024e-15 -8.57503e-16 -2.62992e-17
-8.15196e-16 2.63029e-16 -3.4789e-16
-1.2613e-16 7.96863e-16 6.77055e-16
0.0 -1.93395e-23 0.0
1.83878e-16 7.08761e-17 1.43592e-16
-5.95889e-17 3.96859e-17 -2.73134e-18
3.59857e-16 -2.50991e-17 -4.62224e-17
-1.23e-15 -4.12199e-16 4.3718e-16
-7.99463e-17 1.54983e-16 -3.65201e-17
-1.43113e-16 -1.97209e-16 2.31992e-16
-6.26336e-17 2.0156e-17 -1.20292e-17
-3.49901e-16 3.17355e-16 -4.51533e-16
-5.22788e-16 -4.44784e-16 -2.5107e-17
1.31167e-17 -9.65783e-20 2.19918e-17
4.38454e-18 -1.77113e-17 1.39238e-16
8.20435e-16 2.70553e-16 -6.20557e-16
3.2627e-17 -3.35505e-15 -9.67539e-16
2.69242e-18 -2.41591e-17 1.77587e-17
4.26208e-17 -1.57754e-16 4.00717e-17
-6.46235e-27 9.53352e-25 0.0
-1.23325e-17 -1.72987e-16 -7.08707e-16
1.21105e-16 -2.18758e-16 -5.69602e-17
-6.61744e-24 0.0 1.65436e-24
1.27511e-17 -1.69702e-17 -5.69982e-18
-2.21539e-18 -5.89241e-17 -1.64267e-17
4.55161e-17 -7.74243e-17 -3.55515e-17
-9.96011e-17 5.83936e-17 8.47205e-17
7.56376e-16 9.51549e-16 -8.43136e-17
4.19761e-16 -1.6321e-16 5.62946e-16
8.20658e-18 2.755e-17 -4.77936e-17
-6.80021e-16 2.67388e-16 -8.1534e-17
-1.8262e-16 -3.70256e-17 2.58258e-17
-1.35257e-16 -8.76526e-18 -2.91562e-17
-1.1854e-16 3.64485e-17 -5.09374e-17
1.14432e-15 -4.12327e-16 3.43944e-15
-2.19723e-16 3.75194e-16 -2.64281e-16
-3.46893e-16 2.49056e-16 1.15983e-16
4.02418e-16 8.52476e-17 -3.71984e-17
-5.85045e-16 7.6799e-16 -1.39559e-16
-1.30635e-15 1.82179e-16 4.48704e-15
-8.67633e-17 -1.99489e-16 5.76921e-16
-1.99466e-17 1.51866e-16 1.24403e-17
-7.37e-17 1.50836e-16 -4.8975e-17
6.57499e-18 2.38199e-17 6.69358e-17
1.42734e-16 2.35601e-17 2.82155e-18
-1.09447e-16 1.22143e-17 -9.57148e-17
2.34689e-14 1.73851e-14 2.67444e-14
4.51484e-16 6.09825e-17 -1.15249e-16
-1.25412e-16 -3.30657e-17 -2.93557e-17
7.28852e-16 2.54484e-15 1.49626e-15
2.9385e-16 1.1121e-16 3.17399e-17
1.00453e-16 2.63509e-16 4.00719e-16
-6.46235e-27 -1.50016e-25 0.0
2.0578e-15 7.02114e-16 2.32038e-15
-7.93277e-17 6.45466e-17 1.86056e-17
9.65789e-15 1.32433e-15 9.15092e-15
2.42409e-16 -9.86401e-18 1.05357e-16
1.23025e-16 -5.64059e-17 -5.41479e-17
-7.4167e-17 -2.89741e-17 -3.94548e-17
-1.43159e-15 -6.74626e-16 1.26343e-16
-2.31983e-16 2.63655e-16 -3.36159e-16
-1.71777e-17 -2.97744e-18 1.0507e-17
8.87772e-22 4.96308e-24 6.61744e-24
9.82518e-17 4.13191e-17 -1.0063e-16
-1.95284e-16 2.1062e-17 2.29428e-16
-4.12565e-16 1.10184e-16 2.25535e-16
7.16112e-16 1.50833e-16 1.02153e-17
-1.80002e-16 1.92339e-16 4.43849e-16
-2.41758e-16 1.23759e-16 2.48417e-16
-2.0347e-16 -7.67436e-17 4.29356e-17
-1.78624e-16 1.98069e-17 1.59401e-16
-1.34934e-22 -1.48893e-23 0.0
-8.65871e-17 2.66753e-17 1.04498e-17
4.85419e-17 2.40663e-18 -4.22838e-17
-2.6215e-16 8.83269e-18 3.42054e-18
2.46497e-16 1.15133e-15 1.81205e-15
0.0 -1.20028e-23 0.0
2.12109e-16 6.24396e-18 -2.92126e-16
6.61744e-24 0.0 0.0
-7.7183e-17 -7.45099e-18 2.54243e-16
-2.4069e-16 -1.03699e-16 5.2397e-16
5.94703e-16 7.62443e-16 -5.1631e-16
-1.80072e-16 1.16428e-17 -1.14309e-17
-5.30383e-17 -4.96134e-17 3.53094e-17
8.97836e-18 -6.56177e-16 -6.31645e-17
-5.6919e-17 4.68579e-18 1.3593e-16
1.86542e-16 2.05162e-16 -1.01984e-16
8.62835e-18 9.09817e-18 -3.17271e-17
-6.42249e-17 -1.75462e-16 1.98977e-16
0.0 1.71857e-26 0.0
-2.77708e-17 3.06161e-17 8.07444e-17
3.97951e-16 2.50853e-16 6.01346e-16
1.70606e-24 0.0 0.0
-6.99e-17 -4.2336e-17 2.54381e-17
6.77308e-16 -3.48901e-16 7.3415e-17
1.23326e-16 -1.97914e-16 -3.41451e-16
1.75785e-16 7.51586e-16 -2.11075e-16
1.37982e-16 2.23947e-16 2.06644e-16
1.15273e-16 -2.94018e-17 -2.85358e-17
1.08567e-15 3.66525e-16 -4.72229e-16
-3.93171e-16 -1.18764e-16 1.43554e-17
-7.62304e-16 2.41895e-18 -7.73038e-16
-1.36584e-16 2.96818e-16 4.05023e-16
-3.19978e-14 -3.18279e-15 -2.46223e-14
-4.38191e-18 -5.53379e-17 -5.85249e-17
6.28643e-17 -9.84809e-17 1.94988e-17
7.02486e-17 -8.68352e-17 -1.09476e-16
2.83253e-17 -4.54502e-18 -1.11047e-16
-2.02956e-15 4.70866e-16 -2.39913e-16
-7.05124e-16 -1.28764e-17 1.44389e-15
7.79684e-17 6.03695e-17 1.01669e-18
1.5195e-16 3.60773e-17 -2.79851e-17
9.65393e-17 -4.18724e-17 3.0784e-17
-1.08527e-16 5.15688e-17 -1.41245e-17
-7.70941e-17 1.07665e-17 9.96074e-17
4.0102e-16 1.60957e-16 -9.66303e-17
1.26003e-16 8.84008e-17 1.36159e-16
-9.76618e-16 6.0332e-16 -4.9233e-16
2.48324e-16 1.14787e-16 -6.51459e-17
-3.95246e-16 1.55335e-16 2.29784e-16
2.67841e-17 3.88268e-17 2.7978e-17
-1.86685e-19 -4.13007e-18 2.07155e-18
-5.38042e-16 -1.84104e-17 8.90663e-17
4.63175e-16 -7.68184e-16 1.42709e-16
6.51139e-17 4.56228e-17 1.6932e-16
