# vtk DataFile Version 3.0
LIGGGHTS particles timestep 59600000
ASCII
DATASET POLYDATA
POINTS 885 float
0.274775 0.0196766 0.0070236
0.287723 0.0180178 0.00709561
0.275556 0.0183233 0.00722042
0.287429 0.0179647 0.00712091
0.270578 0.0162983 0.00824345
0.281033 0.0183843 0.00704337
0.286536 0.0173826 0.00730626
0.281176 0.0190031 0.00703184
0.281205 0.0181408 0.00707558
0.292245 0.017291 0.00757812
0.292302 0.0175116 0.00738312
0.291838 0.0159254 0.00868911
0.281326 0.018729 0.00700024
0.279728 0.0156393 0.00917646
0.291774 0.0156782 0.00884646
0.279868 0.0158907 0.00846009
0.28853 0.0183125 0.00709292
0.28858 0.0168259 0.00762625
0.292048 0.0166336 0.00816031
0.292347 0.0177341 0.00718691
0.28825 0.0180054 0.00708397
0.28817 0.0188661 0.00712489
0.281468 0.0162826 0.00799725
0.281114 0.016026 0.00829662
0.291587 0.0151749 0.00953801
0.268307 0.0163315 0.00793539
0.287862 0.0175929 0.00720902
0.288113 0.0174487 0.00728876
0.28564 0.0154523 0.00950711
0.275491 0.0180321 0.00727372
0.282458 0.01736 0.00732088
0.292758 0.0183985 0.00714045
0.28535 0.0148615 0.0105444
0.286563 0.0187167 0.0071414
0.279823 0.0158206 0.00895708
0.292418 0.0180154 0.00711054
0.291644 0.0152599 0.0092559
0.291709 0.0154629 0.00904491
0.287244 0.0170968 0.0074667
0.286418 0.0167244 0.00790685
0.28637 0.0178386 0.0071107
0.292667 0.0191853 0.00720131
0.273156 0.0146365 0.011418
0.27397 0.0162755 0.00820071
0.281864 0.0186828 0.0069926
0.286728 0.0169139 0.00768026
0.281558 0.0167084 0.00758425
0.292115 0.0168524 0.00796648
0.2766 0.0163275 0.00797026
0.286862 0.0171104 0.00749714
0.28503 0.0149672 0.0120008
0.287808 0.0172985 0.00736543
0.287464 0.0169176 0.00756474
0.292183 0.0170712 0.0077726
0.287333 0.017385 0.00731395
0.285295 0.0149267 0.0108319
0.284971 0.0150318 0.0122877
0.284836 0.0150059 0.0128548
0.287057 0.0169176 0.00761826
0.287027 0.0181784 0.00713432
0.288667 0.0176131 0.00720731
0.288307 0.0169362 0.00756434
0.286862 0.0187367 0.00714229
0.284651 0.0155017 0.0135535
0.279803 0.0157005 0.00868296
0.281186 0.0162134 0.00807388
0.288217 0.0176974 0.00715727
0.28825 0.0166762 0.00770238
0.285093 0.0149476 0.0117082
0.287422 0.019201 0.00715395
0.286138 0.0168973 0.00780023
0.287695 0.0180666 0.00739035
0.292472 0.0183101 0.00712504
0.286256 0.0173235 0.00739477
0.276798 0.017568 0.00735492
0.286791 0.0183637 0.00712891
0.286916 0.0190918 0.00715028
0.28102 0.0176005 0.00746288
0.287969 0.0181889 0.00709751
0.286138 0.0166749 0.00800152
0.28631 0.017555 0.00721174
0.286875 0.0177285 0.00712554
0.285228 0.0149474 0.0111237
0.279374 0.0147538 0.0104359
0.270233 0.0167079 0.0076586
0.280489 0.0158134 0.00854252
0.285874 0.0160649 0.00859995
0.28123 0.0164101 0.00783998
0.287829 0.0183443 0.00731278
0.280901 0.017694 0.00720356
0.291903 0.0161734 0.00853303
0.291974 0.0164078 0.00836018
0.286432 0.0181314 0.0071292
0.285809 0.0158536 0.00880265
0.279673 0.0153202 0.00912846
0.292537 0.0186018 0.00715047
0.287055 0.0176387 0.00734858
0.286771 0.0196533 0.0071623
0.280655 0.0156524 0.00873365
0.2865 0.0171571 0.00750086
0.280532 0.0168656 0.00784785
0.285161 0.0149547 0.011416
0.287747 0.017005 0.00752135
0.276325 0.0162162 0.00809914
0.287063 0.0185139 0.00712902
0.288329 0.0172734 0.00771014
0.279434 0.014798 0.0101453
0.276046 0.0167666 0.00754158
0.2864 0.0177894 0.0074051
0.280143 0.015078 0.00940991
0.284722 0.0153623 0.0132927
0.281016 0.0167775 0.00755347
0.286203 0.0171088 0.0075975
0.287599 0.0177188 0.00713889
0.288231 0.0183351 0.00709943
0.282078 0.0180815 0.00706286
0.28023 0.0165228 0.00811573
0.285679 0.0154309 0.00920804
0.285415 0.0148477 0.0102519
0.28594 0.0162761 0.00839729
0.288492 0.0178283 0.00709364
0.288635 0.0170862 0.00748802
0.276514 0.0182076 0.00721358
0.287881 0.0187862 0.00712652
0.287983 0.0178686 0.00708258
0.266758 0.0153051 0.0131552
0.287529 0.0171852 0.00742273
0.280572 0.0154667 0.00895409
0.28199 0.019639 0.00709118
0.279527 0.0151737 0.00990075
0.27551 0.0176803 0.00759036
0.288412 0.0174722 0.00727961
0.276199 0.0186995 0.00711548
0.287138 0.0179006 0.00715728
0.274746 0.0171833 0.00759819
0.281329 0.0184325 0.0070475
0.285486 0.0148997 0.00996493
0.2754 0.015959 0.00843343
0.280418 0.0160033 0.0083216
0.286005 0.0164875 0.00819458
0.285571 0.0152956 0.00975446
0.287137 0.0192949 0.00715533
0.279548 0.0149373 0.00957312
0.279491 0.0148618 0.0098577
0.281798 0.0181895 0.00706052
0.281409 0.0176762 0.00747949
0.286666 0.0179427 0.00713127
0.280716 0.0159798 0.0083463
0.285532 0.0149464 0.00967228
0.280124 0.0167077 0.00790484
0.267948 0.0160399 0.00811215
0.292602 0.0188935 0.00717589
0.287298 0.0176477 0.0071734
0.276176 0.0169796 0.0077074
0.280563 0.0187188 0.00703203
0.281942 0.0170768 0.00743821
0.279309 0.0147094 0.0107255
0.282198 0.0186218 0.00700002
0.280381 0.0172953 0.00760257
0.287612 0.0183087 0.00710955
0.288013 0.0168835 0.00758913
0.285501 0.0151924 0.0100289
0.269879 0.017073 0.00745577
0.280724 0.0168412 0.00752157
0.286628 0.0190094 0.00714772
0.275447 0.0190947 0.00706706
0.282304 0.0178943 0.00712548
0.284791 0.0152499 0.0130233
0.280567 0.0162083 0.00808047
0.280678 0.0172867 0.00764236
0.281542 0.018031 0.00729017
0.288067 0.0186828 0.00733852
0.288043 0.0178148 0.00737143
0.275798 0.0172934 0.00742933
0.279322 0.0150077 0.0107607
0.287679 0.0190165 0.00714078
0.279986 0.0153989 0.0090326
0.2876 0.0175148 0.00735881
0.280109 0.0163363 0.00831703
0.27301 0.0147145 0.0120708
0.28743 0.0188494 0.00713767
0.262394 0.0179578 0.00720514
0.280272 0.0161748 0.00812337
0.280291 0.0165479 0.00768955
0.287955 0.0166231 0.0077274
0.281789 0.0175336 0.00727403
0.276696 0.018432 0.00713296
0.280787 0.0171232 0.00741572
0.280372 0.0178585 0.00713661
0.282017 0.0173484 0.00733534
0.288343 0.0172144 0.00741634
0.281084 0.0170514 0.00745211
0.276369 0.0176618 0.00760621
0.280953 0.0163354 0.0079292
0.27959 0.0152605 0.00962076
0.275432 0.0161636 0.00821646
0.282267 0.0183028 0.00698941
0.285597 0.0151578 0.00946955
0.268929 0.016338 0.00791224
0.28705 0.0172976 0.00735739
0.281792 0.0165688 0.00770991
0.27597 0.0189911 0.00706231
0.286424 0.0175252 0.00754514
0.287984 0.0185047 0.00711173
0.280313 0.0175792 0.00722863
0.267363 0.0150467 0.0105993
0.280371 0.0163584 0.00790783
0.280215 0.0152653 0.00918723
0.27309 0.0146591 0.01171
0.287354 0.0185297 0.00719841
0.281258 0.0166148 0.00762252
0.282495 0.0176756 0.00720251
0.276443 0.0168546 0.00754186
0.275619 0.0186118 0.00716755
0.273872 0.0151205 0.00958821
0.286821 0.017468 0.00726392
0.281232 0.0175967 0.00725071
0.274939 0.0191846 0.00702771
0.28115 0.0173259 0.0073504
0.27629 0.0178772 0.00732739
0.280166 0.0158639 0.00848761
0.280935 0.0165293 0.0077011
0.273243 0.0149577 0.0110831
0.280657 0.0191417 0.0070625
0.275639 0.0177616 0.00733225
0.274901 0.0157557 0.00868134
0.280666 0.0163919 0.00786492
0.275143 0.0156255 0.00880112
0.287131 0.0188694 0.00714407
0.267804 0.0158586 0.00883228
0.288677 0.0173486 0.00734852
0.274273 0.0153663 0.0091938
0.274303 0.0175253 0.00759191
0.275555 0.0174645 0.00738584
0.281241 0.0192983 0.00706314
0.274812 0.0186059 0.00713371
0.280007 0.0160024 0.00870133
0.280427 0.0168073 0.00753564
0.285744 0.0156423 0.00900535
0.280432 0.01813 0.00702417
0.287629 0.0186246 0.00712373
0.270828 0.0182742 0.00709183
0.280725 0.0181917 0.00700998
0.280051 0.0155892 0.00880959
0.286431 0.0169461 0.00770524
0.279986 0.0162358 0.00805583
0.276292 0.0181654 0.00741063
0.282002 0.017729 0.00719395
0.275936 0.015924 0.00843278
0.276021 0.0163518 0.00797806
0.27925 0.0149633 0.0110485
0.274836 0.019963 0.00708893
0.280893 0.0170294 0.00768259
0.280138 0.0167964 0.00761863
0.282478 0.0185153 0.00700803
0.286592 0.0176536 0.00719054
0.282374 0.0189196 0.00702075
0.280788 0.0197253 0.00711499
0.288052 0.0171461 0.00744947
0.28769 0.0167463 0.00766198
0.280549 0.017358 0.00731956
0.271012 0.018041 0.00713158
0.280755 0.0184901 0.0070042
0.275293 0.0195772 0.00704098
0.262721 0.0194197 0.00704135
0.280843 0.0174143 0.00730744
0.279794 0.0148729 0.00973291
0.275369 0.015754 0.00865064
0.280947 0.0192368 0.00705998
0.279921 0.0152087 0.00925536
0.275351 0.0176784 0.00733578
0.281764 0.0179011 0.00713537
0.273282 0.0145751 0.0108349
0.281139 0.0158346 0.00852628
0.274002 0.0154739 0.00911991
0.274586 0.0162975 0.00813479
0.284905 0.0150888 0.0125747
0.273479 0.0151149 0.0100989
0.269793 0.0191135 0.0069445
0.275642 0.0158291 0.00855285
0.275845 0.0184204 0.00721423
0.274122 0.0155384 0.00938785
0.274515 0.0184994 0.00714133
0.280973 0.0173058 0.0075923
0.280314 0.0170229 0.00771435
0.268076 0.0165588 0.00780907
0.280817 0.0167763 0.00782465
0.280842 0.015805 0.00855507
0.275672 0.0189025 0.00711385
0.268297 0.0175101 0.00759378
0.274208 0.01519 0.00942757
0.281032 0.0186842 0.00704008
0.28224 0.0171584 0.00740098
0.282075 0.0188955 0.00700935
0.269531 0.0159835 0.00841877
0.280665 0.0179161 0.00711226
0.269198 0.0176879 0.0071338
0.287319 0.0182438 0.00711435
0.2815 0.018185 0.00703626
0.281705 0.0172521 0.00737839
0.286693 0.0193022 0.00715435
0.279391 0.0150511 0.0104718
0.263586 0.0181736 0.00714051
0.281771 0.019085 0.0070336
0.281461 0.0190962 0.00703853
0.275963 0.0170491 0.00748357
0.275901 0.0187111 0.00714544
0.274876 0.018896 0.00708058
0.273348 0.0147744 0.0106204
0.274857 0.0169439 0.0074559
0.280049 0.0164263 0.00783266
0.280471 0.0175975 0.00748279
0.280593 0.0165821 0.00764389
0.276319 0.0171217 0.00748501
0.262996 0.0181735 0.00717165
0.270232 0.0160173 0.00854313
0.269877 0.0186093 0.00722414
0.281607 0.0188355 0.00700882
0.274424 0.0159656 0.00849434
0.270733 0.0179316 0.00714009
0.279245 0.0146652 0.0110151
0.279856 0.0150185 0.00947812
0.279661 0.0154496 0.0093988
0.282553 0.0182115 0.00700163
0.268256 0.0173326 0.00735539
0.263131 0.0187617 0.00709613
0.281618 0.0184518 0.00696665
0.28155 0.0177053 0.00721659
0.288686 0.0180564 0.00707832
0.275221 0.0192866 0.00702028
0.281859 0.0193702 0.00706353
0.268198 0.0170789 0.0075046
0.286498 0.0184239 0.00714361
0.27322 0.0145976 0.0111276
0.281987 0.0184092 0.0069814
0.273409 0.0150003 0.0103673
0.264831 0.017051 0.00746152
0.263147 0.0158415 0.00880716
0.268876 0.0166017 0.0080452
0.274912 0.0178354 0.00728651
0.280607 0.0176377 0.00721568
0.281513 0.016497 0.00779231
0.276405 0.0174209 0.00743106
0.279459 0.0151029 0.0101843
0.270296 0.0163737 0.00807178
0.279608 0.01513 0.00935122
0.280272 0.0154558 0.0089625
0.275875 0.0175811 0.00737722
0.276298 0.0164232 0.00788382
0.282151 0.0168735 0.0075091
0.281308 0.0178688 0.00715009
0.28186 0.0168071 0.00754064
0.269678 0.0175379 0.00719195
0.268864 0.0166271 0.00774633
0.279738 0.0155104 0.00890577
0.276525 0.0176915 0.0073517
0.274957 0.0172593 0.00739947
0.264466 0.0168036 0.00775931
0.263487 0.0189984 0.00705059
0.269669 0.0167723 0.00763695
0.275432 0.0164551 0.00791059
0.27539 0.0187996 0.00712142
0.28223 0.0175447 0.00725737
0.275722 0.0164982 0.00784522
0.276397 0.0184774 0.00715362
0.275477 0.0166582 0.00769434
0.269578 0.0170289 0.00749074
0.2687 0.0169248 0.00798134
0.263078 0.0179119 0.00745409
0.276284 0.0192767 0.00698107
0.274334 0.0161739 0.00829805
0.261766 0.0157061 0.00892447
0.274704 0.0174466 0.00735241
0.276547 0.0165319 0.00775714
0.27458 0.0187894 0.00708826
0.274559 0.0169216 0.00748245
0.268281 0.0159538 0.00835903
0.280337 0.0156459 0.0087398
0.279911 0.0161982 0.00849519
0.270173 0.0170171 0.00747914
0.268493 0.0184004 0.00708978
0.280883 0.0189439 0.00705526
0.273098 0.0149585 0.0116819
0.273576 0.0151697 0.00959263
0.274693 0.0156149 0.0088453
0.269647 0.0172803 0.00734255
0.26441 0.0172092 0.00736245
0.28049 0.0170821 0.00742204
0.275126 0.0177573 0.00751763
0.281392 0.017163 0.00741879
0.28005 0.0160447 0.00827801
0.274035 0.016478 0.00798919
0.270185 0.018145 0.00709323
0.26255 0.0174164 0.00763181
0.270967 0.0177473 0.00717397
0.261542 0.0152766 0.00988448
0.270257 0.017265 0.00733254
0.27653 0.0188333 0.007043
0.27453 0.0172059 0.00739122
0.27005 0.0193223 0.0069208
0.274469 0.0157594 0.00870752
0.274934 0.0154827 0.00896548
0.275327 0.018511 0.0071743
0.281474 0.0174328 0.00731656
0.281327 0.0168887 0.00752115
0.274804 0.017693 0.00753146
0.262904 0.0178469 0.00720216
0.274721 0.0153443 0.00912552
0.275766 0.0167013 0.00762896
0.268639 0.0164577 0.00785171
0.281624 0.0169822 0.00748078
0.273642 0.0153496 0.00935426
0.27918 0.0146208 0.011305
0.268539 0.0170379 0.00775548
0.269342 0.0182792 0.00704997
0.269962 0.0183784 0.00705236
0.274347 0.0172308 0.00762815
0.273315 0.0150142 0.0107976
0.274367 0.0165748 0.00786405
0.274059 0.016075 0.00840488
0.27486 0.0166389 0.0077575
0.27293 0.0150406 0.0124461
0.256387 0.0179181 0.00711794
0.274881 0.0162499 0.00816422
0.276776 0.018998 0.00699525
0.273513 0.0149926 0.00982662
0.275126 0.015885 0.00853008
0.26989 0.0180899 0.00709326
0.274381 0.0179003 0.00725099
0.261574 0.0151572 0.0096111
0.276004 0.016559 0.00776183
0.274302 0.0163726 0.00807571
0.274748 0.0183167 0.00718667
0.2741 0.016675 0.0077725
0.27522 0.016317 0.00807046
0.269471 0.0194664 0.00695937
0.270553 0.018393 0.00706658
0.267293 0.0149791 0.010883
0.274449 0.0182055 0.00719513
0.275675 0.0160337 0.00833588
0.269259 0.0169336 0.00784925
0.27504 0.0184156 0.00718024
0.274744 0.0188152 0.00733758
0.276173 0.0176064 0.0073853
0.274316 0.0176093 0.00730424
0.280195 0.0170297 0.00743895
0.280494 0.0184059 0.00712456
0.269397 0.0185722 0.00700867
0.270798 0.0172092 0.00734904
0.274308 0.0168173 0.00760869
0.26938 0.015505 0.00903555
0.275188 0.0165836 0.00779264
0.270256 0.0184337 0.00705231
0.269882 0.0170884 0.00775535
0.276706 0.0170028 0.00751764
0.275647 0.0179898 0.00752677
0.274989 0.0180243 0.00751457
0.270525 0.0161048 0.00849495
0.268937 0.0155962 0.0088033
0.276876 0.0174175 0.00762697
0.270134 0.0165036 0.00785496
0.276655 0.0179484 0.00726801
0.269978 0.0175866 0.00717046
0.268292 0.0157231 0.00855049
0.274437 0.0177846 0.00752214
0.274711 0.0193787 0.00704018
0.276133 0.018335 0.00722122
0.27628 0.01665 0.00768827
0.263876 0.0183115 0.00710979
0.276097 0.0173173 0.00743768
0.26846 0.0160452 0.00858205
0.274992 0.019475 0.00697403
0.267084 0.0147925 0.0117377
0.275677 0.0169558 0.00748912
0.275558 0.0196908 0.0069603
0.269298 0.0169385 0.00755194
0.267678 0.0151026 0.0103606
0.280723 0.0194338 0.00708663
0.274645 0.0190818 0.00703804
0.261385 0.0147072 0.0103521
0.25602 0.0164003 0.00800611
0.2677 0.0149964 0.0106406
0.263454 0.0161857 0.00846999
0.275071 0.0167798 0.0075983
0.276268 0.0189795 0.00703237
0.269387 0.0166912 0.00769682
0.26685 0.0152071 0.012887
0.268729 0.015698 0.00861339
0.28086 0.0161495 0.0081453
0.275391 0.0168647 0.00749436
0.27416 0.0158765 0.00860608
0.263405 0.0195878 0.00698693
0.256839 0.0199695 0.00712587
0.270655 0.0164783 0.00801632
0.274193 0.017014 0.00741359
0.27578 0.0181291 0.00726753
0.273168 0.0149328 0.0113726
0.269048 0.0183327 0.00703827
0.274652 0.0164972 0.00792068
0.269106 0.0173672 0.00730886
0.275145 0.0170309 0.00745158
0.27345 0.0148159 0.0100606
0.262525 0.0185412 0.00715322
0.275745 0.0191882 0.00703361
0.268678 0.0162056 0.0080095
0.261039 0.0147831 0.0118847
0.276172 0.0160437 0.00829083
0.274624 0.0177298 0.00729437
0.270897 0.0174584 0.00721495
0.266795 0.014985 0.0129334
0.267229 0.0149129 0.0111684
0.274671 0.0160961 0.00834017
0.27339 0.0147029 0.010332
0.26884 0.0174966 0.00726024
0.270694 0.0167259 0.00768747
0.263321 0.0183137 0.00713798
0.268746 0.0169786 0.00754578
0.270405 0.0177939 0.00715147
0.270374 0.018301 0.00729434
0.274575 0.0167141 0.00769844
0.273707 0.0155275 0.00911856
0.257053 0.0184287 0.00716767
0.272998 0.0150017 0.0121565
0.268248 0.016252 0.00835652
0.274973 0.0164435 0.00795459
0.269357 0.0172211 0.007386
0.28096 0.0179697 0.0071012
0.275064 0.0197704 0.00705342
0.276021 0.0177793 0.00757696
0.270746 0.0169539 0.00749802
0.280254 0.0173035 0.00733101
0.274992 0.0175521 0.00734455
0.269095 0.0161532 0.0080806
0.270014 0.0162283 0.00820176
0.267833 0.0157571 0.00855155
0.275197 0.0179297 0.00728068
0.268716 0.018203 0.00705099
0.274481 0.0154864 0.00901463
0.262147 0.0168785 0.00770685
0.269486 0.0177841 0.00712748
0.263894 0.0198357 0.00708421
0.269234 0.0159522 0.00838917
0.269672 0.018455 0.00703297
0.272868 0.0151328 0.0127266
0.263084 0.0156346 0.0090151
0.275647 0.0163004 0.00805799
0.269315 0.0163206 0.00791034
0.256973 0.0168893 0.00763607
0.268541 0.0158135 0.00840982
0.267741 0.0156069 0.00898283
0.256582 0.0181596 0.00738889
0.275165 0.0189927 0.00707448
0.273809 0.0149435 0.00982221
0.268653 0.0179117 0.00708548
0.266918 0.0148458 0.0124802
0.270446 0.0165801 0.00782642
0.27589 0.0161702 0.00817772
0.275994 0.0179252 0.00731612
0.270042 0.0187318 0.0070021
0.267984 0.0159685 0.00840121
0.264583 0.0164551 0.00809143
0.270639 0.0186779 0.00702662
0.255186 0.0148103 0.011277
0.275248 0.017401 0.00738477
0.275102 0.0187041 0.00712736
0.274687 0.0180279 0.00723966
0.262185 0.0161706 0.00842962
0.268803 0.0172439 0.0074177
0.26947 0.0188676 0.0069753
0.269767 0.0194182 0.00693969
0.262261 0.0173719 0.00756656
0.263066 0.0184712 0.00713315
0.263611 0.015854 0.00881476
0.273547 0.0152908 0.00986563
0.275519 0.0193833 0.0070064
0.270465 0.0168687 0.00755628
0.263328 0.0174277 0.00722758
0.269016 0.0173818 0.00759467
0.274143 0.0150135 0.00966136
0.264771 0.0168444 0.007676
0.26259 0.0188319 0.00711593
0.262333 0.0176853 0.00731434
0.270453 0.0159245 0.00872365
0.274255 0.0173206 0.00735737
0.260986 0.014836 0.0121751
0.269657 0.0167763 0.00793667
0.270272 0.0175271 0.00718742
0.256266 0.0173888 0.00735618
0.268588 0.0176319 0.0071712
0.268555 0.0186769 0.00699133
0.268322 0.0176227 0.00731687
0.275087 0.0160924 0.00831511
0.276799 0.0187011 0.00704903
0.255654 0.0153542 0.0093148
0.2686 0.0167539 0.0076809
0.264214 0.0162164 0.00839429
0.273937 0.0152969 0.00935439
0.26945 0.0180087 0.00732321
0.269379 0.0158138 0.00861349
0.270913 0.018559 0.00705187
0.262199 0.0170866 0.00749714
0.263699 0.0196405 0.00696576
0.269868 0.0163656 0.00797865
0.2686 0.0166838 0.00812925
0.275416 0.0171584 0.00743879
0.268837 0.0187852 0.00697962
0.268493 0.0171212 0.00747084
0.268454 0.015504 0.0090604
0.263937 0.0156266 0.00900718
0.2554 0.015046 0.0104354
0.276675 0.0172917 0.007443
0.269015 0.016849 0.00761272
0.262459 0.0182495 0.00717925
0.263343 0.0168106 0.00782863
0.256861 0.0163962 0.00795912
0.266973 0.0150169 0.012239
0.270317 0.0180041 0.00734688
0.269963 0.0173238 0.00731439
0.268434 0.0164404 0.00818472
0.262722 0.0161285 0.00849607
0.268946 0.0158757 0.00842356
0.262616 0.0177555 0.00721667
0.262055 0.0157574 0.00884479
0.261409 0.0150033 0.0103943
0.270514 0.0171239 0.00740653
0.268523 0.0159952 0.00815716
0.255765 0.015506 0.00874513
0.274976 0.0181272 0.00723306
0.263641 0.0156174 0.00905692
0.269234 0.0156423 0.00881235
0.268913 0.0190891 0.00694401
0.263123 0.0169483 0.00767869
0.263372 0.0165298 0.00811649
0.261095 0.0149906 0.0117667
0.26421 0.0173961 0.00723384
0.269857 0.0165787 0.00776777
0.268315 0.0168389 0.00764184
0.269963 0.0168228 0.00759853
0.268374 0.0165832 0.00778701
0.268794 0.0184907 0.00701593
0.268995 0.0168683 0.00797629
0.268123 0.0168453 0.00788423
0.267019 0.0148065 0.0120301
0.269261 0.0179797 0.00709221
0.269743 0.0187438 0.00699202
0.269588 0.0162734 0.00803641
0.269156 0.0165019 0.00808818
0.262418 0.0160441 0.0085687
0.264495 0.0162578 0.00829961
0.263627 0.0174492 0.00721769
0.270526 0.0173913 0.00727118
0.262777 0.0178472 0.00747422
0.26715 0.0148468 0.0114502
0.262928 0.0159802 0.00865617
0.256892 0.0202637 0.0070998
0.269194 0.0189847 0.00695742
0.269635 0.0177619 0.00738683
0.263377 0.0159808 0.00867538
0.264385 0.0179961 0.00712212
0.269147 0.0165374 0.00778969
0.267681 0.0155101 0.00926046
0.266966 0.014636 0.0122712
0.262747 0.0183404 0.00716433
0.267956 0.0162977 0.00830513
0.263987 0.0195561 0.00696072
0.257274 0.0182265 0.00718304
0.269734 0.0161376 0.00826038
0.261831 0.0159031 0.00870773
0.256153 0.0168959 0.00767913
0.262758 0.0172644 0.00734063
0.261327 0.0147342 0.0106453
0.268957 0.019422 0.0069512
0.263621 0.0184694 0.00710469
0.273857 0.0159362 0.00857712
0.275954 0.0174777 0.00764734
0.275263 0.0182214 0.00722735
0.262799 0.0175551 0.00753886
0.269375 0.0161251 0.00818725
0.27048 0.0180896 0.00710961
0.276489 0.0172747 0.00767898
0.268072 0.0158643 0.0086981
0.261474 0.0150931 0.0101156
0.269049 0.017665 0.00739343
0.263783 0.0162306 0.00843555
0.269562 0.0164829 0.0078233
0.264273 0.0164153 0.00817354
0.260838 0.0148836 0.0128399
0.269065 0.0171042 0.00746301
0.264154 0.0167801 0.0078265
0.269592 0.0181154 0.0070812
0.262678 0.0164149 0.00820238
0.264781 0.017565 0.00717756
0.269676 0.0155409 0.00905882
0.264743 0.0172921 0.00730641
0.264093 0.0160235 0.00858956
0.268639 0.0188551 0.00721771
0.270342 0.0187186 0.00701236
0.268244 0.0160826 0.00809069
0.264359 0.015861 0.00871452
0.262861 0.0157707 0.00886672
0.26199 0.015566 0.00906666
0.256988 0.0181359 0.00716208
0.268449 0.0156088 0.00877936
0.264688 0.0166462 0.00788534
0.269366 0.016695 0.00799606
0.264044 0.0190157 0.00702004
0.256092 0.0167089 0.00790566
0.262479 0.0171822 0.00741211
0.268968 0.0180426 0.00707474
0.269387 0.0174787 0.00723542
0.268365 0.017817 0.0070924
0.26377 0.018898 0.00704767
0.256261 0.0162414 0.00809449
0.270379 0.0190131 0.00696965
0.276713 0.0167097 0.00758145
0.269228 0.0192954 0.00692156
0.269949 0.0160389 0.00844478
0.256756 0.0183249 0.00714586
0.264351 0.017701 0.00716345
0.256923 0.0178431 0.00715649
0.262975 0.0165058 0.00812282
0.263091 0.0176168 0.00750635
0.270662 0.017643 0.00718102
0.264479 0.0160469 0.00851229
0.263176 0.0193968 0.00702067
0.261444 0.0147952 0.0100714
0.270097 0.0178595 0.00713322
0.269113 0.0186681 0.0069945
0.262484 0.0162507 0.00836118
0.26801 0.0162932 0.0079642
0.268691 0.0192884 0.00691963
0.268234 0.0166232 0.00805555
0.262119 0.015964 0.00863716
0.269828 0.0157109 0.00886324
0.263192 0.019053 0.00705942
0.255536 0.0151999 0.0098823
0.262731 0.0166232 0.00799255
0.270304 0.0161975 0.00831443
0.263406 0.0170231 0.00761553
0.260744 0.0153291 0.01321
0.262353 0.0158379 0.0087766
0.269715 0.0158656 0.00862454
0.263576 0.0163801 0.00827732
0.261896 0.0160989 0.00848988
0.262918 0.0162943 0.00833581
0.256296 0.0164905 0.00793116
0.268843 0.0160299 0.00818782
0.263124 0.016146 0.00849591
0.264065 0.0171557 0.00748623
0.269191 0.0196001 0.00701134
0.262252 0.0163786 0.00822068
0.256582 0.0187987 0.00713475
0.260814 0.0152033 0.0129467
0.262821 0.0181921 0.00741443
0.262655 0.0191225 0.00707899
0.256517 0.0185059 0.00712916
0.268739 0.0178173 0.00735705
0.27002 0.0180406 0.00735942
0.261961 0.0163055 0.00828237
0.260883 0.0151238 0.0126658
0.256918 0.0166425 0.00779765
0.268905 0.0177521 0.00711618
0.263993 0.0163802 0.00827431
0.26321 0.0163493 0.00829264
0.256444 0.0169738 0.00761234
0.255603 0.0152778 0.00960043
0.27008 0.0190263 0.00695939
0.262026 0.016512 0.00807485
0.269824 0.0174817 0.00752792
0.264627 0.01782 0.00714179
0.268798 0.0161282 0.00848898
0.268627 0.0189972 0.00695377
0.269526 0.0175047 0.00750027
0.263626 0.0176414 0.00744804
0.269498 0.0191665 0.0069371
0.269531 0.0156791 0.00883446
0.263921 0.0186396 0.00706969
0.270023 0.015867 0.00869765
0.255332 0.0149679 0.0107168
0.256684 0.0168154 0.00770022
0.263394 0.0174739 0.00756612
0.257029 0.0171374 0.0074769
0.256327 0.0176345 0.00719498
0.263784 0.0165348 0.00812501
0.263979 0.0175823 0.00718847
0.263044 0.0173414 0.00727478
0.255957 0.0161546 0.00816635
0.262718 0.0169075 0.00770241
0.262502 0.0167539 0.00784938
0.261505 0.0149769 0.00984071
0.262839 0.0173143 0.00771323
0.262835 0.0175514 0.00722873
0.262338 0.0176958 0.0076141
0.262682 0.0180487 0.00719058
0.26222 0.0166763 0.00791602
0.26278 0.0197115 0.0070047
0.262564 0.0156927 0.00893303
0.263426 0.0177561 0.00719683
0.264261 0.0169841 0.0076348
0.256414 0.0178794 0.00741421
0.26392 0.016969 0.0076705
0.257066 0.0197575 0.00714176
0.263354 0.0177607 0.00748799
0.255894 0.0159118 0.00833065
0.264105 0.0178729 0.00715408
0.264164 0.018465 0.0070773
0.262541 0.0180361 0.00745498
0.256777 0.0196771 0.00715139
0.264216 0.0156845 0.00891049
0.262449 0.0165454 0.00805944
0.263378 0.0157129 0.00894825
0.256886 0.0189106 0.00715704
0.262945 0.0167751 0.00784732
0.256712 0.0193843 0.00714592
0.263879 0.0173342 0.00733287
0.262812 0.018631 0.00712854
0.262556 0.0174856 0.00733323
0.256133 0.0157509 0.00841542
0.264656 0.0181222 0.00709637
0.255834 0.0156788 0.00850976
0.269784 0.0178119 0.00713162
0.263179 0.0171566 0.00746893
0.262642 0.0159088 0.00871634
0.2617 0.0155214 0.00915138
0.263423 0.0186946 0.00708888
0.255992 0.0155074 0.00894187
0.268551 0.0173749 0.00732164
0.262259 0.0173205 0.00726158
0.256396 0.0167262 0.00777464
0.25621 0.0171424 0.00751766
0.264139 0.0181682 0.00711279
0.256797 0.0173081 0.00737733
0.264066 0.016583 0.00803511
0.263203 0.0179567 0.00718514
0.256846 0.0175559 0.00721544
0.257495 0.0180236 0.00719835
0.263637 0.0168935 0.00775699
0.26164 0.015338 0.00938107
0.255708 0.0154295 0.00902951
0.263133 0.0173712 0.00767343
0.263725 0.0177414 0.00718317
0.256773 0.0176767 0.00748001
0.268429 0.0181086 0.00705954
0.263456 0.0180095 0.00735506
0.263797 0.0160128 0.00864135
0.262896 0.0170807 0.00753375
0.26436 0.0166123 0.00796483
0.262429 0.0169561 0.00764019
0.256647 0.0190915 0.00714033
0.250357 0.0177896 0.00722757
0.256497 0.0172209 0.00745065
0.26294 0.0192147 0.00705374
0.268546 0.0162201 0.0083543
0.268417 0.0168342 0.00794567
0.256074 0.0155874 0.00866466
0.263863 0.0167556 0.00789747
0.264417 0.0183037 0.00708292
0.256622 0.017755 0.0072324
0.263983 0.0158369 0.00879826
0.256452 0.0182131 0.00712358
0.256635 0.0165676 0.00786214
0.263159 0.0167314 0.00805269
0.264506 0.0174486 0.00720917
0.256557 0.0174684 0.00729206
0.256821 0.0186178 0.00715145
0.256738 0.0170623 0.0075386
0.256691 0.0180321 0.00714026
0.260943 0.0150493 0.0123816
0.256537 0.0163317 0.00801925
0.255478 0.015174 0.0101755
0.263841 0.0180159 0.00714709
0.257089 0.0173873 0.00732213
0.263732 0.0171399 0.00751028
0.263916 0.0178514 0.0073865
0.257209 0.0179337 0.00717745
0.255258 0.014889 0.0109967
0.26455 0.0170092 0.00755781
0.263579 0.0166861 0.00796577
0.260675 0.0154584 0.0134717
0.262877 0.0189215 0.00709074
0.263135 0.0176567 0.0072123
0.257144 0.0176409 0.00717185
0.262588 0.0171633 0.00778854
0.263466 0.01723 0.00740666
0.256196 0.0159959 0.00825444

VERTICES 885 1770
1 0
1 1
1 2
1 3
1 4
1 5
1 6
1 7
1 8
1 9
1 10
1 11
1 12
1 13
1 14
1 15
1 16
1 17
1 18
1 19
1 20
1 21
1 22
1 23
1 24
1 25
1 26
1 27
1 28
1 29
1 30
1 31
1 32
1 33
1 34
1 35
1 36
1 37
1 38
1 39
1 40
1 41
1 42
1 43
1 44
1 45
1 46
1 47
1 48
1 49
1 50
1 51
1 52
1 53
1 54
1 55
1 56
1 57
1 58
1 59
1 60
1 61
1 62
1 63
1 64
1 65
1 66
1 67
1 68
1 69
1 70
1 71
1 72
1 73
1 74
1 75
1 76
1 77
1 78
1 79
1 80
1 81
1 82
1 83
1 84
1 85
1 86
1 87
1 88
1 89
1 90
1 91
1 92
1 93
1 94
1 95
1 96
1 97
1 98
1 99
1 100
1 101
1 102
1 103
1 104
1 105
1 106
1 107
1 108
1 109
1 110
1 111
1 112
1 113
1 114
1 115
1 116
1 117
1 118
1 119
1 120
1 121
1 122
1 123
1 124
1 125
1 126
1 127
1 128
1 129
1 130
1 131
1 132
1 133
1 134
1 135
1 136
1 137
1 138
1 139
1 140
1 141
1 142
1 143
1 144
1 145
1 146
1 147
1 148
1 149
1 150
1 151
1 152
1 153
1 154
1 155
1 156
1 157
1 158
1 159
1 160
1 161
1 162
1 163
1 164
1 165
1 166
1 167
1 168
1 169
1 170
1 171
1 172
1 173
1 174
1 175
1 176
1 177
1 178
1 179
1 180
1 181
1 182
1 183
1 184
1 185
1 186
1 187
1 188
1 189
1 190
1 191
1 192
1 193
1 194
1 195
1 196
1 197
1 198
1 199
1 200
1 201
1 202
1 203
1 204
1 205
1 206
1 207
1 208
1 209
1 210
1 211
1 212
1 213
1 214
1 215
1 216
1 217
1 218
1 219
1 220
1 221
1 222
1 223
1 224
1 225
1 226
1 227
1 228
1 229
1 230
1 231
1 232
1 233
1 234
1 235
1 236
1 237
1 238
1 239
1 240
1 241
1 242
1 243
1 244
1 245
1 246
1 247
1 248
1 249
1 250
1 251
1 252
1 253
1 254
1 255
1 256
1 257
1 258
1 259
1 260
1 261
1 262
1 263
1 264
1 265
1 266
1 267
1 268
1 269
1 270
1 271
1 272
1 273
1 274
1 275
1 276
1 277
1 278
1 279
1 280
1 281
1 282
1 283
1 284
1 285
1 286
1 287
1 288
1 289
1 290
1 291
1 292
1 293
1 294
1 295
1 296
1 297
1 298
1 299
1 300
1 301
1 302
1 303
1 304
1 305
1 306
1 307
1 308
1 309
1 310
1 311
1 312
1 313
1 314
1 315
1 316
1 317
1 318
1 319
1 320
1 321
1 322
1 323
1 324
1 325
1 326
1 327
1 328
1 329
1 330
1 331
1 332
1 333
1 334
1 335
1 336
1 337
1 338
1 339
1 340
1 341
1 342
1 343
1 344
1 345
1 346
1 347
1 348
1 349
1 350
1 351
1 352
1 353
1 354
1 355
1 356
1 357
1 358
1 359
1 360
1 361
1 362
1 363
1 364
1 365
1 366
1 367
1 368
1 369
1 370
1 371
1 372
1 373
1 374
1 375
1 376
1 377
1 378
1 379
1 380
1 381
1 382
1 383
1 384
1 385
1 386
1 387
1 388
1 389
1 390
1 391
1 392
1 393
1 394
1 395
1 396
1 397
1 398
1 399
1 400
1 401
1 402
1 403
1 404
1 405
1 406
1 407
1 408
1 409
1 410
1 411
1 412
1 413
1 414
1 415
1 416
1 417
1 418
1 419
1 420
1 421
1 422
1 423
1 424
1 425
1 426
1 427
1 428
1 429
1 430
1 431
1 432
1 433
1 434
1 435
1 436
1 437
1 438
1 439
1 440
1 441
1 442
1 443
1 444
1 445
1 446
1 447
1 448
1 449
1 450
1 451
1 452
1 453
1 454
1 455
1 456
1 457
1 458
1 459
1 460
1 461
1 462
1 463
1 464
1 465
1 466
1 467
1 468
1 469
1 470
1 471
1 472
1 473
1 474
1 475
1 476
1 477
1 478
1 479
1 480
1 481
1 482
1 483
1 484
1 485
1 486
1 487
1 488
1 489
1 490
1 491
1 492
1 493
1 494
1 495
1 496
1 497
1 498
1 499
1 500
1 501
1 502
1 503
1 504
1 505
1 506
1 507
1 508
1 509
1 510
1 511
1 512
1 513
1 514
1 515
1 516
1 517
1 518
1 519
1 520
1 521
1 522
1 523
1 524
1 525
1 526
1 527
1 528
1 529
1 530
1 531
1 532
1 533
1 534
1 535
1 536
1 537
1 538
1 539
1 540
1 541
1 542
1 543
1 544
1 545
1 546
1 547
1 548
1 549
1 550
1 551
1 552
1 553
1 554
1 555
1 556
1 557
1 558
1 559
1 560
1 561
1 562
1 563
1 564
1 565
1 566
1 567
1 568
1 569
1 570
1 571
1 572
1 573
1 574
1 575
1 576
1 577
1 578
1 579
1 580
1 581
1 582
1 583
1 584
1 585
1 586
1 587
1 588
1 589
1 590
1 591
1 592
1 593
1 594
1 595
1 596
1 597
1 598
1 599
1 600
1 601
1 602
1 603
1 604
1 605
1 606
1 607
1 608
1 609
1 610
1 611
1 612
1 613
1 614
1 615
1 616
1 617
1 618
1 619
1 620
1 621
1 622
1 623
1 624
1 625
1 626
1 627
1 628
1 629
1 630
1 631
1 632
1 633
1 634
1 635
1 636
1 637
1 638
1 639
1 640
1 641
1 642
1 643
1 644
1 645
1 646
1 647
1 648
1 649
1 650
1 651
1 652
1 653
1 654
1 655
1 656
1 657
1 658
1 659
1 660
1 661
1 662
1 663
1 664
1 665
1 666
1 667
1 668
1 669
1 670
1 671
1 672
1 673
1 674
1 675
1 676
1 677
1 678
1 679
1 680
1 681
1 682
1 683
1 684
1 685
1 686
1 687
1 688
1 689
1 690
1 691
1 692
1 693
1 694
1 695
1 696
1 697
1 698
1 699
1 700
1 701
1 702
1 703
1 704
1 705
1 706
1 707
1 708
1 709
1 710
1 711
1 712
1 713
1 714
1 715
1 716
1 717
1 718
1 719
1 720
1 721
1 722
1 723
1 724
1 725
1 726
1 727
1 728
1 729
1 730
1 731
1 732
1 733
1 734
1 735
1 736
1 737
1 738
1 739
1 740
1 741
1 742
1 743
1 744
1 745
1 746
1 747
1 748
1 749
1 750
1 751
1 752
1 753
1 754
1 755
1 756
1 757
1 758
1 759
1 760
1 761
1 762
1 763
1 764
1 765
1 766
1 767
1 768
1 769
1 770
1 771
1 772
1 773
1 774
1 775
1 776
1 777
1 778
1 779
1 780
1 781
1 782
1 783
1 784
1 785
1 786
1 787
1 788
1 789
1 790
1 791
1 792
1 793
1 794
1 795
1 796
1 797
1 798
1 799
1 800
1 801
1 802
1 803
1 804
1 805
1 806
1 807
1 808
1 809
1 810
1 811
1 812
1 813
1 814
1 815
1 816
1 817
1 818
1 819
1 820
1 821
1 822
1 823
1 824
1 825
1 826
1 827
1 828
1 829
1 830
1 831
1 832
1 833
1 834
1 835
1 836
1 837
1 838
1 839
1 840
1 841
1 842
1 843
1 844
1 845
1 846
1 847
1 848
1 849
1 850
1 851
1 852
1 853
1 854
1 855
1 856
1 857
1 858
1 859
1 860
1 861
1 862
1 863
1 864
1 865
1 866
1 867
1 868
1 869
1 870
1 871
1 872
1 873
1 874
1 875
1 876
1 877
1 878
1 879
1 880
1 881
1 882
1 883
1 884

POINT_DATA 885
SCALARS id int 1
LOOKUP_TABLE default
1
2
3
4
5
6
7
8
9
10
11
12
13
14
15
16
17
18
19
20
21
22
23
24
25
26
27
28
29
30
31
32
33
34
35
36
37
39
40
41
42
43
44
45
46
47
48
49
50
51
52
53
54
56
57
58
59
60
61
62
63
64
65
67
68
69
70
71
72
73
74
75
76
77
78
79
80
81
82
83
84
85
86
87
88
89
90
91
92
93
94
95
96
97
98
99
100
101
102
103
104
105
106
107
108
109
110
111
112
113
114
115
116
117
118
119
120
121
122
123
124
125
126
127
129
130
131
132
133
134
135
136
137
138
139
140
141
142
143
144
145
146
147
148
149
150
151
153
154
155
156
157
158
159
160
161
162
163
164
165
166
167
168
169
170
171
172
173
174
175
176
177
178
179
180
181
182
183
184
185
186
187
188
189
190
191
192
193
194
195
196
197
198
199
200
201
202
203
204
205
206
207
208
209
210
211
212
213
214
215
217
218
219
220
221
222
223
224
225
226
227
228
229
230
231
232
233
234
235
236
237
238
239
240
241
242
243
244
245
246
247
248
249
250
251
252
253
254
255
256
257
258
259
260
261
262
263
264
265
266
267
268
269
270
271
273
274
275
276
277
278
279
280
281
282
283
284
285
286
287
288
289
290
291
292
293
294
295
296
297
298
299
300
301
302
303
304
305
306
307
308
309
310
311
312
313
314
315
316
317
318
319
320
321
322
323
324
325
326
327
328
329
330
331
332
333
334
335
336
337
338
339
340
341
342
343
344
345
346
347
348
349
350
351
352
353
354
355
356
357
358
359
360
361
362
363
364
365
366
367
368
369
370
371
372
373
374
375
376
377
378
379
380
381
382
383
384
385
386
387
388
389
390
391
392
393
394
395
396
397
398
399
400
401
402
403
404
405
406
407
408
409
410
411
412
413
414
415
416
417
418
419
420
421
422
423
424
425
426
427
428
429
430
431
432
433
434
435
436
437
438
439
440
441
442
443
444
445
446
447
448
449
450
451
452
453
454
455
456
457
458
459
460
461
462
463
464
465
466
467
468
469
470
471
472
473
474
475
476
477
478
479
480
481
482
483
484
485
486
487
488
489
490
491
492
493
494
495
496
497
498
499
500
501
502
503
504
505
506
507
508
509
510
511
512
513
514
515
516
517
518
519
520
521
522
523
524
525
526
527
528
529
530
531
532
533
534
535
536
537
538
539
540
541
542
543
544
545
546
547
548
549
550
551
552
553
554
555
556
557
558
559
560
561
562
563
564
565
566
567
568
569
570
571
572
573
574
575
576
577
579
580
581
582
583
584
585
586
587
588
589
590
591
592
593
594
595
596
597
598
599
600
601
602
603
605
606
607
608
609
610
611
612
613
614
615
616
617
618
619
620
621
622
623
624
625
626
627
628
629
630
631
632
633
634
635
636
637
638
640
641
642
643
644
645
646
647
648
649
650
651
652
653
654
655
656
659
660
661
662
663
664
665
666
667
668
669
670
671
672
673
674
675
676
677
678
679
680
681
682
683
684
685
686
687
688
690
691
692
693
694
695
696
697
698
699
700
701
702
703
704
705
706
707
708
709
710
711
712
713
714
715
716
717
718
719
720
721
722
723
724
725
726
727
728
729
730
731
732
733
734
735
736
737
738
739
740
741
742
743
744
745
746
747
748
749
750
751
752
753
754
755
756
757
758
759
760
761
762
764
765
766
767
768
769
770
771
772
773
774
775
776
777
778
779
780
781
782
783
784
785
786
787
788
789
791
792
793
794
795
796
797
798
799
800
801
802
803
804
805
806
807
808
809
810
811
812
813
814
815
816
817
818
819
820
821
822
823
824
825
826
827
828
829
830
831
832
833
834
835
836
837
838
839
840
841
842
843
844
845
846
847
848
849
850
851
852
853
854
855
856
857
858
859
860
861
862
863
864
865
866
867
868
869
870
871
872
873
874
875
876
877
878
879
880
881
882
883
884
885
886
887
888
889
890
891
892
893
894
895
896
897
898
899
900

SCALARS type int 1
LOOKUP_TABLE default
1
1
1
1
1
1
1
1
1
1
1
1
1
1
1
1
1
1
1
1
1
1
1
1
1
1
1
1
1
1
1
1
1
1
1
1
1
1
1
1
1
1
1
1
1
1
1
1
1
1
1
1
1
1
1
1
1
1
1
1
1
1
1
1
1
1
1
1
1
1
1
1
1
1
1
1
1
1
1
1
1
1
1
1
1
1
1
1
1
1
1
1
1
1
1
1
1
1
1
1
1
1
1
1
1
1
1
1
1
1
1
1
1
1
1
1
1
1
1
1
1
1
1
1
1
1
1
1
1
1
1
1
1
1
1
1
1
1
1
1
1
1
1
1
1
1
1
1
1
1
1
1
1
1
1
1
1
1
1
1
1
1
1
1
1
1
1
1
1
1
1
1
1
1
1
1
1
1
1
1
1
1
1
1
1
1
1
1
1
1
1
1
1
1
1
1
1
1
1
1
1
1
1
1
1
1
1
1
1
1
1
1
1
1
1
1
1
1
1
1
1
1
1
1
1
1
1
1
1
1
1
1
1
1
1
1
1
1
1
1
1
1
1
1
1
1
1
1
1
1
1
1
1
1
1
1
1
1
1
1
1
1
1
1
1
1
1
1
1
1
1
1
1
1
1
1
1
1
1
1
1
1
1
1
1
1
1
1
1
1
1
1
1
1
1
1
1
1
1
1
1
1
1
1
1
1
1
1
1
1
1
1
1
1
1
1
1
1
1
1
1
1
1
1
1
1
1
1
1
1
1
1
1
1
1
1
1
1
1
1
1
1
1
1
1
1
1
1
1
1
1
1
1
1
1
1
1
1
1
1
1
1
1
1
1
1
1
1
1
1
1
1
1
1
1
1
1
1
1
1
1
1
1
1
1
1
1
1
1
1
1
1
1
1
1
1
1
1
1
1
1
1
1
1
1
1
1
1
1
1
1
1
1
1
1
1
1
1
1
1
1
1
1
1
1
1
1
1
1
1
1
1
1
1
1
1
1
1
1
1
1
1
1
1
1
1
1
1
1
1
1
1
1
1
1
1
1
1
1
1
1
1
1
1
1
1
1
1
1
1
1
1
1
1
1
1
1
1
1
1
1
1
1
1
1
1
1
1
1
1
1
1
1
1
1
1
1
1
1
1
1
1
1
1
1
1
1
1
1
1
1
1
1
1
1
1
1
1
1
1
1
1
1
1
1
1
1
1
1
1
1
1
1
1
1
1
1
1
1
1
1
1
1
1
1
1
1
1
1
1
1
1
1
1
1
1
1
1
1
1
1
1
1
1
1
1
1
1
1
1
1
1
1
1
1
1
1
1
1
1
1
1
1
1
1
1
1
1
1
1
1
1
1
1
1
1
1
1
1
1
1
1
1
1
1
1
1
1
1
1
1
1
1
1
1
1
1
1
1
1
1
1
1
1
1
1
1
1
1
1
1
1
1
1
1
1
1
1
1
1
1
1
1
1
1
1
1
1
1
1
1
1
1
1
1
1
1
1
1
1
1
1
1
1
1
1
1
1
1
1
1
1
1
1
1
1
1
1
1
1
1
1
1
1
1
1
1
1
1
1
1
1
1
1
1
1
1
1
1
1
1
1
1
1
1
1
1
1
1
1
1
1
1
1
1
1
1
1
1
1
1
1
1
1
1
1
1
1
1
1
1
1
1
1
1
1
1
1
1
1
1
1
1
1
1
1
1
1
1
1
1
1
1
1
1
1
1
1
1
1
1
1
1
1
1
1
1
1
1
1
1
1
1
1
1
1
1
1
1
1
1
1
1
1
1
1
1
1
1
1
1
1
1
1
1
1
1
1
1
1
1
1
1
1
1
1
1
1
1
1
1
1
1
1
1
1
1
1
1
1
1
1
1
1
1
1
1
1
1
1
1
1
1
1
1
1
1
1
1
1
1
1
1
1
1
1
1
1
1
1
1
1
1
1
1
1
1
1
1
1
1
1
1
1
1
1
1
1
1
1
1
1
1
1
1
1
1
1
1
1
1
1
1
1
1

SCALARS radius float 1
LOOKUP_TABLE default
0.00015
0.00015
0.00015
0.00015
0.00015
0.00015
0.00015
0.00015
0.00015
0.00015
0.00015
0.00015
0.00015
0.00015
0.00015
0.00015
0.00015
0.00015
0.00015
0.00015
0.00015
0.00015
0.00015
0.00015
0.00015
0.00015
0.00015
0.00015
0.00015
0.00015
0.00015
0.00015
0.00015
0.00015
0.00015
0.00015
0.00015
0.00015
0.00015
0.00015
0.00015
0.00015
0.00015
0.00015
0.00015
0.00015
0.00015
0.00015
0.00015
0.00015
0.00015
0.00015
0.00015
0.00015
0.00015
0.00015
0.00015
0.00015
0.00015
0.00015
0.00015
0.00015
0.00015
0.00015
0.00015
0.00015
0.00015
0.00015
0.00015
0.00015
0.00015
0.00015
0.00015
0.00015
0.00015
0.00015
0.00015
0.00015
0.00015
0.00015
0.00015
0.00015
0.00015
0.00015
0.00015
0.00015
0.00015
0.00015
0.00015
0.00015
0.00015
0.00015
0.00015
0.00015
0.00015
0.00015
0.00015
0.00015
0.00015
0.00015
0.00015
0.00015
0.00015
0.00015
0.00015
0.00015
0.00015
0.00015
0.00015
0.00015
0.00015
0.00015
0.00015
0.00015
0.00015
0.00015
0.00015
0.00015
0.00015
0.00015
0.00015
0.00015
0.00015
0.00015
0.00015
0.00015
0.00015
0.00015
0.00015
0.00015
0.00015
0.00015
0.00015
0.00015
0.00015
0.00015
0.00015
0.00015
0.00015
0.00015
0.00015
0.00015
0.00015
0.00015
0.00015
0.00015
0.00015
0.00015
0.00015
0.00015
0.00015
0.00015
0.00015
0.00015
0.00015
0.00015
0.00015
0.00015
0.00015
0.00015
0.00015
0.00015
0.00015
0.00015
0.00015
0.00015
0.00015
0.00015
0.00015
0.00015
0.00015
0.00015
0.00015
0.00015
0.00015
0.00015
0.00015
0.00015
0.00015
0.00015
0.00015
0.00015
0.00015
0.00015
0.00015
0.00015
0.00015
0.00015
0.00015
0.00015
0.00015
0.00015
0.00015
0.00015
0.00015
0.00015
0.00015
0.00015
0.00015
0.00015
0.00015
0.00015
0.00015
0.00015
0.00015
0.00015
0.00015
0.00015
0.00015
0.00015
0.00015
0.00015
0.00015
0.00015
0.00015
0.00015
0.00015
0.00015
0.00015
0.00015
0.00015
0.00015
0.00015
0.00015
0.00015
0.00015
0.00015
0.00015
0.00015
0.00015
0.00015
0.00015
0.00015
0.00015
0.00015
0.00015
0.00015
0.00015
0.00015
0.00015
0.00015
0.00015
0.00015
0.00015
0.00015
0.00015
0.00015
0.00015
0.00015
0.00015
0.00015
0.00015
0.00015
0.00015
0.00015
0.00015
0.00015
0.00015
0.00015
0.00015
0.00015
0.00015
0.00015
0.00015
0.00015
0.00015
0.00015
0.00015
0.00015
0.00015
0.00015
0.00015
0.00015
0.00015
0.00015
0.00015
0.00015
0.00015
0.00015
0.00015
0.00015
0.00015
0.00015
0.00015
0.00015
0.00015
0.00015
0.00015
0.00015
0.00015
0.00015
0.00015
0.00015
0.00015
0.00015
0.00015
0.00015
0.00015
0.00015
0.00015
0.00015
0.00015
0.00015
0.00015
0.00015
0.00015
0.00015
0.00015
0.00015
0.00015
0.00015
0.00015
0.00015
0.00015
0.00015
0.00015
0.00015
0.00015
0.00015
0.00015
0.00015
0.00015
0.00015
0.00015
0.00015
0.00015
0.00015
0.00015
0.00015
0.00015
0.00015
0.00015
0.00015
0.00015
0.00015
0.00015
0.00015
0.00015
0.00015
0.00015
0.00015
0.00015
0.00015
0.00015
0.00015
0.00015
0.00015
0.00015
0.00015
0.00015
0.00015
0.00015
0.00015
0.00015
0.00015
0.00015
0.00015
0.00015
0.00015
0.00015
0.00015
0.00015
0.00015
0.00015
0.00015
0.00015
0.00015
0.00015
0.00015
0.00015
0.00015
0.00015
0.00015
0.00015
0.00015
0.00015
0.00015
0.00015
0.00015
0.00015
0.00015
0.00015
0.00015
0.00015
0.00015
0.00015
0.00015
0.00015
0.00015
0.00015
0.00015
0.00015
0.00015
0.00015
0.00015
0.00015
0.00015
0.00015
0.00015
0.00015
0.00015
0.00015
0.00015
0.00015
0.00015
0.00015
0.00015
0.00015
0.00015
0.00015
0.00015
0.00015
0.00015
0.00015
0.00015
0.00015
0.00015
0.00015
0.00015
0.00015
0.00015
0.00015
0.00015
0.00015
0.00015
0.00015
0.00015
0.00015
0.00015
0.00015
0.00015
0.00015
0.00015
0.00015
0.00015
0.00015
0.00015
0.00015
0.00015
0.00015
0.00015
0.00015
0.00015
0.00015
0.00015
0.00015
0.00015
0.00015
0.00015
0.00015
0.00015
0.00015
0.00015
0.00015
0.00015
0.00015
0.00015
0.00015
0.00015
0.00015
0.00015
0.00015
0.00015
0.00015
0.00015
0.00015
0.00015
0.00015
0.00015
0.00015
0.00015
0.00015
0.00015
0.00015
0.00015
0.00015
0.00015
0.00015
0.00015
0.00015
0.00015
0.00015
0.00015
0.00015
0.00015
0.00015
0.00015
0.00015
0.00015
0.00015
0.00015
0.00015
0.00015
0.00015
0.00015
0.00015
0.00015
0.00015
0.00015
0.00015
0.00015
0.00015
0.00015
0.00015
0.00015
0.00015
0.00015
0.00015
0.00015
0.00015
0.00015
0.00015
0.00015
0.00015
0.00015
0.00015
0.00015
0.00015
0.00015
0.00015
0.00015
0.00015
0.00015
0.00015
0.00015
0.00015
0.00015
0.00015
0.00015
0.00015
0.00015
0.00015
0.00015
0.00015
0.00015
0.00015
0.00015
0.00015
0.00015
0.00015
0.00015
0.00015
0.00015
0.00015
0.00015
0.00015
0.00015
0.00015
0.00015
0.00015
0.00015
0.00015
0.00015
0.00015
0.00015
0.00015
0.00015
0.00015
0.00015
0.00015
0.00015
0.00015
0.00015
0.00015
0.00015
0.00015
0.00015
0.00015
0.00015
0.00015
0.00015
0.00015
0.00015
0.00015
0.00015
0.00015
0.00015
0.00015
0.00015
0.00015
0.00015
0.00015
0.00015
0.00015
0.00015
0.00015
0.00015
0.00015
0.00015
0.00015
0.00015
0.00015
0.00015
0.00015
0.00015
0.00015
0.00015
0.00015
0.00015
0.00015
0.00015
0.00015
0.00015
0.00015
0.00015
0.00015
0.00015
0.00015
0.00015
0.00015
0.00015
0.00015
0.00015
0.00015
0.00015
0.00015
0.00015
0.00015
0.00015
0.00015
0.00015
0.00015
0.00015
0.00015
0.00015
0.00015
0.00015
0.00015
0.00015
0.00015
0.00015
0.00015
0.00015
0.00015
0.00015
0.00015
0.00015
0.00015
0.00015
0.00015
0.00015
0.00015
0.00015
0.00015
0.00015
0.00015
0.00015
0.00015
0.00015
0.00015
0.00015
0.00015
0.00015
0.00015
0.00015
0.00015
0.00015
0.00015
0.00015
0.00015
0.00015
0.00015
0.00015
0.00015
0.00015
0.00015
0.00015
0.00015
0.00015
0.00015
0.00015
0.00015
0.00015
0.00015
0.00015
0.00015
0.00015
0.00015
0.00015
0.00015
0.00015
0.00015
0.00015
0.00015
0.00015
0.00015
0.00015
0.00015
0.00015
0.00015
0.00015
0.00015
0.00015
0.00015
0.00015
0.00015
0.00015
0.00015
0.00015
0.00015
0.00015
0.00015
0.00015
0.00015
0.00015
0.00015
0.00015
0.00015
0.00015
0.00015
0.00015
0.00015
0.00015
0.00015
0.00015
0.00015
0.00015
0.00015
0.00015
0.00015
0.00015
0.00015
0.00015
0.00015
0.00015
0.00015
0.00015
0.00015
0.00015
0.00015
0.00015
0.00015
0.00015
0.00015
0.00015
0.00015
0.00015
0.00015
0.00015
0.00015
0.00015
0.00015
0.00015
0.00015
0.00015
0.00015
0.00015
0.00015
0.00015
0.00015
0.00015
0.00015
0.00015
0.00015
0.00015
0.00015
0.00015
0.00015
0.00015
0.00015
0.00015
0.00015
0.00015
0.00015
0.00015
0.00015
0.00015
0.00015
0.00015
0.00015
0.00015
0.00015
0.00015
0.00015
0.00015
0.00015
0.00015
0.00015
0.00015
0.00015
0.00015
0.00015
0.00015
0.00015
0.00015
0.00015
0.00015
0.00015
0.00015
0.00015
0.00015
0.00015
0.00015
0.00015
0.00015
0.00015
0.00015
0.00015
0.00015
0.00015
0.00015
0.00015
0.00015
0.00015
0.00015
0.00015
0.00015
0.00015
0.00015
0.00015
0.00015
0.00015
0.00015
0.00015
0.00015
0.00015
0.00015
0.00015
0.00015
0.00015
0.00015
0.00015
0.00015
0.00015
0.00015
0.00015
0.00015
0.00015
0.00015
0.00015
0.00015
0.00015
0.00015
0.00015
0.00015
0.00015
0.00015
0.00015
0.00015
0.00015
0.00015
0.00015
0.00015
0.00015
0.00015
0.00015
0.00015
0.00015
0.00015
0.00015
0.00015
0.00015
0.00015
0.00015
0.00015
0.00015
0.00015
0.00015
0.00015
0.00015
0.00015
0.00015
0.00015
0.00015
0.00015
0.00015
0.00015
0.00015
0.00015
0.00015
0.00015
0.00015
0.00015
0.00015
0.00015
0.00015
0.00015
0.00015
0.00015
0.00015
0.00015
0.00015
0.00015
0.00015
0.00015

SCALARS mass float 1
LOOKUP_TABLE default
3.95841e-09
3.95841e-09
3.95841e-09
3.95841e-09
3.95841e-09
3.95841e-09
3.95841e-09
3.95841e-09
3.95841e-09
3.95841e-09
3.95841e-09
3.95841e-09
3.95841e-09
3.95841e-09
3.95841e-09
3.95841e-09
3.95841e-09
3.95841e-09
3.95841e-09
3.95841e-09
3.95841e-09
3.95841e-09
3.95841e-09
3.95841e-09
3.95841e-09
3.95841e-09
3.95841e-09
3.95841e-09
3.95841e-09
3.95841e-09
3.95841e-09
3.95841e-09
3.95841e-09
3.95841e-09
3.95841e-09
3.95841e-09
3.95841e-09
3.95841e-09
3.95841e-09
3.95841e-09
3.95841e-09
3.95841e-09
3.95841e-09
3.95841e-09
3.95841e-09
3.95841e-09
3.95841e-09
3.95841e-09
3.95841e-09
3.95841e-09
3.95841e-09
3.95841e-09
3.95841e-09
3.95841e-09
3.95841e-09
3.95841e-09
3.95841e-09
3.95841e-09
3.95841e-09
3.95841e-09
3.95841e-09
3.95841e-09
3.95841e-09
3.95841e-09
3.95841e-09
3.95841e-09
3.95841e-09
3.95841e-09
3.95841e-09
3.95841e-09
3.95841e-09
3.95841e-09
3.95841e-09
3.95841e-09
3.95841e-09
3.95841e-09
3.95841e-09
3.95841e-09
3.95841e-09
3.95841e-09
3.95841e-09
3.95841e-09
3.95841e-09
3.95841e-09
3.95841e-09
3.95841e-09
3.95841e-09
3.95841e-09
3.95841e-09
3.95841e-09
3.95841e-09
3.95841e-09
3.95841e-09
3.95841e-09
3.95841e-09
3.95841e-09
3.95841e-09
3.95841e-09
3.95841e-09
3.95841e-09
3.95841e-09
3.95841e-09
3.95841e-09
3.95841e-09
3.95841e-09
3.95841e-09
3.95841e-09
3.95841e-09
3.95841e-09
3.95841e-09
3.95841e-09
3.95841e-09
3.95841e-09
3.95841e-09
3.95841e-09
3.95841e-09
3.95841e-09
3.95841e-09
3.95841e-09
3.95841e-09
3.95841e-09
3.95841e-09
3.95841e-09
3.95841e-09
3.95841e-09
3.95841e-09
3.95841e-09
3.95841e-09
3.95841e-09
3.95841e-09
3.95841e-09
3.95841e-09
3.95841e-09
3.95841e-09
3.95841e-09
3.95841e-09
3.95841e-09
3.95841e-09
3.95841e-09
3.95841e-09
3.95841e-09
3.95841e-09
3.95841e-09
3.95841e-09
3.95841e-09
3.95841e-09
3.95841e-09
3.95841e-09
3.95841e-09
3.95841e-09
3.95841e-09
3.95841e-09
3.95841e-09
3.95841e-09
3.95841e-09
3.95841e-09
3.95841e-09
3.95841e-09
3.95841e-09
3.95841e-09
3.95841e-09
3.95841e-09
3.95841e-09
3.95841e-09
3.95841e-09
3.95841e-09
3.95841e-09
3.95841e-09
3.95841e-09
3.95841e-09
3.95841e-09
3.95841e-09
3.95841e-09
3.95841e-09
3.95841e-09
3.95841e-09
3.95841e-09
3.95841e-09
3.95841e-09
3.95841e-09
3.95841e-09
3.95841e-09
3.95841e-09
3.95841e-09
3.95841e-09
3.95841e-09
3.95841e-09
3.95841e-09
3.95841e-09
3.95841e-09
3.95841e-09
3.95841e-09
3.95841e-09
3.95841e-09
3.95841e-09
3.95841e-09
3.95841e-09
3.95841e-09
3.95841e-09
3.95841e-09
3.95841e-09
3.95841e-09
3.95841e-09
3.95841e-09
3.95841e-09
3.95841e-09
3.95841e-09
3.95841e-09
3.95841e-09
3.95841e-09
3.95841e-09
3.95841e-09
3.95841e-09
3.95841e-09
3.95841e-09
3.95841e-09
3.95841e-09
3.95841e-09
3.95841e-09
3.95841e-09
3.95841e-09
3.95841e-09
3.95841e-09
3.95841e-09
3.95841e-09
3.95841e-09
3.95841e-09
3.95841e-09
3.95841e-09
3.95841e-09
3.95841e-09
3.95841e-09
3.95841e-09
3.95841e-09
3.95841e-09
3.95841e-09
3.95841e-09
3.95841e-09
3.95841e-09
3.95841e-09
3.95841e-09
3.95841e-09
3.95841e-09
3.95841e-09
3.95841e-09
3.95841e-09
3.95841e-09
3.95841e-09
3.95841e-09
3.95841e-09
3.95841e-09
3.95841e-09
3.95841e-09
3.95841e-09
3.95841e-09
3.95841e-09
3.95841e-09
3.95841e-09
3.95841e-09
3.95841e-09
3.95841e-09
3.95841e-09
3.95841e-09
3.95841e-09
3.95841e-09
3.95841e-09
3.95841e-09
3.95841e-09
3.95841e-09
3.95841e-09
3.95841e-09
3.95841e-09
3.95841e-09
3.95841e-09
3.95841e-09
3.95841e-09
3.95841e-09
3.95841e-09
3.95841e-09
3.95841e-09
3.95841e-09
3.95841e-09
3.95841e-09
3.95841e-09
3.95841e-09
3.95841e-09
3.95841e-09
3.95841e-09
3.95841e-09
3.95841e-09
3.95841e-09
3.95841e-09
3.95841e-09
3.95841e-09
3.95841e-09
3.95841e-09
3.95841e-09
3.95841e-09
3.95841e-09
3.95841e-09
3.95841e-09
3.95841e-09
3.95841e-09
3.95841e-09
3.95841e-09
3.95841e-09
3.95841e-09
3.95841e-09
3.95841e-09
3.95841e-09
3.95841e-09
3.95841e-09
3.95841e-09
3.95841e-09
3.95841e-09
3.95841e-09
3.95841e-09
3.95841e-09
3.95841e-09
3.95841e-09
3.95841e-09
3.95841e-09
3.95841e-09
3.95841e-09
3.95841e-09
3.95841e-09
3.95841e-09
3.95841e-09
3.95841e-09
3.95841e-09
3.95841e-09
3.95841e-09
3.95841e-09
3.95841e-09
3.95841e-09
3.95841e-09
3.95841e-09
3.95841e-09
3.95841e-09
3.95841e-09
3.95841e-09
3.95841e-09
3.95841e-09
3.95841e-09
3.95841e-09
3.95841e-09
3.95841e-09
3.95841e-09
3.95841e-09
3.95841e-09
3.95841e-09
3.95841e-09
3.95841e-09
3.95841e-09
3.95841e-09
3.95841e-09
3.95841e-09
3.95841e-09
3.95841e-09
3.95841e-09
3.95841e-09
3.95841e-09
3.95841e-09
3.95841e-09
3.95841e-09
3.95841e-09
3.95841e-09
3.95841e-09
3.95841e-09
3.95841e-09
3.95841e-09
3.95841e-09
3.95841e-09
3.95841e-09
3.95841e-09
3.95841e-09
3.95841e-09
3.95841e-09
3.95841e-09
3.95841e-09
3.95841e-09
3.95841e-09
3.95841e-09
3.95841e-09
3.95841e-09
3.95841e-09
3.95841e-09
3.95841e-09
3.95841e-09
3.95841e-09
3.95841e-09
3.95841e-09
3.95841e-09
3.95841e-09
3.95841e-09
3.95841e-09
3.95841e-09
3.95841e-09
3.95841e-09
3.95841e-09
3.95841e-09
3.95841e-09
3.95841e-09
3.95841e-09
3.95841e-09
3.95841e-09
3.95841e-09
3.95841e-09
3.95841e-09
3.95841e-09
3.95841e-09
3.95841e-09
3.95841e-09
3.95841e-09
3.95841e-09
3.95841e-09
3.95841e-09
3.95841e-09
3.95841e-09
3.95841e-09
3.95841e-09
3.95841e-09
3.95841e-09
3.95841e-09
3.95841e-09
3.95841e-09
3.95841e-09
3.95841e-09
3.95841e-09
3.95841e-09
3.95841e-09
3.95841e-09
3.95841e-09
3.95841e-09
3.95841e-09
3.95841e-09
3.95841e-09
3.95841e-09
3.95841e-09
3.95841e-09
3.95841e-09
3.95841e-09
3.95841e-09
3.95841e-09
3.95841e-09
3.95841e-09
3.95841e-09
3.95841e-09
3.95841e-09
3.95841e-09
3.95841e-09
3.95841e-09
3.95841e-09
3.95841e-09
3.95841e-09
3.95841e-09
3.95841e-09
3.95841e-09
3.95841e-09
3.95841e-09
3.95841e-09
3.95841e-09
3.95841e-09
3.95841e-09
3.95841e-09
3.95841e-09
3.95841e-09
3.95841e-09
3.95841e-09
3.95841e-09
3.95841e-09
3.95841e-09
3.95841e-09
3.95841e-09
3.95841e-09
3.95841e-09
3.95841e-09
3.95841e-09
3.95841e-09
3.95841e-09
3.95841e-09
3.95841e-09
3.95841e-09
3.95841e-09
3.95841e-09
3.95841e-09
3.95841e-09
3.95841e-09
3.95841e-09
3.95841e-09
3.95841e-09
3.95841e-09
3.95841e-09
3.95841e-09
3.95841e-09
3.95841e-09
3.95841e-09
3.95841e-09
3.95841e-09
3.95841e-09
3.95841e-09
3.95841e-09
3.95841e-09
3.95841e-09
3.95841e-09
3.95841e-09
3.95841e-09
3.95841e-09
3.95841e-09
3.95841e-09
3.95841e-09
3.95841e-09
3.95841e-09
3.95841e-09
3.95841e-09
3.95841e-09
3.95841e-09
3.95841e-09
3.95841e-09
3.95841e-09
3.95841e-09
3.95841e-09
3.95841e-09
3.95841e-09
3.95841e-09
3.95841e-09
3.95841e-09
3.95841e-09
3.95841e-09
3.95841e-09
3.95841e-09
3.95841e-09
3.95841e-09
3.95841e-09
3.95841e-09
3.95841e-09
3.95841e-09
3.95841e-09
3.95841e-09
3.95841e-09
3.95841e-09
3.95841e-09
3.95841e-09
3.95841e-09
3.95841e-09
3.95841e-09
3.95841e-09
3.95841e-09
3.95841e-09
3.95841e-09
3.95841e-09
3.95841e-09
3.95841e-09
3.95841e-09
3.95841e-09
3.95841e-09
3.95841e-09
3.95841e-09
3.95841e-09
3.95841e-09
3.95841e-09
3.95841e-09
3.95841e-09
3.95841e-09
3.95841e-09
3.95841e-09
3.95841e-09
3.95841e-09
3.95841e-09
3.95841e-09
3.95841e-09
3.95841e-09
3.95841e-09
3.95841e-09
3.95841e-09
3.95841e-09
3.95841e-09
3.95841e-09
3.95841e-09
3.95841e-09
3.95841e-09
3.95841e-09
3.95841e-09
3.95841e-09
3.95841e-09
3.95841e-09
3.95841e-09
3.95841e-09
3.95841e-09
3.95841e-09
3.95841e-09
3.95841e-09
3.95841e-09
3.95841e-09
3.95841e-09
3.95841e-09
3.95841e-09
3.95841e-09
3.95841e-09
3.95841e-09
3.95841e-09
3.95841e-09
3.95841e-09
3.95841e-09
3.95841e-09
3.95841e-09
3.95841e-09
3.95841e-09
3.95841e-09
3.95841e-09
3.95841e-09
3.95841e-09
3.95841e-09
3.95841e-09
3.95841e-09
3.95841e-09
3.95841e-09
3.95841e-09
3.95841e-09
3.95841e-09
3.95841e-09
3.95841e-09
3.95841e-09
3.95841e-09
3.95841e-09
3.95841e-09
3.95841e-09
3.95841e-09
3.95841e-09
3.95841e-09
3.95841e-09
3.95841e-09
3.95841e-09
3.95841e-09
3.95841e-09
3.95841e-09
3.95841e-09
3.95841e-09
3.95841e-09
3.95841e-09
3.95841e-09
3.95841e-09
3.95841e-09
3.95841e-09
3.95841e-09
3.95841e-09
3.95841e-09
3.95841e-09
3.95841e-09
3.95841e-09
3.95841e-09
3.95841e-09
3.95841e-09
3.95841e-09
3.95841e-09
3.95841e-09
3.95841e-09
3.95841e-09
3.95841e-09
3.95841e-09
3.95841e-09
3.95841e-09
3.95841e-09
3.95841e-09
3.95841e-09
3.95841e-09
3.95841e-09
3.95841e-09
3.95841e-09
3.95841e-09
3.95841e-09
3.95841e-09
3.95841e-09
3.95841e-09
3.95841e-09
3.95841e-09
3.95841e-09
3.95841e-09
3.95841e-09
3.95841e-09
3.95841e-09
3.95841e-09
3.95841e-09
3.95841e-09
3.95841e-09
3.95841e-09
3.95841e-09
3.95841e-09
3.95841e-09
3.95841e-09
3.95841e-09
3.95841e-09
3.95841e-09
3.95841e-09
3.95841e-09
3.95841e-09
3.95841e-09
3.95841e-09
3.95841e-09
3.95841e-09
3.95841e-09
3.95841e-09
3.95841e-09
3.95841e-09
3.95841e-09
3.95841e-09
3.95841e-09
3.95841e-09
3.95841e-09
3.95841e-09
3.95841e-09
3.95841e-09
3.95841e-09
3.95841e-09
3.95841e-09
3.95841e-09
3.95841e-09
3.95841e-09
3.95841e-09
3.95841e-09
3.95841e-09
3.95841e-09
3.95841e-09
3.95841e-09
3.95841e-09
3.95841e-09
3.95841e-09
3.95841e-09
3.95841e-09
3.95841e-09
3.95841e-09
3.95841e-09
3.95841e-09
3.95841e-09
3.95841e-09
3.95841e-09
3.95841e-09
3.95841e-09
3.95841e-09
3.95841e-09
3.95841e-09
3.95841e-09
3.95841e-09
3.95841e-09
3.95841e-09
3.95841e-09
3.95841e-09
3.95841e-09
3.95841e-09
3.95841e-09
3.95841e-09
3.95841e-09
3.95841e-09
3.95841e-09
3.95841e-09
3.95841e-09
3.95841e-09
3.95841e-09
3.95841e-09
3.95841e-09
3.95841e-09
3.95841e-09
3.95841e-09
3.95841e-09
3.95841e-09
3.95841e-09
3.95841e-09
3.95841e-09
3.95841e-09
3.95841e-09
3.95841e-09
3.95841e-09
3.95841e-09
3.95841e-09
3.95841e-09
3.95841e-09
3.95841e-09
3.95841e-09
3.95841e-09
3.95841e-09
3.95841e-09
3.95841e-09
3.95841e-09
3.95841e-09
3.95841e-09
3.95841e-09
3.95841e-09
3.95841e-09
3.95841e-09
3.95841e-09
3.95841e-09
3.95841e-09
3.95841e-09
3.95841e-09
3.95841e-09
3.95841e-09
3.95841e-09
3.95841e-09
3.95841e-09
3.95841e-09
3.95841e-09
3.95841e-09
3.95841e-09
3.95841e-09
3.95841e-09
3.95841e-09
3.95841e-09
3.95841e-09
3.95841e-09
3.95841e-09
3.95841e-09
3.95841e-09
3.95841e-09
3.95841e-09
3.95841e-09
3.95841e-09
3.95841e-09
3.95841e-09
3.95841e-09
3.95841e-09
3.95841e-09
3.95841e-09
3.95841e-09
3.95841e-09
3.95841e-09
3.95841e-09
3.95841e-09
3.95841e-09
3.95841e-09
3.95841e-09
3.95841e-09
3.95841e-09
3.95841e-09
3.95841e-09
3.95841e-09
3.95841e-09
3.95841e-09
3.95841e-09
3.95841e-09
3.95841e-09
3.95841e-09
3.95841e-09
3.95841e-09
3.95841e-09
3.95841e-09
3.95841e-09
3.95841e-09
3.95841e-09
3.95841e-09
3.95841e-09
3.95841e-09
3.95841e-09
3.95841e-09
3.95841e-09
3.95841e-09
3.95841e-09
3.95841e-09
3.95841e-09
3.95841e-09
3.95841e-09
3.95841e-09
3.95841e-09
3.95841e-09
3.95841e-09
3.95841e-09
3.95841e-09
3.95841e-09
3.95841e-09
3.95841e-09
3.95841e-09
3.95841e-09
3.95841e-09
3.95841e-09
3.95841e-09
3.95841e-09
3.95841e-09
3.95841e-09
3.95841e-09
3.95841e-09
3.95841e-09
3.95841e-09
3.95841e-09
3.95841e-09
3.95841e-09
3.95841e-09

VECTORS velocity float
0.00426987 -0.000686969 -0.000427517
0.00419236 -0.000385855 -0.000149679
0.00449542 -0.000724876 0.000333422
0.00425706 -0.000524433 0.000293228
0.00427009 0.00256469 -0.0024641
0.0049679 0.000247709 -5.62077e-06
0.00409167 -0.000949245 0.000574778
0.00486365 0.000429204 -7.86102e-06
0.00502073 0.000196075 6.94525e-05
0.00465173 -0.000500402 0.000219349
0.00416864 -0.000443171 0.000220585
7.29745e-05 -0.0161975 0.0113782
0.00488149 0.000275671 -3.4023e-05
0.00428147 -0.00356503 0.00185778
-2.15497e-05 -0.0148599 0.0144034
0.00453302 -0.000441115 0.000435047
0.00353904 0.00133486 1.88728e-06
0.00480595 0.00176753 -0.00088806
0.00495867 -0.000641849 0.000350754
0.00423381 -0.000467784 0.000239116
0.00376486 0.00110074 -2.80396e-05
0.00360554 0.00154758 1.36322e-05
0.00429969 0.000112402 -4.06786e-05
0.00421716 7.1285e-05 1.1037e-05
-0.000537635 -0.00767446 0.0232956
0.0035448 -0.00162031 0.000847203
0.00445215 -0.000238385 0.00017755
0.00471896 0.000110696 -6.15413e-06
0.00717847 0.00597554 -0.00853247
0.00453338 -0.000773643 0.000340033
0.00530066 0.000304062 -0.000238627
0.00452534 -0.000476963 9.41924e-05
0.00599594 -0.000679156 -0.0071855
0.00434549 -0.00141883 -4.29351e-05
0.00450424 -0.00338839 0.00184631
0.00440291 -0.000524948 0.000183066
-0.000201904 -0.0075584 0.0233091
-1.19281e-05 -0.00983766 0.020577
0.00449521 -0.0012509 0.000730412
0.00446202 -0.00124037 0.000317458
0.00412747 -0.00138793 -0.00013995
0.00447887 -0.000508512 8.82843e-05
0.00673018 0.00219427 -0.00919483
0.00442023 -0.000651791 0.000377912
0.00509269 0.000561451 -0.000215464
0.00441297 -0.0014876 0.000586161
0.00353785 8.68503e-05 -0.000125224
0.00451509 -0.000294098 4.76881e-05
0.00274591 -0.00047218 0.000567302
0.00451735 -0.00143498 0.000707777
0.0048959 -0.00106436 -0.0073569
0.00404676 -0.000572985 0.000350628
0.00448822 -0.00123096 0.0007057
0.00425587 -0.000295207 7.09294e-05
0.00448466 -0.00126541 0.000721089
0.00627033 -0.000989995 -0.00714498
0.00526753 -0.00118979 -0.00716244
0.00605695 -0.00107321 -0.00724062
0.00451334 -0.00147041 0.000502458
0.00431378 -0.00123758 0.000306008
0.0044087 0.00172724 -0.000871259
0.00443532 0.00108599 -0.000532539
0.00433885 -0.00120286 -2.36376e-05
0.00556195 -0.00295626 -0.00257537
0.0047189 6.42581e-05 0.000117109
0.00432935 5.66135e-05 3.00512e-05
0.00453553 0.000158957 -4.01954e-05
0.00429554 0.0010963 -0.000536485
0.00570338 -0.00114093 -0.00729231
0.00196145 -9.52313e-06 -2.87375e-05
0.00457857 -0.00116889 0.000229778
0.00437791 0.000309826 -0.000231976
0.00452736 -0.000532618 9.74437e-05
0.00394395 -0.00121435 1.43457e-05
0.00459783 -0.000387172 -0.000399267
0.00425604 -0.00133273 8.48454e-05
0.00401175 -0.000193493 7.47261e-06
0.00446697 0.000386655 -0.000202709
0.00379464 0.000197677 -5.99337e-05
0.00439002 -0.00106427 0.000176469
0.00420788 -0.000821443 0.000509616
0.00453762 -0.00130452 0.000740903
0.00642843 -0.00105625 -0.00719551
0.00466532 0.000303831 0.00110395
0.00385349 0.00102322 -0.000708981
0.00467645 -0.000198354 0.000212211
0.00423174 -0.00100158 0.000171951
0.00434132 8.89692e-05 0.000151995
0.00386074 -1.41271e-05 9.85235e-05
0.00424125 0.000549083 -7.76743e-05
-4.23035e-06 -0.0150634 0.0121934
8.26984e-05 -0.0143983 0.0123002
0.00435669 -0.00146788 0.000494701
0.00421679 -0.00103134 0.000189172
0.0046498 -0.000471556 0.000620208
0.00452161 -0.00052545 8.75175e-05
0.00454234 -0.00129709 0.00073257
0.00389368 -0.00338041 -6.45488e-05
0.00483226 -5.17809e-05 0.000128481
0.00323626 -0.00102538 0.0003502
0.00469061 -5.94099e-05 -0.000325853
0.00616959 -0.00110485 -0.00726792
0.00449755 -0.001325 0.000757852
0.00462094 -0.000540297 0.000244823
0.00458727 -0.000991623 -0.000125976
0.0035822 0.00178973 -0.000904649
0.00379074 0.000266474 0.00103731
0.00456037 -0.000658497 0.00030801
0.0041927 -0.000993687 -5.80541e-05
0.00483521 0.000141794 -7.01127e-05
0.00602773 -0.00157089 -0.00568792
0.00448284 2.99883e-05 0.000129445
0.00459102 -0.00119223 0.000255552
0.00430881 -0.000458858 0.000293611
0.00348506 0.000742257 -3.20349e-05
0.0051039 0.000346197 -9.20083e-05
0.00407375 -0.000508906 0.000332815
0.0042149 -0.00113878 0.000281256
0.00610652 0.00108251 -0.00722409
0.00412283 -0.00093717 0.000120739
0.00403908 0.00147015 -0.000737328
0.0048316 0.00175732 -0.000883275
0.00458305 -0.000390548 -0.000394565
0.00387392 0.000698797 -2.64436e-05
0.00438241 -6.63999e-05 -7.24969e-05
0.000468371 0.00713531 0.0161899
0.00451612 -0.00127735 0.000726954
0.00470524 2.93585e-05 8.83455e-05
0.000709531 0.00215685 0.000226487
0.00411067 -0.00355221 0.00153437
0.00466472 -0.000869249 0.000248624
0.0045877 0.00148743 -0.000740544
0.00448802 -0.000449518 -0.0003784
0.00444361 -0.00119921 0.000626252
0.00429689 -0.000511764 0.00020921
0.00500196 0.00036201 0.000175983
0.0061779 0.00408537 -0.00669567
0.0043394 -0.000471041 0.000192863
0.00452435 -0.000274861 0.00026549
0.00416275 -0.000938043 0.000109056
0.00649219 -0.00408108 -0.0147441
0.00244926 0.00153464 3.63615e-05
0.00429932 -0.0003974 0.000948575
0.00418982 -0.00058118 0.000751781
0.00510397 0.000265146 0.000102209
0.00496483 -0.000180112 -4.80758e-05
0.00445268 -0.00138852 0.000723501
0.00442536 -7.0667e-05 7.4693e-05
0.00598205 0.00585183 -0.00640335
0.00431526 -0.000381447 0.000213677
0.0042223 -0.00252693 0.00159299
0.00449562 -0.000514188 8.8394e-05
0.00449925 -0.00122447 0.000721738
0.00431968 -0.000504631 0.000266771
0.00480019 8.44756e-05 -0.000224659
0.00470249 0.000216876 -0.000194444
0.00426344 3.62328e-05 0.00200549
0.00470177 0.000714045 0.000244366
0.00427724 0.000191801 0.000215642
0.00405673 -0.000284664 -7.29468e-05
0.00483583 -0.00075787 0.000460394
0.0070865 0.00448437 -0.00913732
0.00398949 0.000865443 -0.000601503
0.00447754 -5.18006e-05 4.78532e-05
0.00433807 -0.00137326 -3.12068e-05
0.00457254 -0.000559 0.000305998
0.00500634 0.000223407 -0.000242329
0.00613846 -0.00225311 -0.00579824
0.00448103 -0.000165456 0.000124513
0.00430653 0.000616227 5.31348e-05
0.00494944 -8.43304e-05 -0.000147943
0.00433853 0.000591761 -0.000454453
0.0044388 2.78379e-05 -6.04106e-05
0.00428946 -0.000796476 0.000339224
0.00395054 -0.000900825 0.00310619
0.00360242 0.000536444 -4.21851e-05
0.00457595 -0.000166155 0.000177794
0.00415126 -0.000448015 0.00031549
0.00369505 -0.000679455 4.77069e-05
0.00652093 -0.000877912 -0.00852058
0.00412667 -0.000219845 -7.98746e-05
0.00465881 9.15696e-05 -0.0001292
0.00449244 -0.000386889 0.000381935
0.00429757 -0.000358562 0.000202244
0.00471126 -0.000788406 0.000470288
0.00504836 0.000122633 -0.000144628
0.00316929 0.000706978 -0.000539606
0.0041316 0.000570771 -5.71148e-05
0.00461495 9.8537e-05 9.41232e-05
0.00506222 0.000123671 -0.00014684
0.0034795 0.00171619 -0.000885386
0.00440534 4.52875e-05 9.20634e-05
0.00488213 -0.00015497 -0.000175656
0.0042986 3.39373e-05 2.77547e-05
0.00408915 -0.0035645 0.00158018
0.00438912 -0.000500105 0.000220155
0.00505661 0.000515945 0.000254582
0.00544406 0.00601327 -0.00642935
0.00438571 -0.00128353 0.00062054
0.00446562 -0.00128845 0.000771542
0.00404026 0.00067756 -0.000123701
0.00423062 -0.00071032 -0.00032992
0.00395778 -0.000779687 0.000399569
0.00327513 0.000481023 -2.52873e-05
0.00436181 5.20066e-05 9.92123e-05
0.00379458 -0.00161993 0.00310883
0.00428814 -0.000312906 0.000299712
0.00312876 -1.53992e-05 8.11477e-05
0.00656859 0.00108207 -0.00875421
0.0045612 -0.000622879 -9.14787e-05
0.00445149 3.37357e-05 0.000125653
0.00500195 0.000172634 -0.000168207
0.00450876 -0.000385871 0.000271696
0.00451397 -0.000744867 0.000342359
0.00888948 0.0141648 -0.0195841
0.00450087 -0.00128185 0.000732565
0.00472211 7.40872e-05 8.91162e-05
0.00461837 -0.000650561 0.00032475
0.0044971 7.05782e-05 9.60194e-05
0.00454386 -0.000434371 -0.000462333
0.00453265 -0.000441569 0.00044913
0.00428626 -1.97115e-05 -2.81281e-06
0.00989177 0.00502514 -0.0153231
0.0048808 0.000555548 -0.000212004
0.00442935 -0.000592669 0.000298219
0.00228307 0.00304489 -0.00336375
0.00426172 -0.000101454 0.000111237
0.0023786 0.00319519 -0.00351804
0.00411385 -0.000779626 -8.64111e-05
0.00441878 0.000926993 0.00142164
0.00474941 0.00175212 -0.00088159
0.0021391 0.0029476 -0.00416473
0.00430999 -0.000701427 0.000320921
0.00436474 -0.000717694 0.000329636
0.00494822 0.000473358 -3.78209e-06
0.00458411 -0.000647862 0.000320265
0.00455746 0.000486266 -7.0067e-05
0.0044619 -0.000164423 4.42152e-05
0.00421329 -0.00108547 0.000232031
0.00484289 0.000124766 0.000121177
0.0043387 2.15572e-05 -6.82552e-05
0.00520353 0.00141414 -6.40743e-05
0.00485899 0.000119922 0.000118088
0.00464744 -3.75446e-05 4.08138e-05
0.00445483 -0.00122769 0.000310815
0.00452744 -0.00050832 0.000515217
0.00456436 -0.000417192 -0.000425694
0.00506678 0.000110544 -0.000151796
0.00453009 -0.000463968 0.00017159
0.00278554 0.00153327 -0.00180085
0.00408623 -0.000786331 0.0035609
0.00432256 -0.000700355 -0.000387402
0.00428505 0.000164807 2.51754e-05
0.00443732 -0.000277573 0.000129897
0.00481139 0.00080108 0.000245453
0.00430447 -0.00110869 8.91539e-05
0.00489361 0.00108315 0.000264573
0.00482726 0.000645529 1.07296e-05
0.00410035 -0.000590095 0.000356119
0.00439757 -0.0013078 0.000739258
0.00432171 0.000117837 8.63966e-05
0.00514263 0.0013778 -6.53367e-05
0.00490589 0.00013365 -0.000185335
0.00447009 -0.000477235 -0.000277131
0.00460582 -0.000667429 -0.000157937
0.00422702 0.00046927 -4.20347e-05
0.00474637 0.00018503 0.00100586
0.0024777 0.00304417 -0.00336649
0.00491838 0.000519184 1.84465e-05
0.00444156 -0.000182566 0.000151631
0.00445816 -0.000649014 0.000324144
0.00505919 0.000151458 -0.000160214
0.00797439 0.0040684 -0.0123749
0.00428288 7.91855e-05 4.23811e-06
0.00993048 0.0147457 -0.0205365
0.00436706 -0.000680364 0.000410134
0.00637605 -0.000135566 -0.00725827
0.00715555 0.00479837 -0.00954291
0.00447083 0.000222228 -6.10423e-06
0.00447706 -0.000361694 6.83398e-05
0.00448166 -0.000749068 0.000330114
-0.00272463 0.00738212 -0.0118518
0.00449429 -0.00071916 0.000331114
0.0043152 0.00023037 -1.89627e-05
0.00439179 -0.000304274 -2.95119e-05
0.00373885 -0.0029751 0.00186194
0.00459806 0.000334402 -0.000690602
0.00458474 7.08087e-05 1.07691e-05
0.00448612 -0.000643393 0.000318688
0.00455795 -0.00115569 6.8633e-05
0.0012914 0.00322061 -0.00426253
0.00486131 0.00033339 -3.53221e-05
0.00509709 0.000164898 -0.000177577
0.00489929 0.00078683 2.69975e-05
0.0025669 0.000910615 -0.00063043
0.00466541 0.000222356 5.85812e-05
0.00506161 -0.000923869 0.000343686
0.00413123 -0.000603031 5.68088e-05
0.00506428 0.000237375 5.03185e-05
0.0047476 -4.70964e-05 -8.71643e-05
0.00434817 -0.00131939 -1.07635e-05
0.0040836 0.00061601 0.00277673
0.0048267 0.00017987 -0.000265876
0.00402679 0.000881785 3.86677e-05
0.00489803 0.000381579 -4.11439e-06
0.0043591 -0.00073165 0.000323772
0.0044782 -0.000749426 -0.000262875
0.00462156 -0.000637963 0.000325315
0.0084405 0.00576467 -0.0136399
0.00419404 -0.000581703 0.000283957
0.00434003 -0.000358418 0.000303025
0.00454252 0.000221294 2.95133e-06
0.00454263 -7.87422e-05 1.02733e-05
0.00431445 -0.000468662 0.000273643
0.00461786 1.66171e-05 -0.000247659
0.00555302 0.00126991 -0.000369589
0.00513847 0.000391909 0.000132081
0.00488868 0.000329782 -6.33201e-05
0.00426634 -0.000535668 0.000247048
0.00514042 0.00136962 -6.15024e-05
0.00414557 -0.00024711 0.00264176
0.00436355 -0.000715241 -0.000312561
0.00422124 -0.00373705 0.00167183
0.00523447 0.000941474 -0.000470516
0.00399138 -0.0013882 0.000692819
0.00470101 9.08744e-05 -0.000253793
0.00501255 0.000373869 0.000221068
0.00495464 5.70683e-05 -8.64081e-06
0.00394864 0.00158847 -2.23401e-06
0.00458838 -0.000554846 0.000313
0.00223103 0.00142808 0.000126879
0.00398646 -0.00138707 0.000627195
0.00427187 -0.00145208 0.000172633
0.0071547 0.00283135 -0.0104669
0.0049698 0.000431138 0.000242813
0.00731521 0.00552728 -0.00812036
0.00446341 -0.000227048 -0.00039118
0.00546762 -0.000202472 0.000499057
0.00439332 -0.0013764 0.000743364
0.00446032 -0.000607585 0.000315622
0.00430506 0.000386767 -5.39064e-06
0.00425598 0.000281321 0.000160402
0.00419136 -0.000384564 0.00035638
0.0040946 -0.00145208 0.00219469
0.00410657 0.00119426 -0.000629225
0.00391684 -0.000774976 0.000513765
0.00457759 -0.000234445 0.000227749
0.00441149 -0.000586161 0.000295927
0.00469426 -0.00053476 0.000239785
0.00454404 7.22757e-05 -0.00013311
0.0049083 9.82468e-05 0.000119408
0.00421058 0.000250316 -0.000605129
0.00478333 0.000606549 -0.000486592
0.0042421 -0.00111094 0.000534475
0.00446912 -0.000404458 0.00012772
0.00454083 -0.000458063 -0.000383485
0.004389 -0.000571915 0.000300984
0.00461156 -0.000292651 -0.000359002
0.00534325 0.000631896 -0.000344779
0.00368485 0.000649751 -0.000488317
0.00424252 -0.000608852 0.000343311
0.0045631 -0.000707239 0.000333459
0.00508726 0.000104868 -0.000154384
0.00362833 0.00100718 -0.00130891
0.00460151 -0.000377028 -0.000402148
0.00431429 -0.000632021 0.000356393
0.00356687 0.00123885 -0.00083153
0.00451832 -0.00219464 -0.00031151
0.00470171 0.000193712 -0.000183317
-1.44624e-14 -1.28004e-14 2.53508e-13
0.0042902 -0.000563322 0.000314774
0.00433589 -0.000103275 1.16538e-05
0.00423559 -0.000687816 0.000320134
0.00476572 -0.000337394 0.000202058
0.00456971 -0.000655574 0.000324437
0.0042295 -0.000649531 0.000323196
0.00422436 -0.000815402 0.00160284
0.00464961 -0.000233779 0.000210555
0.00449925 0.000323534 -6.96498e-05
0.00399104 0.000872249 -0.000606139
0.00430488 -0.00163243 0.000179391
0.00485851 0.00045272 -8.86838e-05
0.0155712 -0.00151259 -0.046114
0.00867861 0.0110189 -0.0154363
0.00577678 -0.000316821 -0.0018977
0.00490999 0.000681809 -0.000578441
0.000437015 0.00108546 -0.00114737
0.00416634 0.000303213 1.92104e-05
0.00449225 -0.000620861 0.000324286
0.00453153 -5.40189e-05 -0.000172998
0.00452561 -0.000461635 0.000479457
0.00441542 -0.000640067 0.000356598
0.00510007 0.00110522 -1.72764e-05
0.00456471 0.000317942 -0.00208058
0.0049983 0.00117352 -3.79616e-05
0.00449621 -0.00142633 0.000375008
0.00456123 0.000764941 -0.000543389
0.00438284 -7.74924e-05 -0.000464178
0.00417222 -0.000656097 0.000316197
0.00425752 0.000537096 -3.58582e-05
0.00448393 -0.000459035 0.000182532
0.00678358 0.0014359 -0.00197263
0.00454055 -0.000689664 0.000331544
0.00472706 -7.06792e-05 -0.000374686
0.00444541 5.58323e-05 0.000116811
0.00435146 -0.000707895 0.000327773
0.0047688 0.000156464 -0.00016266
0.00538001 0.00252303 -0.00301952
0.00373465 0.000957932 -0.00126849
0.00424779 -0.00038865 9.3707e-05
0.00448099 -4.4539e-05 -7.7461e-05
0.00951726 0.0134988 -0.0188971
0.0048694 0.000256365 -0.000632575
0.00408641 -0.00124529 0.000628842
0.00470249 -0.000628795 0.00022568
0.00533158 0.000517867 6.42388e-05
0.00416835 -0.000739403 0.000324802
0.00937918 0.00786774 -0.0153852
0.00441778 -0.000648749 0.0003727
0.00439068 -0.000667825 0.000400958
0.00428764 -0.00059594 0.000327662
0.00313616 -0.00163442 -0.00505652
0.00461226 -0.000555844 0.000338063
0.0043843 -0.000673587 0.000402271
0.00405779 0.000624685 0.000268497
0.0082709 0.0107755 -0.0155944
0.00211558 0.00314987 -0.0034509
0.00519108 0.000526916 6.65908e-05
0.00439674 -0.000642303 0.000320717
0.00444467 -0.000276179 -9.67851e-05
0.00335532 0.00155637 -0.00186244
0.00438297 -0.000621869 0.000346257
0.00453367 -0.000642371 0.00032011
0.00443165 -0.000649947 0.000367828
0.00422889 -0.000600287 0.000338558
0.00405085 -9.18404e-05 -6.47081e-05
0.00525206 0.00146554 -7.24496e-05
0.00382509 -0.00333425 0.00260165
0.00448218 -0.000564734 0.000304316
0.0045608 -0.000377841 7.85077e-05
0.0044991 -0.000833143 0.0002767
0.00459378 -0.000641623 0.000321895
0.00459507 -0.000651842 0.000309631
0.00437145 -0.000620577 0.000342255
0.00431157 -0.000757327 0.000324338
0.00422883 -0.000159789 5.9921e-05
0.00477767 0.000318068 -0.000358827
0.00497763 -0.000510797 0.000170161
0.0039377 0.00103472 -0.000725538
0.00416392 -0.000567723 0.00031105
0.00538083 0.000835997 0.000164142
0.00424736 -0.000605345 0.000331914
0.00521298 0.00110238 -2.19631e-05
0.00284485 0.000595545 -0.00055998
0.00382276 0.000108631 -0.000427302
0.00456363 -0.000642382 0.000342668
0.004548 -0.000583576 0.000332588
0.00485756 0.00145608 -0.000812633
0.00472312 -9.43236e-05 0.00127553
0.00528312 0.000519852 -0.00379077
0.00392416 0.00110241 -0.00054867
0.00447779 -0.000428136 -0.000374545
0.00481692 0.000975361 6.22193e-06
0.00436298 -0.000666833 0.00169242
0.0044121 -0.000697135 0.000319972
0.00459745 -0.000699054 0.000324931
0.00458775 -0.000383863 -0.000395577
0.00465518 -0.000524042 0.000266289
0.00481775 0.000182382 -0.000279315
0.00427539 -0.000511924 0.000275199
0.00374933 -0.000114392 0.000966845
0.0044481 -0.000632975 0.000296696
0.00419131 -0.00546859 0.00203566
0.00366195 0.00125942 -9.53037e-05
0.00443816 -1.15677e-05 0.00025899
0.00434526 -0.000799086 0.000289782
0.00127512 0.00931621 -0.0254823
0.00488924 0.000610907 -8.49984e-06
0.00463136 -0.000614647 0.000325398
0.00440215 -0.000249304 -0.000176911
0.00458024 -0.000346387 -0.000228006
0.00139802 0.00929191 -0.0254512
0.00500941 0.000129306 4.46347e-05
0.00429372 -0.000601666 0.0003185
0.00422993 -0.000367144 -0.000371386
0.004296 -0.000801428 0.000329994
3.64207e-05 0.00596515 0.0164695
0.00466644 -0.000223243 0.00145469
0.00427836 -6.32529e-05 -4.46436e-05
0.00430717 -0.000657283 0.000346923
0.00438646 -0.000678326 0.000411689
0.00385478 0.000916508 -0.000304289
0.00438053 -0.000524553 -4.60116e-06
0.00572995 0.00250514 -0.00203157
0.00419208 -0.000578924 0.000294104
0.00449206 -0.000722409 0.000333642
0.00909468 -0.000698968 -0.0154976
0.00454723 -0.00132893 0.000324546
0.00440752 -0.000667811 0.000396043
0.00443483 -0.000894606 0.00041213
0.00432128 -0.000613815 0.000304007
0.00872547 0.0107506 -0.0145361
0.00465095 -2.04258e-05 -0.000252995
0.00429178 -0.000644854 -0.00029559
0.00370104 -0.000179673 0.000792696
0.000396705 0.00154345 0.018964
0.0046424 -0.000557508 0.000261231
0.0043827 -0.000647749 0.000311858
0.00429833 0.00131303 -4.78761e-05
0.00268765 0.0030592 0.00586304
0.00425607 -0.00708775 0.00177308
0.00440399 -0.000681424 0.000409099
0.00830285 0.00530307 -0.0150266
0.00426046 -0.00114712 0.000618156
0.00371386 0.00122711 -0.000786699
0.00481783 0.000160176 -0.000253779
0.0041379 -0.00142065 0.000725337
0.00469183 0.00122971 -2.87196e-05
0.00562349 0.00151631 1.73533e-05
0.00432099 -0.00060794 0.000330628
0.0101217 0.0142455 -0.0216074
0.00456312 -0.000532663 0.000328248
0.00428838 -0.00236838 -0.00492463
0.00427754 -0.000937998 0.0011532
0.00420502 -0.000614763 0.000354449
0.00510007 -0.000317623 1.74324e-05
0.00467062 0.000543653 -6.92109e-05
0.00433329 -0.000665051 -0.000330716
0.00440447 -0.000685288 0.000385552
0.0037229 0.00105953 -0.000721793
0.00435506 -1.79703e-05 0.000183541
0.00444048 -0.000596947 0.000311048
0.00359045 -0.00077173 0.00192251
0.00383225 0.0010238 -0.000466927
0.00426153 -0.00112236 0.00213912
0.00448827 -0.000645395 0.000322276
0.00440928 -0.00136782 0.000273103
0.0043567 0.000794171 -0.00295465
0.00493659 -5.33148e-05 0.000265055
0.00466035 -0.000866748 0.000282724
0.00367733 0.000720638 0.000659163
0.00264167 0.00120827 -0.00102642
0.00518377 -9.4802e-06 0.000135221
0.00527133 -9.03586e-06 -0.00234596
0.00525881 -0.000214333 0.00044914
0.00186764 0.00140455 -0.00160326
0.00483035 -0.000784506 0.000347092
0.00464913 -0.00063569 0.000142711
0.00446915 -0.000386237 0.00168924
0.00453033 -0.000279268 -0.000546523
0.004588 -0.000553703 0.00033104
0.00461165 -0.000657869 0.000326528
0.00802788 0.0145398 -0.0198598
0.00465311 -0.00137064 0.000320301
0.00440808 -0.00257963 0.000783323
0.00450811 0.00161002 -0.00114779
0.00184064 0.00186387 -0.0020837
0.00447063 -0.000744417 0.0003374
0.00505713 0.000554187 5.92558e-05
0.00423071 -0.00143595 0.00178411
0.00493614 -0.000132955 -0.000620409
0.0051705 0.00149604 -7.93129e-05
0.00392167 0.000548852 0.00110195
0.00442227 -0.00063006 0.000312159
0.004599 -0.000648966 0.000326867
0.00447237 -0.000599346 0.000310043
0.00510193 -0.000277348 0.000527625
0.0040665 -0.00114137 0.000500943
0.00486241 -9.27965e-05 0.000131754
0.00414381 0.000217608 5.45673e-05
0.00437023 0.000401754 -0.00136001
0.00475809 8.08518e-05 -0.000245955
0.00510715 0.000167007 5.75032e-05
0.00716572 0.00326044 -0.0114978
0.0045904 -0.000310327 -0.000275608
0.00370433 0.00115738 -0.000787705
0.0048653 0.000245748 -0.000101964
0.00443632 -0.000854706 0.0003512
0.00129531 0.00319704 -0.00427767
0.00469831 -5.83876e-05 -0.000593997
0.0046896 4.61656e-06 -0.000319512
0.00458468 6.57002e-05 -0.000303794
0.00551698 0.00142775 -0.000609793
0.00415282 -0.000697312 0.000337812
0.000340922 0.00209939 0.0189455
0.00382296 0.000708775 -0.000465422
0.00485795 0.00110854 4.0877e-07
0.00435413 -0.000614582 0.000128008
0.00429925 -0.00122311 0.000550829
0.00453576 -0.00156105 0.000261268
0.00411645 -0.00150067 7.96197e-05
0.00496019 -0.000329828 7.02472e-07
0.00451098 0.00019543 -0.000551154
0.0046065 0.000745401 0.00102321
0.00406574 -0.00131574 0.000633807
0.00492308 -0.000546162 -0.000900578
0.00951247 0.0136969 -0.0191369
0.00492538 -0.000263926 -8.58991e-05
0.00247545 0.00102434 -0.000794004
0.00513902 0.00141523 -6.76513e-05
0.00429638 5.96566e-05 0.000165865
0.00379313 0.00122304 -0.000335213
0.00362736 0.000921439 -0.000356781
0.00438857 -0.00126797 0.000885866
0.00435652 -0.000670211 0.000319087
0.00467148 -0.00134192 0.000167709
0.0040521 -0.00134549 0.000669826
0.00540399 -0.00105204 0.0013613
0.00524186 -0.000326894 -0.000410057
0.0044548 0.000602816 0.00130132
0.00352903 0.000124735 -5.33913e-05
0.002893 -0.000594682 0.000267306
0.00466863 7.81003e-05 -6.54464e-05
0.00497845 0.00034054 -9.09362e-05
0.00472548 -0.0006611 0.000151949
0.00340765 -0.00139188 -0.00135676
0.00509375 0.00145741 -0.000104143
0.00459028 0.000913241 -0.000189024
0.00438929 -0.00093421 0.00145436
0.00562035 -8.39626e-05 0.000316696
0.00352689 -0.000412715 0.00126582
0.00471884 0.00013565 -0.000112553
0.00422406 -0.000132748 0.000377515
0.00502376 -2.69397e-05 -0.000131151
0.00449912 0.000921068 -0.000905105
0.00428529 -0.000471821 0.00160804
0.00471188 0.000722545 0.0010606
0.00453907 -0.000618446 0.00031906
0.00543108 -0.000272763 0.000208147
0.00467438 0.000543405 0.000405232
0.00454715 -0.000890485 0.000124935
0.00495765 0.000338955 -7.32479e-05
0.00503929 0.000208412 -1.26129e-05
1.9719e-05 0.00138838 0.0189553
0.00482899 0.000678368 -0.000283479
0.00382448 0.000808645 -0.000472448
0.0039271 -0.00141109 0.000696135
0.00370886 0.000778875 -0.000587851
0.00349509 -0.00156362 0.000764612
0.00451168 -0.00136572 0.000194037
0.00458159 -0.0016392 2.61517e-05
0.00392898 -0.00320268 0.00266565
0.00411522 -0.00281268 0.00208105
0.00455349 -0.000946852 0.000280976
0.00501348 0.000218106 0.000104347
0.00428638 -0.000138354 0.00128125
0.00465235 -0.00101721 0.000585546
0.00518167 -0.000184545 0.000421836
0.00500362 -0.000119263 -0.000569063
0.00485452 0.000285922 -0.000142614
0.00502803 0.00114464 -0.000439285
0.00391434 0.00065039 -0.000613863
0.00641946 -0.00965801 0.00172198
0.00559209 -0.000131151 0.000341919
0.00422176 -0.000494438 -3.38172e-06
0.00470289 -0.000472023 6.71452e-05
0.00489481 -0.000146334 0.000193198
0.00502004 0.000123652 0.000105651
0.00477717 0.000128457 -0.000142687
0.00436 -0.000887484 0.000408191
0.00448555 -0.000248569 -0.000578919
0.00441189 -0.00361985 0.00175883
0.0046592 2.88363e-05 -0.000239171
0.00394409 -0.00223127 0.00153975
0.00372037 0.000960327 -0.000300421
0.00457382 -0.000520972 0.000329244
0.00464163 -3.40462e-05 0.00117624
0.00417621 -3.98892e-05 2.74435e-05
0.00369536 -0.000494526 0.000104505
0.0046854 0.000188428 1.73787e-05
0.00462327 -0.000298967 -0.000171301
0.00404783 -0.000799988 1.77901e-06
0.00478884 0.00016904 -0.000264563
0.00437738 -0.000959474 0.000195279
0.00432417 -0.000584099 0.000314368
0.00458802 -0.000685681 0.000331376
0.00451846 0.000406468 -0.00207088
-0.000778357 0.00213292 -0.00308476
0.00517049 0.0013891 -6.5557e-05
0.00479989 -0.000746157 4.56266e-05
0.00438038 0.000520495 0.000800727
0.00478017 -8.94011e-05 -0.000171422
0.00425485 -0.000811551 -7.09991e-05
0.00500993 0.00012179 6.74038e-05
0.00440464 -0.00076439 0.000482877
0.00470749 -0.000359331 -0.000322844
0.00181914 0.0013173 0.0120787
0.00422912 -0.000896419 0.000364435
0.00473835 -0.00024717 -0.000210685
0.00511792 -6.40898e-05 0.000152842
0.00538242 2.37247e-05 0.000218334
0.00467354 5.27863e-05 -7.51943e-05
0.0054347 0.00144467 -0.000649019
0.00457731 7.77609e-05 4.41664e-05
0.00502307 -0.000195647 -0.000482272
0.00454276 -0.00137379 0.00018149
0.00511363 0.0011331 -2.47824e-05
0.00407912 -0.00145694 0.00131326
0.0037307 0.000262006 -0.000780318
0.00541295 -7.60329e-05 0.000324325
0.00411247 -0.000428337 7.34204e-05
0.00458237 -0.000537682 0.00032939
0.00466009 -0.000984365 0.00136077
0.00489929 -8.95473e-05 -0.000602965
0.00442495 -0.000862966 0.000312452
0.00508527 0.00136831 -0.000420034
0.00480202 -0.000671023 0.000297589
0.00470411 0.00046152 -0.000260938
0.00452941 -0.0011082 0.000278052
0.00530271 -0.000638945 0.000253088
0.00414011 -0.00140565 0.000378465
0.00537559 0.000669803 -0.000349095
0.0046443 -0.000691065 0.000163533
0.00464308 0.00115879 -4.6734e-05
0.00421483 0.000215655 0.000163072
0.00424078 -0.000421534 -3.8373e-06
0.00528367 0.000436938 0.000705842
0.00457449 -0.00055237 0.000328894
0.00475553 0.000154013 -9.28128e-05
0.00459891 -0.000541137 0.000332478
0.00522711 0.000209836 2.04826e-05
0.00481634 0.000251873 -4.57498e-05
0.00450579 0.00155227 -8.83468e-05
0.00461355 -7.07254e-05 -0.00056416
0.00448798 0.000172064 -0.000249362
0.00438197 -0.000231494 -0.000136907
0.00436946 0.00118478 -6.01873e-05
0.00482371 -0.000991506 8.38408e-05
0.00560071 -0.000126083 0.000405796
0.00389705 -0.00270559 0.00170681
0.00421524 -0.0012658 0.000172302
0.0040774 -0.00157206 0.00122578
0.00474758 -0.000214661 0.000465315
0.00419754 0.00174677 -0.00136282
0.00520563 2.09227e-06 -0.000267866
0.0044421 0.000685168 0.000941751
0.00523118 0.000264082 -2.43236e-05
0.00457264 0.00126933 -0.000609474
0.00495508 0.000293537 -6.29935e-05
0.00043999 0.00754832 0.0160788
0.00478372 -0.000263276 0.000328104
0.00188401 0.000358107 -2.25957e-05
0.00502509 0.000177964 4.55308e-05
0.00456477 2.17859e-06 0.000190618
0.00544401 3.50033e-05 0.000166331
0.00479666 -0.000694953 0.000169183
0.00320807 -0.000329517 0.00138121
0.0054878 5.10313e-05 0.000196306
0.00462167 -9.2791e-05 -0.000236948
0.00387992 -0.000470766 -0.000202659
0.00556779 -0.000169856 0.000378814
0.00454341 -0.000555843 0.000326915
0.000383951 0.00613328 0.016913
0.00468652 0.000155234 -0.000208168
0.00471497 2.00188e-05 -0.000231547
0.00456459 -0.00056481 0.000327927
0.00473913 -0.00129124 0.000378475
0.00507663 0.00113436 0.000196038
0.00530561 -0.000120284 0.00035374
0.000389547 0.00539661 0.0171503
0.00472432 -0.000646965 0.000142994
0.00490163 -0.00122793 0.000345514
0.0046636 -0.000527796 -0.000445904
0.00534105 0.00015067 7.45774e-05
0.0046305 -0.000659422 0.00015726
0.00450514 0.000698477 0.000977564
0.00460321 0.00059958 3.55476e-05
0.00555658 -0.000205299 0.000438557
0.00634468 0.00592453 -0.00269949
0.00473122 9.0968e-05 -8.70929e-05
0.00421738 -0.000384249 0.00139766
0.00457075 -0.00138214 0.000185151
0.00562431 0.000969101 0.000102426
0.00485324 0.000338002 -0.000189621
0.00439707 -8.58517e-05 1.47417e-05
0.00472118 0.00197255 -0.00155562
0.00492803 0.000420241 -0.00030957
0.00477072 0.00159684 -0.00102197
0.00483378 0.000668459 0.00139432
0.00464192 -0.00063675 0.000140661
0.00490728 0.000295482 -9.50151e-05
0.00455249 -0.000549585 0.000250632
0.00457649 -0.000608906 0.000184564
0.00492524 2.09614e-05 -0.000254554
0.00472749 0.000579888 -0.000322841
0.00482621 0.000309295 -9.68518e-05
0.00464721 -0.00026745 -9.50343e-05
0.00495002 0.000224471 -5.39743e-05
0.00514613 0.000180795 4.47337e-05
0.00440926 -0.00025004 -0.000123069
0.00449432 0.00103184 -0.00122984
0.0047923 0.000258582 -9.73059e-05
0.0041629 -7.89434e-06 -0.000296959
0.00468917 7.65385e-05 -0.000128605
0.00529091 -3.39525e-05 0.000260941
0.00439814 -0.000593274 -0.000156259
0.0048524 -0.000162503 0.000368521
0.00456271 -4.43298e-06 -0.000228072
0.00454002 -0.000296867 -0.000358628
0.00467543 -0.000530075 0.000327177
0.00467451 -0.000255266 -0.000393505
0.00418107 0.00050316 -9.0285e-05
0.00483228 0.000286484 -0.000114601
0.00469922 -1.56723e-05 0.000282109
0.00479878 0.000172727 -0.00020129
0.00474795 0.000176641 -0.000257765
0.00467107 0.000210742 -0.000156123
0.0044782 -0.000529107 0.000215273
0.00500076 -0.000328177 -0.000363393
0.00541634 4.99344e-05 0.000207181
0.00540985 -0.000247914 0.000465935
0.00453618 -0.000530421 0.00032617
0.00506367 0.00030302 -8.54754e-05
0.00446924 -0.00053334 0.000322511
0.00479893 0.000213819 -0.000101581
0.00469382 1.84426e-05 -0.000287023
0.0046138 0.000141709 -3.36864e-05
0.00432206 -0.000635366 0.000155164
0.00475519 0.000171532 -9.87437e-05
0.00471722 0.000439497 0.000860863
0.00454978 0.000757667 4.38957e-05
0.00485983 0.000326689 -0.000118578
0.00543131 -4.52874e-05 0.000239846
0.00448082 -0.000171198 -1.01394e-05
0.0047246 0.000133758 -0.000258404
0.00471395 0.000722558 0.00104969
0.00395194 -0.00124107 0.000586583
0.00448766 0.000328735 -0.00013548
0.00471402 -0.000671792 0.00016302
0.0040139 -0.000540226 0.000119166
0.00481737 0.000156113 -0.000250158
0.00452478 -0.00062174 0.00013341
0.00470166 -0.000394439 -0.000340189
0.00463977 6.82798e-05 -0.000237076
0.00454605 -0.000629939 0.000145746
0.00458551 -0.000508 0.000330053
0.00497244 0.000278317 -3.98106e-05
0.00448463 -0.00025735 -6.62425e-05
0.00468608 0.000716998 0.00104289
0.00484095 0.000247608 -5.54439e-05
0.00458952 0.000396507 -0.000283469
0.00472267 -0.000704986 0.000220566
0.00452889 -0.00133294 0.000258186
0.00478729 0.000248015 -0.000231296
0.00502787 -0.00032444 -0.000384696
0.00489276 0.000264732 -6.40242e-05
0.00471192 -0.000338148 -0.000325693
0.00487788 0.000141543 7.5331e-05
0.00451831 -0.000548579 0.000324532
0.00466636 9.2692e-05 0.000215691
0.00458916 -0.000642935 0.000163612
0.00492235 -0.000381119 -0.000207725
0.00425946 -0.000614902 0.00167275
0.00426095 -0.00180695 0.000905454
0.00468949 0.000713171 0.00104059
0.00478058 -2.12834e-05 2.29522e-05
0.00467921 7.96991e-05 -0.000249708
0.00460797 -0.000573154 0.000321246
0.00505422 -0.000338232 -0.000472239
0.0045843 -0.000572765 0.000330852
0.00473427 -0.000652457 0.000146819
0.00509517 0.000268899 -9.36246e-05
0.00466317 0.000143291 1.8547e-05
0.00458446 -0.000590601 0.000231598
0.0045535 -0.000540984 0.000327505
0.00457191 -0.000624706 0.000136211
0.00459504 -0.000559148 0.000334923
0.000419327 0.00361953 0.0175054
0.00461254 -0.000616312 0.000129212
0.00430403 -0.000362282 0.00080602
0.00481665 0.000181888 -0.000267601
0.00463706 -0.000521255 0.000336592
0.00497083 0.000349151 -0.000109736
0.00471953 0.000147787 -0.000279394
0.00459081 -0.000523317 0.000329712
0.00520453 0.000721136 0.00149219
0.00449093 -0.000233865 -0.000381705
0.00496404 0.00024703 -4.73775e-05
0.000540544 0.00849038 0.0152343
0.00470607 4.12243e-05 -0.000233195
0.00483463 0.000222678 -0.000124871
0.00460804 -0.00052356 0.000330689
0.0052954 0.000570519 -0.0018653
0.00492418 0.00028846 -8.05063e-05
0.00432278 -0.000627088 0.000153203

VECTORS force float
-1.31791e-09 -3.51892e-09 1.77278e-09
5.04698e-10 3.18211e-09 -2.98625e-09
3.64834e-09 3.22081e-10 3.46583e-10
2.10163e-09 1.4526e-09 -5.44144e-09
-9.01275e-09 7.83612e-09 -1.29713e-08
4.2243e-10 1.10641e-09 -3.91605e-09
1.0174e-08 3.47104e-09 1.70356e-09
6.10341e-10 -4.87423e-09 1.02229e-09
8.76152e-10 2.32685e-09 5.25479e-09
-3.71105e-09 3.77e-09 -5.25643e-09
3.15356e-09 1.215e-09 -1.1408e-09
4.31822e-09 -1.21289e-08 -1.5181e-08
-3.03448e-09 -8.40448e-09 -2.10435e-09
3.52994e-09 1.36541e-08 -4.27993e-08
2.49824e-11 -1.79415e-08 -2.32953e-08
-4.82559e-09 -9.12372e-09 1.35698e-08
-4.44051e-10 6.49821e-10 -7.46571e-10
-8.30446e-09 1.7828e-09 -1.38879e-09
3.67909e-09 1.0808e-08 -5.60475e-10
5.0914e-10 5.38584e-10 -1.16555e-09
-4.12839e-09 1.99732e-09 -2.99779e-10
1.79831e-09 1.78594e-09 1.81012e-09
5.68202e-09 5.59082e-09 -2.75204e-09
-6.72167e-09 7.14139e-09 -9.80113e-09
-5.44441e-09 -2.73375e-09 1.22914e-08
5.05525e-09 -1.17657e-08 1.24995e-08
-1.29715e-09 5.02608e-09 -1.66473e-09
-1.5648e-09 2.69195e-09 -1.66416e-09
5.25729e-09 1.37046e-08 -2.05901e-08
-1.14865e-09 7.61651e-10 -6.5649e-10
1.04622e-09 -5.30045e-09 2.51628e-09
-1.01518e-09 -2.50218e-09 -3.79285e-10
2.66723e-09 6.23763e-09 -2.14231e-08
-5.76566e-10 -5.2489e-09 3.03339e-09
1.72915e-09 1.95656e-08 -2.63571e-08
-2.14862e-09 -3.01389e-10 -1.63847e-09
-7.24527e-11 -6.82141e-10 -4.2988e-09
-1.93817e-09 -1.56481e-08 -2.21997e-08
-4.91189e-10 -1.88766e-09 1.46734e-09
1.65113e-09 7.79981e-09 -5.71643e-09
-2.5126e-10 -3.6326e-09 -9.8843e-11
-3.33461e-10 -1.33898e-09 -1.13356e-10
2.2232e-08 -1.03625e-09 -2.08116e-08
-2.6768e-10 -6.18604e-10 9.37629e-10
3.98917e-09 3.74323e-09 -1.42838e-08
1.86966e-08 -5.11771e-10 -2.11163e-09
-2.13689e-08 1.95007e-08 2.77369e-08
-4.84334e-08 7.31622e-09 1.15516e-08
2.73224e-09 -1.86977e-09 3.16834e-09
8.97075e-09 -6.62463e-09 -5.60095e-09
2.87024e-10 -1.59788e-10 -4.04662e-08
6.43903e-09 7.38918e-09 6.48827e-10
-1.17144e-09 2.56124e-09 1.94605e-10
3.6201e-08 -1.83948e-09 1.65914e-09
-6.13928e-09 -4.86929e-09 2.29267e-09
-5.69151e-09 -6.38417e-10 -1.3727e-08
5.79048e-09 -1.48384e-09 -4.48301e-08
1.98461e-08 -8.3666e-08 -5.90556e-08
-1.94117e-09 -4.31127e-09 3.05803e-09
5.29734e-09 3.06231e-09 -1.67965e-09
-1.18235e-09 -1.33771e-09 2.50712e-09
-5.91601e-09 2.98455e-09 -1.44842e-09
3.85231e-09 -1.0301e-08 1.29724e-10
3.97792e-09 -9.59575e-09 -1.37268e-08
-1.78204e-08 -1.13852e-09 -8.39682e-09
6.23762e-09 5.21965e-09 -6.25335e-09
-2.70438e-09 3.36987e-10 -1.5092e-09
-3.18659e-09 5.13623e-09 -2.9624e-09
2.14353e-10 1.22739e-10 -3.86158e-08
-2.22324e-09 -7.33851e-10 1.43127e-10
8.29458e-10 -7.89165e-09 9.52212e-09
4.25803e-09 1.46106e-09 -8.27455e-09
-8.73823e-10 -1.97321e-09 -3.50034e-10
6.61872e-09 -4.77133e-09 -3.61493e-09
-2.32753e-09 4.53494e-10 -7.90171e-10
2.10133e-09 9.38911e-10 -1.17836e-09
-8.35405e-10 -2.22309e-09 -4.8226e-10
-5.87786e-09 2.88606e-09 3.27362e-11
9.53368e-10 -3.67467e-09 -3.89359e-10
1.05592e-09 -4.68169e-09 2.68304e-09
4.23106e-09 4.41353e-09 -1.63459e-09
-6.76233e-09 -8.67164e-11 -1.88892e-09
1.05025e-09 -2.2972e-09 -1.61388e-08
4.13763e-08 -4.76635e-08 4.94086e-08
5.25488e-09 7.00652e-10 -6.81211e-09
8.65847e-10 2.24732e-09 7.39714e-10
9.37247e-09 -3.1052e-09 9.97439e-10
7.1406e-09 1.20715e-08 5.42321e-09
3.2063e-09 1.61046e-09 -9.84869e-10
-5.55468e-09 1.02532e-08 -1.57119e-09
4.5721e-09 -3.96663e-09 -5.73369e-09
6.68636e-10 9.80492e-10 -2.02738e-10
-4.45416e-09 -4.52915e-09 -1.22479e-11
3.48946e-09 -1.22273e-09 2.90645e-10
2.12727e-08 -1.8912e-08 -4.91877e-08
8.87099e-10 -2.63349e-09 -1.03986e-10
-5.81347e-09 1.07513e-09 -1.32247e-09
-8.95818e-12 6.5703e-12 2.63005e-14
-6.05973e-09 1.15491e-09 -3.47288e-09
2.23542e-09 1.84355e-09 -1.17317e-09
-9.28782e-09 1.87541e-08 1.92403e-09
2.78223e-09 -3.94581e-10 -2.93257e-08
6.22857e-09 3.39507e-09 -2.24661e-09
-1.95548e-09 3.24414e-10 2.99138e-10
1.48624e-09 -1.44604e-08 -1.50027e-09
2.6454e-09 4.45474e-10 1.86477e-09
0.0 0.0 -3.8832e-08
1.41895e-09 6.53067e-09 -7.01822e-10
-3.59731e-10 -9.31671e-10 5.11371e-10
-3.69947e-08 3.93876e-09 -5.02607e-09
2.94896e-09 6.18068e-10 -3.44952e-08
8.20958e-09 4.0513e-09 3.78469e-10
1.9187e-09 -3.89533e-09 7.40626e-09
-1.89916e-09 1.60231e-09 7.41469e-11
-1.65945e-09 -3.58983e-09 -1.28654e-09
-6.34506e-09 5.43042e-09 4.93709e-10
-4.04309e-09 -1.07484e-08 9.91553e-09
2.32884e-09 6.72645e-09 -6.52045e-09
3.12924e-12 5.93408e-09 -2.8866e-08
-6.73247e-09 6.06798e-10 -1.92443e-10
-2.15596e-09 3.784e-09 1.02858e-08
-7.6413e-10 -1.43367e-09 4.2958e-10
9.97789e-10 6.30232e-10 -6.8264e-10
-1.40428e-09 1.7373e-09 9.09858e-10
-1.57253e-09 -9.53663e-10 -3.28195e-10
-8.7459e-13 2.85474e-10 -1.12628e-10
-3.69072e-11 -1.60077e-09 -5.26288e-10
-5.24921e-09 3.42104e-09 -7.55461e-09
-6.62402e-09 -1.03297e-08 -1.38024e-09
2.52601e-09 2.5227e-08 -3.22864e-08
-2.97934e-09 8.97079e-10 6.4811e-10
9.51832e-10 1.1064e-10 -4.52742e-10
-6.80562e-10 4.19827e-10 -7.88254e-10
5.28294e-09 2.67521e-09 5.75823e-09
3.91709e-09 -3.63803e-10 -3.25872e-10
-1.20083e-09 2.77368e-09 3.64507e-09
4.70283e-09 -1.6999e-08 -2.49814e-08
1.61221e-09 -1.53522e-10 -6.1251e-11
9.23367e-09 -1.76866e-09 2.26133e-09
-3.65038e-09 1.80948e-09 2.44167e-10
0.0 0.0 -3.8832e-08
-3.34723e-09 -7.86694e-10 6.80364e-11
-3.16511e-09 -1.76768e-08 -2.31932e-08
-2.31504e-10 4.15624e-09 -2.50546e-08
-2.57174e-09 3.05494e-09 -1.31527e-09
-8.3621e-09 -1.06772e-08 4.1773e-09
-3.19863e-09 9.02043e-10 2.47753e-09
1.09189e-08 1.15073e-08 5.21852e-09
1.5771e-08 -6.41453e-09 -1.92679e-08
-1.25898e-08 -1.55232e-08 8.89082e-09
4.86748e-09 -1.19394e-08 6.23636e-09
-6.73808e-11 -1.76379e-09 -1.79997e-10
3.4989e-09 -2.05865e-09 3.92906e-09
1.29654e-09 1.9451e-09 5.7628e-09
-5.14598e-10 -4.52871e-09 5.44502e-09
7.05142e-10 -1.37311e-09 -1.87172e-09
2.63333e-09 4.26084e-08 3.95759e-09
-3.76419e-09 -3.24743e-09 -9.12201e-10
-5.85217e-09 -7.21689e-11 2.4563e-09
5.29904e-09 2.90176e-09 -1.86721e-10
9.74895e-10 9.7826e-10 1.83623e-10
2.46148e-09 2.45107e-08 -5.37015e-09
3.23996e-09 3.70713e-09 -3.2555e-09
1.73403e-09 1.69754e-09 -8.92807e-10
5.3895e-10 -5.95074e-09 1.46148e-09
1.24515e-09 -1.37327e-09 7.25161e-10
-1.36775e-08 7.67097e-09 1.51747e-08
-1.58928e-08 1.54186e-08 7.20982e-08
-7.1085e-09 -2.8461e-10 2.05116e-09
-4.09003e-09 -7.40532e-10 -3.70096e-09
-2.65096e-09 -2.1238e-09 -1.62374e-09
-3.68738e-09 -5.47141e-09 -1.46642e-09
1.41365e-09 1.81077e-09 1.86438e-09
-5.00973e-09 9.00417e-09 -2.17009e-09
0.0 0.0 -3.8832e-08
3.87953e-09 -1.78815e-09 2.27798e-10
-1.55049e-08 1.3872e-08 -2.1528e-08
-5.27516e-09 -2.22878e-09 1.96793e-09
-9.61224e-09 -1.75144e-08 6.34672e-09
3.73537e-09 -2.05746e-08 -2.64594e-08
2.99419e-09 2.28899e-09 2.12995e-10
8.68587e-10 -2.01722e-09 -1.5036e-09
1.62019e-09 -5.05037e-09 4.95227e-09
2.06774e-09 7.36341e-10 1.20823e-08
-1.27821e-09 2.63752e-09 -1.92598e-09
-1.59604e-09 -4.74185e-09 -2.9978e-09
2.06371e-09 -5.23096e-10 -8.74569e-11
3.18072e-09 8.82345e-10 5.06989e-10
-1.3803e-08 2.42449e-09 -1.32263e-09
4.58408e-09 -2.18869e-09 1.50278e-09
1.08271e-09 -3.03314e-09 2.05412e-09
7.62794e-09 3.69856e-09 2.23415e-10
-1.62639e-08 1.03914e-08 -9.17963e-09
2.52649e-09 4.76923e-09 9.18801e-10
1.15878e-08 8.32044e-08 -2.54553e-08
8.61943e-10 -1.13511e-09 1.17687e-09
-4.27229e-09 1.41519e-09 2.46225e-09
8.1102e-09 1.15427e-08 -1.05112e-08
-2.22276e-08 -3.74148e-09 1.75525e-09
-1.75886e-09 -2.13656e-09 -1.45726e-10
-5.79968e-10 6.53809e-09 -3.33593e-09
-2.03245e-09 -1.14739e-09 5.30376e-10
-1.25334e-09 -2.16594e-09 1.80858e-09
-6.73007e-10 -1.24315e-09 -1.78574e-09
-1.51044e-08 4.02629e-09 -1.78613e-09
-1.99302e-08 2.42445e-09 -1.89368e-08
1.09191e-09 -5.79192e-09 6.28962e-09
1.41383e-08 2.81995e-08 -3.86088e-08
0.0 0.0 -3.8832e-08
-2.81145e-09 -6.24046e-09 3.04583e-10
2.41559e-08 1.53949e-08 1.89789e-09
-1.53976e-08 8.68286e-09 -4.00176e-09
2.45175e-09 2.18975e-09 -5.78318e-10
7.6139e-10 -1.72881e-09 -3.14846e-10
-8.6248e-10 1.19803e-08 -1.4713e-08
-9.04769e-09 -2.55102e-09 -7.07354e-10
-4.67034e-09 -1.91437e-09 3.33454e-09
-1.58934e-09 -4.56482e-09 -3.79888e-11
-1.75982e-09 -1.96575e-10 2.5534e-09
-9.71919e-10 2.96786e-09 -2.40316e-09
5.59879e-09 -1.13543e-08 1.52e-08
1.52221e-08 -5.109e-09 6.06353e-09
1.54665e-08 2.8971e-09 -2.97314e-08
-1.15568e-09 1.07681e-09 -6.06507e-09
-1.11477e-09 1.36475e-09 4.86946e-10
3.01364e-09 -8.45033e-10 6.26657e-11
4.98622e-09 1.46567e-09 1.05278e-08
-2.82487e-10 9.01331e-09 -9.42781e-09
2.00028e-09 2.16725e-09 -2.4921e-09
2.71109e-10 3.67857e-09 3.07351e-09
-3.13572e-10 -1.81375e-09 1.46784e-09
1.6952e-08 -5.28715e-09 1.61286e-09
3.15566e-09 -1.81291e-09 1.93832e-09
-1.8975e-09 1.24291e-08 -1.12691e-09
1.26967e-09 -8.48458e-09 -2.16034e-10
1.27199e-09 1.42356e-09 3.03322e-10
3.73903e-09 -6.19115e-10 5.93544e-09
-5.50735e-09 -2.05962e-09 1.2919e-08
2.45118e-09 2.84851e-09 -3.37586e-09
-1.64807e-09 8.2247e-10 -1.82727e-09
-3.47e-09 1.41854e-09 1.36084e-09
-8.68047e-10 3.32727e-09 -1.50953e-10
-4.40986e-09 9.28733e-10 8.41594e-10
-1.79438e-08 4.44656e-08 -3.22036e-09
1.6744e-08 4.29553e-09 -3.2356e-09
1.74444e-09 -3.27541e-09 3.5035e-09
2.06773e-10 -2.71242e-09 -2.67662e-09
3.38025e-09 -4.11055e-09 9.87672e-10
6.19913e-10 -2.86842e-09 2.85075e-09
-2.05098e-09 3.16195e-09 -2.65051e-09
6.0024e-09 -1.68519e-09 -3.37143e-08
3.8788e-10 -1.45798e-09 -1.31851e-09
6.37514e-09 -8.18642e-09 -3.17072e-10
-5.61483e-09 -7.48361e-09 1.12462e-08
-8.1818e-09 9.06358e-10 -5.42002e-10
3.02087e-09 -7.17208e-09 -2.01442e-08
1.15861e-08 1.58796e-09 2.79504e-09
-2.2608e-09 -6.84668e-09 -9.21372e-10
-1.91653e-09 -2.77739e-09 1.54692e-09
4.74087e-12 4.9106e-09 -2.08439e-09
8.49521e-11 3.70289e-09 -1.65661e-09
-1.03757e-08 1.63081e-09 3.79589e-10
7.79693e-10 -1.03328e-09 -8.96372e-09
7.959e-10 -3.23033e-09 3.50402e-10
1.23993e-10 9.99838e-11 7.69918e-11
1.13915e-09 1.81439e-10 -1.33096e-09
4.16417e-09 2.42367e-10 -3.35089e-08
-5.13185e-09 1.14701e-08 -1.16931e-08
-6.16709e-10 -4.61863e-09 -3.17912e-09
-1.04275e-08 1.61343e-08 -2.30857e-08
-4.72681e-09 7.78484e-09 -1.71297e-10
3.32408e-09 -7.07047e-11 -5.19039e-09
0.0 0.0 -3.8832e-08
-1.60527e-08 6.71493e-09 -7.56044e-09
-1.09695e-09 1.20565e-08 -1.47768e-08
4.25959e-10 4.65151e-09 -4.14775e-09
1.80938e-08 1.77509e-09 -9.64844e-09
0.0 0.0 -3.8832e-08
-2.95794e-09 1.59118e-09 -6.64817e-11
-1.8897e-09 -5.43313e-10 7.51511e-10
-1.28253e-09 -1.57922e-09 -4.48446e-10
-1.90506e-09 3.29306e-09 -2.64841e-08
1.88036e-09 8.64735e-09 -1.41753e-09
-7.91451e-09 -8.44793e-09 -2.46999e-09
-5.76959e-09 6.53525e-11 -2.69053e-09
5.60046e-09 1.3114e-08 7.74477e-09
-1.508e-08 1.38476e-08 1.69391e-08
1.34438e-09 3.44538e-09 3.70113e-09
1.82279e-09 -1.84859e-09 8.24549e-10
-5.40579e-09 -1.70354e-08 1.34233e-08
1.60571e-08 -3.31505e-09 4.1083e-09
-2.32214e-09 -1.31366e-09 -7.51943e-09
4.77166e-09 -1.01639e-08 4.8573e-09
7.44942e-09 6.52131e-09 -2.55507e-09
2.00794e-08 3.92171e-11 -2.32309e-09
-1.19304e-08 2.71256e-09 -5.71743e-10
2.49202e-08 -1.68494e-09 -1.39485e-09
6.62178e-09 1.75902e-09 -6.32781e-09
-1.76231e-09 1.35889e-09 3.35267e-09
-8.28306e-09 -4.4755e-09 3.98208e-09
-1.63164e-09 -7.66675e-09 1.15551e-09
8.17377e-09 2.11458e-08 -1.28634e-08
2.46728e-09 9.55554e-10 9.22318e-11
-5.00331e-09 -9.47973e-09 -6.00113e-10
1.48673e-09 -7.17935e-09 1.61593e-09
-3.16073e-09 8.27848e-09 -7.66951e-10
-4.6798e-10 -4.55766e-09 -3.2329e-09
-4.05355e-09 -6.28086e-10 -5.52999e-10
0.0 0.0 -3.8832e-08
3.7254e-09 2.48354e-09 1.36553e-09
-7.59995e-09 -1.09515e-08 2.87229e-09
-1.02694e-08 4.54985e-09 -6.61375e-09
-1.48312e-08 -1.34018e-08 2.24116e-08
-2.75621e-09 1.04746e-10 -9.25628e-10
2.09898e-09 -2.95542e-09 -8.58761e-10
2.00491e-08 -1.66992e-08 2.90443e-08
-9.56294e-09 -7.10843e-10 5.09638e-09
-2.2051e-09 -7.62277e-09 -3.80176e-09
-2.03755e-09 6.28222e-10 -1.053e-09
-7.77636e-09 -8.67265e-09 9.19822e-10
2.44262e-09 1.83442e-09 -4.0652e-08
-2.17405e-07 4.08051e-08 -2.82936e-08
8.93393e-09 6.0833e-08 -2.45168e-08
-2.42985e-09 1.93421e-09 1.18676e-09
-6.77006e-09 -1.41879e-08 -4.80726e-10
9.58735e-10 -2.43894e-10 1.01075e-09
-6.35763e-09 1.15877e-09 5.02437e-09
-8.27574e-09 -7.42204e-09 -2.78024e-09
-3.08771e-10 2.75343e-09 1.12329e-09
-1.27944e-09 -3.86335e-09 1.65477e-09
-6.62905e-09 -9.9129e-09 -3.66649e-10
1.02686e-09 -1.13214e-08 -7.20403e-09
5.27664e-10 -4.63353e-09 5.5379e-09
0.0 0.0 -3.8832e-08
-5.48379e-09 2.86052e-09 -3.52783e-10
0.0 0.0 -3.8832e-08
1.84549e-10 -1.73032e-09 3.1349e-09
2.51555e-08 -1.25526e-08 8.97123e-09
-9.15354e-09 1.25203e-08 -1.29584e-08
-5.25081e-09 3.33114e-09 -9.55001e-10
-3.25675e-09 -2.88772e-09 2.38129e-10
2.7509e-09 5.99919e-09 3.8199e-09
-9.18479e-08 3.63576e-08 7.79608e-08
3.43865e-09 2.88698e-08 -3.11231e-08
4.25004e-09 2.29161e-09 -3.68083e-09
-6.9395e-08 2.89417e-08 -2.92184e-09
-1.43046e-08 1.75338e-08 -1.82746e-08
-5.12494e-09 4.78894e-09 -1.38628e-10
-1.356e-09 2.17231e-10 -8.7658e-10
-9.93347e-09 -1.17419e-08 7.80867e-09
-3.32506e-09 -1.06363e-09 3.92629e-09
-7.06393e-09 7.89037e-09 2.99174e-09
-5.81779e-09 3.5837e-08 -1.61331e-08
5.36748e-09 9.16307e-09 -5.77935e-09
4.68481e-09 2.70413e-10 -3.18081e-08
-1.67266e-09 5.69252e-09 -7.67438e-10
5.80495e-10 -6.6985e-10 2.29516e-09
-1.66492e-09 -5.9782e-09 7.99953e-09
-6.90086e-10 4.59783e-10 2.91106e-10
1.19971e-08 6.78212e-09 9.36102e-10
-6.42928e-09 -3.37193e-10 1.06905e-09
4.65566e-09 2.20856e-09 -1.0546e-11
4.83083e-09 -4.80788e-09 2.22289e-09
-7.30344e-09 1.21157e-09 -3.9217e-10
1.21428e-10 -4.45878e-10 -1.47569e-10
-3.75262e-09 -1.76187e-09 2.04494e-09
3.00349e-08 -2.28411e-08 1.11002e-08
2.77116e-08 2.52867e-08 -3.3408e-08
2.97126e-09 -3.03301e-09 -3.80871e-09
2.08325e-21 1.2325e-21 1.85288e-22
4.50576e-09 2.46489e-10 -1.97908e-09
-1.4017e-08 -1.79922e-08 -6.1942e-09
-4.30361e-10 2.05602e-09 -1.55517e-10
4.40306e-09 7.67814e-10 2.25139e-09
-8.49297e-10 -2.0299e-09 7.42957e-11
4.07214e-09 -5.23537e-09 1.39339e-10
1.08795e-08 -1.6603e-08 5.4795e-09
-1.36858e-08 1.48302e-08 -1.17322e-08
1.40582e-09 -1.29848e-09 8.29127e-09
2.58877e-09 8.2565e-09 -2.21302e-09
4.39506e-10 -1.00254e-08 3.16592e-09
-2.1687e-09 -6.0779e-10 -4.52398e-09
5.78083e-09 -1.36599e-09 -3.38451e-08
2.16264e-08 -1.00041e-08 -2.45488e-08
-6.9784e-10 4.27653e-09 -6.47955e-09
-7.95218e-09 -2.95908e-08 1.83756e-08
2.11643e-10 1.5784e-09 -1.42275e-09
-6.5735e-09 1.34556e-09 -1.82203e-09
-7.30057e-09 7.53626e-09 -2.03843e-09
-1.10683e-08 7.0586e-09 -1.58483e-09
3.0494e-09 -9.8917e-09 1.18755e-08
-2.2541e-09 -3.13669e-09 2.6635e-09
3.46301e-09 5.01957e-09 8.73132e-11
-5.49956e-09 -4.23492e-09 -3.54417e-09
-5.54635e-09 -2.51235e-09 6.07063e-10
-3.05644e-09 -1.4219e-09 1.03978e-08
1.31224e-08 -6.55306e-09 2.37251e-10
-2.12253e-09 4.09061e-10 1.70942e-11
2.58598e-09 -1.53139e-09 7.94102e-10
-1.11143e-09 2.57815e-09 -4.91539e-10
-2.75932e-09 2.38162e-09 -7.12132e-10
-2.20822e-09 1.21644e-09 -2.46172e-10
1.47627e-09 1.31601e-09 -1.88417e-10
-6.61753e-09 -5.39145e-09 -2.97172e-10
1.56638e-08 2.026e-08 -3.26815e-09
4.23376e-11 8.6824e-09 -3.09427e-09
-1.95089e-09 -6.51134e-09 6.66619e-09
7.97884e-11 2.36288e-09 -2.22685e-09
1.74374e-09 1.05039e-10 5.90173e-10
-1.53099e-08 9.6895e-09 -1.973e-09
-1.86635e-08 1.60914e-09 6.59868e-09
-1.725e-10 -3.453e-10 -1.5755e-09
1.77995e-08 -6.26442e-10 -2.43791e-08
-1.18537e-08 6.07896e-09 -1.923e-08
-4.10712e-09 -8.06938e-09 5.17449e-10
7.11499e-09 1.00689e-09 -6.97834e-10
3.3139e-09 -6.87077e-10 -2.48127e-10
3.83218e-09 -8.56352e-09 -2.43869e-08
-1.76119e-09 7.01881e-10 7.71348e-10
-7.96411e-10 2.22227e-09 -3.93373e-09
6.52045e-09 -2.06992e-09 1.33101e-09
-1.30974e-09 -2.61217e-09 -3.31003e-08
1.2822e-10 -3.2865e-10 1.70191e-09
-2.4061e-09 2.00356e-09 -1.76052e-09
-1.76226e-09 -1.13841e-10 -7.23605e-11
-1.41149e-09 1.09849e-08 -1.73392e-08
1.9403e-09 2.4862e-10 -4.22924e-10
-2.16442e-10 -3.88334e-09 1.60632e-09
-2.2231e-09 -1.66305e-09 1.20473e-10
-7.85922e-09 -1.0256e-08 1.27319e-08
-6.72775e-09 7.65559e-09 -7.75485e-09
-2.58616e-10 -6.11367e-12 3.23851e-10
-6.10812e-11 6.72162e-09 -1.3179e-09
-1.47846e-09 -3.5459e-09 3.83179e-09
1.87386e-09 -2.02449e-09 1.90992e-09
-4.00225e-09 -6.32149e-09 4.88313e-09
1.28148e-09 -3.77634e-09 -1.19213e-09
4.19953e-09 -1.21459e-08 -1.19399e-08
-2.04675e-10 7.65088e-09 -1.77507e-09
1.90132e-09 -1.57072e-09 1.89293e-09
1.29028e-08 1.05808e-09 -7.29558e-09
6.98081e-10 2.08357e-09 -4.77931e-10
-2.23585e-09 1.6492e-09 3.9999e-10
-2.96916e-08 1.12968e-08 -7.1294e-09
-1.36056e-09 -1.39805e-09 7.18835e-10
-6.79663e-09 -1.45018e-10 3.10819e-09
-2.55724e-09 1.656e-09 -1.14079e-08
1.00631e-09 -6.37606e-09 3.16101e-11
-4.33951e-09 5.40067e-09 -2.30684e-09
4.11941e-09 -2.03263e-09 -7.21699e-10
1.0751e-08 7.43154e-09 -6.06245e-09
-3.33834e-09 -4.63017e-10 1.918e-09
2.66047e-09 -9.69058e-11 -3.7799e-09
8.54481e-09 -2.29071e-10 -7.12142e-10
-1.21206e-08 8.02985e-09 2.13139e-09
-1.41382e-10 4.30442e-09 -2.85759e-09
-2.91011e-09 8.53797e-09 -1.4715e-09
-4.86404e-09 -4.08146e-10 9.41955e-11
-2.65957e-08 -2.32267e-08 2.17653e-08
5.36583e-09 5.16435e-08 1.9468e-07
-1.35065e-09 4.35303e-09 -5.43029e-09
-2.48314e-10 -5.96615e-10 1.10763e-09
9.63493e-09 -8.56568e-09 -2.31171e-09
1.96223e-08 -1.42437e-08 1.42812e-08
-2.02361e-09 1.29304e-09 9.12401e-11
-1.00132e-09 -4.68239e-09 -8.92e-10
-1.56963e-09 -1.60867e-09 2.59883e-10
1.72435e-09 2.63413e-09 2.06127e-09
3.21443e-09 3.51596e-09 -1.50592e-09
-6.02412e-09 -1.90633e-09 6.55948e-10
3.20743e-09 1.23636e-08 -1.6977e-08
-3.75985e-09 -6.33993e-09 1.96503e-09
-4.55631e-09 -2.27881e-08 7.40777e-08
-4.27757e-09 -5.74515e-10 1.46882e-09
2.34077e-09 -5.61268e-10 5.71833e-10
-4.5153e-09 -2.68205e-08 9.64217e-09
9.86821e-10 1.0235e-08 -2.78795e-08
1.87131e-10 -3.17554e-09 -1.01774e-10
1.73872e-10 4.7933e-09 1.06905e-09
-1.0263e-08 2.65346e-10 1.16608e-08
8.09918e-10 2.59987e-10 -1.73957e-09
9.56252e-10 1.02383e-08 -2.78799e-08
1.0853e-08 -7.86174e-09 2.89348e-09
6.22914e-09 -4.73927e-10 5.55513e-10
-1.52073e-09 2.36643e-09 6.28211e-10
3.65217e-08 -8.75434e-09 3.94513e-09
-1.02386e-09 -6.09543e-11 -2.11538e-10
-3.37242e-08 -1.92096e-08 2.14639e-08
2.19309e-09 2.27326e-09 -4.5835e-09
3.38907e-09 -2.56996e-09 -4.02668e-09
-6.82709e-11 3.95457e-09 -5.34861e-09
-3.06883e-09 -2.49117e-09 6.27287e-10
-3.70278e-10 -6.91326e-10 2.45017e-10
3.53988e-09 3.45482e-09 -4.09814e-09
1.41476e-09 4.78079e-10 1.1725e-10
2.25059e-09 -4.99013e-09 8.52123e-10
3.28872e-09 -2.0529e-09 -4.31097e-08
-4.60771e-09 9.72931e-10 9.97923e-10
-3.15456e-09 4.43471e-09 -5.24568e-09
1.45043e-08 5.04585e-10 1.07608e-08
2.70301e-09 -4.80554e-11 -1.29086e-09
0.0 0.0 -3.8832e-08
-8.42497e-10 -3.66828e-09 2.81143e-09
-6.37279e-10 -3.13717e-11 8.83735e-10
8.44319e-10 1.46118e-09 -2.63483e-08
-3.31903e-10 6.20174e-10 2.57847e-09
-3.6962e-10 -2.02855e-09 1.87393e-09
-7.92073e-10 4.09185e-09 -6.94802e-10
-5.99912e-09 2.31004e-09 1.93635e-10
4.96269e-10 7.86985e-10 2.05766e-10
2.60419e-08 1.31304e-09 3.30403e-08
-7.47655e-10 6.04905e-09 -6.52599e-09
0.0 0.0 -3.8832e-08
8.75796e-09 -5.50258e-12 -2.31191e-08
3.69875e-10 4.9077e-09 -8.53898e-09
-6.69944e-10 1.00635e-09 -2.55699e-09
-1.14969e-08 1.39434e-08 4.17359e-10
-8.73763e-10 -6.03187e-09 -4.43199e-11
-7.80454e-10 1.52364e-10 -3.744e-09
3.98189e-09 -4.11893e-09 2.38232e-09
4.24424e-09 -2.07145e-09 -3.60935e-08
-2.68031e-10 1.67106e-10 -2.93307e-11
8.65581e-09 5.10855e-09 -3.12602e-08
-6.15129e-09 -2.77693e-08 1.31957e-09
7.75543e-09 -8.64909e-10 -2.15478e-10
1.01629e-08 -2.54695e-08 1.19533e-08
-9.26425e-09 1.43009e-08 -3.94674e-09
1.6766e-09 -1.43559e-09 5.71941e-10
-1.89778e-10 -3.53896e-09 5.01637e-09
4.42207e-09 9.66392e-09 -5.76695e-09
-2.47378e-09 1.10223e-09 9.88173e-10
-2.35951e-09 1.7278e-09 -1.77657e-11
-3.63893e-09 3.24227e-09 2.45317e-08
-9.86596e-09 -1.19609e-09 -1.23674e-09
2.21979e-09 3.32023e-09 -2.24098e-09
-5.8773e-09 4.60714e-09 -1.27542e-09
1.04125e-08 -1.21439e-09 8.34524e-09
4.6538e-09 1.17346e-08 -4.41907e-10
-1.38456e-09 -2.75861e-09 -4.25268e-10
1.50727e-08 -1.16836e-08 5.7673e-09
-1.35285e-09 -1.22465e-09 -7.17779e-10
-1.0872e-08 -8.16685e-09 7.34646e-09
1.07051e-09 -6.81854e-09 1.45895e-10
7.15001e-09 1.72453e-09 -3.30812e-08
3.71553e-08 -1.34329e-08 1.83989e-08
-4.97827e-09 3.31036e-09 -3.16822e-09
-1.07612e-08 5.68266e-09 -5.7232e-09
-2.80416e-10 -3.5328e-10 1.27397e-10
8.17387e-09 -6.85514e-09 2.68927e-09
3.2403e-09 -3.1216e-09 5.78839e-09
-8.45207e-10 -1.57404e-10 4.52461e-10
1.65158e-09 -1.07538e-09 -7.67355e-11
-4.28415e-10 1.18381e-08 -1.46284e-08
3.67801e-09 9.90926e-10 -8.09431e-09
-5.02302e-09 9.66986e-09 6.9371e-09
-8.56485e-09 -9.13585e-09 5.88172e-09
-7.95755e-09 1.2035e-09 -8.07201e-10
3.86335e-09 -1.56124e-09 1.42999e-09
-3.92784e-09 -6.39637e-10 7.94469e-10
1.45922e-08 -9.99059e-09 1.08659e-09
8.54104e-10 -1.50288e-09 3.38565e-09
-5.62336e-09 -6.55913e-10 3.35626e-10
-1.96369e-09 6.70872e-10 -4.90387e-09
8.15797e-11 3.70234e-09 -2.90395e-09
-2.37567e-09 2.57758e-10 -7.57328e-10
-2.90454e-09 6.97707e-09 -1.12515e-09
-5.59236e-09 -1.25829e-08 9.67012e-09
8.37262e-09 1.25446e-08 -2.28864e-09
-6.1332e-10 1.48328e-08 -3.71301e-09
-6.34853e-09 1.65966e-09 -3.3202e-09
3.12937e-09 5.89314e-09 -1.63662e-08
-1.48627e-09 -1.94251e-10 -7.16608e-09
8.69226e-09 5.93277e-09 -5.17433e-09
0.0 0.0 -3.8832e-08
-1.94751e-10 -9.91113e-10 2.10603e-09
7.3498e-09 7.03468e-09 -5.74684e-09
1.76003e-09 -2.5598e-09 -1.34031e-09
-1.03666e-09 -8.21505e-09 1.38655e-08
-1.64722e-09 -9.05354e-10 1.37216e-10
-3.09266e-10 -2.44077e-09 4.27055e-09
1.82109e-09 7.1083e-09 2.3546e-08
-3.93681e-09 1.70963e-09 -1.13705e-10
-8.0209e-09 3.22784e-09 -6.02914e-09
1.83074e-09 1.06649e-09 -8.63535e-10
-5.13687e-09 6.08463e-09 5.93531e-09
3.64969e-09 5.30291e-09 3.79365e-09
1.77694e-08 -2.00746e-09 -2.40164e-09
-2.52252e-09 -3.62267e-09 -6.22102e-10
-7.38075e-09 -8.67638e-10 -1.63003e-08
1.14449e-09 -1.08984e-08 1.54306e-09
-3.54489e-09 -3.53635e-08 -6.08371e-09
-2.90338e-09 6.25295e-10 -4.90514e-10
-1.49285e-09 1.0692e-09 -2.1559e-10
-2.13539e-09 -4.46712e-10 3.59843e-10
-3.38138e-09 6.47301e-09 -1.07123e-08
-2.34674e-10 2.2088e-09 1.85394e-09
2.88254e-09 -1.77293e-08 1.96109e-08
2.65018e-08 -1.27538e-08 1.44687e-08
4.86164e-08 -1.95326e-09 1.54578e-08
-4.81783e-09 1.16028e-09 -3.04305e-10
2.95274e-10 5.108e-09 -3.87993e-09
-3.91934e-09 5.19964e-10 1.66041e-12
2.59197e-09 2.63838e-09 -2.2792e-09
-1.24174e-08 3.09339e-08 -2.87166e-08
7.84618e-10 7.26812e-10 5.51403e-10
6.92513e-10 1.59219e-09 2.90581e-09
-1.2779e-08 1.2166e-08 -1.2752e-08
-6.24459e-09 -1.99391e-10 5.91815e-09
5.2192e-08 -6.68025e-09 1.60604e-10
-3.18265e-10 -8.63544e-10 -1.5298e-09
-5.3006e-08 -5.21566e-09 1.90718e-07
-1.33995e-08 1.59368e-08 -1.19726e-08
1.65557e-10 -2.80623e-09 -1.33899e-09
8.77767e-09 6.47736e-09 1.51141e-10
1.9183e-09 -2.82194e-10 1.69892e-10
-7.65697e-10 -8.22101e-09 -3.20032e-08
-1.42629e-10 -1.16576e-08 6.792e-09
1.30217e-08 -2.65078e-09 -5.2998e-10
1.03406e-08 -1.16429e-08 1.98972e-08
1.0475e-08 -3.49331e-09 1.80455e-08
1.97617e-09 4.12372e-09 -1.85125e-08
2.60668e-09 -4.55772e-09 7.33847e-11
-3.5144e-09 -1.60818e-08 8.29694e-09
-2.22922e-09 -3.17071e-09 7.09424e-09
8.58832e-09 8.5382e-10 -1.21833e-08
1.32177e-08 -7.94217e-09 1.84547e-08
5.42032e-10 7.25274e-10 3.56613e-10
-3.66298e-09 4.02463e-09 -1.16981e-09
3.4704e-08 -3.12338e-08 3.04174e-08
2.45313e-08 1.60331e-09 4.52184e-09
-5.09776e-09 -8.27764e-09 5.23204e-10
1.12728e-09 5.84545e-09 7.87588e-09
8.90213e-09 6.19709e-09 1.16863e-10
-2.84e-10 2.27758e-10 8.09973e-10
-4.58851e-10 3.97324e-09 -3.56087e-09
-4.36543e-09 2.56311e-09 -4.57938e-09
3.02033e-10 3.62879e-09 6.57266e-10
3.47338e-09 5.53701e-09 -5.56376e-09
-9.51213e-09 3.18247e-09 1.99303e-08
2.08746e-09 4.1692e-09 3.52366e-09
2.69533e-08 8.92154e-09 -5.7949e-09
-5.45101e-09 3.51457e-09 -6.34959e-09
2.4962e-08 -2.44405e-08 8.16953e-08
2.31988e-08 -7.15211e-09 3.0105e-09
-3.77965e-09 6.26596e-09 -6.94237e-10
-3.16996e-10 -1.03706e-08 1.51879e-08
-1.03574e-08 1.54104e-08 1.6985e-09
1.84061e-08 3.49414e-09 1.1995e-08
2.96795e-09 -5.26296e-09 4.87847e-09
4.16151e-09 2.96934e-09 -7.51128e-10
8.20262e-09 -7.05264e-09 -1.00888e-08
1.56255e-09 2.79516e-09 1.6378e-08
1.55012e-08 8.89329e-10 6.43578e-08
1.14155e-08 -8.54181e-09 4.74496e-09
5.13355e-11 -6.11101e-10 3.30045e-11
-3.13256e-09 4.18245e-09 -2.92102e-09
1.83579e-08 -1.22646e-08 5.64442e-09
1.17878e-08 -6.21441e-09 4.4717e-09
4.59998e-09 6.6228e-10 1.92381e-09
2.90301e-09 -3.91406e-09 5.54105e-09
2.10427e-10 -2.26358e-09 1.05242e-08
-6.4354e-09 -9.63415e-09 8.43146e-08
-5.1565e-10 -4.5151e-09 3.16818e-09
4.50486e-09 -6.21228e-09 -2.68667e-08
-4.67153e-09 -5.37089e-10 3.35855e-10
-5.10681e-10 -2.39846e-10 -8.36271e-11
2.19203e-08 4.49185e-09 -1.03093e-08
-1.10229e-08 -1.3572e-08 -5.74398e-09
-4.51285e-09 -6.50617e-10 1.53026e-10
-1.43024e-09 3.51828e-09 -8.671e-10
-5.55457e-09 2.32178e-09 1.3759e-08
-7.00872e-09 1.93325e-09 -7.0382e-10
1.27556e-10 6.57477e-10 -6.7598e-10
2.1773e-09 5.57117e-09 -1.91783e-09
-4.72534e-09 8.50825e-11 6.2016e-10
5.57985e-10 1.31697e-09 -8.87873e-10
3.13229e-10 -7.50953e-09 -3.31456e-10
-9.80973e-10 1.37428e-08 -1.28412e-08
-7.88663e-10 -6.95245e-09 2.62435e-09
-1.24444e-09 3.35247e-09 -1.57356e-08
1.22299e-08 4.1353e-09 -5.56781e-09
-5.1482e-09 -9.19901e-09 8.83274e-09
6.05974e-09 7.08967e-10 4.56155e-09
9.57271e-10 -2.68393e-09 4.57724e-09
3.98224e-08 -1.88364e-08 1.62444e-08
-1.24071e-09 -7.72076e-09 5.86578e-09
1.13895e-10 3.4928e-11 -3.87501e-08
1.60176e-08 1.60418e-08 7.00816e-09
-2.72717e-09 -6.22673e-09 -2.65524e-09
-5.092e-09 -1.93957e-08 1.70642e-09
5.75121e-09 8.32997e-09 2.59277e-09
6.47031e-09 -2.68173e-09 5.67611e-10
9.00092e-09 1.35642e-08 -1.77765e-08
6.0406e-09 3.5393e-10 3.19388e-09
3.05836e-09 -3.41854e-09 3.54106e-09
-1.20195e-10 -1.20561e-09 -2.17508e-09
-4.40419e-09 -1.54978e-09 -2.67108e-10
1.01068e-08 -1.10042e-08 1.16899e-08
-2.76218e-09 -1.52702e-09 2.27e-09
2.57678e-08 -2.27202e-08 1.95427e-08
-9.08552e-09 -1.53374e-08 5.90481e-10
-7.48013e-10 7.6495e-10 -6.67041e-12
1.99198e-08 -7.06918e-09 4.53618e-09
6.92144e-09 -4.04885e-09 4.74632e-10
8.7137e-09 1.92907e-09 1.90046e-08
1.22051e-09 -9.99437e-10 -1.48338e-10
9.81293e-11 6.97966e-10 6.42111e-11
2.38777e-09 2.4351e-09 -3.14169e-09
2.14023e-08 1.24286e-09 3.93594e-09
-1.04412e-08 1.25807e-09 -1.14246e-08
5.44081e-09 6.62334e-09 -9.76064e-11
1.25451e-09 -2.82438e-10 1.52388e-09
1.11085e-10 -5.3881e-10 -6.09256e-11
2.6012e-10 -3.11287e-09 2.91084e-10
-6.63909e-09 9.67332e-09 -9.11021e-10
-6.99694e-09 -4.05867e-09 5.7565e-09
5.88061e-09 -9.28672e-09 7.97392e-09
2.24946e-10 1.40743e-09 -5.09614e-11
1.59869e-09 -4.91116e-09 -3.86212e-10
2.24396e-09 9.33969e-10 7.67923e-10
1.51207e-08 -4.56197e-09 1.53716e-10
-4.13596e-10 -2.5449e-09 -3.80109e-09
-4.92704e-09 -6.04455e-10 -3.07027e-09
3.37226e-10 -3.84359e-09 4.29288e-09
1.1043e-11 -4.96028e-09 7.80269e-10
-3.21366e-09 -7.67457e-09 1.01698e-08
1.75557e-08 3.2092e-09 1.18063e-09
1.75444e-09 -2.1327e-09 4.02379e-09
1.89671e-08 -3.03302e-09 -1.07205e-09
-7.49737e-09 -4.01039e-09 4.43783e-09
-9.15297e-10 -7.64161e-09 6.21334e-10
3.75041e-08 1.47106e-08 1.90498e-08
1.96599e-09 -7.78059e-09 6.69854e-09
-9.08303e-09 1.6377e-08 -2.43134e-08
-2.34409e-09 -3.09974e-10 1.71625e-10
-7.32092e-10 -8.52608e-10 1.3657e-09
5.59987e-09 -4.24055e-09 2.30367e-09
-1.59215e-08 4.39418e-10 -3.94343e-09
-1.6678e-09 2.40167e-09 1.31537e-09
-1.04851e-08 -5.78139e-09 4.17363e-08
1.37373e-09 2.23505e-09 -1.76506e-10
-1.15389e-08 -2.32555e-10 -2.98701e-09
7.65564e-09 1.19428e-09 4.10083e-09
4.38189e-09 -1.15132e-08 1.21427e-08
3.40731e-09 -1.12175e-08 1.00942e-08
5.6046e-10 2.86171e-10 -4.6496e-10
-3.97699e-09 5.54996e-09 -2.13714e-08
1.76288e-08 -1.75807e-08 1.62768e-08
2.2336e-09 -1.09847e-09 3.38089e-09
-5.69491e-09 -6.47382e-10 2.04363e-10
1.55265e-08 -6.50383e-10 -8.46663e-10
-1.79085e-10 1.03171e-11 -1.01741e-11
4.44715e-09 -3.60465e-08 9.52249e-09
-4.9972e-09 1.67926e-09 4.78329e-09
3.49595e-09 5.19378e-09 4.77907e-10
-1.85884e-10 1.32902e-10 -6.35809e-11
9.60481e-09 -3.98552e-09 -8.71868e-09
3.6603e-09 -1.91415e-09 4.67179e-09
-3.37721e-09 -9.85685e-09 9.98709e-09
-1.13972e-09 -3.67026e-08 3.45796e-08
2.71771e-10 -2.09409e-10 1.69295e-10
2.04024e-08 4.67962e-09 -2.52581e-09
-1.98864e-09 -5.97036e-10 -2.36545e-09
9.27266e-09 3.28841e-09 1.22669e-09
1.72976e-09 7.93028e-10 3.01589e-10
-1.17158e-09 -4.08972e-10 1.16375e-09
-1.77812e-09 1.01437e-09 8.69233e-10
6.15036e-09 -3.59999e-09 2.96091e-09
7.15747e-09 3.4902e-09 -3.45516e-09
4.2144e-09 -2.71087e-09 7.58984e-10
2.00955e-08 -4.72173e-09 2.92744e-08
-1.31837e-09 -2.18952e-09 3.05692e-10
-5.78036e-09 -9.4352e-09 -1.29991e-09
-1.03481e-09 2.64064e-09 -1.45078e-10
-3.60295e-09 -5.37252e-10 1.94962e-09
3.51246e-08 4.23368e-09 3.9265e-09
1.52211e-09 -1.12857e-09 -1.43996e-09
-1.52776e-08 1.32202e-08 -2.21801e-08
1.83115e-09 4.62234e-10 -2.6074e-09
1.12832e-09 -6.77132e-10 3.8476e-10
-4.89874e-09 4.8884e-11 -7.96373e-11
2.63614e-10 -7.40485e-10 -3.05231e-10
-2.2952e-09 -3.55597e-10 2.3873e-09
-2.35638e-09 -1.04073e-08 -9.73537e-09
-3.84264e-09 -7.859e-11 1.83381e-09
-3.68682e-09 2.30185e-10 -2.10416e-09
3.40971e-10 1.66379e-09 2.47736e-11
1.82909e-09 -1.07504e-08 -9.57991e-09
-3.25134e-09 -4.29758e-09 6.71833e-09
9.94282e-10 -1.05171e-08 1.02047e-08
-1.309e-10 3.32888e-09 1.84947e-08
2.05975e-09 3.02485e-10 -2.34809e-09
-1.42721e-08 -1.81565e-09 7.79216e-11
-1.56618e-09 -6.37475e-09 2.54519e-09
-2.97256e-09 -7.3571e-09 -5.49976e-10
-4.00637e-10 1.99929e-10 -2.03646e-11
-8.29554e-09 7.87924e-09 -2.58575e-09
4.38016e-09 -4.30316e-09 8.12186e-10
1.89799e-09 -9.80947e-10 3.854e-09
2.21286e-09 4.10513e-09 1.15259e-09
-1.21639e-08 8.2145e-10 -1.04146e-09
-2.00362e-10 7.0259e-11 -1.65576e-10
-1.36163e-09 2.0027e-09 -1.47015e-10
1.19252e-10 2.44105e-09 1.09158e-09
6.79089e-10 -6.8398e-09 -6.27339e-10
7.38351e-09 1.66425e-09 -1.05103e-09
9.0781e-10 -5.96412e-09 -1.56664e-10
-1.39314e-10 -1.30058e-10 -2.24562e-10
1.94574e-09 -1.73497e-09 5.94759e-09
2.00614e-09 4.50427e-09 -1.207e-08
1.91981e-08 -2.80246e-08 3.44337e-08
-2.55839e-10 -3.22124e-10 -3.85049e-13
-5.27188e-10 5.50154e-10 -1.56468e-09
-5.22497e-10 1.64105e-10 -2.24991e-11
6.23691e-09 -5.29454e-10 -2.8462e-09
-3.64942e-10 6.96009e-10 1.06618e-08
-1.14604e-08 -5.67677e-10 1.08085e-08
-5.15393e-09 -1.62544e-09 2.49913e-09
5.18717e-09 -6.26167e-09 -1.10862e-09
4.93281e-10 1.69966e-09 1.30224e-09
1.20887e-08 1.26355e-08 -9.04849e-09
-8.52916e-10 3.96279e-09 -1.71989e-10
2.37588e-08 -6.87637e-09 7.09745e-09
-1.18204e-10 -1.00987e-08 5.76894e-09
-1.56053e-09 -2.27177e-09 -4.45224e-10
-3.21622e-10 -3.78091e-11 1.5829e-09
-4.39516e-09 4.17157e-09 -8.47706e-09
-1.40808e-09 6.0619e-10 6.28899e-10
5.45785e-10 -2.75995e-10 -6.42779e-10
1.08713e-09 -2.25075e-09 1.02763e-09
5.66332e-09 5.3558e-09 -7.29826e-10
2.72869e-09 -1.83448e-09 7.18255e-10
-3.47076e-10 2.38283e-09 9.368e-10
7.90593e-09 -1.6443e-09 -1.26027e-09
1.88043e-09 -1.87927e-09 3.9406e-10
-1.24079e-09 -1.08352e-09 -8.55104e-11
6.22641e-09 4.77674e-09 -8.4117e-09
-6.75256e-09 -1.01351e-08 9.95596e-09
-1.44796e-09 1.73113e-10 6.1664e-11
1.70794e-09 2.00593e-09 1.27996e-09
-3.84932e-10 1.72029e-09 -5.98027e-10
5.09645e-09 -5.56362e-09 -8.92143e-10
3.07072e-09 9.57284e-09 -2.1496e-09
2.01619e-09 8.39319e-10 1.08729e-09
1.23431e-09 -3.33996e-09 -3.47769e-09
1.11576e-09 -1.47e-10 1.73746e-09
-4.02702e-09 -4.54252e-09 7.25632e-09
-1.22416e-09 -6.90814e-09 3.80226e-09
-7.25801e-11 3.89017e-11 -4.56525e-11
1.74678e-11 9.01144e-13 5.32774e-13
4.81112e-10 1.69188e-09 3.13345e-10
-1.44733e-09 -1.21181e-09 7.14347e-11
-2.20017e-08 -2.43892e-08 5.19124e-08
-1.96761e-08 6.75208e-08 7.16313e-09
1.14699e-10 -9.07491e-13 1.62342e-09
-3.8062e-09 -4.62586e-09 1.63886e-10
8.77295e-09 8.15706e-10 5.6327e-10
2.3514e-09 1.61333e-10 2.39842e-10
4.55801e-09 5.06885e-09 -3.83824e-09
5.05987e-10 -3.93496e-10 -2.90742e-11
6.77521e-10 -8.2139e-10 9.57346e-11
1.94621e-09 2.07841e-09 -4.46619e-10
5.70911e-09 -2.31487e-09 -4.28355e-10
-1.66884e-09 9.19815e-10 -6.62819e-10
-5.90743e-10 -2.99681e-10 1.55708e-12
2.37662e-09 -1.30512e-09 6.80697e-10
2.58549e-09 8.23505e-10 5.52321e-10
-1.04164e-08 1.55137e-08 4.63138e-09
1.27784e-09 -1.74495e-09 1.05302e-09
-1.50209e-10 3.14528e-10 1.03699e-09
2.99761e-09 -2.37747e-10 -3.59952e-11
-8.9112e-10 -6.68841e-10 -5.48961e-10
-1.27429e-09 5.54118e-09 -4.73665e-09
4.63107e-10 -1.13554e-09 2.06535e-09
-1.14278e-09 -4.79646e-10 -1.65126e-10
1.28228e-09 1.66408e-09 -4.55633e-09
1.40518e-09 -3.65381e-09 5.67031e-09
1.01527e-08 1.23592e-09 -8.58092e-09
2.21433e-09 -7.16736e-09 -1.81777e-10
3.72913e-09 1.83707e-09 4.29893e-10
2.55347e-09 -2.10311e-09 -3.78228e-10
-5.769e-10 -7.38782e-10 -8.06507e-11
-7.80471e-09 -3.1983e-09 -5.21282e-09
-4.83415e-09 -2.16619e-09 1.33588e-09
3.92236e-09 -2.20569e-09 1.55861e-09
