# vtk DataFile Version 3.0
LIGGGHTS particles timestep 95600000
ASCII
DATASET POLYDATA
POINTS 873 float
0.384765 0.0176273 0.00160103
0.384276 0.0168362 0.000152108
0.385979 0.016305 0.000154358
0.384024 0.0178931 0.000346588
0.384103 0.0188777 0.00179976
0.38414 0.0203084 0.00038795
0.385344 0.021108 0.000153527
0.384857 0.0164602 0.000527417
0.384125 0.0186018 0.000725561
0.384479 0.0181392 0.00532873
0.384537 0.0177544 0.000152462
0.383992 0.0184143 0.000151757
0.384812 0.0187844 0.000568853
0.384869 0.0167819 0.000363698
0.384803 0.0169846 0.000152809
0.384915 0.0183348 0.000412633
0.384393 0.0200033 0.000329348
0.384771 0.0189907 0.000354885
0.384249 0.0186361 0.000152072
0.383697 0.0189843 0.000151351
0.38551 0.0163743 0.000153727
0.384537 0.0188112 0.000408422
0.383933 0.0183841 0.000910122
0.383691 0.0196365 0.00137364
0.384551 0.0189669 0.000152444
0.384476 0.0190531 0.00135703
0.384973 0.0159492 0.000153027
0.384718 0.0185669 0.000384781
0.384114 0.0176073 0.000360568
0.384098 0.0188501 0.00119184
0.384545 0.0194202 0.000152446
0.385045 0.0173743 0.000698037
0.385035 0.0210857 0.000153116
0.384772 0.0202231 0.000807152
0.383671 0.0182832 0.000151301
0.385325 0.0170081 0.00015348
0.384387 0.0165562 0.00015223
0.384231 0.0208268 0.00015205
0.384246 0.0213172 0.000152088
0.383713 0.0195261 0.000405419
0.384633 0.0199733 0.00015255
0.383992 0.0202878 0.00155233
0.384483 0.0187432 0.00100059
0.384186 0.021085 0.000765738
0.383776 0.0188306 0.000396501
0.384798 0.0193938 0.00124736
0.38386 0.0208523 0.000151582
0.384491 0.0167411 0.000826766
0.383698 0.0191758 0.000382307
0.384775 0.0177635 0.000333978
0.384311 0.0181618 0.000411136
0.384433 0.0180729 0.000152289
0.38465 0.0160107 0.000152609
0.383254 0.0200098 0.00538195
0.383894 0.018443 0.00061858
0.383721 0.0201648 0.00110894
0.383699 0.0194922 0.000864139
0.385774 0.0165263 0.000154084
0.385379 0.021728 0.000153573
0.38628 0.0159856 0.000154748
0.384848 0.0197614 0.000152852
0.384297 0.0183399 0.000152164
0.384935 0.0213685 0.000152978
0.383124 0.0188914 0.0053278
0.383684 0.0190009 0.00062565
0.384879 0.0194858 0.00532657
0.384411 0.0210667 0.000152303
0.384766 0.0172689 0.000670999
0.384755 0.0205364 0.000152745
0.384609 0.0174633 0.000152565
0.384881 0.0200096 0.000318105
0.383683 0.0186845 0.00015132
0.384162 0.0185702 0.00127856
0.385239 0.0168887 0.00093479
0.384788 0.0175107 0.000494981
0.384247 0.0194577 0.000152149
0.384451 0.0205211 0.000257329
0.384585 0.0196895 0.000278251
0.384989 0.0180879 0.00538114
0.383731 0.0200314 0.000564419
0.384559 0.0213709 0.000152488
0.38375 0.0203316 0.000362374
0.384573 0.0167914 0.000152504
0.3846 0.0205705 0.00124147
0.384776 0.0192293 0.0014972
0.384639 0.0200974 0.000472653
0.383903 0.0177038 0.000549977
0.384494 0.0183088 0.000600776
0.384257 0.0216244 0.000152083
0.384111 0.0181041 0.000151907
0.385046 0.0156469 0.000153133
0.384723 0.0179967 0.000152689
0.384247 0.0178365 0.00015209
0.384318 0.0178481 0.00107352
0.384549 0.0186547 0.000152467
0.384348 0.0198654 0.00534931
0.385094 0.0168168 0.000153198
0.384752 0.0225705 0.000152748
0.384848 0.0172811 0.000152878
0.385244 0.0150807 0.000153389
0.383789 0.0179787 0.000511532
0.384924 0.017576 0.00015296
0.383903 0.0190764 0.00169511
0.383741 0.0199852 0.000151428
0.384918 0.0165741 0.000152936
0.384885 0.017052 0.000501726
0.384186 0.0208278 0.000920195
0.384065 0.0210773 0.00015182
0.384143 0.0171166 0.000665392
0.38461 0.0166839 0.000504771
0.384436 0.0164204 0.000470553
0.384522 0.0198284 0.000536357
0.384329 0.0196006 0.000406404
0.385357 0.0162324 0.000369289
0.384655 0.0177639 0.0006089
0.384445 0.0210826 0.00061393
0.384888 0.0184824 0.000152883
0.384339 0.0202417 0.00015221
0.384024 0.0197277 0.000151798
0.38453 0.0207909 0.000152459
0.384328 0.0191677 0.000152164
0.38394 0.0189665 0.00141837
0.384551 0.0191949 0.000350438
0.385059 0.0170948 0.000261451
0.384487 0.0180145 0.00274646
0.383917 0.0176923 0.000151636
0.384086 0.0206789 0.000369501
0.384017 0.0178156 0.0010481
0.384629 0.0190306 0.000616104
0.384369 0.0196299 0.000702315
0.383973 0.0194558 0.000272738
0.383645 0.018626 0.00149303
0.384214 0.018913 0.000261913
0.383997 0.0183612 0.00149292
0.384354 0.0181276 0.000970878
0.38533 0.0157498 0.000153509
0.384843 0.0197261 0.000750471
0.383882 0.0208933 0.000683803
0.385153 0.0161935 0.000153269
0.384321 0.0175458 0.000152151
0.383893 0.0181982 0.000334512
0.383671 0.0182523 0.000547068
0.383954 0.0200733 0.000368812
0.384054 0.018114 0.000976661
0.384525 0.017627 0.00104162
0.385136 0.0173639 0.000153233
0.384143 0.0188484 0.000895305
0.38543 0.016037 0.000153608
0.384844 0.0162796 0.000152872
0.384041 0.0172809 0.00190693
0.384776 0.0192141 0.000152764
0.384738 0.0211297 0.000152712
0.384242 0.0182841 0.00133722
0.384504 0.0162738 0.000152426
0.384054 0.0212484 0.000551747
0.383685 0.0191839 0.000865309
0.385526 0.0151831 0.00015376
0.38366 0.0192295 0.00180481
0.385015 0.0178821 0.000153096
0.383821 0.0205473 0.00015153
0.38412 0.0173229 0.000881946
0.384887 0.0200695 0.00123921
0.384256 0.0176293 0.0018912
0.384862 0.0154099 0.000152883
0.385449 0.0153171 0.000411083
0.384193 0.0182756 0.000765426
0.384427 0.0184937 0.000374356
0.383698 0.0199058 0.00151214
0.386629 0.0146558 0.000155208
0.384999 0.0169458 0.00110529
0.384194 0.0171429 0.000151997
0.384035 0.0174071 0.000151806
0.38332 0.0173706 0.00557046
0.384223 0.0204655 0.000629471
0.384664 0.0172593 0.000389035
0.385646 0.0158289 0.000153922
0.383727 0.0196849 0.000151352
0.3857 0.021905 0.000153988
0.384618 0.0165645 0.00145456
0.385127 0.0228833 0.000153241
0.383949 0.0181281 0.00240398
0.383656 0.0184144 0.000799005
0.384597 0.0209853 0.000374465
0.384953 0.0181895 0.000152997
0.383829 0.0200711 0.0008451
0.383916 0.0184112 0.0012084
0.384273 0.019306 0.000412651
0.384484 0.019293 0.000625763
0.38406 0.0180981 0.000562722
0.384879 0.0199991 0.000623713
0.383654 0.0183016 0.00107693
0.383711 0.0198085 0.000929167
0.38404 0.0189192 0.000506692
0.384001 0.0186247 0.000370593
0.384096 0.0172042 0.00115637
0.383741 0.0183921 0.00165466
0.384151 0.0200078 0.00015195
0.385432 0.0161542 0.000989522
0.384428 0.0203105 0.000470819
0.384913 0.0202579 0.00015296
0.383737 0.0184819 0.000365851
0.383957 0.0202802 0.000151675
0.383783 0.0193331 0.000624132
0.385412 0.0164235 0.000858941
0.38467 0.0164801 0.000293118
0.384905 0.0176363 0.000740984
0.384543 0.0200376 0.000750395
0.384545 0.0186057 0.000626695
0.384193 0.0193871 0.000690072
0.384375 0.0173074 0.000326281
0.38537 0.01646 0.000564229
0.384684 0.0185515 0.00088703
0.384512 0.0192613 0.00114396
0.384596 0.0183584 0.000152544
0.385398 0.0225749 0.000153598
0.384025 0.0202205 0.000650776
0.384327 0.0195171 0.00122563
0.383991 0.0192075 0.00044013
0.384151 0.0198417 0.000401759
0.384958 0.0208348 0.000422104
0.384423 0.0171198 0.000557588
0.384522 0.019111 0.000884531
0.383977 0.0190641 0.00102036
0.383966 0.0196713 0.000809053
0.38395 0.019828 0.00165544
0.383797 0.0179801 0.000151501
0.384563 0.0188283 0.00157817
0.384475 0.0218465 0.000152389
0.384163 0.0191242 0.00129591
0.385538 0.0156727 0.000386233
0.384176 0.0214768 0.000400124
0.384831 0.0186975 0.00532561
0.385267 0.0171383 0.00109888
0.384787 0.0192974 0.000505741
0.38433 0.0176614 0.000767772
0.385268 0.016555 0.000153424
0.384939 0.0184041 0.00534929
0.384322 0.0197606 0.000152189
0.383571 0.0172133 0.00561819
0.384826 0.0208361 0.000152846
0.384044 0.0195926 0.00053011
0.38395 0.0188232 0.000151695
0.383663 0.0186957 0.000903132
0.384573 0.0197663 0.000874862
0.385544 0.0167736 0.000153767
0.384595 0.019582 0.00533062
0.384024 0.0205359 0.000842431
0.38367 0.0189533 0.00105653
0.384818 0.0186586 0.00147415
0.383998 0.0199217 0.000646966
0.384642 0.0189702 0.00112081
0.38481 0.0191135 0.00529749
0.384823 0.0187753 0.000152842
0.38409 0.0172602 0.000407502
0.383893 0.0187963 0.000737554
0.384172 0.0204908 0.000151977
0.384026 0.0191217 0.000151801
0.384719 0.0171784 0.00107383
0.385052 0.0152442 0.000315822
0.38395 0.017571 0.000875895
0.384535 0.0161709 0.000650912
0.385599 0.0221878 0.000153859
0.383811 0.0178426 0.00161927
0.383838 0.0178409 0.000808748
0.384476 0.0215097 0.000620337
0.385095 0.016411 0.000351609
0.384262 0.0187182 0.000485343
0.385097 0.016661 0.000517353
0.383754 0.018022 0.00103251
0.384775 0.0192142 0.0010082
0.384508 0.0179213 0.000400083
0.384677 0.0161954 0.000387484
0.385716 0.0161397 0.000154
0.384529 0.0178663 0.000860686
0.384411 0.0173697 0.000937237
0.384436 0.0188994 0.00195554
0.384842 0.0197206 0.00105042
0.384666 0.0161567 0.00119108
0.384092 0.0185415 0.00171312
0.384918 0.0157761 0.000391963
0.383842 0.0181377 0.000765364
0.384605 0.0182623 0.000875876
0.385655 0.0216386 0.000284568
0.383739 0.020307 0.000682713
0.38521 0.0159527 0.000338916
0.384589 0.018732 0.00129524
0.384491 0.020832 0.000771988
0.384377 0.0184969 0.000850318
0.384621 0.0195454 0.000538909
0.384733 0.0157222 0.000152726
0.383735 0.017985 0.00208505
0.385022 0.0216963 0.000153099
0.384745 0.0163155 0.000901108
0.383948 0.0191036 0.000724404
0.384351 0.0190302 0.000501337
0.386859 0.0143646 0.000155509
0.384659 0.0181802 0.000385457
0.384489 0.0175878 0.000397336
0.384738 0.0156819 0.000629432
0.383933 0.0210114 0.000413001
0.383647 0.0183513 0.00137266
0.385584 0.0148202 0.000153839
0.384377 0.0207848 0.000410525
0.383792 0.0191593 0.00123687
0.384157 0.0170002 0.00201119
0.384721 0.0184144 0.00115105
0.384131 0.0178979 0.000783292
0.383714 0.0197009 0.000649205
0.384395 0.0188433 0.000731806
0.38424 0.0198735 0.000820489
0.38381 0.0177918 0.00230184
0.384126 0.0189265 0.00209485
0.386429 0.0149011 0.000154946
0.385203 0.0208574 0.000250378
0.38389 0.0186843 0.00132981
0.383947 0.0205273 0.00174167
0.385546 0.0154832 0.000153789
0.38462 0.0169626 0.000394334
0.384167 0.0184102 0.000498595
0.385196 0.0171995 0.000506924
0.384756 0.021196 0.000517415
0.385094 0.0153241 0.000601866
0.384669 0.0180592 0.000659772
0.384625 0.0202781 0.000233595
0.384537 0.017125 0.000152451
0.384917 0.0208989 0.000865326
0.385078 0.0174871 0.000420584
0.384798 0.0179771 0.00136367
0.383713 0.0193667 0.000151366
0.384216 0.0196105 0.000962826
0.384713 0.0188539 0.000843535
0.384927 0.0181464 0.00165981
0.386381 0.0146096 0.000318385
0.38394 0.0192353 0.0019469
0.384625 0.0159358 0.000992226
0.385064 0.0175996 0.000993079
0.384494 0.0216011 0.000335211
0.385037 0.0177713 0.000507708
0.3853 0.0222761 0.000153469
0.384149 0.0174215 0.00135623
0.384617 0.0182388 0.00194652
0.384826 0.0197463 0.000451635
0.384914 0.0180218 0.000398527
0.384413 0.0212931 0.000402576
0.384506 0.0182147 0.00121417
0.384725 0.0216588 0.000152703
0.384369 0.0174106 0.000607919
0.38428 0.0200715 0.000598741
0.383988 0.0176438 0.00175769
0.383998 0.0197803 0.00134191
0.383857 0.020298 0.0054184
0.385054 0.0166358 0.000813162
0.38373 0.0204677 0.00125555
0.384563 0.0178209 0.00230769
0.386866 0.0148392 0.000155518
0.383381 0.0176617 0.00548218
0.384252 0.0191334 0.00191776
0.385573 0.01657 0.000372242
0.383787 0.0207066 0.000403552
0.384609 0.0175087 0.000759445
0.384933 0.0204689 0.000383945
0.384733 0.0182194 0.00546594
0.383855 0.0185733 0.00223043
0.384397 0.0170364 0.00148027
0.385459 0.0212864 0.000705399
0.384994 0.0178984 0.00115068
0.38524 0.0171571 0.000800754
0.385185 0.0218143 0.000376398
0.384784 0.0177663 0.000982415
0.38364 0.0186561 0.00179143
0.383676 0.0194644 0.00161886
0.38472 0.0179296 0.0016495
0.384075 0.017468 0.0006233
0.384683 0.0206986 0.000394728
0.384346 0.0182258 0.00163136
0.384045 0.0194136 0.00122231
0.384942 0.0181845 0.000670843
0.385081 0.0169122 0.0006807
0.384906 0.017765 0.00182702
0.384925 0.0182029 0.00121222
0.384521 0.0212905 0.000819952
0.384024 0.0178751 0.00254701
0.384255 0.0178169 0.000522395
0.38365 0.0185829 0.00118081
0.384869 0.0185034 0.000656458
0.384244 0.0191027 0.000771965
0.385361 0.0169598 0.000583119
0.383039 0.0194119 0.00532808
0.384624 0.0219835 0.000397532
0.384312 0.021744 0.000526527
0.384393 0.0199668 0.00139257
0.384135 0.018057 0.00150129
0.384209 0.0192533 0.00102905
0.385583 0.0215069 0.000544404
0.3849 0.0183466 0.000919818
0.384696 0.0168831 0.000993955
0.384842 0.0174083 0.000925383
0.38437 0.018048 0.000682095
0.384726 0.0194065 0.000783312
0.384595 0.0195564 0.00109803
0.383915 0.0187913 0.00247029
0.384809 0.0180651 0.0009724
0.384759 0.0166249 0.000758371
0.38457 0.0195539 0.00139696
0.384812 0.0194879 0.000270971
0.383949 0.0181169 0.00125743
0.387471 0.0142302 0.000156312
0.383957 0.0192622 0.00146572
0.38491 0.0174139 0.00143372
0.383667 0.0194855 0.00196226
0.384424 0.0200026 0.00102381
0.384149 0.0183884 0.00211817
0.384812 0.0187247 0.00109542
0.386065 0.0154032 0.000154471
0.386193 0.0143552 0.000154638
0.383699 0.0176998 0.00541618
0.385317 0.0167763 0.000349831
0.383991 0.0202703 0.00100011
0.384237 0.0210498 0.000396281
0.384849 0.0197807 0.00135104
0.384436 0.0185036 0.00117495
0.385071 0.0160507 0.000949034
0.384695 0.0169086 0.000684328
0.383966 0.0193571 0.000883771
0.384118 0.0200207 0.00149836
0.385264 0.0153801 0.000153416
0.383737 0.0204241 0.000958864
0.384861 0.0184139 0.00194443
0.386766 0.015446 0.000155387
0.385858 0.0226585 0.000154201
0.384766 0.0190105 0.00170221
0.383821 0.0178459 0.00127299
0.384651 0.0159021 0.000445211
0.384565 0.0185985 0.00191383
0.384324 0.0166934 0.000411434
0.383757 0.0206257 0.000737839
0.383855 0.019792 0.000400755
0.384205 0.0169816 0.000404742
0.384361 0.0205804 0.000869949
0.383746 0.019886 0.00121672
0.384429 0.0194093 0.000896617
0.384264 0.019701 0.00145437
0.384095 0.0174973 0.0021073
0.385857 0.0164151 0.0004202
0.384476 0.0180157 0.00180136
0.385929 0.0159283 0.000154292
0.384496 0.0205858 0.000600607
0.385166 0.0162179 0.00059981
0.385075 0.017798 0.00544926
0.38572 0.0150135 0.000338607
0.383213 0.0181509 0.00539471
0.384967 0.0175102 0.00551503
0.384374 0.0179764 0.0013389
0.383646 0.0190753 0.00206173
0.385042 0.0176622 0.0013292
0.385021 0.0165207 0.00108821
0.385371 0.0167037 0.000739116
0.383687 0.0194289 0.00115716
0.384251 0.0201935 0.000871183
0.383684 0.0197313 0.00175567
0.38455 0.0171259 0.000831624
0.384584 0.0170831 0.00171293
0.38372 0.0180696 0.00144552
0.386417 0.01582 0.000363826
0.384279 0.0170098 0.00091083
0.384166 0.0208226 0.000620873
0.384899 0.0171406 0.00131051
0.384594 0.0192248 0.00196802
0.383935 0.020485 0.000541437
0.383917 0.0176056 0.00146882
0.384504 0.0162026 0.00143974
0.385292 0.0215754 0.000523094
0.38425 0.0176577 0.00547389
0.383949 0.0175526 0.00117531
0.384669 0.0204589 0.000971712
0.384166 0.0170024 0.00171134
0.385647 0.0166177 0.000658815
0.385019 0.0171532 0.00158514
0.38506 0.0206124 0.000153117
0.384648 0.0198871 0.0053544
0.384837 0.0161774 0.000650951
0.384841 0.0204148 0.00132889
0.385258 0.0150732 0.000589044
0.386134 0.0146524 0.000154555
0.384707 0.0203768 0.000557861
0.384197 0.0183694 0.00105318
0.38473 0.0199934 0.000995412
0.383887 0.0186074 0.00270567
0.385739 0.0163339 0.000692502
0.383846 0.0188982 0.00219882
0.385052 0.0212564 0.000405508
0.38402 0.0203931 0.00127286
0.383709 0.0203577 0.00183983
0.383658 0.0188889 0.00134928
0.385055 0.0175679 0.00164622
0.383725 0.0204504 0.00155498
0.385044 0.0173359 0.0011347
0.384113 0.0178101 0.00133236
0.385523 0.0228912 0.000153762
0.384676 0.0184108 0.00170797
0.38468 0.0184119 0.00249347
0.383746 0.0201848 0.0014072
0.387204 0.0148301 0.000155962
0.384504 0.0175641 0.00173547
0.384332 0.0166 0.00184827
0.385828 0.0155866 0.000154149
0.384164 0.0193449 0.00211334
0.383369 0.0195028 0.00532697
0.383938 0.0182989 0.00192469
0.384344 0.0187078 0.0017439
0.384396 0.0171483 0.00114928
0.383999 0.0189293 0.00272315
0.384266 0.0202305 0.00132665
0.3849 0.0166582 0.00149163
0.384888 0.0170644 0.000852946
0.384479 0.0190936 0.00172411
0.383669 0.018646 0.000607385
0.384771 0.0178727 0.00542901
0.384931 0.022263 0.000152985
0.384797 0.0187194 0.00176721
0.386147 0.0150932 0.000154578
0.384624 0.0202233 0.00115647
0.385255 0.0168217 0.00155109
0.383651 0.0189206 0.00164752
0.384246 0.019817 0.0011783
0.383807 0.0188801 0.0019006
0.383792 0.0182626 0.00218403
0.384048 0.0208153 0.00125459
0.384969 0.0176451 0.00238423
0.387104 0.0145422 0.000155832
0.386232 0.0159969 0.00059749
0.384217 0.0195937 0.00532718
0.383994 0.0211105 0.00125289
0.385104 0.0206664 0.000895276
0.38496 0.0179367 0.00223072
0.384343 0.018993 0.00109484
0.384322 0.0185049 0.00152398
0.386034 0.022905 0.00015443
0.383868 0.0176773 0.00203057
0.384483 0.017607 0.00250224
0.384531 0.0199906 0.00176924
0.384121 0.0193085 0.00171234
0.383912 0.0209584 0.00097505
0.384314 0.0188017 0.00139433
0.384591 0.019835 0.00120893
0.384228 0.0190275 0.00157233
0.383202 0.018445 0.00533644
0.383637 0.0184321 0.00199093
0.383738 0.0179125 0.00294812
0.384185 0.0214885 0.000699758
0.383807 0.020716 0.0014052
0.386911 0.0151799 0.000155576
0.386408 0.015065 0.000405325
0.384451 0.0178152 0.00157959
0.38435 0.0176327 0.00128535
0.384168 0.0205883 0.0011
0.385734 0.0154078 0.000376257
0.384883 0.0183661 0.00146038
0.385479 0.0159546 0.000470381
0.38423 0.019528 0.00188516
0.384297 0.0173727 0.00229138
0.384348 0.0181508 0.00562127
0.38524 0.017303 0.00556575
0.382937 0.0180212 0.00543459
0.38453 0.0193759 0.00163526
0.386531 0.0156374 0.000155081
0.384871 0.0228087 0.000290478
0.38485 0.0154724 0.000446023
0.383939 0.0186649 0.00101563
0.384409 0.0183504 0.0022627
0.384797 0.0206164 0.000714676
0.386778 0.0150241 0.00037485
0.38398 0.0200931 0.00124189
0.384201 0.0178784 0.00173287
0.383926 0.0185279 0.00532817
0.385314 0.0171075 0.00162033
0.384609 0.0210502 0.000976344
0.384554 0.0222108 0.000580314
0.384236 0.018658 0.00201956
0.383635 0.0187172 0.00208506
0.384388 0.0164943 0.00124081
0.384209 0.0175724 0.00102744
0.384258 0.0168391 0.000665094
0.384507 0.0203676 0.001442
0.385377 0.0167118 0.00113382
0.384331 0.0211661 0.00101562
0.384493 0.0203332 0.000763495
0.384298 0.0167226 0.00105525
0.384023 0.0180845 0.00211653
0.384803 0.0175485 0.00118774
0.384039 0.0203361 0.00195386
0.387127 0.015063 0.000328428
0.385347 0.0157253 0.000611337
0.385074 0.0159194 0.000604629
0.384511 0.0164494 0.000759569
0.385145 0.0166682 0.00131805
0.38325 0.0191636 0.00532737
0.384463 0.0183038 0.00267059
0.38362 0.0186039 0.00300686
0.384884 0.0211341 0.001062
0.384971 0.0161385 0.000385737
0.386141 0.0157159 0.00015457
0.383814 0.0201548 0.00203452
0.384508 0.0170785 0.0020857
0.384881 0.0169203 0.00208887
0.384517 0.0193915 0.00220541
0.385773 0.023057 0.000154089
0.383869 0.0206738 0.00105937
0.384641 0.0172084 0.00144621
0.384743 0.0208963 0.000621158
0.38453 0.0186008 0.00532954
0.383955 0.0198191 0.00195525
0.384694 0.0184133 0.00219383
0.385395 0.0220027 0.000273123
0.383678 0.0181819 0.00278175
0.384131 0.0178049 0.00209953
0.384821 0.019896 0.00202138
0.384633 0.0165651 0.00102394
0.385921 0.0148895 0.000154282
0.384504 0.0183956 0.00554681
0.384577 0.0177695 0.00194164
0.383648 0.0182102 0.00307883
0.383677 0.0197884 0.00206505
0.384522 0.0187238 0.00218295
0.384046 0.0183165 0.00273333
0.384372 0.0203687 0.00108225
0.384786 0.0173118 0.00168718
0.384605 0.0181671 0.00149334
0.383625 0.0187471 0.00274328
0.384015 0.0173646 0.00161831
0.385456 0.0161931 0.000670762
0.385262 0.0210524 0.000470858
0.383667 0.0191857 0.00150811
0.384274 0.0167486 0.00159407
0.38483 0.0167196 0.00120656
0.384533 0.0173131 0.00189845
0.385647 0.0162013 0.000439508
0.384242 0.018415 0.00534044
0.384489 0.0191119 0.00249392
0.384938 0.0179773 0.00565533
0.384948 0.0161507 0.0012924
0.385449 0.0212776 0.000405706
0.384746 0.0172599 0.00210204
0.383805 0.0196349 0.00532559
0.383814 0.0197678 0.00249218
0.384944 0.0180404 0.00193993
0.385606 0.0166352 0.000955414
0.383971 0.0177367 0.00285403
0.385192 0.0162438 0.00114469
0.384756 0.0214603 0.000375486
0.385172 0.0165033 0.00156716
0.383628 0.0189798 0.002554
0.384791 0.0181638 0.00232966
0.384472 0.0178546 0.00543031
0.384614 0.0180098 0.00564434
0.383621 0.0184463 0.00326209
0.383903 0.0181403 0.00167255
0.385312 0.0159607 0.000793914
0.384101 0.017097 0.00247204
0.384266 0.0167363 0.00210738
0.384767 0.0189866 0.00256239
0.384886 0.0201235 0.0018367
0.384616 0.0198241 0.00153446
0.383892 0.0196399 0.00109816
0.384914 0.0181049 0.00259674
0.386613 0.0151442 0.000155184
0.385753 0.0155862 0.000616693
0.38486 0.0158885 0.00081168
0.384751 0.0175194 0.00190077
0.384998 0.0179166 0.000793309
0.384328 0.018424 0.00185592
0.384336 0.0200476 0.00199016
0.38478 0.0186808 0.00238417
0.384804 0.0169478 0.00154697
0.384409 0.019106 0.00217191
0.384082 0.0206739 0.00151773
0.384663 0.0169581 0.00128255
0.385823 0.0152265 0.000154149
0.3846 0.0184585 0.00142187
0.383631 0.0187322 0.00238463
0.384301 0.0201665 0.00539226
0.385114 0.016337 0.00087019
0.384051 0.0194897 0.00235051
0.384861 0.0217998 0.000383752
0.383897 0.0185959 0.0019343
0.384743 0.0176144 0.00218518
0.384487 0.0188968 0.0053064
0.384147 0.0196737 0.00213384
0.386604 0.0156105 0.000469852
0.385474 0.0214383 0.000153686
0.386618 0.0151004 0.000616481
0.384627 0.0177255 0.00135342
0.384225 0.0174682 0.00256666
0.385831 0.0157694 0.00039198
0.384094 0.0180692 0.00307343
0.384826 0.0182856 0.00281952
0.386352 0.0229097 0.000154848
0.384117 0.0171377 0.00144814
0.384434 0.0167731 0.00134138
0.38397 0.0195535 0.00153626
0.384162 0.01907 0.00251421
0.383788 0.0189119 0.0029359
0.385 0.0173907 0.00200819
0.384598 0.0179379 0.00114356
0.383874 0.0176195 0.00259544
0.383667 0.018166 0.00185578
0.385628 0.0166118 0.00127396
0.384192 0.0187458 0.00258332
0.385546 0.0167537 0.00152514
0.383648 0.0194165 0.00253476
0.384426 0.0196666 0.00170487
0.38455 0.0173936 0.00122834
0.383661 0.0181558 0.00248337
0.384859 0.0212679 0.000789758
0.383897 0.0187505 0.00162231
0.384897 0.0206037 0.00110264
0.384696 0.0179009 0.00256428
0.384994 0.0178544 0.0015545
0.384658 0.0201027 0.0014304
0.384462 0.0175344 0.00208817
0.38687 0.0153304 0.000411846
0.384285 0.0172778 0.00173285
0.38413 0.0186694 0.00229996
0.385212 0.0168268 0.0019467
0.384966 0.0198194 0.00535289
0.384414 0.0174079 0.00149562
0.384792 0.0193492 0.00177997
0.383618 0.0190279 0.0031538
0.383718 0.0200675 0.00176408
0.384006 0.0191419 0.00226802
0.384038 0.0212309 0.000981606
0.38393 0.0184187 0.00247634
0.385425 0.0149662 0.000363531
0.384756 0.0167529 0.00187326
0.383942 0.0179239 0.00187656
0.384519 0.0181131 0.00244564
0.3849 0.0202279 0.00155584
0.385207 0.0172487 0.00137123
0.384594 0.0173933 0.00232353
0.3839 0.0199024 0.0022383
0.386494 0.0143788 0.000155034
0.38424 0.0181128 0.00233349
0.384221 0.0180924 0.00263211
0.384214 0.0180124 0.00539104
0.383974 0.0173991 0.00241788
0.384962 0.0220872 0.000394124
0.384863 0.0170545 0.00182116
0.386081 0.0160997 0.000348213
0.385323 0.0162978 0.00140906
0.384204 0.0169379 0.00124218
0.384297 0.0169825 0.00227596
0.385097 0.0225492 0.000153204
0.38429 0.0193072 0.00238279
0.384245 0.0199032 0.00174318
0.384654 0.0207558 0.00101201
0.384245 0.0177202 0.00272834
0.384287 0.0193398 0.00146426
0.384407 0.018077 0.00208693
0.384011 0.0199018 0.00101285
0.384785 0.0164259 0.00124779
0.38447 0.0163077 0.0010208
0.384548 0.0221389 0.000152478
0.384658 0.0189824 0.00228289
0.384191 0.0181427 0.00187433
0.385954 0.0162471 0.000901127
0.385074 0.0206226 0.000600053
0.383975 0.0210677 0.00154922
0.385453 0.0232291 0.000153669
0.386009 0.0162353 0.000606435
0.384424 0.0199401 0.00225607
0.383505 0.0180521 0.00554354
0.384815 0.0219863 0.000152833
0.386187 0.0148677 0.000356566
0.385195 0.0214745 0.000257786
0.383662 0.0195984 0.00229669
0.384764 0.0165022 0.00170878
0.385172 0.017367 0.00225258
0.38512 0.0220038 0.000153227
0.386302 0.0155438 0.000340296
0.383643 0.0191889 0.00233939
0.384828 0.0196223 0.00189871
0.384328 0.0206365 0.00134948
0.384843 0.0154238 0.000741956
0.386124 0.0157575 0.000452567
0.384781 0.0188439 0.00282588
0.38502 0.0176784 0.00209055
0.384567 0.0167917 0.00164384
0.384884 0.0156278 0.000958078
0.383979 0.0180315 0.00279906
0.383757 0.0178468 0.00324024
0.383935 0.0195121 0.00183134
0.383762 0.0191583 0.00275411
0.385 0.0210596 0.000625893
0.384858 0.0198527 0.00170899
0.385137 0.0154722 0.000859247
0.384092 0.0201157 0.00215025
0.386355 0.0153139 0.000154845
0.385231 0.0155759 0.000378312
0.383826 0.0184045 0.00291794
0.383986 0.0173508 0.00271369
0.386541 0.0235361 0.000155095
0.384907 0.0172703 0.00235516
0.386549 0.0153286 0.000382975
0.38505 0.0156206 0.000613277
0.383911 0.0192733 0.00252014
0.384534 0.0198102 0.00200894
0.383626 0.0184561 0.00267067
0.38568 0.0163358 0.00098676
0.384212 0.0176363 0.00155594
0.386869 0.0146018 0.000338848
0.384803 0.0167204 0.00577573
0.384819 0.0195571 0.00156366
0.384361 0.0187823 0.00296993
0.384383 0.0185825 0.00274725
0.384115 0.0176578 0.00236047
0.384288 0.0182158 0.00289717
0.384594 0.0187465 0.0026106
0.384745 0.0192596 0.00235826
0.38481 0.0185665 0.00271529
0.384212 0.0187682 0.00531307
0.384798 0.0194011 0.00209915
0.384892 0.0215985 0.000603932
0.384328 0.020322 0.00186659
0.384891 0.015881 0.00111868
0.385944 0.0221456 0.000154312
0.385176 0.0173249 0.00177477
0.383482 0.018284 0.0053546
0.383745 0.0179195 0.00264829
0.384225 0.0183693 0.00249838
0.384786 0.0162783 0.0015102
0.384773 0.0189492 0.00138979
0.384548 0.0195196 0.00193595
0.384695 0.017994 0.00210142
0.383868 0.0208201 0.00167999
0.38406 0.0172135 0.0021986
0.384635 0.0202611 0.00169158
0.383906 0.0186704 0.00306942
0.386566 0.014067 0.000155128
0.383807 0.020696 0.00194646
0.384313 0.0178551 0.00246911
0.384619 0.0175971 0.0054915
0.384913 0.0203074 0.0010582
0.384977 0.0178137 0.00263223
0.385822 0.0160023 0.000580835
0.384402 0.0168999 0.00186948
0.383714 0.0181198 0.00335708
0.383631 0.0184325 0.00237165
0.385122 0.0212717 0.000940812
0.385444 0.0164064 0.00115681
0.385667 0.0160511 0.000832965
0.384405 0.0185994 0.00242993
0.385371 0.0154334 0.000676325
0.384274 0.0204606 0.0016062
0.384637 0.0223605 0.000333972
0.386182 0.0152683 0.000395711
0.384408 0.0164246 0.00161721
0.384784 0.0174699 0.00254279
0.38545 0.0168895 0.0017749
0.384016 0.0200932 0.0017793
0.384385 0.0189356 0.0027132
0.384801 0.0186719 0.00208505
0.383827 0.0193721 0.00218904
0.384353 0.0201712 0.00160844
0.385102 0.0213936 0.000667439
0.384729 0.0189484 0.00199334
0.385011 0.0168111 0.00172513
0.385339 0.0210738 0.000880059
0.38412 0.0185615 0.00288964
0.385216 0.0208662 0.0007017
0.386032 0.0144777 0.000376233
0.38454 0.0218801 0.000666328
0.384394 0.0208401 0.00113545
0.384334 0.0188817 0.00235676

VERTICES 873 1746
1 0
1 1
1 2
1 3
1 4
1 5
1 6
1 7
1 8
1 9
1 10
1 11
1 12
1 13
1 14
1 15
1 16
1 17
1 18
1 19
1 20
1 21
1 22
1 23
1 24
1 25
1 26
1 27
1 28
1 29
1 30
1 31
1 32
1 33
1 34
1 35
1 36
1 37
1 38
1 39
1 40
1 41
1 42
1 43
1 44
1 45
1 46
1 47
1 48
1 49
1 50
1 51
1 52
1 53
1 54
1 55
1 56
1 57
1 58
1 59
1 60
1 61
1 62
1 63
1 64
1 65
1 66
1 67
1 68
1 69
1 70
1 71
1 72
1 73
1 74
1 75
1 76
1 77
1 78
1 79
1 80
1 81
1 82
1 83
1 84
1 85
1 86
1 87
1 88
1 89
1 90
1 91
1 92
1 93
1 94
1 95
1 96
1 97
1 98
1 99
1 100
1 101
1 102
1 103
1 104
1 105
1 106
1 107
1 108
1 109
1 110
1 111
1 112
1 113
1 114
1 115
1 116
1 117
1 118
1 119
1 120
1 121
1 122
1 123
1 124
1 125
1 126
1 127
1 128
1 129
1 130
1 131
1 132
1 133
1 134
1 135
1 136
1 137
1 138
1 139
1 140
1 141
1 142
1 143
1 144
1 145
1 146
1 147
1 148
1 149
1 150
1 151
1 152
1 153
1 154
1 155
1 156
1 157
1 158
1 159
1 160
1 161
1 162
1 163
1 164
1 165
1 166
1 167
1 168
1 169
1 170
1 171
1 172
1 173
1 174
1 175
1 176
1 177
1 178
1 179
1 180
1 181
1 182
1 183
1 184
1 185
1 186
1 187
1 188
1 189
1 190
1 191
1 192
1 193
1 194
1 195
1 196
1 197
1 198
1 199
1 200
1 201
1 202
1 203
1 204
1 205
1 206
1 207
1 208
1 209
1 210
1 211
1 212
1 213
1 214
1 215
1 216
1 217
1 218
1 219
1 220
1 221
1 222
1 223
1 224
1 225
1 226
1 227
1 228
1 229
1 230
1 231
1 232
1 233
1 234
1 235
1 236
1 237
1 238
1 239
1 240
1 241
1 242
1 243
1 244
1 245
1 246
1 247
1 248
1 249
1 250
1 251
1 252
1 253
1 254
1 255
1 256
1 257
1 258
1 259
1 260
1 261
1 262
1 263
1 264
1 265
1 266
1 267
1 268
1 269
1 270
1 271
1 272
1 273
1 274
1 275
1 276
1 277
1 278
1 279
1 280
1 281
1 282
1 283
1 284
1 285
1 286
1 287
1 288
1 289
1 290
1 291
1 292
1 293
1 294
1 295
1 296
1 297
1 298
1 299
1 300
1 301
1 302
1 303
1 304
1 305
1 306
1 307
1 308
1 309
1 310
1 311
1 312
1 313
1 314
1 315
1 316
1 317
1 318
1 319
1 320
1 321
1 322
1 323
1 324
1 325
1 326
1 327
1 328
1 329
1 330
1 331
1 332
1 333
1 334
1 335
1 336
1 337
1 338
1 339
1 340
1 341
1 342
1 343
1 344
1 345
1 346
1 347
1 348
1 349
1 350
1 351
1 352
1 353
1 354
1 355
1 356
1 357
1 358
1 359
1 360
1 361
1 362
1 363
1 364
1 365
1 366
1 367
1 368
1 369
1 370
1 371
1 372
1 373
1 374
1 375
1 376
1 377
1 378
1 379
1 380
1 381
1 382
1 383
1 384
1 385
1 386
1 387
1 388
1 389
1 390
1 391
1 392
1 393
1 394
1 395
1 396
1 397
1 398
1 399
1 400
1 401
1 402
1 403
1 404
1 405
1 406
1 407
1 408
1 409
1 410
1 411
1 412
1 413
1 414
1 415
1 416
1 417
1 418
1 419
1 420
1 421
1 422
1 423
1 424
1 425
1 426
1 427
1 428
1 429
1 430
1 431
1 432
1 433
1 434
1 435
1 436
1 437
1 438
1 439
1 440
1 441
1 442
1 443
1 444
1 445
1 446
1 447
1 448
1 449
1 450
1 451
1 452
1 453
1 454
1 455
1 456
1 457
1 458
1 459
1 460
1 461
1 462
1 463
1 464
1 465
1 466
1 467
1 468
1 469
1 470
1 471
1 472
1 473
1 474
1 475
1 476
1 477
1 478
1 479
1 480
1 481
1 482
1 483
1 484
1 485
1 486
1 487
1 488
1 489
1 490
1 491
1 492
1 493
1 494
1 495
1 496
1 497
1 498
1 499
1 500
1 501
1 502
1 503
1 504
1 505
1 506
1 507
1 508
1 509
1 510
1 511
1 512
1 513
1 514
1 515
1 516
1 517
1 518
1 519
1 520
1 521
1 522
1 523
1 524
1 525
1 526
1 527
1 528
1 529
1 530
1 531
1 532
1 533
1 534
1 535
1 536
1 537
1 538
1 539
1 540
1 541
1 542
1 543
1 544
1 545
1 546
1 547
1 548
1 549
1 550
1 551
1 552
1 553
1 554
1 555
1 556
1 557
1 558
1 559
1 560
1 561
1 562
1 563
1 564
1 565
1 566
1 567
1 568
1 569
1 570
1 571
1 572
1 573
1 574
1 575
1 576
1 577
1 578
1 579
1 580
1 581
1 582
1 583
1 584
1 585
1 586
1 587
1 588
1 589
1 590
1 591
1 592
1 593
1 594
1 595
1 596
1 597
1 598
1 599
1 600
1 601
1 602
1 603
1 604
1 605
1 606
1 607
1 608
1 609
1 610
1 611
1 612
1 613
1 614
1 615
1 616
1 617
1 618
1 619
1 620
1 621
1 622
1 623
1 624
1 625
1 626
1 627
1 628
1 629
1 630
1 631
1 632
1 633
1 634
1 635
1 636
1 637
1 638
1 639
1 640
1 641
1 642
1 643
1 644
1 645
1 646
1 647
1 648
1 649
1 650
1 651
1 652
1 653
1 654
1 655
1 656
1 657
1 658
1 659
1 660
1 661
1 662
1 663
1 664
1 665
1 666
1 667
1 668
1 669
1 670
1 671
1 672
1 673
1 674
1 675
1 676
1 677
1 678
1 679
1 680
1 681
1 682
1 683
1 684
1 685
1 686
1 687
1 688
1 689
1 690
1 691
1 692
1 693
1 694
1 695
1 696
1 697
1 698
1 699
1 700
1 701
1 702
1 703
1 704
1 705
1 706
1 707
1 708
1 709
1 710
1 711
1 712
1 713
1 714
1 715
1 716
1 717
1 718
1 719
1 720
1 721
1 722
1 723
1 724
1 725
1 726
1 727
1 728
1 729
1 730
1 731
1 732
1 733
1 734
1 735
1 736
1 737
1 738
1 739
1 740
1 741
1 742
1 743
1 744
1 745
1 746
1 747
1 748
1 749
1 750
1 751
1 752
1 753
1 754
1 755
1 756
1 757
1 758
1 759
1 760
1 761
1 762
1 763
1 764
1 765
1 766
1 767
1 768
1 769
1 770
1 771
1 772
1 773
1 774
1 775
1 776
1 777
1 778
1 779
1 780
1 781
1 782
1 783
1 784
1 785
1 786
1 787
1 788
1 789
1 790
1 791
1 792
1 793
1 794
1 795
1 796
1 797
1 798
1 799
1 800
1 801
1 802
1 803
1 804
1 805
1 806
1 807
1 808
1 809
1 810
1 811
1 812
1 813
1 814
1 815
1 816
1 817
1 818
1 819
1 820
1 821
1 822
1 823
1 824
1 825
1 826
1 827
1 828
1 829
1 830
1 831
1 832
1 833
1 834
1 835
1 836
1 837
1 838
1 839
1 840
1 841
1 842
1 843
1 844
1 845
1 846
1 847
1 848
1 849
1 850
1 851
1 852
1 853
1 854
1 855
1 856
1 857
1 858
1 859
1 860
1 861
1 862
1 863
1 864
1 865
1 866
1 867
1 868
1 869
1 870
1 871
1 872

POINT_DATA 873
SCALARS id int 1
LOOKUP_TABLE default
1
2
3
4
5
6
7
8
9
10
11
12
13
14
15
16
17
18
19
20
21
22
23
24
25
26
27
28
29
30
32
33
34
35
36
37
39
40
41
42
43
44
45
46
47
48
49
50
51
52
53
54
56
57
58
59
60
61
62
63
64
65
67
68
69
70
71
72
73
74
75
76
77
78
79
80
81
82
83
84
85
86
87
88
89
90
91
92
93
94
95
96
97
98
99
100
101
102
103
104
105
106
107
108
109
110
111
112
113
114
115
116
117
118
119
120
121
122
123
124
125
126
127
129
130
131
132
133
134
135
136
137
138
139
140
141
142
143
144
145
146
147
148
149
150
151
153
154
155
156
157
158
159
160
161
162
163
164
165
166
167
168
169
170
171
172
173
174
175
176
177
178
179
180
181
182
183
184
185
186
187
188
189
190
191
192
193
194
195
196
197
198
199
200
201
202
203
204
205
206
208
209
210
211
212
213
214
215
217
218
219
220
221
222
223
225
226
227
228
229
230
231
232
233
234
235
236
237
238
239
240
241
242
243
244
245
246
247
248
249
250
251
252
253
254
255
256
257
258
259
260
261
262
263
264
265
266
267
268
269
270
271
273
274
275
276
277
278
279
280
281
282
283
284
285
286
287
288
289
290
291
292
293
294
295
296
297
299
300
301
302
303
304
305
306
307
308
309
310
311
312
313
314
315
316
317
318
319
320
321
322
323
324
325
326
327
328
329
330
331
332
333
334
335
336
337
338
339
340
341
342
343
344
345
346
347
348
349
350
351
352
353
354
355
356
357
358
359
360
361
362
363
364
365
366
367
368
369
370
371
372
373
374
375
376
377
378
379
381
382
383
384
385
386
387
388
389
390
391
392
393
394
395
396
397
398
399
400
401
402
404
405
406
407
408
409
410
411
412
413
414
415
416
417
418
419
420
421
422
423
424
426
427
428
429
430
431
432
434
435
436
437
438
439
440
441
442
443
444
445
446
447
448
449
451
452
453
454
455
456
457
458
459
460
461
462
463
464
465
466
467
468
469
470
471
472
473
474
475
476
477
478
479
480
481
482
483
484
485
486
487
489
490
491
492
493
494
495
496
497
498
499
500
501
502
503
504
505
506
507
508
509
510
511
512
513
514
515
516
517
518
519
520
521
522
523
524
525
526
527
528
529
530
531
532
533
534
535
536
537
538
539
540
541
542
543
544
545
546
547
548
549
550
551
552
553
554
555
556
557
558
559
560
561
562
563
564
565
566
567
568
569
570
571
572
573
574
575
576
577
579
580
581
582
583
584
585
586
587
588
589
590
591
592
593
594
595
596
597
598
599
600
601
602
603
605
606
607
608
609
610
611
612
613
614
615
616
617
618
619
620
621
622
623
624
625
626
627
628
629
630
631
632
633
634
635
636
637
638
640
641
642
643
644
645
646
647
648
649
650
651
652
653
654
655
656
659
660
661
662
663
664
665
666
667
668
669
670
671
672
673
674
675
676
677
678
679
680
681
682
683
684
685
686
687
688
690
691
692
693
694
695
696
698
699
700
701
702
703
704
705
706
707
708
709
710
711
712
713
714
715
716
717
718
719
720
721
722
723
724
725
726
727
728
729
730
731
732
733
734
735
736
738
739
740
741
742
743
744
745
746
747
748
749
750
751
752
753
754
755
756
757
758
759
760
761
762
764
765
766
767
768
769
770
771
772
773
774
775
776
777
778
779
780
781
782
783
784
785
786
787
788
789
791
792
793
794
795
796
797
798
799
800
801
802
803
804
805
806
807
808
809
810
811
812
813
814
815
816
817
818
819
820
821
822
823
824
825
826
827
828
829
830
831
832
833
834
835
836
837
838
839
840
841
842
843
844
845
846
847
848
849
850
851
852
853
854
855
856
857
858
859
860
861
862
863
864
865
866
867
868
869
870
871
872
873
874
875
876
877
878
879
880
881
882
883
884
885
886
887
888
889
890
891
892
893
894
895
896
897
898
899
900

SCALARS type int 1
LOOKUP_TABLE default
1
1
1
1
1
1
1
1
1
1
1
1
1
1
1
1
1
1
1
1
1
1
1
1
1
1
1
1
1
1
1
1
1
1
1
1
1
1
1
1
1
1
1
1
1
1
1
1
1
1
1
1
1
1
1
1
1
1
1
1
1
1
1
1
1
1
1
1
1
1
1
1
1
1
1
1
1
1
1
1
1
1
1
1
1
1
1
1
1
1
1
1
1
1
1
1
1
1
1
1
1
1
1
1
1
1
1
1
1
1
1
1
1
1
1
1
1
1
1
1
1
1
1
1
1
1
1
1
1
1
1
1
1
1
1
1
1
1
1
1
1
1
1
1
1
1
1
1
1
1
1
1
1
1
1
1
1
1
1
1
1
1
1
1
1
1
1
1
1
1
1
1
1
1
1
1
1
1
1
1
1
1
1
1
1
1
1
1
1
1
1
1
1
1
1
1
1
1
1
1
1
1
1
1
1
1
1
1
1
1
1
1
1
1
1
1
1
1
1
1
1
1
1
1
1
1
1
1
1
1
1
1
1
1
1
1
1
1
1
1
1
1
1
1
1
1
1
1
1
1
1
1
1
1
1
1
1
1
1
1
1
1
1
1
1
1
1
1
1
1
1
1
1
1
1
1
1
1
1
1
1
1
1
1
1
1
1
1
1
1
1
1
1
1
1
1
1
1
1
1
1
1
1
1
1
1
1
1
1
1
1
1
1
1
1
1
1
1
1
1
1
1
1
1
1
1
1
1
1
1
1
1
1
1
1
1
1
1
1
1
1
1
1
1
1
1
1
1
1
1
1
1
1
1
1
1
1
1
1
1
1
1
1
1
1
1
1
1
1
1
1
1
1
1
1
1
1
1
1
1
1
1
1
1
1
1
1
1
1
1
1
1
1
1
1
1
1
1
1
1
1
1
1
1
1
1
1
1
1
1
1
1
1
1
1
1
1
1
1
1
1
1
1
1
1
1
1
1
1
1
1
1
1
1
1
1
1
1
1
1
1
1
1
1
1
1
1
1
1
1
1
1
1
1
1
1
1
1
1
1
1
1
1
1
1
1
1
1
1
1
1
1
1
1
1
1
1
1
1
1
1
1
1
1
1
1
1
1
1
1
1
1
1
1
1
1
1
1
1
1
1
1
1
1
1
1
1
1
1
1
1
1
1
1
1
1
1
1
1
1
1
1
1
1
1
1
1
1
1
1
1
1
1
1
1
1
1
1
1
1
1
1
1
1
1
1
1
1
1
1
1
1
1
1
1
1
1
1
1
1
1
1
1
1
1
1
1
1
1
1
1
1
1
1
1
1
1
1
1
1
1
1
1
1
1
1
1
1
1
1
1
1
1
1
1
1
1
1
1
1
1
1
1
1
1
1
1
1
1
1
1
1
1
1
1
1
1
1
1
1
1
1
1
1
1
1
1
1
1
1
1
1
1
1
1
1
1
1
1
1
1
1
1
1
1
1
1
1
1
1
1
1
1
1
1
1
1
1
1
1
1
1
1
1
1
1
1
1
1
1
1
1
1
1
1
1
1
1
1
1
1
1
1
1
1
1
1
1
1
1
1
1
1
1
1
1
1
1
1
1
1
1
1
1
1
1
1
1
1
1
1
1
1
1
1
1
1
1
1
1
1
1
1
1
1
1
1
1
1
1
1
1
1
1
1
1
1
1
1
1
1
1
1
1
1
1
1
1
1
1
1
1
1
1
1
1
1
1
1
1
1
1
1
1
1
1
1
1
1
1
1
1
1
1
1
1
1
1
1
1
1
1
1
1
1
1
1
1
1
1
1
1
1
1
1
1
1
1
1
1
1
1
1
1
1
1
1
1
1
1
1
1
1
1
1
1
1
1
1
1
1
1
1
1
1
1
1
1
1
1
1
1
1
1
1
1
1
1
1
1
1
1
1
1
1
1
1
1
1
1
1
1
1
1
1
1
1
1
1
1
1
1
1
1
1
1
1
1
1
1
1
1
1

SCALARS radius float 1
LOOKUP_TABLE default
0.00015
0.00015
0.00015
0.00015
0.00015
0.00015
0.00015
0.00015
0.00015
0.00015
0.00015
0.00015
0.00015
0.00015
0.00015
0.00015
0.00015
0.00015
0.00015
0.00015
0.00015
0.00015
0.00015
0.00015
0.00015
0.00015
0.00015
0.00015
0.00015
0.00015
0.00015
0.00015
0.00015
0.00015
0.00015
0.00015
0.00015
0.00015
0.00015
0.00015
0.00015
0.00015
0.00015
0.00015
0.00015
0.00015
0.00015
0.00015
0.00015
0.00015
0.00015
0.00015
0.00015
0.00015
0.00015
0.00015
0.00015
0.00015
0.00015
0.00015
0.00015
0.00015
0.00015
0.00015
0.00015
0.00015
0.00015
0.00015
0.00015
0.00015
0.00015
0.00015
0.00015
0.00015
0.00015
0.00015
0.00015
0.00015
0.00015
0.00015
0.00015
0.00015
0.00015
0.00015
0.00015
0.00015
0.00015
0.00015
0.00015
0.00015
0.00015
0.00015
0.00015
0.00015
0.00015
0.00015
0.00015
0.00015
0.00015
0.00015
0.00015
0.00015
0.00015
0.00015
0.00015
0.00015
0.00015
0.00015
0.00015
0.00015
0.00015
0.00015
0.00015
0.00015
0.00015
0.00015
0.00015
0.00015
0.00015
0.00015
0.00015
0.00015
0.00015
0.00015
0.00015
0.00015
0.00015
0.00015
0.00015
0.00015
0.00015
0.00015
0.00015
0.00015
0.00015
0.00015
0.00015
0.00015
0.00015
0.00015
0.00015
0.00015
0.00015
0.00015
0.00015
0.00015
0.00015
0.00015
0.00015
0.00015
0.00015
0.00015
0.00015
0.00015
0.00015
0.00015
0.00015
0.00015
0.00015
0.00015
0.00015
0.00015
0.00015
0.00015
0.00015
0.00015
0.00015
0.00015
0.00015
0.00015
0.00015
0.00015
0.00015
0.00015
0.00015
0.00015
0.00015
0.00015
0.00015
0.00015
0.00015
0.00015
0.00015
0.00015
0.00015
0.00015
0.00015
0.00015
0.00015
0.00015
0.00015
0.00015
0.00015
0.00015
0.00015
0.00015
0.00015
0.00015
0.00015
0.00015
0.00015
0.00015
0.00015
0.00015
0.00015
0.00015
0.00015
0.00015
0.00015
0.00015
0.00015
0.00015
0.00015
0.00015
0.00015
0.00015
0.00015
0.00015
0.00015
0.00015
0.00015
0.00015
0.00015
0.00015
0.00015
0.00015
0.00015
0.00015
0.00015
0.00015
0.00015
0.00015
0.00015
0.00015
0.00015
0.00015
0.00015
0.00015
0.00015
0.00015
0.00015
0.00015
0.00015
0.00015
0.00015
0.00015
0.00015
0.00015
0.00015
0.00015
0.00015
0.00015
0.00015
0.00015
0.00015
0.00015
0.00015
0.00015
0.00015
0.00015
0.00015
0.00015
0.00015
0.00015
0.00015
0.00015
0.00015
0.00015
0.00015
0.00015
0.00015
0.00015
0.00015
0.00015
0.00015
0.00015
0.00015
0.00015
0.00015
0.00015
0.00015
0.00015
0.00015
0.00015
0.00015
0.00015
0.00015
0.00015
0.00015
0.00015
0.00015
0.00015
0.00015
0.00015
0.00015
0.00015
0.00015
0.00015
0.00015
0.00015
0.00015
0.00015
0.00015
0.00015
0.00015
0.00015
0.00015
0.00015
0.00015
0.00015
0.00015
0.00015
0.00015
0.00015
0.00015
0.00015
0.00015
0.00015
0.00015
0.00015
0.00015
0.00015
0.00015
0.00015
0.00015
0.00015
0.00015
0.00015
0.00015
0.00015
0.00015
0.00015
0.00015
0.00015
0.00015
0.00015
0.00015
0.00015
0.00015
0.00015
0.00015
0.00015
0.00015
0.00015
0.00015
0.00015
0.00015
0.00015
0.00015
0.00015
0.00015
0.00015
0.00015
0.00015
0.00015
0.00015
0.00015
0.00015
0.00015
0.00015
0.00015
0.00015
0.00015
0.00015
0.00015
0.00015
0.00015
0.00015
0.00015
0.00015
0.00015
0.00015
0.00015
0.00015
0.00015
0.00015
0.00015
0.00015
0.00015
0.00015
0.00015
0.00015
0.00015
0.00015
0.00015
0.00015
0.00015
0.00015
0.00015
0.00015
0.00015
0.00015
0.00015
0.00015
0.00015
0.00015
0.00015
0.00015
0.00015
0.00015
0.00015
0.00015
0.00015
0.00015
0.00015
0.00015
0.00015
0.00015
0.00015
0.00015
0.00015
0.00015
0.00015
0.00015
0.00015
0.00015
0.00015
0.00015
0.00015
0.00015
0.00015
0.00015
0.00015
0.00015
0.00015
0.00015
0.00015
0.00015
0.00015
0.00015
0.00015
0.00015
0.00015
0.00015
0.00015
0.00015
0.00015
0.00015
0.00015
0.00015
0.00015
0.00015
0.00015
0.00015
0.00015
0.00015
0.00015
0.00015
0.00015
0.00015
0.00015
0.00015
0.00015
0.00015
0.00015
0.00015
0.00015
0.00015
0.00015
0.00015
0.00015
0.00015
0.00015
0.00015
0.00015
0.00015
0.00015
0.00015
0.00015
0.00015
0.00015
0.00015
0.00015
0.00015
0.00015
0.00015
0.00015
0.00015
0.00015
0.00015
0.00015
0.00015
0.00015
0.00015
0.00015
0.00015
0.00015
0.00015
0.00015
0.00015
0.00015
0.00015
0.00015
0.00015
0.00015
0.00015
0.00015
0.00015
0.00015
0.00015
0.00015
0.00015
0.00015
0.00015
0.00015
0.00015
0.00015
0.00015
0.00015
0.00015
0.00015
0.00015
0.00015
0.00015
0.00015
0.00015
0.00015
0.00015
0.00015
0.00015
0.00015
0.00015
0.00015
0.00015
0.00015
0.00015
0.00015
0.00015
0.00015
0.00015
0.00015
0.00015
0.00015
0.00015
0.00015
0.00015
0.00015
0.00015
0.00015
0.00015
0.00015
0.00015
0.00015
0.00015
0.00015
0.00015
0.00015
0.00015
0.00015
0.00015
0.00015
0.00015
0.00015
0.00015
0.00015
0.00015
0.00015
0.00015
0.00015
0.00015
0.00015
0.00015
0.00015
0.00015
0.00015
0.00015
0.00015
0.00015
0.00015
0.00015
0.00015
0.00015
0.00015
0.00015
0.00015
0.00015
0.00015
0.00015
0.00015
0.00015
0.00015
0.00015
0.00015
0.00015
0.00015
0.00015
0.00015
0.00015
0.00015
0.00015
0.00015
0.00015
0.00015
0.00015
0.00015
0.00015
0.00015
0.00015
0.00015
0.00015
0.00015
0.00015
0.00015
0.00015
0.00015
0.00015
0.00015
0.00015
0.00015
0.00015
0.00015
0.00015
0.00015
0.00015
0.00015
0.00015
0.00015
0.00015
0.00015
0.00015
0.00015
0.00015
0.00015
0.00015
0.00015
0.00015
0.00015
0.00015
0.00015
0.00015
0.00015
0.00015
0.00015
0.00015
0.00015
0.00015
0.00015
0.00015
0.00015
0.00015
0.00015
0.00015
0.00015
0.00015
0.00015
0.00015
0.00015
0.00015
0.00015
0.00015
0.00015
0.00015
0.00015
0.00015
0.00015
0.00015
0.00015
0.00015
0.00015
0.00015
0.00015
0.00015
0.00015
0.00015
0.00015
0.00015
0.00015
0.00015
0.00015
0.00015
0.00015
0.00015
0.00015
0.00015
0.00015
0.00015
0.00015
0.00015
0.00015
0.00015
0.00015
0.00015
0.00015
0.00015
0.00015
0.00015
0.00015
0.00015
0.00015
0.00015
0.00015
0.00015
0.00015
0.00015
0.00015
0.00015
0.00015
0.00015
0.00015
0.00015
0.00015
0.00015
0.00015
0.00015
0.00015
0.00015
0.00015
0.00015
0.00015
0.00015
0.00015
0.00015
0.00015
0.00015
0.00015
0.00015
0.00015
0.00015
0.00015
0.00015
0.00015
0.00015
0.00015
0.00015
0.00015
0.00015
0.00015
0.00015
0.00015
0.00015
0.00015
0.00015
0.00015
0.00015
0.00015
0.00015
0.00015
0.00015
0.00015
0.00015
0.00015
0.00015
0.00015
0.00015
0.00015
0.00015
0.00015
0.00015
0.00015
0.00015
0.00015
0.00015
0.00015
0.00015
0.00015
0.00015
0.00015
0.00015
0.00015
0.00015
0.00015
0.00015
0.00015
0.00015
0.00015
0.00015
0.00015
0.00015
0.00015
0.00015
0.00015
0.00015
0.00015
0.00015
0.00015
0.00015
0.00015
0.00015
0.00015
0.00015
0.00015
0.00015
0.00015
0.00015
0.00015
0.00015
0.00015
0.00015
0.00015
0.00015
0.00015
0.00015
0.00015
0.00015
0.00015
0.00015
0.00015
0.00015
0.00015
0.00015
0.00015
0.00015
0.00015
0.00015
0.00015
0.00015
0.00015
0.00015
0.00015
0.00015
0.00015
0.00015
0.00015
0.00015
0.00015
0.00015
0.00015
0.00015
0.00015
0.00015
0.00015
0.00015
0.00015
0.00015
0.00015
0.00015
0.00015
0.00015
0.00015
0.00015
0.00015
0.00015
0.00015
0.00015
0.00015
0.00015
0.00015
0.00015
0.00015
0.00015
0.00015
0.00015
0.00015
0.00015
0.00015
0.00015
0.00015
0.00015
0.00015
0.00015
0.00015
0.00015
0.00015
0.00015
0.00015
0.00015
0.00015
0.00015
0.00015
0.00015
0.00015
0.00015
0.00015
0.00015
0.00015
0.00015
0.00015
0.00015
0.00015
0.00015
0.00015
0.00015
0.00015

SCALARS mass float 1
LOOKUP_TABLE default
3.95841e-09
3.95841e-09
3.95841e-09
3.95841e-09
3.95841e-09
3.95841e-09
3.95841e-09
3.95841e-09
3.95841e-09
3.95841e-09
3.95841e-09
3.95841e-09
3.95841e-09
3.95841e-09
3.95841e-09
3.95841e-09
3.95841e-09
3.95841e-09
3.95841e-09
3.95841e-09
3.95841e-09
3.95841e-09
3.95841e-09
3.95841e-09
3.95841e-09
3.95841e-09
3.95841e-09
3.95841e-09
3.95841e-09
3.95841e-09
3.95841e-09
3.95841e-09
3.95841e-09
3.95841e-09
3.95841e-09
3.95841e-09
3.95841e-09
3.95841e-09
3.95841e-09
3.95841e-09
3.95841e-09
3.95841e-09
3.95841e-09
3.95841e-09
3.95841e-09
3.95841e-09
3.95841e-09
3.95841e-09
3.95841e-09
3.95841e-09
3.95841e-09
3.95841e-09
3.95841e-09
3.95841e-09
3.95841e-09
3.95841e-09
3.95841e-09
3.95841e-09
3.95841e-09
3.95841e-09
3.95841e-09
3.95841e-09
3.95841e-09
3.95841e-09
3.95841e-09
3.95841e-09
3.95841e-09
3.95841e-09
3.95841e-09
3.95841e-09
3.95841e-09
3.95841e-09
3.95841e-09
3.95841e-09
3.95841e-09
3.95841e-09
3.95841e-09
3.95841e-09
3.95841e-09
3.95841e-09
3.95841e-09
3.95841e-09
3.95841e-09
3.95841e-09
3.95841e-09
3.95841e-09
3.95841e-09
3.95841e-09
3.95841e-09
3.95841e-09
3.95841e-09
3.95841e-09
3.95841e-09
3.95841e-09
3.95841e-09
3.95841e-09
3.95841e-09
3.95841e-09
3.95841e-09
3.95841e-09
3.95841e-09
3.95841e-09
3.95841e-09
3.95841e-09
3.95841e-09
3.95841e-09
3.95841e-09
3.95841e-09
3.95841e-09
3.95841e-09
3.95841e-09
3.95841e-09
3.95841e-09
3.95841e-09
3.95841e-09
3.95841e-09
3.95841e-09
3.95841e-09
3.95841e-09
3.95841e-09
3.95841e-09
3.95841e-09
3.95841e-09
3.95841e-09
3.95841e-09
3.95841e-09
3.95841e-09
3.95841e-09
3.95841e-09
3.95841e-09
3.95841e-09
3.95841e-09
3.95841e-09
3.95841e-09
3.95841e-09
3.95841e-09
3.95841e-09
3.95841e-09
3.95841e-09
3.95841e-09
3.95841e-09
3.95841e-09
3.95841e-09
3.95841e-09
3.95841e-09
3.95841e-09
3.95841e-09
3.95841e-09
3.95841e-09
3.95841e-09
3.95841e-09
3.95841e-09
3.95841e-09
3.95841e-09
3.95841e-09
3.95841e-09
3.95841e-09
3.95841e-09
3.95841e-09
3.95841e-09
3.95841e-09
3.95841e-09
3.95841e-09
3.95841e-09
3.95841e-09
3.95841e-09
3.95841e-09
3.95841e-09
3.95841e-09
3.95841e-09
3.95841e-09
3.95841e-09
3.95841e-09
3.95841e-09
3.95841e-09
3.95841e-09
3.95841e-09
3.95841e-09
3.95841e-09
3.95841e-09
3.95841e-09
3.95841e-09
3.95841e-09
3.95841e-09
3.95841e-09
3.95841e-09
3.95841e-09
3.95841e-09
3.95841e-09
3.95841e-09
3.95841e-09
3.95841e-09
3.95841e-09
3.95841e-09
3.95841e-09
3.95841e-09
3.95841e-09
3.95841e-09
3.95841e-09
3.95841e-09
3.95841e-09
3.95841e-09
3.95841e-09
3.95841e-09
3.95841e-09
3.95841e-09
3.95841e-09
3.95841e-09
3.95841e-09
3.95841e-09
3.95841e-09
3.95841e-09
3.95841e-09
3.95841e-09
3.95841e-09
3.95841e-09
3.95841e-09
3.95841e-09
3.95841e-09
3.95841e-09
3.95841e-09
3.95841e-09
3.95841e-09
3.95841e-09
3.95841e-09
3.95841e-09
3.95841e-09
3.95841e-09
3.95841e-09
3.95841e-09
3.95841e-09
3.95841e-09
3.95841e-09
3.95841e-09
3.95841e-09
3.95841e-09
3.95841e-09
3.95841e-09
3.95841e-09
3.95841e-09
3.95841e-09
3.95841e-09
3.95841e-09
3.95841e-09
3.95841e-09
3.95841e-09
3.95841e-09
3.95841e-09
3.95841e-09
3.95841e-09
3.95841e-09
3.95841e-09
3.95841e-09
3.95841e-09
3.95841e-09
3.95841e-09
3.95841e-09
3.95841e-09
3.95841e-09
3.95841e-09
3.95841e-09
3.95841e-09
3.95841e-09
3.95841e-09
3.95841e-09
3.95841e-09
3.95841e-09
3.95841e-09
3.95841e-09
3.95841e-09
3.95841e-09
3.95841e-09
3.95841e-09
3.95841e-09
3.95841e-09
3.95841e-09
3.95841e-09
3.95841e-09
3.95841e-09
3.95841e-09
3.95841e-09
3.95841e-09
3.95841e-09
3.95841e-09
3.95841e-09
3.95841e-09
3.95841e-09
3.95841e-09
3.95841e-09
3.95841e-09
3.95841e-09
3.95841e-09
3.95841e-09
3.95841e-09
3.95841e-09
3.95841e-09
3.95841e-09
3.95841e-09
3.95841e-09
3.95841e-09
3.95841e-09
3.95841e-09
3.95841e-09
3.95841e-09
3.95841e-09
3.95841e-09
3.95841e-09
3.95841e-09
3.95841e-09
3.95841e-09
3.95841e-09
3.95841e-09
3.95841e-09
3.95841e-09
3.95841e-09
3.95841e-09
3.95841e-09
3.95841e-09
3.95841e-09
3.95841e-09
3.95841e-09
3.95841e-09
3.95841e-09
3.95841e-09
3.95841e-09
3.95841e-09
3.95841e-09
3.95841e-09
3.95841e-09
3.95841e-09
3.95841e-09
3.95841e-09
3.95841e-09
3.95841e-09
3.95841e-09
3.95841e-09
3.95841e-09
3.95841e-09
3.95841e-09
3.95841e-09
3.95841e-09
3.95841e-09
3.95841e-09
3.95841e-09
3.95841e-09
3.95841e-09
3.95841e-09
3.95841e-09
3.95841e-09
3.95841e-09
3.95841e-09
3.95841e-09
3.95841e-09
3.95841e-09
3.95841e-09
3.95841e-09
3.95841e-09
3.95841e-09
3.95841e-09
3.95841e-09
3.95841e-09
3.95841e-09
3.95841e-09
3.95841e-09
3.95841e-09
3.95841e-09
3.95841e-09
3.95841e-09
3.95841e-09
3.95841e-09
3.95841e-09
3.95841e-09
3.95841e-09
3.95841e-09
3.95841e-09
3.95841e-09
3.95841e-09
3.95841e-09
3.95841e-09
3.95841e-09
3.95841e-09
3.95841e-09
3.95841e-09
3.95841e-09
3.95841e-09
3.95841e-09
3.95841e-09
3.95841e-09
3.95841e-09
3.95841e-09
3.95841e-09
3.95841e-09
3.95841e-09
3.95841e-09
3.95841e-09
3.95841e-09
3.95841e-09
3.95841e-09
3.95841e-09
3.95841e-09
3.95841e-09
3.95841e-09
3.95841e-09
3.95841e-09
3.95841e-09
3.95841e-09
3.95841e-09
3.95841e-09
3.95841e-09
3.95841e-09
3.95841e-09
3.95841e-09
3.95841e-09
3.95841e-09
3.95841e-09
3.95841e-09
3.95841e-09
3.95841e-09
3.95841e-09
3.95841e-09
3.95841e-09
3.95841e-09
3.95841e-09
3.95841e-09
3.95841e-09
3.95841e-09
3.95841e-09
3.95841e-09
3.95841e-09
3.95841e-09
3.95841e-09
3.95841e-09
3.95841e-09
3.95841e-09
3.95841e-09
3.95841e-09
3.95841e-09
3.95841e-09
3.95841e-09
3.95841e-09
3.95841e-09
3.95841e-09
3.95841e-09
3.95841e-09
3.95841e-09
3.95841e-09
3.95841e-09
3.95841e-09
3.95841e-09
3.95841e-09
3.95841e-09
3.95841e-09
3.95841e-09
3.95841e-09
3.95841e-09
3.95841e-09
3.95841e-09
3.95841e-09
3.95841e-09
3.95841e-09
3.95841e-09
3.95841e-09
3.95841e-09
3.95841e-09
3.95841e-09
3.95841e-09
3.95841e-09
3.95841e-09
3.95841e-09
3.95841e-09
3.95841e-09
3.95841e-09
3.95841e-09
3.95841e-09
3.95841e-09
3.95841e-09
3.95841e-09
3.95841e-09
3.95841e-09
3.95841e-09
3.95841e-09
3.95841e-09
3.95841e-09
3.95841e-09
3.95841e-09
3.95841e-09
3.95841e-09
3.95841e-09
3.95841e-09
3.95841e-09
3.95841e-09
3.95841e-09
3.95841e-09
3.95841e-09
3.95841e-09
3.95841e-09
3.95841e-09
3.95841e-09
3.95841e-09
3.95841e-09
3.95841e-09
3.95841e-09
3.95841e-09
3.95841e-09
3.95841e-09
3.95841e-09
3.95841e-09
3.95841e-09
3.95841e-09
3.95841e-09
3.95841e-09
3.95841e-09
3.95841e-09
3.95841e-09
3.95841e-09
3.95841e-09
3.95841e-09
3.95841e-09
3.95841e-09
3.95841e-09
3.95841e-09
3.95841e-09
3.95841e-09
3.95841e-09
3.95841e-09
3.95841e-09
3.95841e-09
3.95841e-09
3.95841e-09
3.95841e-09
3.95841e-09
3.95841e-09
3.95841e-09
3.95841e-09
3.95841e-09
3.95841e-09
3.95841e-09
3.95841e-09
3.95841e-09
3.95841e-09
3.95841e-09
3.95841e-09
3.95841e-09
3.95841e-09
3.95841e-09
3.95841e-09
3.95841e-09
3.95841e-09
3.95841e-09
3.95841e-09
3.95841e-09
3.95841e-09
3.95841e-09
3.95841e-09
3.95841e-09
3.95841e-09
3.95841e-09
3.95841e-09
3.95841e-09
3.95841e-09
3.95841e-09
3.95841e-09
3.95841e-09
3.95841e-09
3.95841e-09
3.95841e-09
3.95841e-09
3.95841e-09
3.95841e-09
3.95841e-09
3.95841e-09
3.95841e-09
3.95841e-09
3.95841e-09
3.95841e-09
3.95841e-09
3.95841e-09
3.95841e-09
3.95841e-09
3.95841e-09
3.95841e-09
3.95841e-09
3.95841e-09
3.95841e-09
3.95841e-09
3.95841e-09
3.95841e-09
3.95841e-09
3.95841e-09
3.95841e-09
3.95841e-09
3.95841e-09
3.95841e-09
3.95841e-09
3.95841e-09
3.95841e-09
3.95841e-09
3.95841e-09
3.95841e-09
3.95841e-09
3.95841e-09
3.95841e-09
3.95841e-09
3.95841e-09
3.95841e-09
3.95841e-09
3.95841e-09
3.95841e-09
3.95841e-09
3.95841e-09
3.95841e-09
3.95841e-09
3.95841e-09
3.95841e-09
3.95841e-09
3.95841e-09
3.95841e-09
3.95841e-09
3.95841e-09
3.95841e-09
3.95841e-09
3.95841e-09
3.95841e-09
3.95841e-09
3.95841e-09
3.95841e-09
3.95841e-09
3.95841e-09
3.95841e-09
3.95841e-09
3.95841e-09
3.95841e-09
3.95841e-09
3.95841e-09
3.95841e-09
3.95841e-09
3.95841e-09
3.95841e-09
3.95841e-09
3.95841e-09
3.95841e-09
3.95841e-09
3.95841e-09
3.95841e-09
3.95841e-09
3.95841e-09
3.95841e-09
3.95841e-09
3.95841e-09
3.95841e-09
3.95841e-09
3.95841e-09
3.95841e-09
3.95841e-09
3.95841e-09
3.95841e-09
3.95841e-09
3.95841e-09
3.95841e-09
3.95841e-09
3.95841e-09
3.95841e-09
3.95841e-09
3.95841e-09
3.95841e-09
3.95841e-09
3.95841e-09
3.95841e-09
3.95841e-09
3.95841e-09
3.95841e-09
3.95841e-09
3.95841e-09
3.95841e-09
3.95841e-09
3.95841e-09
3.95841e-09
3.95841e-09
3.95841e-09
3.95841e-09
3.95841e-09
3.95841e-09
3.95841e-09
3.95841e-09
3.95841e-09
3.95841e-09
3.95841e-09
3.95841e-09
3.95841e-09
3.95841e-09
3.95841e-09
3.95841e-09
3.95841e-09
3.95841e-09
3.95841e-09
3.95841e-09
3.95841e-09
3.95841e-09
3.95841e-09
3.95841e-09
3.95841e-09
3.95841e-09
3.95841e-09
3.95841e-09
3.95841e-09
3.95841e-09
3.95841e-09
3.95841e-09
3.95841e-09
3.95841e-09
3.95841e-09
3.95841e-09
3.95841e-09
3.95841e-09
3.95841e-09
3.95841e-09
3.95841e-09
3.95841e-09
3.95841e-09
3.95841e-09
3.95841e-09
3.95841e-09
3.95841e-09
3.95841e-09
3.95841e-09
3.95841e-09
3.95841e-09
3.95841e-09
3.95841e-09
3.95841e-09
3.95841e-09
3.95841e-09
3.95841e-09
3.95841e-09
3.95841e-09
3.95841e-09
3.95841e-09
3.95841e-09
3.95841e-09
3.95841e-09
3.95841e-09
3.95841e-09
3.95841e-09
3.95841e-09
3.95841e-09
3.95841e-09
3.95841e-09
3.95841e-09
3.95841e-09
3.95841e-09
3.95841e-09
3.95841e-09
3.95841e-09
3.95841e-09
3.95841e-09
3.95841e-09
3.95841e-09
3.95841e-09
3.95841e-09
3.95841e-09
3.95841e-09
3.95841e-09
3.95841e-09
3.95841e-09
3.95841e-09
3.95841e-09
3.95841e-09
3.95841e-09
3.95841e-09
3.95841e-09
3.95841e-09
3.95841e-09
3.95841e-09
3.95841e-09
3.95841e-09
3.95841e-09
3.95841e-09
3.95841e-09
3.95841e-09
3.95841e-09
3.95841e-09
3.95841e-09
3.95841e-09
3.95841e-09
3.95841e-09
3.95841e-09
3.95841e-09
3.95841e-09
3.95841e-09
3.95841e-09
3.95841e-09
3.95841e-09
3.95841e-09
3.95841e-09
3.95841e-09
3.95841e-09
3.95841e-09
3.95841e-09
3.95841e-09
3.95841e-09
3.95841e-09
3.95841e-09
3.95841e-09
3.95841e-09
3.95841e-09
3.95841e-09
3.95841e-09
3.95841e-09
3.95841e-09
3.95841e-09
3.95841e-09
3.95841e-09
3.95841e-09
3.95841e-09
3.95841e-09
3.95841e-09
3.95841e-09
3.95841e-09
3.95841e-09
3.95841e-09
3.95841e-09
3.95841e-09
3.95841e-09
3.95841e-09
3.95841e-09
3.95841e-09
3.95841e-09
3.95841e-09
3.95841e-09
3.95841e-09
3.95841e-09
3.95841e-09
3.95841e-09
3.95841e-09
3.95841e-09
3.95841e-09
3.95841e-09
3.95841e-09
3.95841e-09
3.95841e-09
3.95841e-09
3.95841e-09
3.95841e-09
3.95841e-09
3.95841e-09
3.95841e-09
3.95841e-09
3.95841e-09
3.95841e-09
3.95841e-09
3.95841e-09
3.95841e-09
3.95841e-09
3.95841e-09
3.95841e-09
3.95841e-09
3.95841e-09
3.95841e-09
3.95841e-09
3.95841e-09
3.95841e-09
3.95841e-09
3.95841e-09
3.95841e-09
3.95841e-09
3.95841e-09
3.95841e-09
3.95841e-09
3.95841e-09
3.95841e-09
3.95841e-09
3.95841e-09
3.95841e-09

VECTORS velocity float
-2.63945e-11 6.07801e-12 -4.80504e-12
-3.02265e-15 -5.88627e-13 2.94664e-13
1.38471e-14 3.45025e-13 5.5418e-14
2.20273e-12 -1.73239e-12 8.65521e-14
-2.76138e-12 2.63116e-12 4.2813e-13
-7.89153e-13 6.639e-13 -3.25397e-13
6.60295e-19 -8.1955e-23 -5.0412e-16
-1.01295e-11 -2.65939e-12 -1.46381e-12
2.46239e-12 -1.43274e-12 -1.42614e-12
-2.65328e-20 2.48364e-20 5.72292e-21
-1.41217e-12 -3.3675e-12 1.4905e-12
-1.16824e-17 1.19263e-22 8.91957e-15
-4.7044e-13 2.2933e-13 6.04649e-14
-1.00728e-12 -1.29523e-12 4.28028e-13
4.78728e-14 -5.37182e-13 3.81092e-13
-3.70144e-12 -1.73272e-12 1.17345e-12
-7.24765e-13 6.43554e-13 -1.43947e-13
-1.39035e-13 1.10324e-14 -6.30441e-14
2.77033e-13 -1.01136e-13 -3.24706e-13
-1.31774e-13 -6.33131e-14 7.12962e-14
-4.17403e-12 -2.55589e-12 -1.54942e-12
3.54186e-14 -7.04862e-13 3.51355e-13
-9.05576e-14 1.59192e-12 9.78292e-13
-3.87893e-12 9.54941e-13 -2.76397e-13
-9.14136e-14 -3.51544e-13 5.45442e-15
9.54206e-13 4.36273e-12 4.13838e-13
-6.9516e-12 -1.45998e-12 2.35471e-15
-1.08454e-12 -5.79665e-13 -3.82821e-13
-1.20037e-12 -1.73769e-12 -3.78341e-13
-2.77355e-12 3.51626e-12 2.05354e-13
-2.0491e-13 3.67029e-13 -1.7472e-13
-1.66012e-11 -2.09747e-12 6.96716e-12
3.83135e-14 -7.10839e-14 4.10199e-14
-3.75917e-13 -7.77528e-13 -2.7856e-13
2.62636e-13 -2.96545e-13 2.92737e-14
-2.52091e-13 -3.56434e-13 -4.6298e-14
-3.27915e-13 -4.70179e-13 -3.47662e-13
2.48655e-13 3.62424e-13 1.54618e-16
-1.04108e-18 2.82247e-23 7.9519e-16
9.77383e-14 3.81158e-13 1.35068e-13
-6.69136e-14 8.15501e-14 -1.16488e-13
3.46545e-13 1.42887e-12 -1.18217e-12
3.15686e-12 8.52085e-12 -9.06481e-13
4.43348e-12 1.71849e-12 2.07854e-12
4.72473e-13 -1.02558e-13 -1.98184e-13
2.6036e-12 1.44968e-13 -2.66083e-14
1.50714e-14 -1.24483e-14 -1.55607e-15
-8.88492e-12 -2.55116e-12 -3.82175e-12
1.2152e-12 1.78727e-13 -7.27668e-14
-1.93795e-11 -1.20545e-11 6.93978e-12
4.70482e-12 -4.33954e-12 -1.03128e-11
-2.94106e-13 1.00636e-12 -3.45267e-12
-2.83684e-12 -1.42135e-12 1.60604e-14
1.04805e-14 -4.00415e-14 2.59473e-13
2.9211e-12 -8.47e-13 -1.78287e-13
-8.96369e-13 3.02898e-13 5.45735e-14
-1.09236e-12 8.33344e-14 4.75133e-14
-1.88524e-12 -5.48093e-12 1.18856e-12
2.83208e-13 1.07181e-13 -2.95768e-14
-4.79043e-13 -4.66354e-14 1.76437e-13
-2.75146e-14 3.84041e-14 -1.49047e-14
6.20436e-13 -1.99644e-13 -1.84374e-12
2.14947e-13 1.5157e-13 -1.23567e-13
1.01227e-15 4.87336e-21 2.98741e-13
3.10977e-13 2.91536e-13 -1.56561e-13
-7.22153e-16 -4.78926e-15 6.30728e-14
1.2622e-13 1.56016e-13 -1.21434e-13
-1.07466e-11 -8.8835e-12 7.53938e-12
3.22194e-14 -7.23552e-14 -9.81906e-14
-1.49581e-12 -1.73275e-12 -5.80285e-14
-1.9837e-13 1.28497e-14 -1.73356e-13
4.07699e-13 -1.27909e-13 -8.96023e-14
1.56137e-12 6.72393e-12 1.49337e-12
9.15219e-12 -4.24518e-12 1.34755e-12
-1.80454e-11 -8.99468e-12 6.06342e-12
2.27895e-11 1.37818e-12 -2.37691e-12
-4.09815e-13 2.39598e-13 1.13973e-14
4.82938e-13 5.97493e-13 -1.21457e-13
6.10579e-20 -5.80594e-20 -1.89572e-19
-8.07632e-13 2.91602e-13 -5.56522e-14
8.76539e-14 7.21034e-14 5.45262e-14
-5.62412e-13 3.45294e-13 -6.28121e-14
-8.9819e-13 -1.6547e-12 1.21433e-14
8.74191e-13 -1.72618e-12 -9.60917e-13
1.469e-12 9.29002e-13 -1.6225e-14
-1.29653e-12 6.0746e-13 -3.59629e-13
-3.33112e-13 -6.22957e-13 -8.40793e-13
1.63258e-11 -1.13259e-11 -1.2555e-11
3.83023e-13 -9.93489e-14 -4.23093e-13
1.13292e-12 -1.43862e-12 1.52639e-13
-3.22287e-12 -7.12106e-14 -1.45838e-12
-6.2554e-12 -1.94603e-12 2.70253e-12
9.06099e-18 2.23633e-22 -6.9181e-15
-1.00088e-11 4.54459e-11 5.35027e-12
1.82707e-13 1.59802e-13 -1.80334e-13
-2.13327e-15 -1.41465e-14 1.86307e-13
9.78526e-14 2.36402e-13 -3.15073e-15
7.56573e-13 -6.89842e-13 2.62447e-13
-1.89125e-14 -8.10055e-13 2.22351e-13
-8.33109e-11 4.44171e-10 9.67298e-11
2.33946e-12 2.1811e-14 -3.016e-13
-2.85542e-12 -2.11927e-12 5.70201e-13
-4.42674e-12 1.72239e-12 -3.56269e-13
6.03191e-18 1.27882e-21 -4.60544e-15
-8.07491e-14 -4.75759e-13 3.83856e-13
-3.22802e-13 -3.81376e-12 1.50569e-12
3.73531e-12 1.11351e-12 1.18795e-12
3.66296e-13 -1.26179e-13 1.00782e-13
9.09568e-13 -2.04915e-14 7.23935e-13
-6.38853e-12 -1.74246e-12 -1.27926e-13
-4.49881e-12 -2.05968e-12 -3.43053e-13
1.76969e-12 1.46377e-12 1.39392e-13
-6.24731e-13 9.26283e-13 -1.11549e-14
-2.30461e-11 -6.57134e-12 -3.35204e-12
-2.77793e-11 -5.7806e-11 9.74744e-12
3.55865e-12 1.71155e-12 7.73962e-13
-1.12406e-12 -7.26687e-13 2.69797e-13
-1.93884e-13 -4.27373e-14 -2.92817e-15
7.72138e-15 -5.96702e-14 5.04288e-15
1.37981e-13 3.54055e-13 -3.19203e-14
-2.34205e-13 1.76151e-13 -2.04541e-13
-5.02505e-12 1.71994e-12 -2.1695e-13
-7.7801e-13 7.69429e-13 -3.85007e-13
-5.79797e-13 -1.07239e-12 6.20871e-13
4.51871e-12 -1.75702e-12 -4.37496e-12
2.02287e-14 -6.78668e-13 -1.6122e-13
2.82485e-13 7.12385e-13 -4.97897e-14
-2.0999e-12 4.23589e-12 -1.48102e-12
6.15911e-13 7.99844e-13 -4.45939e-13
-7e-13 1.21262e-12 -3.82331e-13
3.40401e-12 4.3454e-13 8.71698e-13
-1.40027e-12 6.67004e-13 -3.49296e-13
2.17402e-13 6.0562e-13 -5.72241e-13
-7.88445e-12 7.33443e-12 1.59831e-12
-2.06663e-11 3.46956e-11 1.1858e-11
-8.69871e-18 -1.9022e-22 6.6413e-15
-1.03623e-12 6.22025e-13 -1.55226e-13
4.13488e-13 6.42874e-13 -6.39699e-14
-5.79491e-12 -2.46756e-13 -9.4026e-14
-4.31067e-13 -1.5391e-12 -2.38808e-13
2.46615e-12 -1.736e-12 -4.38278e-13
2.42195e-12 8.26753e-13 -2.69397e-13
-5.86747e-13 3.8901e-13 -9.02135e-14
9.01981e-13 -1.73124e-12 -6.47881e-12
-3.77311e-10 7.55388e-10 9.94928e-10
1.38321e-12 -2.24023e-13 1.84534e-13
-2.58368e-13 1.67416e-12 -3.23032e-14
-1.92607e-11 -2.36942e-12 -3.71886e-12
-1.11847e-17 -6.07937e-22 8.53937e-15
2.03407e-11 -1.15528e-11 8.11462e-12
-1.63631e-13 2.20526e-13 -1.49934e-13
-5.49698e-14 2.11928e-13 4.82858e-14
-1.05815e-11 1.76289e-11 5.31026e-12
-3.03834e-13 -6.38628e-13 -1.49025e-13
2.06297e-12 -3.54256e-13 4.13574e-13
-5.99608e-13 2.43443e-13 2.53679e-14
1.72973e-09 -1.4401e-09 1.16357e-10
-4.55448e-12 7.48702e-13 1.90209e-13
-1.55948e-18 -5.61799e-23 1.19087e-15
2.12457e-14 -1.17218e-14 -2.30611e-14
-7.3531e-13 4.71699e-12 1.58665e-12
1.58597e-12 1.48354e-12 2.0033e-13
2.75307e-11 -2.75141e-11 1.33446e-12
-1.69838e-10 -1.857e-11 -1.36519e-10
2.50105e-08 -3.0143e-12 7.19414e-09
-2.66231e-12 6.88478e-12 -3.18178e-13
1.25121e-12 -1.71696e-12 -2.38689e-12
-3.28852e-12 -3.60994e-13 -4.08479e-13
2.07017e-14 -5.07295e-15 -9.87399e-15
4.30706e-12 -6.47906e-12 2.0659e-12
6.79343e-13 -3.96127e-13 7.51887e-15
-4.53314e-13 -4.41502e-13 -1.30613e-13
1.81242e-13 2.72848e-13 -5.37253e-14
-3.5046e-13 9.80209e-13 -4.18319e-13
-5.3368e-12 -5.10714e-12 5.5738e-12
-1.5347e-11 -6.04235e-12 -8.18609e-13
1.47481e-15 1.40793e-13 3.88708e-14
1.74789e-13 -1.03709e-13 -6.62694e-14
-1.05494e-11 -8.65342e-12 -3.86842e-12
-8.55267e-14 1.25429e-14 2.43442e-14
4.1824e-12 6.24836e-15 -1.54554e-12
2.32209e-12 2.60372e-13 -1.33079e-14
3.5049e-13 8.31299e-13 7.20224e-14
-8.68977e-13 -1.72895e-12 1.11056e-12
-1.22386e-12 7.7144e-13 -8.04939e-14
-7.81591e-12 3.70705e-12 1.12281e-12
-7.09566e-13 7.40915e-14 -1.75346e-13
-3.7768e-13 1.24779e-12 -6.35343e-13
7.16211e-12 -2.41926e-12 -3.24166e-12
-8.65215e-13 2.39932e-14 6.29924e-14
1.39521e-12 2.65216e-13 1.0886e-13
-7.76615e-13 3.97868e-13 -4.10237e-14
6.13966e-13 5.40641e-13 -5.99672e-13
3.05502e-12 -1.68756e-12 -2.48328e-13
1.746e-12 4.76765e-12 4.3056e-13
-3.66425e-12 1.72857e-12 -1.48086e-13
-1.73765e-13 2.02781e-13 -2.31619e-14
-6.05561e-12 -2.75732e-11 5.45306e-12
-1.40069e-12 8.38714e-13 -6.86657e-13
-7.35965e-14 -9.20998e-14 -2.0307e-14
1.39617e-12 -9.11043e-13 8.60121e-14
-2.48584e-13 1.44344e-13 -6.97775e-14
-2.48105e-13 3.93638e-13 -1.33137e-13
8.03649e-12 -2.53203e-11 2.03812e-13
-1.43217e-12 -1.74768e-12 3.6013e-14
-2.75638e-11 -1.93009e-12 6.39231e-12
-1.80492e-12 1.02048e-12 -6.3372e-13
-6.86561e-13 1.73575e-12 4.74665e-13
-7.88435e-13 2.74823e-13 -1.70128e-13
5.49597e-12 -2.81427e-12 3.92543e-12
-8.71689e-12 -1.52792e-11 3.36217e-12
-2.04912e-12 3.103e-12 1.22995e-12
7.92229e-13 1.785e-12 -3.74488e-13
-2.13321e-12 -1.7295e-12 1.29543e-12
1.07832e-17 -3.3708e-20 -8.23289e-15
-1.16203e-12 7.01593e-13 -3.0505e-13
-5.01701e-13 1.6651e-12 -3.0436e-13
1.67531e-12 1.75388e-13 3.58984e-14
-4.01435e-13 8.54879e-13 -5.1189e-14
1.24313e-13 1.30845e-13 -1.29952e-13
-2.41933e-12 -5.18295e-12 2.00583e-12
1.37726e-12 1.72579e-12 -4.0755e-13
-1.71807e-12 1.73229e-12 -9.81008e-13
-9.27797e-13 1.07572e-12 -2.20989e-13
-1.22163e-12 1.35004e-12 -4.40352e-13
-1.11841e-17 -2.53815e-22 8.53937e-15
-8.53419e-13 4.37903e-12 1.46317e-12
9.08039e-18 6.00969e-21 -6.93359e-15
-2.39414e-12 1.73909e-12 -8.12472e-13
-7.27726e-11 -1.23573e-11 -2.31991e-11
1.08978e-12 -2.18473e-13 -7.02701e-14
-3.23919e-15 2.15467e-14 2.81605e-13
1.37115e-13 -1.44102e-12 -1.0444e-14
-3.17293e-13 4.96412e-13 -6.92748e-14
-2.77385e-11 -1.19271e-11 1.75931e-11
-1.04358e-12 1.62136e-13 -3.21766e-13
6.78916e-20 -1.25024e-19 -9.8253e-20
1.15091e-13 2.31444e-13 -4.25872e-14
-1.96803e-13 -2.79452e-13 1.13772e-13
-1.9678e-16 4.1951e-15 -5.95621e-14
-1.55648e-13 1.16323e-12 4.16635e-13
8.48981e-13 -8.55432e-14 -1.29849e-13
1.02108e-12 5.98643e-13 2.63214e-13
-1.57588e-12 1.1762e-12 -5.33002e-13
-4.11076e-13 -1.50307e-12 3.1716e-13
-2.13321e-15 -1.41466e-14 1.86307e-13
9.08219e-14 1.01573e-12 -2.56832e-13
-8.01685e-13 1.37141e-12 -8.59788e-14
-5.8916e-12 1.65615e-12 -6.83004e-13
-1.06877e-12 9.85452e-13 -6.93789e-14
1.08157e-12 1.89781e-12 1.14479e-12
3.56482e-15 1.90827e-14 -2.18296e-13
-3.39065e-13 -5.66824e-14 -5.80199e-15
2.4819e-13 -5.39576e-13 5.72449e-13
1.9126e-12 1.68994e-12 -5.18228e-13
-2.2692e-13 2.09821e-13 -1.49263e-13
6.03114e-18 -1.91092e-23 -4.60544e-15
-1.36231e-11 -1.64436e-12 4.97193e-12
-3.62656e-10 1.59755e-13 -3.08485e-10
1.27328e-12 3.3477e-12 -1.68428e-12
-4.93431e-12 -1.16147e-12 1.78441e-13
9.13157e-14 1.27378e-13 -5.17396e-14
3.64899e-12 1.23406e-12 7.70927e-13
-5.18452e-13 4.80715e-13 -8.67183e-13
5.55895e-12 -9.32472e-12 -7.41527e-12
-5.43234e-12 -7.82506e-13 -5.04397e-13
2.72942e-12 -1.72995e-12 -2.62078e-13
-4.39405e-12 -9.76835e-13 3.58012e-13
9.46395e-13 2.00651e-13 -5.99087e-13
3.14742e-12 1.25281e-12 -1.88917e-13
-2.35386e-12 -8.66358e-12 1.93336e-12
-5.59904e-12 -2.48264e-12 1.76194e-12
-3.73886e-12 -6.07853e-13 4.36284e-13
-1.58025e-11 1.49753e-12 7.87106e-13
-7.57587e-12 1.67457e-12 7.94095e-12
-2.92472e-12 2.48208e-12 1.70299e-12
-1.0792e-12 4.11715e-13 -9.45131e-14
-6.09108e-12 -9.7854e-12 3.58038e-13
-3.08938e-12 6.22777e-12 1.67247e-12
-2.76873e-11 -7.67988e-12 -1.80362e-12
2.19046e-12 7.37869e-13 -9.77988e-14
2.46882e-11 4.72176e-12 -1.26605e-11
-4.94746e-14 2.61944e-13 -2.29265e-13
-8.9901e-13 1.99088e-13 -1.81055e-13
-3.07891e-11 -1.18565e-11 -6.52946e-11
-2.92861e-13 5.23849e-12 1.39032e-12
2.44324e-12 -1.09842e-12 -6.81549e-13
-3.77117e-12 3.54008e-12 1.1234e-12
1.01969e-12 1.03373e-12 5.27329e-14
-2.9817e-13 -7.32596e-13 -2.11697e-13
8.00801e-12 1.78693e-12 8.29245e-13
-1.71337e-13 -4.01506e-13 -9.95653e-14
-1.91324e-11 -3.77497e-12 1.12014e-12
-4.27686e-13 1.10188e-12 -5.71816e-13
-4.56173e-13 1.47016e-12 -1.3082e-12
1.79501e-14 2.02338e-14 -1.04734e-14
-6.04997e-12 -8.88904e-12 2.61309e-12
-4.92193e-12 -4.57383e-12 1.20279e-13
-2.50103e-10 -1.2757e-10 -1.47613e-10
1.09545e-12 -3.43311e-13 1.5974e-13
-1.0532e-12 6.94337e-13 -2.35376e-13
-1.12853e-11 2.34871e-11 1.17702e-11
8.74496e-13 9.63213e-13 7.41012e-14
-2.60727e-12 1.69839e-12 -3.10539e-13
6.46043e-12 7.22888e-13 3.04922e-12
-5.91755e-12 5.19634e-12 2.18149e-12
-1.60987e-12 -8.29979e-12 -4.41692e-12
-5.95771e-13 3.35544e-13 1.40602e-14
8.49634e-13 2.16398e-12 -3.78727e-13
-1.36456e-12 1.57558e-12 -1.92501e-13
1.04596e-11 5.08547e-12 1.15393e-12
-4.24638e-12 1.76352e-12 1.03157e-12
2.7824e-14 -3.01244e-13 -6.56808e-14
-5.40277e-13 2.48507e-13 -9.06892e-14
-4.02105e-12 1.74488e-12 5.88301e-14
-2.00613e-13 1.6813e-12 -1.59384e-12
-1.02533e-11 -4.01818e-12 -6.23191e-12
-2.61504e-12 -5.06579e-12 9.58558e-13
4.06335e-12 -1.80476e-12 -1.93201e-12
-1.35536e-12 -1.52088e-12 7.56163e-13
2.83411e-13 1.76489e-13 -2.1194e-13
-8.3304e-10 -1.76258e-10 -6.9085e-10
-3.20749e-11 -3.49479e-11 1.06995e-11
-1.39977e-13 -1.79207e-13 1.16951e-14
-8.49027e-13 -1.44307e-12 6.50273e-13
-1.37851e-12 1.7226e-13 -1.46158e-13
4.42386e-12 -1.69852e-12 1.14494e-12
-6.86872e-12 8.44915e-12 2.26843e-12
7.57744e-13 7.4241e-15 -2.4826e-13
-7.44541e-13 1.65584e-12 -3.20485e-13
5.02122e-13 1.69184e-12 -7.74389e-13
-7.66295e-12 1.51358e-12 -6.04375e-13
3.8533e-14 -7.17099e-13 -8.95601e-14
-3.28001e-12 1.73433e-12 -1.76589e-13
-1.59438e-11 -8.09464e-12 -5.26176e-12
-2.53179e-11 -9.68603e-13 4.21672e-12
3.03632e-12 -8.55883e-13 -1.62385e-12
3.13064e-12 -1.65709e-12 2.1237e-13
-9.46248e-18 -1.71086e-20 7.22451e-15
4.44413e-12 9.72274e-12 -1.15497e-12
-4.25276e-12 -1.74281e-12 -1.92461e-12
-4.63248e-13 2.47355e-13 -1.36224e-13
1.57019e-12 -5.10164e-12 3.33807e-13
2.01322e-12 1.18158e-12 2.09887e-13
6.95595e-12 2.57238e-11 6.05676e-12
6.65173e-13 -9.86145e-14 -3.56689e-13
-3.38347e-12 -9.84149e-12 9.13155e-12
-1.42305e-12 1.226e-12 -1.30257e-13
2.05738e-11 -5.04351e-12 -1.02478e-12
-1.55455e-12 1.1201e-12 -2.09227e-13
-2.72743e-15 -6.49969e-14 2.80781e-13
-2.6042e-12 -1.11551e-11 1.44538e-13
-8.16422e-13 4.27319e-13 -3.29001e-13
-1.05052e-11 -3.12418e-12 -5.55727e-12
2.72299e-13 -2.30698e-15 -8.58601e-14
-2.02401e-17 8.32667e-14 2.74514e-13
-3.1932e-12 1.77181e-12 1.36412e-12
-1.3454e-12 -7.87393e-12 5.67912e-13
-1.87761e-14 -4.34966e-15 -1.42063e-14
-1.00445e-11 -3.13851e-11 4.84752e-12
-1.41509e-13 2.33581e-13 -2.56415e-13
4.76462e-20 -2.63753e-20 -6.43215e-20
1.05985e-13 2.50179e-13 -2.24028e-13
2.66446e-11 -1.22553e-11 -1.48003e-11
1.27851e-12 1.26813e-12 -1.36541e-12
-9.99559e-12 5.38955e-12 2.26286e-12
-8.75576e-14 -2.51957e-12 1.84643e-13
1.66706e-13 4.96331e-13 -8.38315e-13
-2.7529e-11 1.15884e-11 9.1657e-12
-7.4031e-13 8.27538e-13 9.76616e-15
-4.29378e-12 5.72809e-13 3.50112e-15
-1.26201e-11 5.13403e-12 -4.8343e-13
-6.77809e-13 9.05809e-13 2.60339e-14
-5.89909e-13 5.67432e-13 -5.77316e-14
-5.48035e-12 8.62236e-12 2.09789e-12
-1.61721e-12 1.70437e-12 -7.84573e-13
-1.18391e-11 -1.84894e-12 1.55671e-13
1.04523e-11 -5.08625e-12 6.81143e-13
-1.04096e-11 1.41798e-12 -4.99066e-12
-1.77137e-11 1.4434e-12 -1.22783e-12
1.27409e-11 -8.59873e-12 -1.15239e-11
3.64528e-12 -9.9817e-13 -2.58018e-12
-3.05608e-12 -8.70675e-12 1.89731e-12
5.85836e-13 8.32707e-13 6.5851e-13
-2.87767e-12 -1.31254e-12 7.12442e-13
-6.32911e-13 1.67043e-12 -8.83737e-13
2.01226e-12 -1.99483e-12 5.36395e-13
-2.44766e-16 -2.91047e-22 -7.22357e-14
-2.00452e-12 -1.4635e-12 3.33926e-13
1.79358e-12 -1.22169e-12 -2.16836e-13
-5.03206e-13 1.06602e-12 -5.39611e-13
-7.6129e-12 1.29722e-11 2.80491e-13
-8.03758e-13 1.72259e-12 -8.48549e-13
-3.57565e-13 8.14981e-13 -4.27586e-13
-9.01721e-12 8.34547e-13 5.25377e-13
1.4385e-11 -1.19082e-11 -2.70178e-12
-2.74616e-11 8.31747e-13 8.86613e-12
2.00289e-11 -2.62546e-11 -2.7403e-11
3.64097e-12 1.63852e-13 -9.04969e-15
4.96632e-13 1.5902e-12 -5.6416e-13
-7.59483e-13 -6.99284e-13 -3.54447e-13
-1.94854e-11 8.03833e-12 -6.34701e-12
-1.46417e-11 -6.04814e-12 -2.57424e-13
1.29625e-12 1.58562e-12 -2.67811e-13
1.0907e-12 -1.59145e-13 2.2476e-13
1.15775e-12 -1.78248e-12 -4.61147e-12
5.52308e-18 2.2971e-20 -4.21679e-15
-3.31665e-12 1.74086e-12 -4.83389e-13
-1.70679e-11 4.7881e-12 3.76688e-12
-3.51974e-12 8.21268e-13 -2.59804e-13
-1.27918e-12 1.01524e-12 -5.11626e-13
7.62032e-13 1.7398e-12 -7.62672e-13
-8.87397e-13 1.75467e-12 5.4225e-13
3.47361e-12 1.60155e-12 -2.10734e-12
-6.8494e-16 3.99396e-14 -1.4128e-14
2.19398e-20 -3.57806e-21 1.06576e-20
-2.2149e-13 1.13759e-13 -1.35238e-13
-1.70652e-12 1.28139e-12 -2.96768e-13
5.97156e-13 6.56719e-13 -1.1533e-13
-7.65782e-13 3.84804e-13 -3.23594e-13
3.42711e-12 1.44304e-11 3.56423e-12
-2.57656e-11 -4.00431e-11 -4.15549e-11
-1.15157e-11 -5.14417e-12 3.99605e-12
-8.69872e-13 -2.07497e-13 -2.75189e-13
-7.08269e-13 1.22343e-12 -3.36816e-13
5.34393e-12 -4.87059e-11 -2.60923e-11
-7.96024e-13 1.90204e-13 -1.8272e-13
-1.55689e-12 -5.64872e-13 -1.549e-13
-7.47897e-15 -1.80178e-15 4.74159e-15
-6.31442e-19 7.78888e-20 4.82091e-16
-5.07569e-13 1.72152e-12 6.17263e-13
-1.93404e-12 2.99587e-12 -1.17528e-12
-2.78696e-11 -4.22667e-12 -8.52634e-12
-8.85628e-13 3.27619e-12 1.78761e-12
-3.84482e-12 -1.9605e-12 -1.07022e-13
-5.73765e-13 1.11469e-13 -6.88759e-14
-3.53685e-13 4.8402e-13 -5.36911e-14
1.14349e-12 -8.03403e-13 4.45765e-13
1.12358e-12 6.52032e-14 -6.73664e-13
-1.27743e-12 2.99508e-13 -1.54716e-13
1.56224e-14 1.69618e-12 -8.88219e-13
-1.22834e-12 1.04277e-12 -3.75138e-13
1.44486e-11 -3.50755e-12 2.0572e-12
-1.10985e-11 -1.22017e-11 2.49194e-12
-1.11184e-11 5.59103e-12 -4.35036e-13
-6.56981e-13 -1.03425e-12 1.62463e-12
7.77138e-13 7.90447e-13 -7.7608e-13
-1.18025e-11 -7.86695e-12 -6.50338e-12
1.52704e-15 -3.68197e-14 -1.58621e-13
-2.83812e-11 9.79693e-11 2.00798e-11
3.8986e-15 8.83658e-15 5.56235e-14
-7.46084e-16 1.79853e-14 7.74819e-14
-9.54635e-12 2.56272e-11 4.13371e-12
-5.19853e-12 9.01879e-13 6.12617e-15
-1.84052e-11 1.81544e-12 9.66071e-13
2.68668e-12 -1.90781e-11 -1.5183e-12
6.68972e-12 -8.67004e-12 3.69671e-12
-2.10611e-12 6.63975e-14 4.87035e-14
-1.65291e-12 1.30941e-12 -3.20688e-13
-7.06329e-12 4.37996e-13 -5.92976e-13
-1.76291e-11 -1.91372e-12 8.38804e-12
7.09297e-12 -2.80352e-12 -1.76754e-11
-2.54253e-12 1.0936e-12 -2.35611e-13
-4.98231e-13 -4.82782e-13 1.27393e-13
-2.76146e-11 1.60007e-11 -1.9077e-11
2.34827e-12 7.623e-13 2.16474e-13
-2.23665e-12 -1.94327e-12 1.30102e-12
-2.25596e-12 1.72837e-12 7.99098e-13
-6.42437e-13 5.2001e-13 -3.63678e-14
7.0161e-12 1.4177e-12 -1.60214e-12
-4.69557e-12 -2.71693e-12 -6.41941e-13
3.7936e-13 1.2398e-12 -7.02423e-13
8.06509e-20 -8.11019e-20 -1.68064e-19
2.08277e-12 5.15967e-12 1.46367e-14
6.70444e-13 -2.07055e-12 -3.90015e-13
6.41744e-12 5.56518e-13 -2.75965e-13
-4.72597e-13 -6.49634e-12 1.81006e-12
3.50551e-12 -5.19864e-12 -8.05406e-13
-1.26534e-13 1.25241e-13 -6.46901e-14
-2.13278e-15 -1.41467e-14 1.86308e-13
-1.48836e-11 -4.65391e-12 1.30576e-12
-4.07081e-13 -6.57645e-13 -2.2046e-13
-2.91665e-10 1.37148e-10 -9.29446e-11
-1.71436e-13 -1.5058e-14 2.14466e-15
-4.55569e-13 1.08961e-13 -6.03979e-13
-8.93771e-12 7.4972e-12 2.84377e-12
-7.11837e-13 2.49747e-13 -1.59878e-13
2.05016e-12 -1.80845e-14 -5.08752e-13
-8.1748e-12 -2.224e-11 1.65346e-12
-2.1302e-12 -1.10953e-13 -2.90728e-13
-2.13847e-13 1.15844e-12 -5.76801e-13
-9.71382e-13 1.14549e-12 -7.70758e-13
-2.52863e-13 -1.1829e-12 -2.4341e-13
-1.97887e-12 1.19865e-12 1.74574e-14
-2.18149e-11 8.49165e-13 -9.56599e-13
-9.59122e-13 1.97172e-13 -7.0746e-13
-1.6059e-11 2.73754e-12 5.90752e-12
-5.10912e-12 1.39696e-11 -2.06656e-12
-5.4162e-19 -1.30208e-19 4.82082e-16
-2.53513e-12 1.73592e-12 2.92275e-13
-3.85133e-13 -1.50771e-12 -9.28637e-13
-1.42648e-12 1.08343e-12 9.74413e-14
-4.43232e-14 -1.80908e-14 -9.02636e-15
2.78264e-11 -7.72499e-11 4.59304e-11
-4.33455e-12 -1.70084e-12 -1.68488e-12
2.64535e-12 -1.04865e-12 -5.30526e-13
-2.55885e-12 1.13565e-12 -6.54755e-13
-2.4476e-16 1.33306e-21 -7.22337e-14
-8.41974e-13 4.22409e-12 -6.70358e-13
-2.29999e-12 5.18714e-12 1.58781e-12
-2.76725e-11 5.44512e-11 -3.17449e-11
-1.28799e-12 9.13757e-13 -3.5221e-13
-2.54321e-13 1.29187e-12 -7.09471e-13
-6.08492e-12 -8.85895e-12 -4.91916e-12
2.71782e-12 -9.92852e-12 5.25056e-12
-1.18662e-12 1.74351e-12 7.43173e-13
1.54181e-12 -7.98673e-14 1.36646e-13
4.2659e-20 -3.53276e-19 -1.73353e-18
-3.68867e-13 1.76779e-13 -6.18543e-14
-2.40998e-12 1.00558e-12 -4.88362e-13
3.81214e-13 6.84626e-13 -6.92474e-14
-2.03899e-12 -8.08412e-13 9.94527e-13
-6.43351e-12 -2.94197e-12 -5.91872e-12
-3.11943e-12 1.04246e-12 2.25288e-13
-1.07385e-12 1.11393e-12 -3.27542e-13
-3.8751e-12 1.73974e-12 -3.23317e-13
2.44203e-12 -9.75012e-13 -1.94567e-13
6.13867e-13 8.41255e-13 1.35467e-13
-7.50276e-12 -5.19359e-12 -2.98134e-12
-9.6616e-18 -9.16955e-21 7.37626e-15
6.11292e-12 1.59595e-12 -3.79412e-12
6.44772e-16 4.27582e-15 -5.63117e-14
1.17174e-13 -1.7277e-12 1.61836e-12
-3.3167e-13 -3.92393e-14 3.05425e-13
-5.57751e-12 -1.7597e-12 -8.53153e-13
-5.36204e-14 3.50045e-12 3.5282e-13
-1.93477e-12 8.24128e-12 1.22287e-12
-5.69251e-18 -5.32235e-22 4.34637e-15
1.56217e-11 2.67889e-12 2.30886e-13
-1.14223e-11 3.60765e-12 -1.1357e-12
-1.36982e-12 1.09105e-13 -1.14965e-12
-3.14891e-12 1.71699e-12 -2.51159e-13
-1.83708e-12 1.45147e-12 -7.67722e-13
2.30032e-13 5.86503e-12 2.17298e-12
-1.90429e-13 4.29955e-13 -3.64238e-13
-2.71931e-12 1.7639e-12 1.35607e-13
-1.20456e-16 1.37981e-14 5.47722e-14
1.71352e-12 -1.27104e-13 4.98524e-14
2.8537e-12 -9.98018e-13 -4.48314e-13
-2.57325e-12 1.11763e-12 -2.56208e-13
-1.16086e-12 1.96804e-13 -6.49322e-14
2.09151e-14 -7.97959e-15 -4.46183e-14
3.03917e-13 -6.40545e-13 -1.85944e-13
-1.71115e-11 1.44045e-11 -3.30118e-12
7.62964e-12 2.05898e-11 -2.20631e-12
1.78946e-13 9.34832e-13 -5.84174e-13
2.588e-11 3.19324e-12 -2.32549e-12
-1.08066e-11 1.6481e-12 -7.25378e-13
-9.87673e-11 -3.95019e-11 -4.86903e-11
-2.24332e-12 1.60443e-12 -5.86123e-13
2.87529e-12 -4.072e-12 5.06878e-12
-6.74854e-20 5.81806e-21 -2.47041e-20
-7.45647e-16 1.7985e-14 7.74801e-14
1.76747e-17 4.01255e-17 2.53034e-16
-4.03473e-12 2.64323e-13 1.1868e-13
-1.65468e-13 -6.18341e-14 3.58903e-14
-3.13682e-13 2.9184e-13 2.54521e-13
-3.01495e-10 -2.49674e-11 -2.81284e-10
-1.08493e-12 1.6665e-12 -3.93264e-14
6.86419e-13 -5.15643e-13 -2.04607e-12
3.11633e-13 8.70326e-13 -5.93437e-13
7.24703e-14 -3.59753e-15 -3.44802e-13
-1.24388e-12 1.19233e-12 -3.26895e-13
-3.18575e-12 9.06806e-12 -2.82052e-12
1.01317e-15 -6.73956e-15 -8.80823e-14
-2.94676e-12 -1.39415e-12 -2.20414e-12
6.44406e-12 -5.47358e-12 -9.18864e-12
-1.76681e-12 -1.48949e-12 8.87299e-13
-1.91734e-12 2.43491e-12 9.63863e-13
-1.05744e-12 3.01115e-13 -2.5666e-14
-9.73796e-12 -4.90018e-12 -1.0711e-12
1.12632e-11 1.51531e-11 -1.39035e-12
-1.13888e-11 -1.64715e-13 -4.10703e-12
-8.7033e-13 2.69605e-13 -3.51244e-13
5.53709e-12 -3.83513e-12 9.367e-13
-2.01856e-11 2.12621e-11 6.86122e-13
-7.98253e-13 8.5269e-15 -6.71323e-13
6.09045e-13 -4.3041e-13 -1.94915e-12
9.46337e-12 -1.22644e-12 -5.9397e-12
-2.738e-11 1.69363e-11 1.02754e-11
1.09597e-12 1.17518e-12 -1.87504e-12
-1.32499e-13 -7.53572e-14 -4.07233e-14
-5.7685e-11 -1.53236e-10 -3.21167e-11
-3.15927e-11 -1.11406e-10 -6.87065e-11
-9.35964e-12 -1.42762e-12 -2.03635e-12
6.49684e-13 -1.09033e-11 -3.73644e-12
-6.63774e-16 8.05698e-22 -1.95892e-13
3.77219e-12 -1.7293e-12 -2.38497e-12
2.88601e-13 -7.56142e-14 -5.77636e-13
1.86934e-11 -1.33303e-11 -1.59829e-11
-1.27945e-11 -4.28281e-12 2.30366e-13
9.03698e-13 -7.57939e-13 -1.07546e-12
-5.80369e-12 -2.12621e-12 -6.8147e-13
2.72663e-11 -9.12661e-12 1.52966e-11
-3.31188e-11 -4.911e-12 1.18024e-11
-2.95049e-12 1.72943e-12 4.78566e-13
-7.19528e-19 1.28981e-19 4.82082e-16
-2.16775e-14 1.62628e-12 -6.29122e-13
2.77312e-11 -3.24817e-11 -3.21077e-11
7.57068e-13 -5.31031e-13 -1.01749e-13
2.80767e-20 9.55722e-20 -7.23574e-20
-1.60313e-12 6.13556e-13 -5.91478e-13
-1.3556e-12 -1.34109e-12 -7.04205e-13
1.44604e-13 -5.67046e-13 -1.78854e-13
3.01005e-12 1.60918e-12 -9.63876e-14
1.87176e-11 -6.5169e-12 -1.04224e-11
1.21997e-12 1.0689e-12 -3.60829e-13
-2.12898e-11 -3.09847e-12 -3.41712e-12
-2.84744e-11 5.63986e-12 1.13786e-11
1.28764e-19 -2.17513e-20 -7.46284e-20
6.39093e-12 -2.49776e-11 1.00363e-11
2.44629e-12 1.63283e-12 -1.09738e-13
-2.67128e-12 1.76771e-13 -2.29465e-13
6.58091e-13 1.71892e-12 1.78276e-12
4.22021e-12 -1.86173e-12 -2.36926e-12
-3.27767e-13 1.59231e-12 -4.63987e-13
-1.10873e-11 -6.4325e-12 -2.21493e-11
1.37515e-12 5.62313e-12 3.93462e-12
-4.59694e-13 -7.53498e-13 -2.73748e-13
5.41701e-12 4.0106e-12 -3.66313e-13
-3.28884e-11 -6.18765e-11 -3.72799e-11
-8.10286e-13 8.03588e-13 -7.08966e-14
-3.38772e-12 7.90388e-13 5.2523e-14
-2.75531e-12 -6.20903e-13 -2.16909e-12
5.881e-12 -1.51235e-11 -6.79998e-12
2.704e-11 -4.91196e-11 5.56667e-11
-2.78032e-11 -2.37246e-11 2.58113e-12
-1.82176e-15 1.2118e-14 1.58376e-13
-5.64562e-13 5.9206e-13 5.42273e-13
6.6845e-19 1.04271e-19 -1.06614e-18
-1.61638e-11 -1.30604e-11 3.9194e-13
-6.48668e-13 8.3505e-13 -5.78033e-13
2.77521e-11 -1.99156e-11 3.07336e-11
2.05594e-15 1.36333e-14 -1.79547e-13
-3.83403e-12 -1.81359e-13 -1.00986e-12
-5.23505e-12 -1.87593e-12 -2.20572e-12
-4.00131e-13 -1.2875e-12 1.80225e-13
4.42116e-12 1.93297e-13 -2.64326e-12
3.75862e-12 -1.65078e-11 -4.38747e-12
6.53684e-13 2.18291e-13 -9.52154e-13
1.65965e-11 -1.28634e-11 -3.12519e-12
-2.34763e-12 4.18605e-13 -2.4785e-13
-2.21477e-12 -1.69258e-12 -2.18541e-12
-4.25118e-20 3.01669e-20 -2.01329e-19
-1.18408e-19 1.81434e-19 -8.55388e-20
9.41594e-13 1.6263e-12 2.71426e-14
-1.7745e-12 5.03853e-12 -5.28395e-13
-7.69781e-11 -9.37816e-11 -6.9482e-11
-4.24876e-12 -1.95987e-12 2.90373e-12
-6.5609e-12 -2.93217e-12 8.7271e-13
4.82504e-13 4.7015e-13 3.22895e-13
-2.157e-13 -3.32419e-13 -2.58692e-13
-1.22705e-12 8.64504e-13 -5.41279e-13
-1.02884e-12 1.19203e-12 -3.25053e-13
-1.75268e-13 -1.77004e-12 -2.02495e-12
1.25577e-13 -3.90056e-13 -2.22204e-13
4.79789e-11 -1.73058e-11 4.20792e-12
-2.77095e-11 -3.01701e-11 -2.23107e-11
-2.62098e-11 -2.88936e-12 -1.61336e-11
-2.32182e-11 -1.98268e-12 1.39951e-12
-5.14138e-12 5.07891e-12 1.19499e-12
9.30295e-14 -3.88317e-13 -1.85336e-12
-2.65715e-13 -1.0795e-12 3.52862e-13
1.16877e-11 -1.07663e-11 -3.75699e-12
-2.63303e-12 1.72772e-12 9.6453e-13
-2.28823e-12 1.32785e-12 -1.07786e-12
2.76318e-11 -2.4297e-11 -7.96954e-12
7.90179e-12 1.40493e-11 -2.75361e-12
-1.929e-12 6.30928e-12 1.58917e-12
-5.35838e-13 3.06016e-13 -2.62825e-13
1.78756e-15 4.25939e-14 -1.84002e-13
-4.42513e-12 -2.13351e-11 -4.9384e-12
-3.15839e-12 1.62483e-12 -4.67878e-13
-8.6456e-13 -9.73627e-13 3.56446e-13
-8.0452e-13 1.76833e-12 4.6868e-13
-2.65885e-11 -5.38429e-12 -9.15632e-12
4.63117e-21 -6.30111e-20 -3.19534e-20
-2.61157e-12 1.60363e-12 -8.67894e-13
1.33611e-13 -7.8973e-13 -3.14246e-13
-1.86137e-13 9.40428e-14 -3.02958e-13
-6.47157e-13 1.45687e-13 -5.76256e-13
-2.0006e-11 2.29646e-11 -5.74616e-13
4.5108e-12 -1.48839e-12 -7.32391e-12
8.49028e-13 -5.94449e-12 -1.16125e-12
3.27744e-12 3.95557e-12 -2.0293e-12
-4.55854e-12 -1.72231e-12 -2.42708e-12
9.49113e-18 -1.37483e-20 -7.24676e-15
4.96338e-12 2.42311e-12 -4.07282e-13
-3.02238e-12 -8.75329e-12 -6.16062e-12
-2.15769e-12 1.69382e-12 -4.43261e-13
-2.13537e-12 4.87246e-13 -2.33803e-13
1.7474e-14 3.76093e-13 -7.51728e-13
8.21118e-12 -8.57382e-12 7.67852e-12
-1.79762e-12 3.90495e-11 -3.48693e-12
-5.52704e-13 1.70654e-12 -2.69022e-12
3.65886e-12 1.52904e-12 -8.04381e-13
6.47276e-12 -4.44025e-12 -3.543e-12
-4.47474e-13 -5.45617e-13 -4.17367e-13
-1.07661e-12 -2.39669e-12 -2.80339e-12
-3.02137e-12 6.93126e-14 -2.51126e-13
-1.78228e-12 1.0785e-12 -6.20994e-13
-2.68177e-11 1.84658e-11 2.84115e-11
3.30312e-12 7.95776e-13 -2.62798e-13
-2.90306e-12 -5.47687e-13 -1.03841e-12
-2.6399e-12 1.72047e-12 2.3627e-13
1.47616e-13 -1.62127e-12 -5.79622e-13
-7.67926e-13 -3.74046e-12 -3.40823e-12
-1.22526e-11 1.07458e-12 -6.11896e-13
7.33278e-12 8.77067e-12 -5.10578e-12
-3.08898e-12 -1.5902e-11 2.50244e-11
9.06e-14 5.03435e-14 2.15791e-15
2.78744e-11 -7.96867e-11 5.33185e-11
-1.72972e-12 6.4005e-13 -1.19064e-13
-1.01992e-13 -3.20133e-12 -4.65533e-12
-7.22206e-16 -4.78923e-15 6.30733e-14
5.93586e-11 -1.24226e-10 6.06418e-11
-2.17652e-12 3.34799e-13 3.35151e-13
6.92645e-13 -5.17314e-13 -1.59066e-13
-4.35504e-12 -1.3968e-12 -7.98722e-13
-2.7278e-12 -6.129e-14 -3.57036e-13
3.07448e-12 -1.05544e-12 1.01707e-12
1.79828e-12 -1.04487e-12 -1.21937e-12
-1.12706e-10 3.33142e-10 3.60519e-11
-2.24252e-11 -1.01761e-11 -8.46957e-12
8.44868e-12 2.17959e-12 -1.12294e-12
3.45552e-12 -1.03181e-12 -2.36469e-12
-1.3369e-12 2.46238e-13 -1.34261e-13
1.99706e-13 -1.32224e-12 1.78604e-12
1.9831e-11 -1.25912e-11 1.78021e-11
-2.20427e-12 -7.20944e-14 -1.07182e-12
4.61765e-19 -2.5941e-21 -3.5236e-16
-1.08435e-12 -1.55746e-12 -1.96929e-12
2.13576e-12 -1.1254e-12 -2.61887e-12
-1.01906e-19 -4.25578e-20 -5.39403e-20
-2.71635e-12 -8.25439e-13 -1.27857e-12
3.78976e-14 1.10814e-12 -1.36475e-13
-4.60347e-12 -6.13984e-12 -1.36131e-12
-7.08457e-14 1.63454e-12 7.3652e-13
6.37058e-12 -9.30361e-12 -4.69386e-12
-4.39598e-12 8.61185e-12 -7.36927e-12
-6.11911e-12 -7.44924e-12 7.33345e-12
-9.46229e-18 3.54686e-20 7.22451e-15
-2.52524e-12 1.17303e-12 -4.42775e-13
-7.45893e-13 6.83729e-13 -7.5941e-13
1.75543e-12 -3.28966e-12 -2.67947e-12
-1.95141e-12 -7.49112e-12 -4.15029e-12
-1.40821e-12 1.72272e-12 -1.42487e-13
-6.83134e-12 -1.41796e-12 -1.59687e-12
-1.24967e-12 1.34436e-12 -2.70981e-13
-3.22543e-12 -1.29399e-11 -8.62694e-13
-7.06801e-12 -4.08394e-12 -1.43813e-12
-2.29027e-13 -4.86291e-13 1.81311e-13
4.46933e-13 1.34123e-12 6.71937e-13
-2.29044e-12 6.34567e-12 -1.95089e-13
-3.89482e-11 -2.07389e-10 2.74923e-12
-7.061e-13 6.64529e-13 -5.58996e-14
4.20779e-13 -3.7589e-12 2.07159e-12
4.4296e-18 1.77223e-20 -3.38226e-15
-1.5685e-11 -9.0578e-12 -1.46875e-12
1.32701e-13 -9.57545e-13 -2.00083e-12
-1.5354e-19 -4.22695e-20 2.08699e-20
2.99888e-13 -1.65199e-13 -2.24836e-14
-1.95925e-13 -5.08258e-13 -5.61693e-14
-3.45232e-13 1.36586e-13 -6.51342e-13
-2.85987e-12 3.62834e-14 -3.12269e-13
-1.42832e-11 -5.54376e-12 -5.62724e-12
2.38596e-11 8.72315e-12 6.06044e-12
9.76456e-14 2.57679e-13 -2.26396e-13
6.95221e-12 2.68982e-12 -2.6338e-12
-3.84639e-12 5.46201e-13 1.95645e-13
-1.50272e-12 6.69532e-13 -1.12893e-13
-1.31034e-12 8.01081e-13 -1.21557e-12
-2.79255e-11 2.95328e-11 -1.86414e-10
1.17599e-11 5.76555e-12 -6.9271e-12
1.22085e-12 -1.0747e-12 2.15758e-13
-1.11712e-11 -4.68093e-12 -4.33891e-12
-9.01738e-12 -7.24821e-12 -3.72876e-12
7.5207e-11 2.18402e-11 -1.84718e-10
6.05025e-12 -3.2122e-13 -2.49044e-12
3.2466e-13 -8.15554e-13 -1.24195e-13
-3.17071e-12 1.71742e-12 -5.46089e-13
-1.83483e-12 6.96356e-15 -1.89879e-13
-8.1669e-13 1.36827e-12 -2.1472e-14
-1.28e-12 3.5702e-13 -1.20163e-13
-1.24346e-09 -9.29255e-10 -1.32648e-09
1.21098e-12 6.80064e-13 -1.66549e-12
2.74063e-13 1.82141e-13 5.19123e-14
-6.26759e-11 -1.22095e-10 -7.15704e-11
4.11006e-12 1.26982e-12 -3.89821e-13
-4.3868e-12 2.71787e-12 -1.50082e-12
9.49168e-18 2.83191e-21 -7.24676e-15
2.75661e-11 -5.99448e-12 2.28703e-11
6.2557e-13 -8.7129e-13 -3.93582e-13
-5.45957e-10 -1.02028e-10 -4.91448e-10
-2.42161e-12 -2.02359e-13 -4.28051e-13
-6.58341e-13 -6.22547e-13 -1.36789e-12
2.24429e-12 1.69968e-13 -4.05401e-13
-1.46442e-12 -5.74182e-11 4.42033e-12
-8.44855e-14 1.50865e-11 -2.60857e-12
1.2576e-12 1.11092e-13 -5.06333e-14
-1.04438e-15 4.15213e-14 1.05847e-13
1.91841e-12 -5.81243e-13 9.48719e-15
1.21842e-13 3.55213e-13 6.62038e-14
2.39484e-12 -1.47766e-12 -1.32593e-12
7.10672e-13 -1.70909e-12 -5.66569e-12
6.41013e-12 1.30616e-12 -3.03576e-12
-2.85973e-13 -1.36359e-12 -3.13431e-13
-1.24547e-12 1.73158e-12 5.9357e-13
-1.43443e-12 -7.55513e-13 -7.92667e-13
2.43042e-15 -1.61684e-14 -2.11313e-13
-1.78621e-12 1.40827e-12 1.82391e-13
4.31017e-13 -2.37653e-13 -4.69843e-13
1.22267e-12 7.69602e-13 -7.19827e-13
2.77784e-11 -4.98092e-11 -6.02983e-11
1.0783e-17 -1.14987e-19 -8.23297e-15
4.80139e-13 -2.95738e-12 1.21413e-12
1.19613e-19 -4.99555e-20 3.6284e-20
3.86714e-12 5.40177e-13 -5.88373e-13
1.60527e-12 -9.7531e-13 -2.41273e-12
-1.66442e-11 -7.59468e-12 -4.04159e-12
1.344e-12 1.71804e-12 8.35709e-13
-2.14006e-12 1.31039e-12 -3.79917e-13
-8.85919e-12 -5.24929e-12 -5.01622e-12
-1.19882e-12 -3.97104e-12 8.72626e-13
3.4209e-13 1.33764e-12 4.75426e-12
-2.21272e-12 2.80826e-13 -7.60631e-14
1.71639e-12 -4.68857e-13 -1.9949e-12
1.05848e-17 -2.47351e-23 -8.08106e-15
2.7914e-13 -1.42674e-13 -9.11702e-13
-4.61915e-13 -1.73666e-12 -4.12928e-12
1.52737e-15 -3.68192e-14 -1.58619e-13
1.14288e-12 -1.40559e-12 -1.83865e-13
7.33891e-12 -2.67464e-12 -4.86848e-12
-1.16199e-11 -1.33655e-11 -3.60496e-12
5.60716e-12 -1.90785e-12 -2.02475e-12
4.05922e-12 -5.94565e-13 -1.7629e-13
2.37255e-12 -1.32609e-13 -3.36442e-13
-2.24131e-12 -2.34365e-12 -2.48304e-12
1.53224e-11 -1.35186e-11 -2.45096e-12
-1.19155e-11 -3.39064e-11 5.0676e-12
4.17629e-13 -1.71262e-12 -7.57843e-13
1.5909e-09 1.44848e-10 1.27165e-09
-1.46532e-12 1.48824e-12 -9.0576e-13
1.52052e-12 -1.10519e-12 4.38151e-13
-1.09561e-12 2.38927e-12 -1.02475e-12
-4.26402e-12 -2.54905e-12 -1.7169e-12
3.77495e-12 4.54293e-12 8.07375e-12
-4.13614e-12 -3.01614e-12 -4.142e-12
2.26478e-13 1.29865e-12 -1.05563e-12
-5.63837e-14 6.20989e-13 8.62148e-14
-6.3713e-13 5.47319e-13 2.12522e-13
-3.45116e-12 1.4018e-12 -3.54331e-13
-3.51446e-13 1.71834e-12 -5.24276e-13
-1.7873e-13 1.32538e-12 -1.02382e-12
1.24302e-13 1.72412e-12 1.03079e-12
-1.11043e-11 -9.47942e-13 -7.1554e-12
1.44851e-12 1.10322e-12 -6.98559e-13
2.55705e-12 -1.91768e-12 -2.42114e-12
-6.64512e-13 8.90637e-13 5.86233e-14
-6.91939e-14 -1.22805e-13 1.27343e-14
-5.89764e-12 -5.03812e-13 1.07431e-13
3.53211e-12 -1.33142e-11 1.12037e-12
-1.8126e-12 9.62186e-13 5.96104e-14

VECTORS force float
1.11684e-16 -4.65483e-16 -2.25069e-16
2.03191e-17 8.08725e-17 2.8037e-17
3.75458e-17 -3.7347e-17 -1.29128e-17
-2.98609e-17 -1.95211e-18 -1.8308e-17
1.36637e-17 -1.78216e-17 -7.32359e-17
2.64154e-17 -3.89843e-17 -2.34651e-17
-6.46235e-27 -3.6051e-26 0.0
-1.05789e-16 5.53453e-17 1.66057e-17
7.60566e-17 -5.9618e-17 -4.064e-17
-1.65436e-24 0.0 0.0
1.93116e-17 6.41593e-18 -4.76136e-18
0.0 -1.27687e-27 0.0
-3.88443e-17 1.50234e-17 5.15005e-17
-4.42687e-17 8.95838e-17 2.75367e-17
1.80824e-17 5.87961e-17 -3.05236e-17
-1.3117e-16 2.82856e-17 -6.58506e-18
2.5594e-17 -8.91393e-17 3.63266e-18
2.86163e-17 5.52535e-18 1.21096e-17
2.70045e-19 6.95987e-18 1.55339e-17
2.65942e-19 1.32753e-17 -8.36726e-18
-1.09643e-16 2.5737e-16 -3.60953e-17
4.83676e-17 2.63154e-17 1.54326e-17
3.33484e-17 -2.38624e-17 -9.02354e-18
-1.21778e-16 -3.34685e-17 -9.17539e-17
2.75329e-17 4.23919e-18 6.10986e-18
-1.46341e-16 -3.14065e-17 6.27584e-17
-7.05945e-18 -8.48065e-17 1.08407e-16
3.30539e-18 2.61654e-17 -4.87843e-17
-2.3788e-17 -4.62591e-17 -2.4406e-17
1.65719e-17 1.25775e-17 2.55696e-18
-7.10834e-18 -2.97802e-17 -8.83498e-18
6.09089e-17 -1.04883e-16 -1.42875e-16
-6.56049e-18 2.64896e-17 7.45545e-18
9.00627e-17 -1.38787e-16 -6.73774e-17
4.64328e-18 -4.34388e-18 -7.9605e-18
-8.20902e-18 4.31548e-17 3.93684e-17
1.29628e-16 7.78518e-17 -4.795e-17
1.03607e-17 -2.82498e-17 1.93e-17
0.0 3.11294e-27 0.0
1.13381e-17 -7.36712e-18 -1.43874e-18
1.19446e-17 -3.67461e-17 -2.79648e-18
3.8999e-17 -4.65024e-17 2.68779e-17
3.07013e-17 -8.83929e-18 -3.27272e-18
-1.09224e-16 1.09946e-19 -1.2779e-16
-1.16061e-17 2.07982e-17 9.72269e-18
-1.02449e-16 -8.09898e-18 -3.0617e-17
-1.46631e-18 -1.37784e-18 -5.77021e-19
1.25229e-16 3.43992e-16 -2.1679e-16
-6.65413e-18 -9.81914e-18 -1.01492e-17
2.92217e-16 1.72486e-17 -3.77733e-17
1.31573e-17 6.35863e-17 5.09251e-17
-1.18561e-17 -3.33471e-17 -3.47961e-18
2.92503e-17 1.27961e-16 -3.64893e-17
-1.40621e-23 -1.65436e-24 0.0
6.4364e-17 -1.78704e-17 -8.51314e-18
-2.71571e-17 3.85968e-18 -1.9837e-17
7.78824e-18 1.42367e-18 6.95057e-18
-1.69558e-16 -9.62337e-17 -8.58068e-17
1.12775e-17 8.94904e-19 -8.54464e-19
-2.29322e-17 -4.07403e-17 4.33739e-18
-2.08966e-18 4.4793e-18 -7.57671e-19
2.6149e-17 -3.17668e-17 3.26096e-17
3.93428e-17 -6.55494e-17 -3.66998e-18
0.0 -3.34717e-24 0.0
-2.62615e-17 -1.17205e-17 3.17741e-18
-1.70606e-23 9.92617e-24 0.0
4.13886e-17 -3.84567e-17 1.07781e-17
2.77506e-17 2.85827e-16 -1.30213e-17
3.78937e-17 6.26624e-18 -1.02835e-17
3.87602e-17 -1.0053e-18 -7.02178e-18
1.04867e-17 -2.45305e-17 -5.17354e-18
7.07582e-18 6.56615e-18 -7.47104e-18
5.15856e-17 -1.16515e-16 -1.52447e-17
9.12666e-17 1.54816e-16 -9.62954e-17
1.35474e-16 3.54577e-16 -5.37402e-17
-2.57864e-16 -6.84972e-16 -1.66971e-16
1.06157e-17 -4.46384e-17 -1.0987e-17
-2.73438e-17 1.63743e-17 1.98415e-17
0.0 1.65436e-24 0.0
-6.36069e-18 -9.58185e-18 -1.0671e-18
9.97622e-18 1.31629e-17 1.94319e-17
4.56637e-18 -5.87256e-18 -1.51453e-17
-4.15032e-17 -8.16153e-18 -3.31649e-17
2.29059e-16 -2.64891e-16 -5.81079e-17
-1.4527e-16 -1.05909e-16 -5.33118e-17
4.59384e-17 -1.16097e-16 -3.13529e-17
-5.65369e-17 1.75184e-18 1.3669e-17
-1.16964e-16 -1.00935e-16 6.58496e-17
1.44249e-17 -4.20391e-17 -9.92246e-18
-1.78241e-17 1.36448e-17 -9.39532e-18
-3.60791e-16 -1.83872e-16 1.85942e-16
1.16386e-16 6.90001e-18 -7.60405e-17
-6.46235e-27 5.5733e-28 0.0
8.18382e-17 -5.04564e-16 -1.82719e-16
-1.67302e-17 1.24891e-19 1.09042e-17
-2.58494e-24 0.0 0.0
1.29254e-17 9.06384e-17 7.29331e-17
-9.08208e-17 1.06355e-16 -4.51603e-17
-2.2309e-17 -1.07291e-18 -1.69381e-17
3.04706e-16 -4.45698e-15 -7.31421e-16
-2.26222e-17 2.1513e-18 1.26959e-17
6.36702e-17 -1.27594e-17 1.94112e-17
1.17522e-18 -1.68385e-17 -4.06955e-17
-6.46235e-27 -2.36447e-25 0.0
-2.08616e-17 4.63599e-17 4.70915e-17
1.28418e-16 1.91823e-16 -1.13523e-16
2.48561e-17 -3.2449e-17 -3.20169e-17
5.15336e-17 -5.28152e-18 1.51362e-17
3.51909e-17 3.83605e-17 2.80882e-18
1.63101e-16 1.12262e-17 -6.81918e-17
-3.10259e-16 -3.29189e-17 1.10995e-16
1.0265e-16 1.28994e-16 1.3809e-17
-1.63981e-18 -7.41305e-18 1.65689e-17
-2.11584e-16 3.43348e-16 -1.17832e-16
5.56635e-17 7.54291e-16 5.59892e-16
4.53911e-17 -1.18519e-17 -7.46441e-17
-4.77039e-17 1.94142e-17 2.37508e-18
-7.47141e-18 -1.76978e-17 -7.37136e-18
9.70991e-19 -8.82512e-18 1.55213e-18
-1.06828e-17 -2.6721e-17 1.37923e-17
8.74041e-18 -7.92148e-18 -8.62491e-19
3.1622e-17 -5.16975e-19 -3.24459e-17
4.21911e-17 -1.58031e-17 -1.93868e-17
8.03575e-17 9.35375e-17 -1.35068e-17
-2.36393e-16 -1.10551e-17 -1.26193e-16
4.51728e-18 2.65566e-17 -1.32394e-17
3.94685e-17 -3.55379e-17 -1.23153e-17
-1.28282e-17 -1.92706e-16 6.97757e-17
1.66504e-17 1.30904e-17 2.80235e-17
-2.98036e-17 -1.6669e-17 2.27557e-17
5.52953e-17 -1.3951e-16 -5.61633e-17
3.47257e-17 -3.62423e-17 1.39333e-17
-1.4846e-17 -1.24839e-17 1.5254e-18
2.84982e-17 -1.60069e-16 -6.95846e-17
2.23538e-16 -3.14816e-16 -2.69236e-16
0.0 1.37065e-28 0.0
-1.51767e-17 -3.75575e-17 7.15541e-18
-4.90893e-17 -1.34381e-16 -1.53691e-17
-2.47539e-18 5.52526e-17 1.83631e-18
1.11455e-17 4.61535e-18 5.64992e-18
-5.42658e-17 9.38296e-19 -2.28089e-18
2.30413e-17 -1.27766e-17 3.44599e-18
-2.45078e-18 -2.61049e-17 1.40607e-19
-7.63621e-17 -1.92927e-17 6.25388e-17
3.691e-15 -8.42347e-15 -1.03286e-14
1.11574e-17 8.64913e-18 4.90107e-17
5.42094e-17 -6.85907e-18 1.60721e-17
7.91984e-17 2.26483e-16 -1.60487e-16
0.0 3.33952e-26 0.0
4.91608e-16 5.56274e-16 -2.19702e-16
1.54398e-17 -5.58162e-18 -8.41527e-19
4.12789e-17 -4.7082e-17 3.88163e-18
4.66405e-17 -1.932e-16 -1.45797e-16
2.86498e-17 -6.85033e-17 -2.18554e-17
5.01474e-17 -6.28681e-17 -1.53617e-17
8.39103e-18 -2.41563e-17 -5.61653e-18
-1.49199e-14 1.28975e-14 -7.06677e-16
1.75349e-17 3.14374e-17 -3.87441e-17
-6.46235e-27 2.2975e-26 0.0
-3.5965e-18 -4.47541e-18 8.53028e-19
-9.87817e-17 -1.01616e-16 1.74447e-17
-7.25781e-17 2.96138e-18 -8.53044e-17
-5.22171e-16 6.21284e-16 5.57788e-16
2.37323e-15 7.08228e-16 1.1312e-15
-2.20294e-13 1.22212e-16 -6.37143e-14
1.26036e-16 -1.29176e-16 -8.1239e-18
1.65908e-18 -3.84359e-17 2.62546e-18
-3.29528e-16 1.03534e-17 -8.76599e-17
-2.38309e-18 7.92923e-18 -2.53911e-19
1.87444e-16 -9.10253e-17 -1.21385e-16
3.54712e-17 4.21939e-17 5.21201e-18
1.63266e-17 3.77206e-17 1.62261e-18
-9.71992e-18 -1.42002e-17 4.30653e-18
1.60249e-16 -1.42628e-16 1.32847e-17
-1.16808e-16 3.79156e-17 -1.21491e-16
-1.0409e-16 -7.08991e-17 -8.69167e-17
2.84327e-18 -5.5131e-18 4.80818e-18
-1.17163e-17 1.64908e-18 6.24131e-19
1.58828e-16 -9.29831e-18 -2.00902e-16
1.33641e-17 -2.94054e-18 -9.20831e-19
-2.79574e-17 -8.53174e-18 -3.1734e-18
3.65538e-17 -1.56215e-17 -8.1278e-18
5.55481e-17 -9.15669e-17 -4.41116e-18
-6.59118e-17 -1.41186e-17 -3.23164e-17
7.26753e-19 6.70412e-18 -1.56009e-17
4.65222e-17 -4.19755e-17 -5.82233e-18
1.67169e-17 -5.30904e-17 -7.6507e-18
1.32009e-17 -1.49705e-17 -2.55769e-17
-3.90269e-17 6.34059e-18 4.69608e-17
-3.1452e-17 1.76358e-17 -2.62003e-17
-1.86774e-17 -2.65737e-17 -5.72851e-18
-2.23392e-17 1.31254e-17 -2.49544e-17
-3.69156e-17 -2.42436e-17 2.26146e-17
1.88537e-17 -2.94106e-17 2.44481e-17
1.97332e-17 7.7875e-18 2.9759e-17
-6.63035e-17 2.98509e-17 -4.22247e-17
1.00767e-17 -2.8468e-17 -1.97915e-18
1.62113e-15 2.39616e-16 -2.80017e-16
1.04166e-16 -1.28774e-16 -9.23018e-17
-1.25047e-18 -4.21481e-18 -1.39734e-18
3.30942e-17 4.71292e-18 -2.1184e-17
-9.52772e-18 -4.54441e-18 6.95414e-19
5.47283e-18 -4.94973e-18 -7.2219e-18
2.09699e-15 2.62609e-16 3.34588e-17
-1.99172e-18 4.89745e-17 2.90056e-17
1.42148e-16 2.15229e-17 -2.72451e-16
1.04017e-17 -1.13272e-16 -2.6419e-17
-1.40022e-17 2.49219e-17 -6.4475e-17
1.30983e-17 -2.52405e-17 1.14692e-17
-7.69451e-18 1.83021e-16 -3.37749e-17
4.83809e-16 1.49855e-16 -1.50064e-16
-1.6928e-17 -9.24412e-17 -4.117e-17
-1.82404e-17 -4.08969e-17 9.38661e-17
-9.57251e-18 4.59098e-17 1.09498e-17
-6.46235e-27 2.34287e-24 0.0
3.3272e-17 -4.58382e-17 -2.08133e-17
-5.8016e-18 -3.13568e-18 -6.01656e-18
-1.34311e-17 -3.33025e-17 -1.20186e-17
1.23919e-17 -4.75788e-17 -8.02294e-18
6.28584e-17 -6.17484e-17 4.75199e-17
8.5303e-17 2.28129e-17 -2.21533e-17
-6.00589e-17 6.46508e-18 4.40372e-17
1.53842e-17 -5.6724e-17 1.06993e-17
-1.69691e-17 -8.18571e-18 1.92164e-17
-4.1842e-17 -4.46205e-17 -1.52744e-17
1.29247e-26 1.66982e-27 0.0
-1.45658e-16 -5.8677e-17 -1.1404e-16
6.46235e-27 6.21189e-27 0.0
7.49598e-18 -4.61002e-17 1.56493e-18
4.9324e-16 -1.63655e-16 5.46951e-17
4.17335e-17 -6.0819e-17 1.15253e-17
1.79395e-23 -1.32349e-23 0.0
2.13449e-16 -5.09623e-17 -1.07757e-16
-4.83471e-19 3.11231e-18 -1.4854e-17
-4.85736e-17 8.51419e-17 -4.28788e-16
3.52258e-17 4.83859e-17 3.7908e-17
0.0 -1.65436e-24 0.0
-1.15384e-17 8.51859e-18 1.32031e-17
9.97159e-18 1.45679e-17 -4.41804e-18
2.07441e-18 -3.66787e-17 1.56827e-17
1.94829e-16 -2.9499e-17 -3.79143e-17
-4.55176e-18 3.82377e-17 -1.71542e-17
1.43223e-17 -1.18757e-17 -4.37367e-18
-1.21311e-16 -2.44978e-17 6.34946e-18
-1.32403e-16 -1.99166e-17 -6.93688e-18
2.27475e-24 -1.65436e-24 0.0
1.17722e-16 -8.78416e-17 -2.18215e-17
4.61183e-18 -2.55065e-17 -3.30687e-17
7.41866e-17 -2.56068e-17 5.27339e-17
4.75398e-18 -1.21045e-17 7.08245e-18
-2.24814e-17 -6.79761e-17 5.55066e-17
-1.24077e-24 4.1359e-25 0.0
-1.1265e-19 1.94494e-18 1.0876e-17
1.69491e-18 4.53216e-17 8.5888e-18
-1.16467e-16 1.06411e-17 1.53907e-18
-3.51815e-18 -5.18095e-18 -1.1296e-17
0.0 5.36563e-26 0.0
2.61513e-17 -1.49139e-16 -1.63117e-16
4.42478e-15 -1.89092e-15 2.35023e-15
7.57312e-17 -1.8323e-17 4.67588e-17
2.07128e-16 1.35911e-16 1.3704e-17
-2.5034e-17 1.47978e-17 -1.10486e-17
-1.97594e-16 -4.88984e-17 -5.38231e-17
-3.21722e-17 -9.50742e-18 2.43665e-17
-1.86051e-16 6.17248e-17 -2.71427e-16
3.6348e-17 1.2573e-16 3.74688e-17
-5.89493e-17 1.94631e-17 3.34079e-17
8.29626e-17 -8.02838e-17 1.05146e-16
-3.00135e-17 -2.37034e-17 3.45406e-18
-5.21088e-17 -5.68212e-18 8.1315e-18
-2.87238e-17 -1.61261e-17 2.8321e-17
1.52907e-16 1.98978e-16 -5.59273e-17
-1.37599e-16 2.14793e-16 -2.32612e-17
5.48546e-16 -4.23408e-17 7.2949e-17
-1.57387e-16 -1.3592e-17 -7.17792e-18
-5.59001e-18 -7.29474e-17 -5.87891e-17
-2.20017e-18 1.84089e-18 -1.10497e-17
-3.16506e-16 -1.06467e-16 1.40493e-16
5.87263e-17 -1.09236e-16 -4.36016e-17
1.47917e-16 -3.39232e-16 3.43072e-16
5.56744e-18 -4.41277e-17 1.73631e-17
-2.12602e-16 -1.07944e-16 -2.53676e-17
5.22194e-17 -9.97811e-18 6.00919e-18
4.37789e-18 -2.04993e-17 -1.5917e-17
-4.42773e-16 1.25103e-15 -5.71885e-16
4.19148e-17 -4.73818e-17 -3.38531e-18
6.53305e-17 -2.42107e-16 4.52699e-17
3.03534e-17 -4.03769e-17 -1.07539e-16
1.82831e-17 9.93437e-18 -1.17393e-17
6.04648e-17 4.95467e-18 -1.87127e-17
3.22616e-17 -1.71643e-17 2.83575e-17
-3.03628e-17 -8.60517e-18 -2.53924e-17
5.2238e-16 4.3457e-16 1.1379e-16
4.94657e-18 -1.5223e-17 -6.99464e-18
2.28258e-17 -3.19441e-17 1.25396e-17
-1.41807e-18 1.60258e-20 -8.86049e-19
3.13216e-17 2.60752e-16 -2.49895e-17
3.68836e-17 1.15619e-17 6.14924e-18
-5.50826e-17 9.78267e-16 1.53714e-15
7.16226e-17 -5.64236e-17 -2.84906e-18
-1.30663e-16 -4.65786e-17 -2.83965e-17
-2.22007e-16 -1.16359e-16 6.8091e-17
-6.1838e-18 -5.46138e-17 5.86942e-17
-7.56189e-19 1.04306e-17 -2.52675e-17
-1.57832e-16 -6.33311e-17 -4.04455e-18
2.06566e-17 3.31428e-18 -3.99117e-17
-1.96578e-16 4.42316e-17 7.15179e-17
2.69166e-18 -1.74497e-18 4.13299e-18
6.8443e-17 2.15103e-17 1.15709e-17
-2.46593e-17 -2.71351e-17 1.1974e-17
-3.2012e-16 -3.18242e-18 -1.06371e-17
-6.45686e-17 2.6509e-17 -8.5079e-17
9.05738e-18 -2.49473e-18 1.19132e-17
4.18593e-17 -1.01081e-17 2.23474e-17
2.24444e-17 -4.6576e-17 -6.80252e-18
1.17348e-17 -1.58629e-17 3.40671e-17
-1.29098e-16 -3.05984e-16 4.7631e-17
7.99284e-17 1.465e-16 -5.72958e-17
-1.54292e-18 5.24695e-17 -4.79988e-17
4.98849e-18 -1.11231e-16 -3.98134e-17
1.36636e-16 -1.36113e-16 9.54687e-18
8.47157e-15 7.84644e-16 5.43456e-15
2.93401e-16 5.79406e-16 1.69401e-16
5.92016e-18 -8.01595e-18 -1.37478e-17
-1.54353e-17 6.31055e-17 5.5284e-17
1.27056e-16 -7.81676e-17 5.30517e-17
1.98897e-17 1.29581e-18 -1.63408e-17
2.07667e-16 6.00173e-17 1.51879e-17
-9.00202e-18 -1.30788e-17 -2.94831e-18
-1.28784e-17 -2.06286e-17 1.64733e-17
5.68714e-17 -7.95694e-18 2.75971e-17
1.82028e-16 -9.85325e-17 -2.30022e-17
-1.2953e-18 7.58515e-18 1.06489e-18
1.88835e-19 1.73865e-17 -3.33055e-17
-1.07336e-15 -2.03986e-16 2.12866e-16
2.02973e-16 -6.10883e-17 -1.03166e-17
-1.79928e-16 -1.68139e-16 -7.41335e-17
-5.30757e-17 2.83791e-17 1.60001e-17
0.0 -4.23278e-25 0.0
-1.80874e-16 -2.53255e-16 -5.94041e-17
7.39579e-17 7.81577e-18 -1.18259e-16
-2.44726e-18 -3.39909e-18 5.12755e-18
8.88392e-21 6.65647e-17 -5.04067e-17
4.78355e-17 -4.23343e-17 -2.69689e-17
8.10785e-18 -5.34991e-16 -1.97944e-16
-2.43213e-17 -5.83132e-17 -1.65837e-17
-7.6638e-17 2.63375e-16 -1.75973e-16
2.43494e-17 -8.69215e-17 4.82571e-18
-4.38839e-16 6.04278e-17 -1.15542e-16
-8.29047e-17 -9.73625e-18 7.59296e-18
1.5613e-23 6.61744e-24 0.0
1.85144e-16 -7.562e-17 3.02211e-17
2.98971e-17 7.07016e-18 4.86705e-18
-1.49498e-16 1.46046e-17 6.07823e-17
3.34308e-19 -1.83959e-18 -9.68361e-18
-2.19271e-22 0.0 0.0
-4.65961e-17 -2.09674e-17 -1.9321e-17
-3.14983e-16 2.26817e-16 -1.88018e-16
2.57017e-18 -2.7952e-18 1.40617e-18
-1.87561e-16 4.11035e-16 2.44375e-16
9.94393e-17 -4.38384e-17 -2.42435e-17
0.0 0.0 0.0
-5.05268e-19 8.83114e-17 -4.7318e-17
1.28983e-16 -1.06792e-16 7.92979e-17
2.79782e-16 -1.26561e-16 1.14083e-17
5.02481e-16 1.32973e-16 3.17986e-17
3.15308e-16 1.87659e-16 -1.41609e-16
9.93021e-17 -1.02393e-16 4.86799e-18
-3.59797e-16 2.56784e-16 -5.03273e-16
-2.19638e-17 -5.74076e-18 3.77875e-18
-3.14875e-17 5.30697e-18 -7.15976e-17
2.43522e-16 -7.99242e-17 -1.1439e-16
2.13598e-17 -9.5562e-18 5.01867e-19
-5.61441e-17 -6.86887e-17 9.34518e-18
8.0103e-17 2.13912e-17 -1.35527e-16
7.46262e-19 5.00807e-18 1.9013e-18
1.54308e-16 1.19428e-16 1.80359e-18
1.1318e-16 -1.80439e-16 -1.33657e-16
-1.67204e-16 -2.5127e-16 1.18851e-16
1.00963e-16 -1.783e-19 1.47838e-16
-4.44858e-16 5.91605e-17 1.44422e-16
1.86858e-17 -1.7325e-17 5.90418e-17
-9.49531e-17 -7.58535e-17 5.84329e-17
1.25361e-18 5.72142e-18 -1.95268e-18
-1.25258e-16 -8.62596e-17 2.58136e-17
1.09887e-17 -3.0161e-18 2.14615e-17
-1.83537e-16 -1.54858e-16 5.79019e-17
0.0 -5.37066e-26 0.0
-1.27577e-16 7.27934e-17 5.3928e-17
-5.026e-16 9.85903e-17 -6.08866e-17
2.1165e-17 -1.05646e-17 3.90588e-19
1.22759e-18 -2.52884e-16 -1.52368e-16
3.7225e-17 3.10334e-17 -4.92203e-17
3.95561e-17 -3.70023e-17 1.80505e-17
5.18685e-18 2.52129e-17 -1.03414e-16
1.81926e-16 2.19185e-16 -5.50429e-17
-1.49939e-17 1.48457e-17 -9.02642e-17
1.2346e-17 4.05209e-16 1.29863e-16
-2.70323e-18 -1.03962e-17 -3.98807e-18
-1.90364e-17 -1.01899e-17 8.32389e-19
3.06657e-17 -5.23735e-17 -6.07344e-17
2.31831e-16 -2.97537e-17 1.56553e-16
1.20002e-16 2.95816e-16 -4.45472e-17
-2.11711e-17 5.6384e-18 5.92717e-18
-5.30067e-17 4.59745e-17 -9.00396e-18
-1.89031e-16 -3.36338e-17 5.2661e-17
0.0 -3.27708e-24 0.0
-1.27061e-17 5.18462e-18 -3.33586e-17
2.45234e-16 -1.97477e-16 -1.82928e-16
-5.35333e-18 -1.13203e-17 -8.77234e-18
1.08271e-17 -5.68392e-17 -3.77026e-17
3.4029e-18 1.12323e-18 -4.63085e-17
2.44193e-16 3.45224e-17 2.05898e-17
-1.92026e-18 -1.71841e-16 1.62209e-17
9.20012e-19 2.78871e-18 1.57786e-18
0.0 0.0 0.0
1.7812e-17 -6.22977e-17 -1.08551e-17
2.30744e-17 4.85379e-18 -1.47672e-17
1.24636e-16 -2.96912e-17 4.36909e-18
2.8869e-17 -1.60653e-17 1.27689e-18
1.18763e-17 -2.37055e-16 -5.57301e-17
-7.25173e-16 4.87865e-16 -6.10036e-16
2.96944e-16 1.51278e-17 -1.91475e-16
1.77346e-17 1.48189e-17 -3.1511e-18
-4.76276e-17 -2.99194e-17 -3.49942e-18
-1.60802e-16 5.17105e-16 -1.07256e-17
2.2256e-17 -3.11491e-17 -1.97053e-17
6.85236e-17 1.33636e-17 -2.81318e-17
1.0837e-19 -1.57779e-18 1.44611e-18
0.0 1.40726e-23 0.0
-2.41563e-17 -3.6712e-17 -3.48569e-17
-9.83347e-16 -4.98531e-16 4.13196e-17
-1.03589e-15 3.32258e-16 -1.17759e-16
5.23383e-17 -1.58881e-16 -1.40154e-16
1.04221e-16 9.93335e-17 -5.9115e-17
4.25715e-17 -4.05538e-17 -3.72729e-17
2.60209e-18 -1.3985e-17 -5.98839e-18
-3.35031e-17 4.70783e-17 -1.23494e-17
1.68059e-16 -1.80619e-16 -8.95896e-18
-1.08707e-16 2.40539e-17 -5.7331e-17
-1.87068e-17 9.75983e-18 1.67787e-18
-5.77973e-19 -2.21951e-17 -1.0365e-17
-2.12631e-16 1.78297e-16 1.44327e-16
-3.19095e-16 -2.04044e-16 6.73036e-17
1.99766e-16 -1.30121e-16 -1.20309e-17
-7.26618e-17 5.16639e-17 1.07456e-17
1.2756e-16 -1.70801e-16 6.95821e-17
1.48593e-16 1.02396e-16 -1.47506e-16
8.72676e-23 4.96308e-24 0.0
6.20203e-18 -7.54967e-16 -1.20576e-17
-6.20385e-25 8.27181e-25 0.0
1.55096e-25 0.0 0.0
1.52276e-16 -3.24532e-16 -1.81131e-16
3.68271e-17 3.03133e-17 -1.72671e-17
-1.0872e-16 -2.37997e-16 -2.04931e-16
3.83666e-16 1.51483e-17 -2.43156e-17
2.36042e-16 3.75499e-17 6.05955e-17
2.62159e-17 -1.89083e-17 -9.03733e-18
5.09462e-17 -7.68928e-17 -2.52951e-17
6.99225e-17 -2.7898e-17 -1.41192e-16
2.19818e-17 3.39646e-17 -9.91332e-17
8.56309e-16 -2.90369e-16 1.15277e-16
-3.99215e-17 5.05312e-17 1.26259e-17
-1.23398e-17 -2.08142e-17 2.68838e-18
2.91028e-16 -1.33367e-16 2.02729e-16
-4.36315e-17 -3.95008e-17 1.00138e-16
1.03523e-16 -3.05744e-17 -1.50189e-16
-2.99454e-17 2.84717e-17 -2.31611e-17
2.81699e-17 -3.9427e-17 -3.75931e-17
-1.62726e-16 3.58379e-18 6.45017e-17
1.03672e-16 1.13928e-16 1.31927e-16
1.17873e-16 -7.71665e-17 -3.41943e-17
0.0 1.65436e-24 0.0
2.48055e-16 1.90838e-16 -5.60429e-17
1.56611e-16 8.2552e-17 1.04693e-16
-2.79224e-16 -1.60074e-16 9.44198e-18
1.00495e-16 3.46525e-16 3.66661e-17
2.72439e-16 1.12615e-17 -2.19993e-17
2.50874e-17 1.1914e-18 3.9224e-18
4.73561e-23 0.0 0.0
3.81452e-16 2.04367e-16 -9.63717e-18
8.89118e-17 -1.66973e-16 -3.27636e-17
3.11333e-15 -9.83089e-16 1.19048e-15
2.38919e-18 -9.08041e-18 -8.6022e-18
1.16093e-16 -1.54269e-16 -6.6789e-17
7.50029e-17 -4.69548e-17 -5.35907e-17
2.86351e-17 -6.06088e-17 -6.54208e-17
7.40321e-17 -9.61312e-17 -7.34594e-17
8.75554e-16 4.58215e-16 1.32974e-16
-6.08464e-17 -1.30243e-17 -9.24597e-17
1.59309e-16 -1.19685e-16 3.32536e-18
1.22921e-16 -6.95983e-17 1.82735e-17
5.99797e-17 5.93391e-17 5.0538e-17
2.46142e-17 -1.0189e-17 -1.19383e-18
3.31617e-16 -1.63165e-16 -1.18369e-16
2.35574e-17 7.01608e-17 -2.07104e-17
2.14661e-16 -1.16617e-16 -9.03723e-17
8.9482e-17 -2.04656e-16 -5.99435e-18
-3.00887e-23 4.51847e-23 0.0
1.15011e-16 5.84225e-18 -3.74691e-17
5.12106e-17 3.08507e-17 -1.16618e-16
-9.13732e-17 2.04293e-17 -1.50901e-17
5.79481e-18 1.99591e-18 -2.06729e-20
6.79892e-16 1.11642e-15 -7.59694e-17
3.36961e-16 2.88276e-17 -1.59599e-16
2.28936e-16 -2.98444e-16 5.27327e-17
-7.44375e-18 -3.79494e-17 -9.03045e-17
0.0 -1.29083e-25 0.0
7.44478e-17 2.84732e-17 -5.05403e-17
2.35239e-17 -4.37942e-18 -9.82051e-17
-6.84864e-16 -1.57818e-15 -3.87338e-17
-9.20656e-17 7.76077e-17 -2.34095e-17
5.1188e-17 -9.66158e-17 4.00644e-17
4.2759e-16 -1.32872e-16 -5.51999e-17
2.73851e-16 9.33564e-17 -2.98124e-17
-8.69781e-17 5.78424e-19 -4.94525e-17
1.1702e-17 4.21772e-18 -5.0987e-18
8.27181e-25 8.27181e-25 6.61744e-24
-4.03604e-18 -1.29982e-17 -1.42831e-17
-5.74639e-17 1.31407e-17 3.65395e-19
7.8223e-18 6.30221e-17 -9.15735e-18
-1.00807e-17 -1.65405e-16 -1.62009e-17
5.20911e-16 -9.14737e-17 6.26126e-17
4.02747e-17 -2.09602e-17 -5.70027e-18
-3.54782e-18 -2.56184e-17 -1.46775e-18
2.56782e-17 -3.15058e-17 -3.60405e-17
7.1076e-17 1.69189e-16 6.57577e-17
4.19222e-16 -1.5291e-16 -5.93755e-17
-1.70738e-16 -1.21405e-16 -5.14481e-17
-6.46235e-27 -7.06644e-25 0.0
-9.01931e-17 -2.62554e-16 -1.25227e-17
-4.96308e-24 1.24077e-24 0.0
1.83478e-16 -1.32731e-17 -3.57697e-16
2.02354e-16 -1.13805e-16 -2.81579e-19
-3.65771e-17 -8.83436e-17 -4.55236e-17
-1.22046e-16 -1.1959e-17 8.35708e-17
3.30114e-17 -1.12017e-16 -5.84003e-17
0.0 -5.82537e-25 0.0
-1.88846e-16 1.86663e-17 -2.61863e-18
-2.88308e-17 -1.45082e-16 1.61714e-16
3.75046e-18 -2.60496e-17 -1.76424e-17
-3.13154e-17 5.83804e-18 -3.32357e-17
-4.20786e-16 -1.12142e-16 6.71869e-19
-2.29974e-16 -7.1223e-17 -3.15618e-17
2.21014e-17 -4.3542e-17 -5.84998e-18
-4.33122e-18 1.15599e-17 9.13728e-18
-1.03398e-25 1.65436e-24 -6.61744e-24
-1.59215e-16 1.29605e-16 -1.7345e-17
7.10684e-17 -1.01258e-16 -2.03204e-17
-1.34447e-16 6.1113e-17 7.98622e-17
1.40654e-17 5.40151e-17 -2.36515e-17
8.80584e-18 -2.20075e-18 5.89217e-19
1.66936e-17 -5.80544e-17 2.76964e-17
2.21078e-16 -1.59373e-16 9.19743e-18
-2.49344e-16 -2.92965e-16 -2.58677e-17
1.31635e-16 -8.81448e-17 1.32958e-19
-1.61105e-16 1.05137e-16 4.85363e-17
2.90397e-16 -3.42308e-17 1.65054e-16
6.18901e-16 -1.83711e-16 -3.11667e-16
-2.09628e-17 -2.15732e-17 -4.01833e-17
4.37114e-17 -1.35941e-16 2.19806e-17
0.0 0.0 0.0
-7.60489e-23 4.96308e-24 -6.61744e-24
4.1359e-24 -6.61744e-24 0.0
-3.71034e-17 4.46813e-18 -3.95746e-17
-1.27291e-17 -1.06158e-17 -1.90696e-18
2.23045e-17 4.49224e-17 -1.38714e-18
2.29306e-15 5.38005e-16 2.57061e-15
5.09177e-18 -1.25454e-17 2.43557e-17
7.8783e-18 7.77229e-17 -5.18384e-17
1.84576e-16 -1.17461e-16 -1.09706e-17
2.32105e-17 -5.42558e-17 -1.33084e-17
-1.5224e-17 -3.00721e-17 6.8688e-18
1.85569e-17 -8.94779e-17 -4.49828e-17
-3.68612e-23 -1.24077e-24 0.0
5.96904e-16 -5.96391e-19 -3.86364e-17
-2.62501e-16 1.24089e-16 4.9935e-17
-6.06684e-17 7.01268e-17 1.09623e-17
7.71488e-17 6.2022e-17 -6.06177e-17
-9.63677e-18 1.76579e-17 -4.22693e-17
7.34871e-17 1.87579e-16 -1.90928e-17
-2.56074e-16 -9.6745e-17 6.49795e-17
-7.43199e-17 -1.23317e-17 -2.38297e-16
2.2328e-16 -1.28849e-16 -3.44e-17
7.73494e-16 -4.70784e-16 2.92981e-19
-1.49425e-15 -9.05475e-16 -2.89767e-16
5.09686e-17 -1.74691e-16 -6.00006e-17
9.1244e-17 1.73699e-16 -2.31509e-17
-2.67897e-17 2.42523e-16 9.07209e-17
7.5146e-16 -1.38657e-16 -1.64975e-16
-1.75805e-16 -7.89247e-17 4.87511e-17
8.31696e-18 1.28043e-17 -4.67669e-19
1.05786e-15 1.37145e-15 -1.9594e-16
-8.59224e-16 1.52305e-15 -3.14031e-16
1.20815e-18 4.58093e-16 9.08265e-17
6.53052e-16 -3.97299e-16 1.21638e-16
0.0 2.05217e-25 0.0
5.64339e-17 6.91612e-19 -4.27852e-17
-6.01003e-17 -5.91739e-17 1.01648e-17
8.02713e-16 1.7017e-17 -2.7364e-16
8.60232e-17 3.57526e-17 4.45645e-17
-4.36834e-17 1.76103e-16 -8.71178e-17
9.10642e-17 -2.87922e-16 1.30823e-16
-2.34015e-17 3.35781e-16 -4.70771e-16
-6.52984e-17 8.55555e-16 8.91644e-16
4.98347e-18 -3.84938e-18 -1.04487e-16
2.95717e-23 -4.50813e-23 0.0
1.06994e-16 -6.81713e-17 2.78608e-17
-4.17334e-16 -1.58005e-16 1.85522e-16
1.3106e-16 -1.33563e-16 5.8597e-17
3.30872e-24 0.0 -1.32349e-23
-2.92536e-17 -1.40534e-17 -4.44793e-17
3.24861e-17 2.03934e-18 -2.11743e-17
6.75477e-18 2.55674e-17 -2.18098e-17
7.69264e-17 2.44734e-17 -7.02944e-17
-1.36558e-16 3.10976e-16 2.0066e-16
-1.14261e-16 -6.81518e-18 -5.71893e-17
-1.4061e-16 5.38591e-16 1.58193e-17
-2.37605e-16 2.39763e-16 6.17434e-17
-3.30872e-24 0.0 6.61744e-24
-3.06238e-17 -2.64021e-17 -2.78457e-16
6.56028e-17 -4.59449e-17 -8.29051e-17
-5.40219e-17 8.00214e-18 -7.08685e-18
-2.45808e-17 -6.05339e-17 -1.26029e-16
-3.5235e-17 -1.72858e-17 -1.26785e-16
1.79543e-16 -3.22999e-17 -3.01867e-17
2.97463e-16 -2.55525e-17 5.37254e-16
1.41104e-16 5.60644e-18 -1.29613e-16
3.6633e-17 -2.26031e-17 -8.00863e-18
-1.76888e-16 -2.07415e-16 -1.08604e-16
-1.81727e-16 9.50416e-16 -3.61821e-16
1.34831e-16 -5.19083e-17 -1.78081e-18
-5.48182e-18 -5.85993e-18 -4.73045e-18
-1.24831e-16 -7.57237e-17 -1.60753e-16
5.43558e-16 -1.76693e-16 -5.6463e-17
1.87119e-16 6.66183e-16 -8.37165e-16
8.94534e-16 5.18866e-16 -2.17422e-16
3.5879e-23 -4.1359e-25 0.0
-1.27493e-16 1.12826e-16 2.75042e-17
1.65436e-24 -1.65436e-24 0.0
8.39395e-16 7.90369e-17 -4.07143e-16
8.00367e-17 -4.90239e-17 -8.2678e-18
-1.87153e-17 5.07387e-16 -7.04772e-16
1.78878e-23 4.1359e-24 0.0
4.52966e-17 5.8719e-17 -8.83868e-18
-8.19331e-17 -1.69549e-16 1.05476e-16
4.35368e-17 -9.04286e-17 5.51482e-17
1.31067e-16 -6.26285e-17 -1.00143e-16
1.42607e-15 4.56347e-16 -7.41947e-16
-4.83158e-17 -1.38917e-16 -7.51179e-18
1.6273e-16 -4.52905e-16 4.21776e-16
7.8179e-17 4.19283e-17 -4.88764e-17
-3.8534e-17 5.90821e-18 6.24817e-18
0.0 0.0 0.0
0.0 0.0 0.0
-2.36073e-17 2.08834e-18 -2.56773e-17
-7.55782e-17 -5.12524e-17 -2.99069e-17
5.46692e-16 1.4394e-15 -4.66415e-16
-1.13343e-16 5.65104e-17 3.35999e-17
2.84914e-16 2.18108e-16 4.54404e-17
-6.27453e-19 3.09864e-18 -1.66858e-17
-4.32681e-17 -1.19379e-18 2.10519e-18
3.2755e-17 5.04926e-18 1.93781e-18
-2.48981e-19 -1.71947e-17 -4.1647e-18
-1.79797e-17 3.09261e-17 8.74823e-17
-1.76231e-17 3.08624e-17 7.39142e-19
5.56095e-17 -6.07335e-17 4.07625e-16
5.48101e-16 8.61185e-16 -1.4786e-15
1.8486e-16 -4.72086e-16 4.59279e-16
-1.09766e-17 1.24736e-16 -9.89357e-18
1.39579e-16 -1.81254e-17 -7.53965e-17
-8.77885e-17 2.0527e-17 -8.07048e-17
8.82083e-17 -4.95151e-17 -1.19576e-16
-8.39284e-17 -3.4623e-16 2.13982e-17
-3.36104e-17 -1.86517e-17 1.30918e-18
1.44917e-16 1.351e-16 -1.25532e-17
1.44009e-16 3.02587e-16 1.69269e-16
-2.83235e-16 -1.89196e-16 1.35004e-16
1.53955e-16 1.82659e-17 -5.63913e-17
-7.23376e-17 6.06419e-17 -1.88306e-17
-6.78288e-23 0.0 0.0
1.13536e-17 6.64873e-17 -1.9606e-16
9.33227e-17 2.88043e-17 -6.75109e-17
-9.16724e-17 -8.95784e-17 -3.05911e-17
1.80553e-18 6.21047e-20 -2.18815e-18
1.7347e-16 -2.12705e-16 3.73124e-16
6.20385e-25 -1.65436e-24 0.0
2.65898e-17 -3.00057e-17 -3.17931e-17
2.86796e-17 2.13599e-17 3.80696e-17
2.24128e-17 -2.4581e-17 -8.45376e-18
3.78313e-17 -9.78192e-17 4.76088e-17
1.31604e-16 -2.04023e-16 1.5984e-16
5.73747e-16 9.7431e-17 1.23488e-16
3.20093e-16 -1.16947e-16 2.50186e-16
-3.06667e-16 -2.08737e-16 -1.29965e-16
1.20028e-17 -2.40235e-17 -7.26666e-17
6.46235e-27 7.50947e-25 0.0
-1.63397e-16 -1.77472e-16 1.18513e-16
-8.40317e-17 -1.20825e-16 -2.06932e-16
-5.45588e-17 7.94524e-18 -5.98658e-18
-8.34665e-17 2.34105e-17 -6.57804e-17
-7.64723e-17 9.62883e-17 -2.81383e-17
-2.56208e-16 2.8272e-16 -2.31821e-16
1.68765e-16 -2.45761e-16 -2.22047e-16
1.90767e-17 5.53598e-18 -5.86569e-17
-1.81332e-17 8.41879e-17 2.94712e-17
6.49575e-16 7.02868e-17 -1.67086e-16
8.04297e-17 -1.04754e-16 -7.87999e-17
2.57937e-16 -1.25077e-16 -6.00376e-17
-1.21295e-17 4.08931e-17 1.07373e-17
-5.87542e-18 -8.28638e-18 -8.09364e-18
2.38047e-16 1.37102e-16 -1.18019e-16
4.28247e-17 -2.11914e-17 -1.79809e-19
5.21115e-16 -1.18529e-17 5.32042e-17
6.80795e-17 -3.85919e-19 -8.88182e-18
1.67943e-16 -1.18379e-16 -3.91899e-17
-3.05163e-16 -1.09672e-16 -3.77073e-17
1.17628e-16 1.8252e-17 -3.10475e-17
-1.32869e-15 1.99947e-16 -5.18391e-17
9.24183e-16 3.00662e-16 -2.69096e-16
-1.50449e-18 -1.18777e-17 3.65143e-18
-1.35952e-16 8.25305e-16 -1.01306e-15
7.7235e-17 5.85371e-19 -8.08734e-17
-4.52134e-16 5.05205e-16 5.07263e-17
-1.39587e-24 0.0 0.0
-8.19428e-16 1.10398e-15 -7.3301e-16
-5.04188e-17 -4.1104e-18 -1.81139e-17
2.14895e-17 -1.36625e-17 -1.11727e-17
-4.75413e-16 4.66054e-17 -1.76659e-17
-6.15948e-17 4.30251e-18 -4.87303e-17
-1.22117e-16 -3.53431e-17 -2.26552e-16
7.90469e-18 2.81524e-17 4.05385e-19
2.79857e-15 -3.78143e-15 -2.16799e-16
-2.66606e-16 -4.24145e-16 -5.71482e-17
-1.9216e-16 -1.10372e-17 3.29407e-17
1.23359e-17 4.56778e-17 6.70366e-17
7.42498e-17 -5.05882e-17 8.14146e-18
6.78125e-18 -7.15386e-17 -1.4578e-17
-2.29905e-16 1.53699e-16 -1.85529e-16
-6.24457e-17 1.6488e-17 2.28277e-17
-6.46235e-27 4.86905e-26 0.0
-9.1913e-17 5.6704e-17 2.85258e-18
-1.04303e-16 8.88649e-17 -7.27866e-17
6.61744e-24 0.0 0.0
4.81671e-17 9.71263e-17 -4.70448e-17
7.24443e-18 4.24133e-17 -2.18492e-17
2.54312e-16 8.44141e-17 3.98407e-16
-1.80597e-16 -1.1779e-17 -1.57939e-17
1.2502e-15 -8.85814e-16 -1.16313e-16
5.5185e-16 3.54974e-16 1.77455e-17
-2.65966e-17 1.45466e-16 -1.04459e-16
-6.46235e-27 -2.96365e-24 0.0
-9.22396e-17 -2.88073e-17 -5.8619e-17
3.70351e-17 -3.41933e-17 -2.68911e-18
5.61097e-17 -1.96094e-16 1.72843e-17
1.1185e-16 9.4345e-18 1.45186e-16
4.78214e-17 1.69063e-17 9.16871e-18
9.201e-18 -1.38022e-16 -2.19675e-17
-1.33246e-17 -9.66095e-18 -1.15299e-17
1.99462e-16 5.42068e-17 -7.39834e-17
3.31479e-17 1.44829e-16 2.34926e-16
-4.45003e-17 1.1035e-16 6.25344e-17
-1.88048e-17 1.92509e-17 6.83489e-19
-1.28701e-17 1.49707e-16 -5.39892e-17
-8.51679e-16 -7.43067e-15 -3.44844e-16
1.18114e-16 -7.73672e-17 5.23454e-19
-2.8338e-17 2.91513e-16 -3.54955e-16
0.0 2.27348e-24 0.0
-2.98414e-16 -1.71664e-16 -4.50627e-17
6.12613e-18 7.09754e-17 1.13925e-17
-3.30872e-24 0.0 0.0
-1.8368e-17 -1.67907e-17 -7.7881e-18
2.31773e-17 -2.19719e-17 -3.12107e-17
1.16772e-16 -8.61541e-17 -1.67951e-17
-2.0939e-17 1.30114e-17 -2.02872e-17
7.42388e-17 5.65131e-17 -2.6797e-17
-5.62053e-16 -1.26189e-16 -1.18733e-16
-1.66855e-18 -2.8761e-17 -9.30267e-18
3.21061e-17 3.57374e-16 -1.11516e-16
4.03409e-17 8.52959e-18 -9.19867e-18
-3.34269e-17 -8.02821e-18 -3.80455e-18
1.97489e-16 -1.15379e-16 -3.84166e-17
1.40816e-16 -4.88226e-16 1.90158e-15
3.72475e-16 2.56948e-16 2.16859e-16
5.02154e-17 -4.68524e-17 -4.25112e-17
-1.58512e-16 -9.55312e-17 2.62239e-17
-6.85589e-17 -2.63501e-16 -2.41038e-16
-6.95697e-16 -3.621e-16 1.01673e-15
-9.07379e-17 -1.53169e-16 -2.26516e-17
6.23789e-17 -1.01521e-16 -9.7394e-17
-2.42136e-17 -1.58817e-17 -1.87294e-17
6.14693e-17 8.65859e-17 -2.07121e-17
2.01313e-16 -6.12287e-17 -1.33714e-17
-2.65421e-17 -7.17524e-18 -1.35655e-19
1.21506e-14 8.7709e-15 1.12774e-14
-1.02775e-16 -4.97257e-17 -3.94549e-18
-4.36212e-17 7.57465e-17 -1.6634e-17
7.1417e-16 9.38111e-16 2.78912e-16
3.78661e-18 9.14728e-17 -8.01633e-17
4.96635e-16 2.6517e-16 -8.37334e-17
0.0 -2.5032e-25 0.0
8.22694e-17 3.57749e-16 -7.03615e-16
1.27866e-17 1.17687e-17 3.36225e-17
4.62943e-15 1.67706e-15 4.30139e-15
-2.40564e-17 7.31694e-17 -1.59969e-17
-8.50507e-17 -4.01108e-18 3.40547e-17
3.12774e-17 2.85838e-17 1.54963e-18
2.44821e-16 -7.87678e-16 8.54945e-16
-1.25315e-16 -1.26781e-16 7.04165e-17
-2.09427e-17 1.70858e-18 -2.13716e-18
-2.1972e-22 -9.92617e-24 0.0
-2.80399e-17 7.26138e-18 1.26749e-17
3.08534e-17 -1.41476e-16 -4.01894e-17
1.10763e-16 -9.8779e-17 -9.37093e-17
-1.2423e-16 6.90636e-18 8.55722e-17
-2.64857e-17 -8.61933e-17 -2.78297e-17
7.72916e-17 -5.14026e-17 -5.17469e-17
-9.12654e-18 4.66218e-18 -2.25674e-17
6.05397e-17 1.23899e-17 -7.34207e-17
3.0037e-23 1.44757e-23 0.0
4.3086e-18 -2.29528e-17 -1.36415e-17
-5.81864e-17 -1.46652e-16 -6.11393e-17
-8.2157e-18 4.12301e-17 -7.34503e-18
-6.53923e-18 -1.40709e-16 -4.19841e-16
-6.46235e-27 1.42916e-23 0.0
-1.70865e-16 -4.55822e-17 -1.8104e-16
3.30872e-24 0.0 0.0
5.14149e-17 3.551e-18 5.03723e-19
2.69971e-18 -5.77163e-17 -4.48981e-17
5.26145e-16 -1.55303e-16 1.35075e-16
9.88707e-17 2.86402e-17 4.67068e-17
-4.24604e-17 -4.30691e-17 4.3167e-18
-2.18094e-17 1.01767e-17 7.90748e-17
-4.87871e-18 1.89177e-16 -1.31813e-16
-1.09874e-16 -9.96732e-17 -6.60285e-17
1.06556e-16 -3.18837e-17 -2.59186e-17
2.56554e-17 -1.54991e-16 -3.81708e-17
0.0 -1.35197e-26 0.0
5.79146e-17 -6.48714e-17 2.29484e-17
-8.26153e-17 -4.08369e-17 1.21859e-16
-1.24077e-24 0.0 0.0
2.18214e-16 -6.16305e-17 2.28156e-17
1.09028e-16 -1.77185e-16 8.36841e-17
5.81219e-18 3.05437e-16 -3.57968e-16
9.33521e-17 -1.4773e-16 -2.50491e-16
4.81784e-17 -3.77483e-17 -7.76422e-17
-3.65031e-17 9.27238e-17 1.96758e-17
2.46474e-16 1.35244e-17 -7.36647e-17
1.87115e-15 3.80173e-16 5.66408e-17
1.2197e-15 -2.82117e-17 -3.81307e-16
6.77818e-17 -2.38889e-17 -9.34736e-17
-1.35748e-14 -9.43336e-16 -1.1127e-14
1.70125e-16 1.27692e-16 -3.29611e-17
-2.42491e-16 8.34982e-17 1.57734e-17
1.58926e-17 8.20616e-17 -4.06773e-17
6.96432e-16 3.83072e-16 -1.28484e-16
-3.7753e-16 -2.24473e-16 -4.09004e-16
2.77726e-17 -2.45951e-16 3.44142e-17
-7.57595e-18 -2.52846e-17 3.50031e-17
-1.29448e-16 -3.80025e-17 -1.81635e-17
2.20283e-17 7.6682e-17 -9.4467e-17
7.79934e-18 -9.33098e-18 -5.52612e-17
-2.69164e-17 -7.30953e-18 5.88021e-17
1.23573e-16 -1.03829e-16 -7.43773e-17
-9.87682e-17 -2.93866e-17 3.03095e-18
-1.87718e-16 -3.42691e-16 -1.17549e-16
3.55818e-16 -8.32043e-17 -2.77313e-19
1.38899e-17 -1.41957e-16 -4.70261e-17
1.82796e-16 -9.12348e-17 1.77959e-17
-3.1553e-18 -6.50367e-18 -5.17143e-18
-2.93618e-16 -3.23114e-16 -8.09882e-17
1.77139e-16 -1.69084e-16 6.43404e-17
3.33583e-17 1.60865e-17 -4.47451e-17
