# vtk DataFile Version 3.0
LIGGGHTS particles timestep 47800000
ASCII
DATASET POLYDATA
POINTS 885 float
0.219686 0.0148339 0.00995652
0.23178 0.0158986 0.00847557
0.221957 0.016862 0.00768123
0.232816 0.0165081 0.00777426
0.214653 0.0182092 0.0070909
0.227686 0.0178671 0.00726383
0.234371 0.0185898 0.00697218
0.227247 0.016045 0.00825313
0.22762 0.0175973 0.00740076
0.238209 0.0174882 0.00720433
0.23827 0.0177712 0.00712604
0.237918 0.0162178 0.00794639
0.22761 0.0181207 0.00712263
0.226703 0.0185287 0.00701789
0.237849 0.0160058 0.00814727
0.226198 0.0153991 0.00889605
0.231037 0.0146469 0.0115585
0.232959 0.0173309 0.00747091
0.238035 0.016723 0.00764467
0.23833 0.0180597 0.00707003
0.232379 0.0160245 0.00831761
0.232345 0.0181066 0.00718725
0.22655 0.0155243 0.00875439
0.226639 0.0182162 0.00703304
0.23759 0.0152881 0.00907142
0.218629 0.0153807 0.013316
0.232136 0.0161853 0.00821763
0.232965 0.017048 0.00757049
0.232706 0.0197479 0.0070917
0.221532 0.0167799 0.00772066
0.226825 0.0177543 0.00726051
0.238821 0.0189705 0.0069933
0.233181 0.019265 0.00697402
0.232065 0.0159584 0.00840046
0.226055 0.0168664 0.00773928
0.238398 0.0183487 0.00702553
0.237655 0.0154669 0.00883941
0.23772 0.0156457 0.0086074
0.233775 0.0183845 0.00706869
0.231918 0.0156875 0.0089091
0.233836 0.0186615 0.00697151
0.238654 0.0195138 0.00702807
0.221155 0.0175136 0.00749512
0.222527 0.0163456 0.00817135
0.227216 0.0158144 0.00844253
0.233155 0.0175465 0.00739858
0.226225 0.016473 0.00800755
0.238096 0.0169779 0.00749908
0.220964 0.0193288 0.00701216
0.233073 0.0182724 0.00714294
0.231877 0.0163093 0.00833578
0.233547 0.0172177 0.00750034
0.233494 0.0179099 0.00726546
0.238152 0.0172329 0.00735126
0.233911 0.018963 0.00690037
0.23244 0.0171046 0.00765403
0.231969 0.0164753 0.00784224
0.23258 0.0191734 0.0069743
0.232882 0.0180482 0.00721735
0.231224 0.0150109 0.0108237
0.232031 0.0167371 0.00770934
0.232821 0.018423 0.00708447
0.231077 0.0148833 0.011379
0.231835 0.0155514 0.00916326
0.226399 0.0161037 0.00829304
0.226683 0.0170907 0.00760216
0.231291 0.0148544 0.010469
0.231528 0.0153526 0.0094225
0.23281 0.0176126 0.00736922
0.233984 0.0175718 0.00734186
0.232942 0.0194412 0.00701816
0.23374 0.0177419 0.00729945
0.238463 0.0186397 0.00699472
0.234121 0.0187524 0.00694025
0.220934 0.0160431 0.00859773
0.231164 0.0146042 0.0109913
0.232206 0.0163428 0.00797201
0.226519 0.0175466 0.00734861
0.231586 0.0155699 0.00940782
0.232155 0.0172823 0.00749361
0.232306 0.0158877 0.00857455
0.232613 0.018113 0.00744491
0.232643 0.0194613 0.00702968
0.227038 0.0179465 0.00717392
0.214648 0.0176932 0.00741578
0.225958 0.0155505 0.0087973
0.23355 0.0185758 0.00701687
0.22603 0.0157712 0.00860742
0.23344 0.0176307 0.00736132
0.227951 0.017998 0.00721214
0.237799 0.0158357 0.0083892
0.237974 0.0164683 0.00779117
0.231959 0.01652 0.00813873
0.232027 0.0158326 0.00867019
0.227735 0.0193299 0.00698731
0.238525 0.0189316 0.00696244
0.233032 0.017804 0.00730588
0.232328 0.0168266 0.00764658
0.226694 0.0162669 0.00829071
0.232631 0.0182018 0.00715891
0.228504 0.0190203 0.00696742
0.232282 0.0178295 0.00728361
0.233687 0.0174645 0.00740213
0.221157 0.0201717 0.00712132
0.231844 0.0160376 0.00821296
0.23322 0.0180258 0.00723121
0.22659 0.0168184 0.00774143
0.219513 0.0151525 0.00942345
0.233467 0.0193568 0.00698946
0.226886 0.0169016 0.00771695
0.232216 0.0175531 0.00737956
0.227403 0.0177733 0.00729187
0.233247 0.019555 0.00703821
0.232127 0.0167221 0.00799337
0.232492 0.0163885 0.00786907
0.226156 0.0162513 0.00819778
0.225726 0.0157402 0.00866617
0.233264 0.0184917 0.00706796
0.233113 0.0189728 0.00690962
0.23369 0.0191608 0.0069441
0.232923 0.0167675 0.00766833
0.230946 0.014977 0.0119652
0.220119 0.0153402 0.00934415
0.232093 0.0170051 0.00758978
0.231731 0.0151349 0.00996289
0.214667 0.0195368 0.00731413
0.234061 0.0184675 0.00701741
0.2253 0.0150635 0.0105029
0.225919 0.0164047 0.00809714
0.225879 0.0161774 0.00828887
0.221244 0.0176502 0.00724318
0.232702 0.0171834 0.00751821
0.219621 0.0147632 0.0102717
0.233999 0.0181921 0.00711999
0.222144 0.0181027 0.00714328
0.227689 0.0168983 0.0077763
0.233625 0.0188668 0.00691725
0.220728 0.0156492 0.00912353
0.226938 0.0181935 0.00703583
0.233052 0.0186909 0.00699438
0.232659 0.0169031 0.007616
0.231222 0.0147274 0.0107281
0.225988 0.0166319 0.00791385
0.226611 0.0173493 0.00773598
0.226967 0.015976 0.00833644
0.226394 0.0170127 0.00762276
0.233976 0.0179108 0.0072218
0.226416 0.018437 0.00702907
0.233336 0.0187794 0.0069604
0.228197 0.0181569 0.00714552
0.219392 0.0148824 0.00992442
0.238589 0.0192227 0.00699526
0.231358 0.0149842 0.0102113
0.220393 0.0152949 0.00945854
0.226637 0.0176219 0.00761361
0.226795 0.0180852 0.00728281
0.225409 0.0149237 0.00984849
0.225471 0.0150288 0.00957454
0.228205 0.0190016 0.00696147
0.232403 0.0183845 0.00709056
0.233254 0.0172799 0.00749407
0.23184 0.0154122 0.00943619
0.213332 0.0148875 0.0102495
0.227603 0.0187494 0.00698325
0.231805 0.0152729 0.00970375
0.222394 0.0159009 0.00855179
0.226546 0.0190241 0.00702011
0.232642 0.017866 0.00727712
0.227326 0.0180273 0.00715175
0.228681 0.0185591 0.00696701
0.226971 0.0171736 0.00757882
0.232515 0.0188832 0.00693432
0.233691 0.0181149 0.00717036
0.221763 0.0162144 0.00825039
0.226662 0.0159787 0.0083675
0.231145 0.0148926 0.0110874
0.225879 0.0153316 0.00898653
0.231487 0.0152507 0.00969736
0.225596 0.015332 0.00908575
0.220262 0.017767 0.00754369
0.232442 0.0166665 0.00800045
0.214482 0.0175904 0.00718783
0.22744 0.019277 0.00699216
0.228421 0.0183801 0.00704328
0.23341 0.0182416 0.0071462
0.226951 0.0162081 0.00814713
0.221303 0.0179409 0.00719901
0.228331 0.0192697 0.00700629
0.228413 0.0165646 0.00800515
0.226468 0.0163253 0.00810281
0.232449 0.0173339 0.00746078
0.22755 0.0173376 0.00753344
0.220686 0.019656 0.00697919
0.2274 0.0168171 0.00779864
0.2267 0.0197434 0.00701346
0.22071 0.0179677 0.00721804
0.226463 0.0172846 0.00748353
0.233404 0.0190699 0.00692848
0.21554 0.01722 0.00757684
0.232814 0.0188623 0.0069299
0.226527 0.016583 0.00796111
0.219087 0.0147351 0.0113359
0.234874 0.0182786 0.00703328
0.230973 0.0147072 0.0118431
0.228176 0.0178296 0.00731756
0.219331 0.0148091 0.0102088
0.227633 0.0190479 0.00698005
0.227147 0.019344 0.00699978
0.222414 0.0177231 0.00744647
0.23251 0.0176114 0.0073643
0.226751 0.0163923 0.00802062
0.225828 0.0159522 0.00848021
0.220215 0.0175468 0.00729188
0.2217 0.0157135 0.0088928
0.220427 0.018492 0.00715345
0.234602 0.0184019 0.00700894
0.227486 0.0166219 0.00819146
0.219512 0.015357 0.00964294
0.227226 0.0182743 0.00701366
0.220557 0.019071 0.00706502
0.227012 0.018484 0.00702465
0.227474 0.0170762 0.00766657
0.22285 0.017563 0.00719374
0.228117 0.0165002 0.00801805
0.221798 0.0170486 0.00750791
0.221133 0.0199031 0.00698989
0.227081 0.0187752 0.00700238
0.221565 0.0193914 0.00700183
0.23425 0.0180322 0.00715822
0.220033 0.0161802 0.00835496
0.232592 0.0186052 0.00701635
0.220537 0.0178089 0.00740512
0.222321 0.0178205 0.00717753
0.221532 0.0177916 0.00746868
0.227905 0.0166812 0.00790692
0.226179 0.0173615 0.00742458
0.226481 0.018731 0.00702458
0.227912 0.0189376 0.0069706
0.233267 0.0184156 0.00735812
0.22825 0.0175749 0.00745786
0.231425 0.0151162 0.00995422
0.214531 0.0189621 0.00720773
0.227822 0.0185439 0.00697669
0.226351 0.0181488 0.00708184
0.232878 0.0191542 0.00695493
0.228491 0.0181172 0.00718768
0.218773 0.0151537 0.0127496
0.225413 0.0148216 0.0101305
0.221388 0.0188271 0.00706805
0.220556 0.0182231 0.00718722
0.227332 0.0175136 0.00742454
0.221396 0.0157467 0.00889809
0.22627 0.0156198 0.00870617
0.228718 0.0182972 0.00710852
0.225295 0.0147807 0.0104031
0.234312 0.0183077 0.00705559
0.226895 0.0174951 0.00769945
0.227985 0.0174435 0.00750852
0.23243 0.016162 0.00805596
0.231908 0.0162135 0.00797514
0.228475 0.0178521 0.00732708
0.215656 0.0153416 0.00909627
0.228219 0.0167606 0.00788732
0.221575 0.0160741 0.00845677
0.215087 0.0189478 0.0073544
0.227534 0.0183946 0.0070268
0.226322 0.0158449 0.00851487
0.222755 0.0178478 0.00715638
0.228 0.0169353 0.00777901
0.226605 0.0157545 0.00855856
0.22197 0.0160643 0.0084077
0.227383 0.0163501 0.0083197
0.220346 0.0150668 0.00971114
0.227259 0.0172544 0.00755668
0.220124 0.0171024 0.00735708
0.221169 0.0168998 0.00758664
0.233005 0.0197275 0.00708157
0.221567 0.0199727 0.00701228
0.220099 0.0160268 0.00860424
0.220527 0.0157748 0.00893502
0.221549 0.0175997 0.00723867
0.221039 0.0186003 0.0071142
0.226237 0.0176491 0.0073623
0.2263 0.01727 0.00774498
0.22875 0.0188503 0.00694751
0.220496 0.016434 0.00816773
0.226926 0.0195459 0.00700596
0.227114 0.0176925 0.00731406
0.221393 0.0162367 0.00827966
0.221018 0.017334 0.00729743
0.222191 0.0183291 0.00733502
0.227911 0.0176981 0.00736822
0.227185 0.0169949 0.00768895
0.22523 0.0147615 0.0106954
0.213679 0.0156443 0.00886041
0.228403 0.0186728 0.00695443
0.215864 0.0157872 0.00900107
0.232266 0.0165648 0.00777964
0.227523 0.0163517 0.00805411
0.226904 0.0157532 0.00852705
0.231101 0.0145669 0.0112786
0.226115 0.0171084 0.00757238
0.208774 0.0155398 0.00881224
0.227813 0.0164264 0.00803533
0.22582 0.0151759 0.00923616
0.220893 0.0182311 0.00717396
0.221402 0.0155593 0.00913394
0.220061 0.0149376 0.00979583
0.220068 0.0168819 0.00755279
0.221835 0.0177086 0.00721196
0.228125 0.0184122 0.00700505
0.228106 0.0187088 0.00696511
0.227325 0.0189576 0.00699198
0.219838 0.0153719 0.0092438
0.208591 0.0165728 0.007794
0.214774 0.0187872 0.00719688
0.21645 0.0183932 0.00730118
0.227763 0.0171577 0.00764408
0.220617 0.0154049 0.00962493
0.213379 0.0151702 0.0101956
0.227211 0.0196365 0.00701916
0.226863 0.019248 0.00701008
0.226768 0.0188215 0.00701342
0.22553 0.0151311 0.00929869
0.215944 0.0157945 0.00871211
0.208243 0.0170572 0.00773163
0.227231 0.0162822 0.00807008
0.227612 0.0166186 0.00791904
0.232755 0.0162546 0.00792282
0.221794 0.0159269 0.00860852
0.226749 0.0173837 0.00745148
0.22034 0.0181116 0.0073628
0.232553 0.0166436 0.00772262
0.222405 0.0186031 0.00706111
0.226346 0.0175382 0.00761875
0.222601 0.0167681 0.00781288
0.208997 0.0162652 0.00833615
0.207728 0.015883 0.0087752
0.216373 0.0181958 0.00708875
0.222351 0.0174118 0.00723823
0.228341 0.0173253 0.00759675
0.227044 0.0174327 0.00744677
0.221668 0.0164124 0.00804612
0.226832 0.0183805 0.00724462
0.214923 0.0182117 0.00736866
0.227507 0.0195873 0.00702487
0.226586 0.0179073 0.00716225
0.220492 0.0187815 0.00710923
0.220281 0.0166497 0.00817447
0.226982 0.0198405 0.00704643
0.226289 0.0178667 0.00716244
0.227013 0.0179359 0.00747267
0.214478 0.0152327 0.00925086
0.214797 0.0152475 0.00922087
0.228034 0.0193055 0.00699791
0.220412 0.0175083 0.0075204
0.221823 0.0178643 0.00746828
0.208704 0.0185279 0.00717663
0.20867 0.0179426 0.00712927
0.213521 0.0153009 0.00961672
0.221052 0.0162869 0.00826509
0.222265 0.016446 0.0080642
0.226117 0.016024 0.00838952
0.221485 0.0181762 0.00715811
0.221469 0.0175149 0.00756706
0.219971 0.0157786 0.00880647
0.21533 0.0165818 0.00810734
0.215065 0.0177407 0.00744937
0.20985 0.0162227 0.00805332
0.220573 0.0169013 0.00772713
0.221596 0.0172161 0.00736337
0.209274 0.0156186 0.00876508
0.221599 0.0184067 0.00731244
0.221005 0.0179131 0.00721454
0.221071 0.0154511 0.00932196
0.221835 0.0183844 0.00711458
0.21957 0.0154427 0.00936107
0.226641 0.0194493 0.00701362
0.226289 0.016696 0.00781701
0.214948 0.0173491 0.00776951
0.214812 0.0158488 0.00877708
0.227137 0.0155956 0.00863165
0.220935 0.0170727 0.00741922
0.222323 0.0166717 0.00787415
0.221709 0.019177 0.00715458
0.215502 0.0174691 0.00737658
0.209996 0.0191354 0.00703847
0.227495 0.0180735 0.00739544
0.221648 0.018107 0.00739989
0.227032 0.0164738 0.00795416
0.227068 0.019054 0.00711244
0.219444 0.0151737 0.00987016
0.214273 0.0150813 0.00940966
0.208777 0.016466 0.00801801
0.214897 0.0168535 0.00789168
0.209292 0.0175797 0.00749381
0.214123 0.0161838 0.00841593
0.219448 0.0149536 0.00963834
0.222102 0.0179041 0.00736429
0.214475 0.0157026 0.00906064
0.222666 0.0183998 0.00708028
0.220718 0.0185614 0.00713221
0.219211 0.0146731 0.0107811
0.227322 0.0165502 0.00795118
0.226802 0.0166366 0.00785135
0.220327 0.0162405 0.00837557
0.209974 0.0167129 0.00760832
0.221074 0.0196091 0.00698753
0.22042 0.0172778 0.00732861
0.216404 0.0172733 0.0074815
0.226848 0.0155289 0.00871816
0.220196 0.01564 0.00901551
0.227113 0.0167352 0.00782142
0.216571 0.0165523 0.0080613
0.215869 0.0171379 0.00762507
0.21541 0.0163549 0.00828686
0.221885 0.0193709 0.00700828
0.221889 0.0189218 0.00726555
0.221797 0.0174529 0.00755353
0.221191 0.0182738 0.00715538
0.221355 0.017374 0.00727864
0.220771 0.0182745 0.00745057
0.205681 0.0189804 0.0155984
0.221441 0.0191191 0.00702395
0.22074 0.019948 0.00702264
0.218726 0.0149337 0.0129379
0.219904 0.0155723 0.00902754
0.216318 0.017498 0.007302
0.222147 0.0158136 0.00869684
0.209476 0.0184333 0.00700915
0.221334 0.0185341 0.00711237
0.221634 0.0186055 0.00709051
0.221996 0.015664 0.0089093
0.221933 0.0181984 0.00741477
0.222525 0.0180398 0.0071376
0.213809 0.016062 0.00849004
0.213014 0.0147827 0.0116608
0.215244 0.0182339 0.00713998
0.22028 0.0178387 0.007253
0.219272 0.014738 0.0104944
0.214346 0.0176155 0.00745379
0.221975 0.0164897 0.0080036
0.219621 0.0154816 0.0090679
0.220631 0.0193639 0.00701995
0.220473 0.0167681 0.00797666
0.228306 0.0170303 0.00775058
0.228077 0.0171939 0.0076474
0.213974 0.015697 0.00884793
0.214738 0.0166384 0.00818032
0.222534 0.016987 0.00761894
0.214152 0.0172767 0.00769548
0.221096 0.0188921 0.00707
0.214938 0.0150378 0.00938329
0.213598 0.0153672 0.00910668
0.221468 0.0169982 0.00752531
0.221334 0.0186169 0.00740069
0.222553 0.0176298 0.00719559
0.215011 0.0193146 0.00730267
0.215639 0.0185276 0.00721799
0.22073 0.0154539 0.00935155
0.214834 0.0179284 0.00741153
0.220796 0.0188904 0.00708182
0.215949 0.0153914 0.00904951
0.214614 0.0154366 0.00907757
0.222461 0.0161214 0.00835944
0.221052 0.0158483 0.00882333
0.220865 0.0168491 0.00760648
0.221346 0.0164232 0.00804945
0.207481 0.01513 0.00959186
0.220945 0.0176224 0.00725871
0.216848 0.0176412 0.00715166
0.220055 0.0147816 0.010052
0.215071 0.0154549 0.00903696
0.221175 0.0165551 0.00825448
0.220748 0.0166773 0.00782348
0.215543 0.0182401 0.0071627
0.212915 0.0147451 0.0121079
0.227538 0.0160875 0.00819532
0.220885 0.0152845 0.00956144
0.212694 0.0152535 0.013076
0.202388 0.0182932 0.00698449
0.214589 0.0179165 0.00708247
0.208483 0.0187444 0.00718727
0.221599 0.017894 0.00719434
0.220645 0.0170047 0.00745493
0.216064 0.0194223 0.00733789
0.215981 0.0180351 0.00733956
0.214588 0.0160118 0.00866136
0.225663 0.0155291 0.00886995
0.219148 0.0146129 0.0110686
0.219744 0.0149738 0.0096881
0.215152 0.0184136 0.00740479
0.21037 0.0181809 0.00711083
0.214018 0.0159175 0.00864927
0.222748 0.0171542 0.00749162
0.221195 0.0161125 0.00846749
0.222651 0.0173687 0.00730598
0.215654 0.0157069 0.00879956
0.219686 0.0156807 0.00885283
0.216293 0.0169165 0.00778107
0.221793 0.0174147 0.00725588
0.222129 0.0184879 0.00708833
0.21276 0.0151481 0.0128025
0.219757 0.0158954 0.00862114
0.216753 0.0171942 0.00752192
0.210524 0.0177357 0.0072468
0.220738 0.0159435 0.00880321
0.222257 0.0168907 0.00768007
0.215338 0.0179518 0.00709908
0.212625 0.0153895 0.0133354
0.215225 0.0161564 0.00845851
0.220308 0.0172617 0.00765631
0.222066 0.0162685 0.00820147
0.215932 0.0164692 0.00816468
0.214865 0.0175167 0.00727761
0.209015 0.01625 0.00803709
0.216175 0.0177265 0.0071708
0.213275 0.0148741 0.0105437
0.214074 0.0164664 0.00832857
0.222119 0.0176006 0.00721656
0.221649 0.0172361 0.00769982
0.203194 0.0182967 0.00700897
0.220353 0.0169978 0.00752016
0.214437 0.0179253 0.00734126
0.221492 0.0167827 0.0080255
0.215842 0.0182212 0.00714979
0.227335 0.0186162 0.00699406
0.221227 0.0171425 0.00741984
0.221825 0.0180877 0.0071577
0.215628 0.0188423 0.00726986
0.227869 0.0182616 0.00706652
0.222427 0.0171951 0.00743109
0.215241 0.0168065 0.00792953
0.214996 0.0184025 0.00714897
0.218685 0.0151301 0.0131608
0.222044 0.0176457 0.00750662
0.215861 0.0151656 0.00922763
0.221107 0.0166751 0.00777547
0.20829 0.0165781 0.00780554
0.21584 0.0175916 0.00726982
0.21486 0.0155437 0.00923097
0.215334 0.0191062 0.00729203
0.215746 0.0178537 0.00738166
0.221962 0.0190728 0.00701676
0.208713 0.0157175 0.00857822
0.220266 0.0158392 0.00880133
0.214418 0.0164182 0.00823523
0.202945 0.0172454 0.00752834
0.213896 0.0153836 0.00912807
0.214336 0.0180733 0.00704428
0.205788 0.0184115 0.0155541
0.221303 0.0159307 0.00868027
0.221679 0.0188988 0.00704652
0.216018 0.01669 0.00798052
0.214517 0.0171444 0.00757613
0.215242 0.0172556 0.00756229
0.221242 0.0178682 0.00748365
0.220088 0.0151363 0.00957262
0.213863 0.0162768 0.00828779
0.216099 0.015997 0.00853892
0.209629 0.0185437 0.00726183
0.214059 0.0167797 0.00809743
0.201526 0.015325 0.00948706
0.221753 0.0166336 0.00786206
0.219809 0.0151722 0.00946788
0.22215 0.0170989 0.00749217
0.208418 0.0184547 0.00723032
0.216543 0.0170365 0.00766722
0.215364 0.0157574 0.00885877
0.215637 0.017958 0.00712249
0.208743 0.0161579 0.0081236
0.208066 0.0150741 0.00944481
0.210153 0.0161662 0.00815816
0.22091 0.0186324 0.00738466
0.220235 0.0153614 0.00970598
0.214431 0.0167059 0.00815306
0.20822 0.016353 0.00799094
0.215249 0.0150158 0.00939353
0.221385 0.0197352 0.00699035
0.207657 0.0150539 0.0101198
0.208347 0.0181405 0.00727258
0.208414 0.015274 0.00911409
0.21671 0.0179047 0.00710919
0.222055 0.0167815 0.00795295
0.209186 0.0183614 0.00702855
0.214837 0.0190757 0.0072497
0.213873 0.0154642 0.00941612
0.202519 0.018889 0.00701321
0.2157 0.0159362 0.00861069
0.216245 0.015425 0.00901952
0.215724 0.0163072 0.00830797
0.222184 0.0188335 0.00703641
0.220353 0.0154882 0.00922634
0.202118 0.016079 0.00823313
0.21607 0.0173775 0.00741914
0.209224 0.0176862 0.00722176
0.221918 0.0186996 0.007066
0.215318 0.0170294 0.00774412
0.214851 0.0177853 0.00714501
0.216672 0.0181992 0.00706611
0.208924 0.0153878 0.00902303
0.21511 0.0163772 0.00828563
0.21521 0.0175107 0.00732247
0.21341 0.0149166 0.00984823
0.2199 0.015462 0.00952314
0.213136 0.0148538 0.0111269
0.216258 0.0157953 0.00869386
0.214881 0.0161369 0.00849367
0.207792 0.0158786 0.00839622
0.20196 0.0165044 0.00798192
0.22072 0.017277 0.00731717
0.215903 0.0178235 0.00709027
0.208562 0.015903 0.00839762
0.208975 0.0186339 0.00710478
0.20141 0.0151528 0.0100501
0.214902 0.0170719 0.00768583
0.214402 0.0183717 0.00710142
0.214641 0.0169515 0.0077697
0.214058 0.0149434 0.009567
0.209551 0.0180575 0.00712223
0.214808 0.0163742 0.0083061
0.209236 0.0160879 0.00815989
0.207989 0.0165786 0.00782104
0.20884 0.0171472 0.00764617
0.215144 0.017724 0.00712212
0.213079 0.0149341 0.0114102
0.202249 0.016586 0.00794039
0.222073 0.0173156 0.00729931
0.210519 0.0164795 0.00779629
0.21421 0.015344 0.0091755
0.213466 0.01499 0.00956281
0.20905 0.0165158 0.00790229
0.208296 0.0179131 0.00756149
0.207729 0.0156516 0.00858173
0.207896 0.0153167 0.00901875
0.212898 0.0150121 0.0122435
0.216317 0.0166838 0.00796876
0.215926 0.0188791 0.00726025
0.216573 0.0168051 0.00785581
0.215368 0.0159434 0.00862346
0.216561 0.0176747 0.00723071
0.215116 0.0152256 0.00922505
0.216658 0.0184954 0.00711117
0.215292 0.0175478 0.00760866
0.212964 0.0149735 0.0118868
0.215058 0.0186911 0.00720189
0.213208 0.0148555 0.0108355
0.208452 0.0160901 0.00819031
0.210422 0.0185128 0.00701453
0.206069 0.0169406 0.0150605
0.21345 0.0152458 0.00990294
0.208999 0.0156767 0.00866112
0.214305 0.0153756 0.00945814
0.20883 0.0191342 0.00720054
0.210193 0.018215 0.00735085
0.215625 0.0165305 0.00813213
0.215935 0.0185727 0.00720185
0.20983 0.0186024 0.00697707
0.208454 0.0174228 0.00727597
0.213576 0.0155083 0.00940681
0.21547 0.0176961 0.00718301
0.21536 0.0153837 0.00907864
0.208024 0.015705 0.00858246
0.214294 0.0157945 0.00879689
0.214961 0.0173116 0.00747427
0.201468 0.0152386 0.00976836
0.214738 0.0174705 0.00759535
0.207813 0.0151293 0.00923759
0.202434 0.017349 0.00750057
0.209131 0.0158491 0.00845455
0.208977 0.0169183 0.0074954
0.215107 0.015836 0.00872543
0.208203 0.0150297 0.00970921
0.220465 0.0160455 0.00861805
0.221348 0.018278 0.00741558
0.221125 0.015662 0.0090473
0.207312 0.0150577 0.0104522
0.214043 0.0152393 0.00951941
0.215469 0.0151641 0.00925124
0.220014 0.0166827 0.00777047
0.216675 0.0174202 0.0073408
0.21001 0.0175084 0.00729817
0.216159 0.0157435 0.00897247
0.208394 0.0171405 0.00735737
0.215028 0.0166464 0.00807201
0.20873 0.0182904 0.00740408
0.208945 0.0180846 0.00744089
0.216168 0.0171379 0.00760826
0.208931 0.0183329 0.00718514
0.21564 0.0169938 0.00775498
0.209511 0.0177718 0.0072053
0.207081 0.0149231 0.0113986
0.214213 0.0155767 0.00898631
0.207961 0.015493 0.00878492
0.209734 0.0165744 0.00773256
0.213948 0.0165546 0.00802328
0.214567 0.0173714 0.00737162
0.216192 0.0184274 0.00714885
0.210429 0.0171744 0.00740943
0.208631 0.0176569 0.00721214
0.209383 0.0182751 0.00724635
0.202974 0.0184992 0.00698415
0.21641 0.0178983 0.00709879
0.208793 0.0177236 0.00745529
0.21492 0.0180717 0.00708786
0.208312 0.0161065 0.00845521
0.202455 0.0185963 0.00700116
0.207663 0.0154784 0.00881802
0.215659 0.0167609 0.00794306
0.215772 0.0173639 0.00745308
0.214242 0.016588 0.00802169
0.208358 0.0168037 0.00762017
0.20177 0.0157405 0.00841817
0.213531 0.0151413 0.00930731
0.222382 0.0183067 0.00710466
0.214295 0.0160191 0.00859802
0.214467 0.018671 0.00715991
0.203039 0.018792 0.0069962
0.207431 0.0151056 0.00988673
0.203431 0.0181136 0.00703382
0.208842 0.0174548 0.00727834
0.206879 0.0149298 0.0122516
0.214594 0.0192508 0.00726078
0.210225 0.0177107 0.00724506
0.207794 0.0154599 0.00926179
0.210184 0.0159841 0.00839466
0.213973 0.015673 0.00914692
0.212823 0.0150305 0.0125334
0.209624 0.0163604 0.00791183
0.216232 0.0164628 0.00815301
0.21429 0.0172734 0.00742904
0.21639 0.0186551 0.00716794
0.208934 0.0177564 0.0071922
0.214826 0.0155957 0.00893748
0.208658 0.0167989 0.00760833
0.202088 0.0170075 0.0076948
0.208938 0.0166876 0.00768326
0.215118 0.017995 0.00729931
0.207922 0.0163373 0.00801899
0.20971 0.0175033 0.00729052
0.20951 0.0170239 0.00745131
0.214712 0.0184986 0.00714432
0.208937 0.0159795 0.00826667
0.208584 0.0180151 0.00740734
0.210637 0.018314 0.00707971
0.202316 0.0168397 0.00779491
0.216354 0.0205006 0.00749708
0.208952 0.0180438 0.00710802
0.210085 0.0182689 0.0070762
0.214085 0.01697 0.00768444
0.207857 0.0161065 0.00820838
0.206781 0.0151368 0.0127051
0.210589 0.0169323 0.00748569
0.206984 0.016409 0.0146317
0.208474 0.0176923 0.00746472
0.205887 0.0179875 0.0154532
0.216134 0.0180144 0.00708224
0.215466 0.0180212 0.00736112
0.20991 0.0160449 0.00828739
0.209853 0.0177575 0.00721992
0.201831 0.0159955 0.00827243
0.215993 0.0169227 0.00779284
0.209138 0.01741 0.00730059
0.208054 0.0168377 0.00760887
0.202721 0.0174246 0.00744096
0.202148 0.0172626 0.00754895
0.214341 0.0168403 0.00783583
0.207546 0.0152471 0.00932343
0.214562 0.0150033 0.00943247
0.208186 0.0168336 0.00792332
0.21383 0.0151649 0.00932215
0.21376 0.0149417 0.00959692
0.214272 0.0177931 0.00712895
0.209251 0.0180374 0.00711904
0.215331 0.0188088 0.00724203
0.21534 0.0185129 0.00719318
0.207154 0.014973 0.011112
0.213633 0.0156631 0.00915613
0.201894 0.0162501 0.00812707
0.20266 0.0171701 0.00758764
0.208368 0.0178718 0.00714095
0.203006 0.0175001 0.00738154
0.202646 0.019475 0.00703739
0.207941 0.0160201 0.00861505
0.208122 0.0152004 0.00917847
0.209697 0.0168132 0.00755495
0.202326 0.0180283 0.00711092
0.210219 0.0169668 0.00746423
0.209243 0.0171412 0.00738303
0.210439 0.0167162 0.00763032
0.208317 0.0157537 0.00848933
0.206429 0.015829 0.0140301
0.20817 0.0173444 0.00732828
0.209405 0.0159443 0.00836192
0.210298 0.0174323 0.0073294
0.208222 0.0159502 0.00869488
0.209456 0.0166734 0.00766747
0.209692 0.0159074 0.00844014
0.208539 0.0170961 0.00767596
0.202584 0.0191818 0.00702526
0.208187 0.0153834 0.00894954
0.209806 0.0189032 0.00702807
0.208947 0.0171884 0.00736861
0.202267 0.017773 0.00725699
0.209329 0.0164084 0.00788768
0.208518 0.0163163 0.00800458
0.208489 0.0154675 0.00887426
0.209436 0.0173836 0.00731746
0.209563 0.0187274 0.00703402
0.209269 0.0186778 0.00706708
0.209851 0.0180452 0.00713503
0.206946 0.0148323 0.0119759
0.207725 0.015075 0.00982842
0.209052 0.0189268 0.00713681
0.210389 0.0187989 0.00693041
0.207646 0.0156405 0.00906989
0.209922 0.0170011 0.00749208
0.202055 0.0158248 0.00837971
0.208611 0.0193291 0.00726202
0.202206 0.017518 0.00740272
0.215532 0.0161338 0.00845964
0.209728 0.0172162 0.00737571
0.209079 0.017816 0.00744977
0.210611 0.0180118 0.00716805
0.208232 0.0176142 0.00721275
0.20134 0.0150681 0.0103292
0.216008 0.0162219 0.00836138
0.208167 0.0173456 0.00770256
0.202376 0.017094 0.00764771
0.202495 0.0176034 0.00735393
0.207599 0.0152758 0.0090296
0.202843 0.0179365 0.00714599
0.210098 0.0188527 0.00697946
0.209471 0.0157678 0.00859515
0.202909 0.0182137 0.00704932
0.201798 0.0156063 0.00868492
0.206825 0.0148878 0.0125436
0.20811 0.0170657 0.00742223
0.202182 0.0163327 0.0080867
0.209442 0.0173226 0.00761111
0.209525 0.0161544 0.00810581
0.20268 0.018398 0.00699042
0.214203 0.0174787 0.00722848
0.209269 0.0168608 0.00752626
0.210203 0.0165569 0.00772397
0.21024 0.0163474 0.00793544
0.210126 0.0185543 0.00699326
0.209961 0.0164161 0.0078482
0.208766 0.0188409 0.00716315
0.19614 0.0172232 0.00744669
0.202557 0.0178583 0.00720833
0.208251 0.015567 0.00872123
0.216223 0.0188974 0.00722837
0.216311 0.0162359 0.00833296
0.201271 0.0149834 0.0106084
0.2086 0.0182339 0.00714009
0.208547 0.0190359 0.0072255
0.202744 0.0186909 0.00699859
0.208656 0.017325 0.00747542
0.205958 0.0174627 0.0152831
0.202601 0.0169152 0.0077344
0.207774 0.0151004 0.00953352
0.208235 0.0176324 0.00764754
0.202616 0.0181141 0.00706302
0.206669 0.0167162 0.0149162
0.202782 0.0176791 0.00729429
0.202813 0.0189891 0.00701079
0.208155 0.0161282 0.00817815
0.20254 0.0166606 0.00788108
0.202027 0.0167774 0.00787734
0.208706 0.0152475 0.00917932
0.203069 0.0177588 0.00723241
0.208105 0.0166067 0.00810188
0.209797 0.0183398 0.00711938
0.203369 0.0178501 0.0071632
0.201591 0.0154082 0.00920623
0.208681 0.0170312 0.0074199
0.207008 0.0148732 0.0116851
0.210146 0.0179876 0.00716099
0.20809 0.0159135 0.00837722
0.210082 0.0172297 0.00738253
0.203129 0.0180134 0.00708571
0.207394 0.0148931 0.0118328
0.207381 0.0151573 0.0101779
0.201663 0.0154957 0.00892845

VERTICES 885 1770
1 0
1 1
1 2
1 3
1 4
1 5
1 6
1 7
1 8
1 9
1 10
1 11
1 12
1 13
1 14
1 15
1 16
1 17
1 18
1 19
1 20
1 21
1 22
1 23
1 24
1 25
1 26
1 27
1 28
1 29
1 30
1 31
1 32
1 33
1 34
1 35
1 36
1 37
1 38
1 39
1 40
1 41
1 42
1 43
1 44
1 45
1 46
1 47
1 48
1 49
1 50
1 51
1 52
1 53
1 54
1 55
1 56
1 57
1 58
1 59
1 60
1 61
1 62
1 63
1 64
1 65
1 66
1 67
1 68
1 69
1 70
1 71
1 72
1 73
1 74
1 75
1 76
1 77
1 78
1 79
1 80
1 81
1 82
1 83
1 84
1 85
1 86
1 87
1 88
1 89
1 90
1 91
1 92
1 93
1 94
1 95
1 96
1 97
1 98
1 99
1 100
1 101
1 102
1 103
1 104
1 105
1 106
1 107
1 108
1 109
1 110
1 111
1 112
1 113
1 114
1 115
1 116
1 117
1 118
1 119
1 120
1 121
1 122
1 123
1 124
1 125
1 126
1 127
1 128
1 129
1 130
1 131
1 132
1 133
1 134
1 135
1 136
1 137
1 138
1 139
1 140
1 141
1 142
1 143
1 144
1 145
1 146
1 147
1 148
1 149
1 150
1 151
1 152
1 153
1 154
1 155
1 156
1 157
1 158
1 159
1 160
1 161
1 162
1 163
1 164
1 165
1 166
1 167
1 168
1 169
1 170
1 171
1 172
1 173
1 174
1 175
1 176
1 177
1 178
1 179
1 180
1 181
1 182
1 183
1 184
1 185
1 186
1 187
1 188
1 189
1 190
1 191
1 192
1 193
1 194
1 195
1 196
1 197
1 198
1 199
1 200
1 201
1 202
1 203
1 204
1 205
1 206
1 207
1 208
1 209
1 210
1 211
1 212
1 213
1 214
1 215
1 216
1 217
1 218
1 219
1 220
1 221
1 222
1 223
1 224
1 225
1 226
1 227
1 228
1 229
1 230
1 231
1 232
1 233
1 234
1 235
1 236
1 237
1 238
1 239
1 240
1 241
1 242
1 243
1 244
1 245
1 246
1 247
1 248
1 249
1 250
1 251
1 252
1 253
1 254
1 255
1 256
1 257
1 258
1 259
1 260
1 261
1 262
1 263
1 264
1 265
1 266
1 267
1 268
1 269
1 270
1 271
1 272
1 273
1 274
1 275
1 276
1 277
1 278
1 279
1 280
1 281
1 282
1 283
1 284
1 285
1 286
1 287
1 288
1 289
1 290
1 291
1 292
1 293
1 294
1 295
1 296
1 297
1 298
1 299
1 300
1 301
1 302
1 303
1 304
1 305
1 306
1 307
1 308
1 309
1 310
1 311
1 312
1 313
1 314
1 315
1 316
1 317
1 318
1 319
1 320
1 321
1 322
1 323
1 324
1 325
1 326
1 327
1 328
1 329
1 330
1 331
1 332
1 333
1 334
1 335
1 336
1 337
1 338
1 339
1 340
1 341
1 342
1 343
1 344
1 345
1 346
1 347
1 348
1 349
1 350
1 351
1 352
1 353
1 354
1 355
1 356
1 357
1 358
1 359
1 360
1 361
1 362
1 363
1 364
1 365
1 366
1 367
1 368
1 369
1 370
1 371
1 372
1 373
1 374
1 375
1 376
1 377
1 378
1 379
1 380
1 381
1 382
1 383
1 384
1 385
1 386
1 387
1 388
1 389
1 390
1 391
1 392
1 393
1 394
1 395
1 396
1 397
1 398
1 399
1 400
1 401
1 402
1 403
1 404
1 405
1 406
1 407
1 408
1 409
1 410
1 411
1 412
1 413
1 414
1 415
1 416
1 417
1 418
1 419
1 420
1 421
1 422
1 423
1 424
1 425
1 426
1 427
1 428
1 429
1 430
1 431
1 432
1 433
1 434
1 435
1 436
1 437
1 438
1 439
1 440
1 441
1 442
1 443
1 444
1 445
1 446
1 447
1 448
1 449
1 450
1 451
1 452
1 453
1 454
1 455
1 456
1 457
1 458
1 459
1 460
1 461
1 462
1 463
1 464
1 465
1 466
1 467
1 468
1 469
1 470
1 471
1 472
1 473
1 474
1 475
1 476
1 477
1 478
1 479
1 480
1 481
1 482
1 483
1 484
1 485
1 486
1 487
1 488
1 489
1 490
1 491
1 492
1 493
1 494
1 495
1 496
1 497
1 498
1 499
1 500
1 501
1 502
1 503
1 504
1 505
1 506
1 507
1 508
1 509
1 510
1 511
1 512
1 513
1 514
1 515
1 516
1 517
1 518
1 519
1 520
1 521
1 522
1 523
1 524
1 525
1 526
1 527
1 528
1 529
1 530
1 531
1 532
1 533
1 534
1 535
1 536
1 537
1 538
1 539
1 540
1 541
1 542
1 543
1 544
1 545
1 546
1 547
1 548
1 549
1 550
1 551
1 552
1 553
1 554
1 555
1 556
1 557
1 558
1 559
1 560
1 561
1 562
1 563
1 564
1 565
1 566
1 567
1 568
1 569
1 570
1 571
1 572
1 573
1 574
1 575
1 576
1 577
1 578
1 579
1 580
1 581
1 582
1 583
1 584
1 585
1 586
1 587
1 588
1 589
1 590
1 591
1 592
1 593
1 594
1 595
1 596
1 597
1 598
1 599
1 600
1 601
1 602
1 603
1 604
1 605
1 606
1 607
1 608
1 609
1 610
1 611
1 612
1 613
1 614
1 615
1 616
1 617
1 618
1 619
1 620
1 621
1 622
1 623
1 624
1 625
1 626
1 627
1 628
1 629
1 630
1 631
1 632
1 633
1 634
1 635
1 636
1 637
1 638
1 639
1 640
1 641
1 642
1 643
1 644
1 645
1 646
1 647
1 648
1 649
1 650
1 651
1 652
1 653
1 654
1 655
1 656
1 657
1 658
1 659
1 660
1 661
1 662
1 663
1 664
1 665
1 666
1 667
1 668
1 669
1 670
1 671
1 672
1 673
1 674
1 675
1 676
1 677
1 678
1 679
1 680
1 681
1 682
1 683
1 684
1 685
1 686
1 687
1 688
1 689
1 690
1 691
1 692
1 693
1 694
1 695
1 696
1 697
1 698
1 699
1 700
1 701
1 702
1 703
1 704
1 705
1 706
1 707
1 708
1 709
1 710
1 711
1 712
1 713
1 714
1 715
1 716
1 717
1 718
1 719
1 720
1 721
1 722
1 723
1 724
1 725
1 726
1 727
1 728
1 729
1 730
1 731
1 732
1 733
1 734
1 735
1 736
1 737
1 738
1 739
1 740
1 741
1 742
1 743
1 744
1 745
1 746
1 747
1 748
1 749
1 750
1 751
1 752
1 753
1 754
1 755
1 756
1 757
1 758
1 759
1 760
1 761
1 762
1 763
1 764
1 765
1 766
1 767
1 768
1 769
1 770
1 771
1 772
1 773
1 774
1 775
1 776
1 777
1 778
1 779
1 780
1 781
1 782
1 783
1 784
1 785
1 786
1 787
1 788
1 789
1 790
1 791
1 792
1 793
1 794
1 795
1 796
1 797
1 798
1 799
1 800
1 801
1 802
1 803
1 804
1 805
1 806
1 807
1 808
1 809
1 810
1 811
1 812
1 813
1 814
1 815
1 816
1 817
1 818
1 819
1 820
1 821
1 822
1 823
1 824
1 825
1 826
1 827
1 828
1 829
1 830
1 831
1 832
1 833
1 834
1 835
1 836
1 837
1 838
1 839
1 840
1 841
1 842
1 843
1 844
1 845
1 846
1 847
1 848
1 849
1 850
1 851
1 852
1 853
1 854
1 855
1 856
1 857
1 858
1 859
1 860
1 861
1 862
1 863
1 864
1 865
1 866
1 867
1 868
1 869
1 870
1 871
1 872
1 873
1 874
1 875
1 876
1 877
1 878
1 879
1 880
1 881
1 882
1 883
1 884

POINT_DATA 885
SCALARS id int 1
LOOKUP_TABLE default
1
2
3
4
5
6
7
8
9
10
11
12
13
14
15
16
17
18
19
20
21
22
23
24
25
26
27
28
29
30
31
32
33
34
35
36
37
39
40
41
42
43
44
45
46
47
48
49
50
51
52
53
54
56
57
58
59
60
61
62
63
64
65
67
68
69
70
71
72
73
74
75
76
77
78
79
80
81
82
83
84
85
86
87
88
89
90
91
92
93
94
95
96
97
98
99
100
101
102
103
104
105
106
107
108
109
110
111
112
113
114
115
116
117
118
119
120
121
122
123
124
125
126
127
129
130
131
132
133
134
135
136
137
138
139
140
141
142
143
144
145
146
147
148
149
150
151
153
154
155
156
157
158
159
160
161
162
163
164
165
166
167
168
169
170
171
172
173
174
175
176
177
178
179
180
181
182
183
184
185
186
187
188
189
190
191
192
193
194
195
196
197
198
199
200
201
202
203
204
205
206
207
208
209
210
211
212
213
214
215
217
218
219
220
221
222
223
224
225
226
227
228
229
230
231
232
233
234
235
236
237
238
239
240
241
242
243
244
245
246
247
248
249
250
251
252
253
254
255
256
257
258
259
260
261
262
263
264
265
266
267
268
269
270
271
273
274
275
276
277
278
279
280
281
282
283
284
285
286
287
288
289
290
291
292
293
294
295
296
297
298
299
300
301
302
303
304
305
306
307
308
309
310
311
312
313
314
315
316
317
318
319
320
321
322
323
324
325
326
327
328
329
330
331
332
333
334
335
336
337
338
339
340
341
342
343
344
345
346
347
348
349
350
351
352
353
354
355
356
357
358
359
360
361
362
363
364
365
366
367
368
369
370
371
372
373
374
375
376
377
378
379
380
381
382
383
384
385
386
387
388
389
390
391
392
393
394
395
396
397
398
399
400
401
402
403
404
405
406
407
408
409
410
411
412
413
414
415
416
417
418
419
420
421
422
423
424
425
426
427
428
429
430
431
432
433
434
435
436
437
438
439
440
441
442
443
444
445
446
447
448
449
450
451
452
453
454
455
456
457
458
459
460
461
462
463
464
465
466
467
468
469
470
471
472
473
474
475
476
477
478
479
480
481
482
483
484
485
486
487
488
489
490
491
492
493
494
495
496
497
498
499
500
501
502
503
504
505
506
507
508
509
510
511
512
513
514
515
516
517
518
519
520
521
522
523
524
525
526
527
528
529
530
531
532
533
534
535
536
537
538
539
540
541
542
543
544
545
546
547
548
549
550
551
552
553
554
555
556
557
558
559
560
561
562
563
564
565
566
567
568
569
570
571
572
573
574
575
576
577
579
580
581
582
583
584
585
586
587
588
589
590
591
592
593
594
595
596
597
598
599
600
601
602
603
605
606
607
608
609
610
611
612
613
614
615
616
617
618
619
620
621
622
623
624
625
626
627
628
629
630
631
632
633
634
635
636
637
638
640
641
642
643
644
645
646
647
648
649
650
651
652
653
654
655
656
659
660
661
662
663
664
665
666
667
668
669
670
671
672
673
674
675
676
677
678
679
680
681
682
683
684
685
686
687
688
690
691
692
693
694
695
696
697
698
699
700
701
702
703
704
705
706
707
708
709
710
711
712
713
714
715
716
717
718
719
720
721
722
723
724
725
726
727
728
729
730
731
732
733
734
735
736
737
738
739
740
741
742
743
744
745
746
747
748
749
750
751
752
753
754
755
756
757
758
759
760
761
762
764
765
766
767
768
769
770
771
772
773
774
775
776
777
778
779
780
781
782
783
784
785
786
787
788
789
791
792
793
794
795
796
797
798
799
800
801
802
803
804
805
806
807
808
809
810
811
812
813
814
815
816
817
818
819
820
821
822
823
824
825
826
827
828
829
830
831
832
833
834
835
836
837
838
839
840
841
842
843
844
845
846
847
848
849
850
851
852
853
854
855
856
857
858
859
860
861
862
863
864
865
866
867
868
869
870
871
872
873
874
875
876
877
878
879
880
881
882
883
884
885
886
887
888
889
890
891
892
893
894
895
896
897
898
899
900

SCALARS type int 1
LOOKUP_TABLE default
1
1
1
1
1
1
1
1
1
1
1
1
1
1
1
1
1
1
1
1
1
1
1
1
1
1
1
1
1
1
1
1
1
1
1
1
1
1
1
1
1
1
1
1
1
1
1
1
1
1
1
1
1
1
1
1
1
1
1
1
1
1
1
1
1
1
1
1
1
1
1
1
1
1
1
1
1
1
1
1
1
1
1
1
1
1
1
1
1
1
1
1
1
1
1
1
1
1
1
1
1
1
1
1
1
1
1
1
1
1
1
1
1
1
1
1
1
1
1
1
1
1
1
1
1
1
1
1
1
1
1
1
1
1
1
1
1
1
1
1
1
1
1
1
1
1
1
1
1
1
1
1
1
1
1
1
1
1
1
1
1
1
1
1
1
1
1
1
1
1
1
1
1
1
1
1
1
1
1
1
1
1
1
1
1
1
1
1
1
1
1
1
1
1
1
1
1
1
1
1
1
1
1
1
1
1
1
1
1
1
1
1
1
1
1
1
1
1
1
1
1
1
1
1
1
1
1
1
1
1
1
1
1
1
1
1
1
1
1
1
1
1
1
1
1
1
1
1
1
1
1
1
1
1
1
1
1
1
1
1
1
1
1
1
1
1
1
1
1
1
1
1
1
1
1
1
1
1
1
1
1
1
1
1
1
1
1
1
1
1
1
1
1
1
1
1
1
1
1
1
1
1
1
1
1
1
1
1
1
1
1
1
1
1
1
1
1
1
1
1
1
1
1
1
1
1
1
1
1
1
1
1
1
1
1
1
1
1
1
1
1
1
1
1
1
1
1
1
1
1
1
1
1
1
1
1
1
1
1
1
1
1
1
1
1
1
1
1
1
1
1
1
1
1
1
1
1
1
1
1
1
1
1
1
1
1
1
1
1
1
1
1
1
1
1
1
1
1
1
1
1
1
1
1
1
1
1
1
1
1
1
1
1
1
1
1
1
1
1
1
1
1
1
1
1
1
1
1
1
1
1
1
1
1
1
1
1
1
1
1
1
1
1
1
1
1
1
1
1
1
1
1
1
1
1
1
1
1
1
1
1
1
1
1
1
1
1
1
1
1
1
1
1
1
1
1
1
1
1
1
1
1
1
1
1
1
1
1
1
1
1
1
1
1
1
1
1
1
1
1
1
1
1
1
1
1
1
1
1
1
1
1
1
1
1
1
1
1
1
1
1
1
1
1
1
1
1
1
1
1
1
1
1
1
1
1
1
1
1
1
1
1
1
1
1
1
1
1
1
1
1
1
1
1
1
1
1
1
1
1
1
1
1
1
1
1
1
1
1
1
1
1
1
1
1
1
1
1
1
1
1
1
1
1
1
1
1
1
1
1
1
1
1
1
1
1
1
1
1
1
1
1
1
1
1
1
1
1
1
1
1
1
1
1
1
1
1
1
1
1
1
1
1
1
1
1
1
1
1
1
1
1
1
1
1
1
1
1
1
1
1
1
1
1
1
1
1
1
1
1
1
1
1
1
1
1
1
1
1
1
1
1
1
1
1
1
1
1
1
1
1
1
1
1
1
1
1
1
1
1
1
1
1
1
1
1
1
1
1
1
1
1
1
1
1
1
1
1
1
1
1
1
1
1
1
1
1
1
1
1
1
1
1
1
1
1
1
1
1
1
1
1
1
1
1
1
1
1
1
1
1
1
1
1
1
1
1
1
1
1
1
1
1
1
1
1
1
1
1
1
1
1
1
1
1
1
1
1
1
1
1
1
1
1
1
1
1
1
1
1
1
1
1
1
1
1
1
1
1
1
1
1
1
1
1
1
1
1
1
1
1
1
1
1
1
1
1
1
1
1
1
1
1
1
1
1
1
1
1
1
1
1
1
1
1
1
1
1
1
1
1
1
1
1
1
1
1
1
1
1
1
1
1
1
1
1
1
1
1
1
1
1
1
1
1
1
1
1
1
1
1
1
1
1
1
1
1
1
1
1
1
1
1
1
1
1
1
1
1
1
1
1
1
1
1
1
1
1
1
1
1
1
1
1
1

SCALARS radius float 1
LOOKUP_TABLE default
0.00015
0.00015
0.00015
0.00015
0.00015
0.00015
0.00015
0.00015
0.00015
0.00015
0.00015
0.00015
0.00015
0.00015
0.00015
0.00015
0.00015
0.00015
0.00015
0.00015
0.00015
0.00015
0.00015
0.00015
0.00015
0.00015
0.00015
0.00015
0.00015
0.00015
0.00015
0.00015
0.00015
0.00015
0.00015
0.00015
0.00015
0.00015
0.00015
0.00015
0.00015
0.00015
0.00015
0.00015
0.00015
0.00015
0.00015
0.00015
0.00015
0.00015
0.00015
0.00015
0.00015
0.00015
0.00015
0.00015
0.00015
0.00015
0.00015
0.00015
0.00015
0.00015
0.00015
0.00015
0.00015
0.00015
0.00015
0.00015
0.00015
0.00015
0.00015
0.00015
0.00015
0.00015
0.00015
0.00015
0.00015
0.00015
0.00015
0.00015
0.00015
0.00015
0.00015
0.00015
0.00015
0.00015
0.00015
0.00015
0.00015
0.00015
0.00015
0.00015
0.00015
0.00015
0.00015
0.00015
0.00015
0.00015
0.00015
0.00015
0.00015
0.00015
0.00015
0.00015
0.00015
0.00015
0.00015
0.00015
0.00015
0.00015
0.00015
0.00015
0.00015
0.00015
0.00015
0.00015
0.00015
0.00015
0.00015
0.00015
0.00015
0.00015
0.00015
0.00015
0.00015
0.00015
0.00015
0.00015
0.00015
0.00015
0.00015
0.00015
0.00015
0.00015
0.00015
0.00015
0.00015
0.00015
0.00015
0.00015
0.00015
0.00015
0.00015
0.00015
0.00015
0.00015
0.00015
0.00015
0.00015
0.00015
0.00015
0.00015
0.00015
0.00015
0.00015
0.00015
0.00015
0.00015
0.00015
0.00015
0.00015
0.00015
0.00015
0.00015
0.00015
0.00015
0.00015
0.00015
0.00015
0.00015
0.00015
0.00015
0.00015
0.00015
0.00015
0.00015
0.00015
0.00015
0.00015
0.00015
0.00015
0.00015
0.00015
0.00015
0.00015
0.00015
0.00015
0.00015
0.00015
0.00015
0.00015
0.00015
0.00015
0.00015
0.00015
0.00015
0.00015
0.00015
0.00015
0.00015
0.00015
0.00015
0.00015
0.00015
0.00015
0.00015
0.00015
0.00015
0.00015
0.00015
0.00015
0.00015
0.00015
0.00015
0.00015
0.00015
0.00015
0.00015
0.00015
0.00015
0.00015
0.00015
0.00015
0.00015
0.00015
0.00015
0.00015
0.00015
0.00015
0.00015
0.00015
0.00015
0.00015
0.00015
0.00015
0.00015
0.00015
0.00015
0.00015
0.00015
0.00015
0.00015
0.00015
0.00015
0.00015
0.00015
0.00015
0.00015
0.00015
0.00015
0.00015
0.00015
0.00015
0.00015
0.00015
0.00015
0.00015
0.00015
0.00015
0.00015
0.00015
0.00015
0.00015
0.00015
0.00015
0.00015
0.00015
0.00015
0.00015
0.00015
0.00015
0.00015
0.00015
0.00015
0.00015
0.00015
0.00015
0.00015
0.00015
0.00015
0.00015
0.00015
0.00015
0.00015
0.00015
0.00015
0.00015
0.00015
0.00015
0.00015
0.00015
0.00015
0.00015
0.00015
0.00015
0.00015
0.00015
0.00015
0.00015
0.00015
0.00015
0.00015
0.00015
0.00015
0.00015
0.00015
0.00015
0.00015
0.00015
0.00015
0.00015
0.00015
0.00015
0.00015
0.00015
0.00015
0.00015
0.00015
0.00015
0.00015
0.00015
0.00015
0.00015
0.00015
0.00015
0.00015
0.00015
0.00015
0.00015
0.00015
0.00015
0.00015
0.00015
0.00015
0.00015
0.00015
0.00015
0.00015
0.00015
0.00015
0.00015
0.00015
0.00015
0.00015
0.00015
0.00015
0.00015
0.00015
0.00015
0.00015
0.00015
0.00015
0.00015
0.00015
0.00015
0.00015
0.00015
0.00015
0.00015
0.00015
0.00015
0.00015
0.00015
0.00015
0.00015
0.00015
0.00015
0.00015
0.00015
0.00015
0.00015
0.00015
0.00015
0.00015
0.00015
0.00015
0.00015
0.00015
0.00015
0.00015
0.00015
0.00015
0.00015
0.00015
0.00015
0.00015
0.00015
0.00015
0.00015
0.00015
0.00015
0.00015
0.00015
0.00015
0.00015
0.00015
0.00015
0.00015
0.00015
0.00015
0.00015
0.00015
0.00015
0.00015
0.00015
0.00015
0.00015
0.00015
0.00015
0.00015
0.00015
0.00015
0.00015
0.00015
0.00015
0.00015
0.00015
0.00015
0.00015
0.00015
0.00015
0.00015
0.00015
0.00015
0.00015
0.00015
0.00015
0.00015
0.00015
0.00015
0.00015
0.00015
0.00015
0.00015
0.00015
0.00015
0.00015
0.00015
0.00015
0.00015
0.00015
0.00015
0.00015
0.00015
0.00015
0.00015
0.00015
0.00015
0.00015
0.00015
0.00015
0.00015
0.00015
0.00015
0.00015
0.00015
0.00015
0.00015
0.00015
0.00015
0.00015
0.00015
0.00015
0.00015
0.00015
0.00015
0.00015
0.00015
0.00015
0.00015
0.00015
0.00015
0.00015
0.00015
0.00015
0.00015
0.00015
0.00015
0.00015
0.00015
0.00015
0.00015
0.00015
0.00015
0.00015
0.00015
0.00015
0.00015
0.00015
0.00015
0.00015
0.00015
0.00015
0.00015
0.00015
0.00015
0.00015
0.00015
0.00015
0.00015
0.00015
0.00015
0.00015
0.00015
0.00015
0.00015
0.00015
0.00015
0.00015
0.00015
0.00015
0.00015
0.00015
0.00015
0.00015
0.00015
0.00015
0.00015
0.00015
0.00015
0.00015
0.00015
0.00015
0.00015
0.00015
0.00015
0.00015
0.00015
0.00015
0.00015
0.00015
0.00015
0.00015
0.00015
0.00015
0.00015
0.00015
0.00015
0.00015
0.00015
0.00015
0.00015
0.00015
0.00015
0.00015
0.00015
0.00015
0.00015
0.00015
0.00015
0.00015
0.00015
0.00015
0.00015
0.00015
0.00015
0.00015
0.00015
0.00015
0.00015
0.00015
0.00015
0.00015
0.00015
0.00015
0.00015
0.00015
0.00015
0.00015
0.00015
0.00015
0.00015
0.00015
0.00015
0.00015
0.00015
0.00015
0.00015
0.00015
0.00015
0.00015
0.00015
0.00015
0.00015
0.00015
0.00015
0.00015
0.00015
0.00015
0.00015
0.00015
0.00015
0.00015
0.00015
0.00015
0.00015
0.00015
0.00015
0.00015
0.00015
0.00015
0.00015
0.00015
0.00015
0.00015
0.00015
0.00015
0.00015
0.00015
0.00015
0.00015
0.00015
0.00015
0.00015
0.00015
0.00015
0.00015
0.00015
0.00015
0.00015
0.00015
0.00015
0.00015
0.00015
0.00015
0.00015
0.00015
0.00015
0.00015
0.00015
0.00015
0.00015
0.00015
0.00015
0.00015
0.00015
0.00015
0.00015
0.00015
0.00015
0.00015
0.00015
0.00015
0.00015
0.00015
0.00015
0.00015
0.00015
0.00015
0.00015
0.00015
0.00015
0.00015
0.00015
0.00015
0.00015
0.00015
0.00015
0.00015
0.00015
0.00015
0.00015
0.00015
0.00015
0.00015
0.00015
0.00015
0.00015
0.00015
0.00015
0.00015
0.00015
0.00015
0.00015
0.00015
0.00015
0.00015
0.00015
0.00015
0.00015
0.00015
0.00015
0.00015
0.00015
0.00015
0.00015
0.00015
0.00015
0.00015
0.00015
0.00015
0.00015
0.00015
0.00015
0.00015
0.00015
0.00015
0.00015
0.00015
0.00015
0.00015
0.00015
0.00015
0.00015
0.00015
0.00015
0.00015
0.00015
0.00015
0.00015
0.00015
0.00015
0.00015
0.00015
0.00015
0.00015
0.00015
0.00015
0.00015
0.00015
0.00015
0.00015
0.00015
0.00015
0.00015
0.00015
0.00015
0.00015
0.00015
0.00015
0.00015
0.00015
0.00015
0.00015
0.00015
0.00015
0.00015
0.00015
0.00015
0.00015
0.00015
0.00015
0.00015
0.00015
0.00015
0.00015
0.00015
0.00015
0.00015
0.00015
0.00015
0.00015
0.00015
0.00015
0.00015
0.00015
0.00015
0.00015
0.00015
0.00015
0.00015
0.00015
0.00015
0.00015
0.00015
0.00015
0.00015
0.00015
0.00015
0.00015
0.00015
0.00015
0.00015
0.00015
0.00015
0.00015
0.00015
0.00015
0.00015
0.00015
0.00015
0.00015
0.00015
0.00015
0.00015
0.00015
0.00015
0.00015
0.00015
0.00015
0.00015
0.00015
0.00015
0.00015
0.00015
0.00015
0.00015
0.00015
0.00015
0.00015
0.00015
0.00015
0.00015
0.00015
0.00015
0.00015
0.00015
0.00015
0.00015
0.00015
0.00015
0.00015
0.00015
0.00015
0.00015
0.00015
0.00015
0.00015
0.00015
0.00015
0.00015
0.00015
0.00015
0.00015
0.00015
0.00015
0.00015
0.00015
0.00015
0.00015
0.00015
0.00015
0.00015
0.00015
0.00015
0.00015
0.00015
0.00015
0.00015
0.00015
0.00015
0.00015
0.00015
0.00015
0.00015
0.00015
0.00015
0.00015
0.00015
0.00015
0.00015
0.00015
0.00015
0.00015
0.00015
0.00015
0.00015
0.00015
0.00015
0.00015
0.00015
0.00015
0.00015
0.00015
0.00015
0.00015
0.00015
0.00015
0.00015
0.00015
0.00015
0.00015
0.00015
0.00015
0.00015
0.00015
0.00015
0.00015
0.00015
0.00015
0.00015
0.00015
0.00015
0.00015
0.00015

SCALARS mass float 1
LOOKUP_TABLE default
3.95841e-09
3.95841e-09
3.95841e-09
3.95841e-09
3.95841e-09
3.95841e-09
3.95841e-09
3.95841e-09
3.95841e-09
3.95841e-09
3.95841e-09
3.95841e-09
3.95841e-09
3.95841e-09
3.95841e-09
3.95841e-09
3.95841e-09
3.95841e-09
3.95841e-09
3.95841e-09
3.95841e-09
3.95841e-09
3.95841e-09
3.95841e-09
3.95841e-09
3.95841e-09
3.95841e-09
3.95841e-09
3.95841e-09
3.95841e-09
3.95841e-09
3.95841e-09
3.95841e-09
3.95841e-09
3.95841e-09
3.95841e-09
3.95841e-09
3.95841e-09
3.95841e-09
3.95841e-09
3.95841e-09
3.95841e-09
3.95841e-09
3.95841e-09
3.95841e-09
3.95841e-09
3.95841e-09
3.95841e-09
3.95841e-09
3.95841e-09
3.95841e-09
3.95841e-09
3.95841e-09
3.95841e-09
3.95841e-09
3.95841e-09
3.95841e-09
3.95841e-09
3.95841e-09
3.95841e-09
3.95841e-09
3.95841e-09
3.95841e-09
3.95841e-09
3.95841e-09
3.95841e-09
3.95841e-09
3.95841e-09
3.95841e-09
3.95841e-09
3.95841e-09
3.95841e-09
3.95841e-09
3.95841e-09
3.95841e-09
3.95841e-09
3.95841e-09
3.95841e-09
3.95841e-09
3.95841e-09
3.95841e-09
3.95841e-09
3.95841e-09
3.95841e-09
3.95841e-09
3.95841e-09
3.95841e-09
3.95841e-09
3.95841e-09
3.95841e-09
3.95841e-09
3.95841e-09
3.95841e-09
3.95841e-09
3.95841e-09
3.95841e-09
3.95841e-09
3.95841e-09
3.95841e-09
3.95841e-09
3.95841e-09
3.95841e-09
3.95841e-09
3.95841e-09
3.95841e-09
3.95841e-09
3.95841e-09
3.95841e-09
3.95841e-09
3.95841e-09
3.95841e-09
3.95841e-09
3.95841e-09
3.95841e-09
3.95841e-09
3.95841e-09
3.95841e-09
3.95841e-09
3.95841e-09
3.95841e-09
3.95841e-09
3.95841e-09
3.95841e-09
3.95841e-09
3.95841e-09
3.95841e-09
3.95841e-09
3.95841e-09
3.95841e-09
3.95841e-09
3.95841e-09
3.95841e-09
3.95841e-09
3.95841e-09
3.95841e-09
3.95841e-09
3.95841e-09
3.95841e-09
3.95841e-09
3.95841e-09
3.95841e-09
3.95841e-09
3.95841e-09
3.95841e-09
3.95841e-09
3.95841e-09
3.95841e-09
3.95841e-09
3.95841e-09
3.95841e-09
3.95841e-09
3.95841e-09
3.95841e-09
3.95841e-09
3.95841e-09
3.95841e-09
3.95841e-09
3.95841e-09
3.95841e-09
3.95841e-09
3.95841e-09
3.95841e-09
3.95841e-09
3.95841e-09
3.95841e-09
3.95841e-09
3.95841e-09
3.95841e-09
3.95841e-09
3.95841e-09
3.95841e-09
3.95841e-09
3.95841e-09
3.95841e-09
3.95841e-09
3.95841e-09
3.95841e-09
3.95841e-09
3.95841e-09
3.95841e-09
3.95841e-09
3.95841e-09
3.95841e-09
3.95841e-09
3.95841e-09
3.95841e-09
3.95841e-09
3.95841e-09
3.95841e-09
3.95841e-09
3.95841e-09
3.95841e-09
3.95841e-09
3.95841e-09
3.95841e-09
3.95841e-09
3.95841e-09
3.95841e-09
3.95841e-09
3.95841e-09
3.95841e-09
3.95841e-09
3.95841e-09
3.95841e-09
3.95841e-09
3.95841e-09
3.95841e-09
3.95841e-09
3.95841e-09
3.95841e-09
3.95841e-09
3.95841e-09
3.95841e-09
3.95841e-09
3.95841e-09
3.95841e-09
3.95841e-09
3.95841e-09
3.95841e-09
3.95841e-09
3.95841e-09
3.95841e-09
3.95841e-09
3.95841e-09
3.95841e-09
3.95841e-09
3.95841e-09
3.95841e-09
3.95841e-09
3.95841e-09
3.95841e-09
3.95841e-09
3.95841e-09
3.95841e-09
3.95841e-09
3.95841e-09
3.95841e-09
3.95841e-09
3.95841e-09
3.95841e-09
3.95841e-09
3.95841e-09
3.95841e-09
3.95841e-09
3.95841e-09
3.95841e-09
3.95841e-09
3.95841e-09
3.95841e-09
3.95841e-09
3.95841e-09
3.95841e-09
3.95841e-09
3.95841e-09
3.95841e-09
3.95841e-09
3.95841e-09
3.95841e-09
3.95841e-09
3.95841e-09
3.95841e-09
3.95841e-09
3.95841e-09
3.95841e-09
3.95841e-09
3.95841e-09
3.95841e-09
3.95841e-09
3.95841e-09
3.95841e-09
3.95841e-09
3.95841e-09
3.95841e-09
3.95841e-09
3.95841e-09
3.95841e-09
3.95841e-09
3.95841e-09
3.95841e-09
3.95841e-09
3.95841e-09
3.95841e-09
3.95841e-09
3.95841e-09
3.95841e-09
3.95841e-09
3.95841e-09
3.95841e-09
3.95841e-09
3.95841e-09
3.95841e-09
3.95841e-09
3.95841e-09
3.95841e-09
3.95841e-09
3.95841e-09
3.95841e-09
3.95841e-09
3.95841e-09
3.95841e-09
3.95841e-09
3.95841e-09
3.95841e-09
3.95841e-09
3.95841e-09
3.95841e-09
3.95841e-09
3.95841e-09
3.95841e-09
3.95841e-09
3.95841e-09
3.95841e-09
3.95841e-09
3.95841e-09
3.95841e-09
3.95841e-09
3.95841e-09
3.95841e-09
3.95841e-09
3.95841e-09
3.95841e-09
3.95841e-09
3.95841e-09
3.95841e-09
3.95841e-09
3.95841e-09
3.95841e-09
3.95841e-09
3.95841e-09
3.95841e-09
3.95841e-09
3.95841e-09
3.95841e-09
3.95841e-09
3.95841e-09
3.95841e-09
3.95841e-09
3.95841e-09
3.95841e-09
3.95841e-09
3.95841e-09
3.95841e-09
3.95841e-09
3.95841e-09
3.95841e-09
3.95841e-09
3.95841e-09
3.95841e-09
3.95841e-09
3.95841e-09
3.95841e-09
3.95841e-09
3.95841e-09
3.95841e-09
3.95841e-09
3.95841e-09
3.95841e-09
3.95841e-09
3.95841e-09
3.95841e-09
3.95841e-09
3.95841e-09
3.95841e-09
3.95841e-09
3.95841e-09
3.95841e-09
3.95841e-09
3.95841e-09
3.95841e-09
3.95841e-09
3.95841e-09
3.95841e-09
3.95841e-09
3.95841e-09
3.95841e-09
3.95841e-09
3.95841e-09
3.95841e-09
3.95841e-09
3.95841e-09
3.95841e-09
3.95841e-09
3.95841e-09
3.95841e-09
3.95841e-09
3.95841e-09
3.95841e-09
3.95841e-09
3.95841e-09
3.95841e-09
3.95841e-09
3.95841e-09
3.95841e-09
3.95841e-09
3.95841e-09
3.95841e-09
3.95841e-09
3.95841e-09
3.95841e-09
3.95841e-09
3.95841e-09
3.95841e-09
3.95841e-09
3.95841e-09
3.95841e-09
3.95841e-09
3.95841e-09
3.95841e-09
3.95841e-09
3.95841e-09
3.95841e-09
3.95841e-09
3.95841e-09
3.95841e-09
3.95841e-09
3.95841e-09
3.95841e-09
3.95841e-09
3.95841e-09
3.95841e-09
3.95841e-09
3.95841e-09
3.95841e-09
3.95841e-09
3.95841e-09
3.95841e-09
3.95841e-09
3.95841e-09
3.95841e-09
3.95841e-09
3.95841e-09
3.95841e-09
3.95841e-09
3.95841e-09
3.95841e-09
3.95841e-09
3.95841e-09
3.95841e-09
3.95841e-09
3.95841e-09
3.95841e-09
3.95841e-09
3.95841e-09
3.95841e-09
3.95841e-09
3.95841e-09
3.95841e-09
3.95841e-09
3.95841e-09
3.95841e-09
3.95841e-09
3.95841e-09
3.95841e-09
3.95841e-09
3.95841e-09
3.95841e-09
3.95841e-09
3.95841e-09
3.95841e-09
3.95841e-09
3.95841e-09
3.95841e-09
3.95841e-09
3.95841e-09
3.95841e-09
3.95841e-09
3.95841e-09
3.95841e-09
3.95841e-09
3.95841e-09
3.95841e-09
3.95841e-09
3.95841e-09
3.95841e-09
3.95841e-09
3.95841e-09
3.95841e-09
3.95841e-09
3.95841e-09
3.95841e-09
3.95841e-09
3.95841e-09
3.95841e-09
3.95841e-09
3.95841e-09
3.95841e-09
3.95841e-09
3.95841e-09
3.95841e-09
3.95841e-09
3.95841e-09
3.95841e-09
3.95841e-09
3.95841e-09
3.95841e-09
3.95841e-09
3.95841e-09
3.95841e-09
3.95841e-09
3.95841e-09
3.95841e-09
3.95841e-09
3.95841e-09
3.95841e-09
3.95841e-09
3.95841e-09
3.95841e-09
3.95841e-09
3.95841e-09
3.95841e-09
3.95841e-09
3.95841e-09
3.95841e-09
3.95841e-09
3.95841e-09
3.95841e-09
3.95841e-09
3.95841e-09
3.95841e-09
3.95841e-09
3.95841e-09
3.95841e-09
3.95841e-09
3.95841e-09
3.95841e-09
3.95841e-09
3.95841e-09
3.95841e-09
3.95841e-09
3.95841e-09
3.95841e-09
3.95841e-09
3.95841e-09
3.95841e-09
3.95841e-09
3.95841e-09
3.95841e-09
3.95841e-09
3.95841e-09
3.95841e-09
3.95841e-09
3.95841e-09
3.95841e-09
3.95841e-09
3.95841e-09
3.95841e-09
3.95841e-09
3.95841e-09
3.95841e-09
3.95841e-09
3.95841e-09
3.95841e-09
3.95841e-09
3.95841e-09
3.95841e-09
3.95841e-09
3.95841e-09
3.95841e-09
3.95841e-09
3.95841e-09
3.95841e-09
3.95841e-09
3.95841e-09
3.95841e-09
3.95841e-09
3.95841e-09
3.95841e-09
3.95841e-09
3.95841e-09
3.95841e-09
3.95841e-09
3.95841e-09
3.95841e-09
3.95841e-09
3.95841e-09
3.95841e-09
3.95841e-09
3.95841e-09
3.95841e-09
3.95841e-09
3.95841e-09
3.95841e-09
3.95841e-09
3.95841e-09
3.95841e-09
3.95841e-09
3.95841e-09
3.95841e-09
3.95841e-09
3.95841e-09
3.95841e-09
3.95841e-09
3.95841e-09
3.95841e-09
3.95841e-09
3.95841e-09
3.95841e-09
3.95841e-09
3.95841e-09
3.95841e-09
3.95841e-09
3.95841e-09
3.95841e-09
3.95841e-09
3.95841e-09
3.95841e-09
3.95841e-09
3.95841e-09
3.95841e-09
3.95841e-09
3.95841e-09
3.95841e-09
3.95841e-09
3.95841e-09
3.95841e-09
3.95841e-09
3.95841e-09
3.95841e-09
3.95841e-09
3.95841e-09
3.95841e-09
3.95841e-09
3.95841e-09
3.95841e-09
3.95841e-09
3.95841e-09
3.95841e-09
3.95841e-09
3.95841e-09
3.95841e-09
3.95841e-09
3.95841e-09
3.95841e-09
3.95841e-09
3.95841e-09
3.95841e-09
3.95841e-09
3.95841e-09
3.95841e-09
3.95841e-09
3.95841e-09
3.95841e-09
3.95841e-09
3.95841e-09
3.95841e-09
3.95841e-09
3.95841e-09
3.95841e-09
3.95841e-09
3.95841e-09
3.95841e-09
3.95841e-09
3.95841e-09
3.95841e-09
3.95841e-09
3.95841e-09
3.95841e-09
3.95841e-09
3.95841e-09
3.95841e-09
3.95841e-09
3.95841e-09
3.95841e-09
3.95841e-09
3.95841e-09
3.95841e-09
3.95841e-09
3.95841e-09
3.95841e-09
3.95841e-09
3.95841e-09
3.95841e-09
3.95841e-09
3.95841e-09
3.95841e-09
3.95841e-09
3.95841e-09
3.95841e-09
3.95841e-09
3.95841e-09
3.95841e-09
3.95841e-09
3.95841e-09
3.95841e-09
3.95841e-09
3.95841e-09
3.95841e-09
3.95841e-09
3.95841e-09
3.95841e-09
3.95841e-09
3.95841e-09
3.95841e-09
3.95841e-09
3.95841e-09
3.95841e-09
3.95841e-09
3.95841e-09
3.95841e-09
3.95841e-09
3.95841e-09
3.95841e-09
3.95841e-09
3.95841e-09
3.95841e-09
3.95841e-09
3.95841e-09
3.95841e-09
3.95841e-09
3.95841e-09
3.95841e-09
3.95841e-09
3.95841e-09
3.95841e-09
3.95841e-09
3.95841e-09
3.95841e-09
3.95841e-09
3.95841e-09
3.95841e-09
3.95841e-09
3.95841e-09
3.95841e-09
3.95841e-09
3.95841e-09
3.95841e-09
3.95841e-09
3.95841e-09
3.95841e-09
3.95841e-09
3.95841e-09
3.95841e-09
3.95841e-09
3.95841e-09
3.95841e-09
3.95841e-09
3.95841e-09
3.95841e-09
3.95841e-09
3.95841e-09
3.95841e-09
3.95841e-09
3.95841e-09
3.95841e-09
3.95841e-09
3.95841e-09
3.95841e-09
3.95841e-09
3.95841e-09
3.95841e-09
3.95841e-09
3.95841e-09
3.95841e-09
3.95841e-09
3.95841e-09
3.95841e-09
3.95841e-09
3.95841e-09
3.95841e-09
3.95841e-09
3.95841e-09
3.95841e-09
3.95841e-09
3.95841e-09
3.95841e-09
3.95841e-09
3.95841e-09
3.95841e-09
3.95841e-09
3.95841e-09
3.95841e-09
3.95841e-09
3.95841e-09
3.95841e-09
3.95841e-09
3.95841e-09
3.95841e-09
3.95841e-09
3.95841e-09
3.95841e-09
3.95841e-09
3.95841e-09
3.95841e-09
3.95841e-09
3.95841e-09
3.95841e-09
3.95841e-09
3.95841e-09
3.95841e-09
3.95841e-09
3.95841e-09
3.95841e-09
3.95841e-09
3.95841e-09
3.95841e-09
3.95841e-09
3.95841e-09
3.95841e-09
3.95841e-09
3.95841e-09
3.95841e-09
3.95841e-09
3.95841e-09
3.95841e-09
3.95841e-09
3.95841e-09
3.95841e-09
3.95841e-09
3.95841e-09
3.95841e-09
3.95841e-09
3.95841e-09
3.95841e-09
3.95841e-09
3.95841e-09
3.95841e-09
3.95841e-09
3.95841e-09
3.95841e-09
3.95841e-09
3.95841e-09
3.95841e-09
3.95841e-09
3.95841e-09
3.95841e-09
3.95841e-09
3.95841e-09
3.95841e-09
3.95841e-09
3.95841e-09
3.95841e-09
3.95841e-09
3.95841e-09
3.95841e-09
3.95841e-09
3.95841e-09
3.95841e-09
3.95841e-09
3.95841e-09
3.95841e-09
3.95841e-09
3.95841e-09
3.95841e-09
3.95841e-09
3.95841e-09
3.95841e-09
3.95841e-09
3.95841e-09
3.95841e-09
3.95841e-09
3.95841e-09
3.95841e-09
3.95841e-09
3.95841e-09
3.95841e-09
3.95841e-09
3.95841e-09
3.95841e-09
3.95841e-09
3.95841e-09
3.95841e-09
3.95841e-09
3.95841e-09
3.95841e-09
3.95841e-09
3.95841e-09
3.95841e-09
3.95841e-09
3.95841e-09
3.95841e-09
3.95841e-09
3.95841e-09
3.95841e-09
3.95841e-09
3.95841e-09
3.95841e-09
3.95841e-09
3.95841e-09
3.95841e-09
3.95841e-09
3.95841e-09
3.95841e-09
3.95841e-09
3.95841e-09
3.95841e-09

VECTORS velocity float
0.00884913 0.00639022 -0.029253
0.0047416 0.000450592 -0.000197252
0.00548152 0.0034545 -0.0024979
0.00444687 -3.21643e-05 -8.5851e-05
0.00538711 0.0012291 0.000548677
0.00411668 0.000182285 0.000206106
0.00437223 -0.000123428 2.83302e-05
0.00407292 0.000172488 -0.000458929
0.00426907 8.08724e-05 0.000266439
0.00432653 -0.000200513 0.000160906
0.00434885 -0.000212581 9.45374e-05
0.00447819 -0.000240032 0.00018565
0.00428007 0.000172949 0.000202908
0.00460231 -0.000931967 -0.000157232
0.00475712 -0.000264082 0.000237545
0.0043684 -0.000378349 -0.000157995
0.000848369 0.0041755 0.016836
0.00427257 5.71363e-05 5.49346e-05
0.0042657 -0.00022829 0.000181851
0.0046524 -0.000302683 2.67239e-05
0.00382827 0.000142585 0.000282175
0.00455949 -0.000252425 0.000175426
0.00419487 -0.000374935 -0.0001459
0.00470924 -2.67626e-05 0.00036902
0.00462363 -0.000198971 0.000278433
0.000660867 0.00746953 0.0151404
0.00430654 0.000285254 3.83169e-05
0.00420883 6.54003e-05 4.37091e-05
0.00451957 -0.000179367 -0.000126459
0.00328486 0.00111351 -0.000599378
0.0044266 0.000198942 0.00020675
0.00477467 -0.000296917 0.000417867
0.00464928 -2.394e-05 -8.73318e-05
0.00480252 0.000255704 0.000201257
0.00478068 -0.000561855 -0.000320302
0.0048455 -0.000343989 0.000123659
0.00464167 -0.00020495 0.000290276
0.0046861 -0.000205752 0.00028726
0.00449155 -0.000207975 -0.000313738
-0.000148892 0.000636023 -0.00126636
0.00446911 -0.000109329 -6.35581e-05
0.00470227 -0.000277863 0.000406597
0.00178684 0.000479608 0.000185393
0.00547402 0.00350787 -0.00282668
0.0013963 0.000474124 -0.000564251
0.00447939 -0.000146492 0.000128338
0.00451314 -0.000481679 -0.000108455
0.00426473 -0.000219769 0.000175349
-4.21963e-08 -1.0314e-07 1.64865e-08
0.00473621 -0.000159511 0.000181867
0.00422075 0.000353129 9.22387e-06
0.00422503 -0.000240814 -0.000234444
0.00464537 -0.000214118 -7.44165e-05
0.00433076 -0.000211228 0.000173564
0.00456438 5.40984e-05 -5.43142e-06
0.00388249 -0.000168972 -0.000361316
0.00442272 -0.000228197 -0.000161631
0.00474 -0.000305039 0.000193447
0.00473768 -0.000113624 0.000126692
0.0013977 -0.00238573 0.0146275
0.00445275 -0.000222138 -0.000194939
0.00472366 -0.000269944 0.000164369
0.00146449 0.00301852 0.0154709
-0.00362777 0.000879337 -0.00225784
0.00436511 -0.000371345 -0.00016848
0.00424589 -3.1355e-06 0.000301471
0.00248243 -0.00547227 0.0159048
0.000327252 -0.0086301 0.0162267
0.00435078 0.000195406 8.67507e-06
0.0046132 -0.000192796 -0.000276403
0.00465001 -0.000110347 -9.3117e-05
0.00462106 -0.000217608 -0.000251632
0.0047522 -0.000316248 0.000342003
0.00445774 -3.86658e-05 1.82733e-05
0.000411082 0.000707924 -0.00405128
0.000785481 0.00102599 0.0174173
0.00452658 4.46329e-05 -5.36198e-05
0.00441575 -8.90208e-05 0.000352963
0.000109077 -0.00936928 0.0163881
0.00433165 -0.000165408 -2.07069e-05
0.0032384 0.000183793 0.000119553
0.0048794 6.37903e-05 0.000279494
0.00468244 -0.000243133 -4.60958e-05
0.00459699 -7.02818e-06 0.000325082
0.00202945 0.000821045 0.00198855
0.00434873 -0.000371114 -0.000157787
0.00458368 -0.000164107 -0.000300636
0.00424887 -0.000334157 -0.000167908
0.00444679 -0.000238606 -0.000223555
0.00400647 0.000323845 0.000121453
0.00480224 -0.000285471 0.000241676
0.00434313 -0.000231308 0.000184511
0.00456326 -3.8987e-05 -0.000238314
0.00317785 0.000193485 -3.81304e-05
0.0043899 0.000521359 0.000355799
0.00476267 -0.000324218 0.00040876
0.0046539 -0.000110612 0.000123281
0.00441447 -0.000139838 -0.00021162
0.00469459 -0.000332201 -0.000306804
0.00471606 -0.000198744 0.000172143
0.00429536 0.00059269 0.000302613
0.00444706 -0.000207765 0.000163092
0.00438821 -0.000311041 -0.000208892
-7.13206e-07 -4.78892e-08 2.0082e-08
0.00472589 0.000199129 0.000282999
0.00469084 -0.000156525 0.000133092
0.00428341 7.59838e-05 0.000256979
0.00709923 0.0081255 -0.0078304
0.00469859 -9.34708e-06 -8.47562e-05
0.00431535 3.00284e-05 0.000291755
0.00439275 -0.000171919 0.000122819
0.00420915 4.456e-05 0.000284144
0.00465029 -1.89395e-05 -9.07199e-05
0.00457868 -8.00622e-05 -0.000230304
0.0046767 -5.08798e-05 -0.000163045
0.00431199 -0.000418882 -0.000123902
0.00454313 -0.000477565 -4.96629e-06
0.0048073 -0.00016936 -0.0001144
0.00456379 -0.000368483 -0.000208414
0.00457702 4.75516e-05 -1.41244e-05
0.00432499 5.58719e-05 5.38687e-05
0.000293548 0.00239186 0.0180096
0.00473266 0.00817575 -0.00836557
0.00437127 -0.000196557 -0.00016933
7.614e-06 0.00217896 -0.00426337
0.00560624 0.00157362 0.000687191
0.00446542 -0.000142169 -0.000289482
0.00804475 0.00486569 -0.0134887
0.00437516 -0.000361471 -0.000188564
0.00419313 -0.000346604 -0.000169805
0.00144693 0.00117783 7.62306e-06
0.00423126 5.95398e-05 5.16389e-05
0.010115 0.00557526 -0.0264764
0.00449079 -0.000165529 -0.000294
0.00129961 0.00373288 -0.000147357
0.00434296 6.6357e-05 0.00027629
0.00451433 -7.53297e-05 1.93451e-05
0.0153689 0.00840744 -0.00969074
0.00471678 4.88955e-05 0.000324186
0.00478097 -0.00016952 0.000130117
0.00414906 6.97813e-05 3.83106e-05
0.00141945 -0.00281591 0.0163329
0.00462748 -0.000494266 -0.000299899
0.00445927 8.88204e-06 0.000356665
0.00418726 -0.000330389 -0.000176007
0.00418686 -3.32699e-05 0.000321854
0.00456808 -0.0001676 -0.000281422
0.00474788 -0.000235071 -0.000177123
0.00470166 -0.000110939 -0.000288117
0.00396455 0.000396902 8.44685e-05
0.00651157 0.00637282 -0.00869262
0.00474436 -0.000301398 0.00040562
0.00208805 -0.00692674 0.0156693
0.00424841 0.0075986 -0.00781467
0.00441001 -1.20673e-05 0.000331703
0.00463962 4.30307e-05 0.000258088
0.00460969 0.000179029 0.000429851
0.00460234 0.000184069 0.000458568
0.00431942 0.000590915 4.78856e-05
0.004659 -0.000279469 0.000183348
0.00422311 -0.000222352 0.00015659
0.00920347 0.00030475 0.00186215
0.00301281 -0.000892773 0.00517264
0.00463112 0.000445923 -0.000178059
0.00311866 0.00263213 -0.0046907
0.00618076 0.00254878 -0.00348282
0.00454971 -0.000971433 -0.000158902
0.00417866 0.000170075 7.7554e-06
0.00456425 9.93242e-05 0.000287824
0.00408258 0.000530947 -2.72113e-05
0.00430283 -5.87188e-06 0.000312777
0.00477272 -0.00033637 0.00023914
0.0045533 -0.000208016 -0.000260627
0.0057304 0.000526059 -0.00309787
0.00441541 -0.000279318 -0.000264857
0.00135204 -0.000580652 0.015333
0.00447798 -0.00048158 -0.000184589
0.000658901 -0.00821857 0.0158302
0.00459135 -0.000146526 0.000184299
0.00388935 -0.00311837 0.000662464
0.00459121 -4.55728e-06 -0.000288966
0.00365702 0.000594949 0.000230614
0.00444039 0.000285316 9.93297e-05
0.00402529 0.000969955 -0.000250754
0.00465319 -0.000275045 -0.000247572
0.00460444 -0.000499958 -0.000378658
0.00535598 0.000468282 -0.000321525
0.00436281 0.000597678 0.000344292
0.00434207 0.000618867 -1.65373e-05
0.00452713 -0.000439728 -0.000128927
0.00426466 0.000102717 3.56655e-05
0.00423783 6.04702e-05 0.00027172
0.00127171 -0.000459846 3.45691e-05
0.00437093 5.0195e-05 0.000287449
0.00435169 -0.000554723 0.000121892
0.00491034 -0.00355083 0.000299141
0.00441295 -6.11161e-05 0.000371389
0.00460223 -2.21263e-05 -1.43307e-05
0.00149486 0.00180299 -0.00155664
0.00474748 -0.000273305 0.000187391
0.00463701 -0.000589905 -0.000429279
0.00675852 0.00436391 -0.0100711
0.00408905 -0.000493905 0.000107798
0.000887601 0.00353259 0.0166123
0.004056 0.000395161 8.3838e-05
0.0064394 0.0033978 -0.00987843
0.00445997 0.000459405 -0.000157224
0.00447446 -1.3208e-05 -1.96564e-06
0.0147936 0.00983126 0.0109226
0.00433517 9.77208e-05 3.59826e-05
0.00467856 -0.000464243 -0.000389005
0.00417024 -0.000400708 -0.000187505
0.0041462 -0.0019602 0.000433517
-0.00276911 0.0208325 -0.0258806
0.00404219 -0.00337793 0.000332363
0.00419372 -0.000297152 5.96247e-05
0.00437357 0.00193214 -0.000788351
0.00735108 0.00966148 -0.00927303
0.00467966 0.000102087 0.000281901
0.00414037 -0.00314411 0.000292328
0.00468402 6.21777e-05 0.000197952
0.0043556 5.78427e-05 0.000282149
0.00485649 0.00877594 -0.00151459
0.00414355 0.000401503 8.42218e-05
0.00428213 0.00307851 -0.0020384
3.75175e-06 -3.32161e-07 -2.6763e-07
0.00471982 6.20204e-06 -0.000116839
1.24229e-05 0.000640689 -2.05534e-05
0.00454642 -7.73196e-05 -0.0003151
0.00183276 0.0225821 -0.0256589
0.00472384 -0.000327449 0.000209754
0.00493226 -0.00656699 -0.00184017
0.000152069 0.00364348 0.00460857
0.00194954 0.00269306 -0.00078215
0.00425076 0.000469439 5.80281e-05
0.00440305 -0.000130208 0.000160927
0.00455736 -0.00100949 -0.000157054
0.00434271 0.000475574 -0.000173095
0.00506082 -0.000370463 -0.000185415
0.00403411 0.000411827 7.18528e-05
0.00123989 -0.00781817 0.015593
0.00485334 0.00131054 0.00057762
0.00466038 0.000475937 -0.000182995
0.00472609 -0.000129115 0.000332558
0.00470691 -0.000260316 -0.000155408
0.00395721 0.000428698 5.86907e-05
0.000417085 0.00521366 0.0180909
0.00465219 0.000194371 0.000405091
0.00497353 -0.000558427 -0.000111257
0.00399677 -0.00375196 0.000323352
0.00428505 4.31849e-05 0.000283682
0.0222379 0.00255849 -0.00669079
0.00423305 -0.000346578 -0.000175023
0.00397865 0.000439532 4.33609e-05
0.00487505 2.5804e-05 0.000442433
0.00442563 -0.00020356 -0.000252214
0.00443325 7.83855e-05 0.000344398
0.00413146 0.000375598 9.43434e-05
0.00439084 0.000117882 0.000401778
0.00442756 -0.000242 -0.000159477
0.00405877 0.000413328 7.24206e-05
0.00394759 0.000923261 -0.000618357
0.00424368 0.00053155 2.28126e-05
0.0153792 0.00427262 -0.00778849
0.004769 0.00138608 0.000559676
0.00472888 0.000220379 0.000105815
0.00417788 -0.000355926 -0.000163599
0.00474634 0.00649876 -0.0011196
0.0041905 0.000461886 5.45795e-05
0.00425928 -0.000220982 -0.000286141
0.0116119 0.00462473 -0.00763336
0.00444093 0.000494342 6.85104e-05
0.00914066 0.00939877 -0.00877903
0.00434115 2.70374e-05 0.000298042
0.00293756 -0.00612592 0.00490135
0.000552356 0.00168059 -0.00140551
0.00454779 -9.69378e-05 -0.000103479
0.000650449 -0.00047521 -0.000251436
0.00279454 0.00366057 -0.0375249
0.00460206 0.00146193 -0.00566688
0.00187114 0.0023597 -0.000449895
-0.000644693 -0.000419235 -0.00179788
0.00445197 -9.33311e-05 0.000339426
0.00423219 -3.3885e-06 0.000290239
0.00428543 0.000551636 0.000341334
-0.0456286 0.0286956 -0.0359643
0.00438873 -0.000312739 0.0001255
0.0044111 -4.83093e-05 0.000335997
0.00408647 -0.000586724 -0.000125349
0.00256028 -0.000875199 -7.2236e-06
0.00231593 0.00207283 -0.000261727
0.00413176 0.000312281 0.000126526
0.00438074 6.10362e-05 0.000284291
0.0049315 -1.76697e-05 0.000437334
0.0042133 -0.000640569 0.00118156
0.00407717 0.000508899 -9.0804e-05
0.0135411 0.00496933 -0.00490071
0.00455042 -0.000124236 -0.000198023
0.00444922 0.00040693 9.37798e-05
0.00399922 -0.000269362 -0.000213252
0.000696966 0.00378259 0.0172578
0.0041715 -0.000186364 -2.27624e-05
0.00843382 0.00136046 -0.000892708
0.00439189 0.000455294 7.15013e-05
0.00452932 0.000245966 0.000316291
-0.00164461 -0.00147898 -0.00221003
0.0142913 0.00984742 -0.0146603
-0.000114569 0.00807155 -0.00922229
0.0029576 -0.00495771 0.00647335
0.0057918 0.00188348 -0.000478669
0.00395401 0.000406816 7.4427e-05
0.00413594 0.000409909 -0.000127035
0.00494449 4.61804e-07 -0.000161607
0.00533697 0.00769389 -0.00803206
0.00496157 -0.00108736 0.00061705
0.00489943 0.00146708 0.000463577
0.00346125 0.000971538 -0.000175125
0.00408015 -6.42434e-05 0.000326422
0.00778842 0.00463133 -0.010627
0.00333082 -0.00198896 0.00700586
0.00425215 7.91969e-05 0.000245713
0.00459889 -0.000267305 -0.000159231
0.00456292 -0.000919316 -0.000158712
0.00460892 0.000181546 0.000485879
0.0119952 0.00570663 -0.00533429
0.00249132 -0.0160129 0.0116249
0.00446735 0.00048296 4.13549e-05
0.00397818 0.00232345 -0.000960219
0.00474221 0.000183465 0.000370781
0.00786664 0.00656316 -0.00951369
0.00438486 -6.80271e-05 0.000352701
0.00376803 -0.00309474 0.000377523
0.00441473 -0.000130627 -0.000253117
0.00142151 0.00138607 -0.000246986
0.00454982 -5.36012e-05 0.00030446
0.00678455 0.00771304 -0.00611706
0.00499616 0.000136014 0.000628592
0.0017857 -0.00857011 0.00807919
0.0034868 0.00101338 -0.000216503
0.00302556 0.00695799 -0.00539933
0.00411648 0.000475893 4.28105e-05
0.00433288 -1.41597e-05 0.000320374
0.00232965 0.000895079 -0.000772688
0.0047229 1.51961e-05 0.000385435
0.00351558 0.000443295 -0.000742638
0.00410797 -0.000724035 7.73931e-05
0.00452357 0.000291305 0.000164581
0.00400662 -0.00320109 0.000331758
-0.0115669 -0.00222229 -0.00640575
0.00418991 -0.000166695 0.000186823
0.00458268 -9.04653e-05 0.000367249
0.00431006 4.86656e-05 0.00030411
0.00654522 0.00113681 -0.00142458
0.00107977 0.00506737 -0.00417701
0.00436444 0.000650266 0.000351229
0.0116391 0.001722 -0.00189455
0.00178319 0.00606645 -0.00314584
0.00231504 -0.000296653 -0.00140755
0.00398842 -0.00528484 0.00165317
-6.03862e-05 -0.00825027 -0.00543304
-2.4428e-05 -0.000139646 3.35347e-05
0.00497069 0.00314138 -0.00248258
0.00415084 -0.000383643 -0.000137436
0.00320038 0.00172106 -0.00056585
0.00093602 -0.00460677 -0.0201988
0.00983345 -0.0100639 0.000591193
0.00734544 0.00478457 -0.00496561
0.00151145 -5.22519e-05 -0.000980905
0.00573778 0.000375681 0.000156601
0.0016663 -0.00403303 0.00144033
0.00235997 0.00188703 -0.000895297
0.00341672 0.00107358 -0.00100795
0.00156469 0.00225912 -0.000105248
0.00552121 -0.00142823 -4.36703e-05
0.00854488 0.0223276 -0.0295291
0.00265365 0.00292411 -0.000483758
0.00668373 0.00845069 -0.00878233
0.0044336 -0.000558679 -0.000156641
0.00468434 -0.000632285 -0.000426617
0.000591164 -0.00158546 4.94143e-05
0.00816231 0.00280748 -0.0024485
0.00402976 -0.000261789 -0.000234718
0.00300201 -0.000842202 0.00095169
0.00669058 0.00570922 -0.00438743
0.00204828 0.00162995 -0.000314143
0.00291512 0.000199574 -0.000211674
0.00211774 0.00152721 -5.09847e-05
0.00459502 7.52145e-05 0.000298456
0.00275909 0.00252538 -0.000180401
0.00450933 0.00044965 7.72992e-05
0.00483582 1.73128e-05 -0.000306918
0.00576593 0.00657042 -0.0123074
0.00536363 0.00212637 -0.00469072
0.00606304 -0.000525177 5.3021e-05
0.00209051 -0.000671407 0.00088131
0.0078799 0.00122874 -0.000987895
0.00149467 -0.0129979 0.0115791
0.00701448 0.00816223 -0.00788354
0.00192582 0.00301321 0.000441098
0.0108311 0.00927879 -0.030734
0.00215538 0.00100451 -0.000226941
0.00242998 0.00269543 -0.000482322
0.00668595 0.00144772 -0.0100112
0.00430288 0.0011105 -0.00079376
0.00445973 0.000294845 0.000157182
0.00182703 0.0273319 -0.00832269
0.00833137 0.000640318 -0.00109141
2.02497e-06 -5.17323e-08 3.82728e-08
8.78274e-05 0.000172201 -0.000183163
0.00474563 0.000494016 -0.000762087
0.00416296 -0.000301105 -0.000209738
0.00665621 0.0086347 -0.00846376
0.00436227 5.41022e-05 0.000282028
0.0117493 0.0077799 -0.00697957
0.00432037 0.00107809 -0.00115733
0.0141543 0.00642364 -0.00601673
0.00148219 0.00237259 -1.77884e-05
-0.000412309 0.00107486 3.66395e-05
0.00995515 0.0139236 -0.00265528
-6.46199e-06 -1.34477e-06 -2.40473e-05
0.0017658 0.00129505 -0.000179328
-0.013476 0.0227832 -0.00248313
-0.00227768 0.0324688 -0.00392544
0.00111304 0.000151618 -5.45418e-05
0.00417685 -0.000906629 -0.000559538
0.000555539 0.00430692 0.0187948
0.00681528 0.00825502 -0.00793884
0.00467753 0.000507563 -0.000695284
0.00397835 0.00585933 -0.00805142
0.00227968 0.0016005 -0.000395294
2.41389e-06 1.62779e-05 -3.32235e-06
0.00120839 0.00211856 -0.000279994
-0.00380916 0.00870067 -0.0104068
0.00209027 0.00265985 -0.000312497
-0.000186859 0.00106234 -0.000147002
0.001311 -0.0138934 0.0129624
0.00337702 -0.000659103 0.00537003
0.00502414 0.00102711 0.000564022
0.00392534 -0.00324396 0.000549565
0.00653862 0.00136246 -0.0103917
0.00392117 0.00174383 0.000105834
0.00420186 0.0015097 -0.00102032
0.0075149 0.00872951 -0.00850732
-7.65952e-05 -0.000206795 3.27964e-05
-0.00489004 -0.00679934 -0.00268538
0.00417492 0.000482407 4.39025e-05
0.00415417 0.000431557 6.95883e-05
0.00760152 -0.010975 0.0132242
0.0201149 0.0138212 0.0243771
0.00530168 0.00728586 -0.00584535
0.00266428 -0.00878341 0.0027542
0.00438277 -0.00255685 0.000196559
0.00106889 0.00494499 -0.00407701
0.00399808 -0.00384344 0.0037254
0.00347878 0.00120253 -0.000610182
0.00141047 0.00409497 -0.00117668
0.00345839 0.00732774 -0.00115368
0.00444379 0.00198175 0.000666976
0.00389678 0.00175849 0.000588788
0.00893592 0.00848103 -0.00782418
0.00227407 0.00035504 -0.00431691
0.00421871 -0.00331033 0.000311671
0.00450379 -0.00403049 -0.00825247
0.0019569 0.00589057 -0.00496315
0.00563526 0.00342925 -0.00258075
0.00193073 0.0183848 -0.0235206
-0.000186726 -0.000430871 0.000408873
0.000883511 -0.000416491 0.000264529
0.00187156 -0.00149809 0.0144168
0.00170514 -0.000718131 8.32299e-05
0.00439354 0.00171421 -8.23381e-05
-0.00116221 0.00317496 -0.0118945
0.00326175 0.00105308 -0.000898426
0.00118944 -0.000893952 0.000650845
0.00430467 -0.00188819 0.00166896
0.00501263 0.000981816 0.000534336
0.00718495 0.00054495 -0.0116091
0.00421807 0.000401044 0.000103529
0.0106599 0.0167059 -0.0227579
0.0083197 -0.00548955 -0.0139341
0.00486989 -2.05353e-05 0.000188242
0.00545681 0.00128388 0.000297674
0.00345212 -0.00539935 -0.000989583
0.00580888 0.00182096 -0.000529249
0.00355817 -0.00249079 0.00245121
-1.26338e-14 2.09076e-14 -1.18591e-13
0.0039994 0.000613545 -0.000116143
0.00722717 0.00228202 -0.000304814
0.00460501 -0.00045904 -3.86668e-05
0.00673525 0.00100275 -0.00921919
0.00908282 0.00673878 -0.0116635
0.00461343 0.000981214 0.000835461
0.00265292 0.00279677 -0.000732942
0.00471749 -0.0111933 0.0115074
0.00591917 0.00650034 -0.00536471
0.00332892 -0.000577887 -0.00107745
0.00545235 0.0063635 -0.00516106
0.0110377 0.00492282 -0.0046148
0.00714098 0.00851524 -0.00818948
0.00593664 0.00377994 -0.00336995
0.00197162 0.00224569 -0.000387503
0.0012435 0.00147104 -0.000339071
0.00715486 0.000894165 -0.0126092
0.00246037 -0.00141801 0.0021918
0.00787143 0.00177994 -0.00202352
0.00573172 0.00398832 -0.00100088
-0.000224287 0.00655844 -0.00858042
0.006351 0.00617419 -0.00482269
0.00427966 0.000815662 0.000381633
0.00777043 -0.00649632 -0.0113215
0.0159011 0.00669669 -0.00633311
0.00523113 0.0013812 -0.00763714
-0.000598134 0.00685407 -0.00592438
0.00922295 0.00138714 -0.001636
0.00244539 0.000284498 -0.000649554
0.00590042 -0.000352556 0.000618808
0.00409088 0.000526604 -0.000221652
0.00350627 -0.000176978 0.00589565
4.95325e-05 -0.0143784 0.0120427
0.00177675 0.0051805 -0.000814234
0.0318328 -0.0121843 -0.0152539
0.00488691 -2.98959e-05 0.000220188
0.0039793 -0.00498504 0.00435336
0.00442807 0.00117153 -0.000274512
-0.0069902 0.0158554 -0.0100992
0.00492292 0.00105512 -0.000278144
0.00475046 0.00013717 -0.000184068
0.00273015 0.000600936 7.82334e-05
0.0051765 0.00275841 -0.00063758
0.00482839 0.00170584 0.000652066
0.00410243 0.000463213 5.34452e-05
0.00450948 0.00712403 -0.00564269
0.0050006 0.00404057 -0.00375632
0.00516868 0.00127843 0.000532373
0.000716069 0.00621064 0.0171967
0.00388396 0.00505176 0.00016619
0.00298211 0.000777313 -0.000667423
-0.000355305 0.00162031 -0.0014249
0.00606021 -0.0135217 0.0109668
0.0033858 0.000797654 -0.000571522
1.17424e-05 -0.0024463 -0.00430677
0.00476695 0.00138705 0.000580535
0.00424256 0.000413874 0.00024084
0.000214232 0.000659532 -1.31497e-05
0.00344262 0.000494709 -0.000328894
0.00681676 0.00898422 -0.0088271
-0.00366012 -0.0144471 0.0130954
0.00459462 -0.000392675 -5.49101e-05
0.00299928 -0.000975795 0.00139588
0.00522423 0.00157767 0.000579931
3.64421e-06 0.0187452 0.0030092
0.00879476 0.00105176 -0.00268083
0.0045342 0.00144934 -0.000399237
0.00842968 0.00167949 -0.00183863
0.00174885 -0.00143357 0.00157528
0.00182004 0.00404166 -0.00358298
0.00111516 7.8066e-05 -0.00159033
0.00611199 0.00854966 -0.00849829
0.000135048 -0.0140585 0.0127295
0.0112773 0.00768343 -0.00687518
0.00235871 0.000963209 0.000735732
0.0399769 -0.0886504 0.0438103
0.00444129 9.56202e-05 0.000210385
0.00304975 0.000804999 -0.000401814
0.00621053 0.00750167 -0.00725459
0.00534698 0.00625974 -0.00494219
0.00357839 -0.00521909 -0.000305658
0.00648713 0.00300016 -0.00284703
0.0104781 -2.50044e-05 -0.0035457
0.00411788 0.000681786 0.000407077
0.00560328 -0.000350749 0.00040083
0.0044125 -0.00164152 0.00775856
0.00430202 0.00249171 -0.00272756
-0.00642835 0.0151127 -0.00309629
0.0100841 0.00843346 -0.0124528
-0.0195878 -0.0381576 0.0244407
0.00351665 -0.0128569 0.0111685
0.0014927 0.000184375 -0.0010641
4.73375e-09 1.96684e-08 -3.26763e-09
0.00191923 -0.000904315 0.015321
0.00394214 -0.00321249 0.00157707
0.0133273 0.00165753 -0.000933662
0.00385799 0.00148688 -5.81691e-05
0.0071409 0.00435283 -0.00265981
0.00264587 -0.000366115 -0.000318952
0.00483964 0.00160552 0.000618264
0.00412343 0.00105228 -0.000142139
0.00474517 -0.000176054 -0.000122092
0.00958478 0.0032791 -0.00327371
0.00460868 -0.0053103 -0.00994746
0.00793261 0.00229532 -0.00229141
0.00127397 0.00135226 -0.000241867
0.00556541 0.00644236 -0.00617616
0.00482395 -0.000308212 -0.000112801
0.00324031 0.00228734 -0.00204056
0.00311372 0.0010952 -0.000195076
0.00132394 0.00159424 -0.000332471
0.00407376 0.00438995 -0.00370733
0.00545298 0.000674244 -0.000151882
0.00349612 0.00142285 -7.73983e-05
0.0159215 0.00502594 -0.00472657
0.0158876 0.00557269 -0.00541929
0.00265105 -6.81429e-05 0.000412266
0.00409616 0.000553619 -0.00585361
0.008169 0.00604889 -0.00717597
0.003944 -0.000156743 0.00580876
0.0121016 0.00806438 -0.00722854
0.0117657 -0.0043281 0.00285494
0.00101788 -0.0121106 0.00947266
0.00476823 7.92692e-06 0.000296327
1.16629e-06 -5.12615e-08 -3.76336e-08
0.00391884 0.000715256 -0.000124338
0.00226545 -0.000139774 -0.000130286
0.00415324 -0.00607628 -0.00201559
0.00463235 7.07713e-05 0.000178681
7.81372e-06 -0.00053749 -9.20987e-05
0.00509471 0.0011429 0.000772901
0.00119716 -0.00182119 0.00183644
0.00562016 0.00123915 -0.00537891
0.00215834 0.00100231 -0.000230896
0.0129796 -0.000619472 -0.0010006
0.0058405 -0.000257785 0.000956925
0.00426107 -0.000838915 0.000451694
0.00594187 -0.00134735 -0.000490196
0.00525985 0.000127619 -0.000257221
0.00399434 -0.000304524 0.00577573
0.00473553 -0.000246827 -0.000142139
0.00387723 0.00579803 -0.00496617
0.00664725 0.00193897 -0.00178752
0.00399475 -0.00785229 0.00611683
0.00548742 -0.00025917 -0.00565482
0.00604331 -0.000525959 0.000162684
9.38907e-05 -0.0182726 0.00531589
0.00137344 -0.0116665 0.00898233
0.000716779 -0.00950772 0.0142186
0.00684758 0.000321529 -0.0118188
0.00831612 0.00384312 -0.00358896
0.00475246 0.00242127 -0.000176285
0.00140079 0.00278479 -0.00235417
0.00829136 0.00192015 -0.00189978
0.00426635 0.00111167 -0.000333276
0.00295106 0.000480509 -0.00169428
0.00329516 0.00142652 -0.00010048
0.0036065 0.00252144 -0.000270427
0.00361303 0.000209918 0.0047074
0.00482138 0.00143083 0.000551287
0.00387852 -0.00012628 0.00588904
0.00340421 0.000278554 -0.000451922
0.00412965 0.00127881 -0.000263811
0.0079681 -0.0017662 -0.0307423
-3.50581e-05 -0.0102712 -0.00553866
0.00296012 0.000935576 -0.000880032
0.00839718 0.000255556 0.00595737
0.00383811 -0.00305882 -0.00101925
0.00285584 0.00259777 -0.000482263
0.00777275 0.00332469 -0.0031395
0.00390604 0.0016411 -0.000131335
0.00436356 0.00150634 -0.000379944
0.0037856 -0.00535643 0.00167396
0.00146353 -0.00403035 -0.00138468
0.00324706 0.000245779 -0.000112458
0.00353483 0.000633475 -0.000632406
0.000750996 -0.0119813 0.012074
0.00737987 -0.0101814 0.0105109
-4.25094e-05 -0.00022115 2.45282e-05
0.00453294 7.8804e-05 0.00019495
-8.56266e-05 -0.00138186 0.000998033
0.000859409 -0.00893324 0.0145566
0.00454811 -0.000133981 -0.000184184
0.00562462 0.000254663 0.000298514
0.00671626 -0.000504463 7.86712e-05
0.00821295 0.00146531 -0.00161454
0.0479844 -0.00344071 -0.0134323
-0.00322 0.0152097 -0.0458971
-9.01802e-05 -0.00014418 -0.00710026
0.0158821 0.0258678 -0.0351417
0.00211338 -0.00161673 0.0107508
0.00564808 0.00133029 -0.00248263
0.00194702 0.000702665 0.00038546
0.00265834 -0.00505632 0.00643073
0.00584356 0.00134975 -0.00155837
0.00727236 0.00172129 -0.000288007
0.0130452 0.00370107 -0.0076921
0.0043223 -0.00583872 0.00160185
0.00113976 0.00396055 -0.0149406
0.00409543 0.00212806 -0.00153805
0.00452455 0.00230917 -0.00272917
0.00421328 0.00121512 -0.0012315
0.00259838 -0.000410552 -0.000128979
0.00133753 0.00387944 -0.00322857
0.00267778 0.00269356 -0.000742483
0.00374268 -0.000549972 0.00516273
0.0054355 -0.0100916 0.00937548
0.000678869 -0.0104866 0.0132437
0.0073428 1.51862e-05 -0.000333305
0.0315106 -0.114081 -0.00869641
0.000326365 -0.000348561 0.000335286
0.00359671 0.0011039 -0.000181797
0.00810032 0.0028451 -0.000597626
0.00287744 -0.00454301 0.00141754
0.0024701 0.000201502 -0.00129141
0.00477135 -0.000181568 -0.000125275
0.00384931 0.00106621 4.50684e-07
0.00217909 -0.000368455 0.000869293
0.00546026 0.00103022 0.000587253
0.000779533 0.00124705 -0.00191482
0.00480055 -0.000175626 -0.000139273
0.000844914 -0.0105705 0.0124035
0.00386464 0.00386455 -0.00335269
0.00340586 0.000790766 -0.000861859
-0.0138549 -0.00552248 0.0808376
0.00654299 -0.0137127 0.0106278
0.00476701 -3.34231e-05 0.000320011
0.00415254 -0.002266 0.00243432
0.00195419 0.00150662 -0.000358896
0.00473924 -0.0104988 0.0104053
0.00501281 0.00135786 0.00018087
0.00469965 -0.000153555 -0.00012115
0.00144515 -0.00175636 0.0139678
0.00486979 -8.95896e-05 0.000228059
0.00753244 -6.7629e-05 0.000371114
0.00338189 -0.00564294 0.00544059
0.00485936 0.00171531 0.000654504
0.00632638 0.00268088 -0.000581654
0.000331406 -0.000477705 0.00519463
0.0071921 0.00216562 -0.00200358
0.00696005 -0.0029085 0.0143495
0.00448425 4.17431e-05 -0.01251
0.00607725 0.000479365 -0.000397369
0.00931497 0.00362365 -0.00346749
0.00109479 -0.00167394 0.00177115
0.00405623 0.00109269 -0.000230487
0.00142329 -0.000968007 0.000346307
0.00425909 0.00146397 -0.004057
0.00486833 -0.000944496 0.000536881
0.00488071 3.73884e-05 0.000288908
0.00625814 -0.000494982 9.80976e-06
0.00489272 0.000376596 0.000893886
0.00356554 -0.00335118 0.00253186
0.00722349 0.000856205 -5.73419e-06
0.00795358 -0.000170175 -0.000686048
0.00511773 0.00134159 0.00046413
0.00538071 -0.000238547 0.000822251
0.0030602 -0.00392169 0.000865691
0.00384741 0.00103976 -0.000193764
0.00434828 -0.000204131 -0.00030945
-1.76642e-16 2.92738e-16 -1.664e-15
0.00203799 -0.000884488 0.000407246
0.0023999 0.00179308 -0.000435525
0.0168882 0.0511978 -0.0452661
0.00269496 -0.00714923 0.00561126
0.00415915 -5.07686e-07 -0.00740713
0.00815152 0.00290292 -0.000652178
0.00127328 -0.0103303 -0.00332591
0.00348467 -0.0146981 0.00324041
-2.70528e-09 0.0183072 0.00491159
0.00384566 0.000757949 -0.000222991
0.00430644 0.000763659 0.000354561
0.00587344 0.000314934 0.000201957
0.00562828 0.00163566 -0.000311263
0.00478898 -3.31139e-05 0.000319505
0.00586849 0.00162654 -0.00164082
0.00750161 -0.00017304 0.000330968
0.00335313 -0.00388771 0.00295015
0.00473372 -0.000239693 -0.000155314
0.00473949 7.82606e-05 0.000253958
0.00112572 0.00735102 -0.00665864
0.001725 -0.00536558 0.012567
0.00565263 0.00351329 -0.00311152
0.00338899 -0.015097 0.013159
0.00343386 -0.000936004 0.00103131
0.00554235 0.000358512 -0.00560973
0.00493312 0.00130834 -0.000501401
0.00218925 -0.000473077 0.000249153
0.00482173 0.00147797 0.000593936
0.0038601 0.00149427 0.000441776
0.00345237 -0.000587574 0.00508353
0.00424134 -0.0013215 0.00123648
0.00477451 -1.90404e-05 0.000304261
0.00452995 -0.000217921 -0.000152198
0.00236307 -0.00327116 0.00107359
0.00480828 -0.000249169 -0.000138085
0.0044371 -0.000155336 -0.000113866
-0.00109011 -0.00645361 0.00815209
0.00814267 -0.00685831 0.00616241
0.00814511 9.28499e-05 -0.000513393
0.00480407 5.61352e-05 0.000260692
0.0076028 0.00249025 -0.000490899
0.00765516 -0.000188951 0.00027696
0.00810417 0.00250611 -0.00151737
0.00716919 -0.00641055 0.00904976
0.010706 -0.016926 -0.0190141
0.00345706 -0.00443885 0.000651503
0.00590998 -0.000243834 0.000942271
0.00756461 0.00259087 -0.000529395
0.00422435 0.00201176 -0.000161833
0.00757606 0.000619575 -0.000892334
0.00607436 0.000176624 0.000449662
0.000897176 0.00119103 -0.00114138
0.00468498 -0.000187947 -0.000120842
0.00644271 -0.00691349 0.00996714
0.00247937 0.00132052 -0.000143604
0.00726395 -0.000307511 0.000211792
0.00468022 8.63089e-05 0.000241769
0.00608712 -1.84326e-05 -0.000295032
0.0058082 -0.000107869 -0.000194162
0.0104753 -0.00323831 0.00535777
0.00756787 0.000126985 0.000178575
0.00361456 -0.000218573 -0.000540268
0.00411921 -0.00382145 -0.0011613
0.00346512 0.00160991 -0.000399696
0.00348188 -0.00351076 0.00468587
0.00174826 -0.00149501 0.0151718
0.0016543 -0.000954274 -0.000377952
0.00215309 0.000981033 -0.000135145
0.00281709 0.00193134 0.00223855
0.00737257 0.00123379 -0.000412754
0.00480748 -0.000323618 -0.000106337
0.00381736 -0.00307799 -0.00101992
0.00458761 0.000114405 0.00021672
0.00759322 0.00232153 -0.00246417
0.0072304 0.000880635 -3.598e-05
0.00234076 0.00126035 -0.000675835
0.00349408 0.00462861 -0.00125807
0.00385722 -0.00319637 0.00105814
0.00471253 7.77997e-05 0.000164292
0.0103089 0.00749107 -0.00666429
0.000190657 -0.0166804 0.0110577
0.0044009 -0.000159417 -0.000262554
0.00469737 -0.000160102 -0.000209187
0.000945719 -0.0105107 0.0120013
0.00486207 -0.000144992 -0.000235256
0.00241697 0.00104664 -0.000171165
0.00612034 -0.000218385 0.000937522
0.00485353 -0.000153786 -0.000200233
0.00469815 -2.60058e-05 0.000339395
0.00349605 -0.00821879 0.00509717
0.00365857 -0.00371332 0.00283094
0.00475808 -0.000272574 -0.000126999
0.00777552 -0.000361026 -2.05243e-06
-0.000136327 0.00183383 -0.0023648
0.00485344 -0.000143719 -0.000218454
0.00436009 -0.00051638 0.00113221
0.00716539 0.000499117 -0.000771268
0.00898661 0.00111716 -0.00175191
0.00836771 0.00160614 -0.00113659
0.00425139 0.00148848 -0.000311934
0.00789757 0.000431471 -0.000796188
0.00359789 -0.00620586 -0.00107853
0.00456363 0.000106705 0.00016694
0.00484126 -0.000239445 -0.000335334
0.00605999 -0.00682412 0.0094605
0.00482892 0.00165423 -0.000230477
0.0124255 0.00419649 -0.00410787
0.00468357 8.39606e-05 0.000143705
0.00394497 -0.00524368 -4.92628e-05
0.00347776 -0.00598353 0.000106796
0.00480718 -0.000112224 -0.000119162
0.00656508 -0.000580582 0.00154781
0.000127689 0.00669364 0.0166223
0.00430883 -0.000206781 -0.000145866
0.00191167 -0.00197847 0.0151571
-0.000565865 -0.0171692 0.00790078
0.00489137 -0.000228711 -0.000363419
-0.000732637 -0.00971228 -0.0450542
0.0048129 -0.000254649 -0.000211937
0.00468637 -0.000180598 -0.000120723
0.00230597 -0.0123145 0.0114414
0.00428123 -0.000217885 -0.000134221
0.00483734 2.34849e-05 0.00029542
0.0144372 0.00534664 -0.00468597
0.00481155 -0.00016044 -0.000191033
-0.000344315 -0.0171865 0.00940209
0.00229651 0.0013918 -8.28468e-05
0.00473997 -0.00025205 -0.000143175
0.00445311 4.06388e-05 0.000230106
0.00387879 -0.000948628 0.000830646
0.00365121 -0.00127563 0.00493564
0.00413293 0.00214588 -0.000468948
0.00149754 -0.0124492 0.0117612
0.00713252 0.00155855 -0.000221145
0.00482842 -0.000173931 -0.000183798
0.0139901 -0.0165262 -0.145329
0.001738 -0.000806324 0.0146964
0.00459856 -9.61405e-05 0.000245267

VECTORS force float
-2.17772e-09 6.59008e-10 -3.77186e-08
-1.19963e-09 -1.85081e-09 3.9933e-09
5.83794e-08 -2.21071e-08 4.764e-08
-2.90095e-09 4.14564e-09 3.75341e-09
1.65487e-08 3.71495e-08 6.88762e-09
-3.05369e-09 1.42727e-09 -3.24161e-09
4.80159e-09 -3.70744e-09 6.23656e-10
-1.57029e-08 1.09213e-08 7.97539e-09
-1.24501e-09 5.26986e-09 -2.423e-09
-5.61667e-09 3.00761e-09 5.22542e-10
-1.10211e-08 5.3418e-09 8.29739e-10
-4.21261e-09 -3.92032e-10 -1.56667e-09
-1.10371e-09 1.37621e-10 -2.54164e-09
7.77147e-10 4.10374e-09 -6.9863e-10
-1.9083e-09 2.55574e-10 -1.36992e-09
-8.35805e-09 7.42546e-09 -5.6874e-09
9.00719e-09 -2.25004e-08 1.67473e-08
-4.80045e-10 -6.52275e-09 4.40654e-10
5.9883e-10 1.25282e-09 -4.26482e-10
-6.00825e-09 2.50963e-09 -6.45718e-10
-7.18765e-10 8.97823e-10 -1.31364e-09
-1.93284e-09 -7.4635e-09 5.00402e-09
-3.74701e-09 3.01967e-09 -1.79916e-09
1.01501e-09 -7.96421e-09 -8.18296e-10
-8.97189e-10 -1.79196e-09 2.84054e-09
-9.1306e-11 1.60334e-10 -5.14338e-11
1.61084e-09 5.36338e-09 -1.38054e-10
-2.95315e-09 -3.25757e-09 8.33171e-10
-1.07489e-09 2.46805e-10 -7.10479e-10
3.59526e-09 1.83114e-08 -1.1052e-08
-1.3211e-10 9.60838e-10 -2.13173e-09
-3.3586e-09 1.82631e-10 -4.43996e-10
-1.34059e-09 -1.22457e-09 -2.50272e-09
1.57747e-09 8.63424e-10 -2.02086e-09
-6.16071e-10 -7.98416e-09 -1.31868e-08
-1.70122e-09 4.09017e-09 1.83415e-10
1.81618e-09 -6.40763e-10 3.50004e-10
-9.38614e-10 1.49325e-09 -1.35443e-09
-1.49109e-09 5.07402e-10 5.00978e-09
4.43129e-10 1.74243e-09 -3.57446e-09
1.91584e-09 -3.43603e-09 2.52715e-09
-4.84422e-10 -1.21669e-10 -1.65944e-10
-3.06938e-08 -3.34512e-08 2.78148e-08
-7.34871e-10 1.26586e-09 -2.43096e-08
4.71394e-09 -3.17729e-09 4.93372e-09
-5.45047e-10 -5.08964e-09 2.60534e-09
-7.25175e-10 -5.74103e-10 -2.36966e-09
-2.78189e-09 3.78334e-09 -1.18963e-09
-7.17062e-12 -2.41496e-11 3.75558e-12
1.5185e-09 -6.10832e-09 1.96556e-09
6.06268e-11 -1.68674e-09 3.07767e-09
-2.56846e-09 1.71025e-09 -1.07358e-09
3.296e-09 -2.06783e-09 -1.45289e-09
-2.33764e-09 3.58167e-09 -1.51498e-09
-4.46647e-10 -1.49984e-09 1.60912e-09
5.03588e-09 -7.47902e-09 -1.24704e-09
8.29882e-10 2.23249e-09 -1.20634e-09
2.46239e-09 -9.60015e-10 1.10875e-08
2.6388e-09 -4.37003e-09 1.83911e-09
7.39273e-09 5.37367e-09 -6.51374e-09
1.61362e-09 2.89726e-09 2.31491e-09
2.95128e-09 -4.42191e-09 2.13127e-09
-5.31486e-09 1.29294e-08 2.87552e-08
-2.40505e-09 2.5873e-09 -5.42404e-09
-3.5952e-09 2.62302e-09 -2.60772e-09
-3.69777e-09 4.4513e-09 -2.90647e-09
1.32848e-08 6.15531e-10 -2.42561e-09
8.19606e-10 4.81124e-09 -5.28922e-09
-5.02358e-09 1.42648e-09 -1.03701e-09
-2.9779e-10 5.97098e-10 3.09257e-10
6.0917e-11 -4.66843e-10 2.78969e-10
3.13876e-09 -3.31868e-10 2.10173e-09
9.18714e-09 4.28437e-10 -1.61457e-09
4.83197e-09 3.10257e-09 4.6177e-11
0.0 0.0 -3.8832e-08
3.57188e-09 -1.21525e-08 1.34326e-08
1.411e-09 4.92599e-09 1.93213e-10
-2.20179e-09 -1.40411e-09 1.74586e-10
2.71376e-09 4.06775e-09 1.12593e-09
8.05168e-09 -4.41839e-09 3.73526e-09
-2.55121e-09 9.4467e-10 -2.20375e-09
4.4579e-09 7.57877e-10 4.33784e-09
1.35006e-10 -1.84429e-10 3.45528e-09
-5.91921e-09 -1.52687e-09 9.82872e-10
8.77564e-08 -5.44002e-08 5.76717e-08
-3.58042e-09 8.96216e-09 -3.89992e-09
-1.09615e-09 2.5977e-09 -3.32978e-09
-6.91347e-09 8.47124e-09 -4.82485e-10
-1.13811e-09 1.79199e-10 -1.76002e-09
6.71432e-09 -6.75178e-09 4.41726e-09
-7.27472e-10 2.08773e-09 -2.04382e-09
1.81669e-09 -9.27087e-10 -5.0595e-10
3.81256e-09 -6.07945e-09 -3.24997e-10
-1.77886e-09 1.40124e-09 -3.37189e-09
2.13117e-09 2.11538e-09 1.99245e-09
2.34076e-10 -3.92418e-10 -2.0665e-10
2.58711e-09 -4.08003e-09 2.76693e-09
2.19268e-09 1.75913e-09 -2.11188e-10
1.21054e-09 1.92544e-09 3.47721e-09
-1.77561e-10 -7.05321e-09 1.01014e-09
1.90551e-08 -9.44777e-10 -3.11013e-09
-6.50245e-09 -6.88812e-09 5.4335e-09
-1.45343e-09 1.27102e-09 2.61907e-10
5.28256e-11 8.22154e-12 2.56108e-13
6.88762e-10 6.47852e-11 1.58692e-09
2.64471e-09 -4.88432e-09 -2.03686e-10
-1.12616e-09 4.54438e-09 -3.75378e-09
3.92755e-09 2.01121e-08 -1.56402e-08
-7.15274e-09 1.6774e-09 -1.15034e-09
-6.11252e-09 5.19043e-10 -3.07176e-10
-4.6319e-09 -7.51731e-09 9.0646e-10
-6.11735e-09 1.00768e-09 -2.38259e-09
-7.02034e-09 -3.53436e-09 -2.83193e-10
2.5642e-09 -1.66336e-09 3.95289e-09
7.19359e-09 3.66652e-09 2.65012e-09
-3.09684e-09 4.99103e-09 -3.06934e-09
2.4023e-08 1.69946e-08 1.96521e-08
5.55777e-09 -4.93165e-09 7.57328e-10
9.87604e-09 1.86466e-08 2.77673e-09
3.28247e-09 4.45365e-09 9.93758e-10
-8.18937e-09 2.92872e-09 -2.34894e-10
2.44517e-08 3.58102e-09 -6.7003e-08
-8.33413e-09 1.05607e-08 -1.44311e-08
-5.12124e-10 2.97483e-09 1.00516e-08
-1.19303e-09 1.16517e-08 -2.29801e-08
1.85338e-09 4.77217e-09 1.41144e-09
-3.98066e-10 -2.07927e-09 -2.49746e-09
6.85978e-09 -5.28721e-10 -3.14618e-08
-4.25321e-09 3.89266e-09 -2.56442e-09
-9.82904e-09 2.93043e-09 -3.2159e-09
1.29841e-09 -1.69816e-08 3.93434e-09
1.2361e-09 -1.10003e-09 -4.67964e-10
-8.82661e-10 7.85808e-09 -3.26034e-08
-2.16002e-10 -5.86562e-10 2.3401e-09
0.0 0.0 -3.8832e-08
-4.8648e-09 -4.35918e-09 2.02811e-09
5.67797e-10 -1.03067e-09 1.09275e-09
-7.0656e-09 9.82071e-09 -2.34344e-08
1.07782e-09 -6.2113e-10 -8.02155e-10
4.21228e-09 -6.25117e-09 2.92973e-09
3.82477e-09 -3.43451e-09 -6.97556e-10
-6.92631e-10 8.66096e-09 8.39732e-09
1.26612e-09 -2.20882e-09 -8.33196e-09
-5.80393e-09 -1.09756e-09 2.81559e-09
-1.32041e-08 1.21536e-08 9.97273e-10
-4.21167e-09 1.14768e-09 9.18669e-10
2.78737e-09 -7.7048e-10 1.06809e-09
-1.84626e-09 3.67329e-09 1.31224e-10
-2.39736e-09 -3.09073e-09 -9.87668e-09
5.31342e-09 -2.69991e-09 2.13961e-09
2.61829e-08 -6.56839e-09 2.13626e-08
-1.46072e-09 -2.16014e-10 -5.91581e-10
1.5318e-08 -2.07326e-09 -9.35576e-09
-1.21769e-08 9.1127e-09 -1.405e-08
-1.69932e-09 -3.51494e-09 8.96283e-10
-4.72998e-09 3.08143e-09 2.41989e-09
-2.4987e-09 5.12079e-09 -8.70214e-09
1.11373e-10 4.55731e-09 -6.3418e-09
9.10218e-09 -3.52986e-09 -3.35317e-09
-2.08359e-09 -6.33459e-09 1.77773e-09
-3.92298e-09 -6.52433e-09 2.9075e-09
7.23647e-09 -2.01725e-08 -3.22345e-08
-7.7478e-07 -1.48777e-07 -3.85561e-07
-9.79888e-09 -6.44282e-09 3.41523e-09
-5.59685e-09 1.193e-08 -2.41754e-08
-1.88563e-08 -3.3586e-08 2.13837e-08
2.36533e-09 5.58027e-09 2.42266e-11
2.90518e-09 8.52271e-11 5.21566e-10
-4.86579e-09 1.35443e-09 -1.60038e-09
-4.29381e-09 1.10967e-09 8.18135e-09
-2.40345e-09 7.48273e-10 -1.62021e-09
2.41764e-09 -4.55864e-10 5.29668e-09
1.18089e-09 -1.59046e-09 -2.08776e-09
-1.00754e-08 -8.00933e-08 7.02202e-08
-5.18697e-09 3.75847e-09 -3.43861e-09
4.7413e-09 -2.7672e-08 -8.4276e-09
-1.17195e-09 5.89434e-09 -7.12661e-09
-7.87246e-10 6.56211e-09 -8.7963e-09
-1.83768e-09 -1.19356e-08 -8.1989e-09
2.50128e-09 1.68045e-08 1.85437e-08
1.58442e-08 3.99022e-09 6.95438e-09
7.51346e-08 4.73751e-08 -1.01359e-07
-3.14925e-09 -5.13615e-09 -2.49188e-09
-8.35789e-10 -4.96547e-12 2.1732e-09
3.61632e-09 -5.09244e-09 1.83481e-09
2.1323e-09 9.53442e-09 -2.42945e-09
-3.811e-08 -4.46233e-09 1.70243e-08
3.766e-09 3.19204e-09 -6.44948e-10
-1.25491e-08 8.232e-09 -5.23832e-09
7.68346e-10 -6.50488e-10 -8.60043e-10
6.15717e-09 -3.89227e-09 3.81858e-09
1.4861e-09 3.76916e-09 -1.904e-09
-4.24761e-10 1.39892e-10 1.98283e-11
-2.32246e-09 3.29821e-10 -8.39551e-10
1.06537e-09 -7.36043e-09 2.71413e-09
-2.78639e-08 2.9635e-08 1.31948e-08
-3.20135e-09 1.33739e-09 -1.30448e-09
-3.97654e-10 1.31918e-09 -2.30727e-09
-6.35602e-09 8.88844e-09 -8.40552e-09
6.92191e-09 -2.96642e-09 5.67745e-09
-5.66382e-09 6.62769e-09 1.51259e-08
7.23848e-09 -5.64884e-10 -3.30235e-08
2.03803e-09 1.99394e-09 -1.85055e-09
2.00046e-08 -7.49391e-09 -1.14765e-08
9.18128e-09 -4.59455e-10 1.87104e-09
2.3243e-08 2.45093e-08 -1.39484e-07
-8.41163e-10 -1.78546e-09 8.82586e-09
-5.36092e-09 -1.64918e-08 4.62818e-10
0.0 0.0 -3.8832e-08
-6.75973e-09 5.68496e-10 -2.70569e-10
-5.52963e-09 8.70164e-09 1.225e-08
-1.57376e-08 1.28497e-08 7.96305e-09
-1.44944e-11 -1.64561e-10 2.27307e-11
3.33054e-09 1.13294e-08 -1.44752e-08
2.96169e-09 -3.06641e-09 -2.22034e-09
1.33123e-09 -4.97753e-09 1.44365e-09
-8.87959e-09 1.01706e-08 -5.59002e-09
1.77329e-09 6.96443e-09 -1.92115e-08
-2.38047e-09 2.02256e-09 -1.50658e-09
9.04542e-09 1.69319e-08 -7.47211e-10
-7.54776e-09 -2.37472e-09 -4.29986e-10
-1.68979e-09 -1.39546e-09 7.21757e-10
4.15757e-09 2.35685e-08 -2.18116e-08
-6.8332e-09 8.74625e-09 -5.0237e-09
3.06168e-08 -3.45808e-08 5.19188e-08
1.19023e-10 -1.31677e-12 5.65567e-12
-1.13973e-08 -5.37976e-09 3.14748e-09
3.92195e-09 1.08233e-09 2.24778e-09
-8.47166e-10 -2.0643e-09 3.05164e-10
-5.57757e-09 1.50583e-08 -1.30992e-08
3.19862e-09 -4.33585e-09 2.64549e-09
1.97527e-08 8.98934e-10 -8.99365e-09
2.99655e-07 6.4868e-07 -3.81256e-07
-2.21445e-09 2.1643e-09 -2.08909e-08
-9.67156e-09 5.40922e-09 -3.54472e-09
-3.58637e-09 -1.46664e-09 -8.95727e-10
2.58175e-09 6.70333e-09 5.17487e-10
-1.3996e-09 -2.65522e-09 -1.70223e-09
-1.84621e-09 1.22734e-10 7.175e-10
8.07716e-09 -3.25471e-11 4.40913e-10
2.92103e-09 5.72718e-09 -9.66344e-09
-5.19875e-09 -5.76813e-09 -7.13678e-09
-8.75174e-09 -2.94372e-09 1.33384e-09
4.98597e-11 6.09364e-10 -1.77634e-09
1.9586e-09 5.63013e-09 3.67979e-10
6.9319e-09 -3.05563e-09 1.72374e-09
1.2962e-08 -7.62539e-09 2.38832e-08
-1.18856e-09 2.85985e-09 -1.19495e-08
-1.06722e-08 -4.51928e-10 1.43561e-09
-1.13995e-08 2.00283e-09 -9.15672e-10
-1.50517e-09 1.73452e-09 -7.09393e-10
-9.67291e-09 1.84796e-08 -1.94444e-08
-3.22761e-09 6.34524e-09 -4.68837e-09
-3.06582e-09 1.75553e-09 9.89794e-10
1.39875e-09 7.59539e-10 -1.62082e-08
-2.11152e-09 -1.27277e-09 1.27233e-09
-2.43582e-09 -6.60029e-09 1.14778e-09
-6.62129e-09 3.8129e-09 -2.07777e-09
9.78428e-10 8.48668e-10 -6.37585e-10
2.23725e-10 1.66282e-09 -8.73264e-10
6.45279e-09 1.4182e-09 1.65327e-10
-8.19377e-08 -4.19751e-09 -9.0615e-08
-1.55859e-08 5.07281e-09 -3.85223e-09
-8.08592e-09 1.58421e-08 -1.87516e-08
-8.75219e-09 7.40262e-10 2.21819e-09
-6.15568e-09 -4.39347e-09 -4.0763e-09
-4.95692e-09 3.2382e-09 -2.60329e-09
-1.05909e-08 -1.0728e-08 5.27085e-09
-1.33982e-08 5.59738e-09 -3.74805e-09
-2.66663e-09 7.22399e-09 -3.88546e-09
-9.61507e-09 1.77971e-08 -1.31594e-08
-6.58084e-09 9.81341e-09 -6.06734e-09
-1.10657e-08 1.14038e-08 -1.53648e-08
-5.42492e-10 2.73752e-10 -2.75983e-10
-1.26476e-08 1.80994e-08 -1.21232e-08
-5.38098e-09 8.23878e-09 -7.45071e-09
-2.56302e-09 -9.03907e-10 -2.43429e-11
-3.70388e-09 2.67502e-09 1.40831e-09
-5.15999e-10 -4.04084e-10 -2.87049e-08
0.0 0.0 -3.8832e-08
-1.16811e-08 -1.46891e-08 -2.62776e-09
6.2605e-08 1.64667e-08 3.30947e-07
-2.16808e-09 -2.55121e-09 -1.22817e-09
-9.18383e-09 2.69154e-09 2.33139e-09
1.38974e-08 -8.36262e-09 -3.76841e-09
0.0 0.0 -3.8832e-08
9.26393e-10 -1.18506e-08 -2.34506e-11
-5.24575e-09 -2.32412e-09 9.9246e-10
-1.46364e-08 3.50644e-08 -5.14737e-08
-6.92224e-08 7.12438e-08 -1.61712e-09
-4.29798e-09 -3.05548e-10 -9.0483e-09
-3.80704e-09 2.47846e-09 -2.12853e-09
-3.76474e-09 2.24203e-09 -1.18464e-09
2.22158e-09 -8.1504e-10 -1.99486e-08
1.57445e-08 1.39856e-08 2.25269e-08
8.02442e-09 -3.60763e-09 1.23368e-10
9.1524e-09 -9.46907e-10 2.65444e-08
4.11729e-09 6.48329e-09 4.99286e-09
-3.63327e-09 7.1317e-09 -4.28285e-09
-6.10633e-09 1.28583e-08 -2.61042e-09
1.7675e-08 1.40531e-08 2.86485e-08
-5.59457e-09 -2.93725e-09 -4.85675e-09
-1.43156e-08 5.43e-09 -1.64878e-08
-5.01496e-09 5.33736e-09 -3.65802e-09
6.84349e-09 5.02232e-09 -8.04628e-10
0.0 0.0 -3.8832e-08
-5.24676e-09 1.3528e-08 -1.62682e-08
0.0 0.0 -3.8832e-08
-2.80253e-09 1.1284e-08 -3.32523e-08
3.48693e-09 -2.25094e-09 3.05244e-09
-3.66609e-09 -4.01022e-09 -2.44417e-09
-9.78931e-10 -1.8198e-09 -2.45842e-09
-7.2372e-09 -5.97298e-09 -5.87366e-10
0.0 0.0 -3.8832e-08
-1.28178e-08 2.09973e-08 -1.80666e-08
-2.23541e-09 -1.44777e-09 -1.12702e-08
-5.27192e-09 -2.00957e-09 -1.7882e-09
-2.13724e-09 4.03951e-09 -2.25657e-09
2.09618e-09 4.22128e-09 -3.24393e-08
-1.0165e-06 -7.0152e-08 -1.70479e-07
2.49216e-09 -1.47487e-08 -2.15537e-09
-5.1541e-09 -1.21115e-08 4.07781e-09
3.64117e-09 3.74608e-09 -3.97766e-10
1.97466e-09 5.74261e-10 -3.64271e-09
-2.04882e-09 -1.46496e-08 1.2194e-08
-1.08165e-07 -9.80255e-09 8.11914e-08
-3.05427e-09 8.38581e-09 -4.38069e-09
-9.11166e-09 7.67254e-09 -5.50732e-09
6.80791e-09 1.51713e-09 -5.52592e-09
-3.4566e-09 1.31604e-08 -1.63421e-08
-2.89983e-09 -1.27844e-09 -1.56216e-10
-2.57183e-08 -1.85714e-09 -4.25882e-09
8.91681e-10 7.52554e-11 4.82393e-09
-1.11154e-08 -6.40195e-09 -1.03719e-08
-2.7683e-09 1.19465e-09 1.23033e-09
-2.13516e-08 -1.47315e-08 1.05045e-08
6.09564e-09 5.12695e-09 -1.37178e-09
0.0 0.0 -3.8832e-08
-1.55782e-09 -4.37211e-10 2.53871e-09
-1.77062e-08 1.15881e-08 -2.20177e-09
-8.81119e-09 -3.97988e-09 1.45393e-09
-2.05149e-09 -7.52732e-10 -1.6656e-11
3.91803e-08 -5.88634e-09 8.9744e-09
-3.85106e-09 7.36816e-10 -2.04381e-10
5.2385e-09 -9.37954e-09 -1.75347e-08
6.97952e-10 -1.30821e-09 -1.36508e-09
-8.75892e-10 3.04194e-09 -1.39474e-09
-4.3709e-09 4.44401e-09 -3.54994e-10
-4.94274e-11 -2.01982e-10 -3.8647e-08
-7.62414e-10 -1.04045e-08 -8.86663e-10
-3.2434e-09 4.74516e-10 -6.19438e-10
-2.39159e-09 -5.24253e-09 2.00399e-09
1.15354e-06 -1.09724e-06 8.0655e-07
-1.12286e-09 7.50302e-09 -6.03085e-09
2.18375e-09 -3.71213e-10 3.9389e-09
-6.54277e-09 2.89162e-10 3.2625e-08
0.0 0.0 -3.8832e-08
-6.15295e-09 4.93098e-08 -1.74157e-08
-1.43123e-08 -1.18861e-08 -2.09134e-08
0.0 0.0 -3.8832e-08
4.72674e-09 -2.74317e-08 2.26261e-08
-5.81807e-08 -5.00447e-08 3.18849e-08
-4.91939e-09 4.82632e-09 -2.63048e-09
-2.86735e-09 1.47656e-08 1.04701e-08
0.0 0.0 -3.8832e-08
0.0 0.0 -3.8832e-08
9.10678e-08 -1.4829e-07 8.86152e-08
-1.10408e-08 3.06658e-08 6.99615e-09
1.17486e-08 5.77768e-10 2.0048e-08
-2.83048e-08 -2.91743e-09 -3.11755e-08
2.72903e-08 -7.87895e-08 -8.87626e-09
-1.25892e-08 1.51492e-08 -2.07355e-08
-8.50535e-09 -4.66391e-09 1.7879e-08
-6.78889e-08 -3.84339e-10 1.03441e-08
-3.94996e-10 1.16745e-08 -1.46836e-08
-8.16594e-09 -7.3421e-09 -8.10036e-09
2.30708e-08 3.58644e-09 1.95543e-08
-2.67028e-09 -1.10319e-08 -1.02283e-09
3.89605e-10 1.2557e-09 3.88392e-09
-1.58282e-09 -5.18862e-08 2.6181e-08
6.44017e-08 4.54137e-09 8.92463e-09
-5.59445e-09 2.75037e-09 -7.00438e-10
-6.26689e-08 3.54989e-08 -1.79427e-08
-1.13529e-08 1.02575e-08 -1.11351e-08
-3.46797e-10 -1.89629e-09 -4.27654e-09
1.83479e-10 -1.00907e-09 -2.43567e-08
1.20696e-08 1.00478e-08 -2.43231e-09
-5.31311e-09 2.51949e-10 -3.23112e-09
1.25926e-07 -1.56507e-09 1.02125e-07
-5.79083e-09 7.78395e-09 -2.0799e-09
-3.1847e-09 -6.10501e-09 1.82916e-09
1.89898e-09 -3.26044e-09 -2.46537e-08
-1.17862e-09 -1.21208e-07 1.25984e-07
1.96675e-09 -1.81333e-08 1.26761e-08
-1.58025e-08 2.42391e-08 -1.70539e-08
1.758e-09 4.10106e-09 -2.53374e-08
8.19144e-08 1.19321e-07 -4.34319e-08
-1.24006e-09 -6.30639e-09 -7.82749e-09
-2.99655e-07 -6.4868e-07 3.03592e-07
0.0 0.0 -3.8832e-08
-1.38104e-08 -2.27154e-09 -4.15333e-09
2.24569e-08 -6.51379e-09 -3.12655e-10
6.85522e-09 -7.7743e-10 -3.34181e-08
-6.98445e-09 3.39006e-09 -1.15449e-08
-6.04673e-09 3.8511e-09 -2.4015e-09
0.0 0.0 -3.8832e-08
-9.14949e-09 2.68077e-08 -1.37188e-08
-8.22694e-11 3.9077e-11 -5.53936e-12
-4.61743e-09 -2.01497e-09 7.77531e-09
-1.23598e-09 1.12435e-08 -9.28987e-09
5.47893e-10 7.1185e-09 -7.30988e-09
1.50431e-07 5.09306e-08 -2.18822e-08
-2.99278e-09 1.10083e-09 -8.37869e-10
7.55089e-09 -1.64406e-08 1.38169e-08
6.2843e-09 -2.03866e-10 1.31976e-09
-1.05229e-08 1.20725e-08 -1.24377e-08
-9.10702e-10 -3.45463e-09 -1.6086e-09
-3.25037e-09 -9.00223e-09 3.17242e-10
0.0 0.0 -3.8832e-08
-2.48627e-09 -1.63402e-09 1.83341e-09
1.9789e-08 -2.44114e-08 -6.44257e-09
0.0 0.0 -3.8832e-08
0.0 0.0 -3.8832e-08
8.8916e-09 -4.34149e-09 -1.04942e-09
1.62534e-11 -5.90942e-12 7.05286e-12
-2.56475e-09 -8.48077e-09 1.03069e-09
1.12579e-08 -4.99834e-08 6.13706e-08
-2.83519e-09 2.23692e-08 -5.98198e-09
-2.45921e-09 1.3657e-08 -1.21058e-08
-1.7553e-08 3.17236e-09 5.13969e-09
2.41583e-10 1.60772e-09 4.56518e-11
1.03703e-08 2.8131e-08 8.3915e-09
5.92069e-09 1.20658e-08 -1.35711e-08
-5.20642e-09 -6.69768e-09 -3.1707e-08
4.44863e-09 -1.32274e-08 1.47553e-09
-2.05657e-08 -8.19513e-09 1.14316e-08
-3.6639e-09 1.06083e-09 6.40235e-09
-1.03196e-08 -3.33281e-09 7.55095e-09
1.06959e-08 -7.75278e-09 -3.52865e-09
-2.3243e-08 -2.45093e-08 6.18199e-08
-2.1212e-08 4.04649e-09 2.37158e-08
-4.39843e-08 -2.07501e-08 1.24972e-08
8.14865e-09 -5.21464e-09 -1.49112e-09
1.79712e-12 3.76022e-12 -1.49777e-11
1.73385e-09 -1.89273e-09 -2.91561e-08
-1.00096e-08 4.90334e-09 -3.34509e-09
-1.06755e-08 3.93866e-09 -3.09514e-09
6.96358e-08 9.07024e-08 9.31087e-08
0.0 0.0 -3.8832e-08
-2.53597e-08 -5.88144e-08 5.43836e-08
-1.72697e-08 1.5043e-08 -1.50726e-08
-9.44865e-09 -8.71021e-09 1.71074e-09
-1.16347e-09 7.50924e-09 -6.03426e-09
0.0 0.0 -3.8832e-08
-2.11323e-08 8.86638e-09 -2.66515e-08
-2.9012e-10 -1.4363e-09 1.26195e-09
-6.96547e-08 4.91281e-08 2.87482e-08
1.64423e-09 -4.36005e-09 4.03572e-10
-1.03326e-08 -2.23042e-09 -7.74121e-09
0.0 0.0 -3.8832e-08
1.85562e-08 2.4485e-09 9.6827e-09
-4.9517e-09 -5.29583e-09 2.57327e-10
0.0 0.0 -3.8832e-08
-3.66757e-08 -6.71225e-08 1.49668e-08
8.74567e-10 -2.25111e-08 -1.95623e-09
1.5353e-09 1.13509e-08 -1.45751e-08
-9.90292e-09 -2.25546e-08 2.25692e-08
-1.25575e-07 5.8262e-08 -6.21709e-08
1.80266e-08 -3.561e-09 1.46816e-08
-1.04662e-07 2.26049e-08 9.30415e-10
-1.17189e-09 -6.92332e-10 1.39064e-09
0.0 0.0 -3.8832e-08
-9.79809e-09 9.11636e-09 -2.40423e-08
-3.41174e-08 -2.68928e-08 3.48747e-08
-3.65917e-09 1.96006e-08 -2.33665e-08
-1.33971e-08 -1.79934e-09 4.45849e-09
-3.64386e-08 5.14044e-09 1.07194e-07
-1.13351e-08 4.76496e-09 -1.86488e-09
-1.93244e-09 1.20832e-08 -1.49591e-08
7.07333e-09 2.27849e-09 -3.33418e-08
4.00281e-10 -1.297e-09 2.13507e-10
-9.56786e-09 6.2036e-08 1.96596e-08
4.69674e-08 1.46277e-08 -3.95281e-09
-1.07186e-08 1.47498e-08 5.56549e-09
-7.15805e-08 9.71722e-09 -3.31845e-08
3.21773e-22 1.48893e-22 0.0
1.02215e-08 -6.18652e-09 -5.04011e-09
2.90245e-08 -4.71386e-08 1.59073e-08
-4.72083e-09 3.11353e-08 3.37728e-08
7.26714e-09 -3.03443e-10 -3.29571e-08
0.0 0.0 -3.8832e-08
1.85541e-08 -4.9818e-09 -2.76696e-09
2.17544e-08 4.44706e-09 4.932e-09
-2.92096e-08 -4.09846e-08 1.3143e-07
-2.1761e-08 -4.64563e-08 9.03431e-08
-1.05279e-08 -4.2049e-08 1.86193e-08
2.90345e-08 5.04935e-08 8.61189e-08
-1.14019e-08 1.30899e-08 -1.04466e-08
-5.75444e-08 -3.2566e-08 3.71895e-08
1.10276e-08 1.26901e-08 -1.07125e-08
-1.23594e-08 -1.17362e-08 1.07422e-08
-4.84539e-09 -4.76106e-09 9.86607e-09
7.64191e-09 -5.04423e-10 -3.23355e-08
-1.24261e-08 2.4033e-08 -3.01544e-08
9.45608e-09 7.94273e-09 -7.3676e-09
-1.84751e-08 -1.85003e-09 -1.04848e-10
0.0 0.0 -3.8832e-08
-1.18866e-08 1.09711e-08 -7.2919e-09
2.01507e-08 9.37882e-09 -9.42057e-09
4.6141e-09 -9.8616e-09 -1.67444e-08
-1.17178e-08 1.3487e-08 -1.02977e-08
-3.45197e-09 -3.24394e-08 1.29777e-08
-8.10853e-10 8.17744e-09 -6.63861e-09
-1.21985e-08 1.68686e-08 -6.53281e-09
-5.08118e-08 -4.91202e-08 -6.74566e-09
-4.45946e-09 2.76835e-09 -2.55986e-09
-1.28883e-08 1.56741e-08 -1.85835e-08
7.23455e-09 2.7962e-08 -4.26597e-08
-3.78057e-08 1.68547e-08 1.8164e-08
-4.11707e-09 -1.22777e-08 8.01675e-10
0.0 0.0 -3.8832e-08
-3.61359e-09 3.58289e-09 -1.37651e-09
-4.30545e-08 8.34444e-09 -2.78733e-08
4.17922e-09 1.19027e-08 -2.40436e-08
0.0 0.0 -3.8832e-08
-8.20104e-09 3.62828e-09 -3.33551e-09
-1.15704e-08 -8.4239e-09 2.50629e-09
-2.51458e-08 3.9464e-08 -1.19746e-08
-5.3088e-10 2.35357e-09 -8.86065e-09
-2.85637e-09 -6.09039e-09 -4.93412e-09
5.1262e-09 -1.34442e-10 -4.8056e-10
-1.68957e-08 -1.42308e-08 2.78786e-08
-7.98899e-08 1.36623e-07 -1.36277e-07
7.01519e-09 -2.24405e-09 5.92309e-09
3.01243e-09 -1.12502e-09 -1.75793e-09
0.0 0.0 -3.8832e-08
7.50774e-08 1.2279e-08 2.80684e-08
6.51033e-10 8.26211e-09 -7.07034e-09
1.70922e-10 4.82253e-08 -2.69194e-08
-2.60267e-08 1.16154e-08 2.44424e-08
-3.16257e-09 5.55716e-10 -3.15287e-08
-1.40161e-08 -4.93057e-09 3.0968e-10
3.6503e-09 3.05776e-08 -2.41741e-08
-2.04818e-09 2.17255e-10 3.08499e-11
-1.01639e-08 -2.34924e-09 -7.72008e-09
-9.67572e-09 1.09137e-08 -1.47976e-08
-1.20324e-05 -1.81277e-06 7.30622e-06
-6.29988e-09 5.79838e-09 -3.14549e-09
3.55019e-08 1.62595e-07 -2.4049e-07
-8.82109e-09 9.04746e-09 6.36334e-08
-1.34495e-10 7.73778e-10 -2.82651e-10
-7.86984e-09 1.50329e-08 -2.301e-08
-2.14511e-08 1.15192e-08 -3.55838e-09
-6.64808e-10 -8.29882e-09 6.93879e-09
-1.39013e-08 1.97382e-08 -1.58043e-08
2.55711e-08 -7.79946e-08 4.13294e-08
5.12457e-09 -3.56093e-09 -2.61769e-08
-2.15431e-09 2.51999e-09 -3.31802e-08
-3.41927e-09 -1.66516e-08 1.83917e-08
-1.19239e-08 1.21902e-08 -9.27866e-09
1.04524e-08 -6.64506e-09 -9.81273e-09
0.00159647 0.000169902 0.000322809
-1.16001e-09 7.22733e-10 1.92475e-09
9.22211e-09 2.98709e-08 -1.9382e-08
-1.01502e-08 1.10635e-08 -1.49747e-08
4.52846e-09 -9.58852e-09 -5.49048e-09
-8.80847e-09 3.37738e-09 1.95141e-09
5.5653e-09 -3.04231e-09 -8.81308e-09
-7.98273e-09 -4.94403e-09 3.84785e-09
1.74216e-08 3.46627e-08 -1.08703e-08
-2.61023e-08 2.46653e-08 -1.20601e-08
2.02196e-10 4.3346e-08 6.22354e-08
-8.76672e-10 -6.50677e-09 8.5183e-09
0.0 0.0 -3.8832e-08
0.0 0.0 -3.8832e-08
0.000449322 -0.000379484 -0.000299725
8.64534e-08 -9.28805e-08 -7.72398e-08
-8.53167e-09 1.79418e-08 -2.95559e-08
4.22604e-11 -2.25133e-11 -1.03804e-11
-4.15503e-09 -2.07988e-08 8.12178e-08
-8.16465e-09 -2.58629e-08 2.86711e-08
-3.06215e-08 3.93284e-08 -3.5144e-09
-5.87326e-09 3.66834e-09 4.25936e-11
1.62198e-08 -2.58627e-08 4.17701e-08
-2.31706e-08 4.15246e-09 -7.51621e-09
-3.06287e-10 -4.0252e-09 -4.37863e-09
3.74994e-08 -4.68551e-08 1.51672e-07
-3.85053e-10 -5.38707e-10 1.09086e-10
-4.51352e-08 -8.49017e-09 2.38111e-08
0.0 0.0 -3.8832e-08
-3.81656e-08 2.11054e-08 -2.91811e-08
-1.19234e-08 -8.43096e-09 2.39391e-09
-1.03366e-08 1.10983e-08 -1.51565e-08
-3.74274e-09 2.02986e-09 -1.04393e-09
1.84772e-08 -2.18313e-08 1.82192e-08
2.15463e-08 7.73768e-09 1.89451e-09
1.65192e-08 -8.00899e-09 -5.29233e-09
-1.5959e-08 2.77445e-09 -2.75974e-08
-1.5514e-08 -3.10114e-08 -2.72515e-08
-3.50505e-09 3.29913e-09 1.19252e-10
-1.25041e-08 1.52915e-08 -2.09805e-08
-1.2212e-08 1.42244e-08 -1.08745e-08
-1.39637e-08 1.97822e-08 1.69474e-09
-1.45922e-09 -5.39633e-09 -3.0801e-08
0.0 0.0 -3.8832e-08
8.17064e-09 -3.32165e-09 -8.81846e-10
-8.2625e-09 1.19745e-08 -6.9626e-09
-1.24663e-08 2.40354e-08 -1.88244e-08
1.10907e-07 -1.1594e-07 1.01473e-07
-1.90847e-10 8.21699e-10 -2.32741e-09
3.58501e-10 5.13738e-10 -8.7844e-11
-1.28181e-08 8.22033e-09 1.53879e-08
7.40074e-09 -2.4922e-08 -5.39889e-09
-3.57872e-08 1.41886e-08 -3.37153e-08
2.46501e-09 -2.37452e-10 1.42845e-09
-2.40034e-08 -2.2761e-08 7.80016e-09
3.49821e-09 1.13794e-08 6.80971e-09
-1.38362e-08 1.36867e-08 -1.63129e-08
-1.29999e-08 -3.04596e-09 -1.07256e-08
2.93695e-08 -2.91853e-09 -2.37465e-09
0.0 0.0 -3.8832e-08
-7.56105e-09 6.63371e-09 -2.07816e-09
3.00347e-09 1.11429e-08 -9.13404e-09
0.0 0.0 -3.8832e-08
3.53984e-08 3.14911e-08 6.42837e-10
6.29208e-09 3.07312e-09 4.2931e-09
1.95441e-09 7.55538e-11 1.87414e-09
-1.10116e-08 1.58518e-08 -5.27399e-08
-3.41679e-09 -1.39275e-08 1.92006e-08
-3.70586e-07 6.42748e-07 -4.68595e-07
-4.80394e-09 9.92358e-09 4.54554e-10
4.35768e-10 -1.02383e-08 -2.10173e-09
-3.33605e-08 -3.00269e-08 -8.2745e-09
0.0 0.0 -3.8832e-08
-2.18088e-08 -4.33838e-08 -1.002e-07
2.02569e-08 1.6131e-08 8.51339e-08
4.1884e-09 -7.92029e-09 6.97677e-09
-6.60025e-09 -2.84243e-09 -1.53557e-08
-1.75983e-09 5.67027e-09 -3.99549e-09
-3.66894e-08 4.0543e-08 4.18766e-11
-4.29135e-09 1.69163e-09 -9.60379e-09
0.0 0.0 -3.8832e-08
-3.38617e-09 7.52732e-10 -1.19073e-09
-1.26342e-08 6.18401e-08 -1.22967e-08
-7.54252e-09 3.69556e-09 -7.19615e-09
-4.03153e-09 2.88352e-09 -1.69509e-09
3.16874e-09 -7.21686e-09 6.31007e-09
-7.02805e-09 8.45921e-09 -9.94931e-09
8.20688e-09 9.73382e-10 3.30321e-09
0.0 0.0 -3.8832e-08
0.0 0.0 -3.8832e-08
1.6332e-10 -1.10963e-08 1.24351e-08
-2.92746e-09 2.52265e-08 -4.86953e-08
-7.80022e-10 -1.14505e-09 3.82089e-11
-3.80653e-09 3.76456e-08 -8.3258e-09
-1.80625e-08 -2.05187e-08 1.80236e-08
-7.47482e-09 -2.57201e-10 -5.90287e-09
1.81763e-08 -6.156e-09 2.1931e-09
-3.08049e-08 3.42697e-08 -1.37147e-08
0.0 0.0 -3.8832e-08
9.78083e-09 3.31614e-09 -1.89788e-08
-1.91396e-08 9.10734e-09 -5.00803e-08
2.86968e-08 -4.09e-08 -7.72802e-08
9.38687e-08 5.70199e-08 -8.53037e-09
-2.06502e-08 1.27137e-08 2.16157e-08
-3.06686e-09 5.23112e-10 1.3266e-09
-8.74095e-08 2.29751e-08 9.13048e-08
-2.06391e-08 1.03846e-07 6.25562e-08
1.6196e-09 1.3235e-09 -7.00348e-10
-1.31987e-08 1.35939e-08 -1.03717e-08
1.43194e-09 5.65473e-09 -5.70055e-09
-7.68807e-09 2.51966e-08 1.61373e-08
0.0 0.0 -3.8832e-08
0.0 0.0 -3.8832e-08
-1.14134e-08 -6.45272e-09 -2.13788e-08
-1.79831e-09 1.20414e-08 -1.49287e-08
2.50094e-09 -7.98852e-10 -3.68941e-08
2.86384e-08 -1.37048e-08 1.45245e-08
1.91396e-08 -9.10734e-09 -2.75836e-08
-6.58141e-09 2.8921e-08 -3.24429e-08
1.14469e-08 1.14339e-08 -9.9752e-09
7.43555e-09 1.03612e-08 3.7915e-09
5.6808e-09 5.14958e-09 -7.07655e-09
-4.92724e-09 1.20162e-08 -2.44425e-08
0.0 0.0 -3.8832e-08
-3.08463e-09 9.09985e-09 3.87025e-09
2.39542e-08 -7.33294e-09 3.34376e-09
5.28942e-10 3.62677e-09 -7.75782e-09
-1.76004e-09 3.20907e-08 1.41859e-08
1.28221e-09 3.0826e-09 -2.60882e-09
3.75579e-09 7.4608e-09 -1.67898e-08
-4.26922e-09 1.9413e-08 -1.95206e-09
-8.83401e-07 6.02777e-07 -3.29419e-07
-6.51676e-08 -9.6728e-09 -1.09138e-07
1.93728e-08 -1.33873e-08 6.57181e-09
0.00034951 0.000376712 0.000297215
-4.90928e-08 4.79755e-08 -4.33151e-08
-8.48544e-09 -9.32596e-09 3.11294e-09
1.52069e-08 -8.52179e-09 3.37054e-09
2.02455e-08 -1.03795e-08 5.8051e-09
1.79063e-09 -3.54736e-09 8.55071e-09
-6.63672e-09 -1.5737e-09 2.93084e-10
6.71137e-09 4.86918e-09 -7.86827e-09
-2.88962e-08 -1.20036e-08 8.4783e-09
2.28929e-08 2.10923e-08 1.16261e-08
-1.28064e-09 3.04709e-09 -9.93821e-09
-8.98248e-10 -1.82223e-09 -1.31586e-10
-3.61895e-08 -1.2171e-07 4.70584e-08
-2.67068e-08 -7.06258e-09 6.49549e-09
2.97364e-09 4.83852e-09 6.02395e-09
0.000103366 -0.00103651 -0.000750296
-1.01863e-07 1.03816e-07 -1.0577e-07
1.26867e-09 1.83122e-09 -1.11532e-09
-3.65352e-09 6.88943e-09 -3.5049e-08
-1.62796e-08 -1.02018e-08 -5.45795e-09
-1.25063e-07 -5.97088e-09 -1.9901e-08
-1.16945e-09 2.34414e-10 -3.21634e-09
-3.34105e-09 -2.11871e-09 -2.5656e-10
1.72584e-08 4.13821e-08 1.45989e-07
-2.67039e-09 3.90302e-09 -7.18169e-10
3.56656e-08 3.2615e-08 -1.41883e-08
8.148e-10 3.68297e-10 1.20503e-09
-1.8038e-09 3.23615e-10 -1.27947e-09
1.7603e-09 1.38888e-08 2.09696e-09
0.0 0.0 -3.8832e-08
1.59728e-08 -1.11935e-08 1.23349e-08
1.75237e-08 9.35714e-08 9.32103e-08
-1.23928e-08 -1.24306e-08 8.11652e-08
-8.32375e-09 -6.38717e-09 1.13987e-08
8.39838e-09 -1.74618e-08 1.37207e-08
-2.70832e-08 3.7015e-10 -6.14657e-09
-1.27806e-08 -4.76307e-09 8.4727e-10
4.7603e-09 -1.97383e-08 9.70082e-09
5.39489e-08 3.40962e-08 -2.55299e-08
1.34039e-07 -4.74511e-08 4.37097e-08
-3.04781e-09 2.32757e-09 -1.89513e-09
-1.59897e-08 4.95252e-09 3.17017e-10
2.65587e-08 1.11176e-08 1.10661e-08
5.7363e-09 1.89773e-08 -1.52125e-08
1.36962e-08 -1.68911e-09 -3.87329e-10
1.16574e-08 2.25329e-09 -2.07949e-08
6.53809e-09 5.79662e-09 -6.7657e-09
-5.70978e-09 3.0924e-08 -4.20504e-08
2.456e-09 -1.21007e-08 1.53504e-08
-2.53654e-09 -2.40513e-09 -1.9008e-09
-1.13965e-09 8.62999e-10 -2.82269e-09
-2.68834e-22 -5.70755e-23 1.98523e-23
-1.25908e-08 9.47773e-09 4.53776e-09
-7.83346e-09 1.96285e-08 -2.84117e-09
-5.95871e-09 8.87485e-09 -8.93631e-09
6.414e-09 2.37075e-08 -1.94785e-08
-3.22164e-09 8.55241e-09 -1.92811e-08
2.06175e-08 -1.28422e-08 1.07685e-08
0.0 0.0 -3.8832e-08
-3.57175e-08 -6.6542e-08 -2.10818e-08
6.45736e-13 -7.86309e-10 -5.92361e-10
1.3272e-08 -4.44783e-09 -1.79518e-09
1.58849e-08 -3.94481e-09 -1.39137e-08
8.17225e-09 -8.77979e-09 1.68135e-08
2.80761e-09 1.02974e-08 -2.12215e-09
3.3681e-09 7.49789e-10 -5.37023e-10
-2.27032e-08 -2.89442e-08 1.79132e-08
-5.11898e-09 4.09219e-09 9.22635e-09
-1.12414e-09 2.17536e-08 -3.33291e-08
-6.14382e-09 4.91416e-09 -1.91372e-09
-6.8368e-09 2.93005e-09 -2.20006e-09
-4.16111e-09 8.74487e-09 -8.5957e-09
-2.36903e-08 -9.15077e-08 1.18013e-08
1.87096e-08 -5.07532e-09 -1.91021e-08
-1.1536e-08 3.42169e-08 -1.56717e-08
-2.75511e-07 -2.42721e-07 2.29469e-07
-8.66139e-09 -5.21737e-09 -2.17487e-08
-2.30489e-08 -5.61429e-08 -2.13432e-09
-5.8154e-09 1.03891e-08 2.67841e-09
1.84337e-09 -5.9749e-09 6.80061e-10
-6.2263e-09 -6.13043e-09 2.06341e-09
7.38558e-10 -8.84644e-10 4.00017e-09
-5.42901e-09 2.89201e-08 7.69892e-09
1.21919e-09 4.19417e-10 -1.64137e-09
-5.03454e-09 4.53881e-09 -3.07542e-09
-1.57772e-08 -3.54146e-08 1.50248e-08
-4.09982e-09 5.80739e-09 -3.79357e-09
1.44781e-09 1.02413e-09 -1.29341e-11
-4.47513e-08 -2.10204e-08 5.2155e-08
6.2017e-08 1.18358e-07 1.9769e-08
1.97235e-09 -7.60531e-09 -1.13576e-08
-1.43208e-09 -5.01758e-10 -4.12203e-09
1.84684e-08 -1.3688e-09 -1.55074e-08
9.39287e-09 2.38942e-08 -1.19408e-08
-1.30102e-09 -3.44516e-09 1.99914e-08
2.22926e-08 5.75503e-10 -3.86303e-08
2.8846e-09 -8.85291e-09 -8.41585e-09
-2.69649e-08 -4.40784e-08 1.25626e-08
-5.52526e-09 5.56715e-09 -1.62815e-08
6.24668e-09 6.43927e-11 -4.68559e-10
-7.58495e-09 1.61275e-08 3.41232e-08
-9.596e-09 1.52265e-08 -1.28952e-08
-2.13679e-08 5.20649e-09 -8.15102e-09
-3.06596e-08 8.16492e-09 2.97987e-08
-1.23828e-09 -1.30154e-10 2.30074e-10
-3.37748e-08 1.10451e-07 1.04692e-07
6.62066e-09 9.5281e-10 1.12115e-09
-1.7654e-08 5.67696e-09 1.15298e-08
-1.04988e-09 2.21188e-09 -1.20075e-09
-1.54623e-09 2.05823e-08 -1.8183e-08
-1.59847e-08 2.22093e-08 -1.26702e-08
2.07779e-09 4.05311e-09 -1.45127e-08
-1.04497e-08 1.12682e-09 -9.22102e-09
-8.36043e-09 -3.07415e-08 -9.72102e-09
-3.29559e-08 -1.39196e-08 -1.79396e-08
-1.47234e-08 7.10096e-09 -5.1269e-09
-3.43638e-09 1.04773e-08 -6.33663e-09
-3.90117e-08 9.41385e-09 7.88746e-08
3.13285e-08 -9.10092e-09 -4.33592e-09
-9.0916e-09 -7.83458e-09 -1.24683e-09
0.0 0.0 -3.8832e-08
2.26442e-08 -8.73813e-09 4.98712e-09
1.97469e-09 2.94371e-09 -2.13718e-09
-5.40193e-10 -1.25018e-09 -2.05746e-10
3.23926e-09 2.59315e-09 -1.11214e-09
-3.84526e-08 1.60583e-08 -1.21041e-08
-7.55683e-09 1.57326e-08 -9.02175e-09
1.38031e-08 -3.76595e-09 -1.91905e-08
-9.80256e-09 -2.10795e-09 3.47104e-10
-2.51029e-08 3.79449e-08 1.48864e-08
-6.15393e-10 1.60778e-10 -3.98307e-10
-9.46535e-09 1.11118e-08 -8.49478e-09
2.61435e-08 6.76847e-08 2.26946e-07
-2.92046e-09 3.45883e-09 -1.94621e-09
6.35588e-10 -1.14844e-11 -4.15777e-09
-2.09082e-08 -1.91768e-09 9.90718e-08
1.11645e-09 3.56041e-09 -5.92142e-09
2.44507e-08 2.92019e-09 -6.65864e-09
-9.43781e-09 1.04328e-08 -1.2187e-08
-1.66871e-09 4.4162e-10 -4.13382e-09
-1.32327e-09 3.41936e-10 -1.38637e-09
-5.65219e-10 1.54139e-09 3.12189e-10
-1.90087e-08 1.57077e-08 -2.09016e-08
-4.45358e-09 6.26566e-10 5.61169e-10
-1.07431e-09 1.85928e-09 -8.42913e-09
-1.03365e-08 -5.23733e-09 4.6821e-10
-2.11839e-09 -4.58583e-10 -3.54509e-09
-5.79152e-09 3.28819e-09 -7.1947e-10
-8.31879e-09 1.16473e-08 -1.002e-08
-1.64605e-08 2.47302e-08 2.61345e-08
-2.37065e-08 2.14702e-08 1.67911e-08
1.78789e-08 3.65155e-09 -1.01231e-09
3.7795e-10 -1.40349e-08 1.87036e-09
-2.41063e-08 4.8089e-08 -3.25616e-08
2.50729e-11 1.74689e-12 3.66667e-13
-1.27898e-09 2.1095e-09 -2.43364e-09
1.00761e-08 3.14741e-08 3.23538e-08
-7.87922e-09 -5.51986e-09 -7.60637e-10
-6.40054e-09 -2.39454e-08 1.95383e-08
-1.75381e-09 3.87871e-10 -1.24095e-09
-2.80844e-08 -3.12191e-08 -1.23618e-08
3.17695e-09 3.61719e-08 5.73698e-09
-3.09986e-09 -1.62495e-09 -9.39895e-10
1.53664e-09 3.45278e-08 -3.10792e-08
0.0 0.0 -3.8832e-08
-6.19122e-09 4.81083e-09 -2.60376e-09
4.38076e-08 1.67903e-08 9.89254e-08
-2.40215e-08 5.18722e-08 1.62467e-07
-8.3868e-10 2.51953e-09 9.69505e-10
0.0 0.0 -3.8832e-08
-6.32338e-09 4.00236e-09 -1.80512e-09
-3.34026e-10 2.27271e-10 2.40547e-11
4.62285e-09 7.25006e-08 1.43867e-08
3.15874e-09 4.72721e-09 -1.63677e-09
3.57359e-11 2.39467e-10 -3.32889e-09
-2.43248e-09 -5.98632e-09 -4.17577e-08
1.90263e-09 -2.94796e-10 -1.5833e-09
6.0097e-08 3.06487e-07 8.21935e-08
-6.45833e-09 -1.20428e-09 3.29642e-10
-1.86694e-09 2.56839e-09 -1.79275e-09
2.05277e-09 -5.03837e-10 1.24623e-09
-1.84372e-10 -1.19792e-08 2.94477e-08
-2.9067e-08 1.23711e-07 -2.07114e-08
-3.60209e-09 1.93333e-08 -9.93428e-10
8.22149e-08 -2.02268e-08 -3.71805e-08
8.54579e-09 1.72125e-08 -2.37082e-09
-2.11962e-09 9.55214e-10 -4.37615e-10
0.0 0.0 -3.8832e-08
-5.43748e-08 -6.76325e-09 1.32913e-07
-9.10389e-10 -5.58493e-10 -6.2475e-10
