# vtk DataFile Version 3.0
LIGGGHTS particles timestep 68400000
ASCII
DATASET POLYDATA
POINTS 885 float
0.313082 0.0150217 0.013262
0.327305 0.0180452 0.00724285
0.315336 0.0168861 0.0076046
0.328067 0.0181353 0.00719141
0.309618 0.0182722 0.00702033
0.3207 0.0165089 0.00810844
0.32821 0.017372 0.00730479
0.32245 0.0172797 0.00740909
0.322118 0.0179225 0.00712424
0.332618 0.0174612 0.0074491
0.332691 0.0177213 0.0073188
0.332168 0.0157172 0.0085099
0.320802 0.0171246 0.00759153
0.321182 0.016123 0.00810586
0.332051 0.0153952 0.00899522
0.321301 0.0187652 0.00700299
0.326744 0.0168096 0.00756312
0.326203 0.0158338 0.00836498
0.332555 0.0172067 0.00759485
0.332748 0.0179885 0.00719481
0.326266 0.0160573 0.00817484
0.325967 0.015186 0.00932883
0.319841 0.0149912 0.00986143
0.320934 0.0176523 0.00733395
0.33223 0.0159668 0.0083551
0.309917 0.0161228 0.00810536
0.327003 0.0179337 0.00724893
0.326586 0.0172553 0.00735968
0.328336 0.01764 0.00725527
0.31531 0.0172133 0.00761224
0.321646 0.0166095 0.00809676
0.333145 0.0186213 0.00695397
0.320945 0.018959 0.00698852
0.32714 0.0167451 0.00795459
0.321116 0.0165251 0.00785483
0.332814 0.0182558 0.00707563
0.332107 0.0155217 0.00872907
0.332205 0.0159779 0.00865386
0.326411 0.0155134 0.00865077
0.328287 0.0179327 0.00721143
0.327103 0.0171674 0.00741234
0.333044 0.0193972 0.00708586
0.308362 0.016392 0.00789926
0.317015 0.0181267 0.00727474
0.321029 0.0167627 0.00801637
0.327717 0.016748 0.00768643
0.319975 0.0153713 0.00942864
0.332487 0.0169576 0.00774779
0.314581 0.0173543 0.00759514
0.327395 0.0171 0.00739306
0.32714 0.0160101 0.00825465
0.326939 0.0176441 0.00730212
0.327134 0.0188807 0.00708475
0.332476 0.0166995 0.00790025
0.327074 0.0157864 0.00844476
0.320712 0.0178403 0.0072609
0.323016 0.0178946 0.00707487
0.320722 0.0154813 0.00881228
0.327245 0.0166912 0.00767893
0.326699 0.0154579 0.0087115
0.326611 0.0162091 0.00805931
0.326465 0.016816 0.00790725
0.326199 0.0158856 0.00866051
0.321032 0.0154936 0.00878568
0.321231 0.0182586 0.00730578
0.320442 0.0167485 0.00779363
0.326329 0.0162806 0.00798495
0.326871 0.0178532 0.00750633
0.321009 0.0192545 0.00702104
0.327596 0.0181472 0.00721648
0.326896 0.0186987 0.00709423
0.327181 0.0184068 0.00741539
0.33286 0.0185263 0.0069546
0.321293 0.019352 0.00700738
0.314749 0.0167938 0.00767617
0.321235 0.0190578 0.00700236
0.326808 0.0170592 0.00740935
0.320691 0.0167966 0.00802386
0.326648 0.0175443 0.0073088
0.326471 0.0157378 0.00845977
0.328045 0.0177518 0.00725354
0.327718 0.0179298 0.00751519
0.320252 0.0151091 0.00957009
0.321466 0.0173038 0.00746095
0.309645 0.0186124 0.00703596
0.320886 0.018665 0.00699805
0.327926 0.0174231 0.00738502
0.319905 0.0151436 0.00961098
0.326679 0.0165788 0.00774327
0.319208 0.0151309 0.0126685
0.332295 0.0162165 0.00820205
0.332361 0.0164658 0.00804907
0.326617 0.0163892 0.00830676
0.32769 0.0170365 0.00747284
0.316466 0.0206028 0.00758073
0.33292 0.0188183 0.00698819
0.328063 0.0185138 0.00713149
0.325902 0.0150619 0.00959417
0.322718 0.0179072 0.00710597
0.327942 0.0169222 0.00759141
0.321613 0.0170638 0.00756365
0.321075 0.0195468 0.00707207
0.327365 0.0183365 0.00718911
0.314739 0.0171226 0.00770258
0.327766 0.0176708 0.00732773
0.326946 0.0168838 0.00777168
0.319312 0.0148174 0.0122449
0.315568 0.0166955 0.00788483
0.327072 0.016882 0.00749911
0.321783 0.0184139 0.00702188
0.319618 0.014904 0.010882
0.320773 0.0181053 0.0071319
0.327481 0.0175678 0.00731398
0.327292 0.0191298 0.0070307
0.326522 0.0169748 0.00744542
0.321494 0.0165524 0.00784446
0.322731 0.0184227 0.00706465
0.327166 0.0174539 0.00734947
0.326374 0.0165584 0.00808947
0.326536 0.0159651 0.00826655
0.326664 0.0165032 0.00803319
0.327814 0.0187233 0.00711194
0.314898 0.0169598 0.00789743
0.327231 0.0164604 0.0078701
0.326773 0.0181211 0.00720053
0.30253 0.0168715 0.0078472
0.326638 0.0160032 0.00854607
0.322348 0.017612 0.00725442
0.322432 0.0184297 0.00705121
0.318743 0.0161531 0.0144041
0.315176 0.0170337 0.00781167
0.326457 0.0167373 0.00761786
0.314605 0.0163862 0.00815112
0.327414 0.0161205 0.00817163
0.314929 0.0150104 0.0100728
0.320868 0.0173884 0.00746275
0.327161 0.0162371 0.00805968
0.315837 0.0166424 0.00800819
0.322202 0.0171371 0.00749888
0.327483 0.0163431 0.00798259
0.327131 0.0185188 0.0071415
0.326935 0.0171625 0.00766053
0.318931 0.0156039 0.0137183
0.319712 0.0147404 0.010391
0.320924 0.0159908 0.00818352
0.320184 0.0158847 0.00870328
0.326823 0.0159052 0.00833104
0.321055 0.0181888 0.00707296
0.327782 0.0165155 0.00786459
0.322759 0.0165969 0.00783871
0.310621 0.0182863 0.00704043
0.332979 0.0191091 0.00703296
0.326888 0.0161282 0.00814148
0.315867 0.0176686 0.00741461
0.322875 0.0181597 0.00706901
0.320869 0.0156202 0.00856741
0.321888 0.0168128 0.00768947
0.321679 0.0163337 0.00798352
0.318673 0.0163699 0.0145994
0.326877 0.0173556 0.00735515
0.326838 0.0184092 0.00714769
0.326982 0.0191296 0.00701467
0.31011 0.017956 0.00713344
0.321334 0.0180321 0.00713784
0.32737 0.0186987 0.00711877
0.314542 0.0162114 0.0083867
0.322087 0.0165217 0.00787378
0.320901 0.0153618 0.00902118
0.316096 0.0216874 0.00773504
0.322044 0.0188404 0.00703704
0.320816 0.0162617 0.00825402
0.326088 0.0154632 0.00881126
0.326393 0.016504 0.00779505
0.314855 0.0160926 0.00857618
0.321366 0.0183151 0.00704359
0.327229 0.0177428 0.00729787
0.319052 0.0154671 0.0134803
0.327821 0.0179505 0.00723436
0.322397 0.0169432 0.0076173
0.308499 0.0164794 0.00815455
0.327538 0.0178609 0.00728516
0.30162 0.0148122 0.0108408
0.320901 0.0181219 0.00740286
0.320337 0.0163261 0.00800399
0.326711 0.0178325 0.00725357
0.32057 0.0156098 0.00858745
0.314479 0.0160211 0.00861908
0.320582 0.017314 0.00751771
0.319647 0.0146293 0.010662
0.321624 0.0158527 0.00828146
0.328051 0.0171554 0.00743711
0.32062 0.016231 0.00802901
0.314397 0.0167102 0.00813547
0.321445 0.0156803 0.00844869
0.322081 0.018452 0.00703558
0.3159 0.0182653 0.00746168
0.321943 0.0181601 0.0070301
0.32676 0.0156818 0.00852104
0.30964 0.0172267 0.00751329
0.327619 0.0173229 0.00741821
0.320247 0.0161527 0.00858396
0.314319 0.0164109 0.00836426
0.327497 0.0165709 0.00778802
0.32691 0.0163552 0.00794653
0.319168 0.0149171 0.0128598
0.302284 0.0162368 0.00841366
0.322281 0.0178795 0.00737246
0.322708 0.0171518 0.00749307
0.316323 0.0170944 0.00740273
0.327139 0.0193816 0.00697369
0.320503 0.0160585 0.00845888
0.32138 0.0163158 0.0079897
0.316136 0.0177984 0.00738307
0.315444 0.0173675 0.00734955
0.316943 0.017532 0.00725309
0.327465 0.0168678 0.0075764
0.321791 0.0160982 0.00813181
0.315521 0.0153882 0.00966674
0.321547 0.0178629 0.0072637
0.31425 0.0161361 0.00846242
0.322311 0.0187041 0.00704796
0.320401 0.0166138 0.00805865
0.316075 0.0152324 0.00998468
0.321806 0.0190748 0.00702824
0.314266 0.015358 0.00947574
0.315461 0.0149528 0.0102518
0.320345 0.015364 0.00904927
0.315418 0.0145953 0.0107334
0.327835 0.0183243 0.00717528
0.307352 0.0149824 0.012099
0.326143 0.01561 0.00855546
0.314898 0.0186439 0.0073408
0.314821 0.0148358 0.0102915
0.314066 0.015172 0.0101414
0.322573 0.0181651 0.00705544
0.315344 0.0147795 0.0104672
0.321169 0.0156239 0.00855293
0.319358 0.0150027 0.0120541
0.327558 0.0189301 0.00708338
0.318809 0.0159597 0.0141845
0.326978 0.0165778 0.0077575
0.308232 0.0159191 0.00824472
0.322009 0.016275 0.00802571
0.320898 0.0163284 0.00797332
0.326324 0.0163325 0.00828038
0.321526 0.0185668 0.0070115
0.315113 0.0170742 0.00737652
0.320371 0.0155007 0.00878353
0.314892 0.017541 0.00725975
0.315355 0.0162986 0.0083883
0.314624 0.017409 0.00728978
0.313051 0.01535 0.0132807
0.322711 0.0174066 0.00733481
0.322486 0.0167003 0.00776973
0.320718 0.016845 0.00772907
0.326935 0.0164236 0.0082375
0.32029 0.0150449 0.0098606
0.322832 0.0176478 0.00720383
0.326887 0.0182957 0.00742097
0.327073 0.0182287 0.00719505
0.320022 0.0153655 0.00913253
0.308822 0.0160777 0.00811899
0.321754 0.0176459 0.00727991
0.314033 0.0150284 0.0098789
0.305239 0.0177928 0.00713728
0.322418 0.0179138 0.00710752
0.321091 0.0172005 0.00753568
0.315045 0.0181463 0.00733187
0.319149 0.0152088 0.012952
0.322274 0.0190326 0.00704895
0.314959 0.0151185 0.010351
0.321294 0.0158873 0.00825422
0.314448 0.0147465 0.0111197
0.320495 0.0158782 0.00869852
0.315114 0.0184368 0.00736577
0.316404 0.0176741 0.00733014
0.322182 0.0167641 0.00772481
0.31463 0.0149935 0.0100395
0.307677 0.0149783 0.0106673
0.316109 0.017499 0.00736069
0.315037 0.0168621 0.00760903
0.309447 0.0211106 0.00768073
0.314609 0.0146924 0.0104479
0.31898 0.0151894 0.0136897
0.321623 0.0181614 0.0070463
0.310105 0.0157438 0.00852611
0.321902 0.0171353 0.00750986
0.321251 0.0177695 0.00725705
0.315425 0.0170692 0.00737531
0.309891 0.015594 0.00867303
0.31616 0.0184127 0.00743395
0.321924 0.0158706 0.00827548
0.319777 0.014865 0.0101258
0.320516 0.0170509 0.00764611
0.309807 0.0163248 0.00791257
0.318916 0.0153775 0.0139145
0.309475 0.0154893 0.00889795
0.327604 0.0185154 0.00716128
0.32061 0.0159763 0.00818712
0.32078 0.0157659 0.00832076
0.326286 0.0156829 0.0088642
0.321589 0.0168009 0.0077061
0.30346 0.0176875 0.00713153
0.322097 0.0173901 0.00737634
0.320823 0.0165894 0.00784625
0.315632 0.016874 0.00765219
0.313973 0.0153637 0.00941101
0.315739 0.0149138 0.0103578
0.308792 0.0176863 0.00746255
0.315642 0.0160378 0.00873717
0.319054 0.0150544 0.0134321
0.322052 0.0176597 0.0072526
0.319081 0.0153113 0.0132256
0.31587 0.0179676 0.00743971
0.302467 0.0150057 0.00948877
0.310583 0.018596 0.00694053
0.308791 0.0165409 0.00812614
0.321793 0.0165704 0.00783845
0.315388 0.0185434 0.00742439
0.308429 0.0167197 0.00798925
0.322341 0.016601 0.00801291
0.32175 0.0187802 0.00702333
0.321523 0.0189762 0.0070147
0.322061 0.0170504 0.00774943
0.310851 0.0184708 0.00698714
0.302347 0.0149535 0.0100728
0.320481 0.0157518 0.00833861
0.320082 0.0154796 0.00886167
0.326029 0.0153146 0.00906492
0.314467 0.0146966 0.0107121
0.319113 0.0149763 0.0131487
0.308899 0.0161195 0.00840585
0.326254 0.0161106 0.00846984
0.315611 0.0183444 0.00745131
0.321492 0.0160802 0.0081378
0.309316 0.020545 0.00752859
0.303125 0.018627 0.00697726
0.303851 0.0161603 0.00803536
0.30946 0.0164631 0.00781015
0.315927 0.0162916 0.00848574
0.322242 0.0181827 0.00704068
0.320197 0.0158257 0.00839834
0.314812 0.0169797 0.00744911
0.3147 0.0177704 0.0072407
0.309887 0.0187891 0.00701627
0.318851 0.0155419 0.0141568
0.320272 0.0160613 0.00812899
0.314824 0.0163117 0.00834458
0.315283 0.0179442 0.0073615
0.320238 0.0152443 0.00930263
0.321304 0.0167805 0.00779895
0.321787 0.0156721 0.00845788
0.309839 0.0180809 0.00708687
0.309467 0.0170367 0.00771474
0.314829 0.0183538 0.007307
0.314114 0.0157316 0.00895635
0.314532 0.015168 0.00978192
0.302923 0.0188364 0.00704997
0.30228 0.0152602 0.00908762
0.309926 0.0167575 0.00757505
0.313885 0.0147787 0.0108931
0.31469 0.0157061 0.00907443
0.320802 0.0160372 0.00845371
0.315135 0.0154974 0.00944412
0.314061 0.0146915 0.0106659
0.314238 0.0151768 0.00971427
0.309516 0.0167001 0.00763522
0.308622 0.01557 0.00882553
0.303387 0.0179175 0.00733096
0.313506 0.0147807 0.0113681
0.315304 0.015089 0.0100356
0.303934 0.0163431 0.00781222
0.315266 0.0146408 0.0109884
0.314647 0.0176315 0.00750123
0.315628 0.0147397 0.0105752
0.314336 0.0150169 0.00995186
0.309795 0.0193915 0.00717223
0.321142 0.018509 0.00699376
0.318604 0.0165997 0.0147794
0.309541 0.0179949 0.00710704
0.308444 0.0153301 0.00967424
0.322692 0.0168972 0.00765098
0.316971 0.0178306 0.00725538
0.309381 0.0208278 0.00760466
0.317213 0.0176573 0.00721811
0.309869 0.0173047 0.00733503
0.303041 0.019416 0.00695039
0.321017 0.0168166 0.00772152
0.3137 0.0150304 0.0106415
0.320137 0.0156085 0.00859628
0.318867 0.0157685 0.0139608
0.31424 0.0147075 0.010907
0.308435 0.0166524 0.00769695
0.303026 0.0172978 0.0076137
0.308499 0.0168867 0.00752124
0.303154 0.0153026 0.00906092
0.308976 0.0177901 0.00715798
0.313923 0.0151851 0.00964771
0.3159 0.0168208 0.0077755
0.308798 0.0154379 0.009471
0.315243 0.0152567 0.00979443
0.316668 0.0178302 0.00730271
0.31464 0.0155272 0.00931011
0.321467 0.0175751 0.00733314
0.320996 0.0179179 0.00720461
0.315876 0.0150832 0.0101515
0.302971 0.0165265 0.00808398
0.316445 0.0182883 0.00737833
0.314559 0.0153497 0.009538
0.310163 0.0174107 0.00730908
0.321304 0.0166292 0.00806376
0.316706 0.0181342 0.0073238
0.314045 0.0155463 0.00918286
0.310787 0.016241 0.00803416
0.309367 0.0171313 0.00737732
0.308602 0.0162438 0.00800011
0.314423 0.0151023 0.0102274
0.313817 0.0150471 0.0103652
0.309994 0.0208131 0.00755007
0.316414 0.0179814 0.0073558
0.316834 0.0170256 0.00747805
0.309055 0.0194133 0.00722708
0.297482 0.0164513 0.00804355
0.315774 0.0164638 0.00824101
0.314018 0.0147438 0.0103735
0.309254 0.0202618 0.00745215
0.314006 0.014954 0.0113972
0.309146 0.0173222 0.007311
0.31476 0.0180626 0.007273
0.304318 0.0173955 0.0072743
0.31499 0.0153327 0.00964907
0.316276 0.0168762 0.00760322
0.315591 0.0151626 0.00998897
0.315046 0.0164929 0.00806785
0.31537 0.0165373 0.00806413
0.308664 0.0162699 0.00829251
0.308173 0.0156958 0.00843614
0.310063 0.0165426 0.00773332
0.315118 0.0146143 0.0107267
0.314982 0.0178547 0.00729913
0.309596 0.0174228 0.00729054
0.31312 0.0152047 0.0130274
0.314675 0.01469 0.0109314
0.315501 0.0176604 0.00738125
0.317015 0.0185208 0.00730982
0.321752 0.0173745 0.0074077
0.321051 0.0158711 0.00842923
0.308875 0.0163397 0.00791998
0.308855 0.0172296 0.00733299
0.315337 0.0182378 0.0073927
0.308856 0.0184652 0.00737214
0.316645 0.0175037 0.00727729
0.308635 0.0165125 0.00787076
0.309061 0.017879 0.00743174
0.315206 0.0176566 0.00732625
0.315273 0.0166985 0.00783025
0.313461 0.0149397 0.0116401
0.308509 0.0154107 0.00939282
0.311113 0.0176492 0.00725606
0.314503 0.0170972 0.00788708
0.3102 0.0171272 0.00739989
0.314695 0.0165993 0.00791434
0.309196 0.0181208 0.00731692
0.310372 0.0191367 0.00708483
0.313209 0.0151492 0.0127462
0.316177 0.0167311 0.00784644
0.314974 0.016676 0.00783612
0.315571 0.0179445 0.00744734
0.303535 0.0179727 0.00707568
0.315738 0.0171341 0.00754723
0.309152 0.0186473 0.00701808
0.314972 0.0146976 0.0109749
0.302999 0.0150531 0.00936061
0.314933 0.015626 0.00923013
0.313203 0.0148495 0.0127353
0.308536 0.0160103 0.0081799
0.301816 0.0149511 0.00997339
0.322356 0.0163014 0.00801535
0.3152 0.0150711 0.0105266
0.304473 0.0167533 0.00758358
0.296829 0.0162496 0.00829341
0.310216 0.0161085 0.00811173
0.302239 0.0159733 0.00827752
0.314827 0.0151672 0.0098385
0.313734 0.0147056 0.0102827
0.308465 0.015837 0.0084143
0.310986 0.0164461 0.00782008
0.309314 0.0155673 0.0086337
0.320647 0.0175771 0.00738932
0.314311 0.0147001 0.0104188
0.316625 0.0172182 0.00737112
0.301509 0.0147291 0.0113353
0.296688 0.0177107 0.00718851
0.308864 0.0185382 0.00708128
0.316838 0.0167505 0.00760557
0.315149 0.0173637 0.00729495
0.315788 0.0153131 0.00981998
0.309176 0.0157611 0.0084504
0.313557 0.0147456 0.0110746
0.308155 0.0152641 0.00975386
0.316558 0.0169133 0.00750645
0.31516 0.014919 0.0102415
0.30455 0.0170101 0.00744927
0.315024 0.0173031 0.00760214
0.310802 0.0168939 0.00748942
0.303551 0.0193068 0.00695487
0.31456 0.0171333 0.00739341
0.316502 0.0167331 0.00773975
0.30892 0.0175118 0.00725484
0.309075 0.0166606 0.00796749
0.302855 0.0172184 0.00738083
0.30967 0.0209095 0.00760444
0.309186 0.0199795 0.00737646
0.308222 0.0153443 0.0094726
0.308745 0.017971 0.00709458
0.303028 0.0167926 0.00761386
0.307376 0.0147082 0.0119718
0.308821 0.0169954 0.00775008
0.308792 0.016962 0.0074533
0.315961 0.017409 0.0076055
0.316376 0.0173739 0.00730775
0.297079 0.0170904 0.00747481
0.309121 0.0196967 0.00730082
0.310645 0.0166579 0.00763838
0.31392 0.0148998 0.010125
0.308339 0.0155374 0.00891776
0.32182 0.0179141 0.00714914
0.313816 0.0148444 0.0111898
0.315737 0.0173984 0.00740545
0.30869 0.0173598 0.00755995
0.320827 0.0183708 0.00700316
0.315332 0.0159654 0.00881544
0.309216 0.0189338 0.00707958
0.309081 0.0183584 0.00697961
0.308962 0.0156224 0.0086077
0.314125 0.0148015 0.0111682
0.310503 0.0168747 0.00748786
0.315171 0.0187547 0.00739941
0.303062 0.0159128 0.00832289
0.309358 0.0174669 0.00746658
0.302353 0.0164391 0.00820291
0.309355 0.0159337 0.00821216
0.308897 0.01658 0.00774031
0.308563 0.0171297 0.00735726
0.302956 0.0155329 0.00877457
0.316043 0.017202 0.00734459
0.310352 0.0184103 0.00699421
0.297716 0.0173669 0.00734666
0.309475 0.0157564 0.00842466
0.309633 0.0160229 0.00813695
0.296828 0.0178589 0.00742837
0.315044 0.0147702 0.0104814
0.314779 0.016586 0.00822772
0.310514 0.0161427 0.00811255
0.309763 0.0165584 0.00772956
0.308802 0.0182533 0.00701063
0.315246 0.0175046 0.00758177
0.314341 0.0164455 0.00806534
0.30787 0.0152006 0.00982125
0.310287 0.0159247 0.00833802
0.30413 0.0184392 0.00699122
0.308112 0.0155248 0.00867495
0.296313 0.0163473 0.00825064
0.31366 0.01473 0.0106339
0.314169 0.0150407 0.0103926
0.314814 0.014715 0.0106665
0.304397 0.0183043 0.00702223
0.309988 0.0159144 0.008309
0.309171 0.0163758 0.00788426
0.307473 0.0147547 0.0115124
0.303952 0.0171417 0.0073939
0.302115 0.0155725 0.00870788
0.302461 0.0158294 0.00842013
0.313721 0.0149499 0.0114907
0.314339 0.0155345 0.00924366
0.308863 0.0181756 0.00729398
0.302762 0.0159009 0.00833678
0.309886 0.0179081 0.00732749
0.316988 0.0172643 0.00738071
0.303046 0.0183383 0.0069964
0.305087 0.0169783 0.00745437
0.30135 0.0149089 0.0121138
0.310386 0.0163887 0.00783957
0.309407 0.0197869 0.00730281
0.296991 0.0191604 0.00704509
0.3094 0.0187156 0.00717334
0.309394 0.0176322 0.00721885
0.297544 0.0166617 0.0078388
0.308002 0.015362 0.00925834
0.310833 0.0187699 0.00697371
0.310343 0.0166263 0.00766166
0.316143 0.0180973 0.00740858
0.314396 0.0157616 0.00905504
0.29581 0.0149488 0.00999949
0.310821 0.017709 0.00722977
0.304686 0.0178144 0.00712461
0.317342 0.0179682 0.00721596
0.309206 0.0168963 0.00780551
0.310126 0.0189679 0.00705197
0.30899 0.0173656 0.00756383
0.29687 0.0185871 0.00710651
0.302385 0.016438 0.00777843
0.30957 0.0191972 0.00713207
0.310763 0.0174282 0.00731808
0.313228 0.0149011 0.0130297
0.308757 0.0158447 0.00829652
0.308987 0.0191156 0.00714405
0.307282 0.0150096 0.0123894
0.302484 0.0166181 0.00800129
0.295751 0.0149802 0.0102919
0.314426 0.0166748 0.00780421
0.308569 0.0154907 0.00910988
0.302799 0.0167136 0.00792429
0.302914 0.0162911 0.00790695
0.297501 0.017726 0.00721076
0.31114 0.0183515 0.00703231
0.308491 0.0169547 0.00781331
0.309879 0.0184339 0.00697502
0.309465 0.0162235 0.00799058
0.304196 0.0168672 0.00753057
0.308938 0.0188097 0.0073665
0.304808 0.0168713 0.00751557
0.305179 0.0174929 0.00719639
0.303897 0.0168802 0.0075302
0.308624 0.0174107 0.00727184
0.311099 0.0186343 0.00694095
0.297878 0.0182192 0.00709951
0.31361 0.0149955 0.0110153
0.301685 0.0148576 0.0105515
0.307195 0.0148415 0.0127794
0.308104 0.0157353 0.00901942
0.302054 0.0153914 0.00893919
0.302834 0.0160944 0.00811915
0.302699 0.0157088 0.00855822
0.303418 0.0187201 0.00696153
0.310521 0.0176937 0.0072273
0.308858 0.0155174 0.00918807
0.309875 0.0170189 0.00742601
0.307249 0.0146496 0.0125551
0.308912 0.0155874 0.00890139
0.309927 0.0175855 0.00724732
0.302802 0.0182582 0.00715121
0.308085 0.0151826 0.010034
0.309587 0.0169389 0.00744787
0.308059 0.0154427 0.00897056
0.310372 0.0181253 0.00708576
0.310619 0.0179647 0.00714313
0.303406 0.0197641 0.00716027
0.303168 0.0199374 0.00721875
0.302961 0.016518 0.00771401
0.308685 0.0176904 0.00718225
0.303051 0.0175741 0.00748212
0.302728 0.0166881 0.0076309
0.303516 0.0166752 0.00764414
0.296748 0.0180052 0.00716537
0.309211 0.0166126 0.0077046
0.309033 0.0180712 0.00707009
0.30144 0.0146786 0.0116435
0.30249 0.0168526 0.00755041
0.308397 0.0156788 0.00865976
0.302617 0.0173828 0.00729748
0.307215 0.0151167 0.0126616
0.302519 0.0151488 0.00923029
0.310886 0.0171687 0.00740401
0.301571 0.0149635 0.0111588
0.297432 0.0174347 0.00728136
0.311108 0.0173635 0.00734722
0.304892 0.0185372 0.0069831
0.297245 0.0190183 0.00697186
0.304151 0.0161483 0.00804959
0.297056 0.0194455 0.00711174
0.30731 0.0146785 0.0122629
0.303085 0.0170449 0.00746218
0.316013 0.0170178 0.00757944
0.31556 0.0174976 0.00762609
0.314214 0.0148441 0.0101656
0.303591 0.0185497 0.00713778
0.310898 0.01818 0.00708119
0.308297 0.0161572 0.00807427
0.3145 0.0169519 0.0076246
0.308675 0.0156534 0.00852458
0.303287 0.0156735 0.00861258
0.308754 0.0167774 0.00794527
0.303322 0.0168856 0.00755516
0.310099 0.0182414 0.00704196
0.303782 0.0190498 0.00692994
0.303133 0.0160991 0.00809905
0.309203 0.0155912 0.00897303
0.303829 0.0180679 0.00706096
0.309677 0.0177412 0.00719145
0.304081 0.0190633 0.0069185
0.302677 0.0176766 0.00728922
0.310581 0.0171511 0.00740204
0.302978 0.018036 0.00705461
0.304957 0.0176903 0.00715354
0.30836 0.0162866 0.00833747
0.30774 0.0150825 0.0103931
0.309854 0.0190888 0.00709333
0.301375 0.0146312 0.0119325
0.302756 0.0163666 0.00821935
0.303441 0.0160429 0.00816668
0.297019 0.0168797 0.00767972
0.31036 0.0187888 0.00699735
0.302742 0.0179717 0.00722742
0.308921 0.0188323 0.00706783
0.301935 0.0150231 0.00939734
0.29794 0.0171676 0.00736444
0.301487 0.0149535 0.0115331
0.307421 0.0149557 0.0118083
0.309302 0.0168768 0.00752213
0.311023 0.0179211 0.00716697
0.302679 0.0173453 0.00758853
0.297596 0.0183142 0.00706669
0.308184 0.0158733 0.0087655
0.314875 0.0172545 0.00734665
0.307603 0.014879 0.0109404
0.309273 0.0192148 0.00716829
0.296729 0.0168201 0.00776231
0.303289 0.0181428 0.00705768
0.296958 0.0166693 0.00788447
0.304731 0.0166165 0.00765414
0.303945 0.0189207 0.00714627
0.309079 0.017053 0.00742539
0.30526 0.0180863 0.00707888
0.302379 0.0154412 0.00886983
0.304636 0.0181285 0.00706103
0.309261 0.0178876 0.00713429
0.30924 0.0172153 0.00763546
0.304369 0.018977 0.00691313
0.310107 0.0163135 0.00792181
0.309597 0.0156546 0.00867927
0.307937 0.0152813 0.00954014
0.303216 0.0162968 0.00788891
0.310688 0.0164175 0.00781269
0.302163 0.014989 0.00960255
0.290742 0.0179688 0.00704754
0.304911 0.0180097 0.00708894
0.309616 0.0189101 0.00705827
0.303976 0.0174126 0.00725342
0.297121 0.0197153 0.00722619
0.303338 0.0194893 0.00706132
0.310205 0.0168525 0.00752035
0.304511 0.0162472 0.00789886
0.30418 0.0166012 0.00766835
0.303625 0.016996 0.00747607
0.297668 0.0186081 0.00698597
0.308988 0.0163158 0.00819698
0.305034 0.0182784 0.00703703
0.302598 0.016236 0.00800099
0.307538 0.014808 0.0112245
0.304233 0.0163361 0.00783067
0.29644 0.0167656 0.00783992
0.30459 0.0172755 0.00731529
0.302555 0.0171193 0.00742946
0.303984 0.0159916 0.00824482
0.296377 0.0165578 0.00804676
0.308288 0.0154253 0.0091913
0.309017 0.0168095 0.00758903
0.304656 0.0188916 0.00690863
0.30325 0.0154841 0.00884238
0.296977 0.0178109 0.0071727
0.310463 0.0174129 0.00731561
0.304311 0.0186805 0.00694567
0.304834 0.0174272 0.00722778
0.297787 0.0176388 0.00724172
0.2966 0.0164002 0.00817142
0.3078 0.0151197 0.0101015
0.304252 0.0171286 0.00739432
0.309388 0.0184638 0.00699388
0.302907 0.0177501 0.00711078
0.310221 0.0176914 0.00722069
0.309774 0.0157646 0.00845592
0.309748 0.0184228 0.00724471
0.302981 0.0191266 0.00700127
0.309054 0.0159225 0.00822928
0.309761 0.0169775 0.00770051
0.302682 0.0164587 0.0078185
0.310945 0.0166628 0.00761688
0.297182 0.0187259 0.00695049
0.297657 0.0170845 0.00742847
0.303748 0.018243 0.00729084
0.297205 0.0176233 0.00722693
0.297604 0.0168724 0.00763394
0.304559 0.0175457 0.00717648
0.303265 0.0192163 0.00696056
0.304469 0.0164915 0.0077299
0.296026 0.0152998 0.00927818
0.302763 0.0149802 0.00953023
0.304144 0.0193328 0.00703435
0.301752 0.0149067 0.010263
0.302525 0.0160283 0.00820481
0.304858 0.017152 0.00736944
0.305203 0.0172231 0.00732541
0.302998 0.0157218 0.00854541
0.296805 0.0182775 0.00705061
0.302816 0.0169892 0.00780709
0.297088 0.0183847 0.00706944
0.303373 0.0171419 0.00740604
0.303105 0.0196769 0.00708412
0.296205 0.0159222 0.00865958
0.304117 0.0179891 0.00708114
0.296923 0.0175376 0.00728395
0.302419 0.0156305 0.00864073
0.295934 0.0150652 0.00944099
0.303602 0.0182615 0.00702944
0.303193 0.0175821 0.00721778
0.302306 0.0161855 0.00804962
0.296627 0.0174254 0.0072579
0.303658 0.0164604 0.00779826
0.30388 0.0166142 0.00766798
0.304599 0.018603 0.0069675
0.296854 0.0172599 0.0073737
0.302628 0.0153329 0.00902012
0.296569 0.0171972 0.00744368
0.303484 0.0190129 0.00694301
0.303105 0.0167174 0.00789375
0.30326 0.0165353 0.00771246
0.296535 0.0161902 0.00837602
0.302793 0.0169549 0.00750998
0.298115 0.0180424 0.00715131
0.309312 0.0181785 0.00704636
0.302657 0.0155172 0.00878514
0.303846 0.0193341 0.00700136
0.30443 0.016075 0.00813071
0.301995 0.0152028 0.00916475
0.29732 0.018196 0.00708743
0.308233 0.0160386 0.00851987
0.296927 0.0188685 0.00701977
0.297946 0.0184977 0.00701081
0.297889 0.016936 0.00754811
0.303214 0.0178546 0.00709436
0.297195 0.0165258 0.00799892
0.303729 0.0178188 0.00724434
0.303432 0.0174079 0.00726732
0.296892 0.0164596 0.00808887
0.297555 0.0180165 0.00713984
0.303991 0.0177221 0.00713469
0.301417 0.0149529 0.0118249
0.296062 0.0154886 0.00904781
0.303869 0.0186393 0.00721789
0.303831 0.0184563 0.00698329
0.297136 0.0173271 0.00729879
0.310123 0.0186047 0.00700569
0.303198 0.0189238 0.00695984
0.302105 0.0149656 0.00989603
0.303643 0.0159051 0.00834049
0.304012 0.0187106 0.00694293
0.303567 0.0162343 0.00797326
0.296506 0.0169777 0.00763825
0.290692 0.0177353 0.00723401
0.297466 0.0188214 0.00692433
0.30335 0.0158604 0.00838661
0.309188 0.0161351 0.00806569
0.310606 0.0189576 0.0070302
0.295871 0.0149393 0.00970598
0.304034 0.0182502 0.00720349
0.303136 0.0173118 0.00733483
0.29713 0.0163161 0.00820329
0.304412 0.0179331 0.00709673
0.296121 0.0157105 0.00885493
0.297269 0.017908 0.00715778
0.301881 0.015035 0.00969274
0.303355 0.0184292 0.00699803
0.297362 0.0184945 0.00701411
0.296791 0.0170308 0.00755721
0.298017 0.0174536 0.00729541
0.296663 0.0166102 0.00796688
0.302877 0.0152253 0.00914729
0.298368 0.0176829 0.00724928
0.298076 0.0177491 0.00722341
0.303716 0.0187575 0.00694881
0.297257 0.0167362 0.00779417
0.303702 0.0175231 0.00720211
0.302899 0.0174802 0.00724121
0.29737 0.0171594 0.00738338
0.296251 0.0161375 0.00845589
0.302863 0.0185495 0.00711367
0.304286 0.0176658 0.00714832
0.297042 0.0181037 0.00716364
0.302404 0.0149583 0.00977832
0.302176 0.015773 0.00849318
0.297317 0.0169473 0.00758889
0.302228 0.0150859 0.00932616
0.303681 0.0172574 0.00733982
0.297839 0.0179259 0.00717161

VERTICES 885 1770
1 0
1 1
1 2
1 3
1 4
1 5
1 6
1 7
1 8
1 9
1 10
1 11
1 12
1 13
1 14
1 15
1 16
1 17
1 18
1 19
1 20
1 21
1 22
1 23
1 24
1 25
1 26
1 27
1 28
1 29
1 30
1 31
1 32
1 33
1 34
1 35
1 36
1 37
1 38
1 39
1 40
1 41
1 42
1 43
1 44
1 45
1 46
1 47
1 48
1 49
1 50
1 51
1 52
1 53
1 54
1 55
1 56
1 57
1 58
1 59
1 60
1 61
1 62
1 63
1 64
1 65
1 66
1 67
1 68
1 69
1 70
1 71
1 72
1 73
1 74
1 75
1 76
1 77
1 78
1 79
1 80
1 81
1 82
1 83
1 84
1 85
1 86
1 87
1 88
1 89
1 90
1 91
1 92
1 93
1 94
1 95
1 96
1 97
1 98
1 99
1 100
1 101
1 102
1 103
1 104
1 105
1 106
1 107
1 108
1 109
1 110
1 111
1 112
1 113
1 114
1 115
1 116
1 117
1 118
1 119
1 120
1 121
1 122
1 123
1 124
1 125
1 126
1 127
1 128
1 129
1 130
1 131
1 132
1 133
1 134
1 135
1 136
1 137
1 138
1 139
1 140
1 141
1 142
1 143
1 144
1 145
1 146
1 147
1 148
1 149
1 150
1 151
1 152
1 153
1 154
1 155
1 156
1 157
1 158
1 159
1 160
1 161
1 162
1 163
1 164
1 165
1 166
1 167
1 168
1 169
1 170
1 171
1 172
1 173
1 174
1 175
1 176
1 177
1 178
1 179
1 180
1 181
1 182
1 183
1 184
1 185
1 186
1 187
1 188
1 189
1 190
1 191
1 192
1 193
1 194
1 195
1 196
1 197
1 198
1 199
1 200
1 201
1 202
1 203
1 204
1 205
1 206
1 207
1 208
1 209
1 210
1 211
1 212
1 213
1 214
1 215
1 216
1 217
1 218
1 219
1 220
1 221
1 222
1 223
1 224
1 225
1 226
1 227
1 228
1 229
1 230
1 231
1 232
1 233
1 234
1 235
1 236
1 237
1 238
1 239
1 240
1 241
1 242
1 243
1 244
1 245
1 246
1 247
1 248
1 249
1 250
1 251
1 252
1 253
1 254
1 255
1 256
1 257
1 258
1 259
1 260
1 261
1 262
1 263
1 264
1 265
1 266
1 267
1 268
1 269
1 270
1 271
1 272
1 273
1 274
1 275
1 276
1 277
1 278
1 279
1 280
1 281
1 282
1 283
1 284
1 285
1 286
1 287
1 288
1 289
1 290
1 291
1 292
1 293
1 294
1 295
1 296
1 297
1 298
1 299
1 300
1 301
1 302
1 303
1 304
1 305
1 306
1 307
1 308
1 309
1 310
1 311
1 312
1 313
1 314
1 315
1 316
1 317
1 318
1 319
1 320
1 321
1 322
1 323
1 324
1 325
1 326
1 327
1 328
1 329
1 330
1 331
1 332
1 333
1 334
1 335
1 336
1 337
1 338
1 339
1 340
1 341
1 342
1 343
1 344
1 345
1 346
1 347
1 348
1 349
1 350
1 351
1 352
1 353
1 354
1 355
1 356
1 357
1 358
1 359
1 360
1 361
1 362
1 363
1 364
1 365
1 366
1 367
1 368
1 369
1 370
1 371
1 372
1 373
1 374
1 375
1 376
1 377
1 378
1 379
1 380
1 381
1 382
1 383
1 384
1 385
1 386
1 387
1 388
1 389
1 390
1 391
1 392
1 393
1 394
1 395
1 396
1 397
1 398
1 399
1 400
1 401
1 402
1 403
1 404
1 405
1 406
1 407
1 408
1 409
1 410
1 411
1 412
1 413
1 414
1 415
1 416
1 417
1 418
1 419
1 420
1 421
1 422
1 423
1 424
1 425
1 426
1 427
1 428
1 429
1 430
1 431
1 432
1 433
1 434
1 435
1 436
1 437
1 438
1 439
1 440
1 441
1 442
1 443
1 444
1 445
1 446
1 447
1 448
1 449
1 450
1 451
1 452
1 453
1 454
1 455
1 456
1 457
1 458
1 459
1 460
1 461
1 462
1 463
1 464
1 465
1 466
1 467
1 468
1 469
1 470
1 471
1 472
1 473
1 474
1 475
1 476
1 477
1 478
1 479
1 480
1 481
1 482
1 483
1 484
1 485
1 486
1 487
1 488
1 489
1 490
1 491
1 492
1 493
1 494
1 495
1 496
1 497
1 498
1 499
1 500
1 501
1 502
1 503
1 504
1 505
1 506
1 507
1 508
1 509
1 510
1 511
1 512
1 513
1 514
1 515
1 516
1 517
1 518
1 519
1 520
1 521
1 522
1 523
1 524
1 525
1 526
1 527
1 528
1 529
1 530
1 531
1 532
1 533
1 534
1 535
1 536
1 537
1 538
1 539
1 540
1 541
1 542
1 543
1 544
1 545
1 546
1 547
1 548
1 549
1 550
1 551
1 552
1 553
1 554
1 555
1 556
1 557
1 558
1 559
1 560
1 561
1 562
1 563
1 564
1 565
1 566
1 567
1 568
1 569
1 570
1 571
1 572
1 573
1 574
1 575
1 576
1 577
1 578
1 579
1 580
1 581
1 582
1 583
1 584
1 585
1 586
1 587
1 588
1 589
1 590
1 591
1 592
1 593
1 594
1 595
1 596
1 597
1 598
1 599
1 600
1 601
1 602
1 603
1 604
1 605
1 606
1 607
1 608
1 609
1 610
1 611
1 612
1 613
1 614
1 615
1 616
1 617
1 618
1 619
1 620
1 621
1 622
1 623
1 624
1 625
1 626
1 627
1 628
1 629
1 630
1 631
1 632
1 633
1 634
1 635
1 636
1 637
1 638
1 639
1 640
1 641
1 642
1 643
1 644
1 645
1 646
1 647
1 648
1 649
1 650
1 651
1 652
1 653
1 654
1 655
1 656
1 657
1 658
1 659
1 660
1 661
1 662
1 663
1 664
1 665
1 666
1 667
1 668
1 669
1 670
1 671
1 672
1 673
1 674
1 675
1 676
1 677
1 678
1 679
1 680
1 681
1 682
1 683
1 684
1 685
1 686
1 687
1 688
1 689
1 690
1 691
1 692
1 693
1 694
1 695
1 696
1 697
1 698
1 699
1 700
1 701
1 702
1 703
1 704
1 705
1 706
1 707
1 708
1 709
1 710
1 711
1 712
1 713
1 714
1 715
1 716
1 717
1 718
1 719
1 720
1 721
1 722
1 723
1 724
1 725
1 726
1 727
1 728
1 729
1 730
1 731
1 732
1 733
1 734
1 735
1 736
1 737
1 738
1 739
1 740
1 741
1 742
1 743
1 744
1 745
1 746
1 747
1 748
1 749
1 750
1 751
1 752
1 753
1 754
1 755
1 756
1 757
1 758
1 759
1 760
1 761
1 762
1 763
1 764
1 765
1 766
1 767
1 768
1 769
1 770
1 771
1 772
1 773
1 774
1 775
1 776
1 777
1 778
1 779
1 780
1 781
1 782
1 783
1 784
1 785
1 786
1 787
1 788
1 789
1 790
1 791
1 792
1 793
1 794
1 795
1 796
1 797
1 798
1 799
1 800
1 801
1 802
1 803
1 804
1 805
1 806
1 807
1 808
1 809
1 810
1 811
1 812
1 813
1 814
1 815
1 816
1 817
1 818
1 819
1 820
1 821
1 822
1 823
1 824
1 825
1 826
1 827
1 828
1 829
1 830
1 831
1 832
1 833
1 834
1 835
1 836
1 837
1 838
1 839
1 840
1 841
1 842
1 843
1 844
1 845
1 846
1 847
1 848
1 849
1 850
1 851
1 852
1 853
1 854
1 855
1 856
1 857
1 858
1 859
1 860
1 861
1 862
1 863
1 864
1 865
1 866
1 867
1 868
1 869
1 870
1 871
1 872
1 873
1 874
1 875
1 876
1 877
1 878
1 879
1 880
1 881
1 882
1 883
1 884

POINT_DATA 885
SCALARS id int 1
LOOKUP_TABLE default
1
2
3
4
5
6
7
8
9
10
11
12
13
14
15
16
17
18
19
20
21
22
23
24
25
26
27
28
29
30
31
32
33
34
35
36
37
39
40
41
42
43
44
45
46
47
48
49
50
51
52
53
54
56
57
58
59
60
61
62
63
64
65
67
68
69
70
71
72
73
74
75
76
77
78
79
80
81
82
83
84
85
86
87
88
89
90
91
92
93
94
95
96
97
98
99
100
101
102
103
104
105
106
107
108
109
110
111
112
113
114
115
116
117
118
119
120
121
122
123
124
125
126
127
129
130
131
132
133
134
135
136
137
138
139
140
141
142
143
144
145
146
147
148
149
150
151
153
154
155
156
157
158
159
160
161
162
163
164
165
166
167
168
169
170
171
172
173
174
175
176
177
178
179
180
181
182
183
184
185
186
187
188
189
190
191
192
193
194
195
196
197
198
199
200
201
202
203
204
205
206
207
208
209
210
211
212
213
214
215
217
218
219
220
221
222
223
224
225
226
227
228
229
230
231
232
233
234
235
236
237
238
239
240
241
242
243
244
245
246
247
248
249
250
251
252
253
254
255
256
257
258
259
260
261
262
263
264
265
266
267
268
269
270
271
273
274
275
276
277
278
279
280
281
282
283
284
285
286
287
288
289
290
291
292
293
294
295
296
297
298
299
300
301
302
303
304
305
306
307
308
309
310
311
312
313
314
315
316
317
318
319
320
321
322
323
324
325
326
327
328
329
330
331
332
333
334
335
336
337
338
339
340
341
342
343
344
345
346
347
348
349
350
351
352
353
354
355
356
357
358
359
360
361
362
363
364
365
366
367
368
369
370
371
372
373
374
375
376
377
378
379
380
381
382
383
384
385
386
387
388
389
390
391
392
393
394
395
396
397
398
399
400
401
402
403
404
405
406
407
408
409
410
411
412
413
414
415
416
417
418
419
420
421
422
423
424
425
426
427
428
429
430
431
432
433
434
435
436
437
438
439
440
441
442
443
444
445
446
447
448
449
450
451
452
453
454
455
456
457
458
459
460
461
462
463
464
465
466
467
468
469
470
471
472
473
474
475
476
477
478
479
480
481
482
483
484
485
486
487
488
489
490
491
492
493
494
495
496
497
498
499
500
501
502
503
504
505
506
507
508
509
510
511
512
513
514
515
516
517
518
519
520
521
522
523
524
525
526
527
528
529
530
531
532
533
534
535
536
537
538
539
540
541
542
543
544
545
546
547
548
549
550
551
552
553
554
555
556
557
558
559
560
561
562
563
564
565
566
567
568
569
570
571
572
573
574
575
576
577
579
580
581
582
583
584
585
586
587
588
589
590
591
592
593
594
595
596
597
598
599
600
601
602
603
605
606
607
608
609
610
611
612
613
614
615
616
617
618
619
620
621
622
623
624
625
626
627
628
629
630
631
632
633
634
635
636
637
638
640
641
642
643
644
645
646
647
648
649
650
651
652
653
654
655
656
659
660
661
662
663
664
665
666
667
668
669
670
671
672
673
674
675
676
677
678
679
680
681
682
683
684
685
686
687
688
690
691
692
693
694
695
696
697
698
699
700
701
702
703
704
705
706
707
708
709
710
711
712
713
714
715
716
717
718
719
720
721
722
723
724
725
726
727
728
729
730
731
732
733
734
735
736
737
738
739
740
741
742
743
744
745
746
747
748
749
750
751
752
753
754
755
756
757
758
759
760
761
762
764
765
766
767
768
769
770
771
772
773
774
775
776
777
778
779
780
781
782
783
784
785
786
787
788
789
791
792
793
794
795
796
797
798
799
800
801
802
803
804
805
806
807
808
809
810
811
812
813
814
815
816
817
818
819
820
821
822
823
824
825
826
827
828
829
830
831
832
833
834
835
836
837
838
839
840
841
842
843
844
845
846
847
848
849
850
851
852
853
854
855
856
857
858
859
860
861
862
863
864
865
866
867
868
869
870
871
872
873
874
875
876
877
878
879
880
881
882
883
884
885
886
887
888
889
890
891
892
893
894
895
896
897
898
899
900

SCALARS type int 1
LOOKUP_TABLE default
1
1
1
1
1
1
1
1
1
1
1
1
1
1
1
1
1
1
1
1
1
1
1
1
1
1
1
1
1
1
1
1
1
1
1
1
1
1
1
1
1
1
1
1
1
1
1
1
1
1
1
1
1
1
1
1
1
1
1
1
1
1
1
1
1
1
1
1
1
1
1
1
1
1
1
1
1
1
1
1
1
1
1
1
1
1
1
1
1
1
1
1
1
1
1
1
1
1
1
1
1
1
1
1
1
1
1
1
1
1
1
1
1
1
1
1
1
1
1
1
1
1
1
1
1
1
1
1
1
1
1
1
1
1
1
1
1
1
1
1
1
1
1
1
1
1
1
1
1
1
1
1
1
1
1
1
1
1
1
1
1
1
1
1
1
1
1
1
1
1
1
1
1
1
1
1
1
1
1
1
1
1
1
1
1
1
1
1
1
1
1
1
1
1
1
1
1
1
1
1
1
1
1
1
1
1
1
1
1
1
1
1
1
1
1
1
1
1
1
1
1
1
1
1
1
1
1
1
1
1
1
1
1
1
1
1
1
1
1
1
1
1
1
1
1
1
1
1
1
1
1
1
1
1
1
1
1
1
1
1
1
1
1
1
1
1
1
1
1
1
1
1
1
1
1
1
1
1
1
1
1
1
1
1
1
1
1
1
1
1
1
1
1
1
1
1
1
1
1
1
1
1
1
1
1
1
1
1
1
1
1
1
1
1
1
1
1
1
1
1
1
1
1
1
1
1
1
1
1
1
1
1
1
1
1
1
1
1
1
1
1
1
1
1
1
1
1
1
1
1
1
1
1
1
1
1
1
1
1
1
1
1
1
1
1
1
1
1
1
1
1
1
1
1
1
1
1
1
1
1
1
1
1
1
1
1
1
1
1
1
1
1
1
1
1
1
1
1
1
1
1
1
1
1
1
1
1
1
1
1
1
1
1
1
1
1
1
1
1
1
1
1
1
1
1
1
1
1
1
1
1
1
1
1
1
1
1
1
1
1
1
1
1
1
1
1
1
1
1
1
1
1
1
1
1
1
1
1
1
1
1
1
1
1
1
1
1
1
1
1
1
1
1
1
1
1
1
1
1
1
1
1
1
1
1
1
1
1
1
1
1
1
1
1
1
1
1
1
1
1
1
1
1
1
1
1
1
1
1
1
1
1
1
1
1
1
1
1
1
1
1
1
1
1
1
1
1
1
1
1
1
1
1
1
1
1
1
1
1
1
1
1
1
1
1
1
1
1
1
1
1
1
1
1
1
1
1
1
1
1
1
1
1
1
1
1
1
1
1
1
1
1
1
1
1
1
1
1
1
1
1
1
1
1
1
1
1
1
1
1
1
1
1
1
1
1
1
1
1
1
1
1
1
1
1
1
1
1
1
1
1
1
1
1
1
1
1
1
1
1
1
1
1
1
1
1
1
1
1
1
1
1
1
1
1
1
1
1
1
1
1
1
1
1
1
1
1
1
1
1
1
1
1
1
1
1
1
1
1
1
1
1
1
1
1
1
1
1
1
1
1
1
1
1
1
1
1
1
1
1
1
1
1
1
1
1
1
1
1
1
1
1
1
1
1
1
1
1
1
1
1
1
1
1
1
1
1
1
1
1
1
1
1
1
1
1
1
1
1
1
1
1
1
1
1
1
1
1
1
1
1
1
1
1
1
1
1
1
1
1
1
1
1
1
1
1
1
1
1
1
1
1
1
1
1
1
1
1
1
1
1
1
1
1
1
1
1
1
1
1
1
1
1
1
1
1
1
1
1
1
1
1
1
1
1
1
1
1
1
1
1
1
1
1
1
1
1
1
1
1
1
1
1
1
1
1
1
1
1
1
1
1
1
1
1
1
1
1
1
1
1
1
1
1
1
1
1
1
1
1
1
1
1
1
1
1
1
1
1
1
1
1
1
1
1
1
1
1
1
1
1
1
1
1
1
1
1
1
1
1
1
1
1
1
1
1
1
1
1
1
1
1
1
1
1
1
1
1
1
1
1
1
1
1
1

SCALARS radius float 1
LOOKUP_TABLE default
0.00015
0.00015
0.00015
0.00015
0.00015
0.00015
0.00015
0.00015
0.00015
0.00015
0.00015
0.00015
0.00015
0.00015
0.00015
0.00015
0.00015
0.00015
0.00015
0.00015
0.00015
0.00015
0.00015
0.00015
0.00015
0.00015
0.00015
0.00015
0.00015
0.00015
0.00015
0.00015
0.00015
0.00015
0.00015
0.00015
0.00015
0.00015
0.00015
0.00015
0.00015
0.00015
0.00015
0.00015
0.00015
0.00015
0.00015
0.00015
0.00015
0.00015
0.00015
0.00015
0.00015
0.00015
0.00015
0.00015
0.00015
0.00015
0.00015
0.00015
0.00015
0.00015
0.00015
0.00015
0.00015
0.00015
0.00015
0.00015
0.00015
0.00015
0.00015
0.00015
0.00015
0.00015
0.00015
0.00015
0.00015
0.00015
0.00015
0.00015
0.00015
0.00015
0.00015
0.00015
0.00015
0.00015
0.00015
0.00015
0.00015
0.00015
0.00015
0.00015
0.00015
0.00015
0.00015
0.00015
0.00015
0.00015
0.00015
0.00015
0.00015
0.00015
0.00015
0.00015
0.00015
0.00015
0.00015
0.00015
0.00015
0.00015
0.00015
0.00015
0.00015
0.00015
0.00015
0.00015
0.00015
0.00015
0.00015
0.00015
0.00015
0.00015
0.00015
0.00015
0.00015
0.00015
0.00015
0.00015
0.00015
0.00015
0.00015
0.00015
0.00015
0.00015
0.00015
0.00015
0.00015
0.00015
0.00015
0.00015
0.00015
0.00015
0.00015
0.00015
0.00015
0.00015
0.00015
0.00015
0.00015
0.00015
0.00015
0.00015
0.00015
0.00015
0.00015
0.00015
0.00015
0.00015
0.00015
0.00015
0.00015
0.00015
0.00015
0.00015
0.00015
0.00015
0.00015
0.00015
0.00015
0.00015
0.00015
0.00015
0.00015
0.00015
0.00015
0.00015
0.00015
0.00015
0.00015
0.00015
0.00015
0.00015
0.00015
0.00015
0.00015
0.00015
0.00015
0.00015
0.00015
0.00015
0.00015
0.00015
0.00015
0.00015
0.00015
0.00015
0.00015
0.00015
0.00015
0.00015
0.00015
0.00015
0.00015
0.00015
0.00015
0.00015
0.00015
0.00015
0.00015
0.00015
0.00015
0.00015
0.00015
0.00015
0.00015
0.00015
0.00015
0.00015
0.00015
0.00015
0.00015
0.00015
0.00015
0.00015
0.00015
0.00015
0.00015
0.00015
0.00015
0.00015
0.00015
0.00015
0.00015
0.00015
0.00015
0.00015
0.00015
0.00015
0.00015
0.00015
0.00015
0.00015
0.00015
0.00015
0.00015
0.00015
0.00015
0.00015
0.00015
0.00015
0.00015
0.00015
0.00015
0.00015
0.00015
0.00015
0.00015
0.00015
0.00015
0.00015
0.00015
0.00015
0.00015
0.00015
0.00015
0.00015
0.00015
0.00015
0.00015
0.00015
0.00015
0.00015
0.00015
0.00015
0.00015
0.00015
0.00015
0.00015
0.00015
0.00015
0.00015
0.00015
0.00015
0.00015
0.00015
0.00015
0.00015
0.00015
0.00015
0.00015
0.00015
0.00015
0.00015
0.00015
0.00015
0.00015
0.00015
0.00015
0.00015
0.00015
0.00015
0.00015
0.00015
0.00015
0.00015
0.00015
0.00015
0.00015
0.00015
0.00015
0.00015
0.00015
0.00015
0.00015
0.00015
0.00015
0.00015
0.00015
0.00015
0.00015
0.00015
0.00015
0.00015
0.00015
0.00015
0.00015
0.00015
0.00015
0.00015
0.00015
0.00015
0.00015
0.00015
0.00015
0.00015
0.00015
0.00015
0.00015
0.00015
0.00015
0.00015
0.00015
0.00015
0.00015
0.00015
0.00015
0.00015
0.00015
0.00015
0.00015
0.00015
0.00015
0.00015
0.00015
0.00015
0.00015
0.00015
0.00015
0.00015
0.00015
0.00015
0.00015
0.00015
0.00015
0.00015
0.00015
0.00015
0.00015
0.00015
0.00015
0.00015
0.00015
0.00015
0.00015
0.00015
0.00015
0.00015
0.00015
0.00015
0.00015
0.00015
0.00015
0.00015
0.00015
0.00015
0.00015
0.00015
0.00015
0.00015
0.00015
0.00015
0.00015
0.00015
0.00015
0.00015
0.00015
0.00015
0.00015
0.00015
0.00015
0.00015
0.00015
0.00015
0.00015
0.00015
0.00015
0.00015
0.00015
0.00015
0.00015
0.00015
0.00015
0.00015
0.00015
0.00015
0.00015
0.00015
0.00015
0.00015
0.00015
0.00015
0.00015
0.00015
0.00015
0.00015
0.00015
0.00015
0.00015
0.00015
0.00015
0.00015
0.00015
0.00015
0.00015
0.00015
0.00015
0.00015
0.00015
0.00015
0.00015
0.00015
0.00015
0.00015
0.00015
0.00015
0.00015
0.00015
0.00015
0.00015
0.00015
0.00015
0.00015
0.00015
0.00015
0.00015
0.00015
0.00015
0.00015
0.00015
0.00015
0.00015
0.00015
0.00015
0.00015
0.00015
0.00015
0.00015
0.00015
0.00015
0.00015
0.00015
0.00015
0.00015
0.00015
0.00015
0.00015
0.00015
0.00015
0.00015
0.00015
0.00015
0.00015
0.00015
0.00015
0.00015
0.00015
0.00015
0.00015
0.00015
0.00015
0.00015
0.00015
0.00015
0.00015
0.00015
0.00015
0.00015
0.00015
0.00015
0.00015
0.00015
0.00015
0.00015
0.00015
0.00015
0.00015
0.00015
0.00015
0.00015
0.00015
0.00015
0.00015
0.00015
0.00015
0.00015
0.00015
0.00015
0.00015
0.00015
0.00015
0.00015
0.00015
0.00015
0.00015
0.00015
0.00015
0.00015
0.00015
0.00015
0.00015
0.00015
0.00015
0.00015
0.00015
0.00015
0.00015
0.00015
0.00015
0.00015
0.00015
0.00015
0.00015
0.00015
0.00015
0.00015
0.00015
0.00015
0.00015
0.00015
0.00015
0.00015
0.00015
0.00015
0.00015
0.00015
0.00015
0.00015
0.00015
0.00015
0.00015
0.00015
0.00015
0.00015
0.00015
0.00015
0.00015
0.00015
0.00015
0.00015
0.00015
0.00015
0.00015
0.00015
0.00015
0.00015
0.00015
0.00015
0.00015
0.00015
0.00015
0.00015
0.00015
0.00015
0.00015
0.00015
0.00015
0.00015
0.00015
0.00015
0.00015
0.00015
0.00015
0.00015
0.00015
0.00015
0.00015
0.00015
0.00015
0.00015
0.00015
0.00015
0.00015
0.00015
0.00015
0.00015
0.00015
0.00015
0.00015
0.00015
0.00015
0.00015
0.00015
0.00015
0.00015
0.00015
0.00015
0.00015
0.00015
0.00015
0.00015
0.00015
0.00015
0.00015
0.00015
0.00015
0.00015
0.00015
0.00015
0.00015
0.00015
0.00015
0.00015
0.00015
0.00015
0.00015
0.00015
0.00015
0.00015
0.00015
0.00015
0.00015
0.00015
0.00015
0.00015
0.00015
0.00015
0.00015
0.00015
0.00015
0.00015
0.00015
0.00015
0.00015
0.00015
0.00015
0.00015
0.00015
0.00015
0.00015
0.00015
0.00015
0.00015
0.00015
0.00015
0.00015
0.00015
0.00015
0.00015
0.00015
0.00015
0.00015
0.00015
0.00015
0.00015
0.00015
0.00015
0.00015
0.00015
0.00015
0.00015
0.00015
0.00015
0.00015
0.00015
0.00015
0.00015
0.00015
0.00015
0.00015
0.00015
0.00015
0.00015
0.00015
0.00015
0.00015
0.00015
0.00015
0.00015
0.00015
0.00015
0.00015
0.00015
0.00015
0.00015
0.00015
0.00015
0.00015
0.00015
0.00015
0.00015
0.00015
0.00015
0.00015
0.00015
0.00015
0.00015
0.00015
0.00015
0.00015
0.00015
0.00015
0.00015
0.00015
0.00015
0.00015
0.00015
0.00015
0.00015
0.00015
0.00015
0.00015
0.00015
0.00015
0.00015
0.00015
0.00015
0.00015
0.00015
0.00015
0.00015
0.00015
0.00015
0.00015
0.00015
0.00015
0.00015
0.00015
0.00015
0.00015
0.00015
0.00015
0.00015
0.00015
0.00015
0.00015
0.00015
0.00015
0.00015
0.00015
0.00015
0.00015
0.00015
0.00015
0.00015
0.00015
0.00015
0.00015
0.00015
0.00015
0.00015
0.00015
0.00015
0.00015
0.00015
0.00015
0.00015
0.00015
0.00015
0.00015
0.00015
0.00015
0.00015
0.00015
0.00015
0.00015
0.00015
0.00015
0.00015
0.00015
0.00015
0.00015
0.00015
0.00015
0.00015
0.00015
0.00015
0.00015
0.00015
0.00015
0.00015
0.00015
0.00015
0.00015
0.00015
0.00015
0.00015
0.00015
0.00015
0.00015
0.00015
0.00015
0.00015
0.00015
0.00015
0.00015
0.00015
0.00015
0.00015
0.00015
0.00015
0.00015
0.00015
0.00015
0.00015
0.00015
0.00015
0.00015
0.00015
0.00015
0.00015
0.00015
0.00015
0.00015
0.00015
0.00015
0.00015
0.00015
0.00015
0.00015
0.00015
0.00015
0.00015
0.00015
0.00015
0.00015
0.00015
0.00015
0.00015
0.00015
0.00015
0.00015
0.00015
0.00015
0.00015
0.00015
0.00015
0.00015
0.00015
0.00015
0.00015
0.00015
0.00015
0.00015
0.00015
0.00015
0.00015
0.00015
0.00015
0.00015
0.00015
0.00015
0.00015
0.00015
0.00015
0.00015
0.00015
0.00015
0.00015
0.00015
0.00015
0.00015
0.00015
0.00015
0.00015
0.00015

SCALARS mass float 1
LOOKUP_TABLE default
3.95841e-09
3.95841e-09
3.95841e-09
3.95841e-09
3.95841e-09
3.95841e-09
3.95841e-09
3.95841e-09
3.95841e-09
3.95841e-09
3.95841e-09
3.95841e-09
3.95841e-09
3.95841e-09
3.95841e-09
3.95841e-09
3.95841e-09
3.95841e-09
3.95841e-09
3.95841e-09
3.95841e-09
3.95841e-09
3.95841e-09
3.95841e-09
3.95841e-09
3.95841e-09
3.95841e-09
3.95841e-09
3.95841e-09
3.95841e-09
3.95841e-09
3.95841e-09
3.95841e-09
3.95841e-09
3.95841e-09
3.95841e-09
3.95841e-09
3.95841e-09
3.95841e-09
3.95841e-09
3.95841e-09
3.95841e-09
3.95841e-09
3.95841e-09
3.95841e-09
3.95841e-09
3.95841e-09
3.95841e-09
3.95841e-09
3.95841e-09
3.95841e-09
3.95841e-09
3.95841e-09
3.95841e-09
3.95841e-09
3.95841e-09
3.95841e-09
3.95841e-09
3.95841e-09
3.95841e-09
3.95841e-09
3.95841e-09
3.95841e-09
3.95841e-09
3.95841e-09
3.95841e-09
3.95841e-09
3.95841e-09
3.95841e-09
3.95841e-09
3.95841e-09
3.95841e-09
3.95841e-09
3.95841e-09
3.95841e-09
3.95841e-09
3.95841e-09
3.95841e-09
3.95841e-09
3.95841e-09
3.95841e-09
3.95841e-09
3.95841e-09
3.95841e-09
3.95841e-09
3.95841e-09
3.95841e-09
3.95841e-09
3.95841e-09
3.95841e-09
3.95841e-09
3.95841e-09
3.95841e-09
3.95841e-09
3.95841e-09
3.95841e-09
3.95841e-09
3.95841e-09
3.95841e-09
3.95841e-09
3.95841e-09
3.95841e-09
3.95841e-09
3.95841e-09
3.95841e-09
3.95841e-09
3.95841e-09
3.95841e-09
3.95841e-09
3.95841e-09
3.95841e-09
3.95841e-09
3.95841e-09
3.95841e-09
3.95841e-09
3.95841e-09
3.95841e-09
3.95841e-09
3.95841e-09
3.95841e-09
3.95841e-09
3.95841e-09
3.95841e-09
3.95841e-09
3.95841e-09
3.95841e-09
3.95841e-09
3.95841e-09
3.95841e-09
3.95841e-09
3.95841e-09
3.95841e-09
3.95841e-09
3.95841e-09
3.95841e-09
3.95841e-09
3.95841e-09
3.95841e-09
3.95841e-09
3.95841e-09
3.95841e-09
3.95841e-09
3.95841e-09
3.95841e-09
3.95841e-09
3.95841e-09
3.95841e-09
3.95841e-09
3.95841e-09
3.95841e-09
3.95841e-09
3.95841e-09
3.95841e-09
3.95841e-09
3.95841e-09
3.95841e-09
3.95841e-09
3.95841e-09
3.95841e-09
3.95841e-09
3.95841e-09
3.95841e-09
3.95841e-09
3.95841e-09
3.95841e-09
3.95841e-09
3.95841e-09
3.95841e-09
3.95841e-09
3.95841e-09
3.95841e-09
3.95841e-09
3.95841e-09
3.95841e-09
3.95841e-09
3.95841e-09
3.95841e-09
3.95841e-09
3.95841e-09
3.95841e-09
3.95841e-09
3.95841e-09
3.95841e-09
3.95841e-09
3.95841e-09
3.95841e-09
3.95841e-09
3.95841e-09
3.95841e-09
3.95841e-09
3.95841e-09
3.95841e-09
3.95841e-09
3.95841e-09
3.95841e-09
3.95841e-09
3.95841e-09
3.95841e-09
3.95841e-09
3.95841e-09
3.95841e-09
3.95841e-09
3.95841e-09
3.95841e-09
3.95841e-09
3.95841e-09
3.95841e-09
3.95841e-09
3.95841e-09
3.95841e-09
3.95841e-09
3.95841e-09
3.95841e-09
3.95841e-09
3.95841e-09
3.95841e-09
3.95841e-09
3.95841e-09
3.95841e-09
3.95841e-09
3.95841e-09
3.95841e-09
3.95841e-09
3.95841e-09
3.95841e-09
3.95841e-09
3.95841e-09
3.95841e-09
3.95841e-09
3.95841e-09
3.95841e-09
3.95841e-09
3.95841e-09
3.95841e-09
3.95841e-09
3.95841e-09
3.95841e-09
3.95841e-09
3.95841e-09
3.95841e-09
3.95841e-09
3.95841e-09
3.95841e-09
3.95841e-09
3.95841e-09
3.95841e-09
3.95841e-09
3.95841e-09
3.95841e-09
3.95841e-09
3.95841e-09
3.95841e-09
3.95841e-09
3.95841e-09
3.95841e-09
3.95841e-09
3.95841e-09
3.95841e-09
3.95841e-09
3.95841e-09
3.95841e-09
3.95841e-09
3.95841e-09
3.95841e-09
3.95841e-09
3.95841e-09
3.95841e-09
3.95841e-09
3.95841e-09
3.95841e-09
3.95841e-09
3.95841e-09
3.95841e-09
3.95841e-09
3.95841e-09
3.95841e-09
3.95841e-09
3.95841e-09
3.95841e-09
3.95841e-09
3.95841e-09
3.95841e-09
3.95841e-09
3.95841e-09
3.95841e-09
3.95841e-09
3.95841e-09
3.95841e-09
3.95841e-09
3.95841e-09
3.95841e-09
3.95841e-09
3.95841e-09
3.95841e-09
3.95841e-09
3.95841e-09
3.95841e-09
3.95841e-09
3.95841e-09
3.95841e-09
3.95841e-09
3.95841e-09
3.95841e-09
3.95841e-09
3.95841e-09
3.95841e-09
3.95841e-09
3.95841e-09
3.95841e-09
3.95841e-09
3.95841e-09
3.95841e-09
3.95841e-09
3.95841e-09
3.95841e-09
3.95841e-09
3.95841e-09
3.95841e-09
3.95841e-09
3.95841e-09
3.95841e-09
3.95841e-09
3.95841e-09
3.95841e-09
3.95841e-09
3.95841e-09
3.95841e-09
3.95841e-09
3.95841e-09
3.95841e-09
3.95841e-09
3.95841e-09
3.95841e-09
3.95841e-09
3.95841e-09
3.95841e-09
3.95841e-09
3.95841e-09
3.95841e-09
3.95841e-09
3.95841e-09
3.95841e-09
3.95841e-09
3.95841e-09
3.95841e-09
3.95841e-09
3.95841e-09
3.95841e-09
3.95841e-09
3.95841e-09
3.95841e-09
3.95841e-09
3.95841e-09
3.95841e-09
3.95841e-09
3.95841e-09
3.95841e-09
3.95841e-09
3.95841e-09
3.95841e-09
3.95841e-09
3.95841e-09
3.95841e-09
3.95841e-09
3.95841e-09
3.95841e-09
3.95841e-09
3.95841e-09
3.95841e-09
3.95841e-09
3.95841e-09
3.95841e-09
3.95841e-09
3.95841e-09
3.95841e-09
3.95841e-09
3.95841e-09
3.95841e-09
3.95841e-09
3.95841e-09
3.95841e-09
3.95841e-09
3.95841e-09
3.95841e-09
3.95841e-09
3.95841e-09
3.95841e-09
3.95841e-09
3.95841e-09
3.95841e-09
3.95841e-09
3.95841e-09
3.95841e-09
3.95841e-09
3.95841e-09
3.95841e-09
3.95841e-09
3.95841e-09
3.95841e-09
3.95841e-09
3.95841e-09
3.95841e-09
3.95841e-09
3.95841e-09
3.95841e-09
3.95841e-09
3.95841e-09
3.95841e-09
3.95841e-09
3.95841e-09
3.95841e-09
3.95841e-09
3.95841e-09
3.95841e-09
3.95841e-09
3.95841e-09
3.95841e-09
3.95841e-09
3.95841e-09
3.95841e-09
3.95841e-09
3.95841e-09
3.95841e-09
3.95841e-09
3.95841e-09
3.95841e-09
3.95841e-09
3.95841e-09
3.95841e-09
3.95841e-09
3.95841e-09
3.95841e-09
3.95841e-09
3.95841e-09
3.95841e-09
3.95841e-09
3.95841e-09
3.95841e-09
3.95841e-09
3.95841e-09
3.95841e-09
3.95841e-09
3.95841e-09
3.95841e-09
3.95841e-09
3.95841e-09
3.95841e-09
3.95841e-09
3.95841e-09
3.95841e-09
3.95841e-09
3.95841e-09
3.95841e-09
3.95841e-09
3.95841e-09
3.95841e-09
3.95841e-09
3.95841e-09
3.95841e-09
3.95841e-09
3.95841e-09
3.95841e-09
3.95841e-09
3.95841e-09
3.95841e-09
3.95841e-09
3.95841e-09
3.95841e-09
3.95841e-09
3.95841e-09
3.95841e-09
3.95841e-09
3.95841e-09
3.95841e-09
3.95841e-09
3.95841e-09
3.95841e-09
3.95841e-09
3.95841e-09
3.95841e-09
3.95841e-09
3.95841e-09
3.95841e-09
3.95841e-09
3.95841e-09
3.95841e-09
3.95841e-09
3.95841e-09
3.95841e-09
3.95841e-09
3.95841e-09
3.95841e-09
3.95841e-09
3.95841e-09
3.95841e-09
3.95841e-09
3.95841e-09
3.95841e-09
3.95841e-09
3.95841e-09
3.95841e-09
3.95841e-09
3.95841e-09
3.95841e-09
3.95841e-09
3.95841e-09
3.95841e-09
3.95841e-09
3.95841e-09
3.95841e-09
3.95841e-09
3.95841e-09
3.95841e-09
3.95841e-09
3.95841e-09
3.95841e-09
3.95841e-09
3.95841e-09
3.95841e-09
3.95841e-09
3.95841e-09
3.95841e-09
3.95841e-09
3.95841e-09
3.95841e-09
3.95841e-09
3.95841e-09
3.95841e-09
3.95841e-09
3.95841e-09
3.95841e-09
3.95841e-09
3.95841e-09
3.95841e-09
3.95841e-09
3.95841e-09
3.95841e-09
3.95841e-09
3.95841e-09
3.95841e-09
3.95841e-09
3.95841e-09
3.95841e-09
3.95841e-09
3.95841e-09
3.95841e-09
3.95841e-09
3.95841e-09
3.95841e-09
3.95841e-09
3.95841e-09
3.95841e-09
3.95841e-09
3.95841e-09
3.95841e-09
3.95841e-09
3.95841e-09
3.95841e-09
3.95841e-09
3.95841e-09
3.95841e-09
3.95841e-09
3.95841e-09
3.95841e-09
3.95841e-09
3.95841e-09
3.95841e-09
3.95841e-09
3.95841e-09
3.95841e-09
3.95841e-09
3.95841e-09
3.95841e-09
3.95841e-09
3.95841e-09
3.95841e-09
3.95841e-09
3.95841e-09
3.95841e-09
3.95841e-09
3.95841e-09
3.95841e-09
3.95841e-09
3.95841e-09
3.95841e-09
3.95841e-09
3.95841e-09
3.95841e-09
3.95841e-09
3.95841e-09
3.95841e-09
3.95841e-09
3.95841e-09
3.95841e-09
3.95841e-09
3.95841e-09
3.95841e-09
3.95841e-09
3.95841e-09
3.95841e-09
3.95841e-09
3.95841e-09
3.95841e-09
3.95841e-09
3.95841e-09
3.95841e-09
3.95841e-09
3.95841e-09
3.95841e-09
3.95841e-09
3.95841e-09
3.95841e-09
3.95841e-09
3.95841e-09
3.95841e-09
3.95841e-09
3.95841e-09
3.95841e-09
3.95841e-09
3.95841e-09
3.95841e-09
3.95841e-09
3.95841e-09
3.95841e-09
3.95841e-09
3.95841e-09
3.95841e-09
3.95841e-09
3.95841e-09
3.95841e-09
3.95841e-09
3.95841e-09
3.95841e-09
3.95841e-09
3.95841e-09
3.95841e-09
3.95841e-09
3.95841e-09
3.95841e-09
3.95841e-09
3.95841e-09
3.95841e-09
3.95841e-09
3.95841e-09
3.95841e-09
3.95841e-09
3.95841e-09
3.95841e-09
3.95841e-09
3.95841e-09
3.95841e-09
3.95841e-09
3.95841e-09
3.95841e-09
3.95841e-09
3.95841e-09
3.95841e-09
3.95841e-09
3.95841e-09
3.95841e-09
3.95841e-09
3.95841e-09
3.95841e-09
3.95841e-09
3.95841e-09
3.95841e-09
3.95841e-09
3.95841e-09
3.95841e-09
3.95841e-09
3.95841e-09
3.95841e-09
3.95841e-09
3.95841e-09
3.95841e-09
3.95841e-09
3.95841e-09
3.95841e-09
3.95841e-09
3.95841e-09
3.95841e-09
3.95841e-09
3.95841e-09
3.95841e-09
3.95841e-09
3.95841e-09
3.95841e-09
3.95841e-09
3.95841e-09
3.95841e-09
3.95841e-09
3.95841e-09
3.95841e-09
3.95841e-09
3.95841e-09
3.95841e-09
3.95841e-09
3.95841e-09
3.95841e-09
3.95841e-09
3.95841e-09
3.95841e-09
3.95841e-09
3.95841e-09
3.95841e-09
3.95841e-09
3.95841e-09
3.95841e-09
3.95841e-09
3.95841e-09
3.95841e-09
3.95841e-09
3.95841e-09
3.95841e-09
3.95841e-09
3.95841e-09
3.95841e-09
3.95841e-09
3.95841e-09
3.95841e-09
3.95841e-09
3.95841e-09
3.95841e-09
3.95841e-09
3.95841e-09
3.95841e-09
3.95841e-09
3.95841e-09
3.95841e-09
3.95841e-09
3.95841e-09
3.95841e-09
3.95841e-09
3.95841e-09
3.95841e-09
3.95841e-09
3.95841e-09
3.95841e-09
3.95841e-09
3.95841e-09
3.95841e-09
3.95841e-09
3.95841e-09
3.95841e-09
3.95841e-09
3.95841e-09
3.95841e-09
3.95841e-09
3.95841e-09
3.95841e-09
3.95841e-09
3.95841e-09
3.95841e-09
3.95841e-09
3.95841e-09
3.95841e-09
3.95841e-09
3.95841e-09
3.95841e-09
3.95841e-09
3.95841e-09
3.95841e-09
3.95841e-09
3.95841e-09
3.95841e-09
3.95841e-09
3.95841e-09
3.95841e-09
3.95841e-09
3.95841e-09
3.95841e-09
3.95841e-09
3.95841e-09
3.95841e-09
3.95841e-09
3.95841e-09
3.95841e-09
3.95841e-09
3.95841e-09
3.95841e-09
3.95841e-09
3.95841e-09
3.95841e-09
3.95841e-09
3.95841e-09
3.95841e-09
3.95841e-09
3.95841e-09
3.95841e-09
3.95841e-09
3.95841e-09
3.95841e-09
3.95841e-09
3.95841e-09
3.95841e-09
3.95841e-09
3.95841e-09
3.95841e-09
3.95841e-09
3.95841e-09
3.95841e-09
3.95841e-09
3.95841e-09
3.95841e-09
3.95841e-09
3.95841e-09
3.95841e-09
3.95841e-09
3.95841e-09
3.95841e-09
3.95841e-09
3.95841e-09
3.95841e-09
3.95841e-09
3.95841e-09
3.95841e-09
3.95841e-09
3.95841e-09
3.95841e-09
3.95841e-09
3.95841e-09
3.95841e-09
3.95841e-09
3.95841e-09
3.95841e-09
3.95841e-09
3.95841e-09
3.95841e-09
3.95841e-09
3.95841e-09
3.95841e-09
3.95841e-09
3.95841e-09
3.95841e-09
3.95841e-09
3.95841e-09
3.95841e-09
3.95841e-09
3.95841e-09
3.95841e-09
3.95841e-09
3.95841e-09
3.95841e-09
3.95841e-09
3.95841e-09
3.95841e-09
3.95841e-09
3.95841e-09
3.95841e-09
3.95841e-09
3.95841e-09
3.95841e-09
3.95841e-09
3.95841e-09
3.95841e-09
3.95841e-09
3.95841e-09
3.95841e-09
3.95841e-09
3.95841e-09
3.95841e-09
3.95841e-09
3.95841e-09
3.95841e-09
3.95841e-09
3.95841e-09
3.95841e-09
3.95841e-09
3.95841e-09
3.95841e-09
3.95841e-09
3.95841e-09
3.95841e-09
3.95841e-09
3.95841e-09
3.95841e-09
3.95841e-09
3.95841e-09
3.95841e-09
3.95841e-09
3.95841e-09
3.95841e-09
3.95841e-09
3.95841e-09
3.95841e-09

VECTORS velocity float
0.0044243 -0.000722259 0.00170718
0.00432855 -0.000151192 0.000261636
0.00474131 0.000140015 0.00097725
0.00509711 -3.92337e-06 -0.000285955
0.00443695 2.59425e-05 0.000112189
0.00486217 0.000222503 -0.000186602
0.00465315 5.47007e-05 -0.000270708
0.00461814 0.000712386 -0.00036859
0.00467223 0.000319384 -0.000482852
0.00473293 -3.88541e-05 -0.00033488
0.0047647 0.000126934 1.32407e-05
0.0044457 6.60349e-06 -0.000410954
0.00474882 0.000106441 -0.00038363
0.00458954 0.000320436 -0.000115091
0.00452493 0.000349199 -3.19868e-05
0.00477238 0.000104033 0.000212519
0.0048759 -7.5883e-05 0.000291037
0.00443749 -0.000119756 0.000299845
0.00463476 -6.69078e-05 -0.000441152
0.00464775 0.000159137 1.74155e-05
0.00459983 -0.000118839 0.000303468
0.00455724 -0.000292112 0.000260328
0.00467573 -0.000281806 -8.04049e-05
0.00464374 3.9268e-05 -0.000342206
0.00451913 -1.44764e-05 -0.00039295
0.00455918 0.000322926 -0.000121376
0.00455382 -3.57285e-05 0.000244932
0.00474502 -0.000138858 0.000279256
0.00501345 -7.03943e-05 -0.000266208
0.00380697 -0.000329384 0.0012333
0.00475512 0.000623714 -0.00023993
0.00433664 0.000316782 -1.60086e-05
0.00428966 -0.000169574 0.000182245
0.00506134 9.29155e-05 0.000111438
0.00475365 0.000293551 -9.09534e-05
0.00453678 0.000192553 3.67633e-06
0.00433121 0.000365593 -8.11312e-05
0.00493618 9.43524e-05 -0.000344409
0.00434617 -4.98715e-05 0.000231876
0.00519033 3.21094e-06 -0.000271862
0.00474838 -5.27576e-05 -2.11746e-07
0.00462065 0.000297312 -0.000423799
0.00478682 8.25589e-05 -8.96063e-05
5.54116e-05 0.00148066 0.000120758
0.00473656 0.000513177 -0.000411346
0.00481772 0.000329803 0.00043535
0.00503196 -0.000395441 -0.000120491
0.00463128 -5.1059e-05 -0.000447495
0.0038694 -0.00154595 0.00186303
0.00471468 -0.000189983 -0.000225322
0.00461635 -3.23564e-05 0.000233321
0.0046539 -3.51276e-05 0.00024643
0.00454201 -0.000428382 0.000340534
0.00461531 -4.89151e-05 -0.00044672
0.00456186 -5.73152e-05 0.000248903
0.00463522 2.14035e-05 -0.000334228
0.00468056 0.000629818 -0.000617983
0.00485797 0.000221589 -0.000477628
0.00492423 -6.72344e-05 8.33491e-05
0.00436743 -2.35708e-05 0.000212432
0.00464114 -4.90343e-05 0.000247674
0.00482905 -4.87808e-05 0.000246318
0.00438512 -0.000131696 0.000294829
0.00490603 0.000186924 -0.000365463
0.0042573 -8.76202e-06 -0.000188724
0.00466153 -2.69581e-05 -0.000401759
0.00462059 -0.000114261 0.000299762
0.00459011 -7.19245e-05 0.000251324
0.00471724 0.000171878 0.000222542
0.00464487 0.000164738 -0.000120748
0.00437173 -6.57029e-05 0.000255851
0.00461428 -5.21566e-05 0.000235056
0.00437469 0.000223829 -1.09714e-05
0.00471948 9.96995e-05 0.000208461
0.00464763 -0.00168004 0.00266725
0.00473153 0.000119427 0.000216752
0.00480032 -6.67728e-05 0.000264536
0.00485813 0.0001903 -0.000301066
0.0046508 -0.000122269 0.0002611
0.0044611 -0.000120489 0.000303073
0.00481738 0.000339499 -0.000315458
0.00481029 0.000287835 -0.000473962
0.00586513 -0.000223261 -0.000326879
0.00476555 5.97232e-05 -0.000358697
0.00445974 7.73854e-05 0.000207726
0.00431341 -0.000173911 0.000298784
0.0048433 0.000321938 0.000182163
0.0046031 -0.000343584 -0.000186449
0.0048611 -8.56986e-05 0.000291488
0.000462362 0.00470212 0.0180862
0.00454948 -2.87679e-05 -0.000430459
0.0045788 -3.25379e-05 -0.000448052
0.00461719 -0.000213882 0.000231944
0.00475536 0.000441491 0.000416119
3.19854e-14 -1.8189e-14 2.04598e-13
0.00444388 0.000230483 -2.61486e-05
0.00299713 0.00206303 -0.00049622
0.00459445 -0.000297276 0.000275172
0.00468398 0.000613091 -0.000559723
0.00475424 0.000371982 0.000420721
0.00482829 8.78122e-05 -0.000374057
0.00470084 0.000295897 -0.000558035
0.00455216 0.000120624 0.000185128
0.00403704 -0.000718817 0.0015278
0.00474388 0.000195393 -0.000180176
0.00479076 1.65418e-05 0.000348012
0.000336467 0.00289829 0.0184966
0.0055882 0.000194333 0.000831131
0.00433985 3.93864e-05 0.00014288
0.00486603 0.000137557 0.000216312
0.0107149 0.0485256 -0.0140237
0.00427801 -0.000187848 -0.000207467
0.00456234 0.000149801 -0.000325858
0.001003 0.00166089 -0.00027493
0.00481751 -0.000308172 -0.000116972
0.00466526 0.000287377 -9.94802e-05
0.00472376 0.000685854 0.000216694
0.004705 -7.90172e-05 -0.000257805
0.0046258 -0.000128937 0.000290081
0.00458382 -0.00010437 0.000290582
0.00466493 -4.13953e-05 0.000297544
0.00242025 0.00204888 -0.000451135
0.00463522 -0.000763565 0.00143993
0.00500213 3.48626e-06 0.000222642
0.00450712 -7.10584e-05 0.000244783
0.00469216 -0.000627177 0.000374308
0.00461412 -8.63466e-06 0.000252251
0.00470062 0.000347135 -0.000493164
0.00470837 0.000771013 0.000219208
0.000283347 0.0127968 0.0126443
0.00468543 -0.000614796 0.00164239
0.00481027 -7.23246e-05 0.000262457
0.0022214 -0.00376325 0.00359514
0.00475157 5.70386e-05 0.000166508
-0.00244073 -0.00067656 0.000219395
0.00481036 0.00021106 -0.000435932
0.00467987 -7.66321e-06 0.000212449
0.00633513 0.000404007 0.000609772
0.00482824 0.000431525 -0.000339316
0.00501267 2.26622e-05 0.000203441
0.00442442 -1.88088e-05 0.000246519
0.00489404 0.000135408 0.000121766
0.000649384 0.00994077 0.015243
0.00486436 -0.000205791 0.000154506
0.00458711 0.000327052 -0.000136418
0.00515937 -0.000133832 4.444e-05
0.00459517 -3.94514e-05 0.000242295
0.00424341 -0.000189565 -0.000208081
0.00494439 0.000373482 0.00042305
0.00496584 0.000607415 -0.000292691
0.00483144 0.000555488 -5.46104e-05
0.00459999 0.000220278 -2.80155e-05
0.00461581 -2.63259e-05 0.000230659
0.00214659 0.000954755 -0.000455677
0.00474134 0.000685289 0.000219037
0.00479443 0.000242305 -0.000255405
0.00478915 0.000548223 -0.000260588
0.00454518 0.000610803 -0.000297562
0.000389359 0.0136137 0.0118553
0.00468177 -5.91889e-05 0.000254553
0.0043191 -5.53402e-06 0.00023349
0.00447296 -0.000542429 0.00033362
0.00488682 0.000341936 2.07273e-05
0.00465505 0.000136424 -0.000139721
0.00467246 -0.000252648 0.000282136
0.0055259 -0.00340885 0.00455584
0.00470271 0.000655321 -0.000325735
0.00477191 0.000186928 -0.000404006
3.19855e-14 -1.81891e-14 2.04599e-13
0.00481541 0.000744086 0.000223191
0.00461179 0.00028151 -6.19069e-05
0.00435376 -0.000154541 0.000271406
0.00471697 -8.54563e-05 0.000293347
-0.000128993 0.000812664 -0.00113759
0.00462448 0.000199979 4.86596e-05
0.00464733 4.98131e-05 0.000235682
0.00175422 0.00890791 0.0163519
0.00472815 0.000253218 -0.000335334
0.00492601 0.000563512 -0.00025467
0.00472213 5.87662e-06 -0.000123222
0.00468205 0.000102592 -0.000385284
0.00445737 -3.36253e-05 0.000540682
0.00478296 0.000224647 -0.000468542
0.00468826 0.000210865 5.07369e-05
0.00457997 -0.000102317 0.000257195
0.00472238 0.000133985 -0.000405257
0.00614224 -0.00264638 0.00361506
0.00466452 2.74119e-05 -0.000336723
0.00314824 0.00221377 0.000725753
0.00478381 0.000447682 -0.000209179
0.00479314 0.000352603 0.000437871
0.00466638 0.000237059 -4.92401e-05
0.00297667 -0.00363581 0.0039718
0.00484001 0.000220108 -0.000406061
0.00487497 0.000299051 0.000219523
0.0041672 0.00060821 -0.000120361
0.00501894 0.00020879 0.000100307
0.00450462 -3.54706e-05 0.000232707
0.00444898 0.000159014 -0.000127835
0.0044295 0.000355209 0.000278979
0.0046571 0.000161101 0.000532257
0.00234223 -0.00613648 0.00466932
0.00493031 0.000135327 0.000291588
0.00464761 -2.39106e-05 0.000227883
0.000861287 0.00366483 0.0188286
0.00450127 -0.000613626 0.000415543
0.00470944 0.000351862 -0.000502077
0.00467 0.000835134 -0.000440155
0.00182744 0.000733437 -0.000149454
0.000921416 0.00154935 -0.000255417
0.00454328 0.000730264 -0.000108704
0.00456316 0.000322384 -0.000108029
0.00238197 0.000479999 -0.000340147
0.00362133 -0.000412821 0.000608145
0.0021672 0.0012219 -0.00047818
0.00489096 6.8965e-05 0.00015027
0.00458576 0.00061493 -0.000303011
-0.000189429 0.000619065 -0.000883381
0.0047036 0.000109445 -0.000245916
0.00225339 -0.00547037 0.00708789
0.00489818 0.000873664 0.000227676
0.00476022 0.000273836 -0.000271154
0.00242351 0.00335774 -0.00413105
0.00462995 0.00023855 0.0002102
0.00449664 0.00873097 -0.0127643
-0.000157035 0.00383259 -0.00528556
0.00498872 -0.00015615 -0.000388901
0.00724783 0.00207268 -0.00139185
0.00491078 -0.000108023 -0.000114145
0.00319365 -0.000230675 0.00632123
0.00429206 -0.000100458 0.000280746
0.00431659 -0.00183442 0.000672255
0.00258306 -0.00140276 0.00247554
-0.000416816 0.00609341 -0.0125404
0.00452242 0.000671367 0.000206002
0.00782365 0.00264426 -0.00237278
0.00483426 0.000207984 -0.000398125
7.12088e-05 0.00264872 0.0187096
0.00167028 0.00220108 -0.000343527
0.000300113 0.0118231 0.0136217
0.00492735 -5.07264e-05 0.000265453
0.00472819 0.000190891 3.49586e-06
0.00447006 0.000699706 -0.000356351
0.00467331 0.000199334 -3.797e-05
0.00460627 -0.000139287 0.000313889
0.00480697 9.5055e-05 0.000218627
0.00430936 -0.00115723 0.00024499
0.00485449 8.01517e-05 -0.000292348
0.00417198 -0.00202711 0.000637107
0.0425763 -0.00874105 0.0200049
0.00411639 -0.00293294 -0.00851241
0.0044975 -0.000460391 0.00225112
0.00452799 0.000823996 -0.000439876
0.00493717 0.000557572 -0.000260763
0.00469363 5.07041e-05 -0.00032974
0.00464506 -2.36189e-05 0.000234179
0.00770751 -0.000624489 -0.000678565
0.00471142 0.000619865 -0.000613877
0.00433081 -1.60913e-05 0.000213575
0.00435912 -4.85079e-05 0.000229046
0.00507656 -0.000244226 -0.00013193
0.00478575 -3.35913e-06 -0.000139652
0.00469698 9.78789e-05 -0.000367262
0.00256185 0.00786051 -0.00947678
0.00483447 0.000990248 -0.000123471
0.00468488 0.000420139 -0.000514528
0.00514374 0.000555707 -0.000619374
0.0041035 -0.00182147 0.000613237
0.00203845 0.00534716 0.0182199
0.00420144 0.00150772 0.000201284
7.69466e-05 -0.000224372 0.00115816
0.00447938 0.000365657 -0.00013856
0.00615186 0.00292613 0.00591862
0.00443087 0.000126297 -0.00054622
0.0044204 -0.00159799 0.000705805
0.00220549 9.94217e-07 -0.000332968
0.00482783 0.000634134 -0.000308022
-0.00286413 0.00442914 -0.00659247
0.00439493 0.000680838 8.20479e-05
0.0022187 0.000975253 -0.000325474
0.00496034 -0.00119459 0.00183497
0.00449174 4.13457e-05 -0.000357671
0.00311243 -0.00136721 0.00342272
0.000475785 0.00921204 0.0168705
0.00465248 0.000255152 -0.000417547
0.0046566 0.000581629 -5.11249e-05
0.00483202 0.000156287 -0.000416819
0.0046576 4.59588e-05 -0.000319439
0.00266216 -0.000405138 0.000734038
0.00486046 0.000550543 1.71922e-05
0.00384809 0.00102028 -0.000527451
0.00477089 0.000664686 -0.000335649
0.00486534 -0.000304696 4.81115e-05
0.00467638 2.82953e-05 -0.00032882
0.0046064 9.81647e-05 -0.000340376
0.000489213 0.0103932 0.0159164
0.00473534 -0.000530837 -0.000750698
0.00476662 -0.000153751 0.000154793
0.00462206 0.000248605 -0.00010556
0.00460857 0.000348974 -0.000146884
0.00435337 -0.000150822 0.000289149
0.004807 0.000194788 -0.000165255
0.00409735 -0.000537387 0.000164078
0.00471133 0.000320124 -0.000472659
0.0047286 0.000150384 -0.000162483
0.00494452 0.000255214 0.000652466
0.00636012 0.00270444 -0.00556014
0.000464329 0.00430759 -0.00583879
0.00447632 0.000240941 5.15271e-05
-0.000120759 -0.0117785 0.0138007
0.000837417 0.00708094 0.0180361
0.00468928 0.000315704 -0.000484109
0.00327653 0.00649396 0.0180615
0.00416005 0.000997477 -0.000560047
0.00411875 -0.000312399 0.000531772
0.00457025 0.00063443 -9.12418e-05
0.00467057 4.47849e-05 -0.000193444
0.00467266 0.000576271 -0.000275611
0.00383321 -0.00055972 0.000731962
0.00475801 -1.86056e-05 -0.000176937
0.00477202 0.000561216 -0.000357091
0.00490465 0.000210566 0.00022239
0.00472511 4.33169e-05 0.000213052
0.00485047 0.00051165 -0.000295124
0.00467721 0.000809039 -0.000144457
0.0043889 -7.25806e-05 0.00062111
0.00460247 0.000198812 -0.000271465
0.0049674 -5.67949e-05 -0.000138307
0.0044218 -0.000247547 0.000238477
-0.00297175 -0.00115976 0.00149753
0.00168539 0.00503623 0.0187347
0.0046894 -2.50791e-06 -0.000126512
0.00452035 -0.000137007 0.00030679
0.00398459 -1.04157e-05 0.000661865
0.00460805 0.000337637 -0.000128445
0.00449995 8.03155e-05 -0.000349067
0.00443265 -0.000387533 -0.000128954
0.00468758 -5.15734e-06 0.000158138
0.00456945 7.19456e-05 -0.000174937
0.00948183 0.00382197 -0.003053
0.00501374 0.000380699 0.000228809
0.00462186 0.000187444 -0.000173287
0.00466376 -0.00162174 0.00227585
0.00388862 -0.00232177 0.000578961
0.00436675 0.000164774 -0.000125992
0.000531595 0.0113733 0.0151262
0.00472661 1.23323e-05 -0.000324212
0.00950658 -0.0105368 -0.00260125
0.00381305 -0.00154963 0.000562707
0.00530284 -0.000211997 -0.000290321
0.00472739 0.000317548 -0.000319369
0.00540976 0.000413805 -0.000831049
0.00439013 -3.96309e-05 0.000111586
0.00448501 0.000201857 -6.16528e-05
0.00429967 -0.00180756 0.000663855
0.00732547 0.00701197 -0.00828309
-0.00731823 0.0110975 -0.0165819
0.00443142 -0.000412264 -0.000310421
0.00415372 -0.000300425 0.000474661
0.00445603 0.000181021 -0.000241714
-0.00525971 0.00453404 -0.00484759
0.00852736 0.0109725 -0.0134599
0.00451978 0.000402933 -0.000176626
-0.000682138 -0.00551502 0.00772785
0.00507459 0.00125196 0.00225605
-0.0086089 0.010308 -0.0157439
0.00451481 0.000123239 -0.000154271
0.00484117 0.000711393 0.00024638
0.00414506 -0.000344679 0.000117819
0.00166794 0.000778192 0.0130279
-0.00117206 0.00319786 -0.00459981
0.00472312 -2.41774e-05 0.000192264
0.00141742 0.00294519 -0.00511126
0.00397236 -0.0018401 0.000916458
0.00375527 0.0038818 -0.00460701
-0.00537854 0.0101791 -0.0149584
0.00452692 0.000217135 -0.000125932
0.00451894 0.000123379 0.000211382
0.000420119 0.0143465 0.010694
0.00422378 -5.38035e-05 0.000113025
0.00497968 0.00073796 0.000296638
0.00500582 0.00085083 -0.000441948
0.000849663 0.00136494 -6.73073e-06
0.00449733 6.4244e-05 -0.0003509
0.00147933 0.0025786 -0.00109538
0.00454505 0.00025561 3.58262e-05
0.00474432 -0.000381814 0.00034832
0.00471888 0.000125039 -0.000458067
-0.00249063 0.00331821 -0.0176567
0.0046294 9.09362e-05 -0.000205067
0.000151955 0.0109199 0.0145066
0.00402121 0.000898829 0.00428665
0.0048335 1.9567e-05 -0.000153142
0.00435595 -0.000484663 0.000132752
0.00484768 3.72638e-05 -0.000111621
0.00419141 -9.94569e-05 0.000238696
0.00439029 0.000225269 5.36993e-05
0.000821949 0.00520943 -0.0114352
0.00538604 0.0002182 0.000415723
0.00475835 0.000719391 0.000195123
-0.00104004 0.0030771 -0.0044113
0.00285779 -0.00167911 -0.000608725
0.00173249 0.0110958 -0.0148877
0.00468963 6.83123e-05 -0.000355918
0.00464283 2.56367e-05 -0.000326579
0.000740678 0.00421618 -0.00561719
0.00495795 -0.000627213 0.000351836
-4.27335e-14 2.43012e-14 -2.7335e-13
0.00649969 0.0104725 -0.0131607
0.00456779 0.000341934 1.99311e-05
0.00470226 0.000435521 -0.000112252
1.30092e-14 -7.39796e-15 8.3215e-14
0.00377549 0.00710134 -0.00278547
0.0045675 0.000531218 6.53087e-07
0.00453232 0.000286334 2.87703e-05
0.0048093 2.55234e-05 -0.00012877
-0.00731672 0.0080762 -0.0135938
0.0014218 0.0033959 -0.0138297
-9.98165e-15 3.49557e-14 -1.21383e-13
0.00352981 -0.00058558 -0.00061384
0.00410747 0.00105316 -0.000144807
0.00453662 0.000150694 -0.000291272
0.00449858 -0.000251421 -0.00016572
0.000146956 0.000534652 -0.000694435
0.00419371 -0.00122118 0.000502315
0.00449584 8.85621e-05 -0.000344276
0.0028425 -0.000311204 0.00540613
0.00452996 0.000278915 3.05438e-05
0.00441144 -0.00233045 0.000655107
0.00486777 0.000165638 -8.49158e-05
-0.00915227 -0.00440391 0.0028987
0.00435396 0.000404278 0.000107101
-0.00186199 0.0032924 -0.00485739
0.0090305 0.00823613 -0.00967617
0.00366522 -0.000558514 0.00146125
0.00470949 0.000147039 -0.000129098
0.00452209 0.000536502 0.000378259
0.00457618 0.000328208 -0.000133747
0.00668285 -0.000888447 0.000397961
0.00349456 -0.00173169 0.000515694
0.00455719 0.000335255 6.88208e-06
0.00457161 -0.000213351 0.00212968
0.00014573 0.000749007 -0.0020486
0.00336222 -0.00083411 0.000550375
-4.37284e-14 2.47447e-14 -2.73156e-13
0.00474107 0.000109029 -0.000376222
0.00444001 0.000280123 -0.000157172
0.00479238 -2.37197e-05 -0.000113402
0.00454015 0.000228525 5.12589e-05
0.00450526 -0.00165189 0.000578224
0.00479728 0.000197722 4.45848e-05
0.00228852 0.000173707 -0.000335817
0.00480222 1.45251e-05 -0.00013342
0.0043972 0.000266813 7.35096e-05
0.00351572 -0.00147155 0.000561145
0.00541844 -0.000308157 0.00131216
0.00294629 0.000300116 0.00883377
0.00487992 0.000750272 0.000246693
0.00470259 0.000681528 -0.000104792
0.00431164 -0.00233832 0.00249889
0.00446664 0.000324634 1.23178e-05
0.00415342 2.74867e-05 0.000245503
0.00438048 0.00021988 2.58537e-05
0.00395588 0.000482316 -4.15301e-05
0.00436307 0.000258691 0.00197152
0.00522826 -0.000550278 -0.000206237
0.00542018 -0.00141449 0.00232167
0.00420632 -0.0005329 -0.000685054
0.00421338 -0.000563419 0.000112997
0.00430926 0.000347543 0.000341624
0.00442325 0.000118582 -8.93232e-05
0.000789967 0.00147034 -0.00392263
0.00486178 -0.000123849 0.000285621
0.00753236 0.00991964 -0.0121704
0.00424815 0.000280363 0.00143308
0.00477762 0.000127409 -0.000112699
0.00448544 -0.000156878 0.000615547
3.67605e-05 0.000326416 -0.000206417
-0.00573924 0.0144816 -0.0424542
0.00454208 0.00072847 -0.000466557
0.00441292 -8.88639e-05 -0.000314999
0.00458946 0.00045874 0.000103355
0.00449621 -0.000624521 0.00043347
-0.0113741 -0.00338007 0.00214895
0.00403885 -0.00479301 0.00410537
0.00477379 0.000560715 0.00018534
0.00452133 0.000706681 -0.000209073
0.00517056 -0.000550772 -0.00100968
0.00464155 2.78913e-05 -0.000338344
0.00329248 -0.000775372 0.000502638
0.0017757 0.000305333 1.26359e-06
0.00279222 -0.00125421 0.00772852
0.00435633 -4.59245e-05 0.000170683
0.00446142 0.000245078 3.84068e-05
2.27686e-09 -1.23822e-08 5.91978e-09
0.00361697 -0.00158524 0.000877717
0.000453225 0.00227343 -0.00303482
0.00472017 0.00014001 4.16871e-05
0.00112131 -8.06486e-05 0.0149473
0.00483043 0.000691318 0.000287745
0.00425279 0.0007539 2.19071e-05
0.00385622 0.00298589 -0.00335505
0.00511472 0.000559826 -0.000413226
0.00368403 -0.000948129 0.00138111
0.00446881 0.000732949 -0.000130175
0.00470192 -0.00062236 0.000232092
0.00425465 -0.00200692 0.00237542
0.00402701 -0.000246943 -0.000787457
0.00448009 0.000227347 5.92582e-05
0.00430498 0.000215375 -0.000271853
0.00429113 -0.000516295 0.000211693
0.00448892 5.21563e-05 -0.000354073
0.00451674 0.000100285 -0.000341637
0.00491945 0.000709259 0.000318886
0.00442697 0.000238509 3.70007e-05
0.00441245 -0.000517188 9.92056e-05
0.00317013 -0.000514767 0.00625766
0.00488674 1.42055e-05 -0.00020294
0.00451117 0.000104232 -0.000191133
0.0034089 0.00096212 0.000315982
0.00207679 0.000659055 -0.000267791
0.00460853 -0.000294063 -8.6534e-05
0.00452053 0.000119301 -0.000316197
0.00462763 0.000537599 -6.95382e-05
-0.0026696 0.0014237 -0.014653
0.00488226 0.000735754 0.000329413
0.00467676 0.000157385 -0.000331099
0.0119593 0.00371107 -0.013638
0.00353056 0.000275296 0.000287205
0.00456843 0.000239557 4.29664e-05
0.00426801 -0.000185356 -0.000215796
-0.00236034 -0.0076203 0.00897216
0.00440455 0.000131103 -0.000181842
0.00438456 0.000159879 3.61702e-05
0.00479908 8.4559e-05 5.58036e-05
0.000608696 -0.0004963 0.0036625
0.00448701 0.000501841 -2.65293e-05
0.00384881 -0.000378546 0.000694463
0.0045068 -0.000311808 0.000236235
0.00454354 0.000343395 -3.68687e-06
0.00455767 -0.00063023 0.000387903
0.00490756 9.68043e-05 -0.000216014
0.00461339 -4.16227e-05 -0.000475835
0.00453916 0.000240494 4.86116e-05
0.00420589 -0.000112974 0.000266405
0.00148984 0.00101192 -0.000135084
0.00470846 0.000417081 -1.73462e-05
0.00454681 -0.000136742 8.56225e-05
0.00469408 0.0004444 8.82794e-05
0.00473997 9.54536e-05 -0.000208811
-0.000426522 0.00127857 -0.00301737
0.00487403 -0.000919182 0.000673651
0.00495062 -0.00840994 0.00618745
0.00459085 0.000485148 5.25021e-05
0.00453175 0.000130419 -0.00023909
0.00436633 0.000241019 4.69874e-05
0.00348151 -0.000510362 0.00110617
0.00318434 -0.00312065 0.00394458
0.00484634 0.000712802 0.000287387
0.00461208 0.000443806 0.000112183
0.00426651 -0.000148771 7.78887e-05
0.00435346 0.000614998 0.000415782
0.00432486 -0.000458977 2.53635e-05
0.0121899 -0.000677459 -0.0351057
-0.00697882 0.00171203 -0.0131246
0.00742876 -0.000598167 0.00242305
0.00436969 2.07076e-05 4.85646e-05
0.00457815 0.000505417 -1.04953e-05
0.00477348 0.000100281 -0.000212003
0.00444188 0.000123599 7.89291e-06
0.0043417 -0.000172321 4.92888e-06
0.00432729 -0.000494418 0.000302066
0.00441815 -0.000484957 0.00039552
0.00383481 -3.84196e-05 0.0113914
0.00598166 0.00910282 -0.0130816
0.00435921 0.000204016 4.04669e-05
0.00449551 -0.000517604 0.000526401
0.00473056 -0.000355673 -0.000209167
0.00339398 0.00145879 -0.000370015
0.00428324 -0.000339134 -0.000138122
0.0050264 0.000705215 -0.000463031
0.00353003 -0.00289361 0.00566246
0.0046082 0.000240329 -0.000316861
0.00453449 7.12558e-05 -0.000344091
0.0046432 -0.00034685 0.000370777
0.00433343 0.000187639 1.39242e-05
0.00452927 0.000332114 1.77411e-06
0.00460042 -0.000265327 -0.000170776
0.00501648 0.000655358 0.000609071
0.00423831 0.000829776 4.71019e-05
0.00457395 0.000211847 -0.000331656
0.00406078 0.000501434 -0.000567478
0.00839926 0.0102634 -0.0124638
0.00442755 0.000232051 0.000899139
0.00472427 0.000595291 -7.17317e-05
0.0048214 0.000498421 -3.24088e-05
0.00131141 -0.000370279 0.0129945
0.0045451 4.38986e-05 -7.61415e-05
0.00415331 0.000197094 -0.000126056
0.00457059 0.000363471 9.99532e-06
0.0044601 -0.000239838 0.000208048
0.00465476 -0.000761599 0.000584762
0.00456927 0.000112276 -0.000150888
0.00447802 0.000776582 -0.000137845
0.0044864 -0.000268293 0.00150945
0.00466991 1.6285e-05 -0.00012646
0.00450725 0.000260664 -0.000373984
0.00317956 0.000448393 0.00627199
0.00465185 -0.000650257 0.000384353
0.00447777 0.000197485 0.000959835
0.00555745 0.0023267 -0.00232927
0.0048904 0.000733445 0.000263422
0.00488315 -0.00064746 0.000389343
0.00462769 -0.000660074 0.000493644
0.00445458 -0.000395678 0.00024133
0.00464727 0.00112492 -0.000240487
0.00475077 7.96045e-05 -9.455e-05
0.00458536 0.00016354 0.000102294
0.00465534 4.93136e-05 -0.000174225
0.00442256 0.000246618 -0.000222911
0.00485817 0.000256484 -0.00033466
0.00507339 0.000488031 -0.000361889
0.00499351 0.000907352 -0.000104859
0.0043859 -0.000454083 0.000151867
0.00453324 0.000228624 4.43016e-05
0.00433468 0.00110195 -0.000241756
0.00468275 -0.000298708 0.000208026
0.00116848 -0.00131986 0.0181083
0.00446971 -7.77702e-05 0.000558007
0.00348367 0.000598918 0.00531547
0.00500406 0.000846818 -0.000953823
0.00417553 -0.000478196 0.00026874
0.0045834 -0.000629798 0.000432159
0.00435003 -0.00041786 0.000555456
0.00452192 -0.000467657 -0.000136228
0.00476279 0.000565315 -6.30739e-05
0.00478796 0.00062234 0.000128696
0.00450862 0.000272974 1.90947e-05
0.00312544 -0.000459723 0.00617284
0.00488844 0.000339408 8.25367e-05
0.00449397 0.000254318 3.60941e-05
0.00425457 -0.000220027 1.72863e-06
0.0045759 0.000690418 0.000219422
0.00452465 0.000167264 -0.000253052
0.00464609 0.00109761 -0.00158898
0.0048763 0.000478429 -3.70364e-05
0.00492711 0.000550196 -5.27774e-05
0.00446231 -0.000608649 0.000304757
0.00504215 -0.00103508 0.00133521
0.00469204 -0.000442451 0.000362399
0.00454775 0.000211802 3.6824e-05
0.00428691 -0.00052582 0.000226829
0.00468653 -0.000531441 0.000348476
0.0045661 -0.000331966 3.34939e-05
0.0044363 0.000103122 -0.00902626
0.00457197 0.000128619 -0.000193234
0.0043495 0.000219759 4.07605e-05
0.00367495 -0.000593112 0.00369395
0.00467832 -0.000538458 0.000355483
0.00480609 0.000795226 0.000349382
0.0043966 -0.000408705 0.000124077
0.00316418 0.000961838 0.00606764
0.00405194 -0.000332826 0.000518441
0.00436925 0.000764791 -0.000136839
0.00279231 -0.00125363 0.00772872
0.00451559 -0.000264069 0.000189656
0.00445967 0.000681906 -0.000105009
0.00484294 0.00102162 -0.000139702
0.00470733 -0.000427387 0.000519626
0.00473045 9.81603e-05 -0.000407694
0.00459175 -0.000438592 0.000422637
0.00309348 -0.000505827 0.00620447
0.00430927 -0.000521793 0.000116722
0.00443943 0.000642398 5.49162e-05
0.00352267 -0.0004964 0.000619729
-0.000252729 0.00825899 -0.0112363
0.00427626 -0.000348622 0.000126075
0.00494089 0.000768987 -0.000123853
0.00475209 1.32642e-05 -0.000220447
0.00410764 -0.00214209 0.00227849
0.00468857 0.000629911 0.000593445
0.00448998 -0.000117499 0.000274659
0.00471143 4.73776e-05 -0.000209342
0.00440414 -0.000494106 -4.79579e-05
0.00478523 0.000335319 1.68706e-05
0.00427395 -0.000428128 -0.000137312
0.00462599 -0.000402495 0.000226748
0.0051437 0.000671612 -0.000965983
0.0043952 -0.000691894 0.000214224
0.004268 -5.44019e-05 0.000128343
0.0041667 -0.00012511 -0.000155622
0.00443028 -0.000451185 0.00012312
0.00445031 0.000529474 -4.71018e-05
0.00414738 -0.000393251 7.40487e-05
0.00494797 0.000878444 -0.000112123
0.00466573 -2.48768e-05 -0.000159016
0.00428294 0.000738432 0.000102883
0.00415835 0.000159436 -0.000121848
0.00365251 -0.000592348 0.00368924
0.00473502 -0.000445032 0.000208275
0.00445382 -9.70356e-05 0.000261458
0.00470905 -0.000205173 -0.000215423
0.00440358 0.000479235 -4.24493e-05
0.00473288 -0.000788298 0.00075784
0.00449236 0.000167773 -0.000304765
0.00424445 -0.00019688 0.000526035
0.00446241 -0.000167978 0.00016331
0.00326563 0.000376139 0.00593268
0.00322497 -0.000510568 0.00632433
0.00453599 0.000181585 -7.9269e-05
0.00494987 0.000759529 -0.000121127
0.00431609 -0.000442498 0.000159674
0.00460314 -0.000457643 0.000254474
0.00492669 0.00126287 -0.000640672
0.00376429 -0.00172942 0.00144565
0.00449265 0.00070304 0.000107581
0.00451367 0.000109738 -0.000263959
0.0044987 -0.000325869 5.14951e-06
0.00429281 -0.000450311 4.5419e-05
0.00467458 -0.000162562 -0.000249699
0.00435799 0.000742558 -0.000354717
0.00454905 2.03432e-05 -0.000172132
0.00455851 0.000245226 1.24968e-05
0.0047571 0.000925022 -0.000111758
0.00418793 -0.000315721 0.000499419
0.00445196 0.00011697 4.77053e-05
0.00441156 0.000280588 2.17625e-05
0.00455773 0.000331754 1.78821e-05
0.00412546 0.00022225 -9.53678e-05
0.00461455 0.000437992 3.53076e-05
0.00482477 0.000246255 -6.20663e-05
0.0049344 0.000716647 0.000327997
0.00471643 -0.000351599 0.000308868
0.00453922 0.00054711 -5.28033e-06
0.0044039 -0.000208316 0.000540269
0.00427339 -0.000312371 9.82471e-05
0.00420181 0.00125121 -0.000186387
0.00427667 4.63566e-05 -0.000118651
0.00420941 -0.000509223 0.000178608
0.00452418 -0.000495091 0.000456148
0.00465786 -0.000444446 -0.000153539
0.00446915 0.000302317 -4.71415e-05
0.00495325 0.000514202 -0.000923949
0.00487384 0.000211469 -0.000189036
0.00413567 -0.000718113 0.000284911
0.00468415 -0.00049846 -6.64167e-05
0.00474459 2.02176e-05 -9.30099e-05
0.00487885 0.00102404 -0.000131318
0.00461164 -0.000574051 0.00034227
0.00450904 0.00051412 7.82269e-05
0.00474801 0.000404586 -0.000180554
0.00439907 -0.000473456 0.000108457
0.00509281 0.000552624 -0.000408507
0.00465738 -0.00050807 0.000346677
0.00519366 0.000133891 -9.49369e-06
0.0042896 -0.000473342 3.50249e-05
0.00490802 0.000717913 0.000311129
0.00456698 0.000131926 -0.000176669
0.00405254 0.000694847 -0.000124702
0.00419549 -9.93514e-05 0.000245326
0.00460138 -0.000226191 0.000224893
0.00453099 0.000579806 -7.15259e-05
0.00467386 0.000354011 -8.15754e-06
0.00478055 0.000924688 -0.000585123
0.00477387 -0.000119108 0.000180387
0.00427675 -0.000313262 -0.000116024
0.00456551 0.000729721 0.000192227
0.00431103 0.000248413 -0.000221854
0.00445938 0.000100952 3.92353e-05
0.0046454 -0.000538531 0.00023244
0.00475959 0.000295211 2.36431e-05
0.00468287 0.000496868 7.61634e-05
0.00448672 -0.000122034 0.00011655
0.00456017 -0.000420478 2.74595e-05
0.00472558 -5.36293e-05 -8.92893e-05
0.00448604 0.000197763 -1.73159e-05
0.00469891 -0.000566865 0.000345461
0.00439881 0.000593781 -0.000296652
0.00465162 -0.000360527 0.000280713
0.00448122 -0.000196991 -0.000127094
0.00434884 -0.00060609 9.31139e-05
0.00450878 -0.000294133 0.000206338
0.00458726 -0.000276231 -0.000172532
0.00448375 0.000564409 -4.25667e-05
0.00462267 -0.000473808 0.000184241
0.00439272 0.000780099 -0.000379218
0.00424265 -0.000206564 0.000334179
0.00426678 -6.43684e-05 -0.000534296
0.00462793 -0.000427485 0.000319606
0.00446939 -0.000106526 0.000588171
0.00450305 -0.000540885 0.000353007
0.00514045 0.000733991 -0.000499016
0.00503944 0.000698175 -0.000476124
0.00432598 -0.000160845 0.00029018
0.00515252 -0.00127826 -0.0013068
0.0046959 -0.000597928 0.000392671
0.00452155 -0.000255533 0.000216664
0.00421205 -0.000552012 0.000169898
0.0047937 -0.000135561 -0.000197677
0.00423527 -0.000396459 -1.03995e-05
0.00448465 -0.000443137 0.000185333
0.00455967 -0.000197752 0.000324108
0.00430804 -0.000388173 0.000473098
0.0042902 -0.000185892 0.000545366
0.00441486 -0.000600598 7.04819e-05
0.00414577 -0.000498555 0.000108875
0.0045613 -0.00064297 0.000434963
0.00449703 -0.000112663 0.000187381
0.00462262 -0.000218427 0.000198909
0.00480462 -0.000505389 0.000178501
0.00477932 0.000720708 -7.0038e-05
0.00454361 -0.000227286 0.000172767
0.00416757 -0.000358524 0.000571767
0.00458136 -0.000298717 0.000201579
0.00437105 -0.00056857 -0.000127688
0.00440142 -0.000439098 0.000126689
0.00464779 -0.000357209 0.000263543
0.00437983 -0.000320244 -9.83698e-05
0.00465662 -0.000530121 0.000345114
0.00468055 -0.000301198 0.000226368
0.00437461 0.000127628 3.35192e-05
0.00427548 -0.000367581 0.000569075
0.00465411 -0.000594951 0.000236529
0.00501872 0.000498714 -0.000921717
0.00414998 -0.000365583 0.000357206
0.00454028 -0.000276684 0.000217804
0.00493128 0.00121522 -0.0005405
0.00455757 -0.000295547 0.000266127
0.00480719 -0.000403971 -3.31427e-05
0.00445973 -0.000311774 -5.22781e-05
0.00413129 -0.000442677 0.000150995
0.00464391 -0.000108712 -0.0003236
0.00413241 -0.000561953 0.000210314
0.00416983 -0.000512379 0.000178543
0.00457265 -0.000152679 -0.000277906
0.00461375 -0.000260025 0.000206345
0.00418296 -0.000342667 0.000175971
0.00332933 -0.000722024 0.0059457
0.00413383 -0.000277602 0.000179312
0.00434786 0.000134618 -0.000198495
0.00427461 -0.00029095 0.000124092
0.0044343 -0.000310566 0.000197536
0.00452593 0.000300528 -1.00762e-05
0.0045366 -0.000417659 -8.61609e-05
0.00446894 -0.000179011 0.000537213
0.00452397 -3.74597e-05 0.000201413
0.00462515 -2.60037e-05 -4.48227e-05
0.00455405 -0.000156181 0.000279935
0.00443449 -0.000340942 0.000198006
0.00440887 0.000548155 0.00048865
0.00453144 -0.000593614 -0.000404525
0.00455328 -0.000117547 0.00029855
0.00468538 -2.47668e-05 -0.000107985
0.00419587 0.000758448 2.68973e-05
0.00439703 0.0001145 0.000810422
0.00422332 -0.00032496 -0.000194948
0.00426576 -0.000508843 0.000114109
0.00470866 -4.25011e-05 -0.000384091
0.00459358 2.01402e-06 7.73997e-05
0.00420415 -0.000348931 6.70878e-05
0.00451456 -0.000310803 0.000210334
0.00446417 -0.000208055 0.000619842
0.0044743 -0.000485363 -0.000112909
0.00459171 -0.000405946 0.000263836
0.00466705 -0.00029853 -4.3911e-05
0.00459003 -0.000399315 0.000235987
0.00446288 -0.000331752 -8.18134e-05
0.00431857 -0.000271897 0.000455089
0.0050248 0.000251813 0.000101735
0.00492617 4.82193e-05 0.000142363
0.00453739 -0.000352862 -0.000130064
0.00469602 -0.000159822 -0.000272236
0.00413546 -0.000587441 0.000187556
0.00432694 -0.00055551 0.000179157
0.00444544 -0.000486545 -0.000396018
0.00430491 -0.000460947 -4.42558e-05
0.00436687 -0.000310559 -0.000248721
0.0042832 0.000144021 1.61524e-05
0.0045415 -0.000251458 0.000176396
0.00425631 -0.000208035 0.00058492
0.00441863 -0.000495648 0.000341814
0.00460605 -0.000278192 -0.000126295
0.00419574 -0.000255558 0.000495604
0.00412606 -0.00063425 0.00024317
0.00472794 -0.000108606 0.000178153

VECTORS force float
-1.97601e-10 -2.04759e-10 1.16001e-09
-9.90362e-10 2.05807e-09 7.94037e-10
-1.5158e-08 -7.72607e-08 7.46513e-08
7.5423e-10 1.94731e-09 -3.28244e-09
-9.66376e-10 5.2308e-09 -7.03417e-09
-5.61525e-10 -1.22333e-10 9.95412e-09
4.11312e-09 -2.64276e-09 -3.54753e-09
2.27076e-09 -2.11673e-09 2.11511e-09
2.0601e-09 -3.85755e-10 -1.88818e-09
-6.24617e-10 -3.28316e-10 -1.09702e-09
7.58269e-10 -7.58687e-10 -6.75852e-10
9.44349e-09 -3.30734e-09 5.23606e-09
1.79524e-09 -2.94806e-09 1.51396e-09
-3.93351e-09 -4.56179e-09 1.97528e-09
-2.0141e-10 -2.79329e-09 4.31737e-09
2.41048e-09 -1.07517e-09 2.98167e-10
1.00224e-08 2.5528e-09 2.56571e-10
1.29787e-09 -6.04111e-11 -1.06453e-10
5.12301e-10 7.76407e-10 -9.03167e-10
8.72336e-10 2.98022e-10 -1.32908e-10
1.20521e-09 1.20994e-09 -1.28389e-09
1.94959e-11 1.2442e-10 1.21288e-10
-3.50726e-09 4.97116e-09 -6.30065e-09
2.57313e-09 -2.89605e-09 1.08479e-09
7.77196e-09 -3.04578e-09 -3.46526e-09
1.47718e-09 3.08934e-09 7.68698e-10
-1.98263e-10 -1.12843e-10 -4.82395e-10
-3.48478e-10 -3.14701e-09 1.93658e-09
9.2819e-09 3.97955e-10 -6.99934e-10
-1.67602e-08 -4.82617e-09 1.11527e-08
-1.76804e-09 -1.03685e-10 -9.02513e-10
-7.66547e-10 3.29642e-10 -1.4934e-10
-1.48328e-09 -2.27301e-09 1.89211e-09
1.14989e-08 -1.0407e-09 -9.41705e-09
-7.18952e-10 4.85687e-10 5.13959e-10
-8.23581e-11 4.75097e-10 -4.61372e-10
2.63689e-09 3.77997e-10 5.7903e-09
4.12212e-09 1.11664e-09 -1.1976e-08
-5.91882e-10 -4.97362e-09 3.74307e-09
-3.39142e-09 2.00196e-09 2.02594e-09
3.64748e-09 -1.2102e-09 5.63919e-09
2.10488e-11 -7.45858e-10 -1.87273e-10
2.22456e-10 -9.16295e-09 -1.1736e-08
2.15842e-09 -9.98487e-09 -1.06055e-09
-3.32189e-09 3.34879e-09 -3.76699e-09
5.00438e-09 2.94794e-09 -1.87112e-10
8.70914e-09 -7.53076e-09 -6.10847e-09
-9.43925e-10 1.43226e-09 -1.13699e-09
1.22795e-08 6.78718e-09 4.16688e-09
5.0386e-09 -1.66417e-09 -1.03121e-09
-6.04523e-09 5.497e-09 -4.67293e-09
-3.30935e-10 -2.17107e-09 -2.68805e-10
-5.63276e-09 -2.02336e-09 -4.86087e-10
-6.48145e-10 1.07126e-09 -4.54449e-11
1.18337e-09 5.12815e-11 3.86307e-10
-8.85846e-11 -4.43264e-09 2.24666e-09
1.73653e-09 -4.45029e-09 2.65257e-09
-3.21986e-09 5.27799e-09 -9.39994e-09
-1.01453e-09 -7.31334e-09 -8.66844e-09
-1.039e-10 -6.93569e-10 5.8708e-10
-3.03793e-09 2.43653e-09 -1.63401e-09
4.19538e-09 4.35161e-09 -2.45573e-09
1.96405e-09 -5.11621e-11 -3.84659e-10
-9.76759e-09 -2.65031e-09 -6.37961e-09
-5.68485e-09 2.48863e-09 7.74892e-10
-3.015e-09 5.5768e-09 1.62653e-08
2.25197e-09 1.57503e-09 -1.74108e-09
1.34103e-09 1.02513e-09 -4.50909e-10
1.15452e-09 3.15693e-09 3.6376e-10
-8.57604e-09 2.15495e-09 -1.28279e-08
-2.77666e-09 6.0694e-09 6.81999e-10
-1.33533e-09 1.18895e-09 -1.95286e-11
-2.78222e-10 2.3254e-10 -1.19193e-10
1.89872e-09 2.57712e-09 3.75105e-10
1.08055e-08 -2.76429e-08 3.38385e-08
1.14518e-09 8.70106e-10 1.55654e-10
2.73238e-09 1.72359e-09 -4.16971e-10
9.62283e-10 -2.86597e-10 7.77786e-09
7.06183e-11 -2.52016e-09 1.63143e-09
5.2056e-09 2.48715e-09 -1.8061e-09
-2.8455e-09 -1.48609e-08 8.79395e-09
3.81725e-09 -3.7218e-09 1.11746e-08
-1.24105e-08 1.74704e-09 -7.17744e-09
1.36642e-10 -1.16746e-09 2.53511e-10
9.18842e-11 3.39961e-09 -1.72167e-08
2.33431e-10 3.45185e-09 4.83874e-10
-9.19778e-09 2.83237e-09 8.86982e-09
-4.82612e-10 -4.23488e-09 -1.32939e-08
9.17815e-10 2.82195e-09 -1.12447e-09
-2.53225e-10 6.79689e-10 2.43953e-10
1.72966e-09 -4.34775e-09 2.85968e-09
2.81766e-09 -3.0646e-09 2.58708e-09
3.12026e-10 4.67099e-10 1.17814e-09
-4.31647e-09 1.09316e-09 -2.0172e-09
-2.48154e-24 -2.48154e-24 0.0
-8.63057e-10 7.14285e-10 2.00563e-10
1.98145e-09 -7.90569e-10 9.59811e-10
3.40699e-10 1.08697e-10 -4.60455e-10
2.26856e-09 -1.92667e-10 1.75879e-09
1.85971e-09 1.57393e-09 -1.05082e-09
-5.40851e-10 -1.24703e-09 7.58822e-10
8.38981e-10 1.9136e-09 1.59207e-09
-1.22207e-08 5.72214e-09 1.96063e-09
2.41655e-09 1.18325e-09 -1.5218e-08
-1.24096e-08 1.17349e-09 4.0398e-09
9.21721e-09 1.32366e-09 -1.70264e-10
-4.06214e-08 -9.99075e-09 -7.0863e-08
3.14561e-09 1.02012e-08 3.21981e-08
3.98232e-09 -1.74636e-09 2.67032e-10
2.82275e-09 -2.13323e-09 -1.03723e-09
0.0 0.0 -3.8832e-08
2.22038e-10 -1.07833e-09 1.27596e-09
-2.07833e-08 7.4346e-09 8.93469e-09
-4.40372e-10 -2.83064e-10 6.55354e-10
9.44416e-10 1.38668e-10 -9.46928e-10
-2.82837e-09 1.0242e-09 1.16971e-09
2.82049e-09 5.65367e-10 -2.7291e-10
-1.31599e-09 -9.26474e-10 6.84576e-10
-2.49297e-09 1.99482e-09 -1.43528e-09
1.37658e-09 -1.48192e-09 1.62248e-09
-6.16718e-09 5.40039e-09 1.82191e-09
4.929e-09 2.55089e-09 -6.34123e-10
-1.45718e-08 -1.17124e-08 -2.16385e-08
3.07403e-09 -1.24455e-09 -7.61986e-10
2.42271e-09 3.55497e-09 -2.12679e-09
-2.44288e-09 5.63498e-09 -4.14522e-09
9.7199e-10 5.10869e-09 7.50607e-10
4.38733e-09 1.92908e-09 -2.78382e-09
2.97598e-09 4.16645e-10 1.01539e-11
-1.45128e-09 4.75525e-09 5.45877e-09
-2.2149e-08 -5.67983e-09 7.23757e-09
-4.59521e-10 1.42988e-09 -9.28649e-10
4.53354e-08 2.20866e-08 -1.5608e-08
3.43163e-09 2.25969e-09 -6.55898e-10
6.66687e-08 -1.67788e-08 -1.03014e-07
-6.9632e-10 -7.08542e-09 2.84949e-09
5.92888e-09 6.27345e-09 -4.19882e-09
-3.20568e-08 1.8332e-08 -3.99193e-08
6.32717e-10 3.77683e-10 1.9915e-09
9.14921e-09 3.47501e-09 -2.10508e-09
-1.17362e-08 5.46965e-09 -2.59878e-09
-4.92001e-10 -9.22497e-10 2.82148e-09
-9.83381e-09 3.12872e-08 -5.01562e-09
-2.57853e-09 -3.67122e-09 -2.34654e-08
-5.60838e-09 6.47133e-11 5.64479e-10
-1.28841e-09 3.45516e-09 -1.60822e-10
1.38296e-09 8.58192e-10 9.37509e-11
-1.10742e-10 -1.82412e-09 8.21835e-10
-6.25962e-10 3.62135e-09 -3.13633e-09
1.91354e-09 -2.17945e-09 8.99789e-10
-1.44454e-09 2.81011e-09 -3.19472e-09
-3.38429e-10 7.34177e-10 -8.29542e-10
-2.10498e-09 2.8126e-09 -2.20943e-09
3.20368e-09 2.96659e-09 -7.84931e-09
3.15058e-09 -1.31185e-09 7.94213e-10
-7.919e-09 3.1393e-09 4.61892e-10
-2.02555e-09 -6.16739e-10 -5.03694e-10
-9.59961e-11 -7.78006e-10 3.57829e-10
7.78363e-11 -4.13445e-09 -2.96285e-09
1.5385e-10 -4.39454e-09 8.3771e-10
3.25378e-10 4.0188e-09 -1.76504e-09
-3.14575e-10 2.6542e-09 -5.1457e-10
-3.66062e-09 7.30407e-10 -4.00896e-10
3.16198e-09 1.83438e-09 -1.06079e-09
-3.76576e-09 -3.99291e-09 8.50578e-10
-5.08108e-08 -4.65538e-08 -5.23295e-09
-6.84859e-09 2.86921e-09 -1.83155e-09
-1.16078e-08 5.38607e-09 -9.7042e-09
1.57164e-23 2.48154e-24 -6.61744e-24
4.21629e-09 -2.02135e-09 2.49576e-11
1.29933e-09 -2.50929e-09 4.07682e-09
6.53374e-10 9.53274e-11 2.06709e-09
4.95552e-10 1.6607e-09 -6.622e-11
-1.50493e-09 1.16759e-08 -1.62785e-08
-2.34515e-09 3.23773e-09 -1.41796e-09
-5.07124e-10 2.33676e-10 -2.79057e-10
1.46812e-08 6.31596e-09 -1.16285e-10
4.06919e-09 -1.60183e-09 -1.21138e-08
2.61501e-09 -7.08822e-10 8.88599e-10
-8.56571e-10 -4.26944e-09 1.97806e-09
-8.69027e-09 1.56904e-09 1.03287e-08
2.24347e-10 4.85155e-10 1.56638e-09
1.01038e-09 -1.11452e-09 2.54998e-09
-6.10253e-10 -3.39975e-09 8.4661e-09
-3.67735e-10 2.63601e-10 2.9156e-11
-3.6205e-09 2.16208e-09 2.12592e-09
-1.16178e-08 2.39667e-08 -2.91268e-08
-5.70352e-10 -4.40026e-09 3.04472e-09
-1.20076e-09 -9.73885e-09 -2.42911e-08
7.35394e-09 3.74582e-09 1.27913e-09
4.27419e-09 2.6725e-09 3.43239e-09
2.5468e-09 -8.02564e-10 5.43825e-09
1.06163e-08 -2.98798e-09 8.46946e-09
-1.27811e-09 -2.39959e-10 8.71281e-10
-1.61314e-09 -4.35977e-09 2.02674e-10
-5.78649e-10 -2.07404e-08 4.24348e-09
2.39601e-09 -3.61516e-09 -2.31593e-09
1.1528e-09 -2.93381e-10 6.35712e-10
-3.22639e-10 -4.41604e-10 -3.10039e-09
-1.63045e-08 1.93967e-09 -1.44979e-08
1.83313e-09 1.05924e-08 3.40073e-09
-7.52213e-09 2.95701e-08 -3.64969e-08
1.09103e-09 3.65494e-09 -3.78113e-09
-3.97565e-09 3.23036e-09 -3.39776e-09
4.95512e-11 4.59619e-10 7.62074e-10
1.9014e-09 3.61646e-09 -4.9582e-09
2.01735e-09 4.66601e-10 -1.42161e-09
1.09919e-09 -1.03684e-09 9.09205e-10
-8.61902e-10 -2.96458e-09 2.9331e-09
1.7898e-09 3.73715e-09 -1.69661e-10
4.97587e-09 -8.13396e-10 1.62e-08
-3.78293e-09 -2.77246e-09 2.62908e-09
-5.54488e-09 7.49741e-10 -2.51248e-09
2.14711e-08 2.13629e-09 1.71127e-09
7.84859e-10 -4.24519e-09 -1.20531e-08
-6.78451e-09 -6.42945e-09 -6.54718e-09
3.21421e-09 -2.68966e-09 1.54656e-09
-6.25596e-10 1.20559e-08 -1.5874e-08
4.18215e-09 2.92801e-09 4.65927e-09
-2.99639e-09 2.87986e-08 -2.69556e-08
6.52186e-09 1.26153e-09 5.71676e-10
-4.08568e-10 -7.61254e-09 3.29836e-09
2.41876e-08 1.11579e-09 -1.12546e-10
5.52558e-09 2.73721e-09 1.42967e-10
9.43209e-08 -1.1702e-07 7.82674e-08
-4.8855e-08 -1.51667e-08 8.21142e-09
-8.98285e-09 8.18295e-10 3.19822e-10
3.69797e-08 -1.90082e-08 5.94727e-08
6.38812e-09 -1.19253e-09 -3.15078e-09
3.75615e-11 -1.43914e-09 -4.88476e-09
1.34091e-09 -9.61866e-10 1.15122e-09
-5.39061e-09 -2.32039e-08 -1.75227e-09
-1.02777e-07 3.75296e-08 -2.29939e-08
0.0 0.0 -3.8832e-08
9.26201e-10 6.47106e-10 4.67018e-10
-7.47433e-09 8.50084e-09 -2.92871e-08
-5.51206e-09 -6.78874e-09 -3.99217e-09
2.40367e-08 8.75049e-09 -1.26481e-08
-1.22239e-09 1.34111e-09 -8.28739e-10
-5.8142e-10 7.45694e-09 3.73336e-09
-7.90768e-11 -1.46162e-09 -2.45647e-09
-2.39693e-09 -2.3672e-09 -7.55276e-09
-3.11186e-09 3.76092e-09 -2.53952e-09
4.60865e-09 2.10033e-09 4.38177e-09
-1.79886e-10 -1.42207e-10 -1.79841e-10
3.87391e-09 8.80659e-10 1.10241e-09
1.65933e-10 -9.54534e-10 -2.31941e-10
-4.23237e-09 5.49679e-10 2.42561e-09
6.28255e-09 -2.78808e-09 -8.62109e-09
-1.27051e-08 2.04405e-08 -3.02071e-08
7.67689e-10 -4.83331e-10 -3.85146e-08
-5.51442e-10 3.54545e-10 1.21423e-09
3.10124e-09 -2.50439e-09 1.31048e-09
2.65855e-09 -1.61353e-09 1.08067e-09
-2.71583e-09 -2.55973e-09 7.44148e-09
-3.94062e-09 2.76402e-09 -1.52211e-09
-4.62623e-09 -2.85657e-09 -1.19641e-08
2.70725e-10 -1.43927e-09 1.38464e-09
-7.13455e-09 2.12645e-09 -1.38686e-09
-8.78865e-09 -6.99361e-09 9.98527e-10
-4.61932e-09 -3.12678e-09 -1.45609e-09
-4.11957e-09 3.34234e-10 5.90545e-11
-9.39076e-11 -3.88752e-09 2.25524e-09
4.5003e-09 3.61379e-08 -1.55354e-08
-8.61301e-09 1.13437e-09 -2.10423e-11
2.17805e-09 3.57906e-10 -1.19669e-09
1.08384e-09 -6.13926e-09 2.86054e-09
2.30872e-08 -1.30935e-08 2.87078e-09
-7.38923e-09 2.30271e-08 -1.60196e-08
1.13847e-09 -2.90445e-10 6.70903e-11
0.0 0.0 -3.8832e-08
-5.24538e-09 8.33839e-09 -6.35422e-09
0.0 0.0 -3.8832e-08
8.91747e-10 -3.96013e-09 1.10469e-08
1.90319e-08 1.28885e-08 3.14587e-09
-6.88466e-09 8.77226e-09 -9.93224e-10
-7.46192e-10 1.08091e-09 -5.50775e-10
7.87989e-09 1.07217e-08 -6.58672e-09
-5.79162e-10 1.18213e-09 4.69793e-09
2.94322e-09 -1.16926e-09 9.24044e-09
-1.57906e-08 1.0963e-08 -8.72858e-09
3.87945e-10 3.51883e-09 9.98111e-10
1.4289e-09 -1.72169e-08 1.54955e-07
-1.52976e-09 2.33428e-09 -1.98065e-09
2.10221e-09 3.43143e-09 -3.79867e-10
1.10507e-08 -8.39776e-10 4.30418e-09
8.62657e-10 -4.97529e-11 7.91329e-10
1.63212e-09 6.44879e-10 -7.98813e-10
-1.56652e-09 3.80201e-09 3.48599e-09
-4.26434e-09 7.44157e-09 -7.62485e-09
9.71158e-09 -6.52637e-09 1.08783e-08
9.2218e-09 -4.89669e-10 -4.52038e-10
1.87708e-10 3.30753e-09 -1.29884e-08
-8.39568e-10 -3.0884e-09 3.82326e-09
-4.55885e-09 6.2621e-10 -1.95602e-10
1.15374e-09 7.45987e-09 -2.50944e-08
-2.37486e-09 -1.43096e-09 1.83949e-08
8.00428e-10 -2.7406e-09 3.05506e-09
-8.62141e-10 -3.0257e-10 3.79147e-09
-7.87279e-09 -1.11729e-09 -9.21394e-10
1.69439e-09 6.60984e-10 -1.08697e-09
-1.18846e-09 -6.28591e-10 -2.00315e-11
1.51845e-09 3.17492e-09 -1.55646e-10
-3.46521e-09 -7.80279e-10 6.24196e-10
-5.0221e-10 -1.28333e-09 3.39133e-09
-3.45232e-08 3.22894e-08 -3.06073e-08
1.06062e-06 -4.19078e-07 6.59439e-07
1.27125e-08 -2.39679e-08 2.43933e-08
-1.18437e-09 -1.58005e-09 2.7495e-09
2.20538e-11 3.53222e-11 3.19784e-10
2.07575e-09 1.4438e-09 4.93462e-09
1.58596e-09 1.15467e-09 6.65776e-11
4.7113e-09 -2.31949e-08 -1.27275e-10
-1.20291e-08 4.62439e-09 -4.47431e-09
-3.81656e-09 -1.30538e-09 4.84987e-09
1.85225e-10 1.72259e-09 2.45918e-09
-1.7416e-10 -8.16357e-09 -4.29312e-09
-4.40266e-09 1.08999e-10 -9.38843e-10
5.93557e-08 1.44658e-08 1.14093e-08
4.35311e-09 -5.04275e-09 3.44266e-10
-3.71778e-09 -4.50419e-10 -1.33412e-09
2.60853e-09 8.49175e-10 5.50056e-11
2.97116e-09 2.5149e-09 2.9126e-10
-2.74588e-09 4.56754e-10 1.07257e-09
-2.81349e-09 9.97895e-10 -2.10389e-09
-8.30507e-09 1.62741e-10 5.99303e-09
-4.68232e-09 5.54049e-10 2.52047e-09
-3.81005e-09 -1.87395e-09 -2.85307e-09
2.85953e-10 7.46077e-10 1.64349e-09
-5.19508e-09 7.09294e-09 -2.95997e-08
4.21564e-09 -1.99235e-09 5.94075e-09
-5.67117e-09 -2.61433e-09 1.34307e-09
1.87993e-09 -5.83487e-10 -7.85574e-10
2.33064e-08 -2.52983e-08 3.40533e-09
5.91299e-09 1.56676e-09 -1.16954e-09
-3.54e-09 -4.8698e-09 -7.72294e-10
1.60988e-08 -5.1461e-09 -2.12998e-09
-7.24698e-10 -3.74191e-10 -2.27926e-09
4.1038e-10 -6.63608e-10 2.15317e-10
-1.09491e-05 -3.36553e-06 2.83093e-06
3.9523e-09 -1.2809e-09 -1.61144e-09
-3.37316e-09 -3.29464e-09 -2.89187e-09
1.60639e-08 -4.3746e-09 7.30613e-09
-4.80086e-09 -5.33987e-09 9.8416e-11
-3.54296e-11 4.9608e-09 2.39509e-09
9.14046e-10 2.81954e-09 -1.09679e-08
-9.85073e-10 -8.38603e-09 4.79089e-09
0.0 0.0 -3.8832e-08
-1.32057e-09 4.48093e-08 2.63551e-10
-1.37659e-08 -4.62525e-09 -7.46956e-09
-2.43258e-09 3.25532e-09 -3.80949e-09
-6.52907e-10 3.41004e-09 -1.91035e-09
2.65163e-09 8.30618e-10 -1.6386e-09
1.55781e-09 -2.49967e-09 -2.01595e-09
-5.21749e-09 -4.38241e-08 -3.15098e-09
-2.91737e-09 -5.02463e-09 1.37379e-08
1.40944e-09 1.23688e-08 -1.65444e-08
1.19321e-08 6.86354e-09 7.76823e-09
1.20501e-09 2.76819e-09 2.76813e-09
7.08237e-10 -2.36623e-09 -1.86755e-09
0.0 0.0 -3.8832e-08
-7.66005e-09 3.21577e-08 -4.29619e-08
3.738e-09 -2.33298e-09 4.45211e-09
2.01933e-08 1.62377e-08 -1.98694e-08
0.0 0.0 -3.8832e-08
2.22521e-09 1.26382e-08 -1.67742e-08
-2.32221e-09 5.28099e-10 1.02152e-09
-9.96138e-10 -1.32221e-09 -2.60683e-09
-1.89315e-09 1.15246e-08 -6.08695e-09
-3.33856e-08 1.08778e-07 -1.16393e-07
9.83012e-10 4.55497e-08 -6.13654e-08
-3.59314e-09 -2.57061e-09 2.27843e-09
1.35254e-09 -1.08739e-09 3.57695e-08
7.12649e-10 1.10323e-08 5.64845e-09
2.01905e-08 -3.23359e-08 6.5242e-08
7.30237e-10 1.21445e-08 -1.64584e-08
-4.05243e-09 -1.35339e-09 8.4755e-10
-1.38837e-09 6.20446e-09 -1.9994e-09
9.96561e-10 -3.03313e-09 -2.67342e-09
-9.33541e-10 2.16552e-09 -8.22233e-12
-5.72658e-09 -1.70355e-09 8.76916e-10
2.27199e-09 -1.78887e-09 1.74445e-09
-2.97238e-09 -5.88141e-09 -2.36005e-09
-3.445e-10 -3.25217e-10 -3.16265e-10
-5.13146e-09 -9.92081e-10 4.11423e-09
2.39812e-09 4.93617e-11 8.7882e-11
-2.00086e-09 6.23477e-10 -1.76735e-09
-3.68338e-09 -2.15162e-09 -2.65613e-09
0.0 0.0 -3.8832e-08
-2.53969e-09 9.68399e-10 -2.79194e-09
-5.05204e-09 -2.34464e-08 2.1154e-08
0.0 0.0 -3.8832e-08
-2.86913e-09 -4.55122e-09 2.14213e-09
7.7177e-09 8.94134e-09 4.59158e-09
1.5972e-09 -4.22163e-09 6.05308e-10
-3.85037e-09 2.31757e-09 -2.4899e-09
2.22514e-09 9.40685e-10 -1.07867e-09
0.0 0.0 -3.8832e-08
-3.46405e-08 -4.87685e-09 -2.08876e-08
3.0498e-08 -4.07181e-10 2.48699e-09
-3.82466e-10 1.18419e-08 -1.63864e-08
1.00237e-09 -3.93245e-09 1.11245e-09
6.2472e-08 -6.17221e-09 2.30027e-08
2.10878e-10 -6.81734e-11 1.82546e-10
7.7195e-11 -1.51426e-09 9.43824e-10
-6.09378e-10 -9.34278e-10 4.31277e-09
-4.35088e-09 1.2812e-09 -3.69051e-09
0.0 4.1359e-25 0.0
-4.56405e-08 -2.98731e-09 1.68913e-08
-5.8832e-10 5.07308e-10 -2.42081e-09
-4.70993e-09 5.30973e-10 2.92293e-10
0.0 -2.89513e-24 0.0
0.0 0.0 -3.8832e-08
-7.4698e-10 3.23338e-09 -3.89445e-09
-2.77405e-09 -2.68118e-09 9.63789e-10
-3.85675e-09 -3.24874e-09 7.47834e-10
-5.70298e-09 1.75825e-08 -1.92667e-08
-1.09789e-08 4.61306e-09 -2.5629e-09
2.89513e-24 0.0 0.0
1.94104e-08 -5.55868e-09 -3.8978e-09
8.29627e-11 1.0072e-08 -3.32347e-10
-1.77008e-09 6.30889e-09 -1.1402e-08
-9.00663e-09 6.13293e-09 -5.07816e-09
-4.05949e-09 1.13651e-08 -1.34456e-08
-3.93468e-08 -8.38026e-08 -8.4966e-09
-2.57777e-09 -3.42469e-09 3.92435e-10
0.0 0.0 -3.8832e-08
1.49891e-09 6.61358e-10 1.62352e-09
-6.73177e-09 -7.66659e-09 -2.33012e-09
-4.9848e-09 3.22076e-09 2.43001e-09
-2.63662e-08 1.27948e-08 -3.58738e-08
8.51741e-09 4.65221e-09 5.80292e-09
-1.9307e-08 -1.29179e-08 1.45774e-08
-7.98231e-09 1.25134e-08 -1.60251e-08
-6.57458e-09 9.99918e-09 -3.41633e-08
1.46078e-09 -4.07333e-10 4.63767e-09
-3.85275e-09 -5.36339e-09 -1.75778e-08
-3.68147e-09 1.48361e-09 6.51204e-10
3.02577e-08 1.43845e-08 -7.11011e-09
-4.83757e-10 -6.44277e-09 1.85979e-09
1.97365e-09 3.70183e-09 -1.219e-09
-3.51827e-10 9.79475e-11 1.38889e-09
0.0 0.0 -3.8832e-08
2.47198e-08 -4.0668e-08 2.78499e-09
-2.47392e-19 1.38438e-19 5.09808e-20
-5.60942e-11 -1.90646e-09 1.94989e-09
-2.50547e-09 -2.82882e-09 -7.60453e-09
3.15549e-09 -1.50683e-10 1.02018e-09
1.36668e-09 1.0996e-09 -7.43681e-10
-9.31474e-09 4.10152e-08 -7.30253e-09
2.7848e-10 -5.19419e-09 9.33815e-10
-1.85389e-09 7.52348e-09 5.98898e-09
-4.02454e-09 -4.31996e-09 2.92561e-09
-2.30586e-09 -3.51334e-09 -5.94668e-10
1.74063e-08 2.97108e-08 5.92006e-09
6.3477e-08 2.68394e-09 2.17139e-08
0.0 0.0 -3.8832e-08
-8.32525e-09 -6.23234e-09 4.50304e-09
-5.6341e-09 3.11222e-09 -5.38503e-10
3.36094e-09 -5.08564e-09 -2.32221e-08
-2.14479e-09 1.04146e-09 2.19663e-09
2.33852e-08 -6.36742e-08 7.8919e-08
-3.95246e-10 -5.65127e-10 2.07841e-09
-2.31842e-09 -3.32238e-10 -6.6907e-10
-2.22252e-10 1.35746e-10 1.40099e-09
-4.10084e-09 -5.09801e-10 5.36574e-09
4.40638e-08 -2.12278e-08 -3.67196e-09
-2.39153e-09 2.50776e-09 -2.64085e-08
1.30747e-09 1.86467e-09 -7.48878e-09
1.3299e-08 1.48796e-08 -2.18784e-09
6.25592e-12 -4.41825e-09 1.45175e-08
-1.74316e-09 4.38953e-09 1.47416e-07
1.6103e-09 -6.34453e-11 8.69872e-11
-7.22863e-09 1.14448e-08 -1.81671e-08
-2.53148e-10 8.99123e-11 1.2615e-09
-3.78335e-09 -6.22157e-09 -5.77988e-09
-8.17356e-10 1.34666e-09 1.26238e-09
1.24488e-10 -9.38787e-10 6.28247e-10
0.0 0.0 -3.8832e-08
3.56801e-09 -2.26238e-09 1.73234e-09
1.57397e-08 -9.4705e-09 7.27314e-09
-1.83549e-09 4.34701e-09 -2.6212e-09
-9.22121e-10 -1.3356e-09 1.76949e-09
-1.18369e-08 -3.31825e-08 -6.60494e-08
-2.89272e-07 7.1053e-08 -1.29085e-07
-6.68035e-10 -2.3492e-09 -7.79793e-09
-5.69793e-09 -6.2822e-09 1.01384e-08
2.55206e-09 1.78561e-09 -1.63996e-08
-5.30182e-10 -5.3837e-09 2.79259e-09
8.17787e-08 6.61267e-08 8.99776e-08
-1.00854e-09 3.6558e-10 -2.45601e-09
-1.22871e-10 -9.91491e-11 6.04124e-10
2.14384e-10 2.17179e-08 -8.8196e-09
-1.55329e-09 -5.46973e-09 3.71719e-09
-3.46302e-13 1.88328e-12 -9.00319e-13
2.31698e-08 3.12572e-08 8.68249e-09
3.48808e-09 -1.7489e-08 2.82039e-08
2.4469e-09 5.3086e-09 7.58081e-10
1.05911e-07 -1.47212e-08 -5.53691e-07
8.7558e-09 1.80272e-09 2.92534e-09
8.98577e-09 6.25726e-09 -8.86301e-10
-1.1933e-08 1.50604e-08 -1.50671e-08
1.40243e-09 -3.44605e-09 2.33558e-09
2.32531e-08 -4.69427e-09 -6.59234e-09
1.37434e-09 6.42476e-09 2.01406e-09
-1.61121e-08 -5.40703e-09 -1.28218e-08
8.33341e-09 1.92521e-10 1.52064e-08
-7.92538e-10 1.00346e-09 -1.3411e-08
2.24648e-09 2.28536e-09 -1.13125e-09
2.41719e-09 -6.27629e-10 -5.14525e-09
1.06492e-09 -6.05004e-10 1.22175e-09
1.43158e-09 4.46109e-10 3.52923e-11
-6.60878e-10 -6.32036e-11 1.76977e-09
6.29254e-09 -9.8423e-10 -3.01927e-10
-1.48033e-09 2.98866e-09 5.84403e-10
5.45684e-09 -1.76419e-09 3.22854e-10
-8.20621e-10 -5.69734e-11 -1.24828e-09
-1.14491e-12 -2.53728e-09 4.58974e-09
-4.54984e-09 2.56447e-09 2.5687e-09
1.45098e-09 3.00158e-09 8.16279e-09
-2.03943e-09 -3.6973e-09 -3.39774e-09
8.66181e-09 -8.76721e-09 5.18196e-09
-1.56568e-09 1.11654e-09 2.03474e-09
1.05661e-09 1.41777e-09 -1.27325e-09
-1.26192e-08 4.1233e-09 -1.18755e-08
-1.45488e-09 4.77317e-11 -5.57145e-09
2.80391e-09 -2.339e-09 -7.83893e-10
0.0 0.0 -3.8832e-08
1.4501e-08 1.52752e-08 -7.65104e-11
1.48981e-10 2.38072e-09 4.2159e-10
1.22224e-09 7.37019e-10 -8.48938e-10
1.01774e-06 2.92948e-06 -3.81919e-06
8.29106e-09 -5.8998e-09 2.84077e-08
-1.71442e-09 -2.07986e-10 -3.28267e-09
2.14143e-09 1.78424e-09 -6.69752e-10
0.0 0.0 -3.8832e-08
-2.59081e-10 1.68437e-09 -1.04624e-09
-1.7256e-08 -2.50081e-09 -2.99167e-09
-1.58977e-10 -2.03854e-09 -8.51796e-09
1.79349e-09 1.02024e-09 6.38014e-11
5.24788e-09 4.86929e-10 -6.53951e-09
-3.0655e-09 -1.92628e-09 8.40593e-10
-4.96694e-09 1.28136e-09 3.26772e-09
-1.36265e-09 7.09961e-10 9.55411e-10
5.01666e-09 -3.78186e-09 7.25676e-09
1.23461e-08 1.63553e-09 -8.33376e-10
-6.69952e-09 -5.18126e-10 -5.41066e-10
-1.70309e-09 -2.62014e-09 -7.13145e-10
1.74324e-09 -1.4973e-09 2.48568e-09
7.5812e-09 1.94443e-09 -1.20281e-09
-4.25297e-09 -2.61354e-09 -5.87692e-10
-1.68861e-07 -7.67448e-08 -1.02581e-07
7.32661e-08 1.17226e-07 -1.28225e-07
-1.96712e-09 2.06172e-09 -3.74618e-09
-4.47388e-09 -1.48834e-10 -2.44014e-09
-9.52802e-10 1.65732e-09 2.58908e-09
6.03277e-09 4.49023e-09 1.20735e-08
4.74536e-09 -4.33762e-09 2.17955e-08
5.53006e-09 -2.12395e-09 6.98741e-09
-5.26057e-09 2.10779e-09 -3.74536e-09
-4.53495e-09 2.45798e-09 -1.52487e-09
1.0893e-09 1.99761e-09 -1.30493e-08
-3.62996e-09 -1.66015e-08 1.55824e-08
7.15075e-09 -7.35682e-10 -3.31008e-08
0.0 0.0 -3.8832e-08
0.0 0.0 -3.8832e-08
-1.05573e-09 6.24918e-09 -1.01384e-09
8.71116e-09 2.05863e-09 -1.28999e-09
1.06645e-08 -4.127e-09 2.32502e-09
-2.58844e-10 -4.95789e-11 1.40718e-09
5.95738e-09 -2.92133e-09 1.15767e-09
1.37668e-09 -1.34239e-10 -5.78496e-11
-1.88845e-09 2.93413e-09 -1.77717e-09
1.90744e-08 2.93235e-08 -4.08931e-08
0.0 0.0 -3.8832e-08
1.42318e-09 -1.08587e-09 2.26218e-09
3.39971e-09 2.28566e-09 -3.79998e-09
-2.64628e-10 -1.29231e-09 9.54591e-10
-1.60417e-09 1.38466e-09 -4.03633e-09
2.6234e-09 -9.01669e-09 7.47957e-09
-1.38759e-09 5.45663e-09 -5.95432e-09
-9.8316e-11 2.24339e-10 5.34755e-10
-6.77204e-09 4.00729e-10 -7.71838e-11
-5.07036e-10 3.72527e-10 -3.71396e-10
3.83211e-09 1.20843e-08 2.64207e-09
1.67197e-08 1.27632e-09 1.15558e-08
-3.04052e-09 4.74208e-10 -9.54641e-10
1.02359e-08 3.806e-09 -1.96912e-09
-1.7407e-09 -1.13106e-11 -6.37767e-09
3.24014e-09 -6.25591e-10 -1.58004e-09
-6.89723e-09 7.03399e-10 2.66493e-09
1.43691e-08 -8.52046e-09 5.69959e-09
1.81599e-09 3.15934e-08 -2.80302e-08
2.01826e-09 -8.89132e-10 -1.56916e-08
-9.21227e-09 -2.42957e-09 1.03981e-09
-4.83948e-09 -2.51481e-09 7.76339e-10
0.0 0.0 -3.8832e-08
-1.04743e-09 -3.13461e-12 3.6121e-09
1.75971e-09 -7.34911e-09 1.23604e-09
8.16007e-10 1.95459e-09 2.66028e-09
-1.39485e-09 2.39958e-09 -1.83723e-09
1.18725e-09 2.88198e-09 -3.03222e-09
-9.17067e-09 2.10826e-09 2.50467e-09
-1.36318e-09 2.31716e-11 6.25077e-10
2.02509e-11 -2.72272e-10 1.31974e-09
-3.08965e-09 6.97554e-10 -9.11747e-10
-6.42429e-09 -2.32702e-08 1.9738e-08
1.3133e-09 2.70777e-09 -4.51023e-09
-2.99025e-09 6.68604e-09 -6.47392e-09
-6.68615e-10 1.79877e-09 -1.45987e-08
-3.89623e-08 -9.01616e-08 1.25394e-07
-7.90027e-09 -1.22318e-09 -3.2723e-09
3.30378e-09 4.53241e-09 -8.64533e-09
2.40086e-09 3.71198e-09 -6.38697e-09
1.14711e-08 -9.81228e-10 1.27259e-10
-3.90965e-09 -4.19244e-10 8.36844e-10
8.69525e-11 -3.31399e-09 3.48197e-09
4.00241e-09 -2.79283e-10 1.41131e-09
2.23669e-09 -4.74251e-10 3.53178e-10
-6.9296e-09 9.45984e-09 -2.94806e-09
2.85997e-10 -1.9178e-09 -7.94605e-09
5.33272e-09 -7.63352e-09 4.19726e-09
-1.07291e-08 4.41036e-09 -3.98589e-09
-6.98117e-09 1.18707e-08 -4.10989e-09
4.97347e-10 7.85942e-10 9.3675e-10
4.70674e-10 -7.69986e-09 1.97095e-09
4.05767e-09 4.10685e-09 3.18196e-10
-1.52501e-07 3.9324e-08 -3.30719e-07
-1.29829e-09 3.26654e-10 1.68062e-09
-2.89612e-09 5.55507e-09 1.1956e-08
-3.96097e-10 -4.61809e-09 -1.22301e-08
-9.64282e-10 1.2646e-09 1.40035e-10
2.399e-09 4.49632e-09 -3.81227e-09
-9.60869e-10 1.43619e-09 -2.30082e-09
-1.07939e-09 3.57896e-09 1.86316e-09
-7.54244e-09 2.34709e-09 -1.62441e-09
-7.14307e-09 -3.94866e-09 -1.17121e-09
4.94182e-10 -5.17964e-10 -4.23767e-10
2.04461e-10 1.16815e-08 6.70571e-09
1.95958e-09 6.23019e-10 8.40789e-10
1.69508e-09 1.99644e-09 -6.72122e-10
-9.7146e-09 -5.43484e-09 -2.35635e-09
2.88079e-10 -5.95995e-10 -4.64047e-11
-4.23501e-10 -3.61817e-11 -5.02929e-10
7.14717e-10 -3.52315e-10 -1.04744e-08
1.03278e-09 6.99925e-11 4.86211e-11
2.50552e-09 6.7995e-10 -5.38053e-11
-1.829e-08 3.57178e-09 -7.5886e-10
4.11045e-09 1.89197e-08 -2.95379e-08
-1.02159e-09 3.20043e-09 -4.76789e-09
1.04094e-09 4.82278e-10 -7.15187e-10
1.03056e-08 9.42993e-11 2.49376e-09
-3.89598e-09 -2.3323e-10 -2.71382e-09
1.17926e-09 -2.53802e-09 -1.52036e-09
0.0 0.0 -3.8832e-08
1.90554e-08 1.47961e-09 1.50939e-09
-5.8644e-10 1.83493e-09 4.17842e-10
-1.5653e-10 -8.35801e-11 4.75695e-10
-1.75533e-09 -3.82646e-09 -7.6611e-10
1.56925e-09 2.28187e-09 -4.14564e-09
1.44765e-09 -2.75069e-09 2.36783e-10
7.11496e-10 -5.55588e-10 -2.72641e-09
9.18213e-10 -6.64156e-10 2.78568e-09
6.93597e-09 2.74247e-09 -1.82536e-09
-1.25196e-10 -9.88993e-11 5.99189e-10
-3.23726e-09 2.14666e-09 -5.35965e-11
1.12136e-08 2.60615e-09 -4.50469e-10
3.37706e-09 8.86327e-10 -2.71915e-10
1.32926e-08 1.50676e-08 1.10675e-08
-1.11476e-09 2.75893e-09 -4.37313e-09
-1.83218e-10 8.86876e-09 3.19196e-09
3.82814e-09 6.71116e-10 4.36895e-09
4.50769e-09 -1.50047e-09 2.02676e-09
1.01519e-08 7.92748e-09 1.64672e-08
3.1395e-08 -1.29832e-08 9.74859e-09
0.0 0.0 -3.8832e-08
-1.54461e-10 -4.38396e-09 -5.79988e-11
2.6933e-09 6.5862e-09 -1.89936e-09
-2.44148e-09 -4.79065e-09 -7.20923e-09
2.79496e-08 -3.13555e-08 -8.26848e-09
4.93872e-10 9.44502e-10 -6.64157e-09
-7.84741e-10 -2.67099e-09 1.89983e-10
-1.88879e-09 -3.76269e-09 2.40039e-09
1.10032e-09 -2.62528e-09 1.10299e-08
4.24718e-09 2.03172e-09 3.56096e-09
1.07889e-08 -3.66897e-09 3.27421e-09
8.83071e-09 6.0168e-10 -6.68438e-09
1.01879e-09 6.28735e-09 1.08196e-08
-3.77584e-09 6.2462e-09 -4.01789e-09
-2.53902e-09 -2.06535e-10 1.40377e-09
-1.54665e-09 1.36807e-08 -6.48281e-09
9.59844e-09 8.65767e-09 1.8714e-08
6.63649e-09 4.61061e-09 -5.87939e-11
-1.09821e-08 1.17464e-09 -1.40699e-08
-6.98235e-09 -8.13766e-10 -2.15172e-09
-5.33346e-09 -1.43184e-08 -1.04001e-08
-1.42866e-09 2.35542e-09 8.03364e-09
2.06844e-09 -5.23122e-09 -1.23493e-09
-8.48509e-11 -8.95683e-11 5.07789e-10
-5.49267e-09 -2.07655e-09 -5.15282e-09
3.40824e-09 1.71507e-09 2.41786e-09
-1.08719e-08 -7.44827e-09 1.10986e-08
9.83877e-10 3.32808e-09 -1.35359e-09
-3.74239e-09 5.06763e-09 6.25748e-09
-3.88926e-09 -1.08084e-08 -3.74952e-09
6.60298e-10 1.41196e-09 2.32523e-09
-3.94292e-09 -7.19623e-09 1.54072e-09
-1.21781e-10 -1.58388e-10 5.43357e-10
1.18529e-09 -5.68618e-10 -3.49434e-09
-1.60491e-09 -8.13524e-10 1.40304e-09
-2.90822e-09 8.59372e-09 -3.36454e-09
8.8784e-09 2.3697e-09 5.05917e-10
-1.21922e-09 -1.37624e-09 9.33795e-10
2.5189e-09 1.10555e-08 4.10978e-09
1.34259e-08 -1.12028e-09 -5.21861e-09
2.5985e-10 -6.78256e-10 1.34725e-09
-7.60576e-09 -4.84084e-10 1.19915e-08
-6.9207e-09 -1.14147e-08 -4.15638e-09
-1.18202e-09 5.06586e-09 -9.1426e-10
-8.84581e-09 -7.25948e-09 1.03742e-08
5.10138e-09 -8.84226e-09 5.85364e-09
2.99896e-09 -1.12365e-08 -2.02529e-09
1.63114e-09 -6.17268e-10 -1.2287e-09
5.80631e-09 -2.3179e-09 1.03551e-09
3.88397e-09 8.16857e-10 8.66436e-10
1.50993e-09 3.77427e-09 -1.19535e-09
-1.2376e-09 2.22775e-09 -1.14639e-09
1.42995e-09 -4.2662e-10 1.61254e-09
-4.04435e-09 7.625e-09 4.03161e-10
-6.54179e-09 3.52434e-09 -1.59013e-09
-2.49191e-09 -8.39047e-09 1.02439e-08
3.50787e-09 7.44216e-10 4.71613e-09
5.09893e-09 2.01843e-09 -5.95132e-09
-7.42181e-10 3.25121e-09 -2.08316e-09
-1.50901e-09 5.47595e-11 1.38343e-09
9.12874e-12 -5.38799e-12 1.50391e-12
-8.32363e-09 1.27912e-09 -2.37887e-10
-1.48374e-09 -2.30452e-11 3.10119e-09
-1.83455e-09 -3.74491e-09 -2.78102e-09
3.85483e-09 2.90321e-09 -2.13831e-10
-1.04515e-08 -1.03237e-08 -9.4566e-09
-1.94968e-10 -3.0891e-10 9.78095e-11
-3.36092e-09 8.61533e-10 2.15357e-09
-7.726e-09 5.08685e-09 -3.23456e-09
-3.67353e-09 2.76495e-11 -1.27249e-09
-9.03703e-09 1.24726e-08 -9.31096e-09
3.97311e-09 -1.37041e-09 3.422e-09
5.54872e-10 -1.90893e-09 -1.01693e-09
-1.0507e-09 5.34689e-10 -6.69017e-09
-3.6372e-09 1.29197e-10 2.03799e-10
-7.62757e-10 4.01006e-09 -4.77524e-09
1.04155e-08 -2.11763e-09 5.76411e-09
-1.21997e-09 3.45448e-09 8.69841e-10
-3.83031e-09 -5.58048e-09 7.95348e-10
1.00623e-09 1.77517e-09 -2.45472e-09
5.7305e-10 -7.63952e-09 1.64255e-08
-4.6674e-09 -2.92616e-09 -5.5195e-09
3.88264e-11 -8.5875e-10 4.76553e-10
2.03081e-08 -1.99866e-08 7.66281e-09
1.22251e-09 6.77162e-11 -2.43232e-10
-3.63986e-09 -9.79803e-09 -4.75911e-10
-1.9226e-11 3.59619e-09 -3.43929e-09
-3.4722e-09 2.34697e-09 -4.27522e-09
3.20871e-09 -1.03533e-09 3.0978e-09
-3.07529e-10 1.1312e-09 -9.18571e-10
2.40962e-08 -5.84241e-09 1.23805e-09
5.58198e-09 3.78267e-10 9.92164e-09
3.1583e-09 4.18617e-09 -2.3633e-09
-1.84723e-09 2.23647e-09 5.52687e-09
1.47605e-09 1.44498e-08 5.43843e-10
-2.30388e-09 2.16895e-09 1.85761e-11
4.0418e-09 4.9846e-09 -7.20884e-09
1.94374e-09 -9.25524e-09 4.00034e-09
-9.44731e-11 2.97043e-09 1.12954e-09
2.32303e-09 8.73123e-09 1.22094e-09
1.66781e-09 1.30677e-10 -1.83631e-09
-1.62188e-10 -1.13282e-09 -5.42219e-09
2.20852e-10 3.79222e-09 1.07901e-08
1.60037e-09 8.30774e-09 7.97923e-10
1.30822e-08 -1.56545e-09 -6.26605e-09
-1.69445e-09 6.52321e-10 -1.02363e-08
-6.7735e-11 -2.97216e-09 3.31261e-09
1.46467e-08 3.83697e-09 -5.47148e-09
-4.67922e-09 2.29248e-09 -1.65928e-09
-3.99103e-09 -3.50106e-09 -1.56025e-08
3.482e-09 -2.4551e-09 -8.46731e-10
6.40036e-09 -1.87248e-09 -3.48212e-09
-7.22282e-10 8.27746e-10 -2.76315e-09
-1.55404e-08 8.64696e-09 2.23714e-10
-6.14652e-10 2.13696e-09 2.0486e-09
-5.22545e-09 3.81642e-09 -3.54508e-09
2.80269e-09 7.27709e-09 -4.21474e-09
-1.90062e-08 1.46546e-08 2.73703e-09
-4.87718e-09 -2.3775e-09 -1.79223e-09
0.0 0.0 -3.8832e-08
9.72909e-10 4.15043e-09 -8.49628e-09
-4.29075e-09 -4.42105e-09 3.38636e-09
4.02149e-09 -3.21691e-09 3.36901e-10
2.64654e-09 4.88383e-09 -6.17979e-09
4.00845e-09 -1.19406e-08 1.02627e-08
-4.16567e-09 2.438e-09 1.30794e-09
4.27879e-10 -1.36708e-08 -1.16759e-08
3.70059e-09 1.76367e-09 -8.9747e-10
1.57002e-10 -7.60447e-09 -2.15288e-08
-4.8464e-09 3.36968e-09 3.23214e-09
1.24402e-11 5.46486e-09 3.32482e-09
-4.22387e-10 -6.92559e-10 -5.83029e-10
-9.22681e-09 1.43493e-08 1.08243e-08
-2.83049e-11 -1.88151e-09 -9.26473e-09
-2.46644e-09 1.2123e-08 -6.3241e-09
1.52942e-09 4.15917e-09 -2.34949e-09
2.52934e-09 -9.12169e-09 -1.52091e-09
-3.25298e-10 -3.75854e-10 -2.88288e-10
3.98171e-10 -6.11503e-09 -3.41662e-09
1.10759e-08 1.11524e-08 1.37824e-08
-8.42741e-10 4.62927e-09 -1.61684e-10
1.30542e-09 4.91782e-09 -2.11226e-09
1.5575e-08 -6.17495e-09 6.31564e-09
6.21259e-10 2.78132e-09 1.55996e-09
9.25864e-09 4.14032e-09 -3.7269e-09
9.59478e-10 4.10064e-09 3.19016e-09
5.62486e-10 6.02984e-10 -4.8901e-10
-1.8056e-08 -7.5902e-09 -2.15588e-09
2.23174e-09 -1.08081e-10 -1.23683e-09
4.06474e-10 4.03404e-09 2.65947e-09
-3.75514e-09 -8.07758e-09 4.1806e-09
-2.11538e-09 -1.08501e-08 -6.04929e-09
4.17796e-09 9.02932e-09 -5.86725e-09
-6.03971e-09 5.09821e-09 -1.08331e-09
-8.13305e-09 -1.36656e-08 8.84614e-09
-1.62642e-09 6.90641e-09 -3.3217e-09
-4.54579e-09 -6.88962e-09 7.03737e-09
-1.37242e-09 -3.13326e-09 5.00069e-10
3.55874e-09 4.89429e-09 7.16811e-10
1.30478e-08 1.0107e-09 1.38933e-09
3.46185e-09 -2.36202e-10 -2.57e-10
2.66943e-09 8.01541e-10 2.97353e-10
-1.1378e-10 -5.97636e-11 5.38908e-10
3.16519e-09 -3.6746e-10 2.5096e-09
-4.6041e-09 -1.32212e-08 1.22645e-08
-2.82747e-09 2.12659e-09 -2.79615e-09
-7.59656e-09 -2.18634e-08 1.41593e-09
-8.44546e-10 4.31656e-09 2.25907e-09
-7.26727e-09 -2.99765e-09 4.52124e-09
6.13337e-10 -5.24478e-10 2.19915e-09
-5.11593e-09 -1.21436e-09 4.21369e-09
-1.27402e-09 7.6022e-10 -6.778e-09
-4.52118e-09 6.53183e-09 2.84378e-09
6.96963e-09 -2.53409e-09 3.48387e-09
-5.34904e-10 1.72794e-10 -6.9681e-10
-7.8843e-09 4.89907e-09 -3.15912e-08
-4.19327e-09 -2.99636e-09 -1.20708e-10
2.47612e-09 2.50178e-09 6.16993e-10
3.71652e-09 2.71875e-09 1.5682e-09
3.55402e-09 3.69005e-10 -1.87583e-08
-9.83337e-10 5.77435e-09 1.54088e-09
5.49736e-09 -2.8572e-09 1.09322e-09
8.00263e-09 -8.71731e-09 5.45979e-09
1.20397e-09 9.06549e-09 1.02227e-09
3.34238e-09 -4.31528e-09 5.03528e-09
-2.4046e-09 -2.77266e-09 2.60731e-09
-6.3523e-10 -3.99004e-10 1.94006e-10
-4.18749e-09 2.89447e-09 -5.70035e-09
8.61047e-10 2.00618e-09 3.79825e-09
-2.16682e-09 2.22393e-09 7.31832e-10
5.22914e-09 2.52286e-10 -7.72952e-10
4.79828e-09 -6.0433e-09 9.67463e-09
-9.00635e-10 -3.45146e-10 7.45758e-10
4.56355e-09 -4.06198e-10 1.85258e-10
-1.18344e-09 -6.8127e-09 8.10653e-10
-1.62256e-09 4.75679e-09 1.95761e-09
-1.73363e-10 -3.98645e-09 4.08094e-09
-3.14359e-09 -1.8872e-09 4.87701e-10
-1.2355e-09 2.74286e-09 -7.72841e-09
-8.54613e-09 -2.37514e-09 -1.0936e-08
-5.42329e-09 -1.06351e-08 2.00147e-08
-3.74766e-10 1.25081e-08 6.28546e-09
8.67236e-10 3.81471e-09 -8.31996e-10
-8.93587e-09 -7.51922e-09 7.80884e-09
-1.00386e-09 -1.94136e-09 7.09171e-09
-9.08506e-10 -5.00982e-10 -8.38526e-11
1.94593e-08 3.07568e-09 -1.21901e-09
1.32109e-10 2.14337e-09 2.84951e-09
-2.38405e-09 -4.35247e-09 1.82108e-09
5.04704e-09 7.39769e-10 9.73234e-10
