# vtk DataFile Version 3.0
LIGGGHTS particles timestep 84600000
ASCII
DATASET POLYDATA
POINTS 881 float
0.383775 0.0164152 0.00775761
0.384276 0.0168365 0.000152121
0.38591 0.016361 0.000361755
0.384024 0.0178936 0.000346326
0.383269 0.0167769 0.00759569
0.384137 0.020306 0.000389158
0.385332 0.0210928 0.000153512
0.38485 0.016479 0.000532656
0.384125 0.0185997 0.000727169
0.384512 0.0181393 0.0053347
0.384536 0.0177547 0.000152453
0.383992 0.0184141 0.000151757
0.384812 0.0187838 0.000568687
0.384873 0.0167844 0.000364726
0.384803 0.0169848 0.000152846
0.384915 0.0183344 0.000412656
0.384392 0.0200018 0.000329455
0.384771 0.0189903 0.000354926
0.384249 0.0186372 0.000152089
0.383697 0.0189836 0.000151362
0.385506 0.0163825 0.00015374
0.384536 0.01881 0.00040864
0.383933 0.0183835 0.000910435
0.383704 0.0194984 0.00146236
0.384551 0.0189654 0.000152465
0.38449 0.0190668 0.00137596
0.384971 0.0159659 0.000153037
0.384718 0.0185659 0.000385019
0.384114 0.0176077 0.000360764
0.384099 0.0188482 0.00119595
0.384888 0.0188451 0.00531497
0.384545 0.0194196 0.000152449
0.385043 0.0173791 0.000694727
0.385025 0.0210604 0.000153104
0.384756 0.020206 0.000818093
0.38367 0.0182842 0.000151332
0.385325 0.0170086 0.000153469
0.384387 0.0165567 0.000152263
0.384225 0.0208167 0.000152059
0.38424 0.0213077 0.000152078
0.383713 0.0195257 0.000405938
0.384633 0.0199741 0.000152585
0.376729 0.0168531 0.00765156
0.384476 0.0187367 0.0010007
0.383867 0.0208497 0.000970106
0.383776 0.0188298 0.000396417
0.384796 0.0193751 0.00125668
0.383857 0.0208467 0.000151575
0.384489 0.0167645 0.000846421
0.383698 0.0191756 0.000381826
0.384775 0.0177636 0.000333915
0.384311 0.018161 0.000412105
0.384433 0.0180737 0.000152298
0.384652 0.0160141 0.000152617
0.383364 0.0200502 0.00538375
0.383894 0.018442 0.000618811
0.383719 0.0201345 0.00111948
0.383697 0.0194708 0.000873859
0.385773 0.0165286 0.000154085
0.385221 0.0214061 0.000153366
0.386002 0.0161645 0.000154386
0.384848 0.0197611 0.000152859
0.384296 0.0183409 0.000152155
0.384927 0.0213442 0.000152979
0.383311 0.0189653 0.00532716
0.383684 0.0190006 0.000625068
0.384851 0.0194866 0.0053263
0.384405 0.021057 0.000152297
0.384764 0.0172707 0.000673694
0.384743 0.0205414 0.00015274
0.384609 0.0174635 0.000152561
0.384881 0.0200094 0.00031816
0.383683 0.0186839 0.000151309
0.384167 0.0185757 0.00130166
0.385222 0.0169017 0.00095443
0.384787 0.0175135 0.000499113
0.384247 0.0194568 0.000152243
0.384446 0.0205164 0.000267909
0.384585 0.0196891 0.000278568
0.384759 0.0179787 0.00540428
0.383731 0.0200321 0.0005665
0.384545 0.0213541 0.00015248
0.38375 0.0203296 0.000362908
0.384573 0.0167917 0.00015251
0.377064 0.0182552 0.00709194
0.384751 0.0192212 0.00151024
0.384639 0.0200929 0.000474465
0.383903 0.0177037 0.000550723
0.384493 0.0183079 0.000600349
0.384249 0.021608 0.000152089
0.384111 0.0181049 0.000151904
0.38503 0.0156676 0.000153114
0.384723 0.0179969 0.000152701
0.384246 0.0178371 0.000152089
0.384311 0.0178549 0.0010941
0.384549 0.0186543 0.000152467
0.38429 0.0198273 0.00534575
0.385094 0.0168179 0.000153192
0.384747 0.0224951 0.000152744
0.384848 0.0172815 0.000152877
0.385241 0.015086 0.000153392
0.383789 0.0179786 0.000511629
0.384924 0.0175763 0.000152976
0.384004 0.01811 0.00526033
0.383741 0.0199852 0.000151428
0.384916 0.0165763 0.000152962
0.384884 0.0170555 0.000502411
0.383523 0.0189143 0.00690406
0.38406 0.0210674 0.000151829
0.384143 0.0171169 0.000665524
0.384609 0.016688 0.000505216
0.384434 0.0164254 0.00047258
0.384518 0.0198254 0.000537086
0.384329 0.0196002 0.000406782
0.385339 0.0162635 0.000372926
0.384656 0.017766 0.000609338
0.384472 0.0209218 0.000648891
0.384888 0.018482 0.000152906
0.384342 0.0202387 0.000152213
0.384024 0.0197261 0.000151792
0.384525 0.020782 0.000152441
0.384328 0.0191661 0.000152192
0.383941 0.0189675 0.00142122
0.384551 0.0191946 0.000350601
0.385059 0.0170953 0.000262151
0.376646 0.0157048 0.00884646
0.383916 0.0176926 0.000151643
0.384082 0.0206706 0.000371293
0.384017 0.0178159 0.00104959
0.384629 0.0190299 0.000616303
0.384367 0.0196265 0.00070323
0.383973 0.0194557 0.000273018
0.383645 0.0186169 0.00149519
0.384212 0.0189129 0.000264223
0.383994 0.018372 0.00149865
0.384353 0.0181257 0.000971883
0.385306 0.0157861 0.000153471
0.384842 0.0197236 0.000750371
0.383881 0.020857 0.000670572
0.385141 0.0162132 0.000153252
0.384321 0.0175461 0.000152169
0.383892 0.0181983 0.00033435
0.383671 0.0182521 0.00054787
0.383953 0.02007 0.000368254
0.384054 0.0181137 0.00097723
0.38452 0.0176349 0.00105568
0.385136 0.0173642 0.000153245
0.384145 0.0188445 0.000899438
0.385404 0.0160695 0.000153597
0.384838 0.0162805 0.000152859
0.383354 0.0170445 0.00742822
0.384776 0.0192139 0.000152774
0.38473 0.0211179 0.000152721
0.384234 0.0182839 0.00133878
0.384503 0.0162768 0.000152407
0.384052 0.0212447 0.000573931
0.383685 0.0191711 0.000871881
0.385508 0.015222 0.000153742
0.383388 0.0183328 0.00696121
0.385015 0.0178821 0.000153096
0.383821 0.0205453 0.000151532
0.384122 0.0173235 0.000882027
0.383861 0.0193221 0.00387232
0.38431 0.0179304 0.00541118
0.384856 0.0154231 0.000152888
0.385296 0.015576 0.000367352
0.384193 0.0182741 0.000765601
0.384427 0.0184943 0.000374823
0.383782 0.0196663 0.00533135
0.386556 0.0147156 0.000155115
0.384993 0.0169911 0.00112766
0.384195 0.0171437 0.000152017
0.384035 0.0174074 0.000151807
0.383366 0.0173676 0.00557139
0.384209 0.0204577 0.000652203
0.384664 0.0172624 0.000390942
0.385623 0.0158638 0.00015389
0.383727 0.0196838 0.000151391
0.38566 0.021829 0.000153941
0.381995 0.01502 0.0103788
0.385067 0.0228545 0.000153164
0.378585 0.0161928 0.00806523
0.383656 0.018415 0.000799403
0.384587 0.020981 0.000377991
0.384953 0.0181891 0.000152996
0.383827 0.0200612 0.000849157
0.383931 0.0184157 0.00120867
0.384273 0.0193055 0.00041205
0.384483 0.0192917 0.000626077
0.384059 0.0180986 0.000562616
0.38488 0.0200071 0.000630627
0.383654 0.018304 0.00107806
0.38371 0.0197996 0.000937909
0.38404 0.0189186 0.000509335
0.384001 0.0186234 0.000370242
0.384088 0.0172229 0.00116253
0.383738 0.0183734 0.00165964
0.38415 0.0200062 0.000151941
0.377222 0.0177822 0.00723489
0.384423 0.0203015 0.000480352
0.384913 0.0202578 0.000152961
0.383737 0.0184821 0.000366802
0.383956 0.0202776 0.000151691
0.383786 0.0193315 0.000622758
0.378036 0.0167822 0.00770687
0.384668 0.016483 0.000294186
0.384903 0.0176396 0.000745593
0.384523 0.0200257 0.00076038
0.384545 0.0186048 0.000627257
0.384193 0.0193823 0.000690653
0.384375 0.0173085 0.00032723
0.385374 0.0164806 0.000576926
0.384682 0.0185498 0.000888632
0.384509 0.0192562 0.00114409
0.384596 0.0183581 0.000152532
0.385397 0.0225204 0.000153597
0.38402 0.0202149 0.000649978
0.384332 0.0195268 0.00124505
0.383991 0.0192061 0.000438366
0.384148 0.0198396 0.000401356
0.384953 0.0207797 0.000434444
0.384423 0.0171211 0.000556696
0.384521 0.019103 0.0008865
0.383974 0.0190598 0.00102407
0.383971 0.0196658 0.000812613
0.382792 0.0170921 0.00747117
0.383797 0.0179802 0.000151501
0.384598 0.0187825 0.00159497
0.384467 0.0218181 0.000152378
0.384169 0.0191229 0.00130487
0.385465 0.0158205 0.000405499
0.384167 0.0214602 0.000399999
0.384604 0.0185045 0.00533776
0.385252 0.0171615 0.00110136
0.384786 0.0192955 0.000507405
0.384326 0.0176615 0.000769039
0.385265 0.0165605 0.000153417
0.384815 0.0182802 0.00535735
0.384322 0.0197587 0.00015217
0.383046 0.0158546 0.00829032
0.384824 0.0208306 0.000152846
0.384044 0.0195903 0.000531502
0.38395 0.0188223 0.000151686
0.383662 0.0186962 0.000904115
0.384575 0.0197433 0.000884776
0.385543 0.0167749 0.000153778
0.384538 0.0194074 0.0053167
0.384009 0.0204904 0.000872995
0.383669 0.0189462 0.00106975
0.38483 0.0185919 0.0015964
0.383996 0.0199159 0.000648419
0.384648 0.0189717 0.00113892
0.38458 0.0188077 0.00531429
0.384824 0.0187749 0.000152837
0.38409 0.0172603 0.000407517
0.383896 0.0187922 0.000740146
0.384171 0.0204866 0.000151989
0.384026 0.0191217 0.000151801
0.384682 0.017218 0.00109785
0.385068 0.0152176 0.000362768
0.383951 0.0175701 0.000876414
0.384523 0.0162003 0.00064964
0.376292 0.0152803 0.00966419
0.383808 0.0178466 0.00164619
0.383838 0.0178402 0.000809996
0.383325 0.0180501 0.00703904
0.385087 0.0164282 0.00035535
0.384262 0.0187182 0.000487036
0.3851 0.0166735 0.000527459
0.383753 0.0180245 0.00103065
0.384774 0.0192096 0.00100725
0.384508 0.0179216 0.000400094
0.384671 0.0161983 0.000388633
0.385702 0.0161546 0.000153992
0.384527 0.0178639 0.000861962
0.384411 0.0173791 0.000943833
0.381701 0.0147169 0.0116563
0.384834 0.0197168 0.00105016
0.383671 0.0181715 0.0066665
0.384125 0.0184876 0.00174237
0.384902 0.0157972 0.000391304
0.383842 0.0181369 0.000765955
0.384603 0.0182606 0.000875336
0.378049 0.0202225 0.00725351
0.383739 0.0203065 0.000700542
0.385212 0.0159775 0.000364297
0.384594 0.0187246 0.00130065
0.384404 0.0207129 0.000852968
0.384763 0.0186739 0.00552748
0.384378 0.0184946 0.000850612
0.38462 0.0195436 0.000538517
0.384731 0.0157249 0.000152725
0.3826 0.0163402 0.00792675
0.385015 0.0216343 0.000153096
0.384717 0.0163277 0.000892426
0.383947 0.0191015 0.000728256
0.384352 0.0190303 0.000502591
0.386874 0.014421 0.000155531
0.384659 0.0181801 0.000385603
0.384488 0.0175881 0.000397304
0.377417 0.0155009 0.00903305
0.383931 0.0210072 0.000415739
0.383647 0.0183419 0.00137554
0.385678 0.0148682 0.000153965
0.384371 0.0207711 0.00041001
0.383793 0.0191582 0.00124203
0.378666 0.0160017 0.00828823
0.384715 0.0184086 0.00115115
0.384131 0.0178972 0.000784382
0.383713 0.0196824 0.000661756
0.384394 0.0188416 0.000731893
0.38423 0.019862 0.000828852
0.379037 0.0157516 0.00855112
0.382757 0.0158309 0.00840109
0.38256 0.0152071 0.00942732
0.385195 0.0208429 0.000269426
0.383889 0.018685 0.00133409
0.371465 0.0187713 0.00700884
0.385506 0.0155624 0.000153739
0.38462 0.0169657 0.000392351
0.384167 0.0184094 0.000499102
0.385195 0.0172011 0.00050764
0.384648 0.0212224 0.000567629
0.377261 0.016751 0.00764063
0.384669 0.0180613 0.000660856
0.384626 0.0202783 0.000237781
0.38454 0.0171295 0.000152444
0.384287 0.0185152 0.00533329
0.385075 0.0174911 0.000418249
0.384799 0.0179767 0.00136784
0.383713 0.019367 0.000151363
0.384214 0.0196019 0.000977501
0.384706 0.0188477 0.000841993
0.382754 0.0151282 0.00964204
0.377305 0.0170492 0.00751681
0.378643 0.0173647 0.00751851
0.382814 0.0159801 0.00814711
0.385064 0.0175971 0.000994856
0.384482 0.0215817 0.000338876
0.385037 0.0177731 0.000512756
0.385259 0.0222135 0.000153415
0.384137 0.0174284 0.00137549
0.382482 0.0158568 0.00826034
0.384826 0.0197457 0.000451644
0.384913 0.0180216 0.000398656
0.384401 0.0212675 0.00040194
0.384499 0.018212 0.00121931
0.384711 0.0216342 0.000152696
0.38437 0.0174117 0.00060889
0.384273 0.0200628 0.000598082
0.383989 0.0176442 0.00177372
0.383982 0.0196823 0.00138484
0.383266 0.0192033 0.00712159
0.384975 0.0167326 0.000936801
0.383694 0.0198122 0.00152598
0.377693 0.0154053 0.00911879
0.377528 0.0157743 0.00868903
0.383521 0.0176143 0.00549658
0.383262 0.0177666 0.00711437
0.385575 0.0165741 0.000374448
0.383785 0.0207024 0.000404579
0.384608 0.0175117 0.000761046
0.384927 0.0204576 0.00038964
0.384533 0.0180008 0.00559998
0.381635 0.014645 0.0119579
0.383974 0.0171116 0.00690397
0.376894 0.01646 0.00792644
0.384995 0.0178924 0.00115743
0.385238 0.0171593 0.000801659
0.379143 0.0187736 0.00696349
0.384781 0.0177664 0.000988788
0.383646 0.0186247 0.00179508
0.383617 0.0189556 0.00482511
0.3836 0.0172098 0.00749823
0.384075 0.017468 0.000623419
0.384668 0.0206928 0.000400519
0.384356 0.018222 0.00166599
0.384045 0.0194018 0.0012256
0.384941 0.0181869 0.000672517
0.38508 0.0169256 0.000688888
0.383575 0.0157516 0.00832391
0.384925 0.0182036 0.00121557
0.376869 0.0174147 0.00734709
0.378096 0.0178835 0.00723904
0.384255 0.0178173 0.000522837
0.38365 0.0185851 0.00118252
0.384866 0.0185021 0.00065647
0.384243 0.0190985 0.000773886
0.385359 0.0169621 0.000585401
0.377579 0.0206497 0.00735765
0.375246 0.0154868 0.0135229
0.384369 0.0214314 0.000651421
0.376013 0.0147443 0.0101477
0.383007 0.0168115 0.00774278
0.384146 0.018063 0.00152194
0.384214 0.0192445 0.00103424
0.377586 0.0194982 0.00705774
0.3849 0.0183469 0.000922886
0.384668 0.0169277 0.00102337
0.384837 0.0174111 0.000928443
0.384371 0.0180468 0.000682976
0.384722 0.0194002 0.000781461
0.384597 0.0195403 0.00110452
0.378581 0.0187996 0.00693379
0.384807 0.0180654 0.000976698
0.384747 0.0166341 0.000767923
0.384553 0.0194293 0.00142377
0.384812 0.0194876 0.00027076
0.383944 0.0181198 0.00125655
0.387471 0.0142302 0.000156312
0.383953 0.0192778 0.0014831
0.384378 0.0174973 0.00413353
0.378613 0.0176377 0.0073979
0.384407 0.0199456 0.00105623
0.384601 0.0183091 0.00556535
0.381389 0.0151876 0.0129374
0.384812 0.0187248 0.00109434
0.385953 0.015563 0.000154324
0.382425 0.0151527 0.00968987
0.371477 0.0175221 0.00726894
0.385317 0.0167808 0.000350297
0.384002 0.0202313 0.00102398
0.377524 0.0192136 0.00698638
0.384227 0.0210292 0.000460797
0.381612 0.0148985 0.0121168
0.384432 0.0185019 0.00118227
0.378455 0.0158787 0.00846191
0.384688 0.0169179 0.000682433
0.383972 0.0193519 0.000891655
0.383048 0.0181639 0.00701744
0.385188 0.0153952 0.000153319
0.383737 0.0204021 0.00098504
0.38287 0.0162159 0.00797021
0.382965 0.0151599 0.00943114
0.377441 0.020041 0.00719755
0.383354 0.018915 0.00715191
0.38382 0.0178473 0.00127348
0.384644 0.0159165 0.000488086
0.382307 0.0153553 0.00897122
0.384323 0.016698 0.00041404
0.383754 0.0206012 0.000761313
0.383848 0.0197934 0.000418148
0.384205 0.0169821 0.000404557
0.38422 0.0201287 0.00120265
0.383776 0.0198669 0.00124267
0.384426 0.0194059 0.000897594
0.382423 0.0156406 0.00845977
0.382664 0.0165883 0.00777064
0.385768 0.0164947 0.000589597
0.383475 0.0168592 0.00779964
0.385583 0.0160959 0.000423207
0.384484 0.0205689 0.000602171
0.385145 0.0162662 0.00060203
0.384928 0.0177378 0.00546182
0.377803 0.0176852 0.00755524
0.383358 0.0181346 0.00538715
0.38336 0.0164202 0.00808726
0.384383 0.0179739 0.00136009
0.382529 0.0161547 0.0083722
0.385043 0.0176571 0.00133726
0.384648 0.016798 0.00150605
0.385357 0.0167179 0.000759608
0.383687 0.0194297 0.00117084
0.384255 0.0201588 0.000881726
0.379179 0.017665 0.00744438
0.384546 0.0171356 0.000832381
0.382968 0.0156298 0.00847298
0.383723 0.0180635 0.0014574
0.377352 0.0161898 0.00820415
0.384282 0.0170162 0.000911587
0.384176 0.0207702 0.000637954
0.384828 0.0172212 0.00135984
0.37873 0.0182164 0.00716086
0.383929 0.0204822 0.000548752
0.383912 0.0176272 0.0014699
0.378213 0.0163242 0.0079466
0.369376 0.0149706 0.0130798
0.377362 0.0196913 0.00710557
0.370342 0.0153954 0.00877572
0.383947 0.0175553 0.0011808
0.384581 0.0202823 0.00105404
0.383417 0.0172981 0.00727733
0.385632 0.0166179 0.000826803
0.383335 0.0158921 0.00820965
0.38505 0.0205947 0.000153132
0.384581 0.0199015 0.00535471
0.384823 0.016185 0.00065044
0.377156 0.0174991 0.00731226
0.369439 0.0151998 0.0128971
0.382186 0.0152236 0.00952331
0.384705 0.0203689 0.000571385
0.384196 0.0183681 0.00105325
0.384701 0.0199839 0.00101219
0.377514 0.0203663 0.00728311
0.38387 0.0168334 0.00749949
0.383068 0.0169784 0.00750099
0.384886 0.0211318 0.000409155
0.38292 0.0176019 0.00718219
0.370955 0.0177392 0.00712728
0.383658 0.0188862 0.00136345
0.383657 0.0159699 0.00813554
0.37558 0.0148456 0.0121571
0.385016 0.0173388 0.00115783
0.384118 0.0178328 0.00133169
0.376861 0.0173081 0.00762737
0.383547 0.017852 0.00707618
0.377488 0.0176511 0.00727656
0.383132 0.0172352 0.00736
0.387075 0.0149566 0.000155795
0.383113 0.0153405 0.00888076
0.381685 0.0149594 0.0118321
0.377695 0.0164405 0.00790304
0.378351 0.0190545 0.00695055
0.376934 0.0176931 0.00725632
0.383482 0.0175702 0.00716943
0.384447 0.0186069 0.0017858
0.38439 0.0171623 0.00115021
0.370575 0.0163003 0.00813905
0.382734 0.0168386 0.00762092
0.383186 0.0155144 0.00864753
0.384878 0.0170663 0.000860897
0.382787 0.0165879 0.00804413
0.383669 0.0186466 0.000608334
0.384546 0.0177355 0.00545868
0.382856 0.0173462 0.0073253
0.382505 0.0154743 0.00877934
0.386111 0.0151169 0.000154532
0.383105 0.0184504 0.00694928
0.382897 0.0154633 0.00871227
0.383648 0.0189195 0.00173974
0.38421 0.0198002 0.00122992
0.383797 0.0184269 0.00552708
0.382321 0.0152775 0.00926062
0.376789 0.017071 0.00745445
0.377185 0.0165223 0.00781908
0.377602 0.0152285 0.00934332
0.37165 0.0161547 0.00818076
0.383308 0.0194647 0.00692384
0.377181 0.0188253 0.00693411
0.377298 0.0194067 0.00703072
0.377965 0.0153094 0.00920532
0.38435 0.0189874 0.00110718
0.384339 0.0184897 0.00153182
0.370644 0.0165407 0.00797354
0.383688 0.0181399 0.00473468
0.377464 0.0189219 0.00694373
0.37112 0.0173343 0.00741349
0.384101 0.0192454 0.00174239
0.383797 0.0206336 0.00116617
0.384324 0.0188175 0.00139198
0.383456 0.0192064 0.00688972
0.384271 0.0190588 0.00157991
0.383231 0.0184037 0.00534692
0.383197 0.0174966 0.00722808
0.37706 0.0171975 0.00742777
0.382683 0.016363 0.00821426
0.376312 0.0156621 0.00919542
0.383714 0.017311 0.00723997
0.370227 0.0151847 0.00931887
0.38455 0.0178777 0.00160273
0.38434 0.0176344 0.00129547
0.383447 0.0186255 0.0069313
0.376489 0.0152446 0.00933891
0.384863 0.0182917 0.00149553
0.383557 0.0166014 0.00766981
0.378074 0.0191647 0.00697883
0.375307 0.0153373 0.0132702
0.369334 0.0153047 0.0131575
0.376823 0.0155526 0.00903484
0.382962 0.0180247 0.00543235
0.382985 0.0178794 0.00708851
0.38409 0.0174041 0.00397254
0.377729 0.0187801 0.00694368
0.383418 0.0161104 0.00802135
0.383938 0.0186631 0.00101885
0.379166 0.0161069 0.00818993
0.378924 0.0189767 0.00693657
0.364907 0.0175684 0.00729261
0.383533 0.0200064 0.00696466
0.384185 0.0178815 0.00175762
0.369504 0.0148152 0.0125208
0.383425 0.0153855 0.00877514
0.377124 0.0185393 0.00701329
0.370702 0.0167845 0.00780862
0.381461 0.0151146 0.0126555
0.383166 0.0187404 0.00699689
0.38442 0.0166454 0.00163036
0.384207 0.0175807 0.0010321
0.384258 0.0168397 0.000670249
0.372431 0.0176579 0.00715987
0.385177 0.0170335 0.00136206
0.378376 0.0177962 0.00730531
0.384483 0.0203227 0.000773546
0.384287 0.0167464 0.00106803
0.38308 0.0165271 0.00806808
0.384803 0.0175479 0.00119325
0.370159 0.0151393 0.00960748
0.377717 0.0173998 0.00767052
0.383355 0.015252 0.00903453
0.385039 0.0159525 0.000608402
0.384492 0.0164766 0.000762453
0.38315 0.0162917 0.00789594
0.376664 0.0165943 0.00778877
0.377349 0.0183448 0.00706574
0.37655 0.0162203 0.0082551
0.370765 0.0170238 0.00763908
0.384968 0.0161501 0.000390089
0.385928 0.0158689 0.000154292
0.370898 0.0174996 0.0072986
0.377477 0.0165696 0.00774133
0.371651 0.0177204 0.00712652
0.377751 0.0201875 0.00723913
0.377788 0.0190746 0.00695715
0.383896 0.0197698 0.00594178
0.384652 0.0171991 0.00217931
0.378237 0.0180968 0.00740045
0.381533 0.0150117 0.0123831
0.375905 0.014805 0.0107338
0.378647 0.0179317 0.00734862
0.376608 0.0164132 0.00802182
0.377674 0.0184959 0.00702276
0.382541 0.016089 0.00807974
0.370659 0.0156348 0.00858281
0.384679 0.0165774 0.00105457
0.377909 0.0156923 0.00874687
0.376077 0.0148303 0.00986762
0.382056 0.0150882 0.0100932
0.376775 0.0160863 0.00840181
0.375374 0.0152227 0.0130011
0.378924 0.018014 0.0072679
0.377839 0.0169953 0.00759493
0.383754 0.0196087 0.00173784
0.38326 0.0156815 0.00840954
0.384595 0.018155 0.00149777
0.376836 0.0162742 0.00815834
0.384009 0.0173756 0.00164159
0.383497 0.0163324 0.00783568
0.378011 0.0188784 0.00691507
0.383697 0.0191309 0.00153247
0.383572 0.0168584 0.00751574
0.383279 0.0165187 0.00774808
0.382727 0.0153323 0.00892169
0.385051 0.0165428 0.00164517
0.375358 0.014939 0.0131758
0.371366 0.018419 0.00704853
0.376491 0.0160243 0.00847441
0.377616 0.0182127 0.00710271
0.378925 0.0174656 0.00750404
0.377406 0.0163822 0.00796467
0.371624 0.0199548 0.00709061
0.369267 0.0154201 0.0134264
0.382955 0.0165185 0.00778167
0.385461 0.0167418 0.00104002
0.372159 0.0175583 0.0072369
0.371733 0.0163918 0.00801672
0.384739 0.0214295 0.000370237
0.370734 0.0158853 0.00841017
0.377904 0.0183104 0.00707619
0.377749 0.0166944 0.0077152
0.383573 0.0166308 0.00796791
0.377329 0.0153231 0.0092584
0.37166 0.0170807 0.00755657
0.383924 0.0181425 0.00170645
0.37758 0.0159596 0.00845892
0.370889 0.0154701 0.00868168
0.375445 0.0151354 0.0127231
0.372189 0.0178282 0.0071096
0.375536 0.0150466 0.0123753
0.379139 0.0170187 0.00771838
0.383898 0.0196319 0.00110135
0.377287 0.0180616 0.00714417
0.38651 0.0152531 0.000155054
0.377701 0.0174656 0.00737826
0.384921 0.0168681 0.00139159
0.382687 0.0156712 0.00864499
0.384998 0.0179196 0.000796493
0.38212 0.0151561 0.00980802
0.375859 0.014902 0.0110138
0.377704 0.0199009 0.00716395
0.376267 0.0153661 0.00917866
0.38276 0.0152481 0.00920771
0.37817 0.0181785 0.00711959
0.371864 0.0192624 0.00694594
0.384603 0.0170143 0.00130315
0.378089 0.0161517 0.00823197
0.38462 0.0184555 0.00143151
0.37896 0.0159402 0.00833067
0.375793 0.0149592 0.0113009
0.38495 0.0166125 0.00121059
0.371807 0.0189697 0.00697818
0.377022 0.0169091 0.00755299
0.383922 0.0177647 0.00544781
0.377974 0.0165086 0.00781831
0.38323 0.0167494 0.00793354
0.372277 0.0184135 0.00702265
0.376754 0.0153535 0.00924831
0.379478 0.0178328 0.00740286
0.364843 0.0173226 0.00745215
0.384621 0.0177199 0.00135765
0.371355 0.0160549 0.00826339
0.377 0.015945 0.00854004
0.371896 0.0178908 0.00709662
0.371367 0.0170352 0.0076026
0.371198 0.0189083 0.00701356
0.384112 0.0171468 0.00147692
0.384374 0.0169911 0.00149664
0.383808 0.0193135 0.00174293
0.37158 0.0193584 0.00694416
0.371643 0.0183032 0.00705269
0.377663 0.0155967 0.00888978
0.384595 0.0179358 0.00115106
0.376948 0.0166515 0.00768824
0.383688 0.0181111 0.00188916
0.371859 0.0175396 0.00724445
0.377282 0.0159937 0.00844981
0.369676 0.0149148 0.0117953
0.370829 0.0172624 0.00746865
0.378408 0.017186 0.00757124
0.384546 0.0174174 0.00127583
0.375723 0.0149415 0.0115922
0.378204 0.0173796 0.00746694
0.378734 0.0185472 0.00720742
0.38388 0.0187562 0.00162538
0.377233 0.0174828 0.00760177
0.377412 0.0173646 0.00739209
0.384948 0.0178186 0.00157414
0.382995 0.0162911 0.00823247
0.376432 0.0150345 0.00956538
0.376745 0.0151521 0.00947062
0.383218 0.0190164 0.00689183
0.378875 0.0161437 0.00812732
0.364779 0.0170767 0.0076117
0.379278 0.0185324 0.00708109
0.384263 0.0172885 0.00293086
0.378914 0.0168287 0.00777708
0.371026 0.0168504 0.00775032
0.375955 0.0147576 0.0104417
0.377857 0.0196507 0.00710043
0.378991 0.0184454 0.00708902
0.378325 0.0168613 0.00770251
0.375422 0.0148857 0.0128877
0.369603 0.0148752 0.0120836
0.383924 0.0179229 0.00191208
0.377069 0.0161417 0.00829358
0.371545 0.0196801 0.00699943
0.385147 0.0173422 0.00142781
0.376421 0.0158249 0.00868759
0.372033 0.0187727 0.00699222
0.377059 0.0166851 0.00803722
0.378467 0.0164668 0.00803349
0.378263 0.0165884 0.00781366
0.369441 0.0148531 0.0128115
0.378377 0.0160682 0.00824168
0.371017 0.0180302 0.00708986
0.376942 0.0157609 0.00876964
0.377924 0.0162896 0.00802277
0.370448 0.015818 0.00847258
0.384195 0.0169595 0.0012579
0.377916 0.0172821 0.00747932
0.377239 0.0191173 0.00697802
0.371919 0.0181872 0.00705667
0.371984 0.0184784 0.00702438
0.376999 0.017973 0.00717049
0.377321 0.0178222 0.00751511
0.384269 0.0193474 0.00147708
0.378625 0.0168867 0.00772211
0.384023 0.0199313 0.00103514
0.383101 0.0160563 0.00807525
0.384421 0.0164252 0.00104938
0.377844 0.0180285 0.0071665
0.377408 0.0186304 0.00698667
0.383055 0.0152312 0.00915401
0.375655 0.0148415 0.0118665
0.383366 0.0197574 0.00695317
0.372463 0.0179487 0.00708873
0.371991 0.0170784 0.00754118
0.377807 0.0160887 0.00831093
0.365154 0.0186868 0.00708461
0.370885 0.0163698 0.00807602
0.377851 0.0193605 0.00702488
0.376534 0.0154792 0.00908382
0.37914 0.0182124 0.00720468
0.371707 0.0185944 0.0070203
0.377103 0.0169083 0.00784184
0.377173 0.0156244 0.00890991
0.378857 0.0171685 0.00762495
0.377085 0.0154468 0.00913511
0.378006 0.017579 0.00736082
0.378284 0.0187589 0.00694659
0.376233 0.0154843 0.00945231
0.371604 0.0159099 0.008348
0.377126 0.0163268 0.00806269
0.37094 0.0175108 0.00759545
0.378162 0.0159349 0.008426
0.377622 0.0171759 0.00749484
0.371842 0.0166226 0.00785558
0.377449 0.0171889 0.00773983
0.371275 0.0167036 0.00783077
0.378895 0.0177387 0.00738344
0.370325 0.0155823 0.00900975
0.379431 0.0181599 0.00725718
0.378448 0.0180873 0.00718741
0.371402 0.0163001 0.0080958
0.369744 0.0149546 0.0115059
0.378482 0.0156867 0.00869077
0.37755 0.0169015 0.00760564
0.377554 0.0179298 0.00718084
0.37032 0.0152657 0.00904527
0.371078 0.0183231 0.0070681
0.371276 0.0158169 0.00842787
0.377941 0.0155009 0.00897556
0.378746 0.0158136 0.00850779
0.37147 0.020202 0.00716416
0.371414 0.0172799 0.0074356
0.377781 0.0177513 0.0072635
0.371546 0.0165911 0.00789327
0.3842 0.0176562 0.00156014
0.376348 0.015626 0.00889974
0.376142 0.0149661 0.00960819
0.379151 0.0172945 0.00760098
0.370954 0.0157114 0.00851576
0.372326 0.0187077 0.00699049
0.37819 0.0157428 0.00865477
0.372024 0.0173252 0.00737398
0.371707 0.0173253 0.00738938
0.371581 0.0180091 0.00708513
0.376205 0.0151661 0.00939339
0.370389 0.0156892 0.00873698
0.378648 0.0190916 0.00696349
0.371139 0.0186151 0.00703708
0.370512 0.0160587 0.00830512
0.365031 0.0180999 0.00706383
0.378225 0.0184642 0.00704175
0.379114 0.0166319 0.0078824
0.371076 0.0171083 0.00760574
0.377958 0.0185943 0.00699609
0.378646 0.0166128 0.00784247
0.371099 0.0161906 0.00818542
0.384774 0.0189396 0.00140928
0.378217 0.0176952 0.00753933
0.378229 0.0155516 0.00888247
0.371522 0.0190641 0.0069766
0.378497 0.0170992 0.00789008
0.371313 0.0194938 0.0069597
0.365092 0.0183933 0.00707422
0.364715 0.0168309 0.00777125
0.36497 0.0178143 0.00713301
0.378123 0.0170916 0.00758266
0.3835 0.0155678 0.00854901
0.384905 0.0202322 0.00107698
0.370928 0.0166172 0.00791202
0.37723 0.0158086 0.00868011
0.376368 0.0148582 0.00979949
0.370802 0.0161318 0.00824065
0.378829 0.0156253 0.00872711
0.371184 0.0175801 0.00723765
0.371568 0.0168454 0.00771988
0.377017 0.0152648 0.0093635
0.377881 0.015884 0.00851728
0.372001 0.0168293 0.00770802
0.371305 0.0181274 0.00708279
0.372402 0.0173981 0.00730709
0.371304 0.017557 0.00751168
0.377511 0.0175966 0.00757063
0.36956 0.0150401 0.0123305
0.369473 0.0150976 0.012617
0.376716 0.0158982 0.00862792
0.371177 0.0164706 0.00799279
0.378795 0.0163838 0.00796667
0.379209 0.0179411 0.00732854
0.37252 0.0182381 0.00703391
0.371332 0.0178065 0.00710825
0.378518 0.0184021 0.0070591
0.377635 0.0162373 0.00811548
0.371135 0.0178803 0.00732152
0.377127 0.0171813 0.00771966
0.378856 0.0186866 0.00697143
0.37102 0.0159526 0.00834989
0.371255 0.0191997 0.0069702
0.376853 0.0170728 0.00781325
0.372212 0.0181223 0.00705495

VERTICES 881 1762
1 0
1 1
1 2
1 3
1 4
1 5
1 6
1 7
1 8
1 9
1 10
1 11
1 12
1 13
1 14
1 15
1 16
1 17
1 18
1 19
1 20
1 21
1 22
1 23
1 24
1 25
1 26
1 27
1 28
1 29
1 30
1 31
1 32
1 33
1 34
1 35
1 36
1 37
1 38
1 39
1 40
1 41
1 42
1 43
1 44
1 45
1 46
1 47
1 48
1 49
1 50
1 51
1 52
1 53
1 54
1 55
1 56
1 57
1 58
1 59
1 60
1 61
1 62
1 63
1 64
1 65
1 66
1 67
1 68
1 69
1 70
1 71
1 72
1 73
1 74
1 75
1 76
1 77
1 78
1 79
1 80
1 81
1 82
1 83
1 84
1 85
1 86
1 87
1 88
1 89
1 90
1 91
1 92
1 93
1 94
1 95
1 96
1 97
1 98
1 99
1 100
1 101
1 102
1 103
1 104
1 105
1 106
1 107
1 108
1 109
1 110
1 111
1 112
1 113
1 114
1 115
1 116
1 117
1 118
1 119
1 120
1 121
1 122
1 123
1 124
1 125
1 126
1 127
1 128
1 129
1 130
1 131
1 132
1 133
1 134
1 135
1 136
1 137
1 138
1 139
1 140
1 141
1 142
1 143
1 144
1 145
1 146
1 147
1 148
1 149
1 150
1 151
1 152
1 153
1 154
1 155
1 156
1 157
1 158
1 159
1 160
1 161
1 162
1 163
1 164
1 165
1 166
1 167
1 168
1 169
1 170
1 171
1 172
1 173
1 174
1 175
1 176
1 177
1 178
1 179
1 180
1 181
1 182
1 183
1 184
1 185
1 186
1 187
1 188
1 189
1 190
1 191
1 192
1 193
1 194
1 195
1 196
1 197
1 198
1 199
1 200
1 201
1 202
1 203
1 204
1 205
1 206
1 207
1 208
1 209
1 210
1 211
1 212
1 213
1 214
1 215
1 216
1 217
1 218
1 219
1 220
1 221
1 222
1 223
1 224
1 225
1 226
1 227
1 228
1 229
1 230
1 231
1 232
1 233
1 234
1 235
1 236
1 237
1 238
1 239
1 240
1 241
1 242
1 243
1 244
1 245
1 246
1 247
1 248
1 249
1 250
1 251
1 252
1 253
1 254
1 255
1 256
1 257
1 258
1 259
1 260
1 261
1 262
1 263
1 264
1 265
1 266
1 267
1 268
1 269
1 270
1 271
1 272
1 273
1 274
1 275
1 276
1 277
1 278
1 279
1 280
1 281
1 282
1 283
1 284
1 285
1 286
1 287
1 288
1 289
1 290
1 291
1 292
1 293
1 294
1 295
1 296
1 297
1 298
1 299
1 300
1 301
1 302
1 303
1 304
1 305
1 306
1 307
1 308
1 309
1 310
1 311
1 312
1 313
1 314
1 315
1 316
1 317
1 318
1 319
1 320
1 321
1 322
1 323
1 324
1 325
1 326
1 327
1 328
1 329
1 330
1 331
1 332
1 333
1 334
1 335
1 336
1 337
1 338
1 339
1 340
1 341
1 342
1 343
1 344
1 345
1 346
1 347
1 348
1 349
1 350
1 351
1 352
1 353
1 354
1 355
1 356
1 357
1 358
1 359
1 360
1 361
1 362
1 363
1 364
1 365
1 366
1 367
1 368
1 369
1 370
1 371
1 372
1 373
1 374
1 375
1 376
1 377
1 378
1 379
1 380
1 381
1 382
1 383
1 384
1 385
1 386
1 387
1 388
1 389
1 390
1 391
1 392
1 393
1 394
1 395
1 396
1 397
1 398
1 399
1 400
1 401
1 402
1 403
1 404
1 405
1 406
1 407
1 408
1 409
1 410
1 411
1 412
1 413
1 414
1 415
1 416
1 417
1 418
1 419
1 420
1 421
1 422
1 423
1 424
1 425
1 426
1 427
1 428
1 429
1 430
1 431
1 432
1 433
1 434
1 435
1 436
1 437
1 438
1 439
1 440
1 441
1 442
1 443
1 444
1 445
1 446
1 447
1 448
1 449
1 450
1 451
1 452
1 453
1 454
1 455
1 456
1 457
1 458
1 459
1 460
1 461
1 462
1 463
1 464
1 465
1 466
1 467
1 468
1 469
1 470
1 471
1 472
1 473
1 474
1 475
1 476
1 477
1 478
1 479
1 480
1 481
1 482
1 483
1 484
1 485
1 486
1 487
1 488
1 489
1 490
1 491
1 492
1 493
1 494
1 495
1 496
1 497
1 498
1 499
1 500
1 501
1 502
1 503
1 504
1 505
1 506
1 507
1 508
1 509
1 510
1 511
1 512
1 513
1 514
1 515
1 516
1 517
1 518
1 519
1 520
1 521
1 522
1 523
1 524
1 525
1 526
1 527
1 528
1 529
1 530
1 531
1 532
1 533
1 534
1 535
1 536
1 537
1 538
1 539
1 540
1 541
1 542
1 543
1 544
1 545
1 546
1 547
1 548
1 549
1 550
1 551
1 552
1 553
1 554
1 555
1 556
1 557
1 558
1 559
1 560
1 561
1 562
1 563
1 564
1 565
1 566
1 567
1 568
1 569
1 570
1 571
1 572
1 573
1 574
1 575
1 576
1 577
1 578
1 579
1 580
1 581
1 582
1 583
1 584
1 585
1 586
1 587
1 588
1 589
1 590
1 591
1 592
1 593
1 594
1 595
1 596
1 597
1 598
1 599
1 600
1 601
1 602
1 603
1 604
1 605
1 606
1 607
1 608
1 609
1 610
1 611
1 612
1 613
1 614
1 615
1 616
1 617
1 618
1 619
1 620
1 621
1 622
1 623
1 624
1 625
1 626
1 627
1 628
1 629
1 630
1 631
1 632
1 633
1 634
1 635
1 636
1 637
1 638
1 639
1 640
1 641
1 642
1 643
1 644
1 645
1 646
1 647
1 648
1 649
1 650
1 651
1 652
1 653
1 654
1 655
1 656
1 657
1 658
1 659
1 660
1 661
1 662
1 663
1 664
1 665
1 666
1 667
1 668
1 669
1 670
1 671
1 672
1 673
1 674
1 675
1 676
1 677
1 678
1 679
1 680
1 681
1 682
1 683
1 684
1 685
1 686
1 687
1 688
1 689
1 690
1 691
1 692
1 693
1 694
1 695
1 696
1 697
1 698
1 699
1 700
1 701
1 702
1 703
1 704
1 705
1 706
1 707
1 708
1 709
1 710
1 711
1 712
1 713
1 714
1 715
1 716
1 717
1 718
1 719
1 720
1 721
1 722
1 723
1 724
1 725
1 726
1 727
1 728
1 729
1 730
1 731
1 732
1 733
1 734
1 735
1 736
1 737
1 738
1 739
1 740
1 741
1 742
1 743
1 744
1 745
1 746
1 747
1 748
1 749
1 750
1 751
1 752
1 753
1 754
1 755
1 756
1 757
1 758
1 759
1 760
1 761
1 762
1 763
1 764
1 765
1 766
1 767
1 768
1 769
1 770
1 771
1 772
1 773
1 774
1 775
1 776
1 777
1 778
1 779
1 780
1 781
1 782
1 783
1 784
1 785
1 786
1 787
1 788
1 789
1 790
1 791
1 792
1 793
1 794
1 795
1 796
1 797
1 798
1 799
1 800
1 801
1 802
1 803
1 804
1 805
1 806
1 807
1 808
1 809
1 810
1 811
1 812
1 813
1 814
1 815
1 816
1 817
1 818
1 819
1 820
1 821
1 822
1 823
1 824
1 825
1 826
1 827
1 828
1 829
1 830
1 831
1 832
1 833
1 834
1 835
1 836
1 837
1 838
1 839
1 840
1 841
1 842
1 843
1 844
1 845
1 846
1 847
1 848
1 849
1 850
1 851
1 852
1 853
1 854
1 855
1 856
1 857
1 858
1 859
1 860
1 861
1 862
1 863
1 864
1 865
1 866
1 867
1 868
1 869
1 870
1 871
1 872
1 873
1 874
1 875
1 876
1 877
1 878
1 879
1 880

POINT_DATA 881
SCALARS id int 1
LOOKUP_TABLE default
1
2
3
4
5
6
7
8
9
10
11
12
13
14
15
16
17
18
19
20
21
22
23
24
25
26
27
28
29
30
31
32
33
34
35
36
37
39
40
41
42
43
44
45
46
47
48
49
50
51
52
53
54
56
57
58
59
60
61
62
63
64
65
67
68
69
70
71
72
73
74
75
76
77
78
79
80
81
82
83
84
85
86
87
88
89
90
91
92
93
94
95
96
97
98
99
100
101
102
103
104
105
106
107
108
109
110
111
112
113
114
115
116
117
118
119
120
121
122
123
124
125
126
127
129
130
131
132
133
134
135
136
137
138
139
140
141
142
143
144
145
146
147
148
149
150
151
153
154
155
156
157
158
159
160
161
162
163
164
165
166
167
168
169
170
171
172
173
174
175
176
177
178
179
180
181
182
183
184
185
186
187
188
189
190
191
192
193
194
195
196
197
198
199
200
201
202
203
204
205
206
208
209
210
211
212
213
214
215
217
218
219
220
221
222
223
225
226
227
228
229
230
231
232
233
234
235
236
237
238
239
240
241
242
243
244
245
246
247
248
249
250
251
252
253
254
255
256
257
258
259
260
261
262
263
264
265
266
267
268
269
270
271
273
274
275
276
277
278
279
280
281
282
283
284
285
286
287
288
289
290
291
292
293
294
295
296
297
298
299
300
301
302
303
304
305
306
307
308
309
310
311
312
313
314
315
316
317
318
319
320
321
322
323
324
325
326
327
328
329
330
331
332
333
334
335
336
337
338
339
340
341
342
343
344
345
346
347
348
349
350
351
352
353
354
355
356
357
358
359
360
361
362
363
364
365
366
367
368
369
370
371
372
373
374
375
376
377
378
379
381
382
383
384
385
386
387
388
389
390
391
392
393
394
395
396
397
398
399
400
401
402
403
404
405
406
407
408
409
410
411
412
413
414
415
416
417
418
419
420
421
422
423
424
425
426
427
428
429
430
431
432
433
434
435
436
437
438
439
440
441
442
443
444
445
446
447
448
449
451
452
453
454
455
456
457
458
459
460
461
462
463
464
465
466
467
468
469
470
471
472
473
474
475
476
477
478
479
480
481
482
483
484
485
486
487
488
489
490
491
492
493
494
495
496
497
498
499
500
501
502
503
504
505
506
507
508
509
510
511
512
513
514
515
516
517
518
519
520
521
522
523
524
525
526
527
528
529
530
531
532
533
534
535
536
537
538
539
540
541
542
543
544
545
546
547
548
549
550
551
552
553
554
555
556
557
558
559
560
561
562
563
564
565
566
567
568
569
570
571
572
573
574
575
576
577
579
580
581
582
583
584
585
586
587
588
589
590
591
592
593
594
595
596
597
598
599
600
601
602
603
605
606
607
608
609
610
611
612
613
614
615
616
617
618
619
620
621
622
623
624
625
626
627
628
629
630
631
632
633
634
635
636
637
638
640
641
642
643
644
645
646
647
648
649
650
651
652
653
654
655
656
659
660
661
662
663
664
665
666
667
668
669
670
671
672
673
674
675
676
677
678
679
680
681
682
683
684
685
686
687
688
690
691
692
693
694
695
696
697
698
699
700
701
702
703
704
705
706
707
708
709
710
711
712
713
714
715
716
717
718
719
720
721
722
723
724
725
726
727
728
729
730
731
732
733
734
735
736
737
738
739
740
741
742
743
744
745
746
747
748
749
750
751
752
753
754
755
756
757
758
759
760
761
762
764
765
766
767
768
769
770
771
772
773
774
775
776
777
778
779
780
781
782
783
784
785
786
787
788
789
791
792
793
794
795
796
797
798
799
800
801
802
803
804
805
806
807
808
809
810
811
812
813
814
815
816
817
818
819
820
821
822
823
824
825
826
827
828
829
830
831
832
833
834
835
836
837
838
839
840
841
842
843
844
845
846
847
848
849
850
851
852
853
854
855
856
857
858
859
860
861
862
863
864
865
866
867
868
869
870
871
872
873
874
875
876
877
878
879
880
881
882
883
884
885
886
887
888
889
890
891
892
893
894
895
896
897
898
899
900

SCALARS type int 1
LOOKUP_TABLE default
1
1
1
1
1
1
1
1
1
1
1
1
1
1
1
1
1
1
1
1
1
1
1
1
1
1
1
1
1
1
1
1
1
1
1
1
1
1
1
1
1
1
1
1
1
1
1
1
1
1
1
1
1
1
1
1
1
1
1
1
1
1
1
1
1
1
1
1
1
1
1
1
1
1
1
1
1
1
1
1
1
1
1
1
1
1
1
1
1
1
1
1
1
1
1
1
1
1
1
1
1
1
1
1
1
1
1
1
1
1
1
1
1
1
1
1
1
1
1
1
1
1
1
1
1
1
1
1
1
1
1
1
1
1
1
1
1
1
1
1
1
1
1
1
1
1
1
1
1
1
1
1
1
1
1
1
1
1
1
1
1
1
1
1
1
1
1
1
1
1
1
1
1
1
1
1
1
1
1
1
1
1
1
1
1
1
1
1
1
1
1
1
1
1
1
1
1
1
1
1
1
1
1
1
1
1
1
1
1
1
1
1
1
1
1
1
1
1
1
1
1
1
1
1
1
1
1
1
1
1
1
1
1
1
1
1
1
1
1
1
1
1
1
1
1
1
1
1
1
1
1
1
1
1
1
1
1
1
1
1
1
1
1
1
1
1
1
1
1
1
1
1
1
1
1
1
1
1
1
1
1
1
1
1
1
1
1
1
1
1
1
1
1
1
1
1
1
1
1
1
1
1
1
1
1
1
1
1
1
1
1
1
1
1
1
1
1
1
1
1
1
1
1
1
1
1
1
1
1
1
1
1
1
1
1
1
1
1
1
1
1
1
1
1
1
1
1
1
1
1
1
1
1
1
1
1
1
1
1
1
1
1
1
1
1
1
1
1
1
1
1
1
1
1
1
1
1
1
1
1
1
1
1
1
1
1
1
1
1
1
1
1
1
1
1
1
1
1
1
1
1
1
1
1
1
1
1
1
1
1
1
1
1
1
1
1
1
1
1
1
1
1
1
1
1
1
1
1
1
1
1
1
1
1
1
1
1
1
1
1
1
1
1
1
1
1
1
1
1
1
1
1
1
1
1
1
1
1
1
1
1
1
1
1
1
1
1
1
1
1
1
1
1
1
1
1
1
1
1
1
1
1
1
1
1
1
1
1
1
1
1
1
1
1
1
1
1
1
1
1
1
1
1
1
1
1
1
1
1
1
1
1
1
1
1
1
1
1
1
1
1
1
1
1
1
1
1
1
1
1
1
1
1
1
1
1
1
1
1
1
1
1
1
1
1
1
1
1
1
1
1
1
1
1
1
1
1
1
1
1
1
1
1
1
1
1
1
1
1
1
1
1
1
1
1
1
1
1
1
1
1
1
1
1
1
1
1
1
1
1
1
1
1
1
1
1
1
1
1
1
1
1
1
1
1
1
1
1
1
1
1
1
1
1
1
1
1
1
1
1
1
1
1
1
1
1
1
1
1
1
1
1
1
1
1
1
1
1
1
1
1
1
1
1
1
1
1
1
1
1
1
1
1
1
1
1
1
1
1
1
1
1
1
1
1
1
1
1
1
1
1
1
1
1
1
1
1
1
1
1
1
1
1
1
1
1
1
1
1
1
1
1
1
1
1
1
1
1
1
1
1
1
1
1
1
1
1
1
1
1
1
1
1
1
1
1
1
1
1
1
1
1
1
1
1
1
1
1
1
1
1
1
1
1
1
1
1
1
1
1
1
1
1
1
1
1
1
1
1
1
1
1
1
1
1
1
1
1
1
1
1
1
1
1
1
1
1
1
1
1
1
1
1
1
1
1
1
1
1
1
1
1
1
1
1
1
1
1
1
1
1
1
1
1
1
1
1
1
1
1
1
1
1
1
1
1
1
1
1
1
1
1
1
1
1
1
1
1
1
1
1
1
1
1
1
1
1
1
1
1
1
1
1
1
1
1
1
1
1
1
1
1
1
1
1
1
1
1
1
1
1
1
1
1
1
1
1
1
1
1
1
1
1
1
1
1
1
1
1
1
1
1
1
1
1
1
1
1
1
1
1

SCALARS radius float 1
LOOKUP_TABLE default
0.00015
0.00015
0.00015
0.00015
0.00015
0.00015
0.00015
0.00015
0.00015
0.00015
0.00015
0.00015
0.00015
0.00015
0.00015
0.00015
0.00015
0.00015
0.00015
0.00015
0.00015
0.00015
0.00015
0.00015
0.00015
0.00015
0.00015
0.00015
0.00015
0.00015
0.00015
0.00015
0.00015
0.00015
0.00015
0.00015
0.00015
0.00015
0.00015
0.00015
0.00015
0.00015
0.00015
0.00015
0.00015
0.00015
0.00015
0.00015
0.00015
0.00015
0.00015
0.00015
0.00015
0.00015
0.00015
0.00015
0.00015
0.00015
0.00015
0.00015
0.00015
0.00015
0.00015
0.00015
0.00015
0.00015
0.00015
0.00015
0.00015
0.00015
0.00015
0.00015
0.00015
0.00015
0.00015
0.00015
0.00015
0.00015
0.00015
0.00015
0.00015
0.00015
0.00015
0.00015
0.00015
0.00015
0.00015
0.00015
0.00015
0.00015
0.00015
0.00015
0.00015
0.00015
0.00015
0.00015
0.00015
0.00015
0.00015
0.00015
0.00015
0.00015
0.00015
0.00015
0.00015
0.00015
0.00015
0.00015
0.00015
0.00015
0.00015
0.00015
0.00015
0.00015
0.00015
0.00015
0.00015
0.00015
0.00015
0.00015
0.00015
0.00015
0.00015
0.00015
0.00015
0.00015
0.00015
0.00015
0.00015
0.00015
0.00015
0.00015
0.00015
0.00015
0.00015
0.00015
0.00015
0.00015
0.00015
0.00015
0.00015
0.00015
0.00015
0.00015
0.00015
0.00015
0.00015
0.00015
0.00015
0.00015
0.00015
0.00015
0.00015
0.00015
0.00015
0.00015
0.00015
0.00015
0.00015
0.00015
0.00015
0.00015
0.00015
0.00015
0.00015
0.00015
0.00015
0.00015
0.00015
0.00015
0.00015
0.00015
0.00015
0.00015
0.00015
0.00015
0.00015
0.00015
0.00015
0.00015
0.00015
0.00015
0.00015
0.00015
0.00015
0.00015
0.00015
0.00015
0.00015
0.00015
0.00015
0.00015
0.00015
0.00015
0.00015
0.00015
0.00015
0.00015
0.00015
0.00015
0.00015
0.00015
0.00015
0.00015
0.00015
0.00015
0.00015
0.00015
0.00015
0.00015
0.00015
0.00015
0.00015
0.00015
0.00015
0.00015
0.00015
0.00015
0.00015
0.00015
0.00015
0.00015
0.00015
0.00015
0.00015
0.00015
0.00015
0.00015
0.00015
0.00015
0.00015
0.00015
0.00015
0.00015
0.00015
0.00015
0.00015
0.00015
0.00015
0.00015
0.00015
0.00015
0.00015
0.00015
0.00015
0.00015
0.00015
0.00015
0.00015
0.00015
0.00015
0.00015
0.00015
0.00015
0.00015
0.00015
0.00015
0.00015
0.00015
0.00015
0.00015
0.00015
0.00015
0.00015
0.00015
0.00015
0.00015
0.00015
0.00015
0.00015
0.00015
0.00015
0.00015
0.00015
0.00015
0.00015
0.00015
0.00015
0.00015
0.00015
0.00015
0.00015
0.00015
0.00015
0.00015
0.00015
0.00015
0.00015
0.00015
0.00015
0.00015
0.00015
0.00015
0.00015
0.00015
0.00015
0.00015
0.00015
0.00015
0.00015
0.00015
0.00015
0.00015
0.00015
0.00015
0.00015
0.00015
0.00015
0.00015
0.00015
0.00015
0.00015
0.00015
0.00015
0.00015
0.00015
0.00015
0.00015
0.00015
0.00015
0.00015
0.00015
0.00015
0.00015
0.00015
0.00015
0.00015
0.00015
0.00015
0.00015
0.00015
0.00015
0.00015
0.00015
0.00015
0.00015
0.00015
0.00015
0.00015
0.00015
0.00015
0.00015
0.00015
0.00015
0.00015
0.00015
0.00015
0.00015
0.00015
0.00015
0.00015
0.00015
0.00015
0.00015
0.00015
0.00015
0.00015
0.00015
0.00015
0.00015
0.00015
0.00015
0.00015
0.00015
0.00015
0.00015
0.00015
0.00015
0.00015
0.00015
0.00015
0.00015
0.00015
0.00015
0.00015
0.00015
0.00015
0.00015
0.00015
0.00015
0.00015
0.00015
0.00015
0.00015
0.00015
0.00015
0.00015
0.00015
0.00015
0.00015
0.00015
0.00015
0.00015
0.00015
0.00015
0.00015
0.00015
0.00015
0.00015
0.00015
0.00015
0.00015
0.00015
0.00015
0.00015
0.00015
0.00015
0.00015
0.00015
0.00015
0.00015
0.00015
0.00015
0.00015
0.00015
0.00015
0.00015
0.00015
0.00015
0.00015
0.00015
0.00015
0.00015
0.00015
0.00015
0.00015
0.00015
0.00015
0.00015
0.00015
0.00015
0.00015
0.00015
0.00015
0.00015
0.00015
0.00015
0.00015
0.00015
0.00015
0.00015
0.00015
0.00015
0.00015
0.00015
0.00015
0.00015
0.00015
0.00015
0.00015
0.00015
0.00015
0.00015
0.00015
0.00015
0.00015
0.00015
0.00015
0.00015
0.00015
0.00015
0.00015
0.00015
0.00015
0.00015
0.00015
0.00015
0.00015
0.00015
0.00015
0.00015
0.00015
0.00015
0.00015
0.00015
0.00015
0.00015
0.00015
0.00015
0.00015
0.00015
0.00015
0.00015
0.00015
0.00015
0.00015
0.00015
0.00015
0.00015
0.00015
0.00015
0.00015
0.00015
0.00015
0.00015
0.00015
0.00015
0.00015
0.00015
0.00015
0.00015
0.00015
0.00015
0.00015
0.00015
0.00015
0.00015
0.00015
0.00015
0.00015
0.00015
0.00015
0.00015
0.00015
0.00015
0.00015
0.00015
0.00015
0.00015
0.00015
0.00015
0.00015
0.00015
0.00015
0.00015
0.00015
0.00015
0.00015
0.00015
0.00015
0.00015
0.00015
0.00015
0.00015
0.00015
0.00015
0.00015
0.00015
0.00015
0.00015
0.00015
0.00015
0.00015
0.00015
0.00015
0.00015
0.00015
0.00015
0.00015
0.00015
0.00015
0.00015
0.00015
0.00015
0.00015
0.00015
0.00015
0.00015
0.00015
0.00015
0.00015
0.00015
0.00015
0.00015
0.00015
0.00015
0.00015
0.00015
0.00015
0.00015
0.00015
0.00015
0.00015
0.00015
0.00015
0.00015
0.00015
0.00015
0.00015
0.00015
0.00015
0.00015
0.00015
0.00015
0.00015
0.00015
0.00015
0.00015
0.00015
0.00015
0.00015
0.00015
0.00015
0.00015
0.00015
0.00015
0.00015
0.00015
0.00015
0.00015
0.00015
0.00015
0.00015
0.00015
0.00015
0.00015
0.00015
0.00015
0.00015
0.00015
0.00015
0.00015
0.00015
0.00015
0.00015
0.00015
0.00015
0.00015
0.00015
0.00015
0.00015
0.00015
0.00015
0.00015
0.00015
0.00015
0.00015
0.00015
0.00015
0.00015
0.00015
0.00015
0.00015
0.00015
0.00015
0.00015
0.00015
0.00015
0.00015
0.00015
0.00015
0.00015
0.00015
0.00015
0.00015
0.00015
0.00015
0.00015
0.00015
0.00015
0.00015
0.00015
0.00015
0.00015
0.00015
0.00015
0.00015
0.00015
0.00015
0.00015
0.00015
0.00015
0.00015
0.00015
0.00015
0.00015
0.00015
0.00015
0.00015
0.00015
0.00015
0.00015
0.00015
0.00015
0.00015
0.00015
0.00015
0.00015
0.00015
0.00015
0.00015
0.00015
0.00015
0.00015
0.00015
0.00015
0.00015
0.00015
0.00015
0.00015
0.00015
0.00015
0.00015
0.00015
0.00015
0.00015
0.00015
0.00015
0.00015
0.00015
0.00015
0.00015
0.00015
0.00015
0.00015
0.00015
0.00015
0.00015
0.00015
0.00015
0.00015
0.00015
0.00015
0.00015
0.00015
0.00015
0.00015
0.00015
0.00015
0.00015
0.00015
0.00015
0.00015
0.00015
0.00015
0.00015
0.00015
0.00015
0.00015
0.00015
0.00015
0.00015
0.00015
0.00015
0.00015
0.00015
0.00015
0.00015
0.00015
0.00015
0.00015
0.00015
0.00015
0.00015
0.00015
0.00015
0.00015
0.00015
0.00015
0.00015
0.00015
0.00015
0.00015
0.00015
0.00015
0.00015
0.00015
0.00015
0.00015
0.00015
0.00015
0.00015
0.00015
0.00015
0.00015
0.00015
0.00015
0.00015
0.00015
0.00015
0.00015
0.00015
0.00015
0.00015
0.00015
0.00015
0.00015
0.00015
0.00015
0.00015
0.00015
0.00015
0.00015
0.00015
0.00015
0.00015
0.00015
0.00015
0.00015
0.00015
0.00015
0.00015
0.00015
0.00015
0.00015
0.00015
0.00015
0.00015
0.00015
0.00015
0.00015
0.00015
0.00015
0.00015
0.00015
0.00015
0.00015
0.00015
0.00015
0.00015
0.00015
0.00015
0.00015
0.00015
0.00015
0.00015
0.00015
0.00015
0.00015
0.00015
0.00015
0.00015
0.00015
0.00015
0.00015
0.00015
0.00015
0.00015
0.00015
0.00015
0.00015
0.00015
0.00015
0.00015
0.00015
0.00015
0.00015
0.00015
0.00015
0.00015
0.00015
0.00015
0.00015
0.00015
0.00015
0.00015
0.00015
0.00015
0.00015
0.00015
0.00015
0.00015
0.00015
0.00015
0.00015
0.00015
0.00015
0.00015
0.00015
0.00015
0.00015
0.00015
0.00015
0.00015
0.00015
0.00015
0.00015
0.00015
0.00015
0.00015
0.00015
0.00015
0.00015
0.00015
0.00015
0.00015
0.00015
0.00015
0.00015
0.00015
0.00015

SCALARS mass float 1
LOOKUP_TABLE default
3.95841e-09
3.95841e-09
3.95841e-09
3.95841e-09
3.95841e-09
3.95841e-09
3.95841e-09
3.95841e-09
3.95841e-09
3.95841e-09
3.95841e-09
3.95841e-09
3.95841e-09
3.95841e-09
3.95841e-09
3.95841e-09
3.95841e-09
3.95841e-09
3.95841e-09
3.95841e-09
3.95841e-09
3.95841e-09
3.95841e-09
3.95841e-09
3.95841e-09
3.95841e-09
3.95841e-09
3.95841e-09
3.95841e-09
3.95841e-09
3.95841e-09
3.95841e-09
3.95841e-09
3.95841e-09
3.95841e-09
3.95841e-09
3.95841e-09
3.95841e-09
3.95841e-09
3.95841e-09
3.95841e-09
3.95841e-09
3.95841e-09
3.95841e-09
3.95841e-09
3.95841e-09
3.95841e-09
3.95841e-09
3.95841e-09
3.95841e-09
3.95841e-09
3.95841e-09
3.95841e-09
3.95841e-09
3.95841e-09
3.95841e-09
3.95841e-09
3.95841e-09
3.95841e-09
3.95841e-09
3.95841e-09
3.95841e-09
3.95841e-09
3.95841e-09
3.95841e-09
3.95841e-09
3.95841e-09
3.95841e-09
3.95841e-09
3.95841e-09
3.95841e-09
3.95841e-09
3.95841e-09
3.95841e-09
3.95841e-09
3.95841e-09
3.95841e-09
3.95841e-09
3.95841e-09
3.95841e-09
3.95841e-09
3.95841e-09
3.95841e-09
3.95841e-09
3.95841e-09
3.95841e-09
3.95841e-09
3.95841e-09
3.95841e-09
3.95841e-09
3.95841e-09
3.95841e-09
3.95841e-09
3.95841e-09
3.95841e-09
3.95841e-09
3.95841e-09
3.95841e-09
3.95841e-09
3.95841e-09
3.95841e-09
3.95841e-09
3.95841e-09
3.95841e-09
3.95841e-09
3.95841e-09
3.95841e-09
3.95841e-09
3.95841e-09
3.95841e-09
3.95841e-09
3.95841e-09
3.95841e-09
3.95841e-09
3.95841e-09
3.95841e-09
3.95841e-09
3.95841e-09
3.95841e-09
3.95841e-09
3.95841e-09
3.95841e-09
3.95841e-09
3.95841e-09
3.95841e-09
3.95841e-09
3.95841e-09
3.95841e-09
3.95841e-09
3.95841e-09
3.95841e-09
3.95841e-09
3.95841e-09
3.95841e-09
3.95841e-09
3.95841e-09
3.95841e-09
3.95841e-09
3.95841e-09
3.95841e-09
3.95841e-09
3.95841e-09
3.95841e-09
3.95841e-09
3.95841e-09
3.95841e-09
3.95841e-09
3.95841e-09
3.95841e-09
3.95841e-09
3.95841e-09
3.95841e-09
3.95841e-09
3.95841e-09
3.95841e-09
3.95841e-09
3.95841e-09
3.95841e-09
3.95841e-09
3.95841e-09
3.95841e-09
3.95841e-09
3.95841e-09
3.95841e-09
3.95841e-09
3.95841e-09
3.95841e-09
3.95841e-09
3.95841e-09
3.95841e-09
3.95841e-09
3.95841e-09
3.95841e-09
3.95841e-09
3.95841e-09
3.95841e-09
3.95841e-09
3.95841e-09
3.95841e-09
3.95841e-09
3.95841e-09
3.95841e-09
3.95841e-09
3.95841e-09
3.95841e-09
3.95841e-09
3.95841e-09
3.95841e-09
3.95841e-09
3.95841e-09
3.95841e-09
3.95841e-09
3.95841e-09
3.95841e-09
3.95841e-09
3.95841e-09
3.95841e-09
3.95841e-09
3.95841e-09
3.95841e-09
3.95841e-09
3.95841e-09
3.95841e-09
3.95841e-09
3.95841e-09
3.95841e-09
3.95841e-09
3.95841e-09
3.95841e-09
3.95841e-09
3.95841e-09
3.95841e-09
3.95841e-09
3.95841e-09
3.95841e-09
3.95841e-09
3.95841e-09
3.95841e-09
3.95841e-09
3.95841e-09
3.95841e-09
3.95841e-09
3.95841e-09
3.95841e-09
3.95841e-09
3.95841e-09
3.95841e-09
3.95841e-09
3.95841e-09
3.95841e-09
3.95841e-09
3.95841e-09
3.95841e-09
3.95841e-09
3.95841e-09
3.95841e-09
3.95841e-09
3.95841e-09
3.95841e-09
3.95841e-09
3.95841e-09
3.95841e-09
3.95841e-09
3.95841e-09
3.95841e-09
3.95841e-09
3.95841e-09
3.95841e-09
3.95841e-09
3.95841e-09
3.95841e-09
3.95841e-09
3.95841e-09
3.95841e-09
3.95841e-09
3.95841e-09
3.95841e-09
3.95841e-09
3.95841e-09
3.95841e-09
3.95841e-09
3.95841e-09
3.95841e-09
3.95841e-09
3.95841e-09
3.95841e-09
3.95841e-09
3.95841e-09
3.95841e-09
3.95841e-09
3.95841e-09
3.95841e-09
3.95841e-09
3.95841e-09
3.95841e-09
3.95841e-09
3.95841e-09
3.95841e-09
3.95841e-09
3.95841e-09
3.95841e-09
3.95841e-09
3.95841e-09
3.95841e-09
3.95841e-09
3.95841e-09
3.95841e-09
3.95841e-09
3.95841e-09
3.95841e-09
3.95841e-09
3.95841e-09
3.95841e-09
3.95841e-09
3.95841e-09
3.95841e-09
3.95841e-09
3.95841e-09
3.95841e-09
3.95841e-09
3.95841e-09
3.95841e-09
3.95841e-09
3.95841e-09
3.95841e-09
3.95841e-09
3.95841e-09
3.95841e-09
3.95841e-09
3.95841e-09
3.95841e-09
3.95841e-09
3.95841e-09
3.95841e-09
3.95841e-09
3.95841e-09
3.95841e-09
3.95841e-09
3.95841e-09
3.95841e-09
3.95841e-09
3.95841e-09
3.95841e-09
3.95841e-09
3.95841e-09
3.95841e-09
3.95841e-09
3.95841e-09
3.95841e-09
3.95841e-09
3.95841e-09
3.95841e-09
3.95841e-09
3.95841e-09
3.95841e-09
3.95841e-09
3.95841e-09
3.95841e-09
3.95841e-09
3.95841e-09
3.95841e-09
3.95841e-09
3.95841e-09
3.95841e-09
3.95841e-09
3.95841e-09
3.95841e-09
3.95841e-09
3.95841e-09
3.95841e-09
3.95841e-09
3.95841e-09
3.95841e-09
3.95841e-09
3.95841e-09
3.95841e-09
3.95841e-09
3.95841e-09
3.95841e-09
3.95841e-09
3.95841e-09
3.95841e-09
3.95841e-09
3.95841e-09
3.95841e-09
3.95841e-09
3.95841e-09
3.95841e-09
3.95841e-09
3.95841e-09
3.95841e-09
3.95841e-09
3.95841e-09
3.95841e-09
3.95841e-09
3.95841e-09
3.95841e-09
3.95841e-09
3.95841e-09
3.95841e-09
3.95841e-09
3.95841e-09
3.95841e-09
3.95841e-09
3.95841e-09
3.95841e-09
3.95841e-09
3.95841e-09
3.95841e-09
3.95841e-09
3.95841e-09
3.95841e-09
3.95841e-09
3.95841e-09
3.95841e-09
3.95841e-09
3.95841e-09
3.95841e-09
3.95841e-09
3.95841e-09
3.95841e-09
3.95841e-09
3.95841e-09
3.95841e-09
3.95841e-09
3.95841e-09
3.95841e-09
3.95841e-09
3.95841e-09
3.95841e-09
3.95841e-09
3.95841e-09
3.95841e-09
3.95841e-09
3.95841e-09
3.95841e-09
3.95841e-09
3.95841e-09
3.95841e-09
3.95841e-09
3.95841e-09
3.95841e-09
3.95841e-09
3.95841e-09
3.95841e-09
3.95841e-09
3.95841e-09
3.95841e-09
3.95841e-09
3.95841e-09
3.95841e-09
3.95841e-09
3.95841e-09
3.95841e-09
3.95841e-09
3.95841e-09
3.95841e-09
3.95841e-09
3.95841e-09
3.95841e-09
3.95841e-09
3.95841e-09
3.95841e-09
3.95841e-09
3.95841e-09
3.95841e-09
3.95841e-09
3.95841e-09
3.95841e-09
3.95841e-09
3.95841e-09
3.95841e-09
3.95841e-09
3.95841e-09
3.95841e-09
3.95841e-09
3.95841e-09
3.95841e-09
3.95841e-09
3.95841e-09
3.95841e-09
3.95841e-09
3.95841e-09
3.95841e-09
3.95841e-09
3.95841e-09
3.95841e-09
3.95841e-09
3.95841e-09
3.95841e-09
3.95841e-09
3.95841e-09
3.95841e-09
3.95841e-09
3.95841e-09
3.95841e-09
3.95841e-09
3.95841e-09
3.95841e-09
3.95841e-09
3.95841e-09
3.95841e-09
3.95841e-09
3.95841e-09
3.95841e-09
3.95841e-09
3.95841e-09
3.95841e-09
3.95841e-09
3.95841e-09
3.95841e-09
3.95841e-09
3.95841e-09
3.95841e-09
3.95841e-09
3.95841e-09
3.95841e-09
3.95841e-09
3.95841e-09
3.95841e-09
3.95841e-09
3.95841e-09
3.95841e-09
3.95841e-09
3.95841e-09
3.95841e-09
3.95841e-09
3.95841e-09
3.95841e-09
3.95841e-09
3.95841e-09
3.95841e-09
3.95841e-09
3.95841e-09
3.95841e-09
3.95841e-09
3.95841e-09
3.95841e-09
3.95841e-09
3.95841e-09
3.95841e-09
3.95841e-09
3.95841e-09
3.95841e-09
3.95841e-09
3.95841e-09
3.95841e-09
3.95841e-09
3.95841e-09
3.95841e-09
3.95841e-09
3.95841e-09
3.95841e-09
3.95841e-09
3.95841e-09
3.95841e-09
3.95841e-09
3.95841e-09
3.95841e-09
3.95841e-09
3.95841e-09
3.95841e-09
3.95841e-09
3.95841e-09
3.95841e-09
3.95841e-09
3.95841e-09
3.95841e-09
3.95841e-09
3.95841e-09
3.95841e-09
3.95841e-09
3.95841e-09
3.95841e-09
3.95841e-09
3.95841e-09
3.95841e-09
3.95841e-09
3.95841e-09
3.95841e-09
3.95841e-09
3.95841e-09
3.95841e-09
3.95841e-09
3.95841e-09
3.95841e-09
3.95841e-09
3.95841e-09
3.95841e-09
3.95841e-09
3.95841e-09
3.95841e-09
3.95841e-09
3.95841e-09
3.95841e-09
3.95841e-09
3.95841e-09
3.95841e-09
3.95841e-09
3.95841e-09
3.95841e-09
3.95841e-09
3.95841e-09
3.95841e-09
3.95841e-09
3.95841e-09
3.95841e-09
3.95841e-09
3.95841e-09
3.95841e-09
3.95841e-09
3.95841e-09
3.95841e-09
3.95841e-09
3.95841e-09
3.95841e-09
3.95841e-09
3.95841e-09
3.95841e-09
3.95841e-09
3.95841e-09
3.95841e-09
3.95841e-09
3.95841e-09
3.95841e-09
3.95841e-09
3.95841e-09
3.95841e-09
3.95841e-09
3.95841e-09
3.95841e-09
3.95841e-09
3.95841e-09
3.95841e-09
3.95841e-09
3.95841e-09
3.95841e-09
3.95841e-09
3.95841e-09
3.95841e-09
3.95841e-09
3.95841e-09
3.95841e-09
3.95841e-09
3.95841e-09
3.95841e-09
3.95841e-09
3.95841e-09
3.95841e-09
3.95841e-09
3.95841e-09
3.95841e-09
3.95841e-09
3.95841e-09
3.95841e-09
3.95841e-09
3.95841e-09
3.95841e-09
3.95841e-09
3.95841e-09
3.95841e-09
3.95841e-09
3.95841e-09
3.95841e-09
3.95841e-09
3.95841e-09
3.95841e-09
3.95841e-09
3.95841e-09
3.95841e-09
3.95841e-09
3.95841e-09
3.95841e-09
3.95841e-09
3.95841e-09
3.95841e-09
3.95841e-09
3.95841e-09
3.95841e-09
3.95841e-09
3.95841e-09
3.95841e-09
3.95841e-09
3.95841e-09
3.95841e-09
3.95841e-09
3.95841e-09
3.95841e-09
3.95841e-09
3.95841e-09
3.95841e-09
3.95841e-09
3.95841e-09
3.95841e-09
3.95841e-09
3.95841e-09
3.95841e-09
3.95841e-09
3.95841e-09
3.95841e-09
3.95841e-09
3.95841e-09
3.95841e-09
3.95841e-09
3.95841e-09
3.95841e-09
3.95841e-09
3.95841e-09
3.95841e-09
3.95841e-09
3.95841e-09
3.95841e-09
3.95841e-09
3.95841e-09
3.95841e-09
3.95841e-09
3.95841e-09
3.95841e-09
3.95841e-09
3.95841e-09
3.95841e-09
3.95841e-09
3.95841e-09
3.95841e-09
3.95841e-09
3.95841e-09
3.95841e-09
3.95841e-09
3.95841e-09
3.95841e-09
3.95841e-09
3.95841e-09
3.95841e-09
3.95841e-09
3.95841e-09
3.95841e-09
3.95841e-09
3.95841e-09
3.95841e-09
3.95841e-09
3.95841e-09
3.95841e-09
3.95841e-09
3.95841e-09
3.95841e-09
3.95841e-09
3.95841e-09
3.95841e-09
3.95841e-09
3.95841e-09
3.95841e-09
3.95841e-09
3.95841e-09
3.95841e-09
3.95841e-09
3.95841e-09
3.95841e-09
3.95841e-09
3.95841e-09
3.95841e-09
3.95841e-09
3.95841e-09
3.95841e-09
3.95841e-09
3.95841e-09
3.95841e-09
3.95841e-09
3.95841e-09
3.95841e-09
3.95841e-09
3.95841e-09
3.95841e-09
3.95841e-09
3.95841e-09
3.95841e-09
3.95841e-09
3.95841e-09
3.95841e-09
3.95841e-09
3.95841e-09
3.95841e-09
3.95841e-09
3.95841e-09
3.95841e-09
3.95841e-09
3.95841e-09
3.95841e-09
3.95841e-09
3.95841e-09
3.95841e-09
3.95841e-09
3.95841e-09
3.95841e-09
3.95841e-09
3.95841e-09
3.95841e-09
3.95841e-09
3.95841e-09
3.95841e-09
3.95841e-09
3.95841e-09
3.95841e-09
3.95841e-09
3.95841e-09
3.95841e-09
3.95841e-09
3.95841e-09
3.95841e-09
3.95841e-09
3.95841e-09
3.95841e-09
3.95841e-09
3.95841e-09
3.95841e-09
3.95841e-09
3.95841e-09
3.95841e-09
3.95841e-09
3.95841e-09
3.95841e-09
3.95841e-09
3.95841e-09
3.95841e-09
3.95841e-09
3.95841e-09
3.95841e-09
3.95841e-09
3.95841e-09
3.95841e-09
3.95841e-09
3.95841e-09
3.95841e-09
3.95841e-09
3.95841e-09
3.95841e-09
3.95841e-09
3.95841e-09
3.95841e-09
3.95841e-09
3.95841e-09
3.95841e-09
3.95841e-09
3.95841e-09
3.95841e-09
3.95841e-09
3.95841e-09
3.95841e-09
3.95841e-09
3.95841e-09
3.95841e-09
3.95841e-09
3.95841e-09
3.95841e-09
3.95841e-09
3.95841e-09
3.95841e-09
3.95841e-09
3.95841e-09
3.95841e-09
3.95841e-09
3.95841e-09
3.95841e-09
3.95841e-09
3.95841e-09
3.95841e-09
3.95841e-09
3.95841e-09
3.95841e-09
3.95841e-09
3.95841e-09
3.95841e-09
3.95841e-09
3.95841e-09
3.95841e-09
3.95841e-09
3.95841e-09
3.95841e-09
3.95841e-09
3.95841e-09
3.95841e-09
3.95841e-09
3.95841e-09
3.95841e-09
3.95841e-09
3.95841e-09
3.95841e-09
3.95841e-09
3.95841e-09
3.95841e-09
3.95841e-09
3.95841e-09
3.95841e-09
3.95841e-09
3.95841e-09
3.95841e-09
3.95841e-09
3.95841e-09
3.95841e-09
3.95841e-09
3.95841e-09
3.95841e-09

VECTORS velocity float
0.00527075 0.00279265 -0.00221435
8.43476e-05 1.24704e-05 -1.26722e-05
-0.000203443 -6.06708e-05 -4.56515e-05
-1.25089e-05 -1.69047e-05 -3.34858e-05
0.00532174 0.00270123 -0.00217229
0.000155398 -0.000195403 -0.000116583
1.07828e-17 4.63988e-21 -8.23289e-15
-0.000144695 -0.000177986 7.31149e-07
-2.98148e-05 4.31412e-05 -7.61983e-05
-2.1247e-06 2.85998e-07 -2.41533e-07
8.33738e-06 2.05435e-05 -7.01175e-06
5.52501e-06 5.91003e-06 -9.74517e-08
-5.30147e-06 -4.29219e-06 -2.33916e-05
1.78414e-05 -7.11198e-05 0.000240028
1.94652e-05 -8.46611e-05 8.67062e-05
-1.24521e-06 -4.31004e-06 -3.24538e-06
1.84079e-05 -6.71237e-05 -1.00933e-05
-5.55447e-06 8.09479e-06 -4.69359e-06
9.32076e-06 -1.21582e-06 2.37487e-06
5.52152e-07 3.60806e-06 -3.03401e-06
-6.36537e-05 0.000114748 -3.86751e-06
0.000123836 2.25802e-05 1.12163e-05
1.63876e-05 9.8698e-06 -4.76216e-05
-1.85838e-05 4.19672e-05 -2.3533e-05
2.78216e-06 -7.95119e-06 -4.33458e-06
5.87848e-06 5.22021e-05 1.57373e-05
-6.18588e-05 -1.75686e-05 -2.20029e-05
-2.02038e-05 -5.90481e-06 -1.47872e-05
-1.18757e-05 -9.76353e-07 8.29746e-06
-1.33173e-05 8.35277e-06 -5.5718e-05
2.22891e-07 -4.33055e-07 1.79681e-07
1.48974e-06 2.42676e-05 -2.88654e-06
-0.000171551 -0.000174235 -0.000115124
9.40853e-05 -2.22779e-05 -3.60685e-05
-3.29265e-05 5.33847e-05 3.14017e-05
-1.56969e-05 4.48176e-07 -2.31377e-06
2.78852e-05 -2.2582e-05 -5.68142e-07
-3.21343e-05 3.33324e-05 8.88754e-06
-1.85448e-05 8.35983e-06 -2.22536e-05
-6.3455e-05 -4.88135e-05 1.78921e-05
-4.7547e-06 6.46932e-06 -1.12552e-07
1.08288e-05 -5.39266e-05 -1.01676e-05
0.00433037 -0.00135683 0.00109201
-4.41244e-05 -1.46982e-05 2.95261e-06
-4.23391e-05 -3.36963e-05 2.53481e-05
3.30267e-06 1.32061e-05 -1.09359e-05
2.97083e-06 1.99453e-05 7.2945e-06
-9.15554e-06 1.34121e-07 1.37196e-05
3.49046e-05 -7.17852e-06 -5.16788e-06
3.72211e-06 1.26938e-05 -8.35057e-06
7.89374e-05 4.25474e-05 -8.82287e-05
-1.47127e-05 1.81487e-05 -6.20029e-05
-1.01328e-05 4.11624e-06 -1.8867e-05
2.51771e-05 2.06769e-06 -4.40522e-06
5.55879e-15 -2.12366e-14 1.37615e-13
-1.73729e-05 -6.81034e-06 -3.46011e-05
4.40563e-06 5.9689e-06 -1.21523e-05
-5.47987e-08 6.45609e-06 4.18356e-06
-3.27879e-05 -2.04737e-05 4.75754e-05
9.43326e-06 3.38897e-05 -4.80857e-06
9.92063e-05 -6.79311e-05 -1.18533e-05
2.55667e-06 3.06901e-06 1.85994e-06
-5.19011e-06 -5.25105e-06 -1.22826e-06
9.31913e-06 -1.286e-05 6.26735e-07
-2.44766e-16 -2.4426e-20 -7.22351e-14
5.16087e-06 1.26908e-05 -8.11214e-06
3.46715e-15 2.29908e-14 -3.02784e-13
-1.37132e-05 2.72518e-05 -1.56115e-05
-0.000270357 0.000206727 -0.000437888
-8.86329e-12 -6.67464e-12 -1.46e-14
2.24079e-05 2.29847e-05 2.09254e-05
3.01807e-05 -5.54293e-05 -9.71244e-06
-3.5376e-06 8.00104e-08 -3.11677e-06
1.75023e-05 3.75402e-05 -4.88628e-05
2.80566e-05 1.21576e-05 0.000137695
6.43584e-05 0.00011878 -0.000366045
1.89517e-05 0.000225431 2.55837e-05
7.43509e-06 -9.57173e-06 -1.57751e-05
7.94368e-06 1.0586e-05 5.30569e-06
-5.60501e-07 1.95546e-07 1.77531e-08
-1.5462e-06 4.61548e-06 1.09302e-06
4.55049e-10 1.16336e-09 5.97083e-13
-0.000131023 9.73692e-06 5.34433e-07
-4.05015e-05 -1.16057e-05 9.23319e-05
0.00408234 -0.00189989 0.00051291
5.71206e-05 5.06544e-05 1.23931e-05
7.65271e-05 -0.000323698 -4.56862e-05
-1.20058e-06 -2.33571e-05 2.10504e-05
-1.99274e-05 3.39883e-06 -5.42088e-05
-8.49388e-06 1.02192e-05 3.44902e-06
-2.48175e-05 -2.95971e-07 -1.2036e-05
-2.27258e-05 2.15503e-05 5.967e-06
6.65009e-06 9.17164e-06 -1.21176e-05
9.06064e-18 1.97745e-22 -6.9181e-15
-1.2127e-05 0.000145464 -9.59484e-05
-5.53096e-06 5.03123e-06 -8.56231e-06
-1.3518e-15 -8.96283e-15 1.18046e-13
2.50581e-05 1.32743e-05 3.22837e-05
-1.11636e-17 -6.44461e-21 8.52389e-15
-5.44731e-05 -4.81668e-05 2.26567e-06
-9.66128e-18 1.38374e-21 7.37626e-15
3.1677e-06 -1.84544e-05 -1.79953e-06
3.06468e-05 1.6451e-06 -3.24442e-05
-0.000427929 0.0229349 -0.0484362
6.03209e-18 6.21935e-22 -4.60544e-15
-5.8147e-05 4.76241e-05 4.20655e-05
3.79576e-05 -7.69772e-05 -6.6438e-05
0.00713543 0.00258492 -0.00255629
2.63132e-05 -7.11438e-05 -2.10906e-06
7.874e-06 6.04061e-05 0.000169947
-8.91156e-05 -0.000247641 0.000192586
-4.45286e-05 -5.69428e-06 -1.39472e-05
4.19257e-06 -6.7998e-06 -7.58135e-07
2.65832e-05 1.37404e-05 4.20678e-06
-0.000363057 9.76763e-05 -3.62646e-05
0.000145193 0.000147852 1.25261e-05
0.000460502 -0.000246511 -8.80389e-05
-2.11705e-06 -9.02034e-08 -1.32378e-06
-3.6035e-07 -3.97563e-06 -1.85697e-06
1.47433e-06 -2.62459e-06 1.42621e-06
6.24149e-05 6.04521e-05 -9.86604e-05
6.97255e-06 -2.1236e-06 1.81643e-06
1.94523e-05 4.13725e-05 -6.49313e-06
-1.39111e-05 2.80422e-05 2.11528e-06
3.50062e-05 -7.96056e-05 -1.87267e-07
0.00321838 -0.00263137 0.00328074
-8.75488e-06 -1.13951e-06 -1.86896e-06
-2.01532e-05 3.59365e-05 1.3448e-05
-2.54827e-05 5.54041e-05 -5.18863e-05
-8.88258e-06 9.17735e-06 -4.83306e-06
2.22238e-05 1.65778e-05 1.34933e-05
-5.5139e-06 5.1178e-05 -1.3272e-05
1.28068e-05 3.64437e-05 -4.0754e-05
3.0131e-07 1.19779e-05 -1.28301e-05
5.05522e-05 4.33063e-05 -3.10037e-05
1.79997e-05 7.28188e-05 -0.000109
3.86113e-05 -2.08838e-05 6.38721e-06
5.29788e-06 1.17958e-05 1.20606e-05
-2.33354e-05 2.56103e-05 -1.21727e-06
-0.000111607 -3.2685e-05 -3.05829e-05
-3.71484e-05 -3.43111e-05 1.07845e-05
-3.91635e-05 -1.76019e-05 -1.74706e-05
1.92609e-07 -9.54583e-06 -1.43288e-05
-4.8119e-07 1.63264e-05 8.83668e-06
4.35502e-05 2.86086e-05 -3.69235e-05
2.24744e-05 0.000264786 -4.91593e-05
3.05986e-05 -1.78025e-05 2.08397e-06
-3.33356e-06 3.36411e-05 -6.26619e-05
-3.43813e-05 4.93073e-05 -1.20284e-05
-5.18103e-05 -8.47169e-06 -1.8975e-05
0.00563249 0.00271698 -0.00217217
-4.23777e-06 7.94123e-06 -9.015e-07
-0.000111685 8.16835e-05 1.61038e-05
-2.54073e-05 -4.69312e-05 -0.000113216
-1.70377e-05 1.11519e-05 -1.79504e-05
-2.08041e-05 4.93639e-06 5.1425e-05
1.34719e-05 9.45898e-06 -2.37154e-06
-8.69861e-18 -6.82859e-20 6.6413e-15
0.00464167 0.00349597 -0.000351317
-1.55943e-18 -4.89618e-22 1.19087e-15
-1.44932e-05 -2.12393e-06 8.85366e-06
-2.64991e-05 3.96326e-05 4.32339e-05
0.0138611 -0.00174668 -0.242428
-5.68189e-07 -8.11726e-07 8.35759e-08
1.99189e-06 1.53746e-06 1.72525e-06
5.45622e-05 1.43411e-05 1.8212e-05
0.000125629 -0.000112627 -0.000123538
-3.27419e-05 1.56616e-05 -3.91121e-05
0.000105962 -3.58278e-05 0.00278712
5.52298e-18 7.04494e-20 -4.21679e-15
0.000578918 0.000906505 0.000589676
3.53224e-05 -3.84981e-05 3.08048e-05
3.9237e-05 -5.17027e-05 1.86333e-05
6.87738e-18 -2.58553e-14 -8.52399e-14
-0.000394849 -0.000448059 -0.000831818
-3.01226e-06 9.33592e-05 -0.000343528
-8.36115e-07 1.9073e-05 -1.66721e-06
-4.4824e-07 1.18882e-06 4.51348e-08
-9.46223e-18 4.72715e-20 7.2245e-15
0.00509279 0.000429383 -0.00381613
-6.31111e-19 -1.5792e-21 4.82092e-16
0.00155523 -0.0062036 0.00735149
-2.5062e-06 6.24539e-06 -1.8276e-05
-0.000127499 -0.000473504 -0.00024749
1.86156e-07 4.48712e-06 -6.01892e-06
5.68589e-06 1.31694e-05 -1.01184e-05
4.44492e-05 1.58884e-05 -4.44211e-05
1.61022e-05 1.93066e-05 -6.92417e-06
1.63222e-05 3.1676e-05 1.43528e-05
1.06952e-05 -2.62452e-05 -6.68583e-05
2.55381e-05 -6.14051e-05 -6.99828e-06
-1.27121e-05 3.69288e-05 -3.10515e-05
1.93263e-06 3.11044e-06 8.48791e-07
7.65898e-07 3.89439e-05 -3.87916e-05
-3.04412e-05 -6.38154e-06 -2.94561e-05
-1.20833e-05 9.441e-06 -1.69688e-05
-8.4976e-06 1.55837e-06 -0.000103117
3.65115e-06 1.51619e-05 3.64083e-06
0.00437776 -0.00160286 0.00119638
7.85231e-05 -0.000585617 -0.000296151
7.73789e-07 1.69578e-05 2.38231e-06
-1.50877e-05 -6.22146e-06 -1.79633e-05
-1.9239e-05 3.32165e-05 1.02396e-05
-3.03877e-05 1.17304e-05 5.38188e-07
0.00313623 0.00275503 -0.000838773
-9.74047e-05 2.26706e-06 -3.41155e-06
-6.07428e-05 -5.04839e-05 -0.00014244
4.99978e-06 2.00525e-05 1.24794e-05
-3.27062e-05 -2.8227e-06 -2.67031e-05
-1.5541e-06 1.73309e-05 -1.42166e-05
-2.33413e-05 -3.27196e-05 -1.57988e-06
-0.000196392 0.000118372 0.000158561
-1.82529e-05 -1.39269e-05 -2.98048e-05
1.62769e-05 4.03235e-05 4.83874e-06
-1.50071e-08 9.26324e-07 -9.52733e-06
-9.46236e-18 -6.1196e-21 7.22451e-15
-0.000134543 -4.57644e-05 -5.04721e-05
1.91626e-06 2.26958e-05 4.9618e-05
1.25291e-05 3.79795e-05 -3.13899e-05
1.57492e-05 1.33468e-05 1.17832e-05
6.52222e-05 1.45842e-05 0.000108724
6.84726e-05 -6.2741e-05 0.000344459
-1.16789e-05 2.43671e-05 -2.67186e-06
-1.00944e-05 5.96729e-06 -3.20619e-05
7.9255e-07 -2.39195e-06 1.73328e-08
0.00549444 0.00271636 -0.00220357
-2.2173e-06 2.11749e-06 -2.63974e-06
1.67195e-05 8.22998e-06 -4.51133e-05
-1.11635e-17 5.75809e-23 8.52389e-15
3.30647e-05 2.52684e-05 1.72397e-05
-5.67932e-05 0.000169802 -1.34323e-05
2.92654e-05 4.19282e-05 4.74326e-05
-4.14213e-06 2.28393e-06 -2.37189e-07
-6.63583e-05 0.000147261 -0.00017825
7.24224e-07 1.25753e-05 1.08962e-06
-2.63255e-05 0.000231692 1.32848e-06
-6.29915e-05 -9.5341e-06 -2.4825e-05
-1.8218e-15 1.2118e-14 1.58376e-13
3.95633e-06 5.11397e-06 2.11164e-06
0.00516605 0.00233002 -0.00260378
9.08156e-18 -5.36034e-23 -6.93359e-15
-8.54324e-06 8.06817e-06 -3.26813e-06
-3.64856e-06 2.94774e-06 -6.68565e-06
1.51301e-05 1.10406e-05 -2.19283e-05
9.71981e-06 3.29364e-05 2.15801e-05
1.8068e-05 -8.82815e-06 1.42679e-05
3.4668e-15 2.29907e-14 -3.02783e-13
0.000143053 7.6629e-05 -0.000174847
2.40558e-05 5.822e-06 -5.62469e-06
5.11734e-06 -1.60569e-05 -2.81966e-05
7.53687e-06 -9.36125e-06 1.94055e-05
-8.67773e-06 2.58027e-06 -9.4149e-06
1.01287e-15 -6.73961e-15 -8.80834e-14
-1.83117e-06 1.03506e-06 -1.38898e-06
-2.0537e-05 -5.88388e-05 6.58093e-05
3.69975e-05 -1.78484e-05 -7.55762e-05
-1.9365e-05 2.17564e-05 -1.1985e-06
6.03113e-18 -7.28043e-23 -4.60544e-15
-0.000551366 0.000276679 -0.000416756
-2.6159e-05 2.52066e-05 1.02589e-06
-2.0163e-05 5.94741e-05 -1.04637e-05
-2.65144e-05 1.04752e-05 -2.21103e-05
0.00498442 0.000301971 0.00197256
0.000178159 0.000116605 -0.000300228
-8.84954e-06 1.31899e-05 -1.86308e-05
0.00522804 0.00329265 -0.000732187
-0.000133002 8.87091e-06 -7.46371e-05
-2.05668e-05 3.01125e-05 -5.06162e-05
-9.37617e-05 1.51499e-05 -0.000136462
-2.56865e-05 4.03799e-06 1.04613e-05
-2.99568e-06 1.37906e-06 -6.6585e-06
4.53631e-05 3.99849e-05 -3.77883e-05
-1.98631e-05 1.53413e-05 -2.53828e-05
5.41616e-05 5.00731e-06 4.07696e-06
0.000113563 0.000283286 -8.90805e-05
-2.7571e-05 0.000196268 5.64551e-05
0.00455299 -0.000879194 0.00139953
3.21684e-06 -1.25788e-05 1.55838e-05
0.0127946 0.007933 -0.0753563
5.63087e-05 0.000188212 -8.54261e-05
-1.13464e-05 1.19367e-05 3.37565e-05
-7.09226e-07 -7.35861e-07 -4.66578e-06
1.17178e-05 -6.74331e-06 -8.80563e-05
0.00440387 -0.00134014 -0.000194532
-0.000117412 -5.4797e-05 3.27162e-06
2.28986e-05 1.55341e-05 -1.94394e-05
-1.04989e-05 -2.37681e-05 -3.29271e-05
-0.00655713 -0.000325127 -0.00145624
-1.02762e-05 6.82557e-06 6.06342e-07
-4.78637e-05 -3.31402e-05 -0.000101416
2.51103e-05 2.1462e-05 8.77019e-06
-4.28805e-06 1.00234e-06 2.5833e-07
0.00527267 0.00273848 -0.0022118
6.60319e-19 -2.57839e-22 -5.04119e-16
0.000179263 -3.85869e-05 4.36594e-05
-1.40652e-05 2.61961e-05 -1.22823e-05
-1.81816e-05 3.82001e-05 -1.61332e-06
-4.59978e-18 8.99871e-22 3.51183e-15
7.5826e-06 1.75133e-05 -3.22192e-05
-4.23105e-05 3.51876e-05 3.26686e-05
0.00313397 -0.00333936 0.00368312
-2.55481e-05 4.7816e-05 -6.4702e-06
-4.18587e-06 3.72092e-05 -5.99307e-05
1.05846e-17 3.13941e-21 -8.08106e-15
7.04362e-06 2.32698e-05 -4.89537e-05
4.16811e-05 2.28658e-05 -3.45872e-06
-0.00131678 -0.00723055 0.00907326
-6.16804e-06 -4.2465e-06 -4.18222e-05
-1.36295e-05 5.19323e-05 -5.76272e-05
-1.14275e-06 3.84522e-06 2.06783e-06
-3.81054e-05 1.46608e-05 7.9271e-07
3.99176e-06 4.73971e-06 1.93273e-05
-0.00191584 -0.00898102 0.0111079
0.00509421 0.00220954 -0.00264796
0.0053521 0.000469054 -0.0034399
3.98578e-05 1.34207e-05 5.67227e-06
-4.29608e-06 7.45408e-06 -5.26993e-05
0.00431008 4.99037e-05 -0.000136429
5.34201e-06 -8.91022e-06 -8.25393e-08
4.80219e-05 -2.83671e-05 0.000162258
-3.3141e-05 1.06181e-05 -5.19342e-05
4.93188e-05 -9.69266e-05 2.61634e-05
0.000717415 -0.000484098 0.00165124
0.00465501 -0.000982282 0.000908344
-1.51712e-05 -3.50321e-06 -5.61188e-05
-5.84505e-06 -1.95945e-05 3.56158e-06
4.22274e-07 1.08235e-05 -9.83059e-05
-1.82183e-15 1.2118e-14 1.58375e-13
8.08176e-05 7.11836e-06 -6.28003e-05
0.000568902 0.000363522 0.000316367
1.03902e-06 7.63365e-06 -4.0092e-06
5.43039e-06 -5.23296e-06 5.44632e-06
6.84609e-05 -5.18374e-06 -2.32051e-05
0.00545821 0.000340428 -0.00358232
0.00470381 -0.00146598 0.00110971
0.00413639 -0.000349409 0.00058393
0.00517289 0.00262011 -0.00238481
2.88166e-05 -0.000232518 -7.90166e-05
-5.36965e-05 6.81387e-05 -4.23973e-07
6.98463e-05 -1.66549e-05 -1.99805e-05
1.07825e-17 -3.68731e-21 -8.23297e-15
8.85978e-05 5.04936e-05 -0.000110667
0.0049933 0.00255189 -0.00233085
7.05344e-07 -4.64614e-06 6.60961e-06
6.02867e-06 -1.49459e-05 -3.29584e-05
0.000903537 0.0023401 -0.000225742
5.51829e-06 1.26331e-05 -9.30074e-05
-4.23022e-05 3.34969e-05 -3.52961e-06
0.000116943 7.38489e-05 0.000195841
6.98626e-06 2.45102e-05 1.28265e-06
0.00044848 0.000301044 -0.000608265
-1.51032e-05 2.56569e-05 4.82052e-06
0.00528823 0.00610595 -0.00267717
0.00187176 -0.00258984 -0.000782923
1.1929e-05 6.29423e-05 7.24719e-06
0.00174195 -0.00271462 0.00315544
0.00155164 -0.00247038 0.00270433
1.52496e-17 -6.03731e-14 -1.99038e-13
0.00561895 0.00313484 -0.00119738
-0.000143706 6.22116e-05 5.20349e-05
-7.91876e-05 -1.21378e-05 3.19281e-05
-3.21629e-05 0.000150661 0.000106202
-8.39939e-05 4.3713e-05 3.97437e-05
-1.68179e-06 5.41388e-07 -1.01676e-07
0.00431032 -0.000912425 0.00162718
0.0129938 0.00973589 -0.0956165
0.00373358 -0.00100673 0.000752452
2.7763e-05 -2.39358e-05 -4.00716e-06
-5.41184e-05 6.96894e-05 0.000119691
0.00432196 0.000563223 0.000202892
5.42636e-06 2.95514e-05 -5.50614e-05
4.90196e-05 3.81653e-06 -6.53647e-05
-0.00739517 0.013954 -0.127819
0.00672754 0.00028558 -0.00599218
-2.89182e-05 -3.63772e-06 3.22867e-05
1.0003e-06 -0.000107577 -0.00032806
-9.16524e-06 -2.35256e-05 -0.000115592
2.539e-05 5.26961e-05 2.79345e-05
1.34903e-06 -2.60245e-05 -9.93165e-06
-0.000156405 -3.72843e-05 4.66146e-05
0.003616 0.00285905 -0.00252324
-6.86934e-06 -2.23175e-05 -4.44694e-05
0.00434064 -0.00180233 0.00101295
0.00420263 -0.000887092 0.00081605
8.93679e-06 4.26929e-05 -5.35837e-05
3.58809e-06 6.89665e-06 -2.68092e-05
1.67506e-05 7.66872e-06 -1.93909e-05
-1.12402e-05 4.53799e-05 -6.83879e-07
6.37461e-05 -6.01823e-05 0.000127851
0.0044527 -0.00123502 -0.000273128
0.00300391 0.00139583 0.00380543
0.00549235 0.0329837 -0.017325
0.00366197 -0.00124928 0.00460669
0.00550958 0.00266286 -0.00229189
-2.12672e-05 -2.53767e-06 -0.000106942
3.25925e-05 3.55884e-05 2.96895e-05
0.00425597 -0.00129676 -0.000295715
-3.66439e-06 -1.6172e-05 -1.39134e-05
-0.000164733 -7.30053e-05 0.000351939
-0.000420026 -4.53488e-05 -0.000369921
-1.30413e-05 5.31715e-05 -8.36196e-05
1.6909e-05 2.28301e-05 7.50767e-06
4.92171e-06 3.78995e-05 2.76545e-05
0.00412842 4.33328e-05 -3.39007e-05
3.73828e-06 -4.19034e-05 -6.17645e-05
-1.50398e-05 -0.000166069 5.93878e-05
2.20342e-05 2.48286e-05 3.38677e-05
3.46677e-06 -6.07488e-06 -3.10095e-06
2.44087e-05 1.44841e-05 -4.95899e-05
5.52287e-18 5.34007e-21 -4.21679e-15
-1.87673e-05 6.20091e-05 1.92644e-05
0.0513756 0.0367284 -0.235193
0.00428437 -0.000443875 0.000607723
1.86012e-06 2.90277e-05 2.7278e-05
-2.69723e-05 7.62288e-06 4.32687e-06
0.0040095 -0.000421584 0.00142935
-8.57261e-06 -1.47981e-05 -7.95429e-06
1.56614e-14 -6.92644e-14 -8.79539e-15
0.00520699 0.000327355 -0.00353632
0.00477171 -0.000134395 -0.000160835
5.91692e-05 -8.3403e-05 6.67154e-05
5.94182e-05 6.11827e-05 -8.14046e-05
0.00405197 -0.00130873 -7.36677e-05
-4.35724e-05 2.98023e-05 7.44252e-06
0.0044261 -0.000926885 0.00166996
-2.45777e-05 -8.8105e-06 -3.27827e-05
-0.0038216 -0.00441043 0.00804587
4.93537e-05 -5.25445e-05 5.50108e-06
3.30542e-07 1.27958e-05 -6.23973e-07
0.00519201 0.00317946 -0.000592218
-7.02545e-07 1.65144e-05 5.33266e-06
9.53453e-06 -3.04499e-06 -1.20368e-05
0.0052688 0.00276244 -0.00218672
0.00520225 0.000410449 -0.0038045
0.00435626 -0.00115083 -0.00025081
0.00599149 0.00503885 -0.00341985
-5.99383e-06 3.76688e-05 -6.06404e-05
-4.78185e-06 4.42132e-05 1.63105e-05
0.00553164 0.000359805 -0.00379197
4.84693e-05 7.42602e-05 -2.06998e-05
2.38459e-05 9.22811e-06 -1.25088e-05
-4.33052e-06 1.13053e-05 1.71619e-06
7.21772e-05 -1.47639e-05 3.14482e-05
-4.63643e-06 5.59781e-05 6.97822e-06
5.53758e-06 2.1925e-05 -2.45163e-06
2.8468e-05 2.9766e-05 1.74968e-05
0.0050726 0.00212857 -0.00263565
0.00536883 0.00274367 -0.00220601
-0.000161827 -0.000140552 -7.1604e-05
0.00543045 0.00295268 -0.0024224
-0.000194401 0.000269556 -5.8829e-05
-0.000283055 -0.000182646 -0.000673432
-0.000454773 0.000141062 -0.00021609
-1.30291e-07 1.15021e-07 3.83649e-08
0.00442401 -0.00103742 0.000940165
1.67918e-14 3.80181e-14 2.39529e-13
0.00530254 0.00282405 -0.00221472
3.0915e-05 2.85813e-05 -0.000102237
0.00571639 0.00278081 -0.0021503
0.000200588 -0.000394882 -0.000541724
0.0143871 -0.0194683 -0.022827
3.53697e-05 1.57021e-05 0.00040476
1.69002e-06 8.17869e-06 4.68923e-07
8.30668e-06 1.09313e-05 1.39741e-06
0.00398493 0.00076601 8.16412e-05
9.33424e-05 3.64043e-05 0.000184523
0.00512451 0.00223814 -0.00273058
3.48387e-05 7.23881e-05 -0.000146382
0.00309092 -0.000829876 0.000718027
0.000146664 9.47719e-05 0.000125137
7.63583e-05 0.000132542 -8.37716e-06
-5.99309e-05 -0.000462132 -0.000856292
0.00481313 0.000315453 0.000358935
-0.000294594 -0.000173985 -0.000153505
-3.88539e-05 2.73515e-05 -0.000192855
0.00209321 0.00311975 -0.00399992
0.00462896 -0.00180315 0.00127437
0.00424781 -0.00131013 -0.000293882
0.00464588 0.000311717 -0.000301708
8.74694e-06 1.57325e-05 -3.48639e-05
0.000749026 -0.000262745 -0.000437917
0.00554263 0.00276357 -0.00223002
3.73186e-05 9.6741e-05 -0.000133575
0.00454316 0.00276495 -0.00245239
-1.09922e-05 1.15469e-05 1.09944e-05
-1.3515e-15 -8.964e-15 1.18046e-13
-3.82449e-05 -0.000117014 -2.35097e-05
0.00443439 -0.00161613 0.000955509
0.00554199 -0.00189363 -0.000589717
0.0054382 0.000420058 -0.00385891
-0.000118801 -4.8136e-05 -3.29884e-05
-4.90775e-07 1.38087e-05 -7.0746e-05
1.35027e-05 3.39447e-05 2.16399e-05
0.00440689 -0.00121319 -0.000266895
0.00609888 0.0104157 -0.0068181
0.00534429 0.00263369 -0.00229044
0.000289945 5.18883e-05 0.000143686
0.00562166 0.00283308 -0.00166914
0.00480953 -5.60806e-05 -2.78165e-05
1.2741e-05 2.39847e-05 -6.36496e-06
0.00478579 0.00258432 -0.00229651
0.00427835 0.000189833 0.00428946
-0.000171165 -6.09706e-06 -0.00032115
-4.32681e-05 0.000116826 -0.000107812
0.00444382 -0.00155714 0.00109239
0.00547211 0.00344422 -0.00129316
0.00451686 -0.00138382 0.00108502
0.00555866 0.00284954 -0.00176831
1.15467e-17 7.25609e-21 -8.81587e-15
0.00522223 0.00155267 -0.0033293
0.00445115 -0.00107699 0.00167725
0.0047287 -0.000885663 0.000713258
0.0043125 -0.000870894 -0.000168026
0.00430793 -0.00185169 0.000817163
0.00575789 0.00322334 -0.0012333
0.000143961 -3.80705e-05 -7.63316e-05
0.000108694 0.000312994 9.23595e-05
0.00436121 -7.34611e-05 -0.00018213
0.00543553 0.00273129 -0.00221329
0.00524963 0.00198152 -0.00296287
-0.000410481 0.000328937 0.000159426
0.00535172 0.00262408 -0.00223637
1.63551e-06 1.27761e-05 -3.14022e-05
-1.16536e-11 6.19998e-12 -1.33066e-12
0.00553023 0.00272444 -0.00204504
0.00533338 0.00100658 -0.00359582
1.15465e-17 7.91538e-20 -8.81587e-15
0.00494067 0.00330753 -0.000322219
0.00516064 0.00190968 -0.00296453
5.18466e-06 3.41077e-05 -3.53754e-06
-9.91509e-07 3.37011e-05 3.34877e-05
-0.00228236 0.00351789 0.0190502
0.00556195 0.000361769 -0.00379496
0.00434952 -0.00152587 0.0010937
0.00470591 -0.00106538 0.00075539
0.0029943 -0.00314863 0.00348584
0.00471286 0.000118271 -0.000328248
0.00462631 0.00114276 8.72402e-05
0.00411809 -0.00157655 0.000413102
0.00404757 -0.00126306 -0.00028738
0.00351111 -0.00301801 0.0032549
-4.72205e-06 1.05127e-05 3.41401e-05
3.2696e-05 2.22773e-05 -7.93251e-05
0.00445816 -7.70309e-05 -0.000165661
0.0140218 -0.0205535 -0.115955
0.00405424 -0.00135862 0.000151967
0.00473795 -7.90247e-05 -4.33275e-06
-0.000110194 -3.42342e-05 3.11906e-05
-6.37833e-05 -3.81505e-05 2.37795e-05
2.04314e-05 0.000117835 -7.93418e-05
0.00652474 0.00245645 -0.00171806
-6.6375e-06 1.15437e-05 2.78043e-05
-6.15978e-17 7.01023e-15 2.78112e-14
0.00571049 0.00303835 -0.00140194
0.00441603 -0.00172062 0.00118319
0.00535215 0.00266011 -0.00226783
0.00350854 -0.00278455 0.00420762
0.00549103 0.00657707 -0.00408429
0.00480641 -0.000584823 -0.000631844
0.0011883 5.81925e-06 0.00024201
-9.97707e-05 0.000124791 -8.95603e-05
0.00483147 0.00340258 -0.000640883
0.00380048 -0.00275674 0.0035366
-7.01605e-05 -6.08033e-05 -4.09568e-05
0.00529511 0.00276007 -0.00219075
0.00413767 -0.00133975 -5.63983e-05
0.0034502 0.00119426 0.00403621
0.00468151 -0.00145186 -0.00045186
0.00350588 -0.00295265 0.00323238
-1.67562e-14 -3.7938e-14 -2.39023e-13
0.0055627 0.00296532 -0.00114058
0.00475321 -0.00555378 -0.212879
0.00405627 -0.00137726 0.000352391
0.00488803 0.00272282 -0.00227334
3.75694e-05 1.76625e-05 -7.42823e-05
0.000357948 -0.0143374 0.0127444
0.00437054 0.000607875 0.00020936
0.0046907 -0.000272895 0.000139682
0.00559874 0.000994225 -0.00235804
0.000103531 -0.00010026 -0.000225057
0.00464455 0.000142679 0.000322072
0.00524123 -0.000237421 -0.00522644
0.00404732 -0.00227014 0.000604907
0.00452194 -3.79399e-05 -8.57126e-05
0.00431909 -0.00066785 0.00157774
0.00497883 0.0033038 -0.000296456
-0.00848846 -0.034965 -0.082188
-4.83321e-05 0.000177977 -5.40615e-05
1.62386e-05 8.85309e-05 6.5761e-05
0.0044674 0.0004603 2.52212e-05
0.000578912 -0.000269932 -0.00025367
0.00419191 -0.000664574 0.000724877
8.78213e-06 3.29745e-05 -0.000258802
-1.71268e-05 6.55065e-05 -5.37523e-05
0.00534019 0.00276336 -0.00223429
-9.2807e-05 -0.000160572 -0.000155129
0.00470199 -0.000626466 -0.000634565
0.00466579 -0.00118929 0.00104434
0.00577052 0.00191033 -0.00400755
2.28256e-05 0.000146126 -1.94481e-05
-1.47928e-05 -5.85263e-05 4.79333e-05
0.00534901 0.00272252 -0.00216555
0.00399796 -0.00130151 0.00101063
0.00399913 -0.00162016 0.000440452
0.00348586 -0.0029092 0.00310849
0.0046283 -6.60545e-06 -5.1446e-05
-0.000108244 -7.19457e-05 -7.90979e-05
-1.31727e-09 8.6104e-10 -1.73469e-12
0.00477521 -4.49433e-05 -3.29632e-05
0.00475064 -0.00089048 0.000734744
0.00443374 9.02977e-05 -0.000255519
0.00439322 -0.00122067 -0.000262782
0.00406169 -0.00136074 0.000232085
0.0109763 0.00986649 -0.0300596
0.0234056 0.0157313 -0.326974
0.00457499 -0.000735341 0.00082331
0.00458538 -0.000764199 0.00165752
0.0038239 0.00113856 0.00473242
0.00506325 -0.000789137 -0.000532973
0.00472972 -0.000180494 -0.0035632
0.00403763 -0.00136388 0.000384517
0.00508127 0.00278428 -0.0021614
0.00416835 -9.44986e-05 -0.000163829
-5.13244e-05 -8.77511e-05 -5.82013e-05
0.000661071 -0.00285655 0.0034278
0.00381225 -0.00226782 0.00421615
0.00527693 0.00041427 -0.00382715
0.00359622 -0.00270589 0.00337023
0.00367617 0.000689896 0.00430753
0.00492628 0.000472223 0.000300339
0.00466322 -0.00118723 0.000998091
5.26088e-05 0.000124273 3.8745e-05
0.00518989 0.00220354 -0.00278191
-7.8234e-06 1.76343e-05 -0.000135876
0.00462881 0.00115619 -0.00186956
-0.00011857 0.000115515 -0.000211202
0.00518076 0.00267051 -0.00216524
0.00405599 -0.00140193 0.000359485
-2.62796e-05 6.20936e-05 -5.66936e-06
0.0056832 0.00272285 -0.00225692
0.00533201 0.0027294 -0.0021614
0.00530888 0.00145544 -0.00313981
0.0720047 -0.0381376 -0.0918737
0.00378907 0.000507776 0.00439772
0.00435437 4.9858e-05 -0.000132901
0.00376534 -0.0033355 0.00418055
0.00411819 -0.00132325 0.000542386
0.00374009 0.000567929 0.00014277
0.0051562 -0.000786023 0.000372402
0.00465647 -0.000211194 0.000109288
0.00474686 -0.00210501 -0.000297445
0.00535995 0.00272687 -0.00218446
0.00031181 0.000280546 0.000401334
0.00452334 0.000200407 -0.000171848
0.00481997 7.09818e-05 -0.000299598
-5.60677e-05 4.6886e-05 3.30314e-05
0.00424688 -8.0392e-05 -0.000171523
0.00404486 -0.00127783 0.000762471
0.00389122 0.000743426 0.000169879
0.00540928 0.00275911 -0.00218
0.00379117 -0.00368539 0.00405368
0.00469782 0.000122856 -0.000327549
-2.53616e-05 -9.9759e-06 -9.76541e-05
0.00143672 -0.00281219 0.00276355
0.00414948 -0.000114374 -0.000140394
0.00373693 0.000431345 0.00440471
0.00436987 0.000306333 6.02096e-05
0.00441699 0.00088768 0.000945368
0.00600374 0.00120985 8.43432e-05
3.47557e-06 2.07359e-05 3.03387e-06
0.00426972 -0.00167081 0.00043835
1.15472e-17 -1.48576e-21 -8.81587e-15
0.00465406 -0.00121656 0.00101948
0.0114638 -0.00357875 -0.000551856
0.00499748 0.00176109 -0.00295603
2.16168e-05 -5.92523e-05 -2.53026e-05
0.00536382 0.000413435 -0.00386558
0.00323751 0.00105314 0.00463047
0.00433757 -0.00119445 -0.000263419
0.00364982 -0.00286706 0.00365594
0.00539864 0.00117978 -0.00325318
0.00419394 -0.000964135 0.00084704
0.00447783 0.000110209 -0.000141221
0.00202152 -0.000165713 -8.38373e-05
0.000788885 -0.00201795 0.00380724
5.0539e-07 -7.75571e-06 -6.96619e-05
-0.00269602 -0.00978455 0.0116877
0.00349533 0.000264354 0.00425454
0.0142271 -0.021075 -0.00770372
0.00440711 0.000117199 -0.000140491
0.00449919 -0.00124512 0.00107271
0.0129419 0.00780046 -0.180586
0.00380252 0.001358 -0.000186457
0.00556125 0.00283562 -0.00225865
0.0043411 0.000267885 -0.000148253
0.00372174 -0.00272208 0.00347125
0.00509288 0.000752791 0.000199182
0.00463457 -0.000261386 0.000130805
7.73584e-05 1.99143e-05 -1.09189e-06
0.00439554 -3.11517e-05 -0.000207018
0.00157427 -0.00447383 0.00539189
0.00437257 0.000191868 -0.000132072
0.00473715 -8.88267e-05 -0.000224475
0.00432411 1.36246e-05 -0.000118123
-0.000120285 -2.21371e-06 -4.35012e-05
0.00047606 0.000230924 -0.000346318
-3.98971e-05 9.4665e-05 1.75751e-05
0.00444182 3.81314e-05 -0.000123925
0.00437044 0.000122512 -0.000117905
0.000943505 -0.00269886 0.00313591
5.96651e-05 6.44884e-05 -7.4816e-05
0.00435115 -0.00130966 0.00107932
2.54532e-07 1.10173e-05 -2.26443e-05
0.00454905 0.000178207 -0.000373143
0.00125671 -0.00365314 0.00424209
0.00467558 -1.56287e-05 0.000340897
0.00474416 -2.01874e-05 -3.69235e-05
0.00462891 -0.000811995 0.000826309
0.000161016 0.000308802 0.000127593
0.00362757 -0.000491284 0.00381088
0.00452414 -0.000985515 0.000894336
0.00425851 0.000553451 0.000143435
-3.51521e-05 1.70704e-05 -7.0576e-05
0.00454879 -0.00129302 0.000951432
0.00451585 -0.00136138 0.0010381
0.0103819 0.00726769 -0.0014956
0.00545975 0.00275397 -0.00226146
0.00257942 -0.000153426 0.000381806
0.00139978 -0.00314654 0.0036445
0.00499982 0.00330808 -0.000326987
0.00145118 -0.0105728 0.00959336
0.0045804 -0.000250957 0.0001255
0.00430488 0.000553733 0.000202889
0.0137035 0.00869852 -0.294736
0.00844592 -0.0011227 0.00142508
0.00459444 -0.000148907 -0.000147303
0.0038133 0.000565916 0.00471718
0.00428029 -0.00122461 -0.000267328
0.00430159 0.000574526 0.000196171
0.00288067 0.00397965 -0.0014297
0.00373729 0.000430177 0.00439876
0.00474311 2.69634e-07 0.000359357
0.00259679 -0.00268338 -0.000799511
0.00415992 0.000745641 -0.00137209
0.00450833 -0.000176435 0.000115259
0.000545219 8.53795e-06 -0.000440246
0.00379289 -0.0033493 0.00422694
0.0044594 0.000168255 -0.000147316
0.00443125 -0.00165087 0.000980743
-0.00164621 -0.00982257 -0.00799415
0.00307838 0.00397713 -0.00148196
0.00468547 5.49995e-05 0.000175985
-0.000208969 -0.00477354 0.00673978
0.00434441 4.64298e-05 3.25639e-05
0.00220987 -0.00486142 0.00555874
0.00421036 -0.000592164 0.00205128
0.00422953 -6.79216e-05 -0.000229143
-3.10829e-05 5.34452e-05 -6.71956e-05
0.00465061 -0.00116829 0.000980119
0.00404189 -0.0013093 -3.74313e-05
0.00437609 0.000188514 -0.00013719
0.00433445 0.000187318 -0.000143559
0.00427305 -0.00191179 0.000661306
0.00673954 0.00204192 -0.000114824
3.86535e-05 -1.22746e-05 4.68281e-05
0.00582257 -0.00994107 0.00483809
1.40852e-05 1.83453e-05 -1.97495e-06
0.00523225 0.00255839 -0.00237763
-7.64878e-05 -5.8655e-05 0.000124079
0.00422949 -0.00104555 0.000689001
0.00371318 -0.00128516 0.000339653
0.00532795 0.00114231 -0.0035265
0.00378469 -0.00111277 0.00435853
0.00469632 0.00118339 6.65112e-05
0.00430192 0.000388121 3.87912e-05
0.004432 0.000266237 -0.000385602
0.000218329 -0.00132144 0.00223183
0.00425865 -0.000202926 2.93447e-05
0.00438819 -9.73728e-05 -0.000157705
0.00420797 -0.00122904 -0.000224936
0.00576637 -0.00143671 0.00223629
0.00460232 0.000730021 0.000158707
0.00433252 0.000117753 -0.000140216
0.00438762 -0.00138212 0.00124642
0.00279658 -0.00422598 0.0047606
-5.26333e-14 2.20483e-13 2.07664e-13
0.0029924 -0.00432941 0.0049191
0.00439968 -0.00111659 0.000942906
0.00426916 -0.000945755 0.000235884
0.00473015 0.0003813 0.00237655
0.0045012 0.000129102 -0.000323706
0.00329047 -0.000934953 0.000793304
0.00466421 -2.28566e-05 -2.86858e-05
-0.00311372 -0.00268835 0.00466672
0.00459602 -0.00126462 0.00102312
0.00460144 0.000162853 -0.000351796
0.00415321 -0.000338825 0.00070833
0.00457979 -0.00015421 -0.000142525
0.00393799 0.000602643 0.000138885
0.00511179 -2.49912e-05 1.02982e-06
0.00476686 0.00140764 -0.000116286
0.00442042 -0.000431412 0.00063346
0.00457992 -1.50892e-05 -0.000227508
0.00462164 -1.06776e-05 0.000283469
0.000235434 -0.00534579 0.0065587
0.0050578 -0.00111583 0.000991385
0.00437668 -0.00130989 0.000734429
0.00471531 -0.000177125 -0.000548173
0.00433647 2.99132e-05 -9.77248e-05
0.00443349 -1.50212e-05 -0.000223402
0.00075507 -0.00291913 0.00353204
-0.00120319 -0.00666533 0.00819436
0.00471256 -0.000166603 0.000125892
0.00474329 -4.43415e-06 -0.000149033
0.00438472 -0.00115999 0.000933187
0.00465073 -2.82289e-05 -0.000214423
7.29799e-05 7.37882e-05 -0.000226339
0.00294946 -0.00318246 0.0039328
0.00379496 -0.00247391 0.00406278
0.00432083 0.00123513 -8.31188e-05
0.00418156 -0.000129397 -0.000132802
0.00448095 0.000244588 -0.000156798
0.000867405 -0.00303125 0.00394467
0.00457536 0.000234207 -0.000363081
0.00467519 0.000132767 -0.000330897
0.00435484 7.70466e-05 -0.000129803
0.0037273 -0.00288644 0.00365897
0.00508426 0.000285443 0.000113883
0.0041681 0.000158608 8.84689e-05
0.00432102 1.86346e-05 -0.00013727
0.00432094 -7.80623e-05 -0.000191542
0.00442474 -0.000248508 3.05782e-05
0.00425638 -0.000843481 0.00084154
0.0110723 0.000984126 0.000684669
0.00471306 -0.000119953 -4.75792e-05
0.00405022 -0.00133747 0.000577386
0.0101815 -0.00945955 0.00514662
0.00434266 -0.000141516 -0.000126317
-7.01372e-07 2.16222e-05 -1.53915e-05
0.00440401 -0.000876398 0.000762099
0.00184805 -0.00310015 0.00377136
0.00437524 4.25214e-05 -0.000128172
1.3128e-05 -0.0167444 0.00902226
0.00439646 -1.14156e-06 -8.02438e-05
0.00442613 -0.000245606 3.03342e-05
0.00451354 -0.00024543 0.00012217
0.00441304 -0.00022528 0.000111564
0.00468582 -0.00106578 0.00094375
0.0055344 0.00248894 -0.00298205
2.39612e-07 9.13381e-06 1.15022e-05
0.00448649 -8.94359e-05 -0.00013737
0.00114687 -0.00393351 0.00435265
0.0024912 -0.000194912 0.000104765
0.00432298 -0.000118496 -0.000147039
-0.00351192 -0.00801374 0.0101103
0.00476403 -9.88812e-05 1.08715e-05
0.00466496 -0.00019219 -0.000128953
0.00195983 -0.00412202 0.00480117
-0.00371261 -0.00211753 0.00278781
0.00438995 0.000263039 -0.000412784
0.00435066 4.87651e-05 -0.000126736
0.00459831 0.000226455 -0.000363828
0.00490411 -0.000152256 -4.83771e-05
0.00478852 -0.00136454 0.0010943
0.00478704 0.000135961 0.000250072
0.00561484 0.00137794 -0.00180809
0.00405096 -0.00377092 0.00251952
0.00446929 -0.000118488 -0.000163841
0.0059191 -0.0110182 0.00701044
0.00500284 0.00060454 0.00025397
0.00437774 0.000326391 -0.000156088
0.00449917 0.0001838 1.53634e-05
0.00443841 -8.59056e-05 0.000497546
0.00288386 -0.000646674 0.000424373
0.00454213 0.000221284 3.31896e-05
0.0043736 -0.00131289 0.00122298
0.00433153 0.00060238 0.000193691
0.00428878 -0.000151528 -0.000123882
0.00433951 2.63923e-06 -0.000113671
0.00443392 -0.0014746 0.00117738
0.00435673 0.000256386 -0.000151046

VECTORS force float
1.41112e-09 6.8297e-09 -3.10761e-09
-1.10056e-08 1.02803e-08 1.07157e-09
8.90354e-09 -1.35887e-08 -2.0642e-08
-1.4223e-10 4.44165e-09 3.77904e-11
-8.73182e-09 6.65773e-09 -1.85003e-09
6.34636e-09 -6.26702e-08 -1.75863e-08
6.46235e-27 -8.63842e-25 0.0
3.29985e-08 -2.43646e-08 1.26218e-08
-2.34965e-09 9.91163e-09 -8.40234e-09
4.63049e-11 -4.62439e-12 4.15558e-12
9.29311e-10 7.94577e-11 1.42521e-09
1.88556e-10 1.28819e-10 9.51386e-11
1.84174e-09 -5.7813e-10 2.02679e-09
3.11287e-09 -5.6158e-09 2.83083e-08
-9.74215e-09 4.24897e-09 -1.96185e-08
1.11789e-09 3.03316e-09 1.11649e-09
-3.94652e-09 -2.63374e-09 9.32663e-10
2.38098e-10 -4.78717e-10 2.59545e-10
-5.07918e-10 -1.19757e-09 -4.8956e-10
-6.62812e-10 4.6614e-10 -1.3874e-10
-5.68436e-09 -2.27571e-09 -7.5804e-09
-3.34694e-09 -1.58982e-09 6.91413e-10
-9.04393e-10 -2.50892e-09 -1.30203e-09
-1.36024e-09 8.97648e-10 4.53521e-09
-2.06809e-10 1.50335e-10 6.1516e-10
2.96034e-09 2.54726e-09 -3.23505e-09
-3.79479e-09 -3.27453e-09 -2.02235e-09
5.27768e-10 8.8591e-10 -1.0307e-09
-1.76467e-09 1.02509e-08 -3.92442e-09
9.85187e-10 2.15916e-09 -9.2348e-09
1.73273e-11 -2.50893e-12 -1.38884e-12
-4.78098e-11 -4.04908e-10 -2.06936e-10
-1.25176e-08 -2.33146e-08 4.13377e-08
1.4526e-09 1.05294e-09 7.32942e-09
-4.36139e-09 3.66693e-09 -3.49844e-10
1.39091e-09 8.50597e-10 -4.67798e-10
6.91623e-11 -1.01608e-09 -3.41824e-09
-1.43673e-08 2.07295e-08 4.90913e-09
-4.88345e-09 1.84538e-09 3.62664e-10
2.56792e-09 -6.80144e-09 1.37245e-09
2.90212e-10 -2.69841e-10 -8.03212e-11
3.19965e-09 -1.18313e-08 -2.26566e-09
3.76995e-09 -6.14803e-09 1.05565e-08
-2.4807e-09 -2.06664e-09 -4.32223e-09
-1.30602e-09 5.12399e-10 -2.01281e-09
-2.0965e-09 3.73501e-10 -9.93194e-11
3.24484e-10 1.80831e-09 6.92248e-11
-2.76478e-09 -7.19934e-10 3.18281e-09
-1.89058e-09 -1.00694e-08 -3.18527e-08
-7.35783e-10 -2.93926e-10 -6.53062e-10
-3.30374e-09 2.43025e-08 -6.78473e-09
3.83507e-09 3.03481e-09 -3.10282e-10
4.08036e-09 7.85867e-09 -2.65313e-12
2.0612e-09 -3.99432e-09 -8.50497e-10
5.68687e-23 -7.44463e-24 0.0
2.58265e-10 -6.15802e-10 -1.42122e-09
1.11996e-09 8.80192e-10 1.15958e-10
-7.25337e-10 4.41698e-10 -1.36653e-09
-8.94233e-09 -1.50776e-08 1.1689e-09
4.57521e-09 -3.7261e-09 -4.78205e-10
-1.33628e-08 1.94622e-08 -1.69869e-08
2.21324e-10 3.28781e-10 6.14049e-11
-2.07143e-10 5.43958e-11 -5.3333e-10
-3.48933e-09 -1.45431e-08 5.4152e-09
0.0 -1.52174e-24 0.0
-1.63503e-09 -5.42913e-10 -8.3003e-10
-5.53177e-24 7.03104e-24 0.0
-1.36674e-08 1.12195e-08 -1.02654e-08
8.58027e-09 2.0556e-08 3.86643e-08
-1.11205e-14 -3.38872e-15 -1.73014e-17
-4.76038e-09 -1.139e-08 3.71174e-09
3.69285e-09 -1.872e-08 -2.06551e-09
-8.60809e-10 6.14882e-10 1.83776e-10
2.07177e-09 2.69914e-09 -7.40113e-09
-1.07019e-08 -2.60939e-09 1.75036e-08
-1.75953e-08 8.3126e-09 -2.05584e-08
-2.31391e-10 -4.51315e-09 -1.39848e-09
-1.86783e-09 8.28048e-09 -8.19808e-09
8.78397e-10 -1.89682e-09 -7.85007e-10
1.37194e-11 -4.90047e-12 2.64589e-12
-7.34074e-10 -7.15533e-10 1.1365e-10
4.2459e-15 5.38779e-15 4.85151e-18
-2.63762e-08 -2.96279e-09 1.50217e-09
-1.39354e-08 1.3852e-08 -4.90798e-09
-3.79774e-10 3.31883e-09 -2.44844e-10
-2.9331e-09 -4.79985e-09 -4.7408e-09
1.62151e-08 -3.13326e-08 -2.85096e-09
-1.12172e-09 5.46833e-09 3.1488e-10
-7.87916e-10 -5.59029e-09 -5.85653e-09
3.29108e-09 -2.74292e-11 -3.08106e-09
-2.599e-10 1.11566e-09 7.63007e-11
5.58656e-10 -2.26757e-09 -1.4595e-09
9.68858e-10 2.00361e-08 7.21187e-10
0.0 -1.0766e-26 0.0
7.45775e-09 -1.29022e-08 5.88097e-09
8.96636e-10 7.76819e-10 -7.26217e-11
2.48154e-24 -6.15216e-24 0.0
1.21612e-08 -1.13229e-08 1.98427e-09
0.0 1.10534e-25 0.0
8.51905e-09 -9.90243e-10 -5.97554e-10
6.46235e-27 -7.5231e-25 0.0
-1.79307e-09 8.04377e-10 -4.69381e-09
8.16681e-09 3.14763e-08 -1.20992e-08
0.0 0.0 -3.8832e-08
0.0 1.16976e-25 0.0
4.45222e-09 -1.77251e-09 7.03231e-09
-1.76021e-08 2.72766e-08 -3.10644e-08
-5.1628e-09 -3.37829e-09 -9.81441e-09
4.66307e-09 -2.61981e-09 1.33228e-09
-5.15e-10 -9.80958e-09 -7.81358e-09
-3.96537e-09 -4.03648e-10 -1.83098e-09
3.72048e-09 5.58066e-10 4.13366e-09
-8.985e-10 -6.32718e-09 -6.31315e-10
8.20666e-10 6.70756e-10 1.18151e-09
1.54234e-09 2.0129e-08 2.67376e-08
-4.75331e-09 -6.95854e-09 6.96844e-09
-7.43844e-10 3.891e-09 -3.55625e-08
8.28735e-10 1.23259e-09 -6.74662e-11
-1.81598e-09 -1.12992e-09 -1.3075e-09
2.76431e-10 5.59094e-10 2.09499e-10
7.40438e-09 1.38964e-08 -1.06944e-08
1.07533e-09 1.37337e-09 4.82309e-10
-9.63982e-10 2.78048e-09 5.51931e-10
2.22432e-10 -7.33516e-10 -5.98147e-10
-5.54291e-09 1.26262e-08 -1.84231e-08
-9.84145e-09 2.31887e-08 -2.8704e-08
-1.53111e-09 5.75863e-09 -3.32549e-10
-7.96591e-09 -1.21072e-09 -1.79272e-09
-4.10363e-09 8.36926e-09 -1.35845e-08
-1.62696e-09 -1.92084e-09 -7.04375e-10
3.69023e-10 -6.23505e-10 1.32759e-09
3.34967e-10 -1.69235e-09 -6.68483e-10
-3.16299e-09 -5.97332e-10 5.65981e-09
-1.54193e-10 -2.5828e-09 2.01072e-10
3.02527e-09 5.10114e-09 -3.61516e-09
1.34381e-09 5.44613e-09 5.07252e-10
5.61933e-09 3.81742e-09 -2.33899e-09
9.40242e-11 3.40865e-10 -2.04991e-10
-5.97296e-10 5.06177e-09 -6.22379e-10
-7.70664e-09 2.24241e-08 -2.54332e-09
-6.35415e-09 8.93783e-09 -5.85226e-09
2.30237e-10 -6.763e-10 1.09998e-09
1.45725e-09 -2.12344e-09 -4.70293e-09
-1.03563e-09 1.28102e-09 1.34868e-09
-1.09366e-09 6.89698e-09 -6.77916e-09
-6.37868e-09 -2.15806e-08 3.1502e-08
-9.44724e-10 1.40052e-08 -5.46784e-09
-3.57773e-09 6.85372e-09 -9.65912e-09
-3.58913e-08 3.51681e-08 -2.41587e-10
3.40743e-09 -1.76551e-09 -6.82699e-09
1.53032e-09 1.04451e-08 -1.06976e-08
1.03773e-10 1.09766e-10 -1.24512e-10
-7.34086e-09 3.79928e-09 -1.94523e-09
2.80426e-09 -1.44673e-09 -5.26047e-09
3.56345e-10 1.2237e-09 1.79257e-09
-1.64755e-09 4.07539e-10 -2.05189e-09
-2.50628e-09 5.28502e-10 -2.76363e-09
0.0 -1.77713e-24 0.0
1.75799e-09 1.52074e-10 4.03948e-09
0.0 7.19319e-26 0.0
-5.20294e-09 -1.04983e-09 -4.07362e-11
1.66939e-09 -1.0091e-08 -4.81195e-09
0.0 0.0 -3.8832e-08
1.08756e-11 3.53913e-11 -5.03623e-12
1.7726e-09 -1.31104e-09 -6.62039e-10
-1.61793e-09 -4.91265e-09 1.45379e-09
-2.56249e-09 5.75665e-09 7.57761e-09
-1.33156e-10 3.2931e-09 -1.01619e-09
0.0 0.0 -3.8832e-08
-1.29247e-26 -8.17206e-24 0.0
-1.49554e-09 -1.05525e-08 -2.37407e-08
-5.2452e-09 5.16469e-09 -2.68364e-09
-6.14152e-09 -3.65341e-09 -3.63997e-09
3.05726e-23 0.0 0.0
4.18368e-08 6.47451e-08 7.5557e-08
-2.01127e-08 -8.50541e-10 -9.50248e-09
2.16517e-09 -2.51107e-09 4.00493e-10
1.51006e-10 -1.83911e-10 2.81082e-11
0.0 -7.54842e-24 0.0
2.84178e-09 -7.47623e-10 2.1614e-09
-6.46235e-27 1.20279e-24 0.0
-7.58611e-09 3.79613e-08 -2.69535e-08
1.03998e-09 -3.86612e-11 -1.21804e-09
-5.18074e-09 -7.4267e-09 -5.06934e-09
2.05812e-09 4.65857e-09 1.83023e-09
1.3651e-09 2.61178e-09 -2.12901e-09
-6.08761e-10 2.50782e-09 -2.45184e-09
9.42569e-10 1.04329e-09 8.46791e-10
-3.914e-10 -2.8152e-10 -3.82452e-10
4.49555e-09 1.05408e-09 -2.1115e-10
5.08522e-09 -1.78751e-08 4.86178e-10
2.7323e-09 1.55605e-09 -4.76517e-10
7.31732e-10 1.88318e-09 3.20215e-10
-1.78958e-09 5.31582e-10 -3.90152e-10
-4.31103e-09 2.00495e-09 2.36026e-09
-2.55021e-09 -1.47427e-09 1.33871e-08
-5.38525e-09 2.58897e-09 7.11932e-09
5.94629e-10 -1.10041e-09 2.28628e-10
1.26939e-09 3.59776e-10 -7.05879e-09
-3.85915e-08 3.62577e-09 1.24006e-08
-4.71195e-10 -1.88696e-09 -3.23579e-10
-7.23247e-10 4.51406e-10 -6.25315e-10
-5.50301e-09 2.45575e-09 3.3868e-10
-1.98514e-10 -7.94682e-10 -7.89878e-10
1.82848e-08 1.95626e-09 8.53445e-09
1.0366e-08 -7.76275e-09 1.34427e-08
-1.81224e-08 2.90362e-09 2.58289e-10
-3.38149e-09 -2.58474e-09 -1.56232e-09
1.25872e-10 -3.53386e-09 -1.88287e-09
-1.83098e-09 -2.03451e-10 8.77571e-10
-8.82752e-09 1.15843e-08 -2.76566e-08
4.54619e-08 1.94743e-09 4.43212e-08
6.30893e-10 -3.18727e-09 -4.52256e-09
7.11054e-09 2.42912e-09 -2.91764e-09
1.88391e-09 -1.42424e-09 -1.06848e-09
6.46235e-27 1.68965e-24 0.0
-1.30497e-08 -1.2534e-08 -2.14522e-08
6.52704e-10 8.96519e-10 -2.69353e-09
-3.23581e-10 -1.01922e-09 -1.56453e-09
5.24312e-10 1.3602e-10 1.47903e-09
-1.77992e-08 -1.8905e-08 -5.16102e-09
-3.72249e-09 -1.89188e-08 -2.12081e-08
-2.33138e-09 -6.04123e-10 -2.08644e-09
-3.20892e-09 -8.52063e-10 -2.75493e-09
3.81686e-10 -4.93612e-10 -5.06374e-10
-1.60236e-09 2.30811e-09 -3.93138e-09
9.25482e-10 3.28752e-11 4.1374e-10
-3.51225e-09 -5.96059e-09 -3.55084e-09
0.0 -1.07201e-27 0.0
-2.19894e-09 3.39201e-10 -1.67271e-09
-6.32691e-09 -4.10048e-09 -3.71063e-09
7.14246e-09 3.91072e-09 2.37319e-11
4.99194e-11 -4.41679e-11 1.02161e-12
-4.29129e-09 -7.49917e-10 1.28346e-08
1.9531e-10 -6.07824e-10 -5.46657e-10
7.99758e-10 -1.56379e-08 2.25448e-09
2.07813e-08 -2.60285e-08 2.81663e-09
1.29247e-24 4.1359e-25 0.0
7.40449e-10 2.30647e-10 1.85326e-10
2.21581e-09 1.5478e-08 -1.69822e-09
0.0 1.39488e-26 0.0
1.65481e-10 -2.43798e-09 -3.36341e-10
-1.70616e-09 1.25708e-09 1.06914e-09
6.94919e-11 6.56799e-10 4.1106e-09
7.73225e-10 5.7911e-10 1.39055e-10
7.92546e-09 -5.20459e-09 -1.05663e-09
1.21182e-22 1.40621e-23 0.0
5.31899e-09 1.68568e-09 -2.29102e-08
-2.90634e-09 2.07195e-09 2.82445e-10
-2.3546e-10 -1.47407e-09 2.01521e-10
-1.43772e-09 -7.83837e-09 5.4699e-09
-1.93551e-09 -3.34331e-09 -3.75667e-09
1.04793e-22 1.44757e-23 0.0
3.57329e-10 -1.09222e-11 -1.33875e-10
-8.58942e-10 -1.54397e-09 -9.64997e-09
1.58064e-09 -4.94994e-09 -1.64106e-09
1.52008e-09 2.72821e-09 -4.2317e-10
0.0 2.36849e-27 0.0
1.23474e-09 1.68783e-08 1.25638e-08
-1.35536e-10 -1.54552e-09 -7.46997e-10
-1.39908e-09 3.09856e-09 -4.9441e-09
5.45517e-09 7.09162e-10 3.57281e-09
1.58566e-08 -3.33556e-08 3.76561e-08
-8.47143e-09 2.24503e-08 1.56581e-08
2.27818e-09 -6.71532e-10 -3.16628e-09
2.02596e-09 -1.57638e-09 1.92973e-09
8.49392e-09 -1.81071e-08 -1.33483e-08
1.58918e-09 5.25895e-09 4.92911e-09
3.671e-08 -3.29206e-08 -1.16052e-08
3.30347e-09 2.73534e-09 -6.22934e-09
-7.1507e-10 -1.03782e-09 -4.03705e-10
1.15419e-09 5.37166e-09 2.73214e-09
9.43761e-09 -6.81075e-09 -2.41709e-09
2.18926e-09 -3.54022e-09 7.64231e-10
-4.59212e-09 -3.42338e-09 2.63807e-08
1.30486e-08 -2.10638e-08 1.18282e-08
-2.63861e-09 1.22296e-09 -3.47792e-09
-1.37755e-09 -1.38438e-09 -4.53163e-10
0.0 0.0 -3.8832e-08
1.97733e-09 8.06294e-11 -2.08671e-09
-1.31815e-10 -7.72975e-09 -4.02133e-09
4.11492e-09 -4.49325e-09 -1.04125e-08
8.47079e-10 -3.20084e-09 -2.00979e-09
2.16872e-09 3.75914e-09 9.84308e-10
-6.29756e-09 -8.41475e-09 -3.11468e-09
-3.27948e-09 -3.4603e-09 -9.9795e-11
-1.55029e-09 -3.43599e-09 -5.00149e-09
3.04096e-08 4.32515e-08 4.77394e-08
-1.05853e-10 9.61503e-11 -3.73401e-12
2.98318e-09 -1.48082e-09 2.66216e-09
2.57625e-09 -2.66175e-09 -1.01441e-09
1.16796e-09 -2.07039e-09 -1.48698e-09
-2.71435e-09 5.85361e-10 -1.8712e-09
0.0 4.07263e-26 0.0
-5.93518e-10 1.27371e-10 -7.02932e-09
-3.51525e-09 -3.64389e-10 -2.15242e-09
3.20464e-10 -2.21771e-09 -1.6979e-09
0.0 -8.44369e-25 0.0
3.79276e-09 5.13338e-10 -1.67083e-09
-9.79444e-09 -1.52779e-08 6.89319e-09
-2.57628e-07 -2.96371e-08 5.18296e-08
-3.38386e-09 4.88401e-09 9.47538e-10
-3.63158e-09 -1.85303e-09 5.21627e-09
0.0 1.62e-24 0.0
6.51674e-09 5.73156e-09 -1.93052e-08
-6.00931e-09 -2.47682e-09 -3.86066e-10
4.16859e-09 2.7722e-08 -2.73224e-08
9.67157e-10 -5.56531e-11 -1.78244e-09
5.1583e-09 6.89566e-09 4.0421e-10
-3.58862e-11 6.92447e-10 -1.89905e-10
-3.36322e-09 -2.90684e-09 -1.66648e-09
8.95324e-11 -3.2373e-09 7.31649e-10
3.3761e-09 2.68189e-08 -3.2656e-08
-2.71077e-10 1.01958e-08 -1.26295e-09
-2.04174e-09 6.68533e-09 7.1436e-09
-7.66285e-09 -1.22916e-08 1.47322e-10
4.3738e-09 4.16267e-09 -3.61671e-09
3.67832e-09 -4.12981e-09 8.03199e-10
-3.79998e-09 6.43895e-09 -4.05945e-11
-2.07545e-08 1.077e-09 -2.97018e-08
1.0524e-09 3.00712e-09 -1.09162e-09
3.33765e-09 -2.15781e-08 1.33093e-08
0.0 0.0 -3.8832e-08
3.50937e-08 -1.62821e-08 1.105e-08
2.44171e-09 4.75952e-09 1.30233e-09
-4.8675e-10 -4.09394e-09 -2.2504e-09
-8.27397e-09 1.04554e-08 -2.05194e-08
-1.22009e-23 -8.27181e-25 0.0
-1.5516e-08 4.87743e-09 -6.8031e-09
-5.8526e-09 -2.88966e-10 1.31096e-09
-7.73131e-11 -2.96649e-10 -1.48063e-10
-1.6964e-11 -1.80763e-09 4.55924e-10
3.8847e-10 1.09981e-09 2.92989e-09
5.99967e-11 7.46722e-10 -8.2165e-10
-9.29334e-09 -1.25859e-09 -2.86702e-09
-1.32283e-08 -8.5762e-12 -8.21666e-10
-2.80917e-09 8.88845e-09 -3.26314e-09
-2.85936e-08 -3.72787e-10 2.647e-08
3.35177e-09 3.11348e-09 -2.24803e-09
-1.60423e-09 7.32364e-09 1.73807e-08
-6.46235e-27 -1.8312e-24 0.0
-1.93283e-08 6.01369e-09 2.80833e-09
-1.53738e-09 -1.68772e-09 -7.24679e-09
4.00513e-10 3.52068e-10 -5.11712e-11
-7.10532e-09 1.90841e-08 1.20436e-08
0.0 0.0 -3.8832e-08
1.83752e-09 3.44859e-09 8.68999e-10
4.53739e-09 -9.85452e-09 1.00085e-09
-1.99208e-08 -1.95758e-08 -4.20569e-09
-3.44134e-09 -4.70494e-09 -1.48976e-09
-9.00578e-09 3.81456e-09 7.82045e-09
1.83288e-09 -7.4227e-10 7.71445e-10
1.8522e-09 5.46579e-09 -4.53542e-09
-1.81788e-08 -5.87917e-09 1.92696e-08
1.35986e-09 -2.1419e-09 -2.30606e-09
4.2861e-08 -7.1162e-09 1.8635e-09
-1.98496e-08 -2.16268e-08 7.29188e-09
1.77642e-23 0.0 0.0
5.20518e-09 -1.09909e-09 -1.74153e-09
4.77008e-09 -7.01337e-09 4.25054e-09
-1.40089e-08 -1.18072e-08 -4.2711e-09
-1.03652e-08 -3.14282e-09 7.1565e-09
-5.50919e-09 -1.70343e-09 -9.76254e-10
3.05058e-11 6.98419e-12 3.55803e-12
-1.7484e-09 -5.61165e-09 5.24131e-09
0.0 0.0 -3.8832e-08
2.58781e-08 -3.05059e-08 2.24432e-08
2.85311e-10 -2.89389e-09 3.35251e-09
9.9246e-09 -1.43134e-08 3.13319e-08
2.66026e-09 5.58588e-11 1.40377e-10
-1.06606e-08 -4.05265e-09 8.41562e-09
-3.66241e-09 7.00731e-09 6.03782e-09
0.0 0.0 -3.8832e-08
-3.93303e-09 -2.3304e-09 -4.20453e-09
2.01259e-09 1.91105e-10 -8.8674e-09
-1.04881e-08 1.78983e-08 -3.96953e-09
-4.17239e-09 -6.41323e-09 -3.29081e-09
1.27832e-10 -4.45034e-10 -8.90892e-10
6.40643e-10 1.88882e-09 -3.12297e-10
3.24854e-08 -5.72693e-09 6.25833e-09
3.12805e-09 -1.57385e-08 1.70869e-08
-1.03428e-10 -3.10231e-09 8.79285e-10
2.7645e-10 1.69402e-09 -1.35386e-09
-1.67511e-08 1.58465e-09 -6.54376e-09
6.43045e-09 5.90689e-09 3.39865e-09
-3.57262e-10 3.46241e-09 1.63085e-09
-4.46763e-10 -2.20748e-09 4.89933e-09
-2.26576e-09 1.89913e-09 -3.83453e-09
1.93288e-08 -1.7675e-08 -1.33512e-08
-1.67401e-10 2.57336e-09 4.76221e-10
1.16866e-10 6.61827e-10 1.61897e-11
0.0 0.0 -3.8832e-08
6.26691e-10 -9.13831e-09 -1.79161e-08
-7.0148e-09 -4.64203e-11 -3.1426e-09
-9.80871e-09 8.17223e-09 -8.36793e-09
-5.32763e-10 5.65584e-10 -1.41064e-09
7.42646e-10 3.31861e-09 1.12309e-09
5.40556e-10 -1.50793e-09 -1.36464e-09
3.79868e-08 1.43563e-08 -4.68793e-08
-1.07859e-08 4.34346e-08 1.6469e-08
7.2699e-09 3.75835e-09 -2.55637e-09
1.68339e-09 1.73173e-10 2.24903e-10
1.125e-09 3.62678e-09 7.03866e-10
-1.32614e-09 -1.54261e-09 -1.72897e-10
-1.14207e-09 -3.24376e-09 2.92085e-09
-2.91393e-09 -1.12281e-08 1.4519e-08
-9.52902e-10 8.00526e-10 -3.13153e-10
-9.95577e-11 2.32931e-10 5.03463e-11
-3.56876e-09 1.07831e-09 -5.1542e-09
6.46235e-27 -5.97369e-24 0.0
3.15962e-09 -1.34947e-09 -1.48614e-09
0.0 0.0 -3.8832e-08
-9.82712e-09 -2.07218e-11 7.42492e-10
-5.41379e-11 -9.56048e-10 -6.45959e-10
6.4654e-10 -1.74798e-10 -1.06467e-10
-2.44145e-09 1.11928e-09 -8.92099e-10
-1.37183e-09 -2.12851e-09 -3.5643e-09
-4.2921e-18 1.83677e-17 -5.61821e-21
-5.19707e-09 -2.08887e-09 9.39554e-09
-5.15185e-09 6.90728e-10 -1.32766e-09
3.70331e-08 -2.64682e-08 -4.18946e-09
1.01368e-08 1.18277e-08 -1.40946e-08
5.93849e-10 2.39949e-09 7.71922e-10
-3.76624e-09 6.19498e-09 -7.20434e-09
7.82617e-09 -1.07603e-08 4.64028e-09
-1.73917e-09 1.47e-09 -3.22015e-09
1.28154e-08 1.98311e-09 4.39666e-09
-4.0276e-08 -3.53265e-09 -8.14875e-08
-3.53231e-09 -3.41847e-11 -1.34044e-09
-2.51469e-09 1.11857e-10 1.73891e-09
3.07414e-10 -1.45897e-09 -1.67975e-09
3.89771e-09 9.35096e-10 -3.81506e-10
-2.34765e-09 8.51087e-09 -4.89322e-09
-3.21607e-10 -3.52093e-09 5.54867e-09
1.47155e-09 6.73603e-09 1.7597e-09
5.59958e-09 2.20858e-09 -5.92311e-09
-4.88135e-09 2.01432e-09 -1.04136e-08
-5.51565e-10 -3.29803e-09 -3.41198e-09
1.4836e-09 -1.4814e-09 -1.43386e-09
-5.5913e-09 -4.7119e-09 -3.29847e-09
-3.38374e-10 9.5351e-10 2.28713e-09
5.78086e-10 -5.85673e-10 1.84249e-11
-9.17882e-09 -1.17329e-09 1.39739e-09
-8.64372e-10 1.4957e-09 -2.8637e-09
2.32496e-09 1.47739e-10 -4.12524e-10
6.32261e-10 5.71484e-10 6.06231e-10
5.28246e-09 5.20673e-09 -1.44398e-09
4.41845e-10 2.81266e-10 -3.42502e-10
5.7806e-09 -1.75097e-09 -4.16607e-08
-4.44745e-09 2.77854e-09 4.11795e-09
-8.60043e-09 -3.85847e-09 -2.78075e-09
7.73705e-08 6.01573e-08 1.0796e-07
-9.47261e-10 5.75327e-09 1.78254e-08
4.11557e-12 -3.6077e-12 -8.81203e-13
6.00599e-09 -5.88571e-10 -3.0947e-09
4.54949e-24 2.06795e-23 0.0
1.66808e-10 3.63902e-09 1.54567e-09
-1.15869e-08 2.14407e-09 -2.01716e-09
2.38484e-09 3.00393e-11 8.01546e-09
1.67608e-08 -5.30103e-09 1.31529e-08
-4.49088e-08 -6.98926e-08 1.31001e-07
2.3827e-08 -9.35733e-09 1.65886e-08
2.91829e-10 9.85112e-10 6.97258e-10
2.57971e-09 -1.05527e-09 -2.9136e-09
-2.27565e-09 1.08684e-10 -2.8336e-10
1.29841e-08 -3.14634e-08 -7.36627e-09
6.5581e-09 3.84393e-09 -7.92979e-09
-5.4593e-09 -8.324e-10 8.95944e-09
-1.42528e-08 -4.90548e-08 5.83021e-08
1.95744e-09 -1.63835e-08 -6.42163e-09
-5.73996e-09 -8.2945e-10 -1.22718e-08
1.35864e-07 4.76448e-10 1.58494e-07
-7.31896e-11 3.80259e-09 -1.41684e-09
7.00756e-09 -2.05153e-08 -5.79453e-08
-1.12238e-09 -1.16661e-08 -3.18667e-08
1.00213e-08 -2.74359e-08 3.02173e-08
4.03835e-08 6.62229e-09 -3.00291e-08
1.81726e-09 6.35866e-09 1.72429e-09
1.33436e-09 -2.28261e-10 -3.26909e-09
-9.61093e-09 3.59897e-09 -1.71427e-08
-1.86076e-09 3.04898e-09 -2.44638e-08
-4.92704e-09 7.05387e-09 6.8655e-09
-9.89766e-09 7.94538e-09 1.87405e-08
5.35156e-09 -4.16531e-09 5.86478e-09
-1.47858e-09 1.64087e-09 1.04827e-09
-2.48154e-24 5.32498e-24 0.0
-2.68016e-12 -6.75369e-09 -9.00739e-09
-5.52619e-09 -6.44901e-09 -2.70422e-09
2.46061e-08 -2.75631e-08 -1.252e-07
8.58782e-09 -1.51225e-09 -1.32568e-09
-2.01651e-09 -1.36386e-08 -2.34288e-08
-1.21196e-09 2.40529e-09 -4.63099e-10
1.25641e-09 -8.21315e-10 -6.46438e-10
1.43529e-09 3.51281e-09 5.18978e-10
-4.32961e-09 4.39541e-09 -2.25691e-09
-1.01597e-08 1.24967e-08 8.62993e-09
0.0 0.0 -3.8832e-08
9.64562e-10 1.42056e-09 -9.83674e-09
-1.48171e-09 -7.64973e-10 4.16826e-11
-1.83824e-09 1.74828e-09 2.10973e-09
8.28325e-09 -2.41292e-08 1.86591e-08
-3.86832e-09 3.85649e-08 -2.34848e-07
2.23145e-08 3.54232e-09 1.75443e-08
-2.17184e-08 5.74779e-09 -1.51403e-08
5.69993e-09 -4.13634e-09 -3.83836e-09
7.44105e-09 5.91838e-10 1.05824e-09
1.03992e-09 -1.33723e-09 -1.36566e-09
-5.68589e-09 1.01899e-08 1.94031e-09
-6.46235e-27 3.68281e-25 0.0
4.59498e-09 4.11874e-10 6.75679e-09
-6.41395e-09 -1.83182e-09 -8.51518e-10
1.90517e-08 -2.10658e-08 2.93689e-08
3.35145e-09 -4.43324e-09 -3.15555e-10
-2.80203e-09 -5.2997e-09 -9.14053e-10
9.84955e-09 1.11867e-09 -1.48787e-08
-5.471e-10 -6.17645e-09 -2.62796e-09
6.11106e-09 -2.78262e-08 -6.93579e-09
-1.05025e-09 1.00059e-10 1.29266e-10
-3.96163e-09 2.97026e-09 -6.55841e-10
-6.13335e-09 1.35641e-08 1.65259e-08
4.74617e-08 -5.84364e-09 2.76905e-08
-3.8582e-09 -1.87881e-09 -4.18088e-10
-4.18529e-09 -2.22146e-09 4.9819e-09
3.03697e-16 -6.79804e-16 2.02666e-16
-5.02587e-09 1.0332e-09 -1.06299e-08
-7.17928e-09 1.21486e-08 -4.98092e-09
0.0 -3.4108e-24 0.0
-4.24814e-09 -1.71478e-09 1.56668e-09
2.8156e-09 -3.40646e-09 -9.53699e-09
1.5612e-09 4.76981e-09 8.89795e-11
-1.23384e-10 6.89861e-10 -4.0173e-11
0.0 0.0 -3.8832e-08
2.24539e-09 1.04381e-09 -1.62319e-09
1.09575e-08 -1.00626e-09 -2.40536e-09
-5.71453e-09 8.57365e-09 -2.89207e-09
-3.46865e-08 -7.29153e-09 1.71706e-08
-4.41614e-10 3.74621e-09 -2.24805e-09
-7.30144e-09 -1.31611e-08 1.54376e-09
1.6451e-10 3.34894e-09 -1.14177e-09
-1.11558e-10 2.22445e-09 1.54913e-10
-4.19972e-09 -2.40433e-08 3.2564e-08
-3.23629e-09 -2.75504e-09 -3.56506e-09
-2.90321e-09 3.9991e-10 -1.06531e-09
2.72877e-09 -3.36967e-09 -9.76765e-11
0.0 0.0 -3.8832e-08
-2.16938e-09 2.33758e-09 3.19166e-09
-2.17573e-09 -2.99423e-09 1.57057e-09
4.5528e-09 1.26383e-09 -2.58134e-09
-4.22805e-10 6.92971e-10 -3.60773e-09
-8.57085e-10 -1.68435e-09 -1.12486e-08
1.00389e-09 -5.2703e-10 8.03103e-09
6.68572e-09 3.28465e-09 -9.00301e-10
-8.16841e-24 -1.65436e-24 0.0
6.42525e-10 1.1456e-09 -9.97463e-09
-6.78837e-09 -4.91505e-10 -1.56006e-09
5.35193e-10 -7.91181e-10 -9.87918e-10
-1.98512e-08 1.98091e-08 -1.81001e-08
2.21352e-09 2.12813e-09 -3.93186e-09
-5.74566e-09 1.12181e-09 -4.19069e-09
-3.43384e-08 2.85021e-09 -7.12085e-10
1.67496e-08 -1.43591e-09 3.83078e-08
-7.92305e-09 -3.89106e-09 -2.72438e-09
3.67233e-08 -2.76694e-09 6.96275e-09
1.99315e-09 3.05286e-10 -1.60747e-09
-3.8411e-09 3.35393e-09 -1.26866e-09
3.77262e-09 -4.98121e-10 5.55144e-10
2.0215e-09 8.23299e-10 4.24896e-10
1.35829e-09 -2.3549e-08 -4.79337e-08
-8.60113e-09 2.72293e-08 -2.91418e-08
-2.06795e-24 2.23339e-23 0.0
1.9512e-09 5.10909e-10 -3.13369e-09
0.0 0.0 -3.8832e-08
-1.65063e-09 1.05106e-09 2.43796e-10
1.3741e-08 -1.01802e-08 6.75996e-09
4.00185e-09 5.231e-09 -1.38061e-09
1.05489e-08 1.56815e-08 -5.77818e-08
3.8917e-09 -2.58341e-11 2.0219e-10
-5.1795e-10 -1.30661e-10 3.16908e-10
-1.84528e-09 -7.24306e-09 2.6741e-10
-4.15477e-09 4.54187e-09 -1.9967e-09
2.12423e-08 -8.14478e-09 4.31529e-08
-3.31502e-09 -2.53137e-09 -1.40992e-08
5.06449e-10 -1.11791e-09 4.30759e-10
2.60718e-09 -1.66629e-09 1.10788e-09
-6.57151e-09 7.08582e-09 1.39153e-09
-6.86918e-10 -4.26701e-09 2.31317e-09
0.0 0.0 -3.8832e-08
3.90217e-09 -1.70726e-08 -4.10537e-09
1.74172e-09 -1.78226e-08 7.97905e-09
2.77668e-09 -1.5516e-10 -1.70724e-10
1.45522e-10 5.9609e-12 -3.73583e-08
-1.01808e-08 1.31327e-08 6.10379e-10
-8.53427e-09 -1.52634e-09 -2.06259e-08
2.28332e-08 7.98386e-09 2.33392e-08
-2.50768e-09 1.78867e-09 -1.37861e-10
-8.50008e-09 -3.14789e-09 3.50037e-09
5.87724e-10 4.03604e-09 -1.77109e-09
5.98943e-09 -4.56663e-10 -5.53476e-09
3.09191e-09 1.96524e-09 2.97682e-09
-5.66512e-09 -4.23615e-09 -3.93048e-09
-1.82698e-09 4.71947e-09 3.89193e-09
-1.19323e-08 9.59879e-09 -5.05578e-09
2.53096e-08 -1.15589e-08 2.05587e-08
7.59222e-10 1.37412e-09 -9.06214e-10
8.25684e-09 7.6229e-09 -5.64981e-09
-2.58046e-09 -1.75156e-09 5.36283e-10
-1.12584e-08 -6.26956e-09 -9.37177e-09
3.40446e-13 -2.14406e-13 4.45951e-16
-1.92937e-10 -8.50185e-10 1.28578e-09
1.14907e-08 -2.99607e-08 3.13436e-08
4.86889e-09 -8.11448e-10 1.54222e-09
1.50687e-09 3.40618e-09 -2.39473e-09
1.48341e-09 1.27922e-09 3.57946e-09
0.0 0.0 -3.8832e-08
0.0 0.0 -3.8832e-08
5.94349e-09 -5.04609e-10 1.73667e-09
-3.23125e-10 -3.04486e-09 9.09706e-10
3.70525e-09 2.66664e-09 -5.32084e-08
1.69738e-09 3.76149e-09 5.09212e-10
2.02727e-09 4.29671e-09 -2.24379e-08
-1.71701e-09 1.45901e-09 6.13176e-10
-2.65421e-09 1.13744e-09 -2.90185e-10
2.35042e-09 7.36569e-10 1.27706e-10
-1.22775e-08 3.29986e-10 5.45504e-09
2.09208e-08 -7.40697e-09 -1.39917e-08
7.69553e-09 -8.87145e-10 -1.28776e-09
1.5013e-09 -7.13249e-10 -2.27348e-09
2.92848e-08 3.44129e-08 -6.42877e-09
-1.30752e-09 3.6986e-10 1.86875e-09
-1.39608e-09 6.4854e-09 -3.40683e-09
1.07362e-08 -2.88123e-09 2.34804e-09
6.3372e-10 -4.84699e-10 -6.94395e-09
-1.14487e-08 1.92331e-09 3.55397e-09
-4.28778e-09 1.72117e-09 3.6526e-10
1.3675e-10 1.09609e-08 -1.37934e-08
6.87775e-09 -5.31472e-09 1.76787e-08
4.7463e-09 3.97039e-09 3.4428e-09
7.18898e-10 -2.46839e-11 5.164e-10
2.36606e-09 1.35315e-09 -6.39413e-10
-1.22678e-08 -4.22202e-10 3.47506e-09
-1.37209e-08 4.8265e-09 9.60361e-10
-2.82145e-09 8.5024e-09 -5.03336e-09
0.0 0.0 -3.8832e-08
7.45091e-10 4.8406e-10 -4.85045e-10
-6.40261e-11 -2.78197e-09 -8.4669e-10
1.85212e-08 -3.04688e-09 -8.63317e-10
-7.55465e-10 2.63077e-09 -6.05668e-10
4.40783e-09 -3.47476e-09 2.94731e-09
-4.0559e-09 8.53276e-09 -1.19156e-08
-1.49237e-09 -2.71891e-09 -1.19127e-09
-2.17416e-08 6.78474e-08 8.15551e-08
1.95526e-09 3.49364e-09 -1.41837e-09
-1.38433e-08 5.56535e-09 8.0282e-09
1.96774e-09 2.7401e-10 2.11433e-10
-8.7896e-10 7.80485e-10 -5.57289e-11
4.29271e-09 -5.66663e-09 1.23017e-08
-7.60119e-11 2.45717e-09 -9.78908e-10
-1.16898e-09 5.45293e-10 -6.03698e-10
-1.13746e-08 -1.86859e-08 3.49378e-09
-1.24066e-09 1.90155e-09 1.05254e-09
-5.46048e-09 2.65272e-08 -3.04561e-08
-2.26604e-09 1.06342e-09 -9.32883e-10
-5.79623e-09 1.85787e-09 -1.15096e-08
2.60517e-09 2.85266e-08 -2.32301e-09
1.32797e-09 3.28828e-10 -6.72813e-10
-1.15695e-09 6.62092e-10 2.29997e-09
4.51242e-09 -1.85014e-09 1.61748e-10
5.9029e-09 -4.79138e-08 1.77703e-07
7.24363e-09 -2.91004e-09 4.78301e-09
1.39134e-09 7.72839e-10 1.2528e-10
-4.66507e-10 -9.85903e-10 -3.62357e-09
0.0 1.66125e-23 0.0
3.46534e-09 -8.71294e-09 2.26888e-10
0.0 0.0 -3.8832e-08
-1.18908e-09 1.19558e-08 -4.60432e-11
-5.58779e-09 3.09783e-10 4.6874e-09
-4.58757e-09 4.77101e-10 -3.82709e-09
1.98937e-08 -4.57076e-08 -9.06416e-08
-6.71151e-10 3.15961e-09 5.3669e-11
1.04879e-08 9.32639e-09 3.8533e-09
9.04854e-10 7.35521e-09 1.50381e-09
-1.17983e-09 6.25864e-11 4.21113e-10
-2.81466e-09 -1.93319e-09 1.69442e-10
-5.62619e-08 -2.35514e-07 -1.03471e-07
2.29966e-08 -1.34178e-08 -7.41894e-09
8.04778e-10 9.64248e-11 2.98984e-10
6.71004e-08 -5.77809e-08 8.64862e-08
5.13878e-08 3.68858e-08 -1.74819e-07
1.70239e-10 -3.24045e-09 -8.2544e-10
5.76962e-09 -6.26435e-09 5.71002e-10
3.98653e-08 1.4221e-09 -7.4678e-09
0.0 0.0 -3.8832e-08
-4.35191e-09 3.38492e-09 2.63851e-09
-3.50279e-09 1.27392e-08 3.2148e-09
3.76855e-09 -1.8289e-09 1.25352e-10
2.31414e-08 3.26053e-08 -3.38735e-08
4.36859e-11 9.12187e-10 -3.46936e-10
1.58689e-10 -1.6407e-10 1.76125e-10
-6.08667e-09 7.75204e-09 -5.4152e-10
5.47318e-11 -3.9252e-10 5.28312e-10
5.59302e-10 -1.07071e-08 6.91805e-09
5.37741e-09 -5.52346e-10 5.70254e-10
-5.02774e-09 2.80393e-09 5.356e-09
4.26895e-09 -2.59155e-09 -4.40502e-10
9.28937e-09 -2.68198e-08 2.33215e-08
1.03703e-08 -3.87201e-09 -6.63304e-09
2.01043e-09 3.36386e-09 -1.88881e-09
-3.02866e-09 -2.48634e-09 -6.1314e-10
3.01556e-09 -5.36448e-09 -1.69674e-09
1.57788e-07 2.53806e-08 -4.80377e-08
1.3928e-09 -1.673e-09 9.63102e-09
-5.66597e-09 -5.0412e-09 3.17867e-09
1.24195e-09 -4.92799e-09 -1.70659e-08
1.55998e-09 -2.9503e-11 2.70741e-09
-1.13827e-08 3.13787e-08 -3.07706e-08
3.80411e-09 -7.70438e-09 9.6641e-09
1.86359e-09 -5.82877e-10 -1.25758e-09
6.80997e-09 -8.36525e-09 5.67117e-09
5.85922e-08 -1.21582e-08 4.7946e-08
-1.60035e-08 2.03082e-08 1.37369e-07
7.43489e-09 -1.72701e-08 6.22802e-09
-7.8085e-10 -1.28467e-09 -2.81494e-09
-2.62079e-09 -1.18825e-09 -7.25405e-09
-7.30644e-09 3.40893e-09 -2.29824e-09
-5.43241e-09 2.16419e-09 -5.06739e-09
7.44658e-12 -1.34328e-08 -7.96647e-09
-2.75754e-09 -7.17629e-10 -1.9689e-10
1.60899e-08 -4.62713e-08 2.64664e-08
-5.6233e-09 2.73907e-08 -3.0925e-08
1.02881e-09 -3.74137e-09 2.26731e-09
1.95593e-08 4.41639e-08 -2.80887e-08
5.29116e-10 3.35805e-10 -3.10743e-10
-1.7023e-09 -2.11941e-09 3.76679e-10
0.0 0.0 -3.8832e-08
7.54745e-09 3.59039e-10 1.7214e-08
-2.8281e-10 1.66385e-09 1.9846e-09
1.33865e-08 -8.57922e-09 -3.39237e-08
-1.41055e-09 1.73395e-09 1.39544e-10
-8.57734e-11 2.80653e-10 6.7958e-12
3.98666e-08 2.28506e-08 -3.9899e-09
-5.34989e-10 4.10753e-10 1.63533e-09
2.36184e-08 1.07259e-08 1.93903e-08
-5.46509e-09 4.79483e-08 2.03739e-08
1.64772e-10 1.17024e-08 -1.2109e-08
-1.38108e-09 -2.9967e-09 -1.3261e-09
1.61841e-08 5.29986e-09 4.54928e-08
-6.12038e-08 1.29808e-08 -1.16941e-08
1.00143e-08 -3.97383e-09 5.30318e-10
-2.85714e-10 -1.37122e-08 -4.46698e-09
0.0 0.0 -3.8832e-08
-3.47494e-08 3.81126e-08 -2.66664e-08
-1.05398e-08 3.59869e-09 3.33047e-08
-2.2587e-09 -1.46603e-08 -2.55551e-08
4.096e-09 -2.8286e-09 -1.46005e-10
-1.8534e-09 2.7118e-08 -3.2035e-08
3.38605e-08 -1.13569e-09 4.18584e-09
3.64837e-09 3.47652e-09 1.52416e-09
6.11582e-09 -2.84212e-09 9.1169e-09
1.60998e-08 -8.64916e-09 2.5944e-09
-2.20305e-10 3.04011e-09 1.39206e-09
5.12345e-09 -2.52474e-09 -1.55137e-09
2.64859e-09 -3.11816e-09 1.11764e-09
7.46522e-10 -1.68456e-09 -1.4544e-09
-2.22314e-09 -3.98013e-09 -1.25285e-08
-1.29154e-09 9.72445e-10 -4.30485e-09
-1.55034e-08 2.80576e-08 -1.86305e-08
1.04992e-09 1.78865e-09 -1.18765e-09
-4.5614e-09 1.18138e-08 -6.66305e-09
-6.55185e-10 -7.2424e-09 3.71838e-09
-3.7158e-09 7.12725e-09 -1.45839e-08
8.80763e-11 2.48823e-09 -1.13621e-09
3.14422e-09 -7.60734e-09 6.77996e-09
-6.71964e-09 -4.87522e-09 2.59884e-08
3.69162e-09 -1.11754e-08 -3.01904e-09
4.78774e-09 -1.54508e-09 1.74391e-09
1.1121e-09 3.52356e-10 1.39843e-10
3.14876e-08 -3.23133e-09 -9.78102e-09
6.35583e-11 8.89636e-10 3.40089e-11
6.133e-09 1.69163e-09 -3.73367e-09
2.65448e-09 1.17408e-09 -2.31579e-09
7.22923e-08 -8.34619e-08 8.70381e-08
3.45904e-09 6.91893e-10 1.07013e-11
2.50641e-09 -6.20512e-09 2.74051e-10
7.40328e-09 -1.4734e-08 -5.25501e-09
-5.37053e-08 4.17012e-08 -3.85289e-08
-2.08089e-18 8.71688e-18 -3.96602e-18
-2.93121e-09 1.70621e-08 -2.96417e-08
1.73236e-08 -6.61599e-09 2.93017e-09
-5.66716e-10 -2.96824e-09 9.79312e-10
-3.52534e-08 -7.04647e-08 1.00417e-08
-1.93502e-09 3.84701e-09 -2.30139e-09
4.78352e-09 -2.78787e-08 2.23912e-08
4.88737e-09 -5.79736e-09 -1.25845e-09
-7.11767e-09 -1.21017e-08 1.04319e-08
8.0816e-10 5.0812e-09 -5.65713e-09
-2.06233e-09 3.00385e-09 -1.69767e-09
-3.87207e-09 -3.50404e-09 -5.56883e-09
-5.86747e-11 3.28072e-09 -1.24529e-09
-1.40228e-11 6.33036e-09 -3.37624e-09
1.22249e-10 9.8865e-10 -5.3049e-09
2.06212e-09 -1.55231e-09 8.80938e-10
-1.70362e-09 -2.41532e-10 -9.76364e-10
2.36972e-10 6.04271e-10 -4.53667e-10
4.00661e-09 4.5222e-09 9.64894e-09
-2.61774e-08 -1.29578e-08 1.50216e-08
-8.34035e-09 6.78313e-09 -6.31393e-09
4.99474e-10 -5.25429e-09 -1.03849e-09
5.21375e-09 -1.30888e-09 -2.07009e-09
-1.35872e-09 -2.29913e-09 -1.13906e-09
-2.67944e-09 2.80146e-09 -1.98617e-09
-4.75037e-08 -2.29886e-08 2.98993e-08
4.45697e-09 3.82696e-08 -3.00483e-08
4.59224e-10 -7.42042e-10 -1.31931e-10
-2.09149e-09 -4.29342e-09 -7.11761e-10
5.91586e-09 -9.06192e-09 2.48921e-09
-8.97825e-10 2.96025e-09 -7.11413e-10
-2.0395e-08 7.66307e-09 1.55035e-08
-3.48121e-08 4.00639e-08 -3.37373e-08
1.3602e-08 3.35605e-09 4.00248e-09
4.85619e-08 1.63354e-09 2.1929e-09
-2.42138e-09 3.04423e-09 -1.38088e-09
9.34373e-09 -3.398e-09 -1.44326e-10
6.07432e-09 -1.85978e-08 5.67151e-09
2.97493e-10 -1.51479e-09 1.8597e-10
-2.04131e-09 2.60853e-09 -2.79274e-09
3.59074e-09 -1.65235e-09 2.45693e-10
-1.01858e-08 3.17242e-09 8.99938e-09
-3.52524e-10 -8.3639e-10 -2.87845e-09
3.34217e-09 -4.27211e-09 -6.87108e-10
4.4972e-10 -3.13216e-09 -1.71061e-09
1.37464e-10 1.36635e-09 3.94981e-10
7.20412e-10 -5.04005e-10 -3.36028e-10
-5.06939e-10 -4.5365e-10 -1.61579e-09
1.17677e-08 -4.97995e-10 9.99355e-09
-6.71897e-09 -1.53688e-09 1.57472e-09
-1.06132e-09 -4.34725e-10 -2.9181e-09
-5.82506e-08 2.81678e-08 -2.79751e-08
5.19582e-09 1.94867e-09 -2.65644e-09
-1.4107e-09 -4.19512e-09 -2.83142e-09
-5.57274e-09 1.01662e-09 1.46309e-08
-2.09643e-08 -2.88149e-08 4.80432e-08
5.42156e-09 -2.70489e-09 3.0734e-10
2.12126e-09 1.5172e-08 -6.58113e-09
-1.37429e-09 -1.82584e-09 -4.94574e-09
4.03408e-10 3.18449e-10 -2.5712e-10
-4.13653e-10 6.46409e-10 -4.24601e-10
8.6782e-11 6.98039e-11 3.54401e-10
1.25659e-08 -1.44236e-08 7.8261e-09
-2.59143e-09 8.2593e-09 -1.24572e-08
-1.51262e-09 1.53223e-09 1.77744e-09
3.27114e-09 1.27085e-09 3.13805e-10
-4.14811e-08 5.32537e-08 -5.53959e-08
-1.15887e-08 -2.45651e-08 3.37723e-08
2.01419e-09 -1.27869e-09 -1.70873e-10
4.98029e-09 2.65296e-08 -3.24747e-08
-5.18569e-09 -3.70226e-10 1.48428e-09
-7.52048e-09 1.04313e-10 -3.09194e-09
-4.89317e-09 1.6553e-08 -1.78902e-08
-4.28764e-08 -5.92009e-09 2.49421e-08
-3.18509e-09 1.43486e-09 -1.28227e-09
3.48432e-10 -2.08203e-09 -3.70678e-10
1.28967e-09 8.49315e-10 -1.24007e-09
-1.20841e-09 -5.73726e-10 5.82839e-10
8.53593e-09 6.43985e-10 9.15039e-11
5.55217e-11 1.10344e-08 4.67351e-08
3.23832e-08 2.33988e-08 3.0578e-08
-4.28226e-11 2.47977e-09 -3.96614e-08
3.1329e-09 1.86385e-09 -2.2714e-09
-2.75788e-08 6.23825e-08 -4.27463e-08
-3.86066e-09 -3.17114e-09 7.0658e-10
3.24865e-09 -8.93019e-10 -7.71014e-10
-7.87873e-10 -1.12787e-09 1.89017e-10
-1.97687e-09 -2.93256e-09 5.81279e-10
-7.16224e-09 -2.23449e-08 2.48126e-08
-1.4629e-09 -7.91875e-10 6.44049e-10
1.2313e-08 -1.07932e-08 -1.21618e-09
3.22965e-10 1.04626e-09 -7.42542e-10
-1.60804e-09 3.03392e-09 -1.7361e-09
3.45357e-09 -7.47919e-10 1.60807e-10
4.02848e-09 -7.98828e-10 5.08342e-09
4.19988e-09 -2.61712e-09 2.74235e-10
