# vtk DataFile Version 3.0
LIGGGHTS particles timestep 5200000
ASCII
DATASET POLYDATA
POINTS 812 float
0.0320576 0.0172107 0.00738126
0.0373324 0.0168848 0.00757915
0.0314922 0.0174864 0.00727864
0.0384046 0.016353 0.00787073
0.0306505 0.0163141 0.00798529
0.0367445 0.0157257 0.00859216
0.0368088 0.0159123 0.00835465
0.0369796 0.0165424 0.00776026
0.0362634 0.0151233 0.00935729
0.0429699 0.0176365 0.00738225
0.0432289 0.0187552 0.00703415
0.0431293 0.0171735 0.00754769
0.0369162 0.0162802 0.00789323
0.0370618 0.0158188 0.00848887
0.0428397 0.0170809 0.00756752
0.031608 0.0171318 0.00764352
0.0384342 0.0173732 0.0073045
0.0372683 0.0166235 0.00771174
0.043035 0.0179143 0.00728962
0.0429048 0.0173587 0.00747489
0.0378299 0.0176522 0.0071908
0.0374691 0.0161672 0.00806069
0.0384204 0.0176804 0.00717935
0.0358314 0.0147045 0.0113346
0.0426608 0.016317 0.00796327
0.030215 0.015077 0.0095814
0.0363278 0.0153017 0.00912484
0.0391127 0.0180474 0.007082
0.0380576 0.0187589 0.007075
0.0300913 0.0148826 0.0101066
0.0361989 0.0149451 0.00958985
0.0430641 0.0168956 0.00764035
0.0378845 0.0164631 0.00777519
0.0366943 0.0164637 0.00780921
0.0366152 0.0153623 0.00905493
0.0431966 0.0174537 0.00745433
0.0427115 0.0165249 0.00775299
0.0427746 0.0168031 0.00766015
0.0366795 0.0155434 0.00882458
0.0383049 0.0161772 0.00809244
0.0370011 0.0156374 0.00871994
0.0434229 0.0172705 0.00752651
0.0379684 0.0170106 0.00749878
0.0304736 0.0156902 0.00858626
0.0361431 0.0149016 0.00988134
0.0378835 0.0179232 0.00707386
0.0381887 0.0165156 0.00774055
0.0431002 0.0181935 0.00720141
0.0364565 0.0156602 0.00866136
0.0363922 0.0154802 0.00889255
0.0365774 0.0160231 0.00819917
0.0366358 0.0162459 0.00800703
0.0381199 0.0167775 0.00761133
0.0431654 0.0184742 0.00711789
0.0365196 0.0158416 0.00843093
0.0368673 0.0160939 0.00812318
0.038732 0.0173384 0.00731378
0.0376573 0.0182477 0.00704418
0.0384017 0.0168676 0.0075585
0.0371079 0.0170651 0.00749509
0.0371717 0.0161827 0.00802476
0.0376272 0.0163474 0.00788035
0.0376317 0.0168657 0.00758054
0.0387124 0.01762 0.00721216
0.0376966 0.0171269 0.00744801
0.0376233 0.0165977 0.00771495
0.0372365 0.017588 0.00722976
0.0374623 0.017409 0.00731318
0.0373298 0.0163603 0.00784183
0.037397 0.0171465 0.00744637
0.037172 0.0173265 0.00736273
0.0375315 0.017679 0.00717612
0.0432618 0.0177316 0.00736165
0.0380348 0.0172717 0.00736672
0.0303444 0.0152803 0.00903195
0.0379023 0.0181907 0.00720841
0.037763 0.0173887 0.00731753
0.0360878 0.0148514 0.0101719
0.0376636 0.0158102 0.00853225
0.0374166 0.015985 0.00829317
0.0383796 0.0179641 0.00708875
0.0370437 0.0168037 0.00762767
0.037119 0.0160007 0.00825731
0.0359634 0.014768 0.0107528
0.0305996 0.0161541 0.00823387
0.0369374 0.0154563 0.00895043
0.0385952 0.0185037 0.00702684
0.031136 0.0171064 0.00738755
0.0381431 0.0177847 0.0071321
0.0308237 0.0159761 0.00832595
0.0425988 0.0161233 0.00818375
0.0425352 0.0159487 0.00841925
0.0385398 0.0182035 0.00700479
0.0382811 0.0183535 0.00702853
0.0318694 0.0166521 0.00761898
0.042999 0.0166178 0.00773299
0.038765 0.0165541 0.00770549
0.0380622 0.0162857 0.00793941
0.0384177 0.0189332 0.00707557
0.0380384 0.0160862 0.00819576
0.032327 0.017095 0.0074445
0.0377417 0.0159895 0.00830483
0.0374819 0.0187231 0.00715705
0.0304078 0.0154644 0.00880381
0.037829 0.0194203 0.00723575
0.0372976 0.0156176 0.00876131
0.0313362 0.0157696 0.00855761
0.0305373 0.0159013 0.00838291
0.0373592 0.0158033 0.00852484
0.0358974 0.0147341 0.0110434
0.0391658 0.0183274 0.00698813
0.0304604 0.0157506 0.00887981
0.038335 0.0186448 0.00707571
0.0365508 0.0151841 0.0092875
0.0373331 0.0191919 0.00731754
0.030831 0.0170122 0.00748238
0.0386803 0.0187905 0.00705032
0.0375974 0.0156293 0.00876226
0.0368853 0.0172472 0.00741002
0.0369495 0.0175096 0.00727962
0.03812 0.0181005 0.00702279
0.0375863 0.0179563 0.00705021
0.0314531 0.0161896 0.00814557
0.0382797 0.017114 0.00743849
0.0381731 0.017508 0.00724415
0.0308854 0.0161875 0.00812225
0.038698 0.0168227 0.00757284
0.036757 0.0167246 0.00767513
0.0307662 0.0167335 0.00757233
0.0323546 0.0163031 0.00796684
0.0311582 0.0161066 0.0082171
0.0386717 0.0179006 0.00711419
0.0310264 0.0178391 0.00718621
0.0388868 0.018436 0.00700745
0.0307608 0.0157648 0.00852943
0.0328863 0.0168325 0.00758566
0.0370146 0.0177797 0.00716655
0.0302797 0.0151786 0.00930668
0.0331505 0.0170009 0.00752345
0.0373016 0.0178553 0.0070982
0.0368211 0.0169859 0.00754256
0.0381479 0.0190614 0.00710385
0.0326409 0.0172734 0.00738011
0.0306639 0.0153329 0.00894729
0.0326021 0.0169907 0.00750302
0.0370793 0.0180534 0.00706233
0.0374519 0.0184251 0.0071721
0.0317977 0.0164537 0.00783232
0.0377799 0.0161726 0.00807033
0.031692 0.0160592 0.00827185
0.0357653 0.0146793 0.0116261
0.0424701 0.0157743 0.00865453
0.0377122 0.0185476 0.00707888
0.031208 0.0173924 0.0073007
0.0310668 0.0168282 0.00750485
0.0321683 0.0166054 0.00765318
0.0312894 0.0176971 0.007212
0.0372339 0.0154365 0.00899182
0.0331054 0.0172873 0.00739514
0.037776 0.018837 0.00714262
0.0370063 0.0171462 0.00776543
0.0372626 0.0189117 0.00723666
0.0305284 0.0151018 0.00948389
0.031823 0.017039 0.0074554
0.0368732 0.0152759 0.00918134
0.0307078 0.0165257 0.00778058
0.0386263 0.0170847 0.00744369
0.0367406 0.0149654 0.00967397
0.0319146 0.0177069 0.00718265
0.0320923 0.0164087 0.00786661
0.0321565 0.0191845 0.00716969
0.0371695 0.0152547 0.00922324
0.0366906 0.0165604 0.00817859
0.0252069 0.0173679 0.00732741
0.0367323 0.0162912 0.00830431
0.0389528 0.0178054 0.00715845
0.0315099 0.0163854 0.0079255
0.0367947 0.0169565 0.00786162
0.0308961 0.0172864 0.0073796
0.0324306 0.0164954 0.0077495
0.0364863 0.0150059 0.00952007
0.0257716 0.0164332 0.00787906
0.031633 0.0158586 0.00848724
0.0319867 0.0160144 0.00830627
0.0380002 0.0159031 0.00843026
0.0331247 0.0175615 0.00727511
0.032876 0.0171073 0.0074658
0.0331984 0.0189285 0.0072
0.0320733 0.0168892 0.00752542
0.0368089 0.0150962 0.00941276
0.0368807 0.0167016 0.00799442
0.0315585 0.0165791 0.00770174
0.0326597 0.0179237 0.00709427
0.0323964 0.0180635 0.00706088
0.0309428 0.0163994 0.00791779
0.0312194 0.0163222 0.00800443
0.0331607 0.0167267 0.00764479
0.037986 0.0184292 0.00704682
0.0310916 0.0181187 0.00709932
0.0378634 0.0191297 0.00717005
0.0310013 0.0166153 0.00771629
0.0326256 0.0166928 0.00763542
0.0388316 0.0181426 0.00703774
0.0375338 0.019413 0.00728847
0.0312767 0.0165178 0.00778435
0.0250775 0.0168342 0.00756931
0.0323616 0.0168184 0.00756803
0.0326904 0.0163858 0.0078577
0.0316349 0.0168191 0.00753468
0.0375814 0.0190475 0.00723081
0.0310993 0.0158948 0.00842129
0.0311846 0.0169035 0.00777025
0.0373616 0.018151 0.00709002
0.0317488 0.0162549 0.0080517
0.0317893 0.0174469 0.0072649
0.0371328 0.0183311 0.00716229
0.0313474 0.0167365 0.00755802
0.0314131 0.0170054 0.00744246
0.0329416 0.018783 0.00714627
0.0313944 0.0159813 0.00835328
0.0314637 0.0185392 0.00698915
0.0329019 0.0177661 0.00717478
0.0306887 0.0155471 0.00873875
0.0326124 0.0161939 0.0080747
0.0312066 0.018662 0.00732537
0.0319914 0.0181977 0.0070381
0.0319279 0.0158193 0.00852642
0.0246374 0.0162485 0.00799672
0.0371711 0.0165674 0.00798993
0.0328721 0.0180436 0.00728475
0.0364326 0.0149421 0.00980823
0.0312795 0.0189982 0.00707029
0.0300266 0.014781 0.0103813
0.0258721 0.0176958 0.00726474
0.0334252 0.0175928 0.00727496
0.0320434 0.0162101 0.0080861
0.0312961 0.0189454 0.00736561
0.0324553 0.0179153 0.00731495
0.03847 0.0166056 0.00768778
0.0362173 0.0152375 0.00965455
0.0365781 0.0161317 0.00850622
0.024272 0.0151097 0.00931403
0.0332503 0.0178128 0.00717001
0.0323494 0.0188491 0.00711446
0.0374692 0.0152672 0.00922312
0.0321342 0.0194945 0.0072316
0.0309658 0.0154733 0.00882686
0.0313672 0.0192355 0.00739413
0.0334066 0.0184111 0.00709662
0.0265307 0.0167252 0.00767244
0.0322491 0.0159105 0.00840802
0.0247865 0.0156764 0.00843629
0.0366849 0.0148624 0.00995014
0.0320533 0.018896 0.00710341
0.0309307 0.015305 0.00908169
0.0363759 0.0148503 0.0100881
0.0325635 0.015997 0.00829572
0.0306029 0.0152195 0.00921818
0.0378585 0.016782 0.0077583
0.0374731 0.016571 0.00800785
0.0375344 0.0154481 0.0089929
0.0310337 0.0156839 0.00862429
0.0325662 0.0183072 0.00701858
0.0244006 0.0154309 0.00882393
0.0243366 0.0152723 0.00907035
0.0325042 0.0185955 0.00707366
0.0316048 0.0172196 0.00735671
0.0325781 0.0176269 0.00722143
0.032289 0.0177 0.00718844
0.032384 0.0174106 0.00730796
0.0315799 0.0177845 0.00717324
0.032884 0.016558 0.00770659
0.0328343 0.0174887 0.00729402
0.0320964 0.0174938 0.00729004
0.0334038 0.0173187 0.00739486
0.0330519 0.0183584 0.00706584
0.0371951 0.0186233 0.00718933
0.0252518 0.0159434 0.00823864
0.0322455 0.0183539 0.00700576
0.0313548 0.0179776 0.00712808
0.0313534 0.0182661 0.00704613
0.0309613 0.0175619 0.00728071
0.0321273 0.0179395 0.00710787
0.033105 0.0180648 0.00709685
0.0318029 0.0179755 0.00710935
0.024577 0.0160131 0.00817255
0.0327048 0.0189664 0.00716417
0.0327208 0.0178121 0.0074094
0.0312186 0.0187113 0.00700728
0.0320834 0.0186032 0.0070455
0.0311412 0.0183894 0.0072186
0.0328283 0.0181614 0.00701234
0.0327899 0.0185042 0.00707558
0.0360212 0.0148098 0.0104614
0.0250181 0.0178086 0.00726366
0.0312843 0.0155571 0.00876292
0.0246964 0.0164838 0.00782024
0.0364282 0.0157702 0.00896053
0.0313748 0.0194292 0.00716521
0.0322796 0.0186035 0.00727241
0.0364941 0.0159502 0.00872985
0.0374651 0.0168196 0.00784017
0.0251044 0.0179867 0.00748914
0.0321902 0.0157151 0.00862791
0.0315749 0.0156468 0.00869156
0.0264986 0.0169565 0.00748301
0.026772 0.0172322 0.00736229
0.0254422 0.0184485 0.00713489
0.0252091 0.0186733 0.00710452
0.0261983 0.0173445 0.00733668
0.0363616 0.015592 0.0091925
0.0323058 0.0161062 0.00818786
0.0329549 0.0191226 0.00721959
0.0318695 0.0156157 0.00873884
0.0244593 0.0155924 0.00857801
0.0259982 0.0181972 0.0071645
0.0250799 0.0180974 0.00721141
0.0326689 0.0196005 0.00729572
0.0248211 0.0169621 0.00748037
0.0250755 0.0163637 0.00792085
0.0313862 0.016511 0.00816824
0.0318919 0.0193254 0.00718008
0.031308 0.0167369 0.00798708
0.0312025 0.0153487 0.00896257
0.0258452 0.0173943 0.0073186
0.0303762 0.0156707 0.00915642
0.0324275 0.0194316 0.00723921
0.0304613 0.0149988 0.0097575
0.0362897 0.0154147 0.00942358
0.0253384 0.0167032 0.00766657
0.0318176 0.0154032 0.00894417
0.030872 0.0151397 0.00932509
0.0377681 0.0166263 0.00799828
0.0303157 0.0147954 0.0103026
0.0318498 0.0169288 0.00773311
0.0270142 0.0174025 0.00731402
0.0249143 0.0161588 0.00806922
0.0258829 0.0162122 0.00804864
0.0299619 0.0146794 0.0106561
0.0255525 0.0162676 0.00799977
0.0334695 0.0187163 0.00717809
0.0316506 0.0182258 0.00704478
0.027314 0.0174138 0.00731519
0.0316759 0.0195344 0.00720778
0.024518 0.0157791 0.00835074
0.0318418 0.0184433 0.00712327
0.0317814 0.0190224 0.00711028
0.0331904 0.018616 0.00713288
0.0268023 0.0169559 0.00747507
0.0333901 0.0181209 0.00702243
0.0326914 0.0186929 0.00728686
0.0324503 0.0191244 0.00717817
0.0247588 0.0167232 0.00765061
0.024683 0.0165192 0.00811782
0.032693 0.0192922 0.00723235
0.0250149 0.016596 0.00774105
0.0259803 0.0169162 0.0075185
0.0259245 0.0166804 0.00769543
0.0253947 0.0169409 0.00749247
0.0317845 0.0187285 0.0070503
0.0264725 0.0172235 0.00734874
0.0332076 0.0192746 0.00727436
0.0316052 0.0192429 0.00721168
0.0268837 0.0177968 0.00722091
0.0267397 0.0175201 0.00728328
0.0265849 0.0177708 0.00722706
0.0185499 0.0159358 0.00828378
0.0255829 0.0177753 0.0072613
0.0248862 0.0172339 0.00737164
0.0256837 0.0168777 0.00754166
0.0269769 0.0184497 0.0070879
0.0255011 0.0187374 0.00707932
0.0306662 0.0161531 0.00852638
0.0261546 0.0161132 0.00812836
0.0308022 0.0169612 0.00777661
0.0274288 0.019112 0.006955
0.0303804 0.014897 0.0100279
0.031523 0.0154343 0.00889689
0.0310374 0.0164663 0.00819449
0.0207575 0.0193865 0.00692973
0.0303238 0.0154682 0.00937143
0.0313073 0.0163113 0.00837781
0.0264753 0.0164899 0.0078502
0.0261288 0.0163514 0.00794792
0.0261659 0.0176358 0.00727255
0.0255334 0.0160285 0.00817994
0.0257966 0.018686 0.00707976
0.0309747 0.016706 0.00800099
0.0264398 0.0175138 0.00728095
0.0314843 0.0168964 0.00778237
0.0317048 0.0167363 0.00791178
0.0257583 0.0183937 0.00713533
0.0270322 0.0187453 0.00703056
0.0259081 0.0194417 0.00693569
0.0258499 0.0159737 0.00822758
0.0252818 0.0189609 0.00714919
0.0241468 0.0148897 0.00984568
0.0246404 0.0153319 0.00897457
0.0264621 0.0192548 0.00695336
0.0253091 0.0185776 0.00737069
0.0250721 0.01575 0.00838111
0.0256081 0.0193241 0.00696684
0.0254128 0.0160842 0.00844892
0.0307986 0.0150388 0.00959792
0.0311762 0.0152296 0.00923666
0.0247002 0.0154913 0.00872549
0.0258719 0.0198124 0.0073481
0.0255441 0.0190331 0.00702297
0.0303825 0.0153217 0.00962656
0.0252759 0.0176563 0.00728226
0.0309662 0.0162375 0.00840678
0.0308497 0.0156543 0.00903606
0.0314415 0.0152258 0.00909661
0.0262445 0.0187187 0.00705983
0.0253486 0.016464 0.00784738
0.0262566 0.0168202 0.00759642
0.0252709 0.0161824 0.00805849
0.0389141 0.0170063 0.00747502
0.0262011 0.0165845 0.00777341
0.0272585 0.0185493 0.00706038
0.0257426 0.0171166 0.0073685
0.0257892 0.017987 0.0072105
0.0256279 0.0166436 0.00772073
0.0255579 0.0174805 0.00731099
0.0314378 0.0197157 0.0072283
0.0253383 0.017947 0.00723536
0.025144 0.0170975 0.00744142
0.0210769 0.0187098 0.00705414
0.0260636 0.0184846 0.00710898
0.0197629 0.0187163 0.00701244
0.0260829 0.0179234 0.00725313
0.0318443 0.019775 0.00726883
0.0265277 0.0188429 0.00702797
0.0271999 0.0179501 0.00718932
0.0262845 0.0182839 0.0071395
0.0274414 0.01849 0.00729065
0.0254554 0.0172028 0.00735939
0.0251502 0.0183843 0.0071594
0.0249507 0.0175238 0.00732923
0.0258527 0.0191522 0.00699128
0.0262242 0.0170557 0.00741347
0.0263661 0.0179997 0.00718987
0.0255577 0.0181756 0.00718211
0.0316859 0.0165363 0.00813465
0.0271548 0.0176611 0.00725582
0.032182 0.0168644 0.00780389
0.0309212 0.0160279 0.00862271
0.019085 0.0169516 0.00753414
0.0270394 0.0193423 0.00698252
0.0276345 0.0188956 0.00698399
0.0275663 0.0182792 0.0071176
0.0249784 0.015551 0.00862983
0.0199918 0.0196847 0.007063
0.0261189 0.0170875 0.00772206
0.0262178 0.0195755 0.00698967
0.0267614 0.019235 0.00694794
0.0245744 0.0151728 0.00922382
0.0242073 0.0149469 0.00955748
0.0264029 0.0162569 0.00802474
0.0253412 0.0192466 0.00707992
0.0261634 0.0192823 0.00695747
0.0312429 0.0161025 0.00858331
0.0273327 0.0193961 0.00694982
0.026907 0.0196093 0.00701688
0.0245594 0.0156713 0.00891983
0.0276264 0.0193368 0.006935
0.026026 0.0164329 0.00821771
0.0268306 0.0167248 0.00766431
0.0188596 0.0171331 0.00745506
0.0249362 0.0153903 0.00888075
0.0258483 0.0155094 0.00868648
0.0263436 0.0157156 0.0084323
0.0301711 0.0150861 0.00987803
0.0251668 0.0151874 0.00919467
0.02408 0.0148043 0.0101254
0.0252749 0.0155747 0.00859009
0.0202089 0.0180826 0.00713174
0.0307425 0.0158337 0.00882083
0.026122 0.0158749 0.00830766
0.0186685 0.0163818 0.0079073
0.0254192 0.0157463 0.00839079
0.0191177 0.0182323 0.00707169
0.024017 0.0147481 0.0104133
0.0254352 0.0197909 0.00704972
0.0255748 0.0155771 0.00858349
0.0272032 0.0196518 0.00703862
0.0187309 0.0166178 0.00773297
0.0257202 0.0157708 0.00840637
0.0307317 0.0149375 0.00987221
0.0299005 0.0145773 0.0109314
0.0267509 0.0186448 0.00705796
0.0272673 0.0182553 0.00711935
0.018925 0.0173968 0.00732799
0.0192809 0.0177509 0.00715355
0.0264673 0.0185201 0.00708991
0.0253145 0.0182227 0.00735139
0.0270454 0.0171104 0.0073822
0.0256744 0.0196139 0.00701118
0.0267112 0.0180374 0.0071726
0.026809 0.0189435 0.00700057
0.0266994 0.0183321 0.00711772
0.0259614 0.0196982 0.00708553
0.0202497 0.0183761 0.00708502
0.0262813 0.0190139 0.00702074
0.019054 0.0179464 0.00713609
0.0186081 0.0161358 0.00806788
0.0270898 0.0190455 0.00697293
0.0262105 0.0155398 0.00863567
0.0201957 0.0194813 0.00697927
0.0275509 0.018613 0.00703994
0.0189545 0.0164281 0.0077965
0.0266296 0.0195033 0.00697283
0.0272767 0.0190557 0.00720739
0.0253767 0.0195143 0.00694931
0.0260047 0.0188971 0.00703404
0.0199619 0.0182562 0.00709461
0.0273163 0.0188383 0.00700448
0.0269856 0.0181554 0.00714531
0.0187949 0.0168695 0.00758275
0.0301051 0.0151479 0.010246
0.0264753 0.019996 0.00714605
0.0133761 0.0194415 0.00720106
0.0259912 0.0156582 0.00846868
0.027019 0.0198759 0.00711491
0.0255264 0.0167605 0.00797766
0.0203922 0.0190377 0.00697928
0.0311853 0.0158816 0.00879143
0.030036 0.0150469 0.0105198
0.0257359 0.0164933 0.00817079
0.0265176 0.0202989 0.00725552
0.0314116 0.0150947 0.00936477
0.027078 0.0168608 0.00754549
0.024854 0.0159238 0.00824554
0.0252324 0.0154145 0.00884015
0.0255411 0.0154163 0.00883444
0.0264287 0.0160186 0.00820518
0.0201019 0.0202262 0.0072801
0.0259877 0.0166167 0.00798171
0.0196799 0.0171463 0.00742345
0.0195719 0.017849 0.00715347
0.0239539 0.0146876 0.0107002
0.0200613 0.0175144 0.00723707
0.0213406 0.0192356 0.00697154
0.0248776 0.0152316 0.00912852
0.0207896 0.0205541 0.00754096
0.0254292 0.0163303 0.00826598
0.0195238 0.0189106 0.00697232
0.0193535 0.0193996 0.0069565
0.0254987 0.0200301 0.0072192
0.0205562 0.0204479 0.00734744
0.0196395 0.0194914 0.00699508
0.0267465 0.0201148 0.00719457
0.0253947 0.0153506 0.00908794
0.0252221 0.0167276 0.00794205
0.0199203 0.0179628 0.00714115
0.0191969 0.0185179 0.00702518
0.0248136 0.0150748 0.00937614
0.0249547 0.0166269 0.0080333
0.0194382 0.0173236 0.00741017
0.0196916 0.017429 0.007289
0.0238909 0.0146287 0.0109876
0.0201661 0.0177898 0.00718107
0.0134473 0.0197661 0.00725747
0.0255107 0.0169737 0.00776716
0.0264572 0.0196974 0.0071232
0.0267228 0.0198335 0.00709321
0.0269152 0.0191526 0.00719203
0.0207959 0.0186022 0.00706481
0.019819 0.0176896 0.00721244
0.0262105 0.0198653 0.00709339
0.0189892 0.0176607 0.00720079
0.0193452 0.018041 0.00711252
0.0195476 0.0202185 0.00727296
0.0254813 0.0195418 0.00722915
0.0251028 0.0150294 0.00944151
0.0204638 0.0179282 0.00716574
0.0194244 0.0183263 0.00706443
0.0196552 0.0181332 0.00710405
0.0257358 0.0198956 0.00709404
0.0172512 0.0232775 0.0107766
0.0194797 0.0186176 0.00701871
0.0201372 0.0188151 0.00700929
0.0259811 0.0200417 0.00718598
0.025736 0.0202133 0.00720771
0.0192374 0.0188114 0.00697857
0.019705 0.0197644 0.00710077
0.0211648 0.0189952 0.00700779
0.0194118 0.0196793 0.00704791
0.0202861 0.019256 0.00715552
0.0192958 0.0191055 0.00696828
0.0195773 0.0192022 0.00692646
0.0262457 0.0201815 0.00720748
0.0252413 0.0158827 0.00859023
0.0157378 0.022877 0.0100482
0.0190203 0.0166878 0.00766148
0.0192149 0.0174861 0.0072931
0.0246328 0.0162822 0.00829478
0.0205707 0.0196433 0.00703275
0.0250565 0.0161505 0.00833327
0.0214896 0.0200785 0.00718103
0.0248169 0.0157638 0.00877154
0.0198711 0.0193024 0.00697102
0.0205104 0.0182313 0.00711778
0.0197762 0.0200365 0.00720517
0.0250977 0.0164227 0.00821415
0.0197369 0.021036 0.00759751
0.020374 0.0175771 0.00722004
0.024553 0.0160533 0.00847155
0.0210775 0.0198622 0.00710628
0.0135143 0.0200719 0.00731062
0.0248281 0.0159572 0.00854252
0.0196261 0.0168803 0.00755126
0.0213695 0.0187801 0.00705018
0.0136171 0.0205404 0.00739202
0.0139 0.0204466 0.00735873
0.0215092 0.0203575 0.00728955
0.0210522 0.0206624 0.0074195
0.0203104 0.0208794 0.00752183
0.0203018 0.0205939 0.0074105
0.0187487 0.016355 0.00821669
0.0205027 0.0185365 0.00706759
0.0219717 0.0197125 0.00702663
0.0213403 0.020587 0.00738322
0.0193804 0.0170386 0.00748378
0.0199478 0.0172649 0.00735891
0.0191251 0.0160842 0.00814743
0.0205735 0.0207474 0.00746403
0.024357 0.0155681 0.00911577
0.0193149 0.0167748 0.0076109
0.020873 0.0189258 0.00701163
0.0212085 0.0203196 0.00728188
0.0173995 0.0244318 0.0137574
0.0191508 0.0172157 0.00740685
0.0188966 0.0162102 0.00799953
0.0211963 0.0195914 0.00715676
0.0244993 0.0158643 0.00869823
0.0210145 0.0184007 0.00710524
0.0209221 0.0204002 0.00732014
0.0197083 0.0184249 0.00705819
0.0200277 0.02097 0.00756454
0.021434 0.0195202 0.00698817
0.0206636 0.0191344 0.00706286
0.0204599 0.0193487 0.006928
0.019807 0.0190093 0.00696602
0.0201014 0.0191102 0.00696858
0.020293 0.0197467 0.00707974
0.020007 0.0185518 0.00707009
0.0177322 0.0239192 0.0118694
0.0204005 0.0202072 0.00725914
0.0194768 0.0199497 0.00716027
0.0208743 0.0201565 0.0074884
0.0157568 0.0230414 0.0102983
0.0208706 0.0196468 0.00702702
0.020954 0.0192022 0.00709534
0.0200214 0.0206908 0.00745499
0.0208469 0.0208645 0.00750329
0.0205929 0.018819 0.00702243
0.0198019 0.0213096 0.00770193
0.0214187 0.0198065 0.00707642
0.019607 0.02049 0.00738588
0.0199004 0.0204305 0.00736769
0.0210664 0.0194319 0.00693843
0.0196739 0.020761 0.0074957
0.0217904 0.020457 0.00732176
0.0195607 0.0166169 0.00767916
0.01485 0.0211121 0.00742941
0.0201017 0.017453 0.00753474
0.0198669 0.0215829 0.00780716
0.0184917 0.0157358 0.00849967
0.018394 0.023929 0.0118793
0.015008 0.0208478 0.00737138
0.0199305 0.0169945 0.00748768
0.0215455 0.0190206 0.00701392
0.0244333 0.014964 0.00975394
0.0251318 0.0154818 0.00914859
0.0248096 0.0149185 0.00963217
0.0200927 0.0212435 0.00766922
0.0205223 0.0171701 0.0073861
0.0249114 0.0156484 0.00903185
0.0263863 0.0171913 0.00763427
0.0206325 0.01743 0.00725948
0.0188636 0.0239399 0.0118985
0.0245098 0.0150104 0.00946759
0.0202242 0.017046 0.0074542
0.020266 0.0173139 0.00732585
0.0154671 0.0229886 0.0101737
0.0190008 0.0172171 0.0077061
0.0198767 0.0167285 0.0076155
0.0226165 0.0220386 0.00869723
0.0224344 0.0218347 0.00849256
0.0165953 0.0229802 0.0103368
0.0191678 0.023941 0.0119154
0.0199982 0.0177932 0.00742961
0.0163696 0.0231044 0.0104937
0.0191932 0.016283 0.00793331
0.0203755 0.0211527 0.00762706
0.0198116 0.016472 0.00775678
0.0203389 0.0142861 0.0118172
0.0151272 0.0229059 0.0100357
0.0194967 0.0163724 0.00784073
0.0196949 0.0174303 0.00758897
0.0138464 0.0208607 0.00743877
0.0194608 0.0170014 0.00777038
0.0150709 0.0227691 0.00977338
0.0192948 0.0172609 0.00766612
0.0197315 0.0168768 0.00783209
0.0192499 0.0165261 0.00776701
0.0192215 0.0240203 0.0140266
0.0145912 0.0231122 0.0142991
0.021728 0.0194822 0.00694241
0.0209882 0.0201282 0.00721231
0.0180619 0.0239215 0.0118758
0.0217146 0.0198543 0.00708811
0.0207003 0.020204 0.00724874
0.0258146 0.0153485 0.00893745
0.020515 0.0199506 0.00715412
0.0200891 0.01995 0.00716396
0.0141353 0.0207496 0.00740194
0.0212363 0.0199991 0.00732083
0.0217708 0.020178 0.00721323
0.0147083 0.0207769 0.00737496
0.0199186 0.023953 0.0119257
0.0213992 0.0208615 0.00748904
0.017953 0.0242314 0.0125898
0.0171827 0.0231017 0.0105013
0.0195433 0.0239452 0.0119212
0.0206487 0.0212702 0.00766648
0.0211247 0.0209719 0.00753868
0.0160177 0.0229141 0.010149
0.0201586 0.0215204 0.00777582
0.0213427 0.0211238 0.00767799
0.0219925 0.0199916 0.00713516
0.0144644 0.0209457 0.00742
0.0220964 0.0203755 0.00728267
0.01862 0.0240126 0.012058
0.0154359 0.0228272 0.00992062
0.0162982 0.0229496 0.0102469
0.0192471 0.014549 0.018742
0.0180823 0.0193696 0.0155916
0.0188373 0.0160103 0.00821525
0.0195191 0.0194714 0.0164105
0.0206057 0.0142074 0.0123691
0.0182191 0.0207329 0.0152398
0.0230541 0.0229041 0.0100758
0.0165524 0.0169411 0.018298
0.0173823 0.0234883 0.0113183
0.0238639 0.0211012 0.0150408
0.0169692 0.0141424 0.0130312
0.0178632 0.0227326 0.0133577
0.0208043 0.0214109 0.0158086
0.0185683 0.0158782 0.0173811
0.016603 0.0151006 0.018332
0.0170192 0.0142749 0.0127419
0.0217975 0.0190808 0.0164446
0.0168438 0.0192374 0.0155995
0.0207498 0.0208831 0.0160617
0.0169041 0.0141943 0.0124589
0.0205838 0.0141789 0.0120375
0.0201193 0.0144228 0.0243131
0.0235268 0.0186315 0.0248811
0.0187385 0.0190374 0.0246221
0.0156814 0.0172845 0.0218416
0.0227557 0.0159381 0.0206509
0.0212932 0.0197477 0.0246296
0.0198804 0.0194826 0.0253335
0.014458 0.0172775 0.0221389
0.0215398 0.0174656 0.02056
0.0226567 0.0174417 0.024736
0.0197491 0.0195265 0.0202345
0.0204627 0.0157142 0.0192466
0.0196918 0.0148373 0.0210122
0.0235182 0.0172072 0.0255314
0.0238763 0.019029 0.022742
0.0207692 0.0157252 0.0229573
0.0150465 0.0163988 0.0216143
0.0227821 0.0161441 0.0192045
0.0149785 0.0170708 0.0257458
0.0206076 0.0146615 0.02036
0.0187449 0.0151609 0.0217969
0.0190131 0.0146449 0.0274129
0.0180818 0.0185264 0.0211252
0.0155111 0.0185234 0.0195647
0.018286 0.015484 0.0272307
0.0145482 0.0176801 0.0247672
0.0187726 0.0240564 0.0123125
0.0190393 0.0240519 0.0127077
0.0202354 0.0239592 0.0119466
0.0160682 0.0230737 0.010398
0.0190238 0.0240629 0.0121487
0.0168951 0.0230017 0.0103979
0.0221558 0.0206291 0.00745345
0.0187062 0.0206859 0.0181784
0.0204674 0.0218336 0.0155852
0.0173914 0.0225913 0.0139178
0.0190498 0.0229707 0.0144861
0.0196783 0.0241952 0.0125824
0.0174967 0.023115 0.019383
0.018954 0.0226981 0.0257721
0.017106 0.0228993 0.0275357
0.0170765 0.021467 0.0233197
0.0162694 0.0205165 0.0222362
0.0190792 0.0202811 0.0242657
0.021147 0.0214016 0.0204943
0.0184685 0.0218056 0.0199538
0.020383 0.0237784 0.0239629
0.0167078 0.0212305 0.0268126
0.0174644 0.0229549 0.0265706
0.0157489 0.0211335 0.0263715
0.0182578 0.0229819 0.0220027
0.0223977 0.02186 0.0241984
0.0209937 0.0232526 0.0249567
0.0187061 0.0229695 0.0202507

VERTICES 812 1624
1 0
1 1
1 2
1 3
1 4
1 5
1 6
1 7
1 8
1 9
1 10
1 11
1 12
1 13
1 14
1 15
1 16
1 17
1 18
1 19
1 20
1 21
1 22
1 23
1 24
1 25
1 26
1 27
1 28
1 29
1 30
1 31
1 32
1 33
1 34
1 35
1 36
1 37
1 38
1 39
1 40
1 41
1 42
1 43
1 44
1 45
1 46
1 47
1 48
1 49
1 50
1 51
1 52
1 53
1 54
1 55
1 56
1 57
1 58
1 59
1 60
1 61
1 62
1 63
1 64
1 65
1 66
1 67
1 68
1 69
1 70
1 71
1 72
1 73
1 74
1 75
1 76
1 77
1 78
1 79
1 80
1 81
1 82
1 83
1 84
1 85
1 86
1 87
1 88
1 89
1 90
1 91
1 92
1 93
1 94
1 95
1 96
1 97
1 98
1 99
1 100
1 101
1 102
1 103
1 104
1 105
1 106
1 107
1 108
1 109
1 110
1 111
1 112
1 113
1 114
1 115
1 116
1 117
1 118
1 119
1 120
1 121
1 122
1 123
1 124
1 125
1 126
1 127
1 128
1 129
1 130
1 131
1 132
1 133
1 134
1 135
1 136
1 137
1 138
1 139
1 140
1 141
1 142
1 143
1 144
1 145
1 146
1 147
1 148
1 149
1 150
1 151
1 152
1 153
1 154
1 155
1 156
1 157
1 158
1 159
1 160
1 161
1 162
1 163
1 164
1 165
1 166
1 167
1 168
1 169
1 170
1 171
1 172
1 173
1 174
1 175
1 176
1 177
1 178
1 179
1 180
1 181
1 182
1 183
1 184
1 185
1 186
1 187
1 188
1 189
1 190
1 191
1 192
1 193
1 194
1 195
1 196
1 197
1 198
1 199
1 200
1 201
1 202
1 203
1 204
1 205
1 206
1 207
1 208
1 209
1 210
1 211
1 212
1 213
1 214
1 215
1 216
1 217
1 218
1 219
1 220
1 221
1 222
1 223
1 224
1 225
1 226
1 227
1 228
1 229
1 230
1 231
1 232
1 233
1 234
1 235
1 236
1 237
1 238
1 239
1 240
1 241
1 242
1 243
1 244
1 245
1 246
1 247
1 248
1 249
1 250
1 251
1 252
1 253
1 254
1 255
1 256
1 257
1 258
1 259
1 260
1 261
1 262
1 263
1 264
1 265
1 266
1 267
1 268
1 269
1 270
1 271
1 272
1 273
1 274
1 275
1 276
1 277
1 278
1 279
1 280
1 281
1 282
1 283
1 284
1 285
1 286
1 287
1 288
1 289
1 290
1 291
1 292
1 293
1 294
1 295
1 296
1 297
1 298
1 299
1 300
1 301
1 302
1 303
1 304
1 305
1 306
1 307
1 308
1 309
1 310
1 311
1 312
1 313
1 314
1 315
1 316
1 317
1 318
1 319
1 320
1 321
1 322
1 323
1 324
1 325
1 326
1 327
1 328
1 329
1 330
1 331
1 332
1 333
1 334
1 335
1 336
1 337
1 338
1 339
1 340
1 341
1 342
1 343
1 344
1 345
1 346
1 347
1 348
1 349
1 350
1 351
1 352
1 353
1 354
1 355
1 356
1 357
1 358
1 359
1 360
1 361
1 362
1 363
1 364
1 365
1 366
1 367
1 368
1 369
1 370
1 371
1 372
1 373
1 374
1 375
1 376
1 377
1 378
1 379
1 380
1 381
1 382
1 383
1 384
1 385
1 386
1 387
1 388
1 389
1 390
1 391
1 392
1 393
1 394
1 395
1 396
1 397
1 398
1 399
1 400
1 401
1 402
1 403
1 404
1 405
1 406
1 407
1 408
1 409
1 410
1 411
1 412
1 413
1 414
1 415
1 416
1 417
1 418
1 419
1 420
1 421
1 422
1 423
1 424
1 425
1 426
1 427
1 428
1 429
1 430
1 431
1 432
1 433
1 434
1 435
1 436
1 437
1 438
1 439
1 440
1 441
1 442
1 443
1 444
1 445
1 446
1 447
1 448
1 449
1 450
1 451
1 452
1 453
1 454
1 455
1 456
1 457
1 458
1 459
1 460
1 461
1 462
1 463
1 464
1 465
1 466
1 467
1 468
1 469
1 470
1 471
1 472
1 473
1 474
1 475
1 476
1 477
1 478
1 479
1 480
1 481
1 482
1 483
1 484
1 485
1 486
1 487
1 488
1 489
1 490
1 491
1 492
1 493
1 494
1 495
1 496
1 497
1 498
1 499
1 500
1 501
1 502
1 503
1 504
1 505
1 506
1 507
1 508
1 509
1 510
1 511
1 512
1 513
1 514
1 515
1 516
1 517
1 518
1 519
1 520
1 521
1 522
1 523
1 524
1 525
1 526
1 527
1 528
1 529
1 530
1 531
1 532
1 533
1 534
1 535
1 536
1 537
1 538
1 539
1 540
1 541
1 542
1 543
1 544
1 545
1 546
1 547
1 548
1 549
1 550
1 551
1 552
1 553
1 554
1 555
1 556
1 557
1 558
1 559
1 560
1 561
1 562
1 563
1 564
1 565
1 566
1 567
1 568
1 569
1 570
1 571
1 572
1 573
1 574
1 575
1 576
1 577
1 578
1 579
1 580
1 581
1 582
1 583
1 584
1 585
1 586
1 587
1 588
1 589
1 590
1 591
1 592
1 593
1 594
1 595
1 596
1 597
1 598
1 599
1 600
1 601
1 602
1 603
1 604
1 605
1 606
1 607
1 608
1 609
1 610
1 611
1 612
1 613
1 614
1 615
1 616
1 617
1 618
1 619
1 620
1 621
1 622
1 623
1 624
1 625
1 626
1 627
1 628
1 629
1 630
1 631
1 632
1 633
1 634
1 635
1 636
1 637
1 638
1 639
1 640
1 641
1 642
1 643
1 644
1 645
1 646
1 647
1 648
1 649
1 650
1 651
1 652
1 653
1 654
1 655
1 656
1 657
1 658
1 659
1 660
1 661
1 662
1 663
1 664
1 665
1 666
1 667
1 668
1 669
1 670
1 671
1 672
1 673
1 674
1 675
1 676
1 677
1 678
1 679
1 680
1 681
1 682
1 683
1 684
1 685
1 686
1 687
1 688
1 689
1 690
1 691
1 692
1 693
1 694
1 695
1 696
1 697
1 698
1 699
1 700
1 701
1 702
1 703
1 704
1 705
1 706
1 707
1 708
1 709
1 710
1 711
1 712
1 713
1 714
1 715
1 716
1 717
1 718
1 719
1 720
1 721
1 722
1 723
1 724
1 725
1 726
1 727
1 728
1 729
1 730
1 731
1 732
1 733
1 734
1 735
1 736
1 737
1 738
1 739
1 740
1 741
1 742
1 743
1 744
1 745
1 746
1 747
1 748
1 749
1 750
1 751
1 752
1 753
1 754
1 755
1 756
1 757
1 758
1 759
1 760
1 761
1 762
1 763
1 764
1 765
1 766
1 767
1 768
1 769
1 770
1 771
1 772
1 773
1 774
1 775
1 776
1 777
1 778
1 779
1 780
1 781
1 782
1 783
1 784
1 785
1 786
1 787
1 788
1 789
1 790
1 791
1 792
1 793
1 794
1 795
1 796
1 797
1 798
1 799
1 800
1 801
1 802
1 803
1 804
1 805
1 806
1 807
1 808
1 809
1 810
1 811

POINT_DATA 812
SCALARS id int 1
LOOKUP_TABLE default
1
2
3
4
5
6
7
8
9
10
11
12
13
14
15
16
17
18
19
20
21
22
23
24
25
26
27
28
29
30
31
32
33
34
35
36
37
39
40
41
42
43
44
45
46
47
48
49
50
51
52
53
54
56
57
58
59
60
61
62
63
64
65
67
68
69
70
71
72
73
74
75
76
77
78
79
80
81
82
83
84
85
86
87
88
89
90
91
92
93
94
95
96
97
98
99
100
101
102
103
104
105
106
107
108
109
110
111
112
113
114
115
116
117
118
119
120
121
122
123
124
125
126
127
129
130
131
132
133
134
135
136
137
138
139
140
141
142
143
144
145
146
147
148
149
150
151
153
154
155
156
157
158
159
160
161
162
163
164
165
166
167
168
169
170
171
172
173
174
175
176
177
178
179
180
181
182
183
184
185
186
187
188
189
190
191
192
193
194
195
196
197
198
199
200
201
202
203
204
205
206
207
208
209
210
211
212
213
214
215
217
218
219
220
221
222
223
224
225
226
227
228
229
230
231
232
233
234
235
236
237
238
239
240
241
242
243
244
245
246
247
248
249
250
251
252
253
254
255
256
257
258
259
260
261
262
263
264
265
266
267
268
269
270
271
273
274
275
276
277
278
279
280
281
282
283
284
285
286
287
288
289
290
291
292
293
294
295
296
297
298
299
300
301
302
303
304
305
306
307
308
309
310
311
312
313
314
315
316
317
318
319
320
321
322
323
324
325
326
327
328
329
330
331
332
333
334
335
336
337
338
339
340
341
342
343
344
345
346
347
348
349
350
351
352
353
354
355
356
357
358
359
360
361
362
363
364
365
366
367
368
369
370
371
372
373
374
375
376
377
378
379
380
381
382
383
384
385
386
387
388
389
390
391
392
393
394
395
396
397
398
399
400
401
402
403
404
405
406
407
408
409
410
411
412
413
414
415
416
417
418
419
420
421
422
423
424
425
426
427
428
429
430
431
432
433
434
435
436
437
438
439
440
441
442
443
444
445
446
447
448
449
450
451
452
453
454
455
456
457
458
459
460
461
462
463
464
465
466
467
468
469
470
471
472
473
474
475
476
477
478
479
480
481
482
483
484
485
486
487
488
489
490
491
492
493
494
495
496
497
498
499
500
501
502
503
504
505
506
507
508
509
510
511
512
513
514
515
516
517
518
519
520
521
522
523
524
525
526
527
528
529
530
531
532
533
534
535
536
537
538
539
540
541
542
543
544
545
546
547
548
549
550
551
552
553
554
555
556
557
558
559
560
561
562
563
564
565
566
567
568
569
570
571
572
573
574
575
576
577
579
580
581
582
583
584
585
586
587
588
589
590
591
592
593
594
595
596
597
598
599
600
601
602
603
605
606
607
608
609
610
611
612
613
614
615
616
617
618
619
620
621
622
623
624
625
626
627
628
629
630
631
632
633
634
635
636
637
638
640
641
642
643
644
645
646
647
648
649
650
651
652
653
654
655
656
659
660
661
662
663
664
665
666
667
668
669
670
671
672
673
674
675
676
677
678
679
680
681
682
683
684
685
686
687
688
690
691
692
693
694
695
696
697
698
699
700
701
702
703
704
705
706
707
708
709
710
711
712
713
714
715
716
717
718
719
720
721
722
723
724
725
726
727
728
729
730
731
732
733
734
735
736
737
738
739
740
741
742
743
744
745
746
747
748
749
750
751
752
753
754
755
756
757
758
759
760
761
762
763
764
765
766
767
768
769
770
771
772
773
774
775
776
777
778
779
780
781
782
783
784
785
786
787
788
789
790
791
792
793
794
795
796
797
798
799
800
801
802
803
804
805
806
807
808
809
810
811
812
813
814
815
816
817
818
819
820
821
822
823
824
825

SCALARS type int 1
LOOKUP_TABLE default
1
1
1
1
1
1
1
1
1
1
1
1
1
1
1
1
1
1
1
1
1
1
1
1
1
1
1
1
1
1
1
1
1
1
1
1
1
1
1
1
1
1
1
1
1
1
1
1
1
1
1
1
1
1
1
1
1
1
1
1
1
1
1
1
1
1
1
1
1
1
1
1
1
1
1
1
1
1
1
1
1
1
1
1
1
1
1
1
1
1
1
1
1
1
1
1
1
1
1
1
1
1
1
1
1
1
1
1
1
1
1
1
1
1
1
1
1
1
1
1
1
1
1
1
1
1
1
1
1
1
1
1
1
1
1
1
1
1
1
1
1
1
1
1
1
1
1
1
1
1
1
1
1
1
1
1
1
1
1
1
1
1
1
1
1
1
1
1
1
1
1
1
1
1
1
1
1
1
1
1
1
1
1
1
1
1
1
1
1
1
1
1
1
1
1
1
1
1
1
1
1
1
1
1
1
1
1
1
1
1
1
1
1
1
1
1
1
1
1
1
1
1
1
1
1
1
1
1
1
1
1
1
1
1
1
1
1
1
1
1
1
1
1
1
1
1
1
1
1
1
1
1
1
1
1
1
1
1
1
1
1
1
1
1
1
1
1
1
1
1
1
1
1
1
1
1
1
1
1
1
1
1
1
1
1
1
1
1
1
1
1
1
1
1
1
1
1
1
1
1
1
1
1
1
1
1
1
1
1
1
1
1
1
1
1
1
1
1
1
1
1
1
1
1
1
1
1
1
1
1
1
1
1
1
1
1
1
1
1
1
1
1
1
1
1
1
1
1
1
1
1
1
1
1
1
1
1
1
1
1
1
1
1
1
1
1
1
1
1
1
1
1
1
1
1
1
1
1
1
1
1
1
1
1
1
1
1
1
1
1
1
1
1
1
1
1
1
1
1
1
1
1
1
1
1
1
1
1
1
1
1
1
1
1
1
1
1
1
1
1
1
1
1
1
1
1
1
1
1
1
1
1
1
1
1
1
1
1
1
1
1
1
1
1
1
1
1
1
1
1
1
1
1
1
1
1
1
1
1
1
1
1
1
1
1
1
1
1
1
1
1
1
1
1
1
1
1
1
1
1
1
1
1
1
1
1
1
1
1
1
1
1
1
1
1
1
1
1
1
1
1
1
1
1
1
1
1
1
1
1
1
1
1
1
1
1
1
1
1
1
1
1
1
1
1
1
1
1
1
1
1
1
1
1
1
1
1
1
1
1
1
1
1
1
1
1
1
1
1
1
1
1
1
1
1
1
1
1
1
1
1
1
1
1
1
1
1
1
1
1
1
1
1
1
1
1
1
1
1
1
1
1
1
1
1
1
1
1
1
1
1
1
1
1
1
1
1
1
1
1
1
1
1
1
1
1
1
1
1
1
1
1
1
1
1
1
1
1
1
1
1
1
1
1
1
1
1
1
1
1
1
1
1
1
1
1
1
1
1
1
1
1
1
1
1
1
1
1
1
1
1
1
1
1
1
1
1
1
1
1
1
1
1
1
1
1
1
1
1
1
1
1
1
1
1
1
1
1
1
1
1
1
1
1
1
1
1
1
1
1
1
1
1
1
1
1
1
1
1
1
1
1
1
1
1
1
1
1
1
1
1
1
1
1
1
1
1
1
1
1
1
1
1
1
1
1
1
1
1
1
1
1
1
1
1
1
1
1
1
1
1
1
1
1
1
1
1
1
1
1
1
1
1
1
1
1
1
1
1
1
1
1
1
1
1
1
1
1
1
1
1
1
1
1
1
1
1
1
1
1
1
1
1
1
1
1
1
1
1
1
1
1
1
1
1
1
1
1
1
1
1
1
1
1
1
1
1
1
1
1
1
1

SCALARS radius float 1
LOOKUP_TABLE default
0.00015
0.00015
0.00015
0.00015
0.00015
0.00015
0.00015
0.00015
0.00015
0.00015
0.00015
0.00015
0.00015
0.00015
0.00015
0.00015
0.00015
0.00015
0.00015
0.00015
0.00015
0.00015
0.00015
0.00015
0.00015
0.00015
0.00015
0.00015
0.00015
0.00015
0.00015
0.00015
0.00015
0.00015
0.00015
0.00015
0.00015
0.00015
0.00015
0.00015
0.00015
0.00015
0.00015
0.00015
0.00015
0.00015
0.00015
0.00015
0.00015
0.00015
0.00015
0.00015
0.00015
0.00015
0.00015
0.00015
0.00015
0.00015
0.00015
0.00015
0.00015
0.00015
0.00015
0.00015
0.00015
0.00015
0.00015
0.00015
0.00015
0.00015
0.00015
0.00015
0.00015
0.00015
0.00015
0.00015
0.00015
0.00015
0.00015
0.00015
0.00015
0.00015
0.00015
0.00015
0.00015
0.00015
0.00015
0.00015
0.00015
0.00015
0.00015
0.00015
0.00015
0.00015
0.00015
0.00015
0.00015
0.00015
0.00015
0.00015
0.00015
0.00015
0.00015
0.00015
0.00015
0.00015
0.00015
0.00015
0.00015
0.00015
0.00015
0.00015
0.00015
0.00015
0.00015
0.00015
0.00015
0.00015
0.00015
0.00015
0.00015
0.00015
0.00015
0.00015
0.00015
0.00015
0.00015
0.00015
0.00015
0.00015
0.00015
0.00015
0.00015
0.00015
0.00015
0.00015
0.00015
0.00015
0.00015
0.00015
0.00015
0.00015
0.00015
0.00015
0.00015
0.00015
0.00015
0.00015
0.00015
0.00015
0.00015
0.00015
0.00015
0.00015
0.00015
0.00015
0.00015
0.00015
0.00015
0.00015
0.00015
0.00015
0.00015
0.00015
0.00015
0.00015
0.00015
0.00015
0.00015
0.00015
0.00015
0.00015
0.00015
0.00015
0.00015
0.00015
0.00015
0.00015
0.00015
0.00015
0.00015
0.00015
0.00015
0.00015
0.00015
0.00015
0.00015
0.00015
0.00015
0.00015
0.00015
0.00015
0.00015
0.00015
0.00015
0.00015
0.00015
0.00015
0.00015
0.00015
0.00015
0.00015
0.00015
0.00015
0.00015
0.00015
0.00015
0.00015
0.00015
0.00015
0.00015
0.00015
0.00015
0.00015
0.00015
0.00015
0.00015
0.00015
0.00015
0.00015
0.00015
0.00015
0.00015
0.00015
0.00015
0.00015
0.00015
0.00015
0.00015
0.00015
0.00015
0.00015
0.00015
0.00015
0.00015
0.00015
0.00015
0.00015
0.00015
0.00015
0.00015
0.00015
0.00015
0.00015
0.00015
0.00015
0.00015
0.00015
0.00015
0.00015
0.00015
0.00015
0.00015
0.00015
0.00015
0.00015
0.00015
0.00015
0.00015
0.00015
0.00015
0.00015
0.00015
0.00015
0.00015
0.00015
0.00015
0.00015
0.00015
0.00015
0.00015
0.00015
0.00015
0.00015
0.00015
0.00015
0.00015
0.00015
0.00015
0.00015
0.00015
0.00015
0.00015
0.00015
0.00015
0.00015
0.00015
0.00015
0.00015
0.00015
0.00015
0.00015
0.00015
0.00015
0.00015
0.00015
0.00015
0.00015
0.00015
0.00015
0.00015
0.00015
0.00015
0.00015
0.00015
0.00015
0.00015
0.00015
0.00015
0.00015
0.00015
0.00015
0.00015
0.00015
0.00015
0.00015
0.00015
0.00015
0.00015
0.00015
0.00015
0.00015
0.00015
0.00015
0.00015
0.00015
0.00015
0.00015
0.00015
0.00015
0.00015
0.00015
0.00015
0.00015
0.00015
0.00015
0.00015
0.00015
0.00015
0.00015
0.00015
0.00015
0.00015
0.00015
0.00015
0.00015
0.00015
0.00015
0.00015
0.00015
0.00015
0.00015
0.00015
0.00015
0.00015
0.00015
0.00015
0.00015
0.00015
0.00015
0.00015
0.00015
0.00015
0.00015
0.00015
0.00015
0.00015
0.00015
0.00015
0.00015
0.00015
0.00015
0.00015
0.00015
0.00015
0.00015
0.00015
0.00015
0.00015
0.00015
0.00015
0.00015
0.00015
0.00015
0.00015
0.00015
0.00015
0.00015
0.00015
0.00015
0.00015
0.00015
0.00015
0.00015
0.00015
0.00015
0.00015
0.00015
0.00015
0.00015
0.00015
0.00015
0.00015
0.00015
0.00015
0.00015
0.00015
0.00015
0.00015
0.00015
0.00015
0.00015
0.00015
0.00015
0.00015
0.00015
0.00015
0.00015
0.00015
0.00015
0.00015
0.00015
0.00015
0.00015
0.00015
0.00015
0.00015
0.00015
0.00015
0.00015
0.00015
0.00015
0.00015
0.00015
0.00015
0.00015
0.00015
0.00015
0.00015
0.00015
0.00015
0.00015
0.00015
0.00015
0.00015
0.00015
0.00015
0.00015
0.00015
0.00015
0.00015
0.00015
0.00015
0.00015
0.00015
0.00015
0.00015
0.00015
0.00015
0.00015
0.00015
0.00015
0.00015
0.00015
0.00015
0.00015
0.00015
0.00015
0.00015
0.00015
0.00015
0.00015
0.00015
0.00015
0.00015
0.00015
0.00015
0.00015
0.00015
0.00015
0.00015
0.00015
0.00015
0.00015
0.00015
0.00015
0.00015
0.00015
0.00015
0.00015
0.00015
0.00015
0.00015
0.00015
0.00015
0.00015
0.00015
0.00015
0.00015
0.00015
0.00015
0.00015
0.00015
0.00015
0.00015
0.00015
0.00015
0.00015
0.00015
0.00015
0.00015
0.00015
0.00015
0.00015
0.00015
0.00015
0.00015
0.00015
0.00015
0.00015
0.00015
0.00015
0.00015
0.00015
0.00015
0.00015
0.00015
0.00015
0.00015
0.00015
0.00015
0.00015
0.00015
0.00015
0.00015
0.00015
0.00015
0.00015
0.00015
0.00015
0.00015
0.00015
0.00015
0.00015
0.00015
0.00015
0.00015
0.00015
0.00015
0.00015
0.00015
0.00015
0.00015
0.00015
0.00015
0.00015
0.00015
0.00015
0.00015
0.00015
0.00015
0.00015
0.00015
0.00015
0.00015
0.00015
0.00015
0.00015
0.00015
0.00015
0.00015
0.00015
0.00015
0.00015
0.00015
0.00015
0.00015
0.00015
0.00015
0.00015
0.00015
0.00015
0.00015
0.00015
0.00015
0.00015
0.00015
0.00015
0.00015
0.00015
0.00015
0.00015
0.00015
0.00015
0.00015
0.00015
0.00015
0.00015
0.00015
0.00015
0.00015
0.00015
0.00015
0.00015
0.00015
0.00015
0.00015
0.00015
0.00015
0.00015
0.00015
0.00015
0.00015
0.00015
0.00015
0.00015
0.00015
0.00015
0.00015
0.00015
0.00015
0.00015
0.00015
0.00015
0.00015
0.00015
0.00015
0.00015
0.00015
0.00015
0.00015
0.00015
0.00015
0.00015
0.00015
0.00015
0.00015
0.00015
0.00015
0.00015
0.00015
0.00015
0.00015
0.00015
0.00015
0.00015
0.00015
0.00015
0.00015
0.00015
0.00015
0.00015
0.00015
0.00015
0.00015
0.00015
0.00015
0.00015
0.00015
0.00015
0.00015
0.00015
0.00015
0.00015
0.00015
0.00015
0.00015
0.00015
0.00015
0.00015
0.00015
0.00015
0.00015
0.00015
0.00015
0.00015
0.00015
0.00015
0.00015
0.00015
0.00015
0.00015
0.00015
0.00015
0.00015
0.00015
0.00015
0.00015
0.00015
0.00015
0.00015
0.00015
0.00015
0.00015
0.00015
0.00015
0.00015
0.00015
0.00015
0.00015
0.00015
0.00015
0.00015
0.00015
0.00015
0.00015
0.00015
0.00015
0.00015
0.00015
0.00015
0.00015
0.00015
0.00015
0.00015
0.00015
0.00015
0.00015
0.00015
0.00015
0.00015
0.00015
0.00015
0.00015
0.00015
0.00015
0.00015
0.00015
0.00015
0.00015
0.00015
0.00015
0.00015
0.00015
0.00015
0.00015
0.00015
0.00015
0.00015
0.00015
0.00015
0.00015
0.00015
0.00015
0.00015
0.00015
0.00015
0.00015
0.00015
0.00015
0.00015
0.00015
0.00015
0.00015
0.00015
0.00015
0.00015
0.00015
0.00015
0.00015
0.00015
0.00015
0.00015
0.00015
0.00015
0.00015
0.00015
0.00015
0.00015
0.00015
0.00015
0.00015
0.00015
0.00015
0.00015
0.00015
0.00015
0.00015
0.00015
0.00015
0.00015
0.00015
0.00015
0.00015
0.00015
0.00015
0.00015
0.00015
0.00015
0.00015
0.00015
0.00015
0.00015
0.00015
0.00015
0.00015
0.00015
0.00015
0.00015
0.00015
0.00015
0.00015
0.00015
0.00015
0.00015
0.00015
0.00015
0.00015
0.00015
0.00015
0.00015
0.00015

SCALARS mass float 1
LOOKUP_TABLE default
3.95841e-09
3.95841e-09
3.95841e-09
3.95841e-09
3.95841e-09
3.95841e-09
3.95841e-09
3.95841e-09
3.95841e-09
3.95841e-09
3.95841e-09
3.95841e-09
3.95841e-09
3.95841e-09
3.95841e-09
3.95841e-09
3.95841e-09
3.95841e-09
3.95841e-09
3.95841e-09
3.95841e-09
3.95841e-09
3.95841e-09
3.95841e-09
3.95841e-09
3.95841e-09
3.95841e-09
3.95841e-09
3.95841e-09
3.95841e-09
3.95841e-09
3.95841e-09
3.95841e-09
3.95841e-09
3.95841e-09
3.95841e-09
3.95841e-09
3.95841e-09
3.95841e-09
3.95841e-09
3.95841e-09
3.95841e-09
3.95841e-09
3.95841e-09
3.95841e-09
3.95841e-09
3.95841e-09
3.95841e-09
3.95841e-09
3.95841e-09
3.95841e-09
3.95841e-09
3.95841e-09
3.95841e-09
3.95841e-09
3.95841e-09
3.95841e-09
3.95841e-09
3.95841e-09
3.95841e-09
3.95841e-09
3.95841e-09
3.95841e-09
3.95841e-09
3.95841e-09
3.95841e-09
3.95841e-09
3.95841e-09
3.95841e-09
3.95841e-09
3.95841e-09
3.95841e-09
3.95841e-09
3.95841e-09
3.95841e-09
3.95841e-09
3.95841e-09
3.95841e-09
3.95841e-09
3.95841e-09
3.95841e-09
3.95841e-09
3.95841e-09
3.95841e-09
3.95841e-09
3.95841e-09
3.95841e-09
3.95841e-09
3.95841e-09
3.95841e-09
3.95841e-09
3.95841e-09
3.95841e-09
3.95841e-09
3.95841e-09
3.95841e-09
3.95841e-09
3.95841e-09
3.95841e-09
3.95841e-09
3.95841e-09
3.95841e-09
3.95841e-09
3.95841e-09
3.95841e-09
3.95841e-09
3.95841e-09
3.95841e-09
3.95841e-09
3.95841e-09
3.95841e-09
3.95841e-09
3.95841e-09
3.95841e-09
3.95841e-09
3.95841e-09
3.95841e-09
3.95841e-09
3.95841e-09
3.95841e-09
3.95841e-09
3.95841e-09
3.95841e-09
3.95841e-09
3.95841e-09
3.95841e-09
3.95841e-09
3.95841e-09
3.95841e-09
3.95841e-09
3.95841e-09
3.95841e-09
3.95841e-09
3.95841e-09
3.95841e-09
3.95841e-09
3.95841e-09
3.95841e-09
3.95841e-09
3.95841e-09
3.95841e-09
3.95841e-09
3.95841e-09
3.95841e-09
3.95841e-09
3.95841e-09
3.95841e-09
3.95841e-09
3.95841e-09
3.95841e-09
3.95841e-09
3.95841e-09
3.95841e-09
3.95841e-09
3.95841e-09
3.95841e-09
3.95841e-09
3.95841e-09
3.95841e-09
3.95841e-09
3.95841e-09
3.95841e-09
3.95841e-09
3.95841e-09
3.95841e-09
3.95841e-09
3.95841e-09
3.95841e-09
3.95841e-09
3.95841e-09
3.95841e-09
3.95841e-09
3.95841e-09
3.95841e-09
3.95841e-09
3.95841e-09
3.95841e-09
3.95841e-09
3.95841e-09
3.95841e-09
3.95841e-09
3.95841e-09
3.95841e-09
3.95841e-09
3.95841e-09
3.95841e-09
3.95841e-09
3.95841e-09
3.95841e-09
3.95841e-09
3.95841e-09
3.95841e-09
3.95841e-09
3.95841e-09
3.95841e-09
3.95841e-09
3.95841e-09
3.95841e-09
3.95841e-09
3.95841e-09
3.95841e-09
3.95841e-09
3.95841e-09
3.95841e-09
3.95841e-09
3.95841e-09
3.95841e-09
3.95841e-09
3.95841e-09
3.95841e-09
3.95841e-09
3.95841e-09
3.95841e-09
3.95841e-09
3.95841e-09
3.95841e-09
3.95841e-09
3.95841e-09
3.95841e-09
3.95841e-09
3.95841e-09
3.95841e-09
3.95841e-09
3.95841e-09
3.95841e-09
3.95841e-09
3.95841e-09
3.95841e-09
3.95841e-09
3.95841e-09
3.95841e-09
3.95841e-09
3.95841e-09
3.95841e-09
3.95841e-09
3.95841e-09
3.95841e-09
3.95841e-09
3.95841e-09
3.95841e-09
3.95841e-09
3.95841e-09
3.95841e-09
3.95841e-09
3.95841e-09
3.95841e-09
3.95841e-09
3.95841e-09
3.95841e-09
3.95841e-09
3.95841e-09
3.95841e-09
3.95841e-09
3.95841e-09
3.95841e-09
3.95841e-09
3.95841e-09
3.95841e-09
3.95841e-09
3.95841e-09
3.95841e-09
3.95841e-09
3.95841e-09
3.95841e-09
3.95841e-09
3.95841e-09
3.95841e-09
3.95841e-09
3.95841e-09
3.95841e-09
3.95841e-09
3.95841e-09
3.95841e-09
3.95841e-09
3.95841e-09
3.95841e-09
3.95841e-09
3.95841e-09
3.95841e-09
3.95841e-09
3.95841e-09
3.95841e-09
3.95841e-09
3.95841e-09
3.95841e-09
3.95841e-09
3.95841e-09
3.95841e-09
3.95841e-09
3.95841e-09
3.95841e-09
3.95841e-09
3.95841e-09
3.95841e-09
3.95841e-09
3.95841e-09
3.95841e-09
3.95841e-09
3.95841e-09
3.95841e-09
3.95841e-09
3.95841e-09
3.95841e-09
3.95841e-09
3.95841e-09
3.95841e-09
3.95841e-09
3.95841e-09
3.95841e-09
3.95841e-09
3.95841e-09
3.95841e-09
3.95841e-09
3.95841e-09
3.95841e-09
3.95841e-09
3.95841e-09
3.95841e-09
3.95841e-09
3.95841e-09
3.95841e-09
3.95841e-09
3.95841e-09
3.95841e-09
3.95841e-09
3.95841e-09
3.95841e-09
3.95841e-09
3.95841e-09
3.95841e-09
3.95841e-09
3.95841e-09
3.95841e-09
3.95841e-09
3.95841e-09
3.95841e-09
3.95841e-09
3.95841e-09
3.95841e-09
3.95841e-09
3.95841e-09
3.95841e-09
3.95841e-09
3.95841e-09
3.95841e-09
3.95841e-09
3.95841e-09
3.95841e-09
3.95841e-09
3.95841e-09
3.95841e-09
3.95841e-09
3.95841e-09
3.95841e-09
3.95841e-09
3.95841e-09
3.95841e-09
3.95841e-09
3.95841e-09
3.95841e-09
3.95841e-09
3.95841e-09
3.95841e-09
3.95841e-09
3.95841e-09
3.95841e-09
3.95841e-09
3.95841e-09
3.95841e-09
3.95841e-09
3.95841e-09
3.95841e-09
3.95841e-09
3.95841e-09
3.95841e-09
3.95841e-09
3.95841e-09
3.95841e-09
3.95841e-09
3.95841e-09
3.95841e-09
3.95841e-09
3.95841e-09
3.95841e-09
3.95841e-09
3.95841e-09
3.95841e-09
3.95841e-09
3.95841e-09
3.95841e-09
3.95841e-09
3.95841e-09
3.95841e-09
3.95841e-09
3.95841e-09
3.95841e-09
3.95841e-09
3.95841e-09
3.95841e-09
3.95841e-09
3.95841e-09
3.95841e-09
3.95841e-09
3.95841e-09
3.95841e-09
3.95841e-09
3.95841e-09
3.95841e-09
3.95841e-09
3.95841e-09
3.95841e-09
3.95841e-09
3.95841e-09
3.95841e-09
3.95841e-09
3.95841e-09
3.95841e-09
3.95841e-09
3.95841e-09
3.95841e-09
3.95841e-09
3.95841e-09
3.95841e-09
3.95841e-09
3.95841e-09
3.95841e-09
3.95841e-09
3.95841e-09
3.95841e-09
3.95841e-09
3.95841e-09
3.95841e-09
3.95841e-09
3.95841e-09
3.95841e-09
3.95841e-09
3.95841e-09
3.95841e-09
3.95841e-09
3.95841e-09
3.95841e-09
3.95841e-09
3.95841e-09
3.95841e-09
3.95841e-09
3.95841e-09
3.95841e-09
3.95841e-09
3.95841e-09
3.95841e-09
3.95841e-09
3.95841e-09
3.95841e-09
3.95841e-09
3.95841e-09
3.95841e-09
3.95841e-09
3.95841e-09
3.95841e-09
3.95841e-09
3.95841e-09
3.95841e-09
3.95841e-09
3.95841e-09
3.95841e-09
3.95841e-09
3.95841e-09
3.95841e-09
3.95841e-09
3.95841e-09
3.95841e-09
3.95841e-09
3.95841e-09
3.95841e-09
3.95841e-09
3.95841e-09
3.95841e-09
3.95841e-09
3.95841e-09
3.95841e-09
3.95841e-09
3.95841e-09
3.95841e-09
3.95841e-09
3.95841e-09
3.95841e-09
3.95841e-09
3.95841e-09
3.95841e-09
3.95841e-09
3.95841e-09
3.95841e-09
3.95841e-09
3.95841e-09
3.95841e-09
3.95841e-09
3.95841e-09
3.95841e-09
3.95841e-09
3.95841e-09
3.95841e-09
3.95841e-09
3.95841e-09
3.95841e-09
3.95841e-09
3.95841e-09
3.95841e-09
3.95841e-09
3.95841e-09
3.95841e-09
3.95841e-09
3.95841e-09
3.95841e-09
3.95841e-09
3.95841e-09
3.95841e-09
3.95841e-09
3.95841e-09
3.95841e-09
3.95841e-09
3.95841e-09
3.95841e-09
3.95841e-09
3.95841e-09
3.95841e-09
3.95841e-09
3.95841e-09
3.95841e-09
3.95841e-09
3.95841e-09
3.95841e-09
3.95841e-09
3.95841e-09
3.95841e-09
3.95841e-09
3.95841e-09
3.95841e-09
3.95841e-09
3.95841e-09
3.95841e-09
3.95841e-09
3.95841e-09
3.95841e-09
3.95841e-09
3.95841e-09
3.95841e-09
3.95841e-09
3.95841e-09
3.95841e-09
3.95841e-09
3.95841e-09
3.95841e-09
3.95841e-09
3.95841e-09
3.95841e-09
3.95841e-09
3.95841e-09
3.95841e-09
3.95841e-09
3.95841e-09
3.95841e-09
3.95841e-09
3.95841e-09
3.95841e-09
3.95841e-09
3.95841e-09
3.95841e-09
3.95841e-09
3.95841e-09
3.95841e-09
3.95841e-09
3.95841e-09
3.95841e-09
3.95841e-09
3.95841e-09
3.95841e-09
3.95841e-09
3.95841e-09
3.95841e-09
3.95841e-09
3.95841e-09
3.95841e-09
3.95841e-09
3.95841e-09
3.95841e-09
3.95841e-09
3.95841e-09
3.95841e-09
3.95841e-09
3.95841e-09
3.95841e-09
3.95841e-09
3.95841e-09
3.95841e-09
3.95841e-09
3.95841e-09
3.95841e-09
3.95841e-09
3.95841e-09
3.95841e-09
3.95841e-09
3.95841e-09
3.95841e-09
3.95841e-09
3.95841e-09
3.95841e-09
3.95841e-09
3.95841e-09
3.95841e-09
3.95841e-09
3.95841e-09
3.95841e-09
3.95841e-09
3.95841e-09
3.95841e-09
3.95841e-09
3.95841e-09
3.95841e-09
3.95841e-09
3.95841e-09
3.95841e-09
3.95841e-09
3.95841e-09
3.95841e-09
3.95841e-09
3.95841e-09
3.95841e-09
3.95841e-09
3.95841e-09
3.95841e-09
3.95841e-09
3.95841e-09
3.95841e-09
3.95841e-09
3.95841e-09
3.95841e-09
3.95841e-09
3.95841e-09
3.95841e-09
3.95841e-09
3.95841e-09
3.95841e-09
3.95841e-09
3.95841e-09
3.95841e-09
3.95841e-09
3.95841e-09
3.95841e-09
3.95841e-09
3.95841e-09
3.95841e-09
3.95841e-09
3.95841e-09
3.95841e-09
3.95841e-09
3.95841e-09
3.95841e-09
3.95841e-09
3.95841e-09
3.95841e-09
3.95841e-09
3.95841e-09
3.95841e-09
3.95841e-09
3.95841e-09
3.95841e-09
3.95841e-09
3.95841e-09
3.95841e-09
3.95841e-09
3.95841e-09
3.95841e-09
3.95841e-09
3.95841e-09
3.95841e-09
3.95841e-09
3.95841e-09
3.95841e-09
3.95841e-09
3.95841e-09
3.95841e-09
3.95841e-09
3.95841e-09
3.95841e-09
3.95841e-09
3.95841e-09
3.95841e-09
3.95841e-09
3.95841e-09
3.95841e-09
3.95841e-09
3.95841e-09
3.95841e-09
3.95841e-09
3.95841e-09
3.95841e-09
3.95841e-09
3.95841e-09
3.95841e-09
3.95841e-09
3.95841e-09
3.95841e-09
3.95841e-09
3.95841e-09
3.95841e-09
3.95841e-09
3.95841e-09
3.95841e-09
3.95841e-09
3.95841e-09
3.95841e-09
3.95841e-09
3.95841e-09
3.95841e-09
3.95841e-09
3.95841e-09
3.95841e-09
3.95841e-09
3.95841e-09
3.95841e-09
3.95841e-09
3.95841e-09
3.95841e-09
3.95841e-09
3.95841e-09
3.95841e-09
3.95841e-09
3.95841e-09
3.95841e-09
3.95841e-09
3.95841e-09
3.95841e-09
3.95841e-09
3.95841e-09
3.95841e-09
3.95841e-09
3.95841e-09
3.95841e-09
3.95841e-09
3.95841e-09
3.95841e-09
3.95841e-09
3.95841e-09
3.95841e-09
3.95841e-09
3.95841e-09
3.95841e-09
3.95841e-09
3.95841e-09
3.95841e-09
3.95841e-09
3.95841e-09
3.95841e-09
3.95841e-09
3.95841e-09
3.95841e-09
3.95841e-09
3.95841e-09
3.95841e-09
3.95841e-09
3.95841e-09
3.95841e-09
3.95841e-09
3.95841e-09
3.95841e-09
3.95841e-09
3.95841e-09
3.95841e-09
3.95841e-09
3.95841e-09
3.95841e-09
3.95841e-09
3.95841e-09
3.95841e-09
3.95841e-09
3.95841e-09
3.95841e-09
3.95841e-09
3.95841e-09
3.95841e-09
3.95841e-09
3.95841e-09
3.95841e-09
3.95841e-09
3.95841e-09
3.95841e-09
3.95841e-09
3.95841e-09
3.95841e-09
3.95841e-09
3.95841e-09
3.95841e-09
3.95841e-09
3.95841e-09
3.95841e-09
3.95841e-09
3.95841e-09
3.95841e-09
3.95841e-09
3.95841e-09
3.95841e-09
3.95841e-09
3.95841e-09
3.95841e-09
3.95841e-09
3.95841e-09
3.95841e-09
3.95841e-09
3.95841e-09
3.95841e-09
3.95841e-09
3.95841e-09

VECTORS velocity float
0.00450746 -0.00112588 0.000946971
0.00471194 4.08601e-05 -0.000149354
0.00508609 -0.000307201 0.0004154
0.00465593 0.000395764 -0.000262808
0.00426485 -0.000245251 0.000509741
0.00470624 0.000396023 -0.000265409
0.00429914 0.000247787 -0.000100599
0.00443331 8.35047e-05 -0.000140896
0.0048012 0.000173921 -5.19661e-05
0.00456298 -0.00031956 0.000299108
0.00441508 -0.000245966 0.000375728
0.00453661 -0.000318281 0.000296932
0.00431593 0.000121597 -0.000183327
0.00450074 0.000252239 -9.7411e-05
0.00455006 -0.000235739 0.00026514
0.00483089 -0.000439642 0.000697828
0.00476667 0.000501791 -0.000384751
0.00467977 3.99144e-05 -0.000151066
0.00456818 -0.000334415 0.000304116
0.0045564 -0.000272279 0.000279832
0.00499077 0.000479649 -0.000167029
0.0043413 0.000550992 -0.000478033
0.00500817 0.000672838 -2.67413e-05
0.0049832 0.000150198 5.23567e-05
0.00410547 -0.000313294 0.000288617
0.00459742 -0.00039623 0.000330022
0.00477115 0.000212297 -5.28353e-05
0.0049614 0.000761414 -5.57723e-05
0.00498011 0.000545043 -0.000161575
0.00380295 -0.00150909 0.00343831
0.00485239 0.000148539 -3.25149e-05
0.00450321 -0.000282238 0.000282423
0.00466694 0.000403776 -0.000329021
0.00436135 0.000156638 -0.000206191
0.00475432 0.000252813 -6.79308e-05
0.00456612 -0.000344248 0.000306256
0.00429107 -0.000223717 0.000297721
0.00453388 -0.000225054 0.000279273
0.00471803 0.00027225 -8.17941e-05
0.00457778 0.000406283 -0.000276364
0.00464342 0.000240115 -5.98571e-05
0.00463795 -0.000285161 0.000289126
0.0047657 0.000416109 -0.000358115
0.00428643 -0.000367812 0.00062607
0.00492064 8.45968e-05 -1.73454e-05
0.00494127 0.000573504 -5.26003e-07
0.00469634 0.00039645 -0.000336154
0.00457577 -0.000303269 0.000403249
0.0046705 0.000245912 -6.67376e-05
0.00472769 0.000235801 -6.47413e-05
0.00434514 0.00026886 -0.000122107
0.00432653 0.000204999 -0.000171787
0.00473752 0.000407326 -0.000341101
0.00459482 -0.000286767 0.000402277
0.00450163 0.000265152 -9.29144e-05
0.00438322 0.000252573 -7.40967e-05
0.00478503 0.000489342 -0.000381505
0.00487591 0.000293952 -0.000199428
0.00470933 0.000376593 -0.000320342
0.0047266 5.70416e-05 -0.000159181
0.00430303 0.000294844 -0.000142335
0.00462368 0.000458681 -0.000343486
0.00473631 0.000450185 -0.000359
0.00499985 0.000651872 -1.21488e-05
0.00476544 0.00044568 -0.00036162
0.00470433 0.00044733 -0.000357034
0.00486805 6.78209e-05 -0.000329162
0.00477883 1.77549e-05 -0.000138662
0.00461013 2.02103e-05 -0.000152197
0.00474776 5.84533e-05 -0.000153729
0.00477341 4.21587e-05 -0.000198828
0.00498316 0.000290645 -0.000301206
0.00459784 -0.000311839 0.000296524
0.0048067 0.000410522 -0.000345944
0.00458776 -0.00044676 0.000525658
0.00480613 0.000618692 -0.000100564
0.00483392 0.00044625 -0.000326759
0.00464807 -4.44883e-05 -8.31237e-05
0.00456576 0.00041596 -0.000293119
0.00422989 0.000548853 -0.000485407
0.00496639 0.000653264 -2.37622e-05
0.00470701 5.64699e-05 -0.000144803
0.00440378 0.000251132 -0.000136524
0.00441465 -6.71429e-05 -0.000123305
0.00414831 -0.000233703 0.000537702
0.00471623 0.000235339 -4.79602e-05
0.00496739 0.000650959 -0.000164044
0.00446815 -0.000369673 0.000309583
0.00498491 0.000623781 -1.2816e-05
0.00413715 -0.000310881 0.000515413
0.00407395 -0.000328811 0.000257629
0.00578166 -0.000333452 0.000214745
0.0049017 0.000689357 -3.92881e-05
0.00488534 0.000651295 -7.3537e-05
0.00377849 -0.00084668 0.000880364
0.00442394 -0.000286571 0.000282531
0.00493123 0.0014111 -0.000846036
0.00459399 0.000390936 -0.000256456
0.00482963 0.000671502 -0.000153639
0.00455469 0.000419967 -0.00029856
0.0048577 -0.000681026 0.000578426
0.00452935 0.000431631 -0.000313841
0.00491715 0.000427322 -0.000801749
0.00431853 -0.000370466 0.000583244
0.00448533 0.000490374 -0.000715926
0.00468158 0.000322227 -0.000163143
0.00401807 -0.00020365 0.00035667
0.004051 -0.00027192 0.000559628
0.0045433 0.000504555 -0.000412804
0.00470512 5.13138e-05 -3.10026e-05
0.00495948 0.000752327 -6.30997e-05
0.0044775 -0.000479038 0.000680816
0.00498267 0.000633607 -0.000174562
0.00479465 0.000201266 -8.68015e-05
0.00480528 0.000331353 -0.000303539
0.00474471 -0.000294425 0.000173133
0.00482923 0.000685584 -0.000150687
0.00468238 0.000396265 -0.000260974
0.00476998 8.41541e-05 -0.000194441
0.00481702 0.000136015 -9.63213e-05
0.00489797 0.00064896 -1.11552e-05
0.00488914 0.000310616 8.51078e-05
0.00517295 -0.000333587 0.000705651
0.004754 0.0003733 -0.000327225
0.0047251 0.000459261 -0.000357417
0.00422247 -0.000294754 0.00054664
0.00511258 0.00277967 -0.00153128
0.00455535 0.000121153 -0.000190306
0.00469915 -0.00038518 0.000327204
0.00449213 -0.000165575 -0.000112405
0.00435359 -0.000220294 0.00044144
0.00499249 0.000664798 -2.40867e-05
0.00482123 -0.000355848 -0.000285474
0.00495374 0.000682228 -0.0001429
0.00416667 -0.000296876 0.000523977
0.00477126 -0.000231342 0.000284974
0.00486192 0.0002435 0.00011282
0.00464233 -0.000426261 0.000446169
0.00481108 -7.51577e-05 0.000252815
0.00484928 0.000251831 7.29511e-05
0.00471579 9.71616e-05 -0.00017492
0.00473342 0.000584039 -0.000749546
0.00496461 0.00036994 6.60129e-05
0.00423976 -0.000328311 0.000539634
0.0055712 -0.000372912 0.000425717
0.00489437 0.000281648 0.000164226
0.00491889 0.000455249 -0.000394442
0.00420692 -0.00172177 0.0010665
0.00457425 0.000437052 -0.000314364
0.00404177 -0.00065543 0.000649429
0.00522412 0.000219233 0.000139339
0.00451388 -0.000295183 0.000157958
0.00482457 0.000384526 -0.000797063
0.00455996 -0.000576583 -2.9374e-05
0.00480479 -0.000428086 0.000384292
0.00410198 0.000407824 -4.0171e-05
0.00509487 -0.00019194 0.000132781
0.00477768 0.00030465 -0.000142293
0.00477756 -0.000333717 0.000368877
0.00496309 0.00040883 -0.000132055
0.00431878 0.00035368 -0.000390991
0.00499141 0.000405617 -0.000693229
0.00356135 -0.000461536 0.000183329
0.00420784 -0.000733455 0.00166524
0.00477032 0.000217279 -7.05496e-05
0.00449404 -0.000273145 0.000513618
-7.82324e-05 0.00182571 -0.000911724
0.00484103 8.29492e-05 -0.000150388
0.00478401 -0.000664351 3.95619e-05
0.00454943 -0.000213588 -0.00048526
0.00430523 -0.000450678 0.000225439
0.00479455 0.000388207 -0.000254422
0.00489425 0.000521484 4.34438e-05
0.00467839 -0.000425172 0.000153931
0.00465377 0.000411069 -5.33123e-05
0.00501942 0.000718521 -3.90632e-05
0.00542632 -0.000357873 0.0007676
0.00443611 0.000240214 -0.000333141
0.00467748 -0.000216868 -3.2792e-05
0.0048088 -0.000205064 -5.33282e-05
0.00482814 0.000187583 -9.31846e-05
0.00468142 -0.00028013 0.000306772
0.00427459 -0.000357938 0.000544489
0.00426867 -4.18587e-05 -0.000248424
0.00452407 0.000416639 -0.000296539
0.0047664 -0.000349566 0.000369353
0.0047873 -0.000319794 0.000297154
0.00435212 -0.000355606 0.00030834
0.0041212 -0.000913557 0.00113459
0.00482021 0.000185411 -9.34762e-05
0.00478429 0.00046726 -0.000179273
0.00517792 -0.000364849 0.000613794
0.00451951 -0.000114896 0.000278342
0.0045442 -0.000216047 8.11212e-05
0.00457348 -0.000290294 0.000555442
0.00464894 -0.000388083 0.000181339
0.00471597 2.26039e-05 0.000210788
0.00489856 0.000515025 -0.000186871
0.0046943 -0.000494835 -1.56689e-05
0.00470869 0.000518249 -0.000775656
0.00486831 -0.000121075 0.000461951
0.0047175 -6.24391e-05 0.000293396
0.00492973 0.000756863 -5.7076e-05
0.00451451 0.000519605 -0.000717903
0.00488939 -0.000403362 0.000207962
0.00466084 -0.000403613 0.000263496
0.00451954 -0.000274553 0.000700405
0.00447224 -0.000339757 0.000204963
0.00472354 0.000334023 0.000119247
0.0048431 0.000378668 -0.000320466
0.00438139 -0.000252634 0.000524022
0.00484183 2.59942e-05 0.000259172
0.00488815 0.000336853 -9.72592e-06
0.00501433 -0.000962027 0.00037133
0.0058124 -0.000466489 0.000421596
0.0048637 0.0004366 -0.000280818
0.00484722 -0.000589851 0.000628653
0.00450687 -0.000588982 0.000696194
0.00441936 -0.000389535 0.000298481
0.0044728 -0.000237802 0.000493204
0.00446797 -0.0007066 5.36547e-05
0.00448734 -0.000242755 0.000302027
0.00427453 -0.000355801 0.000590427
0.00429683 -0.000338294 0.000202626
0.004644 -0.000890382 0.000377113
0.00413757 -0.000142374 -9.33009e-05
0.00431755 -0.000219749 -0.000166916
0.00448687 -0.000326243 0.000332524
0.00449543 -1.59557e-05 -0.00024677
0.00447992 -0.000168057 0.000213923
0.00487587 9.03087e-05 -0.000131657
0.00435709 -0.000618753 0.00017735
0.00376961 -0.00152027 0.00338871
0.00461361 -0.000364135 -3.58677e-05
0.00469865 -0.000334132 0.000347247
0.00437162 3.63222e-05 -0.000201593
0.00457105 -0.000769929 1.54213e-05
0.00482404 -0.00017247 9.00234e-05
0.00471572 0.000379212 -0.000320833
0.00452837 0.000252232 -0.000598808
0.00464541 0.000240344 -0.00021809
0.00467342 -0.000207959 0.000410073
0.00466276 -0.000322846 0.000366544
0.00444389 -0.000142526 0.000298024
0.00478644 0.000380626 -0.000235363
0.00435262 -0.000571419 0.00017353
0.00424598 -0.000309779 0.000531203
0.00438537 -0.000668977 0.000156879
0.00451423 -0.000300212 -4.10437e-06
0.00468598 -0.000273165 0.000171013
0.00419207 -0.000135275 -9.27264e-05
0.00436769 -0.000205706 0.000277031
0.00485921 -7.6841e-05 -0.000211197
0.00429356 -0.000120798 0.000300637
0.00435493 -0.000193946 0.000327274
0.00461433 -6.77076e-05 -0.000261297
0.00409531 -0.000385232 0.000217813
0.00399552 -0.000410049 0.000385626
0.00473443 0.000438616 -0.000360286
0.00462608 0.000312666 -3.21845e-05
0.00474145 0.000385241 -0.000242706
0.00422402 -0.000293862 0.000549452
0.00483308 -0.000168114 0.000311145
0.0045941 -0.000298394 0.000315644
0.00465997 -0.000259384 0.000360328
0.00466563 -0.000141911 0.00034133
0.00472423 -0.000524334 0.000797254
0.00496319 0.000179018 0.000124189
0.00467644 -0.000706416 -0.000386138
0.00478876 9.41859e-05 0.000165012
0.00503848 -0.000769369 -2.83351e-05
0.00461188 -0.000311695 0.000322541
0.00449321 -0.000163354 0.000302708
0.00458193 -0.000761298 0.000530212
0.00481047 -0.000348976 0.000377719
0.00463574 -0.000301147 0.000328542
0.00498183 0.000445831 -0.000819231
0.00455848 -0.000323094 0.000337501
0.00412468 0.000440165 0.000589661
0.00482888 -0.000332872 -5.10971e-05
0.00427139 -0.000458106 8.50804e-05
0.00476228 -0.000240689 -0.000330025
0.00448902 -0.000224909 -0.000126439
0.00460664 -0.000346211 0.00035644
0.00436931 -0.000692776 -0.000127205
0.00436047 -0.000278078 0.000291638
0.00436825 -0.000393303 0.000298417
0.00476932 0.000163294 0.000507141
0.00443135 -0.00068414 0.00016732
0.00372874 -0.000159286 0.000264115
0.00455242 -0.000795684 0.000329141
0.0047852 -0.000387385 -0.000116456
0.00473161 -9.49221e-05 0.000414819
0.00434726 -0.000187139 -0.000164265
0.00462289 -0.000449807 5.80823e-05
0.00405013 -0.000168461 0.00041407
0.00458987 -0.000342839 0.000334105
0.00489709 0.000237589 -0.000242632
0.00416127 -0.000523956 0.000201361
0.00434812 -0.000476811 -0.000177148
0.00484344 0.000179001 -0.000229329
0.00474661 0.000301402 -9.70245e-05
0.00460657 -0.000349129 -9.97819e-06
0.00429244 -0.000167149 -5.79821e-05
0.00422663 -0.000250744 0.000428349
0.00462334 -0.000289728 0.000104797
0.00465023 -0.00023593 0.000107861
0.00454088 -0.000405222 -6.41125e-05
0.00450276 -0.000429103 -6.08457e-05
0.00464248 -0.000280636 0.000172715
0.00481638 0.000257567 -0.00034361
0.0042085 -0.000100916 -0.000116208
0.00417384 -0.000144302 0.000333229
0.00438067 1.74834e-05 0.000263587
0.00445487 -0.000291574 0.000275608
0.00452529 -0.000369744 -8.58849e-05
0.00457627 -0.000459712 -5.7322e-05
0.00389397 -6.73056e-05 0.000317693
0.0046662 -0.000410325 0.000268527
0.00461882 -0.000322155 0.000343041
0.00461959 -4.9815e-05 0.000261715
0.0043108 -0.000371513 0.000218794
0.00516031 9.95702e-05 9.41836e-05
0.00437292 -0.000168476 0.000428955
0.00469038 -0.000317206 -8.55383e-05
0.00486712 -0.000585494 0.000666994
0.00430152 -0.000560567 0.000205253
0.00303858 -0.000329308 2.92291e-05
0.00463887 0.000266332 -0.000483605
0.00472047 -0.000296319 0.000335811
0.0043506 -3.10586e-05 0.00026321
0.00410927 -0.000224697 0.000259542
0.00459105 0.000461116 -0.000401794
0.00266957 -8.09825e-05 -0.000132484
0.00466345 -0.000763366 0.00185924
0.00461554 -0.00019929 9.74395e-05
0.00455086 -0.000281812 0.000315386
0.00469274 -0.000271504 0.000298259
0.00373326 -0.00149713 0.00335428
0.00457532 -0.000204423 0.000243032
0.00454654 -0.000268267 -8.54649e-06
0.00395976 -0.000739441 1.47589e-05
0.00461209 -0.00015135 9.92626e-05
0.00416961 -0.000346644 0.000208911
0.00434639 -0.00026295 0.000265859
0.00362722 -0.000395876 0.00012719
0.00417265 -0.000214869 0.000281504
0.0045245 -0.000325536 0.000328248
0.00467599 -0.000236353 8.95869e-05
0.00461779 -0.000329581 0.000114804
0.00464697 -0.000312277 0.000531314
0.00435842 -0.000353002 0.000301857
0.00460251 -0.000358694 0.000308231
0.00397768 -0.000203763 0.000272339
0.00431366 -0.000430799 0.000294579
0.00459057 -0.000335213 0.000347414
0.00470373 -0.000259646 0.000287667
0.00471014 -0.000259712 0.000290134
0.00472673 -0.000321422 0.00030421
0.00353959 -0.000278985 0.000204947
0.00465201 -0.000273582 0.000124447
0.00381561 0.000396261 0.00042362
0.00429843 -0.000215499 0.000291238
0.00457894 -0.000186304 0.00010073
0.00462993 -0.000240669 0.000112716
0.00458466 -0.000268801 7.48332e-05
0.00373444 -0.00176953 0.00208029
0.00459834 -0.00041973 5.94452e-06
0.00468728 -0.000436888 0.000212849
0.00472033 -0.000276707 0.000302386
0.00446256 -0.000228742 -4.77961e-05
0.00450288 -0.000381191 -6.46726e-05
0.00437987 -0.000182613 0.000523844
0.00470266 -0.000230244 0.000267285
0.00503545 0.00541344 0.00126871
0.0044065 -0.000190669 -6.68204e-05
0.00267474 -0.000120588 -7.4922e-05
0.00427082 -7.58608e-05 0.000336748
0.00502941 0.000379377 0.000300327
0.00443265 -0.00184171 0.000439975
0.00477129 -0.000438896 0.000511104
0.00424536 -0.000120958 0.000229858
0.00471569 -0.000118449 0.000174618
0.00464703 -0.000227583 0.000265286
0.00462041 -0.000312744 5.87642e-05
0.00448152 -0.000196211 0.000240035
0.00452095 -0.000320529 -7.94732e-05
0.0064023 0.00275495 -0.000352251
0.00462955 -0.00028045 0.000121798
0.0048043 -0.000406857 0.000635573
0.00424157 -0.00146186 0.0021112
0.00441458 -0.000295781 -8.18437e-05
0.00444826 -0.000226141 -9.46867e-05
0.00430193 -0.000360468 -6.35841e-05
0.00472338 -0.000281603 0.000307745
0.0044575 -0.00041713 -3.25629e-05
0.00478592 -0.000116026 0.000467405
0.0046077 -0.000278567 0.000313968
0.00438242 -0.000293245 -7.38819e-05
0.00451746 -0.000445442 -6.01717e-05
0.0043724 -0.000218559 0.000251129
0.00433816 -0.000359125 -6.40039e-05
0.00447717 -1.77188e-05 0.000195449
0.00363163 -0.000245525 0.000146915
0.00435008 -0.00023926 0.000307645
0.00447958 -0.000224445 0.000325565
0.00449058 -0.000273978 -4.59917e-05
0.00442252 -0.000333454 -7.07491e-05
0.00431132 -0.000268996 0.00051746
0.00463927 -0.000436067 9.20801e-05
0.0045222 -0.000166962 0.000481957
0.00432004 -0.000252904 0.000480347
0.00424722 -5.50926e-05 0.000253505
0.00443858 -0.000322896 -7.69311e-05
0.00463441 -0.000318277 0.000335334
0.00466689 -0.000238007 0.000274494
0.00459806 -0.000335637 0.000348856
0.00140121 0.00632244 -0.00320369
0.00462438 -0.000228272 0.000259601
0.00444373 -0.000188245 -2.68679e-07
0.00475136 -0.000326664 6.94926e-05
0.00456296 -0.000400906 -4.77265e-05
0.00471104 -0.000264156 0.000308395
0.00465522 -0.000404456 8.74872e-05
0.0041733 -0.000568457 0.000163191
0.00458284 -0.000441842 -2.07195e-05
0.00470899 -0.000376456 0.000241242
0.00419375 -0.00212628 0.000472785
0.00447945 -0.00035733 -7.28343e-05
0.0038456 -0.00197115 0.000514086
0.00457743 -0.000343677 -7.64528e-05
0.00205672 0.000786045 0.000297738
0.00443086 -0.000281633 -8.41851e-05
0.0045197 -0.000171815 9.69446e-05
0.00452493 -0.000320613 -7.8914e-05
0.00437662 -0.000171236 4.99814e-05
0.00469975 -0.000390892 0.000193839
0.00454226 -0.000451923 -0.000102237
0.00466499 -0.000441726 0.000143379
0.00433794 -0.000355949 -6.81685e-05
0.00468016 -0.000254891 0.000248728
0.00457254 -0.000313349 -8.15958e-05
0.00455027 -0.000420415 -6.37578e-05
0.00283553 -0.00176326 0.00250085
0.00456619 -0.00017595 9.83809e-05
0.00433428 9.03817e-05 0.00096452
0.00452265 2.1087e-05 0.000548127
0.00406158 -0.00254158 0.00108191
0.00437236 -0.000238007 -1.36212e-05
0.00441658 -0.000185701 -9.84804e-05
0.0044883 -0.000142783 9.06137e-05
0.00455308 -0.000122816 0.000145751
0.00408278 -0.00232021 -0.000708772
0.00474056 -0.000245573 0.000245709
0.00449979 -0.000346469 -2.25705e-05
0.00439106 -0.000257297 -5.48986e-05
0.00464814 -0.000204984 0.000340454
0.00473739 -0.000174192 0.000459404
0.00467687 -0.000163437 0.000214916
0.00437116 -0.000394899 -3.5995e-05
0.00437073 -0.000322497 -7.44501e-05
0.00477971 -0.000413093 0.000348588
0.00436295 -0.000204281 2.10863e-05
0.00440106 -0.00023585 1.11004e-05
0.00451936 -0.000227058 0.000355983
0.00437865 -0.000159074 3.83883e-05
0.00465658 -0.000265676 0.000282232
0.00468993 -0.000248164 8.86038e-05
0.00414356 -0.00246881 0.00104986
0.00453209 -0.000226324 0.000302871
0.00464043 -0.000187121 0.000247744
0.00470902 -0.000243167 0.000270135
0.00452984 -0.000417035 0.000226887
0.00460665 -0.000256926 0.000341611
0.00461671 -7.20246e-06 0.000452447
0.00459163 -0.000235696 0.000321319
0.00387465 -0.0020099 0.00043533
0.00428963 -0.000272152 0.000488823
0.00471036 -0.000231816 0.000272313
0.0040072 -0.00195118 0.00181283
0.00459253 -0.000267725 0.000334157
0.00399332 -0.00235122 0.000617682
0.00454792 1.98619e-05 0.000435127
0.00431252 -0.00038123 -3.88675e-05
0.00459819 -0.000240256 0.00033295
0.00440863 -0.000176477 3.24075e-05
0.00403981 -0.00234442 0.00130201
0.00465349 -0.000260131 0.00031445
0.00305884 -0.000186174 5.57644e-05
0.00363822 -0.00146865 0.00332287
0.00445074 -0.000256455 -9.12158e-05
0.00448796 -0.000167121 9.66026e-05
0.00427759 -0.0024625 0.0010363
0.00415397 -0.00255986 0.000560098
0.00446468 -0.000296489 -8.28018e-05
0.0045447 -0.000423133 -7.67081e-05
0.00466559 -0.000196889 0.000105512
0.00430378 -0.0003818 -4.39226e-05
0.00451851 -0.000259902 -1.47278e-05
0.00442655 -0.000248745 -8.68756e-05
0.00447986 -0.000277584 -8.67308e-05
0.00446645 -0.000391535 -3.58819e-05
0.00390539 -0.00197812 0.000453521
0.00440354 -0.000312935 -7.75033e-05
0.00424668 -0.00237773 0.000904743
0.0038271 -0.0017511 0.00208623
0.00441759 -0.000217208 -9.32076e-05
0.00466526 -0.000209853 0.00028887
0.00408161 -0.00244221 -0.000660731
0.00442771 -0.000149812 8.49129e-05
0.003944 -0.00256215 0.00111237
0.00440694 -0.000264147 -1.21208e-06
0.00439183 -0.00021498 -8.3857e-05
0.00431455 -0.000382209 -3.99153e-05
0.00447439 -0.000268793 -8.78404e-05
0.00283431 -0.00174674 0.000385819
0.00442359 -0.000201509 -9.37263e-05
0.00449791 -0.000210966 3.14966e-05
0.00399917 -0.00245603 0.001044
0.00375847 -0.00197121 0.00434067
0.00436234 -0.00022545 1.62421e-05
0.00341649 -0.0042191 -0.000976053
0.00468671 -0.000216906 0.000260884
0.0044214 -0.000159873 3.94826e-05
0.0046104 -0.000162009 0.000237252
0.00413852 -0.00194936 0.000463044
0.00249628 0.00369212 -0.00247755
0.00342321 -0.00196677 0.00428383
0.00464237 -0.000296403 0.00030941
0.00437767 -0.0002531 4.86226e-06
0.00405501 -0.000294491 7.73683e-05
0.00471407 -0.000220936 5.62593e-05
0.00443156 -0.000275403 0.00029404
0.00455642 -0.000225075 0.000307427
0.0046524 -0.000262048 0.000347793
0.00473367 -0.000156984 0.000211832
0.00414992 -0.00228155 -0.000836268
0.00465625 -0.00026813 0.000300606
0.00446899 -0.00211603 0.000866341
0.00414889 -0.00236978 0.000488328
0.00449878 1.27805e-06 0.000402598
0.0043965 -0.00208527 0.000837449
0.00403828 -0.00190472 0.000443184
0.00460798 -0.00022846 0.00031336
0.00437909 -0.00199797 -0.000858222
0.0045155 2.08278e-05 0.000161426
0.0039434 -0.00232585 0.000516014
0.00389904 -0.00234016 0.000195489
0.00445822 -0.000423847 -3.96512e-05
0.00407111 -0.00213035 -0.000920396
0.00400389 -0.002061 -0.000642959
0.00440398 -0.000225485 1.74781e-05
0.00470562 -0.000324748 0.00037936
0.00456791 -0.000321173 0.000276688
0.00196216 -0.00160251 0.000323791
0.00396275 -0.00235511 0.00052161
0.00467336 -0.000174907 0.000291368
0.00461927 -0.00034588 0.000367683
0.00432338 -0.00234151 0.000950483
0.00428954 -0.00223519 0.000922766
0.00430331 1.06092e-05 0.000356748
0.00405307 -0.00203849 0.000561321
0.00348838 -0.00429382 -0.000993977
0.00475466 -0.000150252 0.000262891
0.00444591 -0.000259995 2.33905e-05
0.00442833 -0.000229234 1.87832e-05
0.00447218 -0.000172334 -7.13047e-05
0.00392369 -0.00217677 0.000476525
0.0042165 -0.0022593 0.000776582
0.00441578 -0.00031692 -9.42195e-06
0.00426587 -0.00240971 0.00102944
0.00400254 -0.00243356 0.000541901
0.00410633 -0.00213185 -0.000628277
0.00430741 -0.00038423 -3.35928e-05
0.00467073 -0.000253113 0.000373386
0.00386881 -0.00200723 0.000474016
0.00398338 -0.002383 0.000516741
-0.000264773 -0.00126896 0.000200463
0.00444385 -0.000419183 -4.53821e-05
0.00527001 -0.000188542 -0.00190475
0.00396239 -0.00234086 0.000526522
0.00398774 -0.00193952 0.000460719
0.00444066 -0.000390862 -6.62651e-05
0.00443368 -0.000393325 -4.52384e-05
0.00393553 -0.00232045 0.000514442
0.00408346 -0.00221717 -0.000439088
0.00418035 -0.00203707 0.000466344
0.00397298 -0.00216839 -0.00040169
0.00401053 -0.00181735 0.000314069
0.00395423 -0.00232434 0.000594125
0.00391522 -0.00231672 0.00049128
0.00442353 -0.000354825 -2.98904e-05
0.0044366 -5.33346e-05 8.15529e-05
-5.15557e-06 -4.5665e-05 -8.99953e-07
0.00414809 -0.00260025 0.00106744
0.00421396 -0.0024691 0.00102539
0.00465786 -0.000123343 0.000345532
0.00413517 -0.00233498 -0.000994398
0.00454603 -0.000348618 0.000342088
0.00420272 -0.00191445 -0.000842907
0.00454317 -0.000242183 0.00032891
0.00404996 -0.00199933 -0.000331699
0.00392727 -0.00193335 0.000445911
0.00414128 -0.00209138 -0.000909063
0.00462247 -0.000313097 0.000355745
0.00419292 -0.00209901 -0.000801196
0.0044976 -0.00165601 0.000447525
0.00471055 -0.000145309 0.000403879
0.00413694 -0.00209515 -0.000901799
0.00355974 -0.00434763 -0.00100798
0.00463335 -0.000268666 0.000308269
0.00463008 -0.00212071 0.000861765
0.00430967 -0.00191944 0.00043889
0.0034489 -0.00543406 -0.00120387
0.00407599 -0.00364836 -0.00090677
0.00438861 -0.00190905 -0.000850164
0.00443803 -0.00193949 -0.000864859
0.00425378 -0.00213049 -0.000915212
0.00407013 -0.00222669 -0.000966558
-0.00121695 0.00885685 -0.00860094
0.00398438 -0.00204434 0.000466877
0.00298567 -0.00398284 -0.00162298
0.00448376 -0.00184019 -0.000824851
0.0044656 -0.00235668 0.000973067
0.00447723 -0.0020722 0.000857856
0.00407472 -0.00168654 0.00203353
0.00432709 -0.00207254 -0.000906628
0.00443027 -0.000240856 0.000271661
0.00419189 -0.00236276 0.00100698
0.00416899 -0.00210382 0.000471984
0.00434177 -0.00213992 -0.000946902
-0.125492 0.054776 0.243432
0.00434908 -0.00244442 0.00102015
0.0040649 -0.00171548 0.00205924
0.00419452 -0.00210593 -0.000955916
0.00460294 -0.000194055 0.000351387
0.00366256 -0.00242068 0.000514572
0.00434374 -0.00203233 -0.000883676
0.00263593 -0.00176696 0.00038169
0.00421225 -0.00213526 -0.000862335
0.00438552 -0.00192143 -0.000801182
0.00426126 -0.00192718 0.000187567
0.00446999 -0.00226454 0.000535983
0.00385698 -0.00195879 0.000438897
0.00410332 -0.00195612 0.000237837
0.0041137 -0.00223449 -0.00101237
0.00392996 -0.00191312 0.000462069
1.49117e-05 0.000480575 -0.000434686
0.0042494 -0.00229228 -0.000928071
0.00410563 -0.0021375 -0.000579179
0.00428941 -0.00197396 -0.000921897
-5.79799e-05 6.31709e-06 -2.17445e-05
0.00417789 -0.00132993 -0.000623173
0.00433889 -0.00189092 -0.000361616
0.00417422 -0.00209998 -0.000963617
0.00432871 -0.00199816 -0.000883438
0.00410466 -0.00204064 0.000455009
0.00420689 -0.00208547 -0.000904194
0.00421125 -0.0019262 -0.00084809
0.00413074 -0.00214059 -0.000645324
0.00416654 -0.00215091 -0.000730275
0.0039125 -0.00200913 -0.000868177
0.00417217 -0.0021218 -0.000709268
0.00441069 -0.00192712 -0.000858307
0.00445788 -0.00200109 0.000898215
-1.10954e-14 3.68924e-14 -1.9831e-13
0.000635488 0.0142601 -0.013331
0.00422042 -0.00209933 -0.000921128
0.00377816 -0.00177987 0.0021081
-4.74284e-05 0.000985249 -0.000933689
2.23449e-15 -7.42992e-15 3.99382e-14
0.00467211 -0.00185406 0.000728105
0.0041567 -0.00182062 0.000426548
0.00488495 -0.000166735 0.000332506
0.00461919 -0.000474099 9.23162e-05
0.0018873 -0.000103141 0.000208295
0.00421512 -0.00210825 -0.000926366
0.00514082 -0.00134924 0.000481676
0.00459548 -0.000421657 0.000232335
0.00471844 -0.000260899 0.00014909
0.00490397 -0.000984841 0.000297403
0.000212143 -0.00108147 0.000440857
0.00473807 -0.000160834 0.000344861
0.004721 -0.00181359 0.000711979
0.00480347 -0.00181451 0.000701963
-0.00719618 0.00762476 -0.000516467
0.00438822 -0.0022165 0.000860169
0.00487686 -0.0018388 0.000731903
0.00011484 -0.00178194 -0.0012525
0.620233 1.03174 1.00213
-3.6997e-05 0.000370798 -0.000855048
-1.31713e-05 -0.00103305 0.000479882
0.00419086 -0.00197426 0.000686337
4.43759e-05 -0.000216871 -0.000310354
0.00429503 -0.00173003 0.0020681
0.00422392 -0.00212479 -0.000926856
0.00462226 -0.00152618 0.00114063
-0.00363039 0.022088 -0.0366732
0.0131691 0.00573251 0.0127096
0.00455542 -0.00158712 0.00152564
0.00443822 -0.00233829 0.000913077
-1.10954e-14 3.68931e-14 -1.98311e-13
0.00464007 -0.00221666 0.000951908
-0.0467171 -0.00723474 -0.0169857
0.00441676 -0.00241547 0.000974073
0.00477682 -0.00202867 0.000808606
0.00427059 -0.00208336 0.00154807
-0.0147804 -0.10968 -0.0323761
0.00637914 0.00254147 -0.0044488
0.00416163 -0.00310672 -0.00130931
0.00418218 -0.00206157 -0.00091017
-4.72007e-05 0.000979566 -0.000917869
0.00423691 -0.00198797 -0.000873178
0.00421297 -0.00207586 -0.000903393
0.00468375 -0.000189161 0.000251154
0.0012174 -0.0036209 -0.00141162
0.0040739 -0.00222287 -0.000960523
-4.53673e-15 1.50834e-14 -8.10782e-14
0.00417966 -0.00206901 -0.000935366
0.0042272 -0.00199504 -0.000879045
-1.46902e-11 -2.04683e-11 -3.05665e-12
-2.91111e-08 -3.04832e-05 -7.82083e-05
0.00431933 -0.00180397 -0.00080091
-0.0312228 -0.000340077 0.0518419
0.00350854 -0.00397434 -0.00774367
3.5671e-05 -0.000882814 -6.64992e-05
0.00422249 -0.00209744 -0.000923035
0.00428663 -0.00185082 -0.000833365
-7.86099e-06 0.000111743 -0.000277902
0.00388514 -0.00345956 -0.00144485
0.00407489 -0.00178722 -0.000549215
0.00249082 -0.00377128 -0.00153315
1.38489e-11 1.91788e-11 2.71651e-12
0.00446363 -0.0227667 -0.00899971
-7.53636e-05 -0.000188162 -0.000385631
-0.00013527 -0.000237574 0.000366676
2.82621e-06 0.00024706 -0.000572546
0.0 -0.0 -0.03
3.47974e-11 0.0189431 -0.00141664
0.00399784 -0.00169171 0.00203012
0.000262165 0.0337519 0.0938813
-0.0219853 0.0834024 -0.0289851
5.45474e-11 0.0172902 -0.0078238
-0.0351272 -0.0285641 -0.129889
0.0 0.0 -0.0593859
-0.0544761 0.0596515 -0.191036
1.06795e-05 0.0219985 -0.012793
0.0195917 -0.0539681 -0.0341378
-0.0240227 0.0600989 -0.111614
1.9327e-10 0.0200445 -0.0110202
0.0 0.0 -0.146685
0.0 0.0 -0.0534802
0.012604 0.00266706 -0.0437683
-3.19142e-09 0.023033 -7.44108e-05
-5.01359e-11 0.0189724 -0.000911917
-0.000123356 0.0223172 -0.00901802
0.00139426 0.00248234 -0.0116839
-0.00333108 0.00915058 -0.00357815
0.0 -0.0 -0.03
0.0 -0.0 -0.03
0.0 -0.0 -0.03
0.0 -0.0 -0.03
0.0 -0.0 -0.03
0.0 -0.0 -0.03
0.0 -0.0 -0.03
0.0 -0.0 -0.03
0.0 -0.0 -0.03
0.0 -0.0 -0.03
0.0 -0.0 -0.03
0.0 -0.0 -0.03
0.0 -0.0 -0.03
0.0 -0.0 -0.03
0.0 -0.0 -0.03
0.0 -0.0 -0.03
0.0 -0.0 -0.03
0.0 -0.0 -0.03
0.0 -0.0 -0.03
0.0 -0.0 -0.03
0.0 -0.0 -0.03
0.0 -0.0 -0.03
0.0 -0.0 -0.03
0.0 -0.0 -0.03
0.0 -0.0 -0.03
0.0 -0.0 -0.03
-0.000450087 0.000561063 -0.000348802
0.00178833 0.0904037 -0.194723
-4.79406e-07 2.46209e-05 -6.56081e-05
2.74475e-05 -9.88224e-05 -0.000143202
-0.000238699 -0.000204367 -7.12021e-05
9.23097e-05 0.00102516 -0.00272225
-0.00135782 -0.0215556 -0.0182493
0.0 0.0 -0.0766416
-0.00152201 0.0472963 -0.0236263
0.000143394 0.125909 -0.0474348
-0.000593715 0.0767476 -0.0946617
-0.00070141 -0.100464 0.00661954
0.0 -0.0 -0.03
0.0 -0.0 -0.03
0.0 -0.0 -0.03
0.0 -0.0 -0.03
0.0 -0.0 -0.03
0.0 -0.0 -0.03
0.0 -0.0 -0.03
0.0 -0.0 -0.03
0.0 -0.0 -0.03
0.0 -0.0 -0.03
0.0 -0.0 -0.03
0.0 -0.0 -0.03
0.0 -0.0 -0.03
0.0 -0.0 -0.03
0.0 -0.0 -0.03
0.0 -0.0 -0.03

VECTORS force float
2.24671e-10 -8.18328e-09 -2.10623e-08
-1.38709e-09 -3.28969e-09 1.90722e-09
-5.48955e-08 5.54691e-09 4.80834e-09
-8.09271e-10 4.86408e-10 -3.90423e-09
-1.26065e-08 4.23525e-12 -9.19075e-10
4.22827e-09 9.44367e-09 -1.02803e-08
3.74495e-09 2.74007e-09 -1.97823e-09
-4.44446e-09 -6.21086e-09 5.60028e-10
-1.82246e-09 -1.55602e-09 -7.11714e-10
1.69136e-09 4.73461e-09 -1.19324e-09
-4.3178e-10 -3.02547e-09 9.80728e-10
-4.87306e-09 3.082e-09 -1.34967e-09
4.44014e-10 4.85102e-09 -2.23317e-09
5.34512e-09 -1.77739e-10 2.36686e-09
4.22587e-10 4.25999e-09 -6.98311e-10
2.22576e-08 -2.38537e-08 7.91758e-08
-2.8046e-10 -2.60799e-09 2.16176e-09
-4.05363e-09 -3.41178e-09 1.90761e-09
5.49281e-10 1.59467e-09 -1.52234e-10
6.8994e-10 6.35853e-09 -2.94737e-09
-8.77002e-09 4.03547e-09 2.93761e-09
-4.07662e-09 1.97373e-09 -2.48293e-09
8.81521e-10 -1.49335e-09 5.07394e-10
-8.31104e-10 -1.08918e-09 -3.62181e-09
1.09787e-09 -8.4799e-09 -5.65838e-10
-1.046e-08 -5.06848e-09 -4.42721e-09
1.2392e-09 -9.16187e-10 -4.4203e-09
-2.29064e-10 -1.04096e-09 -7.07265e-11
5.03665e-10 2.66185e-09 6.27706e-10
-4.35328e-09 2.46382e-09 -1.07191e-08
3.80255e-10 -2.00166e-09 3.69112e-09
-4.10103e-09 3.54596e-09 -1.6281e-09
9.89991e-10 7.4297e-10 -1.58337e-10
-5.85446e-09 1.61905e-09 2.50809e-09
6.57588e-10 2.85381e-09 -4.25673e-09
-1.04895e-09 -6.49416e-10 3.22582e-10
2.50043e-10 -7.48016e-09 2.10689e-09
2.44924e-10 -2.41786e-09 2.30081e-09
2.16187e-09 2.71244e-09 -7.04932e-09
2.61005e-09 1.88604e-09 -2.06978e-09
1.48287e-09 -1.53754e-09 1.71993e-09
2.33382e-10 -2.69126e-10 5.87708e-11
3.90571e-10 1.89362e-09 3.30579e-09
9.14939e-09 5.85795e-09 -5.92303e-09
1.06914e-09 -1.98218e-09 7.84907e-09
-3.01206e-09 2.54625e-09 -2.34042e-09
6.04388e-10 5.20163e-10 -1.50209e-09
-2.46055e-11 -1.05698e-09 -3.08162e-10
3.97624e-10 2.0025e-09 -4.21404e-09
1.10925e-09 -3.80571e-10 -5.53713e-09
3.26653e-09 1.10761e-09 -2.07191e-09
-2.72864e-10 2.80768e-09 2.90407e-09
-7.59001e-10 2.28078e-10 -4.91758e-10
-1.29024e-09 -2.43813e-09 6.2468e-10
2.11748e-09 7.90871e-10 -5.55093e-09
3.49943e-09 1.2736e-09 -2.61822e-09
-2.16305e-09 -1.16437e-09 1.12035e-11
9.71087e-10 -5.48952e-09 3.44884e-09
-1.92006e-09 2.67134e-10 -6.91488e-10
-5.9918e-10 -2.3561e-09 2.99092e-09
-7.85473e-10 4.96571e-10 8.39356e-10
3.2285e-09 -1.34518e-09 1.18674e-09
-8.14237e-10 -1.43931e-09 7.45374e-10
3.64071e-09 5.94231e-10 2.90925e-10
1.73871e-09 1.53637e-10 3.29857e-09
9.68181e-10 -2.10352e-09 5.09504e-10
-4.52745e-09 8.29248e-10 -1.69135e-08
-6.97952e-09 7.27376e-09 -2.88275e-09
1.81597e-10 -1.62266e-09 8.20245e-10
-5.74087e-10 -7.21058e-10 2.92317e-10
-3.90237e-10 -1.83607e-09 2.99597e-09
-6.92949e-09 5.26148e-09 1.31581e-09
-1.84464e-09 -6.78296e-10 3.72621e-10
1.97134e-09 2.72349e-09 4.07496e-09
-2.16826e-09 5.7285e-09 -1.47751e-09
-6.06063e-09 -3.62158e-09 9.65506e-10
1.85469e-09 1.29331e-09 5.22451e-09
-6.9753e-11 -6.04917e-10 9.69867e-09
-2.37592e-10 2.09377e-10 -1.30773e-10
-6.11479e-09 3.10552e-09 -3.95291e-09
-3.68949e-10 -2.06406e-09 -2.70124e-10
-3.30954e-09 -2.88075e-09 2.13059e-09
3.12805e-09 2.37237e-09 3.13435e-09
-2.56384e-09 1.37364e-09 5.20042e-09
-1.0245e-08 5.52472e-09 -2.86228e-09
-1.40384e-09 -1.40451e-09 3.82159e-09
-1.79863e-09 -1.39946e-10 5.31371e-10
-2.31938e-08 -2.79486e-09 -4.68178e-09
-2.0836e-09 -1.54227e-09 1.44432e-09
-1.01036e-08 7.2944e-09 -6.97842e-09
1.14692e-08 1.35111e-08 -1.38709e-08
-4.10069e-09 2.10599e-08 -1.85723e-08
8.12636e-10 2.0166e-10 -4.45305e-10
1.96085e-09 -6.53369e-11 -1.51574e-09
2.93671e-09 -6.19606e-09 1.47837e-09
-5.0583e-10 -2.52854e-09 1.5102e-09
-2.8045e-09 2.21549e-09 -4.09917e-10
-4.18344e-10 1.69873e-10 2.04021e-10
-1.8389e-10 -2.92931e-09 1.94768e-10
2.57301e-09 8.122e-10 -9.71642e-10
2.51503e-08 -3.58207e-08 1.40335e-08
1.07009e-09 -9.95921e-11 -2.22586e-10
1.56714e-09 -1.68142e-09 1.1266e-09
-2.51242e-09 2.38643e-09 -7.33264e-09
5.57919e-09 -2.0102e-09 -2.34533e-09
2.12809e-10 -6.23285e-11 4.81404e-10
-1.42902e-08 1.05378e-08 6.92121e-09
4.65341e-09 5.11515e-09 -5.61731e-09
4.98831e-09 3.49937e-09 -3.08772e-09
-2.26722e-09 -6.69108e-10 5.62536e-10
7.81886e-10 -3.2646e-09 2.94394e-09
2.16918e-08 -2.04609e-08 4.99918e-09
-3.14774e-09 -1.0581e-09 2.77991e-09
-1.72313e-09 1.45074e-09 -3.36815e-09
1.14358e-10 2.52437e-09 -4.23134e-09
1.19506e-08 2.31302e-08 -4.35775e-09
-2.04001e-10 -5.63984e-10 6.18116e-10
-7.77478e-11 -8.34801e-10 9.4223e-10
9.84971e-10 -1.11e-09 1.38056e-09
-4.56772e-10 -8.23367e-10 4.00936e-09
-1.53174e-09 1.21961e-09 -3.24115e-09
-6.21909e-09 -7.39077e-09 2.12211e-09
-3.72301e-08 5.16386e-08 1.72073e-08
-5.5124e-11 7.05736e-10 4.54597e-10
3.75868e-09 -2.94554e-10 2.78994e-09
-8.61638e-09 -2.35878e-09 -3.36822e-09
-2.70685e-09 1.02295e-09 -4.34059e-10
-6.23908e-09 3.44758e-11 -3.33193e-10
7.47176e-09 8.30106e-09 -2.44784e-08
-9.99395e-09 -6.36185e-09 -1.26996e-08
-8.36588e-09 2.31501e-09 2.38529e-09
-1.15413e-09 -7.99087e-10 -3.19483e-10
2.09794e-08 -2.03683e-08 -2.80727e-08
1.35748e-09 2.65066e-09 -1.86238e-11
-9.23314e-09 4.37502e-09 -6.35603e-09
-3.00025e-08 1.1368e-08 -5.58188e-09
-3.88197e-09 2.22533e-09 3.9675e-09
5.96859e-09 8.76038e-10 -2.41979e-09
1.91449e-09 6.85817e-09 -3.63421e-09
-5.00426e-09 2.98565e-09 4.09938e-10
-2.00864e-09 -1.50331e-09 -5.98684e-10
-6.25099e-10 2.08381e-09 -1.4028e-09
6.74416e-09 1.47825e-08 6.50679e-09
-7.24301e-10 -5.3442e-09 3.46673e-09
3.87404e-08 1.07518e-09 -2.66534e-09
-1.3363e-09 2.57924e-09 1.1315e-09
3.0239e-09 -3.84336e-09 1.18962e-08
1.10864e-08 4.97837e-08 -7.49153e-08
2.26159e-09 -5.16345e-10 9.62292e-10
-2.66406e-08 4.98852e-08 -4.05031e-09
1.42542e-09 4.09948e-10 -7.34095e-09
1.8594e-08 -3.21427e-08 4.4416e-08
2.07382e-09 1.30169e-09 -3.65038e-09
-5.72918e-09 1.23453e-08 -3.28973e-09
-7.79291e-09 -4.15826e-10 3.95085e-09
-4.12241e-08 1.03017e-08 2.99108e-08
1.84612e-08 -1.4937e-08 -4.39416e-08
-5.70101e-11 2.80607e-09 -3.57955e-09
-5.01194e-09 1.36854e-08 -7.26589e-09
2.35482e-09 4.36275e-09 -4.07595e-10
-1.03426e-09 -3.27492e-09 4.02718e-09
2.01261e-09 1.61287e-09 1.7847e-09
1.06396e-08 -3.54838e-09 -3.32555e-09
2.5994e-08 6.17842e-08 -2.57048e-08
-4.27381e-09 -1.87965e-09 1.2352e-09
-1.12839e-08 -7.95066e-11 -3.03551e-09
-2.55039e-10 7.85512e-10 -3.76057e-10
-6.75301e-11 4.99048e-09 4.47191e-11
-4.88897e-08 -2.91238e-08 4.05301e-08
-1.74598e-08 1.91656e-09 5.36797e-09
-5.29524e-11 3.95147e-08 6.43966e-09
-4.1023e-09 -1.53535e-09 2.18137e-09
3.60506e-09 2.1494e-09 -4.53986e-09
3.2399e-10 5.15488e-10 -1.90157e-09
2.15121e-09 -1.5492e-09 -1.93544e-09
-2.27989e-09 1.81907e-09 -6.44083e-10
3.09177e-08 1.82398e-08 -2.37319e-08
2.40745e-10 -3.31901e-09 1.04459e-09
-2.38342e-11 2.4797e-08 2.57858e-08
-3.84583e-09 5.3999e-09 1.0273e-08
-3.43622e-10 5.16506e-10 -8.52139e-10
-1.00033e-09 1.83131e-11 -7.2874e-10
-8.39635e-09 -9.84041e-09 7.63373e-09
-1.56863e-09 -8.91333e-09 -1.81082e-08
2.17442e-09 -2.20346e-10 4.72761e-10
-4.75692e-09 8.90483e-09 -4.809e-09
4.9659e-09 1.36998e-08 -1.00021e-10
6.11032e-09 3.28773e-09 1.33705e-09
-1.19189e-08 2.7751e-09 -6.09538e-08
-3.40666e-09 -1.96258e-10 -2.27351e-11
1.22448e-09 1.4234e-09 -4.74989e-09
3.92807e-08 3.82245e-08 -1.26378e-08
-1.16233e-08 6.23327e-09 -6.06503e-09
-1.008e-08 -5.62374e-08 1.53544e-08
-1.31506e-09 3.47187e-10 -1.90664e-10
2.48832e-09 3.67512e-09 4.98636e-09
1.94133e-08 -9.54282e-09 1.55657e-09
-7.84766e-10 -8.13299e-09 -8.46653e-10
-6.33106e-09 -4.90563e-08 -1.40673e-08
-9.86481e-10 1.223e-09 6.11591e-10
3.4415e-09 3.07504e-09 -4.3725e-09
1.8051e-09 -2.66792e-09 3.73477e-08
6.52233e-10 5.859e-09 -2.36555e-09
2.68491e-09 4.47061e-09 -2.34372e-10
2.69077e-08 1.29315e-09 -1.48728e-08
6.67985e-10 -4.18623e-10 -3.28929e-11
-4.45549e-09 -4.9475e-08 2.43268e-08
3.18429e-09 5.72096e-09 -6.78041e-09
-2.41637e-08 1.42994e-08 -7.19116e-09
-3.15542e-10 6.9701e-10 -8.56787e-10
7.31868e-09 5.80616e-09 -3.20228e-09
1.33145e-08 -1.90201e-08 1.93947e-08
-5.85771e-10 -2.69439e-09 3.50146e-09
-4.14474e-08 1.91542e-08 -9.45137e-08
-2.34396e-08 1.91849e-08 -7.53128e-10
4.08544e-09 2.35072e-09 -1.788e-10
-1.57005e-08 -3.02817e-08 2.62419e-08
-3.95764e-09 -2.69388e-08 1.75069e-08
-2.37989e-09 9.83901e-09 2.27478e-09
-1.68809e-09 1.20706e-08 8.16685e-09
8.33076e-09 2.54748e-08 -1.57085e-08
-1.91039e-08 1.1366e-08 -3.08227e-09
2.51402e-09 -6.9402e-10 6.14362e-10
-7.13557e-09 4.56049e-09 -3.48707e-09
-1.47219e-08 1.03471e-09 2.34168e-08
1.30095e-08 -5.93951e-08 -1.71322e-08
-5.85991e-09 5.42706e-09 -2.01807e-08
8.68806e-10 -1.75352e-09 1.56429e-09
-8.40724e-10 -2.583e-09 2.92739e-09
-1.52937e-08 1.19727e-09 4.4178e-09
3.83552e-10 1.49775e-10 1.46725e-10
6.67125e-09 -2.48876e-09 -2.95255e-10
-5.88596e-09 3.74617e-09 -1.95858e-09
7.18685e-10 6.52872e-10 -1.08207e-09
1.97642e-09 1.40387e-08 -3.88509e-09
3.30614e-08 -7.85522e-09 5.51842e-08
-6.53115e-09 -8.54669e-10 -3.31568e-09
7.86294e-09 -7.06123e-08 5.12792e-08
-1.29499e-09 1.99531e-09 -4.55828e-10
-5.84469e-09 -6.3698e-09 -5.06637e-09
1.4269e-09 3.13554e-09 2.62563e-09
5.20309e-10 5.63976e-10 6.15987e-10
-2.86386e-09 6.77282e-09 5.88203e-10
-1.14265e-08 2.04138e-09 2.1281e-10
-2.29411e-09 -3.95287e-09 3.98498e-09
1.15036e-08 2.12198e-08 5.1973e-09
3.58485e-09 3.44892e-10 5.36874e-09
1.43776e-08 1.23446e-10 2.50834e-09
1.3249e-10 2.84311e-09 -2.64505e-10
-2.34284e-09 2.48879e-09 -4.79311e-09
-6.82302e-09 8.07028e-09 -9.39961e-09
-8.99342e-10 -7.35173e-10 1.87971e-09
-1.22715e-09 1.10791e-09 -4.63055e-09
-1.40632e-08 -1.64417e-08 -1.07476e-09
5.6606e-09 -8.06306e-09 2.21915e-09
-6.44802e-09 -1.7475e-10 -3.07732e-10
-2.06773e-08 8.7074e-09 -6.52068e-09
1.3005e-08 -8.44125e-09 -6.76954e-10
-1.00416e-09 3.21009e-10 3.54213e-10
4.97769e-09 -2.18708e-09 2.60718e-09
-4.61115e-09 -1.89244e-09 1.40527e-09
9.35978e-09 5.27733e-09 -5.21517e-09
-2.98798e-08 -2.47388e-08 -1.1755e-08
-3.96162e-09 1.46387e-09 -4.34343e-09
-3.64778e-10 2.29187e-09 -1.81281e-09
-8.24848e-09 -6.97063e-09 -6.85503e-09
-1.97617e-08 3.51468e-08 -3.71092e-09
1.43525e-08 -1.17511e-08 -1.88196e-08
-2.50345e-09 -8.23775e-08 1.02964e-08
-1.49891e-08 -2.47611e-08 -9.71171e-09
-2.55403e-08 2.72256e-08 1.23609e-08
-1.4561e-09 2.01281e-08 -6.43698e-09
-2.23754e-08 1.73337e-08 -2.20584e-09
-2.33052e-08 -4.32547e-08 -1.00188e-08
-7.81909e-09 1.50561e-08 -5.78441e-09
-3.38193e-09 9.57196e-09 6.38669e-09
4.82943e-09 9.01234e-10 4.73623e-09
4.32708e-10 1.85794e-10 3.36819e-10
-5.46316e-09 2.39753e-08 1.42575e-08
-2.89404e-08 -6.72069e-09 -9.14405e-10
1.14359e-07 -3.22298e-08 1.23529e-08
1.44997e-08 1.4134e-10 -1.74063e-08
-2.16946e-08 -8.22736e-08 1.866e-08
-4.666e-09 8.17962e-09 3.16436e-09
-2.05737e-08 -1.27597e-08 2.48787e-08
-5.52195e-09 -2.3692e-09 -1.68916e-09
-5.43432e-09 1.6978e-08 1.84062e-09
-1.64035e-08 7.19062e-10 -1.76421e-08
5.93942e-09 2.47396e-09 -3.45517e-09
-2.92526e-08 -9.59226e-09 2.43613e-08
1.32483e-07 4.20683e-08 1.23173e-08
-1.28054e-08 6.46052e-09 7.71299e-09
-8.69702e-09 3.63348e-09 -2.44259e-09
-3.98065e-10 2.4367e-09 9.15926e-09
-9.09448e-11 -1.37094e-10 2.58707e-10
-8.14304e-09 -1.07813e-08 4.79984e-09
6.73279e-09 -1.59466e-09 1.14682e-09
-3.29531e-10 -2.49148e-09 4.93456e-10
5.32338e-09 1.44121e-08 7.20821e-09
-1.10806e-08 6.38483e-09 -2.6566e-09
1.01388e-09 9.46795e-10 2.16153e-09
1.71002e-09 -2.95053e-09 6.39228e-10
6.55955e-10 1.08274e-09 -4.90396e-10
-5.68973e-09 1.24988e-08 -5.55814e-09
-1.38617e-09 -1.27533e-08 1.4278e-08
-1.25526e-09 6.42877e-10 -5.43535e-10
8.86872e-12 -3.62317e-10 -9.84039e-10
5.4925e-10 1.04803e-09 1.56826e-11
-4.97652e-10 -3.12274e-10 5.7305e-11
7.21382e-10 -7.55369e-10 -1.60174e-09
-2.61644e-09 1.09437e-09 2.84978e-09
-1.85296e-08 8.26141e-09 -1.13261e-08
-1.52019e-09 3.59672e-09 1.1558e-09
1.19874e-08 6.62706e-10 -6.82749e-09
1.56273e-10 1.35795e-09 -2.81693e-09
-3.10514e-10 4.12124e-10 1.39816e-09
2.58621e-10 3.62707e-10 3.58303e-10
1.54296e-09 -2.94336e-10 -1.17234e-09
8.03976e-10 5.99798e-10 -1.23712e-09
2.104e-09 -9.50973e-10 1.77521e-09
1.86387e-08 -1.87422e-08 5.21712e-10
6.01391e-10 3.15606e-08 4.70048e-09
4.05244e-08 -9.40154e-09 1.387e-08
-5.13766e-09 -1.20771e-08 6.70351e-09
1.44138e-09 -9.39992e-11 -6.71244e-10
1.4249e-09 -6.50914e-09 8.52377e-09
6.53987e-09 2.41882e-09 2.04478e-09
-8.45062e-09 1.35988e-08 -2.12865e-09
5.56288e-11 -3.27389e-09 -2.70077e-10
2.08567e-09 -2.58677e-09 5.54073e-10
9.52216e-09 9.46745e-09 -6.92231e-09
-9.77342e-10 -4.37863e-09 -4.64407e-09
1.26178e-09 1.64675e-09 1.08809e-09
-3.17258e-09 -3.83078e-09 4.48915e-11
-2.29078e-08 -3.1126e-08 1.8995e-08
6.43011e-10 9.52693e-10 1.26539e-09
-3.35549e-10 -4.55692e-10 4.77223e-10
2.15661e-09 -1.06655e-10 -1.19891e-09
-4.24313e-09 5.26495e-10 -3.00529e-09
-3.62533e-09 -3.69982e-10 5.58365e-11
-1.99789e-11 1.47404e-09 -1.18377e-09
3.72849e-08 -4.30915e-08 1.07937e-09
3.43296e-09 9.3788e-10 -1.8409e-09
-6.89657e-09 3.62049e-08 2.06774e-09
-9.70203e-10 -2.04221e-09 -2.56941e-09
1.19861e-08 -6.36018e-08 8.82157e-09
-1.58183e-08 -4.17982e-08 -3.80012e-09
-1.52645e-11 7.56542e-09 -1.10605e-09
-1.56483e-09 -1.8536e-10 1.75708e-09
2.85265e-11 2.57838e-09 7.44151e-09
-1.59274e-09 2.35705e-09 -9.90186e-10
3.66512e-09 2.29487e-08 5.97066e-09
3.6658e-09 -4.39488e-10 -2.1172e-09
5.95605e-11 -1.8951e-09 -9.86124e-10
6.99953e-09 9.15658e-09 8.14935e-09
3.89318e-09 6.30997e-12 1.35575e-09
-5.65644e-10 9.25367e-10 -7.34793e-10
-3.76602e-09 4.64675e-10 -1.41749e-09
-2.37241e-09 7.08497e-10 2.3868e-09
-3.60145e-09 -6.49597e-08 2.35093e-08
2.41168e-10 7.44458e-10 4.80521e-10
1.98751e-09 -8.81325e-11 -5.4525e-11
4.80223e-09 9.8468e-09 4.98517e-09
1.94698e-09 3.68073e-10 4.03043e-11
1.37937e-09 7.62056e-10 7.44296e-11
1.07556e-09 4.47614e-10 4.01624e-11
-1.05156e-08 2.4312e-09 1.40937e-09
8.61611e-10 1.91532e-10 -4.53744e-10
-5.35692e-10 2.30154e-10 -5.54503e-11
-9.3522e-10 2.61201e-09 -7.39748e-10
7.28916e-10 8.89064e-11 -3.17512e-10
-5.34751e-10 3.19752e-10 1.80493e-10
-9.37419e-09 6.02739e-09 -1.51564e-08
1.88534e-09 1.12469e-09 1.42382e-10
-3.86731e-10 -9.19045e-09 -2.06401e-08
1.54938e-10 7.49574e-10 -4.68769e-10
-4.87988e-09 7.57036e-09 -1.34851e-09
-2.5465e-09 -9.52825e-09 8.08676e-09
1.10974e-08 -1.80717e-09 1.68181e-08
-3.55005e-09 1.80777e-10 -9.12505e-10
-1.40596e-08 3.69394e-09 2.03701e-08
1.30851e-08 -1.22415e-09 -7.4351e-09
-3.68576e-10 -2.82977e-09 6.08014e-10
2.21511e-09 1.31167e-09 -1.30713e-09
3.83124e-10 3.55842e-10 -1.44612e-09
-1.95933e-10 -3.26935e-09 1.53744e-09
-1.69695e-09 -5.74425e-10 -6.01977e-11
-8.2558e-10 2.37453e-09 -4.47775e-09
6.686e-10 4.85574e-10 -5.07916e-11
-8.05564e-09 -6.97956e-08 2.45619e-08
0.0 0.0 -3.8832e-08
-5.42088e-09 7.49824e-10 -1.73858e-10
3.72867e-10 -4.50016e-10 -2.04747e-10
1.43261e-09 1.7222e-10 4.39068e-10
-7.80271e-10 -1.1837e-09 5.47209e-10
-1.14505e-09 -7.08931e-10 -1.28453e-09
-6.71631e-10 -7.59936e-10 4.52565e-09
-6.22104e-09 3.54486e-09 -4.18475e-09
-9.30872e-10 -2.9838e-10 2.27875e-10
-1.25043e-09 1.35879e-09 -3.6446e-10
-9.46894e-10 3.41746e-10 1.22332e-09
5.06535e-10 4.41237e-10 -6.84602e-10
1.23515e-09 -3.44322e-09 7.70938e-10
4.08538e-09 -2.93731e-09 -2.1351e-09
1.14914e-08 -5.60966e-09 6.14824e-09
-7.07786e-10 7.39222e-10 -2.97406e-10
2.85928e-09 -2.20548e-09 -3.61904e-10
-8.08841e-10 -1.35972e-09 -9.82833e-11
-1.83667e-09 -2.08211e-08 -3.36892e-09
7.39983e-10 2.54862e-10 2.43616e-11
-2.2366e-09 6.09956e-10 -1.24662e-08
1.02144e-09 -2.53609e-09 6.99094e-09
3.82382e-09 -7.4208e-09 2.05632e-09
-8.3457e-10 -1.16791e-10 1.16892e-10
2.50308e-09 -2.55585e-09 1.51318e-09
-5.91712e-10 1.63754e-09 4.41213e-10
9.22044e-10 -1.27809e-09 6.5615e-10
-7.46697e-10 -4.21482e-10 2.23865e-10
7.95418e-10 1.73617e-09 -4.84437e-10
1.11525e-09 -1.62505e-11 -2.87872e-10
-2.05209e-09 6.2985e-10 -2.22046e-09
3.21552e-10 6.55707e-11 1.44607e-09
-1.67634e-09 2.30446e-09 5.87806e-11
1.24558e-09 4.44697e-10 1.12299e-09
-3.58596e-09 3.47181e-08 3.38545e-09
7.45746e-10 7.44042e-10 1.6604e-10
-2.58575e-09 -9.69771e-10 1.2669e-09
8.22939e-09 1.60059e-09 -8.54602e-10
-7.03722e-10 -1.02899e-10 1.34728e-10
2.51926e-09 -8.25327e-09 4.29666e-09
5.50717e-10 8.27367e-10 1.21505e-09
1.01382e-08 3.89036e-08 9.41261e-09
-6.48558e-10 -3.68372e-10 4.44314e-12
5.08394e-10 4.75688e-10 -1.03465e-09
4.88493e-10 1.06063e-09 3.6308e-10
5.66392e-10 -1.6464e-10 -3.69346e-10
-5.86683e-10 1.17514e-09 3.7337e-09
2.87289e-10 4.11249e-10 1.21198e-09
3.04021e-10 -1.93378e-10 5.82139e-10
3.36949e-09 4.73183e-10 -2.62046e-10
3.08648e-09 -2.50125e-10 2.11058e-09
8.76317e-10 1.20615e-09 1.32852e-10
-8.77576e-10 -1.16332e-09 -2.93294e-12
5.11664e-09 -5.97944e-09 -4.5009e-08
1.29153e-09 6.64133e-10 1.06388e-09
-4.04936e-08 -4.75483e-08 1.73975e-07
-3.80641e-09 2.81256e-09 -1.02656e-08
-8.63933e-09 4.02206e-10 -3.15171e-10
-3.80048e-10 -1.06362e-10 -3.56012e-11
1.07797e-09 9.29473e-10 -2.07894e-10
1.34202e-09 3.94156e-10 -1.04084e-10
1.45979e-10 -7.68695e-10 -3.49151e-10
-6.85726e-09 -4.28232e-09 -2.16811e-09
-1.73717e-09 -7.11246e-10 6.40254e-10
2.65349e-09 -6.35161e-10 -2.41084e-10
-6.10086e-10 -3.62384e-10 6.12412e-11
-1.72488e-09 4.96582e-09 3.27002e-09
-1.90366e-10 -5.49702e-10 3.05845e-09
1.61241e-09 6.74019e-10 -1.49306e-10
-6.79347e-10 -1.27181e-09 -1.01085e-09
-1.25348e-09 -1.14065e-10 -2.65572e-10
1.82385e-08 2.29241e-08 -1.4558e-08
-3.10558e-10 8.19503e-10 5.48954e-10
1.05091e-09 -2.21698e-10 2.22123e-10
1.77519e-09 7.37369e-09 2.93216e-09
-6.68095e-10 1.25017e-09 2.69239e-10
-3.97848e-10 1.96745e-09 -1.42387e-09
6.89171e-09 -2.84862e-09 1.10338e-09
-7.04675e-09 1.54364e-09 3.94387e-10
6.60137e-10 6.04207e-10 -1.89572e-09
8.42304e-10 -1.28014e-10 -1.30928e-10
-1.90162e-09 -1.43238e-09 1.19106e-09
-2.20519e-09 5.1205e-10 -8.5091e-09
-5.80719e-09 -1.33288e-09 -1.41814e-10
8.58479e-10 -1.12118e-09 3.02615e-09
6.42961e-10 6.29839e-10 -3.69776e-09
7.93726e-09 1.7604e-09 5.09147e-09
1.6751e-08 -2.80935e-09 1.59401e-09
1.38925e-10 4.46737e-10 8.20514e-11
2.16553e-09 8.09342e-09 4.27051e-09
9.40969e-10 -3.39448e-10 -2.17305e-10
1.22902e-09 4.09516e-09 -3.348e-09
3.64758e-09 4.87212e-11 -2.11806e-10
1.68128e-09 -1.45778e-09 -4.30179e-10
5.29819e-10 -1.4261e-09 2.42414e-09
-1.59543e-10 9.35515e-10 2.93787e-10
-1.80096e-09 -4.54138e-09 -9.38642e-09
-6.22064e-10 -1.73618e-09 1.64134e-09
-1.30997e-08 3.06392e-09 -3.696e-09
2.10186e-10 2.72685e-09 -7.38383e-09
1.0215e-10 -2.49479e-10 -3.93363e-10
1.07893e-09 1.19063e-10 1.9579e-11
-5.55123e-09 4.37868e-09 1.01394e-09
1.04359e-08 1.6593e-11 -1.84038e-09
-9.66533e-10 1.10466e-10 3.01717e-11
9.63243e-10 9.18816e-10 3.75779e-10
1.69638e-09 -9.18814e-10 5.53188e-10
7.53237e-10 -1.12588e-09 -6.8599e-10
8.40712e-10 1.37757e-10 -5.744e-10
-9.37982e-11 -3.92025e-10 -5.94052e-11
-3.15565e-10 5.97969e-10 -4.55066e-11
1.82126e-09 -1.8334e-09 -1.20796e-09
7.66597e-09 -1.21877e-09 6.33739e-10
-1.1211e-09 -2.51252e-10 3.7628e-11
2.29756e-09 2.61355e-09 -5.50901e-09
-1.93718e-09 8.03211e-09 6.34559e-09
1.0314e-09 -8.89398e-10 1.12451e-10
-6.10774e-10 -1.52295e-10 2.30782e-09
9.74717e-10 2.89147e-09 -6.54565e-09
1.31662e-09 3.30709e-10 8.95991e-11
8.69618e-09 -4.6954e-09 -2.52001e-09
-8.32923e-10 -3.40041e-10 1.96031e-11
2.06305e-09 -1.12146e-09 7.9503e-11
-4.41721e-10 -1.51532e-09 -7.50156e-10
-1.68386e-09 -2.08749e-09 4.72513e-10
2.53223e-08 -1.9156e-08 2.38211e-09
7.16865e-10 -9.07637e-11 -4.66013e-11
8.1038e-10 1.4132e-10 -1.07356e-09
-5.93219e-09 -2.65164e-09 -8.82223e-09
-1.15161e-09 -1.7716e-09 -8.27735e-10
1.5934e-09 1.3037e-09 6.88517e-10
1.53113e-11 -2.81768e-11 -5.31155e-12
-3.65852e-10 -8.40695e-10 5.31781e-10
-4.94233e-10 -1.31955e-10 -4.34133e-12
-9.47687e-10 -6.5607e-10 1.60785e-09
1.47176e-09 -2.69513e-09 2.69929e-09
-2.26413e-08 8.16365e-10 1.15462e-08
-1.50359e-09 -1.33605e-09 -1.14719e-09
-5.14594e-10 1.29658e-09 -2.84068e-09
-1.19176e-09 -2.19461e-09 -8.71335e-10
2.71451e-09 1.34055e-09 1.74058e-10
-1.47618e-09 -2.02392e-09 3.70427e-10
4.31346e-09 1.20749e-09 -1.07839e-09
5.34051e-09 2.6647e-09 -4.23954e-09
1.23152e-09 -2.57206e-09 2.80465e-09
-5.54731e-10 -5.63335e-10 4.57311e-10
1.07377e-08 -8.71438e-09 1.1879e-08
-2.88644e-09 1.6542e-09 -3.18654e-09
-2.02247e-09 -4.91085e-09 3.90935e-09
-6.25213e-09 -1.09412e-08 4.41488e-09
1.74305e-09 9.45417e-10 -2.09307e-09
-2.65977e-09 2.74943e-09 -3.93059e-09
1.1952e-08 4.61235e-10 -3.54186e-11
-6.40902e-09 4.46642e-09 9.7941e-10
-3.7178e-09 1.03443e-09 5.0252e-10
-6.98628e-10 -1.35766e-09 8.92028e-10
1.10554e-09 -9.64939e-10 1.91221e-10
2.62945e-09 -2.68171e-10 4.94185e-09
3.43311e-10 -1.08687e-09 -1.47147e-10
-6.62369e-09 8.70808e-10 3.01646e-09
7.80704e-09 -7.84656e-09 4.10751e-08
-1.02313e-09 -1.53195e-09 -6.92656e-10
-6.24022e-10 -9.01719e-09 -2.0091e-10
-2.92791e-09 -3.51518e-09 -2.80693e-09
4.43595e-08 -2.57135e-08 5.65555e-09
-2.89779e-09 4.01184e-09 -1.58273e-09
-8.5017e-09 3.85364e-10 5.65208e-09
2.16138e-09 -2.55562e-09 2.37221e-10
8.53175e-10 -2.7406e-11 2.08337e-09
3.93354e-09 -6.8402e-09 1.93584e-09
-1.68154e-09 8.94963e-10 -2.4764e-09
6.74228e-09 -8.20717e-10 1.49738e-09
9.98486e-12 -2.23676e-11 -4.64847e-12
-9.10893e-10 -1.68815e-10 1.56338e-09
-4.88912e-11 -3.07403e-10 1.21059e-09
-1.12325e-11 -1.12144e-09 3.0988e-10
-5.34432e-10 -2.69092e-09 -2.40294e-10
1.01513e-08 -6.0291e-09 3.29129e-10
-1.9084e-09 -4.36029e-09 -7.48583e-10
4.73762e-10 1.37305e-09 1.51732e-09
5.0456e-09 4.03249e-09 -1.7243e-09
4.88359e-09 1.80485e-09 -5.59557e-09
-2.75906e-09 3.31662e-09 5.66777e-10
-1.46176e-09 1.12739e-09 -1.10675e-09
-5.41968e-09 2.36242e-09 -1.58435e-09
5.89874e-10 -2.77517e-09 1.71538e-09
5.44435e-09 2.60414e-09 -3.04997e-09
-2.9938e-09 2.09215e-09 -2.14838e-10
1.39624e-09 -1.62077e-09 3.31099e-11
-6.24335e-09 -1.63492e-08 -2.56266e-08
-2.25569e-09 2.02124e-09 -1.43137e-09
-2.64467e-09 -2.34263e-09 1.21258e-09
4.35085e-10 -1.87815e-09 1.06418e-09
8.02117e-10 -2.09539e-09 -8.28256e-10
-2.19499e-09 -4.32741e-11 -1.16589e-09
-1.37042e-09 5.3127e-09 6.32026e-11
1.01406e-08 -1.66476e-10 1.28132e-09
4.79846e-09 -9.13555e-10 8.4802e-09
7.5292e-10 1.01412e-08 8.23173e-09
1.07407e-09 -1.56439e-09 -4.43722e-10
2.3623e-09 -1.85397e-09 1.4121e-09
-1.38263e-09 -4.58917e-11 2.28868e-10
1.18636e-09 -1.83327e-09 -7.84475e-10
7.40322e-11 2.57669e-10 3.79262e-11
-2.69638e-09 -1.67953e-09 -1.89139e-09
2.04106e-09 1.82114e-09 2.12292e-09
6.36617e-09 1.92344e-09 4.43594e-09
-1.22505e-08 -3.95096e-09 -4.47269e-09
-3.24652e-10 2.01503e-09 -2.4113e-09
-2.8521e-09 -2.47195e-09 -4.53247e-10
-2.50605e-09 9.44868e-10 -3.1826e-09
7.98261e-09 -2.84381e-09 4.33166e-08
5.86467e-09 4.71239e-09 1.53106e-09
1.06434e-10 5.23623e-09 5.63877e-10
4.12766e-09 -2.00511e-09 4.35926e-09
1.7756e-09 9.72707e-09 -2.84177e-09
4.04653e-09 -6.44236e-09 1.20231e-09
-2.74955e-09 1.35118e-09 4.88357e-09
-2.1296e-10 -2.45863e-09 -7.70808e-10
4.98846e-12 -1.70917e-11 -3.70311e-12
-5.96878e-09 -1.29086e-09 -4.83824e-10
-1.75531e-09 9.85951e-10 -9.11884e-10
9.19378e-09 -1.3216e-09 2.31639e-10
-4.03206e-11 -1.71181e-10 -3.30573e-11
1.41784e-11 1.17862e-10 2.08884e-11
2.45393e-09 -3.31745e-09 -1.66866e-09
2.41657e-09 -3.08369e-09 -1.19514e-09
3.75686e-09 5.07836e-09 -8.87001e-10
5.69118e-09 2.4923e-08 1.01852e-08
-1.00656e-08 5.48462e-09 -5.31612e-09
8.26013e-09 -2.29494e-09 -1.07478e-09
3.3122e-09 5.96495e-10 5.37006e-10
5.44503e-09 7.34587e-10 3.30546e-10
2.70195e-09 2.35961e-09 -3.68844e-09
8.66977e-09 1.74927e-08 -1.0952e-08
-6.33637e-10 1.39634e-09 1.04117e-09
-3.17335e-11 5.99855e-10 -1.1856e-09
6.33108e-10 7.77246e-09 -6.08059e-09
-7.78834e-09 -6.09991e-09 9.04314e-09
6.68731e-09 -1.64333e-09 -3.07949e-11
-1.50053e-08 -7.66695e-09 -1.52862e-09
0.0 0.0 -3.8832e-08
-1.48567e-09 1.19434e-10 -2.45232e-09
-5.12724e-09 -1.70381e-09 3.2443e-10
7.57536e-09 1.29115e-09 -5.42747e-09
-8.36492e-09 3.43205e-09 6.06395e-09
1.08438e-08 -9.74551e-09 2.20814e-09
-6.99592e-09 -5.54078e-09 1.26564e-10
2.21249e-09 -5.04057e-09 -1.1834e-09
3.35634e-09 1.06033e-08 -3.84398e-09
8.87704e-09 1.82434e-10 -2.04046e-09
3.82917e-09 -2.51393e-09 -4.13847e-11
-2.28377e-09 2.81468e-09 -2.31166e-09
6.25146e-09 -5.94028e-09 7.42277e-09
1.97104e-09 -6.42993e-10 1.98998e-09
-5.4147e-09 -1.35116e-10 5.16996e-09
2.98165e-09 -8.59874e-09 2.76529e-09
5.63991e-12 1.94412e-10 -1.80245e-10
1.07467e-08 -2.87023e-09 1.55667e-09
1.86442e-09 3.46193e-09 3.27137e-09
5.66785e-10 4.55263e-11 2.88013e-09
1.45732e-09 1.76261e-09 2.70304e-10
-1.14438e-08 1.03862e-09 1.15703e-09
5.7627e-09 -2.8154e-09 -5.17954e-09
2.82153e-10 1.33662e-08 -2.83276e-09
6.57173e-10 -2.85339e-09 -8.21458e-10
6.7902e-09 -3.56048e-09 2.29222e-09
2.81675e-09 8.82039e-09 4.15573e-09
3.92117e-09 -2.35805e-09 -2.58938e-09
9.55489e-10 1.79021e-09 1.91904e-09
1.18822e-08 -2.91814e-09 1.47095e-08
5.40232e-09 -1.79645e-09 -1.57849e-09
-1.09045e-09 6.3492e-09 -3.78299e-09
-4.11928e-09 -7.61193e-09 -2.74954e-09
2.98505e-09 1.51136e-08 2.9592e-08
3.38317e-22 7.94093e-23 0.0
-1.52451e-09 1.87606e-09 -1.21107e-08
3.37364e-09 8.60122e-09 2.90206e-09
-2.95694e-09 -4.5632e-09 2.01933e-09
-2.05845e-09 1.19717e-10 -3.7499e-10
-4.25998e-23 -1.90252e-23 0.0
-1.57302e-08 -1.34405e-08 6.44114e-09
1.17096e-08 -1.1348e-10 -9.86617e-11
-4.84161e-10 -6.04646e-10 2.25254e-09
5.66647e-09 -6.56647e-09 -3.63888e-09
-3.56223e-09 -2.11771e-09 -2.48122e-11
6.92912e-09 4.79628e-09 3.94745e-09
1.9711e-09 -3.73801e-09 2.74517e-09
6.83268e-09 -7.38406e-09 -1.14748e-08
-1.45252e-09 -3.89844e-10 -4.60194e-11
3.18726e-09 -6.54808e-09 4.89483e-10
1.13087e-07 -5.42155e-10 -1.62131e-09
2.06175e-09 1.26909e-09 1.47126e-09
-6.60065e-09 -4.88092e-09 3.19982e-09
-3.4342e-09 -4.51872e-09 3.97568e-10
0.0 0.0 -3.8832e-08
-9.97301e-09 -1.43801e-09 -1.47872e-09
-1.24857e-09 -9.37698e-10 -1.48193e-09
3.39776e-10 -5.23153e-09 -3.67738e-09
0.000395537 0.0002333 0.000361507
-2.78836e-09 -3.34736e-10 -1.33434e-09
-1.07923e-10 2.30424e-10 -1.45378e-10
3.68711e-09 -2.17708e-09 -1.16003e-09
7.58864e-10 4.67445e-10 -5.24203e-10
6.1243e-09 2.75116e-09 -3.17784e-09
8.39156e-09 2.779e-09 8.32161e-10
2.82955e-09 -5.74747e-09 7.22313e-09
8.46234e-10 1.20125e-08 -1.99446e-08
0.0 0.0 -3.8832e-08
-1.18686e-08 -1.88264e-09 8.83247e-09
7.75818e-10 -2.49277e-09 2.52785e-09
-1.65436e-24 3.30872e-24 0.0
-8.69251e-10 -6.46116e-09 -5.97535e-10
-1.20441e-05 -2.35217e-06 -5.73196e-06
-3.25176e-09 -7.95137e-09 6.33893e-11
-2.53629e-09 9.94985e-10 -2.7016e-09
2.97544e-09 5.14149e-09 -5.96639e-09
0.0 0.0 -3.8832e-08
-1.58301e-10 5.51829e-11 3.45915e-10
8.01784e-09 2.27159e-10 -8.97731e-10
-1.58835e-09 -4.72181e-09 -1.19652e-09
9.49042e-11 1.76954e-10 -1.96292e-10
4.58053e-09 2.74134e-09 -1.90263e-10
9.35867e-09 4.77433e-09 2.40688e-09
1.22133e-09 -2.23658e-09 -2.13261e-10
5.74803e-09 -3.18578e-09 2.98784e-09
-5.95301e-09 -6.40889e-09 4.02272e-10
-1.77844e-23 1.65436e-24 0.0
-5.93593e-09 3.49636e-09 1.42452e-09
3.45816e-09 -6.41348e-09 -2.40134e-09
1.04007e-16 2.03666e-16 1.00519e-17
1.15901e-10 2.43348e-10 -1.41705e-11
2.87679e-09 2.29666e-09 1.13444e-09
0.0 0.0 -3.8832e-08
-6.86954e-10 -1.25097e-08 -2.08405e-08
-3.47911e-10 2.43273e-10 1.51709e-10
9.21061e-09 5.12291e-09 2.24837e-09
4.74783e-10 -4.26674e-09 -1.53892e-09
2.79999e-11 9.04268e-11 -2.26954e-10
-3.39533e-10 -8.20135e-12 2.0692e-10
-1.53828e-12 -2.66712e-09 -2.71936e-09
1.10933e-08 -1.64083e-09 -1.18534e-09
-1.30922e-16 -2.26332e-16 1.33063e-18
-2.44606e-09 3.38669e-09 1.38109e-09
-1.91819e-09 1.26423e-09 9.6286e-09
-4.63838e-07 -6.89827e-08 -1.83467e-07
-1.06326e-11 8.91328e-11 -2.04226e-10
0.0 0.0 0.0
-4.35815e-16 -2.48343e-11 -3.46404e-10
-1.24587e-08 -5.89908e-09 4.0956e-09
0.0 0.0 -3.8832e-08
0.0 0.0 -3.8832e-08
1.09964e-18 -1.43914e-10 -3.15687e-10
0.0 0.0 -3.8832e-08
0.0 0.0 -3.8832e-08
0.0 0.0 -3.8832e-08
5.06926e-12 2.59384e-09 -2.2249e-09
0.0 0.0 -3.8832e-08
-6.39483e-09 -2.54324e-09 -3.42735e-08
2.66426e-18 -2.03546e-10 -3.68483e-10
0.0 0.0 -3.8832e-08
0.0 0.0 -3.8832e-08
0.0 0.0 -3.8832e-08
-7.91602e-17 -1.14118e-13 -4.24038e-10
-9.89007e-19 -1.76542e-11 -3.46807e-10
-1.40862e-10 1.05973e-09 -1.09808e-09
0.0 0.0 -3.8832e-08
0.0 0.0 -3.8832e-08
0.0 0.0 0.0
0.0 0.0 0.0
0.0 0.0 0.0
0.0 0.0 0.0
0.0 0.0 0.0
0.0 0.0 0.0
0.0 0.0 0.0
0.0 0.0 0.0
0.0 0.0 0.0
0.0 0.0 0.0
0.0 0.0 0.0
0.0 0.0 0.0
0.0 0.0 0.0
0.0 0.0 0.0
0.0 0.0 0.0
0.0 0.0 0.0
0.0 0.0 0.0
0.0 0.0 0.0
0.0 0.0 0.0
0.0 0.0 0.0
0.0 0.0 0.0
0.0 0.0 0.0
0.0 0.0 0.0
0.0 0.0 0.0
0.0 0.0 0.0
0.0 0.0 0.0
7.6698e-09 -4.41811e-09 1.03809e-08
0.0 0.0 -3.8832e-08
-3.61927e-12 2.17189e-10 -1.45271e-10
-1.99896e-10 -3.3444e-11 6.88279e-10
1.19611e-09 -3.76208e-09 6.51775e-10
-3.62227e-08 4.25242e-08 8.76024e-08
-4.4147e-09 -7.30962e-09 -7.09841e-09
0.0 0.0 -3.8832e-08
0.0 0.0 -3.8832e-08
0.0 0.0 -3.8832e-08
0.0 0.0 -3.8832e-08
0.0 0.0 -3.8832e-08
0.0 0.0 0.0
0.0 0.0 0.0
0.0 0.0 0.0
0.0 0.0 0.0
0.0 0.0 0.0
0.0 0.0 0.0
0.0 0.0 0.0
0.0 0.0 0.0
0.0 0.0 0.0
0.0 0.0 0.0
0.0 0.0 0.0
0.0 0.0 0.0
0.0 0.0 0.0
0.0 0.0 0.0
0.0 0.0 0.0
0.0 0.0 0.0
