# vtk DataFile Version 3.0
LIGGGHTS particles timestep 129400000
ASCII
DATASET POLYDATA
POINTS 873 float
0.384765 0.0176273 0.00160103
0.384276 0.0168362 0.000152108
0.385979 0.016305 0.000154358
0.384024 0.0178931 0.000346588
0.384103 0.0188777 0.00179976
0.38414 0.0203084 0.00038795
0.385344 0.021108 0.000153527
0.384857 0.0164602 0.000527417
0.384125 0.0186018 0.000725561
0.384479 0.0181392 0.00532873
0.384537 0.0177544 0.000152462
0.383992 0.0184143 0.000151757
0.384812 0.0187844 0.000568853
0.384869 0.0167819 0.000363698
0.384803 0.0169846 0.000152809
0.384915 0.0183348 0.000412633
0.384393 0.0200033 0.000329348
0.384771 0.0189907 0.000354885
0.384249 0.0186361 0.000152072
0.383697 0.0189843 0.000151351
0.38551 0.0163743 0.000153727
0.384537 0.0188112 0.000408422
0.383933 0.0183841 0.000910122
0.383691 0.0196365 0.00137364
0.384551 0.0189669 0.000152444
0.384476 0.0190531 0.00135703
0.384973 0.0159492 0.000153027
0.384718 0.0185669 0.000384781
0.384114 0.0176073 0.000360568
0.384098 0.0188501 0.00119184
0.384545 0.0194202 0.000152446
0.385045 0.0173743 0.000698037
0.385035 0.0210857 0.000153116
0.384772 0.0202231 0.000807152
0.383671 0.0182832 0.000151301
0.385325 0.0170081 0.00015348
0.384387 0.0165562 0.00015223
0.384231 0.0208268 0.00015205
0.384246 0.0213172 0.000152088
0.383713 0.0195261 0.000405419
0.384633 0.0199733 0.00015255
0.383992 0.0202878 0.00155233
0.384483 0.0187432 0.00100059
0.384186 0.021085 0.000765738
0.383776 0.0188306 0.000396501
0.384798 0.0193938 0.00124736
0.38386 0.0208523 0.000151582
0.384491 0.0167411 0.000826766
0.383698 0.0191758 0.000382307
0.384775 0.0177635 0.000333978
0.384311 0.0181618 0.000411136
0.384433 0.0180729 0.000152289
0.38465 0.0160107 0.000152609
0.383254 0.0200098 0.00538195
0.383894 0.018443 0.00061858
0.383721 0.0201648 0.00110894
0.383699 0.0194922 0.000864139
0.385774 0.0165263 0.000154084
0.385379 0.021728 0.000153573
0.38628 0.0159856 0.000154748
0.384848 0.0197614 0.000152852
0.384297 0.0183399 0.000152164
0.384935 0.0213685 0.000152978
0.383124 0.0188914 0.0053278
0.383684 0.0190009 0.00062565
0.384879 0.0194858 0.00532657
0.384411 0.0210667 0.000152303
0.384766 0.0172689 0.000670999
0.384755 0.0205364 0.000152745
0.384609 0.0174633 0.000152565
0.384881 0.0200096 0.000318105
0.383683 0.0186845 0.00015132
0.384162 0.0185702 0.00127856
0.385239 0.0168887 0.00093479
0.384788 0.0175107 0.000494981
0.384247 0.0194577 0.000152149
0.384451 0.0205211 0.000257329
0.384585 0.0196895 0.000278251
0.384989 0.0180879 0.00538114
0.383731 0.0200314 0.000564419
0.384559 0.0213709 0.000152488
0.38375 0.0203316 0.000362374
0.384573 0.0167914 0.000152504
0.3846 0.0205705 0.00124147
0.384776 0.0192293 0.0014972
0.384639 0.0200974 0.000472653
0.383903 0.0177038 0.000549977
0.384494 0.0183088 0.000600776
0.384257 0.0216244 0.000152083
0.384111 0.0181041 0.000151907
0.385046 0.0156469 0.000153133
0.384723 0.0179967 0.000152689
0.384247 0.0178365 0.00015209
0.384318 0.0178481 0.00107352
0.384549 0.0186547 0.000152467
0.384348 0.0198654 0.00534931
0.385094 0.0168168 0.000153198
0.384752 0.0225705 0.000152748
0.384848 0.0172811 0.000152878
0.385244 0.0150807 0.000153389
0.383789 0.0179787 0.000511532
0.384924 0.017576 0.00015296
0.383903 0.0190764 0.00169511
0.383741 0.0199852 0.000151428
0.384918 0.0165741 0.000152936
0.384885 0.017052 0.000501726
0.384186 0.0208278 0.000920195
0.384065 0.0210773 0.00015182
0.384143 0.0171166 0.000665392
0.38461 0.0166839 0.000504771
0.384436 0.0164204 0.000470553
0.384522 0.0198284 0.000536357
0.384329 0.0196006 0.000406404
0.385357 0.0162324 0.000369289
0.384655 0.0177639 0.0006089
0.384445 0.0210826 0.00061393
0.384888 0.0184824 0.000152883
0.384339 0.0202417 0.00015221
0.384024 0.0197277 0.000151798
0.38453 0.0207909 0.000152459
0.384328 0.0191677 0.000152164
0.38394 0.0189665 0.00141837
0.384551 0.0191949 0.000350438
0.385059 0.0170948 0.000261451
0.384487 0.0180145 0.00274646
0.383917 0.0176923 0.000151636
0.384086 0.0206789 0.000369501
0.384017 0.0178156 0.0010481
0.384629 0.0190306 0.000616104
0.384369 0.0196299 0.000702315
0.383973 0.0194558 0.000272738
0.383645 0.018626 0.00149303
0.384214 0.018913 0.000261913
0.383997 0.0183612 0.00149292
0.384354 0.0181276 0.000970878
0.38533 0.0157498 0.000153509
0.384843 0.0197261 0.000750471
0.383882 0.0208933 0.000683803
0.385153 0.0161935 0.000153269
0.384321 0.0175458 0.000152151
0.383893 0.0181982 0.000334512
0.383671 0.0182523 0.000547068
0.383954 0.0200733 0.000368812
0.384054 0.018114 0.000976661
0.384525 0.017627 0.00104162
0.385136 0.0173639 0.000153233
0.384143 0.0188484 0.000895305
0.38543 0.016037 0.000153608
0.384844 0.0162796 0.000152872
0.384041 0.0172809 0.00190693
0.384776 0.0192141 0.000152764
0.384738 0.0211297 0.000152712
0.384242 0.0182841 0.00133722
0.384504 0.0162738 0.000152426
0.384054 0.0212484 0.000551747
0.383685 0.0191839 0.000865309
0.385526 0.0151831 0.00015376
0.38366 0.0192295 0.00180481
0.385015 0.0178821 0.000153096
0.383821 0.0205473 0.00015153
0.38412 0.0173229 0.000881946
0.384887 0.0200695 0.00123921
0.384256 0.0176293 0.0018912
0.384862 0.0154099 0.000152883
0.385449 0.0153171 0.000411083
0.384193 0.0182756 0.000765426
0.384427 0.0184937 0.000374356
0.383698 0.0199058 0.00151214
0.386629 0.0146558 0.000155208
0.384999 0.0169458 0.00110529
0.384194 0.0171429 0.000151997
0.384035 0.0174071 0.000151806
0.38332 0.0173706 0.00557046
0.384223 0.0204655 0.000629471
0.384664 0.0172593 0.000389035
0.385646 0.0158289 0.000153922
0.383727 0.0196849 0.000151352
0.3857 0.021905 0.000153988
0.384618 0.0165645 0.00145456
0.385127 0.0228833 0.000153241
0.383949 0.0181281 0.00240398
0.383656 0.0184144 0.000799005
0.384597 0.0209853 0.000374465
0.384953 0.0181895 0.000152997
0.383829 0.0200711 0.0008451
0.383916 0.0184112 0.0012084
0.384273 0.019306 0.000412651
0.384484 0.019293 0.000625763
0.38406 0.0180981 0.000562722
0.384879 0.0199991 0.000623713
0.383654 0.0183016 0.00107693
0.383711 0.0198085 0.000929167
0.38404 0.0189192 0.000506692
0.384001 0.0186247 0.000370593
0.384096 0.0172042 0.00115637
0.383741 0.0183921 0.00165466
0.384151 0.0200078 0.00015195
0.385432 0.0161542 0.000989522
0.384428 0.0203105 0.000470819
0.384913 0.0202579 0.00015296
0.383737 0.0184819 0.000365851
0.383957 0.0202802 0.000151675
0.383783 0.0193331 0.000624132
0.385412 0.0164235 0.000858941
0.38467 0.0164801 0.000293118
0.384905 0.0176363 0.000740984
0.384543 0.0200376 0.000750395
0.384545 0.0186057 0.000626695
0.384193 0.0193871 0.000690072
0.384375 0.0173074 0.000326281
0.38537 0.01646 0.000564229
0.384684 0.0185515 0.00088703
0.384512 0.0192613 0.00114396
0.384596 0.0183584 0.000152544
0.385398 0.0225749 0.000153598
0.384025 0.0202205 0.000650776
0.384327 0.0195171 0.00122563
0.383991 0.0192075 0.00044013
0.384151 0.0198417 0.000401759
0.384958 0.0208348 0.000422104
0.384423 0.0171198 0.000557588
0.384522 0.019111 0.000884531
0.383977 0.0190641 0.00102036
0.383966 0.0196713 0.000809053
0.38395 0.019828 0.00165544
0.383797 0.0179801 0.000151501
0.384563 0.0188283 0.00157817
0.384475 0.0218465 0.000152389
0.384163 0.0191242 0.00129591
0.385538 0.0156727 0.000386233
0.384176 0.0214768 0.000400124
0.384831 0.0186975 0.00532561
0.385267 0.0171383 0.00109888
0.384787 0.0192974 0.000505741
0.38433 0.0176614 0.000767772
0.385268 0.016555 0.000153424
0.384939 0.0184041 0.00534929
0.384322 0.0197606 0.000152189
0.383571 0.0172133 0.00561819
0.384826 0.0208361 0.000152846
0.384044 0.0195926 0.00053011
0.38395 0.0188232 0.000151695
0.383663 0.0186957 0.000903132
0.384573 0.0197663 0.000874862
0.385544 0.0167736 0.000153767
0.384595 0.019582 0.00533062
0.384024 0.0205359 0.000842431
0.38367 0.0189533 0.00105653
0.384818 0.0186586 0.00147415
0.383998 0.0199217 0.000646966
0.384642 0.0189702 0.00112081
0.38481 0.0191135 0.00529749
0.384823 0.0187753 0.000152842
0.38409 0.0172602 0.000407502
0.383893 0.0187963 0.000737554
0.384172 0.0204908 0.000151977
0.384026 0.0191217 0.000151801
0.384719 0.0171784 0.00107383
0.385052 0.0152442 0.000315822
0.38395 0.017571 0.000875895
0.384535 0.0161709 0.000650912
0.385599 0.0221878 0.000153859
0.383811 0.0178426 0.00161927
0.383838 0.0178409 0.000808748
0.384476 0.0215097 0.000620337
0.385095 0.016411 0.000351609
0.384262 0.0187182 0.000485343
0.385097 0.016661 0.000517353
0.383754 0.018022 0.00103251
0.384775 0.0192142 0.0010082
0.384508 0.0179213 0.000400083
0.384677 0.0161954 0.000387484
0.385716 0.0161397 0.000154
0.384529 0.0178663 0.000860686
0.384411 0.0173697 0.000937237
0.384436 0.0188994 0.00195554
0.384842 0.0197206 0.00105042
0.384666 0.0161567 0.00119108
0.384092 0.0185415 0.00171312
0.384918 0.0157761 0.000391963
0.383842 0.0181377 0.000765364
0.384605 0.0182623 0.000875876
0.385655 0.0216386 0.000284568
0.383739 0.020307 0.000682713
0.38521 0.0159527 0.000338916
0.384589 0.018732 0.00129524
0.384491 0.020832 0.000771988
0.384377 0.0184969 0.000850318
0.384621 0.0195454 0.000538909
0.384733 0.0157222 0.000152726
0.383735 0.017985 0.00208505
0.385022 0.0216963 0.000153099
0.384745 0.0163155 0.000901108
0.383948 0.0191036 0.000724404
0.384351 0.0190302 0.000501337
0.386859 0.0143646 0.000155509
0.384659 0.0181802 0.000385457
0.384489 0.0175878 0.000397336
0.384738 0.0156819 0.000629432
0.383933 0.0210114 0.000413001
0.383647 0.0183513 0.00137266
0.385584 0.0148202 0.000153839
0.384377 0.0207848 0.000410525
0.383792 0.0191593 0.00123687
0.384157 0.0170002 0.00201119
0.384721 0.0184144 0.00115105
0.384131 0.0178979 0.000783292
0.383714 0.0197009 0.000649205
0.384395 0.0188433 0.000731806
0.38424 0.0198735 0.000820489
0.38381 0.0177918 0.00230184
0.384126 0.0189265 0.00209485
0.386429 0.0149011 0.000154946
0.385203 0.0208574 0.000250378
0.38389 0.0186843 0.00132981
0.383947 0.0205273 0.00174167
0.385546 0.0154832 0.000153789
0.38462 0.0169626 0.000394334
0.384167 0.0184102 0.000498595
0.385196 0.0171995 0.000506924
0.384756 0.021196 0.000517415
0.385094 0.0153241 0.000601866
0.384669 0.0180592 0.000659772
0.384625 0.0202781 0.000233595
0.384537 0.017125 0.000152451
0.384917 0.0208989 0.000865326
0.385078 0.0174871 0.000420584
0.384798 0.0179771 0.00136367
0.383713 0.0193667 0.000151366
0.384216 0.0196105 0.000962826
0.384713 0.0188539 0.000843535
0.384927 0.0181464 0.00165981
0.386381 0.0146096 0.000318385
0.38394 0.0192353 0.0019469
0.384625 0.0159358 0.000992226
0.385064 0.0175996 0.000993079
0.384494 0.0216011 0.000335211
0.385037 0.0177713 0.000507708
0.3853 0.0222761 0.000153469
0.384149 0.0174215 0.00135623
0.384617 0.0182388 0.00194652
0.384826 0.0197463 0.000451635
0.384914 0.0180218 0.000398527
0.384413 0.0212931 0.000402576
0.384506 0.0182147 0.00121417
0.384725 0.0216588 0.000152703
0.384369 0.0174106 0.000607919
0.38428 0.0200715 0.000598741
0.383988 0.0176438 0.00175769
0.383998 0.0197803 0.00134191
0.383857 0.020298 0.0054184
0.385054 0.0166358 0.000813162
0.38373 0.0204677 0.00125555
0.384563 0.0178209 0.00230769
0.386866 0.0148392 0.000155518
0.383381 0.0176617 0.00548218
0.384252 0.0191334 0.00191776
0.385573 0.01657 0.000372242
0.383787 0.0207066 0.000403552
0.384609 0.0175087 0.000759445
0.384933 0.0204689 0.000383945
0.384733 0.0182194 0.00546594
0.383855 0.0185733 0.00223043
0.384397 0.0170364 0.00148027
0.385459 0.0212864 0.000705399
0.384994 0.0178984 0.00115068
0.38524 0.0171571 0.000800754
0.385185 0.0218143 0.000376398
0.384784 0.0177663 0.000982415
0.38364 0.0186561 0.00179143
0.383676 0.0194644 0.00161886
0.38472 0.0179296 0.0016495
0.384075 0.017468 0.0006233
0.384683 0.0206986 0.000394728
0.384346 0.0182258 0.00163136
0.384045 0.0194136 0.00122231
0.384942 0.0181845 0.000670843
0.385081 0.0169122 0.0006807
0.384906 0.017765 0.00182702
0.384925 0.0182029 0.00121222
0.384521 0.0212905 0.000819952
0.384024 0.0178751 0.00254701
0.384255 0.0178169 0.000522395
0.38365 0.0185829 0.00118081
0.384869 0.0185034 0.000656458
0.384244 0.0191027 0.000771965
0.385361 0.0169598 0.000583119
0.383039 0.0194119 0.00532808
0.384624 0.0219835 0.000397532
0.384312 0.021744 0.000526527
0.384393 0.0199668 0.00139257
0.384135 0.018057 0.00150129
0.384209 0.0192533 0.00102905
0.385583 0.0215069 0.000544404
0.3849 0.0183466 0.000919818
0.384696 0.0168831 0.000993955
0.384842 0.0174083 0.000925383
0.38437 0.018048 0.000682095
0.384726 0.0194065 0.000783312
0.384595 0.0195564 0.00109803
0.383915 0.0187913 0.00247029
0.384809 0.0180651 0.0009724
0.384759 0.0166249 0.000758371
0.38457 0.0195539 0.00139696
0.384812 0.0194879 0.000270971
0.383949 0.0181169 0.00125743
0.387471 0.0142302 0.000156312
0.383957 0.0192622 0.00146572
0.38491 0.0174139 0.00143372
0.383667 0.0194855 0.00196226
0.384424 0.0200026 0.00102381
0.384149 0.0183884 0.00211817
0.384812 0.0187247 0.00109542
0.386065 0.0154032 0.000154471
0.386193 0.0143552 0.000154638
0.383699 0.0176998 0.00541618
0.385317 0.0167763 0.000349831
0.383991 0.0202703 0.00100011
0.384237 0.0210498 0.000396281
0.384849 0.0197807 0.00135104
0.384436 0.0185036 0.00117495
0.385071 0.0160507 0.000949034
0.384695 0.0169086 0.000684328
0.383966 0.0193571 0.000883771
0.384118 0.0200207 0.00149836
0.385264 0.0153801 0.000153416
0.383737 0.0204241 0.000958864
0.384861 0.0184139 0.00194443
0.386766 0.015446 0.000155387
0.385858 0.0226585 0.000154201
0.384766 0.0190105 0.00170221
0.383821 0.0178459 0.00127299
0.384651 0.0159021 0.000445211
0.384565 0.0185985 0.00191383
0.384324 0.0166934 0.000411434
0.383757 0.0206257 0.000737839
0.383855 0.019792 0.000400755
0.384205 0.0169816 0.000404742
0.384361 0.0205804 0.000869949
0.383746 0.019886 0.00121672
0.384429 0.0194093 0.000896617
0.384264 0.019701 0.00145437
0.384095 0.0174973 0.0021073
0.385857 0.0164151 0.0004202
0.384476 0.0180157 0.00180136
0.385929 0.0159283 0.000154292
0.384496 0.0205858 0.000600607
0.385166 0.0162179 0.00059981
0.385075 0.017798 0.00544926
0.38572 0.0150135 0.000338607
0.383213 0.0181509 0.00539471
0.384967 0.0175102 0.00551503
0.384374 0.0179764 0.0013389
0.383646 0.0190753 0.00206173
0.385042 0.0176622 0.0013292
0.385021 0.0165207 0.00108821
0.385371 0.0167037 0.000739116
0.383687 0.0194289 0.00115716
0.384251 0.0201935 0.000871183
0.383684 0.0197313 0.00175567
0.38455 0.0171259 0.000831624
0.384584 0.0170831 0.00171293
0.38372 0.0180696 0.00144552
0.386417 0.01582 0.000363826
0.384279 0.0170098 0.00091083
0.384166 0.0208226 0.000620873
0.384899 0.0171406 0.00131051
0.384594 0.0192248 0.00196802
0.383935 0.020485 0.000541437
0.383917 0.0176056 0.00146882
0.384504 0.0162026 0.00143974
0.385292 0.0215754 0.000523094
0.38425 0.0176577 0.00547389
0.383949 0.0175526 0.00117531
0.384669 0.0204589 0.000971712
0.384166 0.0170024 0.00171134
0.385647 0.0166177 0.000658815
0.385019 0.0171532 0.00158514
0.38506 0.0206124 0.000153117
0.384648 0.0198871 0.0053544
0.384837 0.0161774 0.000650951
0.384841 0.0204148 0.00132889
0.385258 0.0150732 0.000589044
0.386134 0.0146524 0.000154555
0.384707 0.0203768 0.000557861
0.384197 0.0183694 0.00105318
0.38473 0.0199934 0.000995412
0.383887 0.0186074 0.00270567
0.385739 0.0163339 0.000692502
0.383846 0.0188982 0.00219882
0.385052 0.0212564 0.000405508
0.38402 0.0203931 0.00127286
0.383709 0.0203577 0.00183983
0.383658 0.0188889 0.00134928
0.385055 0.0175679 0.00164622
0.383725 0.0204504 0.00155498
0.385044 0.0173359 0.0011347
0.384113 0.0178101 0.00133236
0.385523 0.0228912 0.000153762
0.384676 0.0184108 0.00170797
0.38468 0.0184119 0.00249347
0.383746 0.0201848 0.0014072
0.387204 0.0148301 0.000155962
0.384504 0.0175641 0.00173547
0.384332 0.0166 0.00184827
0.385828 0.0155866 0.000154149
0.384164 0.0193449 0.00211334
0.383369 0.0195028 0.00532697
0.383938 0.0182989 0.00192469
0.384344 0.0187078 0.0017439
0.384396 0.0171483 0.00114928
0.383999 0.0189293 0.00272315
0.384266 0.0202305 0.00132665
0.3849 0.0166582 0.00149163
0.384888 0.0170644 0.000852946
0.384479 0.0190936 0.00172411
0.383669 0.018646 0.000607385
0.384771 0.0178727 0.00542901
0.384931 0.022263 0.000152985
0.384797 0.0187194 0.00176721
0.386147 0.0150932 0.000154578
0.384624 0.0202233 0.00115647
0.385255 0.0168217 0.00155109
0.383651 0.0189206 0.00164752
0.384246 0.019817 0.0011783
0.383807 0.0188801 0.0019006
0.383792 0.0182626 0.00218403
0.384048 0.0208153 0.00125459
0.384969 0.0176451 0.00238423
0.387104 0.0145422 0.000155832
0.386232 0.0159969 0.00059749
0.384217 0.0195937 0.00532718
0.383994 0.0211105 0.00125289
0.385104 0.0206664 0.000895276
0.38496 0.0179367 0.00223072
0.384343 0.018993 0.00109484
0.384322 0.0185049 0.00152398
0.386034 0.022905 0.00015443
0.383868 0.0176773 0.00203057
0.384483 0.017607 0.00250224
0.384531 0.0199906 0.00176924
0.384121 0.0193085 0.00171234
0.383912 0.0209584 0.00097505
0.384314 0.0188017 0.00139433
0.384591 0.019835 0.00120893
0.384228 0.0190275 0.00157233
0.383202 0.018445 0.00533644
0.383637 0.0184321 0.00199093
0.383738 0.0179125 0.00294812
0.384185 0.0214885 0.000699758
0.383807 0.020716 0.0014052
0.386911 0.0151799 0.000155576
0.386408 0.015065 0.000405325
0.384451 0.0178152 0.00157959
0.38435 0.0176327 0.00128535
0.384168 0.0205883 0.0011
0.385734 0.0154078 0.000376257
0.384883 0.0183661 0.00146038
0.385479 0.0159546 0.000470381
0.38423 0.019528 0.00188516
0.384297 0.0173727 0.00229138
0.384348 0.0181508 0.00562127
0.38524 0.017303 0.00556575
0.382937 0.0180212 0.00543459
0.38453 0.0193759 0.00163526
0.386531 0.0156374 0.000155081
0.384871 0.0228087 0.000290478
0.38485 0.0154724 0.000446023
0.383939 0.0186649 0.00101563
0.384409 0.0183504 0.0022627
0.384797 0.0206164 0.000714676
0.386778 0.0150241 0.00037485
0.38398 0.0200931 0.00124189
0.384201 0.0178784 0.00173287
0.383926 0.0185279 0.00532817
0.385314 0.0171075 0.00162033
0.384609 0.0210502 0.000976344
0.384554 0.0222108 0.000580314
0.384236 0.018658 0.00201956
0.383635 0.0187172 0.00208506
0.384388 0.0164943 0.00124081
0.384209 0.0175724 0.00102744
0.384258 0.0168391 0.000665094
0.384507 0.0203676 0.001442
0.385377 0.0167118 0.00113382
0.384331 0.0211661 0.00101562
0.384493 0.0203332 0.000763495
0.384298 0.0167226 0.00105525
0.384023 0.0180845 0.00211653
0.384803 0.0175485 0.00118774
0.384039 0.0203361 0.00195386
0.387127 0.015063 0.000328428
0.385347 0.0157253 0.000611337
0.385074 0.0159194 0.000604629
0.384511 0.0164494 0.000759569
0.385145 0.0166682 0.00131805
0.38325 0.0191636 0.00532737
0.384463 0.0183038 0.00267059
0.38362 0.0186039 0.00300686
0.384884 0.0211341 0.001062
0.384971 0.0161385 0.000385737
0.386141 0.0157159 0.00015457
0.383814 0.0201548 0.00203452
0.384508 0.0170785 0.0020857
0.384881 0.0169203 0.00208887
0.384517 0.0193915 0.00220541
0.385773 0.023057 0.000154089
0.383869 0.0206738 0.00105937
0.384641 0.0172084 0.00144621
0.384743 0.0208963 0.000621158
0.38453 0.0186008 0.00532954
0.383955 0.0198191 0.00195525
0.384694 0.0184133 0.00219383
0.385395 0.0220027 0.000273123
0.383678 0.0181819 0.00278175
0.384131 0.0178049 0.00209953
0.384821 0.019896 0.00202138
0.384633 0.0165651 0.00102394
0.385921 0.0148895 0.000154282
0.384504 0.0183956 0.00554681
0.384577 0.0177695 0.00194164
0.383648 0.0182102 0.00307883
0.383677 0.0197884 0.00206505
0.384522 0.0187238 0.00218295
0.384046 0.0183165 0.00273333
0.384372 0.0203687 0.00108225
0.384786 0.0173118 0.00168718
0.384605 0.0181671 0.00149334
0.383625 0.0187471 0.00274328
0.384015 0.0173646 0.00161831
0.385456 0.0161931 0.000670762
0.385262 0.0210524 0.000470858
0.383667 0.0191857 0.00150811
0.384274 0.0167486 0.00159407
0.38483 0.0167196 0.00120656
0.384533 0.0173131 0.00189845
0.385647 0.0162013 0.000439508
0.384242 0.018415 0.00534044
0.384489 0.0191119 0.00249392
0.384938 0.0179773 0.00565533
0.384948 0.0161507 0.0012924
0.385449 0.0212776 0.000405706
0.384746 0.0172599 0.00210204
0.383805 0.0196349 0.00532559
0.383814 0.0197678 0.00249218
0.384944 0.0180404 0.00193993
0.385606 0.0166352 0.000955414
0.383971 0.0177367 0.00285403
0.385192 0.0162438 0.00114469
0.384756 0.0214603 0.000375486
0.385172 0.0165033 0.00156716
0.383628 0.0189798 0.002554
0.384791 0.0181638 0.00232966
0.384472 0.0178546 0.00543031
0.384614 0.0180098 0.00564434
0.383621 0.0184463 0.00326209
0.383903 0.0181403 0.00167255
0.385312 0.0159607 0.000793914
0.384101 0.017097 0.00247204
0.384266 0.0167363 0.00210738
0.384767 0.0189866 0.00256239
0.384886 0.0201235 0.0018367
0.384616 0.0198241 0.00153446
0.383892 0.0196399 0.00109816
0.384914 0.0181049 0.00259674
0.386613 0.0151442 0.000155184
0.385753 0.0155862 0.000616693
0.38486 0.0158885 0.00081168
0.384751 0.0175194 0.00190077
0.384998 0.0179166 0.000793309
0.384328 0.018424 0.00185592
0.384336 0.0200476 0.00199016
0.38478 0.0186808 0.00238417
0.384804 0.0169478 0.00154697
0.384409 0.019106 0.00217191
0.384082 0.0206739 0.00151773
0.384663 0.0169581 0.00128255
0.385823 0.0152265 0.000154149
0.3846 0.0184585 0.00142187
0.383631 0.0187322 0.00238463
0.384301 0.0201665 0.00539226
0.385114 0.016337 0.00087019
0.384051 0.0194897 0.00235051
0.384861 0.0217998 0.000383752
0.383897 0.0185959 0.0019343
0.384743 0.0176144 0.00218518
0.384487 0.0188968 0.0053064
0.384147 0.0196737 0.00213384
0.386604 0.0156105 0.000469852
0.385474 0.0214383 0.000153686
0.386618 0.0151004 0.000616481
0.384627 0.0177255 0.00135342
0.384225 0.0174682 0.00256666
0.385831 0.0157694 0.00039198
0.384094 0.0180692 0.00307343
0.384826 0.0182856 0.00281952
0.386352 0.0229097 0.000154848
0.384117 0.0171377 0.00144814
0.384434 0.0167731 0.00134138
0.38397 0.0195535 0.00153626
0.384162 0.01907 0.00251421
0.383788 0.0189119 0.0029359
0.385 0.0173907 0.00200819
0.384598 0.0179379 0.00114356
0.383874 0.0176195 0.00259544
0.383667 0.018166 0.00185578
0.385628 0.0166118 0.00127396
0.384192 0.0187458 0.00258332
0.385546 0.0167537 0.00152514
0.383648 0.0194165 0.00253476
0.384426 0.0196666 0.00170487
0.38455 0.0173936 0.00122834
0.383661 0.0181558 0.00248337
0.384859 0.0212679 0.000789758
0.383897 0.0187505 0.00162231
0.384897 0.0206037 0.00110264
0.384696 0.0179009 0.00256428
0.384994 0.0178544 0.0015545
0.384658 0.0201027 0.0014304
0.384462 0.0175344 0.00208817
0.38687 0.0153304 0.000411846
0.384285 0.0172778 0.00173285
0.38413 0.0186694 0.00229996
0.385212 0.0168268 0.0019467
0.384966 0.0198194 0.00535289
0.384414 0.0174079 0.00149562
0.384792 0.0193492 0.00177997
0.383618 0.0190279 0.0031538
0.383718 0.0200675 0.00176408
0.384006 0.0191419 0.00226802
0.384038 0.0212309 0.000981606
0.38393 0.0184187 0.00247634
0.385425 0.0149662 0.000363531
0.384756 0.0167529 0.00187326
0.383942 0.0179239 0.00187656
0.384519 0.0181131 0.00244564
0.3849 0.0202279 0.00155584
0.385207 0.0172487 0.00137123
0.384594 0.0173933 0.00232353
0.3839 0.0199024 0.0022383
0.386494 0.0143788 0.000155034
0.38424 0.0181128 0.00233349
0.384221 0.0180924 0.00263211
0.384214 0.0180124 0.00539104
0.383974 0.0173991 0.00241788
0.384962 0.0220872 0.000394124
0.384863 0.0170545 0.00182116
0.386081 0.0160997 0.000348213
0.385323 0.0162978 0.00140906
0.384204 0.0169379 0.00124218
0.384297 0.0169825 0.00227596
0.385097 0.0225492 0.000153204
0.38429 0.0193072 0.00238279
0.384245 0.0199032 0.00174318
0.384654 0.0207558 0.00101201
0.384245 0.0177202 0.00272834
0.384287 0.0193398 0.00146426
0.384407 0.018077 0.00208693
0.384011 0.0199018 0.00101285
0.384785 0.0164259 0.00124779
0.38447 0.0163077 0.0010208
0.384548 0.0221389 0.000152478
0.384658 0.0189824 0.00228289
0.384191 0.0181427 0.00187433
0.385954 0.0162471 0.000901127
0.385074 0.0206226 0.000600053
0.383975 0.0210677 0.00154922
0.385453 0.0232291 0.000153669
0.386009 0.0162353 0.000606435
0.384424 0.0199401 0.00225607
0.383505 0.0180521 0.00554354
0.384815 0.0219863 0.000152833
0.386187 0.0148677 0.000356566
0.385195 0.0214745 0.000257786
0.383662 0.0195984 0.00229669
0.384764 0.0165022 0.00170878
0.385172 0.017367 0.00225258
0.38512 0.0220038 0.000153227
0.386302 0.0155438 0.000340296
0.383643 0.0191889 0.00233939
0.384828 0.0196223 0.00189871
0.384328 0.0206365 0.00134948
0.384843 0.0154238 0.000741956
0.386124 0.0157575 0.000452567
0.384781 0.0188439 0.00282588
0.38502 0.0176784 0.00209055
0.384567 0.0167917 0.00164384
0.384884 0.0156278 0.000958078
0.383979 0.0180315 0.00279906
0.383757 0.0178468 0.00324024
0.383935 0.0195121 0.00183134
0.383762 0.0191583 0.00275411
0.385 0.0210596 0.000625893
0.384858 0.0198527 0.00170899
0.385137 0.0154722 0.000859247
0.384092 0.0201157 0.00215025
0.386355 0.0153139 0.000154845
0.385231 0.0155759 0.000378312
0.383826 0.0184045 0.00291794
0.383986 0.0173508 0.00271369
0.386541 0.0235361 0.000155095
0.384907 0.0172703 0.00235516
0.386549 0.0153286 0.000382975
0.38505 0.0156206 0.000613277
0.383911 0.0192733 0.00252014
0.384534 0.0198102 0.00200894
0.383626 0.0184561 0.00267067
0.38568 0.0163358 0.00098676
0.384212 0.0176363 0.00155594
0.386869 0.0146018 0.000338848
0.384803 0.0167204 0.00577573
0.384819 0.0195571 0.00156366
0.384361 0.0187823 0.00296993
0.384383 0.0185825 0.00274725
0.384115 0.0176578 0.00236047
0.384288 0.0182158 0.00289717
0.384594 0.0187465 0.0026106
0.384745 0.0192596 0.00235826
0.38481 0.0185665 0.00271529
0.384212 0.0187682 0.00531307
0.384798 0.0194011 0.00209915
0.384892 0.0215985 0.000603932
0.384328 0.020322 0.00186659
0.384891 0.015881 0.00111868
0.385944 0.0221456 0.000154312
0.385176 0.0173249 0.00177477
0.383482 0.018284 0.0053546
0.383745 0.0179195 0.00264829
0.384225 0.0183693 0.00249838
0.384786 0.0162783 0.0015102
0.384773 0.0189492 0.00138979
0.384548 0.0195196 0.00193595
0.384695 0.017994 0.00210142
0.383868 0.0208201 0.00167999
0.38406 0.0172135 0.0021986
0.384635 0.0202611 0.00169158
0.383906 0.0186704 0.00306942
0.386566 0.014067 0.000155128
0.383807 0.020696 0.00194646
0.384313 0.0178551 0.00246911
0.384619 0.0175971 0.0054915
0.384913 0.0203074 0.0010582
0.384977 0.0178137 0.00263223
0.385822 0.0160023 0.000580835
0.384402 0.0168999 0.00186948
0.383714 0.0181198 0.00335708
0.383631 0.0184325 0.00237165
0.385122 0.0212717 0.000940812
0.385444 0.0164064 0.00115681
0.385667 0.0160511 0.000832965
0.384405 0.0185994 0.00242993
0.385371 0.0154334 0.000676325
0.384274 0.0204606 0.0016062
0.384637 0.0223605 0.000333972
0.386182 0.0152683 0.000395711
0.384408 0.0164246 0.00161721
0.384784 0.0174699 0.00254279
0.38545 0.0168895 0.0017749
0.384016 0.0200932 0.0017793
0.384385 0.0189356 0.0027132
0.384801 0.0186719 0.00208505
0.383827 0.0193721 0.00218904
0.384353 0.0201712 0.00160844
0.385102 0.0213936 0.000667439
0.384729 0.0189484 0.00199334
0.385011 0.0168111 0.00172513
0.385339 0.0210738 0.000880059
0.38412 0.0185615 0.00288964
0.385216 0.0208662 0.0007017
0.386032 0.0144777 0.000376233
0.38454 0.0218801 0.000666328
0.384394 0.0208401 0.00113545
0.384334 0.0188817 0.00235676

VERTICES 873 1746
1 0
1 1
1 2
1 3
1 4
1 5
1 6
1 7
1 8
1 9
1 10
1 11
1 12
1 13
1 14
1 15
1 16
1 17
1 18
1 19
1 20
1 21
1 22
1 23
1 24
1 25
1 26
1 27
1 28
1 29
1 30
1 31
1 32
1 33
1 34
1 35
1 36
1 37
1 38
1 39
1 40
1 41
1 42
1 43
1 44
1 45
1 46
1 47
1 48
1 49
1 50
1 51
1 52
1 53
1 54
1 55
1 56
1 57
1 58
1 59
1 60
1 61
1 62
1 63
1 64
1 65
1 66
1 67
1 68
1 69
1 70
1 71
1 72
1 73
1 74
1 75
1 76
1 77
1 78
1 79
1 80
1 81
1 82
1 83
1 84
1 85
1 86
1 87
1 88
1 89
1 90
1 91
1 92
1 93
1 94
1 95
1 96
1 97
1 98
1 99
1 100
1 101
1 102
1 103
1 104
1 105
1 106
1 107
1 108
1 109
1 110
1 111
1 112
1 113
1 114
1 115
1 116
1 117
1 118
1 119
1 120
1 121
1 122
1 123
1 124
1 125
1 126
1 127
1 128
1 129
1 130
1 131
1 132
1 133
1 134
1 135
1 136
1 137
1 138
1 139
1 140
1 141
1 142
1 143
1 144
1 145
1 146
1 147
1 148
1 149
1 150
1 151
1 152
1 153
1 154
1 155
1 156
1 157
1 158
1 159
1 160
1 161
1 162
1 163
1 164
1 165
1 166
1 167
1 168
1 169
1 170
1 171
1 172
1 173
1 174
1 175
1 176
1 177
1 178
1 179
1 180
1 181
1 182
1 183
1 184
1 185
1 186
1 187
1 188
1 189
1 190
1 191
1 192
1 193
1 194
1 195
1 196
1 197
1 198
1 199
1 200
1 201
1 202
1 203
1 204
1 205
1 206
1 207
1 208
1 209
1 210
1 211
1 212
1 213
1 214
1 215
1 216
1 217
1 218
1 219
1 220
1 221
1 222
1 223
1 224
1 225
1 226
1 227
1 228
1 229
1 230
1 231
1 232
1 233
1 234
1 235
1 236
1 237
1 238
1 239
1 240
1 241
1 242
1 243
1 244
1 245
1 246
1 247
1 248
1 249
1 250
1 251
1 252
1 253
1 254
1 255
1 256
1 257
1 258
1 259
1 260
1 261
1 262
1 263
1 264
1 265
1 266
1 267
1 268
1 269
1 270
1 271
1 272
1 273
1 274
1 275
1 276
1 277
1 278
1 279
1 280
1 281
1 282
1 283
1 284
1 285
1 286
1 287
1 288
1 289
1 290
1 291
1 292
1 293
1 294
1 295
1 296
1 297
1 298
1 299
1 300
1 301
1 302
1 303
1 304
1 305
1 306
1 307
1 308
1 309
1 310
1 311
1 312
1 313
1 314
1 315
1 316
1 317
1 318
1 319
1 320
1 321
1 322
1 323
1 324
1 325
1 326
1 327
1 328
1 329
1 330
1 331
1 332
1 333
1 334
1 335
1 336
1 337
1 338
1 339
1 340
1 341
1 342
1 343
1 344
1 345
1 346
1 347
1 348
1 349
1 350
1 351
1 352
1 353
1 354
1 355
1 356
1 357
1 358
1 359
1 360
1 361
1 362
1 363
1 364
1 365
1 366
1 367
1 368
1 369
1 370
1 371
1 372
1 373
1 374
1 375
1 376
1 377
1 378
1 379
1 380
1 381
1 382
1 383
1 384
1 385
1 386
1 387
1 388
1 389
1 390
1 391
1 392
1 393
1 394
1 395
1 396
1 397
1 398
1 399
1 400
1 401
1 402
1 403
1 404
1 405
1 406
1 407
1 408
1 409
1 410
1 411
1 412
1 413
1 414
1 415
1 416
1 417
1 418
1 419
1 420
1 421
1 422
1 423
1 424
1 425
1 426
1 427
1 428
1 429
1 430
1 431
1 432
1 433
1 434
1 435
1 436
1 437
1 438
1 439
1 440
1 441
1 442
1 443
1 444
1 445
1 446
1 447
1 448
1 449
1 450
1 451
1 452
1 453
1 454
1 455
1 456
1 457
1 458
1 459
1 460
1 461
1 462
1 463
1 464
1 465
1 466
1 467
1 468
1 469
1 470
1 471
1 472
1 473
1 474
1 475
1 476
1 477
1 478
1 479
1 480
1 481
1 482
1 483
1 484
1 485
1 486
1 487
1 488
1 489
1 490
1 491
1 492
1 493
1 494
1 495
1 496
1 497
1 498
1 499
1 500
1 501
1 502
1 503
1 504
1 505
1 506
1 507
1 508
1 509
1 510
1 511
1 512
1 513
1 514
1 515
1 516
1 517
1 518
1 519
1 520
1 521
1 522
1 523
1 524
1 525
1 526
1 527
1 528
1 529
1 530
1 531
1 532
1 533
1 534
1 535
1 536
1 537
1 538
1 539
1 540
1 541
1 542
1 543
1 544
1 545
1 546
1 547
1 548
1 549
1 550
1 551
1 552
1 553
1 554
1 555
1 556
1 557
1 558
1 559
1 560
1 561
1 562
1 563
1 564
1 565
1 566
1 567
1 568
1 569
1 570
1 571
1 572
1 573
1 574
1 575
1 576
1 577
1 578
1 579
1 580
1 581
1 582
1 583
1 584
1 585
1 586
1 587
1 588
1 589
1 590
1 591
1 592
1 593
1 594
1 595
1 596
1 597
1 598
1 599
1 600
1 601
1 602
1 603
1 604
1 605
1 606
1 607
1 608
1 609
1 610
1 611
1 612
1 613
1 614
1 615
1 616
1 617
1 618
1 619
1 620
1 621
1 622
1 623
1 624
1 625
1 626
1 627
1 628
1 629
1 630
1 631
1 632
1 633
1 634
1 635
1 636
1 637
1 638
1 639
1 640
1 641
1 642
1 643
1 644
1 645
1 646
1 647
1 648
1 649
1 650
1 651
1 652
1 653
1 654
1 655
1 656
1 657
1 658
1 659
1 660
1 661
1 662
1 663
1 664
1 665
1 666
1 667
1 668
1 669
1 670
1 671
1 672
1 673
1 674
1 675
1 676
1 677
1 678
1 679
1 680
1 681
1 682
1 683
1 684
1 685
1 686
1 687
1 688
1 689
1 690
1 691
1 692
1 693
1 694
1 695
1 696
1 697
1 698
1 699
1 700
1 701
1 702
1 703
1 704
1 705
1 706
1 707
1 708
1 709
1 710
1 711
1 712
1 713
1 714
1 715
1 716
1 717
1 718
1 719
1 720
1 721
1 722
1 723
1 724
1 725
1 726
1 727
1 728
1 729
1 730
1 731
1 732
1 733
1 734
1 735
1 736
1 737
1 738
1 739
1 740
1 741
1 742
1 743
1 744
1 745
1 746
1 747
1 748
1 749
1 750
1 751
1 752
1 753
1 754
1 755
1 756
1 757
1 758
1 759
1 760
1 761
1 762
1 763
1 764
1 765
1 766
1 767
1 768
1 769
1 770
1 771
1 772
1 773
1 774
1 775
1 776
1 777
1 778
1 779
1 780
1 781
1 782
1 783
1 784
1 785
1 786
1 787
1 788
1 789
1 790
1 791
1 792
1 793
1 794
1 795
1 796
1 797
1 798
1 799
1 800
1 801
1 802
1 803
1 804
1 805
1 806
1 807
1 808
1 809
1 810
1 811
1 812
1 813
1 814
1 815
1 816
1 817
1 818
1 819
1 820
1 821
1 822
1 823
1 824
1 825
1 826
1 827
1 828
1 829
1 830
1 831
1 832
1 833
1 834
1 835
1 836
1 837
1 838
1 839
1 840
1 841
1 842
1 843
1 844
1 845
1 846
1 847
1 848
1 849
1 850
1 851
1 852
1 853
1 854
1 855
1 856
1 857
1 858
1 859
1 860
1 861
1 862
1 863
1 864
1 865
1 866
1 867
1 868
1 869
1 870
1 871
1 872

POINT_DATA 873
SCALARS id int 1
LOOKUP_TABLE default
1
2
3
4
5
6
7
8
9
10
11
12
13
14
15
16
17
18
19
20
21
22
23
24
25
26
27
28
29
30
32
33
34
35
36
37
39
40
41
42
43
44
45
46
47
48
49
50
51
52
53
54
56
57
58
59
60
61
62
63
64
65
67
68
69
70
71
72
73
74
75
76
77
78
79
80
81
82
83
84
85
86
87
88
89
90
91
92
93
94
95
96
97
98
99
100
101
102
103
104
105
106
107
108
109
110
111
112
113
114
115
116
117
118
119
120
121
122
123
124
125
126
127
129
130
131
132
133
134
135
136
137
138
139
140
141
142
143
144
145
146
147
148
149
150
151
153
154
155
156
157
158
159
160
161
162
163
164
165
166
167
168
169
170
171
172
173
174
175
176
177
178
179
180
181
182
183
184
185
186
187
188
189
190
191
192
193
194
195
196
197
198
199
200
201
202
203
204
205
206
208
209
210
211
212
213
214
215
217
218
219
220
221
222
223
225
226
227
228
229
230
231
232
233
234
235
236
237
238
239
240
241
242
243
244
245
246
247
248
249
250
251
252
253
254
255
256
257
258
259
260
261
262
263
264
265
266
267
268
269
270
271
273
274
275
276
277
278
279
280
281
282
283
284
285
286
287
288
289
290
291
292
293
294
295
296
297
299
300
301
302
303
304
305
306
307
308
309
310
311
312
313
314
315
316
317
318
319
320
321
322
323
324
325
326
327
328
329
330
331
332
333
334
335
336
337
338
339
340
341
342
343
344
345
346
347
348
349
350
351
352
353
354
355
356
357
358
359
360
361
362
363
364
365
366
367
368
369
370
371
372
373
374
375
376
377
378
379
381
382
383
384
385
386
387
388
389
390
391
392
393
394
395
396
397
398
399
400
401
402
404
405
406
407
408
409
410
411
412
413
414
415
416
417
418
419
420
421
422
423
424
426
427
428
429
430
431
432
434
435
436
437
438
439
440
441
442
443
444
445
446
447
448
449
451
452
453
454
455
456
457
458
459
460
461
462
463
464
465
466
467
468
469
470
471
472
473
474
475
476
477
478
479
480
481
482
483
484
485
486
487
489
490
491
492
493
494
495
496
497
498
499
500
501
502
503
504
505
506
507
508
509
510
511
512
513
514
515
516
517
518
519
520
521
522
523
524
525
526
527
528
529
530
531
532
533
534
535
536
537
538
539
540
541
542
543
544
545
546
547
548
549
550
551
552
553
554
555
556
557
558
559
560
561
562
563
564
565
566
567
568
569
570
571
572
573
574
575
576
577
579
580
581
582
583
584
585
586
587
588
589
590
591
592
593
594
595
596
597
598
599
600
601
602
603
605
606
607
608
609
610
611
612
613
614
615
616
617
618
619
620
621
622
623
624
625
626
627
628
629
630
631
632
633
634
635
636
637
638
640
641
642
643
644
645
646
647
648
649
650
651
652
653
654
655
656
659
660
661
662
663
664
665
666
667
668
669
670
671
672
673
674
675
676
677
678
679
680
681
682
683
684
685
686
687
688
690
691
692
693
694
695
696
698
699
700
701
702
703
704
705
706
707
708
709
710
711
712
713
714
715
716
717
718
719
720
721
722
723
724
725
726
727
728
729
730
731
732
733
734
735
736
738
739
740
741
742
743
744
745
746
747
748
749
750
751
752
753
754
755
756
757
758
759
760
761
762
764
765
766
767
768
769
770
771
772
773
774
775
776
777
778
779
780
781
782
783
784
785
786
787
788
789
791
792
793
794
795
796
797
798
799
800
801
802
803
804
805
806
807
808
809
810
811
812
813
814
815
816
817
818
819
820
821
822
823
824
825
826
827
828
829
830
831
832
833
834
835
836
837
838
839
840
841
842
843
844
845
846
847
848
849
850
851
852
853
854
855
856
857
858
859
860
861
862
863
864
865
866
867
868
869
870
871
872
873
874
875
876
877
878
879
880
881
882
883
884
885
886
887
888
889
890
891
892
893
894
895
896
897
898
899
900

SCALARS type int 1
LOOKUP_TABLE default
1
1
1
1
1
1
1
1
1
1
1
1
1
1
1
1
1
1
1
1
1
1
1
1
1
1
1
1
1
1
1
1
1
1
1
1
1
1
1
1
1
1
1
1
1
1
1
1
1
1
1
1
1
1
1
1
1
1
1
1
1
1
1
1
1
1
1
1
1
1
1
1
1
1
1
1
1
1
1
1
1
1
1
1
1
1
1
1
1
1
1
1
1
1
1
1
1
1
1
1
1
1
1
1
1
1
1
1
1
1
1
1
1
1
1
1
1
1
1
1
1
1
1
1
1
1
1
1
1
1
1
1
1
1
1
1
1
1
1
1
1
1
1
1
1
1
1
1
1
1
1
1
1
1
1
1
1
1
1
1
1
1
1
1
1
1
1
1
1
1
1
1
1
1
1
1
1
1
1
1
1
1
1
1
1
1
1
1
1
1
1
1
1
1
1
1
1
1
1
1
1
1
1
1
1
1
1
1
1
1
1
1
1
1
1
1
1
1
1
1
1
1
1
1
1
1
1
1
1
1
1
1
1
1
1
1
1
1
1
1
1
1
1
1
1
1
1
1
1
1
1
1
1
1
1
1
1
1
1
1
1
1
1
1
1
1
1
1
1
1
1
1
1
1
1
1
1
1
1
1
1
1
1
1
1
1
1
1
1
1
1
1
1
1
1
1
1
1
1
1
1
1
1
1
1
1
1
1
1
1
1
1
1
1
1
1
1
1
1
1
1
1
1
1
1
1
1
1
1
1
1
1
1
1
1
1
1
1
1
1
1
1
1
1
1
1
1
1
1
1
1
1
1
1
1
1
1
1
1
1
1
1
1
1
1
1
1
1
1
1
1
1
1
1
1
1
1
1
1
1
1
1
1
1
1
1
1
1
1
1
1
1
1
1
1
1
1
1
1
1
1
1
1
1
1
1
1
1
1
1
1
1
1
1
1
1
1
1
1
1
1
1
1
1
1
1
1
1
1
1
1
1
1
1
1
1
1
1
1
1
1
1
1
1
1
1
1
1
1
1
1
1
1
1
1
1
1
1
1
1
1
1
1
1
1
1
1
1
1
1
1
1
1
1
1
1
1
1
1
1
1
1
1
1
1
1
1
1
1
1
1
1
1
1
1
1
1
1
1
1
1
1
1
1
1
1
1
1
1
1
1
1
1
1
1
1
1
1
1
1
1
1
1
1
1
1
1
1
1
1
1
1
1
1
1
1
1
1
1
1
1
1
1
1
1
1
1
1
1
1
1
1
1
1
1
1
1
1
1
1
1
1
1
1
1
1
1
1
1
1
1
1
1
1
1
1
1
1
1
1
1
1
1
1
1
1
1
1
1
1
1
1
1
1
1
1
1
1
1
1
1
1
1
1
1
1
1
1
1
1
1
1
1
1
1
1
1
1
1
1
1
1
1
1
1
1
1
1
1
1
1
1
1
1
1
1
1
1
1
1
1
1
1
1
1
1
1
1
1
1
1
1
1
1
1
1
1
1
1
1
1
1
1
1
1
1
1
1
1
1
1
1
1
1
1
1
1
1
1
1
1
1
1
1
1
1
1
1
1
1
1
1
1
1
1
1
1
1
1
1
1
1
1
1
1
1
1
1
1
1
1
1
1
1
1
1
1
1
1
1
1
1
1
1
1
1
1
1
1
1
1
1
1
1
1
1
1
1
1
1
1
1
1
1
1
1
1
1
1
1
1
1
1
1
1
1
1
1
1
1
1
1
1
1
1
1
1
1
1
1
1
1
1
1
1
1
1
1
1
1
1
1
1
1
1
1
1
1
1
1
1
1
1
1
1
1
1
1
1
1
1
1
1
1
1
1
1
1
1
1
1
1
1
1
1
1
1
1
1
1
1
1
1
1
1
1
1
1
1
1
1
1
1
1
1
1
1
1
1
1
1
1
1
1
1
1
1
1
1
1
1
1
1
1
1
1
1
1
1
1
1
1
1
1
1
1
1
1
1
1
1
1
1

SCALARS radius float 1
LOOKUP_TABLE default
0.00015
0.00015
0.00015
0.00015
0.00015
0.00015
0.00015
0.00015
0.00015
0.00015
0.00015
0.00015
0.00015
0.00015
0.00015
0.00015
0.00015
0.00015
0.00015
0.00015
0.00015
0.00015
0.00015
0.00015
0.00015
0.00015
0.00015
0.00015
0.00015
0.00015
0.00015
0.00015
0.00015
0.00015
0.00015
0.00015
0.00015
0.00015
0.00015
0.00015
0.00015
0.00015
0.00015
0.00015
0.00015
0.00015
0.00015
0.00015
0.00015
0.00015
0.00015
0.00015
0.00015
0.00015
0.00015
0.00015
0.00015
0.00015
0.00015
0.00015
0.00015
0.00015
0.00015
0.00015
0.00015
0.00015
0.00015
0.00015
0.00015
0.00015
0.00015
0.00015
0.00015
0.00015
0.00015
0.00015
0.00015
0.00015
0.00015
0.00015
0.00015
0.00015
0.00015
0.00015
0.00015
0.00015
0.00015
0.00015
0.00015
0.00015
0.00015
0.00015
0.00015
0.00015
0.00015
0.00015
0.00015
0.00015
0.00015
0.00015
0.00015
0.00015
0.00015
0.00015
0.00015
0.00015
0.00015
0.00015
0.00015
0.00015
0.00015
0.00015
0.00015
0.00015
0.00015
0.00015
0.00015
0.00015
0.00015
0.00015
0.00015
0.00015
0.00015
0.00015
0.00015
0.00015
0.00015
0.00015
0.00015
0.00015
0.00015
0.00015
0.00015
0.00015
0.00015
0.00015
0.00015
0.00015
0.00015
0.00015
0.00015
0.00015
0.00015
0.00015
0.00015
0.00015
0.00015
0.00015
0.00015
0.00015
0.00015
0.00015
0.00015
0.00015
0.00015
0.00015
0.00015
0.00015
0.00015
0.00015
0.00015
0.00015
0.00015
0.00015
0.00015
0.00015
0.00015
0.00015
0.00015
0.00015
0.00015
0.00015
0.00015
0.00015
0.00015
0.00015
0.00015
0.00015
0.00015
0.00015
0.00015
0.00015
0.00015
0.00015
0.00015
0.00015
0.00015
0.00015
0.00015
0.00015
0.00015
0.00015
0.00015
0.00015
0.00015
0.00015
0.00015
0.00015
0.00015
0.00015
0.00015
0.00015
0.00015
0.00015
0.00015
0.00015
0.00015
0.00015
0.00015
0.00015
0.00015
0.00015
0.00015
0.00015
0.00015
0.00015
0.00015
0.00015
0.00015
0.00015
0.00015
0.00015
0.00015
0.00015
0.00015
0.00015
0.00015
0.00015
0.00015
0.00015
0.00015
0.00015
0.00015
0.00015
0.00015
0.00015
0.00015
0.00015
0.00015
0.00015
0.00015
0.00015
0.00015
0.00015
0.00015
0.00015
0.00015
0.00015
0.00015
0.00015
0.00015
0.00015
0.00015
0.00015
0.00015
0.00015
0.00015
0.00015
0.00015
0.00015
0.00015
0.00015
0.00015
0.00015
0.00015
0.00015
0.00015
0.00015
0.00015
0.00015
0.00015
0.00015
0.00015
0.00015
0.00015
0.00015
0.00015
0.00015
0.00015
0.00015
0.00015
0.00015
0.00015
0.00015
0.00015
0.00015
0.00015
0.00015
0.00015
0.00015
0.00015
0.00015
0.00015
0.00015
0.00015
0.00015
0.00015
0.00015
0.00015
0.00015
0.00015
0.00015
0.00015
0.00015
0.00015
0.00015
0.00015
0.00015
0.00015
0.00015
0.00015
0.00015
0.00015
0.00015
0.00015
0.00015
0.00015
0.00015
0.00015
0.00015
0.00015
0.00015
0.00015
0.00015
0.00015
0.00015
0.00015
0.00015
0.00015
0.00015
0.00015
0.00015
0.00015
0.00015
0.00015
0.00015
0.00015
0.00015
0.00015
0.00015
0.00015
0.00015
0.00015
0.00015
0.00015
0.00015
0.00015
0.00015
0.00015
0.00015
0.00015
0.00015
0.00015
0.00015
0.00015
0.00015
0.00015
0.00015
0.00015
0.00015
0.00015
0.00015
0.00015
0.00015
0.00015
0.00015
0.00015
0.00015
0.00015
0.00015
0.00015
0.00015
0.00015
0.00015
0.00015
0.00015
0.00015
0.00015
0.00015
0.00015
0.00015
0.00015
0.00015
0.00015
0.00015
0.00015
0.00015
0.00015
0.00015
0.00015
0.00015
0.00015
0.00015
0.00015
0.00015
0.00015
0.00015
0.00015
0.00015
0.00015
0.00015
0.00015
0.00015
0.00015
0.00015
0.00015
0.00015
0.00015
0.00015
0.00015
0.00015
0.00015
0.00015
0.00015
0.00015
0.00015
0.00015
0.00015
0.00015
0.00015
0.00015
0.00015
0.00015
0.00015
0.00015
0.00015
0.00015
0.00015
0.00015
0.00015
0.00015
0.00015
0.00015
0.00015
0.00015
0.00015
0.00015
0.00015
0.00015
0.00015
0.00015
0.00015
0.00015
0.00015
0.00015
0.00015
0.00015
0.00015
0.00015
0.00015
0.00015
0.00015
0.00015
0.00015
0.00015
0.00015
0.00015
0.00015
0.00015
0.00015
0.00015
0.00015
0.00015
0.00015
0.00015
0.00015
0.00015
0.00015
0.00015
0.00015
0.00015
0.00015
0.00015
0.00015
0.00015
0.00015
0.00015
0.00015
0.00015
0.00015
0.00015
0.00015
0.00015
0.00015
0.00015
0.00015
0.00015
0.00015
0.00015
0.00015
0.00015
0.00015
0.00015
0.00015
0.00015
0.00015
0.00015
0.00015
0.00015
0.00015
0.00015
0.00015
0.00015
0.00015
0.00015
0.00015
0.00015
0.00015
0.00015
0.00015
0.00015
0.00015
0.00015
0.00015
0.00015
0.00015
0.00015
0.00015
0.00015
0.00015
0.00015
0.00015
0.00015
0.00015
0.00015
0.00015
0.00015
0.00015
0.00015
0.00015
0.00015
0.00015
0.00015
0.00015
0.00015
0.00015
0.00015
0.00015
0.00015
0.00015
0.00015
0.00015
0.00015
0.00015
0.00015
0.00015
0.00015
0.00015
0.00015
0.00015
0.00015
0.00015
0.00015
0.00015
0.00015
0.00015
0.00015
0.00015
0.00015
0.00015
0.00015
0.00015
0.00015
0.00015
0.00015
0.00015
0.00015
0.00015
0.00015
0.00015
0.00015
0.00015
0.00015
0.00015
0.00015
0.00015
0.00015
0.00015
0.00015
0.00015
0.00015
0.00015
0.00015
0.00015
0.00015
0.00015
0.00015
0.00015
0.00015
0.00015
0.00015
0.00015
0.00015
0.00015
0.00015
0.00015
0.00015
0.00015
0.00015
0.00015
0.00015
0.00015
0.00015
0.00015
0.00015
0.00015
0.00015
0.00015
0.00015
0.00015
0.00015
0.00015
0.00015
0.00015
0.00015
0.00015
0.00015
0.00015
0.00015
0.00015
0.00015
0.00015
0.00015
0.00015
0.00015
0.00015
0.00015
0.00015
0.00015
0.00015
0.00015
0.00015
0.00015
0.00015
0.00015
0.00015
0.00015
0.00015
0.00015
0.00015
0.00015
0.00015
0.00015
0.00015
0.00015
0.00015
0.00015
0.00015
0.00015
0.00015
0.00015
0.00015
0.00015
0.00015
0.00015
0.00015
0.00015
0.00015
0.00015
0.00015
0.00015
0.00015
0.00015
0.00015
0.00015
0.00015
0.00015
0.00015
0.00015
0.00015
0.00015
0.00015
0.00015
0.00015
0.00015
0.00015
0.00015
0.00015
0.00015
0.00015
0.00015
0.00015
0.00015
0.00015
0.00015
0.00015
0.00015
0.00015
0.00015
0.00015
0.00015
0.00015
0.00015
0.00015
0.00015
0.00015
0.00015
0.00015
0.00015
0.00015
0.00015
0.00015
0.00015
0.00015
0.00015
0.00015
0.00015
0.00015
0.00015
0.00015
0.00015
0.00015
0.00015
0.00015
0.00015
0.00015
0.00015
0.00015
0.00015
0.00015
0.00015
0.00015
0.00015
0.00015
0.00015
0.00015
0.00015
0.00015
0.00015
0.00015
0.00015
0.00015
0.00015
0.00015
0.00015
0.00015
0.00015
0.00015
0.00015
0.00015
0.00015
0.00015
0.00015
0.00015
0.00015
0.00015
0.00015
0.00015
0.00015
0.00015
0.00015
0.00015
0.00015
0.00015
0.00015
0.00015
0.00015
0.00015
0.00015
0.00015
0.00015
0.00015
0.00015
0.00015
0.00015
0.00015
0.00015
0.00015
0.00015
0.00015
0.00015
0.00015
0.00015
0.00015
0.00015
0.00015
0.00015
0.00015
0.00015
0.00015
0.00015
0.00015
0.00015
0.00015
0.00015
0.00015
0.00015
0.00015
0.00015
0.00015
0.00015
0.00015
0.00015
0.00015
0.00015
0.00015
0.00015
0.00015
0.00015
0.00015
0.00015
0.00015
0.00015
0.00015
0.00015
0.00015
0.00015
0.00015
0.00015
0.00015
0.00015
0.00015
0.00015
0.00015
0.00015
0.00015
0.00015
0.00015
0.00015
0.00015
0.00015
0.00015
0.00015
0.00015
0.00015
0.00015
0.00015
0.00015
0.00015
0.00015
0.00015
0.00015
0.00015
0.00015
0.00015
0.00015
0.00015
0.00015
0.00015
0.00015
0.00015
0.00015
0.00015
0.00015
0.00015
0.00015
0.00015
0.00015
0.00015
0.00015
0.00015
0.00015
0.00015
0.00015
0.00015
0.00015
0.00015
0.00015
0.00015
0.00015
0.00015
0.00015
0.00015
0.00015
0.00015
0.00015
0.00015
0.00015
0.00015
0.00015
0.00015
0.00015
0.00015

SCALARS mass float 1
LOOKUP_TABLE default
3.95841e-09
3.95841e-09
3.95841e-09
3.95841e-09
3.95841e-09
3.95841e-09
3.95841e-09
3.95841e-09
3.95841e-09
3.95841e-09
3.95841e-09
3.95841e-09
3.95841e-09
3.95841e-09
3.95841e-09
3.95841e-09
3.95841e-09
3.95841e-09
3.95841e-09
3.95841e-09
3.95841e-09
3.95841e-09
3.95841e-09
3.95841e-09
3.95841e-09
3.95841e-09
3.95841e-09
3.95841e-09
3.95841e-09
3.95841e-09
3.95841e-09
3.95841e-09
3.95841e-09
3.95841e-09
3.95841e-09
3.95841e-09
3.95841e-09
3.95841e-09
3.95841e-09
3.95841e-09
3.95841e-09
3.95841e-09
3.95841e-09
3.95841e-09
3.95841e-09
3.95841e-09
3.95841e-09
3.95841e-09
3.95841e-09
3.95841e-09
3.95841e-09
3.95841e-09
3.95841e-09
3.95841e-09
3.95841e-09
3.95841e-09
3.95841e-09
3.95841e-09
3.95841e-09
3.95841e-09
3.95841e-09
3.95841e-09
3.95841e-09
3.95841e-09
3.95841e-09
3.95841e-09
3.95841e-09
3.95841e-09
3.95841e-09
3.95841e-09
3.95841e-09
3.95841e-09
3.95841e-09
3.95841e-09
3.95841e-09
3.95841e-09
3.95841e-09
3.95841e-09
3.95841e-09
3.95841e-09
3.95841e-09
3.95841e-09
3.95841e-09
3.95841e-09
3.95841e-09
3.95841e-09
3.95841e-09
3.95841e-09
3.95841e-09
3.95841e-09
3.95841e-09
3.95841e-09
3.95841e-09
3.95841e-09
3.95841e-09
3.95841e-09
3.95841e-09
3.95841e-09
3.95841e-09
3.95841e-09
3.95841e-09
3.95841e-09
3.95841e-09
3.95841e-09
3.95841e-09
3.95841e-09
3.95841e-09
3.95841e-09
3.95841e-09
3.95841e-09
3.95841e-09
3.95841e-09
3.95841e-09
3.95841e-09
3.95841e-09
3.95841e-09
3.95841e-09
3.95841e-09
3.95841e-09
3.95841e-09
3.95841e-09
3.95841e-09
3.95841e-09
3.95841e-09
3.95841e-09
3.95841e-09
3.95841e-09
3.95841e-09
3.95841e-09
3.95841e-09
3.95841e-09
3.95841e-09
3.95841e-09
3.95841e-09
3.95841e-09
3.95841e-09
3.95841e-09
3.95841e-09
3.95841e-09
3.95841e-09
3.95841e-09
3.95841e-09
3.95841e-09
3.95841e-09
3.95841e-09
3.95841e-09
3.95841e-09
3.95841e-09
3.95841e-09
3.95841e-09
3.95841e-09
3.95841e-09
3.95841e-09
3.95841e-09
3.95841e-09
3.95841e-09
3.95841e-09
3.95841e-09
3.95841e-09
3.95841e-09
3.95841e-09
3.95841e-09
3.95841e-09
3.95841e-09
3.95841e-09
3.95841e-09
3.95841e-09
3.95841e-09
3.95841e-09
3.95841e-09
3.95841e-09
3.95841e-09
3.95841e-09
3.95841e-09
3.95841e-09
3.95841e-09
3.95841e-09
3.95841e-09
3.95841e-09
3.95841e-09
3.95841e-09
3.95841e-09
3.95841e-09
3.95841e-09
3.95841e-09
3.95841e-09
3.95841e-09
3.95841e-09
3.95841e-09
3.95841e-09
3.95841e-09
3.95841e-09
3.95841e-09
3.95841e-09
3.95841e-09
3.95841e-09
3.95841e-09
3.95841e-09
3.95841e-09
3.95841e-09
3.95841e-09
3.95841e-09
3.95841e-09
3.95841e-09
3.95841e-09
3.95841e-09
3.95841e-09
3.95841e-09
3.95841e-09
3.95841e-09
3.95841e-09
3.95841e-09
3.95841e-09
3.95841e-09
3.95841e-09
3.95841e-09
3.95841e-09
3.95841e-09
3.95841e-09
3.95841e-09
3.95841e-09
3.95841e-09
3.95841e-09
3.95841e-09
3.95841e-09
3.95841e-09
3.95841e-09
3.95841e-09
3.95841e-09
3.95841e-09
3.95841e-09
3.95841e-09
3.95841e-09
3.95841e-09
3.95841e-09
3.95841e-09
3.95841e-09
3.95841e-09
3.95841e-09
3.95841e-09
3.95841e-09
3.95841e-09
3.95841e-09
3.95841e-09
3.95841e-09
3.95841e-09
3.95841e-09
3.95841e-09
3.95841e-09
3.95841e-09
3.95841e-09
3.95841e-09
3.95841e-09
3.95841e-09
3.95841e-09
3.95841e-09
3.95841e-09
3.95841e-09
3.95841e-09
3.95841e-09
3.95841e-09
3.95841e-09
3.95841e-09
3.95841e-09
3.95841e-09
3.95841e-09
3.95841e-09
3.95841e-09
3.95841e-09
3.95841e-09
3.95841e-09
3.95841e-09
3.95841e-09
3.95841e-09
3.95841e-09
3.95841e-09
3.95841e-09
3.95841e-09
3.95841e-09
3.95841e-09
3.95841e-09
3.95841e-09
3.95841e-09
3.95841e-09
3.95841e-09
3.95841e-09
3.95841e-09
3.95841e-09
3.95841e-09
3.95841e-09
3.95841e-09
3.95841e-09
3.95841e-09
3.95841e-09
3.95841e-09
3.95841e-09
3.95841e-09
3.95841e-09
3.95841e-09
3.95841e-09
3.95841e-09
3.95841e-09
3.95841e-09
3.95841e-09
3.95841e-09
3.95841e-09
3.95841e-09
3.95841e-09
3.95841e-09
3.95841e-09
3.95841e-09
3.95841e-09
3.95841e-09
3.95841e-09
3.95841e-09
3.95841e-09
3.95841e-09
3.95841e-09
3.95841e-09
3.95841e-09
3.95841e-09
3.95841e-09
3.95841e-09
3.95841e-09
3.95841e-09
3.95841e-09
3.95841e-09
3.95841e-09
3.95841e-09
3.95841e-09
3.95841e-09
3.95841e-09
3.95841e-09
3.95841e-09
3.95841e-09
3.95841e-09
3.95841e-09
3.95841e-09
3.95841e-09
3.95841e-09
3.95841e-09
3.95841e-09
3.95841e-09
3.95841e-09
3.95841e-09
3.95841e-09
3.95841e-09
3.95841e-09
3.95841e-09
3.95841e-09
3.95841e-09
3.95841e-09
3.95841e-09
3.95841e-09
3.95841e-09
3.95841e-09
3.95841e-09
3.95841e-09
3.95841e-09
3.95841e-09
3.95841e-09
3.95841e-09
3.95841e-09
3.95841e-09
3.95841e-09
3.95841e-09
3.95841e-09
3.95841e-09
3.95841e-09
3.95841e-09
3.95841e-09
3.95841e-09
3.95841e-09
3.95841e-09
3.95841e-09
3.95841e-09
3.95841e-09
3.95841e-09
3.95841e-09
3.95841e-09
3.95841e-09
3.95841e-09
3.95841e-09
3.95841e-09
3.95841e-09
3.95841e-09
3.95841e-09
3.95841e-09
3.95841e-09
3.95841e-09
3.95841e-09
3.95841e-09
3.95841e-09
3.95841e-09
3.95841e-09
3.95841e-09
3.95841e-09
3.95841e-09
3.95841e-09
3.95841e-09
3.95841e-09
3.95841e-09
3.95841e-09
3.95841e-09
3.95841e-09
3.95841e-09
3.95841e-09
3.95841e-09
3.95841e-09
3.95841e-09
3.95841e-09
3.95841e-09
3.95841e-09
3.95841e-09
3.95841e-09
3.95841e-09
3.95841e-09
3.95841e-09
3.95841e-09
3.95841e-09
3.95841e-09
3.95841e-09
3.95841e-09
3.95841e-09
3.95841e-09
3.95841e-09
3.95841e-09
3.95841e-09
3.95841e-09
3.95841e-09
3.95841e-09
3.95841e-09
3.95841e-09
3.95841e-09
3.95841e-09
3.95841e-09
3.95841e-09
3.95841e-09
3.95841e-09
3.95841e-09
3.95841e-09
3.95841e-09
3.95841e-09
3.95841e-09
3.95841e-09
3.95841e-09
3.95841e-09
3.95841e-09
3.95841e-09
3.95841e-09
3.95841e-09
3.95841e-09
3.95841e-09
3.95841e-09
3.95841e-09
3.95841e-09
3.95841e-09
3.95841e-09
3.95841e-09
3.95841e-09
3.95841e-09
3.95841e-09
3.95841e-09
3.95841e-09
3.95841e-09
3.95841e-09
3.95841e-09
3.95841e-09
3.95841e-09
3.95841e-09
3.95841e-09
3.95841e-09
3.95841e-09
3.95841e-09
3.95841e-09
3.95841e-09
3.95841e-09
3.95841e-09
3.95841e-09
3.95841e-09
3.95841e-09
3.95841e-09
3.95841e-09
3.95841e-09
3.95841e-09
3.95841e-09
3.95841e-09
3.95841e-09
3.95841e-09
3.95841e-09
3.95841e-09
3.95841e-09
3.95841e-09
3.95841e-09
3.95841e-09
3.95841e-09
3.95841e-09
3.95841e-09
3.95841e-09
3.95841e-09
3.95841e-09
3.95841e-09
3.95841e-09
3.95841e-09
3.95841e-09
3.95841e-09
3.95841e-09
3.95841e-09
3.95841e-09
3.95841e-09
3.95841e-09
3.95841e-09
3.95841e-09
3.95841e-09
3.95841e-09
3.95841e-09
3.95841e-09
3.95841e-09
3.95841e-09
3.95841e-09
3.95841e-09
3.95841e-09
3.95841e-09
3.95841e-09
3.95841e-09
3.95841e-09
3.95841e-09
3.95841e-09
3.95841e-09
3.95841e-09
3.95841e-09
3.95841e-09
3.95841e-09
3.95841e-09
3.95841e-09
3.95841e-09
3.95841e-09
3.95841e-09
3.95841e-09
3.95841e-09
3.95841e-09
3.95841e-09
3.95841e-09
3.95841e-09
3.95841e-09
3.95841e-09
3.95841e-09
3.95841e-09
3.95841e-09
3.95841e-09
3.95841e-09
3.95841e-09
3.95841e-09
3.95841e-09
3.95841e-09
3.95841e-09
3.95841e-09
3.95841e-09
3.95841e-09
3.95841e-09
3.95841e-09
3.95841e-09
3.95841e-09
3.95841e-09
3.95841e-09
3.95841e-09
3.95841e-09
3.95841e-09
3.95841e-09
3.95841e-09
3.95841e-09
3.95841e-09
3.95841e-09
3.95841e-09
3.95841e-09
3.95841e-09
3.95841e-09
3.95841e-09
3.95841e-09
3.95841e-09
3.95841e-09
3.95841e-09
3.95841e-09
3.95841e-09
3.95841e-09
3.95841e-09
3.95841e-09
3.95841e-09
3.95841e-09
3.95841e-09
3.95841e-09
3.95841e-09
3.95841e-09
3.95841e-09
3.95841e-09
3.95841e-09
3.95841e-09
3.95841e-09
3.95841e-09
3.95841e-09
3.95841e-09
3.95841e-09
3.95841e-09
3.95841e-09
3.95841e-09
3.95841e-09
3.95841e-09
3.95841e-09
3.95841e-09
3.95841e-09
3.95841e-09
3.95841e-09
3.95841e-09
3.95841e-09
3.95841e-09
3.95841e-09
3.95841e-09
3.95841e-09
3.95841e-09
3.95841e-09
3.95841e-09
3.95841e-09
3.95841e-09
3.95841e-09
3.95841e-09
3.95841e-09
3.95841e-09
3.95841e-09
3.95841e-09
3.95841e-09
3.95841e-09
3.95841e-09
3.95841e-09
3.95841e-09
3.95841e-09
3.95841e-09
3.95841e-09
3.95841e-09
3.95841e-09
3.95841e-09
3.95841e-09
3.95841e-09
3.95841e-09
3.95841e-09
3.95841e-09
3.95841e-09
3.95841e-09
3.95841e-09
3.95841e-09
3.95841e-09
3.95841e-09
3.95841e-09
3.95841e-09
3.95841e-09
3.95841e-09
3.95841e-09
3.95841e-09
3.95841e-09
3.95841e-09
3.95841e-09
3.95841e-09
3.95841e-09
3.95841e-09
3.95841e-09
3.95841e-09
3.95841e-09
3.95841e-09
3.95841e-09
3.95841e-09
3.95841e-09
3.95841e-09
3.95841e-09
3.95841e-09
3.95841e-09
3.95841e-09
3.95841e-09
3.95841e-09
3.95841e-09
3.95841e-09
3.95841e-09
3.95841e-09
3.95841e-09
3.95841e-09
3.95841e-09
3.95841e-09
3.95841e-09
3.95841e-09
3.95841e-09
3.95841e-09
3.95841e-09
3.95841e-09
3.95841e-09
3.95841e-09
3.95841e-09
3.95841e-09
3.95841e-09
3.95841e-09
3.95841e-09
3.95841e-09
3.95841e-09
3.95841e-09
3.95841e-09
3.95841e-09
3.95841e-09
3.95841e-09
3.95841e-09
3.95841e-09
3.95841e-09
3.95841e-09
3.95841e-09
3.95841e-09
3.95841e-09
3.95841e-09
3.95841e-09
3.95841e-09
3.95841e-09
3.95841e-09
3.95841e-09
3.95841e-09
3.95841e-09
3.95841e-09
3.95841e-09
3.95841e-09
3.95841e-09
3.95841e-09
3.95841e-09
3.95841e-09
3.95841e-09
3.95841e-09
3.95841e-09
3.95841e-09
3.95841e-09
3.95841e-09
3.95841e-09
3.95841e-09
3.95841e-09
3.95841e-09
3.95841e-09
3.95841e-09
3.95841e-09
3.95841e-09
3.95841e-09
3.95841e-09
3.95841e-09
3.95841e-09
3.95841e-09
3.95841e-09
3.95841e-09
3.95841e-09
3.95841e-09
3.95841e-09
3.95841e-09
3.95841e-09
3.95841e-09
3.95841e-09
3.95841e-09
3.95841e-09
3.95841e-09
3.95841e-09
3.95841e-09
3.95841e-09
3.95841e-09
3.95841e-09
3.95841e-09
3.95841e-09
3.95841e-09
3.95841e-09
3.95841e-09
3.95841e-09
3.95841e-09
3.95841e-09
3.95841e-09
3.95841e-09
3.95841e-09
3.95841e-09
3.95841e-09
3.95841e-09
3.95841e-09
3.95841e-09
3.95841e-09
3.95841e-09
3.95841e-09
3.95841e-09
3.95841e-09
3.95841e-09
3.95841e-09
3.95841e-09
3.95841e-09
3.95841e-09
3.95841e-09
3.95841e-09
3.95841e-09
3.95841e-09
3.95841e-09
3.95841e-09
3.95841e-09
3.95841e-09
3.95841e-09
3.95841e-09
3.95841e-09
3.95841e-09
3.95841e-09
3.95841e-09
3.95841e-09
3.95841e-09
3.95841e-09
3.95841e-09
3.95841e-09
3.95841e-09
3.95841e-09
3.95841e-09
3.95841e-09
3.95841e-09
3.95841e-09
3.95841e-09
3.95841e-09
3.95841e-09
3.95841e-09
3.95841e-09
3.95841e-09
3.95841e-09
3.95841e-09
3.95841e-09
3.95841e-09
3.95841e-09
3.95841e-09
3.95841e-09
3.95841e-09
3.95841e-09
3.95841e-09
3.95841e-09
3.95841e-09
3.95841e-09
3.95841e-09
3.95841e-09
3.95841e-09
3.95841e-09
3.95841e-09
3.95841e-09
3.95841e-09
3.95841e-09
3.95841e-09
3.95841e-09
3.95841e-09
3.95841e-09
3.95841e-09
3.95841e-09
3.95841e-09
3.95841e-09
3.95841e-09
3.95841e-09
3.95841e-09
3.95841e-09
3.95841e-09
3.95841e-09
3.95841e-09
3.95841e-09
3.95841e-09
3.95841e-09
3.95841e-09
3.95841e-09
3.95841e-09
3.95841e-09
3.95841e-09
3.95841e-09
3.95841e-09
3.95841e-09
3.95841e-09
3.95841e-09
3.95841e-09
3.95841e-09
3.95841e-09
3.95841e-09

VECTORS velocity float
-2.38204e-11 -1.54922e-10 -4.29236e-11
-8.30291e-14 -1.63136e-15 -1.08609e-14
-2.83192e-15 3.60721e-14 -3.11886e-15
3.65434e-14 1.44464e-13 1.56554e-13
-6.40918e-13 3.61521e-13 1.0604e-13
2.85321e-13 -2.40034e-13 1.09489e-13
6.59491e-19 5.23884e-22 -5.0412e-16
-2.26814e-12 -9.16776e-13 -9.04538e-13
-4.04142e-13 5.0272e-13 2.03661e-13
4.71284e-20 -7.88118e-20 -4.30755e-21
-4.0075e-13 2.44921e-13 3.79534e-14
-1.16827e-17 1.53918e-23 8.91957e-15
-4.90618e-13 -1.39258e-13 1.08615e-14
-4.79989e-13 -8.07317e-13 -3.88833e-13
-3.14794e-14 6.75426e-14 -1.20875e-13
-6.8259e-13 5.57467e-14 5.86621e-14
4.51718e-13 3.98557e-14 1.30903e-13
-3.26049e-13 -1.69583e-13 1.7353e-14
2.5247e-14 -4.53885e-14 1.33565e-14
-1.88564e-14 -2.39254e-14 1.34311e-14
4.79014e-14 -4.0161e-13 -4.28977e-14
-4.16155e-13 1.34328e-13 2.73711e-14
-5.42454e-13 1.37404e-13 3.22668e-13
6.88539e-13 1.85391e-13 1.08132e-13
-8.65296e-14 -1.48061e-14 3.27959e-14
2.63296e-13 7.49441e-13 5.88213e-14
-1.98083e-13 -1.65872e-13 -1.31101e-14
-4.33135e-13 2.15816e-13 9.1472e-15
1.31852e-13 1.14992e-13 8.68144e-14
2.77425e-13 2.46228e-13 2.65384e-13
-1.4737e-13 -2.18904e-13 -9.69752e-14
-1.19074e-12 -6.5493e-13 -4.27845e-13
-2.02794e-13 -8.92009e-14 5.21782e-14
4.7284e-14 1.60639e-12 1.96209e-13
2.98704e-14 1.25424e-14 2.39357e-14
-1.16069e-13 -2.65554e-17 -4.62306e-14
-6.39195e-14 3.47502e-14 -1.41239e-14
-3.83633e-13 -2.18275e-13 -3.91924e-14
-1.04094e-18 1.79987e-23 7.9519e-16
5.43085e-13 1.64516e-13 1.9024e-13
4.99971e-14 4.12995e-14 1.13255e-13
6.33597e-13 -1.25291e-12 -1.82376e-13
-1.3767e-12 -5.50825e-13 1.3031e-13
-2.73145e-12 -8.86812e-13 9.11232e-14
-2.04388e-13 2.45827e-13 -1.23412e-14
3.69332e-13 -2.21316e-14 9.13916e-14
3.08012e-15 8.94288e-15 3.01455e-15
-3.16424e-12 4.27446e-14 -3.85193e-13
1.00644e-12 7.07014e-14 8.43927e-16
-6.40769e-13 1.3146e-12 4.01511e-13
7.73406e-13 -2.88961e-13 4.83738e-13
2.4855e-13 -1.40426e-13 1.68898e-13
-2.7907e-13 -1.6224e-13 -1.87259e-14
1.04804e-14 -4.00415e-14 2.59473e-13
-1.80154e-13 2.05534e-13 2.51244e-13
5.64529e-13 -9.13185e-15 9.64458e-14
-1.47639e-13 -3.89529e-14 9.25663e-14
-3.50171e-13 -3.82789e-14 -2.04317e-13
1.09897e-13 -7.02194e-14 2.91868e-14
-3.71075e-14 -1.75469e-14 -1.4402e-14
6.90116e-15 -6.18508e-14 5.22201e-15
9.90752e-14 -2.27999e-13 1.33177e-13
-6.76848e-13 7.16983e-14 3.42695e-13
1.01227e-15 -3.06171e-22 2.98741e-13
-4.97349e-13 1.50057e-13 1.01579e-15
-7.22178e-16 -4.78923e-15 6.30728e-14
-4.37964e-13 2.48712e-13 2.84481e-14
-7.72737e-13 -3.92613e-13 -7.39679e-13
-2.26659e-13 4.63026e-14 6.44887e-14
9.15253e-14 8.93108e-14 4.10478e-14
2.14663e-13 8.93155e-14 1.5699e-13
-3.17051e-14 2.08454e-14 1.40964e-14
9.99436e-14 -8.51004e-13 5.80765e-13
1.33234e-12 -2.29494e-12 -8.94176e-13
-6.2831e-13 1.09345e-12 2.14096e-13
1.72942e-11 -5.5454e-12 -3.09376e-12
2.84857e-13 2.97672e-14 -1.54731e-13
-3.03689e-13 -4.05304e-13 -1.96738e-14
-5.59642e-20 -1.09048e-19 -1.76198e-19
5.89278e-13 -3.53808e-15 7.23557e-14
-6.97831e-13 -1.14806e-14 -1.86297e-14
3.91201e-13 -1.18191e-13 4.90973e-15
-2.00141e-13 4.16314e-14 -9.93576e-14
-1.53892e-12 1.75145e-12 5.94995e-13
3.36159e-13 2.35701e-14 6.80861e-14
1.02268e-12 1.46866e-13 3.43086e-13
1.58387e-13 1.08635e-13 6.17701e-14
3.0541e-13 1.34059e-12 1.61799e-13
-4.81827e-13 1.70053e-13 4.88818e-13
3.53927e-14 -3.12176e-14 1.2388e-13
3.71611e-14 1.97373e-14 1.54905e-14
-2.01014e-13 1.96523e-13 1.38014e-13
9.06126e-18 2.04426e-22 -6.9181e-15
7.91658e-13 -1.52232e-13 6.07028e-13
-1.4985e-14 -2.66112e-14 -3.41096e-15
-2.13328e-15 -1.41465e-14 1.86307e-13
-2.60498e-14 4.29487e-13 -4.95757e-14
8.14419e-13 -3.78844e-13 5.51691e-14
3.4213e-14 5.10202e-14 -1.97237e-14
6.70387e-14 -4.17684e-14 5.11133e-14
3.93548e-14 4.10583e-14 6.3041e-14
-1.56203e-13 2.29448e-13 2.02692e-14
-7.47748e-13 7.2474e-13 1.85822e-13
6.03216e-18 -2.68633e-22 -4.60544e-15
-1.6461e-13 3.71003e-16 -8.46499e-14
-9.72072e-13 -1.89949e-13 -4.88504e-13
-3.80595e-12 -7.89875e-13 -1.50261e-13
-5.49223e-13 3.63908e-13 -9.44442e-15
2.25919e-15 5.51506e-14 -2.48167e-14
-9.97007e-13 -5.91353e-14 -6.84576e-13
-3.18843e-13 -1.6891e-13 -1.03189e-13
-3.13204e-12 -5.92802e-13 1.01984e-13
-1.12495e-13 -3.90531e-13 1.00748e-13
-2.26264e-13 -9.21591e-13 -3.16366e-13
2.1179e-13 1.13879e-12 1.0836e-12
-3.45883e-12 -1.37086e-12 -1.51489e-14
-1.935e-13 1.28689e-14 -1.3411e-14
5.46357e-14 1.18957e-13 -9.23824e-15
-7.8082e-15 3.89494e-14 -1.43626e-14
-2.02354e-13 -4.95917e-14 -1.53804e-13
-7.08649e-14 -9.52719e-14 9.22452e-14
-2.50084e-13 4.92718e-13 2.69767e-13
-1.69575e-13 -1.83375e-13 5.80156e-14
-4.21661e-13 -1.05302e-13 -2.01179e-13
8.08341e-13 6.2216e-13 -2.36423e-14
3.39792e-14 4.41667e-14 1.78296e-14
-3.14206e-13 -2.44507e-13 -6.98825e-14
-1.39861e-13 -2.73847e-13 1.35208e-13
-3.16459e-13 -2.64071e-13 1.10882e-13
3.61023e-13 -3.13976e-13 2.14213e-13
3.62946e-12 -1.28964e-12 5.40485e-13
-2.35288e-13 7.72991e-14 1.0961e-13
-7.17982e-14 3.97531e-14 6.67388e-14
5.48421e-13 -1.13044e-12 6.00616e-13
2.90712e-12 1.72543e-12 8.91965e-13
-8.69891e-18 -1.62105e-22 6.6413e-15
9.11748e-13 9.38269e-14 4.76685e-14
-2.75551e-13 5.0643e-13 3.19499e-13
-1.48282e-13 -1.42301e-13 -2.16477e-13
3.39069e-14 6.967e-14 4.55685e-14
3.31733e-13 1.82227e-13 1.69282e-13
-2.6131e-14 2.78472e-14 5.97259e-14
3.61464e-13 -1.72904e-13 1.52032e-14
1.06391e-12 -3.69042e-13 3.47165e-13
6.39066e-13 -1.743e-12 8.99399e-14
-8.98394e-14 3.01209e-14 1.38999e-14
-5.18018e-13 4.32089e-13 1.21037e-13
-3.4978e-13 -3.72819e-13 8.78951e-14
-1.11842e-17 -1.63766e-21 8.53937e-15
3.42012e-13 2.93929e-13 -3.04242e-13
-1.91053e-14 -9.82918e-14 -1.05057e-14
-3.14306e-13 1.35874e-13 -4.42909e-14
9.54169e-13 -2.00915e-12 1.06233e-12
-9.76154e-14 -5.3787e-14 -9.34769e-15
-2.52146e-12 1.05903e-12 2.76952e-13
-4.87984e-13 -7.16021e-15 1.53704e-13
-3.27238e-13 -1.74703e-13 4.09621e-14
-7.29631e-13 3.74787e-14 7.76052e-14
-1.56029e-18 -7.65306e-23 1.19087e-15
6.41288e-14 2.72983e-14 1.30404e-14
-4.34595e-13 1.39445e-13 -1.59981e-13
7.81087e-15 1.68981e-13 1.40906e-13
7.09396e-14 4.3309e-13 -4.45886e-13
-1.28011e-13 -1.52109e-13 -1.24397e-13
-2.48702e-12 -7.6383e-13 1.32112e-13
1.09512e-12 7.40065e-13 4.67771e-13
-4.2726e-15 2.64135e-13 1.08209e-13
2.3755e-12 6.27835e-13 -1.66703e-13
1.13796e-15 1.66755e-14 8.87617e-15
-3.63509e-12 -3.56258e-12 -1.42335e-12
8.48911e-14 1.96089e-14 -1.13519e-14
6.62971e-14 3.5063e-14 3.41545e-15
1.56705e-13 2.37e-13 -4.28536e-14
-6.12185e-13 1.14185e-13 -2.40528e-13
-5.9815e-13 6.48043e-13 -2.76138e-13
-1.69287e-13 -4.49655e-13 1.59258e-13
2.24433e-13 8.13293e-15 4.31268e-14
1.66326e-13 -1.96764e-14 -9.32815e-15
-6.33951e-12 -1.08504e-12 -1.3037e-12
-2.18918e-14 -4.19906e-14 2.02943e-14
-3.69748e-13 7.75622e-13 -2.58567e-13
-1.57448e-13 3.63523e-14 1.01298e-13
-1.34336e-12 -9.78006e-14 3.33929e-14
-3.44643e-13 -3.49508e-14 7.76727e-14
6.14876e-13 2.38135e-13 1.35076e-13
-1.10108e-13 -3.70708e-13 5.31284e-13
-1.49713e-13 -3.92431e-13 2.24328e-13
-9.60322e-14 -1.59456e-13 1.24614e-13
2.3035e-13 -6.4953e-14 4.3291e-13
7.71554e-13 -2.1767e-14 4.20093e-14
-1.09803e-13 -6.09031e-14 1.13174e-13
4.60109e-13 7.62148e-14 4.47136e-14
-1.94051e-13 2.2346e-13 4.29098e-14
-1.09725e-13 1.07644e-13 1.22317e-13
-7.23685e-13 -1.21825e-13 -1.46477e-13
1.45236e-13 -1.27972e-13 1.40846e-13
6.2003e-14 -4.48989e-15 1.52011e-14
5.18095e-12 -1.04494e-11 -4.01359e-12
8.50866e-13 2.78752e-13 5.79148e-13
9.89298e-14 8.31545e-15 3.68412e-14
-2.58817e-14 4.7331e-14 8.25563e-14
1.99773e-13 -1.17593e-13 1.2302e-14
9.7254e-14 1.81575e-13 1.63156e-13
1.70626e-11 -6.03681e-12 -4.12833e-13
-6.20299e-13 -2.36591e-13 -2.11344e-13
-5.47911e-13 8.67139e-14 3.3351e-13
1.46068e-12 2.02572e-13 5.24118e-13
-9.1782e-13 3.34378e-13 8.65366e-14
-1.11915e-13 -2.07897e-13 4.3977e-13
3.47505e-13 2.83693e-13 -2.30492e-14
4.95282e-12 -1.74764e-12 9.24265e-13
-1.27972e-12 2.73066e-13 1.63891e-13
2.89303e-13 1.11213e-13 2.98737e-13
-4.04219e-13 -3.15563e-13 -2.48458e-13
1.07833e-17 2.78987e-20 -8.23289e-15
4.91137e-13 -1.14829e-13 1.51976e-13
8.11061e-14 3.55564e-13 1.07381e-13
9.94692e-13 -1.7258e-13 2.33167e-13
2.15914e-13 -1.5058e-13 1.41254e-13
-9.69611e-13 2.54533e-13 -1.51818e-13
-1.63263e-13 -1.26167e-13 -5.75085e-14
-6.56783e-14 4.01646e-14 1.70793e-13
-4.00239e-13 4.00905e-13 1.74013e-13
4.75774e-13 2.96539e-13 4.65476e-14
7.62904e-13 6.30134e-13 5.79178e-14
-1.11845e-17 -2.93862e-22 8.53937e-15
1.08351e-13 2.01985e-13 2.95839e-13
9.08121e-18 -1.2552e-20 -6.93359e-15
-7.11061e-13 5.89288e-13 1.99589e-13
-3.8553e-13 -1.68377e-12 -2.34353e-13
-1.62521e-12 6.17827e-13 3.74689e-13
-3.23939e-15 2.15467e-14 2.81605e-13
3.35912e-13 -1.8708e-12 -3.98118e-13
-2.11571e-13 7.69689e-15 5.24077e-14
1.40575e-12 7.44159e-13 2.91871e-13
-6.08216e-13 3.93802e-13 -1.96643e-13
3.61285e-20 5.40619e-20 -3.10565e-19
-1.28542e-13 -1.18146e-13 -1.29512e-14
-1.65717e-13 -2.34038e-13 9.99995e-14
-2.3787e-13 6.23454e-14 -2.47937e-14
4.12157e-12 1.28799e-13 2.93507e-13
-4.2263e-14 -4.56196e-14 4.13837e-14
-1.92831e-13 -6.59344e-14 5.71644e-14
2.00549e-12 5.65504e-13 4.06579e-13
-3.76607e-13 -4.71343e-14 -1.42541e-14
-2.13325e-15 -1.41465e-14 1.86307e-13
-7.93268e-13 -1.71749e-13 -2.73975e-13
-3.79622e-13 -1.0693e-14 1.09647e-13
-3.06052e-14 5.98854e-14 1.47037e-13
3.89859e-13 -5.33596e-14 1.61941e-13
-2.26853e-13 2.09592e-13 2.89278e-13
3.56466e-15 1.90828e-14 -2.18296e-13
-1.19675e-13 -5.08655e-14 -1.49957e-14
1.59898e-13 8.26367e-14 -1.30085e-15
-1.42477e-12 4.37109e-13 1.60816e-13
6.13771e-14 -1.31222e-13 1.43338e-14
6.03188e-18 -1.00879e-22 -4.60544e-15
-1.87748e-12 -1.62356e-12 -1.55516e-12
-5.10534e-13 -6.18869e-14 1.54105e-14
-5.07385e-13 2.96988e-14 -5.5103e-14
-8.07145e-13 -4.18655e-13 -1.84784e-14
6.8051e-14 1.00429e-15 1.7115e-14
1.78859e-13 -5.5852e-14 1.67896e-13
2.03916e-14 5.76974e-14 1.0056e-13
-4.02513e-12 7.8306e-12 7.65244e-12
-1.53821e-12 -1.96352e-13 -3.69085e-13
-4.57253e-13 3.63619e-13 4.57793e-14
-4.79892e-12 5.61398e-13 -7.19271e-13
-8.55402e-14 3.47107e-14 1.56359e-13
1.80833e-13 -9.5738e-14 1.69748e-14
-1.62212e-12 1.26099e-12 -3.76106e-14
-6.14052e-13 -6.33993e-13 -1.77842e-13
-4.74911e-13 -7.28782e-13 -1.002e-12
1.15594e-12 -4.39167e-13 1.57932e-12
-1.91088e-12 -4.97677e-13 -3.71706e-13
-2.05846e-14 3.48408e-13 3.05152e-13
7.31517e-13 6.3768e-14 1.77513e-14
-4.33655e-12 -1.51998e-12 -9.04679e-13
4.69499e-13 -1.10304e-12 5.33072e-13
-7.1722e-13 -4.07934e-13 7.07729e-14
-1.02619e-13 1.7848e-13 1.90438e-13
8.99145e-13 1.54752e-12 2.24021e-13
-2.91408e-13 2.0205e-14 7.49378e-14
4.77874e-13 -1.6398e-14 3.68541e-14
-1.79523e-12 -3.29301e-13 1.06486e-12
-4.38854e-13 5.70434e-13 2.83062e-13
-3.56517e-12 1.49185e-12 6.06592e-14
-7.58099e-13 7.43052e-13 7.28576e-14
5.25859e-14 -8.37726e-13 8.56456e-14
3.91045e-14 7.08881e-14 3.46586e-15
1.10397e-13 6.808e-14 4.78598e-14
4.23389e-13 -8.5749e-14 2.25418e-13
-3.03107e-12 -1.03963e-12 1.67767e-14
-4.05725e-13 3.49158e-13 1.55482e-13
-3.36482e-13 7.31396e-14 8.09937e-14
-2.24679e-14 -1.77073e-14 -6.80857e-15
-2.66806e-12 -9.94417e-14 -5.86117e-13
-8.70173e-14 3.48034e-13 6.65357e-14
-4.31789e-12 -1.24989e-12 -2.24369e-13
-1.3824e-12 1.01804e-12 2.01817e-13
1.36243e-13 -1.30098e-13 1.17295e-13
-9.89644e-16 2.50126e-13 1.45046e-13
-1.50122e-12 -2.64188e-13 -2.99827e-13
-6.56499e-13 4.18322e-13 1.06524e-13
-1.98012e-13 -7.25283e-13 -4.71344e-13
-1.12742e-12 1.71099e-13 3.55762e-13
3.15352e-13 2.73764e-14 3.55487e-13
2.28518e-13 6.95974e-14 5.15936e-14
-9.09796e-13 7.04259e-14 5.62275e-14
1.00874e-12 -2.52802e-13 5.44548e-14
4.94771e-13 -8.39575e-14 3.37189e-14
-4.07577e-13 8.22095e-13 2.0773e-13
-1.83137e-14 -1.22426e-13 -3.28308e-14
-3.42737e-13 5.83164e-14 4.68579e-14
9.00347e-14 3.50011e-14 3.43788e-13
3.94871e-13 -1.15426e-12 5.11248e-13
-2.56213e-13 -4.38038e-13 -4.49297e-13
-5.06937e-13 2.27172e-14 -3.49586e-13
6.3677e-14 3.98494e-13 3.68167e-13
-8.20349e-13 -8.46729e-13 -2.53175e-13
-2.26822e-12 -1.24107e-13 7.26803e-13
-4.11228e-12 -4.21543e-13 -6.68679e-14
-1.21189e-11 1.73935e-12 1.50335e-13
2.83685e-14 1.39394e-13 4.17678e-14
-1.75556e-13 1.9351e-13 -1.1443e-13
-7.6798e-13 1.08623e-12 2.09255e-13
3.16525e-14 3.42506e-13 1.30793e-13
4.0089e-12 -1.70261e-12 1.42179e-12
6.86058e-13 -2.33357e-13 -1.9017e-13
6.20878e-13 3.15363e-13 1.07404e-13
-8.99227e-13 2.59812e-13 6.41618e-14
-9.52001e-13 -1.75416e-12 -4.53415e-13
3.18191e-15 1.60229e-13 3.61192e-14
-8.99905e-13 2.22524e-13 8.64429e-14
-3.13262e-12 -9.25209e-13 -1.53083e-13
-1.10629e-12 -1.78876e-12 -3.34998e-14
-1.44236e-12 6.70893e-13 2.25307e-12
9.47809e-14 -3.59837e-13 1.4851e-13
-9.46251e-18 -6.33705e-21 7.22451e-15
-8.35351e-13 -1.20203e-13 -8.32182e-13
2.43319e-13 -6.3863e-13 -2.10638e-13
3.68867e-13 -1.68953e-13 -1.23489e-14
-8.80305e-13 -5.57132e-13 3.74086e-13
-2.61181e-12 -2.0703e-13 3.36965e-13
2.07547e-12 -1.68853e-12 2.63178e-12
-3.62399e-13 7.96136e-14 5.68048e-13
4.9655e-13 1.01458e-12 1.29178e-13
8.56714e-13 -2.20555e-13 1.10609e-13
1.19907e-13 1.96652e-13 -1.15211e-13
4.35101e-13 5.25067e-13 8.68074e-14
-2.72723e-15 -6.49969e-14 2.80781e-13
-8.28988e-12 5.55162e-13 -1.22299e-12
5.49411e-13 -2.88007e-13 1.07245e-13
-3.52949e-13 -2.10817e-13 -1.99007e-13
1.67187e-13 -2.21137e-14 -7.24661e-14
-2.07225e-17 8.32667e-14 2.74514e-13
-6.83333e-13 9.91998e-13 2.67954e-13
-7.64024e-13 -1.15304e-12 1.37235e-13
-3.96819e-16 5.20586e-15 -3.60969e-15
6.84865e-13 4.3254e-13 4.51456e-13
-2.96064e-13 5.12034e-13 3.29261e-13
-7.93935e-21 6.80783e-20 -1.07787e-19
-3.80286e-13 3.59956e-13 2.16902e-13
-4.26109e-12 -1.25945e-13 -1.36391e-12
-4.7665e-12 2.21924e-12 3.69869e-13
1.60796e-12 -5.64894e-13 8.65457e-13
-1.17832e-13 -2.35804e-12 -3.64723e-13
-1.06025e-12 3.17793e-13 2.86623e-13
1.1064e-12 -1.47902e-12 5.97265e-13
-2.33969e-13 5.63465e-14 8.47606e-14
-4.55165e-13 4.75656e-14 1.07508e-13
2.64203e-12 -3.37509e-12 -4.90709e-13
-6.39567e-14 1.05756e-13 5.38627e-14
-2.03964e-13 4.61936e-13 2.58325e-13
1.89143e-12 -1.71167e-12 1.00134e-12
-5.85625e-13 9.15834e-13 1.03026e-13
-1.04458e-12 2.66616e-14 7.21951e-14
-1.49431e-12 -1.39136e-12 1.14025e-13
9.09077e-13 -1.62898e-12 -1.32104e-13
-2.62693e-13 -2.81355e-13 7.82261e-14
-1.06211e-11 7.98992e-12 9.50372e-12
-1.64998e-13 2.78382e-13 -2.16937e-13
2.50188e-13 7.62641e-13 1.87505e-13
-1.04731e-13 8.69659e-17 6.38978e-14
-8.56135e-13 2.55775e-13 1.09258e-13
-4.90503e-13 2.65019e-13 1.48697e-13
-1.37308e-13 -9.44945e-13 5.7745e-14
-2.44766e-16 1.08612e-21 -7.22357e-14
3.73459e-12 9.10063e-13 1.11051e-13
4.52697e-13 9.93735e-13 4.01401e-13
6.91682e-13 1.45776e-13 2.7137e-13
1.70338e-12 -1.75536e-12 8.58207e-13
-4.46636e-13 4.06916e-13 1.93e-13
-1.21368e-13 -1.1816e-13 3.49233e-13
-7.55978e-13 -2.57271e-13 3.62675e-14
-4.02012e-12 -1.89528e-12 -1.04022e-12
7.91976e-13 -1.67151e-12 -1.30941e-12
8.79915e-13 5.20444e-13 8.74996e-13
1.25593e-13 -6.17612e-13 4.17323e-14
3.11269e-13 9.70648e-14 1.08317e-13
-3.2333e-14 3.95624e-13 2.06268e-13
-3.12492e-13 3.92167e-13 3.26754e-14
-2.11926e-12 -2.72931e-13 -6.95578e-13
3.13134e-14 -1.31295e-13 2.09408e-13
8.29594e-13 7.42e-14 2.18054e-13
6.93157e-13 1.31205e-13 1.23873e-13
5.52296e-18 2.46023e-20 -4.21679e-15
-7.90494e-13 1.0679e-12 1.08992e-13
3.59808e-12 -6.82478e-12 -3.11657e-12
-5.80752e-13 2.68826e-13 8.30801e-15
9.15992e-13 1.17822e-13 5.35614e-13
-5.23351e-13 3.42485e-13 -6.16546e-14
-1.22676e-12 1.35103e-13 1.12232e-13
4.05253e-13 -1.60665e-13 -1.81953e-13
1.5541e-14 1.36563e-14 -4.16236e-15
2.19398e-20 -3.57806e-21 1.06576e-20
-8.29092e-13 5.13309e-13 -8.26424e-14
6.45205e-13 -3.88716e-13 3.60213e-13
-1.66842e-12 -1.68882e-13 -3.98113e-14
4.87715e-13 3.86948e-14 1.0889e-13
-4.59218e-13 -9.24864e-13 7.62281e-13
-6.40583e-12 1.09255e-12 -1.37029e-12
-2.15747e-12 3.65811e-13 -1.09234e-12
-1.15165e-12 1.03089e-13 4.96868e-13
1.08691e-12 1.04066e-13 1.59499e-13
-6.04821e-14 -7.40741e-13 -2.80619e-13
3.36609e-13 5.26732e-14 4.29029e-14
1.15573e-13 5.66776e-14 1.02539e-13
6.80171e-15 -1.9691e-14 1.4344e-14
-6.30949e-19 4.45876e-20 4.82091e-16
2.04666e-13 1.26435e-13 9.68775e-14
2.38839e-13 -1.56365e-13 1.89725e-13
-7.39182e-13 -2.91591e-13 -1.38985e-13
2.43293e-13 -1.03362e-14 3.67039e-13
-8.23603e-13 -1.35585e-13 -6.36769e-14
-1.60288e-14 1.95923e-13 3.64381e-14
2.72307e-13 -4.15988e-14 2.741e-14
7.39861e-14 -3.63184e-14 -2.64041e-14
-2.17573e-12 1.22027e-12 7.1993e-14
9.88878e-13 3.18474e-13 4.08614e-14
6.13697e-14 8.92567e-14 1.59667e-13
6.69848e-13 8.35858e-13 3.06462e-14
4.85022e-13 1.96028e-13 -3.25012e-13
5.77643e-13 -1.57896e-12 -1.45701e-12
2.17857e-12 -3.60743e-12 -4.92826e-13
8.28169e-14 1.88867e-14 3.99295e-14
-1.77551e-12 8.92918e-13 1.95597e-14
-4.20016e-12 3.97299e-13 -6.41536e-13
1.52708e-15 -3.68196e-14 -1.58621e-13
-5.41132e-13 1.84555e-13 3.24698e-13
2.05498e-15 4.65781e-15 2.93195e-14
-7.46078e-16 1.79853e-14 7.74819e-14
2.8425e-12 -2.5372e-12 1.95703e-12
-7.68633e-13 -1.78789e-15 6.09251e-14
8.17769e-13 -6.21207e-13 -3.96324e-13
-7.2505e-12 -5.97931e-13 -1.63567e-12
4.98209e-12 -1.8064e-12 -8.53433e-14
-6.21614e-13 -1.41522e-13 1.08277e-13
7.68731e-13 -3.73539e-13 4.05683e-13
1.58268e-13 -1.43337e-13 6.55399e-14
-3.10932e-12 1.03082e-12 -1.34731e-12
-1.22802e-11 -8.37428e-13 -1.82279e-12
5.59678e-13 -6.25231e-14 1.70763e-13
-1.38653e-13 -2.10805e-13 -4.02038e-14
-2.49613e-12 -1.18404e-12 -1.19472e-12
-3.19865e-12 -2.51339e-14 -7.36442e-15
-1.23968e-12 -3.73495e-12 -2.44182e-12
-4.87127e-13 7.06842e-13 6.88779e-14
3.01553e-13 7.8444e-14 -7.04428e-14
3.12448e-14 -5.39618e-14 -1.08584e-13
-4.39432e-12 -1.14055e-12 -7.32059e-13
-1.44398e-12 3.14707e-13 7.64384e-13
4.60667e-20 4.15623e-20 3.40146e-19
-5.97102e-13 -5.32784e-14 -3.2585e-13
-1.24555e-12 1.70937e-12 -4.80531e-14
-1.26047e-12 -1.4533e-12 -3.74038e-13
-1.58399e-12 -5.73038e-13 4.3309e-13
-2.23758e-12 -1.7652e-12 -1.2602e-12
-7.71513e-14 4.49357e-14 2.35296e-14
-2.13331e-15 -1.41466e-14 1.86308e-13
-3.44231e-12 -4.3006e-13 -3.13786e-13
8.81857e-13 1.53645e-12 -2.49989e-14
-8.44057e-13 -2.95266e-13 3.0924e-13
-4.01167e-14 -1.94052e-14 4.86886e-15
2.40758e-13 1.05558e-12 3.93147e-13
4.05257e-13 -3.28296e-13 2.18868e-13
1.37678e-13 8.63831e-13 1.37006e-13
-2.01147e-13 1.33362e-13 1.04127e-13
1.6067e-11 -8.86941e-13 -3.22795e-12
-3.12509e-13 5.51322e-13 2.14856e-13
-2.1249e-12 1.75811e-13 6.81046e-13
1.03268e-12 -8.43282e-13 -5.32815e-13
-9.22346e-13 -1.13462e-12 3.00713e-13
-3.4693e-13 3.36445e-14 7.3322e-14
-1.08631e-11 -1.56414e-11 -4.888e-12
5.48663e-13 -7.07892e-13 2.48909e-13
-2.90755e-13 -3.02455e-12 -2.33581e-12
4.37705e-13 -1.32513e-12 -2.86703e-13
-9.51837e-19 4.80305e-19 4.82082e-16
-3.59483e-15 -2.0609e-13 1.04617e-13
2.567e-13 6.81388e-13 -1.55424e-13
-1.12464e-12 -1.13255e-12 4.9068e-14
1.60804e-14 6.74487e-15 -4.49425e-15
-5.13782e-13 6.03535e-13 -4.44782e-13
-2.12663e-12 -9.66753e-13 -7.25781e-13
9.83257e-13 -8.25388e-13 -9.57255e-13
-7.30721e-13 6.07447e-14 2.25216e-13
-2.4476e-16 4.52441e-21 -7.22337e-14
-7.2877e-14 -2.14297e-15 5.21916e-13
1.9308e-16 -2.98847e-13 5.91472e-13
-1.25243e-12 -1.55863e-12 -3.14365e-13
3.29561e-13 -2.17608e-13 1.54115e-13
1.00867e-12 -6.19022e-13 -3.21355e-13
-7.95239e-12 -1.14876e-12 -1.86959e-12
-1.53388e-12 -1.87638e-12 -4.23365e-13
-5.90916e-13 5.48257e-13 2.87621e-14
-2.00588e-13 5.28675e-14 9.1594e-14
9.64203e-21 6.70634e-20 1.70585e-19
-1.88376e-13 3.84432e-14 2.11655e-14
1.08853e-14 -1.37464e-13 -9.27045e-15
-1.08632e-13 3.38493e-13 -9.93009e-14
-1.00071e-12 -3.77377e-13 8.99994e-14
-5.07598e-12 -1.53993e-12 5.25547e-14
-5.41717e-13 3.7308e-15 1.35378e-14
8.35314e-13 1.24672e-13 1.38111e-13
-6.02484e-13 1.85317e-13 9.57649e-14
-2.50876e-15 2.29504e-13 5.99043e-14
-5.95611e-12 2.22788e-13 8.10288e-13
-5.22223e-13 5.94066e-14 -2.04863e-13
-9.66145e-18 1.82642e-20 7.37626e-15
3.65894e-12 1.67274e-12 -1.42475e-12
6.44775e-16 4.27582e-15 -5.63117e-14
-1.97822e-12 1.6922e-12 7.53058e-13
-1.17852e-12 1.08467e-12 9.58095e-14
-1.0246e-13 -1.61425e-13 -9.13179e-14
1.12856e-13 4.85403e-13 3.08021e-15
7.08085e-13 -1.50326e-12 9.40438e-13
-5.69287e-18 -3.01922e-21 4.34637e-15
1.40188e-13 1.74524e-13 -2.44618e-14
8.95661e-14 7.72587e-13 -2.66526e-13
8.74935e-13 5.47756e-13 6.8794e-13
-8.63186e-13 1.23571e-12 1.08165e-13
3.66175e-12 -6.64613e-13 4.85303e-14
6.9971e-12 -3.50436e-13 1.28994e-12
4.61363e-13 2.05232e-13 3.08671e-13
-7.43607e-13 4.59207e-13 -4.73878e-15
-6.34897e-17 7.27309e-15 2.88707e-14
-9.49622e-14 6.96766e-14 4.08264e-14
1.92928e-13 -5.75643e-14 -2.00816e-14
2.91933e-12 -6.48918e-13 6.2799e-13
1.11251e-12 -3.19668e-13 1.89916e-13
6.85636e-14 -3.89745e-14 -1.02339e-14
6.61927e-13 -2.83823e-13 -5.09077e-14
1.00362e-12 -6.08112e-12 4.39052e-13
-3.50993e-12 1.6102e-12 -4.67409e-12
-1.6258e-12 -5.71061e-13 -2.67417e-13
3.77725e-12 1.15751e-12 -2.72849e-13
-5.25617e-13 -8.70121e-13 -2.6898e-14
1.3198e-12 -2.41853e-12 2.12367e-13
-3.81381e-13 4.99336e-13 1.23836e-13
6.32718e-13 7.66611e-14 -2.53799e-13
2.37608e-19 -3.13067e-19 -2.83824e-19
-7.46945e-16 1.79849e-14 7.74801e-14
1.77309e-17 4.01403e-17 2.53017e-16
-1.00757e-12 8.49246e-13 -3.19707e-14
-5.41489e-14 -1.82185e-14 -4.49002e-15
1.86622e-13 -3.26225e-13 -3.32326e-14
-1.17945e-12 -5.7925e-13 -3.67449e-13
-1.41685e-12 -1.1884e-13 2.84807e-13
-6.56839e-14 5.21962e-13 -1.21504e-13
-1.08276e-12 6.42238e-14 2.03227e-13
5.22327e-13 -3.15342e-13 -1.3201e-13
8.59534e-13 1.02168e-13 1.38748e-13
7.33781e-15 -1.82329e-12 7.26569e-13
1.01298e-15 -6.7396e-15 -8.80823e-14
-1.46109e-12 -1.36463e-12 3.91961e-13
-5.94585e-12 5.24574e-12 7.79521e-12
1.06372e-12 5.57499e-13 1.94478e-13
-4.03392e-13 3.09896e-13 2.44199e-13
-4.03624e-13 9.82271e-14 1.4164e-13
-5.2269e-12 -1.61455e-12 8.78549e-14
-2.9642e-12 1.48664e-13 -8.36402e-13
-1.92182e-12 -6.22901e-13 -1.06906e-13
3.88137e-13 1.18251e-12 1.39564e-13
-1.7737e-12 5.55423e-13 -8.22233e-13
2.53831e-11 -9.19524e-12 3.09688e-12
5.02352e-13 9.51449e-13 3.95952e-13
-9.17325e-13 -2.74316e-13 -3.93651e-13
2.7918e-13 -5.80909e-13 3.2481e-13
8.65473e-13 -1.76338e-12 -2.68246e-12
-2.64881e-14 -7.28519e-13 5.97442e-13
1.88959e-14 5.67031e-14 -3.36757e-14
-1.4403e-12 -2.16512e-12 1.44118e-13
-2.70523e-12 -1.37384e-12 1.16424e-12
-2.25949e-12 -6.64378e-13 -5.4003e-14
-8.1951e-12 -6.395e-13 -1.11448e-12
-6.63774e-16 -2.21161e-21 -1.95892e-13
3.2981e-13 5.79547e-13 -1.65873e-13
-2.1885e-14 -7.73079e-14 -1.66198e-13
-2.59473e-11 1.08091e-11 1.38438e-11
-1.27344e-12 -2.56234e-13 -2.52653e-13
1.026e-13 1.54675e-13 -4.43703e-13
2.13838e-12 9.58243e-13 -4.31368e-13
-1.04104e-12 1.85534e-14 -6.78415e-13
5.8007e-12 -2.5869e-12 -1.75038e-12
-6.10119e-13 -7.3295e-13 2.4754e-13
-3.13529e-19 -4.79769e-19 4.82082e-16
-1.52042e-12 -3.98225e-13 -2.67065e-13
-3.35542e-12 -1.68867e-12 -1.17554e-12
-1.95011e-12 1.03546e-12 -6.56988e-14
-1.32724e-19 -1.33457e-19 -5.06247e-20
5.34003e-13 5.21796e-13 1.96693e-13
2.42559e-13 5.56103e-13 2.68963e-14
-6.12679e-14 1.84979e-13 1.40731e-13
1.59349e-14 8.32531e-15 -2.12604e-13
2.95837e-13 -2.26888e-15 2.21312e-14
-1.1964e-13 3.49725e-13 2.5993e-13
-5.14697e-12 1.1158e-12 -1.00775e-13
-1.09981e-13 2.94245e-13 7.16908e-14
-3.35145e-19 9.94502e-20 -2.56013e-19
-3.06125e-13 8.63508e-13 -2.70299e-13
2.10113e-13 -2.15856e-13 -2.17195e-13
6.70457e-14 9.80157e-14 7.7548e-14
1.97571e-13 4.11044e-13 3.24813e-13
3.77824e-13 5.20441e-13 1.79405e-13
-9.01478e-13 -1.35071e-12 4.02564e-13
-2.45045e-12 -1.78245e-12 -2.28048e-13
2.84933e-12 -1.68101e-12 1.83715e-12
-1.99542e-13 -2.81846e-14 -8.91399e-14
8.6223e-13 -1.12574e-13 -4.54604e-13
3.52822e-12 -1.63401e-12 -1.15079e-12
-1.43371e-12 2.29247e-13 4.82964e-13
-6.61716e-13 1.82333e-13 3.96003e-14
-3.34557e-12 -1.12826e-12 -5.22627e-13
-7.38046e-12 -2.17568e-12 -2.2559e-12
-4.59197e-13 1.30925e-12 -5.91233e-13
2.94024e-12 -1.73766e-12 -2.13271e-12
-1.82186e-15 1.2118e-14 1.58376e-13
-1.47364e-13 4.3729e-13 1.76887e-13
-1.44958e-19 -4.71854e-19 -3.30026e-20
-5.27095e-12 9.01528e-13 -3.60368e-12
-7.74798e-13 5.68968e-13 9.95197e-14
-1.84509e-13 3.35244e-13 -7.03321e-13
2.05579e-15 1.36333e-14 -1.79547e-13
-1.26395e-12 -1.09089e-12 -1.37352e-13
-9.92558e-13 -8.86925e-13 -1.47922e-14
-3.85116e-12 -3.86908e-14 -4.69669e-13
-5.0434e-14 -1.02618e-13 -5.11251e-13
3.10098e-12 -2.33762e-12 -6.87866e-12
-4.57943e-13 1.06655e-13 9.86745e-13
-1.52143e-11 -3.60252e-12 -4.60166e-12
-2.7957e-13 -1.97981e-13 -1.17277e-13
-6.39884e-14 2.55808e-13 3.53131e-14
-5.00347e-20 1.52204e-19 3.00194e-19
-1.67098e-19 1.80598e-19 1.66895e-19
-1.97734e-13 -4.0237e-13 -1.46105e-13
3.88886e-13 -5.05858e-13 3.66171e-13
-1.94287e-12 -1.37004e-12 -1.53729e-12
5.91507e-13 2.79514e-13 -2.11806e-13
1.06824e-12 3.69014e-13 -5.89177e-13
1.66607e-13 2.27826e-13 1.13114e-13
4.16003e-13 9.60032e-13 -4.98764e-14
4.83924e-13 3.64614e-13 3.14689e-13
3.28557e-13 3.61943e-13 1.0798e-13
-1.3946e-13 -7.54101e-14 -9.53204e-14
8.10176e-14 -1.10431e-13 -1.50792e-14
8.3343e-12 5.06807e-12 -2.77965e-12
-3.32501e-12 -1.60052e-12 2.91607e-13
-3.82843e-13 -1.66409e-12 -4.47922e-13
-1.14067e-12 -3.76274e-13 3.45647e-13
7.42183e-13 -1.08211e-12 1.19673e-12
5.10085e-13 5.23119e-13 8.38455e-13
3.64984e-13 6.87452e-13 -3.11282e-14
-4.05294e-12 -1.77142e-12 -1.72342e-12
-4.10721e-13 9.10635e-13 2.07362e-13
8.81924e-13 -5.15432e-13 1.95122e-13
-4.61188e-12 -1.76698e-12 -1.41853e-12
3.22691e-13 2.96368e-13 2.95958e-13
-6.23521e-13 -2.86813e-13 3.42377e-13
-1.96786e-12 1.74513e-14 3.28084e-14
1.78719e-15 4.25939e-14 -1.84002e-13
-6.71014e-12 1.55796e-12 -1.07275e-12
1.56417e-13 -1.16203e-12 -2.16859e-14
2.57046e-12 9.71629e-13 -1.21742e-13
-3.58596e-13 3.61195e-14 2.5062e-13
3.08245e-13 -1.30886e-12 -7.01705e-13
1.29246e-20 -5.27717e-20 -3.52969e-20
4.60359e-13 -9.90654e-14 2.09837e-13
2.66007e-13 -3.37502e-13 1.03681e-13
-1.57561e-13 6.29783e-14 1.4685e-13
6.51307e-13 -1.01767e-12 1.0633e-14
5.78236e-13 -7.67022e-12 -1.1088e-12
6.89517e-13 8.59441e-13 2.2036e-13
2.44526e-12 -1.61934e-12 -5.25766e-12
-2.83491e-13 -1.09034e-12 -4.1993e-13
-3.74044e-13 -3.27718e-14 -1.6351e-13
9.49136e-18 3.24808e-21 -7.24676e-15
-1.11953e-12 -8.18115e-13 -1.38432e-13
-4.9731e-12 -1.07014e-12 -5.89297e-13
-4.18748e-13 1.12405e-12 1.07559e-13
8.32509e-14 2.24418e-13 8.19641e-14
3.46179e-13 -4.38662e-13 1.50469e-13
-1.61333e-12 -1.32183e-12 -4.16057e-13
3.50198e-12 -1.52101e-12 2.86573e-12
2.9696e-13 4.13072e-13 -1.28141e-13
-9.45449e-15 -9.64852e-14 7.63973e-14
7.29831e-12 -1.95379e-12 -2.32458e-12
-1.15899e-13 9.35825e-13 2.18873e-13
-7.64329e-13 -1.93093e-12 -8.47591e-13
-3.22788e-13 -9.96006e-14 4.50823e-14
3.38934e-13 5.88483e-13 1.27928e-13
-2.97328e-13 -1.73064e-12 -1.60237e-12
6.393e-14 3.35849e-13 -3.34876e-14
-6.63166e-12 1.6927e-12 3.69198e-13
-3.9631e-13 1.37103e-13 2.14884e-13
-9.24297e-13 1.72248e-12 7.27369e-13
1.95281e-13 2.71947e-13 1.02694e-13
2.56713e-12 -9.23283e-13 8.25746e-14
-1.64096e-12 3.47761e-13 2.20337e-13
-1.15827e-12 8.94833e-13 -8.73162e-13
3.72832e-14 1.03331e-15 2.24259e-14
-3.18111e-13 5.04576e-13 -4.81103e-13
-4.22239e-13 6.36759e-13 2.17271e-13
-6.05346e-12 6.68967e-12 8.37723e-13
-7.22201e-16 -4.78925e-15 6.30733e-14
-2.5101e-13 -3.59602e-13 -7.83546e-13
-3.94134e-13 3.61667e-13 5.77152e-14
1.03654e-13 3.6231e-14 3.07351e-14
3.42656e-12 -1.6239e-13 -1.71579e-13
-5.23767e-13 4.60977e-13 -7.81315e-14
-1.20416e-12 6.00918e-13 7.20031e-13
5.10006e-14 4.75786e-13 2.16838e-13
-4.23705e-13 5.53263e-14 1.01657e-13
-4.88632e-12 -2.47693e-12 -1.13469e-12
-3.24856e-14 -3.02533e-13 3.23373e-13
3.31204e-13 5.80568e-13 -1.96991e-13
2.0135e-12 4.02715e-13 2.74266e-14
-9.7183e-13 -1.7187e-12 -9.21687e-13
8.8231e-14 2.82802e-13 -2.94246e-13
-6.52179e-13 3.39048e-13 -8.07728e-14
4.61334e-19 1.05782e-21 -3.5236e-16
-9.43763e-14 5.1907e-13 -3.99311e-13
4.14086e-14 1.14654e-12 -2.18439e-13
8.0732e-20 4.896e-22 7.97993e-20
4.22219e-13 2.90224e-13 -8.77471e-14
-9.86973e-14 -1.03688e-12 1.58511e-14
-1.64054e-12 -1.5094e-12 -1.50658e-12
1.73297e-13 1.19378e-13 -1.18911e-16
-5.86949e-12 -4.12345e-12 -3.05512e-12
-2.09393e-13 -7.83061e-13 2.12009e-13
8.91236e-13 2.55637e-13 -5.62695e-13
-9.46218e-18 -7.87794e-21 7.22451e-15
-4.02135e-13 1.17473e-13 2.06618e-13
6.51506e-13 1.34974e-13 8.7721e-14
-2.74137e-12 2.59505e-12 1.92376e-12
-1.92542e-12 9.69754e-13 -2.23217e-13
-6.60373e-13 9.82789e-13 1.06794e-13
1.09982e-12 -9.87507e-13 -7.17912e-13
7.48635e-13 2.67414e-13 1.2986e-13
-5.96522e-12 -1.54896e-12 -1.74284e-12
-3.27714e-12 -1.24925e-12 5.92114e-14
6.05376e-13 -2.9615e-13 6.67462e-14
7.72486e-14 4.83665e-13 1.71976e-13
1.6594e-12 -2.43482e-12 4.37631e-13
-3.14767e-11 -2.03754e-10 -5.09948e-13
-6.82898e-13 4.43666e-13 1.32985e-13
-4.88493e-13 1.27184e-12 4.98933e-13
4.42961e-18 1.71488e-20 -3.38226e-15
-3.98953e-12 -7.23793e-12 -1.26528e-12
-1.36539e-12 9.05325e-14 5.77652e-13
1.73959e-20 4.13177e-20 9.58559e-21
4.93845e-15 1.38112e-13 8.36804e-15
6.87346e-15 -1.2404e-14 -1.04484e-13
-9.57465e-13 1.85813e-13 6.10085e-13
-1.7551e-13 -1.26634e-13 6.60505e-14
-4.68793e-12 -4.8076e-13 -2.08077e-12
-7.72062e-13 -1.0631e-12 2.00377e-14
-2.03875e-13 1.49839e-15 6.23473e-14
4.05427e-12 8.66073e-13 -8.74908e-13
-5.12525e-13 -1.99925e-13 -7.79987e-14
-2.37732e-14 1.69129e-13 1.13551e-13
-3.40872e-13 6.03554e-13 3.42962e-13
-1.49914e-12 -6.79694e-13 -2.78625e-13
6.28669e-12 1.58147e-12 -2.89318e-12
7.53673e-15 3.42403e-13 -3.57807e-14
-4.72428e-13 -8.19301e-13 -1.16676e-13
-6.43255e-12 -1.65895e-12 -1.1741e-12
-3.86806e-12 -1.41369e-12 -1.21752e-12
4.6865e-15 -2.04345e-14 -1.95335e-13
-2.84266e-14 -1.32942e-13 4.37771e-14
-7.22744e-13 9.03011e-13 1.75133e-13
9.88466e-13 -7.5761e-13 3.41574e-14
-2.12323e-12 -3.4854e-13 8.96986e-13
1.81503e-13 1.43026e-13 6.91294e-14
-1.00772e-11 7.89644e-13 -2.41663e-13
-8.34111e-13 7.2274e-13 4.89096e-13
1.75778e-13 7.23863e-14 7.18103e-14
-6.96669e-13 -1.52503e-12 -2.2287e-13
-3.80959e-13 -6.42225e-14 -1.70415e-14
-5.62915e-13 1.25701e-12 1.06751e-13
9.49148e-18 -1.26292e-21 -7.24676e-15
1.71706e-12 -1.82256e-12 -5.17193e-13
4.94403e-13 -7.2106e-13 -2.30498e-14
-5.08081e-12 -6.23792e-13 -3.508e-13
-3.12102e-13 1.85567e-13 -1.67915e-13
4.83161e-14 3.34837e-13 6.5478e-13
-1.7426e-13 1.47335e-14 -4.70889e-14
1.32116e-11 -4.87613e-11 -2.09731e-13
-2.20459e-12 -1.72196e-12 1.11237e-13
2.90191e-13 4.14518e-14 -5.49139e-14
-1.04564e-15 4.15214e-14 1.05847e-13
-1.07406e-13 1.75075e-13 4.40883e-14
-5.90924e-13 -2.79109e-13 2.33532e-13
2.28554e-13 2.76354e-13 5.78272e-14
5.35755e-13 6.55668e-13 -2.18571e-13
4.94785e-13 2.98372e-13 -5.67911e-13
2.57754e-13 3.68613e-13 5.74794e-15
-4.39833e-13 6.27523e-13 1.38709e-13
1.16672e-13 1.91361e-13 -1.58243e-13
2.43095e-15 -1.61683e-14 -2.11313e-13
-1.87917e-13 5.72679e-13 -1.13867e-13
-2.36858e-13 -2.59149e-13 5.6011e-13
-6.27076e-13 -1.47743e-12 6.37585e-13
-6.16764e-12 -6.90493e-14 -7.24082e-13
1.07831e-17 1.1557e-19 -8.23297e-15
-2.86925e-12 -1.70819e-12 -4.42658e-13
-4.51444e-21 5.03492e-20 9.53608e-21
2.68347e-13 1.18653e-13 -8.28997e-14
2.19888e-13 5.68125e-13 -1.29025e-13
-5.03368e-12 8.12468e-13 -3.24166e-12
4.62842e-14 2.49112e-13 1.48882e-13
-8.96337e-14 1.29594e-13 2.26081e-13
-1.55809e-13 -2.29696e-13 -2.26227e-13
2.59439e-12 2.11094e-12 2.16613e-13
5.57134e-13 9.11892e-14 -2.1619e-13
1.23112e-12 1.10945e-12 3.59118e-13
-2.79758e-13 -3.49368e-13 -5.53597e-14
1.05845e-17 -6.45009e-23 -8.08106e-15
-3.02811e-13 2.39476e-13 7.44337e-13
-5.17915e-13 1.81199e-13 -2.04762e-13
1.52736e-15 -3.68192e-14 -1.58619e-13
-2.40246e-13 1.0971e-12 2.86734e-14
-3.67106e-13 4.16396e-13 9.48819e-14
2.99405e-12 -2.80632e-12 -7.72033e-12
-4.32304e-12 -1.50505e-12 -1.23284e-12
-9.34231e-14 1.04131e-13 -2.07664e-13
-2.10637e-13 1.02695e-13 1.48114e-13
-7.01745e-12 3.81808e-12 2.41075e-12
1.67442e-11 -3.34898e-12 -2.57339e-12
6.98639e-12 -1.20559e-11 -5.92196e-12
-9.22592e-15 4.57804e-13 2.03723e-13
-4.99225e-12 -1.07193e-12 3.94646e-13
-6.91144e-14 -4.83931e-13 4.1321e-13
1.71513e-12 1.12214e-13 1.80347e-13
7.64214e-13 5.92901e-13 -9.42397e-14
-5.03437e-12 -1.21469e-12 -9.33527e-13
-3.99377e-13 1.38214e-12 -3.5922e-13
-3.17803e-12 -2.13533e-12 6.25437e-13
7.56969e-13 -9.98121e-13 -2.71117e-13
-1.55966e-13 5.00534e-13 2.16256e-13
2.48383e-13 1.92865e-13 4.26692e-14
-4.86527e-13 -3.02908e-13 -1.31017e-13
7.38558e-13 -5.46605e-13 2.53013e-13
-4.71747e-12 4.11087e-13 1.33258e-12
2.51993e-13 3.70509e-13 -1.40995e-13
-4.85895e-12 -1.39883e-12 -1.17757e-12
-6.24203e-12 4.70076e-13 4.76e-13
-7.21759e-14 -1.08369e-13 1.03873e-13
-1.63325e-12 3.40127e-13 2.04478e-13
-1.04133e-14 -5.62616e-14 -3.12822e-15
1.11844e-11 3.4882e-12 1.73521e-13
-2.23353e-12 1.25214e-11 -5.45095e-13
-3.11192e-13 9.14056e-13 2.1257e-13

VECTORS force float
3.91074e-17 -1.95794e-15 -5.9986e-16
-1.96408e-17 6.58945e-18 -2.32288e-18
3.86922e-18 3.48001e-18 -1.4769e-18
1.616e-17 -5.0033e-18 1.33044e-17
-1.6103e-17 -5.79272e-17 -2.67451e-17
-6.01299e-17 5.85623e-17 -1.79841e-17
0.0 3.20441e-26 0.0
-1.13471e-16 -6.16938e-17 8.17082e-19
5.86931e-17 -6.5735e-17 9.09248e-18
8.27181e-25 0.0 0.0
-6.61559e-18 1.13473e-17 3.54624e-18
0.0 -2.24983e-27 0.0
2.33223e-17 -2.21568e-17 -8.61329e-18
-8.04296e-17 -2.37447e-17 3.85708e-17
-1.70499e-17 8.04416e-18 2.58578e-18
2.26992e-17 -1.70441e-17 1.15722e-17
-4.22961e-17 3.7617e-17 2.55906e-17
1.18297e-17 -1.18119e-18 -3.04604e-18
-1.21917e-17 -1.51062e-18 -1.24906e-18
-1.58687e-18 -8.98268e-18 2.35263e-19
-2.43112e-19 -2.34639e-17 2.98578e-17
9.39751e-18 -4.46434e-17 9.3793e-18
5.42527e-17 -4.78086e-17 -3.61103e-18
4.59403e-17 -1.39008e-17 1.56251e-19
-1.57305e-18 -1.46734e-17 -2.61267e-18
-7.2188e-17 -7.1102e-17 -2.76992e-17
-6.9654e-18 1.64178e-17 1.05968e-17
-6.55127e-20 -1.55811e-17 2.70712e-18
-2.47929e-18 -9.16333e-18 3.28106e-18
6.86694e-17 -9.7384e-17 -3.82568e-18
-1.02558e-17 -4.46127e-17 -3.52726e-18
-8.62945e-18 -5.0642e-17 -1.24801e-17
-2.60546e-18 5.98649e-18 2.88724e-18
-1.08171e-16 3.27035e-17 -8.20294e-18
5.1579e-19 -9.86166e-18 2.83687e-18
-3.34705e-18 6.72248e-18 3.92925e-18
-1.14361e-17 3.5442e-18 -2.13702e-18
-1.28723e-17 2.40292e-17 3.63621e-18
0.0 -1.85313e-27 0.0
1.37891e-17 -9.14301e-18 1.86474e-18
-1.42231e-18 7.89191e-18 3.25451e-18
-2.9014e-17 5.23754e-17 -3.36014e-17
1.95367e-17 -1.6991e-16 -2.73432e-17
4.96069e-16 1.71572e-16 1.12969e-16
1.91767e-17 -3.67611e-17 -1.27212e-18
5.699e-18 3.47528e-19 -3.97709e-18
1.70172e-18 -1.11099e-18 2.55308e-19
-2.28517e-16 -2.83482e-16 -7.63975e-17
-2.83436e-17 -8.87833e-18 -1.0338e-17
2.02019e-17 1.8801e-17 1.76782e-17
6.58433e-17 -2.46356e-17 -1.23064e-17
2.33534e-17 3.29276e-18 6.1232e-18
-4.46152e-18 -2.15823e-18 7.48089e-18
-6.20385e-24 -8.27181e-25 0.0
4.01281e-17 -4.73948e-17 5.59396e-18
2.56876e-17 2.22959e-17 -2.57747e-18
4.56451e-17 -7.00045e-18 -5.19783e-18
-7.9023e-17 2.44522e-17 -2.06343e-17
3.72276e-17 -1.952e-18 -2.61076e-18
2.10619e-18 -3.01219e-18 2.06955e-18
-1.41677e-17 9.72807e-18 -3.95183e-18
-1.71716e-17 -6.21775e-18 3.2056e-18
-3.48625e-17 -7.70948e-18 -1.98879e-17
0.0 1.58084e-24 0.0
2.84089e-17 -1.93565e-17 8.83928e-19
-2.05761e-23 -3.72231e-24 0.0
-9.12626e-18 -6.03543e-18 -8.67609e-18
7.16709e-17 -1.93236e-16 -5.95129e-17
-1.69541e-17 2.33393e-17 -7.91007e-18
3.10718e-18 3.32248e-18 2.86524e-18
-1.11209e-17 2.62533e-17 -1.36756e-17
8.63672e-18 -7.02127e-18 1.01009e-19
7.60584e-17 -2.33661e-16 2.3158e-17
-1.384e-17 -5.93834e-17 1.16031e-16
7.92481e-17 -4.04264e-17 -4.08296e-17
-6.97766e-16 -6.18155e-16 -6.85356e-17
-2.56078e-17 2.96795e-17 -6.92396e-19
-1.00075e-16 3.24705e-17 5.7707e-18
0.0 -1.65436e-24 0.0
7.14393e-18 -7.88246e-18 1.36851e-18
-3.95251e-18 9.17736e-18 -5.30857e-18
4.48853e-18 1.76569e-17 -7.97026e-18
-2.10896e-17 5.47107e-18 -1.15984e-17
-1.152e-16 -3.06578e-17 1.09157e-17
-7.1282e-18 2.03718e-17 -8.0516e-18
-7.17572e-17 8.96349e-17 -7.17691e-18
-1.69477e-17 -5.43722e-18 -3.40339e-18
1.06352e-16 -7.78205e-17 -2.27604e-17
-8.07328e-20 5.71766e-17 -2.24952e-17
1.14787e-17 4.58379e-19 8.88101e-18
1.49388e-18 -1.74817e-18 -2.98145e-18
-1.79547e-17 2.17252e-17 2.06629e-17
6.46235e-27 -2.53855e-27 0.0
-9.96923e-17 1.41852e-16 -7.9107e-17
1.06119e-18 -1.10239e-17 5.5189e-18
-2.63664e-24 0.0 0.0
-1.43159e-17 3.67074e-17 1.56835e-17
6.32856e-17 -2.16469e-17 2.46867e-17
-5.29557e-18 6.19499e-18 1.39908e-18
1.40752e-17 4.60794e-18 4.31624e-18
-1.3093e-18 1.2599e-19 4.75682e-18
1.39819e-17 4.07497e-17 -8.49394e-18
3.01488e-17 -2.10613e-17 -2.04315e-17
6.46235e-27 -4.27246e-25 0.0
-1.19005e-17 3.69778e-18 1.09849e-17
-6.55588e-18 -5.14003e-17 -4.7575e-17
3.05097e-16 1.20308e-16 1.01415e-16
1.09633e-17 -1.15867e-17 1.03948e-17
-3.69673e-17 -1.87677e-17 -9.66882e-18
-7.25246e-17 -1.79802e-17 -4.30847e-18
-1.09522e-16 -6.85288e-17 2.55725e-17
-1.03963e-16 3.43443e-17 2.69412e-17
1.23752e-17 7.29119e-17 -1.27045e-17
1.72132e-16 -3.0686e-17 5.18421e-17
4.50894e-17 -6.84704e-17 -3.43552e-17
1.19442e-16 1.12871e-16 4.26253e-17
2.50079e-18 -3.08346e-18 -5.31513e-20
-2.39067e-17 9.02832e-18 1.1123e-18
-4.18127e-19 5.89312e-19 2.18038e-19
-1.68569e-17 4.40413e-17 -1.10856e-17
1.53276e-17 -4.86297e-18 -1.07144e-17
5.36589e-17 -4.03218e-17 4.51254e-18
4.77028e-17 -2.61193e-17 -1.42713e-17
1.00119e-17 4.3375e-18 9.34664e-18
-4.48639e-17 -9.8574e-18 3.51761e-17
6.46313e-18 4.13214e-18 3.5086e-18
-1.80326e-17 2.82894e-17 -1.80644e-17
-8.09445e-17 -5.90639e-17 -3.92517e-17
2.04619e-17 -1.22169e-17 -1.70941e-17
4.78133e-17 4.11898e-17 -8.26477e-18
-1.58965e-17 -1.20669e-16 -4.53889e-17
3.23402e-18 -9.5946e-18 4.57475e-18
2.8265e-18 -1.86943e-17 -3.76173e-18
7.08141e-17 -1.40045e-16 4.53996e-18
2.14282e-16 -2.54279e-18 -2.51505e-17
1.29247e-26 2.44507e-27 0.0
-1.61298e-17 1.83047e-17 9.1561e-18
5.39644e-17 6.41993e-17 -9.72293e-18
-5.34381e-18 1.8331e-17 3.45418e-17
3.03682e-18 -4.14625e-18 2.42484e-18
1.95059e-17 -2.15093e-17 1.49373e-17
1.34961e-17 -9.13882e-18 8.05422e-19
-1.57799e-17 -7.53577e-18 6.08307e-18
1.38736e-16 -7.24189e-17 1.7745e-17
3.25355e-17 1.74265e-16 -1.51177e-16
-2.12761e-18 3.62207e-18 -1.03338e-19
5.89628e-17 -7.1817e-17 -1.84314e-18
6.10849e-17 3.0611e-17 1.48592e-17
0.0 -4.68628e-25 0.0
1.69794e-17 -5.35176e-17 5.62708e-18
1.33285e-17 -1.07187e-17 1.23275e-18
-2.04116e-17 2.39215e-17 4.34634e-19
7.41907e-17 -1.15948e-16 -3.59742e-17
-1.25143e-17 -8.89545e-19 6.42504e-18
1.22397e-16 2.93387e-17 7.78344e-18
3.77655e-17 -3.90724e-18 -6.59516e-19
6.40203e-17 -5.47193e-17 -1.16563e-17
-1.90875e-18 7.44921e-19 8.55121e-18
6.46235e-27 1.02786e-26 0.0
6.13333e-18 5.08716e-19 6.91099e-19
-4.96484e-17 -7.92377e-17 -3.37698e-17
-1.31915e-16 -5.30808e-18 -6.91238e-19
-6.84585e-18 -6.83591e-18 2.98381e-17
5.66356e-17 5.0909e-17 -1.6019e-17
1.65183e-16 -5.78231e-17 -3.40589e-17
1.54066e-16 -5.41791e-18 -4.76396e-19
2.14543e-17 -5.62117e-17 1.13652e-17
1.15465e-16 -9.5542e-18 -8.79319e-18
5.47784e-19 -9.68953e-18 9.20685e-19
-8.07547e-17 -5.08357e-17 -6.79822e-18
-1.05087e-17 4.94244e-18 -2.45311e-18
-2.70389e-18 2.8842e-18 2.65066e-18
1.44046e-17 2.10442e-17 -6.38214e-18
-9.49602e-17 1.74168e-16 2.04868e-18
-7.21243e-18 -1.99934e-17 -6.7479e-17
8.12622e-17 -9.9425e-18 2.46414e-17
1.01991e-17 -2.85627e-18 -6.76335e-18
1.87363e-17 -7.14552e-20 -5.85236e-18
1.16082e-16 -1.35944e-16 1.32641e-16
9.84285e-19 8.22277e-18 1.97242e-18
-1.28304e-17 -7.6568e-17 -7.39073e-18
1.93868e-17 -8.22043e-18 9.30597e-18
-5.24301e-17 6.77897e-17 1.00767e-17
-1.71204e-18 -4.2319e-18 9.02995e-18
3.01808e-17 5.55187e-18 4.76959e-18
7.15777e-17 -9.84667e-17 9.67873e-18
2.85174e-17 5.19215e-18 -1.99225e-17
4.4193e-17 -1.21793e-17 -1.33217e-17
3.45269e-17 -4.91885e-17 2.12769e-17
2.02395e-17 -7.70777e-18 -1.74535e-20
5.77999e-18 -9.98995e-18 -1.2378e-17
4.73767e-17 -1.69131e-17 -1.71137e-18
1.6142e-17 -3.75235e-17 -9.3973e-18
2.40085e-17 -6.26853e-17 -1.68553e-18
-6.4648e-17 -7.75677e-17 -3.45764e-17
1.40577e-17 -3.81384e-18 -5.13002e-18
-9.09292e-18 4.11847e-18 1.31312e-17
1.36415e-15 -4.18896e-17 -1.88508e-16
-1.2516e-16 1.25059e-16 -5.70274e-17
-5.00972e-18 -6.0693e-18 -1.00138e-17
1.99258e-17 -3.20556e-17 1.17785e-17
-1.48117e-17 1.00506e-18 2.04813e-18
2.05831e-17 -1.20852e-17 -1.03035e-18
9.36068e-16 7.00554e-17 8.85022e-17
-5.49842e-17 -3.41288e-17 1.74547e-17
1.17353e-16 -1.50103e-16 -1.82139e-17
-5.35507e-17 1.14058e-16 -2.68469e-17
2.53517e-17 -6.60906e-17 -4.06983e-18
5.24769e-17 -2.34703e-17 -3.69509e-17
-1.01467e-17 1.6369e-17 1.06515e-17
6.19201e-16 8.75639e-17 2.3256e-17
1.54114e-17 -6.67664e-17 3.53438e-19
2.3115e-18 -3.76217e-17 -1.27188e-17
-1.14545e-17 -1.17511e-17 2.12054e-17
6.46235e-27 -3.57272e-24 0.0
-3.91423e-17 5.06805e-17 -7.94105e-18
4.37494e-17 -3.06006e-17 3.33044e-18
-3.0062e-17 -7.7976e-18 -3.15212e-17
-1.61225e-17 3.50261e-17 1.44705e-17
-9.76913e-17 3.79383e-17 1.42859e-17
1.64761e-17 -2.01316e-18 -3.53487e-17
1.81841e-17 -3.19134e-17 -2.07998e-17
5.08974e-17 -4.67846e-17 -2.19336e-17
3.8112e-17 -1.26766e-17 -7.92555e-18
4.0351e-17 -5.17815e-19 -2.03688e-17
6.46235e-27 3.31913e-28 0.0
-1.68875e-17 -6.9886e-17 -1.16852e-17
-6.46235e-27 -1.43284e-25 0.0
3.70924e-17 -6.0878e-17 -2.81871e-17
1.40492e-16 5.68687e-18 3.87898e-17
2.73229e-17 2.49664e-17 -1.20242e-17
-7.59972e-24 2.06795e-24 0.0
5.0732e-16 3.44296e-16 -1.64846e-17
-4.54499e-18 -1.36171e-17 -2.1288e-17
8.42513e-17 -3.35656e-17 4.98701e-17
-2.37564e-17 3.48108e-17 1.98698e-17
0.0 0.0 0.0
-1.07801e-17 5.81634e-18 -4.99174e-18
-1.59065e-17 -2.32383e-17 7.04757e-18
-4.42538e-17 3.12405e-18 1.53405e-17
1.83599e-16 -5.6085e-17 7.21893e-18
-1.22218e-18 -1.5878e-17 -6.16976e-18
2.59665e-17 -7.66395e-18 1.69606e-18
7.73584e-17 -2.60198e-20 2.47306e-17
-6.28071e-17 -3.70777e-17 -5.89766e-18
1.84048e-23 2.89513e-24 0.0
-8.73069e-17 1.42041e-16 1.68881e-17
3.37658e-17 -6.94191e-18 -3.60847e-18
-5.90803e-17 -5.00259e-19 -2.28298e-17
-7.40321e-18 7.17438e-18 7.18913e-18
3.68859e-18 -4.22132e-17 -1.86957e-17
2.99853e-24 -8.27181e-25 0.0
2.00239e-18 -2.69399e-18 3.51435e-18
-1.53779e-17 -2.18288e-18 4.78985e-18
5.72546e-17 -8.12987e-17 -3.56281e-18
-4.07492e-17 1.59441e-17 -1.69842e-17
-6.46235e-27 4.19897e-27 0.0
1.09858e-16 4.91336e-17 6.92129e-17
-2.14566e-17 5.36655e-17 -1.47281e-17
-1.25083e-16 -5.598e-17 -1.56824e-18
-5.89753e-17 -3.471e-17 3.34704e-18
-1.55444e-17 1.55818e-17 -8.80231e-18
-4.2255e-18 -5.33714e-17 -2.74838e-17
-3.38257e-17 -1.98489e-17 -3.14358e-18
1.32857e-16 -2.5447e-16 -4.55771e-16
-5.61617e-18 -3.34387e-17 9.32606e-18
4.30858e-17 -6.28693e-17 1.00864e-18
-5.58578e-17 -3.12078e-17 5.89839e-17
-4.1395e-18 -3.02804e-17 -2.17128e-18
8.57306e-18 -1.58445e-17 -5.1133e-19
-1.31346e-17 -4.54581e-18 3.20279e-17
-7.38332e-17 1.54239e-17 3.31743e-18
1.37911e-16 7.31699e-18 -3.35215e-17
1.18459e-16 -1.69399e-16 -4.08972e-17
-2.07532e-16 -1.61257e-16 -7.69309e-17
-5.95336e-18 -2.33747e-17 1.98925e-17
-6.64905e-18 -2.15938e-17 1.00321e-17
4.0241e-16 1.52504e-16 -1.37838e-16
6.70589e-17 -1.50361e-16 3.12155e-17
-5.3951e-17 -6.39364e-17 6.29536e-18
5.26846e-18 -2.68934e-17 3.1606e-18
1.61518e-16 -4.2941e-17 -2.73561e-17
-2.08039e-18 3.11315e-17 -9.65102e-18
-2.00499e-17 1.49117e-17 -1.4017e-17
2.24575e-16 7.49926e-17 -6.11786e-17
2.23493e-17 -8.59818e-17 -5.76221e-19
1.35312e-17 1.50434e-16 -2.25922e-17
1.05426e-16 -1.21745e-16 2.19148e-17
-9.22869e-17 4.648e-17 1.28659e-18
3.98155e-17 1.71576e-17 2.52476e-18
-2.5489e-17 -3.11581e-17 1.13021e-17
3.26806e-17 -1.0668e-17 -3.14924e-17
1.21947e-16 3.16223e-17 -7.68953e-17
3.78353e-17 -4.21339e-17 -1.19693e-17
2.91723e-17 -3.82723e-17 -1.77533e-17
2.87375e-20 1.64712e-18 -3.36952e-18
-2.60882e-17 -3.94184e-17 5.88049e-17
-1.0485e-17 -1.178e-17 6.42576e-18
-9.57468e-17 -7.10308e-17 -9.1989e-18
4.12156e-17 -3.06188e-17 1.09197e-17
9.5939e-18 -7.80058e-18 -2.68215e-18
-1.62215e-17 -1.43514e-17 8.91096e-18
-1.40352e-17 1.01891e-16 1.5716e-17
3.89799e-17 -2.87708e-17 -3.61511e-18
-6.64599e-17 -2.0255e-17 -5.33272e-17
-7.03154e-18 -8.74911e-17 9.75041e-19
3.7679e-17 -4.89362e-17 5.69153e-19
3.30461e-17 -8.36826e-18 -1.96999e-18
2.16217e-17 -9.48403e-17 -8.90232e-19
-1.66808e-17 3.81286e-17 5.13898e-17
-2.36581e-17 -6.76874e-18 1.58321e-17
-2.38623e-17 -1.55659e-17 2.69608e-19
2.69781e-18 2.08849e-17 3.0288e-19
-9.6544e-17 4.8837e-17 -2.51186e-18
6.61679e-18 -7.48375e-17 2.10504e-17
-1.21797e-17 9.42991e-17 -6.14615e-18
-4.75139e-18 1.20834e-17 -1.63549e-17
-2.06169e-17 1.87073e-17 -5.95758e-17
7.87207e-17 -7.09154e-17 -3.08418e-18
2.68279e-17 -5.36716e-17 4.60333e-18
-2.30774e-16 6.41162e-17 9.65606e-18
-1.63602e-16 5.35422e-17 -2.4282e-17
1.71928e-16 3.70301e-18 1.61146e-17
1.40096e-18 8.26488e-18 -1.1453e-17
-1.8331e-17 1.25443e-17 -2.35047e-17
-1.74227e-16 1.29256e-16 9.05019e-17
-6.38566e-18 1.8622e-17 -1.62988e-17
1.33246e-16 -4.54523e-18 -3.58067e-17
-1.89843e-17 -1.64515e-17 5.19348e-18
2.93879e-17 -1.34319e-17 -8.81473e-18
1.49719e-17 -7.74626e-17 -2.71837e-17
-1.37823e-17 6.44784e-17 -1.28997e-16
-2.20142e-18 5.77124e-18 6.12511e-19
-7.23073e-18 -1.88157e-17 -9.88597e-18
8.64415e-16 3.22019e-16 -1.38348e-16
9.67788e-17 -2.0287e-16 -2.33537e-17
7.44678e-17 4.53542e-17 -5.2771e-17
1.98019e-18 -1.15511e-17 -1.86194e-17
6.46235e-27 2.92665e-24 0.0
-9.75243e-17 -1.99777e-17 -1.34684e-16
2.93822e-17 -1.06442e-16 -4.47534e-17
-2.06852e-17 3.82548e-17 -1.1866e-17
6.88758e-18 -3.76604e-17 1.73015e-17
9.25581e-17 1.35253e-16 -2.52375e-17
1.3943e-16 -7.86341e-17 -7.23387e-17
2.88737e-17 4.59135e-17 5.06298e-18
6.58076e-17 1.5821e-17 4.25913e-17
-7.28134e-17 9.2575e-17 4.07888e-17
-4.78476e-17 -2.09715e-17 4.91571e-18
3.56931e-17 -1.69378e-17 -2.12168e-17
7.67727e-23 3.30872e-24 0.0
1.421e-16 -8.26722e-17 6.91621e-17
-4.61419e-17 3.11367e-17 -3.70349e-18
2.35869e-17 -3.41494e-17 -6.34395e-18
-8.95212e-18 6.64062e-18 5.16313e-18
5.40987e-23 0.0 0.0
-1.06308e-17 5.34974e-18 1.46898e-17
-1.13116e-16 -8.02017e-17 -8.06203e-18
-1.80324e-18 7.71326e-19 6.70795e-19
9.71038e-17 -1.32869e-16 -2.43122e-17
-8.84768e-17 1.17527e-16 -1.24075e-17
-9.92617e-24 0.0 0.0
-1.19764e-18 -3.61438e-19 3.31144e-18
-1.56524e-16 9.9144e-18 1.57025e-17
-9.61363e-17 1.29358e-16 -6.03062e-17
1.16403e-16 4.02769e-18 -6.82526e-17
1.33197e-16 -2.91312e-17 -1.68283e-17
-2.81601e-17 8.08684e-17 -1.31143e-16
1.4363e-16 -9.73583e-17 -1.11955e-16
3.43011e-18 -1.27482e-17 -9.57604e-19
2.58792e-17 -1.32014e-17 -5.93411e-19
1.9403e-17 -3.81387e-17 -7.76922e-17
-5.03627e-17 -5.05929e-17 1.24469e-18
2.44639e-17 7.47898e-17 1.40766e-17
-1.90935e-17 -1.40986e-17 -1.83583e-17
2.70517e-17 -2.67687e-17 2.71675e-18
4.63783e-17 -4.48077e-17 -2.9557e-18
1.1178e-16 -2.48479e-16 3.46838e-17
1.95615e-16 -2.21416e-17 2.52048e-17
2.15993e-17 -8.99791e-18 -2.17885e-17
7.08901e-16 -2.25215e-16 -3.40816e-16
-2.91312e-17 1.83304e-17 3.71638e-18
3.13986e-17 -1.46673e-17 7.87238e-18
1.39477e-17 -1.26129e-17 1.90172e-17
3.5336e-17 -4.49953e-17 -2.74026e-18
4.67428e-17 -3.83227e-17 -1.22356e-17
5.20027e-17 -8.39461e-17 3.55003e-17
0.0 -2.09411e-26 0.0
2.0751e-16 1.9897e-17 2.73373e-17
7.55371e-17 3.18122e-17 -3.50726e-17
-1.67575e-17 9.72812e-17 -8.58726e-19
-1.06705e-17 1.04657e-17 -2.13795e-17
3.26147e-17 -4.11566e-17 -2.22406e-17
-5.90332e-17 5.57375e-17 -1.04906e-17
9.40014e-18 -2.45151e-17 1.69007e-18
8.55908e-17 1.11328e-17 6.61906e-17
2.28033e-16 1.95924e-16 -1.43324e-16
1.29791e-16 -7.95811e-17 -5.05097e-17
-2.39551e-17 -3.03571e-18 2.08577e-17
2.09005e-17 -3.32303e-17 -4.03703e-18
-1.92328e-17 1.58971e-17 -2.18021e-18
7.05957e-17 3.77921e-17 -1.12688e-17
-1.2696e-16 -4.8041e-17 5.98982e-18
2.01134e-17 -1.78983e-17 -1.54228e-17
-7.4156e-17 2.40509e-17 -4.92859e-18
4.50867e-17 -6.0862e-18 2.30131e-17
-1.29247e-26 3.47078e-24 0.0
5.27756e-17 -3.68455e-17 5.46792e-18
-3.1557e-18 7.52608e-17 1.11654e-16
-2.84741e-17 -9.44815e-18 -4.03869e-19
-4.22806e-17 6.96137e-17 -1.01745e-17
6.12511e-17 -5.42365e-17 1.89818e-17
1.41133e-18 -2.78678e-17 1.79874e-18
-5.8835e-17 -6.94716e-18 3.12625e-17
1.80605e-18 -3.40255e-18 6.66774e-20
0.0 0.0 0.0
-5.97533e-17 -9.05754e-18 9.55368e-18
-6.4773e-18 8.96885e-17 2.33511e-18
-6.52585e-17 5.13742e-17 -2.04605e-17
-1.06811e-18 1.50306e-17 3.83729e-18
7.53679e-17 -1.84165e-16 1.88698e-18
2.49108e-16 4.65673e-17 1.5764e-16
-1.2591e-16 -5.79074e-17 -2.33379e-17
8.80478e-17 -5.43412e-17 -2.16249e-17
4.19806e-18 3.11871e-17 -1.47579e-17
4.90874e-17 3.87052e-17 -4.18567e-17
-4.8204e-17 4.64717e-17 6.09811e-19
2.71728e-17 -9.0654e-18 -2.13987e-18
-3.08294e-20 1.8376e-18 -3.85317e-18
0.0 -2.64179e-24 0.0
-1.7713e-17 7.15965e-18 4.1109e-18
-6.47427e-17 -2.20694e-17 -2.81317e-17
-9.12357e-17 -3.9717e-17 8.67485e-18
4.66894e-17 -3.93006e-17 1.71041e-17
-1.33895e-16 -5.5128e-17 -1.24473e-17
-5.42503e-17 3.18071e-17 1.88064e-17
1.90034e-17 -1.65426e-18 3.21343e-20
-3.25097e-17 2.77967e-17 -1.76445e-17
-7.06358e-17 1.46583e-16 6.02537e-17
7.2872e-17 -2.03059e-17 -1.77322e-17
4.36457e-17 -1.88286e-17 -1.8208e-18
4.40491e-17 -2.86479e-18 2.48693e-17
2.76522e-17 -4.33099e-17 1.51219e-17
1.9715e-17 -1.60034e-16 -7.71608e-17
-4.22046e-17 -1.67113e-16 -1.57867e-16
2.58252e-17 -9.98923e-18 4.32384e-19
-9.26895e-17 1.56272e-16 -1.98776e-17
9.75982e-17 2.48645e-17 1.6822e-16
9.87447e-24 1.32349e-23 -6.61744e-24
9.29523e-18 3.51963e-17 1.55139e-17
-4.91138e-25 8.27181e-25 0.0
1.55096e-25 0.0 0.0
-4.76118e-17 3.21245e-17 -9.04343e-17
-1.37403e-17 -1.69906e-18 3.63829e-18
-3.46863e-16 -4.71787e-17 -9.09909e-17
2.13147e-16 -5.44709e-17 1.18587e-16
5.13045e-16 1.01806e-17 -3.64043e-17
4.3441e-17 -1.02932e-17 1.22041e-18
-8.15411e-17 1.12114e-16 2.04148e-17
-3.09984e-17 4.41394e-17 -3.72e-17
-1.40591e-16 -2.16925e-17 3.39321e-17
-4.82652e-16 -2.5926e-17 3.78141e-18
1.56055e-17 -2.62073e-17 -9.48206e-18
-5.75481e-18 -2.07988e-18 3.90348e-18
1.08614e-16 -1.25869e-16 -7.06267e-18
1.30688e-16 6.18559e-17 -8.47198e-18
3.29077e-16 -1.78343e-17 -2.50977e-17
-4.85907e-17 -1.67051e-17 -1.70071e-17
-3.29767e-17 3.18401e-17 -2.95974e-17
-8.26258e-17 -4.67866e-17 -2.23856e-18
1.80183e-16 3.42782e-17 -1.53876e-17
-1.22335e-16 2.03422e-16 -1.6165e-16
8.27181e-25 0.0 0.0
-1.11666e-16 -4.98138e-17 -6.5007e-17
-1.24104e-16 1.97226e-17 1.76474e-17
-8.70482e-17 -3.39235e-17 -8.9338e-18
-2.57543e-16 -7.06448e-17 -1.19234e-16
1.85146e-16 8.66307e-18 -2.23916e-18
-3.46036e-17 3.69612e-17 -5.58639e-18
-4.60119e-23 7.03104e-24 0.0
-4.72022e-17 5.38481e-17 -2.8088e-17
-2.30039e-16 1.10715e-16 -4.51615e-17
-9.72362e-17 -3.05817e-17 1.66719e-17
5.94104e-18 -4.32155e-18 -1.74761e-18
-1.22646e-16 1.10144e-16 -3.88208e-17
1.67065e-16 -1.74568e-16 3.63699e-17
-4.27473e-17 -6.75439e-19 -6.62425e-18
-2.29133e-17 1.66498e-17 2.04324e-17
-1.09188e-16 -6.47087e-18 9.86811e-17
-6.04464e-19 1.30332e-18 5.18755e-19
-1.47526e-16 1.15892e-16 -6.2789e-17
-1.49029e-16 7.08529e-17 -5.67752e-17
-1.27311e-16 -2.6285e-17 -4.58974e-18
2.11142e-17 -1.34374e-17 6.70886e-18
1.14652e-15 -3.16056e-16 2.67237e-16
-5.50235e-17 1.93957e-17 -1.13911e-17
3.58711e-16 -1.91885e-17 -1.02188e-16
2.83891e-18 -1.14406e-16 -1.35581e-16
1.46825e-23 -2.23339e-23 0.0
6.72871e-17 -5.76346e-17 1.3936e-17
7.78835e-18 2.68539e-18 1.2923e-17
5.81549e-17 2.22847e-17 -1.6016e-17
6.22632e-18 8.94161e-19 -6.39874e-19
9.73897e-17 -6.60334e-17 8.53312e-18
5.8095e-17 5.06604e-17 2.31013e-17
-1.11222e-17 3.00746e-18 -1.93048e-17
1.32511e-18 2.49301e-18 3.48436e-17
0.0 -1.14913e-25 0.0
-7.16957e-18 -6.43177e-17 3.41289e-17
5.87952e-17 -9.78944e-17 2.11044e-17
9.29782e-17 -7.07908e-17 -9.89226e-17
-2.57753e-17 3.07878e-17 5.66455e-18
-6.90951e-17 1.36564e-16 -8.303e-17
-4.66218e-17 9.76029e-17 1.50931e-16
-1.38945e-16 -1.97204e-16 4.57231e-17
-4.03849e-17 -2.58842e-17 -3.03355e-18
3.22364e-17 -2.07481e-17 2.54189e-19
-8.27181e-25 8.27181e-25 6.61744e-24
-6.61019e-17 6.55078e-18 -1.87116e-17
-3.25833e-17 -3.75889e-17 2.36016e-17
1.90791e-17 -3.92336e-17 -4.03285e-17
1.53365e-16 1.6616e-16 -1.27514e-16
1.81655e-16 -4.08506e-17 -1.12765e-16
-4.79022e-18 -1.14775e-17 5.25901e-18
-5.26614e-18 1.92027e-17 2.68377e-18
6.44291e-18 -1.65082e-17 -2.24656e-18
-4.82501e-18 -2.46497e-17 -7.79122e-18
-3.05184e-16 -5.19324e-17 3.97173e-17
-7.8589e-18 -1.79468e-17 7.7344e-19
0.0 4.42709e-25 0.0
-6.37154e-17 3.73349e-18 8.49323e-17
-5.37667e-24 0.0 0.0
3.96662e-17 -1.53818e-17 1.77526e-16
-1.31817e-16 8.57783e-17 5.43948e-17
-1.32383e-17 -1.09091e-18 6.22342e-18
2.70914e-17 -7.66712e-17 -1.27641e-17
8.65093e-17 -2.13843e-16 3.8053e-17
0.0 9.46646e-26 0.0
6.09825e-18 -1.29275e-17 6.16587e-18
-5.8137e-18 -3.55772e-17 -1.43833e-17
3.44209e-17 -6.53226e-18 -2.7523e-17
4.12233e-17 -2.33704e-17 -5.0187e-18
2.56242e-16 9.59489e-17 -8.11013e-17
-4.58645e-17 -2.68573e-16 -6.49773e-17
3.54886e-18 2.22876e-17 4.6546e-18
3.54436e-17 -8.7476e-17 -1.53408e-17
2.58494e-26 -3.30872e-24 0.0
-1.4388e-17 -8.7539e-18 3.96655e-18
1.31097e-17 6.75514e-18 5.2295e-19
4.35271e-17 -5.71231e-17 -2.74239e-17
-6.17648e-17 -1.58971e-17 5.02664e-17
1.29716e-18 -2.06224e-18 3.21383e-19
2.47881e-17 -4.86692e-18 8.41758e-18
1.41114e-17 -2.49959e-17 -1.11579e-17
-6.62214e-17 -3.62148e-17 6.0608e-17
-1.54854e-16 3.80203e-17 2.31655e-17
-4.17218e-16 -4.42487e-18 -1.36552e-17
-4.64794e-17 -6.17541e-17 -5.23279e-18
5.18481e-16 5.25157e-17 6.02439e-17
2.1748e-17 1.423e-17 5.45131e-18
3.72631e-17 1.42746e-17 2.85564e-18
0.0 3.30872e-24 0.0
4.4311e-22 -9.92617e-24 6.61744e-24
2.85377e-23 -1.40621e-23 0.0
2.03294e-17 -2.35051e-17 -1.76832e-17
-2.23569e-18 -6.66345e-18 2.53831e-18
-2.04667e-18 2.6732e-17 1.22566e-17
4.52255e-17 3.33684e-17 -2.69284e-17
9.9975e-17 -3.07606e-17 8.20251e-18
6.2677e-17 -3.99999e-17 -3.6225e-17
-1.71608e-16 1.02738e-16 -5.97637e-17
1.42515e-17 -4.25173e-17 8.4927e-18
-2.77058e-17 3.084e-17 4.83703e-18
-2.09508e-17 -9.72087e-18 -1.80646e-16
2.02659e-23 7.85822e-24 0.0
1.04389e-16 -1.13879e-16 4.60206e-17
5.04045e-16 4.27325e-17 -2.62823e-16
1.07283e-16 -8.54119e-17 7.69609e-17
3.08101e-17 -4.49257e-17 9.66417e-18
-4.88682e-18 1.68732e-18 -2.91141e-18
1.11509e-16 3.66101e-17 5.37786e-17
-3.03977e-16 -5.25924e-17 -1.85845e-16
-2.04504e-16 -2.06616e-16 -1.8256e-17
-1.19612e-16 1.71694e-16 -6.97442e-17
-1.42085e-16 -2.56063e-16 -4.20294e-17
9.41422e-16 1.75526e-15 2.0071e-16
-1.17074e-16 6.33482e-17 -3.34102e-17
-1.09276e-16 -1.80463e-16 8.57143e-18
-1.90068e-17 -2.0249e-16 2.32978e-17
1.09144e-16 3.5568e-17 3.60076e-17
8.20842e-17 6.42223e-17 -2.05818e-17
1.15207e-17 1.04644e-17 1.88459e-18
1.0126e-17 1.77644e-17 1.95531e-16
1.53261e-16 7.26067e-18 -4.19945e-17
-3.02319e-17 -6.62159e-17 -9.27579e-18
4.34361e-17 1.40869e-16 1.0328e-18
0.0 1.36536e-24 0.0
-9.75712e-18 3.8831e-17 6.81835e-19
-8.64541e-18 4.46455e-18 7.41778e-18
-5.37571e-17 -1.89005e-16 -2.91953e-16
2.51169e-18 6.85688e-17 3.69767e-17
-6.49407e-17 2.21119e-17 2.56051e-17
2.98731e-17 1.16076e-16 -5.48461e-17
-1.14608e-16 -3.89134e-17 -1.16218e-17
6.11866e-16 2.92862e-16 -2.29159e-17
-1.01971e-17 3.33302e-17 -2.40611e-17
-1.48893e-23 2.29543e-23 0.0
-1.49668e-16 1.96171e-16 -4.16134e-17
-8.89674e-17 -1.33204e-17 -7.21399e-17
-8.69709e-17 8.11936e-17 -4.69324e-18
-8.27181e-25 0.0 0.0
2.12885e-17 3.58038e-17 -1.14294e-17
2.57176e-17 -2.22714e-17 4.41259e-18
2.87272e-18 -4.53422e-17 -1.81061e-17
4.07307e-18 3.41625e-18 -1.29158e-17
-8.7972e-17 -9.74546e-17 5.6788e-17
1.12083e-16 2.20714e-17 -6.72097e-18
-1.27622e-16 2.32751e-17 -2.05649e-17
3.14084e-18 -7.65762e-18 7.33901e-18
-3.30872e-24 0.0 0.0
7.6012e-17 -5.90633e-17 1.54688e-17
1.60316e-17 8.6373e-18 2.54817e-18
-6.7009e-18 6.27464e-18 1.11445e-18
2.53923e-18 -8.26889e-17 3.88534e-17
1.567e-17 9.96881e-18 -5.5783e-18
-1.27831e-16 7.19173e-17 2.03371e-17
-1.06419e-16 3.71361e-17 4.88296e-17
1.83056e-16 -1.13581e-16 1.58385e-17
-2.38652e-17 1.5275e-19 -8.17595e-18
-1.17055e-16 -2.94802e-17 -2.32329e-18
9.92487e-16 7.14645e-17 -1.54073e-16
-1.45252e-16 1.12682e-16 2.69323e-17
1.48677e-17 -1.57583e-17 9.27065e-18
3.10946e-18 -6.02662e-17 1.60496e-17
-1.38035e-16 5.36175e-17 7.53284e-17
1.00292e-17 -8.5552e-17 -3.66478e-17
5.09489e-16 1.32678e-17 -7.72876e-17
3.20532e-24 4.1359e-25 0.0
-2.58191e-17 4.31286e-18 2.78405e-17
-8.27181e-25 2.48154e-24 0.0
9.7184e-16 4.73005e-17 1.41046e-16
-9.91469e-17 8.75997e-17 -3.64377e-17
-1.31906e-19 -4.32453e-17 -1.59201e-17
3.41212e-24 4.1359e-25 0.0
1.94745e-17 -4.56353e-17 -2.11633e-17
-1.95041e-17 -1.05407e-17 -2.67088e-17
-2.64109e-16 -2.52668e-16 -9.87863e-17
-2.16893e-18 3.51796e-17 1.85269e-17
1.55001e-15 1.02419e-17 2.61502e-16
-1.11222e-16 6.18004e-17 -2.24908e-17
5.1696e-16 4.60889e-16 3.72599e-17
-2.87213e-17 -7.21464e-18 -8.42879e-18
1.05023e-17 -1.02534e-17 2.60714e-17
0.0 0.0 0.0
1.65436e-24 0.0 0.0
2.42604e-17 -2.2733e-17 4.50361e-18
3.06551e-17 -3.31901e-17 -6.80525e-18
1.2574e-16 -3.8805e-16 7.54361e-17
1.03413e-17 -2.17651e-17 -1.41e-17
-3.84906e-17 3.75479e-17 3.67041e-17
-1.87305e-18 -1.46979e-17 1.08906e-17
3.35834e-17 -3.02791e-17 -1.01461e-17
1.00764e-17 3.67152e-17 1.8919e-17
3.01966e-17 -2.03271e-17 -2.17705e-18
-3.65444e-18 2.06877e-18 2.42134e-17
-1.04441e-17 2.88041e-17 2.04003e-17
-1.01539e-15 1.69005e-16 2.71657e-17
7.82222e-17 1.13748e-16 2.62129e-17
-9.86624e-18 3.88706e-17 -6.83172e-17
9.87811e-17 -3.31561e-17 9.81832e-18
3.95754e-18 -1.29549e-16 -5.04499e-17
1.04152e-16 3.9114e-17 -5.82674e-17
2.46518e-17 -4.42325e-19 3.45895e-18
1.1426e-16 -2.65779e-17 8.64766e-17
-3.82479e-17 2.76239e-18 3.54363e-18
-1.46837e-16 3.25372e-17 1.51075e-17
4.92379e-17 -8.97345e-17 1.80963e-17
-3.70801e-17 -6.45949e-18 2.25926e-17
-2.17567e-17 -1.51906e-16 -1.12961e-17
-2.76805e-17 7.76618e-18 -8.86182e-18
3.68612e-23 3.30872e-24 0.0
2.36598e-16 -3.22787e-17 1.96531e-16
-2.78991e-17 2.96131e-17 -3.34288e-18
1.41253e-16 4.31296e-17 -3.17296e-17
2.56598e-18 -4.00751e-17 2.68143e-17
4.73311e-17 -1.06689e-17 -4.96734e-17
3.10193e-25 0.0 0.0
-1.28243e-18 2.3355e-17 -3.86391e-18
-1.50663e-17 2.41005e-17 3.33231e-17
-3.88846e-17 1.6633e-17 -2.58334e-17
5.66785e-17 -1.04473e-16 3.12446e-17
6.03372e-16 -5.03829e-16 9.56206e-16
-1.90976e-17 -1.03598e-17 -7.00774e-19
1.82975e-16 4.9956e-17 -1.40179e-17
3.74379e-17 6.10276e-18 5.2689e-17
-2.84099e-17 -7.47599e-18 1.48172e-17
6.46235e-27 4.95833e-24 0.0
-3.35871e-17 -1.54009e-17 2.47174e-18
1.34754e-16 -7.42043e-17 9.66129e-17
4.88026e-17 -2.58338e-17 -1.06919e-17
-3.8266e-17 6.87595e-18 7.58248e-18
-1.39509e-17 4.86779e-17 -3.23203e-18
-7.30908e-17 -8.24722e-17 -1.85682e-17
1.89149e-16 -4.5775e-17 -4.34411e-17
1.42584e-17 -5.6901e-18 2.48782e-17
-1.63508e-17 -3.23796e-17 4.43463e-18
7.5376e-16 -3.57772e-17 -1.00318e-16
7.5157e-18 2.28776e-18 4.21991e-18
1.37461e-16 -5.45089e-17 -2.02405e-16
-1.99176e-17 -8.17248e-18 -7.91788e-18
2.303e-17 3.12665e-17 1.51669e-18
1.20097e-16 6.26237e-17 -1.66664e-18
1.42761e-17 -4.7063e-18 -3.27463e-18
-5.65319e-16 5.12541e-18 -1.88831e-17
-1.25488e-17 -5.02733e-17 9.74042e-18
-2.16863e-16 -3.37946e-17 4.99029e-17
-1.01337e-17 -9.70394e-18 5.08917e-17
1.68348e-16 5.65858e-17 -6.63622e-17
-7.27216e-17 -7.19153e-17 5.42546e-17
-1.57641e-18 -4.82998e-17 9.47713e-18
-6.64644e-18 -1.1667e-17 -2.9354e-18
9.45349e-17 -9.32948e-17 2.82491e-18
-1.10242e-17 -2.20096e-17 -2.45502e-18
-1.10728e-15 5.64482e-16 2.58159e-16
-9.82277e-25 4.1359e-25 0.0
1.5786e-16 -8.83318e-18 -7.32716e-17
-1.15741e-17 2.03643e-18 -5.92209e-18
-1.78265e-18 8.39886e-18 8.18155e-19
1.4678e-16 -4.91385e-17 -3.60853e-17
-2.9501e-18 1.15897e-17 6.43003e-18
2.94802e-16 -2.64923e-18 1.36719e-16
8.85802e-18 -1.21253e-18 -2.42374e-18
-5.60753e-18 1.43224e-17 2.06181e-17
1.40207e-16 2.77368e-16 1.18348e-16
5.09599e-17 -2.93485e-17 1.44787e-17
-1.46228e-18 -8.26958e-18 8.37819e-18
-7.86786e-17 8.14856e-17 1.0311e-17
1.26845e-16 2.78655e-17 -7.6595e-17
-8.49695e-18 1.48705e-18 -1.68648e-17
2.18964e-17 1.34223e-17 -6.91618e-18
-6.46235e-27 9.09867e-26 0.0
5.58661e-17 -8.66313e-17 -3.76285e-17
3.75804e-17 -3.15844e-17 4.69345e-18
3.30872e-24 3.30872e-24 0.0
9.3996e-18 -3.07293e-18 4.18706e-17
-6.97691e-18 1.63377e-17 -3.55678e-17
1.98411e-16 -1.76655e-17 8.69109e-17
2.79289e-18 7.7103e-18 -3.32793e-18
1.096e-15 -1.88578e-16 5.16358e-16
4.90315e-16 2.05298e-16 7.24331e-17
-6.59851e-18 1.63529e-17 -4.76563e-17
0.0 3.65657e-24 0.0
-4.51149e-17 3.15735e-17 -1.16876e-17
2.37372e-17 2.85554e-17 -4.74931e-17
8.75906e-17 -2.59373e-17 -3.28902e-17
-6.0685e-17 2.5694e-17 7.83572e-20
5.22266e-17 -3.80437e-17 1.38199e-19
5.98781e-17 -1.50751e-16 -8.00965e-17
1.45219e-17 -4.47728e-18 4.20046e-18
1.97987e-16 -1.03801e-16 2.84079e-17
2.35861e-16 8.69402e-17 -2.61513e-18
7.85955e-17 9.26154e-18 2.59615e-17
-6.13396e-18 -1.50351e-17 1.22911e-17
3.581e-17 -7.8142e-17 -2.42382e-17
1.20478e-15 -3.2809e-15 -1.10065e-15
-1.70773e-16 1.33747e-16 2.17287e-18
-2.48404e-17 -1.19859e-16 2.40719e-16
6.46235e-27 -5.48922e-24 0.0
2.02315e-16 -1.71002e-16 -3.41393e-16
5.43953e-17 -9.15124e-17 3.42023e-18
0.0 0.0 0.0
9.71512e-18 -2.86558e-17 -9.59297e-18
2.4071e-17 8.77498e-18 -1.04442e-17
-8.94994e-17 4.47149e-17 -9.4958e-17
-5.7127e-18 -9.47134e-18 -1.02078e-17
2.31306e-16 1.11709e-16 2.53039e-16
-1.39414e-16 -8.4047e-17 -3.82443e-17
-2.16039e-17 2.43163e-17 -2.93432e-17
-2.9643e-17 9.41179e-19 5.69864e-17
-2.3589e-17 -9.00099e-18 -3.37071e-18
8.05511e-18 -2.25588e-18 -2.47436e-18
-2.80475e-16 3.30821e-17 5.56668e-17
-6.22275e-17 -2.27273e-17 7.42753e-18
-1.0648e-16 -4.36999e-17 1.66217e-16
4.58688e-17 -1.01375e-17 9.55924e-18
-1.34562e-17 -3.02968e-18 -4.72717e-18
5.26476e-18 -4.97035e-18 1.42104e-16
1.89401e-16 6.69169e-17 -3.50461e-17
-1.26042e-17 -2.66836e-18 -1.28474e-17
6.52759e-18 -1.59198e-18 -8.35381e-19
2.42405e-17 -8.09552e-18 -9.43199e-18
2.19569e-17 -3.58136e-17 -1.13414e-17
-1.87038e-16 1.87054e-16 6.45913e-17
1.70602e-17 -7.06139e-18 1.49367e-17
-3.08365e-16 6.68076e-17 -5.21279e-17
1.04652e-16 1.04416e-16 -6.3646e-17
-4.97301e-20 -2.7175e-17 -2.97861e-17
2.36631e-16 7.72316e-18 -8.18757e-17
4.48887e-18 -1.18429e-17 6.01469e-18
4.09744e-17 6.48608e-18 -3.61986e-18
6.46235e-27 -2.5414e-25 0.0
5.89111e-17 4.48596e-17 -6.89788e-17
-1.19449e-17 1.99698e-17 3.32165e-17
-2.78205e-17 -2.54937e-18 -1.92035e-17
-1.50167e-17 -2.42496e-18 -1.87556e-17
6.91593e-17 -5.84835e-17 -1.38843e-17
-1.07644e-17 1.32828e-17 5.60683e-18
-5.54708e-16 -2.94627e-16 3.59951e-16
-8.64924e-17 3.22765e-17 -2.86882e-16
-5.70827e-19 5.32813e-18 -1.19985e-18
-1.56337e-22 3.30872e-24 0.0
2.1677e-17 -5.94862e-18 3.42874e-18
1.7084e-18 -1.33348e-17 -1.09334e-17
1.46199e-17 3.68593e-17 2.50282e-17
-2.74075e-17 -6.75101e-17 7.44465e-17
-6.84562e-17 4.87719e-17 2.30975e-17
1.91704e-17 7.75693e-18 1.79017e-17
-9.33723e-18 1.00791e-17 9.19084e-18
1.47739e-17 7.54805e-18 1.27928e-17
1.19889e-22 1.36485e-23 0.0
-2.82966e-17 -1.48398e-17 3.36281e-18
-3.25083e-17 7.39568e-17 -5.57524e-17
8.84701e-17 -5.28087e-17 -1.787e-17
3.25801e-16 -4.6552e-17 3.87737e-17
0.0 -1.08857e-23 0.0
-3.87736e-17 -6.70174e-17 -1.09499e-16
0.0 0.0 0.0
9.63513e-18 7.51384e-18 4.7426e-18
1.44411e-17 -2.79406e-17 -3.73717e-17
7.10788e-16 1.6354e-16 2.50394e-16
-3.37852e-17 -1.34357e-17 -8.69632e-18
6.27819e-18 2.24165e-17 1.23721e-17
-3.41503e-18 -4.8274e-17 -5.83846e-17
-8.04834e-17 -4.34083e-16 1.31624e-16
-8.86909e-18 -1.68519e-17 -3.53013e-18
-3.20995e-17 3.956e-17 2.8882e-17
5.98704e-18 3.18978e-17 1.5472e-18
6.46235e-27 2.44128e-26 0.0
1.38534e-17 -4.44505e-18 7.73982e-18
-2.43731e-17 -1.67362e-17 -4.77426e-18
1.52511e-23 0.0 6.61744e-24
-2.07004e-16 7.24483e-18 2.19078e-18
1.51489e-18 1.11458e-17 2.84054e-17
4.5415e-16 1.29886e-16 -3.6856e-17
-1.02736e-16 3.24551e-17 1.24873e-17
-6.55059e-18 -3.6e-18 1.63984e-17
1.79055e-18 2.83133e-18 3.11357e-18
4.58239e-17 2.07329e-16 -4.1331e-17
1.40073e-15 -2.66164e-16 6.69191e-17
5.87402e-16 -4.17346e-17 -3.39838e-16
4.84828e-18 -2.28073e-17 -3.65564e-18
7.83336e-18 -1.15914e-16 -2.35718e-17
-6.4672e-17 2.80966e-17 -4.48093e-17
2.28826e-16 -6.35413e-17 5.56305e-17
-8.79394e-17 -3.22655e-17 -5.70021e-18
4.985e-17 -2.94007e-17 5.62635e-17
-3.09845e-17 -4.00306e-18 3.78869e-18
3.09598e-17 2.66554e-17 -9.1659e-17
5.14617e-17 7.39728e-17 -5.56375e-17
-4.58906e-18 3.1276e-17 -4.78732e-19
1.48283e-17 -2.8122e-18 6.76577e-18
-1.6271e-17 -1.16675e-19 -7.09923e-18
-4.77281e-17 6.68567e-17 -1.02177e-17
-1.60116e-16 2.33258e-16 -1.41307e-16
-5.34386e-18 1.32693e-18 1.74853e-17
-1.42696e-16 3.48801e-16 1.61879e-16
1.2543e-17 3.35738e-16 -4.58043e-17
1.631e-17 4.28776e-17 2.92623e-18
-1.64229e-16 1.45483e-16 3.69969e-17
-2.34641e-18 1.14862e-18 -8.06141e-19
-3.58197e-18 2.59379e-16 5.47731e-17
5.15127e-17 -3.50479e-16 5.16165e-17
-2.351e-17 -1.08753e-17 -2.05538e-18
