# vtk DataFile Version 3.0
LIGGGHTS particles timestep 58000000
ASCII
DATASET POLYDATA
POINTS 885 float
0.268241 0.0199159 0.00713548
0.28019 0.0178196 0.00713394
0.268366 0.0187191 0.00698562
0.279898 0.0178793 0.00710228
0.262679 0.0157257 0.00890455
0.274059 0.0187441 0.00707466
0.278981 0.0175853 0.0072228
0.274718 0.0190047 0.00705277
0.274247 0.0182646 0.00717497
0.284911 0.0172744 0.00746106
0.284958 0.0174915 0.00725949
0.284521 0.0159796 0.00864827
0.274075 0.0190883 0.00702057
0.27151 0.0151714 0.0128367
0.284452 0.0157642 0.0088453
0.273019 0.0171553 0.00771238
0.280883 0.0176816 0.00720766
0.279878 0.0165268 0.00771757
0.284733 0.0166255 0.00805839
0.285023 0.0177567 0.00713493
0.280598 0.0175896 0.00723357
0.280973 0.0182969 0.00697793
0.274109 0.0162713 0.00819537
0.273749 0.0162431 0.00825005
0.284259 0.0151239 0.00944722
0.261198 0.0173735 0.00740094
0.279997 0.0174465 0.00726896
0.280191 0.0167424 0.00756272
0.278835 0.0165513 0.0081001
0.268311 0.0184131 0.00702156
0.275035 0.016681 0.00770116
0.285436 0.018432 0.00713188
0.278493 0.0157689 0.00861997
0.279315 0.0190951 0.00714471
0.271733 0.0148759 0.011813
0.285086 0.0180484 0.00710507
0.284323 0.0153324 0.00924135
0.284387 0.0155483 0.00904319
0.27908 0.0168554 0.00751108
0.278732 0.0156501 0.00875553
0.279125 0.0182152 0.00705934
0.285342 0.0192197 0.00714903
0.26678 0.0152856 0.00976182
0.266902 0.0172502 0.00737679
0.274759 0.0181962 0.00721036
0.279535 0.0165257 0.0077248
0.274177 0.0167278 0.00771169
0.284798 0.0168414 0.00786048
0.267595 0.0157763 0.00850778
0.279248 0.016474 0.00780246
0.278167 0.0148643 0.00977202
0.279957 0.0170433 0.00743248
0.279369 0.0169459 0.00747287
0.28486 0.0170575 0.00766179
0.279205 0.0173944 0.00727923
0.278426 0.015569 0.00884749
0.278107 0.0147983 0.0100585
0.277988 0.0146707 0.0106325
0.279395 0.0162961 0.00799381
0.279672 0.01807 0.00705212
0.280855 0.0171265 0.00741658
0.279489 0.0161098 0.00820927
0.279547 0.0189106 0.00709759
0.277807 0.0145556 0.0115057
0.273045 0.0164848 0.00807434
0.273859 0.0164318 0.00804439
0.280273 0.0170078 0.00744962
0.279775 0.0161676 0.0081382
0.278232 0.0149879 0.0095065
0.280117 0.0188978 0.00706784
0.278854 0.0170379 0.00743189
0.279473 0.0175186 0.00722703
0.28515 0.018341 0.00712055
0.278916 0.0173075 0.0073159
0.269301 0.0166996 0.00769064
0.279488 0.018617 0.00707974
0.279614 0.0192013 0.00712913
0.273813 0.0180837 0.00743693
0.280488 0.0178496 0.00713191
0.279287 0.0159649 0.00838101
0.279061 0.0179222 0.00706006
0.279311 0.0172023 0.00763001
0.278361 0.0153745 0.00906645
0.272271 0.0154106 0.00958167
0.262607 0.0162959 0.00832054
0.273323 0.0165442 0.00796378
0.279016 0.016647 0.00771697
0.273898 0.0167045 0.0078269
0.27957 0.0170188 0.00772278
0.273777 0.0186278 0.00709249
0.284593 0.0161948 0.00845187
0.284663 0.0164101 0.00825526
0.279189 0.0185077 0.00707938
0.279124 0.0166665 0.0079961
0.272785 0.0167874 0.00775748
0.285214 0.0186338 0.00713577
0.279314 0.0168852 0.00780391
0.280146 0.0191955 0.00709102
0.272411 0.0150178 0.0100393
0.278871 0.0158224 0.00855265
0.273323 0.0173798 0.00758037
0.278296 0.0151799 0.0092853
0.279658 0.017033 0.0074361
0.267762 0.015532 0.0091788
0.279803 0.018339 0.00703649
0.279593 0.0167638 0.0075519
0.272416 0.0156147 0.00928241
0.268445 0.0166717 0.00774454
0.27921 0.0176471 0.00744084
0.271908 0.0147086 0.0110486
0.277868 0.014577 0.0112128
0.273754 0.0172995 0.00734611
0.27962 0.0159333 0.00841356
0.2803 0.0175597 0.00723561
0.280785 0.0179458 0.00710477
0.274644 0.0176059 0.0073191
0.273084 0.0177028 0.00747899
0.278908 0.016208 0.00810214
0.278558 0.015959 0.00839724
0.278796 0.0167673 0.00754829
0.280538 0.017311 0.007337
0.279981 0.0163427 0.00793116
0.269232 0.0171003 0.00746747
0.280513 0.0184539 0.00702144
0.28024 0.0172841 0.00733787
0.259641 0.0150133 0.0122216
0.279141 0.0171252 0.00739502
0.271993 0.0149821 0.0109599
0.275011 0.0183593 0.00718986
0.271302 0.0155445 0.0136233
0.267961 0.0169739 0.00756203
0.280573 0.0170292 0.00744457
0.268981 0.0182931 0.00703828
0.27953 0.0177999 0.00713983
0.267531 0.0170047 0.00781635
0.274293 0.018563 0.00711948
0.278622 0.0161492 0.00817445
0.267764 0.0158825 0.00828371
0.273346 0.0167497 0.00774651
0.279195 0.0161514 0.00816447
0.27846 0.0158603 0.0089093
0.279838 0.0190061 0.00708991
0.272674 0.0164351 0.00821843
0.272758 0.0158097 0.00897651
0.274717 0.0179035 0.00726494
0.274112 0.01819 0.00743265
0.279504 0.0183191 0.00704894
0.273563 0.0164116 0.0080862
0.278683 0.01634 0.00795095
0.273034 0.0178209 0.00720787
0.261002 0.017663 0.00754926
0.285278 0.0189268 0.0071424
0.279768 0.017625 0.00719436
0.267595 0.0167388 0.00769281
0.273949 0.0198349 0.00705125
0.274475 0.0167915 0.00762414
0.272192 0.0151978 0.00986381
0.275196 0.0175571 0.00735246
0.273251 0.0183227 0.00739236
0.280395 0.0181153 0.00702858
0.279893 0.0167741 0.00754829
0.278391 0.0156677 0.00912867
0.262301 0.016642 0.00795457
0.27358 0.0177607 0.00724314
0.279379 0.0193881 0.00714304
0.268714 0.0190019 0.00695355
0.27481 0.0171334 0.00741735
0.277929 0.0146203 0.0109222
0.273402 0.0169511 0.00753129
0.273507 0.0179714 0.00744395
0.274578 0.017821 0.00751748
0.280019 0.017317 0.00753865
0.279434 0.0172161 0.00735665
0.268481 0.0174715 0.00726772
0.271676 0.0147458 0.0120775
0.280337 0.0186964 0.00704083
0.272689 0.0155152 0.00935917
0.279702 0.0173409 0.00730359
0.273001 0.0173865 0.00752184
0.266217 0.0153009 0.00992947
0.280051 0.0186059 0.00704817
0.255351 0.0192523 0.0070582
0.273158 0.01708 0.00741301
0.273272 0.0176437 0.00725232
0.279308 0.016676 0.00758898
0.27434 0.0174949 0.00732732
0.269517 0.017173 0.0074089
0.273646 0.0180501 0.00719025
0.27335 0.0192536 0.00712947
0.274518 0.0170157 0.00742738
0.28049 0.0167626 0.0075548
0.27382 0.0175862 0.00728715
0.268381 0.0164224 0.00789869
0.273642 0.0168187 0.00765347
0.271372 0.0153889 0.0133766
0.268033 0.015798 0.00838556
0.274876 0.0174213 0.00736471
0.278737 0.0165325 0.00772565
0.261526 0.0166495 0.00792143
0.27878 0.0167707 0.0079029
0.274395 0.0163841 0.00805718
0.269477 0.0183341 0.00704552
0.278872 0.0169969 0.00772853
0.280687 0.01821 0.00700186
0.273294 0.0189778 0.00702559
0.260637 0.0162944 0.00828819
0.273206 0.0173557 0.00730499
0.272649 0.0153316 0.0095963
0.266182 0.0151678 0.00972801
0.279698 0.0172824 0.00759779
0.273947 0.0168682 0.00758038
0.275314 0.0167456 0.00761397
0.268688 0.016523 0.00783939
0.268666 0.0187078 0.0069881
0.268284 0.0161814 0.00804839
0.279246 0.0177036 0.00714845
0.27395 0.0181622 0.00718183
0.268307 0.0195814 0.0070085
0.273885 0.0178742 0.0072345
0.269036 0.0172966 0.00735415
0.27305 0.0166766 0.00784375
0.273685 0.0170221 0.00743713
0.266551 0.0159122 0.00840163
0.274216 0.0197124 0.00699235
0.268447 0.0180454 0.00706549
0.266498 0.0151045 0.0102876
0.273449 0.0171843 0.00734851
0.266008 0.0149283 0.0106808
0.279772 0.018714 0.00706893
0.260836 0.0169806 0.00754528
0.280801 0.0168499 0.00751944
0.266784 0.0157662 0.00852141
0.267343 0.0175798 0.00748342
0.268305 0.017702 0.00719156
0.274507 0.019213 0.00700769
0.267567 0.0190498 0.00694354
0.271808 0.0149214 0.0115264
0.273337 0.0179317 0.00719966
0.278968 0.0163988 0.00787863
0.273575 0.0190935 0.00701178
0.280227 0.0183639 0.00703185
0.263141 0.017514 0.00722824
0.273819 0.0189224 0.00704268
0.273163 0.0161908 0.00841387
0.278845 0.016017 0.00832582
0.27289 0.017188 0.00732361
0.268042 0.0177363 0.0073828
0.274569 0.0173064 0.00737356
0.267796 0.0164751 0.00785245
0.268785 0.0155992 0.0087621
0.271949 0.0145584 0.0107923
0.268745 0.0193886 0.00693339
0.273597 0.0172591 0.00759854
0.273099 0.0181105 0.00716501
0.275131 0.017269 0.00740512
0.279375 0.0180517 0.00709097
0.275241 0.0178488 0.00729817
0.274242 0.0193518 0.00698156
0.280176 0.0165025 0.00774219
0.279681 0.0163535 0.00792242
0.273468 0.0185106 0.00710639
0.263291 0.0171064 0.00752494
0.273561 0.0193897 0.00696477
0.26896 0.0191788 0.0069336
0.259176 0.0158522 0.0140598
0.273711 0.0183396 0.0071441
0.271885 0.0149462 0.0112375
0.266356 0.0153966 0.00911225
0.273993 0.0195163 0.00695161
0.272315 0.0146867 0.0104723
0.268164 0.0181419 0.00705302
0.274406 0.0177831 0.00727464
0.266945 0.0162959 0.00794004
0.27376 0.0160395 0.00847011
0.268772 0.0159391 0.00829459
0.268271 0.0157134 0.00854706
0.278048 0.0147338 0.0103455
0.266726 0.0156363 0.00878544
0.262949 0.0183375 0.00715433
0.267032 0.0156268 0.00861772
0.26861 0.0183884 0.00702561
0.267299 0.0158615 0.00830398
0.267285 0.0189476 0.00695453
0.273747 0.0177958 0.00748933
0.273158 0.01799 0.00743324
0.261068 0.0179322 0.00743444
0.273501 0.0170538 0.00779516
0.273474 0.016183 0.00835484
0.268989 0.0188823 0.00696872
0.261169 0.0184358 0.00719496
0.267223 0.0163973 0.0078862
0.273827 0.0192543 0.00699038
0.274735 0.0166799 0.0077231
0.275 0.0180225 0.00725426
0.261916 0.0156259 0.00899933
0.273704 0.0188286 0.00730302
0.261919 0.0181466 0.00720091
0.280088 0.0180983 0.00702546
0.274479 0.01808 0.0072206
0.274271 0.0172025 0.00738066
0.279882 0.019335 0.00711499
0.2715 0.0148723 0.0128582
0.256312 0.0182386 0.00711354
0.274557 0.0187396 0.00709689
0.274928 0.0187959 0.00710209
0.268931 0.0163682 0.00792056
0.268941 0.0185882 0.00700327
0.26763 0.019327 0.00703968
0.266719 0.0164894 0.00782124
0.267831 0.0174876 0.0072566
0.272968 0.0175328 0.00726055
0.273382 0.0187707 0.00731527
0.273514 0.0174724 0.00729584
0.268865 0.0161182 0.0080726
0.255962 0.018697 0.00708963
0.259445 0.0152489 0.0130659
0.262565 0.0180229 0.00744977
0.274311 0.0189053 0.00705428
0.266975 0.015538 0.0089203
0.263084 0.0172537 0.0073658
0.272121 0.015006 0.010118
0.272001 0.0148381 0.0106969
0.271441 0.0152587 0.0131154
0.275253 0.0170035 0.00747375
0.261332 0.0190097 0.00714314
0.256144 0.0189468 0.00710353
0.274525 0.0183779 0.0071652
0.274178 0.0179723 0.00722829
0.280822 0.0174051 0.00731026
0.268452 0.0193316 0.00691362
0.274776 0.0185404 0.00714477
0.261234 0.0187275 0.00716906
0.279252 0.0188015 0.00710062
0.266739 0.0160412 0.00820551
0.274941 0.0177094 0.00731203
0.26666 0.0162721 0.00803083
0.257405 0.0169326 0.00758337
0.255569 0.0155876 0.00862272
0.261383 0.0169675 0.00758266
0.267722 0.0183286 0.00702931
0.273533 0.0187994 0.00705791
0.274118 0.0165269 0.00792657
0.269211 0.0164533 0.00783655
0.271233 0.0157081 0.0138651
0.262823 0.0159133 0.00871976
0.272781 0.016599 0.00799089
0.272488 0.015191 0.0098068
0.268778 0.0174329 0.0072857
0.267206 0.0155228 0.00916721
0.274856 0.0164141 0.00799363
0.274343 0.0180031 0.00747683
0.274431 0.0165883 0.00784042
0.262247 0.0172259 0.00735734
0.261624 0.0168461 0.00771697
0.272837 0.0169836 0.00753654
0.269075 0.016879 0.00759439
0.267787 0.0177833 0.00723154
0.257118 0.0165 0.00787767
0.257361 0.0182559 0.00718938
0.26203 0.0165461 0.00804027
0.267446 0.0154938 0.00934505
0.268415 0.0190196 0.00695442
0.274871 0.0168599 0.00752484
0.267304 0.0166734 0.00772519
0.269079 0.0176756 0.00713501
0.268399 0.0170046 0.00754893
0.262109 0.0167991 0.00778603
0.261235 0.0172182 0.00768616
0.255968 0.0184324 0.00737665
0.269587 0.0177519 0.00713507
0.267559 0.0157084 0.00879775
0.254737 0.0166748 0.00811642
0.267591 0.0179523 0.00707975
0.267268 0.0155911 0.00888157
0.267402 0.0195174 0.00699441
0.267511 0.0174613 0.00726529
0.260943 0.0171724 0.00774975
0.273287 0.0163494 0.00818921
0.272054 0.0150698 0.0105139
0.262502 0.0164906 0.00811762
0.261536 0.0201885 0.00709726
0.273725 0.0196391 0.00700944
0.266542 0.0152991 0.00958046
0.26684 0.0169968 0.00752484
0.267753 0.0162189 0.00800254
0.262217 0.017015 0.00757088
0.256843 0.0170469 0.00754239
0.273402 0.0182211 0.0071542
0.267495 0.017773 0.00730027
0.274047 0.0173961 0.00733364
0.273103 0.0168786 0.00762823
0.267249 0.0173135 0.00762645
0.262623 0.0175865 0.00723058
0.255487 0.0184971 0.00735035
0.263231 0.0168991 0.00773346
0.25396 0.0148278 0.0108731
0.262605 0.0167033 0.00790547
0.26931 0.0178648 0.00711063
0.267264 0.017615 0.00719229
0.263212 0.0184791 0.00712454
0.26876 0.0158452 0.00859231
0.267001 0.0158665 0.00834052
0.268115 0.0190224 0.00694885
0.274112 0.0176842 0.00728097
0.273971 0.0170971 0.00738797
0.267585 0.0172624 0.00767272
0.255761 0.0184747 0.00707729
0.266662 0.015566 0.00906999
0.267894 0.0167214 0.00770941
0.261422 0.0171766 0.00737126
0.27424 0.0169279 0.00749732
0.269038 0.0158577 0.00848064
0.272043 0.0147919 0.0104016
0.261283 0.0176612 0.00740166
0.262169 0.0188037 0.00714004
0.26242 0.0180832 0.00719406
0.26702 0.0170473 0.00782848
0.267026 0.0160764 0.00812765
0.267433 0.0171869 0.00742592
0.268516 0.0157253 0.00871983
0.268131 0.0165619 0.00780818
0.266074 0.0150125 0.0104006
0.249163 0.0183768 0.00707099
0.266908 0.0154537 0.0092002
0.269316 0.0175123 0.00721807
0.268032 0.0163174 0.00795039
0.2675 0.0165136 0.00788541
0.262398 0.0177853 0.00722167
0.267161 0.0183646 0.00702468
0.254816 0.0164329 0.00827494
0.267494 0.0156187 0.0090765
0.267369 0.0169315 0.00757451
0.267515 0.0187559 0.00697804
0.267126 0.0170807 0.00748142
0.266421 0.0155561 0.0088667
0.2627 0.0189378 0.00709791
0.26291 0.0177044 0.00721379
0.26057 0.0161138 0.00851807
0.267226 0.0186556 0.00698878
0.266592 0.0153825 0.00929675
0.260333 0.0147027 0.0102875
0.267835 0.0189138 0.00696061
0.267346 0.0192271 0.0070449
0.268878 0.0170773 0.00748439
0.267096 0.0180751 0.00706854
0.273164 0.0183991 0.00711556
0.273431 0.0196403 0.00706615
0.262132 0.0191275 0.0071052
0.263075 0.0166189 0.00801208
0.267188 0.0173342 0.00733336
0.26066 0.0147807 0.0101611
0.268195 0.0168152 0.00766059
0.262678 0.0178938 0.00720363
0.261404 0.0161321 0.00843454
0.269106 0.0160333 0.00824703
0.267669 0.0175751 0.0074936
0.267599 0.0181885 0.00726454
0.259536 0.0148219 0.0127099
0.260558 0.0152764 0.00955636
0.268522 0.0160685 0.00819121
0.262457 0.0160836 0.00853022
0.269455 0.0169202 0.0075577
0.2625 0.0170904 0.00750652
0.26092 0.0163573 0.00820858
0.267044 0.0175907 0.00750454
0.268013 0.0197332 0.00706741
0.269046 0.0180034 0.00708272
0.268623 0.0162832 0.00800771
0.256793 0.018068 0.00714776
0.268937 0.0166502 0.00773066
0.259823 0.0147061 0.0114114
0.268599 0.0196463 0.00703168
0.259407 0.0150227 0.0132592
0.268673 0.0168911 0.00759892
0.268559 0.0178456 0.00725939
0.261925 0.0169607 0.00761334
0.260664 0.0154477 0.00933441
0.274465 0.01955 0.0069538
0.267748 0.0196019 0.00701894
0.254623 0.0161382 0.00814713
0.248971 0.0175371 0.00727539
0.260398 0.0148838 0.0100573
0.25457 0.0156496 0.00901519
0.268024 0.017227 0.00741422
0.269548 0.0180462 0.00709027
0.26182 0.0166934 0.00788438
0.260028 0.0146995 0.0104233
0.260866 0.0152992 0.00950001
0.273615 0.0166136 0.00787064
0.268323 0.0172539 0.00740074
0.268484 0.0158316 0.00837111
0.259246 0.0156795 0.0138248
0.253526 0.014982 0.0127156
0.263118 0.0159565 0.00868868
0.266964 0.0175037 0.00722875
0.268738 0.0181185 0.00705797
0.266486 0.0157307 0.00863164
0.261898 0.0193151 0.00709614
0.267662 0.0169913 0.00754545
0.261847 0.0178451 0.00722781
0.26813 0.0174717 0.00727224
0.266778 0.0167433 0.00767288
0.255467 0.0198409 0.00707079
0.269226 0.0184959 0.00701551
0.261103 0.0170817 0.00745401
0.254381 0.0153812 0.00897242
0.267454 0.0162351 0.00798667
0.267391 0.0181734 0.00704969
0.263363 0.0166839 0.0079585
0.260091 0.0148249 0.0101582
0.260417 0.01573 0.00900747
0.268244 0.0159519 0.00823732
0.267005 0.0165736 0.00777822
0.26168 0.0183284 0.00719153
0.26305 0.0161597 0.00847873
0.256246 0.0184847 0.00727178
0.261544 0.017747 0.00724724
0.262783 0.0171663 0.00744164
0.262743 0.0177506 0.0074589
0.267726 0.0172449 0.00739808
0.268107 0.0156587 0.00879174
0.2498 0.018858 0.00705136
0.265867 0.0147591 0.011239
0.260725 0.0149617 0.00993093
0.266906 0.0172787 0.0076754
0.261986 0.017343 0.00726632
0.274016 0.0184509 0.00713271
0.269033 0.0194683 0.00696217
0.268054 0.0174884 0.00756201
0.263292 0.0164782 0.00816489
0.273229 0.0186884 0.00707036
0.267872 0.0180708 0.00706029
0.261311 0.0164827 0.00807334
0.262474 0.0158741 0.00874433
0.260781 0.0167728 0.0077545
0.268012 0.0184291 0.00701853
0.26172 0.0195563 0.00708159
0.267989 0.0160612 0.00810047
0.25508 0.0179883 0.00704033
0.262135 0.017928 0.00721392
0.259378 0.015354 0.0133388
0.261389 0.0156976 0.00895874
0.262428 0.0184567 0.0071627
0.26613 0.0150927 0.010117
0.255132 0.0158935 0.00831026
0.267867 0.0157282 0.00862533
0.261516 0.0163335 0.00823425
0.249641 0.0170148 0.00757288
0.261027 0.0158341 0.00882275
0.260686 0.0156348 0.00910083
0.249289 0.0185003 0.00731372
0.268152 0.0193345 0.00693658
0.26752 0.0159898 0.0081464
0.261633 0.0191778 0.00712183
0.260156 0.015006 0.00992803
0.262755 0.0161164 0.00850982
0.266484 0.0151799 0.00999649
0.268814 0.0178138 0.00710448
0.262939 0.0180392 0.00718515
0.26091 0.0173093 0.00748477
0.255901 0.0158668 0.00835215
0.263453 0.0176621 0.00720417
0.248109 0.014799 0.0100536
0.268052 0.0178337 0.00709919
0.267881 0.0192082 0.00692601
0.267455 0.0184644 0.00701582
0.255481 0.0162401 0.00810713
0.261616 0.0180365 0.00721748
0.262467 0.0187526 0.00713173
0.262985 0.0186752 0.00711358
0.255195 0.0184215 0.00730605
0.255863 0.0190487 0.00708551
0.254797 0.0168427 0.00772015
0.265938 0.0148437 0.01096
0.269274 0.01879 0.00698071
0.262909 0.0163421 0.00828671
0.25613 0.0175868 0.00723693
0.261832 0.0172283 0.00771212
0.266801 0.016876 0.00794104
0.257288 0.0167034 0.00773728
0.25746 0.018572 0.00719749
0.255272 0.0188742 0.00704997
0.260353 0.0155488 0.00923773
0.267031 0.0177856 0.00711259
0.254122 0.0148778 0.0100281
0.261311 0.0158831 0.00873606
0.262688 0.0169307 0.00767739
0.249035 0.017801 0.00714772
0.261603 0.0188804 0.00714737
0.261835 0.0201627 0.00710581
0.261362 0.019307 0.00711761
0.267832 0.0156544 0.00891404
0.268472 0.0173162 0.0076535
0.248601 0.0160952 0.00827368
0.261697 0.0172663 0.00729204
0.255324 0.0156994 0.0084342
0.267065 0.0168273 0.00762946
0.262108 0.018131 0.00743323
0.261242 0.0155401 0.00916729
0.263403 0.0173715 0.00725987
0.255144 0.0182814 0.00703697
0.259315 0.0155096 0.0135873
0.262095 0.0159897 0.0086177
0.260674 0.0152899 0.00983244
0.26862 0.0172124 0.00741392
0.262068 0.0199578 0.00701287
0.26139 0.0182338 0.00720644
0.260892 0.0151103 0.00973151
0.25527 0.0153394 0.00903182
0.248303 0.0151737 0.00926291
0.269172 0.0162219 0.00802347
0.261661 0.0170553 0.00750537
0.255409 0.0195466 0.00706451
0.256002 0.0165817 0.00788962
0.249518 0.0165098 0.00786899
0.259997 0.0149483 0.0107341
0.25957 0.0150774 0.0125059
0.262404 0.0168554 0.00774174
0.259471 0.0149053 0.0129907
0.254966 0.0156105 0.00853369
0.261204 0.0162844 0.00827136
0.25567 0.0187603 0.00706968
0.254186 0.0149778 0.00975263
0.254059 0.0148004 0.0103111
0.262797 0.0165346 0.00808573
0.260997 0.0165502 0.0079907
0.248724 0.0165524 0.0079053
0.267782 0.0186205 0.00699505
0.254561 0.0159396 0.00836419
0.261136 0.0153685 0.00938947
0.262303 0.0196862 0.00704668
0.255719 0.017285 0.00746206
0.25571 0.0160765 0.00821325
0.254357 0.0155642 0.00920897
0.25669 0.0172676 0.00740958
0.2622 0.0161852 0.00841539
0.261292 0.0179112 0.00723616
0.262231 0.0163985 0.00820684
0.261467 0.0174587 0.00727973
0.26178 0.0198759 0.00703705
0.259968 0.0146505 0.010713
0.261104 0.0181445 0.00722573
0.260286 0.0153681 0.0094677
0.262039 0.0185344 0.00716565
0.262658 0.0182646 0.00717316
0.261726 0.0161887 0.00839105
0.260879 0.0161634 0.00843363
0.25497 0.0153412 0.00905268
0.255612 0.0154434 0.0088823
0.256302 0.017371 0.00736556
0.262888 0.0167787 0.00784111
0.255752 0.0186361 0.00733001
0.260464 0.0150656 0.00982606
0.254156 0.0151861 0.0100786
0.253589 0.0148358 0.0124613
0.262276 0.0193881 0.00706781
0.262038 0.017383 0.00755901
0.254766 0.0150505 0.00987702
0.257169 0.017601 0.00717937
0.261723 0.0164909 0.00808301
0.260139 0.0151533 0.0101888
0.260221 0.0151871 0.0096979
0.255883 0.019348 0.00708588
0.260819 0.0159789 0.00866242
0.259503 0.0151454 0.0127903
0.249959 0.0183631 0.00703291
0.262195 0.0157899 0.00881791
0.254861 0.0171021 0.00756297
0.24913 0.0170991 0.00750229
0.255655 0.0178955 0.00709432
0.254446 0.0155199 0.00871453
0.262573 0.0194257 0.00704826
0.256604 0.0183025 0.0071348
0.267324 0.0156918 0.0086047
0.267885 0.0172402 0.00767925
0.268066 0.0187249 0.00698381
0.255437 0.018212 0.00727148
0.2619 0.0158265 0.00877683
0.262842 0.0173823 0.00724229
0.268177 0.0171692 0.00766567
0.260708 0.0164921 0.00804466
0.253889 0.0147959 0.0111629
0.261801 0.0180368 0.00745388
0.254904 0.0152206 0.00931926
0.261934 0.016345 0.00824092
0.256674 0.0162798 0.00804463
0.253822 0.0147165 0.0114442
0.261773 0.0175541 0.00725447
0.256585 0.0166623 0.00780418
0.26219 0.0182757 0.00718358
0.254551 0.0151113 0.00950256
0.257513 0.0171653 0.00742776
0.260066 0.0150414 0.0104575
0.257217 0.0171354 0.00746405
0.255093 0.0167666 0.00777448
0.262614 0.0201627 0.00716428
0.263191 0.0178083 0.00719831
0.261111 0.0168725 0.00766889
0.254912 0.0160676 0.00820505
0.254468 0.0158242 0.00879366
0.254616 0.0152354 0.00923748
0.249737 0.0185647 0.00704787
0.260666 0.0158237 0.00886867
0.25561 0.0157843 0.00838961
0.261601 0.0158213 0.00878613
0.256891 0.0183886 0.00715578
0.24911 0.0178037 0.00743821
0.255316 0.0177594 0.00717225
0.261898 0.0189326 0.00713586
0.262063 0.0176378 0.00723989
0.261424 0.0195994 0.0070916
0.256632 0.0186454 0.00713789
0.24895 0.0163842 0.00801701
0.263227 0.0180177 0.00741003
0.266847 0.0153699 0.00948182
0.262421 0.0190474 0.00709961
0.2596 0.0147909 0.0124187
0.249514 0.0187648 0.00706285
0.256853 0.0175371 0.00724002
0.249675 0.0182715 0.00706084
0.255764 0.0163287 0.00806023
0.255678 0.0176116 0.00752808
0.262992 0.0170203 0.00759955
0.254839 0.0158266 0.00836828
0.257546 0.0180198 0.00720201
0.254685 0.0163893 0.00799494
0.262549 0.0172987 0.00729645
0.262017 0.0195962 0.00705713
0.255154 0.0170192 0.00762494
0.260967 0.0175256 0.00728487
0.262737 0.0198284 0.00699344
0.259799 0.0149551 0.0115769
0.255035 0.015474 0.00879157
0.25973 0.014968 0.0118685
0.256929 0.0186861 0.00715944
0.248426 0.015491 0.00880464
0.255408 0.0168833 0.00771121
0.261773 0.0154043 0.00928687
0.255846 0.0170535 0.00760501
0.25364 0.015009 0.0122217
0.254251 0.0151047 0.00948868
0.261367 0.0152384 0.0095294
0.255407 0.0166275 0.00786789
0.254956 0.0170644 0.00784518
0.254353 0.0148539 0.0103417
0.249008 0.016614 0.00783319
0.261233 0.0167005 0.00788247
0.254484 0.015019 0.00978003
0.256593 0.0169148 0.00764165
0.262862 0.0191878 0.00706083
0.255075 0.0163157 0.00837186
0.249352 0.0192567 0.00708135
0.253719 0.0149742 0.0119255
0.2557 0.0189461 0.00731538
0.257651 0.0183313 0.00721054
0.249289 0.0189633 0.00707787
0.261532 0.0172123 0.00772625
0.262461 0.0176427 0.00747801
0.254924 0.0173531 0.00741087
0.253999 0.0147234 0.0105945
0.249578 0.0167507 0.00770077
0.261752 0.0186209 0.0071654
0.256038 0.0160887 0.00820402
0.254836 0.0151225 0.00959438
0.249417 0.0171887 0.00747382
0.24849 0.0156964 0.00859528
0.263205 0.0181808 0.00715926
0.255017 0.0177313 0.00718164
0.261473 0.0154103 0.00930679
0.257364 0.0174 0.00728564
0.261112 0.0160379 0.00857384
0.262462 0.0199402 0.00703297
0.259878 0.0149494 0.011245
0.254681 0.0153733 0.0089791
0.262705 0.0185704 0.00714
0.259891 0.01468 0.0111203
0.256729 0.0183428 0.00740445
0.261633 0.0155771 0.00908562
0.248243 0.0150759 0.00954012
0.249354 0.0169247 0.00760164
0.255335 0.0154777 0.00877362
0.249705 0.0172785 0.00744524
0.2491 0.0180835 0.00707038
0.254728 0.0158022 0.00864585
0.256557 0.0175028 0.00727856
0.255931 0.0177808 0.00712389
0.248907 0.0172733 0.00740307
0.25546 0.0174142 0.00738645
0.25547 0.0171451 0.00755248
0.254973 0.0163155 0.00804761
0.255151 0.0181248 0.00729779
0.255656 0.0181941 0.00706594
0.255208 0.018581 0.00705233
0.255564 0.0190408 0.00706531
0.25521 0.0172697 0.00746961
0.257173 0.0184889 0.00717646
0.254316 0.0152424 0.00923026
0.256205 0.0179563 0.00710494
0.256848 0.0167762 0.00771588
0.24914 0.0181335 0.00736349
0.256308 0.0168439 0.00770362
0.253407 0.0153022 0.0131933
0.254746 0.0155124 0.00872138
0.248843 0.0170118 0.00753555
0.256684 0.0177705 0.00715594
0.25708 0.0181541 0.00716873
0.25545 0.0187847 0.00727379
0.253476 0.0151935 0.0129224
0.254505 0.0156595 0.00845533
0.254546 0.016067 0.00863573
0.254417 0.014931 0.0100591
0.249636 0.0193527 0.00706999
0.255701 0.0168334 0.00774851
0.253359 0.0154477 0.0134512
0.256435 0.0171411 0.00750545
0.255706 0.0195896 0.00707401
0.255463 0.0184236 0.00706049
0.248842 0.0159242 0.00838629
0.257456 0.0176865 0.0071945
0.248784 0.0167824 0.00772024
0.262327 0.0174957 0.00725367
0.255849 0.0175058 0.00730516
0.255422 0.015982 0.00826365
0.255199 0.0161503 0.00815473
0.256343 0.0187226 0.00711722
0.248594 0.0159737 0.0085479
0.261465 0.0185364 0.0071794
0.255378 0.018024 0.00704535
0.249069 0.0168518 0.00766089
0.249194 0.0173629 0.00737462
0.256978 0.0178317 0.00716039
0.249547 0.0177159 0.00721877
0.256383 0.0163469 0.00801838
0.256038 0.0183604 0.00709408
0.24961 0.01798 0.00709092
0.250129 0.0179051 0.00715725
0.256009 0.0168344 0.00772816
0.254615 0.0162648 0.00842099
0.248665 0.0163231 0.00808973
0.255386 0.017703 0.00745833
0.256387 0.0177344 0.00719233
0.24945 0.0180614 0.00733122
0.261485 0.0198931 0.00708811
0.256109 0.0181513 0.00731675
0.254906 0.0165648 0.00789473
0.255589 0.0176436 0.00724325
0.256818 0.0164974 0.00789664
0.255191 0.0175246 0.00731274
0.24941 0.019551 0.00708509
0.243015 0.0177 0.00712643
0.249258 0.0176266 0.00724699
0.256436 0.0190123 0.00712484
0.260945 0.0155286 0.00920862
0.261239 0.0175171 0.00766111
0.248789 0.0156938 0.00857105
0.256301 0.0165925 0.00786727
0.257265 0.0179173 0.00718138
0.249386 0.0181767 0.00705599
0.255255 0.0164053 0.00800002
0.249226 0.01867 0.00707441
0.249292 0.0166765 0.00775841
0.255701 0.016578 0.00790587
0.256985 0.0173018 0.00737055
0.249324 0.0178901 0.00711957
0.249577 0.0190582 0.00706634
0.249482 0.0174524 0.00734618
0.249451 0.0184715 0.00706281
0.254293 0.0147764 0.0106252
0.249234 0.0164467 0.00794323
0.248367 0.0154078 0.00908653
0.2565 0.0180057 0.00712641
0.249771 0.017542 0.00731783
0.256151 0.0170638 0.00757152
0.255843 0.0156144 0.00850347
0.249897 0.01807 0.00706219
0.248173 0.0149202 0.00978699
0.257101 0.0169056 0.00761822
0.256084 0.0163391 0.00804548
0.253751 0.0147453 0.0117343
0.256165 0.0192461 0.00710592
0.255932 0.0180786 0.00708557
0.249834 0.017806 0.00719007
0.25498 0.0176352 0.00749577
0.25602 0.0172942 0.00743115
0.248889 0.0161554 0.00820125

VERTICES 885 1770
1 0
1 1
1 2
1 3
1 4
1 5
1 6
1 7
1 8
1 9
1 10
1 11
1 12
1 13
1 14
1 15
1 16
1 17
1 18
1 19
1 20
1 21
1 22
1 23
1 24
1 25
1 26
1 27
1 28
1 29
1 30
1 31
1 32
1 33
1 34
1 35
1 36
1 37
1 38
1 39
1 40
1 41
1 42
1 43
1 44
1 45
1 46
1 47
1 48
1 49
1 50
1 51
1 52
1 53
1 54
1 55
1 56
1 57
1 58
1 59
1 60
1 61
1 62
1 63
1 64
1 65
1 66
1 67
1 68
1 69
1 70
1 71
1 72
1 73
1 74
1 75
1 76
1 77
1 78
1 79
1 80
1 81
1 82
1 83
1 84
1 85
1 86
1 87
1 88
1 89
1 90
1 91
1 92
1 93
1 94
1 95
1 96
1 97
1 98
1 99
1 100
1 101
1 102
1 103
1 104
1 105
1 106
1 107
1 108
1 109
1 110
1 111
1 112
1 113
1 114
1 115
1 116
1 117
1 118
1 119
1 120
1 121
1 122
1 123
1 124
1 125
1 126
1 127
1 128
1 129
1 130
1 131
1 132
1 133
1 134
1 135
1 136
1 137
1 138
1 139
1 140
1 141
1 142
1 143
1 144
1 145
1 146
1 147
1 148
1 149
1 150
1 151
1 152
1 153
1 154
1 155
1 156
1 157
1 158
1 159
1 160
1 161
1 162
1 163
1 164
1 165
1 166
1 167
1 168
1 169
1 170
1 171
1 172
1 173
1 174
1 175
1 176
1 177
1 178
1 179
1 180
1 181
1 182
1 183
1 184
1 185
1 186
1 187
1 188
1 189
1 190
1 191
1 192
1 193
1 194
1 195
1 196
1 197
1 198
1 199
1 200
1 201
1 202
1 203
1 204
1 205
1 206
1 207
1 208
1 209
1 210
1 211
1 212
1 213
1 214
1 215
1 216
1 217
1 218
1 219
1 220
1 221
1 222
1 223
1 224
1 225
1 226
1 227
1 228
1 229
1 230
1 231
1 232
1 233
1 234
1 235
1 236
1 237
1 238
1 239
1 240
1 241
1 242
1 243
1 244
1 245
1 246
1 247
1 248
1 249
1 250
1 251
1 252
1 253
1 254
1 255
1 256
1 257
1 258
1 259
1 260
1 261
1 262
1 263
1 264
1 265
1 266
1 267
1 268
1 269
1 270
1 271
1 272
1 273
1 274
1 275
1 276
1 277
1 278
1 279
1 280
1 281
1 282
1 283
1 284
1 285
1 286
1 287
1 288
1 289
1 290
1 291
1 292
1 293
1 294
1 295
1 296
1 297
1 298
1 299
1 300
1 301
1 302
1 303
1 304
1 305
1 306
1 307
1 308
1 309
1 310
1 311
1 312
1 313
1 314
1 315
1 316
1 317
1 318
1 319
1 320
1 321
1 322
1 323
1 324
1 325
1 326
1 327
1 328
1 329
1 330
1 331
1 332
1 333
1 334
1 335
1 336
1 337
1 338
1 339
1 340
1 341
1 342
1 343
1 344
1 345
1 346
1 347
1 348
1 349
1 350
1 351
1 352
1 353
1 354
1 355
1 356
1 357
1 358
1 359
1 360
1 361
1 362
1 363
1 364
1 365
1 366
1 367
1 368
1 369
1 370
1 371
1 372
1 373
1 374
1 375
1 376
1 377
1 378
1 379
1 380
1 381
1 382
1 383
1 384
1 385
1 386
1 387
1 388
1 389
1 390
1 391
1 392
1 393
1 394
1 395
1 396
1 397
1 398
1 399
1 400
1 401
1 402
1 403
1 404
1 405
1 406
1 407
1 408
1 409
1 410
1 411
1 412
1 413
1 414
1 415
1 416
1 417
1 418
1 419
1 420
1 421
1 422
1 423
1 424
1 425
1 426
1 427
1 428
1 429
1 430
1 431
1 432
1 433
1 434
1 435
1 436
1 437
1 438
1 439
1 440
1 441
1 442
1 443
1 444
1 445
1 446
1 447
1 448
1 449
1 450
1 451
1 452
1 453
1 454
1 455
1 456
1 457
1 458
1 459
1 460
1 461
1 462
1 463
1 464
1 465
1 466
1 467
1 468
1 469
1 470
1 471
1 472
1 473
1 474
1 475
1 476
1 477
1 478
1 479
1 480
1 481
1 482
1 483
1 484
1 485
1 486
1 487
1 488
1 489
1 490
1 491
1 492
1 493
1 494
1 495
1 496
1 497
1 498
1 499
1 500
1 501
1 502
1 503
1 504
1 505
1 506
1 507
1 508
1 509
1 510
1 511
1 512
1 513
1 514
1 515
1 516
1 517
1 518
1 519
1 520
1 521
1 522
1 523
1 524
1 525
1 526
1 527
1 528
1 529
1 530
1 531
1 532
1 533
1 534
1 535
1 536
1 537
1 538
1 539
1 540
1 541
1 542
1 543
1 544
1 545
1 546
1 547
1 548
1 549
1 550
1 551
1 552
1 553
1 554
1 555
1 556
1 557
1 558
1 559
1 560
1 561
1 562
1 563
1 564
1 565
1 566
1 567
1 568
1 569
1 570
1 571
1 572
1 573
1 574
1 575
1 576
1 577
1 578
1 579
1 580
1 581
1 582
1 583
1 584
1 585
1 586
1 587
1 588
1 589
1 590
1 591
1 592
1 593
1 594
1 595
1 596
1 597
1 598
1 599
1 600
1 601
1 602
1 603
1 604
1 605
1 606
1 607
1 608
1 609
1 610
1 611
1 612
1 613
1 614
1 615
1 616
1 617
1 618
1 619
1 620
1 621
1 622
1 623
1 624
1 625
1 626
1 627
1 628
1 629
1 630
1 631
1 632
1 633
1 634
1 635
1 636
1 637
1 638
1 639
1 640
1 641
1 642
1 643
1 644
1 645
1 646
1 647
1 648
1 649
1 650
1 651
1 652
1 653
1 654
1 655
1 656
1 657
1 658
1 659
1 660
1 661
1 662
1 663
1 664
1 665
1 666
1 667
1 668
1 669
1 670
1 671
1 672
1 673
1 674
1 675
1 676
1 677
1 678
1 679
1 680
1 681
1 682
1 683
1 684
1 685
1 686
1 687
1 688
1 689
1 690
1 691
1 692
1 693
1 694
1 695
1 696
1 697
1 698
1 699
1 700
1 701
1 702
1 703
1 704
1 705
1 706
1 707
1 708
1 709
1 710
1 711
1 712
1 713
1 714
1 715
1 716
1 717
1 718
1 719
1 720
1 721
1 722
1 723
1 724
1 725
1 726
1 727
1 728
1 729
1 730
1 731
1 732
1 733
1 734
1 735
1 736
1 737
1 738
1 739
1 740
1 741
1 742
1 743
1 744
1 745
1 746
1 747
1 748
1 749
1 750
1 751
1 752
1 753
1 754
1 755
1 756
1 757
1 758
1 759
1 760
1 761
1 762
1 763
1 764
1 765
1 766
1 767
1 768
1 769
1 770
1 771
1 772
1 773
1 774
1 775
1 776
1 777
1 778
1 779
1 780
1 781
1 782
1 783
1 784
1 785
1 786
1 787
1 788
1 789
1 790
1 791
1 792
1 793
1 794
1 795
1 796
1 797
1 798
1 799
1 800
1 801
1 802
1 803
1 804
1 805
1 806
1 807
1 808
1 809
1 810
1 811
1 812
1 813
1 814
1 815
1 816
1 817
1 818
1 819
1 820
1 821
1 822
1 823
1 824
1 825
1 826
1 827
1 828
1 829
1 830
1 831
1 832
1 833
1 834
1 835
1 836
1 837
1 838
1 839
1 840
1 841
1 842
1 843
1 844
1 845
1 846
1 847
1 848
1 849
1 850
1 851
1 852
1 853
1 854
1 855
1 856
1 857
1 858
1 859
1 860
1 861
1 862
1 863
1 864
1 865
1 866
1 867
1 868
1 869
1 870
1 871
1 872
1 873
1 874
1 875
1 876
1 877
1 878
1 879
1 880
1 881
1 882
1 883
1 884

POINT_DATA 885
SCALARS id int 1
LOOKUP_TABLE default
1
2
3
4
5
6
7
8
9
10
11
12
13
14
15
16
17
18
19
20
21
22
23
24
25
26
27
28
29
30
31
32
33
34
35
36
37
39
40
41
42
43
44
45
46
47
48
49
50
51
52
53
54
56
57
58
59
60
61
62
63
64
65
67
68
69
70
71
72
73
74
75
76
77
78
79
80
81
82
83
84
85
86
87
88
89
90
91
92
93
94
95
96
97
98
99
100
101
102
103
104
105
106
107
108
109
110
111
112
113
114
115
116
117
118
119
120
121
122
123
124
125
126
127
129
130
131
132
133
134
135
136
137
138
139
140
141
142
143
144
145
146
147
148
149
150
151
153
154
155
156
157
158
159
160
161
162
163
164
165
166
167
168
169
170
171
172
173
174
175
176
177
178
179
180
181
182
183
184
185
186
187
188
189
190
191
192
193
194
195
196
197
198
199
200
201
202
203
204
205
206
207
208
209
210
211
212
213
214
215
217
218
219
220
221
222
223
224
225
226
227
228
229
230
231
232
233
234
235
236
237
238
239
240
241
242
243
244
245
246
247
248
249
250
251
252
253
254
255
256
257
258
259
260
261
262
263
264
265
266
267
268
269
270
271
273
274
275
276
277
278
279
280
281
282
283
284
285
286
287
288
289
290
291
292
293
294
295
296
297
298
299
300
301
302
303
304
305
306
307
308
309
310
311
312
313
314
315
316
317
318
319
320
321
322
323
324
325
326
327
328
329
330
331
332
333
334
335
336
337
338
339
340
341
342
343
344
345
346
347
348
349
350
351
352
353
354
355
356
357
358
359
360
361
362
363
364
365
366
367
368
369
370
371
372
373
374
375
376
377
378
379
380
381
382
383
384
385
386
387
388
389
390
391
392
393
394
395
396
397
398
399
400
401
402
403
404
405
406
407
408
409
410
411
412
413
414
415
416
417
418
419
420
421
422
423
424
425
426
427
428
429
430
431
432
433
434
435
436
437
438
439
440
441
442
443
444
445
446
447
448
449
450
451
452
453
454
455
456
457
458
459
460
461
462
463
464
465
466
467
468
469
470
471
472
473
474
475
476
477
478
479
480
481
482
483
484
485
486
487
488
489
490
491
492
493
494
495
496
497
498
499
500
501
502
503
504
505
506
507
508
509
510
511
512
513
514
515
516
517
518
519
520
521
522
523
524
525
526
527
528
529
530
531
532
533
534
535
536
537
538
539
540
541
542
543
544
545
546
547
548
549
550
551
552
553
554
555
556
557
558
559
560
561
562
563
564
565
566
567
568
569
570
571
572
573
574
575
576
577
579
580
581
582
583
584
585
586
587
588
589
590
591
592
593
594
595
596
597
598
599
600
601
602
603
605
606
607
608
609
610
611
612
613
614
615
616
617
618
619
620
621
622
623
624
625
626
627
628
629
630
631
632
633
634
635
636
637
638
640
641
642
643
644
645
646
647
648
649
650
651
652
653
654
655
656
659
660
661
662
663
664
665
666
667
668
669
670
671
672
673
674
675
676
677
678
679
680
681
682
683
684
685
686
687
688
690
691
692
693
694
695
696
697
698
699
700
701
702
703
704
705
706
707
708
709
710
711
712
713
714
715
716
717
718
719
720
721
722
723
724
725
726
727
728
729
730
731
732
733
734
735
736
737
738
739
740
741
742
743
744
745
746
747
748
749
750
751
752
753
754
755
756
757
758
759
760
761
762
764
765
766
767
768
769
770
771
772
773
774
775
776
777
778
779
780
781
782
783
784
785
786
787
788
789
791
792
793
794
795
796
797
798
799
800
801
802
803
804
805
806
807
808
809
810
811
812
813
814
815
816
817
818
819
820
821
822
823
824
825
826
827
828
829
830
831
832
833
834
835
836
837
838
839
840
841
842
843
844
845
846
847
848
849
850
851
852
853
854
855
856
857
858
859
860
861
862
863
864
865
866
867
868
869
870
871
872
873
874
875
876
877
878
879
880
881
882
883
884
885
886
887
888
889
890
891
892
893
894
895
896
897
898
899
900

SCALARS type int 1
LOOKUP_TABLE default
1
1
1
1
1
1
1
1
1
1
1
1
1
1
1
1
1
1
1
1
1
1
1
1
1
1
1
1
1
1
1
1
1
1
1
1
1
1
1
1
1
1
1
1
1
1
1
1
1
1
1
1
1
1
1
1
1
1
1
1
1
1
1
1
1
1
1
1
1
1
1
1
1
1
1
1
1
1
1
1
1
1
1
1
1
1
1
1
1
1
1
1
1
1
1
1
1
1
1
1
1
1
1
1
1
1
1
1
1
1
1
1
1
1
1
1
1
1
1
1
1
1
1
1
1
1
1
1
1
1
1
1
1
1
1
1
1
1
1
1
1
1
1
1
1
1
1
1
1
1
1
1
1
1
1
1
1
1
1
1
1
1
1
1
1
1
1
1
1
1
1
1
1
1
1
1
1
1
1
1
1
1
1
1
1
1
1
1
1
1
1
1
1
1
1
1
1
1
1
1
1
1
1
1
1
1
1
1
1
1
1
1
1
1
1
1
1
1
1
1
1
1
1
1
1
1
1
1
1
1
1
1
1
1
1
1
1
1
1
1
1
1
1
1
1
1
1
1
1
1
1
1
1
1
1
1
1
1
1
1
1
1
1
1
1
1
1
1
1
1
1
1
1
1
1
1
1
1
1
1
1
1
1
1
1
1
1
1
1
1
1
1
1
1
1
1
1
1
1
1
1
1
1
1
1
1
1
1
1
1
1
1
1
1
1
1
1
1
1
1
1
1
1
1
1
1
1
1
1
1
1
1
1
1
1
1
1
1
1
1
1
1
1
1
1
1
1
1
1
1
1
1
1
1
1
1
1
1
1
1
1
1
1
1
1
1
1
1
1
1
1
1
1
1
1
1
1
1
1
1
1
1
1
1
1
1
1
1
1
1
1
1
1
1
1
1
1
1
1
1
1
1
1
1
1
1
1
1
1
1
1
1
1
1
1
1
1
1
1
1
1
1
1
1
1
1
1
1
1
1
1
1
1
1
1
1
1
1
1
1
1
1
1
1
1
1
1
1
1
1
1
1
1
1
1
1
1
1
1
1
1
1
1
1
1
1
1
1
1
1
1
1
1
1
1
1
1
1
1
1
1
1
1
1
1
1
1
1
1
1
1
1
1
1
1
1
1
1
1
1
1
1
1
1
1
1
1
1
1
1
1
1
1
1
1
1
1
1
1
1
1
1
1
1
1
1
1
1
1
1
1
1
1
1
1
1
1
1
1
1
1
1
1
1
1
1
1
1
1
1
1
1
1
1
1
1
1
1
1
1
1
1
1
1
1
1
1
1
1
1
1
1
1
1
1
1
1
1
1
1
1
1
1
1
1
1
1
1
1
1
1
1
1
1
1
1
1
1
1
1
1
1
1
1
1
1
1
1
1
1
1
1
1
1
1
1
1
1
1
1
1
1
1
1
1
1
1
1
1
1
1
1
1
1
1
1
1
1
1
1
1
1
1
1
1
1
1
1
1
1
1
1
1
1
1
1
1
1
1
1
1
1
1
1
1
1
1
1
1
1
1
1
1
1
1
1
1
1
1
1
1
1
1
1
1
1
1
1
1
1
1
1
1
1
1
1
1
1
1
1
1
1
1
1
1
1
1
1
1
1
1
1
1
1
1
1
1
1
1
1
1
1
1
1
1
1
1
1
1
1
1
1
1
1
1
1
1
1
1
1
1
1
1
1
1
1
1
1
1
1
1
1
1
1
1
1
1
1
1
1
1
1
1
1
1
1
1
1
1
1
1
1
1
1
1
1
1
1
1
1
1
1
1
1
1
1
1
1
1
1
1
1
1
1
1
1
1
1
1
1
1
1
1
1
1
1
1
1
1
1
1
1
1
1
1
1
1
1
1
1
1
1
1
1
1
1
1
1
1
1
1
1
1
1
1
1
1
1
1
1
1
1
1
1
1
1
1
1
1
1
1
1
1
1
1
1
1
1
1
1
1
1
1
1
1
1
1
1
1
1
1
1
1
1
1
1
1
1
1
1
1
1
1
1
1

SCALARS radius float 1
LOOKUP_TABLE default
0.00015
0.00015
0.00015
0.00015
0.00015
0.00015
0.00015
0.00015
0.00015
0.00015
0.00015
0.00015
0.00015
0.00015
0.00015
0.00015
0.00015
0.00015
0.00015
0.00015
0.00015
0.00015
0.00015
0.00015
0.00015
0.00015
0.00015
0.00015
0.00015
0.00015
0.00015
0.00015
0.00015
0.00015
0.00015
0.00015
0.00015
0.00015
0.00015
0.00015
0.00015
0.00015
0.00015
0.00015
0.00015
0.00015
0.00015
0.00015
0.00015
0.00015
0.00015
0.00015
0.00015
0.00015
0.00015
0.00015
0.00015
0.00015
0.00015
0.00015
0.00015
0.00015
0.00015
0.00015
0.00015
0.00015
0.00015
0.00015
0.00015
0.00015
0.00015
0.00015
0.00015
0.00015
0.00015
0.00015
0.00015
0.00015
0.00015
0.00015
0.00015
0.00015
0.00015
0.00015
0.00015
0.00015
0.00015
0.00015
0.00015
0.00015
0.00015
0.00015
0.00015
0.00015
0.00015
0.00015
0.00015
0.00015
0.00015
0.00015
0.00015
0.00015
0.00015
0.00015
0.00015
0.00015
0.00015
0.00015
0.00015
0.00015
0.00015
0.00015
0.00015
0.00015
0.00015
0.00015
0.00015
0.00015
0.00015
0.00015
0.00015
0.00015
0.00015
0.00015
0.00015
0.00015
0.00015
0.00015
0.00015
0.00015
0.00015
0.00015
0.00015
0.00015
0.00015
0.00015
0.00015
0.00015
0.00015
0.00015
0.00015
0.00015
0.00015
0.00015
0.00015
0.00015
0.00015
0.00015
0.00015
0.00015
0.00015
0.00015
0.00015
0.00015
0.00015
0.00015
0.00015
0.00015
0.00015
0.00015
0.00015
0.00015
0.00015
0.00015
0.00015
0.00015
0.00015
0.00015
0.00015
0.00015
0.00015
0.00015
0.00015
0.00015
0.00015
0.00015
0.00015
0.00015
0.00015
0.00015
0.00015
0.00015
0.00015
0.00015
0.00015
0.00015
0.00015
0.00015
0.00015
0.00015
0.00015
0.00015
0.00015
0.00015
0.00015
0.00015
0.00015
0.00015
0.00015
0.00015
0.00015
0.00015
0.00015
0.00015
0.00015
0.00015
0.00015
0.00015
0.00015
0.00015
0.00015
0.00015
0.00015
0.00015
0.00015
0.00015
0.00015
0.00015
0.00015
0.00015
0.00015
0.00015
0.00015
0.00015
0.00015
0.00015
0.00015
0.00015
0.00015
0.00015
0.00015
0.00015
0.00015
0.00015
0.00015
0.00015
0.00015
0.00015
0.00015
0.00015
0.00015
0.00015
0.00015
0.00015
0.00015
0.00015
0.00015
0.00015
0.00015
0.00015
0.00015
0.00015
0.00015
0.00015
0.00015
0.00015
0.00015
0.00015
0.00015
0.00015
0.00015
0.00015
0.00015
0.00015
0.00015
0.00015
0.00015
0.00015
0.00015
0.00015
0.00015
0.00015
0.00015
0.00015
0.00015
0.00015
0.00015
0.00015
0.00015
0.00015
0.00015
0.00015
0.00015
0.00015
0.00015
0.00015
0.00015
0.00015
0.00015
0.00015
0.00015
0.00015
0.00015
0.00015
0.00015
0.00015
0.00015
0.00015
0.00015
0.00015
0.00015
0.00015
0.00015
0.00015
0.00015
0.00015
0.00015
0.00015
0.00015
0.00015
0.00015
0.00015
0.00015
0.00015
0.00015
0.00015
0.00015
0.00015
0.00015
0.00015
0.00015
0.00015
0.00015
0.00015
0.00015
0.00015
0.00015
0.00015
0.00015
0.00015
0.00015
0.00015
0.00015
0.00015
0.00015
0.00015
0.00015
0.00015
0.00015
0.00015
0.00015
0.00015
0.00015
0.00015
0.00015
0.00015
0.00015
0.00015
0.00015
0.00015
0.00015
0.00015
0.00015
0.00015
0.00015
0.00015
0.00015
0.00015
0.00015
0.00015
0.00015
0.00015
0.00015
0.00015
0.00015
0.00015
0.00015
0.00015
0.00015
0.00015
0.00015
0.00015
0.00015
0.00015
0.00015
0.00015
0.00015
0.00015
0.00015
0.00015
0.00015
0.00015
0.00015
0.00015
0.00015
0.00015
0.00015
0.00015
0.00015
0.00015
0.00015
0.00015
0.00015
0.00015
0.00015
0.00015
0.00015
0.00015
0.00015
0.00015
0.00015
0.00015
0.00015
0.00015
0.00015
0.00015
0.00015
0.00015
0.00015
0.00015
0.00015
0.00015
0.00015
0.00015
0.00015
0.00015
0.00015
0.00015
0.00015
0.00015
0.00015
0.00015
0.00015
0.00015
0.00015
0.00015
0.00015
0.00015
0.00015
0.00015
0.00015
0.00015
0.00015
0.00015
0.00015
0.00015
0.00015
0.00015
0.00015
0.00015
0.00015
0.00015
0.00015
0.00015
0.00015
0.00015
0.00015
0.00015
0.00015
0.00015
0.00015
0.00015
0.00015
0.00015
0.00015
0.00015
0.00015
0.00015
0.00015
0.00015
0.00015
0.00015
0.00015
0.00015
0.00015
0.00015
0.00015
0.00015
0.00015
0.00015
0.00015
0.00015
0.00015
0.00015
0.00015
0.00015
0.00015
0.00015
0.00015
0.00015
0.00015
0.00015
0.00015
0.00015
0.00015
0.00015
0.00015
0.00015
0.00015
0.00015
0.00015
0.00015
0.00015
0.00015
0.00015
0.00015
0.00015
0.00015
0.00015
0.00015
0.00015
0.00015
0.00015
0.00015
0.00015
0.00015
0.00015
0.00015
0.00015
0.00015
0.00015
0.00015
0.00015
0.00015
0.00015
0.00015
0.00015
0.00015
0.00015
0.00015
0.00015
0.00015
0.00015
0.00015
0.00015
0.00015
0.00015
0.00015
0.00015
0.00015
0.00015
0.00015
0.00015
0.00015
0.00015
0.00015
0.00015
0.00015
0.00015
0.00015
0.00015
0.00015
0.00015
0.00015
0.00015
0.00015
0.00015
0.00015
0.00015
0.00015
0.00015
0.00015
0.00015
0.00015
0.00015
0.00015
0.00015
0.00015
0.00015
0.00015
0.00015
0.00015
0.00015
0.00015
0.00015
0.00015
0.00015
0.00015
0.00015
0.00015
0.00015
0.00015
0.00015
0.00015
0.00015
0.00015
0.00015
0.00015
0.00015
0.00015
0.00015
0.00015
0.00015
0.00015
0.00015
0.00015
0.00015
0.00015
0.00015
0.00015
0.00015
0.00015
0.00015
0.00015
0.00015
0.00015
0.00015
0.00015
0.00015
0.00015
0.00015
0.00015
0.00015
0.00015
0.00015
0.00015
0.00015
0.00015
0.00015
0.00015
0.00015
0.00015
0.00015
0.00015
0.00015
0.00015
0.00015
0.00015
0.00015
0.00015
0.00015
0.00015
0.00015
0.00015
0.00015
0.00015
0.00015
0.00015
0.00015
0.00015
0.00015
0.00015
0.00015
0.00015
0.00015
0.00015
0.00015
0.00015
0.00015
0.00015
0.00015
0.00015
0.00015
0.00015
0.00015
0.00015
0.00015
0.00015
0.00015
0.00015
0.00015
0.00015
0.00015
0.00015
0.00015
0.00015
0.00015
0.00015
0.00015
0.00015
0.00015
0.00015
0.00015
0.00015
0.00015
0.00015
0.00015
0.00015
0.00015
0.00015
0.00015
0.00015
0.00015
0.00015
0.00015
0.00015
0.00015
0.00015
0.00015
0.00015
0.00015
0.00015
0.00015
0.00015
0.00015
0.00015
0.00015
0.00015
0.00015
0.00015
0.00015
0.00015
0.00015
0.00015
0.00015
0.00015
0.00015
0.00015
0.00015
0.00015
0.00015
0.00015
0.00015
0.00015
0.00015
0.00015
0.00015
0.00015
0.00015
0.00015
0.00015
0.00015
0.00015
0.00015
0.00015
0.00015
0.00015
0.00015
0.00015
0.00015
0.00015
0.00015
0.00015
0.00015
0.00015
0.00015
0.00015
0.00015
0.00015
0.00015
0.00015
0.00015
0.00015
0.00015
0.00015
0.00015
0.00015
0.00015
0.00015
0.00015
0.00015
0.00015
0.00015
0.00015
0.00015
0.00015
0.00015
0.00015
0.00015
0.00015
0.00015
0.00015
0.00015
0.00015
0.00015
0.00015
0.00015
0.00015
0.00015
0.00015
0.00015
0.00015
0.00015
0.00015
0.00015
0.00015
0.00015
0.00015
0.00015
0.00015
0.00015
0.00015
0.00015
0.00015
0.00015
0.00015
0.00015
0.00015
0.00015
0.00015
0.00015
0.00015
0.00015
0.00015
0.00015
0.00015
0.00015
0.00015
0.00015
0.00015
0.00015
0.00015
0.00015
0.00015
0.00015
0.00015
0.00015
0.00015
0.00015
0.00015
0.00015
0.00015
0.00015
0.00015
0.00015
0.00015
0.00015
0.00015
0.00015
0.00015
0.00015
0.00015
0.00015
0.00015
0.00015
0.00015
0.00015
0.00015
0.00015
0.00015
0.00015
0.00015
0.00015
0.00015
0.00015
0.00015
0.00015
0.00015
0.00015
0.00015
0.00015
0.00015
0.00015
0.00015
0.00015
0.00015
0.00015
0.00015
0.00015
0.00015
0.00015
0.00015
0.00015
0.00015
0.00015
0.00015
0.00015
0.00015
0.00015
0.00015
0.00015
0.00015
0.00015
0.00015
0.00015
0.00015
0.00015
0.00015
0.00015
0.00015
0.00015
0.00015
0.00015
0.00015
0.00015
0.00015
0.00015
0.00015
0.00015
0.00015
0.00015
0.00015
0.00015
0.00015
0.00015
0.00015
0.00015
0.00015
0.00015
0.00015
0.00015
0.00015
0.00015
0.00015
0.00015

SCALARS mass float 1
LOOKUP_TABLE default
3.95841e-09
3.95841e-09
3.95841e-09
3.95841e-09
3.95841e-09
3.95841e-09
3.95841e-09
3.95841e-09
3.95841e-09
3.95841e-09
3.95841e-09
3.95841e-09
3.95841e-09
3.95841e-09
3.95841e-09
3.95841e-09
3.95841e-09
3.95841e-09
3.95841e-09
3.95841e-09
3.95841e-09
3.95841e-09
3.95841e-09
3.95841e-09
3.95841e-09
3.95841e-09
3.95841e-09
3.95841e-09
3.95841e-09
3.95841e-09
3.95841e-09
3.95841e-09
3.95841e-09
3.95841e-09
3.95841e-09
3.95841e-09
3.95841e-09
3.95841e-09
3.95841e-09
3.95841e-09
3.95841e-09
3.95841e-09
3.95841e-09
3.95841e-09
3.95841e-09
3.95841e-09
3.95841e-09
3.95841e-09
3.95841e-09
3.95841e-09
3.95841e-09
3.95841e-09
3.95841e-09
3.95841e-09
3.95841e-09
3.95841e-09
3.95841e-09
3.95841e-09
3.95841e-09
3.95841e-09
3.95841e-09
3.95841e-09
3.95841e-09
3.95841e-09
3.95841e-09
3.95841e-09
3.95841e-09
3.95841e-09
3.95841e-09
3.95841e-09
3.95841e-09
3.95841e-09
3.95841e-09
3.95841e-09
3.95841e-09
3.95841e-09
3.95841e-09
3.95841e-09
3.95841e-09
3.95841e-09
3.95841e-09
3.95841e-09
3.95841e-09
3.95841e-09
3.95841e-09
3.95841e-09
3.95841e-09
3.95841e-09
3.95841e-09
3.95841e-09
3.95841e-09
3.95841e-09
3.95841e-09
3.95841e-09
3.95841e-09
3.95841e-09
3.95841e-09
3.95841e-09
3.95841e-09
3.95841e-09
3.95841e-09
3.95841e-09
3.95841e-09
3.95841e-09
3.95841e-09
3.95841e-09
3.95841e-09
3.95841e-09
3.95841e-09
3.95841e-09
3.95841e-09
3.95841e-09
3.95841e-09
3.95841e-09
3.95841e-09
3.95841e-09
3.95841e-09
3.95841e-09
3.95841e-09
3.95841e-09
3.95841e-09
3.95841e-09
3.95841e-09
3.95841e-09
3.95841e-09
3.95841e-09
3.95841e-09
3.95841e-09
3.95841e-09
3.95841e-09
3.95841e-09
3.95841e-09
3.95841e-09
3.95841e-09
3.95841e-09
3.95841e-09
3.95841e-09
3.95841e-09
3.95841e-09
3.95841e-09
3.95841e-09
3.95841e-09
3.95841e-09
3.95841e-09
3.95841e-09
3.95841e-09
3.95841e-09
3.95841e-09
3.95841e-09
3.95841e-09
3.95841e-09
3.95841e-09
3.95841e-09
3.95841e-09
3.95841e-09
3.95841e-09
3.95841e-09
3.95841e-09
3.95841e-09
3.95841e-09
3.95841e-09
3.95841e-09
3.95841e-09
3.95841e-09
3.95841e-09
3.95841e-09
3.95841e-09
3.95841e-09
3.95841e-09
3.95841e-09
3.95841e-09
3.95841e-09
3.95841e-09
3.95841e-09
3.95841e-09
3.95841e-09
3.95841e-09
3.95841e-09
3.95841e-09
3.95841e-09
3.95841e-09
3.95841e-09
3.95841e-09
3.95841e-09
3.95841e-09
3.95841e-09
3.95841e-09
3.95841e-09
3.95841e-09
3.95841e-09
3.95841e-09
3.95841e-09
3.95841e-09
3.95841e-09
3.95841e-09
3.95841e-09
3.95841e-09
3.95841e-09
3.95841e-09
3.95841e-09
3.95841e-09
3.95841e-09
3.95841e-09
3.95841e-09
3.95841e-09
3.95841e-09
3.95841e-09
3.95841e-09
3.95841e-09
3.95841e-09
3.95841e-09
3.95841e-09
3.95841e-09
3.95841e-09
3.95841e-09
3.95841e-09
3.95841e-09
3.95841e-09
3.95841e-09
3.95841e-09
3.95841e-09
3.95841e-09
3.95841e-09
3.95841e-09
3.95841e-09
3.95841e-09
3.95841e-09
3.95841e-09
3.95841e-09
3.95841e-09
3.95841e-09
3.95841e-09
3.95841e-09
3.95841e-09
3.95841e-09
3.95841e-09
3.95841e-09
3.95841e-09
3.95841e-09
3.95841e-09
3.95841e-09
3.95841e-09
3.95841e-09
3.95841e-09
3.95841e-09
3.95841e-09
3.95841e-09
3.95841e-09
3.95841e-09
3.95841e-09
3.95841e-09
3.95841e-09
3.95841e-09
3.95841e-09
3.95841e-09
3.95841e-09
3.95841e-09
3.95841e-09
3.95841e-09
3.95841e-09
3.95841e-09
3.95841e-09
3.95841e-09
3.95841e-09
3.95841e-09
3.95841e-09
3.95841e-09
3.95841e-09
3.95841e-09
3.95841e-09
3.95841e-09
3.95841e-09
3.95841e-09
3.95841e-09
3.95841e-09
3.95841e-09
3.95841e-09
3.95841e-09
3.95841e-09
3.95841e-09
3.95841e-09
3.95841e-09
3.95841e-09
3.95841e-09
3.95841e-09
3.95841e-09
3.95841e-09
3.95841e-09
3.95841e-09
3.95841e-09
3.95841e-09
3.95841e-09
3.95841e-09
3.95841e-09
3.95841e-09
3.95841e-09
3.95841e-09
3.95841e-09
3.95841e-09
3.95841e-09
3.95841e-09
3.95841e-09
3.95841e-09
3.95841e-09
3.95841e-09
3.95841e-09
3.95841e-09
3.95841e-09
3.95841e-09
3.95841e-09
3.95841e-09
3.95841e-09
3.95841e-09
3.95841e-09
3.95841e-09
3.95841e-09
3.95841e-09
3.95841e-09
3.95841e-09
3.95841e-09
3.95841e-09
3.95841e-09
3.95841e-09
3.95841e-09
3.95841e-09
3.95841e-09
3.95841e-09
3.95841e-09
3.95841e-09
3.95841e-09
3.95841e-09
3.95841e-09
3.95841e-09
3.95841e-09
3.95841e-09
3.95841e-09
3.95841e-09
3.95841e-09
3.95841e-09
3.95841e-09
3.95841e-09
3.95841e-09
3.95841e-09
3.95841e-09
3.95841e-09
3.95841e-09
3.95841e-09
3.95841e-09
3.95841e-09
3.95841e-09
3.95841e-09
3.95841e-09
3.95841e-09
3.95841e-09
3.95841e-09
3.95841e-09
3.95841e-09
3.95841e-09
3.95841e-09
3.95841e-09
3.95841e-09
3.95841e-09
3.95841e-09
3.95841e-09
3.95841e-09
3.95841e-09
3.95841e-09
3.95841e-09
3.95841e-09
3.95841e-09
3.95841e-09
3.95841e-09
3.95841e-09
3.95841e-09
3.95841e-09
3.95841e-09
3.95841e-09
3.95841e-09
3.95841e-09
3.95841e-09
3.95841e-09
3.95841e-09
3.95841e-09
3.95841e-09
3.95841e-09
3.95841e-09
3.95841e-09
3.95841e-09
3.95841e-09
3.95841e-09
3.95841e-09
3.95841e-09
3.95841e-09
3.95841e-09
3.95841e-09
3.95841e-09
3.95841e-09
3.95841e-09
3.95841e-09
3.95841e-09
3.95841e-09
3.95841e-09
3.95841e-09
3.95841e-09
3.95841e-09
3.95841e-09
3.95841e-09
3.95841e-09
3.95841e-09
3.95841e-09
3.95841e-09
3.95841e-09
3.95841e-09
3.95841e-09
3.95841e-09
3.95841e-09
3.95841e-09
3.95841e-09
3.95841e-09
3.95841e-09
3.95841e-09
3.95841e-09
3.95841e-09
3.95841e-09
3.95841e-09
3.95841e-09
3.95841e-09
3.95841e-09
3.95841e-09
3.95841e-09
3.95841e-09
3.95841e-09
3.95841e-09
3.95841e-09
3.95841e-09
3.95841e-09
3.95841e-09
3.95841e-09
3.95841e-09
3.95841e-09
3.95841e-09
3.95841e-09
3.95841e-09
3.95841e-09
3.95841e-09
3.95841e-09
3.95841e-09
3.95841e-09
3.95841e-09
3.95841e-09
3.95841e-09
3.95841e-09
3.95841e-09
3.95841e-09
3.95841e-09
3.95841e-09
3.95841e-09
3.95841e-09
3.95841e-09
3.95841e-09
3.95841e-09
3.95841e-09
3.95841e-09
3.95841e-09
3.95841e-09
3.95841e-09
3.95841e-09
3.95841e-09
3.95841e-09
3.95841e-09
3.95841e-09
3.95841e-09
3.95841e-09
3.95841e-09
3.95841e-09
3.95841e-09
3.95841e-09
3.95841e-09
3.95841e-09
3.95841e-09
3.95841e-09
3.95841e-09
3.95841e-09
3.95841e-09
3.95841e-09
3.95841e-09
3.95841e-09
3.95841e-09
3.95841e-09
3.95841e-09
3.95841e-09
3.95841e-09
3.95841e-09
3.95841e-09
3.95841e-09
3.95841e-09
3.95841e-09
3.95841e-09
3.95841e-09
3.95841e-09
3.95841e-09
3.95841e-09
3.95841e-09
3.95841e-09
3.95841e-09
3.95841e-09
3.95841e-09
3.95841e-09
3.95841e-09
3.95841e-09
3.95841e-09
3.95841e-09
3.95841e-09
3.95841e-09
3.95841e-09
3.95841e-09
3.95841e-09
3.95841e-09
3.95841e-09
3.95841e-09
3.95841e-09
3.95841e-09
3.95841e-09
3.95841e-09
3.95841e-09
3.95841e-09
3.95841e-09
3.95841e-09
3.95841e-09
3.95841e-09
3.95841e-09
3.95841e-09
3.95841e-09
3.95841e-09
3.95841e-09
3.95841e-09
3.95841e-09
3.95841e-09
3.95841e-09
3.95841e-09
3.95841e-09
3.95841e-09
3.95841e-09
3.95841e-09
3.95841e-09
3.95841e-09
3.95841e-09
3.95841e-09
3.95841e-09
3.95841e-09
3.95841e-09
3.95841e-09
3.95841e-09
3.95841e-09
3.95841e-09
3.95841e-09
3.95841e-09
3.95841e-09
3.95841e-09
3.95841e-09
3.95841e-09
3.95841e-09
3.95841e-09
3.95841e-09
3.95841e-09
3.95841e-09
3.95841e-09
3.95841e-09
3.95841e-09
3.95841e-09
3.95841e-09
3.95841e-09
3.95841e-09
3.95841e-09
3.95841e-09
3.95841e-09
3.95841e-09
3.95841e-09
3.95841e-09
3.95841e-09
3.95841e-09
3.95841e-09
3.95841e-09
3.95841e-09
3.95841e-09
3.95841e-09
3.95841e-09
3.95841e-09
3.95841e-09
3.95841e-09
3.95841e-09
3.95841e-09
3.95841e-09
3.95841e-09
3.95841e-09
3.95841e-09
3.95841e-09
3.95841e-09
3.95841e-09
3.95841e-09
3.95841e-09
3.95841e-09
3.95841e-09
3.95841e-09
3.95841e-09
3.95841e-09
3.95841e-09
3.95841e-09
3.95841e-09
3.95841e-09
3.95841e-09
3.95841e-09
3.95841e-09
3.95841e-09
3.95841e-09
3.95841e-09
3.95841e-09
3.95841e-09
3.95841e-09
3.95841e-09
3.95841e-09
3.95841e-09
3.95841e-09
3.95841e-09
3.95841e-09
3.95841e-09
3.95841e-09
3.95841e-09
3.95841e-09
3.95841e-09
3.95841e-09
3.95841e-09
3.95841e-09
3.95841e-09
3.95841e-09
3.95841e-09
3.95841e-09
3.95841e-09
3.95841e-09
3.95841e-09
3.95841e-09
3.95841e-09
3.95841e-09
3.95841e-09
3.95841e-09
3.95841e-09
3.95841e-09
3.95841e-09
3.95841e-09
3.95841e-09
3.95841e-09
3.95841e-09
3.95841e-09
3.95841e-09
3.95841e-09
3.95841e-09
3.95841e-09
3.95841e-09
3.95841e-09
3.95841e-09
3.95841e-09
3.95841e-09
3.95841e-09
3.95841e-09
3.95841e-09
3.95841e-09
3.95841e-09
3.95841e-09
3.95841e-09
3.95841e-09
3.95841e-09
3.95841e-09
3.95841e-09
3.95841e-09
3.95841e-09
3.95841e-09
3.95841e-09
3.95841e-09
3.95841e-09
3.95841e-09
3.95841e-09
3.95841e-09
3.95841e-09
3.95841e-09
3.95841e-09
3.95841e-09
3.95841e-09
3.95841e-09
3.95841e-09
3.95841e-09
3.95841e-09
3.95841e-09
3.95841e-09
3.95841e-09
3.95841e-09
3.95841e-09
3.95841e-09
3.95841e-09
3.95841e-09
3.95841e-09
3.95841e-09
3.95841e-09
3.95841e-09
3.95841e-09
3.95841e-09
3.95841e-09
3.95841e-09
3.95841e-09
3.95841e-09
3.95841e-09
3.95841e-09
3.95841e-09
3.95841e-09
3.95841e-09
3.95841e-09
3.95841e-09
3.95841e-09
3.95841e-09
3.95841e-09
3.95841e-09
3.95841e-09
3.95841e-09
3.95841e-09
3.95841e-09
3.95841e-09
3.95841e-09
3.95841e-09
3.95841e-09
3.95841e-09
3.95841e-09
3.95841e-09
3.95841e-09
3.95841e-09
3.95841e-09
3.95841e-09
3.95841e-09
3.95841e-09
3.95841e-09
3.95841e-09
3.95841e-09
3.95841e-09
3.95841e-09
3.95841e-09
3.95841e-09
3.95841e-09
3.95841e-09
3.95841e-09
3.95841e-09
3.95841e-09
3.95841e-09
3.95841e-09
3.95841e-09
3.95841e-09
3.95841e-09
3.95841e-09
3.95841e-09
3.95841e-09
3.95841e-09
3.95841e-09
3.95841e-09
3.95841e-09
3.95841e-09
3.95841e-09
3.95841e-09
3.95841e-09
3.95841e-09
3.95841e-09
3.95841e-09
3.95841e-09
3.95841e-09
3.95841e-09
3.95841e-09
3.95841e-09
3.95841e-09
3.95841e-09
3.95841e-09
3.95841e-09
3.95841e-09
3.95841e-09
3.95841e-09
3.95841e-09
3.95841e-09
3.95841e-09
3.95841e-09
3.95841e-09
3.95841e-09
3.95841e-09
3.95841e-09
3.95841e-09
3.95841e-09
3.95841e-09
3.95841e-09
3.95841e-09
3.95841e-09
3.95841e-09
3.95841e-09
3.95841e-09
3.95841e-09
3.95841e-09
3.95841e-09
3.95841e-09
3.95841e-09
3.95841e-09
3.95841e-09
3.95841e-09
3.95841e-09
3.95841e-09
3.95841e-09
3.95841e-09
3.95841e-09
3.95841e-09
3.95841e-09
3.95841e-09
3.95841e-09
3.95841e-09
3.95841e-09
3.95841e-09
3.95841e-09
3.95841e-09
3.95841e-09
3.95841e-09
3.95841e-09
3.95841e-09
3.95841e-09
3.95841e-09
3.95841e-09
3.95841e-09
3.95841e-09
3.95841e-09
3.95841e-09
3.95841e-09
3.95841e-09
3.95841e-09
3.95841e-09
3.95841e-09
3.95841e-09
3.95841e-09
3.95841e-09
3.95841e-09
3.95841e-09
3.95841e-09
3.95841e-09
3.95841e-09
3.95841e-09
3.95841e-09
3.95841e-09
3.95841e-09
3.95841e-09
3.95841e-09
3.95841e-09
3.95841e-09
3.95841e-09
3.95841e-09
3.95841e-09
3.95841e-09
3.95841e-09
3.95841e-09
3.95841e-09
3.95841e-09
3.95841e-09
3.95841e-09
3.95841e-09
3.95841e-09
3.95841e-09
3.95841e-09
3.95841e-09
3.95841e-09
3.95841e-09
3.95841e-09
3.95841e-09
3.95841e-09
3.95841e-09
3.95841e-09
3.95841e-09
3.95841e-09
3.95841e-09
3.95841e-09
3.95841e-09
3.95841e-09
3.95841e-09
3.95841e-09
3.95841e-09
3.95841e-09
3.95841e-09
3.95841e-09

VECTORS velocity float
0.00184851 0.000550033 0.000206995
0.00479965 -7.56562e-05 0.000169884
0.00410252 -0.0010782 0.000138909
0.0048056 -0.000125546 0.000202465
0.00480628 -0.000281258 0.000496985
0.00448201 -0.000413623 0.000214638
0.0047201 -0.000177945 8.96506e-05
0.00413233 -0.000157287 0.000212765
0.00461833 -0.000750969 0.000345575
0.00489028 0.000396538 0.000296957
0.00482889 0.0004052 0.000274964
0.00468636 0.000414446 0.000248002
0.00418332 -0.000146313 0.000146635
0.00370102 0.000663922 0.00482607
0.00456734 0.000416672 0.000226702
0.0104813 0.00173026 -0.00124001
0.00478537 0.000125124 0.00010189
0.00460199 -8.36464e-05 -2.67831e-06
0.00484738 0.000389174 0.000290566
0.00485766 0.000379081 0.000266988
0.0048021 9.35161e-05 0.000116026
0.00419468 0.000697334 -0.000136212
0.0249772 0.0389171 -0.0425718
0.00492026 0.000724983 -0.00113496
0.00471699 0.000148177 -5.48561e-05
0.00471026 -0.000101729 0.000275131
0.00487338 -0.000112064 0.000189732
0.00468253 -0.000102613 5.83259e-05
0.00435605 -3.00445e-05 0.000254918
0.00426732 -0.00104178 0.000131661
0.00436117 -0.000817928 0.000549693
0.00471561 0.000450065 2.13395e-05
0.00467431 5.34995e-05 -0.000122934
0.00452691 -0.000259561 -0.000194496
0.00471154 0.000549923 4.85646e-05
0.00485811 0.000350403 0.000235191
0.00463702 0.000414957 0.00022556
0.00458379 0.000416641 0.000229313
0.00435711 -1.95775e-05 2.83199e-05
0.00518594 0.000449311 -0.000590345
0.00472666 -0.000390478 -0.000162791
0.0046583 0.000422024 2.22705e-05
0.00405977 5.27548e-05 0.00203482
0.00412635 -0.00224524 0.00139135
0.00425761 -0.000356919 0.000259886
0.00463431 -0.000146442 0.000161263
0.00422957 -0.00034748 7.11394e-05
0.00487636 0.000379393 0.000303081
0.00427005 -0.000779167 0.00158942
0.00378067 0.000101971 -0.000103744
0.000773946 -0.00434507 0.0184771
0.0046349 8.12036e-05 -2.32548e-05
0.00470985 -0.000121415 7.09596e-05
0.00491997 0.00038515 0.000313498
0.00471347 -0.000117182 7.56439e-05
0.00098795 -0.0110344 0.012706
0.000783364 -0.00420603 0.0185175
0.000624686 -0.00337151 0.0185323
0.00450476 0.000273894 -0.00042991
0.00478869 -0.000173068 0.000111198
0.00480551 -1.76549e-05 0.000155574
0.00433741 0.000246328 -0.000339202
0.00456368 -0.000189147 -0.000228277
0.000617954 -0.00180374 0.0188607
0.00259741 -0.000473258 -7.18959e-05
0.00371486 0.0010755 -0.00138356
0.00483204 -0.000114145 0.000144265
0.00450845 -0.000154151 0.000121264
0.000705291 -0.00545088 0.0179309
0.00462717 8.30108e-06 -0.000216632
0.00436809 -0.000140849 8.4828e-05
0.00471177 -0.000179607 4.79071e-05
0.00471831 0.000382651 0.000222028
0.00467793 -0.000188296 0.000107324
0.00357892 -0.002058 0.00109495
0.0046783 -0.000208686 -0.000244364
0.00452266 -0.000202193 -0.000206024
0.00467961 -0.000818543 0.000369328
0.00476947 7.20395e-05 0.000125251
0.00445775 0.000274791 -0.000372681
0.00477816 -0.000376923 0.000283247
0.00460294 -0.000167783 8.2999e-05
0.000956646 -0.00980906 0.0138917
0.00452167 -8.35705e-05 -0.000894262
0.00448094 -0.000330052 0.00053699
0.00295591 -0.000112991 -9.74555e-05
0.00394166 0.00011942 -2.4205e-05
0.00411989 -0.000693983 0.000135227
0.00467539 -0.000233166 4.30058e-05
0.00447979 -0.000901267 0.000419547
0.00482007 0.000406865 0.00027092
0.00483655 0.000399451 0.000279745
0.00466908 -0.000409049 -0.000265071
0.00382943 0.00010191 -3.75944e-06
0.00310774 -0.000514818 -0.00153489
0.00476296 0.00038927 4.00408e-05
-0.00163239 0.00751929 -0.00711176
0.0044642 3.11967e-05 -0.000212023
0.00759109 0.0128698 -0.017686
0.00518281 0.000194889 -0.000292812
0.00431769 -0.000188508 0.0001585
0.000849141 -0.00754446 0.016023
0.0046676 -0.000142396 6.64378e-05
0.00426114 -0.000998229 0.00153195
0.00478101 -0.000201785 -0.000256369
0.00465054 -0.000198608 9.74017e-05
-0.00807876 -0.019877 0.0282325
0.00436683 -0.00143464 0.00105441
0.00483067 -0.000110112 0.000203911
0.00485324 0.000615663 0.00118804
0.000500702 -0.0021536 0.018795
0.00441611 -0.000509536 0.000288848
0.00407796 0.000151394 -0.000235764
0.00486957 -7.77415e-05 0.000177114
0.00462492 4.28148e-05 0.000130501
0.00464573 -0.00065386 0.00033251
0.00427197 -0.000827819 0.000378925
0.00452515 4.30573e-05 -0.000160746
0.00443464 9.14893e-05 -0.000164913
0.0043953 -6.10104e-05 5.4941e-05
0.00487239 3.59199e-05 0.000137417
0.00466661 -6.0112e-05 2.06259e-05
0.00376403 -0.00201703 0.00106979
0.00460265 2.42343e-06 3.93739e-05
0.0049045 -8.45277e-05 0.00017529
0.00273541 0.000926219 0.00859895
0.00473164 -0.00012709 7.63881e-05
0.00587622 -4.64879e-06 0.000385123
0.0041143 -0.000172871 0.00021115
0.00359403 0.0017064 0.00422646
0.00420376 -0.00152128 0.000997287
0.00482197 6.84182e-05 0.000129385
0.00413944 0.000356917 -1.15787e-05
0.0048182 -0.000211594 7.32664e-05
0.00427836 -0.00165903 0.00129577
0.00438327 -0.000362665 0.000255711
0.0046226 -5.09857e-06 -3.62951e-05
0.00430838 -0.0012598 0.00138619
0.00338978 -0.000384675 0.000172789
0.00455738 0.000259813 -0.000377722
0.000981621 -0.0105928 0.0124413
0.00458014 -0.000132577 -0.000226225
0.00470755 -0.000279776 -0.000691067
5.14698e-05 -0.0118103 0.0148875
0.00465681 -0.000600698 0.000313021
0.00458008 -0.000721947 0.000341547
0.00477699 -0.000191712 -0.00025833
0.00371735 7.68789e-05 -0.000336813
0.00421045 -0.000313944 0.000330561
0.00458277 -0.000663408 0.000286071
0.00473789 -6.79161e-05 0.000214633
0.00470486 0.000407001 2.40905e-05
0.00484217 -0.00013162 0.000187644
0.00371722 -0.00171578 0.00108612
0.00378208 -0.000191241 -0.000161566
0.00430188 -0.000261993 -5.37332e-05
0.0100188 0.0147509 -0.020563
0.00453934 -0.000568466 0.000305863
0.00463685 -0.000627888 0.000223264
0.00467591 4.2484e-05 0.00014
0.00467953 -3.02899e-05 2.98964e-05
0.000998377 -0.0100519 0.0127668
0.00438912 -0.000391085 0.000591954
0.00472896 -0.000647983 0.000271426
0.00448525 -0.000241992 -0.000212998
0.00393191 -8.03299e-05 1.69198e-05
0.0050837 -0.000587322 0.000335938
0.000535993 -0.00264757 0.0186639
0.00391071 -0.000463773 0.000134071
0.00471559 -0.000954923 0.000336486
0.00469195 -0.000658916 0.00031056
0.00493659 -7.64822e-05 0.000189694
0.00468215 -0.000132013 8.23541e-05
0.00433002 -0.0016667 0.00084256
0.00470005 -8.68132e-05 -0.000259781
0.00465771 4.93654e-05 -0.000183523
0.0178203 0.00956391 -0.015838
0.00470298 -0.000177123 9.18021e-05
0.00381979 -5.21651e-05 -0.000451217
0.000219136 -0.0121389 0.0213133
0.00465502 2.35211e-05 -0.000204351
0.00420509 -0.00116794 9.78235e-05
0.0041545 -0.000520513 0.000193216
0.0045196 -0.000724017 0.000345511
0.00368147 0.000118977 -3.60656e-05
0.00502284 -0.000497734 0.000306441
0.00384162 -0.0020876 0.00109942
0.00464048 -0.000858877 0.000366703
0.00428389 -0.00111215 0.00029357
0.00438749 -0.000398211 0.000290618
0.0046484 3.66112e-05 -1.09604e-06
0.00469867 -0.000627677 0.000326811
0.00428028 -0.00152971 0.000924701
0.00422094 -0.000168128 -0.000111734
0.00364229 0.00139913 0.00444164
0.00430141 -0.00103244 0.00160811
0.00473386 -0.000572513 0.000309422
0.00428625 -9.49659e-05 7.80609e-05
0.00446689 -0.000166516 0.000391606
0.00431869 -0.000100674 0.000146891
-1.21665e-05 0.000275718 -0.000310638
0.00410753 0.000379018 2.99667e-05
0.00424096 -6.13262e-05 0.000134827
0.0045013 -2.49312e-05 0.000146912
0.00435873 -0.00104322 0.000190207
0.00474209 -0.000228737 -0.000151069
0.00442649 -0.000625012 0.000268869
0.0149087 0.00926567 -0.0148228
0.00572569 0.00391611 0.00275039
0.00470078 -0.000176591 9.83944e-05
0.00411483 -0.000498208 0.000232354
0.00437723 -0.000714803 0.000440645
0.00396747 -0.0018282 0.00158657
0.00411758 -0.000132624 3.78893e-05
0.00442748 -0.00160323 0.000961396
0.00483029 -0.000301543 0.000233073
0.00457352 -0.000728809 0.000355463
0.00286893 -0.000829636 -0.000304235
0.00471334 -0.000725627 0.000346497
0.00440808 -0.00149631 0.00075469
0.00282319 -0.000284666 1.90713e-05
0.0043186 -0.000394477 0.000144001
0.00422099 0.000195443 0.00218981
0.00395634 -4.92275e-05 -0.000106635
0.00446904 -0.000780214 9.56605e-05
0.0148121 0.000956269 0.00453601
0.00428208 -0.000644047 0.000230151
-0.000875016 -0.00642629 0.0234039
0.00463782 -6.45823e-05 -0.000229207
0.00456137 -8.61996e-05 0.00029456
0.00463206 -6.52362e-05 0.000168411
0.00421689 0.000135241 0.00205009
0.00442182 0.001875 -0.00100787
0.00429723 -0.00171482 0.000714093
0.0042298 -6.45017e-05 7.90958e-05
0.00409824 -0.00184857 0.000220922
0.00473767 0.00134369 0.000179955
0.00468838 -0.000727816 0.000321918
0.00407283 -8.22658e-06 -2.7081e-05
0.00434909 -0.000834456 0.000178939
0.00464509 4.267e-05 -6.42076e-06
0.00482995 0.000367109 -0.000202129
0.00445748 -0.000590376 0.000154465
-0.0163976 0.0051517 -0.00276449
0.00476811 0.00016391 -0.000255753
0.00447707 0.000906057 0.000196964
0.00492701 -0.000849592 0.000436
0.00518222 -0.000451903 0.000307763
0.00431383 -0.00170893 0.00107589
0.00360914 -0.00105911 0.0023504
0.00399148 -0.000306408 0.00157709
0.00376099 0.000263248 3.10235e-05
0.00435412 -0.000195795 0.000265313
0.00459264 -0.000731384 0.000342522
0.00471498 -0.000630769 0.000329823
0.00475991 -0.000297591 -7.24472e-05
0.00423909 -0.000421488 0.000262654
0.00420545 -0.000119497 8.49001e-05
0.00462609 -9.19817e-05 2.16799e-05
0.00465735 -0.000140854 0.000102942
0.00446023 -0.00103372 -0.000147148
0.0052616 0.000491341 -0.000273861
0.00397729 -0.000619043 0.000154766
0.00386917 0.000332532 -3.18496e-05
0.00267582 0.0057289 0.00626357
0.00447418 -0.00093137 0.000226737
0.00475982 0.00212498 0.000245646
0.00428783 8.73994e-05 0.00199403
0.00410341 -0.000308407 0.000120836
0.0123934 0.00948161 -0.0145347
0.00415809 -0.00151123 0.000170712
0.00462955 -0.000655289 0.000323466
0.00302168 -0.000505748 0.000379723
0.00745429 0.000359576 -0.00205996
0.00364385 -0.00127112 0.00263358
0.00375555 -0.00120321 0.00215371
0.000715208 -0.00387842 0.0184966
0.0042502 4.48879e-05 0.00200154
0.00459969 0.000321729 -0.000288258
0.00416445 5.71403e-05 0.00197943
0.00437051 0.00016388 -1.67817e-06
0.00224993 0.000101565 -0.000418899
0.00410886 -0.00193893 0.000241528
0.00470634 -0.000946875 0.000315806
0.00470608 -0.000942001 0.00026661
0.00465182 -0.000174082 -2.42276e-05
0.00465106 -0.000572947 -0.000117244
0.00410697 0.000761643 -0.00184675
0.00411854 0.000381017 -3.48741e-05
0.00456163 -0.000327073 -9.33013e-05
0.00375389 -0.00211666 0.0013534
0.00405187 -0.000365283 0.00010654
0.0040236 -0.000446878 0.00020665
0.00427839 -0.00032987 0.000249721
0.00510328 -0.000732966 0.000424883
0.00454 -0.000684047 0.000187295
0.00462906 -0.000190834 -8.74454e-05
0.00441742 0.000170912 5.94295e-05
0.00465779 -0.00066021 0.000336607
0.00498541 -0.000367118 0.000257295
0.00443964 -4.4197e-06 -0.000209442
0.00368762 0.000640815 0.00431185
0.00448161 -0.000634741 0.000315948
0.00420573 -0.00011628 0.000205112
0.00406495 -0.000256337 0.000224685
0.0039406 -0.00186072 0.00171856
0.00429494 0.000382372 -2.74455e-05
0.00386153 -0.00164281 -0.000301527
0.00377009 -0.00223285 0.00140164
0.00418226 -0.00156448 0.00105217
0.00451228 -0.000692478 0.000278298
0.00408463 -0.000899257 0.000147302
0.0044794 -0.000764674 0.000317184
0.00384608 -0.00127293 0.00269006
0.00443549 -0.000828888 0.000315731
0.0020401 0.00349433 0.00759906
0.00461422 -8.44765e-06 -8.80636e-05
0.00425098 -5.60955e-05 0.000202491
0.00423967 7.23386e-05 0.00201084
0.00496572 0.000325303 -7.8677e-05
0.00845222 0.010457 -0.0148764
0.00450599 -0.000703626 0.000703049
0.00364227 0.00075212 0.00477427
0.00450722 -0.000717918 0.000395954
0.00449419 -0.000293469 -8.10633e-05
0.00435234 -0.000696856 0.000302919
0.00428309 -0.000357364 0.000249917
0.00463503 -0.000645095 0.000327591
0.00483857 7.29254e-05 0.000120135
0.00381918 -0.000321613 4.90559e-05
0.00411626 -0.000224003 0.000227278
0.00452332 -0.000314276 -7.99471e-05
0.00461766 -0.000295385 -0.000248426
0.00467742 -0.00603937 -0.00322255
0.00465631 -0.000495893 0.000290692
0.00350736 -0.00320315 0.00109933
0.00443385 -0.000785478 0.000247915
0.00470791 -0.000341253 0.000564064
0.00454511 -0.000151431 0.000364795
0.0041879 -0.00190519 0.0002335
0.00441706 -0.00101534 0.000312282
0.00449789 -0.00030017 1.13712e-05
0.00389508 -0.00214919 0.00121592
0.00360644 0.00266697 0.00358182
0.00474387 -0.000253942 0.000466524
0.00302568 0.000712537 -0.00157369
0.00790165 0.0126076 -0.0174288
0.00437591 -0.00147569 0.000794909
0.0041934 0.00011055 0.00193688
0.031245 0.0392498 -0.0433567
0.00463777 -0.000694208 0.000338703
0.00269063 -1.16628e-05 -0.000150914
0.00465996 -4.71611e-05 0.000262808
0.00459114 -0.000211836 0.000425566
0.00428158 0.000235428 -0.000447474
0.00381815 -0.00205635 0.00107453
0.0048704 -0.00147102 0.000425843
0.00469314 -0.000868164 0.000286159
0.0041593 0.000605413 0.000303286
0.00439767 -0.000376893 0.000574946
0.00418664 0.000116492 0.00192916
0.00391298 -0.00106222 6.96927e-05
0.00471236 -0.0006762 0.000396461
0.00397068 -0.00215301 0.00137088
0.0035301 0.00016884 -0.000501474
0.00435666 -0.00159627 0.000900033
0.00446791 -0.000349914 0.000554008
0.00459017 2.55575e-05 0.000130861
0.0044442 -0.000698657 0.000299669
0.00319303 0.000700951 -8.91602e-06
0.00432687 -0.000347521 0.00171304
0.00451255 -0.00060012 0.000787935
0.00465085 -0.00192332 0.000196805
0.00422173 8.52132e-05 0.00195421
0.00382238 -0.00194112 -0.00142068
0.00460448 -0.00150955 0.000979972
0.00470181 -3.24364e-05 0.000206179
0.00297069 -0.000237698 -0.000340927
0.00455297 -0.00102098 0.000319577
0.00435975 -0.000375157 0.000577021
0.00431626 -0.000297167 0.000161355
0.00400145 -0.000560563 0.000103518
0.00412206 7.94496e-05 0.00199158
0.00397466 -0.00225722 0.00142997
0.0041159 -0.000544598 0.000407077
0.00450463 -4.22833e-05 0.000241083
0.00426969 -0.000788444 0.000261977
0.00457309 -0.000898074 0.000298799
0.0047302 -0.00187907 0.000273884
0.00483065 -0.000588099 0.000331597
0.00354435 -0.000367371 5.65648e-05
0.00424044 -0.00249924 0.00149402
0.00475632 1.48332e-05 -0.000122842
0.00454125 -0.00080341 0.000346065
0.00447367 0.000514355 -0.000327124
0.00456759 0.000567514 0.00102815
0.0042955 -0.000149364 0.000340563
0.00317228 0.000541665 2.12789e-07
0.0044724 -0.00183923 0.000754996
0.00452572 0.000551651 -0.000287123
0.00349348 -0.00102074 0.00236232
0.00229629 -3.20433e-05 -0.000284545
0.00394832 -0.00183419 0.000224774
0.00480719 -0.000608889 0.000325242
0.00425416 -0.000514945 0.000272069
0.00443111 -0.00167842 0.0012588
0.00446047 -0.000842588 0.00028299
0.00425317 9.18519e-05 0.00200948
0.00369238 -0.0014027 0.000910031
0.00467812 -0.000172836 0.00037023
0.00423127 -0.000350645 6.5585e-05
0.00352665 -0.000902221 0.00242947
0.00448801 -0.00101175 0.000275501
0.00474672 -0.000125568 3.54816e-05
0.0045048 -0.000229792 -8.95318e-05
0.00459601 -0.000109825 -9.76811e-05
0.00752467 -0.000901042 0.000809205
0.0047623 -0.00038883 -0.000311502
0.00437762 -0.00226691 0.00144808
0.00356928 -0.00114919 0.00231773
0.00418473 -0.00163917 0.000749924
-0.000804237 -0.00640525 0.0234613
0.00484322 0.000445689 -0.000161248
0.00421491 6.91141e-05 0.00202825
0.00358325 0.000435987 -0.00042946
0.00444026 -0.00164848 0.00107321
0.00423822 -0.00192795 0.00124467
0.00466751 -0.000101651 -8.18796e-05
0.00437889 -0.00209954 0.000260188
0.00462262 -0.000611944 0.000776522
0.00438596 -0.000117003 0.00181906
0.00421653 -0.00219145 0.00138176
0.00411222 -0.00193368 0.000249372
0.00408599 -0.00229536 0.00143415
0.0042849 6.13478e-05 0.00199097
0.00443676 -9.09056e-05 -0.000214499
0.00470915 0.000204438 -0.000129984
0.00478691 -0.000258946 -0.000112956
0.00410592 -0.00192434 0.000243282
0.0042339 0.000103347 0.0020184
0.00450649 -0.000349913 2.01047e-05
0.00395929 -0.00183959 0.00023308
0.00410666 -0.00180804 -0.000104481
0.00441811 -0.00153095 0.000759794
0.00434401 -0.00224041 0.000271716
0.00455897 -0.000886417 0.000114935
0.00404116 -0.000692853 0.000172101
0.00440499 -0.000165892 -0.000205526
0.00422651 -0.000280522 0.00047206
0.00425303 -0.0023557 0.00148339
0.00436113 -0.000526528 0.000248347
0.00431161 -0.0014733 0.00100784
0.00459954 4.94893e-05 -0.000116579
0.00528616 -3.47585e-06 0.000283152
0.00364456 -0.00103894 0.00233945
0.00416721 -0.000835847 0.000888537
0.00448341 -0.00200164 0.000266504
0.00277102 0.00147319 0.00851678
0.00477234 -0.000473466 0.000159828
0.00379973 -0.00113174 0.0024419
0.00466468 -0.000317163 0.000536229
0.00370231 -0.00208014 0.0010994
0.00453638 -0.0001027 0.000303299
0.00494696 -0.000398504 0.00027813
0.00440946 -0.00195979 0.00130527
0.00261657 -0.00026442 -0.000109438
0.00342432 0.000213033 9.78936e-05
0.00386365 -0.00142377 0.00212281
0.00444507 -0.000288563 0.000317952
0.00391896 -0.00209405 0.00112009
0.000163231 0.000598304 0.0131276
0.0026284 -0.000119979 -6.1004e-05
0.00277102 0.00348041 0.00773113
0.00441848 -0.00156302 0.0007729
0.00375111 -0.000749137 0.000825297
0.00459274 -0.000282348 0.000476066
0.00494584 -0.000556385 0.000235325
0.0040384 6.94178e-05 4.5046e-05
0.00321005 -0.00135256 -0.000548266
0.00406709 -0.000551091 0.000441006
0.00488357 0.000502651 3.15676e-05
0.00451235 -0.000358819 3.91428e-05
0.00627822 6.3877e-05 0.00142294
0.00432786 -0.00153385 0.00100589
0.00338798 0.000226948 6.71258e-05
0.00449651 -0.000273472 0.000517541
0.00446472 -0.000136682 5.38385e-05
0.00485852 -0.000631941 0.000337975
0.00376187 -2.50891e-05 -0.000229336
0.00434439 -0.0016225 0.000906453
0.00401086 -0.00112932 0.00253734
0.0027627 0.00475651 0.00719141
0.00187482 0.00233818 0.0112573
0.00472337 -0.000193307 0.000402072
0.00431163 -0.00220475 0.00140525
0.00430595 5.50303e-05 5.87417e-06
0.00427476 3.0378e-05 0.00197621
0.0044296 -0.000142135 -0.000203051
0.00413667 -0.00177987 0.00112943
0.00467459 -0.000190603 -9.64652e-05
0.00406596 -0.00129664 0.000832115
0.00402161 -0.0022448 0.00145734
0.00409398 -0.00116868 0.000103841
0.00430794 0.000546061 -0.000264292
0.00452024 -3.97295e-05 0.000240974
0.00463435 -0.00029323 0.000417155
0.00397666 -0.00187316 0.00115566
0.00448306 -0.00203925 0.000248156
0.00419799 -0.000259587 0.000445539
0.0045227 -0.000341008 2.63648e-05
0.00503337 -0.000479622 0.000137321
0.00444857 -0.00110083 0.00161921
0.00365851 -0.00222578 0.00139409
0.00458918 -0.000232224 -9.05237e-05
0.00465079 -0.000218725 0.000427347
0.00444266 -0.000649865 0.000300549
0.00470416 -0.000246259 4.27341e-05
0.00432718 0.000301449 -0.000134598
0.00469966 0.000108917 -0.000105568
0.004279 -0.00173389 0.00123842
0.00371676 -0.00126075 0.00212183
0.00456098 0.000534546 -0.000203203
-0.000998881 -0.00636096 0.0233645
0.00455659 -0.000572433 0.000298485
0.00408999 -0.00227602 0.00135037
0.00469591 -0.000254587 -8.38442e-05
0.00456187 -0.000825124 0.000395463
0.00375367 0.000382539 0.00012866
0.00335158 -0.0010914 0.000671472
0.00420569 -0.00025087 0.000438231
0.0044944 -0.00107699 -0.000451201
0.00422665 -0.00191763 0.000201843
0.00456492 -0.000110653 0.000248821
0.00483853 -0.000300176 0.000525328
0.00444012 -4.24098e-05 0.000245257
0.00422518 -0.00174074 0.000217898
0.00426102 -0.000280214 -0.000171558
0.00355831 -0.00157101 0.00100759
0.00469329 -0.000912726 0.000279977
0.00465614 -0.000143949 -9.27716e-05
0.00204039 0.00439984 0.00722961
0.0049683 -0.000723818 0.000441844
0.00459733 -0.000115254 -9.9816e-05
-0.000968857 -0.00727345 0.0232476
0.00433109 -0.000598612 0.000490451
0.00421644 -0.000923955 0.00156949
0.00455109 -0.000126795 0.000283831
0.00477785 0.000395033 7.37108e-05
0.00510898 -0.000599639 0.000277779
0.00501525 -0.00055515 0.000226932
0.0047752 0.000443383 -0.000206137
0.0037766 -0.00141387 6.60935e-05
0.00431286 -0.00182249 0.000987107
0.00449195 -0.00025954 -8.38573e-05
0.00450664 -0.00035891 9.69631e-05
0.00462499 -0.000264747 0.000472274
0.00997308 0.000461204 0.0035543
0.00344903 -1.12227e-05 0.000104572
0.00446233 0.000286904 -0.000128027
0.00457831 3.60193e-05 0.000301406
0.00510585 -0.000550991 0.000949668
0.00473927 0.000583361 -0.000162704
0.00479299 -9.62949e-05 -0.000520002
0.00448296 -0.00181826 -9.15822e-05
0.00398353 -0.00185646 0.000226065
0.00414505 -0.00192857 0.00023852
0.00428889 -0.000542103 0.000452141
0.00464219 -0.000240584 -8.35987e-05
0.00448533 -0.000108445 -0.000139969
0.00437616 0.000352435 -0.000266069
0.00455552 -0.00087687 0.00034517
0.00432526 -0.000810267 0.000197318
0.00426783 -0.00074867 0.000555076
-0.00101444 -0.0064053 0.0233448
0.00416634 0.000534268 -6.03605e-05
0.00446705 -0.000294549 0.00049814
0.00459225 -0.000685395 0.000192817
0.00456434 -0.000158385 -0.00039562
0.00573313 0.00199402 -0.000572666
0.00461593 -0.00083359 0.000268814
0.00400531 0.000933855 0.000292412
0.00445517 -0.000818814 0.000111535
0.0049403 -0.000472571 0.000126057
0.00436848 -0.00220818 0.000266642
0.00455593 0.000743018 0.000914159
0.00498978 -0.000694253 0.000414101
0.0044354 -0.000164499 0.000363712
0.00492999 0.000454191 6.57782e-05
0.00450618 -0.00025367 -8.77561e-05
0.00430221 -0.000663441 -3.75519e-05
0.00445127 -0.00029169 -8.38623e-05
0.00419367 -0.00089396 0.00156508
0.00471207 -0.000305517 0.00040162
0.00505586 6.3375e-05 -0.000497292
0.00473311 -0.000234431 0.000449624
0.00425544 -0.000663782 0.000528159
0.00394227 -0.00224815 0.00142675
0.00464911 -0.000136603 -9.36248e-05
0.00496362 -0.000732153 0.00045086
0.00491075 0.000522601 -0.000320054
0.00462747 -0.000919094 0.000126388
0.00266228 0.00484366 0.00713832
0.00484568 -0.000449424 0.000642996
0.00485909 -0.000343276 0.000107194
0.00438494 -0.00154564 0.000742539
0.00431812 -0.000837578 -0.000120981
0.00459874 -0.000289305 -8.9832e-05
0.0047081 -0.000653853 0.000370629
0.0048261 0.000718913 0.0012631
0.00487734 0.000388101 -0.000302359
0.00398267 -0.00166785 0.00188311
0.00464491 -0.000219752 0.000417095
0.00404372 -0.00115077 0.00010158
0.00451886 -0.000926501 0.00033978
0.00437819 0.000112388 -0.00049254
0.0047893 0.000235208 0.000103984
0.00257436 0.00137002 0.00844809
0.00440313 -8.87277e-05 0.000283477
0.00287026 0.0025254 0.00820433
0.00449783 -0.00043723 0.000674974
0.00498081 -0.000436867 0.000193217
0.00443656 -0.000882701 0.000192984
0.00459008 0.000542524 0.000831358
0.00450442 0.00070776 0.000929134
0.00430305 -0.000336849 0.000535795
0.00460501 -0.000137166 0.000397818
0.00445605 0.000174258 -0.000534326
0.00412491 -0.00187125 0.000236695
0.00435736 -0.000413278 0.000969716
0.00494313 -0.000725438 0.000447238
0.00421717 -0.000102732 9.0353e-06
0.00458874 -0.000984664 0.000261177
0.00421346 -0.000680899 0.000533979
0.00469933 0.000795419 -0.000585211
0.00437051 -0.000744308 0.000221189
0.00460119 -0.000400703 0.00061761
0.0046053 -0.00032074 -0.000237307
0.00440906 -0.00039685 0.000598773
0.00473796 -0.000233929 0.000238335
0.00423137 -0.000601462 -0.000159409
0.00429092 0.000261542 6.93192e-05
0.00460221 -0.000328545 -0.000166615
0.0047859 -0.000435849 0.000116285
0.00455063 -0.000163833 -9.48858e-05
0.00468187 -8.11163e-05 -0.000103513
0.00429876 -0.000308611 0.000519948
0.0051304 -0.000502174 0.000270774
0.00476208 0.000160247 0.000958746
0.00470048 0.000717016 0.00114711
0.00439718 -0.000597821 0.000125185
0.00431893 -0.000233464 0.000427857
0.00448642 -0.000753517 0.000220116
0.00504529 -7.24054e-05 -0.000364194
0.0181772 0.0181646 -0.0574062
0.00197049 0.00130493 0.0118986
0.0043459 -0.000135935 -0.000208981
0.00469182 -4.26053e-05 -0.000103799
0.0047693 0.000757279 0.00111008
0.00470565 -0.000102638 -0.000284718
0.00430456 -0.000241366 0.000450219
0.00471896 0.000238818 -9.06666e-05
0.00460517 -0.000359006 0.000128342
0.00386325 -0.000788727 0.000270039
0.00514593 -0.000544241 0.000243147
0.00209211 0.00246301 0.00804002
0.00483155 0.000439394 -0.000216451
0.00495572 -0.000406408 0.000630892
0.00455591 -9.26839e-05 0.000175793
0.0047765 0.00046506 2.49285e-05
0.00454197 -0.000848552 0.000366597
0.00463196 -0.000349302 0.000458698
0.00432856 7.54316e-05 -0.000232447
0.00442229 -0.000368911 0.000316441
0.00421399 -0.00025139 0.00183291
0.00445772 -0.00161277 0.00105821
0.00410237 -0.00163962 0.000207946
0.00461792 -0.000822363 0.000382984
0.00496918 -0.000599976 0.000578997
0.00479241 7.35307e-05 -0.000142236
0.00437289 -0.00155069 0.000952526
0.00468725 -0.000382759 0.000588373
0.00455544 0.000192822 0.00103764
0.00463967 -0.000204465 -8.07562e-05
0.00470997 0.000543226 0.00107438
0.00441332 -0.000383617 0.000582852
0.00470097 -0.000887332 0.000298167
0.00450231 -0.000451589 0.000925318
0.00469669 -0.00026337 -0.000196031
0.00455749 -0.0010043 0.000382021
0.00459508 -0.000136893 -0.00010112
0.00475304 -0.00015426 0.000842012
0.00428345 -0.000764948 0.000241013
0.00475805 0.000186283 2.30661e-05
0.00427875 -0.000772809 0.000250207
0.00416772 -0.000702804 0.000536615
0.00224196 0.00110308 0.000764894
0.00463288 0.000395688 -0.000151441
0.00452792 -0.000128848 0.000216549
0.00430487 -0.00056147 0.000565313
0.00528405 -0.000134267 0.00171113
0.00478283 -0.000350108 0.00078322
0.00469021 0.000493889 -0.000221755
0.00511198 -0.00054438 0.000210756
0.00423564 -0.000693773 0.000534206
0.00498556 -0.000701206 0.00047974
0.00427696 0.000112435 0.00030877
0.00500983 0.000440495 8.19562e-05
0.00463978 -0.000710412 0.000560717
0.00450681 -0.000224667 -9.06748e-05
0.00470942 -0.000149674 -9.46246e-05
0.00427169 -0.000273808 -0.000124599
0.00446231 -0.000403352 0.000320534
0.00435592 0.000179701 -0.000522394
0.00465021 0.00047497 -0.00025411
0.00411813 6.05291e-05 0.00202817
0.00441574 -0.000123318 -0.000197192
0.00274822 0.000921845 0.00859013
0.00469042 0.000497665 -0.00021014
0.00449023 -0.000594712 0.000229082
0.00480812 0.000474673 -9.32025e-05
0.00431873 -0.000699351 0.000539238
0.00465595 -0.000839975 0.000388
0.00433133 0.000359275 -0.000179915
0.00435548 -0.000472482 0.000723539
0.00420034 0.000636578 0.000304256
0.00411321 -0.000615892 0.000490581
0.00467829 -0.000108056 0.000317246
0.00427328 -0.000356344 -0.00018295
0.00432649 -0.000749741 0.000558854
0.00473204 -6.86967e-05 0.000221689
0.0029775 -0.000595001 -8.99123e-05
0.00372201 0.0026041 0.00577542
0.00468812 -0.000158095 0.000798506
0.00491884 0.00313744 0.000640085
0.00439347 9.42192e-05 0.000318039
0.00480765 0.000168899 -0.000486501
0.00439798 -0.000652932 0.000504613
0.00553743 -0.000444421 4.37624e-05
0.00453157 -0.000955761 0.000337764
0.00198939 0.00149236 0.0118786
0.00466234 0.000226757 0.00070017
0.00573885 -0.000160806 -0.000325495
0.00431405 -0.000660638 0.000513167
0.00402648 -0.000411318 0.000221784
0.00454378 0.000673164 0.00122325
0.00449227 0.000207262 -0.000425093
0.00449441 -0.000112415 0.000286372
0.00474213 0.000253354 0.00102765
0.00453352 -0.000991243 0.000372916
0.00174951 0.00164576 -0.000279706
0.00481245 -0.000422653 0.000757905
0.0045826 0.000557573 -0.000204215
0.00401927 0.000736108 0.000214943
0.00429507 -0.000691098 0.000213948
0.0040468 0.000974288 0.000295867
0.00471007 0.000506119 -0.000208988
0.00459617 0.000324585 -3.09922e-05
0.00490425 3.95729e-05 -6.01517e-05
0.00453929 -0.000411179 0.000366408
0.00437785 0.000734125 0.000914027
0.00455611 0.000434368 3.87649e-05
0.00453389 -0.000227709 -9.04667e-05
0.00494059 -0.000903489 0.000283284
0.00471099 0.000782452 0.0011129
0.00483684 0.000445438 4.54691e-05
0.00478993 0.000142665 -0.000531596
0.00467002 0.000440485 -0.000294117
0.00462893 -0.000737719 0.000578664
0.00607553 4.52204e-05 -0.000613652
0.00443799 -0.000243848 -0.000104319
0.00505794 -0.000551204 0.000397586
0.00346776 0.000412469 0.000485417
0.000816045 -0.000924363 0.0164649
0.00463498 -0.000472341 0.000689278
0.00454543 -2.13203e-05 -0.000221161
0.00312962 0.00122339 0.0099875
0.00436801 -0.000201143 0.000311486
0.0050733 -0.000612992 0.000294644
0.00482935 0.000242844 -0.000347795
0.00468076 0.000475305 2.61546e-05
0.00471501 0.000112533 0.000910408
0.00483696 0.000395604 7.72994e-05
0.00491303 0.000399961 -2.39035e-05
0.00481476 -0.000279909 0.000925786
0.0044937 -0.000694705 0.000223534
0.00461522 -0.000700475 0.000184664
0.00481758 0.000509485 6.02869e-06
0.00461242 -0.00085112 0.000438754
0.00455983 -0.000715792 0.000556339
0.00419052 -0.000608181 0.000470432
0.00465127 -0.000886951 0.000291185
0.00449385 -0.000847719 0.000326373
0.00453039 -0.000834931 0.000380051
0.00433587 -0.000969294 0.000122002
0.00449656 -0.000778141 0.000589197
0.00411562 0.000546107 0.000299588
0.00469211 -2.7199e-05 0.000565672
0.0045314 -0.000655494 0.000326357
0.00456166 -0.000965941 0.000355394
0.00493788 0.000691644 -0.000102065
0.00453739 -0.000969775 0.000366981
0.00202345 0.00544531 0.00961947
0.00465532 -0.00036977 0.00064893
0.00473661 0.000258703 -0.00061268
0.00454404 -0.000521606 0.000285946
0.00430962 0.000182291 0.000310096
0.00444139 -0.000893302 8.28089e-05
0.0013936 0.00380577 0.00989773
0.0043647 -0.000475452 0.000769918
0.00464821 -0.000359419 0.00108926
0.00468161 0.000667906 0.00119998
0.00455103 0.000646634 -0.000202193
0.00439085 -0.00079903 0.000458078
0.00790293 0.00592233 0.0105704
0.00428602 -0.000647501 0.000167654
0.00398798 -0.000701029 0.000126903
0.00451098 -0.000847151 0.000352293
0.00472128 0.000135665 -0.000524091
0.00455799 0.000190834 0.000347562
0.00458892 0.000206637 -0.000570896
0.00472377 -0.000100035 0.000115659
0.00457075 -0.000885263 0.000325991
0.00431619 -0.000591133 0.000496388
0.00427665 -0.000561822 0.000471499
0.00440417 -0.000638824 0.000313544
0.00480267 0.000131058 -0.000436461
0.00454793 -0.000278422 -8.69841e-05
0.00469549 -0.000812787 0.000345346
0.00465152 0.000364357 -0.000160165
0.0048583 0.000466778 4.15962e-05
0.00448636 -0.000289653 0.000326822
0.00494846 0.000444391 5.6861e-05
0.00468166 -0.00094991 0.000342974
0.00446801 -0.000739221 0.000314573
0.00477945 0.000500668 4.50159e-05
0.00480263 0.000455519 4.41074e-05
0.00452207 -0.000942814 0.000354825
0.00462598 -0.000585478 0.000871282
0.00432446 0.000198905 -0.000534696
0.00462001 -0.000729396 0.000560549
0.00455421 -0.000642219 0.000281117
0.00423381 0.00192553 -0.000775761
0.00427905 -0.000281969 -4.29278e-05
0.00447665 -0.00061624 0.000320018
0.00410698 -0.000627194 0.00050831
0.00458133 -0.000851598 0.00039518
0.00469287 -0.000877003 0.000291967
0.00461239 -0.000762369 0.000579829
0.0043515 0.000616624 -0.000193468
0.00487998 -2.61709e-05 8.48928e-06
0.00491805 0.000456229 4.74474e-05
0.00434751 -0.000576101 0.000312975
0.00494712 -0.000648968 0.000347332
0.00482783 4.02295e-05 0.000154856
0.00482954 0.000104961 -0.0005038
0.00452242 -0.00097271 0.000367314
0.00438779 0.000143006 0.000314652
0.00485372 0.000536881 9.9505e-06
0.00416595 -0.000611675 0.000474096
0.00479296 0.000470833 -0.000208583
0.00460348 0.000107241 -0.000490749
0.00428396 -0.00072698 0.000553123
0.00433947 -0.000704693 0.000217332
0.00493345 0.000449373 4.51364e-05
0.00455087 0.000523753 -0.000204231
0.00489393 0.000439562 5.38396e-05
0.00479925 0.000485899 -0.000225057
0.00422785 0.000569455 0.00120944
0.00439067 0.000136672 -0.000478442
0.00488188 0.000324897 -0.000411453
0.00450351 -0.000570242 0.00032485
0.00492963 0.000398486 7.97346e-05
0.00460659 -0.000879026 0.00029774
0.00485795 -0.000541674 0.000866567
0.00480276 0.000453038 5.18917e-05
0.00482481 5.66987e-06 -0.000478491
0.0045341 -0.000891621 0.000310255
0.0046726 -0.000864794 0.000299779
0.00442185 -8.9929e-05 0.000992769
0.0039278 -0.000674615 0.000279386
0.00450642 -0.000763897 0.000325594
0.00469363 0.000453095 3.68663e-05
0.00443615 -0.000348358 0.000131561
0.00452749 -0.000914754 0.000334267
0.00441307 0.0001831 -0.000524759

VECTORS force float
-1.37792e-09 -8.81954e-10 1.032e-09
1.57139e-09 1.69089e-09 -1.10612e-10
5.94338e-09 -9.22686e-10 3.16548e-10
3.10046e-09 -2.77063e-09 4.72854e-09
1.50083e-08 8.28596e-09 -6.99318e-09
6.50256e-09 -2.00262e-08 -5.07095e-09
-3.26782e-09 -5.36419e-09 -4.85974e-09
-4.84139e-09 -4.85156e-10 7.825e-11
1.25481e-08 -3.61976e-09 -2.04865e-09
-1.28902e-09 6.09432e-10 -4.27886e-10
-1.01855e-09 3.08046e-10 -1.04947e-09
-1.16966e-09 1.09698e-09 -1.53881e-09
-1.3541e-08 -6.34945e-09 5.56305e-09
-4.25174e-10 3.12051e-10 1.7627e-09
5.4493e-09 1.59595e-09 -2.99781e-10
0.0 0.0 -3.8832e-08
-5.23785e-09 -8.52269e-09 3.53707e-09
-5.43996e-10 -5.94933e-09 6.83695e-09
-4.40692e-09 -2.6333e-09 1.80145e-09
1.87006e-09 8.87878e-10 1.51826e-09
-6.57072e-09 -3.08291e-09 1.16074e-09
6.05502e-09 4.37278e-09 -7.41068e-10
-4.03555e-09 1.10652e-08 -1.13299e-08
-5.27163e-08 -1.50312e-08 3.72866e-09
7.06518e-10 -3.14074e-10 1.02534e-09
-1.47785e-09 -1.37322e-09 -2.18663e-09
-4.79535e-09 -4.82454e-09 2.52697e-09
5.06948e-09 -6.2144e-09 2.7512e-09
-3.52237e-08 1.54401e-08 1.41701e-08
-8.06292e-09 -2.47088e-09 1.11145e-09
-2.75827e-09 -5.16033e-09 4.59998e-09
-9.71102e-11 -4.4956e-10 2.80593e-10
2.19526e-09 2.26661e-09 -2.67383e-09
-9.17062e-10 -1.42526e-10 -4.90895e-09
-2.18409e-09 1.95402e-09 4.42144e-09
3.47773e-09 1.5151e-09 4.6283e-09
-1.43006e-09 -9.73183e-10 4.6403e-10
1.08484e-09 7.95758e-10 -1.02313e-09
-1.39728e-08 1.15629e-08 1.70753e-10
7.154e-11 -6.41228e-09 7.65757e-09
-2.09076e-09 1.48288e-09 1.11705e-08
1.38785e-10 5.27727e-10 3.25341e-10
2.66857e-09 4.59992e-11 -1.14754e-10
-4.73256e-09 -2.56537e-09 9.06545e-10
1.22286e-08 -1.01518e-08 6.58361e-10
-7.43666e-11 -8.99739e-09 5.37952e-09
6.66303e-09 1.54438e-08 -2.22256e-09
1.37806e-09 -1.99699e-10 3.00861e-09
1.02415e-09 4.21562e-09 2.54073e-09
-2.65362e-09 -3.25691e-09 -8.48461e-09
-1.72797e-08 1.33445e-08 2.49308e-08
-3.73234e-09 2.49433e-09 -1.16717e-09
1.05169e-08 3.3736e-09 1.26783e-09
2.82846e-09 -5.17937e-10 7.13579e-10
3.74655e-10 2.36804e-10 -7.06173e-11
-2.54459e-09 -3.20104e-08 3.18772e-08
-3.58647e-08 -3.01e-09 3.71627e-08
3.84106e-09 -1.87778e-08 2.23441e-08
4.421e-09 9.96977e-09 -5.78161e-09
1.55915e-09 4.47822e-10 4.55532e-09
-3.06517e-09 -7.80252e-09 3.35748e-09
-4.33971e-09 1.03444e-08 -6.35734e-09
-2.79904e-09 -1.40111e-09 -1.79036e-09
-9.53787e-09 4.044e-09 -2.62819e-09
-3.80857e-09 -7.58811e-09 -3.66467e-10
-1.03002e-08 5.60267e-09 -5.19762e-09
3.06181e-09 1.70999e-10 -1.47594e-09
7.39171e-09 -6.02736e-09 8.50722e-09
6.12675e-10 3.99064e-09 2.6072e-09
7.19027e-09 6.29056e-10 3.84462e-10
2.8226e-10 -6.88838e-09 3.1202e-09
4.45041e-10 4.5449e-09 1.4988e-09
5.62281e-11 -5.61136e-10 -1.30842e-09
5.61432e-09 -1.87625e-09 1.71701e-10
-5.2525e-09 5.01315e-09 -1.08024e-09
-3.79668e-09 -1.05939e-09 2.47942e-09
-1.34457e-09 -6.26315e-09 -2.45018e-10
6.44581e-09 -4.36006e-10 -1.15888e-09
1.26742e-09 3.86853e-09 -2.64675e-09
4.69129e-09 -4.65377e-09 4.69332e-09
3.82659e-09 -2.424e-09 3.26833e-09
7.14569e-09 1.45439e-09 -5.52695e-10
-8.2957e-09 -8.57612e-09 4.91469e-08
4.65719e-09 1.15593e-08 -1.53431e-08
-2.12378e-09 6.05662e-09 -4.34339e-09
-2.49354e-08 -3.88945e-08 4.93762e-08
3.91911e-09 1.26934e-08 7.6296e-09
-1.07388e-08 9.35068e-09 -1.04498e-09
-1.30688e-09 -6.5555e-09 2.56945e-10
-4.52951e-09 -8.05137e-09 -8.12908e-10
-2.90978e-09 -9.22917e-10 -2.49551e-11
-1.56468e-09 -1.55879e-09 2.4186e-09
1.11298e-09 4.27979e-09 5.32983e-10
4.25926e-09 -1.82588e-09 2.96322e-09
-2.00098e-08 7.66066e-09 -8.0518e-09
-1.05238e-11 -8.94011e-10 -1.32125e-09
-7.66174e-09 3.3644e-09 -1.37505e-10
-1.37822e-09 -4.27038e-09 -1.36129e-10
2.15977e-09 1.12587e-08 -1.45e-08
-7.75611e-09 1.52626e-08 -1.78975e-08
6.33395e-09 -1.29065e-08 -6.81548e-09
1.28389e-08 -3.93205e-08 -9.6056e-09
-1.15316e-09 -1.74889e-09 2.91723e-10
-6.79748e-09 -1.78904e-09 7.78686e-09
-3.5675e-09 -1.00504e-09 1.41321e-09
9.23013e-10 -5.08506e-09 4.61808e-09
-2.6622e-06 -4.28858e-06 6.0413e-06
-1.98772e-09 8.14913e-09 -3.9932e-09
-3.35418e-10 5.78907e-11 1.64379e-08
-4.25789e-09 1.37493e-09 1.51228e-09
-4.61125e-09 -2.51464e-09 -8.8187e-09
5.00086e-09 -5.26097e-09 5.99319e-09
-6.26135e-09 7.80209e-09 -9.01217e-09
6.08997e-10 2.7533e-09 -1.73223e-09
3.60592e-09 1.93162e-09 -6.36938e-10
1.8384e-08 -1.03263e-08 1.18134e-09
2.12998e-09 1.94853e-08 2.93027e-09
-2.59056e-09 -1.99074e-08 2.83972e-08
-3.41605e-09 -1.51707e-09 1.63585e-09
-6.1357e-09 -9.60504e-10 6.69173e-10
3.96725e-09 1.31391e-09 -1.11114e-11
5.63505e-09 -4.46937e-09 5.84992e-09
8.20124e-10 -5.33243e-10 -1.07992e-09
4.38947e-09 3.11225e-09 6.2521e-10
6.63094e-10 3.88648e-09 -1.1098e-09
1.18487e-09 -1.41845e-09 4.44394e-10
9.58399e-09 1.46742e-11 2.05262e-10
6.20855e-09 -1.32386e-09 -4.55272e-10
9.58739e-10 -1.18682e-09 4.38625e-10
2.33466e-11 1.09045e-09 4.7974e-10
-3.42481e-09 -3.33803e-09 -4.73351e-10
3.79836e-09 2.70283e-09 -2.34437e-09
9.82164e-09 7.78685e-10 3.57746e-11
-1.68623e-09 9.38259e-11 8.40183e-09
-9.16307e-09 7.61364e-09 -8.75881e-10
1.19116e-08 -1.3114e-08 3.03444e-09
-5.82197e-09 -2.09542e-08 2.36493e-08
5.42483e-09 1.46279e-10 1.07384e-10
-1.37441e-08 5.78632e-09 2.96439e-09
-1.55524e-09 -3.44703e-10 -2.06114e-09
2.05659e-08 1.3653e-09 8.36613e-09
2.7616e-09 -6.56862e-09 -8.52407e-10
-4.24043e-09 1.46079e-08 -2.27943e-08
-1.9083e-08 -1.70328e-08 2.57274e-08
7.31918e-09 -2.18478e-08 2.02151e-09
1.02551e-08 -8.36316e-11 1.90114e-10
-6.80547e-10 1.16545e-09 -6.80939e-10
1.02261e-08 -1.82419e-08 1.81441e-08
-1.57461e-08 4.79257e-08 -5.38261e-08
-1.29678e-08 -8.81249e-09 3.93232e-09
-1.67845e-09 -6.38646e-10 -2.26676e-09
-4.44903e-10 -4.07637e-10 -7.37947e-10
-4.13507e-09 -4.99528e-09 2.10582e-09
3.40614e-09 3.3778e-09 -9.07551e-11
-1.83769e-08 -1.43053e-08 -2.92823e-09
2.54412e-09 2.67581e-10 -5.52966e-09
3.54119e-09 9.5616e-09 -1.26759e-08
2.58727e-08 -1.714e-08 3.98689e-09
1.3586e-08 2.20527e-09 -8.92166e-09
1.94523e-11 3.46772e-09 -3.87776e-09
1.65695e-09 -5.09775e-09 1.39528e-09
-1.34068e-08 -5.60161e-08 3.90018e-08
-7.33746e-09 2.37534e-09 -3.41485e-09
1.81087e-09 4.54849e-09 -4.4968e-09
8.7531e-10 2.04336e-10 -1.32755e-11
3.24074e-09 1.15244e-08 -9.03092e-10
1.23219e-08 -4.24231e-09 7.15123e-10
9.79552e-09 -1.51821e-08 -2.9626e-09
2.36956e-09 1.10383e-08 -9.20593e-09
-5.20952e-09 -3.59336e-09 -3.58206e-09
4.13113e-09 -1.32875e-08 1.13954e-09
-2.14796e-11 -8.81994e-10 3.14032e-09
3.09656e-09 6.34951e-10 5.35088e-10
2.1908e-09 -9.03062e-09 4.33455e-09
6.72179e-10 6.91865e-10 3.23696e-09
4.56415e-09 2.98777e-10 2.38198e-09
-5.05802e-09 1.41247e-08 -1.6448e-08
-1.27952e-09 3.94218e-09 -6.63408e-10
-1.02457e-08 -7.43993e-09 8.14263e-10
-2.79387e-09 5.17124e-10 -4.74703e-09
6.28588e-10 3.46116e-09 -2.66175e-09
-4.63517e-10 -1.18334e-09 4.84397e-10
-9.32008e-09 1.05339e-08 -6.36972e-09
-1.49141e-08 2.65288e-08 -1.01985e-08
1.5078e-08 5.49129e-09 -4.60471e-09
4.8135e-10 -3.25456e-09 2.03101e-09
3.18452e-10 6.94331e-09 -3.04549e-09
3.94447e-09 1.37424e-08 -3.6454e-09
9.16306e-10 2.33563e-09 2.85183e-09
4.38592e-09 -1.6799e-09 -7.96801e-10
4.98606e-09 -3.03887e-09 1.33372e-09
2.1085e-09 -4.47978e-11 4.34209e-09
6.14353e-09 1.09401e-08 -2.0686e-09
-3.59478e-08 -8.893e-09 5.86698e-09
-3.95408e-10 -1.37589e-09 2.26428e-09
6.17005e-09 4.54146e-10 7.59254e-09
2.54119e-08 -5.39104e-09 2.47056e-09
-6.19828e-10 -8.03512e-11 4.6566e-09
2.01776e-09 -2.83568e-09 -2.37417e-09
-6.02915e-09 1.05071e-09 8.06125e-09
2.60778e-09 1.14087e-08 -8.06535e-09
-8.53743e-09 -2.54819e-09 -2.04266e-09
-2.19196e-09 -5.26297e-09 5.9727e-09
6.02999e-09 5.47368e-09 -1.85682e-09
-3.56949e-09 1.04735e-08 -4.80053e-09
-1.07112e-09 3.97763e-09 -7.44511e-09
-1.21235e-09 1.21418e-08 -7.80877e-09
-4.51096e-09 1.37472e-08 -1.6095e-08
4.66821e-09 2.64743e-09 1.10155e-09
-1.21329e-09 1.73978e-09 -1.15278e-09
-2.01443e-08 -4.63601e-09 5.23203e-09
1.1623e-09 -9.54887e-09 1.05878e-08
-1.44937e-08 8.05552e-10 7.82971e-09
5.03774e-09 -2.72452e-09 -1.71402e-09
8.74786e-09 3.34416e-09 -1.07647e-08
-1.53636e-09 -9.09605e-09 5.23659e-09
9.64348e-09 -1.04187e-09 -2.42919e-09
-2.57952e-09 5.5768e-10 -1.23573e-09
9.21835e-10 3.17487e-09 5.78125e-10
7.57355e-09 2.61419e-09 -3.14556e-09
-2.07088e-08 1.02761e-08 7.42474e-09
1.15058e-08 -4.17829e-09 1.99725e-09
5.13883e-10 -1.66672e-09 3.67519e-10
-9.85441e-09 3.43367e-10 -7.26994e-09
9.4784e-09 -8.59326e-09 6.61031e-10
-5.9625e-09 8.95302e-09 -3.77838e-08
-1.36173e-09 4.68652e-08 -1.064e-08
-5.5345e-09 1.13191e-08 -2.79449e-08
-4.41738e-09 -1.04419e-10 -7.96397e-10
2.93631e-09 4.07229e-10 -2.19048e-09
6.93675e-09 -4.48717e-09 2.65073e-09
2.59713e-09 2.38683e-09 1.15855e-09
-1.82743e-09 4.12347e-09 -5.69676e-09
1.49277e-08 2.02728e-09 -5.55103e-10
2.58401e-09 2.80772e-09 -2.34455e-10
-3.55932e-09 -8.26497e-09 -3.41227e-09
-2.74654e-09 -7.07869e-10 3.1273e-09
3.98837e-09 1.27094e-08 6.60202e-09
-8.84664e-09 2.46467e-08 3.50161e-08
2.95522e-09 -8.70039e-09 2.26712e-10
2.61188e-09 1.64998e-09 -6.10019e-09
-1.3952e-09 4.35871e-10 1.90033e-09
3.27817e-09 -1.39436e-08 -2.46998e-09
1.40743e-08 1.44419e-08 -2.26356e-08
-3.79826e-09 -1.82721e-09 2.05453e-09
5.0633e-08 -2.43942e-08 4.07889e-09
6.42212e-10 2.31607e-10 -1.82121e-08
3.32749e-09 -6.30438e-09 4.89911e-10
-4.82333e-10 8.03665e-09 -7.65318e-09
-3.83829e-09 -2.5895e-09 -2.88004e-09
-1.13982e-09 -1.53175e-09 1.96088e-09
-5.89947e-09 -5.52113e-09 -2.08558e-09
-4.63362e-10 -3.43434e-08 1.2552e-08
-3.26597e-09 4.71676e-09 1.66094e-08
2.45561e-08 -6.01141e-09 4.97096e-09
-1.26446e-09 8.60374e-10 9.87451e-09
-2.65564e-09 -8.55883e-09 1.15133e-09
2.44811e-09 -3.94497e-09 1.70538e-09
6.26702e-09 -5.60966e-09 5.87552e-09
5.63283e-09 -7.49101e-09 7.91736e-09
7.64492e-09 8.731e-09 -1.73571e-08
-4.63906e-09 6.25471e-09 -5.68974e-09
5.54681e-09 -5.11668e-09 2.37941e-09
-5.11316e-09 -1.91516e-09 6.64671e-10
-3.73829e-09 -1.1349e-08 2.74075e-08
3.18637e-09 -5.29283e-09 -1.06812e-08
3.38054e-09 -2.94538e-10 1.09346e-09
8.74741e-10 5.85701e-10 5.3107e-10
-2.89723e-09 -1.42769e-08 4.15721e-09
4.92465e-10 8.60748e-09 -1.08626e-08
6.0011e-09 7.81821e-10 -1.01665e-09
9.3226e-09 -1.37002e-08 -3.75735e-10
6.08583e-09 -5.8524e-09 4.94797e-09
-3.13361e-09 1.20894e-08 -5.61472e-10
-4.93182e-09 1.63785e-09 -1.28848e-09
8.37887e-09 3.56908e-09 -8.4085e-09
-3.32657e-08 -1.41945e-08 4.12674e-08
-7.45985e-10 8.07133e-10 -9.56304e-10
-1.69666e-10 4.88595e-10 4.26487e-10
8.63862e-10 -8.24092e-10 -1.71926e-09
-7.09937e-09 2.91327e-09 -1.4434e-09
1.57931e-09 2.25389e-09 -2.51324e-09
-4.99976e-09 -5.3825e-09 -4.62918e-09
3.19874e-09 2.72085e-09 -4.84097e-09
-2.83447e-08 1.22294e-08 1.08736e-08
3.25021e-09 -1.51009e-09 1.57124e-09
-6.8436e-09 -5.37263e-09 -8.54295e-09
4.3727e-09 -9.68276e-09 6.47006e-09
8.29955e-09 8.06521e-09 -2.21833e-09
1.63444e-09 2.74391e-09 2.91788e-10
8.4699e-09 8.29605e-09 2.68027e-10
-9.66717e-09 -1.0943e-08 2.79275e-09
-1.24034e-08 1.26288e-08 -8.74123e-09
7.2354e-09 -5.17847e-09 3.25813e-09
-5.05347e-09 -1.60734e-09 4.72371e-09
-1.83163e-09 -4.42581e-09 -1.70058e-09
-7.21856e-10 -2.12388e-09 1.35631e-10
2.61294e-08 -1.80748e-08 8.50825e-09
1.0751e-08 -1.08895e-08 2.08329e-09
-3.17105e-08 -1.65702e-09 -1.79583e-09
5.32058e-10 -5.73799e-09 7.95002e-10
-4.22816e-10 2.82291e-10 1.66636e-09
-4.08442e-09 2.23145e-09 3.9672e-10
-2.24752e-09 -2.42018e-09 -3.95008e-10
-2.51002e-09 4.61081e-09 -2.73389e-10
-4.92815e-09 -2.27526e-09 -8.00935e-09
1.04176e-09 3.83306e-10 3.00536e-09
-3.21166e-09 -4.7872e-09 -6.25394e-09
-1.59783e-08 -1.11603e-08 1.02522e-09
-8.03111e-09 1.70925e-08 -1.72654e-08
-3.83879e-09 -1.26132e-08 7.0445e-09
-6.41147e-09 -1.42482e-09 -8.24732e-09
-1.79533e-08 5.54191e-08 -1.08321e-08
2.14811e-10 2.07316e-09 8.6991e-10
-2.55973e-09 -4.86254e-10 -2.12166e-10
1.08487e-09 -3.24239e-09 -2.77957e-09
-1.80803e-09 -2.60774e-09 -3.1908e-09
-3.43462e-09 4.71647e-09 -5.97156e-10
-2.1514e-09 -1.93588e-10 -1.56484e-09
-2.88593e-09 4.74459e-09 -6.30751e-09
3.24644e-09 8.90429e-09 -1.1753e-08
9.90348e-10 -3.47693e-09 1.50623e-09
-2.68874e-10 -8.31375e-10 2.19219e-09
7.23583e-09 -1.08431e-08 8.32639e-09
2.76786e-09 9.44747e-10 1.20176e-10
-9.12818e-10 -6.79595e-09 -1.62546e-09
1.44825e-08 -1.15507e-08 2.15564e-09
7.34007e-09 -8.67262e-09 -1.2556e-09
1.98488e-10 -7.94504e-09 2.60455e-09
-8.44298e-09 7.24142e-09 3.54929e-09
8.09932e-09 2.22283e-09 -1.25733e-09
7.34025e-10 1.31463e-09 -8.84476e-10
-1.47495e-10 1.4093e-09 -6.83841e-10
2.40203e-09 -1.62943e-08 8.67381e-09
2.4184e-08 -1.18947e-08 2.78515e-09
1.76073e-09 -8.04255e-09 8.89978e-09
-9.64724e-10 -1.09098e-09 7.08941e-10
7.21531e-09 -5.45771e-09 7.46713e-09
8.29956e-09 1.19496e-09 1.84459e-09
2.21774e-09 -5.6545e-10 6.02841e-09
-1.99251e-09 1.05671e-08 -7.12766e-09
-6.79657e-09 3.17519e-08 -2.91785e-08
6.75887e-09 -1.26386e-09 -2.81141e-09
-1.77725e-10 6.87374e-10 3.74129e-10
6.2263e-09 8.94181e-09 -8.10548e-09
-6.46996e-09 1.45375e-08 -2.0503e-08
-8.4836e-10 1.19752e-08 -1.47107e-08
5.4242e-09 -2.22164e-09 1.05939e-09
-4.12675e-09 2.53389e-09 -6.65643e-09
-5.02371e-09 1.14295e-08 -1.16434e-08
7.46971e-09 -9.47904e-09 2.12273e-09
-2.42702e-09 3.91467e-09 -1.01075e-08
1.01811e-09 -7.34582e-10 1.36438e-09
-2.41399e-09 5.30615e-10 -1.7212e-09
-5.7098e-08 9.00364e-10 1.1624e-08
-7.79114e-09 -1.51324e-09 -3.36493e-10
-5.92001e-09 4.97912e-09 -6.16697e-09
-5.72133e-10 -1.22338e-10 -7.0278e-12
-3.35128e-09 5.37079e-10 -5.66904e-10
-8.77746e-10 -1.90933e-09 3.73409e-09
-3.91276e-09 8.01078e-10 -5.59915e-09
-5.30872e-10 -2.42847e-09 4.37217e-10
1.4734e-08 -9.26661e-10 -6.06691e-10
8.00231e-09 1.16775e-08 -6.9194e-09
2.88308e-09 1.1136e-08 -5.09542e-09
-2.85983e-09 4.18235e-10 -3.52727e-09
-6.63136e-09 1.93825e-09 -1.54041e-09
2.89932e-10 1.69889e-10 -1.47086e-09
-2.8338e-09 -1.50643e-09 1.74931e-10
-1.17247e-08 3.42101e-09 -8.56886e-10
2.74157e-09 -7.89116e-10 1.29333e-09
1.92953e-10 5.90478e-10 -6.48628e-10
-6.75616e-09 5.56646e-09 1.06213e-09
-2.45603e-09 1.70195e-09 -2.5898e-09
-8.61756e-10 3.25516e-10 8.2795e-10
-3.35942e-09 3.5793e-09 -3.05891e-09
7.76819e-10 -4.26828e-09 1.05548e-09
-5.30517e-09 2.27669e-08 -2.67517e-08
-4.26315e-10 -1.80789e-09 1.62993e-09
-8.58723e-10 4.28934e-09 -4.63775e-09
2.81941e-10 -5.08645e-10 -5.19108e-10
-6.21584e-09 -1.80391e-08 3.33223e-09
1.40185e-12 -8.54414e-10 -1.21072e-09
3.73491e-09 -3.48861e-09 -1.04954e-09
5.27486e-09 4.46965e-09 -2.40451e-09
-1.82207e-09 -1.03272e-09 9.66747e-10
3.59018e-09 -3.21218e-09 1.45291e-09
4.17235e-09 1.14671e-08 -8.01666e-09
1.80984e-09 -5.33736e-09 -1.47562e-09
-1.3875e-08 3.13214e-09 2.82675e-09
-1.7227e-08 1.11726e-08 -1.97351e-10
-3.05045e-09 -3.44598e-09 -4.3605e-09
-6.39406e-09 -2.90319e-09 -6.77545e-10
-4.15626e-09 5.3405e-10 1.20796e-09
1.19261e-08 8.16442e-10 -4.35233e-10
3.20844e-09 -1.76282e-08 -1.0158e-08
3.09896e-09 -1.27757e-09 1.29063e-09
6.33815e-11 -2.1796e-09 -4.89883e-09
-4.27344e-09 4.04831e-09 3.01501e-09
3.7197e-09 4.16885e-10 -5.17942e-10
1.35519e-09 3.68915e-10 -3.84631e-09
-2.00477e-09 -1.00115e-08 9.85147e-09
4.87922e-10 7.55578e-10 1.09124e-10
-6.52118e-10 1.36247e-09 1.73159e-09
-8.81316e-09 -2.26486e-08 -4.38976e-09
-1.14216e-08 5.03957e-09 -6.73844e-09
-2.10259e-09 -1.22095e-10 1.25019e-09
-6.02476e-10 -5.8011e-10 1.47597e-10
-9.90597e-09 8.98538e-09 -6.88327e-09
-3.26517e-09 1.10615e-10 -1.74429e-09
4.64349e-09 -1.47773e-09 -3.722e-09
3.01504e-09 -4.02672e-09 -4.90675e-09
-2.86881e-10 -1.48493e-09 1.40814e-09
-1.48498e-09 -5.78285e-10 -2.08787e-10
5.10011e-09 -2.01381e-09 2.08479e-11
2.09715e-10 1.47236e-09 -5.27529e-10
-5.1939e-09 7.82293e-09 -2.00013e-09
-1.24521e-09 -9.86035e-09 7.88553e-09
-5.48133e-10 1.20786e-08 -1.17956e-08
8.7638e-10 -1.8267e-09 -6.36036e-09
8.47918e-10 6.9087e-10 -1.19866e-08
-3.22228e-09 -5.23743e-10 -2.26627e-08
-5.02154e-10 -3.50579e-09 7.11528e-09
1.64976e-10 -4.67977e-10 -8.92813e-10
2.92835e-09 -5.26315e-09 2.04375e-09
1.26841e-09 7.22472e-09 -5.6709e-09
-1.3479e-09 3.141e-10 -1.25818e-12
-1.02626e-09 5.35437e-10 -3.53524e-09
3.09907e-10 6.18e-09 -2.10175e-09
5.83169e-09 2.82282e-09 -2.04113e-09
-4.22622e-09 -2.56403e-09 -3.33863e-09
-4.23122e-09 1.01433e-08 -5.40026e-09
-3.02301e-09 -9.39187e-10 -2.14571e-09
-5.20509e-09 5.27121e-09 -3.239e-09
7.13903e-10 -6.46327e-10 -1.08071e-09
3.7239e-09 2.26436e-09 -1.17018e-09
-5.45707e-10 1.6844e-09 -5.34439e-10
3.83999e-09 6.47002e-09 -8.98626e-09
7.40136e-11 -1.77249e-09 3.40742e-09
1.2093e-09 -1.79965e-09 -2.80839e-10
-3.77866e-09 -1.04574e-08 1.20022e-08
3.84067e-09 -1.92942e-09 -4.27832e-10
8.07118e-09 -3.36316e-09 -1.00883e-08
4.41158e-09 6.60756e-09 -3.80537e-09
7.51354e-10 7.43545e-10 4.20922e-11
5.86448e-09 1.22764e-08 -1.88752e-08
-6.35828e-09 -2.33671e-08 6.84751e-09
-1.65161e-09 3.49615e-09 -1.06646e-09
1.53935e-10 -1.96818e-09 2.3918e-09
-3.79462e-09 6.51723e-09 -5.59898e-09
8.75055e-09 -7.51327e-09 8.11005e-09
-1.47049e-09 1.64896e-09 -2.93789e-09
1.38205e-10 8.25688e-10 -4.19602e-10
-5.54341e-09 7.64324e-09 -3.80886e-09
1.48396e-09 1.86148e-09 -3.25487e-09
9.38192e-09 -6.01195e-10 -1.26397e-08
-9.90739e-09 6.82238e-09 -2.30306e-09
-7.05986e-10 1.0295e-09 1.30156e-09
2.94415e-09 -4.37588e-09 7.05123e-09
-8.39098e-09 -1.23042e-09 5.19693e-09
2.32118e-09 -1.22613e-09 2.08028e-09
-6.90189e-10 4.42809e-09 5.92719e-11
4.58108e-10 -1.41933e-09 1.01561e-09
-6.90332e-10 7.18705e-09 -1.07563e-08
-5.1826e-10 -4.47985e-09 5.50729e-09
-3.0091e-09 -2.99119e-09 -5.09941e-09
7.07843e-09 -5.35605e-09 1.65377e-09
-4.10213e-09 -1.1358e-09 1.00365e-08
-2.95665e-09 -1.99411e-09 3.00104e-10
-1.79751e-08 -5.25745e-11 -5.75158e-10
7.54262e-07 2.14108e-07 4.44527e-07
-8.00605e-09 -2.2001e-09 -3.57393e-09
4.48607e-10 9.29285e-09 -6.59152e-09
3.05585e-09 5.46563e-09 -2.83849e-09
1.48251e-08 -4.96751e-09 -8.5749e-09
-3.58581e-09 -2.76578e-09 -5.43206e-09
-2.83639e-09 -4.92361e-10 9.07686e-10
-6.78573e-09 4.19152e-09 -4.84845e-10
-6.0851e-09 -4.56943e-09 5.94739e-10
-8.1341e-10 -2.76502e-09 1.38698e-09
-3.66237e-10 -4.49236e-10 -1.41877e-11
6.1868e-10 -7.48392e-09 1.05607e-08
-6.03203e-09 -3.01596e-10 -4.53631e-09
-6.18423e-09 -5.20055e-09 2.21956e-09
-8.94899e-09 1.35558e-09 3.09356e-11
-1.07401e-09 -1.40154e-09 -1.63716e-09
-8.71777e-11 -8.74393e-09 9.95453e-09
-3.34818e-09 1.08855e-09 -1.29124e-09
-4.46948e-08 3.36817e-09 -2.37684e-09
-5.16503e-09 -6.20194e-09 2.25602e-09
2.85665e-09 -4.27606e-09 -5.44346e-09
1.6851e-09 -1.42707e-09 2.81853e-10
-3.77546e-09 8.70628e-10 -2.5558e-08
2.5312e-09 3.79573e-09 -4.05389e-09
-3.88264e-09 -2.13873e-09 7.47841e-10
1.32609e-08 -6.61824e-09 3.61003e-10
-5.39625e-10 2.23802e-09 -3.21656e-10
-2.44878e-09 3.11479e-09 -6.24899e-09
-5.50211e-09 4.94761e-09 -1.76668e-09
-6.52727e-10 -2.24536e-09 9.42093e-11
-1.18598e-08 -6.94901e-09 1.34953e-09
1.75715e-09 -2.79934e-09 -1.38813e-08
-5.41374e-10 -1.75178e-09 2.63181e-10
-4.41226e-09 -2.64119e-09 6.93155e-09
5.85919e-09 -8.87367e-10 -1.68109e-09
7.90226e-09 8.80325e-09 1.5532e-09
2.14734e-09 -1.56947e-09 2.14238e-09
-8.32584e-09 9.51331e-10 6.10817e-10
-2.06308e-09 -5.69904e-09 5.91451e-09
-2.60808e-09 -8.00195e-09 1.09186e-08
1.93922e-09 2.98406e-09 -3.84793e-09
9.84953e-09 4.22776e-09 -2.20561e-10
-3.48698e-09 1.04929e-08 -7.20379e-09
2.34474e-09 -1.13031e-09 2.621e-11
-5.91852e-10 3.6452e-09 -3.44277e-09
-7.26793e-09 3.05065e-09 3.28886e-09
-1.80348e-09 -4.7285e-10 1.3103e-10
2.88128e-09 -7.72209e-09 7.71511e-09
2.6972e-10 7.61929e-10 -1.44847e-10
-4.78991e-10 1.58349e-09 -3.62378e-09
4.82696e-09 5.89546e-09 -1.25229e-08
-3.63671e-09 3.22576e-09 4.89533e-10
5.00849e-09 1.4876e-08 -3.21054e-08
6.54985e-09 -3.221e-09 4.15621e-09
-8.67665e-09 3.32584e-09 -4.56732e-09
2.07482e-09 2.23746e-09 9.26378e-10
5.57342e-09 -7.68331e-09 2.23993e-10
-2.28767e-09 -7.07606e-09 -4.36538e-09
-5.40652e-10 2.40523e-09 3.0967e-09
-5.00278e-09 -4.78889e-09 4.64192e-09
7.94327e-09 1.90358e-08 7.82261e-09
8.09503e-09 -1.47986e-09 7.67855e-10
1.30616e-09 8.60813e-09 7.69246e-09
-7.77106e-10 -6.13592e-09 5.65286e-09
4.93178e-10 4.51103e-10 7.1476e-11
-3.56334e-09 2.95069e-09 1.21953e-09
5.46526e-09 5.35413e-09 -1.93773e-09
-9.27456e-09 7.54831e-09 -4.08391e-09
1.24163e-09 -8.78774e-10 -2.75326e-09
-1.78185e-09 -1.47228e-09 -2.88789e-10
3.90674e-09 1.09527e-08 2.43848e-09
-1.1915e-09 -1.01637e-08 1.03469e-08
2.62186e-09 1.21505e-09 -1.67414e-09
2.00813e-10 -8.95102e-10 -8.89928e-09
1.38897e-09 -5.4518e-09 1.09804e-09
-4.51345e-09 -3.06242e-09 4.63831e-09
2.78735e-09 -2.75683e-09 -7.97059e-09
1.86518e-09 1.12867e-09 -3.02648e-10
-2.55241e-09 7.03214e-09 -8.71787e-09
7.23867e-10 3.97096e-09 -5.03977e-09
1.1826e-09 -5.17237e-09 2.846e-09
-7.66923e-09 4.80031e-09 3.10098e-09
4.34017e-09 3.74827e-09 4.4819e-09
1.11268e-09 7.51417e-10 -1.88217e-09
-2.31199e-09 -6.52702e-09 1.12185e-08
6.01636e-10 8.90988e-09 -8.02558e-09
0.0 0.0 -3.8832e-08
-3.02477e-09 5.698e-09 -1.15079e-08
5.16616e-10 1.98686e-09 -1.78773e-09
-1.89479e-09 -7.96345e-09 1.86838e-10
-3.43677e-09 8.86601e-10 -2.18701e-09
-4.09363e-09 -8.1741e-10 9.78888e-10
8.26502e-11 1.79873e-10 -3.54748e-09
1.95775e-08 5.04467e-09 -7.85197e-10
-4.44232e-09 -2.5586e-09 -2.55818e-09
1.57641e-09 5.8136e-10 1.17013e-08
-4.77835e-09 6.30749e-09 -3.32573e-09
-8.58315e-11 -1.04583e-09 -2.52731e-09
5.05732e-09 5.51302e-10 -4.27291e-09
5.04992e-09 -3.23965e-09 -9.06629e-10
-4.65305e-09 1.18245e-09 2.52812e-09
-2.13393e-09 -8.4999e-09 -2.39851e-09
-1.20126e-09 4.29445e-09 -4.39654e-09
4.69279e-09 1.63962e-08 -3.14327e-08
7.68526e-09 2.59415e-09 -2.51401e-09
-2.49628e-09 3.56219e-09 -3.30182e-09
-1.10721e-09 2.03857e-09 2.20778e-10
6.02914e-10 1.07179e-09 8.43979e-09
3.03218e-11 -1.43981e-11 -3.86959e-08
3.53444e-09 -1.94337e-09 1.05267e-09
-2.41437e-09 -2.02964e-09 -1.16996e-10
-1.05064e-09 -3.03492e-09 1.92886e-10
7.90492e-09 -1.20664e-09 1.9172e-09
7.62837e-10 6.26473e-09 -4.3194e-10
-2.8979e-09 -9.6845e-10 2.34564e-09
-1.34874e-09 -3.47327e-09 6.20806e-09
2.31071e-10 -2.51477e-09 2.49e-09
2.70894e-09 6.46055e-09 -3.3998e-09
1.51044e-09 -2.08698e-10 1.56793e-10
5.28111e-10 -1.20556e-09 -6.20746e-10
-1.34529e-10 6.13382e-10 -2.95193e-11
-5.29838e-09 -6.5778e-09 6.30668e-09
-3.431e-09 -6.72901e-09 -1.7298e-09
-2.01932e-08 7.48095e-09 5.24844e-10
-1.75398e-09 -1.19441e-10 1.86635e-11
6.40757e-09 -5.88087e-09 4.71575e-09
7.86258e-09 5.55336e-09 -4.25366e-09
-4.29172e-09 -1.78798e-09 3.2904e-11
-4.47097e-09 -8.25664e-09 1.07902e-08
-2.43115e-09 -2.25128e-09 3.07757e-09
-1.26372e-10 -1.05765e-09 1.13625e-10
2.54557e-09 -8.86309e-09 1.14034e-08
-1.17455e-08 -2.29919e-09 -2.80567e-09
7.50647e-09 -8.24843e-09 1.29754e-08
-2.58545e-09 -2.85149e-09 -1.25547e-09
-3.22227e-09 -6.73806e-10 -4.85306e-10
1.68861e-09 1.19074e-09 -9.43957e-10
-1.74395e-09 1.98303e-09 -4.65772e-09
-4.18993e-09 -2.70949e-09 1.44575e-09
-1.38693e-09 -1.92273e-09 1.13882e-09
6.8597e-09 -3.96572e-09 -8.54492e-09
-4.59126e-09 1.49382e-10 -3.98501e-09
2.44184e-09 -9.65131e-10 -2.3468e-10
1.14695e-10 1.55165e-09 -5.97246e-10
1.25558e-09 -8.44184e-10 8.08002e-10
8.7121e-10 -2.75457e-09 3.5149e-09
2.08206e-09 -7.20522e-09 -4.10258e-10
1.47838e-10 -5.04937e-10 6.90546e-10
9.51444e-10 -4.44675e-09 -4.06753e-10
3.04481e-09 -2.47651e-09 -5.33953e-09
-8.94126e-09 -6.58285e-09 3.21763e-09
-4.13053e-09 -2.84774e-09 3.57207e-09
-7.08382e-09 -1.33718e-08 1.14724e-09
5.62908e-10 -1.25078e-10 -5.02805e-09
-1.38158e-09 3.16144e-09 -3.13575e-09
1.50789e-09 2.97149e-09 -6.86859e-11
-1.47216e-09 1.57905e-09 -1.32807e-09
2.15524e-09 1.2795e-09 7.33549e-10
1.377e-09 1.10545e-09 -2.73371e-09
-5.23872e-09 -7.90937e-09 9.78436e-09
1.24888e-09 -1.55333e-09 -9.99938e-10
-4.02127e-09 1.4966e-09 4.32076e-10
-1.02168e-08 4.30414e-09 -2.49426e-09
-9.90708e-10 1.55888e-08 6.29719e-09
-3.42931e-09 -3.74509e-09 6.9501e-10
-6.93267e-09 -3.30922e-09 5.98949e-10
2.5268e-09 3.08881e-09 4.79519e-09
8.70484e-10 5.74965e-11 2.55791e-09
-2.11724e-09 -1.07785e-10 -1.45803e-09
-2.75539e-09 4.54782e-09 1.49392e-09
-3.30558e-09 -1.58911e-09 7.95363e-09
3.14921e-09 4.63876e-09 6.21698e-09
7.82953e-09 -2.56555e-09 6.63112e-09
2.66647e-09 2.49847e-09 -6.15208e-12
-4.61079e-10 -1.24164e-09 2.08471e-09
2.48179e-09 -7.8344e-09 5.9779e-09
5.36812e-09 5.26888e-09 -1.34477e-08
-3.90079e-10 4.04321e-09 3.319e-09
1.57285e-08 4.19137e-09 1.57763e-08
-3.18371e-09 -1.46199e-10 -6.63133e-10
4.08659e-09 6.35122e-10 -3.28556e-10
-2.36526e-09 -4.30735e-09 2.569e-09
4.60213e-09 -1.44343e-09 1.79837e-09
0.0 0.0 -3.8832e-08
4.85041e-09 4.43496e-09 -4.42292e-08
-2.1239e-09 1.70291e-09 -9.19366e-11
1.80934e-09 -3.32651e-10 3.38296e-09
-1.39236e-08 -2.93487e-10 1.04038e-09
9.48125e-09 -2.70238e-09 1.48933e-08
6.11032e-09 4.87971e-09 7.63804e-09
4.58684e-09 6.33299e-09 6.12315e-09
-4.57707e-10 -4.47964e-09 1.0761e-08
4.92967e-09 -8.11509e-09 4.86925e-09
-2.0027e-09 8.87243e-09 -1.29473e-08
-2.89944e-09 2.68556e-10 -6.18958e-09
-1.86e-09 1.63028e-09 -7.58518e-10
-3.04008e-10 -8.34781e-11 -5.91068e-09
2.25872e-09 -1.94707e-08 1.26191e-08
9.9514e-10 -8.18879e-10 9.99671e-11
-4.41801e-09 1.86438e-09 -3.97123e-09
6.13272e-10 5.471e-09 -1.31434e-09
-3.85085e-09 9.5821e-10 2.92727e-11
-5.47858e-09 2.97776e-09 -6.20041e-11
6.00289e-10 -1.62012e-10 -4.00917e-10
-1.42803e-08 -2.95928e-10 -1.61773e-10
5.82898e-09 -1.13487e-09 1.90437e-09
-1.73235e-09 -6.2421e-10 -1.29785e-09
1.58476e-09 -7.54494e-09 3.82186e-09
-7.09914e-09 -2.94514e-09 8.93115e-10
-2.12313e-09 9.3859e-10 -3.35304e-09
-2.38662e-09 6.06945e-09 1.94473e-09
-1.19987e-08 6.80142e-09 -1.08228e-09
-3.13544e-09 -2.96155e-09 -2.84701e-10
5.14242e-09 -1.29061e-08 -9.88311e-10
-2.66367e-09 -2.21915e-09 1.3813e-09
-3.88288e-09 3.33301e-09 -1.80074e-09
1.73892e-08 -4.08215e-09 7.72321e-09
-8.27905e-10 1.09776e-09 -1.2331e-09
2.42884e-10 9.9939e-10 6.65155e-11
1.14667e-09 2.0431e-09 4.56915e-10
-7.6674e-09 -1.02519e-08 -7.96641e-09
-1.85655e-09 -2.93901e-09 1.62468e-09
9.97069e-10 -6.12486e-09 1.21515e-09
-2.22543e-09 -1.29768e-09 1.29467e-09
4.522e-10 2.76916e-09 -1.7144e-09
-6.47947e-10 -8.07538e-10 -2.11346e-10
-8.55096e-10 1.50519e-09 2.98447e-10
6.19517e-09 3.34263e-09 3.32513e-09
9.7438e-10 -4.64616e-09 -6.04257e-09
3.98912e-09 1.68155e-08 -1.25655e-09
5.44864e-09 -3.39613e-09 -9.80588e-09
2.80193e-11 2.23877e-09 1.09629e-10
6.38787e-10 7.93309e-09 -7.48043e-09
-8.93516e-09 5.2079e-09 -3.01389e-09
-1.15537e-09 -1.17093e-08 9.91388e-09
-5.55019e-09 2.44021e-09 -2.32599e-10
-5.7275e-09 -2.02433e-09 -1.94771e-09
-4.81399e-10 -2.18015e-09 2.5373e-09
4.16111e-09 -4.88992e-10 -1.63997e-10
-9.83042e-10 -2.32872e-09 5.58152e-09
5.42727e-09 1.29596e-09 7.77533e-10
3.94895e-09 -9.59237e-11 3.75326e-10
2.4868e-09 -3.10944e-09 2.1506e-09
7.81456e-10 9.67569e-10 2.42132e-09
4.81253e-09 4.40744e-11 6.55165e-10
2.92717e-09 3.03018e-09 -1.5858e-09
3.48003e-11 3.64505e-10 3.16969e-09
8.28887e-10 2.92136e-09 4.37227e-10
-3.57609e-10 6.62421e-10 -4.14134e-09
-9.2677e-10 3.95566e-09 -2.94232e-09
-4.30146e-09 1.90502e-09 -5.48684e-10
2.44401e-10 3.6059e-09 -4.057e-09
-1.07425e-08 -2.03591e-08 1.99727e-08
1.10881e-09 -4.35892e-09 -6.63135e-09
-3.79515e-09 2.35308e-09 -4.19384e-10
1.29018e-09 3.83784e-09 -1.62084e-09
2.78921e-09 -6.28238e-10 1.55492e-11
4.82402e-09 -4.16575e-09 2.06215e-10
1.10711e-09 2.20601e-10 -2.43475e-09
-1.9999e-09 -5.8196e-09 8.11019e-10
-3.13229e-09 -1.10185e-09 -1.90055e-10
-1.65413e-07 -4.55121e-07 -5.98676e-07
1.94817e-09 3.84915e-09 1.3732e-09
-4.48446e-08 6.86767e-07 9.6627e-07
3.09822e-09 1.87445e-09 1.51686e-10
-7.96918e-10 -6.50932e-09 -3.50092e-09
-3.30884e-09 -6.10613e-09 4.83438e-09
4.13177e-08 1.3269e-08 -1.96083e-08
-5.02105e-10 4.76792e-09 2.33212e-09
1.80593e-09 -5.39196e-09 -4.30636e-08
-7.18723e-09 -9.3407e-09 3.61702e-10
4.92596e-09 -3.55057e-09 4.18516e-09
-9.68261e-11 -1.98354e-09 3.83818e-10
-2.21118e-09 3.80699e-09 -5.72108e-09
-1.31701e-08 5.44621e-09 -6.99353e-09
1.51051e-09 -2.56262e-09 2.41004e-09
5.31861e-09 2.46125e-09 -2.69883e-10
-1.48594e-08 -5.17301e-09 -5.9461e-09
-9.7088e-10 1.18655e-09 -5.10295e-10
1.91953e-09 8.85947e-10 6.83483e-11
6.55417e-09 2.10066e-09 1.35401e-09
3.85847e-10 4.75266e-09 -2.11484e-10
1.64681e-09 -1.56365e-08 3.42113e-08
5.52721e-10 -5.5213e-09 -1.18894e-09
-3.3057e-09 -4.00521e-09 -1.08869e-10
9.1668e-10 2.19936e-09 4.53574e-10
-1.16003e-09 -2.09143e-10 -3.27687e-09
5.46537e-10 5.43832e-09 -4.60651e-09
-3.01272e-09 1.90448e-08 -1.2498e-08
1.15202e-08 7.09947e-10 -1.43978e-08
1.42172e-09 -9.10703e-11 5.02591e-11
2.04528e-09 2.90461e-10 -4.06923e-10
-3.4102e-09 8.88115e-10 1.61391e-11
-8.60608e-09 -2.64444e-09 1.635e-09
-1.98249e-09 -2.2092e-10 -6.1118e-10
1.69107e-09 -1.79195e-09 8.05578e-10
4.31101e-10 -1.93787e-09 6.46465e-10
-9.06544e-10 -6.4189e-10 1.03007e-09
-5.9183e-08 -2.63014e-08 3.83239e-08
4.26823e-09 -1.22924e-08 7.0166e-09
-1.19957e-09 -1.16441e-09 -1.76193e-09
-2.94882e-09 -4.23095e-10 -8.61066e-10
1.32079e-07 5.46914e-08 -2.57236e-07
4.24359e-09 3.79278e-09 -1.17955e-08
5.17514e-09 2.37538e-10 4.15288e-10
2.07707e-07 1.41424e-07 -4.30403e-07
-6.21883e-09 1.69202e-09 -4.19638e-10
1.88723e-08 2.54645e-09 -5.11993e-09
-9.04014e-10 -2.50481e-09 -7.61911e-10
2.23615e-10 2.66124e-09 -8.90846e-10
8.35275e-09 1.06404e-09 9.94558e-09
-9.34213e-10 1.38005e-09 -5.95778e-10
-1.31013e-09 -3.29733e-09 5.39008e-09
3.95943e-09 8.2847e-09 -2.73973e-09
-8.22548e-10 -1.43901e-09 1.5996e-09
-4.94141e-09 8.69518e-10 -5.90068e-09
-1.42665e-09 -1.54793e-09 -1.19164e-09
-1.64282e-09 4.29191e-10 -4.4599e-09
2.57515e-09 3.25778e-10 -1.17516e-09
-4.92243e-10 5.10449e-10 -2.31076e-09
-2.20267e-09 -1.44245e-09 7.6664e-10
-2.18683e-09 1.13612e-09 -3.91564e-10
-7.67663e-10 -9.72054e-10 3.57826e-10
-3.71047e-09 -4.09251e-09 2.00577e-09
2.38002e-09 7.31077e-10 -1.3269e-09
-3.64685e-09 -1.26153e-09 -2.98218e-10
5.9319e-09 8.58683e-09 6.72932e-09
-1.47667e-09 2.15243e-09 1.19945e-09
1.26422e-09 -4.16829e-10 1.40185e-11
-1.38122e-09 5.07979e-09 1.74162e-10
1.74359e-09 1.80122e-10 1.08225e-09
-1.1536e-08 7.76348e-09 -1.68206e-08
2.85761e-09 5.45767e-09 -7.58772e-09
4.82132e-10 3.04037e-09 -9.81796e-10
-1.07617e-10 3.80662e-10 -2.38826e-09
-2.52139e-09 -2.52127e-09 -5.90888e-10
-7.04312e-10 -2.36359e-09 -1.86386e-09
5.05633e-09 -2.86905e-09 1.16668e-08
-1.60726e-09 2.36299e-09 -4.88035e-09
5.62552e-09 9.80053e-09 -1.12488e-08
-1.28796e-08 1.48706e-09 -5.73502e-09
9.57489e-10 4.74669e-09 1.69002e-10
2.34069e-09 1.94474e-09 2.07277e-09
-3.13301e-09 -5.95082e-09 -3.45082e-08
-4.13697e-09 -5.15898e-10 2.99579e-10
5.48966e-09 -3.14658e-09 -3.5715e-09
-3.04482e-10 1.34705e-09 7.97168e-10
5.94868e-09 -3.84924e-09 -3.556e-09
1.32507e-08 3.12525e-09 -1.93218e-09
8.47957e-11 -1.71984e-09 1.41508e-09
6.62784e-10 -1.34622e-09 1.07112e-09
-2.03173e-09 1.3762e-09 -3.19342e-09
-5.86417e-09 7.21025e-09 -1.21799e-09
-5.94421e-09 5.86927e-09 -9.93941e-09
2.80245e-09 -5.35539e-09 -1.62422e-09
1.41382e-08 -6.11057e-09 -1.14524e-09
1.9686e-09 -4.14991e-11 -5.0231e-10
1.44258e-09 -3.56292e-09 -7.01681e-10
9.93979e-10 -1.6939e-09 1.3785e-09
2.38596e-09 2.78449e-09 -7.67189e-10
4.6966e-09 -2.79143e-09 3.67664e-09
-2.34877e-10 1.50039e-09 -1.51269e-09
-4.06249e-09 1.12749e-09 -1.08822e-09
-3.40893e-09 1.48396e-09 -3.96452e-10
1.30686e-08 -8.74577e-09 8.11566e-09
-7.31719e-09 -3.18083e-09 1.38764e-09
1.45041e-09 4.23857e-09 7.34753e-10
4.95506e-09 7.48189e-09 -6.85005e-09
1.12801e-09 5.75362e-09 -4.51531e-09
1.024e-09 2.38376e-09 4.62341e-09
-9.02888e-10 1.9493e-09 2.7823e-09
-2.81096e-10 -3.08325e-09 7.96672e-10
3.1475e-10 -4.21542e-11 -2.22109e-09
-5.93703e-09 5.28728e-09 -2.93027e-11
1.73602e-09 3.7501e-09 -4.12575e-10
-3.67229e-10 -5.14662e-10 -5.40774e-09
-1.55822e-09 1.19758e-09 -5.70594e-10
-1.03217e-09 1.41975e-10 -1.49508e-09
-9.63883e-10 4.58171e-09 1.68226e-10
2.90285e-12 6.00773e-13 -6.99909e-13
2.21917e-09 1.69215e-09 -7.09585e-11
-4.23566e-09 -1.97115e-09 -4.49641e-10
-6.08895e-09 1.45763e-09 -1.2712e-09
9.55202e-10 3.71276e-09 -1.68948e-10
2.83411e-09 -4.73192e-09 8.44642e-10
4.65773e-10 1.34755e-09 3.32542e-10
-7.33596e-10 -4.18706e-09 1.28998e-09
4.60352e-09 -8.35501e-09 4.18148e-09
-8.27066e-10 4.82017e-09 -4.07114e-09
7.6459e-10 -8.52705e-11 1.18864e-09
5.76814e-09 9.52558e-12 -1.70641e-09
-8.60081e-10 1.99787e-11 -1.05455e-09
-5.65419e-10 7.77833e-10 -7.37944e-10
-1.08561e-09 -8.17636e-10 7.71832e-10
-3.71489e-09 7.59131e-10 3.60429e-10
1.01207e-09 2.53978e-10 -1.33346e-09
-1.22879e-10 2.84994e-09 -7.54187e-10
-6.06801e-09 8.85136e-10 -8.57628e-09
2.79371e-09 -2.80286e-09 2.49908e-09
-1.93745e-09 -5.10083e-09 -2.71278e-09
-2.22235e-09 1.66368e-09 1.11615e-09
-1.28535e-09 1.89916e-09 -7.74755e-11
-4.87789e-09 3.68235e-09 -1.78434e-09
-7.34239e-11 1.50571e-09 -1.87215e-09
-5.11501e-09 -5.19405e-11 -6.96645e-10
8.59481e-10 -3.15837e-09 -3.3491e-09
5.54472e-09 -4.30236e-09 2.45228e-09
-2.58782e-09 -7.30993e-12 -2.72609e-10
-3.47366e-09 -1.42515e-08 1.03958e-08
9.98156e-09 6.4372e-09 5.01301e-10
-2.80574e-09 3.86891e-10 -1.73576e-10
-8.21619e-09 1.90143e-09 -1.01183e-09
1.06792e-09 5.38736e-10 -2.5495e-09
-1.49946e-09 4.75353e-09 -2.29407e-09
7.38359e-09 -4.34417e-09 1.37843e-09
