# vtk DataFile Version 3.0
LIGGGHTS particles timestep 126800000
ASCII
DATASET POLYDATA
POINTS 873 float
0.384765 0.0176273 0.00160103
0.384276 0.0168362 0.000152108
0.385979 0.016305 0.000154358
0.384024 0.0178931 0.000346588
0.384103 0.0188777 0.00179976
0.38414 0.0203084 0.00038795
0.385344 0.021108 0.000153527
0.384857 0.0164602 0.000527417
0.384125 0.0186018 0.000725561
0.384479 0.0181392 0.00532873
0.384537 0.0177544 0.000152462
0.383992 0.0184143 0.000151757
0.384812 0.0187844 0.000568853
0.384869 0.0167819 0.000363698
0.384803 0.0169846 0.000152809
0.384915 0.0183348 0.000412633
0.384393 0.0200033 0.000329348
0.384771 0.0189907 0.000354885
0.384249 0.0186361 0.000152072
0.383697 0.0189843 0.000151351
0.38551 0.0163743 0.000153727
0.384537 0.0188112 0.000408422
0.383933 0.0183841 0.000910122
0.383691 0.0196365 0.00137364
0.384551 0.0189669 0.000152444
0.384476 0.0190531 0.00135703
0.384973 0.0159492 0.000153027
0.384718 0.0185669 0.000384781
0.384114 0.0176073 0.000360568
0.384098 0.0188501 0.00119184
0.384545 0.0194202 0.000152446
0.385045 0.0173743 0.000698037
0.385035 0.0210857 0.000153116
0.384772 0.0202231 0.000807152
0.383671 0.0182832 0.000151301
0.385325 0.0170081 0.00015348
0.384387 0.0165562 0.00015223
0.384231 0.0208268 0.00015205
0.384246 0.0213172 0.000152088
0.383713 0.0195261 0.000405419
0.384633 0.0199733 0.00015255
0.383992 0.0202878 0.00155233
0.384483 0.0187432 0.00100059
0.384186 0.021085 0.000765738
0.383776 0.0188306 0.000396501
0.384798 0.0193938 0.00124736
0.38386 0.0208523 0.000151582
0.384491 0.0167411 0.000826766
0.383698 0.0191758 0.000382307
0.384775 0.0177635 0.000333978
0.384311 0.0181618 0.000411136
0.384433 0.0180729 0.000152289
0.38465 0.0160107 0.000152609
0.383254 0.0200098 0.00538195
0.383894 0.018443 0.00061858
0.383721 0.0201648 0.00110894
0.383699 0.0194922 0.000864139
0.385774 0.0165263 0.000154084
0.385379 0.021728 0.000153573
0.38628 0.0159856 0.000154748
0.384848 0.0197614 0.000152852
0.384297 0.0183399 0.000152164
0.384935 0.0213685 0.000152978
0.383124 0.0188914 0.0053278
0.383684 0.0190009 0.00062565
0.384879 0.0194858 0.00532657
0.384411 0.0210667 0.000152303
0.384766 0.0172689 0.000670999
0.384755 0.0205364 0.000152745
0.384609 0.0174633 0.000152565
0.384881 0.0200096 0.000318105
0.383683 0.0186845 0.00015132
0.384162 0.0185702 0.00127856
0.385239 0.0168887 0.00093479
0.384788 0.0175107 0.000494981
0.384247 0.0194577 0.000152149
0.384451 0.0205211 0.000257329
0.384585 0.0196895 0.000278251
0.384989 0.0180879 0.00538114
0.383731 0.0200314 0.000564419
0.384559 0.0213709 0.000152488
0.38375 0.0203316 0.000362374
0.384573 0.0167914 0.000152504
0.3846 0.0205705 0.00124147
0.384776 0.0192293 0.0014972
0.384639 0.0200974 0.000472653
0.383903 0.0177038 0.000549977
0.384494 0.0183088 0.000600776
0.384257 0.0216244 0.000152083
0.384111 0.0181041 0.000151907
0.385046 0.0156469 0.000153133
0.384723 0.0179967 0.000152689
0.384247 0.0178365 0.00015209
0.384318 0.0178481 0.00107352
0.384549 0.0186547 0.000152467
0.384348 0.0198654 0.00534931
0.385094 0.0168168 0.000153198
0.384752 0.0225705 0.000152748
0.384848 0.0172811 0.000152878
0.385244 0.0150807 0.000153389
0.383789 0.0179787 0.000511532
0.384924 0.017576 0.00015296
0.383903 0.0190764 0.00169511
0.383741 0.0199852 0.000151428
0.384918 0.0165741 0.000152936
0.384885 0.017052 0.000501726
0.384186 0.0208278 0.000920195
0.384065 0.0210773 0.00015182
0.384143 0.0171166 0.000665392
0.38461 0.0166839 0.000504771
0.384436 0.0164204 0.000470553
0.384522 0.0198284 0.000536357
0.384329 0.0196006 0.000406404
0.385357 0.0162324 0.000369289
0.384655 0.0177639 0.0006089
0.384445 0.0210826 0.00061393
0.384888 0.0184824 0.000152883
0.384339 0.0202417 0.00015221
0.384024 0.0197277 0.000151798
0.38453 0.0207909 0.000152459
0.384328 0.0191677 0.000152164
0.38394 0.0189665 0.00141837
0.384551 0.0191949 0.000350438
0.385059 0.0170948 0.000261451
0.384487 0.0180145 0.00274646
0.383917 0.0176923 0.000151636
0.384086 0.0206789 0.000369501
0.384017 0.0178156 0.0010481
0.384629 0.0190306 0.000616104
0.384369 0.0196299 0.000702315
0.383973 0.0194558 0.000272738
0.383645 0.018626 0.00149303
0.384214 0.018913 0.000261913
0.383997 0.0183612 0.00149292
0.384354 0.0181276 0.000970878
0.38533 0.0157498 0.000153509
0.384843 0.0197261 0.000750471
0.383882 0.0208933 0.000683803
0.385153 0.0161935 0.000153269
0.384321 0.0175458 0.000152151
0.383893 0.0181982 0.000334512
0.383671 0.0182523 0.000547068
0.383954 0.0200733 0.000368812
0.384054 0.018114 0.000976661
0.384525 0.017627 0.00104162
0.385136 0.0173639 0.000153233
0.384143 0.0188484 0.000895305
0.38543 0.016037 0.000153608
0.384844 0.0162796 0.000152872
0.384041 0.0172809 0.00190693
0.384776 0.0192141 0.000152764
0.384738 0.0211297 0.000152712
0.384242 0.0182841 0.00133722
0.384504 0.0162738 0.000152426
0.384054 0.0212484 0.000551747
0.383685 0.0191839 0.000865309
0.385526 0.0151831 0.00015376
0.38366 0.0192295 0.00180481
0.385015 0.0178821 0.000153096
0.383821 0.0205473 0.00015153
0.38412 0.0173229 0.000881946
0.384887 0.0200695 0.00123921
0.384256 0.0176293 0.0018912
0.384862 0.0154099 0.000152883
0.385449 0.0153171 0.000411083
0.384193 0.0182756 0.000765426
0.384427 0.0184937 0.000374356
0.383698 0.0199058 0.00151214
0.386629 0.0146558 0.000155208
0.384999 0.0169458 0.00110529
0.384194 0.0171429 0.000151997
0.384035 0.0174071 0.000151806
0.38332 0.0173706 0.00557046
0.384223 0.0204655 0.000629471
0.384664 0.0172593 0.000389035
0.385646 0.0158289 0.000153922
0.383727 0.0196849 0.000151352
0.3857 0.021905 0.000153988
0.384618 0.0165645 0.00145456
0.385127 0.0228833 0.000153241
0.383949 0.0181281 0.00240398
0.383656 0.0184144 0.000799005
0.384597 0.0209853 0.000374465
0.384953 0.0181895 0.000152997
0.383829 0.0200711 0.0008451
0.383916 0.0184112 0.0012084
0.384273 0.019306 0.000412651
0.384484 0.019293 0.000625763
0.38406 0.0180981 0.000562722
0.384879 0.0199991 0.000623713
0.383654 0.0183016 0.00107693
0.383711 0.0198085 0.000929167
0.38404 0.0189192 0.000506692
0.384001 0.0186247 0.000370593
0.384096 0.0172042 0.00115637
0.383741 0.0183921 0.00165466
0.384151 0.0200078 0.00015195
0.385432 0.0161542 0.000989522
0.384428 0.0203105 0.000470819
0.384913 0.0202579 0.00015296
0.383737 0.0184819 0.000365851
0.383957 0.0202802 0.000151675
0.383783 0.0193331 0.000624132
0.385412 0.0164235 0.000858941
0.38467 0.0164801 0.000293118
0.384905 0.0176363 0.000740984
0.384543 0.0200376 0.000750395
0.384545 0.0186057 0.000626695
0.384193 0.0193871 0.000690072
0.384375 0.0173074 0.000326281
0.38537 0.01646 0.000564229
0.384684 0.0185515 0.00088703
0.384512 0.0192613 0.00114396
0.384596 0.0183584 0.000152544
0.385398 0.0225749 0.000153598
0.384025 0.0202205 0.000650776
0.384327 0.0195171 0.00122563
0.383991 0.0192075 0.00044013
0.384151 0.0198417 0.000401759
0.384958 0.0208348 0.000422104
0.384423 0.0171198 0.000557588
0.384522 0.019111 0.000884531
0.383977 0.0190641 0.00102036
0.383966 0.0196713 0.000809053
0.38395 0.019828 0.00165544
0.383797 0.0179801 0.000151501
0.384563 0.0188283 0.00157817
0.384475 0.0218465 0.000152389
0.384163 0.0191242 0.00129591
0.385538 0.0156727 0.000386233
0.384176 0.0214768 0.000400124
0.384831 0.0186975 0.00532561
0.385267 0.0171383 0.00109888
0.384787 0.0192974 0.000505741
0.38433 0.0176614 0.000767772
0.385268 0.016555 0.000153424
0.384939 0.0184041 0.00534929
0.384322 0.0197606 0.000152189
0.383571 0.0172133 0.00561819
0.384826 0.0208361 0.000152846
0.384044 0.0195926 0.00053011
0.38395 0.0188232 0.000151695
0.383663 0.0186957 0.000903132
0.384573 0.0197663 0.000874862
0.385544 0.0167736 0.000153767
0.384595 0.019582 0.00533062
0.384024 0.0205359 0.000842431
0.38367 0.0189533 0.00105653
0.384818 0.0186586 0.00147415
0.383998 0.0199217 0.000646966
0.384642 0.0189702 0.00112081
0.38481 0.0191135 0.00529749
0.384823 0.0187753 0.000152842
0.38409 0.0172602 0.000407502
0.383893 0.0187963 0.000737554
0.384172 0.0204908 0.000151977
0.384026 0.0191217 0.000151801
0.384719 0.0171784 0.00107383
0.385052 0.0152442 0.000315822
0.38395 0.017571 0.000875895
0.384535 0.0161709 0.000650912
0.385599 0.0221878 0.000153859
0.383811 0.0178426 0.00161927
0.383838 0.0178409 0.000808748
0.384476 0.0215097 0.000620337
0.385095 0.016411 0.000351609
0.384262 0.0187182 0.000485343
0.385097 0.016661 0.000517353
0.383754 0.018022 0.00103251
0.384775 0.0192142 0.0010082
0.384508 0.0179213 0.000400083
0.384677 0.0161954 0.000387484
0.385716 0.0161397 0.000154
0.384529 0.0178663 0.000860686
0.384411 0.0173697 0.000937237
0.384436 0.0188994 0.00195554
0.384842 0.0197206 0.00105042
0.384666 0.0161567 0.00119108
0.384092 0.0185415 0.00171312
0.384918 0.0157761 0.000391963
0.383842 0.0181377 0.000765364
0.384605 0.0182623 0.000875876
0.385655 0.0216386 0.000284568
0.383739 0.020307 0.000682713
0.38521 0.0159527 0.000338916
0.384589 0.018732 0.00129524
0.384491 0.020832 0.000771988
0.384377 0.0184969 0.000850318
0.384621 0.0195454 0.000538909
0.384733 0.0157222 0.000152726
0.383735 0.017985 0.00208505
0.385022 0.0216963 0.000153099
0.384745 0.0163155 0.000901108
0.383948 0.0191036 0.000724404
0.384351 0.0190302 0.000501337
0.386859 0.0143646 0.000155509
0.384659 0.0181802 0.000385457
0.384489 0.0175878 0.000397336
0.384738 0.0156819 0.000629432
0.383933 0.0210114 0.000413001
0.383647 0.0183513 0.00137266
0.385584 0.0148202 0.000153839
0.384377 0.0207848 0.000410525
0.383792 0.0191593 0.00123687
0.384157 0.0170002 0.00201119
0.384721 0.0184144 0.00115105
0.384131 0.0178979 0.000783292
0.383714 0.0197009 0.000649205
0.384395 0.0188433 0.000731806
0.38424 0.0198735 0.000820489
0.38381 0.0177918 0.00230184
0.384126 0.0189265 0.00209485
0.386429 0.0149011 0.000154946
0.385203 0.0208574 0.000250378
0.38389 0.0186843 0.00132981
0.383947 0.0205273 0.00174167
0.385546 0.0154832 0.000153789
0.38462 0.0169626 0.000394334
0.384167 0.0184102 0.000498595
0.385196 0.0171995 0.000506924
0.384756 0.021196 0.000517415
0.385094 0.0153241 0.000601866
0.384669 0.0180592 0.000659772
0.384625 0.0202781 0.000233595
0.384537 0.017125 0.000152451
0.384917 0.0208989 0.000865326
0.385078 0.0174871 0.000420584
0.384798 0.0179771 0.00136367
0.383713 0.0193667 0.000151366
0.384216 0.0196105 0.000962826
0.384713 0.0188539 0.000843535
0.384927 0.0181464 0.00165981
0.386381 0.0146096 0.000318385
0.38394 0.0192353 0.0019469
0.384625 0.0159358 0.000992226
0.385064 0.0175996 0.000993079
0.384494 0.0216011 0.000335211
0.385037 0.0177713 0.000507708
0.3853 0.0222761 0.000153469
0.384149 0.0174215 0.00135623
0.384617 0.0182388 0.00194652
0.384826 0.0197463 0.000451635
0.384914 0.0180218 0.000398527
0.384413 0.0212931 0.000402576
0.384506 0.0182147 0.00121417
0.384725 0.0216588 0.000152703
0.384369 0.0174106 0.000607919
0.38428 0.0200715 0.000598741
0.383988 0.0176438 0.00175769
0.383998 0.0197803 0.00134191
0.383857 0.020298 0.0054184
0.385054 0.0166358 0.000813162
0.38373 0.0204677 0.00125555
0.384563 0.0178209 0.00230769
0.386866 0.0148392 0.000155518
0.383381 0.0176617 0.00548218
0.384252 0.0191334 0.00191776
0.385573 0.01657 0.000372242
0.383787 0.0207066 0.000403552
0.384609 0.0175087 0.000759445
0.384933 0.0204689 0.000383945
0.384733 0.0182194 0.00546594
0.383855 0.0185733 0.00223043
0.384397 0.0170364 0.00148027
0.385459 0.0212864 0.000705399
0.384994 0.0178984 0.00115068
0.38524 0.0171571 0.000800754
0.385185 0.0218143 0.000376398
0.384784 0.0177663 0.000982415
0.38364 0.0186561 0.00179143
0.383676 0.0194644 0.00161886
0.38472 0.0179296 0.0016495
0.384075 0.017468 0.0006233
0.384683 0.0206986 0.000394728
0.384346 0.0182258 0.00163136
0.384045 0.0194136 0.00122231
0.384942 0.0181845 0.000670843
0.385081 0.0169122 0.0006807
0.384906 0.017765 0.00182702
0.384925 0.0182029 0.00121222
0.384521 0.0212905 0.000819952
0.384024 0.0178751 0.00254701
0.384255 0.0178169 0.000522395
0.38365 0.0185829 0.00118081
0.384869 0.0185034 0.000656458
0.384244 0.0191027 0.000771965
0.385361 0.0169598 0.000583119
0.383039 0.0194119 0.00532808
0.384624 0.0219835 0.000397532
0.384312 0.021744 0.000526527
0.384393 0.0199668 0.00139257
0.384135 0.018057 0.00150129
0.384209 0.0192533 0.00102905
0.385583 0.0215069 0.000544404
0.3849 0.0183466 0.000919818
0.384696 0.0168831 0.000993955
0.384842 0.0174083 0.000925383
0.38437 0.018048 0.000682095
0.384726 0.0194065 0.000783312
0.384595 0.0195564 0.00109803
0.383915 0.0187913 0.00247029
0.384809 0.0180651 0.0009724
0.384759 0.0166249 0.000758371
0.38457 0.0195539 0.00139696
0.384812 0.0194879 0.000270971
0.383949 0.0181169 0.00125743
0.387471 0.0142302 0.000156312
0.383957 0.0192622 0.00146572
0.38491 0.0174139 0.00143372
0.383667 0.0194855 0.00196226
0.384424 0.0200026 0.00102381
0.384149 0.0183884 0.00211817
0.384812 0.0187247 0.00109542
0.386065 0.0154032 0.000154471
0.386193 0.0143552 0.000154638
0.383699 0.0176998 0.00541618
0.385317 0.0167763 0.000349831
0.383991 0.0202703 0.00100011
0.384237 0.0210498 0.000396281
0.384849 0.0197807 0.00135104
0.384436 0.0185036 0.00117495
0.385071 0.0160507 0.000949034
0.384695 0.0169086 0.000684328
0.383966 0.0193571 0.000883771
0.384118 0.0200207 0.00149836
0.385264 0.0153801 0.000153416
0.383737 0.0204241 0.000958864
0.384861 0.0184139 0.00194443
0.386766 0.015446 0.000155387
0.385858 0.0226585 0.000154201
0.384766 0.0190105 0.00170221
0.383821 0.0178459 0.00127299
0.384651 0.0159021 0.000445211
0.384565 0.0185985 0.00191383
0.384324 0.0166934 0.000411434
0.383757 0.0206257 0.000737839
0.383855 0.019792 0.000400755
0.384205 0.0169816 0.000404742
0.384361 0.0205804 0.000869949
0.383746 0.019886 0.00121672
0.384429 0.0194093 0.000896617
0.384264 0.019701 0.00145437
0.384095 0.0174973 0.0021073
0.385857 0.0164151 0.0004202
0.384476 0.0180157 0.00180136
0.385929 0.0159283 0.000154292
0.384496 0.0205858 0.000600607
0.385166 0.0162179 0.00059981
0.385075 0.017798 0.00544926
0.38572 0.0150135 0.000338607
0.383213 0.0181509 0.00539471
0.384967 0.0175102 0.00551503
0.384374 0.0179764 0.0013389
0.383646 0.0190753 0.00206173
0.385042 0.0176622 0.0013292
0.385021 0.0165207 0.00108821
0.385371 0.0167037 0.000739116
0.383687 0.0194289 0.00115716
0.384251 0.0201935 0.000871183
0.383684 0.0197313 0.00175567
0.38455 0.0171259 0.000831624
0.384584 0.0170831 0.00171293
0.38372 0.0180696 0.00144552
0.386417 0.01582 0.000363826
0.384279 0.0170098 0.00091083
0.384166 0.0208226 0.000620873
0.384899 0.0171406 0.00131051
0.384594 0.0192248 0.00196802
0.383935 0.020485 0.000541437
0.383917 0.0176056 0.00146882
0.384504 0.0162026 0.00143974
0.385292 0.0215754 0.000523094
0.38425 0.0176577 0.00547389
0.383949 0.0175526 0.00117531
0.384669 0.0204589 0.000971712
0.384166 0.0170024 0.00171134
0.385647 0.0166177 0.000658815
0.385019 0.0171532 0.00158514
0.38506 0.0206124 0.000153117
0.384648 0.0198871 0.0053544
0.384837 0.0161774 0.000650951
0.384841 0.0204148 0.00132889
0.385258 0.0150732 0.000589044
0.386134 0.0146524 0.000154555
0.384707 0.0203768 0.000557861
0.384197 0.0183694 0.00105318
0.38473 0.0199934 0.000995412
0.383887 0.0186074 0.00270567
0.385739 0.0163339 0.000692502
0.383846 0.0188982 0.00219882
0.385052 0.0212564 0.000405508
0.38402 0.0203931 0.00127286
0.383709 0.0203577 0.00183983
0.383658 0.0188889 0.00134928
0.385055 0.0175679 0.00164622
0.383725 0.0204504 0.00155498
0.385044 0.0173359 0.0011347
0.384113 0.0178101 0.00133236
0.385523 0.0228912 0.000153762
0.384676 0.0184108 0.00170797
0.38468 0.0184119 0.00249347
0.383746 0.0201848 0.0014072
0.387204 0.0148301 0.000155962
0.384504 0.0175641 0.00173547
0.384332 0.0166 0.00184827
0.385828 0.0155866 0.000154149
0.384164 0.0193449 0.00211334
0.383369 0.0195028 0.00532697
0.383938 0.0182989 0.00192469
0.384344 0.0187078 0.0017439
0.384396 0.0171483 0.00114928
0.383999 0.0189293 0.00272315
0.384266 0.0202305 0.00132665
0.3849 0.0166582 0.00149163
0.384888 0.0170644 0.000852946
0.384479 0.0190936 0.00172411
0.383669 0.018646 0.000607385
0.384771 0.0178727 0.00542901
0.384931 0.022263 0.000152985
0.384797 0.0187194 0.00176721
0.386147 0.0150932 0.000154578
0.384624 0.0202233 0.00115647
0.385255 0.0168217 0.00155109
0.383651 0.0189206 0.00164752
0.384246 0.019817 0.0011783
0.383807 0.0188801 0.0019006
0.383792 0.0182626 0.00218403
0.384048 0.0208153 0.00125459
0.384969 0.0176451 0.00238423
0.387104 0.0145422 0.000155832
0.386232 0.0159969 0.00059749
0.384217 0.0195937 0.00532718
0.383994 0.0211105 0.00125289
0.385104 0.0206664 0.000895276
0.38496 0.0179367 0.00223072
0.384343 0.018993 0.00109484
0.384322 0.0185049 0.00152398
0.386034 0.022905 0.00015443
0.383868 0.0176773 0.00203057
0.384483 0.017607 0.00250224
0.384531 0.0199906 0.00176924
0.384121 0.0193085 0.00171234
0.383912 0.0209584 0.00097505
0.384314 0.0188017 0.00139433
0.384591 0.019835 0.00120893
0.384228 0.0190275 0.00157233
0.383202 0.018445 0.00533644
0.383637 0.0184321 0.00199093
0.383738 0.0179125 0.00294812
0.384185 0.0214885 0.000699758
0.383807 0.020716 0.0014052
0.386911 0.0151799 0.000155576
0.386408 0.015065 0.000405325
0.384451 0.0178152 0.00157959
0.38435 0.0176327 0.00128535
0.384168 0.0205883 0.0011
0.385734 0.0154078 0.000376257
0.384883 0.0183661 0.00146038
0.385479 0.0159546 0.000470381
0.38423 0.019528 0.00188516
0.384297 0.0173727 0.00229138
0.384348 0.0181508 0.00562127
0.38524 0.017303 0.00556575
0.382937 0.0180212 0.00543459
0.38453 0.0193759 0.00163526
0.386531 0.0156374 0.000155081
0.384871 0.0228087 0.000290478
0.38485 0.0154724 0.000446023
0.383939 0.0186649 0.00101563
0.384409 0.0183504 0.0022627
0.384797 0.0206164 0.000714676
0.386778 0.0150241 0.00037485
0.38398 0.0200931 0.00124189
0.384201 0.0178784 0.00173287
0.383926 0.0185279 0.00532817
0.385314 0.0171075 0.00162033
0.384609 0.0210502 0.000976344
0.384554 0.0222108 0.000580314
0.384236 0.018658 0.00201956
0.383635 0.0187172 0.00208506
0.384388 0.0164943 0.00124081
0.384209 0.0175724 0.00102744
0.384258 0.0168391 0.000665094
0.384507 0.0203676 0.001442
0.385377 0.0167118 0.00113382
0.384331 0.0211661 0.00101562
0.384493 0.0203332 0.000763495
0.384298 0.0167226 0.00105525
0.384023 0.0180845 0.00211653
0.384803 0.0175485 0.00118774
0.384039 0.0203361 0.00195386
0.387127 0.015063 0.000328428
0.385347 0.0157253 0.000611337
0.385074 0.0159194 0.000604629
0.384511 0.0164494 0.000759569
0.385145 0.0166682 0.00131805
0.38325 0.0191636 0.00532737
0.384463 0.0183038 0.00267059
0.38362 0.0186039 0.00300686
0.384884 0.0211341 0.001062
0.384971 0.0161385 0.000385737
0.386141 0.0157159 0.00015457
0.383814 0.0201548 0.00203452
0.384508 0.0170785 0.0020857
0.384881 0.0169203 0.00208887
0.384517 0.0193915 0.00220541
0.385773 0.023057 0.000154089
0.383869 0.0206738 0.00105937
0.384641 0.0172084 0.00144621
0.384743 0.0208963 0.000621158
0.38453 0.0186008 0.00532954
0.383955 0.0198191 0.00195525
0.384694 0.0184133 0.00219383
0.385395 0.0220027 0.000273123
0.383678 0.0181819 0.00278175
0.384131 0.0178049 0.00209953
0.384821 0.019896 0.00202138
0.384633 0.0165651 0.00102394
0.385921 0.0148895 0.000154282
0.384504 0.0183956 0.00554681
0.384577 0.0177695 0.00194164
0.383648 0.0182102 0.00307883
0.383677 0.0197884 0.00206505
0.384522 0.0187238 0.00218295
0.384046 0.0183165 0.00273333
0.384372 0.0203687 0.00108225
0.384786 0.0173118 0.00168718
0.384605 0.0181671 0.00149334
0.383625 0.0187471 0.00274328
0.384015 0.0173646 0.00161831
0.385456 0.0161931 0.000670762
0.385262 0.0210524 0.000470858
0.383667 0.0191857 0.00150811
0.384274 0.0167486 0.00159407
0.38483 0.0167196 0.00120656
0.384533 0.0173131 0.00189845
0.385647 0.0162013 0.000439508
0.384242 0.018415 0.00534044
0.384489 0.0191119 0.00249392
0.384938 0.0179773 0.00565533
0.384948 0.0161507 0.0012924
0.385449 0.0212776 0.000405706
0.384746 0.0172599 0.00210204
0.383805 0.0196349 0.00532559
0.383814 0.0197678 0.00249218
0.384944 0.0180404 0.00193993
0.385606 0.0166352 0.000955414
0.383971 0.0177367 0.00285403
0.385192 0.0162438 0.00114469
0.384756 0.0214603 0.000375486
0.385172 0.0165033 0.00156716
0.383628 0.0189798 0.002554
0.384791 0.0181638 0.00232966
0.384472 0.0178546 0.00543031
0.384614 0.0180098 0.00564434
0.383621 0.0184463 0.00326209
0.383903 0.0181403 0.00167255
0.385312 0.0159607 0.000793914
0.384101 0.017097 0.00247204
0.384266 0.0167363 0.00210738
0.384767 0.0189866 0.00256239
0.384886 0.0201235 0.0018367
0.384616 0.0198241 0.00153446
0.383892 0.0196399 0.00109816
0.384914 0.0181049 0.00259674
0.386613 0.0151442 0.000155184
0.385753 0.0155862 0.000616693
0.38486 0.0158885 0.00081168
0.384751 0.0175194 0.00190077
0.384998 0.0179166 0.000793309
0.384328 0.018424 0.00185592
0.384336 0.0200476 0.00199016
0.38478 0.0186808 0.00238417
0.384804 0.0169478 0.00154697
0.384409 0.019106 0.00217191
0.384082 0.0206739 0.00151773
0.384663 0.0169581 0.00128255
0.385823 0.0152265 0.000154149
0.3846 0.0184585 0.00142187
0.383631 0.0187322 0.00238463
0.384301 0.0201665 0.00539226
0.385114 0.016337 0.00087019
0.384051 0.0194897 0.00235051
0.384861 0.0217998 0.000383752
0.383897 0.0185959 0.0019343
0.384743 0.0176144 0.00218518
0.384487 0.0188968 0.0053064
0.384147 0.0196737 0.00213384
0.386604 0.0156105 0.000469852
0.385474 0.0214383 0.000153686
0.386618 0.0151004 0.000616481
0.384627 0.0177255 0.00135342
0.384225 0.0174682 0.00256666
0.385831 0.0157694 0.00039198
0.384094 0.0180692 0.00307343
0.384826 0.0182856 0.00281952
0.386352 0.0229097 0.000154848
0.384117 0.0171377 0.00144814
0.384434 0.0167731 0.00134138
0.38397 0.0195535 0.00153626
0.384162 0.01907 0.00251421
0.383788 0.0189119 0.0029359
0.385 0.0173907 0.00200819
0.384598 0.0179379 0.00114356
0.383874 0.0176195 0.00259544
0.383667 0.018166 0.00185578
0.385628 0.0166118 0.00127396
0.384192 0.0187458 0.00258332
0.385546 0.0167537 0.00152514
0.383648 0.0194165 0.00253476
0.384426 0.0196666 0.00170487
0.38455 0.0173936 0.00122834
0.383661 0.0181558 0.00248337
0.384859 0.0212679 0.000789758
0.383897 0.0187505 0.00162231
0.384897 0.0206037 0.00110264
0.384696 0.0179009 0.00256428
0.384994 0.0178544 0.0015545
0.384658 0.0201027 0.0014304
0.384462 0.0175344 0.00208817
0.38687 0.0153304 0.000411846
0.384285 0.0172778 0.00173285
0.38413 0.0186694 0.00229996
0.385212 0.0168268 0.0019467
0.384966 0.0198194 0.00535289
0.384414 0.0174079 0.00149562
0.384792 0.0193492 0.00177997
0.383618 0.0190279 0.0031538
0.383718 0.0200675 0.00176408
0.384006 0.0191419 0.00226802
0.384038 0.0212309 0.000981606
0.38393 0.0184187 0.00247634
0.385425 0.0149662 0.000363531
0.384756 0.0167529 0.00187326
0.383942 0.0179239 0.00187656
0.384519 0.0181131 0.00244564
0.3849 0.0202279 0.00155584
0.385207 0.0172487 0.00137123
0.384594 0.0173933 0.00232353
0.3839 0.0199024 0.0022383
0.386494 0.0143788 0.000155034
0.38424 0.0181128 0.00233349
0.384221 0.0180924 0.00263211
0.384214 0.0180124 0.00539104
0.383974 0.0173991 0.00241788
0.384962 0.0220872 0.000394124
0.384863 0.0170545 0.00182116
0.386081 0.0160997 0.000348213
0.385323 0.0162978 0.00140906
0.384204 0.0169379 0.00124218
0.384297 0.0169825 0.00227596
0.385097 0.0225492 0.000153204
0.38429 0.0193072 0.00238279
0.384245 0.0199032 0.00174318
0.384654 0.0207558 0.00101201
0.384245 0.0177202 0.00272834
0.384287 0.0193398 0.00146426
0.384407 0.018077 0.00208693
0.384011 0.0199018 0.00101285
0.384785 0.0164259 0.00124779
0.38447 0.0163077 0.0010208
0.384548 0.0221389 0.000152478
0.384658 0.0189824 0.00228289
0.384191 0.0181427 0.00187433
0.385954 0.0162471 0.000901127
0.385074 0.0206226 0.000600053
0.383975 0.0210677 0.00154922
0.385453 0.0232291 0.000153669
0.386009 0.0162353 0.000606435
0.384424 0.0199401 0.00225607
0.383505 0.0180521 0.00554354
0.384815 0.0219863 0.000152833
0.386187 0.0148677 0.000356566
0.385195 0.0214745 0.000257786
0.383662 0.0195984 0.00229669
0.384764 0.0165022 0.00170878
0.385172 0.017367 0.00225258
0.38512 0.0220038 0.000153227
0.386302 0.0155438 0.000340296
0.383643 0.0191889 0.00233939
0.384828 0.0196223 0.00189871
0.384328 0.0206365 0.00134948
0.384843 0.0154238 0.000741956
0.386124 0.0157575 0.000452567
0.384781 0.0188439 0.00282588
0.38502 0.0176784 0.00209055
0.384567 0.0167917 0.00164384
0.384884 0.0156278 0.000958078
0.383979 0.0180315 0.00279906
0.383757 0.0178468 0.00324024
0.383935 0.0195121 0.00183134
0.383762 0.0191583 0.00275411
0.385 0.0210596 0.000625893
0.384858 0.0198527 0.00170899
0.385137 0.0154722 0.000859247
0.384092 0.0201157 0.00215025
0.386355 0.0153139 0.000154845
0.385231 0.0155759 0.000378312
0.383826 0.0184045 0.00291794
0.383986 0.0173508 0.00271369
0.386541 0.0235361 0.000155095
0.384907 0.0172703 0.00235516
0.386549 0.0153286 0.000382975
0.38505 0.0156206 0.000613277
0.383911 0.0192733 0.00252014
0.384534 0.0198102 0.00200894
0.383626 0.0184561 0.00267067
0.38568 0.0163358 0.00098676
0.384212 0.0176363 0.00155594
0.386869 0.0146018 0.000338848
0.384803 0.0167204 0.00577573
0.384819 0.0195571 0.00156366
0.384361 0.0187823 0.00296993
0.384383 0.0185825 0.00274725
0.384115 0.0176578 0.00236047
0.384288 0.0182158 0.00289717
0.384594 0.0187465 0.0026106
0.384745 0.0192596 0.00235826
0.38481 0.0185665 0.00271529
0.384212 0.0187682 0.00531307
0.384798 0.0194011 0.00209915
0.384892 0.0215985 0.000603932
0.384328 0.020322 0.00186659
0.384891 0.015881 0.00111868
0.385944 0.0221456 0.000154312
0.385176 0.0173249 0.00177477
0.383482 0.018284 0.0053546
0.383745 0.0179195 0.00264829
0.384225 0.0183693 0.00249838
0.384786 0.0162783 0.0015102
0.384773 0.0189492 0.00138979
0.384548 0.0195196 0.00193595
0.384695 0.017994 0.00210142
0.383868 0.0208201 0.00167999
0.38406 0.0172135 0.0021986
0.384635 0.0202611 0.00169158
0.383906 0.0186704 0.00306942
0.386566 0.014067 0.000155128
0.383807 0.020696 0.00194646
0.384313 0.0178551 0.00246911
0.384619 0.0175971 0.0054915
0.384913 0.0203074 0.0010582
0.384977 0.0178137 0.00263223
0.385822 0.0160023 0.000580835
0.384402 0.0168999 0.00186948
0.383714 0.0181198 0.00335708
0.383631 0.0184325 0.00237165
0.385122 0.0212717 0.000940812
0.385444 0.0164064 0.00115681
0.385667 0.0160511 0.000832965
0.384405 0.0185994 0.00242993
0.385371 0.0154334 0.000676325
0.384274 0.0204606 0.0016062
0.384637 0.0223605 0.000333972
0.386182 0.0152683 0.000395711
0.384408 0.0164246 0.00161721
0.384784 0.0174699 0.00254279
0.38545 0.0168895 0.0017749
0.384016 0.0200932 0.0017793
0.384385 0.0189356 0.0027132
0.384801 0.0186719 0.00208505
0.383827 0.0193721 0.00218904
0.384353 0.0201712 0.00160844
0.385102 0.0213936 0.000667439
0.384729 0.0189484 0.00199334
0.385011 0.0168111 0.00172513
0.385339 0.0210738 0.000880059
0.38412 0.0185615 0.00288964
0.385216 0.0208662 0.0007017
0.386032 0.0144777 0.000376233
0.38454 0.0218801 0.000666328
0.384394 0.0208401 0.00113545
0.384334 0.0188817 0.00235676

VERTICES 873 1746
1 0
1 1
1 2
1 3
1 4
1 5
1 6
1 7
1 8
1 9
1 10
1 11
1 12
1 13
1 14
1 15
1 16
1 17
1 18
1 19
1 20
1 21
1 22
1 23
1 24
1 25
1 26
1 27
1 28
1 29
1 30
1 31
1 32
1 33
1 34
1 35
1 36
1 37
1 38
1 39
1 40
1 41
1 42
1 43
1 44
1 45
1 46
1 47
1 48
1 49
1 50
1 51
1 52
1 53
1 54
1 55
1 56
1 57
1 58
1 59
1 60
1 61
1 62
1 63
1 64
1 65
1 66
1 67
1 68
1 69
1 70
1 71
1 72
1 73
1 74
1 75
1 76
1 77
1 78
1 79
1 80
1 81
1 82
1 83
1 84
1 85
1 86
1 87
1 88
1 89
1 90
1 91
1 92
1 93
1 94
1 95
1 96
1 97
1 98
1 99
1 100
1 101
1 102
1 103
1 104
1 105
1 106
1 107
1 108
1 109
1 110
1 111
1 112
1 113
1 114
1 115
1 116
1 117
1 118
1 119
1 120
1 121
1 122
1 123
1 124
1 125
1 126
1 127
1 128
1 129
1 130
1 131
1 132
1 133
1 134
1 135
1 136
1 137
1 138
1 139
1 140
1 141
1 142
1 143
1 144
1 145
1 146
1 147
1 148
1 149
1 150
1 151
1 152
1 153
1 154
1 155
1 156
1 157
1 158
1 159
1 160
1 161
1 162
1 163
1 164
1 165
1 166
1 167
1 168
1 169
1 170
1 171
1 172
1 173
1 174
1 175
1 176
1 177
1 178
1 179
1 180
1 181
1 182
1 183
1 184
1 185
1 186
1 187
1 188
1 189
1 190
1 191
1 192
1 193
1 194
1 195
1 196
1 197
1 198
1 199
1 200
1 201
1 202
1 203
1 204
1 205
1 206
1 207
1 208
1 209
1 210
1 211
1 212
1 213
1 214
1 215
1 216
1 217
1 218
1 219
1 220
1 221
1 222
1 223
1 224
1 225
1 226
1 227
1 228
1 229
1 230
1 231
1 232
1 233
1 234
1 235
1 236
1 237
1 238
1 239
1 240
1 241
1 242
1 243
1 244
1 245
1 246
1 247
1 248
1 249
1 250
1 251
1 252
1 253
1 254
1 255
1 256
1 257
1 258
1 259
1 260
1 261
1 262
1 263
1 264
1 265
1 266
1 267
1 268
1 269
1 270
1 271
1 272
1 273
1 274
1 275
1 276
1 277
1 278
1 279
1 280
1 281
1 282
1 283
1 284
1 285
1 286
1 287
1 288
1 289
1 290
1 291
1 292
1 293
1 294
1 295
1 296
1 297
1 298
1 299
1 300
1 301
1 302
1 303
1 304
1 305
1 306
1 307
1 308
1 309
1 310
1 311
1 312
1 313
1 314
1 315
1 316
1 317
1 318
1 319
1 320
1 321
1 322
1 323
1 324
1 325
1 326
1 327
1 328
1 329
1 330
1 331
1 332
1 333
1 334
1 335
1 336
1 337
1 338
1 339
1 340
1 341
1 342
1 343
1 344
1 345
1 346
1 347
1 348
1 349
1 350
1 351
1 352
1 353
1 354
1 355
1 356
1 357
1 358
1 359
1 360
1 361
1 362
1 363
1 364
1 365
1 366
1 367
1 368
1 369
1 370
1 371
1 372
1 373
1 374
1 375
1 376
1 377
1 378
1 379
1 380
1 381
1 382
1 383
1 384
1 385
1 386
1 387
1 388
1 389
1 390
1 391
1 392
1 393
1 394
1 395
1 396
1 397
1 398
1 399
1 400
1 401
1 402
1 403
1 404
1 405
1 406
1 407
1 408
1 409
1 410
1 411
1 412
1 413
1 414
1 415
1 416
1 417
1 418
1 419
1 420
1 421
1 422
1 423
1 424
1 425
1 426
1 427
1 428
1 429
1 430
1 431
1 432
1 433
1 434
1 435
1 436
1 437
1 438
1 439
1 440
1 441
1 442
1 443
1 444
1 445
1 446
1 447
1 448
1 449
1 450
1 451
1 452
1 453
1 454
1 455
1 456
1 457
1 458
1 459
1 460
1 461
1 462
1 463
1 464
1 465
1 466
1 467
1 468
1 469
1 470
1 471
1 472
1 473
1 474
1 475
1 476
1 477
1 478
1 479
1 480
1 481
1 482
1 483
1 484
1 485
1 486
1 487
1 488
1 489
1 490
1 491
1 492
1 493
1 494
1 495
1 496
1 497
1 498
1 499
1 500
1 501
1 502
1 503
1 504
1 505
1 506
1 507
1 508
1 509
1 510
1 511
1 512
1 513
1 514
1 515
1 516
1 517
1 518
1 519
1 520
1 521
1 522
1 523
1 524
1 525
1 526
1 527
1 528
1 529
1 530
1 531
1 532
1 533
1 534
1 535
1 536
1 537
1 538
1 539
1 540
1 541
1 542
1 543
1 544
1 545
1 546
1 547
1 548
1 549
1 550
1 551
1 552
1 553
1 554
1 555
1 556
1 557
1 558
1 559
1 560
1 561
1 562
1 563
1 564
1 565
1 566
1 567
1 568
1 569
1 570
1 571
1 572
1 573
1 574
1 575
1 576
1 577
1 578
1 579
1 580
1 581
1 582
1 583
1 584
1 585
1 586
1 587
1 588
1 589
1 590
1 591
1 592
1 593
1 594
1 595
1 596
1 597
1 598
1 599
1 600
1 601
1 602
1 603
1 604
1 605
1 606
1 607
1 608
1 609
1 610
1 611
1 612
1 613
1 614
1 615
1 616
1 617
1 618
1 619
1 620
1 621
1 622
1 623
1 624
1 625
1 626
1 627
1 628
1 629
1 630
1 631
1 632
1 633
1 634
1 635
1 636
1 637
1 638
1 639
1 640
1 641
1 642
1 643
1 644
1 645
1 646
1 647
1 648
1 649
1 650
1 651
1 652
1 653
1 654
1 655
1 656
1 657
1 658
1 659
1 660
1 661
1 662
1 663
1 664
1 665
1 666
1 667
1 668
1 669
1 670
1 671
1 672
1 673
1 674
1 675
1 676
1 677
1 678
1 679
1 680
1 681
1 682
1 683
1 684
1 685
1 686
1 687
1 688
1 689
1 690
1 691
1 692
1 693
1 694
1 695
1 696
1 697
1 698
1 699
1 700
1 701
1 702
1 703
1 704
1 705
1 706
1 707
1 708
1 709
1 710
1 711
1 712
1 713
1 714
1 715
1 716
1 717
1 718
1 719
1 720
1 721
1 722
1 723
1 724
1 725
1 726
1 727
1 728
1 729
1 730
1 731
1 732
1 733
1 734
1 735
1 736
1 737
1 738
1 739
1 740
1 741
1 742
1 743
1 744
1 745
1 746
1 747
1 748
1 749
1 750
1 751
1 752
1 753
1 754
1 755
1 756
1 757
1 758
1 759
1 760
1 761
1 762
1 763
1 764
1 765
1 766
1 767
1 768
1 769
1 770
1 771
1 772
1 773
1 774
1 775
1 776
1 777
1 778
1 779
1 780
1 781
1 782
1 783
1 784
1 785
1 786
1 787
1 788
1 789
1 790
1 791
1 792
1 793
1 794
1 795
1 796
1 797
1 798
1 799
1 800
1 801
1 802
1 803
1 804
1 805
1 806
1 807
1 808
1 809
1 810
1 811
1 812
1 813
1 814
1 815
1 816
1 817
1 818
1 819
1 820
1 821
1 822
1 823
1 824
1 825
1 826
1 827
1 828
1 829
1 830
1 831
1 832
1 833
1 834
1 835
1 836
1 837
1 838
1 839
1 840
1 841
1 842
1 843
1 844
1 845
1 846
1 847
1 848
1 849
1 850
1 851
1 852
1 853
1 854
1 855
1 856
1 857
1 858
1 859
1 860
1 861
1 862
1 863
1 864
1 865
1 866
1 867
1 868
1 869
1 870
1 871
1 872

POINT_DATA 873
SCALARS id int 1
LOOKUP_TABLE default
1
2
3
4
5
6
7
8
9
10
11
12
13
14
15
16
17
18
19
20
21
22
23
24
25
26
27
28
29
30
32
33
34
35
36
37
39
40
41
42
43
44
45
46
47
48
49
50
51
52
53
54
56
57
58
59
60
61
62
63
64
65
67
68
69
70
71
72
73
74
75
76
77
78
79
80
81
82
83
84
85
86
87
88
89
90
91
92
93
94
95
96
97
98
99
100
101
102
103
104
105
106
107
108
109
110
111
112
113
114
115
116
117
118
119
120
121
122
123
124
125
126
127
129
130
131
132
133
134
135
136
137
138
139
140
141
142
143
144
145
146
147
148
149
150
151
153
154
155
156
157
158
159
160
161
162
163
164
165
166
167
168
169
170
171
172
173
174
175
176
177
178
179
180
181
182
183
184
185
186
187
188
189
190
191
192
193
194
195
196
197
198
199
200
201
202
203
204
205
206
208
209
210
211
212
213
214
215
217
218
219
220
221
222
223
225
226
227
228
229
230
231
232
233
234
235
236
237
238
239
240
241
242
243
244
245
246
247
248
249
250
251
252
253
254
255
256
257
258
259
260
261
262
263
264
265
266
267
268
269
270
271
273
274
275
276
277
278
279
280
281
282
283
284
285
286
287
288
289
290
291
292
293
294
295
296
297
299
300
301
302
303
304
305
306
307
308
309
310
311
312
313
314
315
316
317
318
319
320
321
322
323
324
325
326
327
328
329
330
331
332
333
334
335
336
337
338
339
340
341
342
343
344
345
346
347
348
349
350
351
352
353
354
355
356
357
358
359
360
361
362
363
364
365
366
367
368
369
370
371
372
373
374
375
376
377
378
379
381
382
383
384
385
386
387
388
389
390
391
392
393
394
395
396
397
398
399
400
401
402
404
405
406
407
408
409
410
411
412
413
414
415
416
417
418
419
420
421
422
423
424
426
427
428
429
430
431
432
434
435
436
437
438
439
440
441
442
443
444
445
446
447
448
449
451
452
453
454
455
456
457
458
459
460
461
462
463
464
465
466
467
468
469
470
471
472
473
474
475
476
477
478
479
480
481
482
483
484
485
486
487
489
490
491
492
493
494
495
496
497
498
499
500
501
502
503
504
505
506
507
508
509
510
511
512
513
514
515
516
517
518
519
520
521
522
523
524
525
526
527
528
529
530
531
532
533
534
535
536
537
538
539
540
541
542
543
544
545
546
547
548
549
550
551
552
553
554
555
556
557
558
559
560
561
562
563
564
565
566
567
568
569
570
571
572
573
574
575
576
577
579
580
581
582
583
584
585
586
587
588
589
590
591
592
593
594
595
596
597
598
599
600
601
602
603
605
606
607
608
609
610
611
612
613
614
615
616
617
618
619
620
621
622
623
624
625
626
627
628
629
630
631
632
633
634
635
636
637
638
640
641
642
643
644
645
646
647
648
649
650
651
652
653
654
655
656
659
660
661
662
663
664
665
666
667
668
669
670
671
672
673
674
675
676
677
678
679
680
681
682
683
684
685
686
687
688
690
691
692
693
694
695
696
698
699
700
701
702
703
704
705
706
707
708
709
710
711
712
713
714
715
716
717
718
719
720
721
722
723
724
725
726
727
728
729
730
731
732
733
734
735
736
738
739
740
741
742
743
744
745
746
747
748
749
750
751
752
753
754
755
756
757
758
759
760
761
762
764
765
766
767
768
769
770
771
772
773
774
775
776
777
778
779
780
781
782
783
784
785
786
787
788
789
791
792
793
794
795
796
797
798
799
800
801
802
803
804
805
806
807
808
809
810
811
812
813
814
815
816
817
818
819
820
821
822
823
824
825
826
827
828
829
830
831
832
833
834
835
836
837
838
839
840
841
842
843
844
845
846
847
848
849
850
851
852
853
854
855
856
857
858
859
860
861
862
863
864
865
866
867
868
869
870
871
872
873
874
875
876
877
878
879
880
881
882
883
884
885
886
887
888
889
890
891
892
893
894
895
896
897
898
899
900

SCALARS type int 1
LOOKUP_TABLE default
1
1
1
1
1
1
1
1
1
1
1
1
1
1
1
1
1
1
1
1
1
1
1
1
1
1
1
1
1
1
1
1
1
1
1
1
1
1
1
1
1
1
1
1
1
1
1
1
1
1
1
1
1
1
1
1
1
1
1
1
1
1
1
1
1
1
1
1
1
1
1
1
1
1
1
1
1
1
1
1
1
1
1
1
1
1
1
1
1
1
1
1
1
1
1
1
1
1
1
1
1
1
1
1
1
1
1
1
1
1
1
1
1
1
1
1
1
1
1
1
1
1
1
1
1
1
1
1
1
1
1
1
1
1
1
1
1
1
1
1
1
1
1
1
1
1
1
1
1
1
1
1
1
1
1
1
1
1
1
1
1
1
1
1
1
1
1
1
1
1
1
1
1
1
1
1
1
1
1
1
1
1
1
1
1
1
1
1
1
1
1
1
1
1
1
1
1
1
1
1
1
1
1
1
1
1
1
1
1
1
1
1
1
1
1
1
1
1
1
1
1
1
1
1
1
1
1
1
1
1
1
1
1
1
1
1
1
1
1
1
1
1
1
1
1
1
1
1
1
1
1
1
1
1
1
1
1
1
1
1
1
1
1
1
1
1
1
1
1
1
1
1
1
1
1
1
1
1
1
1
1
1
1
1
1
1
1
1
1
1
1
1
1
1
1
1
1
1
1
1
1
1
1
1
1
1
1
1
1
1
1
1
1
1
1
1
1
1
1
1
1
1
1
1
1
1
1
1
1
1
1
1
1
1
1
1
1
1
1
1
1
1
1
1
1
1
1
1
1
1
1
1
1
1
1
1
1
1
1
1
1
1
1
1
1
1
1
1
1
1
1
1
1
1
1
1
1
1
1
1
1
1
1
1
1
1
1
1
1
1
1
1
1
1
1
1
1
1
1
1
1
1
1
1
1
1
1
1
1
1
1
1
1
1
1
1
1
1
1
1
1
1
1
1
1
1
1
1
1
1
1
1
1
1
1
1
1
1
1
1
1
1
1
1
1
1
1
1
1
1
1
1
1
1
1
1
1
1
1
1
1
1
1
1
1
1
1
1
1
1
1
1
1
1
1
1
1
1
1
1
1
1
1
1
1
1
1
1
1
1
1
1
1
1
1
1
1
1
1
1
1
1
1
1
1
1
1
1
1
1
1
1
1
1
1
1
1
1
1
1
1
1
1
1
1
1
1
1
1
1
1
1
1
1
1
1
1
1
1
1
1
1
1
1
1
1
1
1
1
1
1
1
1
1
1
1
1
1
1
1
1
1
1
1
1
1
1
1
1
1
1
1
1
1
1
1
1
1
1
1
1
1
1
1
1
1
1
1
1
1
1
1
1
1
1
1
1
1
1
1
1
1
1
1
1
1
1
1
1
1
1
1
1
1
1
1
1
1
1
1
1
1
1
1
1
1
1
1
1
1
1
1
1
1
1
1
1
1
1
1
1
1
1
1
1
1
1
1
1
1
1
1
1
1
1
1
1
1
1
1
1
1
1
1
1
1
1
1
1
1
1
1
1
1
1
1
1
1
1
1
1
1
1
1
1
1
1
1
1
1
1
1
1
1
1
1
1
1
1
1
1
1
1
1
1
1
1
1
1
1
1
1
1
1
1
1
1
1
1
1
1
1
1
1
1
1
1
1
1
1
1
1
1
1
1
1
1
1
1
1
1
1
1
1
1
1
1
1
1
1
1
1
1
1
1
1
1
1
1
1
1
1
1
1
1
1
1
1
1
1
1
1
1
1
1
1
1
1
1
1
1
1
1
1
1
1
1
1
1
1
1
1
1
1
1
1
1
1
1
1
1
1
1
1
1
1
1
1
1
1
1
1
1
1
1
1
1
1
1
1
1
1
1
1
1
1
1
1
1
1
1
1
1
1
1
1
1
1
1
1
1
1
1
1
1
1
1
1
1
1
1
1
1
1
1
1
1
1
1
1
1
1
1
1
1
1
1
1
1
1
1
1
1

SCALARS radius float 1
LOOKUP_TABLE default
0.00015
0.00015
0.00015
0.00015
0.00015
0.00015
0.00015
0.00015
0.00015
0.00015
0.00015
0.00015
0.00015
0.00015
0.00015
0.00015
0.00015
0.00015
0.00015
0.00015
0.00015
0.00015
0.00015
0.00015
0.00015
0.00015
0.00015
0.00015
0.00015
0.00015
0.00015
0.00015
0.00015
0.00015
0.00015
0.00015
0.00015
0.00015
0.00015
0.00015
0.00015
0.00015
0.00015
0.00015
0.00015
0.00015
0.00015
0.00015
0.00015
0.00015
0.00015
0.00015
0.00015
0.00015
0.00015
0.00015
0.00015
0.00015
0.00015
0.00015
0.00015
0.00015
0.00015
0.00015
0.00015
0.00015
0.00015
0.00015
0.00015
0.00015
0.00015
0.00015
0.00015
0.00015
0.00015
0.00015
0.00015
0.00015
0.00015
0.00015
0.00015
0.00015
0.00015
0.00015
0.00015
0.00015
0.00015
0.00015
0.00015
0.00015
0.00015
0.00015
0.00015
0.00015
0.00015
0.00015
0.00015
0.00015
0.00015
0.00015
0.00015
0.00015
0.00015
0.00015
0.00015
0.00015
0.00015
0.00015
0.00015
0.00015
0.00015
0.00015
0.00015
0.00015
0.00015
0.00015
0.00015
0.00015
0.00015
0.00015
0.00015
0.00015
0.00015
0.00015
0.00015
0.00015
0.00015
0.00015
0.00015
0.00015
0.00015
0.00015
0.00015
0.00015
0.00015
0.00015
0.00015
0.00015
0.00015
0.00015
0.00015
0.00015
0.00015
0.00015
0.00015
0.00015
0.00015
0.00015
0.00015
0.00015
0.00015
0.00015
0.00015
0.00015
0.00015
0.00015
0.00015
0.00015
0.00015
0.00015
0.00015
0.00015
0.00015
0.00015
0.00015
0.00015
0.00015
0.00015
0.00015
0.00015
0.00015
0.00015
0.00015
0.00015
0.00015
0.00015
0.00015
0.00015
0.00015
0.00015
0.00015
0.00015
0.00015
0.00015
0.00015
0.00015
0.00015
0.00015
0.00015
0.00015
0.00015
0.00015
0.00015
0.00015
0.00015
0.00015
0.00015
0.00015
0.00015
0.00015
0.00015
0.00015
0.00015
0.00015
0.00015
0.00015
0.00015
0.00015
0.00015
0.00015
0.00015
0.00015
0.00015
0.00015
0.00015
0.00015
0.00015
0.00015
0.00015
0.00015
0.00015
0.00015
0.00015
0.00015
0.00015
0.00015
0.00015
0.00015
0.00015
0.00015
0.00015
0.00015
0.00015
0.00015
0.00015
0.00015
0.00015
0.00015
0.00015
0.00015
0.00015
0.00015
0.00015
0.00015
0.00015
0.00015
0.00015
0.00015
0.00015
0.00015
0.00015
0.00015
0.00015
0.00015
0.00015
0.00015
0.00015
0.00015
0.00015
0.00015
0.00015
0.00015
0.00015
0.00015
0.00015
0.00015
0.00015
0.00015
0.00015
0.00015
0.00015
0.00015
0.00015
0.00015
0.00015
0.00015
0.00015
0.00015
0.00015
0.00015
0.00015
0.00015
0.00015
0.00015
0.00015
0.00015
0.00015
0.00015
0.00015
0.00015
0.00015
0.00015
0.00015
0.00015
0.00015
0.00015
0.00015
0.00015
0.00015
0.00015
0.00015
0.00015
0.00015
0.00015
0.00015
0.00015
0.00015
0.00015
0.00015
0.00015
0.00015
0.00015
0.00015
0.00015
0.00015
0.00015
0.00015
0.00015
0.00015
0.00015
0.00015
0.00015
0.00015
0.00015
0.00015
0.00015
0.00015
0.00015
0.00015
0.00015
0.00015
0.00015
0.00015
0.00015
0.00015
0.00015
0.00015
0.00015
0.00015
0.00015
0.00015
0.00015
0.00015
0.00015
0.00015
0.00015
0.00015
0.00015
0.00015
0.00015
0.00015
0.00015
0.00015
0.00015
0.00015
0.00015
0.00015
0.00015
0.00015
0.00015
0.00015
0.00015
0.00015
0.00015
0.00015
0.00015
0.00015
0.00015
0.00015
0.00015
0.00015
0.00015
0.00015
0.00015
0.00015
0.00015
0.00015
0.00015
0.00015
0.00015
0.00015
0.00015
0.00015
0.00015
0.00015
0.00015
0.00015
0.00015
0.00015
0.00015
0.00015
0.00015
0.00015
0.00015
0.00015
0.00015
0.00015
0.00015
0.00015
0.00015
0.00015
0.00015
0.00015
0.00015
0.00015
0.00015
0.00015
0.00015
0.00015
0.00015
0.00015
0.00015
0.00015
0.00015
0.00015
0.00015
0.00015
0.00015
0.00015
0.00015
0.00015
0.00015
0.00015
0.00015
0.00015
0.00015
0.00015
0.00015
0.00015
0.00015
0.00015
0.00015
0.00015
0.00015
0.00015
0.00015
0.00015
0.00015
0.00015
0.00015
0.00015
0.00015
0.00015
0.00015
0.00015
0.00015
0.00015
0.00015
0.00015
0.00015
0.00015
0.00015
0.00015
0.00015
0.00015
0.00015
0.00015
0.00015
0.00015
0.00015
0.00015
0.00015
0.00015
0.00015
0.00015
0.00015
0.00015
0.00015
0.00015
0.00015
0.00015
0.00015
0.00015
0.00015
0.00015
0.00015
0.00015
0.00015
0.00015
0.00015
0.00015
0.00015
0.00015
0.00015
0.00015
0.00015
0.00015
0.00015
0.00015
0.00015
0.00015
0.00015
0.00015
0.00015
0.00015
0.00015
0.00015
0.00015
0.00015
0.00015
0.00015
0.00015
0.00015
0.00015
0.00015
0.00015
0.00015
0.00015
0.00015
0.00015
0.00015
0.00015
0.00015
0.00015
0.00015
0.00015
0.00015
0.00015
0.00015
0.00015
0.00015
0.00015
0.00015
0.00015
0.00015
0.00015
0.00015
0.00015
0.00015
0.00015
0.00015
0.00015
0.00015
0.00015
0.00015
0.00015
0.00015
0.00015
0.00015
0.00015
0.00015
0.00015
0.00015
0.00015
0.00015
0.00015
0.00015
0.00015
0.00015
0.00015
0.00015
0.00015
0.00015
0.00015
0.00015
0.00015
0.00015
0.00015
0.00015
0.00015
0.00015
0.00015
0.00015
0.00015
0.00015
0.00015
0.00015
0.00015
0.00015
0.00015
0.00015
0.00015
0.00015
0.00015
0.00015
0.00015
0.00015
0.00015
0.00015
0.00015
0.00015
0.00015
0.00015
0.00015
0.00015
0.00015
0.00015
0.00015
0.00015
0.00015
0.00015
0.00015
0.00015
0.00015
0.00015
0.00015
0.00015
0.00015
0.00015
0.00015
0.00015
0.00015
0.00015
0.00015
0.00015
0.00015
0.00015
0.00015
0.00015
0.00015
0.00015
0.00015
0.00015
0.00015
0.00015
0.00015
0.00015
0.00015
0.00015
0.00015
0.00015
0.00015
0.00015
0.00015
0.00015
0.00015
0.00015
0.00015
0.00015
0.00015
0.00015
0.00015
0.00015
0.00015
0.00015
0.00015
0.00015
0.00015
0.00015
0.00015
0.00015
0.00015
0.00015
0.00015
0.00015
0.00015
0.00015
0.00015
0.00015
0.00015
0.00015
0.00015
0.00015
0.00015
0.00015
0.00015
0.00015
0.00015
0.00015
0.00015
0.00015
0.00015
0.00015
0.00015
0.00015
0.00015
0.00015
0.00015
0.00015
0.00015
0.00015
0.00015
0.00015
0.00015
0.00015
0.00015
0.00015
0.00015
0.00015
0.00015
0.00015
0.00015
0.00015
0.00015
0.00015
0.00015
0.00015
0.00015
0.00015
0.00015
0.00015
0.00015
0.00015
0.00015
0.00015
0.00015
0.00015
0.00015
0.00015
0.00015
0.00015
0.00015
0.00015
0.00015
0.00015
0.00015
0.00015
0.00015
0.00015
0.00015
0.00015
0.00015
0.00015
0.00015
0.00015
0.00015
0.00015
0.00015
0.00015
0.00015
0.00015
0.00015
0.00015
0.00015
0.00015
0.00015
0.00015
0.00015
0.00015
0.00015
0.00015
0.00015
0.00015
0.00015
0.00015
0.00015
0.00015
0.00015
0.00015
0.00015
0.00015
0.00015
0.00015
0.00015
0.00015
0.00015
0.00015
0.00015
0.00015
0.00015
0.00015
0.00015
0.00015
0.00015
0.00015
0.00015
0.00015
0.00015
0.00015
0.00015
0.00015
0.00015
0.00015
0.00015
0.00015
0.00015
0.00015
0.00015
0.00015
0.00015
0.00015
0.00015
0.00015
0.00015
0.00015
0.00015
0.00015
0.00015
0.00015
0.00015
0.00015
0.00015
0.00015
0.00015
0.00015
0.00015
0.00015
0.00015
0.00015
0.00015
0.00015
0.00015
0.00015
0.00015
0.00015
0.00015
0.00015
0.00015
0.00015
0.00015
0.00015
0.00015
0.00015
0.00015
0.00015
0.00015
0.00015
0.00015
0.00015
0.00015
0.00015
0.00015
0.00015
0.00015
0.00015
0.00015
0.00015
0.00015
0.00015
0.00015
0.00015
0.00015
0.00015
0.00015
0.00015
0.00015
0.00015
0.00015
0.00015
0.00015
0.00015
0.00015
0.00015
0.00015
0.00015
0.00015
0.00015
0.00015
0.00015
0.00015
0.00015
0.00015
0.00015
0.00015
0.00015
0.00015
0.00015
0.00015
0.00015
0.00015
0.00015
0.00015
0.00015
0.00015
0.00015
0.00015
0.00015
0.00015
0.00015
0.00015
0.00015
0.00015
0.00015
0.00015
0.00015
0.00015
0.00015
0.00015
0.00015
0.00015
0.00015
0.00015
0.00015

SCALARS mass float 1
LOOKUP_TABLE default
3.95841e-09
3.95841e-09
3.95841e-09
3.95841e-09
3.95841e-09
3.95841e-09
3.95841e-09
3.95841e-09
3.95841e-09
3.95841e-09
3.95841e-09
3.95841e-09
3.95841e-09
3.95841e-09
3.95841e-09
3.95841e-09
3.95841e-09
3.95841e-09
3.95841e-09
3.95841e-09
3.95841e-09
3.95841e-09
3.95841e-09
3.95841e-09
3.95841e-09
3.95841e-09
3.95841e-09
3.95841e-09
3.95841e-09
3.95841e-09
3.95841e-09
3.95841e-09
3.95841e-09
3.95841e-09
3.95841e-09
3.95841e-09
3.95841e-09
3.95841e-09
3.95841e-09
3.95841e-09
3.95841e-09
3.95841e-09
3.95841e-09
3.95841e-09
3.95841e-09
3.95841e-09
3.95841e-09
3.95841e-09
3.95841e-09
3.95841e-09
3.95841e-09
3.95841e-09
3.95841e-09
3.95841e-09
3.95841e-09
3.95841e-09
3.95841e-09
3.95841e-09
3.95841e-09
3.95841e-09
3.95841e-09
3.95841e-09
3.95841e-09
3.95841e-09
3.95841e-09
3.95841e-09
3.95841e-09
3.95841e-09
3.95841e-09
3.95841e-09
3.95841e-09
3.95841e-09
3.95841e-09
3.95841e-09
3.95841e-09
3.95841e-09
3.95841e-09
3.95841e-09
3.95841e-09
3.95841e-09
3.95841e-09
3.95841e-09
3.95841e-09
3.95841e-09
3.95841e-09
3.95841e-09
3.95841e-09
3.95841e-09
3.95841e-09
3.95841e-09
3.95841e-09
3.95841e-09
3.95841e-09
3.95841e-09
3.95841e-09
3.95841e-09
3.95841e-09
3.95841e-09
3.95841e-09
3.95841e-09
3.95841e-09
3.95841e-09
3.95841e-09
3.95841e-09
3.95841e-09
3.95841e-09
3.95841e-09
3.95841e-09
3.95841e-09
3.95841e-09
3.95841e-09
3.95841e-09
3.95841e-09
3.95841e-09
3.95841e-09
3.95841e-09
3.95841e-09
3.95841e-09
3.95841e-09
3.95841e-09
3.95841e-09
3.95841e-09
3.95841e-09
3.95841e-09
3.95841e-09
3.95841e-09
3.95841e-09
3.95841e-09
3.95841e-09
3.95841e-09
3.95841e-09
3.95841e-09
3.95841e-09
3.95841e-09
3.95841e-09
3.95841e-09
3.95841e-09
3.95841e-09
3.95841e-09
3.95841e-09
3.95841e-09
3.95841e-09
3.95841e-09
3.95841e-09
3.95841e-09
3.95841e-09
3.95841e-09
3.95841e-09
3.95841e-09
3.95841e-09
3.95841e-09
3.95841e-09
3.95841e-09
3.95841e-09
3.95841e-09
3.95841e-09
3.95841e-09
3.95841e-09
3.95841e-09
3.95841e-09
3.95841e-09
3.95841e-09
3.95841e-09
3.95841e-09
3.95841e-09
3.95841e-09
3.95841e-09
3.95841e-09
3.95841e-09
3.95841e-09
3.95841e-09
3.95841e-09
3.95841e-09
3.95841e-09
3.95841e-09
3.95841e-09
3.95841e-09
3.95841e-09
3.95841e-09
3.95841e-09
3.95841e-09
3.95841e-09
3.95841e-09
3.95841e-09
3.95841e-09
3.95841e-09
3.95841e-09
3.95841e-09
3.95841e-09
3.95841e-09
3.95841e-09
3.95841e-09
3.95841e-09
3.95841e-09
3.95841e-09
3.95841e-09
3.95841e-09
3.95841e-09
3.95841e-09
3.95841e-09
3.95841e-09
3.95841e-09
3.95841e-09
3.95841e-09
3.95841e-09
3.95841e-09
3.95841e-09
3.95841e-09
3.95841e-09
3.95841e-09
3.95841e-09
3.95841e-09
3.95841e-09
3.95841e-09
3.95841e-09
3.95841e-09
3.95841e-09
3.95841e-09
3.95841e-09
3.95841e-09
3.95841e-09
3.95841e-09
3.95841e-09
3.95841e-09
3.95841e-09
3.95841e-09
3.95841e-09
3.95841e-09
3.95841e-09
3.95841e-09
3.95841e-09
3.95841e-09
3.95841e-09
3.95841e-09
3.95841e-09
3.95841e-09
3.95841e-09
3.95841e-09
3.95841e-09
3.95841e-09
3.95841e-09
3.95841e-09
3.95841e-09
3.95841e-09
3.95841e-09
3.95841e-09
3.95841e-09
3.95841e-09
3.95841e-09
3.95841e-09
3.95841e-09
3.95841e-09
3.95841e-09
3.95841e-09
3.95841e-09
3.95841e-09
3.95841e-09
3.95841e-09
3.95841e-09
3.95841e-09
3.95841e-09
3.95841e-09
3.95841e-09
3.95841e-09
3.95841e-09
3.95841e-09
3.95841e-09
3.95841e-09
3.95841e-09
3.95841e-09
3.95841e-09
3.95841e-09
3.95841e-09
3.95841e-09
3.95841e-09
3.95841e-09
3.95841e-09
3.95841e-09
3.95841e-09
3.95841e-09
3.95841e-09
3.95841e-09
3.95841e-09
3.95841e-09
3.95841e-09
3.95841e-09
3.95841e-09
3.95841e-09
3.95841e-09
3.95841e-09
3.95841e-09
3.95841e-09
3.95841e-09
3.95841e-09
3.95841e-09
3.95841e-09
3.95841e-09
3.95841e-09
3.95841e-09
3.95841e-09
3.95841e-09
3.95841e-09
3.95841e-09
3.95841e-09
3.95841e-09
3.95841e-09
3.95841e-09
3.95841e-09
3.95841e-09
3.95841e-09
3.95841e-09
3.95841e-09
3.95841e-09
3.95841e-09
3.95841e-09
3.95841e-09
3.95841e-09
3.95841e-09
3.95841e-09
3.95841e-09
3.95841e-09
3.95841e-09
3.95841e-09
3.95841e-09
3.95841e-09
3.95841e-09
3.95841e-09
3.95841e-09
3.95841e-09
3.95841e-09
3.95841e-09
3.95841e-09
3.95841e-09
3.95841e-09
3.95841e-09
3.95841e-09
3.95841e-09
3.95841e-09
3.95841e-09
3.95841e-09
3.95841e-09
3.95841e-09
3.95841e-09
3.95841e-09
3.95841e-09
3.95841e-09
3.95841e-09
3.95841e-09
3.95841e-09
3.95841e-09
3.95841e-09
3.95841e-09
3.95841e-09
3.95841e-09
3.95841e-09
3.95841e-09
3.95841e-09
3.95841e-09
3.95841e-09
3.95841e-09
3.95841e-09
3.95841e-09
3.95841e-09
3.95841e-09
3.95841e-09
3.95841e-09
3.95841e-09
3.95841e-09
3.95841e-09
3.95841e-09
3.95841e-09
3.95841e-09
3.95841e-09
3.95841e-09
3.95841e-09
3.95841e-09
3.95841e-09
3.95841e-09
3.95841e-09
3.95841e-09
3.95841e-09
3.95841e-09
3.95841e-09
3.95841e-09
3.95841e-09
3.95841e-09
3.95841e-09
3.95841e-09
3.95841e-09
3.95841e-09
3.95841e-09
3.95841e-09
3.95841e-09
3.95841e-09
3.95841e-09
3.95841e-09
3.95841e-09
3.95841e-09
3.95841e-09
3.95841e-09
3.95841e-09
3.95841e-09
3.95841e-09
3.95841e-09
3.95841e-09
3.95841e-09
3.95841e-09
3.95841e-09
3.95841e-09
3.95841e-09
3.95841e-09
3.95841e-09
3.95841e-09
3.95841e-09
3.95841e-09
3.95841e-09
3.95841e-09
3.95841e-09
3.95841e-09
3.95841e-09
3.95841e-09
3.95841e-09
3.95841e-09
3.95841e-09
3.95841e-09
3.95841e-09
3.95841e-09
3.95841e-09
3.95841e-09
3.95841e-09
3.95841e-09
3.95841e-09
3.95841e-09
3.95841e-09
3.95841e-09
3.95841e-09
3.95841e-09
3.95841e-09
3.95841e-09
3.95841e-09
3.95841e-09
3.95841e-09
3.95841e-09
3.95841e-09
3.95841e-09
3.95841e-09
3.95841e-09
3.95841e-09
3.95841e-09
3.95841e-09
3.95841e-09
3.95841e-09
3.95841e-09
3.95841e-09
3.95841e-09
3.95841e-09
3.95841e-09
3.95841e-09
3.95841e-09
3.95841e-09
3.95841e-09
3.95841e-09
3.95841e-09
3.95841e-09
3.95841e-09
3.95841e-09
3.95841e-09
3.95841e-09
3.95841e-09
3.95841e-09
3.95841e-09
3.95841e-09
3.95841e-09
3.95841e-09
3.95841e-09
3.95841e-09
3.95841e-09
3.95841e-09
3.95841e-09
3.95841e-09
3.95841e-09
3.95841e-09
3.95841e-09
3.95841e-09
3.95841e-09
3.95841e-09
3.95841e-09
3.95841e-09
3.95841e-09
3.95841e-09
3.95841e-09
3.95841e-09
3.95841e-09
3.95841e-09
3.95841e-09
3.95841e-09
3.95841e-09
3.95841e-09
3.95841e-09
3.95841e-09
3.95841e-09
3.95841e-09
3.95841e-09
3.95841e-09
3.95841e-09
3.95841e-09
3.95841e-09
3.95841e-09
3.95841e-09
3.95841e-09
3.95841e-09
3.95841e-09
3.95841e-09
3.95841e-09
3.95841e-09
3.95841e-09
3.95841e-09
3.95841e-09
3.95841e-09
3.95841e-09
3.95841e-09
3.95841e-09
3.95841e-09
3.95841e-09
3.95841e-09
3.95841e-09
3.95841e-09
3.95841e-09
3.95841e-09
3.95841e-09
3.95841e-09
3.95841e-09
3.95841e-09
3.95841e-09
3.95841e-09
3.95841e-09
3.95841e-09
3.95841e-09
3.95841e-09
3.95841e-09
3.95841e-09
3.95841e-09
3.95841e-09
3.95841e-09
3.95841e-09
3.95841e-09
3.95841e-09
3.95841e-09
3.95841e-09
3.95841e-09
3.95841e-09
3.95841e-09
3.95841e-09
3.95841e-09
3.95841e-09
3.95841e-09
3.95841e-09
3.95841e-09
3.95841e-09
3.95841e-09
3.95841e-09
3.95841e-09
3.95841e-09
3.95841e-09
3.95841e-09
3.95841e-09
3.95841e-09
3.95841e-09
3.95841e-09
3.95841e-09
3.95841e-09
3.95841e-09
3.95841e-09
3.95841e-09
3.95841e-09
3.95841e-09
3.95841e-09
3.95841e-09
3.95841e-09
3.95841e-09
3.95841e-09
3.95841e-09
3.95841e-09
3.95841e-09
3.95841e-09
3.95841e-09
3.95841e-09
3.95841e-09
3.95841e-09
3.95841e-09
3.95841e-09
3.95841e-09
3.95841e-09
3.95841e-09
3.95841e-09
3.95841e-09
3.95841e-09
3.95841e-09
3.95841e-09
3.95841e-09
3.95841e-09
3.95841e-09
3.95841e-09
3.95841e-09
3.95841e-09
3.95841e-09
3.95841e-09
3.95841e-09
3.95841e-09
3.95841e-09
3.95841e-09
3.95841e-09
3.95841e-09
3.95841e-09
3.95841e-09
3.95841e-09
3.95841e-09
3.95841e-09
3.95841e-09
3.95841e-09
3.95841e-09
3.95841e-09
3.95841e-09
3.95841e-09
3.95841e-09
3.95841e-09
3.95841e-09
3.95841e-09
3.95841e-09
3.95841e-09
3.95841e-09
3.95841e-09
3.95841e-09
3.95841e-09
3.95841e-09
3.95841e-09
3.95841e-09
3.95841e-09
3.95841e-09
3.95841e-09
3.95841e-09
3.95841e-09
3.95841e-09
3.95841e-09
3.95841e-09
3.95841e-09
3.95841e-09
3.95841e-09
3.95841e-09
3.95841e-09
3.95841e-09
3.95841e-09
3.95841e-09
3.95841e-09
3.95841e-09
3.95841e-09
3.95841e-09
3.95841e-09
3.95841e-09
3.95841e-09
3.95841e-09
3.95841e-09
3.95841e-09
3.95841e-09
3.95841e-09
3.95841e-09
3.95841e-09
3.95841e-09
3.95841e-09
3.95841e-09
3.95841e-09
3.95841e-09
3.95841e-09
3.95841e-09
3.95841e-09
3.95841e-09
3.95841e-09
3.95841e-09
3.95841e-09
3.95841e-09
3.95841e-09
3.95841e-09
3.95841e-09
3.95841e-09
3.95841e-09
3.95841e-09
3.95841e-09
3.95841e-09
3.95841e-09
3.95841e-09
3.95841e-09
3.95841e-09
3.95841e-09
3.95841e-09
3.95841e-09
3.95841e-09
3.95841e-09
3.95841e-09
3.95841e-09
3.95841e-09
3.95841e-09
3.95841e-09
3.95841e-09
3.95841e-09
3.95841e-09
3.95841e-09
3.95841e-09
3.95841e-09
3.95841e-09
3.95841e-09
3.95841e-09
3.95841e-09
3.95841e-09
3.95841e-09
3.95841e-09
3.95841e-09
3.95841e-09
3.95841e-09
3.95841e-09
3.95841e-09
3.95841e-09
3.95841e-09
3.95841e-09
3.95841e-09
3.95841e-09
3.95841e-09
3.95841e-09
3.95841e-09
3.95841e-09
3.95841e-09
3.95841e-09
3.95841e-09
3.95841e-09
3.95841e-09
3.95841e-09
3.95841e-09
3.95841e-09
3.95841e-09
3.95841e-09
3.95841e-09
3.95841e-09
3.95841e-09
3.95841e-09
3.95841e-09
3.95841e-09
3.95841e-09
3.95841e-09
3.95841e-09
3.95841e-09
3.95841e-09
3.95841e-09
3.95841e-09
3.95841e-09
3.95841e-09
3.95841e-09
3.95841e-09
3.95841e-09
3.95841e-09
3.95841e-09
3.95841e-09
3.95841e-09
3.95841e-09
3.95841e-09
3.95841e-09
3.95841e-09
3.95841e-09
3.95841e-09
3.95841e-09
3.95841e-09
3.95841e-09
3.95841e-09
3.95841e-09
3.95841e-09
3.95841e-09
3.95841e-09
3.95841e-09
3.95841e-09
3.95841e-09
3.95841e-09
3.95841e-09
3.95841e-09
3.95841e-09
3.95841e-09
3.95841e-09
3.95841e-09
3.95841e-09
3.95841e-09
3.95841e-09
3.95841e-09
3.95841e-09
3.95841e-09
3.95841e-09
3.95841e-09
3.95841e-09
3.95841e-09
3.95841e-09
3.95841e-09
3.95841e-09
3.95841e-09
3.95841e-09
3.95841e-09
3.95841e-09
3.95841e-09
3.95841e-09
3.95841e-09
3.95841e-09
3.95841e-09
3.95841e-09
3.95841e-09
3.95841e-09
3.95841e-09
3.95841e-09
3.95841e-09
3.95841e-09
3.95841e-09
3.95841e-09
3.95841e-09
3.95841e-09
3.95841e-09
3.95841e-09
3.95841e-09
3.95841e-09
3.95841e-09
3.95841e-09
3.95841e-09
3.95841e-09
3.95841e-09
3.95841e-09
3.95841e-09
3.95841e-09
3.95841e-09
3.95841e-09
3.95841e-09
3.95841e-09
3.95841e-09
3.95841e-09
3.95841e-09
3.95841e-09
3.95841e-09
3.95841e-09
3.95841e-09
3.95841e-09
3.95841e-09
3.95841e-09
3.95841e-09
3.95841e-09
3.95841e-09
3.95841e-09
3.95841e-09
3.95841e-09
3.95841e-09
3.95841e-09
3.95841e-09
3.95841e-09
3.95841e-09
3.95841e-09
3.95841e-09
3.95841e-09
3.95841e-09
3.95841e-09
3.95841e-09
3.95841e-09
3.95841e-09
3.95841e-09
3.95841e-09
3.95841e-09
3.95841e-09
3.95841e-09
3.95841e-09
3.95841e-09
3.95841e-09
3.95841e-09
3.95841e-09

VECTORS velocity float
3.11008e-11 1.26338e-10 4.4039e-11
-1.38677e-13 -7.25567e-15 1.32322e-14
1.44527e-14 5.69034e-14 -8.57111e-15
9.28835e-14 -1.63117e-13 -9.53944e-14
3.28591e-13 -9.0822e-13 -2.98675e-13
6.92592e-14 -1.01878e-12 -1.35704e-13
6.59812e-19 1.05682e-22 -5.0412e-16
-5.08698e-12 -1.21954e-12 -5.5846e-13
1.02981e-12 -9.47214e-13 -1.95563e-13
7.78467e-20 -7.21248e-20 7.07689e-22
2.48095e-13 -1.52993e-13 9.24887e-15
-1.1682e-17 -5.53049e-23 8.91957e-15
6.86631e-13 -8.89137e-14 -8.08343e-14
-1.34684e-12 -1.6382e-12 -3.64415e-13
-1.28673e-13 -1.65968e-13 -5.46228e-14
7.70874e-13 -1.96537e-13 2.64788e-14
4.07869e-14 -4.37403e-13 -1.27327e-13
3.80684e-13 2.51724e-14 -5.36082e-14
-4.65602e-14 -6.3947e-15 -4.08332e-14
3.15915e-14 -2.33838e-14 9.30244e-15
-3.53832e-13 -3.1361e-13 8.63522e-14
5.93852e-13 -5.39749e-13 -9.79463e-14
1.06059e-12 -3.78471e-13 -3.2192e-13
-1.31753e-12 -2.47761e-13 -3.31468e-15
1.45654e-13 -8.51296e-14 -3.78917e-14
-1.04929e-12 -1.43713e-12 -5.52064e-14
-5.4859e-13 -1.28792e-13 7.01723e-14
6.06645e-13 -4.10784e-13 -1.18291e-13
-2.92457e-15 -1.58487e-13 -8.10678e-14
-4.7522e-15 -8.01529e-13 -3.16214e-13
1.08336e-13 -7.48386e-13 -6.09778e-14
-1.39377e-12 7.64214e-13 5.56432e-13
1.32547e-13 9.49232e-14 -2.69512e-14
1.04619e-12 -1.71536e-12 -9.28398e-14
-1.27778e-14 -7.13326e-14 5.29781e-15
-1.26576e-13 -7.44338e-15 -8.93454e-15
-1.16762e-13 -2.76188e-14 1.66332e-16
-1.2175e-13 2.94414e-14 -8.11926e-14
-1.04128e-18 2.83849e-23 7.9519e-16
3.40588e-13 1.04691e-13 -3.54282e-14
7.31798e-16 -1.36343e-13 -5.95809e-14
1.13071e-12 -1.39021e-13 3.47949e-13
1.88671e-12 -7.53751e-13 -3.33984e-13
-3.87647e-12 -2.13399e-12 -1.12799e-12
5.26457e-13 -4.83372e-13 5.46699e-14
-4.43543e-13 5.52336e-14 -9.851e-14
-9.18759e-15 1.70678e-14 -3.63843e-15
-2.93476e-12 -1.59902e-13 8.95098e-14
-3.63295e-13 -3.64572e-13 -6.31738e-14
1.86389e-13 -1.111e-12 -1.78865e-13
-3.71087e-13 -3.48915e-15 -5.0941e-13
-1.76542e-13 8.29869e-14 -1.71667e-13
-4.3032e-13 -1.96303e-13 5.09842e-15
1.04804e-14 -4.00415e-14 2.59473e-13
5.78892e-13 -4.52227e-13 -1.51398e-13
-3.06671e-13 -2.60645e-13 -1.07091e-13
5.32148e-13 4.08324e-14 -7.44006e-15
-6.95045e-13 -1.19653e-13 -1.65256e-13
7.69159e-14 8.08528e-15 -1.66893e-14
-5.67139e-14 -4.37307e-14 -1.8679e-14
-2.02187e-13 -1.40078e-14 -9.396e-14
-2.45346e-13 1.18712e-13 -1.36268e-13
-1.63945e-14 -3.49424e-13 1.27346e-13
1.01227e-15 -5.16119e-21 2.98741e-13
1.10855e-12 -3.71551e-13 6.26373e-14
-7.22307e-16 -4.7892e-15 6.30728e-14
1.96782e-14 -1.92921e-13 5.78428e-14
2.4102e-13 -7.5944e-13 2.91336e-13
-6.26325e-15 -3.86322e-13 -4.82756e-14
-9.53324e-14 -4.3818e-14 -2.02443e-14
-1.65052e-13 -2.13185e-13 -5.92086e-14
8.96562e-14 -6.89075e-14 -1.33522e-14
2.5853e-13 -2.16468e-13 -3.95748e-13
9.88699e-13 -1.47093e-12 5.93163e-13
2.77379e-13 -1.27461e-12 -1.57865e-13
-1.20645e-11 -1.37174e-11 -2.29732e-12
-1.70305e-14 -2.70346e-13 -6.16645e-14
-1.03752e-12 -2.17502e-13 1.16985e-13
-7.93686e-20 -9.5788e-21 -1.3942e-19
1.17522e-13 -1.70972e-13 4.74263e-15
4.45112e-13 2.89176e-13 -4.5555e-14
1.07337e-14 -1.94622e-13 2.00215e-14
-9.53901e-14 3.28029e-14 -1.72639e-14
1.08643e-12 -1.71551e-12 -5.081e-13
-5.97016e-13 1.41029e-13 -8.73522e-14
6.2105e-15 -1.08796e-12 -2.21909e-13
-7.49683e-14 -1.12444e-13 -5.58252e-14
2.62515e-13 -1.60986e-12 -2.76851e-13
9.11106e-14 3.79788e-15 1.50506e-14
-1.42042e-14 1.01736e-15 -3.55692e-14
-8.82865e-15 5.28162e-14 3.90406e-15
3.00379e-14 -1.11202e-13 -5.14644e-14
9.06143e-18 2.1385e-22 -6.9181e-15
-1.33664e-12 2.08099e-13 -1.1063e-12
7.68594e-14 -1.09563e-13 -1.03657e-14
-2.13327e-15 -1.41466e-14 1.86307e-13
-1.0293e-13 5.09767e-13 2.379e-14
-4.30011e-13 1.87192e-13 -6.36501e-14
1.73494e-14 2.22626e-14 2.43266e-15
-5.71052e-15 -1.64361e-14 5.84788e-14
9.78659e-14 -2.91883e-14 -4.91925e-14
1.76422e-14 -1.40933e-13 -1.03723e-14
5.7481e-13 -4.93055e-13 -2.01392e-13
6.03205e-18 -1.22504e-21 -4.60544e-15
-3.73081e-13 1.43922e-13 1.38729e-15
9.78881e-14 -8.17202e-13 2.98957e-13
-1.29363e-12 -2.08246e-12 -1.16787e-12
3.40002e-14 -4.19726e-14 -5.85082e-14
-3.87156e-13 -1.79262e-13 2.8628e-14
-2.17339e-12 1.64654e-13 8.28092e-14
-2.29354e-12 -7.15817e-13 -4.79416e-14
-9.00765e-14 1.44527e-12 -3.0045e-13
1.5896e-13 5.91693e-14 -2.8362e-13
-5.80004e-13 -1.2939e-12 -4.98691e-14
-2.26569e-13 -1.60612e-12 -7.52571e-13
9.22486e-13 -1.76312e-12 -2.20935e-13
2.07242e-13 -3.27861e-14 2.20482e-14
8.88955e-14 -1.13836e-13 -2.08562e-14
-5.29804e-15 3.37496e-14 -9.01599e-15
-3.65401e-14 -9.77542e-14 -4.60652e-14
3.70767e-13 -2.69614e-13 -1.57316e-13
1.3572e-13 -6.23569e-13 -2.4426e-13
1.41913e-12 -7.35306e-13 -1.846e-13
-1.17757e-13 -2.71625e-13 3.96912e-14
-6.96516e-13 -1.02831e-12 3.89628e-13
1.60057e-14 -1.39453e-14 -4.19975e-14
-1.4182e-13 -1.25437e-13 -2.07374e-14
-1.11441e-13 -3.1921e-13 -1.8859e-13
5.55495e-13 -1.92459e-13 -1.32051e-13
-1.54188e-13 -4.79849e-13 -2.49006e-13
2.61781e-13 -1.73043e-12 -1.10782e-12
9.36703e-14 -1.12638e-13 -1.11551e-13
4.00825e-13 -5.12355e-13 -1.46388e-13
8.75558e-14 1.31718e-13 -5.30519e-13
-8.99276e-13 -1.70964e-12 -1.33613e-12
-8.69874e-18 -1.74216e-22 6.6413e-15
-5.98038e-13 -1.21203e-13 -1.50007e-14
-4.49497e-13 -7.72029e-13 -3.52079e-13
-3.82878e-13 -3.14982e-13 -5.91084e-14
-7.60447e-15 -9.0947e-14 -1.68419e-14
-1.15744e-13 -3.81159e-13 -7.48828e-14
2.39818e-13 -3.35791e-14 -6.09292e-14
1.64407e-13 -2.51045e-13 -6.96494e-14
2.05074e-13 -6.0418e-14 -3.81866e-13
-7.75453e-13 1.84561e-12 3.29384e-14
-5.05728e-14 -9.86099e-15 -1.51789e-14
1.10532e-12 -1.09724e-12 -2.27818e-13
-2.81515e-13 -3.08696e-13 1.91214e-13
-1.11847e-17 5.83189e-22 8.53937e-15
4.18657e-13 3.16028e-14 3.2553e-13
3.42829e-13 -3.18972e-13 7.44828e-14
3.33226e-13 -1.3125e-13 7.44812e-14
5.44426e-14 4.80951e-13 -1.4492e-12
-3.02173e-13 1.76241e-13 5.15653e-14
-3.06977e-13 -9.33626e-13 -1.02279e-13
8.18192e-13 -1.78127e-14 -5.25758e-14
5.32558e-15 2.16277e-13 -4.22662e-14
4.83991e-13 7.11115e-14 -1.06398e-13
-1.55998e-18 2.39841e-22 1.19087e-15
3.51461e-14 3.80007e-15 2.34529e-15
-4.26515e-13 -6.37871e-13 -1.21607e-14
1.14649e-12 -2.72822e-13 2.93999e-14
1.70788e-13 -8.5659e-13 8.24097e-13
-7.57557e-13 -3.17512e-13 -9.07658e-14
-1.343e-12 -2.34028e-13 -9.43695e-14
3.42783e-13 -8.75754e-13 -6.46931e-13
1.79691e-13 -6.89089e-13 -1.87432e-13
-4.40293e-12 -3.0721e-13 4.03286e-14
9.91871e-15 -1.34442e-15 -6.60942e-15
-1.78214e-12 1.18205e-12 1.16984e-12
-5.5535e-14 -2.79939e-14 3.68203e-14
-5.85437e-15 -2.1302e-14 -1.73201e-14
9.64789e-14 1.49014e-13 -1.61697e-14
1.80548e-13 -1.66962e-12 6.32604e-14
1.13682e-13 -9.93053e-13 1.27373e-13
9.03574e-15 -4.98851e-13 1.34485e-13
8.94388e-14 -2.53097e-15 8.89355e-15
-1.67293e-13 7.61438e-14 1.29143e-14
-5.69486e-12 -1.71081e-12 -2.31689e-13
4.71187e-14 9.93734e-14 1.00643e-14
2.47367e-13 -1.05646e-12 1.57011e-13
4.07475e-13 -4.21785e-14 -1.60061e-14
1.01344e-12 -7.65981e-13 7.59797e-14
3.27577e-13 -1.19737e-14 -5.47836e-14
1.08749e-13 -4.15612e-13 6.28902e-14
5.63201e-13 -3.68544e-13 -4.37931e-13
6.11857e-13 -6.01203e-13 -3.09202e-13
1.03692e-12 -7.01349e-13 -4.80297e-14
3.80073e-14 -2.76325e-13 -3.28037e-13
-5.86534e-13 1.57516e-13 -3.39608e-14
2.65663e-13 3.98835e-14 -2.62643e-15
-7.02801e-14 -1.47252e-13 1.33567e-14
7.80846e-13 -8.15698e-13 -5.25986e-14
2.04524e-13 -5.37387e-13 -1.38943e-13
-1.02484e-12 -7.53265e-13 1.86133e-13
-4.21774e-14 5.30517e-14 -1.44161e-13
4.1548e-14 -1.16206e-13 -4.60452e-14
7.23919e-12 -1.22687e-11 -4.17681e-12
5.45937e-13 -1.5676e-12 -2.09606e-14
-6.46269e-14 -2.25538e-14 -2.4028e-15
2.10636e-13 -2.41109e-13 -1.80829e-14
5.2162e-14 -1.77943e-13 -4.63285e-14
5.84993e-13 1.0698e-14 -5.96825e-14
1.82831e-11 -5.46624e-12 8.3823e-13
-1.85819e-12 -2.19496e-13 -2.33655e-14
7.5588e-13 -9.67764e-13 -1.6163e-13
-4.06903e-13 -1.65151e-12 -2.46721e-13
1.31716e-12 -9.84592e-13 -2.28163e-13
8.00235e-13 -8.27598e-13 -2.56077e-13
-1.25425e-13 -4.62568e-13 1.86785e-13
4.47292e-12 -1.71984e-12 1.73764e-12
1.75556e-12 -8.01654e-13 -2.86859e-13
-2.71712e-13 -4.40368e-13 -1.40387e-13
3.22535e-13 1.51799e-13 2.74917e-13
1.07829e-17 -7.89289e-20 -8.23289e-15
3.64857e-13 -9.2811e-13 -1.08167e-13
-1.69742e-13 -7.8672e-13 -9.28821e-14
1.51567e-13 -7.54438e-13 -1.27893e-13
2.80503e-13 -3.6518e-13 -2.01244e-13
5.71303e-13 -5.49438e-13 3.71691e-13
-1.22912e-13 4.885e-14 -9.53321e-15
3.01382e-13 -5.73843e-13 -1.2266e-13
8.55385e-13 -9.27254e-13 -2.69289e-13
-9.66553e-14 -4.86431e-13 -6.88888e-14
-5.67202e-13 3.09282e-13 5.60691e-14
-1.11845e-17 -2.59581e-22 8.53937e-15
-2.3302e-14 -7.10713e-13 -2.32586e-13
9.08071e-18 5.76095e-21 -6.93359e-15
3.0034e-13 -9.92108e-13 -3.15145e-13
-1.01003e-12 -1.74121e-12 -4.06683e-13
3.41822e-13 9.9697e-15 -5.71627e-14
-3.23924e-15 2.15467e-14 2.81605e-13
6.99165e-13 -7.52873e-13 3.42308e-13
3.20439e-12 -7.18998e-13 2.19242e-13
-7.53582e-13 -1.08641e-12 4.04785e-14
-6.7941e-13 5.25354e-13 -1.37493e-13
-4.20237e-21 8.33174e-20 -2.18619e-19
-1.97076e-13 -4.70142e-14 1.17026e-13
-9.97872e-14 -1.37718e-13 7.07885e-14
-6.94534e-15 -7.8984e-14 1.12155e-13
3.54379e-12 -1.54472e-12 -1.22373e-12
6.99098e-14 -1.7428e-13 -6.67012e-14
4.58127e-13 -3.68e-14 7.6645e-15
-1.67883e-12 -7.72958e-13 -3.76182e-13
-5.85107e-13 -4.62862e-14 6.64313e-14
-2.13338e-15 -1.41465e-14 1.86307e-13
4.39816e-13 -1.00653e-12 -2.46504e-13
5.57096e-13 -1.24972e-13 -4.77514e-14
9.76311e-13 1.98765e-13 -3.75877e-13
3.33624e-13 -5.80328e-13 -4.83353e-14
1.36956e-13 -5.15391e-13 -2.35782e-13
3.56476e-15 1.90828e-14 -2.18296e-13
1.34162e-13 1.39602e-14 1.22886e-14
-1.9168e-13 -1.05116e-13 2.71639e-14
1.724e-12 -1.35003e-12 -1.57226e-13
1.31166e-13 -1.54765e-13 -7.81392e-15
6.03133e-18 -2.7745e-23 -4.60544e-15
-3.4063e-13 1.53291e-12 1.60891e-12
-1.12618e-12 1.34062e-13 1.26179e-13
-1.99881e-13 -2.74214e-13 1.53261e-14
-1.82054e-12 -1.00637e-12 -7.10649e-14
-9.51427e-14 7.4844e-14 -4.52125e-14
-1.99692e-13 -3.26637e-13 -1.32412e-13
-5.02236e-14 -1.31319e-13 -7.78957e-14
-2.34205e-12 -4.64362e-13 4.27606e-13
-2.30382e-12 -7.45462e-13 -2.04479e-13
7.6715e-13 -8.91989e-13 -1.1362e-13
-6.55306e-12 -9.66184e-13 -3.75888e-13
1.80355e-13 -5.9959e-14 -6.81275e-14
-1.75653e-13 -1.93195e-13 -6.23789e-15
1.47465e-12 -1.30837e-12 2.09725e-13
-1.62629e-12 -8.32504e-13 -1.64164e-13
1.04024e-13 -1.98351e-13 -9.75726e-13
-4.08529e-13 -8.62284e-13 -1.65957e-12
-4.96697e-13 -4.88236e-13 -1.38751e-13
1.0989e-13 -8.1878e-13 -7.85739e-14
-2.25862e-13 -7.53816e-14 -5.44624e-14
-2.08008e-12 -7.97166e-13 -1.31234e-12
-1.4715e-13 9.08884e-14 -3.83292e-13
-9.8479e-13 -9.84545e-14 5.60301e-14
3.84158e-13 -3.47507e-13 -1.28602e-13
-2.51759e-15 -1.6131e-12 -2.80911e-13
-1.04325e-13 1.37929e-13 4.90763e-14
2.88234e-13 -2.75492e-13 5.31018e-14
-8.60775e-13 -2.35471e-13 1.09018e-12
1.07189e-12 -9.86986e-13 -4.98671e-13
-7.07087e-13 -1.74476e-12 -1.0476e-12
1.5569e-12 -1.5407e-12 -1.38796e-13
-3.5633e-14 -4.08389e-13 1.65953e-13
2.52703e-13 1.42369e-13 1.10933e-14
-2.32553e-13 -2.83537e-13 8.48649e-14
-3.87478e-13 -2.36798e-13 2.74421e-13
-3.80009e-12 -1.47378e-12 2.78934e-14
1.08869e-12 -9.22184e-13 -1.00873e-13
1.05292e-12 -8.25004e-13 -1.63068e-13
8.55321e-15 -3.48617e-14 -2.93729e-14
2.38083e-12 -3.36452e-13 1.00619e-12
-6.02461e-14 -5.50918e-13 4.9242e-15
-3.67575e-12 -1.46766e-12 -2.63756e-13
-1.24113e-13 -1.7847e-13 -2.57422e-13
4.26369e-16 3.40594e-14 -7.30395e-14
1.88723e-15 2.75181e-13 1.26474e-13
5.85694e-14 -6.71456e-13 -2.9639e-13
5.42944e-13 -6.71253e-13 -1.07445e-13
-6.27219e-13 -1.33899e-12 -2.81962e-13
1.61197e-12 -6.66906e-13 -3.79133e-13
6.54333e-14 -4.28624e-13 -3.50759e-13
2.70561e-13 -4.54404e-14 3.63943e-14
1.35036e-12 -1.05285e-12 -2.04096e-13
-3.61437e-13 -1.11511e-12 -2.20004e-13
-5.77306e-13 -1.19519e-13 8.05089e-14
9.50952e-14 -1.03381e-12 -1.68538e-13
-8.85926e-15 -8.22548e-14 -2.66837e-14
7.41414e-14 -6.78406e-14 6.15942e-14
-2.80631e-13 -4.26475e-13 -2.23178e-13
2.16221e-13 4.75879e-13 -5.50638e-15
-5.42471e-13 -2.69351e-13 -4.88916e-13
-2.18495e-13 -7.61849e-14 4.66806e-14
3.95601e-13 -8.51771e-13 -4.00881e-13
-1.46824e-13 -4.71093e-13 4.85892e-15
2.29394e-14 -1.65267e-12 1.86956e-13
-4.51901e-12 -3.5013e-13 -9.66452e-15
1.27025e-11 -1.71882e-12 2.16671e-13
7.24229e-14 -1.8928e-13 -7.70218e-14
-9.10203e-15 -2.97366e-13 5.19573e-14
1.68642e-12 -1.54096e-12 7.33608e-13
-1.57214e-13 -3.991e-13 -2.39221e-13
-2.11609e-12 1.08926e-12 -1.28973e-12
-3.72102e-13 -1.54053e-13 2.08403e-15
-3.29474e-13 -7.67466e-13 -1.45956e-13
1.01127e-12 -8.77462e-13 -2.47668e-13
7.45961e-13 1.79815e-12 -3.23988e-13
5.56162e-14 -8.2831e-14 -6.05072e-15
9.44954e-13 4.83872e-13 -9.1197e-14
-9.93442e-13 -6.24612e-13 -2.50282e-13
1.12207e-12 -2.83093e-13 2.71755e-14
-1.34147e-13 -8.10816e-13 1.57639e-13
-1.83139e-13 2.17605e-13 -1.71551e-13
-9.4621e-18 3.50454e-20 7.22451e-15
1.29647e-13 -1.35509e-13 4.20016e-13
5.29194e-14 -1.55301e-13 -1.24254e-14
-5.31303e-13 2.40079e-13 9.53737e-14
7.49106e-13 2.35291e-13 -2.27577e-13
1.23876e-12 8.58295e-14 -2.92857e-13
-9.12844e-13 5.42624e-13 -2.79205e-12
-5.98798e-14 -5.19034e-13 1.56008e-13
-2.49551e-13 -1.1008e-12 2.26317e-13
-7.8156e-14 -1.10681e-12 -2.07347e-13
-2.42483e-13 -4.35032e-13 2.26936e-13
-9.67307e-13 -5.19508e-13 2.88185e-13
-2.72756e-15 -6.49969e-14 2.80781e-13
-9.91168e-12 -1.25875e-12 -5.9296e-13
7.05642e-13 3.68275e-14 1.52499e-13
5.18137e-13 -1.83611e-14 2.24454e-13
1.22795e-13 -6.73961e-15 -7.09493e-14
-2.04188e-17 8.32668e-14 2.74514e-13
3.06105e-13 -9.14212e-13 -1.63905e-13
-1.70897e-12 -1.19857e-12 4.14863e-13
3.52528e-14 -1.20757e-14 -4.55225e-15
-1.04774e-12 -1.32414e-12 -5.02555e-13
6.19552e-13 -1.12562e-12 -8.68617e-14
2.63314e-20 2.25232e-20 -6.18138e-20
2.27233e-13 -4.24946e-13 -2.527e-13
-3.67876e-12 -1.34388e-12 8.03265e-13
3.12713e-12 -1.26919e-12 3.5936e-14
2.89431e-14 6.83175e-13 -8.6798e-13
5.55032e-13 -1.61634e-12 2.73424e-13
6.68745e-13 -1.76402e-13 3.97267e-13
-2.14587e-14 7.17478e-14 -1.11248e-12
5.7186e-14 -5.89849e-14 -7.42108e-14
6.51546e-14 -9.0417e-14 -1.31234e-13
-1.76005e-12 2.02402e-12 -6.27095e-13
-1.86984e-13 -3.6472e-13 -8.32501e-14
-5.50791e-13 -1.07333e-12 -2.85596e-13
-1.4696e-12 1.33188e-12 -9.81523e-13
3.40559e-13 -1.03487e-12 -1.07133e-13
1.19177e-12 -1.60991e-13 1.01048e-14
6.17283e-13 -1.35317e-12 8.45524e-13
5.73868e-13 1.50789e-13 -9.4324e-14
9.44253e-13 2.24488e-13 -1.83894e-13
-8.70093e-12 -1.82656e-12 -3.71844e-13
-1.74785e-13 -2.03751e-13 2.28272e-13
4.25321e-14 -8.89968e-13 -9.80611e-14
2.28322e-13 -8.34716e-14 8.27864e-14
1.18438e-12 -7.01651e-13 -1.60275e-13
9.90624e-13 -1.00957e-12 -1.5417e-13
-7.62477e-13 -1.4495e-12 5.57645e-13
-2.44766e-16 3.69442e-22 -7.22357e-14
-3.64754e-12 -6.70718e-13 3.62088e-13
7.26201e-14 -4.99012e-13 2.04482e-13
1.20456e-13 -5.52722e-13 -9.58351e-14
-1.25078e-12 1.71806e-12 -7.47163e-13
4.69759e-13 -1.02484e-12 -1.07779e-13
-5.95915e-14 -3.53098e-15 1.43585e-13
9.53573e-13 1.99701e-13 -4.67584e-14
-3.51254e-12 -7.41805e-13 5.57717e-13
1.10356e-14 9.79989e-13 1.07394e-12
-1.56212e-13 -1.09251e-12 -9.13328e-13
1.15362e-13 -1.28613e-13 2.02058e-13
-1.11772e-13 -4.14723e-13 -1.98832e-14
-2.94983e-13 -4.32312e-13 -2.16988e-13
1.11932e-12 -1.36704e-13 -1.65067e-13
-3.78777e-12 -1.2916e-12 -2.13362e-13
-3.72656e-13 -4.13012e-13 4.46159e-14
-1.41438e-12 7.4132e-13 -1.81507e-13
1.54511e-13 6.22635e-15 -2.96994e-13
5.52265e-18 -4.67296e-20 -4.21679e-15
3.87656e-13 -1.0571e-12 -1.10563e-13
-4.80975e-12 6.59406e-12 2.98845e-12
4.59273e-13 -4.78594e-14 -7.65649e-14
-3.84557e-13 -1.13007e-12 -2.69128e-13
2.75584e-13 -9.42557e-13 -2.11103e-13
1.60283e-12 -8.12229e-15 -2.67045e-13
4.50344e-13 -1.63894e-13 -1.35798e-13
1.08196e-14 -1.68944e-14 -8.9308e-15
2.19398e-20 -3.57806e-21 1.06576e-20
-1.39166e-12 2.86442e-13 1.31435e-13
1.24611e-13 -9.23272e-13 -1.87041e-13
6.18905e-13 -4.93512e-13 1.50522e-13
-5.51293e-14 -1.4904e-13 -1.04417e-13
1.48808e-12 -4.1631e-13 -9.82022e-13
-4.26422e-12 1.73856e-13 -9.51572e-13
-1.06601e-12 -1.55973e-12 7.86567e-13
2.09661e-12 -7.15604e-13 -2.312e-13
-3.55846e-13 -6.3144e-14 -2.3057e-14
2.03744e-13 -9.05651e-13 -2.97971e-13
4.69701e-13 -2.97772e-13 -2.61618e-14
1.46057e-13 -2.41482e-13 -1.17032e-13
1.37178e-14 -4.12177e-15 2.66518e-16
-6.30964e-19 -5.59443e-20 4.82091e-16
-5.39736e-13 -2.80856e-13 -7.30573e-14
-3.12038e-13 -1.25839e-13 -2.66097e-13
-1.31453e-12 -2.6833e-13 -2.41694e-13
2.19753e-13 -4.0103e-13 -3.68605e-13
-7.07442e-13 -3.57104e-13 2.65198e-14
3.63084e-13 -4.09605e-13 -1.34829e-13
2.80521e-13 -1.0475e-13 1.55682e-14
-2.92475e-13 6.07495e-14 -3.0584e-14
5.95158e-14 -1.62215e-12 -8.44706e-13
-1.307e-12 -1.84407e-13 -1.05383e-13
3.92072e-13 -7.12102e-13 -4.64553e-14
-3.29209e-13 -6.24329e-13 -8.73559e-14
1.85954e-13 -6.81464e-13 4.47644e-13
5.42691e-13 -1.66269e-12 -1.50328e-12
-2.01377e-12 2.03351e-12 -4.23828e-13
1.67942e-13 -6.30005e-14 6.21042e-15
2.14299e-13 -1.70947e-12 -4.31867e-13
-4.95399e-12 -7.46155e-13 -6.05009e-16
1.52671e-15 -3.68196e-14 -1.58621e-13
-3.45053e-13 -4.78015e-14 2.29191e-13
2.1592e-15 4.89399e-15 3.08061e-14
-7.4608e-16 1.79853e-14 7.74819e-14
-2.82908e-12 2.27249e-12 -2.16311e-12
7.43615e-13 2.13152e-13 -2.77323e-14
-2.72265e-12 6.90739e-13 4.58618e-14
-8.17616e-12 -7.0512e-13 -5.54257e-13
3.52221e-12 -1.27077e-12 1.49328e-12
6.40838e-13 1.12674e-14 -1.00385e-13
-1.56778e-13 -1.60579e-12 -3.51089e-13
8.13211e-13 -4.82702e-13 7.77803e-14
-3.10502e-14 -1.30191e-12 1.11128e-12
3.01804e-12 -1.7291e-12 6.44743e-13
-1.66074e-13 -1.25326e-13 -1.57389e-13
-1.3716e-13 -2.19934e-13 -2.04976e-14
-3.89301e-13 3.90616e-13 -1.07027e-13
-9.96358e-13 -7.53847e-13 -1.88827e-13
-8.46004e-13 2.2011e-12 2.01616e-12
-3.751e-14 -8.61136e-13 -1.44814e-13
1.65683e-13 -4.33502e-13 4.18796e-14
-4.19547e-13 -1.58984e-13 1.00538e-13
-3.28166e-12 -1.09706e-12 -4.20026e-13
-1.119e-13 3.92678e-13 2.87637e-13
-8.55832e-20 1.59943e-19 4.66363e-19
-1.44195e-13 -1.8788e-13 3.26841e-14
8.15534e-13 -1.71139e-12 -3.46314e-13
-2.14573e-12 -1.67036e-12 -2.43159e-13
-1.74559e-12 -7.58199e-13 8.28833e-13
8.0833e-13 -7.21079e-13 1.45648e-12
9.63645e-14 -1.6135e-13 1.92902e-14
-2.13313e-15 -1.41466e-14 1.86308e-13
-2.74719e-12 -1.68516e-12 1.13909e-12
1.0112e-12 -6.41419e-13 -1.91294e-13
-6.03176e-13 -1.79313e-13 6.01268e-14
-1.12028e-14 -5.32484e-14 -1.43181e-14
9.72879e-13 -1.72276e-12 -2.49924e-13
1.04712e-12 -6.23651e-13 -5.75414e-13
5.18233e-13 -8.24423e-13 -1.99513e-13
-2.54475e-14 -1.6926e-13 -2.42731e-13
1.47861e-11 -1.3431e-12 -2.68079e-12
-1.76827e-14 -5.14247e-13 -2.28613e-13
-1.38914e-14 -3.98379e-13 4.00468e-13
2.22848e-12 4.73737e-14 3.82905e-13
9.87201e-13 4.14765e-13 1.89126e-13
2.4842e-13 -1.35949e-13 -2.69007e-14
6.38088e-13 1.41163e-11 4.54314e-12
6.72972e-13 4.71973e-13 -3.3325e-14
7.21539e-13 7.46403e-13 8.1131e-13
-5.6335e-13 4.73764e-13 -4.30639e-13
-2.6718e-19 -5.47361e-19 4.82083e-16
5.69276e-13 -2.27509e-13 -1.99643e-13
-5.1094e-13 -6.15151e-13 1.54056e-13
1.11224e-13 5.7479e-13 -1.44562e-13
2.81099e-14 1.12108e-14 -1.34535e-14
6.9288e-13 -1.24517e-12 9.03617e-13
-3.25049e-12 -1.01235e-12 -5.6878e-13
4.31547e-13 -8.70945e-13 -8.73793e-13
3.17565e-13 5.67237e-13 -2.29227e-13
-2.4476e-16 9.48261e-22 -7.22337e-14
5.79793e-14 -5.13008e-13 -3.6705e-13
9.84911e-14 -6.56527e-13 -3.57606e-13
-3.22642e-13 4.64328e-13 1.94389e-13
-7.34509e-13 4.13559e-13 -2.17322e-13
1.15646e-12 -4.35596e-13 1.44889e-13
-7.2992e-12 -2.40094e-12 -7.8483e-13
-5.60855e-13 1.80385e-13 3.75138e-13
2.20468e-13 -9.43045e-13 -2.5919e-13
5.1177e-13 -1.91796e-13 1.59104e-14
1.80008e-20 8.21613e-20 1.22941e-19
-9.94868e-14 4.12618e-14 1.99364e-14
5.39409e-14 -5.25197e-14 -4.6481e-13
-1.96443e-13 -1.0261e-15 -1.51028e-13
4.26162e-13 -1.41332e-12 3.43387e-14
-5.32679e-12 -1.70862e-12 8.26814e-13
1.58049e-13 -4.84107e-14 2.53237e-14
-3.40777e-13 -6.34288e-13 -9.35798e-14
5.9115e-13 6.21157e-14 -9.28509e-14
6.74121e-14 -2.8668e-13 -6.04912e-14
7.33106e-12 1.71019e-12 -1.62708e-13
-8.45338e-14 1.65391e-13 2.55068e-13
-9.66149e-18 -6.98221e-21 7.37626e-15
3.10109e-12 1.50778e-12 -1.22233e-12
6.44808e-16 4.27582e-15 -5.63117e-14
-2.09213e-13 9.53044e-13 -2.391e-12
1.59183e-12 -9.76207e-13 7.85374e-14
-2.88187e-13 5.25775e-14 1.422e-13
1.66903e-13 -1.00035e-12 6.88273e-14
-8.83868e-14 6.27844e-14 -4.90027e-13
-5.69248e-18 4.39684e-21 4.34637e-15
-6.82971e-14 -2.12819e-13 1.01073e-13
4.06888e-13 -1.00732e-12 -1.3458e-13
-4.77859e-13 -1.40302e-13 -2.81395e-13
3.98048e-13 -9.91834e-13 -2.51575e-13
-4.28357e-12 3.13021e-13 -3.19347e-13
-9.28591e-12 -1.06745e-12 -1.70563e-12
-1.89789e-13 -4.10215e-13 -1.08582e-13
4.63387e-13 -1.14418e-12 -2.6954e-13
-6.6711e-17 7.64184e-15 3.03347e-14
-5.62286e-14 -1.14319e-13 -5.61251e-14
-2.87606e-13 1.01182e-13 -7.37723e-14
-2.16522e-12 1.46341e-12 -4.8831e-14
7.7684e-13 5.82932e-13 -1.11234e-13
8.61296e-14 -3.31577e-14 -1.31056e-14
6.98607e-13 -3.53597e-13 -1.00924e-13
-1.7475e-12 5.56888e-12 -1.887e-12
2.15359e-12 -1.82472e-12 1.93623e-12
2.33326e-12 -3.24711e-13 -5.08868e-13
2.94959e-12 8.75626e-13 -1.3648e-13
7.90261e-13 5.22424e-13 -9.31872e-14
1.4962e-12 -2.54801e-12 1.6965e-13
2.82889e-13 1.01215e-13 -3.24679e-13
1.7929e-13 -4.47214e-13 1.2795e-13
2.91522e-19 -3.48174e-19 -2.23642e-19
-7.46608e-16 1.79849e-14 7.74801e-14
1.77594e-17 4.01604e-17 2.53017e-16
4.63204e-13 -5.85285e-13 -7.75801e-14
-2.27882e-14 -3.31462e-15 -1.58129e-15
1.03679e-13 2.31932e-13 1.56561e-14
-2.36536e-12 -5.6746e-13 -2.03069e-13
2.18345e-12 -3.45235e-13 -2.13754e-13
1.99988e-13 -1.16774e-12 -1.87932e-13
1.3453e-12 -1.8159e-12 2.39034e-13
5.316e-13 -4.92687e-13 -1.29133e-13
-7.17632e-14 -3.85993e-13 1.03518e-14
1.84675e-13 1.96864e-12 -1.19237e-12
1.0129e-15 -6.73958e-15 -8.80823e-14
-2.96541e-12 -1.37931e-12 4.22213e-13
-5.97058e-12 -3.32432e-12 -1.29318e-12
-4.62726e-12 8.85389e-13 5.63057e-13
2.4288e-13 -1.04135e-12 -2.34353e-13
1.14748e-13 -8.57191e-14 -1.54586e-13
-3.70613e-12 -1.58254e-12 3.33938e-13
5.05913e-13 -6.00644e-13 -1.01109e-13
-1.1681e-12 -6.75098e-13 2.73298e-14
1.66142e-12 -1.13814e-12 -4.79076e-14
-2.8985e-12 7.50685e-13 8.14272e-14
-2.35955e-11 -1.52522e-11 -4.1848e-12
6.67202e-13 -1.72268e-12 -4.03504e-13
-2.88256e-12 -1.64066e-12 -6.1978e-15
3.94479e-13 -6.13694e-13 -3.2865e-13
-7.01766e-13 1.74116e-12 1.12766e-12
-1.11464e-12 -2.29724e-13 4.07503e-14
4.63415e-14 8.44349e-14 -3.20441e-14
-1.48134e-12 -2.03803e-12 -6.70227e-14
-1.30815e-12 -1.70982e-12 1.30317e-12
-2.56976e-12 -7.53543e-13 8.07195e-14
-8.29698e-12 -1.54935e-12 -4.11323e-13
-6.63774e-16 9.3195e-22 -1.95892e-13
-5.78815e-13 -4.67984e-13 1.62565e-13
-2.09558e-13 1.58613e-13 -5.81304e-14
1.74329e-11 -1.41308e-11 -1.1873e-11
-2.17471e-12 -5.98063e-13 1.29834e-13
1.64186e-13 3.66813e-13 -5.24675e-13
3.35473e-13 -1.90439e-12 1.38338e-12
-9.15908e-13 -2.00543e-12 -4.93463e-13
7.02877e-12 -5.99446e-12 1.37037e-12
-7.41407e-14 1.0311e-12 -2.13925e-13
-9.91996e-19 5.44527e-19 4.8208e-16
1.24205e-12 -1.55413e-12 2.46693e-13
1.04562e-13 -8.51033e-13 1.08674e-12
1.0273e-12 -1.35107e-12 3.77775e-13
-1.49546e-19 -1.48502e-19 -6.39987e-20
-2.92701e-13 4.48289e-13 -2.03179e-13
-1.51653e-13 -7.28608e-13 1.26248e-13
1.2661e-13 -1.00304e-13 -1.00622e-13
-5.13604e-13 -6.81648e-14 2.14465e-13
6.08191e-14 -6.82885e-13 6.15203e-13
7.60282e-13 -2.71221e-13 -1.44065e-13
-6.68693e-12 1.2146e-12 1.51732e-14
-5.27601e-14 2.81356e-13 5.46691e-14
-4.12882e-19 8.34009e-21 -1.64067e-19
4.35019e-13 -1.3838e-12 4.87831e-13
-4.28604e-13 2.19281e-13 2.02733e-13
2.29582e-14 2.1652e-13 -2.2821e-14
-2.61505e-13 -5.39977e-13 1.82115e-13
-1.46432e-13 -6.68411e-13 -3.42471e-13
1.60307e-12 5.33674e-14 -4.72993e-13
9.33369e-13 -1.63519e-12 1.43316e-12
-1.88173e-12 9.97383e-14 -1.50615e-12
-8.87137e-14 -1.17876e-14 -1.63748e-14
-1.32531e-12 -1.3503e-13 4.46755e-13
4.80493e-12 -1.64761e-12 -9.89872e-13
8.4226e-13 -1.07133e-13 1.55725e-13
2.68373e-13 -2.25207e-13 -5.70005e-14
-4.06295e-12 -1.35715e-12 -1.47425e-13
-6.81562e-12 -1.52799e-12 -1.20851e-13
1.91374e-15 -1.46765e-12 3.42702e-13
3.10712e-12 -1.79707e-12 -2.05072e-12
-1.82194e-15 1.2118e-14 1.58376e-13
-2.00817e-13 -3.23081e-13 -1.90593e-13
-5.24895e-20 -5.67916e-20 -5.47353e-20
-4.41138e-12 -6.9785e-13 -2.60735e-12
3.62923e-13 -1.03978e-13 1.17761e-13
-3.74632e-13 -1.79859e-12 -1.71655e-13
2.05589e-15 1.36333e-14 -1.79547e-13
9.43675e-13 1.60851e-12 5.61766e-14
7.35181e-13 3.78238e-13 -6.55029e-14
-2.70231e-12 7.73859e-13 1.80168e-14
-1.77539e-12 -4.99237e-13 -5.21482e-14
5.89231e-12 -4.88367e-12 -5.64422e-12
-5.48143e-13 -1.07793e-12 1.04373e-13
-1.88276e-11 -4.43922e-12 -3.47757e-12
1.09032e-13 1.50928e-13 1.46373e-13
3.92531e-15 -2.72642e-13 1.38507e-13
2.12234e-20 4.9183e-20 4.90773e-19
1.97551e-19 -2.08082e-19 1.48505e-19
2.52628e-13 5.36464e-13 2.05997e-13
1.03119e-13 1.61549e-14 -3.7375e-13
-1.37633e-12 -2.22572e-12 -1.33448e-12
3.23655e-13 -1.38937e-13 -1.84861e-13
7.30183e-14 -1.18496e-13 -2.80343e-13
-3.4297e-13 -3.94037e-13 -1.96653e-13
8.03537e-13 -5.16025e-13 -1.31e-13
-1.31128e-13 -4.49416e-13 -2.47243e-13
-6.05749e-15 -5.4226e-13 -4.02006e-15
4.02768e-14 -4.93905e-14 2.52938e-13
9.89972e-14 -4.18253e-14 3.37916e-14
6.95529e-12 4.36998e-12 -2.52928e-12
-1.47367e-12 -9.93831e-13 8.34497e-13
6.03616e-13 -8.26347e-13 9.17266e-13
1.40145e-12 2.62785e-13 -1.18971e-13
-4.42696e-13 -2.02062e-13 -9.05378e-13
-1.32437e-12 -1.0107e-13 -4.36076e-13
-3.17333e-13 -3.5359e-13 -1.40468e-13
-1.9453e-12 -1.65053e-12 3.12334e-13
1.74281e-13 -1.08512e-12 -2.20481e-13
1.78426e-12 3.27968e-13 -1.66485e-13
-2.62803e-12 -5.36724e-13 4.03157e-13
2.81709e-13 1.4888e-13 2.27737e-13
1.06551e-12 -4.26168e-13 -3.7802e-13
9.702e-13 -1.49253e-14 9.5658e-14
1.78686e-15 4.25939e-14 -1.84002e-13
-7.40371e-12 1.6651e-13 -2.71137e-13
9.14333e-14 1.09748e-12 -2.16409e-13
-2.15329e-12 -1.32801e-12 8.81162e-13
2.34484e-13 -2.82048e-13 -1.94215e-13
1.28549e-12 2.01086e-13 3.17972e-13
2.73956e-20 -6.63546e-20 -4.03122e-20
-1.75082e-13 8.9575e-13 -1.90861e-13
1.87757e-13 -2.42887e-13 2.02458e-13
6.30165e-15 5.05079e-14 6.69265e-14
6.80558e-13 -1.33267e-12 4.63926e-14
-2.55688e-13 6.65416e-12 -6.94387e-13
5.08808e-14 -2.95794e-13 -1.40594e-13
8.63442e-13 -1.7118e-12 -4.79208e-12
8.02811e-13 -6.885e-14 2.6858e-13
3.70704e-13 3.98861e-14 3.52313e-13
9.49078e-18 -3.12896e-21 -7.24676e-15
-1.93198e-12 -1.00383e-12 1.92103e-13
-4.08788e-12 -1.07702e-12 2.81941e-13
-2.70052e-13 -7.6202e-13 -9.9332e-14
-3.84844e-13 4.27943e-14 -2.10725e-13
-7.49972e-13 6.62103e-13 -2.25711e-13
7.84739e-13 3.96842e-13 7.91244e-13
-2.59043e-12 5.46424e-13 -3.30685e-12
1.98099e-13 1.86771e-13 -1.75453e-13
-7.99326e-14 -1.57881e-13 -8.67021e-14
9.08864e-12 -1.42954e-12 -1.47146e-12
1.16702e-13 -9.13497e-13 -3.39751e-13
1.0889e-12 -1.73532e-12 -1.66072e-12
4.12856e-13 1.23565e-13 3.6982e-14
-1.28765e-13 -3.79442e-13 -1.60957e-13
-3.45706e-13 1.6876e-12 1.1395e-12
-2.164e-13 -2.69725e-13 1.55182e-13
-8.23028e-14 -1.33925e-12 -1.53154e-14
1.11748e-13 -5.18666e-13 -2.16723e-13
1.47128e-12 -9.44383e-13 -4.39967e-14
2.30331e-13 -3.76487e-13 2.10866e-13
-1.96675e-13 6.41659e-13 -3.35245e-13
-1.43379e-13 3.37795e-13 -2.62432e-13
1.45966e-12 -1.2761e-12 7.48403e-13
4.04361e-14 -2.38757e-14 6.76103e-15
7.38249e-13 -2.80507e-13 7.57873e-13
1.75308e-13 -9.75492e-13 -2.85274e-13
-5.62107e-13 9.40473e-12 2.32244e-12
-7.22211e-16 -4.78924e-15 6.30733e-14
6.23285e-13 5.27011e-13 1.06786e-12
1.11128e-13 -1.94602e-13 -1.28066e-13
-1.09513e-13 -8.18279e-14 -2.53965e-13
-6.52038e-12 8.47496e-13 1.05519e-13
2.19227e-13 1.38029e-13 -5.39718e-14
-3.23023e-12 -4.12775e-13 -1.35113e-12
-2.5866e-14 -6.65044e-13 -2.53482e-13
-5.55852e-13 1.58675e-13 1.34613e-13
-2.06336e-12 -4.97433e-12 -1.08032e-13
3.91204e-13 -1.59961e-13 -2.42237e-13
-4.11638e-13 -7.25705e-13 2.9036e-15
3.59994e-13 -3.71986e-13 -1.96807e-13
8.21722e-13 2.40067e-13 4.47477e-13
-7.86152e-13 -6.29953e-13 2.53255e-14
8.69275e-13 5.19785e-13 -1.42102e-13
4.61488e-19 -8.99189e-22 -3.5236e-16
5.03041e-13 -1.21247e-12 4.87544e-14
5.04013e-13 -1.38323e-12 2.16714e-13
3.85205e-20 2.01326e-20 7.97993e-20
6.74122e-13 1.33738e-13 1.80386e-13
-1.05799e-13 6.5099e-13 5.97066e-14
1.63096e-12 -2.49496e-12 2.01159e-12
1.69188e-13 1.63841e-13 -1.09979e-14
-2.27748e-12 -6.4811e-12 -6.46577e-13
-1.89467e-12 -1.19682e-12 2.0016e-13
2.1697e-13 -3.88019e-13 -4.80585e-13
-9.46244e-18 -3.94414e-20 7.22451e-15
1.9036e-13 5.0161e-13 -2.50534e-13
-2.75814e-13 1.42717e-13 3.38466e-15
-2.20747e-12 -1.75744e-12 -8.86485e-13
1.6203e-12 -4.12956e-13 2.51623e-13
2.99163e-13 -1.01529e-12 -1.96253e-13
-5.2368e-13 1.60958e-14 2.20354e-13
-2.19911e-14 -6.39651e-13 -1.3964e-14
-5.41251e-12 -1.1829e-12 -1.12838e-12
-3.02827e-12 -1.60006e-12 -2.42303e-14
-9.81549e-13 1.77363e-13 1.46657e-13
-1.6258e-13 -8.63692e-13 -2.15849e-13
-8.29742e-13 3.02337e-13 -9.48429e-13
-2.86349e-11 -2.10678e-10 -2.78915e-12
1.13255e-12 -1.09661e-12 1.15007e-13
2.54519e-13 3.2619e-12 -3.10062e-12
4.43013e-18 3.76194e-20 -3.38226e-15
-4.74684e-12 -8.92342e-12 -1.9464e-12
1.56649e-13 7.58133e-13 -4.51095e-13
1.73959e-20 4.13177e-20 9.58559e-21
8.3758e-14 -6.32747e-14 -2.11216e-14
7.46469e-14 -8.53655e-14 -2.05702e-13
-2.28185e-13 -2.12746e-14 2.61442e-13
3.12524e-13 2.90509e-13 -1.18813e-13
-4.99334e-12 -2.23822e-12 -6.33429e-13
-6.44818e-13 -1.44695e-13 9.84765e-14
1.92594e-13 -5.50219e-14 5.45638e-14
3.67287e-12 7.13414e-13 -9.26685e-13
5.25795e-13 3.87748e-13 9.38115e-14
-2.14632e-14 -1.87934e-14 -8.57301e-14
3.16536e-12 -1.17037e-12 -8.5355e-13
-1.85415e-12 -5.39005e-13 1.15899e-14
5.37758e-12 1.3535e-12 -2.3626e-12
3.04716e-13 -3.24274e-13 6.38388e-14
2.58842e-13 2.39708e-13 3.44162e-14
-3.58232e-12 -1.72481e-12 5.27902e-14
-3.41513e-12 -1.03572e-12 -6.11513e-13
-1.72352e-13 -9.79414e-14 1.43137e-13
1.82544e-14 1.87481e-13 -1.50445e-13
1.11992e-13 -4.60395e-13 -2.1994e-13
-9.3825e-13 1.12943e-12 -5.30883e-14
7.45271e-13 -9.76191e-13 5.50537e-13
-5.21601e-14 -1.30225e-13 -9.8162e-14
-1.11878e-11 3.45057e-13 -1.85967e-13
-6.75247e-14 -1.16622e-12 -4.39065e-13
1.81837e-13 5.05547e-15 -6.38822e-14
-5.99345e-13 -2.45611e-12 -1.16427e-12
5.923e-13 -3.39943e-13 1.44576e-13
2.52713e-12 -6.20503e-14 -1.0267e-13
9.49155e-18 -2.88099e-21 -7.24676e-15
-1.51957e-12 -7.27148e-13 -2.79535e-13
4.54382e-13 -6.97304e-13 4.42981e-14
-5.24547e-12 -8.34867e-13 -4.45945e-13
5.89546e-14 1.59113e-13 -8.21165e-14
-8.3877e-13 3.45174e-13 -5.02593e-13
-8.3528e-14 2.74696e-14 4.78283e-14
1.14274e-11 -4.90263e-11 8.75743e-13
1.6291e-12 1.83449e-12 -1.07842e-12
1.50817e-13 7.55096e-14 -9.34418e-14
-1.04679e-15 4.15214e-14 1.05847e-13
-2.12565e-13 -2.48593e-14 1.41447e-13
3.6989e-13 3.08576e-13 -2.3833e-13
-2.8457e-13 -2.40699e-13 -2.34945e-13
7.08814e-14 -8.97906e-13 6.14929e-13
-4.46539e-13 -5.80697e-13 3.36017e-13
-1.81911e-13 -4.13365e-13 -1.55625e-13
6.3616e-13 -3.91578e-13 -1.11636e-13
-1.77443e-13 -1.26124e-13 2.02199e-13
2.42946e-15 -1.61686e-14 -2.11313e-13
2.87712e-14 -1.87921e-13 -1.90072e-13
-3.16305e-12 -1.75768e-12 -3.52459e-13
2.69082e-13 1.61781e-12 3.4907e-13
-3.8882e-12 -1.59732e-12 -1.05418e-12
1.07826e-17 9.68076e-20 -8.23297e-15
2.24163e-12 6.20341e-13 1.0984e-12
-4.51444e-21 5.03492e-20 9.53608e-21
-4.73177e-13 -1.51905e-13 4.364e-14
-7.93132e-14 -1.05054e-12 -2.64406e-13
-5.31983e-12 -8.13948e-13 -1.50268e-12
-3.18893e-13 -2.52247e-13 -2.27423e-13
-4.20189e-13 -4.82092e-15 -2.91748e-13
6.72767e-14 -2.11783e-13 1.62432e-13
3.47891e-12 5.52217e-12 -8.06031e-13
3.3838e-13 -8.99251e-14 1.53587e-13
3.59376e-13 -4.85132e-13 -6.05574e-13
-7.33328e-14 4.86619e-13 -4.0882e-13
1.05843e-17 -4.06471e-22 -8.08106e-15
3.65134e-13 -1.38107e-13 -3.50641e-13
5.89389e-13 -1.57627e-13 3.05783e-13
1.52739e-15 -3.68192e-14 -1.58619e-13
1.54189e-12 -8.57945e-13 -1.00467e-13
4.392e-13 -3.31407e-13 4.92696e-13
2.19889e-12 -3.49438e-12 -7.69639e-12
-2.35023e-12 -1.71002e-12 1.39602e-13
1.73555e-13 -2.57769e-13 1.27972e-13
5.29944e-14 -1.34043e-13 -9.56365e-14
-5.69201e-12 -1.72042e-12 2.87765e-13
1.96721e-11 -3.6705e-12 -1.07404e-12
5.62699e-12 -1.31214e-11 -5.41461e-12
-1.29584e-13 -6.52975e-13 -2.5789e-13
-3.8009e-12 -1.0645e-12 1.30975e-14
1.28293e-12 1.11984e-13 3.03028e-13
-2.5011e-12 -3.4646e-14 1.8428e-13
3.9603e-13 4.8192e-13 -9.58947e-14
-5.38442e-12 -1.65584e-12 -4.20676e-13
-1.22686e-12 -1.44759e-13 2.508e-13
-2.61463e-12 -1.91087e-12 9.88913e-13
-1.52845e-13 6.29665e-13 8.20083e-14
-4.21074e-13 -1.85514e-13 -3.60754e-13
-2.92048e-13 -2.28257e-13 -6.98753e-14
7.10393e-13 7.85271e-13 1.22415e-13
7.66114e-13 8.97132e-16 1.17378e-13
-2.79259e-12 -6.46451e-13 7.39542e-13
-3.68206e-13 -7.83196e-13 -1.64331e-13
-2.53598e-12 -2.58876e-12 2.35975e-13
2.97503e-12 -9.31718e-13 3.31337e-13
-2.52117e-13 2.9797e-13 -3.65986e-13
1.52168e-12 -7.86613e-13 2.1576e-13
-5.30018e-14 -6.85521e-14 -8.19773e-15
-6.04453e-12 -5.08086e-12 -4.88519e-13
3.62063e-12 -5.68497e-12 -4.90884e-13
8.95987e-14 -1.18734e-12 -2.83132e-13

VECTORS force float
1.00496e-15 4.7248e-15 1.10614e-15
1.39953e-17 3.84953e-18 8.09287e-19
5.67939e-18 2.2622e-18 -4.18592e-18
-1.93407e-17 7.29755e-18 -1.67257e-17
8.5798e-18 6.53452e-17 1.19636e-17
3.16102e-18 -6.38757e-17 4.24796e-17
0.0 -7.29504e-27 0.0
5.03431e-18 2.80619e-17 1.23614e-17
-5.98227e-17 3.04932e-17 -8.38446e-18
2.48154e-24 0.0 0.0
1.28613e-17 -5.36135e-18 3.17722e-18
0.0 -2.19111e-27 0.0
4.97661e-18 2.41102e-17 5.76571e-18
-6.07312e-17 9.52478e-18 3.26582e-17
-2.47807e-20 1.21306e-17 -1.68123e-18
2.51738e-18 1.6527e-17 -1.10814e-18
3.38889e-17 -1.75823e-17 1.37327e-17
1.2805e-17 1.66763e-17 1.06459e-17
2.90334e-18 9.33161e-18 5.95136e-18
-7.35019e-19 7.56407e-18 -2.47752e-18
1.78817e-17 -3.23904e-17 3.76383e-17
-7.67899e-18 3.42154e-17 1.21326e-17
-3.74296e-17 5.04071e-17 -2.66649e-17
2.10906e-17 7.26014e-17 -6.43904e-19
-1.45616e-18 9.51742e-18 5.08855e-18
1.05563e-16 4.59169e-17 2.68288e-17
-9.92379e-18 -3.82822e-18 -8.86632e-19
-1.55642e-17 3.29294e-17 2.20832e-17
-2.73473e-17 1.27601e-17 -1.36363e-17
-4.30305e-17 6.17806e-17 -1.22873e-17
1.73488e-17 -1.65714e-17 8.09213e-18
6.21168e-17 -8.47578e-17 1.36824e-16
8.20104e-18 1.31202e-17 -2.61389e-19
7.23939e-17 5.04266e-18 7.97198e-17
-2.32908e-18 8.15698e-18 -3.00098e-18
-4.65508e-18 6.16449e-18 3.22437e-18
8.63296e-18 -2.30891e-18 -3.39854e-18
-1.17842e-17 -3.12738e-17 -8.64826e-18
0.0 -1.80496e-27 0.0
-2.39544e-17 -2.17497e-17 -5.77949e-18
4.64807e-18 -1.41415e-19 1.25992e-17
5.9155e-18 -7.23774e-17 5.60679e-17
1.18235e-17 1.2225e-16 8.32538e-18
-3.94763e-16 -2.32623e-16 -2.12572e-17
-7.30394e-18 1.21031e-17 3.13137e-19
2.158e-17 2.00244e-19 7.04309e-18
2.15799e-19 2.445e-18 3.05064e-20
4.66344e-17 -6.62304e-17 1.81978e-18
-5.64461e-17 -8.93e-18 -3.30649e-18
-1.9461e-17 -1.0852e-17 -1.01871e-17
-7.63394e-17 5.52299e-17 -2.23632e-17
-2.05189e-17 1.83802e-17 -8.91375e-18
-4.45752e-18 -1.14102e-17 -9.64559e-19
-6.61744e-24 -1.65436e-24 0.0
-3.45889e-17 2.94044e-17 -2.76681e-17
1.33031e-17 1.48085e-18 6.42284e-19
-1.1646e-17 1.6431e-17 2.72659e-18
-7.04105e-17 2.13295e-18 8.95465e-18
-1.78062e-17 4.48308e-18 -6.87096e-19
7.2741e-18 -3.45082e-18 -8.24825e-19
4.31513e-18 -4.22129e-18 2.09747e-18
-6.75727e-19 1.42458e-17 -8.40082e-18
-2.11822e-17 -1.47161e-17 -2.7788e-19
0.0 -3.10698e-24 0.0
-7.65922e-18 9.35913e-18 -1.75333e-18
3.32423e-23 5.79026e-24 0.0
-1.20097e-17 8.62931e-18 5.75813e-18
-5.89577e-18 8.80765e-17 5.42228e-18
-5.11835e-18 -1.83964e-17 6.4325e-18
-5.75813e-18 3.36539e-19 -3.82144e-18
1.58628e-18 -1.28812e-17 7.67875e-18
-5.25565e-18 5.2227e-18 -2.61521e-20
-3.25523e-17 1.21911e-16 -1.69182e-17
-1.51171e-16 6.40912e-17 5.01057e-17
-4.29773e-17 -4.15541e-17 6.82296e-18
-9.60737e-16 1.22801e-16 1.33458e-16
1.77342e-17 -3.62446e-18 -2.33237e-17
3.42923e-17 -2.25364e-17 6.98833e-18
0.0 1.65436e-24 0.0
1.51898e-17 -1.57154e-17 1.28738e-17
-1.09063e-16 -5.21356e-17 -4.70103e-20
2.29369e-17 -1.17557e-17 7.18158e-18
2.08389e-18 1.0365e-18 -1.00263e-17
-1.38798e-16 -2.01571e-17 1.77782e-17
1.87285e-17 7.34243e-18 9.09967e-18
6.01309e-17 -6.17732e-17 1.60845e-17
-1.01179e-17 8.95777e-18 -1.71076e-17
-8.26129e-17 2.30811e-17 2.03851e-17
-3.03203e-17 -6.73391e-19 1.74089e-17
-5.37352e-18 9.75168e-18 -1.50024e-17
-4.2436e-18 -1.51837e-17 -2.24742e-19
-1.41226e-17 -1.16263e-17 -2.76472e-18
6.46235e-27 -5.81785e-29 0.0
-5.14359e-17 -6.45525e-17 2.89808e-17
-9.0069e-18 1.44477e-17 1.03015e-17
1.55096e-25 0.0 0.0
-8.78211e-18 2.07473e-17 1.73338e-17
-1.02316e-16 8.47909e-17 -2.995e-18
-6.3767e-18 3.43587e-18 -8.58919e-18
1.50301e-17 -1.2382e-17 8.75919e-18
-5.67685e-18 3.30156e-18 -1.42085e-17
-1.14934e-18 -1.28788e-17 5.51725e-18
-3.48908e-17 5.4759e-18 9.56102e-19
0.0 -2.1078e-26 0.0
-2.0482e-17 1.68861e-17 7.43706e-18
4.20564e-17 1.75431e-17 -2.18905e-17
-3.58729e-16 -1.84217e-16 -1.41001e-16
-1.98786e-17 2.31577e-17 -4.24395e-18
2.52317e-17 2.96122e-17 -1.23231e-17
-2.17169e-17 5.90093e-17 1.58758e-17
-7.62404e-18 -3.60606e-17 -8.08972e-18
-2.96849e-17 -4.78859e-17 -3.14185e-18
2.92237e-17 -2.65353e-17 -4.67668e-18
2.10716e-16 3.09361e-17 1.27044e-16
-1.00981e-16 1.72989e-17 -4.28052e-17
-1.47623e-16 -1.54479e-16 -5.61458e-17
-8.0573e-19 2.413e-18 5.4299e-18
-3.8893e-18 1.13109e-19 -5.22622e-18
9.42483e-19 -8.31875e-19 3.73356e-20
-6.83245e-18 -2.60153e-17 -4.03769e-18
2.13192e-17 -3.0805e-18 4.1134e-19
-3.6092e-17 2.07305e-17 -1.58761e-17
1.37744e-17 3.85241e-18 5.85912e-18
-5.52993e-18 1.71882e-17 1.73809e-18
6.45827e-17 2.0536e-17 -6.28737e-17
-5.14062e-18 2.0256e-18 -3.66931e-18
-2.69226e-17 -3.66681e-17 -9.35251e-18
5.59123e-18 7.38204e-17 -1.60777e-17
1.27847e-17 3.50218e-17 1.4811e-17
1.26163e-17 -1.76344e-17 2.76426e-18
-1.70348e-16 -4.53776e-18 -4.41475e-17
-5.60074e-18 1.11962e-17 -9.42413e-18
6.35751e-18 2.80453e-17 4.37196e-18
-4.19395e-17 1.31966e-16 -2.43094e-17
-2.77346e-16 8.10918e-18 -8.37984e-17
-6.46235e-27 -5.01755e-27 0.0
3.09195e-17 1.69174e-17 2.58874e-18
-7.44032e-17 -4.04786e-17 1.02119e-17
-4.11913e-18 2.55709e-17 4.04374e-17
-7.31646e-18 1.91091e-18 -2.53051e-18
-4.12605e-17 1.39616e-17 -1.98697e-17
-1.08358e-17 8.70755e-18 2.82215e-18
7.99038e-18 -3.33282e-17 -8.08969e-18
-1.47999e-16 8.55717e-17 1.32995e-17
-1.2595e-16 2.28267e-16 -7.32376e-17
-1.29668e-18 4.39523e-18 -1.50984e-19
-3.63918e-17 5.88835e-17 5.97423e-18
4.32262e-17 2.0269e-17 1.01003e-17
6.46235e-27 -3.1969e-25 0.0
-5.078e-17 -3.88945e-17 -3.23101e-18
1.13866e-17 8.25701e-18 7.77836e-18
1.98495e-17 -8.73865e-18 1.04325e-17
-1.50887e-16 1.89251e-16 4.02378e-17
-8.59988e-18 2.87409e-18 -2.92213e-18
-1.64144e-16 -8.62977e-17 8.22896e-17
-1.03171e-17 1.34851e-17 -1.61485e-18
6.96831e-17 -7.03258e-17 3.78039e-18
-7.19383e-18 -5.22127e-18 -1.50012e-18
0.0 -5.49289e-26 0.0
1.43411e-17 4.07376e-18 3.96632e-18
-1.12084e-17 3.69618e-17 -1.3584e-17
7.38048e-17 1.01425e-17 2.98609e-17
-2.62129e-17 3.65479e-17 -2.02667e-17
4.34099e-17 4.69884e-17 -2.50726e-17
1.40016e-16 -6.95674e-17 -1.27696e-17
-1.75038e-16 6.535e-18 -5.36844e-18
-3.79244e-17 4.82811e-17 1.9799e-17
4.43132e-17 4.46715e-17 3.22713e-17
-5.26014e-19 -5.7431e-18 -6.11703e-19
-1.08427e-16 2.87849e-16 -7.18956e-17
-1.5704e-17 -3.47228e-18 -6.91708e-19
-1.15144e-17 1.51853e-18 -1.10393e-18
2.03791e-17 2.97726e-17 -9.02924e-18
-2.58496e-17 -8.82343e-18 2.31494e-17
-2.57336e-17 3.91202e-18 -6.2844e-18
8.35501e-17 -4.52848e-17 3.43411e-17
-6.43484e-18 -1.12097e-17 -4.32601e-18
-8.58348e-18 2.42562e-18 7.63256e-19
2.13733e-16 9.6594e-18 1.64342e-16
1.18212e-17 -1.46029e-18 -5.01302e-18
1.10481e-17 -3.69541e-17 7.64434e-18
-1.15853e-17 6.82883e-18 -2.06389e-17
8.25867e-17 -9.44327e-17 1.10714e-17
-9.93854e-19 -1.30353e-18 8.92545e-18
1.31551e-17 -1.64393e-17 1.46034e-17
-4.80663e-17 1.03788e-16 -2.62137e-17
3.16594e-17 2.89953e-17 -4.52416e-18
2.19011e-17 1.49602e-17 3.79312e-18
-3.59327e-17 5.10933e-17 -3.35597e-17
-2.62436e-18 -1.25526e-17 -5.89866e-18
-4.9255e-18 5.81305e-18 -8.49688e-18
-5.84612e-19 1.51413e-17 1.06862e-17
-5.51258e-18 3.5036e-17 -1.63991e-18
-1.49251e-17 5.02858e-17 -3.5811e-19
4.39882e-17 9.18169e-18 -1.94702e-17
-7.49307e-19 7.50966e-18 -1.12659e-17
5.61095e-18 -6.74039e-18 -2.12118e-18
1.31136e-15 -4.02251e-17 -2.42481e-16
5.76072e-17 -8.4109e-17 3.3121e-17
-4.66067e-19 -1.85703e-18 2.28386e-18
-1.48307e-17 2.66036e-17 -8.76489e-18
6.88438e-18 -2.75825e-17 -3.32333e-18
-2.29892e-17 1.41029e-18 -8.02233e-18
7.96922e-16 1.4206e-16 1.09887e-16
-4.66955e-17 1.0068e-17 5.79666e-18
-6.08234e-17 -4.76774e-19 2.54505e-17
5.10316e-17 -6.91156e-17 4.65124e-17
-7.04516e-19 6.95447e-17 5.55009e-18
2.75553e-17 6.75552e-18 -9.7713e-18
-5.97309e-17 -1.27353e-17 -2.6799e-17
5.60613e-16 3.07588e-17 2.88385e-17
1.93066e-17 5.1634e-17 -4.65634e-18
3.30398e-17 2.25386e-17 2.99645e-17
2.92223e-17 1.31359e-17 1.12679e-17
6.46235e-27 -5.58706e-25 0.0
1.31643e-17 -7.35441e-17 -5.70496e-18
6.87208e-18 -2.95868e-18 -5.46598e-18
-5.36605e-17 -7.2739e-20 -1.95041e-17
2.38394e-17 -2.83082e-17 -4.14091e-18
5.09412e-17 -2.14364e-17 5.79584e-18
-1.13358e-17 2.0126e-17 -4.13741e-17
-2.97548e-18 4.28566e-17 7.80841e-18
-2.05524e-17 3.84137e-17 -1.09376e-17
8.15557e-18 -3.52798e-18 -8.29272e-19
7.86536e-19 -6.39052e-17 2.47349e-17
0.0 -2.67069e-27 0.0
7.34587e-17 -2.014e-17 -2.47028e-17
-6.46235e-27 6.84843e-25 0.0
-2.16265e-17 2.27132e-17 9.82477e-18
1.24299e-16 4.88021e-17 6.47937e-17
-1.0153e-16 -1.31382e-17 2.14177e-17
-5.79026e-24 2.48154e-24 0.0
-9.02981e-17 3.42482e-17 3.74564e-17
-2.12521e-17 4.37117e-17 2.15862e-17
-1.58008e-16 2.65176e-17 -4.15619e-17
-3.5808e-17 2.82902e-17 2.78862e-17
1.65436e-24 0.0 0.0
7.14507e-18 -1.56651e-17 2.39622e-18
-2.21715e-17 -3.23912e-17 9.82339e-18
2.10936e-18 9.53123e-18 -2.60052e-19
-1.08112e-16 -8.61903e-17 -5.23112e-17
-1.90729e-18 2.12422e-17 -6.82206e-19
-1.94548e-17 1.44982e-17 -1.21254e-17
-2.22039e-18 -2.10568e-18 -6.74953e-19
-4.5231e-17 -4.93639e-17 -3.6303e-18
-2.99853e-23 -3.72231e-24 0.0
-5.00182e-17 -5.50126e-17 -4.98894e-18
-1.77303e-17 1.37092e-17 -1.05534e-17
3.99247e-17 -2.92794e-17 5.28759e-17
1.22331e-17 -3.64828e-17 5.93691e-18
2.1619e-17 2.42222e-17 -8.60134e-18
2.27475e-24 -8.27181e-25 0.0
1.50681e-18 7.85304e-18 5.57156e-18
-1.95179e-17 -4.13469e-18 -1.39492e-17
7.35001e-18 5.09143e-17 -9.08046e-20
-4.56751e-18 -2.54558e-17 -1.28922e-17
0.0 1.03743e-26 0.0
-2.31842e-16 -1.17394e-16 -3.21247e-17
1.16835e-17 5.73623e-17 -2.67862e-17
4.05449e-17 3.4707e-17 -7.31376e-18
-3.92081e-17 -4.35623e-17 -2.60913e-17
-2.04312e-17 9.67036e-18 8.62266e-18
3.67572e-17 2.78195e-17 -3.45628e-17
4.66239e-18 1.311e-17 5.78074e-19
-3.91765e-16 4.32032e-16 5.15629e-16
-2.92943e-17 1.36872e-17 3.51298e-17
-2.19849e-17 5.3328e-17 1.15134e-17
-3.80154e-17 -9.30821e-18 6.86251e-17
5.46013e-18 2.20808e-18 -1.45798e-17
2.32915e-17 1.60675e-17 1.60625e-17
2.20375e-17 -1.2868e-17 -9.93603e-18
-4.2206e-17 -8.91895e-18 -8.53833e-18
1.68592e-16 -3.25853e-17 -8.31776e-18
-1.76225e-16 1.32878e-16 -1.20978e-16
1.01407e-16 1.29807e-16 -9.04742e-18
5.59342e-18 6.80027e-17 -2.7252e-17
2.30212e-17 2.42082e-18 3.30326e-18
3.70866e-16 1.62123e-16 -1.06002e-17
-1.27661e-17 1.22096e-16 -2.72863e-17
-6.70405e-17 -1.05729e-16 1.65029e-17
-1.66809e-17 3.33969e-17 -1.87758e-17
-1.37013e-16 2.10861e-17 -3.32681e-17
2.56364e-17 -1.43925e-17 -4.24078e-18
1.15345e-17 -2.31002e-17 5.86194e-18
1.82291e-16 2.30062e-17 -1.03597e-16
1.06787e-17 2.76565e-17 -3.20405e-18
-1.76821e-16 -1.20931e-16 8.06411e-17
-1.33399e-17 5.47635e-17 2.47128e-17
6.52302e-17 -2.22653e-18 3.7058e-17
3.16045e-17 1.00951e-17 1.55326e-18
4.85334e-17 3.87126e-18 -1.96944e-17
4.22365e-17 1.12002e-17 -9.98207e-18
1.13017e-16 5.62604e-17 -8.9339e-17
-1.87925e-17 3.59595e-17 4.24554e-18
1.46372e-17 2.67539e-17 -3.93468e-18
-8.90499e-19 6.35667e-18 -2.00295e-18
7.08803e-17 5.32117e-17 -3.00644e-17
9.1455e-18 6.38892e-18 -7.5749e-18
-1.55123e-16 -3.95573e-17 -5.67573e-18
-1.10347e-16 4.45256e-17 1.00281e-17
-1.57294e-17 5.0394e-18 -3.24832e-17
-2.41443e-17 -2.55262e-17 7.69923e-18
-2.43432e-17 -1.04756e-16 -1.88389e-17
-1.51096e-17 2.45117e-17 1.05445e-18
-5.78866e-17 5.58804e-19 5.92837e-18
4.07481e-18 2.9418e-17 -4.07733e-17
-5.77693e-17 4.42937e-17 -2.44424e-17
-3.85252e-18 -6.42525e-18 -3.69148e-18
6.46622e-18 6.74528e-17 -6.37964e-18
2.9207e-17 -5.70109e-17 1.82401e-17
1.80881e-17 3.31019e-18 -2.20715e-17
1.66767e-17 3.26636e-17 -5.02595e-19
-8.65688e-18 1.87597e-17 2.5827e-18
2.48685e-17 -2.38675e-17 7.70469e-18
-8.41119e-18 5.33601e-17 -2.75301e-17
5.00253e-18 -1.26419e-16 6.94318e-17
-8.7835e-18 -2.19548e-17 -3.91923e-17
-1.11746e-17 6.0694e-18 -2.45344e-17
-8.06149e-17 4.9037e-17 -5.16815e-18
5.71509e-19 -4.16373e-17 1.81536e-17
-6.37038e-18 -1.00357e-16 1.77384e-17
-6.78673e-17 5.07158e-17 -5.22225e-17
6.16713e-18 2.19757e-17 -4.56453e-17
3.40899e-18 1.91343e-19 -1.08149e-18
2.61511e-18 -6.6958e-19 -5.60222e-18
1.23597e-16 -8.0168e-17 4.7986e-17
-2.26635e-17 -6.90411e-18 9.4427e-19
-3.55132e-16 1.27882e-16 -8.69779e-17
-3.75561e-17 -6.34851e-19 8.33385e-18
2.45636e-17 -3.37836e-18 8.54603e-18
2.30879e-17 4.61891e-17 1.02739e-17
1.18394e-16 1.44691e-17 5.44803e-17
-2.52591e-18 1.51798e-17 6.19591e-19
-2.39287e-17 7.80089e-18 1.34212e-17
5.39594e-17 -9.82791e-18 -1.56856e-17
-4.42585e-17 1.00747e-16 5.29973e-17
-1.81783e-16 3.73563e-17 7.21594e-17
-8.52234e-18 1.46989e-17 4.97387e-18
0.0 -1.71739e-24 0.0
7.03985e-17 2.63808e-17 3.6771e-17
-1.74943e-17 9.69992e-17 1.49472e-17
2.9811e-17 1.51075e-17 1.85224e-17
1.88264e-17 4.88624e-17 -4.4947e-19
-1.15016e-16 -1.9293e-16 5.73435e-18
-2.07375e-16 2.20255e-16 -1.31055e-16
-2.69721e-17 -1.48376e-17 2.11993e-17
-6.11711e-17 -1.84823e-17 -4.45512e-17
1.90868e-17 -6.08516e-17 1.70577e-17
3.30671e-17 8.85922e-18 4.60401e-18
8.10501e-18 -1.99509e-17 1.53421e-17
5.31464e-23 -3.30872e-24 0.0
2.35512e-16 6.41065e-17 1.363e-16
2.90294e-17 -1.91309e-17 1.41718e-17
1.37235e-17 4.20503e-17 1.55693e-17
-1.31152e-17 4.49103e-18 9.37527e-18
-5.43613e-23 0.0 0.0
2.07711e-17 1.08352e-17 -7.96008e-18
-4.77234e-17 -5.72171e-17 -3.55756e-17
2.81856e-18 1.34141e-18 -8.22107e-19
-6.56518e-17 -2.15288e-17 -1.40279e-17
-1.78377e-18 -5.07427e-17 3.45394e-17
3.30872e-24 -3.30872e-24 6.61744e-24
-2.52499e-18 -2.61484e-17 1.77931e-17
-3.25235e-17 -3.86285e-17 2.70171e-17
1.00792e-16 -7.11706e-17 3.23048e-17
-2.90324e-16 5.31957e-18 -8.98666e-17
2.62515e-17 -5.88838e-17 5.72612e-17
-6.635e-17 2.02572e-17 1.55175e-17
-1.97547e-16 7.82161e-17 -4.88483e-17
-1.6866e-18 9.25763e-18 -1.20139e-17
-2.00751e-17 2.854e-17 2.62115e-17
-1.97873e-16 1.51912e-16 1.33823e-16
-2.21248e-17 2.48883e-17 -7.19539e-18
2.55244e-17 -3.94755e-17 -1.29077e-17
-8.2777e-17 2.64112e-16 -7.71364e-17
-1.66911e-17 2.17267e-17 -6.17823e-18
-5.47801e-18 1.08509e-17 -1.55958e-17
3.8761e-17 -5.29051e-17 -5.85178e-18
-1.57304e-16 4.64561e-17 4.26884e-17
-6.3023e-18 2.65184e-17 1.91533e-17
-1.0612e-15 5.3583e-16 5.90903e-16
4.7266e-17 4.37271e-19 -9.57794e-18
-5.37078e-17 6.80285e-18 -1.72133e-17
-1.1139e-17 1.63652e-17 -1.03777e-17
5.07584e-18 6.64172e-17 9.95624e-18
5.06788e-18 4.75976e-17 2.25549e-18
-1.66736e-17 2.11154e-17 -1.41127e-17
0.0 9.9493e-26 0.0
1.63597e-16 1.11648e-16 -1.36346e-17
-6.81734e-17 8.66814e-17 -3.05726e-17
1.61364e-17 -3.38779e-17 6.44869e-18
-8.7343e-17 1.75195e-16 8.99068e-18
-3.29816e-18 1.98227e-17 3.99412e-18
4.1262e-17 2.43803e-19 -6.39337e-18
4.00093e-18 3.77839e-17 -7.76427e-18
1.73195e-17 3.4025e-17 2.05377e-17
-1.83335e-16 1.40604e-16 8.79246e-17
-1.21959e-16 3.40295e-18 -5.42855e-17
9.8023e-17 3.76835e-17 3.85706e-17
1.71547e-17 4.41954e-20 9.77051e-18
2.42797e-17 1.60925e-18 -4.1658e-18
-7.54369e-17 -3.40525e-17 -2.36646e-17
1.60697e-17 5.18476e-17 5.5087e-17
-6.33323e-18 -2.19006e-17 1.06658e-17
-3.39516e-17 -2.28002e-17 -5.2848e-18
-7.20383e-17 -8.54063e-20 -1.27862e-17
-6.46235e-27 -8.98146e-25 0.0
-4.25513e-17 7.67047e-18 -2.28032e-18
-1.0528e-15 3.81736e-17 8.16346e-17
3.39672e-17 -5.5738e-18 -2.79263e-18
-9.74088e-19 -4.40684e-17 3.98297e-17
-4.16687e-17 1.83903e-17 -2.04018e-17
4.43204e-17 2.16133e-17 5.38067e-18
-6.86625e-17 -1.31601e-17 -1.02652e-18
1.06126e-18 -3.65199e-19 1.30814e-18
0.0 0.0 0.0
-6.74724e-17 -5.21886e-17 1.78879e-17
4.38809e-17 -7.78322e-17 3.51597e-17
-4.56147e-17 -2.00423e-18 2.04267e-18
1.4677e-18 -1.33359e-17 5.00695e-18
-4.56303e-17 1.37e-16 -1.93329e-17
3.54866e-16 -2.70949e-17 1.38532e-16
1.13429e-16 3.32557e-17 2.86122e-18
-1.74546e-17 -7.98466e-19 1.8099e-17
4.16917e-18 -3.7773e-17 1.43094e-17
6.24887e-17 1.06632e-16 -4.53004e-17
1.69305e-17 -1.50048e-17 1.16983e-17
-1.01099e-17 1.18374e-17 -2.24713e-17
-1.23494e-19 2.79474e-18 -3.87729e-18
6.46235e-27 9.51346e-24 0.0
3.26633e-17 -5.80529e-18 9.41688e-18
-5.12031e-18 5.00728e-17 -2.25873e-17
-8.82404e-17 -7.04459e-17 1.10615e-17
-4.33905e-17 5.04786e-17 -9.27351e-17
5.62523e-17 -3.76903e-17 3.24234e-18
8.69321e-19 -1.06222e-17 -7.87962e-18
-4.94244e-19 -2.7697e-17 -2.58194e-18
2.9168e-17 2.19134e-17 -2.50427e-18
-1.33996e-16 6.3758e-18 1.09628e-17
1.24313e-17 4.33369e-17 -9.58603e-18
3.22642e-17 1.17813e-17 3.6902e-18
1.61299e-17 -1.73695e-17 -4.75972e-18
-6.84821e-17 6.79674e-18 -1.2523e-18
6.61167e-16 4.69806e-16 -6.80108e-17
-2.00646e-17 4.95154e-17 1.9425e-17
3.24726e-17 -1.21854e-17 -1.83419e-18
-5.90892e-17 1.07672e-17 1.68293e-17
1.48281e-16 2.646e-17 1.71359e-16
-8.7371e-23 0.0 0.0
2.76373e-17 2.78123e-18 3.06839e-18
-1.80946e-25 0.0 -6.61744e-24
2.06795e-25 0.0 0.0
-5.64464e-17 3.47981e-17 1.7653e-18
1.1697e-17 -4.47825e-18 -1.56668e-17
-2.46095e-16 -5.10822e-17 8.78267e-19
2.01076e-16 1.44421e-16 1.76416e-16
3.08916e-16 5.6064e-17 3.90243e-17
-7.3303e-18 1.48001e-17 2.15144e-18
-4.36062e-18 -7.51862e-17 4.48802e-17
-8.32417e-18 7.14573e-18 4.02997e-17
1.35687e-16 3.29813e-17 9.71743e-18
4.68365e-16 5.10668e-18 1.2876e-16
-2.24941e-17 2.00914e-17 -1.61499e-17
-1.75741e-18 2.57765e-18 4.53175e-18
1.23563e-16 1.35847e-16 -2.89979e-17
-1.42239e-16 -1.47647e-16 -6.877e-18
-2.53481e-16 -7.8105e-17 3.42367e-17
5.06502e-17 4.94384e-18 7.65213e-18
5.62483e-20 -3.43473e-17 -3.41505e-18
6.82491e-17 1.97556e-17 6.88211e-18
5.5795e-16 1.46557e-16 5.04994e-17
-3.50443e-17 -2.21417e-17 3.54669e-18
-8.27181e-25 8.27181e-25 6.61744e-24
9.43247e-17 2.11321e-17 1.50278e-17
-6.83702e-17 8.42313e-18 -1.62087e-17
4.55182e-18 3.42893e-17 -2.58723e-17
-8.7725e-17 -3.5787e-17 -3.55308e-17
-1.12345e-16 6.03801e-17 6.36894e-17
8.26495e-18 -2.11486e-17 3.30343e-18
-6.14699e-23 -1.24077e-24 0.0
8.40601e-17 3.69067e-17 -1.30938e-16
3.04811e-17 1.77143e-17 2.25387e-17
-1.24704e-16 2.67265e-17 3.70846e-17
8.7578e-18 -1.14488e-18 -1.86718e-19
5.52534e-17 5.77562e-18 -2.52416e-17
-1.50879e-16 9.60025e-17 4.15971e-17
1.82593e-17 2.15004e-17 2.74507e-17
4.35614e-17 -2.52968e-17 -1.72226e-17
-3.64893e-16 -1.5599e-16 2.50145e-16
1.10019e-17 1.29221e-17 4.85972e-19
-7.21746e-18 -4.38689e-17 3.3298e-18
9.82241e-17 -9.28246e-17 1.3101e-17
1.39495e-16 1.06359e-16 -1.99814e-17
-1.20177e-17 1.31623e-17 -1.0411e-17
-1.85619e-16 3.65913e-17 1.85662e-16
4.76982e-17 5.25712e-17 1.48803e-17
-1.97994e-16 3.11064e-16 -2.10288e-17
-2.35328e-17 7.67812e-17 -9.7241e-18
-2.27475e-24 3.82571e-24 0.0
-1.06179e-17 3.28076e-17 -2.27081e-17
2.97501e-17 -4.09747e-17 -1.91932e-17
2.14595e-17 -4.19303e-17 2.1795e-17
3.24406e-18 1.57017e-18 9.70488e-19
-1.15682e-16 4.2053e-17 -1.01757e-17
-4.09443e-17 -1.08954e-17 -5.95376e-18
-1.18562e-18 -5.65642e-18 -3.18815e-17
-2.33233e-19 -8.24609e-17 3.0003e-17
0.0 -4.84481e-25 0.0
8.3872e-18 4.36191e-17 -4.25974e-17
-2.92967e-17 4.79324e-17 -5.39947e-17
-1.83192e-18 3.5002e-16 5.13892e-17
5.29963e-18 -1.65407e-17 -4.16873e-19
4.88469e-17 -6.38666e-17 2.443e-18
2.65398e-16 5.57183e-17 1.17939e-16
-1.86671e-17 1.13945e-16 6.771e-18
2.99447e-17 2.51829e-17 6.48919e-17
-1.44638e-17 1.22845e-17 -8.98519e-18
8.27181e-25 4.1359e-25 0.0
1.11906e-17 2.36738e-18 7.57476e-18
-1.45159e-17 4.7262e-17 9.86982e-17
4.8251e-17 -1.86728e-17 1.24516e-17
-1.18176e-16 -1.39438e-16 4.74725e-17
1.24859e-16 2.7676e-17 -8.24861e-17
1.95721e-18 2.25312e-17 -1.08659e-17
1.55254e-17 -3.49118e-17 -4.54851e-18
-1.47688e-17 2.2538e-17 -1.6e-18
4.99727e-17 2.86901e-17 -1.02547e-17
-3.23339e-16 -6.42297e-18 1.29631e-17
-3.66927e-17 4.90027e-17 3.24647e-17
6.46235e-27 -3.4555e-25 0.0
6.05435e-17 1.46283e-16 1.24767e-16
7.23783e-24 -4.1359e-25 0.0
-1.33676e-16 1.92551e-16 5.17421e-17
3.91477e-17 4.92356e-18 -1.48711e-18
1.61324e-17 9.23683e-18 -7.61916e-18
-1.3738e-17 4.57961e-17 1.23595e-17
-6.80708e-17 9.67344e-17 -3.77366e-17
0.0 6.24833e-25 0.0
1.5752e-17 -2.2837e-17 -1.474e-17
1.84398e-18 -2.0518e-17 -3.20147e-17
2.99047e-17 -2.08486e-17 2.59476e-17
-2.51262e-17 1.47883e-17 1.44962e-17
-9.24116e-17 -8.10534e-17 1.1642e-17
-1.192e-17 2.46753e-16 1.9006e-17
4.61114e-18 -3.12849e-17 3.58133e-17
-3.23472e-17 6.75149e-17 3.00555e-17
-2.32645e-25 8.27181e-25 0.0
2.14848e-17 8.80595e-18 -3.02179e-18
-2.38833e-18 -1.63654e-17 -5.08768e-18
5.47437e-17 -1.75548e-17 -4.58064e-17
5.82928e-17 -1.49086e-17 4.1438e-17
1.5185e-18 -5.82218e-18 4.26296e-20
1.45909e-17 2.14623e-18 1.29929e-17
1.68901e-16 2.58981e-16 2.13733e-16
2.15512e-16 -5.0024e-17 3.48468e-16
-1.12407e-16 -2.32078e-16 4.1321e-17
-3.9555e-16 -4.82248e-17 -3.63709e-17
9.31701e-17 1.43006e-16 -7.6833e-17
4.93956e-16 1.43352e-17 3.19783e-17
1.26169e-17 -3.45751e-17 8.0018e-18
-2.71883e-17 -3.01043e-17 2.20491e-17
-3.30872e-24 -3.30872e-24 0.0
-9.7142e-23 -4.96308e-24 -6.61744e-24
1.65436e-24 -8.27181e-24 0.0
-2.108e-17 -3.96056e-17 2.48269e-17
2.10147e-18 -6.99743e-18 7.34722e-18
2.45128e-17 -1.46877e-17 -2.68286e-17
9.45896e-17 5.63295e-17 -1.64021e-17
-5.62681e-17 5.57576e-17 -2.47155e-17
-2.55108e-17 2.61251e-18 3.23237e-17
3.828e-17 7.51777e-18 -2.02146e-18
1.29008e-17 -5.10596e-17 8.34267e-18
1.47322e-18 -3.91493e-17 2.75552e-17
-8.82729e-18 1.10454e-16 5.76787e-17
2.07312e-23 7.44463e-24 0.0
1.03815e-15 5.2642e-16 7.93938e-17
-4.52066e-16 3.70997e-16 4.72927e-16
8.12911e-17 1.57808e-16 -5.83798e-18
-2.92943e-17 4.05114e-17 -9.22392e-18
-1.07181e-18 -1.62359e-18 -1.39807e-17
7.48047e-17 2.0411e-17 -6.55839e-17
2.0402e-16 2.10477e-17 -1.07626e-18
1.13533e-16 -3.52477e-17 4.45381e-19
-1.51843e-17 2.06074e-17 3.592e-18
5.60687e-18 -1.90979e-16 4.82642e-17
9.34561e-16 -1.30909e-15 -8.10032e-17
3.9796e-17 3.06809e-17 2.55869e-17
-2.75837e-17 -9.34082e-17 6.19914e-17
9.09552e-17 1.13344e-16 -6.03215e-17
-3.13369e-16 1.49687e-17 1.45891e-16
-1.32049e-16 -1.24726e-16 5.84916e-17
1.25817e-17 1.0609e-17 1.99067e-18
-6.73777e-17 1.48438e-17 1.33246e-16
2.05213e-16 3.49148e-17 4.69235e-18
-1.21611e-17 -1.17362e-16 -1.92663e-17
-6.32236e-18 4.94383e-17 -3.84102e-17
0.0 -8.08775e-25 0.0
2.8885e-17 -5.85375e-17 -3.45274e-18
2.32815e-18 3.27733e-18 -1.65049e-18
1.54868e-15 4.35245e-16 2.92276e-16
2.27261e-17 5.03551e-17 3.10179e-17
-5.07728e-18 -4.11401e-18 6.11208e-17
1.80423e-16 1.06847e-16 5.74056e-17
6.04148e-17 -2.34517e-17 -1.73487e-17
2.61628e-16 -1.9869e-17 1.2157e-16
6.89528e-18 -9.27708e-18 2.47716e-18
2.48154e-24 -3.82571e-24 0.0
-1.38807e-16 -1.09968e-16 -1.41409e-17
-2.29211e-17 7.31669e-17 5.26696e-19
8.26684e-17 -8.62264e-17 1.1351e-17
-1.65436e-24 0.0 0.0
-2.44837e-17 -7.30055e-17 9.78353e-18
2.09664e-18 -1.90277e-17 -1.92404e-17
6.17795e-19 1.98125e-17 1.58334e-17
1.2494e-17 -9.59951e-18 -3.7624e-18
7.06931e-17 5.05137e-17 -7.97244e-17
-1.55184e-16 1.39695e-17 2.92776e-17
1.12453e-16 4.95091e-17 -2.15296e-17
-9.76785e-18 -2.8897e-17 3.5608e-18
-3.30872e-24 6.61744e-24 0.0
-2.81576e-17 4.33441e-17 -6.48115e-18
-1.39287e-17 4.79448e-18 3.31302e-19
-5.26344e-18 -2.08114e-17 -1.33294e-17
-9.73518e-19 9.23903e-17 -5.79279e-17
-1.96656e-17 -3.23488e-17 -1.62886e-17
-3.98057e-17 -1.21135e-16 3.61635e-17
2.52025e-17 4.23067e-17 -6.95684e-17
-1.41257e-16 2.11297e-16 -1.35105e-16
1.47344e-17 -8.33993e-18 -3.01491e-19
7.90596e-17 6.01482e-17 -1.949e-17
9.72809e-16 5.41263e-17 -1.81474e-16
6.815e-17 -6.54965e-17 -7.48081e-18
-1.16318e-17 1.03144e-17 -3.48177e-18
3.38451e-17 2.49476e-17 -6.17668e-18
1.71289e-16 3.98654e-17 1.27775e-16
-1.02041e-17 -3.96057e-17 -5.03607e-17
4.39041e-16 -3.95425e-18 -7.08668e-17
1.37002e-23 8.27181e-25 0.0
2.73473e-17 -7.298e-18 1.40382e-17
0.0 4.1359e-25 0.0
9.16798e-16 8.49062e-17 1.26515e-16
4.13616e-17 -6.60083e-17 7.69406e-18
-5.93875e-18 -3.43845e-17 5.4551e-18
9.51258e-24 -1.24077e-24 0.0
-6.91563e-17 -9.79846e-18 -2.5615e-18
1.52202e-17 8.99787e-17 -6.36242e-17
-8.17829e-17 -2.32948e-16 -5.7931e-17
-1.02266e-17 -6.99016e-18 7.23676e-18
1.60924e-15 -3.01429e-17 2.09906e-16
-4.59754e-17 -7.28003e-17 6.51967e-17
5.96915e-16 5.08795e-16 -1.25982e-16
2.08555e-17 4.41317e-18 4.53094e-19
2.25485e-17 -2.44602e-17 -2.1508e-17
-1.65436e-24 1.65436e-24 0.0
-3.30872e-24 0.0 0.0
-2.0312e-17 2.87979e-17 -3.32177e-18
-7.43688e-18 8.55229e-17 -7.19994e-18
1.3034e-16 -2.91664e-16 6.25778e-17
-3.06338e-18 -2.91898e-17 -1.63592e-18
-1.88031e-16 -6.81886e-17 -3.13659e-17
-1.30194e-17 1.24769e-17 -2.29907e-17
-1.99439e-17 2.06298e-17 1.02344e-17
1.14289e-17 -2.90791e-17 3.28683e-17
2.87682e-18 1.21153e-17 -6.51012e-18
2.44339e-17 1.88872e-18 -4.73411e-17
1.06632e-17 1.07474e-17 1.67688e-17
-1.01021e-15 1.80182e-16 2.17081e-17
1.17597e-16 3.05339e-17 7.52269e-17
-3.0938e-17 9.24817e-17 4.90612e-17
-2.65556e-17 8.45324e-18 -3.13622e-17
-7.28232e-18 4.21503e-17 -4.19735e-17
-8.30737e-17 -1.93759e-17 9.43854e-17
-2.13618e-17 -2.85306e-17 9.15312e-19
-2.16699e-17 4.64252e-18 8.08997e-17
4.39237e-17 2.59535e-17 -3.58534e-18
1.55736e-16 -9.127e-17 8.75857e-17
-2.34672e-17 3.36785e-17 1.77227e-17
-3.56051e-17 -2.21898e-17 2.81692e-17
-5.27458e-18 5.24792e-17 -4.08908e-17
5.29778e-17 3.67763e-18 -4.5438e-18
3.87741e-23 0.0 0.0
2.4211e-16 1.45596e-17 1.70662e-16
6.77912e-17 -5.20986e-17 1.47623e-18
1.28117e-16 1.70551e-17 -7.64419e-17
2.30533e-17 3.75226e-17 -3.54254e-17
-5.56911e-18 5.9219e-17 3.87254e-17
-3.10193e-25 -1.65436e-24 0.0
-7.70293e-18 -9.23319e-17 3.95547e-17
-2.88715e-17 3.02753e-17 1.24983e-17
1.44248e-17 -1.25226e-17 -1.82446e-18
4.09224e-17 -8.80673e-17 5.96544e-17
4.67864e-16 -7.24576e-17 7.25812e-16
3.07215e-17 -1.42724e-17 -2.25552e-17
1.62979e-16 -8.61496e-18 1.07404e-17
-5.21063e-17 2.35432e-17 -5.59506e-17
3.3842e-17 3.38624e-17 -2.63639e-18
-6.46235e-27 -1.06426e-23 0.0
4.84639e-17 -1.26162e-17 5.39094e-18
6.54433e-17 6.3454e-17 -2.58635e-17
-2.53874e-17 -2.68141e-17 -6.73451e-18
2.85722e-17 -1.10538e-17 -7.49607e-18
-8.86197e-18 -3.19182e-17 1.20006e-17
-1.28886e-17 8.58759e-17 8.03992e-17
-2.08764e-16 5.29031e-17 -1.47151e-16
1.49634e-18 -1.65922e-17 -3.73183e-18
3.81736e-17 2.01767e-17 -1.37809e-17
1.18855e-15 2.23634e-16 -1.60969e-16
9.13384e-18 -3.85023e-17 4.24158e-18
2.14186e-16 9.21965e-17 -6.73779e-17
9.40049e-18 -3.20827e-18 -5.10429e-18
1.00756e-17 -2.84823e-17 2.23965e-17
-2.61905e-16 1.24828e-16 -4.91498e-17
-5.86083e-18 -2.32148e-17 -3.82361e-18
1.2325e-16 -1.25232e-16 3.21818e-17
-9.13957e-18 5.33268e-17 -1.41809e-17
-5.07115e-17 1.2813e-17 4.73119e-17
1.64969e-17 1.25541e-17 -7.76986e-17
-4.95414e-16 -4.36261e-17 -1.12647e-17
1.84524e-17 7.65573e-17 1.67833e-17
5.74398e-17 1.77083e-17 -1.24377e-17
-6.26711e-18 -1.13312e-17 -4.48239e-18
-1.3899e-16 4.11687e-18 -2.0626e-17
1.02058e-17 -1.97862e-18 4.59256e-18
-1.09722e-15 3.35838e-16 1.15255e-16
-1.13737e-24 4.1359e-25 0.0
-1.73408e-16 7.40673e-17 -3.19967e-18
1.71927e-18 -1.83673e-17 2.53953e-17
-3.2423e-18 -8.97796e-18 1.24761e-17
8.7319e-17 5.18037e-17 4.82395e-17
8.9528e-18 -1.50247e-17 1.08893e-17
-7.02515e-17 -4.67997e-17 -3.63313e-17
-1.32968e-18 -6.80315e-18 -9.23518e-18
2.28732e-17 2.48123e-17 5.28063e-17
1.58486e-16 4.43576e-17 2.9781e-17
3.12185e-17 8.00312e-17 -2.59326e-17
2.40452e-17 -2.24635e-17 -2.37143e-17
1.27191e-16 3.90917e-18 1.31179e-17
-1.04722e-16 4.61556e-17 2.02516e-17
-1.62882e-18 -9.85219e-17 -2.31541e-17
-7.59512e-17 -3.11306e-17 4.09808e-17
0.0 -1.31489e-26 0.0
-1.30108e-17 4.55133e-17 3.48269e-17
9.06126e-18 -4.45872e-17 4.47039e-18
0.0 0.0 0.0
-5.68311e-18 -2.1694e-17 1.67646e-18
-2.33608e-17 -5.28084e-17 1.3569e-17
3.55259e-17 3.27956e-17 1.71253e-16
3.34708e-18 4.89598e-18 -6.25028e-18
1.17186e-15 -5.93272e-17 4.08225e-16
3.20464e-18 9.63875e-17 1.32166e-18
-6.497e-17 -1.01881e-16 -2.22879e-17
0.0 -3.67102e-24 0.0
-8.50979e-18 -6.67343e-17 1.6528e-17
7.0618e-18 -3.08737e-17 9.45566e-18
-2.25678e-16 -1.00732e-17 5.21047e-17
1.01715e-16 -6.2065e-17 -1.89927e-17
-1.88665e-17 -2.1681e-18 2.59382e-17
-1.11674e-16 1.45564e-16 1.15975e-16
-4.24213e-18 -3.27918e-17 2.18008e-17
1.60565e-16 5.05529e-17 1.14748e-16
4.68502e-19 2.93007e-17 -7.80592e-17
2.32022e-17 1.42651e-17 -3.80789e-18
2.17392e-17 3.05742e-17 1.19556e-17
-1.02159e-16 2.58463e-16 3.67684e-17
1.52175e-15 -2.83845e-15 -1.11333e-15
6.78544e-17 -6.35786e-17 1.22168e-17
2.06664e-17 3.67231e-17 -2.26435e-17
0.0 -3.01248e-24 0.0
1.38714e-16 -3.61637e-16 -5.54586e-16
-1.01011e-16 1.0282e-16 7.0857e-17
0.0 0.0 0.0
-3.55887e-18 1.33228e-17 6.24349e-18
1.65921e-17 2.47583e-17 -4.55675e-18
-1.38562e-18 1.73491e-17 9.56665e-18
7.9725e-19 4.48993e-19 -1.4636e-17
2.72988e-16 2.56925e-16 2.6614e-16
4.71152e-17 4.62475e-17 1.53077e-17
-2.20372e-17 -1.80206e-19 1.19819e-17
-3.98623e-17 3.4838e-18 9.69528e-17
1.72104e-17 8.20965e-18 1.90066e-19
-3.56619e-18 3.06782e-18 2.27868e-17
5.75153e-17 -5.35164e-17 2.33467e-17
1.06808e-16 1.17976e-16 2.29703e-17
-1.73118e-16 -8.3127e-17 2.26414e-16
-9.13277e-17 1.08486e-17 -8.5511e-18
-7.59524e-19 2.45136e-17 2.29075e-17
1.1803e-16 -1.65077e-17 6.99774e-17
2.6775e-16 1.15007e-16 -1.60115e-16
-1.50617e-18 1.27592e-17 -3.60871e-17
-1.21805e-17 5.9569e-19 -6.04487e-18
-1.19567e-17 -1.48051e-17 2.00672e-17
-1.88417e-17 1.61158e-17 1.58694e-17
6.58559e-17 -4.66432e-17 6.50958e-20
5.37465e-18 -1.33881e-17 9.50116e-18
-1.39651e-16 6.01964e-17 -8.5456e-17
-1.61392e-16 -9.85254e-17 9.08923e-17
2.37493e-17 -3.66794e-17 -3.98299e-17
2.29013e-16 7.37505e-17 -1.55178e-16
5.65105e-18 9.39459e-18 -1.83316e-17
-9.55894e-18 -3.26563e-17 1.54923e-17
-6.46235e-27 -6.96362e-25 0.0
3.09038e-17 -2.26855e-17 3.34594e-17
-9.91852e-18 2.02442e-17 1.54672e-17
9.16087e-17 9.02225e-18 -3.09923e-17
-5.48276e-18 1.78755e-17 2.03927e-17
-3.43411e-17 3.57916e-17 3.53796e-17
9.11327e-18 -2.18614e-18 -9.30617e-18
-5.74747e-16 -1.49229e-16 5.02174e-16
-1.7336e-18 -6.47452e-17 -2.71825e-17
-4.76849e-18 5.89115e-18 1.83608e-18
3.31338e-22 0.0 0.0
-2.089e-17 1.79882e-17 -3.89711e-19
1.06466e-17 4.79766e-17 -9.35576e-18
-3.14066e-18 -1.3031e-17 -7.13437e-18
5.57888e-17 2.89182e-17 -4.3145e-17
7.11144e-17 -6.2491e-17 -4.17262e-17
-3.29113e-17 -2.02371e-17 -2.9889e-17
3.2761e-18 -1.59144e-17 1.17039e-17
-1.82045e-17 -9.61275e-18 -5.02646e-18
-1.13841e-22 8.27181e-25 0.0
4.75708e-18 -2.66541e-18 1.29574e-17
8.02867e-17 -1.88454e-17 3.05391e-17
-3.27658e-17 6.28492e-17 5.04927e-17
2.61228e-16 4.5823e-18 3.50661e-17
0.0 1.19152e-23 0.0
-8.31984e-17 5.3012e-17 2.28099e-17
0.0 0.0 0.0
-1.04782e-17 -6.45104e-18 1.21008e-17
-2.16588e-17 -1.53197e-17 2.15184e-17
7.13123e-16 9.60741e-17 1.07592e-16
2.06318e-17 -1.10167e-17 -1.37972e-17
-9.76133e-19 -1.67573e-17 7.04101e-18
-1.12104e-17 5.97354e-17 1.46083e-17
-6.13758e-17 1.17004e-16 2.58321e-17
-3.73752e-17 -1.84197e-17 1.62415e-17
7.02078e-17 -2.35617e-17 5.30657e-17
-5.25452e-18 -2.59199e-17 -5.1331e-18
0.0 -2.35717e-25 0.0
1.46036e-17 3.72393e-17 9.58094e-17
7.92057e-17 3.43721e-17 -3.49277e-17
-4.1359e-25 -1.65436e-24 0.0
1.48337e-17 -1.27163e-18 -9.39734e-19
-3.48899e-17 -4.27628e-17 -3.24602e-17
5.03139e-16 3.65843e-17 -2.06224e-16
2.87136e-17 -2.73518e-17 1.02474e-18
1.14892e-18 8.76962e-18 -1.71554e-18
7.22051e-18 2.86372e-18 -1.76263e-17
4.36963e-16 -2.58656e-17 9.32211e-17
1.16748e-15 -2.02273e-16 2.3085e-16
5.9181e-16 3.59619e-17 -3.30161e-16
9.50971e-18 -5.40447e-18 1.7982e-17
4.63192e-17 -1.2319e-16 -2.79203e-18
4.11928e-17 -7.45687e-17 5.93933e-17
-1.59249e-16 1.37552e-16 -2.60316e-18
-8.81124e-17 -7.77483e-18 -1.874e-17
2.0886e-16 4.53214e-17 6.12578e-17
-3.43756e-17 -2.59081e-17 -1.5375e-19
-7.7797e-17 5.44126e-17 -2.52408e-17
-6.41075e-17 -1.04958e-16 4.84981e-17
3.03134e-17 -2.44546e-17 9.56492e-18
6.23288e-18 1.41815e-19 -6.64275e-18
9.55922e-18 -1.47532e-17 -1.5915e-19
1.6252e-17 -3.63757e-17 3.36894e-17
1.74889e-17 -9.20036e-17 -8.28132e-18
3.51541e-17 2.52537e-17 2.13006e-17
-4.35471e-17 1.29224e-16 1.42968e-16
2.04039e-16 -3.62438e-17 2.49235e-17
-5.74904e-18 -3.43703e-17 -1.03115e-17
1.01905e-16 -4.8125e-17 -2.61622e-18
8.72411e-20 4.1027e-18 3.02935e-18
4.05398e-16 -4.52326e-17 -3.78801e-18
-4.49004e-16 4.31746e-16 -5.61495e-17
1.41588e-17 2.7768e-18 1.20535e-18
