# vtk DataFile Version 3.0
LIGGGHTS particles timestep 140600000
ASCII
DATASET POLYDATA
POINTS 873 float
0.384765 0.0176273 0.00160103
0.384276 0.0168362 0.000152108
0.385979 0.016305 0.000154358
0.384024 0.0178931 0.000346588
0.384103 0.0188777 0.00179976
0.38414 0.0203084 0.00038795
0.385344 0.021108 0.000153527
0.384857 0.0164602 0.000527417
0.384125 0.0186018 0.000725561
0.384479 0.0181392 0.00532873
0.384537 0.0177544 0.000152462
0.383992 0.0184143 0.000151757
0.384812 0.0187844 0.000568853
0.384869 0.0167819 0.000363698
0.384803 0.0169846 0.000152809
0.384915 0.0183348 0.000412633
0.384393 0.0200033 0.000329348
0.384771 0.0189907 0.000354885
0.384249 0.0186361 0.000152072
0.383697 0.0189843 0.000151351
0.38551 0.0163743 0.000153727
0.384537 0.0188112 0.000408422
0.383933 0.0183841 0.000910122
0.383691 0.0196365 0.00137364
0.384551 0.0189669 0.000152444
0.384476 0.0190531 0.00135703
0.384973 0.0159492 0.000153027
0.384718 0.0185669 0.000384781
0.384114 0.0176073 0.000360568
0.384098 0.0188501 0.00119184
0.384545 0.0194202 0.000152446
0.385045 0.0173743 0.000698037
0.385035 0.0210857 0.000153116
0.384772 0.0202231 0.000807152
0.383671 0.0182832 0.000151301
0.385325 0.0170081 0.00015348
0.384387 0.0165562 0.00015223
0.384231 0.0208268 0.00015205
0.384246 0.0213172 0.000152088
0.383713 0.0195261 0.000405419
0.384633 0.0199733 0.00015255
0.383992 0.0202878 0.00155233
0.384483 0.0187432 0.00100059
0.384186 0.021085 0.000765738
0.383776 0.0188306 0.000396501
0.384798 0.0193938 0.00124736
0.38386 0.0208523 0.000151582
0.384491 0.0167411 0.000826766
0.383698 0.0191758 0.000382307
0.384775 0.0177635 0.000333978
0.384311 0.0181618 0.000411136
0.384433 0.0180729 0.000152289
0.38465 0.0160107 0.000152609
0.383254 0.0200098 0.00538195
0.383894 0.018443 0.00061858
0.383721 0.0201648 0.00110894
0.383699 0.0194922 0.000864139
0.385774 0.0165263 0.000154084
0.385379 0.021728 0.000153573
0.38628 0.0159856 0.000154748
0.384848 0.0197614 0.000152852
0.384297 0.0183399 0.000152164
0.384935 0.0213685 0.000152978
0.383124 0.0188914 0.0053278
0.383684 0.0190009 0.00062565
0.384879 0.0194858 0.00532657
0.384411 0.0210667 0.000152303
0.384766 0.0172689 0.000670999
0.384755 0.0205364 0.000152745
0.384609 0.0174633 0.000152565
0.384881 0.0200096 0.000318105
0.383683 0.0186845 0.00015132
0.384162 0.0185702 0.00127856
0.385239 0.0168887 0.00093479
0.384788 0.0175107 0.000494981
0.384247 0.0194577 0.000152149
0.384451 0.0205211 0.000257329
0.384585 0.0196895 0.000278251
0.384989 0.0180879 0.00538114
0.383731 0.0200314 0.000564419
0.384559 0.0213709 0.000152488
0.38375 0.0203316 0.000362374
0.384573 0.0167914 0.000152504
0.3846 0.0205705 0.00124147
0.384776 0.0192293 0.0014972
0.384639 0.0200974 0.000472653
0.383903 0.0177038 0.000549977
0.384494 0.0183088 0.000600776
0.384257 0.0216244 0.000152083
0.384111 0.0181041 0.000151907
0.385046 0.0156469 0.000153133
0.384723 0.0179967 0.000152689
0.384247 0.0178365 0.00015209
0.384318 0.0178481 0.00107352
0.384549 0.0186547 0.000152467
0.384348 0.0198654 0.00534931
0.385094 0.0168168 0.000153198
0.384752 0.0225705 0.000152748
0.384848 0.0172811 0.000152878
0.385244 0.0150807 0.000153389
0.383789 0.0179787 0.000511532
0.384924 0.017576 0.00015296
0.383903 0.0190764 0.00169511
0.383741 0.0199852 0.000151428
0.384918 0.0165741 0.000152936
0.384885 0.017052 0.000501726
0.384186 0.0208278 0.000920195
0.384065 0.0210773 0.00015182
0.384143 0.0171166 0.000665392
0.38461 0.0166839 0.000504771
0.384436 0.0164204 0.000470553
0.384522 0.0198284 0.000536357
0.384329 0.0196006 0.000406404
0.385357 0.0162324 0.000369289
0.384655 0.0177639 0.0006089
0.384445 0.0210826 0.00061393
0.384888 0.0184824 0.000152883
0.384339 0.0202417 0.00015221
0.384024 0.0197277 0.000151798
0.38453 0.0207909 0.000152459
0.384328 0.0191677 0.000152164
0.38394 0.0189665 0.00141837
0.384551 0.0191949 0.000350438
0.385059 0.0170948 0.000261451
0.384487 0.0180145 0.00274646
0.383917 0.0176923 0.000151636
0.384086 0.0206789 0.000369501
0.384017 0.0178156 0.0010481
0.384629 0.0190306 0.000616104
0.384369 0.0196299 0.000702315
0.383973 0.0194558 0.000272738
0.383645 0.018626 0.00149303
0.384214 0.018913 0.000261913
0.383997 0.0183612 0.00149292
0.384354 0.0181276 0.000970878
0.38533 0.0157498 0.000153509
0.384843 0.0197261 0.000750471
0.383882 0.0208933 0.000683803
0.385153 0.0161935 0.000153269
0.384321 0.0175458 0.000152151
0.383893 0.0181982 0.000334512
0.383671 0.0182523 0.000547068
0.383954 0.0200733 0.000368812
0.384054 0.018114 0.000976661
0.384525 0.017627 0.00104162
0.385136 0.0173639 0.000153233
0.384143 0.0188484 0.000895305
0.38543 0.016037 0.000153608
0.384844 0.0162796 0.000152872
0.384041 0.0172809 0.00190693
0.384776 0.0192141 0.000152764
0.384738 0.0211297 0.000152712
0.384242 0.0182841 0.00133722
0.384504 0.0162738 0.000152426
0.384054 0.0212484 0.000551747
0.383685 0.0191839 0.000865309
0.385526 0.0151831 0.00015376
0.38366 0.0192295 0.00180481
0.385015 0.0178821 0.000153096
0.383821 0.0205473 0.00015153
0.38412 0.0173229 0.000881946
0.384887 0.0200695 0.00123921
0.384256 0.0176293 0.0018912
0.384862 0.0154099 0.000152883
0.385449 0.0153171 0.000411083
0.384193 0.0182756 0.000765426
0.384427 0.0184937 0.000374356
0.383698 0.0199058 0.00151214
0.386629 0.0146558 0.000155208
0.384999 0.0169458 0.00110529
0.384194 0.0171429 0.000151997
0.384035 0.0174071 0.000151806
0.38332 0.0173706 0.00557046
0.384223 0.0204655 0.000629471
0.384664 0.0172593 0.000389035
0.385646 0.0158289 0.000153922
0.383727 0.0196849 0.000151352
0.3857 0.021905 0.000153988
0.384618 0.0165645 0.00145456
0.385127 0.0228833 0.000153241
0.383949 0.0181281 0.00240398
0.383656 0.0184144 0.000799005
0.384597 0.0209853 0.000374465
0.384953 0.0181895 0.000152997
0.383829 0.0200711 0.0008451
0.383916 0.0184112 0.0012084
0.384273 0.019306 0.000412651
0.384484 0.019293 0.000625763
0.38406 0.0180981 0.000562722
0.384879 0.0199991 0.000623713
0.383654 0.0183016 0.00107693
0.383711 0.0198085 0.000929167
0.38404 0.0189192 0.000506692
0.384001 0.0186247 0.000370593
0.384096 0.0172042 0.00115637
0.383741 0.0183921 0.00165466
0.384151 0.0200078 0.00015195
0.385432 0.0161542 0.000989522
0.384428 0.0203105 0.000470819
0.384913 0.0202579 0.00015296
0.383737 0.0184819 0.000365851
0.383957 0.0202802 0.000151675
0.383783 0.0193331 0.000624132
0.385412 0.0164235 0.000858941
0.38467 0.0164801 0.000293118
0.384905 0.0176363 0.000740984
0.384543 0.0200376 0.000750395
0.384545 0.0186057 0.000626695
0.384193 0.0193871 0.000690072
0.384375 0.0173074 0.000326281
0.38537 0.01646 0.000564229
0.384684 0.0185515 0.00088703
0.384512 0.0192613 0.00114396
0.384596 0.0183584 0.000152544
0.385398 0.0225749 0.000153598
0.384025 0.0202205 0.000650776
0.384327 0.0195171 0.00122563
0.383991 0.0192075 0.00044013
0.384151 0.0198417 0.000401759
0.384958 0.0208348 0.000422104
0.384423 0.0171198 0.000557588
0.384522 0.019111 0.000884531
0.383977 0.0190641 0.00102036
0.383966 0.0196713 0.000809053
0.38395 0.019828 0.00165544
0.383797 0.0179801 0.000151501
0.384563 0.0188283 0.00157817
0.384475 0.0218465 0.000152389
0.384163 0.0191242 0.00129591
0.385538 0.0156727 0.000386233
0.384176 0.0214768 0.000400124
0.384831 0.0186975 0.00532561
0.385267 0.0171383 0.00109888
0.384787 0.0192974 0.000505741
0.38433 0.0176614 0.000767772
0.385268 0.016555 0.000153424
0.384939 0.0184041 0.00534929
0.384322 0.0197606 0.000152189
0.383571 0.0172133 0.00561819
0.384826 0.0208361 0.000152846
0.384044 0.0195926 0.00053011
0.38395 0.0188232 0.000151695
0.383663 0.0186957 0.000903132
0.384573 0.0197663 0.000874862
0.385544 0.0167736 0.000153767
0.384595 0.019582 0.00533062
0.384024 0.0205359 0.000842431
0.38367 0.0189533 0.00105653
0.384818 0.0186586 0.00147415
0.383998 0.0199217 0.000646966
0.384642 0.0189702 0.00112081
0.38481 0.0191135 0.00529749
0.384823 0.0187753 0.000152842
0.38409 0.0172602 0.000407502
0.383893 0.0187963 0.000737554
0.384172 0.0204908 0.000151977
0.384026 0.0191217 0.000151801
0.384719 0.0171784 0.00107383
0.385052 0.0152442 0.000315822
0.38395 0.017571 0.000875895
0.384535 0.0161709 0.000650912
0.385599 0.0221878 0.000153859
0.383811 0.0178426 0.00161927
0.383838 0.0178409 0.000808748
0.384476 0.0215097 0.000620337
0.385095 0.016411 0.000351609
0.384262 0.0187182 0.000485343
0.385097 0.016661 0.000517353
0.383754 0.018022 0.00103251
0.384775 0.0192142 0.0010082
0.384508 0.0179213 0.000400083
0.384677 0.0161954 0.000387484
0.385716 0.0161397 0.000154
0.384529 0.0178663 0.000860686
0.384411 0.0173697 0.000937237
0.384436 0.0188994 0.00195554
0.384842 0.0197206 0.00105042
0.384666 0.0161567 0.00119108
0.384092 0.0185415 0.00171312
0.384918 0.0157761 0.000391963
0.383842 0.0181377 0.000765364
0.384605 0.0182623 0.000875876
0.385655 0.0216386 0.000284568
0.383739 0.020307 0.000682713
0.38521 0.0159527 0.000338916
0.384589 0.018732 0.00129524
0.384491 0.020832 0.000771988
0.384377 0.0184969 0.000850318
0.384621 0.0195454 0.000538909
0.384733 0.0157222 0.000152726
0.383735 0.017985 0.00208505
0.385022 0.0216963 0.000153099
0.384745 0.0163155 0.000901108
0.383948 0.0191036 0.000724404
0.384351 0.0190302 0.000501337
0.386859 0.0143646 0.000155509
0.384659 0.0181802 0.000385457
0.384489 0.0175878 0.000397336
0.384738 0.0156819 0.000629432
0.383933 0.0210114 0.000413001
0.383647 0.0183513 0.00137266
0.385584 0.0148202 0.000153839
0.384377 0.0207848 0.000410525
0.383792 0.0191593 0.00123687
0.384157 0.0170002 0.00201119
0.384721 0.0184144 0.00115105
0.384131 0.0178979 0.000783292
0.383714 0.0197009 0.000649205
0.384395 0.0188433 0.000731806
0.38424 0.0198735 0.000820489
0.38381 0.0177918 0.00230184
0.384126 0.0189265 0.00209485
0.386429 0.0149011 0.000154946
0.385203 0.0208574 0.000250378
0.38389 0.0186843 0.00132981
0.383947 0.0205273 0.00174167
0.385546 0.0154832 0.000153789
0.38462 0.0169626 0.000394334
0.384167 0.0184102 0.000498595
0.385196 0.0171995 0.000506924
0.384756 0.021196 0.000517415
0.385094 0.0153241 0.000601866
0.384669 0.0180592 0.000659772
0.384625 0.0202781 0.000233595
0.384537 0.017125 0.000152451
0.384917 0.0208989 0.000865326
0.385078 0.0174871 0.000420584
0.384798 0.0179771 0.00136367
0.383713 0.0193667 0.000151366
0.384216 0.0196105 0.000962826
0.384713 0.0188539 0.000843535
0.384927 0.0181464 0.00165981
0.386381 0.0146096 0.000318385
0.38394 0.0192353 0.0019469
0.384625 0.0159358 0.000992226
0.385064 0.0175996 0.000993079
0.384494 0.0216011 0.000335211
0.385037 0.0177713 0.000507708
0.3853 0.0222761 0.000153469
0.384149 0.0174215 0.00135623
0.384617 0.0182388 0.00194652
0.384826 0.0197463 0.000451635
0.384914 0.0180218 0.000398527
0.384413 0.0212931 0.000402576
0.384506 0.0182147 0.00121417
0.384725 0.0216588 0.000152703
0.384369 0.0174106 0.000607919
0.38428 0.0200715 0.000598741
0.383988 0.0176438 0.00175769
0.383998 0.0197803 0.00134191
0.383857 0.020298 0.0054184
0.385054 0.0166358 0.000813162
0.38373 0.0204677 0.00125555
0.384563 0.0178209 0.00230769
0.386866 0.0148392 0.000155518
0.383381 0.0176617 0.00548218
0.384252 0.0191334 0.00191776
0.385573 0.01657 0.000372242
0.383787 0.0207066 0.000403552
0.384609 0.0175087 0.000759445
0.384933 0.0204689 0.000383945
0.384733 0.0182194 0.00546594
0.383855 0.0185733 0.00223043
0.384397 0.0170364 0.00148027
0.385459 0.0212864 0.000705399
0.384994 0.0178984 0.00115068
0.38524 0.0171571 0.000800754
0.385185 0.0218143 0.000376398
0.384784 0.0177663 0.000982415
0.38364 0.0186561 0.00179143
0.383676 0.0194644 0.00161886
0.38472 0.0179296 0.0016495
0.384075 0.017468 0.0006233
0.384683 0.0206986 0.000394728
0.384346 0.0182258 0.00163136
0.384045 0.0194136 0.00122231
0.384942 0.0181845 0.000670843
0.385081 0.0169122 0.0006807
0.384906 0.017765 0.00182702
0.384925 0.0182029 0.00121222
0.384521 0.0212905 0.000819952
0.384024 0.0178751 0.00254701
0.384255 0.0178169 0.000522395
0.38365 0.0185829 0.00118081
0.384869 0.0185034 0.000656458
0.384244 0.0191027 0.000771965
0.385361 0.0169598 0.000583119
0.383039 0.0194119 0.00532808
0.384624 0.0219835 0.000397532
0.384312 0.021744 0.000526527
0.384393 0.0199668 0.00139257
0.384135 0.018057 0.00150129
0.384209 0.0192533 0.00102905
0.385583 0.0215069 0.000544404
0.3849 0.0183466 0.000919818
0.384696 0.0168831 0.000993955
0.384842 0.0174083 0.000925383
0.38437 0.018048 0.000682095
0.384726 0.0194065 0.000783312
0.384595 0.0195564 0.00109803
0.383915 0.0187913 0.00247029
0.384809 0.0180651 0.0009724
0.384759 0.0166249 0.000758371
0.38457 0.0195539 0.00139696
0.384812 0.0194879 0.000270971
0.383949 0.0181169 0.00125743
0.387471 0.0142302 0.000156312
0.383957 0.0192622 0.00146572
0.38491 0.0174139 0.00143372
0.383667 0.0194855 0.00196226
0.384424 0.0200026 0.00102381
0.384149 0.0183884 0.00211817
0.384812 0.0187247 0.00109542
0.386065 0.0154032 0.000154471
0.386193 0.0143552 0.000154638
0.383699 0.0176998 0.00541618
0.385317 0.0167763 0.000349831
0.383991 0.0202703 0.00100011
0.384237 0.0210498 0.000396281
0.384849 0.0197807 0.00135104
0.384436 0.0185036 0.00117495
0.385071 0.0160507 0.000949034
0.384695 0.0169086 0.000684328
0.383966 0.0193571 0.000883771
0.384118 0.0200207 0.00149836
0.385264 0.0153801 0.000153416
0.383737 0.0204241 0.000958864
0.384861 0.0184139 0.00194443
0.386766 0.015446 0.000155387
0.385858 0.0226585 0.000154201
0.384766 0.0190105 0.00170221
0.383821 0.0178459 0.00127299
0.384651 0.0159021 0.000445211
0.384565 0.0185985 0.00191383
0.384324 0.0166934 0.000411434
0.383757 0.0206257 0.000737839
0.383855 0.019792 0.000400755
0.384205 0.0169816 0.000404742
0.384361 0.0205804 0.000869949
0.383746 0.019886 0.00121672
0.384429 0.0194093 0.000896617
0.384264 0.019701 0.00145437
0.384095 0.0174973 0.0021073
0.385857 0.0164151 0.0004202
0.384476 0.0180157 0.00180136
0.385929 0.0159283 0.000154292
0.384496 0.0205858 0.000600607
0.385166 0.0162179 0.00059981
0.385075 0.017798 0.00544926
0.38572 0.0150135 0.000338607
0.383213 0.0181509 0.00539471
0.384967 0.0175102 0.00551503
0.384374 0.0179764 0.0013389
0.383646 0.0190753 0.00206173
0.385042 0.0176622 0.0013292
0.385021 0.0165207 0.00108821
0.385371 0.0167037 0.000739116
0.383687 0.0194289 0.00115716
0.384251 0.0201935 0.000871183
0.383684 0.0197313 0.00175567
0.38455 0.0171259 0.000831624
0.384584 0.0170831 0.00171293
0.38372 0.0180696 0.00144552
0.386417 0.01582 0.000363826
0.384279 0.0170098 0.00091083
0.384166 0.0208226 0.000620873
0.384899 0.0171406 0.00131051
0.384594 0.0192248 0.00196802
0.383935 0.020485 0.000541437
0.383917 0.0176056 0.00146882
0.384504 0.0162026 0.00143974
0.385292 0.0215754 0.000523094
0.38425 0.0176577 0.00547389
0.383949 0.0175526 0.00117531
0.384669 0.0204589 0.000971712
0.384166 0.0170024 0.00171134
0.385647 0.0166177 0.000658815
0.385019 0.0171532 0.00158514
0.38506 0.0206124 0.000153117
0.384648 0.0198871 0.0053544
0.384837 0.0161774 0.000650951
0.384841 0.0204148 0.00132889
0.385258 0.0150732 0.000589044
0.386134 0.0146524 0.000154555
0.384707 0.0203768 0.000557861
0.384197 0.0183694 0.00105318
0.38473 0.0199934 0.000995412
0.383887 0.0186074 0.00270567
0.385739 0.0163339 0.000692502
0.383846 0.0188982 0.00219882
0.385052 0.0212564 0.000405508
0.38402 0.0203931 0.00127286
0.383709 0.0203577 0.00183983
0.383658 0.0188889 0.00134928
0.385055 0.0175679 0.00164622
0.383725 0.0204504 0.00155498
0.385044 0.0173359 0.0011347
0.384113 0.0178101 0.00133236
0.385523 0.0228912 0.000153762
0.384676 0.0184108 0.00170797
0.38468 0.0184119 0.00249347
0.383746 0.0201848 0.0014072
0.387204 0.0148301 0.000155962
0.384504 0.0175641 0.00173547
0.384332 0.0166 0.00184827
0.385828 0.0155866 0.000154149
0.384164 0.0193449 0.00211334
0.383369 0.0195028 0.00532697
0.383938 0.0182989 0.00192469
0.384344 0.0187078 0.0017439
0.384396 0.0171483 0.00114928
0.383999 0.0189293 0.00272315
0.384266 0.0202305 0.00132665
0.3849 0.0166582 0.00149163
0.384888 0.0170644 0.000852946
0.384479 0.0190936 0.00172411
0.383669 0.018646 0.000607385
0.384771 0.0178727 0.00542901
0.384931 0.022263 0.000152985
0.384797 0.0187194 0.00176721
0.386147 0.0150932 0.000154578
0.384624 0.0202233 0.00115647
0.385255 0.0168217 0.00155109
0.383651 0.0189206 0.00164752
0.384246 0.019817 0.0011783
0.383807 0.0188801 0.0019006
0.383792 0.0182626 0.00218403
0.384048 0.0208153 0.00125459
0.384969 0.0176451 0.00238423
0.387104 0.0145422 0.000155832
0.386232 0.0159969 0.00059749
0.384217 0.0195937 0.00532718
0.383994 0.0211105 0.00125289
0.385104 0.0206664 0.000895276
0.38496 0.0179367 0.00223072
0.384343 0.018993 0.00109484
0.384322 0.0185049 0.00152398
0.386034 0.022905 0.00015443
0.383868 0.0176773 0.00203057
0.384483 0.017607 0.00250224
0.384531 0.0199906 0.00176924
0.384121 0.0193085 0.00171234
0.383912 0.0209584 0.00097505
0.384314 0.0188017 0.00139433
0.384591 0.019835 0.00120893
0.384228 0.0190275 0.00157233
0.383202 0.018445 0.00533644
0.383637 0.0184321 0.00199093
0.383738 0.0179125 0.00294812
0.384185 0.0214885 0.000699758
0.383807 0.020716 0.0014052
0.386911 0.0151799 0.000155576
0.386408 0.015065 0.000405325
0.384451 0.0178152 0.00157959
0.38435 0.0176327 0.00128535
0.384168 0.0205883 0.0011
0.385734 0.0154078 0.000376257
0.384883 0.0183661 0.00146038
0.385479 0.0159546 0.000470381
0.38423 0.019528 0.00188516
0.384297 0.0173727 0.00229138
0.384348 0.0181508 0.00562127
0.38524 0.017303 0.00556575
0.382937 0.0180212 0.00543459
0.38453 0.0193759 0.00163526
0.386531 0.0156374 0.000155081
0.384871 0.0228087 0.000290478
0.38485 0.0154724 0.000446023
0.383939 0.0186649 0.00101563
0.384409 0.0183504 0.0022627
0.384797 0.0206164 0.000714676
0.386778 0.0150241 0.00037485
0.38398 0.0200931 0.00124189
0.384201 0.0178784 0.00173287
0.383926 0.0185279 0.00532817
0.385314 0.0171075 0.00162033
0.384609 0.0210502 0.000976344
0.384554 0.0222108 0.000580314
0.384236 0.018658 0.00201956
0.383635 0.0187172 0.00208506
0.384388 0.0164943 0.00124081
0.384209 0.0175724 0.00102744
0.384258 0.0168391 0.000665094
0.384507 0.0203676 0.001442
0.385377 0.0167118 0.00113382
0.384331 0.0211661 0.00101562
0.384493 0.0203332 0.000763495
0.384298 0.0167226 0.00105525
0.384023 0.0180845 0.00211653
0.384803 0.0175485 0.00118774
0.384039 0.0203361 0.00195386
0.387127 0.015063 0.000328428
0.385347 0.0157253 0.000611337
0.385074 0.0159194 0.000604629
0.384511 0.0164494 0.000759569
0.385145 0.0166682 0.00131805
0.38325 0.0191636 0.00532737
0.384463 0.0183038 0.00267059
0.38362 0.0186039 0.00300686
0.384884 0.0211341 0.001062
0.384971 0.0161385 0.000385737
0.386141 0.0157159 0.00015457
0.383814 0.0201548 0.00203452
0.384508 0.0170785 0.0020857
0.384881 0.0169203 0.00208887
0.384517 0.0193915 0.00220541
0.385773 0.023057 0.000154089
0.383869 0.0206738 0.00105937
0.384641 0.0172084 0.00144621
0.384743 0.0208963 0.000621158
0.38453 0.0186008 0.00532954
0.383955 0.0198191 0.00195525
0.384694 0.0184133 0.00219383
0.385395 0.0220027 0.000273123
0.383678 0.0181819 0.00278175
0.384131 0.0178049 0.00209953
0.384821 0.019896 0.00202138
0.384633 0.0165651 0.00102394
0.385921 0.0148895 0.000154282
0.384504 0.0183956 0.00554681
0.384577 0.0177695 0.00194164
0.383648 0.0182102 0.00307883
0.383677 0.0197884 0.00206505
0.384522 0.0187238 0.00218295
0.384046 0.0183165 0.00273333
0.384372 0.0203687 0.00108225
0.384786 0.0173118 0.00168718
0.384605 0.0181671 0.00149334
0.383625 0.0187471 0.00274328
0.384015 0.0173646 0.00161831
0.385456 0.0161931 0.000670762
0.385262 0.0210524 0.000470858
0.383667 0.0191857 0.00150811
0.384274 0.0167486 0.00159407
0.38483 0.0167196 0.00120656
0.384533 0.0173131 0.00189845
0.385647 0.0162013 0.000439508
0.384242 0.018415 0.00534044
0.384489 0.0191119 0.00249392
0.384938 0.0179773 0.00565533
0.384948 0.0161507 0.0012924
0.385449 0.0212776 0.000405706
0.384746 0.0172599 0.00210204
0.383805 0.0196349 0.00532559
0.383814 0.0197678 0.00249218
0.384944 0.0180404 0.00193993
0.385606 0.0166352 0.000955414
0.383971 0.0177367 0.00285403
0.385192 0.0162438 0.00114469
0.384756 0.0214603 0.000375486
0.385172 0.0165033 0.00156716
0.383628 0.0189798 0.002554
0.384791 0.0181638 0.00232966
0.384472 0.0178546 0.00543031
0.384614 0.0180098 0.00564434
0.383621 0.0184463 0.00326209
0.383903 0.0181403 0.00167255
0.385312 0.0159607 0.000793914
0.384101 0.017097 0.00247204
0.384266 0.0167363 0.00210738
0.384767 0.0189866 0.00256239
0.384886 0.0201235 0.0018367
0.384616 0.0198241 0.00153446
0.383892 0.0196399 0.00109816
0.384914 0.0181049 0.00259674
0.386613 0.0151442 0.000155184
0.385753 0.0155862 0.000616693
0.38486 0.0158885 0.00081168
0.384751 0.0175194 0.00190077
0.384998 0.0179166 0.000793309
0.384328 0.018424 0.00185592
0.384336 0.0200476 0.00199016
0.38478 0.0186808 0.00238417
0.384804 0.0169478 0.00154697
0.384409 0.019106 0.00217191
0.384082 0.0206739 0.00151773
0.384663 0.0169581 0.00128255
0.385823 0.0152265 0.000154149
0.3846 0.0184585 0.00142187
0.383631 0.0187322 0.00238463
0.384301 0.0201665 0.00539226
0.385114 0.016337 0.00087019
0.384051 0.0194897 0.00235051
0.384861 0.0217998 0.000383752
0.383897 0.0185959 0.0019343
0.384743 0.0176144 0.00218518
0.384487 0.0188968 0.0053064
0.384147 0.0196737 0.00213384
0.386604 0.0156105 0.000469852
0.385474 0.0214383 0.000153686
0.386618 0.0151004 0.000616481
0.384627 0.0177255 0.00135342
0.384225 0.0174682 0.00256666
0.385831 0.0157694 0.00039198
0.384094 0.0180692 0.00307343
0.384826 0.0182856 0.00281952
0.386352 0.0229097 0.000154848
0.384117 0.0171377 0.00144814
0.384434 0.0167731 0.00134138
0.38397 0.0195535 0.00153626
0.384162 0.01907 0.00251421
0.383788 0.0189119 0.0029359
0.385 0.0173907 0.00200819
0.384598 0.0179379 0.00114356
0.383874 0.0176195 0.00259544
0.383667 0.018166 0.00185578
0.385628 0.0166118 0.00127396
0.384192 0.0187458 0.00258332
0.385546 0.0167537 0.00152514
0.383648 0.0194165 0.00253476
0.384426 0.0196666 0.00170487
0.38455 0.0173936 0.00122834
0.383661 0.0181558 0.00248337
0.384859 0.0212679 0.000789758
0.383897 0.0187505 0.00162231
0.384897 0.0206037 0.00110264
0.384696 0.0179009 0.00256428
0.384994 0.0178544 0.0015545
0.384658 0.0201027 0.0014304
0.384462 0.0175344 0.00208817
0.38687 0.0153304 0.000411846
0.384285 0.0172778 0.00173285
0.38413 0.0186694 0.00229996
0.385212 0.0168268 0.0019467
0.384966 0.0198194 0.00535289
0.384414 0.0174079 0.00149562
0.384792 0.0193492 0.00177997
0.383618 0.0190279 0.0031538
0.383718 0.0200675 0.00176408
0.384006 0.0191419 0.00226802
0.384038 0.0212309 0.000981606
0.38393 0.0184187 0.00247634
0.385425 0.0149662 0.000363531
0.384756 0.0167529 0.00187326
0.383942 0.0179239 0.00187656
0.384519 0.0181131 0.00244564
0.3849 0.0202279 0.00155584
0.385207 0.0172487 0.00137123
0.384594 0.0173933 0.00232353
0.3839 0.0199024 0.0022383
0.386494 0.0143788 0.000155034
0.38424 0.0181128 0.00233349
0.384221 0.0180924 0.00263211
0.384214 0.0180124 0.00539104
0.383974 0.0173991 0.00241788
0.384962 0.0220872 0.000394124
0.384863 0.0170545 0.00182116
0.386081 0.0160997 0.000348213
0.385323 0.0162978 0.00140906
0.384204 0.0169379 0.00124218
0.384297 0.0169825 0.00227596
0.385097 0.0225492 0.000153204
0.38429 0.0193072 0.00238279
0.384245 0.0199032 0.00174318
0.384654 0.0207558 0.00101201
0.384245 0.0177202 0.00272834
0.384287 0.0193398 0.00146426
0.384407 0.018077 0.00208693
0.384011 0.0199018 0.00101285
0.384785 0.0164259 0.00124779
0.38447 0.0163077 0.0010208
0.384548 0.0221389 0.000152478
0.384658 0.0189824 0.00228289
0.384191 0.0181427 0.00187433
0.385954 0.0162471 0.000901127
0.385074 0.0206226 0.000600053
0.383975 0.0210677 0.00154922
0.385453 0.0232291 0.000153669
0.386009 0.0162353 0.000606435
0.384424 0.0199401 0.00225607
0.383505 0.0180521 0.00554354
0.384815 0.0219863 0.000152833
0.386187 0.0148677 0.000356566
0.385195 0.0214745 0.000257786
0.383662 0.0195984 0.00229669
0.384764 0.0165022 0.00170878
0.385172 0.017367 0.00225258
0.38512 0.0220038 0.000153227
0.386302 0.0155438 0.000340296
0.383643 0.0191889 0.00233939
0.384828 0.0196223 0.00189871
0.384328 0.0206365 0.00134948
0.384843 0.0154238 0.000741956
0.386124 0.0157575 0.000452567
0.384781 0.0188439 0.00282588
0.38502 0.0176784 0.00209055
0.384567 0.0167917 0.00164384
0.384884 0.0156278 0.000958078
0.383979 0.0180315 0.00279906
0.383757 0.0178468 0.00324024
0.383935 0.0195121 0.00183134
0.383762 0.0191583 0.00275411
0.385 0.0210596 0.000625893
0.384858 0.0198527 0.00170899
0.385137 0.0154722 0.000859247
0.384092 0.0201157 0.00215025
0.386355 0.0153139 0.000154845
0.385231 0.0155759 0.000378312
0.383826 0.0184045 0.00291794
0.383986 0.0173508 0.00271369
0.386541 0.0235361 0.000155095
0.384907 0.0172703 0.00235516
0.386549 0.0153286 0.000382975
0.38505 0.0156206 0.000613277
0.383911 0.0192733 0.00252014
0.384534 0.0198102 0.00200894
0.383626 0.0184561 0.00267067
0.38568 0.0163358 0.00098676
0.384212 0.0176363 0.00155594
0.386869 0.0146018 0.000338848
0.384803 0.0167204 0.00577573
0.384819 0.0195571 0.00156366
0.384361 0.0187823 0.00296993
0.384383 0.0185825 0.00274725
0.384115 0.0176578 0.00236047
0.384288 0.0182158 0.00289717
0.384594 0.0187465 0.0026106
0.384745 0.0192596 0.00235826
0.38481 0.0185665 0.00271529
0.384212 0.0187682 0.00531307
0.384798 0.0194011 0.00209915
0.384892 0.0215985 0.000603932
0.384328 0.020322 0.00186659
0.384891 0.015881 0.00111868
0.385944 0.0221456 0.000154312
0.385176 0.0173249 0.00177477
0.383482 0.018284 0.0053546
0.383745 0.0179195 0.00264829
0.384225 0.0183693 0.00249838
0.384786 0.0162783 0.0015102
0.384773 0.0189492 0.00138979
0.384548 0.0195196 0.00193595
0.384695 0.017994 0.00210142
0.383868 0.0208201 0.00167999
0.38406 0.0172135 0.0021986
0.384635 0.0202611 0.00169158
0.383906 0.0186704 0.00306942
0.386566 0.014067 0.000155128
0.383807 0.020696 0.00194646
0.384313 0.0178551 0.00246911
0.384619 0.0175971 0.0054915
0.384913 0.0203074 0.0010582
0.384977 0.0178137 0.00263223
0.385822 0.0160023 0.000580835
0.384402 0.0168999 0.00186948
0.383714 0.0181198 0.00335708
0.383631 0.0184325 0.00237165
0.385122 0.0212717 0.000940812
0.385444 0.0164064 0.00115681
0.385667 0.0160511 0.000832965
0.384405 0.0185994 0.00242993
0.385371 0.0154334 0.000676325
0.384274 0.0204606 0.0016062
0.384637 0.0223605 0.000333972
0.386182 0.0152683 0.000395711
0.384408 0.0164246 0.00161721
0.384784 0.0174699 0.00254279
0.38545 0.0168895 0.0017749
0.384016 0.0200932 0.0017793
0.384385 0.0189356 0.0027132
0.384801 0.0186719 0.00208505
0.383827 0.0193721 0.00218904
0.384353 0.0201712 0.00160844
0.385102 0.0213936 0.000667439
0.384729 0.0189484 0.00199334
0.385011 0.0168111 0.00172513
0.385339 0.0210738 0.000880059
0.38412 0.0185615 0.00288964
0.385216 0.0208662 0.0007017
0.386032 0.0144777 0.000376233
0.38454 0.0218801 0.000666328
0.384394 0.0208401 0.00113545
0.384334 0.0188817 0.00235676

VERTICES 873 1746
1 0
1 1
1 2
1 3
1 4
1 5
1 6
1 7
1 8
1 9
1 10
1 11
1 12
1 13
1 14
1 15
1 16
1 17
1 18
1 19
1 20
1 21
1 22
1 23
1 24
1 25
1 26
1 27
1 28
1 29
1 30
1 31
1 32
1 33
1 34
1 35
1 36
1 37
1 38
1 39
1 40
1 41
1 42
1 43
1 44
1 45
1 46
1 47
1 48
1 49
1 50
1 51
1 52
1 53
1 54
1 55
1 56
1 57
1 58
1 59
1 60
1 61
1 62
1 63
1 64
1 65
1 66
1 67
1 68
1 69
1 70
1 71
1 72
1 73
1 74
1 75
1 76
1 77
1 78
1 79
1 80
1 81
1 82
1 83
1 84
1 85
1 86
1 87
1 88
1 89
1 90
1 91
1 92
1 93
1 94
1 95
1 96
1 97
1 98
1 99
1 100
1 101
1 102
1 103
1 104
1 105
1 106
1 107
1 108
1 109
1 110
1 111
1 112
1 113
1 114
1 115
1 116
1 117
1 118
1 119
1 120
1 121
1 122
1 123
1 124
1 125
1 126
1 127
1 128
1 129
1 130
1 131
1 132
1 133
1 134
1 135
1 136
1 137
1 138
1 139
1 140
1 141
1 142
1 143
1 144
1 145
1 146
1 147
1 148
1 149
1 150
1 151
1 152
1 153
1 154
1 155
1 156
1 157
1 158
1 159
1 160
1 161
1 162
1 163
1 164
1 165
1 166
1 167
1 168
1 169
1 170
1 171
1 172
1 173
1 174
1 175
1 176
1 177
1 178
1 179
1 180
1 181
1 182
1 183
1 184
1 185
1 186
1 187
1 188
1 189
1 190
1 191
1 192
1 193
1 194
1 195
1 196
1 197
1 198
1 199
1 200
1 201
1 202
1 203
1 204
1 205
1 206
1 207
1 208
1 209
1 210
1 211
1 212
1 213
1 214
1 215
1 216
1 217
1 218
1 219
1 220
1 221
1 222
1 223
1 224
1 225
1 226
1 227
1 228
1 229
1 230
1 231
1 232
1 233
1 234
1 235
1 236
1 237
1 238
1 239
1 240
1 241
1 242
1 243
1 244
1 245
1 246
1 247
1 248
1 249
1 250
1 251
1 252
1 253
1 254
1 255
1 256
1 257
1 258
1 259
1 260
1 261
1 262
1 263
1 264
1 265
1 266
1 267
1 268
1 269
1 270
1 271
1 272
1 273
1 274
1 275
1 276
1 277
1 278
1 279
1 280
1 281
1 282
1 283
1 284
1 285
1 286
1 287
1 288
1 289
1 290
1 291
1 292
1 293
1 294
1 295
1 296
1 297
1 298
1 299
1 300
1 301
1 302
1 303
1 304
1 305
1 306
1 307
1 308
1 309
1 310
1 311
1 312
1 313
1 314
1 315
1 316
1 317
1 318
1 319
1 320
1 321
1 322
1 323
1 324
1 325
1 326
1 327
1 328
1 329
1 330
1 331
1 332
1 333
1 334
1 335
1 336
1 337
1 338
1 339
1 340
1 341
1 342
1 343
1 344
1 345
1 346
1 347
1 348
1 349
1 350
1 351
1 352
1 353
1 354
1 355
1 356
1 357
1 358
1 359
1 360
1 361
1 362
1 363
1 364
1 365
1 366
1 367
1 368
1 369
1 370
1 371
1 372
1 373
1 374
1 375
1 376
1 377
1 378
1 379
1 380
1 381
1 382
1 383
1 384
1 385
1 386
1 387
1 388
1 389
1 390
1 391
1 392
1 393
1 394
1 395
1 396
1 397
1 398
1 399
1 400
1 401
1 402
1 403
1 404
1 405
1 406
1 407
1 408
1 409
1 410
1 411
1 412
1 413
1 414
1 415
1 416
1 417
1 418
1 419
1 420
1 421
1 422
1 423
1 424
1 425
1 426
1 427
1 428
1 429
1 430
1 431
1 432
1 433
1 434
1 435
1 436
1 437
1 438
1 439
1 440
1 441
1 442
1 443
1 444
1 445
1 446
1 447
1 448
1 449
1 450
1 451
1 452
1 453
1 454
1 455
1 456
1 457
1 458
1 459
1 460
1 461
1 462
1 463
1 464
1 465
1 466
1 467
1 468
1 469
1 470
1 471
1 472
1 473
1 474
1 475
1 476
1 477
1 478
1 479
1 480
1 481
1 482
1 483
1 484
1 485
1 486
1 487
1 488
1 489
1 490
1 491
1 492
1 493
1 494
1 495
1 496
1 497
1 498
1 499
1 500
1 501
1 502
1 503
1 504
1 505
1 506
1 507
1 508
1 509
1 510
1 511
1 512
1 513
1 514
1 515
1 516
1 517
1 518
1 519
1 520
1 521
1 522
1 523
1 524
1 525
1 526
1 527
1 528
1 529
1 530
1 531
1 532
1 533
1 534
1 535
1 536
1 537
1 538
1 539
1 540
1 541
1 542
1 543
1 544
1 545
1 546
1 547
1 548
1 549
1 550
1 551
1 552
1 553
1 554
1 555
1 556
1 557
1 558
1 559
1 560
1 561
1 562
1 563
1 564
1 565
1 566
1 567
1 568
1 569
1 570
1 571
1 572
1 573
1 574
1 575
1 576
1 577
1 578
1 579
1 580
1 581
1 582
1 583
1 584
1 585
1 586
1 587
1 588
1 589
1 590
1 591
1 592
1 593
1 594
1 595
1 596
1 597
1 598
1 599
1 600
1 601
1 602
1 603
1 604
1 605
1 606
1 607
1 608
1 609
1 610
1 611
1 612
1 613
1 614
1 615
1 616
1 617
1 618
1 619
1 620
1 621
1 622
1 623
1 624
1 625
1 626
1 627
1 628
1 629
1 630
1 631
1 632
1 633
1 634
1 635
1 636
1 637
1 638
1 639
1 640
1 641
1 642
1 643
1 644
1 645
1 646
1 647
1 648
1 649
1 650
1 651
1 652
1 653
1 654
1 655
1 656
1 657
1 658
1 659
1 660
1 661
1 662
1 663
1 664
1 665
1 666
1 667
1 668
1 669
1 670
1 671
1 672
1 673
1 674
1 675
1 676
1 677
1 678
1 679
1 680
1 681
1 682
1 683
1 684
1 685
1 686
1 687
1 688
1 689
1 690
1 691
1 692
1 693
1 694
1 695
1 696
1 697
1 698
1 699
1 700
1 701
1 702
1 703
1 704
1 705
1 706
1 707
1 708
1 709
1 710
1 711
1 712
1 713
1 714
1 715
1 716
1 717
1 718
1 719
1 720
1 721
1 722
1 723
1 724
1 725
1 726
1 727
1 728
1 729
1 730
1 731
1 732
1 733
1 734
1 735
1 736
1 737
1 738
1 739
1 740
1 741
1 742
1 743
1 744
1 745
1 746
1 747
1 748
1 749
1 750
1 751
1 752
1 753
1 754
1 755
1 756
1 757
1 758
1 759
1 760
1 761
1 762
1 763
1 764
1 765
1 766
1 767
1 768
1 769
1 770
1 771
1 772
1 773
1 774
1 775
1 776
1 777
1 778
1 779
1 780
1 781
1 782
1 783
1 784
1 785
1 786
1 787
1 788
1 789
1 790
1 791
1 792
1 793
1 794
1 795
1 796
1 797
1 798
1 799
1 800
1 801
1 802
1 803
1 804
1 805
1 806
1 807
1 808
1 809
1 810
1 811
1 812
1 813
1 814
1 815
1 816
1 817
1 818
1 819
1 820
1 821
1 822
1 823
1 824
1 825
1 826
1 827
1 828
1 829
1 830
1 831
1 832
1 833
1 834
1 835
1 836
1 837
1 838
1 839
1 840
1 841
1 842
1 843
1 844
1 845
1 846
1 847
1 848
1 849
1 850
1 851
1 852
1 853
1 854
1 855
1 856
1 857
1 858
1 859
1 860
1 861
1 862
1 863
1 864
1 865
1 866
1 867
1 868
1 869
1 870
1 871
1 872

POINT_DATA 873
SCALARS id int 1
LOOKUP_TABLE default
1
2
3
4
5
6
7
8
9
10
11
12
13
14
15
16
17
18
19
20
21
22
23
24
25
26
27
28
29
30
32
33
34
35
36
37
39
40
41
42
43
44
45
46
47
48
49
50
51
52
53
54
56
57
58
59
60
61
62
63
64
65
67
68
69
70
71
72
73
74
75
76
77
78
79
80
81
82
83
84
85
86
87
88
89
90
91
92
93
94
95
96
97
98
99
100
101
102
103
104
105
106
107
108
109
110
111
112
113
114
115
116
117
118
119
120
121
122
123
124
125
126
127
129
130
131
132
133
134
135
136
137
138
139
140
141
142
143
144
145
146
147
148
149
150
151
153
154
155
156
157
158
159
160
161
162
163
164
165
166
167
168
169
170
171
172
173
174
175
176
177
178
179
180
181
182
183
184
185
186
187
188
189
190
191
192
193
194
195
196
197
198
199
200
201
202
203
204
205
206
208
209
210
211
212
213
214
215
217
218
219
220
221
222
223
225
226
227
228
229
230
231
232
233
234
235
236
237
238
239
240
241
242
243
244
245
246
247
248
249
250
251
252
253
254
255
256
257
258
259
260
261
262
263
264
265
266
267
268
269
270
271
273
274
275
276
277
278
279
280
281
282
283
284
285
286
287
288
289
290
291
292
293
294
295
296
297
299
300
301
302
303
304
305
306
307
308
309
310
311
312
313
314
315
316
317
318
319
320
321
322
323
324
325
326
327
328
329
330
331
332
333
334
335
336
337
338
339
340
341
342
343
344
345
346
347
348
349
350
351
352
353
354
355
356
357
358
359
360
361
362
363
364
365
366
367
368
369
370
371
372
373
374
375
376
377
378
379
381
382
383
384
385
386
387
388
389
390
391
392
393
394
395
396
397
398
399
400
401
402
404
405
406
407
408
409
410
411
412
413
414
415
416
417
418
419
420
421
422
423
424
426
427
428
429
430
431
432
434
435
436
437
438
439
440
441
442
443
444
445
446
447
448
449
451
452
453
454
455
456
457
458
459
460
461
462
463
464
465
466
467
468
469
470
471
472
473
474
475
476
477
478
479
480
481
482
483
484
485
486
487
489
490
491
492
493
494
495
496
497
498
499
500
501
502
503
504
505
506
507
508
509
510
511
512
513
514
515
516
517
518
519
520
521
522
523
524
525
526
527
528
529
530
531
532
533
534
535
536
537
538
539
540
541
542
543
544
545
546
547
548
549
550
551
552
553
554
555
556
557
558
559
560
561
562
563
564
565
566
567
568
569
570
571
572
573
574
575
576
577
579
580
581
582
583
584
585
586
587
588
589
590
591
592
593
594
595
596
597
598
599
600
601
602
603
605
606
607
608
609
610
611
612
613
614
615
616
617
618
619
620
621
622
623
624
625
626
627
628
629
630
631
632
633
634
635
636
637
638
640
641
642
643
644
645
646
647
648
649
650
651
652
653
654
655
656
659
660
661
662
663
664
665
666
667
668
669
670
671
672
673
674
675
676
677
678
679
680
681
682
683
684
685
686
687
688
690
691
692
693
694
695
696
698
699
700
701
702
703
704
705
706
707
708
709
710
711
712
713
714
715
716
717
718
719
720
721
722
723
724
725
726
727
728
729
730
731
732
733
734
735
736
738
739
740
741
742
743
744
745
746
747
748
749
750
751
752
753
754
755
756
757
758
759
760
761
762
764
765
766
767
768
769
770
771
772
773
774
775
776
777
778
779
780
781
782
783
784
785
786
787
788
789
791
792
793
794
795
796
797
798
799
800
801
802
803
804
805
806
807
808
809
810
811
812
813
814
815
816
817
818
819
820
821
822
823
824
825
826
827
828
829
830
831
832
833
834
835
836
837
838
839
840
841
842
843
844
845
846
847
848
849
850
851
852
853
854
855
856
857
858
859
860
861
862
863
864
865
866
867
868
869
870
871
872
873
874
875
876
877
878
879
880
881
882
883
884
885
886
887
888
889
890
891
892
893
894
895
896
897
898
899
900

SCALARS type int 1
LOOKUP_TABLE default
1
1
1
1
1
1
1
1
1
1
1
1
1
1
1
1
1
1
1
1
1
1
1
1
1
1
1
1
1
1
1
1
1
1
1
1
1
1
1
1
1
1
1
1
1
1
1
1
1
1
1
1
1
1
1
1
1
1
1
1
1
1
1
1
1
1
1
1
1
1
1
1
1
1
1
1
1
1
1
1
1
1
1
1
1
1
1
1
1
1
1
1
1
1
1
1
1
1
1
1
1
1
1
1
1
1
1
1
1
1
1
1
1
1
1
1
1
1
1
1
1
1
1
1
1
1
1
1
1
1
1
1
1
1
1
1
1
1
1
1
1
1
1
1
1
1
1
1
1
1
1
1
1
1
1
1
1
1
1
1
1
1
1
1
1
1
1
1
1
1
1
1
1
1
1
1
1
1
1
1
1
1
1
1
1
1
1
1
1
1
1
1
1
1
1
1
1
1
1
1
1
1
1
1
1
1
1
1
1
1
1
1
1
1
1
1
1
1
1
1
1
1
1
1
1
1
1
1
1
1
1
1
1
1
1
1
1
1
1
1
1
1
1
1
1
1
1
1
1
1
1
1
1
1
1
1
1
1
1
1
1
1
1
1
1
1
1
1
1
1
1
1
1
1
1
1
1
1
1
1
1
1
1
1
1
1
1
1
1
1
1
1
1
1
1
1
1
1
1
1
1
1
1
1
1
1
1
1
1
1
1
1
1
1
1
1
1
1
1
1
1
1
1
1
1
1
1
1
1
1
1
1
1
1
1
1
1
1
1
1
1
1
1
1
1
1
1
1
1
1
1
1
1
1
1
1
1
1
1
1
1
1
1
1
1
1
1
1
1
1
1
1
1
1
1
1
1
1
1
1
1
1
1
1
1
1
1
1
1
1
1
1
1
1
1
1
1
1
1
1
1
1
1
1
1
1
1
1
1
1
1
1
1
1
1
1
1
1
1
1
1
1
1
1
1
1
1
1
1
1
1
1
1
1
1
1
1
1
1
1
1
1
1
1
1
1
1
1
1
1
1
1
1
1
1
1
1
1
1
1
1
1
1
1
1
1
1
1
1
1
1
1
1
1
1
1
1
1
1
1
1
1
1
1
1
1
1
1
1
1
1
1
1
1
1
1
1
1
1
1
1
1
1
1
1
1
1
1
1
1
1
1
1
1
1
1
1
1
1
1
1
1
1
1
1
1
1
1
1
1
1
1
1
1
1
1
1
1
1
1
1
1
1
1
1
1
1
1
1
1
1
1
1
1
1
1
1
1
1
1
1
1
1
1
1
1
1
1
1
1
1
1
1
1
1
1
1
1
1
1
1
1
1
1
1
1
1
1
1
1
1
1
1
1
1
1
1
1
1
1
1
1
1
1
1
1
1
1
1
1
1
1
1
1
1
1
1
1
1
1
1
1
1
1
1
1
1
1
1
1
1
1
1
1
1
1
1
1
1
1
1
1
1
1
1
1
1
1
1
1
1
1
1
1
1
1
1
1
1
1
1
1
1
1
1
1
1
1
1
1
1
1
1
1
1
1
1
1
1
1
1
1
1
1
1
1
1
1
1
1
1
1
1
1
1
1
1
1
1
1
1
1
1
1
1
1
1
1
1
1
1
1
1
1
1
1
1
1
1
1
1
1
1
1
1
1
1
1
1
1
1
1
1
1
1
1
1
1
1
1
1
1
1
1
1
1
1
1
1
1
1
1
1
1
1
1
1
1
1
1
1
1
1
1
1
1
1
1
1
1
1
1
1
1
1
1
1
1
1
1
1
1
1
1
1
1
1
1
1
1
1
1
1
1
1
1
1
1
1
1
1
1
1
1
1
1
1
1
1
1
1
1
1
1
1
1
1
1
1
1
1
1
1
1
1
1
1
1
1
1
1
1
1
1
1
1
1
1
1
1
1
1
1
1
1
1
1
1
1
1
1
1
1
1
1
1
1
1
1
1
1
1
1
1
1
1
1
1
1
1
1
1
1

SCALARS radius float 1
LOOKUP_TABLE default
0.00015
0.00015
0.00015
0.00015
0.00015
0.00015
0.00015
0.00015
0.00015
0.00015
0.00015
0.00015
0.00015
0.00015
0.00015
0.00015
0.00015
0.00015
0.00015
0.00015
0.00015
0.00015
0.00015
0.00015
0.00015
0.00015
0.00015
0.00015
0.00015
0.00015
0.00015
0.00015
0.00015
0.00015
0.00015
0.00015
0.00015
0.00015
0.00015
0.00015
0.00015
0.00015
0.00015
0.00015
0.00015
0.00015
0.00015
0.00015
0.00015
0.00015
0.00015
0.00015
0.00015
0.00015
0.00015
0.00015
0.00015
0.00015
0.00015
0.00015
0.00015
0.00015
0.00015
0.00015
0.00015
0.00015
0.00015
0.00015
0.00015
0.00015
0.00015
0.00015
0.00015
0.00015
0.00015
0.00015
0.00015
0.00015
0.00015
0.00015
0.00015
0.00015
0.00015
0.00015
0.00015
0.00015
0.00015
0.00015
0.00015
0.00015
0.00015
0.00015
0.00015
0.00015
0.00015
0.00015
0.00015
0.00015
0.00015
0.00015
0.00015
0.00015
0.00015
0.00015
0.00015
0.00015
0.00015
0.00015
0.00015
0.00015
0.00015
0.00015
0.00015
0.00015
0.00015
0.00015
0.00015
0.00015
0.00015
0.00015
0.00015
0.00015
0.00015
0.00015
0.00015
0.00015
0.00015
0.00015
0.00015
0.00015
0.00015
0.00015
0.00015
0.00015
0.00015
0.00015
0.00015
0.00015
0.00015
0.00015
0.00015
0.00015
0.00015
0.00015
0.00015
0.00015
0.00015
0.00015
0.00015
0.00015
0.00015
0.00015
0.00015
0.00015
0.00015
0.00015
0.00015
0.00015
0.00015
0.00015
0.00015
0.00015
0.00015
0.00015
0.00015
0.00015
0.00015
0.00015
0.00015
0.00015
0.00015
0.00015
0.00015
0.00015
0.00015
0.00015
0.00015
0.00015
0.00015
0.00015
0.00015
0.00015
0.00015
0.00015
0.00015
0.00015
0.00015
0.00015
0.00015
0.00015
0.00015
0.00015
0.00015
0.00015
0.00015
0.00015
0.00015
0.00015
0.00015
0.00015
0.00015
0.00015
0.00015
0.00015
0.00015
0.00015
0.00015
0.00015
0.00015
0.00015
0.00015
0.00015
0.00015
0.00015
0.00015
0.00015
0.00015
0.00015
0.00015
0.00015
0.00015
0.00015
0.00015
0.00015
0.00015
0.00015
0.00015
0.00015
0.00015
0.00015
0.00015
0.00015
0.00015
0.00015
0.00015
0.00015
0.00015
0.00015
0.00015
0.00015
0.00015
0.00015
0.00015
0.00015
0.00015
0.00015
0.00015
0.00015
0.00015
0.00015
0.00015
0.00015
0.00015
0.00015
0.00015
0.00015
0.00015
0.00015
0.00015
0.00015
0.00015
0.00015
0.00015
0.00015
0.00015
0.00015
0.00015
0.00015
0.00015
0.00015
0.00015
0.00015
0.00015
0.00015
0.00015
0.00015
0.00015
0.00015
0.00015
0.00015
0.00015
0.00015
0.00015
0.00015
0.00015
0.00015
0.00015
0.00015
0.00015
0.00015
0.00015
0.00015
0.00015
0.00015
0.00015
0.00015
0.00015
0.00015
0.00015
0.00015
0.00015
0.00015
0.00015
0.00015
0.00015
0.00015
0.00015
0.00015
0.00015
0.00015
0.00015
0.00015
0.00015
0.00015
0.00015
0.00015
0.00015
0.00015
0.00015
0.00015
0.00015
0.00015
0.00015
0.00015
0.00015
0.00015
0.00015
0.00015
0.00015
0.00015
0.00015
0.00015
0.00015
0.00015
0.00015
0.00015
0.00015
0.00015
0.00015
0.00015
0.00015
0.00015
0.00015
0.00015
0.00015
0.00015
0.00015
0.00015
0.00015
0.00015
0.00015
0.00015
0.00015
0.00015
0.00015
0.00015
0.00015
0.00015
0.00015
0.00015
0.00015
0.00015
0.00015
0.00015
0.00015
0.00015
0.00015
0.00015
0.00015
0.00015
0.00015
0.00015
0.00015
0.00015
0.00015
0.00015
0.00015
0.00015
0.00015
0.00015
0.00015
0.00015
0.00015
0.00015
0.00015
0.00015
0.00015
0.00015
0.00015
0.00015
0.00015
0.00015
0.00015
0.00015
0.00015
0.00015
0.00015
0.00015
0.00015
0.00015
0.00015
0.00015
0.00015
0.00015
0.00015
0.00015
0.00015
0.00015
0.00015
0.00015
0.00015
0.00015
0.00015
0.00015
0.00015
0.00015
0.00015
0.00015
0.00015
0.00015
0.00015
0.00015
0.00015
0.00015
0.00015
0.00015
0.00015
0.00015
0.00015
0.00015
0.00015
0.00015
0.00015
0.00015
0.00015
0.00015
0.00015
0.00015
0.00015
0.00015
0.00015
0.00015
0.00015
0.00015
0.00015
0.00015
0.00015
0.00015
0.00015
0.00015
0.00015
0.00015
0.00015
0.00015
0.00015
0.00015
0.00015
0.00015
0.00015
0.00015
0.00015
0.00015
0.00015
0.00015
0.00015
0.00015
0.00015
0.00015
0.00015
0.00015
0.00015
0.00015
0.00015
0.00015
0.00015
0.00015
0.00015
0.00015
0.00015
0.00015
0.00015
0.00015
0.00015
0.00015
0.00015
0.00015
0.00015
0.00015
0.00015
0.00015
0.00015
0.00015
0.00015
0.00015
0.00015
0.00015
0.00015
0.00015
0.00015
0.00015
0.00015
0.00015
0.00015
0.00015
0.00015
0.00015
0.00015
0.00015
0.00015
0.00015
0.00015
0.00015
0.00015
0.00015
0.00015
0.00015
0.00015
0.00015
0.00015
0.00015
0.00015
0.00015
0.00015
0.00015
0.00015
0.00015
0.00015
0.00015
0.00015
0.00015
0.00015
0.00015
0.00015
0.00015
0.00015
0.00015
0.00015
0.00015
0.00015
0.00015
0.00015
0.00015
0.00015
0.00015
0.00015
0.00015
0.00015
0.00015
0.00015
0.00015
0.00015
0.00015
0.00015
0.00015
0.00015
0.00015
0.00015
0.00015
0.00015
0.00015
0.00015
0.00015
0.00015
0.00015
0.00015
0.00015
0.00015
0.00015
0.00015
0.00015
0.00015
0.00015
0.00015
0.00015
0.00015
0.00015
0.00015
0.00015
0.00015
0.00015
0.00015
0.00015
0.00015
0.00015
0.00015
0.00015
0.00015
0.00015
0.00015
0.00015
0.00015
0.00015
0.00015
0.00015
0.00015
0.00015
0.00015
0.00015
0.00015
0.00015
0.00015
0.00015
0.00015
0.00015
0.00015
0.00015
0.00015
0.00015
0.00015
0.00015
0.00015
0.00015
0.00015
0.00015
0.00015
0.00015
0.00015
0.00015
0.00015
0.00015
0.00015
0.00015
0.00015
0.00015
0.00015
0.00015
0.00015
0.00015
0.00015
0.00015
0.00015
0.00015
0.00015
0.00015
0.00015
0.00015
0.00015
0.00015
0.00015
0.00015
0.00015
0.00015
0.00015
0.00015
0.00015
0.00015
0.00015
0.00015
0.00015
0.00015
0.00015
0.00015
0.00015
0.00015
0.00015
0.00015
0.00015
0.00015
0.00015
0.00015
0.00015
0.00015
0.00015
0.00015
0.00015
0.00015
0.00015
0.00015
0.00015
0.00015
0.00015
0.00015
0.00015
0.00015
0.00015
0.00015
0.00015
0.00015
0.00015
0.00015
0.00015
0.00015
0.00015
0.00015
0.00015
0.00015
0.00015
0.00015
0.00015
0.00015
0.00015
0.00015
0.00015
0.00015
0.00015
0.00015
0.00015
0.00015
0.00015
0.00015
0.00015
0.00015
0.00015
0.00015
0.00015
0.00015
0.00015
0.00015
0.00015
0.00015
0.00015
0.00015
0.00015
0.00015
0.00015
0.00015
0.00015
0.00015
0.00015
0.00015
0.00015
0.00015
0.00015
0.00015
0.00015
0.00015
0.00015
0.00015
0.00015
0.00015
0.00015
0.00015
0.00015
0.00015
0.00015
0.00015
0.00015
0.00015
0.00015
0.00015
0.00015
0.00015
0.00015
0.00015
0.00015
0.00015
0.00015
0.00015
0.00015
0.00015
0.00015
0.00015
0.00015
0.00015
0.00015
0.00015
0.00015
0.00015
0.00015
0.00015
0.00015
0.00015
0.00015
0.00015
0.00015
0.00015
0.00015
0.00015
0.00015
0.00015
0.00015
0.00015
0.00015
0.00015
0.00015
0.00015
0.00015
0.00015
0.00015
0.00015
0.00015
0.00015
0.00015
0.00015
0.00015
0.00015
0.00015
0.00015
0.00015
0.00015
0.00015
0.00015
0.00015
0.00015
0.00015
0.00015
0.00015
0.00015
0.00015
0.00015
0.00015
0.00015
0.00015
0.00015
0.00015
0.00015
0.00015
0.00015
0.00015
0.00015
0.00015
0.00015
0.00015
0.00015
0.00015
0.00015
0.00015
0.00015
0.00015
0.00015
0.00015
0.00015
0.00015
0.00015
0.00015
0.00015
0.00015
0.00015
0.00015
0.00015
0.00015
0.00015
0.00015
0.00015
0.00015
0.00015
0.00015
0.00015
0.00015
0.00015
0.00015
0.00015
0.00015
0.00015
0.00015
0.00015
0.00015
0.00015
0.00015
0.00015
0.00015
0.00015
0.00015
0.00015
0.00015
0.00015
0.00015
0.00015
0.00015
0.00015
0.00015
0.00015
0.00015
0.00015
0.00015
0.00015
0.00015
0.00015
0.00015
0.00015
0.00015
0.00015
0.00015

SCALARS mass float 1
LOOKUP_TABLE default
3.95841e-09
3.95841e-09
3.95841e-09
3.95841e-09
3.95841e-09
3.95841e-09
3.95841e-09
3.95841e-09
3.95841e-09
3.95841e-09
3.95841e-09
3.95841e-09
3.95841e-09
3.95841e-09
3.95841e-09
3.95841e-09
3.95841e-09
3.95841e-09
3.95841e-09
3.95841e-09
3.95841e-09
3.95841e-09
3.95841e-09
3.95841e-09
3.95841e-09
3.95841e-09
3.95841e-09
3.95841e-09
3.95841e-09
3.95841e-09
3.95841e-09
3.95841e-09
3.95841e-09
3.95841e-09
3.95841e-09
3.95841e-09
3.95841e-09
3.95841e-09
3.95841e-09
3.95841e-09
3.95841e-09
3.95841e-09
3.95841e-09
3.95841e-09
3.95841e-09
3.95841e-09
3.95841e-09
3.95841e-09
3.95841e-09
3.95841e-09
3.95841e-09
3.95841e-09
3.95841e-09
3.95841e-09
3.95841e-09
3.95841e-09
3.95841e-09
3.95841e-09
3.95841e-09
3.95841e-09
3.95841e-09
3.95841e-09
3.95841e-09
3.95841e-09
3.95841e-09
3.95841e-09
3.95841e-09
3.95841e-09
3.95841e-09
3.95841e-09
3.95841e-09
3.95841e-09
3.95841e-09
3.95841e-09
3.95841e-09
3.95841e-09
3.95841e-09
3.95841e-09
3.95841e-09
3.95841e-09
3.95841e-09
3.95841e-09
3.95841e-09
3.95841e-09
3.95841e-09
3.95841e-09
3.95841e-09
3.95841e-09
3.95841e-09
3.95841e-09
3.95841e-09
3.95841e-09
3.95841e-09
3.95841e-09
3.95841e-09
3.95841e-09
3.95841e-09
3.95841e-09
3.95841e-09
3.95841e-09
3.95841e-09
3.95841e-09
3.95841e-09
3.95841e-09
3.95841e-09
3.95841e-09
3.95841e-09
3.95841e-09
3.95841e-09
3.95841e-09
3.95841e-09
3.95841e-09
3.95841e-09
3.95841e-09
3.95841e-09
3.95841e-09
3.95841e-09
3.95841e-09
3.95841e-09
3.95841e-09
3.95841e-09
3.95841e-09
3.95841e-09
3.95841e-09
3.95841e-09
3.95841e-09
3.95841e-09
3.95841e-09
3.95841e-09
3.95841e-09
3.95841e-09
3.95841e-09
3.95841e-09
3.95841e-09
3.95841e-09
3.95841e-09
3.95841e-09
3.95841e-09
3.95841e-09
3.95841e-09
3.95841e-09
3.95841e-09
3.95841e-09
3.95841e-09
3.95841e-09
3.95841e-09
3.95841e-09
3.95841e-09
3.95841e-09
3.95841e-09
3.95841e-09
3.95841e-09
3.95841e-09
3.95841e-09
3.95841e-09
3.95841e-09
3.95841e-09
3.95841e-09
3.95841e-09
3.95841e-09
3.95841e-09
3.95841e-09
3.95841e-09
3.95841e-09
3.95841e-09
3.95841e-09
3.95841e-09
3.95841e-09
3.95841e-09
3.95841e-09
3.95841e-09
3.95841e-09
3.95841e-09
3.95841e-09
3.95841e-09
3.95841e-09
3.95841e-09
3.95841e-09
3.95841e-09
3.95841e-09
3.95841e-09
3.95841e-09
3.95841e-09
3.95841e-09
3.95841e-09
3.95841e-09
3.95841e-09
3.95841e-09
3.95841e-09
3.95841e-09
3.95841e-09
3.95841e-09
3.95841e-09
3.95841e-09
3.95841e-09
3.95841e-09
3.95841e-09
3.95841e-09
3.95841e-09
3.95841e-09
3.95841e-09
3.95841e-09
3.95841e-09
3.95841e-09
3.95841e-09
3.95841e-09
3.95841e-09
3.95841e-09
3.95841e-09
3.95841e-09
3.95841e-09
3.95841e-09
3.95841e-09
3.95841e-09
3.95841e-09
3.95841e-09
3.95841e-09
3.95841e-09
3.95841e-09
3.95841e-09
3.95841e-09
3.95841e-09
3.95841e-09
3.95841e-09
3.95841e-09
3.95841e-09
3.95841e-09
3.95841e-09
3.95841e-09
3.95841e-09
3.95841e-09
3.95841e-09
3.95841e-09
3.95841e-09
3.95841e-09
3.95841e-09
3.95841e-09
3.95841e-09
3.95841e-09
3.95841e-09
3.95841e-09
3.95841e-09
3.95841e-09
3.95841e-09
3.95841e-09
3.95841e-09
3.95841e-09
3.95841e-09
3.95841e-09
3.95841e-09
3.95841e-09
3.95841e-09
3.95841e-09
3.95841e-09
3.95841e-09
3.95841e-09
3.95841e-09
3.95841e-09
3.95841e-09
3.95841e-09
3.95841e-09
3.95841e-09
3.95841e-09
3.95841e-09
3.95841e-09
3.95841e-09
3.95841e-09
3.95841e-09
3.95841e-09
3.95841e-09
3.95841e-09
3.95841e-09
3.95841e-09
3.95841e-09
3.95841e-09
3.95841e-09
3.95841e-09
3.95841e-09
3.95841e-09
3.95841e-09
3.95841e-09
3.95841e-09
3.95841e-09
3.95841e-09
3.95841e-09
3.95841e-09
3.95841e-09
3.95841e-09
3.95841e-09
3.95841e-09
3.95841e-09
3.95841e-09
3.95841e-09
3.95841e-09
3.95841e-09
3.95841e-09
3.95841e-09
3.95841e-09
3.95841e-09
3.95841e-09
3.95841e-09
3.95841e-09
3.95841e-09
3.95841e-09
3.95841e-09
3.95841e-09
3.95841e-09
3.95841e-09
3.95841e-09
3.95841e-09
3.95841e-09
3.95841e-09
3.95841e-09
3.95841e-09
3.95841e-09
3.95841e-09
3.95841e-09
3.95841e-09
3.95841e-09
3.95841e-09
3.95841e-09
3.95841e-09
3.95841e-09
3.95841e-09
3.95841e-09
3.95841e-09
3.95841e-09
3.95841e-09
3.95841e-09
3.95841e-09
3.95841e-09
3.95841e-09
3.95841e-09
3.95841e-09
3.95841e-09
3.95841e-09
3.95841e-09
3.95841e-09
3.95841e-09
3.95841e-09
3.95841e-09
3.95841e-09
3.95841e-09
3.95841e-09
3.95841e-09
3.95841e-09
3.95841e-09
3.95841e-09
3.95841e-09
3.95841e-09
3.95841e-09
3.95841e-09
3.95841e-09
3.95841e-09
3.95841e-09
3.95841e-09
3.95841e-09
3.95841e-09
3.95841e-09
3.95841e-09
3.95841e-09
3.95841e-09
3.95841e-09
3.95841e-09
3.95841e-09
3.95841e-09
3.95841e-09
3.95841e-09
3.95841e-09
3.95841e-09
3.95841e-09
3.95841e-09
3.95841e-09
3.95841e-09
3.95841e-09
3.95841e-09
3.95841e-09
3.95841e-09
3.95841e-09
3.95841e-09
3.95841e-09
3.95841e-09
3.95841e-09
3.95841e-09
3.95841e-09
3.95841e-09
3.95841e-09
3.95841e-09
3.95841e-09
3.95841e-09
3.95841e-09
3.95841e-09
3.95841e-09
3.95841e-09
3.95841e-09
3.95841e-09
3.95841e-09
3.95841e-09
3.95841e-09
3.95841e-09
3.95841e-09
3.95841e-09
3.95841e-09
3.95841e-09
3.95841e-09
3.95841e-09
3.95841e-09
3.95841e-09
3.95841e-09
3.95841e-09
3.95841e-09
3.95841e-09
3.95841e-09
3.95841e-09
3.95841e-09
3.95841e-09
3.95841e-09
3.95841e-09
3.95841e-09
3.95841e-09
3.95841e-09
3.95841e-09
3.95841e-09
3.95841e-09
3.95841e-09
3.95841e-09
3.95841e-09
3.95841e-09
3.95841e-09
3.95841e-09
3.95841e-09
3.95841e-09
3.95841e-09
3.95841e-09
3.95841e-09
3.95841e-09
3.95841e-09
3.95841e-09
3.95841e-09
3.95841e-09
3.95841e-09
3.95841e-09
3.95841e-09
3.95841e-09
3.95841e-09
3.95841e-09
3.95841e-09
3.95841e-09
3.95841e-09
3.95841e-09
3.95841e-09
3.95841e-09
3.95841e-09
3.95841e-09
3.95841e-09
3.95841e-09
3.95841e-09
3.95841e-09
3.95841e-09
3.95841e-09
3.95841e-09
3.95841e-09
3.95841e-09
3.95841e-09
3.95841e-09
3.95841e-09
3.95841e-09
3.95841e-09
3.95841e-09
3.95841e-09
3.95841e-09
3.95841e-09
3.95841e-09
3.95841e-09
3.95841e-09
3.95841e-09
3.95841e-09
3.95841e-09
3.95841e-09
3.95841e-09
3.95841e-09
3.95841e-09
3.95841e-09
3.95841e-09
3.95841e-09
3.95841e-09
3.95841e-09
3.95841e-09
3.95841e-09
3.95841e-09
3.95841e-09
3.95841e-09
3.95841e-09
3.95841e-09
3.95841e-09
3.95841e-09
3.95841e-09
3.95841e-09
3.95841e-09
3.95841e-09
3.95841e-09
3.95841e-09
3.95841e-09
3.95841e-09
3.95841e-09
3.95841e-09
3.95841e-09
3.95841e-09
3.95841e-09
3.95841e-09
3.95841e-09
3.95841e-09
3.95841e-09
3.95841e-09
3.95841e-09
3.95841e-09
3.95841e-09
3.95841e-09
3.95841e-09
3.95841e-09
3.95841e-09
3.95841e-09
3.95841e-09
3.95841e-09
3.95841e-09
3.95841e-09
3.95841e-09
3.95841e-09
3.95841e-09
3.95841e-09
3.95841e-09
3.95841e-09
3.95841e-09
3.95841e-09
3.95841e-09
3.95841e-09
3.95841e-09
3.95841e-09
3.95841e-09
3.95841e-09
3.95841e-09
3.95841e-09
3.95841e-09
3.95841e-09
3.95841e-09
3.95841e-09
3.95841e-09
3.95841e-09
3.95841e-09
3.95841e-09
3.95841e-09
3.95841e-09
3.95841e-09
3.95841e-09
3.95841e-09
3.95841e-09
3.95841e-09
3.95841e-09
3.95841e-09
3.95841e-09
3.95841e-09
3.95841e-09
3.95841e-09
3.95841e-09
3.95841e-09
3.95841e-09
3.95841e-09
3.95841e-09
3.95841e-09
3.95841e-09
3.95841e-09
3.95841e-09
3.95841e-09
3.95841e-09
3.95841e-09
3.95841e-09
3.95841e-09
3.95841e-09
3.95841e-09
3.95841e-09
3.95841e-09
3.95841e-09
3.95841e-09
3.95841e-09
3.95841e-09
3.95841e-09
3.95841e-09
3.95841e-09
3.95841e-09
3.95841e-09
3.95841e-09
3.95841e-09
3.95841e-09
3.95841e-09
3.95841e-09
3.95841e-09
3.95841e-09
3.95841e-09
3.95841e-09
3.95841e-09
3.95841e-09
3.95841e-09
3.95841e-09
3.95841e-09
3.95841e-09
3.95841e-09
3.95841e-09
3.95841e-09
3.95841e-09
3.95841e-09
3.95841e-09
3.95841e-09
3.95841e-09
3.95841e-09
3.95841e-09
3.95841e-09
3.95841e-09
3.95841e-09
3.95841e-09
3.95841e-09
3.95841e-09
3.95841e-09
3.95841e-09
3.95841e-09
3.95841e-09
3.95841e-09
3.95841e-09
3.95841e-09
3.95841e-09
3.95841e-09
3.95841e-09
3.95841e-09
3.95841e-09
3.95841e-09
3.95841e-09
3.95841e-09
3.95841e-09
3.95841e-09
3.95841e-09
3.95841e-09
3.95841e-09
3.95841e-09
3.95841e-09
3.95841e-09
3.95841e-09
3.95841e-09
3.95841e-09
3.95841e-09
3.95841e-09
3.95841e-09
3.95841e-09
3.95841e-09
3.95841e-09
3.95841e-09
3.95841e-09
3.95841e-09
3.95841e-09
3.95841e-09
3.95841e-09
3.95841e-09
3.95841e-09
3.95841e-09
3.95841e-09
3.95841e-09
3.95841e-09
3.95841e-09
3.95841e-09
3.95841e-09
3.95841e-09
3.95841e-09
3.95841e-09
3.95841e-09
3.95841e-09
3.95841e-09
3.95841e-09
3.95841e-09
3.95841e-09
3.95841e-09
3.95841e-09
3.95841e-09
3.95841e-09
3.95841e-09
3.95841e-09
3.95841e-09
3.95841e-09
3.95841e-09
3.95841e-09
3.95841e-09
3.95841e-09
3.95841e-09
3.95841e-09
3.95841e-09
3.95841e-09
3.95841e-09
3.95841e-09
3.95841e-09
3.95841e-09
3.95841e-09
3.95841e-09
3.95841e-09
3.95841e-09
3.95841e-09
3.95841e-09
3.95841e-09
3.95841e-09
3.95841e-09
3.95841e-09
3.95841e-09
3.95841e-09
3.95841e-09
3.95841e-09
3.95841e-09
3.95841e-09
3.95841e-09
3.95841e-09
3.95841e-09
3.95841e-09
3.95841e-09
3.95841e-09
3.95841e-09
3.95841e-09
3.95841e-09
3.95841e-09
3.95841e-09
3.95841e-09
3.95841e-09
3.95841e-09
3.95841e-09
3.95841e-09
3.95841e-09
3.95841e-09
3.95841e-09
3.95841e-09
3.95841e-09
3.95841e-09
3.95841e-09
3.95841e-09
3.95841e-09
3.95841e-09
3.95841e-09
3.95841e-09
3.95841e-09
3.95841e-09
3.95841e-09
3.95841e-09
3.95841e-09
3.95841e-09
3.95841e-09
3.95841e-09
3.95841e-09
3.95841e-09
3.95841e-09
3.95841e-09
3.95841e-09
3.95841e-09
3.95841e-09
3.95841e-09
3.95841e-09
3.95841e-09
3.95841e-09
3.95841e-09
3.95841e-09
3.95841e-09
3.95841e-09
3.95841e-09
3.95841e-09
3.95841e-09
3.95841e-09
3.95841e-09
3.95841e-09
3.95841e-09
3.95841e-09
3.95841e-09
3.95841e-09
3.95841e-09
3.95841e-09
3.95841e-09
3.95841e-09
3.95841e-09
3.95841e-09
3.95841e-09
3.95841e-09
3.95841e-09
3.95841e-09
3.95841e-09
3.95841e-09
3.95841e-09
3.95841e-09
3.95841e-09
3.95841e-09
3.95841e-09
3.95841e-09
3.95841e-09
3.95841e-09
3.95841e-09
3.95841e-09
3.95841e-09
3.95841e-09
3.95841e-09
3.95841e-09
3.95841e-09
3.95841e-09
3.95841e-09
3.95841e-09
3.95841e-09
3.95841e-09
3.95841e-09
3.95841e-09
3.95841e-09
3.95841e-09
3.95841e-09
3.95841e-09
3.95841e-09
3.95841e-09
3.95841e-09
3.95841e-09
3.95841e-09
3.95841e-09
3.95841e-09
3.95841e-09
3.95841e-09
3.95841e-09
3.95841e-09
3.95841e-09
3.95841e-09
3.95841e-09
3.95841e-09
3.95841e-09
3.95841e-09
3.95841e-09
3.95841e-09
3.95841e-09
3.95841e-09
3.95841e-09
3.95841e-09
3.95841e-09
3.95841e-09
3.95841e-09
3.95841e-09
3.95841e-09
3.95841e-09
3.95841e-09
3.95841e-09
3.95841e-09
3.95841e-09
3.95841e-09
3.95841e-09
3.95841e-09
3.95841e-09
3.95841e-09
3.95841e-09
3.95841e-09
3.95841e-09
3.95841e-09
3.95841e-09
3.95841e-09
3.95841e-09
3.95841e-09
3.95841e-09
3.95841e-09
3.95841e-09
3.95841e-09
3.95841e-09
3.95841e-09
3.95841e-09
3.95841e-09
3.95841e-09
3.95841e-09
3.95841e-09
3.95841e-09
3.95841e-09
3.95841e-09
3.95841e-09

VECTORS velocity float
4.91613e-12 -5.62693e-11 -1.05946e-11
2.18162e-13 -2.53277e-14 -9.25536e-14
1.41285e-14 -1.50752e-14 -7.03995e-15
-5.61913e-14 4.13344e-13 -5.37582e-14
-4.53479e-13 1.60489e-12 -4.12167e-14
-1.75102e-13 6.74185e-13 3.83107e-14
6.59519e-19 5.28054e-23 -5.0412e-16
3.32549e-12 1.63628e-12 -7.12471e-13
-1.36087e-12 1.42769e-12 2.53609e-13
2.20027e-21 7.3317e-20 -1.76815e-20
-1.80059e-13 2.15451e-13 -8.13225e-14
-1.16821e-17 3.2563e-24 8.91957e-15
-4.44155e-13 3.56582e-13 -3.81799e-14
3.45816e-13 1.43042e-12 -2.05901e-13
8.08954e-14 4.19336e-13 -9.42244e-14
-6.02433e-13 1.94853e-13 3.14325e-14
-2.05991e-13 6.37363e-13 -1.455e-13
-1.80705e-13 1.2016e-13 5.10098e-14
2.22069e-14 6.10143e-14 2.17527e-14
-3.18597e-14 -1.08562e-14 -1.21773e-14
-9.66928e-13 6.13866e-13 -4.67666e-13
-4.41631e-13 7.70011e-13 2.08179e-13
-1.29099e-12 9.24992e-13 1.03572e-13
1.21273e-13 -5.5134e-13 -1.09883e-13
-5.25987e-14 1.2841e-13 7.92358e-14
1.21638e-12 1.72775e-12 4.17633e-13
-6.26832e-13 4.40248e-13 -1.76837e-13
-7.30237e-13 7.49685e-13 2.44372e-13
1.17859e-13 3.43378e-13 -3.38193e-14
-2.19517e-13 1.39802e-12 -2.88449e-14
-3.09582e-15 7.08544e-13 1.21474e-14
-4.99019e-14 6.63554e-13 2.25141e-13
7.80041e-14 5.43943e-14 -7.43201e-16
2.10101e-13 5.07924e-13 -8.18736e-14
-1.01479e-14 6.58136e-14 -1.06303e-14
5.42026e-14 3.40516e-14 -3.4081e-14
-6.53528e-15 -1.14347e-13 -3.80145e-14
3.60793e-13 5.76029e-13 2.95855e-14
-1.0414e-18 3.70227e-24 7.9519e-16
-1.95112e-13 1.3658e-13 1.14591e-13
-1.17011e-14 1.56522e-13 -1.20282e-13
1.3734e-12 1.33763e-12 -8.18334e-13
-1.01526e-12 1.71241e-12 1.59993e-13
6.71005e-12 1.75211e-12 1.52599e-12
-4.30869e-13 4.85698e-13 -1.06476e-13
1.51775e-13 1.71951e-13 3.88508e-14
1.31861e-14 -9.75877e-15 -8.58945e-16
-8.27917e-13 -5.23339e-13 -6.3966e-13
8.62258e-13 3.89161e-13 8.5932e-14
-8.80355e-13 1.01296e-12 -2.18008e-14
-4.30157e-13 6.42811e-13 2.30529e-13
-4.60979e-14 2.06541e-13 1.77462e-14
1.872e-13 -2.68347e-14 7.58899e-15
1.04805e-14 -4.00415e-14 2.59473e-13
-8.80744e-13 8.83858e-13 -3.57475e-14
-2.49534e-13 2.17449e-13 5.77709e-14
-6.63987e-13 1.44273e-13 -2.56377e-14
-4.67376e-13 -2.12944e-13 3.78092e-13
8.2726e-14 -9.20827e-15 -1.32372e-14
2.55415e-14 -2.37966e-14 1.25503e-14
1.59123e-13 8.04741e-14 8.08585e-14
9.2271e-14 6.37702e-15 -1.05947e-14
8.64927e-13 5.05634e-14 6.90315e-14
1.01227e-15 -9.52776e-21 2.98741e-13
-8.48471e-13 4.22711e-13 -5.73194e-14
-7.22052e-16 -4.78917e-15 6.30728e-14
1.43299e-13 1.1758e-13 -1.06028e-13
-7.18484e-13 1.72487e-12 -6.37785e-13
-4.21893e-14 3.77235e-14 1.25905e-14
9.54684e-14 5.7377e-14 -3.61045e-15
8.11399e-14 3.13764e-14 -1.02096e-13
-1.02637e-13 6.67895e-14 -1.60444e-14
-2.49068e-13 1.49703e-12 1.13446e-13
-5.5197e-12 -1.31966e-13 -1.00021e-12
-8.17656e-13 1.50404e-12 -2.78099e-13
1.9858e-11 1.04907e-11 7.93761e-13
-3.2418e-13 1.28135e-13 1.55816e-13
1.39165e-12 6.57242e-13 -7.77e-14
-1.56269e-19 -4.94917e-20 -4.91459e-20
-2.59322e-13 2.52576e-13 -4.89975e-14
7.49694e-13 8.60627e-14 -2.62745e-13
-2.00631e-13 2.92915e-13 2.86844e-14
1.43794e-14 1.14331e-13 -5.82041e-14
3.28193e-12 4.76321e-13 -5.35305e-13
3.41197e-13 -2.47233e-13 9.18921e-14
-3.49115e-13 5.35671e-13 -2.02072e-13
3.8323e-13 3.07318e-13 -6.93603e-14
-9.88231e-13 1.7041e-12 3.44217e-13
5.94029e-13 2.92232e-13 -4.47084e-13
-1.1203e-14 1.2431e-13 -4.05168e-14
-5.02593e-14 1.38394e-13 1.79143e-13
-2.28768e-13 1.51899e-13 4.9628e-14
9.06132e-18 2.21008e-22 -6.9181e-15
4.10616e-13 6.95849e-13 1.67772e-13
-1.72532e-13 1.01311e-13 4.70758e-14
-2.13328e-15 -1.41465e-14 1.86307e-13
-7.00653e-14 -1.46695e-14 -1.19905e-13
6.09193e-13 -3.63411e-13 1.6083e-13
-1.39168e-14 1.53055e-14 -7.00853e-14
3.6211e-13 6.96931e-14 2.55604e-14
9.65973e-14 2.07858e-13 -5.69517e-14
-9.1512e-14 2.04402e-13 -8.78585e-14
-2.4442e-14 6.14337e-13 -4.88967e-14
6.03209e-18 2.65838e-21 -4.60544e-15
-2.12745e-13 3.70908e-13 -9.65789e-14
-2.65047e-13 9.10891e-13 -6.9191e-13
7.18394e-12 1.93131e-12 1.47197e-12
3.32433e-13 -3.29985e-13 2.12731e-15
8.15424e-13 5.03683e-13 -1.36369e-13
1.48289e-12 8.64262e-13 -4.68405e-13
2.32491e-12 1.14482e-12 -1.81908e-13
3.49133e-12 1.48393e-12 2.47507e-14
-3.6654e-14 5.59793e-13 2.78359e-13
-2.56567e-12 -6.73343e-13 -6.0956e-13
-9.13388e-13 1.10112e-12 1.60574e-13
5.78415e-12 1.70211e-12 5.96075e-13
-1.81891e-13 5.04236e-14 1.32138e-14
-1.90265e-13 9.99714e-15 9.60031e-15
1.72024e-14 -6.56184e-14 1.26933e-14
1.66634e-13 3.1405e-13 4.40653e-14
-2.90943e-13 2.38075e-13 8.42948e-14
-4.57768e-15 1.03132e-12 7.74767e-14
-9.4051e-13 7.19747e-13 5.78936e-14
-7.05962e-15 3.58958e-13 -2.44237e-13
1.00054e-12 3.26249e-13 1.14794e-13
-1.24056e-14 8.38603e-14 -1.6825e-14
5.69797e-13 6.18279e-13 1.37917e-13
5.40457e-13 1.03158e-12 9.45974e-14
-3.28864e-13 6.88464e-13 1.31189e-13
-3.73085e-13 9.26468e-13 8.78691e-14
1.48826e-12 1.70716e-12 1.4915e-12
-2.20393e-13 2.29156e-13 1.07929e-13
-1.95092e-13 4.90963e-13 6.88423e-14
-5.42063e-13 8.03431e-13 1.18021e-13
-1.43532e-12 1.34962e-12 3.76549e-13
-8.69858e-18 -1.63743e-22 6.6413e-15
-3.0583e-13 5.4861e-13 2.05583e-14
1.23754e-12 4.98941e-13 -1.56831e-13
-4.28028e-13 -1.93434e-13 -4.32262e-13
2.05632e-14 1.66735e-13 -1.29612e-14
-2.22135e-13 4.97833e-13 -2.94777e-14
-2.48738e-13 1.74528e-13 -1.44263e-14
-3.26401e-13 2.93712e-13 2.63634e-14
-1.11434e-12 1.15121e-12 5.13234e-13
-1.26704e-12 1.17664e-12 -2.05018e-13
4.15697e-14 4.81393e-14 -1.49611e-14
-1.18298e-12 1.68802e-12 1.52509e-13
2.21111e-13 -2.66205e-14 9.28829e-14
-1.11842e-17 1.17475e-21 8.53937e-15
-4.97378e-14 2.63345e-13 -8.81035e-14
-2.71243e-13 2.51115e-13 -8.65494e-14
9.8027e-14 9.85416e-14 8.35548e-14
-1.16623e-12 1.11698e-12 9.27534e-13
1.9115e-15 2.81537e-13 -1.32267e-13
3.1303e-12 -3.82926e-13 -6.83132e-13
-8.77381e-13 9.4743e-14 5.30126e-14
1.064e-13 5.31976e-13 -1.28978e-13
-2.75586e-13 -8.72583e-14 -1.02842e-13
-1.55951e-18 -3.48783e-22 1.19087e-15
2.77461e-14 -3.52046e-15 -4.71795e-15
1.08854e-12 7.35462e-13 -2.12137e-13
-1.07564e-13 4.0981e-13 -1.73466e-14
-8.02177e-13 1.28418e-12 -3.82778e-13
2.40282e-13 -4.32071e-13 1.64805e-13
1.13878e-13 1.49661e-12 -8.7073e-13
-1.67746e-12 1.21684e-12 2.84905e-13
-5.50844e-13 9.15991e-13 3.03023e-13
-1.10544e-12 -5.29623e-13 -2.86428e-13
3.69007e-14 -9.43807e-14 -6.95392e-15
9.03386e-14 7.91023e-13 -1.69845e-12
1.3488e-13 1.14003e-13 -2.629e-14
3.95763e-14 3.64143e-14 -4.57934e-14
1.8381e-13 2.76599e-13 -5.48627e-14
7.44052e-13 7.34653e-13 4.7857e-13
-5.25871e-13 1.32029e-12 -4.25345e-13
-1.57226e-13 -2.05298e-14 1.59479e-13
-6.74457e-14 1.05251e-13 1.63805e-14
-1.53278e-13 4.03529e-14 2.15911e-15
-1.25581e-12 2.1838e-13 -3.8845e-13
-4.11818e-14 1.00743e-13 3.13462e-15
2.02855e-13 4.12336e-13 -1.5516e-13
-5.08372e-13 2.42931e-13 -5.42201e-14
1.12449e-12 4.82674e-13 1.54766e-13
-2.56873e-13 -3.18988e-14 9.99055e-14
-6.8829e-13 7.02539e-13 -8.11439e-14
-1.13799e-12 1.11084e-12 4.89813e-14
-4.68222e-13 4.21311e-13 1.6158e-13
-6.50522e-13 1.13777e-12 -1.42444e-13
-1.74369e-13 9.75901e-13 -2.77842e-14
-4.11407e-13 4.07826e-14 -1.88449e-14
-2.17065e-13 1.58283e-13 -1.00146e-13
-5.22793e-13 1.42486e-13 -5.60262e-14
-5.15445e-13 7.47391e-13 1.97084e-14
-2.76804e-13 7.01995e-13 1.76087e-13
2.27389e-12 9.835e-13 -2.25808e-13
-5.08655e-14 2.70829e-13 -3.10268e-14
-1.02936e-13 1.6741e-13 -1.12295e-14
-2.78781e-11 4.41738e-12 -4.7925e-12
-3.20812e-13 8.45559e-13 -1.72228e-13
-6.76019e-15 -5.38067e-14 -1.60487e-14
-2.91514e-13 3.15581e-13 -1.44158e-14
-9.85664e-14 1.94078e-13 2.63586e-14
-5.73898e-13 2.42868e-13 7.29997e-14
-2.04655e-11 6.70622e-12 -8.04787e-13
1.07369e-12 1.35514e-12 -4.29468e-13
-1.09122e-12 1.1244e-12 -3.32808e-14
-4.18444e-13 1.03584e-12 -4.69621e-13
-1.15158e-12 1.58496e-12 2.56841e-13
-8.61228e-13 8.66064e-13 1.97572e-14
-3.55335e-13 6.95634e-13 -3.11862e-13
-1.03032e-11 1.71546e-12 -1.54708e-12
-1.17179e-12 1.45982e-12 1.83512e-13
-1.61174e-14 1.58821e-12 -2.74072e-13
-3.25652e-14 -5.871e-14 -1.49216e-13
1.07831e-17 -5.76407e-20 -8.23289e-15
-1.86448e-13 6.29246e-13 -9.99741e-14
-2.88286e-13 1.51607e-12 -1.10461e-13
6.27361e-13 4.85586e-13 3.37997e-13
-1.7815e-13 7.59361e-13 1.0156e-13
4.94458e-13 5.19922e-15 2.1611e-13
2.12546e-13 4.22994e-13 -9.93941e-14
-4.26229e-13 1.17614e-12 6.39799e-14
-8.83506e-13 1.28423e-12 1.33109e-13
-5.82156e-13 7.65741e-13 -3.43469e-14
2.23281e-13 -1.39255e-13 -2.90952e-13
-1.11846e-17 -2.68615e-22 8.53937e-15
6.81925e-13 1.09821e-12 -3.21648e-15
9.08127e-18 -5.33405e-21 -6.93359e-15
-2.0026e-13 1.58482e-12 -7.96176e-14
-3.40448e-12 -8.23809e-14 4.79637e-13
1.613e-12 -4.14661e-14 -5.05442e-13
-3.23928e-15 2.15468e-14 2.81605e-13
-1.75483e-12 -3.10191e-13 -3.7044e-13
-3.11201e-13 5.70022e-13 8.35715e-14
-8.13485e-13 1.5561e-12 -1.42617e-13
1.44414e-13 2.04041e-15 -1.22518e-13
7.45786e-20 -1.22307e-19 -9.99248e-20
2.26724e-13 2.6496e-13 -5.26299e-14
-1.9591e-13 -2.78148e-13 1.13377e-13
-5.87001e-14 -5.90394e-15 5.59124e-14
-3.57438e-12 1.34235e-12 1.38692e-12
-1.07301e-13 1.38827e-13 4.86441e-14
-7.0433e-13 2.43736e-13 -6.18155e-14
-5.49662e-13 1.51555e-12 3.06976e-14
-1.30499e-13 1.51084e-13 -2.40493e-13
-2.13337e-15 -1.41465e-14 1.86307e-13
1.86029e-12 1.11969e-12 5.40077e-13
-6.98396e-13 2.18542e-13 -1.06878e-13
6.44703e-13 3.51049e-13 1.58597e-13
-4.01663e-13 8.10881e-13 -6.36984e-14
-3.64333e-13 9.81703e-13 1.64202e-13
3.5647e-15 1.90828e-14 -2.18296e-13
-7.87e-14 -6.01444e-15 1.59244e-14
2.3664e-13 2.51651e-13 -1.48634e-13
-2.67819e-12 1.39539e-12 2.42561e-13
-3.80796e-14 2.52175e-13 7.08143e-15
6.03151e-18 1.99766e-22 -4.60544e-15
-1.42553e-12 -2.07487e-13 -1.26074e-12
1.53018e-12 -8.25239e-13 3.21316e-13
9.40381e-13 6.98604e-13 -2.20613e-13
3.00554e-12 8.82628e-13 -2.77431e-13
-3.62863e-14 1.61086e-14 3.28715e-15
5.83788e-13 5.19617e-13 -4.81228e-14
3.33139e-13 4.77715e-13 4.44446e-14
7.2634e-12 -8.14071e-12 -7.59883e-12
1.27787e-12 9.89093e-13 -6.02785e-13
-7.86091e-13 1.03538e-12 2.24111e-13
2.41035e-12 9.51834e-13 -8.95247e-13
7.99913e-14 2.80211e-13 -4.97571e-14
-1.8112e-13 4.96193e-13 -1.43978e-14
-8.81566e-13 1.01123e-12 -2.83579e-13
1.50228e-12 2.20479e-13 -1.18147e-14
2.53088e-12 5.05082e-13 1.80851e-12
-9.3208e-13 9.96101e-13 5.42524e-13
2.04799e-12 1.32203e-12 -7.71815e-13
-4.08468e-13 1.29219e-12 -1.0398e-13
-4.19838e-13 2.72644e-13 1.48212e-14
-6.6637e-12 -3.86025e-13 -7.14559e-13
-4.68376e-13 9.52556e-13 3.9605e-14
1.71978e-12 1.66222e-12 -6.05103e-14
-3.86282e-13 7.32228e-13 -5.31996e-14
-1.44095e-12 1.73391e-12 1.72636e-13
-8.61246e-14 2.42322e-14 -6.77263e-14
-1.88805e-13 1.66869e-13 -3.21607e-14
1.36373e-12 5.58526e-13 2.10496e-13
-2.7587e-13 1.22061e-12 1.35664e-13
4.76366e-12 -1.69788e-13 -7.70984e-13
-2.17998e-12 1.69536e-12 1.13655e-12
8.61344e-13 9.72465e-13 -9.70529e-14
-4.37071e-14 -9.15224e-15 -1.04292e-14
3.56134e-13 1.13578e-13 -1.57544e-13
-4.97598e-13 4.70858e-13 -5.63615e-14
2.49492e-12 -5.96358e-13 -4.50949e-13
-9.76305e-13 1.15036e-12 1.65905e-14
-6.28697e-13 1.05284e-12 2.05762e-14
-2.56739e-15 3.90141e-14 1.83952e-14
-1.08228e-12 4.43008e-13 -5.11477e-13
2.24211e-13 4.83805e-13 -6.10146e-15
3.49571e-12 1.32713e-12 5.67651e-13
1.46237e-12 -7.78871e-13 -1.124e-13
-4.58902e-14 2.61045e-13 1.33055e-14
4.29246e-14 2.84397e-13 1.20033e-13
1.86658e-12 1.14446e-12 2.29518e-13
-5.12712e-13 6.8308e-13 -9.90918e-14
9.2407e-13 1.16047e-13 -4.57066e-15
-9.9807e-13 1.2886e-12 -1.28592e-14
-3.38494e-13 1.01005e-12 1.07814e-13
-5.41531e-13 2.29168e-13 5.3611e-14
-8.90288e-13 1.6554e-12 -2.79249e-14
-4.93827e-13 1.51732e-12 -2.22834e-13
-6.36097e-14 -2.38142e-13 -1.5994e-14
-7.08391e-13 1.66371e-12 8.10728e-14
4.95945e-14 7.10327e-14 -3.16728e-14
-2.17478e-13 5.78051e-14 8.65133e-15
2.0567e-13 9.4161e-13 1.03404e-13
-1.2088e-12 1.27894e-12 -5.42464e-14
-7.97736e-13 2.31804e-13 1.98252e-13
-4.5733e-14 4.773e-13 -2.11303e-13
-9.37912e-13 1.31201e-12 2.59651e-13
-1.70899e-13 3.49632e-14 -2.17617e-13
1.70961e-12 1.66262e-12 2.1789e-13
4.52498e-12 -7.95067e-13 6.87472e-13
-9.32232e-12 8.2064e-13 -2.73023e-13
6.37133e-15 -1.7937e-13 4.13242e-14
-1.27336e-13 2.73961e-13 -1.90674e-13
-2.98831e-13 -4.01022e-13 3.58555e-13
-3.67957e-13 6.08995e-13 9.83881e-14
-3.49797e-13 1.08208e-12 -6.98462e-14
6.0735e-13 1.54271e-13 -1.23952e-13
-4.52678e-13 1.3338e-12 -1.04099e-13
-7.65954e-13 1.20969e-12 1.39837e-13
4.04553e-14 1.87294e-13 -3.05363e-13
2.41835e-14 -5.98961e-13 -3.84438e-14
1.88808e-13 4.70923e-14 -1.04979e-13
-2.5416e-12 -3.1691e-13 2.12615e-13
-9.41666e-13 6.07779e-13 3.17186e-14
4.14087e-12 4.31015e-13 -1.73734e-12
1.90472e-13 -4.08566e-14 1.88628e-13
-9.46236e-18 -1.4015e-20 7.22451e-15
2.0856e-12 1.22056e-12 -3.17445e-13
-3.3159e-13 9.32893e-13 -9.55615e-14
1.01263e-13 3.85608e-13 4.08499e-14
-3.3433e-13 1.85941e-13 3.8556e-13
3.85977e-12 8.63333e-13 -4.53999e-13
-6.74259e-13 1.26785e-12 7.44569e-13
9.86404e-13 3.079e-13 -4.60654e-13
-2.25983e-13 1.26117e-12 -9.68858e-14
-2.64806e-13 1.16288e-12 -1.65546e-13
4.09686e-13 6.86389e-13 -6.19917e-14
-1.05971e-13 6.45941e-13 -2.99628e-13
-2.72767e-15 -6.49969e-14 2.80781e-13
3.27035e-12 3.05709e-13 -1.18965e-12
8.71252e-14 8.31413e-13 -2.93409e-13
-2.71907e-13 9.01758e-13 2.16182e-13
-1.2466e-13 5.83371e-14 -9.03241e-15
-2.02754e-17 8.32667e-14 2.74514e-13
8.68912e-14 1.30371e-12 -2.50012e-13
-3.3431e-12 1.74707e-12 -1.15467e-12
-2.49762e-14 -6.32274e-15 -1.39639e-15
1.16028e-12 5.55556e-13 -1.45122e-13
-2.83235e-15 1.7125e-13 -4.5435e-14
-1.45022e-19 2.08515e-20 -5.34551e-20
-7.20611e-13 6.50151e-13 1.46207e-14
2.30522e-12 -2.61167e-13 -3.20997e-13
-3.45732e-12 1.47826e-12 9.15491e-13
-6.10139e-13 -1.11924e-13 -9.21559e-14
-7.12134e-13 -6.29591e-13 -3.13221e-13
1.05988e-12 -1.10225e-12 5.21463e-13
-4.90843e-13 5.84801e-13 2.18428e-13
-3.95985e-13 1.36201e-13 9.81249e-14
-2.68824e-13 -1.48325e-13 -1.27381e-13
3.58639e-13 -8.19633e-13 1.45632e-12
4.08192e-13 5.72568e-13 -1.82596e-13
-2.70076e-13 8.37394e-13 2.33584e-13
1.74521e-13 8.94195e-13 -2.12491e-14
-2.93625e-13 1.14547e-12 -1.08178e-13
-1.23716e-12 2.86252e-13 -7.58909e-15
-1.63057e-12 1.59198e-12 -1.61618e-12
-1.57823e-13 2.30664e-13 1.49463e-13
-1.40079e-13 3.00736e-13 -3.86514e-14
1.45941e-11 -8.93818e-12 -1.39664e-11
6.57605e-13 1.18139e-13 3.99879e-15
-1.81672e-13 1.00386e-12 -1.17794e-13
-4.18017e-13 2.44794e-13 -1.0995e-13
-9.00243e-13 1.03136e-12 8.97933e-14
-9.56611e-13 1.49268e-12 -1.31198e-16
-8.2356e-13 1.00312e-12 -7.86438e-13
-2.44766e-16 -2.21688e-22 -7.22357e-14
-3.89486e-12 -1.6914e-12 -1.59412e-13
2.76997e-12 -1.68053e-12 1.62872e-14
-4.27774e-13 1.21017e-12 -3.21952e-13
3.68662e-13 5.89542e-13 4.11624e-13
-5.83478e-13 1.69754e-12 -6.60457e-14
-8.94161e-14 -2.04021e-13 -3.67141e-14
-8.75799e-13 1.86809e-13 -1.66624e-15
4.10797e-13 1.65896e-12 -7.17027e-13
-8.30836e-13 1.36896e-12 -5.93478e-13
-8.68603e-13 1.08573e-12 3.34984e-13
3.25891e-13 7.97352e-13 -5.75854e-14
-2.22983e-13 1.11798e-12 -1.32975e-13
1.499e-13 3.49627e-13 -7.19129e-14
-1.18723e-12 5.53343e-13 2.44615e-14
2.79668e-12 1.30668e-12 -3.76126e-13
1.94301e-13 1.37289e-12 -1.13492e-13
1.58468e-12 -5.43874e-13 1.6892e-13
-4.03951e-13 3.38394e-13 5.27365e-13
5.52267e-18 -1.6984e-20 -4.21679e-15
-8.03144e-14 8.84773e-13 -4.56564e-14
-9.35734e-12 -3.44678e-12 -1.60651e-12
2.89899e-13 6.75058e-14 -7.86957e-14
-2.51988e-13 1.3864e-12 -3.26551e-13
-1.16028e-12 1.18023e-12 2.35282e-13
-8.84809e-13 4.80731e-13 2.1938e-14
6.71963e-13 7.35339e-13 2.4935e-13
-1.61197e-14 -2.92263e-14 -1.43266e-14
2.19398e-20 -3.57806e-21 1.06576e-20
-2.75928e-13 4.97952e-13 -3.87505e-13
-8.01166e-13 1.36225e-12 -7.04793e-14
1.04621e-12 1.3785e-12 -9.16222e-14
-3.34521e-13 3.79079e-13 -1.0435e-13
-1.24878e-12 1.4536e-12 2.69614e-13
-3.1648e-12 -9.02475e-13 -1.25429e-12
1.40523e-12 1.63333e-12 -8.00415e-13
-1.72908e-12 8.77138e-13 -1.11048e-13
-3.83931e-13 6.8145e-13 -3.41114e-13
1.87964e-13 -8.51194e-13 -3.79829e-14
8.29697e-14 2.67877e-13 -6.82126e-14
-4.11507e-13 2.0825e-13 -5.54642e-14
6.95942e-15 -1.24254e-15 3.4686e-15
-6.31121e-19 7.57548e-20 4.82091e-16
5.05036e-13 1.80466e-13 -9.12714e-14
7.57745e-13 5.49967e-13 1.39186e-13
1.82591e-12 8.90321e-13 1.95566e-13
-4.68838e-13 9.07476e-13 2.9531e-13
-9.5567e-13 -6.9437e-13 -1.78933e-13
4.01666e-13 5.47642e-14 1.10963e-13
-3.47782e-13 4.10585e-13 -9.61012e-15
9.05147e-13 5.09326e-13 -1.51339e-14
3.07204e-12 2.78921e-13 1.75124e-13
-4.89134e-13 -1.06476e-13 -1.05785e-13
-5.25567e-13 1.48547e-12 -1.47526e-13
-3.18923e-13 7.89164e-13 -2.83207e-13
-6.78788e-13 8.21322e-13 -1.70095e-13
-8.04481e-13 1.57878e-13 2.78703e-12
4.25149e-13 1.22403e-13 9.91361e-13
1.51783e-13 -8.27309e-14 4.57738e-14
2.24215e-12 2.88075e-13 -3.75233e-13
-3.91454e-12 -8.4178e-13 -1.1168e-12
1.52648e-15 -3.68196e-14 -1.58621e-13
-4.71214e-15 3.79453e-13 2.46081e-13
1.66268e-15 3.76861e-15 2.37223e-14
-7.46081e-16 1.79853e-14 7.74819e-14
1.50661e-12 -1.31725e-13 8.36537e-13
-8.85041e-14 -5.40541e-14 -1.8702e-13
-2.11693e-12 -7.23682e-13 2.7556e-14
9.01057e-13 -2.64672e-13 -1.17881e-12
-1.004e-11 -1.09279e-12 -2.34282e-12
-6.88617e-13 1.43482e-13 9.45291e-15
5.70751e-14 1.46191e-12 -8.76965e-14
5.88659e-14 -3.27923e-13 -4.58921e-13
1.20474e-12 1.61458e-12 -7.16142e-13
5.92388e-12 -9.95765e-13 -5.18149e-13
2.86539e-13 3.50437e-13 5.67572e-14
9.86422e-16 9.0205e-14 3.97291e-14
-2.36747e-12 -7.90335e-13 -4.12832e-13
5.92577e-12 1.06179e-12 -3.30935e-13
-2.28982e-12 -2.41347e-13 -1.65626e-12
-4.7273e-14 6.28528e-13 7.55942e-14
3.86438e-14 4.04179e-13 1.43619e-13
1.07118e-12 7.39028e-13 3.5504e-14
-5.23669e-12 4.05812e-13 -2.98831e-14
3.0009e-12 -1.53488e-12 1.10704e-12
5.62016e-20 2.45314e-20 3.35131e-19
1.38628e-12 7.3183e-13 -1.88283e-14
3.02393e-12 -1.65333e-12 -2.56964e-13
1.69122e-12 3.23687e-13 3.10232e-14
-6.29594e-12 1.24019e-12 -2.25145e-12
-1.3599e-12 4.84921e-13 -2.67903e-13
-5.39452e-14 2.90204e-14 -1.05057e-14
-2.13326e-15 -1.41466e-14 1.86308e-13
1.10096e-12 -1.76918e-13 -2.64759e-13
-2.24702e-14 8.85681e-13 -2.95906e-13
2.25986e-12 7.84942e-13 5.17328e-14
1.02861e-14 -1.74474e-13 -1.86593e-14
3.43485e-13 5.89241e-13 -1.68508e-13
-1.88371e-12 1.61648e-12 5.76717e-13
-1.60196e-13 9.88559e-13 -9.45537e-14
1.56227e-13 -8.78794e-14 -2.20187e-13
-1.87936e-11 6.90065e-12 3.33818e-12
-2.02219e-13 1.16518e-12 1.2064e-13
1.55762e-12 -1.04512e-13 3.41645e-13
1.90473e-12 1.6484e-12 -5.502e-13
-2.38901e-12 -1.23445e-12 -1.42263e-13
-4.34211e-13 2.91886e-13 -3.90388e-15
-2.25427e-11 -8.45269e-12 -2.96185e-12
-5.72375e-13 5.88984e-13 -3.23046e-13
-2.11862e-12 1.47993e-12 -9.48863e-13
1.09024e-12 1.29484e-12 3.30303e-13
-2.69635e-19 -5.43299e-19 4.82082e-16
-2.69237e-13 8.2221e-13 6.43211e-14
-1.91317e-13 3.79149e-13 -9.22535e-14
1.35434e-12 -1.45033e-13 3.06785e-14
-2.49493e-15 -2.40103e-14 -1.38489e-14
-1.36774e-12 1.71005e-12 -7.41607e-13
5.35418e-13 1.7001e-13 -4.35351e-13
-6.45658e-13 2.24837e-13 1.99321e-12
-2.02222e-13 -1.94815e-13 -2.61805e-13
-2.4476e-16 6.96269e-22 -7.22337e-14
-4.66466e-13 7.59687e-13 1.6374e-13
-4.02667e-13 1.26644e-12 2.15258e-14
-1.38129e-12 6.25326e-13 -4.02102e-13
5.47972e-13 -1.64722e-12 -2.31139e-13
9.78627e-13 1.70479e-12 -3.842e-13
9.62979e-13 -2.01144e-12 -5.96504e-13
-1.03147e-12 1.30422e-12 -1.21975e-12
-1.73111e-13 9.61065e-13 -8.74515e-14
-6.87527e-13 2.88853e-13 -5.36165e-14
-2.55691e-20 1.93176e-19 6.42853e-19
1.69926e-13 6.4348e-14 3.09072e-14
3.16449e-13 1.13903e-12 4.31854e-13
-2.37224e-13 2.27867e-13 -6.62165e-14
-3.89732e-13 3.79139e-13 5.23376e-14
1.02118e-12 -1.57244e-12 1.72973e-13
-1.16928e-13 4.57147e-13 -1.39848e-13
-5.02577e-13 1.36379e-12 -1.75486e-13
-4.89444e-13 1.04989e-13 1.41747e-13
-2.31737e-14 1.04435e-12 -1.76125e-13
1.87836e-12 1.43712e-12 1.69241e-12
9.18264e-13 4.39981e-13 2.10522e-13
-9.66117e-18 1.3342e-20 7.37626e-15
3.01027e-12 1.83028e-12 1.26662e-12
6.44836e-16 4.27582e-15 -5.63117e-14
-1.16979e-12 -1.8418e-13 3.15813e-12
3.96234e-13 -2.39348e-13 1.43682e-13
-4.3897e-13 6.77931e-14 4.78399e-15
-6.59104e-13 1.32208e-12 1.51445e-13
-3.68411e-13 1.44188e-12 -7.27272e-14
-5.69233e-18 -6.73715e-23 4.34637e-15
4.43332e-14 -6.14976e-14 1.25056e-13
1.62989e-13 1.0792e-12 -8.49456e-14
-1.20738e-13 -1.97577e-13 -6.79476e-13
1.90706e-13 8.94808e-13 -4.28288e-14
1.35654e-12 1.42899e-12 -7.41584e-13
7.67237e-12 2.86346e-12 1.02222e-12
-1.69616e-13 1.04932e-12 -1.68786e-13
-1.81674e-13 1.53738e-12 -1.96095e-13
-5.13717e-17 5.88465e-15 2.33592e-14
-1.94918e-13 2.03787e-13 3.52457e-14
2.25193e-14 1.04802e-13 -3.92273e-14
-2.7237e-12 3.04624e-13 -2.62013e-13
-7.52168e-13 1.28876e-13 -1.10503e-13
-2.18184e-14 5.64427e-14 1.65755e-14
-6.80878e-13 2.71447e-13 -6.56179e-14
2.19807e-12 -2.2968e-12 2.38427e-12
1.77235e-12 5.06432e-13 -1.05598e-13
3.4772e-12 1.72933e-12 -6.51466e-14
7.59207e-12 -1.08769e-12 1.96741e-12
1.92091e-13 2.24193e-13 -4.55069e-14
-2.43697e-12 1.15823e-12 1.54957e-12
-7.49355e-14 7.57603e-14 -4.01054e-13
-3.54153e-13 9.13706e-13 -4.31256e-14
3.57448e-20 -3.68114e-20 -1.35039e-19
-7.44829e-16 1.79849e-14 7.74801e-14
1.78107e-17 4.01897e-17 2.53016e-16
4.23853e-13 5.14138e-13 6.6185e-14
7.60997e-16 -3.87748e-14 1.60987e-14
-1.77184e-13 2.03404e-13 5.80649e-14
5.68243e-13 -8.68046e-13 2.46643e-13
-2.53314e-12 1.00699e-12 1.59037e-13
-5.3653e-13 1.0923e-12 2.17301e-13
1.30769e-12 4.99235e-13 -3.8966e-13
-5.62005e-13 7.88076e-13 5.93763e-14
-7.83668e-13 6.25411e-13 -1.189e-13
2.11616e-13 2.98098e-13 5.87463e-13
1.01276e-15 -6.73956e-15 -8.80823e-14
1.32149e-12 -4.11779e-13 1.64329e-13
4.1514e-12 -5.94392e-12 -1.02102e-11
-2.834e-12 -5.88289e-13 1.85118e-13
-9.97101e-13 1.22434e-12 2.23333e-13
-6.25662e-13 2.18178e-13 1.08999e-14
1.43671e-12 8.99433e-13 7.96404e-14
1.85706e-12 1.41206e-12 -2.45083e-13
-2.21068e-12 -9.18467e-13 -3.10363e-13
7.20488e-13 1.11731e-12 4.46131e-13
-7.59858e-12 -1.21701e-12 -1.56032e-12
-1.49963e-11 2.04729e-11 5.79436e-13
9.96324e-13 6.89309e-13 -1.36476e-13
3.06416e-13 -1.3378e-12 -4.46253e-13
9.32705e-13 1.33908e-12 -1.20561e-13
-1.10017e-12 -4.03617e-13 -4.02379e-13
2.01966e-13 9.34037e-13 -2.16858e-13
-1.87438e-13 -1.36585e-13 -2.57524e-14
-5.12839e-12 1.714e-12 -1.45441e-12
5.56835e-13 -4.91507e-14 3.62046e-13
1.65359e-12 6.94725e-13 -2.46495e-13
1.68394e-14 -1.23142e-12 -1.11724e-12
-6.63774e-16 2.504e-21 -1.95892e-13
1.96509e-13 -9.5716e-14 -1.88487e-13
4.07614e-13 -3.26313e-13 5.54419e-14
-2.66572e-11 9.62908e-12 1.67907e-12
-2.73927e-12 7.78277e-13 -3.11624e-13
-4.99049e-13 5.23073e-13 -3.93325e-14
4.87117e-13 -1.65549e-13 -1.99665e-13
1.43719e-12 1.34652e-12 -8.19844e-13
-5.64689e-12 -5.25583e-12 -1.49879e-12
-2.6883e-15 -2.90248e-13 -4.25754e-13
-9.91565e-19 5.42764e-19 4.82082e-16
1.82138e-12 1.61617e-12 -2.03176e-13
7.71409e-13 -1.02865e-13 -5.90398e-13
1.80471e-12 -5.76339e-13 7.27057e-14
-5.1492e-21 -1.0253e-19 -3.72507e-20
3.19818e-13 -9.93333e-14 -2.16963e-13
-3.13961e-13 6.1682e-13 -6.0257e-14
-1.24388e-13 -1.4196e-13 -7.19952e-14
2.55547e-13 -1.95704e-13 -1.47034e-13
5.76728e-13 1.29816e-12 -2.89173e-13
1.21262e-13 1.59696e-14 -8.0831e-14
3.39757e-12 -1.44489e-12 1.5839e-13
-1.73849e-13 2.38615e-13 6.29342e-14
-1.78837e-19 1.2996e-19 -1.65739e-19
-9.29721e-13 1.72079e-12 -9.54203e-14
-1.93674e-14 -2.26022e-13 -1.71423e-13
1.81758e-13 -5.46166e-14 -3.0232e-14
-3.40231e-13 1.7116e-12 3.78728e-13
1.78416e-13 2.72187e-13 1.11967e-13
2.10235e-12 8.27256e-13 2.1017e-13
1.39237e-12 1.33376e-13 -6.08981e-13
-8.86228e-14 1.5828e-12 -5.2792e-13
2.09787e-13 -1.7635e-13 4.69427e-14
2.9473e-12 1.32583e-12 -5.0357e-13
-1.20174e-11 1.78322e-12 3.98741e-12
-1.07918e-13 3.28625e-13 1.14975e-13
-3.73552e-13 2.19749e-13 -5.93424e-14
1.31212e-12 6.49238e-13 -1.75312e-13
9.52897e-13 1.36736e-12 -3.43288e-13
1.52103e-13 1.804e-12 -3.29709e-13
-1.69008e-12 5.17288e-13 4.85473e-12
-1.8218e-15 1.2118e-14 1.58376e-13
6.05051e-13 -1.61402e-13 -1.23532e-13
-2.3356e-19 -4.84079e-19 2.51194e-19
-2.65942e-11 8.8827e-13 -4.20258e-12
-1.45803e-13 -1.27124e-13 1.70031e-13
2.92676e-13 1.44575e-12 -2.80584e-13
2.05593e-15 1.36333e-14 -1.79547e-13
-7.71802e-13 1.23819e-12 2.02582e-13
4.51733e-13 3.16883e-13 -9.26684e-14
-6.52429e-12 -1.42076e-12 -1.67086e-12
-6.53807e-13 -4.91819e-13 -2.43421e-13
-2.76098e-11 7.13124e-12 -6.12125e-12
1.86354e-12 7.40766e-13 -9.41409e-13
-1.12557e-11 -2.50225e-13 -1.70315e-12
-5.52994e-15 3.16743e-14 -9.88807e-14
-3.38432e-13 3.35449e-13 1.58884e-13
-6.19458e-20 1.23158e-19 3.30286e-19
-6.27246e-19 1.87285e-19 8.16356e-20
-7.13036e-14 -2.97944e-13 -2.20479e-13
3.34313e-14 6.15543e-13 -5.33391e-14
-9.95032e-12 1.68069e-12 -9.54333e-13
2.61829e-13 4.58223e-13 -1.21038e-13
1.82381e-12 7.38694e-13 -3.37161e-13
1.50909e-13 3.0244e-13 -6.81863e-14
-8.92409e-13 -4.93565e-13 -9.56841e-14
-1.49251e-13 1.78222e-13 -2.68318e-13
-6.31378e-13 8.00121e-13 -1.06442e-13
-2.25982e-14 1.7836e-13 1.89059e-13
-1.1956e-13 2.88917e-13 4.07534e-14
2.27715e-11 -4.38284e-12 4.6682e-12
-1.63775e-12 -4.67333e-13 7.81522e-13
6.94803e-13 7.70547e-13 -1.32472e-13
-1.71442e-12 -4.25549e-14 -6.63533e-14
2.56597e-13 6.01057e-13 -4.27785e-13
3.9312e-13 -1.36047e-13 -9.63268e-13
-3.01887e-13 5.04039e-13 1.12725e-13
9.226e-13 8.44646e-13 -6.84473e-13
-2.60842e-13 1.26099e-12 -2.76485e-13
-1.344e-12 1.24074e-12 3.14876e-13
9.81506e-13 1.40317e-12 -6.41163e-13
7.61744e-14 5.86551e-13 3.02828e-13
-6.19407e-13 1.19732e-12 -8.10035e-14
-5.58403e-13 3.4461e-13 -8.92322e-14
1.78721e-15 4.25939e-14 -1.84002e-13
-1.32388e-12 -4.65344e-13 -1.1902e-12
-8.53927e-13 -7.96142e-14 -3.04886e-13
-2.79768e-12 -8.44937e-14 3.5402e-13
-6.18421e-13 5.85486e-13 9.0541e-14
-5.36022e-13 5.19578e-13 -1.59798e-13
-6.09151e-21 9.09984e-20 -1.20556e-19
-1.89906e-13 7.94939e-14 -3.72388e-13
-1.79471e-13 2.23047e-13 1.89921e-14
3.54103e-15 -8.48492e-14 8.61698e-14
-1.25622e-12 2.51765e-12 -4.27066e-13
3.15955e-12 -4.07238e-12 1.46117e-12
4.0865e-13 1.07815e-13 8.45513e-14
-3.9846e-12 -1.24301e-12 7.72292e-12
-1.08423e-12 -7.47428e-13 -3.45289e-13
-1.91302e-13 5.2541e-14 2.29629e-13
9.49146e-18 -9.33339e-21 -7.24676e-15
2.2441e-12 8.61106e-13 -1.21412e-13
9.65312e-13 1.0177e-12 -2.9763e-13
2.51315e-13 1.5815e-13 -1.75353e-13
4.13313e-13 -8.42766e-13 -2.28109e-13
4.36081e-13 -1.61806e-12 -4.59283e-14
8.13959e-13 1.28015e-12 4.54113e-14
5.46389e-13 5.52478e-13 1.32191e-12
-4.13588e-14 -7.68117e-14 -6.48961e-14
1.84063e-13 2.03828e-13 -1.26156e-13
-1.58983e-11 -1.55404e-12 1.95533e-12
-6.11352e-13 4.85855e-13 1.24888e-14
-6.13667e-12 -2.10706e-12 9.83212e-13
1.56333e-13 9.97586e-15 -8.72633e-15
-1.03303e-13 7.17801e-14 -4.67297e-13
-1.58169e-12 9.49873e-13 -8.14562e-13
9.05651e-14 6.47424e-15 -3.57209e-14
-8.69178e-13 3.68412e-12 -3.92791e-13
-2.17035e-13 1.19782e-12 7.14367e-14
1.46081e-12 -2.29836e-13 -8.2978e-13
-8.12662e-14 4.05201e-13 2.25848e-13
-1.15446e-12 1.49858e-13 3.46849e-13
4.29336e-12 6.567e-13 -5.91405e-13
-1.12941e-12 1.76874e-12 8.47e-13
2.7219e-13 1.4246e-13 2.41198e-14
4.47376e-13 7.40998e-13 -3.83751e-13
-8.64753e-13 8.81235e-13 -2.30024e-14
1.77589e-11 -8.5676e-12 1.92071e-12
-7.22227e-16 -4.78924e-15 6.30733e-14
-1.04215e-12 9.99377e-13 -5.19901e-13
2.83277e-13 4.65416e-14 1.62083e-14
1.54614e-13 -2.1445e-13 -1.6519e-13
-1.51356e-12 -8.59323e-14 -4.80384e-13
-4.31372e-13 -6.42623e-14 -2.459e-13
2.83264e-13 1.3156e-12 2.03252e-12
-2.42248e-13 5.61839e-13 2.17146e-13
1.3278e-12 4.47727e-13 3.82298e-13
1.2992e-12 -1.83045e-12 -8.88484e-13
2.25993e-13 6.50503e-13 -8.94933e-14
-3.75462e-14 7.19699e-13 2.21931e-14
-1.16092e-12 2.08748e-13 -8.44649e-14
-1.5412e-12 1.33247e-13 -1.22864e-13
1.17874e-12 1.07697e-12 -1.93879e-13
7.9628e-13 -3.13982e-15 1.16996e-15
4.6115e-19 -7.0039e-22 -3.5236e-16
-4.19552e-13 1.11034e-12 3.4229e-14
-3.14246e-13 9.8878e-13 1.54544e-13
2.47286e-20 2.01326e-20 7.64558e-20
-1.96427e-14 -1.97061e-13 1.79427e-13
3.31539e-13 5.90215e-13 1.09654e-13
-3.44963e-12 -1.91372e-12 -3.94459e-13
-2.8257e-15 -1.87874e-13 2.20866e-14
-2.88245e-11 -4.60686e-12 -6.59855e-12
1.63453e-12 1.0208e-12 -1.73963e-13
9.84035e-13 9.16522e-13 -4.04202e-13
-9.46201e-18 2.68809e-20 7.22451e-15
-1.60102e-13 -2.28719e-13 -2.55042e-13
1.93887e-13 2.93658e-13 -2.98292e-13
5.1873e-12 -2.02334e-12 -2.39708e-12
-1.65463e-13 -4.44686e-13 1.06755e-13
-1.79045e-13 1.19503e-12 -1.17071e-13
-3.19889e-13 1.17037e-12 2.26621e-13
-7.88785e-13 1.26732e-12 -1.11672e-13
-2.10555e-12 -7.48392e-13 6.95753e-14
1.31833e-12 -4.54042e-14 -8.51725e-14
-2.53925e-13 -2.15491e-13 6.793e-14
3.50379e-13 6.34338e-13 2.11364e-13
6.78473e-13 1.19474e-12 6.83138e-15
1.95378e-11 1.34567e-10 -5.14136e-12
-6.56097e-14 1.10149e-13 -5.75776e-14
-2.4577e-12 -2.03181e-12 3.06679e-12
4.43009e-18 4.71109e-21 -3.38226e-15
3.71523e-12 5.2462e-12 5.51835e-12
9.40549e-13 -1.34862e-12 -8.98879e-13
1.73959e-20 4.13177e-20 9.58559e-21
1.5066e-13 6.19787e-14 2.26479e-14
1.27834e-13 -7.42072e-13 1.78092e-13
1.49346e-12 -7.60397e-13 3.77907e-13
1.04037e-13 1.36373e-13 7.22228e-14
-3.26006e-12 -2.84567e-12 -2.12284e-12
1.29247e-12 8.51919e-13 -8.27471e-14
2.97109e-13 -1.31037e-13 6.91683e-14
-1.25739e-12 2.7121e-12 2.05553e-13
1.41888e-13 8.68301e-14 -1.36788e-13
9.15752e-14 -1.11333e-13 -1.094e-13
2.77743e-12 1.77084e-12 -9.21326e-13
-1.55524e-13 -4.98952e-13 -1.60503e-14
1.46713e-12 2.36656e-12 4.57305e-13
9.07397e-14 1.62728e-13 4.85901e-14
6.76848e-13 1.59536e-13 1.78671e-13
1.7805e-12 -4.05942e-13 -9.9591e-13
-1.17977e-13 -2.02794e-13 -4.04793e-13
1.78697e-13 -4.93397e-14 -2.79492e-13
-1.71403e-13 -7.0762e-14 -5.68232e-14
3.98372e-13 1.94717e-13 -1.83082e-13
-5.54502e-13 -3.54084e-13 -1.81443e-13
8.7452e-13 9.65711e-13 5.76655e-13
1.60362e-14 -1.69244e-14 -1.14145e-13
1.10524e-11 -8.71996e-13 1.30882e-13
2.24149e-12 -2.78828e-13 -5.47543e-13
-2.76977e-13 8.42418e-13 3.50153e-13
-6.39309e-13 -8.74194e-13 -4.81869e-13
4.44364e-13 -3.17705e-13 -1.95826e-13
-1.5078e-12 -7.84251e-14 2.83142e-13
9.49133e-18 4.23493e-21 -7.24676e-15
9.38525e-13 2.28678e-13 1.27944e-13
-5.11329e-13 8.30458e-13 1.0662e-13
3.33994e-12 -7.70775e-13 -7.09437e-14
3.76652e-13 -3.99968e-13 -1.47246e-13
8.16823e-14 -5.59445e-13 -6.98519e-13
-2.22284e-14 -1.72125e-13 -1.18922e-13
-2.73221e-11 3.47563e-11 -2.09178e-12
7.94955e-13 4.08375e-13 6.60077e-13
-4.09481e-15 -4.48892e-14 5.42445e-14
-1.04641e-15 4.15214e-14 1.05847e-13
3.96475e-13 -1.55239e-13 4.7326e-14
1.99515e-13 -6.63891e-13 -3.15006e-14
-3.48174e-13 -1.61212e-13 -9.47874e-15
1.14319e-12 1.18617e-12 1.34575e-13
6.86921e-13 -4.94424e-13 -2.6343e-13
-3.92566e-13 1.45262e-13 -8.03908e-14
-2.64052e-13 1.68868e-13 1.00009e-13
-4.5096e-13 2.91926e-14 -1.85591e-14
2.43018e-15 -1.61683e-14 -2.11313e-13
-1.36281e-13 -1.21327e-15 -1.60207e-13
1.41927e-12 1.39245e-12 -5.97257e-13
-3.29041e-12 -8.23606e-13 5.53624e-13
-4.76082e-13 7.4312e-13 -5.18889e-13
1.07828e-17 3.80084e-21 -8.23297e-15
2.07615e-13 7.6491e-13 5.47227e-14
-4.51444e-21 5.03492e-20 9.53608e-21
1.90402e-13 1.06103e-13 1.55026e-14
-3.19089e-13 8.24683e-13 1.95312e-13
-1.80376e-11 -1.98466e-12 -4.03208e-12
2.70708e-13 1.99517e-13 -1.69788e-14
1.95981e-13 -1.33763e-13 -4.06771e-13
-2.02107e-13 8.74857e-13 2.58168e-13
-1.28708e-12 -4.17452e-12 7.3017e-13
5.16976e-14 2.97012e-13 7.94587e-14
-2.55177e-13 -5.17141e-13 2.94257e-13
1.04786e-13 -1.1941e-12 4.47739e-14
1.05845e-17 -2.8285e-23 -8.08106e-15
-6.6794e-13 5.16399e-13 -1.97836e-13
3.12503e-13 5.45356e-13 1.86477e-13
1.52738e-15 -3.68192e-14 -1.58619e-13
8.59853e-14 3.55804e-15 -2.58976e-13
2.00946e-13 -5.97323e-15 -1.08501e-13
-8.38949e-12 -1.14577e-12 1.40839e-11
2.87172e-12 -8.09974e-13 -9.73869e-13
-1.50566e-13 3.82034e-14 -2.20893e-13
-2.71657e-13 1.84708e-13 -1.36379e-13
-9.8261e-12 -1.59377e-12 1.34431e-12
-2.75685e-11 4.77162e-12 2.95206e-12
-2.77657e-11 7.05111e-12 1.25482e-11
-4.08909e-13 5.22367e-13 -6.55994e-14
7.72214e-13 1.32085e-12 -6.08292e-13
-8.22447e-13 1.44945e-12 5.11024e-13
3.68447e-13 -1.64127e-12 2.84109e-13
1.87651e-12 4.74404e-13 6.01071e-14
-1.61547e-12 -1.2655e-13 -2.53573e-13
2.98007e-12 1.1414e-12 -7.77884e-14
2.22573e-12 -4.34349e-12 -4.26804e-13
5.01788e-13 1.01819e-12 -2.89832e-13
4.96054e-13 -3.85333e-13 5.63213e-14
-1.0833e-13 2.396e-13 -3.36477e-14
3.34557e-13 -3.25314e-14 5.90323e-15
-1.39617e-12 6.50512e-13 1.08642e-13
9.58885e-13 4.01535e-13 7.54372e-13
3.47939e-13 6.36314e-13 -4.0603e-14
4.64579e-12 -9.78858e-13 -5.08555e-15
-4.50486e-12 -1.58986e-12 1.25406e-12
-2.58445e-13 -6.6919e-13 5.23513e-14
-5.33615e-13 2.19055e-13 1.8343e-13
-1.0056e-13 -8.41151e-14 -8.04642e-14
-1.01327e-11 -1.91758e-12 5.07928e-14
6.17193e-12 -1.00131e-11 1.22417e-12
-5.34883e-13 8.0394e-13 -4.04523e-14

VECTORS force float
-2.72551e-15 -7.50462e-15 -3.12064e-15
1.88971e-17 -1.94952e-17 -7.82028e-18
4.21063e-18 -2.34631e-19 -8.48515e-19
-1.55861e-18 -8.86478e-18 6.46184e-18
7.24047e-17 -3.66742e-17 3.82447e-18
2.032e-17 -2.10609e-17 -1.72014e-19
6.46235e-27 6.10487e-26 0.0
-1.44956e-16 -3.46491e-17 -3.50557e-17
4.00987e-17 -3.61983e-17 -9.80123e-19
-8.27181e-25 0.0 0.0
-7.37706e-18 -9.72161e-18 9.6075e-18
-6.46235e-27 -7.0802e-27 0.0
-1.88125e-17 3.54645e-18 3.78482e-18
-9.66083e-17 -4.38693e-17 -2.15159e-17
1.59591e-17 -3.33262e-17 -3.32156e-18
-2.63177e-17 1.04391e-17 -5.17178e-18
2.73787e-17 -6.72321e-17 1.8579e-17
2.85154e-18 5.89535e-19 3.3965e-18
1.15761e-17 1.79637e-19 1.40772e-17
3.08894e-18 1.4473e-18 6.38081e-19
2.55304e-17 1.81143e-17 1.19883e-16
-1.72067e-17 1.37251e-17 -3.3516e-18
3.52942e-17 -3.11536e-17 -8.0766e-18
-5.49384e-17 -7.42705e-18 1.50751e-18
-5.91367e-18 9.32176e-18 1.47701e-18
-4.53305e-17 -7.58055e-17 2.25251e-17
-3.23799e-18 4.92238e-17 1.68088e-17
-6.24599e-18 1.54774e-18 1.08361e-17
-9.23449e-18 -5.45135e-18 -1.65907e-18
4.87841e-17 -3.11308e-17 2.58594e-17
-5.29655e-18 -1.26927e-17 -8.68209e-19
2.38883e-17 -4.37378e-17 -1.33297e-17
1.678e-18 1.42769e-17 -2.53416e-18
1.28868e-16 -1.22169e-16 -3.82698e-17
1.1794e-17 3.12976e-18 -5.14967e-18
-7.12355e-19 4.23696e-18 2.64199e-18
3.3352e-17 1.64169e-17 -4.80069e-18
4.66664e-18 -2.66138e-17 3.11782e-18
0.0 -3.12295e-27 0.0
2.52799e-17 2.12967e-17 7.53573e-18
1.7232e-18 -1.16307e-17 3.96644e-18
1.45448e-16 -2.51487e-17 4.43942e-17
-1.92309e-17 -1.28601e-17 5.84331e-18
-3.92311e-16 -7.40266e-18 -1.92645e-16
1.78274e-18 4.58781e-19 -2.44005e-19
-2.22187e-17 -2.86744e-18 1.02957e-17
-1.08642e-18 -7.76137e-19 -7.60146e-20
1.72075e-17 1.0429e-16 8.72664e-18
3.51405e-17 -1.12235e-17 3.6404e-18
3.06711e-17 1.76057e-17 2.61819e-17
7.03907e-17 -3.57454e-17 1.2354e-18
1.00303e-17 -1.84258e-17 -1.63774e-18
2.1513e-18 7.04005e-18 7.36114e-18
-8.27181e-25 1.65436e-24 0.0
3.0209e-17 -2.60535e-17 5.41533e-18
2.7168e-18 -8.87629e-18 1.74233e-17
-4.70624e-18 1.1151e-17 3.95421e-18
4.08617e-17 -1.62564e-17 -6.99811e-18
1.84703e-17 6.88891e-18 -2.94047e-18
6.47938e-18 4.50675e-18 3.58639e-18
2.90784e-19 -4.1611e-18 -7.16368e-18
2.33944e-17 -4.38557e-18 9.89005e-18
1.04024e-17 -2.81876e-17 5.00113e-17
0.0 1.90959e-25 0.0
-1.57715e-17 -7.77374e-18 4.21122e-18
5.06648e-24 -1.36485e-23 0.0
1.34433e-17 -1.6604e-18 -6.53424e-18
-3.97509e-17 -3.19665e-18 6.16821e-17
5.63233e-18 -1.4659e-17 -1.6852e-18
2.83933e-18 -1.04015e-17 -9.95462e-20
9.81245e-18 3.95415e-18 -5.79331e-18
4.61596e-18 6.16799e-19 -2.56418e-18
3.10477e-17 -5.50146e-17 2.83502e-17
2.86058e-17 -1.48294e-16 -4.23262e-17
5.52671e-17 5.6558e-18 6.19098e-17
5.52718e-16 -3.82772e-16 -1.97609e-16
5.61374e-18 -2.99871e-17 -1.67103e-17
2.11765e-17 3.34687e-19 -2.78182e-17
0.0 0.0 0.0
1.43907e-17 -3.45775e-18 -8.94063e-18
-3.61873e-17 6.60042e-17 5.473e-18
-2.25331e-19 -1.37345e-17 3.26965e-19
2.02749e-17 -6.89717e-18 -6.48134e-18
4.97348e-17 -1.90235e-16 -4.24726e-18
-9.60013e-18 -1.963e-17 8.90084e-18
3.88041e-17 -5.93055e-17 -6.77012e-18
-7.66204e-18 -6.4032e-18 -1.27668e-17
4.64833e-17 -9.54202e-18 5.19192e-17
2.62794e-17 -5.58806e-17 -1.59071e-17
4.67961e-18 -7.07153e-18 1.26917e-18
6.9881e-18 1.71473e-17 5.57582e-18
-2.3166e-17 -1.28838e-17 4.11393e-18
0.0 -7.52968e-28 0.0
1.84968e-16 -7.34282e-17 9.33672e-17
1.27735e-17 1.27934e-17 6.10589e-18
-4.75629e-24 -4.1359e-25 0.0
1.60454e-18 -1.66556e-17 -4.12951e-18
1.37403e-17 -2.62387e-17 -1.67777e-17
2.36196e-17 -1.39205e-17 2.30439e-18
-3.2124e-17 2.60671e-17 3.20794e-17
-2.22306e-18 -1.40641e-18 -6.96288e-19
1.38721e-17 3.94642e-18 5.91753e-18
3.32323e-17 2.33637e-17 7.1378e-18
1.29247e-26 -1.52097e-25 0.0
-9.63526e-18 -3.52193e-17 -2.81032e-17
-9.05643e-17 -3.35205e-17 2.79669e-17
-2.18357e-16 -4.25152e-16 9.87392e-18
3.49871e-17 2.22722e-18 -2.31007e-18
7.56475e-18 2.54971e-17 2.03954e-17
-1.18524e-16 -5.64434e-17 -7.8338e-17
-3.39317e-17 -1.6829e-17 -4.34241e-17
1.73761e-16 -5.03838e-17 -8.76481e-19
-2.77738e-17 7.10426e-18 2.28674e-17
6.71721e-18 -7.4009e-18 1.24992e-16
9.02924e-17 6.55022e-17 6.28933e-17
-7.11201e-17 -2.95268e-17 -1.71274e-16
-6.11434e-18 -3.40339e-18 6.10986e-18
-1.37238e-18 -2.438e-17 4.33405e-18
1.81204e-19 -3.28876e-18 -2.02428e-20
-5.93328e-18 -3.88418e-17 3.5233e-18
5.10237e-18 -1.34057e-17 1.37104e-17
3.7501e-17 7.87325e-18 1.10386e-17
1.56832e-17 -2.75959e-18 1.03811e-17
4.65924e-18 -1.61379e-17 -5.04787e-18
-1.79709e-17 4.86404e-17 -5.31114e-17
9.06325e-20 3.28863e-18 -2.19732e-19
2.99239e-17 -1.66178e-17 -6.92111e-18
8.51089e-18 -3.59947e-17 3.22259e-17
-2.63099e-17 -1.15016e-17 1.88321e-17
-5.13086e-17 1.59364e-17 4.79348e-18
1.47576e-16 -1.68281e-17 -9.44667e-18
1.44589e-17 -1.17174e-17 -1.02022e-18
1.39312e-17 -5.04276e-19 1.42962e-17
3.66727e-17 -3.62673e-17 3.47774e-18
2.02337e-16 9.77104e-17 3.28933e-17
-6.46235e-27 1.61263e-27 0.0
-3.70626e-17 -5.21962e-17 1.43449e-17
2.85515e-17 -1.14185e-16 -4.9201e-17
-3.40489e-17 5.97676e-17 1.83559e-17
-1.07181e-18 -6.67653e-18 -5.16521e-18
4.10635e-17 -2.73553e-19 -1.41408e-19
1.38283e-17 -3.02089e-18 1.82472e-18
2.11878e-17 -1.71192e-17 9.62844e-18
1.49782e-16 -5.63283e-17 1.65438e-17
1.30208e-16 -8.81301e-17 -1.61991e-17
1.18085e-17 2.80257e-18 3.56177e-19
2.12074e-17 -8.98924e-18 1.5455e-17
5.14724e-17 9.97008e-18 -3.26542e-18
-6.46235e-27 6.18743e-27 0.0
7.31487e-17 5.40449e-18 -2.20371e-17
2.76395e-18 -3.17306e-20 5.22614e-18
4.90585e-17 -3.10505e-17 -2.09884e-18
8.6479e-17 -7.57362e-17 1.22774e-16
-2.02376e-17 -3.68378e-18 -1.86323e-18
4.0287e-20 -4.34556e-17 1.40279e-17
-4.98974e-18 4.8481e-18 -6.78211e-18
8.93074e-18 1.29381e-17 3.70141e-17
-7.11339e-18 5.96259e-18 1.09978e-18
0.0 1.49995e-26 0.0
-6.35293e-18 -2.95114e-18 -2.81361e-19
-1.00548e-16 3.94005e-17 -3.90747e-19
9.12288e-17 2.66968e-18 -2.78611e-17
3.37717e-17 -6.15893e-17 -2.39655e-18
-9.8129e-17 -4.91567e-17 -5.79706e-17
-2.6816e-17 -5.54715e-17 8.02641e-17
1.15637e-16 -2.40879e-17 3.47274e-17
4.10797e-17 3.96361e-17 -1.30129e-18
-2.08167e-16 2.04739e-17 2.05433e-17
3.49154e-18 -6.87415e-18 -3.17779e-18
-1.29752e-16 -1.9271e-16 1.68264e-17
2.48604e-18 -1.19229e-17 -1.66876e-18
6.77441e-19 -7.55626e-19 -5.46531e-18
9.039e-18 1.32054e-17 -4.00485e-18
7.23262e-17 -1.43452e-16 -6.33625e-17
1.99212e-17 6.4959e-18 3.96778e-17
4.88399e-17 -1.80369e-17 -1.24436e-17
6.00155e-18 9.87545e-18 -1.75759e-19
-1.84571e-17 -7.45545e-18 -2.1066e-18
-1.44306e-16 -1.68079e-17 2.01762e-17
3.16244e-18 -1.39354e-17 -1.30057e-18
-9.06653e-18 3.45952e-17 1.09112e-17
1.23046e-17 -1.25543e-17 9.16053e-19
7.9859e-17 -6.23602e-17 -6.15482e-17
-1.23245e-17 -8.12516e-19 6.02727e-18
2.50428e-18 1.86505e-17 -1.32949e-17
7.85972e-17 -5.30272e-17 1.68021e-17
1.14118e-18 -3.31078e-17 2.47316e-17
-1.28908e-17 1.0917e-17 1.11778e-17
2.73323e-17 -3.05433e-17 4.03693e-18
3.76228e-18 3.10063e-17 -6.96972e-18
3.42609e-18 -1.84611e-17 -9.74673e-18
-4.51402e-18 1.75561e-17 -4.0524e-18
1.73065e-18 -1.55645e-18 1.7008e-17
2.91304e-17 2.10562e-17 7.09276e-18
-9.82889e-17 2.55383e-18 -1.41549e-17
1.43017e-17 -2.44651e-17 -1.55892e-17
1.01304e-17 -3.25256e-17 8.71427e-18
9.90574e-16 -3.10111e-16 -1.33887e-15
5.44566e-17 -7.09514e-17 2.69206e-17
3.25813e-18 -7.72695e-18 2.35703e-19
1.31588e-17 3.23426e-18 -4.18646e-18
-1.16806e-18 2.07595e-18 6.39933e-19
1.84912e-17 1.35026e-17 -4.90021e-18
3.59883e-16 -8.27642e-17 4.67984e-16
-6.80832e-17 -4.54141e-17 -3.26003e-17
7.11417e-17 3.66993e-17 3.54394e-17
1.60007e-17 -1.2187e-16 -1.58868e-17
-7.76513e-18 -1.94722e-17 5.39044e-18
-2.14043e-17 9.61525e-18 2.01622e-17
3.07341e-17 1.43621e-17 -1.59775e-17
3.01025e-16 -9.47719e-18 2.89789e-16
1.24078e-17 -1.89573e-17 -9.45714e-18
-2.43383e-17 6.95982e-17 -4.75969e-17
-1.57466e-17 -1.37117e-17 -8.15263e-18
0.0 -1.46284e-24 0.0
1.40419e-17 -4.92908e-17 -8.9335e-18
-3.4447e-17 4.586e-17 -4.80686e-18
4.17968e-17 -4.83949e-17 4.2177e-17
2.25323e-17 -5.18684e-17 1.13677e-17
1.00564e-16 -2.01806e-17 6.75245e-18
1.65082e-17 5.92388e-18 -4.05829e-17
-2.97849e-17 -2.3235e-17 9.69568e-18
7.31638e-18 -1.21404e-17 6.07935e-18
-1.05504e-17 2.17222e-17 1.34271e-18
-3.75789e-17 1.24896e-16 3.31531e-18
6.46235e-27 -1.20242e-27 0.0
-6.0953e-18 -4.83026e-17 3.16665e-18
0.0 1.37925e-24 0.0
2.28534e-17 3.38538e-17 2.04601e-17
-3.11688e-17 -7.28419e-17 2.44844e-17
7.14816e-17 -8.82013e-17 -2.88809e-18
-4.55983e-23 4.54949e-24 0.0
-1.18295e-17 -3.13185e-17 4.1769e-17
5.59771e-18 9.28764e-18 5.15868e-18
1.33637e-16 -8.90678e-18 -2.73951e-18
-3.35089e-17 1.54565e-18 1.74213e-17
0.0 0.0 0.0
-6.44294e-18 2.28379e-17 5.80562e-18
-1.02083e-17 -1.49137e-17 4.52292e-18
3.09208e-17 -1.40543e-17 -2.05548e-18
1.61656e-16 -2.02448e-17 -4.00035e-17
2.06089e-17 6.20477e-18 1.04812e-17
2.62356e-17 -7.38589e-18 6.64793e-19
-1.13407e-16 -4.59658e-17 1.56322e-17
-3.26401e-17 8.16184e-18 -5.10673e-17
-2.61079e-23 1.65436e-24 0.0
1.22352e-16 -1.28153e-16 -8.66965e-17
1.16447e-17 -2.29531e-17 -4.1358e-18
-2.78487e-17 -8.79239e-18 5.81088e-18
1.56101e-17 -6.23227e-18 -1.3524e-17
-2.688e-17 -1.61412e-17 3.91847e-17
-3.72231e-24 -4.1359e-25 0.0
8.01844e-19 5.84326e-19 1.00982e-20
2.54237e-18 -4.11295e-18 7.40728e-18
-3.4162e-17 -3.80387e-17 -4.53069e-18
6.8668e-18 3.37897e-18 6.03098e-18
0.0 2.17267e-26 0.0
2.45414e-17 -6.55401e-17 -3.55353e-17
-7.42516e-17 -6.66484e-18 -5.39328e-18
-3.87009e-17 6.22929e-18 -9.8083e-18
-7.63935e-17 6.14164e-17 9.96816e-18
-1.95715e-17 2.78159e-17 1.25835e-18
-8.43854e-18 2.50179e-18 -7.59826e-18
1.51545e-18 -1.86079e-17 2.16957e-18
-3.35855e-16 -2.23569e-16 5.57133e-17
-8.76388e-17 4.05343e-17 1.44176e-17
3.55171e-18 1.91376e-17 2.84863e-18
-1.68266e-16 -2.99146e-17 5.93997e-17
-1.33713e-17 -1.54522e-17 1.15597e-17
-2.88679e-17 3.31118e-18 3.11184e-18
-7.166e-17 5.18229e-17 1.02079e-18
-3.55156e-17 5.21059e-17 1.58401e-17
-1.79304e-16 5.3048e-17 -5.88788e-17
1.49696e-16 1.9582e-17 9.6923e-17
-1.91323e-16 -6.14027e-17 3.34637e-17
-5.63269e-18 -2.94608e-17 -6.24819e-17
-6.43999e-18 5.75636e-18 -9.69195e-18
-8.96503e-16 8.91198e-17 -3.42399e-16
3.28057e-17 -2.6747e-17 -1.64676e-17
4.03192e-17 -3.30975e-18 1.0594e-17
1.78087e-17 -2.22932e-18 1.19391e-17
1.15484e-16 2.88934e-18 6.24529e-18
-2.54048e-17 -2.8687e-17 1.549e-17
2.89234e-17 -2.63452e-17 -1.44117e-17
1.80637e-16 -1.49781e-16 -1.74145e-16
-2.51942e-17 -2.562e-17 1.9245e-17
-4.73957e-17 -1.86856e-16 2.69646e-17
4.36257e-17 -7.22276e-18 -6.50351e-17
1.509e-17 3.97176e-18 4.66445e-18
2.49864e-17 8.59759e-18 5.30465e-18
-5.97003e-19 1.48623e-17 -3.28998e-17
-3.70111e-17 -2.77249e-17 2.67934e-17
-1.74449e-16 -8.15908e-17 -4.44753e-17
-3.40719e-19 -1.20983e-17 2.96387e-17
1.02535e-17 -2.93498e-17 1.65874e-17
2.64402e-18 -4.51911e-18 -1.80272e-19
-1.17805e-16 -5.33894e-18 -4.34274e-17
-6.4261e-18 1.03001e-17 -1.802e-18
-9.68653e-17 -6.11939e-17 -9.90177e-17
5.52406e-17 -2.71941e-17 -1.61375e-17
1.19114e-17 -1.045e-17 -9.77682e-18
-2.48286e-18 -3.31807e-17 8.57224e-20
-1.60171e-18 -7.24753e-17 2.14122e-17
-4.73039e-18 5.80597e-18 6.74903e-18
1.79515e-17 3.57918e-17 -4.74786e-17
6.23776e-18 -6.07394e-17 2.4717e-17
7.42671e-17 -3.73957e-17 1.44727e-17
-5.03201e-18 9.35871e-18 8.65668e-18
9.74715e-18 -2.61726e-17 9.83977e-18
-2.32975e-17 -1.93065e-17 -2.25013e-17
2.65119e-17 -8.52477e-19 -6.02532e-17
-1.67884e-17 -2.5592e-17 -3.77838e-18
-4.14715e-19 1.06833e-17 9.78586e-18
2.83647e-17 -1.25245e-18 1.97541e-17
4.33905e-17 -2.64822e-17 -3.75045e-18
2.38316e-17 -5.43379e-17 5.62806e-18
-1.72935e-19 -3.06638e-17 2.51857e-17
-3.4334e-18 -6.77543e-18 -2.84617e-17
3.88325e-17 -1.9371e-17 7.18501e-18
5.42678e-18 1.43513e-17 1.85784e-17
-1.20078e-16 -1.70827e-17 -1.56665e-17
-1.4189e-16 1.83879e-17 -6.049e-17
-3.27449e-16 1.19597e-16 -4.6758e-17
-1.04428e-17 -1.72026e-17 1.083e-18
3.44848e-17 -4.97146e-18 9.41837e-18
9.67164e-17 -1.46189e-16 9.19883e-17
2.38605e-17 1.38072e-17 2.52553e-17
2.46878e-16 -1.57688e-16 6.21207e-17
1.9583e-17 -1.50253e-18 -7.68502e-18
-1.94483e-17 2.10673e-17 -8.86351e-18
-1.36507e-17 -9.67387e-18 2.06607e-17
2.37119e-17 -1.3236e-16 -4.78265e-17
2.25379e-18 -1.71486e-17 -1.653e-18
2.47263e-17 6.45619e-17 2.11541e-18
-6.26222e-16 -7.63248e-17 -1.5238e-16
6.39384e-18 4.13908e-17 3.7401e-17
1.16452e-16 -1.42096e-16 -2.51009e-17
1.40508e-17 -8.12273e-18 1.37456e-17
0.0 5.40102e-25 0.0
-1.31774e-16 -1.87854e-17 1.75393e-17
3.45859e-17 -1.03615e-16 6.99725e-17
-2.03994e-17 -2.62891e-18 1.98227e-17
-2.18441e-17 -9.54055e-18 1.38039e-17
5.55689e-17 -7.86614e-17 -3.11881e-17
1.81403e-16 -7.18675e-17 2.22085e-16
3.30225e-18 -4.88017e-17 -8.49992e-18
5.39735e-17 -3.29119e-18 -3.88783e-17
-5.30347e-18 -5.8193e-17 8.93922e-18
2.84986e-17 -1.69876e-17 -4.33089e-17
-9.92561e-17 7.54133e-17 8.54016e-18
3.39661e-23 -1.65436e-24 0.0
-3.96777e-16 2.75208e-17 7.76825e-17
8.01539e-17 -1.11617e-17 -3.66614e-18
4.40668e-17 3.12908e-17 3.03566e-18
5.80382e-18 -8.08438e-18 7.17634e-18
1.06672e-22 0.0 0.0
-1.39783e-17 -2.33377e-18 -3.27498e-17
-4.20501e-17 2.88258e-17 2.03379e-17
2.13661e-18 -2.35798e-19 3.02524e-18
-4.87964e-17 -4.431e-18 5.03817e-17
3.77782e-17 -5.57917e-17 -5.47408e-18
3.30872e-24 -3.30872e-24 6.61744e-24
-4.17282e-18 -3.89157e-17 2.44388e-17
-1.14253e-16 3.48246e-17 -6.94812e-17
-9.73943e-17 1.45692e-17 1.48581e-16
8.45082e-17 -5.28717e-17 1.66797e-17
-2.55598e-17 -4.71139e-17 6.46063e-17
5.78545e-17 -2.0555e-17 1.15185e-16
9.13273e-17 9.20656e-18 2.10668e-17
1.84426e-17 -8.74758e-18 -5.2203e-18
-2.09206e-17 1.52245e-17 -1.29024e-17
1.26693e-16 -1.87032e-16 -5.55887e-18
-3.71759e-17 2.16258e-18 2.32434e-18
1.61521e-17 -1.01837e-16 -2.91721e-17
1.61596e-16 -1.38623e-16 1.05899e-16
-3.94691e-17 4.84948e-17 -3.61418e-18
-1.49893e-17 6.40727e-18 -2.16387e-17
-1.84097e-16 2.78583e-17 -3.24525e-17
2.15202e-18 -2.2217e-17 -1.93888e-17
2.27375e-20 -2.43331e-17 -1.48642e-17
-9.22464e-16 6.64937e-17 -8.05205e-17
1.63809e-18 2.0253e-18 -3.0727e-17
2.03016e-17 -4.29287e-19 1.63823e-17
3.90765e-17 -8.31352e-18 4.23998e-18
-1.00611e-17 3.04398e-17 1.08259e-17
1.70108e-17 -3.48709e-17 3.0724e-17
-1.18508e-16 2.15681e-18 -5.61529e-17
0.0 -7.74053e-26 0.0
-2.58779e-16 3.46892e-17 4.65374e-17
-7.23921e-16 4.65634e-16 5.70679e-17
5.26488e-17 2.49442e-17 2.65514e-18
1.43036e-16 -1.47902e-16 7.13259e-17
5.82528e-18 1.25763e-17 1.69967e-17
7.69639e-18 -6.38862e-17 9.38222e-17
1.02415e-17 1.7435e-17 -1.70852e-17
-2.83165e-17 -1.22659e-17 2.35888e-17
3.06564e-17 -5.84115e-17 3.30441e-17
1.11532e-16 3.19583e-17 3.78728e-17
-1.69301e-17 2.78068e-18 -1.27635e-18
-3.01539e-17 2.5435e-17 -1.70545e-18
-3.02806e-17 2.36743e-17 -4.13229e-17
-4.90406e-19 -3.94665e-17 -1.43519e-17
-1.33825e-16 -3.8696e-17 -8.59166e-17
-2.31958e-17 6.38378e-17 7.31426e-19
1.67835e-17 1.53994e-17 8.77333e-18
1.20832e-16 2.32707e-17 -2.99344e-17
-6.46235e-27 7.92412e-24 0.0
-5.80361e-18 4.99175e-17 -2.49425e-18
6.88285e-16 -3.75717e-16 -2.51683e-16
1.1456e-17 1.51301e-17 1.49352e-18
1.06353e-17 -2.02897e-17 -3.88137e-18
-3.51904e-17 -6.6425e-17 -4.40166e-17
-8.11241e-18 -3.9021e-17 2.23862e-17
4.43374e-17 -4.12259e-17 3.89074e-17
9.62287e-19 -6.07851e-18 -3.59552e-19
0.0 0.0 0.0
-5.1641e-17 -6.5158e-19 -2.69858e-17
7.97468e-18 7.19417e-18 -1.93996e-17
9.6503e-17 -3.06591e-17 -2.20265e-17
5.97031e-18 -9.03991e-18 1.11011e-19
8.83731e-18 -5.21148e-17 7.69579e-17
-3.89391e-16 6.11861e-17 -1.64277e-17
-6.92517e-17 -1.04001e-17 -3.63304e-17
-3.13838e-17 4.03084e-17 1.73162e-17
2.42856e-17 7.89529e-17 6.73782e-19
8.25294e-17 1.88696e-17 1.44137e-17
4.86284e-17 -4.87107e-17 -2.17598e-17
2.88163e-17 -1.3911e-17 5.77142e-18
-1.79628e-18 -4.74834e-18 3.42369e-18
6.46235e-27 -2.91088e-25 0.0
-5.6619e-18 -2.25283e-17 1.86222e-19
4.47996e-18 -7.86641e-18 -5.92332e-18
-2.69937e-18 2.117e-17 2.51638e-17
-5.81596e-18 -3.60391e-17 1.21162e-17
4.84043e-17 1.63289e-17 -2.73159e-17
6.39329e-17 -5.1629e-17 -3.43334e-17
1.21795e-17 -4.256e-18 1.15286e-18
6.21673e-17 -2.54179e-17 2.45356e-17
2.01586e-16 -9.42032e-17 -3.29309e-18
-6.05169e-17 3.28849e-17 6.91318e-18
-3.39236e-17 2.68951e-17 4.17333e-18
-3.63284e-17 8.07921e-17 -3.67948e-17
4.40398e-17 2.04382e-17 -2.70916e-17
5.56945e-17 2.30857e-17 -6.35419e-17
1.41274e-16 -2.12234e-16 2.11073e-17
1.05814e-17 -6.35039e-18 -6.83305e-18
6.9281e-18 -1.51938e-16 5.66428e-17
-7.15371e-17 5.66927e-17 8.24456e-17
1.5794e-22 2.48154e-23 0.0
-1.02e-17 4.94927e-17 -2.83638e-17
-5.94536e-25 1.65436e-24 -6.61744e-24
-8.27181e-25 0.0 0.0
2.73055e-16 -2.78638e-16 1.75084e-16
-5.44692e-18 1.67425e-17 7.19626e-18
8.04889e-17 -1.71398e-16 -3.34736e-17
-5.23668e-16 -8.73998e-18 8.66442e-17
6.43576e-17 9.94132e-17 9.79056e-17
-1.64615e-17 4.19738e-18 -5.98859e-18
2.78922e-17 -5.36617e-17 -3.62663e-17
8.30477e-17 9.05847e-18 2.63221e-17
-1.19912e-16 -1.91154e-17 -1.65351e-17
-5.8412e-16 -8.96789e-17 -1.48225e-16
1.17314e-17 -8.8916e-19 2.77271e-18
-1.23612e-18 1.02488e-17 2.0324e-19
-6.43319e-17 -1.92041e-17 -6.03669e-17
-7.67198e-17 -1.34041e-16 -7.06183e-18
-4.04015e-18 -3.64057e-16 -1.31474e-16
-9.37744e-18 2.63376e-17 -4.1019e-17
3.15897e-17 -3.40164e-17 3.12224e-18
-1.32904e-18 -3.42557e-17 -1.63322e-17
-4.77396e-16 -7.08402e-17 2.26381e-17
4.95962e-18 -1.03542e-17 1.55971e-16
0.0 8.27181e-25 0.0
-3.83083e-17 -2.44482e-17 -1.52662e-17
1.16968e-16 -3.41284e-16 -9.8224e-17
-2.16863e-17 2.31822e-18 -2.74236e-17
1.15512e-16 -1.0725e-16 -1.38099e-17
-1.70585e-16 -1.90959e-16 -5.1114e-17
1.36118e-17 -1.10697e-17 -3.11073e-19
5.42837e-24 -7.03104e-24 0.0
-5.43974e-17 1.35711e-18 1.26311e-17
6.33137e-17 -1.08566e-18 -5.56981e-17
-9.86549e-17 2.93992e-17 5.37898e-17
1.1832e-17 9.85718e-18 1.86988e-17
7.64285e-17 -1.09017e-16 -1.49895e-18
8.97495e-17 -1.9097e-17 2.42977e-18
8.11066e-17 -6.22765e-17 -6.1163e-17
-2.06588e-17 1.71078e-17 -3.13947e-17
2.23386e-17 -6.89629e-16 -2.95214e-16
-1.63077e-17 1.80905e-17 -1.837e-17
-7.21803e-17 -7.43641e-17 1.2645e-16
1.97888e-16 -3.76593e-17 3.27748e-17
-1.98257e-17 6.79368e-17 2.76862e-17
1.62852e-17 -8.81019e-18 -3.86064e-18
7.33648e-16 -9.05033e-16 -2.93323e-16
4.51803e-17 -9.19411e-21 -2.24294e-18
3.82125e-18 -8.76414e-17 -6.3017e-17
-4.63249e-18 -9.30426e-17 -1.55369e-17
-3.92911e-24 6.41065e-24 0.0
2.48331e-17 -3.85004e-17 3.43773e-17
1.15111e-17 2.2364e-17 -2.66128e-18
-1.0901e-17 -4.08338e-17 2.04807e-17
1.84819e-18 1.6565e-18 1.54109e-18
1.56077e-16 8.38298e-19 -3.35818e-17
-1.07668e-16 -1.07269e-16 7.53286e-17
-1.27547e-16 -1.30837e-16 5.70872e-17
-1.58424e-17 8.51286e-17 -6.63389e-17
0.0 -2.01184e-26 0.0
-8.86825e-19 -5.71811e-17 -3.20387e-17
1.28504e-17 -5.06558e-17 2.44481e-18
-1.15955e-16 -1.43988e-16 -6.56143e-17
-4.67229e-17 2.76878e-17 1.49878e-17
1.54029e-16 -1.01986e-17 1.9734e-17
-1.06893e-16 1.12447e-16 -7.32322e-17
-9.06342e-18 -5.64755e-17 7.29241e-17
-1.10918e-17 -1.09012e-17 -1.27569e-17
8.75235e-18 -4.94332e-18 -1.50853e-17
0.0 0.0 0.0
-1.26209e-17 -4.87511e-18 6.35289e-18
-5.65795e-18 -4.70116e-17 -8.49746e-19
3.84471e-17 8.44924e-18 1.51705e-17
-1.61352e-17 -1.5148e-16 3.63124e-17
-1.63309e-16 4.51119e-17 1.28453e-17
2.54229e-17 -1.21407e-17 1.35317e-18
-1.06897e-17 4.27258e-17 -1.40282e-17
4.44194e-17 -1.22501e-17 4.34861e-18
1.02299e-17 -3.75573e-17 1.29635e-17
2.849e-16 2.8737e-18 -9.15001e-17
-5.42365e-18 2.52716e-17 2.0901e-18
6.46235e-27 1.18277e-25 0.0
5.67637e-17 4.18033e-17 4.70164e-17
1.80946e-24 0.0 0.0
-5.15931e-17 -5.73083e-17 -1.50128e-16
1.36374e-16 -9.22341e-17 -1.13304e-17
2.42592e-17 1.99274e-18 1.1619e-17
6.22007e-17 -1.345e-17 2.02867e-17
4.13446e-17 -7.22673e-17 3.16348e-18
0.0 2.40594e-25 0.0
-3.93498e-18 1.4844e-17 -2.18512e-17
4.68694e-17 3.4108e-17 -2.88991e-17
-1.26486e-17 2.76589e-17 1.7717e-18
-1.76062e-17 6.64488e-17 -2.915e-17
-2.29816e-16 -1.02086e-16 1.59776e-17
2.72513e-16 -2.1601e-16 5.87128e-17
8.74551e-18 -9.80298e-18 -1.30299e-17
4.10395e-17 2.64204e-18 5.31785e-17
8.5303e-25 -8.27181e-25 0.0
1.84593e-17 -1.18971e-17 -1.12799e-17
7.54159e-18 -1.24267e-17 -6.44695e-18
-6.49205e-17 6.64839e-17 -3.9909e-18
9.55086e-17 -7.18353e-18 -1.81885e-17
-3.64986e-18 -9.0927e-20 6.15823e-18
1.6143e-17 1.43423e-17 1.99841e-17
1.47655e-16 -2.06176e-16 2.55695e-16
-2.55431e-16 2.84855e-17 -1.18624e-16
1.93444e-16 4.22436e-17 -7.15282e-17
1.69221e-16 -1.49502e-16 7.954e-17
-1.3113e-17 -2.75771e-17 -3.17222e-17
4.70102e-17 -1.43366e-17 -9.89158e-18
-2.09115e-17 6.52327e-17 -1.37751e-17
4.36855e-17 2.77712e-17 -3.35986e-18
3.30872e-24 0.0 0.0
3.31338e-22 1.65436e-24 0.0
-7.03104e-24 -8.27181e-24 0.0
-6.15158e-18 6.03303e-17 -1.56371e-17
3.74886e-18 -9.99638e-19 -2.05615e-18
-3.99178e-18 1.01648e-17 9.79742e-18
-8.45231e-17 4.42376e-17 1.01865e-17
1.37723e-17 -4.62733e-17 -8.42566e-19
2.95881e-18 5.75798e-18 8.16507e-18
1.24877e-16 -7.72885e-17 3.95103e-18
-6.53489e-18 -4.9661e-18 1.34698e-17
3.03889e-17 4.02082e-17 -1.06022e-17
-1.7057e-17 -1.40175e-16 1.26055e-16
1.77327e-23 -1.28213e-23 6.61744e-24
-2.19043e-16 -1.14079e-16 3.42809e-17
-3.11206e-16 -1.41466e-17 7.78684e-17
-2.90625e-16 6.21431e-17 4.43051e-17
-1.28135e-17 -4.16491e-17 -1.31332e-17
-1.52455e-17 -5.08888e-18 1.18717e-18
-1.37206e-16 -7.50621e-17 -1.38318e-17
-1.08267e-16 -6.12838e-17 1.15591e-17
-3.92308e-17 4.21616e-17 -2.12076e-18
2.3103e-16 8.27387e-18 2.16781e-17
-4.51768e-16 -3.57113e-16 -9.08132e-17
-1.53343e-15 -1.10439e-15 -3.27296e-16
1.18544e-16 -1.76863e-16 -5.13204e-17
6.47939e-17 -4.00989e-17 4.74922e-17
-2.42585e-17 -4.00446e-17 5.56977e-19
6.7071e-17 -2.47342e-16 -5.57936e-17
-3.5506e-17 -3.01416e-17 1.50321e-18
8.17946e-19 -5.01448e-18 7.92176e-18
-3.50647e-16 2.28298e-17 -4.49221e-17
-1.91694e-19 -3.5138e-17 -1.89703e-16
-2.03738e-17 -1.75288e-17 -7.81296e-17
-4.25134e-16 4.16953e-17 -5.11131e-19
0.0 5.73184e-25 0.0
1.28575e-17 4.33377e-17 -4.90904e-17
-1.1638e-17 -1.63393e-17 -6.8411e-18
-3.68018e-17 -3.43527e-16 -3.75082e-16
-8.19454e-17 8.34903e-17 3.93672e-17
-9.86426e-17 4.31205e-17 -2.35998e-17
4.72649e-19 -1.07856e-16 4.2868e-17
8.92195e-18 -1.06968e-17 -2.36269e-17
-3.46076e-18 -1.94899e-16 6.82851e-17
-5.28045e-17 1.39316e-17 -2.12014e-17
4.03251e-24 -6.41065e-24 0.0
1.35531e-16 -1.41853e-17 6.64699e-17
-1.6865e-16 -8.75608e-17 -7.98105e-17
1.03742e-16 -7.14725e-17 1.50726e-17
0.0 6.61744e-24 0.0
-3.08549e-17 7.84507e-17 -3.22364e-18
9.98871e-18 9.3184e-18 -2.40131e-18
3.0893e-18 1.29594e-17 1.6354e-18
1.01198e-17 4.01971e-18 -1.2659e-17
8.74237e-18 -5.40614e-17 -8.45202e-17
6.48775e-18 -1.18721e-17 -2.35066e-17
-2.26914e-16 -1.11356e-17 -9.90138e-17
-4.75412e-18 -9.90605e-18 -1.04815e-17
-3.30872e-24 -3.30872e-24 0.0
3.20247e-17 -5.23004e-17 -3.07043e-17
6.25915e-18 -1.07197e-17 -2.49398e-17
-1.41449e-17 1.70091e-17 -3.10576e-18
9.7499e-18 -3.5755e-17 -5.20752e-17
-2.02695e-18 2.14384e-17 6.41803e-18
1.38743e-16 -3.92059e-18 4.82749e-18
-6.44914e-17 -1.25959e-16 -6.06224e-17
1.75341e-16 -3.60214e-17 1.53582e-16
-2.10536e-17 -1.55065e-17 -4.63706e-18
4.45044e-17 -6.78076e-19 -3.84646e-17
1.74799e-16 -2.63002e-17 2.93887e-16
4.24367e-17 -2.8719e-17 8.36902e-17
-2.40463e-18 1.38019e-17 -6.24385e-18
-9.27176e-17 -6.19959e-17 1.64969e-17
-2.48241e-16 3.49809e-17 -2.54158e-17
6.48237e-17 1.30289e-17 -5.34117e-17
-3.44157e-17 -9.72512e-17 -1.6405e-16
7.59972e-24 1.65436e-24 0.0
-2.81197e-17 8.19947e-17 -2.34897e-17
-8.27181e-25 0.0 0.0
7.62038e-16 1.14258e-16 -6.54011e-16
1.24374e-17 -2.32266e-17 7.91964e-17
-1.94819e-17 -2.92918e-17 -1.11056e-16
6.41065e-24 -2.89513e-24 0.0
5.52482e-17 -2.15928e-17 -3.0891e-18
-5.07898e-17 -4.43545e-17 -1.65008e-17
-1.92955e-16 -2.71197e-16 -7.38399e-17
-1.93753e-17 -1.88455e-17 -1.27585e-17
-1.12629e-15 4.96497e-17 -3.98437e-16
-1.00838e-16 -6.3773e-17 -1.4118e-17
-1.703e-15 1.0125e-15 6.74282e-16
-3.04746e-17 -1.11196e-17 -1.48412e-17
6.00413e-18 -1.62727e-17 -1.64036e-17
1.65436e-24 -1.65436e-24 0.0
-1.65436e-24 0.0 0.0
1.04462e-17 -3.57626e-17 -1.70976e-17
-1.26152e-17 -1.44219e-17 2.56304e-17
-4.4013e-16 2.83995e-17 2.23569e-16
6.27382e-17 -2.90265e-17 -3.56864e-17
7.58062e-18 -1.83033e-17 1.87859e-17
1.07373e-17 6.55018e-18 6.1849e-18
3.26313e-17 -4.96146e-17 2.43756e-17
8.17223e-18 4.03856e-17 -1.9872e-17
-6.59718e-18 3.31595e-17 -1.59845e-18
-2.56474e-18 -2.15034e-19 -4.45483e-18
-7.76669e-18 -1.2813e-17 -3.80543e-18
6.3849e-16 -1.92194e-16 -5.7252e-18
-1.92824e-16 -7.31956e-17 -4.25138e-17
4.66739e-17 -9.14636e-17 -6.01171e-18
2.14063e-17 -4.17809e-17 -1.08491e-17
1.09436e-16 -5.73276e-17 1.30973e-17
-6.20022e-17 -2.41138e-17 1.25946e-17
9.06529e-18 -1.70363e-18 -1.00826e-17
-1.79758e-16 -5.17716e-17 -5.94957e-17
-1.55497e-17 -1.42111e-17 -2.92998e-17
1.31506e-16 -1.12401e-17 2.50311e-17
-8.40927e-17 -7.39403e-17 1.17908e-17
3.15721e-17 -7.77946e-17 -6.76533e-18
2.21334e-17 -4.56716e-17 4.54656e-18
-1.52425e-16 -4.92992e-18 -5.26444e-19
3.7068e-23 0.0 0.0
-3.11129e-16 3.73805e-17 7.06707e-17
4.54781e-17 9.19438e-17 -3.27599e-17
-2.86956e-17 -1.49106e-16 3.43995e-17
3.20467e-17 -3.41032e-17 -8.54744e-18
3.10784e-17 -2.80173e-17 -4.81925e-18
1.03398e-25 0.0 0.0
1.91883e-17 6.13124e-17 -9.13829e-18
-1.43806e-17 1.15007e-17 4.80563e-18
1.51422e-17 -1.77921e-17 4.62257e-17
-7.63003e-18 4.93111e-18 2.32787e-17
-3.53968e-18 -4.64377e-16 6.10162e-17
2.37981e-17 2.49166e-17 -3.25342e-17
-1.5716e-16 -2.90366e-16 -4.6645e-17
2.22558e-17 -5.35221e-17 -3.2462e-17
-3.72086e-17 1.16145e-17 -1.84212e-17
0.0 -3.52852e-24 0.0
-3.97063e-17 -2.80834e-17 -5.1998e-17
-8.0877e-17 -7.17862e-17 -7.19433e-18
-6.40633e-17 9.60577e-17 4.20876e-18
-1.80392e-17 1.53111e-17 1.99795e-18
-1.15913e-17 1.99261e-17 -3.08363e-17
-3.27208e-17 -2.14139e-17 -4.41437e-17
2.71572e-16 -1.09815e-16 1.99648e-16
-6.91017e-19 -9.80392e-18 -4.1645e-17
-1.76158e-17 1.65515e-17 -1.52438e-18
-3.85007e-16 -6.47015e-16 2.02604e-16
-3.26575e-17 4.43403e-17 -3.4339e-18
-4.59899e-17 1.8618e-16 1.36857e-16
1.91306e-18 -1.35314e-17 7.6729e-18
-2.23649e-17 5.30975e-17 -1.89941e-17
2.17468e-17 -2.09815e-16 -5.56921e-17
-8.2285e-18 1.90623e-17 -1.47201e-18
-5.15879e-16 -1.42037e-16 -3.24521e-17
5.36955e-17 -4.86423e-17 -2.59206e-17
1.2891e-16 -1.02943e-16 -5.49725e-17
2.76343e-17 2.55119e-17 -5.85059e-17
2.14571e-17 -5.79974e-17 -2.55274e-17
-5.89089e-17 1.38039e-16 -5.85475e-17
-1.02867e-16 -7.39647e-17 6.04376e-17
2.80443e-18 4.96858e-19 1.01618e-17
1.077e-16 2.82527e-17 -7.73648e-17
-3.58176e-17 -1.42471e-17 3.50243e-17
2.97526e-16 7.91662e-17 -1.36083e-16
-2.37814e-24 4.1359e-25 0.0
7.65999e-17 -9.98504e-18 -3.16561e-17
-1.81118e-17 2.19804e-17 4.02427e-19
2.4002e-17 5.2348e-18 -2.62043e-17
-2.80723e-16 7.39448e-17 2.24651e-17
-3.9829e-17 5.77883e-17 -3.17653e-17
-2.02816e-16 -7.61209e-17 -1.58101e-16
-2.37007e-17 1.29882e-17 1.20411e-19
1.04055e-17 4.25259e-17 8.79243e-18
-1.70109e-16 -2.13141e-17 7.3741e-17
-4.52097e-17 8.45168e-18 1.67186e-17
6.39212e-18 5.51085e-18 2.65067e-17
6.00044e-17 -1.09215e-18 9.20371e-18
-9.73398e-17 -9.40931e-17 -5.43124e-17
5.16115e-18 1.28576e-17 -8.53613e-17
1.99111e-17 -1.74566e-17 -1.6068e-17
6.46235e-27 -2.17373e-25 0.0
-1.90137e-17 1.06381e-17 3.68604e-17
1.19145e-18 8.56238e-18 -1.02019e-18
-3.30872e-24 0.0 0.0
1.77606e-17 1.41624e-17 -1.41438e-17
1.16332e-18 -7.23626e-19 1.55168e-17
-7.56012e-17 -7.9997e-17 -5.2694e-17
1.28138e-17 8.7641e-18 -5.86716e-19
5.69306e-16 -5.78909e-16 -9.89982e-16
-1.16513e-16 -3.23175e-18 -6.65371e-17
5.43927e-17 -1.00454e-17 -4.8188e-18
0.0 -2.33752e-23 0.0
5.31784e-18 4.51332e-17 -2.40731e-17
2.32219e-17 7.37671e-17 2.22007e-17
-1.47398e-16 -7.66016e-17 -6.90616e-17
-7.83406e-17 6.47468e-17 -1.59478e-17
-4.86112e-18 7.10773e-17 1.44975e-19
5.20997e-17 -5.13738e-17 3.28702e-18
6.53273e-18 3.27004e-17 -3.70566e-18
-4.44175e-16 1.10897e-16 -3.63592e-17
-3.01227e-16 -3.92374e-17 4.38686e-19
-8.18078e-17 -3.58e-17 5.06424e-17
-1.759e-17 5.97381e-18 -5.17365e-18
1.14076e-17 -5.68741e-17 1.24053e-16
-5.14721e-16 -7.00585e-15 -2.98754e-16
1.13419e-16 -7.43462e-17 7.02659e-18
2.29797e-17 2.08552e-16 -5.6611e-17
0.0 -5.04482e-24 0.0
-2.72422e-16 -1.27659e-16 -3.59332e-16
9.27534e-18 3.6194e-18 4.11176e-18
0.0 0.0 0.0
1.81759e-17 -3.11654e-18 5.60468e-18
2.59598e-17 9.50319e-18 1.77669e-18
2.64166e-17 -1.66971e-17 1.2687e-16
4.75879e-18 -6.20462e-19 -5.55171e-18
-3.94763e-16 -1.4281e-16 -4.85404e-17
-4.61851e-19 -1.23671e-17 -2.53626e-17
7.17373e-18 -3.28026e-17 1.94523e-17
3.09986e-16 1.39976e-16 -3.85886e-17
-1.14501e-17 1.36513e-17 -9.97956e-18
-1.75465e-17 2.0768e-17 1.5152e-18
1.84619e-16 -1.60961e-16 -1.852e-17
-9.89908e-17 1.27287e-17 -1.28629e-17
1.59407e-16 -2.87101e-17 1.12344e-16
5.93005e-17 1.59436e-17 -1.1365e-17
8.34036e-18 -2.37858e-17 8.82348e-18
-1.52389e-16 -2.92442e-17 9.00891e-18
-9.22037e-17 3.90902e-17 7.99349e-18
-3.5857e-18 -1.2116e-17 -2.84906e-17
-2.42113e-18 4.03927e-18 -6.58948e-18
-1.97636e-17 5.4306e-17 7.16333e-18
1.46827e-17 -5.59103e-17 -2.49143e-17
-4.75893e-18 -5.39835e-17 8.78626e-17
9.51561e-18 2.42789e-17 2.65745e-18
-1.84802e-16 -4.37566e-17 -8.42469e-17
-2.03851e-17 -1.00855e-16 7.93864e-18
1.8081e-17 7.05839e-17 3.81251e-17
9.34983e-17 8.95392e-17 2.30303e-18
1.6404e-18 -4.59036e-18 -2.32786e-17
-6.29338e-18 5.70617e-17 -5.04554e-18
0.0 -3.28601e-25 0.0
3.5653e-17 -4.74734e-17 -8.29634e-17
-1.00737e-17 7.66419e-18 2.50781e-17
-1.47835e-17 5.81409e-18 -1.0867e-16
-7.44411e-18 -4.65271e-18 -2.04079e-17
-4.90498e-17 6.85849e-18 3.08438e-18
-1.09177e-17 5.67161e-20 7.10407e-19
8.55098e-17 -1.93674e-15 1.6837e-16
-3.03811e-16 -2.76199e-16 4.33206e-17
4.00144e-18 5.5299e-18 -6.87428e-18
-3.14639e-22 6.61744e-24 -6.61744e-24
-1.64619e-17 2.34984e-19 3.24058e-20
-4.68181e-18 -2.43624e-17 -1.36914e-17
-4.78326e-18 3.61169e-17 -1.52391e-17
2.84097e-17 1.78391e-17 -8.38906e-17
6.26492e-18 5.3333e-17 -4.37041e-17
1.87969e-17 2.52187e-17 -4.47472e-19
-6.31888e-19 9.87603e-18 -1.52932e-17
8.44518e-18 8.88708e-18 2.80316e-18
1.81514e-22 2.48154e-23 0.0
4.4467e-18 4.92969e-17 -2.34563e-17
-1.86766e-16 -8.84454e-17 1.40909e-17
-7.34337e-17 -3.69033e-17 -7.64134e-18
-1.75871e-16 2.21363e-17 -1.51782e-18
0.0 -2.01407e-23 0.0
-4.87866e-17 -3.20588e-17 -1.02424e-17
0.0 0.0 0.0
3.42371e-18 -6.19393e-20 1.54565e-18
2.5113e-17 8.74621e-18 2.14899e-17
-8.45789e-16 1.2697e-16 4.45517e-16
-2.11328e-18 -2.14543e-17 2.37419e-17
-5.1204e-17 1.01114e-17 -1.04565e-17
5.30792e-17 3.0552e-17 3.74512e-17
-7.89557e-18 -5.36756e-18 2.94246e-17
3.63937e-17 2.22844e-18 -5.89329e-18
1.50066e-16 6.36192e-17 7.20915e-17
2.67732e-19 -8.15198e-18 -2.01938e-17
6.46235e-27 2.08683e-27 0.0
-3.44897e-17 1.60695e-17 2.73477e-18
1.27014e-17 3.23622e-17 -1.5837e-17
-1.11152e-23 0.0 0.0
9.24196e-17 -7.3968e-17 -4.76873e-17
4.31851e-17 4.61233e-17 -1.66587e-17
-2.41238e-16 2.74242e-16 4.50794e-17
-1.11038e-16 8.11644e-18 -3.64376e-17
8.27092e-19 -1.34498e-17 3.50698e-19
-1.41956e-17 -4.09424e-18 4.62129e-18
-6.53228e-16 8.59543e-17 7.17628e-17
2.80967e-16 -6.01848e-16 5.97035e-16
8.73519e-17 2.56683e-16 -1.45981e-15
2.92694e-17 5.62232e-18 1.88062e-17
-2.61315e-16 -1.17531e-16 8.46666e-17
9.91893e-17 2.06146e-17 -3.04219e-18
-2.2832e-16 -4.60254e-18 -4.84746e-17
5.91501e-17 -2.89994e-18 5.75212e-17
-2.67474e-16 -1.70437e-16 4.92338e-17
9.78862e-18 6.19316e-17 -3.44927e-17
-7.7642e-17 -1.19722e-16 -7.02002e-17
4.50033e-17 1.06296e-16 1.00511e-17
-4.55376e-17 3.75527e-17 -7.34074e-18
-1.32288e-17 -1.58244e-17 -1.20339e-17
9.04481e-18 5.29177e-17 -2.67585e-17
6.57749e-17 2.71355e-17 4.56297e-17
-4.33076e-16 -5.72586e-17 1.74567e-16
-7.31641e-18 -3.37546e-17 -1.95209e-17
-5.53001e-18 -1.37457e-16 -1.05847e-16
-2.43188e-16 -1.15516e-16 3.56777e-17
-1.23848e-18 5.86189e-18 -1.11714e-17
7.7367e-17 -6.99763e-17 2.94932e-17
-8.09349e-18 -4.65507e-18 -4.63141e-18
-1.80346e-16 -3.63635e-16 -3.93596e-17
1.41251e-16 2.6798e-17 -1.46455e-16
-1.21868e-17 1.53663e-17 -1.10741e-17
