# vtk DataFile Version 3.0
LIGGGHTS particles timestep 8600000
ASCII
DATASET POLYDATA
POINTS 885 float
0.0473405 0.0171974 0.00752794
0.0533045 0.0162768 0.00814355
0.0466482 0.0158668 0.00844081
0.0536821 0.0179258 0.00717504
0.0478807 0.0168513 0.00796204
0.0515113 0.0149712 0.0109591
0.0533644 0.0158993 0.00856297
0.0550523 0.0175168 0.0072737
0.0525666 0.0156918 0.008731
0.0585484 0.0176029 0.00729115
0.058809 0.018774 0.0072652
0.0587237 0.0171719 0.00742566
0.0520504 0.0157264 0.00863253
0.0517168 0.0148995 0.00990383
0.0584371 0.0170936 0.00749992
0.0469481 0.0170893 0.0078086
0.0533833 0.0179444 0.00719495
0.0539636 0.0165092 0.00782521
0.0586135 0.0178957 0.00728466
0.0584878 0.0173092 0.00729761
0.0524613 0.0161201 0.00805702
0.053737 0.0166758 0.00772057
0.0536538 0.0186177 0.00709235
0.0480835 0.0193718 0.00699051
0.0582482 0.0164723 0.00812253
0.0435253 0.0205895 0.0153034
0.0548409 0.0177222 0.00719872
0.0529929 0.0195916 0.00710661
0.0529478 0.0180411 0.00716582
0.0424802 0.020133 0.00711324
0.0516319 0.0148883 0.0104084
0.0586713 0.0169633 0.00763483
0.0534949 0.0169251 0.00760572
0.0518289 0.0153565 0.00967808
0.0547187 0.0187556 0.00719478
0.0587942 0.017431 0.00729185
0.0583217 0.0166778 0.00791675
0.0583833 0.0168852 0.0077089
0.0541208 0.0187625 0.0071397
0.0545686 0.0184966 0.00717346
0.0526804 0.0166039 0.0080597
0.0590691 0.0173109 0.00729121
0.0536217 0.0173065 0.00743862
0.0442442 0.0175662 0.0153288
0.0481372 0.0196663 0.00702036
0.0525303 0.0163811 0.0079172
0.0539664 0.0176903 0.00725882
0.0586787 0.0181884 0.00727818
0.0541771 0.017883 0.0071666
0.0545518 0.017655 0.00724237
0.0531556 0.0157551 0.00872299
0.0522758 0.0156289 0.00880486
0.0539418 0.0180587 0.00710526
0.0587439 0.0184812 0.00727169
0.0543961 0.0171166 0.00747702
0.0524366 0.0153716 0.00922255
0.0535763 0.0195408 0.00711172
0.0525927 0.0166377 0.0077748
0.0536753 0.0176305 0.00729952
0.0533105 0.0166568 0.00799412
0.0542477 0.0165897 0.00777165
0.0534377 0.0166547 0.00772245
0.0531167 0.0165484 0.00779238
0.0532902 0.0196293 0.00709302
0.0528178 0.0164509 0.00784131
0.0533619 0.0163912 0.00786439
0.0525013 0.0155315 0.00897708
0.0527601 0.0162474 0.00805622
0.0546838 0.0171885 0.00743143
0.0530523 0.0163333 0.00799128
0.0521151 0.0158862 0.00838707
0.0521801 0.0160921 0.00817878
0.0588594 0.0177237 0.00728536
0.0532786 0.0171215 0.0075377
0.0452527 0.0149878 0.0120196
0.0528817 0.0167218 0.007724
0.0529541 0.0169929 0.00761794
0.051317 0.0149618 0.0117507
0.0541231 0.0170077 0.0075374
0.0536592 0.0164296 0.00787333
0.0534256 0.0188118 0.00707682
0.0526322 0.0158517 0.0084858
0.0524061 0.0159486 0.00831413
0.0513717 0.014823 0.0114905
0.0445776 0.0163038 0.0145424
0.0516563 0.0147386 0.0101496
0.0526141 0.0178956 0.00724484
0.0449509 0.0150926 0.0133619
0.0533346 0.0173911 0.00741842
0.0484408 0.01746 0.0075457
0.0581807 0.0162658 0.0083294
0.0581153 0.0160589 0.00853663
0.0527388 0.0184341 0.0070119
0.0530096 0.0183106 0.00704925
0.0471866 0.0166753 0.00766991
0.0586174 0.016755 0.00784381
0.0540066 0.0183514 0.00711732
0.0542471 0.0181729 0.00713442
0.0524962 0.0173556 0.00747816
0.054755 0.0182618 0.00718394
0.0473871 0.0174851 0.00745664
0.0537965 0.0169366 0.00758478
0.0526551 0.016907 0.00765826
0.0426523 0.0204446 0.00716441
0.0524368 0.0171132 0.00764467
0.0529946 0.0161107 0.00818397
0.0459832 0.014889 0.0111456
0.0446995 0.015712 0.0143479
0.0546274 0.0169179 0.00754818
0.0512469 0.0149631 0.0120424
0.0529299 0.0193038 0.00705003
0.0473451 0.0155917 0.00882074
0.0526773 0.0181669 0.00713377
0.055131 0.0177981 0.00720538
0.0523068 0.0165581 0.00782392
0.0458045 0.0149516 0.0119344
0.0525588 0.0176248 0.00736164
0.054022 0.0167549 0.00766327
0.0521451 0.0153093 0.00929552
0.0528166 0.0155974 0.00890052
0.0534254 0.0182331 0.0071249
0.0522111 0.015469 0.00905033
0.0472808 0.0162751 0.00809246
0.0533774 0.0176652 0.00730442
0.0530154 0.0172579 0.00749147
0.0448611 0.01556 0.0136472
0.0537093 0.0183229 0.00708901
0.0517613 0.0151963 0.00992356
0.0473873 0.0154094 0.00917498
0.0482037 0.017307 0.0074106
0.0454365 0.0148083 0.0123735
0.0531563 0.0189438 0.00707845
0.0448919 0.015227 0.0136235
0.0528649 0.0190138 0.00709094
0.0438787 0.0190543 0.0156056
0.0484461 0.0185162 0.00712492
0.0529332 0.0159355 0.00841956
0.0440432 0.0183805 0.0155485
0.0475856 0.0197832 0.00702386
0.0538844 0.0163347 0.00805601
0.0542865 0.0175556 0.00756763
0.0528441 0.0177193 0.0073222
0.0481873 0.0183704 0.00716716
0.0464343 0.0151297 0.0103162
0.0480557 0.0178012 0.00731245
0.0536019 0.0162518 0.00811333
0.0527344 0.0154392 0.00914183
0.047466 0.0166166 0.00776203
0.0538982 0.0171947 0.00747081
0.0475247 0.016415 0.00797625
0.0515803 0.0150225 0.0106717
0.0580502 0.015852 0.00874392
0.0530761 0.0175357 0.00737144
0.0450371 0.0149853 0.0129835
0.0467082 0.0150678 0.0104216
0.0485523 0.0176734 0.00728895
0.0456031 0.0146849 0.0118538
0.0517806 0.0150587 0.00965771
0.0475789 0.019484 0.00704476
0.0531226 0.0178214 0.00727789
0.0527863 0.0171076 0.00783862
0.0522445 0.0163164 0.00799025
0.0446512 0.0160924 0.0143404
0.0474105 0.0168615 0.00759791
0.0528638 0.0157615 0.00865386
0.0487691 0.017734 0.0075336
0.0536081 0.0190487 0.00710052
0.0544195 0.0187569 0.00716715
0.0466069 0.0165984 0.00783949
0.0476352 0.0170486 0.00753082
0.0472351 0.0179856 0.00735744
0.0536716 0.0169348 0.00785751
0.0541831 0.0164145 0.00800645
0.0404932 0.0162763 0.00807564
0.0533874 0.0170307 0.00786513
0.053074 0.0186034 0.00703831
0.0470611 0.0161161 0.00823112
0.0545554 0.0166526 0.00774802
0.0470711 0.015252 0.0097261
0.048627 0.0179651 0.0072143
0.0543498 0.0168292 0.00761946
0.0414369 0.0164052 0.00788113
0.0488854 0.0168628 0.00767006
0.0479804 0.0167252 0.00770875
0.0542563 0.0176148 0.00727509
0.0472829 0.0195311 0.00703324
0.0482749 0.01876 0.00708956
0.047011 0.0183477 0.00729788
0.0482681 0.0175909 0.00733827
0.0532496 0.0160472 0.0083286
0.0526875 0.0160235 0.00824226
0.0488161 0.0166522 0.00787889
0.0479169 0.0185003 0.00716607
0.0477035 0.0176265 0.00739029
0.0469434 0.0159173 0.00842242
0.0462432 0.0149053 0.0109944
0.0478539 0.0195799 0.00697263
0.0533609 0.0185193 0.00706242
0.0451258 0.015103 0.0125946
0.0527891 0.0174444 0.00742889
0.0478147 0.0163683 0.00805723
0.0484106 0.0181714 0.00718937
0.0528003 0.0187216 0.00707134
0.0523702 0.0168279 0.0077091
0.0472655 0.0158268 0.00865234
0.0399534 0.0155095 0.00902224
0.0483412 0.0178849 0.00726269
0.0486695 0.0183176 0.00714987
0.0469486 0.0163034 0.00802557
0.0527274 0.0171785 0.00755314
0.0473715 0.0162923 0.00837795
0.0469668 0.0165966 0.0080867
0.051987 0.0155908 0.00889249
0.0486222 0.0169473 0.00755353
0.0468906 0.0165052 0.00781129
0.0518451 0.0152185 0.00941223
0.0456243 0.014785 0.0115718
0.0458954 0.0152488 0.0100837
0.047371 0.0185719 0.00720776
0.045705 0.0148766 0.0112978
0.0464889 0.0157414 0.00866192
0.0477989 0.0192816 0.00701896
0.0462186 0.0150136 0.0107157
0.0488376 0.0177533 0.00724217
0.0474138 0.0167668 0.00801641
0.0463405 0.0167364 0.00784258
0.0490535 0.0170454 0.00750123
0.0395616 0.0148318 0.0106853
0.0531278 0.017163 0.0077937
0.047113 0.0195106 0.0072796
0.0530546 0.0198747 0.00718428
0.0451591 0.0147299 0.0124567
0.0425154 0.019839 0.00706533
0.041642 0.0172818 0.00744916
0.0470396 0.0198069 0.00720569
0.0476948 0.0167712 0.0076291
0.0464981 0.0165615 0.00813084
0.0470394 0.0172584 0.007546
0.0538676 0.0191967 0.00712876
0.048367 0.0194673 0.00696806
0.054436 0.01739 0.00735996
0.0390855 0.0147426 0.0127897
0.0469875 0.0195802 0.00701617
0.0475611 0.0181294 0.00728952
0.0549201 0.0180114 0.00719201
0.0468812 0.0177794 0.00744273
0.0480224 0.0162297 0.00822353
0.046227 0.0164106 0.00825399
0.0468499 0.0189519 0.00717573
0.0420608 0.0168975 0.0075983
0.0483254 0.016887 0.00758151
0.0400052 0.014862 0.00993481
0.0532215 0.0192365 0.00707017
0.0471665 0.0176871 0.00743361
0.045477 0.0150757 0.0125032
0.051896 0.0155135 0.00943042
0.0484677 0.0171647 0.00741525
0.0472022 0.0160725 0.00849223
0.0531881 0.0168125 0.00766947
0.0537123 0.0171976 0.00770623
0.054762 0.0174539 0.00731565
0.0451857 0.0150212 0.0123101
0.0477854 0.0179314 0.00731126
0.041054 0.015462 0.00912503
0.0391496 0.0147653 0.0124975
0.0478496 0.0182154 0.00723893
0.0471788 0.0164659 0.00788457
0.0481207 0.018087 0.00723961
0.0471283 0.016963 0.00760468
0.0479765 0.017502 0.00738987
0.0467059 0.0161458 0.00816025
0.048192 0.0190955 0.0070339
0.0479809 0.0188194 0.00709253
0.046904 0.0167757 0.00767282
0.0472901 0.0198317 0.00704109
0.047147 0.0189189 0.00715164
0.0519218 0.0154081 0.0091213
0.0401345 0.0151803 0.00944611
0.0468201 0.0174947 0.00751489
0.0452244 0.0146221 0.0121723
0.0452841 0.0147171 0.0118941
0.0448282 0.0153426 0.0138929
0.0466661 0.0169429 0.00774636
0.0472182 0.0192323 0.00707179
0.0465641 0.0163218 0.00796299
0.0399289 0.0151399 0.0102684
0.047626 0.0184149 0.00722416
0.0477317 0.0189855 0.00707451
0.0450963 0.0148362 0.0127301
0.0467523 0.0172245 0.00762596
0.0454116 0.0149122 0.0113492
0.0476912 0.0186968 0.00714505
0.0475146 0.019191 0.00705013
0.0514369 0.0148059 0.0111982
0.0402654 0.0163911 0.00791782
0.0460435 0.0147129 0.0115904
0.039618 0.0148077 0.0103917
0.0538363 0.0188546 0.00711604
0.0460606 0.0158133 0.00864804
0.0475004 0.0178459 0.00736665
0.0541384 0.0173628 0.00738733
0.0538816 0.0174943 0.0074694
0.0405103 0.0169254 0.00780919
0.049001 0.0173347 0.00731917
0.0482556 0.0171651 0.00766973
0.0421869 0.0171565 0.00751463
0.0425605 0.0175765 0.00738593
0.0406713 0.0169387 0.00752686
0.0404386 0.0171148 0.00745749
0.0419389 0.0173249 0.00744664
0.05427 0.0184923 0.00714572
0.0480391 0.0169438 0.00751189
0.0467127 0.0183469 0.00732987
0.0485552 0.0167396 0.00775937
0.0394505 0.0149639 0.011222
0.0414127 0.0176166 0.00732484
0.0403199 0.0165747 0.00768692
0.0464531 0.0172022 0.0076215
0.0398615 0.0152522 0.00934456
0.0397965 0.015078 0.00958003
0.0478618 0.017054 0.00772733
0.0465214 0.0174907 0.00754768
0.0475851 0.0169499 0.00784358
0.0476847 0.016682 0.00811341
0.0412851 0.0170594 0.00751075
0.0447914 0.0157172 0.013893
0.0469456 0.0180634 0.0073704
0.0484698 0.0165344 0.00796083
0.0523405 0.0157888 0.00855938
0.0403642 0.015908 0.00853341
0.0487898 0.0171331 0.00738818
0.0460223 0.0147303 0.0118891
0.0534423 0.0173275 0.0076911
0.0432488 0.0217403 0.00831265
0.0476501 0.0173412 0.00746619
0.0428609 0.0179995 0.00725321
0.0397315 0.0149194 0.00982624
0.0415825 0.0162398 0.00808466
0.0416769 0.020285 0.00713655
0.0410311 0.0161184 0.00827621
0.0467793 0.0186406 0.00725504
0.0464563 0.0160162 0.00826522
0.0431446 0.0183812 0.0071456
0.0461573 0.0160055 0.00824223
0.0394912 0.0147984 0.0109751
0.0471503 0.0168576 0.00790537
0.0465627 0.0168341 0.00802365
0.0470777 0.0186323 0.00722514
0.0425215 0.0172947 0.00748102
0.0469211 0.0192662 0.00709566
0.047441 0.0188619 0.00713346
0.0473035 0.018283 0.00728158
0.0396704 0.0148042 0.0100963
0.0402699 0.0165453 0.00817511
0.0466475 0.0180592 0.00740315
0.0401902 0.0153997 0.00917042
0.0415276 0.0168956 0.00757695
0.0414914 0.0166135 0.00767224
0.0407463 0.0161795 0.00820438
0.0463147 0.0161922 0.00806793
0.0422613 0.0174324 0.00742306
0.0465831 0.0177753 0.0074755
0.046272 0.0164677 0.00795704
0.042604 0.0181425 0.00719355
0.0425968 0.0178587 0.00729062
0.0423364 0.0179963 0.00723265
0.0333771 0.0146584 0.0114826
0.0409238 0.0167902 0.00759195
0.0401374 0.0160254 0.00837594
0.0411507 0.0164688 0.00780419
0.0426008 0.0187977 0.0069783
0.0407332 0.0172172 0.00743383
0.0449305 0.0154184 0.013392
0.0421204 0.0161992 0.00810912
0.0449998 0.015281 0.0131345
0.0418644 0.0197462 0.00704898
0.0428867 0.0222793 0.00850465
0.0482641 0.0166752 0.0077925
0.0488557 0.0174476 0.00755611
0.0360059 0.0175298 0.00728603
0.0447221 0.0159032 0.0141179
0.048886 0.0181116 0.00717644
0.0420432 0.016614 0.00769484
0.0418577 0.0163043 0.00798383
0.0419796 0.0176065 0.00735168
0.0407294 0.0159844 0.00844168
0.0411131 0.0176236 0.00731007
0.0453406 0.0148586 0.0116356
0.0423004 0.0177142 0.00732797
0.0468574 0.0168504 0.00796999
0.0473195 0.017084 0.00780484
0.0410494 0.0173455 0.00740284
0.0423694 0.0191351 0.00694854
0.041125 0.0182506 0.00709539
0.0413195 0.0161601 0.00820497
0.0405004 0.017393 0.00736391
0.0389128 0.0154548 0.0134583
0.0401247 0.0151658 0.00995638
0.0417187 0.0188034 0.00693024
0.0406593 0.01747 0.00760643
0.0404127 0.015255 0.00936231
0.0408607 0.0177733 0.00724826
0.0409285 0.0164093 0.00826742
0.0475919 0.0162151 0.00818963
0.048244 0.0163844 0.00808946
0.0399434 0.0147935 0.0102203
0.0412864 0.018735 0.00720607
0.0407969 0.0174953 0.00734105
0.0447636 0.0155253 0.0141219
0.0405496 0.0164597 0.00784187
0.0455267 0.0146419 0.0121407
0.0455115 0.0149706 0.0118553
0.0486517 0.0173955 0.00734242
0.0417552 0.0182603 0.0071181
0.0400723 0.0158427 0.00860478
0.0417779 0.0167427 0.00763976
0.0402985 0.0157249 0.00876272
0.0531227 0.0201566 0.00726107
0.0417395 0.0164732 0.00776589
0.0426652 0.0190874 0.00693436
0.0412091 0.0167053 0.0076291
0.0413489 0.0173375 0.00741798
0.041086 0.0162943 0.00803947
0.0408607 0.0165336 0.00773386
0.0462954 0.0158659 0.008469
0.0406109 0.0166638 0.00763067
0.0404305 0.0160916 0.00830354
0.0364743 0.0169577 0.0075662
0.0414828 0.0179365 0.00721798
0.034861 0.016524 0.00781149
0.0416992 0.0177035 0.00730683
0.0464028 0.0170292 0.00786138
0.041946 0.0185893 0.00701308
0.0429473 0.0185927 0.00706598
0.0417799 0.0179779 0.00721603
0.0427886 0.019182 0.00719093
0.0408014 0.0163608 0.0079718
0.0403784 0.0168374 0.00755451
0.0402026 0.0162081 0.0081471
0.0411831 0.0179224 0.00721687
0.041809 0.0170483 0.00753617
0.0420602 0.0178808 0.00726088
0.0409856 0.0170678 0.00749648
0.0479225 0.0172156 0.00746166
0.0428558 0.0183001 0.00715148
0.0475412 0.0172746 0.00773765
0.0458657 0.0149492 0.0116408
0.0341063 0.0150452 0.00944014
0.0418391 0.0194512 0.0070008
0.0421588 0.0196893 0.00704025
0.0429558 0.0191641 0.00694251
0.0406568 0.0154237 0.00915824
0.0350743 0.0173088 0.00741114
0.0417925 0.0173042 0.00770769
0.0414192 0.0187989 0.00694476
0.0420678 0.0191711 0.00695552
0.0415826 0.0151211 0.00980824
0.0389823 0.0153121 0.0132035
0.042126 0.0163935 0.00788064
0.040614 0.0177616 0.00755273
0.0413533 0.0185133 0.00701528
0.0477508 0.0165689 0.00784352
0.0410061 0.0196682 0.00703468
0.0415392 0.0194564 0.00700109
0.0399925 0.0154021 0.00959
0.0413046 0.0196976 0.00704002
0.0417002 0.0169802 0.00780729
0.0424471 0.0170189 0.00757259
0.0338082 0.0149941 0.00945721
0.0421094 0.0159969 0.0083785
0.0418076 0.0159342 0.00847844
0.042399 0.0165071 0.00783016
0.0431436 0.0231635 0.0122601
0.0415413 0.0157079 0.00879376
0.0423628 0.0160866 0.00824537
0.040395 0.0155396 0.00900124
0.0354018 0.0163608 0.00789089
0.0473976 0.0165434 0.00821595
0.041867 0.0161095 0.00824224
0.033509 0.0147765 0.0109094
0.0409336 0.0157144 0.00880073
0.034068 0.0157155 0.00853026
0.0391884 0.0150347 0.0123714
0.0406278 0.017949 0.00717834
0.0412434 0.0159855 0.00844125
0.0409451 0.019376 0.00700535
0.033702 0.0149265 0.0100437
0.0409867 0.0158984 0.00856984
0.0459587 0.0149973 0.0108669
0.0416931 0.0199893 0.00708834
0.0423061 0.0188419 0.00694452
0.0428913 0.0188729 0.00697442
0.0338717 0.0151687 0.00922172
0.0342987 0.0155554 0.00872586
0.0420483 0.0183234 0.00710853
0.0405877 0.0171958 0.00770492
0.0428364 0.0176911 0.00735799
0.0409194 0.0180651 0.00721074
0.0423437 0.0182815 0.00713977
0.0420084 0.0188771 0.00695577
0.0423648 0.0185636 0.00704001
0.0410546 0.0185321 0.00699588
0.0356083 0.0165674 0.00782246
0.0416529 0.0185257 0.0070228
0.034002 0.0155228 0.00875542
0.0334419 0.0147173 0.0111957
0.0422492 0.0194069 0.00699434
0.0424008 0.0162646 0.00800679
0.0353586 0.0172218 0.00745116
0.0427797 0.0194034 0.00698869
0.0340015 0.0149171 0.0100138
0.041768 0.0191628 0.00695841
0.0424564 0.0193003 0.00718331
0.0405641 0.017671 0.00727112
0.0414242 0.0182383 0.00711198
0.0351283 0.0162732 0.00797766
0.0425156 0.0195429 0.00701702
0.0426585 0.0185116 0.00707185
0.0337518 0.0149556 0.00974932
0.041781 0.0205626 0.00718205
0.0411729 0.0191163 0.00697638
0.0276579 0.0148211 0.0101666
0.0415828 0.0160594 0.00832434
0.0408825 0.0190853 0.00704492
0.041056 0.0168217 0.00785937
0.0356151 0.0170817 0.00751877
0.0480363 0.016523 0.00792321
0.0427773 0.0201737 0.00712043
0.0414984 0.0171725 0.00768882
0.0407564 0.0185134 0.00702239
0.0456994 0.0149814 0.0110168
0.0427989 0.0174075 0.00745378
0.0400698 0.0149978 0.00967519
0.0406771 0.0156095 0.00892359
0.0415024 0.0158878 0.00855686
0.0423487 0.0167496 0.00766092
0.0348678 0.0176894 0.00721973
0.0420494 0.0171678 0.007781
0.0349322 0.0156626 0.00859835
0.0347037 0.0158275 0.00837297
0.0391175 0.0150918 0.0126573
0.035302 0.0159156 0.00827811
0.0366215 0.0174713 0.00730347
0.0407707 0.0152538 0.00937774
0.0355523 0.0180872 0.00731858
0.0409977 0.0165852 0.00803444
0.0345025 0.0163589 0.00786796
0.0343097 0.0165808 0.00780842
0.0407551 0.0183107 0.00739382
0.0353667 0.0180132 0.00704616
0.0346578 0.0169124 0.0076206
0.0407718 0.0186208 0.00738359
0.0412457 0.0158013 0.00868588
0.0408624 0.0170935 0.00776879
0.0350604 0.0160341 0.00814551
0.0341353 0.0159165 0.00830372
0.040373 0.01507 0.0095951
0.0403297 0.0167278 0.00794468
0.0345647 0.0154718 0.0088365
0.0346316 0.0156501 0.00860388
0.0390501 0.015191 0.0129339
0.0353667 0.0161008 0.0080363
0.0277217 0.0149449 0.00990093
0.0411621 0.0170963 0.00778187
0.0414681 0.0191675 0.00696228
0.0412433 0.0194073 0.00699591
0.0422158 0.0190815 0.00720062
0.036194 0.0168646 0.00762049
0.0350041 0.0158421 0.008369
0.0411202 0.0188218 0.00695417
0.0339369 0.0153417 0.00898546
0.0343653 0.0157419 0.00850054
0.0344993 0.0173399 0.00769407
0.0407439 0.0180109 0.00744794
0.0412087 0.0156232 0.00892449
0.0357289 0.0163077 0.00791201
0.0344355 0.0159331 0.00828031
0.0347607 0.0160262 0.0081555
0.0409944 0.0184497 0.00727799
0.0284026 0.0169309 0.00745075
0.0344953 0.0161315 0.00806347
0.0353699 0.0167119 0.0077118
0.0409866 0.0187424 0.00721297
0.0406926 0.018234 0.00711064
0.0341967 0.0161122 0.00808482
0.0347194 0.0171752 0.00748973
0.0365122 0.0172233 0.00743207
0.0343709 0.0168396 0.00766972
0.0355444 0.0173534 0.00764642
0.0342582 0.0164049 0.00804586
0.0345955 0.0166469 0.00774563
0.0408214 0.0188015 0.00696963
0.0405628 0.0166165 0.0080973
0.0300601 0.0165311 0.0077384
0.0340504 0.0149525 0.00971993
0.0342341 0.0153729 0.00895497
0.0399043 0.0155496 0.00934417
0.0356617 0.0176444 0.00723018
0.0404548 0.0163881 0.00835137
0.0364697 0.0182457 0.00710308
0.0400246 0.0157921 0.0088966
0.0349884 0.0170535 0.00754313
0.0359042 0.0165234 0.00779921
0.0348053 0.017429 0.00735478
0.0407398 0.0167538 0.00789782
0.0347292 0.0178739 0.00755279
0.0356643 0.0160972 0.00811575
0.0404142 0.0155541 0.00934081
0.036299 0.0179049 0.00708682
0.0277855 0.0150688 0.00963528
0.0402476 0.0153145 0.00972581
0.0348644 0.0154848 0.00883027
0.0367534 0.0170613 0.00750668
0.0278526 0.0152054 0.00937678
0.0279156 0.0153159 0.0091051
0.0362393 0.0185752 0.00718619
0.03592 0.0184485 0.00714757
0.0349327 0.0180921 0.00703744
0.034568 0.0176825 0.00722804
0.0342374 0.0163233 0.00833379
0.0356454 0.0168158 0.00765431
0.0370679 0.0182491 0.00711377
0.0359858 0.0187313 0.0072232
0.0345 0.0152949 0.00906991
0.0352274 0.0157226 0.00852979
0.0342714 0.0148896 0.0101419
0.0355066 0.0182864 0.00709893
0.0397327 0.0151312 0.0100388
0.0344344 0.0151197 0.00930442
0.0362322 0.0171293 0.0074846
0.0361735 0.0182925 0.00711057
0.0297436 0.0180749 0.00718104
0.0341685 0.0151979 0.00918955
0.033644 0.0148861 0.0103352
0.0365416 0.0178346 0.00737409
0.0397956 0.0152902 0.00979215
0.0361933 0.0165969 0.00775589
0.0357857 0.0181809 0.00712919
0.0347661 0.0162327 0.00793559
0.0346385 0.0179826 0.00707341
0.0367338 0.0177182 0.00717539
0.0359709 0.0172637 0.00742
0.0356854 0.0173475 0.00738166
0.0349252 0.0167897 0.00767906
0.035275 0.0169659 0.00758341
0.035425 0.0174818 0.00731711
0.035161 0.0165226 0.00781418
0.0299652 0.0174195 0.00734681
0.0350991 0.0178598 0.0071289
0.0344324 0.0170978 0.00752987
0.0359035 0.0180202 0.0073535
0.0285259 0.0175009 0.00731025
0.035917 0.0177887 0.00716326
0.0362662 0.0173944 0.00734844
0.034492 0.0173589 0.00739477
0.0356377 0.0185477 0.00716911
0.035904 0.0170038 0.00755401
0.0346708 0.0181509 0.00745369
0.036638 0.0180007 0.00714359
0.0349727 0.017671 0.00750018
0.0348653 0.0179767 0.007306
0.0363689 0.0176447 0.00721879
0.0345923 0.017608 0.00752844
0.0359291 0.0190266 0.00730012
0.0348 0.0153066 0.00906285
0.0281672 0.0160467 0.00822499
0.0359483 0.0168199 0.00778678
0.0347482 0.0184396 0.00742828
0.0337678 0.0152285 0.00987555
0.0296683 0.0161877 0.00805268
0.0284562 0.0160969 0.00813546
0.0351585 0.015545 0.0087615
0.0368627 0.0173099 0.00737923
0.0423702 0.0159011 0.00849156
0.0406607 0.0157932 0.00868698
0.0408722 0.0157005 0.00913295
0.0347024 0.0182747 0.00709745
0.035947 0.0161338 0.00802241
0.0405734 0.0160752 0.00866871
0.042156 0.017667 0.00758666
0.0361221 0.0163382 0.00788998
0.0294965 0.0166906 0.00761791
0.0393786 0.0147956 0.0114598
0.0355263 0.0157128 0.00855355
0.0355976 0.0158902 0.00832235
0.0288917 0.0166568 0.0076626
0.0345044 0.0166309 0.00803103
0.0350875 0.0153711 0.00899542
0.0347835 0.0186573 0.00722491
0.0355465 0.0191736 0.00733263
0.0285821 0.0173967 0.00758586
0.0301206 0.0167554 0.0075471
0.0354679 0.0167741 0.00798844
0.0293611 0.0175522 0.00730889
0.0343215 0.0149288 0.00984872
0.0352081 0.0182595 0.00711042
0.0350233 0.0151894 0.00922536
0.0354581 0.0155351 0.00878539
0.0282291 0.0162515 0.00801473
0.0347341 0.0151286 0.00929514
0.0347649 0.0168101 0.00793179
0.0279768 0.0154408 0.00883929
0.0349127 0.0163325 0.00817759
0.0285156 0.0163234 0.00794756
0.0346817 0.0162144 0.00838016
0.0351465 0.0168219 0.00787907
0.0343721 0.014968 0.00955564
0.0304293 0.0187659 0.00696336
0.0364733 0.0166894 0.00770051
0.0369212 0.0179967 0.00704481
0.0360334 0.0180365 0.00704079
0.0288335 0.0164304 0.00785055
0.0367686 0.0182692 0.00711416
0.0356447 0.0179111 0.00709398
0.0427467 0.0170147 0.00758638
0.0353834 0.0177465 0.00718235
0.0351436 0.0175826 0.00727001
0.0280421 0.0155746 0.00857259
0.0363011 0.0181068 0.00730867
0.0365356 0.0185284 0.0071787
0.0283913 0.0158751 0.00832676
0.0302554 0.0176107 0.00727973
0.0357051 0.0188346 0.00724584
0.029162 0.0159268 0.00827964
0.0288919 0.0174898 0.00755997
0.0304 0.0169055 0.00747202
0.0353459 0.0186159 0.00718232
0.035416 0.018913 0.00726179
0.0283461 0.0167042 0.0076389
0.0349654 0.018425 0.00717085
0.0349202 0.0192302 0.00733731
0.0368344 0.0185519 0.00718978
0.0281054 0.0158031 0.00838888
0.03625 0.0188676 0.00726347
0.0294456 0.0160275 0.00819708
0.0282884 0.0164777 0.00782687
0.0286298 0.0167767 0.00757134
0.0350089 0.0166172 0.00805531
0.0293783 0.0162469 0.00800392
0.0335767 0.0148343 0.0106229
0.0298549 0.0171475 0.007409
0.0357942 0.0167021 0.0080156
0.0291215 0.0163632 0.00790133
0.0350726 0.0187362 0.00721142
0.0294403 0.0158131 0.0084069
0.0285733 0.0165499 0.00775948
0.0351368 0.0190201 0.00728552
0.0282628 0.0154903 0.00876366
0.0287754 0.0162039 0.0080385
0.0338246 0.0152657 0.00958336
0.0291706 0.015712 0.00849069
0.0282023 0.0153668 0.00903024
0.0298567 0.018613 0.0070217
0.028695 0.0170295 0.00742363
0.0292396 0.016814 0.00752351
0.0283302 0.0156573 0.00852377
0.0353864 0.0153578 0.00901653
0.0345075 0.0163918 0.00821218
0.0348462 0.0189466 0.00727342
0.0301314 0.0170349 0.00743861
0.028716 0.0159777 0.00822633
0.0346214 0.0149226 0.00984551
0.0305146 0.017183 0.00739009
0.0303888 0.0166546 0.00763603
0.0230282 0.018401 0.00715523
0.0224357 0.0170942 0.00740107
0.035821 0.0157731 0.00848473
0.0286662 0.0181174 0.00716899
0.0355903 0.016485 0.00811036
0.0343251 0.016095 0.00850743
0.0349038 0.0149302 0.00974453
0.0352673 0.0192808 0.00735632
0.0346716 0.0149638 0.00953788
0.0289072 0.0158067 0.00838286
0.0349623 0.0150176 0.00946358
0.0358917 0.0159519 0.00825444
0.0338901 0.0154425 0.00935002
0.0339423 0.0148774 0.0103052
0.0296766 0.0174989 0.00732523
0.028464 0.0172152 0.00737749
0.0297301 0.0157666 0.00846903
0.0221387 0.0158887 0.00824207
0.0285909 0.0177864 0.00724484
0.0294383 0.0164651 0.00780706
0.0306245 0.0179005 0.00718147
0.0288233 0.0176023 0.00729047
0.0291391 0.0180307 0.00719507
0.0302435 0.0173091 0.00736596
0.0354624 0.0195004 0.0074174
0.0290139 0.0171653 0.00739479
0.0301757 0.0182412 0.00710397
0.030218 0.0190175 0.00700015
0.0295582 0.0169347 0.00745493
0.0300313 0.0179901 0.00718187
0.0290633 0.0161396 0.00809266
0.0298467 0.0168554 0.00747668
0.0290796 0.0174505 0.00732924
0.0297288 0.0164031 0.00785285
0.0295664 0.0172268 0.00738698
0.0291816 0.0165882 0.00771225
0.0298872 0.0189036 0.00695371
0.0289517 0.016883 0.00747485
0.0289751 0.0183976 0.00730922
0.0287572 0.0173156 0.00735616
0.0296837 0.0177902 0.00725427
0.0291974 0.0183164 0.00712497
0.0291306 0.0177387 0.00726333
0.0293334 0.0185735 0.00704583
0.0286736 0.0179958 0.00744312
0.0293027 0.017087 0.00741639
0.0303272 0.0179409 0.00718278
0.0288527 0.0155944 0.00858779
0.0305368 0.0175083 0.0072967
0.0294676 0.0181894 0.00715458
0.0291717 0.0193979 0.00710034
0.0297359 0.0159809 0.00825924
0.0287311 0.0184029 0.00710358
0.0223791 0.016854 0.00757166
0.0303128 0.018498 0.0070316
0.0226289 0.017953 0.00722431
0.0348572 0.0160355 0.00854504
0.0308115 0.0173897 0.00731857
0.0287018 0.0183098 0.00739638
0.0340172 0.0157979 0.00888401
0.0304751 0.0182521 0.00708797
0.0222607 0.0163669 0.00790129
0.0352608 0.0162868 0.00824648
0.0340926 0.0159842 0.00866127
0.0286478 0.0176821 0.00752029
0.0223191 0.0166115 0.00773776
0.0294167 0.0189825 0.00693703
0.0230083 0.0186967 0.00710915
0.0307245 0.0188104 0.00699308
0.0306098 0.0185296 0.00700329
0.0275966 0.0147039 0.0104359
0.0296814 0.0191197 0.00698361
0.0288074 0.0186461 0.00729564
0.0302321 0.0196417 0.00712897
0.0294187 0.0155988 0.00861573
0.0302364 0.0193208 0.00706355
0.0285018 0.0154194 0.00893061
0.0289824 0.0189301 0.00719093
0.0352975 0.0165497 0.00810155
0.0307913 0.0191564 0.00706862
0.028788 0.0154398 0.0088366
0.0291161 0.0154998 0.00869561
0.0286245 0.0157348 0.00845285
0.0281391 0.0152425 0.0092959
0.0305346 0.0193426 0.00708883
0.0173541 0.0203805 0.00719101
0.0225634 0.0176635 0.00726758
0.0339526 0.0156134 0.00911152
0.0345612 0.0159417 0.00861105
0.0364132 0.0164116 0.00784127
0.0224985 0.0173743 0.00731398
0.0285634 0.0155223 0.00865565
0.0307732 0.0182792 0.00706744
0.022963 0.0181116 0.0071999
0.029972 0.017708 0.0072649
0.030898 0.0180154 0.00713702
0.0222003 0.0161226 0.00806454
0.0298879 0.0183258 0.00710232
0.0297864 0.0166281 0.00766298
0.0229162 0.0192387 0.00701434
0.0294015 0.0178898 0.00723107
0.0288672 0.017901 0.00722173
0.022759 0.0185312 0.0071309
0.0299763 0.0194925 0.00708056
0.0228533 0.0189493 0.00706206
0.0305155 0.0190462 0.00702678
0.0291676 0.018817 0.00698376
0.0226938 0.0182423 0.00717824
0.0303283 0.0164431 0.00783995
0.0296048 0.018448 0.00706981
0.0288116 0.0187558 0.00701649
0.0301316 0.0187312 0.00697674
0.0288717 0.0190379 0.00693375
0.0295793 0.0187358 0.00698911
0.0296883 0.0194168 0.00704493
0.0290343 0.0185607 0.00706449
0.0299716 0.0191876 0.00701777
0.0226714 0.0169421 0.00750722
0.0291553 0.0191164 0.00699805
0.029003 0.0196451 0.00707957
0.0294267 0.0192775 0.00699815

VERTICES 885 1770
1 0
1 1
1 2
1 3
1 4
1 5
1 6
1 7
1 8
1 9
1 10
1 11
1 12
1 13
1 14
1 15
1 16
1 17
1 18
1 19
1 20
1 21
1 22
1 23
1 24
1 25
1 26
1 27
1 28
1 29
1 30
1 31
1 32
1 33
1 34
1 35
1 36
1 37
1 38
1 39
1 40
1 41
1 42
1 43
1 44
1 45
1 46
1 47
1 48
1 49
1 50
1 51
1 52
1 53
1 54
1 55
1 56
1 57
1 58
1 59
1 60
1 61
1 62
1 63
1 64
1 65
1 66
1 67
1 68
1 69
1 70
1 71
1 72
1 73
1 74
1 75
1 76
1 77
1 78
1 79
1 80
1 81
1 82
1 83
1 84
1 85
1 86
1 87
1 88
1 89
1 90
1 91
1 92
1 93
1 94
1 95
1 96
1 97
1 98
1 99
1 100
1 101
1 102
1 103
1 104
1 105
1 106
1 107
1 108
1 109
1 110
1 111
1 112
1 113
1 114
1 115
1 116
1 117
1 118
1 119
1 120
1 121
1 122
1 123
1 124
1 125
1 126
1 127
1 128
1 129
1 130
1 131
1 132
1 133
1 134
1 135
1 136
1 137
1 138
1 139
1 140
1 141
1 142
1 143
1 144
1 145
1 146
1 147
1 148
1 149
1 150
1 151
1 152
1 153
1 154
1 155
1 156
1 157
1 158
1 159
1 160
1 161
1 162
1 163
1 164
1 165
1 166
1 167
1 168
1 169
1 170
1 171
1 172
1 173
1 174
1 175
1 176
1 177
1 178
1 179
1 180
1 181
1 182
1 183
1 184
1 185
1 186
1 187
1 188
1 189
1 190
1 191
1 192
1 193
1 194
1 195
1 196
1 197
1 198
1 199
1 200
1 201
1 202
1 203
1 204
1 205
1 206
1 207
1 208
1 209
1 210
1 211
1 212
1 213
1 214
1 215
1 216
1 217
1 218
1 219
1 220
1 221
1 222
1 223
1 224
1 225
1 226
1 227
1 228
1 229
1 230
1 231
1 232
1 233
1 234
1 235
1 236
1 237
1 238
1 239
1 240
1 241
1 242
1 243
1 244
1 245
1 246
1 247
1 248
1 249
1 250
1 251
1 252
1 253
1 254
1 255
1 256
1 257
1 258
1 259
1 260
1 261
1 262
1 263
1 264
1 265
1 266
1 267
1 268
1 269
1 270
1 271
1 272
1 273
1 274
1 275
1 276
1 277
1 278
1 279
1 280
1 281
1 282
1 283
1 284
1 285
1 286
1 287
1 288
1 289
1 290
1 291
1 292
1 293
1 294
1 295
1 296
1 297
1 298
1 299
1 300
1 301
1 302
1 303
1 304
1 305
1 306
1 307
1 308
1 309
1 310
1 311
1 312
1 313
1 314
1 315
1 316
1 317
1 318
1 319
1 320
1 321
1 322
1 323
1 324
1 325
1 326
1 327
1 328
1 329
1 330
1 331
1 332
1 333
1 334
1 335
1 336
1 337
1 338
1 339
1 340
1 341
1 342
1 343
1 344
1 345
1 346
1 347
1 348
1 349
1 350
1 351
1 352
1 353
1 354
1 355
1 356
1 357
1 358
1 359
1 360
1 361
1 362
1 363
1 364
1 365
1 366
1 367
1 368
1 369
1 370
1 371
1 372
1 373
1 374
1 375
1 376
1 377
1 378
1 379
1 380
1 381
1 382
1 383
1 384
1 385
1 386
1 387
1 388
1 389
1 390
1 391
1 392
1 393
1 394
1 395
1 396
1 397
1 398
1 399
1 400
1 401
1 402
1 403
1 404
1 405
1 406
1 407
1 408
1 409
1 410
1 411
1 412
1 413
1 414
1 415
1 416
1 417
1 418
1 419
1 420
1 421
1 422
1 423
1 424
1 425
1 426
1 427
1 428
1 429
1 430
1 431
1 432
1 433
1 434
1 435
1 436
1 437
1 438
1 439
1 440
1 441
1 442
1 443
1 444
1 445
1 446
1 447
1 448
1 449
1 450
1 451
1 452
1 453
1 454
1 455
1 456
1 457
1 458
1 459
1 460
1 461
1 462
1 463
1 464
1 465
1 466
1 467
1 468
1 469
1 470
1 471
1 472
1 473
1 474
1 475
1 476
1 477
1 478
1 479
1 480
1 481
1 482
1 483
1 484
1 485
1 486
1 487
1 488
1 489
1 490
1 491
1 492
1 493
1 494
1 495
1 496
1 497
1 498
1 499
1 500
1 501
1 502
1 503
1 504
1 505
1 506
1 507
1 508
1 509
1 510
1 511
1 512
1 513
1 514
1 515
1 516
1 517
1 518
1 519
1 520
1 521
1 522
1 523
1 524
1 525
1 526
1 527
1 528
1 529
1 530
1 531
1 532
1 533
1 534
1 535
1 536
1 537
1 538
1 539
1 540
1 541
1 542
1 543
1 544
1 545
1 546
1 547
1 548
1 549
1 550
1 551
1 552
1 553
1 554
1 555
1 556
1 557
1 558
1 559
1 560
1 561
1 562
1 563
1 564
1 565
1 566
1 567
1 568
1 569
1 570
1 571
1 572
1 573
1 574
1 575
1 576
1 577
1 578
1 579
1 580
1 581
1 582
1 583
1 584
1 585
1 586
1 587
1 588
1 589
1 590
1 591
1 592
1 593
1 594
1 595
1 596
1 597
1 598
1 599
1 600
1 601
1 602
1 603
1 604
1 605
1 606
1 607
1 608
1 609
1 610
1 611
1 612
1 613
1 614
1 615
1 616
1 617
1 618
1 619
1 620
1 621
1 622
1 623
1 624
1 625
1 626
1 627
1 628
1 629
1 630
1 631
1 632
1 633
1 634
1 635
1 636
1 637
1 638
1 639
1 640
1 641
1 642
1 643
1 644
1 645
1 646
1 647
1 648
1 649
1 650
1 651
1 652
1 653
1 654
1 655
1 656
1 657
1 658
1 659
1 660
1 661
1 662
1 663
1 664
1 665
1 666
1 667
1 668
1 669
1 670
1 671
1 672
1 673
1 674
1 675
1 676
1 677
1 678
1 679
1 680
1 681
1 682
1 683
1 684
1 685
1 686
1 687
1 688
1 689
1 690
1 691
1 692
1 693
1 694
1 695
1 696
1 697
1 698
1 699
1 700
1 701
1 702
1 703
1 704
1 705
1 706
1 707
1 708
1 709
1 710
1 711
1 712
1 713
1 714
1 715
1 716
1 717
1 718
1 719
1 720
1 721
1 722
1 723
1 724
1 725
1 726
1 727
1 728
1 729
1 730
1 731
1 732
1 733
1 734
1 735
1 736
1 737
1 738
1 739
1 740
1 741
1 742
1 743
1 744
1 745
1 746
1 747
1 748
1 749
1 750
1 751
1 752
1 753
1 754
1 755
1 756
1 757
1 758
1 759
1 760
1 761
1 762
1 763
1 764
1 765
1 766
1 767
1 768
1 769
1 770
1 771
1 772
1 773
1 774
1 775
1 776
1 777
1 778
1 779
1 780
1 781
1 782
1 783
1 784
1 785
1 786
1 787
1 788
1 789
1 790
1 791
1 792
1 793
1 794
1 795
1 796
1 797
1 798
1 799
1 800
1 801
1 802
1 803
1 804
1 805
1 806
1 807
1 808
1 809
1 810
1 811
1 812
1 813
1 814
1 815
1 816
1 817
1 818
1 819
1 820
1 821
1 822
1 823
1 824
1 825
1 826
1 827
1 828
1 829
1 830
1 831
1 832
1 833
1 834
1 835
1 836
1 837
1 838
1 839
1 840
1 841
1 842
1 843
1 844
1 845
1 846
1 847
1 848
1 849
1 850
1 851
1 852
1 853
1 854
1 855
1 856
1 857
1 858
1 859
1 860
1 861
1 862
1 863
1 864
1 865
1 866
1 867
1 868
1 869
1 870
1 871
1 872
1 873
1 874
1 875
1 876
1 877
1 878
1 879
1 880
1 881
1 882
1 883
1 884

POINT_DATA 885
SCALARS id int 1
LOOKUP_TABLE default
1
2
3
4
5
6
7
8
9
10
11
12
13
14
15
16
17
18
19
20
21
22
23
24
25
26
27
28
29
30
31
32
33
34
35
36
37
39
40
41
42
43
44
45
46
47
48
49
50
51
52
53
54
56
57
58
59
60
61
62
63
64
65
67
68
69
70
71
72
73
74
75
76
77
78
79
80
81
82
83
84
85
86
87
88
89
90
91
92
93
94
95
96
97
98
99
100
101
102
103
104
105
106
107
108
109
110
111
112
113
114
115
116
117
118
119
120
121
122
123
124
125
126
127
129
130
131
132
133
134
135
136
137
138
139
140
141
142
143
144
145
146
147
148
149
150
151
153
154
155
156
157
158
159
160
161
162
163
164
165
166
167
168
169
170
171
172
173
174
175
176
177
178
179
180
181
182
183
184
185
186
187
188
189
190
191
192
193
194
195
196
197
198
199
200
201
202
203
204
205
206
207
208
209
210
211
212
213
214
215
217
218
219
220
221
222
223
224
225
226
227
228
229
230
231
232
233
234
235
236
237
238
239
240
241
242
243
244
245
246
247
248
249
250
251
252
253
254
255
256
257
258
259
260
261
262
263
264
265
266
267
268
269
270
271
273
274
275
276
277
278
279
280
281
282
283
284
285
286
287
288
289
290
291
292
293
294
295
296
297
298
299
300
301
302
303
304
305
306
307
308
309
310
311
312
313
314
315
316
317
318
319
320
321
322
323
324
325
326
327
328
329
330
331
332
333
334
335
336
337
338
339
340
341
342
343
344
345
346
347
348
349
350
351
352
353
354
355
356
357
358
359
360
361
362
363
364
365
366
367
368
369
370
371
372
373
374
375
376
377
378
379
380
381
382
383
384
385
386
387
388
389
390
391
392
393
394
395
396
397
398
399
400
401
402
403
404
405
406
407
408
409
410
411
412
413
414
415
416
417
418
419
420
421
422
423
424
425
426
427
428
429
430
431
432
433
434
435
436
437
438
439
440
441
442
443
444
445
446
447
448
449
450
451
452
453
454
455
456
457
458
459
460
461
462
463
464
465
466
467
468
469
470
471
472
473
474
475
476
477
478
479
480
481
482
483
484
485
486
487
488
489
490
491
492
493
494
495
496
497
498
499
500
501
502
503
504
505
506
507
508
509
510
511
512
513
514
515
516
517
518
519
520
521
522
523
524
525
526
527
528
529
530
531
532
533
534
535
536
537
538
539
540
541
542
543
544
545
546
547
548
549
550
551
552
553
554
555
556
557
558
559
560
561
562
563
564
565
566
567
568
569
570
571
572
573
574
575
576
577
579
580
581
582
583
584
585
586
587
588
589
590
591
592
593
594
595
596
597
598
599
600
601
602
603
605
606
607
608
609
610
611
612
613
614
615
616
617
618
619
620
621
622
623
624
625
626
627
628
629
630
631
632
633
634
635
636
637
638
640
641
642
643
644
645
646
647
648
649
650
651
652
653
654
655
656
659
660
661
662
663
664
665
666
667
668
669
670
671
672
673
674
675
676
677
678
679
680
681
682
683
684
685
686
687
688
690
691
692
693
694
695
696
697
698
699
700
701
702
703
704
705
706
707
708
709
710
711
712
713
714
715
716
717
718
719
720
721
722
723
724
725
726
727
728
729
730
731
732
733
734
735
736
737
738
739
740
741
742
743
744
745
746
747
748
749
750
751
752
753
754
755
756
757
758
759
760
761
762
764
765
766
767
768
769
770
771
772
773
774
775
776
777
778
779
780
781
782
783
784
785
786
787
788
789
791
792
793
794
795
796
797
798
799
800
801
802
803
804
805
806
807
808
809
810
811
812
813
814
815
816
817
818
819
820
821
822
823
824
825
826
827
828
829
830
831
832
833
834
835
836
837
838
839
840
841
842
843
844
845
846
847
848
849
850
851
852
853
854
855
856
857
858
859
860
861
862
863
864
865
866
867
868
869
870
871
872
873
874
875
876
877
878
879
880
881
882
883
884
885
886
887
888
889
890
891
892
893
894
895
896
897
898
899
900

SCALARS type int 1
LOOKUP_TABLE default
1
1
1
1
1
1
1
1
1
1
1
1
1
1
1
1
1
1
1
1
1
1
1
1
1
1
1
1
1
1
1
1
1
1
1
1
1
1
1
1
1
1
1
1
1
1
1
1
1
1
1
1
1
1
1
1
1
1
1
1
1
1
1
1
1
1
1
1
1
1
1
1
1
1
1
1
1
1
1
1
1
1
1
1
1
1
1
1
1
1
1
1
1
1
1
1
1
1
1
1
1
1
1
1
1
1
1
1
1
1
1
1
1
1
1
1
1
1
1
1
1
1
1
1
1
1
1
1
1
1
1
1
1
1
1
1
1
1
1
1
1
1
1
1
1
1
1
1
1
1
1
1
1
1
1
1
1
1
1
1
1
1
1
1
1
1
1
1
1
1
1
1
1
1
1
1
1
1
1
1
1
1
1
1
1
1
1
1
1
1
1
1
1
1
1
1
1
1
1
1
1
1
1
1
1
1
1
1
1
1
1
1
1
1
1
1
1
1
1
1
1
1
1
1
1
1
1
1
1
1
1
1
1
1
1
1
1
1
1
1
1
1
1
1
1
1
1
1
1
1
1
1
1
1
1
1
1
1
1
1
1
1
1
1
1
1
1
1
1
1
1
1
1
1
1
1
1
1
1
1
1
1
1
1
1
1
1
1
1
1
1
1
1
1
1
1
1
1
1
1
1
1
1
1
1
1
1
1
1
1
1
1
1
1
1
1
1
1
1
1
1
1
1
1
1
1
1
1
1
1
1
1
1
1
1
1
1
1
1
1
1
1
1
1
1
1
1
1
1
1
1
1
1
1
1
1
1
1
1
1
1
1
1
1
1
1
1
1
1
1
1
1
1
1
1
1
1
1
1
1
1
1
1
1
1
1
1
1
1
1
1
1
1
1
1
1
1
1
1
1
1
1
1
1
1
1
1
1
1
1
1
1
1
1
1
1
1
1
1
1
1
1
1
1
1
1
1
1
1
1
1
1
1
1
1
1
1
1
1
1
1
1
1
1
1
1
1
1
1
1
1
1
1
1
1
1
1
1
1
1
1
1
1
1
1
1
1
1
1
1
1
1
1
1
1
1
1
1
1
1
1
1
1
1
1
1
1
1
1
1
1
1
1
1
1
1
1
1
1
1
1
1
1
1
1
1
1
1
1
1
1
1
1
1
1
1
1
1
1
1
1
1
1
1
1
1
1
1
1
1
1
1
1
1
1
1
1
1
1
1
1
1
1
1
1
1
1
1
1
1
1
1
1
1
1
1
1
1
1
1
1
1
1
1
1
1
1
1
1
1
1
1
1
1
1
1
1
1
1
1
1
1
1
1
1
1
1
1
1
1
1
1
1
1
1
1
1
1
1
1
1
1
1
1
1
1
1
1
1
1
1
1
1
1
1
1
1
1
1
1
1
1
1
1
1
1
1
1
1
1
1
1
1
1
1
1
1
1
1
1
1
1
1
1
1
1
1
1
1
1
1
1
1
1
1
1
1
1
1
1
1
1
1
1
1
1
1
1
1
1
1
1
1
1
1
1
1
1
1
1
1
1
1
1
1
1
1
1
1
1
1
1
1
1
1
1
1
1
1
1
1
1
1
1
1
1
1
1
1
1
1
1
1
1
1
1
1
1
1
1
1
1
1
1
1
1
1
1
1
1
1
1
1
1
1
1
1
1
1
1
1
1
1
1
1
1
1
1
1
1
1
1
1
1
1
1
1
1
1
1
1
1
1
1
1
1
1
1
1
1
1
1
1
1
1
1
1
1
1
1
1
1
1
1
1
1
1
1
1
1
1
1
1
1
1
1
1
1
1
1
1
1
1
1
1
1
1
1
1
1
1
1
1
1
1
1
1
1
1
1
1
1
1
1
1
1
1
1
1
1
1
1
1
1
1
1
1
1
1
1
1
1
1
1
1
1
1
1
1
1
1
1
1
1
1
1
1
1
1
1
1
1
1
1
1
1
1
1
1
1
1
1
1
1
1
1
1
1
1
1
1
1
1
1
1

SCALARS radius float 1
LOOKUP_TABLE default
0.00015
0.00015
0.00015
0.00015
0.00015
0.00015
0.00015
0.00015
0.00015
0.00015
0.00015
0.00015
0.00015
0.00015
0.00015
0.00015
0.00015
0.00015
0.00015
0.00015
0.00015
0.00015
0.00015
0.00015
0.00015
0.00015
0.00015
0.00015
0.00015
0.00015
0.00015
0.00015
0.00015
0.00015
0.00015
0.00015
0.00015
0.00015
0.00015
0.00015
0.00015
0.00015
0.00015
0.00015
0.00015
0.00015
0.00015
0.00015
0.00015
0.00015
0.00015
0.00015
0.00015
0.00015
0.00015
0.00015
0.00015
0.00015
0.00015
0.00015
0.00015
0.00015
0.00015
0.00015
0.00015
0.00015
0.00015
0.00015
0.00015
0.00015
0.00015
0.00015
0.00015
0.00015
0.00015
0.00015
0.00015
0.00015
0.00015
0.00015
0.00015
0.00015
0.00015
0.00015
0.00015
0.00015
0.00015
0.00015
0.00015
0.00015
0.00015
0.00015
0.00015
0.00015
0.00015
0.00015
0.00015
0.00015
0.00015
0.00015
0.00015
0.00015
0.00015
0.00015
0.00015
0.00015
0.00015
0.00015
0.00015
0.00015
0.00015
0.00015
0.00015
0.00015
0.00015
0.00015
0.00015
0.00015
0.00015
0.00015
0.00015
0.00015
0.00015
0.00015
0.00015
0.00015
0.00015
0.00015
0.00015
0.00015
0.00015
0.00015
0.00015
0.00015
0.00015
0.00015
0.00015
0.00015
0.00015
0.00015
0.00015
0.00015
0.00015
0.00015
0.00015
0.00015
0.00015
0.00015
0.00015
0.00015
0.00015
0.00015
0.00015
0.00015
0.00015
0.00015
0.00015
0.00015
0.00015
0.00015
0.00015
0.00015
0.00015
0.00015
0.00015
0.00015
0.00015
0.00015
0.00015
0.00015
0.00015
0.00015
0.00015
0.00015
0.00015
0.00015
0.00015
0.00015
0.00015
0.00015
0.00015
0.00015
0.00015
0.00015
0.00015
0.00015
0.00015
0.00015
0.00015
0.00015
0.00015
0.00015
0.00015
0.00015
0.00015
0.00015
0.00015
0.00015
0.00015
0.00015
0.00015
0.00015
0.00015
0.00015
0.00015
0.00015
0.00015
0.00015
0.00015
0.00015
0.00015
0.00015
0.00015
0.00015
0.00015
0.00015
0.00015
0.00015
0.00015
0.00015
0.00015
0.00015
0.00015
0.00015
0.00015
0.00015
0.00015
0.00015
0.00015
0.00015
0.00015
0.00015
0.00015
0.00015
0.00015
0.00015
0.00015
0.00015
0.00015
0.00015
0.00015
0.00015
0.00015
0.00015
0.00015
0.00015
0.00015
0.00015
0.00015
0.00015
0.00015
0.00015
0.00015
0.00015
0.00015
0.00015
0.00015
0.00015
0.00015
0.00015
0.00015
0.00015
0.00015
0.00015
0.00015
0.00015
0.00015
0.00015
0.00015
0.00015
0.00015
0.00015
0.00015
0.00015
0.00015
0.00015
0.00015
0.00015
0.00015
0.00015
0.00015
0.00015
0.00015
0.00015
0.00015
0.00015
0.00015
0.00015
0.00015
0.00015
0.00015
0.00015
0.00015
0.00015
0.00015
0.00015
0.00015
0.00015
0.00015
0.00015
0.00015
0.00015
0.00015
0.00015
0.00015
0.00015
0.00015
0.00015
0.00015
0.00015
0.00015
0.00015
0.00015
0.00015
0.00015
0.00015
0.00015
0.00015
0.00015
0.00015
0.00015
0.00015
0.00015
0.00015
0.00015
0.00015
0.00015
0.00015
0.00015
0.00015
0.00015
0.00015
0.00015
0.00015
0.00015
0.00015
0.00015
0.00015
0.00015
0.00015
0.00015
0.00015
0.00015
0.00015
0.00015
0.00015
0.00015
0.00015
0.00015
0.00015
0.00015
0.00015
0.00015
0.00015
0.00015
0.00015
0.00015
0.00015
0.00015
0.00015
0.00015
0.00015
0.00015
0.00015
0.00015
0.00015
0.00015
0.00015
0.00015
0.00015
0.00015
0.00015
0.00015
0.00015
0.00015
0.00015
0.00015
0.00015
0.00015
0.00015
0.00015
0.00015
0.00015
0.00015
0.00015
0.00015
0.00015
0.00015
0.00015
0.00015
0.00015
0.00015
0.00015
0.00015
0.00015
0.00015
0.00015
0.00015
0.00015
0.00015
0.00015
0.00015
0.00015
0.00015
0.00015
0.00015
0.00015
0.00015
0.00015
0.00015
0.00015
0.00015
0.00015
0.00015
0.00015
0.00015
0.00015
0.00015
0.00015
0.00015
0.00015
0.00015
0.00015
0.00015
0.00015
0.00015
0.00015
0.00015
0.00015
0.00015
0.00015
0.00015
0.00015
0.00015
0.00015
0.00015
0.00015
0.00015
0.00015
0.00015
0.00015
0.00015
0.00015
0.00015
0.00015
0.00015
0.00015
0.00015
0.00015
0.00015
0.00015
0.00015
0.00015
0.00015
0.00015
0.00015
0.00015
0.00015
0.00015
0.00015
0.00015
0.00015
0.00015
0.00015
0.00015
0.00015
0.00015
0.00015
0.00015
0.00015
0.00015
0.00015
0.00015
0.00015
0.00015
0.00015
0.00015
0.00015
0.00015
0.00015
0.00015
0.00015
0.00015
0.00015
0.00015
0.00015
0.00015
0.00015
0.00015
0.00015
0.00015
0.00015
0.00015
0.00015
0.00015
0.00015
0.00015
0.00015
0.00015
0.00015
0.00015
0.00015
0.00015
0.00015
0.00015
0.00015
0.00015
0.00015
0.00015
0.00015
0.00015
0.00015
0.00015
0.00015
0.00015
0.00015
0.00015
0.00015
0.00015
0.00015
0.00015
0.00015
0.00015
0.00015
0.00015
0.00015
0.00015
0.00015
0.00015
0.00015
0.00015
0.00015
0.00015
0.00015
0.00015
0.00015
0.00015
0.00015
0.00015
0.00015
0.00015
0.00015
0.00015
0.00015
0.00015
0.00015
0.00015
0.00015
0.00015
0.00015
0.00015
0.00015
0.00015
0.00015
0.00015
0.00015
0.00015
0.00015
0.00015
0.00015
0.00015
0.00015
0.00015
0.00015
0.00015
0.00015
0.00015
0.00015
0.00015
0.00015
0.00015
0.00015
0.00015
0.00015
0.00015
0.00015
0.00015
0.00015
0.00015
0.00015
0.00015
0.00015
0.00015
0.00015
0.00015
0.00015
0.00015
0.00015
0.00015
0.00015
0.00015
0.00015
0.00015
0.00015
0.00015
0.00015
0.00015
0.00015
0.00015
0.00015
0.00015
0.00015
0.00015
0.00015
0.00015
0.00015
0.00015
0.00015
0.00015
0.00015
0.00015
0.00015
0.00015
0.00015
0.00015
0.00015
0.00015
0.00015
0.00015
0.00015
0.00015
0.00015
0.00015
0.00015
0.00015
0.00015
0.00015
0.00015
0.00015
0.00015
0.00015
0.00015
0.00015
0.00015
0.00015
0.00015
0.00015
0.00015
0.00015
0.00015
0.00015
0.00015
0.00015
0.00015
0.00015
0.00015
0.00015
0.00015
0.00015
0.00015
0.00015
0.00015
0.00015
0.00015
0.00015
0.00015
0.00015
0.00015
0.00015
0.00015
0.00015
0.00015
0.00015
0.00015
0.00015
0.00015
0.00015
0.00015
0.00015
0.00015
0.00015
0.00015
0.00015
0.00015
0.00015
0.00015
0.00015
0.00015
0.00015
0.00015
0.00015
0.00015
0.00015
0.00015
0.00015
0.00015
0.00015
0.00015
0.00015
0.00015
0.00015
0.00015
0.00015
0.00015
0.00015
0.00015
0.00015
0.00015
0.00015
0.00015
0.00015
0.00015
0.00015
0.00015
0.00015
0.00015
0.00015
0.00015
0.00015
0.00015
0.00015
0.00015
0.00015
0.00015
0.00015
0.00015
0.00015
0.00015
0.00015
0.00015
0.00015
0.00015
0.00015
0.00015
0.00015
0.00015
0.00015
0.00015
0.00015
0.00015
0.00015
0.00015
0.00015
0.00015
0.00015
0.00015
0.00015
0.00015
0.00015
0.00015
0.00015
0.00015
0.00015
0.00015
0.00015
0.00015
0.00015
0.00015
0.00015
0.00015
0.00015
0.00015
0.00015
0.00015
0.00015
0.00015
0.00015
0.00015
0.00015
0.00015
0.00015
0.00015
0.00015
0.00015
0.00015
0.00015
0.00015
0.00015
0.00015
0.00015
0.00015
0.00015
0.00015
0.00015
0.00015
0.00015
0.00015
0.00015
0.00015
0.00015
0.00015
0.00015
0.00015
0.00015
0.00015
0.00015
0.00015
0.00015
0.00015
0.00015
0.00015
0.00015
0.00015
0.00015
0.00015
0.00015
0.00015
0.00015
0.00015
0.00015
0.00015
0.00015
0.00015
0.00015
0.00015
0.00015
0.00015
0.00015
0.00015
0.00015
0.00015
0.00015
0.00015
0.00015
0.00015
0.00015
0.00015
0.00015
0.00015
0.00015
0.00015
0.00015
0.00015
0.00015
0.00015
0.00015
0.00015
0.00015
0.00015
0.00015
0.00015
0.00015
0.00015
0.00015
0.00015
0.00015
0.00015
0.00015
0.00015
0.00015
0.00015
0.00015
0.00015
0.00015
0.00015
0.00015
0.00015
0.00015
0.00015
0.00015
0.00015
0.00015
0.00015
0.00015
0.00015
0.00015
0.00015
0.00015
0.00015
0.00015
0.00015
0.00015
0.00015
0.00015
0.00015
0.00015
0.00015
0.00015
0.00015
0.00015
0.00015
0.00015
0.00015
0.00015
0.00015
0.00015
0.00015
0.00015
0.00015
0.00015
0.00015
0.00015
0.00015
0.00015
0.00015

SCALARS mass float 1
LOOKUP_TABLE default
3.95841e-09
3.95841e-09
3.95841e-09
3.95841e-09
3.95841e-09
3.95841e-09
3.95841e-09
3.95841e-09
3.95841e-09
3.95841e-09
3.95841e-09
3.95841e-09
3.95841e-09
3.95841e-09
3.95841e-09
3.95841e-09
3.95841e-09
3.95841e-09
3.95841e-09
3.95841e-09
3.95841e-09
3.95841e-09
3.95841e-09
3.95841e-09
3.95841e-09
3.95841e-09
3.95841e-09
3.95841e-09
3.95841e-09
3.95841e-09
3.95841e-09
3.95841e-09
3.95841e-09
3.95841e-09
3.95841e-09
3.95841e-09
3.95841e-09
3.95841e-09
3.95841e-09
3.95841e-09
3.95841e-09
3.95841e-09
3.95841e-09
3.95841e-09
3.95841e-09
3.95841e-09
3.95841e-09
3.95841e-09
3.95841e-09
3.95841e-09
3.95841e-09
3.95841e-09
3.95841e-09
3.95841e-09
3.95841e-09
3.95841e-09
3.95841e-09
3.95841e-09
3.95841e-09
3.95841e-09
3.95841e-09
3.95841e-09
3.95841e-09
3.95841e-09
3.95841e-09
3.95841e-09
3.95841e-09
3.95841e-09
3.95841e-09
3.95841e-09
3.95841e-09
3.95841e-09
3.95841e-09
3.95841e-09
3.95841e-09
3.95841e-09
3.95841e-09
3.95841e-09
3.95841e-09
3.95841e-09
3.95841e-09
3.95841e-09
3.95841e-09
3.95841e-09
3.95841e-09
3.95841e-09
3.95841e-09
3.95841e-09
3.95841e-09
3.95841e-09
3.95841e-09
3.95841e-09
3.95841e-09
3.95841e-09
3.95841e-09
3.95841e-09
3.95841e-09
3.95841e-09
3.95841e-09
3.95841e-09
3.95841e-09
3.95841e-09
3.95841e-09
3.95841e-09
3.95841e-09
3.95841e-09
3.95841e-09
3.95841e-09
3.95841e-09
3.95841e-09
3.95841e-09
3.95841e-09
3.95841e-09
3.95841e-09
3.95841e-09
3.95841e-09
3.95841e-09
3.95841e-09
3.95841e-09
3.95841e-09
3.95841e-09
3.95841e-09
3.95841e-09
3.95841e-09
3.95841e-09
3.95841e-09
3.95841e-09
3.95841e-09
3.95841e-09
3.95841e-09
3.95841e-09
3.95841e-09
3.95841e-09
3.95841e-09
3.95841e-09
3.95841e-09
3.95841e-09
3.95841e-09
3.95841e-09
3.95841e-09
3.95841e-09
3.95841e-09
3.95841e-09
3.95841e-09
3.95841e-09
3.95841e-09
3.95841e-09
3.95841e-09
3.95841e-09
3.95841e-09
3.95841e-09
3.95841e-09
3.95841e-09
3.95841e-09
3.95841e-09
3.95841e-09
3.95841e-09
3.95841e-09
3.95841e-09
3.95841e-09
3.95841e-09
3.95841e-09
3.95841e-09
3.95841e-09
3.95841e-09
3.95841e-09
3.95841e-09
3.95841e-09
3.95841e-09
3.95841e-09
3.95841e-09
3.95841e-09
3.95841e-09
3.95841e-09
3.95841e-09
3.95841e-09
3.95841e-09
3.95841e-09
3.95841e-09
3.95841e-09
3.95841e-09
3.95841e-09
3.95841e-09
3.95841e-09
3.95841e-09
3.95841e-09
3.95841e-09
3.95841e-09
3.95841e-09
3.95841e-09
3.95841e-09
3.95841e-09
3.95841e-09
3.95841e-09
3.95841e-09
3.95841e-09
3.95841e-09
3.95841e-09
3.95841e-09
3.95841e-09
3.95841e-09
3.95841e-09
3.95841e-09
3.95841e-09
3.95841e-09
3.95841e-09
3.95841e-09
3.95841e-09
3.95841e-09
3.95841e-09
3.95841e-09
3.95841e-09
3.95841e-09
3.95841e-09
3.95841e-09
3.95841e-09
3.95841e-09
3.95841e-09
3.95841e-09
3.95841e-09
3.95841e-09
3.95841e-09
3.95841e-09
3.95841e-09
3.95841e-09
3.95841e-09
3.95841e-09
3.95841e-09
3.95841e-09
3.95841e-09
3.95841e-09
3.95841e-09
3.95841e-09
3.95841e-09
3.95841e-09
3.95841e-09
3.95841e-09
3.95841e-09
3.95841e-09
3.95841e-09
3.95841e-09
3.95841e-09
3.95841e-09
3.95841e-09
3.95841e-09
3.95841e-09
3.95841e-09
3.95841e-09
3.95841e-09
3.95841e-09
3.95841e-09
3.95841e-09
3.95841e-09
3.95841e-09
3.95841e-09
3.95841e-09
3.95841e-09
3.95841e-09
3.95841e-09
3.95841e-09
3.95841e-09
3.95841e-09
3.95841e-09
3.95841e-09
3.95841e-09
3.95841e-09
3.95841e-09
3.95841e-09
3.95841e-09
3.95841e-09
3.95841e-09
3.95841e-09
3.95841e-09
3.95841e-09
3.95841e-09
3.95841e-09
3.95841e-09
3.95841e-09
3.95841e-09
3.95841e-09
3.95841e-09
3.95841e-09
3.95841e-09
3.95841e-09
3.95841e-09
3.95841e-09
3.95841e-09
3.95841e-09
3.95841e-09
3.95841e-09
3.95841e-09
3.95841e-09
3.95841e-09
3.95841e-09
3.95841e-09
3.95841e-09
3.95841e-09
3.95841e-09
3.95841e-09
3.95841e-09
3.95841e-09
3.95841e-09
3.95841e-09
3.95841e-09
3.95841e-09
3.95841e-09
3.95841e-09
3.95841e-09
3.95841e-09
3.95841e-09
3.95841e-09
3.95841e-09
3.95841e-09
3.95841e-09
3.95841e-09
3.95841e-09
3.95841e-09
3.95841e-09
3.95841e-09
3.95841e-09
3.95841e-09
3.95841e-09
3.95841e-09
3.95841e-09
3.95841e-09
3.95841e-09
3.95841e-09
3.95841e-09
3.95841e-09
3.95841e-09
3.95841e-09
3.95841e-09
3.95841e-09
3.95841e-09
3.95841e-09
3.95841e-09
3.95841e-09
3.95841e-09
3.95841e-09
3.95841e-09
3.95841e-09
3.95841e-09
3.95841e-09
3.95841e-09
3.95841e-09
3.95841e-09
3.95841e-09
3.95841e-09
3.95841e-09
3.95841e-09
3.95841e-09
3.95841e-09
3.95841e-09
3.95841e-09
3.95841e-09
3.95841e-09
3.95841e-09
3.95841e-09
3.95841e-09
3.95841e-09
3.95841e-09
3.95841e-09
3.95841e-09
3.95841e-09
3.95841e-09
3.95841e-09
3.95841e-09
3.95841e-09
3.95841e-09
3.95841e-09
3.95841e-09
3.95841e-09
3.95841e-09
3.95841e-09
3.95841e-09
3.95841e-09
3.95841e-09
3.95841e-09
3.95841e-09
3.95841e-09
3.95841e-09
3.95841e-09
3.95841e-09
3.95841e-09
3.95841e-09
3.95841e-09
3.95841e-09
3.95841e-09
3.95841e-09
3.95841e-09
3.95841e-09
3.95841e-09
3.95841e-09
3.95841e-09
3.95841e-09
3.95841e-09
3.95841e-09
3.95841e-09
3.95841e-09
3.95841e-09
3.95841e-09
3.95841e-09
3.95841e-09
3.95841e-09
3.95841e-09
3.95841e-09
3.95841e-09
3.95841e-09
3.95841e-09
3.95841e-09
3.95841e-09
3.95841e-09
3.95841e-09
3.95841e-09
3.95841e-09
3.95841e-09
3.95841e-09
3.95841e-09
3.95841e-09
3.95841e-09
3.95841e-09
3.95841e-09
3.95841e-09
3.95841e-09
3.95841e-09
3.95841e-09
3.95841e-09
3.95841e-09
3.95841e-09
3.95841e-09
3.95841e-09
3.95841e-09
3.95841e-09
3.95841e-09
3.95841e-09
3.95841e-09
3.95841e-09
3.95841e-09
3.95841e-09
3.95841e-09
3.95841e-09
3.95841e-09
3.95841e-09
3.95841e-09
3.95841e-09
3.95841e-09
3.95841e-09
3.95841e-09
3.95841e-09
3.95841e-09
3.95841e-09
3.95841e-09
3.95841e-09
3.95841e-09
3.95841e-09
3.95841e-09
3.95841e-09
3.95841e-09
3.95841e-09
3.95841e-09
3.95841e-09
3.95841e-09
3.95841e-09
3.95841e-09
3.95841e-09
3.95841e-09
3.95841e-09
3.95841e-09
3.95841e-09
3.95841e-09
3.95841e-09
3.95841e-09
3.95841e-09
3.95841e-09
3.95841e-09
3.95841e-09
3.95841e-09
3.95841e-09
3.95841e-09
3.95841e-09
3.95841e-09
3.95841e-09
3.95841e-09
3.95841e-09
3.95841e-09
3.95841e-09
3.95841e-09
3.95841e-09
3.95841e-09
3.95841e-09
3.95841e-09
3.95841e-09
3.95841e-09
3.95841e-09
3.95841e-09
3.95841e-09
3.95841e-09
3.95841e-09
3.95841e-09
3.95841e-09
3.95841e-09
3.95841e-09
3.95841e-09
3.95841e-09
3.95841e-09
3.95841e-09
3.95841e-09
3.95841e-09
3.95841e-09
3.95841e-09
3.95841e-09
3.95841e-09
3.95841e-09
3.95841e-09
3.95841e-09
3.95841e-09
3.95841e-09
3.95841e-09
3.95841e-09
3.95841e-09
3.95841e-09
3.95841e-09
3.95841e-09
3.95841e-09
3.95841e-09
3.95841e-09
3.95841e-09
3.95841e-09
3.95841e-09
3.95841e-09
3.95841e-09
3.95841e-09
3.95841e-09
3.95841e-09
3.95841e-09
3.95841e-09
3.95841e-09
3.95841e-09
3.95841e-09
3.95841e-09
3.95841e-09
3.95841e-09
3.95841e-09
3.95841e-09
3.95841e-09
3.95841e-09
3.95841e-09
3.95841e-09
3.95841e-09
3.95841e-09
3.95841e-09
3.95841e-09
3.95841e-09
3.95841e-09
3.95841e-09
3.95841e-09
3.95841e-09
3.95841e-09
3.95841e-09
3.95841e-09
3.95841e-09
3.95841e-09
3.95841e-09
3.95841e-09
3.95841e-09
3.95841e-09
3.95841e-09
3.95841e-09
3.95841e-09
3.95841e-09
3.95841e-09
3.95841e-09
3.95841e-09
3.95841e-09
3.95841e-09
3.95841e-09
3.95841e-09
3.95841e-09
3.95841e-09
3.95841e-09
3.95841e-09
3.95841e-09
3.95841e-09
3.95841e-09
3.95841e-09
3.95841e-09
3.95841e-09
3.95841e-09
3.95841e-09
3.95841e-09
3.95841e-09
3.95841e-09
3.95841e-09
3.95841e-09
3.95841e-09
3.95841e-09
3.95841e-09
3.95841e-09
3.95841e-09
3.95841e-09
3.95841e-09
3.95841e-09
3.95841e-09
3.95841e-09
3.95841e-09
3.95841e-09
3.95841e-09
3.95841e-09
3.95841e-09
3.95841e-09
3.95841e-09
3.95841e-09
3.95841e-09
3.95841e-09
3.95841e-09
3.95841e-09
3.95841e-09
3.95841e-09
3.95841e-09
3.95841e-09
3.95841e-09
3.95841e-09
3.95841e-09
3.95841e-09
3.95841e-09
3.95841e-09
3.95841e-09
3.95841e-09
3.95841e-09
3.95841e-09
3.95841e-09
3.95841e-09
3.95841e-09
3.95841e-09
3.95841e-09
3.95841e-09
3.95841e-09
3.95841e-09
3.95841e-09
3.95841e-09
3.95841e-09
3.95841e-09
3.95841e-09
3.95841e-09
3.95841e-09
3.95841e-09
3.95841e-09
3.95841e-09
3.95841e-09
3.95841e-09
3.95841e-09
3.95841e-09
3.95841e-09
3.95841e-09
3.95841e-09
3.95841e-09
3.95841e-09
3.95841e-09
3.95841e-09
3.95841e-09
3.95841e-09
3.95841e-09
3.95841e-09
3.95841e-09
3.95841e-09
3.95841e-09
3.95841e-09
3.95841e-09
3.95841e-09
3.95841e-09
3.95841e-09
3.95841e-09
3.95841e-09
3.95841e-09
3.95841e-09
3.95841e-09
3.95841e-09
3.95841e-09
3.95841e-09
3.95841e-09
3.95841e-09
3.95841e-09
3.95841e-09
3.95841e-09
3.95841e-09
3.95841e-09
3.95841e-09
3.95841e-09
3.95841e-09
3.95841e-09
3.95841e-09
3.95841e-09
3.95841e-09
3.95841e-09
3.95841e-09
3.95841e-09
3.95841e-09
3.95841e-09
3.95841e-09
3.95841e-09
3.95841e-09
3.95841e-09
3.95841e-09
3.95841e-09
3.95841e-09
3.95841e-09
3.95841e-09
3.95841e-09
3.95841e-09
3.95841e-09
3.95841e-09
3.95841e-09
3.95841e-09
3.95841e-09
3.95841e-09
3.95841e-09
3.95841e-09
3.95841e-09
3.95841e-09
3.95841e-09
3.95841e-09
3.95841e-09
3.95841e-09
3.95841e-09
3.95841e-09
3.95841e-09
3.95841e-09
3.95841e-09
3.95841e-09
3.95841e-09
3.95841e-09
3.95841e-09
3.95841e-09
3.95841e-09
3.95841e-09
3.95841e-09
3.95841e-09
3.95841e-09
3.95841e-09
3.95841e-09
3.95841e-09
3.95841e-09
3.95841e-09
3.95841e-09
3.95841e-09
3.95841e-09
3.95841e-09
3.95841e-09
3.95841e-09
3.95841e-09
3.95841e-09
3.95841e-09
3.95841e-09
3.95841e-09
3.95841e-09
3.95841e-09
3.95841e-09
3.95841e-09
3.95841e-09
3.95841e-09
3.95841e-09
3.95841e-09
3.95841e-09
3.95841e-09
3.95841e-09
3.95841e-09
3.95841e-09
3.95841e-09
3.95841e-09
3.95841e-09
3.95841e-09
3.95841e-09
3.95841e-09
3.95841e-09
3.95841e-09
3.95841e-09
3.95841e-09
3.95841e-09
3.95841e-09
3.95841e-09
3.95841e-09
3.95841e-09
3.95841e-09
3.95841e-09
3.95841e-09
3.95841e-09
3.95841e-09
3.95841e-09
3.95841e-09
3.95841e-09
3.95841e-09
3.95841e-09
3.95841e-09
3.95841e-09
3.95841e-09
3.95841e-09
3.95841e-09
3.95841e-09
3.95841e-09
3.95841e-09
3.95841e-09
3.95841e-09
3.95841e-09
3.95841e-09
3.95841e-09
3.95841e-09
3.95841e-09
3.95841e-09
3.95841e-09
3.95841e-09
3.95841e-09
3.95841e-09
3.95841e-09
3.95841e-09
3.95841e-09
3.95841e-09
3.95841e-09
3.95841e-09
3.95841e-09
3.95841e-09
3.95841e-09
3.95841e-09
3.95841e-09
3.95841e-09
3.95841e-09
3.95841e-09
3.95841e-09
3.95841e-09
3.95841e-09
3.95841e-09
3.95841e-09
3.95841e-09
3.95841e-09
3.95841e-09
3.95841e-09
3.95841e-09
3.95841e-09
3.95841e-09
3.95841e-09
3.95841e-09
3.95841e-09
3.95841e-09
3.95841e-09
3.95841e-09
3.95841e-09
3.95841e-09
3.95841e-09
3.95841e-09
3.95841e-09
3.95841e-09
3.95841e-09
3.95841e-09
3.95841e-09
3.95841e-09
3.95841e-09
3.95841e-09
3.95841e-09
3.95841e-09
3.95841e-09
3.95841e-09
3.95841e-09
3.95841e-09
3.95841e-09
3.95841e-09
3.95841e-09
3.95841e-09
3.95841e-09
3.95841e-09
3.95841e-09
3.95841e-09
3.95841e-09
3.95841e-09
3.95841e-09
3.95841e-09
3.95841e-09
3.95841e-09
3.95841e-09
3.95841e-09
3.95841e-09
3.95841e-09
3.95841e-09
3.95841e-09
3.95841e-09
3.95841e-09
3.95841e-09

VECTORS velocity float
0.00331354 0.00153073 -0.000745941
0.00381966 0.000300568 0.000328986
0.0047491 -0.000684742 0.00122426
0.00415831 6.59158e-06 -0.000238574
0.00375207 0.00179419 -0.00121838
0.00295441 -0.000456671 0.00700184
0.00504855 0.000662235 0.000102565
0.00399926 0.00102974 -0.000660666
0.00491396 -0.000140991 0.000610564
0.00460079 5.12881e-05 -5.33686e-05
0.00456675 0.000152081 -5.29792e-05
0.00464118 8.93441e-05 -1.57611e-05
0.00448874 -0.000274924 0.000805746
0.00239826 -0.0050148 0.00815644
0.00459542 4.34124e-05 1.7967e-05
0.0047683 0.000347825 0.000714768
0.00414537 -0.00046345 -0.000160686
0.00331003 0.000975174 -0.00065834
0.00458496 7.93338e-05 -5.2664e-05
0.00437142 6.70543e-05 -3.35497e-05
0.00473234 4.40921e-05 0.000962176
0.00310613 0.000853787 -0.000870143
0.00451907 -0.000658065 0.000398364
0.00436002 0.000345033 5.23334e-05
0.00544877 -5.99454e-05 0.000112861
0.000117563 0.0178021 -0.00723058
0.00403839 0.00104308 -0.000462719
0.00455799 -0.000479438 -0.000518098
0.00433235 -0.000533111 8.65084e-06
-0.00012001 0.000941505 0.000151861
0.00239279 -0.00364566 0.00740969
0.00479337 6.38306e-05 1.27131e-05
0.00369688 -0.000439261 -5.40419e-05
0.00239717 -0.00317821 0.00700669
0.00243329 0.00222151 0.000287585
0.00464806 8.36692e-05 -4.83319e-05
0.00503862 1.28035e-05 5.77593e-05
0.00497607 8.07842e-06 7.38816e-05
0.0022098 0.000700312 0.000224301
0.00399601 0.00129795 0.000410464
0.00328367 6.56513e-05 -9.40921e-05
0.00467639 0.000112575 -3.82094e-05
0.0041798 0.000307106 -0.000358504
0.000167057 0.0177232 0.00692791
0.00471276 -0.000137005 0.000254733
0.00380095 -0.000384021 -0.000187347
0.00409366 0.000955654 -0.000670257
0.00457489 9.70832e-05 -5.19625e-05
0.00433608 0.000948077 -0.000434458
0.00409103 0.000779248 -0.000529512
0.00521103 0.000663469 0.000207838
0.00461696 -0.000188368 0.000692702
0.00384319 0.000516421 -0.000421027
0.00456873 0.000122462 -5.21113e-05
0.00398716 0.00138625 -0.000793676
0.00466795 -9.18654e-06 0.00041417
0.00438924 -0.000730765 0.000383141
0.00367483 -0.000248127 -0.000126496
0.00415757 0.000675362 -0.000542412
0.00311465 -0.000182793 6.95338e-06
0.00339376 0.000893496 -0.0005477
0.003154 -0.000372447 -5.5275e-06
0.00327288 -0.000144744 0.000237302
0.00455311 -0.000367206 -0.000477462
0.00331864 -0.000266176 -1.40627e-05
0.00326664 3.98615e-05 0.000540098
0.00492707 -1.05291e-06 0.000430441
0.00383795 -6.30192e-05 0.000193755
0.00406374 0.000800357 -0.00055133
0.0034775 0.000148963 0.000584073
0.00455388 -0.000300331 0.000799912
0.0045592 -0.000444158 0.00058743
0.00460705 8.63894e-05 -5.36952e-05
0.00396227 -0.000338126 -0.000509673
0.00502451 -7.13093e-06 -0.0015711
0.00341098 -0.000118049 -7.09179e-05
0.00354982 -0.000169701 -0.00012494
0.00296573 0.000208888 0.00735379
0.0043394 0.000702828 -0.000527342
0.0031818 0.000918245 -0.000572897
0.00457395 -0.000569369 0.000416223
0.0047918 0.000145144 0.000772674
0.00466532 -0.000139807 0.000811924
0.00292058 0.000205345 0.00735839
0.00070898 0.0122946 0.0112968
0.00239588 -0.00509948 0.00819664
0.00443673 -0.000394381 -9.65508e-05
0.000373396 0.00741499 0.017434
0.00406519 -0.000247578 -0.000147365
0.00274012 0.00144544 -0.000776382
0.00489735 7.87579e-05 -5.83749e-06
0.00430164 0.000189828 -0.000119545
0.00465042 -0.000363965 6.1438e-05
0.00458649 -0.000556517 -5.11869e-05
0.00395856 0.000945789 -0.000603324
0.005037 3.46788e-05 4.57587e-05
0.00429694 0.000356236 0.00040444
0.00479359 0.000983923 0.000492471
0.00367278 -0.00025008 -5.30564e-05
0.00395292 0.00116917 0.000393164
0.00353754 0.00150914 -0.000741487
0.00353752 0.00102327 -0.000579457
0.00349288 -0.000134651 -0.000118247
-3.49944e-16 -3.08272e-14 1.88927e-13
0.00332691 -0.000231854 -2.64315e-05
0.0038508 0.000149783 0.000650294
0.00174807 -0.0014676 0.00321557
0.000331884 0.0124863 0.0149679
0.00429634 0.000748411 -0.000547837
0.00303922 0.000132118 0.00732523
0.00462091 -0.000552394 -0.00020137
0.0269732 -0.000747337 -0.00973806
0.00445875 -0.000399604 -0.000128339
0.00385894 0.00134694 0.000340614
0.003647 -0.000540046 -0.000220931
0.00601679 -0.00854674 0.00174296
0.00425357 -0.000357767 -8.37655e-05
0.00345236 0.000852146 -0.00077746
0.00447998 -0.000199567 0.000693092
0.00506839 4.72247e-05 0.000378272
0.00432894 -0.000492578 0.000235029
0.00445377 -0.000188139 0.000689787
0.00616698 0.00143151 -0.000774064
0.00407779 -0.000432623 -0.000345612
0.00390134 -0.000305004 -0.000113987
0.000271641 0.00968966 0.0161944
0.00437286 -0.000714973 0.000375766
0.00283256 -0.00356725 0.00740625
0.0545643 0.0513765 -0.159684
0.00363119 0.00136961 -0.00071338
0.00444354 0.00032409 3.17834e-05
0.00459016 -0.00052076 0.000461748
0.000470436 0.00839957 0.0169521
0.00459757 -0.000463353 0.000469905
0.000164457 0.01911 -6.24786e-05
0.00310508 0.000772634 -0.000287248
0.00462039 8.93242e-05 0.000621899
0.000151141 0.0188132 0.00315985
0.00124515 0.00143515 0.000604779
0.00384295 0.000893308 -0.000464667
0.00447668 0.000450497 -0.000675366
0.00426141 -0.000314791 -0.000113485
0.00349267 0.00120578 -0.000631434
2.71708e-05 -0.00024192 0.00136022
0.00264115 0.00154721 -0.000634663
0.003978 0.000457644 0.000154362
0.0051712 0.000129707 0.000232591
0.00419155 0.00138471 -0.000951426
0.00435444 0.000759326 -0.000565055
0.00448019 0.00144095 -0.00100036
0.00287848 -0.00189493 0.00669636
0.00446122 0.000120767 -4.42015e-05
0.00415467 -0.000289296 -0.000118899
0.00541765 0.00997085 -0.00518221
0.029645 0.02824 -0.0621781
0.00288468 0.00140296 -0.000650829
0.00368559 -0.000453101 -0.000365837
0.0024316 -0.00499229 0.00808243
0.00424599 0.00130378 -0.000266499
0.00415568 -0.000419926 -0.000232851
0.00354097 -0.000133502 -0.000127
0.00455087 -5.73686e-05 0.000928596
0.00130981 0.0104655 0.0104765
0.0035392 0.00142532 -0.000693978
0.0050012 1.07077e-05 0.000500335
0.00282574 0.00132523 -0.000281906
0.00242754 0.00107387 0.00025512
0.0021892 0.000311822 0.000211107
0.00466741 -0.000686912 0.00134421
0.00345121 0.00148888 -0.000704508
0.00300905 0.00135593 -0.000632637
0.00319374 0.00115775 -0.000684809
0.00309238 0.000873157 -0.000594742
0.0041869 -0.00101354 0.00149436
0.00331634 0.000590603 -0.000677738
0.00459351 -0.00046542 0.000426278
0.00496003 0.000267356 0.000312062
0.00412061 0.00067135 -0.000111784
0.0411241 0.0424678 -0.129504
0.00322658 0.000787913 -0.000300886
0.00434559 0.000711073 -0.000409374
0.00492322 -6.02993e-05 0.000261238
0.00515378 0.00387188 -0.00339625
0.00370993 0.00126709 -0.000915985
0.00406626 0.000815378 -0.000558682
0.0040002 -0.000815384 5.92201e-05
0.00352786 0.00104535 -0.000345322
0.00262394 -0.000296283 -0.00021159
0.00273389 0.00165856 -0.000671385
0.0041616 0.000331341 0.000337905
0.00461944 0.000128545 0.000794115
0.00425764 0.00198014 -0.00153022
0.00353085 0.00134848 -0.000559695
0.00333673 0.00154614 -0.000719307
0.00453946 0.000373113 0.00015669
0.00119713 0.000995473 -0.00315194
0.00444566 0.000596414 0.000438345
0.00452525 -0.000500556 0.000400473
0.00379579 -0.000726428 -0.0025951
0.00411623 -0.000224562 -0.000136432
0.00400429 0.00143644 -0.00103576
0.00334689 0.000997892 -0.000495414
0.00461532 -0.000471216 0.000517146
0.00363591 -0.000379549 -9.27265e-05
0.0158877 -0.00115003 -0.00518554
0.00507687 0.00149087 -0.00169705
0.00294381 0.00132186 -0.000619288
0.00301063 0.000634879 -0.000277611
0.00499636 0.000302137 0.000352605
0.00374949 -0.000169849 -0.000147475
0.0049063 0.00157093 -0.00092406
0.00605148 0.000396096 -5.78599e-05
0.00444144 -0.000260405 0.000772535
0.00325485 0.00151475 -0.000724554
0.00482564 0.000177344 0.000367741
0.00247989 -0.00495681 0.00799681
0.00464485 -0.000587993 -0.000392932
0.0015787 -0.00684324 0.0179619
0.00360958 0.00206686 -0.000860954
0.00493857 -0.000681415 -0.000440067
0.00512194 -0.00121074 0.0011858
0.00407521 0.00110179 -0.000263306
0.00118837 0.00099719 -0.00315346
0.00322865 0.000714502 -0.000240443
0.00432628 0.00165522 -0.00106462
0.00443554 -0.00117289 0.00210035
0.00495795 0.0040365 -0.00361138
0.00312031 0.0002119 0.0065694
0.00348315 0.000583472 -0.000922003
0.00452551 -0.00391337 0.000268674
0.00435161 -0.000461318 -0.000491015
0.00459497 0.000275824 0.000269261
0.00240757 0.00125639 0.000210337
0.00470013 0.000378697 7.3227e-05
0.00453279 -0.00129924 -0.00326178
0.0036913 0.00154956 -0.00100511
0.00402661 -0.0011277 0.00222131
0.00298017 0.00130462 -0.000595897
0.00211096 0.00160725 0.000241214
0.00468276 -0.00035817 0.000227289
0.00409231 0.00103523 -0.000661802
0.00696772 0.000998638 -0.0102326
0.00350192 -0.00456383 0.000679165
0.0026789 0.00151586 -0.000618394
0.00388015 0.0011083 0.000370203
0.00241255 -0.00132907 4.73555e-05
0.0038979 0.00130903 -0.000913982
0.00479593 0.0002306 0.000524148
0.00227201 -0.0103127 0.0021278
0.00477859 0.000292233 6.70645e-05
0.00387963 0.00160694 -0.00125513
0.00220464 -0.00410373 0.00883308
0.00462133 -0.000589848 0.000423703
0.00331352 0.00134243 -0.000662662
0.00546915 -0.000542875 0.00150095
0.00252154 -0.0049189 0.00793716
0.003531 0.00106695 -0.000624918
0.00751925 -0.000609797 -0.00119515
0.00338966 -0.000293222 1.40488e-05
0.00450104 0.00147081 -0.00090361
0.00407871 0.000768449 -0.000550961
0.00482536 0.0002009 -0.00162176
0.00263933 0.00147671 -0.000618807
0.0163885 -0.00186956 0.0031698
0.00691041 0.000994987 -0.0102363
0.00296748 0.00122116 -0.000611967
0.00517787 0.00105261 -0.0005391
0.00299377 0.00128375 -0.000606629
0.00328234 0.000944991 -0.00104718
0.00321923 0.00141408 -0.000664211
0.00361343 -0.000299736 0.000731128
0.00125605 -0.000826029 8.1888e-05
0.00367949 0.00142703 -0.000387632
0.00383975 0.000655653 -0.00031108
3.347e-05 0.000330693 -0.0137081
0.0030469 -0.00196716 0.000135267
0.00439677 -0.000276914 0.00080118
0.00196848 -0.0058429 0.00724734
0.00337232 -0.00161061 2.31073e-05
0.00496701 -0.000430819 -0.000897107
0.00475121 -0.000557018 -0.000484017
0.000432203 0.0103844 0.0161573
0.00356047 -0.000387322 0.00114465
0.00356909 -0.00163136 -4.94039e-05
0.00286305 -0.000595359 0.000958638
0.0115977 0.0390341 -0.0525896
0.00319163 0.00149166 -0.00073001
0.00381795 0.00150444 -0.000485503
0.00457686 0.00108474 -0.000110961
0.00355621 -0.0016265 0.000376935
0.00503896 -0.000686979 -0.000166891
0.00366915 0.00150167 -0.000590456
0.00395438 0.00145667 -0.000628913
0.00287295 0.000122822 0.00736999
0.00421014 -0.000959009 0.00142044
0.00568224 0.0012134 -0.00554915
0.00298839 -0.000466779 0.00635249
0.00233861 0.00101869 0.000246219
0.00420488 -0.00114395 0.00129813
0.00306505 0.00133531 -0.000646307
0.00430643 0.000668784 -0.000466352
0.00433367 0.000852926 -0.000605124
0.00390833 -0.000878115 0.000798862
0.00296715 0.00170724 -0.000707741
0.00386943 0.00136806 -0.000788101
0.00421532 0.00061365 -5.62379e-05
0.00502095 0.000366326 8.61905e-05
0.00399328 -0.001267 0.00056819
0.00409657 -0.00116703 0.000703343
0.00465949 0.000708164 -4.99584e-05
0.00392268 0.00114402 0.000394959
0.0036812 0.00147312 -0.000710453
0.00283321 -0.00734946 0.00139231
0.00366347 0.00127024 -0.000861088
0.00306164 -0.000414069 0.00625263
0.00444977 -0.000402671 0.000325259
0.00409088 -0.000921001 0.0014153
0.00351287 -0.00401858 0.000528104
0.00309126 -0.00409883 0.00532426
0.00311886 -0.00346861 0.00544105
0.00359558 0.00162514 -0.000770402
0.00296091 -0.00848149 0.0016472
0.0052056 0.00411501 -0.00222785
0.0042287 0.00151753 -0.000855378
0.00452545 0.000412218 5.28137e-05
0.000217199 0.0109944 0.0153636
0.00227023 -0.00133241 6.49759e-05
0.00391644 0.00126479 -0.000901381
0.00470899 -0.000148865 0.000687879
-0.00662929 -0.00640944 0.00847126
0.00298882 0.00169412 -0.00072351
0.0151771 -0.000521232 -0.00473304
0.00375146 -7.93111e-05 -4.3467e-05
0.00198632 -0.0722567 -0.0684315
0.00357297 0.00148383 -0.00076882
0.00443181 0.000610091 -2.63851e-05
0.00334327 -0.00159902 0.00600247
0.00494491 -0.00031645 0.000158934
-4.14384e-05 2.04549e-05 3.16554e-06
0.00464257 -0.000398202 0.000267359
0.00312855 -0.00633211 0.00112281
0.00400515 -0.00116484 0.0016447
0.00451284 0.00115874 -5.27697e-05
0.00415027 -0.00158835 0.00214501
0.00410426 -0.000259471 0.00635347
0.00401789 0.00110387 -0.000830544
0.00483037 -0.00112421 0.00252556
0.00315624 -0.00042389 -0.000237386
0.00429913 0.00038825 4.03904e-05
0.00307925 -0.00703827 0.0012975
0.00378862 0.001838 -0.000745593
0.00313487 0.00226594 -0.000856729
0.00271526 6.13013e-05 0.00633441
0.00422991 -0.00079799 0.00129653
0.00253712 -0.00844875 0.0016785
0.00602287 0.00123693 -0.00132586
0.00462 0.000325794 9.00902e-05
0.00462303 0.000157613 0.000181438
0.00434062 -0.000875189 0.00126985
0.00355715 -0.00136373 0.00180404
0.00448664 0.000609605 -2.49028e-05
0.00258122 -0.00840238 0.00169615
0.00409776 -0.00134628 0.00159667
0.00434917 0.000509649 3.79119e-06
0.00396202 0.000481808 -3.71916e-06
0.00425485 0.000642918 -3.00987e-05
0.00462058 0.000235843 0.000123039
0.00414849 -0.00124794 0.000580249
0.00360895 -0.000280085 0.00061353
0.00449559 -0.000313316 6.45953e-05
0.00466929 0.000829814 4.84326e-05
0.0043912 -0.00115042 0.000628942
0.000373575 0.00805858 0.0171413
0.00532333 -6.81618e-05 -0.00020199
0.000191502 0.00747988 0.0174184
0.00112734 0.000741259 0.000122871
0.00192148 -0.069567 0.000490721
0.00368067 0.00109657 -0.000693585
0.002679 0.00123006 -0.000626398
0.00443543 0.000268052 -0.000174264
0.000185772 0.0121286 0.0145657
0.00317341 0.000808267 -0.000309168
0.00458954 0.000282784 0.000156099
0.00499924 5.31539e-05 -0.000409596
0.00424464 0.000789868 -6.64515e-05
0.00124739 0.00247069 0.00141039
0.00444661 -0.00111048 0.000571522
0.00465923 -0.000592507 -0.000458676
0.00508084 0.000589536 1.12384e-05
0.0043285 -0.00014564 0.00036528
0.00357085 0.00150123 -0.000823716
0.0045177 -0.00116302 0.000603087
0.00414708 0.000898421 8.44222e-05
0.00427641 -0.000953398 0.000527047
0.00441655 0.000204369 -0.000509776
0.00431669 -0.00117902 0.000675266
0.00586596 -0.00265159 -0.00427991
0.0116098 0.00203602 -0.0125005
0.00463773 0.000352821 6.75189e-05
0.00440345 -0.00107701 0.000592309
0.00192158 -0.00593983 0.00770517
0.00439368 -0.00119538 0.00059218
0.00425886 -0.00054248 0.000367439
0.00465472 0.00147957 -0.00106402
0.00417157 0.00112353 -0.000683268
0.00155745 -0.000100354 0.00923236
0.00462389 0.000113823 2.89841e-05
0.0044338 -0.00116187 0.000597115
0.000383341 0.0113895 0.0154847
0.00442498 -0.000847393 0.0013451
0.00292333 0.000309026 -0.000491976
0.00410813 -0.000320167 -0.000495906
0.00290501 0.001525 -0.000672967
0.00448396 0.000238398 0.000103427
0.00420944 -0.000899562 0.00130995
0.00454761 0.000258814 9.46607e-05
0.00623448 0.000485677 -0.000393919
0.0044462 -0.000480479 -0.000513085
0.00478156 9.21777e-05 -0.000299421
0.00414815 0.000937662 8.25251e-05
0.0045177 -0.000150071 0.00025433
0.0046583 0.000433925 5.10726e-05
0.00422977 -0.000256821 0.000188779
0.00392806 -0.000944746 0.00112368
0.0046692 -0.00156998 0.0018193
0.0039666 -0.00102469 0.0011201
0.00401464 -0.00109302 0.00150325
0.00427072 0.000352627 -0.000291952
0.00481161 -0.000324806 0.000322024
0.00422598 0.000252648 8.19783e-05
0.0042163 0.000334545 5.57491e-05
0.00419254 -0.00109264 0.00310618
0.00443223 0.000716788 -6.14667e-05
0.00443106 0.00105172 -2.5089e-05
0.00476229 0.000226972 0.000121788
0.00398779 0.00101977 0.000131453
0.00396444 -0.000880206 0.0011534
0.00399983 -0.00115648 0.000850784
0.00405199 -0.00091642 0.0012774
0.00478338 -0.0010072 0.000615512
0.00482896 0.000418741 4.15722e-05
0.00496327 0.000572708 8.68574e-06
0.00437942 -0.0011733 0.000686614
0.00354623 0.0013746 -0.000715402
0.00460019 0.000763785 6.88289e-05
0.00359724 0.00163993 -0.000669283
0.00446401 -0.00113668 0.00136035
0.00463267 -2.76827e-05 4.7453e-05
0.00398769 0.000455089 9.45843e-05
0.00102425 7.70965e-05 1.54492e-05
0.00408446 0.00126772 0.000161388
0.00258835 -0.00821185 0.0101785
0.00420997 0.00011924 -0.000140136
0.00483654 0.00059667 4.46616e-05
0.00466342 -0.000256135 2.02086e-06
0.00427929 0.000816088 0.000149653
0.034062 0.0818798 -0.0495996
0.00592489 -0.00391108 -0.0036604
0.00503858 0.000151396 -7.43224e-05
0.00455473 -0.00104576 0.000568495
0.00460059 -0.000216715 0.000314602
0.00435483 0.00154784 -0.00110653
0.00415463 -0.00149038 -0.000240756
0.00397483 -0.00034687 -2.99971e-05
0.00355615 0.000282893 -0.00474339
0.00401973 -0.00102767 -0.00016475
0.00480485 0.000211184 -3.01359e-05
0.00409002 0.000481002 -1.1093e-05
0.00468557 -0.000102865 8.6544e-05
0.00516838 0.000611964 -0.00108961
0.00539045 -4.3667e-05 -0.000239317
0.00486075 0.000280488 -0.000738737
5.61475e-05 0.0657108 -0.197175
0.00457466 -0.000350956 0.000224966
0.00571339 0.000165163 -0.000532738
0.00178871 0.00295718 -0.00367588
0.00429444 0.000314463 -0.00024402
0.00485511 0.00161196 -0.000985331
0.00485293 0.000429564 -0.000866186
0.00484704 0.000271048 0.000196069
-0.000558708 0.00247194 -0.00311487
0.00468278 -0.000399634 0.000175232
0.00468431 0.0002142 -0.0126114
0.00444887 -0.00116333 0.000581228
0.00498975 -0.000179777 -3.80711e-05
0.00416598 -0.00140486 -0.00031335
0.00455645 0.000139452 0.00010095
0.00285747 0.00191635 -0.00278741
0.0019614 -0.00146765 0.00314345
3.19251e-05 2.24209e-05 5.74079e-06
0.0046441 0.000769368 9.67721e-05
0.00463354 0.00108333 -4.6693e-05
0.00474132 -4.34818e-05 0.000129906
0.00472711 4.66671e-05 7.5912e-05
0.00439072 0.00056141 -5.64492e-06
0.00410171 -0.000973831 0.000696801
0.00489431 0.000845593 -9.05001e-05
0.00456943 -0.00124047 0.000516014
0.00437519 0.000626181 -4.80606e-05
0.00458615 0.000708505 0.000107297
0.00454416 0.000709426 9.5754e-05
0.00455381 -0.000951983 0.000525027
0.0042315 0.000360288 -0.000314163
0.00461732 0.00031861 8.44368e-05
0.00474486 -1.04376e-05 0.000143308
0.00469585 0.000254109 0.000150182
0.00399872 0.001002 0.000168125
0.00473781 0.000324576 -0.000710287
0.00422925 0.000268232 -0.000215861
0.00367119 0.000995319 0.000109451
0.00463407 -0.000228349 2.4178e-05
0.00428716 0.000329514 -4.81887e-05
0.00408719 0.00104032 2.60994e-05
0.0043717 -0.00119373 0.000613285
0.00435108 -0.000348339 0.00029959
0.00435538 0.000214213 -0.000171769
0.00382944 0.00128189 0.000230041
0.00454884 0.000760218 7.23256e-05
0.00458794 -5.02329e-06 8.62518e-05
5.46712e-06 2.45878e-06 -2.74443e-07
0.00439711 -0.00104234 -0.000337053
0.0043037 0.000100353 0.000326151
0.00510642 -0.000349398 0.000144847
0.00444041 -0.00140754 -0.000306081
0.00467187 -0.000402461 0.000316425
0.00421153 0.000251177 -0.000201391
0.00432829 0.00128629 -0.000872017
3.98117e-07 6.32869e-06 9.64957e-07
0.00478816 -1.06187e-05 -1.21526e-05
0.00454209 -0.00133996 5.18912e-05
4.43872e-05 1.21221e-05 -5.67474e-05
0.00492873 0.000363389 7.70698e-05
0.00185433 -0.00574338 0.00744686
0.00963341 -0.00821853 0.0102643
0.00491472 -0.000330381 0.000154233
0.00405391 0.000552824 -2.72554e-05
0.0044281 -4.20308e-06 -6.74863e-05
0.00470877 0.000374722 0.000127767
0.00471555 0.000200839 -9.23065e-05
0.00451912 -4.38792e-05 -0.000186822
0.00355413 0.000426022 -0.0128878
0.00445661 0.000234531 -0.000143595
0.0043119 0.000289095 -0.000224759
0.00445564 -0.00847559 0.0108937
0.00463268 0.000248639 -0.000253701
0.00431796 -0.000542101 0.000264041
0.00433793 0.000212211 0.000107821
0.0042358 0.000153284 0.000149754
0.00433325 -0.000931934 0.00036536
0.00475799 0.000330613 -0.000236418
0.00413789 0.000109532 -8.49947e-05
0.00429982 -0.000590623 0.00010361
0.00275114 0.00187306 -0.00260282
0.0042411 -0.00110589 0.000616072
0.00445999 0.000189212 -0.000148943
0.00466533 -0.000346483 0.000147162
0.00207464 -0.00610518 0.00778621
0.00447137 -0.00088743 0.00134516
0.00477918 0.000124112 1.19274e-05
0.00469386 0.000133329 1.52354e-05
0.00686216 0.000897305 -0.00967447
0.00443965 0.000306219 -0.000250765
0.00446237 9.38772e-05 0.00036039
0.00433221 0.000123222 -1.34207e-05
0.00428263 -0.000415386 -0.00025398
0.00409838 -0.00100567 -0.000170088
0.00436852 0.000932747 0.00016709
0.0042801 0.000354404 -0.000286707
0.0046155 0.000202298 -0.000113522
0.0045715 -0.00106546 -0.000172314
0.00476064 1.2249e-05 0.000164172
0.00463971 5.24058e-05 3.53445e-05
0.00465975 -8.3848e-06 -7.88428e-05
0.00452949 -0.00103901 0.000527138
0.00225808 0.00191136 -0.00265548
0.00424275 0.00038747 -0.000307613
0.00453767 0.000105722 4.59612e-05
0.00446374 9.8999e-05 -9.68655e-05
0.00435247 -0.000859782 0.000560975
0.00433668 -0.000308203 0.000135662
0.00442644 0.000179007 7.81746e-05
0.00417715 0.000281977 -0.000221869
0.00459159 -0.000907287 -1.62956e-05
0.00458078 -0.00122172 0.000389984
0.00444267 -0.000130815 0.00026609
0.00414418 4.10945e-05 -0.000168715
0.00427854 0.00034257 -0.000247616
0.00414054 0.000103394 -1.54061e-05
0.00418284 0.000250588 -0.000227458
0.00437796 0.000168236 0.000193515
0.00420049 0.000193734 6.40027e-05
0.00454948 -0.00142698 -0.000205028
0.00455646 -0.000847809 0.00143004
0.00459167 -6.52982e-05 0.000339729
0.00459776 -0.000105131 2.94058e-05
0.00477609 5.20833e-05 0.000107952
0.00657884 -0.00533832 -0.00199914
0.00435002 6.08202e-05 -0.00010071
0.00410954 -0.000769295 0.00140934
0.00466244 0.000405169 0.000183418
0.00413795 -0.00109429 0.00134143
0.00414124 3.37522e-05 -7.72627e-05
0.00427936 0.000370143 -0.000280342
0.00421902 1.56225e-05 -0.000137823
0.00394532 -0.00076096 0.00103175
0.00459975 -2.99435e-05 -1.31002e-05
0.00419755 0.000395755 -0.000222917
0.00170919 -0.00582859 0.0077893
0.00466571 0.000357931 -0.000255427
0.00455357 9.29519e-05 0.00037572
0.0108081 0.0127421 -0.00741061
0.00478338 0.000200273 -8.41122e-05
0.00424004 0.000251962 -0.000244387
0.00458395 8.21266e-05 0.000398034
0.00463851 7.06817e-05 0.000431527
0.00463104 0.000381144 0.000176917
0.00466824 0.000371515 0.000185165
0.00481574 5.50463e-07 8.61611e-05
0.00449404 -0.000831398 0.000355277
0.00457768 0.000186303 0.000206902
0.00420599 0.000256803 -0.000193178
0.00467015 0.000119099 0.000112727
0.00457573 0.000357382 0.000170876
0.00482982 3.86656e-05 -1.52193e-05
0.00467936 0.000246651 -0.000157021
0.00468542 -0.000102141 -4.99788e-05
0.00472601 0.000408882 -0.000125928
0.00252317 0.00116351 0.00351091
0.00476449 -6.3866e-05 -8.21639e-05
0.00427299 0.000375934 -0.000247053
0.00464202 0.000364567 0.000184315
0.00470432 -0.000502994 -0.000149006
0.00472271 2.60125e-05 8.88684e-05
0.00471007 0.000154202 0.000142602
0.00442612 0.000269246 -4.32648e-05
0.00335336 -0.000519601 0.00299662
0.00426168 0.000350251 -0.000314819
0.00466282 0.000408583 0.000116462
0.00439831 0.000298156 7.15484e-05
0.00484775 6.44683e-05 -0.000109713
0.00436192 0.000276904 -0.000172239
0.00427426 0.000276143 -0.000223504
0.00427162 0.000287334 -0.000217761
0.00416658 0.000160134 -0.000131123
0.00419359 0.000283517 -0.000216043
0.00427033 0.000264826 -0.000206641
0.00423336 0.000242866 -0.000171254
0.00447743 -0.000459485 5.28699e-05
0.0047739 -9.03699e-05 -2.93038e-05
0.00414992 2.79044e-05 -0.000178605
0.00449163 0.00025136 0.000116968
0.0045692 -0.00036176 0.000137747
0.00443901 0.000335188 -1.22664e-06
0.00455962 0.000349791 -0.000261831
0.00458166 -2.81912e-06 -7.31156e-05
0.00465139 0.000322998 0.00016185
0.00417249 0.000320908 -0.000239826
0.00466531 -3.91502e-05 -6.12049e-05
0.0045829 0.000370963 0.000106414
0.00440801 -4.69084e-06 -6.37526e-05
0.00474782 -4.59513e-05 5.86271e-05
0.00458653 0.000336219 -0.000256657
0.00459638 -1.9951e-05 -5.70869e-05
0.00442524 0.000308101 0.000153503
0.00487737 0.000200139 -7.6986e-05
0.00458193 -0.000357235 0.000170913
0.00423348 0.000357436 -0.000249851
0.00469908 -4.10421e-05 1.93883e-05
0.00349941 6.19376e-08 -0.00019252
0.00427703 -0.000140496 0.000385501
0.00447925 -0.00027684 0.000101203
0.00464011 0.000259687 -0.000175976
0.00431229 0.000236668 -0.0002351
0.0121833 0.0077833 -0.0110086
0.007517 -0.00905063 0.00955477
0.00963238 -0.00703091 0.010253
0.00477332 -2.03806e-05 9.2724e-05
0.00420885 0.000383639 -0.000272744
-0.00138466 -0.0145503 0.0125597
0.00451692 0.000926338 -0.00023646
0.00425176 0.000335321 -0.000320365
0.00446409 -0.000447772 0.000248715
0.00301064 -3.22962e-05 0.00687489
0.00467636 0.000258097 -0.000168655
0.00445252 0.000300373 -0.000209461
0.00436867 -0.000391345 0.000201093
0.00430728 0.000210876 8.82715e-05
0.0048574 0.000227969 -0.000136232
0.00459765 7.04036e-05 0.000117432
0.00364403 0.000645513 0.000232222
0.00451378 -0.000380297 0.000126678
0.00459866 -0.000268554 0.000134278
0.0045186 0.00064041 -0.000427221
0.00465442 -0.000485689 0.000168548
0.00473276 -9.55967e-05 -5.79125e-05
0.00476731 0.000341438 -0.000120412
0.00491544 0.000225603 -0.00012896
0.00484713 0.00023634 -0.000138889
0.00441046 -0.000346497 0.00014422
0.00474712 0.000217649 -0.000115822
0.00422345 0.000375037 -0.000111483
0.00469965 6.20189e-05 0.00046551
0.00454391 0.000512044 -0.000104245
0.00447744 -0.000993651 -0.00125575
0.00460527 0.000180692 -7.35159e-05
0.00420491 0.000253047 -0.000192327
0.0046684 -8.73028e-05 -8.35697e-05
0.00455273 -0.000375601 0.000232984
0.00427852 0.000366398 -0.000291364
0.00457408 0.000165954 0.000116365
0.00456913 0.000294533 0.000129788
0.00430331 -0.00037673 0.000189017
0.00467851 0.000355758 0.000172556
0.00466739 8.7008e-05 -0.000114216
0.00405244 0.000934606 -0.000153741
0.00445717 0.000299399 -0.000218205
0.00440071 -2.74444e-05 -5.94604e-05
0.00475868 -0.000284795 0.00032342
0.00464703 9.01406e-05 -1.60723e-05
0.00463779 0.000445414 0.000195325
0.00462573 -0.000259799 0.000172704
0.00465624 -0.000413033 -8.32539e-05
0.00449956 0.000269657 0.000142712
0.00466744 -0.000111523 0.000369115
0.00459523 -0.000359734 0.000134677
0.00468196 -2.69868e-05 6.24029e-05
0.00462627 0.000250869 0.000140227
0.0044853 0.00024026 0.000133789
0.0041593 -0.000280578 0.000134507
0.00469479 0.000170458 3.82155e-05
0.00530601 -0.000130701 5.46769e-05
0.00467163 0.000340568 0.000165216
0.00466922 -0.000328535 0.00023246
0.00453312 0.000415577 0.00018376
0.00440252 -0.000185218 0.000420382
0.00419075 -0.000301731 0.00013479
0.00424337 -0.000399905 0.000202306
0.00425518 0.000501054 -1.9561e-05
0.00425456 -0.000333975 0.000323613
0.00485146 0.000231305 0.00019345
0.00446612 -0.000418847 0.000144915
0.00419454 0.000352839 -0.000266538
0.00427942 -0.000499449 0.000179145
0.00458404 0.000180699 0.000143179
0.00460419 -0.00016553 0.000423493
0.00408039 -0.000359496 0.000181504
0.00446198 0.000170671 0.000163191
0.00467692 7.40227e-05 0.000431869
0.00426794 -0.000367535 0.000182459
0.00417783 2.17291e-05 -7.03802e-05
0.00459242 -0.000149275 0.000406733
0.0046485 8.28591e-05 0.000430719
0.00460642 -0.000433581 9.305e-06
0.00447449 -0.000382762 0.00017302
0.00441435 -0.00046219 0.000257381
0.00469658 -0.000244453 0.000217931
0.00487243 0.000235303 -0.000139151
0.00449146 0.000179013 4.18014e-05
0.0045017 6.6507e-05 0.000179562
0.00452735 -0.0002923 0.000123918
0.00439364 -0.000385374 0.000195857
0.00472793 -5.41695e-05 -0.000350092
0.00457873 -0.000241622 -0.000132661
0.00466412 4.85371e-05 0.000214382
0.00461086 -0.000401875 8.52192e-05
0.00430687 -0.000260511 0.000160284
0.00446473 0.000326119 -0.000278224
0.00462758 -0.000371313 0.000140226
0.00433191 0.000481471 -0.000288203
0.00453321 7.34818e-05 7.47386e-05
0.00474204 -6.13637e-05 -0.000303483
0.00357495 0.000594755 0.000232813
0.00463966 -6.02109e-05 -0.000339727
0.00464594 -7.09963e-05 0.000338694
0.00497143 0.000127495 -0.000193089
0.00419545 0.000402248 -0.000281851
0.00436606 0.000116892 4.53135e-05
0.00467634 -0.000352235 8.51652e-06
0.00448939 -0.000440158 0.000162949
0.00451697 -0.00034457 0.000134688
0.00463243 -0.00010734 0.000369829
0.00442584 -0.000329946 0.000126748
0.00461401 -0.000358208 0.000153973
0.00433082 -0.000394061 0.000289433
0.0047964 0.000334525 -0.000297956
0.0046248 -0.000346241 0.000137112
0.00476762 -0.00043271 0.000169708
0.00449736 -0.000408451 -7.40384e-05
0.00221874 0.00171015 0.000487549
0.0045008 -0.000442861 0.000186321
0.00468558 -0.000530786 -4.44919e-05
0.00446012 -0.000368713 0.000232719
0.00451559 -0.000477039 0.000193341
0.0046802 -0.000531927 -0.000109005
0.0042364 -0.000570299 8.45491e-05
0.00454075 -0.000425259 0.000138727
0.00458457 -0.000450342 0.000157208
0.00421247 -0.000250518 0.00024211
0.004459 -0.000454078 0.000178123
0.00433291 -0.000459468 0.000234226
0.00452547 -0.000374122 0.000232799
0.00444189 -0.00041006 0.000206901
0.00477148 -0.000395878 2.87298e-05
0.00453615 -0.000399027 0.000150076
0.0046171 -0.000444261 7.00776e-05
0.00475413 -0.000443052 4.92553e-05
0.00468567 -0.000446864 0.000167153
0.00470835 -0.00045438 -6.59526e-05
0.00464324 -0.000334097 0.000150242
0.00448819 -0.000484904 0.000213934
0.00471684 -0.00021891 -0.000141643
0.00461392 -7.13447e-05 0.000326407
0.00483229 3.09978e-06 -0.000203542
0.00473966 -0.000464355 -0.000129982
0.00438001 -0.00051372 0.000217518
0.00449557 -0.000105621 0.000353386
0.00465197 -0.000387101 0.000147159
0.00428568 -0.000238696 0.000186086
0.00463753 -0.000454786 7.46784e-05
0.00461742 -0.000352368 7.67155e-05
0.0046348 0.000190456 -0.00010278
0.00504937 0.000475394 -0.000350169
0.00455367 6.37465e-05 -0.000220796
0.00446602 -4.38522e-05 -7.55601e-05
0.00464816 -0.000376977 -0.000106786
0.00428933 -0.000192613 0.000259018
0.00449144 0.000280093 -0.000219228
0.00446622 -0.000211615 -0.000222024
0.00464477 -0.000421307 0.000157459
0.00422573 -0.000182156 0.000250082
0.00448867 -0.000428721 0.00022114
0.00464918 -0.000399576 8.61648e-05
0.00455993 -0.000235475 0.000259897
0.00466139 -0.000316002 -8.48965e-05
0.00423609 -0.000148155 0.000206723
0.00444827 -0.000431949 0.000223132
0.00462713 -0.00050484 -9.68334e-05
0.00424533 -0.000240424 0.000247187
0.00454899 -0.000173537 0.000433305
0.00437202 -0.000300783 0.000243796
0.00475527 -0.000319446 0.000146847
0.00458233 -0.000349336 -0.000129193
0.00433239 0.000687434 -0.000112305
0.00439129 -0.000242136 0.000259024
0.00466167 -0.000306219 0.000182641
0.00455442 -0.000132882 0.000391205
0.0046411 -0.000125149 0.000253525
0.0045717 7.94023e-05 0.000412464
0.00436112 -0.000346345 0.00023368
1.54633e-12 7.40866e-11 6.90718e-12
0.00461305 -0.000350505 7.73512e-05
0.00447554 9.28196e-05 4.5451e-05
0.00470536 0.000161132 -0.000173179
0.00426128 0.000371938 -0.000303388
0.00452522 -0.000323382 0.000117666
0.00470302 -0.000223372 0.000175083
0.00440957 0.000883997 -0.00043921
0.00459075 -0.000397097 8.47603e-05
0.00459959 -0.000510341 -6.53932e-05
0.00450318 0.000987373 -0.000473867
0.00444813 -0.000218017 0.000280881
0.00468346 -0.000560571 -0.000444239
0.00449426 -0.000405465 0.000150314
0.00440031 -0.000365379 0.000183359
0.00470392 -0.000545731 0.000183294
0.00460057 -0.000394756 0.000151281
0.00461565 -0.000335844 0.000184201
0.00426692 -0.000257621 0.000245019
0.00460407 -0.000407289 0.000195901
0.0044746 -0.000384901 0.000237145
0.00458418 -0.000451823 -7.03955e-05
0.00461368 -0.000352055 7.77922e-05
0.00469037 4.5194e-05 0.00022194
0.00474538 -0.000381111 -9.39626e-05
0.00468126 -0.000503307 -6.1636e-05
0.00454312 -0.000379639 0.00024998
0.00438258 -0.000525508 -4.42813e-05
0.00464711 -0.000387703 -8.71497e-05
0.00431443 -0.000374703 0.000223026
0.00470588 -0.00048643 -1.31605e-05
0.0044319 -0.000368784 0.000233038
0.00430818 -0.000260614 0.000159794
0.00445018 -0.000471022 0.000101513
0.0043921 -0.000497967 0.000297732
0.00439368 -0.000485347 0.000206643

VECTORS force float
6.41913e-09 7.95744e-09 -2.43691e-09
-2.81826e-09 -2.00934e-09 2.21905e-09
-6.39322e-09 -6.34859e-09 1.36988e-08
-1.3543e-08 7.8002e-09 -2.23787e-09
-4.37903e-09 5.75696e-09 1.02027e-09
-7.32278e-09 -8.88667e-09 2.26356e-08
-1.62783e-08 -7.65565e-09 -7.68876e-10
-2.29693e-09 -4.65336e-09 -3.93017e-09
-7.58153e-09 6.10697e-09 5.87034e-09
-4.36918e-10 -2.01082e-09 4.23981e-10
-4.87276e-10 -2.35e-09 4.1479e-11
1.32492e-09 4.28747e-10 1.37106e-09
4.85178e-10 3.43214e-10 1.77774e-09
-7.38043e-09 2.71741e-09 2.46838e-10
-6.1675e-09 2.69163e-09 -2.65628e-09
-1.17095e-08 -1.50267e-08 -1.00086e-08
-1.05792e-08 -1.59751e-09 5.06781e-09
-8.60024e-10 1.63576e-09 9.14752e-10
-2.12494e-10 -7.36725e-10 -7.23439e-11
1.72348e-09 -1.65043e-11 -7.51202e-10
-1.84743e-09 -2.69129e-09 -1.54415e-08
1.03652e-09 -4.28519e-09 -6.93952e-09
-1.08997e-08 1.21753e-08 4.06955e-11
7.81324e-09 -2.75453e-09 3.55533e-08
1.03591e-08 -7.79508e-11 3.44425e-09
-1.9195e-12 -1.26789e-10 -3.3187e-10
3.3387e-09 -5.51993e-09 -4.98442e-09
1.2036e-09 2.36661e-09 -5.00554e-09
-7.51526e-09 8.09884e-09 -2.42494e-09
4.02095e-10 1.45563e-09 -9.37756e-11
3.30713e-09 1.30028e-08 6.49812e-09
-1.19308e-09 5.53145e-10 -8.32394e-10
-2.17531e-08 1.66722e-08 -7.01143e-09
4.78486e-10 3.42276e-09 -1.826e-08
-1.01669e-08 -4.64101e-09 -1.22637e-09
2.95465e-09 -1.45701e-09 6.91387e-10
-1.79478e-09 3.75102e-09 -3.09788e-09
9.71336e-10 3.76158e-09 -3.51955e-09
4.54591e-10 -1.81614e-09 1.90598e-10
-1.02115e-08 -5.13934e-09 -7.49878e-10
2.89434e-09 7.86062e-09 -5.86999e-10
1.22606e-09 3.71602e-10 -6.34196e-10
-2.2205e-09 -1.22281e-08 4.90496e-09
-1.64424e-12 1.3444e-10 -3.22072e-10
-2.06216e-08 -9.96593e-09 -3.69158e-09
-7.63074e-09 -1.13532e-08 5.83793e-09
-1.27652e-08 3.70781e-09 -6.17914e-09
-4.7281e-11 -3.59031e-10 -1.44435e-10
-2.02477e-08 5.81709e-09 -8.36126e-09
-6.72282e-10 1.07494e-08 -2.09519e-09
-1.62739e-08 -3.13981e-09 -1.38948e-08
3.10684e-09 1.7089e-09 -4.59442e-09
-9.90297e-09 4.7719e-09 -4.13182e-09
-2.25496e-10 -1.8102e-09 8.36053e-11
-3.28865e-09 -5.1717e-10 -1.61314e-10
-5.27759e-09 5.59921e-09 -8.69121e-09
1.12184e-09 2.9261e-09 -1.42934e-09
-5.51755e-09 -1.22191e-08 -1.75145e-09
-8.09636e-09 -2.16691e-08 9.58157e-09
2.03866e-09 1.38883e-08 1.96278e-08
-4.6933e-09 5.05913e-09 -1.90592e-08
-1.45884e-08 1.67679e-08 1.3129e-09
2.48049e-08 -6.28064e-09 -2.25934e-08
3.85959e-09 5.38884e-10 2.71951e-09
2.73076e-08 -1.73962e-09 -7.71962e-11
1.97769e-08 -8.67918e-09 -8.24887e-09
8.60912e-09 6.07327e-09 -7.31835e-09
2.41084e-08 -1.02289e-09 -8.24834e-09
2.03233e-10 -1.30859e-09 7.11173e-10
-2.79401e-09 -3.27725e-09 -1.28894e-08
2.82053e-09 -7.85177e-09 -5.20007e-10
-1.37147e-09 -1.93805e-08 -4.02692e-10
-1.71288e-09 -2.06454e-09 4.55257e-11
-1.0318e-08 7.28646e-09 -1.38945e-08
4.16252e-09 -4.60798e-10 -1.30277e-09
6.02495e-09 -1.61223e-08 -5.37044e-09
-4.21738e-10 -6.70486e-09 2.20391e-09
-6.54557e-09 1.42262e-09 -7.28558e-09
4.24022e-09 -8.67418e-10 -1.6945e-09
2.72977e-08 -5.07632e-09 8.90671e-09
-1.02752e-08 9.55148e-09 1.4318e-09
5.90048e-09 -1.61995e-09 5.93067e-10
1.36585e-08 -9.79103e-09 -2.132e-09
4.57213e-09 -9.84595e-09 5.9014e-09
1.45323e-09 -4.59166e-09 -4.06827e-09
-3.10234e-09 5.34132e-09 8.88525e-09
-2.4645e-09 -1.11074e-09 -6.33927e-10
-2.7071e-09 8.4546e-09 1.50976e-08
3.48715e-09 -1.23182e-09 -1.6002e-09
1.95873e-08 -3.5851e-09 -5.12153e-09
7.81688e-09 -5.38797e-09 7.81572e-09
-1.52214e-08 2.74944e-09 -3.64979e-09
8.05059e-10 1.0552e-08 1.24533e-09
-1.90131e-09 9.22366e-09 -1.60118e-09
1.28303e-08 2.76411e-09 -1.7457e-09
-8.63253e-10 2.17547e-09 -2.07572e-09
-6.74783e-09 5.40733e-09 1.39376e-09
-1.05142e-08 3.74824e-09 -5.39528e-09
-1.56686e-09 -8.83342e-09 5.96906e-09
-2.03449e-08 -2.07003e-09 -2.15176e-09
3.32071e-09 9.24095e-09 -1.4299e-09
-7.97996e-09 -3.72782e-09 -4.74485e-09
-1.56621e-09 -5.46771e-09 5.59592e-09
-6.64717e-23 -3.30872e-24 0.0
-5.94429e-09 -1.35822e-08 -4.47398e-09
1.92477e-08 -5.98844e-09 1.60995e-08
-7.67953e-09 4.35807e-09 -1.23774e-08
2.51981e-09 -1.08136e-08 -1.5246e-08
1.43404e-08 6.31589e-09 2.11938e-09
5.05283e-11 4.28558e-10 -8.24707e-09
2.12325e-09 3.46429e-09 -2.09387e-09
2.99492e-11 -5.35404e-09 -3.68694e-08
-4.43151e-09 5.17359e-09 -4.26302e-09
5.52691e-10 -4.4227e-10 3.47098e-10
-3.6607e-09 -1.1653e-08 -4.51452e-09
1.92679e-09 -5.96841e-09 -2.60196e-09
8.06083e-11 -7.1375e-09 2.49863e-09
-5.61675e-09 -6.14636e-09 -1.20042e-08
3.19606e-09 6.05895e-09 -8.75168e-09
-2.10221e-09 -1.14768e-08 1.11355e-08
-6.73759e-09 5.13562e-09 6.6737e-09
6.89311e-10 6.13674e-09 -1.00044e-08
1.30607e-08 -4.62866e-09 4.89343e-09
-4.52084e-09 4.97567e-09 2.60076e-08
-9.16575e-09 -4.44055e-09 4.66245e-09
-1.51346e-08 3.65996e-08 5.49094e-08
-4.79711e-09 1.03435e-08 -1.06146e-09
3.60197e-09 4.91747e-09 -1.25848e-08
-1.42585e-10 1.05342e-08 -2.80412e-08
-1.40391e-08 -7.38802e-09 1.31618e-09
-8.64017e-09 -1.92741e-10 -1.42885e-09
-6.91337e-09 9.57241e-09 3.92864e-09
-2.03777e-09 -5.77907e-09 -3.70432e-09
-3.39379e-09 7.22011e-09 1.36684e-08
-1.76624e-12 4.48242e-12 -3.50977e-10
2.21071e-09 3.14836e-09 -3.98247e-09
-8.23921e-10 -1.63261e-08 1.87527e-08
-1.36112e-12 6.4656e-11 -3.44885e-10
-1.91614e-09 -2.0683e-08 3.31875e-09
-1.10804e-09 2.46448e-09 6.07365e-09
-5.0151e-09 1.05789e-09 1.58357e-09
-4.93023e-09 -3.42655e-09 -3.45802e-09
1.6457e-08 3.4257e-09 -3.34193e-09
-2.82721e-07 9.06515e-08 -2.94284e-07
2.59186e-10 8.35741e-10 1.76589e-09
1.36646e-09 -4.10285e-09 1.64636e-08
-4.82566e-09 -8.50356e-09 1.51303e-08
1.24686e-08 2.14863e-09 -8.96619e-09
2.48756e-09 -2.86725e-09 1.50134e-09
9.9674e-09 1.13227e-08 -1.85207e-08
-6.16514e-09 -1.52803e-08 1.93997e-08
4.0057e-08 -1.06147e-08 1.21908e-08
4.56112e-09 5.87767e-09 -5.74466e-09
1.06013e-09 -2.00888e-09 -3.65291e-09
5.10532e-07 -5.25238e-07 5.11428e-07
2.88003e-09 5.78091e-09 -8.89626e-10
-1.00608e-09 -8.91688e-10 4.5001e-09
1.72357e-09 8.03128e-09 -3.6612e-09
1.48075e-09 -8.50865e-09 -1.23525e-08
-6.12799e-09 -1.90076e-09 1.38902e-08
-5.63337e-09 1.05168e-08 4.47354e-09
-4.02768e-09 -2.37942e-08 -1.25014e-08
4.565e-09 -7.5388e-09 -7.12439e-09
5.29084e-09 6.77694e-09 9.29881e-09
-1.94064e-08 -1.29041e-08 8.14691e-09
-1.87583e-09 1.78642e-09 -1.16746e-08
1.28474e-09 4.57164e-09 4.85522e-10
1.15952e-09 -2.17961e-09 -8.02159e-13
5.8847e-09 2.27858e-08 -2.48801e-08
-1.44442e-08 -9.03949e-09 -5.27399e-09
-6.45025e-09 -4.98617e-09 2.58959e-09
-1.39942e-09 -7.5354e-10 -1.06122e-08
7.46414e-09 4.0829e-09 -8.26971e-09
1.33739e-08 -2.20348e-09 9.97546e-09
1.57616e-09 3.38455e-09 1.56385e-08
-6.63722e-09 9.82276e-09 -8.22637e-10
-1.14279e-08 5.08544e-09 -2.10512e-09
-7.56837e-09 -8.32444e-09 3.46446e-09
0.0 0.0 -3.8832e-08
2.47621e-09 -1.46431e-08 6.02551e-09
8.25021e-09 -3.34823e-09 -2.75161e-09
1.00058e-08 5.1464e-09 -9.34418e-10
2.22352e-09 1.96954e-09 -5.89368e-09
-1.128e-08 7.55478e-09 -1.14873e-08
-6.74091e-09 7.18227e-09 -4.2459e-09
9.35427e-09 2.47637e-08 1.52171e-08
3.82802e-09 4.76837e-09 4.23962e-09
2.09909e-09 4.30186e-09 -1.15724e-09
-2.14549e-10 -1.48272e-09 1.41891e-09
1.20883e-08 3.16982e-09 -1.07071e-09
2.30351e-08 -2.32517e-09 3.0224e-09
-6.59944e-09 2.63441e-09 -3.19865e-09
1.17277e-08 -1.11427e-09 -9.20742e-09
-2.35319e-08 -2.06143e-08 4.22353e-10
-1.09421e-08 1.36667e-08 -1.50798e-08
-3.44644e-10 1.05884e-08 -2.80954e-08
-1.17807e-08 -7.49665e-09 -1.27939e-08
-7.31581e-09 8.12865e-09 2.50219e-09
0.0 0.0 -3.8832e-08
-1.12975e-08 -8.16488e-09 -6.47352e-09
-2.94702e-09 1.18644e-08 -8.8099e-09
-2.31357e-08 -3.17344e-08 1.58026e-08
-1.20547e-09 8.64035e-09 1.00963e-08
-3.06817e-09 -6.48812e-09 -6.36186e-09
-1.26564e-09 -8.27189e-09 -2.95243e-08
-1.16195e-08 1.57136e-08 -2.02559e-08
-6.32578e-09 -1.87106e-09 2.38933e-09
2.57745e-08 1.89384e-08 -1.17455e-08
1.64272e-09 4.88368e-09 -1.83572e-09
-1.7572e-09 -9.19472e-09 6.58123e-10
-1.08385e-08 -1.73743e-09 1.60016e-09
6.33443e-09 -3.83102e-09 -7.79793e-09
7.26286e-10 -5.51847e-10 -2.49258e-09
2.789e-09 -8.46225e-09 -4.97389e-09
6.23973e-09 1.20383e-08 -5.20361e-09
2.95951e-09 6.01804e-09 -1.15063e-08
5.99136e-09 5.97143e-09 -3.89285e-10
0.000323347 0.00272805 0.000833036
-2.03629e-08 -4.41159e-09 4.76964e-10
1.35376e-08 5.49119e-10 -1.73484e-09
-2.36199e-08 2.16598e-08 2.33986e-08
2.21241e-08 -1.17908e-08 3.08479e-08
-3.28402e-10 1.05717e-08 -2.81034e-08
8.80182e-09 -8.66223e-09 -4.38039e-09
6.48509e-09 -1.54058e-08 5.47169e-09
2.83789e-09 1.04055e-08 -1.18285e-08
2.74932e-09 4.64267e-10 1.90069e-09
-2.09197e-08 -1.43419e-08 8.11746e-08
4.55448e-09 4.28411e-09 -1.52193e-08
5.52554e-09 9.52353e-09 1.12954e-09
-3.00222e-09 -3.46415e-09 -6.88428e-10
-6.42155e-09 1.35253e-08 2.46984e-09
-5.41864e-10 2.68158e-09 1.74047e-09
-2.97555e-09 6.99141e-09 -1.95808e-09
-2.12923e-09 6.67838e-09 -2.18477e-08
-5.83644e-09 2.13342e-09 -1.43296e-08
-5.04373e-10 1.78435e-09 -2.50104e-08
-1.07631e-10 -2.51142e-09 3.54118e-09
7.04156e-09 1.68158e-09 6.17422e-10
1.84443e-08 5.49952e-09 1.1972e-08
-9.39656e-09 -5.24169e-09 1.53052e-09
6.97668e-09 2.57343e-09 -3.19178e-08
-4.38115e-09 -2.62442e-08 6.49769e-09
-8.48097e-09 -2.32737e-09 2.76147e-09
-2.57011e-08 4.13605e-09 2.73471e-09
4.54593e-09 5.04025e-09 -1.74397e-09
-8.29001e-09 7.61572e-09 -1.11466e-08
-1.9579e-10 -2.32272e-09 -1.23051e-09
3.35875e-09 -4.5283e-10 8.33287e-10
-1.3484e-08 1.51084e-09 -2.75006e-09
-7.78866e-09 2.05899e-09 -1.52645e-09
1.16774e-08 -1.76017e-08 -1.59805e-08
3.42935e-09 4.56298e-09 2.48023e-09
6.17052e-09 9.83085e-09 -3.74622e-09
-4.64798e-09 -1.89283e-09 -7.13545e-10
1.93251e-09 5.39148e-09 -9.33906e-09
-4.32446e-09 8.21961e-10 7.28221e-10
-2.04388e-08 -3.16594e-09 4.88149e-09
1.62113e-08 7.02487e-09 -2.66619e-08
9.91812e-09 -6.8983e-10 3.3438e-09
-1.04759e-08 -3.52269e-10 4.14696e-09
3.32167e-09 -1.00551e-09 1.52404e-09
5.76891e-09 1.12041e-08 -2.51437e-09
-1.3084e-08 2.39932e-08 -2.28171e-08
6.97801e-09 2.47063e-09 -3.18285e-08
1.11899e-09 4.91283e-09 -6.62261e-09
5.0217e-09 -4.21197e-09 -3.46399e-09
1.13799e-08 1.77983e-08 -6.82655e-09
1.16351e-08 -1.10145e-09 -1.6362e-09
-1.35397e-09 2.5867e-09 -1.28169e-09
-7.45961e-09 3.74428e-09 -6.65438e-09
1.24924e-08 -2.07213e-08 -5.42846e-09
1.64239e-10 -5.465e-09 -6.37169e-09
1.39805e-08 6.94426e-09 9.39159e-09
-1.84501e-08 1.75493e-10 -2.57691e-08
5.6992e-09 -3.3212e-09 -1.33258e-09
3.96075e-09 4.43409e-09 -6.29056e-09
1.13597e-08 2.92856e-08 8.02874e-09
9.46945e-10 3.20512e-09 2.56335e-09
1.75044e-09 6.63907e-09 -2.02172e-09
5.54873e-09 -4.70006e-09 8.49013e-09
3.90529e-09 5.10298e-09 1.24202e-10
6.78438e-09 6.49387e-09 6.72445e-09
1.73226e-08 -1.36419e-08 1.08111e-08
-1.0728e-08 -2.84196e-09 -7.2031e-09
0.0 0.0 -3.8832e-08
-7.61833e-09 -2.05296e-09 -9.87608e-09
-1.11368e-08 -2.06518e-08 -4.88085e-09
-6.46995e-11 2.45467e-08 -1.05287e-08
-1.06922e-08 -7.0875e-09 -7.90724e-09
2.54705e-09 -6.2351e-09 1.26649e-08
-3.72063e-09 -1.05093e-08 -1.04644e-08
1.12131e-08 -1.74107e-08 -3.69127e-09
-8.2558e-10 2.43891e-08 2.55374e-08
1.59465e-08 1.41132e-08 -7.53721e-09
-9.36341e-09 -6.12483e-10 -3.81795e-09
4.00506e-08 2.05592e-08 -1.05963e-07
2.03261e-09 4.69748e-10 3.07699e-10
1.18108e-09 -3.52369e-09 1.50176e-08
-8.28059e-09 -1.05424e-08 5.78341e-09
4.37644e-09 5.65716e-09 -2.6427e-09
5.38075e-09 -2.59328e-10 7.28069e-09
-1.2661e-08 -6.74196e-09 -1.2308e-08
-4.76778e-09 -2.91557e-09 1.85917e-09
1.6659e-09 3.81483e-11 -1.51901e-09
5.86924e-10 1.14428e-09 2.37593e-11
1.97694e-08 3.11851e-09 1.00883e-09
7.51011e-09 1.61333e-09 1.53793e-09
4.96162e-10 -3.77188e-09 -6.84064e-09
-5.57824e-09 1.70046e-09 3.29852e-09
-6.02047e-09 -2.96053e-09 -1.09202e-09
-5.81706e-09 -1.69919e-09 -3.52455e-09
1.61393e-09 3.89868e-09 -1.08136e-09
-1.42026e-08 -5.83638e-09 2.23869e-09
0.0 0.0 -3.8832e-08
-4.78306e-09 6.32245e-09 -6.15155e-10
2.86442e-09 7.95051e-09 -1.43345e-08
-3.27141e-09 4.1155e-09 7.9079e-09
-1.39703e-08 -2.80506e-08 6.5945e-09
2.52654e-08 -2.88948e-09 -6.05103e-08
-5.77354e-09 -1.77185e-09 -1.20858e-08
8.96276e-09 -1.03219e-08 2.99398e-09
-1.9184e-10 7.93531e-09 -1.64292e-08
-3.36563e-09 -3.18723e-09 2.36724e-09
-1.02672e-08 8.35969e-09 -3.88179e-09
-1.80493e-08 7.278e-09 3.37775e-08
-3.75739e-09 9.78588e-09 -1.67297e-09
2.22104e-08 -1.4931e-08 1.41945e-08
-5.26165e-09 -2.47935e-10 -4.68011e-09
3.39045e-07 -2.46841e-07 2.68361e-07
4.91531e-09 -9.09374e-09 -2.3329e-09
2.91893e-09 3.22451e-09 -5.58435e-09
1.2556e-08 9.18379e-09 1.1741e-09
0.0 0.0 -3.8832e-08
-9.61627e-09 -6.53144e-09 1.05895e-08
-1.11695e-08 -2.88414e-09 2.43985e-09
2.96965e-08 1.24928e-07 -8.33814e-08
3.94371e-09 -2.2944e-09 4.88208e-10
-1.02827e-09 -1.69329e-09 8.8695e-10
1.13649e-08 -3.38357e-09 9.14185e-09
-8.34144e-09 -1.51963e-08 3.51659e-09
6.35628e-09 4.0608e-09 9.13889e-10
1.99863e-09 -6.71859e-09 2.71115e-09
-3.54227e-09 1.54616e-09 -6.10445e-09
1.2559e-08 -3.74531e-09 -2.77914e-08
3.04688e-09 -1.17222e-08 3.86638e-09
7.06387e-09 -2.65604e-09 -1.89962e-08
-1.61684e-08 -8.87924e-10 2.29283e-09
-1.57233e-09 6.73186e-09 -2.404e-09
3.96684e-09 -1.86023e-08 5.32908e-09
7.74991e-09 5.57716e-09 -3.79271e-09
1.75162e-09 -2.01564e-09 2.23942e-10
5.63724e-09 1.26282e-07 -4.7451e-09
4.07658e-09 -5.34858e-09 -2.13066e-09
-9.37898e-10 7.14429e-11 1.64783e-10
-1.18495e-08 1.6184e-08 -2.17633e-08
-5.57361e-09 3.67153e-09 -1.30138e-09
-4.88016e-09 -5.31183e-09 -1.91739e-09
2.17818e-08 -7.75575e-09 5.29124e-09
-4.46363e-09 5.2863e-09 -3.6394e-09
-7.97051e-09 2.63046e-09 -2.89682e-10
3.46084e-09 -4.48285e-09 -4.81152e-09
4.21958e-09 8.3142e-09 -1.34216e-08
-5.06967e-09 -3.33561e-09 2.11758e-10
-1.1282e-08 -4.27147e-09 2.19514e-10
-9.08535e-09 -3.71348e-10 -1.06025e-09
-3.46914e-10 1.09086e-09 -1.16719e-09
8.41685e-09 -2.35317e-08 -3.36837e-09
-1.83222e-07 4.14921e-08 -9.70534e-08
-6.23978e-09 -3.44553e-08 2.18465e-09
1.06701e-09 1.86017e-09 5.03338e-10
-4.61741e-09 -1.0123e-08 2.50545e-09
-1.30451e-08 2.86712e-08 6.92647e-08
-2.09926e-09 1.04552e-08 -1.70039e-08
-5.35006e-09 4.4867e-09 1.42334e-08
1.29621e-08 1.02217e-09 -6.89485e-10
0.0 0.0 -3.8832e-08
-1.5568e-08 9.73024e-09 -5.29443e-09
-6.80215e-09 8.73815e-09 3.69404e-09
2.32354e-09 -2.57642e-09 6.65864e-09
-4.25836e-09 1.15343e-08 1.4771e-08
-8.57071e-10 3.48237e-09 -2.09452e-09
-1.88987e-08 8.76415e-09 4.7226e-10
7.73638e-09 -5.96918e-10 4.65834e-09
-4.57283e-09 -4.57983e-09 9.00373e-10
4.67403e-08 -1.274e-07 1.27465e-07
-3.66561e-09 -5.07407e-09 2.51922e-10
1.27313e-08 -1.04096e-08 2.06664e-08
1.94389e-08 1.5213e-09 2.76975e-09
5.1055e-09 -1.61221e-08 -1.01151e-08
-8.15292e-09 9.00289e-10 -9.71326e-10
-1.09447e-09 -1.01068e-08 7.14446e-09
3.71656e-09 -1.43732e-09 -1.36792e-09
-2.98017e-10 1.48017e-09 6.19396e-09
9.05754e-09 1.84431e-09 2.02925e-09
1.2272e-09 1.38365e-09 -5.22389e-10
4.47121e-09 -9.68755e-09 -1.61402e-08
0.0 0.0 -3.8832e-08
-2.4044e-10 -6.26207e-09 4.74304e-09
-2.11277e-09 2.00041e-09 4.5183e-09
5.75887e-10 3.10681e-09 1.25071e-08
5.20881e-09 -6.05563e-10 2.60258e-09
-4.14377e-09 1.39807e-08 9.24093e-09
1.26727e-08 2.28394e-09 -2.92829e-08
-8.88531e-09 5.97072e-09 -1.08252e-08
0.0 0.0 -3.8832e-08
-1.36207e-08 -9.0835e-09 -1.29907e-09
4.04528e-09 -6.98364e-09 3.28734e-09
-1.33385e-09 -1.78908e-08 2.53557e-08
-1.08984e-08 3.59925e-09 -8.2922e-09
4.33668e-09 -7.70883e-10 6.60653e-09
8.26048e-09 5.55417e-09 2.34827e-08
1.91217e-08 7.24963e-09 -9.16819e-09
5.983e-09 -4.37522e-10 1.81254e-09
-3.83313e-08 4.99741e-08 -5.89282e-08
-1.15912e-08 1.11422e-08 -6.91357e-09
5.25386e-09 7.87874e-09 -9.1938e-09
-5.36933e-09 -6.62948e-09 -1.03538e-09
8.55258e-09 2.57702e-09 -1.01765e-09
1.78215e-09 1.60753e-09 -9.1426e-10
1.73005e-09 -3.68834e-08 6.33717e-09
-7.50609e-11 1.3188e-08 -3.36926e-09
1.94154e-08 7.10576e-10 1.44699e-08
1.03169e-08 -9.90848e-09 1.3042e-08
-3.97784e-09 1.11738e-09 1.36482e-09
1.68283e-08 -4.38713e-09 -1.00497e-09
3.16112e-08 -5.82109e-10 1.07357e-08
-7.68206e-09 3.91737e-09 -3.51728e-10
-1.03123e-08 3.58436e-09 -4.17208e-09
-1.04087e-09 -2.53864e-09 1.93968e-09
-1.07456e-08 5.09865e-09 -2.29102e-09
-1.51802e-10 1.76166e-09 7.4384e-09
-3.45739e-09 -1.74699e-09 -1.12966e-10
4.6918e-09 2.03449e-09 -4.21645e-10
-5.86564e-09 -9.76544e-10 1.34465e-10
-4.3499e-09 3.67453e-09 -1.90065e-09
3.9728e-09 -7.69393e-09 1.09453e-08
2.68356e-09 -2.94064e-09 -6.60241e-09
-7.5223e-09 4.79211e-08 -6.2171e-08
-5.35801e-09 -4.21076e-09 -8.83512e-09
-1.05087e-08 9.22488e-09 -5.59868e-09
5.55521e-12 -9.4151e-09 4.501e-09
-7.49741e-09 -1.36419e-08 3.29457e-09
-1.12501e-08 -1.26272e-08 1.01266e-08
2.64905e-09 -6.19173e-09 1.49185e-09
-4.47653e-09 -7.23857e-09 6.51933e-09
1.06171e-08 2.30791e-09 2.8651e-09
2.32761e-09 7.46693e-10 1.39329e-09
3.42461e-08 -4.13633e-09 1.00114e-09
1.24152e-08 3.02632e-09 4.15517e-10
8.41766e-10 3.36559e-10 -3.6825e-10
0.0 0.0 -3.8832e-08
2.71988e-09 1.52113e-08 -9.36421e-09
-2.55269e-08 2.30746e-10 5.36061e-09
-3.11349e-09 -1.13574e-08 6.82026e-09
3.83939e-09 -2.20419e-10 -1.50113e-09
0.0 0.0 -3.8832e-08
4.49427e-09 -9.66022e-09 -1.60856e-08
-1.6215e-08 3.94675e-09 -1.35074e-08
-7.92517e-09 2.41123e-09 -4.95391e-10
6.87555e-09 3.48912e-09 -1.58109e-09
1.15702e-08 1.38016e-08 -7.11505e-09
4.71426e-09 7.18537e-09 4.30961e-09
2.92526e-08 -1.38446e-08 -1.33105e-10
9.96274e-07 -3.35045e-07 6.96333e-07
9.67029e-09 3.26924e-09 1.9165e-09
-1.6555e-09 4.91973e-09 -1.20626e-08
-6.49335e-09 -2.21707e-09 -1.74593e-10
1.72417e-09 5.37399e-10 3.84254e-11
-5.65419e-10 7.43436e-09 -1.23115e-08
1.474e-08 -1.26273e-08 1.28582e-08
-1.28896e-08 -6.81551e-10 -2.39551e-09
0.0 0.0 -3.8832e-08
-4.07223e-09 1.10799e-08 -1.36763e-08
-6.46254e-09 1.25682e-08 -1.9889e-08
-4.85299e-09 1.18312e-08 -1.51598e-08
-2.47555e-09 -1.55431e-09 4.35708e-10
-2.62535e-10 -2.72414e-08 -1.9611e-09
-8.7326e-09 1.16737e-08 -1.82307e-08
-4.1959e-09 -4.62579e-10 1.08783e-10
2.74131e-10 9.80924e-09 -1.51356e-08
-8.96681e-10 -1.29169e-09 -6.04643e-10
0.0 0.0 -3.8832e-08
7.7338e-10 -9.66575e-09 5.84762e-09
1.06524e-09 -6.5593e-09 1.1941e-08
8.46684e-09 6.55017e-09 -1.64941e-10
-1.7047e-09 4.79241e-10 1.15357e-09
-1.47196e-08 -1.43768e-08 -1.36299e-08
1.00025e-08 9.46696e-10 -8.85933e-09
-1.3595e-09 -3.37756e-09 -1.02105e-09
3.18674e-10 -2.62748e-09 3.00006e-09
2.55117e-09 1.65573e-09 2.08532e-09
8.01697e-10 1.44406e-09 -1.22538e-09
1.44124e-09 -2.10392e-09 2.11279e-10
6.16419e-09 6.35606e-10 -3.36939e-09
-1.58307e-08 6.31863e-10 -4.18032e-09
6.84291e-10 5.67354e-09 -1.56468e-09
9.91179e-10 -1.64433e-09 6.81627e-10
-3.09009e-09 -6.51198e-09 -1.10157e-09
-1.90451e-09 1.13027e-09 3.65443e-09
-1.55405e-09 -6.5814e-09 4.14926e-10
6.42976e-09 -1.12953e-09 2.59895e-09
1.36189e-09 -2.50215e-09 -9.36707e-10
5.17006e-09 -2.30523e-09 1.27376e-09
1.1556e-09 3.14299e-10 -2.95187e-09
-1.7088e-09 2.36049e-09 4.96464e-11
5.22138e-09 -3.16148e-09 -2.2164e-09
-1.57425e-08 2.90124e-09 -1.91749e-09
2.41713e-09 4.36743e-09 -2.39511e-09
-1.18757e-09 1.04319e-09 -1.0575e-09
1.55539e-09 -1.0331e-09 -1.2452e-09
-2.41996e-10 5.63306e-09 -5.15065e-09
2.32946e-09 6.83637e-11 -2.73865e-10
9.43551e-09 -2.85477e-09 -4.17391e-10
6.60316e-09 -1.23511e-09 -6.91803e-10
-2.09184e-09 -1.41177e-09 1.94156e-10
4.4575e-09 2.54942e-09 1.81037e-09
2.2614e-09 -7.15584e-09 1.92977e-09
1.29963e-09 4.70751e-10 1.22818e-09
2.21275e-09 -8.04295e-10 2.46974e-10
-1.45227e-09 -7.06284e-09 5.15792e-09
3.07278e-11 1.6787e-09 -3.74239e-09
-4.92056e-09 -1.38945e-09 7.39949e-09
-1.44284e-09 -1.12079e-09 -6.07015e-11
-1.9251e-09 1.19213e-08 -1.16918e-08
7.19424e-09 4.8017e-11 -1.33917e-11
2.18862e-09 1.21214e-08 -1.46453e-08
1.31007e-10 3.28069e-10 6.20824e-11
8.58973e-10 1.14974e-08 2.84229e-09
2.13366e-09 -6.81431e-09 -2.83834e-09
4.57556e-09 1.25149e-09 -1.01707e-08
1.71838e-08 -1.47624e-08 5.72939e-09
-7.84052e-09 1.699e-09 -1.27203e-08
-1.26141e-08 4.2593e-08 -1.54162e-08
-6.63272e-09 1.00091e-10 -2.82017e-09
4.96375e-09 -9.16647e-10 -1.64329e-09
-4.15968e-09 6.67407e-10 1.36065e-10
-2.06449e-08 8.04728e-09 -6.61349e-09
-1.21444e-09 1.99557e-10 7.86862e-10
-5.13998e-10 1.50798e-09 -8.88757e-10
0.0 0.0 -3.8832e-08
-7.8418e-10 2.33362e-09 -3.18335e-09
3.6147e-09 4.28368e-09 -1.79214e-09
-3.12244e-09 1.89358e-08 -3.45441e-08
2.01985e-10 -2.32722e-10 3.52388e-09
-9.68303e-10 2.90543e-09 -1.32866e-08
-3.50083e-10 1.43339e-09 -2.35875e-10
1.03006e-10 2.36069e-09 1.35427e-09
-1.13488e-08 4.49594e-09 1.54035e-08
-4.34588e-09 -1.10048e-10 8.01854e-11
-1.00975e-10 -1.45012e-09 -3.63981e-09
-7.63433e-09 7.96602e-09 -3.38122e-10
-4.57654e-09 1.40352e-08 -1.78865e-08
-9.23976e-09 4.68433e-09 1.74777e-08
-3.51104e-09 -7.46587e-10 -2.95785e-10
1.36838e-09 1.71291e-09 -1.57283e-09
-1.82879e-08 -5.1547e-09 1.1751e-08
-6.54145e-09 3.14948e-09 1.51477e-09
1.6046e-09 -1.30925e-09 8.95519e-10
2.23441e-10 4.08144e-10 -1.16596e-09
0.0 0.0 -3.8832e-08
-2.94367e-09 -1.02415e-09 9.66671e-10
-1.10151e-09 5.08479e-10 -2.04839e-09
-7.8753e-09 1.331e-08 -1.72921e-09
-2.269e-09 -1.47752e-09 -1.7257e-09
1.92765e-08 -7.75055e-09 -1.65789e-09
5.73524e-09 2.60071e-09 -7.34856e-10
-1.53146e-09 5.16095e-10 3.82347e-10
-4.45526e-09 1.88074e-10 9.27544e-10
-1.9407e-09 -2.74388e-09 4.34292e-09
-1.0583e-09 1.30166e-09 -1.59399e-09
-8.86184e-10 -3.02336e-09 -3.61092e-10
1.3408e-09 9.4822e-10 -5.00513e-10
7.62794e-09 -3.91788e-09 8.25853e-11
-7.30245e-09 1.23203e-08 -1.54671e-08
8.3862e-11 -1.96132e-09 1.12811e-09
-3.50522e-09 -8.43852e-10 -2.56282e-10
-2.10808e-09 1.61711e-09 2.12971e-10
-1.04182e-10 1.1135e-08 1.25414e-08
-1.20898e-10 5.95656e-10 -6.31179e-11
-1.38215e-09 7.09176e-10 -4.07219e-11
-3.34486e-10 -3.35757e-11 1.2369e-09
-6.43501e-09 4.04145e-10 -1.24256e-08
-2.46523e-09 -5.37058e-09 7.08144e-09
-2.54398e-10 1.10717e-09 -1.64381e-09
-4.6358e-09 1.51584e-09 -6.67125e-10
-4.58751e-09 3.17756e-09 6.89261e-10
7.84566e-11 1.2965e-09 -2.93487e-10
4.15368e-09 6.2571e-09 9.19692e-10
2.84865e-12 2.04196e-09 2.06633e-09
2.20712e-10 6.15828e-10 5.94754e-10
-1.46417e-09 -7.28859e-09 -3.48352e-09
2.69148e-09 -2.44135e-09 -8.14593e-09
1.49773e-09 1.46016e-09 -4.80435e-10
2.94236e-09 -9.98773e-10 -8.26399e-10
-1.55436e-10 -1.32696e-09 2.37943e-09
-9.96274e-07 3.35045e-07 -7.73997e-07
-1.56624e-09 1.29537e-09 -4.82883e-10
-2.00212e-09 -1.49139e-09 8.78735e-09
-5.65466e-09 -4.38899e-09 -4.18162e-10
1.8809e-09 -6.75817e-09 -1.01371e-08
-8.53222e-10 9.60028e-09 -4.35744e-09
-3.51688e-10 -1.67589e-09 8.16206e-10
-8.41689e-09 6.74502e-09 9.86369e-10
-5.08796e-09 -1.20664e-08 6.01256e-09
1.50806e-09 -1.44858e-09 -5.97858e-10
1.09737e-09 6.45751e-10 6.10729e-10
1.93202e-08 2.35625e-08 -7.43938e-08
-3.11679e-09 -1.16092e-08 8.90415e-09
-2.64164e-09 6.12605e-10 -2.36053e-09
0.0 0.0 -3.8832e-08
1.32938e-09 3.1918e-10 9.3372e-10
2.37274e-10 -1.05983e-11 -1.39906e-09
3.17192e-09 4.63936e-10 -9.28503e-10
8.22087e-10 -7.17758e-10 3.29744e-11
-1.49768e-09 8.97602e-10 1.46133e-09
-1.81757e-09 2.22135e-09 -3.79387e-10
9.74687e-10 1.44632e-09 5.47557e-11
-1.95507e-09 -8.02662e-10 -2.91917e-10
9.75232e-11 4.66294e-10 2.48905e-09
1.70371e-09 -2.7136e-09 1.01448e-09
4.40508e-09 -1.76224e-09 -5.10648e-10
1.6351e-10 4.0783e-10 1.28741e-10
3.77297e-09 -1.28717e-09 -3.52475e-10
-3.58252e-09 -2.6169e-10 1.56205e-09
-8.88234e-10 -3.57899e-10 1.27097e-09
-3.50783e-09 -2.04538e-09 1.54902e-09
0.0 0.0 -3.8832e-08
3.46181e-09 -2.67912e-09 1.88299e-10
-1.62022e-09 -3.32803e-10 -2.16374e-10
-6.96464e-09 -2.35148e-09 3.18902e-10
-6.30568e-09 -3.25776e-09 6.49383e-10
-3.30737e-10 3.05018e-10 2.72928e-09
-3.69872e-09 1.20618e-09 1.11559e-09
1.33981e-09 -2.41451e-09 4.46629e-10
0.0 0.0 -3.8832e-08
2.65351e-09 3.80894e-10 9.87398e-10
-2.65864e-09 -4.58307e-10 1.81439e-09
-8.7922e-10 1.07284e-09 -4.05012e-10
5.10239e-10 2.02695e-09 -1.01691e-09
6.36712e-09 3.94843e-09 -2.66149e-09
1.39771e-09 -4.16642e-09 7.42414e-09
4.73353e-10 3.99037e-09 -2.62454e-09
3.53033e-10 -9.66318e-10 4.69509e-10
1.30349e-09 3.41632e-09 -1.40856e-09
-2.49329e-09 4.01621e-09 -2.30832e-09
-2.0361e-09 -5.71629e-10 -3.95313e-10
3.48681e-09 1.17751e-09 4.07207e-09
3.10967e-09 2.13276e-11 -7.77718e-10
-5.70966e-09 2.62948e-10 -3.72335e-09
-5.3655e-09 1.11492e-08 1.39515e-08
-8.52748e-10 -1.04269e-09 1.37884e-09
-8.90042e-09 -3.0885e-09 1.33566e-08
3.19448e-09 -6.69541e-09 1.08237e-09
4.73619e-11 -3.45481e-10 -2.1255e-10
7.56332e-10 7.54825e-09 1.85674e-09
-6.23944e-09 -3.97235e-09 3.35352e-09
2.16929e-09 -2.65275e-10 -2.0319e-09
2.78822e-10 -9.41125e-10 -2.8985e-10
-3.98628e-09 2.14836e-09 3.2387e-10
-2.36991e-09 -3.04192e-10 -1.90209e-09
1.14069e-08 -9.95055e-09 -6.40136e-10
1.13158e-09 -1.74031e-09 9.43135e-10
-2.68558e-09 -2.55088e-09 -8.35304e-10
2.48948e-10 9.81089e-10 1.0776e-09
2.34436e-10 2.91129e-09 9.8034e-10
-2.89506e-09 -1.54285e-09 2.4938e-09
1.17716e-09 -4.95968e-10 -3.92526e-09
-7.8119e-10 -1.74898e-09 7.38706e-12
2.13748e-09 1.51587e-09 -2.47357e-09
1.17762e-09 2.24536e-09 -9.40055e-10
1.64204e-09 -2.59237e-09 3.55207e-09
2.67517e-09 9.68132e-10 -6.57104e-10
-6.24293e-09 1.27067e-08 -1.63844e-08
4.40728e-08 -6.89866e-08 1.38809e-07
-1.62129e-08 2.43528e-08 -2.47523e-08
6.15841e-10 2.28187e-09 4.08381e-10
1.11195e-09 -8.78776e-10 -1.19624e-10
3.62546e-08 -7.95219e-09 2.13874e-08
1.94331e-09 -6.19204e-09 -7.23593e-09
9.61794e-11 -1.5493e-09 -1.96439e-09
3.24119e-10 1.71313e-09 -1.42628e-09
1.12411e-08 1.66801e-10 -2.97157e-08
-4.9388e-09 -1.89279e-09 3.52137e-09
-2.40322e-09 -2.0137e-09 1.17944e-10
-1.07751e-09 -1.3755e-09 1.53108e-09
-7.24232e-11 1.71898e-09 1.27107e-09
-6.19336e-10 -3.30963e-10 2.8896e-09
-1.68482e-09 -2.46564e-09 -4.61919e-09
7.74408e-11 2.29465e-09 6.40045e-10
-2.11766e-10 1.13924e-09 2.9175e-09
5.17785e-09 2.56447e-09 -8.80443e-11
-1.36432e-09 -3.33508e-10 -7.32079e-10
-1.72217e-10 -7.80091e-11 3.52846e-10
2.96528e-09 -8.12555e-10 1.11835e-09
-4.21124e-09 -3.26252e-09 2.78759e-09
-1.15501e-11 -1.56928e-10 8.31641e-10
1.87215e-09 -4.06784e-09 5.4426e-09
-3.54009e-10 1.69462e-11 -2.18385e-09
8.48972e-10 1.11211e-09 -3.22299e-10
2.8792e-10 4.56674e-10 2.85024e-10
-7.11458e-10 -1.74697e-09 7.37649e-10
-1.84057e-09 -6.77631e-10 5.96017e-10
-1.65034e-09 -6.38406e-09 -1.37232e-08
2.03055e-09 2.75893e-09 -1.15655e-09
-2.19681e-09 1.72337e-09 1.69145e-09
9.902e-10 -3.0029e-10 1.96671e-09
-5.88852e-10 1.36347e-09 -2.38921e-09
4.01543e-09 3.13062e-09 -1.03497e-09
3.42021e-09 1.31735e-10 2.46942e-09
-1.88081e-09 -5.28588e-09 5.04354e-09
-3.28836e-09 -1.82114e-09 1.49851e-09
-6.63325e-10 1.3011e-09 3.53442e-10
-5.50311e-09 -6.79559e-10 8.28078e-10
-6.45341e-09 -1.07014e-09 6.54686e-10
-9.86598e-09 1.41307e-09 -7.6301e-10
-3.49441e-09 1.34892e-09 1.78665e-10
2.37521e-09 5.91827e-11 -1.64894e-10
4.81216e-10 1.047e-08 9.14985e-09
-4.0179e-09 -8.45748e-10 2.12415e-10
-2.0101e-09 3.38463e-09 3.84502e-09
1.33253e-09 2.1894e-09 -3.03412e-09
5.6817e-10 -2.0432e-09 -1.18305e-09
-1.68643e-09 -6.25349e-10 9.85747e-10
-3.18275e-09 -2.20356e-09 1.72726e-10
3.11137e-09 -2.52925e-09 5.20895e-10
1.0711e-09 4.74735e-09 1.25596e-09
2.24264e-09 -7.35326e-11 5.93451e-10
1.07481e-09 1.69947e-09 1.90753e-11
-6.17901e-09 -5.90085e-09 1.72875e-09
-3.54208e-09 -4.82882e-09 -1.29165e-09
-2.82812e-09 -2.51275e-09 -5.22413e-10
-3.49679e-10 1.63261e-09 2.72449e-09
1.59088e-09 5.99554e-10 -5.93851e-10
2.03158e-09 7.85327e-10 -3.41626e-11
-2.38529e-09 8.73203e-10 -1.79224e-09
-2.75143e-09 -7.46842e-10 7.81958e-10
3.57185e-09 -3.81406e-09 3.19535e-09
4.67775e-10 2.89091e-09 1.70847e-09
-1.1806e-09 -6.54499e-11 1.71327e-09
3.48134e-09 -2.20098e-09 6.9539e-10
7.85559e-10 -1.71635e-09 -2.70752e-11
-2.67087e-09 -3.71398e-09 -4.89959e-09
-1.52257e-09 -2.51534e-09 -2.83972e-09
2.45342e-09 -3.08567e-10 1.27043e-10
3.82163e-10 -5.0139e-10 -6.0571e-10
1.3857e-09 -5.49126e-10 8.07579e-10
5.23302e-10 -9.38666e-10 6.61418e-10
-3.73296e-09 -1.17998e-09 1.5682e-09
-2.93639e-09 1.18871e-09 -1.91954e-10
2.35277e-09 -5.65881e-10 1.38992e-09
2.86388e-09 -7.8662e-10 1.28489e-09
-4.53265e-09 -6.21035e-09 -2.98946e-09
-9.81137e-10 -2.43625e-10 1.90251e-09
-2.26765e-09 7.02946e-10 8.1331e-10
1.51515e-09 3.09339e-10 7.48476e-10
-1.12717e-09 -3.97744e-09 4.43294e-09
1.65993e-09 7.65833e-10 -1.52279e-09
9.7628e-10 -3.18673e-09 2.83005e-09
2.36069e-09 -5.63586e-09 1.44075e-09
-1.06952e-09 -1.67202e-09 1.66149e-09
2.84712e-09 -2.92006e-10 -3.26508e-09
-3.35084e-09 5.81164e-10 3.48075e-10
4.27685e-09 -1.48997e-09 1.54846e-09
5.76116e-12 -3.48213e-11 -2.11736e-12
-1.93879e-11 8.69812e-11 -7.5382e-11
5.18874e-10 4.12815e-09 -3.28077e-09
-2.01159e-09 -1.17828e-09 1.8484e-10
5.41617e-09 6.87971e-10 8.24054e-10
-1.17306e-09 -6.4787e-10 1.98742e-09
2.69597e-09 8.47102e-11 -1.14599e-10
2.43377e-09 3.13194e-09 8.53262e-10
1.91513e-10 -1.6629e-11 -2.51913e-09
1.10799e-09 -1.63184e-09 3.59331e-09
2.13593e-10 -2.21769e-11 1.43864e-10
2.7323e-09 1.74743e-09 -3.60101e-10
-1.59412e-10 3.44671e-09 2.04676e-09
-3.78174e-09 6.4778e-10 -5.37986e-10
9.6364e-09 -5.22613e-09 -7.31446e-10
-3.14932e-10 -1.64373e-10 6.60389e-10
3.71138e-09 2.93727e-09 -2.5838e-09
-4.34491e-11 -1.0009e-10 8.7095e-11
-5.73101e-10 -9.08309e-10 -4.88001e-11
-2.15973e-10 3.65781e-09 3.50099e-10
3.79805e-09 -5.95093e-09 1.19314e-09
-1.06123e-09 -2.4425e-09 1.09612e-09
1.46886e-09 1.66278e-09 -6.77224e-10
2.37291e-09 2.48573e-09 7.93876e-10
4.60803e-09 4.12078e-09 1.88404e-09
-1.03171e-09 -1.66174e-09 -1.46354e-09
-4.90432e-09 2.30364e-09 -1.05998e-09
1.96744e-09 2.36402e-09 1.57607e-10
1.01251e-09 2.00118e-10 -1.32943e-09
-1.6199e-09 2.36193e-11 -2.2923e-09
-9.67104e-10 2.19858e-09 2.80916e-09
1.69322e-09 -2.14105e-09 -1.34169e-09
-1.71586e-09 2.94849e-10 -2.25456e-10
-1.81932e-09 8.10168e-13 -2.66901e-09
3.70279e-09 -9.26631e-10 -7.26583e-10
-3.20837e-09 -4.22451e-09 -4.97601e-09
1.29655e-09 -5.4176e-09 -8.37636e-10
-1.30942e-09 -1.26474e-09 1.11271e-10
-8.24728e-10 3.21636e-09 3.91078e-09
-1.65099e-09 -1.48488e-09 6.14798e-10
2.0183e-09 -4.76601e-09 3.06864e-09
-2.94136e-09 3.03491e-09 -1.15925e-09
1.4587e-09 4.63768e-10 -2.21472e-09
1.58557e-09 4.55362e-10 -5.30312e-10
-6.07139e-10 1.89531e-09 1.18007e-10
2.11396e-09 -7.85097e-10 -3.06632e-09
1.6096e-09 -3.63414e-09 -1.83153e-10
-2.37265e-09 -2.40669e-10 2.63378e-10
1.27174e-09 8.87071e-10 -1.74046e-09
-5.10561e-09 1.64563e-09 -2.01096e-09
1.3906e-09 -3.94792e-09 1.11938e-09
2.3768e-09 2.03348e-09 -2.40791e-09
-4.56703e-10 -2.75155e-09 6.1419e-10
-7.68308e-11 1.42029e-10 3.73382e-11
-6.13924e-09 6.33912e-10 -7.8023e-09
5.60347e-12 1.0524e-10 3.55792e-11
-3.04738e-09 -1.35381e-11 1.05592e-09
-5.2197e-10 -2.29268e-10 7.36945e-10
-3.76095e-09 8.94327e-10 -7.21502e-10
-1.4383e-09 -2.3159e-09 -1.60589e-09
-1.60518e-10 2.01208e-08 -8.76705e-09
1.50767e-11 -4.77277e-11 1.79738e-11
-5.08617e-10 2.77851e-09 -6.7779e-10
-3.00282e-09 -2.55675e-09 -1.49507e-09
-4.36161e-09 -3.16813e-10 2.28904e-10
-2.14403e-11 2.83727e-11 2.63549e-11
-1.64534e-10 -8.41237e-10 -5.35975e-10
-5.27905e-11 -1.15456e-11 4.25131e-11
-5.35236e-09 6.21698e-09 1.94993e-09
-7.53613e-10 -4.99761e-09 2.89058e-09
3.76626e-10 1.52591e-09 -5.52234e-09
3.4662e-09 -4.093e-09 -4.93299e-10
7.71352e-11 4.96652e-09 1.24883e-09
-1.08389e-09 2.19472e-10 -4.54719e-11
1.08937e-09 2.8416e-10 1.92455e-10
2.88888e-09 7.22228e-09 1.55918e-09
-6.12087e-10 -1.05078e-09 -3.73489e-10
-1.91617e-10 1.81584e-09 3.33317e-10
6.19382e-09 -3.82253e-10 1.24546e-09
4.23607e-09 1.22285e-09 2.31574e-10
3.02481e-09 7.38333e-10 1.69293e-09
-3.51195e-09 -4.19874e-10 6.86779e-10
-1.30158e-09 2.24867e-09 2.01536e-09
5.88686e-09 -1.33147e-09 2.03801e-09
4.65703e-09 -1.84139e-09 -5.37151e-11
-1.63604e-14 3.27593e-14 4.33082e-15
1.22341e-10 1.13885e-10 -4.26083e-11
-1.36068e-09 1.40197e-09 -3.92121e-10
-7.97934e-11 -1.44058e-10 -1.09844e-09
7.52687e-10 5.86615e-10 -9.73202e-10
-3.78179e-11 1.24891e-10 -4.41882e-11
9.93714e-10 -4.82998e-10 4.38161e-10
1.20962e-08 -7.97242e-09 1.05417e-09
9.26888e-11 -4.65876e-11 3.33524e-12
2.59182e-09 7.12124e-10 -7.6414e-10
-4.11016e-09 1.0052e-08 -1.96368e-09
1.7033e-11 -6.06616e-11 5.50013e-11
-6.42461e-09 -6.41808e-09 -4.46413e-09
-5.50227e-10 -2.21635e-09 -2.71136e-09
1.25377e-11 -2.76157e-11 1.66282e-11
3.93362e-09 5.53541e-10 1.15739e-09
-5.0709e-09 5.04363e-11 4.21888e-10
8.22641e-12 -2.73838e-11 -4.25937e-11
-2.82488e-10 -7.21613e-10 -1.76103e-10
-4.34547e-11 -5.48853e-11 1.78637e-11
3.05973e-09 -2.45958e-09 -2.58002e-10
-3.24168e-11 1.45266e-09 -7.28916e-10
7.32249e-11 1.29737e-10 -1.21425e-11
6.60109e-11 -1.40967e-09 1.51612e-09
3.7368e-09 3.2836e-10 6.398e-11
6.53001e-10 3.31963e-09 -5.89579e-10
2.53456e-09 -2.35935e-09 -3.58822e-09
-5.22648e-10 5.77975e-10 -2.18009e-09
1.06806e-09 2.9097e-10 -1.06068e-10
7.02337e-10 -1.87361e-09 -4.48146e-10
-9.59708e-10 3.00697e-09 -1.05316e-09
3.57739e-09 2.46897e-09 7.0123e-10
-1.45634e-10 -1.65797e-11 1.84071e-11
9.02946e-10 -6.54203e-10 -1.72244e-09
-4.51302e-10 -4.55001e-09 1.48964e-09
2.62239e-09 -3.63977e-09 -2.22862e-10
