# vtk DataFile Version 3.0
LIGGGHTS particles timestep 44400000
ASCII
DATASET POLYDATA
POINTS 885 float
0.205067 0.0195476 0.00702098
0.216521 0.0170395 0.00766639
0.205038 0.0154675 0.00872455
0.217536 0.0167368 0.00784395
0.200482 0.0174546 0.00733191
0.210264 0.0157117 0.00875211
0.218741 0.0166815 0.00780351
0.210792 0.0180723 0.00751751
0.210079 0.0151444 0.00984468
0.222617 0.017454 0.00722284
0.222682 0.0177431 0.00717611
0.222322 0.0163296 0.00816904
0.210117 0.0148469 0.00984395
0.21262 0.0181584 0.00707132
0.222253 0.0161088 0.00835984
0.211353 0.0159212 0.00848861
0.216116 0.015718 0.00881583
0.21777 0.0165844 0.00795307
0.222452 0.0167871 0.00780365
0.222747 0.0180323 0.0071301
0.215863 0.0149829 0.00968051
0.216974 0.0190706 0.00717891
0.211026 0.0192724 0.00707601
0.212328 0.0182259 0.00706016
0.221986 0.0153781 0.00927193
0.204249 0.0160344 0.00830181
0.21682 0.0170343 0.00764924
0.217242 0.0176386 0.00716686
0.218864 0.0180854 0.00716478
0.2048 0.0158714 0.00839608
0.211955 0.0185987 0.00702786
0.223226 0.018998 0.00704209
0.218528 0.0181174 0.00714761
0.216755 0.0168108 0.00783853
0.212242 0.0191048 0.00706022
0.222812 0.0183218 0.00708589
0.222051 0.0155549 0.00903848
0.222116 0.0157318 0.008805
0.218199 0.01757 0.00721263
0.216623 0.0163601 0.00821447
0.218494 0.0175221 0.00723053
0.22306 0.0194938 0.00702728
0.204499 0.0158245 0.00875552
0.204609 0.0166992 0.0077361
0.210955 0.018979 0.00701319
0.217393 0.0174123 0.0072972
0.211547 0.0177772 0.00722287
0.222508 0.0170031 0.00760297
0.209302 0.0147269 0.0122559
0.21794 0.0181351 0.00712295
0.215384 0.0146461 0.0118934
0.218149 0.0167441 0.00779407
0.217691 0.017375 0.00730558
0.222568 0.017228 0.00741378
0.218881 0.0171168 0.00743396
0.217014 0.0182095 0.00722168
0.216688 0.0177713 0.00719851
0.218472 0.0189576 0.00702664
0.217514 0.0184549 0.00706164
0.215621 0.0147631 0.010814
0.216829 0.0183944 0.00707516
0.217443 0.0187648 0.00707504
0.215683 0.0148196 0.0105259
0.216553 0.0161358 0.00840069
0.209457 0.0149179 0.0115915
0.211747 0.0180808 0.00712347
0.216253 0.01614 0.00841407
0.216456 0.0168153 0.00785482
0.217416 0.017874 0.00732412
0.218442 0.0166838 0.007823
0.218525 0.0184237 0.00710415
0.217796 0.01713 0.0075005
0.222878 0.0186132 0.00705783
0.218869 0.0168861 0.00762537
0.20506 0.0181442 0.007105
0.216182 0.0159157 0.00860024
0.21688 0.0172589 0.00745946
0.211758 0.018818 0.00697593
0.215447 0.0146654 0.0116003
0.216889 0.0186849 0.00711996
0.217214 0.016395 0.00814926
0.217235 0.0181018 0.00739465
0.218821 0.0183792 0.0071216
0.212107 0.01803 0.00712728
0.199656 0.0196804 0.00699169
0.21135 0.015545 0.00894163
0.218232 0.0180687 0.00714333
0.210195 0.0153136 0.0096258
0.217505 0.0171931 0.00746921
0.210387 0.015189 0.00943151
0.222185 0.0159082 0.00857242
0.222385 0.0165541 0.00798044
0.215417 0.0149205 0.0117561
0.216691 0.0165852 0.00802785
0.212104 0.0169082 0.00749861
0.222941 0.0189059 0.00703894
0.217541 0.017644 0.00717738
0.216912 0.0179507 0.00711028
0.210683 0.0167136 0.00790246
0.217153 0.0188373 0.00711875
0.211472 0.0162497 0.00808585
0.217231 0.0185535 0.0070605
0.217972 0.0169366 0.00764768
0.206248 0.0183994 0.00740757
0.21658 0.0172646 0.0074774
0.217758 0.0178952 0.00715003
0.211787 0.0173784 0.00733707
0.205758 0.0190118 0.007069
0.218974 0.0173525 0.0072726
0.211016 0.0174675 0.00770755
0.217289 0.0182639 0.00711296
0.211317 0.0170508 0.00750599
0.218783 0.0175841 0.00728267
0.216745 0.0180166 0.00736162
0.21706 0.0167774 0.00784435
0.210441 0.0155139 0.00932108
0.213248 0.0205947 0.00748271
0.217791 0.0183968 0.00716089
0.218015 0.0185712 0.00706408
0.21868 0.0172991 0.0073057
0.217221 0.0172583 0.00754113
0.215745 0.0148808 0.0102388
0.204587 0.0163206 0.00802732
0.216793 0.0183103 0.00739775
0.21583 0.015002 0.00997806
0.199765 0.0157073 0.00859924
0.218302 0.0173094 0.00731925
0.209959 0.0152356 0.00932914
0.211174 0.0187892 0.00692738
0.210936 0.0177095 0.00754956
0.206069 0.0177058 0.00718434
0.217094 0.0174138 0.00731788
0.204137 0.0157775 0.00874157
0.217991 0.0173696 0.00729336
0.206542 0.0158772 0.00845089
0.210396 0.0166219 0.00798443
0.218377 0.0178096 0.00718547
0.205124 0.0184366 0.00708504
0.212041 0.018312 0.00704932
0.217728 0.0186646 0.00704003
0.217271 0.0176502 0.00746519
0.215561 0.014947 0.01116
0.21145 0.0180492 0.00714282
0.210808 0.0183096 0.00733476
0.211055 0.0159517 0.0084723
0.211469 0.0185883 0.00697721
0.21827 0.0169533 0.00761268
0.212305 0.0165366 0.00786684
0.218231 0.0183658 0.00710126
0.210882 0.0164943 0.00781621
0.205246 0.019069 0.00704149
0.223003 0.0191994 0.00703317
0.215928 0.0151927 0.00947625
0.205152 0.0187345 0.00706322
0.211622 0.0191399 0.00701965
0.211699 0.0186138 0.00718769
0.210973 0.0172104 0.00741498
0.210613 0.0174654 0.00759963
0.210211 0.0154022 0.00914285
0.21707 0.019464 0.00723803
0.218063 0.0165256 0.00798072
0.216482 0.0159114 0.00858688
0.199491 0.0201172 0.00707682
0.212108 0.0171871 0.00738815
0.215999 0.0152817 0.00919874
0.204744 0.0179997 0.00710299
0.212046 0.0166303 0.00774842
0.217515 0.018067 0.00711654
0.211817 0.0170904 0.00742425
0.210642 0.0157084 0.00878974
0.210632 0.0175364 0.00730881
0.218185 0.0190523 0.00704669
0.21784 0.0176099 0.00719348
0.204487 0.016941 0.00760749
0.211114 0.0171853 0.00768109
0.215513 0.0146901 0.0113084
0.211215 0.0173781 0.0073558
0.216391 0.0165894 0.00804126
0.211389 0.0193255 0.00705766
0.206669 0.0182712 0.00726408
0.217065 0.0178262 0.00733589
0.200452 0.0183425 0.00698902
0.212372 0.0170227 0.00742691
0.210593 0.0150431 0.00959353
0.21805 0.0178269 0.00717068
0.21077 0.0169781 0.00779073
0.206318 0.0175399 0.00720842
0.210059 0.0147886 0.0101325
0.210684 0.0178097 0.00742078
0.210318 0.0156842 0.00906887
0.21721 0.0179742 0.00711822
0.210465 0.0168914 0.00779822
0.209826 0.0149194 0.00983685
0.210333 0.0163251 0.00797404
0.210883 0.0151456 0.00945179
0.206611 0.017673 0.00725322
0.21195 0.0190419 0.00702785
0.218674 0.0178549 0.00719023
0.199333 0.0159297 0.00820299
0.217952 0.0188636 0.00703825
0.211492 0.0174957 0.00731079
0.205345 0.0194347 0.00701755
0.21747 0.0169646 0.00766046
0.216054 0.0154686 0.00897064
0.210479 0.0168759 0.00749895
0.205403 0.0185449 0.0071081
0.212409 0.017307 0.0073387
0.211773 0.0165232 0.00781405
0.205276 0.0162819 0.00828399
0.217694 0.0177584 0.00740912
0.210073 0.0155594 0.00892665
0.209947 0.0154554 0.00953464
0.206884 0.017811 0.00726176
0.205131 0.0176723 0.00744571
0.209575 0.014749 0.0110515
0.218566 0.0168898 0.0076439
0.210513 0.0166214 0.00765399
0.204355 0.0154227 0.00884096
0.212148 0.0174702 0.00729733
0.209508 0.0147447 0.0113479
0.212408 0.0179488 0.00714235
0.211124 0.0161353 0.00824545
0.205286 0.0152609 0.00928067
0.210893 0.0186894 0.00696502
0.205 0.0156994 0.00853806
0.206904 0.0166437 0.00782569
0.212658 0.0177871 0.00718369
0.203797 0.0151154 0.0100996
0.218094 0.0171466 0.00746557
0.20622 0.0190149 0.00714077
0.21765 0.0189813 0.00709117
0.206631 0.0179736 0.00725634
0.20614 0.0155821 0.00867227
0.205896 0.0169296 0.00788342
0.21105 0.0166342 0.00802187
0.212446 0.018737 0.00701393
0.212036 0.0164096 0.0079513
0.211546 0.0160616 0.00830749
0.217718 0.0181442 0.00732371
0.210855 0.0163091 0.00805057
0.216324 0.0163644 0.00822788
0.200747 0.0167964 0.0077346
0.211759 0.0163023 0.00801659
0.210259 0.0150169 0.00964145
0.218248 0.0187591 0.00704628
0.210528 0.0171407 0.00763105
0.204108 0.0154829 0.00867921
0.210522 0.0160447 0.00835345
0.20688 0.0164114 0.00801408
0.20698 0.0172595 0.00732557
0.210649 0.0152731 0.00931327
0.205125 0.0198408 0.00699499
0.209832 0.0152335 0.00998971
0.210075 0.0147568 0.0104304
0.211198 0.0165117 0.00778767
0.218476 0.0171136 0.00746551
0.211179 0.0179104 0.00748284
0.209645 0.0148829 0.010785
0.216989 0.0165552 0.008033
0.21663 0.0174903 0.00728611
0.211118 0.0184978 0.00701633
0.198931 0.0157297 0.00892806
0.210757 0.0180761 0.00715351
0.20386 0.0151878 0.00981544
0.199226 0.0163785 0.00820914
0.211544 0.0172127 0.00739569
0.211067 0.0168236 0.00778982
0.205622 0.0156301 0.0086155
0.210757 0.0159374 0.00851104
0.210834 0.0184087 0.00705282
0.204706 0.0171178 0.00750388
0.210923 0.0177813 0.00724191
0.204812 0.0183113 0.00708081
0.210594 0.0164289 0.00786913
0.206916 0.0181063 0.00730406
0.205728 0.0159154 0.00839148
0.218969 0.0178072 0.00720812
0.206341 0.0154119 0.00881533
0.205403 0.0172314 0.00738971
0.205525 0.0177689 0.00715493
0.206195 0.0170399 0.00751002
0.206791 0.0170826 0.00747798
0.212529 0.0184415 0.00698767
0.210872 0.0185987 0.00738354
0.210555 0.015502 0.00904364
0.204946 0.0166447 0.00778122
0.211254 0.0175952 0.00755912
0.212191 0.0177537 0.00720913
0.204663 0.015663 0.0085633
0.205824 0.0178769 0.00716002
0.205128 0.0168367 0.00763589
0.210479 0.0158581 0.00858776
0.210814 0.0161232 0.00828234
0.210808 0.0172468 0.00766289
0.198386 0.0165338 0.00781439
0.21127 0.0167267 0.00759117
0.198933 0.0188914 0.00692194
0.216942 0.0176177 0.00715854
0.209761 0.0147949 0.0101043
0.210627 0.0163685 0.00838914
0.215489 0.0149446 0.0114656
0.214181 0.0182147 0.0155177
0.193074 0.0170948 0.00736121
0.210671 0.0165308 0.00814068
0.210928 0.0174944 0.00732955
0.206566 0.0173766 0.0072551
0.204444 0.0151604 0.00981258
0.205641 0.0194828 0.00703108
0.206457 0.0184762 0.00720699
0.206137 0.016809 0.00769237
0.210379 0.0164614 0.00823731
0.211527 0.0171781 0.00769316
0.21126 0.0182018 0.00731846
0.205025 0.0170815 0.00749648
0.193269 0.017935 0.00708701
0.200904 0.0170988 0.00756709
0.197576 0.0147877 0.0110455
0.210866 0.0153985 0.00914856
0.206485 0.019138 0.00720954
0.198992 0.0191831 0.00695785
0.211846 0.0167817 0.00758391
0.212024 0.0161887 0.00815405
0.212304 0.0167568 0.00766312
0.211046 0.0182037 0.00710867
0.199146 0.0173355 0.00733341
0.193047 0.019035 0.0072084
0.210188 0.0158863 0.00852034
0.211171 0.0179422 0.00718461
0.217285 0.0166173 0.00796055
0.204939 0.017579 0.0072353
0.211655 0.0183548 0.0070426
0.204062 0.0156762 0.00909074
0.217171 0.0169884 0.00766214
0.205485 0.0153114 0.00906137
0.211466 0.0188891 0.00696603
0.204591 0.0173585 0.00736669
0.193025 0.0158544 0.00839852
0.192378 0.0165674 0.00813191
0.199325 0.0157475 0.00855985
0.205768 0.0161707 0.00818902
0.210256 0.0161996 0.00849766
0.211824 0.0176629 0.00724885
0.20483 0.0168732 0.00762552
0.211248 0.0176641 0.00726719
0.199533 0.0164003 0.00819881
0.211588 0.0169234 0.00752336
0.21224 0.0185226 0.00697223
0.209704 0.0147967 0.0103989
0.205409 0.0169207 0.00757733
0.210973 0.0155744 0.00893007
0.212157 0.0188193 0.0070061
0.21107 0.0187334 0.00720343
0.199335 0.0181362 0.00704183
0.198789 0.0168035 0.00793711
0.211554 0.0166592 0.00766133
0.206887 0.0184696 0.00731997
0.203923 0.0152607 0.00953145
0.197803 0.0174575 0.0153594
0.193562 0.0194153 0.00696356
0.199956 0.0196919 0.00700162
0.204712 0.0152853 0.00929313
0.204725 0.017616 0.00744248
0.211051 0.0169122 0.00750367
0.206251 0.0172724 0.0073264
0.205872 0.0181734 0.0071392
0.205463 0.0174939 0.0072576
0.198111 0.015716 0.00881721
0.199689 0.01754 0.0074154
0.192965 0.0156304 0.00858868
0.205655 0.0178654 0.00740753
0.20591 0.0166362 0.0078223
0.192765 0.0159635 0.00829841
0.206092 0.0167107 0.00804903
0.206365 0.0178407 0.00721696
0.204949 0.0189538 0.00703706
0.206384 0.0162638 0.00813654
0.204642 0.015432 0.00875348
0.211843 0.0160268 0.00833049
0.211358 0.0183231 0.00706199
0.198656 0.016082 0.00808375
0.198347 0.0164381 0.00810058
0.20971 0.0150571 0.0105477
0.206002 0.0174214 0.00725185
0.2046 0.0152189 0.0095637
0.205407 0.0154055 0.00878723
0.199817 0.0176852 0.00715493
0.194987 0.0169795 0.00750661
0.211483 0.0164426 0.00785634
0.205848 0.0164459 0.00827805
0.211294 0.0157351 0.00871638
0.211689 0.0176028 0.00751026
0.203677 0.01497 0.0106692
0.199525 0.0185195 0.00696934
0.192951 0.0172188 0.00760505
0.199391 0.0161816 0.00805089
0.194106 0.0172922 0.0075878
0.199825 0.0185327 0.00696342
0.204188 0.0157786 0.00844596
0.205014 0.0153358 0.00950097
0.198566 0.0163237 0.00793034
0.205707 0.0154064 0.00879718
0.207151 0.0170631 0.00747477
0.206139 0.0193028 0.0071174
0.20933 0.0149966 0.0121275
0.210996 0.0157648 0.00869944
0.20576 0.0175842 0.00717984
0.193303 0.0157697 0.00847821
0.207027 0.0168534 0.00765028
0.20639 0.0181412 0.00719177
0.198992 0.0157373 0.00863442
0.210675 0.0172521 0.0073942
0.204763 0.0179636 0.00740018
0.211038 0.0164394 0.00824969
0.199367 0.0166362 0.00777176
0.198701 0.0155044 0.00927539
0.198523 0.017162 0.00776662
0.205173 0.0153516 0.00896645
0.20501 0.0192536 0.00703782
0.205463 0.0169379 0.00787192
0.206501 0.0171461 0.00743609
0.205945 0.0171724 0.00741088
0.206423 0.0188012 0.00719576
0.191881 0.0150988 0.00965983
0.206746 0.0157062 0.00858939
0.21076 0.0169811 0.00749054
0.204291 0.0153485 0.00913205
0.20438 0.0165875 0.00814425
0.197643 0.0146824 0.0113257
0.205171 0.0174028 0.0073072
0.194274 0.0186715 0.00698477
0.206445 0.0169149 0.00761881
0.206622 0.0165362 0.00792713
0.205353 0.0182444 0.00711027
0.205277 0.0156144 0.00861574
0.205792 0.0152944 0.00906217
0.198869 0.0165667 0.00810343
0.19938 0.0171189 0.00747653
0.200308 0.0167742 0.00772463
0.206864 0.0175148 0.00721911
0.205589 0.0180614 0.00713511
0.203988 0.015336 0.00924845
0.205317 0.0200682 0.00703159
0.204333 0.0160103 0.00858894
0.209895 0.015052 0.00955744
0.205646 0.0170734 0.00747267
0.211189 0.016321 0.00801899
0.210575 0.0162335 0.00812636
0.199827 0.0169766 0.00758107
0.200133 0.0169788 0.00759211
0.204998 0.0152951 0.00920417
0.200507 0.0186354 0.00693787
0.206729 0.0168385 0.00767891
0.199402 0.0198363 0.00702142
0.20073 0.0191232 0.00698616
0.205441 0.0158137 0.00846246
0.206638 0.01723 0.00768954
0.206002 0.0153714 0.0088356
0.200447 0.0165475 0.00786926
0.199921 0.0160421 0.0081579
0.204187 0.0152118 0.00966558
0.200191 0.0179372 0.00720644
0.209253 0.0150466 0.012421
0.199164 0.0187014 0.00694195
0.19875 0.0180186 0.00710963
0.204501 0.0158866 0.00837076
0.204876 0.0186038 0.0070609
0.204863 0.0164181 0.00795927
0.204385 0.0165349 0.00784896
0.192505 0.0167651 0.00794489
0.206121 0.0180101 0.00717727
0.197487 0.0145917 0.0115654
0.20541 0.019747 0.00699625
0.199288 0.0192296 0.00693778
0.204863 0.0153699 0.00894724
0.205484 0.0160464 0.00827814
0.200122 0.0172767 0.00773406
0.198648 0.0163899 0.00821125
0.21082 0.0167261 0.00763614
0.204049 0.015405 0.00896299
0.198913 0.0175529 0.0072093
0.186836 0.018419 0.00702385
0.200622 0.0176084 0.00754817
0.195216 0.0182142 0.00699983
0.206392 0.0166833 0.00780184
0.205704 0.0173283 0.00732569
0.198246 0.0151403 0.0102774
0.199211 0.0156524 0.00882086
0.199457 0.0173673 0.00732673
0.211235 0.0190798 0.00698065
0.205438 0.0188408 0.00707401
0.205521 0.0191931 0.0070443
0.198497 0.0169574 0.00754878
0.194448 0.0170666 0.00744752
0.19877 0.0158366 0.00845894
0.204679 0.0177129 0.00716223
0.205245 0.0166529 0.00784164
0.205651 0.0167856 0.00769378
0.199953 0.016747 0.00772698
0.205504 0.0165149 0.00790473
0.197239 0.0150678 0.0124892
0.206254 0.0164728 0.00796505
0.206205 0.0158752 0.00844049
0.198878 0.0168008 0.00765042
0.205636 0.0183571 0.00711429
0.197334 0.0146191 0.0121438
0.192789 0.0151932 0.00932771
0.205937 0.0195175 0.00706268
0.204344 0.0152703 0.00941669
0.199674 0.0166589 0.00805956
0.197396 0.0146011 0.011851
0.198622 0.01747 0.00726216
0.205003 0.0178504 0.00712505
0.204306 0.0162348 0.00808582
0.197101 0.0152498 0.0130434
0.20018 0.0184684 0.00697762
0.193855 0.016964 0.00746003
0.197956 0.0149825 0.0106992
0.199109 0.0197686 0.00701676
0.199554 0.0190916 0.00694029
0.206035 0.0163087 0.00808831
0.205031 0.0162222 0.00812167
0.187636 0.0184192 0.00701573
0.205919 0.0185017 0.0071158
0.200237 0.0187627 0.00696411
0.204575 0.0153601 0.00903681
0.19957 0.0158557 0.00842559
0.21244 0.0175921 0.00725047
0.204778 0.015934 0.00868866
0.206604 0.0161077 0.00826898
0.199521 0.0156558 0.00876702
0.21028 0.0161406 0.00820457
0.205778 0.0164237 0.0079873
0.197783 0.0151607 0.0102047
0.200318 0.0161947 0.00808044
0.203608 0.0148981 0.0109523
0.205509 0.0166105 0.00818904
0.199037 0.0181023 0.00704784
0.204308 0.0158124 0.00898612
0.193105 0.0184137 0.00697474
0.199147 0.0155493 0.00909518
0.198553 0.0166473 0.00803635
0.200529 0.0160167 0.00819809
0.19971 0.0172024 0.0077399
0.206563 0.0152815 0.00897047
0.193029 0.0161763 0.00832722
0.205241 0.0163969 0.0079978
0.199738 0.0162411 0.00802846
0.187378 0.0172435 0.00738678
0.199505 0.016884 0.00791283
0.200652 0.0178079 0.00713528
0.191751 0.0148846 0.0102047
0.204828 0.0164369 0.00825659
0.206858 0.0159802 0.00836274
0.198294 0.0161397 0.0080321
0.199611 0.0193853 0.00696316
0.200233 0.0175007 0.00749267
0.205265 0.0171735 0.00765009
0.205711 0.0187164 0.00709072
0.200447 0.0190235 0.00696693
0.199535 0.0169021 0.00761489
0.194225 0.0183756 0.00698917
0.200149 0.0190493 0.00695721
0.186028 0.0154093 0.00908921
0.203738 0.0150426 0.0103846
0.204741 0.0161218 0.00819148
0.205061 0.0159895 0.00830855
0.194999 0.018005 0.00703059
0.198849 0.0172971 0.00735289
0.199445 0.0188045 0.00692057
0.200106 0.0172345 0.00743748
0.192805 0.0167589 0.00796135
0.192584 0.0153486 0.00892171
0.192108 0.0150251 0.00984162
0.206197 0.0186113 0.00714302
0.205289 0.0179519 0.00713025
0.200739 0.0188243 0.00696233
0.193044 0.0181281 0.00704313
0.198811 0.0182966 0.00701458
0.206627 0.0154892 0.00876373
0.191816 0.0149996 0.00993543
0.197166 0.0151457 0.0127699
0.192659 0.0165581 0.00778665
0.198608 0.0151715 0.0101446
0.204373 0.015597 0.00859749
0.194339 0.018969 0.00697614
0.200693 0.0172767 0.00744947
0.198871 0.0185865 0.00696558
0.186954 0.0190014 0.00694133
0.197985 0.0150979 0.0104238
0.19746 0.01489 0.0115817
0.197392 0.0149154 0.0118728
0.205943 0.0157556 0.00852673
0.204831 0.0156658 0.00881219
0.186555 0.0161387 0.00805747
0.198531 0.015899 0.00828594
0.194274 0.01765 0.00715672
0.206425 0.0156593 0.0086207
0.197326 0.0150052 0.0121513
0.200471 0.0180347 0.00705943
0.197707 0.0150251 0.0105102
0.192886 0.0164114 0.00791812
0.198882 0.0159171 0.0081924
0.200312 0.017663 0.00719897
0.199716 0.0203131 0.00711207
0.205231 0.017659 0.0071631
0.199245 0.0184201 0.00700774
0.199026 0.017806 0.00709375
0.198956 0.0163115 0.0079536
0.193389 0.0172579 0.00762262
0.186457 0.0168105 0.0076479
0.206145 0.0183069 0.00714121
0.199621 0.0160033 0.00816951
0.19352 0.0166479 0.00773096
0.194167 0.019394 0.00695475
0.185908 0.0151401 0.00961095
0.199671 0.0171921 0.00744261
0.201049 0.0175273 0.0073248
0.199916 0.0182446 0.00701263
0.199012 0.0173617 0.00760076
0.194365 0.0175499 0.00743152
0.199857 0.0164818 0.0078857
0.193459 0.0164246 0.00792158
0.192875 0.0186067 0.00696863
0.19274 0.0165346 0.00814966
0.200207 0.0181729 0.0070216
0.198558 0.0172137 0.00740545
0.18668 0.016636 0.00774587
0.205887 0.0169341 0.0075836
0.19242 0.0156619 0.00854765
0.198774 0.0165117 0.0078235
0.200504 0.0193209 0.00699326
0.192659 0.0163211 0.00834446
0.196804 0.0157727 0.0143359
0.192755 0.0180328 0.0070663
0.192917 0.0175661 0.00721252
0.198713 0.0173464 0.00762524
0.19912 0.0170885 0.00779988
0.198062 0.0156111 0.00909396
0.198594 0.0167153 0.00769667
0.198786 0.0175974 0.00747817
0.19837 0.0155811 0.00912648
0.200045 0.019976 0.00703649
0.198235 0.0159301 0.00824909
0.199088 0.0167939 0.00800839
0.198821 0.0170693 0.0078006
0.200614 0.0170249 0.00759226
0.19921 0.0175872 0.00718321
0.193582 0.0168827 0.00755469
0.194651 0.0168672 0.00754354
0.192096 0.0156948 0.00889726
0.200251 0.0196382 0.00700894
0.19311 0.0162625 0.00805131
0.199051 0.019476 0.00698637
0.194711 0.0180866 0.00701242
0.193755 0.0170699 0.00772242
0.197641 0.0149064 0.0107777
0.196948 0.0160607 0.0143256
0.194417 0.0181472 0.00701925
0.193272 0.0193054 0.00696167
0.200205 0.0193428 0.00698322
0.199897 0.0174183 0.00759404
0.199198 0.0168442 0.00763677
0.192983 0.0178449 0.00712089
0.199105 0.0160925 0.00809393
0.199952 0.0174521 0.00730013
0.185961 0.0152626 0.00934221
0.199927 0.0179492 0.00706406
0.192721 0.0167819 0.00759662
0.186592 0.0170571 0.00779621
0.193008 0.0168607 0.00753662
0.193554 0.0180233 0.00705347
0.19906 0.0166007 0.00778065
0.192479 0.0158861 0.00835731
0.205507 0.0162806 0.00809202
0.205989 0.0188254 0.00711153
0.204888 0.0173242 0.00738509
0.192434 0.0167097 0.00765871
0.199549 0.0164359 0.00790133
0.199189 0.0180072 0.00728834
0.206694 0.0186936 0.00726771
0.198438 0.0161912 0.00829037
0.193498 0.0154461 0.00878719
0.198686 0.0177258 0.0071191
0.193223 0.0190019 0.00696622
0.199106 0.0158328 0.00837355
0.193899 0.0195291 0.00695272
0.193802 0.0192352 0.00696938
0.198677 0.015722 0.00871988
0.194074 0.0191094 0.00697297
0.19818 0.0158257 0.00852523
0.194237 0.0173034 0.0073183
0.192313 0.0162581 0.00803451
0.199412 0.0171519 0.00777297
0.193141 0.0173767 0.00727367
0.193696 0.0162885 0.00804396
0.200769 0.0184911 0.00695923
0.199744 0.0188188 0.00692257
0.200039 0.0162813 0.008016
0.193561 0.0156559 0.00858227
0.193729 0.018916 0.0069739
0.194011 0.0188161 0.00697908
0.18741 0.0186148 0.00699068
0.198659 0.0156142 0.0089993
0.193276 0.0188419 0.00721456
0.200402 0.0172016 0.00747532
0.191449 0.014664 0.0115952
0.186897 0.0187104 0.00698637
0.192712 0.017489 0.00753491
0.197874 0.0148634 0.0109621
0.200147 0.0165554 0.00785233
0.199616 0.0182378 0.00701753
0.193165 0.0187076 0.0069705
0.186271 0.0160748 0.00812702
0.199746 0.0199626 0.00704
0.206053 0.016075 0.00827556
0.199627 0.017936 0.00707001
0.200746 0.0165381 0.00788716
0.187466 0.018906 0.00694562
0.192496 0.0169415 0.00747869
0.187861 0.0182214 0.00704116
0.193674 0.0186041 0.00697853
0.191668 0.014673 0.010757
0.200582 0.0163208 0.00801377
0.191946 0.015198 0.00938424
0.19256 0.0171961 0.00733338
0.192195 0.0158098 0.00841525
0.199346 0.0195259 0.00696729
0.19931 0.0173915 0.0075872
0.1934 0.0162004 0.008112
0.198786 0.0170456 0.0075036
0.199854 0.0191031 0.00694991
0.198408 0.0156871 0.00884844
0.193921 0.0182268 0.00703104
0.199344 0.0178407 0.00709252
0.193328 0.0182151 0.00699763
0.186521 0.0170663 0.00750497
0.193493 0.0177433 0.0071427
0.200067 0.0177197 0.00737205
0.192817 0.0183127 0.00697781
0.194151 0.017029 0.00744351
0.194113 0.016679 0.00768238
0.200755 0.0175679 0.00728255
0.193296 0.0169291 0.00747559
0.19682 0.0159062 0.0140986
0.193192 0.015406 0.008929
0.186745 0.0168897 0.00759936
0.19753 0.0149587 0.0112982
0.193962 0.0185202 0.00698356
0.194571 0.0176046 0.0072203
0.2011 0.0177838 0.0071775
0.193207 0.0176534 0.00717661
0.191581 0.0145711 0.0110254
0.192398 0.0150499 0.00974999
0.192237 0.0152236 0.00929041
0.193502 0.0191129 0.00696777
0.192073 0.0154023 0.00883464
0.198434 0.016017 0.00854478
0.199357 0.0166749 0.00806909
0.192647 0.0155213 0.00868471
0.194385 0.0165672 0.00774163
0.186329 0.0163032 0.0079416
0.198459 0.0168975 0.00789277
0.193841 0.0179408 0.0070737
0.192935 0.0189006 0.00696444
0.187238 0.0174772 0.00726089
0.186585 0.0173221 0.00736205
0.19991 0.0193961 0.00698107
0.192625 0.0174762 0.0072481
0.199526 0.0176175 0.00717636
0.192921 0.0184525 0.00722176
0.19937 0.0176427 0.00743136
0.198855 0.0178525 0.00733624
0.200716 0.0182004 0.00701072
0.194131 0.0180131 0.00704524
0.199859 0.015806 0.00833206
0.197272 0.0147893 0.0123831
0.192373 0.0164821 0.00784434
0.200928 0.0179908 0.00704527
0.186393 0.0165547 0.00779083
0.187078 0.0172568 0.00738655
0.193659 0.0197092 0.00695977
0.187523 0.0175567 0.00721022
0.191686 0.0147657 0.0104723
0.193011 0.0174985 0.007515
0.192705 0.0157544 0.00850508
0.193818 0.016727 0.00765363
0.186775 0.0181265 0.00705029
0.193639 0.0160642 0.00823477
0.193781 0.0176609 0.00716293
0.191503 0.0145708 0.011315
0.193364 0.0171842 0.00733291
0.192173 0.0151244 0.00956602
0.193056 0.0195134 0.0069555
0.193233 0.0167105 0.00767109
0.192849 0.0152993 0.00905348
0.192576 0.0170124 0.00775913
0.193948 0.0172254 0.00734134
0.19201 0.0152986 0.00910915
0.193187 0.018311 0.0072443
0.187012 0.0192957 0.00694082
0.192786 0.0170116 0.0074017
0.194729 0.0185196 0.00699281
0.193613 0.0183089 0.00698278
0.186713 0.017834 0.00707669
0.193757 0.0165 0.0078401
0.193632 0.0171648 0.00746584
0.192947 0.0166352 0.00772813
0.194021 0.0174901 0.00722007
0.194563 0.0187697 0.00698195
0.194432 0.0192536 0.00695715
0.194357 0.0168038 0.00755942
0.192358 0.0154371 0.00873848
0.192538 0.0161109 0.00816785
0.194813 0.0174389 0.00728191
0.194742 0.0171311 0.00742352
0.192355 0.0163319 0.00832225
0.193728 0.0158476 0.00842246
0.186491 0.015891 0.0082144
0.195024 0.0172495 0.00738114
0.186649 0.0175779 0.0072192
0.199083 0.0170865 0.00750222
0.194054 0.0164519 0.00786926
0.194032 0.0177982 0.007256
0.193119 0.0152414 0.00916915
0.193368 0.0196429 0.00698858
0.185831 0.0149701 0.00984592
0.199664 0.0166739 0.00776009
0.193115 0.0198025 0.00700981
0.186808 0.017145 0.00745535
0.186936 0.0176518 0.00717154
0.19269 0.0177542 0.00715627
0.187292 0.0180319 0.00706869
0.194769 0.0178077 0.00710603
0.192462 0.0151492 0.00947438
0.187353 0.0183238 0.00703572
0.186213 0.0158769 0.00834493
0.1923 0.0153232 0.00901432
0.192994 0.0191948 0.00696012
0.186616 0.0163867 0.00790013
0.192254 0.016034 0.00822487
0.193171 0.0164866 0.00786107
0.187124 0.0185159 0.00701124
0.201036 0.0168702 0.00770944
0.193715 0.0174127 0.00731868
0.193241 0.0155458 0.00866825
0.192907 0.0154061 0.00877925
0.194536 0.0173247 0.00732249
0.193265 0.0159952 0.00828414
0.194927 0.0182944 0.0069992
0.180553 0.0171548 0.00733244
0.186999 0.0179282 0.00707307
0.192851 0.0172875 0.00730344
0.198755 0.0161718 0.00838763
0.199242 0.0164009 0.00791039
0.185766 0.0148232 0.0100992
0.19501 0.0186219 0.00698093
0.195057 0.0177373 0.0071529
0.187181 0.0188069 0.00696619
0.193449 0.0188038 0.00697236
0.192134 0.0155859 0.00860534
0.187056 0.0169942 0.00753221
0.192598 0.0163342 0.00797676
0.193379 0.0199323 0.00706675
0.18706 0.0182211 0.00704661
0.192003 0.0151964 0.0100641
0.18723 0.0177435 0.00712283
0.18724 0.0191019 0.00692333
0.193432 0.0174637 0.00723293
0.18699 0.0167417 0.00768737
0.186387 0.0165912 0.00808855
0.192825 0.0161875 0.00810821
0.187515 0.0178322 0.00709158
0.193039 0.0177772 0.00740765
0.194476 0.01787 0.00711754
0.187799 0.0179265 0.00708687
0.186098 0.0155593 0.00883912
0.19339 0.0185092 0.00697664
0.192188 0.0159018 0.0087007
0.193445 0.0152818 0.00903243
0.192874 0.0169858 0.00777771
0.193991 0.0162408 0.00807292
0.187577 0.018126 0.00706115
0.192525 0.0152529 0.00919982
0.192314 0.0161006 0.00851114
0.186155 0.0157012 0.00858096

VERTICES 885 1770
1 0
1 1
1 2
1 3
1 4
1 5
1 6
1 7
1 8
1 9
1 10
1 11
1 12
1 13
1 14
1 15
1 16
1 17
1 18
1 19
1 20
1 21
1 22
1 23
1 24
1 25
1 26
1 27
1 28
1 29
1 30
1 31
1 32
1 33
1 34
1 35
1 36
1 37
1 38
1 39
1 40
1 41
1 42
1 43
1 44
1 45
1 46
1 47
1 48
1 49
1 50
1 51
1 52
1 53
1 54
1 55
1 56
1 57
1 58
1 59
1 60
1 61
1 62
1 63
1 64
1 65
1 66
1 67
1 68
1 69
1 70
1 71
1 72
1 73
1 74
1 75
1 76
1 77
1 78
1 79
1 80
1 81
1 82
1 83
1 84
1 85
1 86
1 87
1 88
1 89
1 90
1 91
1 92
1 93
1 94
1 95
1 96
1 97
1 98
1 99
1 100
1 101
1 102
1 103
1 104
1 105
1 106
1 107
1 108
1 109
1 110
1 111
1 112
1 113
1 114
1 115
1 116
1 117
1 118
1 119
1 120
1 121
1 122
1 123
1 124
1 125
1 126
1 127
1 128
1 129
1 130
1 131
1 132
1 133
1 134
1 135
1 136
1 137
1 138
1 139
1 140
1 141
1 142
1 143
1 144
1 145
1 146
1 147
1 148
1 149
1 150
1 151
1 152
1 153
1 154
1 155
1 156
1 157
1 158
1 159
1 160
1 161
1 162
1 163
1 164
1 165
1 166
1 167
1 168
1 169
1 170
1 171
1 172
1 173
1 174
1 175
1 176
1 177
1 178
1 179
1 180
1 181
1 182
1 183
1 184
1 185
1 186
1 187
1 188
1 189
1 190
1 191
1 192
1 193
1 194
1 195
1 196
1 197
1 198
1 199
1 200
1 201
1 202
1 203
1 204
1 205
1 206
1 207
1 208
1 209
1 210
1 211
1 212
1 213
1 214
1 215
1 216
1 217
1 218
1 219
1 220
1 221
1 222
1 223
1 224
1 225
1 226
1 227
1 228
1 229
1 230
1 231
1 232
1 233
1 234
1 235
1 236
1 237
1 238
1 239
1 240
1 241
1 242
1 243
1 244
1 245
1 246
1 247
1 248
1 249
1 250
1 251
1 252
1 253
1 254
1 255
1 256
1 257
1 258
1 259
1 260
1 261
1 262
1 263
1 264
1 265
1 266
1 267
1 268
1 269
1 270
1 271
1 272
1 273
1 274
1 275
1 276
1 277
1 278
1 279
1 280
1 281
1 282
1 283
1 284
1 285
1 286
1 287
1 288
1 289
1 290
1 291
1 292
1 293
1 294
1 295
1 296
1 297
1 298
1 299
1 300
1 301
1 302
1 303
1 304
1 305
1 306
1 307
1 308
1 309
1 310
1 311
1 312
1 313
1 314
1 315
1 316
1 317
1 318
1 319
1 320
1 321
1 322
1 323
1 324
1 325
1 326
1 327
1 328
1 329
1 330
1 331
1 332
1 333
1 334
1 335
1 336
1 337
1 338
1 339
1 340
1 341
1 342
1 343
1 344
1 345
1 346
1 347
1 348
1 349
1 350
1 351
1 352
1 353
1 354
1 355
1 356
1 357
1 358
1 359
1 360
1 361
1 362
1 363
1 364
1 365
1 366
1 367
1 368
1 369
1 370
1 371
1 372
1 373
1 374
1 375
1 376
1 377
1 378
1 379
1 380
1 381
1 382
1 383
1 384
1 385
1 386
1 387
1 388
1 389
1 390
1 391
1 392
1 393
1 394
1 395
1 396
1 397
1 398
1 399
1 400
1 401
1 402
1 403
1 404
1 405
1 406
1 407
1 408
1 409
1 410
1 411
1 412
1 413
1 414
1 415
1 416
1 417
1 418
1 419
1 420
1 421
1 422
1 423
1 424
1 425
1 426
1 427
1 428
1 429
1 430
1 431
1 432
1 433
1 434
1 435
1 436
1 437
1 438
1 439
1 440
1 441
1 442
1 443
1 444
1 445
1 446
1 447
1 448
1 449
1 450
1 451
1 452
1 453
1 454
1 455
1 456
1 457
1 458
1 459
1 460
1 461
1 462
1 463
1 464
1 465
1 466
1 467
1 468
1 469
1 470
1 471
1 472
1 473
1 474
1 475
1 476
1 477
1 478
1 479
1 480
1 481
1 482
1 483
1 484
1 485
1 486
1 487
1 488
1 489
1 490
1 491
1 492
1 493
1 494
1 495
1 496
1 497
1 498
1 499
1 500
1 501
1 502
1 503
1 504
1 505
1 506
1 507
1 508
1 509
1 510
1 511
1 512
1 513
1 514
1 515
1 516
1 517
1 518
1 519
1 520
1 521
1 522
1 523
1 524
1 525
1 526
1 527
1 528
1 529
1 530
1 531
1 532
1 533
1 534
1 535
1 536
1 537
1 538
1 539
1 540
1 541
1 542
1 543
1 544
1 545
1 546
1 547
1 548
1 549
1 550
1 551
1 552
1 553
1 554
1 555
1 556
1 557
1 558
1 559
1 560
1 561
1 562
1 563
1 564
1 565
1 566
1 567
1 568
1 569
1 570
1 571
1 572
1 573
1 574
1 575
1 576
1 577
1 578
1 579
1 580
1 581
1 582
1 583
1 584
1 585
1 586
1 587
1 588
1 589
1 590
1 591
1 592
1 593
1 594
1 595
1 596
1 597
1 598
1 599
1 600
1 601
1 602
1 603
1 604
1 605
1 606
1 607
1 608
1 609
1 610
1 611
1 612
1 613
1 614
1 615
1 616
1 617
1 618
1 619
1 620
1 621
1 622
1 623
1 624
1 625
1 626
1 627
1 628
1 629
1 630
1 631
1 632
1 633
1 634
1 635
1 636
1 637
1 638
1 639
1 640
1 641
1 642
1 643
1 644
1 645
1 646
1 647
1 648
1 649
1 650
1 651
1 652
1 653
1 654
1 655
1 656
1 657
1 658
1 659
1 660
1 661
1 662
1 663
1 664
1 665
1 666
1 667
1 668
1 669
1 670
1 671
1 672
1 673
1 674
1 675
1 676
1 677
1 678
1 679
1 680
1 681
1 682
1 683
1 684
1 685
1 686
1 687
1 688
1 689
1 690
1 691
1 692
1 693
1 694
1 695
1 696
1 697
1 698
1 699
1 700
1 701
1 702
1 703
1 704
1 705
1 706
1 707
1 708
1 709
1 710
1 711
1 712
1 713
1 714
1 715
1 716
1 717
1 718
1 719
1 720
1 721
1 722
1 723
1 724
1 725
1 726
1 727
1 728
1 729
1 730
1 731
1 732
1 733
1 734
1 735
1 736
1 737
1 738
1 739
1 740
1 741
1 742
1 743
1 744
1 745
1 746
1 747
1 748
1 749
1 750
1 751
1 752
1 753
1 754
1 755
1 756
1 757
1 758
1 759
1 760
1 761
1 762
1 763
1 764
1 765
1 766
1 767
1 768
1 769
1 770
1 771
1 772
1 773
1 774
1 775
1 776
1 777
1 778
1 779
1 780
1 781
1 782
1 783
1 784
1 785
1 786
1 787
1 788
1 789
1 790
1 791
1 792
1 793
1 794
1 795
1 796
1 797
1 798
1 799
1 800
1 801
1 802
1 803
1 804
1 805
1 806
1 807
1 808
1 809
1 810
1 811
1 812
1 813
1 814
1 815
1 816
1 817
1 818
1 819
1 820
1 821
1 822
1 823
1 824
1 825
1 826
1 827
1 828
1 829
1 830
1 831
1 832
1 833
1 834
1 835
1 836
1 837
1 838
1 839
1 840
1 841
1 842
1 843
1 844
1 845
1 846
1 847
1 848
1 849
1 850
1 851
1 852
1 853
1 854
1 855
1 856
1 857
1 858
1 859
1 860
1 861
1 862
1 863
1 864
1 865
1 866
1 867
1 868
1 869
1 870
1 871
1 872
1 873
1 874
1 875
1 876
1 877
1 878
1 879
1 880
1 881
1 882
1 883
1 884

POINT_DATA 885
SCALARS id int 1
LOOKUP_TABLE default
1
2
3
4
5
6
7
8
9
10
11
12
13
14
15
16
17
18
19
20
21
22
23
24
25
26
27
28
29
30
31
32
33
34
35
36
37
39
40
41
42
43
44
45
46
47
48
49
50
51
52
53
54
56
57
58
59
60
61
62
63
64
65
67
68
69
70
71
72
73
74
75
76
77
78
79
80
81
82
83
84
85
86
87
88
89
90
91
92
93
94
95
96
97
98
99
100
101
102
103
104
105
106
107
108
109
110
111
112
113
114
115
116
117
118
119
120
121
122
123
124
125
126
127
129
130
131
132
133
134
135
136
137
138
139
140
141
142
143
144
145
146
147
148
149
150
151
153
154
155
156
157
158
159
160
161
162
163
164
165
166
167
168
169
170
171
172
173
174
175
176
177
178
179
180
181
182
183
184
185
186
187
188
189
190
191
192
193
194
195
196
197
198
199
200
201
202
203
204
205
206
207
208
209
210
211
212
213
214
215
217
218
219
220
221
222
223
224
225
226
227
228
229
230
231
232
233
234
235
236
237
238
239
240
241
242
243
244
245
246
247
248
249
250
251
252
253
254
255
256
257
258
259
260
261
262
263
264
265
266
267
268
269
270
271
273
274
275
276
277
278
279
280
281
282
283
284
285
286
287
288
289
290
291
292
293
294
295
296
297
298
299
300
301
302
303
304
305
306
307
308
309
310
311
312
313
314
315
316
317
318
319
320
321
322
323
324
325
326
327
328
329
330
331
332
333
334
335
336
337
338
339
340
341
342
343
344
345
346
347
348
349
350
351
352
353
354
355
356
357
358
359
360
361
362
363
364
365
366
367
368
369
370
371
372
373
374
375
376
377
378
379
380
381
382
383
384
385
386
387
388
389
390
391
392
393
394
395
396
397
398
399
400
401
402
403
404
405
406
407
408
409
410
411
412
413
414
415
416
417
418
419
420
421
422
423
424
425
426
427
428
429
430
431
432
433
434
435
436
437
438
439
440
441
442
443
444
445
446
447
448
449
450
451
452
453
454
455
456
457
458
459
460
461
462
463
464
465
466
467
468
469
470
471
472
473
474
475
476
477
478
479
480
481
482
483
484
485
486
487
488
489
490
491
492
493
494
495
496
497
498
499
500
501
502
503
504
505
506
507
508
509
510
511
512
513
514
515
516
517
518
519
520
521
522
523
524
525
526
527
528
529
530
531
532
533
534
535
536
537
538
539
540
541
542
543
544
545
546
547
548
549
550
551
552
553
554
555
556
557
558
559
560
561
562
563
564
565
566
567
568
569
570
571
572
573
574
575
576
577
579
580
581
582
583
584
585
586
587
588
589
590
591
592
593
594
595
596
597
598
599
600
601
602
603
605
606
607
608
609
610
611
612
613
614
615
616
617
618
619
620
621
622
623
624
625
626
627
628
629
630
631
632
633
634
635
636
637
638
640
641
642
643
644
645
646
647
648
649
650
651
652
653
654
655
656
659
660
661
662
663
664
665
666
667
668
669
670
671
672
673
674
675
676
677
678
679
680
681
682
683
684
685
686
687
688
690
691
692
693
694
695
696
697
698
699
700
701
702
703
704
705
706
707
708
709
710
711
712
713
714
715
716
717
718
719
720
721
722
723
724
725
726
727
728
729
730
731
732
733
734
735
736
737
738
739
740
741
742
743
744
745
746
747
748
749
750
751
752
753
754
755
756
757
758
759
760
761
762
764
765
766
767
768
769
770
771
772
773
774
775
776
777
778
779
780
781
782
783
784
785
786
787
788
789
791
792
793
794
795
796
797
798
799
800
801
802
803
804
805
806
807
808
809
810
811
812
813
814
815
816
817
818
819
820
821
822
823
824
825
826
827
828
829
830
831
832
833
834
835
836
837
838
839
840
841
842
843
844
845
846
847
848
849
850
851
852
853
854
855
856
857
858
859
860
861
862
863
864
865
866
867
868
869
870
871
872
873
874
875
876
877
878
879
880
881
882
883
884
885
886
887
888
889
890
891
892
893
894
895
896
897
898
899
900

SCALARS type int 1
LOOKUP_TABLE default
1
1
1
1
1
1
1
1
1
1
1
1
1
1
1
1
1
1
1
1
1
1
1
1
1
1
1
1
1
1
1
1
1
1
1
1
1
1
1
1
1
1
1
1
1
1
1
1
1
1
1
1
1
1
1
1
1
1
1
1
1
1
1
1
1
1
1
1
1
1
1
1
1
1
1
1
1
1
1
1
1
1
1
1
1
1
1
1
1
1
1
1
1
1
1
1
1
1
1
1
1
1
1
1
1
1
1
1
1
1
1
1
1
1
1
1
1
1
1
1
1
1
1
1
1
1
1
1
1
1
1
1
1
1
1
1
1
1
1
1
1
1
1
1
1
1
1
1
1
1
1
1
1
1
1
1
1
1
1
1
1
1
1
1
1
1
1
1
1
1
1
1
1
1
1
1
1
1
1
1
1
1
1
1
1
1
1
1
1
1
1
1
1
1
1
1
1
1
1
1
1
1
1
1
1
1
1
1
1
1
1
1
1
1
1
1
1
1
1
1
1
1
1
1
1
1
1
1
1
1
1
1
1
1
1
1
1
1
1
1
1
1
1
1
1
1
1
1
1
1
1
1
1
1
1
1
1
1
1
1
1
1
1
1
1
1
1
1
1
1
1
1
1
1
1
1
1
1
1
1
1
1
1
1
1
1
1
1
1
1
1
1
1
1
1
1
1
1
1
1
1
1
1
1
1
1
1
1
1
1
1
1
1
1
1
1
1
1
1
1
1
1
1
1
1
1
1
1
1
1
1
1
1
1
1
1
1
1
1
1
1
1
1
1
1
1
1
1
1
1
1
1
1
1
1
1
1
1
1
1
1
1
1
1
1
1
1
1
1
1
1
1
1
1
1
1
1
1
1
1
1
1
1
1
1
1
1
1
1
1
1
1
1
1
1
1
1
1
1
1
1
1
1
1
1
1
1
1
1
1
1
1
1
1
1
1
1
1
1
1
1
1
1
1
1
1
1
1
1
1
1
1
1
1
1
1
1
1
1
1
1
1
1
1
1
1
1
1
1
1
1
1
1
1
1
1
1
1
1
1
1
1
1
1
1
1
1
1
1
1
1
1
1
1
1
1
1
1
1
1
1
1
1
1
1
1
1
1
1
1
1
1
1
1
1
1
1
1
1
1
1
1
1
1
1
1
1
1
1
1
1
1
1
1
1
1
1
1
1
1
1
1
1
1
1
1
1
1
1
1
1
1
1
1
1
1
1
1
1
1
1
1
1
1
1
1
1
1
1
1
1
1
1
1
1
1
1
1
1
1
1
1
1
1
1
1
1
1
1
1
1
1
1
1
1
1
1
1
1
1
1
1
1
1
1
1
1
1
1
1
1
1
1
1
1
1
1
1
1
1
1
1
1
1
1
1
1
1
1
1
1
1
1
1
1
1
1
1
1
1
1
1
1
1
1
1
1
1
1
1
1
1
1
1
1
1
1
1
1
1
1
1
1
1
1
1
1
1
1
1
1
1
1
1
1
1
1
1
1
1
1
1
1
1
1
1
1
1
1
1
1
1
1
1
1
1
1
1
1
1
1
1
1
1
1
1
1
1
1
1
1
1
1
1
1
1
1
1
1
1
1
1
1
1
1
1
1
1
1
1
1
1
1
1
1
1
1
1
1
1
1
1
1
1
1
1
1
1
1
1
1
1
1
1
1
1
1
1
1
1
1
1
1
1
1
1
1
1
1
1
1
1
1
1
1
1
1
1
1
1
1
1
1
1
1
1
1
1
1
1
1
1
1
1
1
1
1
1
1
1
1
1
1
1
1
1
1
1
1
1
1
1
1
1
1
1
1
1
1
1
1
1
1
1
1
1
1
1
1
1
1
1
1
1
1
1
1
1
1
1
1
1
1
1
1
1
1
1
1
1
1
1
1
1
1
1
1
1
1
1
1
1
1
1
1
1
1
1
1
1
1
1
1
1
1
1
1
1
1
1
1
1
1
1
1
1
1
1
1
1
1
1
1
1
1
1
1
1
1
1
1
1
1
1
1

SCALARS radius float 1
LOOKUP_TABLE default
0.00015
0.00015
0.00015
0.00015
0.00015
0.00015
0.00015
0.00015
0.00015
0.00015
0.00015
0.00015
0.00015
0.00015
0.00015
0.00015
0.00015
0.00015
0.00015
0.00015
0.00015
0.00015
0.00015
0.00015
0.00015
0.00015
0.00015
0.00015
0.00015
0.00015
0.00015
0.00015
0.00015
0.00015
0.00015
0.00015
0.00015
0.00015
0.00015
0.00015
0.00015
0.00015
0.00015
0.00015
0.00015
0.00015
0.00015
0.00015
0.00015
0.00015
0.00015
0.00015
0.00015
0.00015
0.00015
0.00015
0.00015
0.00015
0.00015
0.00015
0.00015
0.00015
0.00015
0.00015
0.00015
0.00015
0.00015
0.00015
0.00015
0.00015
0.00015
0.00015
0.00015
0.00015
0.00015
0.00015
0.00015
0.00015
0.00015
0.00015
0.00015
0.00015
0.00015
0.00015
0.00015
0.00015
0.00015
0.00015
0.00015
0.00015
0.00015
0.00015
0.00015
0.00015
0.00015
0.00015
0.00015
0.00015
0.00015
0.00015
0.00015
0.00015
0.00015
0.00015
0.00015
0.00015
0.00015
0.00015
0.00015
0.00015
0.00015
0.00015
0.00015
0.00015
0.00015
0.00015
0.00015
0.00015
0.00015
0.00015
0.00015
0.00015
0.00015
0.00015
0.00015
0.00015
0.00015
0.00015
0.00015
0.00015
0.00015
0.00015
0.00015
0.00015
0.00015
0.00015
0.00015
0.00015
0.00015
0.00015
0.00015
0.00015
0.00015
0.00015
0.00015
0.00015
0.00015
0.00015
0.00015
0.00015
0.00015
0.00015
0.00015
0.00015
0.00015
0.00015
0.00015
0.00015
0.00015
0.00015
0.00015
0.00015
0.00015
0.00015
0.00015
0.00015
0.00015
0.00015
0.00015
0.00015
0.00015
0.00015
0.00015
0.00015
0.00015
0.00015
0.00015
0.00015
0.00015
0.00015
0.00015
0.00015
0.00015
0.00015
0.00015
0.00015
0.00015
0.00015
0.00015
0.00015
0.00015
0.00015
0.00015
0.00015
0.00015
0.00015
0.00015
0.00015
0.00015
0.00015
0.00015
0.00015
0.00015
0.00015
0.00015
0.00015
0.00015
0.00015
0.00015
0.00015
0.00015
0.00015
0.00015
0.00015
0.00015
0.00015
0.00015
0.00015
0.00015
0.00015
0.00015
0.00015
0.00015
0.00015
0.00015
0.00015
0.00015
0.00015
0.00015
0.00015
0.00015
0.00015
0.00015
0.00015
0.00015
0.00015
0.00015
0.00015
0.00015
0.00015
0.00015
0.00015
0.00015
0.00015
0.00015
0.00015
0.00015
0.00015
0.00015
0.00015
0.00015
0.00015
0.00015
0.00015
0.00015
0.00015
0.00015
0.00015
0.00015
0.00015
0.00015
0.00015
0.00015
0.00015
0.00015
0.00015
0.00015
0.00015
0.00015
0.00015
0.00015
0.00015
0.00015
0.00015
0.00015
0.00015
0.00015
0.00015
0.00015
0.00015
0.00015
0.00015
0.00015
0.00015
0.00015
0.00015
0.00015
0.00015
0.00015
0.00015
0.00015
0.00015
0.00015
0.00015
0.00015
0.00015
0.00015
0.00015
0.00015
0.00015
0.00015
0.00015
0.00015
0.00015
0.00015
0.00015
0.00015
0.00015
0.00015
0.00015
0.00015
0.00015
0.00015
0.00015
0.00015
0.00015
0.00015
0.00015
0.00015
0.00015
0.00015
0.00015
0.00015
0.00015
0.00015
0.00015
0.00015
0.00015
0.00015
0.00015
0.00015
0.00015
0.00015
0.00015
0.00015
0.00015
0.00015
0.00015
0.00015
0.00015
0.00015
0.00015
0.00015
0.00015
0.00015
0.00015
0.00015
0.00015
0.00015
0.00015
0.00015
0.00015
0.00015
0.00015
0.00015
0.00015
0.00015
0.00015
0.00015
0.00015
0.00015
0.00015
0.00015
0.00015
0.00015
0.00015
0.00015
0.00015
0.00015
0.00015
0.00015
0.00015
0.00015
0.00015
0.00015
0.00015
0.00015
0.00015
0.00015
0.00015
0.00015
0.00015
0.00015
0.00015
0.00015
0.00015
0.00015
0.00015
0.00015
0.00015
0.00015
0.00015
0.00015
0.00015
0.00015
0.00015
0.00015
0.00015
0.00015
0.00015
0.00015
0.00015
0.00015
0.00015
0.00015
0.00015
0.00015
0.00015
0.00015
0.00015
0.00015
0.00015
0.00015
0.00015
0.00015
0.00015
0.00015
0.00015
0.00015
0.00015
0.00015
0.00015
0.00015
0.00015
0.00015
0.00015
0.00015
0.00015
0.00015
0.00015
0.00015
0.00015
0.00015
0.00015
0.00015
0.00015
0.00015
0.00015
0.00015
0.00015
0.00015
0.00015
0.00015
0.00015
0.00015
0.00015
0.00015
0.00015
0.00015
0.00015
0.00015
0.00015
0.00015
0.00015
0.00015
0.00015
0.00015
0.00015
0.00015
0.00015
0.00015
0.00015
0.00015
0.00015
0.00015
0.00015
0.00015
0.00015
0.00015
0.00015
0.00015
0.00015
0.00015
0.00015
0.00015
0.00015
0.00015
0.00015
0.00015
0.00015
0.00015
0.00015
0.00015
0.00015
0.00015
0.00015
0.00015
0.00015
0.00015
0.00015
0.00015
0.00015
0.00015
0.00015
0.00015
0.00015
0.00015
0.00015
0.00015
0.00015
0.00015
0.00015
0.00015
0.00015
0.00015
0.00015
0.00015
0.00015
0.00015
0.00015
0.00015
0.00015
0.00015
0.00015
0.00015
0.00015
0.00015
0.00015
0.00015
0.00015
0.00015
0.00015
0.00015
0.00015
0.00015
0.00015
0.00015
0.00015
0.00015
0.00015
0.00015
0.00015
0.00015
0.00015
0.00015
0.00015
0.00015
0.00015
0.00015
0.00015
0.00015
0.00015
0.00015
0.00015
0.00015
0.00015
0.00015
0.00015
0.00015
0.00015
0.00015
0.00015
0.00015
0.00015
0.00015
0.00015
0.00015
0.00015
0.00015
0.00015
0.00015
0.00015
0.00015
0.00015
0.00015
0.00015
0.00015
0.00015
0.00015
0.00015
0.00015
0.00015
0.00015
0.00015
0.00015
0.00015
0.00015
0.00015
0.00015
0.00015
0.00015
0.00015
0.00015
0.00015
0.00015
0.00015
0.00015
0.00015
0.00015
0.00015
0.00015
0.00015
0.00015
0.00015
0.00015
0.00015
0.00015
0.00015
0.00015
0.00015
0.00015
0.00015
0.00015
0.00015
0.00015
0.00015
0.00015
0.00015
0.00015
0.00015
0.00015
0.00015
0.00015
0.00015
0.00015
0.00015
0.00015
0.00015
0.00015
0.00015
0.00015
0.00015
0.00015
0.00015
0.00015
0.00015
0.00015
0.00015
0.00015
0.00015
0.00015
0.00015
0.00015
0.00015
0.00015
0.00015
0.00015
0.00015
0.00015
0.00015
0.00015
0.00015
0.00015
0.00015
0.00015
0.00015
0.00015
0.00015
0.00015
0.00015
0.00015
0.00015
0.00015
0.00015
0.00015
0.00015
0.00015
0.00015
0.00015
0.00015
0.00015
0.00015
0.00015
0.00015
0.00015
0.00015
0.00015
0.00015
0.00015
0.00015
0.00015
0.00015
0.00015
0.00015
0.00015
0.00015
0.00015
0.00015
0.00015
0.00015
0.00015
0.00015
0.00015
0.00015
0.00015
0.00015
0.00015
0.00015
0.00015
0.00015
0.00015
0.00015
0.00015
0.00015
0.00015
0.00015
0.00015
0.00015
0.00015
0.00015
0.00015
0.00015
0.00015
0.00015
0.00015
0.00015
0.00015
0.00015
0.00015
0.00015
0.00015
0.00015
0.00015
0.00015
0.00015
0.00015
0.00015
0.00015
0.00015
0.00015
0.00015
0.00015
0.00015
0.00015
0.00015
0.00015
0.00015
0.00015
0.00015
0.00015
0.00015
0.00015
0.00015
0.00015
0.00015
0.00015
0.00015
0.00015
0.00015
0.00015
0.00015
0.00015
0.00015
0.00015
0.00015
0.00015
0.00015
0.00015
0.00015
0.00015
0.00015
0.00015
0.00015
0.00015
0.00015
0.00015
0.00015
0.00015
0.00015
0.00015
0.00015
0.00015
0.00015
0.00015
0.00015
0.00015
0.00015
0.00015
0.00015
0.00015
0.00015
0.00015
0.00015
0.00015
0.00015
0.00015
0.00015
0.00015
0.00015
0.00015
0.00015
0.00015
0.00015
0.00015
0.00015
0.00015
0.00015
0.00015
0.00015
0.00015
0.00015
0.00015
0.00015
0.00015
0.00015
0.00015
0.00015
0.00015
0.00015
0.00015
0.00015
0.00015
0.00015
0.00015
0.00015
0.00015
0.00015
0.00015
0.00015
0.00015
0.00015
0.00015
0.00015
0.00015
0.00015
0.00015
0.00015
0.00015
0.00015
0.00015
0.00015
0.00015
0.00015
0.00015
0.00015
0.00015
0.00015
0.00015
0.00015
0.00015
0.00015
0.00015
0.00015
0.00015
0.00015
0.00015
0.00015
0.00015
0.00015
0.00015
0.00015
0.00015
0.00015
0.00015
0.00015
0.00015
0.00015
0.00015
0.00015
0.00015
0.00015
0.00015
0.00015
0.00015
0.00015
0.00015
0.00015
0.00015
0.00015
0.00015
0.00015
0.00015
0.00015
0.00015
0.00015
0.00015
0.00015
0.00015
0.00015
0.00015
0.00015
0.00015
0.00015
0.00015
0.00015
0.00015
0.00015
0.00015
0.00015
0.00015
0.00015
0.00015
0.00015
0.00015
0.00015

SCALARS mass float 1
LOOKUP_TABLE default
3.95841e-09
3.95841e-09
3.95841e-09
3.95841e-09
3.95841e-09
3.95841e-09
3.95841e-09
3.95841e-09
3.95841e-09
3.95841e-09
3.95841e-09
3.95841e-09
3.95841e-09
3.95841e-09
3.95841e-09
3.95841e-09
3.95841e-09
3.95841e-09
3.95841e-09
3.95841e-09
3.95841e-09
3.95841e-09
3.95841e-09
3.95841e-09
3.95841e-09
3.95841e-09
3.95841e-09
3.95841e-09
3.95841e-09
3.95841e-09
3.95841e-09
3.95841e-09
3.95841e-09
3.95841e-09
3.95841e-09
3.95841e-09
3.95841e-09
3.95841e-09
3.95841e-09
3.95841e-09
3.95841e-09
3.95841e-09
3.95841e-09
3.95841e-09
3.95841e-09
3.95841e-09
3.95841e-09
3.95841e-09
3.95841e-09
3.95841e-09
3.95841e-09
3.95841e-09
3.95841e-09
3.95841e-09
3.95841e-09
3.95841e-09
3.95841e-09
3.95841e-09
3.95841e-09
3.95841e-09
3.95841e-09
3.95841e-09
3.95841e-09
3.95841e-09
3.95841e-09
3.95841e-09
3.95841e-09
3.95841e-09
3.95841e-09
3.95841e-09
3.95841e-09
3.95841e-09
3.95841e-09
3.95841e-09
3.95841e-09
3.95841e-09
3.95841e-09
3.95841e-09
3.95841e-09
3.95841e-09
3.95841e-09
3.95841e-09
3.95841e-09
3.95841e-09
3.95841e-09
3.95841e-09
3.95841e-09
3.95841e-09
3.95841e-09
3.95841e-09
3.95841e-09
3.95841e-09
3.95841e-09
3.95841e-09
3.95841e-09
3.95841e-09
3.95841e-09
3.95841e-09
3.95841e-09
3.95841e-09
3.95841e-09
3.95841e-09
3.95841e-09
3.95841e-09
3.95841e-09
3.95841e-09
3.95841e-09
3.95841e-09
3.95841e-09
3.95841e-09
3.95841e-09
3.95841e-09
3.95841e-09
3.95841e-09
3.95841e-09
3.95841e-09
3.95841e-09
3.95841e-09
3.95841e-09
3.95841e-09
3.95841e-09
3.95841e-09
3.95841e-09
3.95841e-09
3.95841e-09
3.95841e-09
3.95841e-09
3.95841e-09
3.95841e-09
3.95841e-09
3.95841e-09
3.95841e-09
3.95841e-09
3.95841e-09
3.95841e-09
3.95841e-09
3.95841e-09
3.95841e-09
3.95841e-09
3.95841e-09
3.95841e-09
3.95841e-09
3.95841e-09
3.95841e-09
3.95841e-09
3.95841e-09
3.95841e-09
3.95841e-09
3.95841e-09
3.95841e-09
3.95841e-09
3.95841e-09
3.95841e-09
3.95841e-09
3.95841e-09
3.95841e-09
3.95841e-09
3.95841e-09
3.95841e-09
3.95841e-09
3.95841e-09
3.95841e-09
3.95841e-09
3.95841e-09
3.95841e-09
3.95841e-09
3.95841e-09
3.95841e-09
3.95841e-09
3.95841e-09
3.95841e-09
3.95841e-09
3.95841e-09
3.95841e-09
3.95841e-09
3.95841e-09
3.95841e-09
3.95841e-09
3.95841e-09
3.95841e-09
3.95841e-09
3.95841e-09
3.95841e-09
3.95841e-09
3.95841e-09
3.95841e-09
3.95841e-09
3.95841e-09
3.95841e-09
3.95841e-09
3.95841e-09
3.95841e-09
3.95841e-09
3.95841e-09
3.95841e-09
3.95841e-09
3.95841e-09
3.95841e-09
3.95841e-09
3.95841e-09
3.95841e-09
3.95841e-09
3.95841e-09
3.95841e-09
3.95841e-09
3.95841e-09
3.95841e-09
3.95841e-09
3.95841e-09
3.95841e-09
3.95841e-09
3.95841e-09
3.95841e-09
3.95841e-09
3.95841e-09
3.95841e-09
3.95841e-09
3.95841e-09
3.95841e-09
3.95841e-09
3.95841e-09
3.95841e-09
3.95841e-09
3.95841e-09
3.95841e-09
3.95841e-09
3.95841e-09
3.95841e-09
3.95841e-09
3.95841e-09
3.95841e-09
3.95841e-09
3.95841e-09
3.95841e-09
3.95841e-09
3.95841e-09
3.95841e-09
3.95841e-09
3.95841e-09
3.95841e-09
3.95841e-09
3.95841e-09
3.95841e-09
3.95841e-09
3.95841e-09
3.95841e-09
3.95841e-09
3.95841e-09
3.95841e-09
3.95841e-09
3.95841e-09
3.95841e-09
3.95841e-09
3.95841e-09
3.95841e-09
3.95841e-09
3.95841e-09
3.95841e-09
3.95841e-09
3.95841e-09
3.95841e-09
3.95841e-09
3.95841e-09
3.95841e-09
3.95841e-09
3.95841e-09
3.95841e-09
3.95841e-09
3.95841e-09
3.95841e-09
3.95841e-09
3.95841e-09
3.95841e-09
3.95841e-09
3.95841e-09
3.95841e-09
3.95841e-09
3.95841e-09
3.95841e-09
3.95841e-09
3.95841e-09
3.95841e-09
3.95841e-09
3.95841e-09
3.95841e-09
3.95841e-09
3.95841e-09
3.95841e-09
3.95841e-09
3.95841e-09
3.95841e-09
3.95841e-09
3.95841e-09
3.95841e-09
3.95841e-09
3.95841e-09
3.95841e-09
3.95841e-09
3.95841e-09
3.95841e-09
3.95841e-09
3.95841e-09
3.95841e-09
3.95841e-09
3.95841e-09
3.95841e-09
3.95841e-09
3.95841e-09
3.95841e-09
3.95841e-09
3.95841e-09
3.95841e-09
3.95841e-09
3.95841e-09
3.95841e-09
3.95841e-09
3.95841e-09
3.95841e-09
3.95841e-09
3.95841e-09
3.95841e-09
3.95841e-09
3.95841e-09
3.95841e-09
3.95841e-09
3.95841e-09
3.95841e-09
3.95841e-09
3.95841e-09
3.95841e-09
3.95841e-09
3.95841e-09
3.95841e-09
3.95841e-09
3.95841e-09
3.95841e-09
3.95841e-09
3.95841e-09
3.95841e-09
3.95841e-09
3.95841e-09
3.95841e-09
3.95841e-09
3.95841e-09
3.95841e-09
3.95841e-09
3.95841e-09
3.95841e-09
3.95841e-09
3.95841e-09
3.95841e-09
3.95841e-09
3.95841e-09
3.95841e-09
3.95841e-09
3.95841e-09
3.95841e-09
3.95841e-09
3.95841e-09
3.95841e-09
3.95841e-09
3.95841e-09
3.95841e-09
3.95841e-09
3.95841e-09
3.95841e-09
3.95841e-09
3.95841e-09
3.95841e-09
3.95841e-09
3.95841e-09
3.95841e-09
3.95841e-09
3.95841e-09
3.95841e-09
3.95841e-09
3.95841e-09
3.95841e-09
3.95841e-09
3.95841e-09
3.95841e-09
3.95841e-09
3.95841e-09
3.95841e-09
3.95841e-09
3.95841e-09
3.95841e-09
3.95841e-09
3.95841e-09
3.95841e-09
3.95841e-09
3.95841e-09
3.95841e-09
3.95841e-09
3.95841e-09
3.95841e-09
3.95841e-09
3.95841e-09
3.95841e-09
3.95841e-09
3.95841e-09
3.95841e-09
3.95841e-09
3.95841e-09
3.95841e-09
3.95841e-09
3.95841e-09
3.95841e-09
3.95841e-09
3.95841e-09
3.95841e-09
3.95841e-09
3.95841e-09
3.95841e-09
3.95841e-09
3.95841e-09
3.95841e-09
3.95841e-09
3.95841e-09
3.95841e-09
3.95841e-09
3.95841e-09
3.95841e-09
3.95841e-09
3.95841e-09
3.95841e-09
3.95841e-09
3.95841e-09
3.95841e-09
3.95841e-09
3.95841e-09
3.95841e-09
3.95841e-09
3.95841e-09
3.95841e-09
3.95841e-09
3.95841e-09
3.95841e-09
3.95841e-09
3.95841e-09
3.95841e-09
3.95841e-09
3.95841e-09
3.95841e-09
3.95841e-09
3.95841e-09
3.95841e-09
3.95841e-09
3.95841e-09
3.95841e-09
3.95841e-09
3.95841e-09
3.95841e-09
3.95841e-09
3.95841e-09
3.95841e-09
3.95841e-09
3.95841e-09
3.95841e-09
3.95841e-09
3.95841e-09
3.95841e-09
3.95841e-09
3.95841e-09
3.95841e-09
3.95841e-09
3.95841e-09
3.95841e-09
3.95841e-09
3.95841e-09
3.95841e-09
3.95841e-09
3.95841e-09
3.95841e-09
3.95841e-09
3.95841e-09
3.95841e-09
3.95841e-09
3.95841e-09
3.95841e-09
3.95841e-09
3.95841e-09
3.95841e-09
3.95841e-09
3.95841e-09
3.95841e-09
3.95841e-09
3.95841e-09
3.95841e-09
3.95841e-09
3.95841e-09
3.95841e-09
3.95841e-09
3.95841e-09
3.95841e-09
3.95841e-09
3.95841e-09
3.95841e-09
3.95841e-09
3.95841e-09
3.95841e-09
3.95841e-09
3.95841e-09
3.95841e-09
3.95841e-09
3.95841e-09
3.95841e-09
3.95841e-09
3.95841e-09
3.95841e-09
3.95841e-09
3.95841e-09
3.95841e-09
3.95841e-09
3.95841e-09
3.95841e-09
3.95841e-09
3.95841e-09
3.95841e-09
3.95841e-09
3.95841e-09
3.95841e-09
3.95841e-09
3.95841e-09
3.95841e-09
3.95841e-09
3.95841e-09
3.95841e-09
3.95841e-09
3.95841e-09
3.95841e-09
3.95841e-09
3.95841e-09
3.95841e-09
3.95841e-09
3.95841e-09
3.95841e-09
3.95841e-09
3.95841e-09
3.95841e-09
3.95841e-09
3.95841e-09
3.95841e-09
3.95841e-09
3.95841e-09
3.95841e-09
3.95841e-09
3.95841e-09
3.95841e-09
3.95841e-09
3.95841e-09
3.95841e-09
3.95841e-09
3.95841e-09
3.95841e-09
3.95841e-09
3.95841e-09
3.95841e-09
3.95841e-09
3.95841e-09
3.95841e-09
3.95841e-09
3.95841e-09
3.95841e-09
3.95841e-09
3.95841e-09
3.95841e-09
3.95841e-09
3.95841e-09
3.95841e-09
3.95841e-09
3.95841e-09
3.95841e-09
3.95841e-09
3.95841e-09
3.95841e-09
3.95841e-09
3.95841e-09
3.95841e-09
3.95841e-09
3.95841e-09
3.95841e-09
3.95841e-09
3.95841e-09
3.95841e-09
3.95841e-09
3.95841e-09
3.95841e-09
3.95841e-09
3.95841e-09
3.95841e-09
3.95841e-09
3.95841e-09
3.95841e-09
3.95841e-09
3.95841e-09
3.95841e-09
3.95841e-09
3.95841e-09
3.95841e-09
3.95841e-09
3.95841e-09
3.95841e-09
3.95841e-09
3.95841e-09
3.95841e-09
3.95841e-09
3.95841e-09
3.95841e-09
3.95841e-09
3.95841e-09
3.95841e-09
3.95841e-09
3.95841e-09
3.95841e-09
3.95841e-09
3.95841e-09
3.95841e-09
3.95841e-09
3.95841e-09
3.95841e-09
3.95841e-09
3.95841e-09
3.95841e-09
3.95841e-09
3.95841e-09
3.95841e-09
3.95841e-09
3.95841e-09
3.95841e-09
3.95841e-09
3.95841e-09
3.95841e-09
3.95841e-09
3.95841e-09
3.95841e-09
3.95841e-09
3.95841e-09
3.95841e-09
3.95841e-09
3.95841e-09
3.95841e-09
3.95841e-09
3.95841e-09
3.95841e-09
3.95841e-09
3.95841e-09
3.95841e-09
3.95841e-09
3.95841e-09
3.95841e-09
3.95841e-09
3.95841e-09
3.95841e-09
3.95841e-09
3.95841e-09
3.95841e-09
3.95841e-09
3.95841e-09
3.95841e-09
3.95841e-09
3.95841e-09
3.95841e-09
3.95841e-09
3.95841e-09
3.95841e-09
3.95841e-09
3.95841e-09
3.95841e-09
3.95841e-09
3.95841e-09
3.95841e-09
3.95841e-09
3.95841e-09
3.95841e-09
3.95841e-09
3.95841e-09
3.95841e-09
3.95841e-09
3.95841e-09
3.95841e-09
3.95841e-09
3.95841e-09
3.95841e-09
3.95841e-09
3.95841e-09
3.95841e-09
3.95841e-09
3.95841e-09
3.95841e-09
3.95841e-09
3.95841e-09
3.95841e-09
3.95841e-09
3.95841e-09
3.95841e-09
3.95841e-09
3.95841e-09
3.95841e-09
3.95841e-09
3.95841e-09
3.95841e-09
3.95841e-09
3.95841e-09
3.95841e-09
3.95841e-09
3.95841e-09
3.95841e-09
3.95841e-09
3.95841e-09
3.95841e-09
3.95841e-09
3.95841e-09
3.95841e-09
3.95841e-09
3.95841e-09
3.95841e-09
3.95841e-09
3.95841e-09
3.95841e-09
3.95841e-09
3.95841e-09
3.95841e-09
3.95841e-09
3.95841e-09
3.95841e-09
3.95841e-09
3.95841e-09
3.95841e-09
3.95841e-09
3.95841e-09
3.95841e-09
3.95841e-09
3.95841e-09
3.95841e-09
3.95841e-09
3.95841e-09
3.95841e-09
3.95841e-09
3.95841e-09
3.95841e-09
3.95841e-09
3.95841e-09
3.95841e-09
3.95841e-09
3.95841e-09
3.95841e-09
3.95841e-09
3.95841e-09
3.95841e-09
3.95841e-09
3.95841e-09
3.95841e-09
3.95841e-09
3.95841e-09
3.95841e-09
3.95841e-09
3.95841e-09
3.95841e-09
3.95841e-09
3.95841e-09
3.95841e-09
3.95841e-09
3.95841e-09
3.95841e-09
3.95841e-09
3.95841e-09
3.95841e-09
3.95841e-09
3.95841e-09
3.95841e-09
3.95841e-09
3.95841e-09
3.95841e-09
3.95841e-09
3.95841e-09
3.95841e-09
3.95841e-09
3.95841e-09
3.95841e-09
3.95841e-09
3.95841e-09
3.95841e-09
3.95841e-09
3.95841e-09
3.95841e-09
3.95841e-09
3.95841e-09
3.95841e-09
3.95841e-09
3.95841e-09
3.95841e-09
3.95841e-09
3.95841e-09
3.95841e-09
3.95841e-09
3.95841e-09
3.95841e-09
3.95841e-09
3.95841e-09
3.95841e-09
3.95841e-09
3.95841e-09
3.95841e-09
3.95841e-09
3.95841e-09
3.95841e-09
3.95841e-09
3.95841e-09
3.95841e-09
3.95841e-09
3.95841e-09
3.95841e-09
3.95841e-09
3.95841e-09
3.95841e-09
3.95841e-09
3.95841e-09
3.95841e-09
3.95841e-09
3.95841e-09
3.95841e-09
3.95841e-09
3.95841e-09
3.95841e-09
3.95841e-09
3.95841e-09
3.95841e-09
3.95841e-09
3.95841e-09
3.95841e-09
3.95841e-09
3.95841e-09
3.95841e-09
3.95841e-09
3.95841e-09
3.95841e-09
3.95841e-09
3.95841e-09
3.95841e-09
3.95841e-09
3.95841e-09
3.95841e-09
3.95841e-09
3.95841e-09
3.95841e-09
3.95841e-09
3.95841e-09
3.95841e-09
3.95841e-09
3.95841e-09
3.95841e-09
3.95841e-09
3.95841e-09
3.95841e-09
3.95841e-09
3.95841e-09
3.95841e-09
3.95841e-09
3.95841e-09
3.95841e-09
3.95841e-09
3.95841e-09
3.95841e-09
3.95841e-09
3.95841e-09
3.95841e-09
3.95841e-09
3.95841e-09
3.95841e-09
3.95841e-09
3.95841e-09
3.95841e-09
3.95841e-09
3.95841e-09
3.95841e-09
3.95841e-09
3.95841e-09
3.95841e-09
3.95841e-09
3.95841e-09
3.95841e-09
3.95841e-09
3.95841e-09
3.95841e-09

VECTORS velocity float
0.00413528 -0.00103586 0.000247617
0.00348411 -0.00064289 0.000414004
0.0048085 -0.000376951 0.000455273
0.00430954 -0.000500741 0.000101378
0.00398725 0.000633119 -0.000123088
0.00437726 -0.00084624 0.00154842
0.00511389 0.000245378 -0.00056782
0.004147 -0.00172848 -0.000180139
0.00441784 0.000335317 8.68804e-05
0.00500938 0.000720525 -0.000233565
0.00499188 0.000712433 -0.000259399
0.00504003 0.000693445 -0.000199896
0.00465526 0.000330414 0.00011174
0.00408956 0.00142176 -0.000571546
0.00513695 0.000399539 -0.000502822
0.00432639 6.55533e-05 -0.000352551
0.00460487 -0.000722205 0.000305387
0.00432358 -0.000489417 9.60148e-05
0.00409399 0.000856858 -0.000313957
0.00496979 0.000708941 -0.00028621
0.00463127 4.80969e-05 0.000546725
0.00500317 -0.000509745 -0.000657734
0.000499332 -0.00215722 -0.00118554
0.00407338 0.00116327 -0.000459733
0.00477552 0.000127828 -0.000904511
0.00485564 -0.000392255 0.000443479
0.00346087 4.60268e-05 -0.000293787
0.00450808 -0.000635603 0.000215379
0.00322619 0.0021044 -0.000176368
0.00485552 -0.000343165 0.000443975
0.00382845 0.000870314 0.000349918
0.00456815 0.000961966 6.07177e-05
0.00345965 0.000849795 1.39707e-05
0.00352894 2.63515e-05 -0.000276477
0.00345429 0.00106312 0.000435462
0.00493017 0.000712949 -0.000302053
0.00469522 0.000139649 -0.000907502
0.00470907 0.000131963 -0.000897479
0.00520067 -6.71117e-06 0.000213096
0.00432957 -0.000172916 -0.000102458
0.00521197 -2.63642e-05 0.000191425
0.00441493 0.000841251 6.40948e-05
0.00490898 -0.000302228 0.000471003
0.00449554 -0.000581519 6.57937e-05
0.00420512 -0.00144689 0.000318285
0.00478801 -0.000536739 0.000127001
0.00474635 -0.00103505 0.000163417
0.00443193 0.000774796 -0.000314089
0.0112736 0.000563449 -0.0241392
0.00338265 0.000531755 3.02404e-05
0.0116791 0.000475 -0.0327515
0.00528792 -0.000118196 -0.000281939
0.00480899 -0.000474785 4.45658e-05
0.00482123 0.000735195 -0.000252004
0.0056658 2.40393e-05 -0.000440702
0.00457311 -0.00107538 0.000258182
0.00453919 -0.00100487 0.000386613
0.00186926 0.00254259 -0.000290003
0.00348156 9.89525e-05 0.000126245
0.00423415 5.16793e-05 0.000447155
0.00433236 -0.00214376 -0.000833242
0.00424455 -0.000237237 -0.000490607
0.00428008 6.6187e-05 0.000448566
0.00469146 -0.000200672 -0.000100479
0.0142669 0.0148968 -0.0362062
0.00445775 4.59453e-05 -0.000165732
0.00469902 -0.000831331 0.000407941
0.00355053 -0.000675335 0.000357508
0.00460563 -0.000362985 0.00058921
0.00519431 -0.000278741 -0.000143848
0.00201116 0.00111937 -8.25862e-05
0.00516243 -0.000200854 -0.000206906
0.00476548 0.000773393 -0.000130557
0.00552657 5.81198e-05 -0.000443089
0.00460213 -0.000730858 0.000277525
0.0047223 -0.000788331 0.000371993
0.00375952 -5.96688e-06 -0.000277226
0.00370429 0.000720418 0.000401442
0.0126716 0.00280595 -0.0346662
0.00431272 -0.00259891 -0.000594094
0.00367123 -0.000556509 0.000208018
0.00494966 -6.59609e-05 0.00056728
0.00214556 0.00197579 -0.00019876
0.0043283 0.0009148 -0.000372612
0.00448166 7.86637e-05 6.42263e-05
0.00562552 0.000177026 -0.000570551
0.00345666 0.000727412 3.07507e-05
0.00488894 0.000169379 0.000162453
0.00504585 -0.000480372 4.87143e-05
0.00458587 0.000145336 -0.000122924
0.00471314 0.000136125 -0.000887751
0.00454591 0.000748486 -0.00029265
0.0107817 0.00155586 -0.0243984
0.00382381 -0.000112157 -0.000131213
0.00513871 0.000960085 -0.000254911
0.0046073 0.00082298 6.54635e-05
0.0044831 -0.000246823 0.000235889
0.004693 -0.00121427 0.000376214
0.00389684 -0.00100435 0.00140892
0.00503162 -0.000609577 -0.000612086
0.00514933 8.49636e-05 -0.000281686
0.00473588 -0.000819577 -0.000187528
0.00540162 -7.18056e-05 -0.000328151
0.00403987 -0.000494475 0.000686877
0.00378889 -0.00073214 0.000445055
0.00494691 -0.000358604 0.000228645
0.00500811 -0.000852298 8.65949e-05
0.00457733 -0.000575561 0.000230792
0.00534765 0.000999571 5.48975e-05
0.00302311 -0.00269948 -0.000267713
0.00448646 -0.000890449 0.000275609
0.00439714 -0.000995468 -0.00122147
0.00521031 0.000910244 -0.00119287
0.00456251 -0.000928443 0.000151407
0.00416397 -0.000658544 0.000254529
0.00120301 0.0118181 -0.0226246
0.0069765 -0.0286875 -0.0158067
0.00364194 0.000822827 -0.000108288
0.00295808 0.00148044 -0.000111847
0.00547862 3.8429e-05 -0.000137216
0.0050544 -0.000986305 0.000145529
0.00444159 8.61199e-05 0.000478798
0.00422136 -0.000233882 0.000332564
0.00427888 -0.000873851 -0.000314024
0.00463241 6.62045e-05 0.000535088
0.00472292 -0.000383848 0.000236011
0.00524127 -7.00226e-05 0.000124741
0.0078765 0.0093585 -0.0111395
0.00375342 0.000236086 0.000303524
0.00388858 -0.00194079 0.000495285
0.00475423 -0.00035609 0.000236176
0.00478958 -0.000935922 0.000250645
0.00468189 -0.000229975 0.000442521
0.0048843 -9.64923e-05 -0.000950307
0.00458937 -0.00034658 0.000440305
0.00396912 -0.00115499 0.00194271
0.00389188 0.000975459 8.90806e-06
0.00453416 -0.000722007 0.000264023
0.00404697 0.000939658 -4.01288e-05
0.00269845 0.000812429 4.70034e-06
0.00510018 -0.000916005 0.000110161
0.0147026 0.00100986 -0.0428548
0.00461517 -0.00109901 0.0001932
0.00481677 -0.00132102 0.000418351
0.0042502 -6.24487e-05 -0.000213082
0.000217526 0.000511284 -0.000160056
0.00504554 0.000139359 -0.00046425
0.00538165 0.0010628 -0.000326183
0.00211963 0.000720787 -2.23172e-05
0.00406831 -0.00133045 0.00213132
0.00430831 -0.000709822 0.000248668
0.00448066 0.000841856 6.60779e-05
0.00468149 -0.000131784 0.000426883
0.00438948 -0.000731784 0.000253975
0.00335785 0.000735742 0.000384527
0.00351643 0.00016085 -0.000160751
0.00336546 -0.00175108 0.000425221
0.00415687 -0.00175578 0.000912917
0.00457701 0.00192986 -0.00197997
0.00382984 -0.00417023 -0.0011432
0.00449164 0.000122041 -0.000420399
0.0046989 -0.00015811 -0.000135802
0.00240499 0.000230387 -2.63332e-06
0.00500179 0.000968709 -0.000235437
0.00450996 -0.000485775 0.000314188
0.00464734 -0.000741562 0.00029932
0.00530548 0.000954914 -0.000233207
0.00469616 -0.000666157 0.000274691
0.00551243 -0.000291995 -0.00010149
0.00513234 -0.000865309 0.000686377
0.00423264 -0.00214496 0.000778531
0.00159502 0.00163599 0.000105217
0.0049349 -0.000429424 0.000212294
0.00445452 -0.000648139 8.47642e-05
0.00309979 -0.00256491 -0.00148233
0.0142441 0.00471212 -0.0368359
0.00254964 -0.000671022 0.000131252
0.00387158 -0.000719008 0.000366064
0.00323361 0.00065137 -7.99218e-05
0.0044515 -0.000462652 0.00116872
0.00477418 -0.00107803 0.000404779
0.00422164 0.000647246 -0.000174021
0.00498346 0.00113086 -0.000501349
0.00558901 0.000563803 -0.00103915
0.00507031 -3.13511e-05 0.000191336
0.00453191 -0.00147497 0.00116347
0.00477865 -0.000305218 0.000257447
0.00518117 0.000158072 0.000240807
0.00409951 -0.00188785 0.000263328
-0.00400628 0.00686863 -0.0401915
0.00466043 -0.000577603 0.000261896
0.00399354 -0.00136839 0.000661935
0.00457022 5.83951e-05 0.000754059
0.00393621 -0.00113768 0.0019004
0.0112463 0.00496485 -0.00667441
0.00459176 -0.000255104 0.00120546
0.00353665 0.000818899 0.000402119
0.0038492 0.00155386 -7.81594e-05
0.00470226 -0.000519324 0.000491585
0.00217235 0.00124618 -2.05105e-05
0.00497956 -0.00105831 0.000157782
0.00422728 -0.000834093 0.000261561
0.0047805 -0.000432413 1.18026e-05
0.00456293 -0.000651686 0.000261837
0.0042537 -0.00206592 0.000736915
0.00452326 -0.000626732 0.000240805
0.00470855 0.00117867 -0.000508716
0.00559584 0.000513742 0.00020528
0.00480939 -0.000184556 0.000493749
0.0049123 -0.000472296 0.000158444
0.00471804 -0.00100833 0.00181453
0.00463075 -3.67269e-05 0.000486093
0.00484515 -6.05899e-05 -0.000666454
0.00467229 -0.000683776 0.000217937
0.00869565 0.00316389 -0.0318011
0.00527313 -0.00030423 -0.000111075
0.0043452 -0.00169691 0.0013617
0.0048451 -0.000370121 0.000501213
0.00488406 0.00094438 -0.000378979
0.0120446 0.0017846 -0.0305886
0.0043444 0.00121998 -0.00051357
0.00457463 -9.73949e-05 -0.000150062
0.00467045 -0.000298605 0.000322899
0.00431176 -0.0014548 0.000312061
0.00485975 -0.000376076 0.000437055
0.00481478 -0.000297976 -5.17533e-05
0.00447717 0.00141763 -0.00058529
0.00440467 -0.000194695 -7.36331e-05
0.00512065 0.000218234 -0.000584443
0.00353063 0.000528396 0.000932164
0.00242439 0.00146632 6.68239e-05
0.0044456 -0.000454159 0.00116904
0.00454219 -0.00034229 0.000437509
0.00434574 0.000657534 0.000440953
0.00556179 -0.000756421 0.000475217
0.00355176 0.00114986 0.000479535
0.00496477 0.000941556 -0.000260757
0.00463877 -6.31353e-05 -0.00018583
0.00391066 0.000341264 0.000610312
0.00396973 -0.00133106 0.00212132
0.00434718 -0.000795302 0.000395209
0.00485114 0.000774208 -0.000151887
0.00517618 0.000454121 0.000201201
0.00439951 0.000397943 -1.42191e-05
0.00250786 0.0018827 -0.000172242
0.0040418 -0.00204848 0.000760385
0.00450755 8.37956e-05 8.77175e-05
0.00353324 -0.00117323 0.00190347
0.00485504 -0.00030002 7.62146e-06
0.00441695 -7.23561e-05 -0.000181133
0.0046326 -6.02315e-05 -0.000194662
0.00185113 -0.000608134 -0.000267031
0.00416812 0.000206844 -0.000215096
0.00558569 -2.17132e-05 0.000243319
0.00551839 -0.00019432 -8.46773e-05
0.00532393 -0.000281008 -0.000157549
0.00488598 -0.00129827 0.000198526
0.0111503 0.0012975 -0.037868
0.00374829 -0.000537433 0.000170471
0.0042523 -0.000892807 0.000424014
0.00439036 -0.00131953 0.000255793
0.00463299 -0.00045888 0.000410262
9.31737e-05 1.04891e-05 8.70591e-06
0.00445787 -0.000207571 -5.16264e-05
0.00483483 -0.000536322 0.000620446
0.00513478 -0.00105072 0.000157843
0.00526182 -0.00098776 0.000228174
0.00458803 -0.000452097 0.000531253
0.00465189 -0.00184476 0.00200417
0.00441739 -0.00149874 0.000306179
0.00452195 -0.000753523 0.000105129
0.00418848 -0.00163454 0.000361845
0.00456094 -0.000813758 0.000284018
0.00397706 -0.00120247 0.00197264
0.00500142 -9.38776e-05 -0.000708582
0.00470981 -0.000295957 0.000400005
0.00401458 0.00220286 -0.000169861
0.00451439 -0.000336003 0.000422838
0.00480213 -0.000710129 0.000111981
0.0047121 -0.000547762 0.000259181
0.00471081 -0.000278668 0.000376951
0.00475361 -0.000309959 -1.2426e-05
0.00377115 0.0013461 -0.000545733
0.00435487 -0.00120735 2.17296e-05
0.00484851 0.0155637 -0.0193259
0.00447682 -0.00045627 0.000518537
0.00494482 -0.0011089 0.000155049
0.00459882 0.000975616 -0.000442125
0.00481256 -0.000328501 0.000373678
0.00468211 -0.000472717 0.000247435
0.00474981 -0.000540893 0.000274977
0.00419121 -0.000797674 0.00149473
0.00423114 -0.00160398 0.00203414
0.00442554 -0.00149107 0.00111735
0.004429 -0.00068365 0.000552811
0.00549044 -9.95515e-05 9.24379e-06
0.00433215 -0.000520773 3.67716e-05
0.00455905 -0.000948107 0.000368846
0.0055803 -0.000128753 -0.00450042
0.00412579 -0.00193027 0.00177834
0.0119693 -0.0047655 -0.0283744
6.90989e-05 0.0170857 0.00239157
0.00489926 -4.13859e-05 0.00026885
0.00377858 -0.00116966 0.00203263
0.00432064 -0.00163243 0.000360919
0.00477285 -0.000256054 0.000383065
0.00435465 -0.000292913 0.000307808
0.00417388 -0.000578357 0.00031182
0.00435424 -0.000568161 0.00111739
0.00482323 -0.000256373 0.000380974
0.00394759 -0.0011553 0.00196283
0.00514766 -0.00105196 0.000152327
0.00460879 -0.00120584 0.000242664
0.00454345 -0.000723446 0.000123772
0.00475421 -0.000136119 -0.000126161
0.00443642 0.00104243 -0.00033493
0.00446715 0.000843585 -0.000531313
0.00471843 -0.000111586 -0.000149471
0.00301301 0.00175323 0.000780112
0.00418351 -0.000527919 0.00010809
0.00520581 0.000873829 -0.000187937
0.00426576 0.000921717 -0.000327361
0.00522716 0.0010376 -0.000327184
0.00457866 -0.0013372 0.000259516
0.0046586 -0.000160267 0.000291079
0.00448456 0.000253575 3.18538e-05
0.00415991 -0.000840348 0.00153593
0.00480699 -0.0012206 0.000212662
0.00411445 -0.000705423 0.000293091
0.00465379 -0.000719042 0.000233093
0.00434903 -3.03165e-06 -0.0001349
0.00501698 -0.000418272 0.000509249
0.0047071 -0.000865753 0.00035515
0.00484576 -0.000343738 0.000498681
0.00367999 0.000526259 0.000373767
0.00452993 -0.000790199 0.00017653
0.00465144 0.000116022 2.00446e-05
0.00455134 2.59486e-05 0.000110579
0.0045991 -0.000352824 0.000203127
0.00483686 -0.000331674 0.000459972
0.00311596 -0.00113164 0.0018415
0.00482607 -0.00083035 9.16808e-05
0.00453224 -0.000605794 0.0003093
0.00492378 -0.00116516 0.000188545
0.00490953 -0.000371553 0.000524469
0.00498001 0.000236848 -0.000592689
0.00366705 0.00113356 -0.000767158
0.00552932 0.000239687 -0.00441554
0.00464524 -0.000185571 0.000310711
0.00460127 -8.49572e-05 -0.000193683
0.00357847 0.00110311 0.000482583
0.00401346 -0.000575031 0.000194157
0.00433431 -0.000422208 0.000223988
0.00432455 0.00109745 0.00044014
0.00556737 0.00053229 0.000181034
0.00370795 0.000421443 0.000972383
0.00454904 -0.000246108 -3.76828e-05
0.396515 0.69734 0.126026
0.00431808 -0.000182937 0.000138465
0.00446909 0.000535684 0.000230546
0.00443452 -0.000278668 0.000398722
0.0051509 -0.000991989 9.39934e-05
0.00448814 -0.00119959 0.000218469
0.00483736 -0.000256059 0.000368601
0.0045614 -0.000570824 0.000369334
0.00472167 -0.000538334 0.000289132
0.00437574 -0.000191489 -0.000231169
0.0043056 -0.000237543 0.000498441
0.00465422 8.78753e-05 5.13074e-05
0.00468997 -0.000478212 0.000246847
0.00188 0.000768043 -0.00057066
0.00465394 0.000136505 -1.6302e-06
0.0106813 0.00728098 -0.00978875
0.00447881 -0.000470969 0.00109056
0.00431875 -0.000795114 0.000255623
0.00482576 -0.0002757 0.000386831
0.00473277 -0.000324837 0.000350896
0.00469383 0.000199878 -0.00054836
0.00448074 -0.00116532 0.000209619
0.00473115 -0.000574751 0.000597932
0.0042133 -0.000390671 0.000594358
0.0113854 0.0124529 -0.0257828
0.00480099 -0.000384107 0.000257607
0.00436632 -0.000294991 0.000344776
0.00488234 -0.000354277 0.000480865
0.00418857 0.000410265 2.32433e-05
0.0052203 0.000362624 7.7137e-05
0.00575351 0.000171836 -0.000185914
0.0049668 -0.000287705 0.000419033
0.00421986 6.03457e-05 -0.000344189
0.00493914 -0.000962714 0.00012063
0.00462682 -0.000209421 -6.35492e-05
0.00433043 -0.000226051 -3.03661e-05
0.00468962 0.000197404 5.38525e-05
0.00492091 -0.00054515 0.000538533
0.00502925 0.000133923 0.000177623
0.00433916 0.000160591 -0.000109473
0.00481164 -0.000366399 0.000457191
0.00471368 -0.00016939 0.000436012
0.00462618 -0.000599854 0.000723297
0.00486192 -0.000331082 0.000424554
0.00441771 -8.11977e-05 -0.000161188
0.00357231 0.000545758 0.000935946
0.0122798 -0.000946547 -0.0262286
0.00424207 -6.35497e-05 -0.000207784
0.00475467 -0.000455763 0.000248028
0.00465845 5.03941e-05 8.06634e-05
0.0047331 -0.00021916 -6.33204e-05
0.00442826 -0.000636252 0.00117538
0.00448765 -0.000371538 0.000364662
0.00424354 -0.00211541 0.000845103
0.00462868 -0.000826973 0.000299848
0.00555519 -0.000902132 0.00033059
0.0049834 -0.000427174 0.000503966
0.00280203 -0.000362698 0.000513935
0.00429295 -0.000503976 0.000217666
0.00468301 -0.00148398 -4.00121e-05
0.00402526 -0.00103904 0.000281361
0.0046785 -0.000130529 0.000285525
0.00473398 -0.000229802 0.000355911
0.00469919 -0.000391402 0.000363565
0.00346773 0.000417638 0.000908149
0.00458327 -5.85839e-05 0.000125895
0.00524974 -6.73536e-05 -0.000215326
0.00426237 -0.00205497 0.000988114
0.00453501 -0.00025802 0.000227827
0.00469294 -0.000233892 0.000356929
0.00447663 0.000331626 0.000702366
0.00471992 -0.00075087 0.000146296
0.00448495 -1.4732e-05 5.57479e-05
0.00473483 -0.000193135 0.000359931
0.0048223 -0.000343886 0.000102352
0.00456248 -0.000659811 0.000256632
0.0048832 -0.000386171 0.000460419
0.0047077 -0.00032862 0.000414538
0.0115386 0.00231656 -0.000220805
0.00461579 -0.000521432 0.000447999
0.0043596 0.000166367 7.38457e-05
0.00451406 -6.82598e-05 -0.000292622
0.00460091 -0.000590561 0.000251939
0.00471599 -0.000294882 -2.28053e-06
0.000606738 0.000384215 0.000221964
0.00478772 -0.000451351 0.000430057
0.00792353 0.00935462 -0.0111294
0.00475535 -0.000387117 0.00032609
0.00502333 -0.000170734 -7.1182e-05
0.00397791 -0.00127668 0.00186352
0.0049156 -0.000207998 0.000331336
0.00455415 0.000267015 3.93917e-05
0.0046534 -0.00029354 0.000428199
0.00423269 0.000586298 0.000209855
0.00474554 -0.000189527 0.00018627
0.0042079 -0.000311004 -0.000140447
0.00434223 0.00053013 0.000214723
0.00476959 -0.000302887 0.000432785
0.00606195 0.00293059 -0.00137006
0.00482202 -0.000413846 0.000504837
0.00493733 0.00106545 -0.00045359
0.00496266 -0.000387501 0.000436996
0.00436781 -0.000289244 0.00027659
0.00413534 0.00063906 -0.000126471
0.0119806 -0.00059487 -0.0276844
0.00447071 -0.000399043 2.88185e-05
0.00455799 -0.000487048 0.000212458
0.00485782 -0.000354712 0.000454317
0.00449237 -0.000806983 0.000266526
0.00429393 -0.000385492 0.000479019
0.0044181 -0.000243462 0.0003513
0.00454563 0.00023246 -1.14367e-05
0.0044576 -0.000603127 0.000796771
0.00445272 0.000325323 0.000678042
0.00215067 0.000288238 7.65404e-05
0.00414196 -0.000274705 0.00014724
0.00467035 -0.000335505 0.000392999
0.00477358 -0.000259225 0.000432118
0.00484349 0.000244714 0.000132356
0.00991482 0.00614972 -0.00227628
0.00424515 -0.00173517 0.00156954
0.00468803 -0.000211105 2.68389e-05
0.00473486 -0.000571562 0.000208094
0.00442842 -0.000348983 0.000111321
0.00396504 0.000690716 -0.000139277
0.00402926 -0.000349795 -6.56438e-05
0.00480451 -0.00021739 0.000340461
0.00475342 -0.00042198 0.00030844
0.000385501 -0.00169588 0.00431181
0.00459533 -0.000320608 0.000174991
0.00447555 -0.000435935 0.000430548
0.00354202 0.000339977 0.000330437
0.00449114 -0.000596379 0.000194259
0.00448554 -0.000660847 0.000285902
0.00445736 -0.000700818 0.000375155
0.00506363 0.000156478 0.000164515
0.00460256 -0.000380916 0.00035149
0.00468849 -0.000789902 0.000197134
0.00486827 -0.000315597 0.00040649
0.00466176 -0.000207667 0.000346923
0.00487208 -0.000235882 0.000341129
0.00489415 -0.000286691 0.000423313
0.0040822 -0.000506501 0.00269917
0.00488 -0.000241077 0.000368293
0.00463564 -0.000393711 0.000474581
0.0045029 -0.000703888 0.000623851
0.00456134 -0.000594472 0.000266588
0.00449592 0.000903424 0.000654496
0.00466578 -0.000150636 2.38939e-05
0.0039202 0.000896945 0.00101873
0.00441574 -0.000282143 0.000274872
0.00476801 -0.000442175 0.000463785
0.00444321 0.000589449 0.000662027
0.00471441 -0.000624213 0.000236143
0.00465772 -0.000721471 0.000262064
0.00424641 -0.000275199 0.0003756
0.00386603 0.00185294 0.00179259
0.00422095 0.000667925 -4.1931e-05
0.00508537 0.000155887 0.000181638
0.00226762 0.00119508 -0.00198465
0.00425351 -0.000543851 -0.000169798
0.0043158 9.31865e-05 0.000169776
0.00491679 -0.000274545 0.000389674
0.00486199 -0.000319153 0.000440311
0.00430837 -0.000308656 -3.87874e-05
0.00451307 -0.000632583 0.000271653
0.00427423 0.000693506 0.000180385
0.00458935 -0.000293404 0.000333359
0.00463623 -0.000413616 0.000331546
0.00473928 0.00119873 -0.000520581
0.00477575 -0.000246509 0.000439597
0.00473736 -0.000355023 0.000463604
0.0046501 -0.000297759 0.000109922
0.00351475 -0.00115144 0.00186306
0.00489817 -0.000286686 0.000424555
0.00191658 -0.00342042 0.00901039
0.00513227 7.02286e-05 0.000166165
0.00483421 -0.000227135 -4.30687e-05
0.00485726 -0.000263171 0.000418981
0.00433631 -0.00045204 0.000172727
0.00483358 -0.000146176 0.000410399
0.00456853 0.000167357 5.01683e-05
0.000561571 0.000228571 -0.00067583
0.00466345 -0.0003291 0.000299607
0.00557617 0.000441697 -4.49598e-05
0.00491313 -0.000241172 0.000358096
0.00455589 -0.000323566 0.000394195
0.00467185 0.000116691 7.56098e-06
0.00488875 -0.000163887 0.000675932
0.00483956 -0.00048527 0.00049007
0.00473007 -0.000307131 5.77722e-05
0.00478331 -0.000530081 0.000441169
0.00418167 0.000594502 -8.77378e-05
0.00456354 9.99042e-05 0.000197504
0.00403183 -0.000162427 0.000449033
0.00433974 -0.00110752 0.000657777
0.00464934 -0.000867014 -0.000187067
0.00439233 7.70096e-05 0.000184945
0.00385327 0.000676609 -0.000324377
0.0043956 -0.000206183 5.21181e-05
0.00451378 -0.000597293 0.0001725
0.00430783 0.000648622 0.00022308
0.00472846 -0.000465462 0.000461896
0.00454957 -2.45652e-05 5.63279e-05
0.00432693 0.000730142 0.000238515
0.00455309 -0.000118402 0.000364117
0.00445115 -0.000196259 -7.90327e-05
0.0041734 -0.000261889 0.000356565
0.00484867 -0.0003248 0.000453036
0.00413953 -0.000351593 2.51833e-05
0.00465226 -0.000856102 0.000180823
0.0044285 -0.000145264 -7.05006e-05
0.00449263 0.000276582 0.000124191
0.00457268 -1.44771e-05 -0.000268973
0.00472183 -0.00013871 -3.09882e-05
0.00463929 -0.000139527 3.86789e-05
0.00439816 -0.000648017 0.000878074
0.00465053 -0.000656344 0.000275867
0.00431999 0.000509099 0.000212116
0.0048295 2.52055e-05 -0.000152294
0.00436453 -0.000439952 0.000130995
0.0045707 -0.000313508 0.000410405
0.00454248 7.57693e-05 0.000170761
0.00389404 -0.000257263 0.00258855
0.00455762 -9.41417e-05 0.000201391
0.020177 0.0268911 -0.0720504
0.00481112 -0.000370402 0.000478756
0.00443086 -3.33189e-05 -0.00012753
0.00412482 0.000779519 -0.000199035
0.00430563 -0.0011064 0.000141001
0.0042328 -0.000378501 -2.61482e-05
0.00470016 0.000845639 -0.00213851
0.00465621 0.000316411 0.000812942
0.00479167 0.000462537 0.000825978
0.00458697 -0.000338468 0.000427476
0.0049047 -0.000214931 0.000343307
0.00417525 -0.000208476 0.000280591
0.00446968 -0.000634882 0.000302963
0.004867 -0.000150658 0.000312129
0.00453811 -0.000334541 0.000425242
0.00446468 0.000694606 0.000673007
0.00424627 0.000637221 -0.000140249
0.00421977 0.00159205 -0.00248331
0.00488459 0.000193433 -5.65673e-05
0.00475088 -0.000456656 0.000440104
0.00396037 0.000587393 -8.32859e-05
0.00156257 0.00115158 0.000204481
0.00468562 -0.000659285 0.000249838
0.00445217 -0.00039614 5.77433e-05
0.00432754 -0.000456651 0.000141149
0.00465792 -0.000423744 0.00042962
0.0049124 -1.09064e-05 0.000257761
0.00461629 -0.000335655 0.000116126
0.00449558 -0.000654813 0.000536162
0.00474061 -0.000452326 0.000449617
0.0049815 -3.09243e-05 3.03821e-05
0.00443212 5.516e-05 -9.72769e-05
0.00458183 -0.000138364 0.000417265
0.00470578 -0.000293718 0.000369074
0.00400668 0.000490103 -3.84506e-05
0.00418916 0.000358365 -0.000104032
0.00452366 -0.000441579 0.000309215
0.00475525 0.000418238 -0.000126651
0.00487807 -0.000374555 0.000421072
0.00483146 1.88001e-05 0.000104582
0.00457542 0.000155339 5.8332e-05
0.00465132 4.86788e-05 -0.000171537
0.0042435 0.000631707 -0.000152548
0.00452949 -0.000810857 0.000348944
0.00456562 -0.000370293 0.000138365
0.00477413 -0.000306355 0.000415419
0.00422619 -0.000100589 0.000193611
0.00450471 -0.000501441 0.000448584
0.00440508 0.000607258 0.000220734
0.00467947 5.76441e-05 -0.000158723
0.00455618 0.00853382 0.0180992
0.00486424 3.64468e-05 -0.000110425
0.00486787 -9.58711e-05 -0.000128025
0.00449739 -0.000639658 0.000225118
0.00463872 -0.000363467 0.000520738
0.00408684 -6.19969e-05 -0.000441276
0.0044045 -0.000651713 0.000424453
0.00464622 -0.000565293 0.000322134
0.00164751 3.10849e-05 -0.000333253
0.00277493 0.00107618 0.000164053
0.00552336 0.00249224 -0.00682293
0.0115627 0.0105153 -0.0097344
0.00461014 -0.000177045 0.000317889
0.00462433 0.000673766 -0.000105538
0.00458985 -0.000310041 9.31166e-05
0.00504479 -3.26715e-05 -1.94142e-05
0.00499233 8.13416e-05 0.000200271
0.0053873 -0.000299927 0.000275183
0.00449147 0.000715154 0.000237304
0.00479827 0.000111906 2.0038e-05
0.00422958 -0.00054356 4.10649e-06
0.00438318 -0.000965152 -0.00273978
0.0051539 0.00017142 0.000199535
0.00337485 0.00143548 -0.00230076
-0.00612806 0.0101292 0.0109397
0.00458317 -8.49784e-05 -0.000383338
0.00446748 -0.000101288 6.46205e-05
0.00440743 0.000721418 0.000228972
0.00443211 -0.000152652 0.000395242
0.00478391 -0.000545461 0.000549901
0.00485317 -2.79673e-05 -0.000110195
0.00466552 -0.000442355 0.000473172
0.00427443 0.000124527 0.00019343
0.00455951 -0.0001195 0.00039768
0.00413129 0.000394435 -0.00011625
0.00505269 0.0001784 -1.16486e-05
0.00470847 -0.000415865 8.83911e-05
0.00477894 -9.52371e-05 0.000192339
0.00481114 -0.000154586 -4.59932e-05
0.00468086 -0.000630116 0.000624136
0.00435548 -0.000103362 0.000204298
0.00482077 -0.00027551 0.000434108
0.00450914 -0.000638091 0.000435889
0.0045534 -0.000724647 0.00016601
0.00469746 -1.09502e-05 -2.00719e-05
0.00491026 -0.000458418 0.000494153
0.00433271 -0.000163786 0.000300496
0.00336089 0.000119495 0.000882775
0.0103764 0.00401303 -0.00400713
0.00472 -0.000208518 -0.000335554
0.00476876 -0.000590336 0.000231337
0.00436607 0.000231876 4.71824e-05
0.00456516 -0.000492324 0.000318122
0.00440818 1.94935e-05 -9.06207e-05
0.0043923 -0.000101766 5.46166e-05
0.00435775 -0.000314952 0.000268884
0.0044654 4.77658e-06 -4.44326e-05
0.00606284 0.00224074 -0.00662968
0.00500428 0.000151751 0.00016854
0.00443954 3.39183e-05 8.51367e-05
0.00470709 -0.000437144 0.000424704
0.00491043 -3.02248e-05 0.000107257
0.00507111 9.86242e-05 -0.000322481
0.00429581 0.000631832 -0.00017211
0.00441582 0.000237395 0.000209795
0.00498936 -0.000276663 0.000372216
0.00292064 0.000411454 -0.00027569
0.00446341 -7.61739e-05 5.55227e-05
0.00446236 -3.12561e-05 6.12543e-05
0.00429778 -0.000337418 -3.44315e-05
0.00369863 -0.000330244 0.00028771
0.00448102 0.000212007 3.28991e-05
0.00448361 0.000469917 1.00805e-05
0.00538687 0.00206008 -0.000788057
0.0042692 -0.000367057 -2.26394e-05
0.00457748 -5.71453e-05 -0.000314588
0.00568074 0.00224295 -0.00354053
0.00484469 -0.000254832 0.000351118
0.00422874 -0.000235292 1.10142e-05
0.00447588 0.000209006 4.62511e-05
0.00418438 -0.000245975 0.000176286
0.00266164 0.000678688 8.1711e-05
0.00482709 -0.000282518 0.000399907
0.0041566 -0.000209417 -3.85741e-05
0.00493597 0.000716393 -0.000237782
0.00429647 -0.000346851 -3.25296e-05
0.00487048 -0.000209858 -0.00028728
0.00431624 -0.000291287 -3.89749e-05
0.00448716 -4.26077e-05 5.48747e-05
0.00448728 0.000156966 0.000195278
0.00460161 0.000892067 -0.000359275
0.0047008 -0.000167336 9.23627e-05
0.00484666 -0.000238328 -0.000454968
0.00431457 1.04083e-05 0.000110967
0.00418711 -0.000311846 2.3704e-05
0.00456902 -0.000508583 0.000463192
0.00469132 2.73492e-05 9.19518e-05
0.00456224 -0.000675302 0.000484595
0.00428387 0.000522415 0.000211816
0.00420239 -0.000202903 -7.32709e-05
0.00464617 -8.31796e-05 -1.06949e-05
0.00427111 -0.000392105 0.000466039
0.00439718 -2.25034e-05 -8.75604e-05
0.00470108 -0.000369818 9.02656e-05
0.0047579 -0.000121315 -5.72474e-05
0.0037608 0.000507278 -0.000530165
0.00479781 0.000102763 -3.58321e-05
0.00505836 0.000141044 0.000172203
0.00511842 -1.40069e-05 2.01681e-05
0.00403247 0.000546758 -6.97562e-05
0.00494983 -7.33341e-05 0.000166945
0.000276516 0.0110677 0.0158144
0.00465595 -3.70807e-07 3.86096e-05
0.00463349 -0.000423742 3.57853e-05
0.00447723 0.000324593 0.000784692
0.00450805 -5.99544e-05 4.41048e-05
0.00497823 0.000130029 2.10323e-07
0.00406858 0.000495361 -3.56576e-05
0.00479264 -0.000141576 -7.36796e-05
0.00463247 -0.000866433 -0.000152888
0.00464408 -0.000173579 8.0528e-05
0.00475714 -0.00016906 6.3e-05
0.00448144 -7.34286e-05 5.421e-05
0.00467301 -0.00017664 8.14115e-05
0.00685358 0.00496932 -0.00645801
0.00485933 -0.00047867 0.000514768
0.00466804 -2.85221e-05 -2.65853e-05
0.00516599 -0.000109801 -0.00018941
0.00426899 -0.000174159 0.000288649
0.00424272 -0.000513715 0.000186784
0.00484246 -0.000146622 -5.33628e-05
0.00443922 0.000195929 7.5777e-05
0.00462372 -0.000356537 8.75891e-05
0.00470224 -0.000369467 9.20286e-05
0.00436752 0.000532339 0.000235159
0.0048524 -0.000171476 -0.000388557
0.00434936 -0.000345986 0.000461372
0.00483827 0.000121343 -3.07553e-05
0.00412915 -0.000384339 0.000279125
0.0044744 -0.000512713 0.0002938
0.00422445 0.000630416 -0.000169562
0.00481185 0.000113297 -0.000128829
0.00489937 -0.00040269 0.000321275
0.0044413 0.000135468 0.00116335
0.00456004 6.16419e-05 8.99137e-05
0.00416815 0.00057279 -7.22294e-05
0.00452594 -0.000322142 0.000167808
0.00471524 -0.000390246 0.000107642
0.00430796 -0.000103569 4.25737e-05
0.00462334 -0.000375259 9.18101e-05
0.0045465 9.94638e-05 0.000190188
0.0047844 0.00013377 -4.39878e-05
0.00464746 5.81063e-05 -1.1224e-05
0.00508502 -7.29082e-05 -8.99454e-05
0.00449742 -0.000343467 0.000125436
0.00430472 0.000391213 -0.000228091
0.0048413 4.90882e-05 -0.000505513
0.00432829 -0.000166825 -0.000242219
0.00495232 -1.98232e-06 0.000249149
0.00475391 -0.000161561 6.67572e-05
0.00439842 -0.00017017 0.000120812
0.00496713 -8.14321e-05 0.000136506
0.0046789 -3.46548e-06 5.03844e-05
0.00461798 0.000337998 -0.000342884
0.00498741 0.000103761 0.000199278
0.00471422 -0.000206353 7.01969e-05
0.00448699 8.62858e-06 -1.24053e-05
0.00426168 -0.000393779 6.29138e-05
0.00485478 -2.79232e-05 0.000154225
0.00413921 -0.000276323 -1.46317e-06
0.00441266 7.54355e-05 7.34451e-05
0.00454124 -0.000332617 0.000117171
0.00506652 -8.93315e-05 -0.000197502
0.00498381 6.27203e-05 0.000227726
0.00513008 0.000221351 -2.34783e-05
0.00481552 0.000217165 0.000126797
0.00431167 -0.000161051 -8.13055e-05
0.00438217 -5.03219e-05 -9.85642e-05
0.00510147 0.000150671 0.000166817
0.0046866 0.000102967 4.23855e-05
0.00437912 -9.40388e-05 0.000205585
0.0050695 0.000279716 0.000110665
0.00511003 0.000226142 0.000136881
0.00439845 1.46322e-05 0.000114318
0.00341691 0.000174594 -5.9705e-05
0.0041271 -0.000231579 0.000310648
0.00519277 0.000379431 6.85913e-05
0.00462316 -0.000353063 0.000106889
0.00459518 -0.000630539 0.000494915
0.00511988 -0.000153585 -0.00014034
0.00488847 6.73098e-05 0.000110313
0.00467199 -0.000130151 -3.78579e-05
0.00432877 -0.000174246 0.000134122
0.00459781 -0.000161349 0.000430007
0.00479883 -0.000451791 0.000456489
0.00434424 -0.000169656 0.000157874
0.00471115 -0.00040287 8.55621e-05
0.00459005 -0.000311759 6.45851e-05
0.0048682 -6.20398e-05 -0.000207157
0.00445176 -0.000352602 0.000115975
0.00490406 0.00013397 0.000170581
0.00478606 -0.000163123 7.83577e-05
0.00429693 -0.000331017 -3.84546e-05
0.00416799 -0.000357306 6.09467e-05
0.00472431 -0.000161282 3.79991e-05
0.00434256 0.000216068 4.72724e-05
0.00432181 -0.000205653 0.000321746
0.00434832 1.8573e-05 8.72907e-05
0.00486089 -1.16266e-05 0.000135299
0.00427141 -0.000357488 -2.82902e-05
0.00472363 0.00122636 -0.000422266
0.0048861 3.31948e-05 9.85798e-05
0.0046453 6.26587e-05 6.87691e-05
0.00469184 7.77592e-05 6.45493e-05
0.00503198 0.000168925 0.000157708
0.00463505 4.70061e-05 7.37712e-05
0.00402484 -0.000376382 6.29527e-05
0.00489814 1.60308e-05 -0.000274135
0.00454804 -0.000298703 0.000106826
0.00486556 -8.07942e-05 7.62142e-05
0.0359955 0.00322999 -0.0207698
0.00491321 -0.000494168 0.000611397
0.00461069 -0.000176243 0.000449005
0.00388889 0.000408176 -0.000106996
0.00483203 -8.65413e-05 0.000271068
0.00424214 -0.00036792 -2.763e-05
0.00449596 0.000162307 4.91193e-05
0.00450188 -4.10985e-05 0.000133934
0.00466042 -0.000453783 0.000132252
0.00439762 -8.91739e-05 0.000194241
0.00439363 -1.02626e-05 -0.000445845
0.00444866 -0.000339472 0.000114235
0.00473128 0.00022577 -0.000178785
0.00450362 -0.0003596 0.000100757
0.00427262 -0.000372104 6.3022e-05
0.00484372 -0.000136828 -2.13477e-05
0.00458761 -0.00028927 0.000387212
0.00448643 -0.00038773 0.000219839
0.00472345 0.000185121 -3.57119e-05
0.00446637 -0.000355575 0.000118393
0.00496363 8.68207e-05 -0.000120043
0.00485327 -9.68967e-06 -0.000288083
0.00439705 -0.000172924 -5.50943e-05
0.00456696 -0.000244035 0.000256229
0.00441313 9.85863e-05 4.97788e-05
0.00428752 2.79667e-05 0.00010603
0.00472451 -5.86543e-05 -0.000228813
0.00458229 9.40465e-05 -0.000128568
0.00502177 -0.000136857 -0.000153285
0.00431098 -0.000285511 -4.6137e-05
0.00467001 -0.000212256 -2.9327e-05
0.00515295 -0.000230769 -3.03048e-05
0.00439209 -0.000301914 0.000159181

VECTORS force float
3.1739e-10 -7.67694e-10 4.61227e-09
-7.0261e-09 7.6575e-09 2.54432e-09
-4.36327e-09 2.33287e-09 -5.4403e-09
1.18838e-09 -3.98181e-09 2.79837e-09
1.65375e-09 -2.619e-09 2.05353e-09
-9.58356e-09 7.15071e-09 -6.05552e-09
5.76913e-09 -1.1814e-08 9.42199e-09
5.87562e-09 6.82215e-09 -1.86774e-09
-1.23859e-09 1.17869e-09 -1.74231e-09
-2.87359e-09 -2.07313e-10 -1.78204e-09
-7.06573e-10 7.5153e-10 -4.17583e-10
-1.03229e-09 -9.44148e-10 6.41985e-10
2.97502e-09 -7.97275e-10 -6.4048e-10
-1.51453e-09 -1.95736e-09 2.92024e-10
-2.52207e-10 -7.07143e-10 2.7741e-10
-5.3094e-09 5.75208e-09 -6.52685e-09
-1.62029e-11 -9.09123e-09 5.23162e-09
5.69478e-09 -1.06373e-08 7.50437e-09
2.40553e-10 -3.88076e-10 -2.40386e-10
2.36332e-09 1.13287e-09 2.79589e-10
-7.43175e-10 -2.68962e-09 2.82262e-09
1.08282e-08 4.55131e-08 5.12246e-09
4.55105e-10 -9.89569e-10 -5.79325e-10
3.11175e-09 9.91055e-10 4.67247e-09
2.67952e-10 1.21714e-09 -1.59597e-09
3.65188e-09 -1.56129e-10 7.15123e-10
-1.37769e-08 -2.33035e-09 2.21435e-09
1.39521e-09 -3.79014e-09 -7.33478e-10
-4.08108e-09 -6.50318e-10 3.03596e-10
7.19973e-09 -2.88774e-09 3.76174e-09
1.83161e-09 4.22446e-09 2.11344e-09
-1.4243e-09 1.0924e-09 6.64431e-10
-5.88171e-09 3.37529e-09 -1.09546e-09
9.80765e-09 -2.97161e-09 3.48022e-09
2.09071e-09 3.00419e-10 6.76116e-10
-8.08146e-10 -3.12057e-10 -1.86279e-09
-1.20672e-09 7.60628e-10 -6.17458e-10
-2.69626e-10 3.48548e-10 4.93018e-10
7.32706e-09 -6.99339e-09 2.74307e-09
-4.66012e-09 -1.18229e-09 1.28882e-09
9.96585e-09 2.78138e-10 2.31644e-09
6.32536e-10 1.46696e-09 -1.54062e-10
8.07863e-09 -1.0208e-08 5.17182e-09
2.7666e-09 -6.97281e-09 3.46914e-09
2.74162e-09 -6.01525e-09 1.47083e-09
1.73847e-09 1.16542e-08 8.523e-10
-7.45567e-10 3.27162e-09 3.75763e-11
1.39409e-11 1.51803e-09 -2.82347e-10
-3.60578e-08 6.92581e-08 4.56382e-07
2.6397e-10 -3.66275e-09 2.5599e-09
0.0 0.0 -3.8832e-08
-1.57558e-09 -5.62968e-09 4.35423e-09
2.26722e-09 8.52601e-09 1.38864e-08
-6.19269e-10 1.56974e-09 -9.48314e-10
1.27027e-08 -7.69121e-09 5.75831e-09
-2.57964e-09 8.54523e-09 -2.08385e-10
2.43577e-09 2.23984e-09 5.21578e-09
-9.51897e-09 -9.257e-09 1.98163e-09
7.63009e-09 -1.18709e-08 4.46601e-09
4.01644e-10 9.60504e-10 -4.36206e-10
-1.95494e-09 1.76979e-08 5.5722e-09
1.46809e-08 -1.9289e-08 -1.96066e-08
-1.9066e-09 5.49574e-09 -1.28808e-09
-9.86926e-09 -2.49347e-09 2.81003e-09
7.72472e-09 -1.54076e-09 -3.24366e-08
-5.94063e-09 5.75846e-09 -2.14229e-09
-5.76894e-09 -4.81698e-09 4.11235e-09
2.34703e-09 4.03986e-09 -3.18132e-10
-1.00753e-08 6.48201e-09 -9.26467e-09
4.2052e-09 -1.32822e-08 1.11536e-08
-1.03739e-08 -2.98432e-09 4.19964e-11
6.31414e-09 2.27403e-09 1.36515e-10
-3.74172e-09 -5.75625e-11 2.2201e-09
4.57592e-09 -1.03176e-08 7.96724e-09
2.9476e-09 7.58626e-10 -7.82964e-10
-1.21558e-09 -7.62211e-09 5.72365e-09
7.61527e-09 -8.15793e-09 5.14931e-09
1.1952e-09 4.34478e-09 2.78614e-09
0.0 0.0 -3.8832e-08
-1.75924e-09 1.39546e-09 -4.17899e-08
-1.23524e-09 -1.61302e-09 -3.36896e-10
-1.28829e-08 9.45973e-09 -2.70638e-08
-1.29403e-08 8.01809e-11 -5.47597e-10
5.02634e-09 -1.48537e-09 1.64237e-09
1.10856e-09 -1.71338e-09 -1.15829e-11
-1.44232e-08 -8.14823e-09 1.07749e-08
-4.7692e-09 -5.97692e-10 -9.23424e-10
3.0583e-09 -3.81066e-10 -1.131e-09
5.59168e-09 1.07969e-08 3.47016e-10
3.13285e-09 -1.74668e-09 -3.1604e-09
3.57272e-11 -1.46825e-10 6.10067e-10
1.11772e-10 -1.20571e-09 3.82763e-10
0.0 0.0 -3.8832e-08
1.60328e-09 -6.61089e-10 2.26793e-10
-3.03646e-09 7.28892e-10 -9.44199e-10
-1.86231e-10 -8.16439e-10 1.48474e-09
-3.57958e-09 9.14158e-09 2.13502e-10
7.13513e-09 7.46748e-09 3.2879e-09
6.47585e-09 -4.76965e-09 -3.44128e-09
-9.34828e-09 -7.40718e-11 -5.77615e-09
2.60098e-09 1.12307e-10 -1.09243e-08
5.73353e-09 -1.65715e-08 5.77468e-09
2.27895e-09 -1.39415e-09 1.92226e-09
1.18468e-08 -2.85356e-09 2.83808e-09
6.22711e-09 -8.86326e-10 3.51923e-10
-8.01011e-09 -1.336e-08 -1.49532e-09
4.98491e-09 3.3908e-09 -3.25305e-09
-2.58729e-09 -2.69609e-09 1.16701e-09
7.47416e-09 -1.41437e-09 1.40505e-09
1.28213e-08 -6.66063e-09 1.50021e-09
6.98222e-09 -2.31173e-09 1.20352e-08
7.11354e-09 -4.03645e-09 -3.67288e-09
1.05203e-08 -1.03158e-08 -6.16706e-10
-8.15845e-09 -8.69154e-10 1.20746e-08
4.10595e-09 4.12983e-09 -6.10701e-09
0.0 0.0 -3.8832e-08
2.52414e-10 -1.03791e-09 -5.71884e-10
9.77435e-09 -9.67664e-09 1.36146e-08
2.75661e-09 -5.67155e-09 4.18882e-09
1.05598e-08 -3.27851e-09 3.55607e-09
7.96623e-10 -1.346e-10 -2.97591e-10
1.96831e-09 3.58364e-09 -1.13166e-10
-3.3873e-09 2.31292e-09 6.45907e-10
-4.80405e-09 2.20233e-10 8.80532e-09
2.64867e-09 -3.06688e-09 6.9723e-11
-1.15839e-08 5.70854e-09 -1.31344e-08
1.58368e-08 -7.73031e-09 -2.63033e-09
2.66703e-09 7.67744e-09 -9.51911e-09
-9.06545e-09 2.48019e-09 -5.81675e-09
1.29907e-08 -2.62348e-09 7.45833e-09
9.84966e-10 -3.29301e-09 -2.33663e-09
1.92551e-10 -2.20444e-09 4.42728e-09
-4.66798e-10 -1.61359e-09 -2.10154e-09
1.33634e-09 8.95897e-10 -2.63014e-08
-2.31894e-09 -9.61142e-10 1.47047e-09
3.05561e-09 -4.75286e-10 6.53646e-10
-2.50125e-09 -2.91024e-09 7.48823e-10
2.41782e-09 2.26613e-09 7.28219e-10
2.40778e-09 -6.5222e-10 7.57188e-10
9.95945e-09 -4.66325e-09 1.97217e-09
-1.02963e-08 -6.71466e-10 4.42958e-09
7.62348e-09 -6.32012e-10 -3.25013e-08
-2.23645e-11 1.32027e-10 9.07469e-10
-1.18558e-08 1.06169e-08 2.87736e-09
-6.07291e-09 -8.63623e-10 7.36615e-09
3.3884e-09 1.19441e-10 -6.05445e-10
9.78339e-09 6.30499e-09 -6.61683e-09
-9.71797e-09 -4.72343e-09 3.32934e-09
-4.78183e-09 -6.74718e-11 -2.06103e-10
1.06193e-08 1.95123e-09 -5.62804e-09
1.79004e-09 7.30473e-10 6.48842e-10
1.35186e-10 4.61782e-10 -9.08163e-10
2.13795e-09 -2.02925e-09 7.94758e-09
3.70827e-09 3.98455e-10 6.09076e-11
-1.76365e-09 -1.13863e-09 6.04979e-10
-7.27724e-10 -1.99358e-09 -2.54334e-09
-4.09549e-09 -5.193e-09 1.35764e-09
7.05426e-09 2.36112e-09 1.21397e-08
-1.17902e-08 1.44629e-08 -1.9789e-08
7.7765e-12 -1.62233e-11 -3.2714e-12
7.84621e-09 -8.43157e-09 6.6195e-09
8.28768e-11 -4.04025e-09 3.12536e-09
-2.75627e-09 -2.4708e-09 -8.82424e-10
-1.43207e-08 6.96138e-10 -7.66342e-10
3.37658e-09 -4.30092e-09 8.77188e-09
2.54077e-09 4.54056e-09 -2.25893e-09
-7.50863e-09 -7.58493e-10 -2.19228e-09
8.29549e-09 -1.51218e-10 8.95559e-09
8.86547e-09 1.43143e-09 5.19978e-10
-2.50426e-09 4.74211e-09 -3.99134e-09
2.37e-09 -2.88345e-09 5.19631e-09
-1.03988e-08 -5.52167e-09 -1.25213e-09
-7.51743e-09 -3.22144e-09 3.04547e-10
-3.41792e-09 -7.77258e-09 3.87169e-09
7.34056e-09 -8.56395e-09 -4.13943e-09
1.13446e-08 -1.32742e-09 -2.92774e-08
-1.33782e-08 4.8505e-09 2.99449e-10
1.97128e-09 2.987e-09 -2.42569e-09
-4.9107e-09 -4.33821e-09 3.56875e-10
-5.6719e-09 -2.66229e-09 -4.95079e-10
1.71e-09 -1.52358e-10 1.70766e-09
3.01766e-09 1.50478e-09 -8.14435e-10
-3.91587e-09 3.10394e-09 -2.2563e-10
-1.48576e-09 -4.87178e-09 6.0678e-09
-7.78881e-09 -1.4367e-08 -2.14886e-09
5.50586e-09 -6.75676e-09 3.45405e-10
6.13866e-09 -1.01196e-09 -1.79009e-10
-3.28406e-09 -2.92825e-09 -1.71359e-09
1.09862e-08 -3.88439e-10 5.56961e-09
-1.52521e-08 2.14807e-08 -2.11991e-08
5.65545e-09 7.28786e-10 2.78737e-10
8.37613e-09 1.7161e-09 -2.54582e-09
-1.67253e-09 -1.00755e-08 6.65504e-09
-3.17607e-09 2.21879e-10 -4.36769e-09
-4.02202e-09 6.5599e-09 -6.52068e-09
9.39959e-10 -1.00814e-10 -4.79138e-10
3.37335e-09 4.67755e-09 1.07875e-09
-4.89252e-09 1.53515e-10 -7.04646e-10
6.46171e-09 -1.67527e-08 6.5828e-09
7.02286e-09 1.35714e-08 4.07567e-09
-2.41043e-09 2.02357e-09 5.29505e-10
1.32301e-09 1.85585e-09 9.59785e-10
5.0346e-09 4.44777e-09 -2.18655e-09
4.93414e-10 -7.27119e-09 6.00728e-09
1.75926e-10 -6.59284e-09 1.42457e-09
2.64064e-09 3.35008e-09 -2.20231e-10
-1.14893e-08 1.68102e-09 -7.18842e-12
5.56049e-09 -4.04472e-09 3.02137e-09
-1.38158e-09 -2.06735e-09 2.92725e-09
-3.06288e-10 1.08251e-09 -1.23556e-09
-1.73226e-08 1.49323e-08 -1.94342e-08
-2.34552e-10 -1.8292e-09 3.91519e-10
5.36736e-09 -2.4753e-09 -5.15859e-10
5.81309e-10 -4.52537e-09 2.93005e-09
0.0 0.0 -3.8832e-08
1.26107e-08 -1.4619e-08 1.11929e-08
-1.98012e-10 -8.04211e-09 -1.73339e-09
6.33594e-11 -1.49953e-09 7.38143e-09
-1.08532e-08 -5.21656e-12 -8.80891e-10
5.14159e-09 -4.25183e-10 -3.45572e-08
6.64268e-09 3.99431e-11 -2.52998e-10
8.74312e-09 -7.99309e-09 6.66847e-09
2.61978e-09 -1.25546e-09 8.66862e-09
-7.75877e-09 -8.73236e-09 1.95459e-09
5.10491e-09 -2.75068e-09 2.43603e-09
-3.00219e-09 2.51171e-09 -2.07111e-09
5.24891e-09 1.52021e-09 -8.98223e-10
8.87937e-09 -1.20162e-09 2.37334e-09
3.84517e-10 9.40927e-09 -9.04672e-09
2.10394e-11 -2.70172e-09 7.37499e-10
1.32087e-08 1.15532e-08 1.7218e-09
9.72458e-10 -2.50278e-09 1.22423e-09
-2.97096e-11 -7.13977e-10 8.05756e-10
9.03112e-10 1.07249e-09 1.24308e-09
5.62729e-09 5.77583e-09 -6.6187e-11
4.4615e-09 -5.45174e-09 -2.43786e-09
-1.5163e-08 2.16751e-09 -2.07943e-09
-1.85021e-09 4.44499e-09 -1.08411e-08
1.52691e-09 9.59752e-10 -6.78765e-09
2.63366e-09 3.2583e-09 -2.8431e-09
-6.63571e-09 1.05128e-09 7.62541e-10
-1.51944e-10 2.43264e-09 -1.17993e-09
1.10383e-08 -5.17664e-09 6.67251e-09
2.09748e-09 1.88796e-09 -4.03592e-11
-1.02106e-08 -3.26875e-10 -4.89769e-10
1.22528e-08 -1.42827e-08 5.60503e-09
-2.64752e-10 1.09979e-09 -1.12814e-09
2.76535e-09 -1.36373e-08 -7.22181e-09
8.17107e-09 5.51782e-10 -5.67495e-09
8.94509e-10 2.87975e-09 -3.36403e-09
5.49503e-10 2.44352e-09 -8.84219e-09
-1.30926e-09 -6.65067e-10 -2.65722e-10
9.32609e-10 3.47973e-10 6.20534e-09
-2.82908e-09 1.06907e-09 -2.79173e-10
-7.34322e-10 -1.86197e-09 7.09459e-09
1.60212e-08 -1.114e-08 2.65729e-09
6.35049e-09 -1.20809e-09 1.81419e-09
0.0 0.0 -3.8832e-08
4.8607e-09 3.13849e-09 -5.33908e-09
1.1908e-08 -1.01799e-09 3.25354e-09
6.62629e-10 -7.9466e-09 5.42292e-09
9.62253e-11 7.52993e-09 -4.37831e-10
2.25826e-09 -3.07594e-09 5.97918e-09
1.92086e-09 -6.44086e-11 1.36061e-09
1.91458e-09 -5.5521e-10 7.2671e-09
5.04073e-09 2.00274e-09 -6.19524e-10
-4.42272e-09 5.11862e-10 1.19402e-09
2.99298e-09 4.10033e-09 -2.66253e-09
-1.28173e-09 -3.36291e-09 -3.58592e-09
-1.73763e-09 -7.58088e-09 2.02536e-09
3.16649e-09 -3.63902e-09 9.05451e-09
3.71686e-09 -5.58858e-09 2.12751e-10
1.78725e-09 3.02716e-09 -2.1393e-09
5.15139e-09 -1.55385e-09 -2.14784e-10
1.41093e-09 -1.98189e-10 -3.25368e-09
2.83924e-09 3.64955e-09 -2.8793e-09
-4.53703e-09 5.04056e-09 1.02431e-09
-4.20769e-09 -4.58529e-09 4.04451e-09
4.21754e-09 -2.09381e-09 2.42449e-10
1.43079e-09 1.51116e-10 1.3083e-09
3.0364e-09 -4.59195e-09 -3.38073e-10
5.99043e-09 4.59468e-10 -1.48505e-09
-9.753e-09 2.98351e-09 -2.1135e-09
1.70667e-08 1.47062e-08 -1.24917e-08
1.48225e-08 -1.83482e-08 -4.95229e-08
-1.67589e-09 -2.92185e-09 -1.18453e-09
-1.03896e-09 6.45109e-09 -1.09351e-09
4.67363e-09 -1.1155e-09 9.06961e-10
4.57166e-09 -3.0665e-09 6.1877e-09
1.93886e-10 -3.91641e-09 4.93244e-10
-1.3854e-09 -2.61472e-09 4.26334e-09
-2.19476e-09 2.54387e-09 -2.49887e-09
-7.51887e-09 9.44245e-09 -6.61784e-10
6.46256e-09 -4.40097e-09 6.11494e-09
-1.68002e-09 -1.77977e-08 1.35798e-08
-6.62033e-10 2.37929e-09 5.79851e-09
3.28111e-10 8.24858e-10 -6.107e-09
4.077e-09 -2.32788e-09 2.89056e-09
-9.81144e-09 3.14918e-09 1.8747e-08
-5.96347e-09 1.20916e-08 6.53015e-08
0.0 0.0 -3.8832e-08
-3.4426e-10 6.0075e-09 -5.78161e-09
8.66469e-10 1.14335e-09 -1.34637e-09
-9.94324e-09 -8.23017e-11 1.72437e-08
7.13889e-09 -3.10261e-09 -2.67255e-10
7.24422e-09 1.34165e-09 9.10849e-09
-4.5754e-09 -3.22214e-10 2.0118e-10
-1.0668e-09 4.76096e-09 1.72164e-10
-6.68202e-09 1.46608e-09 -3.5944e-09
-2.43901e-09 -2.00102e-09 2.77861e-09
2.95887e-09 -8.97387e-10 3.97119e-09
5.28689e-09 -1.14749e-09 -2.90964e-09
-4.35309e-09 6.94941e-09 -3.7869e-10
1.17457e-09 -2.88319e-09 5.03671e-10
-3.53325e-09 -1.14827e-09 -3.25804e-09
1.49946e-08 3.40652e-09 -5.5954e-10
6.3957e-09 8.45427e-09 -2.13087e-08
1.58269e-09 3.29377e-09 -4.18183e-09
2.71118e-09 -5.89623e-11 6.7165e-10
-1.19547e-09 -7.12276e-10 -2.95327e-11
2.26193e-09 2.43508e-09 2.74518e-09
-4.79409e-09 1.48284e-09 -2.98211e-09
-3.37295e-09 -2.30898e-09 3.12315e-09
3.47846e-09 1.69037e-09 -9.43788e-10
-1.39426e-08 -5.65339e-10 -6.07802e-09
3.6263e-09 3.77541e-09 -1.59104e-09
-2.09508e-09 3.41379e-09 -8.56717e-09
1.92432e-09 -1.34212e-10 -3.46802e-10
3.42786e-09 5.18061e-09 -4.63788e-09
-5.50107e-09 -2.95278e-09 3.16936e-09
5.50345e-09 -3.57551e-09 1.1644e-09
1.71619e-09 -5.65332e-10 5.13436e-09
-2.37145e-10 2.70447e-09 -4.45966e-09
3.77483e-09 -1.91012e-09 8.07672e-09
-3.21124e-09 -3.4026e-09 8.0519e-10
5.45983e-09 4.35516e-09 7.08142e-09
-2.52462e-09 6.6054e-09 -6.32532e-09
-1.28777e-10 -1.50793e-09 -1.78992e-09
-1.47785e-08 2.34628e-09 -8.3864e-10
6.95461e-10 -3.1364e-09 -3.84051e-10
-4.92295e-09 1.81237e-09 4.37481e-09
-6.23709e-09 2.81594e-09 1.12651e-09
8.46669e-10 -4.88051e-09 7.14281e-10
-7.23546e-09 -1.41127e-09 2.93178e-10
1.71223e-09 2.70496e-09 5.40557e-09
5.88706e-09 3.00866e-09 6.29564e-09
-2.29997e-08 1.19043e-08 1.46934e-08
2.1115e-09 -9.24653e-10 1.54254e-08
-3.34682e-11 3.3947e-09 1.91145e-09
1.78993e-09 6.89474e-10 9.37971e-10
7.58352e-09 7.61589e-10 -6.06017e-10
2.40673e-08 8.50637e-09 -1.20497e-09
8.76613e-10 3.84868e-09 -4.04354e-09
-2.06985e-08 -8.15176e-09 -6.46981e-08
2.9101e-09 3.25238e-10 -1.40478e-09
-5.68268e-09 1.7296e-10 -7.10312e-10
4.42672e-10 6.74855e-09 4.50953e-09
0.0 0.0 -3.8832e-08
-7.81449e-11 -2.21976e-09 4.32336e-10
1.37726e-09 -1.90053e-09 -1.07364e-09
3.56244e-09 -1.01715e-09 4.24724e-10
-3.88219e-09 1.61977e-08 -2.2407e-09
-1.7826e-09 4.10844e-09 3.75223e-09
2.21593e-10 -2.04202e-09 1.81033e-09
2.05554e-09 8.97356e-10 -2.31975e-10
1.96296e-09 -4.3854e-09 1.7478e-09
2.16076e-09 -8.35179e-10 -1.64709e-09
2.57955e-10 -1.20666e-09 -2.88388e-10
3.25589e-09 3.50136e-09 -2.0473e-09
2.46903e-09 -3.23765e-09 1.90558e-09
2.93541e-09 9.42093e-10 5.39438e-10
-2.31454e-09 2.06396e-09 -2.98083e-09
3.03654e-09 4.33726e-09 -2.77791e-09
6.265e-10 -2.29357e-09 4.75185e-09
-8.74048e-10 -4.14483e-09 2.2094e-10
-9.46807e-09 -2.87932e-09 2.04412e-09
1.05669e-09 -3.38107e-09 -1.04064e-09
-1.98726e-09 2.19674e-09 -5.46804e-10
5.69488e-09 -2.12761e-09 -2.92462e-10
2.92934e-08 6.82763e-09 -2.66486e-08
-7.29679e-09 -1.71713e-09 -3.04898e-08
-2.29486e-09 1.02266e-08 -1.95501e-08
-4.32367e-10 -2.03082e-09 -7.91969e-10
-2.4676e-09 -3.48085e-10 -1.30341e-09
2.80017e-09 -4.82467e-10 -1.33901e-09
2.40169e-09 -2.26383e-09 2.04484e-09
-3.48278e-09 3.50409e-10 -1.25832e-12
-3.93187e-10 6.45974e-09 -4.10188e-09
5.07211e-09 -2.69421e-09 2.70022e-10
-3.81052e-09 1.19633e-09 -1.15028e-09
-5.0532e-09 -1.03123e-09 4.12763e-10
-5.35323e-09 1.29071e-09 -4.81623e-09
-3.00108e-09 8.23804e-10 7.72787e-09
-5.11882e-09 3.57312e-09 -4.19838e-09
-2.36952e-08 1.08613e-08 -9.80028e-10
-3.44395e-09 -1.71923e-10 -5.35847e-10
-3.0877e-09 2.97674e-09 -9.68821e-10
2.51182e-09 -8.98551e-10 -1.16265e-09
1.30792e-10 -1.74692e-09 3.03971e-09
1.11532e-08 -5.56601e-09 -1.67486e-08
5.04728e-10 -4.11472e-09 2.97955e-09
1.22099e-10 2.74639e-09 -1.33349e-09
4.39674e-09 6.63565e-10 1.18067e-09
2.27749e-08 6.59896e-08 5.30511e-07
-6.20466e-09 -1.70536e-09 4.07308e-09
-2.58433e-10 -1.60397e-09 -8.87904e-10
-1.20253e-09 3.44307e-09 -4.2985e-09
3.96191e-09 -5.40106e-10 3.78159e-10
4.09244e-09 5.82896e-09 1.7534e-09
4.75394e-09 1.3163e-08 2.10023e-09
-5.77763e-09 -4.21151e-09 -8.74224e-10
-1.58045e-09 -2.74475e-09 -6.30587e-09
-3.55458e-09 4.74523e-09 -8.99425e-09
2.66519e-09 6.07614e-09 1.49146e-09
5.74449e-09 -7.41549e-10 -1.0147e-09
4.38523e-09 -1.72048e-09 5.07894e-09
-6.87254e-09 -6.50886e-10 -1.98251e-08
-2.88388e-10 -1.48555e-09 1.86193e-09
1.16579e-09 2.1161e-10 1.4376e-09
3.9235e-09 -2.21818e-09 -1.07328e-10
6.28213e-09 -4.94767e-09 -5.43823e-09
-6.78577e-11 -3.48623e-09 -6.44272e-11
7.13871e-09 -1.14983e-09 1.32609e-09
-2.92165e-09 -2.22395e-09 2.27771e-09
-3.92597e-09 -1.34705e-09 -3.09289e-09
2.56819e-09 7.79511e-10 8.3369e-10
-5.6256e-10 1.27168e-09 2.49634e-10
1.32708e-09 -4.79235e-10 2.12419e-09
-4.19593e-09 -7.94421e-09 3.49996e-09
-2.58369e-09 4.09875e-10 1.6191e-09
4.77988e-09 -2.98511e-09 -4.37158e-10
-9.31833e-10 -6.86749e-09 3.41986e-09
2.23263e-09 7.41698e-10 1.08567e-10
7.37544e-09 -6.22446e-10 -4.16676e-09
1.34923e-08 6.28205e-10 -2.75545e-09
0.0 0.0 -3.8832e-08
-1.0171e-08 -1.00907e-09 3.9066e-09
-6.23869e-09 -1.32766e-09 -3.23367e-10
-2.42804e-09 -1.08438e-09 -7.7822e-09
4.08139e-10 -1.71372e-09 6.55714e-11
2.11986e-09 3.88935e-09 2.24987e-09
-8.36044e-10 -1.49981e-09 -1.03978e-09
8.28374e-09 -1.32723e-08 2.30299e-09
2.68332e-09 7.65543e-09 -9.54541e-09
3.37618e-09 -9.47023e-10 -1.36651e-09
7.23304e-09 -9.38436e-09 -2.98043e-09
-1.43133e-08 -2.55266e-08 -3.57376e-08
8.64116e-09 -1.25741e-09 5.07432e-10
-4.1856e-09 9.27443e-10 -2.57419e-10
4.98706e-09 1.82329e-09 -1.10159e-09
1.92212e-09 -2.01058e-09 -1.46169e-09
3.19457e-09 6.57415e-10 -3.98773e-09
3.17566e-09 -4.67049e-09 1.8321e-09
2.30372e-09 -1.94202e-09 4.33207e-11
-2.99096e-09 1.98079e-09 -3.3611e-09
4.33994e-09 6.82365e-10 -3.49786e-09
-5.50908e-09 6.56842e-09 -6.4374e-09
-6.07079e-09 7.06098e-09 -4.9008e-09
4.70362e-09 7.96744e-10 -4.29612e-09
-5.21677e-09 -8.68262e-10 4.43762e-09
6.66261e-09 2.1341e-09 -5.7679e-10
0.0 0.0 -3.8832e-08
1.38312e-10 1.69259e-09 -1.38608e-09
6.81618e-10 5.6565e-10 2.3917e-09
6.68357e-09 -1.11951e-09 -6.61741e-10
2.19286e-09 5.38172e-09 -5.15099e-10
-2.72255e-09 7.75715e-10 -7.80636e-10
-6.80044e-10 -2.58352e-09 1.54197e-09
-1.61089e-09 5.42053e-09 -2.47505e-09
1.30565e-09 -1.47745e-09 5.75872e-09
1.12092e-09 -1.66279e-09 2.39391e-09
-3.65435e-10 -4.23056e-10 6.00853e-10
-1.16656e-09 -2.03467e-09 7.75324e-10
7.90168e-09 4.2542e-09 -6.08966e-09
-1.51791e-10 -2.49693e-09 -1.25759e-09
-5.85881e-09 9.05735e-10 5.81158e-09
-7.10549e-10 -2.83917e-09 -2.73214e-08
4.55498e-09 -4.36837e-10 -7.84608e-09
2.24709e-09 2.82702e-09 -1.05142e-09
-3.27076e-09 9.49629e-09 -8.89451e-09
1.63882e-10 5.75737e-10 -5.33624e-10
-2.52712e-09 1.72883e-09 6.86578e-11
-1.73764e-09 -1.99982e-09 2.35037e-10
2.08623e-09 -2.38108e-09 1.40673e-09
4.76001e-09 -3.27524e-09 -3.54819e-09
-8.95042e-10 4.733e-09 -1.4199e-08
-1.23191e-08 1.76163e-09 -8.03041e-10
-1.50454e-08 -1.73988e-09 4.33676e-09
-1.56252e-09 1.07602e-09 -1.67081e-09
2.79609e-09 2.00147e-09 -4.80745e-10
3.57502e-10 1.11026e-09 -1.95829e-10
9.61228e-09 -4.25161e-09 2.6063e-09
-4.18493e-09 1.21527e-09 -2.66787e-10
4.17476e-10 -3.20977e-09 1.17117e-08
1.51457e-09 4.06824e-09 -6.95281e-09
-6.20727e-10 -5.54578e-10 5.37058e-09
-1.30605e-09 2.13215e-10 -6.42584e-10
6.24887e-09 -4.63442e-09 4.02419e-09
-3.13831e-09 -3.68997e-09 2.37337e-09
4.32474e-10 -2.68909e-10 -8.65753e-11
-6.2836e-09 -1.24384e-10 -1.41239e-09
1.17397e-09 -2.93348e-09 1.50185e-09
-7.04114e-10 -1.2827e-08 -7.16732e-09
3.92123e-09 4.5084e-09 -3.595e-10
-9.6181e-10 1.25471e-09 2.50793e-09
2.42432e-09 1.05134e-09 -4.1475e-09
-1.32217e-09 -9.03388e-10 -1.35841e-09
-4.67354e-09 -9.40561e-10 5.43931e-09
-3.90594e-10 6.21131e-09 3.81091e-09
1.5109e-09 -1.90222e-09 3.26503e-09
-6.76196e-10 3.07211e-09 -6.18812e-09
2.07481e-09 -1.96084e-09 -1.3163e-10
-3.47233e-10 3.76331e-09 -6.78246e-10
1.12916e-10 -3.61091e-10 4.64973e-10
2.34835e-09 -1.79897e-10 -2.45301e-09
2.32219e-09 1.88557e-09 -3.82009e-10
-4.7547e-09 7.31754e-09 -3.21207e-08
1.09137e-09 -1.99638e-09 1.91503e-09
-2.4762e-09 -2.24914e-09 -8.8728e-10
-2.00835e-09 2.39532e-09 -8.1022e-10
-1.22547e-09 1.8819e-10 1.94348e-09
-3.66192e-09 2.33649e-09 -4.37149e-10
3.29317e-09 -5.11438e-10 5.15626e-10
2.93411e-09 -1.69467e-09 1.66059e-09
3.17489e-09 -5.44652e-10 -4.72793e-11
-1.27516e-08 -2.62344e-09 2.89388e-09
2.54691e-09 -7.88214e-10 5.81983e-10
2.06721e-09 -4.41589e-09 9.12352e-10
-2.30236e-09 2.21822e-10 8.78343e-11
-1.03773e-08 4.62244e-09 -6.99094e-09
2.18169e-10 -1.92047e-09 1.09459e-09
-1.68601e-09 1.61967e-09 -2.39174e-10
4.28852e-11 -1.85904e-11 7.50141e-11
-1.33954e-10 -3.15423e-09 2.12625e-09
-1.98113e-11 1.88562e-09 -7.20627e-09
1.37308e-09 -1.34847e-09 4.80993e-09
2.35431e-09 -1.10967e-09 1.3554e-09
5.46772e-09 -3.86013e-09 2.48151e-09
-1.25441e-09 1.98139e-09 -1.71992e-09
-4.1138e-09 4.84534e-09 -7.64728e-09
2.36503e-08 2.21559e-08 4.1808e-08
-5.30271e-10 1.12959e-09 -7.28182e-10
4.8288e-09 -4.57992e-09 1.20997e-09
-3.03284e-09 -1.10642e-09 -4.92782e-10
1.78593e-09 9.03134e-09 -4.43615e-09
-2.42079e-09 -8.3955e-10 1.26497e-09
8.05587e-09 -2.62825e-09 2.07281e-09
2.1074e-09 2.47012e-09 -1.14298e-09
3.60509e-09 -4.12659e-09 7.89396e-09
2.01454e-09 9.64766e-10 -5.50755e-10
-3.18875e-09 -2.07954e-09 7.66732e-09
1.68534e-09 8.73299e-10 -1.45445e-09
-9.56688e-10 -2.97565e-09 -2.17122e-09
-7.93019e-08 9.0773e-08 7.99555e-08
-2.49559e-10 7.12038e-10 -2.55717e-09
8.33648e-10 -8.53231e-10 -1.74118e-09
2.4769e-09 5.06911e-09 -5.72207e-09
-1.14932e-09 -2.11948e-09 2.98951e-11
5.59487e-09 3.84256e-09 1.20755e-09
-9.98014e-09 -3.88414e-09 4.00358e-09
-3.54868e-09 -4.47764e-10 4.0042e-10
7.57909e-09 -1.14898e-09 2.44393e-09
5.13356e-10 1.7749e-09 4.38378e-10
-1.48073e-09 1.98938e-10 -9.6752e-10
-1.66515e-09 2.59054e-09 -2.70929e-09
5.55778e-09 2.86624e-10 5.89565e-10
-1.53898e-09 -1.77745e-09 7.27783e-10
-2.81622e-09 -2.06896e-09 -7.89032e-09
2.14238e-09 1.4326e-11 2.06372e-10
-3.62535e-09 1.50111e-09 1.02068e-09
2.03544e-10 -2.89448e-10 -5.79181e-09
3.85153e-09 2.06576e-09 2.06782e-10
-2.15351e-09 -2.20505e-09 4.76697e-09
-4.96851e-09 8.12251e-10 -5.0295e-11
2.38541e-09 8.45787e-10 1.19265e-09
1.94739e-09 1.24176e-09 -1.03594e-09
-1.12874e-09 -1.26198e-09 -5.28497e-09
-5.52073e-10 -6.79929e-09 -1.93426e-09
-8.56615e-09 8.15684e-10 -1.82229e-09
3.55929e-09 -1.07422e-09 2.78023e-09
7.39596e-10 -2.63056e-10 -1.01179e-10
7.42209e-10 1.36643e-09 5.71957e-10
-1.04383e-09 1.07077e-08 -2.737e-08
2.95343e-09 -1.42654e-09 4.13416e-09
2.77248e-09 1.64192e-09 -1.38137e-09
7.37716e-09 -2.09936e-09 1.85771e-09
-5.47545e-10 -2.67687e-09 4.85905e-10
1.60699e-09 -2.75911e-09 6.84713e-10
-5.57192e-09 1.06292e-08 -3.16486e-08
5.49641e-10 4.64871e-10 3.95371e-09
-1.04826e-09 6.50702e-10 1.93601e-09
1.4583e-09 3.20406e-09 -2.39861e-09
1.3789e-08 -1.30513e-08 1.08354e-09
-5.06635e-09 1.70308e-09 -7.42044e-11
8.64364e-09 -4.28711e-08 1.46692e-08
1.40732e-09 -2.09709e-09 1.80072e-09
-6.14206e-09 1.08617e-09 -1.03267e-09
6.43253e-10 -3.69903e-10 5.54429e-10
2.43629e-09 2.72368e-10 -1.19734e-09
-7.60993e-10 1.5542e-08 -8.78573e-09
-4.21176e-09 2.52681e-09 -4.03086e-09
1.41867e-08 -2.6205e-08 -2.18819e-09
3.76378e-09 7.77637e-10 4.0085e-10
-1.63073e-09 -1.98154e-09 -5.26498e-10
-3.48693e-10 -5.59056e-09 3.21224e-09
-3.94914e-09 2.81428e-09 3.83355e-09
-6.92109e-09 3.04907e-09 1.44343e-09
5.13707e-09 -1.13362e-08 1.90839e-09
-1.10494e-09 -2.46821e-09 -2.47865e-10
1.68267e-09 -2.59583e-10 -2.79506e-09
5.99329e-09 -1.97547e-09 -5.86144e-09
7.21287e-09 -2.47756e-10 9.60371e-10
-2.82029e-09 2.41428e-09 -3.78143e-09
2.15717e-09 -8.88434e-10 -6.05204e-10
3.45573e-10 -2.99121e-09 1.69314e-09
-8.22676e-09 -4.01504e-09 -1.10838e-09
-3.9261e-09 -1.71145e-09 6.45986e-10
2.30892e-09 -1.03379e-10 -9.02401e-10
-5.03168e-09 -7.46708e-10 -5.46311e-09
3.4668e-10 7.60961e-10 -2.569e-11
9.1849e-09 2.23337e-09 -1.19115e-09
-3.08906e-09 2.73532e-09 -2.41994e-09
5.15238e-12 1.6475e-09 6.78087e-10
7.13949e-10 2.22662e-09 -4.84452e-09
3.1223e-09 9.85409e-10 -1.08873e-09
6.61589e-09 -9.18225e-10 2.76919e-09
8.2846e-10 -6.04942e-10 1.19839e-09
8.29052e-10 -3.90654e-09 -8.81491e-11
-9.18809e-09 -4.61733e-10 1.03196e-09
1.97087e-08 4.79126e-09 -3.32196e-09
3.15777e-09 1.26239e-09 -1.32658e-10
2.40784e-10 1.69811e-09 -5.66113e-09
-4.38929e-09 4.96383e-09 1.21415e-08
3.00066e-10 1.24686e-09 -7.34523e-10
-6.85222e-10 -1.39628e-09 -2.32436e-09
2.86661e-09 -4.75428e-09 -4.94934e-09
-2.07518e-09 1.53075e-09 -4.55547e-09
-3.23154e-09 5.29601e-09 -1.16742e-08
5.98034e-09 -1.11441e-08 4.13365e-09
7.30039e-09 -6.26748e-09 -2.00078e-09
3.04958e-09 3.23484e-09 -6.85451e-09
2.29718e-09 1.6087e-09 4.36149e-10
-2.28751e-08 -1.31959e-08 4.05312e-08
-2.52323e-10 2.25485e-10 -3.80093e-08
2.27083e-09 6.28872e-09 5.53427e-09
-2.76172e-09 -2.19748e-09 1.16909e-09
4.69422e-09 7.9281e-09 -1.91023e-09
2.7583e-11 4.01223e-10 -5.79512e-09
-4.2838e-10 4.21315e-09 -2.17391e-09
-7.8225e-10 -2.26602e-10 3.477e-09
-1.43204e-10 -7.5763e-10 3.27482e-10
2.28903e-09 8.0591e-09 -6.83493e-09
-1.25686e-09 -1.48502e-09 1.98371e-09
-1.68144e-09 -4.97662e-09 -1.98655e-08
1.09996e-10 7.41099e-10 -1.92837e-09
-7.20434e-09 1.04908e-08 -2.98954e-08
0.0 0.0 -3.8832e-08
-2.23864e-09 -1.99081e-10 1.09822e-09
2.04557e-09 -5.91769e-10 5.33705e-10
-8.17996e-10 -7.22713e-10 -1.98298e-11
5.4901e-10 4.90546e-09 1.44175e-09
-2.14111e-09 -5.28254e-10 -2.04931e-09
-1.35849e-09 -8.22558e-10 -1.14132e-09
1.47901e-08 -9.5287e-09 -9.97213e-10
7.1521e-10 1.00403e-09 -3.12953e-09
8.02411e-10 -1.78098e-09 1.15007e-09
4.13076e-09 -1.20318e-09 1.27711e-09
-6.17801e-09 1.95305e-09 -3.85646e-09
2.21142e-10 5.84084e-10 -1.49607e-09
-2.14865e-09 4.79952e-10 -1.97028e-09
-6.3302e-09 7.47556e-10 -1.06839e-09
1.58403e-08 -1.00381e-08 8.48181e-09
-3.79886e-09 -3.97365e-10 5.72336e-10
2.72751e-10 -3.654e-09 1.44352e-09
-3.11622e-09 -1.9541e-09 2.31253e-09
-4.283e-09 -3.22406e-09 6.82662e-09
5.99426e-10 2.67863e-09 -2.11724e-09
2.15888e-09 1.69766e-09 5.04584e-09
3.75841e-11 2.94367e-09 4.71773e-11
1.65653e-09 3.42881e-09 2.63571e-10
0.0 0.0 -3.8832e-08
1.30644e-09 3.59066e-10 -8.42819e-09
-6.14665e-10 1.15147e-09 -1.31693e-09
3.32621e-10 5.54605e-09 -4.23237e-10
-1.37885e-09 2.33738e-08 1.66777e-08
3.70109e-09 6.7226e-09 7.91301e-10
9.64777e-10 -2.14559e-09 -6.83175e-10
1.67923e-09 -1.07399e-09 1.47609e-08
2.50718e-09 3.53092e-10 -2.55558e-09
2.65805e-09 7.60507e-09 -2.54053e-08
-2.86382e-09 2.03436e-09 -7.72883e-10
-2.03757e-09 3.9031e-10 -3.08922e-09
6.61746e-10 -3.20788e-09 -9.37714e-10
-1.56118e-09 -6.56593e-10 -3.20464e-10
-5.79898e-09 4.54244e-09 -2.56495e-09
-3.11805e-10 -1.37689e-09 8.46263e-10
5.05534e-09 -4.16152e-09 -6.69459e-10
2.05152e-09 -5.03559e-09 2.56629e-09
-8.00016e-09 7.96222e-09 -6.71105e-09
-1.09882e-09 -3.33446e-10 9.20044e-10
-2.12176e-09 8.83412e-10 7.13645e-10
-3.33653e-11 3.70478e-09 -3.4813e-10
-1.91799e-08 -4.25542e-10 7.80916e-09
6.24936e-09 5.50991e-09 5.70645e-10
-7.86263e-09 -4.28488e-09 3.58348e-09
-2.15293e-09 7.76497e-10 6.25899e-09
-2.61769e-10 -1.67645e-09 5.70047e-10
6.43892e-11 -2.80546e-10 -3.39029e-09
-7.72874e-09 1.10524e-08 -2.97243e-08
-3.0035e-09 -8.05096e-09 4.75683e-09
1.85864e-09 1.25485e-09 -4.06896e-09
2.32962e-10 3.96019e-09 9.13556e-10
-7.45896e-09 4.33718e-09 -1.56978e-09
-7.60577e-09 -5.01246e-09 -7.8518e-10
5.76889e-09 2.86333e-09 -1.25482e-09
3.41113e-09 -8.85863e-12 -3.16176e-09
-4.30816e-09 1.42626e-09 -1.05385e-09
3.19617e-09 1.57367e-09 -3.10535e-10
-1.68134e-09 1.0671e-09 -6.17761e-09
-1.65015e-09 5.36315e-09 -8.85364e-10
-3.75156e-09 -3.94979e-09 -4.8821e-10
4.36412e-11 -6.41183e-09 6.93642e-09
-6.20598e-10 -2.11458e-09 1.23819e-09
2.74228e-09 4.79198e-10 -4.80684e-10
-3.44885e-10 5.30339e-10 -5.48591e-09
-3.1354e-09 -5.90716e-10 -4.27963e-10
-2.23204e-09 1.69053e-09 -3.38264e-09
-1.08332e-08 -1.51146e-09 6.40749e-09
4.62118e-09 1.52314e-09 -5.46538e-10
6.46367e-09 -2.86315e-09 -1.68742e-08
1.59844e-09 -2.21801e-09 -4.0959e-10
7.80476e-09 6.54696e-09 -1.00548e-09
-4.82387e-09 -2.01081e-09 2.55404e-10
3.41453e-09 4.35118e-09 -3.23575e-09
-1.23746e-09 3.76482e-09 1.06173e-09
2.87115e-10 1.37448e-09 -1.2852e-09
-2.38401e-09 1.89764e-09 -6.61924e-10
2.23019e-09 -3.9588e-10 -6.06806e-09
2.15602e-11 1.5435e-09 -9.44525e-10
-4.30317e-09 2.16098e-09 -6.43273e-10
-3.50431e-09 3.52254e-09 -2.38446e-09
-3.18105e-09 -5.08695e-10 5.53429e-10
2.25531e-09 4.22822e-09 -2.01479e-09
2.27764e-09 -1.02511e-09 3.7131e-09
-1.69321e-09 3.08104e-09 -2.15886e-09
-9.08548e-10 -9.51538e-11 -3.3732e-09
-5.59225e-10 -5.23022e-10 5.50432e-09
-2.7869e-09 -6.59874e-11 -6.30748e-10
-9.25013e-10 -1.21255e-09 -1.58794e-09
-5.34828e-09 -1.33142e-09 7.46055e-10
-2.22682e-09 1.38549e-10 -1.06212e-09
1.4141e-09 1.97738e-09 8.54421e-09
5.97231e-09 -9.15178e-10 6.22284e-09
8.15642e-09 -7.03459e-11 1.99285e-09
4.50851e-10 -1.10644e-09 2.83002e-10
4.57932e-09 3.44875e-10 4.70424e-10
0.0 0.0 -3.8832e-08
1.71383e-09 1.73478e-09 1.8056e-09
9.19734e-10 7.13776e-10 -2.89136e-09
-2.04816e-09 2.79966e-09 -1.53763e-09
-8.55281e-10 -1.03564e-09 -4.65848e-09
-4.06826e-09 -4.39305e-09 4.96603e-10
-6.73663e-09 -1.41327e-09 -1.95771e-09
9.35438e-10 3.04527e-09 4.33641e-10
-1.80033e-10 -2.51821e-10 1.23945e-10
-1.14577e-09 2.20354e-09 -1.82741e-09
5.47665e-10 -1.25399e-09 -9.43286e-11
1.23425e-09 6.31183e-10 -5.05282e-09
-3.222e-09 -1.01678e-09 6.79151e-10
-4.51929e-10 -2.91401e-09 -1.18879e-09
2.03954e-09 6.3833e-09 9.37133e-10
-8.47122e-09 -3.01408e-09 4.89789e-10
2.82614e-09 6.29338e-10 -1.8976e-09
2.6809e-10 -3.364e-09 3.50642e-09
-7.76189e-10 2.67946e-09 -1.09052e-08
-8.11717e-10 1.40906e-09 3.43731e-10
-5.96766e-10 2.10838e-09 -1.42051e-09
1.20202e-09 1.45333e-09 -1.9729e-09
4.9473e-10 -9.69002e-10 -3.09928e-09
1.15877e-09 2.83607e-10 -3.98077e-10
-7.4088e-10 4.66499e-09 1.79729e-09
-3.75841e-09 6.72332e-11 8.01787e-10
-2.0019e-09 -4.49407e-09 8.72653e-09
-2.12629e-09 3.71773e-09 -9.67991e-10
1.71361e-09 8.54495e-10 -4.26929e-09
-1.47797e-09 2.64122e-09 -7.88769e-09
-1.95687e-09 2.40428e-09 5.07508e-10
-6.12321e-09 6.28122e-09 -5.26806e-09
-2.06725e-09 5.27473e-09 -1.62313e-08
-5.37402e-10 1.76853e-09 6.82545e-09
-3.29778e-10 1.66956e-09 -1.29393e-09
1.59633e-09 -1.4484e-09 2.75339e-09
1.27864e-09 -1.40081e-09 -2.4053e-09
-3.67018e-09 6.71057e-09 -4.5536e-09
5.09711e-09 1.40377e-09 -5.79027e-09
-2.63091e-09 5.1552e-09 -8.45332e-09
-2.6969e-09 2.49477e-09 -2.04847e-09
3.20424e-09 1.296e-09 -9.78228e-10
-6.30256e-09 3.86288e-09 -1.34067e-09
-6.16075e-10 -4.25968e-09 -8.69051e-10
-2.30101e-09 1.37152e-10 8.53155e-10
-1.01629e-09 -8.84973e-10 -1.04953e-09
-1.72281e-09 1.96141e-09 -1.46866e-09
-1.33002e-09 3.98943e-09 -9.01747e-11
-3.3656e-09 1.35135e-09 -1.94046e-09
8.70154e-10 1.8637e-09 -2.13793e-09
-6.03712e-09 1.14941e-09 -5.96195e-09
-8.36134e-09 4.61399e-09 -4.13352e-09
-1.20317e-09 -1.19123e-09 -7.49329e-11
7.80858e-10 -4.84415e-09 -2.37625e-09
-3.34512e-09 1.26777e-09 -1.41769e-09
7.54921e-11 3.78304e-10 -2.63665e-10
-5.98954e-09 -1.66887e-10 -6.35873e-10
-3.41128e-09 -1.0584e-09 -6.57151e-10
-3.26238e-09 1.82873e-10 -1.03732e-09
-1.42452e-09 -1.42726e-09 -4.5985e-09
-5.42366e-09 6.06846e-09 -5.86975e-09
-2.31571e-09 5.91094e-09 -5.8682e-09
-3.15406e-09 8.11428e-10 -4.68046e-10
-7.01521e-10 3.87798e-09 -1.70291e-09
-2.44129e-09 -4.81312e-09 -7.54174e-10
-3.18727e-09 5.1749e-09 -2.17271e-09
-3.69186e-09 2.76705e-10 7.78424e-10
3.09275e-10 -6.32291e-10 1.25634e-09
-1.12453e-09 -2.20742e-09 9.01889e-10
-4.89032e-10 -1.66084e-09 7.0784e-10
1.91489e-10 -8.16728e-10 3.5707e-09
-2.94999e-10 -1.18835e-09 3.95668e-10
-2.62355e-10 2.18368e-09 -1.05797e-09
-3.48762e-09 2.21417e-09 6.55699e-10
5.88785e-10 2.09108e-10 -4.00334e-09
2.47549e-10 7.29447e-11 -4.88374e-11
2.47056e-09 1.24694e-10 5.83068e-10
1.23607e-08 -3.09023e-09 3.7747e-09
-1.10008e-09 9.33974e-10 -6.33573e-10
-7.17489e-09 3.003e-09 -3.27549e-09
4.77661e-09 6.12553e-10 3.17429e-10
3.551e-10 3.59783e-09 -3.18538e-10
-4.79123e-09 4.94039e-10 3.95526e-10
-1.28141e-09 5.76534e-10 -1.58433e-09
-6.20624e-10 7.5265e-09 -6.62545e-09
-6.69625e-10 -7.72257e-12 6.64355e-10
7.11259e-09 -6.37265e-09 4.01745e-09
-1.89164e-09 1.62032e-09 -2.59698e-09
2.64078e-09 3.30422e-09 -3.47242e-09
2.46623e-09 3.43686e-09 -3.58013e-09
-3.68341e-09 3.02345e-10 -1.06466e-10
-6.45955e-10 3.25688e-09 -2.49003e-09
-1.73573e-09 -1.3128e-09 2.35644e-10
9.96671e-12 -1.78386e-12 -2.63349e-13
-1.899e-09 4.76158e-10 -1.49412e-09
1.39157e-09 3.96527e-10 -4.3017e-09
0.0 0.0 -3.8832e-08
1.14666e-08 -4.26602e-09 1.65701e-08
-1.12113e-10 2.79891e-10 -3.18167e-10
9.11227e-10 7.23434e-10 -8.18689e-11
2.06372e-09 -1.51992e-09 8.87748e-10
6.09013e-09 -1.36468e-09 1.98139e-10
2.05193e-09 2.62661e-10 -3.3877e-10
-1.04219e-09 -2.91652e-10 -2.92991e-10
-2.86035e-09 -6.08165e-10 4.99614e-10
-6.65125e-09 1.04416e-09 -1.10992e-09
1.67291e-09 -1.01183e-09 -4.83338e-10
1.16107e-09 7.19891e-10 7.12833e-11
-2.3949e-10 1.13646e-08 -9.94621e-09
-8.47621e-10 9.76266e-11 -3.22951e-10
2.74679e-09 -6.91133e-10 -5.14771e-10
-2.23574e-09 1.38207e-09 2.17451e-10
-2.49069e-09 2.76791e-09 -1.95572e-10
7.90504e-10 -9.1126e-11 -7.40572e-09
-5.88745e-09 3.88208e-09 -2.861e-09
-6.70625e-10 -1.36703e-09 -2.1401e-10
1.24835e-09 5.38833e-09 3.79401e-10
7.67438e-10 -1.29806e-09 -2.34672e-09
1.0052e-09 -1.03597e-08 1.35039e-09
-2.81794e-09 1.70976e-09 -2.72331e-09
-5.07635e-09 -4.65303e-10 3.47333e-10
-5.057e-10 -2.53467e-09 1.59794e-09
5.18129e-10 2.88699e-09 -6.88144e-09
-3.22124e-09 4.78229e-10 -5.55701e-09
-6.16474e-09 4.73929e-09 -5.41602e-09
-5.22761e-10 -2.11371e-09 3.79571e-10
-9.2045e-10 -4.77284e-09 -2.6088e-09
3.38391e-10 -1.30083e-09 -4.60174e-09
-5.07e-09 -2.29407e-09 -4.8875e-09
