# vtk DataFile Version 3.0
LIGGGHTS particles timestep 46400000
ASCII
DATASET POLYDATA
POINTS 885 float
0.214007 0.0171765 0.00782384
0.225614 0.0168091 0.00779837
0.215342 0.0160541 0.00853503
0.226417 0.0167392 0.0077744
0.209279 0.0181492 0.0070869
0.221265 0.0172051 0.00733098
0.228257 0.0182654 0.0070923
0.219638 0.0161083 0.00848848
0.221235 0.0168788 0.00762713
0.231831 0.0176521 0.00733793
0.23189 0.0179298 0.00724134
0.2315 0.016325 0.00794582
0.221174 0.0176134 0.00725116
0.220407 0.0190874 0.00706846
0.231438 0.0160773 0.00810336
0.219407 0.0155636 0.00892487
0.225053 0.0149685 0.00964745
0.226719 0.0168178 0.00774941
0.231631 0.016848 0.00768223
0.231955 0.0182064 0.00714524
0.226001 0.0162477 0.00821771
0.225986 0.0182907 0.00727942
0.219376 0.0159615 0.00850965
0.220349 0.0187967 0.00711671
0.231195 0.0155172 0.00913556
0.212416 0.0147169 0.0126684
0.2259 0.016873 0.00773042
0.22656 0.0172594 0.00751354
0.226321 0.0199856 0.0070404
0.215061 0.0159767 0.00861367
0.22034 0.0179261 0.00724024
0.232418 0.0191389 0.00696208
0.226745 0.0193409 0.00701056
0.225839 0.0166425 0.00791215
0.219816 0.017579 0.00727233
0.232018 0.0184835 0.00704893
0.231266 0.015654 0.00887827
0.231332 0.0157911 0.00861971
0.2273 0.0183944 0.00699689
0.225715 0.0161951 0.00829224
0.227376 0.0187034 0.00699193
0.232251 0.0196311 0.00707427
0.21435 0.0174606 0.00762022
0.214694 0.0153856 0.00911446
0.219624 0.0168721 0.00781323
0.226839 0.017362 0.00746949
0.220109 0.0167507 0.00773209
0.231695 0.0171135 0.00755841
0.214764 0.0193228 0.00728559
0.226723 0.0182325 0.00701923
0.225124 0.0154 0.0094223
0.227384 0.0173243 0.00752861
0.227064 0.0177988 0.00725412
0.231784 0.0173722 0.0074355
0.227883 0.018699 0.00697335
0.22616 0.0178854 0.00741103
0.225804 0.0175398 0.00731376
0.226199 0.0193985 0.0070302
0.226458 0.0180716 0.00706595
0.224796 0.0148651 0.0107941
0.225869 0.0177951 0.00717026
0.226457 0.0183702 0.0070375
0.224881 0.014807 0.0105124
0.225653 0.0159719 0.00848299
0.2193 0.0149128 0.00975658
0.220343 0.0173042 0.00734159
0.225296 0.0156946 0.0087505
0.225554 0.0165848 0.00798836
0.226614 0.0178546 0.00748702
0.227649 0.0175042 0.00745221
0.226505 0.0195208 0.00701816
0.227359 0.0178532 0.00724645
0.232071 0.0187623 0.00695184
0.228085 0.0184777 0.00696748
0.213668 0.0149948 0.00946318
0.225169 0.0152711 0.00915511
0.225962 0.0171007 0.00754511
0.220154 0.0181581 0.0072031
0.225059 0.0152664 0.0096829
0.22593 0.0180745 0.00707929
0.22629 0.01629 0.00815125
0.226413 0.0180384 0.00736071
0.226259 0.0196924 0.00702591
0.220615 0.0180428 0.00721088
0.208526 0.0181651 0.00732552
0.219787 0.0164285 0.00801238
0.227091 0.0186093 0.00700305
0.219604 0.0158339 0.00865743
0.227073 0.0175341 0.00739505
0.221458 0.0170389 0.00748948
0.231384 0.0159286 0.00835817
0.231565 0.0165861 0.00781307
0.225228 0.0156866 0.00915627
0.225777 0.0164184 0.00810177
0.221432 0.0184585 0.00711947
0.232129 0.0190566 0.00695113
0.226809 0.0176528 0.00731315
0.226093 0.017626 0.00727599
0.219236 0.0156995 0.00912991
0.226184 0.0182276 0.00703905
0.222032 0.0178934 0.00717771
0.226194 0.0179383 0.0071177
0.227368 0.0175885 0.00738739
0.215779 0.0188818 0.00727297
0.225675 0.0170372 0.00761331
0.226893 0.0180113 0.00712919
0.220433 0.0170308 0.00742614
0.213965 0.0171183 0.00753256
0.227446 0.0190978 0.00698656
0.220595 0.0171499 0.00765059
0.226374 0.0177323 0.00724045
0.220878 0.0175698 0.00726952
0.22701 0.0194824 0.00699985
0.225909 0.0177483 0.00750222
0.226125 0.0167011 0.00783025
0.22003 0.0163486 0.0081688
0.219774 0.0174836 0.00755352
0.226808 0.0185195 0.00704173
0.226684 0.0190473 0.00701488
0.227631 0.0188614 0.00698145
0.226502 0.0169938 0.00764049
0.224913 0.014836 0.0102155
0.213759 0.015281 0.0095484
0.225897 0.0180305 0.00740122
0.225452 0.0153044 0.00905539
0.21023 0.0180326 0.00715029
0.227591 0.0184941 0.00699146
0.218525 0.0149665 0.0120315
0.219688 0.0170287 0.00744906
0.219965 0.0161454 0.00837968
0.214789 0.0178656 0.00709809
0.226256 0.0171995 0.00751376
0.213095 0.0151077 0.00944717
0.22747 0.0181646 0.00708925
0.215645 0.0176304 0.00723752
0.218682 0.0146061 0.0112397
0.227191 0.0189397 0.00699703
0.214111 0.015368 0.00916396
0.220553 0.0183336 0.00717158
0.226622 0.0187553 0.00704488
0.226708 0.0175955 0.00760511
0.225231 0.0154748 0.00894386
0.22013 0.0169396 0.0075001
0.220179 0.0170385 0.007779
0.219432 0.0152559 0.00928579
0.220091 0.0174618 0.00729937
0.22764 0.0177689 0.00731126
0.220175 0.0192765 0.00704567
0.226906 0.0188453 0.00700818
0.221809 0.0169718 0.00757498
0.213693 0.0171539 0.00785199
0.232188 0.0193443 0.00701255
0.225365 0.0159162 0.00856042
0.213438 0.0151318 0.00932042
0.220165 0.017645 0.00752505
0.220368 0.0182506 0.00739223
0.219492 0.0163338 0.00805503
0.219047 0.0152158 0.00971663
0.221747 0.0179845 0.00717588
0.226013 0.0184741 0.00704358
0.227098 0.0172377 0.00755401
0.225588 0.0157495 0.00867352
0.207672 0.0169728 0.00752013
0.221196 0.018205 0.00716869
0.225517 0.0155267 0.00886491
0.212451 0.0150391 0.0123397
0.220458 0.0199858 0.00704891
0.226638 0.0178654 0.00718821
0.220916 0.0178639 0.00722502
0.222299 0.0174136 0.00723654
0.220688 0.017165 0.00733452
0.22614 0.0191045 0.00703447
0.227188 0.0180656 0.00712155
0.212864 0.0147943 0.0116568
0.219069 0.0149873 0.00952346
0.224757 0.0149693 0.0110727
0.219313 0.0157391 0.00870077
0.225492 0.0163618 0.00817908
0.219777 0.0172082 0.00767248
0.213971 0.0181773 0.00729579
0.226282 0.0175678 0.00750124
0.20899 0.0187195 0.00711256
0.221016 0.0187837 0.0070887
0.221898 0.0171922 0.00739196
0.227017 0.0183086 0.00708002
0.219606 0.0154345 0.00911896
0.214846 0.0183317 0.0071258
0.222254 0.0181163 0.00713704
0.219137 0.015202 0.00928105
0.219912 0.0155069 0.00910489
0.226545 0.0175195 0.0073649
0.221194 0.0166437 0.00780941
0.215636 0.0216494 0.00774028
0.220529 0.016189 0.00845717
0.221185 0.0190797 0.00703952
0.214319 0.0185639 0.00712521
0.220092 0.0177587 0.00725726
0.22697 0.0191426 0.0070037
0.208887 0.0163969 0.00792018
0.22636 0.0189009 0.00703793
0.220383 0.0168497 0.00766005
0.213233 0.0152728 0.00915023
0.226786 0.0170875 0.00761118
0.224986 0.0148992 0.00993133
0.221791 0.0167442 0.00776973
0.214029 0.0174001 0.00761366
0.221135 0.0184955 0.00712562
0.220703 0.0192489 0.00703376
0.215064 0.0174751 0.00770555
0.226933 0.018006 0.00742655
0.218663 0.0149429 0.0114484
0.219872 0.0159484 0.00858595
0.214067 0.0187268 0.00713362
0.213631 0.015867 0.00864889
0.214276 0.0196629 0.00730593
0.228007 0.0181122 0.00715556
0.219359 0.0150622 0.00950306
0.212661 0.0147996 0.0114354
0.2209 0.0181605 0.00718296
0.214561 0.0197529 0.00734239
0.220597 0.0186289 0.00714222
0.220958 0.0167806 0.00768556
0.215865 0.0163767 0.00824363
0.219556 0.0165741 0.00788728
0.215175 0.0162524 0.00838328
0.215479 0.0188697 0.00726332
0.220735 0.0188889 0.00708439
0.216119 0.016726 0.00794562
0.22772 0.0180267 0.00718033
0.214011 0.0173582 0.0073164
0.22628 0.0186119 0.00703283
0.214257 0.0182755 0.00718019
0.215756 0.0172289 0.00755751
0.21494 0.0180775 0.00725425
0.220201 0.0160524 0.00854061
0.219905 0.0179898 0.00721753
0.220395 0.0196994 0.00698075
0.221488 0.0181358 0.00716381
0.226679 0.0181676 0.00730877
0.220612 0.0165624 0.00799393
0.225431 0.0161385 0.00836987
0.209923 0.018535 0.00708503
0.221464 0.0177443 0.00722113
0.220118 0.0189847 0.00708478
0.226424 0.0191998 0.00702336
0.220897 0.0164043 0.00814523
0.212233 0.0152901 0.0131756
0.218856 0.0150436 0.01057
0.215641 0.0186185 0.00723335
0.214341 0.0188586 0.0071762
0.220978 0.01729 0.00731149
0.213321 0.0155713 0.00921969
0.218625 0.014648 0.0115314
0.222197 0.017194 0.00741395
0.219005 0.0149235 0.00980943
0.227835 0.0183245 0.00703072
0.220323 0.0172748 0.00766257
0.221454 0.0165409 0.00791847
0.226064 0.0164778 0.00802107
0.225742 0.0172802 0.00745043
0.219876 0.0169252 0.00765927
0.20791 0.0163548 0.00836584
0.219359 0.0155394 0.00935152
0.213921 0.0149651 0.00976211
0.209865 0.0179143 0.00740848
0.221213 0.0179079 0.00720726
0.219848 0.01575 0.00880969
0.215817 0.0166079 0.0080585
0.220569 0.0163793 0.00822774
0.219198 0.0154011 0.00906501
0.212446 0.0147408 0.0123709
0.219721 0.0162297 0.00822701
0.213056 0.01493 0.00968722
0.221044 0.017037 0.00745848
0.213998 0.0184037 0.0071007
0.214834 0.0167194 0.00800804
0.226567 0.0198144 0.00702023
0.216297 0.0181903 0.00709587
0.21456 0.0167907 0.00790854
0.213639 0.0163863 0.00816947
0.215073 0.0177925 0.00715873
0.21484 0.0189083 0.00722187
0.219997 0.0184131 0.00721843
0.22005 0.0173709 0.00758247
0.222268 0.0177091 0.00719514
0.214407 0.016139 0.00849223
0.220921 0.0191038 0.0071797
0.220637 0.0177476 0.00726007
0.214407 0.0149722 0.00947589
0.214837 0.0175892 0.00720414
0.215671 0.0176354 0.00753634
0.221495 0.0167676 0.00772631
0.220766 0.016941 0.00751937
0.21894 0.0148598 0.0100954
0.208523 0.0167072 0.00802125
0.222002 0.0174972 0.00723596
0.2075 0.0163585 0.00802415
0.226027 0.0173636 0.00741036
0.2197 0.0157187 0.0090998
0.218733 0.0149372 0.0111562
0.225107 0.0150724 0.00937118
0.219872 0.0178101 0.00745542
0.201887 0.0160992 0.00821511
0.219747 0.0152774 0.00933233
0.219432 0.0161347 0.00827129
0.214616 0.0186029 0.00715402
0.212928 0.0148794 0.0101657
0.213615 0.0168109 0.00777387
0.213907 0.0179721 0.00708644
0.215367 0.0178107 0.00708833
0.221721 0.0173961 0.00726195
0.221771 0.0176884 0.00721731
0.22083 0.0187087 0.00731246
0.213928 0.0163455 0.00824257
0.20231 0.0174084 0.00747356
0.209645 0.0186149 0.0070048
0.208921 0.0171656 0.00767876
0.220347 0.0166495 0.00788415
0.21374 0.0172493 0.00738382
0.207607 0.0166361 0.00798515
0.221314 0.0187543 0.00708142
0.220695 0.0195667 0.00698827
0.220446 0.0194034 0.00702142
0.219819 0.0166499 0.0077642
0.207526 0.0154807 0.008754
0.202085 0.0184166 0.00725259
0.218594 0.0149422 0.0117405
0.220055 0.0165427 0.00794149
0.226357 0.016512 0.00796091
0.213718 0.0152199 0.00925752
0.220362 0.0176296 0.00728026
0.214147 0.0190865 0.00719984
0.226192 0.0169377 0.00764803
0.216142 0.0174404 0.00736221
0.219956 0.0181999 0.00742552
0.214868 0.0151408 0.00930354
0.202094 0.0154151 0.0092285
0.201518 0.0164892 0.0082669
0.209578 0.0167215 0.00762229
0.215459 0.017201 0.00759679
0.218747 0.0146685 0.0109533
0.220601 0.0174498 0.00729684
0.214488 0.0152018 0.00927536
0.220406 0.0186514 0.00737293
0.209494 0.0179471 0.00738775
0.221714 0.018356 0.00712335
0.220284 0.0184777 0.00716102
0.214341 0.0199557 0.00735983
0.214752 0.017404 0.00771801
0.22161 0.0187043 0.0070772
0.220067 0.0186991 0.00716125
0.22044 0.0175277 0.00755136
0.208145 0.0166411 0.00776259
0.207676 0.0164922 0.00823923
0.221963 0.0181888 0.00713784
0.213903 0.0178971 0.00737798
0.21521 0.0178771 0.00741206
0.202779 0.0194312 0.00703214
0.202618 0.018771 0.0070153
0.207914 0.0180597 0.00744937
0.21454 0.0158235 0.00876739
0.212707 0.0147893 0.0111391
0.220108 0.015684 0.00894471
0.215144 0.0183515 0.00715144
0.214635 0.0178739 0.00737821
0.214195 0.0169918 0.00767779
0.208868 0.0157109 0.00860324
0.208674 0.0177472 0.00741975
0.202021 0.0153309 0.00950693
0.214292 0.0174509 0.00726516
0.215169 0.0171135 0.00768385
0.20175 0.0153763 0.00932798
0.21528 0.0184381 0.00743065
0.214546 0.0183141 0.00711172
0.213605 0.0156615 0.00918535
0.215685 0.0179186 0.0073104
0.21315 0.0154077 0.00940516
0.220963 0.0193954 0.00700262
0.220028 0.0171711 0.00733887
0.208498 0.0169578 0.00785812
0.207689 0.0152332 0.00982402
0.218794 0.0149786 0.0108577
0.214601 0.0174608 0.00733753
0.215446 0.0158331 0.00870872
0.216074 0.0180455 0.00735725
0.20887 0.0173147 0.00732051
0.204388 0.0177621 0.00715196
0.221054 0.0175069 0.00750445
0.215326 0.0181495 0.0073636
0.220267 0.0162514 0.00832575
0.220623 0.019091 0.00727614
0.212168 0.0154367 0.0134292
0.208222 0.017194 0.00733634
0.201942 0.0166609 0.00816539
0.208829 0.0161701 0.00810777
0.202929 0.0165914 0.00819035
0.208118 0.0174792 0.0072491
0.212326 0.0148883 0.0128973
0.21531 0.017631 0.00755323
0.208124 0.0157737 0.00871489
0.215851 0.0168383 0.00786943
0.214439 0.0191485 0.00723206
0.213679 0.01703 0.00757913
0.220266 0.015868 0.00876819
0.220305 0.0164504 0.00810462
0.214536 0.0172218 0.00750691
0.202833 0.0155735 0.00856912
0.215026 0.0191759 0.00728059
0.214238 0.0179981 0.00706771
0.209093 0.0160538 0.00818828
0.218876 0.014796 0.0103813
0.214201 0.0151435 0.00934098
0.220659 0.0167597 0.00773319
0.208099 0.0154887 0.00880525
0.209044 0.0158691 0.00841951
0.206865 0.0150479 0.0105221
0.216137 0.0164931 0.00813378
0.215808 0.0181686 0.00742119
0.214725 0.0176664 0.00757507
0.214914 0.0186202 0.00717921
0.21488 0.0173739 0.00740852
0.214094 0.017625 0.00742608
0.200364 0.0151164 0.0126934
0.216034 0.0183249 0.00714764
0.218811 0.0147322 0.0106673
0.213019 0.0151769 0.0098869
0.214053 0.0155829 0.00896291
0.209337 0.015959 0.00833582
0.213512 0.0153674 0.00909601
0.203381 0.0185016 0.00700148
0.215237 0.0186314 0.00720527
0.21544 0.0183876 0.00717968
0.21356 0.0155877 0.0088981
0.215486 0.0178728 0.00753
0.215962 0.0170546 0.00768748
0.20811 0.016167 0.00848706
0.20795 0.0159636 0.00831862
0.209454 0.0176059 0.00725244
0.214212 0.0193747 0.00725289
0.213845 0.0165633 0.00803103
0.208212 0.0180842 0.00747204
0.213286 0.0157888 0.00892321
0.212763 0.0150048 0.0110363
0.215532 0.0206582 0.00756659
0.214493 0.0170012 0.00770564
0.220815 0.0162314 0.00837629
0.220899 0.016591 0.00791042
0.208299 0.0162312 0.00808463
0.208663 0.0165582 0.00780198
0.215575 0.016477 0.00817841
0.20858 0.0189882 0.00721219
0.215185 0.0189233 0.00725023
0.20781 0.0175218 0.00722713
0.207967 0.0182825 0.00718961
0.215185 0.016742 0.00798504
0.214582 0.018826 0.00735169
0.215647 0.0170147 0.00773757
0.209908 0.0180384 0.00713874
0.209839 0.0172265 0.00737606
0.213881 0.0154823 0.00932129
0.208807 0.0180066 0.00733777
0.2145 0.0194641 0.00728944
0.207851 0.0166024 0.00780916
0.207297 0.0156318 0.00863286
0.214311 0.0149173 0.00975453
0.213558 0.0154405 0.00938343
0.214896 0.0161755 0.00846146
0.214587 0.0157359 0.00906354
0.20147 0.0162291 0.00811274
0.214536 0.0180205 0.00705118
0.209585 0.0158689 0.00847797
0.21323 0.0154934 0.00894478
0.207962 0.017024 0.00746439
0.21484 0.0158261 0.00874846
0.214635 0.0162954 0.0083756
0.209545 0.0172834 0.00735034
0.207526 0.0160453 0.00860771
0.219271 0.0153432 0.00956072
0.21238 0.0150867 0.0126272
0.207239 0.0154049 0.00882015
0.19598 0.0183309 0.00697769
0.209068 0.0183582 0.00704449
0.203724 0.0191201 0.00699497
0.2152 0.0180593 0.00710674
0.214879 0.0171536 0.00761205
0.209877 0.0167358 0.00759501
0.209152 0.0162805 0.00800005
0.20838 0.0164901 0.00787178
0.219754 0.0172883 0.00731138
0.213353 0.0159102 0.00854596
0.213552 0.0165917 0.00796888
0.209598 0.0176593 0.00751018
0.203726 0.0173477 0.00742427
0.208363 0.0154148 0.00892825
0.215752 0.0161642 0.00842258
0.214397 0.0154262 0.00909817
0.215535 0.016735 0.00797109
0.208243 0.0160044 0.00827281
0.21433 0.0163711 0.00826828
0.207153 0.015079 0.0104338
0.215207 0.0175541 0.00728197
0.21587 0.0177768 0.00710363
0.20693 0.0150977 0.0102333
0.21424 0.0172303 0.00746271
0.209288 0.0157744 0.00856705
0.204098 0.0166427 0.00779834
0.213392 0.0161477 0.0086336
0.215474 0.0162599 0.0083604
0.209154 0.0176117 0.00724161
0.206498 0.0150018 0.0122138
0.207217 0.0151152 0.0101429
0.213419 0.0151865 0.00962306
0.212586 0.0147787 0.0117695
0.206349 0.0151503 0.0127555
0.20868 0.0181501 0.00706838
0.202775 0.0165315 0.00793962
0.209396 0.0161431 0.00810649
0.207609 0.0167461 0.00770609
0.208113 0.0177668 0.00716412
0.215484 0.0174386 0.00740238
0.214983 0.01644 0.00825027
0.196776 0.0183293 0.00698318
0.214198 0.0177154 0.00715956
0.208715 0.0186921 0.0072279
0.21514 0.0157497 0.0087937
0.209655 0.0169777 0.00744383
0.220839 0.0184526 0.00715223
0.214801 0.0169362 0.00780346
0.215502 0.0180753 0.007132
0.210147 0.0172348 0.00738299
0.221425 0.0174499 0.00726501
0.215358 0.0169277 0.0078245
0.208931 0.0155085 0.0088693
0.209681 0.0177957 0.00720339
0.212307 0.0151876 0.0129036
0.215009 0.0176639 0.00747895
0.207654 0.0159268 0.00836387
0.214668 0.0160305 0.00859203
0.202142 0.0178248 0.00721872
0.209242 0.0165706 0.00776283
0.207635 0.0158496 0.00880731
0.210072 0.0177872 0.00721784
0.208702 0.0174228 0.00754433
0.216132 0.01794 0.00708243
0.202128 0.0162582 0.00813185
0.214123 0.0161912 0.00840926
0.208601 0.0163269 0.00799171
0.196537 0.0172038 0.00745944
0.208313 0.017218 0.00762137
0.20926 0.0185884 0.00705423
0.200441 0.0150517 0.0124109
0.213822 0.0157095 0.00881791
0.215736 0.0183384 0.00718467
0.207212 0.0149475 0.0112969
0.208344 0.0179406 0.0072444
0.208639 0.0174954 0.00726033
0.214397 0.0176981 0.00743537
0.213904 0.0168988 0.00772803
0.208211 0.0184971 0.00718571
0.207903 0.0157415 0.00851473
0.203316 0.0182056 0.00702152
0.20842 0.0187352 0.00719447
0.195193 0.015275 0.00909418
0.21482 0.0155936 0.00893846
0.213882 0.0160463 0.00851362
0.215261 0.0165146 0.00816557
0.204007 0.0186897 0.00701511
0.206532 0.0147931 0.0120009
0.207894 0.0168863 0.00772187
0.209252 0.0173406 0.00732454
0.201869 0.0164236 0.00833925
0.20133 0.0152001 0.00988346
0.202264 0.0152864 0.00967751
0.214442 0.0184345 0.00736605
0.214133 0.0165247 0.00810211
0.208115 0.0188946 0.00726216
0.202082 0.0175696 0.00736472
0.207359 0.0158542 0.00843785
0.215939 0.0186033 0.00720683
0.200293 0.0152167 0.0129671
0.202336 0.0200317 0.0070707
0.201572 0.0155457 0.00875183
0.209928 0.0161347 0.00817444
0.215006 0.0154061 0.0090803
0.203158 0.0187019 0.00699669
0.209757 0.0182861 0.00706112
0.207423 0.0160809 0.00825185
0.196097 0.0189183 0.00694105
0.207441 0.0150547 0.0103328
0.207978 0.0151208 0.00926334
0.206411 0.0150041 0.0125009
0.216207 0.0176638 0.00717295
0.214339 0.0156563 0.00891455
0.195705 0.0160878 0.00812285
0.208948 0.0166241 0.00773406
0.203156 0.0174562 0.00739726
0.215868 0.0180762 0.00712296
0.209171 0.0156837 0.00882828
0.208781 0.018431 0.00709591
0.209752 0.0165266 0.00777015
0.201878 0.0155464 0.0087666
0.208604 0.0157843 0.00848086
0.208881 0.0177292 0.00719864
0.207746 0.0172399 0.00730829
0.214426 0.0165856 0.00808176
0.207807 0.0163725 0.0079967
0.207591 0.0157001 0.00854986
0.207762 0.0153279 0.00924332
0.202171 0.0168906 0.00776862
0.195609 0.0167205 0.00765831
0.214498 0.0176935 0.00715249
0.209293 0.0168055 0.0075834
0.202453 0.0162349 0.00812556
0.202974 0.0192035 0.00701688
0.195073 0.0150706 0.00964324
0.2087 0.0168192 0.00758977
0.209343 0.0188745 0.00708797
0.208383 0.0176441 0.00720853
0.207123 0.015243 0.0093664
0.203455 0.0174703 0.00737154
0.208536 0.0160828 0.00819383
0.202606 0.0160062 0.00824497
0.201908 0.0179806 0.00711267
0.201645 0.0162061 0.00835662
0.208973 0.0180788 0.00709835
0.207569 0.0156358 0.00900725
0.195831 0.0165419 0.007753
0.215214 0.017335 0.00748678
0.201629 0.0152061 0.00989043
0.207769 0.0152908 0.00954089
0.207896 0.0177706 0.00737102
0.201866 0.016067 0.00851262
0.202273 0.0197385 0.00705859
0.201784 0.0174711 0.00740379
0.201803 0.0166214 0.0079027
0.20726 0.0156686 0.00896157
0.207417 0.0152098 0.00927267
0.210299 0.0169883 0.00746035
0.207906 0.0157883 0.00891998
0.206994 0.0151474 0.00994458
0.20965 0.0160525 0.00824977
0.207728 0.0172542 0.00760741
0.210063 0.016525 0.00775512
0.208625 0.0171334 0.00765023
0.207579 0.0162751 0.00842233
0.209564 0.0180642 0.00712068
0.208004 0.0161919 0.00813184
0.202413 0.0164951 0.00798172
0.204054 0.0174137 0.00736766
0.200576 0.0146313 0.0117478
0.207785 0.0175386 0.00752559
0.202117 0.015501 0.00894198
0.207648 0.0170102 0.00784266
0.203954 0.0183952 0.00703554
0.202615 0.0165675 0.00819075
0.208641 0.0155386 0.00879948
0.209986 0.016977 0.00745411
0.203616 0.0182084 0.00703482
0.202324 0.0186635 0.0070121
0.208016 0.0184772 0.00741242
0.209074 0.0171206 0.00742448
0.207758 0.0153515 0.0089443
0.202017 0.0173152 0.00750983
0.208368 0.0155999 0.00869227
0.208773 0.0170438 0.00740496
0.195118 0.015157 0.00935959
0.208364 0.0174451 0.00743216
0.201624 0.0156504 0.00847519
0.196017 0.0173892 0.00745906
0.202049 0.0158829 0.00834924
0.202597 0.0174969 0.00741221
0.207278 0.0151273 0.00984942
0.201098 0.0153062 0.00950507
0.2147 0.0165143 0.00818122
0.214464 0.018115 0.00732651
0.213969 0.0150009 0.00946776
0.201286 0.0155923 0.00867358
0.208305 0.0157768 0.00845832
0.207703 0.016156 0.00817661
0.213845 0.0176817 0.00717731
0.209536 0.0156842 0.00870921
0.203641 0.0164805 0.00791675
0.207059 0.0151937 0.00965534
0.202264 0.0183699 0.00700032
0.20878 0.0159425 0.00829715
0.202682 0.0190657 0.0070175
0.20285 0.0185807 0.00701762
0.208922 0.0153235 0.00910529
0.202912 0.0188742 0.00700307
0.209194 0.015434 0.00899295
0.203326 0.0172366 0.00751055
0.201166 0.015394 0.00922651
0.208119 0.0168958 0.00791922
0.201952 0.0170608 0.00765503
0.202912 0.0160329 0.00823243
0.208262 0.0191684 0.00728504
0.208619 0.0178668 0.00715006
0.209364 0.0170437 0.00741548
0.203207 0.0159811 0.0082493
0.202789 0.0182869 0.0070088
0.203097 0.0184097 0.00702583
0.19655 0.0185243 0.0069556
0.209666 0.0162377 0.00801428
0.202355 0.0182879 0.0072744
0.209303 0.0178626 0.00717215
0.201652 0.0158996 0.00863991
0.196039 0.0186246 0.00695904
0.201718 0.0172167 0.00754893
0.208657 0.0154622 0.00908914
0.209 0.0168655 0.0075635
0.208542 0.0172223 0.00733772
0.202199 0.0180959 0.00710399
0.195418 0.0160263 0.00819705
0.207909 0.0179862 0.00715818
0.215842 0.0174495 0.00737346
0.208434 0.0169794 0.00747699
0.209876 0.0188203 0.00700527
0.196608 0.0188178 0.00693597
0.201341 0.0157247 0.00841002
0.197002 0.0181354 0.00701631
0.202719 0.0180058 0.00712506
0.200617 0.0149532 0.0116477
0.210086 0.0182839 0.00707181
0.203548 0.0161853 0.00809839
0.201403 0.0159758 0.00825853
0.201251 0.0151157 0.0101607
0.207986 0.017323 0.00746845
0.207196 0.0153922 0.00911685
0.202535 0.0155904 0.00854094
0.207346 0.0151528 0.00955836
0.208486 0.0183899 0.00713047
0.209944 0.0163198 0.00793895
0.202951 0.0178302 0.00719931
0.208101 0.0164111 0.0079501
0.20237 0.017684 0.00735341
0.195675 0.0169865 0.00753604
0.202542 0.0172896 0.00762214
0.209079 0.0178754 0.00737082
0.201849 0.0177254 0.00725865
0.203291 0.0169777 0.00765809
0.203129 0.016762 0.00778898
0.20947 0.0183724 0.00702691
0.202305 0.0160109 0.00826021
0.202502 0.0195448 0.0070485
0.203997 0.0168914 0.00766461
0.195896 0.0168143 0.00764147
0.210185 0.0167415 0.00758681
0.203021 0.018099 0.00704407
0.203559 0.017713 0.00722896
0.209328 0.0191701 0.00713692
0.202244 0.0171628 0.00763262
0.200548 0.0149404 0.0119398
0.203119 0.0156008 0.00865341
0.200707 0.0147992 0.0111866
0.202551 0.0184689 0.00699292
0.200482 0.01483 0.012213
0.209426 0.0163824 0.00790689
0.209138 0.0175342 0.007531
0.201924 0.0152471 0.00977913
0.203561 0.0168566 0.0077101
0.195481 0.0162489 0.00800594
0.207535 0.0151773 0.0100758
0.202886 0.017575 0.00734664
0.201964 0.0182474 0.0069873
0.19637 0.0174236 0.00734196
0.19574 0.0172526 0.00741379
0.208251 0.0182036 0.0071347
0.201533 0.0164837 0.00796727
0.208425 0.0167323 0.00767428
0.202004 0.0181433 0.00734595
0.208185 0.0169055 0.00762667
0.207329 0.0158937 0.00877573
0.209064 0.0190082 0.00714807
0.203221 0.0177098 0.00725087
0.210036 0.0175012 0.00730106
0.209736 0.0175114 0.00728892
0.201232 0.0154893 0.00894993
0.208765 0.0192242 0.00722387
0.195546 0.0164824 0.00782963
0.196238 0.0171862 0.00746879
0.202446 0.0192504 0.0070338
0.196654 0.0175052 0.00728987
0.196429 0.0193368 0.00691983
0.202127 0.0175542 0.00766092
0.201682 0.0152915 0.00960751
0.203071 0.0164815 0.0079501
0.195921 0.0180395 0.00701727
0.202956 0.0157857 0.00839645
0.202825 0.0173204 0.00749333
0.203038 0.015468 0.00890995
0.202103 0.0166367 0.00791333
0.200772 0.0148829 0.010906
0.202083 0.0188436 0.00701702
0.2023 0.0157346 0.0084212
0.203259 0.0157512 0.00843474
0.201617 0.016735 0.00810718
0.202835 0.016817 0.00777605
0.201873 0.0151617 0.0100622
0.202271 0.0180244 0.00741148
0.196156 0.0192119 0.00692307
0.20169 0.015901 0.00832432
0.20368 0.018517 0.00701378
0.20266 0.0177659 0.00729514
0.195865 0.0177808 0.00715856
0.202803 0.0162704 0.00808472
0.202561 0.0167222 0.00785315
0.20196 0.0156346 0.008492
0.20305 0.0171415 0.00758048
0.203434 0.0188213 0.00698807
0.203193 0.0189997 0.0070022
0.203596 0.0171155 0.00756255
0.200967 0.0151366 0.0100653
0.20145 0.0153703 0.00932087
0.204144 0.0179318 0.00708007
0.204111 0.017669 0.00722098
0.201416 0.0161746 0.00854778
0.203122 0.0162225 0.00809267
0.195642 0.0158758 0.00832732
0.204441 0.0180494 0.00708434
0.195805 0.0175187 0.00729149
0.207464 0.0153131 0.00899498
0.203399 0.0166409 0.007841
0.203047 0.0177924 0.00748084
0.203925 0.0171471 0.00752516
0.202384 0.0189572 0.00702701
0.194992 0.01498 0.00991761
0.207816 0.015562 0.0087388
0.202145 0.0191388 0.00703381
0.195962 0.0170748 0.00750813
0.19609 0.0176014 0.0072502
0.201623 0.0168445 0.00776131
0.196432 0.0179441 0.00705239
0.203892 0.0180916 0.00705629
0.202337 0.0153711 0.00939875
0.196491 0.0182326 0.00699457
0.195359 0.0158231 0.00840954
0.20084 0.0149667 0.0106262
0.202025 0.0185506 0.00699096
0.195767 0.0162999 0.00791834
0.201382 0.0152855 0.00960062
0.202212 0.0156287 0.00868767
0.196265 0.0184279 0.00696837
0.209625 0.0189744 0.00706458
0.202745 0.0170695 0.00763909
0.202746 0.015499 0.00884659
0.202449 0.0154385 0.00912832
0.203828 0.0175911 0.00728142
0.202447 0.0155223 0.00884024
0.203734 0.0188115 0.00699334
0.1898 0.0174774 0.00720444
0.196151 0.0178621 0.0071146
0.201772 0.016335 0.00806958
0.2088 0.0168463 0.0078711
0.20804 0.0153047 0.00903458
0.194923 0.0148914 0.0101958
0.203431 0.0191831 0.00700495
0.2042 0.0182258 0.00705978
0.196324 0.0187214 0.00694756
0.202492 0.0181774 0.00703151
0.200516 0.0145882 0.0120386
0.196202 0.0169161 0.00759432
0.201516 0.0154553 0.00904061
0.202208 0.0194319 0.00704592
0.196206 0.0181361 0.00700592
0.200642 0.0147147 0.011467
0.196379 0.0176859 0.00719655
0.196383 0.0190153 0.00692949
0.202456 0.0169685 0.0077174
0.196132 0.0166458 0.00771838
0.195666 0.0169776 0.00783578
0.201816 0.015464 0.00904869
0.196663 0.0177678 0.00714509
0.201994 0.0178724 0.00747577
0.203381 0.0179347 0.00713281
0.196946 0.0178505 0.00709184
0.195253 0.0154249 0.00884139
0.202431 0.0179207 0.00717944
0.201036 0.0152219 0.00978606
0.203803 0.0166966 0.00778557
0.202213 0.016537 0.00820191
0.203352 0.0163843 0.00798915
0.196718 0.0180384 0.00702775
0.200902 0.0150515 0.0103454
0.201351 0.015901 0.00865269
0.195295 0.0156039 0.00860433

VERTICES 885 1770
1 0
1 1
1 2
1 3
1 4
1 5
1 6
1 7
1 8
1 9
1 10
1 11
1 12
1 13
1 14
1 15
1 16
1 17
1 18
1 19
1 20
1 21
1 22
1 23
1 24
1 25
1 26
1 27
1 28
1 29
1 30
1 31
1 32
1 33
1 34
1 35
1 36
1 37
1 38
1 39
1 40
1 41
1 42
1 43
1 44
1 45
1 46
1 47
1 48
1 49
1 50
1 51
1 52
1 53
1 54
1 55
1 56
1 57
1 58
1 59
1 60
1 61
1 62
1 63
1 64
1 65
1 66
1 67
1 68
1 69
1 70
1 71
1 72
1 73
1 74
1 75
1 76
1 77
1 78
1 79
1 80
1 81
1 82
1 83
1 84
1 85
1 86
1 87
1 88
1 89
1 90
1 91
1 92
1 93
1 94
1 95
1 96
1 97
1 98
1 99
1 100
1 101
1 102
1 103
1 104
1 105
1 106
1 107
1 108
1 109
1 110
1 111
1 112
1 113
1 114
1 115
1 116
1 117
1 118
1 119
1 120
1 121
1 122
1 123
1 124
1 125
1 126
1 127
1 128
1 129
1 130
1 131
1 132
1 133
1 134
1 135
1 136
1 137
1 138
1 139
1 140
1 141
1 142
1 143
1 144
1 145
1 146
1 147
1 148
1 149
1 150
1 151
1 152
1 153
1 154
1 155
1 156
1 157
1 158
1 159
1 160
1 161
1 162
1 163
1 164
1 165
1 166
1 167
1 168
1 169
1 170
1 171
1 172
1 173
1 174
1 175
1 176
1 177
1 178
1 179
1 180
1 181
1 182
1 183
1 184
1 185
1 186
1 187
1 188
1 189
1 190
1 191
1 192
1 193
1 194
1 195
1 196
1 197
1 198
1 199
1 200
1 201
1 202
1 203
1 204
1 205
1 206
1 207
1 208
1 209
1 210
1 211
1 212
1 213
1 214
1 215
1 216
1 217
1 218
1 219
1 220
1 221
1 222
1 223
1 224
1 225
1 226
1 227
1 228
1 229
1 230
1 231
1 232
1 233
1 234
1 235
1 236
1 237
1 238
1 239
1 240
1 241
1 242
1 243
1 244
1 245
1 246
1 247
1 248
1 249
1 250
1 251
1 252
1 253
1 254
1 255
1 256
1 257
1 258
1 259
1 260
1 261
1 262
1 263
1 264
1 265
1 266
1 267
1 268
1 269
1 270
1 271
1 272
1 273
1 274
1 275
1 276
1 277
1 278
1 279
1 280
1 281
1 282
1 283
1 284
1 285
1 286
1 287
1 288
1 289
1 290
1 291
1 292
1 293
1 294
1 295
1 296
1 297
1 298
1 299
1 300
1 301
1 302
1 303
1 304
1 305
1 306
1 307
1 308
1 309
1 310
1 311
1 312
1 313
1 314
1 315
1 316
1 317
1 318
1 319
1 320
1 321
1 322
1 323
1 324
1 325
1 326
1 327
1 328
1 329
1 330
1 331
1 332
1 333
1 334
1 335
1 336
1 337
1 338
1 339
1 340
1 341
1 342
1 343
1 344
1 345
1 346
1 347
1 348
1 349
1 350
1 351
1 352
1 353
1 354
1 355
1 356
1 357
1 358
1 359
1 360
1 361
1 362
1 363
1 364
1 365
1 366
1 367
1 368
1 369
1 370
1 371
1 372
1 373
1 374
1 375
1 376
1 377
1 378
1 379
1 380
1 381
1 382
1 383
1 384
1 385
1 386
1 387
1 388
1 389
1 390
1 391
1 392
1 393
1 394
1 395
1 396
1 397
1 398
1 399
1 400
1 401
1 402
1 403
1 404
1 405
1 406
1 407
1 408
1 409
1 410
1 411
1 412
1 413
1 414
1 415
1 416
1 417
1 418
1 419
1 420
1 421
1 422
1 423
1 424
1 425
1 426
1 427
1 428
1 429
1 430
1 431
1 432
1 433
1 434
1 435
1 436
1 437
1 438
1 439
1 440
1 441
1 442
1 443
1 444
1 445
1 446
1 447
1 448
1 449
1 450
1 451
1 452
1 453
1 454
1 455
1 456
1 457
1 458
1 459
1 460
1 461
1 462
1 463
1 464
1 465
1 466
1 467
1 468
1 469
1 470
1 471
1 472
1 473
1 474
1 475
1 476
1 477
1 478
1 479
1 480
1 481
1 482
1 483
1 484
1 485
1 486
1 487
1 488
1 489
1 490
1 491
1 492
1 493
1 494
1 495
1 496
1 497
1 498
1 499
1 500
1 501
1 502
1 503
1 504
1 505
1 506
1 507
1 508
1 509
1 510
1 511
1 512
1 513
1 514
1 515
1 516
1 517
1 518
1 519
1 520
1 521
1 522
1 523
1 524
1 525
1 526
1 527
1 528
1 529
1 530
1 531
1 532
1 533
1 534
1 535
1 536
1 537
1 538
1 539
1 540
1 541
1 542
1 543
1 544
1 545
1 546
1 547
1 548
1 549
1 550
1 551
1 552
1 553
1 554
1 555
1 556
1 557
1 558
1 559
1 560
1 561
1 562
1 563
1 564
1 565
1 566
1 567
1 568
1 569
1 570
1 571
1 572
1 573
1 574
1 575
1 576
1 577
1 578
1 579
1 580
1 581
1 582
1 583
1 584
1 585
1 586
1 587
1 588
1 589
1 590
1 591
1 592
1 593
1 594
1 595
1 596
1 597
1 598
1 599
1 600
1 601
1 602
1 603
1 604
1 605
1 606
1 607
1 608
1 609
1 610
1 611
1 612
1 613
1 614
1 615
1 616
1 617
1 618
1 619
1 620
1 621
1 622
1 623
1 624
1 625
1 626
1 627
1 628
1 629
1 630
1 631
1 632
1 633
1 634
1 635
1 636
1 637
1 638
1 639
1 640
1 641
1 642
1 643
1 644
1 645
1 646
1 647
1 648
1 649
1 650
1 651
1 652
1 653
1 654
1 655
1 656
1 657
1 658
1 659
1 660
1 661
1 662
1 663
1 664
1 665
1 666
1 667
1 668
1 669
1 670
1 671
1 672
1 673
1 674
1 675
1 676
1 677
1 678
1 679
1 680
1 681
1 682
1 683
1 684
1 685
1 686
1 687
1 688
1 689
1 690
1 691
1 692
1 693
1 694
1 695
1 696
1 697
1 698
1 699
1 700
1 701
1 702
1 703
1 704
1 705
1 706
1 707
1 708
1 709
1 710
1 711
1 712
1 713
1 714
1 715
1 716
1 717
1 718
1 719
1 720
1 721
1 722
1 723
1 724
1 725
1 726
1 727
1 728
1 729
1 730
1 731
1 732
1 733
1 734
1 735
1 736
1 737
1 738
1 739
1 740
1 741
1 742
1 743
1 744
1 745
1 746
1 747
1 748
1 749
1 750
1 751
1 752
1 753
1 754
1 755
1 756
1 757
1 758
1 759
1 760
1 761
1 762
1 763
1 764
1 765
1 766
1 767
1 768
1 769
1 770
1 771
1 772
1 773
1 774
1 775
1 776
1 777
1 778
1 779
1 780
1 781
1 782
1 783
1 784
1 785
1 786
1 787
1 788
1 789
1 790
1 791
1 792
1 793
1 794
1 795
1 796
1 797
1 798
1 799
1 800
1 801
1 802
1 803
1 804
1 805
1 806
1 807
1 808
1 809
1 810
1 811
1 812
1 813
1 814
1 815
1 816
1 817
1 818
1 819
1 820
1 821
1 822
1 823
1 824
1 825
1 826
1 827
1 828
1 829
1 830
1 831
1 832
1 833
1 834
1 835
1 836
1 837
1 838
1 839
1 840
1 841
1 842
1 843
1 844
1 845
1 846
1 847
1 848
1 849
1 850
1 851
1 852
1 853
1 854
1 855
1 856
1 857
1 858
1 859
1 860
1 861
1 862
1 863
1 864
1 865
1 866
1 867
1 868
1 869
1 870
1 871
1 872
1 873
1 874
1 875
1 876
1 877
1 878
1 879
1 880
1 881
1 882
1 883
1 884

POINT_DATA 885
SCALARS id int 1
LOOKUP_TABLE default
1
2
3
4
5
6
7
8
9
10
11
12
13
14
15
16
17
18
19
20
21
22
23
24
25
26
27
28
29
30
31
32
33
34
35
36
37
39
40
41
42
43
44
45
46
47
48
49
50
51
52
53
54
56
57
58
59
60
61
62
63
64
65
67
68
69
70
71
72
73
74
75
76
77
78
79
80
81
82
83
84
85
86
87
88
89
90
91
92
93
94
95
96
97
98
99
100
101
102
103
104
105
106
107
108
109
110
111
112
113
114
115
116
117
118
119
120
121
122
123
124
125
126
127
129
130
131
132
133
134
135
136
137
138
139
140
141
142
143
144
145
146
147
148
149
150
151
153
154
155
156
157
158
159
160
161
162
163
164
165
166
167
168
169
170
171
172
173
174
175
176
177
178
179
180
181
182
183
184
185
186
187
188
189
190
191
192
193
194
195
196
197
198
199
200
201
202
203
204
205
206
207
208
209
210
211
212
213
214
215
217
218
219
220
221
222
223
224
225
226
227
228
229
230
231
232
233
234
235
236
237
238
239
240
241
242
243
244
245
246
247
248
249
250
251
252
253
254
255
256
257
258
259
260
261
262
263
264
265
266
267
268
269
270
271
273
274
275
276
277
278
279
280
281
282
283
284
285
286
287
288
289
290
291
292
293
294
295
296
297
298
299
300
301
302
303
304
305
306
307
308
309
310
311
312
313
314
315
316
317
318
319
320
321
322
323
324
325
326
327
328
329
330
331
332
333
334
335
336
337
338
339
340
341
342
343
344
345
346
347
348
349
350
351
352
353
354
355
356
357
358
359
360
361
362
363
364
365
366
367
368
369
370
371
372
373
374
375
376
377
378
379
380
381
382
383
384
385
386
387
388
389
390
391
392
393
394
395
396
397
398
399
400
401
402
403
404
405
406
407
408
409
410
411
412
413
414
415
416
417
418
419
420
421
422
423
424
425
426
427
428
429
430
431
432
433
434
435
436
437
438
439
440
441
442
443
444
445
446
447
448
449
450
451
452
453
454
455
456
457
458
459
460
461
462
463
464
465
466
467
468
469
470
471
472
473
474
475
476
477
478
479
480
481
482
483
484
485
486
487
488
489
490
491
492
493
494
495
496
497
498
499
500
501
502
503
504
505
506
507
508
509
510
511
512
513
514
515
516
517
518
519
520
521
522
523
524
525
526
527
528
529
530
531
532
533
534
535
536
537
538
539
540
541
542
543
544
545
546
547
548
549
550
551
552
553
554
555
556
557
558
559
560
561
562
563
564
565
566
567
568
569
570
571
572
573
574
575
576
577
579
580
581
582
583
584
585
586
587
588
589
590
591
592
593
594
595
596
597
598
599
600
601
602
603
605
606
607
608
609
610
611
612
613
614
615
616
617
618
619
620
621
622
623
624
625
626
627
628
629
630
631
632
633
634
635
636
637
638
640
641
642
643
644
645
646
647
648
649
650
651
652
653
654
655
656
659
660
661
662
663
664
665
666
667
668
669
670
671
672
673
674
675
676
677
678
679
680
681
682
683
684
685
686
687
688
690
691
692
693
694
695
696
697
698
699
700
701
702
703
704
705
706
707
708
709
710
711
712
713
714
715
716
717
718
719
720
721
722
723
724
725
726
727
728
729
730
731
732
733
734
735
736
737
738
739
740
741
742
743
744
745
746
747
748
749
750
751
752
753
754
755
756
757
758
759
760
761
762
764
765
766
767
768
769
770
771
772
773
774
775
776
777
778
779
780
781
782
783
784
785
786
787
788
789
791
792
793
794
795
796
797
798
799
800
801
802
803
804
805
806
807
808
809
810
811
812
813
814
815
816
817
818
819
820
821
822
823
824
825
826
827
828
829
830
831
832
833
834
835
836
837
838
839
840
841
842
843
844
845
846
847
848
849
850
851
852
853
854
855
856
857
858
859
860
861
862
863
864
865
866
867
868
869
870
871
872
873
874
875
876
877
878
879
880
881
882
883
884
885
886
887
888
889
890
891
892
893
894
895
896
897
898
899
900

SCALARS type int 1
LOOKUP_TABLE default
1
1
1
1
1
1
1
1
1
1
1
1
1
1
1
1
1
1
1
1
1
1
1
1
1
1
1
1
1
1
1
1
1
1
1
1
1
1
1
1
1
1
1
1
1
1
1
1
1
1
1
1
1
1
1
1
1
1
1
1
1
1
1
1
1
1
1
1
1
1
1
1
1
1
1
1
1
1
1
1
1
1
1
1
1
1
1
1
1
1
1
1
1
1
1
1
1
1
1
1
1
1
1
1
1
1
1
1
1
1
1
1
1
1
1
1
1
1
1
1
1
1
1
1
1
1
1
1
1
1
1
1
1
1
1
1
1
1
1
1
1
1
1
1
1
1
1
1
1
1
1
1
1
1
1
1
1
1
1
1
1
1
1
1
1
1
1
1
1
1
1
1
1
1
1
1
1
1
1
1
1
1
1
1
1
1
1
1
1
1
1
1
1
1
1
1
1
1
1
1
1
1
1
1
1
1
1
1
1
1
1
1
1
1
1
1
1
1
1
1
1
1
1
1
1
1
1
1
1
1
1
1
1
1
1
1
1
1
1
1
1
1
1
1
1
1
1
1
1
1
1
1
1
1
1
1
1
1
1
1
1
1
1
1
1
1
1
1
1
1
1
1
1
1
1
1
1
1
1
1
1
1
1
1
1
1
1
1
1
1
1
1
1
1
1
1
1
1
1
1
1
1
1
1
1
1
1
1
1
1
1
1
1
1
1
1
1
1
1
1
1
1
1
1
1
1
1
1
1
1
1
1
1
1
1
1
1
1
1
1
1
1
1
1
1
1
1
1
1
1
1
1
1
1
1
1
1
1
1
1
1
1
1
1
1
1
1
1
1
1
1
1
1
1
1
1
1
1
1
1
1
1
1
1
1
1
1
1
1
1
1
1
1
1
1
1
1
1
1
1
1
1
1
1
1
1
1
1
1
1
1
1
1
1
1
1
1
1
1
1
1
1
1
1
1
1
1
1
1
1
1
1
1
1
1
1
1
1
1
1
1
1
1
1
1
1
1
1
1
1
1
1
1
1
1
1
1
1
1
1
1
1
1
1
1
1
1
1
1
1
1
1
1
1
1
1
1
1
1
1
1
1
1
1
1
1
1
1
1
1
1
1
1
1
1
1
1
1
1
1
1
1
1
1
1
1
1
1
1
1
1
1
1
1
1
1
1
1
1
1
1
1
1
1
1
1
1
1
1
1
1
1
1
1
1
1
1
1
1
1
1
1
1
1
1
1
1
1
1
1
1
1
1
1
1
1
1
1
1
1
1
1
1
1
1
1
1
1
1
1
1
1
1
1
1
1
1
1
1
1
1
1
1
1
1
1
1
1
1
1
1
1
1
1
1
1
1
1
1
1
1
1
1
1
1
1
1
1
1
1
1
1
1
1
1
1
1
1
1
1
1
1
1
1
1
1
1
1
1
1
1
1
1
1
1
1
1
1
1
1
1
1
1
1
1
1
1
1
1
1
1
1
1
1
1
1
1
1
1
1
1
1
1
1
1
1
1
1
1
1
1
1
1
1
1
1
1
1
1
1
1
1
1
1
1
1
1
1
1
1
1
1
1
1
1
1
1
1
1
1
1
1
1
1
1
1
1
1
1
1
1
1
1
1
1
1
1
1
1
1
1
1
1
1
1
1
1
1
1
1
1
1
1
1
1
1
1
1
1
1
1
1
1
1
1
1
1
1
1
1
1
1
1
1
1
1
1
1
1
1
1
1
1
1
1
1
1
1
1
1
1
1
1
1
1
1
1
1
1
1
1
1
1
1
1
1
1
1
1
1
1
1
1
1
1
1
1
1
1
1
1
1
1
1
1
1
1
1
1
1
1
1
1
1
1
1
1
1
1
1
1
1
1
1
1
1
1
1
1
1
1
1
1
1
1
1
1
1
1
1
1
1
1
1
1
1
1
1
1
1
1
1
1
1
1
1
1
1
1
1
1
1
1
1
1
1
1
1
1
1
1
1
1
1
1
1
1
1
1
1
1
1
1
1
1

SCALARS radius float 1
LOOKUP_TABLE default
0.00015
0.00015
0.00015
0.00015
0.00015
0.00015
0.00015
0.00015
0.00015
0.00015
0.00015
0.00015
0.00015
0.00015
0.00015
0.00015
0.00015
0.00015
0.00015
0.00015
0.00015
0.00015
0.00015
0.00015
0.00015
0.00015
0.00015
0.00015
0.00015
0.00015
0.00015
0.00015
0.00015
0.00015
0.00015
0.00015
0.00015
0.00015
0.00015
0.00015
0.00015
0.00015
0.00015
0.00015
0.00015
0.00015
0.00015
0.00015
0.00015
0.00015
0.00015
0.00015
0.00015
0.00015
0.00015
0.00015
0.00015
0.00015
0.00015
0.00015
0.00015
0.00015
0.00015
0.00015
0.00015
0.00015
0.00015
0.00015
0.00015
0.00015
0.00015
0.00015
0.00015
0.00015
0.00015
0.00015
0.00015
0.00015
0.00015
0.00015
0.00015
0.00015
0.00015
0.00015
0.00015
0.00015
0.00015
0.00015
0.00015
0.00015
0.00015
0.00015
0.00015
0.00015
0.00015
0.00015
0.00015
0.00015
0.00015
0.00015
0.00015
0.00015
0.00015
0.00015
0.00015
0.00015
0.00015
0.00015
0.00015
0.00015
0.00015
0.00015
0.00015
0.00015
0.00015
0.00015
0.00015
0.00015
0.00015
0.00015
0.00015
0.00015
0.00015
0.00015
0.00015
0.00015
0.00015
0.00015
0.00015
0.00015
0.00015
0.00015
0.00015
0.00015
0.00015
0.00015
0.00015
0.00015
0.00015
0.00015
0.00015
0.00015
0.00015
0.00015
0.00015
0.00015
0.00015
0.00015
0.00015
0.00015
0.00015
0.00015
0.00015
0.00015
0.00015
0.00015
0.00015
0.00015
0.00015
0.00015
0.00015
0.00015
0.00015
0.00015
0.00015
0.00015
0.00015
0.00015
0.00015
0.00015
0.00015
0.00015
0.00015
0.00015
0.00015
0.00015
0.00015
0.00015
0.00015
0.00015
0.00015
0.00015
0.00015
0.00015
0.00015
0.00015
0.00015
0.00015
0.00015
0.00015
0.00015
0.00015
0.00015
0.00015
0.00015
0.00015
0.00015
0.00015
0.00015
0.00015
0.00015
0.00015
0.00015
0.00015
0.00015
0.00015
0.00015
0.00015
0.00015
0.00015
0.00015
0.00015
0.00015
0.00015
0.00015
0.00015
0.00015
0.00015
0.00015
0.00015
0.00015
0.00015
0.00015
0.00015
0.00015
0.00015
0.00015
0.00015
0.00015
0.00015
0.00015
0.00015
0.00015
0.00015
0.00015
0.00015
0.00015
0.00015
0.00015
0.00015
0.00015
0.00015
0.00015
0.00015
0.00015
0.00015
0.00015
0.00015
0.00015
0.00015
0.00015
0.00015
0.00015
0.00015
0.00015
0.00015
0.00015
0.00015
0.00015
0.00015
0.00015
0.00015
0.00015
0.00015
0.00015
0.00015
0.00015
0.00015
0.00015
0.00015
0.00015
0.00015
0.00015
0.00015
0.00015
0.00015
0.00015
0.00015
0.00015
0.00015
0.00015
0.00015
0.00015
0.00015
0.00015
0.00015
0.00015
0.00015
0.00015
0.00015
0.00015
0.00015
0.00015
0.00015
0.00015
0.00015
0.00015
0.00015
0.00015
0.00015
0.00015
0.00015
0.00015
0.00015
0.00015
0.00015
0.00015
0.00015
0.00015
0.00015
0.00015
0.00015
0.00015
0.00015
0.00015
0.00015
0.00015
0.00015
0.00015
0.00015
0.00015
0.00015
0.00015
0.00015
0.00015
0.00015
0.00015
0.00015
0.00015
0.00015
0.00015
0.00015
0.00015
0.00015
0.00015
0.00015
0.00015
0.00015
0.00015
0.00015
0.00015
0.00015
0.00015
0.00015
0.00015
0.00015
0.00015
0.00015
0.00015
0.00015
0.00015
0.00015
0.00015
0.00015
0.00015
0.00015
0.00015
0.00015
0.00015
0.00015
0.00015
0.00015
0.00015
0.00015
0.00015
0.00015
0.00015
0.00015
0.00015
0.00015
0.00015
0.00015
0.00015
0.00015
0.00015
0.00015
0.00015
0.00015
0.00015
0.00015
0.00015
0.00015
0.00015
0.00015
0.00015
0.00015
0.00015
0.00015
0.00015
0.00015
0.00015
0.00015
0.00015
0.00015
0.00015
0.00015
0.00015
0.00015
0.00015
0.00015
0.00015
0.00015
0.00015
0.00015
0.00015
0.00015
0.00015
0.00015
0.00015
0.00015
0.00015
0.00015
0.00015
0.00015
0.00015
0.00015
0.00015
0.00015
0.00015
0.00015
0.00015
0.00015
0.00015
0.00015
0.00015
0.00015
0.00015
0.00015
0.00015
0.00015
0.00015
0.00015
0.00015
0.00015
0.00015
0.00015
0.00015
0.00015
0.00015
0.00015
0.00015
0.00015
0.00015
0.00015
0.00015
0.00015
0.00015
0.00015
0.00015
0.00015
0.00015
0.00015
0.00015
0.00015
0.00015
0.00015
0.00015
0.00015
0.00015
0.00015
0.00015
0.00015
0.00015
0.00015
0.00015
0.00015
0.00015
0.00015
0.00015
0.00015
0.00015
0.00015
0.00015
0.00015
0.00015
0.00015
0.00015
0.00015
0.00015
0.00015
0.00015
0.00015
0.00015
0.00015
0.00015
0.00015
0.00015
0.00015
0.00015
0.00015
0.00015
0.00015
0.00015
0.00015
0.00015
0.00015
0.00015
0.00015
0.00015
0.00015
0.00015
0.00015
0.00015
0.00015
0.00015
0.00015
0.00015
0.00015
0.00015
0.00015
0.00015
0.00015
0.00015
0.00015
0.00015
0.00015
0.00015
0.00015
0.00015
0.00015
0.00015
0.00015
0.00015
0.00015
0.00015
0.00015
0.00015
0.00015
0.00015
0.00015
0.00015
0.00015
0.00015
0.00015
0.00015
0.00015
0.00015
0.00015
0.00015
0.00015
0.00015
0.00015
0.00015
0.00015
0.00015
0.00015
0.00015
0.00015
0.00015
0.00015
0.00015
0.00015
0.00015
0.00015
0.00015
0.00015
0.00015
0.00015
0.00015
0.00015
0.00015
0.00015
0.00015
0.00015
0.00015
0.00015
0.00015
0.00015
0.00015
0.00015
0.00015
0.00015
0.00015
0.00015
0.00015
0.00015
0.00015
0.00015
0.00015
0.00015
0.00015
0.00015
0.00015
0.00015
0.00015
0.00015
0.00015
0.00015
0.00015
0.00015
0.00015
0.00015
0.00015
0.00015
0.00015
0.00015
0.00015
0.00015
0.00015
0.00015
0.00015
0.00015
0.00015
0.00015
0.00015
0.00015
0.00015
0.00015
0.00015
0.00015
0.00015
0.00015
0.00015
0.00015
0.00015
0.00015
0.00015
0.00015
0.00015
0.00015
0.00015
0.00015
0.00015
0.00015
0.00015
0.00015
0.00015
0.00015
0.00015
0.00015
0.00015
0.00015
0.00015
0.00015
0.00015
0.00015
0.00015
0.00015
0.00015
0.00015
0.00015
0.00015
0.00015
0.00015
0.00015
0.00015
0.00015
0.00015
0.00015
0.00015
0.00015
0.00015
0.00015
0.00015
0.00015
0.00015
0.00015
0.00015
0.00015
0.00015
0.00015
0.00015
0.00015
0.00015
0.00015
0.00015
0.00015
0.00015
0.00015
0.00015
0.00015
0.00015
0.00015
0.00015
0.00015
0.00015
0.00015
0.00015
0.00015
0.00015
0.00015
0.00015
0.00015
0.00015
0.00015
0.00015
0.00015
0.00015
0.00015
0.00015
0.00015
0.00015
0.00015
0.00015
0.00015
0.00015
0.00015
0.00015
0.00015
0.00015
0.00015
0.00015
0.00015
0.00015
0.00015
0.00015
0.00015
0.00015
0.00015
0.00015
0.00015
0.00015
0.00015
0.00015
0.00015
0.00015
0.00015
0.00015
0.00015
0.00015
0.00015
0.00015
0.00015
0.00015
0.00015
0.00015
0.00015
0.00015
0.00015
0.00015
0.00015
0.00015
0.00015
0.00015
0.00015
0.00015
0.00015
0.00015
0.00015
0.00015
0.00015
0.00015
0.00015
0.00015
0.00015
0.00015
0.00015
0.00015
0.00015
0.00015
0.00015
0.00015
0.00015
0.00015
0.00015
0.00015
0.00015
0.00015
0.00015
0.00015
0.00015
0.00015
0.00015
0.00015
0.00015
0.00015
0.00015
0.00015
0.00015
0.00015
0.00015
0.00015
0.00015
0.00015
0.00015
0.00015
0.00015
0.00015
0.00015
0.00015
0.00015
0.00015
0.00015
0.00015
0.00015
0.00015
0.00015
0.00015
0.00015
0.00015
0.00015
0.00015
0.00015
0.00015
0.00015
0.00015
0.00015
0.00015
0.00015
0.00015
0.00015
0.00015
0.00015
0.00015
0.00015
0.00015
0.00015
0.00015
0.00015
0.00015
0.00015
0.00015
0.00015
0.00015
0.00015
0.00015
0.00015
0.00015
0.00015
0.00015
0.00015
0.00015
0.00015
0.00015
0.00015
0.00015
0.00015
0.00015
0.00015
0.00015
0.00015
0.00015
0.00015
0.00015
0.00015
0.00015
0.00015
0.00015
0.00015
0.00015
0.00015
0.00015
0.00015
0.00015
0.00015
0.00015
0.00015
0.00015
0.00015
0.00015
0.00015
0.00015
0.00015
0.00015
0.00015
0.00015
0.00015
0.00015
0.00015
0.00015
0.00015
0.00015
0.00015
0.00015
0.00015
0.00015
0.00015
0.00015
0.00015
0.00015
0.00015
0.00015
0.00015
0.00015
0.00015
0.00015
0.00015
0.00015
0.00015
0.00015
0.00015
0.00015
0.00015
0.00015
0.00015

SCALARS mass float 1
LOOKUP_TABLE default
3.95841e-09
3.95841e-09
3.95841e-09
3.95841e-09
3.95841e-09
3.95841e-09
3.95841e-09
3.95841e-09
3.95841e-09
3.95841e-09
3.95841e-09
3.95841e-09
3.95841e-09
3.95841e-09
3.95841e-09
3.95841e-09
3.95841e-09
3.95841e-09
3.95841e-09
3.95841e-09
3.95841e-09
3.95841e-09
3.95841e-09
3.95841e-09
3.95841e-09
3.95841e-09
3.95841e-09
3.95841e-09
3.95841e-09
3.95841e-09
3.95841e-09
3.95841e-09
3.95841e-09
3.95841e-09
3.95841e-09
3.95841e-09
3.95841e-09
3.95841e-09
3.95841e-09
3.95841e-09
3.95841e-09
3.95841e-09
3.95841e-09
3.95841e-09
3.95841e-09
3.95841e-09
3.95841e-09
3.95841e-09
3.95841e-09
3.95841e-09
3.95841e-09
3.95841e-09
3.95841e-09
3.95841e-09
3.95841e-09
3.95841e-09
3.95841e-09
3.95841e-09
3.95841e-09
3.95841e-09
3.95841e-09
3.95841e-09
3.95841e-09
3.95841e-09
3.95841e-09
3.95841e-09
3.95841e-09
3.95841e-09
3.95841e-09
3.95841e-09
3.95841e-09
3.95841e-09
3.95841e-09
3.95841e-09
3.95841e-09
3.95841e-09
3.95841e-09
3.95841e-09
3.95841e-09
3.95841e-09
3.95841e-09
3.95841e-09
3.95841e-09
3.95841e-09
3.95841e-09
3.95841e-09
3.95841e-09
3.95841e-09
3.95841e-09
3.95841e-09
3.95841e-09
3.95841e-09
3.95841e-09
3.95841e-09
3.95841e-09
3.95841e-09
3.95841e-09
3.95841e-09
3.95841e-09
3.95841e-09
3.95841e-09
3.95841e-09
3.95841e-09
3.95841e-09
3.95841e-09
3.95841e-09
3.95841e-09
3.95841e-09
3.95841e-09
3.95841e-09
3.95841e-09
3.95841e-09
3.95841e-09
3.95841e-09
3.95841e-09
3.95841e-09
3.95841e-09
3.95841e-09
3.95841e-09
3.95841e-09
3.95841e-09
3.95841e-09
3.95841e-09
3.95841e-09
3.95841e-09
3.95841e-09
3.95841e-09
3.95841e-09
3.95841e-09
3.95841e-09
3.95841e-09
3.95841e-09
3.95841e-09
3.95841e-09
3.95841e-09
3.95841e-09
3.95841e-09
3.95841e-09
3.95841e-09
3.95841e-09
3.95841e-09
3.95841e-09
3.95841e-09
3.95841e-09
3.95841e-09
3.95841e-09
3.95841e-09
3.95841e-09
3.95841e-09
3.95841e-09
3.95841e-09
3.95841e-09
3.95841e-09
3.95841e-09
3.95841e-09
3.95841e-09
3.95841e-09
3.95841e-09
3.95841e-09
3.95841e-09
3.95841e-09
3.95841e-09
3.95841e-09
3.95841e-09
3.95841e-09
3.95841e-09
3.95841e-09
3.95841e-09
3.95841e-09
3.95841e-09
3.95841e-09
3.95841e-09
3.95841e-09
3.95841e-09
3.95841e-09
3.95841e-09
3.95841e-09
3.95841e-09
3.95841e-09
3.95841e-09
3.95841e-09
3.95841e-09
3.95841e-09
3.95841e-09
3.95841e-09
3.95841e-09
3.95841e-09
3.95841e-09
3.95841e-09
3.95841e-09
3.95841e-09
3.95841e-09
3.95841e-09
3.95841e-09
3.95841e-09
3.95841e-09
3.95841e-09
3.95841e-09
3.95841e-09
3.95841e-09
3.95841e-09
3.95841e-09
3.95841e-09
3.95841e-09
3.95841e-09
3.95841e-09
3.95841e-09
3.95841e-09
3.95841e-09
3.95841e-09
3.95841e-09
3.95841e-09
3.95841e-09
3.95841e-09
3.95841e-09
3.95841e-09
3.95841e-09
3.95841e-09
3.95841e-09
3.95841e-09
3.95841e-09
3.95841e-09
3.95841e-09
3.95841e-09
3.95841e-09
3.95841e-09
3.95841e-09
3.95841e-09
3.95841e-09
3.95841e-09
3.95841e-09
3.95841e-09
3.95841e-09
3.95841e-09
3.95841e-09
3.95841e-09
3.95841e-09
3.95841e-09
3.95841e-09
3.95841e-09
3.95841e-09
3.95841e-09
3.95841e-09
3.95841e-09
3.95841e-09
3.95841e-09
3.95841e-09
3.95841e-09
3.95841e-09
3.95841e-09
3.95841e-09
3.95841e-09
3.95841e-09
3.95841e-09
3.95841e-09
3.95841e-09
3.95841e-09
3.95841e-09
3.95841e-09
3.95841e-09
3.95841e-09
3.95841e-09
3.95841e-09
3.95841e-09
3.95841e-09
3.95841e-09
3.95841e-09
3.95841e-09
3.95841e-09
3.95841e-09
3.95841e-09
3.95841e-09
3.95841e-09
3.95841e-09
3.95841e-09
3.95841e-09
3.95841e-09
3.95841e-09
3.95841e-09
3.95841e-09
3.95841e-09
3.95841e-09
3.95841e-09
3.95841e-09
3.95841e-09
3.95841e-09
3.95841e-09
3.95841e-09
3.95841e-09
3.95841e-09
3.95841e-09
3.95841e-09
3.95841e-09
3.95841e-09
3.95841e-09
3.95841e-09
3.95841e-09
3.95841e-09
3.95841e-09
3.95841e-09
3.95841e-09
3.95841e-09
3.95841e-09
3.95841e-09
3.95841e-09
3.95841e-09
3.95841e-09
3.95841e-09
3.95841e-09
3.95841e-09
3.95841e-09
3.95841e-09
3.95841e-09
3.95841e-09
3.95841e-09
3.95841e-09
3.95841e-09
3.95841e-09
3.95841e-09
3.95841e-09
3.95841e-09
3.95841e-09
3.95841e-09
3.95841e-09
3.95841e-09
3.95841e-09
3.95841e-09
3.95841e-09
3.95841e-09
3.95841e-09
3.95841e-09
3.95841e-09
3.95841e-09
3.95841e-09
3.95841e-09
3.95841e-09
3.95841e-09
3.95841e-09
3.95841e-09
3.95841e-09
3.95841e-09
3.95841e-09
3.95841e-09
3.95841e-09
3.95841e-09
3.95841e-09
3.95841e-09
3.95841e-09
3.95841e-09
3.95841e-09
3.95841e-09
3.95841e-09
3.95841e-09
3.95841e-09
3.95841e-09
3.95841e-09
3.95841e-09
3.95841e-09
3.95841e-09
3.95841e-09
3.95841e-09
3.95841e-09
3.95841e-09
3.95841e-09
3.95841e-09
3.95841e-09
3.95841e-09
3.95841e-09
3.95841e-09
3.95841e-09
3.95841e-09
3.95841e-09
3.95841e-09
3.95841e-09
3.95841e-09
3.95841e-09
3.95841e-09
3.95841e-09
3.95841e-09
3.95841e-09
3.95841e-09
3.95841e-09
3.95841e-09
3.95841e-09
3.95841e-09
3.95841e-09
3.95841e-09
3.95841e-09
3.95841e-09
3.95841e-09
3.95841e-09
3.95841e-09
3.95841e-09
3.95841e-09
3.95841e-09
3.95841e-09
3.95841e-09
3.95841e-09
3.95841e-09
3.95841e-09
3.95841e-09
3.95841e-09
3.95841e-09
3.95841e-09
3.95841e-09
3.95841e-09
3.95841e-09
3.95841e-09
3.95841e-09
3.95841e-09
3.95841e-09
3.95841e-09
3.95841e-09
3.95841e-09
3.95841e-09
3.95841e-09
3.95841e-09
3.95841e-09
3.95841e-09
3.95841e-09
3.95841e-09
3.95841e-09
3.95841e-09
3.95841e-09
3.95841e-09
3.95841e-09
3.95841e-09
3.95841e-09
3.95841e-09
3.95841e-09
3.95841e-09
3.95841e-09
3.95841e-09
3.95841e-09
3.95841e-09
3.95841e-09
3.95841e-09
3.95841e-09
3.95841e-09
3.95841e-09
3.95841e-09
3.95841e-09
3.95841e-09
3.95841e-09
3.95841e-09
3.95841e-09
3.95841e-09
3.95841e-09
3.95841e-09
3.95841e-09
3.95841e-09
3.95841e-09
3.95841e-09
3.95841e-09
3.95841e-09
3.95841e-09
3.95841e-09
3.95841e-09
3.95841e-09
3.95841e-09
3.95841e-09
3.95841e-09
3.95841e-09
3.95841e-09
3.95841e-09
3.95841e-09
3.95841e-09
3.95841e-09
3.95841e-09
3.95841e-09
3.95841e-09
3.95841e-09
3.95841e-09
3.95841e-09
3.95841e-09
3.95841e-09
3.95841e-09
3.95841e-09
3.95841e-09
3.95841e-09
3.95841e-09
3.95841e-09
3.95841e-09
3.95841e-09
3.95841e-09
3.95841e-09
3.95841e-09
3.95841e-09
3.95841e-09
3.95841e-09
3.95841e-09
3.95841e-09
3.95841e-09
3.95841e-09
3.95841e-09
3.95841e-09
3.95841e-09
3.95841e-09
3.95841e-09
3.95841e-09
3.95841e-09
3.95841e-09
3.95841e-09
3.95841e-09
3.95841e-09
3.95841e-09
3.95841e-09
3.95841e-09
3.95841e-09
3.95841e-09
3.95841e-09
3.95841e-09
3.95841e-09
3.95841e-09
3.95841e-09
3.95841e-09
3.95841e-09
3.95841e-09
3.95841e-09
3.95841e-09
3.95841e-09
3.95841e-09
3.95841e-09
3.95841e-09
3.95841e-09
3.95841e-09
3.95841e-09
3.95841e-09
3.95841e-09
3.95841e-09
3.95841e-09
3.95841e-09
3.95841e-09
3.95841e-09
3.95841e-09
3.95841e-09
3.95841e-09
3.95841e-09
3.95841e-09
3.95841e-09
3.95841e-09
3.95841e-09
3.95841e-09
3.95841e-09
3.95841e-09
3.95841e-09
3.95841e-09
3.95841e-09
3.95841e-09
3.95841e-09
3.95841e-09
3.95841e-09
3.95841e-09
3.95841e-09
3.95841e-09
3.95841e-09
3.95841e-09
3.95841e-09
3.95841e-09
3.95841e-09
3.95841e-09
3.95841e-09
3.95841e-09
3.95841e-09
3.95841e-09
3.95841e-09
3.95841e-09
3.95841e-09
3.95841e-09
3.95841e-09
3.95841e-09
3.95841e-09
3.95841e-09
3.95841e-09
3.95841e-09
3.95841e-09
3.95841e-09
3.95841e-09
3.95841e-09
3.95841e-09
3.95841e-09
3.95841e-09
3.95841e-09
3.95841e-09
3.95841e-09
3.95841e-09
3.95841e-09
3.95841e-09
3.95841e-09
3.95841e-09
3.95841e-09
3.95841e-09
3.95841e-09
3.95841e-09
3.95841e-09
3.95841e-09
3.95841e-09
3.95841e-09
3.95841e-09
3.95841e-09
3.95841e-09
3.95841e-09
3.95841e-09
3.95841e-09
3.95841e-09
3.95841e-09
3.95841e-09
3.95841e-09
3.95841e-09
3.95841e-09
3.95841e-09
3.95841e-09
3.95841e-09
3.95841e-09
3.95841e-09
3.95841e-09
3.95841e-09
3.95841e-09
3.95841e-09
3.95841e-09
3.95841e-09
3.95841e-09
3.95841e-09
3.95841e-09
3.95841e-09
3.95841e-09
3.95841e-09
3.95841e-09
3.95841e-09
3.95841e-09
3.95841e-09
3.95841e-09
3.95841e-09
3.95841e-09
3.95841e-09
3.95841e-09
3.95841e-09
3.95841e-09
3.95841e-09
3.95841e-09
3.95841e-09
3.95841e-09
3.95841e-09
3.95841e-09
3.95841e-09
3.95841e-09
3.95841e-09
3.95841e-09
3.95841e-09
3.95841e-09
3.95841e-09
3.95841e-09
3.95841e-09
3.95841e-09
3.95841e-09
3.95841e-09
3.95841e-09
3.95841e-09
3.95841e-09
3.95841e-09
3.95841e-09
3.95841e-09
3.95841e-09
3.95841e-09
3.95841e-09
3.95841e-09
3.95841e-09
3.95841e-09
3.95841e-09
3.95841e-09
3.95841e-09
3.95841e-09
3.95841e-09
3.95841e-09
3.95841e-09
3.95841e-09
3.95841e-09
3.95841e-09
3.95841e-09
3.95841e-09
3.95841e-09
3.95841e-09
3.95841e-09
3.95841e-09
3.95841e-09
3.95841e-09
3.95841e-09
3.95841e-09
3.95841e-09
3.95841e-09
3.95841e-09
3.95841e-09
3.95841e-09
3.95841e-09
3.95841e-09
3.95841e-09
3.95841e-09
3.95841e-09
3.95841e-09
3.95841e-09
3.95841e-09
3.95841e-09
3.95841e-09
3.95841e-09
3.95841e-09
3.95841e-09
3.95841e-09
3.95841e-09
3.95841e-09
3.95841e-09
3.95841e-09
3.95841e-09
3.95841e-09
3.95841e-09
3.95841e-09
3.95841e-09
3.95841e-09
3.95841e-09
3.95841e-09
3.95841e-09
3.95841e-09
3.95841e-09
3.95841e-09
3.95841e-09
3.95841e-09
3.95841e-09
3.95841e-09
3.95841e-09
3.95841e-09
3.95841e-09
3.95841e-09
3.95841e-09
3.95841e-09
3.95841e-09
3.95841e-09
3.95841e-09
3.95841e-09
3.95841e-09
3.95841e-09
3.95841e-09
3.95841e-09
3.95841e-09
3.95841e-09
3.95841e-09
3.95841e-09
3.95841e-09
3.95841e-09
3.95841e-09
3.95841e-09
3.95841e-09
3.95841e-09
3.95841e-09
3.95841e-09
3.95841e-09
3.95841e-09
3.95841e-09
3.95841e-09
3.95841e-09
3.95841e-09
3.95841e-09
3.95841e-09
3.95841e-09
3.95841e-09
3.95841e-09
3.95841e-09
3.95841e-09
3.95841e-09
3.95841e-09
3.95841e-09
3.95841e-09
3.95841e-09
3.95841e-09
3.95841e-09
3.95841e-09
3.95841e-09
3.95841e-09
3.95841e-09
3.95841e-09
3.95841e-09
3.95841e-09
3.95841e-09
3.95841e-09
3.95841e-09
3.95841e-09
3.95841e-09
3.95841e-09
3.95841e-09
3.95841e-09
3.95841e-09
3.95841e-09
3.95841e-09
3.95841e-09
3.95841e-09
3.95841e-09
3.95841e-09
3.95841e-09
3.95841e-09
3.95841e-09
3.95841e-09
3.95841e-09
3.95841e-09
3.95841e-09
3.95841e-09
3.95841e-09
3.95841e-09
3.95841e-09
3.95841e-09
3.95841e-09
3.95841e-09
3.95841e-09
3.95841e-09
3.95841e-09
3.95841e-09
3.95841e-09
3.95841e-09
3.95841e-09
3.95841e-09
3.95841e-09
3.95841e-09
3.95841e-09
3.95841e-09
3.95841e-09
3.95841e-09
3.95841e-09
3.95841e-09
3.95841e-09
3.95841e-09
3.95841e-09
3.95841e-09
3.95841e-09
3.95841e-09
3.95841e-09
3.95841e-09
3.95841e-09
3.95841e-09
3.95841e-09
3.95841e-09
3.95841e-09
3.95841e-09
3.95841e-09
3.95841e-09
3.95841e-09
3.95841e-09
3.95841e-09
3.95841e-09
3.95841e-09
3.95841e-09
3.95841e-09
3.95841e-09
3.95841e-09
3.95841e-09
3.95841e-09
3.95841e-09
3.95841e-09
3.95841e-09
3.95841e-09
3.95841e-09
3.95841e-09
3.95841e-09
3.95841e-09
3.95841e-09
3.95841e-09
3.95841e-09
3.95841e-09
3.95841e-09
3.95841e-09
3.95841e-09
3.95841e-09
3.95841e-09
3.95841e-09
3.95841e-09
3.95841e-09
3.95841e-09
3.95841e-09
3.95841e-09
3.95841e-09
3.95841e-09
3.95841e-09
3.95841e-09
3.95841e-09
3.95841e-09
3.95841e-09
3.95841e-09
3.95841e-09
3.95841e-09

VECTORS velocity float
0.0049422 -0.00182156 0.00253966
0.00459538 -0.000227835 -0.000146124
0.00900758 0.00337794 -0.00323505
0.00449219 -8.52098e-05 -0.000339399
0.00251818 0.000478511 -7.78541e-05
0.00430318 -0.000454498 0.000784704
0.0035286 0.000963605 -0.000272712
0.00455045 -0.000362005 0.00127465
0.003569 -0.000456015 0.000597765
0.00459433 -0.000209462 0.000158111
0.00461358 -0.000178661 0.000148311
0.00447799 -0.00023904 -0.000201561
0.00484053 4.24611e-05 -0.000111298
0.00458664 -0.000520469 -4.54759e-05
0.00435192 -0.000244051 -0.000343758
0.00446488 -0.00120682 0.00251663
0.00444771 7.52129e-05 0.000760501
0.00386887 0.000141249 0.000206422
0.00464096 -0.000331311 -0.000140566
0.0046091 -0.000131387 0.000137332
0.00440301 -7.36812e-05 -0.000415693
0.00451402 0.000327346 -6.27096e-05
0.00411204 -0.000303213 0.00111505
0.00460343 -0.000237964 2.80834e-05
0.00558946 0.000343696 0.000139901
0.00400167 -0.000458096 0.00269289
0.0045784 2.26914e-05 0.000193597
0.00415785 0.000300246 0.000113514
0.00483654 0.000147401 0.000260143
0.00923755 0.00288112 -0.00284309
0.00488915 -0.000756684 -8.53249e-05
0.00438085 -6.4117e-05 -0.000103738
0.00465942 7.57277e-05 -0.000180431
0.00457978 -0.000195614 -7.4694e-05
0.00455241 -0.000749477 0.000460497
0.00448734 -5.11123e-05 0.000127769
0.00507078 0.00039122 -4.32835e-06
0.00495828 0.000372841 -1.29774e-05
0.00401701 -6.30441e-05 -0.000145645
0.00446339 -0.000397455 -0.000177353
0.00386881 -0.000578329 -9.01693e-05
0.00458504 7.26612e-05 -9.13927e-05
0.00717832 0.00823268 -0.0135418
0.0174117 0.00316748 -0.00353678
0.00462147 0.000364021 -2.08748e-05
0.00421549 0.000154568 0.000201206
0.00386807 -0.000681044 0.00176552
0.00463104 -0.00029365 1.95026e-06
0.00518662 -0.00125636 0.000187426
0.00410349 2.5295e-05 -0.000172637
0.00556985 0.000135507 -0.000265406
0.0041535 0.000266238 0.000160672
0.00429519 0.00026549 0.000171111
0.00459072 -0.000229425 0.000147658
0.00332988 0.00108356 -0.000129618
0.00557145 -0.000316148 1.38153e-05
0.00470006 1.8008e-05 0.000185592
0.00462749 0.000308601 -0.000160254
0.00441616 0.000383785 7.10362e-05
0.00430269 -0.000153298 0.000665944
0.00480493 0.000112728 0.000273505
0.00430985 0.000373455 -7.41641e-05
0.00451149 -0.000605791 0.000806774
0.00433696 -0.000275523 -0.000235045
0.00256973 -0.00321059 0.0124753
0.00488619 -0.000175703 -0.000410942
0.00479586 -0.00047197 -0.000138564
0.00428685 -0.000251976 -0.000240976
0.00530065 0.000474546 0.000250078
0.00383754 0.000262007 0.000135598
0.00476797 0.000201898 -0.000186767
0.00427928 0.000355214 0.000126239
0.00431898 1.49969e-05 8.06753e-05
0.00347127 0.00101405 -0.000135896
0.0180175 0.0167677 -0.0270067
0.00459277 -0.000655686 -0.000124946
0.00458924 9.63523e-05 0.000280275
0.00486612 -0.000720333 0.000307935
0.00482366 -0.000179786 -0.000629741
0.0044973 0.00014522 0.000224387
0.00442394 -0.000110309 -0.000384372
0.00523299 0.000480215 0.000176037
0.00472625 0.000229492 -0.00016695
0.00490675 0.000217353 -0.000229159
0.0028112 0.00136152 0.000164924
0.00451223 4.31463e-05 0.0010781
0.00410023 -5.14084e-05 -0.000152685
0.00464483 0.000238261 0.000831032
0.00418759 0.000220242 0.000180752
0.00426556 -0.000520249 0.000804506
0.0043496 0.000312684 -6.02157e-05
0.00456986 -0.000288349 -0.000167152
0.00449977 -0.000759961 -0.000174032
0.00452021 -0.00039084 -0.000250845
0.00504411 0.000683107 -0.00030489
0.00434351 4.97106e-05 -3.11369e-05
0.00424022 0.000343191 0.000122471
0.00440604 -0.000336184 0.000500931
0.00347192 -0.00427071 0.00382141
0.00430724 0.000163979 -0.000175732
0.00528185 0.000402898 -0.000266804
0.00448447 0.000261438 0.000141175
0.00367735 0.000350521 7.79861e-05
0.00660472 0.000101372 -0.00076227
0.00463876 -0.000153234 -9.40265e-05
0.00433195 0.000338286 0.000141241
0.00522163 -8.48646e-05 -0.000731717
0.00446465 -0.00227923 0.00270604
0.00306954 0.000855812 -0.000118765
0.00312141 0.000222007 0.000524407
0.00437574 0.000288536 0.000107835
0.00459512 -0.000129905 0.000116869
0.00442691 0.000557928 -0.000161218
0.00520519 -0.000574615 0.000514663
0.00453339 -0.00025082 -0.000261245
0.00367119 -0.000704294 0.00198841
0.00296393 5.85494e-05 0.000461623
0.00408056 6.25471e-05 -0.000318512
0.00434347 0.000139347 -0.000166167
0.00314763 0.000980347 -0.000124362
0.00404533 0.000334053 0.000103424
0.00456677 -0.000578425 0.00075927
0.0208489 0.018105 -0.011132
0.00528644 -0.000851981 -0.000493554
0.00487082 -0.000375435 -0.000210782
0.00390673 0.00341815 -0.000893054
0.00438201 -6.21782e-05 -0.00107144
0.0152119 -0.00701102 -0.044058
0.00486993 -0.000278439 -0.000120402
0.00390349 -0.000822719 0.00191597
9.49258e-05 3.40158e-05 0.000107154
0.00468605 0.000115249 0.000271996
0.0148035 -0.0110882 -0.0523648
0.00438069 0.000355374 0.00011054
0.000468131 0.000426504 -0.000407663
0.00271217 -0.00121422 0.00828556
0.00390305 -0.000481962 -0.000108354
0.0203908 -0.0026187 0.00358814
0.00496998 0.000135793 -0.000334335
0.00416152 0.000144764 -0.000326288
0.00444952 0.000199514 0.000297017
0.00463848 -0.000681424 -0.000308825
0.00429432 -0.000616347 0.00170857
0.00383376 9.01183e-05 0.00146312
0.000439653 -0.00743825 0.00727176
0.00457126 -0.000609177 0.000583276
0.00422944 0.00029616 0.000153768
0.00437244 -0.000749722 0.000233907
0.00422542 3.5848e-06 -0.0001515
0.00274234 0.000598549 -0.000295628
0.00434045 0.000559853 0.00159179
0.00445148 7.66352e-05 -8.00633e-05
0.00492923 -0.00044188 -0.000165008
0.00795521 0.00972106 -0.00604817
0.00497285 -0.000329604 0.0002556
0.0051612 -0.00024024 -0.000220297
0.0044069 0.000119989 0.000817127
0.00432219 0.00291377 0.00202348
0.00521532 0.000313127 -0.000275535
0.00431606 0.000147677 -0.000183142
0.00417656 1.77058e-05 0.000328208
0.00535418 -0.000196762 -0.000424902
0.0049996 0.000545269 -0.000715201
0.00504149 6.40787e-05 -0.000219559
0.00498398 -0.000350212 -0.000288095
0.00387577 0.000101278 0.00358927
-4.35024e-15 7.85461e-14 -1.59727e-13
0.00431024 0.000306411 0.000140215
0.0048752 -0.000118077 -0.000163572
0.00426852 0.000170836 -0.000186501
5.504e-05 3.40846e-05 -7.20207e-06
0.00436597 0.000398028 -0.00016966
0.00436242 0.000378472 0.000113424
0.0162564 -0.000705801 0.00406958
0.00291104 -0.00223441 0.007974
0.00357483 0.000935168 0.000187808
0.00518793 -0.000129059 0.00159964
0.00421886 -0.000245246 -0.000259605
0.00345414 -9.61451e-05 0.000400421
0.00449787 -0.00443412 0.00250288
0.00433764 -0.000497283 0.000601318
-1.85819e-05 -3.52607e-05 -1.30227e-05
0.0045163 0.000933013 -0.000357613
0.00519806 0.000137608 0.000345721
0.00421718 0.000227539 -0.000121166
-0.00211708 -0.00585447 0.00627132
0.00469157 -0.000568824 0.000264359
0.00510822 0.000401138 -0.000257634
0.00396105 -0.00132859 0.00226159
0.00294023 -0.00511602 0.00663986
0.00428228 0.000292878 0.000127469
0.00284381 0.000774461 -0.000468282
-2.13081e-14 -4.76222e-14 2.84544e-13
0.00455842 1.01092e-05 0.0010367
0.003974 0.000822985 -0.000247892
0.0034695 -0.0029606 -0.000164049
0.00464498 -0.000516393 0.000217263
0.00428129 -0.000219158 -0.000158294
0.00482657 0.000871524 -0.000958637
0.00429411 0.000326753 -0.000230495
0.00378858 0.000743299 -0.000613031
0.000215705 0.00400842 -0.00452085
0.00398256 0.00014423 0.00020698
0.00420866 -0.000262465 0.000713106
0.00388904 0.000457466 -6.92064e-05
0.00443435 -0.00193532 0.00171699
0.00496608 0.000182912 -0.000210657
0.0038967 0.000693541 -0.000249938
0.000834124 -0.00107367 0.00136966
0.00460716 0.000275619 0.000111316
0.0152152 -0.00193187 -0.044262
0.00399952 -0.000835103 0.00183338
0.00360342 -0.0027698 -0.000203148
0.00198128 -0.0115057 0.0115301
0.00380115 -0.00305803 -0.000222743
0.00421644 -7.65985e-05 0.000340869
0.00434348 -0.00764721 0.00955188
0.000276613 -0.000964316 0.0186677
0.00497789 -3.44474e-05 -0.000169533
0.00412406 -0.00197945 -2.3564e-05
0.0048746 0.000108294 -9.2517e-05
0.00298155 -3.98442e-05 -0.00138784
0.00604875 0.0026994 -0.00253296
0.00460627 0.00035827 0.000932921
0.00746935 0.00263201 -0.0025962
0.00662408 0.000300399 0.000598254
0.0042983 0.0004763 -0.000237034
0.010272 0.0104569 -0.00907168
0.004427 0.000406256 0.000107234
0.00331938 -0.00153167 0.00199905
0.00424696 0.000319488 -0.000154937
0.00475539 -0.00276095 0.00179278
0.000893838 0.000733262 -0.000661087
0.000785926 -0.00177934 0.00076076
0.0032648 -0.000584802 0.00143065
0.00463365 -0.000352857 0.000271644
-7.74318e-15 -2.89199e-14 -1.90417e-13
0.0051313 0.000273428 -0.000249932
0.00442228 -0.000164617 -0.000199619
0.00465366 -0.000656518 0.000506443
0.00431578 -0.000266551 -0.000281355
0.00179319 0.00223167 -0.00019433
0.00484562 -0.000311495 -0.000141337
0.00422501 -0.000697166 0.000225
0.00449485 0.000110215 -0.00016301
0.0046517 7.0193e-05 -0.000782693
0.0063015 0.00109496 -0.0042325
0.0166105 0.00120969 -0.0436189
0.00609846 -0.000179169 0.000415923
0.00376976 -0.00303421 -0.0002142
0.00429343 -0.000215562 0.000486542
0.00362101 0.00507797 -0.0051031
0.00292426 0.00280414 0.0082372
0.00527882 0.000120071 0.000298982
0.00274889 -0.00211271 0.00788363
0.00417664 -6.76014e-05 0.000315053
0.00305223 0.000152513 0.000177073
0.00277047 4.38165e-05 0.000184964
0.00475914 -0.000137935 -0.000402844
0.00458998 -3.17235e-05 3.71297e-05
0.0049317 0.000316642 0.000473433
0.0049808 0.000210239 -0.00087592
0.00865745 -0.00727847 -0.000979689
0.0338111 -0.00444024 -0.000561716
0.00513314 0.0028451 -0.000698675
0.00490662 -2.95267e-05 -0.000171694
0.00223505 -0.000914409 0.00157727
0.00579309 0.00172231 -0.00172681
0.00511229 -0.000929067 0.000362878
0.00403528 -0.000775179 0.00181476
0.00399896 3.75692e-05 0.00276374
0.00421941 -1.96797e-05 0.00102926
0.0179552 -0.0229078 -0.0604366
0.00371725 -0.000315901 0.000598287
0.00327274 -0.00634874 1.95113e-05
0.00494451 -0.000170611 0.000737513
0.00481896 0.000167254 0.000283089
0.00452747 -0.00117672 -0.000658575
0.00489125 -0.000992608 0.0015081
0.00397632 -0.00229463 0.00260857
3.95504e-05 -0.000497373 0.000116017
0.00334111 -0.000251458 0.000189206
0.00484397 -0.000700461 0.000359491
0.00303169 0.000226345 0.000307409
0.00516601 0.000232995 -0.000233718
0.00528937 -0.000590132 0.00119606
0.00396785 0.00077839 -0.000269425
0.00458963 0.000263169 -9.83822e-05
0.0327202 0.00232295 -0.00489463
0.000717814 1.41471e-05 5.73967e-05
0.000997538 0.000514445 -0.000475254
0.00380313 -4.94747e-05 0.000359939
0.00278338 0.00049107 -0.000275366
0.00287721 -0.00217681 0.00808313
0.00382317 0.00247878 -0.00263104
0.00454168 0.00107462 -0.000342075
0.00477044 0.000567783 -0.000715961
0.00456727 -3.25905e-05 0.000291441
0.0010295 -0.00683338 0.0079496
0.0147805 -0.000319913 -0.0450208
0.00465822 0.000122509 0.000716658
0.00458219 -0.00032607 0.000251946
0.0125315 -0.00989348 0.0070794
0.00248131 -0.00409139 0.00528602
0.00436087 -0.00022682 0.00124914
0.00387632 -0.000629175 0.000386558
0.0226341 0.00499697 -0.0840974
0.00370801 -0.0024992 0.00273172
0.00425932 -0.00122007 0.000234713
0.000448942 -0.00094886 0.000348277
0.00499129 -0.000144464 -0.000126209
0.00256539 0.000103139 -0.000117099
0.00488228 0.000504191 -0.000248288
0.00417092 -0.00179188 0.00217029
0.00450131 -0.000434735 0.000557728
0.00144186 0.00116876 -4.73249e-05
0.00481404 0.00133236 -0.000472739
0.00399391 -0.000682128 0.00168306
0.00400097 -0.00268894 0.00299912
0.00492434 0.000482053 -0.000708699
0.00458773 0.00118619 -0.000343157
0.00303215 0.00158334 -0.000341127
0.00379489 0.000484808 -0.000207716
0.00476223 0.000285272 0.000956983
0.00454972 0.000698109 -0.000359467
0.00428986 -0.000525867 0.000179197
0.0151962 -0.0035627 -0.0443236
0.00378996 -0.000677465 0.00190322
0.00454231 -0.000143105 -0.000377303
0.00870484 0.00930768 -0.00775217
0.00460675 -0.000577197 -4.4346e-06
0.00372694 -0.00296425 -0.00020388
0.00467491 0.000169614 0.000262738
0.000482789 -0.000671871 0.000530821
0.00463739 -0.000607304 0.000520628
0.0459988 0.0357501 -0.0316247
0.00434076 0.000394867 -0.000913593
0.00251596 -0.0123655 0.00583221
0.00524063 0.00156126 -0.00153115
0.000689687 -0.00026098 0.000136153
0.00273235 -0.00278067 0.00781331
0.00444377 0.00093862 -0.000313639
0.0238827 0.00187946 -0.00282874
0.00469435 -0.000296578 -0.000105944
0.00486891 0.00105529 -5.38215e-05
0.00521793 0.000948337 -0.000340819
0.00455098 -0.000208458 -0.000135602
0.00399962 -0.00221833 -7.39275e-05
0.000492983 -0.00133842 0.00196377
0.00460129 0.00124225 -0.000358397
0.00470333 -0.00109919 -0.00115628
0.00488001 -0.000742777 -1.51509e-05
0.00481076 0.000621521 -0.000760074
0.00493609 0.000350198 -0.0007716
0.00508609 0.000631001 -0.000280097
0.00374986 -0.00448575 0.00165898
0.000795295 -0.00172623 0.000116835
0.0045397 -0.000730923 -0.000146944
0.00446012 -0.000689214 -0.000432309
0.00497503 0.00104069 -0.00271185
0.00877438 0.00189698 -0.0019896
0.000283178 -0.00131313 0.0186796
0.00220457 -0.000938528 0.00158191
0.00487989 -0.00122291 0.000140678
0.00431107 -0.00177815 0.000959651
0.00511496 -0.00181043 0.00234076
0.00419093 0.00145458 -0.00141352
0.00620121 0.000277843 0.000738397
0.00199985 -0.000519363 -0.00201779
0.00263372 -0.000803693 0.00101467
0.000919121 -0.000762163 0.00062774
0.00391976 -0.00141237 -9.29023e-05
0.00256076 -0.00143022 -0.000135301
0.00450136 -0.000818195 0.000886416
0.00420081 0.00290056 -0.0042265
0.00262846 7.65663e-06 -0.000394392
-0.00414938 0.00965619 -0.00839657
0.00339785 0.00154269 -0.000354032
0.00463165 -0.000679034 0.00125335
0.00298854 0.00259625 -0.00239266
0.00419716 0.00141485 -0.000358027
0.0104828 0.000916577 -0.0487845
0.0012265 -0.000209466 0.000871417
0.010098 0.00358662 -0.00348504
0.00466114 -0.000456328 0.000198057
0.00502662 0.00117575 -0.000163701
0.00465661 -0.00028389 -7.91812e-05
0.00461932 8.16938e-05 0.000247073
0.00150477 -0.00191265 0.000265887
0.0040586 -0.000625953 0.00163703
0.00453238 0.000319428 -0.000107697
0.00551959 -0.000834145 -0.00325304
0.00465368 0.000563479 -3.41999e-05
-0.000233202 -0.00191443 -4.01175e-05
0.0051789 0.000955676 -0.00075189
0.00505077 0.000762865 -0.000539743
0.00469606 0.000612008 -5.47317e-06
0.00419175 0.000407221 0.00211114
0.000608209 0.000351927 5.58571e-05
0.00454277 0.000631884 -0.00102576
0.00467513 0.00193812 -0.00183345
0.00342461 -0.00178618 -4.02574e-05
0.00409651 -0.0026808 0.00300052
0.00212304 -0.000910565 0.00153364
0.00426017 -0.000657242 0.00171611
0.00381114 -0.000670685 0.00138373
0.0175772 -0.00168814 -0.000688513
0.00564052 -0.000560394 0.000335786
-0.000314417 -0.00188249 0.000586977
0.00529309 0.00105735 -0.000763172
0.00279378 -0.00217958 0.00810226
0.0265399 -0.000913749 0.00217193
0.00400832 -0.000207629 -0.000286454
0.00456819 0.000926769 -0.000663955
0.00525531 0.00104733 -0.000771337
0.00451325 0.000375372 -0.000418842
0.00459841 0.0103955 -0.00870322
0.00432742 -0.00087905 0.000167474
0.000498461 -0.00130978 0.0019708
0.00387109 -0.000242247 0.000260007
0.00148019 0.000160214 7.46473e-05
0.00302562 -0.00124652 0.00190506
0.00100758 0.00271121 0.0142994
0.00424409 -0.000628933 -0.000587888
0.00273655 -0.0022196 0.00815519
0.0214144 0.0059198 -0.084978
0.0136399 -0.00354705 0.00473333
0.00540146 0.00109519 -0.000817035
0.000805862 0.00374006 -0.00349242
0.00448446 -0.000719045 0.000269532
0.00346203 -0.000685545 0.000207251
0.00493977 -0.000908631 0.000245137
-0.000542102 0.00424321 -0.00393674
0.00112551 -0.000191633 -0.00189899
0.00516433 0.00340609 -0.00305729
0.00502128 0.000321463 -0.000632292
0.00488889 0.000493258 -0.000677164
0.00623438 0.000743296 -5.16531e-05
0.00363983 -0.00299483 -0.000225423
0.00391475 -0.00178061 0.00212495
0.00481867 0.000967035 -0.00137521
0.0117874 0.00405671 -0.0391852
7.02966e-05 -0.00197301 0.0188692
-3.14159e-15 -7.02092e-15 4.19504e-14
0.00533365 -0.000746662 0.0014455
0.00405007 0.000139587 -0.000844103
0.00426972 -0.000195436 -0.0011225
0.0049631 0.000662934 -0.000769953
0.00480218 0.000831551 -0.000926312
0.00222939 0.00612866 -0.00510395
-3.3968e-14 3.86864e-14 -2.44002e-13
0.00647229 -0.000136217 0.000419315
0.00452005 0.000132785 5.50547e-05
0.00323918 -0.00579536 0.00134686
0.00407808 0.000101037 -0.00030824
0.00371038 -0.000749768 0.000509562
0.00206834 0.000337993 -0.000403498
0.00328777 0.00316427 -0.000844526
0.0068361 0.00135974 -0.000188393
0.000713282 -0.000443447 -0.0266528
0.00489312 -0.000152919 0.000878923
0.00455191 -0.00231753 -5.08998e-05
0.00486569 0.000576043 -0.000664584
0.00443608 0.000656282 -0.00033716
0.0426793 -0.00107848 -0.00180711
0.00278593 0.0036023 -0.00395131
0.00764883 0.00229482 -0.00235128
0.0122619 -0.000415876 -0.00092078
0.00261802 -0.0157649 0.00953515
-0.000365441 -0.000550311 0.000142385
0.00540664 0.00110822 -0.000832145
0.00466849 0.00694292 -0.00589874
0.00496195 0.000546606 -0.00105207
0.00863412 0.00333139 -0.0031718
0.00502412 -0.000381206 0.000980088
0.00668499 0.000714324 -8.95112e-06
0.00465736 0.000542781 -0.000651253
0.00309305 -0.00501819 -0.00109791
0.00373597 -0.000682136 0.00369563
0.00454772 0.000701222 -0.000409503
0.00425272 -0.000349058 -0.00139718
0.00271645 0.000590968 -0.000288242
0.0040424 -4.2219e-05 -0.000100246
0.000548712 -0.000713891 7.63083e-05
0.00259431 0.000232682 0.000258205
0.00494739 0.00120712 -0.00124416
0.00485698 0.000947193 -0.00104005
0.00488191 0.000690734 -0.000844907
0.00459695 -0.000846974 0.000866346
0.000126982 -0.0143033 0.0136647
0.00377665 -0.00244834 0.00272439
0.00633945 0.00162601 -0.000375854
0.00417515 -0.000263466 -0.00010297
0.00422185 0.000739964 -0.000477494
0.00638956 0.00255824 -0.00243621
0.0175339 0.000921263 -0.00131011
0.00424773 0.000938548 -0.000991098
0.00487007 0.000547054 -0.000926376
0.00475135 -0.00048417 0.00103338
0.00456056 4.51357e-05 -0.000505546
-7.87471e-06 -0.000438735 0.000501429
0.000973315 -0.000726282 0.000554508
0.00457808 0.000395224 -0.000414363
0.00343359 -0.00126927 0.00224085
0.00528602 0.00106142 -0.000792659
0.00446178 -0.000185729 -0.000160637
4.16336e-05 -0.0136906 0.0135633
0.00727649 0.00420411 -0.00383009
0.00621813 6.36288e-05 0.000156979
0.00438738 -0.00114354 -0.000355925
0.00471248 0.000186837 -0.000482296
0.0127521 0.0322485 -0.00564764
0.00847461 0.00116178 -0.0148437
0.00481142 0.000801332 -0.000850135
0.00223752 0.000665015 -0.000132881
0.00451552 -0.000741106 0.000133298
0.00497291 0.00120506 -0.00100788
0.00485831 0.000533229 -0.000685901
0.00457545 0.000597648 -6.74396e-05
0.000309475 0.00014538 -0.000116227
0.00556645 0.00127814 -0.00153055
0.00437382 -6.45736e-06 5.6786e-05
0.000459211 -0.00186512 0.000724204
-1.54931e-05 -0.000163187 -4.99597e-05
0.00825408 0.00354245 -0.00334144
0.005261 0.00136462 -0.000238198
0.00499868 8.78515e-05 -0.000150108
0.0041463 -0.000142485 0.000702853
0.00130236 -0.0015996 -0.000134346
0.00644232 0.00243405 -0.000518158
0.00476549 -0.000457696 -0.000121004
0.0032895 0.000584514 -0.000668309
0.00461565 0.00123869 -0.00108595
0.00541862 0.00168901 -0.00033563
0.00623936 0.000642092 -0.00401572
-0.000194281 -0.00156018 0.000938705
0.0045252 0.000584742 -0.000710193
0.00786079 0.00203011 -0.00204182
0.00437971 -0.000528401 0.000568595
0.00485702 0.000896309 -0.00101339
0.00460478 0.000521199 -0.000607014
0.00529418 0.00261292 -0.000607235
0.00495421 0.00108634 -0.000129022
0.00430883 -0.00100619 0.000265068
0.00443618 -0.000513856 6.67379e-06
0.00505607 -0.00120515 0.00172767
0.00503028 0.000710069 -0.000953217
0.00468056 7.5167e-05 -0.000149904
0.0048155 0.000456242 -6.53635e-05
0.00231639 0.00094826 -0.000184223
0.00056895 0.00295484 0.014198
0.00814626 -0.00772061 0.00919207
0.0052137 -0.000354389 0.000217541
-0.00054602 0.00398402 -0.025426
0.00568335 -0.00106833 0.000480855
0.00480307 0.000981988 -0.000114407
-0.0047462 0.0129076 -0.00386885
0.00474223 -0.00226223 0.00266444
0.00218595 -0.00139657 -0.000359734
0.00438741 0.000414222 -0.000807825
0.00444442 -0.000726182 0.00024703
-2.3871e-08 -7.04469e-05 -1.19744e-05
0.00465096 5.79047e-05 0.000213463
0.0124826 0.00546526 -0.00521493
-0.00331929 0.00677265 -0.00666908
0.00602145 0.000437157 -0.000700175
0.00460645 -0.00055086 0.000245874
0.00510622 0.000420489 -0.0014952
0.00477006 0.000676158 -0.00106734
0.00655497 0.000189872 0.000131358
0.00961453 -0.00442206 0.00442379
0.00430665 -0.00153527 0.0056539
0.00242458 0.000981456 -0.00319416
0.00396492 -0.000922212 0.000831715
0.00415357 -0.000984284 0.00142588
0.00371466 -0.003544 -0.00107904
0.00448888 -0.000531104 0.000591857
0.00460359 0.000436555 -0.000597148
0.00625753 -0.000646539 -0.000672149
0.00146052 0.00602892 0.0134913
0.00462063 -0.000836142 -0.000151278
0.00410015 -0.00247325 0.00584469
0.00494487 0.00147434 -0.00135325
0.0184786 0.00839074 -0.00781967
0.00450748 -0.000715712 5.26335e-05
0.00176563 0.00231187 -0.000635617
0.00465923 0.000607844 -0.000734846
0.00436242 -8.02498e-05 -8.77449e-05
0.00475983 -0.000530619 -0.000628892
0.00467673 0.000773478 -0.000481773
0.00463788 -0.00142434 1.85645e-05
0.00309137 -0.0012443 0.000859671
0.0118983 0.000240085 -0.00110422
0.00506415 8.59299e-05 -0.000360381
0.00479176 0.000791438 -0.00104632
0.00404525 -0.00060174 9.19088e-05
0.00436867 -0.000743351 0.000285473
0.00502637 0.00112223 -0.000879785
0.00269029 0.000620598 -0.000295134
0.0048387 0.00129338 -0.00129068
0.00463306 -0.000155418 0.00146675
0.00404923 0.00150686 -0.00150202
0.00601417 -0.000340429 0.000291461
0.00486981 0.000173794 8.51539e-05
0.00418347 -0.000885306 0.00131593
0.00493318 0.000519384 -0.000662712
0.00473539 0.000496184 -0.000649444
0.00466566 0.000802989 -0.000409225
0.00433897 -0.000431625 0.000523828
0.00473905 -7.81138e-05 0.000261659
0.00124853 0.00347552 -0.00117749
0.00506204 0.00122954 -0.000563
0.00423425 0.00107823 -0.000898638
0.0045465 -0.000716022 -0.000111847
0.00461389 0.000218603 0.000273699
0.00471694 0.000975093 -0.00105077
0.00125401 0.00123328 1.96829e-05
0.0046481 0.000764913 -7.78513e-05
0.00471649 0.000474604 -0.000452468
0.00398851 -0.0005187 5.01047e-05
0.00508236 0.000825902 -0.000806826
0.0103485 0.0040271 -0.00287185
0.00436806 -0.000587648 0.000629591
0.0101277 -0.0132432 0.00231123
0.00321519 0.000522537 -5.92171e-05
0.00458257 0.000769089 -0.000369564
0.00476157 -4.68529e-05 0.000248079
0.000167666 -0.000580558 0.000548129
0.00315194 9.08844e-05 0.00011972
0.00456024 0.000822774 -0.000394934
0.00408867 0.000572618 -0.000598704
0.0118862 -0.00945938 0.00752013
0.00454887 -0.00078867 -0.000146964
0.00445653 -0.000616525 0.000631419
-0.000410866 -0.000657124 0.000510708
0.00491339 0.000589857 -0.000167393
0.00442045 0.000283023 -0.000495046
0.00530897 0.00180671 -0.000372816
0.0046829 0.00028927 -0.000858245
0.00460281 0.000358373 -0.000430785
0.0052227 0.00111533 -0.00087117
0.00495853 0.000334911 7.601e-05
0.00448019 0.00129093 -0.00192464
0.00481284 0.00227885 -0.00159464
0.00478924 0.000487686 -0.000695774
0.00283574 0.00150298 -0.000364756
0.00502766 0.000525622 -0.000683969
0.00130692 0.000865262 -0.000605776
0.00461241 -0.000506875 4.62887e-05
0.00284486 0.00423427 0.0100256
0.00466653 0.000418388 3.14143e-05
0.00642812 0.000961146 -0.000684644
0.00474447 0.000803771 -0.00120216
0.00447772 -0.000573502 0.000241783
0.00230513 0.00118513 -0.00163217
0.00460599 0.000925022 -0.000717637
0.0064943 0.00115722 -0.000147358
0.00440182 -0.000631934 0.000245493
0.00396514 -0.000667473 -6.38361e-05
0.00349118 -0.00481947 0.000438233
0.00515084 0.00119045 -0.000251509
0.00450639 0.000701622 -0.00042424
0.00455536 -0.000537637 0.0005923
0.00451781 0.000578495 -0.000615691
0.00513823 0.000886808 -0.000982965
0.00462127 0.000141537 0.000244375
0.00486922 0.000835473 -1.20431e-05
0.00496712 -0.00247973 0.00688119
0.00469155 -7.01047e-05 0.000259494
0.0125692 -0.00586954 0.0004773
0.00444934 -0.000569836 0.000239713
0.00446539 -0.000363377 -0.000634443
0.00207953 -0.00593892 0.0134517
0.0047034 -0.000187515 0.000721934
0.00662218 -0.000202514 0.00183115
0.016616 0.00345568 -0.00444955
0.000860626 -0.0117555 0.00927017
0.00414926 0.000718183 -0.000440766
0.00469542 0.000577371 -0.000731217
0.00362294 -0.00382671 0.00103994
0.00534909 0.00109012 -0.000825932
0.00481315 -0.000326698 -0.00010341
0.00467855 0.000346042 -0.000460103
0.00416718 -0.000684933 9.90096e-05
0.00518568 0.00103656 -0.000766737
0.00449184 -0.000723688 -0.000143419
0.00449766 -0.000653168 -0.000474226
0.00540241 0.00130097 -0.00108903
0.00452041 -0.00069903 -9.43447e-05
0.00438047 0.00106044 -0.000872753
0.00419541 -0.000519679 4.11871e-05
0.00196335 -0.0101433 0.0114739
0.00469815 0.0004095 -0.000952605
0.00439346 -0.000409066 0.000510497
0.00680884 0.000140213 -0.000535775
-1.71851e-14 1.95724e-14 -1.23447e-13
0.00577882 -0.000730551 0.000392525
0.00522742 0.00139652 -0.000250738
0.00615264 0.00143523 -0.000906237
0.00417732 -0.000524208 -0.00018007
0.00444162 -0.000718163 4.56233e-06
0.00437961 -2.74659e-05 -4.60255e-06
0.00515539 0.00111995 -0.000863795
0.00424491 -0.000656851 0.000112069
0.00496496 0.00077393 -5.99677e-05
0.00436496 -0.00107823 0.00277901
0.0043181 -7.72655e-05 -8.37265e-05
0.00450686 -0.000413182 0.000516717
0.00515406 0.000884205 -0.000666674
0.00498369 0.000942906 -0.000769896
0.0049045 0.000925142 -0.000123729
0.00404422 -0.000604938 0.000198452
0.00452969 -0.000235187 -2.68907e-05
0.00452764 0.000467346 -0.000161823
0.000711721 0.000700839 -0.000613409
0.00499751 0.000736124 -0.000425091
0.00123187 0.00227163 0.00019754
0.00439768 -4.07524e-05 -9.00136e-05
0.000311598 -0.0153094 0.0097522
0.00437786 1.32463e-05 5.31364e-05
0.00426731 -0.000593204 9.12352e-05
0.00215625 -0.000372678 0.0106842
0.00259589 0.00274514 -0.00071153
0.00307343 -0.000966164 0.000877006
0.000752975 -0.0157694 0.00946873
0.00411485 -0.00082737 0.00332889
0.00473455 0.000506499 1.161e-05
0.00456243 0.000606461 -0.0004259
0.0174878 -0.000786901 0.000872757
0.00426745 -0.000207736 -0.000629452
0.00277061 0.00016082 -0.000341649
0.00496812 0.00149982 -0.0013788
0.00418081 -0.000682908 0.000138667
0.00492347 0.000620056 -0.00073006
0.00446217 -0.000499867 0.000427287
0.0047291 -8.4633e-05 0.000263013
0.00453658 -0.000505418 0.000305954
0.0054256 0.000174254 0.000495551
0.00449178 -0.000612785 0.000629751
0.0044516 -0.000524063 2.93622e-05
0.00462877 -0.000606715 5.84305e-05
0.00213029 0.000753867 -0.000133605
0.00958283 -0.00160802 0.000196313
0.00454928 -0.000758886 -0.00016049
0.00458132 -9.51948e-05 -0.000217921
0.00474535 -7.12499e-05 0.000253168
0.00383416 0.00191766 -0.00154954
0.0044859 -0.000202057 -0.000133189
0.00454505 -0.000719109 0.000129307
0.000445299 0.00117034 0.000124509
0.00462211 -0.000501024 0.000532045
0.000166439 -0.000285256 0.0114719
0.0176949 2.12813e-05 -0.00114425
0.00265795 0.000678272 0.00867891
0.00409791 -0.000563818 -0.000119453
0.00205069 0.00549333 0.0116608
0.00501729 0.00105524 -0.000852965
0.00651077 -0.000319074 7.02811e-05
0.00490976 0.000446939 -0.00106023
0.00451071 -0.000345179 -7.42156e-05
0.00464806 -0.000198259 5.2643e-05
0.00386115 -0.000355217 -0.000916147
0.00405389 -0.000610045 0.000103973
0.00426682 -0.000816451 9.62543e-05
0.00444005 -5.00914e-05 -3.67979e-05
0.0047089 -9.04857e-05 0.0002655
0.00423573 -0.00162716 0.000218827
0.00351666 -0.0156107 0.00933958
0.00488088 0.000666565 -0.000806506
0.0043597 -0.000420088 0.000574963
0.00483516 0.000572605 -0.000837097
0.00492137 0.000565569 -0.000263305
-3.20306e-05 -5.17568e-05 7.00088e-06
0.00408492 -0.00063309 0.000107725
0.00661527 0.00248883 -0.000534469
0.00655962 0.00159743 -0.000252224
0.00168325 -0.014058 0.0098317
3.15899e-14 -3.5978e-14 2.2692e-13
0.00469871 -0.000104494 0.000194154
0.00470498 -4.48663e-05 0.000244909
0.00447083 -0.000755547 -0.00013928
0.00443149 -5.97814e-05 -7.47766e-05
0.00439275 -7.161e-05 6.36927e-05
0.00455475 -0.000427422 0.000577199
0.00646759 -7.50893e-05 0.00103632
0.00478234 0.00080713 -0.000738129
0.00439091 -0.00012524 7.61222e-05
0.0128307 0.00124847 -0.000518388
0.0044189 -0.000664044 0.000125075
0.0137163 -1.56986e-05 -0.00244992
-1.82119e-05 3.20175e-05 -5.14464e-05
0.00181499 -0.00236494 0.0117623
0.00416848 -0.000699467 0.000105673
0.0168923 -0.0026724 -0.00107014
0.014038 0.00266619 -0.00163424
0.000731169 -0.0155424 0.0104436
0.00461795 -0.000698883 7.62509e-05
0.00440756 0.000453631 -0.0011283
0.00446944 -0.000427346 0.000282429
0.00438551 -7.54616e-05 -9.17942e-05
0.00732781 -0.00464209 0.00601022
0.00447469 -0.00063536 0.000247821
0.00405444 -0.000601642 8.30702e-05
0.00444125 -0.000296219 -0.000220864
0.00425355 -0.000696598 0.000119024
0.00464212 -0.000612279 0.000333606
0.00888751 -0.00314173 0.00179303
0.00432427 -0.000749246 0.000166278
0.00455195 -0.000688058 -4.37346e-05
0.00453761 -0.000709698 -4.45249e-05
0.00432805 -0.000308226 -8.06229e-05
0.00105674 -0.00266185 0.0149387
0.00563452 -0.0010257 0.00441721
0.00450401 -0.00035442 0.000229663
0.00470428 -0.000425109 0.000134143
0.00419306 -0.00713741 -0.00376956
0.0031205 0.000612018 -0.000543322
0.00438426 -0.000349385 8.65321e-05
0.00463454 -0.000225896 0.0002213
0.00468881 -9.68811e-05 0.000265998
0.00452782 0.000630056 -0.000381998
0.00471599 -0.000467203 -2.10557e-05
0.00412858 -0.00065079 0.000157802
0.00441659 -8.93126e-05 -0.00021192
0.00441426 -0.000743064 -0.000278825
0.00463322 0.000136975 0.000254515
0.00439227 0.00055824 -0.000627015
0.0043756 -0.000777159 -0.000155119
0.00472042 -6.78145e-05 0.000257501
0.00466001 -0.000147518 -3.02221e-05
0.00488107 0.00111115 -0.000346001
0.00437854 -5.08846e-05 -7.8774e-05
0.00441981 -0.000488361 0.000237499
0.00465667 0.00100637 -0.00296829
0.00433848 -1.78467e-05 5.64202e-05
0.00433749 -0.000196941 -3.77395e-05
0.00124195 -0.00404041 0.0134007
0.00415034 -0.000731662 0.000105133
0.00466265 -0.000229817 -4.66938e-05
0.00602283 -0.0014894 0.00518345
0.0123841 -0.006454 -0.00356474
0.00433 -5.03743e-05 -4.45687e-05
0.000983899 0.00187566 0.000162888
0.00442822 -0.000604293 7.18909e-05
0.0133473 -0.000220793 -0.00153778
0.010337 -0.000125552 -0.00140982
0.00471136 -0.000448759 -1.98815e-05
0.0129792 -0.00372871 -0.00251568
0.00455552 -0.000627143 0.00025711
0.00436796 -0.000645306 0.000256453
0.00440146 -0.000139553 -0.000127793
0.00702995 -0.0121038 0.00749339
0.0049952 0.00106259 -0.00118636
0.00453395 0.000877824 -0.000637313
0.00461216 0.000132381 0.000247845
0.0040467 -7.03549e-05 -8.27408e-05
0.0045464 -0.000406945 0.000237605
0.0043776 -5.09765e-05 -6.37305e-05
0.00424555 -0.000593334 8.91979e-05
0.00222086 0.00643177 0.0101943
0.00473625 -4.36519e-05 0.000246314
0.00520091 -0.000812247 0.00373419
0.00446739 -0.000781616 -0.000134824
0.00431744 -4.50839e-05 6.41683e-05
0.0022216 -3.61688e-05 0.00905371
0.004427 -6.87714e-05 -6.18683e-05
0.00439509 -5.25022e-05 -9.12053e-05
0.00468275 -0.000426449 0.000584446
0.00475218 -5.98367e-05 0.000252372
0.00475276 -7.95694e-05 0.000262042
0.00412639 -0.000781185 2.298e-05
0.00441604 -2.61197e-05 -4.05448e-06
0.00443378 -0.000504353 0.000599693
0.00433737 -0.00077229 0.000229697
0.00439234 -2.01471e-05 -9.05425e-05
0.0042424 -0.000180396 -3.16354e-05
0.00404987 -0.000613457 9.79116e-05
0.00133205 -0.00330558 0.0147408
0.00452016 -0.000240626 -0.000133879
0.00111718 0.000701207 -0.00082078
0.00414852 -0.000339397 0.000115151
0.00438064 -1.62631e-06 5.42359e-05
0.00141676 -0.00425266 0.0143476
0.00318835 -0.00379914 0.00139531
0.00429933 -0.00020008 -4.73434e-05

VECTORS force float
3.53503e-09 -9.71074e-09 7.73956e-09
-7.92271e-10 -1.17544e-10 3.27826e-09
-3.96023e-09 6.81781e-09 -6.18581e-09
-1.79825e-08 1.23956e-08 7.75566e-09
4.47667e-09 -5.66825e-09 1.03847e-08
3.85758e-08 -1.35389e-08 1.53434e-08
1.49846e-10 2.36276e-09 -3.42515e-09
2.15808e-08 -1.99357e-08 2.07661e-09
1.05219e-09 -1.48018e-08 7.8853e-09
-2.70744e-09 -7.78353e-09 2.68607e-09
-2.14821e-09 -6.58785e-09 3.09617e-09
-5.32584e-09 9.49067e-09 6.15847e-09
4.92959e-09 -2.34076e-09 -3.46699e-09
1.36911e-08 -2.33015e-09 3.21366e-09
-2.57697e-09 1.31194e-08 1.15327e-08
1.92455e-08 5.87438e-08 -5.70648e-08
4.9271e-09 4.66043e-09 -1.88633e-08
-6.41888e-09 9.92027e-09 -6.11916e-09
-2.77928e-09 -3.95479e-09 -3.73071e-09
-3.91739e-10 -5.75722e-09 8.6066e-10
-1.42772e-08 1.18795e-08 -8.90878e-09
1.10777e-09 -1.22946e-08 1.24457e-08
2.8511e-08 1.63729e-08 -4.25551e-08
2.28439e-08 -5.25131e-09 -2.55848e-09
3.0346e-09 5.29142e-09 -1.10769e-08
1.58163e-09 3.39889e-09 -4.73618e-09
1.45549e-09 5.91583e-09 8.87279e-10
-3.77e-09 4.61679e-09 -8.32713e-09
1.98986e-09 5.89245e-09 9.42374e-10
-8.97583e-09 1.06147e-08 -8.77213e-09
3.96106e-09 1.82727e-08 3.82664e-09
1.01811e-09 -2.24091e-09 1.61892e-09
-9.44912e-09 3.30315e-09 -1.08049e-09
-5.76347e-09 -7.11193e-10 -5.63979e-09
5.60779e-09 -8.29368e-09 2.72775e-09
3.68897e-09 -2.21221e-09 -2.93926e-10
2.02944e-09 5.41255e-09 -1.17763e-08
-1.21439e-08 -2.89753e-09 -3.55518e-09
9.39929e-10 9.96287e-09 -4.13471e-10
-1.48546e-08 4.19158e-09 -2.993e-09
8.61071e-09 -2.28353e-08 -3.86789e-08
-3.09638e-09 1.10509e-08 3.98311e-09
-5.16318e-09 -1.11341e-08 -3.85433e-08
-1.1135e-08 1.37534e-08 -1.66396e-08
-4.56975e-09 2.25609e-09 -3.35943e-08
-8.44396e-09 -6.67574e-10 2.60115e-09
-8.4106e-09 -1.05399e-08 2.62263e-09
2.98805e-10 -5.93442e-09 -1.49722e-09
-2.37251e-08 -4.52334e-09 -2.21127e-09
-1.01355e-08 1.13819e-08 7.89605e-10
-1.72164e-09 2.34398e-09 -2.7907e-08
-1.90065e-08 1.4811e-08 -9.69268e-09
-1.10789e-08 8.61493e-09 -5.66387e-09
-6.18303e-09 -7.64434e-09 1.919e-10
-1.55737e-08 -5.32093e-09 -2.6225e-09
-3.05989e-09 -1.10319e-08 1.02138e-08
-8.44111e-09 -9.95645e-09 8.89966e-09
4.93281e-10 8.01258e-10 1.32966e-09
-6.64909e-09 -1.76048e-09 -1.34653e-09
-5.08669e-10 7.67808e-10 -2.55119e-08
-1.02297e-08 -6.28703e-09 4.16208e-09
-1.37615e-08 -3.10931e-10 1.38655e-09
1.14655e-09 2.05571e-09 -3.11482e-08
-6.57276e-09 1.04426e-08 -8.88092e-09
-1.80827e-10 9.5418e-09 -4.0942e-08
1.02459e-08 9.13066e-09 2.77114e-08
6.89889e-09 3.0822e-09 -4.31823e-09
-7.45395e-09 3.35998e-10 2.69784e-09
1.32919e-09 8.54506e-09 3.85179e-09
-1.79736e-08 1.32349e-08 -8.09333e-09
-1.1556e-08 -5.73683e-09 -5.77613e-09
-9.54558e-09 5.50505e-09 -3.22767e-09
2.84604e-09 3.1768e-09 4.76062e-10
-8.64333e-09 -1.54785e-09 2.82146e-10
0.0 0.0 -3.8832e-08
-8.57388e-09 -3.15461e-09 -1.85917e-08
1.54997e-09 4.00898e-09 -2.1349e-09
2.04805e-08 6.17539e-09 3.9275e-09
0.0 0.0 -3.8832e-08
1.52912e-09 7.68977e-09 -7.80268e-09
-8.47911e-09 -3.74028e-09 2.06752e-10
-1.72116e-08 8.32313e-09 -3.00577e-09
-1.37318e-09 2.26482e-09 1.1644e-09
4.30686e-08 -1.24941e-08 -8.21524e-09
-1.11113e-08 3.79112e-09 -1.7065e-09
-1.53984e-08 2.69141e-09 2.12127e-09
2.51629e-09 2.87087e-09 -2.54965e-09
-1.09333e-08 1.23996e-08 -2.9206e-08
-6.18229e-09 1.10146e-08 -5.92708e-09
4.03721e-08 -1.96598e-08 2.42692e-08
3.34634e-09 -2.83365e-10 4.3877e-09
-4.37865e-09 3.55584e-10 1.52848e-09
-5.66085e-09 6.47169e-09 -8.0813e-09
-8.09125e-09 -3.20577e-09 -6.7594e-09
1.44077e-08 -1.2155e-09 8.09954e-10
-1.12293e-09 5.65279e-09 3.5556e-09
-1.75852e-09 -2.87938e-09 6.0149e-10
-6.50972e-09 1.7103e-09 2.13661e-09
6.65888e-09 -2.20029e-09 -3.80659e-08
1.13547e-08 -8.64527e-09 8.9944e-10
-1.50876e-09 4.55765e-09 -9.04984e-10
-1.64266e-10 -7.4521e-09 1.87971e-09
-1.94455e-08 1.4631e-08 -8.67894e-09
-1.45081e-08 -5.93852e-09 6.24335e-08
-1.3653e-09 -1.50465e-08 -1.35112e-08
-5.74369e-09 9.14239e-09 -5.06481e-09
-5.4292e-09 1.67783e-09 1.14321e-08
3.76446e-08 -1.31141e-08 1.51522e-08
-1.72403e-08 -4.91068e-09 6.29257e-10
2.13753e-08 2.84453e-09 -2.87598e-08
1.06941e-09 -7.6878e-09 -1.43155e-09
4.82992e-09 -3.19787e-08 -3.96859e-09
-5.28723e-09 2.39921e-09 -3.33368e-10
-1.52874e-09 6.90515e-09 5.4668e-09
-1.77114e-08 -2.36075e-09 9.02688e-09
1.212e-08 -1.4785e-09 2.07069e-09
-4.32969e-08 8.55043e-09 1.03477e-08
-1.26771e-10 6.63664e-09 5.0076e-10
-1.98861e-09 1.22893e-09 1.61573e-09
-1.69613e-08 -5.44508e-09 3.70113e-10
-1.66271e-09 1.00556e-08 -1.86457e-09
3.5136e-09 -6.25827e-09 -3.70195e-08
0.0 0.0 -3.8832e-08
1.30458e-08 1.8625e-08 1.19031e-08
-6.9971e-09 6.65111e-09 -5.10847e-10
3.20884e-09 -4.13761e-09 2.18017e-09
-3.7679e-08 2.41499e-08 -1.75423e-08
0.0 0.0 -3.8832e-08
-3.9822e-09 1.95867e-08 -2.06852e-08
2.57282e-08 -4.06422e-09 2.04154e-08
-2.70363e-08 6.16216e-12 1.26264e-08
1.1025e-09 -3.35623e-09 1.2902e-09
7.12235e-09 -5.45528e-10 -3.31834e-08
-6.58199e-09 2.8479e-09 -2.71497e-09
-3.15806e-09 5.09368e-09 -1.03758e-08
6.97348e-09 -6.74549e-10 -3.33091e-08
6.23686e-09 6.64066e-09 -2.05201e-08
-1.42141e-07 -9.46518e-08 9.79427e-08
3.52846e-08 -2.0811e-08 -9.80022e-10
7.75451e-10 5.67363e-09 2.99754e-09
-7.32055e-09 -3.62723e-09 4.52852e-09
-8.0446e-09 5.43026e-09 -6.17564e-09
1.24888e-08 -2.75136e-09 8.42795e-09
3.49245e-09 -5.14347e-09 2.99266e-09
3.99941e-07 3.02514e-07 -2.12507e-07
1.42766e-08 1.04396e-08 -1.92432e-08
-1.14245e-08 1.19112e-08 -6.66501e-09
-2.80887e-10 -1.93487e-08 1.64717e-08
-4.1416e-09 -4.51474e-09 -7.30427e-09
-1.41602e-08 1.10179e-08 -1.04493e-08
-1.76403e-09 1.11371e-08 -5.07418e-09
-7.9102e-09 1.23747e-08 2.63377e-09
2.51401e-09 4.25001e-09 -1.08123e-08
0.0 0.0 -3.8832e-08
1.44424e-09 -2.03764e-09 -1.56689e-08
1.95646e-08 4.18762e-09 -7.01704e-09
-9.86694e-09 1.37714e-08 -2.35825e-08
7.19862e-09 -2.98783e-09 -3.38617e-08
-2.21277e-09 6.08841e-10 -2.16356e-09
-9.68775e-10 -1.17814e-08 3.00189e-09
-1.45618e-08 9.28976e-09 -9.02308e-09
1.9097e-09 3.51504e-09 -9.54501e-09
-4.13569e-09 -5.25153e-09 1.61863e-09
2.76373e-08 4.05357e-09 3.69406e-09
5.86511e-09 -9.1075e-09 7.10035e-09
-7.51302e-10 1.11618e-09 -6.86674e-10
-1.57164e-23 3.30872e-24 0.0
-3.30747e-10 2.4078e-09 1.8036e-09
3.26198e-08 -2.23971e-08 -1.35807e-09
9.86262e-09 3.93478e-09 1.05862e-10
-4.5323e-09 -4.29314e-12 3.48459e-10
2.36054e-09 2.58325e-09 -4.2481e-09
-8.13657e-09 3.20094e-09 -8.48312e-09
6.37194e-09 -3.29367e-10 -1.37452e-08
4.51383e-09 8.61249e-09 -2.53121e-08
2.37444e-10 -9.2683e-10 -3.40382e-08
-9.03587e-08 1.69976e-09 3.33162e-08
-1.82802e-08 2.97402e-09 -5.50533e-10
-3.51832e-10 1.31759e-10 -2.67227e-08
-1.07087e-08 -9.91655e-10 -1.46109e-08
-2.90455e-09 4.23113e-09 -1.22432e-08
-3.33623e-10 6.99772e-09 3.34841e-09
-9.24145e-09 8.97904e-10 -6.1469e-11
-1.51079e-08 1.28763e-08 -1.03013e-08
-5.38964e-09 2.73945e-09 -6.36877e-09
-4.61826e-09 2.70033e-08 -3.00566e-08
1.36798e-08 -4.99622e-09 1.08972e-08
-9.41342e-09 1.31383e-09 7.21991e-10
-3.96183e-07 -2.79843e-07 1.66445e-07
-7.96703e-09 2.6801e-08 -3.17128e-08
-5.62845e-09 -3.74064e-09 -3.40736e-09
-4.23474e-09 1.3659e-09 -1.00165e-08
4.54949e-24 5.9557e-23 6.61744e-24
-6.20681e-10 2.39015e-10 -1.91912e-09
1.9589e-08 7.32196e-09 -5.94753e-09
2.83405e-08 -1.26334e-08 6.2706e-09
-2.01457e-08 3.11002e-08 -1.88505e-09
-1.63765e-08 8.93123e-09 1.86434e-09
2.11449e-09 -2.00119e-09 -9.30623e-10
-1.42938e-09 7.93686e-11 -4.60148e-09
-1.34672e-08 1.69799e-08 -2.07114e-08
-3.91154e-10 -2.81626e-09 -3.95131e-08
-4.81721e-10 9.95617e-09 -6.33696e-09
8.46347e-09 -2.56104e-09 -2.76031e-08
1.72909e-08 6.13584e-09 -1.8498e-09
1.13896e-09 1.23696e-08 -2.49732e-08
2.28824e-08 1.70293e-09 1.47256e-09
3.0769e-09 -3.29567e-09 -6.83131e-09
-3.40403e-08 2.78347e-08 -1.55935e-08
-6.50377e-09 1.74886e-09 -5.14068e-09
7.74199e-09 5.41189e-12 -3.2347e-08
2.46159e-08 -1.80097e-08 2.54902e-08
7.34489e-09 -7.7345e-09 -6.06731e-10
-1.16312e-08 -2.78728e-10 -1.78121e-08
-3.41915e-09 1.05474e-08 -2.98774e-10
-1.90174e-08 1.61708e-08 -1.03575e-08
7.51682e-09 4.26765e-08 -2.6395e-08
-5.00343e-11 -1.51004e-11 4.74788e-10
3.35383e-08 -1.80627e-08 2.71814e-09
8.57309e-09 -2.75699e-08 -4.09919e-09
1.90998e-08 -1.55282e-08 9.05457e-09
8.08094e-09 1.55609e-09 9.27115e-09
-4.26383e-09 1.69939e-08 -1.34971e-08
-2.62269e-09 -1.68357e-09 -4.20979e-10
-7.85642e-09 -6.90743e-10 4.21079e-09
1.55723e-08 6.5477e-09 4.44796e-09
1.18896e-08 -2.42739e-08 -3.98277e-09
1.31092e-08 -2.12665e-08 1.63318e-08
2.16682e-10 6.4772e-09 -7.28409e-09
1.58831e-08 -1.09623e-08 2.75865e-08
-1.27401e-08 2.26798e-09 1.57694e-10
-1.15067e-08 -1.71781e-08 -1.30661e-08
9.59321e-10 -2.8238e-09 7.00926e-09
2.56313e-08 -1.32381e-08 9.19924e-09
-3.27701e-08 -8.50023e-09 2.57085e-09
-5.46329e-10 1.83936e-08 2.65194e-09
2.66559e-21 9.15275e-21 -1.42275e-21
1.8393e-08 2.06795e-09 -1.67546e-10
-1.14106e-08 7.63597e-09 2.60342e-09
-2.09096e-09 -2.02627e-10 -1.91253e-08
-1.33864e-08 6.92595e-09 -5.48283e-09
3.09895e-09 -2.40727e-10 -1.38689e-09
1.97683e-08 -1.77209e-08 2.33576e-09
8.18516e-09 -1.2034e-08 2.10155e-09
2.83945e-09 1.06992e-09 -1.74332e-09
-9.69843e-09 1.64036e-08 -1.24356e-08
-1.26013e-08 -4.60378e-08 1.67789e-08
0.0 0.0 -3.8832e-08
4.87244e-08 1.98691e-08 1.03086e-08
-1.83049e-09 1.13599e-08 1.01398e-09
2.41132e-08 -2.76329e-08 -7.09599e-10
-2.5225e-09 1.04839e-08 -1.59575e-08
1.17345e-08 -2.47431e-09 -2.96505e-08
-2.9176e-08 9.31028e-09 -8.28146e-09
-5.26386e-10 1.16342e-08 -3.80854e-08
-2.96691e-08 9.32709e-09 2.628e-10
2.45437e-08 7.60742e-10 -1.9245e-08
-1.26311e-09 -4.76908e-09 4.81046e-09
1.59103e-09 -1.80814e-09 -3.26947e-10
-1.94294e-09 -7.02465e-09 5.09817e-09
1.64252e-10 -1.36559e-09 -3.32726e-08
1.0105e-08 -4.62062e-09 -1.93148e-08
-6.6556e-09 2.05851e-08 -4.56097e-08
0.0 0.0 -3.8832e-08
1.40458e-09 -1.74446e-09 -2.31196e-09
3.93888e-08 3.58261e-09 -1.34307e-09
1.34566e-08 -1.69182e-08 1.75987e-08
1.27525e-08 -1.43367e-08 1.1137e-08
-6.74608e-09 9.53556e-09 -8.58024e-09
-1.60805e-08 -1.02471e-08 5.22252e-09
3.75872e-09 1.91896e-09 -1.07635e-08
-2.1247e-08 1.56335e-09 -3.82905e-09
0.0 0.0 -3.8832e-08
9.09186e-09 -1.78441e-08 4.00961e-09
5.34057e-09 3.32261e-08 2.98791e-09
1.14217e-08 -3.47407e-09 4.37632e-09
-6.94466e-09 -1.04722e-08 -1.31317e-09
1.12099e-09 5.60086e-09 -3.8047e-09
1.34484e-08 -7.59692e-09 1.3766e-08
9.72907e-09 -1.62052e-08 1.71958e-08
-8.04053e-09 -1.16369e-09 -2.08672e-08
1.58481e-09 7.08742e-09 8.46751e-09
-5.19615e-09 -1.88632e-08 3.93598e-09
-1.57643e-08 -1.59849e-09 3.02191e-08
-6.89715e-09 3.77398e-09 7.37889e-10
-3.46897e-08 3.66077e-09 -8.95202e-09
1.65044e-08 -6.35805e-09 -6.84995e-09
-1.02423e-08 -8.84342e-09 -1.08856e-08
2.86046e-08 -3.39707e-08 3.50276e-08
-1.9842e-08 2.78967e-09 3.36456e-09
7.68654e-09 1.2959e-08 -1.82425e-08
1.00814e-08 -4.02822e-09 3.64368e-09
-7.45385e-09 -1.60045e-08 -8.95377e-09
4.63785e-09 7.12594e-09 -3.59706e-08
5.40684e-09 5.35451e-10 -2.23951e-09
-5.65191e-10 5.12705e-09 2.40385e-09
-1.97229e-09 1.62566e-09 -6.36833e-10
-8.6019e-09 -6.90848e-09 8.92287e-09
3.30293e-09 2.97218e-08 -3.21968e-08
0.0 0.0 -3.8832e-08
-2.85793e-09 -9.98204e-11 -1.21864e-08
-4.2663e-10 7.2368e-09 1.18516e-09
1.56161e-07 -1.07158e-07 2.41176e-08
-8.074e-09 2.60235e-08 -3.18651e-08
-9.79355e-09 1.18176e-08 -4.38834e-09
-6.04077e-09 1.53695e-08 1.98131e-09
7.07324e-09 -1.04625e-09 -3.32273e-08
2.28264e-09 5.25032e-09 -1.19804e-08
5.82759e-10 2.75714e-09 -8.68901e-10
2.9715e-09 1.04521e-08 -1.29609e-08
-7.40808e-09 9.43233e-09 -1.22521e-08
-1.09495e-08 -4.58401e-09 1.63778e-09
1.12133e-08 -1.03449e-08 9.33212e-09
2.6349e-09 1.70805e-08 -1.80558e-08
1.13621e-08 -7.43985e-09 8.65614e-09
4.56171e-09 -6.73451e-09 1.80611e-09
-2.61075e-09 -3.91466e-09 -9.98754e-09
5.63722e-09 7.69367e-09 -7.13891e-09
1.34608e-08 9.02412e-09 -2.73895e-09
4.04938e-09 2.32514e-09 1.78264e-10
-1.10912e-08 4.17402e-09 1.96895e-09
-5.3754e-10 6.12971e-09 -1.04562e-09
-6.81686e-09 6.62769e-09 -4.0755e-10
-6.94063e-09 5.51438e-09 -1.74773e-08
2.25115e-09 -1.89675e-09 5.10309e-10
-6.70809e-10 -2.83089e-09 -5.60447e-09
7.76407e-09 2.13194e-10 -3.23411e-08
2.2235e-08 -9.91516e-09 3.8094e-10
-3.53133e-09 1.84702e-09 2.56179e-09
-1.93259e-08 1.86913e-08 1.37765e-08
-4.68096e-08 4.90249e-08 1.64919e-09
-9.98709e-10 1.57295e-08 3.03254e-11
2.55338e-09 3.95532e-09 -2.86763e-09
2.09046e-08 2.49421e-09 -2.96164e-09
1.00373e-08 -6.69237e-09 1.20918e-08
-9.13648e-09 1.08483e-08 -8.29921e-09
3.29276e-08 -1.58168e-08 -1.50046e-08
0.0 0.0 -3.8832e-08
-2.64894e-08 1.5495e-08 -6.25976e-09
3.35689e-09 4.81443e-09 -6.51117e-09
7.2615e-09 -6.41985e-10 -3.30833e-08
1.52008e-07 -1.463e-07 1.62842e-08
-1.11618e-08 1.46245e-08 -1.82017e-08
2.76088e-09 4.48754e-09 -2.74656e-09
8.74289e-12 -2.88796e-09 1.92367e-09
2.6352e-10 -9.76542e-09 -1.63022e-09
-2.19261e-09 3.12669e-09 -3.55446e-11
2.7474e-09 -1.06259e-08 -4.68548e-10
8.6836e-10 2.26136e-08 -4.11232e-08
-7.55314e-09 2.69766e-10 -1.93979e-10
-2.16935e-09 -1.54919e-08 -6.98033e-10
-4.55192e-09 -7.41889e-10 -6.40236e-09
1.09937e-10 2.43666e-10 -5.92489e-09
6.14687e-09 8.94154e-10 -2.51449e-09
7.34613e-09 -6.58361e-09 1.79088e-09
-1.85099e-09 -1.70667e-08 1.33231e-08
1.13355e-08 3.44594e-08 -1.02902e-08
-7.00069e-09 -5.15618e-09 5.90017e-10
-6.88129e-09 -4.68471e-09 5.27745e-09
-5.01603e-09 -3.87192e-09 3.12447e-10
1.17473e-07 4.89253e-08 -6.02342e-08
-7.46195e-11 1.1478e-10 4.33304e-10
1.73244e-08 -4.28552e-09 9.97182e-09
2.51995e-08 -1.86757e-08 4.42521e-09
0.0 0.0 -3.8832e-08
3.82013e-08 -4.60928e-08 4.74169e-08
-1.28551e-08 7.82528e-09 -1.16904e-08
-9.04055e-09 1.99611e-09 -7.05782e-09
-3.56995e-08 -1.52961e-08 1.05282e-07
3.62147e-08 1.95771e-08 5.29301e-09
-8.2524e-09 1.3361e-08 -1.2525e-08
0.0 0.0 -3.8832e-08
-3.61931e-08 2.24015e-08 2.63724e-09
-3.76101e-09 2.33158e-08 -1.46555e-08
-1.09631e-08 4.04766e-08 9.54111e-09
-2.46131e-08 -5.20515e-10 -1.83328e-10
0.0 0.0 -3.8832e-08
2.24393e-09 -1.01805e-09 -4.43994e-10
3.07717e-08 1.15786e-09 -2.55311e-09
-1.37349e-09 -2.41427e-09 -6.79871e-09
-1.48271e-09 -3.55512e-09 8.00179e-10
0.0 0.0 -3.8832e-08
-3.775e-08 -3.4198e-09 2.67959e-08
-6.89237e-09 6.16066e-09 -4.2729e-09
5.89891e-09 5.52614e-09 -2.27297e-08
5.26634e-09 2.46733e-09 -1.79732e-09
-2.76494e-09 -2.84605e-10 -4.52015e-09
2.14355e-08 -1.23116e-08 -1.16142e-08
-2.74794e-08 3.37083e-08 -3.03306e-08
-6.87308e-09 -1.08785e-08 6.03659e-09
4.10209e-08 -1.60977e-08 5.51817e-09
-8.91226e-09 6.21209e-10 4.52768e-08
1.58211e-08 -3.0025e-09 -3.79648e-09
-1.11368e-08 1.00078e-08 -4.13414e-09
4.58383e-09 5.86192e-09 1.87443e-09
-2.73926e-09 5.6625e-09 -9.10719e-10
1.13072e-08 -1.11264e-08 4.66638e-10
-7.88037e-10 -8.59083e-09 9.71466e-09
-7.27461e-09 4.41556e-10 -4.98547e-10
1.55555e-09 -1.05378e-08 -1.6666e-09
2.18563e-09 -1.73977e-08 1.29493e-08
1.50413e-08 6.07379e-09 2.36837e-09
3.08508e-09 2.80901e-08 -2.36812e-08
-2.58692e-09 1.6639e-09 -2.81159e-09
1.16748e-08 4.00998e-09 -2.91601e-09
2.44514e-08 -2.23169e-08 1.79518e-08
-1.95197e-08 1.71445e-09 -1.97979e-08
4.64073e-09 1.68039e-08 -3.14052e-09
1.08244e-08 -1.16809e-08 1.60644e-09
9.33658e-09 5.35797e-09 -2.53909e-09
8.35423e-09 8.91242e-09 -3.46205e-08
6.81383e-08 -1.37231e-07 1.22794e-08
-1.12482e-08 1.51822e-08 -6.07107e-09
-8.44698e-09 1.00053e-08 -1.90434e-08
-2.83893e-10 5.78406e-09 -8.88096e-09
3.89093e-09 5.36201e-10 -6.26972e-09
5.76244e-09 -1.82992e-09 1.42083e-09
3.97211e-09 6.27964e-09 -2.143e-08
-2.49849e-09 1.19285e-08 -3.79666e-08
-1.88964e-08 -1.56258e-09 3.00295e-09
1.44392e-08 1.23701e-08 -1.53743e-08
-1.75926e-09 8.43127e-09 -9.88678e-09
1.86754e-08 4.70389e-09 -2.41786e-08
-1.24594e-08 -3.21732e-09 -5.11496e-09
4.11174e-09 8.74412e-09 -3.70414e-08
0.0 0.0 -3.8832e-08
-1.85862e-07 -1.17029e-08 5.01247e-08
1.46101e-08 3.36265e-09 -2.71851e-09
-1.56045e-08 -4.28997e-09 9.00019e-09
5.88573e-09 -1.43701e-09 1.85121e-09
-1.37154e-08 -3.63292e-09 -4.4947e-09
2.73171e-08 -1.95272e-08 -6.14305e-09
7.83074e-09 -1.25019e-08 8.16016e-09
-8.60173e-09 -3.97744e-09 1.3894e-08
-9.90526e-09 1.14759e-08 -8.98485e-09
6.78188e-09 -5.37738e-09 -2.30521e-08
6.28986e-09 4.44631e-09 -2.34507e-09
-9.23702e-09 1.31868e-08 -4.10306e-09
-1.02166e-08 1.9972e-08 3.3142e-09
-5.08575e-09 -3.29738e-08 3.10021e-08
-5.79263e-09 9.39664e-09 -9.29471e-11
5.57136e-09 -1.99298e-09 -3.48251e-08
-2.0194e-11 2.54124e-10 1.43301e-10
-1.24077e-23 3.30872e-24 -6.61744e-24
4.74589e-08 -5.76225e-09 2.8855e-08
-9.99023e-09 1.48486e-08 -1.64208e-08
-1.83917e-08 -6.10304e-09 -2.43758e-08
-2.23558e-11 3.41546e-09 -6.65576e-09
4.42736e-09 -4.41754e-09 3.20131e-09
-2.02717e-08 -2.76247e-08 2.35517e-08
-4.1359e-24 0.0 0.0
-1.41589e-08 -1.83772e-08 -4.56792e-09
-3.27972e-09 -4.41003e-09 4.52884e-09
-1.68835e-09 6.03294e-09 -2.46869e-08
-1.38396e-08 1.91987e-08 -1.41017e-08
-1.33828e-08 1.83592e-08 4.15735e-09
-3.48445e-08 -2.8861e-08 2.49979e-08
-7.96342e-09 1.95616e-09 4.45931e-11
-7.80803e-09 4.41005e-09 -1.54434e-09
0.0 0.0 -3.8832e-08
-9.26888e-09 -7.24526e-10 4.81056e-09
-2.93994e-08 -9.57908e-09 -1.55322e-09
-1.17821e-10 4.67634e-09 2.37334e-09
4.90836e-09 3.04018e-09 -3.89813e-09
0.0 0.0 -3.8832e-08
4.58149e-09 2.47638e-08 -1.62539e-08
-8.82834e-09 5.89534e-09 -1.23323e-08
9.68802e-08 5.53612e-08 -2.10699e-08
-1.75709e-07 -4.84625e-08 -2.58875e-08
1.24448e-10 3.06986e-08 -9.6394e-09
1.07082e-08 2.20281e-09 -7.17115e-10
-1.28801e-08 6.62569e-09 -8.42964e-09
-6.76124e-09 -4.46857e-10 9.64925e-09
-1.17981e-08 1.365e-08 -1.09947e-08
-7.5515e-10 1.68134e-09 -1.46349e-09
-7.34966e-09 4.91048e-09 -2.33672e-09
-4.20558e-09 -1.72589e-09 -6.45622e-09
1.29453e-08 -3.88737e-08 -5.02222e-08
4.19148e-11 -7.00444e-09 -4.13958e-10
-2.62667e-10 9.92147e-10 -3.19842e-09
-1.42746e-10 -1.90504e-09 -4.88679e-09
-2.07918e-09 2.02031e-09 1.16376e-09
7.13782e-09 5.49806e-10 1.19865e-09
3.81908e-09 -3.63842e-09 -1.99484e-08
4.19145e-08 1.75623e-08 -1.50238e-08
2.56638e-08 -1.0063e-08 1.62966e-09
-2.49974e-09 1.40712e-09 3.18751e-09
6.8672e-10 6.0943e-09 -3.42829e-09
1.05118e-08 -4.16706e-10 1.64636e-09
-2.72481e-10 -7.46648e-10 1.61552e-09
-3.48195e-09 -1.61537e-08 9.7686e-09
-7.79036e-09 1.54129e-09 -1.23245e-08
7.39516e-09 -3.3149e-09 2.08436e-09
-1.21461e-08 1.52033e-08 -2.31451e-08
3.81545e-09 1.27756e-08 -1.05254e-08
3.02019e-07 1.44528e-08 7.84342e-09
-1.33084e-08 1.62268e-08 -1.17184e-08
5.4119e-09 1.75525e-09 -1.42221e-08
7.87398e-09 6.93808e-09 -4.82048e-09
6.78311e-09 -2.01845e-09 -1.21088e-08
-7.70372e-09 -1.7978e-09 -1.78507e-09
-1.89439e-08 -7.01238e-09 1.76235e-08
7.14959e-09 -6.63688e-09 6.46526e-10
4.25706e-10 6.89407e-09 -2.41943e-08
-3.65705e-09 4.11908e-09 -5.18254e-09
-6.79614e-09 -1.77739e-09 1.4596e-09
-1.31336e-10 -2.39995e-10 7.10025e-10
-1.1945e-08 1.39717e-09 -1.13079e-09
-7.48374e-09 1.4783e-08 -7.82958e-10
1.44843e-08 4.23257e-08 -2.1209e-08
2.31576e-10 2.95887e-09 -8.88735e-09
0.0 0.0 -3.8832e-08
6.62821e-09 1.74642e-09 -2.76066e-08
7.99147e-09 1.1059e-09 -3.21912e-08
-4.12078e-09 -8.52881e-09 5.09487e-09
7.40937e-09 -4.54775e-09 -1.14314e-10
-4.89712e-09 1.40645e-09 -8.21005e-09
1.11366e-09 -3.49301e-10 8.68984e-10
-3.77865e-09 -1.05826e-08 6.2735e-09
8.11034e-09 3.11761e-11 5.53644e-10
3.7264e-09 -4.88135e-10 -4.51479e-09
9.70433e-10 9.46248e-11 7.53833e-11
1.88092e-08 1.25275e-08 2.14802e-08
7.03495e-10 -4.73295e-09 1.01528e-09
-1.16528e-08 1.33995e-08 -1.02451e-08
1.03406e-09 6.83561e-09 -2.93056e-09
1.85701e-08 -2.21106e-08 6.44975e-09
-1.03632e-08 1.09861e-08 -4.40555e-09
2.89896e-09 8.15805e-08 -1.90685e-09
6.20521e-09 -1.97899e-09 -9.48005e-10
-4.22336e-09 -8.89648e-09 -3.73291e-09
-1.29041e-08 1.6024e-08 -1.33282e-08
-5.71417e-09 -1.10987e-09 8.52516e-10
-4.14936e-09 5.26717e-09 1.97858e-10
3.44617e-09 -6.15983e-09 -1.73481e-08
-1.20153e-08 9.11831e-09 -3.05528e-08
4.09493e-09 3.32361e-09 -2.60564e-09
-4.80584e-09 1.70092e-08 -4.80494e-08
5.88626e-09 3.30162e-09 4.1752e-09
-2.50134e-11 -6.80964e-09 -6.12975e-11
-1.07155e-08 2.81496e-09 3.11059e-09
-6.24326e-10 -4.80618e-09 -7.66843e-10
6.36682e-09 2.3226e-09 9.90558e-10
-5.0427e-09 1.43286e-08 -9.2332e-09
-2.23735e-08 1.37798e-08 -1.979e-09
-2.24779e-08 2.07106e-08 -2.17105e-08
1.97555e-09 6.25783e-09 1.85924e-10
4.22328e-10 -1.00446e-09 2.81527e-10
3.51733e-09 4.53805e-09 -4.68121e-09
-7.2114e-09 -1.17671e-08 -2.56655e-09
3.5424e-10 -8.97935e-09 -2.72522e-08
-1.02206e-07 -5.06109e-09 2.85839e-08
2.85353e-08 -7.17543e-10 -1.53948e-09
-3.14149e-10 5.4963e-09 -3.49012e-08
-1.47671e-08 9.57076e-09 -4.32018e-09
3.71139e-09 -3.33692e-10 -5.02234e-10
0.0 0.0 -3.8832e-08
-2.58389e-09 3.75957e-09 -4.6868e-09
-1.43199e-08 -3.5838e-09 1.32248e-08
-2.22091e-09 8.21711e-09 7.6987e-10
2.96784e-09 3.13047e-09 -8.51313e-10
7.078e-10 4.38081e-10 1.54435e-09
3.26377e-09 -4.00719e-10 -7.87247e-10
1.47299e-07 -1.89498e-09 -7.77522e-09
2.13129e-09 9.65195e-09 -8.64669e-09
-7.2125e-09 2.48192e-08 -2.03608e-08
1.67999e-08 -5.15416e-10 6.01337e-10
-2.49891e-09 -7.8277e-09 -1.88805e-08
-6.22934e-09 -1.63712e-09 -7.07301e-10
-8.57521e-09 7.53444e-09 -2.1588e-09
4.53769e-08 -2.20631e-08 3.72451e-08
-4.36916e-09 1.4441e-08 -4.0236e-08
1.88106e-08 -1.49876e-08 2.0248e-08
-8.53321e-09 -1.65478e-09 -2.28979e-08
1.16094e-08 -8.76816e-10 4.03244e-10
-9.0688e-10 9.19864e-10 2.70793e-10
4.19099e-10 1.04991e-09 4.6744e-09
2.20994e-09 3.68514e-09 -3.1877e-09
4.31723e-08 -5.52822e-09 -2.20843e-08
8.82039e-09 1.58099e-10 -3.06201e-08
-2.32415e-09 -5.11961e-09 -3.6417e-10
-7.86712e-09 3.23e-08 -3.85858e-08
-1.00806e-08 1.30393e-08 -1.76829e-08
-1.21755e-08 1.3971e-08 -8.35554e-09
4.40107e-09 -1.935e-09 3.08081e-09
-3.90574e-09 2.31362e-09 3.6204e-10
9.28169e-10 1.52235e-09 -1.69275e-09
1.32617e-10 -3.97808e-10 6.96413e-11
-3.48826e-09 1.82182e-09 -4.69468e-09
3.8764e-09 6.14575e-09 -2.27755e-09
0.0 0.0 -3.8832e-08
1.03649e-08 9.16668e-09 -5.09863e-09
-8.45605e-08 4.58242e-08 7.9592e-08
1.08228e-09 -7.63765e-11 1.3872e-10
4.08352e-09 1.23293e-09 3.92859e-09
6.46049e-09 -8.16845e-10 -1.63149e-10
1.66672e-09 2.88419e-09 5.65975e-09
1.58199e-08 5.06498e-09 -6.02417e-09
-9.91908e-10 4.08086e-09 7.33767e-09
-1.55945e-08 6.39182e-09 -4.1081e-09
-1.62841e-07 3.06032e-08 1.32331e-07
-1.41636e-08 -7.55312e-09 8.32971e-09
-8.66862e-09 1.0281e-08 -1.04207e-09
-4.60937e-10 -4.34341e-09 2.40219e-09
9.88428e-09 -6.18281e-09 6.50914e-09
1.73803e-09 3.76156e-09 9.37253e-10
9.3731e-09 7.42374e-09 -6.58218e-09
-1.41167e-09 6.86818e-09 3.9058e-10
-9.16847e-09 1.27321e-08 -9.79598e-09
4.08152e-11 -9.94169e-10 3.01096e-10
0.0 0.0 -3.8832e-08
-4.32671e-09 -2.36625e-09 -3.33692e-09
1.23679e-08 6.32614e-09 7.31476e-09
1.71262e-09 -1.14931e-09 1.91891e-10
3.97972e-10 -2.82924e-10 -5.42221e-10
-4.31949e-09 1.19496e-08 -3.91911e-09
-4.84394e-09 -6.06496e-09 -4.55739e-10
-2.38965e-10 -3.40376e-09 6.60785e-10
-1.85716e-09 -1.56443e-09 5.26621e-09
1.55496e-08 3.56262e-12 -1.56254e-09
7.16387e-10 1.05896e-08 -1.56081e-08
-1.40064e-08 -2.59852e-09 4.94396e-10
1.22348e-09 3.75565e-11 2.09754e-09
0.0 0.0 -3.8832e-08
-2.69099e-09 -4.8628e-09 3.59031e-09
1.24697e-09 5.23075e-10 2.69301e-09
1.90196e-10 -3.3593e-10 1.98834e-10
-1.34259e-08 9.92288e-09 -1.85096e-08
-4.78405e-11 8.63216e-11 -3.88071e-08
-3.48933e-09 3.87279e-09 2.1549e-09
6.40832e-09 4.00343e-09 6.94722e-09
5.54624e-08 -4.84474e-08 5.33203e-08
-2.65533e-09 -3.85241e-09 -7.7446e-10
2.74207e-09 1.15185e-08 -6.99594e-09
3.04295e-08 -1.50049e-07 8.13558e-08
1.83854e-09 2.93616e-10 -2.96194e-09
-6.01311e-10 1.10418e-09 -8.5277e-09
2.04792e-09 -8.44036e-09 1.47175e-09
-3.89332e-09 1.50452e-09 -9.31128e-09
3.56478e-10 5.74995e-10 1.77411e-09
4.63128e-09 5.81125e-10 -2.02151e-09
8.89888e-11 -2.46883e-09 5.57384e-09
-5.86805e-09 -9.36123e-09 -2.49913e-08
-8.6421e-10 3.41276e-09 -1.74124e-09
2.97083e-09 2.08285e-09 -1.58997e-09
-1.97779e-09 2.30721e-09 -3.76462e-10
5.77324e-09 5.89565e-09 -2.79657e-09
-1.09374e-08 -1.8527e-08 1.24061e-08
7.44283e-09 -7.2957e-09 2.40533e-09
0.0 0.0 -3.8832e-08
2.54738e-09 9.21505e-09 -1.43876e-09
6.34118e-08 -1.15241e-08 -3.27273e-08
-2.1364e-10 4.95572e-09 -4.91062e-09
-3.49788e-09 4.09015e-09 -1.83674e-09
5.56473e-09 5.76552e-10 -5.85242e-09
-1.32421e-09 1.02914e-08 -2.19408e-08
-9.45624e-09 5.72529e-09 2.03008e-10
6.66157e-09 1.63082e-09 -4.41934e-11
7.67936e-09 7.33891e-10 -8.91553e-09
-1.10586e-08 -3.51157e-08 1.56904e-08
-2.40208e-09 -3.79754e-09 -2.91771e-09
-3.08186e-09 8.22255e-10 -2.29733e-09
-5.01902e-09 -3.31726e-09 7.29809e-09
3.07905e-09 4.64568e-09 -2.59327e-08
6.55618e-09 4.43178e-09 -4.08521e-09
8.97475e-10 3.20282e-10 -1.24234e-09
1.9812e-09 -2.70479e-09 2.51606e-09
-2.40294e-08 1.09531e-08 1.46068e-07
2.47617e-10 -5.66805e-10 5.47592e-10
-6.32338e-08 3.459e-07 3.61511e-08
2.62975e-09 6.03364e-09 3.54025e-09
1.16056e-08 -2.01845e-09 -6.38958e-09
-1.13655e-08 2.1032e-07 -2.67813e-07
-1.54458e-08 -4.69753e-09 8.32702e-09
-1.47856e-09 -2.20929e-08 2.12626e-09
0.0 0.0 -3.8832e-08
-4.95309e-08 2.50353e-06 6.32346e-08
1.01514e-08 7.07207e-09 -1.86699e-08
1.05748e-09 2.06651e-09 -1.31258e-09
-2.4693e-09 -1.69951e-08 7.30374e-09
3.71265e-09 3.78563e-09 -2.32296e-09
1.42709e-08 -1.11147e-08 2.15227e-09
-4.95405e-09 6.89747e-10 7.71819e-09
3.97849e-09 2.21548e-09 -6.37395e-09
6.20465e-09 1.28111e-08 -1.80399e-08
-3.94395e-09 -1.10319e-08 -1.43841e-09
-2.20595e-09 -2.57251e-09 4.2605e-09
-6.31936e-09 4.35597e-09 -7.48851e-09
7.03943e-10 -7.56671e-09 2.90944e-10
1.94893e-08 7.78214e-09 -6.43341e-09
7.81361e-09 -1.93608e-10 -1.64379e-09
-5.15117e-08 -5.50705e-08 -1.28849e-07
-5.61851e-09 3.96882e-09 -6.48694e-09
-2.75046e-09 8.00578e-09 5.38322e-10
7.53775e-09 -1.21333e-08 4.4213e-09
-3.30872e-24 3.14329e-23 6.61744e-24
-1.22615e-08 7.06719e-09 -3.03247e-09
-5.98972e-09 -2.24001e-09 -1.0467e-09
8.13415e-10 3.33018e-09 -4.14564e-09
3.19997e-09 4.39648e-09 1.03373e-08
4.85262e-09 9.83434e-10 1.96042e-10
8.97135e-10 3.37414e-10 3.50686e-09
4.73508e-11 5.65632e-10 -1.03825e-09
1.02648e-09 -6.81e-11 -6.49722e-09
1.90939e-11 -2.9859e-09 3.64091e-09
6.78284e-08 6.99866e-09 1.63931e-08
4.85344e-11 -1.38095e-10 -2.26198e-10
3.53318e-09 -9.53214e-09 3.47733e-09
-7.88872e-09 4.73724e-09 -2.06232e-08
-9.90477e-10 -3.20682e-09 1.34529e-09
1.36531e-09 -3.17432e-10 -4.6937e-09
9.89852e-10 3.38769e-09 -3.10283e-09
8.55256e-10 4.00655e-10 -5.55034e-12
-1.58594e-09 -6.09102e-09 2.31129e-08
1.91352e-08 1.35551e-08 -9.44516e-09
-3.23214e-09 4.56947e-09 -1.78759e-09
1.74353e-10 1.84413e-09 -1.42702e-09
3.71969e-10 -9.90299e-11 -2.10484e-10
1.18149e-07 5.25088e-07 1.69422e-07
2.53639e-10 -7.19323e-10 6.34128e-11
3.96536e-09 9.93725e-10 -2.9896e-09
6.36498e-09 3.73744e-10 -3.35179e-08
-8.76791e-10 -6.06231e-09 9.68913e-10
4.41095e-09 -1.25609e-08 7.90597e-09
1.88114e-07 -2.18543e-07 -4.08854e-08
2.23623e-07 -4.81976e-08 2.45261e-07
8.73998e-09 -4.70504e-09 -1.00143e-08
-7.42067e-09 8.15746e-09 5.14698e-10
-4.33976e-09 -2.45873e-09 -3.98829e-08
1.05614e-08 9.55298e-09 -8.46008e-09
5.43954e-09 -2.202e-08 1.44402e-08
-1.0353e-08 7.98877e-09 -1.91378e-08
4.41528e-09 4.63619e-10 -2.20279e-09
3.9152e-09 5.46761e-09 -1.55985e-09
5.17206e-09 9.64709e-09 7.46547e-09
-8.5203e-11 -1.38254e-09 2.60583e-10
5.90149e-09 2.24174e-10 1.55312e-08
-5.53257e-09 2.78975e-09 -2.1725e-09
-1.00058e-09 3.27729e-09 5.27281e-10
8.33059e-09 -2.06824e-09 4.70892e-10
3.73623e-09 -5.73371e-09 9.43177e-10
-6.76386e-09 -4.21143e-09 -1.80288e-10
3.52422e-08 2.14218e-08 -4.28778e-08
-7.21231e-09 -5.56945e-09 -1.24047e-09
7.29648e-10 1.23629e-09 -6.28921e-10
6.70597e-10 -1.82719e-09 2.85402e-10
-6.10708e-09 -7.09575e-09 -8.5245e-09
-3.92215e-10 -6.88672e-10 -1.31696e-09
-5.44782e-09 2.68716e-09 -1.1267e-09
-4.27252e-09 5.54929e-10 3.12256e-10
-5.9411e-09 -6.86681e-09 1.70303e-08
0.0 0.0 -3.8832e-08
-3.13023e-08 8.97011e-09 -1.41063e-09
-6.68096e-08 -1.60466e-07 1.84646e-07
2.40117e-09 7.98221e-10 -7.8883e-10
7.69909e-09 -3.68923e-09 -3.281e-08
-6.95074e-10 -3.46743e-09 3.32699e-09
-2.38762e-09 7.30902e-09 -5.40864e-10
-4.97814e-09 8.87673e-09 -3.5042e-08
1.04059e-08 1.29442e-09 -2.06025e-09
6.59465e-10 -3.17116e-10 -1.00165e-10
-6.86027e-09 -3.46917e-09 -6.00909e-09
8.26455e-09 -3.63775e-10 -1.19076e-09
1.28325e-09 5.30204e-09 -2.30337e-09
5.26974e-10 -3.55616e-10 6.78844e-10
-5.21173e-11 -1.05201e-09 5.30771e-10
-7.96675e-09 3.05794e-09 -2.13329e-08
2.86394e-07 -4.43258e-08 5.18283e-08
-7.24959e-09 3.2778e-09 -4.86319e-09
-3.3992e-09 3.20679e-10 -2.50083e-09
-5.00572e-09 -4.47921e-09 -6.65519e-09
-1.92744e-09 -3.03689e-10 -5.90064e-09
4.88683e-09 3.46334e-09 -9.83049e-10
2.81922e-09 2.7471e-09 1.48154e-09
-9.17411e-09 -4.56673e-09 -1.074e-09
-9.3712e-09 -2.28045e-09 5.9649e-10
-3.46094e-09 -2.2151e-08 -2.31804e-07
-3.39144e-23 -9.09899e-24 0.0
1.2992e-09 -1.29979e-09 1.71727e-10
4.89044e-10 -6.31285e-10 4.67495e-10
-3.60791e-09 -6.49183e-09 -1.0567e-09
5.50595e-10 1.42277e-10 -6.25014e-11
-1.15183e-09 -8.42284e-12 2.02086e-11
2.16521e-09 -8.24504e-09 3.75005e-09
6.28674e-08 1.78559e-08 -4.53947e-08
4.75565e-09 2.61426e-09 -2.49421e-10
2.94082e-11 5.91974e-11 -9.68597e-12
-1.25609e-08 -7.02697e-09 -7.83925e-10
4.92857e-09 1.01812e-09 -1.30569e-10
-5.68064e-09 -4.9417e-09 -4.55482e-09
-8.25722e-09 -2.07168e-09 -1.47693e-10
-1.64597e-07 -1.33939e-07 7.34802e-07
-2.11357e-09 -4.36144e-09 -1.42441e-09
0.0 0.0 -3.8832e-08
-1.46027e-08 -6.15741e-09 -1.0955e-09
1.66025e-08 1.43676e-07 -1.20401e-07
-8.39271e-09 -2.17005e-09 3.43912e-09
-5.59093e-09 1.0006e-08 -3.43357e-08
-5.1715e-09 3.69204e-09 -5.97946e-09
-3.90195e-10 -1.18844e-09 8.24155e-11
-2.33057e-08 9.7426e-08 -4.37031e-08
1.04237e-09 -9.55381e-10 2.02308e-09
3.78473e-09 1.35997e-10 -4.5731e-11
5.80357e-10 2.20452e-09 4.30412e-09
1.30355e-08 -1.06065e-08 3.34881e-09
-7.1822e-09 -1.81306e-08 1.326e-08
-1.68567e-07 3.32134e-08 -5.74534e-08
-9.6499e-10 -5.97083e-09 3.35976e-09
5.51017e-09 -4.25342e-09 1.72782e-09
5.41898e-09 -2.43944e-09 1.32971e-09
3.30796e-09 3.55141e-09 -2.36225e-09
-2.06672e-07 9.42093e-08 -1.78413e-08
-4.52412e-09 3.00548e-08 -3.16371e-08
4.88299e-09 -3.53544e-09 3.10997e-09
-4.5569e-10 -7.128e-09 1.47829e-09
5.68018e-09 -2.26664e-09 -3.47574e-08
-2.28227e-09 3.25599e-09 -2.14301e-09
3.38506e-10 -4.88974e-10 3.16054e-10
6.07017e-09 -3.22606e-09 1.64044e-09
4.96656e-11 -3.92175e-10 4.9747e-10
-2.05338e-09 -1.82212e-09 -2.35295e-09
1.66245e-08 -6.84892e-10 -2.3922e-09
-2.39339e-09 1.15418e-09 3.60969e-09
-7.6491e-09 -6.21768e-09 3.33467e-09
-4.91004e-09 -1.08271e-09 5.3465e-09
8.11395e-10 -5.57987e-10 5.46981e-10
-7.15767e-09 3.40126e-09 -4.49066e-09
-8.61327e-10 1.4271e-09 1.44078e-09
3.42351e-10 -1.22729e-09 5.30731e-10
3.67618e-11 -1.51806e-10 -1.96373e-10
6.93475e-11 2.64268e-10 -1.51388e-10
1.097e-09 8.79284e-10 -2.84565e-10
7.67897e-09 3.33539e-09 9.55356e-11
-4.87565e-09 9.60257e-09 -3.27756e-08
2.12922e-10 9.53933e-10 -4.59809e-10
2.43453e-09 1.20064e-10 -2.91806e-10
-1.23332e-07 -1.65788e-07 3.21624e-07
-5.22304e-10 -6.17632e-10 -2.31113e-09
1.58943e-09 -1.80947e-09 1.65018e-09
-4.04149e-08 -1.53134e-08 7.71662e-09
0.0 0.0 -3.8832e-08
4.26837e-10 5.95393e-11 -5.61031e-10
-2.81438e-09 -6.42182e-10 2.53102e-10
1.70374e-09 -3.62212e-09 -6.52932e-10
-3.41105e-09 6.93379e-09 -2.26112e-08
-4.368e-09 9.45726e-09 -3.56814e-08
-2.37852e-09 -3.47555e-09 -4.3916e-10
0.0 0.0 -3.8832e-08
8.22809e-09 -1.3395e-09 2.07124e-09
1.7263e-11 1.50894e-12 -1.02422e-12
9.02958e-10 5.40707e-10 1.04423e-09
5.68118e-08 -2.38873e-07 1.20168e-07
6.1365e-09 1.16352e-09 -1.93973e-09
5.00494e-09 1.10294e-08 -1.36112e-08
-1.70218e-10 -2.03572e-10 1.04636e-09
7.43845e-09 5.68775e-10 7.69741e-10
1.2081e-09 -7.03652e-10 -9.223e-10
5.93002e-12 -2.62175e-10 3.03501e-09
3.09286e-09 2.05466e-09 -3.89348e-09
5.61929e-09 -1.03525e-09 -3.4669e-08
1.03793e-09 -7.61278e-10 4.30072e-10
2.27072e-08 -2.02077e-08 -2.60721e-08
7.84774e-10 2.55789e-09 -2.17085e-09
9.99966e-10 7.79977e-11 2.64791e-10
-2.74476e-09 3.63889e-10 -1.0463e-08
4.94215e-10 -3.0401e-10 6.15055e-10
6.54029e-10 -1.70737e-10 -4.88984e-11
-1.9468e-08 -1.78073e-08 1.75603e-08
2.13769e-09 -6.49008e-10 3.46515e-10
8.93627e-10 -4.8488e-09 1.68814e-10
0.0 0.0 -3.8832e-08
2.26659e-10 7.17746e-10 9.34072e-10
9.3698e-09 -1.10335e-09 3.32788e-09
3.42859e-10 6.31059e-09 -1.71593e-09
4.169e-10 -5.19981e-10 6.11831e-10
1.37336e-09 2.94813e-10 -6.80252e-10
-1.09083e-09 3.61569e-10 -6.11992e-10
-9.70867e-08 -1.53628e-07 -2.94032e-07
6.70989e-10 -5.39573e-09 2.63086e-09
-3.14236e-08 1.97575e-08 9.66626e-09
6.35255e-09 8.50945e-11 -2.56161e-09
9.02454e-10 3.49359e-10 7.46649e-11
6.10054e-08 7.67662e-08 1.98042e-07
0.0 0.0 -3.8832e-08
8.03439e-10 3.71161e-10 -9.22304e-10
