# vtk DataFile Version 3.0
LIGGGHTS particles timestep 114400000
ASCII
DATASET POLYDATA
POINTS 873 float
0.384765 0.0176273 0.00160103
0.384276 0.0168362 0.000152108
0.385979 0.016305 0.000154358
0.384024 0.0178931 0.000346588
0.384103 0.0188777 0.00179976
0.38414 0.0203084 0.00038795
0.385344 0.021108 0.000153527
0.384857 0.0164602 0.000527417
0.384125 0.0186018 0.000725561
0.384479 0.0181392 0.00532873
0.384537 0.0177544 0.000152462
0.383992 0.0184143 0.000151757
0.384812 0.0187844 0.000568853
0.384869 0.0167819 0.000363698
0.384803 0.0169846 0.000152809
0.384915 0.0183348 0.000412633
0.384393 0.0200033 0.000329348
0.384771 0.0189907 0.000354885
0.384249 0.0186361 0.000152072
0.383697 0.0189843 0.000151351
0.38551 0.0163743 0.000153727
0.384537 0.0188112 0.000408422
0.383933 0.0183841 0.000910122
0.383691 0.0196365 0.00137364
0.384551 0.0189669 0.000152444
0.384476 0.0190531 0.00135703
0.384973 0.0159492 0.000153027
0.384718 0.0185669 0.000384781
0.384114 0.0176073 0.000360568
0.384098 0.0188501 0.00119184
0.384545 0.0194202 0.000152446
0.385045 0.0173743 0.000698037
0.385035 0.0210857 0.000153116
0.384772 0.0202231 0.000807152
0.383671 0.0182832 0.000151301
0.385325 0.0170081 0.00015348
0.384387 0.0165562 0.00015223
0.384231 0.0208268 0.00015205
0.384246 0.0213172 0.000152088
0.383713 0.0195261 0.000405419
0.384633 0.0199733 0.00015255
0.383992 0.0202878 0.00155233
0.384483 0.0187432 0.00100059
0.384186 0.021085 0.000765738
0.383776 0.0188306 0.000396501
0.384798 0.0193938 0.00124736
0.38386 0.0208523 0.000151582
0.384491 0.0167411 0.000826766
0.383698 0.0191758 0.000382307
0.384775 0.0177635 0.000333978
0.384311 0.0181618 0.000411136
0.384433 0.0180729 0.000152289
0.38465 0.0160107 0.000152609
0.383254 0.0200098 0.00538195
0.383894 0.018443 0.00061858
0.383721 0.0201648 0.00110894
0.383699 0.0194922 0.000864139
0.385774 0.0165263 0.000154084
0.385379 0.021728 0.000153573
0.38628 0.0159856 0.000154748
0.384848 0.0197614 0.000152852
0.384297 0.0183399 0.000152164
0.384935 0.0213685 0.000152978
0.383124 0.0188914 0.0053278
0.383684 0.0190009 0.00062565
0.384879 0.0194858 0.00532657
0.384411 0.0210667 0.000152303
0.384766 0.0172689 0.000670999
0.384755 0.0205364 0.000152745
0.384609 0.0174633 0.000152565
0.384881 0.0200096 0.000318105
0.383683 0.0186845 0.00015132
0.384162 0.0185702 0.00127856
0.385239 0.0168887 0.00093479
0.384788 0.0175107 0.000494981
0.384247 0.0194577 0.000152149
0.384451 0.0205211 0.000257329
0.384585 0.0196895 0.000278251
0.384989 0.0180879 0.00538114
0.383731 0.0200314 0.000564419
0.384559 0.0213709 0.000152488
0.38375 0.0203316 0.000362374
0.384573 0.0167914 0.000152504
0.3846 0.0205705 0.00124147
0.384776 0.0192293 0.0014972
0.384639 0.0200974 0.000472653
0.383903 0.0177038 0.000549977
0.384494 0.0183088 0.000600776
0.384257 0.0216244 0.000152083
0.384111 0.0181041 0.000151907
0.385046 0.0156469 0.000153133
0.384723 0.0179967 0.000152689
0.384247 0.0178365 0.00015209
0.384318 0.0178481 0.00107352
0.384549 0.0186547 0.000152467
0.384348 0.0198654 0.00534931
0.385094 0.0168168 0.000153198
0.384752 0.0225705 0.000152748
0.384848 0.0172811 0.000152878
0.385244 0.0150807 0.000153389
0.383789 0.0179787 0.000511532
0.384924 0.017576 0.00015296
0.383903 0.0190764 0.00169511
0.383741 0.0199852 0.000151428
0.384918 0.0165741 0.000152936
0.384885 0.017052 0.000501726
0.384186 0.0208278 0.000920195
0.384065 0.0210773 0.00015182
0.384143 0.0171166 0.000665392
0.38461 0.0166839 0.000504771
0.384436 0.0164204 0.000470553
0.384522 0.0198284 0.000536357
0.384329 0.0196006 0.000406404
0.385357 0.0162324 0.000369289
0.384655 0.0177639 0.0006089
0.384445 0.0210826 0.00061393
0.384888 0.0184824 0.000152883
0.384339 0.0202417 0.00015221
0.384024 0.0197277 0.000151798
0.38453 0.0207909 0.000152459
0.384328 0.0191677 0.000152164
0.38394 0.0189665 0.00141837
0.384551 0.0191949 0.000350438
0.385059 0.0170948 0.000261451
0.384487 0.0180145 0.00274646
0.383917 0.0176923 0.000151636
0.384086 0.0206789 0.000369501
0.384017 0.0178156 0.0010481
0.384629 0.0190306 0.000616104
0.384369 0.0196299 0.000702315
0.383973 0.0194558 0.000272738
0.383645 0.018626 0.00149303
0.384214 0.018913 0.000261913
0.383997 0.0183612 0.00149292
0.384354 0.0181276 0.000970878
0.38533 0.0157498 0.000153509
0.384843 0.0197261 0.000750471
0.383882 0.0208933 0.000683803
0.385153 0.0161935 0.000153269
0.384321 0.0175458 0.000152151
0.383893 0.0181982 0.000334512
0.383671 0.0182523 0.000547068
0.383954 0.0200733 0.000368812
0.384054 0.018114 0.000976661
0.384525 0.017627 0.00104162
0.385136 0.0173639 0.000153233
0.384143 0.0188484 0.000895305
0.38543 0.016037 0.000153608
0.384844 0.0162796 0.000152872
0.384041 0.0172809 0.00190693
0.384776 0.0192141 0.000152764
0.384738 0.0211297 0.000152712
0.384242 0.0182841 0.00133722
0.384504 0.0162738 0.000152426
0.384054 0.0212484 0.000551747
0.383685 0.0191839 0.000865309
0.385526 0.0151831 0.00015376
0.38366 0.0192295 0.00180481
0.385015 0.0178821 0.000153096
0.383821 0.0205473 0.00015153
0.38412 0.0173229 0.000881946
0.384887 0.0200695 0.00123921
0.384256 0.0176293 0.0018912
0.384862 0.0154099 0.000152883
0.385449 0.0153171 0.000411083
0.384193 0.0182756 0.000765426
0.384427 0.0184937 0.000374356
0.383698 0.0199058 0.00151214
0.386629 0.0146558 0.000155208
0.384999 0.0169458 0.00110529
0.384194 0.0171429 0.000151997
0.384035 0.0174071 0.000151806
0.38332 0.0173706 0.00557046
0.384223 0.0204655 0.000629471
0.384664 0.0172593 0.000389035
0.385646 0.0158289 0.000153922
0.383727 0.0196849 0.000151352
0.3857 0.021905 0.000153988
0.384618 0.0165645 0.00145456
0.385127 0.0228833 0.000153241
0.383949 0.0181281 0.00240398
0.383656 0.0184144 0.000799005
0.384597 0.0209853 0.000374465
0.384953 0.0181895 0.000152997
0.383829 0.0200711 0.0008451
0.383916 0.0184112 0.0012084
0.384273 0.019306 0.000412651
0.384484 0.019293 0.000625763
0.38406 0.0180981 0.000562722
0.384879 0.0199991 0.000623713
0.383654 0.0183016 0.00107693
0.383711 0.0198085 0.000929167
0.38404 0.0189192 0.000506692
0.384001 0.0186247 0.000370593
0.384096 0.0172042 0.00115637
0.383741 0.0183921 0.00165466
0.384151 0.0200078 0.00015195
0.385432 0.0161542 0.000989522
0.384428 0.0203105 0.000470819
0.384913 0.0202579 0.00015296
0.383737 0.0184819 0.000365851
0.383957 0.0202802 0.000151675
0.383783 0.0193331 0.000624132
0.385412 0.0164235 0.000858941
0.38467 0.0164801 0.000293118
0.384905 0.0176363 0.000740984
0.384543 0.0200376 0.000750395
0.384545 0.0186057 0.000626695
0.384193 0.0193871 0.000690072
0.384375 0.0173074 0.000326281
0.38537 0.01646 0.000564229
0.384684 0.0185515 0.00088703
0.384512 0.0192613 0.00114396
0.384596 0.0183584 0.000152544
0.385398 0.0225749 0.000153598
0.384025 0.0202205 0.000650776
0.384327 0.0195171 0.00122563
0.383991 0.0192075 0.00044013
0.384151 0.0198417 0.000401759
0.384958 0.0208348 0.000422104
0.384423 0.0171198 0.000557588
0.384522 0.019111 0.000884531
0.383977 0.0190641 0.00102036
0.383966 0.0196713 0.000809053
0.38395 0.019828 0.00165544
0.383797 0.0179801 0.000151501
0.384563 0.0188283 0.00157817
0.384475 0.0218465 0.000152389
0.384163 0.0191242 0.00129591
0.385538 0.0156727 0.000386233
0.384176 0.0214768 0.000400124
0.384831 0.0186975 0.00532561
0.385267 0.0171383 0.00109888
0.384787 0.0192974 0.000505741
0.38433 0.0176614 0.000767772
0.385268 0.016555 0.000153424
0.384939 0.0184041 0.00534929
0.384322 0.0197606 0.000152189
0.383571 0.0172133 0.00561819
0.384826 0.0208361 0.000152846
0.384044 0.0195926 0.00053011
0.38395 0.0188232 0.000151695
0.383663 0.0186957 0.000903132
0.384573 0.0197663 0.000874862
0.385544 0.0167736 0.000153767
0.384595 0.019582 0.00533062
0.384024 0.0205359 0.000842431
0.38367 0.0189533 0.00105653
0.384818 0.0186586 0.00147415
0.383998 0.0199217 0.000646966
0.384642 0.0189702 0.00112081
0.38481 0.0191135 0.00529749
0.384823 0.0187753 0.000152842
0.38409 0.0172602 0.000407502
0.383893 0.0187963 0.000737554
0.384172 0.0204908 0.000151977
0.384026 0.0191217 0.000151801
0.384719 0.0171784 0.00107383
0.385052 0.0152442 0.000315822
0.38395 0.017571 0.000875895
0.384535 0.0161709 0.000650912
0.385599 0.0221878 0.000153859
0.383811 0.0178426 0.00161927
0.383838 0.0178409 0.000808748
0.384476 0.0215097 0.000620337
0.385095 0.016411 0.000351609
0.384262 0.0187182 0.000485343
0.385097 0.016661 0.000517353
0.383754 0.018022 0.00103251
0.384775 0.0192142 0.0010082
0.384508 0.0179213 0.000400083
0.384677 0.0161954 0.000387484
0.385716 0.0161397 0.000154
0.384529 0.0178663 0.000860686
0.384411 0.0173697 0.000937237
0.384436 0.0188994 0.00195554
0.384842 0.0197206 0.00105042
0.384666 0.0161567 0.00119108
0.384092 0.0185415 0.00171312
0.384918 0.0157761 0.000391963
0.383842 0.0181377 0.000765364
0.384605 0.0182623 0.000875876
0.385655 0.0216386 0.000284568
0.383739 0.020307 0.000682713
0.38521 0.0159527 0.000338916
0.384589 0.018732 0.00129524
0.384491 0.020832 0.000771988
0.384377 0.0184969 0.000850318
0.384621 0.0195454 0.000538909
0.384733 0.0157222 0.000152726
0.383735 0.017985 0.00208505
0.385022 0.0216963 0.000153099
0.384745 0.0163155 0.000901108
0.383948 0.0191036 0.000724404
0.384351 0.0190302 0.000501337
0.386859 0.0143646 0.000155509
0.384659 0.0181802 0.000385457
0.384489 0.0175878 0.000397336
0.384738 0.0156819 0.000629432
0.383933 0.0210114 0.000413001
0.383647 0.0183513 0.00137266
0.385584 0.0148202 0.000153839
0.384377 0.0207848 0.000410525
0.383792 0.0191593 0.00123687
0.384157 0.0170002 0.00201119
0.384721 0.0184144 0.00115105
0.384131 0.0178979 0.000783292
0.383714 0.0197009 0.000649205
0.384395 0.0188433 0.000731806
0.38424 0.0198735 0.000820489
0.38381 0.0177918 0.00230184
0.384126 0.0189265 0.00209485
0.386429 0.0149011 0.000154946
0.385203 0.0208574 0.000250378
0.38389 0.0186843 0.00132981
0.383947 0.0205273 0.00174167
0.385546 0.0154832 0.000153789
0.38462 0.0169626 0.000394334
0.384167 0.0184102 0.000498595
0.385196 0.0171995 0.000506924
0.384756 0.021196 0.000517415
0.385094 0.0153241 0.000601866
0.384669 0.0180592 0.000659772
0.384625 0.0202781 0.000233595
0.384537 0.017125 0.000152451
0.384917 0.0208989 0.000865326
0.385078 0.0174871 0.000420584
0.384798 0.0179771 0.00136367
0.383713 0.0193667 0.000151366
0.384216 0.0196105 0.000962826
0.384713 0.0188539 0.000843535
0.384927 0.0181464 0.00165981
0.386381 0.0146096 0.000318385
0.38394 0.0192353 0.0019469
0.384625 0.0159358 0.000992226
0.385064 0.0175996 0.000993079
0.384494 0.0216011 0.000335211
0.385037 0.0177713 0.000507708
0.3853 0.0222761 0.000153469
0.384149 0.0174215 0.00135623
0.384617 0.0182388 0.00194652
0.384826 0.0197463 0.000451635
0.384914 0.0180218 0.000398527
0.384413 0.0212931 0.000402576
0.384506 0.0182147 0.00121417
0.384725 0.0216588 0.000152703
0.384369 0.0174106 0.000607919
0.38428 0.0200715 0.000598741
0.383988 0.0176438 0.00175769
0.383998 0.0197803 0.00134191
0.383857 0.020298 0.0054184
0.385054 0.0166358 0.000813162
0.38373 0.0204677 0.00125555
0.384563 0.0178209 0.00230769
0.386866 0.0148392 0.000155518
0.383381 0.0176617 0.00548218
0.384252 0.0191334 0.00191776
0.385573 0.01657 0.000372242
0.383787 0.0207066 0.000403552
0.384609 0.0175087 0.000759445
0.384933 0.0204689 0.000383945
0.384733 0.0182194 0.00546594
0.383855 0.0185733 0.00223043
0.384397 0.0170364 0.00148027
0.385459 0.0212864 0.000705399
0.384994 0.0178984 0.00115068
0.38524 0.0171571 0.000800754
0.385185 0.0218143 0.000376398
0.384784 0.0177663 0.000982415
0.38364 0.0186561 0.00179143
0.383676 0.0194644 0.00161886
0.38472 0.0179296 0.0016495
0.384075 0.017468 0.0006233
0.384683 0.0206986 0.000394728
0.384346 0.0182258 0.00163136
0.384045 0.0194136 0.00122231
0.384942 0.0181845 0.000670843
0.385081 0.0169122 0.0006807
0.384906 0.017765 0.00182702
0.384925 0.0182029 0.00121222
0.384521 0.0212905 0.000819952
0.384024 0.0178751 0.00254701
0.384255 0.0178169 0.000522395
0.38365 0.0185829 0.00118081
0.384869 0.0185034 0.000656458
0.384244 0.0191027 0.000771965
0.385361 0.0169598 0.000583119
0.383039 0.0194119 0.00532808
0.384624 0.0219835 0.000397532
0.384312 0.021744 0.000526527
0.384393 0.0199668 0.00139257
0.384135 0.018057 0.00150129
0.384209 0.0192533 0.00102905
0.385583 0.0215069 0.000544404
0.3849 0.0183466 0.000919818
0.384696 0.0168831 0.000993955
0.384842 0.0174083 0.000925383
0.38437 0.018048 0.000682095
0.384726 0.0194065 0.000783312
0.384595 0.0195564 0.00109803
0.383915 0.0187913 0.00247029
0.384809 0.0180651 0.0009724
0.384759 0.0166249 0.000758371
0.38457 0.0195539 0.00139696
0.384812 0.0194879 0.000270971
0.383949 0.0181169 0.00125743
0.387471 0.0142302 0.000156312
0.383957 0.0192622 0.00146572
0.38491 0.0174139 0.00143372
0.383667 0.0194855 0.00196226
0.384424 0.0200026 0.00102381
0.384149 0.0183884 0.00211817
0.384812 0.0187247 0.00109542
0.386065 0.0154032 0.000154471
0.386193 0.0143552 0.000154638
0.383699 0.0176998 0.00541618
0.385317 0.0167763 0.000349831
0.383991 0.0202703 0.00100011
0.384237 0.0210498 0.000396281
0.384849 0.0197807 0.00135104
0.384436 0.0185036 0.00117495
0.385071 0.0160507 0.000949034
0.384695 0.0169086 0.000684328
0.383966 0.0193571 0.000883771
0.384118 0.0200207 0.00149836
0.385264 0.0153801 0.000153416
0.383737 0.0204241 0.000958864
0.384861 0.0184139 0.00194443
0.386766 0.015446 0.000155387
0.385858 0.0226585 0.000154201
0.384766 0.0190105 0.00170221
0.383821 0.0178459 0.00127299
0.384651 0.0159021 0.000445211
0.384565 0.0185985 0.00191383
0.384324 0.0166934 0.000411434
0.383757 0.0206257 0.000737839
0.383855 0.019792 0.000400755
0.384205 0.0169816 0.000404742
0.384361 0.0205804 0.000869949
0.383746 0.019886 0.00121672
0.384429 0.0194093 0.000896617
0.384264 0.019701 0.00145437
0.384095 0.0174973 0.0021073
0.385857 0.0164151 0.0004202
0.384476 0.0180157 0.00180136
0.385929 0.0159283 0.000154292
0.384496 0.0205858 0.000600607
0.385166 0.0162179 0.00059981
0.385075 0.017798 0.00544926
0.38572 0.0150135 0.000338607
0.383213 0.0181509 0.00539471
0.384967 0.0175102 0.00551503
0.384374 0.0179764 0.0013389
0.383646 0.0190753 0.00206173
0.385042 0.0176622 0.0013292
0.385021 0.0165207 0.00108821
0.385371 0.0167037 0.000739116
0.383687 0.0194289 0.00115716
0.384251 0.0201935 0.000871183
0.383684 0.0197313 0.00175567
0.38455 0.0171259 0.000831624
0.384584 0.0170831 0.00171293
0.38372 0.0180696 0.00144552
0.386417 0.01582 0.000363826
0.384279 0.0170098 0.00091083
0.384166 0.0208226 0.000620873
0.384899 0.0171406 0.00131051
0.384594 0.0192248 0.00196802
0.383935 0.020485 0.000541437
0.383917 0.0176056 0.00146882
0.384504 0.0162026 0.00143974
0.385292 0.0215754 0.000523094
0.38425 0.0176577 0.00547389
0.383949 0.0175526 0.00117531
0.384669 0.0204589 0.000971712
0.384166 0.0170024 0.00171134
0.385647 0.0166177 0.000658815
0.385019 0.0171532 0.00158514
0.38506 0.0206124 0.000153117
0.384648 0.0198871 0.0053544
0.384837 0.0161774 0.000650951
0.384841 0.0204148 0.00132889
0.385258 0.0150732 0.000589044
0.386134 0.0146524 0.000154555
0.384707 0.0203768 0.000557861
0.384197 0.0183694 0.00105318
0.38473 0.0199934 0.000995412
0.383887 0.0186074 0.00270567
0.385739 0.0163339 0.000692502
0.383846 0.0188982 0.00219882
0.385052 0.0212564 0.000405508
0.38402 0.0203931 0.00127286
0.383709 0.0203577 0.00183983
0.383658 0.0188889 0.00134928
0.385055 0.0175679 0.00164622
0.383725 0.0204504 0.00155498
0.385044 0.0173359 0.0011347
0.384113 0.0178101 0.00133236
0.385523 0.0228912 0.000153762
0.384676 0.0184108 0.00170797
0.38468 0.0184119 0.00249347
0.383746 0.0201848 0.0014072
0.387204 0.0148301 0.000155962
0.384504 0.0175641 0.00173547
0.384332 0.0166 0.00184827
0.385828 0.0155866 0.000154149
0.384164 0.0193449 0.00211334
0.383369 0.0195028 0.00532697
0.383938 0.0182989 0.00192469
0.384344 0.0187078 0.0017439
0.384396 0.0171483 0.00114928
0.383999 0.0189293 0.00272315
0.384266 0.0202305 0.00132665
0.3849 0.0166582 0.00149163
0.384888 0.0170644 0.000852946
0.384479 0.0190936 0.00172411
0.383669 0.018646 0.000607385
0.384771 0.0178727 0.00542901
0.384931 0.022263 0.000152985
0.384797 0.0187194 0.00176721
0.386147 0.0150932 0.000154578
0.384624 0.0202233 0.00115647
0.385255 0.0168217 0.00155109
0.383651 0.0189206 0.00164752
0.384246 0.019817 0.0011783
0.383807 0.0188801 0.0019006
0.383792 0.0182626 0.00218403
0.384048 0.0208153 0.00125459
0.384969 0.0176451 0.00238423
0.387104 0.0145422 0.000155832
0.386232 0.0159969 0.00059749
0.384217 0.0195937 0.00532718
0.383994 0.0211105 0.00125289
0.385104 0.0206664 0.000895276
0.38496 0.0179367 0.00223072
0.384343 0.018993 0.00109484
0.384322 0.0185049 0.00152398
0.386034 0.022905 0.00015443
0.383868 0.0176773 0.00203057
0.384483 0.017607 0.00250224
0.384531 0.0199906 0.00176924
0.384121 0.0193085 0.00171234
0.383912 0.0209584 0.00097505
0.384314 0.0188017 0.00139433
0.384591 0.019835 0.00120893
0.384228 0.0190275 0.00157233
0.383202 0.018445 0.00533644
0.383637 0.0184321 0.00199093
0.383738 0.0179125 0.00294812
0.384185 0.0214885 0.000699758
0.383807 0.020716 0.0014052
0.386911 0.0151799 0.000155576
0.386408 0.015065 0.000405325
0.384451 0.0178152 0.00157959
0.38435 0.0176327 0.00128535
0.384168 0.0205883 0.0011
0.385734 0.0154078 0.000376257
0.384883 0.0183661 0.00146038
0.385479 0.0159546 0.000470381
0.38423 0.019528 0.00188516
0.384297 0.0173727 0.00229138
0.384348 0.0181508 0.00562127
0.38524 0.017303 0.00556575
0.382937 0.0180212 0.00543459
0.38453 0.0193759 0.00163526
0.386531 0.0156374 0.000155081
0.384871 0.0228087 0.000290478
0.38485 0.0154724 0.000446023
0.383939 0.0186649 0.00101563
0.384409 0.0183504 0.0022627
0.384797 0.0206164 0.000714676
0.386778 0.0150241 0.00037485
0.38398 0.0200931 0.00124189
0.384201 0.0178784 0.00173287
0.383926 0.0185279 0.00532817
0.385314 0.0171075 0.00162033
0.384609 0.0210502 0.000976344
0.384554 0.0222108 0.000580314
0.384236 0.018658 0.00201956
0.383635 0.0187172 0.00208506
0.384388 0.0164943 0.00124081
0.384209 0.0175724 0.00102744
0.384258 0.0168391 0.000665094
0.384507 0.0203676 0.001442
0.385377 0.0167118 0.00113382
0.384331 0.0211661 0.00101562
0.384493 0.0203332 0.000763495
0.384298 0.0167226 0.00105525
0.384023 0.0180845 0.00211653
0.384803 0.0175485 0.00118774
0.384039 0.0203361 0.00195386
0.387127 0.015063 0.000328428
0.385347 0.0157253 0.000611337
0.385074 0.0159194 0.000604629
0.384511 0.0164494 0.000759569
0.385145 0.0166682 0.00131805
0.38325 0.0191636 0.00532737
0.384463 0.0183038 0.00267059
0.38362 0.0186039 0.00300686
0.384884 0.0211341 0.001062
0.384971 0.0161385 0.000385737
0.386141 0.0157159 0.00015457
0.383814 0.0201548 0.00203452
0.384508 0.0170785 0.0020857
0.384881 0.0169203 0.00208887
0.384517 0.0193915 0.00220541
0.385773 0.023057 0.000154089
0.383869 0.0206738 0.00105937
0.384641 0.0172084 0.00144621
0.384743 0.0208963 0.000621158
0.38453 0.0186008 0.00532954
0.383955 0.0198191 0.00195525
0.384694 0.0184133 0.00219383
0.385395 0.0220027 0.000273123
0.383678 0.0181819 0.00278175
0.384131 0.0178049 0.00209953
0.384821 0.019896 0.00202138
0.384633 0.0165651 0.00102394
0.385921 0.0148895 0.000154282
0.384504 0.0183956 0.00554681
0.384577 0.0177695 0.00194164
0.383648 0.0182102 0.00307883
0.383677 0.0197884 0.00206505
0.384522 0.0187238 0.00218295
0.384046 0.0183165 0.00273333
0.384372 0.0203687 0.00108225
0.384786 0.0173118 0.00168718
0.384605 0.0181671 0.00149334
0.383625 0.0187471 0.00274328
0.384015 0.0173646 0.00161831
0.385456 0.0161931 0.000670762
0.385262 0.0210524 0.000470858
0.383667 0.0191857 0.00150811
0.384274 0.0167486 0.00159407
0.38483 0.0167196 0.00120656
0.384533 0.0173131 0.00189845
0.385647 0.0162013 0.000439508
0.384242 0.018415 0.00534044
0.384489 0.0191119 0.00249392
0.384938 0.0179773 0.00565533
0.384948 0.0161507 0.0012924
0.385449 0.0212776 0.000405706
0.384746 0.0172599 0.00210204
0.383805 0.0196349 0.00532559
0.383814 0.0197678 0.00249218
0.384944 0.0180404 0.00193993
0.385606 0.0166352 0.000955414
0.383971 0.0177367 0.00285403
0.385192 0.0162438 0.00114469
0.384756 0.0214603 0.000375486
0.385172 0.0165033 0.00156716
0.383628 0.0189798 0.002554
0.384791 0.0181638 0.00232966
0.384472 0.0178546 0.00543031
0.384614 0.0180098 0.00564434
0.383621 0.0184463 0.00326209
0.383903 0.0181403 0.00167255
0.385312 0.0159607 0.000793914
0.384101 0.017097 0.00247204
0.384266 0.0167363 0.00210738
0.384767 0.0189866 0.00256239
0.384886 0.0201235 0.0018367
0.384616 0.0198241 0.00153446
0.383892 0.0196399 0.00109816
0.384914 0.0181049 0.00259674
0.386613 0.0151442 0.000155184
0.385753 0.0155862 0.000616693
0.38486 0.0158885 0.00081168
0.384751 0.0175194 0.00190077
0.384998 0.0179166 0.000793309
0.384328 0.018424 0.00185592
0.384336 0.0200476 0.00199016
0.38478 0.0186808 0.00238417
0.384804 0.0169478 0.00154697
0.384409 0.019106 0.00217191
0.384082 0.0206739 0.00151773
0.384663 0.0169581 0.00128255
0.385823 0.0152265 0.000154149
0.3846 0.0184585 0.00142187
0.383631 0.0187322 0.00238463
0.384301 0.0201665 0.00539226
0.385114 0.016337 0.00087019
0.384051 0.0194897 0.00235051
0.384861 0.0217998 0.000383752
0.383897 0.0185959 0.0019343
0.384743 0.0176144 0.00218518
0.384487 0.0188968 0.0053064
0.384147 0.0196737 0.00213384
0.386604 0.0156105 0.000469852
0.385474 0.0214383 0.000153686
0.386618 0.0151004 0.000616481
0.384627 0.0177255 0.00135342
0.384225 0.0174682 0.00256666
0.385831 0.0157694 0.00039198
0.384094 0.0180692 0.00307343
0.384826 0.0182856 0.00281952
0.386352 0.0229097 0.000154848
0.384117 0.0171377 0.00144814
0.384434 0.0167731 0.00134138
0.38397 0.0195535 0.00153626
0.384162 0.01907 0.00251421
0.383788 0.0189119 0.0029359
0.385 0.0173907 0.00200819
0.384598 0.0179379 0.00114356
0.383874 0.0176195 0.00259544
0.383667 0.018166 0.00185578
0.385628 0.0166118 0.00127396
0.384192 0.0187458 0.00258332
0.385546 0.0167537 0.00152514
0.383648 0.0194165 0.00253476
0.384426 0.0196666 0.00170487
0.38455 0.0173936 0.00122834
0.383661 0.0181558 0.00248337
0.384859 0.0212679 0.000789758
0.383897 0.0187505 0.00162231
0.384897 0.0206037 0.00110264
0.384696 0.0179009 0.00256428
0.384994 0.0178544 0.0015545
0.384658 0.0201027 0.0014304
0.384462 0.0175344 0.00208817
0.38687 0.0153304 0.000411846
0.384285 0.0172778 0.00173285
0.38413 0.0186694 0.00229996
0.385212 0.0168268 0.0019467
0.384966 0.0198194 0.00535289
0.384414 0.0174079 0.00149562
0.384792 0.0193492 0.00177997
0.383618 0.0190279 0.0031538
0.383718 0.0200675 0.00176408
0.384006 0.0191419 0.00226802
0.384038 0.0212309 0.000981606
0.38393 0.0184187 0.00247634
0.385425 0.0149662 0.000363531
0.384756 0.0167529 0.00187326
0.383942 0.0179239 0.00187656
0.384519 0.0181131 0.00244564
0.3849 0.0202279 0.00155584
0.385207 0.0172487 0.00137123
0.384594 0.0173933 0.00232353
0.3839 0.0199024 0.0022383
0.386494 0.0143788 0.000155034
0.38424 0.0181128 0.00233349
0.384221 0.0180924 0.00263211
0.384214 0.0180124 0.00539104
0.383974 0.0173991 0.00241788
0.384962 0.0220872 0.000394124
0.384863 0.0170545 0.00182116
0.386081 0.0160997 0.000348213
0.385323 0.0162978 0.00140906
0.384204 0.0169379 0.00124218
0.384297 0.0169825 0.00227596
0.385097 0.0225492 0.000153204
0.38429 0.0193072 0.00238279
0.384245 0.0199032 0.00174318
0.384654 0.0207558 0.00101201
0.384245 0.0177202 0.00272834
0.384287 0.0193398 0.00146426
0.384407 0.018077 0.00208693
0.384011 0.0199018 0.00101285
0.384785 0.0164259 0.00124779
0.38447 0.0163077 0.0010208
0.384548 0.0221389 0.000152478
0.384658 0.0189824 0.00228289
0.384191 0.0181427 0.00187433
0.385954 0.0162471 0.000901127
0.385074 0.0206226 0.000600053
0.383975 0.0210677 0.00154922
0.385453 0.0232291 0.000153669
0.386009 0.0162353 0.000606435
0.384424 0.0199401 0.00225607
0.383505 0.0180521 0.00554354
0.384815 0.0219863 0.000152833
0.386187 0.0148677 0.000356566
0.385195 0.0214745 0.000257786
0.383662 0.0195984 0.00229669
0.384764 0.0165022 0.00170878
0.385172 0.017367 0.00225258
0.38512 0.0220038 0.000153227
0.386302 0.0155438 0.000340296
0.383643 0.0191889 0.00233939
0.384828 0.0196223 0.00189871
0.384328 0.0206365 0.00134948
0.384843 0.0154238 0.000741956
0.386124 0.0157575 0.000452567
0.384781 0.0188439 0.00282588
0.38502 0.0176784 0.00209055
0.384567 0.0167917 0.00164384
0.384884 0.0156278 0.000958078
0.383979 0.0180315 0.00279906
0.383757 0.0178468 0.00324024
0.383935 0.0195121 0.00183134
0.383762 0.0191583 0.00275411
0.385 0.0210596 0.000625893
0.384858 0.0198527 0.00170899
0.385137 0.0154722 0.000859247
0.384092 0.0201157 0.00215025
0.386355 0.0153139 0.000154845
0.385231 0.0155759 0.000378312
0.383826 0.0184045 0.00291794
0.383986 0.0173508 0.00271369
0.386541 0.0235361 0.000155095
0.384907 0.0172703 0.00235516
0.386549 0.0153286 0.000382975
0.38505 0.0156206 0.000613277
0.383911 0.0192733 0.00252014
0.384534 0.0198102 0.00200894
0.383626 0.0184561 0.00267067
0.38568 0.0163358 0.00098676
0.384212 0.0176363 0.00155594
0.386869 0.0146018 0.000338848
0.384803 0.0167204 0.00577573
0.384819 0.0195571 0.00156366
0.384361 0.0187823 0.00296993
0.384383 0.0185825 0.00274725
0.384115 0.0176578 0.00236047
0.384288 0.0182158 0.00289717
0.384594 0.0187465 0.0026106
0.384745 0.0192596 0.00235826
0.38481 0.0185665 0.00271529
0.384212 0.0187682 0.00531307
0.384798 0.0194011 0.00209915
0.384892 0.0215985 0.000603932
0.384328 0.020322 0.00186659
0.384891 0.015881 0.00111868
0.385944 0.0221456 0.000154312
0.385176 0.0173249 0.00177477
0.383482 0.018284 0.0053546
0.383745 0.0179195 0.00264829
0.384225 0.0183693 0.00249838
0.384786 0.0162783 0.0015102
0.384773 0.0189492 0.00138979
0.384548 0.0195196 0.00193595
0.384695 0.017994 0.00210142
0.383868 0.0208201 0.00167999
0.38406 0.0172135 0.0021986
0.384635 0.0202611 0.00169158
0.383906 0.0186704 0.00306942
0.386566 0.014067 0.000155128
0.383807 0.020696 0.00194646
0.384313 0.0178551 0.00246911
0.384619 0.0175971 0.0054915
0.384913 0.0203074 0.0010582
0.384977 0.0178137 0.00263223
0.385822 0.0160023 0.000580835
0.384402 0.0168999 0.00186948
0.383714 0.0181198 0.00335708
0.383631 0.0184325 0.00237165
0.385122 0.0212717 0.000940812
0.385444 0.0164064 0.00115681
0.385667 0.0160511 0.000832965
0.384405 0.0185994 0.00242993
0.385371 0.0154334 0.000676325
0.384274 0.0204606 0.0016062
0.384637 0.0223605 0.000333972
0.386182 0.0152683 0.000395711
0.384408 0.0164246 0.00161721
0.384784 0.0174699 0.00254279
0.38545 0.0168895 0.0017749
0.384016 0.0200932 0.0017793
0.384385 0.0189356 0.0027132
0.384801 0.0186719 0.00208505
0.383827 0.0193721 0.00218904
0.384353 0.0201712 0.00160844
0.385102 0.0213936 0.000667439
0.384729 0.0189484 0.00199334
0.385011 0.0168111 0.00172513
0.385339 0.0210738 0.000880059
0.38412 0.0185615 0.00288964
0.385216 0.0208662 0.0007017
0.386032 0.0144777 0.000376233
0.38454 0.0218801 0.000666328
0.384394 0.0208401 0.00113545
0.384334 0.0188817 0.00235676

VERTICES 873 1746
1 0
1 1
1 2
1 3
1 4
1 5
1 6
1 7
1 8
1 9
1 10
1 11
1 12
1 13
1 14
1 15
1 16
1 17
1 18
1 19
1 20
1 21
1 22
1 23
1 24
1 25
1 26
1 27
1 28
1 29
1 30
1 31
1 32
1 33
1 34
1 35
1 36
1 37
1 38
1 39
1 40
1 41
1 42
1 43
1 44
1 45
1 46
1 47
1 48
1 49
1 50
1 51
1 52
1 53
1 54
1 55
1 56
1 57
1 58
1 59
1 60
1 61
1 62
1 63
1 64
1 65
1 66
1 67
1 68
1 69
1 70
1 71
1 72
1 73
1 74
1 75
1 76
1 77
1 78
1 79
1 80
1 81
1 82
1 83
1 84
1 85
1 86
1 87
1 88
1 89
1 90
1 91
1 92
1 93
1 94
1 95
1 96
1 97
1 98
1 99
1 100
1 101
1 102
1 103
1 104
1 105
1 106
1 107
1 108
1 109
1 110
1 111
1 112
1 113
1 114
1 115
1 116
1 117
1 118
1 119
1 120
1 121
1 122
1 123
1 124
1 125
1 126
1 127
1 128
1 129
1 130
1 131
1 132
1 133
1 134
1 135
1 136
1 137
1 138
1 139
1 140
1 141
1 142
1 143
1 144
1 145
1 146
1 147
1 148
1 149
1 150
1 151
1 152
1 153
1 154
1 155
1 156
1 157
1 158
1 159
1 160
1 161
1 162
1 163
1 164
1 165
1 166
1 167
1 168
1 169
1 170
1 171
1 172
1 173
1 174
1 175
1 176
1 177
1 178
1 179
1 180
1 181
1 182
1 183
1 184
1 185
1 186
1 187
1 188
1 189
1 190
1 191
1 192
1 193
1 194
1 195
1 196
1 197
1 198
1 199
1 200
1 201
1 202
1 203
1 204
1 205
1 206
1 207
1 208
1 209
1 210
1 211
1 212
1 213
1 214
1 215
1 216
1 217
1 218
1 219
1 220
1 221
1 222
1 223
1 224
1 225
1 226
1 227
1 228
1 229
1 230
1 231
1 232
1 233
1 234
1 235
1 236
1 237
1 238
1 239
1 240
1 241
1 242
1 243
1 244
1 245
1 246
1 247
1 248
1 249
1 250
1 251
1 252
1 253
1 254
1 255
1 256
1 257
1 258
1 259
1 260
1 261
1 262
1 263
1 264
1 265
1 266
1 267
1 268
1 269
1 270
1 271
1 272
1 273
1 274
1 275
1 276
1 277
1 278
1 279
1 280
1 281
1 282
1 283
1 284
1 285
1 286
1 287
1 288
1 289
1 290
1 291
1 292
1 293
1 294
1 295
1 296
1 297
1 298
1 299
1 300
1 301
1 302
1 303
1 304
1 305
1 306
1 307
1 308
1 309
1 310
1 311
1 312
1 313
1 314
1 315
1 316
1 317
1 318
1 319
1 320
1 321
1 322
1 323
1 324
1 325
1 326
1 327
1 328
1 329
1 330
1 331
1 332
1 333
1 334
1 335
1 336
1 337
1 338
1 339
1 340
1 341
1 342
1 343
1 344
1 345
1 346
1 347
1 348
1 349
1 350
1 351
1 352
1 353
1 354
1 355
1 356
1 357
1 358
1 359
1 360
1 361
1 362
1 363
1 364
1 365
1 366
1 367
1 368
1 369
1 370
1 371
1 372
1 373
1 374
1 375
1 376
1 377
1 378
1 379
1 380
1 381
1 382
1 383
1 384
1 385
1 386
1 387
1 388
1 389
1 390
1 391
1 392
1 393
1 394
1 395
1 396
1 397
1 398
1 399
1 400
1 401
1 402
1 403
1 404
1 405
1 406
1 407
1 408
1 409
1 410
1 411
1 412
1 413
1 414
1 415
1 416
1 417
1 418
1 419
1 420
1 421
1 422
1 423
1 424
1 425
1 426
1 427
1 428
1 429
1 430
1 431
1 432
1 433
1 434
1 435
1 436
1 437
1 438
1 439
1 440
1 441
1 442
1 443
1 444
1 445
1 446
1 447
1 448
1 449
1 450
1 451
1 452
1 453
1 454
1 455
1 456
1 457
1 458
1 459
1 460
1 461
1 462
1 463
1 464
1 465
1 466
1 467
1 468
1 469
1 470
1 471
1 472
1 473
1 474
1 475
1 476
1 477
1 478
1 479
1 480
1 481
1 482
1 483
1 484
1 485
1 486
1 487
1 488
1 489
1 490
1 491
1 492
1 493
1 494
1 495
1 496
1 497
1 498
1 499
1 500
1 501
1 502
1 503
1 504
1 505
1 506
1 507
1 508
1 509
1 510
1 511
1 512
1 513
1 514
1 515
1 516
1 517
1 518
1 519
1 520
1 521
1 522
1 523
1 524
1 525
1 526
1 527
1 528
1 529
1 530
1 531
1 532
1 533
1 534
1 535
1 536
1 537
1 538
1 539
1 540
1 541
1 542
1 543
1 544
1 545
1 546
1 547
1 548
1 549
1 550
1 551
1 552
1 553
1 554
1 555
1 556
1 557
1 558
1 559
1 560
1 561
1 562
1 563
1 564
1 565
1 566
1 567
1 568
1 569
1 570
1 571
1 572
1 573
1 574
1 575
1 576
1 577
1 578
1 579
1 580
1 581
1 582
1 583
1 584
1 585
1 586
1 587
1 588
1 589
1 590
1 591
1 592
1 593
1 594
1 595
1 596
1 597
1 598
1 599
1 600
1 601
1 602
1 603
1 604
1 605
1 606
1 607
1 608
1 609
1 610
1 611
1 612
1 613
1 614
1 615
1 616
1 617
1 618
1 619
1 620
1 621
1 622
1 623
1 624
1 625
1 626
1 627
1 628
1 629
1 630
1 631
1 632
1 633
1 634
1 635
1 636
1 637
1 638
1 639
1 640
1 641
1 642
1 643
1 644
1 645
1 646
1 647
1 648
1 649
1 650
1 651
1 652
1 653
1 654
1 655
1 656
1 657
1 658
1 659
1 660
1 661
1 662
1 663
1 664
1 665
1 666
1 667
1 668
1 669
1 670
1 671
1 672
1 673
1 674
1 675
1 676
1 677
1 678
1 679
1 680
1 681
1 682
1 683
1 684
1 685
1 686
1 687
1 688
1 689
1 690
1 691
1 692
1 693
1 694
1 695
1 696
1 697
1 698
1 699
1 700
1 701
1 702
1 703
1 704
1 705
1 706
1 707
1 708
1 709
1 710
1 711
1 712
1 713
1 714
1 715
1 716
1 717
1 718
1 719
1 720
1 721
1 722
1 723
1 724
1 725
1 726
1 727
1 728
1 729
1 730
1 731
1 732
1 733
1 734
1 735
1 736
1 737
1 738
1 739
1 740
1 741
1 742
1 743
1 744
1 745
1 746
1 747
1 748
1 749
1 750
1 751
1 752
1 753
1 754
1 755
1 756
1 757
1 758
1 759
1 760
1 761
1 762
1 763
1 764
1 765
1 766
1 767
1 768
1 769
1 770
1 771
1 772
1 773
1 774
1 775
1 776
1 777
1 778
1 779
1 780
1 781
1 782
1 783
1 784
1 785
1 786
1 787
1 788
1 789
1 790
1 791
1 792
1 793
1 794
1 795
1 796
1 797
1 798
1 799
1 800
1 801
1 802
1 803
1 804
1 805
1 806
1 807
1 808
1 809
1 810
1 811
1 812
1 813
1 814
1 815
1 816
1 817
1 818
1 819
1 820
1 821
1 822
1 823
1 824
1 825
1 826
1 827
1 828
1 829
1 830
1 831
1 832
1 833
1 834
1 835
1 836
1 837
1 838
1 839
1 840
1 841
1 842
1 843
1 844
1 845
1 846
1 847
1 848
1 849
1 850
1 851
1 852
1 853
1 854
1 855
1 856
1 857
1 858
1 859
1 860
1 861
1 862
1 863
1 864
1 865
1 866
1 867
1 868
1 869
1 870
1 871
1 872

POINT_DATA 873
SCALARS id int 1
LOOKUP_TABLE default
1
2
3
4
5
6
7
8
9
10
11
12
13
14
15
16
17
18
19
20
21
22
23
24
25
26
27
28
29
30
32
33
34
35
36
37
39
40
41
42
43
44
45
46
47
48
49
50
51
52
53
54
56
57
58
59
60
61
62
63
64
65
67
68
69
70
71
72
73
74
75
76
77
78
79
80
81
82
83
84
85
86
87
88
89
90
91
92
93
94
95
96
97
98
99
100
101
102
103
104
105
106
107
108
109
110
111
112
113
114
115
116
117
118
119
120
121
122
123
124
125
126
127
129
130
131
132
133
134
135
136
137
138
139
140
141
142
143
144
145
146
147
148
149
150
151
153
154
155
156
157
158
159
160
161
162
163
164
165
166
167
168
169
170
171
172
173
174
175
176
177
178
179
180
181
182
183
184
185
186
187
188
189
190
191
192
193
194
195
196
197
198
199
200
201
202
203
204
205
206
208
209
210
211
212
213
214
215
217
218
219
220
221
222
223
225
226
227
228
229
230
231
232
233
234
235
236
237
238
239
240
241
242
243
244
245
246
247
248
249
250
251
252
253
254
255
256
257
258
259
260
261
262
263
264
265
266
267
268
269
270
271
273
274
275
276
277
278
279
280
281
282
283
284
285
286
287
288
289
290
291
292
293
294
295
296
297
299
300
301
302
303
304
305
306
307
308
309
310
311
312
313
314
315
316
317
318
319
320
321
322
323
324
325
326
327
328
329
330
331
332
333
334
335
336
337
338
339
340
341
342
343
344
345
346
347
348
349
350
351
352
353
354
355
356
357
358
359
360
361
362
363
364
365
366
367
368
369
370
371
372
373
374
375
376
377
378
379
381
382
383
384
385
386
387
388
389
390
391
392
393
394
395
396
397
398
399
400
401
402
404
405
406
407
408
409
410
411
412
413
414
415
416
417
418
419
420
421
422
423
424
426
427
428
429
430
431
432
434
435
436
437
438
439
440
441
442
443
444
445
446
447
448
449
451
452
453
454
455
456
457
458
459
460
461
462
463
464
465
466
467
468
469
470
471
472
473
474
475
476
477
478
479
480
481
482
483
484
485
486
487
489
490
491
492
493
494
495
496
497
498
499
500
501
502
503
504
505
506
507
508
509
510
511
512
513
514
515
516
517
518
519
520
521
522
523
524
525
526
527
528
529
530
531
532
533
534
535
536
537
538
539
540
541
542
543
544
545
546
547
548
549
550
551
552
553
554
555
556
557
558
559
560
561
562
563
564
565
566
567
568
569
570
571
572
573
574
575
576
577
579
580
581
582
583
584
585
586
587
588
589
590
591
592
593
594
595
596
597
598
599
600
601
602
603
605
606
607
608
609
610
611
612
613
614
615
616
617
618
619
620
621
622
623
624
625
626
627
628
629
630
631
632
633
634
635
636
637
638
640
641
642
643
644
645
646
647
648
649
650
651
652
653
654
655
656
659
660
661
662
663
664
665
666
667
668
669
670
671
672
673
674
675
676
677
678
679
680
681
682
683
684
685
686
687
688
690
691
692
693
694
695
696
698
699
700
701
702
703
704
705
706
707
708
709
710
711
712
713
714
715
716
717
718
719
720
721
722
723
724
725
726
727
728
729
730
731
732
733
734
735
736
738
739
740
741
742
743
744
745
746
747
748
749
750
751
752
753
754
755
756
757
758
759
760
761
762
764
765
766
767
768
769
770
771
772
773
774
775
776
777
778
779
780
781
782
783
784
785
786
787
788
789
791
792
793
794
795
796
797
798
799
800
801
802
803
804
805
806
807
808
809
810
811
812
813
814
815
816
817
818
819
820
821
822
823
824
825
826
827
828
829
830
831
832
833
834
835
836
837
838
839
840
841
842
843
844
845
846
847
848
849
850
851
852
853
854
855
856
857
858
859
860
861
862
863
864
865
866
867
868
869
870
871
872
873
874
875
876
877
878
879
880
881
882
883
884
885
886
887
888
889
890
891
892
893
894
895
896
897
898
899
900

SCALARS type int 1
LOOKUP_TABLE default
1
1
1
1
1
1
1
1
1
1
1
1
1
1
1
1
1
1
1
1
1
1
1
1
1
1
1
1
1
1
1
1
1
1
1
1
1
1
1
1
1
1
1
1
1
1
1
1
1
1
1
1
1
1
1
1
1
1
1
1
1
1
1
1
1
1
1
1
1
1
1
1
1
1
1
1
1
1
1
1
1
1
1
1
1
1
1
1
1
1
1
1
1
1
1
1
1
1
1
1
1
1
1
1
1
1
1
1
1
1
1
1
1
1
1
1
1
1
1
1
1
1
1
1
1
1
1
1
1
1
1
1
1
1
1
1
1
1
1
1
1
1
1
1
1
1
1
1
1
1
1
1
1
1
1
1
1
1
1
1
1
1
1
1
1
1
1
1
1
1
1
1
1
1
1
1
1
1
1
1
1
1
1
1
1
1
1
1
1
1
1
1
1
1
1
1
1
1
1
1
1
1
1
1
1
1
1
1
1
1
1
1
1
1
1
1
1
1
1
1
1
1
1
1
1
1
1
1
1
1
1
1
1
1
1
1
1
1
1
1
1
1
1
1
1
1
1
1
1
1
1
1
1
1
1
1
1
1
1
1
1
1
1
1
1
1
1
1
1
1
1
1
1
1
1
1
1
1
1
1
1
1
1
1
1
1
1
1
1
1
1
1
1
1
1
1
1
1
1
1
1
1
1
1
1
1
1
1
1
1
1
1
1
1
1
1
1
1
1
1
1
1
1
1
1
1
1
1
1
1
1
1
1
1
1
1
1
1
1
1
1
1
1
1
1
1
1
1
1
1
1
1
1
1
1
1
1
1
1
1
1
1
1
1
1
1
1
1
1
1
1
1
1
1
1
1
1
1
1
1
1
1
1
1
1
1
1
1
1
1
1
1
1
1
1
1
1
1
1
1
1
1
1
1
1
1
1
1
1
1
1
1
1
1
1
1
1
1
1
1
1
1
1
1
1
1
1
1
1
1
1
1
1
1
1
1
1
1
1
1
1
1
1
1
1
1
1
1
1
1
1
1
1
1
1
1
1
1
1
1
1
1
1
1
1
1
1
1
1
1
1
1
1
1
1
1
1
1
1
1
1
1
1
1
1
1
1
1
1
1
1
1
1
1
1
1
1
1
1
1
1
1
1
1
1
1
1
1
1
1
1
1
1
1
1
1
1
1
1
1
1
1
1
1
1
1
1
1
1
1
1
1
1
1
1
1
1
1
1
1
1
1
1
1
1
1
1
1
1
1
1
1
1
1
1
1
1
1
1
1
1
1
1
1
1
1
1
1
1
1
1
1
1
1
1
1
1
1
1
1
1
1
1
1
1
1
1
1
1
1
1
1
1
1
1
1
1
1
1
1
1
1
1
1
1
1
1
1
1
1
1
1
1
1
1
1
1
1
1
1
1
1
1
1
1
1
1
1
1
1
1
1
1
1
1
1
1
1
1
1
1
1
1
1
1
1
1
1
1
1
1
1
1
1
1
1
1
1
1
1
1
1
1
1
1
1
1
1
1
1
1
1
1
1
1
1
1
1
1
1
1
1
1
1
1
1
1
1
1
1
1
1
1
1
1
1
1
1
1
1
1
1
1
1
1
1
1
1
1
1
1
1
1
1
1
1
1
1
1
1
1
1
1
1
1
1
1
1
1
1
1
1
1
1
1
1
1
1
1
1
1
1
1
1
1
1
1
1
1
1
1
1
1
1
1
1
1
1
1
1
1
1
1
1
1
1
1
1
1
1
1
1
1
1
1
1
1
1
1
1
1
1
1
1
1
1
1
1
1
1
1
1
1
1
1
1
1
1
1
1
1
1
1
1
1
1
1
1
1
1
1
1
1
1
1
1
1
1
1
1
1
1
1
1
1
1
1
1
1
1
1
1
1
1
1
1
1
1
1
1
1
1
1
1
1
1
1
1
1
1
1
1
1
1
1
1
1
1
1
1
1
1
1
1
1
1
1
1
1
1
1
1
1

SCALARS radius float 1
LOOKUP_TABLE default
0.00015
0.00015
0.00015
0.00015
0.00015
0.00015
0.00015
0.00015
0.00015
0.00015
0.00015
0.00015
0.00015
0.00015
0.00015
0.00015
0.00015
0.00015
0.00015
0.00015
0.00015
0.00015
0.00015
0.00015
0.00015
0.00015
0.00015
0.00015
0.00015
0.00015
0.00015
0.00015
0.00015
0.00015
0.00015
0.00015
0.00015
0.00015
0.00015
0.00015
0.00015
0.00015
0.00015
0.00015
0.00015
0.00015
0.00015
0.00015
0.00015
0.00015
0.00015
0.00015
0.00015
0.00015
0.00015
0.00015
0.00015
0.00015
0.00015
0.00015
0.00015
0.00015
0.00015
0.00015
0.00015
0.00015
0.00015
0.00015
0.00015
0.00015
0.00015
0.00015
0.00015
0.00015
0.00015
0.00015
0.00015
0.00015
0.00015
0.00015
0.00015
0.00015
0.00015
0.00015
0.00015
0.00015
0.00015
0.00015
0.00015
0.00015
0.00015
0.00015
0.00015
0.00015
0.00015
0.00015
0.00015
0.00015
0.00015
0.00015
0.00015
0.00015
0.00015
0.00015
0.00015
0.00015
0.00015
0.00015
0.00015
0.00015
0.00015
0.00015
0.00015
0.00015
0.00015
0.00015
0.00015
0.00015
0.00015
0.00015
0.00015
0.00015
0.00015
0.00015
0.00015
0.00015
0.00015
0.00015
0.00015
0.00015
0.00015
0.00015
0.00015
0.00015
0.00015
0.00015
0.00015
0.00015
0.00015
0.00015
0.00015
0.00015
0.00015
0.00015
0.00015
0.00015
0.00015
0.00015
0.00015
0.00015
0.00015
0.00015
0.00015
0.00015
0.00015
0.00015
0.00015
0.00015
0.00015
0.00015
0.00015
0.00015
0.00015
0.00015
0.00015
0.00015
0.00015
0.00015
0.00015
0.00015
0.00015
0.00015
0.00015
0.00015
0.00015
0.00015
0.00015
0.00015
0.00015
0.00015
0.00015
0.00015
0.00015
0.00015
0.00015
0.00015
0.00015
0.00015
0.00015
0.00015
0.00015
0.00015
0.00015
0.00015
0.00015
0.00015
0.00015
0.00015
0.00015
0.00015
0.00015
0.00015
0.00015
0.00015
0.00015
0.00015
0.00015
0.00015
0.00015
0.00015
0.00015
0.00015
0.00015
0.00015
0.00015
0.00015
0.00015
0.00015
0.00015
0.00015
0.00015
0.00015
0.00015
0.00015
0.00015
0.00015
0.00015
0.00015
0.00015
0.00015
0.00015
0.00015
0.00015
0.00015
0.00015
0.00015
0.00015
0.00015
0.00015
0.00015
0.00015
0.00015
0.00015
0.00015
0.00015
0.00015
0.00015
0.00015
0.00015
0.00015
0.00015
0.00015
0.00015
0.00015
0.00015
0.00015
0.00015
0.00015
0.00015
0.00015
0.00015
0.00015
0.00015
0.00015
0.00015
0.00015
0.00015
0.00015
0.00015
0.00015
0.00015
0.00015
0.00015
0.00015
0.00015
0.00015
0.00015
0.00015
0.00015
0.00015
0.00015
0.00015
0.00015
0.00015
0.00015
0.00015
0.00015
0.00015
0.00015
0.00015
0.00015
0.00015
0.00015
0.00015
0.00015
0.00015
0.00015
0.00015
0.00015
0.00015
0.00015
0.00015
0.00015
0.00015
0.00015
0.00015
0.00015
0.00015
0.00015
0.00015
0.00015
0.00015
0.00015
0.00015
0.00015
0.00015
0.00015
0.00015
0.00015
0.00015
0.00015
0.00015
0.00015
0.00015
0.00015
0.00015
0.00015
0.00015
0.00015
0.00015
0.00015
0.00015
0.00015
0.00015
0.00015
0.00015
0.00015
0.00015
0.00015
0.00015
0.00015
0.00015
0.00015
0.00015
0.00015
0.00015
0.00015
0.00015
0.00015
0.00015
0.00015
0.00015
0.00015
0.00015
0.00015
0.00015
0.00015
0.00015
0.00015
0.00015
0.00015
0.00015
0.00015
0.00015
0.00015
0.00015
0.00015
0.00015
0.00015
0.00015
0.00015
0.00015
0.00015
0.00015
0.00015
0.00015
0.00015
0.00015
0.00015
0.00015
0.00015
0.00015
0.00015
0.00015
0.00015
0.00015
0.00015
0.00015
0.00015
0.00015
0.00015
0.00015
0.00015
0.00015
0.00015
0.00015
0.00015
0.00015
0.00015
0.00015
0.00015
0.00015
0.00015
0.00015
0.00015
0.00015
0.00015
0.00015
0.00015
0.00015
0.00015
0.00015
0.00015
0.00015
0.00015
0.00015
0.00015
0.00015
0.00015
0.00015
0.00015
0.00015
0.00015
0.00015
0.00015
0.00015
0.00015
0.00015
0.00015
0.00015
0.00015
0.00015
0.00015
0.00015
0.00015
0.00015
0.00015
0.00015
0.00015
0.00015
0.00015
0.00015
0.00015
0.00015
0.00015
0.00015
0.00015
0.00015
0.00015
0.00015
0.00015
0.00015
0.00015
0.00015
0.00015
0.00015
0.00015
0.00015
0.00015
0.00015
0.00015
0.00015
0.00015
0.00015
0.00015
0.00015
0.00015
0.00015
0.00015
0.00015
0.00015
0.00015
0.00015
0.00015
0.00015
0.00015
0.00015
0.00015
0.00015
0.00015
0.00015
0.00015
0.00015
0.00015
0.00015
0.00015
0.00015
0.00015
0.00015
0.00015
0.00015
0.00015
0.00015
0.00015
0.00015
0.00015
0.00015
0.00015
0.00015
0.00015
0.00015
0.00015
0.00015
0.00015
0.00015
0.00015
0.00015
0.00015
0.00015
0.00015
0.00015
0.00015
0.00015
0.00015
0.00015
0.00015
0.00015
0.00015
0.00015
0.00015
0.00015
0.00015
0.00015
0.00015
0.00015
0.00015
0.00015
0.00015
0.00015
0.00015
0.00015
0.00015
0.00015
0.00015
0.00015
0.00015
0.00015
0.00015
0.00015
0.00015
0.00015
0.00015
0.00015
0.00015
0.00015
0.00015
0.00015
0.00015
0.00015
0.00015
0.00015
0.00015
0.00015
0.00015
0.00015
0.00015
0.00015
0.00015
0.00015
0.00015
0.00015
0.00015
0.00015
0.00015
0.00015
0.00015
0.00015
0.00015
0.00015
0.00015
0.00015
0.00015
0.00015
0.00015
0.00015
0.00015
0.00015
0.00015
0.00015
0.00015
0.00015
0.00015
0.00015
0.00015
0.00015
0.00015
0.00015
0.00015
0.00015
0.00015
0.00015
0.00015
0.00015
0.00015
0.00015
0.00015
0.00015
0.00015
0.00015
0.00015
0.00015
0.00015
0.00015
0.00015
0.00015
0.00015
0.00015
0.00015
0.00015
0.00015
0.00015
0.00015
0.00015
0.00015
0.00015
0.00015
0.00015
0.00015
0.00015
0.00015
0.00015
0.00015
0.00015
0.00015
0.00015
0.00015
0.00015
0.00015
0.00015
0.00015
0.00015
0.00015
0.00015
0.00015
0.00015
0.00015
0.00015
0.00015
0.00015
0.00015
0.00015
0.00015
0.00015
0.00015
0.00015
0.00015
0.00015
0.00015
0.00015
0.00015
0.00015
0.00015
0.00015
0.00015
0.00015
0.00015
0.00015
0.00015
0.00015
0.00015
0.00015
0.00015
0.00015
0.00015
0.00015
0.00015
0.00015
0.00015
0.00015
0.00015
0.00015
0.00015
0.00015
0.00015
0.00015
0.00015
0.00015
0.00015
0.00015
0.00015
0.00015
0.00015
0.00015
0.00015
0.00015
0.00015
0.00015
0.00015
0.00015
0.00015
0.00015
0.00015
0.00015
0.00015
0.00015
0.00015
0.00015
0.00015
0.00015
0.00015
0.00015
0.00015
0.00015
0.00015
0.00015
0.00015
0.00015
0.00015
0.00015
0.00015
0.00015
0.00015
0.00015
0.00015
0.00015
0.00015
0.00015
0.00015
0.00015
0.00015
0.00015
0.00015
0.00015
0.00015
0.00015
0.00015
0.00015
0.00015
0.00015
0.00015
0.00015
0.00015
0.00015
0.00015
0.00015
0.00015
0.00015
0.00015
0.00015
0.00015
0.00015
0.00015
0.00015
0.00015
0.00015
0.00015
0.00015
0.00015
0.00015
0.00015
0.00015
0.00015
0.00015
0.00015
0.00015
0.00015
0.00015
0.00015
0.00015
0.00015
0.00015
0.00015
0.00015
0.00015
0.00015
0.00015
0.00015
0.00015
0.00015
0.00015
0.00015
0.00015
0.00015
0.00015
0.00015
0.00015
0.00015
0.00015
0.00015
0.00015
0.00015
0.00015
0.00015
0.00015
0.00015
0.00015
0.00015
0.00015
0.00015
0.00015
0.00015
0.00015
0.00015
0.00015
0.00015
0.00015
0.00015
0.00015
0.00015
0.00015
0.00015
0.00015
0.00015
0.00015
0.00015
0.00015
0.00015
0.00015
0.00015
0.00015
0.00015
0.00015
0.00015
0.00015
0.00015
0.00015
0.00015
0.00015
0.00015
0.00015
0.00015
0.00015
0.00015
0.00015
0.00015
0.00015
0.00015
0.00015
0.00015
0.00015
0.00015
0.00015
0.00015
0.00015
0.00015
0.00015
0.00015
0.00015
0.00015
0.00015
0.00015
0.00015
0.00015
0.00015
0.00015
0.00015
0.00015
0.00015
0.00015
0.00015
0.00015
0.00015
0.00015
0.00015
0.00015
0.00015
0.00015
0.00015
0.00015
0.00015
0.00015
0.00015
0.00015
0.00015
0.00015
0.00015
0.00015
0.00015
0.00015
0.00015
0.00015
0.00015
0.00015

SCALARS mass float 1
LOOKUP_TABLE default
3.95841e-09
3.95841e-09
3.95841e-09
3.95841e-09
3.95841e-09
3.95841e-09
3.95841e-09
3.95841e-09
3.95841e-09
3.95841e-09
3.95841e-09
3.95841e-09
3.95841e-09
3.95841e-09
3.95841e-09
3.95841e-09
3.95841e-09
3.95841e-09
3.95841e-09
3.95841e-09
3.95841e-09
3.95841e-09
3.95841e-09
3.95841e-09
3.95841e-09
3.95841e-09
3.95841e-09
3.95841e-09
3.95841e-09
3.95841e-09
3.95841e-09
3.95841e-09
3.95841e-09
3.95841e-09
3.95841e-09
3.95841e-09
3.95841e-09
3.95841e-09
3.95841e-09
3.95841e-09
3.95841e-09
3.95841e-09
3.95841e-09
3.95841e-09
3.95841e-09
3.95841e-09
3.95841e-09
3.95841e-09
3.95841e-09
3.95841e-09
3.95841e-09
3.95841e-09
3.95841e-09
3.95841e-09
3.95841e-09
3.95841e-09
3.95841e-09
3.95841e-09
3.95841e-09
3.95841e-09
3.95841e-09
3.95841e-09
3.95841e-09
3.95841e-09
3.95841e-09
3.95841e-09
3.95841e-09
3.95841e-09
3.95841e-09
3.95841e-09
3.95841e-09
3.95841e-09
3.95841e-09
3.95841e-09
3.95841e-09
3.95841e-09
3.95841e-09
3.95841e-09
3.95841e-09
3.95841e-09
3.95841e-09
3.95841e-09
3.95841e-09
3.95841e-09
3.95841e-09
3.95841e-09
3.95841e-09
3.95841e-09
3.95841e-09
3.95841e-09
3.95841e-09
3.95841e-09
3.95841e-09
3.95841e-09
3.95841e-09
3.95841e-09
3.95841e-09
3.95841e-09
3.95841e-09
3.95841e-09
3.95841e-09
3.95841e-09
3.95841e-09
3.95841e-09
3.95841e-09
3.95841e-09
3.95841e-09
3.95841e-09
3.95841e-09
3.95841e-09
3.95841e-09
3.95841e-09
3.95841e-09
3.95841e-09
3.95841e-09
3.95841e-09
3.95841e-09
3.95841e-09
3.95841e-09
3.95841e-09
3.95841e-09
3.95841e-09
3.95841e-09
3.95841e-09
3.95841e-09
3.95841e-09
3.95841e-09
3.95841e-09
3.95841e-09
3.95841e-09
3.95841e-09
3.95841e-09
3.95841e-09
3.95841e-09
3.95841e-09
3.95841e-09
3.95841e-09
3.95841e-09
3.95841e-09
3.95841e-09
3.95841e-09
3.95841e-09
3.95841e-09
3.95841e-09
3.95841e-09
3.95841e-09
3.95841e-09
3.95841e-09
3.95841e-09
3.95841e-09
3.95841e-09
3.95841e-09
3.95841e-09
3.95841e-09
3.95841e-09
3.95841e-09
3.95841e-09
3.95841e-09
3.95841e-09
3.95841e-09
3.95841e-09
3.95841e-09
3.95841e-09
3.95841e-09
3.95841e-09
3.95841e-09
3.95841e-09
3.95841e-09
3.95841e-09
3.95841e-09
3.95841e-09
3.95841e-09
3.95841e-09
3.95841e-09
3.95841e-09
3.95841e-09
3.95841e-09
3.95841e-09
3.95841e-09
3.95841e-09
3.95841e-09
3.95841e-09
3.95841e-09
3.95841e-09
3.95841e-09
3.95841e-09
3.95841e-09
3.95841e-09
3.95841e-09
3.95841e-09
3.95841e-09
3.95841e-09
3.95841e-09
3.95841e-09
3.95841e-09
3.95841e-09
3.95841e-09
3.95841e-09
3.95841e-09
3.95841e-09
3.95841e-09
3.95841e-09
3.95841e-09
3.95841e-09
3.95841e-09
3.95841e-09
3.95841e-09
3.95841e-09
3.95841e-09
3.95841e-09
3.95841e-09
3.95841e-09
3.95841e-09
3.95841e-09
3.95841e-09
3.95841e-09
3.95841e-09
3.95841e-09
3.95841e-09
3.95841e-09
3.95841e-09
3.95841e-09
3.95841e-09
3.95841e-09
3.95841e-09
3.95841e-09
3.95841e-09
3.95841e-09
3.95841e-09
3.95841e-09
3.95841e-09
3.95841e-09
3.95841e-09
3.95841e-09
3.95841e-09
3.95841e-09
3.95841e-09
3.95841e-09
3.95841e-09
3.95841e-09
3.95841e-09
3.95841e-09
3.95841e-09
3.95841e-09
3.95841e-09
3.95841e-09
3.95841e-09
3.95841e-09
3.95841e-09
3.95841e-09
3.95841e-09
3.95841e-09
3.95841e-09
3.95841e-09
3.95841e-09
3.95841e-09
3.95841e-09
3.95841e-09
3.95841e-09
3.95841e-09
3.95841e-09
3.95841e-09
3.95841e-09
3.95841e-09
3.95841e-09
3.95841e-09
3.95841e-09
3.95841e-09
3.95841e-09
3.95841e-09
3.95841e-09
3.95841e-09
3.95841e-09
3.95841e-09
3.95841e-09
3.95841e-09
3.95841e-09
3.95841e-09
3.95841e-09
3.95841e-09
3.95841e-09
3.95841e-09
3.95841e-09
3.95841e-09
3.95841e-09
3.95841e-09
3.95841e-09
3.95841e-09
3.95841e-09
3.95841e-09
3.95841e-09
3.95841e-09
3.95841e-09
3.95841e-09
3.95841e-09
3.95841e-09
3.95841e-09
3.95841e-09
3.95841e-09
3.95841e-09
3.95841e-09
3.95841e-09
3.95841e-09
3.95841e-09
3.95841e-09
3.95841e-09
3.95841e-09
3.95841e-09
3.95841e-09
3.95841e-09
3.95841e-09
3.95841e-09
3.95841e-09
3.95841e-09
3.95841e-09
3.95841e-09
3.95841e-09
3.95841e-09
3.95841e-09
3.95841e-09
3.95841e-09
3.95841e-09
3.95841e-09
3.95841e-09
3.95841e-09
3.95841e-09
3.95841e-09
3.95841e-09
3.95841e-09
3.95841e-09
3.95841e-09
3.95841e-09
3.95841e-09
3.95841e-09
3.95841e-09
3.95841e-09
3.95841e-09
3.95841e-09
3.95841e-09
3.95841e-09
3.95841e-09
3.95841e-09
3.95841e-09
3.95841e-09
3.95841e-09
3.95841e-09
3.95841e-09
3.95841e-09
3.95841e-09
3.95841e-09
3.95841e-09
3.95841e-09
3.95841e-09
3.95841e-09
3.95841e-09
3.95841e-09
3.95841e-09
3.95841e-09
3.95841e-09
3.95841e-09
3.95841e-09
3.95841e-09
3.95841e-09
3.95841e-09
3.95841e-09
3.95841e-09
3.95841e-09
3.95841e-09
3.95841e-09
3.95841e-09
3.95841e-09
3.95841e-09
3.95841e-09
3.95841e-09
3.95841e-09
3.95841e-09
3.95841e-09
3.95841e-09
3.95841e-09
3.95841e-09
3.95841e-09
3.95841e-09
3.95841e-09
3.95841e-09
3.95841e-09
3.95841e-09
3.95841e-09
3.95841e-09
3.95841e-09
3.95841e-09
3.95841e-09
3.95841e-09
3.95841e-09
3.95841e-09
3.95841e-09
3.95841e-09
3.95841e-09
3.95841e-09
3.95841e-09
3.95841e-09
3.95841e-09
3.95841e-09
3.95841e-09
3.95841e-09
3.95841e-09
3.95841e-09
3.95841e-09
3.95841e-09
3.95841e-09
3.95841e-09
3.95841e-09
3.95841e-09
3.95841e-09
3.95841e-09
3.95841e-09
3.95841e-09
3.95841e-09
3.95841e-09
3.95841e-09
3.95841e-09
3.95841e-09
3.95841e-09
3.95841e-09
3.95841e-09
3.95841e-09
3.95841e-09
3.95841e-09
3.95841e-09
3.95841e-09
3.95841e-09
3.95841e-09
3.95841e-09
3.95841e-09
3.95841e-09
3.95841e-09
3.95841e-09
3.95841e-09
3.95841e-09
3.95841e-09
3.95841e-09
3.95841e-09
3.95841e-09
3.95841e-09
3.95841e-09
3.95841e-09
3.95841e-09
3.95841e-09
3.95841e-09
3.95841e-09
3.95841e-09
3.95841e-09
3.95841e-09
3.95841e-09
3.95841e-09
3.95841e-09
3.95841e-09
3.95841e-09
3.95841e-09
3.95841e-09
3.95841e-09
3.95841e-09
3.95841e-09
3.95841e-09
3.95841e-09
3.95841e-09
3.95841e-09
3.95841e-09
3.95841e-09
3.95841e-09
3.95841e-09
3.95841e-09
3.95841e-09
3.95841e-09
3.95841e-09
3.95841e-09
3.95841e-09
3.95841e-09
3.95841e-09
3.95841e-09
3.95841e-09
3.95841e-09
3.95841e-09
3.95841e-09
3.95841e-09
3.95841e-09
3.95841e-09
3.95841e-09
3.95841e-09
3.95841e-09
3.95841e-09
3.95841e-09
3.95841e-09
3.95841e-09
3.95841e-09
3.95841e-09
3.95841e-09
3.95841e-09
3.95841e-09
3.95841e-09
3.95841e-09
3.95841e-09
3.95841e-09
3.95841e-09
3.95841e-09
3.95841e-09
3.95841e-09
3.95841e-09
3.95841e-09
3.95841e-09
3.95841e-09
3.95841e-09
3.95841e-09
3.95841e-09
3.95841e-09
3.95841e-09
3.95841e-09
3.95841e-09
3.95841e-09
3.95841e-09
3.95841e-09
3.95841e-09
3.95841e-09
3.95841e-09
3.95841e-09
3.95841e-09
3.95841e-09
3.95841e-09
3.95841e-09
3.95841e-09
3.95841e-09
3.95841e-09
3.95841e-09
3.95841e-09
3.95841e-09
3.95841e-09
3.95841e-09
3.95841e-09
3.95841e-09
3.95841e-09
3.95841e-09
3.95841e-09
3.95841e-09
3.95841e-09
3.95841e-09
3.95841e-09
3.95841e-09
3.95841e-09
3.95841e-09
3.95841e-09
3.95841e-09
3.95841e-09
3.95841e-09
3.95841e-09
3.95841e-09
3.95841e-09
3.95841e-09
3.95841e-09
3.95841e-09
3.95841e-09
3.95841e-09
3.95841e-09
3.95841e-09
3.95841e-09
3.95841e-09
3.95841e-09
3.95841e-09
3.95841e-09
3.95841e-09
3.95841e-09
3.95841e-09
3.95841e-09
3.95841e-09
3.95841e-09
3.95841e-09
3.95841e-09
3.95841e-09
3.95841e-09
3.95841e-09
3.95841e-09
3.95841e-09
3.95841e-09
3.95841e-09
3.95841e-09
3.95841e-09
3.95841e-09
3.95841e-09
3.95841e-09
3.95841e-09
3.95841e-09
3.95841e-09
3.95841e-09
3.95841e-09
3.95841e-09
3.95841e-09
3.95841e-09
3.95841e-09
3.95841e-09
3.95841e-09
3.95841e-09
3.95841e-09
3.95841e-09
3.95841e-09
3.95841e-09
3.95841e-09
3.95841e-09
3.95841e-09
3.95841e-09
3.95841e-09
3.95841e-09
3.95841e-09
3.95841e-09
3.95841e-09
3.95841e-09
3.95841e-09
3.95841e-09
3.95841e-09
3.95841e-09
3.95841e-09
3.95841e-09
3.95841e-09
3.95841e-09
3.95841e-09
3.95841e-09
3.95841e-09
3.95841e-09
3.95841e-09
3.95841e-09
3.95841e-09
3.95841e-09
3.95841e-09
3.95841e-09
3.95841e-09
3.95841e-09
3.95841e-09
3.95841e-09
3.95841e-09
3.95841e-09
3.95841e-09
3.95841e-09
3.95841e-09
3.95841e-09
3.95841e-09
3.95841e-09
3.95841e-09
3.95841e-09
3.95841e-09
3.95841e-09
3.95841e-09
3.95841e-09
3.95841e-09
3.95841e-09
3.95841e-09
3.95841e-09
3.95841e-09
3.95841e-09
3.95841e-09
3.95841e-09
3.95841e-09
3.95841e-09
3.95841e-09
3.95841e-09
3.95841e-09
3.95841e-09
3.95841e-09
3.95841e-09
3.95841e-09
3.95841e-09
3.95841e-09
3.95841e-09
3.95841e-09
3.95841e-09
3.95841e-09
3.95841e-09
3.95841e-09
3.95841e-09
3.95841e-09
3.95841e-09
3.95841e-09
3.95841e-09
3.95841e-09
3.95841e-09
3.95841e-09
3.95841e-09
3.95841e-09
3.95841e-09
3.95841e-09
3.95841e-09
3.95841e-09
3.95841e-09
3.95841e-09
3.95841e-09
3.95841e-09
3.95841e-09
3.95841e-09
3.95841e-09
3.95841e-09
3.95841e-09
3.95841e-09
3.95841e-09
3.95841e-09
3.95841e-09
3.95841e-09
3.95841e-09
3.95841e-09
3.95841e-09
3.95841e-09
3.95841e-09
3.95841e-09
3.95841e-09
3.95841e-09
3.95841e-09
3.95841e-09
3.95841e-09
3.95841e-09
3.95841e-09
3.95841e-09
3.95841e-09
3.95841e-09
3.95841e-09
3.95841e-09
3.95841e-09
3.95841e-09
3.95841e-09
3.95841e-09
3.95841e-09
3.95841e-09
3.95841e-09
3.95841e-09
3.95841e-09
3.95841e-09
3.95841e-09
3.95841e-09
3.95841e-09
3.95841e-09
3.95841e-09
3.95841e-09
3.95841e-09
3.95841e-09
3.95841e-09
3.95841e-09
3.95841e-09
3.95841e-09
3.95841e-09
3.95841e-09
3.95841e-09
3.95841e-09
3.95841e-09
3.95841e-09
3.95841e-09
3.95841e-09
3.95841e-09
3.95841e-09
3.95841e-09
3.95841e-09
3.95841e-09
3.95841e-09
3.95841e-09
3.95841e-09
3.95841e-09
3.95841e-09
3.95841e-09
3.95841e-09
3.95841e-09
3.95841e-09
3.95841e-09
3.95841e-09
3.95841e-09
3.95841e-09
3.95841e-09
3.95841e-09
3.95841e-09
3.95841e-09
3.95841e-09
3.95841e-09
3.95841e-09
3.95841e-09
3.95841e-09
3.95841e-09
3.95841e-09
3.95841e-09
3.95841e-09
3.95841e-09
3.95841e-09
3.95841e-09
3.95841e-09
3.95841e-09
3.95841e-09
3.95841e-09
3.95841e-09
3.95841e-09
3.95841e-09
3.95841e-09
3.95841e-09
3.95841e-09
3.95841e-09
3.95841e-09
3.95841e-09
3.95841e-09
3.95841e-09
3.95841e-09
3.95841e-09
3.95841e-09
3.95841e-09
3.95841e-09
3.95841e-09
3.95841e-09
3.95841e-09
3.95841e-09
3.95841e-09
3.95841e-09
3.95841e-09
3.95841e-09
3.95841e-09
3.95841e-09
3.95841e-09
3.95841e-09
3.95841e-09
3.95841e-09
3.95841e-09
3.95841e-09
3.95841e-09
3.95841e-09
3.95841e-09
3.95841e-09
3.95841e-09
3.95841e-09
3.95841e-09
3.95841e-09
3.95841e-09
3.95841e-09
3.95841e-09
3.95841e-09
3.95841e-09
3.95841e-09
3.95841e-09
3.95841e-09
3.95841e-09
3.95841e-09
3.95841e-09
3.95841e-09
3.95841e-09
3.95841e-09
3.95841e-09
3.95841e-09
3.95841e-09
3.95841e-09
3.95841e-09
3.95841e-09
3.95841e-09
3.95841e-09
3.95841e-09
3.95841e-09
3.95841e-09
3.95841e-09
3.95841e-09
3.95841e-09
3.95841e-09
3.95841e-09
3.95841e-09
3.95841e-09
3.95841e-09
3.95841e-09
3.95841e-09
3.95841e-09
3.95841e-09
3.95841e-09
3.95841e-09
3.95841e-09
3.95841e-09
3.95841e-09
3.95841e-09
3.95841e-09
3.95841e-09

VECTORS velocity float
2.12485e-11 5.28288e-12 1.16312e-11
1.78358e-13 8.71227e-14 -7.836e-14
7.41345e-16 -1.23994e-14 -1.27936e-14
-1.13397e-14 3.56378e-13 -1.28028e-13
-9.81474e-13 1.71774e-12 -7.55297e-14
-4.63597e-13 1.0532e-12 9.74354e-15
6.59853e-19 4.17399e-22 -5.0412e-16
7.70051e-13 1.15255e-12 -6.02995e-13
-1.27058e-12 1.25353e-12 -2.25786e-14
6.69308e-21 2.65082e-20 -4.27577e-20
-2.91771e-14 1.5471e-13 -4.59863e-14
-1.16826e-17 5.26791e-23 8.91957e-15
-3.17715e-13 1.67782e-13 -1.87137e-14
-1.33892e-13 2.84139e-13 -3.41e-13
-2.31671e-16 1.55533e-13 -6.61824e-14
-3.53612e-13 9.05747e-14 2.44847e-14
-5.5371e-13 7.89704e-13 4.74971e-14
-1.81647e-13 1.60271e-14 1.33205e-15
-2.31469e-14 3.81241e-14 -2.23973e-14
-1.33186e-14 2.13433e-14 -1.3208e-14
-3.78046e-13 -2.04843e-13 -2.91684e-13
-3.32142e-13 4.5725e-13 9.13448e-14
-1.32168e-12 9.77108e-13 1.84591e-14
1.41546e-13 -5.90457e-13 7.8452e-14
-6.38839e-14 3.21833e-14 1.5766e-14
1.29613e-12 1.41036e-12 -1.71007e-14
-1.46264e-13 -1.06478e-13 1.73054e-14
-4.95366e-13 5.4676e-13 -1.80519e-14
1.76002e-13 3.2764e-13 -8.58392e-16
-8.09482e-13 1.42932e-12 -5.52842e-14
-8.87781e-15 6.04208e-13 -1.18646e-14
5.28668e-13 5.4606e-13 -1.59194e-13
-1.08111e-13 -2.91962e-13 3.36578e-14
-1.7755e-12 1.24895e-12 4.62062e-13
-7.93094e-14 4.71969e-14 8.98392e-15
8.68926e-14 2.57966e-14 3.95617e-14
1.08831e-13 1.70488e-14 -2.17541e-14
-8.66754e-16 4.19616e-13 1.17084e-14
-1.04135e-18 -2.77469e-23 7.9519e-16
2.67589e-14 1.78461e-13 1.2988e-13
-7.22153e-14 2.34724e-13 -1.57997e-14
-1.09454e-12 1.00581e-12 -9.22171e-13
-1.09348e-12 1.70967e-12 -2.39543e-14
5.80875e-12 1.64656e-12 2.04851e-12
-3.33431e-13 3.89553e-13 -5.01298e-14
3.92652e-13 1.52014e-13 -9.0003e-14
1.40456e-14 -3.65359e-15 6.57405e-15
3.99269e-13 1.24176e-12 -9.98258e-14
1.02825e-12 3.89372e-13 9.43924e-14
-4.21826e-13 5.91477e-13 -1.17694e-13
-9.40289e-13 7.41554e-13 1.96364e-13
-2.49027e-13 2.60084e-13 -1.23127e-14
2.39654e-13 -3.23551e-14 2.98175e-15
1.04805e-14 -4.00415e-14 2.59473e-13
-1.01092e-12 7.4786e-13 -5.66386e-14
-6.2602e-14 1.63136e-13 -8.69019e-14
-3.04057e-13 -1.8513e-14 -3.0946e-14
-1.62864e-15 -7.50672e-13 2.78955e-14
-1.27806e-13 -2.78861e-14 3.97676e-15
2.93819e-14 2.50696e-14 1.31911e-14
1.14824e-13 -6.6775e-15 3.66823e-14
-6.35521e-14 6.08294e-15 -1.47736e-13
-2.5492e-13 6.32029e-13 -1.66595e-13
1.01227e-15 3.92318e-21 2.98741e-13
-4.88151e-13 3.45634e-13 -4.79131e-14
-7.22107e-16 -4.78919e-15 6.30728e-14
-1.44436e-13 2.54673e-13 -6.72858e-14
-3.02606e-13 1.58521e-12 -3.91535e-13
-2.15877e-13 6.43299e-14 7.39844e-14
4.40643e-14 5.54386e-14 6.07326e-15
-9.57278e-14 1.96954e-13 -8.43245e-14
-1.45065e-13 3.8171e-14 6.74552e-15
-8.34398e-13 1.72135e-12 -1.27415e-13
-3.93924e-12 1.06396e-12 -2.22533e-13
-5.08858e-13 1.02417e-12 -1.82078e-13
2.12081e-11 9.60593e-12 4.65484e-13
-3.56747e-13 4.24162e-13 1.27877e-13
1.0338e-12 1.75327e-13 -2.22992e-13
-1.3788e-19 -8.41804e-20 -3.16625e-19
-3.57909e-13 2.45745e-13 -5.41645e-14
9.55345e-14 3.65395e-13 3.29202e-15
-4.15689e-13 1.91128e-13 1.12473e-13
1.6631e-14 9.09547e-14 -1.90901e-14
-1.12999e-12 3.28405e-13 -6.41243e-13
4.68973e-13 7.12169e-14 6.5472e-14
-1.19072e-12 1.12226e-12 9.41762e-14
4.43585e-13 3.4738e-13 -9.44106e-14
-1.40268e-12 1.11236e-12 8.73426e-14
2.36608e-13 2.3916e-13 -2.35316e-13
-7.05317e-14 1.53856e-13 -6.67055e-14
2.55879e-14 -2.67013e-13 -7.02574e-14
-5.99554e-14 1.17276e-13 4.37995e-15
9.06154e-18 1.98609e-22 -6.9181e-15
-4.16128e-13 6.59946e-13 -2.5954e-13
-2.41949e-13 5.54419e-14 -2.41834e-14
-2.13327e-15 -1.41465e-14 1.86307e-13
1.05446e-14 -6.81381e-14 1.05513e-13
1.65766e-13 -1.87403e-13 -3.20999e-15
-5.09421e-14 -2.28398e-15 -3.92802e-14
-1.04593e-13 -7.93204e-14 -7.75211e-14
3.27302e-15 1.63075e-13 -6.86405e-14
-9.34756e-14 1.00576e-13 -4.91457e-14
-4.857e-13 2.25237e-13 -8.10793e-14
6.03229e-18 -1.96793e-21 -4.60544e-15
-1.91119e-13 2.07354e-13 1.46721e-14
-8.72089e-14 6.01687e-13 -4.45153e-15
3.71e-12 1.48267e-12 1.13471e-12
1.56556e-13 -1.49173e-13 1.98284e-14
8.7833e-13 4.22252e-13 -2.18888e-13
3.87103e-13 1.38431e-12 5.81413e-14
1.74507e-12 7.5082e-13 -5.94708e-14
5.14569e-13 9.22782e-13 1.49536e-13
9.67273e-14 4.16176e-14 1.06997e-13
-2.49855e-12 3.70258e-13 -7.34477e-13
-8.04998e-13 5.8233e-13 -2.47872e-13
1.46703e-12 1.71308e-12 9.04675e-13
-8.99992e-14 1.23246e-14 -2.05008e-14
-2.02524e-14 1.44583e-14 7.43711e-14
6.75562e-15 -2.6769e-14 1.24297e-14
2.13061e-14 3.13029e-13 -7.98976e-14
-2.59999e-13 1.48766e-13 9.1778e-14
-5.9379e-13 7.02129e-13 -7.01141e-14
-8.2584e-13 4.56643e-13 8.06549e-14
2.07247e-14 1.16029e-13 -1.7291e-14
9.82338e-13 6.93606e-14 2.04801e-13
2.21693e-14 7.60571e-14 -2.62891e-14
-8.03731e-14 5.94757e-13 2.11074e-13
6.34117e-13 1.00784e-12 -4.81977e-14
-1.43069e-13 4.05412e-13 2.52614e-14
3.65466e-13 2.90533e-13 -4.55759e-14
1.98566e-12 1.62807e-12 1.5461e-12
-4.20218e-13 2.69726e-13 6.41183e-14
-2.07108e-13 2.32828e-13 7.21237e-14
-9.43692e-13 9.7718e-13 1.25646e-13
-2.39849e-12 -1.34004e-13 1.80472e-13
-8.69866e-18 -1.7595e-22 6.6413e-15
3.48234e-13 4.61524e-13 4.48563e-14
8.39952e-13 7.13678e-13 -9.72119e-14
-4.32583e-13 -6.73986e-14 -6.39813e-14
3.49682e-14 1.31953e-13 1.06139e-14
-5.41038e-13 4.53996e-13 -5.34264e-14
-3.87517e-13 1.24113e-13 -1.48989e-14
-2.21233e-13 4.96013e-13 -4.53174e-14
-1.80365e-12 1.64632e-12 1.80025e-13
-2.00722e-12 1.23169e-12 -3.52321e-13
-7.52278e-14 -2.18549e-14 -8.52826e-15
-1.129e-12 1.55524e-12 -1.68976e-14
-2.23676e-13 -1.23567e-13 -3.2887e-13
-1.11844e-17 -6.0741e-22 8.53937e-15
3.25377e-13 3.19044e-13 9.08415e-14
-2.52926e-13 1.67615e-13 -6.6699e-14
-4.35207e-13 4.88994e-13 -1.2122e-13
-1.54478e-12 1.59606e-12 -1.93834e-13
7.29181e-14 -7.6882e-15 -1.29234e-14
2.012e-12 1.78296e-13 2.56258e-13
-6.2753e-13 6.17629e-14 8.43214e-14
-6.05652e-13 3.49369e-14 4.05716e-13
-2.06448e-13 -3.83111e-13 8.19155e-14
-1.55975e-18 -1.18511e-22 1.19087e-15
-3.4683e-14 1.10992e-14 -1.70732e-14
1.59845e-12 6.45871e-13 -9.83255e-14
-8.08927e-13 4.61662e-13 2.0571e-13
-7.97495e-14 1.64157e-12 7.34921e-14
-4.93584e-13 -2.51083e-13 -1.54235e-13
-2.77635e-12 -3.42015e-13 1.12914e-12
-2.20713e-12 1.1474e-12 1.15768e-13
-9.24401e-13 3.96677e-13 1.25966e-13
8.45948e-13 -1.85873e-12 -5.41335e-13
3.05058e-14 -6.70145e-14 -6.84838e-15
-7.87618e-13 1.9188e-12 -1.82428e-12
3.95895e-14 1.19657e-13 -4.89964e-14
6.28488e-14 5.75765e-14 -1.41071e-14
-1.5798e-13 -2.22734e-13 9.65715e-14
-1.16925e-12 1.70227e-12 -4.99063e-13
-1.75678e-13 9.99133e-13 -1.97714e-13
-2.8619e-13 3.04594e-13 2.89413e-14
2.65847e-14 1.11322e-13 6.87754e-15
4.28976e-14 5.72179e-14 -3.81791e-14
-7.06859e-12 -1.1613e-12 -1.41171e-12
-5.19154e-14 -6.67364e-14 -7.06221e-15
1.14532e-13 4.13942e-13 -1.42004e-13
-6.3212e-13 2.47289e-13 -4.95092e-14
-1.09978e-12 1.3383e-12 -1.32762e-13
-1.8362e-13 -2.16514e-14 1.22733e-14
-3.94682e-13 1.93778e-13 -1.20602e-13
-1.57593e-12 1.01908e-12 7.7029e-14
-3.22013e-13 1.60648e-13 1.81237e-13
-3.34278e-13 5.1334e-13 -5.47759e-14
-3.79206e-13 1.00182e-12 -4.24817e-14
-6.70019e-14 -5.12758e-14 3.12332e-13
-2.77055e-13 1.97006e-13 -2.83345e-15
-1.86133e-14 -1.76037e-13 -1.22068e-13
-2.79477e-13 4.27522e-13 -1.32173e-14
-5.92785e-13 4.04802e-13 9.44565e-14
2.34154e-12 6.81104e-13 -1.07218e-14
-2.23989e-13 3.26505e-13 5.54433e-14
-7.87335e-14 2.85509e-13 3.57083e-14
-2.19175e-11 7.60925e-13 -6.08008e-12
-1.83095e-12 1.65842e-12 1.93753e-13
-9.43429e-15 -5.58219e-14 5.99906e-16
-4.27014e-13 2.52766e-13 -2.28581e-14
-4.53009e-14 2.33797e-13 -1.21808e-14
-2.79235e-13 2.04768e-13 1.43813e-13
-1.4312e-11 -1.15111e-13 -3.05574e-12
5.63817e-13 8.28684e-13 -8.68099e-14
-8.80883e-13 6.72597e-13 -5.70221e-14
-8.32897e-13 1.48169e-12 5.25436e-14
-9.36325e-13 1.28241e-12 9.86651e-14
-3.87541e-13 2.00195e-13 7.0051e-14
-1.59713e-13 4.87443e-13 -1.53367e-13
-4.18257e-12 1.49835e-12 -1.45122e-12
-1.23901e-12 1.22969e-12 2.61554e-14
5.22134e-13 1.04356e-12 -1.32046e-13
1.33189e-13 2.27636e-13 -5.401e-15
1.07829e-17 -4.55554e-20 -8.23289e-15
-9.29713e-13 7.94485e-13 1.24007e-13
3.19558e-13 5.53161e-13 -6.41046e-14
9.40551e-13 4.00761e-13 3.80165e-13
-3.99258e-13 8.6506e-13 6.80537e-14
-1.07599e-12 1.05638e-12 -3.41736e-13
1.85893e-14 5.62493e-13 -5.96111e-14
1.17154e-13 1.04496e-12 5.74178e-14
-8.81949e-13 9.8853e-13 5.60416e-14
-5.4218e-14 4.36331e-13 -1.10552e-13
1.16914e-12 -6.39963e-13 -4.39697e-13
-1.1184e-17 -2.81282e-22 8.53937e-15
3.63565e-13 1.42154e-12 2.76043e-13
9.08088e-18 1.05413e-21 -6.93359e-15
-4.36599e-13 8.82166e-13 -1.34191e-13
-2.85936e-12 -5.05869e-13 3.11872e-13
6.34727e-13 9.2156e-14 -6.87391e-14
-3.23919e-15 2.15468e-14 2.81605e-13
-2.45026e-12 1.19933e-13 -1.39528e-13
-2.90604e-13 3.74041e-13 1.13291e-13
-1.33948e-12 1.66211e-12 -1.79516e-13
-2.6383e-13 -2.63663e-16 1.31057e-13
5.53535e-20 -1.24815e-19 -3.90808e-19
1.7968e-13 6.33667e-14 -1.24206e-13
1.72654e-13 2.60301e-13 -4.99199e-14
-2.8071e-13 2.55917e-13 -5.19391e-14
-2.89659e-12 1.46601e-12 1.276e-12
-1.93984e-13 7.91039e-14 3.97797e-14
-8.67575e-13 2.29974e-13 -5.44211e-14
1.54236e-12 5.57325e-13 2.52817e-13
6.06888e-13 -2.96981e-13 5.34672e-14
-2.13321e-15 -1.41465e-14 1.86307e-13
-5.6387e-13 1.53171e-12 -2.1066e-13
-7.82858e-13 2.69113e-13 -8.66282e-14
6.47024e-13 4.84879e-13 1.41773e-13
-6.13393e-13 8.72645e-13 -1.82526e-13
2.22106e-14 1.0344e-12 9.42327e-15
3.56473e-15 1.90828e-14 -2.18296e-13
-6.59459e-14 1.409e-15 8.63559e-15
2.915e-13 2.60264e-13 -1.17052e-13
-1.6183e-12 1.48805e-12 1.75884e-13
-7.76292e-14 2.76815e-13 7.31089e-14
6.03117e-18 -3.68893e-22 -4.60544e-15
-4.54256e-13 6.77488e-13 -9.66585e-13
-2.05233e-13 -4.43457e-13 -3.07684e-13
1.33988e-12 8.38569e-13 -7.80107e-14
4.87551e-13 -4.18236e-14 1.57783e-13
2.04804e-13 -1.46785e-13 6.84578e-14
6.75282e-13 5.54042e-13 3.56499e-14
5.13144e-13 5.1057e-13 -3.81587e-14
6.11326e-12 -7.69083e-12 -6.21131e-12
-8.35024e-13 9.8041e-14 -8.71514e-14
-8.73843e-13 5.38152e-13 1.0908e-13
-2.29585e-12 -2.49882e-14 -3.12031e-13
2.24285e-13 3.61381e-13 -6.84919e-14
2.59459e-13 3.64669e-13 -3.91712e-14
-1.36619e-13 4.73383e-13 -1.95825e-13
9.81156e-13 -3.49753e-13 1.88368e-14
-1.77658e-12 1.38925e-12 -7.75142e-13
-1.68841e-12 7.97077e-13 -1.82277e-13
4.0398e-12 1.72179e-12 -9.14548e-13
-2.93529e-13 1.59332e-12 3.54849e-13
2.08881e-13 1.24105e-14 9.31012e-15
-8.18979e-12 7.76954e-13 -2.44081e-12
-9.1676e-13 1.06354e-12 2.74908e-13
1.34616e-12 4.51181e-13 -2.18058e-13
-2.86328e-13 5.77771e-13 -9.81052e-14
-2.11929e-12 1.40296e-12 6.85938e-14
-8.60943e-13 5.08821e-13 -1.16854e-13
-4.7734e-13 2.05838e-13 5.55565e-14
2.76687e-13 -1.68178e-12 -1.72427e-12
-2.84547e-13 1.51361e-12 -1.78242e-14
1.25659e-12 1.05905e-12 -1.07801e-12
-2.21495e-12 1.72665e-12 4.63532e-13
6.6531e-13 2.4098e-13 -4.0774e-14
-8.62189e-14 4.17905e-16 -1.05851e-14
8.79688e-14 1.38203e-13 1.65236e-13
-2.40795e-13 3.52906e-13 -5.75304e-14
-4.02159e-12 -4.85009e-13 -4.75967e-13
-6.71331e-13 9.07574e-13 8.89496e-14
-6.29067e-13 8.44094e-13 4.69924e-14
-7.95626e-15 -4.36505e-16 -1.20191e-14
6.9889e-14 6.27881e-13 -1.76265e-13
2.47955e-13 3.2115e-13 2.61002e-14
-2.92336e-13 2.89418e-13 -2.60609e-13
7.64406e-13 -3.90158e-13 4.77981e-14
-1.47362e-13 2.20039e-13 2.34564e-14
8.09753e-15 -2.33598e-13 -7.48906e-14
3.31934e-13 1.0746e-12 -2.08819e-13
-4.87826e-13 4.73918e-13 -4.31896e-14
5.44942e-13 1.46398e-13 -2.08972e-13
-1.3182e-12 1.66488e-12 -1.09376e-13
-4.27774e-13 1.07394e-12 -1.08078e-13
-2.40358e-13 1.46693e-13 -3.63101e-14
-9.53664e-13 1.67711e-12 -5.90112e-14
-1.9188e-13 1.21703e-12 6.25858e-14
-1.56729e-13 -1.43072e-13 5.02821e-13
-6.86537e-13 1.16859e-12 4.48896e-14
5.40257e-14 1.33827e-14 4.02443e-14
-1.01392e-12 5.19386e-13 -1.76101e-13
-3.50275e-13 1.0007e-12 -8.489e-15
-2.36211e-13 9.35304e-13 -9.38962e-13
-4.28998e-13 1.2752e-13 2.4801e-13
-5.54033e-14 5.65426e-13 1.12513e-13
-1.20438e-12 9.69555e-13 1.15909e-13
-1.85998e-13 1.45765e-13 -8.59284e-14
-2.60651e-12 1.4362e-12 -1.05748e-12
2.81247e-13 -8.28829e-13 -3.91464e-13
-5.4096e-12 -1.98713e-13 3.79932e-14
-1.13168e-13 -5.2069e-14 1.36404e-13
-6.12193e-15 2.3728e-13 -9.13492e-14
-4.01206e-12 1.14821e-12 -9.35452e-13
-4.34221e-13 4.49623e-13 -7.19858e-14
-1.47973e-12 1.53032e-12 -2.05817e-13
7.20593e-13 1.42267e-13 -1.48519e-13
2.69966e-13 6.91323e-13 -5.72015e-14
-6.52673e-13 1.121e-12 1.55517e-14
3.59617e-13 1.03824e-12 -4.2553e-15
7.19963e-14 -4.67823e-13 -7.54862e-15
-1.50751e-13 -4.60051e-13 -7.24839e-14
-6.75235e-12 -1.74337e-12 -1.46756e-12
-6.83403e-13 2.52589e-13 -1.25977e-13
3.20669e-12 5.2073e-13 -9.29195e-13
2.73956e-13 4.81604e-14 -3.9824e-13
-9.46233e-18 1.04196e-21 7.22451e-15
2.88687e-12 8.0619e-13 -7.34499e-14
-5.40795e-13 1.22246e-12 1.12107e-15
2.88717e-13 1.44601e-13 1.87521e-14
-6.53889e-13 5.85719e-14 -1.686e-13
1.1623e-13 1.64859e-12 1.37681e-13
-1.43065e-12 1.47714e-12 -7.07891e-13
5.12981e-13 6.85172e-13 -1.63967e-13
-1.52151e-13 9.22961e-13 -3.22904e-14
-8.51754e-13 1.29616e-12 5.04027e-14
6.00053e-13 9.86719e-13 3.31287e-13
1.10139e-12 -6.67248e-13 -3.90337e-13
-2.72749e-15 -6.49969e-14 2.80781e-13
-6.20409e-12 4.84911e-13 -3.64933e-13
-4.83598e-13 5.82808e-13 -3.1638e-13
-2.92417e-13 8.40994e-13 2.19714e-13
-4.36698e-14 3.99554e-14 8.04224e-15
-2.04818e-17 8.32667e-14 2.74514e-13
-5.69455e-14 1.44732e-12 1.40265e-14
1.51276e-12 -1.05701e-12 -1.73459e-14
-5.14221e-14 1.15117e-14 -1.24296e-14
1.88606e-12 1.12558e-12 -4.23527e-13
-1.04366e-12 1.01073e-12 1.31937e-13
-5.09868e-20 1.54183e-20 -2.69946e-19
-7.41092e-13 8.5563e-13 1.60473e-13
7.00664e-15 -1.0426e-12 1.43765e-13
-1.08641e-12 1.68892e-12 -6.67587e-13
-8.7255e-13 2.87614e-13 -1.65243e-13
-1.29769e-12 5.25631e-13 -2.37275e-13
-1.10381e-12 1.09055e-12 -3.87198e-13
-7.86353e-13 4.86516e-13 1.23965e-13
-5.17745e-13 1.5823e-13 8.24004e-14
2.49184e-13 -6.10479e-13 1.5674e-13
-4.79071e-13 3.99935e-13 6.4942e-13
7.04854e-13 6.26126e-13 -3.24322e-14
-9.00329e-14 5.44288e-13 1.04549e-13
-8.89351e-13 1.56125e-12 -7.89061e-13
1.90746e-13 4.46955e-13 -1.37796e-13
-7.60694e-13 1.3034e-13 7.89348e-14
-2.14479e-12 7.6502e-13 -2.7082e-13
8.89116e-14 -5.4137e-14 -2.19185e-13
-1.54999e-13 2.72889e-13 2.36203e-13
1.61713e-11 -7.89519e-12 -1.03272e-11
4.49713e-13 1.37304e-13 1.50333e-13
-9.47109e-14 7.5197e-13 -1.53292e-13
-6.42527e-13 2.68987e-13 -6.80626e-14
-7.5028e-13 6.14866e-13 6.51708e-14
-8.97144e-13 1.27643e-12 2.79126e-14
-1.50114e-12 -7.15279e-13 2.85118e-13
-2.44766e-16 1.5596e-22 -7.22357e-14
-7.47085e-13 1.52456e-14 -4.58757e-13
2.76158e-12 -5.24391e-13 4.16996e-13
-1.23623e-13 1.18609e-13 -3.42393e-13
-3.14036e-13 1.52389e-12 -1.64359e-13
-4.24723e-13 1.05859e-12 5.14127e-14
-1.25866e-12 9.27997e-13 -2.32425e-13
-7.75987e-13 1.75288e-14 1.17294e-13
-1.06996e-12 1.62213e-12 -5.26036e-13
-7.16819e-13 1.62319e-12 -3.02362e-13
-1.34503e-12 8.46981e-13 4.79357e-14
5.45411e-13 1.81845e-13 7.2603e-14
3.34966e-13 4.51801e-13 -1.2406e-13
1.59691e-13 6.6755e-14 2.18291e-13
-7.18366e-13 3.05083e-13 2.34272e-13
7.69391e-13 8.3486e-13 -2.06648e-13
5.08722e-13 3.79272e-13 -1.0771e-13
1.68664e-12 -5.59315e-13 1.75848e-13
-8.50913e-13 3.6758e-13 3.3671e-13
5.52323e-18 2.2238e-20 -4.21679e-15
3.56254e-14 2.48193e-13 9.15319e-14
-1.19212e-11 -1.07262e-13 4.81212e-13
-4.27628e-14 4.4573e-14 -7.19649e-14
-4.09126e-13 1.11271e-12 5.54538e-14
-1.14877e-12 1.689e-12 4.74349e-13
-5.87978e-13 6.45191e-13 -1.16292e-13
9.0801e-13 -6.92672e-13 -3.40793e-13
-1.97962e-16 8.77394e-15 1.21578e-14
2.19398e-20 -3.57806e-21 1.06576e-20
-6.81292e-13 -8.017e-13 4.9704e-13
-4.46816e-13 7.2201e-13 -1.88613e-13
-1.35104e-13 7.55399e-13 -7.16478e-14
1.23388e-13 1.31634e-13 -5.74223e-14
-1.3242e-12 1.66742e-12 -2.77483e-13
-1.1104e-11 -3.77444e-13 -1.94933e-13
8.41283e-13 1.63543e-12 3.57503e-14
-1.02747e-12 1.39503e-13 -8.12583e-14
3.89805e-13 -2.86324e-13 -3.10533e-13
-3.39507e-13 6.62082e-13 -3.58058e-14
-5.01479e-13 2.40304e-13 -2.51658e-14
-6.612e-13 3.1365e-13 -9.44857e-14
-3.07495e-14 -5.3998e-15 9.79527e-15
-6.31744e-19 -1.2545e-19 4.82091e-16
4.03706e-13 4.55969e-13 3.37839e-14
7.84926e-13 5.28287e-13 2.44068e-14
1.27958e-12 6.94973e-13 -6.69373e-14
-5.47692e-13 1.32255e-12 5.72957e-13
8.93119e-13 3.85185e-13 -5.47496e-14
-2.78827e-13 2.79102e-13 1.62215e-13
-1.64722e-13 4.62671e-13 -7.01433e-14
3.24399e-13 4.66443e-13 -9.70501e-14
-5.164e-13 1.23666e-12 -6.16227e-13
5.81573e-13 -1.06368e-12 -2.29138e-13
-2.21217e-14 7.055e-13 -9.68953e-14
4.23732e-13 -1.9663e-13 -1.12358e-13
-3.01156e-13 4.32154e-13 1.77706e-13
-1.92742e-12 -3.21851e-13 -5.00419e-13
-2.34777e-13 1.05994e-12 4.67998e-15
6.80419e-14 -1.06772e-13 3.5495e-14
-3.13341e-13 1.5975e-12 -8.30973e-13
-5.77664e-12 -2.38853e-13 -5.7389e-14
1.52823e-15 -3.68196e-14 -1.58621e-13
-4.92094e-13 3.75755e-13 -2.41544e-13
2.73085e-15 6.18968e-15 3.89623e-14
-7.46078e-16 1.79853e-14 7.74819e-14
-2.96521e-13 1.41333e-12 -3.5594e-13
-2.7e-13 -2.38457e-13 -1.67355e-13
-1.69924e-12 4.53074e-13 2.77108e-13
-9.38791e-12 9.07327e-13 -8.27731e-13
-3.97426e-12 7.06782e-13 -3.87598e-13
-3.00648e-13 -2.40613e-14 4.19472e-14
-1.10502e-12 1.6257e-12 -4.91494e-14
2.5178e-13 -1.7133e-12 -4.77244e-13
2.42785e-12 1.64749e-12 -6.17623e-13
4.76459e-12 -1.92313e-12 2.22116e-13
2.66398e-13 3.41727e-13 2.94664e-14
1.31692e-13 8.94479e-14 2.20512e-14
1.30169e-12 -1.26152e-13 -1.70215e-14
1.90522e-12 7.6413e-13 -2.14346e-13
-2.74385e-12 1.10965e-12 -5.63138e-13
9.56783e-14 5.21695e-13 2.13503e-13
-3.90977e-13 4.12521e-13 3.53006e-13
1.24179e-12 8.99674e-13 2.74268e-13
-7.37819e-12 -1.63382e-12 -1.86292e-12
-1.86553e-12 1.61914e-12 -5.00453e-13
7.46953e-20 2.64121e-20 3.31787e-19
1.6043e-12 9.29696e-13 1.80358e-13
-1.30393e-12 1.05431e-13 -1.55554e-13
5.1127e-13 -2.02817e-13 1.85652e-13
2.28166e-12 -1.75324e-12 9.68025e-13
-2.18881e-12 -7.26864e-13 1.81044e-13
-4.14289e-13 2.05631e-13 -4.21849e-14
-2.13303e-15 -1.41467e-14 1.86308e-13
-3.11962e-12 -3.71751e-13 -2.25799e-13
-1.65208e-12 2.9352e-13 -1.03774e-13
2.10644e-13 6.0736e-13 -4.31044e-13
-1.44376e-15 -2.38879e-14 3.84496e-14
-1.63875e-12 1.55355e-12 2.35135e-13
-2.33743e-12 1.72044e-12 -1.54264e-13
-1.03313e-12 1.13437e-12 3.16883e-13
1.66338e-14 3.05162e-14 1.82237e-13
-5.4765e-12 -7.29509e-12 1.46757e-12
-4.09491e-13 5.01079e-13 2.15769e-13
-1.76425e-12 1.62379e-12 -4.45672e-13
-2.8162e-12 1.37146e-12 -8.25292e-13
-1.02877e-12 -1.96974e-12 -9.77462e-13
-6.7998e-13 3.05957e-13 7.77511e-15
-2.49365e-11 -1.07909e-12 -1.07443e-12
-7.27822e-13 -6.91797e-14 -6.2326e-13
-1.84556e-12 1.68455e-12 -1.4802e-13
9.42137e-13 1.56257e-12 2.81813e-13
-7.63596e-19 2.00288e-19 4.82082e-16
-9.71399e-13 1.05587e-12 -7.01381e-14
-5.1693e-13 2.12152e-13 1.77308e-13
1.24105e-12 -9.47168e-14 -7.39853e-14
-8.61996e-15 -1.66173e-14 4.00149e-15
-1.14723e-12 1.68534e-12 -5.46742e-13
-2.38947e-12 -1.7451e-12 -2.77446e-13
-9.79984e-13 -2.2533e-12 -4.95791e-13
4.95698e-14 -6.16679e-13 2.22509e-13
-2.4476e-16 1.68826e-21 -7.22337e-14
-7.31875e-13 1.40625e-12 4.60547e-13
-6.88256e-13 1.61139e-12 3.15981e-13
4.21128e-13 1.2257e-12 -9.6378e-15
8.04697e-13 -1.07043e-12 2.36911e-13
-8.71526e-13 7.17069e-13 -6.52359e-13
-8.06655e-12 -1.8245e-12 -7.791e-13
-1.10083e-12 1.68506e-12 -7.87548e-13
2.28144e-14 9.83708e-13 9.85257e-14
-7.79738e-13 2.62708e-13 -6.94272e-16
-5.92609e-21 -1.47756e-19 -4.38766e-19
-2.81126e-14 1.70618e-13 6.32529e-14
2.61687e-13 1.42006e-12 3.40408e-13
4.42664e-13 8.63015e-14 -5.18206e-14
-4.3363e-13 9.90881e-13 3.7682e-13
-2.61217e-12 -1.77694e-12 -6.09215e-13
-4.66271e-13 2.90875e-13 -2.81007e-14
5.40407e-14 2.61021e-13 -1.22486e-13
-8.55191e-13 3.80899e-14 1.39766e-14
-1.14515e-13 1.24246e-12 -1.413e-13
-2.2366e-12 -1.69683e-12 4.28297e-13
1.01565e-12 3.15903e-13 1.93101e-13
-9.66107e-18 -8.88567e-21 7.37626e-15
3.29554e-12 2.09607e-12 5.27395e-13
6.44771e-16 4.27582e-15 -5.63117e-14
2.05212e-12 -1.66023e-12 1.49585e-12
-2.55791e-12 9.96791e-13 -1.07826e-13
-3.42077e-13 2.24683e-13 6.21853e-14
-2.87166e-13 1.614e-12 -6.85382e-14
-7.93816e-13 1.68051e-12 -5.32521e-14
-5.69277e-18 1.63676e-22 4.34637e-15
3.34759e-13 2.17871e-14 2.17606e-13
-2.05183e-13 1.28932e-12 -5.30562e-14
1.12468e-13 -7.49303e-14 -4.47563e-13
4.07138e-13 3.04088e-13 1.67848e-13
2.70301e-12 1.85374e-12 -9.01635e-14
3.39295e-12 4.71087e-12 4.7799e-13
8.53814e-14 4.61527e-13 4.33823e-14
-5.44768e-13 1.20764e-12 -3.16994e-13
-8.4273e-17 9.66501e-15 3.8366e-14
-3.68855e-13 2.89898e-13 1.00837e-13
-7.02404e-14 1.0749e-13 4.06754e-14
-1.10516e-12 -1.82118e-14 -5.43337e-13
-7.43971e-13 -6.16994e-13 -3.261e-13
-3.96698e-14 5.63204e-14 9.82958e-15
-1.65805e-13 4.33767e-13 1.33767e-13
1.14641e-12 5.73734e-13 5.78435e-13
3.47065e-12 3.99141e-13 8.60187e-13
-1.21251e-12 9.96107e-13 -3.18665e-13
9.03262e-12 -2.76349e-12 6.05616e-13
3.35827e-13 5.52596e-13 2.71725e-13
-7.21369e-12 1.68732e-12 -1.98611e-12
4.92149e-13 -2.90706e-13 2.85783e-14
-6.18983e-13 1.7657e-13 2.17604e-13
-2.24629e-19 -6.89925e-20 -2.63764e-19
-7.47124e-16 1.7985e-14 7.748e-14
1.77446e-17 4.00499e-17 2.53047e-16
4.9122e-13 -1.52216e-13 3.86336e-14
1.94578e-14 2.46572e-14 9.14521e-15
-1.92565e-13 -1.354e-13 1.43287e-14
-1.80572e-12 -8.1366e-13 -2.727e-13
-2.19917e-12 9.27067e-13 2.88251e-14
-7.30613e-13 7.9763e-13 3.15027e-13
-1.77146e-12 1.71042e-12 -3.24136e-13
-4.03897e-13 7.76296e-13 8.09675e-14
-3.60179e-14 -3.57513e-14 -1.49741e-13
9.09369e-13 1.22151e-12 -2.64566e-14
1.01291e-15 -6.73957e-15 -8.80823e-14
-2.58618e-12 -1.74975e-12 -5.61087e-13
8.44295e-12 -4.76418e-12 -7.82442e-12
1.08811e-12 -1.48964e-12 -5.8428e-13
-1.05597e-12 1.6976e-12 2.36237e-13
-5.10972e-13 1.90298e-13 1.07967e-13
-3.40265e-12 -1.06641e-12 -2.12537e-13
3.03778e-12 1.70278e-12 1.17863e-13
1.73381e-12 7.60885e-13 1.19451e-14
-2.4099e-12 7.28171e-14 -5.62322e-13
-3.27219e-12 -3.9472e-12 1.04656e-12
-7.07031e-12 2.32496e-11 2.51352e-12
-1.77763e-12 1.50786e-12 2.95554e-14
1.94431e-12 1.64399e-12 -3.98086e-13
8.96208e-13 1.55808e-12 -1.86328e-13
-1.23733e-12 1.26919e-12 2.61277e-13
1.16452e-12 7.24407e-13 -8.78486e-13
-1.11572e-13 -1.78465e-13 -3.20319e-15
-6.92828e-12 1.63169e-12 5.11466e-13
-2.4224e-12 -1.46553e-12 -1.63055e-12
-3.1937e-13 -4.97445e-13 -9.48725e-14
-6.90212e-12 -1.7349e-12 -7.18994e-13
-6.63774e-16 6.26894e-21 -1.95892e-13
-9.43057e-14 -4.13578e-13 4.05983e-13
3.26195e-13 -1.21858e-13 1.52026e-13
6.29875e-12 -9.77665e-12 -1.1071e-11
-2.07699e-12 -1.59449e-13 1.10734e-13
-1.01557e-13 1.56733e-13 -1.56251e-13
-4.35611e-12 -7.20073e-13 -9.5729e-13
6.39115e-13 8.40456e-13 -4.2425e-13
-1.23735e-11 -8.14621e-12 -1.09909e-13
3.71336e-13 -3.21406e-13 1.73404e-13
-4.99014e-19 -1.9936e-19 4.82082e-16
8.52731e-14 1.41696e-12 2.38557e-13
-5.03759e-13 -1.28596e-12 7.26239e-13
-1.40683e-12 1.32687e-12 -5.27069e-13
1.40759e-20 8.30341e-20 -2.04425e-19
1.44865e-12 -5.38119e-13 -3.75225e-13
-4.61214e-13 4.35211e-13 1.36191e-13
-9.41596e-14 -7.50867e-13 1.90895e-13
-1.90622e-14 8.5005e-14 1.05007e-13
4.99253e-13 1.62007e-12 6.33388e-13
5.68008e-15 -1.51862e-13 7.85809e-14
-7.41036e-13 -5.51083e-13 2.40723e-13
7.85017e-14 -2.61061e-13 -7.79468e-14
-7.85327e-20 1.02376e-19 -3.07001e-19
-2.06061e-13 1.45229e-12 -1.93817e-13
-6.90801e-14 -4.57475e-14 5.75678e-14
4.56885e-13 -1.86578e-13 -8.5861e-14
-1.04378e-13 1.64686e-12 6.11505e-13
7.88375e-14 2.22395e-13 2.12585e-13
-1.9643e-12 1.23162e-12 -3.18652e-13
-1.7324e-14 -9.46391e-13 3.18696e-13
-1.59816e-12 1.71788e-12 -6.85744e-13
1.52141e-13 1.22577e-13 5.91606e-14
2.60925e-12 1.16974e-12 -4.67177e-14
-7.11905e-12 9.7993e-13 -6.33311e-13
-2.10365e-12 1.33776e-12 5.68361e-14
-2.62726e-13 3.52993e-14 9.59509e-14
-1.08424e-12 2.14671e-14 8.9517e-14
-5.04569e-12 1.51597e-12 -1.33515e-12
1.61115e-13 1.25686e-12 3.28871e-13
-6.65658e-12 -9.01701e-13 -1.86349e-12
-1.82181e-15 1.2118e-14 1.58376e-13
7.53316e-13 -5.86494e-13 2.16084e-13
-1.44226e-19 3.3727e-19 -4.47595e-19
-2.2167e-11 4.96892e-13 -8.05087e-12
-1.48877e-12 1.33023e-12 -2.06119e-13
-5.53748e-13 2.30418e-13 4.89966e-13
2.05588e-15 1.36333e-14 -1.79547e-13
-1.31722e-12 8.41897e-13 -4.91846e-14
8.07431e-13 6.14626e-13 7.76299e-14
3.95257e-12 -1.40558e-12 9.19694e-13
-4.40296e-13 -8.17361e-13 -2.06963e-13
-2.61875e-11 -5.54083e-13 -4.03108e-12
-4.50102e-13 1.47717e-12 -1.01132e-12
-2.34167e-11 -7.29276e-12 -6.21326e-12
8.15818e-15 1.11218e-13 8.68282e-14
-1.58918e-13 4.44125e-13 1.62184e-13
-6.27817e-20 1.54294e-19 3.16912e-19
-2.33759e-19 2.82157e-19 8.66509e-20
-1.91779e-13 -2.63203e-13 1.14845e-13
3.41781e-14 7.04713e-13 -3.74816e-15
-9.36416e-12 9.2043e-13 1.52547e-12
6.56553e-13 -2.86414e-13 1.86866e-13
5.60041e-13 -6.92369e-13 -7.99091e-13
-2.11921e-13 9.85049e-14 8.56088e-14
-6.88677e-13 -3.85455e-13 -2.08024e-13
1.18462e-13 -9.5545e-14 -1.10468e-13
-3.74391e-14 2.39182e-13 -1.90088e-13
1.85433e-13 3.31236e-13 2.06585e-13
1.34249e-13 4.32979e-14 8.44943e-14
2.60898e-11 -4.47862e-12 3.95597e-13
-5.64336e-12 -1.8195e-12 -9.76639e-13
2.86642e-13 4.93205e-13 -3.71132e-14
-1.04629e-12 4.16338e-14 5.401e-14
-7.24913e-13 1.1068e-12 5.09021e-14
1.30641e-12 1.72915e-13 -8.32072e-13
-6.45785e-13 1.29278e-13 1.89295e-13
-1.47074e-12 -1.41794e-12 -4.21494e-13
-1.21451e-13 1.44725e-12 2.25571e-13
-2.32469e-12 -6.04477e-13 -7.36607e-13
-1.13742e-12 3.33753e-13 -2.49152e-13
5.42958e-13 -6.67859e-13 -3.40055e-13
-1.03388e-12 1.64221e-12 -1.20817e-13
4.13326e-14 2.41102e-13 -5.20591e-14
1.78775e-15 4.25939e-14 -1.84002e-13
-9.64065e-12 -2.24076e-13 1.62503e-14
-1.16139e-12 -9.66778e-13 1.47289e-13
-1.33575e-12 1.18983e-12 2.6526e-14
-9.04335e-13 7.12566e-13 8.04143e-14
2.08514e-13 2.82273e-13 -2.14549e-13
-1.69012e-21 -4.19053e-20 -1.87426e-19
2.04141e-13 -3.43226e-13 -2.30808e-13
-9.17885e-15 1.18164e-13 -7.92093e-14
-4.53299e-13 4.91839e-13 -5.30665e-14
-9.39189e-13 1.8091e-12 -1.75337e-13
2.54281e-12 2.25393e-13 3.55104e-13
5.9501e-13 6.39965e-13 1.46783e-13
-4.49727e-12 -2.89296e-12 -1.48173e-12
-4.08473e-13 -1.02997e-12 1.60428e-14
-8.24576e-14 2.61433e-13 3.18893e-13
9.49112e-18 1.27049e-20 -7.24676e-15
1.6148e-12 1.41312e-13 2.48983e-13
-2.34923e-12 1.9406e-13 -4.84722e-14
1.01379e-12 -3.09442e-13 -2.00241e-13
2.71701e-13 -7.01367e-13 4.4286e-13
8.51876e-13 -1.14753e-12 3.48892e-13
1.55527e-12 1.21437e-12 5.27214e-13
-1.14639e-12 1.13568e-12 -3.39348e-13
1.5187e-13 -1.25706e-13 -3.82471e-14
3.22469e-14 8.6567e-14 7.92839e-14
-4.45473e-12 -2.20307e-12 -8.59001e-13
-7.69501e-13 3.70159e-14 2.19412e-13
-3.03062e-12 -1.66865e-12 -5.96688e-13
2.98407e-14 1.7866e-13 9.98687e-14
6.04004e-13 -1.3844e-13 -1.29084e-13
-1.65337e-12 1.40414e-12 -7.47473e-14
-6.48843e-14 3.26344e-14 -1.46584e-13
-9.668e-12 -1.71307e-13 -2.42668e-12
-7.25519e-13 1.46741e-12 2.50643e-13
-2.09029e-12 -3.54758e-13 -5.49475e-13
-2.68283e-13 4.54907e-13 1.67458e-13
-8.38812e-13 2.58183e-13 8.60107e-14
3.8557e-12 -5.58372e-13 -9.58661e-14
4.05969e-13 1.71944e-12 -8.22493e-15
1.3772e-13 1.70994e-13 1.59254e-14
1.39087e-13 9.6425e-13 1.50915e-13
-9.59903e-13 1.14849e-12 2.52878e-13
2.18481e-11 -3.80132e-12 -2.51638e-12
-7.22207e-16 -4.78924e-15 6.30733e-14
-1.33421e-12 1.20035e-12 9.23657e-14
3.87188e-13 -8.88614e-14 2.08532e-14
4.98453e-14 7.2269e-14 2.1548e-13
-5.06602e-13 -1.73772e-12 -6.85686e-13
-3.69393e-13 -3.09953e-13 1.91805e-13
4.82477e-12 -1.15737e-12 1.09673e-12
-3.36698e-13 6.37217e-13 2.15715e-13
2.05593e-13 2.89185e-13 -2.30162e-13
-8.33538e-12 -5.35744e-12 -1.82478e-12
5.03153e-13 6.07786e-13 2.07566e-14
-5.24699e-13 6.8854e-13 3.23782e-13
-1.76877e-12 2.12222e-13 -1.58996e-13
-1.7239e-12 9.66753e-14 -3.33946e-15
2.85881e-14 3.23859e-13 1.53811e-13
7.35276e-13 1.37426e-13 -3.58397e-13
4.61937e-19 4.66346e-21 -3.5236e-16
-5.74752e-13 1.07783e-12 1.86376e-13
-2.45719e-13 6.45115e-13 5.26456e-13
5.69097e-20 -9.12293e-21 5.30513e-20
2.81823e-13 1.58911e-13 1.92641e-13
1.55732e-13 7.3133e-13 1.42524e-13
-5.0819e-12 -4.74789e-12 5.04251e-13
1.16769e-13 1.05767e-14 -1.68586e-14
-2.63498e-11 -6.02862e-12 -1.52933e-12
9.82657e-13 3.6188e-13 1.21038e-13
9.31567e-13 -1.59299e-13 -4.16768e-13
-9.46197e-18 1.76312e-20 7.22451e-15
-1.0839e-13 -4.22367e-13 2.54671e-13
4.11759e-13 1.18596e-14 -3.08728e-13
1.62327e-12 -2.01382e-12 -1.38628e-12
6.58e-13 -1.02288e-13 2.5093e-13
1.17468e-13 2.36579e-13 1.37068e-15
-5.65756e-13 1.38853e-12 9.75287e-14
-1.78884e-13 3.19157e-13 -1.22898e-13
-1.02971e-11 9.09331e-13 -6.78246e-13
-3.73746e-12 -1.37992e-12 4.09977e-15
-7.22301e-14 5.92816e-15 -2.25475e-13
1.88571e-13 5.75585e-13 2.03018e-13
3.90587e-13 1.31121e-12 -7.15228e-13
4.40498e-12 -4.91634e-11 -6.6526e-13
-2.12074e-12 1.54338e-12 -1.0938e-13
-1.03511e-13 -4.64341e-12 3.21758e-12
4.42978e-18 -5.99526e-21 -3.38226e-15
-2.83063e-12 -4.59388e-13 -2.25175e-12
4.62494e-13 -1.53655e-12 -7.42922e-13
1.73959e-20 4.13177e-20 9.58559e-21
1.98511e-13 4.25429e-14 3.93906e-14
-6.44167e-14 -4.89007e-13 1.09715e-13
-1.67801e-12 1.32286e-12 -1.55201e-13
1.41985e-13 5.30345e-14 1.29887e-13
-1.51822e-11 -5.64451e-12 -2.94874e-12
1.47608e-12 1.12904e-12 -9.07506e-15
-4.02432e-15 3.44426e-13 6.24192e-14
4.39217e-12 2.32252e-12 -4.5791e-13
3.68823e-14 -2.85554e-14 8.8441e-14
3.84236e-13 -8.14118e-14 -1.49453e-15
-2.69018e-12 5.2883e-13 -6.13841e-13
-2.77972e-12 -3.91305e-13 -2.21613e-13
5.29108e-12 1.97918e-12 -1.45815e-12
-1.05933e-12 -1.10319e-13 1.58482e-13
9.62298e-13 1.72203e-13 -1.48601e-13
-2.89863e-12 -1.73051e-12 -5.19077e-13
-4.23021e-12 9.54026e-13 -2.09773e-13
2.51492e-13 -1.43739e-13 3.97969e-14
-1.29608e-13 -1.23238e-13 4.91429e-15
5.64332e-13 8.42087e-14 -1.67922e-13
-7.01425e-13 7.05632e-14 2.12771e-13
-3.09425e-12 1.72545e-12 -1.93787e-13
3.06335e-13 -3.25468e-14 -7.35893e-14
1.90429e-12 -1.90065e-12 -7.20556e-14
2.02445e-12 9.95441e-13 -1.04266e-12
6.52524e-13 3.50519e-13 2.37415e-13
-3.36445e-12 7.57745e-13 4.0342e-13
-1.33074e-13 2.22419e-13 7.89799e-14
1.81828e-13 2.86819e-13 2.13875e-13
9.49085e-18 -4.48807e-22 -7.24676e-15
-1.0969e-12 -1.00005e-12 4.28371e-13
-1.07342e-14 3.64576e-13 4.51353e-14
-4.86692e-13 -8.46019e-13 2.15771e-14
-9.63602e-14 3.41843e-14 1.44472e-13
8.50648e-13 -3.75331e-13 -4.71092e-13
-1.41275e-13 -1.91836e-15 -1.04714e-13
-1.7328e-11 -1.37001e-11 3.13868e-12
3.03382e-12 1.48744e-12 3.17784e-13
1.06945e-13 4.28214e-14 2.28664e-14
-1.04918e-15 4.15213e-14 1.05847e-13
4.05762e-13 -1.99803e-13 -6.59132e-14
-2.76154e-13 -7.90133e-13 4.78464e-13
-5.45093e-13 -5.04042e-13 4.11738e-13
6.73189e-13 1.25444e-12 5.01272e-13
6.66825e-13 -1.07848e-12 4.66209e-13
-8.62676e-13 -2.31576e-13 2.14286e-13
2.70183e-13 2.44828e-13 1.86372e-13
-7.52231e-13 -9.74706e-14 1.89012e-13
2.42957e-15 -1.61687e-14 -2.11313e-13
3.77184e-13 -3.05585e-13 1.84889e-13
-8.96501e-13 7.44062e-13 -2.76561e-13
1.53139e-12 4.91991e-13 -6.27811e-13
-7.02021e-12 1.2092e-12 -1.66109e-12
1.07831e-17 -1.23357e-19 -8.23297e-15
6.56906e-13 6.2541e-13 7.19383e-13
-4.51444e-21 5.03492e-20 9.53608e-21
6.54898e-14 1.6027e-14 -1.78861e-15
-6.63343e-13 7.98702e-13 2.18981e-13
-1.73568e-11 -4.35113e-12 -7.421e-12
2.20674e-13 4.37514e-13 -7.31589e-14
7.66146e-13 1.19162e-13 -1.46623e-13
5.15267e-14 8.46265e-13 2.3718e-13
5.41686e-13 -4.82052e-12 4.82894e-13
4.52122e-13 3.77824e-13 8.02189e-14
-1.78496e-12 -5.59997e-13 -2.62018e-13
3.13547e-14 -9.37499e-13 4.30873e-13
1.05841e-17 -9.02508e-23 -8.08106e-15
7.45972e-13 -2.99795e-13 -5.34107e-13
1.33872e-13 6.7912e-13 2.19284e-13
1.52734e-15 -3.68192e-14 -1.58619e-13
-1.503e-12 9.87319e-14 8.74797e-14
8.30192e-13 4.95366e-13 9.69201e-14
-7.24124e-12 -1.01059e-12 -5.2548e-12
-7.89698e-13 -3.00482e-13 -6.88116e-13
7.47395e-14 -5.59622e-14 7.26166e-14
-3.14676e-13 3.14112e-13 -3.22262e-15
-5.54752e-12 -9.69209e-14 -1.63197e-12
-1.70195e-11 -4.35798e-12 -3.03237e-12
-9.13298e-12 2.33606e-12 -7.04523e-12
-7.96636e-13 3.55862e-13 1.90325e-13
-3.8795e-12 4.20144e-14 1.72585e-12
-1.62128e-12 -1.06351e-13 -6.13283e-13
1.13374e-12 -4.02709e-13 -3.46683e-13
2.31941e-12 1.60372e-13 -2.87825e-13
-4.47824e-12 -1.23297e-12 -1.47027e-12
2.19042e-12 1.75327e-12 4.21224e-13
-1.6403e-12 -1.36595e-12 -1.31144e-12
8.20163e-13 2.59718e-13 -8.10134e-13
7.01583e-13 -5.85378e-13 4.93502e-13
-2.15493e-13 2.79748e-13 2.11525e-13
1.17778e-13 -4.20516e-13 1.7754e-13
-3.79744e-13 5.1621e-13 -7.9419e-13
-2.86296e-12 1.67565e-12 -5.35116e-13
2.59386e-13 8.7417e-13 9.56446e-14
2.50767e-12 -3.10093e-12 -3.87516e-12
-6.96874e-13 1.19037e-12 -4.44214e-13
-3.15857e-13 -6.95498e-13 5.28566e-13
-2.51236e-12 1.46731e-12 -1.98124e-14
-1.20878e-13 -1.12268e-13 4.98592e-14
-4.60701e-12 3.33193e-12 4.48376e-13
2.57494e-12 -8.78738e-12 8.64479e-13
-7.02002e-13 5.36045e-13 5.69795e-13

VECTORS force float
-1.36494e-15 -8.33199e-15 -2.67895e-15
4.89154e-18 -2.96328e-17 -1.27451e-17
2.31611e-19 -4.62621e-18 2.1046e-18
1.24723e-17 1.66217e-17 7.07904e-18
4.78833e-17 5.90778e-18 -8.43165e-18
-4.10767e-17 -4.84392e-17 -5.96492e-17
0.0 -1.81093e-28 0.0
-8.47563e-17 7.32955e-17 1.54738e-17
2.16789e-18 1.51773e-17 2.59411e-17
1.65436e-24 0.0 0.0
-8.6359e-18 5.0659e-18 -1.22006e-17
-6.46235e-27 -4.34342e-28 0.0
-2.63484e-17 1.81138e-17 5.7785e-18
2.70398e-17 -1.58359e-17 1.38445e-17
3.16516e-17 -5.8302e-18 3.34917e-18
-3.05234e-17 5.07803e-18 3.40115e-18
-1.35567e-17 2.01915e-17 2.03674e-18
-9.69419e-18 9.05542e-18 4.57641e-18
7.03252e-18 3.42325e-18 -5.57348e-19
-7.15379e-19 -1.7767e-18 -1.74277e-19
9.4699e-17 -3.65872e-17 -4.91036e-17
-1.88501e-17 2.84226e-17 1.40022e-17
2.44554e-18 -3.33298e-17 -1.55628e-18
-8.91714e-17 -2.85958e-17 -1.07256e-16
-3.66029e-18 1.4178e-17 -6.69791e-19
-1.05779e-17 9.73605e-17 1.06511e-17
5.12055e-19 -2.73462e-18 -2.93232e-19
-3.28581e-17 2.83537e-17 1.32893e-17
1.16778e-17 6.23337e-19 -2.30515e-18
5.13219e-17 -1.67414e-17 1.50152e-17
-1.7525e-17 -1.51789e-17 2.80686e-19
-4.09749e-17 -3.4218e-17 -4.16779e-18
1.52202e-17 1.25129e-17 9.0357e-18
8.27477e-17 -7.17179e-17 -5.90258e-17
2.64655e-18 1.68215e-18 -2.79674e-18
8.33332e-18 -1.33948e-17 -1.30553e-18
-2.70098e-19 -1.80994e-17 -3.71712e-19
2.24476e-17 -1.08375e-17 -2.72416e-17
0.0 -4.4758e-28 0.0
1.72571e-17 2.52194e-17 2.78894e-18
-7.64818e-18 1.63408e-17 -1.31015e-18
2.85655e-18 7.93158e-17 5.50794e-17
1.7786e-17 -4.12177e-17 5.43889e-17
-2.92735e-17 2.17849e-17 7.78354e-17
-6.53393e-18 1.05888e-17 1.15716e-18
-7.31069e-19 7.16946e-18 8.03065e-18
5.7715e-19 1.35684e-18 -1.38834e-19
-1.67124e-16 -1.28718e-17 -3.44106e-17
3.54822e-17 -1.22499e-17 1.96117e-18
-1.45476e-17 3.17024e-17 7.10449e-18
8.06226e-17 -6.66086e-18 1.90063e-17
3.43643e-17 -5.58036e-18 1.1678e-17
-6.83235e-18 -2.17105e-18 1.32992e-18
-9.92617e-24 0.0 0.0
4.21464e-18 2.76326e-18 5.68018e-18
-5.519e-17 -2.27389e-17 -5.57886e-18
-1.27103e-17 9.26453e-18 -4.43458e-18
4.35614e-17 -2.92568e-17 3.17413e-17
3.41097e-17 1.7491e-17 -3.12911e-18
1.84473e-18 -3.52982e-18 -6.01367e-19
-1.28382e-18 -6.88725e-18 -3.00125e-18
3.27374e-17 8.11754e-18 1.50825e-17
4.38348e-17 -7.4322e-18 1.20833e-17
0.0 5.11897e-24 0.0
-2.35811e-17 -3.89549e-19 -1.04469e-18
2.27475e-23 -4.96308e-24 0.0
1.93724e-17 -1.52758e-17 6.5636e-18
-1.24429e-17 1.32995e-18 -2.08337e-17
-7.29699e-18 -3.32089e-17 -7.70461e-18
7.27575e-18 -1.54203e-18 1.64917e-18
-4.84693e-18 -1.49533e-17 -3.04323e-19
2.60113e-18 2.23564e-18 1.64526e-18
3.36338e-17 -4.13993e-18 4.02568e-17
3.60497e-16 3.81159e-18 2.75166e-17
-2.88187e-18 1.66289e-17 6.3122e-18
4.63539e-16 -4.45094e-16 -1.85579e-16
-4.69124e-19 -1.2301e-17 -1.8734e-17
7.23079e-18 1.08186e-17 -3.642e-18
0.0 0.0 0.0
-9.08173e-18 8.30604e-18 -8.12113e-19
-3.06284e-17 -4.74227e-17 3.46189e-17
1.15025e-17 1.07359e-17 -1.03034e-17
2.51009e-17 -1.76218e-17 -5.21984e-20
2.18279e-16 -1.98109e-16 1.97201e-17
-1.23002e-17 -2.6278e-17 1.52319e-19
1.0347e-17 -2.74112e-17 -5.60471e-18
-6.21907e-20 2.97221e-18 1.78109e-17
8.2094e-17 6.43339e-17 2.9385e-17
2.16761e-17 -5.21668e-17 -5.36998e-18
1.79563e-17 2.34345e-18 1.29564e-18
-4.23963e-18 1.87698e-17 -5.93614e-18
-2.00312e-18 1.38885e-17 -4.97007e-18
0.0 -6.86309e-29 0.0
7.33725e-17 -1.687e-17 5.04926e-18
-6.33915e-18 3.54053e-18 1.5317e-18
-1.70606e-24 -4.1359e-25 0.0
4.20942e-17 -2.88468e-17 -3.28605e-18
3.70133e-17 -6.28622e-17 8.23196e-18
1.67092e-17 -7.86411e-18 2.49977e-18
4.1696e-18 -1.69205e-17 -4.9612e-18
1.33156e-17 1.36186e-17 1.99705e-18
2.47496e-18 6.79215e-18 2.2134e-19
5.55653e-17 2.18333e-17 5.36515e-18
0.0 -4.97754e-25 0.0
-1.65165e-17 -5.23043e-18 -3.2075e-18
-2.98239e-17 -6.22721e-17 -4.99728e-18
8.42206e-17 9.62975e-18 2.73772e-17
4.74671e-17 -3.63488e-18 1.63933e-18
1.30025e-17 2.8163e-17 -2.29007e-17
-7.14461e-17 -3.7972e-17 -6.26371e-17
-6.50358e-17 -9.01995e-18 -1.27951e-17
1.88437e-16 1.06348e-16 5.52886e-18
-1.27577e-18 3.42272e-17 9.70591e-18
1.23995e-16 8.94324e-17 -7.7745e-17
4.80494e-17 1.10313e-17 3.59662e-17
2.1392e-16 -1.2181e-18 1.20417e-16
-1.0707e-17 1.03327e-17 3.30131e-19
-7.3401e-18 -4.38034e-18 -6.18006e-18
6.62828e-18 -5.9236e-18 9.05505e-19
1.13328e-17 2.06808e-17 -1.3488e-17
-3.82978e-19 -2.10758e-18 -1.04217e-18
6.54674e-17 1.91958e-17 1.76751e-17
8.9885e-18 6.03993e-18 -1.08097e-17
-1.27142e-17 -3.94692e-17 4.43872e-19
5.1346e-17 5.5844e-17 -5.98351e-17
1.71876e-18 -2.38228e-21 1.73462e-18
5.48186e-17 2.42887e-18 -1.90031e-17
6.86747e-18 1.69176e-17 1.48209e-17
-5.15429e-18 4.10632e-17 1.78087e-17
-3.9178e-17 4.14615e-17 -3.10066e-18
1.37026e-16 -3.5153e-17 -2.81554e-17
1.03955e-17 -2.24011e-18 8.63793e-18
6.52533e-19 5.68552e-18 -7.76507e-18
3.99496e-17 -2.79431e-17 1.39876e-18
1.11401e-16 1.61494e-16 6.92196e-17
0.0 1.29748e-27 0.0
-5.44253e-17 1.70872e-17 -1.05317e-18
2.74971e-17 4.76543e-18 3.51105e-17
3.60402e-17 1.2386e-18 -1.5473e-17
1.37219e-18 4.51024e-18 -1.04122e-18
4.03186e-17 1.29984e-17 5.08802e-19
1.06073e-17 4.15581e-18 -2.1787e-18
-1.65214e-17 -1.15441e-17 -9.69567e-18
8.00609e-17 -1.27451e-17 4.2972e-17
8.67509e-17 -9.85052e-17 2.09779e-17
-7.28944e-18 -1.7316e-18 2.43575e-18
-1.37573e-18 -3.94757e-18 1.56909e-17
5.61008e-17 2.34791e-17 -6.45139e-17
0.0 9.96134e-27 0.0
3.95612e-18 2.8217e-17 -5.82086e-18
5.33445e-18 -4.62904e-18 -3.71265e-19
-1.10466e-18 -3.70789e-18 2.62869e-17
2.97979e-17 -3.28303e-17 1.21299e-16
-2.07963e-17 2.38692e-17 -7.18918e-19
1.02863e-16 -8.07668e-17 4.4665e-17
-1.83843e-17 9.30786e-18 -2.00032e-18
-5.01579e-17 -1.66816e-17 2.96139e-18
-5.11001e-18 1.02738e-17 -9.42871e-18
6.46235e-27 3.01565e-26 0.0
1.16842e-17 6.79304e-19 1.87746e-18
-5.76731e-17 -2.26919e-17 -5.53185e-17
4.63233e-18 9.90278e-18 -3.31151e-17
3.5176e-17 -2.32868e-17 -6.8076e-17
9.02042e-18 4.219e-18 2.48197e-18
-1.50623e-16 -4.28836e-17 -5.14913e-18
3.215e-17 4.2035e-17 1.94695e-17
2.90082e-17 3.99047e-17 3.02647e-17
-3.49055e-16 -6.08947e-19 -9.31037e-18
-2.45266e-18 8.4352e-18 7.75406e-19
-9.15912e-17 -4.97567e-18 1.83621e-17
-5.15163e-18 -5.51831e-18 -5.58025e-18
-4.44242e-18 -2.8361e-18 -2.2893e-19
1.42141e-17 2.0766e-17 -6.29776e-18
1.72325e-17 -2.59637e-17 -3.18119e-17
1.44791e-17 -2.68086e-18 -1.36684e-17
-6.86439e-17 -3.31694e-17 -3.24731e-17
2.79771e-18 1.02736e-17 5.52689e-19
2.5574e-17 -1.6597e-17 -1.00116e-17
-1.0794e-16 -7.69357e-17 -8.94048e-17
-3.7927e-18 -1.13093e-17 4.43585e-18
-1.22136e-17 -1.23507e-17 1.72314e-17
1.21686e-17 -1.00048e-17 -1.23596e-17
5.03259e-17 -3.76676e-17 4.88989e-17
-3.39086e-17 7.7391e-19 6.1087e-19
-3.99066e-17 4.01291e-17 1.46093e-17
3.30064e-17 -3.89809e-17 6.21042e-18
-2.71053e-18 -2.28056e-17 7.92746e-18
-1.22689e-17 4.55786e-17 -2.77419e-17
5.06962e-17 3.45518e-18 -3.01165e-18
-4.65709e-17 4.70429e-18 -2.3115e-18
9.14261e-18 -5.10747e-18 -5.09702e-18
-1.33553e-17 5.06666e-18 -1.2465e-17
-1.10147e-19 1.15133e-17 8.98879e-18
1.82481e-17 1.666e-17 3.69697e-18
-2.71177e-17 -3.21873e-18 -3.51959e-17
2.36181e-17 -1.97008e-17 -1.32381e-18
-8.85454e-18 -1.47445e-18 5.70853e-18
5.66182e-16 -4.02516e-16 1.65597e-16
1.2154e-17 -2.74964e-17 -4.79516e-17
-3.49708e-18 -8.67065e-18 -2.17973e-18
7.44253e-18 3.77213e-18 -5.74394e-18
-1.00975e-17 -2.10737e-17 -1.59488e-17
2.43712e-18 1.89173e-17 3.42122e-18
6.79397e-16 -3.61054e-16 -1.59281e-16
-6.25307e-17 1.97893e-17 -1.77846e-17
-4.05337e-18 -2.23966e-18 1.90001e-17
-1.85602e-17 -1.48155e-18 -1.41253e-18
-3.1805e-17 1.34478e-17 1.62198e-17
-1.98501e-17 2.22209e-17 2.46802e-18
5.88668e-18 -4.77902e-18 -2.99873e-17
1.97276e-16 -7.2593e-17 -1.92978e-16
-1.6344e-17 3.13572e-17 3.31018e-17
-3.16961e-17 3.46606e-17 7.95318e-18
-1.62747e-17 -3.18926e-18 -1.94792e-17
-6.46235e-27 5.90501e-24 0.0
-5.50184e-18 -1.11846e-18 -3.61087e-17
-2.96834e-17 6.85095e-17 -2.38653e-17
4.57554e-17 -3.57567e-17 2.46591e-17
2.27947e-18 -3.39496e-18 1.6304e-17
7.22017e-17 -3.47284e-17 -1.1291e-17
2.87616e-17 1.75523e-18 -2.60992e-17
-2.3487e-17 3.91947e-18 1.47152e-17
8.8629e-18 1.08097e-17 3.00169e-17
-1.77256e-17 4.10177e-17 -2.67954e-18
-3.66521e-17 1.45164e-17 -1.03574e-17
0.0 -4.9363e-28 0.0
3.22365e-17 -4.30587e-17 9.05531e-19
0.0 -2.08183e-24 0.0
2.91794e-17 4.13032e-17 1.15909e-17
5.51252e-17 -3.73734e-17 -4.66902e-17
8.86253e-17 -5.32257e-17 5.08085e-17
-4.69942e-23 4.1359e-25 0.0
-5.9663e-17 -1.9328e-17 -2.16134e-17
-8.74006e-19 2.67023e-18 -1.80246e-18
8.61401e-17 8.59101e-17 -7.88795e-18
3.51957e-17 -3.34375e-17 1.59766e-17
0.0 0.0 0.0
8.73198e-18 4.08465e-18 1.94819e-18
-1.48664e-17 -2.17188e-17 6.58674e-18
1.91769e-17 -8.21514e-18 -1.47875e-17
1.4784e-16 -1.4187e-17 -4.42118e-17
5.14105e-19 -8.65587e-19 -1.45888e-18
1.21085e-17 -2.33114e-18 2.53076e-18
-1.25933e-16 2.02676e-17 -2.74759e-18
6.13774e-17 -2.57065e-17 -1.62898e-17
-1.57681e-23 8.27181e-25 0.0
5.56111e-17 -5.77942e-17 -1.16246e-16
8.92149e-18 -1.64335e-17 2.30298e-18
-1.26669e-17 -4.6036e-17 6.80868e-18
-1.87159e-17 2.53004e-17 2.50462e-17
-1.80812e-17 -1.04955e-17 3.93044e-18
4.03251e-24 0.0 0.0
-4.30085e-18 4.98889e-20 -3.89781e-19
-7.23112e-18 3.33255e-19 -1.18254e-17
-8.82628e-18 2.9663e-17 4.63303e-18
-9.59305e-18 -1.50681e-17 -2.45769e-17
0.0 2.23263e-26 0.0
-1.13638e-16 7.74198e-19 -9.84605e-17
-6.86528e-17 2.56913e-17 2.35877e-17
-3.50899e-17 -1.46572e-17 -2.25682e-17
-7.44786e-17 -3.96733e-18 7.8139e-18
2.22377e-17 1.57486e-17 -8.93024e-18
2.18203e-17 -1.1232e-18 -1.43228e-17
-1.92327e-17 9.15891e-18 1.60992e-17
-1.01145e-16 -2.62156e-16 -2.83597e-16
-5.12988e-17 -2.14675e-17 2.99142e-17
-5.27483e-18 3.97764e-17 1.37185e-17
-1.67296e-16 -5.44204e-17 2.59872e-17
-1.10429e-17 -1.44215e-17 -5.74406e-18
-1.35927e-17 9.20884e-18 8.74205e-18
-8.30117e-17 7.91171e-17 -2.38486e-17
-4.14109e-17 -1.57878e-17 -4.86484e-18
1.00602e-17 -4.28723e-17 1.60253e-18
1.00282e-16 -4.39766e-17 7.76857e-17
-1.47021e-16 9.41451e-18 -3.39443e-17
-1.41842e-17 -2.47543e-17 -5.18795e-17
-3.85733e-17 1.55903e-17 6.94837e-18
1.34152e-16 -1.82817e-16 7.53982e-17
6.47682e-17 -2.5157e-17 -8.09245e-18
-6.85993e-17 -3.72106e-17 -1.56765e-17
-7.25827e-18 1.5783e-17 -5.56924e-19
7.202e-17 2.62561e-17 -6.20796e-19
5.77312e-17 -8.21057e-18 -2.09028e-17
-8.14189e-18 4.48636e-19 -7.57862e-18
-2.44059e-16 -9.74403e-18 -3.32656e-17
1.19246e-17 -4.62355e-17 1.66753e-17
1.58121e-16 -1.72594e-16 2.29446e-17
2.56925e-17 2.42644e-17 -2.95251e-17
1.15462e-18 3.43859e-17 -8.35135e-18
-2.58845e-17 -5.17253e-18 2.6033e-19
4.36603e-17 -1.81931e-18 -4.25022e-17
5.56712e-19 -3.31642e-17 1.88818e-17
-1.85533e-16 4.4053e-17 7.28833e-17
-1.58165e-17 1.04046e-17 3.93082e-18
1.93984e-19 8.4142e-18 -1.22936e-18
-9.50493e-21 3.62905e-18 1.97786e-18
-1.27541e-16 -1.2756e-17 -4.74125e-17
3.46218e-18 1.83677e-17 4.20986e-18
-2.06202e-16 -8.14739e-17 -2.63725e-17
1.1242e-16 1.15308e-17 1.96765e-17
1.44984e-17 -1.2853e-18 5.34765e-18
-5.86318e-18 3.05793e-17 9.19884e-18
7.58914e-17 -5.47964e-17 -4.86893e-17
9.58238e-18 1.41852e-17 6.96756e-18
-3.67402e-17 -4.65035e-17 -2.29708e-18
2.08195e-17 4.69089e-18 -4.25207e-17
1.67616e-17 8.96844e-18 5.40215e-17
-1.11374e-17 1.26222e-17 -5.14567e-18
-1.49581e-17 7.62436e-18 -2.02138e-17
-5.25109e-17 2.67087e-17 1.14371e-18
4.98421e-18 -5.6068e-18 -1.82613e-17
-4.264e-17 3.25045e-17 -8.06786e-18
-1.43276e-17 -8.61064e-18 9.29817e-19
2.94767e-17 -9.11006e-18 3.02041e-18
4.47184e-17 -6.72724e-18 -5.75122e-19
-5.11078e-17 -7.11934e-18 -6.04347e-18
8.07745e-18 -5.48568e-17 8.20444e-18
2.1502e-17 -4.62492e-17 -6.4814e-18
4.25772e-17 3.85252e-17 2.48935e-17
-1.57416e-17 -4.53579e-17 8.76283e-18
1.80752e-16 -7.05229e-17 7.05128e-17
-1.44309e-16 -6.86091e-18 1.02922e-17
-5.03146e-16 8.34374e-17 -3.78004e-17
2.32405e-18 -2.39356e-17 -1.29832e-17
7.44333e-18 5.47322e-18 9.59265e-20
1.57761e-16 -1.39558e-17 7.59417e-18
3.65165e-17 5.54733e-17 4.1128e-17
8.64872e-17 5.67496e-17 4.9279e-17
1.6131e-17 -3.5092e-18 -9.96937e-18
-4.52889e-17 5.54346e-17 -5.96121e-18
-2.24892e-17 2.28442e-17 8.36227e-18
-8.89923e-17 -1.23611e-16 -1.19315e-17
1.10238e-18 1.59097e-17 1.17787e-18
4.0635e-17 3.10202e-17 -1.35433e-17
-2.09977e-17 3.73257e-17 9.59997e-17
9.59033e-19 3.68267e-17 8.72849e-18
8.52339e-17 -9.68654e-17 -9.24157e-17
9.58761e-17 -6.10498e-18 2.26063e-17
-6.46235e-27 2.10943e-24 0.0
-7.6548e-17 2.39149e-18 -8.80346e-17
3.30061e-17 -5.22041e-17 -1.9073e-17
-2.69897e-17 6.91812e-18 -4.11514e-18
-1.93035e-17 -2.52158e-17 1.27935e-17
1.08333e-16 2.92082e-18 5.38599e-17
5.35699e-17 -5.20998e-18 1.62827e-16
3.4149e-17 -5.95129e-17 -2.69659e-17
6.24705e-17 2.06357e-17 -5.06027e-17
-3.25946e-17 -7.67748e-18 -1.12077e-17
2.37701e-17 -1.35551e-17 -4.67109e-17
-9.95773e-17 1.82409e-17 2.19465e-17
1.18907e-23 -3.30872e-24 0.0
-3.86789e-16 6.13363e-17 2.20434e-19
2.10595e-17 -4.36606e-17 7.20595e-18
4.22023e-17 -2.0202e-17 -7.16112e-18
7.6988e-18 1.36662e-18 2.21724e-19
-8.4387e-23 0.0 0.0
3.07316e-17 7.80779e-19 -3.18529e-17
1.92607e-16 -1.15907e-16 -7.55108e-17
2.43236e-18 -1.02084e-18 -7.98258e-19
6.34527e-17 -7.80167e-17 4.44665e-18
6.48158e-17 -4.39002e-17 -9.65911e-18
-6.61744e-24 0.0 0.0
-2.65871e-17 -2.80482e-17 2.65011e-17
-1.45499e-16 1.0521e-17 -5.34693e-17
3.59005e-16 -3.88299e-18 -9.40661e-17
4.55802e-17 -2.69666e-17 3.24447e-17
4.98559e-18 -6.02275e-17 6.94424e-18
5.38403e-17 1.61135e-17 -1.31269e-16
7.21567e-17 -5.63881e-17 6.28373e-17
3.87526e-18 -9.05327e-18 3.73131e-18
-2.64553e-17 -3.85515e-19 -5.86115e-17
1.28446e-16 -1.64873e-16 1.4235e-16
-3.3863e-17 -4.01891e-18 -3.4153e-17
-6.10338e-17 -2.88264e-17 -3.05578e-17
6.67869e-17 -6.42492e-17 9.59158e-17
-1.77323e-17 5.13292e-17 -9.38637e-18
-4.75996e-17 2.06693e-17 -1.1202e-17
2.55635e-18 -8.97302e-17 -5.16313e-17
-1.7898e-17 -5.13349e-18 4.00739e-17
3.09554e-17 -4.0336e-18 -3.50352e-17
-1.54346e-16 -2.26433e-16 -2.92687e-16
2.72184e-17 3.34029e-17 9.27552e-18
1.95314e-17 5.35381e-17 3.58695e-18
1.65143e-17 9.3171e-18 -1.64801e-17
-1.57513e-17 2.10343e-17 5.64251e-18
-1.02533e-17 1.55066e-17 -3.91067e-18
8.07293e-17 -3.27942e-17 -8.37211e-17
0.0 -7.91097e-27 0.0
-2.09992e-16 -9.00157e-17 5.68385e-17
1.48091e-16 -1.25363e-16 -2.34159e-17
-5.55402e-18 4.18876e-17 -2.34571e-17
6.19408e-17 -6.43033e-17 8.71556e-17
-3.31125e-18 4.72869e-17 -2.39452e-17
5.356e-17 1.29254e-17 -7.39269e-17
-2.49074e-17 5.9646e-18 3.40402e-18
-1.53058e-16 4.95333e-17 -6.22271e-18
6.32837e-17 -1.82883e-17 -3.9233e-17
8.28949e-17 1.41063e-18 4.26877e-17
-1.36213e-17 5.32193e-17 -1.16616e-17
-2.11154e-17 6.22111e-17 8.8619e-18
-1.1713e-17 4.39884e-17 1.23373e-17
8.14091e-19 1.47007e-17 -7.45924e-18
-1.7176e-16 5.75522e-18 -1.06047e-17
-8.99037e-18 5.72589e-17 -1.28226e-19
7.86788e-18 1.35953e-17 -2.05096e-18
8.53231e-17 2.18906e-17 3.41915e-17
-1.29247e-26 -1.01502e-23 0.0
1.10557e-17 6.07878e-17 -8.17278e-18
1.01746e-16 -3.99108e-16 -1.25976e-16
2.08695e-17 1.31704e-17 -7.5273e-18
-4.45778e-17 -8.42401e-18 -9.89763e-18
1.97196e-17 -1.6418e-17 2.759e-17
-5.09206e-17 -6.92026e-18 6.55269e-19
-1.40448e-17 2.53764e-17 -3.82448e-17
-1.99976e-18 2.84464e-18 3.12285e-18
0.0 0.0 0.0
1.02147e-16 -5.46943e-17 -4.82899e-17
-5.47224e-17 -1.11869e-17 1.70038e-17
1.14104e-16 -1.85166e-17 5.38182e-18
-5.0445e-18 1.13346e-17 -3.98148e-18
9.60257e-18 7.8962e-19 2.49003e-17
-5.75473e-17 -5.58302e-17 -1.24015e-17
-5.46048e-17 -1.31839e-17 -6.69452e-18
-3.96827e-17 4.72263e-17 1.88563e-17
-3.43485e-17 2.10133e-17 2.13808e-18
-1.97073e-17 -6.2683e-17 -1.75185e-17
4.58033e-18 -2.64634e-17 1.3701e-17
3.18071e-18 -3.29155e-17 1.15583e-17
8.2779e-19 5.72246e-19 -2.02573e-19
6.46235e-27 -3.97529e-24 0.0
9.57461e-18 -3.24282e-17 -1.17486e-17
1.8016e-17 2.0813e-17 3.83123e-17
-5.34451e-17 -4.79316e-17 -8.63641e-18
-6.38359e-18 -5.47235e-17 -3.66798e-17
-3.98803e-17 -6.67721e-17 -1.15776e-17
5.43972e-18 -7.41408e-18 -3.28549e-17
-7.02211e-18 -1.5056e-19 3.07814e-18
3.05644e-17 2.75771e-18 -1.71282e-17
9.38826e-17 -1.22349e-16 -3.42863e-17
-1.11122e-16 -3.07333e-17 -2.29896e-17
-2.76951e-17 7.19772e-17 -1.79489e-17
-4.51798e-17 3.50286e-17 -2.76056e-17
3.64481e-17 -3.06664e-18 1.09077e-17
9.64757e-17 -7.89667e-17 3.59046e-17
8.99398e-17 -1.11046e-16 1.64576e-16
-2.5984e-17 1.82522e-17 8.25236e-18
9.27454e-17 -4.59357e-17 -1.15391e-16
2.84273e-17 -3.80362e-17 -5.73352e-17
-2.15636e-22 -6.61744e-24 0.0
-1.47551e-17 7.68896e-18 1.03618e-17
-3.10193e-25 5.79026e-24 0.0
2.06795e-25 0.0 0.0
2.57857e-16 -8.86458e-17 1.87975e-16
-4.32357e-19 5.14437e-18 -1.06012e-17
-9.45276e-17 -1.038e-16 -7.08575e-18
-3.16927e-16 5.97863e-17 -7.89547e-17
4.73287e-16 -1.7298e-16 -2.41708e-16
-1.42519e-17 7.16095e-18 -8.9659e-18
-1.31127e-17 -1.88779e-17 -6.3542e-18
6.95641e-17 -7.9966e-18 4.58847e-17
-1.50544e-16 5.34065e-17 3.53423e-17
-5.95056e-16 3.27625e-17 -8.68176e-17
2.31495e-17 7.17602e-18 -3.46996e-18
-3.8173e-18 -8.65408e-18 2.86641e-18
-1.10706e-16 -4.79743e-17 -4.60887e-17
8.31828e-17 -6.0165e-17 1.67617e-18
-2.06185e-16 -1.12437e-16 -1.54624e-16
-2.34911e-17 1.30767e-17 -1.71013e-18
2.0558e-17 1.33057e-17 -1.91371e-17
1.61694e-17 6.1783e-18 -1.03951e-17
2.81196e-16 2.28164e-17 1.82847e-16
2.1856e-16 -2.68158e-17 -3.50372e-17
8.27181e-25 -8.27181e-25 0.0
6.75837e-18 -1.92427e-17 -3.23312e-17
2.20573e-16 -2.95972e-16 -5.42918e-17
-3.82222e-17 -3.18721e-17 -4.38223e-18
2.74178e-16 1.01168e-16 9.36468e-17
-1.41927e-16 -9.89459e-17 -9.95035e-17
1.60872e-17 -7.26246e-18 8.54466e-18
8.43724e-23 -6.61744e-24 0.0
-5.09896e-17 1.02598e-17 2.81734e-17
4.08575e-17 -8.85247e-18 -4.38828e-17
-1.30264e-17 -1.46866e-17 -4.10269e-17
-3.77145e-18 5.40998e-18 3.33247e-18
1.08467e-16 -6.01004e-17 -6.14435e-17
3.10193e-17 -1.07474e-17 1.26866e-16
-1.12717e-17 -3.82118e-17 -3.78109e-17
-1.25618e-17 2.60772e-17 -6.97413e-19
7.87752e-16 -2.02289e-16 1.25436e-16
-1.36413e-17 2.77318e-17 -3.06967e-18
1.34449e-16 1.72882e-17 1.13451e-17
9.1608e-17 -8.95102e-17 6.64907e-17
8.2316e-17 -4.77695e-17 -1.92911e-17
2.01712e-17 -6.30722e-18 2.49795e-18
-4.24534e-17 -8.99056e-16 -2.13832e-16
9.67275e-18 5.72477e-19 8.17808e-17
-1.20097e-16 -8.95369e-18 -8.87704e-17
4.57766e-17 -3.74162e-17 4.31875e-17
-2.88479e-23 4.3427e-23 0.0
6.14641e-17 -4.71058e-17 3.12153e-17
7.24934e-18 -3.17818e-18 1.73171e-18
3.2029e-17 -2.33535e-17 1.08275e-18
-3.49723e-18 -1.51808e-18 3.51069e-19
-4.21601e-17 3.11958e-17 -2.4988e-18
-2.37173e-17 1.85368e-16 1.76489e-17
-8.69315e-17 1.00266e-17 -1.57737e-16
-5.62506e-18 3.22209e-17 1.07566e-18
0.0 5.34316e-25 0.0
1.45643e-17 -5.40927e-17 -1.05958e-17
1.88283e-17 -2.38592e-17 -7.03367e-18
-1.40577e-16 -6.93191e-18 -7.87384e-17
-1.25833e-17 -3.50306e-17 -4.84615e-17
4.69595e-17 1.13101e-17 7.43918e-17
-4.08413e-16 -9.59927e-17 -7.70785e-17
-9.70755e-17 6.36142e-17 -4.65592e-17
-1.38458e-17 1.76408e-17 -4.96659e-19
1.03633e-17 4.88161e-18 3.01604e-18
-1.65436e-24 8.27181e-25 0.0
-3.67885e-17 1.76503e-17 -6.10477e-18
-2.62851e-17 -1.72969e-17 4.45537e-17
-3.69155e-17 -2.65022e-17 -9.99128e-18
-9.99909e-17 -9.6108e-17 2.65247e-17
-2.01847e-16 -4.35428e-19 -1.44388e-16
2.73262e-17 2.14771e-17 -3.62554e-18
-3.94944e-17 3.20925e-17 -2.74015e-18
1.60108e-17 -2.09573e-17 1.95477e-17
-2.41594e-18 -1.42509e-17 -4.46262e-17
5.3123e-16 -2.91246e-17 -1.90967e-16
-4.2146e-17 9.30114e-18 -4.69197e-18
0.0 -2.2021e-25 0.0
-5.75167e-17 2.90365e-17 -1.29995e-16
-6.82424e-24 0.0 0.0
4.19146e-17 5.27989e-17 -7.47946e-17
1.42932e-16 -5.57123e-17 2.60554e-17
3.54953e-17 -9.5816e-18 4.73071e-18
-1.42329e-18 -1.84082e-17 -6.28383e-18
2.50586e-20 -1.00522e-17 5.05414e-18
0.0 -6.09848e-25 0.0
1.20928e-17 -3.38317e-19 7.70236e-19
1.64219e-17 2.94075e-17 -1.8692e-17
-2.06813e-17 1.326e-18 -3.87599e-17
1.5217e-17 5.08069e-17 -4.02254e-17
-3.3356e-16 1.41568e-17 7.12445e-17
4.41766e-16 -1.26641e-16 5.87089e-17
-2.4451e-17 2.79918e-17 -3.8144e-18
3.22429e-17 9.45518e-18 2.27394e-17
5.73857e-24 -8.27181e-25 -6.61744e-24
7.76868e-18 -5.99941e-18 -1.58999e-17
1.43623e-17 2.53376e-18 -5.47239e-18
-1.53395e-16 8.04297e-17 3.09437e-17
4.66675e-18 4.91456e-17 -2.28195e-18
-3.9316e-19 -1.93091e-18 -5.83067e-18
3.2057e-17 -1.87021e-17 -6.61158e-18
1.7412e-16 -3.99817e-16 2.85644e-16
-1.21617e-16 -1.67665e-18 -1.41396e-16
1.25863e-16 -1.23866e-16 -5.06421e-17
2.03472e-17 7.5908e-17 -1.91755e-16
-2.59944e-17 -7.88389e-17 -2.73006e-17
-1.20297e-16 -1.49785e-17 -7.87655e-17
2.32976e-18 4.22421e-17 -4.24707e-17
2.84576e-17 -9.65072e-18 -3.68789e-17
-6.61744e-24 3.30872e-24 0.0
1.1839e-23 -1.15805e-23 0.0
-1.24077e-24 -1.98523e-23 6.61744e-24
-9.18369e-18 3.41114e-17 1.63988e-17
3.92548e-19 -9.52054e-18 2.49535e-18
-9.08828e-18 9.05637e-19 1.83943e-17
-2.40659e-17 6.33233e-18 -4.31575e-18
-4.21794e-17 -1.11168e-17 1.08588e-17
4.63702e-17 3.10771e-17 6.26804e-18
1.66785e-16 7.78675e-19 -3.86082e-17
2.58226e-17 -1.70889e-17 -1.25098e-17
-5.48157e-17 -1.00369e-17 2.01216e-17
-9.42289e-17 -1.07951e-16 6.69557e-17
-1.08206e-22 -1.69572e-23 0.0
-1.48883e-16 -4.17564e-17 -1.3773e-16
5.31225e-17 -3.53658e-16 -2.04495e-16
-2.0608e-16 -1.28537e-16 5.50439e-17
-9.63213e-18 -4.25762e-18 7.85131e-18
-2.88738e-17 -1.22936e-17 5.36445e-18
-2.66988e-16 -5.78948e-17 -1.3376e-17
-7.88673e-17 9.31382e-18 -1.17465e-16
-1.01455e-16 -8.93414e-17 -6.60691e-18
1.1635e-16 -6.7264e-18 4.03307e-17
4.40213e-16 3.88828e-16 -1.64131e-17
-1.67678e-15 -1.09352e-16 -8.59845e-17
1.25464e-16 -6.11637e-17 -2.66488e-17
-1.28316e-16 7.10308e-17 -5.69204e-17
1.06069e-17 1.57665e-18 9.55303e-18
8.60022e-17 -1.69764e-16 -3.8503e-17
-1.04021e-16 -2.11414e-17 -3.40753e-17
1.59263e-18 2.27938e-18 -2.51844e-18
1.60641e-16 -2.08109e-17 2.66341e-17
-1.67471e-16 -1.32711e-16 -2.37298e-17
-1.06012e-16 -2.85251e-17 -1.55216e-17
-2.72426e-16 1.05595e-17 -8.3101e-17
0.0 -2.26761e-25 0.0
2.57032e-17 5.52612e-17 -4.6455e-17
-8.62912e-18 -1.31411e-17 -7.25265e-18
8.84412e-16 -2.68902e-16 -5.62303e-16
8.32858e-17 -1.93694e-17 3.19014e-19
5.64519e-17 -1.08225e-16 -5.56631e-18
4.58707e-17 -1.85771e-16 -1.97388e-17
-8.99061e-17 9.09424e-18 8.89113e-19
5.44022e-16 1.88784e-16 -1.35373e-16
-3.44219e-17 -3.34797e-17 -1.84436e-17
2.87445e-23 -4.3427e-23 0.0
1.70398e-16 4.94443e-17 4.88239e-17
-1.20438e-16 -1.38249e-16 1.11783e-17
1.21839e-16 -1.27127e-16 -1.46014e-17
-1.65436e-24 6.61744e-24 0.0
-6.60533e-17 1.2327e-17 2.67418e-18
1.08608e-18 -2.55424e-17 -1.80494e-17
2.74724e-17 -2.14349e-18 -3.41094e-17
1.80669e-17 -1.94006e-17 -9.6914e-18
7.42127e-17 -3.6437e-17 -4.07143e-17
2.55581e-17 -4.62418e-18 -4.77797e-17
-2.24726e-16 -1.06416e-17 -1.83024e-17
-1.24184e-17 1.38682e-17 -5.66263e-18
3.30872e-24 -3.30872e-24 6.61744e-24
-2.25455e-17 -6.5263e-17 2.41476e-18
-1.9064e-17 2.74592e-18 -1.48951e-17
-2.46554e-18 -9.09905e-18 -1.86045e-18
-2.17994e-17 4.15623e-17 -8.23319e-18
1.94757e-17 3.66131e-17 9.10223e-19
2.02104e-16 -2.58878e-17 1.78455e-17
-2.11395e-17 -1.25259e-16 -3.83706e-19
2.31134e-16 -3.75415e-17 -6.67453e-17
-1.56655e-17 -1.66169e-17 -7.62391e-18
1.07705e-16 4.30072e-17 -1.30293e-16
2.62665e-16 -1.02796e-16 -3.35653e-16
9.40596e-17 -4.01263e-17 9.5495e-18
-5.11004e-18 8.5089e-18 -1.20659e-17
-1.58464e-16 1.99317e-17 2.66317e-17
-2.27622e-16 -3.20357e-17 -7.7732e-17
-1.76083e-17 9.17339e-17 -5.513e-17
1.37289e-16 -5.45105e-17 -3.98888e-17
-1.8198e-23 3.72231e-24 0.0
-2.42251e-17 2.74465e-17 2.1674e-18
1.65436e-24 -8.27181e-25 0.0
1.88015e-16 3.75493e-17 2.95122e-16
5.94257e-17 -1.13018e-17 -4.84288e-17
1.07116e-17 3.51124e-17 -2.74539e-17
4.0842e-23 -3.72231e-24 0.0
2.36121e-17 7.72119e-17 -2.853e-17
7.09919e-19 -3.54383e-17 2.83135e-17
5.36453e-16 3.0592e-16 6.52748e-17
1.68412e-18 -4.14862e-18 -3.14383e-17
5.48471e-16 -1.77957e-16 2.4515e-16
7.44019e-17 -6.84406e-17 -3.23081e-17
2.06092e-16 -6.36259e-16 -2.35714e-16
-2.49688e-17 -7.66271e-18 -1.42029e-17
-1.58133e-17 1.11226e-17 -2.57096e-17
1.65436e-24 3.30872e-24 0.0
0.0 -3.30872e-24 0.0
-1.70058e-17 -3.77473e-17 -1.02552e-17
2.13251e-17 -7.34792e-18 -7.916e-18
4.88792e-16 -8.30961e-18 -2.36636e-16
1.9015e-17 -4.56541e-18 -5.23615e-19
-1.11996e-16 -1.52545e-16 -8.941e-17
9.38051e-18 2.31764e-17 -3.19875e-17
-4.27107e-18 -7.89594e-17 -2.37589e-17
-2.10435e-17 5.01692e-18 2.07772e-18
-2.77653e-17 1.55418e-17 -5.16612e-18
-6.61003e-19 1.05518e-17 -6.99934e-18
9.3198e-18 -1.99869e-17 -6.46429e-18
-1.51481e-16 5.30277e-16 -5.62736e-16
6.2207e-17 -1.19605e-16 3.156e-17
-4.49971e-17 -5.20073e-17 5.33237e-17
-3.30394e-17 -6.7825e-18 -4.61186e-18
1.28313e-16 -9.72913e-17 -8.99437e-17
-5.59808e-17 -2.81185e-17 -6.37521e-17
2.6452e-18 -1.72897e-17 -3.11862e-17
-2.77731e-16 -7.6786e-17 5.1744e-17
-4.38746e-17 4.87363e-17 -7.18086e-17
4.79589e-17 4.94303e-17 -1.93508e-17
-1.9213e-16 -6.37493e-17 3.64526e-17
1.10973e-17 3.81329e-18 -1.11932e-17
-1.74778e-17 -2.83346e-17 5.65236e-18
-1.27916e-16 1.7765e-17 -1.28222e-17
-6.04876e-24 0.0 0.0
-1.62205e-16 -3.9969e-17 -8.26216e-17
1.03817e-17 7.99627e-17 -1.39066e-17
-1.22064e-16 -1.18249e-16 8.42982e-17
2.11104e-17 -2.07693e-17 2.22252e-17
-6.63942e-17 -1.94078e-17 5.66514e-17
6.20385e-25 -3.30872e-24 0.0
-1.72895e-17 8.40692e-17 -4.35894e-17
1.58395e-17 -1.5598e-17 -2.15631e-17
1.32629e-17 -5.03747e-17 -2.6725e-17
3.63846e-17 -7.44834e-17 -6.31634e-18
2.22758e-16 -5.75392e-16 1.73735e-16
2.93827e-17 3.82984e-17 2.91394e-17
9.15863e-17 -1.63832e-17 -3.8098e-16
-3.50526e-17 -7.30612e-17 -1.92007e-17
-1.0301e-17 1.56915e-17 -1.85799e-17
-6.46235e-27 -2.13799e-24 0.0
-3.3992e-17 2.50767e-17 -2.59186e-17
-2.45029e-16 -3.65951e-17 -3.29018e-17
-3.77115e-17 3.3926e-17 -1.0927e-17
5.08286e-19 8.91015e-18 -3.72046e-17
-1.65104e-18 -3.92513e-17 -3.03008e-17
-6.91497e-17 -7.05838e-17 -3.86718e-17
2.22537e-16 -1.08064e-16 2.66342e-16
-5.85706e-18 1.34703e-18 -2.78688e-17
2.87753e-17 1.8616e-18 -2.37844e-17
4.96327e-16 5.04077e-16 1.46534e-17
-2.87312e-17 5.41686e-17 1.10525e-18
3.5973e-16 6.8518e-17 -7.66644e-17
1.92775e-17 -1.01111e-17 -1.72289e-17
-1.71338e-17 2.14649e-17 -2.92203e-17
-1.65881e-17 -8.73203e-17 -6.42179e-17
-5.29819e-19 -1.87926e-17 1.07173e-17
4.50862e-16 -1.27995e-18 4.93652e-17
4.40123e-17 -3.3952e-17 -2.90867e-17
1.46828e-16 -1.28218e-16 1.44811e-17
3.0721e-17 2.61762e-17 7.9637e-18
-5.47766e-19 1.67613e-17 5.96129e-17
-4.98484e-17 9.25252e-17 -8.11516e-17
-3.76376e-17 1.73932e-17 -6.11044e-17
-8.51387e-18 4.7651e-19 -4.14035e-18
-1.00399e-17 5.48847e-17 -3.12998e-17
-3.06259e-17 -1.38586e-17 9.75599e-18
-5.839e-16 4.43534e-16 -9.83073e-17
-4.291e-24 8.27181e-25 0.0
-1.95898e-17 -4.36893e-17 -1.18915e-16
1.92594e-19 -2.97283e-18 5.26248e-18
1.21388e-17 4.27301e-18 -2.29684e-18
-4.3139e-16 1.57832e-17 3.43906e-17
-2.30205e-17 1.70737e-17 -7.3129e-18
-1.55167e-16 1.17046e-16 -3.23993e-17
-3.56761e-17 3.07341e-17 -3.12274e-17
-3.1222e-17 -1.23483e-17 -3.63284e-17
7.71638e-18 -5.50863e-17 1.16742e-17
-4.52182e-18 2.7172e-17 -1.13628e-17
2.41485e-17 3.16823e-17 -4.73786e-17
-5.18573e-17 -6.84147e-18 -1.10132e-17
-2.00943e-16 -8.35291e-17 -4.1238e-17
3.24341e-17 1.46683e-17 -3.68878e-17
-2.8841e-17 -8.68006e-18 -1.02081e-18
0.0 -3.67882e-25 0.0
8.07999e-18 3.08975e-19 3.39643e-18
-2.47533e-18 5.92459e-17 -4.3187e-17
0.0 0.0 0.0
2.13537e-17 6.09782e-18 1.43269e-17
-1.4077e-17 5.54135e-17 -2.34992e-17
1.68984e-16 1.03507e-16 -6.26429e-17
1.45426e-18 4.76163e-18 3.32329e-18
2.22945e-16 5.79489e-16 -9.91638e-17
-1.40014e-16 -5.78706e-17 -3.6598e-17
-3.47052e-17 -2.73023e-18 2.09207e-17
0.0 -2.45778e-23 0.0
-4.17944e-18 4.83615e-17 -4.60895e-17
5.21388e-18 -6.65806e-18 -1.56139e-17
7.82109e-17 6.96506e-17 -2.26206e-16
-8.02334e-17 3.34936e-17 2.82717e-18
-1.61617e-17 6.14729e-17 -1.88668e-17
7.22381e-17 -6.27454e-17 1.09822e-17
-3.85757e-17 4.38383e-17 2.1887e-17
-2.795e-17 -2.02543e-17 -8.36732e-17
-1.36752e-16 -4.31177e-18 -7.76425e-18
-6.19789e-17 -3.32087e-17 2.91141e-17
-2.29357e-18 2.1014e-17 9.4261e-18
7.63898e-17 -2.30965e-17 1.92792e-17
-1.30945e-15 -8.6558e-15 -7.65642e-17
9.16194e-17 -3.25727e-17 1.29275e-17
6.4642e-17 7.56479e-17 -3.30977e-16
0.0 -6.05954e-24 0.0
2.29866e-17 -2.7029e-16 -2.16714e-16
8.30612e-17 -5.09285e-17 -7.128e-17
0.0 0.0 0.0
2.54583e-17 -1.19793e-17 -4.87592e-18
-1.2072e-17 2.86919e-17 4.25255e-18
8.7763e-17 -8.64989e-17 -3.35525e-17
1.30485e-17 7.72992e-18 -4.91942e-18
1.57692e-16 -7.38046e-18 -1.92758e-16
3.85231e-17 -3.39449e-17 -4.10709e-17
1.81214e-17 4.33123e-17 -5.69872e-17
1.93191e-16 -4.18191e-17 -7.30926e-17
5.21738e-18 1.28029e-17 -1.05504e-17
-2.51464e-18 -8.97084e-18 -1.53313e-17
1.51195e-16 -1.08794e-17 -7.85175e-17
-1.18928e-16 4.66795e-18 2.23152e-17
1.85962e-16 2.16235e-17 -2.70359e-16
7.95968e-17 2.99796e-17 -4.53305e-18
-4.39918e-17 -3.5507e-17 2.40693e-17
-1.99493e-16 1.91003e-18 3.439e-17
-1.01198e-16 -7.81402e-17 7.25924e-17
1.27646e-17 -1.75039e-17 -2.51132e-17
-7.5453e-18 -3.20401e-18 -4.11504e-18
1.0098e-17 2.43812e-17 -8.70377e-18
-6.62705e-18 -6.7747e-17 -1.30619e-18
1.96222e-16 -4.95265e-18 5.87162e-17
-1.81076e-17 -4.60762e-18 5.27507e-18
-5.8975e-16 7.74547e-18 2.87041e-17
-5.21821e-17 -6.65933e-17 -2.75707e-17
4.36682e-17 -3.42127e-17 -6.78195e-18
-1.16929e-16 -2.892e-17 1.86816e-16
-1.3453e-17 -1.73072e-17 -2.29859e-17
-3.01561e-17 5.02176e-17 2.06498e-17
6.46235e-27 -4.41859e-25 0.0
7.493e-17 -8.3191e-17 -1.43076e-17
4.50762e-17 -5.45655e-17 -3.35566e-17
-2.22762e-16 -8.07647e-18 -5.79314e-18
1.67237e-17 -3.27978e-17 -3.8222e-17
-6.56145e-18 1.12947e-17 -3.75846e-17
-2.19878e-17 -3.40936e-17 9.96421e-19
1.60148e-15 -1.9162e-15 7.87247e-17
-2.48919e-16 -8.3241e-17 7.97434e-17
2.04028e-18 8.19245e-19 1.34677e-18
5.6848e-22 -3.30872e-24 1.32349e-23
9.83984e-18 -2.09546e-18 1.43143e-17
-2.62654e-17 -2.14708e-17 -2.11268e-17
2.71458e-19 4.00623e-17 -1.25377e-17
6.83969e-17 1.59129e-17 -2.82025e-18
5.24822e-17 4.27397e-17 -3.86811e-17
-6.68678e-18 3.3656e-17 -2.95814e-18
-1.54367e-17 2.55489e-17 3.87094e-19
-5.50605e-20 1.06033e-17 -1.15159e-17
8.00814e-23 0.0 0.0
-1.54032e-17 2.27132e-17 -6.8979e-18
-8.6192e-18 -8.26588e-17 -4.63915e-17
2.68853e-17 1.01189e-17 1.64741e-17
-1.87532e-16 1.03213e-18 -6.3229e-17
6.46235e-27 9.77442e-24 0.0
-1.27781e-16 -1.07823e-16 -6.31216e-17
0.0 0.0 0.0
1.19949e-17 8.63423e-18 3.93959e-18
1.85348e-17 4.59075e-17 -1.79821e-18
4.61879e-16 1.7695e-16 -1.34062e-16
2.07118e-18 -3.3475e-17 1.8296e-18
-1.4195e-17 -1.12082e-17 -1.80025e-17
5.83649e-17 -6.20758e-17 -1.70169e-17
7.6889e-17 3.21221e-16 -1.13949e-16
2.37248e-17 -9.13851e-18 -1.97207e-17
-5.04505e-17 -2.33887e-17 1.2515e-18
-1.46149e-17 -1.77723e-17 -2.93981e-17
0.0 1.8356e-26 0.0
2.30067e-17 -2.67258e-17 2.86788e-18
4.30431e-17 3.7746e-17 -2.07448e-18
-2.53324e-24 1.65436e-24 0.0
6.58273e-17 -6.57015e-17 -4.85316e-17
-1.26239e-17 4.29818e-17 -2.03522e-17
5.53526e-16 -4.20705e-16 -4.50093e-16
-1.32088e-16 -4.61571e-17 -2.98517e-17
-3.79571e-18 -9.21491e-18 -1.46638e-17
-1.34477e-17 -2.9468e-17 -8.76526e-18
1.08107e-16 -2.97584e-16 -6.48522e-17
9.22133e-16 2.51434e-16 -7.26169e-17
8.36841e-16 -9.3347e-16 -4.20897e-16
5.52366e-17 3.13547e-17 2.29292e-17
-1.13202e-16 -7.90835e-17 5.55356e-17
7.98393e-17 1.81603e-17 -9.26123e-18
2.50725e-17 -1.65885e-16 5.25004e-17
-1.20864e-18 5.55747e-17 -1.67513e-17
1.20768e-16 -1.66234e-17 -1.6009e-16
-4.5403e-17 7.27443e-17 -6.5896e-17
-7.91968e-17 3.92668e-17 -8.97674e-17
-2.32791e-17 5.18857e-18 2.31083e-17
-3.18912e-17 3.58105e-17 -2.63023e-17
-1.30905e-17 -1.27127e-17 -1.05211e-17
2.62929e-17 2.97008e-17 -9.86509e-18
1.84658e-17 4.45527e-17 1.6611e-17
2.43327e-16 2.064e-17 -7.83784e-17
-1.60378e-17 -1.67357e-17 -1.10666e-17
-2.82492e-16 -1.6849e-16 -1.40049e-16
3.46886e-16 -2.32039e-17 -4.71412e-17
-4.74953e-18 2.88566e-18 -2.84808e-17
1.86577e-16 -2.99883e-17 -1.57301e-17
7.48662e-18 3.07334e-19 1.17862e-18
-3.99336e-16 -2.32797e-16 1.39355e-17
2.78967e-16 -5.83731e-16 3.60558e-17
-3.02568e-17 5.01715e-17 -7.54536e-18
