# vtk DataFile Version 3.0
LIGGGHTS particles timestep 18400000
ASCII
DATASET POLYDATA
POINTS 885 float
0.0927103 0.0160581 0.00818445
0.0986676 0.0164776 0.00789906
0.0936226 0.0166172 0.00781754
0.0990204 0.0171203 0.00735814
0.092303 0.0175158 0.00727562
0.0911829 0.0159941 0.00860083
0.0995988 0.0173843 0.00729208
0.0968081 0.0153155 0.00927337
0.0976865 0.0186042 0.00699388
0.103516 0.0177755 0.00714463
0.103759 0.0189361 0.00699877
0.103741 0.0175807 0.00718149
0.0978137 0.0191875 0.00694507
0.0977493 0.0188946 0.00695194
0.1034 0.0172431 0.00737281
0.0929019 0.0171577 0.00746323
0.0991421 0.0167371 0.00767969
0.0975103 0.0171995 0.00761316
0.103575 0.0180624 0.0070795
0.103457 0.0174888 0.0072102
0.099285 0.0176329 0.00753079
0.0975279 0.0178475 0.00718094
0.09861 0.0168343 0.00759491
0.092091 0.016822 0.00768887
0.10321 0.016534 0.00789294
0.0875171 0.0162394 0.00793
0.0969833 0.0157261 0.00851259
0.0988078 0.0173258 0.00730774
0.0972704 0.0158013 0.00846056
0.086454 0.0188789 0.00729725
0.0914757 0.0167814 0.00791474
0.10363 0.0170935 0.00749537
0.098384 0.0182762 0.00707379
0.0978921 0.0160724 0.0082415
0.0968594 0.0153815 0.00898527
0.1038 0.0178677 0.00711632
0.103277 0.0167697 0.00772026
0.10334 0.0170063 0.00754668
0.0979539 0.0166781 0.00773161
0.0975628 0.0167518 0.00799788
0.0990362 0.0185573 0.00700408
0.103919 0.0184457 0.00701101
0.0983396 0.0177003 0.00721603
0.0877289 0.0170463 0.00758531
0.0922618 0.0169169 0.00791655
0.0989209 0.0179858 0.00714464
0.0985999 0.0175553 0.0072514
0.103634 0.0183516 0.00702616
0.0971149 0.0161805 0.00814368
0.097215 0.0166885 0.00805819
0.0979762 0.0186993 0.00696998
0.0991726 0.0190104 0.00689824
0.0982849 0.017081 0.00738363
0.103695 0.0186433 0.00699111
0.0981447 0.0181033 0.00738172
0.0989696 0.0182732 0.00707363
0.0971588 0.0164645 0.00824973
0.097644 0.0161537 0.00838992
0.0987068 0.0170521 0.00741271
0.0978596 0.0173881 0.00729382
0.0975977 0.0169824 0.00780541
0.097914 0.0184144 0.00704049
0.09737 0.0170923 0.00737063
0.0977401 0.0165147 0.00786411
0.0978739 0.0182089 0.00729371
0.0974672 0.0175517 0.00725404
0.0986072 0.0189579 0.00690639
0.0991983 0.0178046 0.00718894
0.0969356 0.0155358 0.00873959
0.0980445 0.0189979 0.00691802
0.0992367 0.0169598 0.00749027
0.099429 0.0166709 0.0077371
0.103859 0.0181546 0.0070512
0.0975867 0.0181332 0.00711032
0.0852983 0.0159306 0.00833946
0.0984005 0.0165811 0.00780989
0.0987099 0.0184191 0.00703802
0.0915725 0.0163123 0.00828791
0.0978186 0.0179483 0.00715559
0.0976301 0.0174401 0.00747989
0.0988224 0.0166735 0.00773274
0.0981146 0.0192939 0.00696239
0.099781 0.0180685 0.00712347
0.0912807 0.0167745 0.00768683
0.0863542 0.0168114 0.00788997
0.0913967 0.0165294 0.00807834
0.0971026 0.0162377 0.0084379
0.0904108 0.0149466 0.010978
0.0986609 0.0178406 0.00718133
0.091579 0.0168719 0.00764676
0.103144 0.0162978 0.00806608
0.103079 0.0160617 0.00823921
0.0992952 0.0184102 0.00704005
0.0973369 0.0160284 0.00827622
0.0936228 0.0184961 0.00698723
0.103568 0.0168551 0.0076703
0.0985146 0.0172643 0.00732336
0.0971787 0.0164058 0.00795621
0.0964807 0.0149926 0.0107007
0.0975364 0.0167028 0.00770309
0.0929981 0.0181631 0.00729367
0.0980989 0.018185 0.00709673
0.0998721 0.0175344 0.00725461
0.0875445 0.015734 0.00851071
0.0979705 0.016293 0.00805385
0.0972128 0.0156566 0.00871694
0.0917223 0.0165562 0.00819778
0.0873616 0.0153986 0.00890583
0.0983134 0.0167995 0.00762354
0.0914152 0.0161134 0.00844821
0.0998208 0.0169923 0.0074647
0.0925778 0.018795 0.00706951
0.0988813 0.0190804 0.00691235
0.0985334 0.0168421 0.00788486
0.0966224 0.0151207 0.010132
0.0923194 0.0166097 0.00811847
0.0976805 0.0162339 0.00810315
0.0984007 0.0179854 0.00714555
0.0994679 0.0179486 0.00715299
0.099274 0.0187351 0.00696114
0.0974258 0.0163129 0.00824187
0.097104 0.0153198 0.00919397
0.0930775 0.0169562 0.00759933
0.0993578 0.0175579 0.0072496
0.0989206 0.0176946 0.00721654
0.0869157 0.0165545 0.00805266
0.098927 0.0168959 0.00754359
0.0978787 0.0194739 0.00700607
0.0918306 0.019229 0.00720146
0.0919014 0.0195201 0.00721694
0.0849616 0.0156721 0.00860598
0.0983682 0.016354 0.00800324
0.0854456 0.0151114 0.0094489
0.0966918 0.015185 0.00984728
0.0861372 0.0157507 0.00856185
0.0909037 0.0157064 0.00911131
0.0971619 0.0154535 0.00893175
0.0857612 0.0154378 0.0089073
0.090708 0.0152591 0.00990592
0.098573 0.0180475 0.00738311
0.0980547 0.0176092 0.00723898
0.0981261 0.0164896 0.00788921
0.0910866 0.0160235 0.00814317
0.0931522 0.0174953 0.00727416
0.0914651 0.0175341 0.00724152
0.098203 0.0185085 0.00701672
0.0983022 0.0188451 0.00693348
0.0931803 0.0181278 0.00705611
0.0979894 0.0171255 0.00735846
0.0931427 0.0159609 0.00826119
0.0911505 0.0164529 0.00823171
0.103014 0.0158255 0.00841235
0.0985911 0.0183476 0.0073052
0.0873397 0.0155952 0.00868033
0.0920258 0.020106 0.0072525
0.0913455 0.0170248 0.00753472
0.0914433 0.0153692 0.00910657
0.0983712 0.0191414 0.00693257
0.092368 0.0169245 0.00763608
0.0995527 0.0170989 0.00737292
0.0991593 0.0172403 0.00759547
0.0986454 0.0192622 0.00694798
0.0870163 0.0177579 0.00743497
0.0928359 0.0165714 0.00787226
0.0999043 0.0172449 0.00732604
0.0916443 0.0165334 0.00790901
0.097042 0.0152549 0.0094802
0.0967531 0.01525 0.00956092
0.0933274 0.0165442 0.00788229
0.0929384 0.0179531 0.0070879
0.0928321 0.0168229 0.00770884
0.0974786 0.0164042 0.00796104
0.0975908 0.0169294 0.00751021
0.085744 0.0188497 0.00709191
0.0986612 0.0181317 0.00710903
0.0982043 0.0161503 0.00817625
0.0925027 0.0164727 0.00792038
0.0977599 0.0176629 0.00722657
0.0931641 0.0177615 0.0071364
0.0907751 0.0152273 0.00939243
0.0970484 0.0159535 0.0083282
0.0876475 0.0165289 0.00779209
0.0915782 0.0180931 0.00715226
0.0921136 0.0179305 0.00706996
0.0972438 0.0166282 0.00776574
0.0904544 0.0146194 0.0107443
0.0905188 0.0146465 0.0104525
0.0915789 0.0156601 0.00860213
0.0917528 0.0174595 0.0072819
0.0964093 0.0149286 0.010985
0.0996872 0.0167876 0.00763862
0.0921536 0.0206831 0.0073467
0.091216 0.0165241 0.00783895
0.0917567 0.0162756 0.00801333
0.0918286 0.0155679 0.00874051
0.0934247 0.0173707 0.00728887
0.0916737 0.0160306 0.00816527
0.0992938 0.0172433 0.00732735
0.0862424 0.0152647 0.00911325
0.0995333 0.018233 0.0070833
0.092199 0.0185482 0.00709709
0.0918542 0.016982 0.00759782
0.0970227 0.0160109 0.00862152
0.099218 0.0181098 0.00711359
0.0921801 0.0156028 0.00865732
0.0860843 0.0179798 0.0071625
0.0909607 0.015676 0.00861533
0.0907055 0.0150614 0.00968028
0.0902703 0.0147789 0.0115943
0.0988481 0.0187845 0.00694953
0.0919051 0.0167607 0.0080267
0.0927451 0.0163266 0.00801996
0.0914463 0.0162333 0.0080275
0.0920727 0.0190554 0.0071668
0.0925049 0.0158686 0.00829356
0.0976602 0.0184046 0.00721623
0.0918634 0.0162521 0.00832923
0.0856453 0.0183064 0.00732627
0.0911934 0.0154891 0.0089177
0.0922871 0.0188517 0.00711685
0.0928612 0.0188894 0.00704129
0.0918918 0.017228 0.00743029
0.0855781 0.0180325 0.00742859
0.091816 0.0167157 0.00774381
0.0922103 0.0209698 0.00741429
0.0934227 0.0187173 0.00695512
0.0910313 0.0158531 0.00838374
0.0856394 0.0156291 0.0086903
0.0989863 0.0176313 0.00750231
0.0912542 0.0156358 0.0086632
0.0981477 0.0170606 0.00776738
0.0846729 0.0149605 0.0097997
0.0856623 0.01653 0.00814877
0.0873437 0.0174599 0.00740009
0.0924324 0.0156775 0.00851305
0.0924426 0.0183791 0.00705178
0.0909966 0.0150891 0.00961351
0.0922687 0.0160217 0.00818991
0.0986922 0.0174914 0.00752959
0.0920214 0.0164543 0.00817379
0.0973116 0.0169028 0.00787137
0.0794512 0.016276 0.00794758
0.0936834 0.0178267 0.00713645
0.0916975 0.0158211 0.00837859
0.0980884 0.0184341 0.0072838
0.091946 0.0159182 0.00824137
0.0923217 0.02008 0.00721045
0.0933631 0.0170247 0.00753822
0.0854309 0.0169201 0.00784771
0.0873622 0.0169828 0.0075949
0.0917655 0.0189366 0.00718586
0.0865832 0.0186002 0.00702441
0.0991072 0.0180196 0.00737737
0.0919775 0.0165034 0.00788113
0.091693 0.0152775 0.00924532
0.0982389 0.0173793 0.00729543
0.0915202 0.017801 0.00711614
0.0934417 0.0176455 0.00716967
0.098519 0.0186438 0.00698286
0.0983924 0.0185635 0.00724272
0.0973088 0.0168512 0.00757587
0.0844805 0.0146891 0.0106354
0.0925534 0.0167272 0.00776514
0.0862486 0.0164814 0.00815465
0.0786924 0.0149946 0.00969043
0.0918185 0.017814 0.00708749
0.0931048 0.0167124 0.00777197
0.0911513 0.0162738 0.00799106
0.0929808 0.0161729 0.00812397
0.0920626 0.0176469 0.00715311
0.0912965 0.015079 0.00961067
0.0923336 0.0172897 0.00747033
0.0916433 0.0183854 0.00716966
0.0932737 0.0162327 0.00809837
0.090616 0.0151179 0.0101543
0.0924741 0.0162112 0.0080808
0.0975596 0.015867 0.00841532
0.0870913 0.0157112 0.00855856
0.0903898 0.0146321 0.0110369
0.0853014 0.0149654 0.00966767
0.0853895 0.0165015 0.00796929
0.087091 0.0153194 0.00900992
0.0931875 0.0172262 0.00740211
0.0919455 0.0157041 0.00850018
0.0934059 0.0179362 0.00710462
0.0859531 0.0164684 0.0081051
0.0913254 0.0157997 0.00842224
0.0920286 0.0174941 0.00740898
0.0850843 0.0161127 0.00847052
0.0933518 0.0183691 0.00700771
0.084729 0.0150767 0.0095289
0.0922995 0.017193 0.00775226
0.0921311 0.0170773 0.00753261
0.0909 0.0155288 0.00886956
0.080145 0.015199 0.00935203
0.0930719 0.016418 0.00797613
0.0789397 0.0156122 0.00869217
0.0990801 0.0174479 0.0072772
0.0928717 0.0158458 0.00832181
0.0928744 0.0176653 0.00714956
0.0981158 0.0178943 0.00716849
0.0976582 0.0171723 0.0073475
0.079286 0.0168557 0.00795176
0.0911312 0.0161956 0.00838475
0.0920772 0.0180787 0.00733331
0.0860773 0.015949 0.00834496
0.0852344 0.016528 0.00771288
0.0858373 0.0158294 0.00847954
0.085698 0.0185781 0.00721063
0.0865015 0.0182724 0.00734203
0.0980406 0.0168939 0.00754213
0.0923632 0.0177895 0.00715813
0.0933954 0.0167812 0.00771042
0.0919439 0.0186994 0.00714259
0.0790078 0.0150542 0.00956704
0.0863665 0.0172644 0.00743878
0.0788148 0.0152975 0.00918742
0.092663 0.0170072 0.00787458
0.0875505 0.0184341 0.00698197
0.0872822 0.0158583 0.00837995
0.0926242 0.0172609 0.00740173
0.0913733 0.0152233 0.00935917
0.0926467 0.0170173 0.00757521
0.0923538 0.0191528 0.00712825
0.0795169 0.017775 0.00740647
0.0862776 0.0171512 0.007702
0.090983 0.0153807 0.00911684
0.0918752 0.0181074 0.00711333
0.0996259 0.017701 0.00721387
0.086211 0.0182348 0.00706804
0.0916137 0.0171579 0.00756334
0.0920909 0.0203975 0.00727942
0.0981457 0.0172799 0.00756268
0.0843934 0.0149703 0.0111429
0.092653 0.0178615 0.00710016
0.0848951 0.0154677 0.0088278
0.0790704 0.0152118 0.00931897
0.0858097 0.0166482 0.0076621
0.0806807 0.0218332 0.00799812
0.0858591 0.0185318 0.0069618
0.0914867 0.0155175 0.00884945
0.0931517 0.0185907 0.00697905
0.0844406 0.0147752 0.01092
0.0905802 0.0147526 0.0101788
0.0793852 0.0160202 0.00809477
0.0925782 0.017581 0.00717547
0.0903255 0.0146492 0.0113294
0.0922301 0.0163554 0.00798233
0.0856084 0.0160178 0.00826857
0.0910735 0.0152334 0.00936203
0.0913796 0.0159746 0.00818465
0.0920247 0.0161658 0.00809145
0.0794306 0.0153486 0.00910023
0.0788771 0.0154548 0.00893975
0.091737 0.0154262 0.00898854
0.0851827 0.0155352 0.00877454
0.087275 0.0183206 0.00704704
0.0854648 0.0154604 0.00886648
0.0796577 0.0175829 0.00722414
0.0853007 0.0160112 0.00865185
0.0878839 0.0168109 0.00768791
0.0935775 0.0181774 0.00705621
0.091394 0.0149327 0.00985374
0.0850912 0.0160705 0.0081736
0.0857221 0.0177723 0.00747283
0.0851123 0.0153346 0.00898625
0.0805966 0.0155489 0.00877269
0.0866972 0.016399 0.00818722
0.0790052 0.0157978 0.0084658
0.085984 0.0173735 0.00762528
0.0846086 0.0148575 0.010074
0.0791929 0.016408 0.00787105
0.0877804 0.017345 0.00746614
0.0861285 0.0174333 0.0073693
0.086589 0.0170005 0.00782216
0.087618 0.0175761 0.00736497
0.0873558 0.0164605 0.00780699
0.0927909 0.0173923 0.00761379
0.091965 0.0198128 0.00723386
0.0809754 0.0176827 0.00752387
0.0836858 0.0157592 0.013946
0.0910988 0.0158265 0.00883503
0.0863733 0.0163875 0.00781662
0.0860076 0.0184781 0.00721691
0.0865552 0.0155164 0.00883556
0.0790632 0.0159246 0.00820025
0.0839804 0.0157958 0.0139892
0.0904747 0.0149195 0.0106862
0.0866625 0.0158603 0.0084116
0.0905399 0.014956 0.0103956
0.0919635 0.0172394 0.00772136
0.0866567 0.0173377 0.00741932
0.0859771 0.0167089 0.00792644
0.0793784 0.0172058 0.00752759
0.0860057 0.0178775 0.00743407
0.0793203 0.0169159 0.0075784
0.081426 0.0160491 0.00808406
0.0855162 0.017796 0.00723323
0.0866761 0.0172695 0.00771082
0.0797079 0.0167677 0.00792323
0.0854579 0.0161864 0.00846588
0.0867897 0.017818 0.00722991
0.0875843 0.0167996 0.00767923
0.0906418 0.0149154 0.00993442
0.0921859 0.0182305 0.00709844
0.0842565 0.0146722 0.0116448
0.0797763 0.0178717 0.00724167
0.0858867 0.01947 0.00732142
0.0865059 0.0165609 0.00802239
0.0790851 0.0161835 0.00835456
0.0926445 0.019092 0.00708602
0.0850191 0.0150261 0.00958632
0.0914059 0.0172758 0.007382
0.0870755 0.0179343 0.00719964
0.0872183 0.0162516 0.00797263
0.0869585 0.0167069 0.00779783
0.0863322 0.0160914 0.00815656
0.096551 0.0150568 0.0104162
0.0862695 0.0155694 0.00876091
0.0850093 0.0159492 0.00871061
0.0868303 0.018432 0.00699949
0.0843167 0.0148151 0.011388
0.0803358 0.0213544 0.0078715
0.0859163 0.0181532 0.00735674
0.090761 0.0154009 0.00963672
0.0863339 0.0168779 0.00759196
0.0863289 0.0187566 0.00705352
0.0799524 0.0175423 0.00726266
0.0868555 0.0171328 0.00751145
0.0797173 0.0153946 0.0090249
0.0870656 0.0169379 0.00760001
0.0902599 0.0149681 0.0118268
0.0849379 0.0151595 0.0093302
0.085384 0.0161457 0.00810638
0.0873483 0.0180523 0.00715939
0.0854651 0.0152589 0.00908869
0.0792992 0.0163271 0.00820112
0.0795826 0.0167902 0.0076516
0.0863488 0.0184982 0.00720469
0.0875498 0.0178496 0.00725073
0.0864802 0.0191656 0.007212
0.0869563 0.0158899 0.00835901
0.0874554 0.0177713 0.00752453
0.0928658 0.0174197 0.00732165
0.0856709 0.016212 0.00804867
0.0922535 0.0166102 0.00782581
0.092784 0.0185777 0.00705276
0.0814893 0.0168505 0.00769431
0.0865286 0.0178626 0.00737064
0.0873044 0.0173604 0.00768036
0.086815 0.0183282 0.00728051
0.0856316 0.0183484 0.00702954
0.0817296 0.0179156 0.00719783
0.0875061 0.0172288 0.00750125
0.0873764 0.0186781 0.00699452
0.0860685 0.0154371 0.00894001
0.0859419 0.0161292 0.00814694
0.0796444 0.0165048 0.00807128
0.0860379 0.0168382 0.0076197
0.0860026 0.0171064 0.00748997
0.0864958 0.0156983 0.00860161
0.0926928 0.0182162 0.00702311
0.0794483 0.0174857 0.00744557
0.0871138 0.0172778 0.00746394
0.086275 0.0177632 0.00724432
0.0872413 0.0167155 0.00769825
0.0852748 0.0163517 0.00829515
0.0855901 0.0169136 0.00755719
0.0733031 0.0168535 0.00763162
0.0853033 0.0168323 0.0075908
0.0864846 0.0175625 0.00732027
0.0855728 0.0180724 0.00713131
0.0867098 0.0176609 0.00749891
0.0859074 0.0182372 0.00706888
0.0849385 0.015749 0.00892255
0.0867752 0.0168652 0.00762074
0.0807719 0.0173179 0.00742337
0.0929856 0.0183559 0.00706417
0.0860291 0.0187631 0.00705734
0.0806239 0.0165004 0.00782186
0.0795157 0.0165299 0.00780145
0.081544 0.0171177 0.00756939
0.0787524 0.0151401 0.00943508
0.0870021 0.018201 0.00708359
0.0877305 0.0160962 0.00808462
0.0793711 0.0171063 0.00781051
0.0815548 0.0183549 0.00702937
0.0865032 0.0182981 0.00704314
0.0919403 0.0183997 0.00713067
0.0872765 0.0177296 0.00728742
0.0864537 0.0151201 0.00926974
0.0836161 0.0159466 0.0141696
0.0739464 0.0185416 0.00735182
0.0802762 0.0166757 0.00800086
0.0858812 0.01633 0.00836138
0.0862248 0.019019 0.00715503
0.0855113 0.0166417 0.00769246
0.0865347 0.0153076 0.00904996
0.085784 0.0172975 0.00741499
0.0855374 0.0158214 0.00848397
0.0859569 0.0164063 0.00781165
0.0865651 0.0170584 0.0075288
0.0805297 0.0174736 0.00733289
0.0857459 0.0161126 0.00851773
0.080437 0.0158105 0.00836398
0.0727058 0.0151389 0.00974408
0.0859335 0.0152461 0.00912797
0.0856841 0.0167701 0.0079058
0.0811514 0.0161725 0.00801216
0.0867152 0.0167674 0.00796255
0.0794932 0.0155059 0.00885257
0.0863636 0.0158853 0.00840783
0.0852276 0.015186 0.00925683
0.0792575 0.0166617 0.00772471
0.0796753 0.017311 0.00735662
0.0816825 0.0185333 0.00723399
0.085683 0.0151748 0.00927686
0.0856138 0.0175303 0.00733236
0.0807983 0.0186018 0.00715793
0.0843645 0.0145987 0.0111504
0.0859358 0.0156063 0.00873088
0.0677033 0.0186567 0.00719191
0.0852556 0.0157298 0.00855818
0.0801765 0.0206025 0.00769896
0.0868234 0.0154386 0.00894502
0.0814094 0.0163152 0.00794651
0.0924371 0.0180682 0.00707522
0.086915 0.0174827 0.0073718
0.0870406 0.0189516 0.00712292
0.0870254 0.0164148 0.00781092
0.0921954 0.0157807 0.0083528
0.0851558 0.0163209 0.00802154
0.0861679 0.0185135 0.00696585
0.0799696 0.0172682 0.00739553
0.0865178 0.0166613 0.00768819
0.0865491 0.0162226 0.00799512
0.0819095 0.017319 0.0074962
0.086173 0.0162621 0.00834494
0.0812854 0.0172628 0.007483
0.0809062 0.0165931 0.00778046
0.0817537 0.0164812 0.00788889
0.0810484 0.0179653 0.007409
0.0796825 0.015986 0.00811535
0.0870649 0.0155159 0.00878476
0.0790429 0.0160519 0.00862077
0.0866927 0.0189671 0.00713852
0.0791953 0.0155265 0.00882365
0.0744357 0.0194738 0.00730845
0.0800975 0.0180933 0.00709712
0.0817761 0.01678 0.00774669
0.0810064 0.0171557 0.00751648
0.087342 0.0160498 0.00815693
0.0864762 0.017485 0.00760997
0.0848287 0.0152758 0.00906439
0.0808911 0.0182111 0.00732907
0.0816614 0.0188145 0.00713183
0.0853833 0.017119 0.00762826
0.0866699 0.0164242 0.00779135
0.08096 0.0168712 0.00765025
0.0799061 0.0158756 0.00828826
0.0795579 0.015663 0.00860532
0.0810504 0.0174245 0.00739011
0.0676393 0.0183636 0.00719451
0.0868528 0.0187295 0.00704944
0.0870415 0.0160765 0.0081401
0.0867957 0.0156788 0.0086099
0.0845449 0.0147739 0.010355
0.0796432 0.0170654 0.00753889
0.0817951 0.0181811 0.00707442
0.0804035 0.0217264 0.00795618
0.0735317 0.0178678 0.00738684
0.0734018 0.017304 0.00754161
0.0736603 0.0184515 0.00735635
0.0868478 0.0162325 0.00796978
0.0867065 0.0160515 0.00818471
0.0800019 0.0187472 0.00733709
0.0743059 0.0188883 0.00732597
0.0798446 0.0157096 0.00853041
0.0876192 0.0181703 0.00710724
0.0756493 0.0167548 0.00761615
0.0813946 0.0190959 0.0072246
0.0797039 0.0160682 0.00850904
0.0875842 0.015928 0.00828533
0.0866951 0.0180813 0.00712175
0.073106 0.0161718 0.00819758
0.0802743 0.0186703 0.00723767
0.0802513 0.017367 0.00736622
0.074206 0.0197126 0.00731638
0.0799379 0.0153768 0.00922744
0.0801317 0.0157591 0.00844807
0.0789471 0.0148967 0.00981502
0.086105 0.019277 0.00725014
0.0861818 0.0187369 0.00731422
0.0744799 0.0171904 0.00734983
0.0785186 0.0147309 0.0104696
0.0737255 0.0187443 0.0073604
0.0864017 0.0180171 0.00714701
0.0807849 0.0160678 0.00807142
0.0858008 0.0178942 0.00721028
0.0793217 0.0158415 0.00832777
0.0859148 0.0176292 0.00729233
0.0814897 0.0180714 0.00710744
0.0805571 0.0187688 0.00722043
0.0808498 0.0163295 0.0079208
0.0862163 0.0181677 0.00736038
0.079349 0.016103 0.0084722
0.0808991 0.0178466 0.00717745
0.0792056 0.0166055 0.00809647
0.0804524 0.0169351 0.0075882
0.0722326 0.0148178 0.0117645
0.0854129 0.017321 0.00740845
0.0820845 0.0181189 0.00712297
0.0804254 0.0181891 0.0070985
0.075934 0.0168985 0.00753657
0.0677725 0.0189486 0.00719073
0.0795595 0.0162024 0.00828287
0.0810388 0.0159518 0.00818123
0.0807107 0.0179687 0.00737769
0.0820064 0.0183783 0.00699418
0.0740113 0.0188343 0.00734267
0.0806653 0.0180096 0.00708399
0.0797482 0.0162397 0.00796934
0.0791101 0.0158307 0.00881201
0.0812345 0.0169862 0.00761266
0.081135 0.017686 0.00726987
0.0794666 0.0151884 0.00935127
0.0739849 0.0199153 0.0073245
0.0858076 0.0191264 0.0071889
0.0740762 0.0191271 0.0073339
0.0807348 0.0183146 0.00709484
0.0802679 0.0161556 0.00801931
0.0734273 0.0168634 0.0079161
0.0807308 0.0170412 0.00755375
0.0729074 0.0154731 0.00875344
0.0801037 0.016576 0.00777656
0.086175 0.0165959 0.00773137
0.0799294 0.0184771 0.00722079
0.0797658 0.0151754 0.00936827
0.0808779 0.0171584 0.0077875
0.0818323 0.0170518 0.00761968
0.0798784 0.0167473 0.00767721
0.0804969 0.0172041 0.00746036
0.0791327 0.0153692 0.00907128
0.0813625 0.0188055 0.00715661
0.0803944 0.0166673 0.0077248
0.0789855 0.0155563 0.00925375
0.0813549 0.0180528 0.00737479
0.0745054 0.016656 0.00777223
0.079979 0.0165847 0.0080557
0.0786685 0.0147194 0.01021
0.0793077 0.0150525 0.00956641
0.0745065 0.0156612 0.00850066
0.0806063 0.0170355 0.0078266
0.0802183 0.0170991 0.00749712
0.0742709 0.0200054 0.00730762
0.0813055 0.0158573 0.00828076
0.0806811 0.0167658 0.0076831
0.0800097 0.015444 0.008944
0.0798127 0.0164936 0.00782321
0.0814781 0.0165801 0.0078236
0.0802132 0.0164212 0.00814756
0.0799761 0.0160679 0.00806897
0.0740498 0.0202081 0.00731574
0.0811861 0.0182929 0.00731116
0.0802086 0.0159571 0.00823621
0.0678985 0.0195351 0.00718785
0.0803339 0.0164096 0.00787313
0.0804983 0.0159894 0.00811576
0.073238 0.0166282 0.00781867
0.0744051 0.0179465 0.00734243
0.0742151 0.0157253 0.00846897
0.0797024 0.0186399 0.00732982
0.0803304 0.0179049 0.00711271
0.0856636 0.0164457 0.00786085
0.0871005 0.018563 0.00701916
0.0861053 0.0169782 0.0078763
0.0803731 0.0171997 0.00773358
0.0798061 0.0181519 0.00713774
0.0799363 0.0170023 0.00753039
0.0862225 0.0176944 0.00753157
0.0794927 0.0159453 0.0086831
0.074667 0.0178009 0.00732757
0.0792601 0.0156841 0.0085756
0.0796389 0.0183496 0.00728923
0.0808052 0.0175875 0.00729595
0.0733512 0.0166389 0.00810004
0.0737903 0.019037 0.00735077
0.0813071 0.0185128 0.00709019
0.0819644 0.0175862 0.0073713
0.0807207 0.015865 0.00828294
0.075331 0.0166473 0.00771411
0.0741904 0.0172651 0.00732553
0.0816808 0.0162077 0.00801567
0.0739767 0.0160395 0.00825424
0.0788003 0.0154355 0.00945653
0.0810267 0.0168594 0.0079425
0.0813732 0.017528 0.00736116
0.0804939 0.0184826 0.0071563
0.07368 0.015271 0.00905285
0.0819046 0.0186502 0.00706974
0.0814291 0.0177971 0.00723539
0.067925 0.0184549 0.00720329
0.0803993 0.0174765 0.00760306
0.0749012 0.0160047 0.00821633
0.0816749 0.0176484 0.00732275
0.0806927 0.0157012 0.00853268
0.0811139 0.01899 0.00722412
0.0734042 0.0161462 0.00821688
0.0791283 0.0161572 0.00802242
0.0802949 0.0176356 0.00723992
0.0816218 0.0182494 0.00730959
0.0741473 0.015528 0.00868459
0.0805586 0.016767 0.00795695
0.0798587 0.0162183 0.00830045
0.0861568 0.0162569 0.0079781
0.0818903 0.018117 0.00735159
0.0803007 0.0154972 0.00885719
0.0681194 0.0193324 0.00719921
0.0800418 0.0168399 0.00791112
0.0786324 0.0148873 0.00996407
0.0733404 0.0159142 0.00839602
0.0737385 0.0176411 0.00735459
0.0809746 0.0157744 0.00841453
0.074345 0.0161921 0.00811667
0.0745553 0.0158958 0.00832018
0.0744644 0.0183954 0.00732643
0.0803674 0.015654 0.00861029
0.0800703 0.0156016 0.008696
0.0724348 0.0149834 0.0109034
0.0811918 0.0167058 0.00774468
0.0806547 0.0176381 0.00755046
0.0796194 0.0158222 0.00835861
0.0758302 0.0178595 0.00726357
0.0793733 0.0157664 0.00894077
0.0748379 0.0173543 0.00732536
0.0746361 0.0161258 0.00814541
0.0749215 0.0176424 0.00731845
0.0801633 0.0168346 0.00763178
0.0747967 0.0165924 0.00780475
0.0727537 0.015164 0.00944901
0.0740563 0.0170416 0.0074741
0.0802096 0.0183873 0.00716229
0.0741291 0.0170143 0.00776383
0.080243 0.0153393 0.00910565
0.0748276 0.0187931 0.00729987
0.0752823 0.0161689 0.00806935
0.0812445 0.0182234 0.00702522
0.0735047 0.0154407 0.00878112
0.0736399 0.0158792 0.00839526
0.0800906 0.0170996 0.00776858
0.0751781 0.0174877 0.00730487
0.0754689 0.0174151 0.00729078
0.0737667 0.0163387 0.00805503
0.0739277 0.0158027 0.00843177
0.0746199 0.0168717 0.00759793
0.0730888 0.0152957 0.0089799
0.0808301 0.0188929 0.00722607
0.0797799 0.0155519 0.00877725
0.0811459 0.0164376 0.00787192
0.0737752 0.0171226 0.00740748
0.0722972 0.014874 0.011477
0.0789199 0.0157392 0.00902515
0.074241 0.0185955 0.00733473
0.0741119 0.0180098 0.00734534
0.0676933 0.0173172 0.00733521
0.0670798 0.0160507 0.0082408
0.0810819 0.0186996 0.00715614
0.0750553 0.0169579 0.00750463
0.0810193 0.0184103 0.00709118
0.0735982 0.0181581 0.00735114
0.0809542 0.0181146 0.00705214
0.0816201 0.0173812 0.00744766
0.0805659 0.0162451 0.00796859
0.0746471 0.0181226 0.00732163
0.082019 0.0178534 0.00724637
0.0795821 0.0180648 0.00736415
0.0738552 0.0193298 0.00734201
0.0797672 0.0189272 0.0073866
0.072974 0.0157104 0.00857
0.0732064 0.0154492 0.0087505
0.0740268 0.0177222 0.00733749
0.0668388 0.0154104 0.00914743
0.0747251 0.0163537 0.00797172
0.0750955 0.0172007 0.00733306
0.0746719 0.019289 0.00729919
0.0738194 0.0170651 0.00769857
0.0754492 0.0177145 0.00728639
0.0739143 0.0173823 0.00732861
0.0739201 0.0196226 0.00733325
0.0741584 0.0176265 0.00758955
0.0739259 0.0167849 0.00768737
0.0734695 0.0163721 0.00803067
0.0745646 0.0174777 0.0073319
0.0736149 0.0173669 0.00733983
0.0731917 0.0160225 0.00863297
0.0747496 0.017092 0.00744105
0.0748181 0.0157712 0.00839378
0.074764 0.0183987 0.0073104
0.0740575 0.0162695 0.00807948
0.0730408 0.0159465 0.00838462
0.0735495 0.0165947 0.00784612
0.0743542 0.0174063 0.00753348
0.075386 0.01714 0.00737697
0.0750614 0.0164653 0.00786647
0.0759826 0.0174233 0.00726343
0.0736982 0.0161485 0.00827665
0.0756663 0.0170152 0.00746835
0.0729271 0.0151805 0.00920476
0.0737574 0.0173492 0.00760321
0.0744339 0.0164199 0.00794297
0.0735018 0.0170264 0.0074879
0.0749904 0.0162327 0.00804247
0.0746067 0.0189959 0.00730798
0.072854 0.0154474 0.00908873
0.0753534 0.0164033 0.00789619
0.0750163 0.01856 0.00729402
0.0757315 0.0172809 0.0073452
0.0670161 0.0158125 0.00841168
0.0741795 0.018302 0.00734405
0.0673383 0.017006 0.00756234
0.0805708 0.0177498 0.00720278
0.0741411 0.0194199 0.00732514
0.0735017 0.01599 0.00863737
0.0731715 0.0163983 0.00800953
0.0745293 0.0186882 0.00731767
0.0669502 0.0155738 0.00858098
0.0806424 0.0173259 0.00769384
0.0738844 0.0182481 0.00735131
0.0755615 0.0179924 0.00727539
0.0672095 0.0165281 0.00790137
0.0726465 0.0151099 0.0100367
0.0677376 0.017585 0.00720754
0.0729726 0.0158894 0.00881079
0.0734714 0.0175894 0.00748077
0.0678334 0.0192423 0.0071892
0.0738551 0.0165606 0.00787358
0.0753595 0.0168871 0.00753605
0.075718 0.0175815 0.00727457
0.0751235 0.01884 0.00728324
0.0756118 0.0165148 0.00779227
0.0745153 0.0176839 0.00755845
0.0760868 0.0177044 0.0072528
0.0800381 0.0163223 0.00792257
0.0725761 0.0150739 0.0103261
0.073286 0.0164131 0.00828639
0.0749092 0.017977 0.00731028
0.075026 0.0182531 0.00729906
0.0750409 0.016717 0.0076828
0.0732725 0.0156807 0.00857164
0.061431 0.0173953 0.00725254
0.0672747 0.016767 0.00773207
0.0743708 0.019181 0.00731721
0.0811899 0.0179537 0.0071447
0.0800512 0.0178001 0.00714511
0.0671447 0.0162894 0.00807105
0.0742642 0.015962 0.00829143
0.0733576 0.0171171 0.007772
0.0676318 0.017077 0.0075042
0.0743468 0.0169837 0.00752164
0.0738195 0.0179429 0.0073482
0.0668945 0.0154921 0.00886421
0.0742177 0.0167297 0.00772998
0.0743174 0.0176475 0.00733601
0.0675731 0.018071 0.00719461
0.0738595 0.0156034 0.0086454
0.0735711 0.0156523 0.00857907
0.0674509 0.0174861 0.00722224
0.0733846 0.0153156 0.0090259
0.0675109 0.0177799 0.00723175
0.0738755 0.0154002 0.00886549
0.0752789 0.0180922 0.00728854
0.0674086 0.0172486 0.00740053
0.0748925 0.0190859 0.00729111
0.0759983 0.0171501 0.00738632
0.072362 0.0149299 0.0111894
0.0736289 0.0168171 0.00766118
0.0751666 0.0178142 0.00729955
0.0741466 0.0164987 0.00790761
0.0734728 0.0162497 0.00848997
0.0751932 0.0159411 0.00824304
0.0737562 0.0168377 0.007932
0.0675611 0.0168387 0.00767345
0.0751117 0.0157263 0.00843601
0.0732251 0.0151475 0.00921635
0.0740555 0.0173193 0.00758796

VERTICES 885 1770
1 0
1 1
1 2
1 3
1 4
1 5
1 6
1 7
1 8
1 9
1 10
1 11
1 12
1 13
1 14
1 15
1 16
1 17
1 18
1 19
1 20
1 21
1 22
1 23
1 24
1 25
1 26
1 27
1 28
1 29
1 30
1 31
1 32
1 33
1 34
1 35
1 36
1 37
1 38
1 39
1 40
1 41
1 42
1 43
1 44
1 45
1 46
1 47
1 48
1 49
1 50
1 51
1 52
1 53
1 54
1 55
1 56
1 57
1 58
1 59
1 60
1 61
1 62
1 63
1 64
1 65
1 66
1 67
1 68
1 69
1 70
1 71
1 72
1 73
1 74
1 75
1 76
1 77
1 78
1 79
1 80
1 81
1 82
1 83
1 84
1 85
1 86
1 87
1 88
1 89
1 90
1 91
1 92
1 93
1 94
1 95
1 96
1 97
1 98
1 99
1 100
1 101
1 102
1 103
1 104
1 105
1 106
1 107
1 108
1 109
1 110
1 111
1 112
1 113
1 114
1 115
1 116
1 117
1 118
1 119
1 120
1 121
1 122
1 123
1 124
1 125
1 126
1 127
1 128
1 129
1 130
1 131
1 132
1 133
1 134
1 135
1 136
1 137
1 138
1 139
1 140
1 141
1 142
1 143
1 144
1 145
1 146
1 147
1 148
1 149
1 150
1 151
1 152
1 153
1 154
1 155
1 156
1 157
1 158
1 159
1 160
1 161
1 162
1 163
1 164
1 165
1 166
1 167
1 168
1 169
1 170
1 171
1 172
1 173
1 174
1 175
1 176
1 177
1 178
1 179
1 180
1 181
1 182
1 183
1 184
1 185
1 186
1 187
1 188
1 189
1 190
1 191
1 192
1 193
1 194
1 195
1 196
1 197
1 198
1 199
1 200
1 201
1 202
1 203
1 204
1 205
1 206
1 207
1 208
1 209
1 210
1 211
1 212
1 213
1 214
1 215
1 216
1 217
1 218
1 219
1 220
1 221
1 222
1 223
1 224
1 225
1 226
1 227
1 228
1 229
1 230
1 231
1 232
1 233
1 234
1 235
1 236
1 237
1 238
1 239
1 240
1 241
1 242
1 243
1 244
1 245
1 246
1 247
1 248
1 249
1 250
1 251
1 252
1 253
1 254
1 255
1 256
1 257
1 258
1 259
1 260
1 261
1 262
1 263
1 264
1 265
1 266
1 267
1 268
1 269
1 270
1 271
1 272
1 273
1 274
1 275
1 276
1 277
1 278
1 279
1 280
1 281
1 282
1 283
1 284
1 285
1 286
1 287
1 288
1 289
1 290
1 291
1 292
1 293
1 294
1 295
1 296
1 297
1 298
1 299
1 300
1 301
1 302
1 303
1 304
1 305
1 306
1 307
1 308
1 309
1 310
1 311
1 312
1 313
1 314
1 315
1 316
1 317
1 318
1 319
1 320
1 321
1 322
1 323
1 324
1 325
1 326
1 327
1 328
1 329
1 330
1 331
1 332
1 333
1 334
1 335
1 336
1 337
1 338
1 339
1 340
1 341
1 342
1 343
1 344
1 345
1 346
1 347
1 348
1 349
1 350
1 351
1 352
1 353
1 354
1 355
1 356
1 357
1 358
1 359
1 360
1 361
1 362
1 363
1 364
1 365
1 366
1 367
1 368
1 369
1 370
1 371
1 372
1 373
1 374
1 375
1 376
1 377
1 378
1 379
1 380
1 381
1 382
1 383
1 384
1 385
1 386
1 387
1 388
1 389
1 390
1 391
1 392
1 393
1 394
1 395
1 396
1 397
1 398
1 399
1 400
1 401
1 402
1 403
1 404
1 405
1 406
1 407
1 408
1 409
1 410
1 411
1 412
1 413
1 414
1 415
1 416
1 417
1 418
1 419
1 420
1 421
1 422
1 423
1 424
1 425
1 426
1 427
1 428
1 429
1 430
1 431
1 432
1 433
1 434
1 435
1 436
1 437
1 438
1 439
1 440
1 441
1 442
1 443
1 444
1 445
1 446
1 447
1 448
1 449
1 450
1 451
1 452
1 453
1 454
1 455
1 456
1 457
1 458
1 459
1 460
1 461
1 462
1 463
1 464
1 465
1 466
1 467
1 468
1 469
1 470
1 471
1 472
1 473
1 474
1 475
1 476
1 477
1 478
1 479
1 480
1 481
1 482
1 483
1 484
1 485
1 486
1 487
1 488
1 489
1 490
1 491
1 492
1 493
1 494
1 495
1 496
1 497
1 498
1 499
1 500
1 501
1 502
1 503
1 504
1 505
1 506
1 507
1 508
1 509
1 510
1 511
1 512
1 513
1 514
1 515
1 516
1 517
1 518
1 519
1 520
1 521
1 522
1 523
1 524
1 525
1 526
1 527
1 528
1 529
1 530
1 531
1 532
1 533
1 534
1 535
1 536
1 537
1 538
1 539
1 540
1 541
1 542
1 543
1 544
1 545
1 546
1 547
1 548
1 549
1 550
1 551
1 552
1 553
1 554
1 555
1 556
1 557
1 558
1 559
1 560
1 561
1 562
1 563
1 564
1 565
1 566
1 567
1 568
1 569
1 570
1 571
1 572
1 573
1 574
1 575
1 576
1 577
1 578
1 579
1 580
1 581
1 582
1 583
1 584
1 585
1 586
1 587
1 588
1 589
1 590
1 591
1 592
1 593
1 594
1 595
1 596
1 597
1 598
1 599
1 600
1 601
1 602
1 603
1 604
1 605
1 606
1 607
1 608
1 609
1 610
1 611
1 612
1 613
1 614
1 615
1 616
1 617
1 618
1 619
1 620
1 621
1 622
1 623
1 624
1 625
1 626
1 627
1 628
1 629
1 630
1 631
1 632
1 633
1 634
1 635
1 636
1 637
1 638
1 639
1 640
1 641
1 642
1 643
1 644
1 645
1 646
1 647
1 648
1 649
1 650
1 651
1 652
1 653
1 654
1 655
1 656
1 657
1 658
1 659
1 660
1 661
1 662
1 663
1 664
1 665
1 666
1 667
1 668
1 669
1 670
1 671
1 672
1 673
1 674
1 675
1 676
1 677
1 678
1 679
1 680
1 681
1 682
1 683
1 684
1 685
1 686
1 687
1 688
1 689
1 690
1 691
1 692
1 693
1 694
1 695
1 696
1 697
1 698
1 699
1 700
1 701
1 702
1 703
1 704
1 705
1 706
1 707
1 708
1 709
1 710
1 711
1 712
1 713
1 714
1 715
1 716
1 717
1 718
1 719
1 720
1 721
1 722
1 723
1 724
1 725
1 726
1 727
1 728
1 729
1 730
1 731
1 732
1 733
1 734
1 735
1 736
1 737
1 738
1 739
1 740
1 741
1 742
1 743
1 744
1 745
1 746
1 747
1 748
1 749
1 750
1 751
1 752
1 753
1 754
1 755
1 756
1 757
1 758
1 759
1 760
1 761
1 762
1 763
1 764
1 765
1 766
1 767
1 768
1 769
1 770
1 771
1 772
1 773
1 774
1 775
1 776
1 777
1 778
1 779
1 780
1 781
1 782
1 783
1 784
1 785
1 786
1 787
1 788
1 789
1 790
1 791
1 792
1 793
1 794
1 795
1 796
1 797
1 798
1 799
1 800
1 801
1 802
1 803
1 804
1 805
1 806
1 807
1 808
1 809
1 810
1 811
1 812
1 813
1 814
1 815
1 816
1 817
1 818
1 819
1 820
1 821
1 822
1 823
1 824
1 825
1 826
1 827
1 828
1 829
1 830
1 831
1 832
1 833
1 834
1 835
1 836
1 837
1 838
1 839
1 840
1 841
1 842
1 843
1 844
1 845
1 846
1 847
1 848
1 849
1 850
1 851
1 852
1 853
1 854
1 855
1 856
1 857
1 858
1 859
1 860
1 861
1 862
1 863
1 864
1 865
1 866
1 867
1 868
1 869
1 870
1 871
1 872
1 873
1 874
1 875
1 876
1 877
1 878
1 879
1 880
1 881
1 882
1 883
1 884

POINT_DATA 885
SCALARS id int 1
LOOKUP_TABLE default
1
2
3
4
5
6
7
8
9
10
11
12
13
14
15
16
17
18
19
20
21
22
23
24
25
26
27
28
29
30
31
32
33
34
35
36
37
39
40
41
42
43
44
45
46
47
48
49
50
51
52
53
54
56
57
58
59
60
61
62
63
64
65
67
68
69
70
71
72
73
74
75
76
77
78
79
80
81
82
83
84
85
86
87
88
89
90
91
92
93
94
95
96
97
98
99
100
101
102
103
104
105
106
107
108
109
110
111
112
113
114
115
116
117
118
119
120
121
122
123
124
125
126
127
129
130
131
132
133
134
135
136
137
138
139
140
141
142
143
144
145
146
147
148
149
150
151
153
154
155
156
157
158
159
160
161
162
163
164
165
166
167
168
169
170
171
172
173
174
175
176
177
178
179
180
181
182
183
184
185
186
187
188
189
190
191
192
193
194
195
196
197
198
199
200
201
202
203
204
205
206
207
208
209
210
211
212
213
214
215
217
218
219
220
221
222
223
224
225
226
227
228
229
230
231
232
233
234
235
236
237
238
239
240
241
242
243
244
245
246
247
248
249
250
251
252
253
254
255
256
257
258
259
260
261
262
263
264
265
266
267
268
269
270
271
273
274
275
276
277
278
279
280
281
282
283
284
285
286
287
288
289
290
291
292
293
294
295
296
297
298
299
300
301
302
303
304
305
306
307
308
309
310
311
312
313
314
315
316
317
318
319
320
321
322
323
324
325
326
327
328
329
330
331
332
333
334
335
336
337
338
339
340
341
342
343
344
345
346
347
348
349
350
351
352
353
354
355
356
357
358
359
360
361
362
363
364
365
366
367
368
369
370
371
372
373
374
375
376
377
378
379
380
381
382
383
384
385
386
387
388
389
390
391
392
393
394
395
396
397
398
399
400
401
402
403
404
405
406
407
408
409
410
411
412
413
414
415
416
417
418
419
420
421
422
423
424
425
426
427
428
429
430
431
432
433
434
435
436
437
438
439
440
441
442
443
444
445
446
447
448
449
450
451
452
453
454
455
456
457
458
459
460
461
462
463
464
465
466
467
468
469
470
471
472
473
474
475
476
477
478
479
480
481
482
483
484
485
486
487
488
489
490
491
492
493
494
495
496
497
498
499
500
501
502
503
504
505
506
507
508
509
510
511
512
513
514
515
516
517
518
519
520
521
522
523
524
525
526
527
528
529
530
531
532
533
534
535
536
537
538
539
540
541
542
543
544
545
546
547
548
549
550
551
552
553
554
555
556
557
558
559
560
561
562
563
564
565
566
567
568
569
570
571
572
573
574
575
576
577
579
580
581
582
583
584
585
586
587
588
589
590
591
592
593
594
595
596
597
598
599
600
601
602
603
605
606
607
608
609
610
611
612
613
614
615
616
617
618
619
620
621
622
623
624
625
626
627
628
629
630
631
632
633
634
635
636
637
638
640
641
642
643
644
645
646
647
648
649
650
651
652
653
654
655
656
659
660
661
662
663
664
665
666
667
668
669
670
671
672
673
674
675
676
677
678
679
680
681
682
683
684
685
686
687
688
690
691
692
693
694
695
696
697
698
699
700
701
702
703
704
705
706
707
708
709
710
711
712
713
714
715
716
717
718
719
720
721
722
723
724
725
726
727
728
729
730
731
732
733
734
735
736
737
738
739
740
741
742
743
744
745
746
747
748
749
750
751
752
753
754
755
756
757
758
759
760
761
762
764
765
766
767
768
769
770
771
772
773
774
775
776
777
778
779
780
781
782
783
784
785
786
787
788
789
791
792
793
794
795
796
797
798
799
800
801
802
803
804
805
806
807
808
809
810
811
812
813
814
815
816
817
818
819
820
821
822
823
824
825
826
827
828
829
830
831
832
833
834
835
836
837
838
839
840
841
842
843
844
845
846
847
848
849
850
851
852
853
854
855
856
857
858
859
860
861
862
863
864
865
866
867
868
869
870
871
872
873
874
875
876
877
878
879
880
881
882
883
884
885
886
887
888
889
890
891
892
893
894
895
896
897
898
899
900

SCALARS type int 1
LOOKUP_TABLE default
1
1
1
1
1
1
1
1
1
1
1
1
1
1
1
1
1
1
1
1
1
1
1
1
1
1
1
1
1
1
1
1
1
1
1
1
1
1
1
1
1
1
1
1
1
1
1
1
1
1
1
1
1
1
1
1
1
1
1
1
1
1
1
1
1
1
1
1
1
1
1
1
1
1
1
1
1
1
1
1
1
1
1
1
1
1
1
1
1
1
1
1
1
1
1
1
1
1
1
1
1
1
1
1
1
1
1
1
1
1
1
1
1
1
1
1
1
1
1
1
1
1
1
1
1
1
1
1
1
1
1
1
1
1
1
1
1
1
1
1
1
1
1
1
1
1
1
1
1
1
1
1
1
1
1
1
1
1
1
1
1
1
1
1
1
1
1
1
1
1
1
1
1
1
1
1
1
1
1
1
1
1
1
1
1
1
1
1
1
1
1
1
1
1
1
1
1
1
1
1
1
1
1
1
1
1
1
1
1
1
1
1
1
1
1
1
1
1
1
1
1
1
1
1
1
1
1
1
1
1
1
1
1
1
1
1
1
1
1
1
1
1
1
1
1
1
1
1
1
1
1
1
1
1
1
1
1
1
1
1
1
1
1
1
1
1
1
1
1
1
1
1
1
1
1
1
1
1
1
1
1
1
1
1
1
1
1
1
1
1
1
1
1
1
1
1
1
1
1
1
1
1
1
1
1
1
1
1
1
1
1
1
1
1
1
1
1
1
1
1
1
1
1
1
1
1
1
1
1
1
1
1
1
1
1
1
1
1
1
1
1
1
1
1
1
1
1
1
1
1
1
1
1
1
1
1
1
1
1
1
1
1
1
1
1
1
1
1
1
1
1
1
1
1
1
1
1
1
1
1
1
1
1
1
1
1
1
1
1
1
1
1
1
1
1
1
1
1
1
1
1
1
1
1
1
1
1
1
1
1
1
1
1
1
1
1
1
1
1
1
1
1
1
1
1
1
1
1
1
1
1
1
1
1
1
1
1
1
1
1
1
1
1
1
1
1
1
1
1
1
1
1
1
1
1
1
1
1
1
1
1
1
1
1
1
1
1
1
1
1
1
1
1
1
1
1
1
1
1
1
1
1
1
1
1
1
1
1
1
1
1
1
1
1
1
1
1
1
1
1
1
1
1
1
1
1
1
1
1
1
1
1
1
1
1
1
1
1
1
1
1
1
1
1
1
1
1
1
1
1
1
1
1
1
1
1
1
1
1
1
1
1
1
1
1
1
1
1
1
1
1
1
1
1
1
1
1
1
1
1
1
1
1
1
1
1
1
1
1
1
1
1
1
1
1
1
1
1
1
1
1
1
1
1
1
1
1
1
1
1
1
1
1
1
1
1
1
1
1
1
1
1
1
1
1
1
1
1
1
1
1
1
1
1
1
1
1
1
1
1
1
1
1
1
1
1
1
1
1
1
1
1
1
1
1
1
1
1
1
1
1
1
1
1
1
1
1
1
1
1
1
1
1
1
1
1
1
1
1
1
1
1
1
1
1
1
1
1
1
1
1
1
1
1
1
1
1
1
1
1
1
1
1
1
1
1
1
1
1
1
1
1
1
1
1
1
1
1
1
1
1
1
1
1
1
1
1
1
1
1
1
1
1
1
1
1
1
1
1
1
1
1
1
1
1
1
1
1
1
1
1
1
1
1
1
1
1
1
1
1
1
1
1
1
1
1
1
1
1
1
1
1
1
1
1
1
1
1
1
1
1
1
1
1
1
1
1
1
1
1
1
1
1
1
1
1
1
1
1
1
1
1
1
1
1
1
1
1
1
1
1
1
1
1
1
1
1
1
1
1
1
1
1
1
1
1
1
1
1
1
1
1
1
1
1
1
1
1
1
1
1
1
1
1
1
1
1
1
1
1
1
1
1
1
1
1
1
1
1
1
1
1
1
1
1
1
1
1
1
1
1
1
1
1
1
1
1
1
1
1
1
1
1
1
1
1
1
1
1
1
1
1
1
1
1
1
1
1
1
1
1
1
1
1
1

SCALARS radius float 1
LOOKUP_TABLE default
0.00015
0.00015
0.00015
0.00015
0.00015
0.00015
0.00015
0.00015
0.00015
0.00015
0.00015
0.00015
0.00015
0.00015
0.00015
0.00015
0.00015
0.00015
0.00015
0.00015
0.00015
0.00015
0.00015
0.00015
0.00015
0.00015
0.00015
0.00015
0.00015
0.00015
0.00015
0.00015
0.00015
0.00015
0.00015
0.00015
0.00015
0.00015
0.00015
0.00015
0.00015
0.00015
0.00015
0.00015
0.00015
0.00015
0.00015
0.00015
0.00015
0.00015
0.00015
0.00015
0.00015
0.00015
0.00015
0.00015
0.00015
0.00015
0.00015
0.00015
0.00015
0.00015
0.00015
0.00015
0.00015
0.00015
0.00015
0.00015
0.00015
0.00015
0.00015
0.00015
0.00015
0.00015
0.00015
0.00015
0.00015
0.00015
0.00015
0.00015
0.00015
0.00015
0.00015
0.00015
0.00015
0.00015
0.00015
0.00015
0.00015
0.00015
0.00015
0.00015
0.00015
0.00015
0.00015
0.00015
0.00015
0.00015
0.00015
0.00015
0.00015
0.00015
0.00015
0.00015
0.00015
0.00015
0.00015
0.00015
0.00015
0.00015
0.00015
0.00015
0.00015
0.00015
0.00015
0.00015
0.00015
0.00015
0.00015
0.00015
0.00015
0.00015
0.00015
0.00015
0.00015
0.00015
0.00015
0.00015
0.00015
0.00015
0.00015
0.00015
0.00015
0.00015
0.00015
0.00015
0.00015
0.00015
0.00015
0.00015
0.00015
0.00015
0.00015
0.00015
0.00015
0.00015
0.00015
0.00015
0.00015
0.00015
0.00015
0.00015
0.00015
0.00015
0.00015
0.00015
0.00015
0.00015
0.00015
0.00015
0.00015
0.00015
0.00015
0.00015
0.00015
0.00015
0.00015
0.00015
0.00015
0.00015
0.00015
0.00015
0.00015
0.00015
0.00015
0.00015
0.00015
0.00015
0.00015
0.00015
0.00015
0.00015
0.00015
0.00015
0.00015
0.00015
0.00015
0.00015
0.00015
0.00015
0.00015
0.00015
0.00015
0.00015
0.00015
0.00015
0.00015
0.00015
0.00015
0.00015
0.00015
0.00015
0.00015
0.00015
0.00015
0.00015
0.00015
0.00015
0.00015
0.00015
0.00015
0.00015
0.00015
0.00015
0.00015
0.00015
0.00015
0.00015
0.00015
0.00015
0.00015
0.00015
0.00015
0.00015
0.00015
0.00015
0.00015
0.00015
0.00015
0.00015
0.00015
0.00015
0.00015
0.00015
0.00015
0.00015
0.00015
0.00015
0.00015
0.00015
0.00015
0.00015
0.00015
0.00015
0.00015
0.00015
0.00015
0.00015
0.00015
0.00015
0.00015
0.00015
0.00015
0.00015
0.00015
0.00015
0.00015
0.00015
0.00015
0.00015
0.00015
0.00015
0.00015
0.00015
0.00015
0.00015
0.00015
0.00015
0.00015
0.00015
0.00015
0.00015
0.00015
0.00015
0.00015
0.00015
0.00015
0.00015
0.00015
0.00015
0.00015
0.00015
0.00015
0.00015
0.00015
0.00015
0.00015
0.00015
0.00015
0.00015
0.00015
0.00015
0.00015
0.00015
0.00015
0.00015
0.00015
0.00015
0.00015
0.00015
0.00015
0.00015
0.00015
0.00015
0.00015
0.00015
0.00015
0.00015
0.00015
0.00015
0.00015
0.00015
0.00015
0.00015
0.00015
0.00015
0.00015
0.00015
0.00015
0.00015
0.00015
0.00015
0.00015
0.00015
0.00015
0.00015
0.00015
0.00015
0.00015
0.00015
0.00015
0.00015
0.00015
0.00015
0.00015
0.00015
0.00015
0.00015
0.00015
0.00015
0.00015
0.00015
0.00015
0.00015
0.00015
0.00015
0.00015
0.00015
0.00015
0.00015
0.00015
0.00015
0.00015
0.00015
0.00015
0.00015
0.00015
0.00015
0.00015
0.00015
0.00015
0.00015
0.00015
0.00015
0.00015
0.00015
0.00015
0.00015
0.00015
0.00015
0.00015
0.00015
0.00015
0.00015
0.00015
0.00015
0.00015
0.00015
0.00015
0.00015
0.00015
0.00015
0.00015
0.00015
0.00015
0.00015
0.00015
0.00015
0.00015
0.00015
0.00015
0.00015
0.00015
0.00015
0.00015
0.00015
0.00015
0.00015
0.00015
0.00015
0.00015
0.00015
0.00015
0.00015
0.00015
0.00015
0.00015
0.00015
0.00015
0.00015
0.00015
0.00015
0.00015
0.00015
0.00015
0.00015
0.00015
0.00015
0.00015
0.00015
0.00015
0.00015
0.00015
0.00015
0.00015
0.00015
0.00015
0.00015
0.00015
0.00015
0.00015
0.00015
0.00015
0.00015
0.00015
0.00015
0.00015
0.00015
0.00015
0.00015
0.00015
0.00015
0.00015
0.00015
0.00015
0.00015
0.00015
0.00015
0.00015
0.00015
0.00015
0.00015
0.00015
0.00015
0.00015
0.00015
0.00015
0.00015
0.00015
0.00015
0.00015
0.00015
0.00015
0.00015
0.00015
0.00015
0.00015
0.00015
0.00015
0.00015
0.00015
0.00015
0.00015
0.00015
0.00015
0.00015
0.00015
0.00015
0.00015
0.00015
0.00015
0.00015
0.00015
0.00015
0.00015
0.00015
0.00015
0.00015
0.00015
0.00015
0.00015
0.00015
0.00015
0.00015
0.00015
0.00015
0.00015
0.00015
0.00015
0.00015
0.00015
0.00015
0.00015
0.00015
0.00015
0.00015
0.00015
0.00015
0.00015
0.00015
0.00015
0.00015
0.00015
0.00015
0.00015
0.00015
0.00015
0.00015
0.00015
0.00015
0.00015
0.00015
0.00015
0.00015
0.00015
0.00015
0.00015
0.00015
0.00015
0.00015
0.00015
0.00015
0.00015
0.00015
0.00015
0.00015
0.00015
0.00015
0.00015
0.00015
0.00015
0.00015
0.00015
0.00015
0.00015
0.00015
0.00015
0.00015
0.00015
0.00015
0.00015
0.00015
0.00015
0.00015
0.00015
0.00015
0.00015
0.00015
0.00015
0.00015
0.00015
0.00015
0.00015
0.00015
0.00015
0.00015
0.00015
0.00015
0.00015
0.00015
0.00015
0.00015
0.00015
0.00015
0.00015
0.00015
0.00015
0.00015
0.00015
0.00015
0.00015
0.00015
0.00015
0.00015
0.00015
0.00015
0.00015
0.00015
0.00015
0.00015
0.00015
0.00015
0.00015
0.00015
0.00015
0.00015
0.00015
0.00015
0.00015
0.00015
0.00015
0.00015
0.00015
0.00015
0.00015
0.00015
0.00015
0.00015
0.00015
0.00015
0.00015
0.00015
0.00015
0.00015
0.00015
0.00015
0.00015
0.00015
0.00015
0.00015
0.00015
0.00015
0.00015
0.00015
0.00015
0.00015
0.00015
0.00015
0.00015
0.00015
0.00015
0.00015
0.00015
0.00015
0.00015
0.00015
0.00015
0.00015
0.00015
0.00015
0.00015
0.00015
0.00015
0.00015
0.00015
0.00015
0.00015
0.00015
0.00015
0.00015
0.00015
0.00015
0.00015
0.00015
0.00015
0.00015
0.00015
0.00015
0.00015
0.00015
0.00015
0.00015
0.00015
0.00015
0.00015
0.00015
0.00015
0.00015
0.00015
0.00015
0.00015
0.00015
0.00015
0.00015
0.00015
0.00015
0.00015
0.00015
0.00015
0.00015
0.00015
0.00015
0.00015
0.00015
0.00015
0.00015
0.00015
0.00015
0.00015
0.00015
0.00015
0.00015
0.00015
0.00015
0.00015
0.00015
0.00015
0.00015
0.00015
0.00015
0.00015
0.00015
0.00015
0.00015
0.00015
0.00015
0.00015
0.00015
0.00015
0.00015
0.00015
0.00015
0.00015
0.00015
0.00015
0.00015
0.00015
0.00015
0.00015
0.00015
0.00015
0.00015
0.00015
0.00015
0.00015
0.00015
0.00015
0.00015
0.00015
0.00015
0.00015
0.00015
0.00015
0.00015
0.00015
0.00015
0.00015
0.00015
0.00015
0.00015
0.00015
0.00015
0.00015
0.00015
0.00015
0.00015
0.00015
0.00015
0.00015
0.00015
0.00015
0.00015
0.00015
0.00015
0.00015
0.00015
0.00015
0.00015
0.00015
0.00015
0.00015
0.00015
0.00015
0.00015
0.00015
0.00015
0.00015
0.00015
0.00015
0.00015
0.00015
0.00015
0.00015
0.00015
0.00015
0.00015
0.00015
0.00015
0.00015
0.00015
0.00015
0.00015
0.00015
0.00015
0.00015
0.00015
0.00015
0.00015
0.00015
0.00015
0.00015
0.00015
0.00015
0.00015
0.00015
0.00015
0.00015
0.00015
0.00015
0.00015
0.00015
0.00015
0.00015
0.00015
0.00015
0.00015
0.00015
0.00015
0.00015
0.00015
0.00015
0.00015
0.00015
0.00015
0.00015
0.00015
0.00015
0.00015
0.00015
0.00015
0.00015
0.00015
0.00015
0.00015
0.00015
0.00015
0.00015
0.00015
0.00015
0.00015
0.00015
0.00015
0.00015
0.00015
0.00015
0.00015
0.00015
0.00015
0.00015
0.00015
0.00015
0.00015
0.00015
0.00015
0.00015
0.00015
0.00015
0.00015
0.00015
0.00015
0.00015
0.00015
0.00015
0.00015
0.00015
0.00015
0.00015
0.00015
0.00015
0.00015
0.00015
0.00015
0.00015
0.00015
0.00015
0.00015
0.00015
0.00015
0.00015
0.00015
0.00015
0.00015
0.00015
0.00015
0.00015
0.00015
0.00015
0.00015
0.00015
0.00015
0.00015
0.00015
0.00015
0.00015
0.00015

SCALARS mass float 1
LOOKUP_TABLE default
3.95841e-09
3.95841e-09
3.95841e-09
3.95841e-09
3.95841e-09
3.95841e-09
3.95841e-09
3.95841e-09
3.95841e-09
3.95841e-09
3.95841e-09
3.95841e-09
3.95841e-09
3.95841e-09
3.95841e-09
3.95841e-09
3.95841e-09
3.95841e-09
3.95841e-09
3.95841e-09
3.95841e-09
3.95841e-09
3.95841e-09
3.95841e-09
3.95841e-09
3.95841e-09
3.95841e-09
3.95841e-09
3.95841e-09
3.95841e-09
3.95841e-09
3.95841e-09
3.95841e-09
3.95841e-09
3.95841e-09
3.95841e-09
3.95841e-09
3.95841e-09
3.95841e-09
3.95841e-09
3.95841e-09
3.95841e-09
3.95841e-09
3.95841e-09
3.95841e-09
3.95841e-09
3.95841e-09
3.95841e-09
3.95841e-09
3.95841e-09
3.95841e-09
3.95841e-09
3.95841e-09
3.95841e-09
3.95841e-09
3.95841e-09
3.95841e-09
3.95841e-09
3.95841e-09
3.95841e-09
3.95841e-09
3.95841e-09
3.95841e-09
3.95841e-09
3.95841e-09
3.95841e-09
3.95841e-09
3.95841e-09
3.95841e-09
3.95841e-09
3.95841e-09
3.95841e-09
3.95841e-09
3.95841e-09
3.95841e-09
3.95841e-09
3.95841e-09
3.95841e-09
3.95841e-09
3.95841e-09
3.95841e-09
3.95841e-09
3.95841e-09
3.95841e-09
3.95841e-09
3.95841e-09
3.95841e-09
3.95841e-09
3.95841e-09
3.95841e-09
3.95841e-09
3.95841e-09
3.95841e-09
3.95841e-09
3.95841e-09
3.95841e-09
3.95841e-09
3.95841e-09
3.95841e-09
3.95841e-09
3.95841e-09
3.95841e-09
3.95841e-09
3.95841e-09
3.95841e-09
3.95841e-09
3.95841e-09
3.95841e-09
3.95841e-09
3.95841e-09
3.95841e-09
3.95841e-09
3.95841e-09
3.95841e-09
3.95841e-09
3.95841e-09
3.95841e-09
3.95841e-09
3.95841e-09
3.95841e-09
3.95841e-09
3.95841e-09
3.95841e-09
3.95841e-09
3.95841e-09
3.95841e-09
3.95841e-09
3.95841e-09
3.95841e-09
3.95841e-09
3.95841e-09
3.95841e-09
3.95841e-09
3.95841e-09
3.95841e-09
3.95841e-09
3.95841e-09
3.95841e-09
3.95841e-09
3.95841e-09
3.95841e-09
3.95841e-09
3.95841e-09
3.95841e-09
3.95841e-09
3.95841e-09
3.95841e-09
3.95841e-09
3.95841e-09
3.95841e-09
3.95841e-09
3.95841e-09
3.95841e-09
3.95841e-09
3.95841e-09
3.95841e-09
3.95841e-09
3.95841e-09
3.95841e-09
3.95841e-09
3.95841e-09
3.95841e-09
3.95841e-09
3.95841e-09
3.95841e-09
3.95841e-09
3.95841e-09
3.95841e-09
3.95841e-09
3.95841e-09
3.95841e-09
3.95841e-09
3.95841e-09
3.95841e-09
3.95841e-09
3.95841e-09
3.95841e-09
3.95841e-09
3.95841e-09
3.95841e-09
3.95841e-09
3.95841e-09
3.95841e-09
3.95841e-09
3.95841e-09
3.95841e-09
3.95841e-09
3.95841e-09
3.95841e-09
3.95841e-09
3.95841e-09
3.95841e-09
3.95841e-09
3.95841e-09
3.95841e-09
3.95841e-09
3.95841e-09
3.95841e-09
3.95841e-09
3.95841e-09
3.95841e-09
3.95841e-09
3.95841e-09
3.95841e-09
3.95841e-09
3.95841e-09
3.95841e-09
3.95841e-09
3.95841e-09
3.95841e-09
3.95841e-09
3.95841e-09
3.95841e-09
3.95841e-09
3.95841e-09
3.95841e-09
3.95841e-09
3.95841e-09
3.95841e-09
3.95841e-09
3.95841e-09
3.95841e-09
3.95841e-09
3.95841e-09
3.95841e-09
3.95841e-09
3.95841e-09
3.95841e-09
3.95841e-09
3.95841e-09
3.95841e-09
3.95841e-09
3.95841e-09
3.95841e-09
3.95841e-09
3.95841e-09
3.95841e-09
3.95841e-09
3.95841e-09
3.95841e-09
3.95841e-09
3.95841e-09
3.95841e-09
3.95841e-09
3.95841e-09
3.95841e-09
3.95841e-09
3.95841e-09
3.95841e-09
3.95841e-09
3.95841e-09
3.95841e-09
3.95841e-09
3.95841e-09
3.95841e-09
3.95841e-09
3.95841e-09
3.95841e-09
3.95841e-09
3.95841e-09
3.95841e-09
3.95841e-09
3.95841e-09
3.95841e-09
3.95841e-09
3.95841e-09
3.95841e-09
3.95841e-09
3.95841e-09
3.95841e-09
3.95841e-09
3.95841e-09
3.95841e-09
3.95841e-09
3.95841e-09
3.95841e-09
3.95841e-09
3.95841e-09
3.95841e-09
3.95841e-09
3.95841e-09
3.95841e-09
3.95841e-09
3.95841e-09
3.95841e-09
3.95841e-09
3.95841e-09
3.95841e-09
3.95841e-09
3.95841e-09
3.95841e-09
3.95841e-09
3.95841e-09
3.95841e-09
3.95841e-09
3.95841e-09
3.95841e-09
3.95841e-09
3.95841e-09
3.95841e-09
3.95841e-09
3.95841e-09
3.95841e-09
3.95841e-09
3.95841e-09
3.95841e-09
3.95841e-09
3.95841e-09
3.95841e-09
3.95841e-09
3.95841e-09
3.95841e-09
3.95841e-09
3.95841e-09
3.95841e-09
3.95841e-09
3.95841e-09
3.95841e-09
3.95841e-09
3.95841e-09
3.95841e-09
3.95841e-09
3.95841e-09
3.95841e-09
3.95841e-09
3.95841e-09
3.95841e-09
3.95841e-09
3.95841e-09
3.95841e-09
3.95841e-09
3.95841e-09
3.95841e-09
3.95841e-09
3.95841e-09
3.95841e-09
3.95841e-09
3.95841e-09
3.95841e-09
3.95841e-09
3.95841e-09
3.95841e-09
3.95841e-09
3.95841e-09
3.95841e-09
3.95841e-09
3.95841e-09
3.95841e-09
3.95841e-09
3.95841e-09
3.95841e-09
3.95841e-09
3.95841e-09
3.95841e-09
3.95841e-09
3.95841e-09
3.95841e-09
3.95841e-09
3.95841e-09
3.95841e-09
3.95841e-09
3.95841e-09
3.95841e-09
3.95841e-09
3.95841e-09
3.95841e-09
3.95841e-09
3.95841e-09
3.95841e-09
3.95841e-09
3.95841e-09
3.95841e-09
3.95841e-09
3.95841e-09
3.95841e-09
3.95841e-09
3.95841e-09
3.95841e-09
3.95841e-09
3.95841e-09
3.95841e-09
3.95841e-09
3.95841e-09
3.95841e-09
3.95841e-09
3.95841e-09
3.95841e-09
3.95841e-09
3.95841e-09
3.95841e-09
3.95841e-09
3.95841e-09
3.95841e-09
3.95841e-09
3.95841e-09
3.95841e-09
3.95841e-09
3.95841e-09
3.95841e-09
3.95841e-09
3.95841e-09
3.95841e-09
3.95841e-09
3.95841e-09
3.95841e-09
3.95841e-09
3.95841e-09
3.95841e-09
3.95841e-09
3.95841e-09
3.95841e-09
3.95841e-09
3.95841e-09
3.95841e-09
3.95841e-09
3.95841e-09
3.95841e-09
3.95841e-09
3.95841e-09
3.95841e-09
3.95841e-09
3.95841e-09
3.95841e-09
3.95841e-09
3.95841e-09
3.95841e-09
3.95841e-09
3.95841e-09
3.95841e-09
3.95841e-09
3.95841e-09
3.95841e-09
3.95841e-09
3.95841e-09
3.95841e-09
3.95841e-09
3.95841e-09
3.95841e-09
3.95841e-09
3.95841e-09
3.95841e-09
3.95841e-09
3.95841e-09
3.95841e-09
3.95841e-09
3.95841e-09
3.95841e-09
3.95841e-09
3.95841e-09
3.95841e-09
3.95841e-09
3.95841e-09
3.95841e-09
3.95841e-09
3.95841e-09
3.95841e-09
3.95841e-09
3.95841e-09
3.95841e-09
3.95841e-09
3.95841e-09
3.95841e-09
3.95841e-09
3.95841e-09
3.95841e-09
3.95841e-09
3.95841e-09
3.95841e-09
3.95841e-09
3.95841e-09
3.95841e-09
3.95841e-09
3.95841e-09
3.95841e-09
3.95841e-09
3.95841e-09
3.95841e-09
3.95841e-09
3.95841e-09
3.95841e-09
3.95841e-09
3.95841e-09
3.95841e-09
3.95841e-09
3.95841e-09
3.95841e-09
3.95841e-09
3.95841e-09
3.95841e-09
3.95841e-09
3.95841e-09
3.95841e-09
3.95841e-09
3.95841e-09
3.95841e-09
3.95841e-09
3.95841e-09
3.95841e-09
3.95841e-09
3.95841e-09
3.95841e-09
3.95841e-09
3.95841e-09
3.95841e-09
3.95841e-09
3.95841e-09
3.95841e-09
3.95841e-09
3.95841e-09
3.95841e-09
3.95841e-09
3.95841e-09
3.95841e-09
3.95841e-09
3.95841e-09
3.95841e-09
3.95841e-09
3.95841e-09
3.95841e-09
3.95841e-09
3.95841e-09
3.95841e-09
3.95841e-09
3.95841e-09
3.95841e-09
3.95841e-09
3.95841e-09
3.95841e-09
3.95841e-09
3.95841e-09
3.95841e-09
3.95841e-09
3.95841e-09
3.95841e-09
3.95841e-09
3.95841e-09
3.95841e-09
3.95841e-09
3.95841e-09
3.95841e-09
3.95841e-09
3.95841e-09
3.95841e-09
3.95841e-09
3.95841e-09
3.95841e-09
3.95841e-09
3.95841e-09
3.95841e-09
3.95841e-09
3.95841e-09
3.95841e-09
3.95841e-09
3.95841e-09
3.95841e-09
3.95841e-09
3.95841e-09
3.95841e-09
3.95841e-09
3.95841e-09
3.95841e-09
3.95841e-09
3.95841e-09
3.95841e-09
3.95841e-09
3.95841e-09
3.95841e-09
3.95841e-09
3.95841e-09
3.95841e-09
3.95841e-09
3.95841e-09
3.95841e-09
3.95841e-09
3.95841e-09
3.95841e-09
3.95841e-09
3.95841e-09
3.95841e-09
3.95841e-09
3.95841e-09
3.95841e-09
3.95841e-09
3.95841e-09
3.95841e-09
3.95841e-09
3.95841e-09
3.95841e-09
3.95841e-09
3.95841e-09
3.95841e-09
3.95841e-09
3.95841e-09
3.95841e-09
3.95841e-09
3.95841e-09
3.95841e-09
3.95841e-09
3.95841e-09
3.95841e-09
3.95841e-09
3.95841e-09
3.95841e-09
3.95841e-09
3.95841e-09
3.95841e-09
3.95841e-09
3.95841e-09
3.95841e-09
3.95841e-09
3.95841e-09
3.95841e-09
3.95841e-09
3.95841e-09
3.95841e-09
3.95841e-09
3.95841e-09
3.95841e-09
3.95841e-09
3.95841e-09
3.95841e-09
3.95841e-09
3.95841e-09
3.95841e-09
3.95841e-09
3.95841e-09
3.95841e-09
3.95841e-09
3.95841e-09
3.95841e-09
3.95841e-09
3.95841e-09
3.95841e-09
3.95841e-09
3.95841e-09
3.95841e-09
3.95841e-09
3.95841e-09
3.95841e-09
3.95841e-09
3.95841e-09
3.95841e-09
3.95841e-09
3.95841e-09
3.95841e-09
3.95841e-09
3.95841e-09
3.95841e-09
3.95841e-09
3.95841e-09
3.95841e-09
3.95841e-09
3.95841e-09
3.95841e-09
3.95841e-09
3.95841e-09
3.95841e-09
3.95841e-09
3.95841e-09
3.95841e-09
3.95841e-09
3.95841e-09
3.95841e-09
3.95841e-09
3.95841e-09
3.95841e-09
3.95841e-09
3.95841e-09
3.95841e-09
3.95841e-09
3.95841e-09
3.95841e-09
3.95841e-09
3.95841e-09
3.95841e-09
3.95841e-09
3.95841e-09
3.95841e-09
3.95841e-09
3.95841e-09
3.95841e-09
3.95841e-09
3.95841e-09
3.95841e-09
3.95841e-09
3.95841e-09
3.95841e-09
3.95841e-09
3.95841e-09
3.95841e-09
3.95841e-09
3.95841e-09
3.95841e-09
3.95841e-09
3.95841e-09
3.95841e-09
3.95841e-09
3.95841e-09
3.95841e-09
3.95841e-09
3.95841e-09
3.95841e-09
3.95841e-09
3.95841e-09
3.95841e-09
3.95841e-09
3.95841e-09
3.95841e-09
3.95841e-09
3.95841e-09
3.95841e-09
3.95841e-09
3.95841e-09
3.95841e-09
3.95841e-09
3.95841e-09
3.95841e-09
3.95841e-09
3.95841e-09
3.95841e-09
3.95841e-09
3.95841e-09
3.95841e-09
3.95841e-09
3.95841e-09
3.95841e-09
3.95841e-09
3.95841e-09
3.95841e-09
3.95841e-09
3.95841e-09
3.95841e-09
3.95841e-09
3.95841e-09
3.95841e-09
3.95841e-09
3.95841e-09
3.95841e-09
3.95841e-09
3.95841e-09
3.95841e-09
3.95841e-09
3.95841e-09
3.95841e-09
3.95841e-09
3.95841e-09
3.95841e-09
3.95841e-09
3.95841e-09
3.95841e-09
3.95841e-09
3.95841e-09
3.95841e-09
3.95841e-09
3.95841e-09
3.95841e-09
3.95841e-09
3.95841e-09
3.95841e-09
3.95841e-09
3.95841e-09
3.95841e-09
3.95841e-09
3.95841e-09
3.95841e-09
3.95841e-09
3.95841e-09
3.95841e-09
3.95841e-09
3.95841e-09
3.95841e-09
3.95841e-09
3.95841e-09
3.95841e-09
3.95841e-09
3.95841e-09
3.95841e-09
3.95841e-09
3.95841e-09
3.95841e-09
3.95841e-09
3.95841e-09
3.95841e-09
3.95841e-09
3.95841e-09
3.95841e-09
3.95841e-09
3.95841e-09
3.95841e-09
3.95841e-09
3.95841e-09
3.95841e-09
3.95841e-09
3.95841e-09
3.95841e-09
3.95841e-09
3.95841e-09
3.95841e-09
3.95841e-09
3.95841e-09
3.95841e-09
3.95841e-09
3.95841e-09
3.95841e-09
3.95841e-09
3.95841e-09
3.95841e-09
3.95841e-09
3.95841e-09
3.95841e-09
3.95841e-09
3.95841e-09
3.95841e-09
3.95841e-09
3.95841e-09
3.95841e-09
3.95841e-09
3.95841e-09
3.95841e-09
3.95841e-09
3.95841e-09
3.95841e-09
3.95841e-09
3.95841e-09
3.95841e-09
3.95841e-09
3.95841e-09
3.95841e-09
3.95841e-09
3.95841e-09
3.95841e-09
3.95841e-09
3.95841e-09
3.95841e-09
3.95841e-09
3.95841e-09
3.95841e-09
3.95841e-09
3.95841e-09
3.95841e-09
3.95841e-09
3.95841e-09
3.95841e-09
3.95841e-09
3.95841e-09
3.95841e-09
3.95841e-09
3.95841e-09
3.95841e-09
3.95841e-09
3.95841e-09
3.95841e-09
3.95841e-09
3.95841e-09
3.95841e-09
3.95841e-09
3.95841e-09
3.95841e-09
3.95841e-09
3.95841e-09
3.95841e-09
3.95841e-09
3.95841e-09
3.95841e-09
3.95841e-09
3.95841e-09
3.95841e-09
3.95841e-09
3.95841e-09
3.95841e-09
3.95841e-09
3.95841e-09
3.95841e-09
3.95841e-09
3.95841e-09
3.95841e-09
3.95841e-09
3.95841e-09
3.95841e-09
3.95841e-09
3.95841e-09
3.95841e-09
3.95841e-09
3.95841e-09
3.95841e-09

VECTORS velocity float
0.00472291 0.000179595 7.09608e-05
0.00473222 0.000270978 -0.000214879
0.00451185 -2.9223e-05 -0.000176296
0.0043914 0.000124774 -3.83318e-05
0.00443147 -0.000390243 -0.000543744
0.00468914 -9.66364e-05 0.000162482
0.00428876 0.000162674 -3.58365e-05
0.00446131 -0.000203852 -3.39351e-05
0.00476569 0.00027367 -7.41042e-05
0.00425571 -0.000575298 1.61192e-05
0.00459938 -0.000647034 0.000426078
0.0043116 -0.000524496 -5.40322e-06
0.00488039 0.000218019 -7.61495e-05
0.00485421 0.000242964 -7.11843e-05
0.0044099 -0.00033128 0.00044379
0.00455844 -4.46095e-05 -0.000141094
0.0044202 0.000123079 -8.94602e-05
0.0045586 1.89184e-05 3.67567e-05
0.00424613 -0.000585033 1.72107e-05
0.00430631 -0.000520799 0.000145375
0.00449817 0.000526444 -8.47913e-05
0.00434297 0.000172099 -5.20276e-05
0.00456553 0.000243593 -0.00019538
0.00459793 9.33606e-05 0.00012445
0.00460054 -0.000288687 0.000434022
0.00521112 0.000257795 -0.000615289
0.00468449 4.00828e-05 0.000134516
0.00446306 0.000188065 -5.47502e-05
0.00467823 4.54592e-05 0.000127382
0.00459815 0.000139364 9.1043e-05
0.00468 6.52611e-05 0.000173788
0.00450369 -0.000225083 0.000377903
0.00481587 0.00012295 -3.86234e-05
0.00484713 0.000134489 -9.78587e-05
0.00407992 -9.31306e-05 -9.59412e-05
0.00428293 -0.000659117 2.54261e-05
0.00461965 -0.000317901 0.000457524
0.00455635 -0.000330539 0.000468762
0.00461173 0.0001032 -7.16992e-05
0.00460465 3.67286e-05 1.34264e-05
0.00474571 3.42371e-05 -5.37393e-06
0.0045545 -0.00067145 0.000420897
0.00442431 6.95149e-05 -2.45989e-05
0.00467366 0.000222209 0.000116736
0.00458532 8.21071e-05 0.000127603
0.00454162 0.000101082 -2.60506e-05
0.00445748 0.000125238 -3.92562e-05
0.00434418 -0.000607036 0.000126719
0.00471356 3.52676e-05 0.000130417
0.00443893 4.74526e-05 9.14445e-06
0.00483094 0.000189961 -5.26772e-05
0.00478963 1.42958e-05 -8.02923e-06
0.00449408 0.000158388 -0.000108633
0.00457432 -0.000631898 0.000421896
0.00454635 9.1011e-05 -3.69395e-05
0.00472983 3.91705e-05 -1.57905e-05
0.0046068 6.59116e-05 6.65463e-05
0.00485203 9.28662e-06 -2.97625e-05
0.00454409 0.000244457 -0.000189334
0.00440855 0.000131733 -3.88911e-05
0.00461019 1.47519e-06 -9.18116e-06
0.00471867 0.000213005 -5.8845e-05
0.00453735 -8.85101e-05 9.02232e-05
0.00465438 6.29727e-05 -3.9793e-05
0.00460677 0.000171019 -0.000107787
0.00423532 -8.11222e-05 1.54647e-05
0.0048064 0.000100096 -2.15203e-05
0.0044072 0.000363496 -9.87471e-05
0.00469951 6.83009e-06 0.000134912
0.00486713 0.000194616 -7.26934e-05
0.00433961 6.37414e-05 -3.59591e-05
0.00442203 0.000112047 -7.88468e-05
0.0043654 -0.000685847 2.68533e-05
0.00431933 9.37641e-05 -2.99511e-05
0.00479599 0.000142719 0.000102369
0.00466185 0.000194034 -0.000150389
0.00474685 6.19819e-05 -2.06219e-05
0.00471845 8.41862e-05 0.000121065
0.00434373 0.000156813 -3.72033e-05
0.00441348 7.23076e-05 -1.97058e-05
0.00462249 0.000318586 -0.000257554
0.00483774 0.000174487 -7.95189e-05
0.00468459 -5.71659e-05 1.94087e-05
0.00465939 -4.40872e-05 0.000204698
0.00463663 9.78155e-05 0.00012691
0.00471279 1.71513e-05 0.000200227
0.00479838 7.973e-05 0.000129807
0.00473683 0.000631178 -0.00128524
0.00450723 0.000114316 -3.97346e-05
0.00458066 7.68629e-06 0.000148939
0.00458735 -0.000270175 0.000419791
0.0045978 -0.000261161 0.000413809
0.00473022 1.00277e-05 1.31521e-06
0.00471869 3.70492e-05 0.000120632
0.00265512 0.00139613 -0.000237097
0.00465316 -0.000221699 0.000387474
0.00445635 0.00021356 -6.18302e-05
0.00470398 -6.87236e-06 8.27063e-05
0.0049029 -0.000256248 7.39099e-05
0.00463029 1.70496e-06 1.72304e-05
0.0045451 0.000148366 3.88369e-05
0.00461635 0.000127123 -4.15598e-05
0.00468199 2.16705e-05 -1.42073e-05
0.00491654 9.32219e-05 -0.000340719
0.00472686 0.000105296 -7.59591e-05
0.00459371 -2.7922e-05 6.21546e-05
0.00475242 9.54973e-05 0.000119998
0.00484997 7.09756e-05 -0.00031153
0.00457782 0.000177873 -0.000134085
0.00474748 6.58586e-05 0.000156798
0.00452328 4.63021e-05 -2.41313e-05
0.00453403 3.76822e-05 -0.000579107
0.00479947 6.62368e-05 3.77418e-06
0.00460429 0.00015537 -0.000190547
0.00505672 -0.000268353 9.84979e-05
0.00478214 0.000172185 7.26494e-05
0.0047503 5.4523e-05 -2.87986e-05
0.00448263 9.07729e-05 -2.98589e-05
0.0047261 4.78137e-05 -1.91866e-05
0.00476259 5.66801e-06 4.29298e-06
0.00478248 2.42558e-05 5.7684e-05
0.00454013 -0.000198377 -0.000110491
0.00455963 -7.69795e-05 -0.000162842
0.00440627 0.000347025 -9.03286e-05
0.00451419 0.000112384 -3.56785e-05
0.00483013 0.000301827 0.000122469
0.00448371 0.000179672 -0.000142499
0.00486304 0.000211315 -6.75137e-05
0.00457618 9.6687e-05 -0.000589822
0.00458122 0.000115737 -0.000577653
0.00470935 0.000198795 3.76225e-05
0.0047213 0.000175685 -0.000135439
0.00474265 -5.09306e-05 -0.000458218
0.00495279 -0.000246544 7.62731e-05
0.0048601 0.000159118 -0.000154446
0.00608739 0.0048355 -0.003665
0.00426557 -0.000125378 -0.00011941
0.00485517 0.000277733 -3.80353e-05
0.00496136 0.00148803 -0.00151756
0.00451138 0.000105634 -3.91125e-05
0.00439062 0.000137313 -4.47437e-05
0.00467744 0.000127587 -0.000102693
0.00476128 -7.44523e-05 0.000232849
0.00459238 6.53612e-05 1.60113e-05
0.00440113 2.87128e-05 0.000217889
0.00480291 0.000130997 -3.82181e-05
0.00481663 0.000113224 -2.44247e-05
0.00456014 6.90874e-05 0.000108573
0.00447253 0.00014076 -4.66179e-05
0.00476469 0.000213888 5.17879e-05
0.00474111 -2.39681e-05 0.000230348
0.00459817 -0.000254904 0.000408216
0.00465234 0.000145749 -2.4887e-05
0.00495954 6.85086e-05 -0.000320662
0.00466212 0.000118061 -0.000132933
0.00462772 -3.59406e-05 0.000199908
0.00483796 -0.000177605 -9.47388e-06
0.00481005 0.000115163 -4.19406e-05
0.00458711 0.000112163 0.000110968
0.00444301 1.03832e-05 6.18777e-06
0.00441829 0.000110452 -4.63592e-05
0.00481542 8.69368e-05 6.76656e-06
0.00437185 0.000199606 -3.91087e-05
0.0045335 9.83257e-05 0.00011625
0.0046008 1.84152e-05 -1.31565e-05
0.00466339 5.76123e-05 0.000154908
0.00475823 -0.000216113 -8.32721e-05
0.00480933 -0.000245666 4.1564e-05
0.00460308 -4.48012e-05 -0.000161408
0.00452087 9.89285e-05 0.000101252
0.00458518 1.28435e-05 -3.03402e-05
0.00469436 2.34096e-05 3.09519e-05
0.00459976 4.16048e-05 -1.7207e-05
0.00462303 -0.000178848 6.33117e-05
0.00453446 0.000105819 -3.43428e-05
0.00479142 0.000170105 -0.000129797
0.00462253 0.000103681 0.000114055
0.00437079 0.000143056 -4.64911e-05
0.00454281 0.000107998 9.89547e-05
0.00484661 0.00127154 -0.00249683
0.00469709 6.17857e-05 0.000145593
0.00479009 0.000291739 8.5688e-05
0.00448556 2.56763e-06 0.000244599
0.00444389 3.28021e-05 0.000109974
0.00466229 -1.90667e-05 4.2548e-05
0.00466054 0.000186139 -0.000267687
0.00452659 0.000353368 -0.000291692
0.00476943 -0.000193516 -3.15853e-05
0.00489966 0.0015302 -0.000762023
0.00443751 -0.000211763 -2.47301e-05
0.00445029 7.86597e-05 -5.10098e-05
0.00452868 0.0001838 -6.42748e-06
0.00470087 -5.17709e-05 0.000215424
0.00469431 6.56557e-05 0.000148618
0.00483701 -0.000154795 -4.89787e-05
0.00454316 -1.76988e-06 -0.000164727
0.00473408 2.899e-05 0.000136072
0.00447012 5.72201e-05 -1.96533e-05
0.00501649 3.09141e-05 -0.000264202
0.00473231 1.86881e-05 -3.64952e-06
0.0043854 -1.57508e-05 -0.000552865
0.00456257 6.06065e-05 0.000161198
0.00473988 7.45971e-05 0.000152124
0.00472382 3.85653e-05 -1.65892e-05
0.00482875 -0.000138573 -8.08505e-05
0.00446714 4.47237e-05 -3.43657e-05
0.00459384 -0.000191994 8.5291e-05
0.0051344 6.92553e-05 -0.000312733
0.0045607 -0.000230483 -0.000274321
0.00479584 7.16822e-05 -3.94074e-05
0.00464149 0.00013664 0.000114373
0.00459681 7.68001e-05 0.00012917
0.00472773 3.31907e-05 0.000156006
0.00454311 6.75973e-05 -0.000663049
0.00477782 0.000144832 9.62033e-05
0.00462964 0.00015449 -0.000200651
0.00471427 0.000113057 0.000139051
0.00462401 -0.000226659 -2.20394e-05
0.00458217 -0.000184202 -5.00288e-06
0.00450891 5.46645e-05 -0.000751543
0.00453847 5.30517e-05 -0.000574383
0.00454313 4.51588e-05 0.000144709
0.00450254 -0.000196156 -1.954e-05
0.00462254 6.54877e-05 0.000133718
0.00429813 0.000237205 1.25834e-05
0.00263592 0.00138806 -0.00021595
0.00470398 -0.000120003 0.000180975
0.00489835 0.000213757 4.82659e-05
0.00449569 9.99848e-05 -4.73373e-05
0.00455667 -0.000238817 -2.5607e-05
0.0045812 0.000114641 -6.63688e-05
0.00462783 -2.82638e-05 -0.000858608
0.00481592 0.000286951 -0.000183925
0.00465963 0.000224777 0.000117396
0.00479578 -0.000119309 -0.000123311
0.00435891 -5.8167e-05 -0.000356344
0.00519348 -0.000144332 -4.78866e-05
0.0047292 0.000113718 0.000113898
0.00452928 0.000224891 -4.05331e-05
0.00468221 0.000108949 0.000113887
0.00463255 -5.03668e-05 2.83812e-05
0.00470636 -0.00031146 0.000199481
0.00462842 0.000234083 7.95924e-05
0.00478558 -8.89042e-05 3.33751e-05
0.00477046 7.66849e-05 -7.33309e-05
0.00475169 9.25741e-05 0.000122227
0.00456061 -0.000202243 -0.000592596
0.00455737 8.72194e-06 -0.000193825
0.0043639 -4.1347e-05 -6.26162e-05
0.00466569 0.000237804 0.000107377
0.00455021 9.79639e-05 -0.000550604
0.00477173 0.000207998 0.000114996
0.00450985 0.000331508 -1.01513e-05
0.00465701 9.0116e-05 0.000121368
0.00482986 -0.000180416 -1.43503e-05
0.00442483 0.000152904 -4.52264e-05
0.00434718 4.30574e-05 0.000249453
0.0045653 9.51293e-05 8.66756e-05
0.00477817 7.83986e-05 -2.61018e-05
0.00474336 0.000239308 -6.96691e-06
0.00462317 -1.24368e-05 2.45978e-05
0.00488433 0.000413904 -0.000663299
0.00458084 9.89326e-05 0.000113965
0.00467246 1.64403e-05 -0.000323678
0.00422679 -0.000117315 0.000802502
0.00433524 3.78722e-05 0.000114863
0.00457275 -7.25381e-05 -0.000148178
0.00472705 -5.68416e-05 0.000224639
0.00470905 0.000190552 6.43187e-05
0.00433485 5.38552e-05 9.78823e-05
0.00514392 -0.000234056 6.83243e-05
0.00456209 1.73695e-06 -9.91283e-05
0.00450761 2.09182e-05 -0.000106687
0.00469803 0.000250699 2.45969e-05
0.00525418 0.00134174 -0.00114765
0.00469817 0.000143203 9.40806e-05
0.00462728 7.08956e-05 -4.4759e-05
0.00490101 1.83555e-05 -0.000252881
0.00481422 0.000179504 -0.000233502
0.0043828 -6.61565e-05 -0.000705977
0.00470989 0.000160593 8.77939e-05
0.00509473 1.61496e-05 -0.000260399
0.00454717 -2.3331e-05 -0.00016781
0.00480825 -0.000106463 -3.94096e-05
0.00455796 9.20655e-05 0.000106721
0.00464411 8.96599e-05 -0.000221902
0.00468737 -9.15558e-05 0.000123819
0.00467987 -3.89183e-05 7.54435e-05
0.00477665 0.00014755 0.000120972
0.00264707 0.00136845 -0.000228414
0.00443884 1.07992e-05 -0.000884064
0.00464936 0.000338712 4.23486e-06
0.00457951 5.34948e-05 0.000157624
0.00460681 -0.000221456 5.91904e-05
0.00463164 0.000408504 -0.000119567
0.00459532 0.000165986 7.32837e-05
0.00452803 -0.000400938 0.00069696
0.00450525 0.000105102 -3.34065e-05
0.00477911 0.000219753 4.91479e-05
0.00456794 0.000116087 0.000102945
0.00446791 0.000117145 -3.87458e-05
0.00448579 6.28288e-05 -3.36899e-05
0.00426508 -0.000516136 0.000323049
0.00472565 -2.80203e-05 0.000215192
0.00455159 0.000214612 4.67687e-06
0.00481525 0.000192494 -0.000124096
0.00448197 0.000186844 -0.000332885
0.00483364 0.000289065 -6.01369e-05
0.00468747 -0.000189655 8.21654e-05
0.0045649 2.59906e-05 -2.26492e-05
0.00454841 0.000134469 -7.08912e-05
0.00452137 2.22601e-05 -0.000143897
0.00455626 1.25325e-05 -0.000201086
0.00447697 5.96132e-05 -0.000517503
0.00449226 -0.000179354 0.000222101
0.00452299 3.09456e-05 0.000126227
0.0043438 -0.000461744 0.000668727
0.00468564 4.74453e-05 1.60562e-05
0.00457737 0.000736349 -0.000620641
0.00492007 2.85782e-05 -0.000250597
0.00458546 3.41247e-05 -3.77727e-05
0.00506999 -0.000231581 3.09661e-05
0.0045869 5.23756e-05 1.31311e-05
0.00455015 9.18373e-05 -0.000566601
0.00466063 -0.000220469 0.000634464
0.00452803 6.3957e-05 0.000135792
0.00481066 -0.00019673 5.1582e-06
0.00446288 3.75731e-05 8.02365e-05
0.00472589 5.6815e-05 -1.73857e-05
0.00455829 -1.03317e-05 -2.40124e-05
0.00452132 2.32408e-05 0.000179542
0.0046926 0.000131351 2.25882e-06
0.00444069 0.000135034 -4.43991e-05
0.00471378 0.000116365 -0.000464533
0.00451899 6.22488e-05 0.000108373
0.00465289 0.000168404 5.55264e-05
0.00452475 -0.000368608 0.000504612
0.00457708 0.000125825 0.000154886
0.000731615 -0.000638398 -0.000193396
0.00464246 -0.000154807 -6.00024e-06
0.00472651 -0.000166862 -2.74773e-05
0.00265809 0.00135584 -0.000229287
0.00486956 0.000383053 -0.000657179
0.00461816 0.000396333 -0.00024978
0.00483086 -0.000503332 0.000254553
0.00447455 -2.03373e-05 -0.000176045
0.00487788 7.20791e-06 -0.000247189
0.00468247 0.000120641 0.000110169
0.0047838 0.000176908 2.11665e-05
0.00508949 -0.000150872 -6.72696e-05
0.00475727 -9.86992e-06 0.000194182
0.00470936 9.93664e-05 0.000126713
0.00454123 -4.74364e-05 2.13142e-05
0.00443202 -0.000430272 0.000688844
0.00486788 -0.000179123 -2.62686e-05
0.00464755 0.000144535 6.93814e-05
0.00471823 0.000468219 1.3718e-05
0.00485927 0.000226919 9.77913e-06
0.00437663 -0.000220915 0.000389521
0.00486872 0.000146698 1.8013e-05
0.00467258 0.000208776 0.000121277
0.00263997 0.0013676 -0.000228378
0.005035 -0.00027167 0.000110506
0.00476879 0.000128977 0.00012252
0.00454107 -7.22458e-05 -1.81135e-07
0.00465588 0.000154219 6.10713e-05
0.00506857 0.000159233 -0.000311559
0.00478828 1.27612e-05 -0.000337446
0.00459859 -0.000425153 0.000663776
0.00440696 1.86118e-05 3.48449e-05
0.00478239 5.24093e-05 -0.000790983
0.00454036 -0.000597807 0.000302366
0.00457786 0.000389048 4.59529e-05
0.00447897 -6.51336e-05 5.22496e-05
0.00472326 0.000161899 0.000148873
0.00457169 0.000400843 4.14823e-05
0.00478532 0.000329198 6.41277e-05
0.0112827 0.010642 -0.0118592
0.00460222 0.000124626 -0.000433293
0.00486373 0.000731394 -0.000196146
0.00358027 0.00202943 0.00419654
0.00463249 -0.000220042 6.37736e-05
0.00467562 -1.00098e-05 -0.000207712
0.00469563 -0.000198084 -4.82111e-05
0.00493093 -0.00015423 -0.000516197
0.00466839 -0.000447513 0.000652144
0.00412898 0.000388437 0.00181187
0.00483949 0.0013194 -0.00146801
0.0048559 8.47317e-05 -0.000217944
0.00482248 0.00165095 -0.00146849
0.00456435 7.44283e-05 0.000130457
0.0044979 0.000138185 0.00014069
0.00464028 0.000557349 -0.000437504
0.00433124 -0.000334194 0.000368611
0.00450195 -0.000113095 3.7909e-05
0.00434633 -0.000438576 0.000271304
0.00500111 0.000687025 -0.000417813
0.00451053 -6.19093e-05 -2.62656e-06
0.00458083 0.000157487 0.000120499
0.00466533 -0.000256579 0.000138773
0.00481809 0.000199711 4.91466e-05
0.00443807 5.12482e-05 0.000176577
0.00468083 0.000263119 9.87744e-05
0.00495679 0.000270844 -0.000211478
0.0044689 2.45967e-05 -0.000152595
0.00486165 -0.00112995 -0.00121923
0.00440781 -0.000147396 0.000315028
0.00448457 -1.51496e-05 4.794e-05
0.00472665 2.72032e-05 -0.00024808
0.00453298 -5.09033e-05 3.28459e-05
0.00453871 8.11926e-05 -0.000569926
0.00440544 -2.47798e-05 -0.000777624
0.00448858 -9.57822e-06 0.00018707
0.00468142 0.00025871 8.62292e-05
0.00484774 0.000214112 -4.96513e-05
0.00476906 0.000279364 0.000121149
0.00456093 6.55488e-06 -0.000204826
0.00512266 -0.000275562 0.000116144
0.00491333 4.5704e-05 -0.000283945
0.00475781 0.000158544 0.00011364
0.00488591 0.000360603 0.000140435
0.00468938 -0.000434645 -0.000845301
0.00353935 -0.00422732 -0.00135157
0.00462635 -7.79842e-05 1.82238e-05
0.00501007 0.00175006 -0.00283061
0.00463623 6.91702e-05 0.000180225
0.00467522 7.27712e-05 8.2653e-05
0.00445868 0.000137644 0.000230836
0.00460558 0.000222248 0.000113794
0.00452756 -4.37436e-05 -6.0233e-05
0.00466836 0.000271729 9.01795e-05
0.00417204 -0.000250516 -0.000329441
0.00453318 0.000100181 -0.00075373
0.00473675 0.000156974 7.64086e-05
0.00457621 0.000449014 2.02223e-05
0.00479636 0.000228809 1.58769e-07
0.00454324 5.71789e-06 7.37481e-05
0.00443287 -0.000295518 0.00020181
0.00461139 1.9546e-05 1.4635e-05
0.00444852 0.000363964 4.44847e-05
0.00447444 0.00017881 0.000121628
0.00487179 1.33163e-05 -0.000240486
0.00462262 0.00041298 0.000107546
0.00460038 3.55304e-05 -8.07452e-06
0.00471618 0.000159972 -1.92245e-05
0.00464079 0.000119682 0.000104246
0.00456779 5.47113e-05 -0.000316698
0.00471059 0.000859149 -0.000110296
0.00436213 -8.49361e-05 8.34259e-05
0.00462463 0.000221201 0.000117921
0.00463007 6.97783e-05 2.10272e-05
0.0046327 -0.000118434 8.69071e-06
0.00461206 0.000770481 -7.75897e-05
0.00466783 0.00023187 0.000113148
0.00472323 0.000787032 0.000389025
0.00499092 0.000195668 -9.03737e-05
0.00474612 0.000202737 -7.40015e-05
0.00469472 -0.000228931 0.0001328
0.00462285 3.35469e-05 8.62569e-07
0.00457194 3.7467e-05 2.18297e-05
0.00484515 5.05543e-05 -0.000295154
0.00446454 4.55171e-05 0.000105441
0.0048753 -0.000290961 0.000723929
0.00463283 0.000203082 0.000124296
0.00434235 4.64131e-06 0.000115431
0.00472538 0.000300302 6.4771e-05
0.00474525 0.000160233 0.000105601
0.00428709 -9.3486e-05 9.81797e-07
0.00449396 -0.000569953 0.000478935
0.00444074 -6.68996e-05 -0.000120009
0.00436194 4.93705e-05 0.000176372
0.00452068 -7.49594e-05 4.49646e-07
0.00440722 -3.50228e-06 0.000151161
0.00461904 -0.000119033 1.32903e-05
0.00464502 0.00016055 7.09826e-05
0.00468306 0.000204477 0.000134396
0.00440818 0.000608319 -1.66154e-06
0.00457307 7.68709e-05 -2.72642e-05
0.00466331 -4.50533e-05 3.87986e-05
0.00487873 0.000123232 -0.000163435
0.00462457 -0.000251192 0.000165892
0.0044673 0.000905744 -0.000146711
0.00420789 -0.00044181 0.000624644
0.00484415 0.000305247 8.84371e-05
0.00490242 9.46588e-05 -0.000345244
0.00446618 -0.000555498 0.000304195
0.00468947 0.000823354 -0.000224351
0.00455156 1.05477e-05 -2.73952e-05
0.00447369 4.62724e-05 -0.000220445
0.00463502 0.000217674 0.000121888
0.00504628 3.56909e-05 -0.0002882
0.00363502 0.00310586 0.00330746
0.00419781 -0.000646517 -3.03476e-05
0.00471564 0.000153849 -0.000166334
0.00466347 0.000241892 -0.000124961
0.0045719 3.62943e-05 6.57631e-05
0.0045525 5.85614e-05 -0.000101985
0.00491784 6.20199e-05 -0.000305254
0.00450839 -4.62909e-05 -1.35132e-05
0.00485164 0.000192348 5.86087e-05
0.00459063 1.62816e-05 -0.000223727
0.00458751 0.000109067 0.000155137
0.00480899 0.000528592 5.54948e-05
0.00473754 0.000264987 3.6698e-06
0.00503823 8.87295e-05 -0.000199577
0.00461532 -0.000976345 0.000836645
0.00495997 0.000276161 -3.6728e-05
0.00453853 0.000251036 0.000111779
0.00483952 0.000592587 -0.000336584
0.00471453 0.000145883 0.0001092
0.00463495 -7.09854e-05 4.19102e-05
0.00483477 0.000148948 -0.00018729
0.00464537 0.000160427 -0.000261661
0.00440198 -0.000518027 0.000305791
0.00492178 -9.79758e-05 0.00050296
0.00461613 0.000838128 -0.000213467
0.00491142 0.000142601 -0.000166346
0.00448518 -6.35393e-05 -1.11518e-05
0.00464292 0.000677584 -0.000277671
0.00492189 0.000409987 -0.000627601
0.00491552 0.000246129 -1.64335e-06
0.00454609 -0.000114551 0.000179465
0.00472869 0.000142036 9.15254e-05
0.00331261 -0.00594363 -0.00159054
0.00487855 -0.00034216 -0.000539478
0.00494121 0.000853879 -8.45299e-05
0.0044884 2.64503e-05 -2.16909e-05
0.00450926 0.000103601 0.000158451
0.00460058 0.000608086 -0.000329232
0.00477172 0.000278834 0.000104771
0.0047119 -8.07122e-05 -0.000178863
0.0047247 0.000142755 0.000119248
0.00467836 -8.44837e-07 -2.94281e-05
0.00496872 9.73619e-05 0.000273947
0.00466813 7.19722e-05 0.00017705
0.00475647 1.92677e-05 -0.000277804
0.00561744 0.000810668 -2.83626e-05
0.00464676 0.000133377 -0.000176042
0.00440417 0.000744516 -7.27899e-05
0.00475647 0.000629796 2.28832e-06
0.00491244 0.00106709 -0.000196364
0.00493662 0.000919801 3.86503e-06
0.00487223 -0.00017142 0.000125985
0.00496043 1.3897e-05 -0.000250132
0.0044024 -9.99725e-07 -2.40108e-05
0.00457866 0.000282092 0.000160085
0.00451494 -0.000451516 0.000645214
0.00397703 0.000620113 -0.000223069
0.00403651 -3.10421e-05 -0.000411646
0.00479187 0.00109375 -0.000216669
0.00448788 0.000654743 -2.25859e-05
0.00489747 0.000104929 -0.00020914
0.00445296 5.63543e-05 0.000185893
0.00460528 -0.000161149 -0.000470217
0.00475187 0.000821741 -0.000124135
0.00460499 0.000843899 -0.000215708
0.00439583 -4.62217e-05 -4.93987e-05
0.00470823 7.92679e-05 0.000179128
0.00468431 0.000654927 -1.38162e-05
0.00476496 5.62644e-06 -3.34751e-05
0.00475743 -0.000110123 8.55196e-05
0.00438706 0.000699923 -4.67645e-05
0.00452064 -0.000113696 0.000177958
0.00469705 0.000364295 0.000187285
0.00487691 4.45349e-05 -0.000205505
0.00483892 2.0417e-05 -0.00023999
0.0048564 0.000286173 -0.000706987
0.00448638 -0.000211483 5.76619e-05
0.00467728 0.000848831 -0.000113177
0.00333185 -0.00670631 -0.00193789
0.00449659 -0.000676774 0.000272037
0.00468485 -0.000658509 0.000391541
0.00421486 -0.000685695 -7.41761e-06
0.00473815 -0.000100387 -0.000363346
0.0048379 5.22356e-05 -0.000285057
0.00442142 -3.87171e-05 -0.000927885
0.00393803 0.000545268 -0.000223095
0.00476218 -4.26841e-05 -5.20599e-05
0.00436504 0.000699927 -0.000582766
0.00430329 0.00132959 -0.000692135
0.00433075 0.000787367 -0.000203139
0.00486024 0.000288792 -0.000302148
0.00492843 8.55608e-05 -0.0003299
0.0045019 -1.80647e-05 -1.43817e-05
0.00452802 -0.000526399 0.000501622
0.00459253 5.06073e-05 -0.000617469
0.00486591 0.000329881 0.000151235
0.00428844 -0.000751396 -0.00021563
0.00477152 0.000444439 -0.000263714
0.00471744 6.47813e-05 -0.00014846
0.00449005 -0.000179218 0.000194911
0.00451023 9.35536e-06 5.58749e-05
0.00463224 -0.000131606 4.43694e-05
0.00499774 0.000546138 -0.000449203
0.00439043 0.00171407 0.00159271
0.00416996 -0.000704097 -0.000329386
0.00445386 -8.39906e-05 3.13122e-05
0.00490452 0.00040281 -0.000205857
0.00451072 -7.79052e-05 -4.34789e-06
0.00480764 -0.000325439 0.000446119
0.00447337 -8.6741e-05 6.18887e-06
0.00468337 0.00082011 -0.000104514
0.0044784 0.000505215 -0.00029728
0.00488384 0.000156367 -7.75008e-05
0.00450071 4.44642e-05 -1.35503e-05
0.00481336 0.000125434 -0.000317705
0.00521989 0.000420943 0.000124122
0.00415717 -0.000557771 0.000297337
0.00463953 0.000412312 -8.55025e-05
0.000277313 -0.00278652 0.0187887
0.00445651 -4.26961e-05 -2.36e-05
0.00469342 0.000913467 -0.000136846
0.0049917 0.00017586 0.000101456
0.00416134 0.00126352 -0.00064996
0.00456404 -0.000118568 0.000180834
0.00476395 0.000199066 -0.000336541
0.00501883 0.000414361 -0.000467524
0.00526281 0.000290824 0.000150372
0.00462098 0.000879943 -0.000192428
0.00420856 -0.000668814 -0.000310688
0.00512484 0.000322698 0.000180835
0.00476745 -0.000127469 9.30621e-05
0.00452297 -0.000192633 -0.000436232
0.00462357 0.000764455 -7.06593e-05
0.00530298 0.00047399 0.000104251
0.00450674 -3.30918e-05 -4.38303e-07
0.0043265 -0.000739348 -0.000218125
0.00455204 -0.000140103 -6.85878e-07
0.00424283 -0.000710879 -0.000219468
0.00469775 0.000724223 -9.9423e-05
0.0048563 0.000123495 -7.56757e-05
0.00451732 -0.000639897 0.00041063
0.00458553 0.000648004 -2.30869e-05
0.00407837 -0.00217371 0.00197809
0.00461013 8.24367e-05 -4.02413e-05
0.00464022 1.54931e-06 -0.000106714
0.00451093 -0.000233873 -0.000531457
0.00454162 0.00038654 -0.000652405
0.00454579 0.000758306 -7.61309e-06
0.00460514 0.00130479 -0.000330284
0.00447422 -1.35808e-05 3.06923e-05
0.00445315 0.000516847 3.77227e-05
0.00450517 -0.000396432 0.000593188
0.00461148 0.000820467 -0.000215694
0.00483047 0.00016152 -9.19655e-05
0.00428367 0.000252766 -0.000214531
0.00472613 0.000819571 -8.77609e-05
0.00479364 0.000467541 -0.000803169
0.00470761 -8.87621e-06 -2.62098e-05
0.0042094 0.00109583 0.00150233
0.00448029 -1.13105e-05 -3.07888e-05
0.00491173 0.000737022 -0.000883346
0.00429503 0.000410738 -0.000176203
0.00453669 0.000285251 -9.69292e-05
0.00434793 -0.000762724 -0.000218529
0.00508274 0.000401867 -0.000654979
0.00471627 0.000548754 -2.26754e-05
0.00445971 0.000112711 -0.000218773
0.00465891 -7.5401e-05 5.4678e-05
0.00480571 0.000861259 -0.000102736
0.00480755 0.000104852 -5.99401e-05
0.00474006 3.47864e-05 -1.82588e-05
0.00438372 -0.000714327 -0.000220774
0.00469416 0.000736696 -0.00023826
0.00499728 7.35686e-05 -8.23961e-05
0.00461064 -0.000134584 0.000183913
0.00470773 0.00017479 -0.000102232
0.00498988 0.000180663 -8.20544e-05
0.00449582 -0.000582732 0.000471596
0.00412218 0.00075162 -0.000219304
0.00483331 0.000562549 -0.000730035
0.00435325 -0.000221759 -0.000735277
0.00442414 0.000387861 0.000122415
0.00462729 0.000103192 -0.000106616
0.00479236 0.000514652 0.000162335
0.00456156 -2.48559e-05 6.1482e-05
0.00427223 0.000475679 -1.9432e-05
0.00390347 -0.000457919 -0.000457486
0.00461254 1.46787e-05 2.36307e-05
0.00440297 -0.000201843 9.75693e-05
0.00494197 5.71727e-05 -0.0004052
0.00410737 0.000850689 -0.000390099
0.00471323 -0.000330452 0.000509613
0.00411993 -0.000279082 -0.000335356
0.00461891 0.000584638 2.08289e-05
0.00444814 -0.000624102 0.000418664
0.00419227 -0.000751105 -0.000232933
0.00467633 0.000799388 -0.000239317
0.00467303 0.000937667 -0.000149365
0.00496277 0.000298895 -0.00028058
0.00477099 0.000824871 -0.000903799
0.00484986 0.000134911 2.61361e-05
0.0049815 0.000926448 -0.000125273
0.00488215 0.000419522 -0.000593084
0.00475884 -0.000465708 -0.000201673
0.00474404 0.000747674 -3.15686e-05
0.00541708 0.000545653 8.26304e-05
0.00450842 0.000462229 -0.000256222
0.0042541 0.000507741 -0.000530401
0.004607 0.000880546 -0.000196205
0.00478939 0.000786612 -7.05442e-05
0.0045246 -0.000127545 0.000179039
0.00474065 0.000665492 4.04971e-05
0.00502604 0.00086022 -0.00097943
0.0045742 0.000799013 -8.80901e-05
0.00469877 0.000214301 -0.000372408
0.00436276 0.000769153 -0.000198126
0.00453319 -0.000619396 0.000569776
0.00467459 -0.000561861 0.000484689
0.00459714 0.000341424 0.00013582
0.00465541 0.000846616 -0.000137164
0.00444794 0.000629512 -0.000725744
0.00462068 0.000490602 -6.73401e-05
0.00477268 0.000319224 -0.000250044
0.00456665 2.77416e-06 -0.000227482
0.00474768 0.000799644 -0.000143277
0.00485124 9.71632e-05 -0.000221793
0.00460179 -0.000162607 0.000182464
0.00456808 4.15714e-05 -3.09781e-05
0.00435048 0.000634608 0.00111016
0.00444777 -0.0005634 0.000618676
0.00460487 -0.000306056 0.000224809
0.00508512 0.000313818 -0.000517898
0.00481204 0.000537041 -0.000727024
0.0050364 0.000674529 -0.000844569
0.0040587 0.000669223 -0.000219068
0.00499308 9.47107e-05 -0.000213578
0.00487204 4.1355e-05 -0.000195655
0.000297915 -0.00304693 0.0189417
0.00468874 0.000649787 -7.75514e-06
0.00427739 0.00149488 -0.000353598
0.00484363 -0.000160071 0.000105081
0.00423023 0.00134213 -0.000246428
0.00682722 0.00229898 -0.00399022
0.00447276 0.000911565 -0.00022268
0.0048923 0.000702654 -0.000850262
0.00416873 0.000997326 -0.000335501
0.00474944 0.000147743 8.98053e-06
0.00484199 0.000695207 -0.000872661
0.00415842 -0.000658975 0.000777031
0.00508848 -5.24409e-05 2.86511e-05
0.00468967 -2.91592e-05 -0.000242608
0.00512595 0.00040521 8.80702e-05
0.00471446 0.000129307 -0.000249799
0.00367805 0.000382402 -0.000203566
0.00497817 0.00101171 -0.00103845
0.00472254 0.000774568 -0.000232166
0.00442263 0.000483713 -0.000444042
0.00463721 0.000346485 -0.000572629
0.00460925 0.000156716 -6.12136e-05
0.00425011 0.00116373 -0.000245087
0.00426422 0.00131017 -0.000247791
0.00473639 0.000431145 -0.000442428
0.00472217 0.00042108 -0.000612767
0.00467043 0.000541185 -0.000736666
0.00408957 -0.000340709 0.000776745
0.00440443 0.000702743 -0.000226282
0.00464416 -1.83623e-05 -3.62391e-05
0.00484888 0.000720818 -5.6076e-05
0.00492533 -0.00036174 0.000266748
0.000230877 -0.00292375 0.0188046
0.00426181 2.93333e-05 -0.000683631
0.00396652 0.00052239 -0.000201215
0.00411636 0.000461695 5.66391e-06
0.0044239 -0.000183284 0.000102305
0.00470083 -7.25297e-05 2.8782e-05
0.00463672 0.00075663 -0.000238117
0.00475916 0.000709774 -0.0010055
0.00469277 0.000730204 -0.000256272
0.0042345 -0.000665772 5.58378e-05
0.00474946 0.000804851 -9.56345e-05
0.00555797 0.000676982 3.50505e-05
0.00480028 0.000288736 -0.00015963
0.00406893 0.000785148 -0.000226547
0.00464315 0.000928083 -0.000147144
0.00428155 -0.00018819 0.000198763
0.00426717 -0.000758745 -0.000208781
0.00437259 -4.99454e-05 -0.000884671
0.00427927 -0.0013015 0.00142462
0.00423427 -0.000367689 0.000826522
0.00441453 0.000416543 3.64283e-05
0.00435041 7.43245e-05 0.000133731
0.00480048 0.000722327 -0.00085912
0.00453056 0.0010667 -0.000545796
0.0038405 0.00054585 -0.00021453
0.00491485 0.000488325 0.000402217
0.00416989 0.00132597 -0.000247025
0.00467637 -0.000235197 1.28263e-05
0.00429135 -0.000759382 -0.000215854
0.00453737 0.000592882 5.80359e-05
0.00473204 0.000469169 -0.000416871
0.00451194 -0.000633392 0.000529301
0.00443588 0.00077776 2.46884e-05
0.00470209 -0.000551678 0.000329238
-0.000158077 0.0105501 -0.00734502
0.00459449 0.000747985 -0.000481896
0.00515782 0.000814886 -0.000952908
0.0039977 0.000779941 -0.00022451
0.00477252 0.000446833 -0.00061274
0.00453675 -0.00052837 0.000433472
0.00447561 -0.000636762 0.000523869
0.00449462 0.000593284 4.19675e-05
0.00455185 0.00113069 -0.000539308
0.00492961 0.000872066 -0.000983984
0.00437112 0.00141904 -0.000265006
0.00479654 0.000357168 -0.000498947
0.0042449 0.0013645 -0.000623491
0.00393536 -0.000448564 0.000620633
0.0048936 -0.00030779 0.000237944
0.00475806 0.000546144 -0.000739919
0.00460191 -0.000684077 0.000461313
0.00491845 0.000912274 -0.00100888
0.00381985 0.000479149 -0.000213448
0.00430141 -0.000151224 0.000965589
0.00494996 0.00100178 -0.00099795
0.00398055 0.000708332 -0.000225765
0.00435155 0.00141851 -0.000401504
0.00473344 4.90808e-06 0.000130482
0.00391682 0.000510506 -0.000294492
0.00444286 -0.000128002 -2.87342e-05
0.00450586 0.000467118 7.75155e-05
0.00426343 -0.00073138 -0.000214457
0.00532598 0.000218278 -8.91864e-05
0.00440369 -0.00101709 0.000814308
0.00401913 0.000685768 -0.000224661
0.0047589 4.59901e-05 0.000215208
0.00456613 0.00042379 0.000133907
0.0041899 -0.000551906 -1.2808e-05
0.00421513 0.00130802 -0.000246381
0.00453888 -0.000132643 -4.54544e-05
0.00471058 -0.00110347 0.000850317
0.00438744 -0.000141344 0.000175617
0.00793159 0.0224782 -0.016229
0.00471648 -0.000654162 0.000388561
0.00458305 -0.000127423 0.000181154
0.0047013 0.000463261 -0.000415446
0.00466657 0.000910075 -0.000831092
0.00425578 0.00131281 -0.000252873
0.00371028 0.000818216 -0.000212703
0.00494459 0.00100131 -0.00101068
0.00469534 0.0006385 -6.08762e-05
0.00427647 0.00143432 -0.000252025
0.00474282 2.97417e-05 -1.51702e-05
0.00449438 -0.00070338 0.000857978
0.00476233 -0.000535763 0.000631962
0.00389823 0.00104625 -0.000247965
0.00403759 0.000932186 -0.000234202
0.00479531 0.000772815 -0.00090895
0.0043613 -0.000478081 0.00069991
0.00440782 0.00035048 -0.000145686
0.00449904 -0.000136457 -3.39675e-05
0.00396774 0.000587805 -0.00022131
0.00475769 0.00079506 -7.90399e-05
0.00448484 0.000205319 0.00019009
0.00462352 -0.000108499 -2.15758e-05
0.00497926 0.000535049 -0.00072659
0.00463221 -0.000598071 0.00042621
0.00429272 -0.000200137 2.00378e-05
0.00525184 0.000409925 -0.000342721
0.00431532 -0.000167261 0.000147771
0.0046034 5.72598e-05 0.000177627
0.00474725 0.000378266 -0.000680377
0.00448719 0.000772711 4.24047e-05
0.00450457 -0.000119793 0.000181126
0.00445159 0.000476733 -0.000638598
0.00444574 0.000362366 -0.000615217
0.0043163 -0.000102077 -5.1167e-05
0.00423043 0.000478287 -0.000478684
0.00440845 -0.000115871 0.000104552
0.00424538 0.000534118 -0.000539453
0.00416858 0.0011518 -0.000241686
0.0043706 -0.000138617 -6.95373e-05
0.00357975 0.000338244 -0.000197094
0.00436907 0.00124759 -0.000641522
0.000198193 -0.00295802 0.0188604
0.00451571 -0.000664994 0.000519168
0.00407999 0.00117301 -0.000245745
0.0047173 0.000420193 -0.000657497
0.00498116 0.000306026 0.000120235
0.00506873 0.00097401 -0.00108482
0.00506384 0.000469775 0.000151995
0.00447986 -0.000124344 -3.63609e-05
0.00521481 0.000939673 -0.00113008
0.00408878 0.000504694 -0.000540107
0.0049106 1.6326e-05 8.68741e-05

VECTORS force float
5.19603e-10 -2.95598e-10 -2.39788e-11
-1.2024e-09 -2.53588e-09 2.17412e-09
-2.07109e-09 3.2887e-09 -1.66791e-09
1.89329e-09 -9.29228e-10 4.29005e-10
3.61444e-09 -3.45502e-09 -7.925e-10
-1.689e-09 -1.36883e-09 -1.81131e-09
2.62888e-09 8.53163e-11 4.52844e-10
-4.22358e-09 1.31079e-09 1.96731e-10
-1.70899e-09 -7.49105e-10 -1.80851e-10
7.00589e-10 2.31425e-09 7.46849e-10
8.67614e-10 1.88367e-09 -5.90781e-12
1.566e-09 -1.64335e-09 -1.22913e-09
-7.24827e-10 5.91424e-10 6.5307e-10
-7.61099e-10 -4.13453e-10 1.31104e-10
7.1025e-10 -3.0136e-10 1.72568e-09
-1.58405e-09 8.16628e-09 1.31406e-08
-8.59718e-10 -6.46945e-10 1.56971e-10
-1.51072e-09 1.36599e-09 8.60763e-10
1.83072e-09 2.14069e-09 -6.60048e-10
8.54833e-10 2.15322e-09 1.01591e-09
5.49186e-10 1.0632e-09 -1.16368e-09
1.94337e-09 6.48593e-09 -1.56673e-09
-4.35318e-10 4.81058e-10 -3.45317e-10
3.5475e-10 9.5717e-10 -1.71493e-09
-1.31751e-09 -2.00016e-09 1.33998e-09
3.636e-09 1.75018e-09 -1.01308e-09
-4.60295e-10 -6.12051e-11 4.57954e-11
1.79885e-09 5.08528e-10 -1.8736e-10
1.29462e-09 -1.71292e-09 4.61501e-10
3.85698e-10 -6.50775e-10 7.47989e-10
-1.29989e-09 -4.87531e-10 -1.02592e-09
1.36023e-09 -2.28154e-09 1.80265e-09
-1.29946e-09 1.50524e-09 -3.09599e-10
2.93281e-11 -1.15286e-09 1.29898e-09
1.38113e-10 6.64722e-10 9.8003e-10
2.67487e-09 2.64481e-09 -1.29255e-09
1.17408e-09 -1.75673e-09 1.48332e-09
3.0429e-10 -1.2172e-09 1.39313e-09
8.81906e-10 -1.20187e-09 -2.85412e-10
2.29626e-09 -1.27157e-09 9.3047e-10
1.05471e-09 -2.76441e-10 1.60354e-10
-4.35147e-09 1.6851e-09 -1.02059e-09
1.95518e-09 1.11548e-10 -1.36302e-10
-1.01267e-10 2.04071e-09 -8.91764e-10
-5.7879e-10 -5.52395e-10 -1.49427e-09
5.01344e-09 -4.27865e-09 1.41068e-09
2.3112e-09 -5.36229e-10 6.1626e-10
5.14206e-09 1.48023e-09 2.37015e-09
6.2759e-10 -7.97163e-11 -3.34858e-10
-1.34582e-09 -2.4838e-09 1.66039e-09
-1.49222e-09 -4.94064e-11 -1.93198e-11
-2.23827e-10 -1.31076e-09 -4.7652e-10
-6.69664e-11 1.19351e-09 -1.59095e-09
-1.02188e-09 2.30713e-09 -4.2665e-10
-2.87779e-09 4.75913e-10 2.9902e-10
-4.7182e-09 1.71665e-09 5.53867e-10
-1.86551e-09 -3.12455e-09 4.18302e-10
2.04036e-13 9.09691e-10 -1.78209e-10
4.51737e-10 2.28299e-09 7.01402e-10
-1.36484e-09 1.49939e-09 -1.26439e-10
-1.46257e-09 -7.60041e-10 -2.76675e-10
-2.02277e-09 4.5324e-10 -1.92574e-10
8.90411e-11 1.44539e-09 -1.14636e-09
8.72808e-10 -9.31748e-10 6.04673e-10
-3.65198e-09 1.6607e-09 2.96384e-10
-2.56565e-11 9.20507e-10 6.01946e-11
-5.13881e-10 -5.49924e-10 2.02247e-10
-1.19114e-09 -1.74232e-09 1.51023e-09
-7.63402e-10 -7.08625e-11 1.6313e-11
-2.68249e-09 2.29767e-09 -9.92317e-10
2.24524e-09 -5.87585e-10 6.41398e-10
-2.81278e-10 -2.55874e-09 1.98719e-09
-1.3862e-10 2.76156e-09 4.21483e-10
-9.0513e-10 -4.5532e-09 1.1973e-09
4.29255e-10 1.36991e-10 9.47936e-10
2.33073e-09 7.81982e-10 -6.59701e-10
-5.35827e-09 3.02501e-09 -7.97874e-10
-2.14736e-10 1.30087e-09 5.99472e-10
2.05805e-09 8.33772e-10 -2.74763e-10
-5.33151e-10 1.54698e-09 5.06046e-10
-3.40793e-09 -1.80131e-09 1.18953e-09
6.62449e-10 1.17876e-09 6.17374e-10
2.49488e-10 -5.14305e-10 5.51626e-10
-1.64986e-09 -1.41726e-09 1.2096e-09
1.34151e-09 -1.37316e-10 -8.05125e-10
-3.89248e-10 -8.46718e-10 2.45118e-09
8.19106e-10 -4.36193e-09 -3.68264e-10
-2.96204e-10 3.64388e-09 -8.14777e-09
2.72677e-10 3.09375e-10 -1.51189e-09
-6.45069e-10 1.46387e-09 1.19257e-09
-1.14643e-09 -2.21505e-09 1.5044e-09
-2.24649e-10 -1.94564e-09 1.55763e-09
3.3428e-09 3.95754e-09 -6.39156e-10
-2.79788e-09 -2.21028e-09 6.12127e-10
6.23659e-10 -1.065e-09 -5.65375e-10
-5.93974e-10 -2.35552e-09 1.92692e-09
1.23491e-09 2.21393e-09 -4.05651e-10
1.81256e-11 -1.26886e-10 4.37331e-10
-1.44004e-09 -3.64954e-10 1.55743e-09
-6.64876e-10 -9.66642e-10 7.95156e-10
2.27339e-09 1.29866e-09 8.15549e-10
-1.82572e-09 9.11057e-10 -1.774e-10
2.2958e-09 3.54087e-10 2.86679e-09
1.0298e-09 1.96764e-09 -3.08172e-09
2.01944e-09 -1.22697e-09 1.10526e-09
-1.4562e-09 -1.68289e-09 -9.29238e-11
-3.11586e-09 3.59634e-09 -1.51469e-09
2.6846e-09 2.85804e-11 -5.64458e-10
5.67073e-10 1.15611e-09 -1.30908e-09
-9.17697e-10 1.55606e-09 -4.02266e-10
3.80264e-09 -3.19808e-09 2.61101e-09
1.12662e-09 -1.35326e-09 3.6367e-10
5.80836e-10 -1.01102e-09 -9.47358e-11
1.60521e-09 -1.11501e-09 -2.35471e-09
-1.83475e-09 -1.31729e-11 1.0642e-09
-3.95023e-09 5.7159e-09 1.91495e-10
7.44271e-10 -6.27478e-10 4.18197e-10
-2.28106e-10 1.64389e-09 -1.02033e-09
6.02131e-10 3.59149e-09 4.38495e-09
-1.51121e-10 -2.16345e-10 -4.144e-10
-1.70491e-09 -1.78338e-09 -3.07246e-10
1.90648e-09 -5.35323e-10 1.40584e-09
-4.22398e-09 2.50262e-09 1.06044e-09
1.09527e-09 1.26251e-09 -9.76554e-10
-1.33325e-09 -2.13987e-09 2.29633e-10
4.61256e-10 -4.83613e-09 -6.33467e-10
-2.52464e-11 3.70851e-10 -8.15905e-10
1.26147e-10 6.0427e-10 7.11109e-11
6.2007e-11 -9.15705e-10 2.20364e-09
2.63423e-09 8.93207e-10 -2.30228e-10
4.86984e-10 1.19165e-09 -1.90566e-09
3.07222e-09 1.82436e-09 -1.43029e-09
-3.46685e-09 1.11226e-09 8.19032e-10
-6.62584e-10 9.09352e-10 7.72973e-10
-2.40296e-09 -2.15057e-09 -2.71949e-09
2.29924e-09 4.07983e-09 -8.3878e-09
-7.92985e-10 -8.57905e-10 7.83489e-10
3.35969e-10 2.11535e-09 -3.5304e-09
6.10199e-10 1.19933e-08 -8.26961e-09
3.05344e-09 -2.30614e-10 -2.51768e-09
-1.36393e-10 4.50757e-10 -3.96905e-11
1.79867e-09 -8.28689e-10 -1.27163e-10
-9.66587e-11 -1.12926e-09 8.07716e-11
-6.09497e-10 9.51983e-10 2.05629e-09
3.84818e-10 1.37628e-09 6.8127e-10
-1.26211e-09 6.62143e-10 -1.53868e-10
-3.51637e-09 4.22225e-09 -1.18414e-09
2.30697e-09 -4.17708e-11 9.45322e-10
-9.6407e-10 1.05612e-09 -4.30981e-11
-3.43614e-09 2.84903e-09 -1.8851e-09
-2.35944e-09 -1.34158e-09 1.6758e-09
-9.76683e-10 -2.93553e-09 2.12564e-09
2.51025e-09 -1.5079e-09 -8.32279e-10
5.98304e-09 9.55445e-10 -6.77379e-10
6.16901e-11 3.82531e-09 -7.56919e-09
1.59362e-09 4.56175e-10 2.25569e-10
-6.51163e-09 -1.17331e-09 -1.32147e-09
4.19478e-10 6.8314e-10 2.9085e-10
9.14929e-10 1.7965e-09 -9.87118e-10
7.63753e-10 1.83576e-09 -1.43746e-09
4.00658e-09 8.58306e-10 -1.51834e-10
1.10293e-09 -5.15102e-10 -8.178e-11
-5.91329e-10 -8.12197e-11 1.18768e-09
-2.16151e-09 4.03779e-11 1.49468e-10
4.65942e-09 -1.62242e-09 8.74989e-10
-6.08241e-10 1.98619e-10 -1.08565e-10
1.27827e-09 -5.57729e-10 1.18936e-09
-3.27594e-10 -5.00549e-10 2.32071e-10
-3.43294e-09 7.22164e-10 -1.44865e-10
7.12448e-10 2.59453e-09 -5.4342e-10
-1.90529e-09 1.83678e-10 8.08964e-10
4.70351e-10 -6.43612e-10 3.81501e-10
-1.30937e-09 7.62044e-10 -2.611e-10
6.78892e-10 1.77421e-09 7.68463e-10
6.1089e-09 5.4245e-10 -8.48432e-10
2.38749e-09 -2.16501e-09 1.5926e-09
-2.08309e-09 9.84196e-10 -3.2716e-10
1.02529e-09 3.21969e-09 -8.3316e-10
7.87885e-10 1.13405e-09 1.00644e-09
1.02908e-09 -1.32788e-09 2.24139e-09
4.934e-10 -5.86565e-10 -5.08133e-10
-4.2325e-10 -2.45386e-09 7.84288e-10
-1.47822e-09 -2.01319e-09 -2.42878e-09
1.34643e-09 -2.28662e-09 2.57264e-10
-1.00803e-10 -7.94207e-10 8.19306e-10
-2.152e-09 -7.38167e-11 -2.09696e-09
-1.45329e-08 -7.3446e-09 8.1404e-10
2.9402e-09 -1.77176e-09 6.17788e-09
3.9751e-10 1.94516e-09 -5.55538e-10
-4.43884e-10 -3.37809e-10 1.50372e-09
2.8444e-09 -4.19834e-09 3.91766e-09
-2.69016e-09 -2.15991e-10 -2.84633e-11
-5.04167e-10 -2.19617e-09 1.8092e-09
-1.02305e-10 -4.8911e-10 6.67685e-10
5.90798e-09 6.4423e-10 2.80015e-09
6.25053e-09 -5.17211e-11 3.87034e-09
2.02178e-11 -3.93988e-10 4.6662e-09
1.17343e-09 2.59513e-09 -1.00524e-09
1.41026e-10 -9.34327e-10 1.19468e-09
2.67579e-09 3.54999e-09 -2.24928e-09
-8.91659e-10 -1.16444e-09 5.76452e-09
1.05678e-09 2.09359e-10 -1.4987e-09
1.67964e-10 -1.94631e-09 -1.11309e-09
-1.79396e-09 2.12999e-09 -1.02629e-09
3.88824e-09 -9.58411e-10 1.21097e-09
1.50473e-09 1.11669e-09 1.85889e-09
1.6548e-09 1.41886e-09 -6.83338e-10
8.51866e-09 1.06286e-08 -1.28638e-08
-4.97337e-09 3.27125e-10 1.37627e-08
-7.08086e-10 -1.62138e-09 -7.88632e-10
-1.23555e-09 1.63793e-09 -4.35059e-10
-2.93893e-09 1.36782e-09 -6.0916e-10
-8.29089e-11 3.41654e-10 7.09074e-10
-2.69047e-10 -1.88501e-09 3.39631e-09
-1.09928e-09 1.20073e-09 -8.00821e-10
-4.10874e-09 8.24506e-10 -1.33269e-09
-3.96714e-10 1.98697e-09 -1.05155e-09
1.01781e-09 1.68911e-09 4.24019e-10
1.7271e-09 1.26467e-09 -2.79999e-09
1.33278e-09 -6.12125e-10 2.39525e-09
2.00936e-10 1.21656e-09 9.31216e-10
2.08263e-09 7.641e-10 3.33599e-10
4.21499e-11 2.68955e-09 7.94645e-11
-1.61589e-10 1.11588e-09 -9.49241e-10
1.05293e-10 -3.01444e-09 -5.12948e-10
3.95963e-09 1.07526e-09 2.32511e-10
-2.10178e-10 6.72172e-11 -8.90571e-10
7.42726e-10 -1.3761e-09 -7.43942e-11
8.65419e-10 1.88853e-10 -6.32335e-10
-6.41456e-10 4.21146e-10 -2.45313e-09
2.58052e-10 -1.62185e-09 5.8277e-10
-1.83801e-09 8.82321e-10 -8.94824e-10
7.19397e-10 -1.18723e-09 -9.04032e-10
4.15933e-10 9.30734e-10 -1.11885e-09
-3.72692e-10 3.0804e-10 -2.53371e-09
3.96217e-09 3.42673e-09 1.87095e-08
9.8432e-09 -4.37701e-09 -6.82655e-10
3.4886e-10 7.85515e-10 1.04035e-10
2.6264e-09 -1.25309e-09 6.83941e-10
-8.49504e-10 1.01412e-09 -8.19851e-10
-6.01321e-10 -1.73233e-09 3.95733e-10
1.24161e-09 -3.85813e-11 -1.73959e-09
2.4876e-09 -1.14106e-09 1.70338e-10
1.94328e-09 1.15782e-10 6.19881e-09
-1.2866e-09 -3.31927e-09 -1.28553e-09
-6.19955e-10 6.78546e-10 7.22617e-10
3.58055e-09 7.76828e-10 -1.60986e-10
-5.37713e-09 2.9009e-10 -4.5143e-10
6.81317e-11 -1.13987e-09 -2.1997e-09
-1.49452e-09 4.32703e-10 -4.52043e-10
-1.35285e-09 -2.37462e-09 6.34235e-09
-8.87129e-10 -2.48883e-10 -9.49804e-10
2.84287e-09 -4.16262e-09 2.83624e-09
-1.60164e-09 3.08607e-10 -4.05082e-10
-1.36255e-09 -7.9906e-10 -8.34834e-11
6.50557e-10 7.7656e-10 1.92004e-10
9.65055e-10 -6.3297e-10 -1.85177e-10
1.28611e-09 -2.54987e-09 -1.05086e-09
-4.42887e-09 4.69875e-09 -6.79274e-10
6.14494e-10 -2.64287e-09 -5.74003e-10
-9.32681e-10 -7.89623e-10 6.07496e-10
-3.75856e-11 -4.36205e-10 2.81061e-10
-1.39831e-09 6.37827e-10 -7.35005e-10
2.15948e-09 -3.34527e-09 -3.76201e-09
5.24804e-09 -1.91262e-09 1.10851e-09
-1.63882e-10 -5.57965e-09 1.17415e-09
-3.3402e-09 1.2973e-09 -1.54032e-09
-7.5905e-10 -1.87097e-09 9.84249e-10
-1.91592e-09 3.47652e-09 -2.15052e-09
2.06432e-09 -3.64469e-09 6.84242e-11
-3.05336e-10 5.46304e-09 -1.1962e-09
2.45101e-09 -3.64228e-09 -5.05303e-11
1.41277e-09 -1.79908e-09 -4.05623e-09
-2.54749e-09 -2.69756e-09 1.32853e-09
-4.03215e-09 5.57229e-09 -5.52017e-09
-4.38028e-10 6.24561e-10 -7.42342e-10
3.19332e-10 2.18311e-09 -1.57936e-09
6.95133e-10 -9.82094e-10 1.74719e-09
1.30331e-08 1.29016e-08 -8.22555e-09
-1.17309e-09 -9.47045e-10 1.16494e-10
-1.3643e-09 -1.59487e-09 -1.72846e-09
-1.32187e-09 -2.58523e-09 3.85358e-09
1.76394e-10 1.13741e-09 -3.1792e-09
4.34975e-09 -8.11707e-10 2.84277e-09
9.62195e-10 -1.69615e-09 3.51464e-10
1.48559e-09 -1.9203e-09 2.7959e-09
1.6179e-10 -4.42198e-09 -2.3939e-09
1.34222e-09 -2.9321e-10 8.3998e-10
-2.44927e-10 8.7099e-10 4.87044e-10
-9.65221e-10 -1.64744e-09 4.48503e-10
-2.98313e-10 8.55289e-11 -7.86981e-10
-2.31176e-09 -3.98521e-10 3.72367e-09
2.08797e-09 -2.07161e-09 1.11035e-09
5.60188e-09 -7.00141e-10 -7.63183e-10
-6.62176e-09 1.42342e-09 4.08507e-09
-1.58584e-09 -6.33568e-10 2.17394e-10
6.19439e-09 -2.78957e-10 -5.69018e-09
4.95074e-10 7.05417e-10 -4.43611e-10
3.13898e-09 1.44936e-10 8.77329e-12
9.3718e-10 -2.43169e-09 -6.04365e-10
-5.61163e-10 9.94824e-11 1.47392e-10
-1.11386e-09 6.13915e-10 -1.4154e-09
-1.15079e-08 6.28889e-10 -7.11056e-09
-3.93389e-09 -2.83066e-10 7.52928e-11
-6.29332e-10 2.24361e-09 6.63766e-09
-4.16156e-10 -2.29995e-09 -3.69908e-09
9.95425e-11 -8.85488e-11 4.70043e-10
6.33261e-11 -1.60444e-09 1.31273e-09
6.38342e-10 1.64604e-09 3.54233e-10
1.02459e-09 -2.30089e-10 3.55356e-10
4.73776e-10 -1.63814e-10 -3.52071e-10
-7.00134e-10 -7.59727e-10 4.56092e-09
5.65612e-10 2.96765e-09 -3.07124e-09
-1.46839e-09 -3.11898e-10 6.66228e-09
-3.95747e-09 -4.21311e-09 6.26023e-09
6.82143e-11 2.51143e-09 2.94701e-10
2.49862e-09 -8.09121e-10 1.59855e-09
2.11174e-09 2.89412e-09 9.86173e-10
-1.05446e-09 2.20649e-10 1.01324e-09
-4.11035e-10 1.54253e-09 -1.70778e-09
2.12503e-09 -1.20119e-09 -2.37222e-09
-4.57926e-09 2.62854e-09 -1.73283e-09
1.60784e-09 6.4321e-10 -4.24478e-10
8.87625e-11 -4.74491e-09 -4.74577e-10
-2.57448e-09 6.55999e-09 -3.18174e-09
1.11895e-10 -2.20272e-10 1.01419e-10
8.46792e-10 -1.8121e-09 3.12176e-09
1.52028e-09 -1.0421e-09 3.27312e-09
-8.33696e-10 -8.8214e-10 -5.4966e-09
4.90072e-10 -4.93601e-10 -7.11418e-10
6.62522e-10 7.41698e-10 -6.75888e-10
-6.18653e-10 2.42667e-09 -3.71031e-10
1.4147e-09 -1.34763e-09 3.66068e-10
-1.0871e-11 -1.81809e-09 1.64405e-10
2.24447e-09 -8.58409e-11 -5.49544e-10
-2.46624e-10 8.97469e-10 -7.43227e-10
6.48098e-09 -1.47707e-09 1.91756e-09
-2.23368e-09 6.43323e-10 -1.21375e-09
-1.11114e-09 1.10765e-09 3.4071e-10
6.27033e-10 2.21108e-09 5.73327e-10
-2.04334e-09 -9.22336e-10 2.95475e-09
1.87169e-09 3.96099e-09 -9.51119e-11
-5.46881e-10 -2.52356e-09 9.12728e-10
5.08666e-09 9.77475e-10 3.36113e-09
-2.13661e-10 5.28894e-09 -1.24745e-08
1.99106e-09 5.8906e-10 2.15091e-09
-3.30356e-10 9.42112e-09 2.30524e-09
-2.09977e-09 1.41862e-10 -1.64683e-10
1.90529e-09 1.58611e-10 1.75926e-09
-2.12218e-09 1.02622e-09 3.98908e-09
-4.62036e-10 -9.88733e-11 -9.96328e-11
-6.04557e-11 3.42661e-10 2.13311e-11
-1.42956e-09 1.14287e-09 -4.65156e-11
5.45634e-09 1.14037e-09 -6.22445e-09
-2.09513e-09 2.18502e-10 -4.56368e-10
2.27997e-10 2.38941e-09 -6.65187e-10
-1.63637e-09 -5.47824e-10 -6.20371e-10
9.57982e-10 -1.26321e-10 2.80238e-10
-4.92296e-09 -6.07164e-10 2.40485e-10
1.7714e-09 1.78991e-10 1.49319e-10
-1.64711e-09 2.15632e-09 -1.06925e-09
-6.44196e-10 -1.4376e-10 6.94456e-11
-2.22498e-09 2.67755e-09 -4.7831e-09
6.251e-10 1.79883e-10 -1.95095e-10
-2.23592e-09 2.85023e-09 -2.05369e-09
3.93899e-10 2.19341e-09 -1.61114e-09
5.54676e-09 -2.44705e-09 4.02832e-09
-1.05667e-09 -2.24085e-09 9.99337e-10
6.55555e-09 3.68587e-10 -4.85671e-09
-5.98162e-10 -1.40201e-09 -1.6775e-09
-2.71224e-10 7.82526e-10 -1.44213e-10
-3.61865e-10 3.35541e-09 1.66192e-09
3.17039e-09 -6.57113e-10 7.21714e-10
-2.96257e-10 1.95128e-09 6.56054e-10
2.05796e-09 2.33037e-09 3.44762e-09
1.10108e-09 -2.38799e-10 1.23732e-10
3.75183e-12 1.29705e-09 3.90937e-10
7.59989e-09 2.06134e-09 -1.57833e-08
-4.93595e-12 3.35663e-09 -7.15479e-09
1.73425e-09 4.0659e-09 1.96648e-09
1.16933e-10 -9.64446e-10 -1.37398e-09
-5.18014e-11 -3.1308e-09 6.51838e-10
2.1624e-09 2.62897e-09 -1.61195e-09
-1.16141e-09 -9.68009e-10 1.41362e-10
-1.46818e-09 7.21604e-11 1.66168e-09
8.921e-10 -1.60334e-09 -4.81522e-09
-8.07212e-10 1.13255e-09 2.03926e-09
6.35634e-09 -4.38085e-10 -9.52222e-09
1.62495e-09 1.11935e-09 -2.32116e-09
7.51081e-09 3.89657e-09 -1.19604e-08
1.69697e-09 -1.62559e-09 5.45521e-10
5.72018e-10 -3.21262e-09 1.89384e-09
-4.14242e-09 1.48231e-09 -7.77312e-09
9.9838e-09 2.08504e-09 9.12148e-10
-1.3746e-09 -1.64526e-09 -1.09053e-09
4.40621e-10 2.3879e-09 -2.58378e-09
-3.97814e-09 -4.23991e-10 -3.96816e-11
-2.6265e-09 3.29392e-09 -8.79475e-10
7.9527e-10 -4.66617e-09 1.67846e-09
1.6375e-09 2.65045e-09 -9.4672e-09
-1.13115e-10 6.46558e-10 -6.50031e-10
-2.1056e-09 -2.16126e-09 1.30871e-09
-1.11217e-09 -1.51707e-09 5.53326e-10
-2.3144e-08 6.72868e-09 -9.34252e-09
1.43342e-09 -2.97473e-10 4.68238e-09
-1.85074e-09 6.9698e-09 9.24624e-09
-1.61319e-09 -4.39122e-09 -5.70292e-11
4.12651e-10 6.84612e-10 4.09465e-11
2.23433e-09 -2.3156e-09 -3.38852e-09
-2.27332e-09 5.6348e-10 5.37605e-10
8.66514e-10 -2.65189e-09 -1.02948e-10
1.12595e-10 1.17996e-10 -7.70503e-10
4.89455e-10 1.06735e-09 -3.4234e-10
-4.72338e-10 1.84029e-09 2.19144e-09
9.12727e-10 -5.32322e-10 -2.8677e-09
-1.19803e-10 9.43577e-10 9.24625e-10
2.02664e-09 -3.23134e-09 -1.30971e-10
-1.873e-09 -5.50266e-10 1.95257e-09
-1.79799e-09 7.64308e-10 -3.10152e-10
-1.15163e-10 -2.8628e-10 -1.69099e-09
-1.4946e-09 -4.90827e-10 -2.78161e-10
9.07498e-10 -3.93932e-09 1.10938e-09
3.48948e-12 -2.1335e-11 -6.9327e-12
1.08187e-10 -9.6496e-11 1.58559e-09
-2.37919e-09 -6.44494e-09 7.07085e-09
3.6328e-10 2.02435e-10 6.79147e-10
2.26466e-10 -1.33414e-10 -3.82918e-10
-6.09044e-09 2.96471e-09 -4.65584e-09
-9.93892e-10 -2.16172e-09 1.68083e-10
-4.6133e-09 5.7743e-09 -1.68985e-09
-5.99406e-10 -7.63766e-10 -7.85309e-10
3.21974e-09 4.71117e-09 1.44775e-09
-2.53184e-11 2.20867e-11 2.85172e-10
5.17754e-10 -1.81698e-09 -2.54764e-10
-2.44366e-10 -5.26522e-10 6.60679e-10
-1.4098e-09 -1.28067e-10 -5.12694e-10
-1.3961e-09 -5.45293e-09 -1.08564e-09
5.97462e-10 9.85294e-09 -4.9281e-09
1.19507e-09 -6.934e-10 -7.84185e-10
-3.37014e-09 -2.92947e-09 7.97375e-10
3.38026e-10 -6.86943e-10 -2.99733e-10
-5.70162e-10 -1.11817e-09 5.35312e-10
9.41292e-10 1.35202e-09 1.26428e-09
-7.65355e-10 1.59455e-10 -2.12163e-10
2.29775e-09 2.85553e-10 6.80993e-10
-1.87745e-09 4.93883e-10 -3.45329e-10
1.54677e-09 -4.08456e-10 -1.88665e-09
-1.33817e-09 6.50197e-10 -1.61025e-09
-1.03321e-09 1.6703e-09 2.18288e-09
-1.31686e-09 1.02382e-09 -2.39704e-09
-8.21332e-10 -1.42153e-10 7.18703e-10
7.87175e-10 3.07317e-09 -5.81389e-10
3.82568e-09 1.47465e-09 -3.28981e-10
7.03744e-10 7.29793e-10 -5.60967e-10
5.14928e-10 4.04138e-10 -6.52546e-10
-2.68714e-10 -1.26287e-09 -9.8013e-10
1.87509e-09 2.46832e-09 6.5026e-10
-2.12504e-09 1.17852e-09 -1.0654e-09
-7.0442e-10 2.38188e-10 -1.4113e-09
-1.62627e-09 1.5266e-09 -1.43692e-09
-3.28831e-11 8.0986e-10 -1.52283e-09
9.75971e-10 -4.44084e-09 2.32348e-09
-2.48572e-09 4.81947e-09 -3.4255e-09
-2.6992e-09 7.03544e-10 -8.44239e-10
7.18355e-10 -6.93962e-10 -9.28159e-10
-1.2785e-09 -1.06807e-10 2.35216e-10
-8.83977e-10 -2.70477e-10 -3.36722e-09
1.03892e-10 2.90835e-09 -5.11917e-10
-1.00049e-09 -9.4549e-09 1.05038e-08
-1.11776e-09 4.60331e-10 -1.13556e-09
6.14062e-10 -1.92742e-09 5.61901e-10
2.36871e-09 3.77705e-09 -1.33955e-09
-2.27154e-09 2.77301e-10 2.2926e-09
9.66158e-10 1.99361e-10 4.20268e-10
9.98504e-10 1.97507e-09 -1.09037e-09
-9.76467e-10 1.07551e-09 3.32908e-09
-2.47441e-10 6.07922e-09 -5.01745e-09
2.75509e-09 3.23287e-10 -8.13263e-10
7.66761e-10 1.16546e-09 4.58759e-10
-3.80814e-09 4.06343e-09 -5.92865e-09
-2.55733e-09 -1.94344e-10 2.86842e-10
3.4623e-09 2.0629e-09 -3.14684e-10
-9.25054e-10 3.0324e-10 1.32456e-09
-7.52347e-10 7.33887e-10 1.45363e-10
1.34876e-09 -1.20714e-09 1.53545e-09
-3.40866e-09 -2.40089e-09 -4.7035e-09
-2.56332e-09 1.40318e-09 -9.31511e-10
1.24568e-09 -3.21245e-10 4.89745e-11
1.12857e-10 6.26682e-10 -4.11757e-10
6.03965e-10 1.34461e-09 -2.53724e-11
-1.23544e-09 -2.21613e-09 2.18189e-09
7.10558e-10 -1.11217e-09 -1.48866e-09
2.63365e-10 -5.46343e-10 -2.92612e-09
-6.06915e-12 -1.93584e-09 -2.56098e-09
8.81905e-10 1.2476e-09 3.5866e-09
3.84138e-10 -1.59476e-10 4.82989e-11
-9.7244e-10 1.26785e-09 3.27132e-10
-3.31417e-09 -2.5919e-10 2.21889e-09
-3.79653e-09 9.56207e-10 -1.37955e-09
3.55815e-10 -2.14919e-10 5.60745e-10
2.83872e-09 -2.82085e-09 1.76088e-09
-4.19092e-10 -1.74353e-10 2.10034e-10
-3.90158e-09 1.51955e-09 -1.67451e-09
4.12838e-09 -9.89762e-10 3.36911e-09
-9.96756e-10 -4.7359e-09 4.10884e-09
5.51286e-10 -1.55653e-09 -2.98476e-09
-1.20486e-09 8.61199e-10 -1.0376e-09
-1.63988e-09 2.34196e-09 -4.74498e-09
-6.95389e-09 -1.9618e-09 5.82456e-10
2.27182e-09 -8.17313e-10 1.29468e-09
3.37196e-10 1.70193e-09 9.15418e-10
3.90046e-10 -2.15874e-09 -4.75015e-09
-1.11488e-09 1.23155e-09 -7.26451e-10
2.50983e-09 7.84053e-10 -3.51663e-09
-4.32849e-09 6.93334e-09 -2.3847e-09
-1.91844e-09 2.86885e-09 1.58543e-09
-2.22522e-09 4.57987e-09 1.89672e-09
-3.86349e-09 1.30561e-09 9.74242e-11
-8.42522e-09 -9.05911e-10 1.1425e-09
-6.86034e-10 -5.82806e-10 3.18418e-09
-1.16891e-09 1.88046e-10 -1.57234e-09
-1.72393e-09 -1.08865e-09 -2.64167e-11
6.32237e-10 2.74367e-10 -5.78381e-10
-1.46543e-10 -3.02258e-10 -1.85278e-10
-9.28489e-10 1.79549e-09 5.61209e-09
-3.10902e-09 -3.4403e-10 -1.00822e-09
-2.12892e-11 -2.42121e-09 2.47953e-10
-2.28668e-09 7.86888e-10 -5.04306e-11
7.27338e-11 2.74411e-10 6.15721e-10
-2.95324e-10 1.02997e-09 -1.84681e-09
4.67877e-09 -2.51863e-10 1.92923e-09
3.07071e-12 -2.56934e-09 -3.00515e-09
2.80881e-10 2.85043e-10 5.47166e-11
-5.79222e-09 3.84092e-09 -2.49564e-09
3.26104e-10 -3.77292e-10 -8.70768e-10
1.09802e-09 1.73564e-09 -2.43082e-09
-8.15742e-09 1.54268e-09 -9.11423e-10
1.20651e-09 4.75084e-10 -4.66277e-10
2.40036e-09 1.94107e-09 -7.96813e-10
-3.58077e-09 -9.00551e-10 -9.2322e-10
1.23192e-09 4.02839e-09 -1.68954e-09
-8.33596e-10 1.91579e-09 1.88853e-09
5.00972e-10 5.96242e-09 -5.32328e-09
1.57544e-09 -3.01462e-09 3.25017e-09
-5.89455e-10 -3.75197e-09 -8.50974e-09
-8.875e-10 -7.59072e-10 -3.54111e-10
2.68555e-09 -5.40042e-09 9.52339e-09
-3.68389e-09 -1.02077e-08 3.15767e-10
-7.62033e-10 -5.82476e-09 5.81747e-09
4.92473e-10 -2.10183e-09 1.13006e-09
-2.85659e-09 5.13719e-09 -3.02143e-09
4.36241e-09 -3.70669e-10 -5.56363e-09
4.60823e-09 -7.23516e-10 6.88673e-10
-9.39246e-10 -3.21921e-09 2.66509e-09
-6.04761e-09 2.46386e-10 -4.61379e-09
-7.25109e-10 1.19152e-09 -7.35424e-10
-8.6926e-10 4.20216e-10 2.20269e-09
-1.11936e-09 -2.46907e-09 -1.28364e-09
-1.14894e-09 1.39216e-09 -1.14314e-09
1.59662e-08 2.85535e-09 -6.21203e-09
1.0077e-08 -9.98158e-10 4.39026e-09
2.65149e-09 1.75773e-09 -1.37347e-09
-1.65786e-09 -1.01204e-09 -4.26931e-11
-8.4813e-10 -5.53821e-11 -6.50626e-10
2.39617e-10 -2.00885e-09 -2.02673e-09
9.0893e-10 -1.16638e-10 -6.61614e-10
1.17084e-09 5.02753e-10 3.79698e-10
4.66883e-09 -5.42617e-09 2.43828e-09
-1.89543e-09 -2.32828e-11 -1.2612e-10
8.32676e-12 6.52502e-11 1.44844e-11
4.31961e-09 3.80468e-09 5.19098e-09
1.48104e-10 1.01465e-09 2.50995e-09
5.92697e-10 1.61414e-09 -1.75051e-09
1.125e-09 -1.50876e-09 -7.043e-09
3.61276e-09 3.12785e-09 -4.18119e-09
1.68633e-10 2.69667e-08 2.51604e-08
8.4503e-10 -6.74814e-09 1.75229e-09
9.46821e-09 3.31077e-09 -5.44008e-09
2.79982e-10 9.67814e-10 -1.56077e-09
7.05284e-09 -2.16169e-09 -1.19491e-09
1.1651e-09 -1.10747e-10 2.04522e-10
-3.96173e-09 1.18797e-09 9.07421e-09
1.87356e-09 -1.64569e-10 -2.85471e-10
5.74956e-10 -1.29082e-09 8.54203e-10
7.1671e-11 -1.38592e-09 3.15515e-09
-1.20537e-08 6.26173e-09 7.37481e-09
-3.99762e-09 5.97617e-09 -8.05126e-10
-3.23518e-09 2.53537e-09 1.19511e-10
-4.24309e-09 6.33478e-09 8.54759e-10
2.06137e-09 -5.77415e-09 8.44945e-09
1.04571e-08 -5.31064e-09 2.52852e-09
-9.8325e-11 -2.64735e-10 -2.41896e-10
8.19568e-10 -3.93662e-10 -1.59433e-10
5.9439e-09 1.23879e-09 -9.89221e-10
-3.25052e-10 1.05568e-09 -7.95845e-10
-5.05896e-11 8.41321e-11 4.2256e-09
1.31104e-09 7.13343e-10 1.48389e-09
2.19972e-09 3.10888e-10 -6.67776e-10
6.52551e-10 -1.11538e-10 -5.41472e-10
6.18148e-09 4.83406e-10 1.09583e-10
-1.77121e-09 -8.31187e-10 -7.76328e-10
6.64086e-10 1.31087e-09 -1.57499e-11
-7.41062e-09 1.00003e-09 4.10343e-09
-4.1584e-09 5.41263e-09 -3.51045e-09
3.71929e-09 -1.76196e-10 -8.33711e-10
2.56932e-09 1.70176e-09 -1.91124e-09
-5.22033e-09 5.0881e-09 1.06079e-09
5.30764e-09 -2.73878e-09 -5.47442e-09
-3.79984e-09 7.90305e-10 -1.29819e-10
2.37521e-09 3.17539e-09 -8.18347e-09
-5.4196e-10 5.48491e-10 1.3866e-09
6.9153e-10 -1.253e-09 2.41282e-09
-1.18339e-08 -2.21503e-09 -2.53836e-10
-3.14281e-09 1.08727e-09 2.70351e-09
-2.57906e-09 7.22955e-10 -1.5322e-10
1.97181e-09 -3.21376e-09 -2.28882e-10
2.77076e-09 1.17385e-10 -1.26087e-09
-6.02193e-09 3.38358e-09 7.0428e-09
-7.81577e-11 -9.3274e-10 -1.11573e-09
1.16566e-09 -6.17419e-12 9.76862e-09
-1.2592e-08 -5.10075e-09 2.81093e-09
-1.11255e-09 6.18286e-09 -3.22869e-09
-2.98596e-09 -1.73801e-09 -1.0894e-08
-1.40654e-09 3.82097e-09 -1.11822e-09
-3.11626e-09 5.70645e-09 -9.3194e-10
9.34626e-10 1.75302e-09 -2.46662e-09
-4.80128e-09 -2.91007e-09 4.68912e-11
6.38919e-10 2.335e-09 1.0503e-09
-2.95899e-09 9.9758e-10 8.25847e-10
8.82834e-09 4.5396e-09 6.60949e-09
-6.378e-09 3.58285e-09 -3.85087e-09
2.72049e-09 3.19118e-10 -1.86507e-09
-2.4808e-09 1.48113e-09 6.69076e-10
2.22879e-09 -1.66642e-09 -1.70672e-13
-4.78491e-09 8.42833e-10 -5.10042e-10
1.44038e-09 1.44641e-09 -8.77544e-10
8.3693e-10 1.451e-08 1.02295e-08
7.48384e-10 -9.72135e-10 1.6121e-09
4.42854e-10 7.14486e-10 1.00577e-09
7.30163e-10 7.445e-10 -3.16107e-10
-3.79922e-10 2.45064e-09 -1.70385e-09
-1.48571e-10 2.65245e-09 -2.28133e-09
-8.21983e-09 -8.83088e-09 5.818e-09
-5.86852e-10 -9.44337e-10 8.6034e-10
-8.02467e-09 -2.35978e-09 2.42624e-09
-3.38639e-09 3.07289e-09 -1.57369e-08
-1.96038e-10 8.62425e-10 -3.11061e-10
-8.862e-09 2.5647e-09 5.6092e-09
-2.18242e-09 6.18382e-09 -7.28481e-10
3.96859e-10 5.99324e-10 -6.50993e-10
-4.48746e-09 6.02765e-09 -9.17628e-09
1.1727e-09 -2.88875e-09 5.39961e-09
-9.95934e-10 1.79735e-09 5.71273e-09
1.66819e-10 7.94284e-09 3.04254e-10
-2.69143e-09 2.46204e-09 9.87639e-11
3.82933e-09 3.08948e-09 2.35148e-09
-1.6004e-09 1.96254e-09 -1.47147e-09
-1.19575e-09 -7.16994e-10 5.05141e-10
-1.23767e-09 4.53337e-09 -1.63706e-09
-4.79417e-12 2.54462e-09 -6.55979e-10
-3.65163e-09 3.13038e-09 -1.65375e-09
8.04628e-09 1.04792e-09 2.52898e-10
-6.30778e-10 -3.11337e-09 -8.82749e-11
-1.06841e-09 -5.76883e-10 -9.65953e-10
-2.53758e-09 -2.40076e-10 1.03004e-09
1.39223e-09 5.59319e-09 3.51966e-10
-4.08492e-09 1.44952e-09 -3.06373e-10
-4.55647e-09 1.09417e-08 -3.68133e-09
-3.39722e-09 -1.27239e-08 1.09815e-08
-5.95832e-10 -3.96593e-09 1.83982e-09
-1.09603e-09 -4.29987e-09 8.20437e-10
1.0128e-08 2.2789e-08 -3.20419e-09
1.65691e-09 -1.14324e-09 -1.61912e-09
-5.72075e-11 -1.12238e-10 -1.65807e-09
-1.06103e-09 -4.99667e-10 -1.59212e-09
8.4316e-10 -5.35276e-10 1.51138e-09
3.50244e-09 -1.60839e-09 -2.60651e-09
-2.1773e-09 1.09919e-09 1.22321e-09
2.86751e-09 1.96703e-09 -3.67564e-09
-6.54436e-10 -1.34013e-09 -2.22352e-09
-3.73045e-10 -2.70434e-09 4.61173e-09
3.25836e-09 1.71143e-09 3.52134e-09
1.12407e-08 2.64609e-09 -1.37612e-09
6.158e-10 7.23777e-09 2.66578e-08
3.64031e-09 2.78356e-09 -1.10362e-09
3.18799e-09 2.85351e-09 4.57091e-10
-6.70021e-10 -2.10784e-09 -7.41698e-10
-6.08178e-09 -2.69971e-09 1.25309e-09
-5.11258e-09 -2.47361e-09 8.14615e-10
4.00476e-09 -2.07124e-09 1.34399e-09
1.33522e-09 -1.59624e-10 -2.40145e-09
1.36751e-09 -1.95596e-09 -2.45101e-11
-1.23692e-09 5.39362e-09 -2.37989e-09
1.40343e-09 3.16146e-09 -1.48417e-09
-1.09414e-10 -5.13995e-10 -1.65627e-08
-1.08536e-09 -2.83671e-09 -1.60306e-09
-9.44165e-09 -1.68219e-09 6.95061e-10
3.54837e-09 -1.46774e-09 1.96233e-09
4.16878e-11 4.78829e-10 -4.48151e-09
7.09035e-10 2.17474e-09 1.15859e-09
-2.36763e-09 1.44032e-09 -3.84453e-10
-1.7727e-09 -1.20389e-10 -4.10647e-11
1.02266e-08 1.55584e-09 1.45555e-09
2.54549e-09 -1.71922e-10 -1.52047e-10
9.77024e-09 -2.50486e-09 1.84156e-09
-3.30268e-09 -4.27657e-09 3.79373e-09
3.31586e-09 -1.05394e-09 6.12564e-10
-5.05999e-10 -1.25452e-10 2.44882e-09
-2.68656e-09 2.42297e-09 -3.87299e-09
1.68586e-09 4.99446e-09 -2.37779e-09
4.98251e-10 1.2229e-09 5.94548e-10
8.95127e-10 -3.77413e-09 7.89399e-09
1.86094e-09 -3.49208e-09 6.28824e-10
-1.31352e-09 -4.31076e-09 3.63618e-09
1.94036e-09 -6.02739e-09 3.51459e-09
-3.42809e-10 -1.15538e-09 -4.08057e-09
1.73524e-09 -1.9015e-09 8.01739e-09
-2.35183e-09 -1.43686e-09 -7.61045e-11
2.60883e-09 9.22468e-10 -4.55302e-09
8.32941e-10 -1.3412e-10 -3.37284e-09
-4.83885e-09 -7.91793e-10 -1.11698e-09
-1.07666e-09 1.16753e-08 1.82639e-09
2.7079e-09 1.05406e-09 -1.52951e-10
-2.67576e-10 4.08104e-09 -8.7482e-10
-3.57894e-09 -2.22042e-09 1.80755e-09
3.83294e-09 -1.29958e-09 -1.24238e-09
-2.81485e-09 -4.21026e-09 6.62463e-09
4.69559e-09 2.97586e-10 3.29653e-09
1.90749e-10 2.04039e-10 -3.79362e-10
7.52958e-10 2.23493e-10 -6.56401e-10
4.42741e-09 -7.48601e-10 -2.5382e-09
1.16012e-08 8.6255e-10 3.4012e-09
-8.76009e-10 5.50601e-09 -4.64515e-10
-2.92438e-09 5.84335e-09 -4.51769e-09
6.82536e-09 -1.67299e-09 7.07208e-11
-2.49126e-09 9.50881e-10 -2.70937e-10
1.09077e-09 4.27074e-09 -1.92287e-10
8.16778e-10 1.49087e-10 -6.62728e-09
-9.19382e-09 4.17577e-09 5.05782e-09
8.09694e-10 -1.20349e-09 -1.75743e-09
-3.19285e-09 -1.75444e-09 -1.27153e-09
-2.92941e-09 5.54575e-09 7.56325e-11
-1.03992e-08 7.97733e-10 2.84483e-09
-6.81724e-10 -1.69966e-09 6.14716e-09
-2.47423e-09 6.45637e-09 -2.8248e-10
4.96298e-09 -2.42146e-09 3.25368e-09
-5.03132e-10 1.16315e-09 -8.8255e-10
1.00601e-08 1.13269e-09 -2.94062e-09
-6.83904e-09 8.35846e-10 -2.24176e-09
-4.3538e-09 -4.48351e-10 -4.53721e-10
-1.60332e-09 5.36837e-09 7.02598e-10
-2.95983e-09 1.77367e-09 1.55882e-09
6.05565e-09 3.4337e-09 1.1949e-09
-2.01329e-09 1.63958e-09 -6.69066e-10
-8.85868e-09 9.06825e-09 8.63952e-09
-3.28976e-10 1.73307e-09 -1.43446e-09
-4.53674e-09 -8.5822e-10 -4.20768e-09
-2.11302e-09 6.7559e-09 -4.0831e-09
-5.50279e-09 -2.15759e-09 1.37357e-10
-4.7304e-09 -1.05014e-09 1.18527e-09
1.73675e-09 2.34583e-09 -5.96423e-09
-3.51583e-10 -3.78817e-09 -8.92442e-09
1.54789e-09 -1.87448e-09 -1.43544e-09
1.20525e-09 -5.6404e-11 -1.4121e-09
-1.75627e-09 -5.46624e-10 2.45483e-10
-1.49718e-09 3.73589e-10 -1.69421e-09
-6.73327e-09 -5.83769e-10 7.91749e-10
-9.97155e-09 -6.0036e-09 -9.81003e-09
-1.17492e-09 2.59303e-09 1.04156e-09
6.61075e-09 1.39261e-09 2.98677e-09
-5.93843e-09 -2.13162e-09 -1.61466e-09
-9.2134e-09 -4.69392e-10 -1.33605e-09
-2.25092e-09 8.59253e-11 3.51723e-10
1.88257e-09 -7.03767e-09 2.68682e-09
-3.38237e-09 -4.41795e-09 1.59911e-09
3.43468e-10 4.03155e-09 -1.55384e-08
-2.07129e-09 -2.82124e-09 3.60467e-10
2.12629e-09 5.75925e-09 4.41594e-08
1.05944e-10 -3.04533e-09 -2.17635e-09
5.83213e-09 -2.55708e-10 1.51655e-09
-1.24649e-10 6.0832e-09 1.02158e-09
1.24292e-09 -1.17952e-09 -5.86122e-09
3.50371e-09 -2.07038e-09 -1.09611e-09
4.90238e-10 -1.55063e-10 -3.68431e-09
-5.58072e-09 -3.09977e-09 2.74079e-10
-3.97525e-09 -4.17289e-10 3.3832e-09
-1.33806e-10 2.78821e-09 -2.89632e-10
1.58712e-09 1.40193e-09 1.95258e-10
-2.4549e-09 -3.21307e-09 1.5234e-10
7.44615e-10 8.36715e-09 4.65116e-09
-2.06873e-09 2.44298e-10 -8.35746e-09
1.48767e-09 -5.89104e-10 2.45561e-09
2.9059e-09 -9.21874e-10 1.47148e-09
3.78279e-10 3.30968e-09 -2.90748e-09
-1.24384e-08 7.58614e-10 -1.02389e-08
1.41919e-09 -1.54882e-08 -1.95701e-08
-7.30758e-09 -3.61868e-09 4.09098e-09
5.95523e-09 -1.80886e-09 2.61254e-11
-5.13429e-10 5.0444e-09 3.97574e-10
4.18265e-10 -2.90466e-09 1.61611e-09
5.00561e-09 -1.7126e-09 1.11805e-09
-2.15876e-09 3.07836e-09 3.67328e-09
-2.63883e-09 -6.59053e-10 -1.63263e-09
-8.93349e-09 -2.4003e-09 -1.57288e-09
-5.86925e-09 1.07619e-09 2.50048e-10
-2.43059e-09 -2.56923e-09 5.63644e-10
3.16545e-09 2.69938e-09 6.27542e-09
-1.73165e-10 2.13715e-09 -1.81271e-09
-2.33029e-09 -1.06251e-09 -3.13829e-09
2.85192e-09 -6.08082e-10 -1.09083e-09
-4.40158e-09 -2.6737e-09 6.43075e-09
1.0337e-09 1.06413e-09 -1.36892e-09
-3.84742e-09 4.89754e-10 2.13956e-10
7.40744e-11 1.21351e-09 -1.14778e-09
-4.68162e-10 -8.51329e-09 -4.55069e-09
-2.0291e-09 1.27632e-08 -8.21291e-11
-5.15286e-09 3.03323e-09 6.74306e-09
-3.18191e-09 -1.30372e-09 7.02165e-10
4.3649e-09 -4.06034e-09 -1.0478e-08
4.59813e-11 1.72387e-09 -2.80411e-09
2.49641e-09 3.14469e-10 -2.58933e-09
-3.66297e-09 2.70044e-09 -9.05045e-11
-1.549e-09 -7.30727e-09 2.25018e-09
1.22575e-09 4.12226e-09 -3.2981e-09
4.51774e-09 2.94816e-09 5.47902e-10
-1.63413e-09 -1.193e-09 3.72066e-09
1.52521e-08 -2.82716e-09 1.49136e-10
8.51614e-09 6.17414e-10 2.45141e-10
7.63828e-10 5.54861e-09 -7.28448e-10
-2.32261e-12 8.00496e-09 -1.5389e-09
9.553e-10 -7.71834e-10 -5.82582e-09
-3.58951e-10 -2.05508e-09 -1.49683e-10
-1.42443e-09 4.87485e-09 -2.17597e-08
1.52909e-09 3.17789e-09 1.80198e-09
-7.14239e-10 1.9802e-09 -2.04756e-10
3.46696e-09 3.01539e-09 2.69122e-10
-1.7178e-09 -1.59321e-09 -4.2488e-09
-4.80284e-09 3.004e-09 -3.44199e-10
3.82381e-10 1.64419e-08 -3.58026e-10
-2.1151e-09 -1.18822e-09 6.47444e-10
6.02418e-09 -2.90006e-09 -8.64223e-09
-6.06465e-09 5.51666e-10 5.56863e-10
-5.8946e-09 2.06985e-09 -7.15057e-10
3.30138e-09 4.0265e-10 -8.86231e-09
1.5827e-09 6.37792e-09 -2.47966e-09
6.04711e-09 -1.24266e-08 5.8267e-10
1.24687e-09 -3.86067e-09 1.98509e-10
-9.29195e-09 -4.10881e-09 -1.43553e-09
5.32913e-10 -1.10477e-10 3.80525e-10
7.72515e-12 6.91101e-13 -2.77092e-13
-5.42281e-10 4.81481e-09 -4.61967e-09
-5.75542e-09 -8.97504e-09 1.90591e-10
-4.78476e-09 1.02067e-09 2.9904e-10
4.91803e-10 -5.50241e-09 1.59036e-09
-3.27214e-10 7.9803e-09 2.59573e-09
3.12515e-10 1.12703e-09 5.01861e-10
1.2503e-09 2.38949e-09 4.25589e-09
8.87665e-10 -9.44159e-10 1.65215e-09
-5.16571e-09 5.0495e-09 -5.11465e-09
2.77737e-09 6.06107e-09 2.94864e-09
-7.57394e-09 2.12466e-09 -1.73584e-09
-2.62987e-09 7.79933e-09 -3.54022e-09
-2.43231e-09 -3.5162e-09 2.3384e-09
-1.09574e-09 -2.26504e-09 -9.73059e-12
-1.53222e-09 -2.22639e-09 -4.65843e-09
-3.6481e-09 -3.28429e-09 -7.25287e-09
2.20363e-10 -1.27978e-09 6.73482e-10
-1.42147e-09 1.44955e-09 -4.91457e-09
9.05083e-10 -2.12369e-09 -1.03878e-09
3.53309e-09 1.46103e-09 -1.18469e-09
-1.3553e-09 -7.82152e-10 -5.0012e-10
2.35027e-10 -4.54936e-10 4.45841e-11
-9.38241e-09 5.29154e-09 3.81771e-10
-3.59495e-09 -9.01149e-10 -4.60078e-09
1.81802e-09 2.3064e-09 -2.70813e-09
1.67816e-09 -8.10359e-10 8.84715e-10
3.30831e-09 -7.04741e-10 -2.66264e-09
7.33438e-09 4.41998e-09 -6.62468e-09
-2.44466e-09 9.84243e-10 1.06013e-08
2.24088e-09 4.85925e-10 2.72633e-09
-5.22818e-10 -8.41284e-09 4.98709e-09
2.02001e-09 1.39572e-09 -8.69962e-10
-6.72257e-09 -1.18718e-09 3.41201e-09
-2.96651e-09 8.76713e-10 -9.88322e-10
-2.91353e-11 -2.63076e-10 3.62845e-10
