# vtk DataFile Version 3.0
LIGGGHTS particles timestep 128800000
ASCII
DATASET POLYDATA
POINTS 873 float
0.384765 0.0176273 0.00160103
0.384276 0.0168362 0.000152108
0.385979 0.016305 0.000154358
0.384024 0.0178931 0.000346588
0.384103 0.0188777 0.00179976
0.38414 0.0203084 0.00038795
0.385344 0.021108 0.000153527
0.384857 0.0164602 0.000527417
0.384125 0.0186018 0.000725561
0.384479 0.0181392 0.00532873
0.384537 0.0177544 0.000152462
0.383992 0.0184143 0.000151757
0.384812 0.0187844 0.000568853
0.384869 0.0167819 0.000363698
0.384803 0.0169846 0.000152809
0.384915 0.0183348 0.000412633
0.384393 0.0200033 0.000329348
0.384771 0.0189907 0.000354885
0.384249 0.0186361 0.000152072
0.383697 0.0189843 0.000151351
0.38551 0.0163743 0.000153727
0.384537 0.0188112 0.000408422
0.383933 0.0183841 0.000910122
0.383691 0.0196365 0.00137364
0.384551 0.0189669 0.000152444
0.384476 0.0190531 0.00135703
0.384973 0.0159492 0.000153027
0.384718 0.0185669 0.000384781
0.384114 0.0176073 0.000360568
0.384098 0.0188501 0.00119184
0.384545 0.0194202 0.000152446
0.385045 0.0173743 0.000698037
0.385035 0.0210857 0.000153116
0.384772 0.0202231 0.000807152
0.383671 0.0182832 0.000151301
0.385325 0.0170081 0.00015348
0.384387 0.0165562 0.00015223
0.384231 0.0208268 0.00015205
0.384246 0.0213172 0.000152088
0.383713 0.0195261 0.000405419
0.384633 0.0199733 0.00015255
0.383992 0.0202878 0.00155233
0.384483 0.0187432 0.00100059
0.384186 0.021085 0.000765738
0.383776 0.0188306 0.000396501
0.384798 0.0193938 0.00124736
0.38386 0.0208523 0.000151582
0.384491 0.0167411 0.000826766
0.383698 0.0191758 0.000382307
0.384775 0.0177635 0.000333978
0.384311 0.0181618 0.000411136
0.384433 0.0180729 0.000152289
0.38465 0.0160107 0.000152609
0.383254 0.0200098 0.00538195
0.383894 0.018443 0.00061858
0.383721 0.0201648 0.00110894
0.383699 0.0194922 0.000864139
0.385774 0.0165263 0.000154084
0.385379 0.021728 0.000153573
0.38628 0.0159856 0.000154748
0.384848 0.0197614 0.000152852
0.384297 0.0183399 0.000152164
0.384935 0.0213685 0.000152978
0.383124 0.0188914 0.0053278
0.383684 0.0190009 0.00062565
0.384879 0.0194858 0.00532657
0.384411 0.0210667 0.000152303
0.384766 0.0172689 0.000670999
0.384755 0.0205364 0.000152745
0.384609 0.0174633 0.000152565
0.384881 0.0200096 0.000318105
0.383683 0.0186845 0.00015132
0.384162 0.0185702 0.00127856
0.385239 0.0168887 0.00093479
0.384788 0.0175107 0.000494981
0.384247 0.0194577 0.000152149
0.384451 0.0205211 0.000257329
0.384585 0.0196895 0.000278251
0.384989 0.0180879 0.00538114
0.383731 0.0200314 0.000564419
0.384559 0.0213709 0.000152488
0.38375 0.0203316 0.000362374
0.384573 0.0167914 0.000152504
0.3846 0.0205705 0.00124147
0.384776 0.0192293 0.0014972
0.384639 0.0200974 0.000472653
0.383903 0.0177038 0.000549977
0.384494 0.0183088 0.000600776
0.384257 0.0216244 0.000152083
0.384111 0.0181041 0.000151907
0.385046 0.0156469 0.000153133
0.384723 0.0179967 0.000152689
0.384247 0.0178365 0.00015209
0.384318 0.0178481 0.00107352
0.384549 0.0186547 0.000152467
0.384348 0.0198654 0.00534931
0.385094 0.0168168 0.000153198
0.384752 0.0225705 0.000152748
0.384848 0.0172811 0.000152878
0.385244 0.0150807 0.000153389
0.383789 0.0179787 0.000511532
0.384924 0.017576 0.00015296
0.383903 0.0190764 0.00169511
0.383741 0.0199852 0.000151428
0.384918 0.0165741 0.000152936
0.384885 0.017052 0.000501726
0.384186 0.0208278 0.000920195
0.384065 0.0210773 0.00015182
0.384143 0.0171166 0.000665392
0.38461 0.0166839 0.000504771
0.384436 0.0164204 0.000470553
0.384522 0.0198284 0.000536357
0.384329 0.0196006 0.000406404
0.385357 0.0162324 0.000369289
0.384655 0.0177639 0.0006089
0.384445 0.0210826 0.00061393
0.384888 0.0184824 0.000152883
0.384339 0.0202417 0.00015221
0.384024 0.0197277 0.000151798
0.38453 0.0207909 0.000152459
0.384328 0.0191677 0.000152164
0.38394 0.0189665 0.00141837
0.384551 0.0191949 0.000350438
0.385059 0.0170948 0.000261451
0.384487 0.0180145 0.00274646
0.383917 0.0176923 0.000151636
0.384086 0.0206789 0.000369501
0.384017 0.0178156 0.0010481
0.384629 0.0190306 0.000616104
0.384369 0.0196299 0.000702315
0.383973 0.0194558 0.000272738
0.383645 0.018626 0.00149303
0.384214 0.018913 0.000261913
0.383997 0.0183612 0.00149292
0.384354 0.0181276 0.000970878
0.38533 0.0157498 0.000153509
0.384843 0.0197261 0.000750471
0.383882 0.0208933 0.000683803
0.385153 0.0161935 0.000153269
0.384321 0.0175458 0.000152151
0.383893 0.0181982 0.000334512
0.383671 0.0182523 0.000547068
0.383954 0.0200733 0.000368812
0.384054 0.018114 0.000976661
0.384525 0.017627 0.00104162
0.385136 0.0173639 0.000153233
0.384143 0.0188484 0.000895305
0.38543 0.016037 0.000153608
0.384844 0.0162796 0.000152872
0.384041 0.0172809 0.00190693
0.384776 0.0192141 0.000152764
0.384738 0.0211297 0.000152712
0.384242 0.0182841 0.00133722
0.384504 0.0162738 0.000152426
0.384054 0.0212484 0.000551747
0.383685 0.0191839 0.000865309
0.385526 0.0151831 0.00015376
0.38366 0.0192295 0.00180481
0.385015 0.0178821 0.000153096
0.383821 0.0205473 0.00015153
0.38412 0.0173229 0.000881946
0.384887 0.0200695 0.00123921
0.384256 0.0176293 0.0018912
0.384862 0.0154099 0.000152883
0.385449 0.0153171 0.000411083
0.384193 0.0182756 0.000765426
0.384427 0.0184937 0.000374356
0.383698 0.0199058 0.00151214
0.386629 0.0146558 0.000155208
0.384999 0.0169458 0.00110529
0.384194 0.0171429 0.000151997
0.384035 0.0174071 0.000151806
0.38332 0.0173706 0.00557046
0.384223 0.0204655 0.000629471
0.384664 0.0172593 0.000389035
0.385646 0.0158289 0.000153922
0.383727 0.0196849 0.000151352
0.3857 0.021905 0.000153988
0.384618 0.0165645 0.00145456
0.385127 0.0228833 0.000153241
0.383949 0.0181281 0.00240398
0.383656 0.0184144 0.000799005
0.384597 0.0209853 0.000374465
0.384953 0.0181895 0.000152997
0.383829 0.0200711 0.0008451
0.383916 0.0184112 0.0012084
0.384273 0.019306 0.000412651
0.384484 0.019293 0.000625763
0.38406 0.0180981 0.000562722
0.384879 0.0199991 0.000623713
0.383654 0.0183016 0.00107693
0.383711 0.0198085 0.000929167
0.38404 0.0189192 0.000506692
0.384001 0.0186247 0.000370593
0.384096 0.0172042 0.00115637
0.383741 0.0183921 0.00165466
0.384151 0.0200078 0.00015195
0.385432 0.0161542 0.000989522
0.384428 0.0203105 0.000470819
0.384913 0.0202579 0.00015296
0.383737 0.0184819 0.000365851
0.383957 0.0202802 0.000151675
0.383783 0.0193331 0.000624132
0.385412 0.0164235 0.000858941
0.38467 0.0164801 0.000293118
0.384905 0.0176363 0.000740984
0.384543 0.0200376 0.000750395
0.384545 0.0186057 0.000626695
0.384193 0.0193871 0.000690072
0.384375 0.0173074 0.000326281
0.38537 0.01646 0.000564229
0.384684 0.0185515 0.00088703
0.384512 0.0192613 0.00114396
0.384596 0.0183584 0.000152544
0.385398 0.0225749 0.000153598
0.384025 0.0202205 0.000650776
0.384327 0.0195171 0.00122563
0.383991 0.0192075 0.00044013
0.384151 0.0198417 0.000401759
0.384958 0.0208348 0.000422104
0.384423 0.0171198 0.000557588
0.384522 0.019111 0.000884531
0.383977 0.0190641 0.00102036
0.383966 0.0196713 0.000809053
0.38395 0.019828 0.00165544
0.383797 0.0179801 0.000151501
0.384563 0.0188283 0.00157817
0.384475 0.0218465 0.000152389
0.384163 0.0191242 0.00129591
0.385538 0.0156727 0.000386233
0.384176 0.0214768 0.000400124
0.384831 0.0186975 0.00532561
0.385267 0.0171383 0.00109888
0.384787 0.0192974 0.000505741
0.38433 0.0176614 0.000767772
0.385268 0.016555 0.000153424
0.384939 0.0184041 0.00534929
0.384322 0.0197606 0.000152189
0.383571 0.0172133 0.00561819
0.384826 0.0208361 0.000152846
0.384044 0.0195926 0.00053011
0.38395 0.0188232 0.000151695
0.383663 0.0186957 0.000903132
0.384573 0.0197663 0.000874862
0.385544 0.0167736 0.000153767
0.384595 0.019582 0.00533062
0.384024 0.0205359 0.000842431
0.38367 0.0189533 0.00105653
0.384818 0.0186586 0.00147415
0.383998 0.0199217 0.000646966
0.384642 0.0189702 0.00112081
0.38481 0.0191135 0.00529749
0.384823 0.0187753 0.000152842
0.38409 0.0172602 0.000407502
0.383893 0.0187963 0.000737554
0.384172 0.0204908 0.000151977
0.384026 0.0191217 0.000151801
0.384719 0.0171784 0.00107383
0.385052 0.0152442 0.000315822
0.38395 0.017571 0.000875895
0.384535 0.0161709 0.000650912
0.385599 0.0221878 0.000153859
0.383811 0.0178426 0.00161927
0.383838 0.0178409 0.000808748
0.384476 0.0215097 0.000620337
0.385095 0.016411 0.000351609
0.384262 0.0187182 0.000485343
0.385097 0.016661 0.000517353
0.383754 0.018022 0.00103251
0.384775 0.0192142 0.0010082
0.384508 0.0179213 0.000400083
0.384677 0.0161954 0.000387484
0.385716 0.0161397 0.000154
0.384529 0.0178663 0.000860686
0.384411 0.0173697 0.000937237
0.384436 0.0188994 0.00195554
0.384842 0.0197206 0.00105042
0.384666 0.0161567 0.00119108
0.384092 0.0185415 0.00171312
0.384918 0.0157761 0.000391963
0.383842 0.0181377 0.000765364
0.384605 0.0182623 0.000875876
0.385655 0.0216386 0.000284568
0.383739 0.020307 0.000682713
0.38521 0.0159527 0.000338916
0.384589 0.018732 0.00129524
0.384491 0.020832 0.000771988
0.384377 0.0184969 0.000850318
0.384621 0.0195454 0.000538909
0.384733 0.0157222 0.000152726
0.383735 0.017985 0.00208505
0.385022 0.0216963 0.000153099
0.384745 0.0163155 0.000901108
0.383948 0.0191036 0.000724404
0.384351 0.0190302 0.000501337
0.386859 0.0143646 0.000155509
0.384659 0.0181802 0.000385457
0.384489 0.0175878 0.000397336
0.384738 0.0156819 0.000629432
0.383933 0.0210114 0.000413001
0.383647 0.0183513 0.00137266
0.385584 0.0148202 0.000153839
0.384377 0.0207848 0.000410525
0.383792 0.0191593 0.00123687
0.384157 0.0170002 0.00201119
0.384721 0.0184144 0.00115105
0.384131 0.0178979 0.000783292
0.383714 0.0197009 0.000649205
0.384395 0.0188433 0.000731806
0.38424 0.0198735 0.000820489
0.38381 0.0177918 0.00230184
0.384126 0.0189265 0.00209485
0.386429 0.0149011 0.000154946
0.385203 0.0208574 0.000250378
0.38389 0.0186843 0.00132981
0.383947 0.0205273 0.00174167
0.385546 0.0154832 0.000153789
0.38462 0.0169626 0.000394334
0.384167 0.0184102 0.000498595
0.385196 0.0171995 0.000506924
0.384756 0.021196 0.000517415
0.385094 0.0153241 0.000601866
0.384669 0.0180592 0.000659772
0.384625 0.0202781 0.000233595
0.384537 0.017125 0.000152451
0.384917 0.0208989 0.000865326
0.385078 0.0174871 0.000420584
0.384798 0.0179771 0.00136367
0.383713 0.0193667 0.000151366
0.384216 0.0196105 0.000962826
0.384713 0.0188539 0.000843535
0.384927 0.0181464 0.00165981
0.386381 0.0146096 0.000318385
0.38394 0.0192353 0.0019469
0.384625 0.0159358 0.000992226
0.385064 0.0175996 0.000993079
0.384494 0.0216011 0.000335211
0.385037 0.0177713 0.000507708
0.3853 0.0222761 0.000153469
0.384149 0.0174215 0.00135623
0.384617 0.0182388 0.00194652
0.384826 0.0197463 0.000451635
0.384914 0.0180218 0.000398527
0.384413 0.0212931 0.000402576
0.384506 0.0182147 0.00121417
0.384725 0.0216588 0.000152703
0.384369 0.0174106 0.000607919
0.38428 0.0200715 0.000598741
0.383988 0.0176438 0.00175769
0.383998 0.0197803 0.00134191
0.383857 0.020298 0.0054184
0.385054 0.0166358 0.000813162
0.38373 0.0204677 0.00125555
0.384563 0.0178209 0.00230769
0.386866 0.0148392 0.000155518
0.383381 0.0176617 0.00548218
0.384252 0.0191334 0.00191776
0.385573 0.01657 0.000372242
0.383787 0.0207066 0.000403552
0.384609 0.0175087 0.000759445
0.384933 0.0204689 0.000383945
0.384733 0.0182194 0.00546594
0.383855 0.0185733 0.00223043
0.384397 0.0170364 0.00148027
0.385459 0.0212864 0.000705399
0.384994 0.0178984 0.00115068
0.38524 0.0171571 0.000800754
0.385185 0.0218143 0.000376398
0.384784 0.0177663 0.000982415
0.38364 0.0186561 0.00179143
0.383676 0.0194644 0.00161886
0.38472 0.0179296 0.0016495
0.384075 0.017468 0.0006233
0.384683 0.0206986 0.000394728
0.384346 0.0182258 0.00163136
0.384045 0.0194136 0.00122231
0.384942 0.0181845 0.000670843
0.385081 0.0169122 0.0006807
0.384906 0.017765 0.00182702
0.384925 0.0182029 0.00121222
0.384521 0.0212905 0.000819952
0.384024 0.0178751 0.00254701
0.384255 0.0178169 0.000522395
0.38365 0.0185829 0.00118081
0.384869 0.0185034 0.000656458
0.384244 0.0191027 0.000771965
0.385361 0.0169598 0.000583119
0.383039 0.0194119 0.00532808
0.384624 0.0219835 0.000397532
0.384312 0.021744 0.000526527
0.384393 0.0199668 0.00139257
0.384135 0.018057 0.00150129
0.384209 0.0192533 0.00102905
0.385583 0.0215069 0.000544404
0.3849 0.0183466 0.000919818
0.384696 0.0168831 0.000993955
0.384842 0.0174083 0.000925383
0.38437 0.018048 0.000682095
0.384726 0.0194065 0.000783312
0.384595 0.0195564 0.00109803
0.383915 0.0187913 0.00247029
0.384809 0.0180651 0.0009724
0.384759 0.0166249 0.000758371
0.38457 0.0195539 0.00139696
0.384812 0.0194879 0.000270971
0.383949 0.0181169 0.00125743
0.387471 0.0142302 0.000156312
0.383957 0.0192622 0.00146572
0.38491 0.0174139 0.00143372
0.383667 0.0194855 0.00196226
0.384424 0.0200026 0.00102381
0.384149 0.0183884 0.00211817
0.384812 0.0187247 0.00109542
0.386065 0.0154032 0.000154471
0.386193 0.0143552 0.000154638
0.383699 0.0176998 0.00541618
0.385317 0.0167763 0.000349831
0.383991 0.0202703 0.00100011
0.384237 0.0210498 0.000396281
0.384849 0.0197807 0.00135104
0.384436 0.0185036 0.00117495
0.385071 0.0160507 0.000949034
0.384695 0.0169086 0.000684328
0.383966 0.0193571 0.000883771
0.384118 0.0200207 0.00149836
0.385264 0.0153801 0.000153416
0.383737 0.0204241 0.000958864
0.384861 0.0184139 0.00194443
0.386766 0.015446 0.000155387
0.385858 0.0226585 0.000154201
0.384766 0.0190105 0.00170221
0.383821 0.0178459 0.00127299
0.384651 0.0159021 0.000445211
0.384565 0.0185985 0.00191383
0.384324 0.0166934 0.000411434
0.383757 0.0206257 0.000737839
0.383855 0.019792 0.000400755
0.384205 0.0169816 0.000404742
0.384361 0.0205804 0.000869949
0.383746 0.019886 0.00121672
0.384429 0.0194093 0.000896617
0.384264 0.019701 0.00145437
0.384095 0.0174973 0.0021073
0.385857 0.0164151 0.0004202
0.384476 0.0180157 0.00180136
0.385929 0.0159283 0.000154292
0.384496 0.0205858 0.000600607
0.385166 0.0162179 0.00059981
0.385075 0.017798 0.00544926
0.38572 0.0150135 0.000338607
0.383213 0.0181509 0.00539471
0.384967 0.0175102 0.00551503
0.384374 0.0179764 0.0013389
0.383646 0.0190753 0.00206173
0.385042 0.0176622 0.0013292
0.385021 0.0165207 0.00108821
0.385371 0.0167037 0.000739116
0.383687 0.0194289 0.00115716
0.384251 0.0201935 0.000871183
0.383684 0.0197313 0.00175567
0.38455 0.0171259 0.000831624
0.384584 0.0170831 0.00171293
0.38372 0.0180696 0.00144552
0.386417 0.01582 0.000363826
0.384279 0.0170098 0.00091083
0.384166 0.0208226 0.000620873
0.384899 0.0171406 0.00131051
0.384594 0.0192248 0.00196802
0.383935 0.020485 0.000541437
0.383917 0.0176056 0.00146882
0.384504 0.0162026 0.00143974
0.385292 0.0215754 0.000523094
0.38425 0.0176577 0.00547389
0.383949 0.0175526 0.00117531
0.384669 0.0204589 0.000971712
0.384166 0.0170024 0.00171134
0.385647 0.0166177 0.000658815
0.385019 0.0171532 0.00158514
0.38506 0.0206124 0.000153117
0.384648 0.0198871 0.0053544
0.384837 0.0161774 0.000650951
0.384841 0.0204148 0.00132889
0.385258 0.0150732 0.000589044
0.386134 0.0146524 0.000154555
0.384707 0.0203768 0.000557861
0.384197 0.0183694 0.00105318
0.38473 0.0199934 0.000995412
0.383887 0.0186074 0.00270567
0.385739 0.0163339 0.000692502
0.383846 0.0188982 0.00219882
0.385052 0.0212564 0.000405508
0.38402 0.0203931 0.00127286
0.383709 0.0203577 0.00183983
0.383658 0.0188889 0.00134928
0.385055 0.0175679 0.00164622
0.383725 0.0204504 0.00155498
0.385044 0.0173359 0.0011347
0.384113 0.0178101 0.00133236
0.385523 0.0228912 0.000153762
0.384676 0.0184108 0.00170797
0.38468 0.0184119 0.00249347
0.383746 0.0201848 0.0014072
0.387204 0.0148301 0.000155962
0.384504 0.0175641 0.00173547
0.384332 0.0166 0.00184827
0.385828 0.0155866 0.000154149
0.384164 0.0193449 0.00211334
0.383369 0.0195028 0.00532697
0.383938 0.0182989 0.00192469
0.384344 0.0187078 0.0017439
0.384396 0.0171483 0.00114928
0.383999 0.0189293 0.00272315
0.384266 0.0202305 0.00132665
0.3849 0.0166582 0.00149163
0.384888 0.0170644 0.000852946
0.384479 0.0190936 0.00172411
0.383669 0.018646 0.000607385
0.384771 0.0178727 0.00542901
0.384931 0.022263 0.000152985
0.384797 0.0187194 0.00176721
0.386147 0.0150932 0.000154578
0.384624 0.0202233 0.00115647
0.385255 0.0168217 0.00155109
0.383651 0.0189206 0.00164752
0.384246 0.019817 0.0011783
0.383807 0.0188801 0.0019006
0.383792 0.0182626 0.00218403
0.384048 0.0208153 0.00125459
0.384969 0.0176451 0.00238423
0.387104 0.0145422 0.000155832
0.386232 0.0159969 0.00059749
0.384217 0.0195937 0.00532718
0.383994 0.0211105 0.00125289
0.385104 0.0206664 0.000895276
0.38496 0.0179367 0.00223072
0.384343 0.018993 0.00109484
0.384322 0.0185049 0.00152398
0.386034 0.022905 0.00015443
0.383868 0.0176773 0.00203057
0.384483 0.017607 0.00250224
0.384531 0.0199906 0.00176924
0.384121 0.0193085 0.00171234
0.383912 0.0209584 0.00097505
0.384314 0.0188017 0.00139433
0.384591 0.019835 0.00120893
0.384228 0.0190275 0.00157233
0.383202 0.018445 0.00533644
0.383637 0.0184321 0.00199093
0.383738 0.0179125 0.00294812
0.384185 0.0214885 0.000699758
0.383807 0.020716 0.0014052
0.386911 0.0151799 0.000155576
0.386408 0.015065 0.000405325
0.384451 0.0178152 0.00157959
0.38435 0.0176327 0.00128535
0.384168 0.0205883 0.0011
0.385734 0.0154078 0.000376257
0.384883 0.0183661 0.00146038
0.385479 0.0159546 0.000470381
0.38423 0.019528 0.00188516
0.384297 0.0173727 0.00229138
0.384348 0.0181508 0.00562127
0.38524 0.017303 0.00556575
0.382937 0.0180212 0.00543459
0.38453 0.0193759 0.00163526
0.386531 0.0156374 0.000155081
0.384871 0.0228087 0.000290478
0.38485 0.0154724 0.000446023
0.383939 0.0186649 0.00101563
0.384409 0.0183504 0.0022627
0.384797 0.0206164 0.000714676
0.386778 0.0150241 0.00037485
0.38398 0.0200931 0.00124189
0.384201 0.0178784 0.00173287
0.383926 0.0185279 0.00532817
0.385314 0.0171075 0.00162033
0.384609 0.0210502 0.000976344
0.384554 0.0222108 0.000580314
0.384236 0.018658 0.00201956
0.383635 0.0187172 0.00208506
0.384388 0.0164943 0.00124081
0.384209 0.0175724 0.00102744
0.384258 0.0168391 0.000665094
0.384507 0.0203676 0.001442
0.385377 0.0167118 0.00113382
0.384331 0.0211661 0.00101562
0.384493 0.0203332 0.000763495
0.384298 0.0167226 0.00105525
0.384023 0.0180845 0.00211653
0.384803 0.0175485 0.00118774
0.384039 0.0203361 0.00195386
0.387127 0.015063 0.000328428
0.385347 0.0157253 0.000611337
0.385074 0.0159194 0.000604629
0.384511 0.0164494 0.000759569
0.385145 0.0166682 0.00131805
0.38325 0.0191636 0.00532737
0.384463 0.0183038 0.00267059
0.38362 0.0186039 0.00300686
0.384884 0.0211341 0.001062
0.384971 0.0161385 0.000385737
0.386141 0.0157159 0.00015457
0.383814 0.0201548 0.00203452
0.384508 0.0170785 0.0020857
0.384881 0.0169203 0.00208887
0.384517 0.0193915 0.00220541
0.385773 0.023057 0.000154089
0.383869 0.0206738 0.00105937
0.384641 0.0172084 0.00144621
0.384743 0.0208963 0.000621158
0.38453 0.0186008 0.00532954
0.383955 0.0198191 0.00195525
0.384694 0.0184133 0.00219383
0.385395 0.0220027 0.000273123
0.383678 0.0181819 0.00278175
0.384131 0.0178049 0.00209953
0.384821 0.019896 0.00202138
0.384633 0.0165651 0.00102394
0.385921 0.0148895 0.000154282
0.384504 0.0183956 0.00554681
0.384577 0.0177695 0.00194164
0.383648 0.0182102 0.00307883
0.383677 0.0197884 0.00206505
0.384522 0.0187238 0.00218295
0.384046 0.0183165 0.00273333
0.384372 0.0203687 0.00108225
0.384786 0.0173118 0.00168718
0.384605 0.0181671 0.00149334
0.383625 0.0187471 0.00274328
0.384015 0.0173646 0.00161831
0.385456 0.0161931 0.000670762
0.385262 0.0210524 0.000470858
0.383667 0.0191857 0.00150811
0.384274 0.0167486 0.00159407
0.38483 0.0167196 0.00120656
0.384533 0.0173131 0.00189845
0.385647 0.0162013 0.000439508
0.384242 0.018415 0.00534044
0.384489 0.0191119 0.00249392
0.384938 0.0179773 0.00565533
0.384948 0.0161507 0.0012924
0.385449 0.0212776 0.000405706
0.384746 0.0172599 0.00210204
0.383805 0.0196349 0.00532559
0.383814 0.0197678 0.00249218
0.384944 0.0180404 0.00193993
0.385606 0.0166352 0.000955414
0.383971 0.0177367 0.00285403
0.385192 0.0162438 0.00114469
0.384756 0.0214603 0.000375486
0.385172 0.0165033 0.00156716
0.383628 0.0189798 0.002554
0.384791 0.0181638 0.00232966
0.384472 0.0178546 0.00543031
0.384614 0.0180098 0.00564434
0.383621 0.0184463 0.00326209
0.383903 0.0181403 0.00167255
0.385312 0.0159607 0.000793914
0.384101 0.017097 0.00247204
0.384266 0.0167363 0.00210738
0.384767 0.0189866 0.00256239
0.384886 0.0201235 0.0018367
0.384616 0.0198241 0.00153446
0.383892 0.0196399 0.00109816
0.384914 0.0181049 0.00259674
0.386613 0.0151442 0.000155184
0.385753 0.0155862 0.000616693
0.38486 0.0158885 0.00081168
0.384751 0.0175194 0.00190077
0.384998 0.0179166 0.000793309
0.384328 0.018424 0.00185592
0.384336 0.0200476 0.00199016
0.38478 0.0186808 0.00238417
0.384804 0.0169478 0.00154697
0.384409 0.019106 0.00217191
0.384082 0.0206739 0.00151773
0.384663 0.0169581 0.00128255
0.385823 0.0152265 0.000154149
0.3846 0.0184585 0.00142187
0.383631 0.0187322 0.00238463
0.384301 0.0201665 0.00539226
0.385114 0.016337 0.00087019
0.384051 0.0194897 0.00235051
0.384861 0.0217998 0.000383752
0.383897 0.0185959 0.0019343
0.384743 0.0176144 0.00218518
0.384487 0.0188968 0.0053064
0.384147 0.0196737 0.00213384
0.386604 0.0156105 0.000469852
0.385474 0.0214383 0.000153686
0.386618 0.0151004 0.000616481
0.384627 0.0177255 0.00135342
0.384225 0.0174682 0.00256666
0.385831 0.0157694 0.00039198
0.384094 0.0180692 0.00307343
0.384826 0.0182856 0.00281952
0.386352 0.0229097 0.000154848
0.384117 0.0171377 0.00144814
0.384434 0.0167731 0.00134138
0.38397 0.0195535 0.00153626
0.384162 0.01907 0.00251421
0.383788 0.0189119 0.0029359
0.385 0.0173907 0.00200819
0.384598 0.0179379 0.00114356
0.383874 0.0176195 0.00259544
0.383667 0.018166 0.00185578
0.385628 0.0166118 0.00127396
0.384192 0.0187458 0.00258332
0.385546 0.0167537 0.00152514
0.383648 0.0194165 0.00253476
0.384426 0.0196666 0.00170487
0.38455 0.0173936 0.00122834
0.383661 0.0181558 0.00248337
0.384859 0.0212679 0.000789758
0.383897 0.0187505 0.00162231
0.384897 0.0206037 0.00110264
0.384696 0.0179009 0.00256428
0.384994 0.0178544 0.0015545
0.384658 0.0201027 0.0014304
0.384462 0.0175344 0.00208817
0.38687 0.0153304 0.000411846
0.384285 0.0172778 0.00173285
0.38413 0.0186694 0.00229996
0.385212 0.0168268 0.0019467
0.384966 0.0198194 0.00535289
0.384414 0.0174079 0.00149562
0.384792 0.0193492 0.00177997
0.383618 0.0190279 0.0031538
0.383718 0.0200675 0.00176408
0.384006 0.0191419 0.00226802
0.384038 0.0212309 0.000981606
0.38393 0.0184187 0.00247634
0.385425 0.0149662 0.000363531
0.384756 0.0167529 0.00187326
0.383942 0.0179239 0.00187656
0.384519 0.0181131 0.00244564
0.3849 0.0202279 0.00155584
0.385207 0.0172487 0.00137123
0.384594 0.0173933 0.00232353
0.3839 0.0199024 0.0022383
0.386494 0.0143788 0.000155034
0.38424 0.0181128 0.00233349
0.384221 0.0180924 0.00263211
0.384214 0.0180124 0.00539104
0.383974 0.0173991 0.00241788
0.384962 0.0220872 0.000394124
0.384863 0.0170545 0.00182116
0.386081 0.0160997 0.000348213
0.385323 0.0162978 0.00140906
0.384204 0.0169379 0.00124218
0.384297 0.0169825 0.00227596
0.385097 0.0225492 0.000153204
0.38429 0.0193072 0.00238279
0.384245 0.0199032 0.00174318
0.384654 0.0207558 0.00101201
0.384245 0.0177202 0.00272834
0.384287 0.0193398 0.00146426
0.384407 0.018077 0.00208693
0.384011 0.0199018 0.00101285
0.384785 0.0164259 0.00124779
0.38447 0.0163077 0.0010208
0.384548 0.0221389 0.000152478
0.384658 0.0189824 0.00228289
0.384191 0.0181427 0.00187433
0.385954 0.0162471 0.000901127
0.385074 0.0206226 0.000600053
0.383975 0.0210677 0.00154922
0.385453 0.0232291 0.000153669
0.386009 0.0162353 0.000606435
0.384424 0.0199401 0.00225607
0.383505 0.0180521 0.00554354
0.384815 0.0219863 0.000152833
0.386187 0.0148677 0.000356566
0.385195 0.0214745 0.000257786
0.383662 0.0195984 0.00229669
0.384764 0.0165022 0.00170878
0.385172 0.017367 0.00225258
0.38512 0.0220038 0.000153227
0.386302 0.0155438 0.000340296
0.383643 0.0191889 0.00233939
0.384828 0.0196223 0.00189871
0.384328 0.0206365 0.00134948
0.384843 0.0154238 0.000741956
0.386124 0.0157575 0.000452567
0.384781 0.0188439 0.00282588
0.38502 0.0176784 0.00209055
0.384567 0.0167917 0.00164384
0.384884 0.0156278 0.000958078
0.383979 0.0180315 0.00279906
0.383757 0.0178468 0.00324024
0.383935 0.0195121 0.00183134
0.383762 0.0191583 0.00275411
0.385 0.0210596 0.000625893
0.384858 0.0198527 0.00170899
0.385137 0.0154722 0.000859247
0.384092 0.0201157 0.00215025
0.386355 0.0153139 0.000154845
0.385231 0.0155759 0.000378312
0.383826 0.0184045 0.00291794
0.383986 0.0173508 0.00271369
0.386541 0.0235361 0.000155095
0.384907 0.0172703 0.00235516
0.386549 0.0153286 0.000382975
0.38505 0.0156206 0.000613277
0.383911 0.0192733 0.00252014
0.384534 0.0198102 0.00200894
0.383626 0.0184561 0.00267067
0.38568 0.0163358 0.00098676
0.384212 0.0176363 0.00155594
0.386869 0.0146018 0.000338848
0.384803 0.0167204 0.00577573
0.384819 0.0195571 0.00156366
0.384361 0.0187823 0.00296993
0.384383 0.0185825 0.00274725
0.384115 0.0176578 0.00236047
0.384288 0.0182158 0.00289717
0.384594 0.0187465 0.0026106
0.384745 0.0192596 0.00235826
0.38481 0.0185665 0.00271529
0.384212 0.0187682 0.00531307
0.384798 0.0194011 0.00209915
0.384892 0.0215985 0.000603932
0.384328 0.020322 0.00186659
0.384891 0.015881 0.00111868
0.385944 0.0221456 0.000154312
0.385176 0.0173249 0.00177477
0.383482 0.018284 0.0053546
0.383745 0.0179195 0.00264829
0.384225 0.0183693 0.00249838
0.384786 0.0162783 0.0015102
0.384773 0.0189492 0.00138979
0.384548 0.0195196 0.00193595
0.384695 0.017994 0.00210142
0.383868 0.0208201 0.00167999
0.38406 0.0172135 0.0021986
0.384635 0.0202611 0.00169158
0.383906 0.0186704 0.00306942
0.386566 0.014067 0.000155128
0.383807 0.020696 0.00194646
0.384313 0.0178551 0.00246911
0.384619 0.0175971 0.0054915
0.384913 0.0203074 0.0010582
0.384977 0.0178137 0.00263223
0.385822 0.0160023 0.000580835
0.384402 0.0168999 0.00186948
0.383714 0.0181198 0.00335708
0.383631 0.0184325 0.00237165
0.385122 0.0212717 0.000940812
0.385444 0.0164064 0.00115681
0.385667 0.0160511 0.000832965
0.384405 0.0185994 0.00242993
0.385371 0.0154334 0.000676325
0.384274 0.0204606 0.0016062
0.384637 0.0223605 0.000333972
0.386182 0.0152683 0.000395711
0.384408 0.0164246 0.00161721
0.384784 0.0174699 0.00254279
0.38545 0.0168895 0.0017749
0.384016 0.0200932 0.0017793
0.384385 0.0189356 0.0027132
0.384801 0.0186719 0.00208505
0.383827 0.0193721 0.00218904
0.384353 0.0201712 0.00160844
0.385102 0.0213936 0.000667439
0.384729 0.0189484 0.00199334
0.385011 0.0168111 0.00172513
0.385339 0.0210738 0.000880059
0.38412 0.0185615 0.00288964
0.385216 0.0208662 0.0007017
0.386032 0.0144777 0.000376233
0.38454 0.0218801 0.000666328
0.384394 0.0208401 0.00113545
0.384334 0.0188817 0.00235676

VERTICES 873 1746
1 0
1 1
1 2
1 3
1 4
1 5
1 6
1 7
1 8
1 9
1 10
1 11
1 12
1 13
1 14
1 15
1 16
1 17
1 18
1 19
1 20
1 21
1 22
1 23
1 24
1 25
1 26
1 27
1 28
1 29
1 30
1 31
1 32
1 33
1 34
1 35
1 36
1 37
1 38
1 39
1 40
1 41
1 42
1 43
1 44
1 45
1 46
1 47
1 48
1 49
1 50
1 51
1 52
1 53
1 54
1 55
1 56
1 57
1 58
1 59
1 60
1 61
1 62
1 63
1 64
1 65
1 66
1 67
1 68
1 69
1 70
1 71
1 72
1 73
1 74
1 75
1 76
1 77
1 78
1 79
1 80
1 81
1 82
1 83
1 84
1 85
1 86
1 87
1 88
1 89
1 90
1 91
1 92
1 93
1 94
1 95
1 96
1 97
1 98
1 99
1 100
1 101
1 102
1 103
1 104
1 105
1 106
1 107
1 108
1 109
1 110
1 111
1 112
1 113
1 114
1 115
1 116
1 117
1 118
1 119
1 120
1 121
1 122
1 123
1 124
1 125
1 126
1 127
1 128
1 129
1 130
1 131
1 132
1 133
1 134
1 135
1 136
1 137
1 138
1 139
1 140
1 141
1 142
1 143
1 144
1 145
1 146
1 147
1 148
1 149
1 150
1 151
1 152
1 153
1 154
1 155
1 156
1 157
1 158
1 159
1 160
1 161
1 162
1 163
1 164
1 165
1 166
1 167
1 168
1 169
1 170
1 171
1 172
1 173
1 174
1 175
1 176
1 177
1 178
1 179
1 180
1 181
1 182
1 183
1 184
1 185
1 186
1 187
1 188
1 189
1 190
1 191
1 192
1 193
1 194
1 195
1 196
1 197
1 198
1 199
1 200
1 201
1 202
1 203
1 204
1 205
1 206
1 207
1 208
1 209
1 210
1 211
1 212
1 213
1 214
1 215
1 216
1 217
1 218
1 219
1 220
1 221
1 222
1 223
1 224
1 225
1 226
1 227
1 228
1 229
1 230
1 231
1 232
1 233
1 234
1 235
1 236
1 237
1 238
1 239
1 240
1 241
1 242
1 243
1 244
1 245
1 246
1 247
1 248
1 249
1 250
1 251
1 252
1 253
1 254
1 255
1 256
1 257
1 258
1 259
1 260
1 261
1 262
1 263
1 264
1 265
1 266
1 267
1 268
1 269
1 270
1 271
1 272
1 273
1 274
1 275
1 276
1 277
1 278
1 279
1 280
1 281
1 282
1 283
1 284
1 285
1 286
1 287
1 288
1 289
1 290
1 291
1 292
1 293
1 294
1 295
1 296
1 297
1 298
1 299
1 300
1 301
1 302
1 303
1 304
1 305
1 306
1 307
1 308
1 309
1 310
1 311
1 312
1 313
1 314
1 315
1 316
1 317
1 318
1 319
1 320
1 321
1 322
1 323
1 324
1 325
1 326
1 327
1 328
1 329
1 330
1 331
1 332
1 333
1 334
1 335
1 336
1 337
1 338
1 339
1 340
1 341
1 342
1 343
1 344
1 345
1 346
1 347
1 348
1 349
1 350
1 351
1 352
1 353
1 354
1 355
1 356
1 357
1 358
1 359
1 360
1 361
1 362
1 363
1 364
1 365
1 366
1 367
1 368
1 369
1 370
1 371
1 372
1 373
1 374
1 375
1 376
1 377
1 378
1 379
1 380
1 381
1 382
1 383
1 384
1 385
1 386
1 387
1 388
1 389
1 390
1 391
1 392
1 393
1 394
1 395
1 396
1 397
1 398
1 399
1 400
1 401
1 402
1 403
1 404
1 405
1 406
1 407
1 408
1 409
1 410
1 411
1 412
1 413
1 414
1 415
1 416
1 417
1 418
1 419
1 420
1 421
1 422
1 423
1 424
1 425
1 426
1 427
1 428
1 429
1 430
1 431
1 432
1 433
1 434
1 435
1 436
1 437
1 438
1 439
1 440
1 441
1 442
1 443
1 444
1 445
1 446
1 447
1 448
1 449
1 450
1 451
1 452
1 453
1 454
1 455
1 456
1 457
1 458
1 459
1 460
1 461
1 462
1 463
1 464
1 465
1 466
1 467
1 468
1 469
1 470
1 471
1 472
1 473
1 474
1 475
1 476
1 477
1 478
1 479
1 480
1 481
1 482
1 483
1 484
1 485
1 486
1 487
1 488
1 489
1 490
1 491
1 492
1 493
1 494
1 495
1 496
1 497
1 498
1 499
1 500
1 501
1 502
1 503
1 504
1 505
1 506
1 507
1 508
1 509
1 510
1 511
1 512
1 513
1 514
1 515
1 516
1 517
1 518
1 519
1 520
1 521
1 522
1 523
1 524
1 525
1 526
1 527
1 528
1 529
1 530
1 531
1 532
1 533
1 534
1 535
1 536
1 537
1 538
1 539
1 540
1 541
1 542
1 543
1 544
1 545
1 546
1 547
1 548
1 549
1 550
1 551
1 552
1 553
1 554
1 555
1 556
1 557
1 558
1 559
1 560
1 561
1 562
1 563
1 564
1 565
1 566
1 567
1 568
1 569
1 570
1 571
1 572
1 573
1 574
1 575
1 576
1 577
1 578
1 579
1 580
1 581
1 582
1 583
1 584
1 585
1 586
1 587
1 588
1 589
1 590
1 591
1 592
1 593
1 594
1 595
1 596
1 597
1 598
1 599
1 600
1 601
1 602
1 603
1 604
1 605
1 606
1 607
1 608
1 609
1 610
1 611
1 612
1 613
1 614
1 615
1 616
1 617
1 618
1 619
1 620
1 621
1 622
1 623
1 624
1 625
1 626
1 627
1 628
1 629
1 630
1 631
1 632
1 633
1 634
1 635
1 636
1 637
1 638
1 639
1 640
1 641
1 642
1 643
1 644
1 645
1 646
1 647
1 648
1 649
1 650
1 651
1 652
1 653
1 654
1 655
1 656
1 657
1 658
1 659
1 660
1 661
1 662
1 663
1 664
1 665
1 666
1 667
1 668
1 669
1 670
1 671
1 672
1 673
1 674
1 675
1 676
1 677
1 678
1 679
1 680
1 681
1 682
1 683
1 684
1 685
1 686
1 687
1 688
1 689
1 690
1 691
1 692
1 693
1 694
1 695
1 696
1 697
1 698
1 699
1 700
1 701
1 702
1 703
1 704
1 705
1 706
1 707
1 708
1 709
1 710
1 711
1 712
1 713
1 714
1 715
1 716
1 717
1 718
1 719
1 720
1 721
1 722
1 723
1 724
1 725
1 726
1 727
1 728
1 729
1 730
1 731
1 732
1 733
1 734
1 735
1 736
1 737
1 738
1 739
1 740
1 741
1 742
1 743
1 744
1 745
1 746
1 747
1 748
1 749
1 750
1 751
1 752
1 753
1 754
1 755
1 756
1 757
1 758
1 759
1 760
1 761
1 762
1 763
1 764
1 765
1 766
1 767
1 768
1 769
1 770
1 771
1 772
1 773
1 774
1 775
1 776
1 777
1 778
1 779
1 780
1 781
1 782
1 783
1 784
1 785
1 786
1 787
1 788
1 789
1 790
1 791
1 792
1 793
1 794
1 795
1 796
1 797
1 798
1 799
1 800
1 801
1 802
1 803
1 804
1 805
1 806
1 807
1 808
1 809
1 810
1 811
1 812
1 813
1 814
1 815
1 816
1 817
1 818
1 819
1 820
1 821
1 822
1 823
1 824
1 825
1 826
1 827
1 828
1 829
1 830
1 831
1 832
1 833
1 834
1 835
1 836
1 837
1 838
1 839
1 840
1 841
1 842
1 843
1 844
1 845
1 846
1 847
1 848
1 849
1 850
1 851
1 852
1 853
1 854
1 855
1 856
1 857
1 858
1 859
1 860
1 861
1 862
1 863
1 864
1 865
1 866
1 867
1 868
1 869
1 870
1 871
1 872

POINT_DATA 873
SCALARS id int 1
LOOKUP_TABLE default
1
2
3
4
5
6
7
8
9
10
11
12
13
14
15
16
17
18
19
20
21
22
23
24
25
26
27
28
29
30
32
33
34
35
36
37
39
40
41
42
43
44
45
46
47
48
49
50
51
52
53
54
56
57
58
59
60
61
62
63
64
65
67
68
69
70
71
72
73
74
75
76
77
78
79
80
81
82
83
84
85
86
87
88
89
90
91
92
93
94
95
96
97
98
99
100
101
102
103
104
105
106
107
108
109
110
111
112
113
114
115
116
117
118
119
120
121
122
123
124
125
126
127
129
130
131
132
133
134
135
136
137
138
139
140
141
142
143
144
145
146
147
148
149
150
151
153
154
155
156
157
158
159
160
161
162
163
164
165
166
167
168
169
170
171
172
173
174
175
176
177
178
179
180
181
182
183
184
185
186
187
188
189
190
191
192
193
194
195
196
197
198
199
200
201
202
203
204
205
206
208
209
210
211
212
213
214
215
217
218
219
220
221
222
223
225
226
227
228
229
230
231
232
233
234
235
236
237
238
239
240
241
242
243
244
245
246
247
248
249
250
251
252
253
254
255
256
257
258
259
260
261
262
263
264
265
266
267
268
269
270
271
273
274
275
276
277
278
279
280
281
282
283
284
285
286
287
288
289
290
291
292
293
294
295
296
297
299
300
301
302
303
304
305
306
307
308
309
310
311
312
313
314
315
316
317
318
319
320
321
322
323
324
325
326
327
328
329
330
331
332
333
334
335
336
337
338
339
340
341
342
343
344
345
346
347
348
349
350
351
352
353
354
355
356
357
358
359
360
361
362
363
364
365
366
367
368
369
370
371
372
373
374
375
376
377
378
379
381
382
383
384
385
386
387
388
389
390
391
392
393
394
395
396
397
398
399
400
401
402
404
405
406
407
408
409
410
411
412
413
414
415
416
417
418
419
420
421
422
423
424
426
427
428
429
430
431
432
434
435
436
437
438
439
440
441
442
443
444
445
446
447
448
449
451
452
453
454
455
456
457
458
459
460
461
462
463
464
465
466
467
468
469
470
471
472
473
474
475
476
477
478
479
480
481
482
483
484
485
486
487
489
490
491
492
493
494
495
496
497
498
499
500
501
502
503
504
505
506
507
508
509
510
511
512
513
514
515
516
517
518
519
520
521
522
523
524
525
526
527
528
529
530
531
532
533
534
535
536
537
538
539
540
541
542
543
544
545
546
547
548
549
550
551
552
553
554
555
556
557
558
559
560
561
562
563
564
565
566
567
568
569
570
571
572
573
574
575
576
577
579
580
581
582
583
584
585
586
587
588
589
590
591
592
593
594
595
596
597
598
599
600
601
602
603
605
606
607
608
609
610
611
612
613
614
615
616
617
618
619
620
621
622
623
624
625
626
627
628
629
630
631
632
633
634
635
636
637
638
640
641
642
643
644
645
646
647
648
649
650
651
652
653
654
655
656
659
660
661
662
663
664
665
666
667
668
669
670
671
672
673
674
675
676
677
678
679
680
681
682
683
684
685
686
687
688
690
691
692
693
694
695
696
698
699
700
701
702
703
704
705
706
707
708
709
710
711
712
713
714
715
716
717
718
719
720
721
722
723
724
725
726
727
728
729
730
731
732
733
734
735
736
738
739
740
741
742
743
744
745
746
747
748
749
750
751
752
753
754
755
756
757
758
759
760
761
762
764
765
766
767
768
769
770
771
772
773
774
775
776
777
778
779
780
781
782
783
784
785
786
787
788
789
791
792
793
794
795
796
797
798
799
800
801
802
803
804
805
806
807
808
809
810
811
812
813
814
815
816
817
818
819
820
821
822
823
824
825
826
827
828
829
830
831
832
833
834
835
836
837
838
839
840
841
842
843
844
845
846
847
848
849
850
851
852
853
854
855
856
857
858
859
860
861
862
863
864
865
866
867
868
869
870
871
872
873
874
875
876
877
878
879
880
881
882
883
884
885
886
887
888
889
890
891
892
893
894
895
896
897
898
899
900

SCALARS type int 1
LOOKUP_TABLE default
1
1
1
1
1
1
1
1
1
1
1
1
1
1
1
1
1
1
1
1
1
1
1
1
1
1
1
1
1
1
1
1
1
1
1
1
1
1
1
1
1
1
1
1
1
1
1
1
1
1
1
1
1
1
1
1
1
1
1
1
1
1
1
1
1
1
1
1
1
1
1
1
1
1
1
1
1
1
1
1
1
1
1
1
1
1
1
1
1
1
1
1
1
1
1
1
1
1
1
1
1
1
1
1
1
1
1
1
1
1
1
1
1
1
1
1
1
1
1
1
1
1
1
1
1
1
1
1
1
1
1
1
1
1
1
1
1
1
1
1
1
1
1
1
1
1
1
1
1
1
1
1
1
1
1
1
1
1
1
1
1
1
1
1
1
1
1
1
1
1
1
1
1
1
1
1
1
1
1
1
1
1
1
1
1
1
1
1
1
1
1
1
1
1
1
1
1
1
1
1
1
1
1
1
1
1
1
1
1
1
1
1
1
1
1
1
1
1
1
1
1
1
1
1
1
1
1
1
1
1
1
1
1
1
1
1
1
1
1
1
1
1
1
1
1
1
1
1
1
1
1
1
1
1
1
1
1
1
1
1
1
1
1
1
1
1
1
1
1
1
1
1
1
1
1
1
1
1
1
1
1
1
1
1
1
1
1
1
1
1
1
1
1
1
1
1
1
1
1
1
1
1
1
1
1
1
1
1
1
1
1
1
1
1
1
1
1
1
1
1
1
1
1
1
1
1
1
1
1
1
1
1
1
1
1
1
1
1
1
1
1
1
1
1
1
1
1
1
1
1
1
1
1
1
1
1
1
1
1
1
1
1
1
1
1
1
1
1
1
1
1
1
1
1
1
1
1
1
1
1
1
1
1
1
1
1
1
1
1
1
1
1
1
1
1
1
1
1
1
1
1
1
1
1
1
1
1
1
1
1
1
1
1
1
1
1
1
1
1
1
1
1
1
1
1
1
1
1
1
1
1
1
1
1
1
1
1
1
1
1
1
1
1
1
1
1
1
1
1
1
1
1
1
1
1
1
1
1
1
1
1
1
1
1
1
1
1
1
1
1
1
1
1
1
1
1
1
1
1
1
1
1
1
1
1
1
1
1
1
1
1
1
1
1
1
1
1
1
1
1
1
1
1
1
1
1
1
1
1
1
1
1
1
1
1
1
1
1
1
1
1
1
1
1
1
1
1
1
1
1
1
1
1
1
1
1
1
1
1
1
1
1
1
1
1
1
1
1
1
1
1
1
1
1
1
1
1
1
1
1
1
1
1
1
1
1
1
1
1
1
1
1
1
1
1
1
1
1
1
1
1
1
1
1
1
1
1
1
1
1
1
1
1
1
1
1
1
1
1
1
1
1
1
1
1
1
1
1
1
1
1
1
1
1
1
1
1
1
1
1
1
1
1
1
1
1
1
1
1
1
1
1
1
1
1
1
1
1
1
1
1
1
1
1
1
1
1
1
1
1
1
1
1
1
1
1
1
1
1
1
1
1
1
1
1
1
1
1
1
1
1
1
1
1
1
1
1
1
1
1
1
1
1
1
1
1
1
1
1
1
1
1
1
1
1
1
1
1
1
1
1
1
1
1
1
1
1
1
1
1
1
1
1
1
1
1
1
1
1
1
1
1
1
1
1
1
1
1
1
1
1
1
1
1
1
1
1
1
1
1
1
1
1
1
1
1
1
1
1
1
1
1
1
1
1
1
1
1
1
1
1
1
1
1
1
1
1
1
1
1
1
1
1
1
1
1
1
1
1
1
1
1
1
1
1
1
1
1
1
1
1
1
1
1
1
1
1
1
1
1
1
1
1
1
1
1
1
1
1
1
1
1
1
1
1
1
1
1
1
1
1
1
1
1
1
1
1
1
1
1
1
1
1
1
1
1
1
1
1
1
1
1
1
1
1
1
1
1
1
1
1
1
1
1
1
1
1
1
1
1
1
1
1
1
1
1
1
1
1
1
1
1
1

SCALARS radius float 1
LOOKUP_TABLE default
0.00015
0.00015
0.00015
0.00015
0.00015
0.00015
0.00015
0.00015
0.00015
0.00015
0.00015
0.00015
0.00015
0.00015
0.00015
0.00015
0.00015
0.00015
0.00015
0.00015
0.00015
0.00015
0.00015
0.00015
0.00015
0.00015
0.00015
0.00015
0.00015
0.00015
0.00015
0.00015
0.00015
0.00015
0.00015
0.00015
0.00015
0.00015
0.00015
0.00015
0.00015
0.00015
0.00015
0.00015
0.00015
0.00015
0.00015
0.00015
0.00015
0.00015
0.00015
0.00015
0.00015
0.00015
0.00015
0.00015
0.00015
0.00015
0.00015
0.00015
0.00015
0.00015
0.00015
0.00015
0.00015
0.00015
0.00015
0.00015
0.00015
0.00015
0.00015
0.00015
0.00015
0.00015
0.00015
0.00015
0.00015
0.00015
0.00015
0.00015
0.00015
0.00015
0.00015
0.00015
0.00015
0.00015
0.00015
0.00015
0.00015
0.00015
0.00015
0.00015
0.00015
0.00015
0.00015
0.00015
0.00015
0.00015
0.00015
0.00015
0.00015
0.00015
0.00015
0.00015
0.00015
0.00015
0.00015
0.00015
0.00015
0.00015
0.00015
0.00015
0.00015
0.00015
0.00015
0.00015
0.00015
0.00015
0.00015
0.00015
0.00015
0.00015
0.00015
0.00015
0.00015
0.00015
0.00015
0.00015
0.00015
0.00015
0.00015
0.00015
0.00015
0.00015
0.00015
0.00015
0.00015
0.00015
0.00015
0.00015
0.00015
0.00015
0.00015
0.00015
0.00015
0.00015
0.00015
0.00015
0.00015
0.00015
0.00015
0.00015
0.00015
0.00015
0.00015
0.00015
0.00015
0.00015
0.00015
0.00015
0.00015
0.00015
0.00015
0.00015
0.00015
0.00015
0.00015
0.00015
0.00015
0.00015
0.00015
0.00015
0.00015
0.00015
0.00015
0.00015
0.00015
0.00015
0.00015
0.00015
0.00015
0.00015
0.00015
0.00015
0.00015
0.00015
0.00015
0.00015
0.00015
0.00015
0.00015
0.00015
0.00015
0.00015
0.00015
0.00015
0.00015
0.00015
0.00015
0.00015
0.00015
0.00015
0.00015
0.00015
0.00015
0.00015
0.00015
0.00015
0.00015
0.00015
0.00015
0.00015
0.00015
0.00015
0.00015
0.00015
0.00015
0.00015
0.00015
0.00015
0.00015
0.00015
0.00015
0.00015
0.00015
0.00015
0.00015
0.00015
0.00015
0.00015
0.00015
0.00015
0.00015
0.00015
0.00015
0.00015
0.00015
0.00015
0.00015
0.00015
0.00015
0.00015
0.00015
0.00015
0.00015
0.00015
0.00015
0.00015
0.00015
0.00015
0.00015
0.00015
0.00015
0.00015
0.00015
0.00015
0.00015
0.00015
0.00015
0.00015
0.00015
0.00015
0.00015
0.00015
0.00015
0.00015
0.00015
0.00015
0.00015
0.00015
0.00015
0.00015
0.00015
0.00015
0.00015
0.00015
0.00015
0.00015
0.00015
0.00015
0.00015
0.00015
0.00015
0.00015
0.00015
0.00015
0.00015
0.00015
0.00015
0.00015
0.00015
0.00015
0.00015
0.00015
0.00015
0.00015
0.00015
0.00015
0.00015
0.00015
0.00015
0.00015
0.00015
0.00015
0.00015
0.00015
0.00015
0.00015
0.00015
0.00015
0.00015
0.00015
0.00015
0.00015
0.00015
0.00015
0.00015
0.00015
0.00015
0.00015
0.00015
0.00015
0.00015
0.00015
0.00015
0.00015
0.00015
0.00015
0.00015
0.00015
0.00015
0.00015
0.00015
0.00015
0.00015
0.00015
0.00015
0.00015
0.00015
0.00015
0.00015
0.00015
0.00015
0.00015
0.00015
0.00015
0.00015
0.00015
0.00015
0.00015
0.00015
0.00015
0.00015
0.00015
0.00015
0.00015
0.00015
0.00015
0.00015
0.00015
0.00015
0.00015
0.00015
0.00015
0.00015
0.00015
0.00015
0.00015
0.00015
0.00015
0.00015
0.00015
0.00015
0.00015
0.00015
0.00015
0.00015
0.00015
0.00015
0.00015
0.00015
0.00015
0.00015
0.00015
0.00015
0.00015
0.00015
0.00015
0.00015
0.00015
0.00015
0.00015
0.00015
0.00015
0.00015
0.00015
0.00015
0.00015
0.00015
0.00015
0.00015
0.00015
0.00015
0.00015
0.00015
0.00015
0.00015
0.00015
0.00015
0.00015
0.00015
0.00015
0.00015
0.00015
0.00015
0.00015
0.00015
0.00015
0.00015
0.00015
0.00015
0.00015
0.00015
0.00015
0.00015
0.00015
0.00015
0.00015
0.00015
0.00015
0.00015
0.00015
0.00015
0.00015
0.00015
0.00015
0.00015
0.00015
0.00015
0.00015
0.00015
0.00015
0.00015
0.00015
0.00015
0.00015
0.00015
0.00015
0.00015
0.00015
0.00015
0.00015
0.00015
0.00015
0.00015
0.00015
0.00015
0.00015
0.00015
0.00015
0.00015
0.00015
0.00015
0.00015
0.00015
0.00015
0.00015
0.00015
0.00015
0.00015
0.00015
0.00015
0.00015
0.00015
0.00015
0.00015
0.00015
0.00015
0.00015
0.00015
0.00015
0.00015
0.00015
0.00015
0.00015
0.00015
0.00015
0.00015
0.00015
0.00015
0.00015
0.00015
0.00015
0.00015
0.00015
0.00015
0.00015
0.00015
0.00015
0.00015
0.00015
0.00015
0.00015
0.00015
0.00015
0.00015
0.00015
0.00015
0.00015
0.00015
0.00015
0.00015
0.00015
0.00015
0.00015
0.00015
0.00015
0.00015
0.00015
0.00015
0.00015
0.00015
0.00015
0.00015
0.00015
0.00015
0.00015
0.00015
0.00015
0.00015
0.00015
0.00015
0.00015
0.00015
0.00015
0.00015
0.00015
0.00015
0.00015
0.00015
0.00015
0.00015
0.00015
0.00015
0.00015
0.00015
0.00015
0.00015
0.00015
0.00015
0.00015
0.00015
0.00015
0.00015
0.00015
0.00015
0.00015
0.00015
0.00015
0.00015
0.00015
0.00015
0.00015
0.00015
0.00015
0.00015
0.00015
0.00015
0.00015
0.00015
0.00015
0.00015
0.00015
0.00015
0.00015
0.00015
0.00015
0.00015
0.00015
0.00015
0.00015
0.00015
0.00015
0.00015
0.00015
0.00015
0.00015
0.00015
0.00015
0.00015
0.00015
0.00015
0.00015
0.00015
0.00015
0.00015
0.00015
0.00015
0.00015
0.00015
0.00015
0.00015
0.00015
0.00015
0.00015
0.00015
0.00015
0.00015
0.00015
0.00015
0.00015
0.00015
0.00015
0.00015
0.00015
0.00015
0.00015
0.00015
0.00015
0.00015
0.00015
0.00015
0.00015
0.00015
0.00015
0.00015
0.00015
0.00015
0.00015
0.00015
0.00015
0.00015
0.00015
0.00015
0.00015
0.00015
0.00015
0.00015
0.00015
0.00015
0.00015
0.00015
0.00015
0.00015
0.00015
0.00015
0.00015
0.00015
0.00015
0.00015
0.00015
0.00015
0.00015
0.00015
0.00015
0.00015
0.00015
0.00015
0.00015
0.00015
0.00015
0.00015
0.00015
0.00015
0.00015
0.00015
0.00015
0.00015
0.00015
0.00015
0.00015
0.00015
0.00015
0.00015
0.00015
0.00015
0.00015
0.00015
0.00015
0.00015
0.00015
0.00015
0.00015
0.00015
0.00015
0.00015
0.00015
0.00015
0.00015
0.00015
0.00015
0.00015
0.00015
0.00015
0.00015
0.00015
0.00015
0.00015
0.00015
0.00015
0.00015
0.00015
0.00015
0.00015
0.00015
0.00015
0.00015
0.00015
0.00015
0.00015
0.00015
0.00015
0.00015
0.00015
0.00015
0.00015
0.00015
0.00015
0.00015
0.00015
0.00015
0.00015
0.00015
0.00015
0.00015
0.00015
0.00015
0.00015
0.00015
0.00015
0.00015
0.00015
0.00015
0.00015
0.00015
0.00015
0.00015
0.00015
0.00015
0.00015
0.00015
0.00015
0.00015
0.00015
0.00015
0.00015
0.00015
0.00015
0.00015
0.00015
0.00015
0.00015
0.00015
0.00015
0.00015
0.00015
0.00015
0.00015
0.00015
0.00015
0.00015
0.00015
0.00015
0.00015
0.00015
0.00015
0.00015
0.00015
0.00015
0.00015
0.00015
0.00015
0.00015
0.00015
0.00015
0.00015
0.00015
0.00015
0.00015
0.00015
0.00015
0.00015
0.00015
0.00015
0.00015
0.00015
0.00015
0.00015
0.00015
0.00015
0.00015
0.00015
0.00015
0.00015
0.00015
0.00015
0.00015
0.00015
0.00015
0.00015
0.00015
0.00015
0.00015
0.00015
0.00015
0.00015
0.00015
0.00015
0.00015
0.00015
0.00015
0.00015
0.00015
0.00015
0.00015
0.00015
0.00015
0.00015
0.00015
0.00015
0.00015
0.00015
0.00015
0.00015
0.00015
0.00015
0.00015
0.00015
0.00015
0.00015
0.00015
0.00015
0.00015
0.00015
0.00015
0.00015
0.00015
0.00015
0.00015
0.00015
0.00015
0.00015
0.00015
0.00015
0.00015
0.00015
0.00015
0.00015
0.00015
0.00015
0.00015
0.00015
0.00015
0.00015
0.00015
0.00015
0.00015
0.00015
0.00015
0.00015
0.00015
0.00015
0.00015
0.00015
0.00015
0.00015
0.00015
0.00015
0.00015
0.00015
0.00015
0.00015
0.00015

SCALARS mass float 1
LOOKUP_TABLE default
3.95841e-09
3.95841e-09
3.95841e-09
3.95841e-09
3.95841e-09
3.95841e-09
3.95841e-09
3.95841e-09
3.95841e-09
3.95841e-09
3.95841e-09
3.95841e-09
3.95841e-09
3.95841e-09
3.95841e-09
3.95841e-09
3.95841e-09
3.95841e-09
3.95841e-09
3.95841e-09
3.95841e-09
3.95841e-09
3.95841e-09
3.95841e-09
3.95841e-09
3.95841e-09
3.95841e-09
3.95841e-09
3.95841e-09
3.95841e-09
3.95841e-09
3.95841e-09
3.95841e-09
3.95841e-09
3.95841e-09
3.95841e-09
3.95841e-09
3.95841e-09
3.95841e-09
3.95841e-09
3.95841e-09
3.95841e-09
3.95841e-09
3.95841e-09
3.95841e-09
3.95841e-09
3.95841e-09
3.95841e-09
3.95841e-09
3.95841e-09
3.95841e-09
3.95841e-09
3.95841e-09
3.95841e-09
3.95841e-09
3.95841e-09
3.95841e-09
3.95841e-09
3.95841e-09
3.95841e-09
3.95841e-09
3.95841e-09
3.95841e-09
3.95841e-09
3.95841e-09
3.95841e-09
3.95841e-09
3.95841e-09
3.95841e-09
3.95841e-09
3.95841e-09
3.95841e-09
3.95841e-09
3.95841e-09
3.95841e-09
3.95841e-09
3.95841e-09
3.95841e-09
3.95841e-09
3.95841e-09
3.95841e-09
3.95841e-09
3.95841e-09
3.95841e-09
3.95841e-09
3.95841e-09
3.95841e-09
3.95841e-09
3.95841e-09
3.95841e-09
3.95841e-09
3.95841e-09
3.95841e-09
3.95841e-09
3.95841e-09
3.95841e-09
3.95841e-09
3.95841e-09
3.95841e-09
3.95841e-09
3.95841e-09
3.95841e-09
3.95841e-09
3.95841e-09
3.95841e-09
3.95841e-09
3.95841e-09
3.95841e-09
3.95841e-09
3.95841e-09
3.95841e-09
3.95841e-09
3.95841e-09
3.95841e-09
3.95841e-09
3.95841e-09
3.95841e-09
3.95841e-09
3.95841e-09
3.95841e-09
3.95841e-09
3.95841e-09
3.95841e-09
3.95841e-09
3.95841e-09
3.95841e-09
3.95841e-09
3.95841e-09
3.95841e-09
3.95841e-09
3.95841e-09
3.95841e-09
3.95841e-09
3.95841e-09
3.95841e-09
3.95841e-09
3.95841e-09
3.95841e-09
3.95841e-09
3.95841e-09
3.95841e-09
3.95841e-09
3.95841e-09
3.95841e-09
3.95841e-09
3.95841e-09
3.95841e-09
3.95841e-09
3.95841e-09
3.95841e-09
3.95841e-09
3.95841e-09
3.95841e-09
3.95841e-09
3.95841e-09
3.95841e-09
3.95841e-09
3.95841e-09
3.95841e-09
3.95841e-09
3.95841e-09
3.95841e-09
3.95841e-09
3.95841e-09
3.95841e-09
3.95841e-09
3.95841e-09
3.95841e-09
3.95841e-09
3.95841e-09
3.95841e-09
3.95841e-09
3.95841e-09
3.95841e-09
3.95841e-09
3.95841e-09
3.95841e-09
3.95841e-09
3.95841e-09
3.95841e-09
3.95841e-09
3.95841e-09
3.95841e-09
3.95841e-09
3.95841e-09
3.95841e-09
3.95841e-09
3.95841e-09
3.95841e-09
3.95841e-09
3.95841e-09
3.95841e-09
3.95841e-09
3.95841e-09
3.95841e-09
3.95841e-09
3.95841e-09
3.95841e-09
3.95841e-09
3.95841e-09
3.95841e-09
3.95841e-09
3.95841e-09
3.95841e-09
3.95841e-09
3.95841e-09
3.95841e-09
3.95841e-09
3.95841e-09
3.95841e-09
3.95841e-09
3.95841e-09
3.95841e-09
3.95841e-09
3.95841e-09
3.95841e-09
3.95841e-09
3.95841e-09
3.95841e-09
3.95841e-09
3.95841e-09
3.95841e-09
3.95841e-09
3.95841e-09
3.95841e-09
3.95841e-09
3.95841e-09
3.95841e-09
3.95841e-09
3.95841e-09
3.95841e-09
3.95841e-09
3.95841e-09
3.95841e-09
3.95841e-09
3.95841e-09
3.95841e-09
3.95841e-09
3.95841e-09
3.95841e-09
3.95841e-09
3.95841e-09
3.95841e-09
3.95841e-09
3.95841e-09
3.95841e-09
3.95841e-09
3.95841e-09
3.95841e-09
3.95841e-09
3.95841e-09
3.95841e-09
3.95841e-09
3.95841e-09
3.95841e-09
3.95841e-09
3.95841e-09
3.95841e-09
3.95841e-09
3.95841e-09
3.95841e-09
3.95841e-09
3.95841e-09
3.95841e-09
3.95841e-09
3.95841e-09
3.95841e-09
3.95841e-09
3.95841e-09
3.95841e-09
3.95841e-09
3.95841e-09
3.95841e-09
3.95841e-09
3.95841e-09
3.95841e-09
3.95841e-09
3.95841e-09
3.95841e-09
3.95841e-09
3.95841e-09
3.95841e-09
3.95841e-09
3.95841e-09
3.95841e-09
3.95841e-09
3.95841e-09
3.95841e-09
3.95841e-09
3.95841e-09
3.95841e-09
3.95841e-09
3.95841e-09
3.95841e-09
3.95841e-09
3.95841e-09
3.95841e-09
3.95841e-09
3.95841e-09
3.95841e-09
3.95841e-09
3.95841e-09
3.95841e-09
3.95841e-09
3.95841e-09
3.95841e-09
3.95841e-09
3.95841e-09
3.95841e-09
3.95841e-09
3.95841e-09
3.95841e-09
3.95841e-09
3.95841e-09
3.95841e-09
3.95841e-09
3.95841e-09
3.95841e-09
3.95841e-09
3.95841e-09
3.95841e-09
3.95841e-09
3.95841e-09
3.95841e-09
3.95841e-09
3.95841e-09
3.95841e-09
3.95841e-09
3.95841e-09
3.95841e-09
3.95841e-09
3.95841e-09
3.95841e-09
3.95841e-09
3.95841e-09
3.95841e-09
3.95841e-09
3.95841e-09
3.95841e-09
3.95841e-09
3.95841e-09
3.95841e-09
3.95841e-09
3.95841e-09
3.95841e-09
3.95841e-09
3.95841e-09
3.95841e-09
3.95841e-09
3.95841e-09
3.95841e-09
3.95841e-09
3.95841e-09
3.95841e-09
3.95841e-09
3.95841e-09
3.95841e-09
3.95841e-09
3.95841e-09
3.95841e-09
3.95841e-09
3.95841e-09
3.95841e-09
3.95841e-09
3.95841e-09
3.95841e-09
3.95841e-09
3.95841e-09
3.95841e-09
3.95841e-09
3.95841e-09
3.95841e-09
3.95841e-09
3.95841e-09
3.95841e-09
3.95841e-09
3.95841e-09
3.95841e-09
3.95841e-09
3.95841e-09
3.95841e-09
3.95841e-09
3.95841e-09
3.95841e-09
3.95841e-09
3.95841e-09
3.95841e-09
3.95841e-09
3.95841e-09
3.95841e-09
3.95841e-09
3.95841e-09
3.95841e-09
3.95841e-09
3.95841e-09
3.95841e-09
3.95841e-09
3.95841e-09
3.95841e-09
3.95841e-09
3.95841e-09
3.95841e-09
3.95841e-09
3.95841e-09
3.95841e-09
3.95841e-09
3.95841e-09
3.95841e-09
3.95841e-09
3.95841e-09
3.95841e-09
3.95841e-09
3.95841e-09
3.95841e-09
3.95841e-09
3.95841e-09
3.95841e-09
3.95841e-09
3.95841e-09
3.95841e-09
3.95841e-09
3.95841e-09
3.95841e-09
3.95841e-09
3.95841e-09
3.95841e-09
3.95841e-09
3.95841e-09
3.95841e-09
3.95841e-09
3.95841e-09
3.95841e-09
3.95841e-09
3.95841e-09
3.95841e-09
3.95841e-09
3.95841e-09
3.95841e-09
3.95841e-09
3.95841e-09
3.95841e-09
3.95841e-09
3.95841e-09
3.95841e-09
3.95841e-09
3.95841e-09
3.95841e-09
3.95841e-09
3.95841e-09
3.95841e-09
3.95841e-09
3.95841e-09
3.95841e-09
3.95841e-09
3.95841e-09
3.95841e-09
3.95841e-09
3.95841e-09
3.95841e-09
3.95841e-09
3.95841e-09
3.95841e-09
3.95841e-09
3.95841e-09
3.95841e-09
3.95841e-09
3.95841e-09
3.95841e-09
3.95841e-09
3.95841e-09
3.95841e-09
3.95841e-09
3.95841e-09
3.95841e-09
3.95841e-09
3.95841e-09
3.95841e-09
3.95841e-09
3.95841e-09
3.95841e-09
3.95841e-09
3.95841e-09
3.95841e-09
3.95841e-09
3.95841e-09
3.95841e-09
3.95841e-09
3.95841e-09
3.95841e-09
3.95841e-09
3.95841e-09
3.95841e-09
3.95841e-09
3.95841e-09
3.95841e-09
3.95841e-09
3.95841e-09
3.95841e-09
3.95841e-09
3.95841e-09
3.95841e-09
3.95841e-09
3.95841e-09
3.95841e-09
3.95841e-09
3.95841e-09
3.95841e-09
3.95841e-09
3.95841e-09
3.95841e-09
3.95841e-09
3.95841e-09
3.95841e-09
3.95841e-09
3.95841e-09
3.95841e-09
3.95841e-09
3.95841e-09
3.95841e-09
3.95841e-09
3.95841e-09
3.95841e-09
3.95841e-09
3.95841e-09
3.95841e-09
3.95841e-09
3.95841e-09
3.95841e-09
3.95841e-09
3.95841e-09
3.95841e-09
3.95841e-09
3.95841e-09
3.95841e-09
3.95841e-09
3.95841e-09
3.95841e-09
3.95841e-09
3.95841e-09
3.95841e-09
3.95841e-09
3.95841e-09
3.95841e-09
3.95841e-09
3.95841e-09
3.95841e-09
3.95841e-09
3.95841e-09
3.95841e-09
3.95841e-09
3.95841e-09
3.95841e-09
3.95841e-09
3.95841e-09
3.95841e-09
3.95841e-09
3.95841e-09
3.95841e-09
3.95841e-09
3.95841e-09
3.95841e-09
3.95841e-09
3.95841e-09
3.95841e-09
3.95841e-09
3.95841e-09
3.95841e-09
3.95841e-09
3.95841e-09
3.95841e-09
3.95841e-09
3.95841e-09
3.95841e-09
3.95841e-09
3.95841e-09
3.95841e-09
3.95841e-09
3.95841e-09
3.95841e-09
3.95841e-09
3.95841e-09
3.95841e-09
3.95841e-09
3.95841e-09
3.95841e-09
3.95841e-09
3.95841e-09
3.95841e-09
3.95841e-09
3.95841e-09
3.95841e-09
3.95841e-09
3.95841e-09
3.95841e-09
3.95841e-09
3.95841e-09
3.95841e-09
3.95841e-09
3.95841e-09
3.95841e-09
3.95841e-09
3.95841e-09
3.95841e-09
3.95841e-09
3.95841e-09
3.95841e-09
3.95841e-09
3.95841e-09
3.95841e-09
3.95841e-09
3.95841e-09
3.95841e-09
3.95841e-09
3.95841e-09
3.95841e-09
3.95841e-09
3.95841e-09
3.95841e-09
3.95841e-09
3.95841e-09
3.95841e-09
3.95841e-09
3.95841e-09
3.95841e-09
3.95841e-09
3.95841e-09
3.95841e-09
3.95841e-09
3.95841e-09
3.95841e-09
3.95841e-09
3.95841e-09
3.95841e-09
3.95841e-09
3.95841e-09
3.95841e-09
3.95841e-09
3.95841e-09
3.95841e-09
3.95841e-09
3.95841e-09
3.95841e-09
3.95841e-09
3.95841e-09
3.95841e-09
3.95841e-09
3.95841e-09
3.95841e-09
3.95841e-09
3.95841e-09
3.95841e-09
3.95841e-09
3.95841e-09
3.95841e-09
3.95841e-09
3.95841e-09
3.95841e-09
3.95841e-09
3.95841e-09
3.95841e-09
3.95841e-09
3.95841e-09
3.95841e-09
3.95841e-09
3.95841e-09
3.95841e-09
3.95841e-09
3.95841e-09
3.95841e-09
3.95841e-09
3.95841e-09
3.95841e-09
3.95841e-09
3.95841e-09
3.95841e-09
3.95841e-09
3.95841e-09
3.95841e-09
3.95841e-09
3.95841e-09
3.95841e-09
3.95841e-09
3.95841e-09
3.95841e-09
3.95841e-09
3.95841e-09
3.95841e-09
3.95841e-09
3.95841e-09
3.95841e-09
3.95841e-09
3.95841e-09
3.95841e-09
3.95841e-09
3.95841e-09
3.95841e-09
3.95841e-09
3.95841e-09
3.95841e-09
3.95841e-09
3.95841e-09
3.95841e-09
3.95841e-09
3.95841e-09
3.95841e-09
3.95841e-09
3.95841e-09
3.95841e-09
3.95841e-09
3.95841e-09
3.95841e-09
3.95841e-09
3.95841e-09
3.95841e-09
3.95841e-09
3.95841e-09
3.95841e-09
3.95841e-09
3.95841e-09
3.95841e-09
3.95841e-09
3.95841e-09
3.95841e-09
3.95841e-09
3.95841e-09
3.95841e-09
3.95841e-09
3.95841e-09
3.95841e-09
3.95841e-09
3.95841e-09
3.95841e-09
3.95841e-09
3.95841e-09
3.95841e-09
3.95841e-09
3.95841e-09
3.95841e-09
3.95841e-09
3.95841e-09
3.95841e-09
3.95841e-09
3.95841e-09
3.95841e-09
3.95841e-09
3.95841e-09
3.95841e-09
3.95841e-09
3.95841e-09
3.95841e-09
3.95841e-09
3.95841e-09
3.95841e-09
3.95841e-09
3.95841e-09
3.95841e-09
3.95841e-09
3.95841e-09
3.95841e-09
3.95841e-09
3.95841e-09
3.95841e-09
3.95841e-09
3.95841e-09
3.95841e-09
3.95841e-09
3.95841e-09
3.95841e-09
3.95841e-09
3.95841e-09
3.95841e-09
3.95841e-09
3.95841e-09
3.95841e-09
3.95841e-09
3.95841e-09
3.95841e-09
3.95841e-09
3.95841e-09
3.95841e-09
3.95841e-09
3.95841e-09
3.95841e-09
3.95841e-09
3.95841e-09
3.95841e-09
3.95841e-09
3.95841e-09
3.95841e-09
3.95841e-09
3.95841e-09
3.95841e-09
3.95841e-09
3.95841e-09
3.95841e-09
3.95841e-09
3.95841e-09
3.95841e-09
3.95841e-09
3.95841e-09
3.95841e-09
3.95841e-09
3.95841e-09
3.95841e-09
3.95841e-09
3.95841e-09
3.95841e-09
3.95841e-09
3.95841e-09
3.95841e-09
3.95841e-09
3.95841e-09
3.95841e-09
3.95841e-09
3.95841e-09
3.95841e-09
3.95841e-09
3.95841e-09
3.95841e-09
3.95841e-09
3.95841e-09
3.95841e-09
3.95841e-09
3.95841e-09
3.95841e-09
3.95841e-09
3.95841e-09
3.95841e-09
3.95841e-09
3.95841e-09
3.95841e-09
3.95841e-09
3.95841e-09
3.95841e-09
3.95841e-09
3.95841e-09
3.95841e-09
3.95841e-09
3.95841e-09
3.95841e-09
3.95841e-09
3.95841e-09
3.95841e-09
3.95841e-09
3.95841e-09
3.95841e-09
3.95841e-09
3.95841e-09
3.95841e-09
3.95841e-09
3.95841e-09
3.95841e-09
3.95841e-09
3.95841e-09
3.95841e-09
3.95841e-09
3.95841e-09
3.95841e-09
3.95841e-09
3.95841e-09
3.95841e-09
3.95841e-09
3.95841e-09
3.95841e-09
3.95841e-09
3.95841e-09
3.95841e-09
3.95841e-09
3.95841e-09
3.95841e-09
3.95841e-09
3.95841e-09
3.95841e-09

VECTORS velocity float
-2.47492e-11 -1.13531e-10 -3.76613e-11
2.89401e-14 -5.52053e-15 2.28493e-14
-5.12683e-16 -1.71734e-15 -3.44188e-15
-2.03018e-14 1.84711e-13 -1.51168e-14
7.03183e-14 9.93694e-13 -5.20699e-14
4.90524e-14 3.41313e-13 -1.07405e-13
6.59722e-19 1.75883e-22 -5.0412e-16
-1.64454e-12 9.41654e-14 2.93771e-14
-7.3965e-13 1.30427e-12 1.95357e-13
4.3367e-20 -2.36442e-20 -4.27577e-20
-2.06844e-13 1.06729e-13 -1.66536e-14
-1.16826e-17 1.09975e-22 8.91957e-15
-3.35858e-13 3.83084e-13 7.12158e-14
-4.75226e-13 -5.74724e-13 1.67051e-13
3.58097e-14 -5.42646e-14 -6.53552e-14
-6.89699e-13 1.72381e-13 2.6027e-14
-5.54383e-14 3.10654e-13 -5.83677e-14
6.4629e-15 1.87096e-13 5.05531e-14
7.75768e-14 6.46818e-14 3.90094e-14
-1.07747e-14 1.75242e-14 -1.06189e-14
1.03074e-12 -6.48292e-13 5.86965e-14
-3.32266e-13 7.58909e-13 1.16332e-13
-6.89109e-13 5.69827e-13 1.42028e-13
-9.98128e-14 -4.43707e-13 -1.07764e-13
-1.45217e-14 1.70243e-13 3.94249e-14
1.05834e-12 1.62165e-12 3.03276e-13
2.9174e-13 -5.5584e-14 2.11897e-13
-5.08856e-13 5.23509e-13 1.87881e-13
3.00142e-14 1.7452e-13 3.09037e-14
5.61457e-13 1.22055e-12 6.14324e-14
-5.54784e-14 -5.82546e-13 -4.22579e-15
-9.6037e-13 -1.64486e-12 -3.00315e-13
-5.52001e-14 6.83113e-14 -1.43652e-14
6.06088e-13 -3.87812e-13 -4.33567e-13
1.64252e-14 6.07e-14 -1.2278e-14
-1.00657e-14 -1.13806e-13 -3.82962e-14
-1.79467e-14 -5.03175e-15 1.21678e-14
4.34998e-13 2.31577e-13 2.96411e-15
-1.04142e-18 2.61982e-23 7.9519e-16
-7.49599e-14 -4.97435e-14 -1.00968e-13
4.3285e-14 5.77544e-14 -4.44376e-14
4.62268e-14 1.69827e-13 -1.98298e-13
-1.33341e-12 9.68118e-13 1.17633e-13
2.66451e-12 9.58683e-13 -2.79455e-13
-3.04171e-13 3.03539e-13 -1.82371e-15
5.86558e-13 1.53613e-13 3.22233e-14
-1.72059e-15 -1.07646e-14 -2.37274e-15
-2.63814e-12 3.57469e-13 -1.28537e-13
-9.36861e-13 -2.1576e-13 -1.02369e-13
-5.31402e-13 6.63412e-13 1.03396e-13
4.90639e-14 1.69353e-13 4.03199e-13
8.89622e-14 -3.01707e-14 1.1671e-13
-3.46836e-15 -5.19507e-14 1.60257e-14
1.04805e-14 -4.00415e-14 2.59473e-13
-5.08087e-13 6.42077e-13 4.42717e-14
-1.36646e-14 -1.03852e-14 1.22099e-14
-1.73894e-13 1.85316e-13 -5.37418e-14
4.16525e-13 4.81718e-13 -6.96996e-14
1.49873e-13 3.24614e-14 -2.96605e-15
7.35746e-15 1.96109e-14 -1.58542e-14
-1.39587e-13 1.41693e-13 -1.20629e-13
1.67237e-13 -8.54744e-14 9.81046e-14
4.79158e-13 -1.21584e-13 2.81627e-13
1.01227e-15 4.3746e-21 2.98741e-13
-6.25989e-13 3.40717e-13 -3.25574e-14
-7.22224e-16 -4.78924e-15 6.30728e-14
3.42892e-13 -1.48338e-14 -9.56538e-14
-1.13089e-12 2.23012e-15 -2.44043e-13
1.47662e-13 -6.25881e-14 -6.07148e-14
6.76927e-14 8.86735e-15 1.78233e-14
-7.74443e-15 3.32386e-14 -1.11408e-13
-7.53025e-14 4.44627e-14 1.56932e-14
1.13441e-13 7.25276e-13 6.38782e-14
2.26542e-12 -1.47015e-12 -7.71951e-14
-8.07823e-13 3.96486e-13 1.55774e-13
-2.00875e-11 -1.11237e-11 -8.78777e-13
-2.6319e-13 -6.3209e-14 4.65182e-14
-8.46838e-13 8.78166e-13 8.94252e-14
-1.0946e-19 -6.51643e-20 -1.86229e-19
-5.70918e-14 6.13617e-14 -1.25542e-13
9.14454e-13 6.40174e-13 9.57161e-15
-8.59118e-14 1.49219e-13 -4.94585e-14
-1.27159e-13 3.53103e-14 -6.92247e-14
3.49332e-12 -7.74097e-13 -7.19046e-13
5.31601e-13 -1.90386e-13 3.75177e-14
-1.88917e-13 1.61477e-13 -2.88183e-13
2.05778e-13 1.5976e-13 -5.12942e-14
-6.22334e-13 1.64567e-12 4.27721e-13
7.98487e-13 -5.2431e-14 -6.76387e-13
1.31635e-14 6.71117e-15 -8.42831e-15
1.24148e-13 5.61198e-14 -1.03244e-13
-1.36844e-13 7.53661e-14 3.96961e-14
9.06158e-18 2.00377e-22 -6.9181e-15
5.64202e-13 -5.91348e-13 1.00028e-12
-6.8183e-14 1.22495e-13 4.06094e-14
-2.13327e-15 -1.41465e-14 1.86307e-13
2.59215e-13 6.51785e-14 6.99639e-15
-4.18826e-13 2.33666e-14 -6.39116e-15
6.73607e-14 -2.17117e-14 -7.35998e-15
-6.60652e-14 2.15745e-13 2.56048e-14
5.97634e-14 8.45958e-14 -4.63324e-14
-9.2373e-14 6.00955e-14 -7.06508e-15
3.00301e-13 8.20484e-13 5.17614e-14
6.03207e-18 1.02398e-21 -4.60544e-15
-3.53232e-14 -7.76097e-14 1.91289e-14
-9.32974e-13 -2.76612e-13 -3.68319e-13
5.18677e-12 9.86894e-13 -4.30292e-13
5.65635e-13 -3.83636e-13 5.9824e-14
1.52017e-13 2.82122e-13 2.92247e-14
-7.54693e-13 3.75159e-13 -4.13215e-13
-1.29261e-12 -5.68178e-13 -1.89095e-14
3.34156e-12 1.23726e-12 -2.1806e-13
2.09478e-13 1.60065e-12 -2.80794e-13
3.03345e-12 8.30293e-14 4.82957e-13
-6.70923e-13 1.15185e-12 5.08002e-13
4.24838e-12 1.31375e-12 -6.40587e-13
-1.84364e-13 4.29595e-14 1.05381e-14
-1.23604e-13 -1.07579e-13 -4.80421e-15
-2.23227e-15 -8.25479e-14 8.98047e-15
2.10129e-13 7.1175e-14 1.15499e-13
1.11867e-13 1.50933e-13 -1.13864e-13
5.33083e-13 1.10144e-12 1.34239e-13
7.14767e-13 1.44118e-13 -1.78009e-13
-2.26449e-13 -3.08901e-13 -1.50694e-13
1.93269e-12 1.65206e-12 -2.52987e-13
4.28973e-14 5.48918e-14 -1.34681e-14
6.44308e-13 4.79115e-13 6.05717e-14
8.84206e-14 5.34099e-13 1.42744e-13
2.57033e-14 7.69943e-13 1.66848e-13
-6.27554e-14 1.47831e-12 -2.14736e-13
-1.59115e-12 -1.6696e-12 -1.44427e-12
9.14648e-14 1.67472e-13 1.07983e-13
2.32024e-15 5.58545e-13 3.17406e-14
-2.23422e-13 1.92402e-13 2.45127e-13
-6.03806e-13 1.29931e-12 1.00082e-12
-8.6983e-18 -1.62171e-22 6.6413e-15
-9.6779e-13 2.16788e-14 -3.1829e-14
1.41658e-12 -2.26407e-13 -4.0663e-13
3.61992e-13 3.72521e-13 1.8611e-13
4.84979e-14 7.48217e-14 2.0323e-14
-1.01828e-14 3.36328e-13 6.92974e-15
-9.33203e-14 1.28979e-13 2.22471e-14
-3.05912e-14 3.31043e-14 -7.57615e-14
-9.07757e-13 7.65383e-13 3.83104e-13
-1.13471e-12 -1.51103e-12 2.36586e-14
-9.2644e-15 1.91681e-14 -1.02512e-14
-3.85275e-13 1.54081e-12 9.67112e-14
2.26115e-13 2.09729e-14 -5.84917e-14
-1.11847e-17 -4.01884e-22 8.53937e-15
-3.26116e-14 2.259e-13 -2.5968e-13
1.58223e-13 -9.82408e-14 4.96474e-15
4.14057e-13 -9.6831e-14 -3.86399e-14
-3.25537e-13 -2.72815e-14 1.27109e-12
-1.67573e-13 5.30606e-14 3.53688e-14
2.80992e-12 -1.19302e-12 -1.15181e-13
-2.03522e-13 4.86003e-14 4.12988e-14
4.44036e-14 -3.31258e-13 1.8202e-13
-3.95764e-13 3.09174e-14 -6.97177e-14
-1.56022e-18 -1.34455e-22 1.19087e-15
-3.56847e-14 -3.43199e-14 -1.32177e-14
-1.79485e-13 4.88695e-13 -5.74062e-14
-5.83714e-13 1.00483e-13 -2.85971e-13
3.30104e-13 5.66934e-13 -4.67936e-13
-2.05408e-13 2.05574e-13 -4.27073e-13
-3.4465e-13 -1.5969e-12 1.24419e-12
-1.08378e-12 8.02705e-13 5.95393e-13
-2.28256e-13 8.12178e-13 2.38605e-13
-8.32815e-13 -4.88692e-13 -3.24829e-13
-1.18317e-14 -3.75679e-15 -1.25652e-14
-3.82592e-12 -2.54551e-12 -9.71843e-13
-2.71988e-14 1.79777e-14 9.86524e-16
-6.51048e-15 -3.80266e-15 -7.16079e-15
6.43319e-14 1.02049e-13 -1.92659e-15
1.11274e-12 -2.85892e-13 -1.1346e-14
-4.08982e-13 4.41971e-13 -8.61528e-14
4.24945e-13 -3.20739e-13 -1.60623e-13
-5.72854e-14 -5.23781e-14 -4.44285e-14
-2.83788e-13 1.68948e-14 4.80425e-14
-7.60471e-13 -1.3344e-12 2.28432e-13
-1.90729e-14 -9.02555e-14 -7.91639e-15
1.50212e-13 9.36775e-13 2.08787e-13
-1.84138e-13 1.01995e-13 -4.68925e-14
1.63282e-12 3.33873e-13 -3.80208e-13
-3.28437e-13 -1.57934e-14 9.25514e-14
-3.50975e-13 5.43518e-13 -1.99455e-13
-4.98812e-13 5.25483e-13 1.20095e-13
2.2746e-13 5.42856e-13 -2.54095e-13
2.91805e-13 9.21921e-13 -1.7041e-13
-8.3416e-14 3.89315e-13 1.60561e-13
-4.16125e-13 1.3416e-13 -1.19863e-13
4.5581e-14 -8.05366e-15 -5.75136e-14
-1.14617e-13 1.1713e-13 -6.56982e-14
-3.05777e-13 8.01533e-13 6.30262e-14
-1.14185e-13 7.07334e-13 1.26486e-13
2.23619e-13 2.02765e-13 -1.06175e-13
1.24835e-13 2.40972e-14 -8.24681e-15
6.75796e-14 5.95918e-14 -1.57426e-15
2.66293e-11 -3.8513e-12 -1.13157e-12
-4.96383e-15 2.62525e-13 -3.53917e-13
-2.33794e-14 -5.31073e-14 -1.01432e-14
-1.75438e-13 2.67158e-13 7.27207e-15
-5.88949e-14 1.07639e-13 -4.11236e-14
-4.88814e-14 2.02535e-13 -3.87595e-14
2.60535e-11 -7.24334e-12 2.28485e-12
-7.85343e-13 -2.39869e-13 -2.46162e-14
-1.56055e-12 9.93027e-14 1.63523e-13
-5.94438e-13 2.12309e-13 -4.84121e-13
-9.2793e-13 1.06959e-12 2.6782e-13
-3.50624e-14 8.70816e-13 -1.59376e-13
-1.03163e-14 2.66774e-13 -1.87304e-13
1.13398e-11 -1.72943e-12 1.74559e-12
-1.19824e-12 8.02405e-13 1.70584e-13
7.33314e-13 1.69881e-12 -2.71013e-13
-2.77161e-13 -1.90722e-13 -1.88171e-13
1.07833e-17 1.5039e-19 -8.23289e-15
1.54055e-13 1.78057e-13 -2.55341e-13
-8.8036e-14 1.71607e-12 -1.11644e-13
-1.02787e-12 -1.0211e-14 -3.27432e-13
3.32734e-13 1.83608e-13 -1.30356e-13
9.94761e-13 9.67849e-15 9.20408e-14
-2.75365e-13 3.46226e-13 -7.6328e-14
1.93684e-13 1.16202e-12 1.75615e-13
-8.11824e-14 1.21115e-12 1.35287e-13
2.87907e-14 6.95812e-13 -7.88766e-14
-2.06366e-13 -1.16121e-13 -4.02663e-13
-1.11843e-17 -1.94089e-22 8.53937e-15
5.97625e-13 6.96047e-13 1.44035e-13
9.08091e-18 -2.16914e-21 -6.93359e-15
2.85093e-13 1.65554e-12 1.77211e-13
1.71054e-12 -1.0039e-12 -4.28345e-14
2.28139e-12 -4.82229e-13 -3.79436e-13
-3.23919e-15 2.15468e-14 2.81605e-13
-2.73659e-12 -1.72564e-12 -6.50594e-13
9.43509e-13 -2.4597e-13 -3.16214e-13
-1.39551e-13 1.47274e-12 -7.11354e-14
-3.76045e-13 1.28982e-13 1.00674e-13
3.9054e-20 -2.24204e-20 -3.9248e-19
-1.16896e-13 3.56288e-13 5.30794e-14
-6.48933e-14 -8.67405e-14 5.53283e-14
1.99008e-13 2.45866e-14 -2.56964e-14
2.43999e-12 -1.60446e-12 -1.10701e-12
-3.57141e-14 2.08037e-13 4.10932e-14
-2.2428e-13 1.4533e-13 -4.79828e-14
-2.0256e-12 3.9889e-13 -3.09507e-13
4.16795e-13 -2.83437e-13 1.98053e-13
-2.1332e-15 -1.41465e-14 1.86307e-13
2.23784e-12 3.97982e-13 1.18209e-13
-1.80785e-13 1.85237e-13 -1.06471e-13
3.92733e-13 2.9368e-13 1.209e-13
5.29317e-14 9.72654e-14 -2.13158e-13
-5.9934e-14 1.05686e-12 1.43981e-13
3.56464e-15 1.90828e-14 -2.18296e-13
-2.57538e-14 1.31044e-14 1.26434e-14
-1.80315e-13 1.27943e-13 1.02183e-14
-6.57695e-13 1.19532e-12 1.765e-13
1.81866e-14 2.0029e-13 -2.01745e-14
6.03185e-18 -8.94595e-24 -4.60544e-15
-1.92797e-12 -2.07752e-12 -2.10306e-12
-1.15368e-12 8.2098e-13 -3.9375e-13
1.14829e-13 3.32389e-13 -7.9881e-14
-2.11348e-12 -7.12966e-13 7.91768e-14
-1.25458e-13 1.59697e-13 -6.52239e-15
4.45548e-13 3.08942e-13 2.20018e-14
1.43215e-13 1.89265e-13 5.48404e-14
2.07467e-12 -6.55333e-12 -7.72293e-12
-1.28923e-12 1.32755e-13 2.92378e-13
-4.94578e-13 1.15459e-12 1.2429e-13
-2.86821e-12 4.50337e-13 2.79411e-13
2.16932e-14 1.06537e-13 -2.1664e-15
2.9795e-13 4.71485e-13 -1.08722e-14
-1.33421e-12 1.082e-12 -1.16396e-13
-7.53579e-13 -2.93479e-13 1.90106e-14
-5.91612e-13 -1.27757e-13 -1.1192e-12
-4.98828e-13 4.98233e-13 1.25646e-12
-9.43944e-14 6.2901e-13 -2.8585e-13
-8.08219e-14 5.58312e-13 -1.31335e-13
-5.59762e-13 2.21754e-13 8.38233e-15
-1.65693e-13 8.52654e-13 -5.29875e-13
-9.69994e-14 2.46335e-13 7.08669e-14
-1.81658e-12 -1.63076e-12 4.66831e-13
-1.50956e-13 4.39012e-13 1.27673e-14
-7.53239e-13 1.68594e-12 2.85479e-13
-3.65445e-13 -1.33212e-13 2.84709e-13
8.9561e-14 -2.69373e-17 -8.25258e-14
3.34089e-14 2.40601e-13 -8.56152e-13
-4.39152e-13 1.25301e-12 1.98907e-13
3.78189e-12 -1.38067e-12 -5.90163e-13
-1.1815e-12 1.44016e-12 4.32312e-13
-5.46068e-13 1.57242e-12 2.17922e-13
1.53356e-13 2.52098e-14 -1.59031e-15
3.70504e-13 2.53072e-13 -1.55693e-13
-2.02489e-13 3.13579e-13 -8.95291e-14
-1.39127e-12 5.45178e-13 -9.38667e-13
-3.06022e-13 1.06492e-12 6.97396e-14
6.28553e-14 8.6562e-13 6.60084e-14
-5.02043e-15 -3.83301e-16 -9.64085e-15
-2.11308e-12 2.18238e-13 -6.86504e-13
9.12371e-15 4.00645e-13 -1.80904e-14
-6.10865e-12 -1.35485e-12 -4.33263e-13
1.77698e-12 -1.06228e-12 -1.43677e-13
1.98208e-13 9.05002e-14 4.28128e-14
-1.87581e-13 -6.60212e-14 2.16295e-14
1.87501e-12 3.35481e-13 1.86722e-13
-8.79566e-14 8.05154e-13 -4.53204e-14
-1.13626e-12 -4.42797e-13 -2.12661e-13
-1.10843e-12 6.35181e-13 2.42212e-13
-2.90184e-13 6.10949e-13 2.14363e-13
8.15806e-15 9.6747e-14 -5.46442e-14
-6.21589e-13 1.1589e-12 1.2828e-13
-3.95333e-13 1.39409e-12 -2.28425e-13
5.12051e-13 1.61884e-13 -2.6548e-13
-2.44497e-13 8.68834e-13 -7.47557e-14
-1.12777e-15 2.13702e-14 4.14307e-14
-2.69602e-13 1.95441e-13 1.08909e-13
7.59873e-13 7.34495e-13 3.24461e-14
-1.45043e-12 6.411e-13 -8.17189e-14
2.12453e-13 -3.23949e-13 2.42669e-13
-3.23414e-13 1.03667e-13 -2.55404e-13
-5.65743e-13 1.07251e-12 3.22728e-13
-5.3393e-13 -5.34429e-13 -1.81027e-13
3.6111e-13 1.22348e-12 -2.37672e-15
-5.06959e-12 8.09734e-13 -7.0245e-13
-1.18735e-11 1.87795e-12 -3.93941e-13
-8.55644e-14 -2.09666e-13 1.75819e-15
-1.36493e-14 1.18105e-13 -3.7311e-14
1.33456e-13 -1.26112e-12 5.53799e-13
-3.01562e-14 2.06044e-13 1.73854e-13
1.21879e-12 -9.4558e-13 8.97242e-13
-7.05022e-13 -1.37832e-13 1.13712e-13
-1.65247e-13 1.45896e-12 -9.18608e-14
-5.42669e-13 1.00398e-12 1.93533e-13
-5.09338e-13 -1.53899e-12 1.5672e-13
1.26785e-15 1.42839e-13 3.41283e-15
1.18679e-13 1.61103e-13 -1.02089e-13
-2.44485e-12 -1.28632e-12 -4.8331e-13
-2.61872e-12 5.99988e-14 -1.41165e-13
2.99599e-12 -2.67202e-14 -2.18209e-12
-8.13885e-14 -1.91545e-13 2.69677e-13
-9.46201e-18 -2.52745e-20 7.22451e-15
-4.14712e-13 1.35967e-13 -2.16742e-13
-1.9361e-14 1.69529e-13 2.61302e-13
-5.27002e-13 2.21109e-13 -2.50669e-13
-7.9775e-13 -1.5889e-13 3.9828e-13
4.03853e-12 3.60167e-13 -6.13128e-13
2.91792e-13 -2.96515e-13 2.27526e-12
8.57811e-13 1.3359e-13 -3.05107e-13
-2.61546e-13 9.22801e-13 -2.06883e-13
-3.11202e-13 7.9157e-13 -8.8539e-14
6.35798e-13 4.07422e-13 -1.57395e-13
-4.21884e-13 7.77601e-13 -1.23132e-13
-2.72766e-15 -6.4997e-14 2.80781e-13
-4.86516e-12 8.25179e-13 1.03604e-13
3.46206e-13 3.62023e-13 -8.98686e-14
8.70526e-14 4.7807e-13 2.08884e-13
1.11703e-13 -1.1974e-13 -6.76599e-14
-2.11637e-17 8.32667e-14 2.74514e-13
2.37822e-14 8.64129e-13 -2.49515e-13
2.75112e-12 -1.72727e-12 5.60372e-13
-1.49442e-14 -8.13894e-15 9.89587e-15
-2.10508e-13 4.17763e-13 4.39948e-13
3.14143e-13 -1.44714e-13 -1.96319e-13
-1.05318e-19 6.18092e-20 -1.69641e-19
-4.72423e-13 2.55972e-13 2.08122e-13
-3.85819e-12 -1.15382e-12 -4.42165e-13
-7.29138e-12 1.49451e-12 2.20574e-12
-6.13225e-13 -7.04072e-13 6.42626e-13
-9.19568e-13 -1.17823e-12 -2.78106e-13
1.41739e-12 -7.89797e-13 9.89621e-13
-9.33113e-13 -4.26613e-13 8.51464e-13
-1.30997e-13 7.32422e-14 3.9027e-14
-4.40404e-13 -1.25936e-13 -3.87388e-14
9.8694e-13 -2.17982e-12 8.28702e-13
-2.2503e-13 2.44367e-13 2.84876e-14
3.6539e-13 -2.1525e-13 -2.17415e-13
1.21693e-12 -8.78169e-13 7.08863e-13
-6.00127e-14 1.60399e-12 -9.38253e-14
-1.18266e-12 1.85617e-13 -5.16548e-14
-1.21786e-12 -1.23306e-12 -3.5432e-13
-9.64892e-13 -9.08813e-13 -1.02289e-13
-3.17948e-13 -1.80233e-13 8.65062e-14
4.47014e-12 -7.9176e-12 -1.00456e-11
6.90177e-13 5.66172e-13 7.21245e-15
-1.44932e-13 8.51448e-13 -8.85612e-15
8.24044e-14 2.022e-13 -1.08862e-13
-8.72366e-13 5.8018e-13 1.32217e-13
-3.92586e-14 1.31529e-12 9.18518e-14
-4.57339e-14 -6.03852e-13 -3.49306e-13
-2.44766e-16 -4.746e-22 -7.22357e-14
-2.43421e-12 -2.16998e-13 2.8913e-13
1.24561e-12 -8.17845e-13 -3.71608e-13
6.32973e-14 5.58652e-13 -2.42691e-13
9.61076e-13 -1.356e-12 7.40658e-13
1.89558e-13 1.59728e-12 1.03613e-13
-1.33733e-13 -3.75488e-13 7.05887e-13
-9.17492e-13 -2.60864e-14 1.30201e-14
-4.20991e-12 -1.05205e-12 -5.29401e-13
-1.47455e-12 -1.22544e-12 -9.65661e-13
-4.2253e-13 1.00266e-12 7.13003e-13
-1.64093e-13 1.11328e-12 -1.82943e-13
1.108e-13 1.15262e-12 -2.19999e-13
-1.2086e-13 2.04468e-13 1.8029e-13
-8.58894e-13 -2.98617e-14 -6.43651e-14
-1.23315e-12 1.13328e-12 -3.48537e-13
2.28313e-13 1.56901e-12 -1.08222e-13
-1.74494e-12 6.43392e-13 -1.51681e-13
-7.20543e-13 1.02513e-12 2.85852e-13
5.52328e-18 3.69056e-20 -4.21679e-15
1.36103e-13 1.35685e-12 -2.85014e-15
-2.55843e-12 -6.89906e-12 -3.68835e-12
-5.17596e-14 1.37894e-13 -3.29225e-14
-3.79059e-13 7.75724e-13 -3.70537e-13
-6.10143e-13 6.27541e-13 -1.23167e-14
-9.99066e-13 3.29671e-13 6.66114e-14
-5.55135e-13 -5.72328e-13 -4.52497e-15
-7.42322e-15 -5.16167e-15 6.04087e-15
2.19398e-20 -3.57806e-21 1.06576e-20
-2.28121e-13 2.02142e-13 -6.39448e-15
-8.69864e-13 1.21966e-12 -2.47211e-13
1.46286e-12 7.27524e-13 -1.10765e-13
-3.30093e-13 1.91293e-13 -1.12089e-13
-1.2288e-12 6.83193e-13 6.26463e-13
-8.63436e-13 8.34876e-13 1.03198e-12
-6.58851e-13 1.2828e-12 -1.21743e-12
-4.17663e-13 6.02522e-13 -7.86107e-14
-3.58952e-13 4.86982e-13 -3.70542e-13
5.53948e-14 3.75655e-13 9.49876e-14
4.30113e-13 -1.69991e-14 -5.06421e-14
-1.42858e-13 1.03294e-13 1.12897e-13
2.82205e-15 -2.84206e-14 -4.38373e-16
-6.30961e-19 -1.79359e-20 4.82091e-16
4.59435e-13 3.81315e-14 -8.73092e-15
4.06785e-13 3.17971e-13 1.4743e-13
-1.60034e-12 -1.28491e-12 7.73596e-14
-4.14558e-13 3.3129e-13 1.70148e-13
-3.91352e-13 -4.56614e-13 6.71361e-14
7.87638e-13 -1.72553e-13 -5.67354e-14
-3.45816e-14 -7.80189e-14 -1.1171e-13
2.57359e-13 2.56062e-13 7.43056e-14
3.48373e-12 -6.98316e-13 -1.04746e-13
-3.38338e-13 -1.16387e-13 -1.16458e-13
1.68683e-13 1.42114e-12 -1.5417e-13
-2.52387e-13 7.94422e-13 -3.41604e-13
-1.78406e-13 1.361e-13 -1.60323e-13
2.42149e-12 3.1963e-13 -9.60816e-13
1.7016e-12 -1.94865e-12 4.55602e-13
-2.86485e-14 1.0562e-13 -5.03224e-14
2.46734e-12 -6.81516e-13 -1.21933e-13
2.87429e-12 1.8275e-13 9.84996e-13
1.52737e-15 -3.68196e-14 -1.58621e-13
1.39167e-13 3.04575e-13 -1.64073e-13
2.07851e-15 4.71113e-15 2.96551e-14
-7.46078e-16 1.79853e-14 7.74819e-14
2.35117e-12 -2.25412e-12 2.13751e-12
-3.02731e-13 6.19569e-14 -2.38717e-14
1.59495e-12 -8.57507e-13 -1.04842e-13
-4.99079e-12 1.28464e-12 -3.11369e-13
9.7003e-12 -6.26008e-13 2.68833e-13
-2.43707e-13 1.23062e-13 -3.22696e-14
1.9767e-15 9.12028e-13 -3.28861e-13
-4.15068e-13 -6.55258e-13 -2.70366e-13
-9.6102e-13 1.31141e-12 -1.69325e-12
-6.21208e-12 -7.80756e-13 -1.2044e-12
2.74677e-13 2.12993e-13 9.35856e-14
-9.81964e-14 -8.63847e-14 -2.98153e-14
-2.01717e-12 1.32598e-12 -6.55119e-14
3.92175e-12 -5.9306e-14 -5.76644e-13
-3.8301e-12 -3.00218e-12 -2.68896e-12
-2.13857e-13 6.59662e-13 -1.41984e-13
3.08701e-13 2.44839e-13 5.74964e-14
7.19998e-13 1.94179e-13 -1.13995e-13
4.66853e-13 -6.45033e-13 1.08803e-13
1.78119e-12 -3.79158e-13 1.40476e-12
5.58882e-20 5.28466e-20 4.57168e-19
3.02455e-13 1.95924e-13 -1.09362e-13
2.79952e-12 -1.66422e-12 -2.04392e-13
-1.52977e-12 -8.8634e-13 -2.78089e-13
3.7836e-12 -2.04263e-12 1.63644e-12
-4.55428e-12 -6.12022e-13 -1.77e-12
9.59199e-15 -1.67145e-14 -1.35032e-14
-2.13333e-15 -1.41467e-14 1.86308e-13
-1.71197e-13 1.04099e-12 -2.37487e-13
-4.95054e-14 8.20456e-13 -7.36331e-13
-2.02694e-12 -6.92005e-14 4.38816e-13
5.33218e-14 4.84864e-15 -1.36243e-14
7.6243e-13 -1.93427e-13 -4.06971e-13
-1.02716e-12 8.43738e-13 5.66174e-13
-7.75866e-14 4.27133e-13 -3.64664e-13
-1.78024e-13 8.16667e-14 -2.13649e-13
1.71653e-11 -1.00845e-11 -2.66609e-12
-2.4914e-13 5.94948e-13 1.53809e-13
7.40049e-14 -2.02811e-13 7.96429e-13
1.39925e-12 1.19232e-12 2.18492e-13
-2.67778e-12 -1.27488e-12 -1.91625e-13
-9.62823e-14 2.85345e-13 -4.79763e-14
-1.10835e-11 -1.47306e-11 -4.55489e-12
-4.83737e-13 9.69134e-14 -2.52324e-13
-3.3359e-12 -1.48847e-12 -1.21199e-12
2.33289e-13 -5.71003e-14 3.68658e-13
-9.79082e-19 5.20505e-19 4.82082e-16
-4.53821e-13 1.3514e-13 1.37387e-13
8.83753e-14 4.14122e-13 1.73775e-13
2.15608e-12 -1.26181e-12 -9.96742e-14
2.94109e-14 2.56886e-14 -1.1938e-14
-5.52667e-13 9.19419e-13 -4.51247e-13
-1.94207e-12 -1.69326e-12 3.76952e-13
1.54186e-13 -1.07379e-12 -9.43426e-13
-5.16868e-13 -2.1316e-13 -1.64054e-13
-2.4476e-16 9.67229e-22 -7.22337e-14
-1.09196e-13 3.56023e-13 1.26822e-13
-8.63727e-14 5.2054e-13 1.214e-13
-2.88097e-12 -7.03205e-13 -3.14592e-13
2.27317e-13 -1.29126e-12 2.43944e-14
9.8155e-13 1.03103e-12 1.69856e-13
-1.71297e-12 1.55293e-12 -1.14439e-12
-1.99564e-12 -7.85604e-13 -1.92348e-13
-2.04436e-13 7.7308e-13 2.29313e-14
-3.50639e-13 1.95227e-13 -4.05675e-14
1.05824e-20 3.19568e-20 1.78108e-19
-7.68029e-14 -4.55559e-14 4.25749e-14
2.27236e-13 5.53606e-13 5.8199e-14
2.59082e-13 -2.76879e-13 -1.74396e-14
-1.12515e-13 -4.61004e-14 -2.44835e-13
-2.03694e-12 1.21739e-12 -2.25738e-12
1.25375e-13 2.50329e-13 -8.20405e-14
-2.11362e-13 1.30414e-12 -1.94806e-13
-1.71541e-13 6.81057e-14 1.21264e-13
9.06031e-14 5.66888e-13 1.27512e-13
8.98624e-12 1.52562e-12 -9.34033e-13
-6.47443e-13 3.1706e-13 -1.72123e-13
-9.66157e-18 4.18586e-21 7.37626e-15
-8.78992e-13 -1.59166e-12 6.63143e-13
6.44788e-16 4.27582e-15 -5.63117e-14
2.55245e-12 9.94632e-13 -4.49578e-13
5.89291e-13 -5.51385e-13 1.19033e-14
2.95874e-13 -2.05742e-14 -8.834e-14
3.04714e-13 1.44652e-12 9.53131e-14
1.16331e-13 3.47853e-13 1.54263e-13
-5.6927e-18 1.81199e-21 4.34637e-15
1.84527e-13 1.74091e-13 -5.30565e-14
-2.05415e-13 8.37339e-13 3.47778e-13
-4.67089e-13 -3.49796e-15 -5.37282e-13
7.11208e-14 1.2966e-12 -1.11599e-13
2.62959e-13 9.0713e-13 -4.14354e-13
8.71307e-12 1.286e-12 1.17802e-12
-1.03114e-13 5.96225e-13 -2.35311e-13
2.22396e-13 1.47306e-12 2.00289e-13
-6.42221e-17 7.35638e-15 2.92012e-14
5.20653e-14 1.97468e-13 2.29058e-14
2.69505e-14 2.54067e-14 -3.52214e-14
-1.90109e-12 1.13998e-12 -3.07841e-13
-1.4851e-13 8.06066e-13 -9.19039e-14
8.79891e-15 -1.21532e-13 5.35235e-14
8.08487e-13 -3.23964e-13 1.15048e-13
1.89485e-12 -4.79809e-12 2.54738e-12
-1.92384e-12 1.44708e-12 -1.28438e-12
3.92008e-12 1.56925e-12 -2.01141e-13
-5.11824e-12 4.39369e-13 -7.70861e-13
-8.19589e-14 -3.36714e-13 -9.34585e-14
3.99827e-12 -1.69016e-12 -1.13262e-12
-2.01642e-13 3.38034e-13 -3.44279e-13
-4.60697e-13 -5.18104e-13 1.75457e-14
1.6029e-19 -1.86015e-19 -3.60725e-19
-7.46799e-16 1.79849e-14 7.74801e-14
1.76462e-17 4.0169e-17 2.53028e-16
-2.60949e-15 1.03647e-12 -6.32041e-14
3.73819e-14 1.94682e-14 -1.70585e-14
-2.13419e-13 1.44577e-13 5.60826e-14
-6.48218e-13 1.51896e-13 -9.29517e-13
-1.70422e-12 6.35626e-13 1.34233e-13
-2.81821e-14 9.18309e-13 3.3201e-13
2.11704e-12 -4.17777e-14 -6.24686e-13
5.90302e-13 -8.30566e-13 4.21331e-16
-7.0047e-13 6.03803e-13 -4.19147e-13
-2.7553e-13 -1.5734e-12 1.29873e-12
1.01308e-15 -6.73953e-15 -8.80823e-14
-1.73125e-12 -2.12632e-13 -1.04986e-12
1.42613e-12 -3.62204e-12 -7.43007e-12
-2.00783e-12 6.43282e-14 1.35727e-13
-6.7899e-13 7.18237e-13 2.32907e-13
-4.41533e-13 6.21485e-14 7.54613e-14
-3.76835e-12 -1.48867e-12 -2.4117e-13
-4.22112e-13 6.0923e-13 -1.74854e-14
-1.16034e-12 -2.93767e-13 3.89444e-14
1.68916e-12 4.55299e-13 1.00924e-14
1.87305e-12 -3.76327e-14 -3.22125e-13
-2.62621e-11 8.92501e-12 -2.9528e-12
1.04144e-12 -3.45349e-13 -4.91193e-13
-2.04305e-12 -1.11413e-12 -8.58546e-15
5.40244e-13 9.88068e-13 1.73099e-13
-6.93072e-13 -1.76698e-12 -1.11386e-12
-1.08127e-12 6.51609e-14 -2.74486e-13
1.53288e-13 1.56195e-13 1.05249e-14
1.55829e-12 -1.69328e-12 5.69584e-13
-5.94413e-13 -4.97273e-13 -7.80197e-13
-2.37453e-12 -1.0284e-12 -3.37258e-13
-3.68732e-12 1.6826e-12 -2.0335e-12
-6.63774e-16 4.0763e-21 -1.95892e-13
1.05466e-12 4.8169e-13 -2.05004e-13
4.97284e-14 -1.9931e-13 -6.78097e-14
-2.72507e-11 6.52162e-12 -7.5569e-13
1.84384e-12 1.38343e-13 3.29922e-13
-1.37516e-13 2.13508e-13 1.36269e-13
3.07214e-12 7.72935e-13 -4.58128e-13
-1.70388e-12 -6.21046e-13 -1.12742e-13
1.44229e-11 1.06484e-12 -9.27685e-13
-4.0813e-13 -3.95352e-13 -1.91799e-13
-2.86702e-19 -5.20479e-19 4.82082e-16
3.65922e-12 1.53063e-12 1.8452e-13
-3.94612e-12 -1.54471e-12 -1.00841e-12
2.38366e-12 -7.3118e-13 -2.04073e-14
-6.98248e-20 -1.27606e-19 -6.06552e-20
-1.85477e-13 -2.95043e-13 -2.19503e-13
-9.97789e-14 4.09074e-13 9.31397e-14
-6.24021e-14 3.18083e-14 -6.04035e-14
1.05557e-13 8.39598e-14 9.74373e-14
1.07479e-12 8.51921e-13 -3.75909e-13
2.20667e-13 -1.71761e-13 -3.98475e-13
-3.24564e-12 6.65421e-13 -4.77566e-13
-3.53871e-14 -1.20762e-13 -1.06223e-14
-2.32333e-19 7.52099e-20 -3.29569e-19
-5.26119e-13 6.32813e-13 -2.25538e-13
-5.39035e-14 -9.28272e-14 -1.21282e-13
1.53832e-13 -8.48196e-14 -1.47968e-13
-6.4199e-13 1.56658e-12 4.55177e-14
3.03726e-13 6.76442e-13 2.17572e-13
2.66572e-12 1.0632e-12 -1.9024e-13
-2.40136e-12 -1.18094e-12 -1.35588e-12
1.17664e-12 1.96604e-13 9.98231e-13
-1.49822e-13 -1.8602e-13 5.48854e-14
1.20623e-12 1.53678e-13 -7.89962e-13
1.1935e-11 -1.73475e-12 -1.64412e-12
-6.07562e-13 4.69541e-13 6.66557e-13
-2.5694e-13 3.38587e-13 5.54791e-14
-2.50795e-12 -1.41152e-12 -3.45596e-14
-4.22127e-12 -5.56181e-13 -8.51505e-13
-7.06569e-13 1.74699e-13 -4.33551e-13
4.1778e-12 -1.32158e-12 -3.3701e-12
-1.8218e-15 1.2118e-14 1.58376e-13
-2.74561e-13 3.35817e-13 1.73755e-13
-2.14022e-19 -2.32586e-19 -4.3033e-20
1.64675e-11 6.67693e-13 7.59484e-13
-6.8154e-13 1.76582e-13 8.8373e-13
-9.60503e-13 -3.60248e-13 -1.06954e-13
2.05592e-15 1.36333e-14 -1.79547e-13
-3.35941e-13 3.99806e-13 -2.83677e-13
-6.08415e-13 -2.48665e-13 5.32246e-14
1.11653e-12 -5.33547e-13 7.02347e-13
-1.86288e-13 2.88954e-13 -1.87996e-13
2.7869e-11 -3.3081e-12 -8.23136e-13
9.35051e-13 4.98734e-13 -6.65262e-13
2.33821e-12 4.29838e-12 -1.04882e-12
-3.62368e-13 -2.74725e-14 -1.23342e-13
5.23417e-14 2.08173e-13 3.25913e-14
-5.54678e-20 1.63489e-19 4.60682e-19
-1.4244e-19 1.22087e-19 1.35131e-19
-4.07655e-13 -3.17225e-13 -2.22911e-13
-8.48442e-15 6.10798e-14 2.06404e-13
4.31269e-12 -1.42285e-12 1.12623e-12
-1.62981e-13 -7.60406e-13 -2.07763e-13
-2.24345e-12 -1.50863e-12 4.18901e-14
4.07028e-14 3.47919e-13 8.03076e-14
-5.39069e-13 -6.97546e-13 -1.48184e-13
-2.05621e-13 -7.57504e-15 -3.41398e-13
-2.16296e-13 8.2211e-13 -1.08281e-13
4.04177e-13 2.20771e-13 -2.26394e-13
9.74657e-14 -2.21643e-13 9.35505e-14
-1.36651e-11 2.82611e-12 -3.05569e-12
-1.34363e-12 -1.05153e-12 -5.09315e-13
-7.91734e-13 -1.21493e-12 -6.16132e-13
-1.56211e-12 -1.95829e-13 6.11495e-14
5.68722e-13 2.24809e-14 7.05887e-13
-4.58579e-13 -1.41275e-13 -6.98609e-13
-9.00222e-14 5.33957e-14 1.07294e-13
-3.26344e-12 -1.39243e-12 -1.02074e-12
-5.81803e-13 8.53879e-13 -2.86011e-13
-3.14362e-13 1.52701e-12 -1.41688e-13
-4.56495e-12 -1.3789e-12 -5.95116e-13
-3.32441e-13 -6.32573e-13 -1.16715e-13
-6.19713e-13 4.8236e-13 2.28786e-13
-1.56895e-12 1.22967e-13 4.93012e-15
1.78715e-15 4.25939e-14 -1.84002e-13
-1.02959e-12 4.82291e-13 7.02343e-13
-5.01177e-13 -5.44028e-13 -2.86864e-13
-5.93743e-13 -1.89961e-14 1.15606e-13
-3.10827e-13 2.17068e-13 6.46234e-14
1.07781e-13 -8.02924e-13 -4.3759e-14
-3.18765e-22 6.34146e-20 -6.87318e-20
-2.71674e-13 -8.82788e-14 -3.53024e-13
1.75943e-14 -8.84661e-14 3.14085e-14
-1.87558e-13 -3.21666e-14 4.62347e-13
1.16516e-12 -2.18849e-12 5.05994e-13
1.06311e-12 -6.6328e-12 1.38197e-12
7.76432e-13 9.32954e-13 2.23074e-13
2.84192e-12 -1.18635e-12 -6.79573e-12
-1.28826e-12 -8.43301e-13 -7.88516e-15
8.19407e-15 6.15032e-13 -9.82177e-14
9.49162e-18 3.03471e-21 -7.24676e-15
-5.72239e-13 -1.01688e-12 -6.90358e-14
-3.32881e-12 -1.1058e-12 -1.27314e-13
8.0527e-15 7.42712e-13 -1.38358e-13
-2.49747e-14 -4.40482e-13 -7.5596e-14
5.19426e-13 -1.51662e-12 1.13757e-13
-1.00528e-12 -1.38347e-12 -3.84477e-13
1.76253e-12 -7.21553e-13 2.82007e-12
3.81644e-13 5.75022e-13 -1.51684e-13
1.89865e-13 1.58358e-13 -7.20507e-15
1.71767e-11 3.09802e-12 5.16894e-13
-5.56741e-13 5.25973e-13 1.91018e-13
4.58367e-12 2.68388e-12 -1.03195e-12
-9.91777e-14 -4.91126e-14 1.13823e-13
-2.6118e-13 1.83937e-13 -3.42557e-13
-2.43041e-12 -1.69697e-12 -8.31613e-13
4.92481e-14 1.86152e-13 2.35838e-14
-7.72516e-12 2.48618e-12 -8.51811e-13
6.21405e-13 8.76336e-13 -8.82403e-14
1.32643e-12 -6.72728e-13 -1.04837e-12
6.9471e-13 1.00108e-12 -2.51978e-14
-7.50131e-13 -9.01647e-13 1.81342e-13
2.60659e-13 -7.9643e-13 -8.6292e-15
-1.38727e-12 6.91957e-13 -5.04018e-13
-1.46298e-13 -1.43186e-13 3.01021e-14
-9.73085e-13 6.50402e-13 -5.5134e-13
-6.93188e-13 6.38781e-13 2.16226e-13
-1.13608e-11 1.261e-11 -1.63819e-12
-7.22212e-16 -4.78924e-15 6.30733e-14
-1.48612e-12 -2.0857e-13 -8.03412e-13
-4.22903e-14 2.73298e-13 -4.03875e-14
1.30592e-13 -8.40711e-14 1.16285e-13
-3.18909e-13 -2.21679e-13 -4.7305e-13
-7.08673e-13 -1.62702e-13 -2.05907e-13
-1.76089e-13 3.69409e-13 -3.59923e-13
-1.86322e-13 6.9379e-13 2.06303e-13
-4.57916e-13 4.48459e-13 4.34905e-14
3.49781e-12 -2.27158e-13 1.51568e-13
-1.38327e-13 2.00367e-13 1.32665e-13
9.18456e-13 7.37303e-13 1.85828e-13
-6.89974e-13 4.13647e-13 -1.07091e-13
-4.01788e-12 -1.45696e-12 -8.58442e-13
-3.7504e-13 2.04697e-14 1.1495e-13
-3.5727e-13 -1.88807e-13 -3.2528e-13
4.61917e-19 6.54564e-22 -3.5236e-16
2.11856e-13 1.42065e-12 2.48108e-13
3.39688e-13 1.4158e-12 2.21506e-13
5.94173e-20 9.26626e-21 6.14101e-20
2.62811e-13 1.93049e-13 -1.39691e-13
2.74605e-13 4.57174e-13 1.67773e-13
9.81878e-13 -1.28103e-13 -1.46322e-12
9.58249e-14 1.98001e-13 -3.14965e-14
1.97145e-11 1.05638e-12 3.51959e-13
-2.5928e-12 -1.19361e-12 2.58225e-14
-1.35361e-12 -1.11513e-12 -2.18427e-13
-9.46154e-18 -6.02575e-20 7.22451e-15
-5.80173e-13 -1.78305e-13 -5.30519e-14
-4.63032e-14 1.22222e-13 -2.73694e-13
3.89407e-12 -1.69665e-12 -2.43107e-12
-1.47578e-13 4.55992e-13 3.20636e-14
4.72317e-14 1.73251e-12 -4.61047e-14
4.1295e-13 4.5942e-13 4.38057e-13
-5.85324e-13 1.28685e-12 -2.12293e-13
-2.16118e-12 8.45232e-13 -3.1592e-13
-3.29871e-12 -7.13697e-13 -1.44989e-13
-5.74685e-13 3.7431e-14 1.15081e-13
-1.40817e-13 5.02484e-13 2.02349e-13
7.08602e-13 1.58204e-13 8.2614e-13
-2.56697e-11 -1.913e-10 -1.37654e-12
2.84097e-13 -1.72987e-13 -1.63875e-13
1.27147e-12 1.39005e-12 7.01026e-15
4.42941e-18 -3.52651e-20 -3.38226e-15
-1.86636e-12 -4.56399e-12 -7.60985e-12
8.05367e-13 -5.79595e-13 -7.32736e-13
1.73959e-20 4.13177e-20 9.58559e-21
1.8631e-13 -5.78138e-14 4.33004e-14
3.45084e-13 4.13269e-13 -8.36269e-14
1.05305e-12 -4.01029e-13 6.65376e-13
2.98216e-14 6.6253e-14 7.54057e-14
4.6675e-12 9.54066e-13 2.09315e-13
-7.00889e-13 -9.57419e-13 5.9154e-14
3.27318e-13 -2.55584e-13 1.7675e-13
3.72931e-12 3.56418e-13 2.89833e-13
-2.07815e-13 3.02821e-14 -7.11483e-14
-8.85477e-14 -3.96144e-15 -8.48598e-14
2.65664e-12 7.87312e-13 -8.08056e-13
2.65868e-13 -3.06232e-13 -9.97092e-13
1.80826e-12 -2.3206e-12 1.51333e-13
4.20501e-13 4.12011e-13 1.81346e-13
-7.21537e-13 -6.50441e-13 -4.97119e-14
-1.23728e-12 -1.02128e-12 -1.49593e-13
4.0849e-13 3.08358e-13 -8.61098e-13
1.50088e-13 2.44566e-13 -1.91151e-13
-2.01733e-13 -1.11575e-13 5.7732e-14
1.86271e-13 5.48159e-13 -1.27517e-13
-2.76947e-13 -2.82676e-13 -2.21682e-13
1.02452e-13 4.42111e-13 9.85484e-13
-1.79156e-13 -4.48078e-14 -1.18111e-13
-1.20342e-11 8.64403e-13 -7.29786e-13
-1.14536e-13 -3.82432e-13 -5.3145e-13
3.04858e-13 -9.74774e-14 1.87905e-13
7.32225e-13 -9.38342e-14 -3.72904e-13
1.11123e-13 -4.14882e-13 -1.3439e-13
-1.13526e-12 9.28658e-13 2.04513e-14
9.49147e-18 3.27663e-22 -7.24676e-15
1.28429e-12 -2.11636e-12 4.11917e-15
3.81723e-13 -7.29282e-13 5.66219e-14
-3.73864e-12 3.84129e-13 -1.19821e-12
-3.21396e-13 -3.58639e-13 -1.46198e-14
-1.14966e-13 1.46193e-13 -5.89877e-13
-1.72904e-13 -1.33862e-13 -1.10582e-14
2.92739e-11 -4.89954e-11 -2.38623e-13
-2.1705e-12 -2.00539e-12 1.08688e-12
-1.67354e-13 7.5287e-14 -4.49707e-14
-1.04426e-15 4.15216e-14 1.05847e-13
-5.67773e-14 -1.6734e-13 5.68869e-14
-5.61962e-14 -2.23985e-13 1.11116e-13
2.31962e-13 1.10646e-13 -5.57396e-14
1.17377e-12 1.38499e-12 -4.99316e-13
1.28177e-12 2.63326e-13 -2.00979e-13
-1.89998e-13 3.37777e-13 1.19715e-13
-5.47719e-13 5.24845e-13 -1.16968e-13
-1.16469e-13 7.27147e-14 -5.95575e-14
2.4299e-15 -1.61685e-14 -2.11313e-13
-2.97493e-13 1.48306e-13 -2.55781e-14
1.04656e-12 1.13276e-12 -3.57564e-13
-1.51508e-12 -4.87344e-13 6.10837e-14
-2.87236e-12 -1.49021e-12 9.82441e-14
1.07829e-17 -8.7129e-20 -8.23297e-15
-2.98626e-12 -8.66023e-13 -4.35181e-13
-4.51444e-21 5.03492e-20 9.53608e-21
2.14933e-13 2.53918e-13 1.17803e-13
7.83591e-14 1.04025e-12 3.76709e-13
7.96247e-12 1.05099e-12 1.76241e-12
3.69211e-13 3.064e-13 6.67269e-14
-1.5327e-13 -8.48559e-15 -2.95679e-13
9.13192e-14 1.99564e-13 2.01071e-13
1.03163e-12 2.02169e-12 -8.52525e-14
9.57841e-15 -1.65531e-13 -1.95165e-13
-1.55494e-14 8.47966e-14 -8.68186e-14
-1.33393e-13 -6.83025e-13 -5.62547e-14
1.0584e-17 -6.21066e-24 -8.08106e-15
-9.62719e-13 2.51527e-13 -2.22362e-13
6.17915e-13 6.87895e-13 -4.40732e-14
1.52738e-15 -3.68192e-14 -1.58619e-13
3.21318e-13 -3.98692e-13 -4.53207e-13
-2.32001e-13 2.82352e-13 -7.59841e-13
8.71475e-12 1.14117e-12 -1.35426e-11
-1.60751e-12 -2.91164e-13 -2.18717e-13
-1.72397e-13 4.03731e-14 -5.25125e-14
-1.837e-13 1.3421e-13 3.76255e-14
-1.14413e-11 2.55472e-12 5.56932e-13
2.827e-11 -6.91983e-12 5.13734e-13
2.13466e-11 -7.88297e-12 -1.48865e-11
-2.22134e-14 6.44585e-13 2.15701e-13
-3.18401e-12 -2.4744e-12 9.55882e-13
-1.49261e-13 9.78539e-13 -3.4808e-14
-1.4075e-12 -2.55029e-13 3.8896e-14
-7.06585e-13 -3.53353e-13 2.3171e-13
-8.39647e-13 -1.42583e-12 5.81061e-13
-3.66275e-13 1.70138e-12 4.79761e-13
-1.32667e-12 3.26221e-12 -1.17574e-12
-6.15342e-13 -2.96303e-14 -3.97263e-13
-2.24054e-13 1.20184e-13 2.08233e-13
3.9917e-14 8.03025e-14 5.54608e-14
4.67695e-14 -1.10032e-13 -1.0819e-13
-4.26913e-13 2.53153e-13 1.78544e-13
-2.92483e-12 1.22806e-12 1.22444e-12
1.76554e-13 2.99094e-13 -9.20828e-14
-1.82437e-12 -1.48915e-13 -2.06783e-12
-6.20119e-12 -6.24943e-13 3.26265e-13
1.69738e-13 -6.03896e-13 -2.93217e-14
-8.10471e-13 -9.6406e-15 2.4272e-13
-2.06966e-14 1.02976e-14 1.35097e-14
-5.77691e-12 -2.23314e-12 2.4596e-13
1.13396e-11 -1.01781e-11 1.65265e-13
-7.32717e-13 9.40349e-13 6.47861e-14

VECTORS force float
-3.34789e-15 -4.95141e-15 -2.64611e-15
-1.25265e-17 -1.87426e-17 -4.78859e-18
-3.84851e-18 3.7687e-18 -5.59525e-19
9.97793e-19 -7.92521e-18 6.68036e-18
1.74216e-17 -7.58604e-17 7.21757e-18
4.33159e-17 -6.97196e-17 8.01362e-18
6.46235e-27 2.52528e-26 0.0
6.95775e-17 -3.17983e-17 -3.79575e-18
4.16476e-17 -3.88858e-17 3.17267e-18
-8.27181e-25 0.0 0.0
-1.28304e-18 4.68922e-18 3.25946e-18
0.0 -5.71096e-27 0.0
-1.35696e-17 -3.23422e-18 -3.66013e-19
1.01094e-16 4.25061e-17 -1.52287e-17
8.15153e-18 -8.51602e-18 -4.69076e-18
-1.82885e-18 6.40843e-18 2.11658e-18
2.56046e-17 -6.02904e-17 -8.17016e-18
-1.06036e-17 -2.43765e-17 -1.13021e-17
-6.26818e-19 8.83773e-19 8.49151e-20
-1.52091e-18 -2.11501e-18 7.6593e-19
5.35834e-17 2.03067e-17 6.83524e-17
-2.43496e-18 -2.95223e-17 -8.21114e-18
2.83453e-17 -2.77884e-17 2.3449e-17
-7.91289e-18 2.30871e-17 4.92867e-20
3.58004e-18 -1.80081e-17 -6.6761e-18
-6.44976e-17 -1.47543e-17 -1.04749e-17
5.57873e-17 -1.39572e-17 -4.93905e-17
6.83675e-18 -1.32822e-17 -4.43792e-18
-3.70452e-17 -2.35481e-17 1.13944e-17
5.15099e-17 -4.81365e-17 2.17645e-17
1.33799e-17 1.18369e-17 -4.90538e-18
2.2654e-18 3.83119e-17 -9.99449e-17
7.52258e-19 1.66666e-18 -8.51504e-18
7.77536e-17 -1.88268e-16 -8.44677e-18
1.86379e-18 -4.25158e-18 1.17798e-18
5.22386e-18 7.54918e-20 7.32286e-20
-1.54513e-17 -1.39789e-17 1.27153e-18
3.00657e-18 -5.0186e-17 -5.54658e-18
-6.46235e-27 -4.78927e-27 0.0
-3.35694e-17 -2.63925e-17 -3.13302e-18
-1.39469e-19 -1.98003e-17 -4.37387e-18
1.34945e-16 -2.03924e-17 9.04256e-17
6.81637e-19 -1.0893e-16 3.52276e-18
-4.99496e-16 -1.66862e-16 -1.78517e-16
-7.55176e-18 -7.61702e-18 3.45724e-18
-7.24502e-18 -3.12836e-18 -1.37755e-17
-2.32697e-18 8.52327e-20 -1.57813e-19
-3.60311e-18 -1.03833e-17 -1.18457e-18
-4.71508e-17 3.27254e-18 -1.36008e-17
2.85529e-17 3.22153e-17 5.70148e-18
6.85952e-17 -2.81396e-17 1.48767e-17
1.77095e-17 -1.31782e-17 7.66755e-18
1.17394e-17 2.33228e-17 -7.33017e-18
-1.03398e-24 -1.65436e-24 0.0
2.86615e-17 -2.70532e-17 2.41753e-17
4.83378e-17 -6.46578e-18 -1.60997e-17
-4.16694e-19 -1.50165e-19 -1.16163e-18
8.93487e-17 -3.87808e-17 -1.47337e-17
-7.52675e-18 3.99001e-18 4.58316e-18
-3.74613e-18 3.14104e-18 -7.11203e-19
-3.43464e-18 -1.59448e-17 4.6969e-18
5.23717e-18 -1.07551e-17 8.88249e-18
-5.30782e-17 1.18695e-17 -2.36974e-17
0.0 -8.19749e-25 0.0
-2.37632e-17 -6.29269e-19 -2.28101e-18
-3.46382e-24 1.03398e-23 0.0
1.14021e-18 -2.27924e-17 1.03769e-17
8.38016e-18 -8.37708e-17 4.01091e-18
-2.26019e-18 -5.34336e-18 -4.41246e-18
5.71814e-18 -3.22345e-18 1.14853e-18
8.10526e-18 -3.04731e-17 5.87857e-18
2.60936e-18 -3.08495e-18 1.23932e-18
4.66115e-17 -1.12473e-16 9.77471e-18
2.62805e-16 -2.38206e-17 -6.03378e-17
2.85289e-17 1.93551e-17 2.32974e-17
-6.28041e-16 3.79708e-16 1.70291e-16
2.29374e-17 -3.69371e-17 -5.36707e-18
3.46408e-17 -3.14871e-17 7.31486e-19
0.0 1.65436e-24 0.0
2.94079e-18 -1.28432e-17 -6.02911e-18
8.9457e-18 5.69876e-17 2.00046e-17
6.07374e-18 -2.12148e-17 -6.18931e-18
4.35403e-18 -1.62714e-18 -1.7523e-18
3.14519e-17 -1.40789e-16 5.31502e-17
-2.61101e-18 6.70273e-18 9.24245e-19
4.92667e-17 -8.56968e-17 -5.71191e-18
-2.75944e-17 -9.27691e-18 1.89165e-18
6.89105e-17 -3.89664e-18 -5.48057e-19
-2.99116e-18 -4.78444e-18 -4.13596e-18
3.06975e-18 -8.80662e-18 9.88056e-18
-1.05216e-17 2.06012e-17 4.28916e-17
1.52751e-17 5.21907e-18 -9.51853e-19
6.46235e-27 6.13734e-28 0.0
8.92823e-17 -2.15053e-17 9.6398e-18
1.34904e-17 -2.56309e-18 1.48877e-18
-1.55096e-25 4.1359e-25 0.0
2.38879e-17 -1.66999e-17 6.433e-18
-8.52199e-17 3.11226e-17 -6.28128e-20
1.47132e-17 -1.25338e-17 -3.88627e-18
-8.87177e-18 -1.40093e-17 -1.27497e-17
-1.94365e-18 -9.97935e-18 5.23488e-18
3.1284e-18 1.43518e-18 5.23551e-18
1.96624e-17 1.63595e-18 2.82592e-17
-6.46235e-27 5.66958e-26 0.0
3.14153e-17 -3.28009e-17 -1.05473e-17
-1.1931e-17 8.44529e-18 1.98725e-18
-3.16838e-16 -1.07129e-16 -1.56923e-16
-1.76358e-18 3.26227e-17 -1.40061e-17
-4.79591e-17 -2.4885e-17 7.95031e-18
-2.07891e-17 -8.98329e-17 -5.07173e-17
-3.14116e-17 -3.85257e-17 -1.70068e-19
1.30346e-16 -3.97715e-17 -5.48167e-17
-5.17363e-17 -1.2101e-17 -1.33945e-17
5.92216e-17 3.87568e-17 6.33589e-17
8.88257e-17 1.24903e-16 5.74824e-17
-2.86818e-16 -1.17042e-16 -9.69906e-17
1.36772e-18 2.55607e-18 -2.00514e-18
2.53728e-17 -1.28164e-17 2.03995e-18
-1.30423e-18 -9.89743e-19 -1.20436e-18
2.54334e-18 -3.85051e-17 8.78903e-19
-7.63362e-18 1.71936e-17 -1.20079e-17
3.55746e-17 -3.88545e-17 2.29457e-18
3.46073e-17 -1.72433e-17 -1.7448e-17
6.77918e-18 9.45463e-18 -8.80808e-18
-1.66666e-17 1.0025e-17 3.32622e-17
9.35971e-19 -3.85029e-19 3.00505e-19
1.42831e-17 -4.70972e-17 -1.13439e-18
-1.03987e-17 -5.44913e-17 2.60864e-18
-1.8792e-17 -4.58721e-17 5.03238e-18
-4.71357e-17 -1.04869e-17 -1.58647e-17
-1.86766e-16 2.11167e-17 -2.7486e-18
2.55689e-17 -1.05677e-17 -3.46553e-18
-5.28334e-18 1.66017e-17 -4.45698e-19
3.96654e-17 -1.1684e-16 3.5501e-17
2.83821e-16 8.27262e-17 7.2698e-17
0.0 2.5352e-27 0.0
2.60568e-17 -5.10613e-17 -2.36609e-17
-4.20337e-17 -8.67659e-17 -6.30611e-17
4.34397e-17 -2.85779e-17 1.89038e-17
-2.42368e-18 -2.03926e-17 5.99911e-19
3.86424e-17 -1.04227e-17 1.43815e-17
9.81256e-18 -7.19872e-18 1.26095e-17
1.01433e-17 -1.68859e-17 7.11063e-18
1.36161e-16 -6.26393e-17 -2.47251e-17
8.29635e-17 -3.88746e-16 1.37211e-16
-1.67184e-18 -8.51811e-18 -4.11033e-18
2.29381e-17 -3.97555e-17 2.79219e-18
3.25338e-17 -1.1406e-17 3.0022e-18
0.0 -5.48515e-25 0.0
-3.24017e-18 -5.55418e-18 -8.45173e-18
1.25109e-18 -2.05392e-17 -4.17863e-18
2.59913e-17 -3.07453e-17 -2.42789e-17
1.31134e-16 -1.83904e-16 2.52011e-18
2.84807e-17 -4.66717e-17 -1.91082e-18
-1.50611e-16 -1.28306e-17 -5.72204e-17
5.9476e-18 -2.50889e-18 -1.21697e-18
-3.99831e-17 3.46926e-17 3.02767e-17
7.1536e-18 1.7585e-17 5.68747e-18
0.0 1.80855e-26 0.0
-9.0243e-18 -2.72647e-18 -3.67533e-20
1.75058e-17 1.91849e-17 3.48984e-17
8.63233e-17 -1.69667e-17 -2.03375e-17
-5.92151e-18 -7.09659e-17 -3.20364e-17
2.59141e-17 1.86699e-17 -7.54918e-19
2.60558e-17 -3.78358e-17 4.24216e-17
1.83187e-16 -3.82228e-18 1.95079e-17
3.61025e-17 -2.39132e-17 7.45418e-18
-7.69156e-17 3.52306e-17 -9.87257e-19
4.68151e-20 6.01059e-18 1.24558e-18
5.36433e-17 -1.3338e-16 2.60145e-17
-1.57037e-17 -1.01305e-18 6.45609e-18
-1.76143e-17 2.31057e-18 1.32012e-17
2.20401e-17 3.21992e-17 -9.76515e-18
8.49052e-17 -1.38716e-16 -4.36575e-17
2.56094e-17 -2.31832e-17 1.86426e-17
-1.00102e-17 2.58814e-17 -1.2202e-17
-6.53856e-18 -9.31747e-18 3.46373e-18
-1.49221e-18 -6.14656e-18 7.96685e-18
2.28749e-16 8.26119e-17 1.09308e-17
3.95265e-18 -2.62291e-17 7.79853e-19
-1.93787e-17 4.41323e-17 9.25635e-19
1.5158e-17 -1.05954e-17 3.25861e-18
1.90785e-17 -5.70378e-17 -7.3645e-17
-3.32795e-18 2.39622e-18 -3.11385e-18
4.01989e-17 -3.2889e-17 -1.15296e-17
4.15642e-17 -6.5379e-17 4.76905e-17
-3.07343e-17 4.39964e-17 -2.4657e-17
-2.30755e-17 2.04633e-18 7.13858e-18
2.91124e-17 -4.72133e-17 2.68527e-17
1.13716e-17 2.15691e-17 -1.54724e-18
4.25512e-18 -8.84378e-18 1.08552e-17
2.12178e-17 -2.74607e-19 1.03738e-18
-2.63728e-17 1.28963e-17 2.20848e-18
1.05244e-17 -2.0483e-17 1.41633e-18
-1.01192e-16 -4.29884e-17 4.47357e-17
1.36445e-17 -1.73851e-17 1.48038e-17
7.64812e-18 -1.5612e-17 1.53408e-18
-5.76573e-16 7.89039e-16 1.40369e-15
6.21218e-17 -1.36188e-16 -7.45001e-18
4.05236e-18 -3.09299e-19 7.61429e-18
1.08911e-17 -1.09018e-17 8.39156e-18
4.39807e-18 -1.62202e-17 -8.0447e-19
-1.80545e-17 -1.43318e-17 -8.77248e-18
-2.92469e-16 -1.03698e-16 3.81393e-16
4.39726e-17 -8.82119e-17 -2.0069e-17
4.05375e-17 7.9781e-18 1.02046e-18
1.25972e-17 -1.00126e-16 2.78954e-18
1.82639e-18 -2.75724e-17 1.18814e-17
-3.20574e-17 5.02712e-17 -1.06443e-17
2.2567e-17 -8.11979e-18 2.55725e-17
1.60394e-16 -2.24874e-17 1.42127e-16
-5.17663e-18 -3.41702e-17 4.23421e-18
-1.3377e-17 -3.16107e-17 1.85603e-17
-2.42876e-17 -1.34394e-17 -6.0561e-18
0.0 9.25142e-24 0.0
2.43927e-17 -6.05158e-17 5.84282e-18
-3.22356e-18 7.86686e-18 -2.66661e-17
-8.45041e-17 4.54149e-17 -3.98283e-17
1.78639e-17 -3.74037e-17 -9.39341e-18
3.67463e-17 -6.19553e-18 -9.32627e-18
-2.46955e-17 -2.9359e-17 2.05945e-17
-1.71049e-17 -3.94167e-17 -2.35356e-18
4.04511e-18 -1.13835e-17 -1.13966e-19
-1.4149e-18 -9.77326e-18 2.1755e-17
-3.48372e-17 8.3887e-17 -5.50148e-19
-6.46235e-27 -4.59689e-27 0.0
-1.1976e-17 -4.32545e-17 -1.96309e-18
0.0 -1.46031e-24 0.0
3.29308e-17 8.06411e-18 2.91244e-18
1.35522e-16 8.2946e-17 -6.52175e-17
-2.31456e-17 -2.15169e-17 -1.68658e-17
-1.92319e-23 7.85822e-24 0.0
7.26873e-17 -3.74426e-17 1.05797e-18
2.51896e-16 -9.51539e-17 4.15012e-17
1.32507e-16 -2.50131e-17 1.29386e-17
4.35393e-17 -3.67369e-17 -5.43303e-18
0.0 0.0 0.0
7.85731e-18 -3.13326e-18 -1.20527e-17
-2.38724e-17 -3.48761e-17 1.0577e-17
2.88101e-17 -6.77129e-18 -7.06629e-18
-1.92008e-16 1.86564e-17 3.1736e-17
2.04919e-18 -8.97196e-19 7.63521e-19
2.044e-17 -1.27694e-17 -2.44372e-18
-5.26106e-17 -7.70105e-17 -1.90126e-17
6.78589e-17 3.74589e-17 -3.34297e-17
-1.24077e-24 -4.1359e-25 0.0
9.11157e-17 -1.44788e-16 -7.11196e-17
1.6289e-17 -6.34859e-18 1.61513e-18
-3.55908e-17 -1.36832e-17 -1.79758e-17
6.43103e-18 -3.34156e-17 1.07908e-17
-2.08094e-17 -8.43642e-18 -1.11978e-17
5.06648e-24 -1.24077e-24 0.0
1.2781e-18 -6.85742e-18 -9.54593e-19
-5.96364e-18 -2.29968e-17 2.40171e-17
2.38356e-17 -1.96971e-17 -1.1507e-17
2.43847e-17 -2.30547e-17 7.64797e-18
0.0 1.52933e-26 0.0
1.53605e-16 8.68566e-17 -9.26576e-17
-1.99832e-17 -9.22315e-18 2.85883e-18
-4.00205e-17 -4.3568e-17 2.37834e-17
-3.79467e-17 4.09879e-17 2.21257e-17
-3.26333e-18 5.5872e-18 -4.56381e-18
-3.24826e-17 -1.82614e-17 1.53446e-17
-1.11993e-17 -1.80432e-17 -1.06753e-19
-4.88126e-16 4.45109e-17 1.52524e-16
9.70819e-17 2.15538e-17 1.18826e-18
1.68516e-17 -1.56922e-17 -5.38144e-18
2.27857e-16 -5.64629e-18 -2.13528e-17
-4.54632e-18 -8.09944e-18 1.06959e-17
-4.64002e-17 -2.65208e-17 -1.44594e-17
-3.34612e-17 2.65728e-17 8.51348e-18
1.64075e-17 5.70882e-17 -2.69636e-18
-3.81429e-16 -4.29713e-17 -7.24374e-17
1.63205e-16 -5.27712e-17 9.70769e-17
-1.12934e-16 -1.5485e-16 2.13634e-17
2.36585e-17 -3.6566e-17 1.03306e-18
3.25928e-18 -4.27696e-18 -1.46559e-17
4.52712e-16 1.47691e-17 -2.82983e-17
4.66231e-17 -1.02851e-16 4.33149e-17
-3.77871e-17 -2.951e-18 -1.78107e-17
9.40858e-18 -2.86194e-17 1.66896e-17
1.32569e-16 -7.19987e-18 1.67045e-17
-2.46323e-17 1.17986e-17 2.31183e-17
2.79699e-17 -2.27682e-17 -1.66283e-19
-9.34836e-17 -2.32243e-17 -2.70987e-17
8.81728e-18 -2.92158e-17 1.55361e-17
-6.46735e-17 -1.27845e-16 -8.05507e-18
4.1171e-17 -3.23149e-17 -7.86356e-18
7.9078e-17 -3.74221e-17 -4.31164e-17
-1.33601e-17 -6.82738e-18 -2.02264e-18
-3.51774e-17 -3.15821e-18 -3.53143e-18
-4.3447e-18 -6.33224e-17 1.33912e-17
1.9138e-17 1.00745e-16 4.94618e-17
-1.68321e-17 -9.70753e-18 2.30033e-18
3.52657e-19 1.44248e-17 3.66834e-18
2.16132e-19 -7.62279e-18 2.64817e-19
-8.58985e-17 -2.41563e-18 -4.53725e-17
-7.43056e-18 8.23697e-19 4.64935e-18
6.53814e-17 -1.84901e-17 -7.92582e-17
-5.36667e-17 4.89168e-17 -3.94958e-17
1.50426e-17 -1.19499e-17 1.6955e-17
1.27754e-17 -3.3804e-17 -2.1185e-17
6.10686e-18 -1.08708e-16 -4.38731e-17
3.29938e-18 2.96701e-18 1.48378e-17
-3.35546e-17 -4.38707e-18 -4.34902e-18
1.98919e-17 -4.02911e-17 3.56494e-17
4.30582e-17 -3.33652e-17 1.47406e-17
-4.58393e-18 -1.32052e-17 3.78518e-19
-1.14943e-17 -4.31444e-17 1.81922e-17
-8.74621e-18 -5.75168e-17 -1.97894e-17
1.68972e-17 -1.45869e-17 8.23787e-18
3.1514e-17 -2.38598e-17 -2.04701e-18
-2.94911e-19 -3.70657e-18 7.61168e-18
2.64531e-17 7.62104e-18 4.73162e-18
3.2105e-17 -4.14152e-17 8.35503e-18
8.71372e-17 3.35118e-17 3.73838e-17
4.30528e-17 1.2294e-18 -3.47192e-17
-2.74793e-18 -2.68705e-18 -3.71448e-18
5.84029e-17 -2.46721e-17 6.9449e-18
1.51555e-17 3.31192e-17 -1.23668e-17
-2.443e-16 -1.07075e-16 -8.42471e-17
5.08064e-17 -2.53724e-17 -3.22954e-17
-1.36628e-16 7.0783e-17 2.68301e-18
6.8248e-19 -9.40789e-18 1.12886e-18
1.60571e-17 -8.68043e-18 1.02826e-17
-3.23473e-17 -1.83659e-16 -5.31275e-19
1.90879e-17 -1.88021e-17 4.28024e-18
3.18682e-16 -1.95053e-16 1.09483e-16
-2.30984e-17 4.26206e-18 1.23824e-17
-1.51736e-17 -1.95347e-17 2.70074e-18
6.33373e-18 -3.2491e-17 -2.19252e-18
-1.0669e-16 -1.34085e-16 7.67485e-17
-1.39855e-18 1.85858e-17 -8.25844e-19
3.51793e-17 3.30618e-17 -1.26009e-18
3.10854e-16 5.12154e-17 -8.98859e-18
3.14552e-17 -8.61947e-17 -4.11629e-17
-3.47408e-16 -8.33674e-17 -6.94441e-17
-6.60417e-18 -2.31411e-17 -3.13388e-18
0.0 1.99479e-24 0.0
-1.41584e-16 -1.15116e-16 -1.94752e-17
2.19578e-17 -1.01673e-16 -2.64594e-17
-2.19322e-17 -6.94593e-17 6.60482e-18
-3.34995e-17 -4.0119e-17 1.72823e-18
-1.6985e-16 -1.45146e-16 -6.86269e-19
1.88847e-16 -2.34387e-16 1.33337e-16
-7.18789e-17 -1.2361e-17 -1.1201e-17
2.65095e-17 1.22387e-17 2.58198e-17
1.67359e-17 -1.08693e-16 7.33912e-18
-4.47765e-17 -3.06549e-17 -3.81295e-18
-4.83796e-17 1.90156e-17 1.94855e-18
-5.78509e-23 1.65436e-24 0.0
2.0134e-16 -6.09921e-17 1.68024e-18
8.46424e-17 -2.3745e-17 -2.29766e-18
-2.07509e-17 -7.64258e-17 -2.06871e-18
-1.84088e-18 3.86809e-18 1.16595e-17
-2.14938e-23 0.0 0.0
-1.06774e-17 -2.90872e-17 -3.8894e-18
1.32917e-16 -3.05551e-17 2.82457e-17
1.00775e-18 -4.66828e-19 8.44353e-19
1.04181e-17 2.40185e-17 5.74391e-17
3.84097e-17 -3.86702e-17 -1.29766e-17
0.0 -3.30872e-24 0.0
2.89932e-17 2.53657e-18 1.66073e-18
1.76365e-17 6.90731e-17 3.32646e-17
4.37722e-17 1.45962e-17 -1.14518e-16
2.34941e-16 -1.45917e-17 1.16057e-16
-8.80039e-17 -1.3987e-17 -2.10495e-17
-3.27735e-17 7.85194e-17 5.92357e-18
1.60754e-16 -1.16223e-16 1.17058e-16
2.27897e-17 -3.61078e-18 2.82786e-18
-3.16084e-19 1.47663e-17 7.18892e-18
2.30104e-16 -8.59224e-17 -1.13635e-16
3.65682e-17 1.27455e-18 4.06782e-17
-1.7394e-17 -8.14273e-17 -3.85912e-17
1.22891e-16 -2.15004e-16 5.7466e-17
-4.65673e-18 8.527e-18 6.88474e-18
9.53074e-18 8.64817e-18 -1.74016e-17
1.65889e-17 4.59492e-17 6.1274e-17
6.80582e-17 -3.39534e-17 -5.08925e-17
-1.73271e-17 -3.14049e-17 2.03538e-17
-1.02571e-15 1.79316e-16 4.02188e-16
-3.82883e-17 2.51044e-18 -3.67361e-17
1.89295e-17 2.42364e-18 1.23386e-17
1.28513e-17 -1.03369e-17 1.2796e-18
-1.36274e-17 -6.01531e-18 1.20555e-17
-4.32993e-19 -2.34085e-17 -1.77866e-18
9.49511e-17 3.35594e-17 2.92209e-17
0.0 5.25165e-26 0.0
-2.943e-17 -1.65963e-17 4.40237e-18
-2.06377e-16 -8.61664e-17 -9.08116e-17
3.23298e-17 -1.47649e-17 9.40369e-18
8.52854e-17 -1.73409e-16 -2.27143e-17
-1.90196e-17 -2.12136e-17 2.27014e-17
-1.3899e-17 4.48535e-17 1.25267e-17
-5.70774e-18 -1.78478e-17 -9.46365e-18
2.09284e-17 -7.67363e-17 1.20305e-17
9.48161e-17 -1.95338e-16 -9.97341e-17
1.14589e-16 9.5252e-18 3.77448e-17
-4.75128e-18 -5.71581e-17 2.0454e-17
-9.9402e-18 -3.64017e-18 -9.54148e-18
2.67858e-18 1.76557e-17 -1.37704e-17
4.97788e-17 1.27517e-17 4.81311e-18
-9.04863e-18 -1.03138e-17 -2.98884e-17
-1.10572e-17 -5.18378e-18 1.96903e-18
-2.12938e-17 -1.05092e-17 -2.20867e-17
4.84135e-17 1.12851e-17 4.94813e-18
6.46235e-27 -8.44408e-25 0.0
8.41474e-20 1.25029e-17 9.7489e-18
1.14879e-15 -1.44282e-16 -7.52695e-17
1.48794e-17 1.13595e-17 -4.42284e-18
-6.88018e-18 -9.12496e-17 -4.75011e-18
2.96181e-17 -5.958e-17 -3.84332e-17
-3.03731e-17 6.00551e-19 -3.08282e-18
8.45543e-18 -3.04514e-17 2.11834e-17
8.26707e-19 1.58785e-18 8.62008e-19
0.0 0.0 0.0
1.28541e-16 -3.1653e-17 2.63265e-17
3.37155e-17 -3.24474e-17 -2.18284e-17
7.5558e-17 -7.58036e-17 5.9765e-18
3.02907e-17 -1.41448e-18 -3.33652e-18
7.46995e-17 -1.20705e-16 2.00638e-17
3.68343e-16 8.55362e-18 5.65435e-17
-1.8416e-16 -6.09805e-17 -7.36647e-17
-5.11242e-17 3.93038e-17 1.74202e-17
4.89526e-17 3.20713e-17 3.1434e-18
-1.17576e-17 2.52369e-17 -4.4904e-17
5.69138e-17 -3.2992e-17 1.02618e-18
-4.81761e-18 -8.34638e-18 7.38057e-18
-2.08921e-18 7.58805e-19 3.70021e-19
-6.46235e-27 2.05004e-23 0.0
-5.22508e-18 -7.09291e-18 -2.20425e-18
-4.6825e-18 -5.3192e-17 1.42759e-17
-1.10107e-17 5.38634e-17 -1.94479e-17
9.21199e-18 -1.56675e-17 -3.67733e-18
-9.42792e-17 -2.39612e-17 -7.51075e-18
4.88191e-17 -4.27382e-17 -4.25044e-17
-1.9954e-18 -2.79966e-17 7.80663e-18
-2.26644e-17 -2.30278e-17 1.80062e-17
7.83741e-17 -1.10639e-16 -6.15415e-17
5.26847e-18 1.70562e-17 -4.99281e-18
-5.65107e-17 -2.12624e-17 -3.00993e-17
-1.66563e-17 1.52866e-17 6.65123e-18
2.80784e-17 -2.14846e-17 -2.93984e-17
-9.0061e-17 5.23873e-17 -1.95771e-16
1.52531e-16 -1.23517e-16 -1.29292e-17
-1.91509e-17 2.16281e-18 -2.43451e-18
4.61044e-17 -1.49663e-16 8.94803e-18
4.32389e-16 -9.28928e-18 -4.91451e-17
8.34418e-23 -9.92617e-24 6.61744e-24
6.73831e-18 -1.69809e-17 -5.36884e-17
5.16988e-26 0.0 0.0
1.03398e-25 0.0 0.0
1.13976e-16 -2.86712e-17 2.579e-17
4.20693e-18 1.50974e-17 1.58513e-17
4.31592e-16 6.52565e-17 -1.74629e-17
1.57562e-16 -7.66789e-17 4.91185e-17
2.8729e-16 1.63111e-16 1.39358e-16
4.13204e-18 5.30779e-18 4.48434e-18
1.84799e-17 -1.01908e-16 -1.57079e-17
2.2626e-17 2.2575e-17 1.73164e-17
-1.67659e-16 -3.00277e-17 -1.49109e-16
-4.29302e-16 8.14019e-17 -5.50426e-17
2.67535e-18 -1.047e-17 2.44091e-17
7.22358e-18 -2.5809e-19 -1.90943e-19
-1.45621e-16 -8.77516e-17 1.69918e-17
-2.45535e-16 -4.87208e-17 -4.99294e-17
1.95902e-16 -5.46908e-17 -1.08976e-16
-3.5194e-18 -3.94888e-20 -5.90524e-17
4.14481e-17 -4.02694e-17 -8.93757e-18
-6.04668e-17 -3.67211e-17 2.1134e-18
3.27955e-16 3.37767e-17 4.09569e-17
-1.58552e-16 1.73515e-16 -4.89609e-17
-8.27181e-25 1.65436e-24 0.0
-1.04986e-16 -4.38052e-17 2.97292e-18
-1.12046e-17 1.56261e-17 5.13987e-17
7.97694e-18 1.3996e-17 6.3632e-17
3.57379e-16 -2.84934e-17 6.06064e-17
8.51021e-17 -3.66702e-17 -3.5015e-17
3.62641e-18 4.97965e-18 -1.64197e-18
-3.35525e-23 -5.79026e-24 0.0
1.28264e-16 4.02655e-17 2.18324e-17
3.88626e-17 -1.29557e-16 -1.52379e-17
-2.05267e-17 -6.14588e-17 -5.34984e-18
9.35988e-19 9.41917e-18 1.37669e-18
5.11569e-17 -1.47335e-16 -1.99915e-17
1.17448e-16 -9.62826e-17 -1.51541e-17
5.16089e-17 -1.09374e-16 -1.9729e-17
-2.46136e-17 -1.13704e-17 1.13784e-17
6.2497e-16 -3.05376e-16 -9.82488e-16
9.21748e-18 2.11717e-17 -4.59194e-18
-1.1976e-16 7.69955e-18 -1.82935e-17
1.69931e-16 -3.60822e-17 4.82219e-17
-8.39151e-17 6.27692e-17 4.52437e-17
3.01019e-17 -1.41513e-17 5.75045e-18
1.7516e-15 -5.35244e-16 7.27492e-17
9.81577e-17 1.49977e-17 1.52852e-17
7.75482e-17 -3.03199e-16 -1.25888e-18
5.96108e-17 -1.55023e-16 2.71535e-18
-9.92617e-24 1.48893e-23 0.0
1.11837e-17 -5.68915e-17 6.33078e-19
-4.55851e-18 2.32579e-17 5.79949e-18
5.11317e-17 5.53515e-18 1.90412e-18
-2.36058e-18 1.52195e-18 7.55448e-20
4.92166e-17 -1.04365e-16 -6.36627e-17
1.20078e-16 1.57145e-17 3.97772e-17
-5.03435e-17 2.93327e-17 -8.69715e-17
-8.54995e-18 6.97972e-17 -6.06458e-17
0.0 -1.02306e-24 0.0
2.42178e-17 -3.59212e-17 1.29534e-17
2.70034e-17 -7.8155e-17 1.27558e-17
-1.55025e-16 -4.39088e-16 -9.35927e-17
-8.78617e-18 1.44899e-17 -2.55038e-17
6.09572e-17 -3.86604e-17 7.93465e-17
3.41289e-16 2.14831e-16 -4.1101e-19
6.47903e-17 -1.03729e-16 3.65013e-17
1.25094e-17 -3.15111e-17 -2.31661e-17
1.73079e-17 -8.57356e-18 3.69143e-18
0.0 0.0 0.0
-2.00422e-17 -9.93192e-18 -9.45368e-19
-2.22311e-17 -8.86895e-17 -5.68663e-17
-6.62194e-18 -6.2475e-18 2.45859e-17
1.61961e-17 -1.32394e-16 7.89207e-18
4.57019e-17 2.87937e-16 5.4552e-17
1.96446e-17 -2.29379e-17 8.11982e-18
2.80812e-17 -6.1668e-19 -1.71586e-17
3.23663e-17 -3.424e-18 -1.9158e-18
-2.48999e-17 -4.6357e-17 2.90271e-17
2.50277e-16 -1.78242e-17 -1.48389e-16
-2.36255e-17 -5.52076e-17 -9.44922e-17
0.0 1.31454e-24 0.0
-2.79954e-16 -3.3615e-16 -7.51778e-17
-1.2356e-23 8.27181e-25 0.0
1.34308e-16 4.45722e-17 -1.77953e-16
8.66924e-17 -1.07238e-16 -2.77235e-17
1.70471e-18 -2.0849e-17 -6.93924e-18
2.77066e-17 -1.68566e-17 -2.08316e-17
7.13072e-17 -1.00239e-16 1.26206e-17
-6.46235e-27 -6.18195e-25 0.0
-2.45076e-17 1.52906e-18 -2.44743e-17
4.15025e-18 -4.91994e-18 1.6586e-18
2.23828e-19 1.16683e-18 1.92473e-17
-1.78974e-17 1.02505e-17 -1.45931e-18
-1.71852e-16 -1.07898e-16 2.53391e-17
9.89429e-17 -2.50218e-16 1.96123e-17
8.94329e-18 -2.69523e-17 -2.12502e-17
4.13061e-17 -4.45906e-17 -1.2248e-17
1.03398e-25 8.27181e-25 0.0
3.15176e-19 -6.35571e-18 8.44994e-18
-3.44476e-18 4.77389e-18 1.10421e-18
-2.70615e-17 9.95069e-18 -5.38879e-18
8.64358e-17 3.43196e-17 -8.47562e-19
-4.26298e-18 7.48005e-18 -2.38188e-18
-2.36216e-18 -9.03875e-19 1.23653e-17
-9.9101e-17 -4.4725e-16 -2.18791e-16
-2.46683e-16 1.30481e-16 -2.42571e-16
1.21103e-16 -2.88018e-17 -6.72927e-17
-3.47083e-16 3.61522e-17 -3.78894e-17
-4.79282e-17 -6.36759e-17 -2.35349e-18
-1.08088e-16 1.00187e-17 -7.01119e-17
-3.00782e-17 2.39079e-17 -1.80082e-18
4.2072e-17 -5.51793e-18 -2.38982e-17
-3.30872e-24 3.30872e-24 0.0
8.63887e-23 0.0 6.61744e-24
2.15067e-23 -8.27181e-24 0.0
1.19079e-17 4.98676e-17 1.95565e-17
-9.04686e-19 4.65598e-18 -2.6644e-18
1.22938e-17 -2.18489e-17 3.41412e-18
6.09409e-17 1.05274e-16 -3.53641e-17
3.47452e-17 -4.47076e-17 1.93192e-17
2.20313e-17 -2.21978e-17 -2.67102e-17
5.5945e-17 -7.42196e-17 1.51005e-17
-3.00754e-18 -2.17111e-18 6.76646e-18
8.34298e-17 1.32999e-17 -2.12453e-17
3.76553e-18 -2.29324e-16 -5.00098e-17
1.86116e-24 -7.85822e-24 -6.61744e-24
-1.62894e-17 6.34952e-17 -2.9054e-17
4.9848e-17 1.25113e-17 4.88221e-16
-3.39019e-17 1.32498e-16 -7.75285e-19
2.32214e-17 -7.61276e-17 2.77332e-18
1.51946e-17 5.64772e-18 -5.43859e-18
1.32182e-16 4.29945e-18 4.51363e-17
-2.15453e-16 -8.04198e-17 1.21502e-17
-1.55579e-16 -6.98262e-18 -2.59674e-17
1.56971e-16 -9.06724e-17 -1.98703e-17
4.35265e-16 2.75595e-16 1.04624e-16
-8.68881e-16 -1.57789e-15 -2.96431e-16
-6.68767e-18 -1.37077e-16 7.59241e-18
-7.22762e-17 1.1663e-16 -7.3844e-18
-9.41677e-17 -7.34733e-17 6.35041e-17
3.24747e-16 1.05077e-16 -6.01337e-17
-1.94116e-17 -4.3975e-18 6.16815e-17
5.11442e-18 2.12668e-19 6.0211e-18
3.97294e-16 -8.57158e-18 5.68113e-17
2.0578e-17 5.12704e-17 -7.46181e-17
-4.71263e-18 6.50368e-17 1.49053e-17
2.24716e-16 1.12474e-16 1.33977e-16
0.0 6.38036e-25 0.0
2.62332e-20 4.57832e-17 -1.02636e-18
-9.14686e-18 5.52517e-19 -2.26845e-17
-3.52545e-16 -7.3502e-16 -3.16601e-16
2.40986e-16 -7.82405e-17 -4.15856e-17
1.55967e-17 -1.29753e-17 -2.2462e-17
4.90437e-17 -7.60636e-17 1.69379e-17
-2.22723e-17 4.91544e-17 -2.50282e-17
6.66875e-16 6.62327e-16 -7.07506e-17
-2.69256e-17 4.09329e-17 1.47934e-18
9.71937e-24 -1.47859e-23 0.0
5.19677e-17 -9.30978e-17 1.83109e-17
-9.61424e-17 -9.21622e-18 1.75509e-17
1.58432e-17 -3.55226e-17 -9.11373e-18
-8.27181e-25 6.61744e-24 0.0
-5.04628e-17 5.93577e-17 -1.03333e-18
-3.76052e-18 1.39535e-17 2.36469e-17
7.49347e-18 1.13161e-17 6.17418e-18
-3.35728e-17 4.64118e-18 -7.05647e-18
-4.52694e-17 -4.55447e-17 1.16619e-17
3.81535e-18 2.11769e-18 -1.64358e-17
7.02778e-17 -5.36508e-17 1.30135e-18
8.30779e-18 -1.68084e-17 -1.66768e-17
3.30872e-24 -6.61744e-24 0.0
2.42042e-18 -5.35518e-17 -4.33125e-17
-7.74576e-19 -7.67986e-18 -1.19228e-17
-1.17831e-17 1.53127e-17 -9.38122e-18
-1.69887e-17 -4.23446e-17 -6.56169e-18
-1.01158e-17 2.11302e-17 -1.43963e-18
5.10045e-17 -1.7635e-17 -2.16205e-17
-9.47273e-17 1.28449e-17 -8.78709e-18
1.6354e-16 -1.83744e-16 1.25358e-16
-2.08462e-17 1.36063e-18 -7.45024e-18
-1.26968e-16 -1.11527e-16 8.53658e-17
1.94032e-17 -4.37046e-18 2.2087e-17
5.40172e-18 2.51275e-17 2.09941e-17
1.30566e-17 3.095e-18 8.55714e-18
9.52881e-17 -1.85103e-18 -6.1085e-19
1.14586e-16 -3.6201e-17 5.53242e-17
-4.14252e-18 3.36097e-18 -1.69212e-17
-2.25573e-16 4.36049e-17 -2.52848e-16
-1.339e-23 5.37667e-24 0.0
-3.75598e-17 5.4441e-17 -1.11678e-17
0.0 1.65436e-24 0.0
1.94938e-15 1.69033e-16 -2.12284e-16
-1.15405e-17 6.32623e-17 -1.69069e-17
2.14757e-17 3.9943e-17 -8.03957e-17
-3.20015e-23 4.1359e-25 0.0
7.24235e-17 1.4416e-17 -5.61868e-17
-4.26196e-17 -6.08933e-17 2.54917e-17
4.92066e-16 9.96429e-17 1.97412e-16
2.50999e-17 3.17356e-17 -4.87107e-18
9.40771e-16 5.94524e-17 5.34778e-17
-2.52588e-16 -2.97806e-17 5.62489e-19
1.1763e-15 2.53599e-16 4.59053e-16
-2.23779e-17 -7.99024e-18 -4.40119e-18
4.0478e-18 4.9164e-18 -2.96777e-18
0.0 0.0 0.0
-1.65436e-24 0.0 0.0
1.66905e-17 -1.68834e-17 6.55418e-19
-1.38683e-17 -6.45896e-17 2.33726e-17
5.02966e-16 1.3115e-17 4.15623e-17
-8.27098e-18 -1.17435e-17 1.77261e-17
3.22785e-17 -1.31566e-18 2.56754e-17
2.0695e-18 -1.53614e-17 1.18539e-17
4.23577e-17 8.18718e-18 3.24181e-17
2.42089e-17 5.64666e-18 -1.33257e-18
1.76426e-17 7.41524e-18 -4.48544e-19
-1.47107e-17 -1.02759e-17 -1.38446e-17
8.06126e-19 -4.02403e-18 1.52561e-18
-9.76887e-16 3.06348e-18 -1.68749e-16
2.78011e-16 4.33306e-17 -7.60373e-17
-5.97799e-17 -3.75597e-17 -5.07917e-17
2.93053e-17 -2.48942e-19 2.2574e-17
-1.97223e-17 -1.09021e-17 1.20282e-16
-5.475e-17 -5.26964e-18 2.00581e-17
2.8191e-17 6.30504e-18 -7.33968e-18
4.64788e-17 1.81753e-17 3.23915e-17
-9.70969e-18 -5.12121e-17 1.9433e-17
1.98217e-16 4.68825e-17 -4.38835e-18
-5.94453e-17 -2.96345e-17 1.46553e-18
-2.36957e-18 -5.73474e-17 1.39044e-17
3.44732e-17 -4.93255e-17 2.02713e-17
-8.32108e-17 -6.87839e-18 -2.69063e-18
4.64255e-23 4.96308e-24 0.0
3.50058e-16 -1.15343e-16 -5.0195e-17
2.83588e-17 7.94193e-17 6.68817e-18
1.59976e-18 -1.35691e-16 1.95161e-17
2.09506e-17 -1.8892e-17 1.84725e-18
-6.76954e-18 -1.00274e-16 -7.4584e-17
-1.34417e-24 0.0 0.0
-2.30855e-17 5.86402e-17 -1.0272e-17
2.41597e-18 -7.99377e-19 5.43298e-19
-1.36064e-17 2.76539e-17 4.13019e-18
2.30565e-17 -4.70672e-17 1.72537e-18
-1.48418e-16 -1.48013e-16 -5.21103e-17
-3.57744e-17 -1.22868e-18 8.54314e-18
5.96792e-17 1.47999e-16 -1.84964e-16
5.35411e-18 9.29353e-18 -1.17287e-17
-9.81524e-18 -6.77943e-18 -2.77286e-17
0.0 -8.41078e-24 0.0
-3.21673e-17 -1.22982e-17 5.13515e-17
9.65774e-17 -3.59711e-17 -8.80668e-18
-3.12302e-17 4.05706e-17 -3.67958e-18
7.7624e-19 2.96569e-17 -4.39689e-17
-2.08814e-17 1.36529e-17 -1.88897e-17
-4.97855e-17 -1.17749e-16 -7.47879e-17
2.22291e-16 -8.40272e-17 1.69195e-16
-5.48602e-18 -8.64618e-18 7.30307e-18
-2.38923e-17 -1.01111e-17 1.27505e-17
7.56994e-16 8.61836e-16 3.82372e-16
1.87818e-17 4.18181e-17 4.34344e-18
3.01612e-17 1.76546e-16 1.55458e-16
2.14884e-18 2.4663e-18 -5.18995e-18
-1.51417e-17 5.1295e-18 -1.00911e-17
1.59801e-16 3.96157e-17 4.13765e-18
2.4619e-18 1.96423e-17 5.95565e-18
-7.43177e-16 -2.78091e-16 -1.21118e-16
5.94787e-17 -4.81845e-17 2.03783e-17
6.04316e-17 -1.21343e-16 1.06713e-17
-9.94274e-18 -2.67973e-17 -5.62721e-19
4.07411e-16 5.02658e-18 -1.09594e-17
3.56637e-17 9.08861e-17 -4.6493e-17
-8.51757e-17 -6.10199e-17 -5.52967e-17
-1.59758e-17 -2.20889e-18 -4.91131e-19
-1.51744e-17 -5.42363e-17 2.09864e-17
1.34694e-17 -3.02993e-17 -7.22387e-18
-8.87157e-16 2.3867e-16 -3.01214e-16
-5.16988e-24 0.0 0.0
1.9321e-17 -1.38285e-16 -3.89463e-17
-9.49201e-18 1.60257e-17 -9.66075e-18
2.39893e-18 -9.26522e-18 -1.19461e-17
-1.11112e-16 6.21501e-17 1.72254e-17
-1.06348e-17 4.12116e-17 -1.94722e-17
-2.59318e-16 2.36396e-17 -1.44306e-16
2.04364e-17 -1.51638e-17 -1.85039e-18
-4.16865e-17 -4.29649e-17 -4.10657e-17
4.17326e-16 2.35647e-16 1.09744e-17
-6.2724e-17 -5.53826e-17 3.38831e-17
4.89692e-17 -8.63735e-19 -2.13425e-17
6.53513e-17 -1.81486e-17 -3.39523e-18
-1.91941e-17 -9.05052e-17 5.73175e-18
3.71864e-17 5.73512e-17 -6.4896e-18
-4.60982e-17 7.91773e-18 9.82865e-18
6.46235e-27 -3.06019e-26 0.0
2.81672e-17 -2.61104e-17 -4.84206e-17
3.30683e-17 2.5788e-17 -7.17484e-18
0.0 0.0 -1.32349e-23
-1.5639e-17 1.48304e-17 -4.13075e-18
-2.97483e-18 -1.36542e-17 4.54734e-18
3.1954e-16 2.48581e-16 -6.87414e-17
-6.76166e-18 5.86898e-19 -7.66128e-19
1.52743e-15 6.36184e-16 -2.94163e-16
-8.04741e-17 -9.15832e-17 -2.80265e-17
1.08827e-17 8.6397e-17 3.40919e-18
0.0 2.12793e-24 0.0
8.69864e-18 5.08543e-17 -2.85103e-17
-5.58411e-18 3.82403e-17 2.37432e-17
-4.00516e-17 5.89639e-17 5.87035e-17
-1.18459e-16 5.0084e-17 -1.99442e-17
-1.13364e-17 -2.23585e-17 1.26986e-17
1.16931e-16 -1.66965e-16 -9.27233e-17
4.56368e-17 -1.94023e-17 -2.55689e-17
2.51258e-16 1.31553e-17 -1.55061e-17
9.63677e-17 5.67576e-17 5.70405e-17
-6.45068e-18 -1.78417e-18 -4.94929e-18
-1.6435e-17 -1.76414e-17 -2.14679e-18
9.25262e-17 -1.47654e-16 4.12449e-18
1.04245e-15 4.09979e-15 7.78152e-16
8.05981e-17 -5.1806e-17 3.23077e-19
9.2251e-17 3.22345e-16 -2.23609e-16
0.0 -1.28291e-24 0.0
-9.33799e-17 2.14405e-16 1.49636e-16
1.15897e-18 1.50932e-17 2.1546e-17
0.0 0.0 0.0
-2.72858e-18 -8.53025e-18 1.09723e-18
-1.22691e-18 3.20142e-17 1.51167e-17
-6.71409e-17 7.81705e-17 -2.74891e-17
-2.3443e-18 -7.21748e-20 -1.91269e-17
3.9098e-16 1.77169e-16 1.0973e-16
-1.30632e-16 -5.52931e-17 -4.34912e-17
3.00755e-18 9.96197e-18 1.0572e-17
-1.27309e-16 -1.95211e-16 -5.84814e-17
-7.48309e-18 -1.80614e-18 -1.03205e-17
-1.02715e-17 9.13174e-18 -1.56523e-17
1.38996e-16 -1.01363e-16 3.34617e-17
1.55966e-16 8.56645e-17 4.00715e-17
-3.37869e-16 -8.85596e-17 -5.47938e-18
8.12917e-17 5.17466e-18 -7.08931e-18
-3.21259e-17 -1.99584e-17 -4.6388e-17
1.93651e-16 8.37127e-17 2.55755e-17
1.8264e-16 6.03258e-17 1.39932e-16
-3.38622e-18 8.74798e-18 8.56823e-18
4.23343e-18 5.57458e-20 1.18198e-18
-1.32363e-17 2.75179e-17 8.17956e-19
6.2075e-18 -2.09049e-17 -2.33313e-17
-1.00042e-16 -4.52814e-17 -7.70424e-18
-1.37166e-19 -6.72481e-18 -2.25488e-18
5.01757e-17 2.25021e-18 6.06221e-18
-1.73959e-17 -4.31651e-17 2.15084e-17
1.81052e-17 -1.49942e-17 -1.34652e-17
5.90045e-17 4.49593e-17 1.02584e-17
-1.01228e-17 1.98672e-17 -1.5856e-17
-6.3814e-17 -5.5505e-18 -1.83794e-17
-6.46235e-27 9.79393e-25 0.0
1.00156e-16 3.73547e-17 -1.06794e-16
8.647e-18 -2.17006e-17 7.71513e-18
8.93086e-17 1.40954e-16 -2.28555e-17
-6.28488e-18 1.3345e-17 -2.18892e-17
-2.56587e-17 1.21314e-17 -3.89185e-17
-2.56509e-19 1.70228e-17 -3.99763e-18
-3.59584e-16 9.73553e-16 7.91642e-16
-4.53124e-17 7.76762e-17 8.67461e-17
-1.08412e-17 -3.61035e-18 -5.14664e-18
-3.47416e-23 1.65436e-24 0.0
-1.80829e-17 3.00005e-18 3.83377e-18
-1.3978e-17 -9.20938e-18 -5.89913e-18
1.43848e-17 3.12572e-17 -1.68169e-17
-4.71205e-17 -1.39454e-17 -2.35218e-17
-2.1201e-17 7.19129e-17 -1.76551e-17
4.8189e-17 2.02647e-17 2.42005e-18
-3.32171e-17 6.64905e-18 -1.55475e-17
2.88018e-17 -9.87224e-19 -8.68677e-18
1.0681e-22 5.37667e-24 6.61744e-24
-9.73669e-18 2.30634e-17 -2.53453e-17
-1.52775e-16 -8.71449e-17 5.4049e-17
-6.4559e-17 -1.91928e-18 -9.50521e-18
1.96945e-16 -1.24896e-16 6.6611e-17
0.0 -1.72151e-23 0.0
-3.68598e-17 -1.28686e-16 -3.08437e-17
0.0 0.0 0.0
1.07248e-18 7.41785e-18 -1.14772e-17
1.84373e-17 -8.98974e-18 -2.99566e-17
9.0391e-16 2.48701e-16 3.06602e-16
-4.14213e-18 1.4676e-17 1.96159e-17
-3.4975e-17 1.22847e-17 -2.40859e-17
1.80824e-17 -6.1052e-17 -4.38174e-18
4.33473e-17 1.92537e-16 2.08528e-17
-3.58049e-18 -9.29263e-18 -2.62093e-17
1.4014e-16 7.74567e-17 -3.23243e-17
4.02221e-18 3.85981e-17 -2.26937e-17
-6.46235e-27 -8.05861e-27 0.0
-3.78368e-17 9.75502e-18 5.48691e-18
-4.94445e-17 -4.17293e-17 -2.8922e-17
1.30798e-23 1.65436e-24 0.0
1.08209e-16 -5.14934e-17 3.00145e-17
-5.56485e-17 4.59344e-17 -1.1433e-17
1.74692e-16 1.5001e-16 -1.19664e-16
5.74764e-17 3.95829e-17 3.72893e-17
2.82635e-18 -2.62415e-18 -9.28138e-18
1.12092e-17 2.58782e-18 8.43354e-18
1.93441e-16 3.97886e-16 -1.40996e-16
-1.20456e-15 -1.26848e-15 -5.27752e-16
1.59282e-15 -2.25975e-16 -9.91785e-16
3.2577e-19 1.18724e-17 -1.42411e-17
1.75611e-16 3.29679e-17 2.54094e-17
1.27751e-16 6.78844e-17 -3.36021e-17
-1.71293e-16 5.8198e-17 2.10988e-18
-1.02057e-16 -3.16527e-17 1.57347e-17
2.35505e-16 7.73123e-17 3.25673e-18
-2.90648e-17 -2.99124e-17 -4.42217e-17
4.89806e-17 2.59563e-16 6.50288e-17
2.28786e-17 6.86911e-17 2.60086e-17
-5.11751e-17 6.34717e-17 1.74476e-18
2.17087e-18 7.44861e-18 3.82784e-18
4.84439e-18 2.98563e-17 -9.46931e-18
5.70289e-17 2.14632e-18 2.91999e-17
-2.34666e-16 7.27227e-17 -7.4586e-17
-1.41637e-18 -2.36028e-17 -1.72483e-17
-1.15213e-16 4.45995e-17 -8.98266e-17
-2.08204e-17 -5.66521e-17 6.22387e-18
-1.16956e-17 4.5405e-17 -2.53807e-17
5.29843e-17 -6.61914e-17 2.89878e-17
6.4101e-18 4.97406e-18 2.26306e-18
-1.1009e-16 -1.35557e-16 -4.90133e-17
-2.30129e-17 1.50067e-16 -1.20792e-16
1.20968e-17 5.52351e-18 -1.83638e-17
