# vtk DataFile Version 3.0
LIGGGHTS particles timestep 142600000
ASCII
DATASET POLYDATA
POINTS 873 float
0.384765 0.0176273 0.00160103
0.384276 0.0168362 0.000152108
0.385979 0.016305 0.000154358
0.384024 0.0178931 0.000346588
0.384103 0.0188777 0.00179976
0.38414 0.0203084 0.00038795
0.385344 0.021108 0.000153527
0.384857 0.0164602 0.000527417
0.384125 0.0186018 0.000725561
0.384479 0.0181392 0.00532873
0.384537 0.0177544 0.000152462
0.383992 0.0184143 0.000151757
0.384812 0.0187844 0.000568853
0.384869 0.0167819 0.000363698
0.384803 0.0169846 0.000152809
0.384915 0.0183348 0.000412633
0.384393 0.0200033 0.000329348
0.384771 0.0189907 0.000354885
0.384249 0.0186361 0.000152072
0.383697 0.0189843 0.000151351
0.38551 0.0163743 0.000153727
0.384537 0.0188112 0.000408422
0.383933 0.0183841 0.000910122
0.383691 0.0196365 0.00137364
0.384551 0.0189669 0.000152444
0.384476 0.0190531 0.00135703
0.384973 0.0159492 0.000153027
0.384718 0.0185669 0.000384781
0.384114 0.0176073 0.000360568
0.384098 0.0188501 0.00119184
0.384545 0.0194202 0.000152446
0.385045 0.0173743 0.000698037
0.385035 0.0210857 0.000153116
0.384772 0.0202231 0.000807152
0.383671 0.0182832 0.000151301
0.385325 0.0170081 0.00015348
0.384387 0.0165562 0.00015223
0.384231 0.0208268 0.00015205
0.384246 0.0213172 0.000152088
0.383713 0.0195261 0.000405419
0.384633 0.0199733 0.00015255
0.383992 0.0202878 0.00155233
0.384483 0.0187432 0.00100059
0.384186 0.021085 0.000765738
0.383776 0.0188306 0.000396501
0.384798 0.0193938 0.00124736
0.38386 0.0208523 0.000151582
0.384491 0.0167411 0.000826766
0.383698 0.0191758 0.000382307
0.384775 0.0177635 0.000333978
0.384311 0.0181618 0.000411136
0.384433 0.0180729 0.000152289
0.38465 0.0160107 0.000152609
0.383254 0.0200098 0.00538195
0.383894 0.018443 0.00061858
0.383721 0.0201648 0.00110894
0.383699 0.0194922 0.000864139
0.385774 0.0165263 0.000154084
0.385379 0.021728 0.000153573
0.38628 0.0159856 0.000154748
0.384848 0.0197614 0.000152852
0.384297 0.0183399 0.000152164
0.384935 0.0213685 0.000152978
0.383124 0.0188914 0.0053278
0.383684 0.0190009 0.00062565
0.384879 0.0194858 0.00532657
0.384411 0.0210667 0.000152303
0.384766 0.0172689 0.000670999
0.384755 0.0205364 0.000152745
0.384609 0.0174633 0.000152565
0.384881 0.0200096 0.000318105
0.383683 0.0186845 0.00015132
0.384162 0.0185702 0.00127856
0.385239 0.0168887 0.00093479
0.384788 0.0175107 0.000494981
0.384247 0.0194577 0.000152149
0.384451 0.0205211 0.000257329
0.384585 0.0196895 0.000278251
0.384989 0.0180879 0.00538114
0.383731 0.0200314 0.000564419
0.384559 0.0213709 0.000152488
0.38375 0.0203316 0.000362374
0.384573 0.0167914 0.000152504
0.3846 0.0205705 0.00124147
0.384776 0.0192293 0.0014972
0.384639 0.0200974 0.000472653
0.383903 0.0177038 0.000549977
0.384494 0.0183088 0.000600776
0.384257 0.0216244 0.000152083
0.384111 0.0181041 0.000151907
0.385046 0.0156469 0.000153133
0.384723 0.0179967 0.000152689
0.384247 0.0178365 0.00015209
0.384318 0.0178481 0.00107352
0.384549 0.0186547 0.000152467
0.384348 0.0198654 0.00534931
0.385094 0.0168168 0.000153198
0.384752 0.0225705 0.000152748
0.384848 0.0172811 0.000152878
0.385244 0.0150807 0.000153389
0.383789 0.0179787 0.000511532
0.384924 0.017576 0.00015296
0.383903 0.0190764 0.00169511
0.383741 0.0199852 0.000151428
0.384918 0.0165741 0.000152936
0.384885 0.017052 0.000501726
0.384186 0.0208278 0.000920195
0.384065 0.0210773 0.00015182
0.384143 0.0171166 0.000665392
0.38461 0.0166839 0.000504771
0.384436 0.0164204 0.000470553
0.384522 0.0198284 0.000536357
0.384329 0.0196006 0.000406404
0.385357 0.0162324 0.000369289
0.384655 0.0177639 0.0006089
0.384445 0.0210826 0.00061393
0.384888 0.0184824 0.000152883
0.384339 0.0202417 0.00015221
0.384024 0.0197277 0.000151798
0.38453 0.0207909 0.000152459
0.384328 0.0191677 0.000152164
0.38394 0.0189665 0.00141837
0.384551 0.0191949 0.000350438
0.385059 0.0170948 0.000261451
0.384487 0.0180145 0.00274646
0.383917 0.0176923 0.000151636
0.384086 0.0206789 0.000369501
0.384017 0.0178156 0.0010481
0.384629 0.0190306 0.000616104
0.384369 0.0196299 0.000702315
0.383973 0.0194558 0.000272738
0.383645 0.018626 0.00149303
0.384214 0.018913 0.000261913
0.383997 0.0183612 0.00149292
0.384354 0.0181276 0.000970878
0.38533 0.0157498 0.000153509
0.384843 0.0197261 0.000750471
0.383882 0.0208933 0.000683803
0.385153 0.0161935 0.000153269
0.384321 0.0175458 0.000152151
0.383893 0.0181982 0.000334512
0.383671 0.0182523 0.000547068
0.383954 0.0200733 0.000368812
0.384054 0.018114 0.000976661
0.384525 0.017627 0.00104162
0.385136 0.0173639 0.000153233
0.384143 0.0188484 0.000895305
0.38543 0.016037 0.000153608
0.384844 0.0162796 0.000152872
0.384041 0.0172809 0.00190693
0.384776 0.0192141 0.000152764
0.384738 0.0211297 0.000152712
0.384242 0.0182841 0.00133722
0.384504 0.0162738 0.000152426
0.384054 0.0212484 0.000551747
0.383685 0.0191839 0.000865309
0.385526 0.0151831 0.00015376
0.38366 0.0192295 0.00180481
0.385015 0.0178821 0.000153096
0.383821 0.0205473 0.00015153
0.38412 0.0173229 0.000881946
0.384887 0.0200695 0.00123921
0.384256 0.0176293 0.0018912
0.384862 0.0154099 0.000152883
0.385449 0.0153171 0.000411083
0.384193 0.0182756 0.000765426
0.384427 0.0184937 0.000374356
0.383698 0.0199058 0.00151214
0.386629 0.0146558 0.000155208
0.384999 0.0169458 0.00110529
0.384194 0.0171429 0.000151997
0.384035 0.0174071 0.000151806
0.38332 0.0173706 0.00557046
0.384223 0.0204655 0.000629471
0.384664 0.0172593 0.000389035
0.385646 0.0158289 0.000153922
0.383727 0.0196849 0.000151352
0.3857 0.021905 0.000153988
0.384618 0.0165645 0.00145456
0.385127 0.0228833 0.000153241
0.383949 0.0181281 0.00240398
0.383656 0.0184144 0.000799005
0.384597 0.0209853 0.000374465
0.384953 0.0181895 0.000152997
0.383829 0.0200711 0.0008451
0.383916 0.0184112 0.0012084
0.384273 0.019306 0.000412651
0.384484 0.019293 0.000625763
0.38406 0.0180981 0.000562722
0.384879 0.0199991 0.000623713
0.383654 0.0183016 0.00107693
0.383711 0.0198085 0.000929167
0.38404 0.0189192 0.000506692
0.384001 0.0186247 0.000370593
0.384096 0.0172042 0.00115637
0.383741 0.0183921 0.00165466
0.384151 0.0200078 0.00015195
0.385432 0.0161542 0.000989522
0.384428 0.0203105 0.000470819
0.384913 0.0202579 0.00015296
0.383737 0.0184819 0.000365851
0.383957 0.0202802 0.000151675
0.383783 0.0193331 0.000624132
0.385412 0.0164235 0.000858941
0.38467 0.0164801 0.000293118
0.384905 0.0176363 0.000740984
0.384543 0.0200376 0.000750395
0.384545 0.0186057 0.000626695
0.384193 0.0193871 0.000690072
0.384375 0.0173074 0.000326281
0.38537 0.01646 0.000564229
0.384684 0.0185515 0.00088703
0.384512 0.0192613 0.00114396
0.384596 0.0183584 0.000152544
0.385398 0.0225749 0.000153598
0.384025 0.0202205 0.000650776
0.384327 0.0195171 0.00122563
0.383991 0.0192075 0.00044013
0.384151 0.0198417 0.000401759
0.384958 0.0208348 0.000422104
0.384423 0.0171198 0.000557588
0.384522 0.019111 0.000884531
0.383977 0.0190641 0.00102036
0.383966 0.0196713 0.000809053
0.38395 0.019828 0.00165544
0.383797 0.0179801 0.000151501
0.384563 0.0188283 0.00157817
0.384475 0.0218465 0.000152389
0.384163 0.0191242 0.00129591
0.385538 0.0156727 0.000386233
0.384176 0.0214768 0.000400124
0.384831 0.0186975 0.00532561
0.385267 0.0171383 0.00109888
0.384787 0.0192974 0.000505741
0.38433 0.0176614 0.000767772
0.385268 0.016555 0.000153424
0.384939 0.0184041 0.00534929
0.384322 0.0197606 0.000152189
0.383571 0.0172133 0.00561819
0.384826 0.0208361 0.000152846
0.384044 0.0195926 0.00053011
0.38395 0.0188232 0.000151695
0.383663 0.0186957 0.000903132
0.384573 0.0197663 0.000874862
0.385544 0.0167736 0.000153767
0.384595 0.019582 0.00533062
0.384024 0.0205359 0.000842431
0.38367 0.0189533 0.00105653
0.384818 0.0186586 0.00147415
0.383998 0.0199217 0.000646966
0.384642 0.0189702 0.00112081
0.38481 0.0191135 0.00529749
0.384823 0.0187753 0.000152842
0.38409 0.0172602 0.000407502
0.383893 0.0187963 0.000737554
0.384172 0.0204908 0.000151977
0.384026 0.0191217 0.000151801
0.384719 0.0171784 0.00107383
0.385052 0.0152442 0.000315822
0.38395 0.017571 0.000875895
0.384535 0.0161709 0.000650912
0.385599 0.0221878 0.000153859
0.383811 0.0178426 0.00161927
0.383838 0.0178409 0.000808748
0.384476 0.0215097 0.000620337
0.385095 0.016411 0.000351609
0.384262 0.0187182 0.000485343
0.385097 0.016661 0.000517353
0.383754 0.018022 0.00103251
0.384775 0.0192142 0.0010082
0.384508 0.0179213 0.000400083
0.384677 0.0161954 0.000387484
0.385716 0.0161397 0.000154
0.384529 0.0178663 0.000860686
0.384411 0.0173697 0.000937237
0.384436 0.0188994 0.00195554
0.384842 0.0197206 0.00105042
0.384666 0.0161567 0.00119108
0.384092 0.0185415 0.00171312
0.384918 0.0157761 0.000391963
0.383842 0.0181377 0.000765364
0.384605 0.0182623 0.000875876
0.385655 0.0216386 0.000284568
0.383739 0.020307 0.000682713
0.38521 0.0159527 0.000338916
0.384589 0.018732 0.00129524
0.384491 0.020832 0.000771988
0.384377 0.0184969 0.000850318
0.384621 0.0195454 0.000538909
0.384733 0.0157222 0.000152726
0.383735 0.017985 0.00208505
0.385022 0.0216963 0.000153099
0.384745 0.0163155 0.000901108
0.383948 0.0191036 0.000724404
0.384351 0.0190302 0.000501337
0.386859 0.0143646 0.000155509
0.384659 0.0181802 0.000385457
0.384489 0.0175878 0.000397336
0.384738 0.0156819 0.000629432
0.383933 0.0210114 0.000413001
0.383647 0.0183513 0.00137266
0.385584 0.0148202 0.000153839
0.384377 0.0207848 0.000410525
0.383792 0.0191593 0.00123687
0.384157 0.0170002 0.00201119
0.384721 0.0184144 0.00115105
0.384131 0.0178979 0.000783292
0.383714 0.0197009 0.000649205
0.384395 0.0188433 0.000731806
0.38424 0.0198735 0.000820489
0.38381 0.0177918 0.00230184
0.384126 0.0189265 0.00209485
0.386429 0.0149011 0.000154946
0.385203 0.0208574 0.000250378
0.38389 0.0186843 0.00132981
0.383947 0.0205273 0.00174167
0.385546 0.0154832 0.000153789
0.38462 0.0169626 0.000394334
0.384167 0.0184102 0.000498595
0.385196 0.0171995 0.000506924
0.384756 0.021196 0.000517415
0.385094 0.0153241 0.000601866
0.384669 0.0180592 0.000659772
0.384625 0.0202781 0.000233595
0.384537 0.017125 0.000152451
0.384917 0.0208989 0.000865326
0.385078 0.0174871 0.000420584
0.384798 0.0179771 0.00136367
0.383713 0.0193667 0.000151366
0.384216 0.0196105 0.000962826
0.384713 0.0188539 0.000843535
0.384927 0.0181464 0.00165981
0.386381 0.0146096 0.000318385
0.38394 0.0192353 0.0019469
0.384625 0.0159358 0.000992226
0.385064 0.0175996 0.000993079
0.384494 0.0216011 0.000335211
0.385037 0.0177713 0.000507708
0.3853 0.0222761 0.000153469
0.384149 0.0174215 0.00135623
0.384617 0.0182388 0.00194652
0.384826 0.0197463 0.000451635
0.384914 0.0180218 0.000398527
0.384413 0.0212931 0.000402576
0.384506 0.0182147 0.00121417
0.384725 0.0216588 0.000152703
0.384369 0.0174106 0.000607919
0.38428 0.0200715 0.000598741
0.383988 0.0176438 0.00175769
0.383998 0.0197803 0.00134191
0.383857 0.020298 0.0054184
0.385054 0.0166358 0.000813162
0.38373 0.0204677 0.00125555
0.384563 0.0178209 0.00230769
0.386866 0.0148392 0.000155518
0.383381 0.0176617 0.00548218
0.384252 0.0191334 0.00191776
0.385573 0.01657 0.000372242
0.383787 0.0207066 0.000403552
0.384609 0.0175087 0.000759445
0.384933 0.0204689 0.000383945
0.384733 0.0182194 0.00546594
0.383855 0.0185733 0.00223043
0.384397 0.0170364 0.00148027
0.385459 0.0212864 0.000705399
0.384994 0.0178984 0.00115068
0.38524 0.0171571 0.000800754
0.385185 0.0218143 0.000376398
0.384784 0.0177663 0.000982415
0.38364 0.0186561 0.00179143
0.383676 0.0194644 0.00161886
0.38472 0.0179296 0.0016495
0.384075 0.017468 0.0006233
0.384683 0.0206986 0.000394728
0.384346 0.0182258 0.00163136
0.384045 0.0194136 0.00122231
0.384942 0.0181845 0.000670843
0.385081 0.0169122 0.0006807
0.384906 0.017765 0.00182702
0.384925 0.0182029 0.00121222
0.384521 0.0212905 0.000819952
0.384024 0.0178751 0.00254701
0.384255 0.0178169 0.000522395
0.38365 0.0185829 0.00118081
0.384869 0.0185034 0.000656458
0.384244 0.0191027 0.000771965
0.385361 0.0169598 0.000583119
0.383039 0.0194119 0.00532808
0.384624 0.0219835 0.000397532
0.384312 0.021744 0.000526527
0.384393 0.0199668 0.00139257
0.384135 0.018057 0.00150129
0.384209 0.0192533 0.00102905
0.385583 0.0215069 0.000544404
0.3849 0.0183466 0.000919818
0.384696 0.0168831 0.000993955
0.384842 0.0174083 0.000925383
0.38437 0.018048 0.000682095
0.384726 0.0194065 0.000783312
0.384595 0.0195564 0.00109803
0.383915 0.0187913 0.00247029
0.384809 0.0180651 0.0009724
0.384759 0.0166249 0.000758371
0.38457 0.0195539 0.00139696
0.384812 0.0194879 0.000270971
0.383949 0.0181169 0.00125743
0.387471 0.0142302 0.000156312
0.383957 0.0192622 0.00146572
0.38491 0.0174139 0.00143372
0.383667 0.0194855 0.00196226
0.384424 0.0200026 0.00102381
0.384149 0.0183884 0.00211817
0.384812 0.0187247 0.00109542
0.386065 0.0154032 0.000154471
0.386193 0.0143552 0.000154638
0.383699 0.0176998 0.00541618
0.385317 0.0167763 0.000349831
0.383991 0.0202703 0.00100011
0.384237 0.0210498 0.000396281
0.384849 0.0197807 0.00135104
0.384436 0.0185036 0.00117495
0.385071 0.0160507 0.000949034
0.384695 0.0169086 0.000684328
0.383966 0.0193571 0.000883771
0.384118 0.0200207 0.00149836
0.385264 0.0153801 0.000153416
0.383737 0.0204241 0.000958864
0.384861 0.0184139 0.00194443
0.386766 0.015446 0.000155387
0.385858 0.0226585 0.000154201
0.384766 0.0190105 0.00170221
0.383821 0.0178459 0.00127299
0.384651 0.0159021 0.000445211
0.384565 0.0185985 0.00191383
0.384324 0.0166934 0.000411434
0.383757 0.0206257 0.000737839
0.383855 0.019792 0.000400755
0.384205 0.0169816 0.000404742
0.384361 0.0205804 0.000869949
0.383746 0.019886 0.00121672
0.384429 0.0194093 0.000896617
0.384264 0.019701 0.00145437
0.384095 0.0174973 0.0021073
0.385857 0.0164151 0.0004202
0.384476 0.0180157 0.00180136
0.385929 0.0159283 0.000154292
0.384496 0.0205858 0.000600607
0.385166 0.0162179 0.00059981
0.385075 0.017798 0.00544926
0.38572 0.0150135 0.000338607
0.383213 0.0181509 0.00539471
0.384967 0.0175102 0.00551503
0.384374 0.0179764 0.0013389
0.383646 0.0190753 0.00206173
0.385042 0.0176622 0.0013292
0.385021 0.0165207 0.00108821
0.385371 0.0167037 0.000739116
0.383687 0.0194289 0.00115716
0.384251 0.0201935 0.000871183
0.383684 0.0197313 0.00175567
0.38455 0.0171259 0.000831624
0.384584 0.0170831 0.00171293
0.38372 0.0180696 0.00144552
0.386417 0.01582 0.000363826
0.384279 0.0170098 0.00091083
0.384166 0.0208226 0.000620873
0.384899 0.0171406 0.00131051
0.384594 0.0192248 0.00196802
0.383935 0.020485 0.000541437
0.383917 0.0176056 0.00146882
0.384504 0.0162026 0.00143974
0.385292 0.0215754 0.000523094
0.38425 0.0176577 0.00547389
0.383949 0.0175526 0.00117531
0.384669 0.0204589 0.000971712
0.384166 0.0170024 0.00171134
0.385647 0.0166177 0.000658815
0.385019 0.0171532 0.00158514
0.38506 0.0206124 0.000153117
0.384648 0.0198871 0.0053544
0.384837 0.0161774 0.000650951
0.384841 0.0204148 0.00132889
0.385258 0.0150732 0.000589044
0.386134 0.0146524 0.000154555
0.384707 0.0203768 0.000557861
0.384197 0.0183694 0.00105318
0.38473 0.0199934 0.000995412
0.383887 0.0186074 0.00270567
0.385739 0.0163339 0.000692502
0.383846 0.0188982 0.00219882
0.385052 0.0212564 0.000405508
0.38402 0.0203931 0.00127286
0.383709 0.0203577 0.00183983
0.383658 0.0188889 0.00134928
0.385055 0.0175679 0.00164622
0.383725 0.0204504 0.00155498
0.385044 0.0173359 0.0011347
0.384113 0.0178101 0.00133236
0.385523 0.0228912 0.000153762
0.384676 0.0184108 0.00170797
0.38468 0.0184119 0.00249347
0.383746 0.0201848 0.0014072
0.387204 0.0148301 0.000155962
0.384504 0.0175641 0.00173547
0.384332 0.0166 0.00184827
0.385828 0.0155866 0.000154149
0.384164 0.0193449 0.00211334
0.383369 0.0195028 0.00532697
0.383938 0.0182989 0.00192469
0.384344 0.0187078 0.0017439
0.384396 0.0171483 0.00114928
0.383999 0.0189293 0.00272315
0.384266 0.0202305 0.00132665
0.3849 0.0166582 0.00149163
0.384888 0.0170644 0.000852946
0.384479 0.0190936 0.00172411
0.383669 0.018646 0.000607385
0.384771 0.0178727 0.00542901
0.384931 0.022263 0.000152985
0.384797 0.0187194 0.00176721
0.386147 0.0150932 0.000154578
0.384624 0.0202233 0.00115647
0.385255 0.0168217 0.00155109
0.383651 0.0189206 0.00164752
0.384246 0.019817 0.0011783
0.383807 0.0188801 0.0019006
0.383792 0.0182626 0.00218403
0.384048 0.0208153 0.00125459
0.384969 0.0176451 0.00238423
0.387104 0.0145422 0.000155832
0.386232 0.0159969 0.00059749
0.384217 0.0195937 0.00532718
0.383994 0.0211105 0.00125289
0.385104 0.0206664 0.000895276
0.38496 0.0179367 0.00223072
0.384343 0.018993 0.00109484
0.384322 0.0185049 0.00152398
0.386034 0.022905 0.00015443
0.383868 0.0176773 0.00203057
0.384483 0.017607 0.00250224
0.384531 0.0199906 0.00176924
0.384121 0.0193085 0.00171234
0.383912 0.0209584 0.00097505
0.384314 0.0188017 0.00139433
0.384591 0.019835 0.00120893
0.384228 0.0190275 0.00157233
0.383202 0.018445 0.00533644
0.383637 0.0184321 0.00199093
0.383738 0.0179125 0.00294812
0.384185 0.0214885 0.000699758
0.383807 0.020716 0.0014052
0.386911 0.0151799 0.000155576
0.386408 0.015065 0.000405325
0.384451 0.0178152 0.00157959
0.38435 0.0176327 0.00128535
0.384168 0.0205883 0.0011
0.385734 0.0154078 0.000376257
0.384883 0.0183661 0.00146038
0.385479 0.0159546 0.000470381
0.38423 0.019528 0.00188516
0.384297 0.0173727 0.00229138
0.384348 0.0181508 0.00562127
0.38524 0.017303 0.00556575
0.382937 0.0180212 0.00543459
0.38453 0.0193759 0.00163526
0.386531 0.0156374 0.000155081
0.384871 0.0228087 0.000290478
0.38485 0.0154724 0.000446023
0.383939 0.0186649 0.00101563
0.384409 0.0183504 0.0022627
0.384797 0.0206164 0.000714676
0.386778 0.0150241 0.00037485
0.38398 0.0200931 0.00124189
0.384201 0.0178784 0.00173287
0.383926 0.0185279 0.00532817
0.385314 0.0171075 0.00162033
0.384609 0.0210502 0.000976344
0.384554 0.0222108 0.000580314
0.384236 0.018658 0.00201956
0.383635 0.0187172 0.00208506
0.384388 0.0164943 0.00124081
0.384209 0.0175724 0.00102744
0.384258 0.0168391 0.000665094
0.384507 0.0203676 0.001442
0.385377 0.0167118 0.00113382
0.384331 0.0211661 0.00101562
0.384493 0.0203332 0.000763495
0.384298 0.0167226 0.00105525
0.384023 0.0180845 0.00211653
0.384803 0.0175485 0.00118774
0.384039 0.0203361 0.00195386
0.387127 0.015063 0.000328428
0.385347 0.0157253 0.000611337
0.385074 0.0159194 0.000604629
0.384511 0.0164494 0.000759569
0.385145 0.0166682 0.00131805
0.38325 0.0191636 0.00532737
0.384463 0.0183038 0.00267059
0.38362 0.0186039 0.00300686
0.384884 0.0211341 0.001062
0.384971 0.0161385 0.000385737
0.386141 0.0157159 0.00015457
0.383814 0.0201548 0.00203452
0.384508 0.0170785 0.0020857
0.384881 0.0169203 0.00208887
0.384517 0.0193915 0.00220541
0.385773 0.023057 0.000154089
0.383869 0.0206738 0.00105937
0.384641 0.0172084 0.00144621
0.384743 0.0208963 0.000621158
0.38453 0.0186008 0.00532954
0.383955 0.0198191 0.00195525
0.384694 0.0184133 0.00219383
0.385395 0.0220027 0.000273123
0.383678 0.0181819 0.00278175
0.384131 0.0178049 0.00209953
0.384821 0.019896 0.00202138
0.384633 0.0165651 0.00102394
0.385921 0.0148895 0.000154282
0.384504 0.0183956 0.00554681
0.384577 0.0177695 0.00194164
0.383648 0.0182102 0.00307883
0.383677 0.0197884 0.00206505
0.384522 0.0187238 0.00218295
0.384046 0.0183165 0.00273333
0.384372 0.0203687 0.00108225
0.384786 0.0173118 0.00168718
0.384605 0.0181671 0.00149334
0.383625 0.0187471 0.00274328
0.384015 0.0173646 0.00161831
0.385456 0.0161931 0.000670762
0.385262 0.0210524 0.000470858
0.383667 0.0191857 0.00150811
0.384274 0.0167486 0.00159407
0.38483 0.0167196 0.00120656
0.384533 0.0173131 0.00189845
0.385647 0.0162013 0.000439508
0.384242 0.018415 0.00534044
0.384489 0.0191119 0.00249392
0.384938 0.0179773 0.00565533
0.384948 0.0161507 0.0012924
0.385449 0.0212776 0.000405706
0.384746 0.0172599 0.00210204
0.383805 0.0196349 0.00532559
0.383814 0.0197678 0.00249218
0.384944 0.0180404 0.00193993
0.385606 0.0166352 0.000955414
0.383971 0.0177367 0.00285403
0.385192 0.0162438 0.00114469
0.384756 0.0214603 0.000375486
0.385172 0.0165033 0.00156716
0.383628 0.0189798 0.002554
0.384791 0.0181638 0.00232966
0.384472 0.0178546 0.00543031
0.384614 0.0180098 0.00564434
0.383621 0.0184463 0.00326209
0.383903 0.0181403 0.00167255
0.385312 0.0159607 0.000793914
0.384101 0.017097 0.00247204
0.384266 0.0167363 0.00210738
0.384767 0.0189866 0.00256239
0.384886 0.0201235 0.0018367
0.384616 0.0198241 0.00153446
0.383892 0.0196399 0.00109816
0.384914 0.0181049 0.00259674
0.386613 0.0151442 0.000155184
0.385753 0.0155862 0.000616693
0.38486 0.0158885 0.00081168
0.384751 0.0175194 0.00190077
0.384998 0.0179166 0.000793309
0.384328 0.018424 0.00185592
0.384336 0.0200476 0.00199016
0.38478 0.0186808 0.00238417
0.384804 0.0169478 0.00154697
0.384409 0.019106 0.00217191
0.384082 0.0206739 0.00151773
0.384663 0.0169581 0.00128255
0.385823 0.0152265 0.000154149
0.3846 0.0184585 0.00142187
0.383631 0.0187322 0.00238463
0.384301 0.0201665 0.00539226
0.385114 0.016337 0.00087019
0.384051 0.0194897 0.00235051
0.384861 0.0217998 0.000383752
0.383897 0.0185959 0.0019343
0.384743 0.0176144 0.00218518
0.384487 0.0188968 0.0053064
0.384147 0.0196737 0.00213384
0.386604 0.0156105 0.000469852
0.385474 0.0214383 0.000153686
0.386618 0.0151004 0.000616481
0.384627 0.0177255 0.00135342
0.384225 0.0174682 0.00256666
0.385831 0.0157694 0.00039198
0.384094 0.0180692 0.00307343
0.384826 0.0182856 0.00281952
0.386352 0.0229097 0.000154848
0.384117 0.0171377 0.00144814
0.384434 0.0167731 0.00134138
0.38397 0.0195535 0.00153626
0.384162 0.01907 0.00251421
0.383788 0.0189119 0.0029359
0.385 0.0173907 0.00200819
0.384598 0.0179379 0.00114356
0.383874 0.0176195 0.00259544
0.383667 0.018166 0.00185578
0.385628 0.0166118 0.00127396
0.384192 0.0187458 0.00258332
0.385546 0.0167537 0.00152514
0.383648 0.0194165 0.00253476
0.384426 0.0196666 0.00170487
0.38455 0.0173936 0.00122834
0.383661 0.0181558 0.00248337
0.384859 0.0212679 0.000789758
0.383897 0.0187505 0.00162231
0.384897 0.0206037 0.00110264
0.384696 0.0179009 0.00256428
0.384994 0.0178544 0.0015545
0.384658 0.0201027 0.0014304
0.384462 0.0175344 0.00208817
0.38687 0.0153304 0.000411846
0.384285 0.0172778 0.00173285
0.38413 0.0186694 0.00229996
0.385212 0.0168268 0.0019467
0.384966 0.0198194 0.00535289
0.384414 0.0174079 0.00149562
0.384792 0.0193492 0.00177997
0.383618 0.0190279 0.0031538
0.383718 0.0200675 0.00176408
0.384006 0.0191419 0.00226802
0.384038 0.0212309 0.000981606
0.38393 0.0184187 0.00247634
0.385425 0.0149662 0.000363531
0.384756 0.0167529 0.00187326
0.383942 0.0179239 0.00187656
0.384519 0.0181131 0.00244564
0.3849 0.0202279 0.00155584
0.385207 0.0172487 0.00137123
0.384594 0.0173933 0.00232353
0.3839 0.0199024 0.0022383
0.386494 0.0143788 0.000155034
0.38424 0.0181128 0.00233349
0.384221 0.0180924 0.00263211
0.384214 0.0180124 0.00539104
0.383974 0.0173991 0.00241788
0.384962 0.0220872 0.000394124
0.384863 0.0170545 0.00182116
0.386081 0.0160997 0.000348213
0.385323 0.0162978 0.00140906
0.384204 0.0169379 0.00124218
0.384297 0.0169825 0.00227596
0.385097 0.0225492 0.000153204
0.38429 0.0193072 0.00238279
0.384245 0.0199032 0.00174318
0.384654 0.0207558 0.00101201
0.384245 0.0177202 0.00272834
0.384287 0.0193398 0.00146426
0.384407 0.018077 0.00208693
0.384011 0.0199018 0.00101285
0.384785 0.0164259 0.00124779
0.38447 0.0163077 0.0010208
0.384548 0.0221389 0.000152478
0.384658 0.0189824 0.00228289
0.384191 0.0181427 0.00187433
0.385954 0.0162471 0.000901127
0.385074 0.0206226 0.000600053
0.383975 0.0210677 0.00154922
0.385453 0.0232291 0.000153669
0.386009 0.0162353 0.000606435
0.384424 0.0199401 0.00225607
0.383505 0.0180521 0.00554354
0.384815 0.0219863 0.000152833
0.386187 0.0148677 0.000356566
0.385195 0.0214745 0.000257786
0.383662 0.0195984 0.00229669
0.384764 0.0165022 0.00170878
0.385172 0.017367 0.00225258
0.38512 0.0220038 0.000153227
0.386302 0.0155438 0.000340296
0.383643 0.0191889 0.00233939
0.384828 0.0196223 0.00189871
0.384328 0.0206365 0.00134948
0.384843 0.0154238 0.000741956
0.386124 0.0157575 0.000452567
0.384781 0.0188439 0.00282588
0.38502 0.0176784 0.00209055
0.384567 0.0167917 0.00164384
0.384884 0.0156278 0.000958078
0.383979 0.0180315 0.00279906
0.383757 0.0178468 0.00324024
0.383935 0.0195121 0.00183134
0.383762 0.0191583 0.00275411
0.385 0.0210596 0.000625893
0.384858 0.0198527 0.00170899
0.385137 0.0154722 0.000859247
0.384092 0.0201157 0.00215025
0.386355 0.0153139 0.000154845
0.385231 0.0155759 0.000378312
0.383826 0.0184045 0.00291794
0.383986 0.0173508 0.00271369
0.386541 0.0235361 0.000155095
0.384907 0.0172703 0.00235516
0.386549 0.0153286 0.000382975
0.38505 0.0156206 0.000613277
0.383911 0.0192733 0.00252014
0.384534 0.0198102 0.00200894
0.383626 0.0184561 0.00267067
0.38568 0.0163358 0.00098676
0.384212 0.0176363 0.00155594
0.386869 0.0146018 0.000338848
0.384803 0.0167204 0.00577573
0.384819 0.0195571 0.00156366
0.384361 0.0187823 0.00296993
0.384383 0.0185825 0.00274725
0.384115 0.0176578 0.00236047
0.384288 0.0182158 0.00289717
0.384594 0.0187465 0.0026106
0.384745 0.0192596 0.00235826
0.38481 0.0185665 0.00271529
0.384212 0.0187682 0.00531307
0.384798 0.0194011 0.00209915
0.384892 0.0215985 0.000603932
0.384328 0.020322 0.00186659
0.384891 0.015881 0.00111868
0.385944 0.0221456 0.000154312
0.385176 0.0173249 0.00177477
0.383482 0.018284 0.0053546
0.383745 0.0179195 0.00264829
0.384225 0.0183693 0.00249838
0.384786 0.0162783 0.0015102
0.384773 0.0189492 0.00138979
0.384548 0.0195196 0.00193595
0.384695 0.017994 0.00210142
0.383868 0.0208201 0.00167999
0.38406 0.0172135 0.0021986
0.384635 0.0202611 0.00169158
0.383906 0.0186704 0.00306942
0.386566 0.014067 0.000155128
0.383807 0.020696 0.00194646
0.384313 0.0178551 0.00246911
0.384619 0.0175971 0.0054915
0.384913 0.0203074 0.0010582
0.384977 0.0178137 0.00263223
0.385822 0.0160023 0.000580835
0.384402 0.0168999 0.00186948
0.383714 0.0181198 0.00335708
0.383631 0.0184325 0.00237165
0.385122 0.0212717 0.000940812
0.385444 0.0164064 0.00115681
0.385667 0.0160511 0.000832965
0.384405 0.0185994 0.00242993
0.385371 0.0154334 0.000676325
0.384274 0.0204606 0.0016062
0.384637 0.0223605 0.000333972
0.386182 0.0152683 0.000395711
0.384408 0.0164246 0.00161721
0.384784 0.0174699 0.00254279
0.38545 0.0168895 0.0017749
0.384016 0.0200932 0.0017793
0.384385 0.0189356 0.0027132
0.384801 0.0186719 0.00208505
0.383827 0.0193721 0.00218904
0.384353 0.0201712 0.00160844
0.385102 0.0213936 0.000667439
0.384729 0.0189484 0.00199334
0.385011 0.0168111 0.00172513
0.385339 0.0210738 0.000880059
0.38412 0.0185615 0.00288964
0.385216 0.0208662 0.0007017
0.386032 0.0144777 0.000376233
0.38454 0.0218801 0.000666328
0.384394 0.0208401 0.00113545
0.384334 0.0188817 0.00235676

VERTICES 873 1746
1 0
1 1
1 2
1 3
1 4
1 5
1 6
1 7
1 8
1 9
1 10
1 11
1 12
1 13
1 14
1 15
1 16
1 17
1 18
1 19
1 20
1 21
1 22
1 23
1 24
1 25
1 26
1 27
1 28
1 29
1 30
1 31
1 32
1 33
1 34
1 35
1 36
1 37
1 38
1 39
1 40
1 41
1 42
1 43
1 44
1 45
1 46
1 47
1 48
1 49
1 50
1 51
1 52
1 53
1 54
1 55
1 56
1 57
1 58
1 59
1 60
1 61
1 62
1 63
1 64
1 65
1 66
1 67
1 68
1 69
1 70
1 71
1 72
1 73
1 74
1 75
1 76
1 77
1 78
1 79
1 80
1 81
1 82
1 83
1 84
1 85
1 86
1 87
1 88
1 89
1 90
1 91
1 92
1 93
1 94
1 95
1 96
1 97
1 98
1 99
1 100
1 101
1 102
1 103
1 104
1 105
1 106
1 107
1 108
1 109
1 110
1 111
1 112
1 113
1 114
1 115
1 116
1 117
1 118
1 119
1 120
1 121
1 122
1 123
1 124
1 125
1 126
1 127
1 128
1 129
1 130
1 131
1 132
1 133
1 134
1 135
1 136
1 137
1 138
1 139
1 140
1 141
1 142
1 143
1 144
1 145
1 146
1 147
1 148
1 149
1 150
1 151
1 152
1 153
1 154
1 155
1 156
1 157
1 158
1 159
1 160
1 161
1 162
1 163
1 164
1 165
1 166
1 167
1 168
1 169
1 170
1 171
1 172
1 173
1 174
1 175
1 176
1 177
1 178
1 179
1 180
1 181
1 182
1 183
1 184
1 185
1 186
1 187
1 188
1 189
1 190
1 191
1 192
1 193
1 194
1 195
1 196
1 197
1 198
1 199
1 200
1 201
1 202
1 203
1 204
1 205
1 206
1 207
1 208
1 209
1 210
1 211
1 212
1 213
1 214
1 215
1 216
1 217
1 218
1 219
1 220
1 221
1 222
1 223
1 224
1 225
1 226
1 227
1 228
1 229
1 230
1 231
1 232
1 233
1 234
1 235
1 236
1 237
1 238
1 239
1 240
1 241
1 242
1 243
1 244
1 245
1 246
1 247
1 248
1 249
1 250
1 251
1 252
1 253
1 254
1 255
1 256
1 257
1 258
1 259
1 260
1 261
1 262
1 263
1 264
1 265
1 266
1 267
1 268
1 269
1 270
1 271
1 272
1 273
1 274
1 275
1 276
1 277
1 278
1 279
1 280
1 281
1 282
1 283
1 284
1 285
1 286
1 287
1 288
1 289
1 290
1 291
1 292
1 293
1 294
1 295
1 296
1 297
1 298
1 299
1 300
1 301
1 302
1 303
1 304
1 305
1 306
1 307
1 308
1 309
1 310
1 311
1 312
1 313
1 314
1 315
1 316
1 317
1 318
1 319
1 320
1 321
1 322
1 323
1 324
1 325
1 326
1 327
1 328
1 329
1 330
1 331
1 332
1 333
1 334
1 335
1 336
1 337
1 338
1 339
1 340
1 341
1 342
1 343
1 344
1 345
1 346
1 347
1 348
1 349
1 350
1 351
1 352
1 353
1 354
1 355
1 356
1 357
1 358
1 359
1 360
1 361
1 362
1 363
1 364
1 365
1 366
1 367
1 368
1 369
1 370
1 371
1 372
1 373
1 374
1 375
1 376
1 377
1 378
1 379
1 380
1 381
1 382
1 383
1 384
1 385
1 386
1 387
1 388
1 389
1 390
1 391
1 392
1 393
1 394
1 395
1 396
1 397
1 398
1 399
1 400
1 401
1 402
1 403
1 404
1 405
1 406
1 407
1 408
1 409
1 410
1 411
1 412
1 413
1 414
1 415
1 416
1 417
1 418
1 419
1 420
1 421
1 422
1 423
1 424
1 425
1 426
1 427
1 428
1 429
1 430
1 431
1 432
1 433
1 434
1 435
1 436
1 437
1 438
1 439
1 440
1 441
1 442
1 443
1 444
1 445
1 446
1 447
1 448
1 449
1 450
1 451
1 452
1 453
1 454
1 455
1 456
1 457
1 458
1 459
1 460
1 461
1 462
1 463
1 464
1 465
1 466
1 467
1 468
1 469
1 470
1 471
1 472
1 473
1 474
1 475
1 476
1 477
1 478
1 479
1 480
1 481
1 482
1 483
1 484
1 485
1 486
1 487
1 488
1 489
1 490
1 491
1 492
1 493
1 494
1 495
1 496
1 497
1 498
1 499
1 500
1 501
1 502
1 503
1 504
1 505
1 506
1 507
1 508
1 509
1 510
1 511
1 512
1 513
1 514
1 515
1 516
1 517
1 518
1 519
1 520
1 521
1 522
1 523
1 524
1 525
1 526
1 527
1 528
1 529
1 530
1 531
1 532
1 533
1 534
1 535
1 536
1 537
1 538
1 539
1 540
1 541
1 542
1 543
1 544
1 545
1 546
1 547
1 548
1 549
1 550
1 551
1 552
1 553
1 554
1 555
1 556
1 557
1 558
1 559
1 560
1 561
1 562
1 563
1 564
1 565
1 566
1 567
1 568
1 569
1 570
1 571
1 572
1 573
1 574
1 575
1 576
1 577
1 578
1 579
1 580
1 581
1 582
1 583
1 584
1 585
1 586
1 587
1 588
1 589
1 590
1 591
1 592
1 593
1 594
1 595
1 596
1 597
1 598
1 599
1 600
1 601
1 602
1 603
1 604
1 605
1 606
1 607
1 608
1 609
1 610
1 611
1 612
1 613
1 614
1 615
1 616
1 617
1 618
1 619
1 620
1 621
1 622
1 623
1 624
1 625
1 626
1 627
1 628
1 629
1 630
1 631
1 632
1 633
1 634
1 635
1 636
1 637
1 638
1 639
1 640
1 641
1 642
1 643
1 644
1 645
1 646
1 647
1 648
1 649
1 650
1 651
1 652
1 653
1 654
1 655
1 656
1 657
1 658
1 659
1 660
1 661
1 662
1 663
1 664
1 665
1 666
1 667
1 668
1 669
1 670
1 671
1 672
1 673
1 674
1 675
1 676
1 677
1 678
1 679
1 680
1 681
1 682
1 683
1 684
1 685
1 686
1 687
1 688
1 689
1 690
1 691
1 692
1 693
1 694
1 695
1 696
1 697
1 698
1 699
1 700
1 701
1 702
1 703
1 704
1 705
1 706
1 707
1 708
1 709
1 710
1 711
1 712
1 713
1 714
1 715
1 716
1 717
1 718
1 719
1 720
1 721
1 722
1 723
1 724
1 725
1 726
1 727
1 728
1 729
1 730
1 731
1 732
1 733
1 734
1 735
1 736
1 737
1 738
1 739
1 740
1 741
1 742
1 743
1 744
1 745
1 746
1 747
1 748
1 749
1 750
1 751
1 752
1 753
1 754
1 755
1 756
1 757
1 758
1 759
1 760
1 761
1 762
1 763
1 764
1 765
1 766
1 767
1 768
1 769
1 770
1 771
1 772
1 773
1 774
1 775
1 776
1 777
1 778
1 779
1 780
1 781
1 782
1 783
1 784
1 785
1 786
1 787
1 788
1 789
1 790
1 791
1 792
1 793
1 794
1 795
1 796
1 797
1 798
1 799
1 800
1 801
1 802
1 803
1 804
1 805
1 806
1 807
1 808
1 809
1 810
1 811
1 812
1 813
1 814
1 815
1 816
1 817
1 818
1 819
1 820
1 821
1 822
1 823
1 824
1 825
1 826
1 827
1 828
1 829
1 830
1 831
1 832
1 833
1 834
1 835
1 836
1 837
1 838
1 839
1 840
1 841
1 842
1 843
1 844
1 845
1 846
1 847
1 848
1 849
1 850
1 851
1 852
1 853
1 854
1 855
1 856
1 857
1 858
1 859
1 860
1 861
1 862
1 863
1 864
1 865
1 866
1 867
1 868
1 869
1 870
1 871
1 872

POINT_DATA 873
SCALARS id int 1
LOOKUP_TABLE default
1
2
3
4
5
6
7
8
9
10
11
12
13
14
15
16
17
18
19
20
21
22
23
24
25
26
27
28
29
30
32
33
34
35
36
37
39
40
41
42
43
44
45
46
47
48
49
50
51
52
53
54
56
57
58
59
60
61
62
63
64
65
67
68
69
70
71
72
73
74
75
76
77
78
79
80
81
82
83
84
85
86
87
88
89
90
91
92
93
94
95
96
97
98
99
100
101
102
103
104
105
106
107
108
109
110
111
112
113
114
115
116
117
118
119
120
121
122
123
124
125
126
127
129
130
131
132
133
134
135
136
137
138
139
140
141
142
143
144
145
146
147
148
149
150
151
153
154
155
156
157
158
159
160
161
162
163
164
165
166
167
168
169
170
171
172
173
174
175
176
177
178
179
180
181
182
183
184
185
186
187
188
189
190
191
192
193
194
195
196
197
198
199
200
201
202
203
204
205
206
208
209
210
211
212
213
214
215
217
218
219
220
221
222
223
225
226
227
228
229
230
231
232
233
234
235
236
237
238
239
240
241
242
243
244
245
246
247
248
249
250
251
252
253
254
255
256
257
258
259
260
261
262
263
264
265
266
267
268
269
270
271
273
274
275
276
277
278
279
280
281
282
283
284
285
286
287
288
289
290
291
292
293
294
295
296
297
299
300
301
302
303
304
305
306
307
308
309
310
311
312
313
314
315
316
317
318
319
320
321
322
323
324
325
326
327
328
329
330
331
332
333
334
335
336
337
338
339
340
341
342
343
344
345
346
347
348
349
350
351
352
353
354
355
356
357
358
359
360
361
362
363
364
365
366
367
368
369
370
371
372
373
374
375
376
377
378
379
381
382
383
384
385
386
387
388
389
390
391
392
393
394
395
396
397
398
399
400
401
402
404
405
406
407
408
409
410
411
412
413
414
415
416
417
418
419
420
421
422
423
424
426
427
428
429
430
431
432
434
435
436
437
438
439
440
441
442
443
444
445
446
447
448
449
451
452
453
454
455
456
457
458
459
460
461
462
463
464
465
466
467
468
469
470
471
472
473
474
475
476
477
478
479
480
481
482
483
484
485
486
487
489
490
491
492
493
494
495
496
497
498
499
500
501
502
503
504
505
506
507
508
509
510
511
512
513
514
515
516
517
518
519
520
521
522
523
524
525
526
527
528
529
530
531
532
533
534
535
536
537
538
539
540
541
542
543
544
545
546
547
548
549
550
551
552
553
554
555
556
557
558
559
560
561
562
563
564
565
566
567
568
569
570
571
572
573
574
575
576
577
579
580
581
582
583
584
585
586
587
588
589
590
591
592
593
594
595
596
597
598
599
600
601
602
603
605
606
607
608
609
610
611
612
613
614
615
616
617
618
619
620
621
622
623
624
625
626
627
628
629
630
631
632
633
634
635
636
637
638
640
641
642
643
644
645
646
647
648
649
650
651
652
653
654
655
656
659
660
661
662
663
664
665
666
667
668
669
670
671
672
673
674
675
676
677
678
679
680
681
682
683
684
685
686
687
688
690
691
692
693
694
695
696
698
699
700
701
702
703
704
705
706
707
708
709
710
711
712
713
714
715
716
717
718
719
720
721
722
723
724
725
726
727
728
729
730
731
732
733
734
735
736
738
739
740
741
742
743
744
745
746
747
748
749
750
751
752
753
754
755
756
757
758
759
760
761
762
764
765
766
767
768
769
770
771
772
773
774
775
776
777
778
779
780
781
782
783
784
785
786
787
788
789
791
792
793
794
795
796
797
798
799
800
801
802
803
804
805
806
807
808
809
810
811
812
813
814
815
816
817
818
819
820
821
822
823
824
825
826
827
828
829
830
831
832
833
834
835
836
837
838
839
840
841
842
843
844
845
846
847
848
849
850
851
852
853
854
855
856
857
858
859
860
861
862
863
864
865
866
867
868
869
870
871
872
873
874
875
876
877
878
879
880
881
882
883
884
885
886
887
888
889
890
891
892
893
894
895
896
897
898
899
900

SCALARS type int 1
LOOKUP_TABLE default
1
1
1
1
1
1
1
1
1
1
1
1
1
1
1
1
1
1
1
1
1
1
1
1
1
1
1
1
1
1
1
1
1
1
1
1
1
1
1
1
1
1
1
1
1
1
1
1
1
1
1
1
1
1
1
1
1
1
1
1
1
1
1
1
1
1
1
1
1
1
1
1
1
1
1
1
1
1
1
1
1
1
1
1
1
1
1
1
1
1
1
1
1
1
1
1
1
1
1
1
1
1
1
1
1
1
1
1
1
1
1
1
1
1
1
1
1
1
1
1
1
1
1
1
1
1
1
1
1
1
1
1
1
1
1
1
1
1
1
1
1
1
1
1
1
1
1
1
1
1
1
1
1
1
1
1
1
1
1
1
1
1
1
1
1
1
1
1
1
1
1
1
1
1
1
1
1
1
1
1
1
1
1
1
1
1
1
1
1
1
1
1
1
1
1
1
1
1
1
1
1
1
1
1
1
1
1
1
1
1
1
1
1
1
1
1
1
1
1
1
1
1
1
1
1
1
1
1
1
1
1
1
1
1
1
1
1
1
1
1
1
1
1
1
1
1
1
1
1
1
1
1
1
1
1
1
1
1
1
1
1
1
1
1
1
1
1
1
1
1
1
1
1
1
1
1
1
1
1
1
1
1
1
1
1
1
1
1
1
1
1
1
1
1
1
1
1
1
1
1
1
1
1
1
1
1
1
1
1
1
1
1
1
1
1
1
1
1
1
1
1
1
1
1
1
1
1
1
1
1
1
1
1
1
1
1
1
1
1
1
1
1
1
1
1
1
1
1
1
1
1
1
1
1
1
1
1
1
1
1
1
1
1
1
1
1
1
1
1
1
1
1
1
1
1
1
1
1
1
1
1
1
1
1
1
1
1
1
1
1
1
1
1
1
1
1
1
1
1
1
1
1
1
1
1
1
1
1
1
1
1
1
1
1
1
1
1
1
1
1
1
1
1
1
1
1
1
1
1
1
1
1
1
1
1
1
1
1
1
1
1
1
1
1
1
1
1
1
1
1
1
1
1
1
1
1
1
1
1
1
1
1
1
1
1
1
1
1
1
1
1
1
1
1
1
1
1
1
1
1
1
1
1
1
1
1
1
1
1
1
1
1
1
1
1
1
1
1
1
1
1
1
1
1
1
1
1
1
1
1
1
1
1
1
1
1
1
1
1
1
1
1
1
1
1
1
1
1
1
1
1
1
1
1
1
1
1
1
1
1
1
1
1
1
1
1
1
1
1
1
1
1
1
1
1
1
1
1
1
1
1
1
1
1
1
1
1
1
1
1
1
1
1
1
1
1
1
1
1
1
1
1
1
1
1
1
1
1
1
1
1
1
1
1
1
1
1
1
1
1
1
1
1
1
1
1
1
1
1
1
1
1
1
1
1
1
1
1
1
1
1
1
1
1
1
1
1
1
1
1
1
1
1
1
1
1
1
1
1
1
1
1
1
1
1
1
1
1
1
1
1
1
1
1
1
1
1
1
1
1
1
1
1
1
1
1
1
1
1
1
1
1
1
1
1
1
1
1
1
1
1
1
1
1
1
1
1
1
1
1
1
1
1
1
1
1
1
1
1
1
1
1
1
1
1
1
1
1
1
1
1
1
1
1
1
1
1
1
1
1
1
1
1
1
1
1
1
1
1
1
1
1
1
1
1
1
1
1
1
1
1
1
1
1
1
1
1
1
1
1
1
1
1
1
1
1
1
1
1
1
1
1
1
1
1
1
1
1
1
1
1
1
1
1
1
1
1
1
1
1
1
1
1
1
1
1
1
1
1
1
1
1
1
1
1
1
1
1
1
1
1
1
1
1
1
1
1
1
1
1
1
1
1
1
1
1
1
1
1
1
1
1
1
1
1
1
1
1
1
1
1
1
1
1
1
1
1
1
1
1
1
1
1
1
1
1
1
1
1
1
1
1
1
1
1
1
1
1
1
1
1
1
1
1
1
1
1
1
1
1
1
1
1

SCALARS radius float 1
LOOKUP_TABLE default
0.00015
0.00015
0.00015
0.00015
0.00015
0.00015
0.00015
0.00015
0.00015
0.00015
0.00015
0.00015
0.00015
0.00015
0.00015
0.00015
0.00015
0.00015
0.00015
0.00015
0.00015
0.00015
0.00015
0.00015
0.00015
0.00015
0.00015
0.00015
0.00015
0.00015
0.00015
0.00015
0.00015
0.00015
0.00015
0.00015
0.00015
0.00015
0.00015
0.00015
0.00015
0.00015
0.00015
0.00015
0.00015
0.00015
0.00015
0.00015
0.00015
0.00015
0.00015
0.00015
0.00015
0.00015
0.00015
0.00015
0.00015
0.00015
0.00015
0.00015
0.00015
0.00015
0.00015
0.00015
0.00015
0.00015
0.00015
0.00015
0.00015
0.00015
0.00015
0.00015
0.00015
0.00015
0.00015
0.00015
0.00015
0.00015
0.00015
0.00015
0.00015
0.00015
0.00015
0.00015
0.00015
0.00015
0.00015
0.00015
0.00015
0.00015
0.00015
0.00015
0.00015
0.00015
0.00015
0.00015
0.00015
0.00015
0.00015
0.00015
0.00015
0.00015
0.00015
0.00015
0.00015
0.00015
0.00015
0.00015
0.00015
0.00015
0.00015
0.00015
0.00015
0.00015
0.00015
0.00015
0.00015
0.00015
0.00015
0.00015
0.00015
0.00015
0.00015
0.00015
0.00015
0.00015
0.00015
0.00015
0.00015
0.00015
0.00015
0.00015
0.00015
0.00015
0.00015
0.00015
0.00015
0.00015
0.00015
0.00015
0.00015
0.00015
0.00015
0.00015
0.00015
0.00015
0.00015
0.00015
0.00015
0.00015
0.00015
0.00015
0.00015
0.00015
0.00015
0.00015
0.00015
0.00015
0.00015
0.00015
0.00015
0.00015
0.00015
0.00015
0.00015
0.00015
0.00015
0.00015
0.00015
0.00015
0.00015
0.00015
0.00015
0.00015
0.00015
0.00015
0.00015
0.00015
0.00015
0.00015
0.00015
0.00015
0.00015
0.00015
0.00015
0.00015
0.00015
0.00015
0.00015
0.00015
0.00015
0.00015
0.00015
0.00015
0.00015
0.00015
0.00015
0.00015
0.00015
0.00015
0.00015
0.00015
0.00015
0.00015
0.00015
0.00015
0.00015
0.00015
0.00015
0.00015
0.00015
0.00015
0.00015
0.00015
0.00015
0.00015
0.00015
0.00015
0.00015
0.00015
0.00015
0.00015
0.00015
0.00015
0.00015
0.00015
0.00015
0.00015
0.00015
0.00015
0.00015
0.00015
0.00015
0.00015
0.00015
0.00015
0.00015
0.00015
0.00015
0.00015
0.00015
0.00015
0.00015
0.00015
0.00015
0.00015
0.00015
0.00015
0.00015
0.00015
0.00015
0.00015
0.00015
0.00015
0.00015
0.00015
0.00015
0.00015
0.00015
0.00015
0.00015
0.00015
0.00015
0.00015
0.00015
0.00015
0.00015
0.00015
0.00015
0.00015
0.00015
0.00015
0.00015
0.00015
0.00015
0.00015
0.00015
0.00015
0.00015
0.00015
0.00015
0.00015
0.00015
0.00015
0.00015
0.00015
0.00015
0.00015
0.00015
0.00015
0.00015
0.00015
0.00015
0.00015
0.00015
0.00015
0.00015
0.00015
0.00015
0.00015
0.00015
0.00015
0.00015
0.00015
0.00015
0.00015
0.00015
0.00015
0.00015
0.00015
0.00015
0.00015
0.00015
0.00015
0.00015
0.00015
0.00015
0.00015
0.00015
0.00015
0.00015
0.00015
0.00015
0.00015
0.00015
0.00015
0.00015
0.00015
0.00015
0.00015
0.00015
0.00015
0.00015
0.00015
0.00015
0.00015
0.00015
0.00015
0.00015
0.00015
0.00015
0.00015
0.00015
0.00015
0.00015
0.00015
0.00015
0.00015
0.00015
0.00015
0.00015
0.00015
0.00015
0.00015
0.00015
0.00015
0.00015
0.00015
0.00015
0.00015
0.00015
0.00015
0.00015
0.00015
0.00015
0.00015
0.00015
0.00015
0.00015
0.00015
0.00015
0.00015
0.00015
0.00015
0.00015
0.00015
0.00015
0.00015
0.00015
0.00015
0.00015
0.00015
0.00015
0.00015
0.00015
0.00015
0.00015
0.00015
0.00015
0.00015
0.00015
0.00015
0.00015
0.00015
0.00015
0.00015
0.00015
0.00015
0.00015
0.00015
0.00015
0.00015
0.00015
0.00015
0.00015
0.00015
0.00015
0.00015
0.00015
0.00015
0.00015
0.00015
0.00015
0.00015
0.00015
0.00015
0.00015
0.00015
0.00015
0.00015
0.00015
0.00015
0.00015
0.00015
0.00015
0.00015
0.00015
0.00015
0.00015
0.00015
0.00015
0.00015
0.00015
0.00015
0.00015
0.00015
0.00015
0.00015
0.00015
0.00015
0.00015
0.00015
0.00015
0.00015
0.00015
0.00015
0.00015
0.00015
0.00015
0.00015
0.00015
0.00015
0.00015
0.00015
0.00015
0.00015
0.00015
0.00015
0.00015
0.00015
0.00015
0.00015
0.00015
0.00015
0.00015
0.00015
0.00015
0.00015
0.00015
0.00015
0.00015
0.00015
0.00015
0.00015
0.00015
0.00015
0.00015
0.00015
0.00015
0.00015
0.00015
0.00015
0.00015
0.00015
0.00015
0.00015
0.00015
0.00015
0.00015
0.00015
0.00015
0.00015
0.00015
0.00015
0.00015
0.00015
0.00015
0.00015
0.00015
0.00015
0.00015
0.00015
0.00015
0.00015
0.00015
0.00015
0.00015
0.00015
0.00015
0.00015
0.00015
0.00015
0.00015
0.00015
0.00015
0.00015
0.00015
0.00015
0.00015
0.00015
0.00015
0.00015
0.00015
0.00015
0.00015
0.00015
0.00015
0.00015
0.00015
0.00015
0.00015
0.00015
0.00015
0.00015
0.00015
0.00015
0.00015
0.00015
0.00015
0.00015
0.00015
0.00015
0.00015
0.00015
0.00015
0.00015
0.00015
0.00015
0.00015
0.00015
0.00015
0.00015
0.00015
0.00015
0.00015
0.00015
0.00015
0.00015
0.00015
0.00015
0.00015
0.00015
0.00015
0.00015
0.00015
0.00015
0.00015
0.00015
0.00015
0.00015
0.00015
0.00015
0.00015
0.00015
0.00015
0.00015
0.00015
0.00015
0.00015
0.00015
0.00015
0.00015
0.00015
0.00015
0.00015
0.00015
0.00015
0.00015
0.00015
0.00015
0.00015
0.00015
0.00015
0.00015
0.00015
0.00015
0.00015
0.00015
0.00015
0.00015
0.00015
0.00015
0.00015
0.00015
0.00015
0.00015
0.00015
0.00015
0.00015
0.00015
0.00015
0.00015
0.00015
0.00015
0.00015
0.00015
0.00015
0.00015
0.00015
0.00015
0.00015
0.00015
0.00015
0.00015
0.00015
0.00015
0.00015
0.00015
0.00015
0.00015
0.00015
0.00015
0.00015
0.00015
0.00015
0.00015
0.00015
0.00015
0.00015
0.00015
0.00015
0.00015
0.00015
0.00015
0.00015
0.00015
0.00015
0.00015
0.00015
0.00015
0.00015
0.00015
0.00015
0.00015
0.00015
0.00015
0.00015
0.00015
0.00015
0.00015
0.00015
0.00015
0.00015
0.00015
0.00015
0.00015
0.00015
0.00015
0.00015
0.00015
0.00015
0.00015
0.00015
0.00015
0.00015
0.00015
0.00015
0.00015
0.00015
0.00015
0.00015
0.00015
0.00015
0.00015
0.00015
0.00015
0.00015
0.00015
0.00015
0.00015
0.00015
0.00015
0.00015
0.00015
0.00015
0.00015
0.00015
0.00015
0.00015
0.00015
0.00015
0.00015
0.00015
0.00015
0.00015
0.00015
0.00015
0.00015
0.00015
0.00015
0.00015
0.00015
0.00015
0.00015
0.00015
0.00015
0.00015
0.00015
0.00015
0.00015
0.00015
0.00015
0.00015
0.00015
0.00015
0.00015
0.00015
0.00015
0.00015
0.00015
0.00015
0.00015
0.00015
0.00015
0.00015
0.00015
0.00015
0.00015
0.00015
0.00015
0.00015
0.00015
0.00015
0.00015
0.00015
0.00015
0.00015
0.00015
0.00015
0.00015
0.00015
0.00015
0.00015
0.00015
0.00015
0.00015
0.00015
0.00015
0.00015
0.00015
0.00015
0.00015
0.00015
0.00015
0.00015
0.00015
0.00015
0.00015
0.00015
0.00015
0.00015
0.00015
0.00015
0.00015
0.00015
0.00015
0.00015
0.00015
0.00015
0.00015
0.00015
0.00015
0.00015
0.00015
0.00015
0.00015
0.00015
0.00015
0.00015
0.00015
0.00015
0.00015
0.00015
0.00015
0.00015
0.00015
0.00015
0.00015
0.00015
0.00015
0.00015
0.00015
0.00015
0.00015
0.00015
0.00015
0.00015
0.00015
0.00015
0.00015
0.00015
0.00015
0.00015
0.00015
0.00015
0.00015
0.00015
0.00015
0.00015
0.00015
0.00015
0.00015
0.00015
0.00015
0.00015
0.00015
0.00015
0.00015
0.00015
0.00015
0.00015
0.00015
0.00015
0.00015
0.00015
0.00015
0.00015
0.00015
0.00015
0.00015
0.00015
0.00015
0.00015
0.00015
0.00015
0.00015
0.00015
0.00015
0.00015
0.00015
0.00015
0.00015
0.00015
0.00015
0.00015
0.00015
0.00015
0.00015
0.00015
0.00015
0.00015
0.00015
0.00015
0.00015
0.00015
0.00015
0.00015
0.00015
0.00015
0.00015
0.00015
0.00015
0.00015

SCALARS mass float 1
LOOKUP_TABLE default
3.95841e-09
3.95841e-09
3.95841e-09
3.95841e-09
3.95841e-09
3.95841e-09
3.95841e-09
3.95841e-09
3.95841e-09
3.95841e-09
3.95841e-09
3.95841e-09
3.95841e-09
3.95841e-09
3.95841e-09
3.95841e-09
3.95841e-09
3.95841e-09
3.95841e-09
3.95841e-09
3.95841e-09
3.95841e-09
3.95841e-09
3.95841e-09
3.95841e-09
3.95841e-09
3.95841e-09
3.95841e-09
3.95841e-09
3.95841e-09
3.95841e-09
3.95841e-09
3.95841e-09
3.95841e-09
3.95841e-09
3.95841e-09
3.95841e-09
3.95841e-09
3.95841e-09
3.95841e-09
3.95841e-09
3.95841e-09
3.95841e-09
3.95841e-09
3.95841e-09
3.95841e-09
3.95841e-09
3.95841e-09
3.95841e-09
3.95841e-09
3.95841e-09
3.95841e-09
3.95841e-09
3.95841e-09
3.95841e-09
3.95841e-09
3.95841e-09
3.95841e-09
3.95841e-09
3.95841e-09
3.95841e-09
3.95841e-09
3.95841e-09
3.95841e-09
3.95841e-09
3.95841e-09
3.95841e-09
3.95841e-09
3.95841e-09
3.95841e-09
3.95841e-09
3.95841e-09
3.95841e-09
3.95841e-09
3.95841e-09
3.95841e-09
3.95841e-09
3.95841e-09
3.95841e-09
3.95841e-09
3.95841e-09
3.95841e-09
3.95841e-09
3.95841e-09
3.95841e-09
3.95841e-09
3.95841e-09
3.95841e-09
3.95841e-09
3.95841e-09
3.95841e-09
3.95841e-09
3.95841e-09
3.95841e-09
3.95841e-09
3.95841e-09
3.95841e-09
3.95841e-09
3.95841e-09
3.95841e-09
3.95841e-09
3.95841e-09
3.95841e-09
3.95841e-09
3.95841e-09
3.95841e-09
3.95841e-09
3.95841e-09
3.95841e-09
3.95841e-09
3.95841e-09
3.95841e-09
3.95841e-09
3.95841e-09
3.95841e-09
3.95841e-09
3.95841e-09
3.95841e-09
3.95841e-09
3.95841e-09
3.95841e-09
3.95841e-09
3.95841e-09
3.95841e-09
3.95841e-09
3.95841e-09
3.95841e-09
3.95841e-09
3.95841e-09
3.95841e-09
3.95841e-09
3.95841e-09
3.95841e-09
3.95841e-09
3.95841e-09
3.95841e-09
3.95841e-09
3.95841e-09
3.95841e-09
3.95841e-09
3.95841e-09
3.95841e-09
3.95841e-09
3.95841e-09
3.95841e-09
3.95841e-09
3.95841e-09
3.95841e-09
3.95841e-09
3.95841e-09
3.95841e-09
3.95841e-09
3.95841e-09
3.95841e-09
3.95841e-09
3.95841e-09
3.95841e-09
3.95841e-09
3.95841e-09
3.95841e-09
3.95841e-09
3.95841e-09
3.95841e-09
3.95841e-09
3.95841e-09
3.95841e-09
3.95841e-09
3.95841e-09
3.95841e-09
3.95841e-09
3.95841e-09
3.95841e-09
3.95841e-09
3.95841e-09
3.95841e-09
3.95841e-09
3.95841e-09
3.95841e-09
3.95841e-09
3.95841e-09
3.95841e-09
3.95841e-09
3.95841e-09
3.95841e-09
3.95841e-09
3.95841e-09
3.95841e-09
3.95841e-09
3.95841e-09
3.95841e-09
3.95841e-09
3.95841e-09
3.95841e-09
3.95841e-09
3.95841e-09
3.95841e-09
3.95841e-09
3.95841e-09
3.95841e-09
3.95841e-09
3.95841e-09
3.95841e-09
3.95841e-09
3.95841e-09
3.95841e-09
3.95841e-09
3.95841e-09
3.95841e-09
3.95841e-09
3.95841e-09
3.95841e-09
3.95841e-09
3.95841e-09
3.95841e-09
3.95841e-09
3.95841e-09
3.95841e-09
3.95841e-09
3.95841e-09
3.95841e-09
3.95841e-09
3.95841e-09
3.95841e-09
3.95841e-09
3.95841e-09
3.95841e-09
3.95841e-09
3.95841e-09
3.95841e-09
3.95841e-09
3.95841e-09
3.95841e-09
3.95841e-09
3.95841e-09
3.95841e-09
3.95841e-09
3.95841e-09
3.95841e-09
3.95841e-09
3.95841e-09
3.95841e-09
3.95841e-09
3.95841e-09
3.95841e-09
3.95841e-09
3.95841e-09
3.95841e-09
3.95841e-09
3.95841e-09
3.95841e-09
3.95841e-09
3.95841e-09
3.95841e-09
3.95841e-09
3.95841e-09
3.95841e-09
3.95841e-09
3.95841e-09
3.95841e-09
3.95841e-09
3.95841e-09
3.95841e-09
3.95841e-09
3.95841e-09
3.95841e-09
3.95841e-09
3.95841e-09
3.95841e-09
3.95841e-09
3.95841e-09
3.95841e-09
3.95841e-09
3.95841e-09
3.95841e-09
3.95841e-09
3.95841e-09
3.95841e-09
3.95841e-09
3.95841e-09
3.95841e-09
3.95841e-09
3.95841e-09
3.95841e-09
3.95841e-09
3.95841e-09
3.95841e-09
3.95841e-09
3.95841e-09
3.95841e-09
3.95841e-09
3.95841e-09
3.95841e-09
3.95841e-09
3.95841e-09
3.95841e-09
3.95841e-09
3.95841e-09
3.95841e-09
3.95841e-09
3.95841e-09
3.95841e-09
3.95841e-09
3.95841e-09
3.95841e-09
3.95841e-09
3.95841e-09
3.95841e-09
3.95841e-09
3.95841e-09
3.95841e-09
3.95841e-09
3.95841e-09
3.95841e-09
3.95841e-09
3.95841e-09
3.95841e-09
3.95841e-09
3.95841e-09
3.95841e-09
3.95841e-09
3.95841e-09
3.95841e-09
3.95841e-09
3.95841e-09
3.95841e-09
3.95841e-09
3.95841e-09
3.95841e-09
3.95841e-09
3.95841e-09
3.95841e-09
3.95841e-09
3.95841e-09
3.95841e-09
3.95841e-09
3.95841e-09
3.95841e-09
3.95841e-09
3.95841e-09
3.95841e-09
3.95841e-09
3.95841e-09
3.95841e-09
3.95841e-09
3.95841e-09
3.95841e-09
3.95841e-09
3.95841e-09
3.95841e-09
3.95841e-09
3.95841e-09
3.95841e-09
3.95841e-09
3.95841e-09
3.95841e-09
3.95841e-09
3.95841e-09
3.95841e-09
3.95841e-09
3.95841e-09
3.95841e-09
3.95841e-09
3.95841e-09
3.95841e-09
3.95841e-09
3.95841e-09
3.95841e-09
3.95841e-09
3.95841e-09
3.95841e-09
3.95841e-09
3.95841e-09
3.95841e-09
3.95841e-09
3.95841e-09
3.95841e-09
3.95841e-09
3.95841e-09
3.95841e-09
3.95841e-09
3.95841e-09
3.95841e-09
3.95841e-09
3.95841e-09
3.95841e-09
3.95841e-09
3.95841e-09
3.95841e-09
3.95841e-09
3.95841e-09
3.95841e-09
3.95841e-09
3.95841e-09
3.95841e-09
3.95841e-09
3.95841e-09
3.95841e-09
3.95841e-09
3.95841e-09
3.95841e-09
3.95841e-09
3.95841e-09
3.95841e-09
3.95841e-09
3.95841e-09
3.95841e-09
3.95841e-09
3.95841e-09
3.95841e-09
3.95841e-09
3.95841e-09
3.95841e-09
3.95841e-09
3.95841e-09
3.95841e-09
3.95841e-09
3.95841e-09
3.95841e-09
3.95841e-09
3.95841e-09
3.95841e-09
3.95841e-09
3.95841e-09
3.95841e-09
3.95841e-09
3.95841e-09
3.95841e-09
3.95841e-09
3.95841e-09
3.95841e-09
3.95841e-09
3.95841e-09
3.95841e-09
3.95841e-09
3.95841e-09
3.95841e-09
3.95841e-09
3.95841e-09
3.95841e-09
3.95841e-09
3.95841e-09
3.95841e-09
3.95841e-09
3.95841e-09
3.95841e-09
3.95841e-09
3.95841e-09
3.95841e-09
3.95841e-09
3.95841e-09
3.95841e-09
3.95841e-09
3.95841e-09
3.95841e-09
3.95841e-09
3.95841e-09
3.95841e-09
3.95841e-09
3.95841e-09
3.95841e-09
3.95841e-09
3.95841e-09
3.95841e-09
3.95841e-09
3.95841e-09
3.95841e-09
3.95841e-09
3.95841e-09
3.95841e-09
3.95841e-09
3.95841e-09
3.95841e-09
3.95841e-09
3.95841e-09
3.95841e-09
3.95841e-09
3.95841e-09
3.95841e-09
3.95841e-09
3.95841e-09
3.95841e-09
3.95841e-09
3.95841e-09
3.95841e-09
3.95841e-09
3.95841e-09
3.95841e-09
3.95841e-09
3.95841e-09
3.95841e-09
3.95841e-09
3.95841e-09
3.95841e-09
3.95841e-09
3.95841e-09
3.95841e-09
3.95841e-09
3.95841e-09
3.95841e-09
3.95841e-09
3.95841e-09
3.95841e-09
3.95841e-09
3.95841e-09
3.95841e-09
3.95841e-09
3.95841e-09
3.95841e-09
3.95841e-09
3.95841e-09
3.95841e-09
3.95841e-09
3.95841e-09
3.95841e-09
3.95841e-09
3.95841e-09
3.95841e-09
3.95841e-09
3.95841e-09
3.95841e-09
3.95841e-09
3.95841e-09
3.95841e-09
3.95841e-09
3.95841e-09
3.95841e-09
3.95841e-09
3.95841e-09
3.95841e-09
3.95841e-09
3.95841e-09
3.95841e-09
3.95841e-09
3.95841e-09
3.95841e-09
3.95841e-09
3.95841e-09
3.95841e-09
3.95841e-09
3.95841e-09
3.95841e-09
3.95841e-09
3.95841e-09
3.95841e-09
3.95841e-09
3.95841e-09
3.95841e-09
3.95841e-09
3.95841e-09
3.95841e-09
3.95841e-09
3.95841e-09
3.95841e-09
3.95841e-09
3.95841e-09
3.95841e-09
3.95841e-09
3.95841e-09
3.95841e-09
3.95841e-09
3.95841e-09
3.95841e-09
3.95841e-09
3.95841e-09
3.95841e-09
3.95841e-09
3.95841e-09
3.95841e-09
3.95841e-09
3.95841e-09
3.95841e-09
3.95841e-09
3.95841e-09
3.95841e-09
3.95841e-09
3.95841e-09
3.95841e-09
3.95841e-09
3.95841e-09
3.95841e-09
3.95841e-09
3.95841e-09
3.95841e-09
3.95841e-09
3.95841e-09
3.95841e-09
3.95841e-09
3.95841e-09
3.95841e-09
3.95841e-09
3.95841e-09
3.95841e-09
3.95841e-09
3.95841e-09
3.95841e-09
3.95841e-09
3.95841e-09
3.95841e-09
3.95841e-09
3.95841e-09
3.95841e-09
3.95841e-09
3.95841e-09
3.95841e-09
3.95841e-09
3.95841e-09
3.95841e-09
3.95841e-09
3.95841e-09
3.95841e-09
3.95841e-09
3.95841e-09
3.95841e-09
3.95841e-09
3.95841e-09
3.95841e-09
3.95841e-09
3.95841e-09
3.95841e-09
3.95841e-09
3.95841e-09
3.95841e-09
3.95841e-09
3.95841e-09
3.95841e-09
3.95841e-09
3.95841e-09
3.95841e-09
3.95841e-09
3.95841e-09
3.95841e-09
3.95841e-09
3.95841e-09
3.95841e-09
3.95841e-09
3.95841e-09
3.95841e-09
3.95841e-09
3.95841e-09
3.95841e-09
3.95841e-09
3.95841e-09
3.95841e-09
3.95841e-09
3.95841e-09
3.95841e-09
3.95841e-09
3.95841e-09
3.95841e-09
3.95841e-09
3.95841e-09
3.95841e-09
3.95841e-09
3.95841e-09
3.95841e-09
3.95841e-09
3.95841e-09
3.95841e-09
3.95841e-09
3.95841e-09
3.95841e-09
3.95841e-09
3.95841e-09
3.95841e-09
3.95841e-09
3.95841e-09
3.95841e-09
3.95841e-09
3.95841e-09
3.95841e-09
3.95841e-09
3.95841e-09
3.95841e-09
3.95841e-09
3.95841e-09
3.95841e-09
3.95841e-09
3.95841e-09
3.95841e-09
3.95841e-09
3.95841e-09
3.95841e-09
3.95841e-09
3.95841e-09
3.95841e-09
3.95841e-09
3.95841e-09
3.95841e-09
3.95841e-09
3.95841e-09
3.95841e-09
3.95841e-09
3.95841e-09
3.95841e-09
3.95841e-09
3.95841e-09
3.95841e-09
3.95841e-09
3.95841e-09
3.95841e-09
3.95841e-09
3.95841e-09
3.95841e-09
3.95841e-09
3.95841e-09
3.95841e-09
3.95841e-09
3.95841e-09
3.95841e-09
3.95841e-09
3.95841e-09
3.95841e-09
3.95841e-09
3.95841e-09
3.95841e-09
3.95841e-09
3.95841e-09
3.95841e-09
3.95841e-09
3.95841e-09
3.95841e-09
3.95841e-09
3.95841e-09
3.95841e-09
3.95841e-09
3.95841e-09
3.95841e-09
3.95841e-09
3.95841e-09
3.95841e-09
3.95841e-09
3.95841e-09
3.95841e-09
3.95841e-09
3.95841e-09
3.95841e-09
3.95841e-09
3.95841e-09
3.95841e-09
3.95841e-09
3.95841e-09
3.95841e-09
3.95841e-09
3.95841e-09
3.95841e-09
3.95841e-09
3.95841e-09
3.95841e-09
3.95841e-09
3.95841e-09
3.95841e-09
3.95841e-09
3.95841e-09
3.95841e-09
3.95841e-09
3.95841e-09
3.95841e-09
3.95841e-09
3.95841e-09
3.95841e-09
3.95841e-09
3.95841e-09
3.95841e-09
3.95841e-09
3.95841e-09
3.95841e-09
3.95841e-09
3.95841e-09
3.95841e-09
3.95841e-09
3.95841e-09
3.95841e-09
3.95841e-09
3.95841e-09
3.95841e-09
3.95841e-09
3.95841e-09
3.95841e-09
3.95841e-09
3.95841e-09
3.95841e-09
3.95841e-09
3.95841e-09
3.95841e-09
3.95841e-09
3.95841e-09
3.95841e-09
3.95841e-09
3.95841e-09
3.95841e-09
3.95841e-09
3.95841e-09
3.95841e-09
3.95841e-09
3.95841e-09
3.95841e-09
3.95841e-09
3.95841e-09
3.95841e-09
3.95841e-09
3.95841e-09
3.95841e-09
3.95841e-09
3.95841e-09
3.95841e-09
3.95841e-09
3.95841e-09
3.95841e-09
3.95841e-09
3.95841e-09
3.95841e-09
3.95841e-09
3.95841e-09
3.95841e-09
3.95841e-09
3.95841e-09
3.95841e-09
3.95841e-09
3.95841e-09
3.95841e-09
3.95841e-09
3.95841e-09
3.95841e-09
3.95841e-09
3.95841e-09
3.95841e-09
3.95841e-09
3.95841e-09
3.95841e-09
3.95841e-09
3.95841e-09
3.95841e-09
3.95841e-09
3.95841e-09
3.95841e-09
3.95841e-09
3.95841e-09
3.95841e-09
3.95841e-09
3.95841e-09
3.95841e-09
3.95841e-09
3.95841e-09
3.95841e-09
3.95841e-09
3.95841e-09
3.95841e-09
3.95841e-09
3.95841e-09
3.95841e-09
3.95841e-09
3.95841e-09
3.95841e-09
3.95841e-09
3.95841e-09
3.95841e-09
3.95841e-09
3.95841e-09
3.95841e-09
3.95841e-09
3.95841e-09
3.95841e-09
3.95841e-09
3.95841e-09
3.95841e-09
3.95841e-09
3.95841e-09
3.95841e-09
3.95841e-09
3.95841e-09
3.95841e-09
3.95841e-09
3.95841e-09

VECTORS velocity float
-7.21673e-12 4.37937e-11 5.86553e-12
-1.3139e-13 1.00458e-14 3.35249e-14
-2.9149e-15 1.97142e-15 1.08193e-14
8.2515e-14 -3.71291e-13 6.43143e-14
-1.39854e-14 -1.46268e-12 7.22103e-14
-1.14423e-13 9.16055e-13 1.41767e-13
6.5951e-19 -2.41227e-22 -5.0412e-16
-2.27859e-12 -1.69145e-12 3.24737e-13
1.30027e-12 -1.5234e-12 -2.45591e-13
3.66305e-21 5.49278e-20 -6.81516e-21
1.62958e-13 -1.4392e-13 7.58354e-14
-1.16828e-17 -9.34645e-24 8.91957e-15
1.4591e-13 -4.63129e-13 -2.16591e-15
3.64367e-13 -1.36748e-12 5.08598e-13
9.93825e-14 -2.77623e-13 1.436e-13
6.03406e-13 -1.82277e-13 -2.77049e-14
-7.39333e-14 3.38075e-13 1.32323e-13
-7.16668e-14 -2.35647e-13 -5.45832e-14
3.70712e-15 -9.94801e-14 1.41851e-14
2.8037e-14 2.38477e-14 1.22334e-14
8.88865e-13 -3.22891e-13 -6.25232e-14
1.4787e-13 -9.30507e-13 -1.54166e-13
1.18067e-12 -9.85739e-13 -1.53211e-13
1.37858e-12 1.52662e-13 1.47614e-13
-2.08617e-14 -1.87499e-13 -6.28212e-14
-1.97997e-12 -1.58441e-12 -3.86814e-13
2.92921e-13 -4.1807e-13 4.26266e-15
5.01065e-13 -9.10244e-13 -6.61862e-14
-1.77197e-14 -3.6037e-13 3.03749e-14
-1.55772e-14 -1.44066e-12 7.65282e-14
-7.50532e-14 4.81173e-13 -4.87897e-14
-7.07798e-13 2.23135e-13 3.01343e-13
-1.12301e-13 -7.46892e-14 1.92109e-14
-1.05339e-12 1.59227e-12 2.51097e-13
-4.83364e-16 -5.2826e-14 7.64837e-15
9.16101e-15 8.09879e-15 9.62735e-15
8.00162e-14 -1.35152e-14 -3.34416e-15
2.25296e-14 5.03637e-14 8.82038e-14
-1.04139e-18 -2.92716e-23 7.9519e-16
3.81791e-13 2.50061e-13 1.14571e-13
-3.95133e-14 1.16347e-13 6.52594e-14
-1.46881e-12 1.45959e-13 -2.09994e-13
9.43889e-13 -1.71906e-12 -1.26799e-14
4.85575e-12 2.13853e-12 1.30921e-12
3.85195e-13 -2.38258e-13 -1.18065e-14
-4.4478e-13 -1.06192e-13 -2.79196e-14
8.7146e-15 -1.67259e-14 5.72753e-16
5.50656e-13 -3.38217e-13 3.63639e-13
1.25033e-12 1.60971e-13 1.04871e-13
1.04903e-12 -7.63371e-13 1.48323e-14
5.63675e-13 -8.10005e-13 -2.33498e-13
1.17885e-13 -2.09361e-13 -2.24286e-14
-3.19548e-13 -1.47681e-13 -3.17223e-14
1.04804e-14 -4.00416e-14 2.59473e-13
7.79485e-13 -9.62553e-13 5.87217e-14
7.75268e-14 8.93569e-14 1.07207e-13
2.31975e-13 -1.49533e-13 5.45089e-14
1.21666e-13 3.99605e-13 3.73047e-13
-7.9029e-15 -3.03104e-14 1.69893e-14
-1.87949e-14 -3.78612e-14 -7.588e-15
8.0601e-14 -3.07271e-14 6.71851e-14
-1.08583e-14 -1.43617e-14 3.70183e-14
7.39666e-14 3.25814e-13 -7.87697e-14
1.01227e-15 5.63692e-21 2.98741e-13
7.21044e-13 -3.69048e-13 1.97736e-14
-7.22186e-16 -4.78921e-15 6.30728e-14
-3.69628e-14 2.48561e-13 -5.8249e-14
1.53536e-12 -1.49556e-12 4.24069e-13
-9.00843e-15 3.31243e-13 -2.29731e-14
-7.4552e-14 -6.0505e-15 -1.02048e-14
9.07407e-14 1.86936e-13 6.63364e-14
1.02413e-13 -4.07817e-14 -1.42657e-14
1.4177e-13 -1.59096e-12 1.42071e-13
6.35639e-12 2.14265e-13 1.24162e-12
1.36099e-12 -1.07322e-12 1.02025e-13
2.32551e-11 6.47131e-12 -9.0361e-13
3.50447e-14 3.36162e-13 3.40211e-14
6.11364e-13 -2.57244e-13 -7.94423e-14
-1.49582e-19 -9.40019e-20 -9.92982e-20
-4.99797e-14 5.26619e-14 4.76313e-14
-3.2534e-13 -2.03366e-13 8.23615e-14
-8.78316e-14 1.50844e-13 1.76757e-14
5.61067e-14 -1.94e-13 8.33426e-14
-9.71291e-13 1.70155e-12 5.44683e-13
-5.73262e-13 1.81535e-13 -5.06792e-14
-7.09357e-14 7.83718e-13 2.44834e-13
-2.66097e-13 -3.10931e-13 6.68203e-14
1.23837e-12 -1.61213e-12 -6.09656e-13
-2.11127e-13 1.86987e-14 -5.2526e-14
3.62607e-14 -1.22793e-13 4.24331e-14
-8.77755e-14 -4.28211e-14 6.69111e-15
2.71103e-13 -8.94739e-14 -4.96217e-14
9.06078e-18 2.12859e-22 -6.9181e-15
7.70237e-13 -7.31063e-13 -1.8529e-13
2.01699e-13 -1.21442e-13 -2.16749e-14
-2.13326e-15 -1.41465e-14 1.86307e-13
1.5101e-13 6.70544e-14 4.0572e-14
1.39507e-13 -1.83528e-13 6.94694e-14
4.83243e-14 1.18316e-14 6.0843e-14
1.05839e-13 -1.61689e-14 2.0466e-14
-1.31211e-13 -2.10678e-13 6.96306e-14
1.56162e-13 -1.22476e-13 6.45851e-14
-2.27078e-13 -6.64866e-13 1.05699e-13
6.03174e-18 -1.67407e-21 -4.60544e-15
1.31832e-13 -2.89476e-13 1.2406e-13
1.17159e-12 -6.83327e-13 3.09893e-13
1.8167e-12 2.24983e-12 1.55712e-12
9.32109e-14 -2.03648e-14 1.10356e-13
-9.35533e-13 -5.60711e-13 1.71025e-13
-5.1287e-13 -4.41713e-13 7.40687e-13
-2.20455e-12 -9.14613e-13 3.41282e-13
-1.67509e-12 -7.99126e-13 3.81006e-13
1.28434e-13 -6.87386e-13 3.24282e-13
2.66804e-12 1.02492e-13 -2.13264e-13
1.60402e-12 -8.63507e-13 -1.56644e-13
-2.7306e-13 1.93931e-12 7.35157e-13
1.48326e-13 -8.02111e-14 1.18676e-14
-7.57731e-14 1.12974e-13 1.7952e-14
1.39912e-14 2.90918e-14 6.22338e-15
-1.22648e-14 1.40127e-13 2.01127e-15
-6.96995e-14 -2.10554e-13 1.87725e-13
-1.24478e-13 -9.26328e-13 8.35381e-16
-4.72999e-13 -2.62076e-13 1.68935e-13
4.43008e-13 -1.87274e-13 1.84368e-13
-1.29876e-12 2.28671e-14 5.96878e-13
3.02437e-14 -7.33934e-14 1.83557e-14
6.99846e-15 1.55508e-13 5.48102e-14
-7.69693e-14 -9.80218e-13 7.94597e-14
-3.8227e-14 -8.11197e-13 -1.2211e-13
4.4311e-13 -6.93517e-13 2.01964e-13
2.99246e-12 1.21101e-12 1.20554e-12
1.18744e-13 -1.62978e-13 -1.07848e-13
1.00066e-13 -6.43547e-13 2.97901e-14
9.73181e-13 -8.28689e-13 -1.35868e-13
3.08407e-12 -1.45889e-12 -5.48799e-13
-8.69847e-18 -1.61804e-22 6.6413e-15
4.11815e-13 5.15587e-14 1.04634e-13
9.308e-13 8.54664e-13 4.58252e-13
5.54653e-13 -3.58413e-13 -9.87723e-14
3.78152e-15 -1.37047e-13 -7.28534e-16
3.19194e-13 -4.53503e-13 7.07869e-14
1.17182e-13 -2.19201e-13 4.40089e-14
-6.02691e-14 1.95094e-13 8.91652e-14
2.16323e-12 -1.16305e-12 -5.80896e-13
3.2479e-12 -1.52804e-12 2.79253e-13
3.79166e-14 -2.46539e-14 6.20926e-15
8.71603e-13 -1.65329e-12 -6.41695e-14
4.18586e-14 -1.82371e-13 3.66033e-14
-1.11845e-17 -4.77794e-22 8.53937e-15
-9.73462e-14 -4.26887e-13 -3.35586e-14
-1.56398e-13 5.35425e-14 -1.38273e-14
-4.36585e-13 1.81128e-13 -9.39746e-14
1.95351e-12 -1.35893e-12 -6.04167e-13
-7.77554e-14 -1.80667e-14 1.64224e-13
6.54665e-13 1.55316e-12 -1.72456e-13
3.32712e-13 -1.27221e-13 1.26085e-14
1.63296e-13 -2.97969e-13 -1.21022e-13
-4.15939e-14 -5.96478e-14 1.0696e-13
-1.55969e-18 2.20637e-22 1.19087e-15
-4.3818e-14 -2.25419e-15 3.74394e-15
-1.03416e-12 -9.20417e-13 2.01417e-13
-1.90046e-12 -1.43748e-13 -6.63119e-14
5.85268e-13 -1.45241e-12 3.88787e-13
3.79292e-13 3.47859e-13 6.18724e-14
9.21689e-13 -6.55846e-13 -2.51779e-13
2.38989e-12 -1.22576e-12 -4.26216e-13
6.02566e-13 -1.02079e-12 -3.00438e-13
4.66884e-12 4.92044e-13 8.24547e-14
-3.75644e-14 8.54682e-14 1.34152e-14
1.42003e-12 -7.45715e-13 1.84644e-12
-2.68588e-14 -6.20711e-14 7.23179e-14
-1.93253e-14 -3.51121e-14 4.52759e-14
1.67361e-13 2.52568e-13 -4.75748e-14
-1.46224e-13 1.69823e-12 5.78877e-14
7.74068e-13 -1.08284e-12 1.94077e-13
-8.34573e-14 -3.75323e-13 -1.5391e-13
1.3252e-13 1.02023e-13 4.09286e-14
2.1555e-13 -8.37254e-14 -3.75655e-14
3.46265e-12 -1.96953e-13 8.16447e-13
-5.49489e-14 -4.68102e-14 -1.15519e-14
2.47057e-14 -4.61301e-13 1.50259e-13
3.11749e-13 -2.58519e-13 5.44012e-14
-1.34683e-12 8.88227e-13 1.04369e-13
2.49294e-13 -3.65314e-15 -8.97429e-14
1.43799e-13 -1.56342e-13 5.27846e-14
1.59377e-12 -1.14095e-12 -1.13585e-13
-2.2523e-14 -7.66867e-13 4.0018e-13
1.18323e-14 -9.53731e-13 1.62027e-13
2.6515e-13 -1.03695e-12 -4.71938e-15
6.85126e-13 -2.28703e-13 8.84045e-14
3.76852e-14 -1.15736e-13 9.40139e-14
8.32147e-14 -1.71038e-13 5.53833e-14
3.77049e-13 -9.36573e-13 1.68526e-14
2.10093e-13 -8.77107e-13 -1.63002e-13
-2.10567e-12 -1.099e-12 2.95591e-13
1.91122e-13 1.01628e-14 -7.43545e-14
-5.05479e-14 1.21943e-13 6.87539e-14
2.7204e-11 -5.32852e-12 8.38934e-12
-7.7224e-13 1.46849e-12 8.93348e-14
5.89757e-14 3.71219e-14 2.63566e-15
2.52948e-13 -3.1111e-13 -9.66527e-15
-6.08036e-14 1.35785e-13 4.9134e-14
3.88035e-13 -1.65258e-14 5.43199e-14
1.76891e-11 -4.33781e-12 -1.83639e-14
-9.59291e-13 -9.40191e-13 4.5854e-13
1.87438e-12 -6.87138e-13 1.19103e-13
3.4652e-13 1.08721e-12 3.48714e-13
6.70774e-13 -1.67767e-12 -2.01397e-13
4.76373e-13 -9.08118e-13 3.78616e-13
3.3992e-13 -5.70871e-13 3.82329e-13
6.90969e-12 -1.71251e-12 -4.78233e-13
9.65956e-13 -1.45004e-12 -1.02174e-13
-6.72652e-13 -1.46544e-12 3.35936e-14
-7.80941e-14 -1.46163e-13 1.28571e-13
1.07829e-17 -4.96986e-20 -8.23289e-15
-3.54535e-13 7.49547e-13 1.9498e-13
1.35064e-13 -1.04762e-12 1.09564e-13
1.49523e-12 -2.07038e-13 5.61385e-13
-2.21349e-13 3.58919e-13 1.99778e-13
-5.79492e-13 4.34754e-13 -4.7779e-13
1.70834e-14 -4.28624e-13 3.00537e-13
-2.98207e-14 -1.24731e-12 -1.52473e-13
4.63442e-13 -1.30454e-12 -8.07888e-14
1.30821e-13 -2.63742e-13 7.89167e-14
2.67049e-13 3.90406e-13 2.62525e-13
-1.1184e-17 -2.17399e-22 8.53937e-15
-8.41105e-13 -1.23141e-12 -2.33885e-14
9.08074e-18 5.49739e-21 -6.93359e-15
-5.94668e-14 -1.41298e-12 3.83088e-14
3.66969e-12 1.41145e-16 -5.61742e-13
-4.01993e-13 1.99638e-13 -3.18853e-14
-3.23927e-15 2.15467e-14 2.81605e-13
2.90229e-12 1.07655e-12 2.35978e-13
-1.68285e-13 7.20539e-14 1.51567e-13
1.71657e-12 -1.47205e-12 2.24876e-13
1.86315e-13 -8.42194e-14 -4.65716e-14
7.87579e-20 -1.32338e-19 -3.12236e-19
5.89025e-14 -6.38689e-14 -2.86427e-14
-1.77515e-13 -2.51273e-13 1.05227e-13
7.99867e-14 5.31492e-14 -1.83824e-13
1.42919e-13 1.65073e-12 7.55907e-13
1.02852e-13 -1.8476e-13 -3.99664e-14
4.60378e-13 -2.48886e-13 5.60593e-14
1.84469e-12 -2.91519e-13 4.7966e-13
3.00471e-13 -5.19827e-14 -7.58267e-14
-2.13333e-15 -1.41465e-14 1.86307e-13
-5.09523e-13 7.78874e-13 1.86314e-13
3.50778e-13 -3.0761e-13 1.07799e-13
-5.6886e-13 -3.82522e-13 -1.62413e-13
-1.43882e-13 3.66931e-13 9.40031e-14
-8.92463e-14 -1.06386e-12 -9.57989e-14
3.56462e-15 1.90828e-14 -2.18296e-13
-8.23018e-15 -2.41185e-14 -1.11922e-14
-2.52995e-13 -2.42615e-13 1.68656e-13
6.86202e-13 -1.70352e-12 -2.51414e-13
-1.57641e-13 1.57112e-13 7.37541e-15
6.03119e-18 3.7766e-23 -4.60544e-15
2.45322e-12 4.93144e-13 1.26447e-12
-2.4855e-13 7.61348e-13 3.33815e-13
-7.00759e-13 -6.37899e-13 1.70861e-13
-2.22359e-12 -1.09846e-12 -2.03619e-14
1.33157e-13 -7.72033e-14 2.39478e-14
-3.54289e-13 -4.29059e-13 6.56936e-14
-2.30037e-13 -3.91113e-13 -1.7177e-15
5.0074e-12 1.38654e-12 -1.12362e-12
-3.15086e-13 -1.2955e-12 6.2705e-14
4.69183e-13 -1.30466e-12 -2.41292e-13
-7.83652e-13 -1.27029e-12 2.12957e-13
-1.11519e-13 -2.12239e-13 7.70245e-14
-1.55576e-13 -4.31163e-13 -6.60196e-14
8.85455e-13 -1.02703e-12 2.87762e-13
-1.53679e-12 -5.99194e-13 -1.15059e-13
1.13818e-12 -1.18344e-12 4.10308e-13
1.91328e-12 -1.0807e-12 -4.00765e-13
-1.36224e-12 -1.30457e-12 8.50322e-13
2.57625e-13 -1.34459e-12 -8.21942e-14
2.0711e-13 -2.26087e-13 9.55278e-14
8.62931e-12 -8.30591e-13 1.1338e-12
5.01734e-13 -8.38502e-13 -7.45672e-14
-1.41281e-12 -1.54834e-12 4.3343e-14
3.18889e-13 -7.54136e-13 1.41876e-13
2.09617e-12 -1.67005e-12 -3.01412e-13
9.83932e-14 -1.47209e-13 -3.8866e-14
-2.47807e-13 1.97386e-13 5.01812e-14
-1.15888e-12 1.1922e-12 9.74656e-13
9.04809e-14 -1.39836e-12 -9.65811e-14
6.72856e-13 1.73296e-12 1.04765e-12
1.9175e-12 -1.62508e-12 -1.49164e-12
3.3482e-13 -7.98964e-13 -5.55338e-14
-1.44468e-13 -6.13645e-14 -2.08082e-14
-1.35926e-13 -7.0878e-14 3.90099e-14
3.45453e-13 2.68538e-13 -1.81974e-13
-1.12602e-12 5.65288e-13 1.15462e-12
6.37776e-13 -1.22652e-12 5.43906e-14
1.0519e-13 -1.12569e-12 1.278e-14
-4.50623e-15 2.44374e-14 -6.31513e-15
7.51259e-13 -8.46466e-13 5.36114e-13
-2.17965e-13 -4.08823e-13 -3.49615e-14
-2.24275e-12 -5.66372e-13 1.33212e-13
4.67269e-13 1.55947e-13 3.14295e-13
8.34487e-14 -1.72281e-13 -4.67418e-14
-1.36917e-14 -2.03484e-13 -9.39375e-14
-2.92943e-13 8.12682e-13 2.87402e-13
2.18974e-13 -6.89133e-13 7.16559e-14
-1.17525e-12 -5.29999e-13 2.07728e-13
1.31775e-12 -1.27336e-12 1.05068e-13
8.69933e-13 -1.01836e-12 -4.23039e-14
5.09867e-14 2.49722e-14 5.43319e-14
6.12998e-13 -1.69972e-12 4.59436e-14
4.93058e-13 7.65188e-14 4.38078e-13
1.85549e-13 2.74076e-14 -1.4397e-13
2.08854e-13 -9.36782e-13 1.5778e-13
-9.69547e-14 -6.45581e-15 -3.61031e-14
2.49541e-14 -5.15727e-15 -4.91511e-14
-4.12093e-13 -9.06807e-13 1.0153e-14
-1.3077e-14 4.30951e-13 1.97207e-14
3.81741e-13 -2.61759e-13 -9.89332e-14
3.2898e-13 -4.51189e-13 1.98986e-13
1.00197e-12 -1.49068e-12 -2.45992e-13
4.70774e-13 2.33146e-13 2.2379e-13
-3.60709e-14 1.66102e-12 5.65142e-14
-2.10851e-12 8.62896e-13 5.28978e-13
9.01692e-12 -1.23823e-12 2.59893e-13
2.0411e-14 2.17811e-13 5.4726e-14
7.146e-14 -1.83367e-13 1.1688e-13
-1.08591e-12 1.26522e-12 -6.93594e-13
1.60264e-13 -5.05017e-13 -1.19172e-13
1.95204e-12 -1.37407e-12 8.58911e-14
8.6115e-13 8.03681e-14 -2.06413e-13
2.63157e-13 -7.26025e-13 1.81346e-13
4.20026e-13 -1.39003e-12 -7.57677e-14
2.93999e-13 2.94805e-13 4.59501e-13
-5.19932e-14 5.22583e-13 1.96619e-14
-8.22164e-13 -6.37926e-13 9.35114e-14
7.10121e-12 1.3206e-12 6.94026e-13
2.31665e-12 -3.02671e-13 2.13414e-13
2.78516e-13 1.13886e-12 -4.93673e-13
-3.99821e-13 -1.74725e-13 -1.82801e-13
-9.46248e-18 3.97518e-20 7.22451e-15
-1.522e-12 -1.0506e-12 5.52411e-13
6.51983e-13 -7.01337e-13 4.24812e-15
2.6085e-13 -4.19788e-14 1.08762e-13
1.22812e-13 -5.80289e-13 -2.41657e-13
-1.05433e-12 6.68692e-13 3.44425e-13
1.52108e-12 -1.55492e-12 -2.83747e-13
-4.10449e-14 5.42112e-13 -2.58306e-13
5.32486e-13 -1.34391e-12 9.65627e-14
1.67105e-13 7.23452e-13 1.96858e-13
-2.36982e-13 -8.18989e-13 2.5133e-14
9.56506e-13 -1.60024e-13 -1.1644e-13
-2.72771e-15 -6.49969e-14 2.80781e-13
3.39536e-13 -1.24981e-12 3.73901e-14
-6.59426e-13 -1.05524e-13 -1.16364e-13
6.70119e-13 -7.41013e-13 1.47794e-13
6.64708e-14 -1.74015e-14 -9.56292e-15
-2.06922e-17 8.32667e-14 2.74514e-13
-4.94318e-13 -9.69023e-13 2.32644e-13
1.48881e-12 -5.79033e-13 -5.38057e-14
-3.09652e-14 1.24158e-14 4.67541e-15
-4.22645e-14 -5.61991e-13 1.18549e-13
-8.02899e-13 9.3091e-13 2.15033e-13
-1.9016e-19 4.342e-20 -9.10694e-20
6.38155e-13 -4.63658e-13 1.90742e-13
-1.7252e-12 6.8131e-13 1.82839e-13
-3.2614e-12 1.14756e-12 -9.53043e-14
2.02469e-12 3.18738e-13 1.24223e-13
1.4322e-12 9.49857e-13 2.596e-13
-5.55851e-13 4.15658e-14 -2.89804e-13
1.55546e-12 -3.33356e-13 -3.70624e-13
3.34273e-13 -1.42052e-13 -5.58582e-14
3.86849e-13 3.2503e-14 1.83148e-13
6.04651e-13 3.75702e-13 -1.19005e-12
-3.45911e-13 -5.94154e-13 1.22203e-13
8.70938e-13 1.21257e-12 1.39809e-13
2.22093e-13 -1.08258e-12 8.73966e-14
8.48301e-14 -1.06678e-12 1.07531e-13
1.52917e-12 -1.15587e-13 -7.5126e-14
2.94012e-12 -1.29345e-12 1.21692e-12
9.48763e-13 1.28367e-13 -3.72349e-14
3.8564e-13 -1.77389e-13 1.24738e-14
1.10239e-11 1.45361e-12 -1.09433e-12
-7.44719e-13 -4.52236e-13 2.15585e-13
5.32417e-13 -9.76295e-13 1.9062e-13
1.42619e-13 -2.25829e-13 1.09003e-13
6.56464e-13 -8.10959e-13 -6.90375e-14
4.1194e-13 -1.60269e-12 -1.23915e-14
1.48707e-12 -3.11804e-13 2.62261e-13
-2.44766e-16 5.91884e-23 -7.22357e-14
2.20579e-12 1.02378e-12 -3.68893e-13
-1.55256e-14 7.15342e-13 -2.82105e-13
-3.88627e-13 4.16162e-13 3.49423e-13
3.24605e-13 -6.619e-13 -3.57898e-13
1.38498e-13 -1.45716e-12 9.71869e-14
1.47091e-13 -7.87336e-14 -7.70729e-14
9.05328e-13 -1.6113e-13 -8.00829e-14
1.02193e-12 -1.53959e-12 8.48255e-13
1.98996e-12 -1.22907e-12 3.55226e-13
1.17886e-12 -1.26339e-12 -2.65893e-13
-1.35639e-13 -8.05037e-13 -1.09882e-13
-7.79506e-14 -8.59567e-13 1.10878e-13
-1.82389e-13 -1.22542e-13 1.1199e-13
1.7164e-12 -2.06106e-14 -1.68562e-14
-1.9922e-12 -8.89062e-13 3.60499e-13
-1.12144e-13 -8.43621e-13 2.73673e-14
1.72104e-12 -3.95549e-13 2.18906e-13
1.37671e-12 -5.52603e-13 -5.65887e-13
5.52273e-18 3.69798e-20 -4.21679e-15
1.0926e-13 -7.24224e-13 7.39499e-14
1.1386e-11 3.50037e-12 1.48168e-12
-9.61738e-13 -1.73516e-14 -5.22302e-14
3.67668e-13 5.37647e-13 5.1199e-13
1.25227e-12 -9.59724e-13 -3.30023e-13
5.61732e-13 -5.56521e-13 3.90254e-14
-8.64193e-13 1.15817e-13 -7.22153e-14
3.31131e-15 3.07995e-14 1.21736e-14
2.19398e-20 -3.57806e-21 1.06576e-20
7.3086e-13 -7.8346e-14 -4.33784e-14
-1.95486e-13 4.18929e-13 2.72472e-13
-7.3798e-13 2.99142e-13 -1.54951e-13
-3.23112e-13 5.92265e-14 1.64655e-13
1.47482e-12 -1.54592e-12 2.37958e-14
7.35565e-12 1.74134e-13 4.71071e-13
-3.85811e-13 -1.1169e-12 4.01931e-13
6.34928e-13 -6.09906e-13 3.94673e-13
-2.48901e-13 1.64878e-13 3.24421e-13
-1.84265e-13 -2.90574e-13 -3.20887e-14
-4.23859e-13 9.69428e-14 4.10795e-14
5.5675e-13 -7.10868e-14 5.62394e-14
9.03014e-15 1.42751e-14 -2.20811e-14
-6.31806e-19 7.10658e-20 4.82091e-16
-6.12531e-13 -2.04623e-13 1.0117e-13
-2.82159e-13 -4.39782e-13 -4.80479e-14
-1.86315e-12 -9.99816e-13 -6.99866e-14
7.47481e-13 -1.07745e-12 -3.42384e-13
7.10895e-13 1.72175e-13 8.76915e-14
-1.38859e-13 2.26679e-13 1.5897e-13
8.76179e-14 2.64717e-13 6.67615e-14
-9.29506e-13 -2.87045e-13 3.92409e-14
-1.73978e-13 1.73952e-12 7.71356e-13
1.20541e-12 -1.61136e-13 2.1097e-13
1.65755e-13 -1.08674e-12 1.65058e-13
-4.65431e-14 -5.67766e-14 4.08736e-13
7.8556e-13 -7.10004e-13 6.79379e-14
2.40328e-12 1.56479e-13 3.64502e-13
3.70428e-13 -9.58444e-13 -9.11624e-13
-1.65674e-13 1.22619e-13 1.23606e-14
-2.68424e-13 1.75319e-12 4.0665e-13
4.06846e-12 -2.94206e-13 -1.52136e-13
1.52743e-15 -3.68197e-14 -1.58621e-13
1.29647e-13 -2.57872e-13 -4.41812e-13
1.60096e-15 3.62875e-15 2.28419e-14
-7.46077e-16 1.79853e-14 7.74819e-14
-1.7256e-13 -6.62528e-14 -6.62626e-13
-4.46651e-13 -1.28651e-13 2.08516e-13
3.50914e-12 8.41758e-13 -7.72396e-14
3.90673e-12 -2.99378e-13 -8.69039e-14
8.5452e-12 -6.68673e-13 -1.49525e-14
2.27118e-13 -1.51721e-13 -5.76415e-14
4.70052e-14 1.15157e-12 4.42567e-13
-1.79675e-12 1.02203e-12 1.66114e-13
-6.06536e-13 -9.51298e-13 5.50762e-13
-6.7967e-12 1.70501e-12 3.77929e-13
5.98803e-14 -2.05055e-13 -4.35119e-14
-3.37987e-14 -9.67691e-14 1.65206e-14
1.04529e-12 -1.2676e-13 1.29764e-14
9.93637e-13 1.10825e-12 3.72264e-13
4.02859e-12 5.39047e-13 1.55343e-12
-3.37877e-13 -4.37518e-13 1.76084e-13
-1.86927e-13 3.56411e-13 7.26158e-14
-8.32361e-13 -6.36764e-13 -3.44356e-14
7.89962e-12 1.29992e-13 1.31397e-12
2.71505e-13 -5.49792e-13 -8.25101e-14
7.93971e-20 5.61901e-20 5.00634e-19
-1.03344e-12 -6.09315e-13 6.03357e-14
-9.93313e-13 1.71242e-12 4.32721e-13
-1.52427e-12 -2.64195e-13 1.27612e-13
3.13381e-12 1.62454e-12 1.10429e-12
3.46524e-12 -6.72431e-14 -2.23673e-13
-6.44149e-14 7.15733e-14 -1.2742e-15
-2.13344e-15 -1.41466e-14 1.86308e-13
-5.63332e-13 -1.72292e-14 5.87459e-13
-1.17346e-12 7.72126e-13 9.25633e-14
-4.42941e-14 2.95463e-13 -1.24817e-14
-4.59395e-15 1.07395e-13 -4.63379e-15
-9.79586e-13 1.72543e-12 2.24391e-13
2.36869e-12 -1.56882e-12 -9.84869e-13
-5.5466e-13 2.92427e-13 4.20464e-13
-2.51832e-13 2.70739e-13 2.12942e-13
1.39795e-11 2.12605e-12 5.80879e-13
1.72346e-13 -5.88744e-13 1.24579e-13
8.41677e-14 2.42543e-13 -2.1363e-13
-2.06442e-12 -9.50568e-14 -2.60953e-13
-1.11928e-12 -4.86541e-13 -1.29069e-13
2.18967e-13 -2.96893e-13 5.844e-14
2.24844e-11 7.24907e-12 2.15535e-12
-5.55218e-13 -5.33183e-13 9.99871e-14
3.75332e-12 -1.37139e-12 8.06965e-13
-2.03633e-13 -1.20951e-12 -1.8685e-13
-9.83013e-19 5.30588e-19 4.82082e-16
7.10326e-13 -6.48452e-13 -3.57526e-14
2.3376e-13 -1.04304e-13 8.66312e-14
-3.36149e-12 6.37305e-13 1.10172e-14
1.06965e-14 2.30159e-14 7.28048e-15
1.45757e-12 -1.72791e-12 5.3952e-13
5.7161e-13 7.28246e-13 6.92687e-14
5.2893e-13 1.62981e-12 -6.83439e-13
-1.38211e-13 2.41503e-14 2.3655e-13
-2.4476e-16 8.18056e-22 -7.22337e-14
9.11156e-13 -8.52634e-13 -2.05697e-13
3.11976e-13 -1.28922e-12 -4.07155e-14
1.45272e-12 -1.12512e-12 -9.36707e-14
-6.04174e-13 1.03259e-12 1.81416e-13
-1.33424e-12 3.54181e-13 -6.41098e-14
3.06521e-12 7.20177e-13 5.86464e-13
1.80489e-12 -1.20877e-12 1.02186e-12
-4.02553e-13 -8.42582e-13 1.07296e-13
4.50958e-13 -3.05723e-13 2.52867e-15
5.98509e-21 2.5921e-19 7.18082e-19
-2.85824e-14 -1.12159e-14 -4.26333e-14
-3.02978e-13 -1.33254e-12 -4.66862e-13
-3.32407e-13 -1.52909e-13 -1.26755e-14
1.55274e-12 1.9227e-12 -4.91071e-13
1.83859e-14 4.25936e-13 -3.33779e-13
-1.47395e-13 -3.95279e-13 1.07024e-13
1.86677e-13 -1.7537e-13 3.77692e-13
8.8866e-14 -3.87571e-13 -1.14256e-13
2.22547e-13 -8.96142e-13 -1.66457e-13
-6.84317e-12 -1.58486e-12 4.71647e-13
-8.41578e-14 -7.35804e-13 -6.20198e-14
-9.66149e-18 9.43931e-21 7.37626e-15
-2.61817e-12 -1.32362e-12 -8.51547e-13
6.4479e-16 4.27582e-15 -5.63117e-14
4.02623e-13 -8.52753e-13 3.03804e-12
-1.29617e-12 7.44589e-13 -1.10812e-13
4.22418e-13 -1.87262e-14 1.05072e-14
2.07746e-13 -1.51387e-12 -5.76042e-14
4.07991e-13 -1.33774e-12 1.21235e-13
-5.69215e-18 -9.98383e-22 4.34637e-15
-1.36546e-14 1.11329e-14 -2.01754e-13
6.42772e-13 -1.36275e-12 7.2521e-14
3.8993e-13 2.98356e-13 4.22626e-13
-3.16774e-13 -7.48129e-13 1.02503e-13
4.82249e-12 -8.41378e-13 4.92963e-13
-7.33522e-12 -4.10578e-12 -8.54661e-13
-1.11014e-13 3.92444e-14 3.27293e-13
-2.2175e-13 -1.45148e-12 6.39081e-14
-4.9466e-17 5.6662e-15 2.24925e-14
2.59604e-13 -1.64355e-13 -1.16808e-13
-1.05682e-14 9.30107e-14 5.07807e-14
2.23427e-12 -1.17023e-12 -1.1182e-13
-6.84121e-13 -4.62708e-13 2.22204e-13
1.80403e-14 -6.16879e-14 -2.72185e-14
5.1802e-13 -3.11083e-13 -8.73989e-14
-1.10067e-12 1.83852e-12 -2.0055e-12
-1.0598e-12 -3.05002e-13 -4.61964e-14
-2.0658e-12 5.7463e-13 3.78189e-13
-9.1901e-12 1.70288e-12 -1.22624e-12
-7.67801e-14 -1.21423e-13 1.16472e-13
4.55276e-12 -1.73675e-12 4.05767e-13
-3.71292e-13 -1.24479e-13 5.43214e-13
6.93082e-13 -4.5852e-13 -1.16755e-13
-7.41724e-20 -7.60974e-20 -2.93019e-19
-7.45526e-16 1.79849e-14 7.74801e-14
1.78785e-17 4.01223e-17 2.53021e-16
-2.88594e-13 -4.04966e-13 -4.13868e-14
2.63087e-14 -3.58825e-14 1.05813e-14
-6.50706e-14 -2.60728e-13 3.03819e-14
3.8212e-13 6.41247e-13 -9.81684e-15
2.23167e-12 -1.00571e-12 -9.80379e-14
6.54551e-13 -7.1967e-13 -1.59768e-13
-1.77248e-12 1.33344e-12 -2.97056e-13
5.2532e-13 -8.16618e-13 -8.89364e-14
-2.213e-13 1.09736e-13 3.05109e-13
1.22067e-13 -1.97389e-13 -5.25065e-13
1.01348e-15 -6.73953e-15 -8.80823e-14
-1.45425e-12 -2.82317e-13 -8.27953e-13
5.89196e-12 3.31569e-12 -6.1336e-13
1.88401e-12 1.39521e-13 -3.55844e-13
8.23943e-13 -1.36707e-12 3.89721e-14
4.71989e-13 -1.42363e-13 8.70651e-14
1.10887e-13 -5.0735e-13 9.35397e-14
-1.22248e-12 -1.33128e-12 2.20286e-13
1.30429e-12 4.43657e-13 5.33634e-14
-1.31708e-12 1.26176e-12 7.24e-15
6.71514e-12 4.00601e-12 3.48322e-13
2.0337e-11 1.18169e-11 3.55281e-12
-6.914e-13 1.72891e-12 4.9175e-13
-2.9782e-13 4.32275e-13 1.63584e-13
-6.16592e-13 -1.22236e-12 9.32272e-14
2.45715e-12 1.6839e-13 1.57785e-13
1.52858e-12 1.86136e-12 -3.03758e-13
1.77032e-13 1.97198e-13 6.95805e-16
7.66956e-12 -1.6878e-12 3.61216e-13
9.19141e-13 -9.88522e-14 1.00938e-12
-1.13079e-12 -4.51049e-13 3.25095e-13
3.35811e-12 5.33039e-13 7.19835e-14
-6.63774e-16 -5.34909e-21 -1.95892e-13
-4.87888e-13 5.57442e-13 1.80322e-13
-3.87118e-13 2.28165e-13 -8.33424e-14
-2.44179e-11 1.23283e-11 1.16369e-11
2.31846e-12 -9.66635e-13 -1.20343e-13
8.0726e-13 -8.71948e-13 5.03688e-13
3.6224e-13 2.61715e-12 -1.39062e-12
-2.04583e-12 -1.65323e-12 1.32947e-12
1.00563e-11 6.86498e-12 1.67928e-13
-3.34746e-13 -1.38055e-13 6.39251e-13
-2.8093e-19 -5.28694e-19 4.82082e-16
-1.64629e-12 4.63663e-13 -4.49935e-13
7.28708e-13 1.00157e-12 1.27245e-13
-1.06557e-12 1.14317e-12 -3.54845e-13
1.05234e-20 -7.9961e-20 -6.39987e-20
3.50606e-13 4.22239e-13 2.07498e-13
4.26802e-13 -3.32156e-13 2.09805e-14
-1.2645e-13 1.33274e-13 7.70685e-14
6.70946e-14 -4.39819e-14 1.64698e-13
-4.24742e-13 -1.18227e-12 4.49712e-13
7.78122e-13 1.25142e-13 4.83695e-13
-2.13391e-12 1.73997e-12 -1.03222e-13
9.26019e-14 -2.62006e-13 -1.18588e-13
-2.33169e-19 1.58379e-19 -2.4849e-19
8.15034e-13 -1.12946e-12 -4.42469e-14
3.52477e-13 -3.50963e-13 6.976e-14
-1.13356e-13 1.67044e-13 6.79516e-14
7.7906e-13 -1.72298e-12 -4.26828e-13
-5.46068e-14 1.53615e-13 8.38965e-14
-1.593e-12 7.65471e-13 4.84974e-13
1.07502e-13 3.0122e-13 5.78777e-13
7.17738e-13 -1.54493e-12 7.07142e-13
-1.93583e-13 4.38795e-13 -1.61976e-13
-2.66389e-12 -1.03563e-12 7.07963e-13
1.00185e-11 -1.73028e-12 -3.53368e-12
-6.20526e-13 -1.10033e-13 -1.74947e-13
2.18214e-13 -2.52522e-13 9.24423e-14
-5.43664e-13 -3.23137e-13 1.40551e-13
2.29411e-12 -1.88994e-12 7.49439e-13
-4.4671e-13 -1.72066e-12 8.05847e-13
4.9198e-12 -1.78368e-13 4.30766e-13
-1.82189e-15 1.2118e-14 1.58376e-13
-5.53089e-13 -1.03888e-13 1.19893e-13
-1.17792e-19 -6.04863e-19 2.77942e-19
2.62234e-11 6.84054e-13 8.89958e-12
-2.5474e-13 3.0768e-14 -1.39824e-13
-5.2927e-13 -1.12883e-12 2.17345e-13
2.05592e-15 1.36333e-14 -1.79547e-13
2.59271e-12 -5.8489e-13 1.97132e-13
1.78043e-13 -2.00802e-15 1.78175e-13
4.36013e-12 2.81751e-12 1.03249e-12
-3.43601e-13 7.79656e-13 6.26733e-13
2.69639e-11 -2.41347e-12 9.77622e-12
7.32352e-13 1.36924e-12 -1.40604e-13
2.12627e-11 -3.83238e-12 2.188e-13
-4.95091e-14 4.87474e-14 7.49294e-16
3.62837e-13 -2.83894e-13 -7.4473e-15
-7.49019e-20 1.90863e-19 4.77399e-19
-7.35282e-19 3.78282e-19 2.02001e-19
1.26915e-13 -3.92904e-13 1.81083e-13
2.84767e-13 -5.74683e-13 1.14222e-14
1.20225e-11 -1.64681e-12 -1.86944e-12
-6.66187e-13 -3.43997e-13 1.78593e-13
-1.94573e-12 -7.363e-13 2.18747e-13
-8.07758e-14 -2.91025e-13 7.71794e-14
-3.87631e-13 3.89661e-13 3.20756e-13
-3.38682e-13 5.01481e-13 4.65579e-13
1.46901e-13 -6.66383e-13 7.26385e-14
7.66175e-14 -2.17326e-13 -6.48401e-14
8.84014e-16 -1.91545e-13 -3.18584e-14
-2.59483e-11 2.8755e-12 -2.64769e-12
4.53573e-12 7.34407e-13 6.77775e-13
1.50832e-13 -6.75994e-13 4.79414e-13
2.48542e-12 2.74822e-13 9.01679e-14
1.68029e-14 -7.83478e-13 3.9134e-13
1.63484e-12 8.01069e-13 4.85928e-13
6.29489e-13 -1.1148e-13 -1.01399e-13
7.64238e-13 7.21965e-13 5.34329e-13
-1.82337e-13 -1.14089e-12 2.81745e-13
-1.93464e-12 -9.51723e-14 2.62517e-13
5.42518e-13 -3.77493e-13 5.84727e-13
-5.59374e-13 -3.88426e-13 -1.56674e-13
1.09363e-12 -1.0942e-12 7.58619e-14
7.41751e-13 -2.44298e-13 1.18338e-14
1.78695e-15 4.25939e-14 -1.84002e-13
4.76119e-12 -5.3566e-13 -1.71803e-13
-7.00126e-13 -5.78348e-13 1.9066e-13
1.81688e-12 1.67643e-12 -6.62697e-13
5.23856e-13 -4.40397e-13 -5.05245e-14
1.07209e-12 1.01051e-13 5.90284e-13
-8.40322e-21 1.56003e-21 -1.15541e-19
-2.67153e-13 -2.10869e-13 4.39767e-13
1.05812e-13 -6.47679e-14 -3.03827e-14
1.02576e-14 -6.64028e-14 -6.17114e-14
1.23187e-12 -2.45819e-12 2.82742e-13
-1.95738e-12 3.30288e-12 -1.37366e-12
-4.09338e-13 -5.43812e-13 2.12731e-13
3.2988e-12 2.05604e-12 -2.14669e-12
-2.70653e-13 2.23025e-13 3.02809e-13
1.41762e-13 -1.09269e-13 -5.98074e-14
9.49163e-18 6.55377e-21 -7.24676e-15
-2.14982e-12 -6.07206e-13 1.01212e-13
-4.58932e-15 -9.27725e-13 3.16205e-13
3.80677e-13 1.35733e-13 8.51107e-14
-3.41722e-13 3.563e-13 2.46595e-13
-7.03455e-13 1.25437e-12 -1.07571e-13
-2.64507e-13 -5.99928e-13 -3.9734e-13
7.67059e-13 -6.67835e-13 -1.0326e-12
-5.60145e-14 1.29779e-14 4.24217e-13
-1.50831e-15 -1.03714e-13 1.0808e-13
1.04312e-11 3.93248e-12 -2.99839e-12
6.01484e-13 -1.11913e-13 6.16399e-14
5.09488e-12 1.28896e-12 -8.98024e-13
-6.63075e-13 -2.44033e-14 2.15832e-13
-3.49382e-13 3.78897e-13 5.42832e-13
3.31312e-12 -7.09082e-13 6.08475e-13
2.61795e-14 2.02991e-15 2.41765e-14
-1.40394e-13 1.40081e-12 7.55007e-14
-1.35777e-13 -1.25049e-12 -5.11802e-14
-1.49487e-12 8.31014e-13 6.88286e-14
3.4959e-13 -4.76911e-13 1.4585e-13
2.27694e-12 -2.53845e-14 -3.38845e-13
-4.61848e-12 -1.34246e-12 9.78093e-13
3.66704e-13 -1.5847e-12 -3.26311e-13
-2.33468e-13 -1.5404e-13 -4.54692e-14
1.49495e-13 -1.2047e-12 3.89023e-13
7.54023e-13 -8.25069e-13 1.70009e-13
-2.24856e-11 9.74629e-12 1.90467e-12
-7.22198e-16 -4.78924e-15 6.30733e-14
2.33456e-12 -1.07576e-12 5.34774e-13
-3.98069e-13 -1.68737e-14 2.45213e-14
-1.67177e-13 -4.34785e-14 -1.20331e-13
7.54622e-12 -5.63478e-13 3.71127e-15
1.65956e-13 1.10223e-13 2.17338e-13
2.63403e-12 1.05614e-12 2.15923e-12
3.34668e-13 -2.28558e-13 6.66725e-15
-6.77986e-13 2.99886e-13 -2.13891e-13
2.70482e-12 3.74897e-12 1.65094e-12
-9.70062e-14 -5.93251e-13 -4.41056e-14
-3.70225e-14 -6.15374e-13 7.53511e-14
-3.28783e-13 3.86816e-13 1.80487e-13
2.98238e-12 3.8194e-13 -9.21371e-14
-5.43414e-13 -7.99238e-13 -3.6445e-13
2.69223e-13 7.45089e-13 1.73616e-13
4.61681e-19 6.2383e-21 -3.5236e-16
3.54162e-13 -1.09991e-12 1.62897e-13
1.92013e-13 -9.97248e-13 1.96346e-13
6.35966e-20 -1.16305e-20 7.64558e-20
4.91161e-15 1.2657e-13 2.70667e-14
3.62416e-14 -7.88835e-13 -8.33539e-14
6.98866e-12 3.63812e-12 -2.78209e-13
-6.00059e-14 1.15499e-13 2.66984e-14
2.72736e-11 9.04378e-12 4.43244e-12
-1.09168e-12 -1.01042e-12 3.71801e-14
-1.58425e-12 -7.95745e-13 5.84423e-13
-9.46186e-18 5.14952e-20 7.22451e-15
-5.39639e-14 1.64295e-13 2.51326e-13
-4.39526e-13 3.32748e-13 2.61798e-13
1.93849e-12 1.74864e-12 5.955e-13
-2.2735e-13 -3.07338e-13 2.97567e-13
9.80055e-14 -9.88007e-13 8.4323e-14
6.09155e-13 -1.33419e-12 -1.31134e-13
2.64781e-13 -3.67352e-13 2.08908e-13
6.53361e-12 -7.01355e-13 -7.21413e-14
6.69298e-13 4.23255e-13 -1.63201e-13
4.47703e-13 -1.71887e-13 -7.35507e-14
-4.04454e-13 -5.6747e-13 -1.81987e-13
-1.15224e-13 -1.28383e-12 2.37917e-13
-1.46807e-11 -4.44941e-11 3.51143e-12
-1.38945e-12 1.04606e-12 -6.43563e-14
1.32007e-12 -3.08096e-12 3.50427e-12
4.43003e-18 -3.42287e-20 -3.38226e-15
-5.98531e-13 -3.90096e-12 -4.03304e-13
-5.79578e-13 1.21505e-13 4.93335e-13
1.73959e-20 4.13177e-20 9.58559e-21
-4.77428e-14 3.46031e-14 1.21281e-15
8.82318e-14 7.52453e-13 -1.26381e-14
2.85174e-13 -2.24964e-13 -1.46349e-13
-2.53122e-13 -9.72793e-14 5.19641e-14
9.32255e-12 3.84348e-12 2.29677e-12
-1.32226e-12 -6.92216e-13 4.68368e-14
-1.77982e-13 2.13567e-14 -6.57941e-14
-2.84339e-12 -3.08743e-12 5.43813e-13
-4.77566e-13 -2.88023e-13 2.26432e-14
-2.08969e-13 7.54353e-14 1.98571e-13
-2.85114e-12 1.06179e-12 8.73954e-13
8.55759e-13 7.89365e-13 4.85594e-15
-4.28383e-12 -2.51751e-12 -2.40783e-13
2.59088e-13 -2.54012e-13 -2.89636e-14
-6.16235e-14 2.07741e-13 1.55623e-13
-5.76258e-13 1.65646e-12 1.01861e-12
4.97836e-13 -3.9957e-13 2.24171e-13
-4.82511e-13 3.82949e-14 4.0718e-13
1.3219e-13 9.65926e-14 8.10633e-14
-4.4743e-13 -4.86106e-15 9.84466e-14
8.18312e-13 2.15528e-13 2.71772e-13
-4.75445e-13 6.31975e-13 -2.83377e-13
-2.13081e-13 1.45593e-13 2.50308e-13
-7.57875e-12 1.65337e-12 2.35469e-13
4.01832e-13 1.73463e-12 5.0546e-13
-2.08771e-13 -9.88878e-13 -3.27189e-13
1.19738e-12 -1.07943e-12 5.40248e-14
-9.5776e-13 3.20581e-13 2.82367e-13
1.65703e-12 -6.6004e-14 -1.80155e-13
9.49143e-18 -2.21382e-21 -7.24676e-15
-9.66573e-13 4.68252e-13 -6.06526e-14
2.17791e-13 -7.32725e-13 -2.20927e-13
-2.27743e-12 7.96589e-13 -1.63416e-13
-4.57398e-13 5.44181e-13 4.12745e-13
4.3871e-13 -1.59545e-13 5.52352e-13
9.37484e-14 1.89936e-13 -1.94163e-14
2.60325e-11 -1.01866e-11 -1.65456e-13
-1.6142e-13 -1.63024e-13 -4.04335e-13
-2.13605e-14 -2.86914e-15 8.7351e-15
-1.04735e-15 4.15215e-14 1.05847e-13
-7.88299e-14 1.48922e-13 -1.1484e-13
-2.6433e-13 8.77547e-13 -1.71135e-13
3.03483e-13 4.0858e-13 -1.66506e-13
-7.53851e-13 -1.06638e-12 2.5546e-13
-1.37208e-12 8.03416e-13 2.8716e-13
5.26144e-13 4.09128e-14 -5.9153e-14
-8.20931e-13 2.65829e-13 2.70383e-13
5.50159e-13 -1.04621e-14 2.6451e-14
2.43028e-15 -1.61686e-14 -2.11313e-13
-2.2121e-13 2.96484e-13 1.81584e-13
2.28276e-12 1.62735e-12 1.22883e-13
-1.91425e-13 -1.65233e-12 -1.51092e-13
2.48949e-12 -1.39928e-12 6.75818e-13
1.07825e-17 9.92826e-20 -8.23297e-15
1.55599e-12 2.92805e-13 -5.22168e-13
-4.51444e-21 5.03492e-20 9.53608e-21
-1.56048e-13 -1.40116e-13 8.56037e-16
4.49763e-13 -4.14254e-13 1.10849e-13
2.0634e-11 3.55692e-12 4.29371e-12
-5.58437e-13 -3.48959e-13 -5.91536e-15
-2.82048e-13 3.39731e-13 5.51039e-13
5.51397e-13 -4.51122e-13 1.35107e-13
-2.07043e-12 -5.6728e-12 1.24097e-12
-2.44969e-13 -3.16142e-13 -3.84872e-15
-1.91807e-13 7.63221e-13 3.98299e-13
2.47975e-13 1.23051e-12 -1.07868e-14
1.05845e-17 -9.8137e-24 -8.08106e-15
-8.37276e-13 4.53207e-13 3.23722e-13
-2.2946e-13 -8.87049e-13 2.81187e-13
1.52732e-15 -3.68192e-14 -1.58619e-13
-1.96992e-12 8.71075e-13 1.04833e-13
3.0213e-13 -3.96066e-13 2.38741e-13
8.24492e-12 -7.57317e-13 1.86456e-13
-2.06956e-12 2.00613e-13 9.82803e-13
3.56277e-13 -3.81867e-13 6.46938e-14
2.77389e-13 -9.17024e-14 1.72821e-13
2.71284e-12 1.74253e-12 -1.05008e-14
2.43897e-11 3.74879e-12 2.38943e-12
1.97862e-11 -1.00678e-11 1.07961e-12
6.47075e-13 -2.32965e-13 1.27305e-13
1.64738e-12 -1.06282e-12 -5.40042e-13
-1.43447e-12 5.02668e-14 -1.3724e-13
8.98573e-13 2.78061e-13 -8.44682e-14
-2.15762e-12 4.27018e-13 -2.02035e-13
4.42829e-12 1.35327e-12 4.88614e-13
-1.01794e-12 -1.91991e-12 -4.30591e-13
-8.83507e-13 4.47453e-12 -1.88979e-13
2.21766e-13 5.88797e-13 -9.62034e-14
-5.01592e-13 2.90525e-13 -2.14073e-13
3.1391e-13 -1.51851e-13 -1.97766e-14
-8.12898e-13 -5.63984e-13 -1.0595e-13
-1.02073e-12 -3.96651e-14 1.20927e-13
2.03784e-12 5.99866e-13 -4.672e-13
-3.7532e-13 -4.33537e-13 -1.42762e-13
-5.27657e-12 1.4309e-12 2.95821e-12
-3.18904e-12 3.68005e-13 -1.98357e-13
2.79287e-13 1.06318e-12 -3.61683e-14
-1.21697e-12 4.9796e-13 -2.01909e-13
1.27606e-13 1.11867e-13 1.88768e-14
3.71689e-12 5.03376e-12 1.82208e-13
-3.00441e-12 5.00659e-12 4.5884e-13
4.14069e-13 -5.36371e-13 -1.48985e-13

VECTORS force float
2.4837e-15 7.76919e-15 3.09452e-15
1.86262e-17 -4.41297e-17 -2.16782e-17
1.964e-18 -3.62105e-18 4.05211e-18
6.41831e-18 9.91463e-18 -5.7959e-18
-3.79931e-17 4.38876e-17 -1.35545e-17
9.06489e-18 7.16217e-17 -2.61973e-17
0.0 -1.87068e-25 0.0
1.84854e-16 1.95903e-17 1.00124e-17
3.05904e-19 3.6165e-17 -2.62825e-17
2.48154e-24 0.0 -6.61744e-24
1.4827e-18 6.47335e-18 -4.34607e-18
-6.46235e-27 -3.91877e-27 0.0
2.47702e-17 -9.40499e-19 2.05038e-18
-2.44433e-17 2.64921e-17 2.31797e-17
-4.83654e-18 1.31772e-17 -6.00573e-18
2.85179e-17 -8.89674e-18 3.98383e-19
-2.30128e-17 2.91877e-17 -1.08438e-17
1.44271e-17 1.22132e-19 -5.87523e-18
-5.80419e-18 -8.52948e-18 -1.15798e-17
3.47266e-18 7.04639e-19 4.38922e-19
-1.48026e-17 3.77854e-17 2.56448e-17
3.97363e-17 -2.14226e-17 -1.9032e-17
-6.57524e-18 3.55979e-17 -6.34521e-18
-1.35652e-17 -3.79955e-17 8.12358e-20
9.34907e-18 -1.33713e-17 -9.7953e-18
1.9417e-17 1.49142e-17 -1.34982e-17
-4.9606e-17 1.74793e-17 -1.46225e-17
2.90311e-17 -5.76311e-18 -4.56377e-17
1.5468e-17 9.10886e-18 -1.26009e-18
-2.55024e-17 2.33087e-17 -1.06607e-17
-8.19e-18 -2.27646e-17 -1.16979e-17
2.01144e-17 6.82964e-17 -4.40992e-18
-1.25046e-17 -2.01262e-17 1.09779e-17
-6.19156e-17 -1.04264e-17 -5.31381e-19
-2.70373e-18 -6.84019e-18 3.94386e-18
9.90182e-18 1.30909e-17 1.48472e-18
1.98603e-17 -2.34574e-17 -4.76542e-18
1.18037e-17 3.47811e-17 1.70523e-17
0.0 -1.30389e-27 0.0
3.62045e-17 1.79508e-17 9.92204e-18
-3.47257e-19 -6.14802e-18 -2.94407e-18
8.62303e-19 7.29858e-17 -5.34349e-17
1.56744e-17 3.94251e-17 -5.24427e-17
3.66014e-16 9.04519e-18 -1.24239e-16
1.22803e-17 -1.72198e-17 5.18355e-18
4.9945e-18 -2.16009e-18 -1.06713e-17
-6.85286e-20 -2.13902e-18 6.08342e-20
-1.40172e-17 -4.24449e-17 -1.20565e-17
3.3115e-17 -4.94358e-18 -9.55497e-18
-2.71459e-17 1.60679e-17 -2.88772e-17
-7.07567e-17 6.42665e-18 2.24076e-17
-1.66437e-17 1.0599e-17 6.31378e-18
-5.49171e-18 1.59322e-17 -3.16946e-18
-8.06501e-24 0.0 0.0
-8.73074e-18 2.25806e-17 -5.59833e-18
-1.46171e-17 1.7547e-17 1.99901e-20
3.1176e-17 -3.83735e-18 -1.13664e-18
-3.48815e-17 -6.36599e-18 3.69189e-17
3.04183e-17 -8.0116e-18 6.53658e-19
3.12118e-18 6.41231e-18 1.42632e-18
-1.2651e-17 3.12743e-18 1.61233e-18
-3.27946e-17 -3.88661e-18 -7.81606e-18
1.60391e-17 1.79748e-17 -9.12223e-18
0.0 -2.13406e-24 0.0
5.20828e-17 -7.4813e-18 3.39045e-18
1.78878e-23 -1.65436e-23 0.0
1.77089e-17 -1.06701e-17 -2.41357e-18
3.90126e-17 3.29348e-18 -4.93348e-17
1.04652e-17 -2.32642e-17 -4.90511e-18
6.49094e-18 7.34211e-18 1.79854e-18
-1.75279e-17 4.24011e-18 -3.55076e-18
9.49206e-20 -3.73086e-18 -6.51157e-20
1.39626e-17 4.89299e-17 -2.85559e-17
-8.86192e-17 -9.31634e-17 -3.92291e-17
1.99923e-17 1.32427e-17 -4.0821e-17
1.70008e-16 -5.8968e-16 -1.78389e-16
-2.48004e-17 1.22373e-17 2.21302e-17
-4.89912e-17 2.43357e-17 -6.26107e-18
0.0 -1.65436e-24 0.0
-4.41558e-18 1.24893e-17 -6.00458e-18
6.24862e-17 6.32103e-17 4.34475e-18
-2.49291e-17 9.00466e-18 -3.53545e-18
2.13826e-17 -1.37915e-17 4.80162e-19
7.58936e-17 4.14382e-17 -6.02836e-17
1.53461e-18 1.7219e-17 -1.11469e-17
-6.97753e-17 2.07209e-17 -1.91164e-17
2.45112e-17 7.15905e-18 1.42571e-18
-4.04528e-17 -4.27184e-18 -1.9567e-17
2.71712e-17 1.09104e-17 -1.77355e-17
-7.58138e-18 6.68325e-18 1.067e-18
5.26606e-19 1.10426e-17 4.23302e-18
4.93982e-19 9.70652e-18 -9.38788e-18
0.0 2.72551e-28 0.0
-2.17985e-16 9.74951e-17 -5.90252e-17
-3.17288e-18 -2.45728e-17 -1.02597e-17
-1.65436e-24 -4.1359e-25 0.0
1.74173e-17 6.94481e-19 -1.67792e-18
5.62346e-17 -6.71136e-17 8.9677e-19
9.27893e-18 -5.13621e-18 -3.3509e-18
2.81895e-17 -3.36491e-18 2.61268e-17
9.80875e-18 2.56547e-18 5.72935e-19
-6.51174e-18 9.65076e-18 -9.49942e-18
-2.63582e-17 -1.64589e-17 -1.16974e-18
0.0 2.01109e-25 0.0
-8.27874e-18 3.41351e-17 5.85914e-18
2.88613e-17 3.3103e-17 -1.41378e-17
3.33971e-16 3.97486e-17 9.44322e-17
1.62013e-17 -4.93464e-17 -1.38565e-17
1.86616e-18 2.80546e-18 1.753e-17
1.24512e-16 2.45891e-17 3.00368e-18
4.13316e-17 5.22942e-17 1.67093e-17
3.52806e-17 6.84769e-17 1.43574e-17
2.45411e-17 5.24278e-17 -1.20529e-17
3.54418e-18 -4.65646e-18 5.65898e-17
-9.02711e-17 -1.71971e-17 -5.16826e-17
2.10218e-16 -5.81376e-17 8.6481e-17
1.2874e-17 -2.68404e-20 5.42525e-19
-5.74559e-18 4.96187e-18 3.47381e-18
-3.79694e-18 -2.82745e-18 1.84325e-18
7.46583e-18 3.7869e-17 7.05571e-18
1.06224e-17 -9.05364e-18 -8.42088e-18
-2.62781e-17 9.40908e-18 -9.52748e-18
3.11039e-17 -1.64005e-17 -9.19766e-18
3.12538e-17 3.10968e-17 -5.85969e-18
1.8771e-17 -2.17313e-17 8.33774e-17
1.72766e-18 -4.28063e-18 -1.13273e-18
2.84323e-17 4.55058e-17 1.12321e-17
-6.10329e-18 2.32462e-17 -5.60025e-18
4.52375e-17 1.102e-17 -1.27505e-17
3.18573e-17 1.85515e-17 -1.27235e-17
1.32996e-16 -9.40622e-17 -3.16992e-17
-7.85708e-18 1.59186e-17 2.1449e-18
1.83553e-17 -3.45854e-17 -1.1129e-17
-5.85137e-17 3.16811e-17 -2.94291e-17
-1.97168e-16 -1.01746e-16 -3.44334e-17
-6.46235e-27 2.65274e-27 0.0
-2.1953e-17 -8.77045e-19 8.80385e-18
9.01067e-17 4.04794e-17 -1.83951e-17
3.51366e-18 -1.09919e-17 -3.13128e-17
2.83587e-18 -1.32532e-18 3.01628e-18
-3.46383e-17 -2.97462e-18 4.69507e-18
-4.15046e-19 3.87391e-18 -2.0315e-18
4.77896e-18 4.06308e-17 1.3039e-18
-1.21974e-16 5.68903e-17 -1.80317e-17
-1.55419e-16 8.50056e-17 6.54599e-17
9.12643e-18 -6.77859e-18 -1.22894e-18
2.56329e-17 2.35701e-18 -3.01368e-17
7.21877e-17 8.82097e-18 2.74443e-17
-6.46235e-27 -8.15862e-26 0.0
-5.68649e-17 -4.09823e-17 1.64159e-17
7.83069e-18 -3.72125e-18 -5.6765e-18
-5.72621e-17 2.96769e-17 5.7576e-18
-7.65836e-17 6.72101e-17 -1.81262e-16
-1.89448e-17 6.06501e-17 -9.98105e-20
1.27184e-16 2.50349e-17 -2.33901e-16
2.80826e-17 -6.12963e-18 1.42772e-18
5.26963e-17 -2.1829e-17 3.52109e-18
2.18747e-17 5.34301e-19 -3.03321e-18
0.0 1.02857e-26 0.0
-1.23255e-17 -3.05392e-18 -3.31158e-18
1.05344e-16 -1.49077e-17 2.36923e-17
-5.05784e-17 -1.70049e-18 -1.25356e-17
-8.54848e-17 5.97816e-17 2.5224e-17
1.92935e-17 -4.76026e-17 3.06372e-18
2.0558e-16 4.53244e-17 -1.82166e-16
-8.87185e-17 1.73802e-17 -2.03319e-17
-2.91643e-17 -3.51508e-17 -3.94776e-17
-4.37764e-17 -6.61356e-17 -6.26934e-18
-5.14098e-19 4.87952e-19 8.14316e-19
9.63202e-17 1.27255e-16 1.44606e-16
1.52895e-17 8.28213e-19 -2.73443e-18
6.91909e-18 -4.95056e-18 2.03804e-18
1.26661e-17 1.85043e-17 -5.61186e-18
6.2484e-17 2.58112e-17 -2.90241e-17
4.11563e-17 3.49465e-18 -3.31586e-17
7.70515e-18 -2.09686e-17 -6.17461e-19
1.01855e-17 8.00449e-18 -1.15112e-18
6.06183e-18 1.25632e-19 1.31027e-18
2.96047e-16 6.22282e-17 9.0418e-17
-7.77259e-18 -6.40202e-18 5.23413e-18
1.78352e-17 -5.58334e-17 -6.55565e-18
-7.80734e-18 1.16657e-17 -2.9036e-18
-1.01031e-16 1.53591e-16 9.87618e-17
1.36811e-17 -2.72152e-18 -6.82947e-18
-8.81124e-18 1.08413e-18 9.01911e-19
-6.01603e-17 3.51028e-17 -8.59336e-18
2.50701e-17 -2.64372e-17 -1.28738e-17
4.28426e-17 -9.6269e-18 -1.35689e-17
-1.84432e-17 2.06816e-17 -5.54934e-18
-8.61402e-18 -5.08535e-18 1.23863e-17
-1.4174e-18 1.45662e-17 1.48705e-17
-6.29941e-19 -1.12611e-17 1.20693e-18
4.15782e-17 -3.89597e-17 1.82127e-17
-1.41723e-17 -3.28108e-17 1.99939e-19
1.3825e-16 4.74584e-17 3.67732e-17
-1.47166e-17 2.88591e-17 5.37434e-18
-4.66292e-19 2.21771e-17 1.15265e-18
1.48262e-16 -1.52453e-16 -2.76113e-16
-7.76703e-17 7.42846e-17 -2.78457e-17
-4.78691e-18 5.45318e-18 -3.45638e-18
-5.74468e-18 -1.53914e-17 -5.10337e-19
-5.13346e-18 3.06669e-17 1.73388e-18
4.05732e-17 1.43773e-17 -2.09169e-18
-2.95709e-16 2.80936e-16 4.37436e-16
3.32208e-17 1.40205e-16 7.30295e-19
-3.64419e-17 -3.26523e-17 -4.82999e-17
-4.90963e-17 3.17271e-17 -3.15569e-17
6.56489e-17 1.17127e-17 -5.63778e-17
4.59048e-17 -4.17268e-17 3.86068e-19
-2.34671e-17 3.98069e-17 2.92398e-18
-3.53241e-16 -3.26818e-17 1.17392e-17
3.18301e-17 -1.03512e-17 -3.2381e-17
4.51551e-17 3.1396e-17 -5.81491e-17
2.55532e-17 1.79276e-17 1.14571e-17
6.46235e-27 2.46044e-24 0.0
1.27121e-18 6.66618e-17 1.46578e-18
3.54589e-18 -2.803e-18 -3.31173e-18
6.64434e-17 -3.84249e-18 -4.94703e-18
-5.77285e-18 4.84855e-17 -5.40973e-18
-9.98335e-17 3.86975e-17 1.86912e-17
2.46012e-17 3.05155e-17 3.08717e-17
4.73977e-17 2.86358e-17 -1.58376e-17
2.70172e-17 2.17795e-17 -2.06184e-17
1.22871e-17 2.22379e-18 7.36688e-18
2.77708e-17 -3.64733e-17 -1.04794e-17
1.29247e-26 1.57181e-27 0.0
-6.05793e-18 7.12116e-17 1.38381e-17
0.0 -1.68124e-24 0.0
-2.7806e-18 -2.90657e-18 -2.67728e-17
-3.90214e-17 4.19269e-17 6.69957e-18
7.93154e-17 1.83217e-17 -4.75636e-17
-8.6337e-24 -1.77844e-23 0.0
4.82724e-17 2.52277e-17 2.27465e-17
5.36979e-19 -7.14274e-18 -9.43094e-18
-1.25269e-16 8.28761e-18 1.79255e-17
2.55386e-17 -1.51617e-17 -2.21034e-17
0.0 -3.30872e-24 0.0
-1.64533e-17 1.4657e-17 3.2582e-18
-1.40652e-17 -2.05483e-17 6.23175e-18
-2.83154e-18 2.86783e-18 2.78753e-19
2.08581e-16 -2.416e-17 -3.67091e-17
-6.86388e-18 -1.66636e-17 -7.745e-18
-2.99932e-17 -1.58209e-18 -4.88156e-18
1.5539e-17 -2.15803e-17 1.22873e-18
-3.24045e-17 1.1974e-17 -4.86544e-17
-7.03104e-24 5.37667e-24 0.0
5.90208e-17 7.86504e-17 -1.41564e-17
-3.01182e-18 1.20301e-17 -6.32622e-18
3.236e-17 3.0384e-18 3.90233e-18
1.06553e-19 3.65902e-17 -1.67345e-17
1.0493e-17 4.09947e-17 -2.57226e-17
5.58347e-24 -4.1359e-25 0.0
6.74407e-18 -3.72656e-18 1.53324e-18
6.89024e-18 2.27645e-18 3.39384e-18
1.30933e-16 3.77578e-17 -1.10249e-17
4.48589e-18 3.19511e-17 1.2053e-17
0.0 4.33343e-26 0.0
6.61943e-18 1.1296e-16 4.79268e-17
7.34244e-17 -1.71398e-17 4.03354e-17
4.59891e-17 1.73475e-18 7.11436e-18
6.57737e-17 -1.29037e-17 -1.63061e-17
-4.09924e-19 2.43915e-18 -1.0974e-17
9.64951e-18 6.42551e-18 1.33257e-17
1.86699e-17 1.70464e-17 -2.43773e-18
4.8391e-16 -5.50978e-16 -3.97711e-16
1.30157e-16 -1.39573e-17 -6.45935e-17
5.23558e-18 -4.07491e-17 3.06633e-19
1.87949e-16 9.28538e-18 -2.09106e-17
2.35018e-17 1.92658e-17 1.02382e-18
2.80882e-17 9.60502e-18 -1.31653e-17
7.81221e-17 -4.41843e-17 5.47296e-18
-6.82327e-18 -8.15183e-19 -1.05983e-17
2.75928e-16 -2.5055e-17 1.90983e-16
-1.49474e-16 -1.13907e-18 -8.59724e-17
2.29187e-16 3.14486e-17 -4.01799e-17
-2.05533e-17 4.98337e-17 1.4645e-17
-6.49833e-19 -1.39245e-17 1.04716e-17
4.51802e-17 -2.33877e-17 1.1924e-16
-5.21829e-17 9.91006e-18 1.53882e-18
-1.19091e-17 2.02492e-17 5.23484e-18
9.61782e-18 5.44939e-18 -6.98388e-18
-1.00874e-16 -8.63624e-18 1.17786e-17
-1.45755e-17 2.24092e-17 2.15194e-18
-8.32824e-18 1.84985e-17 4.28757e-19
1.37e-16 1.36625e-16 2.96041e-17
1.06046e-17 3.2172e-17 -1.61919e-17
1.56493e-16 5.47133e-18 -5.53165e-17
-2.32378e-17 1.21473e-17 5.33456e-17
-4.67202e-17 6.29933e-18 1.66143e-18
1.51432e-17 9.24507e-18 -3.23593e-20
7.39373e-18 -1.82021e-18 1.47651e-17
-4.49429e-17 1.29742e-17 -2.04852e-17
3.19774e-16 -1.03524e-17 4.54773e-17
5.25654e-17 -2.04392e-18 3.80265e-19
4.00464e-17 8.39044e-18 -1.03351e-17
1.29212e-18 7.98593e-20 1.80462e-18
1.41247e-16 2.25818e-17 3.88656e-17
8.14355e-18 -1.89064e-17 1.37659e-18
1.23347e-16 6.79351e-17 2.11002e-17
1.19301e-16 -4.58519e-17 -6.5462e-17
-1.53058e-17 2.12407e-17 5.76387e-18
-1.87229e-17 1.05097e-17 -7.93303e-18
3.18225e-17 1.3475e-16 5.29931e-17
2.06052e-17 2.80196e-18 -2.32873e-18
1.20678e-18 -2.36589e-17 7.02606e-18
7.43737e-18 3.21288e-17 -4.70559e-18
-4.48286e-17 2.28855e-17 -2.50163e-17
2.25461e-17 3.50444e-18 -2.87446e-18
3.25455e-17 6.43565e-18 7.22911e-18
-6.79229e-18 6.45092e-17 -1.77352e-17
4.74956e-19 7.81691e-18 6.1006e-17
1.13874e-17 7.44776e-18 -2.20009e-17
3.07062e-18 5.73334e-18 -2.68945e-18
-3.07905e-17 1.4992e-17 6.09169e-18
-2.94633e-17 3.02809e-17 -6.32787e-19
-1.589e-17 1.85449e-16 -1.1497e-16
-2.64014e-17 3.04157e-17 5.5917e-18
1.5196e-17 4.31013e-18 1.2585e-17
-8.22391e-18 6.41839e-19 2.43173e-18
4.53657e-17 1.93306e-17 -1.73071e-17
-5.58173e-17 1.29257e-16 1.0735e-17
1.74412e-16 2.19096e-17 7.35821e-17
4.47671e-16 -8.86784e-17 1.8864e-17
-1.55619e-17 3.57177e-18 -1.42002e-18
1.01562e-17 -3.46323e-18 -1.24026e-17
-1.13041e-16 6.20334e-17 -9.19638e-18
-1.32402e-17 1.76614e-17 -8.22401e-18
-2.49718e-16 8.24498e-17 -2.62979e-17
1.70136e-17 -1.02538e-17 -7.74072e-18
-2.02507e-18 1.47242e-17 1.74912e-18
2.17882e-17 -6.40201e-18 -2.94893e-19
-1.24072e-17 1.35774e-16 1.52831e-17
-1.29363e-18 -4.60264e-18 5.42379e-19
7.54615e-18 -2.34492e-17 3.95472e-18
2.3011e-16 1.44451e-16 9.81905e-17
-1.53598e-17 -6.10969e-17 -4.18524e-18
1.87298e-16 -1.24055e-17 -1.25697e-16
8.39718e-18 2.32092e-17 -1.33374e-17
-6.46235e-27 1.2006e-25 0.0
1.05952e-16 5.75187e-17 2.74507e-17
-3.55454e-17 3.91026e-17 -3.48688e-17
-2.34465e-17 1.65874e-17 1.08238e-17
3.95578e-17 3.09379e-17 -5.64146e-18
1.34894e-16 2.88819e-16 -9.33579e-17
-1.52566e-16 5.6193e-17 -2.0013e-16
8.6036e-19 3.79415e-17 -4.83291e-17
-3.51956e-17 3.68244e-17 7.10024e-17
-1.31161e-17 7.67871e-17 -2.4569e-17
-2.06284e-17 2.35586e-17 6.91064e-17
1.50731e-17 -2.85683e-17 -2.06385e-18
4.07903e-23 -1.65436e-24 0.0
4.02675e-16 -6.80228e-17 -3.9741e-17
-3.74747e-17 1.91077e-18 1.8252e-18
-4.61485e-17 4.27383e-17 3.86055e-17
1.28028e-18 -6.89519e-19 -2.54835e-18
-1.01191e-22 0.0 0.0
2.53482e-17 2.67627e-17 1.26018e-17
-2.31401e-16 2.37483e-16 -9.2706e-17
-2.81421e-18 -9.8737e-19 6.83885e-19
7.47991e-17 2.94702e-17 -4.72439e-17
-6.96013e-17 1.03678e-16 2.50166e-17
-9.92617e-24 3.30872e-24 0.0
6.99676e-18 1.86848e-17 -3.57428e-18
1.39655e-16 -2.89676e-18 2.24346e-17
-1.32699e-16 1.40091e-16 -5.16558e-17
-1.02087e-16 1.28157e-17 -5.33542e-17
6.43938e-17 -4.38874e-17 -4.05215e-17
6.09237e-17 -1.2475e-17 -2.95172e-17
-8.25934e-17 1.09477e-17 -4.64159e-17
-1.30736e-17 7.07166e-18 6.79175e-18
2.35313e-17 -2.52431e-17 -7.87465e-18
-1.62748e-16 1.63231e-16 -4.90406e-17
3.13424e-17 -4.25339e-18 1.2799e-17
4.09765e-18 5.74647e-17 3.50283e-17
-1.82351e-16 1.26278e-16 -8.65274e-17
4.16147e-17 -3.77504e-17 -7.84456e-18
2.77111e-17 -2.61081e-17 2.48591e-17
1.84899e-16 5.77072e-17 -8.80407e-17
1.35973e-17 -3.75741e-17 -2.0949e-17
2.59982e-17 9.19267e-18 1.70516e-17
1.03802e-15 -5.2611e-16 -5.92955e-16
2.17363e-17 -3.72561e-18 4.31327e-18
-1.19396e-17 5.1022e-18 -2.11567e-17
-2.64681e-17 1.55028e-17 1.80217e-18
1.92126e-17 -3.17138e-17 -4.46799e-18
3.42244e-17 2.82527e-17 -2.50419e-17
4.2162e-17 1.47322e-16 -8.59465e-17
0.0 -9.91222e-26 0.0
-1.42561e-16 -6.32838e-17 8.56297e-20
5.17589e-17 -5.25651e-17 1.12208e-17
-1.63189e-17 -1.21061e-17 3.41718e-18
-1.53593e-16 1.53816e-16 -6.14355e-17
2.17842e-17 5.01688e-18 -6.1079e-18
-3.76137e-17 8.65372e-18 3.18426e-18
2.6472e-17 -1.18183e-17 6.88278e-18
8.52697e-17 -6.65189e-17 7.50108e-17
-3.98976e-17 4.80784e-17 -1.73084e-17
-1.20628e-16 -1.88068e-17 -4.41565e-17
1.31412e-17 -1.33813e-18 -7.12408e-19
2.39025e-17 -1.02121e-17 1.15713e-18
-3.80497e-18 -3.63309e-17 3.32249e-18
-7.07445e-18 3.25344e-17 2.55867e-18
2.23566e-16 2.14937e-17 4.34707e-17
9.68597e-18 -1.12867e-17 9.63554e-18
-1.80066e-17 2.84087e-17 1.94251e-18
-8.30444e-17 -1.26676e-17 1.74053e-17
6.46235e-27 9.9703e-25 0.0
1.44819e-17 -4.10387e-17 7.29645e-18
-7.68255e-16 3.48437e-16 1.79998e-16
2.18889e-18 -3.18383e-18 -1.08133e-17
5.61535e-18 2.37055e-17 -7.88604e-18
1.96501e-17 4.99496e-17 1.79258e-17
2.82839e-17 2.32612e-17 -1.98726e-17
3.38743e-17 5.88266e-17 4.72679e-17
-1.2278e-18 1.16854e-18 -4.56207e-19
0.0 0.0 0.0
-1.55625e-18 9.87036e-17 -6.53771e-17
-3.11264e-17 5.59376e-17 -3.52189e-17
5.19258e-17 1.28178e-17 4.07667e-18
-1.00261e-17 1.31582e-17 3.99505e-18
-4.51381e-18 2.00925e-17 -5.76365e-17
3.46801e-16 -1.1108e-17 -5.4799e-17
1.28052e-16 7.55569e-17 1.85024e-18
1.0719e-16 -5.31558e-17 -9.38863e-18
-2.42234e-17 -7.01192e-18 2.87809e-18
4.52411e-17 -1.09874e-16 -6.1916e-17
-1.70927e-17 1.57607e-17 -1.21172e-17
-2.65406e-17 1.19584e-17 5.05128e-18
2.20146e-18 -5.99774e-19 -1.27185e-18
0.0 2.24863e-24 0.0
-5.70641e-18 3.10658e-17 -2.9219e-18
1.24271e-17 5.19059e-19 -1.86472e-17
-2.00797e-17 -1.23861e-17 -8.52639e-18
-1.42859e-17 6.29106e-17 4.06933e-17
1.00369e-17 -8.55176e-17 -2.94565e-17
4.74103e-18 5.32887e-18 4.39193e-19
1.12979e-17 2.79571e-17 4.47366e-19
2.24187e-17 1.35304e-17 4.29249e-18
1.69491e-16 7.55083e-17 -3.81047e-17
-1.33737e-17 -4.08535e-17 5.28136e-18
3.92852e-17 2.41431e-18 -1.60093e-17
-2.72776e-18 -6.17876e-17 1.81356e-17
-3.24167e-17 -2.61463e-17 2.79053e-17
7.08621e-17 -1.61514e-17 2.90246e-16
-1.48508e-16 1.32763e-16 -9.96292e-17
9.44426e-18 5.42539e-18 8.33798e-20
1.44063e-16 -1.56739e-17 1.59989e-17
3.52779e-17 -2.49144e-17 -7.11538e-17
-1.28833e-22 -1.65436e-24 0.0
4.06177e-17 -2.6797e-17 3.99448e-17
-1.13737e-24 -8.27181e-25 6.61744e-24
-3.61892e-25 0.0 0.0
-2.97506e-16 2.25839e-16 -1.34618e-16
1.97932e-17 1.2052e-17 -2.23303e-18
-8.71076e-17 1.27503e-16 2.23225e-17
5.47011e-16 -1.51301e-16 -8.06449e-17
-3.40818e-16 -7.1373e-17 -1.71259e-16
2.99165e-17 -3.12079e-19 7.75098e-18
-9.47678e-18 6.33733e-17 -4.73093e-17
-3.04111e-17 3.02686e-18 -2.72345e-17
2.01009e-16 1.37295e-17 2.16529e-17
7.74167e-16 -7.47392e-17 5.45475e-17
-1.73762e-17 9.55139e-18 -3.19569e-18
-6.76647e-19 1.05633e-17 1.43688e-18
2.77472e-17 2.69048e-17 3.44026e-17
1.51601e-16 8.00743e-17 3.34586e-17
3.16094e-17 4.12051e-16 1.27403e-16
4.06761e-18 -2.76933e-17 1.45287e-17
1.03301e-17 2.76913e-17 8.92921e-18
1.86893e-17 3.11636e-17 2.35451e-17
1.64086e-17 8.44714e-17 7.72926e-17
2.14672e-17 6.02404e-17 -2.97109e-17
0.0 0.0 0.0
4.1053e-17 2.54755e-17 2.68702e-17
5.16971e-17 -5.60627e-19 1.74599e-17
3.70566e-17 -1.22779e-17 -3.21879e-17
-3.23225e-16 3.82928e-16 -1.02487e-16
1.48036e-16 4.20998e-17 6.40933e-17
-2.61526e-17 3.38827e-17 4.85075e-18
8.08569e-23 -9.51258e-24 0.0
1.23013e-16 1.06866e-17 -1.4087e-17
-4.69125e-17 -3.09676e-17 5.11502e-18
1.18641e-16 8.64565e-18 3.10036e-17
-1.96468e-18 -6.968e-18 -4.50698e-18
-9.53492e-17 4.80158e-17 -2.68242e-17
-3.4009e-17 5.00022e-17 -3.40052e-17
-8.31995e-17 7.95877e-17 5.41614e-17
-3.61744e-17 -3.94503e-17 -3.03675e-18
-7.90745e-16 6.84653e-16 2.23146e-16
-3.04891e-18 -6.56157e-18 -1.91717e-17
-2.20266e-17 6.3267e-17 -3.0543e-17
-1.33765e-16 6.64373e-17 -2.82989e-17
-1.02857e-16 -7.62657e-17 4.48694e-17
-1.31736e-17 1.02796e-17 -8.46702e-19
-6.97903e-16 8.46019e-16 2.56045e-16
-4.52208e-17 -1.08992e-17 -1.56623e-17
-7.89862e-18 1.1538e-16 4.27563e-17
-8.75061e-18 9.6724e-17 -1.29284e-17
-7.96161e-24 1.22009e-23 0.0
-2.97882e-17 5.29128e-17 -1.31058e-17
-1.98444e-17 -1.58546e-17 1.07182e-17
3.42375e-17 6.74401e-17 2.06539e-17
6.20644e-19 -1.02043e-18 5.25696e-19
-9.48811e-17 -8.33639e-19 -2.18912e-17
1.48487e-16 1.68488e-16 -2.69535e-17
-5.76872e-17 2.99754e-16 1.81168e-16
7.85033e-18 -6.75578e-17 4.37788e-18
0.0 -3.45493e-25 0.0
-3.29554e-17 4.69143e-17 1.11894e-17
-2.40394e-17 5.99205e-17 1.03706e-17
1.00951e-16 1.40631e-16 2.03459e-17
-1.9064e-17 -5.25962e-17 3.14043e-17
-8.61263e-17 1.98328e-17 1.95361e-17
4.87855e-16 -4.64504e-17 -3.40284e-17
2.93764e-17 2.13751e-17 -1.41685e-18
3.69622e-18 -5.21275e-18 -3.23513e-18
-3.30651e-17 -2.00186e-17 -1.0686e-17
0.0 0.0 0.0
-2.2893e-17 -4.24165e-18 -1.01717e-17
4.66972e-18 3.11643e-17 7.34245e-19
-4.16107e-17 -5.26152e-17 -3.71957e-18
1.46661e-16 3.50291e-17 -3.70093e-17
5.45923e-17 -1.09603e-16 -1.01983e-17
-1.75229e-17 -1.10777e-18 -1.23142e-18
-3.83936e-18 1.81533e-17 -1.10458e-18
-1.02508e-17 7.3577e-18 -1.04599e-17
-1.08665e-17 3.44105e-17 2.85001e-18
2.59116e-16 5.98897e-17 6.21344e-17
-3.31851e-17 -1.28531e-17 6.39075e-17
0.0 -9.93458e-25 0.0
3.01802e-16 2.61585e-16 3.5729e-17
-8.11671e-24 1.24077e-24 0.0
1.58994e-16 -2.03625e-16 5.18688e-17
-6.75161e-17 3.35934e-17 3.63331e-17
-2.80869e-17 3.48475e-17 2.2963e-18
-3.61989e-17 6.38949e-18 3.01121e-17
-1.63707e-17 7.36056e-17 -1.9085e-18
0.0 -1.13157e-24 0.0
2.10688e-17 -6.17582e-18 1.62274e-17
-4.85451e-17 -1.65806e-17 5.48267e-18
-3.16988e-17 3.16447e-18 -4.89899e-17
3.57807e-17 -3.08107e-17 -2.46047e-18
5.75761e-17 9.21084e-17 -7.76697e-17
-4.10286e-16 1.89591e-16 -6.3818e-17
-3.54272e-18 2.53276e-17 -1.00711e-17
8.5871e-18 -2.53569e-19 -4.23844e-17
1.55096e-25 8.27181e-25 -6.61744e-24
-1.27864e-17 5.05323e-18 1.19403e-17
-1.45315e-17 8.49059e-18 4.92056e-18
-7.46218e-17 1.53118e-17 1.21642e-17
-5.9913e-17 -1.72211e-17 -1.44031e-17
-1.67644e-19 1.03418e-18 -5.23294e-19
-2.34542e-17 8.17045e-19 -9.61958e-18
-1.6791e-16 3.36106e-16 -1.36683e-16
2.28325e-16 -1.44293e-18 1.24383e-16
7.26409e-17 2.38752e-16 -7.90523e-17
-2.13958e-17 1.68822e-16 1.10033e-16
3.05729e-17 3.72193e-17 4.0016e-17
2.46496e-16 1.30172e-17 2.86793e-16
2.2223e-17 -4.08815e-17 -1.25469e-17
-3.50655e-17 -6.44833e-18 2.23163e-18
0.0 0.0 6.61744e-24
-2.42519e-22 -1.32349e-23 6.61744e-24
-1.03398e-23 -2.48154e-24 0.0
3.95015e-17 -9.20429e-18 -1.18579e-17
-2.97979e-18 -8.09545e-19 -1.1976e-18
-7.06452e-18 1.00805e-17 2.77818e-17
5.16069e-17 -2.92607e-17 5.0163e-17
2.33963e-17 2.33429e-17 -8.2958e-18
-3.59864e-18 -1.52985e-17 -1.0716e-17
-6.12381e-17 1.24972e-16 -1.22112e-17
-6.98796e-18 -1.74744e-18 -3.17882e-18
-4.1613e-18 3.23455e-17 -2.50362e-18
4.69643e-17 1.44447e-16 -9.70518e-17
-9.25408e-24 6.20385e-24 0.0
8.20393e-17 -1.15941e-16 4.61838e-17
5.27327e-16 -4.74252e-16 -4.57316e-16
-7.17902e-17 -1.33423e-16 1.21373e-17
1.93031e-19 5.25651e-17 -1.36045e-17
6.03302e-18 1.0207e-17 -3.07608e-18
2.45512e-16 1.0007e-16 -5.06656e-17
8.72685e-17 6.69559e-17 1.09267e-19
-6.66185e-17 -3.57054e-17 -1.39109e-17
-4.143e-17 -5.28855e-17 1.33713e-18
3.69753e-17 2.74755e-16 2.01292e-17
-9.56111e-16 1.24551e-15 -3.08809e-18
-3.47119e-17 -1.00984e-17 -2.07445e-17
3.85516e-17 -1.04928e-16 -4.03612e-17
1.23453e-17 3.18498e-17 2.81659e-17
-1.11111e-16 2.44035e-16 7.5442e-17
6.02671e-17 1.18926e-16 -1.01901e-16
-2.95596e-18 2.23263e-18 1.54594e-18
-3.25039e-17 -1.0977e-17 -1.04181e-16
8.47846e-17 7.35339e-17 7.6415e-17
8.45432e-17 8.09997e-18 -6.85508e-18
3.05903e-16 -8.57126e-17 7.17761e-17
0.0 -1.43774e-25 0.0
-1.33213e-17 -4.92951e-17 5.82987e-17
1.19288e-17 -2.54236e-19 2.57738e-17
-1.45181e-15 -5.44278e-16 -4.58618e-16
-1.19693e-16 3.06479e-17 -3.52797e-17
4.81606e-17 -6.68861e-18 3.90227e-17
-1.51006e-16 -4.56451e-17 -4.44326e-17
8.29854e-17 -9.34365e-17 8.9306e-18
-4.41127e-16 4.91186e-17 1.14226e-16
2.56303e-17 6.80029e-18 -1.49992e-17
8.27181e-24 -1.22009e-23 0.0
1.16114e-16 1.53423e-16 -8.71376e-18
1.70943e-16 1.07724e-16 -5.41787e-17
-5.08904e-17 4.55183e-17 2.43234e-17
-1.65436e-24 0.0 0.0
6.21893e-17 1.68806e-17 -6.89028e-17
-1.09548e-17 -9.1701e-19 1.67182e-17
-5.78219e-19 -3.07664e-17 -1.85129e-17
-7.40895e-18 -6.57497e-18 1.87287e-17
-2.00368e-17 2.68213e-17 1.01793e-16
8.32399e-17 -1.14201e-17 -2.3236e-17
3.11974e-16 -4.04289e-17 5.17331e-17
7.33141e-18 3.08121e-18 -1.34342e-17
3.30872e-24 -3.30872e-24 -6.61744e-24
-2.16085e-17 4.66414e-17 2.6773e-17
-2.65059e-18 1.78454e-17 1.3526e-17
6.99944e-18 -2.82323e-18 -1.90286e-17
1.27906e-17 -3.55614e-17 2.8419e-17
-2.37356e-17 -2.3963e-17 1.32325e-17
-1.49522e-17 2.0699e-16 -7.74605e-17
9.92323e-17 1.03566e-16 -3.5539e-17
-3.48561e-16 6.67333e-17 -5.91051e-17
1.53154e-17 1.17753e-17 9.82197e-18
-9.5968e-18 3.17364e-17 9.33142e-17
-3.03202e-16 -9.04361e-18 3.70188e-16
-7.03016e-17 8.55465e-17 6.87965e-18
1.71619e-17 -1.18358e-17 3.27782e-18
9.14001e-17 6.67006e-17 -1.32276e-17
2.62857e-16 1.36186e-18 -2.90892e-17
-8.49312e-17 2.94142e-17 1.1419e-16
2.8772e-16 1.4045e-17 4.8426e-16
4.3427e-24 3.72231e-24 0.0
3.29236e-17 -7.87052e-17 -1.47572e-18
-8.27181e-25 -1.65436e-24 0.0
-1.83378e-16 -1.33265e-16 3.65838e-16
-3.69782e-17 5.36717e-17 -2.45191e-17
6.908e-17 -4.11247e-17 9.96902e-17
-5.89366e-24 1.24077e-24 0.0
-3.00521e-17 6.30944e-17 -1.89908e-17
2.87684e-17 6.16686e-17 6.22679e-18
-2.74981e-16 2.48897e-16 -4.35423e-17
2.35412e-18 6.06667e-18 2.95354e-17
-5.665e-17 1.66588e-16 -1.53958e-17
-1.18388e-17 8.19282e-17 -7.8673e-17
1.1245e-16 6.67256e-16 6.80921e-16
1.21657e-17 1.13714e-17 1.38582e-17
1.85929e-17 1.7024e-17 3.41796e-17
-1.65436e-24 -1.65436e-24 0.0
-3.30872e-24 3.30872e-24 0.0
2.12593e-17 3.13132e-17 2.48001e-17
-4.48708e-18 2.15343e-17 -3.31616e-17
-4.33596e-17 1.67916e-17 -1.25031e-16
-6.04017e-17 -7.37879e-18 1.53141e-17
-2.27849e-17 3.72677e-17 1.02779e-17
-6.51854e-18 -1.73083e-17 3.29163e-19
-2.54168e-17 -2.71848e-17 3.57527e-18
6.44187e-18 -6.75155e-18 -1.99621e-17
1.71853e-18 -2.92868e-17 2.72237e-17
4.12336e-18 4.64386e-18 3.49161e-17
-9.23554e-18 -2.34414e-18 -8.52917e-18
-1.77567e-16 -1.50535e-17 1.88846e-16
1.94521e-16 1.19246e-16 1.1895e-16
-3.31417e-17 3.40232e-17 -1.54979e-17
-1.39382e-17 3.13364e-17 1.01016e-17
-1.07938e-16 6.54904e-17 3.28812e-18
1.05986e-17 2.49742e-17 -6.87536e-17
-2.16968e-17 1.75035e-17 -7.56246e-18
1.2375e-16 1.6927e-16 -4.90552e-18
3.10142e-17 2.81043e-18 3.50798e-17
-1.61171e-16 5.57387e-17 -7.63445e-17
1.1019e-16 3.86874e-17 7.72113e-18
1.3138e-17 1.23812e-16 6.3183e-17
-3.0228e-18 6.08613e-17 4.23336e-18
1.22064e-16 1.17988e-17 2.50723e-18
-3.57756e-23 1.65436e-24 0.0
3.74215e-16 -1.73196e-17 -1.45226e-16
-8.37212e-17 -1.50488e-17 -5.07221e-19
-1.41046e-16 3.56409e-19 4.65696e-17
-3.3258e-17 1.77691e-17 -1.21669e-17
2.52146e-17 4.09463e-17 -6.70731e-18
0.0 0.0 0.0
5.12546e-18 -2.20574e-17 -7.21405e-18
-1.15774e-17 4.38784e-18 -2.04836e-17
-1.13061e-17 1.52812e-17 -7.81674e-18
-1.74561e-17 3.22398e-17 -1.64007e-17
-1.90538e-17 4.28946e-16 -1.29972e-16
-3.65296e-17 -1.8334e-17 -5.10377e-19
-2.43664e-17 -3.43146e-17 4.99324e-16
-4.46656e-18 4.90573e-17 5.14887e-17
2.74908e-17 -1.8303e-17 4.68722e-17
6.46235e-27 -2.73726e-24 0.0
8.53924e-17 1.51524e-17 4.23804e-17
1.61928e-16 6.1562e-17 3.61945e-18
5.28917e-17 -4.07056e-17 -6.84727e-18
-1.64757e-17 -6.16213e-17 1.77225e-17
-6.95169e-18 -4.97262e-17 6.4781e-18
1.10746e-16 8.13841e-17 7.80381e-17
-2.62273e-16 1.02763e-16 -2.20394e-16
9.37756e-18 -2.04768e-17 -1.34546e-19
1.12084e-17 -1.23915e-17 5.08038e-18
-7.37839e-16 -5.42173e-18 4.87459e-16
2.46931e-17 -5.95856e-17 2.42212e-18
-2.6057e-16 -2.93445e-17 1.30102e-16
2.85814e-17 6.02019e-18 -1.1106e-18
1.44073e-17 -3.48746e-17 -6.42872e-19
-6.49586e-17 2.09156e-16 4.75566e-17
1.50615e-17 -3.32915e-17 -2.70725e-18
-1.90461e-16 1.19171e-16 -1.76642e-17
-4.87581e-17 5.72638e-17 9.95957e-18
3.06745e-17 -2.84159e-17 -2.53978e-17
-3.76067e-17 -3.57474e-20 4.10147e-17
-1.72625e-18 2.18748e-17 -1.68704e-17
9.53356e-17 -1.14212e-16 3.97873e-18
1.21947e-16 -7.73314e-17 5.05507e-18
5.05532e-18 -2.04019e-18 -4.03882e-19
-1.99826e-18 2.87221e-18 1.34623e-16
1.44113e-17 4.76946e-18 -9.3206e-18
4.64345e-16 -5.34389e-16 3.87892e-16
1.44757e-24 8.27181e-25 0.0
-3.42468e-17 5.27866e-17 9.37435e-17
2.01142e-17 -9.57412e-18 -1.47393e-17
-1.50575e-17 -7.14872e-18 -4.81813e-17
-1.01932e-16 -7.75213e-17 -4.13057e-17
-5.41287e-18 -6.79878e-17 -2.25893e-19
5.54333e-17 -2.6009e-17 -2.7195e-17
-1.45973e-17 -3.05013e-17 -2.21481e-17
6.90752e-17 1.72463e-17 4.11854e-17
-1.40411e-17 1.04961e-16 1.79815e-16
4.24486e-17 8.64734e-18 -1.20549e-18
-1.03848e-17 -6.5991e-18 3.16058e-18
-1.48822e-16 3.98218e-18 -2.08502e-17
1.43345e-16 3.46303e-17 4.45797e-17
-4.51933e-17 7.14868e-18 2.37848e-17
1.56431e-16 1.66828e-16 -3.97677e-17
0.0 7.03387e-25 0.0
5.99269e-18 -2.73373e-17 -1.27225e-17
3.31501e-17 -1.94471e-17 3.81665e-17
0.0 0.0 0.0
-1.33297e-17 -7.88474e-18 2.8245e-17
1.39129e-17 4.44828e-17 -1.76828e-17
-3.25389e-16 1.08078e-16 1.26143e-17
-5.86025e-18 -9.08653e-18 -3.26388e-18
1.1164e-16 -1.4764e-16 -4.72873e-16
1.09507e-16 7.9721e-17 1.36833e-18
-5.42982e-17 -4.43649e-17 -1.57298e-18
0.0 5.91286e-24 0.0
-2.4908e-17 -3.6909e-17 1.04499e-17
-1.41804e-17 -8.27103e-18 -6.06776e-18
2.23566e-16 -1.13749e-17 -9.74365e-17
1.47488e-16 -4.89659e-17 4.42914e-18
2.38569e-17 -2.93826e-17 2.34893e-19
6.21129e-18 5.31431e-18 -1.02992e-16
2.38371e-18 2.03112e-17 -1.23703e-18
3.57545e-16 -8.46173e-17 4.49776e-17
2.27157e-16 5.37448e-17 -1.12077e-17
-9.42014e-18 -5.147e-18 1.51577e-17
2.73818e-17 -2.72069e-17 2.65619e-18
3.94772e-18 3.63008e-17 -1.03511e-16
3.98999e-16 8.82153e-15 -4.03172e-16
-9.92852e-17 1.01393e-16 7.4516e-18
-8.58691e-17 -7.00612e-17 1.52728e-16
0.0 1.24443e-24 0.0
1.76176e-16 2.28922e-16 4.88165e-16
4.97324e-17 -5.83849e-17 -1.26535e-16
0.0 0.0 0.0
7.68556e-18 -1.99618e-17 -5.42354e-18
-7.40488e-18 -1.77764e-17 -5.22539e-18
-1.39766e-18 8.77109e-20 -2.42739e-17
2.56284e-17 -5.70768e-18 -3.38574e-17
4.64247e-16 1.34638e-16 5.77069e-17
3.09784e-18 3.78241e-17 3.1491e-17
1.42519e-17 -1.69958e-18 -1.22586e-17
-3.90596e-16 1.47513e-17 2.62614e-17
2.73886e-17 1.33101e-17 1.3464e-17
7.16939e-18 -1.1774e-17 -3.42007e-17
-1.03907e-16 3.17744e-17 -5.93053e-17
2.7232e-17 -1.11448e-17 4.58443e-18
-1.65935e-16 -8.04358e-18 7.1619e-17
-1.43198e-17 -1.78349e-17 1.07376e-17
-6.31066e-18 2.11325e-17 -1.00111e-17
2.2442e-16 1.29796e-16 5.15136e-17
1.06537e-16 1.96002e-18 -3.24781e-17
1.83326e-19 -1.72248e-17 4.05284e-17
-1.73632e-18 1.13097e-17 5.14953e-18
3.51677e-17 -1.72007e-17 -2.06103e-18
-8.42063e-17 4.90896e-17 -1.33231e-17
-7.74397e-17 9.94346e-17 9.87943e-18
4.14873e-18 -4.70505e-19 -1.94929e-18
4.0863e-16 3.51661e-17 8.12403e-18
1.55874e-16 -7.13371e-17 3.80107e-17
-4.13894e-17 1.67392e-17 4.69301e-17
9.805e-17 -3.62289e-17 1.05927e-17
8.8071e-18 -1.6579e-18 -1.42945e-17
-1.40438e-18 -3.94746e-17 -2.6216e-18
0.0 -2.9457e-25 0.0
-5.62632e-18 4.89589e-17 4.9782e-17
-2.52583e-17 2.33324e-17 -1.20199e-17
1.07915e-16 2.12413e-18 -1.21787e-17
2.03644e-17 -4.88568e-17 -2.96614e-18
1.44522e-17 -1.56814e-17 -7.11748e-17
5.28235e-18 1.14981e-17 3.63501e-18
-1.63965e-16 2.43054e-15 -2.32058e-16
2.03475e-16 2.19513e-16 -3.99943e-17
5.10238e-19 -3.14891e-18 1.58218e-18
3.64115e-22 0.0 0.0
1.81521e-17 -1.27347e-17 1.27001e-17
1.94216e-17 1.8582e-17 4.71864e-18
-8.21565e-18 -3.39822e-17 1.58655e-17
1.26015e-17 1.89137e-17 7.82572e-17
1.43867e-17 -5.60456e-17 3.10218e-17
-1.28298e-17 -2.78664e-17 9.13997e-18
3.65972e-17 -4.99867e-17 1.71417e-17
-1.22491e-17 -1.13875e-17 1.42118e-17
3.66544e-23 3.72231e-24 0.0
2.96878e-18 -4.15516e-17 9.69965e-18
-4.29481e-17 9.18828e-18 -2.53599e-17
8.98764e-17 -1.72892e-17 -2.99083e-17
2.89116e-16 7.25456e-18 4.20867e-17
0.0 1.65713e-23 0.0
1.80871e-16 -3.31539e-17 9.96369e-17
0.0 0.0 0.0
-1.01037e-17 -1.48356e-17 -6.31535e-18
-4.93282e-17 -1.81256e-17 -1.28488e-17
-2.00661e-16 1.9551e-16 4.13142e-16
-1.17271e-19 3.06322e-17 -1.15777e-17
2.80919e-17 -5.01528e-18 -8.06303e-18
-2.5807e-17 6.83043e-17 -2.24321e-17
6.37155e-17 -1.5241e-16 1.65452e-17
-2.75625e-17 -1.28274e-17 6.64213e-18
-9.3716e-17 -1.35494e-17 -5.05476e-17
6.62194e-18 1.01088e-17 5.49063e-17
0.0 2.01835e-26 0.0
2.60251e-19 -2.77075e-17 -7.61616e-17
2.97415e-17 2.06148e-17 -2.93397e-18
-2.17135e-24 1.65436e-24 0.0
-1.36017e-17 -1.47163e-17 -8.36848e-18
1.38272e-18 -6.07006e-17 6.08114e-17
-1.51231e-16 -2.11154e-16 9.26733e-16
1.86075e-16 2.40743e-17 -3.29291e-17
7.15549e-18 5.46633e-18 9.19126e-18
1.46688e-17 3.20868e-18 -1.54789e-19
-4.62905e-16 -2.60758e-17 -3.97766e-17
-4.81447e-16 3.91466e-16 3.2129e-16
-1.30164e-15 1.62534e-16 8.32316e-16
-2.24528e-17 -1.09275e-18 -2.26107e-17
1.90016e-16 1.44993e-16 -9.12868e-17
-3.46109e-17 3.29952e-17 -2.34968e-17
1.12494e-16 -1.04843e-16 1.72081e-17
-2.90919e-17 -5.72046e-17 1.24274e-17
2.61253e-16 1.23324e-16 1.34458e-17
1.42476e-16 2.11958e-18 -3.47641e-17
2.07427e-16 -2.24551e-16 -8.14983e-17
7.05235e-17 1.10959e-16 -2.87676e-17
5.35381e-17 -3.27462e-17 1.9243e-18
-5.0364e-18 1.6011e-17 1.52007e-18
2.47923e-17 -2.45203e-18 8.77869e-18
-1.62957e-17 1.34387e-17 -5.15715e-18
-8.37068e-17 1.45192e-16 -5.14254e-17
8.41935e-18 1.62966e-17 5.41429e-18
4.20348e-16 3.36554e-17 1.48087e-16
-2.15021e-16 1.10834e-16 2.5247e-17
4.87232e-18 -3.98513e-18 2.13386e-17
-1.21064e-16 1.08599e-16 2.67266e-17
8.17284e-19 1.67331e-18 -3.63782e-18
-4.6485e-16 4.52697e-18 7.11901e-18
4.4823e-16 -4.51118e-16 3.41657e-17
1.15028e-17 -4.1468e-17 2.43049e-17
