# vtk DataFile Version 3.0
LIGGGHTS particles timestep 14600000
ASCII
DATASET POLYDATA
POINTS 885 float
0.0743222 0.0163477 0.00800383
0.0800511 0.0153895 0.009029
0.0740165 0.015808 0.00842171
0.0810403 0.0166602 0.00775686
0.0753291 0.0178557 0.00729018
0.0742159 0.0182894 0.00734457
0.080887 0.0161207 0.00804126
0.0799157 0.0170003 0.00762046
0.0821774 0.018466 0.00700011
0.0860825 0.0176955 0.00726702
0.0863136 0.018796 0.00706844
0.0862402 0.0172334 0.00744325
0.0823837 0.0179876 0.00720537
0.08238 0.0182579 0.00707522
0.0859536 0.0171463 0.00747128
0.0750696 0.0171629 0.00767002
0.0803585 0.0163182 0.00792622
0.0804546 0.0192 0.00733496
0.0861449 0.0179795 0.00719301
0.0860181 0.0174206 0.00736846
0.0800628 0.0163718 0.00818408
0.08153 0.0189149 0.0071682
0.0807441 0.0170681 0.00754168
0.0748726 0.0184939 0.00730288
0.0857591 0.0163667 0.0078666
0.0687975 0.0153438 0.009322
0.0800995 0.0177744 0.00734825
0.080555 0.0167634 0.00787276
0.0799269 0.0158883 0.00824751
0.0698447 0.0169095 0.00789486
0.0747028 0.0191123 0.00730074
0.0861756 0.0169611 0.00755114
0.0814808 0.0179954 0.00714341
0.079099 0.0147939 0.0104693
0.0799865 0.0172252 0.00743504
0.0863071 0.0175084 0.00733453
0.0858247 0.0166072 0.00769968
0.085889 0.0168722 0.00757458
0.0804261 0.0168617 0.00762035
0.0802042 0.0170379 0.00752158
0.0817009 0.01721 0.00753515
0.086615 0.0176257 0.00730034
0.0812449 0.0178229 0.00721122
0.0696988 0.015417 0.00897255
0.0744649 0.0170647 0.00784153
0.0815903 0.0166798 0.00778291
0.081128 0.0173013 0.00745435
0.0862054 0.0182438 0.00706477
0.0804747 0.0181939 0.00708758
0.0801582 0.0180615 0.00741222
0.0819019 0.0183473 0.00700144
0.0819802 0.0171196 0.00759663
0.0806374 0.0175878 0.00728496
0.0862565 0.0185212 0.00696252
0.0812314 0.0189222 0.00719696
0.0816101 0.0169501 0.00765425
0.079952 0.0169325 0.00791042
0.080178 0.0157041 0.00853417
0.0810356 0.0170135 0.00758673
0.0811021 0.0177921 0.00747324
0.0802968 0.0186391 0.00735238
0.0817078 0.0185664 0.00706705
0.0810821 0.0192034 0.00727909
0.0801391 0.0167795 0.00765942
0.0818287 0.0189298 0.00714484
0.0813863 0.0191747 0.0072446
0.0819334 0.0173868 0.00746515
0.0812542 0.0164763 0.00785906
0.0800385 0.0174855 0.00729548
0.0820476 0.0181147 0.00712259
0.079227 0.0148529 0.00988974
0.0795348 0.0156356 0.00864948
0.0863704 0.0177856 0.00723229
0.0816198 0.0186773 0.00733152
0.0687413 0.0194636 0.00722361
0.0804752 0.0156808 0.00856701
0.0815216 0.0177263 0.0072754
0.0742841 0.0185812 0.00733269
0.0814201 0.0186393 0.00711085
0.0806449 0.0188682 0.00723677
0.0803259 0.0165764 0.007777
0.0824592 0.0174534 0.00746707
0.0791635 0.0147914 0.0101764
0.074987 0.0190173 0.0072873
0.067242 0.0151865 0.00995658
0.0746449 0.0187939 0.00730959
0.0794157 0.0153377 0.00915601
0.0727073 0.0150292 0.0122785
0.0813337 0.0170473 0.00758971
0.0745952 0.0200475 0.00728955
0.0856979 0.0161757 0.00808962
0.0856358 0.0159772 0.00830582
0.0796455 0.0158883 0.00876714
0.0799938 0.016112 0.00804366
0.0755309 0.0159632 0.00820355
0.0861109 0.0166887 0.00765901
0.0808376 0.0173736 0.00747358
0.0804019 0.0179554 0.00727304
0.07951 0.0157572 0.00900043
0.0803035 0.0172619 0.00769467
0.0756953 0.0172695 0.0076169
0.0814934 0.0182658 0.00701421
0.0805924 0.0160419 0.00810687
0.0670359 0.014937 0.0107961
0.080111 0.0155474 0.00878108
0.07987 0.0157304 0.00849611
0.0742048 0.0155289 0.00903513
0.0678623 0.0168401 0.00796116
0.079982 0.0172722 0.00773129
0.0741449 0.0179979 0.00734508
0.0797773 0.0164993 0.00813848
0.0760711 0.0167131 0.00765322
0.0797543 0.0154146 0.00899298
0.0802933 0.0174165 0.00743778
0.0792905 0.0150087 0.00964137
0.0738503 0.0159779 0.0086048
0.0802235 0.015863 0.00828385
0.0811779 0.0180955 0.00707575
0.0808239 0.0158944 0.00822788
0.0818894 0.0168596 0.00771574
0.0800685 0.0163884 0.0078846
0.079631 0.0150997 0.00948858
0.0752365 0.0160174 0.00818394
0.0809756 0.0163694 0.00789819
0.081314 0.016777 0.00771837
0.0679632 0.0160408 0.00854172
0.0807896 0.0168059 0.00768013
0.0824306 0.0177218 0.00733619
0.0763922 0.0175735 0.007239
0.0756924 0.0186828 0.00725591
0.0688702 0.0200516 0.00723516
0.0796516 0.0159851 0.00817807
0.0683142 0.0187678 0.00721437
0.079699 0.0162598 0.00830128
0.0678694 0.0157443 0.00843299
0.0740134 0.0174165 0.00740971
0.0798135 0.0155723 0.00874476
0.0678078 0.0155604 0.00866193
0.0738399 0.0166693 0.00778344
0.0803529 0.0189239 0.00727676
0.0808812 0.0186835 0.00736298
0.0802888 0.0160659 0.00807268
0.0747641 0.0194058 0.00729216
0.07513 0.0162722 0.00800383
0.0755679 0.0191624 0.00725379
0.0817798 0.0179871 0.00716667
0.082094 0.0178488 0.00725342
0.0755486 0.016413 0.00787149
0.0809339 0.0176332 0.00728227
0.0743892 0.01611 0.00817404
0.0743559 0.0188724 0.0073267
0.0855738 0.0157783 0.00852174
0.0810958 0.0180713 0.00736327
0.068075 0.0155095 0.0088117
0.0764537 0.0172896 0.0073136
0.0750483 0.0193108 0.00727873
0.0737475 0.0154757 0.00880585
0.0821448 0.0175836 0.00738417
0.0750319 0.0178881 0.00731533
0.0806562 0.0162864 0.00794509
0.0796709 0.0160563 0.00851989
0.0822341 0.0172694 0.00754099
0.0681528 0.0164706 0.00822285
0.0749829 0.0165883 0.00778328
0.0804083 0.015524 0.00881385
0.0747326 0.0179079 0.00732095
0.0797161 0.0162158 0.00799751
0.0798468 0.0167191 0.00769885
0.0741835 0.0151538 0.00926319
0.0754101 0.0166898 0.00767742
0.0751327 0.0167932 0.00762041
0.0803511 0.0176599 0.00723183
0.0805939 0.0185976 0.007356
0.0697697 0.0178098 0.00728421
0.0814275 0.0173135 0.00746778
0.0795899 0.0157934 0.00840037
0.0748532 0.0163737 0.00794814
0.0809343 0.018947 0.00722987
0.0752595 0.0164863 0.00783844
0.0744332 0.0179154 0.00733685
0.0801792 0.018144 0.0071021
0.0685681 0.015405 0.00913636
0.0762844 0.0187731 0.00722292
0.0756713 0.017364 0.007281
0.0807692 0.0181505 0.00705038
0.0739572 0.0171219 0.00740767
0.0742936 0.0173318 0.00734406
0.0740952 0.0165184 0.00790737
0.0756338 0.019459 0.00724491
0.0793541 0.0151639 0.00939262
0.0805208 0.0158399 0.00831679
0.0761827 0.0184111 0.00723488
0.0748897 0.0199922 0.00727485
0.074897 0.0170367 0.00745958
0.0735878 0.0158112 0.00844885
0.0742468 0.0156554 0.00853854
0.0746622 0.0176165 0.00732999
0.0807446 0.0165394 0.00781046
0.068066 0.0175969 0.00722219
0.0802797 0.0165675 0.00807329
0.0760847 0.0169692 0.00749766
0.0750973 0.0187383 0.00728658
0.0794769 0.0154773 0.00889766
0.0811826 0.0161815 0.00800706
0.0739237 0.0153019 0.00923893
0.0692479 0.0180164 0.007261
0.0744085 0.0191676 0.00731817
0.0743627 0.0176237 0.00734452
0.0730974 0.0149775 0.010541
0.0816598 0.0174899 0.00739796
0.0746974 0.0168814 0.00789008
0.0746122 0.0159413 0.00828276
0.0745732 0.0185022 0.0073187
0.0759872 0.018736 0.00723933
0.0738676 0.0151673 0.00950108
0.0819838 0.0186839 0.00707082
0.0735246 0.0155745 0.00862725
0.0726866 0.0147432 0.0123669
0.074225 0.0170176 0.00749371
0.076137 0.0177308 0.00724967
0.0763204 0.0165725 0.00774309
0.0753968 0.0187319 0.00727068
0.0726228 0.0148033 0.0126538
0.0748039 0.0182002 0.00731186
0.0762476 0.0180095 0.00723874
0.0743749 0.0152847 0.00907282
0.0744696 0.0194611 0.00730687
0.0680219 0.0162001 0.00810854
0.0806343 0.0172888 0.0077199
0.0745975 0.017054 0.0074628
0.0799996 0.0166529 0.00800816
0.0685046 0.0196474 0.00721039
0.0678715 0.0159898 0.00826066
0.069769 0.0157347 0.00849944
0.0735835 0.0159282 0.00873271
0.0758184 0.0168481 0.00756407
0.0735947 0.0150411 0.00953433
0.0736398 0.0152506 0.00932446
0.0804223 0.0170418 0.00786028
0.0739346 0.0169476 0.00789021
0.0802385 0.0183506 0.0074101
0.0623747 0.0178667 0.00741599
0.0736993 0.0162167 0.00815114
0.074441 0.0168543 0.00762295
0.0811577 0.0186375 0.00725608
0.0740857 0.0160448 0.00825102
0.076145 0.0172215 0.00734691
0.0746273 0.0155166 0.00873049
0.0732861 0.0150638 0.00967554
0.0694063 0.0153942 0.00903514
0.0757012 0.0182179 0.00726389
0.0698815 0.0170386 0.00747539
0.0809868 0.017286 0.00771859
0.0745902 0.0164733 0.00805258
0.0734652 0.015389 0.00885855
0.0812467 0.0175525 0.00734122
0.076089 0.0190183 0.00722881
0.0745345 0.0157067 0.00846072
0.0818231 0.0177207 0.00729754
0.0813604 0.0182089 0.00731639
0.0806628 0.017877 0.00714759
0.0681279 0.0178904 0.00721901
0.0749613 0.0175966 0.00731915
0.0677072 0.0153955 0.00924582
0.0616906 0.0162051 0.00820898
0.0757942 0.0189656 0.00724539
0.0749463 0.0160873 0.00815247
0.0748269 0.019699 0.00728351
0.0746688 0.0161874 0.0080979
0.0754003 0.0181476 0.00728111
0.0731584 0.0150064 0.0102487
0.0752727 0.0191119 0.00727036
0.0751111 0.019604 0.00727007
0.074315 0.0158783 0.00834956
0.0737653 0.0164457 0.00796904
0.074384 0.0166106 0.00781088
0.0796921 0.0152572 0.00924068
0.0683622 0.0155789 0.00872908
0.0739028 0.0168954 0.00759652
0.0682534 0.0184759 0.00724714
0.068805 0.0197568 0.00722859
0.068188 0.0181843 0.00722044
0.0751098 0.0156184 0.00860209
0.0741339 0.0167477 0.00771784
0.0751842 0.0157812 0.00836129
0.0685822 0.0175833 0.00740002
0.0745929 0.0173218 0.00732777
0.0753386 0.0194086 0.00726148
0.0691125 0.0198754 0.0072503
0.0754315 0.0161945 0.00804031
0.0684411 0.0193542 0.00721153
0.0752082 0.0184596 0.00728561
0.075103 0.0181794 0.00730561
0.0745044 0.0182091 0.00732782
0.0617149 0.0157739 0.00860108
0.0748937 0.0158496 0.0083309
0.0621392 0.0167421 0.00775407
0.0807953 0.0170643 0.00783724
0.0738714 0.0149783 0.00973404
0.0752542 0.0170268 0.00747667
0.0812365 0.0183877 0.00710988
0.0809615 0.0179031 0.00715429
0.0622178 0.0183101 0.00727132
0.0745324 0.0197543 0.00729821
0.0755075 0.0184469 0.00726999
0.0683056 0.0162938 0.00803476
0.0695039 0.0191949 0.00727186
0.0681286 0.0156735 0.00856634
0.0702938 0.0178593 0.00731564
0.0693632 0.0172492 0.00767355
0.0805576 0.0172749 0.00743022
0.0755495 0.0176381 0.00728904
0.0748179 0.0156479 0.00853956
0.0759978 0.0181753 0.00724896
0.0619231 0.015951 0.00841444
0.0697688 0.0164253 0.00794704
0.0618139 0.0166225 0.00783411
0.0734654 0.0155784 0.00917683
0.0701853 0.0160289 0.00828462
0.0682544 0.0153819 0.009284
0.0752589 0.0175642 0.0072992
0.0735495 0.0156794 0.00890719
0.0750853 0.017431 0.00753645
0.0757287 0.0178145 0.00752807
0.0626047 0.0200786 0.00734222
0.0684048 0.0160993 0.00849335
0.0740274 0.0162934 0.00809373
0.0756194 0.0179295 0.00727347
0.0807549 0.0157379 0.00847431
0.0695934 0.0175409 0.00728088
0.0758571 0.0192588 0.00723673
0.0765167 0.0170392 0.0074663
0.0808048 0.0179076 0.00741005
0.0673181 0.0152766 0.00968075
0.0755295 0.0169159 0.00752055
0.0686768 0.019169 0.00722324
0.0620905 0.0162592 0.00811245
0.0688387 0.0177904 0.00752103
0.0669728 0.0148631 0.0110799
0.0695324 0.0181111 0.00727089
0.0739799 0.0153504 0.00894828
0.0745808 0.0154978 0.00902625
0.0678453 0.0164731 0.00814047
0.0736909 0.0152857 0.00903094
0.062308 0.0174121 0.00726271
0.0754402 0.0173146 0.00746579
0.0730297 0.0149587 0.0108326
0.0746833 0.016597 0.0077956
0.0684162 0.0167769 0.00769259
0.0737933 0.0159804 0.00831029
0.0744104 0.0172409 0.007605
0.0748332 0.0168017 0.00763476
0.0621862 0.0160421 0.00830292
0.0618789 0.0168588 0.00766102
0.0732484 0.0150816 0.0099726
0.0684962 0.0173045 0.00746944
0.0703962 0.0164647 0.00793679
0.0683343 0.0160492 0.00820609
0.062696 0.0192806 0.00730395
0.0686321 0.0202335 0.00722035
0.0682012 0.0153021 0.00956827
0.0743317 0.0154812 0.00876754
0.0729009 0.0149065 0.0114157
0.0688997 0.0189686 0.00723465
0.0692172 0.019102 0.00725175
0.0682351 0.0171631 0.00742671
0.0627581 0.015397 0.0089891
0.0673893 0.015366 0.00940341
0.0619538 0.0171308 0.00746168
0.0689393 0.0172223 0.00768192
0.0684861 0.0182875 0.00722752
0.0621416 0.0179668 0.00725595
0.0699821 0.0154116 0.00887383
0.0691064 0.0174291 0.00726325
0.0684349 0.0170512 0.00781501
0.0700498 0.01558 0.008635
0.0688509 0.0154286 0.00903923
0.0758058 0.0175254 0.00750607
0.0758861 0.0184537 0.00724982
0.0632241 0.0170618 0.00786261
0.0674396 0.0154303 0.00911475
0.0740755 0.017707 0.00736809
0.068813 0.0169843 0.00753584
0.0695818 0.0174157 0.00755324
0.0680252 0.0154371 0.00909851
0.0620168 0.0173942 0.00733262
0.0677609 0.0154767 0.00896208
0.0728359 0.0148604 0.0117049
0.0686048 0.016273 0.00804187
0.0733495 0.0151398 0.00939237
0.0747435 0.017286 0.00758476
0.0694736 0.0163723 0.00797982
0.0684204 0.0179948 0.00722884
0.0624739 0.0194814 0.0073227
0.0691364 0.0177778 0.0075557
0.0624096 0.0191887 0.0073098
0.0635589 0.0154998 0.00869456
0.0698265 0.018213 0.00728655
0.0682874 0.0158994 0.00868373
0.0622711 0.0173651 0.00766492
0.0693462 0.0196879 0.00726477
0.069568 0.0165961 0.00780385
0.068598 0.0152524 0.00970046
0.0738094 0.015648 0.00856824
0.0759642 0.017446 0.00726398
0.0666303 0.0150917 0.0125983
0.0627657 0.0195794 0.00731703
0.0704924 0.0176348 0.00732746
0.0681501 0.0162104 0.00837958
0.0619319 0.0170904 0.0078441
0.0763396 0.01683 0.00758814
0.0683782 0.0190609 0.00721298
0.0751739 0.0198973 0.00726141
0.0700964 0.0164437 0.00794301
0.06886 0.0155141 0.00866736
0.0691094 0.0160264 0.00824616
0.0687271 0.0173482 0.00728289
0.0797812 0.016463 0.00784072
0.0671128 0.0150193 0.010518
0.0674951 0.0155562 0.00884822
0.0697196 0.0168017 0.00764439
0.0667605 0.014871 0.0120711
0.066836 0.0146838 0.011659
0.0693702 0.0176112 0.00746853
0.0734095 0.0152812 0.00913472
0.0690929 0.0168926 0.00759228
0.0700895 0.01721 0.00734369
0.0629179 0.0190796 0.00728519
0.069385 0.0161225 0.00817678
0.0625882 0.0159703 0.00833858
0.0692859 0.0158391 0.00840022
0.0729691 0.0149447 0.0111261
0.0681729 0.0169237 0.00759646
0.0685498 0.0185825 0.00722608
0.0699685 0.0162298 0.00810995
0.0675507 0.0158507 0.00886267
0.0619833 0.0173704 0.00774942
0.0625036 0.0184023 0.00726522
0.0696488 0.0171606 0.00769706
0.0698486 0.0160131 0.00827938
0.0705567 0.01706 0.00746505
0.0686829 0.0156893 0.00850031
0.067656 0.0153105 0.00952895
0.0751894 0.0172664 0.00730828
0.0686139 0.0188756 0.00722469
0.0748924 0.0173047 0.00732499
0.0759606 0.0164746 0.0077979
0.0637564 0.0164849 0.00798601
0.0689869 0.0164315 0.00823413
0.0681079 0.0166849 0.0077659
0.0692574 0.0165581 0.00814965
0.0700225 0.0179861 0.00729817
0.0641984 0.0172948 0.00739823
0.0696979 0.0155059 0.00868012
0.0703223 0.0162361 0.00811645
0.0678755 0.0168431 0.00766147
0.0685058 0.0170101 0.00752643
0.062506 0.01719 0.0077293
0.0688751 0.0176199 0.00725425
0.0693422 0.0167532 0.00768408
0.0683074 0.0154527 0.00899568
0.0757081 0.0166152 0.00771766
0.0625382 0.0197741 0.0073356
0.0694811 0.0156663 0.00854871
0.0691789 0.0177202 0.00726225
0.0692552 0.0155068 0.00866494
0.0682994 0.0175794 0.00750019
0.0689618 0.0179268 0.00725097
0.0568754 0.0180971 0.00730529
0.0690301 0.019559 0.0072424
0.0692439 0.0171027 0.00744052
0.0693765 0.0186088 0.0072591
0.0691301 0.0154476 0.00893109
0.06947 0.0178151 0.00727239
0.0685683 0.0199405 0.00721388
0.0691817 0.0162914 0.00803498
0.0633896 0.0175081 0.00721955
0.0758014 0.0162752 0.00795555
0.0698333 0.0176013 0.00749039
0.0630285 0.0168743 0.00767917
0.06244 0.0181094 0.00725231
0.0640427 0.016584 0.00792006
0.0618364 0.0163939 0.00802706
0.0699197 0.0166302 0.00778809
0.0685153 0.0153315 0.00942315
0.0623453 0.0188959 0.0072969
0.0644321 0.0177807 0.00716101
0.0696346 0.0171779 0.00737747
0.0758377 0.017718 0.00726575
0.0696705 0.0161987 0.00812507
0.0680026 0.0173213 0.00732229
0.0676109 0.0158747 0.00835447
0.0569137 0.0194035 0.00729624
0.0624698 0.0154343 0.00891524
0.068054 0.0174353 0.00759499
0.0702473 0.0174628 0.00730958
0.0689661 0.0192654 0.00723591
0.0676303 0.0160235 0.00863079
0.069028 0.0182215 0.00724964
0.068294 0.0174048 0.00725542
0.0687421 0.0181309 0.00724368
0.069248 0.0165231 0.00785187
0.0632916 0.0181762 0.0072241
0.0675521 0.0157005 0.00859146
0.0632142 0.0159002 0.00840462
0.056092 0.0169853 0.00760368
0.0677998 0.0165652 0.00785863
0.0695692 0.0194877 0.00727842
0.0636295 0.015976 0.00835922
0.0680337 0.0171636 0.00776521
0.0624289 0.0161717 0.00818347
0.0683512 0.0165381 0.00786205
0.0679405 0.0170819 0.00749204
0.0622815 0.0186027 0.00728947
0.0626317 0.0189878 0.00729105
0.0641693 0.0179876 0.00747745
0.0680642 0.0164429 0.00793758
0.0691533 0.0188089 0.00724673
0.0635463 0.0193504 0.00727596
0.0667033 0.0149237 0.0123608
0.0671725 0.0151014 0.0102357
0.050414 0.0191346 0.00698926
0.068297 0.0172881 0.00769308
0.066771 0.0146014 0.01194
0.0679714 0.0153552 0.00938208
0.0615146 0.0156244 0.00876697
0.0758403 0.0171405 0.0073881
0.0695617 0.015936 0.0083317
0.0704521 0.0168363 0.00764062
0.0690598 0.015682 0.00851957
0.0740404 0.015512 0.0087029
0.0692809 0.0193951 0.0072582
0.0698436 0.0173758 0.00729288
0.0628535 0.0187867 0.00727229
0.0689812 0.0166381 0.00777717
0.0687151 0.0167539 0.00770116
0.0642788 0.0162571 0.00815405
0.0677031 0.0162106 0.00811017
0.0638578 0.0169734 0.00762724
0.0632733 0.0164307 0.0080136
0.064073 0.0156746 0.00856264
0.0635803 0.0176346 0.00744458
0.0625872 0.0173216 0.00733689
0.0684021 0.0157672 0.00842891
0.0617179 0.0157624 0.00898922
0.0702614 0.017014 0.0074922
0.062381 0.0164235 0.00802769
0.0575706 0.0197741 0.00727276
0.0630536 0.0196828 0.00731848
0.0641475 0.0160368 0.00830969
0.063578 0.0168831 0.00768681
0.0686202 0.0154777 0.0088439
0.0677228 0.0162037 0.00840943
0.0681346 0.0158689 0.00833879
0.0635672 0.0183175 0.0073874
0.0647069 0.0176616 0.00714457
0.0696004 0.0184096 0.00727266
0.0689162 0.0163978 0.00794455
0.0633038 0.016782 0.00775452
0.0626877 0.0166173 0.00786052
0.0623994 0.0166924 0.00789606
0.0636214 0.0173577 0.00733683
0.0502701 0.0186093 0.00702468
0.0700534 0.016842 0.00762303
0.0688827 0.0158677 0.00836416
0.0686018 0.0159465 0.00829451
0.068357 0.0176971 0.00723033
0.0625673 0.0186951 0.00727816
0.0642802 0.0175278 0.00722793
0.0669058 0.0147722 0.0113578
0.0566934 0.019056 0.00731463
0.0563816 0.0189942 0.00730836
0.0566247 0.020126 0.00729147
0.0688432 0.0161293 0.00815361
0.0686501 0.0165147 0.00787003
0.0640893 0.0191722 0.00724645
0.0572317 0.0193591 0.0072851
0.0626769 0.0163755 0.00803913
0.0700536 0.0158136 0.00844677
0.0546487 0.0148013 0.0125508
0.0643952 0.0181951 0.00718403
0.0617061 0.0152844 0.00905823
0.0668328 0.0149528 0.0117917
0.0694932 0.0169637 0.00753276
0.0560381 0.0174877 0.00728033
0.0643182 0.0187985 0.00721841
0.0630862 0.0185983 0.0072538
0.0604537 0.0153623 0.0132894
0.0623071 0.0156273 0.00866582
0.0630917 0.0161726 0.00819989
0.0615323 0.0150053 0.012146
0.0705102 0.0173187 0.00732031
0.069878 0.0173187 0.00758537
0.0574957 0.0171033 0.00748911
0.0605926 0.0151382 0.0127503
0.0567192 0.0204302 0.00728631
0.0693857 0.0173251 0.0072976
0.0635319 0.015746 0.00852522
0.069313 0.0183154 0.00725956
0.0623199 0.0171713 0.00744119
0.0690899 0.0185157 0.00724815
0.0640473 0.0177095 0.00717557
0.0637896 0.0191759 0.00725779
0.0635632 0.0162962 0.00812062
0.0691507 0.017428 0.00755996
0.0621709 0.0160726 0.00860096
0.0635742 0.0180769 0.0072084
0.0622473 0.017604 0.00748513
0.0631047 0.0176016 0.00722624
0.0543371 0.0155932 0.0136974
0.0694403 0.0189019 0.0072654
0.0644696 0.0169723 0.00764379
0.0632804 0.0194882 0.00729306
0.0545823 0.0148447 0.0128401
0.0504493 0.0194161 0.00708678
0.0619375 0.0159068 0.0088379
0.0632174 0.0154259 0.00885551
0.0634004 0.0180902 0.0074901
0.0644792 0.0172135 0.00746562
0.0566999 0.0198357 0.00729253
0.0634214 0.0187635 0.00724995
0.0625174 0.0176132 0.00734271
0.0619741 0.0153264 0.00918621
0.0638068 0.01673 0.00780595
0.0637246 0.0175898 0.00717736
0.0623457 0.0158444 0.00846246
0.0606932 0.0148617 0.0123373
0.0700486 0.0176873 0.00729873
0.0570379 0.0204676 0.00727849
0.0634864 0.0190567 0.00726285
0.0627291 0.0168567 0.00768462
0.0565297 0.017758 0.00752366
0.0635489 0.0171228 0.00750876
0.0560625 0.0172384 0.00744547
0.0628074 0.0176366 0.00724648
0.0689639 0.0171945 0.00738424
0.0633266 0.0198067 0.00730797
0.0622626 0.0153271 0.00910385
0.0631507 0.0172937 0.00767681
0.063998 0.016345 0.00809573
0.0627259 0.0182001 0.0072464
0.0632132 0.0178808 0.00721159
0.0620987 0.0165026 0.00793016
0.0639649 0.0185857 0.00722044
0.0632179 0.0172798 0.00738403
0.0618052 0.0155543 0.00879154
0.0638703 0.0177066 0.00741773
0.0571998 0.0167992 0.00777631
0.0625838 0.0166889 0.00813269
0.0607273 0.0150378 0.0121644
0.0620952 0.0154837 0.00882221
0.05635 0.0152992 0.00956247
0.062866 0.0171106 0.0077675
0.0630216 0.0183056 0.00724136
0.0606295 0.0148657 0.0126304
0.0615806 0.0149706 0.01244
0.0632563 0.0170359 0.00756549
0.0627194 0.0157618 0.00850969
0.062631 0.0178789 0.00723325
0.0639072 0.0158816 0.0084224
0.0614509 0.0154189 0.00897604
0.0626838 0.0170945 0.00750738
0.0605233 0.0152487 0.0130204
0.0639082 0.0181005 0.00738237
0.0629763 0.0163938 0.0080333
0.0506163 0.0201322 0.00733993
0.0629813 0.0171298 0.00749121
0.063378 0.0161042 0.00825788
0.0565441 0.0179722 0.00731425
0.0580361 0.0176237 0.00729635
0.0555492 0.0154816 0.00945182
0.0643781 0.0190922 0.00723153
0.0632151 0.0191837 0.00727958
0.0688044 0.0184243 0.00723817
0.0702407 0.0166647 0.00777612
0.0687342 0.0170321 0.00782134
0.0628354 0.0173713 0.00761231
0.0628228 0.0198727 0.00734408
0.0627893 0.0184937 0.00726691
0.068858 0.0174794 0.00751877
0.062011 0.0157267 0.00860949
0.0580198 0.0173242 0.00730245
0.0621621 0.0170218 0.00764795
0.0641193 0.0194703 0.0072609
0.0634993 0.0177866 0.00719895
0.0561996 0.0177961 0.00758069
0.0569173 0.0208578 0.00730706
0.0641009 0.0182513 0.00719792
0.0643236 0.0165005 0.00798448
0.0632866 0.0156049 0.00862492
0.057777 0.0160272 0.00856747
0.0574737 0.0173417 0.00730812
0.0613355 0.015184 0.00948013
0.0568803 0.016573 0.00805241
0.0610154 0.0150085 0.0122427
0.063559 0.0165883 0.00818877
0.0638605 0.0172145 0.00744888
0.0638196 0.019474 0.00727225
0.054522 0.014894 0.0131298
0.0645631 0.017446 0.00729572
0.0639637 0.0174422 0.00728308
0.0504578 0.0188381 0.00697551
0.0630838 0.0179401 0.0074823
0.0556205 0.015087 0.00988924
0.0641887 0.0170536 0.00757638
0.0629363 0.0154506 0.00875376
0.0642623 0.0185041 0.00720511
0.0563585 0.016856 0.00779385
0.0620784 0.0176738 0.00724318
0.0631505 0.0188911 0.00726669
0.0643279 0.0177359 0.00743873
0.0550652 0.0148093 0.0106388
0.0614047 0.0154692 0.00934471
0.0612732 0.015155 0.00977215
0.0686734 0.0178407 0.00727583
0.0613002 0.0150274 0.0123348
0.0626521 0.0155425 0.00870295
0.0507816 0.019814 0.00724308
0.0625479 0.0174611 0.0075995
0.0616257 0.0159902 0.00841341
0.0568213 0.0161012 0.00859562
0.0576405 0.018423 0.00728492
0.0613955 0.0152137 0.00918771
0.0570915 0.0164191 0.00820256
0.0569331 0.0158288 0.00889209
0.0579807 0.018446 0.00728074
0.0630011 0.0156751 0.00856561
0.0629185 0.0159371 0.00836967
0.0544792 0.0152975 0.0131956
0.0634933 0.0165976 0.00789622
0.0633439 0.0177983 0.00753007
0.0624315 0.0168929 0.00767536
0.0583396 0.0164139 0.00818279
0.0612393 0.0149793 0.0120133
0.0577878 0.0169771 0.00760727
0.0571201 0.0159863 0.00869109
0.0581285 0.0171106 0.00748289
0.0629314 0.0179823 0.00722738
0.0575074 0.0164624 0.00812049
0.0558669 0.0168496 0.00774826
0.0571988 0.0172243 0.00734827
0.0635932 0.0196702 0.00729092
0.0567689 0.0171412 0.00778402
0.0608487 0.0150724 0.0124838
0.058327 0.0184653 0.00727657
0.0558226 0.0156056 0.00927616
0.0641988 0.0179684 0.0071795
0.0559747 0.0158147 0.00899115
0.055961 0.0152435 0.00967143
0.0629198 0.0176916 0.00751914
0.0581162 0.0168968 0.00769296
0.0580944 0.0166858 0.00790504
0.0566399 0.0170891 0.00751375
0.0556517 0.0152858 0.00965962
0.0574942 0.0166737 0.00790743
0.0566572 0.0159423 0.00879541
0.0640294 0.0188785 0.00723333
0.0627923 0.0161543 0.00820572
0.0638667 0.0161262 0.00825349
0.0572173 0.0175209 0.00730735
0.0544077 0.0154351 0.0134524
0.0614734 0.0156793 0.00914195
0.0581399 0.0188315 0.00727139
0.0579406 0.0181043 0.00728792
0.050317 0.0175578 0.00726892
0.0497815 0.016544 0.00798251
0.0637297 0.0188822 0.00724468
0.0577797 0.0165557 0.00803089
0.0636652 0.0185895 0.00723179
0.0565326 0.0194928 0.00730173
0.0638113 0.0183282 0.00721286
0.0641165 0.0168187 0.00774835
0.0629871 0.0166349 0.00785519
0.0583282 0.0175553 0.0072945
0.0643973 0.0167374 0.00781574
0.0630228 0.020096 0.00733438
0.0572159 0.0201467 0.00727744
0.0645454 0.0186033 0.00719977
0.0563768 0.0165436 0.00814499
0.0547596 0.0149856 0.0120654
0.0577773 0.017776 0.00729619
0.0494656 0.0155631 0.00907232
0.0573282 0.0162842 0.0083281
0.0578112 0.0167662 0.00781942
0.058051 0.019654 0.00726269
0.056798 0.0175284 0.00756883
0.0584024 0.0166259 0.00797027
0.0574908 0.0176441 0.00730192
0.0605638 0.014871 0.012923
0.0573311 0.0174118 0.00756257
0.0569277 0.0174428 0.00731206
0.0563933 0.017324 0.00746941
0.0577678 0.0171976 0.00740484
0.0574306 0.0179386 0.00729677
0.0548726 0.0146994 0.0114927
0.0575159 0.016885 0.00769502
0.0556612 0.0162613 0.00851772
0.0583851 0.0178498 0.00728807
0.0569251 0.016824 0.00789447
0.0567937 0.0163885 0.00827228
0.0563626 0.0176009 0.00731359
0.0576081 0.0172208 0.00774176
0.0580479 0.0164633 0.00812831
0.0573661 0.0160848 0.00855031
0.0555349 0.0156669 0.00921698
0.0566318 0.0167634 0.00787829
0.0563607 0.0157842 0.00900999
0.0546887 0.0150467 0.0123591
0.0570872 0.0176167 0.00756008
0.0572182 0.0165915 0.00799207
0.0570465 0.0177683 0.00730448
0.0559336 0.0150476 0.00989721
0.0582198 0.0192694 0.00726247
0.0565844 0.0162372 0.00846887
0.055454 0.0151905 0.0101163
0.0583702 0.0181567 0.00728218
0.0554544 0.0148829 0.0101408
0.0497192 0.0163478 0.0082008
0.057786 0.0187553 0.0072776
0.0499713 0.0171881 0.00738742
0.0633563 0.0184689 0.00723698
0.0575431 0.0201459 0.0072698
0.0549436 0.0146717 0.0111615
0.0561073 0.0178212 0.00729632
0.0578661 0.019276 0.00727068
0.0495909 0.0159558 0.0086365
0.0631821 0.017546 0.00751763
0.0575569 0.0192219 0.00727844
0.0584489 0.0168351 0.00776034
0.0496569 0.0161513 0.00841871
0.0561527 0.0170735 0.00788389
0.0503778 0.0178358 0.00716356
0.0561644 0.0174996 0.00755224
0.0570912 0.0187396 0.007294
0.0505137 0.0196923 0.00718444
0.0566524 0.0173168 0.00731826
0.0579831 0.0162282 0.00836405
0.0581851 0.0159361 0.00866146
0.058925 0.0187504 0.00726439
0.0551913 0.0150392 0.0101012
0.0576323 0.0174736 0.00758207
0.0582759 0.0161787 0.00841856
0.0628917 0.0173578 0.00731795
0.0551282 0.0149096 0.0103638
0.0546192 0.0151042 0.0126452
0.0583573 0.0172653 0.00736533
0.0586877 0.0177254 0.00728721
0.0576764 0.0162451 0.00834202
0.0563479 0.0154984 0.00933744
0.0438745 0.016848 0.00769011
0.04991 0.0169523 0.00756238
0.0571853 0.0196766 0.00728447
0.06381 0.0178923 0.00718998
0.0629895 0.0193806 0.00729825
0.0498451 0.016743 0.00776731
0.0570363 0.0162275 0.00842685
0.057159 0.0181954 0.0072977
0.0502555 0.0172831 0.00737295
0.0572204 0.0170104 0.00756404
0.0573762 0.0188395 0.00728637
0.0495325 0.0157587 0.0088549
0.0569122 0.0171594 0.00740921
0.057741 0.0174783 0.00730247
0.0502105 0.0183203 0.00707864
0.0560038 0.0154372 0.00944618
0.0566498 0.0157062 0.00906469
0.0500924 0.0177456 0.00720349
0.0547079 0.0147645 0.0122591
0.0501523 0.0180317 0.00713622
0.0553413 0.0153503 0.00962276
0.0586081 0.0174165 0.00729418
0.0500326 0.0174627 0.00728342
0.0585094 0.0188329 0.00726732
0.0552982 0.015157 0.00984746
0.0545498 0.0152043 0.0129194
0.0567422 0.0176788 0.00731266
0.0584519 0.0170465 0.00754751
0.0569319 0.0169485 0.00762164
0.055094 0.0146702 0.0109025
0.0561129 0.0156457 0.00921127
0.0564072 0.0171383 0.0077046
0.0501926 0.0170067 0.0074775
0.0550187 0.0149857 0.0108805
0.0549442 0.0149526 0.0112641
0.0570128 0.0173195 0.0076426

VERTICES 885 1770
1 0
1 1
1 2
1 3
1 4
1 5
1 6
1 7
1 8
1 9
1 10
1 11
1 12
1 13
1 14
1 15
1 16
1 17
1 18
1 19
1 20
1 21
1 22
1 23
1 24
1 25
1 26
1 27
1 28
1 29
1 30
1 31
1 32
1 33
1 34
1 35
1 36
1 37
1 38
1 39
1 40
1 41
1 42
1 43
1 44
1 45
1 46
1 47
1 48
1 49
1 50
1 51
1 52
1 53
1 54
1 55
1 56
1 57
1 58
1 59
1 60
1 61
1 62
1 63
1 64
1 65
1 66
1 67
1 68
1 69
1 70
1 71
1 72
1 73
1 74
1 75
1 76
1 77
1 78
1 79
1 80
1 81
1 82
1 83
1 84
1 85
1 86
1 87
1 88
1 89
1 90
1 91
1 92
1 93
1 94
1 95
1 96
1 97
1 98
1 99
1 100
1 101
1 102
1 103
1 104
1 105
1 106
1 107
1 108
1 109
1 110
1 111
1 112
1 113
1 114
1 115
1 116
1 117
1 118
1 119
1 120
1 121
1 122
1 123
1 124
1 125
1 126
1 127
1 128
1 129
1 130
1 131
1 132
1 133
1 134
1 135
1 136
1 137
1 138
1 139
1 140
1 141
1 142
1 143
1 144
1 145
1 146
1 147
1 148
1 149
1 150
1 151
1 152
1 153
1 154
1 155
1 156
1 157
1 158
1 159
1 160
1 161
1 162
1 163
1 164
1 165
1 166
1 167
1 168
1 169
1 170
1 171
1 172
1 173
1 174
1 175
1 176
1 177
1 178
1 179
1 180
1 181
1 182
1 183
1 184
1 185
1 186
1 187
1 188
1 189
1 190
1 191
1 192
1 193
1 194
1 195
1 196
1 197
1 198
1 199
1 200
1 201
1 202
1 203
1 204
1 205
1 206
1 207
1 208
1 209
1 210
1 211
1 212
1 213
1 214
1 215
1 216
1 217
1 218
1 219
1 220
1 221
1 222
1 223
1 224
1 225
1 226
1 227
1 228
1 229
1 230
1 231
1 232
1 233
1 234
1 235
1 236
1 237
1 238
1 239
1 240
1 241
1 242
1 243
1 244
1 245
1 246
1 247
1 248
1 249
1 250
1 251
1 252
1 253
1 254
1 255
1 256
1 257
1 258
1 259
1 260
1 261
1 262
1 263
1 264
1 265
1 266
1 267
1 268
1 269
1 270
1 271
1 272
1 273
1 274
1 275
1 276
1 277
1 278
1 279
1 280
1 281
1 282
1 283
1 284
1 285
1 286
1 287
1 288
1 289
1 290
1 291
1 292
1 293
1 294
1 295
1 296
1 297
1 298
1 299
1 300
1 301
1 302
1 303
1 304
1 305
1 306
1 307
1 308
1 309
1 310
1 311
1 312
1 313
1 314
1 315
1 316
1 317
1 318
1 319
1 320
1 321
1 322
1 323
1 324
1 325
1 326
1 327
1 328
1 329
1 330
1 331
1 332
1 333
1 334
1 335
1 336
1 337
1 338
1 339
1 340
1 341
1 342
1 343
1 344
1 345
1 346
1 347
1 348
1 349
1 350
1 351
1 352
1 353
1 354
1 355
1 356
1 357
1 358
1 359
1 360
1 361
1 362
1 363
1 364
1 365
1 366
1 367
1 368
1 369
1 370
1 371
1 372
1 373
1 374
1 375
1 376
1 377
1 378
1 379
1 380
1 381
1 382
1 383
1 384
1 385
1 386
1 387
1 388
1 389
1 390
1 391
1 392
1 393
1 394
1 395
1 396
1 397
1 398
1 399
1 400
1 401
1 402
1 403
1 404
1 405
1 406
1 407
1 408
1 409
1 410
1 411
1 412
1 413
1 414
1 415
1 416
1 417
1 418
1 419
1 420
1 421
1 422
1 423
1 424
1 425
1 426
1 427
1 428
1 429
1 430
1 431
1 432
1 433
1 434
1 435
1 436
1 437
1 438
1 439
1 440
1 441
1 442
1 443
1 444
1 445
1 446
1 447
1 448
1 449
1 450
1 451
1 452
1 453
1 454
1 455
1 456
1 457
1 458
1 459
1 460
1 461
1 462
1 463
1 464
1 465
1 466
1 467
1 468
1 469
1 470
1 471
1 472
1 473
1 474
1 475
1 476
1 477
1 478
1 479
1 480
1 481
1 482
1 483
1 484
1 485
1 486
1 487
1 488
1 489
1 490
1 491
1 492
1 493
1 494
1 495
1 496
1 497
1 498
1 499
1 500
1 501
1 502
1 503
1 504
1 505
1 506
1 507
1 508
1 509
1 510
1 511
1 512
1 513
1 514
1 515
1 516
1 517
1 518
1 519
1 520
1 521
1 522
1 523
1 524
1 525
1 526
1 527
1 528
1 529
1 530
1 531
1 532
1 533
1 534
1 535
1 536
1 537
1 538
1 539
1 540
1 541
1 542
1 543
1 544
1 545
1 546
1 547
1 548
1 549
1 550
1 551
1 552
1 553
1 554
1 555
1 556
1 557
1 558
1 559
1 560
1 561
1 562
1 563
1 564
1 565
1 566
1 567
1 568
1 569
1 570
1 571
1 572
1 573
1 574
1 575
1 576
1 577
1 578
1 579
1 580
1 581
1 582
1 583
1 584
1 585
1 586
1 587
1 588
1 589
1 590
1 591
1 592
1 593
1 594
1 595
1 596
1 597
1 598
1 599
1 600
1 601
1 602
1 603
1 604
1 605
1 606
1 607
1 608
1 609
1 610
1 611
1 612
1 613
1 614
1 615
1 616
1 617
1 618
1 619
1 620
1 621
1 622
1 623
1 624
1 625
1 626
1 627
1 628
1 629
1 630
1 631
1 632
1 633
1 634
1 635
1 636
1 637
1 638
1 639
1 640
1 641
1 642
1 643
1 644
1 645
1 646
1 647
1 648
1 649
1 650
1 651
1 652
1 653
1 654
1 655
1 656
1 657
1 658
1 659
1 660
1 661
1 662
1 663
1 664
1 665
1 666
1 667
1 668
1 669
1 670
1 671
1 672
1 673
1 674
1 675
1 676
1 677
1 678
1 679
1 680
1 681
1 682
1 683
1 684
1 685
1 686
1 687
1 688
1 689
1 690
1 691
1 692
1 693
1 694
1 695
1 696
1 697
1 698
1 699
1 700
1 701
1 702
1 703
1 704
1 705
1 706
1 707
1 708
1 709
1 710
1 711
1 712
1 713
1 714
1 715
1 716
1 717
1 718
1 719
1 720
1 721
1 722
1 723
1 724
1 725
1 726
1 727
1 728
1 729
1 730
1 731
1 732
1 733
1 734
1 735
1 736
1 737
1 738
1 739
1 740
1 741
1 742
1 743
1 744
1 745
1 746
1 747
1 748
1 749
1 750
1 751
1 752
1 753
1 754
1 755
1 756
1 757
1 758
1 759
1 760
1 761
1 762
1 763
1 764
1 765
1 766
1 767
1 768
1 769
1 770
1 771
1 772
1 773
1 774
1 775
1 776
1 777
1 778
1 779
1 780
1 781
1 782
1 783
1 784
1 785
1 786
1 787
1 788
1 789
1 790
1 791
1 792
1 793
1 794
1 795
1 796
1 797
1 798
1 799
1 800
1 801
1 802
1 803
1 804
1 805
1 806
1 807
1 808
1 809
1 810
1 811
1 812
1 813
1 814
1 815
1 816
1 817
1 818
1 819
1 820
1 821
1 822
1 823
1 824
1 825
1 826
1 827
1 828
1 829
1 830
1 831
1 832
1 833
1 834
1 835
1 836
1 837
1 838
1 839
1 840
1 841
1 842
1 843
1 844
1 845
1 846
1 847
1 848
1 849
1 850
1 851
1 852
1 853
1 854
1 855
1 856
1 857
1 858
1 859
1 860
1 861
1 862
1 863
1 864
1 865
1 866
1 867
1 868
1 869
1 870
1 871
1 872
1 873
1 874
1 875
1 876
1 877
1 878
1 879
1 880
1 881
1 882
1 883
1 884

POINT_DATA 885
SCALARS id int 1
LOOKUP_TABLE default
1
2
3
4
5
6
7
8
9
10
11
12
13
14
15
16
17
18
19
20
21
22
23
24
25
26
27
28
29
30
31
32
33
34
35
36
37
39
40
41
42
43
44
45
46
47
48
49
50
51
52
53
54
56
57
58
59
60
61
62
63
64
65
67
68
69
70
71
72
73
74
75
76
77
78
79
80
81
82
83
84
85
86
87
88
89
90
91
92
93
94
95
96
97
98
99
100
101
102
103
104
105
106
107
108
109
110
111
112
113
114
115
116
117
118
119
120
121
122
123
124
125
126
127
129
130
131
132
133
134
135
136
137
138
139
140
141
142
143
144
145
146
147
148
149
150
151
153
154
155
156
157
158
159
160
161
162
163
164
165
166
167
168
169
170
171
172
173
174
175
176
177
178
179
180
181
182
183
184
185
186
187
188
189
190
191
192
193
194
195
196
197
198
199
200
201
202
203
204
205
206
207
208
209
210
211
212
213
214
215
217
218
219
220
221
222
223
224
225
226
227
228
229
230
231
232
233
234
235
236
237
238
239
240
241
242
243
244
245
246
247
248
249
250
251
252
253
254
255
256
257
258
259
260
261
262
263
264
265
266
267
268
269
270
271
273
274
275
276
277
278
279
280
281
282
283
284
285
286
287
288
289
290
291
292
293
294
295
296
297
298
299
300
301
302
303
304
305
306
307
308
309
310
311
312
313
314
315
316
317
318
319
320
321
322
323
324
325
326
327
328
329
330
331
332
333
334
335
336
337
338
339
340
341
342
343
344
345
346
347
348
349
350
351
352
353
354
355
356
357
358
359
360
361
362
363
364
365
366
367
368
369
370
371
372
373
374
375
376
377
378
379
380
381
382
383
384
385
386
387
388
389
390
391
392
393
394
395
396
397
398
399
400
401
402
403
404
405
406
407
408
409
410
411
412
413
414
415
416
417
418
419
420
421
422
423
424
425
426
427
428
429
430
431
432
433
434
435
436
437
438
439
440
441
442
443
444
445
446
447
448
449
450
451
452
453
454
455
456
457
458
459
460
461
462
463
464
465
466
467
468
469
470
471
472
473
474
475
476
477
478
479
480
481
482
483
484
485
486
487
488
489
490
491
492
493
494
495
496
497
498
499
500
501
502
503
504
505
506
507
508
509
510
511
512
513
514
515
516
517
518
519
520
521
522
523
524
525
526
527
528
529
530
531
532
533
534
535
536
537
538
539
540
541
542
543
544
545
546
547
548
549
550
551
552
553
554
555
556
557
558
559
560
561
562
563
564
565
566
567
568
569
570
571
572
573
574
575
576
577
579
580
581
582
583
584
585
586
587
588
589
590
591
592
593
594
595
596
597
598
599
600
601
602
603
605
606
607
608
609
610
611
612
613
614
615
616
617
618
619
620
621
622
623
624
625
626
627
628
629
630
631
632
633
634
635
636
637
638
640
641
642
643
644
645
646
647
648
649
650
651
652
653
654
655
656
659
660
661
662
663
664
665
666
667
668
669
670
671
672
673
674
675
676
677
678
679
680
681
682
683
684
685
686
687
688
690
691
692
693
694
695
696
697
698
699
700
701
702
703
704
705
706
707
708
709
710
711
712
713
714
715
716
717
718
719
720
721
722
723
724
725
726
727
728
729
730
731
732
733
734
735
736
737
738
739
740
741
742
743
744
745
746
747
748
749
750
751
752
753
754
755
756
757
758
759
760
761
762
764
765
766
767
768
769
770
771
772
773
774
775
776
777
778
779
780
781
782
783
784
785
786
787
788
789
791
792
793
794
795
796
797
798
799
800
801
802
803
804
805
806
807
808
809
810
811
812
813
814
815
816
817
818
819
820
821
822
823
824
825
826
827
828
829
830
831
832
833
834
835
836
837
838
839
840
841
842
843
844
845
846
847
848
849
850
851
852
853
854
855
856
857
858
859
860
861
862
863
864
865
866
867
868
869
870
871
872
873
874
875
876
877
878
879
880
881
882
883
884
885
886
887
888
889
890
891
892
893
894
895
896
897
898
899
900

SCALARS type int 1
LOOKUP_TABLE default
1
1
1
1
1
1
1
1
1
1
1
1
1
1
1
1
1
1
1
1
1
1
1
1
1
1
1
1
1
1
1
1
1
1
1
1
1
1
1
1
1
1
1
1
1
1
1
1
1
1
1
1
1
1
1
1
1
1
1
1
1
1
1
1
1
1
1
1
1
1
1
1
1
1
1
1
1
1
1
1
1
1
1
1
1
1
1
1
1
1
1
1
1
1
1
1
1
1
1
1
1
1
1
1
1
1
1
1
1
1
1
1
1
1
1
1
1
1
1
1
1
1
1
1
1
1
1
1
1
1
1
1
1
1
1
1
1
1
1
1
1
1
1
1
1
1
1
1
1
1
1
1
1
1
1
1
1
1
1
1
1
1
1
1
1
1
1
1
1
1
1
1
1
1
1
1
1
1
1
1
1
1
1
1
1
1
1
1
1
1
1
1
1
1
1
1
1
1
1
1
1
1
1
1
1
1
1
1
1
1
1
1
1
1
1
1
1
1
1
1
1
1
1
1
1
1
1
1
1
1
1
1
1
1
1
1
1
1
1
1
1
1
1
1
1
1
1
1
1
1
1
1
1
1
1
1
1
1
1
1
1
1
1
1
1
1
1
1
1
1
1
1
1
1
1
1
1
1
1
1
1
1
1
1
1
1
1
1
1
1
1
1
1
1
1
1
1
1
1
1
1
1
1
1
1
1
1
1
1
1
1
1
1
1
1
1
1
1
1
1
1
1
1
1
1
1
1
1
1
1
1
1
1
1
1
1
1
1
1
1
1
1
1
1
1
1
1
1
1
1
1
1
1
1
1
1
1
1
1
1
1
1
1
1
1
1
1
1
1
1
1
1
1
1
1
1
1
1
1
1
1
1
1
1
1
1
1
1
1
1
1
1
1
1
1
1
1
1
1
1
1
1
1
1
1
1
1
1
1
1
1
1
1
1
1
1
1
1
1
1
1
1
1
1
1
1
1
1
1
1
1
1
1
1
1
1
1
1
1
1
1
1
1
1
1
1
1
1
1
1
1
1
1
1
1
1
1
1
1
1
1
1
1
1
1
1
1
1
1
1
1
1
1
1
1
1
1
1
1
1
1
1
1
1
1
1
1
1
1
1
1
1
1
1
1
1
1
1
1
1
1
1
1
1
1
1
1
1
1
1
1
1
1
1
1
1
1
1
1
1
1
1
1
1
1
1
1
1
1
1
1
1
1
1
1
1
1
1
1
1
1
1
1
1
1
1
1
1
1
1
1
1
1
1
1
1
1
1
1
1
1
1
1
1
1
1
1
1
1
1
1
1
1
1
1
1
1
1
1
1
1
1
1
1
1
1
1
1
1
1
1
1
1
1
1
1
1
1
1
1
1
1
1
1
1
1
1
1
1
1
1
1
1
1
1
1
1
1
1
1
1
1
1
1
1
1
1
1
1
1
1
1
1
1
1
1
1
1
1
1
1
1
1
1
1
1
1
1
1
1
1
1
1
1
1
1
1
1
1
1
1
1
1
1
1
1
1
1
1
1
1
1
1
1
1
1
1
1
1
1
1
1
1
1
1
1
1
1
1
1
1
1
1
1
1
1
1
1
1
1
1
1
1
1
1
1
1
1
1
1
1
1
1
1
1
1
1
1
1
1
1
1
1
1
1
1
1
1
1
1
1
1
1
1
1
1
1
1
1
1
1
1
1
1
1
1
1
1
1
1
1
1
1
1
1
1
1
1
1
1
1
1
1
1
1
1
1
1
1
1
1
1
1
1
1
1
1
1
1
1
1
1
1
1
1
1
1
1
1
1
1
1
1
1
1
1
1
1
1
1
1
1
1
1
1
1
1
1
1
1
1
1
1
1
1
1
1
1
1
1
1
1
1
1
1
1
1
1
1
1
1
1
1
1
1
1
1
1
1
1
1
1
1
1
1
1
1
1
1
1
1
1
1
1
1
1
1
1
1
1
1
1
1
1
1
1
1
1
1
1
1
1
1
1
1
1
1
1
1
1
1
1
1
1
1

SCALARS radius float 1
LOOKUP_TABLE default
0.00015
0.00015
0.00015
0.00015
0.00015
0.00015
0.00015
0.00015
0.00015
0.00015
0.00015
0.00015
0.00015
0.00015
0.00015
0.00015
0.00015
0.00015
0.00015
0.00015
0.00015
0.00015
0.00015
0.00015
0.00015
0.00015
0.00015
0.00015
0.00015
0.00015
0.00015
0.00015
0.00015
0.00015
0.00015
0.00015
0.00015
0.00015
0.00015
0.00015
0.00015
0.00015
0.00015
0.00015
0.00015
0.00015
0.00015
0.00015
0.00015
0.00015
0.00015
0.00015
0.00015
0.00015
0.00015
0.00015
0.00015
0.00015
0.00015
0.00015
0.00015
0.00015
0.00015
0.00015
0.00015
0.00015
0.00015
0.00015
0.00015
0.00015
0.00015
0.00015
0.00015
0.00015
0.00015
0.00015
0.00015
0.00015
0.00015
0.00015
0.00015
0.00015
0.00015
0.00015
0.00015
0.00015
0.00015
0.00015
0.00015
0.00015
0.00015
0.00015
0.00015
0.00015
0.00015
0.00015
0.00015
0.00015
0.00015
0.00015
0.00015
0.00015
0.00015
0.00015
0.00015
0.00015
0.00015
0.00015
0.00015
0.00015
0.00015
0.00015
0.00015
0.00015
0.00015
0.00015
0.00015
0.00015
0.00015
0.00015
0.00015
0.00015
0.00015
0.00015
0.00015
0.00015
0.00015
0.00015
0.00015
0.00015
0.00015
0.00015
0.00015
0.00015
0.00015
0.00015
0.00015
0.00015
0.00015
0.00015
0.00015
0.00015
0.00015
0.00015
0.00015
0.00015
0.00015
0.00015
0.00015
0.00015
0.00015
0.00015
0.00015
0.00015
0.00015
0.00015
0.00015
0.00015
0.00015
0.00015
0.00015
0.00015
0.00015
0.00015
0.00015
0.00015
0.00015
0.00015
0.00015
0.00015
0.00015
0.00015
0.00015
0.00015
0.00015
0.00015
0.00015
0.00015
0.00015
0.00015
0.00015
0.00015
0.00015
0.00015
0.00015
0.00015
0.00015
0.00015
0.00015
0.00015
0.00015
0.00015
0.00015
0.00015
0.00015
0.00015
0.00015
0.00015
0.00015
0.00015
0.00015
0.00015
0.00015
0.00015
0.00015
0.00015
0.00015
0.00015
0.00015
0.00015
0.00015
0.00015
0.00015
0.00015
0.00015
0.00015
0.00015
0.00015
0.00015
0.00015
0.00015
0.00015
0.00015
0.00015
0.00015
0.00015
0.00015
0.00015
0.00015
0.00015
0.00015
0.00015
0.00015
0.00015
0.00015
0.00015
0.00015
0.00015
0.00015
0.00015
0.00015
0.00015
0.00015
0.00015
0.00015
0.00015
0.00015
0.00015
0.00015
0.00015
0.00015
0.00015
0.00015
0.00015
0.00015
0.00015
0.00015
0.00015
0.00015
0.00015
0.00015
0.00015
0.00015
0.00015
0.00015
0.00015
0.00015
0.00015
0.00015
0.00015
0.00015
0.00015
0.00015
0.00015
0.00015
0.00015
0.00015
0.00015
0.00015
0.00015
0.00015
0.00015
0.00015
0.00015
0.00015
0.00015
0.00015
0.00015
0.00015
0.00015
0.00015
0.00015
0.00015
0.00015
0.00015
0.00015
0.00015
0.00015
0.00015
0.00015
0.00015
0.00015
0.00015
0.00015
0.00015
0.00015
0.00015
0.00015
0.00015
0.00015
0.00015
0.00015
0.00015
0.00015
0.00015
0.00015
0.00015
0.00015
0.00015
0.00015
0.00015
0.00015
0.00015
0.00015
0.00015
0.00015
0.00015
0.00015
0.00015
0.00015
0.00015
0.00015
0.00015
0.00015
0.00015
0.00015
0.00015
0.00015
0.00015
0.00015
0.00015
0.00015
0.00015
0.00015
0.00015
0.00015
0.00015
0.00015
0.00015
0.00015
0.00015
0.00015
0.00015
0.00015
0.00015
0.00015
0.00015
0.00015
0.00015
0.00015
0.00015
0.00015
0.00015
0.00015
0.00015
0.00015
0.00015
0.00015
0.00015
0.00015
0.00015
0.00015
0.00015
0.00015
0.00015
0.00015
0.00015
0.00015
0.00015
0.00015
0.00015
0.00015
0.00015
0.00015
0.00015
0.00015
0.00015
0.00015
0.00015
0.00015
0.00015
0.00015
0.00015
0.00015
0.00015
0.00015
0.00015
0.00015
0.00015
0.00015
0.00015
0.00015
0.00015
0.00015
0.00015
0.00015
0.00015
0.00015
0.00015
0.00015
0.00015
0.00015
0.00015
0.00015
0.00015
0.00015
0.00015
0.00015
0.00015
0.00015
0.00015
0.00015
0.00015
0.00015
0.00015
0.00015
0.00015
0.00015
0.00015
0.00015
0.00015
0.00015
0.00015
0.00015
0.00015
0.00015
0.00015
0.00015
0.00015
0.00015
0.00015
0.00015
0.00015
0.00015
0.00015
0.00015
0.00015
0.00015
0.00015
0.00015
0.00015
0.00015
0.00015
0.00015
0.00015
0.00015
0.00015
0.00015
0.00015
0.00015
0.00015
0.00015
0.00015
0.00015
0.00015
0.00015
0.00015
0.00015
0.00015
0.00015
0.00015
0.00015
0.00015
0.00015
0.00015
0.00015
0.00015
0.00015
0.00015
0.00015
0.00015
0.00015
0.00015
0.00015
0.00015
0.00015
0.00015
0.00015
0.00015
0.00015
0.00015
0.00015
0.00015
0.00015
0.00015
0.00015
0.00015
0.00015
0.00015
0.00015
0.00015
0.00015
0.00015
0.00015
0.00015
0.00015
0.00015
0.00015
0.00015
0.00015
0.00015
0.00015
0.00015
0.00015
0.00015
0.00015
0.00015
0.00015
0.00015
0.00015
0.00015
0.00015
0.00015
0.00015
0.00015
0.00015
0.00015
0.00015
0.00015
0.00015
0.00015
0.00015
0.00015
0.00015
0.00015
0.00015
0.00015
0.00015
0.00015
0.00015
0.00015
0.00015
0.00015
0.00015
0.00015
0.00015
0.00015
0.00015
0.00015
0.00015
0.00015
0.00015
0.00015
0.00015
0.00015
0.00015
0.00015
0.00015
0.00015
0.00015
0.00015
0.00015
0.00015
0.00015
0.00015
0.00015
0.00015
0.00015
0.00015
0.00015
0.00015
0.00015
0.00015
0.00015
0.00015
0.00015
0.00015
0.00015
0.00015
0.00015
0.00015
0.00015
0.00015
0.00015
0.00015
0.00015
0.00015
0.00015
0.00015
0.00015
0.00015
0.00015
0.00015
0.00015
0.00015
0.00015
0.00015
0.00015
0.00015
0.00015
0.00015
0.00015
0.00015
0.00015
0.00015
0.00015
0.00015
0.00015
0.00015
0.00015
0.00015
0.00015
0.00015
0.00015
0.00015
0.00015
0.00015
0.00015
0.00015
0.00015
0.00015
0.00015
0.00015
0.00015
0.00015
0.00015
0.00015
0.00015
0.00015
0.00015
0.00015
0.00015
0.00015
0.00015
0.00015
0.00015
0.00015
0.00015
0.00015
0.00015
0.00015
0.00015
0.00015
0.00015
0.00015
0.00015
0.00015
0.00015
0.00015
0.00015
0.00015
0.00015
0.00015
0.00015
0.00015
0.00015
0.00015
0.00015
0.00015
0.00015
0.00015
0.00015
0.00015
0.00015
0.00015
0.00015
0.00015
0.00015
0.00015
0.00015
0.00015
0.00015
0.00015
0.00015
0.00015
0.00015
0.00015
0.00015
0.00015
0.00015
0.00015
0.00015
0.00015
0.00015
0.00015
0.00015
0.00015
0.00015
0.00015
0.00015
0.00015
0.00015
0.00015
0.00015
0.00015
0.00015
0.00015
0.00015
0.00015
0.00015
0.00015
0.00015
0.00015
0.00015
0.00015
0.00015
0.00015
0.00015
0.00015
0.00015
0.00015
0.00015
0.00015
0.00015
0.00015
0.00015
0.00015
0.00015
0.00015
0.00015
0.00015
0.00015
0.00015
0.00015
0.00015
0.00015
0.00015
0.00015
0.00015
0.00015
0.00015
0.00015
0.00015
0.00015
0.00015
0.00015
0.00015
0.00015
0.00015
0.00015
0.00015
0.00015
0.00015
0.00015
0.00015
0.00015
0.00015
0.00015
0.00015
0.00015
0.00015
0.00015
0.00015
0.00015
0.00015
0.00015
0.00015
0.00015
0.00015
0.00015
0.00015
0.00015
0.00015
0.00015
0.00015
0.00015
0.00015
0.00015
0.00015
0.00015
0.00015
0.00015
0.00015
0.00015
0.00015
0.00015
0.00015
0.00015
0.00015
0.00015
0.00015
0.00015
0.00015
0.00015
0.00015
0.00015
0.00015
0.00015
0.00015
0.00015
0.00015
0.00015
0.00015
0.00015
0.00015
0.00015
0.00015
0.00015
0.00015
0.00015
0.00015
0.00015
0.00015
0.00015
0.00015
0.00015
0.00015
0.00015
0.00015
0.00015
0.00015
0.00015
0.00015
0.00015
0.00015
0.00015
0.00015
0.00015
0.00015
0.00015
0.00015
0.00015
0.00015
0.00015
0.00015
0.00015
0.00015
0.00015
0.00015
0.00015
0.00015
0.00015
0.00015
0.00015
0.00015
0.00015
0.00015
0.00015
0.00015
0.00015
0.00015
0.00015
0.00015
0.00015
0.00015
0.00015
0.00015
0.00015
0.00015
0.00015
0.00015
0.00015
0.00015
0.00015
0.00015
0.00015
0.00015
0.00015
0.00015
0.00015
0.00015
0.00015
0.00015
0.00015
0.00015
0.00015
0.00015
0.00015
0.00015
0.00015
0.00015
0.00015
0.00015
0.00015
0.00015
0.00015
0.00015
0.00015
0.00015
0.00015
0.00015
0.00015
0.00015
0.00015
0.00015

SCALARS mass float 1
LOOKUP_TABLE default
3.95841e-09
3.95841e-09
3.95841e-09
3.95841e-09
3.95841e-09
3.95841e-09
3.95841e-09
3.95841e-09
3.95841e-09
3.95841e-09
3.95841e-09
3.95841e-09
3.95841e-09
3.95841e-09
3.95841e-09
3.95841e-09
3.95841e-09
3.95841e-09
3.95841e-09
3.95841e-09
3.95841e-09
3.95841e-09
3.95841e-09
3.95841e-09
3.95841e-09
3.95841e-09
3.95841e-09
3.95841e-09
3.95841e-09
3.95841e-09
3.95841e-09
3.95841e-09
3.95841e-09
3.95841e-09
3.95841e-09
3.95841e-09
3.95841e-09
3.95841e-09
3.95841e-09
3.95841e-09
3.95841e-09
3.95841e-09
3.95841e-09
3.95841e-09
3.95841e-09
3.95841e-09
3.95841e-09
3.95841e-09
3.95841e-09
3.95841e-09
3.95841e-09
3.95841e-09
3.95841e-09
3.95841e-09
3.95841e-09
3.95841e-09
3.95841e-09
3.95841e-09
3.95841e-09
3.95841e-09
3.95841e-09
3.95841e-09
3.95841e-09
3.95841e-09
3.95841e-09
3.95841e-09
3.95841e-09
3.95841e-09
3.95841e-09
3.95841e-09
3.95841e-09
3.95841e-09
3.95841e-09
3.95841e-09
3.95841e-09
3.95841e-09
3.95841e-09
3.95841e-09
3.95841e-09
3.95841e-09
3.95841e-09
3.95841e-09
3.95841e-09
3.95841e-09
3.95841e-09
3.95841e-09
3.95841e-09
3.95841e-09
3.95841e-09
3.95841e-09
3.95841e-09
3.95841e-09
3.95841e-09
3.95841e-09
3.95841e-09
3.95841e-09
3.95841e-09
3.95841e-09
3.95841e-09
3.95841e-09
3.95841e-09
3.95841e-09
3.95841e-09
3.95841e-09
3.95841e-09
3.95841e-09
3.95841e-09
3.95841e-09
3.95841e-09
3.95841e-09
3.95841e-09
3.95841e-09
3.95841e-09
3.95841e-09
3.95841e-09
3.95841e-09
3.95841e-09
3.95841e-09
3.95841e-09
3.95841e-09
3.95841e-09
3.95841e-09
3.95841e-09
3.95841e-09
3.95841e-09
3.95841e-09
3.95841e-09
3.95841e-09
3.95841e-09
3.95841e-09
3.95841e-09
3.95841e-09
3.95841e-09
3.95841e-09
3.95841e-09
3.95841e-09
3.95841e-09
3.95841e-09
3.95841e-09
3.95841e-09
3.95841e-09
3.95841e-09
3.95841e-09
3.95841e-09
3.95841e-09
3.95841e-09
3.95841e-09
3.95841e-09
3.95841e-09
3.95841e-09
3.95841e-09
3.95841e-09
3.95841e-09
3.95841e-09
3.95841e-09
3.95841e-09
3.95841e-09
3.95841e-09
3.95841e-09
3.95841e-09
3.95841e-09
3.95841e-09
3.95841e-09
3.95841e-09
3.95841e-09
3.95841e-09
3.95841e-09
3.95841e-09
3.95841e-09
3.95841e-09
3.95841e-09
3.95841e-09
3.95841e-09
3.95841e-09
3.95841e-09
3.95841e-09
3.95841e-09
3.95841e-09
3.95841e-09
3.95841e-09
3.95841e-09
3.95841e-09
3.95841e-09
3.95841e-09
3.95841e-09
3.95841e-09
3.95841e-09
3.95841e-09
3.95841e-09
3.95841e-09
3.95841e-09
3.95841e-09
3.95841e-09
3.95841e-09
3.95841e-09
3.95841e-09
3.95841e-09
3.95841e-09
3.95841e-09
3.95841e-09
3.95841e-09
3.95841e-09
3.95841e-09
3.95841e-09
3.95841e-09
3.95841e-09
3.95841e-09
3.95841e-09
3.95841e-09
3.95841e-09
3.95841e-09
3.95841e-09
3.95841e-09
3.95841e-09
3.95841e-09
3.95841e-09
3.95841e-09
3.95841e-09
3.95841e-09
3.95841e-09
3.95841e-09
3.95841e-09
3.95841e-09
3.95841e-09
3.95841e-09
3.95841e-09
3.95841e-09
3.95841e-09
3.95841e-09
3.95841e-09
3.95841e-09
3.95841e-09
3.95841e-09
3.95841e-09
3.95841e-09
3.95841e-09
3.95841e-09
3.95841e-09
3.95841e-09
3.95841e-09
3.95841e-09
3.95841e-09
3.95841e-09
3.95841e-09
3.95841e-09
3.95841e-09
3.95841e-09
3.95841e-09
3.95841e-09
3.95841e-09
3.95841e-09
3.95841e-09
3.95841e-09
3.95841e-09
3.95841e-09
3.95841e-09
3.95841e-09
3.95841e-09
3.95841e-09
3.95841e-09
3.95841e-09
3.95841e-09
3.95841e-09
3.95841e-09
3.95841e-09
3.95841e-09
3.95841e-09
3.95841e-09
3.95841e-09
3.95841e-09
3.95841e-09
3.95841e-09
3.95841e-09
3.95841e-09
3.95841e-09
3.95841e-09
3.95841e-09
3.95841e-09
3.95841e-09
3.95841e-09
3.95841e-09
3.95841e-09
3.95841e-09
3.95841e-09
3.95841e-09
3.95841e-09
3.95841e-09
3.95841e-09
3.95841e-09
3.95841e-09
3.95841e-09
3.95841e-09
3.95841e-09
3.95841e-09
3.95841e-09
3.95841e-09
3.95841e-09
3.95841e-09
3.95841e-09
3.95841e-09
3.95841e-09
3.95841e-09
3.95841e-09
3.95841e-09
3.95841e-09
3.95841e-09
3.95841e-09
3.95841e-09
3.95841e-09
3.95841e-09
3.95841e-09
3.95841e-09
3.95841e-09
3.95841e-09
3.95841e-09
3.95841e-09
3.95841e-09
3.95841e-09
3.95841e-09
3.95841e-09
3.95841e-09
3.95841e-09
3.95841e-09
3.95841e-09
3.95841e-09
3.95841e-09
3.95841e-09
3.95841e-09
3.95841e-09
3.95841e-09
3.95841e-09
3.95841e-09
3.95841e-09
3.95841e-09
3.95841e-09
3.95841e-09
3.95841e-09
3.95841e-09
3.95841e-09
3.95841e-09
3.95841e-09
3.95841e-09
3.95841e-09
3.95841e-09
3.95841e-09
3.95841e-09
3.95841e-09
3.95841e-09
3.95841e-09
3.95841e-09
3.95841e-09
3.95841e-09
3.95841e-09
3.95841e-09
3.95841e-09
3.95841e-09
3.95841e-09
3.95841e-09
3.95841e-09
3.95841e-09
3.95841e-09
3.95841e-09
3.95841e-09
3.95841e-09
3.95841e-09
3.95841e-09
3.95841e-09
3.95841e-09
3.95841e-09
3.95841e-09
3.95841e-09
3.95841e-09
3.95841e-09
3.95841e-09
3.95841e-09
3.95841e-09
3.95841e-09
3.95841e-09
3.95841e-09
3.95841e-09
3.95841e-09
3.95841e-09
3.95841e-09
3.95841e-09
3.95841e-09
3.95841e-09
3.95841e-09
3.95841e-09
3.95841e-09
3.95841e-09
3.95841e-09
3.95841e-09
3.95841e-09
3.95841e-09
3.95841e-09
3.95841e-09
3.95841e-09
3.95841e-09
3.95841e-09
3.95841e-09
3.95841e-09
3.95841e-09
3.95841e-09
3.95841e-09
3.95841e-09
3.95841e-09
3.95841e-09
3.95841e-09
3.95841e-09
3.95841e-09
3.95841e-09
3.95841e-09
3.95841e-09
3.95841e-09
3.95841e-09
3.95841e-09
3.95841e-09
3.95841e-09
3.95841e-09
3.95841e-09
3.95841e-09
3.95841e-09
3.95841e-09
3.95841e-09
3.95841e-09
3.95841e-09
3.95841e-09
3.95841e-09
3.95841e-09
3.95841e-09
3.95841e-09
3.95841e-09
3.95841e-09
3.95841e-09
3.95841e-09
3.95841e-09
3.95841e-09
3.95841e-09
3.95841e-09
3.95841e-09
3.95841e-09
3.95841e-09
3.95841e-09
3.95841e-09
3.95841e-09
3.95841e-09
3.95841e-09
3.95841e-09
3.95841e-09
3.95841e-09
3.95841e-09
3.95841e-09
3.95841e-09
3.95841e-09
3.95841e-09
3.95841e-09
3.95841e-09
3.95841e-09
3.95841e-09
3.95841e-09
3.95841e-09
3.95841e-09
3.95841e-09
3.95841e-09
3.95841e-09
3.95841e-09
3.95841e-09
3.95841e-09
3.95841e-09
3.95841e-09
3.95841e-09
3.95841e-09
3.95841e-09
3.95841e-09
3.95841e-09
3.95841e-09
3.95841e-09
3.95841e-09
3.95841e-09
3.95841e-09
3.95841e-09
3.95841e-09
3.95841e-09
3.95841e-09
3.95841e-09
3.95841e-09
3.95841e-09
3.95841e-09
3.95841e-09
3.95841e-09
3.95841e-09
3.95841e-09
3.95841e-09
3.95841e-09
3.95841e-09
3.95841e-09
3.95841e-09
3.95841e-09
3.95841e-09
3.95841e-09
3.95841e-09
3.95841e-09
3.95841e-09
3.95841e-09
3.95841e-09
3.95841e-09
3.95841e-09
3.95841e-09
3.95841e-09
3.95841e-09
3.95841e-09
3.95841e-09
3.95841e-09
3.95841e-09
3.95841e-09
3.95841e-09
3.95841e-09
3.95841e-09
3.95841e-09
3.95841e-09
3.95841e-09
3.95841e-09
3.95841e-09
3.95841e-09
3.95841e-09
3.95841e-09
3.95841e-09
3.95841e-09
3.95841e-09
3.95841e-09
3.95841e-09
3.95841e-09
3.95841e-09
3.95841e-09
3.95841e-09
3.95841e-09
3.95841e-09
3.95841e-09
3.95841e-09
3.95841e-09
3.95841e-09
3.95841e-09
3.95841e-09
3.95841e-09
3.95841e-09
3.95841e-09
3.95841e-09
3.95841e-09
3.95841e-09
3.95841e-09
3.95841e-09
3.95841e-09
3.95841e-09
3.95841e-09
3.95841e-09
3.95841e-09
3.95841e-09
3.95841e-09
3.95841e-09
3.95841e-09
3.95841e-09
3.95841e-09
3.95841e-09
3.95841e-09
3.95841e-09
3.95841e-09
3.95841e-09
3.95841e-09
3.95841e-09
3.95841e-09
3.95841e-09
3.95841e-09
3.95841e-09
3.95841e-09
3.95841e-09
3.95841e-09
3.95841e-09
3.95841e-09
3.95841e-09
3.95841e-09
3.95841e-09
3.95841e-09
3.95841e-09
3.95841e-09
3.95841e-09
3.95841e-09
3.95841e-09
3.95841e-09
3.95841e-09
3.95841e-09
3.95841e-09
3.95841e-09
3.95841e-09
3.95841e-09
3.95841e-09
3.95841e-09
3.95841e-09
3.95841e-09
3.95841e-09
3.95841e-09
3.95841e-09
3.95841e-09
3.95841e-09
3.95841e-09
3.95841e-09
3.95841e-09
3.95841e-09
3.95841e-09
3.95841e-09
3.95841e-09
3.95841e-09
3.95841e-09
3.95841e-09
3.95841e-09
3.95841e-09
3.95841e-09
3.95841e-09
3.95841e-09
3.95841e-09
3.95841e-09
3.95841e-09
3.95841e-09
3.95841e-09
3.95841e-09
3.95841e-09
3.95841e-09
3.95841e-09
3.95841e-09
3.95841e-09
3.95841e-09
3.95841e-09
3.95841e-09
3.95841e-09
3.95841e-09
3.95841e-09
3.95841e-09
3.95841e-09
3.95841e-09
3.95841e-09
3.95841e-09
3.95841e-09
3.95841e-09
3.95841e-09
3.95841e-09
3.95841e-09
3.95841e-09
3.95841e-09
3.95841e-09
3.95841e-09
3.95841e-09
3.95841e-09
3.95841e-09
3.95841e-09
3.95841e-09
3.95841e-09
3.95841e-09
3.95841e-09
3.95841e-09
3.95841e-09
3.95841e-09
3.95841e-09
3.95841e-09
3.95841e-09
3.95841e-09
3.95841e-09
3.95841e-09
3.95841e-09
3.95841e-09
3.95841e-09
3.95841e-09
3.95841e-09
3.95841e-09
3.95841e-09
3.95841e-09
3.95841e-09
3.95841e-09
3.95841e-09
3.95841e-09
3.95841e-09
3.95841e-09
3.95841e-09
3.95841e-09
3.95841e-09
3.95841e-09
3.95841e-09
3.95841e-09
3.95841e-09
3.95841e-09
3.95841e-09
3.95841e-09
3.95841e-09
3.95841e-09
3.95841e-09
3.95841e-09
3.95841e-09
3.95841e-09
3.95841e-09
3.95841e-09
3.95841e-09
3.95841e-09
3.95841e-09
3.95841e-09
3.95841e-09
3.95841e-09
3.95841e-09
3.95841e-09
3.95841e-09
3.95841e-09
3.95841e-09
3.95841e-09
3.95841e-09
3.95841e-09
3.95841e-09
3.95841e-09
3.95841e-09
3.95841e-09
3.95841e-09
3.95841e-09
3.95841e-09
3.95841e-09
3.95841e-09
3.95841e-09
3.95841e-09
3.95841e-09
3.95841e-09
3.95841e-09
3.95841e-09
3.95841e-09
3.95841e-09
3.95841e-09
3.95841e-09
3.95841e-09
3.95841e-09
3.95841e-09
3.95841e-09
3.95841e-09
3.95841e-09
3.95841e-09
3.95841e-09
3.95841e-09
3.95841e-09
3.95841e-09
3.95841e-09
3.95841e-09
3.95841e-09
3.95841e-09
3.95841e-09
3.95841e-09
3.95841e-09
3.95841e-09
3.95841e-09
3.95841e-09
3.95841e-09
3.95841e-09
3.95841e-09
3.95841e-09
3.95841e-09
3.95841e-09
3.95841e-09
3.95841e-09
3.95841e-09
3.95841e-09
3.95841e-09
3.95841e-09
3.95841e-09
3.95841e-09
3.95841e-09
3.95841e-09
3.95841e-09
3.95841e-09
3.95841e-09
3.95841e-09
3.95841e-09
3.95841e-09
3.95841e-09
3.95841e-09
3.95841e-09
3.95841e-09
3.95841e-09
3.95841e-09
3.95841e-09
3.95841e-09
3.95841e-09
3.95841e-09
3.95841e-09
3.95841e-09
3.95841e-09
3.95841e-09
3.95841e-09
3.95841e-09
3.95841e-09
3.95841e-09
3.95841e-09
3.95841e-09
3.95841e-09
3.95841e-09
3.95841e-09
3.95841e-09
3.95841e-09
3.95841e-09
3.95841e-09
3.95841e-09
3.95841e-09
3.95841e-09
3.95841e-09
3.95841e-09
3.95841e-09
3.95841e-09
3.95841e-09
3.95841e-09
3.95841e-09
3.95841e-09
3.95841e-09
3.95841e-09
3.95841e-09
3.95841e-09
3.95841e-09
3.95841e-09
3.95841e-09
3.95841e-09
3.95841e-09
3.95841e-09
3.95841e-09
3.95841e-09
3.95841e-09
3.95841e-09
3.95841e-09
3.95841e-09
3.95841e-09
3.95841e-09
3.95841e-09
3.95841e-09
3.95841e-09
3.95841e-09
3.95841e-09
3.95841e-09
3.95841e-09
3.95841e-09
3.95841e-09
3.95841e-09
3.95841e-09
3.95841e-09
3.95841e-09
3.95841e-09
3.95841e-09
3.95841e-09
3.95841e-09
3.95841e-09
3.95841e-09
3.95841e-09
3.95841e-09
3.95841e-09
3.95841e-09
3.95841e-09
3.95841e-09
3.95841e-09
3.95841e-09
3.95841e-09
3.95841e-09
3.95841e-09
3.95841e-09
3.95841e-09
3.95841e-09
3.95841e-09
3.95841e-09
3.95841e-09
3.95841e-09
3.95841e-09
3.95841e-09
3.95841e-09
3.95841e-09
3.95841e-09
3.95841e-09
3.95841e-09
3.95841e-09
3.95841e-09
3.95841e-09
3.95841e-09
3.95841e-09
3.95841e-09
3.95841e-09
3.95841e-09
3.95841e-09
3.95841e-09
3.95841e-09

VECTORS velocity float
0.00479169 -0.000377949 -8.66394e-05
0.00478078 -0.000252337 0.000352169
0.00472726 -0.000288133 -0.000123115
0.0046282 -2.87582e-05 0.000326079
0.00504442 0.000168646 -0.000273901
0.00478771 -0.000216373 -0.000138623
0.00462449 3.6141e-05 -3.30411e-06
0.00428893 -0.00030868 0.000382223
0.00436121 0.00125645 -0.000114909
0.00461656 -0.000150393 2.62496e-05
0.00444231 -0.00012962 3.88273e-06
0.00465323 -8.07329e-05 0.000236159
0.00426011 0.00120128 -0.000306307
0.00430348 0.00117808 -0.000261227
0.00470213 -0.000138189 9.34033e-05
0.00456426 0.000150424 -0.000333025
0.004505 -0.000437819 0.000190054
0.000533773 0.00034758 3.02448e-05
0.00443076 -0.000124507 8.05273e-06
0.00466929 -0.000157996 2.09899e-05
0.00517823 5.47108e-05 7.95637e-05
0.00414354 0.00135692 -4.50328e-05
0.00458639 5.83603e-05 0.000259622
0.00474945 -7.30429e-05 -0.000251314
0.004739 -0.000222875 3.26808e-05
0.00429608 0.000224516 -0.00140694
0.00445734 -0.0003773 0.00084156
0.00446501 -0.000170582 0.000341306
0.00467815 -0.000242556 0.000346932
0.0114338 0.00616854 -0.00598415
0.00450619 -1.57893e-05 -0.000239899
0.00467758 -8.68994e-05 0.000238439
0.00433642 0.00143111 -0.000411221
0.00456624 4.45857e-05 0.000537181
0.00433321 -0.000279703 0.000454915
0.0046646 -9.37781e-05 7.10861e-06
0.00472864 -0.000144955 0.000129909
0.00474898 -8.95196e-05 0.000247536
0.00432667 -0.000267141 0.000404573
0.00430226 -0.000313367 0.000463994
0.00453664 0.00134913 -0.000357353
0.00445042 -2.35326e-05 0.000207302
0.00432874 0.00145225 -0.000444833
0.00319474 0.000591291 -0.000963626
0.00459513 -0.000196234 -6.27148e-05
0.00408577 0.0012852 -0.000355116
0.00448371 0.000658874 -3.29434e-05
0.00434209 -0.000104702 1.30853e-05
0.00115947 -0.00323183 -0.000893494
0.0047596 -0.000595849 0.00172607
0.00434487 0.00138975 -0.000142902
0.00450335 0.00131648 -0.000344482
0.00458727 0.000286635 0.000164571
0.00432996 -0.000103337 1.16944e-05
0.004111 0.00144246 -2.18987e-05
0.00458189 0.00129101 -0.000325584
0.00358979 -0.000146969 0.000492065
0.00477804 -0.000221958 0.000382437
0.00463023 0.000571609 2.01365e-05
0.00438967 0.00147114 -0.000431515
0.00462205 -0.000759671 0.00026786
0.00445105 0.00145178 -5.5866e-05
0.00305715 0.00128146 3.42247e-05
0.00434049 -0.000412075 0.000324011
0.00418554 0.00116735 -9.41425e-05
0.00377026 0.00164303 5.75646e-05
0.00427483 0.00140139 -0.000398814
0.00458186 -9.55361e-05 0.000336212
0.00434851 -0.00028703 0.000435634
0.00436168 0.00133803 -0.000328527
0.00466134 7.1545e-05 0.000563501
0.00464746 -0.000270153 0.000393577
0.00445297 -0.000100254 1.08948e-05
0.00454746 0.0015393 -8.90841e-05
0.00442141 -0.000580977 0.000226496
0.00483261 -6.31375e-05 4.5542e-05
0.0042629 0.00146926 -0.000430647
0.0047734 -0.000210638 -0.000233248
0.00448655 0.00149386 -3.75885e-05
0.00424887 -0.000136743 -0.000414709
0.00439955 -0.000414376 0.000247358
0.00449731 0.00132157 -0.000347113
0.00468325 7.8141e-05 0.000566268
0.00455613 0.000115138 -0.000245059
0.00518615 -4.72667e-05 0.000441295
0.00464497 -1.6855e-05 -0.000250069
0.00481899 -0.000267389 0.000423897
0.00458987 0.000385927 0.000278865
0.00451409 0.00108072 -0.000229144
0.00456322 -0.000146234 -0.000242842
0.00473687 -0.000235506 3.64186e-05
0.00454507 1.26311e-05 0.000237555
0.0047915 -0.000253348 0.000243501
0.00461954 -0.000478471 0.000271562
0.00493187 0.000609707 -0.000791722
0.00473348 -9.56795e-05 0.000248575
0.00435156 0.000146172 0.000218012
0.0043547 -0.00034514 0.000767397
0.00463054 -0.000198493 0.000159896
0.00445043 -0.000357884 0.000401947
0.00450849 0.00057666 -0.000262944
0.004467 0.00141389 -0.000380991
0.00465061 -4.55417e-05 2.42971e-05
0.00435008 -8.14438e-05 0.000325362
0.00482319 -0.000218383 0.000392581
0.00467111 -0.000250737 0.000346091
0.00323708 0.00155311 -0.000678857
0.00453084 -0.00034684 0.000107492
0.00416023 -0.000297859 0.000468406
0.0049342 -0.000242603 4.1156e-06
0.00481355 -0.000363289 0.000254881
0.00495971 0.000768113 -0.000514592
0.00476219 -0.0002596 0.000354943
0.00435 -0.000271185 0.000441796
0.00470283 -0.000185222 0.000422427
0.00508924 4.54535e-05 -0.000136098
0.00467947 -0.000264241 0.000344188
0.00344748 0.00173404 -0.000604484
0.00470349 -1.866e-05 -3.31508e-05
0.00455414 0.00130011 -0.00032979
0.00479361 -7.47137e-05 6.00712e-05
0.00485166 -0.000256557 0.000340125
0.00491298 0.000605207 -0.000784642
0.00449571 2.26265e-07 1.9339e-05
0.00404944 0.00111733 -0.000275389
0.00455233 -5.04222e-05 3.32959e-05
0.00467622 3.28631e-05 0.000196418
0.00435113 0.00126216 -0.000325864
0.00445583 0.00088071 -0.000257532
0.00465594 0.000373477 -0.000254915
0.00456836 -0.000629091 0.000306016
0.00460648 -0.000381499 0.00031863
0.00425145 -0.000436284 0.000162086
0.00479003 -0.00036304 0.000202315
0.00450897 -0.000399276 0.000111758
0.0043638 -7.54663e-05 0.000142902
0.0047008 -0.000257074 0.000350863
0.0040093 -0.000292094 0.000246285
0.00469379 -0.000205258 0.000172437
0.00409795 -0.000858823 -0.000579811
0.00445057 0.000759743 -2.67067e-05
0.00463113 -0.00044703 0.000200785
0.00439188 7.15412e-06 -0.000236633
0.00463156 0.000387173 -0.00059826
0.00449604 0.00041188 -0.000245581
0.00432943 0.0013675 -0.000381171
0.00436134 0.00134748 -0.000373779
0.00498359 0.000555 -0.000755288
0.00450888 0.00100992 -0.000195601
0.00472262 -0.000394014 -3.48358e-05
0.00461195 -0.000163773 -0.000265978
0.00444533 6.31063e-06 0.000228542
0.00372817 0.00179472 -0.000486332
0.00413127 -0.000229012 0.000251909
0.00471418 0.000886695 -0.000368338
0.00442923 0.000150865 -0.000238445
0.00437299 0.000101353 -6.31152e-05
0.00433459 0.00135699 -0.000373655
0.00499767 7.77786e-06 -0.000279339
0.00456354 -2.99434e-05 2.06191e-05
0.00477467 -0.000294489 0.000241499
0.00450602 0.00133573 -0.000348135
0.00435963 -0.000272023 8.10122e-05
0.004833 -1.99452e-05 -0.000431682
0.00490238 -6.74689e-05 4.89946e-05
0.0049636 -0.000188444 -0.00026135
0.00464246 -0.000422461 0.00027448
0.00469806 -0.000421098 0.000305229
0.00466405 0.000594282 -0.0006087
0.00484027 0.000395117 -0.000634867
0.00469182 0.000226536 -0.000462838
0.004393 -0.000190594 0.000391126
0.00471954 -0.000124986 -5.63185e-05
0.00409715 0.000187214 0.000147301
0.0044728 0.00118969 -0.000283008
0.00458112 -0.000288458 0.000373151
0.00448796 0.000143555 -0.000411398
0.00400381 0.000762141 -0.000179345
0.00497054 0.00025945 -0.000649788
0.00494053 -0.000279656 -0.000216034
0.00224552 -0.0101857 -0.00268915
0.00262547 -0.00222397 -0.00271587
0.00461843 0.000442286 -0.000252843
0.00450759 0.000492266 -0.000255107
0.00163117 -0.000554771 -0.000282764
0.00478401 -0.000170206 0.000147445
0.00436236 -0.000128672 0.000146646
0.00482403 -0.00018337 0.000146764
0.00455919 0.000386665 -0.000248366
0.00480484 -0.000312928 0.000380205
0.00472404 -5.97809e-05 3.39458e-05
0.00477058 0.00061452 -0.000263893
0.00456543 -6.73093e-05 -0.000242013
0.00454581 9.08039e-05 -0.00026595
0.00461681 -5.5106e-05 -0.00027518
0.00461231 -0.000681671 -0.000368439
0.00436012 -2.86314e-05 -0.000231713
0.00452527 -1.21169e-05 4.44387e-05
0.00408822 -0.000372075 -5.02368e-05
0.00429539 -0.000504478 0.000210768
0.00488031 0.000865695 -0.00040699
0.00464119 0.000140407 -0.000250006
0.00474261 -0.000285069 0.000399913
0.00446049 1.20159e-07 1.1589e-05
0.00421399 3.93644e-05 6.27959e-05
0.00406079 -0.0001425 0.000162915
0.00446963 -0.000125292 -0.000249468
0.00435596 -0.000135733 -0.000132649
0.0045986 -0.00053906 -0.000315968
0.00428339 0.00140045 -0.000396488
0.00475162 -8.81335e-05 -0.000252503
0.00499613 -0.00014423 -0.000255933
0.00477044 -0.000135497 -0.000244638
0.00462289 0.000489762 -0.000253127
0.00412592 -0.00017391 -0.000113817
0.00449039 0.00134294 -7.77328e-05
0.00443232 0.000188118 -0.000432341
0.00424739 0.000316909 -2.40427e-05
0.00482912 -0.000229723 0.000226435
0.0043963 0.000830715 -0.00024364
0.00492333 0.000771743 -0.000335672
0.00464518 0.000259353 -0.000252191
0.0044847 0.000176537 5.91924e-05
0.004801 -9.58918e-05 -0.00024808
0.00494591 0.000634008 -0.000270936
0.00297077 0.00131128 -0.00186693
0.00439116 -0.000109338 -0.000238242
0.00447727 -0.000372784 3.76807e-05
0.00450601 -6.87082e-07 0.000314858
0.00460512 -4.05664e-05 2.80982e-06
0.00446754 -0.000141249 2.0758e-05
0.00451672 -0.00047701 0.000273263
0.0044368 -0.000286546 0.000171476
0.00499402 0.000216395 2.06245e-05
0.00422156 0.00107247 -0.00155904
0.00490038 0.000856286 -0.000412734
0.00454455 -0.000552069 -0.000562203
0.00417867 -3.26271e-05 -9.03507e-05
0.00443264 -0.000346662 0.000464331
0.00485222 -0.000308999 0.00018194
0.00505377 -0.000651116 0.00139787
0.00503221 -0.000166735 4.37337e-05
0.00454466 -0.000331535 4.47886e-05
0.00494998 -0.000391782 -9.83319e-05
0.00452629 0.00130596 -1.5487e-05
0.00481643 -0.000227769 3.2487e-05
0.00469217 0.000898092 -0.00043334
0.00428794 0.000871328 -0.00107844
0.00445708 -0.000550788 -0.000359487
0.0034072 0.000588914 1.09488e-05
0.00486559 0.000361568 -0.000262785
0.00422371 0.000170831 1.3745e-05
0.00463309 0.000232623 4.88753e-05
0.00454651 6.32225e-05 -0.000260829
0.00435036 0.000201827 -6.88975e-05
0.00250031 0.00141728 -0.00052145
0.00453207 0.000496791 -0.000249112
0.0047318 -0.000267665 -0.000126568
0.0042966 0.00137939 -0.000384297
0.00431038 0.00142108 -0.000435669
0.00424632 0.000136011 0.000186148
0.00410442 -0.000354486 0.000155591
0.00439167 0.000164444 -0.000216432
0.00404519 -5.35561e-05 0.000244668
0.00436665 -0.00130325 0.000611939
0.00454114 0.000441293 -0.000248431
0.00471659 0.000426398 -0.000625103
0.0045462 -3.57268e-05 -0.000242085
0.00454742 7.09128e-05 -0.000384916
0.00482374 0.000202922 -0.000252415
0.00453254 -0.000546723 -0.000332046
0.00451236 0.000256707 -0.000244565
0.00460436 0.00010534 -0.000247669
0.00471056 -0.000316397 -2.42783e-05
0.00450862 -0.000194112 0.000159997
0.00487938 -0.000152033 -1.26532e-05
0.00480487 -0.000262798 0.000359463
0.00465482 -0.000372803 -0.000504899
0.00478047 -0.00019007 0.00016435
0.00408659 -0.000376454 0.000118338
0.00455043 -0.000593548 0.000303829
0.00413242 -0.000374996 0.00017495
0.00499208 0.00065948 -0.0007524
0.00480742 -0.000179174 0.000140751
0.00524174 0.000522728 -0.000752702
0.00419449 -0.000265662 0.000103207
0.0043806 -3.80047e-05 1.61805e-05
0.00460422 7.35279e-05 -0.000246676
0.00448636 -0.000755021 0.000298752
0.00494729 0.00057985 -0.000785282
0.00445589 -0.000443103 0.000194491
0.00471518 0.000146687 -0.000246519
0.0048237 7.23699e-05 -0.000244592
0.00478573 -0.000219714 -0.000265729
0.00429543 -0.000831906 0.000266013
0.00519758 0.00037832 -0.000652138
0.0049427 -0.00085906 0.000811504
0.00482894 -1.51277e-05 0.000217357
0.00389935 -0.000470392 -0.000407399
0.00469446 0.000339188 -0.000353102
0.00447416 0.00152387 -0.000446406
0.00420315 0.00100874 -0.00021828
0.00310259 -0.000305372 -0.00311818
0.00451262 -0.000118061 -0.000236484
0.00473372 0.000265763 -0.000253807
0.00465576 -0.000480364 0.000210057
0.0044449 -0.000729681 0.000293204
0.00438877 -0.000269228 0.000172932
0.00445649 -9.10305e-05 0.000293221
0.00426335 -9.47672e-05 0.000164364
0.00440993 -0.00011789 0.00034401
0.00441485 0.000490009 -0.000258386
0.00498618 0.000541912 -0.000584878
0.00487652 0.000526466 -0.000267619
0.00435606 -0.000821824 0.000196776
0.00476627 0.000117142 6.13377e-05
0.00489025 -0.000224188 0.000221591
0.00128904 4.6209e-05 -0.00264893
0.00493011 0.000456999 -0.000391592
0.00415521 -0.000137335 0.000187544
0.00442986 0.000304477 -0.000242825
0.0046618 0.00169855 -0.000995942
0.00441374 0.000237226 -0.000154419
0.00484931 0.000675688 8.09034e-07
0.00417256 -0.00177011 0.000156971
0.00476332 -0.000247781 -6.22148e-05
0.00484906 -0.000144001 0.000181347
0.00502941 0.000298876 -0.000266449
0.00475673 -2.26128e-05 -1.93559e-05
0.00406037 8.34359e-05 0.000163771
0.00462348 0.000437223 -0.000253048
0.00496078 0.000889384 -0.000435495
0.00451809 0.000598665 -5.94972e-08
0.00503441 3.7779e-05 0.000398045
0.00481929 0.00059317 -0.000408803
0.00444432 -0.000409686 0.000201634
0.00529046 0.000257394 -0.000955678
0.00402473 -0.000239633 0.000197651
0.00403982 -6.67834e-05 0.00028037
0.00418069 -0.000450668 0.000171718
0.00429583 8.56073e-05 0.000105383
0.00315172 0.00126478 -0.00125161
0.00461522 -0.000242012 0.000136818
0.00425061 0.000191943 -3.11354e-05
0.00435196 -0.000284711 0.000382795
0.00453116 0.000484704 -0.000389065
0.00453179 -0.000605777 -0.000316164
0.00485367 -0.000129486 -0.000249576
0.00463175 -0.000394351 0.00015742
0.00476099 -0.000335294 -8.23928e-05
0.00447372 4.16981e-05 0.000146053
0.00466118 -1.41562e-05 -0.000317547
0.00442052 -0.000689821 0.000351416
0.00456073 -0.000228996 0.000245189
0.0045108 -0.00056485 -0.000352269
0.00434579 -0.000297254 8.79269e-05
0.00484251 0.000647077 -0.000364526
0.00446744 -0.000481641 0.000246811
0.00452169 0.000512113 -0.00013724
0.00463672 -0.000524302 0.000311889
0.00476438 -8.34805e-05 0.000348458
0.00450902 4.39776e-05 0.00022112
0.00435045 -0.000645346 -0.000304762
0.00442942 -0.000357542 0.000152283
0.00428002 -0.000654749 0.000270238
0.00442737 -0.000386696 0.000139745
0.00438502 0.000565804 -1.48467e-05
0.00463348 5.23309e-06 0.000283079
0.00449812 -0.000925376 0.000806926
0.00394121 -0.000182429 4.64427e-05
0.00409433 -0.00032937 0.000161357
0.00480865 -0.00108136 -0.000326324
0.00319088 0.000140089 -0.000975311
0.00413885 -0.000158363 0.000138865
0.00445533 -0.000391493 0.000100784
0.00382389 -0.000324769 -0.00113031
0.00277026 -0.000155075 -0.00181948
0.00454163 0.000608504 -0.000113006
0.00473996 0.000463714 -0.000259638
0.00546688 0.00111608 -0.000597033
0.00421598 -5.39047e-05 0.000197233
0.00439708 -8.92232e-05 0.000110301
0.00439587 -0.000290994 0.000109182
0.00416426 8.51687e-05 0.000197306
0.00388048 -0.000146827 0.000377005
0.00432176 -0.00097921 0.000503446
0.0039316 -9.69841e-05 0.000254001
0.00437134 -0.00054447 -0.000294692
0.00465092 -0.000393632 0.000369454
0.00445836 -0.000378709 -0.000302597
0.0045876 3.12963e-05 -8.22339e-05
0.00500241 0.000123968 7.30365e-05
0.00412047 -0.000317524 0.00015613
0.00457458 0.000642883 -0.000130765
0.0040115 -0.000161442 0.00034977
0.00461273 0.000616012 -0.000143687
0.00500896 2.62423e-05 -0.000121046
0.00427019 -0.000294318 0.000314362
0.00489979 -0.000319126 -0.00032159
0.00459138 -0.000258419 0.000361543
0.00448831 -0.000752344 0.000298417
0.00472234 0.000176517 2.29211e-05
0.00528383 -5.30578e-05 -0.0006146
0.00457337 -0.000102413 -0.000160161
0.0044197 0.000740974 -0.000245763
0.00583481 0.000665296 -0.00509728
0.00302807 -0.00114759 -0.000538242
0.00436386 -0.000217456 0.000293459
0.00445754 -0.000137167 -1.6543e-05
0.00444063 -9.76205e-05 9.52938e-05
0.00500057 0.000859243 -0.000392382
0.00402493 -0.000375347 0.000158553
0.00463767 0.000127691 -0.000249756
0.0050302 0.000434385 -0.000183509
0.00524164 -6.34713e-05 -0.000714881
0.00503173 0.000216891 2.18139e-05
0.00425344 -0.000218334 4.91853e-05
0.00467176 -0.000429881 0.000256642
0.00457464 -7.44743e-05 0.00035414
0.00405371 -0.000266744 5.96137e-05
0.00456013 0.00019146 2.61643e-05
0.00586828 0.0016328 -0.00540366
0.00574833 0.00155083 -0.0052843
0.0040635 -2.53906e-05 0.000222968
0.0042221 8.59832e-05 -9.71866e-05
0.00445484 -0.00014134 5.04215e-05
0.0041108 9.24587e-05 -0.000188281
0.00428558 0.000230502 -0.000144974
0.00507703 0.000285058 -2.63646e-05
0.00462747 -0.00045237 0.000364131
0.00512707 0.000285254 -5.91256e-05
0.00438866 -0.000668644 -0.000317686
0.00464648 -0.000409618 0.000160068
0.0042879 -0.000311591 0.000169947
0.00526174 0.000281613 -5.70108e-05
0.00466885 -0.000459561 9.48091e-05
0.00459072 -8.43247e-05 4.65263e-05
0.00412953 0.000272991 -0.000123514
0.00429767 5.96718e-05 0.000236477
0.00536669 0.000247359 -2.57216e-05
0.0039926 0.000262091 -5.84142e-05
0.00501786 0.000501832 -0.000164474
0.00455896 -5.03794e-05 0.000287633
0.00443322 0.000349676 -0.000247557
0.00413302 -0.00024634 0.000162792
0.00440498 0.000169413 -0.000148868
0.00497285 0.000624842 -0.000718516
0.00544952 -0.000141801 0.000253372
0.00486541 0.000137571 6.66093e-05
0.00470437 -0.000421029 0.000125
0.00479615 9.14164e-05 0.000208918
0.00439932 -0.000121513 0.000313859
0.00492504 0.000262064 -6.40855e-05
0.00454266 2.16658e-05 0.000121897
0.00479113 0.000638445 -0.00037518
0.00466823 -0.00042553 0.000150717
0.004405 -0.00029963 7.69571e-05
0.00454921 -0.000378136 0.000435058
0.00410999 -0.000218294 0.000151983
0.00450511 -2.22303e-05 0.000102046
0.00262323 -0.00588572 -0.00372076
0.00497474 0.000715958 -0.000584512
0.00458308 0.000639359 -0.000142721
0.00480936 0.000249837 -2.04033e-05
0.00410917 -0.000196707 0.000152428
0.00459786 7.06486e-05 0.000153318
0.00428384 -0.00024396 0.000162185
0.00411533 -0.000246108 0.000162501
0.0109158 0.0146462 -0.000397743
0.0045015 -0.000683312 0.000297751
0.00432874 -7.46759e-05 3.40227e-05
0.00410997 -0.00061118 3.67912e-05
0.00335892 0.000288847 -0.000219528
0.00412129 -5.74118e-05 0.000160839
0.00458091 -0.000509341 0.000309767
0.00490442 0.000184716 2.79073e-05
0.00346238 0.000145026 4.94385e-06
0.0049573 0.000607686 -0.00077168
0.00427859 0.00024465 0.000119314
0.00513796 -0.000125136 0.000278299
0.00373842 0.0001925 -0.000219168
0.00528435 -5.14917e-05 0.000191506
0.00401718 -0.000859108 0.000374377
0.00459114 0.000206319 -8.77204e-06
0.00458827 -1.06062e-05 -0.000455643
0.00447815 0.000532306 -0.000129578
0.00486385 0.00035256 -0.000149756
0.00419696 0.000105493 9.51835e-05
0.00437066 0.000712626 -0.000244335
0.00514722 0.000194733 1.50226e-05
0.00440301 -0.000402918 0.000177855
0.00448429 -0.000460401 0.000114074
0.0427217 0.0891163 -0.00404476
0.00416451 0.000179909 0.000413515
0.00441904 -0.000440644 0.000193552
0.00434407 -8.15809e-05 0.000270878
0.0043068 -0.000679295 0.00029339
0.00453971 -0.000469952 5.33467e-05
0.00405124 6.78417e-05 0.000159713
0.00406875 -0.000340133 9.91203e-05
0.00415513 -0.000256117 0.00016458
0.00472355 -3.83164e-05 0.00018992
0.00425846 -0.000112142 -0.000155271
0.00424662 -0.000467777 -2.67477e-05
0.00465938 -0.000186152 0.000260985
0.0012048 -0.00252262 0.00383417
0.00463407 -0.000405877 0.000126513
0.00453098 -0.000730845 0.000302471
0.00478204 0.000112429 2.98262e-05
0.00447366 -0.000477547 0.00024477
0.00441811 -0.000506884 0.00047586
0.00463888 -0.000414887 0.00017008
0.00463162 -0.00045475 0.000182938
0.00340455 -0.000152664 -0.00384559
0.00449554 0.000435558 -0.000146274
0.00506738 0.000345606 -0.000341737
0.0046639 -0.000456826 1.57886e-05
0.00437397 -0.000389453 -9.83424e-05
0.00482639 -0.000887917 -0.000214451
0.00612155 0.00130634 -0.00538865
0.00488822 -7.82376e-05 0.000386865
0.00447369 -0.000957419 -3.11188e-05
0.00441907 -0.000351921 0.000200281
0.0058003 0.00159146 -0.00532585
0.00396979 -0.000180847 0.000446493
0.00428006 -0.000611011 0.000487046
0.00458505 0.000553273 -0.000211022
0.0052553 0.000417125 -0.000161688
0.00434355 0.000411221 -0.00018464
0.00516358 0.000672883 -0.000294869
0.00448627 5.75214e-05 0.000179751
0.0045029 -0.00070808 0.00030208
0.00409062 0.000184955 0.000151798
0.00428525 0.000139953 -0.000143106
0.00460012 -0.000196578 0.000251644
0.00457304 -0.000344759 0.000222804
0.0055777 -8.24369e-05 -1.15223e-05
0.0046281 -0.000329892 0.00010451
0.00523214 0.000304279 -7.56616e-05
0.00420083 0.00105186 -0.000669887
0.00469962 -0.000120906 -2.0626e-05
0.0040212 0.000377584 -0.000297193
0.00448201 -0.000310792 0.00033521
0.00457314 -0.000108401 0.000165173
0.00515394 0.00223442 -0.00258007
0.00424009 0.000343353 -0.000142581
0.00444742 -0.000462527 0.000577933
0.0547345 0.0636801 -0.00189819
0.00468313 -0.000968977 -2.81559e-05
0.00492499 4.07762e-06 -0.000119612
0.00533274 0.000127153 1.948e-05
0.0050343 1.01933e-05 -0.000754984
0.00443728 -0.000296803 0.00013322
0.00437383 -0.000227202 0.000267595
0.00479817 0.000238172 -0.000582504
0.00488408 0.000362451 -0.000163653
0.00413143 -0.000524895 0.000312502
0.00469474 -0.00019462 0.000192584
0.00533644 -1.30967e-05 0.000127179
0.00471856 -0.00020931 0.0002421
0.00477722 -0.000438859 0.000701798
0.00431397 0.000295738 -4.86074e-05
0.0044034 -0.000953192 -3.36314e-05
0.00442375 0.000291961 -6.61507e-05
0.0050171 0.000618757 -0.000315567
0.00466724 -0.00023127 8.08395e-05
0.00416991 -0.000245986 0.000162746
0.00441549 0.000325127 -0.000134387
0.00488888 0.00035181 -0.000110041
0.00437177 -9.44214e-05 0.000380625
0.0314909 0.0702392 -0.010276
0.013212 0.0865309 -0.00174946
0.0302166 0.109339 -0.00176454
0.00484837 -0.000109533 0.000301729
0.00459401 -0.000420572 0.000252598
0.00499805 -0.000373234 -0.00020455
0.0476016 0.0673833 0.00526615
0.00441889 -0.000480607 0.000465948
0.00503634 0.000207505 -0.000471215
0.000355461 0.00344494 0.0188316
0.00467721 0.000528139 -0.000145692
0.00424184 -0.000187967 0.000985095
0.00580214 0.00155404 -0.00535625
0.00439611 5.93204e-05 0.000103612
0.00378915 -0.00345858 0.000618003
0.00446866 0.000510542 -0.000140503
0.00416765 -5.24931e-05 -0.000144217
0.00179807 0.00555847 0.0112083
0.00462196 -0.000716887 0.000110837
0.00456699 -0.00021135 0.000289013
0.000798974 -0.000114083 0.00276334
0.00462901 0.000406819 5.27107e-06
0.00418224 0.000141545 0.000159623
0.00861802 0.00640664 -0.00326717
0.00163907 0.00343615 0.0123209
0.0307017 0.10825 -0.00176829
0.00419016 6.40665e-06 3.86736e-05
0.00490096 3.85751e-05 -2.98667e-05
0.00414183 -0.000501523 0.000168815
0.00386205 -0.000458351 0.000431494
0.00426949 -0.000354156 0.000149283
0.00474211 0.000265806 -0.000112032
0.00490984 -0.000852491 -0.000227174
0.00356689 0.000506604 -0.00028887
0.00412214 -0.000239774 0.000114655
0.00423887 -0.000883299 0.000389176
0.00436064 -6.77485e-05 -0.000172214
0.0047638 -0.000106091 0.000409083
0.00337441 -2.50881e-05 -0.000442817
0.000907062 0.00837341 0.0134209
0.00422517 -0.000674184 0.000289786
0.00500127 0.000303757 -9.5442e-05
0.00487272 -0.00070553 -0.000248157
0.000354585 0.00631074 0.0184061
0.00450111 -0.00095268 -2.8284e-05
0.00360822 0.004096 -0.00463674
0.00456164 -0.000454353 -0.000289889
0.0047522 0.000587814 -9.67792e-05
0.00499265 0.000318114 -0.000106011
0.0420905 0.113602 -0.0020896
0.00413981 -0.000137677 -0.00015143
0.00523347 -0.000106576 0.000190415
0.00423032 0.000303272 0.000850931
0.00537319 7.77916e-05 4.54732e-05
0.00376887 0.000589531 -0.000104248
0.00457136 -0.000620217 0.00018515
0.000610574 -0.000370627 0.0193773
0.00442057 -7.57639e-05 0.000340416
0.0314144 0.0942361 -0.00164903
0.00412174 -0.000810798 -0.000197787
0.00502074 -0.00029823 0.000521837
-0.00369104 0.0306599 -0.00319658
0.00465056 0.000134908 1.80005e-05
0.00210044 -0.00316494 0.00185613
0.00328071 -0.000229804 -0.00124414
0.00425289 -0.000199348 7.43415e-05
0.00446904 -0.000489917 -0.000208804
0.00416678 0.000473771 0.000625776
0.00460969 0.000952828 -0.000694488
0.00549038 -0.000149373 0.000218213
0.00366004 0.000728614 -9.88186e-05
0.00302301 8.43536e-05 -0.000134992
0.00431416 -0.00091923 0.000837809
0.00360645 -0.000277615 -0.000155704
0.00386205 0.00104033 -0.000650566
0.00463827 0.000158837 -0.000682597
0.00440143 -0.000431671 -0.000367755
0.00948277 0.00632315 -0.00606957
0.00515906 -0.000624037 0.000443842
6.46887e-05 0.00195646 0.0187029
0.00442362 -0.000601425 3.97573e-05
0.0138666 0.00243982 -0.00440125
0.00436517 1.16787e-05 -0.000233899
0.00416388 -0.000108276 -0.000160095
0.000665192 0.00068738 0.0192163
0.00486054 -0.000763327 0.00201915
0.00487785 0.00116654 -0.00069998
0.00470992 -0.000478151 0.000299162
0.00315385 -0.000284843 -0.00147803
0.00472058 -0.000144423 -0.000108425
0.00425255 -0.00035259 0.000725158
0.00452494 -0.000317243 0.000376411
0.00164645 0.00443053 0.0119413
0.00472619 -0.000229872 -7.84017e-05
0.00438725 -0.000218786 0.000264433
0.00248899 -0.00901069 -0.00288537
0.00444287 0.000408174 -0.000147201
0.00460164 -8.10813e-05 0.000207727
0.00784702 0.013567 -0.00222407
0.0023555 0.00901117 -0.000206517
0.00602594 -0.0118258 0.0150118
0.00529398 0.000392225 -0.000175927
0.00434795 0.000151219 -0.000163734
0.00427315 -0.000287454 0.000178677
0.00469739 0.00059926 -0.000180434
0.00446676 -0.000214884 0.000117638
0.00345126 0.000780416 -1.08171e-05
0.00436344 -0.00147536 8.17814e-05
0.00424268 6.42636e-05 -0.000154847
0.00414264 -0.000263483 0.000133215
0.00505463 0.00381651 -0.004042
0.0115832 0.00836684 -0.000159075
0.00480217 -0.000662319 0.000764976
0.00463263 -0.000160351 -0.000178547
0.00335488 0.000182867 -0.000154917
0.00476193 -0.00435866 0.000537441
0.0178119 0.0144614 0.047292
0.00440261 0.000290954 -0.00014014
0.00547958 -6.69265e-05 -0.000362494
0.00491289 -4.82363e-05 0.000149409
0.011229 0.013681 -0.0168674
0.005446 0.0106677 -0.000192906
0.00526788 0.000506059 0.00168243
0.00828453 0.0110245 -0.0129419
0.00216371 0.000139324 0.0102773
0.00510194 0.000406677 0.00022273
0.00493372 0.000270156 -6.88277e-05
0.00460219 -0.000603318 -0.000203709
0.000358946 0.00915574 0.0179322
0.00478612 0.00040637 -0.000157825
0.00483128 0.000262477 -8.96411e-05
0.00442698 -0.000968885 -3.23634e-05
0.00413491 8.11404e-05 -0.000702046
0.00934631 -0.00752617 0.00841513
0.00500194 0.000177257 1.70472e-06
0.00455925 -0.000630783 -9.42233e-05
0.00410701 0.000532821 -0.000126399
0.00669912 0.000663607 0.00283553
0.00449029 -0.00113155 -6.15168e-05
0.00414659 6.52167e-05 -0.000151125
0.0049553 0.000241787 -8.89735e-05
0.000932344 -0.0067703 0.014768
0.0055708 0.00199935 -0.00165439
0.00610952 0.000665663 0.00193802
0.00411287 -0.000251211 0.000141341
0.00350835 -6.04828e-05 0.00607225
0.00431628 -0.000574192 8.77606e-05
0.00441237 -0.000844732 2.99992e-06
0.00512701 0.000101542 0.000261697
0.00433845 -0.000836097 0.000246091
0.00425626 0.0282161 -0.0325687
0.0311684 0.018635 -0.000709004
0.00304782 0.00032841 0.00116165
0.0092299 0.00337519 -0.00514732
0.00066098 0.0248274 -0.0282953
0.0371046 0.0113615 -0.000630542
0.00478241 -0.000317473 0.000348281
0.00466021 -0.000315137 0.000366605
0.000929555 0.00651043 0.0145237
0.00546003 -7.05999e-05 0.000104357
0.0042847 0.000662016 -5.75683e-05
0.00492156 -0.000456482 0.000704863
0.00884631 0.0109247 -0.0108587
-0.000807023 -0.000443003 0.00448682
0.00745486 0.0048247 -0.00368908
0.00156982 0.0229426 -0.0262597
0.011689 0.00567131 -0.00291639
0.00304258 7.87733e-05 -7.46966e-05
0.00325761 0.00270817 -0.00267289
0.00353448 -0.00340425 0.00643981
0.00136343 0.00199871 -0.00198488
0.0043725 -0.00071185 -0.00019957
0.0145347 0.0214866 -0.0161294
-0.000576166 0.00534512 0.00959935
0.042306 0.00812211 -0.000623612
0.00788364 -5.18057e-05 -0.0013678
0.00485031 0.000333807 -0.000161494
0.115402 -0.318168 0.506624
0.0242271 0.00127856 -0.00427342
0.00331171 0.000467984 -0.00154385
0.0118725 0.00423857 -0.00412153
0.0129385 0.00422331 -0.00382178
0.00233491 -0.00301679 -0.00617533
0.00915581 -0.00792764 0.0079354
0.00625561 0.00356401 -0.00349409
0.00120173 0.0287081 -0.0327694
0.00430442 -0.000539411 -0.000185949
0.00457505 -0.00037272 0.000394583
0.00488287 -0.000104624 -0.000147304
0.00150788 0.0023184 3.81536e-05
0.00108649 0.00792081 0.01377
0.00539097 0.00117956 -0.00264431
0.0570125 0.00690028 -0.000760592
0.019481 0.00515893 -0.000315149
0.00421837 -0.000589148 0.000587555
0.00438873 -0.00100877 0.00036033
0.00423603 -0.000711012 -0.000188822
0.00380909 0.00447428 -0.00441685
0.00394057 -0.000596465 -0.00017539
0.0326087 0.0996017 -0.0128537
0.00409625 -0.000567837 -0.00012772
0.005093 6.41158e-05 8.91609e-05
0.00474842 -0.000158376 0.000229843
0.00250412 0.00861495 -0.000196938
0.00524089 0.000232792 -5.55015e-05
0.00213177 0.000685647 -6.83579e-05
0.0543356 0.0927854 -0.00217118
0.00421528 0.000187147 -0.000147453
0.00268473 0.0274877 -0.0315564
0.000278715 0.0023789 0.0187921
0.000338129 0.00980346 -0.000149352
0.00302959 -0.00052576 0.000409055
0.0147613 0.0137651 -0.0173776
0.00516401 0.00463835 -0.00463795
0.0783153 0.036365 -0.00218488
0.000644106 0.00391711 0.000133208
0.0150727 0.00802307 -0.00783485
0.00110899 0.00306359 -7.51387e-05
0.000630366 0.00277379 0.0192312
0.00145177 0.00323158 0.000568057
0.000776542 0.00398835 -0.000130688
0.00640614 -0.00334953 -0.0061291
0.0102953 0.00781417 -0.0019751
-0.000128026 0.00378701 -7.33961e-05
-0.00190473 -0.00124803 0.029366
0.00672247 0.00417512 -0.00385081
-1.14423 -0.17533 -0.165843
0.00993914 0.00703577 -0.000255072
0.00915019 0.00506494 -0.00498014
0.00204297 0.0105665 -0.0123783
-6.41144e-05 0.000291831 2.4611e-06
0.0135291 0.00203897 -0.00469553
0.00630666 0.0075613 -0.00751304
0.0115064 0.0133143 -0.0164833
0.000795221 -0.0117129 0.0151015
0.010631 -0.00171217 -0.0229633
0.0010228 -0.00433053 0.0048016
0.000898517 0.00332397 0.0154798
0.00330792 0.00301672 0.000717338
0.0123638 0.00464597 -0.00501126
-0.000338416 0.00076958 -6.16323e-06
0.0188184 0.000655384 -0.00297427
0.0645883 0.0161713 -0.00166787
0.00108814 0.0251554 -0.0287182
-0.00022142 -0.000642976 -0.00111772
0.0306055 0.00940123 -0.000520686
0.00747193 -0.00326713 0.000316338
0.00427505 -0.000982981 0.000351743
0.0419019 0.0172205 -0.00114731
0.00434454 -0.000757654 0.000652008
0.00422211 -7.98498e-05 -0.000157236
0.0461591 0.0552667 -0.00161596
0.00146426 0.000449709 0.0152981
0.00356242 -0.00648648 5.73044e-06
0.0550128 0.0323679 -0.00160096
0.00417589 -0.00096766 0.000345431
0.00368026 0.00106039 -0.000728803
0.0491645 0.0448395 -0.00158512
0.0122278 0.00827473 -0.0081197
0.00420064 -0.000967934 0.000347436
-0.0120328 0.0073871 0.00421169
0.003781 -0.00104452 0.000727974
0.0045809 -0.00355686 0.00099415
0.0261676 0.0499868 -0.00114512
0.00445131 -0.00093414 -2.53907e-05
0.00879697 0.00209287 -0.000526858
0.00566089 0.0146231 -0.0146345
0.022676 0.0177283 -0.0174864
0.0765126 0.0208372 -0.00124911
0.00228925 -0.0116805 0.0136976
0.0019111 0.00491967 -0.00226801
0.00322556 0.0114577 -0.0114862
0.00318101 6.81223e-05 -1.78771e-05
0.00126721 -0.00918326 0.0144574
0.000901619 0.00431591 0.0153058
0.00647073 0.00719627 -0.00793697
-0.00404579 -0.0041372 0.000125928
0.00323571 0.0145265 -0.0145764
0.0406492 -0.0124926 0.00508181
0.00455617 -0.000434014 0.000336875
0.00440582 -0.000845157 0.000540092
0.0358629 0.0693424 0.00305221
0.00450736 -1.23385e-05 -0.000151265
0.00379892 -0.000355826 -0.000162675
0.00445188 -0.000982519 0.000406691
0.00113025 0.00376123 -0.00449659
0.015237 0.00966645 -0.000449923
0.00434789 -0.000724714 0.00064323
0.00500227 0.0074727 -0.00757502
0.0370396 0.0328714 -0.00100344
0.00384047 -0.000902781 0.00032105
0.00158401 0.00278383 -0.00392484
0.00655236 0.00851582 -2.06726e-05
0.00426614 -0.000925463 -3.0402e-05
0.0195007 0.00379792 -0.00647708
0.0135222 0.0142958 -0.0178354
0.0040876 -0.000807358 0.000294393
0.000351686 0.00203742 0.0190118
0.00401382 -0.000873622 -2.80505e-05
0.00420599 -0.0118677 0.0133711
5.54276e-07 -2.14389e-06 3.62209e-08
0.00432885 -0.00075471 0.000651531
0.0599043 0.0140025 -0.000932371
0.00233021 -0.0120202 0.0133038
0.000918294 0.00533508 0.014957
0.00217377 0.00721117 0.000406847
0.0092686 0.00825118 -0.00814708
0.00525071 0.00357974 -0.00367525
0.00393105 0.000980432 0.0175408
0.0133918 -0.0228256 0.00196482
-0.00278643 0.00184359 -0.00117139
0.0044103 -0.000693278 0.000634091
0.0029327 -0.0147868 0.00959746
0.000351414 -0.000876569 0.0175059
0.0308155 0.012735 -0.0214909

VECTORS force float
3.89941e-10 7.66519e-09 2.46276e-10
3.9626e-10 1.03101e-10 -7.8274e-10
-2.08248e-09 -1.57603e-09 -2.28953e-09
2.87379e-10 1.76087e-09 1.06184e-09
1.58602e-10 -2.76442e-09 -1.09055e-09
3.43721e-09 -1.82389e-10 2.98613e-09
-2.20592e-09 1.66687e-09 -1.28402e-09
2.9327e-09 1.39538e-10 -2.30157e-09
-3.89568e-09 3.57803e-09 2.08799e-09
-3.65029e-10 -2.46557e-11 2.01572e-10
-3.88874e-10 4.01776e-11 1.18316e-10
-1.30303e-09 4.30023e-11 -4.23399e-10
1.29092e-08 5.83583e-09 -2.17349e-09
-1.36076e-09 5.92852e-09 -2.15844e-09
-3.03398e-10 -1.32887e-09 -3.85024e-09
-9.55243e-09 8.40312e-10 -1.35299e-09
-1.31232e-10 1.10869e-09 6.49354e-10
-4.01915e-10 -1.05613e-10 -4.29633e-10
1.17378e-10 4.10408e-10 1.78284e-10
-4.65823e-10 -7.30326e-10 -1.99945e-09
-2.0935e-10 -2.99859e-09 1.7448e-09
-1.95581e-09 -4.46935e-09 4.79743e-10
-4.14497e-09 1.8228e-11 -5.80007e-10
-8.67685e-10 -1.83069e-09 3.14692e-10
4.97008e-10 9.0654e-10 -7.84013e-10
-4.88544e-09 1.10282e-09 -1.02538e-08
-3.88246e-09 2.73431e-09 9.91838e-10
5.71693e-11 3.75781e-10 -2.67559e-10
-2.81354e-09 3.52267e-11 -1.98083e-09
1.22527e-08 1.9584e-09 8.47667e-09
8.09055e-10 7.01351e-10 -1.40206e-10
-2.46157e-09 -1.24965e-10 -5.44707e-10
6.77395e-09 3.74899e-09 -6.4235e-11
1.92181e-09 -1.63202e-09 -9.4972e-09
3.28358e-09 2.35256e-09 -2.07536e-10
-3.33428e-10 1.17651e-09 -4.11327e-10
5.90858e-10 8.38085e-10 -3.38618e-10
-9.74298e-10 -1.88374e-10 -1.20709e-09
-5.72645e-09 -4.60386e-09 7.09496e-10
-4.80131e-10 -9.55573e-10 -9.19367e-10
-9.51493e-09 -1.18032e-09 -4.64106e-10
-3.68581e-10 -5.09525e-11 -1.05157e-11
6.03267e-09 -8.20342e-10 1.76497e-09
9.62143e-09 2.77754e-09 -2.71481e-08
-3.06989e-09 6.37028e-09 1.57909e-09
8.83815e-09 -6.59468e-09 3.68832e-09
1.81034e-09 -1.10305e-09 -7.74695e-10
5.4877e-11 5.06002e-10 -2.15524e-10
-8.27751e-10 1.30023e-09 4.03491e-10
4.14601e-10 1.17344e-09 3.11113e-09
-1.35674e-09 -5.72713e-09 -6.9199e-10
-4.52623e-09 -3.87423e-09 6.58464e-10
-2.58703e-09 5.89005e-09 -2.60726e-09
-7.95799e-10 5.0018e-10 -1.06934e-10
-2.53734e-09 1.22271e-09 5.06084e-10
-1.22415e-08 -5.63191e-09 1.99105e-09
-3.20512e-09 -3.32843e-10 2.27516e-09
-3.39816e-09 -3.6626e-10 1.11954e-10
-7.94041e-09 -1.71734e-09 -3.41817e-10
-1.51813e-09 1.40671e-09 1.99379e-09
-4.6072e-10 2.69554e-09 -2.73043e-09
-6.56015e-09 1.05432e-09 -9.5431e-10
1.03932e-09 1.15277e-09 5.07101e-10
-2.75041e-09 -1.68722e-09 -2.64166e-09
-1.79621e-09 6.54215e-09 1.71587e-09
2.70015e-11 -4.76729e-10 -1.11098e-11
1.06492e-09 -5.07847e-09 2.3913e-09
-3.77427e-09 -1.19102e-09 2.80202e-10
6.19333e-10 3.60246e-09 -2.64247e-09
-9.90453e-10 -8.21329e-09 6.95001e-09
1.35993e-09 1.48672e-09 -6.08435e-09
-8.62877e-09 5.2016e-10 -1.1229e-09
8.4936e-10 1.31759e-09 -5.02126e-10
-1.41845e-08 4.49827e-09 2.57627e-09
-6.25545e-09 -1.41745e-08 6.98735e-10
-4.37738e-10 2.69893e-09 -1.7779e-09
9.13858e-09 -7.48131e-09 3.58395e-09
1.32268e-09 1.02795e-09 2.83401e-10
-5.37574e-09 3.41622e-09 -1.15497e-09
-6.70458e-10 1.73158e-09 3.47806e-10
-7.91473e-10 7.32166e-10 7.50698e-10
7.38294e-09 3.30118e-09 -1.03403e-09
2.56989e-09 4.08439e-09 -7.58482e-09
6.16511e-10 2.41125e-10 -9.08295e-10
-3.84558e-09 -2.99515e-09 -1.34476e-09
9.22731e-10 -5.15565e-10 -3.70823e-09
6.5429e-10 2.10855e-09 2.24697e-09
-2.2923e-09 -4.34845e-10 -2.40363e-09
-8.68823e-09 -4.21071e-11 -3.18538e-10
2.17244e-09 2.58931e-09 -1.15571e-10
7.39577e-10 -1.20608e-09 -1.59459e-09
-1.18487e-10 -2.74001e-10 9.56209e-10
-3.34377e-09 -3.39557e-09 -2.7431e-09
-2.82082e-09 2.12366e-09 -1.64286e-09
3.66044e-09 1.77096e-09 -2.1709e-09
3.09169e-10 3.80101e-10 -3.70768e-10
3.18386e-09 1.51111e-09 -8.08922e-10
-6.73903e-09 1.70003e-09 -8.44282e-09
-6.0997e-10 -5.42861e-10 1.62768e-09
-3.52019e-10 -1.78817e-09 -2.57004e-09
-2.96455e-09 -1.05721e-09 -3.03301e-09
7.02897e-09 9.34438e-09 -3.99299e-09
-3.7732e-09 1.34807e-09 -3.24043e-09
-3.44428e-09 4.6502e-09 -1.48175e-08
-3.67138e-09 1.12431e-09 -9.88753e-10
-3.78957e-10 1.18915e-10 -6.28061e-10
-8.29817e-09 4.40685e-09 -1.3731e-08
1.90678e-09 -2.00829e-09 5.41281e-09
-5.22675e-09 -4.22138e-09 2.88746e-09
-2.23499e-11 1.77277e-09 2.60004e-09
-8.84148e-10 -4.2576e-09 -1.16102e-09
1.43464e-09 -1.00161e-08 -9.2098e-09
1.57064e-10 8.11765e-10 1.26709e-10
2.17118e-09 3.52057e-09 -2.53255e-09
4.93927e-09 -4.0608e-09 -5.23082e-09
-4.79399e-10 -1.11831e-08 1.83111e-09
-3.59354e-09 -8.2269e-10 3.2705e-10
-2.55863e-09 -6.80939e-10 -5.96589e-10
-3.75893e-09 1.86799e-09 -3.25654e-09
-1.32774e-08 -6.28039e-10 -2.6165e-10
6.36168e-10 1.095e-09 -3.27344e-10
2.15461e-09 8.66757e-10 2.58365e-09
-5.09264e-09 -2.3705e-09 4.33062e-09
2.37069e-09 5.27389e-09 -1.19099e-09
3.7712e-09 -5.49586e-09 3.18898e-09
-6.46634e-09 -1.05748e-08 2.15877e-08
-1.94255e-09 7.65159e-11 -2.1448e-09
6.4324e-09 5.35018e-09 -2.33382e-09
4.6759e-10 -8.10015e-10 2.9622e-09
-6.66473e-10 2.17159e-09 5.43579e-11
-2.87428e-09 -5.77112e-09 -4.12323e-10
-2.0177e-09 -3.62525e-09 -5.56751e-09
2.03368e-11 -4.63822e-09 8.56109e-10
3.30675e-09 -2.29773e-09 1.44017e-09
-3.24218e-09 -4.82817e-09 1.10313e-08
1.57993e-09 2.98061e-09 -3.47881e-09
2.76353e-09 -9.39191e-11 4.76051e-10
7.83034e-09 -8.10253e-09 1.77857e-08
6.35909e-09 -1.23583e-09 -4.67817e-09
-1.98966e-09 1.6041e-09 -2.08635e-09
-2.59375e-09 -3.13009e-09 3.86477e-10
-4.74933e-09 6.644e-09 8.16523e-09
8.89829e-10 8.0447e-10 -9.01892e-11
-1.10597e-08 1.12163e-09 -8.15726e-10
-2.45529e-09 1.50861e-09 2.43385e-10
2.89312e-09 4.50085e-10 2.80415e-09
1.43553e-09 -9.77582e-09 7.37257e-09
3.30238e-09 -4.8528e-09 2.67332e-09
9.01687e-10 1.18032e-09 -7.83604e-10
-4.16241e-09 8.03721e-09 -2.22141e-09
3.31234e-09 3.69089e-10 2.36595e-09
2.21397e-09 1.77953e-10 -3.15294e-11
6.24635e-09 1.59286e-09 -1.86484e-09
1.04984e-08 -5.62058e-09 2.82701e-09
6.44145e-09 -1.2093e-09 3.486e-09
2.06046e-09 2.14928e-10 -4.86059e-10
2.15914e-09 -2.28562e-09 1.78454e-09
5.77122e-09 -9.22156e-09 3.43709e-09
4.91086e-10 8.52286e-10 2.75912e-10
-7.16923e-10 2.1774e-09 -2.37514e-09
-1.84512e-10 -2.65636e-09 -1.34995e-09
9.14971e-09 -8.07914e-09 4.89877e-09
7.9264e-09 -8.01595e-10 2.80442e-09
-1.37307e-09 -5.74644e-09 1.76184e-09
-5.42183e-09 1.93616e-09 -2.99296e-09
7.73059e-10 4.6798e-09 -2.20353e-10
-8.25828e-10 -1.86976e-09 -5.48718e-09
2.83489e-09 9.54269e-11 -4.98993e-09
5.86432e-09 6.40345e-09 -6.86518e-09
-3.86108e-09 5.418e-09 1.83888e-09
-2.3317e-09 3.58054e-09 -2.27823e-09
-2.87149e-09 5.00734e-09 -6.91737e-10
-1.89952e-09 -2.09349e-10 -8.45328e-10
-2.65745e-09 2.43589e-09 -7.31374e-10
-2.70537e-09 -1.42625e-09 -3.64594e-10
-8.563e-09 4.27965e-10 -3.10139e-09
2.46215e-09 1.86938e-09 1.92263e-10
-6.56075e-10 1.12239e-09 1.85138e-09
3.18191e-09 -2.68289e-09 4.7961e-09
4.4797e-10 3.84046e-09 1.19208e-10
6.45436e-11 1.99512e-10 4.21145e-11
-6.90284e-10 -4.64526e-09 -1.80527e-08
4.56584e-10 4.10241e-09 5.39689e-11
-5.0586e-09 -4.56979e-11 6.91593e-10
-1.0866e-09 4.66595e-10 2.07692e-10
6.07542e-10 4.2242e-09 -3.81954e-09
-2.58025e-09 -2.01796e-09 -3.71872e-09
2.48983e-09 -6.905e-10 -5.75257e-09
-7.33643e-09 -7.3106e-10 4.14179e-10
2.40414e-09 8.59435e-10 -6.51499e-10
-2.4946e-09 1.15064e-09 -2.18385e-09
-8.54953e-10 1.92499e-09 2.42694e-11
1.61339e-09 -2.50532e-09 -9.54187e-11
4.14714e-09 4.40727e-11 1.98944e-09
1.2121e-10 -1.254e-09 -2.8231e-09
6.91991e-09 7.07539e-09 -2.52634e-09
-5.74931e-09 -1.20618e-09 -4.92918e-09
1.26656e-09 1.42274e-09 -4.43671e-09
-7.29017e-09 -2.6727e-10 -5.37249e-09
-1.95536e-10 -1.92397e-09 1.68519e-09
9.75046e-10 -3.3079e-09 -1.45982e-09
-1.15867e-10 -7.24997e-10 4.61934e-11
-1.77949e-09 2.16309e-11 1.25946e-09
-5.27957e-09 2.50101e-09 -1.04374e-09
4.50655e-09 1.92127e-09 9.30783e-09
-2.83935e-09 -7.16152e-10 -2.04364e-11
5.15356e-10 4.70848e-11 1.30713e-09
-1.37657e-09 -4.30526e-09 -4.02662e-09
1.07046e-08 -4.26585e-09 1.21741e-08
1.15863e-09 -3.1104e-10 5.96117e-10
7.9961e-10 2.83674e-09 -6.31103e-10
-8.85183e-09 9.73691e-09 -4.71575e-09
1.31774e-09 -5.0548e-09 3.64369e-10
-3.7121e-10 1.77292e-09 -2.47394e-10
2.03347e-08 -2.9176e-10 8.9385e-09
-9.36608e-09 -1.74917e-10 1.31584e-09
-2.87504e-09 -8.78247e-10 5.35148e-10
-1.56034e-09 5.48062e-10 -8.22662e-10
-2.62141e-09 4.62745e-09 -4.61802e-09
-3.27661e-09 -8.00451e-10 -6.11697e-10
6.0502e-09 -4.57097e-09 5.40867e-09
-1.19801e-09 5.73343e-10 4.42292e-10
1.30212e-10 1.02324e-09 -5.30112e-11
1.3569e-09 -3.00947e-09 6.44274e-10
2.80214e-09 4.23072e-10 -1.36027e-10
-6.67368e-09 -1.12667e-09 -4.63632e-09
3.97894e-12 -1.01638e-10 8.45261e-10
1.21599e-08 -2.14116e-08 5.96028e-09
-2.64271e-09 -1.43351e-09 7.80756e-10
-7.2132e-09 3.62113e-09 -1.01308e-09
2.00021e-09 -1.56057e-09 2.83737e-09
-1.21381e-09 -6.66107e-09 1.81355e-09
3.10383e-09 -4.32786e-09 6.05386e-09
8.76023e-09 -7.69178e-09 6.57424e-09
-3.73551e-09 -1.21622e-08 -9.73904e-09
2.62549e-09 4.36234e-09 1.02576e-09
-4.06467e-10 -1.57275e-09 9.26247e-09
9.98744e-09 -5.49918e-09 7.43047e-09
-2.57607e-09 -3.06944e-09 2.39238e-10
-1.77315e-09 3.69872e-09 -3.7179e-09
1.22434e-09 1.56293e-09 -3.42141e-09
1.56988e-09 -9.58627e-09 -1.07373e-08
-6.71269e-10 1.26963e-09 -7.95474e-10
-9.05554e-09 1.03113e-08 3.53633e-09
-5.00014e-09 -7.31551e-10 -1.21345e-09
-1.13711e-10 -5.62345e-10 1.33502e-09
-1.37998e-10 -3.54154e-09 -5.92123e-10
4.47014e-10 -9.97948e-10 4.09427e-10
-4.32078e-10 1.28741e-10 6.4812e-09
8.71204e-09 -3.33873e-10 -1.17045e-08
-8.99771e-10 1.53666e-09 1.72157e-10
8.85173e-10 -5.82309e-09 1.4382e-08
8.08375e-09 -6.26373e-09 -3.07754e-09
5.61578e-09 -4.94665e-10 3.82015e-09
-2.14372e-11 2.33814e-09 -3.75455e-09
1.13945e-08 -2.44244e-10 7.14313e-10
-4.58994e-09 4.99313e-09 2.02776e-10
4.12475e-09 2.11453e-09 1.65011e-09
8.82417e-09 -3.63283e-09 1.21675e-09
-1.11442e-09 3.28392e-09 7.89728e-10
-7.21635e-09 2.68791e-09 -7.13194e-09
-1.63146e-09 -2.51248e-09 -3.29385e-09
-5.67449e-09 4.84833e-09 7.63176e-10
2.09177e-08 -8.79666e-10 -4.9329e-09
-1.48834e-08 3.11342e-08 -1.34408e-08
-3.64443e-09 -3.22819e-10 7.19388e-11
-2.18488e-09 1.5287e-09 -3.89157e-09
-2.47631e-09 9.92531e-10 -4.66817e-11
-7.2766e-10 8.32871e-10 2.01731e-09
7.11872e-10 -9.06507e-10 9.95924e-10
1.02046e-09 1.87855e-10 1.10626e-08
-1.17291e-09 -1.10406e-09 1.83661e-10
-6.90993e-09 -1.83562e-10 3.97435e-10
3.53559e-09 5.58651e-09 4.7993e-10
4.79907e-10 1.3136e-09 -1.83064e-09
3.92185e-09 -5.68525e-09 7.22621e-09
3.46388e-09 1.21017e-09 1.16542e-09
4.54328e-09 -2.72316e-10 -5.28496e-09
7.00968e-09 1.35575e-09 -4.29394e-09
-6.2077e-09 -2.71787e-09 4.27167e-10
-4.54315e-09 -8.95469e-09 -8.47452e-11
-1.73979e-09 -3.1939e-09 -2.3045e-09
1.0905e-08 -1.00399e-08 1.60278e-08
6.5488e-09 7.48417e-10 -1.20553e-09
-8.48032e-09 -4.14361e-09 4.57184e-09
7.85965e-09 1.28544e-09 -5.80456e-09
-2.04364e-09 2.79684e-09 -9.15368e-10
-6.43541e-09 3.30402e-09 2.57716e-10
-6.0067e-10 -2.26239e-09 -1.41672e-10
3.59063e-09 -6.0822e-09 5.39312e-09
-4.63611e-09 -6.94159e-09 -1.0535e-10
1.05666e-10 -1.43173e-09 8.77557e-10
-1.13654e-10 -1.27549e-09 -1.1964e-09
2.24399e-09 -2.13862e-09 2.74294e-09
-8.94839e-09 1.84118e-08 -1.42695e-08
-8.55442e-09 5.90351e-09 1.7598e-09
7.55785e-09 -8.16099e-09 -1.41516e-08
-1.49879e-10 -1.62274e-09 -1.66696e-09
4.80169e-09 -3.07346e-09 4.82776e-09
1.18568e-09 3.73823e-09 4.30787e-09
1.05561e-09 8.52186e-10 -2.00296e-09
-1.68784e-09 -4.51944e-09 4.0934e-10
0.0 0.0 -3.8832e-08
-9.32769e-10 6.64755e-10 -3.53084e-10
-2.13864e-10 1.10754e-09 7.34297e-10
7.42322e-09 -2.85544e-08 1.25438e-08
1.84799e-09 2.7339e-09 4.22159e-10
3.39703e-10 -1.28395e-08 5.22398e-09
-1.61991e-08 1.01943e-08 1.1358e-10
-6.34775e-09 3.55183e-09 -1.06541e-09
4.75593e-10 1.17032e-09 -7.44748e-10
-4.05425e-09 -3.2847e-09 1.23532e-09
3.89707e-09 -2.72081e-10 6.26298e-10
-1.17319e-09 -8.05626e-10 1.75018e-10
-2.02273e-09 1.36933e-08 -3.19215e-09
-2.22988e-09 -8.74232e-09 6.1937e-09
-5.88613e-09 6.97211e-09 -3.00444e-08
-6.81628e-09 -1.73676e-09 4.93725e-09
6.21501e-09 4.00213e-09 -5.32998e-09
4.05179e-09 -4.68566e-09 -6.80637e-09
-5.80652e-09 -7.81065e-10 1.31512e-09
-8.21277e-09 -5.94984e-09 3.24136e-09
-8.56435e-09 -4.76004e-11 -7.14387e-09
2.09561e-09 1.87689e-09 -1.70708e-10
3.7305e-09 -5.97269e-09 -6.76714e-10
4.55892e-09 1.59134e-09 1.98623e-08
5.74797e-09 1.68044e-09 9.11132e-10
9.3012e-10 3.28071e-10 -2.91011e-10
5.76073e-10 1.77652e-09 -3.21169e-09
-3.10908e-10 9.554e-09 -1.15461e-10
-1.00473e-08 -1.3159e-09 5.42656e-10
7.83066e-09 -6.36489e-10 3.41642e-09
3.00041e-09 -5.35482e-09 -3.26295e-09
-1.68763e-08 2.06772e-09 1.31455e-09
7.98771e-10 2.8389e-09 3.90641e-09
-1.05188e-08 -1.13364e-08 9.94484e-10
-1.64385e-08 2.60627e-08 -5.59246e-09
-4.68273e-09 -6.87449e-09 3.25351e-09
5.78054e-09 6.67382e-09 -1.25444e-08
-4.39826e-09 -5.64252e-09 -1.34998e-10
3.08648e-09 3.77201e-09 4.92637e-09
-4.45351e-09 -8.2475e-09 2.33162e-09
2.63907e-08 -3.7128e-09 1.54643e-09
5.02756e-09 -1.87958e-09 3.08028e-09
-4.29085e-09 9.83994e-09 -2.11091e-09
-2.3945e-09 7.59117e-09 -3.99138e-09
-2.3557e-09 -1.51093e-09 4.54561e-09
2.38675e-09 -3.63634e-09 4.33617e-09
1.34364e-08 -8.9307e-09 5.58487e-09
-3.45482e-09 2.2343e-09 1.539e-09
-5.29913e-09 3.19043e-09 -1.29185e-09
3.55756e-09 -6.93333e-10 -4.71355e-10
6.22636e-09 2.84362e-10 7.37759e-10
4.1582e-09 -1.06019e-08 9.84279e-09
-8.4632e-09 -9.82499e-10 6.75324e-09
1.11907e-08 7.89371e-11 -5.0331e-09
3.35892e-09 8.51643e-09 1.49913e-09
2.91014e-09 -2.49718e-08 7.33629e-09
7.26984e-09 2.41435e-08 9.10534e-10
-1.74335e-09 -7.96872e-09 -1.0474e-09
-1.62383e-09 3.45133e-09 -9.86736e-09
-3.35988e-09 4.16984e-09 -4.03311e-09
-2.09257e-09 -4.73843e-09 -9.64625e-09
-1.11735e-08 -5.88655e-09 -3.46677e-09
3.27057e-09 6.00355e-09 6.97007e-10
8.56071e-09 -2.87957e-09 9.35364e-10
-5.28987e-10 -4.18379e-09 -1.64563e-08
-2.11332e-08 1.34546e-10 4.96595e-10
-3.89426e-09 -1.21029e-08 -4.29805e-09
5.02362e-09 -5.15213e-09 4.28777e-09
-3.38837e-09 8.49954e-10 8.97204e-10
-2.2335e-09 7.17407e-09 3.84138e-08
6.39798e-09 1.51741e-09 -2.62086e-08
9.69243e-09 -6.79438e-10 2.35623e-09
9.08344e-10 5.0572e-09 -2.95477e-09
1.83324e-08 1.15168e-09 -2.07083e-08
-5.45003e-09 2.36188e-09 -4.45305e-09
1.54195e-09 8.75689e-10 1.65148e-09
1.41928e-10 6.04444e-10 -4.26687e-11
1.28111e-09 3.40379e-09 3.53638e-09
-4.76363e-09 -4.18796e-09 1.24064e-09
3.28316e-09 1.95337e-09 -2.22799e-10
1.15482e-08 -1.55513e-08 7.44619e-09
4.89075e-10 1.00019e-08 1.1362e-09
3.7058e-09 2.56083e-09 -4.03131e-09
5.83881e-09 -8.9884e-09 -1.36704e-08
4.08705e-09 1.55839e-09 -3.42267e-09
-4.27423e-09 -2.30266e-09 -1.3338e-08
8.09577e-09 -1.23869e-08 -8.39517e-09
1.47142e-10 1.27377e-09 6.74906e-09
6.39846e-10 3.63063e-09 4.66198e-10
-5.38485e-10 -2.65321e-09 3.29777e-09
-7.55198e-10 -3.26193e-10 -3.37452e-10
-7.50105e-09 -1.03785e-08 -1.67482e-09
-5.37939e-09 3.83015e-09 7.9819e-09
-4.24338e-09 -4.22543e-09 9.75343e-10
1.37941e-08 4.24085e-09 -5.46379e-09
-8.15376e-09 9.58302e-09 1.34179e-09
-3.81677e-09 -2.73777e-09 2.51674e-09
-2.09108e-08 1.64191e-08 -5.61794e-09
3.51625e-09 2.9717e-09 4.5891e-10
8.14827e-09 -2.3436e-09 5.38202e-10
-8.85058e-11 -1.85188e-09 -1.80215e-09
-2.56361e-09 -3.53189e-10 3.01102e-09
1.42224e-09 -1.73906e-09 -4.04292e-10
-1.04919e-08 -2.69559e-09 4.87463e-08
-4.22866e-09 -1.63358e-08 -6.34675e-09
-1.74281e-08 7.55878e-09 -1.20477e-09
3.56233e-09 -1.88851e-09 1.40348e-08
-8.59794e-09 1.40065e-08 -1.02656e-08
3.49595e-09 -4.86355e-10 1.17159e-09
2.67425e-09 -5.10062e-09 -2.42671e-10
1.72447e-09 -3.02118e-09 -2.96995e-11
1.7199e-08 1.23089e-09 -7.43849e-10
1.66521e-09 8.252e-09 -1.68077e-08
-1.22796e-08 3.88379e-09 4.14611e-09
1.22322e-08 -1.47863e-09 -1.72575e-09
1.22913e-09 1.38919e-09 -2.69697e-09
-4.23702e-09 2.74408e-09 -1.36142e-08
3.85875e-09 2.91819e-09 3.15387e-10
1.74598e-08 -1.17403e-08 9.61178e-09
-1.16585e-08 -7.05121e-09 3.95189e-08
4.45405e-09 -5.41675e-09 2.15331e-08
-4.0226e-09 7.21784e-09 -8.00165e-10
4.52871e-09 -7.95704e-10 4.40664e-09
1.06713e-08 -7.80187e-09 8.34199e-09
-1.20689e-08 1.29223e-08 1.44666e-08
6.63203e-09 1.69083e-08 1.53543e-09
-9.8994e-09 -8.76367e-09 1.12402e-08
-1.05833e-08 1.62092e-10 7.93526e-09
-9.77813e-09 -1.20043e-09 -1.38344e-08
-1.26435e-09 1.35571e-09 -2.02735e-09
1.66929e-08 -6.36778e-09 4.88457e-09
2.17549e-09 -3.92948e-09 -2.15298e-11
4.82989e-11 2.30606e-09 -1.03115e-09
-8.58254e-09 1.33289e-09 1.95986e-09
-2.17425e-08 1.00359e-08 -2.08769e-08
5.96384e-09 8.56998e-09 4.57558e-10
-2.88274e-09 9.14147e-09 6.71416e-09
-7.80005e-09 5.57683e-09 -4.1599e-09
-1.51697e-08 6.94656e-09 -4.49761e-09
9.01486e-09 1.49457e-08 -6.84052e-09
1.84606e-09 9.99628e-10 -1.24435e-08
-3.58436e-09 6.68598e-11 8.82129e-10
-8.55916e-11 -5.13638e-09 -6.40123e-10
-2.66764e-09 8.81598e-10 1.77429e-09
2.40483e-09 -6.37705e-09 5.52164e-09
6.08199e-09 3.27182e-10 1.42523e-09
6.38865e-09 -6.2575e-09 1.00341e-08
-1.07418e-09 -1.27691e-08 -4.3052e-10
1.07017e-08 -5.64454e-09 4.58927e-09
-1.20696e-08 1.40595e-08 8.24838e-10
5.3359e-09 1.76279e-09 -1.44069e-09
7.0467e-09 4.19229e-09 2.668e-09
1.14009e-08 2.89011e-09 -2.28874e-09
3.72182e-09 8.0134e-09 -3.0813e-09
1.44934e-09 -1.58322e-09 1.76141e-09
-2.54784e-08 2.76402e-08 -1.53083e-09
6.57844e-09 -7.00506e-10 -2.10995e-09
6.08496e-09 -5.18276e-09 3.48636e-09
1.32148e-08 -7.9731e-09 -9.6354e-09
3.52561e-09 -9.97934e-10 3.45936e-09
-2.1265e-09 -1.76823e-08 -8.55901e-10
8.31862e-09 8.94844e-09 5.26471e-09
1.26908e-09 2.58378e-09 1.25676e-10
5.24925e-08 -1.56548e-08 1.83886e-08
-2.82114e-09 -3.40624e-09 3.00587e-09
-2.5834e-09 -7.01594e-10 -2.42092e-11
-1.06806e-08 -1.51771e-08 3.77905e-10
-2.57754e-09 -6.78565e-09 -3.77073e-10
1.37262e-09 -2.2238e-09 4.93311e-09
-9.56531e-09 4.34701e-09 1.58081e-08
-1.16709e-10 -5.02328e-09 6.39937e-09
-1.99129e-09 2.14694e-09 -6.73933e-11
-1.49396e-09 -6.07914e-09 6.50358e-10
1.42218e-08 -3.10977e-09 1.25007e-09
-1.20533e-09 1.6873e-10 1.49244e-09
-4.07428e-09 -2.25761e-09 3.65845e-09
-7.33555e-09 3.54622e-09 2.1706e-09
1.04377e-08 9.46414e-09 5.72857e-09
-1.84758e-08 1.00883e-08 -8.63111e-09
6.08619e-10 2.42439e-09 -1.27498e-09
-1.18787e-09 -9.65445e-10 -3.70682e-08
3.21651e-09 -8.57717e-09 8.70852e-09
5.91106e-09 -5.19691e-09 -4.83464e-09
4.86455e-09 2.30451e-09 5.54144e-10
7.1683e-11 -1.78139e-09 -6.61446e-10
4.20886e-09 -8.18788e-10 1.99764e-08
-3.23835e-09 -1.85882e-09 -1.07054e-10
-6.74035e-09 -1.38644e-09 1.97788e-09
6.46858e-09 3.88476e-09 -1.66756e-09
-1.93568e-11 1.77709e-08 7.85049e-10
0.0 0.0 -3.8832e-08
5.51046e-09 -9.70591e-09 -2.19772e-09
1.85427e-09 -5.029e-10 7.0372e-09
-1.78258e-08 1.60697e-08 7.0481e-10
9.48839e-10 -2.72906e-09 -4.60073e-10
-1.79215e-08 1.16412e-08 -3.92601e-10
1.80921e-09 -1.42705e-09 -1.815e-10
-1.05107e-08 -1.86778e-09 -8.52635e-11
1.42776e-09 5.63065e-10 -1.31724e-09
4.17038e-09 -6.43331e-09 5.38216e-09
-4.24607e-09 6.80527e-10 3.20563e-09
-1.53718e-09 1.85276e-08 3.281e-09
2.33084e-09 -1.54558e-09 6.88791e-10
-7.34908e-08 9.24548e-08 -1.28862e-07
1.61121e-08 8.31426e-09 -5.77326e-09
8.28184e-09 5.00843e-09 2.6302e-10
-4.05046e-09 1.61998e-10 -4.57617e-09
1.09673e-08 3.08912e-09 6.9644e-10
3.05093e-09 -1.86107e-09 -9.09619e-10
7.34713e-09 -1.32371e-08 8.05996e-10
1.17608e-08 7.82608e-09 -2.77688e-09
0.0 0.0 -3.8832e-08
-1.15975e-09 6.80786e-09 5.66554e-10
-2.71303e-09 -1.08128e-09 -1.29376e-08
4.34212e-09 -2.67244e-08 1.95727e-09
-9.95603e-09 1.63155e-09 6.87712e-09
3.18102e-08 8.18891e-09 -2.34505e-09
-1.54646e-08 -6.77798e-09 5.12225e-08
2.91028e-09 1.64134e-09 -6.09629e-09
3.72696e-10 1.70689e-10 -4.07574e-11
1.09444e-08 5.98834e-09 -7.12051e-09
-5.12466e-09 -4.90776e-09 2.60906e-08
-1.27704e-08 -3.13463e-09 -7.58512e-09
-4.17887e-09 6.84389e-09 -5.15494e-09
2.43572e-10 5.20587e-09 -4.63973e-09
-1.45367e-08 3.10755e-09 -1.95451e-09
-8.93975e-09 4.90237e-09 -3.43629e-09
2.45756e-08 -3.22645e-08 2.73236e-08
-5.38268e-10 3.66831e-10 -1.52816e-09
4.68414e-09 1.66422e-09 -9.1013e-11
-9.51656e-10 1.81749e-10 3.68797e-09
-6.72943e-09 1.20222e-08 4.91333e-11
6.71138e-10 -1.64861e-08 9.5696e-09
1.30653e-08 -9.96601e-09 9.02346e-09
2.80096e-08 3.69781e-09 1.60509e-09
7.50658e-09 1.18366e-08 -9.27274e-09
1.51979e-08 -1.0595e-09 2.79218e-09
1.19146e-08 4.9703e-09 -2.94322e-09
-7.64168e-09 3.19429e-09 1.51928e-10
-9.18753e-09 -6.70543e-09 1.43815e-09
6.1909e-10 -2.87365e-09 4.09922e-09
-3.10801e-09 -1.12309e-08 1.0777e-08
-2.77675e-09 4.37367e-09 1.1043e-08
-1.52345e-08 8.07088e-10 8.59969e-10
-2.75161e-09 -5.40047e-09 1.16646e-09
-1.17407e-08 -1.43395e-08 4.13763e-10
1.5844e-08 -1.10735e-08 -4.82032e-09
-8.23034e-09 1.02619e-08 -3.76027e-09
7.71143e-09 -2.16376e-09 -6.59542e-10
2.48274e-09 2.18424e-09 -2.34182e-08
-7.94171e-09 1.94228e-08 -1.27256e-09
-3.8802e-09 -1.6858e-08 1.70173e-08
-5.38912e-09 6.04282e-09 1.69241e-09
-3.19465e-09 -4.09201e-09 5.0035e-10
-1.40281e-08 -2.33554e-09 -3.57725e-09
1.21307e-08 -1.27436e-08 3.21097e-09
9.83853e-09 9.04406e-09 5.51394e-09
4.84689e-09 5.04542e-10 -1.57054e-10
-2.44916e-09 -2.49673e-09 8.66943e-10
-7.06897e-09 7.06354e-10 -1.10383e-09
1.26505e-11 -5.35735e-10 1.19034e-10
2.86126e-09 -5.67516e-09 5.83093e-09
5.61711e-10 -2.87362e-08 1.02909e-08
2.20098e-08 1.11077e-08 -3.50368e-08
-2.72721e-09 -5.6968e-09 4.25046e-10
4.51521e-09 4.71006e-10 -2.46618e-09
7.31451e-09 -2.08874e-10 2.47159e-10
2.57477e-09 5.7459e-09 -4.97786e-09
0.0 0.0 -3.8832e-08
0.0 0.0 -3.8832e-08
3.45126e-07 1.02593e-06 -1.76838e-08
-4.13979e-09 -5.2866e-09 -3.66881e-09
4.29252e-09 -7.45622e-09 2.2279e-09
2.02228e-08 -2.34966e-08 -2.86586e-09
0.0 0.0 -3.8832e-08
-4.89798e-09 4.09212e-09 -4.0974e-09
-1.55998e-09 1.03792e-09 -2.13482e-08
7.65571e-10 8.67353e-10 -1.76861e-09
-1.16852e-08 6.16992e-10 1.52422e-09
6.40465e-09 4.19122e-09 8.06892e-10
-2.2957e-09 -1.03662e-09 3.15616e-08
4.6722e-09 -8.06047e-09 5.89335e-09
7.50417e-08 -4.14643e-08 -4.15499e-08
-1.55666e-08 -1.36465e-09 -8.00254e-10
-1.70733e-09 1.02042e-08 6.75306e-10
0.0 0.0 -3.8832e-08
-4.61238e-09 -8.66514e-09 9.75805e-09
3.41579e-09 4.75805e-09 3.06876e-10
-4.03023e-10 -1.37407e-10 1.36809e-09
-2.43279e-08 6.62309e-09 -7.81469e-10
-1.04959e-09 4.89841e-09 2.62172e-09
0.0 0.0 -3.8832e-08
1.17873e-08 -4.69925e-08 -3.14479e-08
-4.38712e-09 -1.82946e-08 2.80095e-10
9.11618e-09 6.30606e-09 2.29943e-08
6.85104e-09 -4.67297e-09 -9.94933e-09
4.70903e-09 5.84592e-09 -8.9875e-10
-9.08474e-09 8.43191e-09 -1.30315e-09
4.98505e-10 2.51238e-09 3.35608e-09
3.39072e-09 -2.75403e-09 -2.43657e-09
2.42526e-08 -8.67652e-09 3.28627e-10
1.55227e-08 -3.48217e-09 3.21463e-09
-2.96924e-10 -3.5779e-09 1.7899e-09
4.66848e-09 -3.09697e-09 1.15908e-08
-9.56555e-09 -1.92305e-09 -5.04199e-10
-3.16603e-08 1.96709e-08 1.52724e-08
-7.41664e-09 1.39497e-09 -8.01831e-09
-5.81652e-09 7.08313e-10 8.44581e-10
2.88002e-09 3.42541e-09 2.54936e-09
-8.43317e-09 8.34524e-09 -4.79183e-09
1.32051e-08 -2.33501e-08 -1.23424e-08
2.94122e-10 6.81189e-10 -9.27592e-10
1.25094e-10 -8.16999e-11 -3.0721e-10
-1.88871e-09 1.58986e-08 -2.04562e-09
2.21379e-10 7.17702e-09 -1.56999e-08
2.59895e-09 2.96865e-09 5.9516e-09
9.8976e-10 4.05593e-09 -2.20298e-09
-3.55245e-07 -1.06208e-06 1.82726e-08
-5.92455e-09 1.00725e-08 3.35289e-09
-2.45249e-09 -3.72205e-09 2.99978e-10
-5.44411e-10 -1.49222e-09 1.20283e-08
4.77531e-09 -9.23875e-10 -2.28184e-09
1.47921e-09 -2.39981e-09 -3.94493e-09
-1.4998e-08 -3.02445e-09 1.6828e-08
-3.27033e-08 -5.26264e-08 -2.93154e-08
-1.74837e-08 1.56049e-08 -2.0752e-09
-5.22962e-09 -1.80346e-08 2.97283e-10
-1.34961e-08 -2.87233e-09 5.70358e-10
1.40904e-08 -1.39751e-09 4.39499e-09
1.03318e-08 -7.43145e-07 2.15268e-06
-8.53553e-09 -1.12053e-09 1.88826e-09
1.80349e-08 2.4554e-08 -2.96738e-08
-7.96262e-09 1.5648e-08 -6.75853e-09
7.20107e-09 -7.0084e-09 2.63225e-09
5.11297e-09 -1.55142e-09 -2.55377e-09
-8.37845e-10 1.41911e-09 7.42032e-09
1.17632e-09 4.45989e-09 -2.71073e-08
7.04413e-09 -8.09637e-10 1.87981e-09
-1.53004e-08 6.97092e-09 -2.75272e-09
-8.53122e-09 -2.68866e-09 3.26908e-09
-9.71044e-09 -2.17199e-09 -1.65944e-08
-8.81292e-09 1.1181e-08 2.3109e-09
-3.95505e-09 3.12944e-09 -4.31675e-09
-3.70953e-09 1.9691e-08 -1.2782e-08
6.91182e-09 -6.51929e-09 1.13023e-09
0.0 0.0 -3.8832e-08
4.03637e-09 1.69758e-09 -2.57679e-09
-4.53689e-08 2.24536e-08 3.37574e-09
-8.21146e-09 -5.85007e-09 8.01801e-09
-1.00564e-08 1.70509e-08 -1.8152e-08
-6.11804e-10 -4.16543e-09 -6.27617e-09
1.33501e-09 3.62027e-09 3.00083e-09
7.09227e-09 -2.59376e-08 -3.61085e-08
-2.46947e-09 5.27504e-10 1.60453e-09
6.18134e-09 1.24078e-09 9.93563e-10
3.23625e-09 4.27298e-09 1.19074e-08
-1.73581e-08 1.50065e-08 -1.59897e-08
-1.87659e-09 3.3439e-09 -7.41565e-09
8.79535e-09 6.61662e-09 -4.81866e-09
1.28151e-08 -4.43947e-10 9.23104e-09
-3.03075e-08 3.15302e-08 1.16411e-07
-5.83262e-09 -2.72229e-09 -3.31632e-09
-4.7283e-09 -4.61906e-09 -5.76002e-09
-6.64062e-11 -2.98135e-10 -1.04491e-10
3.56914e-09 -2.64259e-09 -5.33507e-09
4.06761e-09 3.80294e-09 5.88525e-09
-6.61662e-08 6.28626e-07 -1.96278e-06
-1.85708e-08 -2.12415e-08 -3.7582e-09
1.50397e-07 6.50836e-08 1.10075e-07
1.95816e-08 -9.98996e-09 -1.06973e-09
-3.24999e-09 7.114e-09 -2.28057e-10
3.30615e-09 -1.71887e-09 -1.48344e-09
4.46473e-09 5.52537e-09 6.64283e-09
-9.37913e-10 -7.94869e-09 2.32951e-09
2.52898e-09 1.26231e-09 -3.24137e-08
4.67541e-09 -1.70973e-08 -1.89431e-09
1.32793e-08 6.59339e-09 -7.18782e-10
1.97607e-09 5.69727e-09 -2.59717e-10
-4.52763e-09 5.09074e-09 -1.527e-09
2.33344e-09 9.53336e-09 -4.5478e-08
3.99257e-09 3.35723e-09 3.65136e-09
-1.18839e-08 3.8783e-10 3.06123e-10
2.01051e-09 -1.3651e-09 2.54357e-09
8.96135e-08 2.62979e-07 1.31384e-08
0.0 0.0 -3.8832e-08
-9.81833e-09 -1.18592e-10 -2.73889e-09
3.52506e-09 -2.28014e-10 -3.54489e-08
5.00315e-09 7.09426e-09 -6.91328e-09
-3.89382e-09 1.19869e-08 -1.31667e-08
2.44876e-08 -1.48242e-08 -5.2293e-08
4.26265e-09 1.33393e-08 1.36109e-08
7.12377e-07 9.26417e-07 -1.30008e-06
-8.03083e-09 2.53694e-10 2.6613e-08
2.22232e-09 -2.8043e-09 4.14439e-09
1.65908e-08 -1.86138e-09 -3.41376e-10
1.05641e-08 -6.40602e-09 -1.25065e-09
-2.72323e-09 1.87018e-09 1.02243e-09
-7.82939e-09 1.33818e-09 -3.1781e-09
7.85093e-09 4.27963e-10 -1.5577e-09
-1.45143e-09 1.16222e-10 6.47375e-11
-9.45141e-10 -2.00181e-09 -8.64008e-10
-2.71426e-08 1.01062e-07 -4.05169e-08
2.03792e-09 2.65511e-10 -4.26067e-10
3.78401e-09 -4.31652e-09 -7.70169e-09
-1.35464e-08 3.39003e-10 4.32322e-09
0.0 0.0 -3.8832e-08
-2.98791e-09 -1.57188e-09 4.5427e-09
1.9966e-09 1.61777e-08 -2.03542e-10
-1.85896e-09 3.40632e-09 -2.51344e-09
1.12041e-07 4.12072e-07 1.4034e-07
-3.56019e-10 1.60872e-08 1.60068e-08
1.63173e-09 4.11552e-09 1.79814e-08
1.83013e-09 1.37027e-09 -6.78118e-10
1.13168e-09 1.8634e-09 -1.80379e-09
2.20754e-08 -1.10072e-08 6.5286e-09
-1.3019e-09 4.23222e-10 1.26549e-10
-5.09262e-10 1.35854e-08 -8.77671e-09
-1.75115e-09 2.44351e-08 -1.38337e-08
7.19612e-10 1.08106e-08 -1.23713e-08
-1.62316e-08 -9.19415e-09 3.5916e-10
2.40683e-09 3.25229e-09 7.32332e-09
0.0 0.0 -3.8832e-08
1.75156e-09 1.07106e-08 -1.23788e-08
-1.81328e-08 -4.91688e-09 2.95608e-10
5.84933e-09 1.19976e-09 -4.96959e-09
2.18211e-09 5.0689e-09 -3.55565e-09
-1.1399e-09 -2.10047e-08 1.85332e-08
6.19561e-09 -6.92668e-10 8.71081e-10
3.68732e-09 -7.1344e-10 1.44959e-09
1.54513e-08 1.40634e-08 1.12008e-08
-7.1343e-09 1.10158e-08 -1.11481e-08
-7.45937e-11 -1.22565e-10 -2.9561e-10
1.72717e-08 7.97549e-08 -5.14408e-08
1.40282e-09 1.07384e-08 -1.23688e-08
-8.58314e-09 5.1211e-09 -4.42616e-08
-1.34652e-08 -3.73701e-09 2.46979e-09
-9.26086e-09 1.20934e-08 -1.20716e-08
-4.91757e-09 -3.18287e-08 3.12375e-08
-7.95673e-09 -8.65769e-09 1.10032e-08
2.55203e-08 -6.43112e-09 -7.21335e-10
0.0 0.0 -3.8832e-08
1.75913e-08 -2.16492e-06 1.80357e-06
-1.86358e-08 -2.89374e-09 2.61207e-10
0.0 0.0 -3.8832e-08
-6.14955e-09 -4.63128e-10 -4.58097e-10
0.000314063 -0.00289874 2.03443e-05
-1.53711e-08 2.6813e-08 -1.11846e-08
-2.33191e-09 -5.7037e-09 -1.71344e-08
6.2497e-09 -1.46545e-08 -2.67563e-08
-3.83972e-09 4.61636e-09 -3.19198e-08
0.0 0.0 -3.8832e-08
-6.1085e-09 2.61442e-08 -2.89972e-08
-1.10067e-08 1.33151e-08 -1.36039e-08
1.62423e-09 1.07199e-08 -1.23745e-08
-7.76482e-09 -2.80004e-09 1.51454e-09
1.23946e-09 5.07169e-09 -4.46317e-09
5.53141e-10 -5.51775e-09 -1.03985e-08
8.224e-09 -1.88908e-08 -6.28862e-09
-2.30134e-09 -2.75085e-09 6.10943e-09
9.0607e-10 2.66876e-09 1.30471e-08
-1.88436e-08 -1.56649e-09 2.37301e-10
-1.8337e-08 -4.20234e-09 2.83748e-10
3.84801e-09 -1.4462e-09 2.46953e-09
-7.73347e-10 -3.15877e-10 4.29169e-10
-4.87108e-09 4.29252e-09 -1.59568e-09
-5.1894e-09 7.78473e-09 -1.95597e-08
-1.82281e-08 -8.02951e-10 -2.75691e-10
0.0 0.0 -3.8832e-08
-9.4007e-09 -3.86837e-09 -4.02686e-09
-5.46164e-09 -6.75586e-11 3.36263e-10
1.51009e-09 4.34593e-09 -1.37336e-09
-1.79865e-08 -1.91038e-08 -1.39422e-08
-8.9844e-09 9.51555e-09 -1.17205e-08
-9.33653e-09 -4.57e-09 -2.38552e-09
-8.89853e-09 -1.63693e-08 3.66961e-10
-1.78627e-08 -2.88847e-09 4.2015e-10
1.1588e-09 1.07612e-08 -1.23668e-08
-1.99331e-10 6.20451e-10 7.15752e-10
-8.31699e-11 -7.22404e-09 -2.36317e-08
2.09728e-10 2.02836e-09 -3.83266e-09
-5.11136e-09 1.25347e-08 -1.3647e-08
-3.99578e-08 -6.2112e-08 1.15311e-08
-1.6691e-08 -7.79541e-09 4.66092e-10
0.0 0.0 -3.8832e-08
-1.2738e-08 -5.12858e-09 4.01471e-09
-6.23823e-09 -1.78295e-08 1.14611e-09
2.06684e-09 -5.04401e-09 -1.60386e-08
-1.46414e-08 -4.30047e-09 -1.39229e-08
-1.70989e-09 2.36297e-09 -3.29676e-08
-6.60794e-08 4.95296e-08 -7.39681e-09
7.56479e-09 2.39829e-09 -3.14731e-08
1.08056e-09 -1.8645e-08 3.85736e-10
8.95791e-09 1.57012e-10 -4.1071e-08
-1.30753e-08 1.59331e-08 -7.8471e-09
0.00416286 -0.00264434 -0.0014269
1.94601e-09 1.94368e-08 5.95988e-09
3.62819e-07 1.28256e-06 -1.26312e-06
-1.13665e-06 -2.43644e-06 2.6562e-06
5.61418e-10 -1.70661e-08 -4.38704e-10
0.0 0.0 -3.8832e-08
-7.24496e-09 1.10036e-08 -1.14089e-08
-4.13134e-09 1.20843e-08 -1.32502e-08
8.85151e-10 -8.00628e-09 1.30754e-08
0.0 0.0 -3.8832e-08
-1.40316e-11 2.75969e-08 -3.13708e-08
4.29375e-10 4.76129e-09 2.86618e-09
-2.00728e-08 -4.49705e-09 2.533e-09
0.0 0.0 -3.8832e-08
-2.30033e-09 1.82428e-09 2.79928e-10
-1.09706e-08 1.92501e-08 -1.9389e-08
-1.79147e-08 -4.33661e-09 4.6117e-10
1.61347e-09 1.07208e-08 -1.23741e-08
-1.43377e-08 7.33239e-08 2.90198e-08
-1.81298e-08 -4.92696e-09 2.95773e-10
0.0 0.0 -3.8832e-08
-1.561e-09 2.54375e-10 3.48592e-10
-1.70392e-08 -6.99928e-09 4.66515e-10
1.58517e-09 -1.76138e-09 4.75341e-10
-6.76972e-09 9.22752e-09 3.4364e-09
-1.15313e-08 -1.45171e-08 4.10586e-10
-4.64759e-08 -6.91154e-09 1.65193e-07
-2.45123e-08 2.36995e-08 2.31563e-08
-1.58158e-08 -9.46332e-09 4.61797e-10
-9.02238e-10 -5.38364e-11 -2.21538e-10
-1.87874e-09 5.07846e-09 -9.28785e-09
-1.34293e-08 -1.26992e-08 4.37354e-10
-1.22024e-08 2.4027e-09 -2.73819e-09
-1.58169e-09 9.78308e-12 -3.44874e-12
8.68538e-08 -3.32914e-08 1.08684e-07
5.06102e-10 -1.07975e-10 5.37634e-10
-7.81707e-08 4.33804e-08 -8.70552e-08
-2.97656e-08 -6.1862e-08 1.05311e-07
-1.03244e-10 -1.21314e-09 -5.68458e-10
6.60794e-08 -4.95296e-08 -7.02671e-08
-3.93734e-09 1.00891e-08 -1.02238e-08
-9.52302e-09 1.22123e-08 -1.24522e-08
-1.83015e-08 -4.33434e-09 2.85963e-10
-9.76594e-08 -3.52194e-07 -2.52191e-07
0.0 0.0 -3.8832e-08
-2.97315e-09 9.9364e-09 -1.00544e-08
-2.66361e-09 1.09105e-08 -9.5755e-09
1.7038e-07 3.80348e-08 -3.56375e-08
4.52027e-12 -2.34103e-09 7.20635e-09
-6.37718e-09 4.63316e-09 -3.41365e-09
1.39935e-08 1.46404e-08 -4.4208e-10
-2.42473e-09 9.87233e-09 -9.98103e-09
0.0 0.0 -3.8832e-08
-5.52439e-12 1.4386e-11 -5.16432e-12
1.70172e-09 -1.28482e-09 5.63023e-10
0.0 0.0 -3.8832e-08
-6.01213e-09 -6.42851e-09 -5.02428e-10
-1.17362e-08 -2.06016e-08 3.42773e-09
-9.28023e-11 -3.76555e-10 7.72891e-10
-2.44621e-10 5.93106e-09 -2.45924e-08
-1.54886e-08 -1.00165e-08 4.78769e-10
1.53824e-09 -1.05476e-09 2.92858e-10
-9.53223e-09 1.42024e-08 -3.8058e-09
-6.75562e-09 -6.209e-09 -1.93312e-08
-3.09595e-09 3.63702e-09 1.33453e-10
-1.32255e-09 5.1329e-08 -7.19703e-08
0.0 0.0 -3.8832e-08
1.67605e-09 -2.53994e-10 7.99421e-10
-1.76127e-08 2.98327e-08 -1.91094e-09
-4.53451e-09 1.22602e-08 -1.3402e-08
1.45887e-09 -5.31522e-10 -2.93679e-10
-1.12956e-10 7.17508e-10 1.3057e-09
-2.28444e-10 8.13811e-10 2.95215e-09
7.55155e-09 8.09271e-08 3.44129e-08
6.70065e-11 -1.76088e-10 2.73969e-12
5.16684e-10 -1.0353e-09 -8.13335e-10
-1.84743e-08 -3.65195e-09 2.74395e-10
-2.54009e-07 3.4057e-08 -9.22542e-08
-5.34472e-09 -1.88737e-08 6.22613e-09
0.0 0.0 -3.8832e-08
-2.1006e-09 1.10359e-08 -8.5855e-09
2.54885e-08 2.2059e-07 -7.71657e-08
-1.56498e-07 1.32291e-07 9.12206e-08
0.0 0.0 -3.8832e-08
0.0 0.0 -3.8832e-08
2.7407e-09 -2.39749e-09 1.09742e-09
-2.91189e-08 1.22268e-08 -3.60932e-08
-7.1995e-08 -5.21528e-09 1.89498e-07
0.0 0.0 -3.8832e-08
