# vtk DataFile Version 3.0
LIGGGHTS particles timestep 82800000
ASCII
DATASET POLYDATA
POINTS 885 float
0.37509 0.0157998 0.0085633
0.384261 0.0168611 0.000152101
0.382322 0.0169333 0.00761902
0.38402 0.0179022 0.000344905
0.375419 0.0173897 0.00732501
0.384136 0.0202793 0.000381099
0.38529 0.0210643 0.000153456
0.384782 0.016588 0.000556456
0.384145 0.0185871 0.000747863
0.384463 0.0181391 0.0053256
0.384532 0.0177649 0.000152449
0.383991 0.0184098 0.000151753
0.384814 0.0187734 0.000577173
0.384879 0.0168124 0.000382484
0.384805 0.0169984 0.00015282
0.384916 0.0183316 0.000412755
0.384393 0.0199881 0.000332341
0.384773 0.018982 0.000365624
0.384251 0.0186469 0.00015209
0.383696 0.018973 0.000151368
0.385484 0.0164168 0.00015371
0.384532 0.0187957 0.000409996
0.383937 0.0183712 0.000917828
0.380028 0.0155746 0.00928547
0.384565 0.0189461 0.000152497
0.376673 0.0177563 0.00723161
0.384964 0.0160017 0.000153028
0.384717 0.0185598 0.000389694
0.38411 0.0176166 0.000363958
0.381367 0.0181494 0.00708542
0.384883 0.0188404 0.00531527
0.384547 0.0194088 0.00015248
0.385019 0.0174562 0.000700777
0.384992 0.0209722 0.000153064
0.380016 0.0153056 0.00915324
0.383672 0.0182808 0.000151334
0.385316 0.0170182 0.00015349
0.384376 0.0165839 0.000152259
0.384174 0.0207684 0.00015199
0.384222 0.0212858 0.000152057
0.383713 0.0195207 0.000413551
0.384632 0.0199741 0.000152594
0.368572 0.0172485 0.00750679
0.382561 0.0173378 0.00736168
0.379951 0.0152161 0.00943209
0.383776 0.0188193 0.000396332
0.380325 0.0163013 0.00814912
0.383841 0.0208234 0.000151558
0.380761 0.0152086 0.00975607
0.383699 0.0191742 0.000373821
0.384761 0.0177722 0.000345966
0.384305 0.0181487 0.000414524
0.384431 0.0180756 0.000152324
0.384657 0.0160435 0.000152627
0.383364 0.0200502 0.00538375
0.383899 0.0184432 0.000629132
0.384223 0.0185881 0.00532698
0.383694 0.0193994 0.000895254
0.385753 0.0165499 0.000154062
0.385204 0.0214103 0.000153344
0.385887 0.0162577 0.000154238
0.384848 0.0197577 0.000152865
0.384295 0.0183501 0.000152149
0.380459 0.0168509 0.00789794
0.38026 0.0160299 0.00825923
0.383684 0.0189999 0.000617528
0.38473 0.019449 0.00532206
0.384395 0.0210207 0.000152283
0.384648 0.0173605 0.000732175
0.384741 0.0205401 0.000152737
0.384601 0.0174721 0.000152553
0.38488 0.0200053 0.000319251
0.383683 0.0186732 0.000151338
0.38113 0.0183198 0.00701585
0.380892 0.0153876 0.00919851
0.384784 0.0175283 0.00052443
0.384249 0.0194445 0.000152091
0.384431 0.0204961 0.000309488
0.384588 0.0196853 0.000283793
0.384606 0.0178831 0.005425
0.383731 0.0200425 0.000571146
0.384532 0.0213242 0.000152462
0.383749 0.0203179 0.000372158
0.384569 0.0168137 0.00015251
0.368941 0.0188807 0.00701315
0.384593 0.0190878 0.00523983
0.384638 0.0200727 0.000483083
0.383902 0.0177057 0.000560776
0.384484 0.0183033 0.000600971
0.384243 0.021594 0.000152083
0.384112 0.0181127 0.000151905
0.38473 0.0157521 0.000152723
0.38472 0.017998 0.000152709
0.384242 0.0178424 0.000152082
0.381622 0.0183217 0.00699681
0.384554 0.0186433 0.00015248
0.384191 0.0196601 0.00533192
0.385069 0.0168473 0.000153164
0.380201 0.015787 0.00842489
0.384844 0.0172958 0.000152871
0.385236 0.0151024 0.000153385
0.383788 0.0179801 0.000518499
0.384902 0.0175913 0.000152947
0.380463 0.015185 0.00972638
0.383741 0.0199852 0.000151428
0.384874 0.0166193 0.000152902
0.38486 0.0170783 0.000520026
0.375605 0.0196493 0.00707532
0.384047 0.0210421 0.000151826
0.384154 0.0171188 0.000683094
0.38453 0.0167628 0.000584409
0.384399 0.0165088 0.00049412
0.384497 0.019803 0.000544272
0.384333 0.0195856 0.000408151
0.385286 0.0163468 0.00036774
0.384632 0.0177663 0.000625811
0.38008 0.0154249 0.00888567
0.384882 0.0184777 0.000152917
0.384358 0.0202255 0.000152234
0.384025 0.0197194 0.000151796
0.384504 0.0207411 0.000152421
0.384333 0.0191484 0.000152188
0.37945 0.0146972 0.0116585
0.384553 0.0191855 0.000352772
0.385047 0.0171145 0.000287695
0.368777 0.0157273 0.00858743
0.383914 0.0176986 0.000151654
0.384062 0.0206171 0.000385249
0.383959 0.0178035 0.00119477
0.384636 0.0190152 0.000630604
0.382408 0.0187423 0.00691966
0.383976 0.0194483 0.000276989
0.380369 0.0154538 0.00878181
0.3842 0.0189124 0.000282099
0.381157 0.0172841 0.00756718
0.384031 0.018204 0.00527868
0.385242 0.0158641 0.000153393
0.381661 0.0189619 0.00689738
0.383806 0.0207345 0.000704284
0.385087 0.0162802 0.000153187
0.384312 0.0175506 0.000152169
0.383891 0.0181963 0.000337644
0.38367 0.0182534 0.000557028
0.383947 0.0200468 0.000363298
0.384063 0.0180951 0.000965771
0.381283 0.0155207 0.00880888
0.385135 0.0173676 0.00015324
0.384115 0.018763 0.000991098
0.385358 0.0161439 0.000153543
0.384791 0.0163296 0.000152801
0.375607 0.0169898 0.00743052
0.384775 0.0192112 0.000152782
0.384714 0.021086 0.000152702
0.382541 0.017616 0.00720774
0.384491 0.0163057 0.00015241
0.380393 0.0165832 0.00803473
0.383714 0.018987 0.000915737
0.385465 0.0153036 0.000153685
0.375275 0.0192134 0.00695811
0.385014 0.0178832 0.000153095
0.383804 0.0205251 0.000151507
0.384054 0.0173196 0.0008823
0.376328 0.0190626 0.0069304
0.384298 0.0179057 0.00541678
0.384839 0.0154698 0.000152865
0.380985 0.016583 0.00798298
0.384193 0.018293 0.000781723
0.384424 0.0184968 0.000379868
0.381373 0.0194389 0.00694142
0.386552 0.0146915 0.000155109
0.379292 0.0147364 0.0123623
0.38421 0.0171581 0.000152042
0.384029 0.0174205 0.000151788
0.381673 0.0171638 0.00757045
0.380141 0.0155884 0.0086416
0.384673 0.0172794 0.000399168
0.38559 0.0159275 0.000153849
0.383727 0.0196822 0.000151412
0.38566 0.021829 0.000153941
0.37414 0.0158537 0.00892395
0.385067 0.0228545 0.000153164
0.37035 0.0163064 0.00815068
0.383656 0.0184226 0.000804336
0.384291 0.0208888 0.000400705
0.384954 0.0181865 0.000153015
0.383859 0.0185387 0.00532658
0.381763 0.0180679 0.00707337
0.384274 0.0192916 0.000409083
0.384475 0.0192686 0.000633293
0.384054 0.018108 0.000573924
0.38488 0.0200087 0.00064796
0.383691 0.0182839 0.00106803
0.381951 0.0194151 0.00693294
0.38403 0.0189096 0.000528725
0.384005 0.0186153 0.000370953
0.381449 0.0160924 0.00820099
0.380707 0.016693 0.00795903
0.384153 0.0199912 0.000151956
0.369053 0.0181032 0.00707687
0.38441 0.0202673 0.000502344
0.384913 0.0202528 0.000152959
0.380657 0.0161617 0.00852472
0.383732 0.0184906 0.000384196
0.383944 0.0202593 0.000151684
0.383787 0.019318 0.000621954
0.369884 0.017084 0.00760733
0.38463 0.0165334 0.000303877
0.384864 0.0176921 0.000802064
0.380903 0.0184545 0.0072868
0.384547 0.0185969 0.000634286
0.384138 0.0193162 0.000675457
0.384374 0.0173248 0.000339735
0.381212 0.0154442 0.00910265
0.383081 0.0181925 0.00698385
0.380843 0.016078 0.00828477
0.384595 0.0183462 0.000152536
0.385384 0.0224954 0.000153579
0.380445 0.0157589 0.00881628
0.383645 0.0196147 0.00532222
0.380182 0.0151877 0.00962392
0.383991 0.0191937 0.000440358
0.384149 0.019827 0.000402983
0.382026 0.0179094 0.00711836
0.384453 0.0171814 0.000591292
0.382175 0.0189305 0.00690055
0.382688 0.018891 0.00690456
0.383986 0.0193413 0.000932686
0.374813 0.0182518 0.00709097
0.383797 0.0179804 0.000151501
0.376207 0.0184852 0.00703306
0.384458 0.0218027 0.000152367
0.380426 0.0156303 0.00854595
0.380594 0.0153657 0.00916936
0.380163 0.0158655 0.00878297
0.384552 0.0185049 0.00533713
0.380924 0.0163302 0.00813272
0.384784 0.019276 0.000521081
0.38422 0.0175694 0.00088046
0.385256 0.0166126 0.000153412
0.381025 0.0179816 0.00719137
0.384324 0.0197417 0.000152186
0.374939 0.0165459 0.00777896
0.384767 0.0208176 0.000276058
0.384062 0.0195724 0.000536142
0.38395 0.0188124 0.000151684
0.383677 0.0186902 0.000938344
0.382196 0.0192324 0.00691169
0.385528 0.0167651 0.000153768
0.382716 0.0191897 0.00690189
0.379826 0.0148624 0.0105827
0.381492 0.0189022 0.00713821
0.376013 0.0178622 0.00744131
0.384043 0.0198384 0.000688971
0.380915 0.01745 0.00750403
0.384426 0.018828 0.00531097
0.384824 0.0187734 0.000152845
0.384087 0.0172671 0.000403027
0.383912 0.0187756 0.000770523
0.384178 0.0204684 0.000151994
0.384029 0.0191212 0.000151799
0.380939 0.0177094 0.00735516
0.375201 0.0154463 0.00896803
0.383947 0.0175718 0.00100457
0.381282 0.016551 0.00796386
0.368523 0.0152255 0.00961963
0.380646 0.0164389 0.00810643
0.383853 0.0178041 0.000839923
0.375211 0.0189192 0.00691864
0.384976 0.016447 0.00037633
0.384257 0.0187147 0.000500574
0.381674 0.0169022 0.00771737
0.383775 0.017996 0.00105688
0.381005 0.019115 0.00721518
0.384501 0.0179226 0.000405841
0.382 0.0161598 0.00809436
0.382417 0.016559 0.00781774
0.384509 0.0178724 0.000877615
0.38228 0.0183363 0.00696748
0.374371 0.0154625 0.00885528
0.379572 0.0146903 0.0110717
0.375383 0.0184415 0.00704947
0.375821 0.0178441 0.00721189
0.380531 0.0152745 0.0094482
0.383833 0.0181277 0.000775826
0.384489 0.0182947 0.000900796
0.373345 0.015002 0.0121279
0.383799 0.0202506 0.000776355
0.385163 0.0160671 0.000368435
0.380737 0.0156087 0.00864372
0.376968 0.0177044 0.00724435
0.379842 0.015066 0.00990012
0.384244 0.0183224 0.00107583
0.384607 0.0195184 0.000532337
0.384826 0.0161387 0.000381438
0.374684 0.0176822 0.0072282
0.384987 0.0216174 0.000153059
0.375611 0.0161552 0.00822875
0.383942 0.0190947 0.000748041
0.38436 0.0190194 0.000512362
0.386874 0.014421 0.000155531
0.384659 0.0181774 0.000392082
0.384478 0.0176004 0.000397512
0.369256 0.0154086 0.00880828
0.383975 0.0209034 0.000407968
0.381527 0.0179111 0.00717232
0.382292 0.017195 0.00747569
0.381784 0.0177641 0.00721997
0.381329 0.0187856 0.00691526
0.370241 0.0160758 0.00830842
0.381609 0.018668 0.00692719
0.384147 0.0178522 0.000811582
0.383757 0.0196152 0.000696857
0.384388 0.0186989 0.000883353
0.380848 0.0184207 0.00699385
0.370787 0.0156702 0.00855232
0.374715 0.0167072 0.00766066
0.374127 0.0156015 0.00874961
0.385169 0.020796 0.000319478
0.381418 0.0191417 0.00691056
0.363321 0.0192952 0.00709439
0.385467 0.0156085 0.000153688
0.384575 0.0169908 0.000394601
0.384168 0.0184007 0.000502866
0.385172 0.0172375 0.000530813
0.376969 0.0183456 0.00706753
0.369093 0.0171682 0.0075574
0.38465 0.0180747 0.000701974
0.384633 0.0202744 0.00026018
0.384546 0.0171655 0.00015247
0.382549 0.0181825 0.00701152
0.38506 0.017507 0.000408035
0.376493 0.0185327 0.0071095
0.383714 0.0193749 0.000151378
0.380659 0.0176362 0.00743134
0.384668 0.018797 0.000838113
0.373876 0.0149741 0.00969366
0.369145 0.0174106 0.00738842
0.370632 0.0172493 0.00748019
0.374778 0.0169502 0.00749628
0.380422 0.0150966 0.0100101
0.384367 0.0214375 0.000375885
0.385038 0.0177599 0.000567857
0.382139 0.0186029 0.0069338
0.381504 0.0173881 0.00746537
0.374554 0.0171208 0.00739242
0.384834 0.0197266 0.000450911
0.384871 0.0180027 0.00051226
0.382544 0.0184763 0.00694666
0.381124 0.0182469 0.00730679
0.384686 0.0216072 0.000152665
0.384376 0.0174662 0.000645533
0.384258 0.0200274 0.000597894
0.375855 0.0168089 0.00758423
0.376046 0.0189635 0.00690327
0.375888 0.019746 0.00710362
0.380772 0.0169504 0.00780289
0.375672 0.0185438 0.00701973
0.369531 0.0153576 0.00895561
0.369399 0.0157615 0.00855522
0.375493 0.0155304 0.00890811
0.375157 0.0186322 0.00699846
0.382122 0.0166144 0.00782337
0.383766 0.0206616 0.000415926
0.382571 0.016775 0.00767712
0.381373 0.0184838 0.00695425
0.380496 0.0163914 0.0083788
0.374166 0.0150128 0.0096048
0.375387 0.0162757 0.00806961
0.368736 0.0168492 0.00778904
0.380549 0.0161274 0.00824695
0.381227 0.0162795 0.00812341
0.371209 0.0178796 0.00710209
0.379216 0.0151061 0.0126366
0.381581 0.0165359 0.00793513
0.379361 0.0149942 0.0120661
0.375496 0.0190165 0.00690925
0.375597 0.0175033 0.00753815
0.384076 0.0174701 0.000623631
0.382463 0.0193692 0.00692291
0.376058 0.0192668 0.00698065
0.377073 0.0171378 0.00745486
0.384936 0.0182068 0.000722452
0.381733 0.01577 0.00835327
0.374543 0.0151581 0.00933481
0.381236 0.0170278 0.00770148
0.368759 0.0180005 0.00708561
0.369866 0.0181194 0.00707455
0.384245 0.0178276 0.000528906
0.382545 0.0178958 0.00709957
0.38485 0.0184875 0.000660531
0.384276 0.0190659 0.000796646
0.381752 0.0160271 0.00819988
0.373412 0.0147418 0.0118594
0.36695 0.0156797 0.0138244
0.377264 0.0177504 0.00723011
0.367996 0.0153071 0.00925465
0.37498 0.0174214 0.00756576
0.380248 0.0152759 0.0093449
0.381517 0.0176486 0.00731722
0.369415 0.0198757 0.0069972
0.382444 0.0190644 0.00689192
0.380773 0.0157963 0.00841252
0.380973 0.0154839 0.00892626
0.384351 0.0180524 0.000696895
0.383989 0.0179359 0.0054068
0.381137 0.0192448 0.00693208
0.370387 0.0187812 0.0070315
0.381647 0.0162774 0.00807226
0.380829 0.0152982 0.00947795
0.377026 0.0174221 0.00732767
0.384811 0.0194845 0.000271357
0.381927 0.0190994 0.00690089
0.382565 0.0170762 0.00750838
0.376783 0.0180252 0.00715687
0.374302 0.0161636 0.00806997
0.370336 0.0177502 0.00712725
0.37929 0.0150365 0.0123544
0.380387 0.015974 0.00861535
0.374066 0.0153672 0.00892647
0.381047 0.0168353 0.00783327
0.381508 0.0154035 0.00913028
0.374347 0.0159069 0.00871271
0.363357 0.0179528 0.00710997
0.381827 0.0166696 0.0078291
0.379749 0.0149369 0.0103025
0.369352 0.0195833 0.00697219
0.380791 0.0181572 0.00712494
0.373812 0.0148711 0.00996813
0.382214 0.0195593 0.00694494
0.370286 0.0158285 0.00847191
0.382808 0.0174711 0.00725591
0.382812 0.0186189 0.00693218
0.375047 0.0194007 0.00701467
0.382034 0.0173404 0.00742609
0.380002 0.0150073 0.0101574
0.374843 0.017205 0.00735185
0.37447 0.0158408 0.00844722
0.373215 0.0148215 0.0127029
0.375618 0.0199873 0.00716352
0.382811 0.0183205 0.00696247
0.376465 0.0168806 0.00755679
0.374693 0.0154918 0.00885958
0.381076 0.0163029 0.00839018
0.38283 0.0172091 0.00740061
0.380726 0.0179039 0.00727232
0.383851 0.0197817 0.000465523
0.384207 0.0169844 0.000420201
0.375976 0.0186704 0.00698322
0.375726 0.0188354 0.00697482
0.381909 0.018794 0.00691441
0.374491 0.016878 0.00755678
0.374749 0.0179669 0.00715958
0.374494 0.0148773 0.00985188
0.375144 0.0171977 0.00767975
0.373584 0.0148202 0.0110723
0.381071 0.0188991 0.0070174
0.381139 0.0160344 0.00827225
0.375394 0.0167967 0.00788805
0.369693 0.0178165 0.00737421
0.380141 0.0150965 0.00990674
0.374075 0.0156157 0.00909439
0.382298 0.017475 0.00731735
0.3745 0.0166619 0.00801216
0.375997 0.0173324 0.00735207
0.375822 0.0172578 0.00763329
0.381036 0.0156008 0.00865742
0.381913 0.0164146 0.00796187
0.379514 0.0146812 0.0113659
0.370851 0.017081 0.00759728
0.382287 0.0180448 0.00706118
0.374877 0.0163356 0.00798364
0.380832 0.0172034 0.00765315
0.36916 0.0163252 0.00815685
0.382227 0.0163641 0.007951
0.380525 0.0171101 0.00774394
0.375899 0.0170581 0.00742319
0.370437 0.0181131 0.00707944
0.383909 0.0204544 0.000585926
0.380485 0.015856 0.00835723
0.370077 0.0165181 0.00800787
0.36162 0.0149186 0.0109365
0.373115 0.0152527 0.0130313
0.361275 0.0150678 0.0124381
0.382029 0.0176021 0.00727949
0.376674 0.0182946 0.00708314
0.375197 0.0175836 0.00726954
0.376287 0.0164715 0.00795526
0.3751 0.0161953 0.00812599
0.385039 0.0205827 0.000153128
0.380274 0.0162218 0.00848947
0.381297 0.0156009 0.00850847
0.36899 0.017809 0.00710243
0.361202 0.014967 0.0127039
0.374528 0.016041 0.00823163
0.381072 0.0186113 0.00693296
0.382807 0.0180323 0.00704576
0.380108 0.0156914 0.00902073
0.373529 0.0149137 0.011352
0.375324 0.0160748 0.00828515
0.375045 0.0177068 0.00749714
0.381642 0.0195702 0.0069673
0.374931 0.0188282 0.00697672
0.362815 0.0182672 0.00705052
0.381998 0.0182424 0.00700832
0.373971 0.0146697 0.010412
0.367221 0.0151007 0.0126235
0.380284 0.0150075 0.0102607
0.381408 0.0167922 0.00781249
0.3687 0.0177756 0.00727796
0.375324 0.0181567 0.00712866
0.369289 0.0179249 0.00712598
0.375039 0.0180631 0.00714528
0.375934 0.0160537 0.00837832
0.374624 0.0153203 0.00909591
0.374002 0.0152323 0.00918676
0.369442 0.0167294 0.00786547
0.370315 0.0190718 0.00701025
0.368821 0.0182924 0.00705409
0.375261 0.017869 0.00720081
0.375571 0.0193166 0.00699132
0.380932 0.0180104 0.00747514
0.362415 0.0166363 0.00787855
0.374975 0.0177783 0.00721424
0.374805 0.0157219 0.00861719
0.381073 0.015783 0.00842191
0.374757 0.0176147 0.00751119
0.383669 0.0186679 0.000632081
0.381148 0.0165475 0.0082322
0.374873 0.0185374 0.007022
0.374588 0.016249 0.00802418
0.381627 0.0156418 0.00860322
0.375109 0.019676 0.0071169
0.374815 0.0161174 0.00817976
0.376075 0.0181367 0.00713093
0.376268 0.0187682 0.0069547
0.37544 0.0187281 0.00697027
0.37452 0.0156455 0.00866939
0.368635 0.017487 0.00733617
0.369029 0.0169295 0.00772816
0.369658 0.0152324 0.00919669
0.363458 0.0160867 0.00823784
0.376628 0.0190696 0.00693552
0.369059 0.0194741 0.00698175
0.36918 0.0200516 0.0070606
0.369949 0.0151962 0.00913389
0.381858 0.0184998 0.00694427
0.376195 0.0171153 0.00741525
0.362619 0.0168248 0.00776495
0.375483 0.0176746 0.00725637
0.369294 0.0192881 0.00698689
0.362955 0.0177211 0.00720962
0.379618 0.014973 0.0109828
0.379385 0.0147183 0.0119507
0.376748 0.0169665 0.00750753
0.375833 0.0194593 0.00702831
0.377079 0.017978 0.0071683
0.380312 0.0153638 0.00906554
0.375099 0.0183505 0.00708355
0.368917 0.0175689 0.0072743
0.374605 0.0170241 0.00779259
0.368289 0.0162333 0.0084837
0.375487 0.0170148 0.00770452
0.36204 0.0154616 0.00910533
0.375665 0.0163722 0.00799444
0.380673 0.0159024 0.00867467
0.375344 0.0195055 0.00704232
0.368303 0.015312 0.00912832
0.375136 0.0152465 0.00918212
0.375288 0.0168489 0.00753836
0.369867 0.019485 0.00697735
0.36698 0.015514 0.013574
0.361563 0.0148272 0.0112126
0.368796 0.0154602 0.00877
0.376692 0.0167075 0.00764829
0.374988 0.0191191 0.00693039
0.375562 0.0167425 0.00759671
0.369522 0.019094 0.00700594
0.375162 0.0163954 0.00791116
0.382987 0.0188611 0.0069076
0.370712 0.0161277 0.00851624
0.371009 0.0182912 0.00707123
0.357277 0.020393 0.00736466
0.37706 0.0186611 0.00698005
0.374844 0.0151814 0.00924537
0.361744 0.0150965 0.0103854
0.373461 0.0149522 0.0116425
0.369 0.0191766 0.00699254
0.362526 0.0170663 0.00761328
0.374244 0.0159618 0.00828707
0.375359 0.0198407 0.00712432
0.374979 0.0155683 0.00880732
0.381964 0.01709 0.00757568
0.382283 0.017761 0.0071584
0.364368 0.0176192 0.0072641
0.376195 0.017871 0.00720251
0.370104 0.0179384 0.00709954
0.380595 0.0173842 0.00758104
0.375556 0.0157304 0.00869351
0.37404 0.0147852 0.0101437
0.376503 0.0163391 0.00811614
0.361986 0.0153856 0.00939052
0.369388 0.0172906 0.00777998
0.373944 0.0151659 0.00947353
0.376148 0.0168416 0.0075289
0.381259 0.0178076 0.00725997
0.375065 0.0170248 0.00744069
0.368509 0.0170101 0.00767739
0.36918 0.0186995 0.00703015
0.368382 0.0165311 0.00802002
0.362591 0.0173155 0.00745957
0.381576 0.0154744 0.00884691
0.373749 0.0147113 0.0102142
0.362754 0.0179736 0.00704792
0.369327 0.0169558 0.00770569
0.363645 0.0178706 0.00710729
0.373284 0.0147719 0.0123905
0.369579 0.0193874 0.00698205
0.376568 0.018776 0.00695095
0.374364 0.0163938 0.00788767
0.369935 0.0180172 0.0073481
0.374186 0.0157614 0.00850261
0.36787 0.0152206 0.00983487
0.370437 0.0179476 0.00732965
0.368446 0.0167716 0.00784802
0.369465 0.0188002 0.00702768
0.374619 0.0173974 0.0072967
0.362511 0.0158663 0.00835857
0.375793 0.0165845 0.00777355
0.369799 0.0155969 0.00865393
0.368056 0.0153496 0.00896384
0.374427 0.0166359 0.00772222
0.368606 0.0163673 0.00813386
0.367053 0.0153738 0.0133189
0.370611 0.0178695 0.00709814
0.36976 0.0173095 0.00744839
0.376475 0.0179736 0.00717273
0.37504 0.0159951 0.00834107
0.376776 0.0185673 0.00700742
0.368673 0.0166108 0.00795966
0.376391 0.0176522 0.00726187
0.375224 0.0166168 0.00771845
0.369807 0.0191916 0.00699777
0.377024 0.0168639 0.00756769
0.375348 0.0171359 0.00746826
0.375132 0.0172988 0.00733812
0.374755 0.0159172 0.0083951
0.375547 0.017963 0.00718057
0.367071 0.0150752 0.0132974
0.363208 0.0188003 0.00707225
0.368318 0.0162922 0.008191
0.369409 0.018506 0.00704346
0.371037 0.0168259 0.00776588
0.369223 0.0165637 0.00798622
0.36373 0.0204356 0.00714626
0.3615 0.0147537 0.011493
0.374911 0.0174935 0.00728272
0.375989 0.0164438 0.00795187
0.364051 0.0175821 0.00729065
0.363514 0.0163375 0.00808295
0.375923 0.0183858 0.00706197
0.362572 0.0162169 0.00814178
0.369692 0.0186042 0.00703868
0.369584 0.0170816 0.00761467
0.373683 0.0146627 0.0105026
0.369272 0.0152882 0.00909009
0.363446 0.0172215 0.00752881
0.376391 0.0166604 0.00774665
0.369381 0.0160055 0.00838169
0.362765 0.015733 0.00844573
0.367146 0.015175 0.0129041
0.364173 0.0178115 0.0071413
0.367197 0.0147795 0.0128077
0.370964 0.0163473 0.00808698
0.381686 0.0192761 0.0069215
0.369116 0.0183972 0.00704893
0.380667 0.0154577 0.00889336
0.369509 0.0177234 0.00715678
0.375374 0.0158795 0.00850739
0.374651 0.0164654 0.00782623
0.382802 0.0177468 0.00713793
0.374399 0.0164364 0.00818252
0.367467 0.0149551 0.0116207
0.373189 0.0151411 0.0127424
0.368228 0.0159457 0.00842353
0.373632 0.0147273 0.0107911
0.369927 0.018418 0.00705398
0.363654 0.0197462 0.0071131
0.375922 0.017551 0.00754295
0.369774 0.0163706 0.00811677
0.376516 0.0171338 0.00740409
0.370586 0.0158598 0.00843516
0.367397 0.0149124 0.0119093
0.375886 0.0162492 0.00815598
0.363585 0.0194382 0.00709866
0.368863 0.0173266 0.00744752
0.375693 0.0172738 0.00736282
0.3697 0.0168547 0.00777297
0.374902 0.0170373 0.007755
0.364463 0.0182287 0.0070633
0.368747 0.0152983 0.00909791
0.371149 0.0170564 0.0076101
0.357207 0.0200612 0.00734085
0.376621 0.0174669 0.00731365
0.363171 0.0161593 0.00818783
0.368841 0.0162139 0.00824012
0.363927 0.0179564 0.00704957
0.363207 0.0173742 0.007432
0.363085 0.019558 0.00710983
0.376086 0.0166416 0.00774366
0.375264 0.0156463 0.00875342
0.375796 0.019125 0.00694079
0.363433 0.0199486 0.0071254
0.363447 0.0184939 0.00706457
0.369512 0.0155331 0.00871301
0.38136 0.0158474 0.00834982
0.3688 0.0170879 0.00761828
0.37628 0.0181178 0.00735
0.363757 0.0176371 0.00725858
0.369097 0.0160858 0.00832809
0.361846 0.0152331 0.00995334
0.362655 0.0175651 0.00730562
0.370372 0.0173734 0.00739512
0.375817 0.0181355 0.00728357
0.367325 0.0148699 0.0121975
0.370089 0.0174565 0.00733949
0.370534 0.0183358 0.00725514
0.376625 0.0165252 0.00787689
0.368715 0.0162451 0.00851249
0.369215 0.0176466 0.00721524
0.374241 0.0151446 0.00934568
0.374102 0.0148797 0.0098659
0.368243 0.0152698 0.00941987
0.368797 0.0152443 0.00945238
0.376344 0.0193524 0.0070061
0.370538 0.0161074 0.00827265
0.356742 0.0179226 0.00707618
0.371077 0.0176288 0.00720433
0.375499 0.0165296 0.00780084
0.370639 0.0166731 0.00788465
0.362965 0.0172178 0.0075267
0.367932 0.0152639 0.00954468
0.373264 0.0150633 0.01246
0.370726 0.0181905 0.00707619
0.370136 0.0169499 0.00769989
0.367132 0.0148711 0.0130858
0.361439 0.0148144 0.011777
0.375608 0.0182496 0.00710121
0.368903 0.0164525 0.0080694
0.363478 0.0202734 0.00714093
0.374466 0.0150147 0.00958671
0.368513 0.0158726 0.00848183
0.363807 0.0188122 0.00707732
0.368527 0.0152743 0.00932367
0.370382 0.0165511 0.00798026
0.36997 0.016747 0.00784626
0.361686 0.0150075 0.0106613
0.370053 0.0162747 0.00818151
0.362901 0.0186778 0.00707254
0.368788 0.0159714 0.00841345
0.369715 0.0166105 0.00794664
0.362286 0.0161376 0.0081862
0.376339 0.0173677 0.00734134
0.369823 0.0175704 0.00726179
0.369118 0.0197701 0.00697591
0.363937 0.018256 0.00705973
0.363747 0.0184878 0.00706589
0.368882 0.0185853 0.00703372
0.369045 0.0178132 0.00739729
0.375659 0.0159596 0.00845111
0.3704 0.0170958 0.00759247
0.376798 0.0172355 0.00738459
0.375001 0.0167817 0.00760431
0.376185 0.0162769 0.00815939
0.369635 0.0183101 0.00705918
0.369237 0.0189934 0.00700743
0.374305 0.0152881 0.00909012
0.367254 0.0148225 0.0125163
0.376852 0.0188698 0.00692358
0.364439 0.0179277 0.00706401
0.363791 0.0171446 0.00757581
0.369559 0.0162015 0.00823988
0.359066 0.0205415 0.00724217
0.362934 0.0167321 0.00782788
0.36964 0.0196808 0.00696163
0.368544 0.0153418 0.00888147
0.37091 0.0178559 0.00710145
0.363508 0.0187874 0.00707393
0.368371 0.0158222 0.00874119
0.369044 0.0155993 0.00867517
0.370626 0.01692 0.00771472
0.369006 0.0153204 0.00894753
0.369804 0.0178193 0.00709543
0.370046 0.0189398 0.00701755
0.368138 0.0158467 0.00892905
0.363351 0.0158479 0.0083844
0.368966 0.016691 0.00789878
0.362714 0.0178587 0.00732293
0.369836 0.0161072 0.00830352
0.369545 0.0174806 0.00732923
0.363794 0.0166508 0.00789311
0.368973 0.0161189 0.00859921
0.363189 0.0170499 0.00763483
0.370576 0.0176021 0.00722969
0.362169 0.0157614 0.0086383
0.371089 0.0173461 0.00740551
0.370161 0.0182314 0.00706996
0.363227 0.0164102 0.00803293
0.36191 0.0153124 0.00967135
0.370329 0.0154176 0.00874639
0.369394 0.0172705 0.00748072
0.369352 0.0182125 0.0070686
0.362104 0.0155326 0.00882099
0.362962 0.0189713 0.00708255
0.363064 0.0159205 0.00833439
0.369801 0.0153511 0.00882591
0.370476 0.0156339 0.00859925
0.364011 0.0205401 0.00714845
0.363233 0.0176251 0.0072695
0.369578 0.0180162 0.00707966
0.363446 0.0165854 0.00792782
0.376052 0.0176167 0.00727339
0.368534 0.0155779 0.00868222
0.368279 0.0154325 0.0087738
0.370926 0.016595 0.00792215
0.362776 0.0159877 0.00828765
0.364036 0.0185683 0.00707107
0.370092 0.0156441 0.0086063
0.363837 0.0173933 0.00741451
0.3635 0.0175089 0.00734249
0.36353 0.018191 0.00705407
0.368153 0.0156561 0.00861835
0.362231 0.0159561 0.00841847
0.371303 0.0182316 0.00706995
0.363023 0.0192649 0.00709604
0.362351 0.0163869 0.00803239
0.357692 0.02084 0.00737254
0.370117 0.0186492 0.00703879
0.370836 0.0161254 0.00824312
0.36293 0.0174822 0.00738936
0.369749 0.0188981 0.0070182
0.37037 0.0167956 0.00780701
0.362938 0.0164774 0.00798622
0.376378 0.0182474 0.00709774
0.370083 0.0177564 0.00733705
0.37009 0.0153204 0.00890006
0.363371 0.0196482 0.00711126
0.370358 0.017672 0.00742297
0.363207 0.0201448 0.00713744
0.358634 0.0206011 0.00728019
0.356683 0.0176627 0.00721366
0.357584 0.0205475 0.00735501
0.370137 0.017215 0.00751091
0.374914 0.0153686 0.00902141
0.375758 0.0175602 0.00729163
0.36286 0.0169785 0.00767356
0.369068 0.0158428 0.00850151
0.367756 0.0149546 0.0115426
0.362638 0.0164681 0.00798689
0.370659 0.0154325 0.00872578
0.36305 0.0179962 0.00713662
0.36357 0.0168185 0.00778507
0.369026 0.0152721 0.00926087
0.369659 0.0159112 0.00844529
0.363855 0.0168982 0.00773466
0.363147 0.0185068 0.00706382
0.364245 0.0173899 0.00741347
0.363129 0.0176385 0.00755075
0.369402 0.0177219 0.0074373
0.361292 0.0147873 0.0123422
0.361359 0.0148509 0.0120604
0.368532 0.0161189 0.00831165
0.36327 0.0168052 0.00778823
0.370644 0.0164242 0.00805198
0.370839 0.0174822 0.00731178
0.364709 0.0180576 0.00705965
0.363232 0.0182192 0.00705246
0.370352 0.0184626 0.0070539
0.369488 0.0164469 0.00806601
0.36321 0.0179057 0.00737315
0.368229 0.0155832 0.00903063
0.370644 0.0185281 0.00705152
0.362883 0.0162266 0.00814111
0.36315 0.0198505 0.00712355
0.368649 0.0175126 0.00763475
0.364193 0.0180987 0.00705661

VERTICES 885 1770
1 0
1 1
1 2
1 3
1 4
1 5
1 6
1 7
1 8
1 9
1 10
1 11
1 12
1 13
1 14
1 15
1 16
1 17
1 18
1 19
1 20
1 21
1 22
1 23
1 24
1 25
1 26
1 27
1 28
1 29
1 30
1 31
1 32
1 33
1 34
1 35
1 36
1 37
1 38
1 39
1 40
1 41
1 42
1 43
1 44
1 45
1 46
1 47
1 48
1 49
1 50
1 51
1 52
1 53
1 54
1 55
1 56
1 57
1 58
1 59
1 60
1 61
1 62
1 63
1 64
1 65
1 66
1 67
1 68
1 69
1 70
1 71
1 72
1 73
1 74
1 75
1 76
1 77
1 78
1 79
1 80
1 81
1 82
1 83
1 84
1 85
1 86
1 87
1 88
1 89
1 90
1 91
1 92
1 93
1 94
1 95
1 96
1 97
1 98
1 99
1 100
1 101
1 102
1 103
1 104
1 105
1 106
1 107
1 108
1 109
1 110
1 111
1 112
1 113
1 114
1 115
1 116
1 117
1 118
1 119
1 120
1 121
1 122
1 123
1 124
1 125
1 126
1 127
1 128
1 129
1 130
1 131
1 132
1 133
1 134
1 135
1 136
1 137
1 138
1 139
1 140
1 141
1 142
1 143
1 144
1 145
1 146
1 147
1 148
1 149
1 150
1 151
1 152
1 153
1 154
1 155
1 156
1 157
1 158
1 159
1 160
1 161
1 162
1 163
1 164
1 165
1 166
1 167
1 168
1 169
1 170
1 171
1 172
1 173
1 174
1 175
1 176
1 177
1 178
1 179
1 180
1 181
1 182
1 183
1 184
1 185
1 186
1 187
1 188
1 189
1 190
1 191
1 192
1 193
1 194
1 195
1 196
1 197
1 198
1 199
1 200
1 201
1 202
1 203
1 204
1 205
1 206
1 207
1 208
1 209
1 210
1 211
1 212
1 213
1 214
1 215
1 216
1 217
1 218
1 219
1 220
1 221
1 222
1 223
1 224
1 225
1 226
1 227
1 228
1 229
1 230
1 231
1 232
1 233
1 234
1 235
1 236
1 237
1 238
1 239
1 240
1 241
1 242
1 243
1 244
1 245
1 246
1 247
1 248
1 249
1 250
1 251
1 252
1 253
1 254
1 255
1 256
1 257
1 258
1 259
1 260
1 261
1 262
1 263
1 264
1 265
1 266
1 267
1 268
1 269
1 270
1 271
1 272
1 273
1 274
1 275
1 276
1 277
1 278
1 279
1 280
1 281
1 282
1 283
1 284
1 285
1 286
1 287
1 288
1 289
1 290
1 291
1 292
1 293
1 294
1 295
1 296
1 297
1 298
1 299
1 300
1 301
1 302
1 303
1 304
1 305
1 306
1 307
1 308
1 309
1 310
1 311
1 312
1 313
1 314
1 315
1 316
1 317
1 318
1 319
1 320
1 321
1 322
1 323
1 324
1 325
1 326
1 327
1 328
1 329
1 330
1 331
1 332
1 333
1 334
1 335
1 336
1 337
1 338
1 339
1 340
1 341
1 342
1 343
1 344
1 345
1 346
1 347
1 348
1 349
1 350
1 351
1 352
1 353
1 354
1 355
1 356
1 357
1 358
1 359
1 360
1 361
1 362
1 363
1 364
1 365
1 366
1 367
1 368
1 369
1 370
1 371
1 372
1 373
1 374
1 375
1 376
1 377
1 378
1 379
1 380
1 381
1 382
1 383
1 384
1 385
1 386
1 387
1 388
1 389
1 390
1 391
1 392
1 393
1 394
1 395
1 396
1 397
1 398
1 399
1 400
1 401
1 402
1 403
1 404
1 405
1 406
1 407
1 408
1 409
1 410
1 411
1 412
1 413
1 414
1 415
1 416
1 417
1 418
1 419
1 420
1 421
1 422
1 423
1 424
1 425
1 426
1 427
1 428
1 429
1 430
1 431
1 432
1 433
1 434
1 435
1 436
1 437
1 438
1 439
1 440
1 441
1 442
1 443
1 444
1 445
1 446
1 447
1 448
1 449
1 450
1 451
1 452
1 453
1 454
1 455
1 456
1 457
1 458
1 459
1 460
1 461
1 462
1 463
1 464
1 465
1 466
1 467
1 468
1 469
1 470
1 471
1 472
1 473
1 474
1 475
1 476
1 477
1 478
1 479
1 480
1 481
1 482
1 483
1 484
1 485
1 486
1 487
1 488
1 489
1 490
1 491
1 492
1 493
1 494
1 495
1 496
1 497
1 498
1 499
1 500
1 501
1 502
1 503
1 504
1 505
1 506
1 507
1 508
1 509
1 510
1 511
1 512
1 513
1 514
1 515
1 516
1 517
1 518
1 519
1 520
1 521
1 522
1 523
1 524
1 525
1 526
1 527
1 528
1 529
1 530
1 531
1 532
1 533
1 534
1 535
1 536
1 537
1 538
1 539
1 540
1 541
1 542
1 543
1 544
1 545
1 546
1 547
1 548
1 549
1 550
1 551
1 552
1 553
1 554
1 555
1 556
1 557
1 558
1 559
1 560
1 561
1 562
1 563
1 564
1 565
1 566
1 567
1 568
1 569
1 570
1 571
1 572
1 573
1 574
1 575
1 576
1 577
1 578
1 579
1 580
1 581
1 582
1 583
1 584
1 585
1 586
1 587
1 588
1 589
1 590
1 591
1 592
1 593
1 594
1 595
1 596
1 597
1 598
1 599
1 600
1 601
1 602
1 603
1 604
1 605
1 606
1 607
1 608
1 609
1 610
1 611
1 612
1 613
1 614
1 615
1 616
1 617
1 618
1 619
1 620
1 621
1 622
1 623
1 624
1 625
1 626
1 627
1 628
1 629
1 630
1 631
1 632
1 633
1 634
1 635
1 636
1 637
1 638
1 639
1 640
1 641
1 642
1 643
1 644
1 645
1 646
1 647
1 648
1 649
1 650
1 651
1 652
1 653
1 654
1 655
1 656
1 657
1 658
1 659
1 660
1 661
1 662
1 663
1 664
1 665
1 666
1 667
1 668
1 669
1 670
1 671
1 672
1 673
1 674
1 675
1 676
1 677
1 678
1 679
1 680
1 681
1 682
1 683
1 684
1 685
1 686
1 687
1 688
1 689
1 690
1 691
1 692
1 693
1 694
1 695
1 696
1 697
1 698
1 699
1 700
1 701
1 702
1 703
1 704
1 705
1 706
1 707
1 708
1 709
1 710
1 711
1 712
1 713
1 714
1 715
1 716
1 717
1 718
1 719
1 720
1 721
1 722
1 723
1 724
1 725
1 726
1 727
1 728
1 729
1 730
1 731
1 732
1 733
1 734
1 735
1 736
1 737
1 738
1 739
1 740
1 741
1 742
1 743
1 744
1 745
1 746
1 747
1 748
1 749
1 750
1 751
1 752
1 753
1 754
1 755
1 756
1 757
1 758
1 759
1 760
1 761
1 762
1 763
1 764
1 765
1 766
1 767
1 768
1 769
1 770
1 771
1 772
1 773
1 774
1 775
1 776
1 777
1 778
1 779
1 780
1 781
1 782
1 783
1 784
1 785
1 786
1 787
1 788
1 789
1 790
1 791
1 792
1 793
1 794
1 795
1 796
1 797
1 798
1 799
1 800
1 801
1 802
1 803
1 804
1 805
1 806
1 807
1 808
1 809
1 810
1 811
1 812
1 813
1 814
1 815
1 816
1 817
1 818
1 819
1 820
1 821
1 822
1 823
1 824
1 825
1 826
1 827
1 828
1 829
1 830
1 831
1 832
1 833
1 834
1 835
1 836
1 837
1 838
1 839
1 840
1 841
1 842
1 843
1 844
1 845
1 846
1 847
1 848
1 849
1 850
1 851
1 852
1 853
1 854
1 855
1 856
1 857
1 858
1 859
1 860
1 861
1 862
1 863
1 864
1 865
1 866
1 867
1 868
1 869
1 870
1 871
1 872
1 873
1 874
1 875
1 876
1 877
1 878
1 879
1 880
1 881
1 882
1 883
1 884

POINT_DATA 885
SCALARS id int 1
LOOKUP_TABLE default
1
2
3
4
5
6
7
8
9
10
11
12
13
14
15
16
17
18
19
20
21
22
23
24
25
26
27
28
29
30
31
32
33
34
35
36
37
39
40
41
42
43
44
45
46
47
48
49
50
51
52
53
54
56
57
58
59
60
61
62
63
64
65
67
68
69
70
71
72
73
74
75
76
77
78
79
80
81
82
83
84
85
86
87
88
89
90
91
92
93
94
95
96
97
98
99
100
101
102
103
104
105
106
107
108
109
110
111
112
113
114
115
116
117
118
119
120
121
122
123
124
125
126
127
129
130
131
132
133
134
135
136
137
138
139
140
141
142
143
144
145
146
147
148
149
150
151
153
154
155
156
157
158
159
160
161
162
163
164
165
166
167
168
169
170
171
172
173
174
175
176
177
178
179
180
181
182
183
184
185
186
187
188
189
190
191
192
193
194
195
196
197
198
199
200
201
202
203
204
205
206
207
208
209
210
211
212
213
214
215
217
218
219
220
221
222
223
224
225
226
227
228
229
230
231
232
233
234
235
236
237
238
239
240
241
242
243
244
245
246
247
248
249
250
251
252
253
254
255
256
257
258
259
260
261
262
263
264
265
266
267
268
269
270
271
273
274
275
276
277
278
279
280
281
282
283
284
285
286
287
288
289
290
291
292
293
294
295
296
297
298
299
300
301
302
303
304
305
306
307
308
309
310
311
312
313
314
315
316
317
318
319
320
321
322
323
324
325
326
327
328
329
330
331
332
333
334
335
336
337
338
339
340
341
342
343
344
345
346
347
348
349
350
351
352
353
354
355
356
357
358
359
360
361
362
363
364
365
366
367
368
369
370
371
372
373
374
375
376
377
378
379
380
381
382
383
384
385
386
387
388
389
390
391
392
393
394
395
396
397
398
399
400
401
402
403
404
405
406
407
408
409
410
411
412
413
414
415
416
417
418
419
420
421
422
423
424
425
426
427
428
429
430
431
432
433
434
435
436
437
438
439
440
441
442
443
444
445
446
447
448
449
450
451
452
453
454
455
456
457
458
459
460
461
462
463
464
465
466
467
468
469
470
471
472
473
474
475
476
477
478
479
480
481
482
483
484
485
486
487
488
489
490
491
492
493
494
495
496
497
498
499
500
501
502
503
504
505
506
507
508
509
510
511
512
513
514
515
516
517
518
519
520
521
522
523
524
525
526
527
528
529
530
531
532
533
534
535
536
537
538
539
540
541
542
543
544
545
546
547
548
549
550
551
552
553
554
555
556
557
558
559
560
561
562
563
564
565
566
567
568
569
570
571
572
573
574
575
576
577
579
580
581
582
583
584
585
586
587
588
589
590
591
592
593
594
595
596
597
598
599
600
601
602
603
605
606
607
608
609
610
611
612
613
614
615
616
617
618
619
620
621
622
623
624
625
626
627
628
629
630
631
632
633
634
635
636
637
638
640
641
642
643
644
645
646
647
648
649
650
651
652
653
654
655
656
659
660
661
662
663
664
665
666
667
668
669
670
671
672
673
674
675
676
677
678
679
680
681
682
683
684
685
686
687
688
690
691
692
693
694
695
696
697
698
699
700
701
702
703
704
705
706
707
708
709
710
711
712
713
714
715
716
717
718
719
720
721
722
723
724
725
726
727
728
729
730
731
732
733
734
735
736
737
738
739
740
741
742
743
744
745
746
747
748
749
750
751
752
753
754
755
756
757
758
759
760
761
762
764
765
766
767
768
769
770
771
772
773
774
775
776
777
778
779
780
781
782
783
784
785
786
787
788
789
791
792
793
794
795
796
797
798
799
800
801
802
803
804
805
806
807
808
809
810
811
812
813
814
815
816
817
818
819
820
821
822
823
824
825
826
827
828
829
830
831
832
833
834
835
836
837
838
839
840
841
842
843
844
845
846
847
848
849
850
851
852
853
854
855
856
857
858
859
860
861
862
863
864
865
866
867
868
869
870
871
872
873
874
875
876
877
878
879
880
881
882
883
884
885
886
887
888
889
890
891
892
893
894
895
896
897
898
899
900

SCALARS type int 1
LOOKUP_TABLE default
1
1
1
1
1
1
1
1
1
1
1
1
1
1
1
1
1
1
1
1
1
1
1
1
1
1
1
1
1
1
1
1
1
1
1
1
1
1
1
1
1
1
1
1
1
1
1
1
1
1
1
1
1
1
1
1
1
1
1
1
1
1
1
1
1
1
1
1
1
1
1
1
1
1
1
1
1
1
1
1
1
1
1
1
1
1
1
1
1
1
1
1
1
1
1
1
1
1
1
1
1
1
1
1
1
1
1
1
1
1
1
1
1
1
1
1
1
1
1
1
1
1
1
1
1
1
1
1
1
1
1
1
1
1
1
1
1
1
1
1
1
1
1
1
1
1
1
1
1
1
1
1
1
1
1
1
1
1
1
1
1
1
1
1
1
1
1
1
1
1
1
1
1
1
1
1
1
1
1
1
1
1
1
1
1
1
1
1
1
1
1
1
1
1
1
1
1
1
1
1
1
1
1
1
1
1
1
1
1
1
1
1
1
1
1
1
1
1
1
1
1
1
1
1
1
1
1
1
1
1
1
1
1
1
1
1
1
1
1
1
1
1
1
1
1
1
1
1
1
1
1
1
1
1
1
1
1
1
1
1
1
1
1
1
1
1
1
1
1
1
1
1
1
1
1
1
1
1
1
1
1
1
1
1
1
1
1
1
1
1
1
1
1
1
1
1
1
1
1
1
1
1
1
1
1
1
1
1
1
1
1
1
1
1
1
1
1
1
1
1
1
1
1
1
1
1
1
1
1
1
1
1
1
1
1
1
1
1
1
1
1
1
1
1
1
1
1
1
1
1
1
1
1
1
1
1
1
1
1
1
1
1
1
1
1
1
1
1
1
1
1
1
1
1
1
1
1
1
1
1
1
1
1
1
1
1
1
1
1
1
1
1
1
1
1
1
1
1
1
1
1
1
1
1
1
1
1
1
1
1
1
1
1
1
1
1
1
1
1
1
1
1
1
1
1
1
1
1
1
1
1
1
1
1
1
1
1
1
1
1
1
1
1
1
1
1
1
1
1
1
1
1
1
1
1
1
1
1
1
1
1
1
1
1
1
1
1
1
1
1
1
1
1
1
1
1
1
1
1
1
1
1
1
1
1
1
1
1
1
1
1
1
1
1
1
1
1
1
1
1
1
1
1
1
1
1
1
1
1
1
1
1
1
1
1
1
1
1
1
1
1
1
1
1
1
1
1
1
1
1
1
1
1
1
1
1
1
1
1
1
1
1
1
1
1
1
1
1
1
1
1
1
1
1
1
1
1
1
1
1
1
1
1
1
1
1
1
1
1
1
1
1
1
1
1
1
1
1
1
1
1
1
1
1
1
1
1
1
1
1
1
1
1
1
1
1
1
1
1
1
1
1
1
1
1
1
1
1
1
1
1
1
1
1
1
1
1
1
1
1
1
1
1
1
1
1
1
1
1
1
1
1
1
1
1
1
1
1
1
1
1
1
1
1
1
1
1
1
1
1
1
1
1
1
1
1
1
1
1
1
1
1
1
1
1
1
1
1
1
1
1
1
1
1
1
1
1
1
1
1
1
1
1
1
1
1
1
1
1
1
1
1
1
1
1
1
1
1
1
1
1
1
1
1
1
1
1
1
1
1
1
1
1
1
1
1
1
1
1
1
1
1
1
1
1
1
1
1
1
1
1
1
1
1
1
1
1
1
1
1
1
1
1
1
1
1
1
1
1
1
1
1
1
1
1
1
1
1
1
1
1
1
1
1
1
1
1
1
1
1
1
1
1
1
1
1
1
1
1
1
1
1
1
1
1
1
1
1
1
1
1
1
1
1
1
1
1
1
1
1
1
1
1
1
1
1
1
1
1
1
1
1
1
1
1
1
1
1
1
1
1
1
1
1
1
1
1
1
1
1
1
1
1
1
1
1
1
1
1
1
1
1
1
1
1
1
1
1
1
1
1
1
1
1
1
1
1
1
1
1
1
1
1
1
1
1
1
1
1
1
1
1
1
1
1
1
1
1
1
1
1
1
1
1
1

SCALARS radius float 1
LOOKUP_TABLE default
0.00015
0.00015
0.00015
0.00015
0.00015
0.00015
0.00015
0.00015
0.00015
0.00015
0.00015
0.00015
0.00015
0.00015
0.00015
0.00015
0.00015
0.00015
0.00015
0.00015
0.00015
0.00015
0.00015
0.00015
0.00015
0.00015
0.00015
0.00015
0.00015
0.00015
0.00015
0.00015
0.00015
0.00015
0.00015
0.00015
0.00015
0.00015
0.00015
0.00015
0.00015
0.00015
0.00015
0.00015
0.00015
0.00015
0.00015
0.00015
0.00015
0.00015
0.00015
0.00015
0.00015
0.00015
0.00015
0.00015
0.00015
0.00015
0.00015
0.00015
0.00015
0.00015
0.00015
0.00015
0.00015
0.00015
0.00015
0.00015
0.00015
0.00015
0.00015
0.00015
0.00015
0.00015
0.00015
0.00015
0.00015
0.00015
0.00015
0.00015
0.00015
0.00015
0.00015
0.00015
0.00015
0.00015
0.00015
0.00015
0.00015
0.00015
0.00015
0.00015
0.00015
0.00015
0.00015
0.00015
0.00015
0.00015
0.00015
0.00015
0.00015
0.00015
0.00015
0.00015
0.00015
0.00015
0.00015
0.00015
0.00015
0.00015
0.00015
0.00015
0.00015
0.00015
0.00015
0.00015
0.00015
0.00015
0.00015
0.00015
0.00015
0.00015
0.00015
0.00015
0.00015
0.00015
0.00015
0.00015
0.00015
0.00015
0.00015
0.00015
0.00015
0.00015
0.00015
0.00015
0.00015
0.00015
0.00015
0.00015
0.00015
0.00015
0.00015
0.00015
0.00015
0.00015
0.00015
0.00015
0.00015
0.00015
0.00015
0.00015
0.00015
0.00015
0.00015
0.00015
0.00015
0.00015
0.00015
0.00015
0.00015
0.00015
0.00015
0.00015
0.00015
0.00015
0.00015
0.00015
0.00015
0.00015
0.00015
0.00015
0.00015
0.00015
0.00015
0.00015
0.00015
0.00015
0.00015
0.00015
0.00015
0.00015
0.00015
0.00015
0.00015
0.00015
0.00015
0.00015
0.00015
0.00015
0.00015
0.00015
0.00015
0.00015
0.00015
0.00015
0.00015
0.00015
0.00015
0.00015
0.00015
0.00015
0.00015
0.00015
0.00015
0.00015
0.00015
0.00015
0.00015
0.00015
0.00015
0.00015
0.00015
0.00015
0.00015
0.00015
0.00015
0.00015
0.00015
0.00015
0.00015
0.00015
0.00015
0.00015
0.00015
0.00015
0.00015
0.00015
0.00015
0.00015
0.00015
0.00015
0.00015
0.00015
0.00015
0.00015
0.00015
0.00015
0.00015
0.00015
0.00015
0.00015
0.00015
0.00015
0.00015
0.00015
0.00015
0.00015
0.00015
0.00015
0.00015
0.00015
0.00015
0.00015
0.00015
0.00015
0.00015
0.00015
0.00015
0.00015
0.00015
0.00015
0.00015
0.00015
0.00015
0.00015
0.00015
0.00015
0.00015
0.00015
0.00015
0.00015
0.00015
0.00015
0.00015
0.00015
0.00015
0.00015
0.00015
0.00015
0.00015
0.00015
0.00015
0.00015
0.00015
0.00015
0.00015
0.00015
0.00015
0.00015
0.00015
0.00015
0.00015
0.00015
0.00015
0.00015
0.00015
0.00015
0.00015
0.00015
0.00015
0.00015
0.00015
0.00015
0.00015
0.00015
0.00015
0.00015
0.00015
0.00015
0.00015
0.00015
0.00015
0.00015
0.00015
0.00015
0.00015
0.00015
0.00015
0.00015
0.00015
0.00015
0.00015
0.00015
0.00015
0.00015
0.00015
0.00015
0.00015
0.00015
0.00015
0.00015
0.00015
0.00015
0.00015
0.00015
0.00015
0.00015
0.00015
0.00015
0.00015
0.00015
0.00015
0.00015
0.00015
0.00015
0.00015
0.00015
0.00015
0.00015
0.00015
0.00015
0.00015
0.00015
0.00015
0.00015
0.00015
0.00015
0.00015
0.00015
0.00015
0.00015
0.00015
0.00015
0.00015
0.00015
0.00015
0.00015
0.00015
0.00015
0.00015
0.00015
0.00015
0.00015
0.00015
0.00015
0.00015
0.00015
0.00015
0.00015
0.00015
0.00015
0.00015
0.00015
0.00015
0.00015
0.00015
0.00015
0.00015
0.00015
0.00015
0.00015
0.00015
0.00015
0.00015
0.00015
0.00015
0.00015
0.00015
0.00015
0.00015
0.00015
0.00015
0.00015
0.00015
0.00015
0.00015
0.00015
0.00015
0.00015
0.00015
0.00015
0.00015
0.00015
0.00015
0.00015
0.00015
0.00015
0.00015
0.00015
0.00015
0.00015
0.00015
0.00015
0.00015
0.00015
0.00015
0.00015
0.00015
0.00015
0.00015
0.00015
0.00015
0.00015
0.00015
0.00015
0.00015
0.00015
0.00015
0.00015
0.00015
0.00015
0.00015
0.00015
0.00015
0.00015
0.00015
0.00015
0.00015
0.00015
0.00015
0.00015
0.00015
0.00015
0.00015
0.00015
0.00015
0.00015
0.00015
0.00015
0.00015
0.00015
0.00015
0.00015
0.00015
0.00015
0.00015
0.00015
0.00015
0.00015
0.00015
0.00015
0.00015
0.00015
0.00015
0.00015
0.00015
0.00015
0.00015
0.00015
0.00015
0.00015
0.00015
0.00015
0.00015
0.00015
0.00015
0.00015
0.00015
0.00015
0.00015
0.00015
0.00015
0.00015
0.00015
0.00015
0.00015
0.00015
0.00015
0.00015
0.00015
0.00015
0.00015
0.00015
0.00015
0.00015
0.00015
0.00015
0.00015
0.00015
0.00015
0.00015
0.00015
0.00015
0.00015
0.00015
0.00015
0.00015
0.00015
0.00015
0.00015
0.00015
0.00015
0.00015
0.00015
0.00015
0.00015
0.00015
0.00015
0.00015
0.00015
0.00015
0.00015
0.00015
0.00015
0.00015
0.00015
0.00015
0.00015
0.00015
0.00015
0.00015
0.00015
0.00015
0.00015
0.00015
0.00015
0.00015
0.00015
0.00015
0.00015
0.00015
0.00015
0.00015
0.00015
0.00015
0.00015
0.00015
0.00015
0.00015
0.00015
0.00015
0.00015
0.00015
0.00015
0.00015
0.00015
0.00015
0.00015
0.00015
0.00015
0.00015
0.00015
0.00015
0.00015
0.00015
0.00015
0.00015
0.00015
0.00015
0.00015
0.00015
0.00015
0.00015
0.00015
0.00015
0.00015
0.00015
0.00015
0.00015
0.00015
0.00015
0.00015
0.00015
0.00015
0.00015
0.00015
0.00015
0.00015
0.00015
0.00015
0.00015
0.00015
0.00015
0.00015
0.00015
0.00015
0.00015
0.00015
0.00015
0.00015
0.00015
0.00015
0.00015
0.00015
0.00015
0.00015
0.00015
0.00015
0.00015
0.00015
0.00015
0.00015
0.00015
0.00015
0.00015
0.00015
0.00015
0.00015
0.00015
0.00015
0.00015
0.00015
0.00015
0.00015
0.00015
0.00015
0.00015
0.00015
0.00015
0.00015
0.00015
0.00015
0.00015
0.00015
0.00015
0.00015
0.00015
0.00015
0.00015
0.00015
0.00015
0.00015
0.00015
0.00015
0.00015
0.00015
0.00015
0.00015
0.00015
0.00015
0.00015
0.00015
0.00015
0.00015
0.00015
0.00015
0.00015
0.00015
0.00015
0.00015
0.00015
0.00015
0.00015
0.00015
0.00015
0.00015
0.00015
0.00015
0.00015
0.00015
0.00015
0.00015
0.00015
0.00015
0.00015
0.00015
0.00015
0.00015
0.00015
0.00015
0.00015
0.00015
0.00015
0.00015
0.00015
0.00015
0.00015
0.00015
0.00015
0.00015
0.00015
0.00015
0.00015
0.00015
0.00015
0.00015
0.00015
0.00015
0.00015
0.00015
0.00015
0.00015
0.00015
0.00015
0.00015
0.00015
0.00015
0.00015
0.00015
0.00015
0.00015
0.00015
0.00015
0.00015
0.00015
0.00015
0.00015
0.00015
0.00015
0.00015
0.00015
0.00015
0.00015
0.00015
0.00015
0.00015
0.00015
0.00015
0.00015
0.00015
0.00015
0.00015
0.00015
0.00015
0.00015
0.00015
0.00015
0.00015
0.00015
0.00015
0.00015
0.00015
0.00015
0.00015
0.00015
0.00015
0.00015
0.00015
0.00015
0.00015
0.00015
0.00015
0.00015
0.00015
0.00015
0.00015
0.00015
0.00015
0.00015
0.00015
0.00015
0.00015
0.00015
0.00015
0.00015
0.00015
0.00015
0.00015
0.00015
0.00015
0.00015
0.00015
0.00015
0.00015
0.00015
0.00015
0.00015
0.00015
0.00015
0.00015
0.00015
0.00015
0.00015
0.00015
0.00015
0.00015
0.00015
0.00015
0.00015
0.00015
0.00015
0.00015
0.00015
0.00015
0.00015
0.00015
0.00015
0.00015
0.00015
0.00015
0.00015
0.00015
0.00015
0.00015
0.00015
0.00015
0.00015
0.00015
0.00015
0.00015
0.00015
0.00015
0.00015
0.00015
0.00015
0.00015
0.00015
0.00015
0.00015
0.00015
0.00015
0.00015
0.00015
0.00015
0.00015
0.00015
0.00015
0.00015
0.00015
0.00015
0.00015
0.00015
0.00015
0.00015
0.00015
0.00015
0.00015
0.00015
0.00015
0.00015
0.00015
0.00015
0.00015
0.00015
0.00015
0.00015
0.00015
0.00015
0.00015
0.00015
0.00015
0.00015
0.00015
0.00015
0.00015
0.00015
0.00015
0.00015
0.00015
0.00015
0.00015
0.00015
0.00015
0.00015
0.00015
0.00015
0.00015
0.00015
0.00015
0.00015
0.00015
0.00015
0.00015
0.00015

SCALARS mass float 1
LOOKUP_TABLE default
3.95841e-09
3.95841e-09
3.95841e-09
3.95841e-09
3.95841e-09
3.95841e-09
3.95841e-09
3.95841e-09
3.95841e-09
3.95841e-09
3.95841e-09
3.95841e-09
3.95841e-09
3.95841e-09
3.95841e-09
3.95841e-09
3.95841e-09
3.95841e-09
3.95841e-09
3.95841e-09
3.95841e-09
3.95841e-09
3.95841e-09
3.95841e-09
3.95841e-09
3.95841e-09
3.95841e-09
3.95841e-09
3.95841e-09
3.95841e-09
3.95841e-09
3.95841e-09
3.95841e-09
3.95841e-09
3.95841e-09
3.95841e-09
3.95841e-09
3.95841e-09
3.95841e-09
3.95841e-09
3.95841e-09
3.95841e-09
3.95841e-09
3.95841e-09
3.95841e-09
3.95841e-09
3.95841e-09
3.95841e-09
3.95841e-09
3.95841e-09
3.95841e-09
3.95841e-09
3.95841e-09
3.95841e-09
3.95841e-09
3.95841e-09
3.95841e-09
3.95841e-09
3.95841e-09
3.95841e-09
3.95841e-09
3.95841e-09
3.95841e-09
3.95841e-09
3.95841e-09
3.95841e-09
3.95841e-09
3.95841e-09
3.95841e-09
3.95841e-09
3.95841e-09
3.95841e-09
3.95841e-09
3.95841e-09
3.95841e-09
3.95841e-09
3.95841e-09
3.95841e-09
3.95841e-09
3.95841e-09
3.95841e-09
3.95841e-09
3.95841e-09
3.95841e-09
3.95841e-09
3.95841e-09
3.95841e-09
3.95841e-09
3.95841e-09
3.95841e-09
3.95841e-09
3.95841e-09
3.95841e-09
3.95841e-09
3.95841e-09
3.95841e-09
3.95841e-09
3.95841e-09
3.95841e-09
3.95841e-09
3.95841e-09
3.95841e-09
3.95841e-09
3.95841e-09
3.95841e-09
3.95841e-09
3.95841e-09
3.95841e-09
3.95841e-09
3.95841e-09
3.95841e-09
3.95841e-09
3.95841e-09
3.95841e-09
3.95841e-09
3.95841e-09
3.95841e-09
3.95841e-09
3.95841e-09
3.95841e-09
3.95841e-09
3.95841e-09
3.95841e-09
3.95841e-09
3.95841e-09
3.95841e-09
3.95841e-09
3.95841e-09
3.95841e-09
3.95841e-09
3.95841e-09
3.95841e-09
3.95841e-09
3.95841e-09
3.95841e-09
3.95841e-09
3.95841e-09
3.95841e-09
3.95841e-09
3.95841e-09
3.95841e-09
3.95841e-09
3.95841e-09
3.95841e-09
3.95841e-09
3.95841e-09
3.95841e-09
3.95841e-09
3.95841e-09
3.95841e-09
3.95841e-09
3.95841e-09
3.95841e-09
3.95841e-09
3.95841e-09
3.95841e-09
3.95841e-09
3.95841e-09
3.95841e-09
3.95841e-09
3.95841e-09
3.95841e-09
3.95841e-09
3.95841e-09
3.95841e-09
3.95841e-09
3.95841e-09
3.95841e-09
3.95841e-09
3.95841e-09
3.95841e-09
3.95841e-09
3.95841e-09
3.95841e-09
3.95841e-09
3.95841e-09
3.95841e-09
3.95841e-09
3.95841e-09
3.95841e-09
3.95841e-09
3.95841e-09
3.95841e-09
3.95841e-09
3.95841e-09
3.95841e-09
3.95841e-09
3.95841e-09
3.95841e-09
3.95841e-09
3.95841e-09
3.95841e-09
3.95841e-09
3.95841e-09
3.95841e-09
3.95841e-09
3.95841e-09
3.95841e-09
3.95841e-09
3.95841e-09
3.95841e-09
3.95841e-09
3.95841e-09
3.95841e-09
3.95841e-09
3.95841e-09
3.95841e-09
3.95841e-09
3.95841e-09
3.95841e-09
3.95841e-09
3.95841e-09
3.95841e-09
3.95841e-09
3.95841e-09
3.95841e-09
3.95841e-09
3.95841e-09
3.95841e-09
3.95841e-09
3.95841e-09
3.95841e-09
3.95841e-09
3.95841e-09
3.95841e-09
3.95841e-09
3.95841e-09
3.95841e-09
3.95841e-09
3.95841e-09
3.95841e-09
3.95841e-09
3.95841e-09
3.95841e-09
3.95841e-09
3.95841e-09
3.95841e-09
3.95841e-09
3.95841e-09
3.95841e-09
3.95841e-09
3.95841e-09
3.95841e-09
3.95841e-09
3.95841e-09
3.95841e-09
3.95841e-09
3.95841e-09
3.95841e-09
3.95841e-09
3.95841e-09
3.95841e-09
3.95841e-09
3.95841e-09
3.95841e-09
3.95841e-09
3.95841e-09
3.95841e-09
3.95841e-09
3.95841e-09
3.95841e-09
3.95841e-09
3.95841e-09
3.95841e-09
3.95841e-09
3.95841e-09
3.95841e-09
3.95841e-09
3.95841e-09
3.95841e-09
3.95841e-09
3.95841e-09
3.95841e-09
3.95841e-09
3.95841e-09
3.95841e-09
3.95841e-09
3.95841e-09
3.95841e-09
3.95841e-09
3.95841e-09
3.95841e-09
3.95841e-09
3.95841e-09
3.95841e-09
3.95841e-09
3.95841e-09
3.95841e-09
3.95841e-09
3.95841e-09
3.95841e-09
3.95841e-09
3.95841e-09
3.95841e-09
3.95841e-09
3.95841e-09
3.95841e-09
3.95841e-09
3.95841e-09
3.95841e-09
3.95841e-09
3.95841e-09
3.95841e-09
3.95841e-09
3.95841e-09
3.95841e-09
3.95841e-09
3.95841e-09
3.95841e-09
3.95841e-09
3.95841e-09
3.95841e-09
3.95841e-09
3.95841e-09
3.95841e-09
3.95841e-09
3.95841e-09
3.95841e-09
3.95841e-09
3.95841e-09
3.95841e-09
3.95841e-09
3.95841e-09
3.95841e-09
3.95841e-09
3.95841e-09
3.95841e-09
3.95841e-09
3.95841e-09
3.95841e-09
3.95841e-09
3.95841e-09
3.95841e-09
3.95841e-09
3.95841e-09
3.95841e-09
3.95841e-09
3.95841e-09
3.95841e-09
3.95841e-09
3.95841e-09
3.95841e-09
3.95841e-09
3.95841e-09
3.95841e-09
3.95841e-09
3.95841e-09
3.95841e-09
3.95841e-09
3.95841e-09
3.95841e-09
3.95841e-09
3.95841e-09
3.95841e-09
3.95841e-09
3.95841e-09
3.95841e-09
3.95841e-09
3.95841e-09
3.95841e-09
3.95841e-09
3.95841e-09
3.95841e-09
3.95841e-09
3.95841e-09
3.95841e-09
3.95841e-09
3.95841e-09
3.95841e-09
3.95841e-09
3.95841e-09
3.95841e-09
3.95841e-09
3.95841e-09
3.95841e-09
3.95841e-09
3.95841e-09
3.95841e-09
3.95841e-09
3.95841e-09
3.95841e-09
3.95841e-09
3.95841e-09
3.95841e-09
3.95841e-09
3.95841e-09
3.95841e-09
3.95841e-09
3.95841e-09
3.95841e-09
3.95841e-09
3.95841e-09
3.95841e-09
3.95841e-09
3.95841e-09
3.95841e-09
3.95841e-09
3.95841e-09
3.95841e-09
3.95841e-09
3.95841e-09
3.95841e-09
3.95841e-09
3.95841e-09
3.95841e-09
3.95841e-09
3.95841e-09
3.95841e-09
3.95841e-09
3.95841e-09
3.95841e-09
3.95841e-09
3.95841e-09
3.95841e-09
3.95841e-09
3.95841e-09
3.95841e-09
3.95841e-09
3.95841e-09
3.95841e-09
3.95841e-09
3.95841e-09
3.95841e-09
3.95841e-09
3.95841e-09
3.95841e-09
3.95841e-09
3.95841e-09
3.95841e-09
3.95841e-09
3.95841e-09
3.95841e-09
3.95841e-09
3.95841e-09
3.95841e-09
3.95841e-09
3.95841e-09
3.95841e-09
3.95841e-09
3.95841e-09
3.95841e-09
3.95841e-09
3.95841e-09
3.95841e-09
3.95841e-09
3.95841e-09
3.95841e-09
3.95841e-09
3.95841e-09
3.95841e-09
3.95841e-09
3.95841e-09
3.95841e-09
3.95841e-09
3.95841e-09
3.95841e-09
3.95841e-09
3.95841e-09
3.95841e-09
3.95841e-09
3.95841e-09
3.95841e-09
3.95841e-09
3.95841e-09
3.95841e-09
3.95841e-09
3.95841e-09
3.95841e-09
3.95841e-09
3.95841e-09
3.95841e-09
3.95841e-09
3.95841e-09
3.95841e-09
3.95841e-09
3.95841e-09
3.95841e-09
3.95841e-09
3.95841e-09
3.95841e-09
3.95841e-09
3.95841e-09
3.95841e-09
3.95841e-09
3.95841e-09
3.95841e-09
3.95841e-09
3.95841e-09
3.95841e-09
3.95841e-09
3.95841e-09
3.95841e-09
3.95841e-09
3.95841e-09
3.95841e-09
3.95841e-09
3.95841e-09
3.95841e-09
3.95841e-09
3.95841e-09
3.95841e-09
3.95841e-09
3.95841e-09
3.95841e-09
3.95841e-09
3.95841e-09
3.95841e-09
3.95841e-09
3.95841e-09
3.95841e-09
3.95841e-09
3.95841e-09
3.95841e-09
3.95841e-09
3.95841e-09
3.95841e-09
3.95841e-09
3.95841e-09
3.95841e-09
3.95841e-09
3.95841e-09
3.95841e-09
3.95841e-09
3.95841e-09
3.95841e-09
3.95841e-09
3.95841e-09
3.95841e-09
3.95841e-09
3.95841e-09
3.95841e-09
3.95841e-09
3.95841e-09
3.95841e-09
3.95841e-09
3.95841e-09
3.95841e-09
3.95841e-09
3.95841e-09
3.95841e-09
3.95841e-09
3.95841e-09
3.95841e-09
3.95841e-09
3.95841e-09
3.95841e-09
3.95841e-09
3.95841e-09
3.95841e-09
3.95841e-09
3.95841e-09
3.95841e-09
3.95841e-09
3.95841e-09
3.95841e-09
3.95841e-09
3.95841e-09
3.95841e-09
3.95841e-09
3.95841e-09
3.95841e-09
3.95841e-09
3.95841e-09
3.95841e-09
3.95841e-09
3.95841e-09
3.95841e-09
3.95841e-09
3.95841e-09
3.95841e-09
3.95841e-09
3.95841e-09
3.95841e-09
3.95841e-09
3.95841e-09
3.95841e-09
3.95841e-09
3.95841e-09
3.95841e-09
3.95841e-09
3.95841e-09
3.95841e-09
3.95841e-09
3.95841e-09
3.95841e-09
3.95841e-09
3.95841e-09
3.95841e-09
3.95841e-09
3.95841e-09
3.95841e-09
3.95841e-09
3.95841e-09
3.95841e-09
3.95841e-09
3.95841e-09
3.95841e-09
3.95841e-09
3.95841e-09
3.95841e-09
3.95841e-09
3.95841e-09
3.95841e-09
3.95841e-09
3.95841e-09
3.95841e-09
3.95841e-09
3.95841e-09
3.95841e-09
3.95841e-09
3.95841e-09
3.95841e-09
3.95841e-09
3.95841e-09
3.95841e-09
3.95841e-09
3.95841e-09
3.95841e-09
3.95841e-09
3.95841e-09
3.95841e-09
3.95841e-09
3.95841e-09
3.95841e-09
3.95841e-09
3.95841e-09
3.95841e-09
3.95841e-09
3.95841e-09
3.95841e-09
3.95841e-09
3.95841e-09
3.95841e-09
3.95841e-09
3.95841e-09
3.95841e-09
3.95841e-09
3.95841e-09
3.95841e-09
3.95841e-09
3.95841e-09
3.95841e-09
3.95841e-09
3.95841e-09
3.95841e-09
3.95841e-09
3.95841e-09
3.95841e-09
3.95841e-09
3.95841e-09
3.95841e-09
3.95841e-09
3.95841e-09
3.95841e-09
3.95841e-09
3.95841e-09
3.95841e-09
3.95841e-09
3.95841e-09
3.95841e-09
3.95841e-09
3.95841e-09
3.95841e-09
3.95841e-09
3.95841e-09
3.95841e-09
3.95841e-09
3.95841e-09
3.95841e-09
3.95841e-09
3.95841e-09
3.95841e-09
3.95841e-09
3.95841e-09
3.95841e-09
3.95841e-09
3.95841e-09
3.95841e-09
3.95841e-09
3.95841e-09
3.95841e-09
3.95841e-09
3.95841e-09
3.95841e-09
3.95841e-09
3.95841e-09
3.95841e-09
3.95841e-09
3.95841e-09
3.95841e-09
3.95841e-09
3.95841e-09
3.95841e-09
3.95841e-09
3.95841e-09
3.95841e-09
3.95841e-09
3.95841e-09
3.95841e-09
3.95841e-09
3.95841e-09
3.95841e-09
3.95841e-09
3.95841e-09
3.95841e-09
3.95841e-09
3.95841e-09
3.95841e-09
3.95841e-09
3.95841e-09
3.95841e-09
3.95841e-09
3.95841e-09
3.95841e-09
3.95841e-09
3.95841e-09
3.95841e-09
3.95841e-09
3.95841e-09
3.95841e-09
3.95841e-09
3.95841e-09
3.95841e-09
3.95841e-09
3.95841e-09
3.95841e-09
3.95841e-09
3.95841e-09
3.95841e-09
3.95841e-09
3.95841e-09
3.95841e-09
3.95841e-09
3.95841e-09
3.95841e-09
3.95841e-09
3.95841e-09
3.95841e-09
3.95841e-09
3.95841e-09
3.95841e-09
3.95841e-09
3.95841e-09
3.95841e-09
3.95841e-09
3.95841e-09
3.95841e-09
3.95841e-09
3.95841e-09
3.95841e-09
3.95841e-09
3.95841e-09
3.95841e-09
3.95841e-09
3.95841e-09
3.95841e-09
3.95841e-09
3.95841e-09
3.95841e-09
3.95841e-09
3.95841e-09
3.95841e-09
3.95841e-09
3.95841e-09
3.95841e-09
3.95841e-09
3.95841e-09
3.95841e-09
3.95841e-09
3.95841e-09
3.95841e-09
3.95841e-09
3.95841e-09
3.95841e-09
3.95841e-09
3.95841e-09
3.95841e-09
3.95841e-09
3.95841e-09
3.95841e-09
3.95841e-09
3.95841e-09
3.95841e-09
3.95841e-09
3.95841e-09
3.95841e-09
3.95841e-09
3.95841e-09
3.95841e-09
3.95841e-09
3.95841e-09
3.95841e-09
3.95841e-09
3.95841e-09
3.95841e-09
3.95841e-09
3.95841e-09
3.95841e-09
3.95841e-09
3.95841e-09
3.95841e-09
3.95841e-09
3.95841e-09
3.95841e-09
3.95841e-09
3.95841e-09
3.95841e-09
3.95841e-09
3.95841e-09
3.95841e-09
3.95841e-09
3.95841e-09
3.95841e-09
3.95841e-09
3.95841e-09
3.95841e-09
3.95841e-09
3.95841e-09
3.95841e-09
3.95841e-09
3.95841e-09
3.95841e-09
3.95841e-09
3.95841e-09
3.95841e-09
3.95841e-09
3.95841e-09
3.95841e-09
3.95841e-09
3.95841e-09
3.95841e-09
3.95841e-09
3.95841e-09
3.95841e-09
3.95841e-09
3.95841e-09
3.95841e-09
3.95841e-09
3.95841e-09
3.95841e-09
3.95841e-09
3.95841e-09
3.95841e-09
3.95841e-09
3.95841e-09
3.95841e-09
3.95841e-09
3.95841e-09
3.95841e-09
3.95841e-09
3.95841e-09
3.95841e-09
3.95841e-09
3.95841e-09
3.95841e-09
3.95841e-09
3.95841e-09
3.95841e-09
3.95841e-09
3.95841e-09
3.95841e-09
3.95841e-09
3.95841e-09
3.95841e-09
3.95841e-09
3.95841e-09
3.95841e-09
3.95841e-09
3.95841e-09
3.95841e-09
3.95841e-09
3.95841e-09
3.95841e-09
3.95841e-09
3.95841e-09
3.95841e-09
3.95841e-09
3.95841e-09
3.95841e-09
3.95841e-09
3.95841e-09
3.95841e-09
3.95841e-09
3.95841e-09
3.95841e-09

VECTORS velocity float
0.00422761 -9.97275e-05 0.000611055
-7.4502e-07 -8.98187e-08 -5.93899e-08
0.00653348 0.000345806 -0.00101097
9.69021e-10 1.02024e-09 6.32674e-09
0.00488015 -0.000312601 0.000262662
1.2106e-08 -1.22705e-08 -1.54448e-08
-9.46162e-18 -4.34577e-21 7.22451e-15
1.81869e-10 3.2711e-10 2.35558e-10
7.90454e-09 2.58855e-08 -7.66692e-09
2.70574e-20 -8.07113e-21 1.61051e-20
-3.59571e-09 1.23946e-10 4.92324e-09
-5.37575e-11 2.67832e-11 -1.43199e-10
1.69391e-09 -2.08109e-09 -2.61333e-09
2.78157e-11 3.0836e-10 1.73269e-10
-7.48251e-10 9.08156e-10 6.14958e-10
-2.80858e-11 1.59804e-10 5.22315e-11
-2.16562e-09 -6.57404e-09 -5.98055e-10
6.12207e-09 -4.38312e-09 -3.61336e-09
2.85137e-09 4.65388e-09 -2.81506e-09
3.72046e-09 8.51056e-09 5.43189e-09
-1.44018e-11 9.25702e-12 -1.19026e-14
1.23314e-08 -7.45952e-09 -7.4189e-09
1.05502e-08 3.79612e-08 3.9255e-09
0.00457834 -0.000372481 0.00357567
3.75107e-09 -1.56056e-09 -1.76132e-09
0.00496415 -0.000130341 6.20168e-06
-6.30647e-19 8.9505e-20 4.893e-16
2.2479e-09 2.13025e-09 -1.37967e-09
-5.63632e-11 1.42228e-09 8.49684e-09
0.00469571 -0.000766439 -6.93677e-05
-4.04075e-16 2.68924e-15 3.51466e-14
1.02961e-08 -7.48203e-09 -5.88634e-09
-1.28091e-09 9.83843e-10 1.68752e-09
2.44257e-10 5.88208e-11 -1.27827e-10
0.00380355 -0.000407297 0.00327272
-1.65438e-10 1.07966e-11 -5.39029e-11
7.79539e-22 8.90871e-22 -6.3866e-22
2.36466e-07 1.71788e-07 3.69031e-08
-4.72653e-10 -2.24867e-10 -1.90238e-10
9.08144e-18 -1.63636e-20 -6.93359e-15
-7.84967e-09 4.42543e-08 3.72741e-08
-5.51349e-09 -8.12852e-09 2.10869e-09
0.00450283 -0.000581724 0.000353512
0.00570387 0.000864882 -0.00121746
0.00395635 -0.000496862 0.0031891
8.19215e-09 2.25723e-08 7.98143e-09
0.00364629 -0.00275282 0.00155521
-7.78908e-11 2.34248e-11 2.61572e-11
0.0054213 0.0010864 -0.00167788
2.04703e-09 2.51318e-08 2.87421e-08
-5.93463e-10 -5.5199e-10 1.7994e-09
-4.71404e-10 6.3733e-09 2.25591e-09
-4.16448e-10 1.2795e-09 8.51123e-10
-6.71597e-19 -2.60257e-20 4.89281e-16
5.559e-15 -2.12367e-14 1.37615e-13
3.85591e-09 1.69353e-08 1.28173e-09
1.01321e-15 -6.73962e-15 -8.80828e-14
1.25818e-07 4.18432e-07 6.81466e-08
3.35816e-12 -7.13326e-13 8.59994e-13
-3.98393e-11 -4.46168e-11 -4.45938e-13
1.15471e-17 7.06205e-22 -8.81587e-15
-3.95201e-08 -4.25979e-08 2.40167e-08
-8.02364e-10 1.83148e-09 4.07675e-10
0.00429564 -0.000472916 -0.000254116
0.00366039 -0.00273297 0.00155513
2.85101e-09 1.89732e-08 2.00226e-08
-2.13325e-15 -1.41466e-14 1.86307e-13
-1.41837e-10 -1.80383e-10 2.79887e-11
-4.66632e-09 7.05721e-09 1.30028e-08
9.08098e-18 3.19315e-23 -6.93359e-15
1.33735e-10 5.34721e-10 5.11938e-10
-1.51846e-08 -3.29071e-08 7.59561e-09
4.38313e-09 5.8023e-09 3.28881e-09
0.00436596 -0.00100227 0.000173177
0.00514926 0.00115135 -0.00186907
-2.22653e-09 1.27851e-09 4.59304e-09
5.77826e-09 -3.74687e-09 -1.28543e-09
-1.62028e-09 1.87024e-08 -6.3278e-09
-1.31918e-07 -2.39838e-07 1.73689e-07
2.646e-15 -6.37866e-14 -2.74796e-13
-1.17889e-08 4.83626e-09 -3.5171e-08
-4.11266e-11 9.26829e-11 -2.93221e-11
9.61469e-10 3.58489e-09 -5.23424e-09
-1.93306e-09 2.77762e-09 2.24351e-09
0.00409933 -0.000728246 8.22733e-05
3.44806e-20 -1.41936e-21 2.09022e-20
1.34071e-08 1.11052e-08 -1.03732e-08
-1.027e-09 -1.66108e-09 1.58358e-08
8.50036e-10 7.49677e-09 7.71432e-10
-2.77197e-11 2.67268e-12 -3.25081e-12
-4.71834e-10 4.17706e-10 1.22606e-09
-1.11846e-17 -1.58891e-22 8.53937e-15
-6.23155e-10 -2.49153e-10 5.07544e-10
-1.08256e-09 1.1808e-09 1.65069e-09
0.00266067 -0.00121259 0.000289056
2.16811e-09 -3.4429e-10 -2.01459e-09
-7.22268e-16 -4.78904e-15 6.30714e-14
-7.52468e-11 1.43393e-10 6.66038e-11
0.00372912 -0.00252159 0.00189898
-8.32609e-11 6.20907e-10 5.59422e-10
4.61759e-19 -9.79626e-22 -3.52362e-16
6.93404e-10 2.1709e-09 5.28803e-09
-5.64727e-10 -1.82299e-10 2.65603e-10
0.00520228 0.000257097 0.00109025
6.03149e-18 2.90707e-22 -4.60544e-15
-8.33945e-11 1.88451e-10 9.08653e-11
6.37131e-10 2.2049e-10 9.9265e-10
0.00459771 -0.000120278 2.54655e-05
-2.70302e-11 -1.62989e-10 5.83517e-11
1.06518e-06 1.19282e-06 -4.78261e-07
-6.03852e-09 4.1173e-09 4.44447e-09
-4.72914e-10 1.3683e-09 4.86199e-10
-1.3126e-07 -4.58937e-08 8.81959e-08
-7.26908e-07 -4.55827e-07 5.88038e-07
-2.85717e-11 9.46368e-11 5.46057e-12
-1.34134e-09 4.38215e-09 4.95228e-09
0.00390518 -0.000759325 0.0031464
5.55393e-10 1.02788e-11 -1.62757e-10
1.20349e-09 -3.06348e-09 -3.70297e-10
-4.75059e-08 -2.33422e-08 3.07107e-09
-1.25929e-09 8.37368e-09 -2.67287e-09
8.1195e-08 2.30592e-08 -9.7916e-08
0.00307568 9.61435e-05 0.00782045
4.16594e-08 -1.34481e-08 -5.78701e-08
-1.94838e-10 1.97702e-10 2.4633e-10
0.00395889 -0.00149856 0.00102672
-1.11849e-17 -2.67184e-22 8.53945e-15
-7.63852e-10 -1.0649e-09 -9.99817e-10
-7.26855e-08 5.01613e-08 8.46251e-08
1.45198e-08 -8.58668e-08 1.68151e-08
4.55105e-05 8.39552e-05 -1.2829e-05
1.33778e-08 1.01395e-08 5.21178e-09
0.00405055 -0.000568711 0.00365769
2.83084e-08 2.20867e-08 -2.65084e-08
0.00483848 0.000162015 -0.000695814
-1.35604e-15 -9.11835e-16 7.02095e-16
-8.69831e-18 -3.53168e-22 6.64138e-15
0.000656525 0.000891636 -6.83956e-05
-1.67715e-09 -4.95125e-09 7.59232e-10
-5.14197e-11 6.07743e-11 1.72636e-11
4.11518e-11 1.22397e-09 2.25675e-09
-7.48809e-10 1.3238e-09 5.54241e-10
5.34697e-11 3.09364e-09 -1.17272e-09
-4.15459e-08 1.68542e-08 -6.24881e-08
-6.74869e-09 4.3404e-08 3.89316e-09
0.00444208 9.49093e-06 -0.00311055
-2.75322e-10 1.54554e-10 3.04407e-10
2.97962e-09 2.4989e-09 5.23909e-09
-6.34849e-19 8.92002e-21 5.09557e-16
-6.36805e-19 -4.10967e-20 4.8934e-16
0.00491789 -0.000359144 0.000250741
6.03195e-18 -1.5281e-23 -4.60544e-15
4.46091e-10 7.04724e-10 -4.43068e-12
0.00518366 0.000944815 -0.00117123
9.06076e-18 2.12305e-22 -6.9181e-15
0.00413545 -0.000927516 0.000836184
1.07999e-08 2.59968e-10 1.78768e-08
-8.69921e-18 -1.60043e-22 6.6413e-15
0.00443716 -0.000309455 -4.38319e-05
8.563e-18 -4.12221e-21 -6.53791e-15
4.95486e-10 3.02248e-09 -2.39111e-09
1.06612e-07 8.48331e-08 1.19282e-07
0.00488582 7.00712e-05 8.67802e-05
-1.86472e-15 4.49526e-14 1.93659e-13
1.15468e-17 6.97058e-24 -8.81587e-15
0.0048183 0.00059879 -0.000955492
3.72657e-09 2.40238e-08 2.05309e-10
2.04121e-09 5.58073e-09 -1.91572e-09
4.44428e-08 -4.31073e-07 9.54712e-08
1.05838e-17 -3.70317e-21 -8.08106e-15
0.00827316 -0.000374823 -0.0171278
-1.11846e-17 1.75848e-23 8.53945e-15
-1.1302e-10 1.01236e-09 1.67557e-09
0.00451204 -0.000580469 -0.0002327
0.00384695 -0.00190628 0.00246275
-3.71321e-10 1.33298e-09 3.57662e-09
-8.69885e-18 3.69068e-21 6.6413e-15
-1.45684e-08 1.55004e-08 -3.06911e-09
-9.46213e-18 5.27233e-21 7.2245e-15
0.00456822 -0.000208972 0.000855577
-6.31001e-19 -3.80906e-20 4.82092e-16
0.00459512 -0.000570439 -8.25537e-05
-9.68969e-10 5.05933e-09 -2.11301e-09
-6.39036e-10 -2.85215e-10 -4.50678e-11
-8.35507e-11 -8.31127e-11 9.39297e-11
2.43071e-15 -1.61683e-14 -2.11311e-13
0.00411641 -0.000412662 -3.10714e-05
1.97152e-08 -1.29502e-06 3.14919e-07
2.21467e-08 -1.1131e-07 1.52517e-07
-1.19122e-09 9.8648e-09 3.45815e-09
2.49058e-09 3.40536e-09 -2.53152e-09
-1.78955e-08 1.95905e-08 -1.0502e-09
1.22263e-06 -3.41112e-06 1.60445e-08
3.14584e-08 8.40523e-08 -8.32142e-09
6.10169e-09 1.36152e-08 2.15331e-09
0.00465797 0.00172929 -0.00156026
0.0045768 -3.1877e-05 -0.000554935
-2.88909e-09 -5.29369e-09 -1.77258e-08
0.0043862 -0.000462542 0.000142511
3.55848e-08 1.11186e-08 -3.18384e-08
-9.80305e-10 -1.20715e-08 1.50056e-09
0.0043476 -0.00102277 0.00110733
3.2983e-09 6.83438e-09 1.05929e-09
6.85047e-10 1.20637e-08 -1.05327e-08
1.33841e-07 1.98093e-07 3.82024e-08
0.00453591 -0.000465324 0.000273209
-3.60772e-10 1.20266e-09 4.40056e-10
4.39e-10 2.47094e-09 2.42846e-09
0.00454559 -0.00146963 0.000260933
2.58044e-09 7.5552e-09 -2.80896e-09
-3.68489e-07 -1.07453e-05 1.13022e-06
-5.45684e-09 8.89237e-09 1.57429e-08
0.0044448 0.000172189 -0.00236503
0.00353053 0.00214108 -0.000823847
0.00440182 7.07212e-05 -0.000569911
-2.48625e-10 5.2877e-10 -1.03249e-10
1.07834e-17 -2.7029e-20 -8.23289e-15
0.00415063 -0.00237877 0.00225266
-2.13335e-15 -1.41465e-14 1.86307e-13
0.00460068 -0.000282106 0.00262793
-1.10089e-08 -2.44597e-08 6.74116e-09
9.95152e-08 -3.70313e-08 -6.32357e-08
0.00437041 -9.04436e-05 -0.000165038
-1.39702e-08 9.07384e-09 2.00369e-08
0.000574541 0.000416795 -0.000113073
0.00126409 0.001418 -0.000148952
8.38281e-07 3.78274e-06 6.0325e-07
0.00441091 -0.000240285 0.000218033
9.06129e-18 2.96423e-22 -6.9181e-15
0.00473016 -2.97276e-05 -9.00325e-06
4.15718e-12 -9.81784e-12 1.40183e-12
0.00370536 -0.00222413 0.00229659
0.00491738 -2.62864e-05 0.00110028
0.00411956 -0.00193328 0.00226704
3.84785e-15 -2.55971e-14 -3.34541e-13
0.00531151 0.00054038 -0.000960751
1.74813e-09 -4.83015e-08 2.60356e-08
2.32496e-08 8.72921e-08 1.22645e-07
-8.6982e-18 -2.00815e-22 6.6413e-15
0.00435822 -0.001735 0.000423629
-1.16428e-07 -2.61399e-07 1.33062e-07
0.00462478 -0.000170085 0.000217297
-3.19748e-10 7.64905e-10 -1.67148e-09
8.72603e-08 -5.21936e-09 -9.00639e-09
6.69948e-09 1.2706e-08 7.2968e-10
-5.84848e-09 2.41299e-09 2.48192e-09
0.000828616 0.000763302 7.79539e-05
1.15466e-17 -1.9129e-21 -8.81587e-15
0.000296856 0.00155622 0.000167632
0.00392435 -0.000213853 0.0021593
0.000545131 0.000399103 -0.000183402
0.00467742 8.06099e-05 -6.43434e-05
6.41725e-07 -4.89513e-07 -4.08223e-07
0.00419619 -0.000690385 -0.000133173
-4.04838e-16 2.68909e-15 3.51462e-14
5.82365e-10 -6.49815e-10 -6.65005e-10
-2.41463e-09 1.73754e-09 3.4028e-09
-2.38898e-09 1.0298e-08 1.08796e-08
6.93417e-10 1.72371e-09 -2.02195e-09
6.76625e-10 -4.26082e-10 -5.26299e-09
0.00460725 -0.000831346 -0.000114435
0.00455006 -7.7951e-06 0.000529594
-6.8273e-09 2.90674e-08 1.24069e-07
0.0049319 0.00152983 -0.00148789
0.00464919 -0.000655877 0.00278545
0.00490826 -0.000227619 -0.000306715
-1.52921e-08 9.34502e-10 3.63825e-08
0.00412264 -0.000546664 0.000168597
-8.92763e-11 1.71629e-10 3.73375e-11
1.21699e-08 2.36353e-08 -1.12239e-08
0.0058254 -0.000623166 -0.000375581
-3.9423e-08 2.11505e-08 2.05213e-08
0.00491881 0.000508866 -0.000152272
-2.82828e-09 3.36089e-09 5.29269e-09
0.00608822 -0.000460082 -0.000501159
0.00664568 0.00105703 -0.00142375
6.23238e-10 1.00074e-08 6.04925e-09
0.00325986 0.00114767 -0.000495673
0.0043879 1.9824e-05 0.00041097
0.002853 -0.00197284 0.00774296
0.0043647 -0.000307862 0.000130638
0.00459862 2.82137e-05 -3.28892e-05
0.00544451 0.000220532 0.00123067
-2.91247e-09 1.96446e-08 5.47881e-10
4.44665e-09 1.10115e-08 8.05242e-10
0.0194133 -0.0073062 -0.060777
1.36201e-08 -2.17852e-08 -1.60704e-08
8.60989e-18 3.66456e-18 4.99473e-16
0.00420569 -0.000628927 0.000663907
0.00500988 8.67396e-06 -3.56175e-05
0.00423926 -3.42057e-05 0.00169673
8.45613e-09 3.62375e-08 -1.83799e-09
9.29669e-09 -1.11353e-07 1.95305e-07
-7.92267e-19 -8.58409e-20 4.89299e-16
0.00482907 -0.000249888 0.000269474
3.50628e-11 3.90784e-11 4.58255e-13
0.00449546 -0.000123253 0.000721951
1.43379e-07 1.70645e-07 3.9594e-09
1.76476e-08 -3.3544e-08 1.36125e-08
-4.59964e-18 4.21518e-22 3.51183e-15
-1.1354e-09 1.84594e-09 9.74958e-10
-1.84643e-08 1.45733e-08 2.53134e-08
0.00363902 0.000179702 -0.000180274
3.47048e-10 -7.3252e-10 9.40071e-11
0.00454805 -0.000875673 3.03719e-05
0.00590543 0.000300655 -0.000912154
0.00470444 -0.000649298 -0.000153157
0.00145165 -0.00108943 1.35684e-07
0.00437322 -0.000555878 -0.000222962
0.00340189 0.000328817 -3.84114e-05
-4.81718e-09 4.12579e-08 2.70157e-08
2.73457e-06 7.87924e-07 1.47417e-06
-2.55548e-10 4.22915e-09 -3.02859e-09
0.004098 -0.00186222 0.000422625
0.00427509 -0.000703645 0.000254069
0.00469955 -0.000201782 7.29117e-05
0.00444141 -0.000120372 0.000291084
2.83702e-11 9.00501e-12 -7.58172e-11
9.671e-06 -4.1963e-06 7.1967e-09
0.00431652 -0.000703369 -8.06452e-05
-8.69793e-18 6.28039e-21 6.6413e-15
-7.72117e-09 8.25145e-09 8.06756e-09
3.20907e-09 1.21365e-08 -4.05909e-10
3.41069e-11 1.63683e-11 9.49476e-11
0.00501563 -0.000240475 3.56389e-05
0.0046424 -0.000620584 0.000382501
-1.37202e-09 4.41318e-09 1.10503e-09
7.57918e-10 -1.7278e-08 2.32483e-09
-1.6525e-09 4.5157e-09 4.75379e-09
0.00369854 0.00118706 -0.00024018
-1.24487e-09 4.38194e-10 1.50499e-09
0.00477085 2.83056e-06 -6.73435e-05
3.55987e-09 1.53395e-08 9.6502e-09
0.00451227 -0.000505421 -0.000278269
-1.08396e-09 4.61255e-09 -5.0017e-09
0.00474253 -0.000110308 -5.29077e-05
0.00451519 -0.000553916 0.000225961
0.00445883 -0.000281008 0.000144551
0.00476891 -0.000172482 0.000125121
0.00484639 0.000243214 0.000968376
-2.27344e-10 -1.74811e-10 -3.58839e-11
-6.9415e-10 6.75923e-10 8.38219e-10
0.00274794 0.00112988 -0.000122939
0.00395078 -0.000884673 3.74951e-06
0.00476273 -0.000220353 0.000139275
-3.08083e-08 -8.63688e-08 1.98852e-08
-1.30423e-09 1.18237e-09 9.28628e-10
0.00300296 0.00160406 -0.000175074
0.00504924 -0.00109314 0.000142429
-1.11638e-17 3.95421e-22 8.52389e-15
-1.00626e-08 2.96365e-08 6.42963e-08
2.76232e-07 -1.10484e-07 -1.21004e-07
0.00378376 -0.000219118 -0.000616937
0.00502454 -0.00011685 6.6187e-05
0.00454502 0.000128841 8.05495e-05
0.00494549 -0.000898544 -0.000108255
0.00459734 -0.00019834 2.0325e-05
0.00347129 -0.000612441 0.000111973
0.00446591 -0.000354109 0.000181159
0.00463449 0.000106534 0.000409547
0.00434299 -0.000292311 0.000111561
0.00665443 0.000937404 -0.00135662
-4.99484e-10 -2.86806e-10 -5.82262e-10
0.00694355 0.000875623 -0.00135805
0.00359722 -0.000164128 -1.94907e-05
0.00365575 -0.00269275 0.00150706
0.00476514 -0.000122033 -7.68088e-05
0.00457146 -5.56583e-05 0.000502187
0.00448637 -0.000571852 0.000349614
0.00367785 -0.00271373 0.00154538
0.00479664 0.00189936 -0.00166203
0.00436373 0.000492462 -2.81126e-06
0.0032039 0.000694587 0.0060249
0.00499746 0.00167441 -0.00156488
0.00327271 0.000679806 0.00623065
0.00440211 -0.000317049 -2.62112e-05
0.00494885 -0.000162066 0.00018006
-4.09168e-09 -1.43182e-09 5.62869e-09
0.000980135 0.000502542 4.56705e-05
0.00481605 -9.81714e-05 3.5588e-05
0.00476425 -0.000148014 0.000550614
2.70072e-11 3.09429e-10 4.80926e-10
0.00413406 0.0016739 -0.00138922
0.00464088 -0.000126559 0.000126102
0.00577118 0.000287867 -0.000881384
0.00437919 -0.000440897 0.000205697
0.00438228 -0.000354579 5.62087e-05
-3.63822e-09 6.17055e-09 1.43501e-08
0.00438515 0.00111337 -0.000531954
8.46107e-10 -1.45877e-10 7.45755e-10
-2.9498e-08 -1.5035e-07 1.87863e-08
0.00457993 0.0015942 -0.00146371
0.0011752 0.0158068 -0.00583567
0.0102789 -0.00846982 -0.0126691
0.00500918 8.908e-05 -5.64283e-05
0.00381106 -0.00060327 0.00268679
0.00477386 -0.000553521 0.000217438
0.0050182 -0.000256252 0.00273167
0.00430832 -0.000902931 8.60107e-06
0.0048047 -0.000522509 -1.14155e-05
0.000691131 0.000545017 7.58343e-05
0.00424428 -0.000593371 0.000714983
0.00442531 0.00130577 -0.00209253
-2.47669e-09 1.1995e-08 6.88266e-09
5.50622e-16 4.7132e-16 1.77696e-15
-0.00148738 -0.000449046 -0.0167242
0.0037876 0.00083316 -2.99815e-05
0.00471017 0.00163416 -0.00150905
0.00557869 0.00109548 -0.00170507
0.00471895 6.78201e-05 0.000450959
1.20833e-09 -1.51062e-08 -1.12299e-09
0.000694714 0.000939382 9.60387e-05
0.00619198 0.000832665 -0.00124067
0.00493516 -1.58472e-05 -2.47923e-05
0.00431441 0.000187996 0.000236697
0.00437325 -0.000400122 0.00023734
0.00325474 0.000626717 0.00615748
0.0043035 -0.00269747 0.00188796
0.00458563 -0.000262594 0.000208453
0.00563148 0.000427628 -0.00093646
0.00440362 6.13358e-05 -0.0020561
0.004122 0.000163898 0.000468306
0.00423355 -0.000326016 2.87911e-05
0.00646533 -0.000328572 -0.000622645
0.00400613 -0.000224734 0.00220931
0.00436281 -0.000373842 -7.76934e-06
0.00426982 -0.00183989 0.000406756
0.00474109 -0.000677591 -0.000325599
5.61318e-07 -5.72637e-07 2.88586e-08
0.00424779 -0.000396647 5.356e-05
0.00531007 0.00143321 -0.00146048
0.00232194 0.00188862 -0.00018323
0.00444509 -0.000230469 -0.00014569
0.00560232 -0.000174265 -0.000606568
0.00405454 -0.00026145 0.00235679
0.00474031 -0.000120436 0.000241307
0.00420149 9.08268e-05 0.000443391
0.0108434 -0.00183974 -0.0288569
0.00439895 0.000260371 0.000120942
0.0033543 0.00190082 -0.000159959
0.00444699 -0.00034477 0.000291124
0.00430947 0.000123271 0.000329313
0.00566447 0.00195387 -0.00105912
0.0060749 0.00142413 -0.00155097
0.00391275 -0.00160597 0.000370815
6.60074e-08 3.565e-08 -5.23087e-08
-6.27569e-06 -1.3883e-07 -1.20884e-06
0.00454943 5.44653e-05 -4.16157e-05
0.00429156 -0.000191184 -5.4592e-05
0.000429244 0.000410173 -4.0771e-05
0.00470161 -0.00027275 -7.5694e-06
0.00468417 -0.000260036 0.000247792
0.00476161 -0.000178009 0.000113987
0.00486847 -0.000493972 0.000256946
0.00550679 0.0107205 -0.00348138
0.00202137 3.31652e-05 -0.000340147
0.00459878 0.00198117 -0.00167947
0.00434735 -4.94065e-05 0.000490808
0.00446113 -0.000349134 0.000147351
0.00424717 -0.000285758 0.00253116
0.00456705 -0.000475546 0.000453305
0.00534511 0.000376247 -0.000883544
0.00463759 -0.00040636 -0.000136363
0.00451878 4.86327e-05 -6.3197e-05
0.00514095 3.24912e-05 0.000165655
0.00433501 0.00169012 -0.00199367
0.00653141 -0.00035586 -0.00061514
0.0030155 0.000100568 0.00782153
0.00455804 -0.000196181 8.92621e-05
0.00403092 0.000522264 -0.000295594
0.00455731 -6.00424e-05 0.00038516
0.00394432 -0.000610036 -0.000151443
0.00452349 -0.000360162 0.000199443
0.00719965 0.0011155 -0.00152619
0.00402278 -0.002017 0.000633825
0.00477549 1.52049e-05 9.76155e-05
0.00444238 -0.000345438 5.62239e-05
4.40304e-09 -6.71667e-09 -2.79943e-09
0.00365748 -0.00270749 0.00157076
0.00467781 -0.000449635 0.000267133
0.00091825 -0.00406121 0.0123417
0.0146545 -0.0158496 -0.0391736
0.00190626 0.00340212 0.0113796
0.00502352 -0.000197376 -0.000509193
0.0048369 3.45561e-05 -4.97489e-05
0.00476686 -0.000359389 0.000253899
0.00447395 -9.77136e-05 0.000597647
0.00448568 3.94943e-06 0.000594452
4.01988e-18 1.58812e-22 -3.06916e-15
0.00390941 -0.00290011 0.0017642
0.00438862 0.00161898 -0.00194186
0.00438945 -0.000438506 0.000257386
0.00189943 0.00389953 0.0103796
0.0042572 6.95978e-05 0.000456221
0.00245799 -0.000119162 7.20879e-06
0.00406354 0.00172718 -0.00070347
0.003516 -0.000562838 0.00324227
0.00627167 0.0169403 -0.00543002
0.00452013 -4.22329e-05 0.000555731
0.00477948 -0.000400364 0.000267683
-2.1796e-07 1.63527e-07 -8.75193e-08
0.00426747 -0.000239127 9.05694e-05
0.00442943 -0.000549444 4.76855e-05
0.00355765 0.000423751 -0.000279782
0.00485002 0.000225264 -0.000292648
0.0080141 -0.000645037 -0.0102312
0.00460084 0.000266738 0.000782896
0.00146598 0.0065405 -0.00386152
0.00457915 -0.000450348 0.000262922
0.00439376 -0.000312902 -4.91067e-05
0.00441444 -0.000411729 0.000201352
0.0044252 -0.000245272 0.000190831
0.00466423 -9.13229e-05 0.000636034
0.00445168 1.76563e-05 0.000211308
0.00460258 -0.000223079 0.000228737
0.00452433 -0.000305456 0.000160962
0.00379427 0.000902158 -3.41846e-05
0.00439314 -0.000463842 6.50121e-05
0.00440952 -0.000282478 0.000216598
0.00478202 -0.00035878 -1.58466e-05
0.00415792 -0.00153295 0.000361106
0.00440243 -0.000541363 0.000410915
0.00475149 -0.000287191 0.000255457
0.00418867 6.63091e-05 0.000474315
0.00443931 0.00204712 -0.00170936
0.00482221 -0.000465661 0.000232205
3.08702e-09 7.87482e-09 3.16212e-09
0.00548773 0.00193664 -0.00117839
0.0042968 -0.000234413 0.000189397
0.00446857 3.5781e-05 0.00048811
0.00393982 0.00124288 -0.00162632
0.00456656 -0.000240953 -7.55347e-06
0.004432 -8.33959e-06 0.000426904
0.00483482 8.6586e-07 3.25392e-05
0.00508277 -9.15603e-05 3.08517e-05
0.00441379 -0.000315182 5.05107e-05
0.00424109 8.19014e-05 0.000457239
0.00459679 -0.000585935 0.000353205
0.00445661 -0.000590872 0.000364261
0.00252339 -0.000373582 0.000730626
0.00525722 0.00171854 -0.000978039
0.00485974 7.43434e-05 6.65102e-05
0.00428824 -0.000384646 1.16358e-05
0.00461858 -0.000688736 -0.000167774
0.00203538 -0.00021156 -0.00125461
0.00245094 7.49663e-05 -3.5202e-05
0.00436567 -0.000151839 -0.000212785
0.00453237 -0.000630876 0.000468968
0.00447364 -0.000250503 0.000203353
0.00433243 -0.000333141 5.5836e-05
0.00442771 -0.000456749 0.000262878
0.00283786 -0.00197001 0.00774842
0.00319818 1.45585e-05 0.0078532
0.00454288 -0.000343855 0.000334501
0.00468323 -9.74125e-05 2.28949e-05
0.00503738 0.000113402 -5.75993e-05
0.00443118 -0.000266117 0.00258261
0.00433785 -0.00029955 2.82053e-05
0.00455125 -0.00047271 0.000281529
0.004747 -0.000372218 8.28929e-05
0.00408343 -0.00147171 0.000960026
0.00494204 -0.000446416 0.000259197
0.00439925 -0.000228005 0.000578598
0.00443343 -0.000163208 0.000701977
0.00423257 -0.00114224 0.000948206
0.00465715 -0.000339242 -3.28033e-05
0.00352511 -0.000824983 0.00276219
0.00435783 2.14351e-05 0.000465843
0.00321561 4.13493e-05 -0.000193502
0.00493867 -0.000468762 7.01759e-05
0.00794178 -0.00697035 -0.0128415
0.00141325 -0.00363607 0.0121765
0.00429199 -0.00110388 0.00087278
0.00444079 -0.000549178 -4.56998e-05
0.00429225 -0.000272922 -6.67179e-05
0.00335966 0.000294261 -0.00038246
0.00433407 -0.000336756 5.98896e-05
0.00455651 -4.44061e-05 0.000440849
0.001371 0.00256248 -0.000258136
0.00433434 -0.000181259 -9.80199e-05
0.00411602 0.000711482 -2.10185e-05
0.00390627 -0.00327882 -0.000584155
0.00517708 0.000331527 -0.000102328
0.00446186 -0.000107303 0.00014409
0.00111362 -0.00423992 0.0132418
0.00610481 0.00113323 -0.0060056
0.00430684 -0.000158436 4.75032e-05
0.00470622 -0.000578604 0.000440212
0.00425846 0.000113501 0.000339226
0.00456468 -0.000124766 6.84461e-05
0.00429673 0.000111387 0.000278927
0.00462794 0.000147472 -0.000661113
0.00473507 0.000355628 -0.000675831
0.00441151 0.000145836 -0.00012759
0.00479236 -9.90786e-05 -1.37616e-05
0.00441313 -0.000331603 0.000140711
0.00444812 -0.000472855 -0.000288806
0.00473707 5.22974e-05 0.000480391
0.00461674 -0.000416819 -0.000333738
0.00888155 0.00227622 -0.00367814
0.00428719 -0.000552533 0.000483734
0.00431717 -0.000467101 0.000282389
0.00476359 -4.78232e-05 0.000131257
0.00391489 0.00014247 0.000277918
0.00477091 -0.00135736 0.000146686
0.00319088 -0.00044739 -0.000945342
0.00445884 -0.000578431 0.000354431
0.00425941 -0.000507781 -6.10568e-06
0.00420863 -0.000894781 0.000584763
0.00469465 -0.000570068 0.000435187
0.00439594 0.000513839 -0.00197136
0.00487057 -0.00112766 -0.000601338
0.00436438 -0.000486837 0.000209589
0.00445368 -0.000346154 0.000190835
0.00431561 -6.70794e-05 -1.8026e-07
0.0127329 -0.00771224 -0.0378813
0.00436447 -0.00035638 5.9395e-05
0.00508766 -7.49479e-05 -1.2939e-07
0.00458565 -0.000315873 -0.000148105
0.00430437 -0.00033721 8.22518e-05
0.00423983 9.57638e-05 0.000369388
0.00407975 -0.000616327 0.00273805
0.00456988 -0.0003166 4.67306e-05
0.00434681 -0.000573687 0.000352427
0.00427857 -0.00033879 5.2465e-05
0.00475975 -0.000211556 0.000230741
0.00444039 -0.000376372 0.000247253
0.00450056 -0.000142266 0.000809496
0.00383942 0.000312961 -0.000441566
0.00376239 -0.000844355 0.00264454
0.00458872 -0.000298125 -5.04041e-05
0.00431734 -0.00080046 0.000515659
0.00753798 -0.00509881 -0.0146093
0.00439605 -0.000393159 6.36351e-05
0.00439081 -0.000399341 0.000228154
0.00486476 -0.00015147 7.37265e-06
0.00420856 -6.6207e-05 0.000570203
0.00517529 -5.79001e-05 -1.18488e-05
0.00433117 -0.00055143 0.000337512
0.00473827 -0.000239377 -2.13506e-05
0.00458425 -0.000169424 0.000294059
0.00461528 -0.000396971 6.20536e-05
0.00449762 -0.000378086 0.000636896
0.00486904 -0.000450119 0.000231686
0.00481653 -0.000411153 0.000244576
0.00426361 5.8568e-05 0.000467773
0.0044643 -0.000200933 1.6097e-05
0.00905078 -0.00489897 -0.0192584
0.00392959 -0.000339776 -8.74664e-05
0.00396548 -0.00145047 0.00097738
0.00433633 -0.000385315 5.95669e-05
0.00466042 -0.000213921 -5.43297e-05
0.00467269 -0.000288866 0.000146838
0.00443085 -0.000316226 -6.24676e-05
0.0021269 -0.00217181 0.0123424
0.00482702 -0.000331579 0.00023742
0.00449738 -0.000163323 0.000781334
0.00445304 8.34467e-05 -7.51185e-05
0.00510577 0.00170167 -0.000970101
0.00476474 -1.80529e-06 -1.00377e-05
0.00439158 -0.000506044 0.000389983
0.0043583 -0.000319741 6.26583e-05
0.00453326 -0.000471193 0.000286824
0.00478406 0.000159824 -0.000406063
0.00244125 0.000187121 -0.00142012
0.00470357 -0.000268156 0.000137544
0.00450397 -0.000251039 0.00049701
0.00470045 -0.000317641 0.00018603
0.00439633 -0.000380598 0.000306637
0.00883979 -0.000679924 -0.0103833
0.00432091 0.000150022 -3.8008e-05
0.00931343 0.00249187 -0.0214755
0.00463775 -0.000295951 -4.9979e-05
1.3922e-06 -5.58209e-06 -8.09575e-07
0.00399359 -0.0007452 8.41444e-05
0.00373614 -0.000426662 0.000660181
0.00439337 -0.000424822 0.000246012
0.00475496 1.47899e-05 0.000524793
0.00470724 -9.24578e-05 0.000329093
0.00476063 0.00171267 -0.00073111
0.0043756 -0.000363786 -0.000190838
0.00624902 0.000767685 -0.00653154
0.014881 -0.0159475 -0.0396455
0.00380926 -0.0014385 0.00108363
0.0050451 0.00466343 -0.00142615
0.00442107 -0.000291091 9.05689e-05
0.00445299 -0.000814559 -8.75045e-05
0.00482107 0.000239124 -0.000140623
0.00463282 -0.000334777 0.000179105
0.00447017 -0.000390274 8.97337e-05
0.00442049 -0.000577145 0.000172829
0.00573112 0.000851958 -0.00698748
0.00453689 -0.000186262 0.000771121
0.00439457 -0.000847843 -8.66497e-05
0.00459425 -0.00062134 0.000377572
0.00498586 -0.000175482 0.000212383
0.00460308 -0.000442987 0.000257729
0.00480268 -0.000485613 0.000236533
0.00407746 0.000369923 4.66537e-05
0.00471097 -0.000445252 0.00154892
0.00458798 -0.000118116 5.52587e-05
0.00380597 -0.00324088 -0.000573209
0.0048291 -0.000138079 0.000358693
0.00471664 0.000295884 -0.000102733
0.00448646 -0.000626112 0.000386969
0.00427139 8.24942e-05 -8.52506e-05
0.00466259 -0.000332634 0.000206319
0.00439296 -0.000609833 -7.69722e-05
0.00445812 0.000233429 0.000558585
0.00449119 -2.05211e-06 0.00052274
0.00493219 -0.000278897 8.8004e-06
0.00456536 -0.000676329 -8.04666e-05
0.00405305 -0.000242514 2.3599e-05
0.00413621 -0.000636784 3.31665e-05
0.00447906 0.00182189 -0.00158239
0.004416 -0.000612996 0.000380329
0.0048848 -0.000198171 1.03651e-05
0.00445653 -3.14203e-06 -2.95909e-05
0.00467093 -0.000389629 0.000218837
0.00425618 -0.000243437 0.000600504
0.00459711 -0.000549297 0.000421606
0.00442182 -0.000320328 0.000170953
0.00463334 -0.000399576 -0.000200263
0.00717536 0.000645398 -0.00606426
0.00440658 -0.00033456 0.000178489
0.00421383 -0.000181802 -3.3417e-05
0.0047396 -0.000492342 0.000104701
0.00375784 -0.00169171 0.00118961
0.00440953 -0.000426922 0.000251621
0.00553445 -0.000128403 -0.000108692
0.00476217 -5.59776e-05 -0.000123801
0.00369182 -0.00062701 0.00287195
0.00446309 -0.00109217 0.0010083
0.00480197 -4.01656e-05 4.0188e-05
0.00445989 -0.000763498 -0.000141472
0.00433537 -0.000818266 0.000173595
0.00501113 0.00024015 -0.000231492
0.00445605 -0.000142055 0.000604628
0.00472075 -0.000343853 6.40991e-05
0.00459808 -0.000432427 0.000336
0.00394179 -0.000607182 0.0027081
0.0153267 -0.00622568 -0.0348098
0.00436362 -7.68204e-06 2.58047e-05
0.00458606 -0.000441546 0.000217512
0.00900447 0.0013946 -0.0206324
0.00216663 0.000949624 0.0113215
0.00443607 -0.000263127 4.35474e-05
0.0043073 -0.000603432 0.000374949
0.00455997 -0.00050884 -7.25418e-05
0.00480866 -0.000190062 6.63436e-05
0.00374736 -0.00139013 0.00101776
0.003946 -0.00024936 2.31192e-05
0.00362746 -0.000912009 0.00270885
0.00473873 -0.000469858 6.89452e-05
0.0046462 -0.000443474 0.000243523
0.00101154 -0.00396791 0.0128049
0.00459711 -0.000441211 0.00027006
0.00403852 -0.000523929 -0.000154301
0.00373974 -0.00151484 0.000970391
0.00467592 -0.000380239 0.000211154
0.00431486 -0.000500227 0.000380442
0.00459768 -0.000334171 -0.000293632
0.00437213 -0.000389889 0.000216579
0.00432478 -0.000393053 -0.000164176
0.00412964 8.41825e-05 4.06373e-05
0.00404413 -1.592e-05 3.94426e-05
0.00423927 -0.000438022 6.4428e-05
0.00443585 -0.000430669 0.000258867
0.00428566 -0.000228703 0.000750526
0.00447286 -0.000322226 0.000173845
0.00480376 -0.00017668 0.000576195
0.0047108 -0.000170673 0.00014571
0.00474438 -0.000140687 0.000677534
0.00438021 -0.00035061 6.11226e-05
0.00427725 -0.000262755 5.19137e-05
0.00412266 -0.00104157 -0.000545588
0.00843702 0.00279739 -0.0196911
0.00497325 5.98654e-05 -4.00409e-05
0.00420763 0.000285343 -0.000190275
0.00409693 8.16849e-05 -8.52008e-05
0.00464595 -0.000313028 0.000167396
1.58313e-14 -1.83596e-14 2.08918e-13
0.00411289 -0.00037529 0.000304786
0.00491743 -0.000461415 7.84443e-05
0.00446859 -0.000434398 0.00179576
0.00440826 -9.48097e-05 3.69385e-05
0.00393107 -0.000248117 1.28705e-05
0.00403502 -0.00119913 0.00116297
0.00391414 -0.000368655 0.00019924
0.00462479 -0.000289152 0.000152396
0.00355378 8.97274e-05 -0.000358366
0.00434955 -0.000479638 7.51558e-05
0.00428456 -5.17024e-05 3.5904e-05
0.00399351 -0.00235712 0.00135726
0.00519206 0.0017374 -0.000990874
0.00442693 -0.000619564 0.000384914
0.00446104 -0.000520706 0.000384723
0.00454062 -0.000403127 0.000210315
0.00438451 -0.000421344 0.000248763
0.00210415 0.00039661 -0.00021062
0.00471483 -0.000485431 0.000226158
0.00434625 -0.000649105 0.000478973
0.0044486 -0.000350372 0.000191326
0.0047598 -0.000335107 0.000585199
0.00586293 0.00142816 -0.00109182
0.00443308 -0.000318406 8.70919e-05
0.00463293 0.000349131 -0.000137548
0.00429386 -0.000404739 0.000546038
0.00370693 -0.000287512 -2.26151e-05
0.0045192 -0.000484131 0.000291261
0.00440123 -0.000411775 7.967e-05
0.00445821 -0.000239348 0.000585042
0.00380827 -0.000491251 -0.000317405
0.00468766 0.000318482 -0.000117184
0.00329774 0.000337147 -0.000400083
0.00418028 -0.000241764 0.000488245
0.00437296 -0.000172517 -5.38676e-05
0.00449 -0.000317788 0.000168146
0.00441137 -0.000417221 8.84868e-05
0.0035895 0.00133284 -0.000766323
0.00463368 2.50779e-06 -5.65381e-05
0.00402524 -0.00138974 0.00116061
0.00410726 -0.00115724 0.00180318
0.00475322 -0.000278409 -6.53703e-05
0.00445335 -0.000389187 0.000317088
0.00399045 0.000181914 4.22928e-05
0.0039644 -0.000160029 -9.05025e-05
0.0044122 1.10506e-05 -4.43789e-05
0.00456567 -0.000155448 6.55446e-05
0.00413902 -0.000358347 1.50374e-05
0.00401411 -0.00138041 0.00131776
0.00447846 -0.000445174 0.000428853
0.00422623 0.00122519 -0.000250784
0.00430091 -0.000598492 -7.38139e-05
0.00436191 -0.00052318 0.000399974
6.53313e-15 -7.57682e-15 8.622e-14
0.00420934 -8.35699e-05 4.18079e-05
0.00443579 -0.000224561 -7.25902e-05
0.00464377 -0.000437255 0.000322308
0.00432815 -0.000329738 5.7505e-05
0.0046612 -0.00040638 0.00015129
0.00436958 -0.000393469 0.000318825
0.00480479 -0.000118772 6.56788e-06
0.00434577 -0.000320675 0.000160111
0.00328086 0.000265852 -0.000276937
0.00444597 -0.000761283 -8.56971e-05
0.00432781 -0.000375924 5.77769e-05
0.00461688 -0.000626901 -7.80124e-05
6.53379e-15 -7.57649e-15 8.62189e-14
0.00459745 -0.000871495 0.000186034
6.53352e-15 -7.57707e-15 8.62194e-14
0.00447483 -0.000320229 0.000170862
0.00445342 0.000178961 0.000336473
0.00461482 -6.32444e-05 3.34205e-06
0.00422804 -0.000328733 0.000272551
0.00421793 -0.0003455 0.000197455
0.00638817 0.000677169 -0.00607447
0.00438887 -0.000525363 0.000401137
0.00402556 -0.000255064 0.00078822
0.00424789 -0.000426612 0.000122579
0.00318347 0.0014542 -0.000849995
0.00271736 -0.000996984 -0.00110115
0.00465419 -0.000456918 0.000269839
0.0037076 3.47613e-05 -5.22159e-05
0.00406253 -0.000400973 -3.52194e-05
0.00445479 0.0001025 -0.000102645
0.00465421 -0.000353064 0.000219574
0.00443167 -0.000467957 0.00025586
0.00205673 0.00416782 0.0102908
0.00229288 0.00366909 0.0106358
0.00383376 -0.00150693 0.00105761
0.00331032 -0.000889732 0.000607669
0.00475301 -0.000453266 5.94277e-05
0.00494374 0.000328407 -0.000296464
0.00409196 0.000467445 4.08948e-05
0.00413413 -0.000370786 2.65659e-05
0.00416307 -0.000124262 4.14586e-05
0.00530437 0.000669122 -0.000543375
0.00484364 -0.000150413 -0.000180924
0.00397638 -0.00139872 0.0019906
0.00411706 5.57937e-05 3.04358e-05
0.0044729 -0.000407229 0.000330501
0.00454834 -0.000632466 -8.1036e-05
0.0045621 -0.00052749 0.000334305
0.00416904 0.000192458 4.1039e-05

VECTORS force float
-9.61241e-09 2.72749e-09 -4.73067e-09
7.26363e-13 1.01478e-13 5.92648e-14
1.95917e-09 -6.14304e-09 2.68174e-09
-1.36239e-15 -1.16483e-15 -4.27709e-15
-8.29349e-09 -2.33872e-09 1.416e-09
4.13226e-14 -2.11502e-13 -7.80709e-14
6.46235e-27 7.93072e-25 0.0
-2.45706e-16 -2.68275e-16 -3.85323e-16
-2.87913e-16 -2.51788e-14 1.80653e-15
8.27181e-25 3.30872e-24 0.0
3.22515e-15 -1.61233e-16 -3.33161e-15
8.10765e-17 2.09789e-16 4.92018e-16
-4.15969e-16 2.63439e-15 3.64055e-15
-1.1436e-16 -4.59467e-16 9.37948e-16
1.36119e-16 -7.19516e-16 -5.70851e-16
7.66214e-16 -9.94757e-16 -1.83758e-16
1.31371e-13 3.0373e-13 -7.93673e-14
-4.88006e-15 7.96124e-15 6.57134e-15
3.50022e-15 -1.29462e-14 -4.49772e-15
4.05955e-15 5.32772e-15 -2.69834e-15
3.20463e-16 1.99305e-16 -5.30597e-16
-7.8951e-16 3.8873e-15 7.23866e-15
-3.5344e-15 -1.95472e-14 -7.42288e-16
1.63156e-08 2.97048e-09 2.94002e-08
-5.33303e-15 3.86894e-16 1.01983e-15
3.2424e-09 -8.03905e-09 1.80607e-09
-8.27181e-25 0.0 1.32349e-23
-4.3368e-16 -3.9652e-15 1.34018e-15
-7.99045e-16 -7.16086e-16 -5.19588e-15
-7.11191e-09 7.67769e-09 1.19608e-09
4.77697e-23 3.72231e-24 0.0
-1.18725e-14 7.70841e-15 -7.68914e-16
2.16098e-15 -5.63002e-17 -1.36923e-15
-1.50253e-16 -3.46487e-15 -1.06811e-15
1.98596e-08 -2.78256e-09 1.41943e-08
4.98624e-16 2.27646e-16 -1.9057e-16
0.0 0.0 0.0
-2.27707e-13 -1.63342e-13 -3.69834e-14
-6.96707e-15 -1.32409e-14 -1.6802e-15
0.0 -4.99764e-25 0.0
-1.41723e-13 -2.56177e-13 9.34524e-13
4.10292e-14 6.49006e-14 -2.1215e-14
1.26016e-09 -2.40506e-09 8.24662e-10
-9.00391e-10 3.60543e-09 6.36016e-10
1.24926e-08 3.85586e-09 1.17808e-08
1.04784e-14 -2.18621e-14 2.58627e-15
-1.9282e-09 -1.53755e-10 -1.09738e-10
7.71176e-16 8.55972e-16 9.37145e-16
1.40593e-09 -3.10499e-09 5.82068e-09
1.94365e-14 -2.85602e-14 3.74247e-14
7.0133e-16 2.25683e-16 -2.19735e-15
8.72294e-17 -6.96107e-15 -7.73124e-16
1.51784e-16 -1.69965e-15 -7.22127e-16
0.0 0.0 0.0
5.81094e-23 1.07533e-23 0.0
-1.01453e-15 -1.18442e-14 -2.34372e-16
-1.55096e-25 0.0 0.0
-5.68417e-14 -3.49728e-12 7.27537e-13
5.56559e-17 1.05607e-16 -9.69112e-17
-2.66283e-15 -2.56717e-15 -3.50345e-17
6.46235e-27 1.44705e-25 0.0
4.47562e-14 4.66733e-14 -3.06302e-14
5.82394e-16 -5.27345e-15 -2.04583e-15
-5.54926e-09 -1.0367e-08 8.41148e-09
-1.42718e-09 -3.18321e-09 1.54364e-10
1.71e-14 -6.43313e-14 1.21024e-15
4.0842e-24 4.1359e-25 0.0
-3.34818e-15 -4.34788e-15 7.191e-16
1.44011e-16 2.02116e-16 -8.47778e-15
6.46235e-27 1.11571e-26 0.0
2.29391e-16 -4.23935e-16 -3.33128e-16
1.09595e-13 7.11996e-15 -6.95268e-14
-2.22077e-15 4.50038e-16 -6.13639e-16
-1.59165e-08 -3.4734e-09 5.12423e-09
4.17076e-10 -4.80187e-09 8.00246e-10
2.74662e-15 -9.16639e-16 -2.56356e-15
2.19426e-14 4.19199e-15 -2.13407e-14
-8.89951e-14 2.18789e-13 -3.60317e-14
1.42908e-13 2.94526e-13 -1.61023e-13
7.49632e-24 0.0 0.0
-9.89097e-14 -3.25134e-14 3.98926e-14
5.9047e-17 4.03447e-16 3.22092e-16
-2.32126e-14 -2.62514e-14 -4.28278e-15
1.50085e-15 -1.80393e-15 -1.68186e-15
-4.92159e-10 1.51253e-09 -3.75134e-10
-1.65436e-24 0.0 0.0
2.65613e-13 3.14378e-13 -1.78322e-13
-2.34855e-15 1.17087e-15 -1.06774e-14
1.45875e-15 -8.52428e-15 -9.1003e-16
-4.4111e-17 -1.95519e-16 -2.39886e-16
-5.2806e-16 -8.34404e-16 -3.87118e-17
-6.46235e-27 9.51317e-26 0.0
3.13729e-16 4.38543e-16 -6.70391e-16
-5.58823e-16 -7.05827e-16 -7.7532e-16
4.42071e-08 7.92746e-09 7.03416e-09
-1.46345e-15 -1.94096e-15 2.59457e-15
4.75629e-24 -4.1359e-25 0.0
5.83002e-16 2.05717e-16 -4.49649e-16
-2.0625e-09 -2.15304e-08 -2.97265e-08
-5.49007e-16 -4.25185e-16 -3.42046e-16
0.0 5.41893e-25 0.0
-3.86199e-16 -1.01896e-15 -2.16874e-15
3.46574e-16 3.83453e-16 -4.22687e-16
5.27748e-09 -2.19056e-09 1.21441e-08
0.0 -2.23077e-25 0.0
-2.47662e-16 -7.14657e-17 1.35595e-16
-1.64286e-16 -1.00395e-15 -1.1986e-15
1.78658e-08 -2.52484e-09 -2.46622e-09
2.00856e-16 -3.29071e-15 8.3125e-16
-5.97248e-13 -8.5771e-13 4.1046e-13
3.05232e-15 -6.38225e-16 -2.42939e-15
5.16394e-16 -1.08615e-16 -5.7934e-17
2.35511e-13 3.38825e-13 -1.08324e-13
3.84952e-13 3.54697e-13 -4.83474e-13
-5.41739e-16 -5.78127e-16 -2.52766e-17
2.19977e-15 -4.74328e-15 -2.35745e-15
5.90993e-09 -6.63847e-09 -3.90129e-09
-4.33288e-16 -3.72757e-16 -6.41948e-16
1.21598e-14 4.98625e-14 -2.10473e-14
5.45581e-14 3.63422e-14 -3.05412e-14
-2.9361e-14 8.92173e-14 -2.6597e-14
-1.07039e-13 -4.09207e-14 1.19069e-13
-5.76792e-10 1.593e-09 1.40532e-10
-6.05507e-14 3.15783e-14 7.3717e-14
-3.18847e-16 -3.45275e-16 1.42443e-17
9.48646e-09 2.01816e-10 7.24935e-09
6.46235e-27 5.09506e-26 0.0
-1.97442e-14 -3.12809e-14 -1.29087e-14
-5.20474e-14 -8.40277e-14 -3.16351e-14
-1.45499e-14 1.04778e-13 -1.86092e-14
2.93445e-09 4.04751e-09 -1.08531e-09
1.27199e-13 7.50122e-14 5.02954e-14
-5.81889e-09 1.24557e-09 -2.34202e-09
-9.26627e-15 -5.20817e-14 9.60267e-15
-1.06054e-08 1.02327e-08 -4.1826e-09
2.011e-20 -6.20716e-21 1.15342e-20
6.46235e-27 2.63831e-25 0.0
-3.81875e-09 -7.39648e-09 -4.95601e-09
2.86348e-15 1.57111e-14 -8.11444e-16
6.6366e-16 -1.38781e-16 4.75439e-16
5.46137e-17 -4.66632e-16 -1.48208e-15
7.70682e-16 -7.41589e-16 -9.64807e-16
-3.15366e-15 -2.54459e-15 2.39084e-15
-3.09219e-13 -2.74575e-13 3.94357e-14
4.28867e-15 -2.53302e-14 -1.44131e-15
5.56754e-09 8.47473e-10 -1.4159e-08
-1.66891e-16 -1.12712e-16 2.01293e-16
-1.97244e-15 -4.8215e-14 4.70019e-15
-3.30872e-24 -8.27181e-25 0.0
0.0 0.0 0.0
-6.17778e-09 7.10388e-09 -1.68694e-09
0.0 2.99872e-26 0.0
2.42757e-15 2.13706e-15 1.12536e-15
5.13182e-09 9.46713e-10 -1.27037e-08
0.0 -4.69372e-29 0.0
-4.69741e-10 3.18937e-10 -2.1762e-09
3.83945e-14 -3.63461e-14 -3.31315e-16
0.0 -9.0719e-30 0.0
-1.34445e-08 1.22184e-08 1.05926e-09
0.0 -2.92124e-25 0.0
1.38242e-14 -1.70244e-14 1.08305e-14
-8.90371e-14 -5.60812e-14 -1.04257e-13
5.69155e-09 1.18574e-09 1.85808e-09
2.74004e-24 0.0 0.0
-6.46235e-27 5.22471e-25 0.0
6.88059e-10 3.81503e-09 -1.47008e-09
1.39642e-16 -1.7668e-14 4.86065e-16
1.38434e-15 -1.12786e-14 3.05214e-16
2.61798e-11 3.78093e-11 -1.76402e-11
0.0 -1.52049e-25 0.0
6.86615e-09 1.01987e-09 -3.33865e-08
0.0 -1.08214e-26 0.0
-3.68819e-16 -9.57179e-16 -9.15164e-16
4.0033e-09 7.53691e-09 -6.81931e-09
-2.86382e-09 -4.01743e-08 -2.7092e-08
-2.50428e-16 1.4499e-16 -2.67585e-15
0.0 3.0677e-24 0.0
1.67467e-14 1.05205e-14 8.35072e-15
6.46235e-27 6.76115e-24 0.0
-1.4127e-09 -1.01445e-08 5.44467e-09
0.0 5.44807e-24 0.0
-4.93772e-09 -3.67948e-09 -5.72219e-09
-6.03975e-15 -8.45187e-15 4.2164e-15
-1.06953e-14 -1.02094e-14 3.28537e-16
6.25526e-16 5.96653e-17 -2.45913e-16
-7.08273e-24 2.48154e-24 0.0
-2.59104e-08 -2.42664e-08 1.15052e-08
-2.56472e-13 1.04654e-12 -1.36744e-13
-2.93073e-14 1.36868e-13 -1.73139e-13
9.00395e-17 -8.08395e-15 -2.36955e-15
4.31178e-14 3.12799e-14 -6.53436e-14
-2.65833e-16 -2.19687e-14 1.3508e-15
1.73825e-09 -3.54991e-09 -3.80597e-10
8.22173e-14 -1.52147e-13 -1.32037e-14
-5.71038e-15 -1.6193e-14 -6.12885e-15
-1.4352e-08 -3.64744e-09 4.85472e-09
1.0699e-08 1.81285e-08 -8.8406e-09
3.59888e-14 -7.59282e-14 -6.18278e-14
-2.41886e-10 1.02123e-09 8.1228e-10
3.6055e-13 1.81572e-13 -2.69903e-13
1.85171e-14 -2.46617e-15 -1.18878e-14
2.48925e-09 -4.0233e-09 2.80598e-09
-2.51724e-15 -3.0181e-15 6.30319e-16
-7.06115e-14 -1.31274e-13 4.00229e-15
1.88385e-14 -3.63138e-13 1.59841e-13
7.41451e-09 -8.3635e-10 1.81903e-09
-4.89869e-17 6.07239e-16 -8.95205e-17
1.69608e-15 -6.51231e-16 -2.09486e-15
-5.77605e-09 -8.23082e-09 -2.85747e-09
8.19851e-16 -1.47364e-14 3.09387e-15
2.10886e-14 1.00536e-11 -8.7049e-13
1.13019e-15 -5.74175e-15 -9.95422e-15
-1.06621e-09 -3.77785e-09 -2.79461e-09
-1.47089e-09 1.10718e-09 9.76906e-10
6.58917e-09 -6.0223e-09 2.11822e-09
7.78209e-16 -1.64489e-15 -2.63814e-16
0.0 3.83421e-24 0.0
6.16792e-09 1.79553e-08 -1.57667e-09
2.05761e-23 3.72231e-24 0.0
9.05475e-09 2.83412e-09 3.75959e-09
1.55311e-13 2.16845e-13 -5.67441e-14
1.26225e-12 -2.75528e-13 -6.1051e-13
6.68926e-09 -4.92853e-10 1.07466e-08
7.85703e-15 -3.81708e-15 -1.16917e-14
-1.46153e-08 -8.06724e-09 1.17e-09
-3.82708e-09 -5.01135e-09 7.70157e-09
-2.1021e-12 -1.37549e-11 1.32699e-13
1.09327e-09 8.90771e-09 -1.98619e-09
-6.46235e-27 -3.71691e-25 0.0
1.10705e-09 1.71977e-09 -7.67843e-10
5.73787e-16 6.94287e-16 -7.94757e-17
9.49497e-09 1.07581e-08 -1.30584e-11
1.10564e-09 -4.42277e-09 1.34606e-08
-2.18127e-10 -3.67568e-08 -1.13089e-08
-1.28213e-23 -2.06795e-23 0.0
-2.19607e-09 -6.0004e-09 -2.1106e-09
2.33008e-15 6.51759e-14 -2.53343e-14
-3.8539e-14 -5.62703e-14 -8.94483e-14
0.0 -5.13142e-26 0.0
1.41874e-08 -2.03982e-08 -8.80759e-10
1.04355e-13 2.34069e-13 -1.35201e-13
9.53482e-10 1.03637e-08 -3.97858e-10
-8.34577e-15 -5.79113e-15 -1.65135e-14
8.90024e-13 3.9979e-14 -1.59571e-13
-1.15555e-15 -1.57869e-14 -2.202e-15
-1.7763e-14 -1.95775e-14 1.39476e-14
1.82165e-09 -5.73601e-09 -2.73377e-09
0.0 1.63881e-24 0.0
-2.96329e-09 -3.44576e-09 9.33404e-10
3.35073e-09 -3.53925e-09 1.1017e-08
-8.15832e-09 1.81497e-09 -7.90523e-09
6.3616e-10 -3.18373e-09 -2.95476e-09
7.52638e-12 -5.64547e-12 -2.95205e-12
4.61184e-09 1.2219e-08 -6.67706e-09
-1.04535e-22 5.79026e-24 0.0
-3.74129e-16 2.83083e-16 6.85764e-16
-5.45793e-16 -1.84535e-15 -1.88699e-15
1.16718e-15 -2.00819e-14 5.29923e-15
-3.21738e-14 -2.32798e-14 -1.50777e-14
2.49725e-14 2.16804e-14 -2.78333e-15
-5.06299e-09 5.283e-10 -2.36432e-09
3.80203e-09 -1.06266e-08 1.80582e-08
-3.3205e-14 -3.57281e-14 -1.02936e-13
-6.72817e-09 -7.23969e-09 2.96626e-09
-3.17164e-09 4.99512e-10 -3.05497e-09
2.71504e-09 3.90773e-09 -9.25682e-09
-1.3072e-14 -7.30022e-15 -2.8069e-14
6.29005e-10 4.23833e-09 -2.41105e-09
1.56526e-15 8.35441e-17 -9.22745e-17
-8.96002e-16 -3.94198e-14 -1.09107e-15
-2.04857e-09 6.77726e-09 -3.97292e-09
-1.96968e-14 -3.21369e-14 -1.72815e-14
-8.5774e-09 5.34376e-09 -8.86857e-09
4.37892e-15 -3.57275e-15 -2.74511e-15
6.52611e-09 -3.66562e-09 1.51129e-09
-5.37662e-09 2.21922e-09 -3.8974e-10
-1.76979e-15 -8.70961e-15 -2.89961e-15
-2.38998e-08 -7.89268e-09 1.08808e-08
1.7967e-08 -1.20036e-08 1.06842e-08
2.63204e-10 3.58366e-10 -1.76768e-09
3.08388e-09 -8.02819e-10 2.24061e-09
-2.68205e-09 2.371e-09 2.90837e-09
3.4456e-09 -7.84855e-09 1.33959e-08
-1.81732e-16 -1.16249e-14 -6.18844e-16
-2.57728e-15 -5.25497e-15 5.75133e-16
8.03071e-09 3.31807e-10 -3.20563e-08
-6.28941e-14 2.65606e-14 -2.61619e-14
3.30872e-24 -1.65436e-24 0.0
1.60204e-08 -2.16833e-09 9.93348e-09
8.56048e-10 7.60948e-10 3.82387e-09
-2.75077e-09 -2.29315e-09 8.39951e-09
-7.45065e-16 -1.86956e-14 7.06537e-16
-1.23302e-16 1.64945e-13 -1.6735e-13
1.24077e-24 0.0 0.0
-4.20619e-09 -6.29206e-10 1.09413e-09
2.03846e-15 2.15944e-15 3.21364e-17
7.97331e-10 -4.24916e-09 -2.16703e-08
4.11287e-13 -1.33078e-13 -1.81241e-14
-7.3747e-15 3.23708e-14 -3.27051e-14
-6.46235e-27 -6.24915e-26 0.0
1.89657e-15 -4.1912e-15 8.48494e-16
9.21072e-15 -7.78785e-15 -1.68751e-14
-2.43272e-09 4.24029e-09 -4.11104e-09
1.85964e-14 -1.72201e-14 -1.8637e-16
-8.88095e-09 -3.93765e-09 4.87044e-10
3.13286e-09 -8.90308e-09 3.72327e-09
1.63883e-09 8.11316e-09 1.48248e-08
-1.09007e-08 7.50054e-09 2.43015e-09
-6.26573e-09 4.94036e-09 -1.01285e-09
-2.72861e-08 -3.12582e-09 -1.12444e-09
-2.94315e-15 -2.38708e-14 -1.82779e-14
2.39251e-11 2.97588e-12 1.4259e-11
-2.14147e-15 -2.39789e-14 -1.00113e-14
-9.56652e-09 -1.48405e-08 8.69347e-10
-2.73184e-09 2.07621e-09 2.01068e-09
-7.73781e-09 1.06724e-09 1.28607e-08
-7.74353e-09 3.38282e-09 -8.0152e-09
-4.22034e-17 6.25471e-16 -1.52758e-15
-6.62136e-10 4.40002e-10 -2.68985e-11
-4.62277e-09 1.24851e-09 -2.10476e-10
0.0 -2.78149e-24 0.0
4.79495e-15 -4.58502e-15 -4.12802e-15
-1.40226e-15 -1.3208e-14 2.27986e-16
-2.72913e-16 -3.76752e-16 -5.49009e-16
4.64821e-09 -3.73584e-09 -3.00205e-11
-1.27741e-09 5.71376e-10 -1.51788e-09
3.88101e-15 -4.16745e-15 -3.45812e-16
1.68662e-14 2.59269e-14 -1.92604e-14
2.60363e-16 -2.37729e-15 -2.25694e-15
1.29096e-09 -8.55996e-10 -4.93836e-09
-4.89695e-16 8.92926e-18 4.18059e-16
-1.22818e-09 -3.68501e-09 -3.23056e-10
4.25891e-14 9.18629e-14 1.14478e-13
-4.60954e-09 -1.00857e-09 7.43708e-11
2.53819e-15 -1.06601e-14 2.82833e-15
5.44061e-10 5.62365e-10 7.67254e-09
1.17209e-09 2.35607e-09 -7.66953e-10
-3.78983e-09 4.09745e-09 -1.84987e-09
-1.15944e-08 8.96733e-09 1.16642e-08
8.86749e-09 -2.35773e-09 1.14793e-08
-1.43231e-15 -4.08297e-16 7.10689e-16
-5.15139e-16 -1.70665e-15 -8.0225e-16
5.60411e-10 2.44478e-08 2.08057e-10
-2.50943e-09 -2.44864e-10 1.39295e-09
-1.18935e-09 -2.56079e-09 -2.98335e-09
3.93199e-14 1.01519e-13 -2.53647e-14
-1.80999e-15 -6.25971e-16 4.11069e-17
-1.00549e-08 -3.21085e-09 4.71733e-09
2.4886e-09 -4.48493e-10 6.83604e-09
1.29247e-26 1.51764e-25 0.0
-4.52994e-15 -1.43832e-14 -4.37721e-14
3.16125e-12 -1.30634e-12 -1.04463e-12
1.24699e-08 -2.46072e-08 -3.67068e-09
-2.8225e-09 -6.32604e-09 -3.87953e-09
1.73438e-08 8.4478e-09 3.40743e-09
2.61469e-08 7.55466e-09 -5.85834e-09
-9.05311e-09 4.74341e-09 -6.8681e-09
4.26162e-09 -7.19686e-09 3.63029e-09
6.95396e-10 -5.46373e-09 2.50218e-09
1.15504e-08 -1.59549e-08 1.92324e-08
-7.28354e-10 1.88787e-09 -1.45408e-09
-2.01284e-09 3.68546e-09 -1.94746e-09
2.29941e-15 -3.30618e-15 4.19461e-15
1.84554e-09 -2.53802e-09 1.45388e-09
-3.09652e-08 1.93788e-08 -3.02967e-10
8.39619e-09 1.23166e-08 -1.16024e-08
-5.2896e-10 -1.37383e-09 1.16215e-08
-1.15429e-08 6.13856e-09 -2.37544e-08
-2.0087e-10 -7.25487e-10 6.40916e-10
1.19101e-09 8.42179e-09 -1.11291e-09
2.88326e-09 8.97767e-10 -1.97468e-10
-5.23583e-09 1.28037e-09 -4.69913e-10
-5.03192e-09 5.32273e-09 -6.30397e-09
-3.55823e-09 5.27272e-09 -2.76569e-09
1.7478e-09 -5.64479e-09 1.97671e-09
-1.93124e-08 8.93926e-09 -3.46119e-09
5.35488e-09 -5.51799e-09 2.88528e-09
1.90704e-15 -7.93757e-18 -3.86221e-15
-9.39921e-10 3.75218e-09 9.20022e-10
-4.10604e-09 -1.34484e-08 -2.97838e-09
-1.49951e-10 -4.73724e-09 3.32954e-09
-8.87908e-17 -8.57422e-16 -4.96506e-16
2.72137e-09 -7.04767e-09 3.24191e-09
-1.66677e-09 -5.00886e-09 1.07971e-08
-1.29125e-08 1.55089e-08 -7.29377e-09
-3.41713e-10 4.66474e-10 -7.59093e-10
-9.01003e-10 -7.93286e-10 6.35236e-10
9.36356e-16 -4.23859e-15 -8.81577e-15
1.08186e-09 -1.56798e-09 8.08615e-10
1.2998e-16 -9.14703e-16 -2.90888e-15
1.80855e-14 1.87159e-13 -4.98809e-14
3.00118e-09 -7.24946e-09 4.23588e-09
0.0 0.0 -3.8832e-08
-6.20051e-09 -2.38472e-08 2.15945e-09
-9.7861e-10 3.29165e-09 2.47317e-09
1.40738e-10 3.84812e-10 1.05311e-09
-4.00596e-09 1.12968e-08 -2.99415e-09
8.72876e-09 2.43584e-09 -2.04853e-09
1.19626e-09 -4.32616e-09 4.27143e-10
-4.12907e-09 -4.48558e-09 5.22872e-11
-2.5176e-09 -9.1494e-09 -2.38623e-10
5.86426e-09 -6.05806e-09 3.83411e-09
-1.52547e-09 -5.57563e-09 -1.41883e-09
2.69361e-15 -1.09362e-14 -3.24378e-15
-1.07261e-20 -2.53448e-21 -1.06938e-20
0.0 0.0 -3.8832e-08
4.74909e-09 1.97014e-09 1.1606e-10
-8.06716e-09 -6.34518e-09 4.45551e-09
1.19847e-08 -3.25431e-09 4.30552e-09
-1.22699e-08 1.99305e-09 -4.17263e-09
-2.92359e-15 1.68329e-14 3.06174e-16
-6.25122e-10 -6.36446e-09 -1.13569e-09
-4.71078e-10 -2.62985e-09 5.66836e-10
-5.13074e-09 -9.14706e-10 -1.50929e-09
1.81372e-09 -4.41441e-09 4.57368e-10
-1.54483e-09 1.0249e-09 -1.39334e-09
-1.89458e-09 -1.57331e-08 -4.06702e-09
-4.2661e-09 1.06124e-08 3.73202e-11
8.82568e-09 -1.07671e-08 1.45604e-08
2.10325e-08 -6.13045e-09 1.11167e-09
-6.6667e-10 4.95413e-10 -2.89917e-09
5.32325e-09 -1.10605e-08 5.37175e-09
-1.02662e-08 -1.0088e-08 4.85445e-09
6.56241e-09 9.21433e-09 -5.49163e-09
-2.96511e-09 -4.21207e-09 1.17899e-08
-1.73544e-09 -1.76008e-09 -1.23972e-09
2.10145e-08 5.54385e-10 1.05363e-08
1.9314e-09 3.41371e-09 9.80129e-10
-1.4914e-10 -1.10297e-11 6.04722e-11
-9.56466e-09 5.02938e-09 -5.05487e-10
7.78623e-10 2.58539e-10 -2.32762e-09
4.32527e-09 -1.29166e-11 7.34813e-10
-5.06529e-09 1.21434e-08 2.6705e-09
1.20268e-08 -1.32616e-10 -2.38502e-10
-1.44006e-09 -2.21539e-09 1.01173e-08
2.47334e-08 4.06376e-09 -7.40223e-09
1.08691e-09 1.78066e-08 -5.13878e-09
6.80448e-09 1.17193e-09 -3.34611e-08
2.40149e-08 5.27361e-09 -1.15291e-09
2.42326e-09 1.02465e-09 -1.42411e-09
3.97799e-09 -4.87298e-09 4.4143e-09
-7.20959e-09 1.47393e-09 1.43545e-08
3.57348e-09 -1.10374e-08 3.54539e-09
1.99589e-09 4.36466e-09 -4.19112e-09
7.88756e-09 -1.36807e-09 -4.79225e-10
1.14263e-12 -8.14785e-13 1.22741e-12
6.11052e-12 2.27054e-13 1.14218e-12
5.73689e-09 -2.33647e-09 8.9875e-10
1.42856e-08 -9.57041e-09 -4.56276e-09
-1.08928e-08 -9.83088e-09 1.68467e-09
-1.68297e-09 -8.37501e-09 7.37213e-09
-2.31112e-09 3.0027e-09 -1.7066e-09
1.01038e-08 -9.57459e-09 1.29285e-08
-4.84079e-09 1.6038e-08 7.61864e-10
4.28414e-09 6.46272e-09 -1.73624e-08
-1.67095e-09 -7.84954e-10 1.18642e-08
-1.65619e-09 -3.15773e-09 -3.6614e-10
2.5821e-08 1.19878e-08 4.59307e-09
1.9468e-09 -1.32274e-09 8.43668e-10
8.36729e-10 -1.59227e-09 9.5751e-09
-5.19582e-09 -6.97301e-09 2.21675e-08
3.31629e-10 5.19144e-09 7.3022e-10
-7.26397e-09 -1.46261e-09 -3.78417e-09
-1.06819e-08 -2.42139e-09 -1.75819e-09
-9.96429e-09 6.66177e-09 8.5323e-10
6.62138e-09 8.99128e-10 4.47599e-09
5.40139e-09 3.23041e-09 -2.89896e-09
-8.37321e-10 -1.17305e-09 -1.80123e-09
-2.01261e-09 3.01225e-09 -1.80115e-09
6.38871e-09 -3.58466e-09 3.25714e-09
-1.05081e-08 -1.1098e-08 -1.30029e-08
1.39788e-08 1.10653e-08 -7.27143e-09
-1.75948e-09 1.88306e-09 -1.27363e-09
-5.66774e-09 5.84608e-09 -2.54654e-09
2.89031e-10 -1.77286e-08 8.62116e-09
2.11502e-09 -3.5956e-09 4.57788e-09
-3.93865e-09 2.60617e-09 -2.56139e-10
-3.1912e-14 -3.73464e-15 -2.27945e-14
5.92106e-09 1.02098e-08 -7.66125e-09
-7.25384e-09 -1.53942e-10 6.74441e-10
-1.44163e-09 -7.55333e-10 -4.3119e-09
5.40068e-09 -1.03903e-08 -2.04137e-08
1.76583e-09 -2.16021e-10 -9.84542e-10
1.00846e-10 2.99995e-10 7.09045e-09
-3.29423e-09 -1.68683e-09 1.20904e-09
-4.6154e-09 6.10719e-09 9.81403e-10
2.97463e-08 -7.00184e-09 1.22102e-08
1.02986e-08 1.13388e-08 2.78623e-09
0.0 -6.74949e-27 0.0
3.54673e-09 1.21006e-08 -2.68634e-08
-1.81755e-09 6.39655e-09 -4.00221e-09
2.30887e-10 1.05357e-09 -9.56628e-10
7.58995e-10 -3.80515e-10 -1.22527e-09
-1.15966e-08 2.37447e-08 -5.77637e-09
-1.12327e-08 5.74431e-09 -8.19741e-10
-1.49214e-09 -1.73162e-09 3.85381e-09
6.21275e-09 -2.88534e-08 5.02366e-09
-1.02688e-08 7.96403e-09 1.17534e-08
1.45162e-08 -5.86578e-10 1.35053e-08
3.67479e-09 8.15115e-09 -3.01394e-10
2.97379e-11 2.00345e-11 2.81669e-11
1.74199e-09 3.37747e-09 -3.70837e-09
1.4681e-09 8.0748e-09 -2.70217e-09
-2.94356e-08 1.12814e-08 1.34945e-09
2.70018e-09 2.66382e-09 -1.38978e-08
-3.69112e-08 -3.09855e-08 1.16408e-07
-3.1337e-09 -3.45792e-09 1.09235e-08
4.50451e-10 2.17304e-09 -1.2784e-09
4.97222e-11 4.26863e-09 4.64669e-09
2.36582e-09 -3.73643e-09 3.73034e-09
-7.90459e-10 5.66993e-10 5.30301e-10
1.49385e-09 7.52166e-09 -3.4903e-09
7.79974e-09 -3.06443e-08 3.6266e-08
-1.32933e-08 -7.54436e-09 1.07377e-08
2.23738e-08 -2.19674e-08 1.50784e-08
-2.46131e-09 -2.8218e-09 2.03444e-09
-4.91209e-09 2.92519e-09 -3.67141e-10
4.31669e-10 1.35801e-09 -9.09768e-11
1.14022e-09 -5.36237e-10 -2.98237e-09
-1.22914e-09 -1.07488e-09 -4.45559e-09
2.64142e-09 -1.07043e-08 -7.13626e-09
1.07253e-09 1.85212e-09 -1.01632e-09
-1.60032e-09 9.83374e-09 -1.47279e-09
-6.27189e-09 1.27531e-09 2.10139e-08
1.10764e-08 -5.29425e-09 -5.9052e-10
-4.7035e-09 6.33661e-09 -2.5139e-09
-6.42227e-17 -1.01202e-14 1.37088e-15
-4.41464e-09 -1.06086e-09 5.67873e-10
5.16625e-09 6.10162e-09 -2.36504e-09
-6.27928e-09 1.11447e-10 -1.43972e-08
-9.90678e-09 -2.11253e-10 -7.91865e-10
5.14218e-09 1.6771e-08 -3.63356e-09
6.06906e-09 -1.09235e-08 4.83115e-09
2.94869e-09 -3.22103e-09 4.94814e-09
1.61504e-08 5.05842e-09 -1.43636e-09
-1.32535e-08 7.47242e-09 -3.5644e-09
4.16781e-09 1.40828e-09 6.32549e-09
-1.45939e-09 -2.4157e-09 3.6229e-10
9.15893e-10 -5.72726e-09 3.81914e-09
6.51247e-09 -3.16734e-09 5.8473e-09
3.39314e-09 8.8129e-10 -3.79936e-10
1.73277e-08 -4.76564e-09 -4.35941e-09
1.75431e-09 1.03818e-08 -3.24322e-10
-6.68227e-10 -2.74701e-09 3.10497e-10
-5.71072e-10 3.88659e-09 2.74378e-10
9.18137e-08 1.57807e-08 1.11014e-08
-1.20543e-08 -9.89111e-10 1.10395e-09
2.86559e-09 5.80851e-11 3.1496e-11
-5.87106e-10 -6.31762e-09 8.10413e-10
-1.33882e-09 7.21827e-09 -9.0333e-10
-7.61549e-10 2.08121e-09 -1.47673e-09
-3.47062e-11 8.0049e-11 -3.05022e-09
-1.6886e-09 2.24876e-09 -1.46273e-09
5.07638e-10 -1.3021e-08 -2.49141e-09
-5.69916e-10 -6.52531e-09 -3.14128e-09
-1.44473e-09 7.56338e-09 -1.78352e-09
4.77481e-09 -1.21861e-09 -1.25017e-09
6.99787e-09 3.48552e-09 2.13843e-09
-1.27118e-09 2.29061e-09 -1.58137e-09
-1.73024e-09 2.07596e-09 8.86511e-09
-3.74452e-09 -2.67379e-09 -1.06075e-09
-1.08106e-08 -5.63182e-09 -5.21919e-09
2.3694e-09 -1.07959e-09 -1.4525e-09
1.89323e-08 2.62063e-09 -4.6467e-09
1.95974e-09 -7.65745e-09 -1.46149e-09
5.60736e-09 7.12757e-09 -5.77727e-10
-1.27869e-09 1.66544e-09 -3.87359e-10
-8.1196e-09 -1.55006e-08 2.12674e-08
-9.30309e-09 8.18939e-09 -4.22473e-09
-2.60463e-10 1.35746e-09 4.2138e-10
0.0 0.0 -3.8832e-08
-9.74915e-10 8.78641e-10 -3.29189e-09
1.75754e-08 -4.03595e-09 3.222e-08
4.23164e-09 -1.47207e-08 -6.0447e-09
-5.45515e-10 4.68529e-09 6.84222e-12
-1.39866e-08 1.53454e-08 -9.13821e-09
-2.86772e-09 4.30611e-09 -5.22861e-10
-1.60386e-08 1.2799e-08 -3.19193e-09
-1.89515e-10 3.73684e-09 -8.99977e-10
-6.84728e-09 4.5538e-10 -4.02106e-09
-3.80334e-09 -1.077e-09 -1.1919e-10
-2.5745e-12 -6.79314e-12 -3.69321e-13
2.25411e-08 -1.11077e-09 -5.34995e-09
9.20021e-09 -2.7004e-09 9.12739e-09
9.91691e-10 1.11875e-09 -3.92852e-09
0.0 0.0 -3.8832e-08
-1.66709e-09 -4.50763e-09 2.35981e-10
-7.5576e-11 -1.8808e-09 6.64307e-10
-5.43868e-09 7.93538e-09 -7.28268e-09
1.34951e-08 1.8335e-08 -3.11017e-09
-9.63883e-09 -1.03947e-08 1.41351e-08
1.95971e-08 7.68645e-09 -5.97912e-09
7.3e-09 2.77608e-10 7.31177e-10
2.70494e-09 -4.3048e-09 1.23558e-09
4.17946e-09 -8.37909e-09 3.45482e-09
-1.48462e-09 -4.68878e-10 -7.9921e-09
3.20626e-09 7.84831e-10 -6.28098e-10
1.78218e-08 -1.21933e-08 1.76265e-08
-7.93231e-09 -1.21834e-09 1.08589e-08
2.79079e-08 -1.62748e-08 1.13646e-08
8.05826e-10 -3.20406e-10 -2.38887e-09
-5.56853e-09 2.30276e-09 -4.16633e-10
-1.12352e-08 -1.18552e-08 1.33175e-08
4.7252e-09 -5.05374e-09 6.50623e-09
-2.11279e-10 -7.12583e-09 -7.16564e-10
-5.44621e-09 -2.06964e-09 -1.94327e-08
2.88557e-09 -3.04779e-10 3.98377e-10
-3.40124e-09 -6.33642e-10 2.19499e-10
-6.56061e-10 1.35456e-09 -9.38085e-10
-1.7689e-09 -1.94077e-10 1.33751e-09
-1.15929e-09 3.32405e-09 -1.46562e-10
4.29987e-09 -5.45401e-09 -1.36305e-08
-1.10062e-08 2.20723e-09 -4.48483e-09
-1.13468e-09 -2.82285e-09 2.51022e-09
-4.57712e-09 -8.49119e-11 2.18519e-09
0.0 0.0 -3.8832e-08
-2.2854e-09 1.45044e-09 1.97764e-10
1.93361e-08 -7.70123e-09 -1.1176e-09
6.9944e-09 2.50558e-08 -8.56615e-09
1.53933e-10 -6.02008e-10 3.46286e-10
3.00587e-09 1.30115e-08 -1.90902e-08
1.02266e-09 7.15821e-10 -3.20429e-09
-3.32816e-09 -3.96603e-09 -1.80091e-11
-3.6266e-09 -1.37315e-09 8.99838e-10
1.20312e-09 2.95626e-09 -4.42241e-10
5.8132e-09 -9.45437e-10 2.23037e-09
1.03428e-09 -2.20573e-09 3.94077e-09
2.36074e-08 -5.39477e-09 6.70988e-09
2.51544e-09 6.12794e-10 8.97425e-10
-7.49047e-11 4.09466e-10 -2.50057e-11
8.37597e-09 8.32474e-09 -2.62709e-09
-8.08923e-09 -4.19259e-09 3.11796e-09
0.0 0.0 -3.8832e-08
-4.12286e-09 1.18872e-09 -3.22516e-10
-2.21879e-09 1.17645e-09 -3.14288e-10
2.90804e-09 -8.32525e-09 1.16186e-09
6.04915e-09 9.63175e-09 -7.00589e-09
1.53858e-08 -8.94993e-09 3.49943e-09
-6.60752e-10 2.19866e-09 -1.73935e-09
2.79653e-09 -9.92089e-09 8.62672e-09
2.85135e-09 2.8839e-09 -2.83736e-08
-4.12207e-09 2.94699e-09 -3.81475e-10
-1.41105e-09 -2.97629e-09 9.90367e-11
-1.212e-08 -4.77873e-10 -1.358e-09
-6.4453e-09 5.42803e-09 -2.35537e-09
1.35252e-08 -5.42063e-09 1.06297e-08
-2.65609e-09 -9.05163e-09 4.2794e-09
0.0 0.0 -3.8832e-08
-2.86472e-09 1.69604e-09 -3.10822e-09
-2.51488e-09 -4.90892e-09 3.56007e-10
-1.97318e-09 8.06232e-10 -3.99885e-10
-5.65199e-09 -6.31961e-10 -2.06988e-09
1.61002e-09 2.51552e-09 -1.76303e-09
8.37402e-10 3.50923e-10 -6.28076e-11
-4.60749e-09 -1.0204e-09 -4.51282e-09
1.13593e-09 9.08846e-09 -2.41546e-09
2.66866e-08 -2.07931e-08 1.94846e-08
1.07317e-09 -1.91289e-09 1.77004e-09
-1.52156e-09 -5.25841e-09 3.04479e-09
-1.56944e-09 -7.27434e-10 -1.1843e-09
-2.19732e-10 -1.95038e-09 1.07716e-09
-9.76629e-10 2.232e-09 8.19922e-10
5.75753e-09 5.39054e-10 2.0723e-11
-3.3912e-09 -1.51422e-08 -1.95576e-08
2.87704e-09 3.46545e-13 6.9616e-09
1.47211e-09 1.76063e-09 3.9563e-10
9.18956e-09 4.68889e-09 1.71808e-08
-4.72679e-09 -3.84757e-09 2.41789e-09
-2.9148e-09 -6.48374e-09 3.72815e-09
-1.31265e-08 -2.06444e-08 2.11717e-08
3.25609e-09 -2.44272e-09 -1.82129e-09
9.2348e-09 -4.25632e-08 9.72742e-08
4.16734e-10 2.04988e-10 9.80101e-12
1.54835e-09 -3.33753e-09 -5.66701e-10
2.329e-10 5.57732e-10 7.77594e-11
1.64598e-08 2.61836e-10 1.60861e-08
-7.63674e-10 1.89495e-09 -6.35376e-10
2.16056e-09 -1.796e-08 1.43212e-08
2.24346e-08 -3.3133e-08 -2.03433e-08
3.1514e-09 -3.50572e-10 -1.64232e-09
-9.67067e-09 -2.89548e-09 -9.19521e-09
1.69149e-08 1.23624e-09 -1.04234e-08
9.52068e-09 8.54378e-10 -3.05014e-08
-9.08638e-09 2.57237e-09 4.88909e-10
-1.44945e-09 -8.99979e-09 -2.37817e-08
-1.4261e-09 3.00802e-09 1.04407e-09
-2.30822e-09 -2.49154e-09 -5.33385e-11
6.3801e-09 -9.19796e-10 -1.79921e-09
-4.38057e-09 4.70062e-09 -2.58256e-09
1.69584e-08 -1.21844e-08 -9.16062e-10
-3.21117e-10 -1.72056e-09 2.2134e-11
-1.68386e-09 5.81808e-09 -3.54818e-08
1.71413e-08 -3.37893e-09 1.09558e-08
-2.72017e-09 -1.04445e-09 1.30833e-10
6.77765e-10 3.47078e-09 -3.76001e-09
-7.73639e-09 2.89727e-09 -1.63984e-09
9.18242e-09 4.48949e-09 -3.75473e-09
-5.75552e-10 8.56175e-09 3.67528e-09
-1.85449e-09 2.57418e-09 2.71198e-10
1.23286e-08 6.26506e-10 4.00664e-09
-1.37332e-09 1.99191e-09 -1.48816e-09
5.12207e-12 -1.12979e-11 -6.51662e-13
-2.35841e-09 -1.01792e-08 1.05768e-08
5.52125e-10 -2.96437e-10 2.73547e-11
-4.06437e-09 -2.33634e-10 4.03828e-11
-1.33572e-09 -3.43066e-10 6.90497e-10
1.48886e-09 2.03039e-09 -2.45267e-09
-4.08804e-09 -6.80019e-10 4.66891e-10
3.62831e-08 -1.21271e-08 2.00923e-08
2.54461e-09 -6.20309e-09 4.96612e-09
-1.24935e-08 -9.81402e-09 -6.70322e-09
-3.51279e-09 -5.92461e-09 -3.43758e-10
-1.46107e-09 3.77137e-09 -1.68808e-09
1.36331e-09 -6.73385e-09 2.47223e-09
-3.59093e-09 -3.47537e-10 -6.05375e-10
7.25434e-09 6.75705e-10 -7.20011e-10
1.01586e-09 -2.50405e-09 -1.25707e-09
1.27207e-09 -1.69412e-09 1.37527e-09
-3.5043e-09 2.29449e-10 -3.91643e-10
2.78579e-10 4.06523e-10 -1.10452e-10
1.00424e-09 5.72451e-10 -5.73458e-10
-4.65688e-09 1.87394e-09 -1.59547e-09
-2.6684e-09 -5.15309e-09 -1.41128e-09
5.93604e-09 4.71491e-09 -2.93471e-08
-2.75984e-09 6.4117e-10 -1.43598e-09
-5.85182e-09 -1.93489e-09 1.12363e-09
1.37028e-08 -5.40117e-09 1.21766e-09
2.38722e-09 1.55e-08 -1.60711e-08
3.16965e-10 8.21157e-10 -5.64095e-10
0.0 0.0 -3.8832e-08
-9.67859e-09 -6.39256e-10 1.58882e-09
-1.10598e-09 -9.49245e-10 2.98701e-09
-2.68639e-09 7.90145e-10 1.0687e-09
-6.07838e-09 -3.78737e-10 3.04019e-10
-7.21313e-09 -5.19592e-09 -2.98378e-09
1.67654e-11 -2.83868e-12 1.10763e-12
-8.64273e-10 3.65658e-09 -2.5311e-09
5.77243e-09 1.13427e-08 -4.02876e-09
-1.02454e-09 1.65144e-09 -2.10426e-09
1.75089e-10 -4.63728e-11 7.80117e-11
6.92221e-10 -2.96429e-10 -1.30896e-09
0.0 0.0 -3.8832e-08
-5.38604e-09 3.43862e-09 -1.01853e-09
5.62419e-09 -4.12362e-09 3.89305e-09
-9.89899e-08 1.33489e-07 3.50071e-07
3.42126e-09 -5.99417e-09 -1.88475e-09
-5.56822e-10 -9.54777e-09 3.39975e-10
-1.6998e-09 3.98585e-10 -4.82932e-10
5.88205e-10 -9.26342e-12 1.33454e-10
-2.29354e-09 -5.31302e-09 5.83358e-09
-1.65191e-09 6.94849e-09 -5.84233e-09
-9.94673e-10 2.57737e-09 -1.0233e-09
-1.35451e-09 4.47804e-10 -9.51619e-10
8.73483e-10 -2.15806e-09 -3.22326e-10
9.07825e-10 -3.43896e-10 4.26034e-10
1.19585e-09 1.15896e-09 -3.43264e-09
-1.67547e-09 5.91917e-10 -4.44049e-09
-4.5459e-10 2.13764e-10 -2.57911e-09
-2.61085e-08 3.72819e-09 -1.91845e-09
-3.31804e-09 4.72335e-09 -4.00233e-09
1.24173e-09 5.2698e-10 -3.14511e-10
1.50284e-08 -1.52035e-08 -7.65147e-09
1.13984e-09 2.38684e-09 -2.44898e-09
2.52202e-10 1.31108e-09 -1.8289e-10
-1.78131e-09 -3.43183e-10 -6.04825e-10
-1.76813e-09 -5.08629e-10 -5.40696e-10
8.23221e-10 2.47905e-09 -4.28088e-11
-1.29722e-09 -1.204e-09 -8.69374e-10
7.21662e-09 -1.85892e-08 2.80015e-08
-5.92052e-11 3.53641e-09 -2.46008e-09
-7.8687e-10 -9.36178e-09 4.76464e-09
-1.73676e-08 -5.09614e-09 -3.09607e-08
1.63493e-08 -9.21057e-09 1.64741e-08
-1.00587e-09 -2.53758e-10 3.03634e-10
-3.89959e-11 -2.36459e-10 -2.75032e-10
-2.28363e-10 -1.68482e-08 1.12144e-08
2.78062e-08 7.12436e-08 -2.07767e-07
1.41167e-08 -2.81124e-09 -1.41881e-08
1.171e-09 3.51921e-09 2.49911e-09
3.56439e-10 -2.4614e-09 8.23625e-10
-9.82415e-10 -2.53428e-09 3.06707e-09
-4.96308e-24 3.97047e-23 6.61744e-24
-2.44508e-09 -8.39472e-10 1.77639e-10
2.34687e-10 3.40882e-10 3.49831e-10
-2.57283e-09 -6.10587e-09 3.34545e-09
-5.05641e-09 6.08883e-10 -4.19707e-10
-2.22954e-09 3.57654e-09 6.59363e-10
3.70146e-08 -1.78108e-08 -8.83403e-09
3.98587e-10 -6.68214e-09 -4.98921e-09
1.18333e-10 1.15871e-10 -1.03409e-09
1.11166e-08 2.25238e-10 8.31592e-09
2.43927e-09 -6.86069e-10 8.62449e-10
-3.82402e-09 -7.71461e-10 3.39344e-10
3.81459e-09 5.79314e-09 -1.1209e-08
-2.0893e-09 6.11365e-09 -3.77297e-09
3.11997e-09 2.92753e-09 -2.26504e-09
-7.29823e-10 3.42743e-10 -1.46799e-09
4.68418e-09 -9.45335e-10 -4.54132e-09
1.77258e-09 3.69542e-09 -1.30284e-09
-1.00058e-10 7.22183e-09 -4.679e-09
-4.5041e-09 9.04528e-09 -8.92396e-09
2.61092e-10 -1.37636e-09 1.51486e-09
-3.45307e-09 2.04797e-10 7.94381e-10
-5.66432e-09 -3.47248e-09 -9.93372e-11
-2.32102e-09 1.39196e-09 -8.85732e-10
-2.71658e-09 1.75501e-09 -1.50832e-09
2.67261e-09 -3.17758e-10 5.06775e-10
1.32183e-09 1.64224e-09 -2.29699e-09
3.14505e-09 -8.64143e-09 -1.77558e-09
3.06384e-09 1.34794e-09 -4.28723e-10
-1.86007e-10 -8.47179e-10 -4.45351e-09
1.82569e-09 -4.30502e-10 -5.23021e-10
8.11786e-10 1.29704e-09 -2.61172e-09
-3.73114e-09 -5.263e-09 3.15781e-09
-2.50058e-09 -1.95545e-10 -5.48962e-09
-2.84623e-09 4.01401e-10 -1.6e-10
5.56057e-10 3.77253e-10 5.16803e-11
1.3298e-09 1.44716e-09 -1.50042e-09
1.53924e-09 -1.51908e-09 -1.83504e-09
7.15874e-10 -7.18388e-11 1.05129e-10
1.85988e-09 -9.52236e-09 8.87904e-10
2.81038e-08 -3.19622e-08 2.92326e-08
-2.03972e-08 -2.59488e-08 1.41759e-08
-5.25684e-09 1.58631e-09 1.04096e-09
-9.81343e-10 -5.75853e-09 3.44011e-09
-1.07631e-09 6.9323e-10 -1.38124e-10
1.37258e-09 1.3252e-10 -7.19091e-10
8.80381e-10 -2.26016e-09 2.18653e-09
7.40012e-10 -1.94688e-09 1.28001e-09
5.35139e-09 1.76252e-08 -1.18052e-09
1.06008e-08 6.71403e-09 -6.06688e-09
3.36642e-09 1.16014e-09 2.35487e-09
-2.82208e-09 -4.01322e-10 -7.66695e-11
-2.74216e-09 -9.29607e-10 -2.38363e-09
4.28643e-10 1.11121e-09 -6.16472e-10
1.28213e-23 1.48893e-23 0.0
3.42281e-09 3.34698e-10 -4.30245e-10
-2.4223e-09 5.70007e-10 -1.61328e-10
3.43926e-09 1.00714e-09 -1.49137e-09
-4.46699e-09 2.81096e-09 2.4381e-10
4.1628e-09 -2.40816e-09 2.24725e-09
8.87598e-11 -2.90524e-09 1.4914e-09
2.70085e-09 -9.52889e-10 -1.43326e-09
1.48839e-10 1.19108e-09 -3.3026e-09
-5.66492e-10 4.72679e-09 -1.85016e-09
-5.2513e-09 -2.80139e-09 -4.44655e-11
1.70263e-09 9.77149e-10 8.30495e-09
-5.10047e-10 -1.32327e-09 -2.88434e-10
3.55688e-23 8.93355e-23 6.61744e-24
-6.87367e-12 1.46407e-12 -1.0005e-12
5.16988e-23 1.90252e-23 0.0
-1.40228e-09 9.04511e-10 -9.01519e-10
1.70132e-09 -4.81946e-09 8.6401e-09
1.35068e-09 -2.49592e-09 -3.19222e-10
-2.80409e-09 4.37587e-10 -1.24037e-10
-3.00719e-09 -2.01308e-09 3.0308e-09
1.39221e-08 8.0325e-09 -3.30627e-08
-9.65161e-10 -1.59911e-10 3.01223e-10
5.20047e-09 -2.05317e-09 1.06133e-08
7.33746e-10 4.14604e-09 1.76325e-10
-6.04808e-10 2.0914e-09 -1.17435e-09
-4.65509e-09 3.86152e-09 -1.76221e-09
1.13629e-09 5.23637e-09 -5.74694e-09
-2.01484e-09 -5.76889e-11 4.16329e-10
1.6834e-09 2.34242e-09 -2.42163e-09
-2.89591e-09 -3.90958e-09 2.99227e-09
4.47664e-10 7.33651e-10 -1.15142e-09
-6.39882e-10 7.51205e-10 9.68465e-10
2.58084e-10 -3.86952e-10 -8.8058e-10
-5.70696e-11 -2.24163e-09 -2.47192e-09
1.26496e-09 1.07649e-08 -1.69557e-08
-6.29616e-10 -1.93473e-09 1.30894e-09
5.07063e-09 -1.65005e-09 -8.09512e-10
-2.70312e-09 9.98941e-10 -6.06834e-10
-2.19172e-09 2.1644e-09 -1.00372e-09
3.99357e-09 1.22605e-09 5.288e-10
-1.37123e-09 4.06776e-10 -3.16368e-10
-7.37747e-09 2.569e-09 -1.7122e-09
3.58715e-09 3.13985e-09 -2.52709e-09
-1.85606e-09 3.50534e-09 -4.15553e-09
-4.26211e-09 -1.09341e-09 -2.86341e-10
-8.79507e-10 -3.65996e-09 2.46278e-09
-3.96929e-09 -1.72383e-10 2.53249e-10
7.44728e-10 -1.13388e-09 -5.09129e-09
-6.34834e-10 1.38701e-09 9.95341e-10
