# vtk DataFile Version 3.0
LIGGGHTS particles timestep 56800000
ASCII
DATASET POLYDATA
POINTS 885 float
0.263594 0.0197165 0.00699742
0.275093 0.0176425 0.00733149
0.262899 0.0188223 0.00710104
0.274808 0.0175487 0.00733724
0.255688 0.0154015 0.00913404
0.268606 0.0186601 0.0069935
0.27373 0.0187314 0.00707321
0.26956 0.0185093 0.0070218
0.268721 0.018136 0.00705719
0.279417 0.017267 0.00733469
0.279477 0.0175382 0.00722112
0.279047 0.0159303 0.00842446
0.268634 0.0189568 0.00695857
0.266753 0.0152996 0.00969475
0.27898 0.0157404 0.00864697
0.267829 0.0167264 0.00770512
0.275441 0.0167355 0.00761576
0.274489 0.0165051 0.00792362
0.279245 0.0165026 0.00775896
0.279534 0.0178133 0.00711591
0.275205 0.0171135 0.00743832
0.275584 0.0175625 0.00736819
0.267702 0.0162474 0.00803959
0.267935 0.0158982 0.00830092
0.278787 0.0151628 0.0093094
0.255928 0.0182709 0.00716555
0.274536 0.0174234 0.00734956
0.274585 0.0166979 0.0077147
0.273528 0.016833 0.00799002
0.263006 0.0185434 0.00712768
0.267944 0.0157434 0.00855767
0.27994 0.0184786 0.00704158
0.273332 0.0166252 0.00789857
0.274243 0.0197389 0.00700334
0.266868 0.0154682 0.00913061
0.279592 0.0180935 0.0070262
0.278851 0.0153579 0.00909078
0.278916 0.0155502 0.00886974
0.273767 0.0176723 0.00726827
0.273379 0.0162928 0.00825024
0.274026 0.0188338 0.00706062
0.279848 0.0192628 0.00711061
0.261958 0.0156441 0.008973
0.261506 0.0177102 0.00724733
0.269481 0.0179207 0.00710705
0.274261 0.0166474 0.00779048
0.268702 0.01667 0.00772645
0.279296 0.0167273 0.00756686
0.262512 0.0160164 0.00860109
0.273891 0.0168425 0.00761128
0.272925 0.0157095 0.00906569
0.274415 0.0170802 0.00741045
0.273995 0.0174832 0.0073146
0.27936 0.0169965 0.00745105
0.273893 0.01825 0.00716245
0.273181 0.0164516 0.00809073
0.272857 0.0155336 0.00929901
0.272723 0.0152144 0.00978772
0.274133 0.0164646 0.00799091
0.27461 0.0180362 0.00723474
0.275129 0.0166277 0.0077505
0.273824 0.0164945 0.00798105
0.274273 0.0194425 0.00696772
0.272528 0.0146627 0.0104687
0.267174 0.0155445 0.00900486
0.26724 0.0156293 0.008725
0.27464 0.0168994 0.00749941
0.273972 0.0162958 0.00817923
0.27299 0.0158857 0.00883173
0.274574 0.018933 0.00706033
0.273604 0.0181535 0.00717286
0.274317 0.0179215 0.00724412
0.279655 0.0183862 0.00704739
0.273667 0.0184423 0.00712201
0.263866 0.0166778 0.00796852
0.274089 0.0191234 0.00701521
0.274532 0.0195921 0.00694821
0.268219 0.0178961 0.00732463
0.27531 0.017441 0.00737973
0.273677 0.0162685 0.00822842
0.273794 0.0190209 0.00702676
0.273812 0.0175563 0.00754112
0.273106 0.0162424 0.00836351
0.267525 0.0166221 0.0077601
0.255958 0.0154301 0.00926279
0.268261 0.0160643 0.00810775
0.273705 0.0173823 0.00732146
0.26839 0.0165596 0.00780029
0.274023 0.0171657 0.00766991
0.268334 0.0189692 0.00695597
0.279108 0.0161209 0.00820118
0.279173 0.0163112 0.00797833
0.273857 0.0193106 0.00698195
0.273577 0.0170747 0.0078191
0.267467 0.0175093 0.00723611
0.279718 0.0186786 0.00706854
0.273751 0.0172657 0.00759404
0.275089 0.0188511 0.00709846
0.267397 0.0161157 0.00805578
0.273528 0.0161092 0.00843458
0.26776 0.0176481 0.00758923
0.273047 0.0160642 0.0085974
0.274243 0.0173198 0.00735683
0.260772 0.0152694 0.00954549
0.27487 0.0178374 0.00728427
0.274114 0.0169727 0.00745914
0.267768 0.0164729 0.00785318
0.263064 0.0167638 0.00786402
0.273901 0.0187459 0.00731912
0.267109 0.0160687 0.00814596
0.272588 0.0148335 0.0102293
0.268283 0.0173736 0.00736382
0.273872 0.0161043 0.00838722
0.275025 0.0173471 0.00738547
0.275479 0.0169964 0.00747275
0.269183 0.0174725 0.00725187
0.267441 0.0169644 0.00785768
0.273595 0.0168844 0.00758792
0.273304 0.0168218 0.00767379
0.273541 0.0178653 0.00722737
0.274931 0.0169931 0.0074496
0.2742 0.0161537 0.00831249
0.263695 0.0170453 0.00760492
0.275069 0.0184517 0.00717456
0.274699 0.0171777 0.00740398
0.254603 0.0151329 0.010276
0.27383 0.0179621 0.00721761
0.266783 0.0149813 0.0109067
0.269763 0.0180362 0.00709772
0.266338 0.0148005 0.011342
0.262684 0.0172184 0.00738423
0.274872 0.0167602 0.0076294
0.263502 0.0180441 0.00715978
0.274185 0.018185 0.00718763
0.261527 0.0171469 0.0074062
0.268999 0.0182722 0.00704348
0.273362 0.0170228 0.00745885
0.262294 0.0163223 0.00827994
0.267888 0.0169803 0.00755671
0.273696 0.016686 0.00778904
0.272616 0.0151323 0.0102674
0.27444 0.0191969 0.00700918
0.267967 0.0161234 0.00810527
0.267357 0.0154456 0.00947735
0.269243 0.0177388 0.00712747
0.268546 0.017901 0.00734901
0.274483 0.0183017 0.00717804
0.267518 0.0157203 0.00865581
0.273421 0.0172861 0.0073277
0.267714 0.0186625 0.00698983
0.255789 0.0188749 0.00737169
0.279783 0.0189707 0.00708957
0.274584 0.0177425 0.00729017
0.26237 0.0171204 0.00747071
0.269407 0.0192038 0.00693235
0.268998 0.0167078 0.00769531
0.267256 0.0167712 0.00799262
0.269723 0.0173073 0.00732455
0.267598 0.0180131 0.00735325
0.275148 0.0179641 0.00727195
0.274357 0.016842 0.00758316
0.272533 0.0149611 0.0104993
0.256598 0.0161511 0.0081317
0.268172 0.0180784 0.00706059
0.274507 0.0198711 0.00705559
0.26321 0.0189346 0.00707214
0.268938 0.0164544 0.00784437
0.27265 0.0150106 0.00999532
0.267995 0.0172229 0.00741604
0.267865 0.0178188 0.00736594
0.268353 0.0163026 0.00795081
0.274508 0.0172816 0.00761247
0.274058 0.0177717 0.00726173
0.262935 0.0176536 0.00721742
0.266813 0.0153839 0.00941306
0.274813 0.0187338 0.00710909
0.266284 0.0149491 0.0115969
0.274312 0.0176172 0.00730254
0.268058 0.0163503 0.00793153
0.26046 0.0148081 0.0107948
0.27455 0.0185896 0.00712549
0.250773 0.0198119 0.00728921
0.267755 0.0176067 0.00718476
0.267908 0.0182203 0.00704279
0.273934 0.0171943 0.00736763
0.268889 0.0174251 0.00728652
0.263957 0.0171605 0.00747431
0.268236 0.0183694 0.00702643
0.268034 0.0200895 0.00720223
0.269102 0.0169576 0.00754693
0.274855 0.0165542 0.00784673
0.268339 0.0176123 0.00719037
0.263044 0.0165537 0.00807712
0.268153 0.0168612 0.00763243
0.266541 0.0150459 0.0105317
0.262968 0.0157862 0.0088556
0.269423 0.0173111 0.00733165
0.27348 0.0175753 0.00727453
0.256127 0.0167965 0.00774449
0.273393 0.0172468 0.00765598
0.267637 0.0157767 0.00838631
0.263989 0.0179408 0.00714669
0.273512 0.0175065 0.00756472
0.275368 0.017765 0.00731982
0.267972 0.0198149 0.00709853
0.2554 0.0172306 0.00749831
0.267849 0.0179297 0.00708768
0.267363 0.0170465 0.0075066
0.261113 0.0162419 0.00830991
0.274133 0.0176763 0.00753606
0.268449 0.0168135 0.00765202
0.267522 0.0156357 0.0089436
0.263317 0.0166558 0.00798507
0.263309 0.0186525 0.00709959
0.262883 0.0163725 0.00825467
0.273957 0.0185384 0.00710963
0.26842 0.0181606 0.00720772
0.263068 0.0196197 0.00700053
0.268401 0.0178868 0.00708658
0.263394 0.0172995 0.00733276
0.267588 0.0168777 0.00761082
0.26826 0.0171021 0.00748917
0.261653 0.0165509 0.00801882
0.269218 0.0189722 0.00695898
0.262961 0.0182484 0.00716394
0.261621 0.0156168 0.00903749
0.268021 0.0174806 0.00726485
0.260578 0.014726 0.0102362
0.274319 0.0187755 0.00708163
0.255641 0.0183243 0.00709933
0.275096 0.0164232 0.00796743
0.261781 0.0163636 0.00821522
0.261976 0.0174395 0.00751086
0.262923 0.0179523 0.00719281
0.269155 0.0186745 0.0069939
0.262211 0.0195887 0.00704962
0.266919 0.0155495 0.00884631
0.267972 0.0185113 0.00700866
0.273643 0.0170902 0.00737507
0.268445 0.0196358 0.00702844
0.274774 0.0183957 0.00717258
0.257247 0.0168005 0.00767731
0.268419 0.0192735 0.00692035
0.267652 0.0159801 0.00816635
0.273533 0.0164548 0.00804294
0.267587 0.0180794 0.00706089
0.262351 0.017946 0.00750649
0.269125 0.017216 0.00739615
0.262509 0.0167308 0.0078732
0.261651 0.015428 0.00926858
0.267174 0.0162866 0.00795036
0.263625 0.0191929 0.00702112
0.268094 0.0166072 0.00778092
0.267779 0.0189553 0.00699445
0.269378 0.0170552 0.00748169
0.274252 0.0184873 0.00713226
0.269903 0.0175125 0.00719977
0.268915 0.0188536 0.00697184
0.274728 0.0163712 0.00804763
0.274361 0.0163225 0.00812416
0.268126 0.0191839 0.00692982
0.255116 0.0153496 0.00909332
0.268907 0.0195245 0.00698407
0.26351 0.0189186 0.00705864
0.254261 0.0146942 0.0116603
0.268306 0.0186726 0.0069909
0.26698 0.0156897 0.00858835
0.261178 0.0164485 0.00810235
0.268974 0.0191457 0.00693764
0.267333 0.0159033 0.00825761
0.26272 0.0184262 0.00715584
0.268949 0.0176836 0.0071466
0.261932 0.0166349 0.00794549
0.267295 0.0165025 0.00811986
0.263081 0.0160445 0.00859745
0.263214 0.0156714 0.00898332
0.272789 0.0153593 0.0095333
0.261394 0.0170258 0.00792319
0.255733 0.0183301 0.0073849
0.261637 0.0159903 0.00858923
0.263245 0.0183622 0.00713954
0.26225 0.0161121 0.00849208
0.261957 0.0197487 0.00704625
0.267723 0.0170785 0.00778797
0.267517 0.017734 0.00742836
0.255929 0.0196179 0.00708999
0.267646 0.0171334 0.0074614
0.268741 0.015982 0.00822835
0.26363 0.018645 0.00708397
0.256172 0.0197963 0.00710813
0.261579 0.0168669 0.00769368
0.268718 0.0193008 0.00691826
0.267449 0.0155901 0.009231
0.26972 0.0177424 0.00714015
0.255046 0.0152403 0.00936369
0.26799 0.0180887 0.00729958
0.256691 0.0182085 0.00714098
0.274902 0.0181305 0.00722923
0.268973 0.0179762 0.00708476
0.268831 0.0171695 0.00743233
0.2747 0.0193465 0.00698966
0.266401 0.0149693 0.011102
0.251061 0.0185748 0.00698711
0.26927 0.0183999 0.00703002
0.269825 0.0183711 0.00704967
0.263513 0.0163033 0.00835282
0.263543 0.0183395 0.00712361
0.26228 0.019908 0.00700771
0.261642 0.0171944 0.00781267
0.262378 0.0179222 0.0072087
0.26765 0.0183715 0.00702395
0.267744 0.0182674 0.00728919
0.268076 0.0177352 0.00711585
0.263366 0.0161169 0.00853622
0.251218 0.0191813 0.00711188
0.254549 0.0148754 0.0103947
0.255646 0.0173898 0.00756098
0.268883 0.0185468 0.00700801
0.26156 0.0158084 0.00881486
0.257174 0.0165575 0.00783752
0.267302 0.0167929 0.00765476
0.267238 0.0165397 0.00780257
0.266611 0.0151304 0.0102525
0.268902 0.0161974 0.00799479
0.256531 0.0193925 0.00713286
0.251473 0.0190236 0.00709566
0.269246 0.018104 0.0070733
0.268697 0.0178396 0.00709738
0.275169 0.0168315 0.00753396
0.263207 0.0192943 0.00703088
0.269524 0.0182145 0.00706462
0.256022 0.0200556 0.00709804
0.274003 0.0195701 0.00694328
0.261691 0.0168447 0.00797108
0.269481 0.0175651 0.00718229
0.26135 0.0170484 0.00762735
0.251845 0.0169222 0.00771191
0.249991 0.0158956 0.0083078
0.255899 0.0173476 0.00740385
0.262304 0.0188032 0.00713375
0.2682 0.0194713 0.00697328
0.267777 0.0157219 0.00880596
0.263778 0.0164061 0.00825171
0.266465 0.0149609 0.0108092
0.256307 0.0154896 0.00903302
0.267428 0.0173381 0.0074793
0.267107 0.0154532 0.00931153
0.263192 0.0174937 0.00722604
0.262554 0.0158092 0.00881398
0.266685 0.0152178 0.00997526
0.267868 0.0173144 0.00767178
0.268606 0.0161616 0.00802949
0.256533 0.0173497 0.00736591
0.256497 0.0163914 0.00798325
0.267528 0.0177902 0.00711474
0.263661 0.0168358 0.00781687
0.262211 0.0181643 0.00726502
0.251798 0.0163829 0.00797071
0.251771 0.0178553 0.00727231
0.256458 0.0156832 0.00848716
0.260897 0.0156325 0.00908439
0.26297 0.0191136 0.00706385
0.268642 0.0164165 0.00787552
0.262071 0.0171032 0.00747461
0.263485 0.0175587 0.00721201
0.263106 0.0169728 0.00765295
0.25644 0.0168411 0.00770563
0.255319 0.0167393 0.00809725
0.250908 0.0190838 0.00701024
0.264043 0.0173578 0.00726543
0.262165 0.0159077 0.00869653
0.249501 0.0176844 0.00743706
0.262123 0.0184359 0.00717298
0.261854 0.0158327 0.00876404
0.262077 0.0202992 0.00719755
0.26208 0.0178924 0.00721822
0.255601 0.0180553 0.00735239
0.267835 0.0155693 0.00905776
0.267044 0.015855 0.0083461
0.25508 0.0150277 0.0106818
0.257831 0.018908 0.00720698
0.269163 0.0193786 0.00692757
0.26126 0.0158098 0.00883288
0.261444 0.0174033 0.00727442
0.262337 0.0165327 0.00806749
0.256522 0.0170984 0.00752941
0.251317 0.016943 0.00770261
0.268036 0.0188024 0.00697453
0.262077 0.0177709 0.00749248
0.268577 0.0173128 0.00735761
0.267756 0.017408 0.00740949
0.261691 0.0173645 0.00756657
0.257092 0.0172364 0.00740636
0.250153 0.0194275 0.0071041
0.257138 0.0160573 0.00816511
0.24868 0.0149584 0.0097929
0.256817 0.0159913 0.00826175
0.263774 0.0174787 0.00721095
0.261858 0.0180936 0.00720681
0.258041 0.0173888 0.00725378
0.260835 0.0154508 0.009315
0.261583 0.0161961 0.00837782
0.262724 0.0192852 0.0070567
0.268636 0.0175727 0.00722008
0.268555 0.0170541 0.00750787
0.262212 0.0172982 0.00765344
0.250614 0.0189725 0.00701522
0.261461 0.0163852 0.00817921
0.262534 0.0169478 0.00765326
0.255866 0.0177908 0.0071212
0.268808 0.0169111 0.00758309
0.263261 0.01588 0.00877292
0.267461 0.0163692 0.00790828
0.255991 0.0187087 0.00720369
0.25699 0.0183133 0.00716274
0.256955 0.0177186 0.00720401
0.260666 0.0152141 0.0100449
0.262016 0.0162453 0.00835973
0.262012 0.0175963 0.00724457
0.262721 0.0156384 0.00899528
0.262781 0.016826 0.0077882
0.260596 0.0150336 0.0102744
0.243595 0.0181127 0.00714101
0.26228 0.0157182 0.00889854
0.263685 0.0172579 0.0073935
0.262757 0.016616 0.00800109
0.262234 0.01693 0.00765827
0.256016 0.018465 0.00737702
0.261828 0.019167 0.00711729
0.249122 0.0163368 0.00841915
0.262063 0.0154628 0.0091878
0.262125 0.0173195 0.00726491
0.262151 0.0192974 0.00708884
0.261725 0.0175071 0.00726751
0.261374 0.0166599 0.0080178
0.25767 0.0173511 0.00729942
0.257308 0.0170557 0.00750989
0.255564 0.0168128 0.00775846
0.261893 0.0194577 0.00708171
0.261329 0.0160814 0.0084888
0.255198 0.0150802 0.010104
0.26245 0.0194088 0.00705648
0.262016 0.0200426 0.0070547
0.263403 0.0170868 0.00754981
0.261764 0.0188753 0.00714387
0.267844 0.0192476 0.00701137
0.268722 0.0197447 0.00706836
0.2573 0.0184846 0.00740495
0.257061 0.0158679 0.00838462
0.261793 0.0178015 0.00723274
0.254993 0.015822 0.00876554
0.262822 0.017035 0.0075771
0.257375 0.0173129 0.00734097
0.25578 0.0161031 0.00848215
0.263546 0.0159528 0.00871124
0.262259 0.0175332 0.00747297
0.261791 0.0176773 0.00750577
0.254838 0.0153823 0.00920066
0.255431 0.0163129 0.00806119
0.263137 0.0162654 0.00837488
0.255552 0.0152502 0.00969861
0.263943 0.0169196 0.0077165
0.256725 0.0169071 0.00763897
0.256292 0.0162122 0.00811008
0.261494 0.0176465 0.00754028
0.263307 0.0198007 0.00702124
0.263667 0.0177947 0.00718001
0.263299 0.0164457 0.00819838
0.251251 0.0181544 0.00709619
0.263583 0.0165653 0.00808901
0.255079 0.015978 0.00825709
0.263464 0.0194458 0.0070043
0.254833 0.0149638 0.0102552
0.263369 0.0168772 0.00776189
0.26306 0.017582 0.00748063
0.256198 0.0173455 0.00738792
0.255483 0.015569 0.00872953
0.269453 0.0187865 0.0069818
0.262622 0.0199731 0.00706272
0.249377 0.0171331 0.00749922
0.243424 0.0173211 0.00743732
0.255327 0.0158602 0.00866144
0.248864 0.0155525 0.00927139
0.262686 0.0174918 0.00726086
0.264022 0.0176444 0.00717914
0.256522 0.0159087 0.00829162
0.25527 0.0167302 0.00780142
0.255304 0.0158119 0.00836565
0.268441 0.0158935 0.00827619
0.262942 0.0173356 0.00727612
0.26284 0.0161636 0.00846551
0.254361 0.0149578 0.0112796
0.248245 0.0147708 0.0117608
0.255448 0.0150939 0.0102683
0.26157 0.018002 0.00722143
0.263203 0.0180673 0.00717497
0.261285 0.0167878 0.00776133
0.256971 0.0189667 0.00716336
0.262428 0.0173276 0.00726166
0.256398 0.0182694 0.0071198
0.262658 0.0178126 0.00721088
0.26179 0.0170814 0.00757758
0.254216 0.0148964 0.0118926
0.26378 0.0181554 0.00713269
0.255694 0.0180307 0.00706819
0.249122 0.0161647 0.00817355
0.26221 0.01672 0.00787108
0.262017 0.0187158 0.00715105
0.255446 0.0156744 0.00912346
0.255944 0.0160539 0.00823257
0.25599 0.0165756 0.00789422
0.262556 0.0162254 0.00839013
0.261875 0.0168401 0.00773403
0.256464 0.018562 0.00712545
0.254662 0.015006 0.00994989
0.251144 0.0188995 0.00698849
0.256143 0.0184706 0.00710201
0.256951 0.0167351 0.00773636
0.256523 0.0176415 0.00749671
0.262419 0.0176265 0.00723723
0.261134 0.0154464 0.00929313
0.244244 0.0185983 0.00715777
0.260518 0.0146856 0.0105272
0.255302 0.0152321 0.00953333
0.261414 0.0173369 0.00767835
0.256365 0.0175705 0.00725165
0.268536 0.0183704 0.00702746
0.263809 0.018904 0.00704497
0.26262 0.0176856 0.00748003
0.254806 0.0148845 0.010631
0.267909 0.0195401 0.00699604
0.262422 0.0184582 0.00716274
0.256012 0.0155036 0.00897713
0.255823 0.0152715 0.00982559
0.255526 0.0177927 0.0071396
0.262589 0.0187053 0.00713042
0.257531 0.0189003 0.00720365
0.262598 0.0164344 0.00817905
0.249803 0.0190502 0.00705543
0.256733 0.0179116 0.00714294
0.254396 0.0146935 0.0110788
0.256157 0.0163373 0.00834669
0.256321 0.0179154 0.00739143
0.260638 0.014908 0.0100053
0.249693 0.0166128 0.00778079
0.262796 0.0159547 0.00867634
0.25588 0.0158034 0.00838506
0.24412 0.0168795 0.00779873
0.255682 0.0161758 0.00815174
0.25551 0.0163332 0.00834994
0.243721 0.0182185 0.00739163
0.262772 0.0195791 0.00702039
0.262059 0.0164476 0.00814189
0.25675 0.0191881 0.00714808
0.255589 0.0165853 0.00820559
0.255238 0.0151542 0.0098157
0.261042 0.0160405 0.00856568
0.263281 0.0177787 0.00719859
0.257599 0.0171075 0.00745986
0.255756 0.0188434 0.00707517
0.250347 0.0158854 0.00828459
0.255495 0.0151689 0.00998163
0.242555 0.014727 0.0103504
0.262531 0.0181794 0.00718335
0.262498 0.0197028 0.00702142
0.262084 0.019007 0.00712422
0.250108 0.0166567 0.0077773
0.256242 0.0188448 0.00711028
0.257241 0.0178056 0.00717931
0.256237 0.0170335 0.00759735
0.250256 0.0200306 0.00727949
0.251487 0.0192989 0.00721394
0.249546 0.0178936 0.00722675
0.260961 0.0158136 0.00885412
0.263852 0.0184441 0.00709571
0.255368 0.0153095 0.00925105
0.250645 0.0178412 0.00721801
0.255858 0.0169217 0.00779047
0.262434 0.0155393 0.00908364
0.251822 0.0166525 0.0078413
0.252084 0.0179761 0.0071984
0.250478 0.0198294 0.00723867
0.255857 0.016349 0.00832864
0.261635 0.0182938 0.00719552
0.248864 0.0153709 0.00901936
0.254807 0.0154358 0.00949421
0.256855 0.0164634 0.00791634
0.243477 0.0175501 0.00725093
0.256723 0.0187992 0.00714492
0.257521 0.0184701 0.00720156
0.256683 0.0196512 0.00714459
0.260707 0.0150884 0.00977557
0.262907 0.0173265 0.00757398
0.24303 0.0159881 0.00858033
0.256199 0.017795 0.00714282
0.249702 0.0162956 0.00802032
0.261843 0.0172379 0.00732738
0.254287 0.0149656 0.0116095
0.255618 0.0159247 0.00830385
0.256983 0.0156785 0.00860381
0.249933 0.0196359 0.00706213
0.254331 0.0146692 0.0113701
0.255619 0.0153234 0.0094153
0.25495 0.0155509 0.00864411
0.26314 0.0171823 0.00744103
0.257424 0.0175685 0.00719185
0.256293 0.0192117 0.00711546
0.255176 0.0154557 0.00881922
0.249737 0.015378 0.00898999
0.242729 0.014959 0.00949841
0.263693 0.0161392 0.00852783
0.256042 0.0175653 0.00725579
0.251241 0.0194692 0.00723719
0.250735 0.0166822 0.00779977
0.243995 0.0164267 0.00817179
0.255194 0.0165008 0.00825231
0.254433 0.0149759 0.0109889
0.256662 0.0166619 0.00779998
0.254974 0.0151408 0.00963738
0.249641 0.016067 0.00820451
0.256165 0.0157296 0.00844358
0.250979 0.0193605 0.00714021
0.248928 0.0155298 0.00877307
0.2488 0.0152008 0.0092579
0.255889 0.0153554 0.00954506
0.256008 0.0162997 0.00807032
0.243162 0.0164274 0.00819353
0.26237 0.0190934 0.00709691
0.249317 0.0168656 0.00762892
0.255237 0.0155929 0.0085595
0.257722 0.0181353 0.00721512
0.250332 0.0177286 0.00725648
0.250181 0.0163197 0.00796388
0.248796 0.0153859 0.00951991
0.251092 0.0173566 0.00748424
0.25639 0.0155681 0.00875569
0.25602 0.0190461 0.00709486
0.256743 0.0157654 0.00844506
0.256159 0.0180893 0.00710194
0.257318 0.0186906 0.00718755
0.255206 0.0164795 0.00795331
0.256203 0.0194978 0.00710943
0.255339 0.0169861 0.00766102
0.256834 0.0180206 0.00740348
0.257138 0.0174849 0.00724414
0.25511 0.0150033 0.0103803
0.255736 0.0167358 0.00799171
0.249583 0.0156239 0.00855756
0.249921 0.0156605 0.00849777
0.250847 0.0175284 0.00746259
0.256898 0.0162164 0.00808097
0.250676 0.0192709 0.00704324
0.255367 0.0160623 0.00821328
0.248906 0.0147821 0.0101279
0.248304 0.014653 0.0114913
0.257288 0.0182819 0.00718414
0.255946 0.0170996 0.00756557
0.249386 0.015198 0.00932347
0.251438 0.0174752 0.00744464
0.25633 0.0166055 0.00785539
0.255748 0.0164302 0.00799765
0.255814 0.0155779 0.00857153
0.251718 0.0188529 0.00707216
0.255452 0.0160801 0.0085004
0.254954 0.0150715 0.00992859
0.24442 0.0181277 0.00714292
0.25543 0.0153879 0.00896298
0.249609 0.0181797 0.00716281
0.243593 0.0169433 0.00774768
0.25025 0.0186509 0.00702541
0.249188 0.0163982 0.0079852
0.257444 0.0180259 0.00719466
0.251317 0.0184191 0.00696973
0.261932 0.016035 0.00855658
0.262522 0.0174103 0.00754821
0.262654 0.0189957 0.00709361
0.250089 0.0191384 0.00705598
0.255699 0.0158616 0.00864047
0.257026 0.0169775 0.00757642
0.262017 0.0171033 0.00777196
0.255457 0.0174886 0.00733885
0.248618 0.0148216 0.0100527
0.256255 0.0186383 0.00732751
0.249517 0.0154598 0.00879974
0.256095 0.0156037 0.00870689
0.251744 0.0161175 0.00809971
0.248559 0.014714 0.0103262
0.25644 0.0179724 0.00712194
0.251233 0.016396 0.00797007
0.257014 0.0180143 0.00716358
0.249217 0.0154525 0.00878407
0.251938 0.0171778 0.00758551
0.256229 0.015969 0.00827398
0.251588 0.0170661 0.00765654
0.249978 0.017259 0.00750873
0.258117 0.0176787 0.00724229
0.257534 0.0168628 0.00762072
0.255739 0.0175656 0.00727334
0.249677 0.0171329 0.00751615
0.248917 0.015708 0.00902052
0.249284 0.0157729 0.0084658
0.244179 0.0183057 0.0071482
0.255494 0.0165708 0.00792139
0.249926 0.016129 0.008131
0.255647 0.0157541 0.00891567
0.251578 0.0182728 0.00705563
0.24355 0.0175601 0.00756788
0.249956 0.0185522 0.00704934
0.257023 0.0186377 0.00716611
0.256658 0.0176342 0.00722862
0.25718 0.0191817 0.00717909
0.251871 0.0183873 0.00701414
0.243388 0.016275 0.00831832
0.257462 0.0166196 0.00778097
0.261203 0.0156267 0.00906351
0.257213 0.0180687 0.00738163
0.254928 0.0156834 0.00902356
0.243957 0.0185078 0.0071543
0.251185 0.017614 0.00736142
0.244113 0.0180131 0.00713863
0.250407 0.016495 0.00787449
0.25024 0.0180178 0.00738146
0.257173 0.0163057 0.00800057
0.249616 0.0168704 0.00764788
0.251741 0.0175863 0.00740186
0.249436 0.0173993 0.00737009
0.25681 0.0171582 0.00747286
0.25779 0.0185999 0.00722145
0.249999 0.0175363 0.00733353
0.255858 0.0192979 0.00708387
0.257627 0.017789 0.0072072
0.255015 0.0157272 0.00840905
0.249706 0.0158336 0.00838144
0.254888 0.0154117 0.00890279
0.252129 0.0182431 0.00706913
0.24285 0.0153794 0.00911887
0.250266 0.0171771 0.00752717
0.255554 0.0156739 0.00845576
0.250529 0.0173113 0.00747515
0.24837 0.0146546 0.0111986
0.248992 0.0157089 0.00854136
0.255091 0.0160117 0.00855492
0.250207 0.0169124 0.00765563
0.249894 0.0178162 0.00746193
0.249025 0.0150598 0.00960993
0.243458 0.0164944 0.00812469
0.255923 0.0166042 0.00818537
0.249151 0.0153061 0.00907774
0.251294 0.0166731 0.00783565
0.257836 0.0176004 0.0073113
0.248847 0.0146823 0.0104045
0.24379 0.0189901 0.00716954
0.248435 0.0146385 0.0109063
0.250442 0.0195194 0.00714085
0.252028 0.0177111 0.00732732
0.243725 0.0186974 0.00715997
0.255647 0.0170854 0.00758666
0.256205 0.0176568 0.00749036
0.249813 0.0179666 0.00710894
0.248739 0.0150697 0.00952076
0.244061 0.0166525 0.00798576
0.256757 0.0185011 0.00714647
0.25036 0.0161215 0.00809995
0.24945 0.01533 0.0090617
0.243887 0.0170263 0.00767857
0.242915 0.015598 0.00892407
0.257887 0.0171716 0.00740214
0.249738 0.0187576 0.0070662
0.254766 0.0151478 0.00942088
0.251681 0.0173219 0.00753062
0.256205 0.0165215 0.00811485
0.257908 0.0178931 0.0072278
0.255208 0.0162388 0.00839771
0.249349 0.0160009 0.00828183
0.256792 0.0168986 0.00793131
0.255142 0.0162287 0.0081052
0.251381 0.0183709 0.00725883
0.255742 0.0154776 0.00884902
0.242673 0.0148823 0.00978314
0.243829 0.0167992 0.00786561
0.249804 0.0155088 0.00872847
0.244177 0.0171068 0.00761151
0.24353 0.01782 0.00713127
0.249474 0.0164578 0.00791353
0.250925 0.0177521 0.00727807
0.250464 0.0182578 0.00700664
0.243365 0.0170939 0.00762429
0.250115 0.0180655 0.00707666
0.250285 0.0174623 0.0073864
0.249739 0.0173987 0.00739203
0.249868 0.019343 0.00705878
0.250316 0.0189436 0.00702873
0.249996 0.0199158 0.00718379
0.25074 0.0195394 0.00716837
0.250046 0.0178026 0.00720361
0.251827 0.0181204 0.00714375
0.249057 0.0159368 0.00835747
0.250744 0.0184525 0.00701689
0.251531 0.0165111 0.00792389
0.243542 0.0178269 0.00743092
0.251047 0.0168195 0.00774896
0.248131 0.0149978 0.0122711
0.24941 0.0162297 0.00809755
0.243299 0.0168699 0.0078124
0.250991 0.0180156 0.00715066
0.25151 0.0180098 0.00718265
0.250217 0.0197182 0.00714091
0.248196 0.0149703 0.0119795
0.249254 0.0166275 0.0078002
0.248982 0.0158829 0.00878552
0.249087 0.0151752 0.00933997
0.244087 0.0190931 0.00717343
0.25051 0.0170265 0.00761581
0.248076 0.0150878 0.0125525
0.251069 0.0170883 0.0076164
0.252006 0.0187695 0.00705365
0.250378 0.0192385 0.00704202
0.243239 0.0158226 0.00871787
0.251998 0.0174421 0.00745674
0.243231 0.0166473 0.00800169
0.256838 0.0174088 0.00731036
0.250401 0.0179915 0.00712953
0.249922 0.0164469 0.00788275
0.249609 0.0161253 0.008497
0.25138 0.0187148 0.00697324
0.242975 0.0158841 0.00885612
0.25651 0.0190095 0.00715971
0.250023 0.0188462 0.00704104
0.243527 0.0167174 0.00793483
0.243654 0.0171723 0.007559
0.251245 0.0178785 0.00723313
0.243996 0.0174818 0.0073034
0.250657 0.0161479 0.0080612
0.250852 0.0187893 0.00700223
0.244048 0.0177202 0.00712906
0.244617 0.0176905 0.00712994
0.250799 0.0169648 0.00766274
0.249047 0.0161108 0.00860159
0.243098 0.016207 0.00838682
0.249959 0.0181088 0.00732927
0.250732 0.0181566 0.00709439
0.243847 0.0178239 0.00741828
0.257646 0.0191771 0.0071857
0.250738 0.0186501 0.00724255
0.249738 0.0176653 0.00725465
0.250181 0.018356 0.00702222
0.251473 0.0162386 0.00805651
0.249887 0.0182598 0.00708042
0.243855 0.0192828 0.00717911
0.237469 0.0175216 0.00717661
0.24371 0.017403 0.00736902
0.251633 0.0185673 0.00703848
0.255236 0.0157328 0.00891725
0.255711 0.0185874 0.00722496
0.243215 0.0155977 0.0089149
0.250995 0.0165539 0.00787817
0.251497 0.0177398 0.00731631
0.243825 0.0179205 0.00713509
0.24992 0.0169807 0.00760547
0.24366 0.0184046 0.0071645
0.243762 0.0165734 0.00805165
0.250451 0.0167617 0.00774427
0.251345 0.0172178 0.00756746
0.243759 0.0176315 0.00718083
0.244022 0.0188004 0.00716387
0.243945 0.0172536 0.00749136
0.243891 0.0182151 0.00714473
0.248967 0.0149132 0.00986517
0.243694 0.0163516 0.00824185
0.242793 0.015221 0.0093671
0.250993 0.0182842 0.0070171
0.244228 0.017335 0.00742356
0.250815 0.0172375 0.00752796
0.250218 0.0156775 0.00845848
0.244354 0.0178351 0.00713335
0.242615 0.0148044 0.0100669
0.251565 0.016797 0.00778712
0.250698 0.0164148 0.00793071
0.248498 0.0146517 0.0106133
0.252135 0.0185189 0.00695107
0.250549 0.0186798 0.0070119
0.24428 0.017563 0.00723574
0.249673 0.0184684 0.00711278
0.250576 0.0175783 0.00734494
0.243323 0.0160544 0.00851289

VERTICES 885 1770
1 0
1 1
1 2
1 3
1 4
1 5
1 6
1 7
1 8
1 9
1 10
1 11
1 12
1 13
1 14
1 15
1 16
1 17
1 18
1 19
1 20
1 21
1 22
1 23
1 24
1 25
1 26
1 27
1 28
1 29
1 30
1 31
1 32
1 33
1 34
1 35
1 36
1 37
1 38
1 39
1 40
1 41
1 42
1 43
1 44
1 45
1 46
1 47
1 48
1 49
1 50
1 51
1 52
1 53
1 54
1 55
1 56
1 57
1 58
1 59
1 60
1 61
1 62
1 63
1 64
1 65
1 66
1 67
1 68
1 69
1 70
1 71
1 72
1 73
1 74
1 75
1 76
1 77
1 78
1 79
1 80
1 81
1 82
1 83
1 84
1 85
1 86
1 87
1 88
1 89
1 90
1 91
1 92
1 93
1 94
1 95
1 96
1 97
1 98
1 99
1 100
1 101
1 102
1 103
1 104
1 105
1 106
1 107
1 108
1 109
1 110
1 111
1 112
1 113
1 114
1 115
1 116
1 117
1 118
1 119
1 120
1 121
1 122
1 123
1 124
1 125
1 126
1 127
1 128
1 129
1 130
1 131
1 132
1 133
1 134
1 135
1 136
1 137
1 138
1 139
1 140
1 141
1 142
1 143
1 144
1 145
1 146
1 147
1 148
1 149
1 150
1 151
1 152
1 153
1 154
1 155
1 156
1 157
1 158
1 159
1 160
1 161
1 162
1 163
1 164
1 165
1 166
1 167
1 168
1 169
1 170
1 171
1 172
1 173
1 174
1 175
1 176
1 177
1 178
1 179
1 180
1 181
1 182
1 183
1 184
1 185
1 186
1 187
1 188
1 189
1 190
1 191
1 192
1 193
1 194
1 195
1 196
1 197
1 198
1 199
1 200
1 201
1 202
1 203
1 204
1 205
1 206
1 207
1 208
1 209
1 210
1 211
1 212
1 213
1 214
1 215
1 216
1 217
1 218
1 219
1 220
1 221
1 222
1 223
1 224
1 225
1 226
1 227
1 228
1 229
1 230
1 231
1 232
1 233
1 234
1 235
1 236
1 237
1 238
1 239
1 240
1 241
1 242
1 243
1 244
1 245
1 246
1 247
1 248
1 249
1 250
1 251
1 252
1 253
1 254
1 255
1 256
1 257
1 258
1 259
1 260
1 261
1 262
1 263
1 264
1 265
1 266
1 267
1 268
1 269
1 270
1 271
1 272
1 273
1 274
1 275
1 276
1 277
1 278
1 279
1 280
1 281
1 282
1 283
1 284
1 285
1 286
1 287
1 288
1 289
1 290
1 291
1 292
1 293
1 294
1 295
1 296
1 297
1 298
1 299
1 300
1 301
1 302
1 303
1 304
1 305
1 306
1 307
1 308
1 309
1 310
1 311
1 312
1 313
1 314
1 315
1 316
1 317
1 318
1 319
1 320
1 321
1 322
1 323
1 324
1 325
1 326
1 327
1 328
1 329
1 330
1 331
1 332
1 333
1 334
1 335
1 336
1 337
1 338
1 339
1 340
1 341
1 342
1 343
1 344
1 345
1 346
1 347
1 348
1 349
1 350
1 351
1 352
1 353
1 354
1 355
1 356
1 357
1 358
1 359
1 360
1 361
1 362
1 363
1 364
1 365
1 366
1 367
1 368
1 369
1 370
1 371
1 372
1 373
1 374
1 375
1 376
1 377
1 378
1 379
1 380
1 381
1 382
1 383
1 384
1 385
1 386
1 387
1 388
1 389
1 390
1 391
1 392
1 393
1 394
1 395
1 396
1 397
1 398
1 399
1 400
1 401
1 402
1 403
1 404
1 405
1 406
1 407
1 408
1 409
1 410
1 411
1 412
1 413
1 414
1 415
1 416
1 417
1 418
1 419
1 420
1 421
1 422
1 423
1 424
1 425
1 426
1 427
1 428
1 429
1 430
1 431
1 432
1 433
1 434
1 435
1 436
1 437
1 438
1 439
1 440
1 441
1 442
1 443
1 444
1 445
1 446
1 447
1 448
1 449
1 450
1 451
1 452
1 453
1 454
1 455
1 456
1 457
1 458
1 459
1 460
1 461
1 462
1 463
1 464
1 465
1 466
1 467
1 468
1 469
1 470
1 471
1 472
1 473
1 474
1 475
1 476
1 477
1 478
1 479
1 480
1 481
1 482
1 483
1 484
1 485
1 486
1 487
1 488
1 489
1 490
1 491
1 492
1 493
1 494
1 495
1 496
1 497
1 498
1 499
1 500
1 501
1 502
1 503
1 504
1 505
1 506
1 507
1 508
1 509
1 510
1 511
1 512
1 513
1 514
1 515
1 516
1 517
1 518
1 519
1 520
1 521
1 522
1 523
1 524
1 525
1 526
1 527
1 528
1 529
1 530
1 531
1 532
1 533
1 534
1 535
1 536
1 537
1 538
1 539
1 540
1 541
1 542
1 543
1 544
1 545
1 546
1 547
1 548
1 549
1 550
1 551
1 552
1 553
1 554
1 555
1 556
1 557
1 558
1 559
1 560
1 561
1 562
1 563
1 564
1 565
1 566
1 567
1 568
1 569
1 570
1 571
1 572
1 573
1 574
1 575
1 576
1 577
1 578
1 579
1 580
1 581
1 582
1 583
1 584
1 585
1 586
1 587
1 588
1 589
1 590
1 591
1 592
1 593
1 594
1 595
1 596
1 597
1 598
1 599
1 600
1 601
1 602
1 603
1 604
1 605
1 606
1 607
1 608
1 609
1 610
1 611
1 612
1 613
1 614
1 615
1 616
1 617
1 618
1 619
1 620
1 621
1 622
1 623
1 624
1 625
1 626
1 627
1 628
1 629
1 630
1 631
1 632
1 633
1 634
1 635
1 636
1 637
1 638
1 639
1 640
1 641
1 642
1 643
1 644
1 645
1 646
1 647
1 648
1 649
1 650
1 651
1 652
1 653
1 654
1 655
1 656
1 657
1 658
1 659
1 660
1 661
1 662
1 663
1 664
1 665
1 666
1 667
1 668
1 669
1 670
1 671
1 672
1 673
1 674
1 675
1 676
1 677
1 678
1 679
1 680
1 681
1 682
1 683
1 684
1 685
1 686
1 687
1 688
1 689
1 690
1 691
1 692
1 693
1 694
1 695
1 696
1 697
1 698
1 699
1 700
1 701
1 702
1 703
1 704
1 705
1 706
1 707
1 708
1 709
1 710
1 711
1 712
1 713
1 714
1 715
1 716
1 717
1 718
1 719
1 720
1 721
1 722
1 723
1 724
1 725
1 726
1 727
1 728
1 729
1 730
1 731
1 732
1 733
1 734
1 735
1 736
1 737
1 738
1 739
1 740
1 741
1 742
1 743
1 744
1 745
1 746
1 747
1 748
1 749
1 750
1 751
1 752
1 753
1 754
1 755
1 756
1 757
1 758
1 759
1 760
1 761
1 762
1 763
1 764
1 765
1 766
1 767
1 768
1 769
1 770
1 771
1 772
1 773
1 774
1 775
1 776
1 777
1 778
1 779
1 780
1 781
1 782
1 783
1 784
1 785
1 786
1 787
1 788
1 789
1 790
1 791
1 792
1 793
1 794
1 795
1 796
1 797
1 798
1 799
1 800
1 801
1 802
1 803
1 804
1 805
1 806
1 807
1 808
1 809
1 810
1 811
1 812
1 813
1 814
1 815
1 816
1 817
1 818
1 819
1 820
1 821
1 822
1 823
1 824
1 825
1 826
1 827
1 828
1 829
1 830
1 831
1 832
1 833
1 834
1 835
1 836
1 837
1 838
1 839
1 840
1 841
1 842
1 843
1 844
1 845
1 846
1 847
1 848
1 849
1 850
1 851
1 852
1 853
1 854
1 855
1 856
1 857
1 858
1 859
1 860
1 861
1 862
1 863
1 864
1 865
1 866
1 867
1 868
1 869
1 870
1 871
1 872
1 873
1 874
1 875
1 876
1 877
1 878
1 879
1 880
1 881
1 882
1 883
1 884

POINT_DATA 885
SCALARS id int 1
LOOKUP_TABLE default
1
2
3
4
5
6
7
8
9
10
11
12
13
14
15
16
17
18
19
20
21
22
23
24
25
26
27
28
29
30
31
32
33
34
35
36
37
39
40
41
42
43
44
45
46
47
48
49
50
51
52
53
54
56
57
58
59
60
61
62
63
64
65
67
68
69
70
71
72
73
74
75
76
77
78
79
80
81
82
83
84
85
86
87
88
89
90
91
92
93
94
95
96
97
98
99
100
101
102
103
104
105
106
107
108
109
110
111
112
113
114
115
116
117
118
119
120
121
122
123
124
125
126
127
129
130
131
132
133
134
135
136
137
138
139
140
141
142
143
144
145
146
147
148
149
150
151
153
154
155
156
157
158
159
160
161
162
163
164
165
166
167
168
169
170
171
172
173
174
175
176
177
178
179
180
181
182
183
184
185
186
187
188
189
190
191
192
193
194
195
196
197
198
199
200
201
202
203
204
205
206
207
208
209
210
211
212
213
214
215
217
218
219
220
221
222
223
224
225
226
227
228
229
230
231
232
233
234
235
236
237
238
239
240
241
242
243
244
245
246
247
248
249
250
251
252
253
254
255
256
257
258
259
260
261
262
263
264
265
266
267
268
269
270
271
273
274
275
276
277
278
279
280
281
282
283
284
285
286
287
288
289
290
291
292
293
294
295
296
297
298
299
300
301
302
303
304
305
306
307
308
309
310
311
312
313
314
315
316
317
318
319
320
321
322
323
324
325
326
327
328
329
330
331
332
333
334
335
336
337
338
339
340
341
342
343
344
345
346
347
348
349
350
351
352
353
354
355
356
357
358
359
360
361
362
363
364
365
366
367
368
369
370
371
372
373
374
375
376
377
378
379
380
381
382
383
384
385
386
387
388
389
390
391
392
393
394
395
396
397
398
399
400
401
402
403
404
405
406
407
408
409
410
411
412
413
414
415
416
417
418
419
420
421
422
423
424
425
426
427
428
429
430
431
432
433
434
435
436
437
438
439
440
441
442
443
444
445
446
447
448
449
450
451
452
453
454
455
456
457
458
459
460
461
462
463
464
465
466
467
468
469
470
471
472
473
474
475
476
477
478
479
480
481
482
483
484
485
486
487
488
489
490
491
492
493
494
495
496
497
498
499
500
501
502
503
504
505
506
507
508
509
510
511
512
513
514
515
516
517
518
519
520
521
522
523
524
525
526
527
528
529
530
531
532
533
534
535
536
537
538
539
540
541
542
543
544
545
546
547
548
549
550
551
552
553
554
555
556
557
558
559
560
561
562
563
564
565
566
567
568
569
570
571
572
573
574
575
576
577
579
580
581
582
583
584
585
586
587
588
589
590
591
592
593
594
595
596
597
598
599
600
601
602
603
605
606
607
608
609
610
611
612
613
614
615
616
617
618
619
620
621
622
623
624
625
626
627
628
629
630
631
632
633
634
635
636
637
638
640
641
642
643
644
645
646
647
648
649
650
651
652
653
654
655
656
659
660
661
662
663
664
665
666
667
668
669
670
671
672
673
674
675
676
677
678
679
680
681
682
683
684
685
686
687
688
690
691
692
693
694
695
696
697
698
699
700
701
702
703
704
705
706
707
708
709
710
711
712
713
714
715
716
717
718
719
720
721
722
723
724
725
726
727
728
729
730
731
732
733
734
735
736
737
738
739
740
741
742
743
744
745
746
747
748
749
750
751
752
753
754
755
756
757
758
759
760
761
762
764
765
766
767
768
769
770
771
772
773
774
775
776
777
778
779
780
781
782
783
784
785
786
787
788
789
791
792
793
794
795
796
797
798
799
800
801
802
803
804
805
806
807
808
809
810
811
812
813
814
815
816
817
818
819
820
821
822
823
824
825
826
827
828
829
830
831
832
833
834
835
836
837
838
839
840
841
842
843
844
845
846
847
848
849
850
851
852
853
854
855
856
857
858
859
860
861
862
863
864
865
866
867
868
869
870
871
872
873
874
875
876
877
878
879
880
881
882
883
884
885
886
887
888
889
890
891
892
893
894
895
896
897
898
899
900

SCALARS type int 1
LOOKUP_TABLE default
1
1
1
1
1
1
1
1
1
1
1
1
1
1
1
1
1
1
1
1
1
1
1
1
1
1
1
1
1
1
1
1
1
1
1
1
1
1
1
1
1
1
1
1
1
1
1
1
1
1
1
1
1
1
1
1
1
1
1
1
1
1
1
1
1
1
1
1
1
1
1
1
1
1
1
1
1
1
1
1
1
1
1
1
1
1
1
1
1
1
1
1
1
1
1
1
1
1
1
1
1
1
1
1
1
1
1
1
1
1
1
1
1
1
1
1
1
1
1
1
1
1
1
1
1
1
1
1
1
1
1
1
1
1
1
1
1
1
1
1
1
1
1
1
1
1
1
1
1
1
1
1
1
1
1
1
1
1
1
1
1
1
1
1
1
1
1
1
1
1
1
1
1
1
1
1
1
1
1
1
1
1
1
1
1
1
1
1
1
1
1
1
1
1
1
1
1
1
1
1
1
1
1
1
1
1
1
1
1
1
1
1
1
1
1
1
1
1
1
1
1
1
1
1
1
1
1
1
1
1
1
1
1
1
1
1
1
1
1
1
1
1
1
1
1
1
1
1
1
1
1
1
1
1
1
1
1
1
1
1
1
1
1
1
1
1
1
1
1
1
1
1
1
1
1
1
1
1
1
1
1
1
1
1
1
1
1
1
1
1
1
1
1
1
1
1
1
1
1
1
1
1
1
1
1
1
1
1
1
1
1
1
1
1
1
1
1
1
1
1
1
1
1
1
1
1
1
1
1
1
1
1
1
1
1
1
1
1
1
1
1
1
1
1
1
1
1
1
1
1
1
1
1
1
1
1
1
1
1
1
1
1
1
1
1
1
1
1
1
1
1
1
1
1
1
1
1
1
1
1
1
1
1
1
1
1
1
1
1
1
1
1
1
1
1
1
1
1
1
1
1
1
1
1
1
1
1
1
1
1
1
1
1
1
1
1
1
1
1
1
1
1
1
1
1
1
1
1
1
1
1
1
1
1
1
1
1
1
1
1
1
1
1
1
1
1
1
1
1
1
1
1
1
1
1
1
1
1
1
1
1
1
1
1
1
1
1
1
1
1
1
1
1
1
1
1
1
1
1
1
1
1
1
1
1
1
1
1
1
1
1
1
1
1
1
1
1
1
1
1
1
1
1
1
1
1
1
1
1
1
1
1
1
1
1
1
1
1
1
1
1
1
1
1
1
1
1
1
1
1
1
1
1
1
1
1
1
1
1
1
1
1
1
1
1
1
1
1
1
1
1
1
1
1
1
1
1
1
1
1
1
1
1
1
1
1
1
1
1
1
1
1
1
1
1
1
1
1
1
1
1
1
1
1
1
1
1
1
1
1
1
1
1
1
1
1
1
1
1
1
1
1
1
1
1
1
1
1
1
1
1
1
1
1
1
1
1
1
1
1
1
1
1
1
1
1
1
1
1
1
1
1
1
1
1
1
1
1
1
1
1
1
1
1
1
1
1
1
1
1
1
1
1
1
1
1
1
1
1
1
1
1
1
1
1
1
1
1
1
1
1
1
1
1
1
1
1
1
1
1
1
1
1
1
1
1
1
1
1
1
1
1
1
1
1
1
1
1
1
1
1
1
1
1
1
1
1
1
1
1
1
1
1
1
1
1
1
1
1
1
1
1
1
1
1
1
1
1
1
1
1
1
1
1
1
1
1
1
1
1
1
1
1
1
1
1
1
1
1
1
1
1
1
1
1
1
1
1
1
1
1
1
1
1
1
1
1
1
1
1
1
1
1
1
1
1
1
1
1
1
1
1
1
1
1
1
1
1
1
1
1
1
1
1
1
1
1
1
1
1
1
1
1
1
1
1
1
1
1
1
1
1
1
1
1
1
1
1
1
1
1
1
1
1
1
1
1
1
1
1
1
1
1
1
1
1
1
1
1
1
1
1
1
1
1
1
1
1
1
1
1
1
1
1
1
1
1
1
1
1
1
1
1
1
1
1
1
1
1
1
1
1
1
1
1
1
1
1
1
1
1
1
1
1
1

SCALARS radius float 1
LOOKUP_TABLE default
0.00015
0.00015
0.00015
0.00015
0.00015
0.00015
0.00015
0.00015
0.00015
0.00015
0.00015
0.00015
0.00015
0.00015
0.00015
0.00015
0.00015
0.00015
0.00015
0.00015
0.00015
0.00015
0.00015
0.00015
0.00015
0.00015
0.00015
0.00015
0.00015
0.00015
0.00015
0.00015
0.00015
0.00015
0.00015
0.00015
0.00015
0.00015
0.00015
0.00015
0.00015
0.00015
0.00015
0.00015
0.00015
0.00015
0.00015
0.00015
0.00015
0.00015
0.00015
0.00015
0.00015
0.00015
0.00015
0.00015
0.00015
0.00015
0.00015
0.00015
0.00015
0.00015
0.00015
0.00015
0.00015
0.00015
0.00015
0.00015
0.00015
0.00015
0.00015
0.00015
0.00015
0.00015
0.00015
0.00015
0.00015
0.00015
0.00015
0.00015
0.00015
0.00015
0.00015
0.00015
0.00015
0.00015
0.00015
0.00015
0.00015
0.00015
0.00015
0.00015
0.00015
0.00015
0.00015
0.00015
0.00015
0.00015
0.00015
0.00015
0.00015
0.00015
0.00015
0.00015
0.00015
0.00015
0.00015
0.00015
0.00015
0.00015
0.00015
0.00015
0.00015
0.00015
0.00015
0.00015
0.00015
0.00015
0.00015
0.00015
0.00015
0.00015
0.00015
0.00015
0.00015
0.00015
0.00015
0.00015
0.00015
0.00015
0.00015
0.00015
0.00015
0.00015
0.00015
0.00015
0.00015
0.00015
0.00015
0.00015
0.00015
0.00015
0.00015
0.00015
0.00015
0.00015
0.00015
0.00015
0.00015
0.00015
0.00015
0.00015
0.00015
0.00015
0.00015
0.00015
0.00015
0.00015
0.00015
0.00015
0.00015
0.00015
0.00015
0.00015
0.00015
0.00015
0.00015
0.00015
0.00015
0.00015
0.00015
0.00015
0.00015
0.00015
0.00015
0.00015
0.00015
0.00015
0.00015
0.00015
0.00015
0.00015
0.00015
0.00015
0.00015
0.00015
0.00015
0.00015
0.00015
0.00015
0.00015
0.00015
0.00015
0.00015
0.00015
0.00015
0.00015
0.00015
0.00015
0.00015
0.00015
0.00015
0.00015
0.00015
0.00015
0.00015
0.00015
0.00015
0.00015
0.00015
0.00015
0.00015
0.00015
0.00015
0.00015
0.00015
0.00015
0.00015
0.00015
0.00015
0.00015
0.00015
0.00015
0.00015
0.00015
0.00015
0.00015
0.00015
0.00015
0.00015
0.00015
0.00015
0.00015
0.00015
0.00015
0.00015
0.00015
0.00015
0.00015
0.00015
0.00015
0.00015
0.00015
0.00015
0.00015
0.00015
0.00015
0.00015
0.00015
0.00015
0.00015
0.00015
0.00015
0.00015
0.00015
0.00015
0.00015
0.00015
0.00015
0.00015
0.00015
0.00015
0.00015
0.00015
0.00015
0.00015
0.00015
0.00015
0.00015
0.00015
0.00015
0.00015
0.00015
0.00015
0.00015
0.00015
0.00015
0.00015
0.00015
0.00015
0.00015
0.00015
0.00015
0.00015
0.00015
0.00015
0.00015
0.00015
0.00015
0.00015
0.00015
0.00015
0.00015
0.00015
0.00015
0.00015
0.00015
0.00015
0.00015
0.00015
0.00015
0.00015
0.00015
0.00015
0.00015
0.00015
0.00015
0.00015
0.00015
0.00015
0.00015
0.00015
0.00015
0.00015
0.00015
0.00015
0.00015
0.00015
0.00015
0.00015
0.00015
0.00015
0.00015
0.00015
0.00015
0.00015
0.00015
0.00015
0.00015
0.00015
0.00015
0.00015
0.00015
0.00015
0.00015
0.00015
0.00015
0.00015
0.00015
0.00015
0.00015
0.00015
0.00015
0.00015
0.00015
0.00015
0.00015
0.00015
0.00015
0.00015
0.00015
0.00015
0.00015
0.00015
0.00015
0.00015
0.00015
0.00015
0.00015
0.00015
0.00015
0.00015
0.00015
0.00015
0.00015
0.00015
0.00015
0.00015
0.00015
0.00015
0.00015
0.00015
0.00015
0.00015
0.00015
0.00015
0.00015
0.00015
0.00015
0.00015
0.00015
0.00015
0.00015
0.00015
0.00015
0.00015
0.00015
0.00015
0.00015
0.00015
0.00015
0.00015
0.00015
0.00015
0.00015
0.00015
0.00015
0.00015
0.00015
0.00015
0.00015
0.00015
0.00015
0.00015
0.00015
0.00015
0.00015
0.00015
0.00015
0.00015
0.00015
0.00015
0.00015
0.00015
0.00015
0.00015
0.00015
0.00015
0.00015
0.00015
0.00015
0.00015
0.00015
0.00015
0.00015
0.00015
0.00015
0.00015
0.00015
0.00015
0.00015
0.00015
0.00015
0.00015
0.00015
0.00015
0.00015
0.00015
0.00015
0.00015
0.00015
0.00015
0.00015
0.00015
0.00015
0.00015
0.00015
0.00015
0.00015
0.00015
0.00015
0.00015
0.00015
0.00015
0.00015
0.00015
0.00015
0.00015
0.00015
0.00015
0.00015
0.00015
0.00015
0.00015
0.00015
0.00015
0.00015
0.00015
0.00015
0.00015
0.00015
0.00015
0.00015
0.00015
0.00015
0.00015
0.00015
0.00015
0.00015
0.00015
0.00015
0.00015
0.00015
0.00015
0.00015
0.00015
0.00015
0.00015
0.00015
0.00015
0.00015
0.00015
0.00015
0.00015
0.00015
0.00015
0.00015
0.00015
0.00015
0.00015
0.00015
0.00015
0.00015
0.00015
0.00015
0.00015
0.00015
0.00015
0.00015
0.00015
0.00015
0.00015
0.00015
0.00015
0.00015
0.00015
0.00015
0.00015
0.00015
0.00015
0.00015
0.00015
0.00015
0.00015
0.00015
0.00015
0.00015
0.00015
0.00015
0.00015
0.00015
0.00015
0.00015
0.00015
0.00015
0.00015
0.00015
0.00015
0.00015
0.00015
0.00015
0.00015
0.00015
0.00015
0.00015
0.00015
0.00015
0.00015
0.00015
0.00015
0.00015
0.00015
0.00015
0.00015
0.00015
0.00015
0.00015
0.00015
0.00015
0.00015
0.00015
0.00015
0.00015
0.00015
0.00015
0.00015
0.00015
0.00015
0.00015
0.00015
0.00015
0.00015
0.00015
0.00015
0.00015
0.00015
0.00015
0.00015
0.00015
0.00015
0.00015
0.00015
0.00015
0.00015
0.00015
0.00015
0.00015
0.00015
0.00015
0.00015
0.00015
0.00015
0.00015
0.00015
0.00015
0.00015
0.00015
0.00015
0.00015
0.00015
0.00015
0.00015
0.00015
0.00015
0.00015
0.00015
0.00015
0.00015
0.00015
0.00015
0.00015
0.00015
0.00015
0.00015
0.00015
0.00015
0.00015
0.00015
0.00015
0.00015
0.00015
0.00015
0.00015
0.00015
0.00015
0.00015
0.00015
0.00015
0.00015
0.00015
0.00015
0.00015
0.00015
0.00015
0.00015
0.00015
0.00015
0.00015
0.00015
0.00015
0.00015
0.00015
0.00015
0.00015
0.00015
0.00015
0.00015
0.00015
0.00015
0.00015
0.00015
0.00015
0.00015
0.00015
0.00015
0.00015
0.00015
0.00015
0.00015
0.00015
0.00015
0.00015
0.00015
0.00015
0.00015
0.00015
0.00015
0.00015
0.00015
0.00015
0.00015
0.00015
0.00015
0.00015
0.00015
0.00015
0.00015
0.00015
0.00015
0.00015
0.00015
0.00015
0.00015
0.00015
0.00015
0.00015
0.00015
0.00015
0.00015
0.00015
0.00015
0.00015
0.00015
0.00015
0.00015
0.00015
0.00015
0.00015
0.00015
0.00015
0.00015
0.00015
0.00015
0.00015
0.00015
0.00015
0.00015
0.00015
0.00015
0.00015
0.00015
0.00015
0.00015
0.00015
0.00015
0.00015
0.00015
0.00015
0.00015
0.00015
0.00015
0.00015
0.00015
0.00015
0.00015
0.00015
0.00015
0.00015
0.00015
0.00015
0.00015
0.00015
0.00015
0.00015
0.00015
0.00015
0.00015
0.00015
0.00015
0.00015
0.00015
0.00015
0.00015
0.00015
0.00015
0.00015
0.00015
0.00015
0.00015
0.00015
0.00015
0.00015
0.00015
0.00015
0.00015
0.00015
0.00015
0.00015
0.00015
0.00015
0.00015
0.00015
0.00015
0.00015
0.00015
0.00015
0.00015
0.00015
0.00015
0.00015
0.00015
0.00015
0.00015
0.00015
0.00015
0.00015
0.00015
0.00015
0.00015
0.00015
0.00015
0.00015
0.00015
0.00015
0.00015
0.00015
0.00015
0.00015
0.00015
0.00015
0.00015
0.00015
0.00015
0.00015
0.00015
0.00015
0.00015
0.00015
0.00015
0.00015
0.00015
0.00015
0.00015
0.00015
0.00015
0.00015
0.00015
0.00015
0.00015
0.00015
0.00015
0.00015
0.00015
0.00015
0.00015
0.00015
0.00015
0.00015
0.00015
0.00015
0.00015
0.00015
0.00015
0.00015
0.00015
0.00015
0.00015
0.00015
0.00015
0.00015
0.00015
0.00015
0.00015
0.00015
0.00015
0.00015
0.00015
0.00015
0.00015
0.00015
0.00015
0.00015
0.00015
0.00015
0.00015
0.00015
0.00015
0.00015
0.00015
0.00015
0.00015
0.00015
0.00015
0.00015
0.00015
0.00015
0.00015
0.00015
0.00015
0.00015
0.00015
0.00015
0.00015
0.00015
0.00015
0.00015
0.00015
0.00015
0.00015
0.00015
0.00015
0.00015
0.00015
0.00015
0.00015
0.00015
0.00015
0.00015
0.00015
0.00015
0.00015
0.00015
0.00015
0.00015
0.00015

SCALARS mass float 1
LOOKUP_TABLE default
3.95841e-09
3.95841e-09
3.95841e-09
3.95841e-09
3.95841e-09
3.95841e-09
3.95841e-09
3.95841e-09
3.95841e-09
3.95841e-09
3.95841e-09
3.95841e-09
3.95841e-09
3.95841e-09
3.95841e-09
3.95841e-09
3.95841e-09
3.95841e-09
3.95841e-09
3.95841e-09
3.95841e-09
3.95841e-09
3.95841e-09
3.95841e-09
3.95841e-09
3.95841e-09
3.95841e-09
3.95841e-09
3.95841e-09
3.95841e-09
3.95841e-09
3.95841e-09
3.95841e-09
3.95841e-09
3.95841e-09
3.95841e-09
3.95841e-09
3.95841e-09
3.95841e-09
3.95841e-09
3.95841e-09
3.95841e-09
3.95841e-09
3.95841e-09
3.95841e-09
3.95841e-09
3.95841e-09
3.95841e-09
3.95841e-09
3.95841e-09
3.95841e-09
3.95841e-09
3.95841e-09
3.95841e-09
3.95841e-09
3.95841e-09
3.95841e-09
3.95841e-09
3.95841e-09
3.95841e-09
3.95841e-09
3.95841e-09
3.95841e-09
3.95841e-09
3.95841e-09
3.95841e-09
3.95841e-09
3.95841e-09
3.95841e-09
3.95841e-09
3.95841e-09
3.95841e-09
3.95841e-09
3.95841e-09
3.95841e-09
3.95841e-09
3.95841e-09
3.95841e-09
3.95841e-09
3.95841e-09
3.95841e-09
3.95841e-09
3.95841e-09
3.95841e-09
3.95841e-09
3.95841e-09
3.95841e-09
3.95841e-09
3.95841e-09
3.95841e-09
3.95841e-09
3.95841e-09
3.95841e-09
3.95841e-09
3.95841e-09
3.95841e-09
3.95841e-09
3.95841e-09
3.95841e-09
3.95841e-09
3.95841e-09
3.95841e-09
3.95841e-09
3.95841e-09
3.95841e-09
3.95841e-09
3.95841e-09
3.95841e-09
3.95841e-09
3.95841e-09
3.95841e-09
3.95841e-09
3.95841e-09
3.95841e-09
3.95841e-09
3.95841e-09
3.95841e-09
3.95841e-09
3.95841e-09
3.95841e-09
3.95841e-09
3.95841e-09
3.95841e-09
3.95841e-09
3.95841e-09
3.95841e-09
3.95841e-09
3.95841e-09
3.95841e-09
3.95841e-09
3.95841e-09
3.95841e-09
3.95841e-09
3.95841e-09
3.95841e-09
3.95841e-09
3.95841e-09
3.95841e-09
3.95841e-09
3.95841e-09
3.95841e-09
3.95841e-09
3.95841e-09
3.95841e-09
3.95841e-09
3.95841e-09
3.95841e-09
3.95841e-09
3.95841e-09
3.95841e-09
3.95841e-09
3.95841e-09
3.95841e-09
3.95841e-09
3.95841e-09
3.95841e-09
3.95841e-09
3.95841e-09
3.95841e-09
3.95841e-09
3.95841e-09
3.95841e-09
3.95841e-09
3.95841e-09
3.95841e-09
3.95841e-09
3.95841e-09
3.95841e-09
3.95841e-09
3.95841e-09
3.95841e-09
3.95841e-09
3.95841e-09
3.95841e-09
3.95841e-09
3.95841e-09
3.95841e-09
3.95841e-09
3.95841e-09
3.95841e-09
3.95841e-09
3.95841e-09
3.95841e-09
3.95841e-09
3.95841e-09
3.95841e-09
3.95841e-09
3.95841e-09
3.95841e-09
3.95841e-09
3.95841e-09
3.95841e-09
3.95841e-09
3.95841e-09
3.95841e-09
3.95841e-09
3.95841e-09
3.95841e-09
3.95841e-09
3.95841e-09
3.95841e-09
3.95841e-09
3.95841e-09
3.95841e-09
3.95841e-09
3.95841e-09
3.95841e-09
3.95841e-09
3.95841e-09
3.95841e-09
3.95841e-09
3.95841e-09
3.95841e-09
3.95841e-09
3.95841e-09
3.95841e-09
3.95841e-09
3.95841e-09
3.95841e-09
3.95841e-09
3.95841e-09
3.95841e-09
3.95841e-09
3.95841e-09
3.95841e-09
3.95841e-09
3.95841e-09
3.95841e-09
3.95841e-09
3.95841e-09
3.95841e-09
3.95841e-09
3.95841e-09
3.95841e-09
3.95841e-09
3.95841e-09
3.95841e-09
3.95841e-09
3.95841e-09
3.95841e-09
3.95841e-09
3.95841e-09
3.95841e-09
3.95841e-09
3.95841e-09
3.95841e-09
3.95841e-09
3.95841e-09
3.95841e-09
3.95841e-09
3.95841e-09
3.95841e-09
3.95841e-09
3.95841e-09
3.95841e-09
3.95841e-09
3.95841e-09
3.95841e-09
3.95841e-09
3.95841e-09
3.95841e-09
3.95841e-09
3.95841e-09
3.95841e-09
3.95841e-09
3.95841e-09
3.95841e-09
3.95841e-09
3.95841e-09
3.95841e-09
3.95841e-09
3.95841e-09
3.95841e-09
3.95841e-09
3.95841e-09
3.95841e-09
3.95841e-09
3.95841e-09
3.95841e-09
3.95841e-09
3.95841e-09
3.95841e-09
3.95841e-09
3.95841e-09
3.95841e-09
3.95841e-09
3.95841e-09
3.95841e-09
3.95841e-09
3.95841e-09
3.95841e-09
3.95841e-09
3.95841e-09
3.95841e-09
3.95841e-09
3.95841e-09
3.95841e-09
3.95841e-09
3.95841e-09
3.95841e-09
3.95841e-09
3.95841e-09
3.95841e-09
3.95841e-09
3.95841e-09
3.95841e-09
3.95841e-09
3.95841e-09
3.95841e-09
3.95841e-09
3.95841e-09
3.95841e-09
3.95841e-09
3.95841e-09
3.95841e-09
3.95841e-09
3.95841e-09
3.95841e-09
3.95841e-09
3.95841e-09
3.95841e-09
3.95841e-09
3.95841e-09
3.95841e-09
3.95841e-09
3.95841e-09
3.95841e-09
3.95841e-09
3.95841e-09
3.95841e-09
3.95841e-09
3.95841e-09
3.95841e-09
3.95841e-09
3.95841e-09
3.95841e-09
3.95841e-09
3.95841e-09
3.95841e-09
3.95841e-09
3.95841e-09
3.95841e-09
3.95841e-09
3.95841e-09
3.95841e-09
3.95841e-09
3.95841e-09
3.95841e-09
3.95841e-09
3.95841e-09
3.95841e-09
3.95841e-09
3.95841e-09
3.95841e-09
3.95841e-09
3.95841e-09
3.95841e-09
3.95841e-09
3.95841e-09
3.95841e-09
3.95841e-09
3.95841e-09
3.95841e-09
3.95841e-09
3.95841e-09
3.95841e-09
3.95841e-09
3.95841e-09
3.95841e-09
3.95841e-09
3.95841e-09
3.95841e-09
3.95841e-09
3.95841e-09
3.95841e-09
3.95841e-09
3.95841e-09
3.95841e-09
3.95841e-09
3.95841e-09
3.95841e-09
3.95841e-09
3.95841e-09
3.95841e-09
3.95841e-09
3.95841e-09
3.95841e-09
3.95841e-09
3.95841e-09
3.95841e-09
3.95841e-09
3.95841e-09
3.95841e-09
3.95841e-09
3.95841e-09
3.95841e-09
3.95841e-09
3.95841e-09
3.95841e-09
3.95841e-09
3.95841e-09
3.95841e-09
3.95841e-09
3.95841e-09
3.95841e-09
3.95841e-09
3.95841e-09
3.95841e-09
3.95841e-09
3.95841e-09
3.95841e-09
3.95841e-09
3.95841e-09
3.95841e-09
3.95841e-09
3.95841e-09
3.95841e-09
3.95841e-09
3.95841e-09
3.95841e-09
3.95841e-09
3.95841e-09
3.95841e-09
3.95841e-09
3.95841e-09
3.95841e-09
3.95841e-09
3.95841e-09
3.95841e-09
3.95841e-09
3.95841e-09
3.95841e-09
3.95841e-09
3.95841e-09
3.95841e-09
3.95841e-09
3.95841e-09
3.95841e-09
3.95841e-09
3.95841e-09
3.95841e-09
3.95841e-09
3.95841e-09
3.95841e-09
3.95841e-09
3.95841e-09
3.95841e-09
3.95841e-09
3.95841e-09
3.95841e-09
3.95841e-09
3.95841e-09
3.95841e-09
3.95841e-09
3.95841e-09
3.95841e-09
3.95841e-09
3.95841e-09
3.95841e-09
3.95841e-09
3.95841e-09
3.95841e-09
3.95841e-09
3.95841e-09
3.95841e-09
3.95841e-09
3.95841e-09
3.95841e-09
3.95841e-09
3.95841e-09
3.95841e-09
3.95841e-09
3.95841e-09
3.95841e-09
3.95841e-09
3.95841e-09
3.95841e-09
3.95841e-09
3.95841e-09
3.95841e-09
3.95841e-09
3.95841e-09
3.95841e-09
3.95841e-09
3.95841e-09
3.95841e-09
3.95841e-09
3.95841e-09
3.95841e-09
3.95841e-09
3.95841e-09
3.95841e-09
3.95841e-09
3.95841e-09
3.95841e-09
3.95841e-09
3.95841e-09
3.95841e-09
3.95841e-09
3.95841e-09
3.95841e-09
3.95841e-09
3.95841e-09
3.95841e-09
3.95841e-09
3.95841e-09
3.95841e-09
3.95841e-09
3.95841e-09
3.95841e-09
3.95841e-09
3.95841e-09
3.95841e-09
3.95841e-09
3.95841e-09
3.95841e-09
3.95841e-09
3.95841e-09
3.95841e-09
3.95841e-09
3.95841e-09
3.95841e-09
3.95841e-09
3.95841e-09
3.95841e-09
3.95841e-09
3.95841e-09
3.95841e-09
3.95841e-09
3.95841e-09
3.95841e-09
3.95841e-09
3.95841e-09
3.95841e-09
3.95841e-09
3.95841e-09
3.95841e-09
3.95841e-09
3.95841e-09
3.95841e-09
3.95841e-09
3.95841e-09
3.95841e-09
3.95841e-09
3.95841e-09
3.95841e-09
3.95841e-09
3.95841e-09
3.95841e-09
3.95841e-09
3.95841e-09
3.95841e-09
3.95841e-09
3.95841e-09
3.95841e-09
3.95841e-09
3.95841e-09
3.95841e-09
3.95841e-09
3.95841e-09
3.95841e-09
3.95841e-09
3.95841e-09
3.95841e-09
3.95841e-09
3.95841e-09
3.95841e-09
3.95841e-09
3.95841e-09
3.95841e-09
3.95841e-09
3.95841e-09
3.95841e-09
3.95841e-09
3.95841e-09
3.95841e-09
3.95841e-09
3.95841e-09
3.95841e-09
3.95841e-09
3.95841e-09
3.95841e-09
3.95841e-09
3.95841e-09
3.95841e-09
3.95841e-09
3.95841e-09
3.95841e-09
3.95841e-09
3.95841e-09
3.95841e-09
3.95841e-09
3.95841e-09
3.95841e-09
3.95841e-09
3.95841e-09
3.95841e-09
3.95841e-09
3.95841e-09
3.95841e-09
3.95841e-09
3.95841e-09
3.95841e-09
3.95841e-09
3.95841e-09
3.95841e-09
3.95841e-09
3.95841e-09
3.95841e-09
3.95841e-09
3.95841e-09
3.95841e-09
3.95841e-09
3.95841e-09
3.95841e-09
3.95841e-09
3.95841e-09
3.95841e-09
3.95841e-09
3.95841e-09
3.95841e-09
3.95841e-09
3.95841e-09
3.95841e-09
3.95841e-09
3.95841e-09
3.95841e-09
3.95841e-09
3.95841e-09
3.95841e-09
3.95841e-09
3.95841e-09
3.95841e-09
3.95841e-09
3.95841e-09
3.95841e-09
3.95841e-09
3.95841e-09
3.95841e-09
3.95841e-09
3.95841e-09
3.95841e-09
3.95841e-09
3.95841e-09
3.95841e-09
3.95841e-09
3.95841e-09
3.95841e-09
3.95841e-09
3.95841e-09
3.95841e-09
3.95841e-09
3.95841e-09
3.95841e-09
3.95841e-09
3.95841e-09
3.95841e-09
3.95841e-09
3.95841e-09
3.95841e-09
3.95841e-09
3.95841e-09
3.95841e-09
3.95841e-09
3.95841e-09
3.95841e-09
3.95841e-09
3.95841e-09
3.95841e-09
3.95841e-09
3.95841e-09
3.95841e-09
3.95841e-09
3.95841e-09
3.95841e-09
3.95841e-09
3.95841e-09
3.95841e-09
3.95841e-09
3.95841e-09
3.95841e-09
3.95841e-09
3.95841e-09
3.95841e-09
3.95841e-09
3.95841e-09
3.95841e-09
3.95841e-09
3.95841e-09
3.95841e-09
3.95841e-09
3.95841e-09
3.95841e-09
3.95841e-09
3.95841e-09
3.95841e-09
3.95841e-09
3.95841e-09
3.95841e-09
3.95841e-09
3.95841e-09
3.95841e-09
3.95841e-09
3.95841e-09
3.95841e-09
3.95841e-09
3.95841e-09
3.95841e-09
3.95841e-09
3.95841e-09
3.95841e-09
3.95841e-09
3.95841e-09
3.95841e-09
3.95841e-09
3.95841e-09
3.95841e-09
3.95841e-09
3.95841e-09
3.95841e-09
3.95841e-09
3.95841e-09
3.95841e-09
3.95841e-09
3.95841e-09
3.95841e-09
3.95841e-09
3.95841e-09
3.95841e-09
3.95841e-09
3.95841e-09
3.95841e-09
3.95841e-09
3.95841e-09
3.95841e-09
3.95841e-09
3.95841e-09
3.95841e-09
3.95841e-09
3.95841e-09
3.95841e-09
3.95841e-09
3.95841e-09
3.95841e-09
3.95841e-09
3.95841e-09
3.95841e-09
3.95841e-09
3.95841e-09
3.95841e-09
3.95841e-09
3.95841e-09
3.95841e-09
3.95841e-09
3.95841e-09
3.95841e-09
3.95841e-09
3.95841e-09
3.95841e-09
3.95841e-09
3.95841e-09
3.95841e-09
3.95841e-09
3.95841e-09
3.95841e-09
3.95841e-09
3.95841e-09
3.95841e-09
3.95841e-09
3.95841e-09
3.95841e-09
3.95841e-09
3.95841e-09
3.95841e-09
3.95841e-09
3.95841e-09
3.95841e-09
3.95841e-09
3.95841e-09
3.95841e-09
3.95841e-09
3.95841e-09
3.95841e-09
3.95841e-09
3.95841e-09
3.95841e-09
3.95841e-09
3.95841e-09
3.95841e-09
3.95841e-09
3.95841e-09
3.95841e-09
3.95841e-09
3.95841e-09
3.95841e-09
3.95841e-09
3.95841e-09
3.95841e-09
3.95841e-09
3.95841e-09
3.95841e-09
3.95841e-09
3.95841e-09
3.95841e-09
3.95841e-09
3.95841e-09
3.95841e-09
3.95841e-09
3.95841e-09
3.95841e-09
3.95841e-09
3.95841e-09
3.95841e-09
3.95841e-09
3.95841e-09
3.95841e-09
3.95841e-09
3.95841e-09
3.95841e-09
3.95841e-09
3.95841e-09
3.95841e-09
3.95841e-09
3.95841e-09
3.95841e-09
3.95841e-09
3.95841e-09
3.95841e-09
3.95841e-09
3.95841e-09
3.95841e-09
3.95841e-09
3.95841e-09
3.95841e-09
3.95841e-09
3.95841e-09
3.95841e-09
3.95841e-09
3.95841e-09
3.95841e-09
3.95841e-09
3.95841e-09
3.95841e-09
3.95841e-09
3.95841e-09
3.95841e-09
3.95841e-09
3.95841e-09
3.95841e-09
3.95841e-09
3.95841e-09
3.95841e-09
3.95841e-09
3.95841e-09
3.95841e-09
3.95841e-09
3.95841e-09
3.95841e-09
3.95841e-09
3.95841e-09
3.95841e-09
3.95841e-09
3.95841e-09
3.95841e-09
3.95841e-09
3.95841e-09
3.95841e-09
3.95841e-09
3.95841e-09
3.95841e-09
3.95841e-09
3.95841e-09
3.95841e-09
3.95841e-09
3.95841e-09
3.95841e-09
3.95841e-09
3.95841e-09
3.95841e-09
3.95841e-09
3.95841e-09
3.95841e-09
3.95841e-09
3.95841e-09
3.95841e-09

VECTORS velocity float
0.0051457 0.000323882 0.000572103
0.00443259 -0.000678863 0.000322997
0.00457961 0.000365532 -0.000274779
0.00436558 -0.00054797 0.000294514
0.00503461 0.00100774 0.000175251
0.00482863 0.000102313 2.5417e-06
0.00456555 -0.000673713 0.000271099
0.00475976 4.9107e-05 0.000123405
0.00483326 8.36385e-05 4.84348e-05
0.00439231 3.6358e-05 5.60046e-05
0.00434631 0.000106749 8.74631e-05
0.00452318 -5.64789e-05 -1.24667e-05
0.00483621 9.99062e-05 7.36211e-06
0.00471129 0.000653514 0.000162605
0.00445251 -5.38414e-06 -1.41291e-06
0.00435766 0.000145372 6.50543e-06
0.00440596 -0.000497212 0.000213168
0.0043276 -0.00048675 0.000207642
0.00474128 -5.24031e-05 2.57452e-05
0.00442475 0.000149635 9.08838e-05
0.00438269 -0.000493956 0.000281664
0.00455646 -0.000833818 0.000358156
0.00483917 0.000165958 0.000139004
0.0047325 -0.000228125 -0.000376315
0.00436381 0.000177574 -0.000144261
0.00454913 -0.000810084 0.000408416
0.00435906 -0.000540483 0.000288235
0.00433799 -0.000499548 0.000220426
0.00473804 -0.00065161 0.000308524
0.00452875 0.000331039 -0.000291352
0.00395902 -0.000270514 -0.000380501
0.0046212 -0.000136216 -0.000224309
0.00459214 -0.000561259 0.000307514
0.00173388 0.000773489 0.000336271
0.00445777 0.0006952 0.000183896
0.0044621 -4.39622e-06 -0.000401017
0.00451215 0.000105859 -3.81159e-05
0.00455746 4.96431e-05 3.63075e-05
0.00426527 -0.00061974 0.000299861
0.00441364 -0.000577384 0.00016772
0.00461649 -0.000664997 0.000238502
0.00467415 -7.43436e-07 -0.000218493
0.00442384 -0.000123551 -0.00022874
0.00450108 0.000286216 -0.000129605
0.00473222 6.64506e-05 0.000121089
0.00435606 -0.000473249 0.000200712
0.00446399 1.22107e-05 -0.00014877
0.00452682 -2.15048e-05 2.10823e-05
0.00478406 0.000226685 -2.71721e-05
0.00453068 -0.00042188 0.000124431
0.00412223 -0.000649661 -0.000100577
0.00443156 -0.000447178 0.000272916
0.00424588 -0.000600407 0.000301642
0.00443958 -7.20198e-06 2.54326e-05
0.00439975 -0.000688485 0.00031102
0.00445295 -0.000508398 0.000214036
0.00438762 -0.000715553 -8.24443e-05
0.00492475 -0.000864818 -3.57517e-05
0.00436555 -0.000481703 0.00020148
0.0045672 -0.000633375 0.00031992
0.00435197 -0.000517787 0.000240334
0.00454152 -0.000513804 0.000210704
0.00160039 0.000984807 -0.000139661
0.0048806 -0.0109734 -0.00726845
0.00411074 0.000397149 0.000991748
0.00425189 0.000485442 0.00103798
0.00436978 -0.000506735 0.000239506
0.00440207 -0.000500719 0.000219021
0.0040666 -0.000649128 -9.95676e-05
0.00321132 0.00163145 -0.000184576
0.00438371 -0.000634943 0.00028537
0.00430298 -0.000691403 0.000320138
0.00455869 -2.30196e-05 -0.000248888
0.00446371 -0.000637403 0.000300517
0.00473497 0.000128843 -0.000762107
0.00474431 -0.000702133 0.000204629
0.00167605 0.0008709 -0.000123557
0.00470922 6.90474e-05 3.43883e-05
0.00445089 -0.000650974 0.000318133
0.00441099 -0.000524359 0.00023561
0.00456975 -0.000725829 0.000204531
0.00418689 -0.000653675 0.000307699
0.00437417 -0.000710566 -2.98406e-05
0.00459178 8.2855e-05 4.69551e-05
0.00485096 0.00109193 0.000461697
0.0047989 -0.000200074 -0.000310205
0.00403673 -0.000602387 0.000309375
0.00436189 7.05626e-05 -0.00017043
0.00696478 0.0047545 -0.00347906
0.00482895 8.61515e-05 7.3806e-06
0.00467058 -6.26595e-05 1.35619e-05
0.00475819 -6.46105e-05 1.36321e-05
0.00472762 -0.000710135 0.000198709
0.00481066 -0.000626218 0.00038671
0.00436167 0.00013788 8.2411e-06
0.00467181 -2.87007e-05 -0.000217233
0.00393001 -0.000649128 0.000308853
0.00271912 0.00320513 -0.000499836
0.00472567 4.04952e-05 7.7379e-05
0.00434495 -0.000764466 1.51029e-05
0.00450245 8.64811e-05 -4.5039e-05
0.00424823 -0.000705136 -7.88992e-05
0.00430106 -0.000536422 0.000292933
0.00473686 4.16305e-05 -0.000490341
0.00452954 -0.000575116 0.000306658
0.00433733 -0.000311861 2.03561e-05
0.00462315 0.00012562 3.96239e-05
0.00464514 0.000240179 -4.55285e-05
0.00460699 -0.000600787 0.00026085
0.00475351 -0.000145333 -0.000144851
0.00464835 -0.000786643 -5.46838e-05
0.00456689 5.73464e-05 -8.27357e-05
0.00444563 -0.000509601 0.000225254
0.00437536 -0.000508531 0.000287646
0.00438938 -0.000463863 0.000276419
0.00468339 9.32134e-06 -7.08268e-05
0.0045828 7.26928e-05 -3.57514e-05
0.00450239 -0.00049966 0.000220208
0.00450409 -0.000592651 0.000315721
0.00430637 -0.000609273 0.000290419
0.00436862 -0.000498645 0.00027839
0.00440382 -0.00049094 0.00020938
0.00453199 0.00043744 -0.000246472
0.00445244 0.000668657 6.18634e-05
0.00436919 -0.000509469 0.000279981
-8.15583e-05 -0.00508537 0.0177143
0.00433514 -0.000658395 0.000302245
-0.000880268 0.00126967 -0.00525273
0.00472268 8.24955e-05 0.000119038
0.00450085 5.53853e-05 0.000939246
0.00441772 0.000104978 0.00010547
0.00435448 -0.000502347 0.000251437
0.00446547 0.000246744 -0.000263604
0.00434989 -0.000712217 0.000331324
0.00442548 0.000323359 -0.00014767
0.00475705 8.1803e-05 7.634e-05
0.00437643 -0.000604706 0.000307347
0.00467916 0.000241423 -1.0624e-05
0.00431246 0.000137982 1.82732e-05
0.00462461 -0.000503479 0.000185048
0.00492101 -0.000820346 -5.31202e-05
0.000102807 -4.60338e-05 9.90201e-06
0.00482859 2.86098e-05 -5.1596e-05
0.00447812 0.000582329 0.000314359
0.0047338 7.06679e-05 0.000118156
0.00472366 0.000139814 8.07104e-05
0.0046242 -0.000641091 0.000326859
0.00395244 0.00131511 0.000754613
0.0040165 -0.000549832 0.000289434
0.00480954 7.75981e-05 8.56039e-06
0.00451788 -0.00116642 0.000298044
0.00466934 -1.31623e-05 -0.000215574
0.00439516 -0.000576083 0.000302731
0.00411523 0.000221743 7.8412e-05
0.00485728 6.05063e-05 1.12062e-05
0.00446335 -5.01091e-05 -0.000110824
0.00521642 -0.000268796 0.000280973
0.00470837 9.93494e-05 -0.000199212
0.00447052 0.000168077 -0.000127455
0.0046965 -0.000641954 0.000325558
0.00441584 -0.00047364 0.000227095
0.0047804 -0.010913 -0.00755822
0.00474151 0.00112847 -0.000993449
0.00475648 6.62248e-05 2.2476e-05
0.00179491 0.000734285 0.000283618
0.00482821 0.00029943 -0.000279265
0.00438488 -3.65337e-05 -0.000111569
0.00492264 -0.000855219 -3.42191e-05
0.00439747 9.30677e-05 4.78587e-05
0.00463666 9.49197e-05 1.51621e-05
0.00429603 0.000115598 -0.000123054
0.00443041 -0.000482098 0.000317775
0.0043097 -0.000646831 0.000310911
0.00404169 0.000345368 -0.00012235
0.00455335 0.000726705 0.00019048
0.00388083 0.000655132 4.75788e-05
0.00427624 0.000747113 -0.000234886
0.00434168 -0.000588737 0.000297527
0.0043108 0.000213891 -5.75261e-05
0.0050529 0.00446673 -0.0021154
0.00464299 -0.000601431 0.00032365
0.00404199 -0.000901339 0.000412981
0.00442953 0.000238684 -5.8312e-05
0.00475847 8.31718e-05 3.38903e-06
0.0040651 -0.000509803 0.000261412
0.00467629 -3.08942e-05 -7.68747e-05
0.00441992 9.0702e-05 -0.000700901
0.00484086 5.34676e-05 1.23439e-05
0.00466467 7.05196e-05 4.30575e-06
0.00448668 -6.56696e-07 -0.000140969
0.00432553 -0.000500904 0.000225746
0.00470452 -2.37339e-06 -0.000143737
0.0046388 0.000233824 -3.5838e-05
0.00435362 0.000125205 -0.000133803
0.00500396 0.000597791 0.00035015
0.00483117 0.00023782 -2.02342e-05
0.00469466 -6.97564e-06 -0.00014487
0.00413159 -0.000556092 0.000298215
0.00333042 0.000362245 -0.000450047
0.0047593 -0.000698133 0.000342998
0.00336163 0.000436555 0.000305195
0.00444086 0.000268027 -0.000258381
0.00445627 -0.0006023 0.000241633
0.00463954 -0.000735004 0.000343383
0.00477021 5.25009e-05 -3.92313e-06
0.00400212 -0.0001988 0.000248968
0.00473923 9.2614e-05 -4.40329e-08
0.00447596 3.23603e-05 6.34164e-05
0.00440466 -0.000260791 0.000488916
0.00427845 -0.000702845 0.000287183
0.00444676 -9.17716e-06 -0.000276182
0.00499449 0.00195119 0.000906152
0.00464716 0.00028332 -7.5498e-05
0.00466027 0.000269046 -0.000257435
0.00464111 0.0002231 -3.06704e-05
0.00453533 -0.000720363 0.000331199
0.00479962 0.000111143 -4.54173e-05
0.00478074 0.000322067 -0.000268687
0.00476614 7.95929e-05 7.74165e-05
0.00437309 0.000324327 -0.00013874
0.00457633 0.000138301 -9.46606e-06
0.00441644 3.8905e-05 -0.000171842
0.00455538 0.000200707 -6.36964e-05
0.0048456 7.40383e-05 1.12747e-05
0.00461135 0.000265401 -0.000260933
0.00334834 -0.000286679 -1.00978e-05
0.00452487 7.99867e-05 6.5976e-05
0.0049198 -8.72068e-05 -0.000318504
0.00462949 -0.000639563 0.000293238
0.00450277 -0.000864108 0.000378742
0.00429466 -0.000516968 0.000242297
0.00460622 0.000231112 -3.98565e-05
0.00434273 0.000146895 -0.000239467
0.00435096 0.000336621 -0.000135754
0.00483715 7.44882e-05 9.67022e-06
0.00495495 0.00042778 -0.000321999
0.00465227 0.000626577 0.000195443
0.00481951 6.70499e-05 1.22121e-05
0.0041624 -0.000373963 0.000256123
0.00483594 6.55027e-05 1.31691e-06
0.00469182 -0.000565599 0.000319274
0.00464337 -0.000354898 -4.00228e-05
0.00485352 6.4723e-05 9.4822e-06
0.00491538 0.000154357 0.000145112
0.00464645 -0.000551936 0.000263875
0.00441134 0.000207 -9.89547e-05
0.00469765 0.000357299 -7.15876e-05
0.00456194 -9.81894e-06 -0.000142035
0.004706 7.69547e-05 0.000140965
0.00106194 -0.00031356 0.000280189
0.00477545 4.22736e-05 8.73883e-05
0.00473173 0.000367579 -0.000284644
0.00437429 0.000206295 -3.61109e-05
0.00481022 6.79772e-05 7.49827e-06
0.00445152 3.77998e-05 -0.000161414
0.00455803 -0.000712594 0.000338451
0.00479478 4.04254e-05 -0.000173307
0.00484796 8.81405e-05 7.81501e-06
0.00431578 -0.000489117 0.000211606
0.00436504 -0.000487475 0.00020704
0.00481009 6.62557e-05 8.39111e-06
0.00477038 0.00066665 -0.000125655
0.00485117 9.01746e-05 6.40497e-06
0.00482958 0.000288036 -0.000287577
0.00203888 0.000416006 0.00880737
0.00482177 8.50184e-05 6.09673e-06
0.00474718 0.000154355 -6.90494e-05
0.00447504 -0.000132268 0.00038031
0.00485475 8.61369e-05 8.84378e-06
0.00468069 -0.00030483 -0.000318389
0.00466058 0.00032668 -0.000269516
0.00473412 6.80917e-05 8.75433e-05
0.00452475 0.000261321 -6.26099e-05
0.00477565 -0.000300205 0.000333934
0.00482181 0.000257784 -5.36615e-05
0.00485302 0.000255794 -5.03044e-05
0.00455248 -0.000769693 -7.60155e-05
0.00580567 -0.000267963 0.000421933
0.00438843 -0.000880308 0.000385258
0.00464176 0.000217434 -2.86206e-05
0.00450294 0.000290853 -0.000254558
0.00473001 0.000238272 6.03173e-06
0.00495127 0.000575733 -0.00027475
0.00450346 0.000192937 -2.40835e-05
0.00434489 0.000217504 -6.22478e-05
0.00453255 -0.000922712 0.000315413
0.00440501 0.000208028 -3.51872e-05
0.00390744 0.000376588 0.000445755
0.00475327 0.000276594 -0.000276421
0.00447185 -0.000738551 0.000314973
0.00587814 -0.0004641 0.000758293
0.00485445 8.3945e-05 8.172e-06
0.00514241 0.000975895 0.000777976
0.0047423 7.74316e-05 0.000121624
0.00469643 0.000749569 -6.59013e-05
0.00474145 9.59906e-05 2.25764e-06
0.00440592 -0.000874648 0.000333476
0.00468852 -0.000591512 0.000314479
0.00482509 7.12481e-05 0.000104304
0.00457044 -3.31263e-05 -0.000138855
0.000343258 -2.82003e-05 1.04011e-05
0.00447022 -0.000889441 0.0007032
0.00431659 -0.000593037 9.93839e-05
0.00477054 6.56567e-05 0.000124753
0.00471444 -3.48437e-05 0.000135858
0.00467698 0.000343892 -0.000144433
0.00453927 0.000428683 -0.000300578
0.0043936 0.000485667 -0.00106836
0.00485402 0.000110354 0.000263189
0.00458419 0.000262148 -6.21264e-05
0.00475168 8.90293e-05 7.19024e-06
0.00475844 5.88172e-05 4.73694e-06
0.00467628 4.26085e-05 7.26193e-05
0.00479304 0.000318542 -0.000111729
0.00417834 -0.000687797 0.000547596
0.000978792 -0.00430908 0.0174555
0.00380919 0.000156969 -0.000189305
0.00482006 9.79541e-05 1.72421e-05
0.00461673 6.29379e-05 -9.4012e-05
0.00530403 -0.000522771 4.44295e-05
0.00454615 3.6711e-05 7.08293e-05
0.00474837 5.16224e-05 6.94092e-05
0.00482878 0.000668638 0.000225301
0.00429156 -2.58174e-05 -0.000111029
0.00379988 0.000451377 0.000276059
0.00410668 -0.000708404 0.000545503
0.00472669 5.60039e-05 0.000123425
0.00476518 9.96611e-05 0.000108814
0.00438387 -0.000508067 0.000248523
0.00470198 0.000546274 -0.000265167
0.00471489 6.2096e-05 0.000122251
0.00435925 -0.000773203 0.000300945
0.00158447 0.00104994 -0.000199958
0.00636466 0.000202166 0.000371548
0.00474623 -5.28805e-06 -0.000148327
0.00582062 -0.000365619 0.000516083
0.00507006 -0.000120052 -0.000212382
0.00498319 -0.000874235 0.00024816
0.00357254 -0.000273911 -4.72167e-05
0.00471416 0.000321346 -0.000274045
0.00484124 5.3109e-05 9.31193e-07
0.00438115 0.000782156 -1.12384e-06
0.00458673 -0.00010348 -0.000490232
0.00509912 0.000708 0.000620764
0.00517736 -0.000696007 0.00011277
0.00433572 3.10965e-05 -7.75068e-05
0.00461497 0.000659794 7.46594e-06
0.0042948 0.000288777 -0.000126255
0.00478623 0.000212164 -1.62415e-05
0.00462896 0.000672599 0.000135423
0.00432843 0.000303111 -4.60555e-05
0.00427371 7.94887e-05 -9.20656e-05
0.00399076 -0.00099211 0.000394284
0.00420893 0.000995266 -0.000871939
0.00442079 0.00020318 -6.25708e-05
0.00464045 0.000433844 -0.000252722
0.00479442 0.00039694 9.25557e-05
0.00487684 -2.14842e-05 -0.000258732
0.00441346 -0.000621139 6.53051e-05
0.00509995 0.00046244 0.000496312
0.00450297 0.000125569 -0.000574739
0.00494058 0.000356824 -0.000302181
0.00436877 4.10904e-05 -0.000153591
0.00406469 0.000358632 -0.000175563
0.00436387 0.000298737 -0.000125523
0.00456498 0.000261313 -6.55472e-05
0.00472949 -0.000155994 -0.00356443
0.004819 0.000689948 -0.000160133
0.0046136 -0.00053982 0.000659942
0.00429137 0.000138198 -0.000722485
0.00475394 0.000243619 -3.43507e-05
0.00410814 -0.0011478 0.000633656
0.00468466 0.000349804 -1.41026e-05
0.00462971 6.73348e-05 -0.000122956
0.00468027 0.000697161 0.00070898
0.00456707 5.66514e-05 -0.000121424
0.00442019 -0.000955848 0.000235377
0.00395963 -0.000210818 -0.00051822
0.00475873 -0.000295411 -0.000359209
0.0128894 -0.00505155 -0.00613321
0.00355301 0.00187487 -0.00020131
0.00486145 7.98417e-05 1.00674e-05
0.00454997 0.000127953 -0.00050444
0.00437977 0.000335073 -0.000123873
0.00485277 6.98241e-05 0.00015197
0.00403944 -0.000952215 0.000390908
0.00497114 -0.000449837 0.000488798
0.0048122 6.90411e-05 1.00656e-05
0.00432512 0.000147889 -5.91575e-05
0.00460388 7.10004e-05 -5.40593e-05
0.00443992 0.000169494 -0.00013772
0.00451104 -3.9719e-05 0.000109263
0.00340525 0.000272276 -0.00037257
0.00429173 -0.0014944 -7.29077e-05
0.00601863 0.000140743 0.00117245
0.00378478 -0.00074087 0.00198044
0.00593148 -0.000118621 0.00112626
0.00438561 0.000394517 -0.000272313
0.00462157 0.000189567 -0.000122607
0.00522433 -0.000301263 -8.4694e-05
0.00451597 0.00010527 -0.000542814
0.00462224 0.000184387 -6.60796e-05
0.00505953 0.000400089 -0.000326403
0.00471176 0.000107787 5.87223e-05
0.00452392 2.36839e-05 -0.000157247
0.00394662 0.000237264 -7.47615e-05
0.00422293 -0.000414324 -0.0002303
0.00463387 0.000200895 2.16366e-05
0.00445192 0.000280587 -0.000130547
0.00455302 -0.000714124 0.000186127
0.00450313 -1.72769e-05 -0.000136726
0.00485908 0.000269722 -5.87215e-05
0.00479306 8.40748e-05 0.000113234
0.00456253 -0.000887157 0.000275614
0.00459916 -0.000918644 0.000328742
0.00409081 -0.0011094 0.000375478
0.0049862 0.00127064 -0.00105818
0.00466266 0.000234786 -5.25003e-06
0.00435888 8.49518e-05 -0.00011533
0.00470354 0.000158745 4.77873e-05
0.0046427 0.000160054 5.54733e-05
0.00518004 0.00111128 -0.000900623
0.00465717 -1.76733e-05 5.47887e-06
0.00476881 0.00024116 -5.00591e-05
0.00441222 0.000421843 -0.00026319
0.00487364 0.000139237 6.98064e-05
0.00458153 1.45817e-05 0.000131306
0.00450475 -0.000767396 0.000373555
0.00481472 0.000516432 -9.61393e-05
0.00448615 -0.0026055 0.000933431
0.00411871 -0.000181108 -0.000160151
0.00400638 -8.16441e-05 -8.16753e-05
0.00466097 0.000516204 -0.000248646
0.00432824 0.000163168 -4.62663e-05
0.00451364 -8.87314e-05 0.000361733
0.00277073 0.000756059 -0.000664353
0.00335943 0.00022043 -0.000326205
0.004126 0.000307691 -0.00021435
0.00484704 0.000547429 -0.000237672
0.00449887 0.000132562 -0.000536861
0.00528976 0.00101674 -0.000364422
0.00500928 0.00031661 -0.000327974
0.00473379 0.000648673 0.00074327
0.00449805 0.000363471 -0.000169629
0.0047489 0.000474918 -0.000135577
0.00481208 6.08234e-05 4.98558e-06
0.00483335 8.32444e-05 7.96976e-06
0.00373152 -5.6114e-05 -0.000320024
0.00575661 -9.72494e-05 0.000933437
0.00452548 0.000235437 -0.000134781
0.00480008 0.000419369 -0.000496504
0.00454231 0.000144196 5.86782e-05
0.00364109 2.2797e-05 -0.000335972
0.00508279 0.000686313 -0.000293366
0.00465586 0.00024528 -4.60173e-05
0.00433266 0.000147303 -9.56972e-05
0.00456848 0.000236648 -0.000143681
0.00453657 7.72746e-05 -0.000428198
0.00480556 0.000583229 -0.000199449
0.00465302 0.000258074 -6.10626e-05
0.00453298 0.000871684 0.000170202
0.00499648 0.000463372 -0.00117571
0.00419242 -0.00083761 0.000290048
0.00414599 0.00119702 -0.00103051
0.00465607 -0.000826701 -0.000358395
0.00499945 0.000152481 0.000490206
0.00442463 0.000216149 -0.000253408
0.00465076 0.000292064 -9.1161e-05
0.00412102 -0.000549257 0.000502149
0.00464666 0.000302072 -0.000119567
0.00493239 0.000557552 -0.00021643
0.00483679 0.000429684 -0.000629481
0.000523386 -0.000383222 -5.42933e-05
0.00463649 0.000355321 -0.000149797
0.00426608 0.000367631 -0.000192316
0.00343769 -0.000456802 3.82152e-05
0.00517787 0.000817584 -5.85149e-05
0.00482603 5.38912e-05 8.34232e-06
0.00223161 0.000934953 0.000614428
0.00412725 -0.000337985 0.0003998
0.00463874 -2.61975e-06 3.81736e-05
0.00499614 0.000634463 -0.000263249
0.00331524 0.00495511 0.00837198
0.00422526 8.43815e-05 6.71132e-06
0.00439779 0.00029377 -0.000264247
0.00508108 0.00102969 -0.000962169
0.00448408 0.000154447 -7.08714e-06
0.00502064 0.000580164 -0.000218563
0.0046254 0.000435856 0.000524185
0.00432353 0.000225528 -2.23351e-05
0.00474581 0.000216609 -9.54903e-06
0.00221085 -0.000978504 0.00896599
0.00365243 -0.00167888 0.00217016
0.00483286 0.000897232 0.000394168
0.00458084 0.000295152 -0.000132797
0.0044493 0.000315192 -0.000153974
0.00437491 -0.000207049 0.000433451
0.00412061 0.000296152 0.000309023
0.00370032 0.000198403 -5.54758e-05
0.00440196 -0.00059238 0.000331495
0.00452263 8.32154e-06 -0.000114793
0.00415954 -0.000268197 6.76713e-06
0.000878404 -0.000492486 0.015986
0.00447406 0.000283665 -0.000262476
0.0045391 -0.000778812 0.000290207
0.00437252 -0.00214532 0.00102635
0.00468613 8.86879e-05 0.000114306
0.00473615 0.000403287 -0.000139583
0.00494285 0.00046535 -0.000476945
0.00497284 0.000158242 -0.00189085
0.00335539 0.000400382 -0.000451231
0.00471552 0.000208106 2.34556e-05
0.00637975 0.00071646 -0.000456393
0.0046173 -0.000600103 0.00033562
0.0049343 0.000881424 0.000470015
0.00423362 -0.000555049 -0.000793686
0.00452117 -0.000868016 0.000331438
0.00421708 -0.000918767 0.000327834
0.0039084 -0.000984515 0.000398683
0.00425704 0.000198211 -8.86444e-05
0.00453392 8.25637e-05 -0.000506544
0.00465241 3.69399e-06 8.84091e-06
0.00457329 5.51729e-05 -0.000275376
0.00379932 0.000779173 -0.000218517
0.00466084 -9.12272e-05 0.000516516
0.00400049 -0.00101373 0.000386585
0.00484765 9.43823e-05 -1.86807e-05
0.00485276 0.000364924 -0.000288521
0.00431427 0.000147398 -3.69559e-05
-0.00575736 -0.0085666 0.0309469
0.00483849 4.48426e-05 -5.32895e-06
0.00465999 0.000342761 -0.000173638
0.00520792 0.000969575 0.000440576
0.00446667 0.000803383 0.000411076
0.00423473 -0.000595163 0.000132405
0.00459556 0.0004023 -0.000277005
0.00354261 0.00141747 0.000259597
0.00492354 0.000143984 8.01866e-05
0.0043874 -0.00143038 -0.000252979
0.00415672 -0.0009996 0.000330266
0.00301534 -0.00108227 0.00941704
0.00423278 0.000605942 -0.000485516
0.00375059 -0.00062606 0.000121135
0.00506995 -5.7573e-05 -0.000374196
0.00423068 -0.000986107 0.000587618
0.00480386 0.000213577 -3.03918e-05
0.00509153 0.000505954 -0.000241502
0.00471586 -2.23565e-05 5.8497e-06
0.00483316 0.000764908 -0.000374384
0.00486644 0.000683927 -0.000298296
0.00462686 2.40803e-05 6.15406e-06
0.00458736 0.000605693 -0.00027572
0.00459481 0.000223568 -2.01078e-05
0.00402026 0.000556607 0.000410625
0.0034364 -0.000407832 0.000377072
0.00158585 0.000852515 -0.00071611
0.004556 7.54745e-05 -0.000530362
0.00438332 0.000304953 -0.000138711
0.003308 0.000631664 -0.000608317
0.00447194 -0.00105352 0.000306743
0.00474518 -0.000322054 -0.000176736
0.00455331 0.00086637 0.000267853
0.00449895 6.15713e-05 2.25325e-06
0.00466872 0.000251561 -0.000142856
0.0042923 0.00025283 -0.000188082
0.00477011 0.000448435 -0.000194791
0.00424943 -0.00057795 0.000543905
0.00461675 -0.000878249 0.000339898
0.00371218 0.000318414 0.000274699
0.00367318 0.000125618 -0.000549575
0.00433232 -0.0014353 0.000213864
0.00410826 -0.000608853 0.000564109
0.0043099 -0.00105592 0.000794646
0.00454357 0.000120775 -0.000583605
0.00465395 0.00020064 -0.00026493
0.00473341 0.00096549 5.13927e-05
0.00436987 -0.000825329 0.000653808
0.00340912 -1.54741e-05 -0.000462196
0.00464518 0.000197865 6.45596e-06
0.00546288 -6.19797e-06 -0.000309906
0.00441036 -0.000232501 -0.000140841
0.00406682 -0.00128453 0.000256358
0.00427145 0.000841441 -0.000307312
0.00463935 0.000283304 -0.000135301
0.00397156 -0.00119264 0.00217683
0.00498124 0.00103637 -0.000495399
0.00520955 -0.000726236 9.52932e-05
0.00420841 6.61716e-05 5.36703e-06
0.00479855 -0.000844618 0.000314345
0.00411656 -6.30309e-05 0.000294256
0.0013626 0.00190464 0.00011207
0.00497098 -1.76077e-05 -0.000437081
0.00429914 0.000381449 -8.86279e-06
0.00452084 -6.97834e-05 -7.87097e-05
0.00423932 -0.000880914 0.000253893
0.00462956 -0.00106743 0.000427387
0.0040559 7.56627e-05 0.000133806
0.0015931 0.000989374 0.0159378
0.00506212 0.000569638 -0.000221912
0.00545631 -4.92604e-05 0.00122378
0.00440569 -0.0014675 -0.000240831
0.00261162 0.00126588 0.0091876
0.0047506 0.000931153 0.000147822
0.00520684 0.000909118 -0.00181773
0.0044325 0.000282114 -8.10666e-05
0.00373294 0.000365773 0.000248768
0.00473904 -0.000815227 0.000450012
0.005008 0.000633751 -0.000142396
0.00419218 0.000115644 0.00019023
0.00438837 6.53508e-05 -1.79964e-05
0.0045281 0.000288591 -8.8955e-05
0.00358353 -0.000427401 3.18172e-05
0.00408854 -0.000597436 0.000549665
0.00439112 -9.49941e-06 0.000245
0.00497481 -5.43755e-05 3.10195e-05
0.00478869 0.000592298 -0.000227941
0.00321312 -0.000645277 0.00896962
0.00471927 -0.000960825 0.000375317
0.00474492 0.000965149 9.04695e-05
0.00469041 -0.00107801 0.000406225
0.0051078 0.000596394 7.02113e-05
0.00418585 -0.000736594 0.000495648
0.00414191 -0.00186406 0.00180498
0.00376191 -0.00103927 0.00228549
0.00465659 0.000878393 0.000422904
0.00423671 0.000268374 -0.000322176
0.00455493 -7.50423e-05 -6.65075e-05
0.00466929 0.000565099 -0.00029314
0.00405786 -0.00143114 0.000939089
0.00510855 0.00054463 -0.000197148
0.00448628 -4.65646e-05 0.000312542
0.00430706 -0.00100051 0.00073472
0.00449411 -0.000676814 -0.000228417
0.0176583 0.0164645 -0.0600332
0.00457873 -0.00064199 0.000581725
0.00481338 -3.30998e-05 0.000219507
0.00457242 -0.000957503 0.000327724
0.00542198 -1.90141e-05 0.00121381
0.0045533 -0.000843146 0.000338812
0.00431039 0.000601779 0.000317966
0.00469279 0.00039173 -0.000123682
0.00460278 -0.000820757 0.000352969
0.00419964 2.69108e-05 2.11537e-05
0.00416766 -0.000852745 0.000270058
0.00402949 -0.00111695 0.000479346
0.00520616 0.000839334 -0.00042701
0.00329912 -0.000254921 -0.000290532
0.00518835 -0.000965568 0.000632567
0.00513514 -0.000766395 0.000142823
0.00451419 -0.000733287 0.000613699
0.00579353 -0.000320138 0.000691247
0.00446268 -0.000809608 0.000546895
0.00498463 0.000585965 -0.000227248
0.00400305 -0.00024564 0.000879443
0.00415436 -0.00214298 0.0021393
0.00463378 -0.000749664 0.000319248
0.0037136 -0.000191994 -0.00024408
0.00448731 -0.000230799 0.00103359
0.00447956 -0.000422453 0.000454838
0.00363646 0.000686444 -0.000642781
0.00453551 0.000404355 -0.00013933
0.0050059 0.000255901 -0.000603135
0.00410687 -0.000662198 0.00046131
0.00502619 0.000611372 -0.000254326
0.00490413 0.000956911 0.000165887
0.00464075 -2.79911e-05 7.69943e-06
0.00502045 0.00102591 4.39116e-05
0.00435448 -0.0011241 0.000748885
0.00491246 -4.89449e-05 2.80985e-05
0.00435934 -0.00134991 -0.000236501
0.00439854 -0.00109097 0.000477635
0.00474391 -0.00069793 0.000338187
0.00416091 -0.000775896 -0.000179909
0.0046833 0.000193674 1.85716e-05
0.00430342 0.000148547 2.11696e-05
0.00461722 0.000466562 -0.000287096
0.00432923 -0.00141638 -0.000258621
0.00531369 0.000283493 -0.000809976
0.00414003 -0.000875633 0.000322145
0.00430696 -0.000228758 -0.000160975
0.00412256 -0.00166306 0.000865738
0.00370158 -0.000624935 0.00191005
0.00456415 -0.000776498 0.0004449
0.00461118 -0.000251915 0.000995024
0.0051283 0.000721213 0.00021594
0.00473034 -7.28765e-05 -0.000226148
0.00397283 -0.000627588 0.00205688
0.00409289 -0.000636972 0.0002883
0.00450483 -2.34356e-05 0.000280765
0.00415298 -0.000940664 0.000259738
0.00464416 -0.000379998 0.00120561
0.0049031 -0.000108792 -0.000203074
0.00500458 0.000217893 -0.00215461
0.00491511 -0.00019016 0.000218874
0.00414981 -0.000936702 0.000677799
0.00459298 2.54185e-05 0.000334483
0.00435988 0.000445688 -0.000547476
0.0036617 -0.00049445 -0.000327202
0.00393575 -0.00102158 0.000722006
0.00361363 -0.00191492 0.00386823
0.00443673 -0.00204854 0.00107965
0.00465688 -2.43048e-06 8.71473e-06
0.00463659 0.000489438 -0.00013957
0.00477134 -0.000933026 0.000307913
0.00485025 0.00123746 -0.000448112
0.00402835 -0.000563476 0.000412797
0.00445051 0.000100889 6.10761e-05
0.00435197 -0.00134819 0.000122565
0.00446425 -0.000471537 0.000330626
0.00402433 -0.00104057 0.0004157
0.0023258 0.00214487 0.000177239
0.00397904 -0.000553931 9.64e-05
0.00457816 -6.53772e-05 -8.71396e-05
0.00515472 0.00020294 -0.000426124
0.00450357 7.73307e-05 -0.00053395
0.00436185 -0.00100304 -3.692e-05
0.00460094 0.000264794 -0.000668354
0.00464988 -1.76921e-06 8.52069e-06
0.00439507 -0.000563975 0.000544634
0.00461718 -2.51299e-05 8.99102e-06
0.00447278 -0.00031526 0.000410885
0.0042625 -0.00123605 0.000723951
0.00579164 -0.000509735 0.000131461
0.0040237 -0.00104906 0.000701581
0.00476581 -0.000313564 -0.000567281
0.00412026 -0.00119877 0.000830695
0.00397176 -0.00103639 0.000442954
0.00343415 0.00141771 0.000250111
0.00413781 -0.00111797 0.000783541
0.00448579 -0.00103998 0.000319869
0.00472178 -0.000755794 0.000331892
0.00500669 0.00056802 -0.000196813
0.00487603 -0.00100433 0.000373031
0.00481799 0.000289477 -0.00070585
0.00403428 -0.00023338 -0.000177924
0.00457695 -5.50961e-05 -7.76114e-05
0.00423996 -0.000603075 0.000538694
0.00498551 0.000595201 -0.000239007
0.00432118 -0.000788629 0.000632008
0.00437849 -0.00127319 0.0024044
0.00425217 -0.00207939 0.00160165
0.00492975 0.000584104 -0.000234096
0.00413027 -0.000551668 0.000502363
0.00350278 0.00050613 0.000194643
0.00449305 -0.000305943 0.000990786
0.00476212 -0.000177145 2.41895e-06
0.0037138 0.000854969 -0.000373244
0.00449047 -0.000229159 0.00104619
0.00477088 9.38193e-05 0.000225411
0.00480324 -0.000702893 0.000278665
0.0043111 -0.000285312 0.00077602
0.00462888 2.41212e-06 8.82182e-06
0.00395726 -0.000661035 0.00238848
0.00424219 -0.0012295 0.000353976
0.00467168 -0.000190272 -0.000162246
0.00463986 -2.69571e-06 7.75047e-06
0.00381539 -0.000464741 0.000116345
0.00369947 -0.000644429 1.12623e-05
0.00432116 -0.00110843 0.000784734
0.00392037 -0.00112691 0.00202515
0.00490629 -4.51242e-05 2.39718e-05
0.00461914 -0.000879512 0.000351144
0.0046728 -0.000578546 -0.000434159
0.00457192 -0.000273233 0.00100532
0.00466084 -2.65976e-05 9.8013e-06
0.00456413 -6.57843e-05 -8.68716e-05
0.0031682 0.00117718 -0.000952656
0.00439753 -0.00136326 8.4955e-05
0.00464244 0.000936619 0.000147277
0.0048479 -0.000433151 -0.000747457
0.00392368 0.000729096 -0.000465536
0.0044611 -6.4064e-05 0.000306415
0.00511964 0.000681267 -0.000227685
0.00484948 -0.0022257 0.00143151
0.00432638 -0.000695994 0.000220654
0.00486023 0.000535752 -0.000193504
0.00393581 -9.5055e-05 3.26312e-05
0.00528966 0.00108911 0.000181842
0.00438507 8.4887e-05 -1.54733e-05
0.00489066 -6.56688e-05 4.10665e-05
0.00432944 8.82489e-05 0.000238413
0.0046554 -2.07262e-05 4.39131e-06
0.00433182 4.37007e-05 1.35819e-05
0.00447082 -0.00126326 0.000637599
0.00448265 -0.000593352 0.000543631
0.00415749 -0.00140538 -0.00023972
0.00489668 -6.42414e-05 4.71723e-05
0.00428186 -0.00114166 0.000794812
0.00419578 -0.000961176 0.000710976
0.00406876 -0.00106059 0.000757327
0.00439617 -0.00147199 -0.000236261
0.00432302 -0.00136081 -0.000232011
0.00424654 -0.0015476 0.000307681
0.00412523 -0.000920448 0.000403531
0.00427875 -0.00111666 0.000784402
0.00424433 -0.000580241 4.36864e-05
0.0044008 -0.0023165 0.00122934
0.00426603 -0.000566741 0.00020844
0.00494207 4.42354e-05 -0.000189907
0.00428502 7.77622e-05 1.72526e-05
0.00466254 2.08107e-05 0.000219172
0.00399614 0.000419703 0.00233733
0.00417233 -0.00122387 0.000574566
0.00493967 -0.000107442 1.60701e-05
0.00424907 -0.000563114 0.000511491
0.00422329 -0.000528638 0.000494535
0.00421006 -0.00146515 0.000210724
0.00318643 -0.00136453 0.00245891
0.00428207 -0.00147413 0.000849935
0.00359144 -0.0022542 0.00289777
0.00438691 -0.000276137 0.000942364
0.00462192 3.72731e-06 8.86576e-06
0.00440161 -0.000432111 0.000459644
0.00460903 0.000319475 0.000358919
0.00481863 -0.000662894 0.000602443
0.00427402 0.000583358 -0.00082921
0.00456482 -0.00142898 0.000432817
0.00454547 -5.32047e-05 -9.60043e-05
0.00478185 -0.000134826 -0.000185001
0.00480913 -0.000116885 -2.93205e-05
0.00411355 -0.00104214 0.000435773
0.00427977 -0.000988786 0.000726426
0.00437096 -0.000838996 0.000247469
0.00467116 -0.000986878 0.000371255
0.00410729 -0.000691091 -0.00025398
0.00457202 -7.09821e-05 -7.45762e-05
0.00486889 -0.000762663 0.00025454
0.00436679 -0.00138397 -0.00016509
0.00494296 -0.000131409 -1.92045e-05
0.00475682 7.56473e-05 -7.90069e-05
0.00428442 -0.00052836 0.000525327
0.00465037 -2.66447e-05 9.73763e-06
0.00465796 -3.42246e-05 0.000254349
0.00445708 -0.000492108 0.000288203
0.00464857 -2.46791e-05 1.01054e-05
0.00463992 1.80769e-05 -2.87452e-05
0.00451977 -0.000114543 0.000309323
0.00420218 -0.00297036 0.000895588
0.00447199 -6.60332e-05 -8.37383e-05
0.00428639 -0.00104257 0.000827379
0.00426884 -0.000744637 8.6863e-05
0.00462552 -1.24965e-05 1.24927e-05
0.00156152 0.00219585 -0.000205881
0.00402044 -0.000455156 0.000104597
0.00421366 -0.00109508 0.000790355
0.00415786 -0.00146418 -0.000241017
0.00464938 -0.000298108 -0.000417037
0.00429139 -0.00124148 0.000725551
0.00461691 8.8538e-06 9.08427e-06
0.00445227 0.000204652 -6.74457e-05
0.00425782 2.80411e-05 -3.87161e-05
0.00397213 -0.000607468 0.000214828
0.00482029 0.000770596 -0.000286205
0.00462987 -0.000999066 0.000369912
0.00456554 -5.50843e-05 -9.55456e-05
0.00454939 8.1168e-05 0.000208093
0.00435613 -0.000415615 0.000465078
0.00464739 -2.40915e-05 7.98833e-06
0.00403133 -0.000904432 0.000667441
0.00462674 -4.31292e-06 -1.84299e-06
0.00494693 -7.40732e-05 4.64021e-05
0.00427224 -0.000296989 0.000388911
0.00468559 -0.000465957 0.000497149
0.00452361 1.13661e-06 -9.56624e-06
0.00463725 4.89314e-07 8.79327e-06
0.00463036 -1.8755e-05 2.4539e-06
0.00461953 -1.82521e-05 6.0231e-06
0.00429054 -0.000235199 0.000958875
0.00483576 -0.000117736 -4.82729e-05
0.00456727 6.18187e-06 -4.43718e-05
0.00420479 -0.000540322 0.000469252
0.00466937 -2.18424e-05 3.64171e-06
0.00433489 -0.000732693 0.000601504
0.00509788 -0.000431814 -0.00010857
0.00461899 -2.17571e-05 6.79648e-06
0.00442885 6.4029e-05 -1.35971e-05
0.00528862 -0.000411109 -0.000376608
0.00452261 -2.36267e-05 0.000260085
0.00377238 -0.000844375 0.00218226
0.00365447 -2.06101e-05 0.000109352
0.00424186 -0.000608858 -0.000167471
0.00462695 -1.97606e-05 3.66582e-06
0.00436882 -0.00123254 0.000473402
0.00445599 -0.000839087 0.000666185
0.00452892 -2.56378e-05 -0.000120197

VECTORS force float
-1.13659e-08 -1.47744e-08 -1.06859e-08
-2.48563e-09 -6.1321e-09 1.05413e-09
2.56869e-09 2.41238e-08 -3.03376e-09
-1.72288e-09 -3.31276e-09 5.92765e-10
7.98427e-09 4.84976e-09 -1.04633e-08
-7.01268e-10 -2.53065e-12 -6.37256e-10
1.90819e-09 5.68375e-09 -9.51375e-09
-1.22406e-09 -7.02906e-10 -1.4157e-10
-2.95886e-09 7.10768e-12 7.80801e-10
-3.41141e-10 1.78039e-09 -6.23634e-09
5.24015e-10 4.3223e-09 -5.23074e-09
-6.42408e-09 -6.66457e-11 1.61287e-09
1.68438e-09 2.06324e-10 1.695e-10
8.04907e-09 2.67186e-09 -6.31339e-09
6.83862e-09 6.55746e-10 9.31857e-09
1.62575e-09 -1.39713e-09 4.00976e-10
-3.01129e-09 -2.09367e-09 4.00951e-09
2.67685e-10 -1.64374e-09 2.46908e-09
1.98627e-09 1.02303e-09 -1.17102e-09
-3.80621e-09 5.03092e-09 -3.3273e-09
4.16255e-09 1.97206e-09 1.52448e-10
5.53776e-09 -7.56068e-09 1.65805e-09
2.83697e-09 -2.51142e-09 -4.3359e-09
-3.81053e-09 2.39988e-09 9.7757e-10
7.30628e-09 -3.41735e-09 1.41327e-09
1.07697e-08 8.48245e-10 1.67068e-09
-1.23947e-09 -2.34729e-09 1.42371e-10
-3.22957e-10 -7.86436e-10 1.47362e-09
-3.51734e-09 5.40967e-09 1.60918e-09
2.80794e-09 2.15556e-08 -4.79987e-09
3.35955e-09 -1.65596e-09 8.12675e-10
-4.1105e-09 3.66097e-10 -3.69766e-09
1.05798e-09 5.46645e-10 5.96964e-09
3.36159e-10 -3.20354e-09 -5.55094e-09
2.94983e-09 -1.25955e-09 -1.72069e-08
-2.27896e-09 3.10417e-09 -9.28287e-09
-3.30488e-09 -2.88267e-09 5.41748e-09
1.53176e-08 -7.50745e-09 5.46348e-10
1.75987e-09 7.43176e-10 1.23862e-09
-9.1458e-10 7.18571e-10 1.53451e-09
7.74078e-09 3.2204e-10 -1.03776e-08
7.17264e-10 -1.10715e-09 5.02538e-12
-4.96198e-09 2.08624e-09 5.09297e-09
-3.94944e-09 -3.40151e-09 1.56132e-09
1.83478e-10 -8.66961e-10 1.05953e-10
2.22475e-09 -3.55697e-09 1.32234e-09
1.1289e-09 -2.92028e-10 -7.35133e-11
2.01375e-09 1.66801e-09 -1.30597e-09
-3.95124e-09 5.57721e-09 1.90533e-09
-1.22968e-08 -1.40181e-08 1.52474e-08
1.94188e-09 2.08541e-10 -2.69609e-09
-4.11552e-09 -1.36279e-09 1.1958e-09
2.96576e-09 1.57757e-09 -6.42604e-10
-2.31325e-09 1.34611e-09 -3.12604e-09
-4.95232e-09 -1.2941e-09 -1.99796e-09
-1.44856e-09 7.70909e-10 4.25999e-09
-1.78892e-09 2.77246e-09 -3.16172e-09
-8.56377e-10 2.78212e-09 -3.93651e-09
-5.59609e-10 -2.3299e-09 5.16104e-10
-2.83413e-09 6.58445e-10 3.73974e-10
-7.76387e-10 -4.63676e-10 6.65636e-10
5.80815e-09 9.96594e-10 -1.29255e-09
-1.75651e-09 -1.28683e-09 3.79682e-09
1.182e-09 -2.91026e-09 -9.20983e-09
-3.2593e-09 2.46207e-09 4.71595e-09
-4.46089e-09 -8.55774e-10 -1.22896e-09
2.58132e-10 -1.13194e-09 8.02691e-10
-2.60706e-09 1.78822e-10 2.87417e-10
1.64419e-09 -6.5769e-10 -1.06383e-09
1.36429e-08 5.66533e-09 -7.56366e-10
-7.11435e-11 -7.98556e-10 2.12285e-09
1.01291e-08 4.02493e-09 3.68277e-10
-4.24973e-09 4.0853e-10 -2.90525e-09
-3.06435e-09 3.40256e-09 -4.92182e-10
-6.35258e-09 -1.17689e-08 1.31806e-08
-2.44957e-09 -7.42447e-10 6.21218e-09
4.75114e-10 6.77298e-09 -6.8395e-10
9.87817e-10 -6.97695e-10 2.23302e-09
3.74685e-09 -4.36263e-09 1.13903e-09
-2.49505e-09 2.0079e-09 -1.0192e-09
6.20787e-09 6.38253e-09 -8.6672e-09
4.39695e-09 2.64552e-09 -4.76694e-10
-8.62259e-10 -3.41569e-09 -2.48874e-10
-4.32314e-09 -1.83856e-09 1.72702e-09
1.12568e-08 3.23156e-09 -4.45952e-09
-3.28805e-09 -7.13797e-09 -1.36654e-08
6.75472e-09 -2.06934e-09 -7.31125e-10
1.34239e-09 7.48934e-10 -7.7197e-10
-1.43445e-09 -1.89216e-09 3.9116e-09
1.32169e-09 -2.45445e-10 -3.89413e-11
-3.01943e-09 -1.07739e-09 -9.86968e-10
-2.95978e-09 1.54047e-10 -7.64611e-10
3.15216e-09 8.58894e-09 -4.79223e-09
1.25456e-09 -4.24752e-10 -3.48545e-09
2.87014e-10 4.03333e-10 3.98019e-10
1.55221e-09 2.44589e-09 -2.78272e-09
1.00592e-08 -1.88824e-09 -8.50888e-09
-6.41905e-10 -7.15892e-10 4.10099e-10
-3.19084e-09 4.79241e-09 -3.25288e-09
1.59732e-09 -2.23261e-10 -5.15406e-10
4.56259e-10 -1.60281e-09 -9.18889e-10
-3.15522e-09 -1.42244e-09 -5.59989e-10
-1.94835e-09 8.21057e-10 -2.12842e-10
-5.80472e-09 -2.24681e-09 2.34715e-09
-2.41498e-09 -1.99254e-09 4.57755e-11
-1.75108e-09 -1.95166e-08 1.97508e-08
-2.67855e-09 -8.52327e-10 -5.36752e-10
6.34027e-11 -9.04712e-10 1.46603e-09
7.63135e-11 3.80737e-09 -7.08517e-09
1.7744e-09 6.45558e-09 -1.47713e-09
2.98282e-10 2.34226e-09 -2.71331e-09
1.09998e-09 3.34517e-09 -1.88336e-09
-6.07098e-09 1.57169e-09 -1.19808e-09
1.27544e-09 1.32351e-09 -2.0233e-10
1.92e-09 -3.91614e-09 6.69851e-10
7.49967e-10 4.1093e-10 1.68341e-09
-8.95191e-09 -6.84816e-09 1.38635e-10
-4.79916e-09 -5.57458e-09 4.58465e-09
-1.96407e-09 -3.39332e-09 5.5661e-09
3.59471e-09 2.23103e-09 -1.6688e-09
9.04397e-10 5.62831e-10 1.28075e-09
-3.84952e-09 -3.99694e-10 7.57039e-10
5.84588e-09 -2.8189e-10 -4.41829e-09
-3.23404e-09 2.61502e-10 -5.63582e-11
-6.15868e-10 -1.58694e-09 -4.47002e-11
-2.29102e-08 2.22604e-08 -5.83512e-08
-1.88992e-09 2.04882e-09 -1.27617e-09
-5.84648e-10 8.31527e-09 -3.15708e-08
7.44152e-10 6.25263e-11 1.59287e-10
-2.70658e-08 -4.35722e-08 9.59472e-08
-2.34071e-10 -3.78272e-09 1.4008e-09
9.80828e-10 -3.77954e-10 9.52421e-10
1.4048e-09 -8.24147e-10 -6.62965e-10
-8.82596e-10 -1.42078e-09 -6.91746e-10
2.43592e-08 6.69695e-09 -7.31698e-09
9.8235e-10 -8.48388e-10 -1.7564e-09
-1.15776e-09 -2.96014e-09 4.85323e-09
-4.27567e-09 5.67382e-09 -8.93082e-09
4.00977e-09 -2.61948e-09 5.59001e-10
-3.23921e-09 -3.07319e-09 4.05525e-09
-1.08494e-10 3.7852e-09 -3.94761e-09
-4.02181e-09 -1.86021e-09 -1.41609e-09
2.65913e-11 -2.8595e-10 -2.40881e-09
-1.74691e-08 4.36853e-09 -6.27359e-09
-9.11928e-10 -4.93567e-10 5.22892e-10
-1.22207e-10 -1.91858e-10 1.39891e-09
1.5867e-09 4.07692e-09 -1.00553e-09
-2.13083e-09 -4.49816e-09 3.92462e-09
3.678e-09 -3.81862e-09 2.2723e-09
-3.18341e-10 8.63814e-10 -7.26164e-11
-2.68239e-10 1.65024e-09 2.1354e-09
2.76331e-09 1.15205e-09 2.49563e-10
1.10365e-09 -6.27384e-10 1.85314e-10
2.63113e-09 -5.54287e-09 -7.0179e-10
1.66044e-10 1.75623e-09 -2.15066e-10
-2.6497e-09 -2.29543e-09 1.49344e-09
-4.56634e-09 -9.55782e-09 3.5925e-09
-1.29785e-09 -6.06145e-10 -9.46688e-12
-9.46266e-10 1.12073e-09 -4.32328e-10
-1.16803e-09 -8.01001e-10 -4.35854e-10
1.21116e-09 -2.90311e-09 2.04896e-09
1.96136e-09 -2.5554e-09 -1.09548e-08
5.00012e-09 -2.1249e-09 9.01251e-10
7.62203e-10 -6.37645e-10 3.64284e-10
-3.01743e-09 -6.13255e-09 -5.27562e-10
1.2403e-08 -3.45565e-09 1.94773e-09
-3.98391e-09 -2.40518e-09 1.02994e-09
-2.85392e-10 2.24433e-09 -2.88821e-09
4.63368e-09 -2.50022e-09 1.42918e-09
1.14097e-09 -9.01346e-10 -6.28692e-10
9.1265e-10 -3.53984e-09 -5.24327e-09
2.14131e-09 -4.54949e-09 1.60514e-09
2.31139e-09 3.82268e-09 -2.45959e-10
-9.85517e-09 -1.54286e-09 2.23776e-09
6.78015e-09 7.51117e-09 -1.38142e-08
3.95015e-09 1.50778e-09 1.70851e-11
5.29746e-08 -1.42315e-09 4.21221e-09
9.61017e-10 9.1048e-10 1.08159e-09
2.61419e-09 -7.70405e-10 -8.40399e-10
-5.20413e-10 -2.76836e-09 -3.62368e-09
4.55378e-09 -1.45789e-09 -2.61236e-09
-1.17113e-09 1.34072e-08 5.54929e-09
-4.20543e-10 1.74237e-10 -2.35562e-10
1.5265e-09 4.35255e-10 -4.6e-10
1.24683e-08 -5.81491e-09 2.0825e-09
5.34853e-10 -5.63108e-10 -1.16622e-09
-5.09301e-09 2.17598e-09 -3.32304e-10
-4.18495e-10 -6.93756e-10 -1.73945e-09
1.05201e-10 3.31391e-10 1.5202e-11
-3.9008e-10 1.32744e-09 -1.36191e-09
1.40364e-09 -1.09072e-09 1.58318e-09
-1.07435e-09 -2.37113e-09 3.39406e-09
1.14809e-08 -8.77143e-10 2.6974e-10
2.41921e-09 1.24178e-09 1.49071e-09
-2.22038e-08 -6.37203e-09 2.39066e-08
1.82525e-09 9.8612e-11 6.07229e-10
-1.3151e-09 -2.84545e-09 2.23423e-09
5.59749e-09 -5.09689e-09 8.36605e-10
9.22018e-09 -1.01561e-08 9.22167e-09
-1.739e-09 -1.18765e-09 6.71158e-09
6.79828e-09 -2.33743e-10 5.23469e-09
-5.44074e-09 -1.41243e-09 2.274e-11
1.01588e-09 -5.61515e-09 1.4119e-09
1.5726e-09 -4.9308e-09 1.08567e-09
1.05909e-09 2.51995e-10 -1.32116e-10
-3.41685e-09 -7.42964e-08 3.40626e-08
6.75362e-11 -1.34923e-10 -1.28272e-10
-1.20438e-09 2.95211e-09 3.84998e-10
6.27133e-10 2.96873e-09 -3.78346e-09
2.09506e-09 5.44138e-09 3.93165e-10
-8.86368e-10 1.35045e-09 -2.14969e-09
-6.48367e-10 -3.67551e-09 4.76313e-09
2.75702e-09 2.28105e-10 -7.85493e-11
7.86833e-09 -6.57748e-09 -2.39109e-09
1.26722e-08 3.88403e-10 2.21606e-09
-2.07402e-09 -1.48834e-09 -1.63897e-09
2.70773e-09 -1.12963e-09 -1.09769e-09
-1.54487e-08 -4.37901e-09 -1.49826e-08
-2.02905e-09 -1.61166e-09 2.95019e-09
1.2491e-09 9.68242e-10 -2.45189e-09
-4.02156e-09 3.51758e-09 -2.69372e-09
3.70638e-09 3.00637e-09 -2.66865e-09
-1.66164e-08 -1.48356e-08 1.34452e-08
2.88154e-10 1.10519e-09 -1.4529e-10
-1.00517e-08 -2.86157e-10 -1.86101e-10
-6.29181e-09 6.30528e-09 -8.55125e-09
4.20885e-10 -2.63404e-09 -3.52591e-10
-3.08674e-09 -7.87225e-10 4.68255e-10
7.28118e-09 -3.80868e-09 -9.66953e-09
1.03094e-08 1.93627e-08 -2.26355e-09
1.95744e-09 -1.27192e-09 1.13236e-09
-2.29488e-09 -3.268e-09 5.29338e-10
6.53272e-09 1.51952e-08 -8.95961e-10
-1.03656e-09 -2.95106e-09 -1.62582e-11
2.68722e-09 -1.38675e-09 6.24735e-11
4.00209e-09 -2.06034e-09 -1.62415e-08
-2.53591e-09 2.66241e-09 -7.57038e-09
2.86298e-10 1.30549e-09 -2.23558e-10
1.72815e-10 -7.48508e-09 1.03735e-09
-1.99271e-10 -6.64627e-10 -8.49331e-11
2.23406e-09 1.78976e-09 1.82204e-09
7.45294e-09 -9.59398e-09 5.60883e-09
-2.79908e-10 3.50062e-10 1.0601e-10
9.29569e-09 -2.24906e-09 2.46436e-09
1.65082e-09 -7.8721e-10 1.89254e-09
-5.5698e-10 5.33958e-10 -7.0978e-10
3.01208e-09 -5.01936e-09 7.64411e-10
5.02225e-10 6.70004e-10 -5.065e-10
-7.53673e-09 -9.06498e-09 3.61283e-09
-3.2468e-09 8.06914e-09 -1.00034e-08
2.62498e-09 4.8512e-09 -5.98396e-09
-2.75302e-09 5.92099e-09 -8.03542e-10
2.75642e-09 -1.09841e-09 1.63373e-09
-2.31916e-10 1.01843e-09 -2.87708e-10
4.00076e-09 -3.55976e-09 1.81403e-09
-7.60107e-11 2.79142e-09 -1.0547e-09
3.94628e-10 -1.10019e-09 7.14932e-10
3.21018e-09 -5.44156e-10 8.53705e-11
5.44888e-10 -1.70992e-09 1.51648e-09
1.09437e-10 -1.95914e-09 2.70627e-09
8.57538e-10 1.00027e-10 -4.0293e-10
-3.92247e-10 5.2825e-09 -2.36436e-09
-6.07076e-10 5.20655e-11 -6.41757e-10
6.7198e-09 -6.33755e-09 -1.03245e-09
-2.65841e-07 8.95219e-08 4.28942e-07
-1.83651e-09 3.76224e-10 1.85643e-10
2.54862e-09 -5.24413e-09 4.11447e-11
-6.05966e-09 -1.28342e-09 -4.10554e-10
-2.63616e-10 3.86427e-10 5.83906e-12
8.83915e-09 2.25239e-09 -5.86356e-09
-1.79978e-09 6.22451e-09 -2.83922e-09
-1.28715e-09 1.50841e-09 3.1896e-09
-3.02212e-08 1.05552e-08 -1.71819e-08
4.43876e-09 -9.42175e-09 -1.62596e-08
4.98003e-09 1.11854e-09 -1.50161e-09
7.19763e-09 7.04439e-10 -5.0231e-10
-7.28961e-10 3.29861e-09 -3.89907e-09
1.39325e-08 3.99238e-09 -7.42524e-09
1.3432e-09 -3.60003e-09 -6.66026e-10
-2.6398e-09 -3.35509e-09 1.26372e-09
-5.5122e-09 1.44783e-09 6.774e-10
-3.72804e-09 3.17886e-09 -3.27484e-09
5.93991e-09 4.88747e-09 -1.2946e-08
1.78414e-09 2.89953e-09 -4.48775e-09
1.10881e-10 6.36771e-10 1.00957e-10
5.77008e-10 -7.66506e-09 9.11725e-11
-2.48573e-09 9.31534e-10 -6.75167e-10
3.70799e-10 7.9608e-10 -1.13011e-09
9.59743e-09 -4.28983e-10 3.14e-09
-6.49482e-09 6.28609e-09 -1.78613e-09
-1.52152e-08 -1.84978e-08 2.06509e-08
-5.24541e-10 -1.8058e-10 -4.6706e-11
-1.06556e-11 2.42149e-09 2.93736e-09
6.66457e-10 -6.10848e-10 1.29587e-11
1.36006e-10 8.59057e-09 -3.3327e-10
1.9141e-09 -3.59645e-10 1.69338e-10
1.01935e-08 -5.95177e-09 3.91038e-09
-3.06382e-09 -2.18764e-10 1.11434e-09
-5.24242e-09 -6.36718e-11 2.36985e-09
-4.38937e-10 7.05701e-10 3.32438e-10
-3.58581e-09 8.50639e-10 -1.96713e-10
-2.09078e-08 -3.84872e-08 8.15533e-08
-1.0202e-08 -6.84676e-09 4.81154e-09
2.12506e-09 -1.65475e-09 -2.56643e-10
-1.18656e-09 -3.37399e-10 7.43478e-12
4.80459e-09 -4.35394e-10 1.32671e-09
-8.54958e-09 7.214e-09 -6.09718e-10
-2.8841e-08 4.89493e-09 3.23726e-08
6.61886e-09 -8.5151e-09 -5.36168e-09
1.68037e-09 1.33132e-10 4.70273e-09
1.86739e-09 2.11183e-09 -2.81981e-10
-6.13231e-10 1.3348e-09 -3.90691e-10
-7.07523e-10 -1.52312e-09 1.13946e-09
3.48128e-09 -2.86888e-10 -9.58962e-11
-3.48332e-10 2.48691e-08 1.0978e-08
-1.06122e-08 -2.4274e-09 -1.12679e-07
-2.2074e-08 -6.42876e-08 1.46676e-08
1.3878e-09 -7.79685e-10 -2.77229e-09
-6.45073e-09 1.87429e-09 -6.88328e-09
8.32012e-09 -8.25025e-09 -2.4887e-09
1.74954e-11 2.45402e-09 -1.52322e-09
1.64972e-09 2.43595e-09 -3.5885e-09
-4.06021e-09 -8.93912e-09 1.06855e-08
-1.37507e-09 -2.11571e-09 -5.26729e-10
-6.51509e-09 1.87329e-10 -7.87651e-09
-2.22098e-08 -4.66074e-09 -5.3031e-09
5.294e-10 -1.19647e-09 2.70198e-10
-1.98379e-09 3.67449e-10 -7.01166e-11
7.57165e-10 5.57939e-10 -1.08134e-09
2.75356e-09 3.3689e-09 -5.9021e-09
1.9533e-10 -5.38888e-10 -3.57183e-11
-1.90757e-09 7.79007e-09 -2.25875e-09
-1.51829e-09 1.02015e-08 6.70881e-10
-6.03163e-09 -1.76835e-08 7.40386e-09
-7.54968e-11 8.28337e-10 -5.92603e-10
1.84488e-09 -1.45505e-09 3.88241e-09
-8.90665e-09 5.66214e-09 -5.8958e-10
-6.39433e-09 4.17875e-09 -2.30234e-09
1.88189e-08 2.53981e-08 1.36206e-08
3.12748e-09 8.72634e-09 -8.68761e-10
-4.94489e-10 2.99393e-10 -4.38836e-11
1.45307e-09 -3.45682e-09 4.91414e-09
-6.73307e-09 -1.16194e-08 1.358e-08
3.42638e-08 3.75201e-08 6.95759e-08
1.98323e-08 1.63816e-09 5.83387e-09
1.55134e-09 9.06672e-09 7.26085e-09
-1.37075e-09 4.53686e-09 -2.63203e-08
1.60022e-09 -1.16897e-09 1.13167e-09
-6.60928e-09 2.13807e-09 9.2174e-10
1.02185e-09 -7.61344e-10 4.04757e-09
2.30076e-09 4.14777e-09 -3.33453e-09
1.78688e-10 -5.61815e-09 -6.92932e-09
1.52165e-08 9.51459e-09 -6.77557e-09
-6.51648e-09 -2.68781e-09 1.8135e-09
4.03578e-10 3.68897e-10 -1.27997e-09
5.87413e-09 -1.25537e-10 3.16538e-10
2.02533e-10 8.49953e-10 -3.59071e-10
-4.17687e-10 1.24496e-08 7.34819e-09
-4.75645e-10 -5.15868e-09 -3.174e-09
-1.25949e-08 2.33471e-09 -8.87516e-09
-9.31932e-09 -4.12326e-09 5.42092e-09
1.15334e-08 1.2332e-09 -2.59225e-10
-6.1242e-11 -9.20321e-10 -3.9016e-10
2.55749e-09 4.18571e-09 -7.468e-09
6.40273e-09 -8.12578e-10 -2.49738e-09
-4.32401e-10 -3.30017e-09 1.35555e-09
2.85593e-08 -3.27707e-08 2.08124e-08
8.79619e-09 -1.71691e-08 3.24229e-08
-1.89427e-08 9.55732e-09 -1.0226e-08
2.00185e-09 -7.93616e-10 1.22141e-09
-6.66735e-09 4.84543e-09 -3.08028e-09
3.57598e-10 -1.17453e-09 6.55376e-09
7.56901e-09 6.10062e-09 4.19439e-09
-3.60009e-09 3.9346e-09 2.04121e-09
-1.996e-11 1.81845e-09 3.71103e-09
-2.88866e-09 -6.47376e-09 -1.78318e-09
-5.82483e-09 5.16845e-09 3.29323e-09
-1.89588e-09 -1.86975e-09 6.70625e-09
-3.49101e-09 3.3752e-10 -2.68733e-09
0.0 0.0 -3.8832e-08
-1.76136e-09 -1.17551e-09 3.80429e-10
-4.31864e-10 1.90492e-10 5.42416e-10
1.03495e-09 3.98444e-09 -4.91266e-09
5.98626e-10 -1.64023e-09 -9.40689e-10
-1.90274e-08 2.37915e-09 -7.36012e-09
2.19954e-08 1.00693e-08 -7.5183e-09
-1.56805e-09 3.61554e-09 -1.36286e-09
-4.19435e-10 1.69785e-09 -1.75233e-10
-3.20566e-09 8.30106e-10 -3.04817e-09
1.739e-09 2.15647e-09 9.32658e-10
-1.50428e-09 -7.49954e-10 -1.36835e-09
9.73884e-09 1.17742e-08 5.00608e-09
-3.59687e-09 8.79585e-09 -4.05328e-09
-9.76761e-09 3.7885e-09 -1.26489e-08
5.11501e-09 -4.89983e-09 9.98159e-09
-6.24379e-08 8.93078e-09 9.12722e-08
-3.90074e-09 6.35673e-09 8.68655e-09
2.69973e-10 3.25267e-10 -4.32174e-09
2.27583e-09 -7.16564e-10 -6.30299e-10
3.05245e-09 -8.02889e-09 7.03547e-09
-4.306e-09 -1.42633e-09 2.75586e-09
2.66092e-09 2.84178e-09 2.12274e-08
5.51128e-09 4.66676e-10 -5.00812e-09
1.23954e-09 8.30315e-10 -9.26377e-11
4.72663e-10 1.75618e-09 -5.47051e-10
1.49166e-09 -7.98287e-09 -2.77474e-09
-1.09578e-09 4.02113e-09 8.91981e-09
8.08221e-09 -6.99603e-09 1.38871e-08
5.48581e-09 -3.66803e-09 4.99156e-09
-1.1124e-08 2.88563e-09 2.08716e-09
8.27661e-11 6.1278e-10 -5.80783e-10
4.87034e-09 1.39455e-10 -6.81918e-12
2.47357e-09 -4.02745e-09 -5.84376e-09
5.47326e-09 2.51117e-09 -2.01937e-10
-1.69142e-09 -7.40593e-10 1.5527e-09
-2.53881e-09 -1.30709e-08 1.94866e-09
-4.48863e-09 2.07467e-09 -2.5583e-10
-3.91857e-09 -1.01326e-10 -6.31008e-09
-3.37307e-09 -4.78966e-09 5.00379e-10
1.27789e-09 4.31982e-10 -3.24537e-09
-1.27149e-09 -7.52224e-10 4.40247e-09
7.05196e-10 1.26897e-09 3.99647e-09
1.97942e-10 -4.85567e-10 -2.63561e-10
-8.9171e-09 5.13721e-09 -5.47715e-09
-2.49098e-09 -4.09298e-09 -5.88347e-09
-5.48882e-09 1.70733e-09 5.35787e-10
1.58379e-09 -5.06258e-09 -9.44568e-09
5.64622e-09 2.319e-09 3.74679e-09
8.51581e-09 7.06115e-09 -3.68461e-09
6.54097e-08 -7.25174e-08 -8.23066e-08
1.60163e-09 -4.4781e-10 -1.16703e-09
4.99042e-09 -2.07943e-09 -1.58499e-09
-3.33481e-10 7.31074e-09 -1.09546e-08
-3.05995e-09 2.00422e-09 -2.25881e-09
2.18045e-09 -9.24769e-09 -1.65296e-08
-1.26867e-08 -5.79035e-09 4.34491e-09
-7.40383e-09 -2.88742e-09 1.22436e-09
5.1292e-08 -4.90602e-08 1.95344e-08
4.01132e-09 -1.8095e-10 -2.4523e-08
1.08442e-08 -1.46594e-08 2.20331e-08
-4.24057e-09 -1.12016e-09 5.84979e-09
8.74725e-09 -4.76514e-09 5.0357e-10
1.39226e-09 8.2733e-09 5.84909e-09
3.61547e-09 5.38273e-10 -4.1883e-10
6.37964e-09 1.09986e-08 7.51356e-09
9.49703e-10 1.42521e-09 -6.7986e-10
-4.91023e-10 -8.72077e-10 -2.71882e-10
6.25141e-09 3.72396e-09 2.46018e-09
-6.59046e-08 8.23651e-08 7.49531e-08
-3.30941e-09 -9.92274e-10 -2.55263e-10
5.25361e-09 4.68266e-09 -5.09548e-09
3.4725e-09 -2.30051e-09 4.09485e-09
2.50963e-09 -1.27375e-08 -9.24809e-09
-4.51796e-10 -1.10119e-08 2.5058e-09
3.52083e-09 1.78854e-09 -1.401e-09
-2.95011e-10 5.92049e-10 4.64684e-09
-8.91483e-10 -2.95407e-09 -4.74662e-09
-3.12597e-09 5.46539e-09 -4.67626e-09
8.28507e-09 -1.72527e-08 1.45486e-08
1.56507e-08 -1.67086e-09 2.33034e-09
-5.52655e-09 5.76416e-09 -1.85035e-08
7.25945e-09 1.09316e-09 -5.14449e-09
4.34922e-09 -8.88077e-09 6.22006e-09
8.4492e-08 -1.47982e-08 1.86572e-08
4.76189e-10 -2.63158e-09 1.55217e-09
-6.10678e-09 -5.60771e-09 -7.92271e-10
9.05218e-09 -1.30562e-09 -2.33656e-09
6.24774e-09 3.85974e-10 -5.75739e-10
-1.30672e-09 -3.03298e-09 1.38149e-09
4.31927e-09 -2.64947e-09 4.3642e-09
4.64589e-09 8.55701e-09 4.75066e-10
-8.98081e-09 1.32556e-10 -2.87873e-08
-3.40565e-07 -2.83637e-08 -3.71187e-07
3.82226e-09 -1.06968e-09 1.64602e-09
8.0795e-10 1.98344e-09 -1.6125e-09
2.36374e-08 -2.3043e-09 -3.21254e-09
1.44812e-08 -1.26226e-09 -1.1568e-08
-9.68648e-10 -4.58779e-10 2.52146e-10
-2.80282e-08 1.44149e-08 1.05738e-08
6.31847e-10 3.02854e-09 -1.48431e-09
-1.03707e-10 -5.16007e-10 -4.00538e-10
5.89761e-09 4.15698e-09 -2.89202e-10
-8.65678e-09 -4.45387e-08 4.70665e-08
-3.87891e-09 -4.21563e-09 -3.38934e-09
1.01856e-09 -4.70271e-10 1.01714e-09
1.23287e-08 -7.5453e-09 6.19128e-09
-3.29085e-09 -4.71973e-08 2.71166e-08
6.89693e-09 5.39824e-09 5.85907e-10
-5.12683e-09 3.03124e-09 -1.00741e-08
1.0515e-09 -4.71923e-10 1.46481e-09
3.59976e-09 1.13808e-09 6.36572e-10
-9.12102e-09 8.33108e-09 -2.36018e-08
-8.42209e-09 7.03129e-08 9.74987e-08
9.8969e-09 6.33194e-09 -1.72248e-08
-1.67111e-09 -1.83313e-09 -5.51595e-10
-3.31609e-09 -3.81863e-09 1.75917e-09
2.21698e-09 -4.9724e-10 6.74557e-09
-5.86306e-09 1.66014e-09 -3.15171e-09
-4.46498e-09 -4.18368e-09 1.29419e-09
6.86103e-09 3.37502e-09 1.83746e-10
-4.66646e-09 -1.38816e-09 -8.1351e-10
3.87012e-09 1.53279e-08 -1.24493e-08
3.42688e-08 1.66929e-08 -2.93694e-08
-9.45607e-09 -1.67086e-09 7.08542e-10
-1.81123e-08 6.59024e-09 -9.97478e-10
-5.62325e-08 7.89908e-08 -8.39347e-08
-1.93515e-08 5.06623e-09 -9.71287e-09
7.18008e-09 8.7641e-09 4.57119e-09
1.05877e-08 2.56107e-09 -1.57882e-08
3.93803e-09 7.17994e-09 1.50266e-08
1.27885e-08 -2.103e-08 6.51153e-09
4.18422e-09 6.15145e-09 -2.72623e-09
-1.54427e-08 -1.26317e-09 -2.09218e-08
1.16561e-08 -1.29638e-10 2.07365e-09
4.63986e-10 -1.72644e-09 1.07511e-08
-7.90313e-08 2.5717e-08 1.42731e-07
6.66352e-09 3.69568e-09 1.12159e-09
-6.161e-09 -6.12099e-09 1.97662e-09
2.65174e-10 -6.34425e-09 6.60713e-09
-4.68225e-09 -2.5379e-09 5.85181e-09
1.79918e-09 7.5325e-09 -1.02375e-08
-1.31384e-09 2.04721e-10 6.09825e-12
-3.04145e-09 -6.58897e-09 -1.89498e-09
4.54906e-09 3.00002e-10 -1.00182e-08
4.11151e-09 1.30119e-08 7.1091e-09
4.41418e-09 -1.75239e-09 -4.11759e-09
-1.09133e-09 1.56892e-10 -7.63208e-10
1.07447e-08 -1.58742e-09 -1.50693e-10
-7.61905e-09 -1.37906e-09 -1.74622e-09
0.0 0.0 -3.8832e-08
-1.20597e-10 1.13237e-09 -4.83782e-10
1.70944e-09 1.45362e-08 1.59097e-09
1.74517e-08 2.38927e-09 -1.58824e-09
-6.64567e-09 1.34527e-09 -1.42805e-08
6.34902e-10 9.44336e-09 -5.6597e-09
-4.16267e-09 1.50175e-08 -1.04885e-09
-3.68129e-09 -2.96455e-10 -8.34896e-10
-1.24034e-08 6.62748e-09 -5.13618e-09
-1.07093e-09 -8.31696e-09 -3.69882e-09
7.68295e-09 -6.75855e-09 1.93398e-09
1.2101e-07 -8.41315e-08 -2.76486e-07
4.65909e-09 -9.00413e-09 -2.28403e-09
-7.44959e-09 -1.72042e-09 9.26792e-10
-2.24872e-09 -4.4081e-10 2.03394e-09
6.65536e-09 -9.88578e-10 1.45325e-09
-1.62807e-09 -7.28137e-10 -3.16139e-09
-9.53377e-10 -2.47402e-10 3.25284e-09
4.34437e-09 -1.29164e-09 1.08673e-09
5.35178e-09 -2.72932e-09 7.10559e-09
-2.05849e-09 1.13359e-09 1.10731e-08
-1.63129e-09 -4.65919e-10 6.47163e-10
-1.56098e-08 1.40962e-09 -1.14111e-08
-1.41265e-08 1.07726e-08 -1.55162e-08
1.01639e-08 7.70171e-10 -1.58845e-09
-2.02334e-08 -6.99119e-09 -2.23971e-08
-1.70092e-09 -5.76208e-09 -1.51674e-08
1.18903e-09 -1.11778e-08 1.00968e-08
6.66373e-09 -2.51346e-09 4.54364e-10
-2.42958e-09 -1.13524e-08 5.14155e-09
3.91463e-09 8.80469e-09 4.26781e-10
-5.39609e-11 1.98187e-09 -3.76436e-09
-5.78463e-09 2.54497e-09 -2.08423e-08
-1.15367e-10 -3.51512e-11 -2.26277e-10
-5.25588e-09 9.91062e-09 -1.42565e-09
-2.11135e-08 2.83565e-09 4.91489e-08
-3.15337e-09 1.0978e-08 -3.29111e-09
4.71624e-09 -2.02947e-09 -3.17236e-09
1.1347e-08 -8.84539e-09 4.63135e-10
-2.03197e-09 -1.31762e-08 -5.7928e-10
4.45082e-08 -2.31041e-08 -9.59704e-09
-7.21799e-09 -5.59987e-09 -4.84304e-09
9.66869e-09 -5.14163e-09 1.76305e-09
-2.25439e-09 -4.1752e-09 4.55608e-09
-1.42921e-10 -2.45044e-09 2.99903e-09
5.25526e-10 -6.8098e-09 -2.1262e-09
5.56357e-09 4.31196e-10 -8.50428e-09
-1.37047e-10 1.22892e-09 6.40708e-10
5.55044e-08 4.51566e-08 5.1988e-08
-4.96581e-09 7.99031e-09 -8.38473e-09
-1.01872e-08 -5.64058e-09 4.62836e-09
1.0197e-08 -1.40787e-08 4.76022e-09
5.23161e-09 -9.07807e-09 -5.20962e-10
2.62648e-09 -1.77308e-08 1.37738e-08
4.77885e-10 -1.37873e-09 5.15388e-10
4.90896e-09 7.42517e-08 2.22604e-08
9.51062e-09 4.80124e-10 -7.04048e-09
6.71354e-09 -8.12172e-09 2.2304e-09
3.35822e-09 -1.31284e-09 -1.4009e-10
-2.20712e-09 5.2514e-10 -1.38069e-08
-1.11637e-08 7.22539e-09 -1.35708e-09
-6.23137e-09 -6.03906e-09 -2.28264e-10
-7.00968e-09 -3.81287e-10 1.84761e-09
-3.72673e-09 -7.21397e-09 2.35889e-09
5.14121e-10 1.358e-09 -1.0398e-09
1.90155e-11 -2.48384e-09 -7.28239e-09
2.79377e-09 1.97506e-09 -2.64919e-09
-1.10816e-08 6.38711e-10 -5.26238e-09
-2.84032e-07 3.17278e-08 4.11823e-07
-9.58114e-10 -4.20175e-09 2.07658e-09
-5.4185e-09 2.84853e-09 -2.03303e-09
4.01149e-10 7.52026e-09 1.55865e-09
-8.90262e-08 -1.17725e-07 -8.6598e-08
5.01188e-09 2.07367e-09 -1.35087e-08
4.43747e-09 9.22561e-09 -1.70612e-08
1.67205e-09 -5.92397e-10 2.52901e-09
-1.26151e-09 -8.76415e-09 -2.94529e-09
8.55485e-09 9.6689e-09 -1.14934e-09
7.39372e-09 3.34597e-09 -6.34481e-09
-1.10125e-08 -1.47523e-09 3.38505e-09
1.02322e-09 7.2967e-10 4.0995e-10
1.83084e-09 1.21358e-09 6.32974e-10
3.41427e-08 -1.18329e-08 -2.48794e-09
7.50042e-09 5.58182e-09 2.60743e-09
1.83957e-09 7.69507e-09 -3.09251e-09
-2.14897e-09 -1.77632e-10 1.64297e-10
-8.91395e-09 -3.02888e-09 1.55369e-08
4.06057e-07 4.08599e-08 2.1357e-08
-2.69097e-09 -1.19332e-08 7.87644e-09
1.02863e-09 3.82458e-09 -3.14495e-09
6.11751e-09 1.78514e-09 -1.30182e-09
-7.15828e-09 -1.91407e-09 -3.7077e-09
3.82151e-09 2.21131e-08 7.20813e-09
-1.87434e-09 9.56898e-08 -1.32755e-08
2.24835e-08 8.69932e-08 1.14444e-07
-8.31387e-10 1.30119e-09 -1.20116e-08
-6.46212e-08 3.37419e-08 3.37944e-09
-1.36163e-09 7.03946e-10 -5.4213e-10
-9.42872e-09 6.89486e-09 -2.24833e-09
6.82146e-10 9.79096e-10 5.21796e-10
1.24413e-08 7.15964e-09 -6.77141e-09
2.50267e-09 2.61492e-09 3.69545e-10
-8.39208e-09 -9.94653e-10 1.53247e-09
-1.41704e-09 4.97314e-09 1.01525e-08
0.0 0.0 -3.8832e-08
1.12162e-09 4.63357e-09 -3.46684e-09
5.81769e-09 1.10823e-08 2.52582e-09
7.8327e-09 -8.44348e-09 1.0573e-09
-8.50395e-09 -9.09432e-10 7.8279e-09
7.92449e-09 -3.83601e-09 -5.47528e-10
-3.03119e-09 -1.67262e-09 -4.88348e-10
-7.07146e-09 -3.54761e-08 2.10783e-08
3.7169e-09 3.5809e-10 3.73143e-09
5.07722e-08 -6.46333e-08 5.61738e-08
7.16659e-09 -5.09451e-09 1.28353e-09
-1.59991e-09 -1.45031e-09 -2.13147e-09
4.73626e-09 -7.2179e-09 4.6934e-09
3.67011e-08 -9.76039e-09 4.28043e-08
-7.09951e-09 -7.60919e-09 2.08784e-09
-5.02911e-09 -5.2487e-09 1.85121e-09
-6.8552e-09 2.51412e-09 -3.25234e-09
1.73039e-09 -1.30473e-08 -6.0934e-09
2.81889e-10 1.53432e-08 4.29785e-09
2.80888e-09 -6.38025e-09 1.55606e-09
3.28622e-09 2.11494e-08 -1.18291e-08
-5.92045e-09 -1.51668e-08 5.17114e-08
-3.11266e-09 -1.1993e-10 2.45541e-09
4.03375e-08 2.56949e-08 -1.35572e-08
2.04885e-08 -1.45507e-08 -8.39061e-09
-2.67192e-09 1.57631e-10 2.39803e-09
-1.50137e-09 -6.91297e-09 4.51315e-09
-5.34095e-09 9.4849e-09 -2.62045e-08
4.66055e-09 -1.09016e-09 -6.10046e-11
-2.72035e-09 4.83005e-09 5.49226e-09
9.01691e-09 2.22823e-09 2.45404e-09
2.64528e-09 2.51981e-09 -3.38042e-09
-5.68066e-10 -2.3776e-10 3.15871e-11
1.81188e-09 -8.13331e-10 3.67746e-10
8.50898e-10 -1.62181e-09 1.217e-08
-4.38948e-10 -5.38862e-10 3.41884e-10
-2.63772e-09 3.57815e-09 -5.30379e-09
1.26184e-08 -4.6699e-09 9.44561e-10
2.21683e-09 1.57897e-09 2.4195e-10
-6.37775e-09 3.66198e-09 4.61071e-09
-3.84777e-09 3.19784e-09 -5.91423e-09
7.44597e-11 -3.21047e-09 -3.31348e-09
-4.50495e-09 1.30402e-08 8.76546e-10
1.10988e-09 -2.85798e-09 -4.39778e-09
3.00211e-09 -7.82403e-09 -3.09943e-08
8.34909e-09 -5.3413e-09 3.9642e-09
6.29777e-09 -1.51597e-10 -1.44999e-08
-7.12678e-09 2.0251e-08 -1.98018e-08
-3.78424e-08 -1.03443e-08 7.67657e-08
8.44036e-09 -2.56201e-09 5.00957e-09
-3.18509e-09 -1.25385e-08 7.88986e-09
3.9e-09 -5.3435e-09 -4.89986e-09
-1.40925e-08 1.55262e-08 -1.79429e-10
-3.24325e-08 -4.51929e-08 4.08867e-08
-1.03151e-08 -1.26683e-10 -2.12161e-10
-7.94207e-09 9.49202e-10 -3.29667e-09
-8.00856e-09 -1.84152e-10 -4.75391e-09
-1.10165e-08 -1.62471e-08 7.7594e-10
-1.10969e-08 -4.20311e-09 6.8355e-10
8.02654e-09 -4.8108e-09 6.82774e-09
-1.19023e-08 4.72226e-09 -5.0396e-09
-4.09497e-09 -1.05875e-08 6.19758e-09
5.49365e-09 -5.93982e-09 -2.5129e-09
-3.47219e-09 1.9536e-09 2.69736e-09
-1.09571e-08 9.3473e-10 1.16602e-08
-1.04814e-08 -2.15365e-09 5.28782e-10
-2.45228e-08 -1.33099e-07 5.77544e-08
3.99057e-08 -5.94981e-08 4.50574e-08
-5.23818e-10 -1.56896e-10 -5.93512e-12
-1.52392e-08 -2.62057e-08 1.01761e-08
5.80366e-09 -2.337e-10 -2.16736e-09
0.0 0.0 -3.8832e-08
-1.81829e-08 1.33693e-08 -9.82127e-09
-3.47185e-09 1.08284e-09 5.12342e-10
1.36992e-09 2.9683e-09 1.16744e-08
-4.94732e-10 -2.62445e-10 -1.27041e-09
6.33454e-09 -1.81452e-09 4.16771e-09
1.30349e-09 8.86679e-10 -1.00672e-10
1.03169e-08 2.28372e-09 -1.06461e-08
-1.61049e-09 1.82667e-09 -1.69016e-09
1.26175e-08 -7.78661e-09 4.0856e-09
1.91722e-08 5.55081e-09 -6.87789e-09
4.1089e-09 -5.31858e-09 2.68216e-09
-6.85324e-10 4.56201e-09 -9.7546e-09
2.15365e-11 3.76133e-10 8.11363e-11
-2.87016e-09 2.25214e-10 -3.01776e-09
-7.81835e-10 -5.03896e-10 -2.05611e-10
-5.70357e-09 1.10249e-09 -1.19096e-09
-1.7564e-09 5.22872e-09 6.74247e-09
-1.56033e-09 -1.0745e-08 -1.59985e-08
-1.07043e-09 -6.36959e-09 -1.25943e-09
2.84178e-09 3.60161e-09 -2.2453e-09
2.64106e-09 -1.70929e-09 3.14206e-09
1.26316e-08 1.00287e-09 -1.84317e-09
-8.26938e-09 -1.94791e-09 -8.11544e-11
-9.6342e-09 -2.33611e-09 1.74493e-09
4.88071e-10 -8.56014e-09 5.28002e-10
3.75197e-09 2.87603e-09 5.9869e-10
5.44111e-09 9.68892e-09 -5.54386e-09
-7.5743e-10 -1.56137e-09 2.06681e-09
1.33201e-09 3.08074e-09 -5.78893e-09
1.51163e-08 -7.15267e-09 2.75703e-08
-1.04093e-09 3.37636e-10 -7.4362e-10
1.4629e-09 -8.92918e-09 4.46699e-09
7.12863e-09 4.03029e-09 -7.17696e-10
-3.02833e-09 -3.0366e-09 5.95782e-10
-3.48243e-08 -1.24954e-07 -4.56176e-08
7.67947e-09 1.72196e-07 -4.374e-08
5.88071e-09 6.48912e-09 1.72666e-09
2.26963e-09 -5.07784e-09 2.53678e-09
-3.86964e-09 -2.80227e-09 7.59187e-10
-2.18695e-08 1.55689e-08 -1.20819e-08
-4.38354e-10 -7.1679e-11 1.65244e-10
-8.47538e-09 -4.09555e-08 1.01305e-08
-6.6691e-11 1.46726e-08 4.26272e-09
-1.19272e-08 6.03818e-09 3.1035e-09
3.69308e-09 -3.64005e-09 3.45381e-09
-6.14314e-10 2.46282e-08 2.46324e-08
9.92812e-11 1.13604e-09 8.60188e-11
3.96378e-09 4.6428e-08 -1.94708e-08
1.26952e-08 9.87931e-09 1.28287e-08
6.68664e-09 -1.14225e-08 4.76392e-09
2.58081e-10 8.25375e-10 6.5013e-11
2.10991e-08 1.86666e-08 -8.01656e-09
8.76724e-09 1.23357e-09 -9.38808e-09
2.39137e-09 -2.92235e-09 4.52005e-09
-8.65117e-08 -3.73026e-08 5.43755e-08
-1.49062e-10 -3.58466e-10 2.67877e-10
2.31804e-09 -4.06224e-10 -1.80967e-09
-7.15322e-09 9.31627e-09 1.01976e-08
-2.73472e-10 1.37158e-08 1.12626e-08
-6.00785e-09 1.16079e-09 -7.58754e-10
-7.61557e-10 1.38464e-09 -1.36506e-09
-4.39677e-09 -9.1058e-11 1.09274e-10
-1.82388e-09 -2.4109e-09 -2.16184e-09
2.77105e-09 3.07267e-09 -1.02066e-08
-4.90144e-09 -5.44777e-09 -8.41255e-09
-8.33292e-09 -5.53973e-09 1.20932e-10
-1.84126e-09 -1.42054e-10 -1.05157e-09
6.08865e-09 3.85402e-09 -6.65078e-09
1.41649e-08 9.20457e-09 -6.18186e-09
2.96462e-09 -1.26948e-08 3.54656e-09
1.14884e-09 -6.11156e-09 2.08998e-09
-8.44333e-09 5.86335e-09 1.24503e-09
1.65252e-08 -5.14768e-10 -9.9973e-09
1.82304e-09 -7.55239e-10 9.71712e-10
-2.2084e-10 -4.69554e-10 4.06256e-10
-5.90578e-09 -1.38812e-09 4.94392e-09
2.77912e-09 -7.90319e-10 6.59983e-10
-1.72693e-09 -5.29426e-10 -3.89884e-11
1.66662e-09 4.351e-10 -6.72984e-09
-8.4182e-09 2.09708e-09 -1.13154e-10
-1.26969e-08 -5.82637e-10 1.54445e-09
-8.77744e-10 -9.20583e-10 5.97279e-10
9.97696e-10 -8.95557e-09 9.98915e-09
-2.69661e-09 -3.93463e-10 2.665e-09
-4.26121e-09 -2.95199e-09 1.79498e-09
-1.54786e-09 -2.35264e-08 1.52007e-09
-1.54043e-10 -4.39351e-09 7.11264e-10
-3.58601e-09 -1.55683e-08 -2.98924e-09
1.1115e-08 2.13788e-08 1.07885e-08
-4.58551e-10 -3.03891e-09 3.85925e-09
1.03722e-08 -4.39045e-09 -3.25837e-09
-1.12336e-07 4.4612e-08 -1.22706e-07
-8.19517e-09 -1.07959e-09 7.46394e-09
-9.21082e-09 4.65756e-09 -1.69242e-08
-9.70037e-11 6.23471e-10 -5.08142e-10
-7.45109e-09 1.19949e-09 -1.78678e-09
-1.42532e-08 -7.42682e-09 -2.18192e-08
1.82035e-08 -7.36554e-09 2.23041e-09
-6.10348e-10 -9.77149e-10 3.65671e-10
-9.31058e-09 6.3006e-10 1.64658e-09
-1.76836e-08 1.12572e-08 -7.32651e-09
-2.84268e-09 -9.07598e-09 -3.27997e-09
-7.40168e-09 -4.16089e-08 6.83316e-08
-2.68268e-09 -1.48298e-09 -7.05395e-10
-5.43256e-08 -1.73068e-07 1.15225e-07
-1.1057e-08 6.13452e-09 1.81986e-09
-3.91283e-10 9.21223e-10 1.62902e-11
1.28357e-08 1.47767e-10 1.08463e-09
6.53404e-09 1.4536e-09 -3.35418e-08
-9.88296e-10 7.4688e-09 -1.97566e-09
1.07132e-08 -2.52202e-08 2.32775e-08
3.48672e-09 2.91911e-08 3.05522e-09
3.38847e-12 1.45343e-09 -1.19171e-09
-2.256e-09 -6.85714e-09 3.78872e-09
-8.97206e-10 -1.6188e-10 -4.63537e-11
4.90122e-09 -2.07234e-09 2.11431e-09
1.31691e-09 -3.03007e-09 1.94126e-09
8.01551e-09 2.75575e-09 3.41557e-09
-6.81261e-09 7.69944e-09 -6.06085e-10
-4.02142e-08 2.76749e-08 -9.11197e-09
1.17899e-09 1.65454e-09 -8.16491e-10
6.8029e-09 8.60954e-09 -2.21895e-08
-1.92212e-09 -8.03139e-09 -1.95726e-09
-1.51525e-09 -1.20693e-09 2.6125e-10
-1.07754e-09 3.28619e-09 -3.05401e-09
-1.00833e-08 -5.38233e-10 6.2969e-10
1.6254e-09 2.96944e-10 -2.28065e-10
-6.31558e-09 1.20838e-08 -4.57576e-09
-4.65338e-09 -6.09409e-09 2.33203e-09
2.68607e-09 -9.78749e-11 3.03921e-10
7.32605e-11 -7.04967e-10 5.79488e-10
6.97101e-09 4.54638e-09 -1.49291e-09
-2.53847e-08 -7.99208e-08 1.89139e-08
-6.49134e-10 7.27819e-10 -7.11544e-10
4.08287e-09 -4.35654e-10 1.70164e-08
-1.00207e-08 6.2709e-09 1.00368e-09
-1.47988e-09 -5.16092e-10 -1.89479e-10
1.62801e-10 -1.05315e-10 4.87056e-11
-1.66404e-09 -1.6199e-08 7.57897e-09
-2.15205e-09 -2.99772e-09 3.74185e-10
-1.00933e-08 -2.96466e-09 3.19829e-09
-5.73423e-09 3.89214e-09 -3.45413e-08
3.60697e-09 -3.61381e-09 1.37129e-08
-5.02697e-11 1.20687e-09 2.83553e-11
1.65905e-12 -1.09531e-12 7.20629e-13
-2.72181e-09 3.83925e-10 2.02693e-10
-1.7283e-08 1.65291e-08 -3.4025e-09
4.41493e-09 4.16649e-09 -5.81272e-09
9.15041e-09 1.40425e-08 3.48563e-09
-1.10113e-09 1.95758e-09 -1.60818e-09
-2.6152e-09 -6.62084e-10 -6.30216e-10
-4.61004e-09 6.17107e-11 3.47248e-09
5.38295e-10 -8.19589e-10 -2.10945e-10
-8.93537e-09 -4.25159e-09 1.20905e-10
-1.72624e-09 3.95709e-10 1.79448e-11
-1.26004e-09 6.70871e-12 -1.38346e-10
8.05113e-10 -1.5217e-09 2.2996e-09
-2.09873e-09 5.48243e-09 -4.0262e-09
-2.29765e-09 4.21542e-11 -4.43666e-11
-7.12392e-10 4.76919e-10 5.03225e-11
-4.94964e-09 6.53995e-10 -6.91059e-10
-2.11723e-09 -1.02404e-09 1.036e-10
-2.87003e-08 2.2641e-08 -1.28608e-08
-8.65094e-10 -5.31276e-10 1.50352e-10
-2.2028e-09 1.93578e-09 -1.34193e-11
-3.31948e-09 -4.41621e-09 2.12528e-09
1.94227e-09 -1.00316e-09 9.61682e-10
1.65711e-09 5.35612e-09 -1.8554e-09
-3.87878e-09 4.41211e-09 -2.93294e-09
-1.63101e-10 -1.08193e-10 -9.1206e-11
3.32847e-10 -5.47849e-10 6.11063e-10
-4.50377e-09 6.47142e-10 2.84556e-09
-5.48221e-10 9.74998e-09 -4.80338e-09
-9.4501e-10 1.97247e-08 3.14113e-08
4.76349e-09 -2.08885e-08 -3.76442e-09
-2.90111e-09 -1.55064e-09 -4.0344e-09
2.11506e-09 -3.71908e-10 2.88131e-10
2.45307e-09 -8.32914e-10 1.54074e-08
-1.02314e-08 1.05784e-09 5.66844e-11
1.06358e-09 8.55854e-10 -8.78185e-10
