# vtk DataFile Version 3.0
LIGGGHTS particles timestep 114800000
ASCII
DATASET POLYDATA
POINTS 873 float
0.384765 0.0176273 0.00160103
0.384276 0.0168362 0.000152108
0.385979 0.016305 0.000154358
0.384024 0.0178931 0.000346588
0.384103 0.0188777 0.00179976
0.38414 0.0203084 0.00038795
0.385344 0.021108 0.000153527
0.384857 0.0164602 0.000527417
0.384125 0.0186018 0.000725561
0.384479 0.0181392 0.00532873
0.384537 0.0177544 0.000152462
0.383992 0.0184143 0.000151757
0.384812 0.0187844 0.000568853
0.384869 0.0167819 0.000363698
0.384803 0.0169846 0.000152809
0.384915 0.0183348 0.000412633
0.384393 0.0200033 0.000329348
0.384771 0.0189907 0.000354885
0.384249 0.0186361 0.000152072
0.383697 0.0189843 0.000151351
0.38551 0.0163743 0.000153727
0.384537 0.0188112 0.000408422
0.383933 0.0183841 0.000910122
0.383691 0.0196365 0.00137364
0.384551 0.0189669 0.000152444
0.384476 0.0190531 0.00135703
0.384973 0.0159492 0.000153027
0.384718 0.0185669 0.000384781
0.384114 0.0176073 0.000360568
0.384098 0.0188501 0.00119184
0.384545 0.0194202 0.000152446
0.385045 0.0173743 0.000698037
0.385035 0.0210857 0.000153116
0.384772 0.0202231 0.000807152
0.383671 0.0182832 0.000151301
0.385325 0.0170081 0.00015348
0.384387 0.0165562 0.00015223
0.384231 0.0208268 0.00015205
0.384246 0.0213172 0.000152088
0.383713 0.0195261 0.000405419
0.384633 0.0199733 0.00015255
0.383992 0.0202878 0.00155233
0.384483 0.0187432 0.00100059
0.384186 0.021085 0.000765738
0.383776 0.0188306 0.000396501
0.384798 0.0193938 0.00124736
0.38386 0.0208523 0.000151582
0.384491 0.0167411 0.000826766
0.383698 0.0191758 0.000382307
0.384775 0.0177635 0.000333978
0.384311 0.0181618 0.000411136
0.384433 0.0180729 0.000152289
0.38465 0.0160107 0.000152609
0.383254 0.0200098 0.00538195
0.383894 0.018443 0.00061858
0.383721 0.0201648 0.00110894
0.383699 0.0194922 0.000864139
0.385774 0.0165263 0.000154084
0.385379 0.021728 0.000153573
0.38628 0.0159856 0.000154748
0.384848 0.0197614 0.000152852
0.384297 0.0183399 0.000152164
0.384935 0.0213685 0.000152978
0.383124 0.0188914 0.0053278
0.383684 0.0190009 0.00062565
0.384879 0.0194858 0.00532657
0.384411 0.0210667 0.000152303
0.384766 0.0172689 0.000670999
0.384755 0.0205364 0.000152745
0.384609 0.0174633 0.000152565
0.384881 0.0200096 0.000318105
0.383683 0.0186845 0.00015132
0.384162 0.0185702 0.00127856
0.385239 0.0168887 0.00093479
0.384788 0.0175107 0.000494981
0.384247 0.0194577 0.000152149
0.384451 0.0205211 0.000257329
0.384585 0.0196895 0.000278251
0.384989 0.0180879 0.00538114
0.383731 0.0200314 0.000564419
0.384559 0.0213709 0.000152488
0.38375 0.0203316 0.000362374
0.384573 0.0167914 0.000152504
0.3846 0.0205705 0.00124147
0.384776 0.0192293 0.0014972
0.384639 0.0200974 0.000472653
0.383903 0.0177038 0.000549977
0.384494 0.0183088 0.000600776
0.384257 0.0216244 0.000152083
0.384111 0.0181041 0.000151907
0.385046 0.0156469 0.000153133
0.384723 0.0179967 0.000152689
0.384247 0.0178365 0.00015209
0.384318 0.0178481 0.00107352
0.384549 0.0186547 0.000152467
0.384348 0.0198654 0.00534931
0.385094 0.0168168 0.000153198
0.384752 0.0225705 0.000152748
0.384848 0.0172811 0.000152878
0.385244 0.0150807 0.000153389
0.383789 0.0179787 0.000511532
0.384924 0.017576 0.00015296
0.383903 0.0190764 0.00169511
0.383741 0.0199852 0.000151428
0.384918 0.0165741 0.000152936
0.384885 0.017052 0.000501726
0.384186 0.0208278 0.000920195
0.384065 0.0210773 0.00015182
0.384143 0.0171166 0.000665392
0.38461 0.0166839 0.000504771
0.384436 0.0164204 0.000470553
0.384522 0.0198284 0.000536357
0.384329 0.0196006 0.000406404
0.385357 0.0162324 0.000369289
0.384655 0.0177639 0.0006089
0.384445 0.0210826 0.00061393
0.384888 0.0184824 0.000152883
0.384339 0.0202417 0.00015221
0.384024 0.0197277 0.000151798
0.38453 0.0207909 0.000152459
0.384328 0.0191677 0.000152164
0.38394 0.0189665 0.00141837
0.384551 0.0191949 0.000350438
0.385059 0.0170948 0.000261451
0.384487 0.0180145 0.00274646
0.383917 0.0176923 0.000151636
0.384086 0.0206789 0.000369501
0.384017 0.0178156 0.0010481
0.384629 0.0190306 0.000616104
0.384369 0.0196299 0.000702315
0.383973 0.0194558 0.000272738
0.383645 0.018626 0.00149303
0.384214 0.018913 0.000261913
0.383997 0.0183612 0.00149292
0.384354 0.0181276 0.000970878
0.38533 0.0157498 0.000153509
0.384843 0.0197261 0.000750471
0.383882 0.0208933 0.000683803
0.385153 0.0161935 0.000153269
0.384321 0.0175458 0.000152151
0.383893 0.0181982 0.000334512
0.383671 0.0182523 0.000547068
0.383954 0.0200733 0.000368812
0.384054 0.018114 0.000976661
0.384525 0.017627 0.00104162
0.385136 0.0173639 0.000153233
0.384143 0.0188484 0.000895305
0.38543 0.016037 0.000153608
0.384844 0.0162796 0.000152872
0.384041 0.0172809 0.00190693
0.384776 0.0192141 0.000152764
0.384738 0.0211297 0.000152712
0.384242 0.0182841 0.00133722
0.384504 0.0162738 0.000152426
0.384054 0.0212484 0.000551747
0.383685 0.0191839 0.000865309
0.385526 0.0151831 0.00015376
0.38366 0.0192295 0.00180481
0.385015 0.0178821 0.000153096
0.383821 0.0205473 0.00015153
0.38412 0.0173229 0.000881946
0.384887 0.0200695 0.00123921
0.384256 0.0176293 0.0018912
0.384862 0.0154099 0.000152883
0.385449 0.0153171 0.000411083
0.384193 0.0182756 0.000765426
0.384427 0.0184937 0.000374356
0.383698 0.0199058 0.00151214
0.386629 0.0146558 0.000155208
0.384999 0.0169458 0.00110529
0.384194 0.0171429 0.000151997
0.384035 0.0174071 0.000151806
0.38332 0.0173706 0.00557046
0.384223 0.0204655 0.000629471
0.384664 0.0172593 0.000389035
0.385646 0.0158289 0.000153922
0.383727 0.0196849 0.000151352
0.3857 0.021905 0.000153988
0.384618 0.0165645 0.00145456
0.385127 0.0228833 0.000153241
0.383949 0.0181281 0.00240398
0.383656 0.0184144 0.000799005
0.384597 0.0209853 0.000374465
0.384953 0.0181895 0.000152997
0.383829 0.0200711 0.0008451
0.383916 0.0184112 0.0012084
0.384273 0.019306 0.000412651
0.384484 0.019293 0.000625763
0.38406 0.0180981 0.000562722
0.384879 0.0199991 0.000623713
0.383654 0.0183016 0.00107693
0.383711 0.0198085 0.000929167
0.38404 0.0189192 0.000506692
0.384001 0.0186247 0.000370593
0.384096 0.0172042 0.00115637
0.383741 0.0183921 0.00165466
0.384151 0.0200078 0.00015195
0.385432 0.0161542 0.000989522
0.384428 0.0203105 0.000470819
0.384913 0.0202579 0.00015296
0.383737 0.0184819 0.000365851
0.383957 0.0202802 0.000151675
0.383783 0.0193331 0.000624132
0.385412 0.0164235 0.000858941
0.38467 0.0164801 0.000293118
0.384905 0.0176363 0.000740984
0.384543 0.0200376 0.000750395
0.384545 0.0186057 0.000626695
0.384193 0.0193871 0.000690072
0.384375 0.0173074 0.000326281
0.38537 0.01646 0.000564229
0.384684 0.0185515 0.00088703
0.384512 0.0192613 0.00114396
0.384596 0.0183584 0.000152544
0.385398 0.0225749 0.000153598
0.384025 0.0202205 0.000650776
0.384327 0.0195171 0.00122563
0.383991 0.0192075 0.00044013
0.384151 0.0198417 0.000401759
0.384958 0.0208348 0.000422104
0.384423 0.0171198 0.000557588
0.384522 0.019111 0.000884531
0.383977 0.0190641 0.00102036
0.383966 0.0196713 0.000809053
0.38395 0.019828 0.00165544
0.383797 0.0179801 0.000151501
0.384563 0.0188283 0.00157817
0.384475 0.0218465 0.000152389
0.384163 0.0191242 0.00129591
0.385538 0.0156727 0.000386233
0.384176 0.0214768 0.000400124
0.384831 0.0186975 0.00532561
0.385267 0.0171383 0.00109888
0.384787 0.0192974 0.000505741
0.38433 0.0176614 0.000767772
0.385268 0.016555 0.000153424
0.384939 0.0184041 0.00534929
0.384322 0.0197606 0.000152189
0.383571 0.0172133 0.00561819
0.384826 0.0208361 0.000152846
0.384044 0.0195926 0.00053011
0.38395 0.0188232 0.000151695
0.383663 0.0186957 0.000903132
0.384573 0.0197663 0.000874862
0.385544 0.0167736 0.000153767
0.384595 0.019582 0.00533062
0.384024 0.0205359 0.000842431
0.38367 0.0189533 0.00105653
0.384818 0.0186586 0.00147415
0.383998 0.0199217 0.000646966
0.384642 0.0189702 0.00112081
0.38481 0.0191135 0.00529749
0.384823 0.0187753 0.000152842
0.38409 0.0172602 0.000407502
0.383893 0.0187963 0.000737554
0.384172 0.0204908 0.000151977
0.384026 0.0191217 0.000151801
0.384719 0.0171784 0.00107383
0.385052 0.0152442 0.000315822
0.38395 0.017571 0.000875895
0.384535 0.0161709 0.000650912
0.385599 0.0221878 0.000153859
0.383811 0.0178426 0.00161927
0.383838 0.0178409 0.000808748
0.384476 0.0215097 0.000620337
0.385095 0.016411 0.000351609
0.384262 0.0187182 0.000485343
0.385097 0.016661 0.000517353
0.383754 0.018022 0.00103251
0.384775 0.0192142 0.0010082
0.384508 0.0179213 0.000400083
0.384677 0.0161954 0.000387484
0.385716 0.0161397 0.000154
0.384529 0.0178663 0.000860686
0.384411 0.0173697 0.000937237
0.384436 0.0188994 0.00195554
0.384842 0.0197206 0.00105042
0.384666 0.0161567 0.00119108
0.384092 0.0185415 0.00171312
0.384918 0.0157761 0.000391963
0.383842 0.0181377 0.000765364
0.384605 0.0182623 0.000875876
0.385655 0.0216386 0.000284568
0.383739 0.020307 0.000682713
0.38521 0.0159527 0.000338916
0.384589 0.018732 0.00129524
0.384491 0.020832 0.000771988
0.384377 0.0184969 0.000850318
0.384621 0.0195454 0.000538909
0.384733 0.0157222 0.000152726
0.383735 0.017985 0.00208505
0.385022 0.0216963 0.000153099
0.384745 0.0163155 0.000901108
0.383948 0.0191036 0.000724404
0.384351 0.0190302 0.000501337
0.386859 0.0143646 0.000155509
0.384659 0.0181802 0.000385457
0.384489 0.0175878 0.000397336
0.384738 0.0156819 0.000629432
0.383933 0.0210114 0.000413001
0.383647 0.0183513 0.00137266
0.385584 0.0148202 0.000153839
0.384377 0.0207848 0.000410525
0.383792 0.0191593 0.00123687
0.384157 0.0170002 0.00201119
0.384721 0.0184144 0.00115105
0.384131 0.0178979 0.000783292
0.383714 0.0197009 0.000649205
0.384395 0.0188433 0.000731806
0.38424 0.0198735 0.000820489
0.38381 0.0177918 0.00230184
0.384126 0.0189265 0.00209485
0.386429 0.0149011 0.000154946
0.385203 0.0208574 0.000250378
0.38389 0.0186843 0.00132981
0.383947 0.0205273 0.00174167
0.385546 0.0154832 0.000153789
0.38462 0.0169626 0.000394334
0.384167 0.0184102 0.000498595
0.385196 0.0171995 0.000506924
0.384756 0.021196 0.000517415
0.385094 0.0153241 0.000601866
0.384669 0.0180592 0.000659772
0.384625 0.0202781 0.000233595
0.384537 0.017125 0.000152451
0.384917 0.0208989 0.000865326
0.385078 0.0174871 0.000420584
0.384798 0.0179771 0.00136367
0.383713 0.0193667 0.000151366
0.384216 0.0196105 0.000962826
0.384713 0.0188539 0.000843535
0.384927 0.0181464 0.00165981
0.386381 0.0146096 0.000318385
0.38394 0.0192353 0.0019469
0.384625 0.0159358 0.000992226
0.385064 0.0175996 0.000993079
0.384494 0.0216011 0.000335211
0.385037 0.0177713 0.000507708
0.3853 0.0222761 0.000153469
0.384149 0.0174215 0.00135623
0.384617 0.0182388 0.00194652
0.384826 0.0197463 0.000451635
0.384914 0.0180218 0.000398527
0.384413 0.0212931 0.000402576
0.384506 0.0182147 0.00121417
0.384725 0.0216588 0.000152703
0.384369 0.0174106 0.000607919
0.38428 0.0200715 0.000598741
0.383988 0.0176438 0.00175769
0.383998 0.0197803 0.00134191
0.383857 0.020298 0.0054184
0.385054 0.0166358 0.000813162
0.38373 0.0204677 0.00125555
0.384563 0.0178209 0.00230769
0.386866 0.0148392 0.000155518
0.383381 0.0176617 0.00548218
0.384252 0.0191334 0.00191776
0.385573 0.01657 0.000372242
0.383787 0.0207066 0.000403552
0.384609 0.0175087 0.000759445
0.384933 0.0204689 0.000383945
0.384733 0.0182194 0.00546594
0.383855 0.0185733 0.00223043
0.384397 0.0170364 0.00148027
0.385459 0.0212864 0.000705399
0.384994 0.0178984 0.00115068
0.38524 0.0171571 0.000800754
0.385185 0.0218143 0.000376398
0.384784 0.0177663 0.000982415
0.38364 0.0186561 0.00179143
0.383676 0.0194644 0.00161886
0.38472 0.0179296 0.0016495
0.384075 0.017468 0.0006233
0.384683 0.0206986 0.000394728
0.384346 0.0182258 0.00163136
0.384045 0.0194136 0.00122231
0.384942 0.0181845 0.000670843
0.385081 0.0169122 0.0006807
0.384906 0.017765 0.00182702
0.384925 0.0182029 0.00121222
0.384521 0.0212905 0.000819952
0.384024 0.0178751 0.00254701
0.384255 0.0178169 0.000522395
0.38365 0.0185829 0.00118081
0.384869 0.0185034 0.000656458
0.384244 0.0191027 0.000771965
0.385361 0.0169598 0.000583119
0.383039 0.0194119 0.00532808
0.384624 0.0219835 0.000397532
0.384312 0.021744 0.000526527
0.384393 0.0199668 0.00139257
0.384135 0.018057 0.00150129
0.384209 0.0192533 0.00102905
0.385583 0.0215069 0.000544404
0.3849 0.0183466 0.000919818
0.384696 0.0168831 0.000993955
0.384842 0.0174083 0.000925383
0.38437 0.018048 0.000682095
0.384726 0.0194065 0.000783312
0.384595 0.0195564 0.00109803
0.383915 0.0187913 0.00247029
0.384809 0.0180651 0.0009724
0.384759 0.0166249 0.000758371
0.38457 0.0195539 0.00139696
0.384812 0.0194879 0.000270971
0.383949 0.0181169 0.00125743
0.387471 0.0142302 0.000156312
0.383957 0.0192622 0.00146572
0.38491 0.0174139 0.00143372
0.383667 0.0194855 0.00196226
0.384424 0.0200026 0.00102381
0.384149 0.0183884 0.00211817
0.384812 0.0187247 0.00109542
0.386065 0.0154032 0.000154471
0.386193 0.0143552 0.000154638
0.383699 0.0176998 0.00541618
0.385317 0.0167763 0.000349831
0.383991 0.0202703 0.00100011
0.384237 0.0210498 0.000396281
0.384849 0.0197807 0.00135104
0.384436 0.0185036 0.00117495
0.385071 0.0160507 0.000949034
0.384695 0.0169086 0.000684328
0.383966 0.0193571 0.000883771
0.384118 0.0200207 0.00149836
0.385264 0.0153801 0.000153416
0.383737 0.0204241 0.000958864
0.384861 0.0184139 0.00194443
0.386766 0.015446 0.000155387
0.385858 0.0226585 0.000154201
0.384766 0.0190105 0.00170221
0.383821 0.0178459 0.00127299
0.384651 0.0159021 0.000445211
0.384565 0.0185985 0.00191383
0.384324 0.0166934 0.000411434
0.383757 0.0206257 0.000737839
0.383855 0.019792 0.000400755
0.384205 0.0169816 0.000404742
0.384361 0.0205804 0.000869949
0.383746 0.019886 0.00121672
0.384429 0.0194093 0.000896617
0.384264 0.019701 0.00145437
0.384095 0.0174973 0.0021073
0.385857 0.0164151 0.0004202
0.384476 0.0180157 0.00180136
0.385929 0.0159283 0.000154292
0.384496 0.0205858 0.000600607
0.385166 0.0162179 0.00059981
0.385075 0.017798 0.00544926
0.38572 0.0150135 0.000338607
0.383213 0.0181509 0.00539471
0.384967 0.0175102 0.00551503
0.384374 0.0179764 0.0013389
0.383646 0.0190753 0.00206173
0.385042 0.0176622 0.0013292
0.385021 0.0165207 0.00108821
0.385371 0.0167037 0.000739116
0.383687 0.0194289 0.00115716
0.384251 0.0201935 0.000871183
0.383684 0.0197313 0.00175567
0.38455 0.0171259 0.000831624
0.384584 0.0170831 0.00171293
0.38372 0.0180696 0.00144552
0.386417 0.01582 0.000363826
0.384279 0.0170098 0.00091083
0.384166 0.0208226 0.000620873
0.384899 0.0171406 0.00131051
0.384594 0.0192248 0.00196802
0.383935 0.020485 0.000541437
0.383917 0.0176056 0.00146882
0.384504 0.0162026 0.00143974
0.385292 0.0215754 0.000523094
0.38425 0.0176577 0.00547389
0.383949 0.0175526 0.00117531
0.384669 0.0204589 0.000971712
0.384166 0.0170024 0.00171134
0.385647 0.0166177 0.000658815
0.385019 0.0171532 0.00158514
0.38506 0.0206124 0.000153117
0.384648 0.0198871 0.0053544
0.384837 0.0161774 0.000650951
0.384841 0.0204148 0.00132889
0.385258 0.0150732 0.000589044
0.386134 0.0146524 0.000154555
0.384707 0.0203768 0.000557861
0.384197 0.0183694 0.00105318
0.38473 0.0199934 0.000995412
0.383887 0.0186074 0.00270567
0.385739 0.0163339 0.000692502
0.383846 0.0188982 0.00219882
0.385052 0.0212564 0.000405508
0.38402 0.0203931 0.00127286
0.383709 0.0203577 0.00183983
0.383658 0.0188889 0.00134928
0.385055 0.0175679 0.00164622
0.383725 0.0204504 0.00155498
0.385044 0.0173359 0.0011347
0.384113 0.0178101 0.00133236
0.385523 0.0228912 0.000153762
0.384676 0.0184108 0.00170797
0.38468 0.0184119 0.00249347
0.383746 0.0201848 0.0014072
0.387204 0.0148301 0.000155962
0.384504 0.0175641 0.00173547
0.384332 0.0166 0.00184827
0.385828 0.0155866 0.000154149
0.384164 0.0193449 0.00211334
0.383369 0.0195028 0.00532697
0.383938 0.0182989 0.00192469
0.384344 0.0187078 0.0017439
0.384396 0.0171483 0.00114928
0.383999 0.0189293 0.00272315
0.384266 0.0202305 0.00132665
0.3849 0.0166582 0.00149163
0.384888 0.0170644 0.000852946
0.384479 0.0190936 0.00172411
0.383669 0.018646 0.000607385
0.384771 0.0178727 0.00542901
0.384931 0.022263 0.000152985
0.384797 0.0187194 0.00176721
0.386147 0.0150932 0.000154578
0.384624 0.0202233 0.00115647
0.385255 0.0168217 0.00155109
0.383651 0.0189206 0.00164752
0.384246 0.019817 0.0011783
0.383807 0.0188801 0.0019006
0.383792 0.0182626 0.00218403
0.384048 0.0208153 0.00125459
0.384969 0.0176451 0.00238423
0.387104 0.0145422 0.000155832
0.386232 0.0159969 0.00059749
0.384217 0.0195937 0.00532718
0.383994 0.0211105 0.00125289
0.385104 0.0206664 0.000895276
0.38496 0.0179367 0.00223072
0.384343 0.018993 0.00109484
0.384322 0.0185049 0.00152398
0.386034 0.022905 0.00015443
0.383868 0.0176773 0.00203057
0.384483 0.017607 0.00250224
0.384531 0.0199906 0.00176924
0.384121 0.0193085 0.00171234
0.383912 0.0209584 0.00097505
0.384314 0.0188017 0.00139433
0.384591 0.019835 0.00120893
0.384228 0.0190275 0.00157233
0.383202 0.018445 0.00533644
0.383637 0.0184321 0.00199093
0.383738 0.0179125 0.00294812
0.384185 0.0214885 0.000699758
0.383807 0.020716 0.0014052
0.386911 0.0151799 0.000155576
0.386408 0.015065 0.000405325
0.384451 0.0178152 0.00157959
0.38435 0.0176327 0.00128535
0.384168 0.0205883 0.0011
0.385734 0.0154078 0.000376257
0.384883 0.0183661 0.00146038
0.385479 0.0159546 0.000470381
0.38423 0.019528 0.00188516
0.384297 0.0173727 0.00229138
0.384348 0.0181508 0.00562127
0.38524 0.017303 0.00556575
0.382937 0.0180212 0.00543459
0.38453 0.0193759 0.00163526
0.386531 0.0156374 0.000155081
0.384871 0.0228087 0.000290478
0.38485 0.0154724 0.000446023
0.383939 0.0186649 0.00101563
0.384409 0.0183504 0.0022627
0.384797 0.0206164 0.000714676
0.386778 0.0150241 0.00037485
0.38398 0.0200931 0.00124189
0.384201 0.0178784 0.00173287
0.383926 0.0185279 0.00532817
0.385314 0.0171075 0.00162033
0.384609 0.0210502 0.000976344
0.384554 0.0222108 0.000580314
0.384236 0.018658 0.00201956
0.383635 0.0187172 0.00208506
0.384388 0.0164943 0.00124081
0.384209 0.0175724 0.00102744
0.384258 0.0168391 0.000665094
0.384507 0.0203676 0.001442
0.385377 0.0167118 0.00113382
0.384331 0.0211661 0.00101562
0.384493 0.0203332 0.000763495
0.384298 0.0167226 0.00105525
0.384023 0.0180845 0.00211653
0.384803 0.0175485 0.00118774
0.384039 0.0203361 0.00195386
0.387127 0.015063 0.000328428
0.385347 0.0157253 0.000611337
0.385074 0.0159194 0.000604629
0.384511 0.0164494 0.000759569
0.385145 0.0166682 0.00131805
0.38325 0.0191636 0.00532737
0.384463 0.0183038 0.00267059
0.38362 0.0186039 0.00300686
0.384884 0.0211341 0.001062
0.384971 0.0161385 0.000385737
0.386141 0.0157159 0.00015457
0.383814 0.0201548 0.00203452
0.384508 0.0170785 0.0020857
0.384881 0.0169203 0.00208887
0.384517 0.0193915 0.00220541
0.385773 0.023057 0.000154089
0.383869 0.0206738 0.00105937
0.384641 0.0172084 0.00144621
0.384743 0.0208963 0.000621158
0.38453 0.0186008 0.00532954
0.383955 0.0198191 0.00195525
0.384694 0.0184133 0.00219383
0.385395 0.0220027 0.000273123
0.383678 0.0181819 0.00278175
0.384131 0.0178049 0.00209953
0.384821 0.019896 0.00202138
0.384633 0.0165651 0.00102394
0.385921 0.0148895 0.000154282
0.384504 0.0183956 0.00554681
0.384577 0.0177695 0.00194164
0.383648 0.0182102 0.00307883
0.383677 0.0197884 0.00206505
0.384522 0.0187238 0.00218295
0.384046 0.0183165 0.00273333
0.384372 0.0203687 0.00108225
0.384786 0.0173118 0.00168718
0.384605 0.0181671 0.00149334
0.383625 0.0187471 0.00274328
0.384015 0.0173646 0.00161831
0.385456 0.0161931 0.000670762
0.385262 0.0210524 0.000470858
0.383667 0.0191857 0.00150811
0.384274 0.0167486 0.00159407
0.38483 0.0167196 0.00120656
0.384533 0.0173131 0.00189845
0.385647 0.0162013 0.000439508
0.384242 0.018415 0.00534044
0.384489 0.0191119 0.00249392
0.384938 0.0179773 0.00565533
0.384948 0.0161507 0.0012924
0.385449 0.0212776 0.000405706
0.384746 0.0172599 0.00210204
0.383805 0.0196349 0.00532559
0.383814 0.0197678 0.00249218
0.384944 0.0180404 0.00193993
0.385606 0.0166352 0.000955414
0.383971 0.0177367 0.00285403
0.385192 0.0162438 0.00114469
0.384756 0.0214603 0.000375486
0.385172 0.0165033 0.00156716
0.383628 0.0189798 0.002554
0.384791 0.0181638 0.00232966
0.384472 0.0178546 0.00543031
0.384614 0.0180098 0.00564434
0.383621 0.0184463 0.00326209
0.383903 0.0181403 0.00167255
0.385312 0.0159607 0.000793914
0.384101 0.017097 0.00247204
0.384266 0.0167363 0.00210738
0.384767 0.0189866 0.00256239
0.384886 0.0201235 0.0018367
0.384616 0.0198241 0.00153446
0.383892 0.0196399 0.00109816
0.384914 0.0181049 0.00259674
0.386613 0.0151442 0.000155184
0.385753 0.0155862 0.000616693
0.38486 0.0158885 0.00081168
0.384751 0.0175194 0.00190077
0.384998 0.0179166 0.000793309
0.384328 0.018424 0.00185592
0.384336 0.0200476 0.00199016
0.38478 0.0186808 0.00238417
0.384804 0.0169478 0.00154697
0.384409 0.019106 0.00217191
0.384082 0.0206739 0.00151773
0.384663 0.0169581 0.00128255
0.385823 0.0152265 0.000154149
0.3846 0.0184585 0.00142187
0.383631 0.0187322 0.00238463
0.384301 0.0201665 0.00539226
0.385114 0.016337 0.00087019
0.384051 0.0194897 0.00235051
0.384861 0.0217998 0.000383752
0.383897 0.0185959 0.0019343
0.384743 0.0176144 0.00218518
0.384487 0.0188968 0.0053064
0.384147 0.0196737 0.00213384
0.386604 0.0156105 0.000469852
0.385474 0.0214383 0.000153686
0.386618 0.0151004 0.000616481
0.384627 0.0177255 0.00135342
0.384225 0.0174682 0.00256666
0.385831 0.0157694 0.00039198
0.384094 0.0180692 0.00307343
0.384826 0.0182856 0.00281952
0.386352 0.0229097 0.000154848
0.384117 0.0171377 0.00144814
0.384434 0.0167731 0.00134138
0.38397 0.0195535 0.00153626
0.384162 0.01907 0.00251421
0.383788 0.0189119 0.0029359
0.385 0.0173907 0.00200819
0.384598 0.0179379 0.00114356
0.383874 0.0176195 0.00259544
0.383667 0.018166 0.00185578
0.385628 0.0166118 0.00127396
0.384192 0.0187458 0.00258332
0.385546 0.0167537 0.00152514
0.383648 0.0194165 0.00253476
0.384426 0.0196666 0.00170487
0.38455 0.0173936 0.00122834
0.383661 0.0181558 0.00248337
0.384859 0.0212679 0.000789758
0.383897 0.0187505 0.00162231
0.384897 0.0206037 0.00110264
0.384696 0.0179009 0.00256428
0.384994 0.0178544 0.0015545
0.384658 0.0201027 0.0014304
0.384462 0.0175344 0.00208817
0.38687 0.0153304 0.000411846
0.384285 0.0172778 0.00173285
0.38413 0.0186694 0.00229996
0.385212 0.0168268 0.0019467
0.384966 0.0198194 0.00535289
0.384414 0.0174079 0.00149562
0.384792 0.0193492 0.00177997
0.383618 0.0190279 0.0031538
0.383718 0.0200675 0.00176408
0.384006 0.0191419 0.00226802
0.384038 0.0212309 0.000981606
0.38393 0.0184187 0.00247634
0.385425 0.0149662 0.000363531
0.384756 0.0167529 0.00187326
0.383942 0.0179239 0.00187656
0.384519 0.0181131 0.00244564
0.3849 0.0202279 0.00155584
0.385207 0.0172487 0.00137123
0.384594 0.0173933 0.00232353
0.3839 0.0199024 0.0022383
0.386494 0.0143788 0.000155034
0.38424 0.0181128 0.00233349
0.384221 0.0180924 0.00263211
0.384214 0.0180124 0.00539104
0.383974 0.0173991 0.00241788
0.384962 0.0220872 0.000394124
0.384863 0.0170545 0.00182116
0.386081 0.0160997 0.000348213
0.385323 0.0162978 0.00140906
0.384204 0.0169379 0.00124218
0.384297 0.0169825 0.00227596
0.385097 0.0225492 0.000153204
0.38429 0.0193072 0.00238279
0.384245 0.0199032 0.00174318
0.384654 0.0207558 0.00101201
0.384245 0.0177202 0.00272834
0.384287 0.0193398 0.00146426
0.384407 0.018077 0.00208693
0.384011 0.0199018 0.00101285
0.384785 0.0164259 0.00124779
0.38447 0.0163077 0.0010208
0.384548 0.0221389 0.000152478
0.384658 0.0189824 0.00228289
0.384191 0.0181427 0.00187433
0.385954 0.0162471 0.000901127
0.385074 0.0206226 0.000600053
0.383975 0.0210677 0.00154922
0.385453 0.0232291 0.000153669
0.386009 0.0162353 0.000606435
0.384424 0.0199401 0.00225607
0.383505 0.0180521 0.00554354
0.384815 0.0219863 0.000152833
0.386187 0.0148677 0.000356566
0.385195 0.0214745 0.000257786
0.383662 0.0195984 0.00229669
0.384764 0.0165022 0.00170878
0.385172 0.017367 0.00225258
0.38512 0.0220038 0.000153227
0.386302 0.0155438 0.000340296
0.383643 0.0191889 0.00233939
0.384828 0.0196223 0.00189871
0.384328 0.0206365 0.00134948
0.384843 0.0154238 0.000741956
0.386124 0.0157575 0.000452567
0.384781 0.0188439 0.00282588
0.38502 0.0176784 0.00209055
0.384567 0.0167917 0.00164384
0.384884 0.0156278 0.000958078
0.383979 0.0180315 0.00279906
0.383757 0.0178468 0.00324024
0.383935 0.0195121 0.00183134
0.383762 0.0191583 0.00275411
0.385 0.0210596 0.000625893
0.384858 0.0198527 0.00170899
0.385137 0.0154722 0.000859247
0.384092 0.0201157 0.00215025
0.386355 0.0153139 0.000154845
0.385231 0.0155759 0.000378312
0.383826 0.0184045 0.00291794
0.383986 0.0173508 0.00271369
0.386541 0.0235361 0.000155095
0.384907 0.0172703 0.00235516
0.386549 0.0153286 0.000382975
0.38505 0.0156206 0.000613277
0.383911 0.0192733 0.00252014
0.384534 0.0198102 0.00200894
0.383626 0.0184561 0.00267067
0.38568 0.0163358 0.00098676
0.384212 0.0176363 0.00155594
0.386869 0.0146018 0.000338848
0.384803 0.0167204 0.00577573
0.384819 0.0195571 0.00156366
0.384361 0.0187823 0.00296993
0.384383 0.0185825 0.00274725
0.384115 0.0176578 0.00236047
0.384288 0.0182158 0.00289717
0.384594 0.0187465 0.0026106
0.384745 0.0192596 0.00235826
0.38481 0.0185665 0.00271529
0.384212 0.0187682 0.00531307
0.384798 0.0194011 0.00209915
0.384892 0.0215985 0.000603932
0.384328 0.020322 0.00186659
0.384891 0.015881 0.00111868
0.385944 0.0221456 0.000154312
0.385176 0.0173249 0.00177477
0.383482 0.018284 0.0053546
0.383745 0.0179195 0.00264829
0.384225 0.0183693 0.00249838
0.384786 0.0162783 0.0015102
0.384773 0.0189492 0.00138979
0.384548 0.0195196 0.00193595
0.384695 0.017994 0.00210142
0.383868 0.0208201 0.00167999
0.38406 0.0172135 0.0021986
0.384635 0.0202611 0.00169158
0.383906 0.0186704 0.00306942
0.386566 0.014067 0.000155128
0.383807 0.020696 0.00194646
0.384313 0.0178551 0.00246911
0.384619 0.0175971 0.0054915
0.384913 0.0203074 0.0010582
0.384977 0.0178137 0.00263223
0.385822 0.0160023 0.000580835
0.384402 0.0168999 0.00186948
0.383714 0.0181198 0.00335708
0.383631 0.0184325 0.00237165
0.385122 0.0212717 0.000940812
0.385444 0.0164064 0.00115681
0.385667 0.0160511 0.000832965
0.384405 0.0185994 0.00242993
0.385371 0.0154334 0.000676325
0.384274 0.0204606 0.0016062
0.384637 0.0223605 0.000333972
0.386182 0.0152683 0.000395711
0.384408 0.0164246 0.00161721
0.384784 0.0174699 0.00254279
0.38545 0.0168895 0.0017749
0.384016 0.0200932 0.0017793
0.384385 0.0189356 0.0027132
0.384801 0.0186719 0.00208505
0.383827 0.0193721 0.00218904
0.384353 0.0201712 0.00160844
0.385102 0.0213936 0.000667439
0.384729 0.0189484 0.00199334
0.385011 0.0168111 0.00172513
0.385339 0.0210738 0.000880059
0.38412 0.0185615 0.00288964
0.385216 0.0208662 0.0007017
0.386032 0.0144777 0.000376233
0.38454 0.0218801 0.000666328
0.384394 0.0208401 0.00113545
0.384334 0.0188817 0.00235676

VERTICES 873 1746
1 0
1 1
1 2
1 3
1 4
1 5
1 6
1 7
1 8
1 9
1 10
1 11
1 12
1 13
1 14
1 15
1 16
1 17
1 18
1 19
1 20
1 21
1 22
1 23
1 24
1 25
1 26
1 27
1 28
1 29
1 30
1 31
1 32
1 33
1 34
1 35
1 36
1 37
1 38
1 39
1 40
1 41
1 42
1 43
1 44
1 45
1 46
1 47
1 48
1 49
1 50
1 51
1 52
1 53
1 54
1 55
1 56
1 57
1 58
1 59
1 60
1 61
1 62
1 63
1 64
1 65
1 66
1 67
1 68
1 69
1 70
1 71
1 72
1 73
1 74
1 75
1 76
1 77
1 78
1 79
1 80
1 81
1 82
1 83
1 84
1 85
1 86
1 87
1 88
1 89
1 90
1 91
1 92
1 93
1 94
1 95
1 96
1 97
1 98
1 99
1 100
1 101
1 102
1 103
1 104
1 105
1 106
1 107
1 108
1 109
1 110
1 111
1 112
1 113
1 114
1 115
1 116
1 117
1 118
1 119
1 120
1 121
1 122
1 123
1 124
1 125
1 126
1 127
1 128
1 129
1 130
1 131
1 132
1 133
1 134
1 135
1 136
1 137
1 138
1 139
1 140
1 141
1 142
1 143
1 144
1 145
1 146
1 147
1 148
1 149
1 150
1 151
1 152
1 153
1 154
1 155
1 156
1 157
1 158
1 159
1 160
1 161
1 162
1 163
1 164
1 165
1 166
1 167
1 168
1 169
1 170
1 171
1 172
1 173
1 174
1 175
1 176
1 177
1 178
1 179
1 180
1 181
1 182
1 183
1 184
1 185
1 186
1 187
1 188
1 189
1 190
1 191
1 192
1 193
1 194
1 195
1 196
1 197
1 198
1 199
1 200
1 201
1 202
1 203
1 204
1 205
1 206
1 207
1 208
1 209
1 210
1 211
1 212
1 213
1 214
1 215
1 216
1 217
1 218
1 219
1 220
1 221
1 222
1 223
1 224
1 225
1 226
1 227
1 228
1 229
1 230
1 231
1 232
1 233
1 234
1 235
1 236
1 237
1 238
1 239
1 240
1 241
1 242
1 243
1 244
1 245
1 246
1 247
1 248
1 249
1 250
1 251
1 252
1 253
1 254
1 255
1 256
1 257
1 258
1 259
1 260
1 261
1 262
1 263
1 264
1 265
1 266
1 267
1 268
1 269
1 270
1 271
1 272
1 273
1 274
1 275
1 276
1 277
1 278
1 279
1 280
1 281
1 282
1 283
1 284
1 285
1 286
1 287
1 288
1 289
1 290
1 291
1 292
1 293
1 294
1 295
1 296
1 297
1 298
1 299
1 300
1 301
1 302
1 303
1 304
1 305
1 306
1 307
1 308
1 309
1 310
1 311
1 312
1 313
1 314
1 315
1 316
1 317
1 318
1 319
1 320
1 321
1 322
1 323
1 324
1 325
1 326
1 327
1 328
1 329
1 330
1 331
1 332
1 333
1 334
1 335
1 336
1 337
1 338
1 339
1 340
1 341
1 342
1 343
1 344
1 345
1 346
1 347
1 348
1 349
1 350
1 351
1 352
1 353
1 354
1 355
1 356
1 357
1 358
1 359
1 360
1 361
1 362
1 363
1 364
1 365
1 366
1 367
1 368
1 369
1 370
1 371
1 372
1 373
1 374
1 375
1 376
1 377
1 378
1 379
1 380
1 381
1 382
1 383
1 384
1 385
1 386
1 387
1 388
1 389
1 390
1 391
1 392
1 393
1 394
1 395
1 396
1 397
1 398
1 399
1 400
1 401
1 402
1 403
1 404
1 405
1 406
1 407
1 408
1 409
1 410
1 411
1 412
1 413
1 414
1 415
1 416
1 417
1 418
1 419
1 420
1 421
1 422
1 423
1 424
1 425
1 426
1 427
1 428
1 429
1 430
1 431
1 432
1 433
1 434
1 435
1 436
1 437
1 438
1 439
1 440
1 441
1 442
1 443
1 444
1 445
1 446
1 447
1 448
1 449
1 450
1 451
1 452
1 453
1 454
1 455
1 456
1 457
1 458
1 459
1 460
1 461
1 462
1 463
1 464
1 465
1 466
1 467
1 468
1 469
1 470
1 471
1 472
1 473
1 474
1 475
1 476
1 477
1 478
1 479
1 480
1 481
1 482
1 483
1 484
1 485
1 486
1 487
1 488
1 489
1 490
1 491
1 492
1 493
1 494
1 495
1 496
1 497
1 498
1 499
1 500
1 501
1 502
1 503
1 504
1 505
1 506
1 507
1 508
1 509
1 510
1 511
1 512
1 513
1 514
1 515
1 516
1 517
1 518
1 519
1 520
1 521
1 522
1 523
1 524
1 525
1 526
1 527
1 528
1 529
1 530
1 531
1 532
1 533
1 534
1 535
1 536
1 537
1 538
1 539
1 540
1 541
1 542
1 543
1 544
1 545
1 546
1 547
1 548
1 549
1 550
1 551
1 552
1 553
1 554
1 555
1 556
1 557
1 558
1 559
1 560
1 561
1 562
1 563
1 564
1 565
1 566
1 567
1 568
1 569
1 570
1 571
1 572
1 573
1 574
1 575
1 576
1 577
1 578
1 579
1 580
1 581
1 582
1 583
1 584
1 585
1 586
1 587
1 588
1 589
1 590
1 591
1 592
1 593
1 594
1 595
1 596
1 597
1 598
1 599
1 600
1 601
1 602
1 603
1 604
1 605
1 606
1 607
1 608
1 609
1 610
1 611
1 612
1 613
1 614
1 615
1 616
1 617
1 618
1 619
1 620
1 621
1 622
1 623
1 624
1 625
1 626
1 627
1 628
1 629
1 630
1 631
1 632
1 633
1 634
1 635
1 636
1 637
1 638
1 639
1 640
1 641
1 642
1 643
1 644
1 645
1 646
1 647
1 648
1 649
1 650
1 651
1 652
1 653
1 654
1 655
1 656
1 657
1 658
1 659
1 660
1 661
1 662
1 663
1 664
1 665
1 666
1 667
1 668
1 669
1 670
1 671
1 672
1 673
1 674
1 675
1 676
1 677
1 678
1 679
1 680
1 681
1 682
1 683
1 684
1 685
1 686
1 687
1 688
1 689
1 690
1 691
1 692
1 693
1 694
1 695
1 696
1 697
1 698
1 699
1 700
1 701
1 702
1 703
1 704
1 705
1 706
1 707
1 708
1 709
1 710
1 711
1 712
1 713
1 714
1 715
1 716
1 717
1 718
1 719
1 720
1 721
1 722
1 723
1 724
1 725
1 726
1 727
1 728
1 729
1 730
1 731
1 732
1 733
1 734
1 735
1 736
1 737
1 738
1 739
1 740
1 741
1 742
1 743
1 744
1 745
1 746
1 747
1 748
1 749
1 750
1 751
1 752
1 753
1 754
1 755
1 756
1 757
1 758
1 759
1 760
1 761
1 762
1 763
1 764
1 765
1 766
1 767
1 768
1 769
1 770
1 771
1 772
1 773
1 774
1 775
1 776
1 777
1 778
1 779
1 780
1 781
1 782
1 783
1 784
1 785
1 786
1 787
1 788
1 789
1 790
1 791
1 792
1 793
1 794
1 795
1 796
1 797
1 798
1 799
1 800
1 801
1 802
1 803
1 804
1 805
1 806
1 807
1 808
1 809
1 810
1 811
1 812
1 813
1 814
1 815
1 816
1 817
1 818
1 819
1 820
1 821
1 822
1 823
1 824
1 825
1 826
1 827
1 828
1 829
1 830
1 831
1 832
1 833
1 834
1 835
1 836
1 837
1 838
1 839
1 840
1 841
1 842
1 843
1 844
1 845
1 846
1 847
1 848
1 849
1 850
1 851
1 852
1 853
1 854
1 855
1 856
1 857
1 858
1 859
1 860
1 861
1 862
1 863
1 864
1 865
1 866
1 867
1 868
1 869
1 870
1 871
1 872

POINT_DATA 873
SCALARS id int 1
LOOKUP_TABLE default
1
2
3
4
5
6
7
8
9
10
11
12
13
14
15
16
17
18
19
20
21
22
23
24
25
26
27
28
29
30
32
33
34
35
36
37
39
40
41
42
43
44
45
46
47
48
49
50
51
52
53
54
56
57
58
59
60
61
62
63
64
65
67
68
69
70
71
72
73
74
75
76
77
78
79
80
81
82
83
84
85
86
87
88
89
90
91
92
93
94
95
96
97
98
99
100
101
102
103
104
105
106
107
108
109
110
111
112
113
114
115
116
117
118
119
120
121
122
123
124
125
126
127
129
130
131
132
133
134
135
136
137
138
139
140
141
142
143
144
145
146
147
148
149
150
151
153
154
155
156
157
158
159
160
161
162
163
164
165
166
167
168
169
170
171
172
173
174
175
176
177
178
179
180
181
182
183
184
185
186
187
188
189
190
191
192
193
194
195
196
197
198
199
200
201
202
203
204
205
206
208
209
210
211
212
213
214
215
217
218
219
220
221
222
223
225
226
227
228
229
230
231
232
233
234
235
236
237
238
239
240
241
242
243
244
245
246
247
248
249
250
251
252
253
254
255
256
257
258
259
260
261
262
263
264
265
266
267
268
269
270
271
273
274
275
276
277
278
279
280
281
282
283
284
285
286
287
288
289
290
291
292
293
294
295
296
297
299
300
301
302
303
304
305
306
307
308
309
310
311
312
313
314
315
316
317
318
319
320
321
322
323
324
325
326
327
328
329
330
331
332
333
334
335
336
337
338
339
340
341
342
343
344
345
346
347
348
349
350
351
352
353
354
355
356
357
358
359
360
361
362
363
364
365
366
367
368
369
370
371
372
373
374
375
376
377
378
379
381
382
383
384
385
386
387
388
389
390
391
392
393
394
395
396
397
398
399
400
401
402
404
405
406
407
408
409
410
411
412
413
414
415
416
417
418
419
420
421
422
423
424
426
427
428
429
430
431
432
434
435
436
437
438
439
440
441
442
443
444
445
446
447
448
449
451
452
453
454
455
456
457
458
459
460
461
462
463
464
465
466
467
468
469
470
471
472
473
474
475
476
477
478
479
480
481
482
483
484
485
486
487
489
490
491
492
493
494
495
496
497
498
499
500
501
502
503
504
505
506
507
508
509
510
511
512
513
514
515
516
517
518
519
520
521
522
523
524
525
526
527
528
529
530
531
532
533
534
535
536
537
538
539
540
541
542
543
544
545
546
547
548
549
550
551
552
553
554
555
556
557
558
559
560
561
562
563
564
565
566
567
568
569
570
571
572
573
574
575
576
577
579
580
581
582
583
584
585
586
587
588
589
590
591
592
593
594
595
596
597
598
599
600
601
602
603
605
606
607
608
609
610
611
612
613
614
615
616
617
618
619
620
621
622
623
624
625
626
627
628
629
630
631
632
633
634
635
636
637
638
640
641
642
643
644
645
646
647
648
649
650
651
652
653
654
655
656
659
660
661
662
663
664
665
666
667
668
669
670
671
672
673
674
675
676
677
678
679
680
681
682
683
684
685
686
687
688
690
691
692
693
694
695
696
698
699
700
701
702
703
704
705
706
707
708
709
710
711
712
713
714
715
716
717
718
719
720
721
722
723
724
725
726
727
728
729
730
731
732
733
734
735
736
738
739
740
741
742
743
744
745
746
747
748
749
750
751
752
753
754
755
756
757
758
759
760
761
762
764
765
766
767
768
769
770
771
772
773
774
775
776
777
778
779
780
781
782
783
784
785
786
787
788
789
791
792
793
794
795
796
797
798
799
800
801
802
803
804
805
806
807
808
809
810
811
812
813
814
815
816
817
818
819
820
821
822
823
824
825
826
827
828
829
830
831
832
833
834
835
836
837
838
839
840
841
842
843
844
845
846
847
848
849
850
851
852
853
854
855
856
857
858
859
860
861
862
863
864
865
866
867
868
869
870
871
872
873
874
875
876
877
878
879
880
881
882
883
884
885
886
887
888
889
890
891
892
893
894
895
896
897
898
899
900

SCALARS type int 1
LOOKUP_TABLE default
1
1
1
1
1
1
1
1
1
1
1
1
1
1
1
1
1
1
1
1
1
1
1
1
1
1
1
1
1
1
1
1
1
1
1
1
1
1
1
1
1
1
1
1
1
1
1
1
1
1
1
1
1
1
1
1
1
1
1
1
1
1
1
1
1
1
1
1
1
1
1
1
1
1
1
1
1
1
1
1
1
1
1
1
1
1
1
1
1
1
1
1
1
1
1
1
1
1
1
1
1
1
1
1
1
1
1
1
1
1
1
1
1
1
1
1
1
1
1
1
1
1
1
1
1
1
1
1
1
1
1
1
1
1
1
1
1
1
1
1
1
1
1
1
1
1
1
1
1
1
1
1
1
1
1
1
1
1
1
1
1
1
1
1
1
1
1
1
1
1
1
1
1
1
1
1
1
1
1
1
1
1
1
1
1
1
1
1
1
1
1
1
1
1
1
1
1
1
1
1
1
1
1
1
1
1
1
1
1
1
1
1
1
1
1
1
1
1
1
1
1
1
1
1
1
1
1
1
1
1
1
1
1
1
1
1
1
1
1
1
1
1
1
1
1
1
1
1
1
1
1
1
1
1
1
1
1
1
1
1
1
1
1
1
1
1
1
1
1
1
1
1
1
1
1
1
1
1
1
1
1
1
1
1
1
1
1
1
1
1
1
1
1
1
1
1
1
1
1
1
1
1
1
1
1
1
1
1
1
1
1
1
1
1
1
1
1
1
1
1
1
1
1
1
1
1
1
1
1
1
1
1
1
1
1
1
1
1
1
1
1
1
1
1
1
1
1
1
1
1
1
1
1
1
1
1
1
1
1
1
1
1
1
1
1
1
1
1
1
1
1
1
1
1
1
1
1
1
1
1
1
1
1
1
1
1
1
1
1
1
1
1
1
1
1
1
1
1
1
1
1
1
1
1
1
1
1
1
1
1
1
1
1
1
1
1
1
1
1
1
1
1
1
1
1
1
1
1
1
1
1
1
1
1
1
1
1
1
1
1
1
1
1
1
1
1
1
1
1
1
1
1
1
1
1
1
1
1
1
1
1
1
1
1
1
1
1
1
1
1
1
1
1
1
1
1
1
1
1
1
1
1
1
1
1
1
1
1
1
1
1
1
1
1
1
1
1
1
1
1
1
1
1
1
1
1
1
1
1
1
1
1
1
1
1
1
1
1
1
1
1
1
1
1
1
1
1
1
1
1
1
1
1
1
1
1
1
1
1
1
1
1
1
1
1
1
1
1
1
1
1
1
1
1
1
1
1
1
1
1
1
1
1
1
1
1
1
1
1
1
1
1
1
1
1
1
1
1
1
1
1
1
1
1
1
1
1
1
1
1
1
1
1
1
1
1
1
1
1
1
1
1
1
1
1
1
1
1
1
1
1
1
1
1
1
1
1
1
1
1
1
1
1
1
1
1
1
1
1
1
1
1
1
1
1
1
1
1
1
1
1
1
1
1
1
1
1
1
1
1
1
1
1
1
1
1
1
1
1
1
1
1
1
1
1
1
1
1
1
1
1
1
1
1
1
1
1
1
1
1
1
1
1
1
1
1
1
1
1
1
1
1
1
1
1
1
1
1
1
1
1
1
1
1
1
1
1
1
1
1
1
1
1
1
1
1
1
1
1
1
1
1
1
1
1
1
1
1
1
1
1
1
1
1
1
1
1
1
1
1
1
1
1
1
1
1
1
1
1
1
1
1
1
1
1
1
1
1
1
1
1
1
1
1
1
1
1
1
1
1
1
1
1
1
1
1
1
1
1
1
1
1
1
1
1
1
1
1
1
1
1
1
1
1
1
1
1
1
1
1
1
1
1
1
1
1
1
1
1
1
1
1
1
1
1
1
1
1
1
1
1
1
1
1
1
1
1
1
1
1
1
1
1
1
1
1
1
1
1
1
1
1
1
1
1
1
1
1
1
1
1
1
1
1
1
1
1
1
1
1
1
1
1
1
1
1
1
1
1
1
1
1
1

SCALARS radius float 1
LOOKUP_TABLE default
0.00015
0.00015
0.00015
0.00015
0.00015
0.00015
0.00015
0.00015
0.00015
0.00015
0.00015
0.00015
0.00015
0.00015
0.00015
0.00015
0.00015
0.00015
0.00015
0.00015
0.00015
0.00015
0.00015
0.00015
0.00015
0.00015
0.00015
0.00015
0.00015
0.00015
0.00015
0.00015
0.00015
0.00015
0.00015
0.00015
0.00015
0.00015
0.00015
0.00015
0.00015
0.00015
0.00015
0.00015
0.00015
0.00015
0.00015
0.00015
0.00015
0.00015
0.00015
0.00015
0.00015
0.00015
0.00015
0.00015
0.00015
0.00015
0.00015
0.00015
0.00015
0.00015
0.00015
0.00015
0.00015
0.00015
0.00015
0.00015
0.00015
0.00015
0.00015
0.00015
0.00015
0.00015
0.00015
0.00015
0.00015
0.00015
0.00015
0.00015
0.00015
0.00015
0.00015
0.00015
0.00015
0.00015
0.00015
0.00015
0.00015
0.00015
0.00015
0.00015
0.00015
0.00015
0.00015
0.00015
0.00015
0.00015
0.00015
0.00015
0.00015
0.00015
0.00015
0.00015
0.00015
0.00015
0.00015
0.00015
0.00015
0.00015
0.00015
0.00015
0.00015
0.00015
0.00015
0.00015
0.00015
0.00015
0.00015
0.00015
0.00015
0.00015
0.00015
0.00015
0.00015
0.00015
0.00015
0.00015
0.00015
0.00015
0.00015
0.00015
0.00015
0.00015
0.00015
0.00015
0.00015
0.00015
0.00015
0.00015
0.00015
0.00015
0.00015
0.00015
0.00015
0.00015
0.00015
0.00015
0.00015
0.00015
0.00015
0.00015
0.00015
0.00015
0.00015
0.00015
0.00015
0.00015
0.00015
0.00015
0.00015
0.00015
0.00015
0.00015
0.00015
0.00015
0.00015
0.00015
0.00015
0.00015
0.00015
0.00015
0.00015
0.00015
0.00015
0.00015
0.00015
0.00015
0.00015
0.00015
0.00015
0.00015
0.00015
0.00015
0.00015
0.00015
0.00015
0.00015
0.00015
0.00015
0.00015
0.00015
0.00015
0.00015
0.00015
0.00015
0.00015
0.00015
0.00015
0.00015
0.00015
0.00015
0.00015
0.00015
0.00015
0.00015
0.00015
0.00015
0.00015
0.00015
0.00015
0.00015
0.00015
0.00015
0.00015
0.00015
0.00015
0.00015
0.00015
0.00015
0.00015
0.00015
0.00015
0.00015
0.00015
0.00015
0.00015
0.00015
0.00015
0.00015
0.00015
0.00015
0.00015
0.00015
0.00015
0.00015
0.00015
0.00015
0.00015
0.00015
0.00015
0.00015
0.00015
0.00015
0.00015
0.00015
0.00015
0.00015
0.00015
0.00015
0.00015
0.00015
0.00015
0.00015
0.00015
0.00015
0.00015
0.00015
0.00015
0.00015
0.00015
0.00015
0.00015
0.00015
0.00015
0.00015
0.00015
0.00015
0.00015
0.00015
0.00015
0.00015
0.00015
0.00015
0.00015
0.00015
0.00015
0.00015
0.00015
0.00015
0.00015
0.00015
0.00015
0.00015
0.00015
0.00015
0.00015
0.00015
0.00015
0.00015
0.00015
0.00015
0.00015
0.00015
0.00015
0.00015
0.00015
0.00015
0.00015
0.00015
0.00015
0.00015
0.00015
0.00015
0.00015
0.00015
0.00015
0.00015
0.00015
0.00015
0.00015
0.00015
0.00015
0.00015
0.00015
0.00015
0.00015
0.00015
0.00015
0.00015
0.00015
0.00015
0.00015
0.00015
0.00015
0.00015
0.00015
0.00015
0.00015
0.00015
0.00015
0.00015
0.00015
0.00015
0.00015
0.00015
0.00015
0.00015
0.00015
0.00015
0.00015
0.00015
0.00015
0.00015
0.00015
0.00015
0.00015
0.00015
0.00015
0.00015
0.00015
0.00015
0.00015
0.00015
0.00015
0.00015
0.00015
0.00015
0.00015
0.00015
0.00015
0.00015
0.00015
0.00015
0.00015
0.00015
0.00015
0.00015
0.00015
0.00015
0.00015
0.00015
0.00015
0.00015
0.00015
0.00015
0.00015
0.00015
0.00015
0.00015
0.00015
0.00015
0.00015
0.00015
0.00015
0.00015
0.00015
0.00015
0.00015
0.00015
0.00015
0.00015
0.00015
0.00015
0.00015
0.00015
0.00015
0.00015
0.00015
0.00015
0.00015
0.00015
0.00015
0.00015
0.00015
0.00015
0.00015
0.00015
0.00015
0.00015
0.00015
0.00015
0.00015
0.00015
0.00015
0.00015
0.00015
0.00015
0.00015
0.00015
0.00015
0.00015
0.00015
0.00015
0.00015
0.00015
0.00015
0.00015
0.00015
0.00015
0.00015
0.00015
0.00015
0.00015
0.00015
0.00015
0.00015
0.00015
0.00015
0.00015
0.00015
0.00015
0.00015
0.00015
0.00015
0.00015
0.00015
0.00015
0.00015
0.00015
0.00015
0.00015
0.00015
0.00015
0.00015
0.00015
0.00015
0.00015
0.00015
0.00015
0.00015
0.00015
0.00015
0.00015
0.00015
0.00015
0.00015
0.00015
0.00015
0.00015
0.00015
0.00015
0.00015
0.00015
0.00015
0.00015
0.00015
0.00015
0.00015
0.00015
0.00015
0.00015
0.00015
0.00015
0.00015
0.00015
0.00015
0.00015
0.00015
0.00015
0.00015
0.00015
0.00015
0.00015
0.00015
0.00015
0.00015
0.00015
0.00015
0.00015
0.00015
0.00015
0.00015
0.00015
0.00015
0.00015
0.00015
0.00015
0.00015
0.00015
0.00015
0.00015
0.00015
0.00015
0.00015
0.00015
0.00015
0.00015
0.00015
0.00015
0.00015
0.00015
0.00015
0.00015
0.00015
0.00015
0.00015
0.00015
0.00015
0.00015
0.00015
0.00015
0.00015
0.00015
0.00015
0.00015
0.00015
0.00015
0.00015
0.00015
0.00015
0.00015
0.00015
0.00015
0.00015
0.00015
0.00015
0.00015
0.00015
0.00015
0.00015
0.00015
0.00015
0.00015
0.00015
0.00015
0.00015
0.00015
0.00015
0.00015
0.00015
0.00015
0.00015
0.00015
0.00015
0.00015
0.00015
0.00015
0.00015
0.00015
0.00015
0.00015
0.00015
0.00015
0.00015
0.00015
0.00015
0.00015
0.00015
0.00015
0.00015
0.00015
0.00015
0.00015
0.00015
0.00015
0.00015
0.00015
0.00015
0.00015
0.00015
0.00015
0.00015
0.00015
0.00015
0.00015
0.00015
0.00015
0.00015
0.00015
0.00015
0.00015
0.00015
0.00015
0.00015
0.00015
0.00015
0.00015
0.00015
0.00015
0.00015
0.00015
0.00015
0.00015
0.00015
0.00015
0.00015
0.00015
0.00015
0.00015
0.00015
0.00015
0.00015
0.00015
0.00015
0.00015
0.00015
0.00015
0.00015
0.00015
0.00015
0.00015
0.00015
0.00015
0.00015
0.00015
0.00015
0.00015
0.00015
0.00015
0.00015
0.00015
0.00015
0.00015
0.00015
0.00015
0.00015
0.00015
0.00015
0.00015
0.00015
0.00015
0.00015
0.00015
0.00015
0.00015
0.00015
0.00015
0.00015
0.00015
0.00015
0.00015
0.00015
0.00015
0.00015
0.00015
0.00015
0.00015
0.00015
0.00015
0.00015
0.00015
0.00015
0.00015
0.00015
0.00015
0.00015
0.00015
0.00015
0.00015
0.00015
0.00015
0.00015
0.00015
0.00015
0.00015
0.00015
0.00015
0.00015
0.00015
0.00015
0.00015
0.00015
0.00015
0.00015
0.00015
0.00015
0.00015
0.00015
0.00015
0.00015
0.00015
0.00015
0.00015
0.00015
0.00015
0.00015
0.00015
0.00015
0.00015
0.00015
0.00015
0.00015
0.00015
0.00015
0.00015
0.00015
0.00015
0.00015
0.00015
0.00015
0.00015
0.00015
0.00015
0.00015
0.00015
0.00015
0.00015
0.00015
0.00015
0.00015
0.00015
0.00015
0.00015
0.00015
0.00015
0.00015
0.00015
0.00015
0.00015
0.00015
0.00015
0.00015
0.00015
0.00015
0.00015
0.00015
0.00015
0.00015
0.00015
0.00015
0.00015
0.00015
0.00015
0.00015
0.00015
0.00015
0.00015
0.00015
0.00015
0.00015
0.00015
0.00015
0.00015
0.00015
0.00015
0.00015
0.00015
0.00015
0.00015
0.00015
0.00015
0.00015
0.00015
0.00015
0.00015
0.00015
0.00015
0.00015
0.00015
0.00015
0.00015
0.00015
0.00015
0.00015
0.00015
0.00015
0.00015
0.00015
0.00015
0.00015
0.00015
0.00015
0.00015
0.00015
0.00015
0.00015
0.00015
0.00015
0.00015
0.00015
0.00015
0.00015
0.00015
0.00015
0.00015
0.00015
0.00015
0.00015
0.00015
0.00015
0.00015
0.00015
0.00015
0.00015
0.00015
0.00015
0.00015
0.00015
0.00015
0.00015
0.00015
0.00015
0.00015
0.00015
0.00015
0.00015
0.00015
0.00015
0.00015
0.00015
0.00015
0.00015
0.00015
0.00015
0.00015
0.00015
0.00015
0.00015
0.00015
0.00015
0.00015
0.00015
0.00015
0.00015
0.00015
0.00015
0.00015
0.00015
0.00015
0.00015
0.00015
0.00015
0.00015
0.00015
0.00015
0.00015
0.00015
0.00015
0.00015
0.00015
0.00015
0.00015
0.00015
0.00015
0.00015
0.00015
0.00015
0.00015
0.00015
0.00015
0.00015
0.00015

SCALARS mass float 1
LOOKUP_TABLE default
3.95841e-09
3.95841e-09
3.95841e-09
3.95841e-09
3.95841e-09
3.95841e-09
3.95841e-09
3.95841e-09
3.95841e-09
3.95841e-09
3.95841e-09
3.95841e-09
3.95841e-09
3.95841e-09
3.95841e-09
3.95841e-09
3.95841e-09
3.95841e-09
3.95841e-09
3.95841e-09
3.95841e-09
3.95841e-09
3.95841e-09
3.95841e-09
3.95841e-09
3.95841e-09
3.95841e-09
3.95841e-09
3.95841e-09
3.95841e-09
3.95841e-09
3.95841e-09
3.95841e-09
3.95841e-09
3.95841e-09
3.95841e-09
3.95841e-09
3.95841e-09
3.95841e-09
3.95841e-09
3.95841e-09
3.95841e-09
3.95841e-09
3.95841e-09
3.95841e-09
3.95841e-09
3.95841e-09
3.95841e-09
3.95841e-09
3.95841e-09
3.95841e-09
3.95841e-09
3.95841e-09
3.95841e-09
3.95841e-09
3.95841e-09
3.95841e-09
3.95841e-09
3.95841e-09
3.95841e-09
3.95841e-09
3.95841e-09
3.95841e-09
3.95841e-09
3.95841e-09
3.95841e-09
3.95841e-09
3.95841e-09
3.95841e-09
3.95841e-09
3.95841e-09
3.95841e-09
3.95841e-09
3.95841e-09
3.95841e-09
3.95841e-09
3.95841e-09
3.95841e-09
3.95841e-09
3.95841e-09
3.95841e-09
3.95841e-09
3.95841e-09
3.95841e-09
3.95841e-09
3.95841e-09
3.95841e-09
3.95841e-09
3.95841e-09
3.95841e-09
3.95841e-09
3.95841e-09
3.95841e-09
3.95841e-09
3.95841e-09
3.95841e-09
3.95841e-09
3.95841e-09
3.95841e-09
3.95841e-09
3.95841e-09
3.95841e-09
3.95841e-09
3.95841e-09
3.95841e-09
3.95841e-09
3.95841e-09
3.95841e-09
3.95841e-09
3.95841e-09
3.95841e-09
3.95841e-09
3.95841e-09
3.95841e-09
3.95841e-09
3.95841e-09
3.95841e-09
3.95841e-09
3.95841e-09
3.95841e-09
3.95841e-09
3.95841e-09
3.95841e-09
3.95841e-09
3.95841e-09
3.95841e-09
3.95841e-09
3.95841e-09
3.95841e-09
3.95841e-09
3.95841e-09
3.95841e-09
3.95841e-09
3.95841e-09
3.95841e-09
3.95841e-09
3.95841e-09
3.95841e-09
3.95841e-09
3.95841e-09
3.95841e-09
3.95841e-09
3.95841e-09
3.95841e-09
3.95841e-09
3.95841e-09
3.95841e-09
3.95841e-09
3.95841e-09
3.95841e-09
3.95841e-09
3.95841e-09
3.95841e-09
3.95841e-09
3.95841e-09
3.95841e-09
3.95841e-09
3.95841e-09
3.95841e-09
3.95841e-09
3.95841e-09
3.95841e-09
3.95841e-09
3.95841e-09
3.95841e-09
3.95841e-09
3.95841e-09
3.95841e-09
3.95841e-09
3.95841e-09
3.95841e-09
3.95841e-09
3.95841e-09
3.95841e-09
3.95841e-09
3.95841e-09
3.95841e-09
3.95841e-09
3.95841e-09
3.95841e-09
3.95841e-09
3.95841e-09
3.95841e-09
3.95841e-09
3.95841e-09
3.95841e-09
3.95841e-09
3.95841e-09
3.95841e-09
3.95841e-09
3.95841e-09
3.95841e-09
3.95841e-09
3.95841e-09
3.95841e-09
3.95841e-09
3.95841e-09
3.95841e-09
3.95841e-09
3.95841e-09
3.95841e-09
3.95841e-09
3.95841e-09
3.95841e-09
3.95841e-09
3.95841e-09
3.95841e-09
3.95841e-09
3.95841e-09
3.95841e-09
3.95841e-09
3.95841e-09
3.95841e-09
3.95841e-09
3.95841e-09
3.95841e-09
3.95841e-09
3.95841e-09
3.95841e-09
3.95841e-09
3.95841e-09
3.95841e-09
3.95841e-09
3.95841e-09
3.95841e-09
3.95841e-09
3.95841e-09
3.95841e-09
3.95841e-09
3.95841e-09
3.95841e-09
3.95841e-09
3.95841e-09
3.95841e-09
3.95841e-09
3.95841e-09
3.95841e-09
3.95841e-09
3.95841e-09
3.95841e-09
3.95841e-09
3.95841e-09
3.95841e-09
3.95841e-09
3.95841e-09
3.95841e-09
3.95841e-09
3.95841e-09
3.95841e-09
3.95841e-09
3.95841e-09
3.95841e-09
3.95841e-09
3.95841e-09
3.95841e-09
3.95841e-09
3.95841e-09
3.95841e-09
3.95841e-09
3.95841e-09
3.95841e-09
3.95841e-09
3.95841e-09
3.95841e-09
3.95841e-09
3.95841e-09
3.95841e-09
3.95841e-09
3.95841e-09
3.95841e-09
3.95841e-09
3.95841e-09
3.95841e-09
3.95841e-09
3.95841e-09
3.95841e-09
3.95841e-09
3.95841e-09
3.95841e-09
3.95841e-09
3.95841e-09
3.95841e-09
3.95841e-09
3.95841e-09
3.95841e-09
3.95841e-09
3.95841e-09
3.95841e-09
3.95841e-09
3.95841e-09
3.95841e-09
3.95841e-09
3.95841e-09
3.95841e-09
3.95841e-09
3.95841e-09
3.95841e-09
3.95841e-09
3.95841e-09
3.95841e-09
3.95841e-09
3.95841e-09
3.95841e-09
3.95841e-09
3.95841e-09
3.95841e-09
3.95841e-09
3.95841e-09
3.95841e-09
3.95841e-09
3.95841e-09
3.95841e-09
3.95841e-09
3.95841e-09
3.95841e-09
3.95841e-09
3.95841e-09
3.95841e-09
3.95841e-09
3.95841e-09
3.95841e-09
3.95841e-09
3.95841e-09
3.95841e-09
3.95841e-09
3.95841e-09
3.95841e-09
3.95841e-09
3.95841e-09
3.95841e-09
3.95841e-09
3.95841e-09
3.95841e-09
3.95841e-09
3.95841e-09
3.95841e-09
3.95841e-09
3.95841e-09
3.95841e-09
3.95841e-09
3.95841e-09
3.95841e-09
3.95841e-09
3.95841e-09
3.95841e-09
3.95841e-09
3.95841e-09
3.95841e-09
3.95841e-09
3.95841e-09
3.95841e-09
3.95841e-09
3.95841e-09
3.95841e-09
3.95841e-09
3.95841e-09
3.95841e-09
3.95841e-09
3.95841e-09
3.95841e-09
3.95841e-09
3.95841e-09
3.95841e-09
3.95841e-09
3.95841e-09
3.95841e-09
3.95841e-09
3.95841e-09
3.95841e-09
3.95841e-09
3.95841e-09
3.95841e-09
3.95841e-09
3.95841e-09
3.95841e-09
3.95841e-09
3.95841e-09
3.95841e-09
3.95841e-09
3.95841e-09
3.95841e-09
3.95841e-09
3.95841e-09
3.95841e-09
3.95841e-09
3.95841e-09
3.95841e-09
3.95841e-09
3.95841e-09
3.95841e-09
3.95841e-09
3.95841e-09
3.95841e-09
3.95841e-09
3.95841e-09
3.95841e-09
3.95841e-09
3.95841e-09
3.95841e-09
3.95841e-09
3.95841e-09
3.95841e-09
3.95841e-09
3.95841e-09
3.95841e-09
3.95841e-09
3.95841e-09
3.95841e-09
3.95841e-09
3.95841e-09
3.95841e-09
3.95841e-09
3.95841e-09
3.95841e-09
3.95841e-09
3.95841e-09
3.95841e-09
3.95841e-09
3.95841e-09
3.95841e-09
3.95841e-09
3.95841e-09
3.95841e-09
3.95841e-09
3.95841e-09
3.95841e-09
3.95841e-09
3.95841e-09
3.95841e-09
3.95841e-09
3.95841e-09
3.95841e-09
3.95841e-09
3.95841e-09
3.95841e-09
3.95841e-09
3.95841e-09
3.95841e-09
3.95841e-09
3.95841e-09
3.95841e-09
3.95841e-09
3.95841e-09
3.95841e-09
3.95841e-09
3.95841e-09
3.95841e-09
3.95841e-09
3.95841e-09
3.95841e-09
3.95841e-09
3.95841e-09
3.95841e-09
3.95841e-09
3.95841e-09
3.95841e-09
3.95841e-09
3.95841e-09
3.95841e-09
3.95841e-09
3.95841e-09
3.95841e-09
3.95841e-09
3.95841e-09
3.95841e-09
3.95841e-09
3.95841e-09
3.95841e-09
3.95841e-09
3.95841e-09
3.95841e-09
3.95841e-09
3.95841e-09
3.95841e-09
3.95841e-09
3.95841e-09
3.95841e-09
3.95841e-09
3.95841e-09
3.95841e-09
3.95841e-09
3.95841e-09
3.95841e-09
3.95841e-09
3.95841e-09
3.95841e-09
3.95841e-09
3.95841e-09
3.95841e-09
3.95841e-09
3.95841e-09
3.95841e-09
3.95841e-09
3.95841e-09
3.95841e-09
3.95841e-09
3.95841e-09
3.95841e-09
3.95841e-09
3.95841e-09
3.95841e-09
3.95841e-09
3.95841e-09
3.95841e-09
3.95841e-09
3.95841e-09
3.95841e-09
3.95841e-09
3.95841e-09
3.95841e-09
3.95841e-09
3.95841e-09
3.95841e-09
3.95841e-09
3.95841e-09
3.95841e-09
3.95841e-09
3.95841e-09
3.95841e-09
3.95841e-09
3.95841e-09
3.95841e-09
3.95841e-09
3.95841e-09
3.95841e-09
3.95841e-09
3.95841e-09
3.95841e-09
3.95841e-09
3.95841e-09
3.95841e-09
3.95841e-09
3.95841e-09
3.95841e-09
3.95841e-09
3.95841e-09
3.95841e-09
3.95841e-09
3.95841e-09
3.95841e-09
3.95841e-09
3.95841e-09
3.95841e-09
3.95841e-09
3.95841e-09
3.95841e-09
3.95841e-09
3.95841e-09
3.95841e-09
3.95841e-09
3.95841e-09
3.95841e-09
3.95841e-09
3.95841e-09
3.95841e-09
3.95841e-09
3.95841e-09
3.95841e-09
3.95841e-09
3.95841e-09
3.95841e-09
3.95841e-09
3.95841e-09
3.95841e-09
3.95841e-09
3.95841e-09
3.95841e-09
3.95841e-09
3.95841e-09
3.95841e-09
3.95841e-09
3.95841e-09
3.95841e-09
3.95841e-09
3.95841e-09
3.95841e-09
3.95841e-09
3.95841e-09
3.95841e-09
3.95841e-09
3.95841e-09
3.95841e-09
3.95841e-09
3.95841e-09
3.95841e-09
3.95841e-09
3.95841e-09
3.95841e-09
3.95841e-09
3.95841e-09
3.95841e-09
3.95841e-09
3.95841e-09
3.95841e-09
3.95841e-09
3.95841e-09
3.95841e-09
3.95841e-09
3.95841e-09
3.95841e-09
3.95841e-09
3.95841e-09
3.95841e-09
3.95841e-09
3.95841e-09
3.95841e-09
3.95841e-09
3.95841e-09
3.95841e-09
3.95841e-09
3.95841e-09
3.95841e-09
3.95841e-09
3.95841e-09
3.95841e-09
3.95841e-09
3.95841e-09
3.95841e-09
3.95841e-09
3.95841e-09
3.95841e-09
3.95841e-09
3.95841e-09
3.95841e-09
3.95841e-09
3.95841e-09
3.95841e-09
3.95841e-09
3.95841e-09
3.95841e-09
3.95841e-09
3.95841e-09
3.95841e-09
3.95841e-09
3.95841e-09
3.95841e-09
3.95841e-09
3.95841e-09
3.95841e-09
3.95841e-09
3.95841e-09
3.95841e-09
3.95841e-09
3.95841e-09
3.95841e-09
3.95841e-09
3.95841e-09
3.95841e-09
3.95841e-09
3.95841e-09
3.95841e-09
3.95841e-09
3.95841e-09
3.95841e-09
3.95841e-09
3.95841e-09
3.95841e-09
3.95841e-09
3.95841e-09
3.95841e-09
3.95841e-09
3.95841e-09
3.95841e-09
3.95841e-09
3.95841e-09
3.95841e-09
3.95841e-09
3.95841e-09
3.95841e-09
3.95841e-09
3.95841e-09
3.95841e-09
3.95841e-09
3.95841e-09
3.95841e-09
3.95841e-09
3.95841e-09
3.95841e-09
3.95841e-09
3.95841e-09
3.95841e-09
3.95841e-09
3.95841e-09
3.95841e-09
3.95841e-09
3.95841e-09
3.95841e-09
3.95841e-09
3.95841e-09
3.95841e-09
3.95841e-09
3.95841e-09
3.95841e-09
3.95841e-09
3.95841e-09
3.95841e-09
3.95841e-09
3.95841e-09
3.95841e-09
3.95841e-09
3.95841e-09
3.95841e-09
3.95841e-09
3.95841e-09
3.95841e-09
3.95841e-09
3.95841e-09
3.95841e-09
3.95841e-09
3.95841e-09
3.95841e-09
3.95841e-09
3.95841e-09
3.95841e-09
3.95841e-09
3.95841e-09
3.95841e-09
3.95841e-09
3.95841e-09
3.95841e-09
3.95841e-09
3.95841e-09
3.95841e-09
3.95841e-09
3.95841e-09
3.95841e-09
3.95841e-09
3.95841e-09
3.95841e-09
3.95841e-09
3.95841e-09
3.95841e-09
3.95841e-09
3.95841e-09
3.95841e-09
3.95841e-09
3.95841e-09
3.95841e-09
3.95841e-09
3.95841e-09
3.95841e-09
3.95841e-09
3.95841e-09
3.95841e-09
3.95841e-09
3.95841e-09
3.95841e-09
3.95841e-09
3.95841e-09
3.95841e-09
3.95841e-09
3.95841e-09
3.95841e-09
3.95841e-09
3.95841e-09
3.95841e-09
3.95841e-09
3.95841e-09
3.95841e-09
3.95841e-09
3.95841e-09
3.95841e-09
3.95841e-09
3.95841e-09
3.95841e-09
3.95841e-09
3.95841e-09
3.95841e-09
3.95841e-09
3.95841e-09
3.95841e-09
3.95841e-09
3.95841e-09
3.95841e-09
3.95841e-09
3.95841e-09
3.95841e-09
3.95841e-09
3.95841e-09
3.95841e-09
3.95841e-09
3.95841e-09
3.95841e-09
3.95841e-09
3.95841e-09
3.95841e-09
3.95841e-09
3.95841e-09
3.95841e-09
3.95841e-09
3.95841e-09
3.95841e-09
3.95841e-09
3.95841e-09
3.95841e-09
3.95841e-09
3.95841e-09
3.95841e-09
3.95841e-09
3.95841e-09
3.95841e-09
3.95841e-09
3.95841e-09
3.95841e-09
3.95841e-09
3.95841e-09
3.95841e-09
3.95841e-09
3.95841e-09
3.95841e-09
3.95841e-09
3.95841e-09
3.95841e-09
3.95841e-09
3.95841e-09
3.95841e-09
3.95841e-09
3.95841e-09
3.95841e-09
3.95841e-09
3.95841e-09
3.95841e-09
3.95841e-09
3.95841e-09
3.95841e-09
3.95841e-09
3.95841e-09
3.95841e-09
3.95841e-09
3.95841e-09
3.95841e-09
3.95841e-09
3.95841e-09
3.95841e-09
3.95841e-09
3.95841e-09
3.95841e-09
3.95841e-09
3.95841e-09
3.95841e-09
3.95841e-09
3.95841e-09
3.95841e-09
3.95841e-09
3.95841e-09
3.95841e-09
3.95841e-09
3.95841e-09
3.95841e-09
3.95841e-09
3.95841e-09
3.95841e-09
3.95841e-09
3.95841e-09
3.95841e-09
3.95841e-09
3.95841e-09
3.95841e-09
3.95841e-09
3.95841e-09
3.95841e-09
3.95841e-09
3.95841e-09
3.95841e-09
3.95841e-09
3.95841e-09
3.95841e-09
3.95841e-09
3.95841e-09
3.95841e-09
3.95841e-09
3.95841e-09
3.95841e-09

VECTORS velocity float
-1.87738e-11 3.2045e-12 -9.37015e-12
-2.42595e-13 -3.6039e-15 7.23064e-14
5.54905e-15 1.96514e-14 -1.20379e-14
2.8235e-14 -3.21912e-13 7.54131e-14
3.73888e-13 -1.62739e-12 9.22732e-15
-4.46213e-13 7.55566e-13 -2.73426e-14
6.60316e-19 1.26752e-22 -5.0412e-16
-4.29529e-12 -1.88895e-12 1.0058e-14
1.35684e-12 -1.61249e-12 -6.13433e-14
1.89177e-20 -2.19724e-20 1.07382e-20
1.12795e-13 -2.35268e-13 5.34593e-14
-1.16828e-17 4.46422e-23 8.91957e-15
6.07769e-15 -3.13129e-13 5.39963e-14
-9.212e-13 -1.70521e-12 1.67716e-13
3.14938e-14 -4.35174e-13 3.66076e-14
3.47074e-13 -1.50657e-13 -1.42458e-14
-7.18e-13 8.4989e-13 8.13405e-15
-1.0861e-13 -1.80369e-13 1.50322e-14
9.19316e-15 -6.17271e-14 2.95236e-14
8.74515e-15 -1.54528e-16 1.44534e-14
1.15292e-12 -6.27897e-13 1.28852e-13
1.60963e-14 -7.98372e-13 -4.60503e-14
1.18767e-12 -1.32932e-12 -8.81175e-14
2.20366e-13 -8.04407e-13 -1.09432e-13
-6.42406e-14 -1.31645e-13 -2.11255e-14
-1.76923e-12 -1.58404e-12 -2.59393e-13
2.68306e-13 3.68097e-14 1.05874e-13
2.57103e-13 -8.24747e-13 6.90839e-14
-1.20669e-13 -3.35172e-13 -2.44211e-14
3.27268e-13 -1.61037e-12 7.04869e-14
1.69039e-14 5.95746e-13 -4.15386e-14
-5.1806e-13 -1.07234e-12 1.51472e-14
-1.24143e-14 -1.41208e-13 4.09468e-14
-1.33487e-12 6.74888e-13 -2.74744e-13
3.30858e-14 -1.6536e-14 -1.17566e-14
-1.90023e-14 -7.83824e-14 3.93852e-14
-2.42185e-13 -1.07844e-14 2.29503e-14
2.72925e-13 6.68744e-13 8.08692e-14
-1.04154e-18 7.66533e-24 7.9519e-16
1.20574e-13 1.47059e-13 1.23351e-13
-1.35008e-13 2.72271e-13 -5.85936e-14
-1.16218e-12 8.11036e-13 -9.02514e-13
9.21957e-13 -1.72328e-12 4.38825e-14
8.20443e-12 1.76575e-12 1.9781e-12
2.70078e-13 -1.51435e-13 -4.02277e-14
-5.42895e-13 5.51359e-14 -5.21693e-14
1.98938e-14 -2.26984e-15 1.02345e-15
-2.37238e-12 -4.36277e-13 5.06678e-13
1.06177e-12 2.46359e-13 1.35687e-13
9.13693e-13 -7.75947e-13 1.80617e-13
9.47507e-13 -7.77723e-13 -2.82957e-13
2.31146e-13 -2.54106e-13 -2.84011e-15
-9.79532e-14 -6.3084e-14 1.65002e-14
1.04805e-14 -4.00415e-14 2.59473e-13
8.01998e-13 -1.0317e-12 4.95583e-14
-4.60812e-13 3.51597e-13 -1.95321e-14
1.16289e-13 -9.79791e-14 5.65123e-15
8.65574e-13 8.65635e-13 -2.3554e-14
1.16626e-14 -4.95226e-14 -3.10735e-14
2.39078e-14 3.58453e-14 -1.41331e-14
5.07678e-14 4.48394e-15 3.96983e-14
1.00012e-13 -4.09099e-15 1.04083e-13
1.43757e-13 3.85222e-13 -6.68758e-14
1.01227e-15 3.28227e-20 2.98741e-13
4.34428e-13 -3.57517e-13 -5.76961e-15
-7.22191e-16 -4.78925e-15 6.30728e-14
1.0527e-13 9.04278e-14 -6.28279e-14
3.60768e-13 -1.52563e-12 7.82627e-13
-1.56551e-15 2.48707e-13 2.90659e-14
-3.4525e-14 -9.92362e-14 3.95221e-15
-2.01505e-13 1.91027e-13 -9.59477e-14
1.07232e-13 -1.49988e-14 -1.38707e-14
1.16615e-13 -1.73077e-12 2.20702e-13
4.66601e-12 -1.44477e-12 1.15984e-12
1.17715e-12 -1.30846e-12 4.96043e-13
2.10027e-11 1.00206e-11 4.72902e-13
-4.2919e-13 4.63117e-13 2.758e-13
1.05314e-12 1.64071e-13 -1.98035e-13
-6.68305e-20 -1.10301e-19 -1.76198e-19
-4.55876e-13 2.01294e-13 4.91549e-15
1.03642e-12 -4.6869e-13 4.1492e-13
-3.34723e-13 2.1312e-13 -2.67995e-15
-2.70062e-14 2.69559e-14 -2.53618e-14
1.86627e-12 8.84609e-13 1.95801e-13
-6.74673e-13 -5.89363e-15 -1.75024e-14
-1.33877e-12 1.22263e-12 4.9674e-15
-3.54712e-13 -3.13341e-13 4.36383e-14
1.42716e-12 -1.63494e-12 -8.14679e-14
1.98651e-13 4.26924e-13 -3.43313e-13
6.1368e-14 -1.31505e-13 4.06519e-14
-5.46644e-14 1.11821e-13 4.9731e-14
1.977e-13 -1.82256e-13 1.07126e-14
9.06161e-18 2.24429e-22 -6.9181e-15
1.22725e-12 -9.52019e-13 1.07098e-13
2.04497e-13 -5.37544e-14 -5.13283e-15
-2.13328e-15 -1.41465e-14 1.86307e-13
1.29867e-13 2.21689e-14 1.07677e-13
4.25778e-13 3.10679e-14 4.16102e-15
1.70285e-13 -9.55919e-14 6.47012e-14
-2.58452e-13 6.38431e-14 -5.07573e-14
-1.20816e-13 -1.78627e-13 5.8229e-14
2.52069e-13 -1.07016e-13 1.06328e-13
8.20221e-13 -6.81443e-13 8.28635e-14
6.03235e-18 -6.9977e-22 -4.60544e-15
-4.0449e-14 -4.35361e-13 -3.5815e-14
-2.76334e-14 -1.10869e-12 5.13516e-13
7.22911e-12 3.73365e-12 1.47306e-12
1.47576e-13 -3.84976e-13 -1.96784e-14
-8.61803e-13 -3.27264e-13 2.30658e-13
-2.12999e-12 -1.38723e-12 -2.29693e-13
-2.70373e-12 -1.20147e-12 -4.51364e-14
7.72845e-13 3.94639e-13 2.83587e-13
2.0778e-13 -1.03407e-13 1.47622e-13
2.73743e-12 3.79875e-13 5.84077e-13
1.28705e-12 -7.1749e-13 2.5178e-13
4.4826e-12 1.74658e-12 1.49145e-12
4.3149e-14 -7.16175e-14 1.33871e-14
-2.71986e-14 4.40739e-14 5.45122e-14
-1.87696e-14 -3.87069e-14 1.14067e-14
2.07902e-13 5.25615e-13 6.58149e-14
-1.08337e-13 -1.22173e-13 1.63042e-13
5.94432e-13 -9.70441e-13 -7.65803e-15
-5.90155e-13 -9.2515e-14 1.45492e-13
2.50989e-13 -4.59272e-13 1.90046e-13
-6.84225e-13 -2.22455e-13 3.09548e-13
4.51494e-15 -5.99591e-14 1.32541e-14
1.93844e-13 8.11632e-13 1.84043e-13
-1.09566e-13 -9.77811e-13 1.83577e-13
-1.52198e-13 -6.65666e-13 -4.88572e-14
3.08832e-14 -1.09414e-13 -5.52976e-14
2.09209e-12 1.6661e-12 1.49221e-12
1.65788e-13 -2.21959e-13 -6.82679e-14
2.29277e-14 -4.39906e-13 3.51816e-14
9.92858e-13 -1.13245e-12 1.07485e-13
3.35383e-12 -4.164e-13 -3.49272e-13
-8.69889e-18 -1.71465e-22 6.6413e-15
-2.42444e-13 3.52075e-13 -2.95043e-14
1.04505e-12 1.10835e-12 -2.27547e-13
2.63432e-13 4.19789e-13 1.67059e-13
-1.382e-14 -1.5244e-13 -1.38232e-14
5.14724e-13 -3.93198e-13 5.78313e-14
1.45172e-13 -1.98892e-13 1.90356e-14
-3.09332e-13 4.0373e-13 -4.06131e-14
2.76643e-12 -1.48312e-12 -4.22604e-13
2.53203e-12 -1.67917e-12 3.14988e-13
1.7101e-13 -1.29992e-14 1.5288e-14
9.14645e-13 -1.66844e-12 7.78179e-14
3.77188e-13 7.14013e-14 -1.28669e-13
-1.11844e-17 -1.2306e-21 8.53937e-15
5.96431e-13 7.15495e-14 1.05137e-13
-1.95583e-13 9.68042e-14 -3.36359e-14
-8.85734e-14 5.1373e-13 2.05084e-13
1.98966e-12 -1.65525e-12 4.14725e-13
-2.12304e-13 -1.75032e-13 8.84204e-14
2.57398e-12 1.56559e-13 -7.14286e-13
2.70618e-13 -8.74974e-14 -1.11223e-14
-1.99516e-13 -1.08491e-14 2.54537e-13
1.3103e-13 -1.12129e-14 2.08133e-14
-1.56017e-18 9.10456e-23 1.19087e-15
-4.34408e-15 3.41792e-15 -2.06883e-14
-1.61494e-12 -6.39e-13 1.06248e-13
-1.7389e-12 -1.75083e-13 -2.91139e-13
1.05879e-12 -1.63696e-12 2.76682e-13
-2.00188e-13 2.00692e-13 -2.04231e-13
-1.11969e-12 -1.01952e-12 1.48028e-12
2.64268e-12 -1.35247e-12 -2.42699e-13
7.26463e-13 -6.61389e-13 -2.6643e-13
4.45989e-13 -1.13135e-12 -5.1984e-13
-1.73068e-14 -1.54564e-14 -2.08815e-15
-1.75998e-12 -1.84586e-12 1.50502e-12
-5.19493e-14 -1.46341e-13 5.89934e-14
-4.81608e-14 -6.29556e-14 1.22147e-14
1.99447e-13 2.99444e-13 -6.17909e-14
-3.42496e-13 1.52556e-12 2.99488e-13
6.3724e-13 -1.12515e-12 5.02216e-13
5.46396e-13 -2.336e-13 -1.47492e-13
5.08296e-14 8.12461e-14 2.21543e-14
-1.13184e-13 9.07514e-14 2.62714e-15
-2.95566e-13 -2.72719e-13 7.18232e-13
3.43407e-14 7.00661e-14 -1.01782e-14
3.42902e-13 -2.27854e-13 1.69677e-13
3.68361e-13 -3.23006e-13 5.26513e-14
1.52676e-13 1.39865e-12 6.67489e-13
2.46937e-13 4.45968e-15 -3.14526e-14
-5.95273e-13 1.13779e-13 1.16377e-14
1.60113e-12 -1.52595e-12 9.08089e-14
-1.04183e-13 -4.05314e-13 2.89583e-13
-2.32769e-13 -5.23991e-13 5.7663e-14
3.50543e-13 -1.03023e-12 9.01019e-15
-3.93494e-13 -9.0669e-14 2.47136e-13
7.09073e-14 -2.03283e-13 2.71023e-14
-3.28904e-13 -1.77872e-13 -5.8071e-14
2.71656e-13 -6.54287e-13 -5.46321e-14
3.65664e-13 -6.70024e-13 -1.51002e-13
-2.36627e-12 -1.09617e-12 1.22388e-13
1.46681e-13 -2.05033e-13 -2.31181e-15
-1.30806e-13 2.59475e-13 3.32038e-14
2.76018e-11 -5.25148e-12 -1.69717e-12
-1.37723e-12 1.38585e-12 -2.67227e-13
-3.24251e-14 2.30309e-14 -2.88615e-14
2.82507e-13 -2.32106e-13 -2.59604e-14
-1.21573e-13 1.5272e-13 -2.13858e-14
1.54353e-13 -4.00372e-14 5.43109e-14
2.48479e-11 -7.50922e-12 2.45091e-12
-1.61034e-12 -1.48194e-12 1.01206e-13
1.49677e-12 -9.42118e-13 3.15002e-13
-1.22571e-12 1.59917e-12 -1.08206e-13
4.63164e-13 -1.58382e-12 -3.68761e-14
6.18767e-14 -3.35286e-13 1.70463e-13
4.29977e-13 -5.0516e-13 1.49306e-13
1.08484e-11 -1.62036e-12 1.89548e-12
8.26393e-13 -1.3027e-12 9.71895e-14
-7.87657e-13 -9.88912e-13 -8.68193e-14
-2.06771e-13 -3.19319e-13 -2.67908e-15
1.07825e-17 2.29853e-20 -8.23289e-15
-7.94362e-13 7.52636e-13 4.83859e-14
1.1824e-13 -3.65589e-13 -1.03491e-13
1.13741e-12 4.97291e-14 4.83877e-13
-3.59961e-13 8.79977e-13 1.54125e-14
-5.98102e-13 6.69949e-13 2.32259e-13
-7.11039e-14 -3.00356e-13 3.34877e-14
-2.67089e-13 -1.13988e-12 -1.36082e-13
5.52129e-13 -1.41921e-12 -5.46017e-14
-4.36601e-13 -2.74633e-15 -1.34762e-14
-5.6552e-13 -4.35562e-13 -4.85234e-13
-1.11847e-17 -2.15271e-22 8.53937e-15
-6.37764e-13 -1.47669e-12 -1.72932e-13
9.08105e-18 -1.20342e-20 -6.93359e-15
5.78221e-13 -1.33969e-12 -3.0016e-14
2.43015e-12 -1.03222e-12 -4.1518e-14
6.53375e-13 4.78987e-13 -3.85829e-13
-3.23915e-15 2.15468e-14 2.81605e-13
1.29282e-12 4.13111e-14 7.00309e-13
-7.88728e-14 1.62072e-13 1.32428e-13
1.91638e-12 -1.70695e-12 1.29253e-13
-4.57623e-13 1.02983e-13 1.48813e-13
5.72342e-20 -3.41226e-20 -2.52054e-19
1.46618e-13 6.92796e-14 -9.16402e-14
-2.14455e-13 -3.0524e-13 1.21593e-13
-3.49103e-13 3.49534e-13 1.32194e-13
-1.87011e-12 1.58057e-12 1.05049e-12
1.45221e-13 -1.26643e-13 -1.33855e-14
6.03318e-13 -2.54279e-13 5.38261e-14
3.06329e-13 3.85179e-13 1.21438e-13
4.65436e-13 -2.84304e-13 2.29167e-13
-2.13331e-15 -1.41465e-14 1.86307e-13
5.60862e-13 1.56067e-12 5.03184e-13
4.56282e-13 -4.4459e-13 1.06716e-13
-8.48512e-13 -5.20875e-13 -1.8487e-13
-6.38734e-13 6.48631e-13 4.72842e-14
-2.20041e-13 -1.07074e-12 7.15788e-16
3.56459e-15 1.90827e-14 -2.18296e-13
-4.13721e-14 -3.97707e-14 -6.53757e-15
-2.92372e-13 -2.40295e-13 1.41469e-13
2.96069e-13 -1.37351e-12 -1.91861e-13
-5.87402e-14 2.63077e-13 -3.09678e-15
6.03115e-18 -1.09445e-22 -4.60544e-15
1.27241e-12 1.59252e-13 1.07236e-12
-1.83408e-12 6.91811e-13 -3.34578e-13
-1.02667e-12 -6.68161e-13 7.40139e-15
-2.62287e-12 -3.20051e-13 7.0769e-14
-1.35967e-13 3.08511e-15 1.34356e-14
-2.62173e-13 -4.19337e-13 -1.39552e-14
-3.67213e-13 -4.2603e-13 4.30645e-14
7.24741e-12 -7.89318e-12 -7.71965e-12
-1.87518e-12 -5.94826e-13 3.19995e-13
4.99062e-13 -1.07038e-12 -2.03882e-13
-3.98414e-12 -8.41311e-13 7.31929e-13
-2.60429e-13 -2.55553e-13 1.25858e-13
-2.7528e-13 -2.9087e-13 -5.11255e-14
3.42527e-13 -6.66219e-13 1.32816e-13
-1.36686e-12 4.79184e-15 -2.42271e-14
-1.16076e-12 4.10239e-13 -1.28774e-12
1.97213e-12 -8.84549e-13 6.15594e-14
-3.0519e-12 -1.62807e-12 7.79932e-13
1.1202e-13 -1.58303e-12 -1.74432e-13
-5.98122e-13 -2.45651e-13 -8.40973e-14
1.28098e-12 9.10601e-14 -6.8027e-14
6.51249e-13 -9.88452e-13 -1.01472e-13
-1.06685e-12 -1.04175e-12 1.75255e-13
2.26476e-13 -6.96173e-13 1.34883e-13
2.24912e-12 -1.69138e-12 -2.45109e-13
-2.45413e-13 3.2754e-13 -8.21751e-14
-5.80908e-13 2.29093e-13 1.31652e-14
8.13935e-13 -3.11525e-13 -1.17553e-12
3.7226e-14 -1.51574e-12 -8.69613e-14
3.97893e-12 9.85387e-13 -5.84867e-13
1.87669e-12 -1.68846e-12 -1.34038e-12
5.26167e-13 -7.81609e-14 -1.62931e-13
2.07257e-13 4.76692e-14 6.78098e-15
-2.52018e-13 -1.07597e-13 -6.11168e-14
-3.12487e-13 3.52195e-13 -3.11696e-13
-3.75041e-12 -3.29775e-13 -1.19886e-13
5.14863e-13 -1.13898e-12 1.07583e-14
3.36734e-14 -9.64942e-13 5.02567e-14
-3.92798e-15 -1.19973e-14 1.64715e-15
-4.50734e-14 -9.80822e-13 2.11328e-13
-2.28755e-13 -3.06545e-13 -3.54511e-14
-3.27209e-12 -1.44959e-12 -5.23232e-13
1.00986e-12 -6.31281e-13 -1.29529e-13
1.3397e-13 -2.002e-13 2.40135e-14
-5.61795e-14 -1.73816e-13 -6.23765e-14
1.54094e-12 1.55986e-12 2.43307e-13
4.05063e-13 -8.04383e-13 5.23664e-15
-1.715e-12 -7.28509e-13 -1.32033e-14
9.89675e-13 -1.44938e-12 2.29854e-13
8.82143e-13 -9.66677e-13 4.83121e-14
-1.96759e-13 6.00882e-14 5.60155e-14
6.25386e-13 -1.693e-12 8.94917e-14
-4.76164e-13 7.41315e-13 9.765e-14
-2.32072e-14 -2.67902e-14 -1.96938e-13
6.86845e-14 -7.26496e-13 -1.05926e-13
-1.51382e-14 -3.99368e-14 4.21004e-14
-8.50403e-13 3.61325e-13 -1.00611e-13
-4.3713e-14 -1.00171e-12 -1.22936e-14
-1.16534e-12 8.44407e-13 -2.6479e-13
5.01997e-13 -4.85657e-13 1.22174e-13
1.27781e-14 -4.29095e-13 -8.44551e-14
1.14949e-12 -1.41187e-12 -2.7674e-13
3.84653e-13 -1.3438e-13 2.83421e-13
-6.98525e-13 1.69512e-12 4.25562e-13
-4.84206e-12 7.5534e-13 -5.24228e-13
6.08228e-12 -8.28558e-13 3.45581e-14
-2.58475e-14 5.90892e-14 1.13029e-13
2.20862e-13 -2.39217e-13 1.75784e-13
-2.17714e-12 7.64808e-13 2.2069e-13
6.70166e-13 -6.43302e-13 1.99685e-13
2.59271e-12 -1.313e-12 2.62095e-13
7.73018e-13 1.34039e-13 -1.34116e-13
-3.44753e-13 -1.75109e-13 -5.251e-14
3.2926e-13 -1.28696e-12 4.7728e-14
1.23901e-13 -6.36405e-13 1.85743e-13
-7.81766e-15 3.37655e-13 2.59901e-14
4.43867e-13 -3.08433e-13 -3.54547e-14
-6.63651e-13 -6.54327e-13 -2.73645e-13
1.28768e-12 -2.66338e-13 3.98194e-13
2.95401e-12 9.0496e-13 -1.69385e-12
-2.23512e-13 -3.84644e-14 3.66426e-13
-9.46201e-18 2.35661e-21 7.22451e-15
-2.20605e-12 -1.63216e-12 1.49377e-13
6.95343e-13 -1.30465e-12 -1.36679e-14
3.35053e-14 1.77218e-13 5.6751e-14
7.71107e-13 -2.1534e-13 4.33911e-14
2.78396e-12 1.23018e-12 3.90499e-13
2.03281e-12 -1.65713e-12 5.23495e-13
4.85297e-13 6.91445e-13 -4.69666e-13
5.41027e-13 -9.06974e-13 -2.2515e-14
-8.59096e-13 1.27004e-12 4.07602e-14
-1.37664e-13 -8.2802e-13 -1.96867e-13
-1.95664e-13 -4.47828e-13 -3.03048e-13
-2.72733e-15 -6.49969e-14 2.80781e-13
-6.09541e-12 3.26101e-13 9.49584e-13
-4.11411e-13 6.96176e-13 -3.24672e-13
6.56769e-13 -3.98807e-13 3.49339e-14
1.33458e-13 -1.64113e-13 -6.41954e-14
-2.04708e-17 8.32667e-14 2.74514e-13
9.26838e-14 -1.43702e-12 -2.42658e-13
2.92967e-12 -1.68916e-12 7.82298e-13
-3.37003e-14 2.11352e-15 -1.95385e-14
-1.24634e-12 -1.177e-12 4.88862e-13
-6.05745e-13 7.70835e-13 -4.00006e-14
-4.2628e-20 1.41645e-20 -9.10694e-20
3.66126e-13 -6.79057e-13 2.06578e-13
-3.27155e-12 4.97675e-13 2.02261e-13
-5.32666e-12 1.56352e-12 5.05589e-13
1.98115e-12 2.16316e-14 2.88864e-13
7.41721e-13 -2.87243e-13 8.36667e-13
2.71294e-13 -1.61963e-13 -1.48629e-13
1.30971e-12 -5.61599e-13 -1.29913e-13
2.91234e-13 -1.73112e-13 -4.47645e-14
2.14295e-13 -3.21415e-13 -1.07497e-13
1.43922e-12 -2.48193e-13 -7.78053e-13
-6.67543e-13 -5.87817e-13 4.09478e-14
9.23709e-13 1.27392e-12 3.35971e-13
1.04076e-12 -1.49527e-12 7.42706e-13
1.97091e-13 -1.00596e-12 4.87248e-14
9.071e-13 -1.60826e-13 -9.11885e-14
2.69034e-13 -1.46843e-12 7.38247e-13
7.00839e-13 3.5749e-13 8.41099e-14
5.33386e-14 -3.67444e-13 -7.46668e-14
2.01958e-11 -7.82014e-12 -1.17541e-11
-1.79174e-13 -1.38935e-13 1.28291e-13
4.01668e-13 -7.76594e-13 1.13586e-13
3.36313e-13 -2.50934e-13 1.06448e-13
5.03329e-13 -6.71069e-13 3.69933e-14
4.09114e-13 -1.51519e-12 2.86129e-14
-1.72412e-13 -7.99525e-13 1.70831e-13
-2.44766e-16 -2.13369e-22 -7.22357e-14
-4.68622e-13 5.8973e-14 -1.6065e-13
2.64431e-12 -6.63703e-13 -3.16353e-13
-8.98215e-13 6.66867e-13 -2.1339e-13
9.73731e-13 -1.44483e-12 2.08034e-13
2.76314e-13 -1.20802e-12 -8.42247e-14
-4.85682e-13 7.1852e-13 -2.14512e-13
5.78794e-13 -9.07473e-14 -3.62334e-14
-2.13666e-12 -1.49318e-12 8.54045e-13
1.13284e-12 -1.51357e-12 6.53681e-13
1.58109e-12 -8.4041e-13 -1.45155e-13
-1.54751e-13 -3.59052e-13 -5.59796e-14
-2.55099e-13 -3.43814e-13 -1.10045e-13
-3.72963e-13 1.33772e-13 -1.54535e-13
1.05816e-12 -3.13787e-13 -1.1159e-13
-4.37388e-12 -1.58851e-12 -2.96067e-13
5.98475e-14 -1.56804e-13 -1.10116e-13
1.67285e-12 -5.70262e-13 1.79082e-13
1.96386e-12 -1.05688e-13 -5.97393e-13
5.52277e-18 3.04408e-20 -4.21679e-15
7.19832e-13 -8.1493e-13 -1.09534e-13
1.3088e-11 7.21435e-13 5.65437e-13
-2.76276e-14 -1.19693e-13 -1.37099e-13
-7.88951e-13 1.16001e-12 -1.6342e-13
5.26543e-13 -1.61087e-12 -3.81477e-13
3.08418e-13 -5.82971e-13 1.23331e-13
-7.47506e-13 -4.90833e-13 -8.29635e-14
2.29789e-15 -7.66539e-15 1.22284e-14
2.19398e-20 -3.57806e-21 1.06576e-20
-3.66749e-13 -2.20533e-13 2.47549e-13
-8.14146e-13 1.12181e-12 1.3362e-13
1.72099e-13 1.24341e-12 8.59985e-15
-2.95597e-13 2.42542e-13 -1.16598e-13
1.41082e-12 -1.68349e-12 2.51239e-13
-1.34854e-14 1.28979e-12 1.37206e-12
-1.72632e-12 -1.72335e-12 4.70409e-13
3.60068e-13 -1.5914e-13 1.823e-13
-5.80462e-13 3.15317e-13 -2.74479e-13
4.9351e-13 3.63357e-13 3.1848e-14
-4.9378e-13 4.3789e-13 4.34094e-14
4.82191e-13 -3.24989e-13 8.75704e-14
1.68339e-14 -1.53033e-14 1.31431e-14
-6.31193e-19 6.52426e-20 4.82091e-16
-5.48701e-13 -5.29636e-13 2.47961e-15
-2.76008e-13 -4.3957e-13 5.27973e-14
-1.44994e-12 -5.71059e-13 6.40281e-14
3.17703e-13 -1.41764e-12 -2.88984e-13
-1.75209e-12 -4.86933e-13 5.16375e-14
-3.64176e-13 2.4587e-13 2.44811e-13
-1.00547e-13 3.46969e-13 -1.08408e-14
-1.37382e-13 -2.44027e-13 1.10344e-13
9.50863e-13 9.40284e-13 3.51467e-14
-1.30661e-13 -7.05252e-13 -1.0746e-13
-1.24146e-13 -6.29166e-13 -5.14721e-14
-2.70366e-13 5.6275e-14 5.67824e-14
7.69263e-13 -8.07448e-13 6.9114e-14
3.17717e-12 1.49712e-12 -1.06788e-12
1.0457e-12 -1.41614e-12 -7.90017e-14
-4.30365e-14 5.1663e-14 -3.87563e-14
1.55466e-12 1.16261e-12 -6.09755e-13
2.58655e-12 6.11129e-13 1.22609e-12
1.5275e-15 -3.68196e-14 -1.58621e-13
-3.46301e-13 4.67077e-13 -4.41068e-14
2.71008e-15 6.14266e-15 3.86661e-14
-7.46077e-16 1.79853e-14 7.74819e-14
1.16081e-12 -1.1385e-12 1.86588e-13
7.93698e-15 7.86599e-14 1.83058e-13
3.02867e-12 4.62819e-14 -1.11965e-13
-4.8565e-12 1.25783e-12 9.25657e-13
9.65749e-12 6.95983e-14 1.15357e-12
3.13449e-13 -1.29938e-13 -1.08598e-13
-7.18661e-13 1.67887e-12 1.76705e-13
-7.67938e-13 -1.05836e-13 -6.49867e-13
-1.89111e-12 -1.72371e-12 5.68129e-13
-8.82626e-12 8.96137e-13 4.37538e-13
1.42406e-13 -1.81611e-13 5.60603e-14
-3.96114e-14 -5.37277e-14 -3.61411e-14
-2.55745e-12 2.64209e-13 -1.0525e-13
4.51892e-12 1.51386e-12 -7.48355e-14
1.82989e-12 -1.40903e-12 9.37234e-13
-1.17761e-13 -1.70636e-13 -2.52476e-13
-4.36804e-13 4.95803e-13 2.17252e-13
-7.81454e-13 -8.31949e-13 -1.76895e-13
1.33953e-12 -7.74632e-13 4.9137e-13
4.92919e-13 9.12566e-13 -3.14718e-13
2.31847e-20 6.64295e-20 2.01391e-19
-1.15193e-12 -8.84976e-13 -6.40911e-14
7.72587e-13 5.93327e-14 5.10323e-13
-2.04495e-12 -8.2447e-13 1.19266e-13
4.73567e-12 -1.69036e-12 1.98387e-12
2.1503e-13 -1.2165e-12 4.6278e-13
-2.18228e-13 1.66386e-13 -7.62027e-15
-2.13319e-15 -1.41466e-14 1.86308e-13
-2.07464e-12 5.67349e-13 3.41889e-13
-8.45238e-13 2.82963e-13 1.36688e-13
-2.20597e-12 -6.97478e-13 2.60783e-13
4.17229e-14 2.55431e-14 -1.37542e-14
-1.18754e-12 1.2512e-12 -1.96623e-13
2.36498e-12 -1.76459e-12 -5.93121e-13
-1.15695e-12 2.79256e-13 -1.37645e-13
-4.13253e-13 3.74287e-13 9.93547e-14
1.68864e-11 -1.14789e-11 -3.45971e-12
6.88188e-14 -3.04667e-13 -2.16198e-13
-3.23159e-13 1.03812e-12 -1.34405e-13
3.68482e-15 1.71492e-12 -8.68464e-13
-1.29528e-12 -1.6129e-12 -3.00357e-13
3.91059e-13 -3.60099e-13 1.40005e-14
2.6357e-11 2.8536e-12 1.2968e-12
-7.39724e-13 1.5623e-13 -2.11275e-13
2.08391e-12 -1.71994e-12 5.55905e-13
-2.43631e-13 -1.66735e-12 -8.9897e-14
-9.22242e-19 4.37336e-19 4.82082e-16
7.12052e-13 -1.05022e-12 7.30458e-14
1.19497e-14 -1.56081e-13 2.03331e-13
-3.11895e-13 1.00158e-12 5.89892e-14
4.33855e-14 2.68761e-14 -9.49892e-15
2.04184e-12 -1.62609e-12 5.64986e-13
-1.77224e-12 -1.21035e-12 2.73882e-13
4.87916e-13 -9.29926e-13 -1.24805e-12
2.00209e-13 3.74711e-13 -2.43343e-13
-2.4476e-16 3.07282e-22 -7.22337e-14
5.65585e-13 -1.22095e-12 -2.19717e-13
2.38199e-13 -1.63188e-12 -9.51409e-14
-8.9005e-13 -1.71127e-12 7.79891e-14
-4.2848e-13 6.96431e-13 -2.57892e-13
-7.4477e-13 1.5811e-12 -6.18717e-13
-3.24493e-12 1.87484e-12 2.44102e-13
-4.24503e-14 -1.18871e-12 1.08967e-12
-2.86118e-13 -8.762e-13 -3.39318e-13
5.61421e-13 -1.8786e-13 3.30529e-14
1.17882e-21 -5.49217e-20 -4.68857e-19
1.26824e-13 -6.41403e-14 1.30919e-14
-3.48355e-13 -1.48441e-12 -3.64807e-13
1.30177e-13 -2.07049e-13 5.3694e-14
2.4074e-12 1.66678e-12 -1.538e-12
-2.63357e-12 3.52608e-13 -6.67676e-13
2.16005e-13 -3.10952e-13 1.19455e-13
-6.01573e-13 4.23157e-13 -9.56444e-14
5.96774e-13 -4.10619e-13 2.10652e-14
2.64837e-15 -8.82022e-13 2.49901e-13
2.74438e-13 1.57591e-12 1.85671e-12
-5.22075e-13 -5.00902e-13 1.56882e-13
-9.66075e-18 6.15627e-22 7.37626e-15
6.04717e-13 4.9087e-13 6.54234e-13
6.44776e-16 4.27582e-15 -5.63117e-14
1.64386e-13 -3.9421e-13 3.21037e-12
-1.25528e-12 5.79279e-13 2.08273e-13
1.18955e-13 -1.11056e-13 3.50288e-14
3.54792e-13 -1.5058e-12 -1.3408e-13
3.3983e-13 -1.66154e-12 1.08764e-13
-5.69208e-18 -3.23401e-21 4.34637e-15
-1.35992e-13 -3.93709e-14 -1.72052e-13
2.48013e-13 -3.56313e-13 1.96157e-13
-5.0312e-13 4.38028e-13 -5.0909e-13
5.44876e-13 -1.01794e-12 -3.12054e-13
3.77511e-12 2.34246e-12 -7.93902e-13
-4.76417e-12 -4.79302e-12 -5.60769e-13
-5.19252e-13 6.09363e-13 -2.03902e-13
4.76727e-13 -1.31929e-12 -5.63561e-14
-8.37322e-17 9.5916e-15 3.80743e-14
1.49085e-13 -1.77376e-13 -2.61862e-14
5.57268e-14 6.31506e-15 -1.28465e-14
-7.73588e-13 2.84315e-14 -6.5592e-13
-9.40154e-13 6.84156e-14 -2.40956e-14
-1.4532e-14 -1.36921e-13 6.93297e-14
8.40748e-13 -3.08596e-13 1.11189e-13
-3.48187e-13 -5.89148e-14 -8.41799e-13
-2.35892e-12 -5.96845e-13 -8.78639e-13
1.56586e-12 1.73709e-12 2.59859e-13
-5.01654e-12 8.10163e-13 -1.45164e-12
-4.13887e-13 -5.56826e-13 -8.41988e-14
3.86376e-12 -1.64486e-12 -1.58704e-12
1.06922e-13 -1.00327e-14 -1.47109e-13
4.20757e-13 -7.0345e-13 2.31116e-13
2.02812e-20 -1.3628e-19 -8.99021e-20
-7.45678e-16 1.79849e-14 7.74801e-14
1.77201e-17 4.02117e-17 2.53022e-16
7.31288e-13 -2.79811e-13 9.87636e-14
-3.72214e-15 3.22035e-15 -1.61677e-14
2.25302e-14 2.18242e-13 -4.95891e-14
-6.2291e-13 4.97322e-13 -5.27911e-13
2.09124e-12 -1.20387e-12 2.37998e-14
7.64529e-13 -8.28615e-13 9.32024e-14
-5.21114e-13 1.30439e-12 -9.91838e-14
5.99785e-13 -8.31842e-13 2.58619e-14
-8.04068e-13 6.13736e-13 -8.50424e-14
-5.08273e-14 -9.72927e-13 1.16355e-13
1.01323e-15 -6.73953e-15 -8.80823e-14
-2.2618e-12 -7.61762e-13 -1.49045e-13
8.35786e-12 -3.0391e-12 -8.83579e-12
1.75033e-12 -1.65103e-12 -2.71198e-13
3.53819e-13 -1.62983e-12 6.94572e-14
2.44784e-13 -1.51065e-13 -4.00664e-14
-2.44284e-12 -1.15342e-12 -4.44915e-13
-1.87609e-12 -1.49872e-12 -2.43981e-14
-3.2975e-12 -6.9699e-13 -5.45296e-14
-9.62733e-13 7.22305e-13 1.31829e-13
3.69402e-12 -7.24891e-13 5.97759e-13
-4.26245e-12 2.47981e-11 2.22527e-12
-1.11883e-12 1.36055e-12 1.71841e-13
5.39276e-13 5.93725e-13 -4.33665e-13
-5.04716e-13 -1.489e-12 2.32944e-13
1.94238e-12 -1.03924e-12 -4.76603e-14
-4.46381e-13 9.92622e-13 -5.6159e-13
1.64778e-13 1.42503e-13 2.45036e-14
2.08696e-12 -1.72061e-12 1.09469e-12
6.63961e-13 -3.71532e-13 -1.26408e-12
-3.14822e-12 -8.49544e-13 -5.73048e-14
-3.9875e-12 7.76108e-13 -1.18245e-13
-6.63774e-16 2.39813e-21 -1.95892e-13
-3.94651e-13 5.69899e-13 1.60117e-13
-2.0414e-13 4.90022e-14 -1.38094e-13
-2.60144e-11 2.26051e-12 -6.44624e-13
1.38655e-12 1.1522e-13 4.1137e-13
-3.1435e-13 -7.86109e-14 8.34877e-14
-8.61464e-13 -9.24661e-13 -1.00681e-12
-2.83234e-12 -1.7205e-12 8.82048e-13
9.76632e-12 2.43349e-12 1.31037e-12
1.93137e-13 2.25728e-13 -2.28268e-13
-3.42288e-19 -4.36448e-19 4.82082e-16
7.47937e-13 1.72115e-12 -7.82702e-14
-8.79022e-13 -4.01847e-14 1.52733e-13
3.5862e-13 6.30847e-13 3.4346e-13
9.92304e-20 -1.4098e-19 -1.84364e-19
-7.16694e-13 -7.90044e-14 -2.23165e-13
3.14492e-13 -5.0448e-13 2.10954e-13
-1.55996e-13 -3.43821e-13 -4.82954e-14
4.96951e-14 -5.83702e-14 1.08782e-13
1.49848e-13 -1.65351e-12 -2.61645e-13
2.2308e-12 3.19019e-13 2.13319e-13
-5.75854e-12 -1.59354e-14 -2.94597e-13
6.97268e-14 -1.83435e-14 -6.77341e-14
1.08285e-19 -2.30051e-20 -2.15891e-19
1.14235e-12 -1.59691e-12 3.01501e-13
2.00333e-13 -2.44395e-13 1.07814e-13
-9.18238e-14 1.76029e-14 -1.39292e-13
2.55585e-13 -1.12232e-12 -2.99463e-13
3.22516e-13 2.17194e-13 2.04e-13
3.40128e-14 1.53385e-12 2.41328e-14
-1.07681e-12 -6.34303e-13 4.81602e-13
2.48695e-12 -1.72628e-12 5.74582e-13
-2.48783e-13 5.31572e-14 -1.8934e-13
-2.19924e-12 -1.24781e-12 -4.7547e-14
1.24847e-11 -1.7375e-12 -1.72791e-12
-1.53595e-12 9.52099e-13 2.06457e-14
2.85313e-13 -2.50529e-13 1.02338e-13
-2.5617e-12 -1.28159e-12 1.66124e-13
-3.99275e-12 -8.96466e-13 2.31201e-13
3.33887e-13 -1.77334e-12 -7.5243e-14
3.31712e-12 -1.29133e-12 -3.80489e-12
-1.82185e-15 1.2118e-14 1.58376e-13
-5.07425e-13 3.83574e-13 4.00801e-15
1.08625e-19 -2.91045e-19 -4.10817e-19
2.12943e-11 -4.60142e-13 2.36758e-12
-1.13733e-12 6.56844e-13 4.42927e-15
-1.00254e-12 -1.7259e-12 2.1797e-13
2.05588e-15 1.36333e-14 -1.79547e-13
1.33628e-12 -1.53514e-13 -2.10333e-13
1.7594e-14 -4.70788e-13 8.87793e-14
1.98252e-12 -8.24947e-13 1.28773e-12
7.54911e-14 3.53002e-13 2.79737e-13
2.67501e-11 -5.63884e-12 2.12496e-12
4.99683e-16 1.62681e-12 -8.50312e-13
-1.17527e-12 2.21191e-12 1.328e-12
-2.29237e-13 -1.29216e-13 -1.18724e-13
1.06445e-13 -1.87711e-13 -3.46822e-14
-1.72267e-20 6.73632e-20 1.98218e-19
-2.79252e-20 6.19043e-20 6.65899e-20
2.0432e-13 -4.30969e-13 1.52343e-13
1.35501e-13 -6.72606e-13 1.77395e-13
6.05006e-12 -1.63773e-12 1.7995e-12
3.92158e-13 -6.51566e-13 -1.17413e-13
-2.35721e-12 -1.28403e-12 8.044e-14
6.17285e-14 -5.10884e-14 1.23483e-13
-2.84437e-15 -5.16021e-13 -2.07404e-13
-4.91653e-13 2.70596e-13 -1.10037e-13
-3.42058e-13 -4.10991e-13 -9.14054e-14
-1.08043e-13 -1.70102e-13 -1.20869e-13
9.72651e-14 -2.85668e-13 7.53318e-14
-1.46541e-11 3.38063e-12 -2.83537e-12
3.88955e-13 -1.46098e-13 -8.58997e-13
-2.27655e-13 -5.7808e-13 3.37525e-13
1.72115e-12 -6.21459e-14 5.51351e-14
5.74838e-13 -8.93293e-13 2.81342e-13
8.51584e-14 5.59405e-13 -9.66466e-13
5.10018e-13 -1.57097e-13 1.4696e-13
-1.34314e-12 -1.44468e-12 1.04661e-12
-6.23897e-13 -9.00197e-13 -3.07184e-13
-1.71309e-12 8.67226e-13 1.13879e-13
-2.27406e-12 -1.24547e-12 8.04717e-13
-3.151e-13 -1.75445e-13 -5.64411e-14
7.98992e-13 -1.4972e-12 5.05754e-14
1.4342e-13 -1.69696e-13 -1.07365e-13
1.787e-15 4.25939e-14 -1.84002e-13
-1.08644e-12 8.70081e-13 1.20803e-12
9.87717e-14 7.28287e-13 -1.57543e-13
-1.52252e-12 1.00074e-12 -2.24224e-13
5.38643e-13 -5.71482e-13 1.75099e-14
5.40747e-13 -1.93918e-13 2.62775e-13
5.06216e-21 1.24264e-20 -1.13869e-19
-6.25264e-13 4.85237e-13 -2.16035e-13
9.24948e-14 -9.16214e-14 -2.05486e-14
-3.0151e-13 2.44055e-13 -5.35994e-14
1.39272e-12 -2.41763e-12 5.08487e-13
-1.94137e-12 4.35476e-13 -6.58847e-13
2.97353e-13 3.60775e-13 1.35262e-13
3.41357e-12 -7.11286e-13 -6.68569e-12
7.34063e-13 4.39409e-13 2.12045e-13
-4.30172e-13 -3.12204e-13 -5.59094e-15
9.49154e-18 -2.09806e-20 -7.24676e-15
-2.11589e-12 -8.87912e-13 6.24888e-14
-2.56696e-12 -7.00988e-13 4.48866e-13
2.90045e-13 -5.63551e-13 -3.04589e-13
-3.03411e-13 2.43419e-13 -3.26447e-13
-4.16027e-13 6.88622e-13 -1.73302e-13
-9.54281e-13 -1.68183e-12 1.60193e-13
1.576e-12 -1.0936e-12 5.14065e-14
4.84607e-13 2.51875e-13 3.28523e-14
-1.31512e-13 -1.28153e-13 4.99156e-14
1.63871e-11 2.7319e-12 6.04933e-13
8.80843e-14 2.4446e-13 8.64491e-15
5.14034e-12 2.49931e-12 -1.05837e-12
-1.01275e-13 -6.37136e-14 -2.81811e-15
-1.42724e-13 2.59922e-13 -1.15055e-13
2.05235e-12 -1.70726e-12 3.16201e-13
5.28813e-14 6.72513e-14 1.38698e-13
-3.91877e-12 3.05802e-12 -3.38911e-13
3.71704e-13 -1.28352e-12 -4.8142e-14
7.97626e-14 -1.81776e-13 -3.60148e-13
4.49211e-13 -1.864e-13 -4.22867e-14
2.11573e-12 1.15293e-13 -1.8722e-13
-1.54657e-12 -1.55502e-12 4.96964e-13
9.57556e-13 -1.61317e-12 2.25534e-13
-1.65598e-13 -1.51442e-13 3.77298e-14
9.69768e-13 -6.18956e-13 -2.7302e-13
1.11396e-13 -9.10797e-13 1.53221e-13
-1.8351e-11 1.09667e-11 -1.20767e-12
-7.22211e-16 -4.78925e-15 6.30733e-14
1.81709e-12 -1.30241e-12 -6.08094e-14
4.64512e-14 6.1233e-15 -1.10588e-13
-7.77821e-14 2.05481e-14 -5.22978e-14
9.74416e-13 -1.5916e-12 -8.40233e-13
6.1074e-14 1.65928e-13 -2.15452e-13
1.80446e-12 1.21685e-12 2.40045e-12
2.82074e-13 -2.9705e-13 1.38592e-13
-8.57274e-13 2.40429e-13 -2.15547e-13
-8.32716e-13 -3.34598e-13 1.15002e-12
-2.64156e-13 -5.63051e-13 1.27847e-13
1.84744e-13 -4.47417e-13 1.54344e-13
-1.76146e-12 4.31082e-14 -7.41e-14
7.16505e-13 -3.74298e-13 7.11979e-14
-9.38321e-13 -1.04927e-12 1.48375e-13
-1.8326e-13 2.05863e-13 -3.61976e-13
4.61323e-19 -4.57e-22 -3.5236e-16
8.23124e-13 -9.06223e-13 2.10866e-13
3.77422e-13 -5.80753e-13 2.91037e-13
-7.05609e-20 2.05505e-20 -4.44476e-22
6.69716e-13 3.26634e-13 -1.19392e-13
3.19835e-13 1.70279e-13 4.03659e-14
3.15332e-12 1.53042e-13 9.49845e-13
1.4367e-13 2.45861e-13 -1.51241e-14
2.32519e-11 -4.25078e-13 1.58294e-12
-3.1041e-12 -1.39954e-12 1.99018e-13
-1.3451e-12 -1.16344e-12 2.21412e-13
-9.46222e-18 -1.58942e-20 7.22451e-15
6.91371e-14 2.18217e-13 -2.34795e-13
-3.49e-13 1.14157e-13 -3.71275e-13
5.05136e-12 -1.76944e-12 -1.0441e-12
2.6717e-13 1.06541e-12 -8.55798e-14
6.89301e-13 -7.83657e-13 2.91309e-14
1.00984e-12 -1.47138e-12 1.90052e-13
-5.45249e-13 1.99068e-13 -1.08361e-13
-9.06927e-13 1.43492e-12 1.78595e-13
-3.04519e-12 -7.87635e-13 -1.54911e-13
3.49569e-13 2.78545e-13 -6.46654e-14
-4.74214e-13 -3.88394e-13 1.09932e-13
1.85736e-13 -1.35418e-12 8.26719e-13
-2.57675e-11 -1.87474e-10 -1.54768e-12
-1.41475e-12 1.01037e-12 -2.5478e-15
8.89672e-13 -3.48699e-12 2.93545e-12
4.42954e-18 2.98823e-20 -3.38226e-15
-1.83036e-12 -5.523e-12 -7.56255e-12
4.45351e-13 -1.1371e-12 -7.88998e-13
1.73959e-20 4.13177e-20 9.58559e-21
4.65605e-14 -4.71529e-14 2.43105e-14
2.42696e-13 5.82974e-13 -9.58686e-14
-2.73991e-13 4.12859e-13 -3.20461e-13
5.45311e-15 9.27344e-15 -8.75788e-14
2.56604e-12 1.68819e-12 9.81879e-13
-1.06123e-12 -8.67419e-13 1.73362e-13
6.3157e-14 -4.1909e-14 3.0399e-15
2.59346e-12 5.36824e-14 1.20679e-13
-1.41515e-13 -4.83411e-14 -1.76272e-13
5.08656e-14 1.10479e-13 -4.20668e-14
1.10119e-12 1.88267e-12 -6.2712e-13
-6.43472e-13 -1.37673e-13 -3.62817e-13
1.33785e-12 -2.05355e-12 -1.06745e-13
1.13291e-12 -1.85495e-14 1.41299e-13
-2.98472e-13 -1.11252e-13 1.14123e-13
-2.69737e-12 -9.96697e-13 1.16664e-12
-1.07647e-12 -4.22276e-13 -1.82504e-13
1.20917e-13 1.34495e-13 2.16351e-13
2.41877e-13 1.50091e-13 -5.40187e-14
2.47907e-13 -4.23663e-13 -2.99526e-13
2.25769e-13 -4.24371e-13 -2.16558e-13
-1.33814e-12 1.68359e-12 4.6463e-13
2.22154e-14 1.47591e-13 5.56135e-14
-1.10873e-11 5.80821e-13 -5.09122e-13
-2.85624e-13 1.11085e-12 -7.78029e-13
1.57886e-13 -6.08882e-14 9.31643e-14
1.32427e-12 -1.49174e-13 -1.29638e-13
-3.57792e-13 1.75315e-13 2.10393e-13
1.99523e-12 4.86873e-13 -1.18397e-13
9.4911e-18 -8.85859e-22 -7.24676e-15
-1.62745e-12 -6.53386e-13 3.65883e-13
4.18044e-13 -8.133e-13 -2.04158e-14
-2.60219e-12 6.86065e-15 -8.41967e-13
-5.64029e-14 -1.80527e-13 -2.14426e-13
-8.3977e-14 1.59262e-13 -3.30816e-13
8.03326e-14 1.42129e-13 3.51381e-14
2.90688e-11 -4.83572e-11 -1.18477e-12
-1.68462e-12 -1.20359e-12 7.74863e-14
-1.41127e-13 5.40366e-14 -6.58399e-14
-1.04507e-15 4.15214e-14 1.05847e-13
-4.05072e-14 -1.43537e-13 -7.96168e-14
2.20234e-13 -3.11129e-13 5.87458e-14
1.91082e-14 2.43887e-13 -3.34713e-14
-1.43152e-13 -1.1765e-12 -2.48901e-13
-5.53458e-13 1.01374e-12 5.96952e-14
3.38238e-13 1.19071e-13 9.71697e-14
-3.88397e-13 2.49936e-13 -2.09862e-13
1.71688e-13 1.43702e-13 1.80444e-13
2.43035e-15 -1.61686e-14 -2.11313e-13
-1.26942e-13 1.94706e-13 -2.12983e-13
-4.51213e-13 1.71387e-12 -7.7692e-13
1.01371e-12 -9.06147e-13 7.72501e-14
-1.70726e-12 -1.41839e-12 -4.82477e-14
1.07829e-17 4.7786e-20 -8.23297e-15
-9.56829e-13 -1.14581e-12 2.22004e-13
-4.51444e-21 5.03492e-20 9.53608e-21
3.14244e-16 1.24923e-14 6.82277e-14
8.14783e-13 -3.751e-13 1.89869e-13
1.00927e-11 1.6558e-12 3.70791e-12
-5.16474e-13 -4.56883e-13 5.93549e-14
3.00744e-14 3.34641e-13 -2.68536e-13
4.56009e-13 -8.74333e-13 7.33063e-14
8.9304e-13 -4.28035e-12 8.61958e-13
3.0637e-13 -2.49388e-13 -1.45522e-13
-1.40802e-12 -4.19829e-13 -2.099e-13
-2.91438e-14 5.1698e-13 -1.85304e-13
1.05847e-17 -3.22313e-23 -8.08106e-15
-1.78919e-13 5.06344e-14 -3.19948e-13
2.6747e-13 -3.48376e-13 5.05245e-14
1.52736e-15 -3.68192e-14 -1.58619e-13
-1.46611e-12 1.35871e-13 -7.64074e-14
3.19084e-13 2.99588e-13 1.77544e-13
8.13656e-12 -4.10219e-13 -1.38915e-11
-4.40932e-12 -7.53206e-13 9.63103e-13
1.32348e-13 -2.12609e-13 -1.13524e-13
1.9171e-13 -1.48304e-13 9.38051e-14
-8.25894e-12 -4.22078e-13 -6.59098e-13
2.77304e-11 -7.55698e-12 6.82821e-13
1.9453e-11 -8.23887e-12 -1.42524e-11
4.83537e-13 -3.91062e-13 9.72283e-14
-2.97893e-12 -2.07508e-12 1.46393e-12
-3.30719e-13 7.48467e-13 1.55289e-13
1.97201e-12 -2.30669e-13 -2.12595e-13
-1.15109e-12 4.01532e-13 2.24221e-13
-5.22255e-13 -7.78552e-13 5.19592e-13
-1.34178e-12 2.1869e-13 2.20116e-13
-3.31615e-12 1.98371e-12 -1.23392e-12
-7.19392e-13 5.70866e-13 -5.63892e-13
-4.98919e-13 3.58017e-13 -1.87855e-13
1.8844e-13 -2.51578e-13 -1.35747e-14
-1.32033e-14 -6.2564e-14 -1.22144e-13
-9.94803e-13 4.0728e-13 -2.69269e-13
-5.82087e-13 1.59711e-12 -5.03412e-13
-4.56744e-13 -8.15652e-13 -1.92213e-13
-5.19901e-12 -1.26344e-12 1.40385e-13
-4.38146e-12 7.77907e-13 5.31232e-14
2.61022e-13 3.96902e-13 -1.35247e-13
-2.06656e-12 1.06592e-12 7.30646e-14
8.25407e-16 7.15016e-15 2.70128e-14
-5.37983e-12 2.09814e-12 4.27349e-13
8.1746e-12 -9.51797e-12 2.19945e-12
-1.30759e-13 -2.48211e-13 -3.83252e-13

VECTORS force float
1.74155e-15 8.39208e-15 2.91853e-15
-1.3136e-18 -2.02763e-17 -1.60431e-17
-2.33235e-18 2.89394e-18 8.48601e-19
-1.66119e-18 -8.94314e-18 -4.94983e-18
5.7366e-18 -2.70093e-17 -1.58057e-17
-1.12672e-17 -4.78317e-17 7.80869e-18
6.46235e-27 4.3148e-26 0.0
3.15617e-17 -1.19179e-17 8.82847e-17
3.45526e-17 9.66118e-18 -4.80363e-17
8.27181e-25 0.0 0.0
2.05838e-17 -5.66422e-18 9.92691e-18
0.0 3.87267e-27 0.0
2.83936e-17 -4.22913e-19 -5.38236e-18
8.55166e-17 -3.47648e-17 -7.761e-18
-1.87561e-17 1.13841e-17 2.2197e-18
3.37004e-17 -2.33718e-18 -5.81695e-18
2.9252e-17 -1.16504e-17 -3.64423e-18
1.15527e-17 -5.07262e-18 -6.59029e-18
1.76626e-18 -3.98094e-18 -1.10358e-18
3.89353e-18 5.00767e-18 -1.55748e-19
1.95156e-17 1.03695e-19 8.06331e-17
3.71789e-17 -1.77724e-17 -3.33661e-17
1.47291e-17 2.34401e-17 1.06073e-17
-1.68933e-17 -2.48943e-18 -1.46963e-18
1.14617e-17 -3.12815e-18 -8.62767e-18
-1.28603e-17 -3.25065e-17 -1.91338e-17
5.58224e-17 -4.70719e-17 -5.97232e-18
5.17884e-17 -1.46027e-17 -3.60637e-17
-6.02068e-18 -6.17482e-18 5.79225e-19
-2.25032e-17 2.01438e-17 -6.89092e-18
-1.11746e-17 -1.38815e-17 -3.01851e-18
2.86276e-17 1.34336e-17 -8.46613e-17
2.14304e-17 2.07754e-17 5.91994e-18
1.4042e-16 -9.59333e-17 -6.17908e-18
-5.84204e-18 -2.70137e-18 1.10006e-18
-2.35772e-18 1.94717e-17 2.95086e-18
1.35981e-18 -1.69632e-17 -4.83407e-18
2.11342e-17 5.72189e-18 -2.66082e-17
-6.46235e-27 -4.34574e-27 0.0
2.87515e-17 2.23394e-17 8.3316e-18
1.18601e-17 -2.67092e-17 -4.24152e-19
6.62611e-17 -1.29928e-17 1.45412e-17
2.58266e-17 2.90921e-17 -3.9672e-17
-1.77769e-16 -5.11437e-18 -1.74294e-18
2.22001e-17 -1.05864e-17 6.20615e-18
-2.46959e-17 1.41623e-17 -7.4748e-19
-1.12617e-19 5.70093e-20 -5.08312e-19
1.30727e-16 6.43332e-17 1.88404e-17
4.50958e-17 3.04e-18 6.94548e-18
2.17895e-17 -4.40372e-17 -1.62097e-17
-7.22793e-17 -1.99826e-18 2.01435e-18
-2.51023e-17 6.13945e-18 -1.91345e-18
3.49168e-18 9.63876e-18 -7.35296e-18
8.6854e-24 -8.27181e-25 0.0
2.0625e-17 -8.29546e-18 1.30384e-17
5.9564e-18 7.63566e-18 1.28418e-18
1.44623e-17 8.60705e-18 -8.99842e-18
6.65666e-17 -9.61044e-17 -3.0602e-17
-1.12229e-17 7.88866e-18 -2.19465e-18
-8.50489e-18 1.9849e-18 2.23462e-18
-3.52445e-19 7.15028e-19 -5.02026e-18
-2.61027e-17 -4.3492e-18 -1.32752e-17
1.3149e-17 -2.54885e-17 -1.18606e-18
0.0 3.14751e-24 0.0
6.35269e-17 -1.54097e-17 -8.47209e-18
5.0458e-23 -1.86116e-23 0.0
9.13389e-18 6.66689e-18 -1.08388e-17
2.11114e-18 -1.63092e-17 2.88578e-17
2.17207e-17 -2.78219e-17 -3.57876e-17
-6.16011e-18 2.14167e-18 -3.63085e-18
1.0093e-17 -3.56517e-17 7.39904e-18
-8.43804e-19 -3.40634e-18 3.51625e-19
2.43553e-17 6.69754e-18 -3.80488e-17
4.90835e-17 2.68882e-17 -6.74305e-17
-2.45555e-17 -3.84481e-17 7.31582e-18
5.13879e-16 -4.28897e-16 -1.50448e-16
-5.28044e-18 -2.93008e-17 -1.29846e-17
-1.11093e-17 -2.57023e-18 4.63235e-18
-6.61744e-24 1.65436e-24 0.0
-2.45227e-18 -7.97337e-18 -2.13889e-19
-4.64115e-17 -4.55318e-17 -6.76606e-17
-6.86633e-19 1.21984e-17 -7.16527e-18
-3.14864e-18 4.76741e-18 1.19948e-17
1.19067e-16 -1.69601e-16 1.1428e-17
-1.26896e-17 1.89577e-17 4.89949e-18
5.81404e-17 -8.23681e-17 -1.34237e-17
8.65916e-18 4.42482e-18 -1.67643e-17
-6.97581e-17 -6.05184e-17 -1.16114e-17
6.79572e-17 -8.55853e-18 -2.23069e-17
-1.20159e-17 1.46579e-18 -2.7608e-20
-4.48423e-18 -2.07894e-17 -7.61456e-19
1.06012e-17 -1.19475e-17 -4.47763e-18
0.0 -1.15095e-27 0.0
-1.58231e-16 1.70083e-17 -2.92526e-17
4.33878e-18 -4.71612e-18 -6.65932e-18
4.1359e-25 -8.27181e-25 0.0
9.58605e-18 -1.85846e-18 4.32498e-18
-2.56748e-17 1.05527e-17 5.40645e-20
-6.35848e-18 4.77432e-18 -2.9293e-18
-8.94105e-18 9.68172e-19 -5.64098e-18
-1.18313e-18 -5.81826e-18 -3.06396e-18
3.79704e-18 -5.09629e-18 9.662e-19
-1.78752e-17 -2.44525e-17 -1.05293e-17
0.0 -5.16182e-25 0.0
4.59987e-17 -1.95015e-17 1.3356e-17
1.57707e-17 5.18947e-17 1.59317e-17
6.55646e-17 -1.679e-16 -4.72373e-18
6.61527e-18 9.80742e-18 -1.67818e-18
-1.79346e-18 -2.32331e-17 1.15999e-17
6.10715e-17 7.72331e-17 1.31257e-16
-3.27091e-17 -1.99407e-17 3.28989e-17
1.01173e-16 8.94531e-17 -5.70444e-18
1.70101e-17 2.64661e-17 -7.37432e-18
-1.14862e-17 6.91086e-17 3.55328e-17
-6.69011e-17 -2.03478e-17 -6.52048e-17
1.91871e-16 -1.31928e-17 5.49415e-18
1.30049e-17 -3.69318e-18 1.12401e-18
-2.39929e-17 6.24071e-18 -1.01105e-17
1.66684e-19 7.97137e-19 -2.15616e-19
6.00169e-18 -1.25969e-17 -1.15218e-17
3.2602e-18 -1.3128e-17 1.62842e-18
-3.34383e-17 -1.13397e-17 -2.03442e-17
1.41369e-17 -4.7534e-18 -3.1293e-18
-1.48368e-17 3.77532e-17 6.2938e-18
2.42447e-17 -3.60716e-17 1.36893e-17
4.05226e-19 -5.38792e-19 1.1063e-18
3.76343e-17 -2.21596e-17 -1.87376e-17
7.47627e-18 -1.58481e-18 -4.06211e-17
2.34973e-17 -1.77749e-17 -1.78774e-17
-1.85668e-17 -2.26227e-17 3.25512e-19
1.60243e-16 -3.52999e-17 1.90302e-18
6.90194e-18 1.57751e-17 -6.68203e-18
1.97511e-17 -2.70799e-17 -6.43306e-18
-3.06414e-17 1.82081e-17 -1.99116e-17
-1.89929e-16 -1.87896e-16 -4.11733e-17
-6.46235e-27 -6.29412e-27 0.0
-4.60033e-17 3.21112e-21 -6.89368e-18
2.22113e-17 -6.71515e-17 -1.34078e-18
5.24142e-17 -2.45499e-17 1.15826e-17
-5.40195e-18 -8.16164e-18 2.92184e-18
-3.63172e-17 -4.63588e-18 5.84064e-18
1.09553e-18 -6.62655e-18 6.74214e-18
-2.29891e-17 -2.90862e-17 3.89e-19
-9.58352e-17 4.67246e-17 -4.1011e-17
-3.66159e-17 9.74792e-18 2.10252e-18
-3.81885e-18 1.33405e-18 8.61538e-19
5.43776e-17 7.61941e-18 -3.06338e-17
-1.30002e-17 -1.0349e-17 -5.03985e-20
-6.46235e-27 -1.83708e-25 0.0
-4.66176e-17 -3.92758e-17 -1.33986e-18
3.06663e-18 -5.10303e-18 2.49197e-18
1.82894e-17 -6.47622e-17 6.45354e-18
9.13926e-18 1.89895e-17 -1.70602e-16
2.873e-17 -2.58997e-17 6.75264e-18
6.01945e-17 -1.14504e-16 3.65546e-17
3.25257e-17 -2.57226e-18 -5.53572e-18
-3.78899e-17 2.13559e-17 -4.48435e-18
2.27676e-17 7.83322e-18 1.85236e-18
0.0 -2.32734e-26 0.0
1.21891e-17 -4.30931e-19 2.76075e-18
1.21949e-16 4.91888e-18 6.72377e-17
9.61081e-17 -2.01264e-17 3.98489e-17
-4.49617e-17 4.404e-17 5.48127e-17
-1.74096e-17 5.3593e-18 5.25372e-19
-1.7173e-17 -2.19395e-17 3.64554e-17
-4.51993e-17 1.09824e-17 -2.30988e-17
-1.90547e-17 -5.39862e-17 -2.56634e-17
-7.86966e-17 -2.36875e-17 2.76422e-17
8.78367e-20 5.45052e-18 -2.40216e-18
-8.27808e-18 8.76082e-17 1.21534e-16
2.59489e-18 5.87973e-18 6.01679e-18
2.38131e-18 5.3191e-18 7.17351e-18
1.62628e-19 2.37583e-19 -7.20574e-20
7.46713e-17 -7.65128e-17 1.03224e-16
-2.00737e-17 8.20616e-18 4.13292e-17
-2.2624e-17 1.4652e-17 -2.92894e-17
1.08901e-17 4.71321e-18 8.45551e-19
-1.3829e-17 4.86098e-18 -3.24279e-18
1.95451e-16 8.68883e-17 -3.11975e-17
-4.19692e-19 -1.72713e-17 -3.53203e-18
2.15201e-17 1.42303e-17 -2.71053e-17
-1.96776e-19 -1.88848e-18 1.05722e-17
1.6592e-16 -7.91859e-17 -1.93448e-17
3.36764e-17 1.52929e-18 -3.89662e-18
-1.15248e-17 1.71443e-17 -5.00066e-18
-1.30292e-17 1.04286e-17 4.45251e-17
-3.77986e-18 -3.61953e-17 1.40702e-17
6.96871e-18 -2.61632e-17 -5.28856e-18
-2.82534e-17 -7.72169e-19 3.00548e-18
-3.37544e-17 7.83069e-18 -2.18208e-17
1.08283e-18 6.50817e-18 1.47223e-17
-1.5561e-17 3.12236e-18 6.41154e-18
4.97714e-17 -3.73069e-17 -3.53848e-19
-1.86191e-17 -3.36996e-17 -6.7207e-18
4.07289e-17 2.44017e-17 7.5209e-17
-1.6167e-17 2.79203e-17 1.45362e-17
2.01591e-19 1.34827e-17 -5.60328e-18
3.43986e-16 3.8577e-16 8.30078e-16
1.25802e-17 -6.35695e-17 -3.39629e-17
-7.78124e-18 -6.50346e-18 5.24879e-18
8.02749e-19 -1.07712e-17 3.0075e-18
-2.75516e-19 -1.56302e-17 4.46577e-18
3.70238e-17 1.56527e-17 2.47355e-18
-3.21963e-16 -1.96186e-16 2.81474e-16
6.9222e-17 -3.45232e-17 5.60964e-17
-2.91863e-17 -7.87709e-18 -3.29192e-17
3.84053e-17 -4.46924e-17 -7.17346e-17
6.56221e-17 -1.66752e-18 -5.95773e-17
2.21959e-17 -3.48555e-17 2.03723e-17
1.65227e-17 1.09083e-17 3.23965e-17
3.43199e-17 -4.44199e-17 7.95012e-17
2.88991e-17 -4.68085e-17 -3.6275e-17
1.86555e-17 -1.03901e-18 -8.77004e-18
2.03099e-17 8.2951e-18 2.2432e-17
0.0 -5.72619e-24 0.0
2.89229e-17 -3.6932e-17 -3.68375e-17
-2.48404e-17 -7.35439e-18 -2.303e-19
8.13334e-17 -2.20409e-17 3.15227e-17
9.46792e-18 1.31012e-17 7.87291e-19
9.92594e-17 -2.17449e-17 2.34927e-17
-2.48014e-17 -1.13178e-17 1.79169e-17
4.29242e-17 1.98255e-17 -1.85147e-17
1.91194e-17 7.05631e-19 -1.64233e-17
-2.76205e-17 -1.65136e-17 -1.04061e-18
-7.25357e-17 -5.9168e-18 1.60057e-17
0.0 -9.13402e-27 0.0
-3.24959e-17 3.24342e-17 9.0195e-18
0.0 6.393e-25 0.0
-2.93595e-18 -7.65202e-18 -1.98186e-17
1.85725e-16 9.94295e-17 -5.96284e-17
1.3102e-16 -5.85e-17 -2.23541e-17
-4.0842e-24 9.51258e-24 0.0
1.45688e-17 -6.28296e-18 3.48935e-17
6.19687e-18 -3.57648e-18 2.04738e-18
-1.28061e-16 6.02253e-17 6.44975e-18
4.38161e-17 -2.73115e-17 7.31838e-18
-1.65436e-24 0.0 0.0
-2.9691e-18 -1.68972e-19 1.55174e-18
-7.04288e-19 -1.02893e-18 3.12046e-19
1.12656e-17 6.03915e-18 2.19217e-18
1.06331e-16 -3.54089e-17 -1.86e-17
-3.01433e-20 -6.65066e-18 -9.58735e-20
-1.12397e-17 -4.64942e-18 1.85298e-19
-1.29274e-16 -4.37358e-17 -1.46176e-17
3.94579e-17 3.78904e-18 -4.32766e-17
1.51477e-23 -2.89513e-24 0.0
6.95783e-17 -4.17636e-18 1.14668e-16
7.55606e-19 4.8725e-18 3.89794e-19
1.64968e-17 1.72147e-17 -3.43896e-18
1.31477e-17 4.31454e-18 1.82664e-18
2.78846e-17 3.36386e-17 -2.48045e-17
-7.85822e-24 4.1359e-25 0.0
5.25672e-18 3.01833e-18 -1.46928e-18
9.1857e-18 4.81493e-18 2.12869e-17
4.84797e-17 -5.13618e-17 7.66969e-18
-6.51641e-18 -1.08804e-17 -1.38526e-17
0.0 -2.27949e-26 0.0
3.37846e-17 -6.26728e-18 1.16177e-16
-3.58494e-17 6.1857e-17 9.46301e-19
4.00866e-17 3.38056e-17 3.54789e-17
-6.07586e-17 4.17505e-18 1.95443e-17
-2.25995e-18 6.47973e-18 4.74933e-18
-4.5277e-18 1.55091e-17 1.19242e-17
2.74703e-17 9.95232e-18 1.26801e-18
7.49083e-17 -2.48733e-16 -1.43073e-16
9.42271e-17 -6.59411e-17 -2.28297e-18
1.10037e-17 -4.70293e-17 -2.5753e-17
1.56519e-16 1.76549e-18 9.50358e-18
2.93428e-17 -6.7673e-18 3.20605e-18
1.13116e-18 8.67119e-18 -1.43703e-17
1.08046e-16 -7.65289e-17 2.97835e-17
1.31584e-17 8.87929e-18 -7.58395e-18
-3.29707e-16 -1.10295e-16 -6.6812e-17
-1.48045e-16 1.20789e-17 -9.45172e-17
2.15262e-16 -5.31301e-18 -2.1819e-18
-6.33181e-18 2.69343e-17 9.9886e-18
-4.77976e-17 -2.961e-18 8.42438e-18
3.88982e-16 1.15106e-17 -7.86527e-17
-4.36455e-17 2.44343e-17 -1.05191e-19
-1.32059e-17 -4.54997e-17 -1.10456e-18
2.84992e-17 -1.80996e-17 1.53394e-17
-9.82288e-17 1.39698e-17 -2.45367e-17
-7.73738e-18 -4.65808e-18 -5.5054e-18
2.25561e-17 -6.17969e-18 -1.34928e-17
-9.91945e-17 -2.40691e-17 1.51198e-17
-1.345e-17 2.96035e-17 -4.06085e-18
1.09797e-16 -1.29226e-16 2.37084e-17
-2.95341e-17 5.21718e-18 2.37438e-17
-1.14546e-17 3.15239e-18 -7.34722e-19
-2.09143e-17 -1.0344e-17 9.55056e-19
-2.54725e-17 9.99587e-18 3.22845e-17
-1.48945e-17 4.08021e-17 2.01268e-17
-3.81985e-17 9.82163e-17 4.85671e-17
6.29557e-17 -2.51488e-17 1.10342e-18
3.91878e-17 -8.52275e-18 -8.47404e-19
4.59391e-19 -5.53498e-18 2.35713e-20
1.50777e-16 2.95294e-17 4.87468e-17
1.22865e-18 -2.24727e-17 -2.52293e-18
4.11866e-17 8.61617e-18 -1.80508e-18
2.89187e-17 -1.59802e-17 1.28345e-17
3.35536e-18 1.5169e-17 8.78676e-18
1.41039e-17 -8.23267e-18 -2.32413e-18
5.53635e-17 -5.04764e-17 -4.58162e-17
7.20439e-18 -2.33687e-17 -1.2802e-17
7.78461e-18 -3.20545e-18 5.46004e-17
3.4473e-17 -1.14405e-17 -4.08487e-17
-2.64504e-17 5.74434e-19 -2.88766e-17
6.04422e-18 4.20565e-18 1.96676e-18
5.60691e-17 -3.24149e-19 -1.64007e-17
-2.45034e-17 -2.00065e-17 -5.60059e-18
2.51919e-18 1.51421e-18 4.4626e-17
3.8155e-17 -6.62906e-17 -2.54258e-18
2.94152e-19 -7.68855e-18 1.27729e-18
1.95318e-18 5.69894e-18 8.31583e-18
-2.36903e-17 2.2252e-17 -7.27619e-18
-1.57167e-17 1.26697e-17 1.2618e-17
3.13245e-17 -2.92058e-17 -1.33193e-17
-8.08488e-18 3.86058e-17 4.52935e-17
-1.27501e-17 -2.64156e-17 -1.08373e-18
-3.9001e-17 1.75015e-17 -1.29911e-17
5.82433e-17 -1.88275e-18 -4.9046e-17
6.83547e-18 1.21345e-16 6.63943e-18
5.57168e-16 -6.88685e-17 2.47625e-17
-8.26078e-18 -2.94939e-17 -1.00206e-17
4.28077e-18 5.90465e-18 1.29643e-17
5.67538e-17 -1.12274e-16 3.54126e-17
-2.45916e-17 -7.54396e-17 -3.59975e-17
-1.77663e-16 -3.81274e-17 -2.77571e-17
2.18797e-17 -1.55738e-18 -9.79901e-18
-4.583e-17 -1.54384e-17 -3.96396e-18
4.10779e-17 -1.75021e-17 -3.05222e-18
7.5795e-17 1.59635e-16 4.02407e-18
-2.35046e-18 1.85306e-17 -7.20448e-19
3.02315e-17 -4.6002e-18 -3.41718e-19
3.38964e-16 1.52742e-16 -7.73235e-19
-3.99265e-17 -3.73158e-17 -2.8253e-17
1.70593e-16 -6.91219e-17 -4.90872e-17
-9.19269e-17 -2.85452e-18 -4.01911e-17
0.0 1.30087e-24 0.0
1.05771e-16 3.65485e-17 9.59764e-17
-1.42665e-17 1.56794e-18 8.88012e-18
-1.78984e-17 -1.81866e-18 -3.81713e-18
-1.20638e-17 -1.09813e-17 -2.20032e-17
9.98237e-17 -3.49e-17 -1.06787e-16
-1.08857e-16 -1.3315e-17 -1.71546e-16
4.60771e-17 -3.76296e-17 2.16984e-17
-2.79072e-17 -8.90552e-17 -6.4851e-18
1.68664e-17 -8.61861e-18 -4.94604e-18
-1.2584e-17 1.04837e-17 3.03088e-17
-5.72985e-17 1.12738e-17 7.23027e-18
6.4365e-23 0.0 0.0
1.81422e-16 -2.18609e-17 3.09726e-17
5.1941e-17 2.3518e-17 1.88518e-19
-1.54321e-17 -6.13327e-18 2.70539e-17
1.92244e-18 4.71521e-18 1.22218e-17
6.47729e-23 0.0 0.0
8.90504e-18 -6.11794e-17 1.51406e-17
1.2564e-16 1.68869e-17 -1.55231e-17
2.82375e-18 -7.50427e-19 4.63437e-19
-2.43468e-17 9.80423e-17 -4.91305e-17
2.91262e-17 -4.17475e-17 -4.15731e-17
6.61744e-24 -3.30872e-24 0.0
3.8255e-17 1.33625e-17 -2.40224e-18
1.02059e-16 5.65325e-17 4.98838e-17
-9.49111e-17 4.12964e-17 1.74469e-17
-1.00536e-16 3.478e-17 -2.52997e-17
-7.85775e-17 9.49203e-17 -2.86265e-18
7.53031e-17 -3.20908e-18 5.20509e-17
-1.16408e-16 3.06288e-17 -6.01732e-17
5.40616e-18 1.24767e-17 -5.70391e-19
1.65687e-17 6.89169e-18 -5.06565e-21
-1.31715e-16 1.69154e-16 -1.33245e-16
5.17655e-17 1.88697e-17 5.37369e-17
4.13003e-17 -9.18883e-17 -1.63472e-17
-9.17823e-17 6.56367e-17 -1.42738e-16
3.15272e-19 -3.47207e-17 7.99173e-18
6.27552e-17 -1.92512e-17 8.36911e-18
1.07547e-16 -2.12204e-17 1.09088e-16
-2.75526e-17 -2.06887e-17 -8.99272e-18
6.27628e-18 -2.42756e-18 2.89348e-17
-3.244e-16 -3.10248e-16 -2.93183e-16
-6.70844e-18 -2.18047e-17 2.93656e-19
8.05128e-20 -6.30352e-17 2.89054e-17
-1.7393e-17 5.16439e-18 5.4929e-18
2.01519e-17 -2.89084e-17 -8.47224e-18
4.56966e-17 4.17931e-19 -1.68758e-17
1.01931e-16 -2.59664e-17 8.84174e-17
0.0 -8.49112e-26 0.0
-2.0643e-16 -6.47988e-17 -1.19254e-17
1.60709e-16 -1.35126e-16 1.90495e-17
2.84951e-17 -7.35148e-20 1.57886e-17
-9.87418e-17 9.32644e-17 -1.08714e-16
9.77954e-18 -9.58644e-18 -2.2306e-18
3.73628e-18 8.12257e-18 6.19455e-18
4.21355e-17 -1.30999e-17 -6.76833e-18
7.2325e-17 -4.12252e-18 1.22837e-17
-4.21767e-17 2.40404e-18 1.59368e-17
-1.20008e-16 -2.95125e-17 -2.12309e-17
-8.67305e-18 8.90046e-19 8.84779e-19
-1.68427e-17 -8.68611e-18 4.56531e-18
1.10908e-17 -5.0805e-17 -2.98041e-17
5.33748e-17 -2.05357e-17 3.28938e-17
7.70787e-17 3.30173e-18 -9.76925e-18
-9.90824e-18 1.05811e-17 -2.62048e-18
9.74638e-18 1.68095e-17 2.05583e-18
-6.6678e-17 9.43369e-18 -3.37546e-17
6.46235e-27 6.11795e-24 0.0
-8.6048e-19 -6.18983e-17 2.41635e-18
-3.20725e-16 5.92925e-16 1.97751e-16
3.0551e-17 -2.56092e-17 6.73078e-18
-1.62569e-17 -6.72311e-17 5.12593e-18
1.80217e-17 3.16918e-18 -2.9406e-17
5.54345e-17 -1.0988e-17 -6.35815e-19
2.33722e-17 1.30433e-17 2.30162e-17
-8.99111e-19 1.10294e-18 -7.88376e-19
0.0 0.0 0.0
1.04317e-16 -6.37643e-17 4.87944e-17
3.27054e-18 3.90116e-17 9.78752e-18
1.04452e-16 2.92829e-17 -1.36122e-17
-5.85738e-17 -4.39547e-18 5.9456e-18
8.47202e-18 1.83713e-17 -2.02871e-17
4.45387e-16 -5.76526e-17 4.29102e-17
3.44028e-17 -4.34523e-17 2.92105e-18
9.88795e-17 -2.63288e-17 3.93398e-18
-6.24981e-17 1.62329e-17 -5.60131e-18
-3.16903e-17 7.47641e-18 -1.84621e-17
6.0015e-17 2.51037e-17 1.10365e-17
-7.92982e-18 1.18421e-17 -6.30579e-18
-1.46338e-18 -3.46856e-18 2.23237e-18
0.0 6.67562e-24 0.0
-1.51415e-17 1.13411e-17 1.91188e-18
2.9742e-18 -1.02462e-17 -3.00367e-17
-1.3271e-17 4.09868e-18 -8.08444e-19
3.58351e-17 5.14713e-17 -1.32744e-17
6.77246e-17 1.24e-17 -2.5333e-17
6.65714e-17 -1.40311e-17 1.89694e-18
1.05754e-17 2.29973e-17 -3.24678e-18
-5.10458e-17 -4.86538e-18 5.33566e-18
1.43194e-16 -1.25764e-16 1.03119e-16
-4.25187e-17 -1.01554e-17 -2.17185e-19
-6.64857e-18 -3.16964e-17 -5.53081e-18
-4.24613e-17 -2.66301e-17 1.34791e-17
-2.67882e-17 -2.7293e-17 5.14377e-17
-1.08805e-16 -9.51959e-19 -2.18659e-16
-6.63567e-17 6.61153e-17 -2.15828e-16
-1.574e-17 -2.91341e-18 2.24703e-18
4.21078e-17 -9.31081e-17 -7.29031e-19
2.78924e-16 1.82117e-17 -3.99781e-17
7.93576e-23 1.65436e-23 0.0
-1.24168e-17 -3.33097e-17 -1.4298e-17
-1.29247e-25 0.0 -6.61744e-24
-1.08567e-24 0.0 0.0
-3.49937e-16 1.26764e-16 -1.91674e-16
2.96616e-17 1.10966e-17 6.3177e-18
2.42527e-17 1.41903e-16 9.58142e-18
2.14465e-16 -9.60707e-17 4.10751e-17
5.96869e-17 1.40596e-16 1.46866e-16
7.77987e-18 2.90388e-18 4.35699e-18
-2.15417e-18 -2.71618e-17 1.54624e-17
5.99519e-18 -1.01432e-17 -7.37018e-19
1.30167e-16 3.30317e-17 2.20037e-17
5.41102e-16 1.53907e-16 9.81772e-17
-3.88145e-18 7.58996e-18 1.02955e-17
5.04831e-18 -3.22504e-19 -1.53872e-18
1.36013e-16 8.77735e-17 2.40018e-17
1.20801e-16 -4.6819e-17 -3.4494e-17
9.3468e-17 1.30302e-16 2.26331e-16
2.65206e-17 -4.32159e-17 3.9227e-18
1.27014e-17 -2.54909e-17 -3.07277e-17
-1.31502e-18 2.42043e-18 3.78109e-17
2.76967e-16 -2.39111e-19 1.71231e-17
9.85083e-17 -3.3253e-17 1.21473e-16
0.0 1.65436e-24 0.0
4.47903e-18 3.60503e-17 2.1958e-17
1.92968e-16 -3.15446e-16 -5.66939e-17
3.42409e-17 5.12752e-17 2.9143e-17
5.70056e-16 3.53184e-16 2.24247e-17
1.56383e-16 5.3112e-17 7.55823e-17
7.29997e-18 -2.89881e-18 -9.1776e-18
-1.49926e-23 1.24077e-24 0.0
7.57573e-17 -5.07872e-18 -1.85227e-17
4.49482e-17 -1.50414e-17 2.1388e-17
7.40353e-19 -8.54987e-17 -2.45891e-17
-3.78446e-18 1.05478e-17 8.3671e-20
6.92973e-17 -7.27958e-17 -3.04539e-17
1.83141e-17 8.3519e-17 -1.47645e-16
9.63422e-17 -5.19161e-17 2.66864e-17
-6.17811e-18 -2.25145e-17 -1.13335e-18
5.96123e-16 -1.43136e-16 -1.09208e-15
7.70911e-18 -3.66079e-17 -3.20577e-18
3.36149e-17 -7.36907e-18 -4.97042e-18
1.70095e-16 1.88538e-17 9.57685e-18
-5.63015e-17 7.16457e-18 3.31412e-17
-3.99964e-18 6.41168e-18 2.06675e-18
-3.85159e-16 9.97372e-16 2.10289e-16
2.7154e-18 1.4181e-17 -2.41015e-17
5.23742e-17 -4.98574e-18 1.04927e-16
-3.22605e-17 2.27412e-17 -5.20168e-17
-1.84048e-23 2.77106e-23 0.0
-3.19215e-17 5.65215e-17 -7.34883e-18
-3.96474e-19 -2.92573e-17 -9.22459e-19
-9.63017e-18 4.31292e-17 -6.50006e-18
-4.77095e-18 -1.17874e-18 2.89586e-19
-5.95802e-17 1.59018e-17 8.96097e-17
9.90167e-17 3.65029e-17 3.5308e-17
-7.12455e-17 5.80241e-17 -2.76515e-17
-8.43843e-18 8.53607e-18 1.01605e-17
0.0 -1.21916e-26 0.0
-7.54278e-18 3.9127e-17 1.64558e-17
-8.83478e-18 3.23706e-17 8.04162e-18
-1.18616e-16 -4.07827e-17 -6.54439e-18
8.34603e-18 5.79232e-18 -2.61343e-17
8.96621e-17 1.82807e-17 1.53045e-17
2.55575e-16 -2.985e-17 5.6418e-17
2.51254e-17 -9.9369e-19 8.87666e-17
3.6712e-17 -5.07296e-17 -1.87357e-17
6.31598e-18 -7.4072e-18 5.02996e-18
0.0 -2.06795e-24 0.0
1.31573e-17 7.14496e-18 1.07612e-17
3.77085e-18 -2.02542e-17 -6.36978e-18
-2.02199e-17 4.55383e-17 6.26022e-18
8.61935e-18 -1.76069e-17 2.85832e-17
2.26661e-16 1.6233e-16 1.10396e-16
-3.80704e-18 -8.43172e-18 8.99243e-18
-2.70582e-17 -8.97279e-19 -3.68353e-18
1.90963e-17 1.48635e-17 -1.48753e-17
4.03508e-18 3.68257e-17 -5.95062e-18
2.49415e-16 2.15243e-17 4.43238e-17
6.14677e-18 -8.3771e-18 2.8824e-17
0.0 -2.24361e-24 0.0
-2.14272e-16 -2.24049e-16 -5.91229e-17
5.48007e-24 -8.27181e-25 0.0
-9.22977e-17 -4.36304e-17 5.14403e-18
1.08926e-16 -1.0369e-16 1.54444e-17
-5.12227e-18 -3.76359e-18 -3.98521e-19
-1.86257e-17 1.32501e-17 1.6654e-17
2.10201e-17 2.16995e-17 -3.80198e-17
0.0 -1.32761e-25 0.0
1.51401e-17 7.12819e-18 1.47905e-17
1.72454e-18 -4.20148e-17 -1.69428e-18
-3.46078e-17 -3.03673e-17 -2.3184e-17
9.79766e-19 -9.47068e-17 5.86787e-18
-2.08414e-16 3.61446e-17 -8.03579e-17
-4.82364e-16 1.45559e-16 -6.63149e-17
-2.62144e-17 -7.46467e-18 -8.03353e-18
1.02173e-17 -4.54522e-17 -2.41626e-17
-5.42837e-25 1.65436e-24 0.0
-7.21831e-19 6.39051e-18 2.90095e-17
-1.41799e-17 7.21691e-18 2.13092e-18
-1.26546e-16 3.59795e-17 2.67616e-17
2.85136e-17 -4.08403e-17 1.15146e-17
-1.62649e-20 1.05712e-17 -6.87031e-18
-7.94638e-18 -2.39164e-18 2.44845e-21
-2.09373e-16 3.94067e-16 -3.26028e-16
1.41126e-16 7.26615e-17 1.70803e-16
1.97257e-16 -4.0982e-17 -2.24891e-17
-3.81801e-16 -1.53118e-16 -4.80897e-17
5.10942e-17 8.17653e-17 2.079e-17
-2.06096e-16 -3.0083e-18 -6.96262e-17
-2.07871e-17 -2.49018e-17 -1.28758e-17
-5.27368e-17 -7.69073e-17 1.64266e-17
6.61744e-24 0.0 0.0
-2.9003e-23 3.30872e-24 0.0
4.1359e-25 5.79026e-24 0.0
9.39095e-18 -1.84366e-17 -6.14467e-18
-9.64021e-19 5.82523e-18 -2.86041e-18
-1.76437e-17 5.52787e-18 6.65417e-19
2.2545e-17 5.08354e-17 8.44231e-18
6.64104e-17 -8.30088e-18 -4.47686e-18
-6.50088e-18 -5.32803e-17 -1.43777e-17
1.91155e-16 -7.39899e-17 -3.90477e-17
-4.11285e-18 -3.51451e-18 6.2963e-19
-4.84372e-17 -6.02275e-18 3.12582e-18
7.32487e-17 1.56279e-16 -1.06898e-16
1.4424e-23 6.61744e-24 0.0
6.72358e-17 9.32077e-17 2.24291e-17
-1.69952e-16 -1.53052e-16 -2.6854e-16
-5.94394e-17 -6.03717e-17 -4.15598e-18
1.15361e-17 2.06008e-17 -2.39546e-17
2.04535e-17 1.28269e-17 -8.33584e-19
6.11425e-17 5.38565e-17 4.86066e-17
3.89086e-17 6.02124e-18 6.83187e-17
1.47824e-16 8.93361e-17 -2.11207e-17
9.53143e-17 -3.08017e-17 6.38389e-17
4.03347e-16 1.6358e-16 5.25681e-17
-1.76394e-15 -5.56211e-16 -1.63076e-16
1.77414e-16 -8.50267e-17 3.06213e-18
-1.32539e-17 1.12146e-16 -8.06708e-17
2.37955e-17 1.4463e-17 -3.54962e-17
-6.98319e-17 1.66382e-16 4.73916e-17
-3.26277e-17 4.80045e-17 -3.04953e-18
4.29086e-18 -2.3764e-18 8.72753e-18
4.12666e-16 1.53354e-17 7.06651e-17
3.15457e-17 1.21496e-17 6.58319e-18
2.92395e-17 5.05566e-17 2.59322e-17
3.60906e-16 -1.8621e-17 1.21642e-16
0.0 1.21471e-25 0.0
3.1656e-18 -5.76409e-17 3.85913e-17
1.22179e-18 -9.73123e-19 -7.46721e-19
-6.23353e-17 -2.59505e-16 -5.68867e-16
2.28483e-16 -1.2466e-16 -2.88624e-17
-3.10709e-17 2.13753e-17 -1.3641e-17
8.19496e-17 6.41841e-18 3.5243e-17
1.9469e-17 3.62741e-18 1.27461e-16
5.31107e-17 2.08391e-16 -1.39638e-17
6.57336e-18 2.51577e-17 7.92501e-18
1.84048e-23 -2.76072e-23 0.0
6.97231e-17 -1.25666e-16 -1.17557e-16
1.0462e-16 9.05035e-17 1.03228e-16
1.7925e-16 -1.14824e-16 1.37756e-17
-8.27181e-25 -6.61744e-24 0.0
-6.96308e-17 -2.12338e-18 1.62131e-17
-1.90028e-18 -1.95085e-17 -1.07327e-18
5.08745e-18 -8.62809e-18 5.02715e-18
-4.77131e-17 1.79051e-17 1.11473e-17
-2.20161e-17 -7.32607e-18 1.47508e-17
7.12499e-19 -7.18205e-19 1.32491e-17
1.27985e-16 -2.48573e-17 6.00706e-17
4.49416e-18 8.223e-18 -4.84916e-18
0.0 3.30872e-24 0.0
4.06946e-18 5.51828e-17 3.68622e-17
-1.38568e-17 -2.50967e-21 1.9607e-17
-2.68556e-18 9.76213e-18 -2.57938e-18
1.51618e-17 -7.81035e-17 -7.82219e-18
-1.26815e-17 -3.63491e-17 -1.61223e-18
2.09004e-16 -2.27846e-18 5.93835e-17
-6.37355e-17 7.30129e-17 9.25749e-17
-3.23958e-16 4.50494e-17 9.77783e-17
1.08319e-17 2.97305e-18 3.28285e-18
-1.07816e-16 -3.4892e-17 1.40483e-16
-7.56225e-17 2.92404e-18 -1.47552e-16
5.57079e-17 -2.22433e-17 2.2207e-17
1.58239e-17 -1.43252e-17 7.85146e-19
1.11911e-16 6.13633e-17 1.99131e-17
2.06629e-16 -5.92649e-17 1.49113e-17
-1.74243e-17 -6.93229e-17 1.09999e-16
-3.23535e-16 -1.57309e-17 -2.29793e-16
2.06278e-23 5.37667e-24 0.0
-9.83516e-18 -2.7178e-17 -3.21467e-17
0.0 1.24077e-24 0.0
2.30384e-15 3.04307e-16 -4.55419e-16
6.10441e-18 -2.64552e-17 8.55207e-18
9.41921e-18 3.14691e-17 5.4091e-17
-2.34712e-23 2.48154e-24 0.0
6.14066e-17 8.89633e-17 8.28174e-18
1.25042e-17 2.487e-17 -5.25106e-18
4.67625e-16 1.80913e-16 7.17341e-17
-1.82769e-17 -6.49747e-18 2.10503e-18
-1.31042e-15 -7.09184e-16 6.065e-16
2.62715e-17 -3.3195e-17 -5.3752e-18
1.06833e-15 4.5525e-17 4.16861e-16
1.64415e-17 1.04392e-17 8.44174e-18
2.13058e-17 -8.79326e-18 2.58857e-17
1.65436e-24 0.0 1.32349e-23
1.65436e-24 0.0 0.0
1.14909e-17 2.25704e-17 1.19152e-17
-1.90796e-17 5.84001e-18 -9.48742e-18
5.85679e-16 -9.01666e-17 -6.66251e-17
-7.67474e-17 -3.13729e-17 1.9135e-17
-5.13334e-17 -7.69892e-18 6.53974e-17
-8.34399e-18 -1.9119e-17 4.27479e-18
-3.04757e-18 -5.97369e-17 1.74282e-17
-2.13693e-17 -4.69552e-17 -2.42943e-17
-3.42677e-17 -3.54007e-19 5.0685e-18
1.13378e-17 5.86066e-18 7.78029e-18
-8.46759e-18 6.37733e-18 -1.30418e-17
-9.61184e-16 -1.95915e-16 -2.93282e-17
2.88294e-16 1.07245e-16 -1.72564e-17
-9.46343e-17 3.49755e-17 5.64202e-17
3.9326e-17 2.12176e-17 -8.15071e-20
-1.25429e-16 7.55884e-17 5.27393e-17
-7.33989e-17 -1.89314e-17 -1.72757e-17
-1.7106e-17 -1.50018e-17 -7.27942e-18
1.32744e-16 3.51641e-17 2.55979e-17
2.94404e-17 -9.2717e-17 2.07938e-17
3.44978e-17 -4.15835e-18 5.10571e-18
1.30409e-16 1.45483e-18 -7.20703e-18
-2.41078e-17 -4.55892e-17 -8.63558e-18
2.27164e-17 5.12629e-17 2.1882e-18
9.82633e-17 -2.35797e-18 1.52093e-18
3.07608e-23 3.30872e-24 0.0
2.57732e-16 -6.03207e-17 -4.33903e-18
2.09001e-18 5.35351e-17 -8.5786e-18
-1.55147e-16 -4.84649e-17 4.89406e-17
-3.57162e-18 1.48915e-17 -8.00012e-18
-1.25062e-17 4.82368e-17 5.56898e-17
-3.10193e-25 0.0 0.0
-5.83686e-17 1.41623e-17 1.89434e-18
1.77667e-17 -9.29672e-18 1.10636e-17
-2.67477e-18 -1.13678e-17 4.60754e-18
1.79089e-17 -4.09932e-17 -1.67661e-17
-2.41495e-16 5.90294e-16 -1.31611e-16
-2.74652e-17 -2.44062e-17 -1.01124e-17
-5.33691e-17 -6.56355e-18 -5.18274e-17
3.13687e-18 4.0594e-17 3.40094e-17
4.77359e-17 4.97068e-18 5.01563e-18
-6.46235e-27 5.79148e-24 0.0
-7.71065e-17 1.39341e-17 1.77975e-17
4.13588e-17 -8.75729e-18 3.8609e-17
-2.10812e-17 -5.94572e-17 5.00852e-18
-9.07566e-18 -2.03382e-17 -1.08712e-17
5.62212e-19 1.46599e-17 -2.80737e-17
-9.49736e-17 -7.03819e-19 3.94163e-17
-2.95981e-16 8.7859e-17 -2.44862e-16
-5.49336e-18 2.14919e-17 3.57974e-17
-1.88512e-17 -4.15355e-18 2.79119e-17
-3.88779e-17 3.9655e-16 3.42549e-16
2.22641e-17 -5.16963e-17 -3.4127e-17
4.30368e-16 3.32462e-16 1.42826e-16
1.82649e-17 1.0666e-17 -7.7008e-19
-4.73096e-17 -5.87633e-17 -5.72375e-18
9.44045e-18 1.75968e-17 9.7717e-17
-5.34944e-18 2.0842e-17 -2.61164e-17
-1.1283e-16 4.89459e-17 -8.12795e-17
-1.16873e-17 4.70559e-18 -1.1285e-17
1.42728e-16 -1.03467e-16 2.36068e-17
-8.18945e-18 1.3872e-17 2.51197e-17
-3.41913e-17 -2.39396e-17 -3.4451e-17
1.93664e-16 4.26129e-17 -1.20745e-17
5.15776e-17 -2.19861e-17 2.47545e-18
-1.80782e-17 -1.9759e-18 8.67736e-19
-9.45445e-17 -5.06733e-17 3.23184e-17
1.88381e-17 -1.31053e-17 -2.28721e-17
-4.81201e-16 4.10649e-17 -2.73859e-16
-1.29247e-24 -4.1359e-25 0.0
-8.75589e-18 -1.2975e-17 1.28017e-16
2.37813e-17 8.33725e-19 2.53337e-18
-5.64199e-18 3.39262e-18 -6.98161e-18
-7.14553e-17 3.9508e-17 3.94212e-17
1.87564e-17 -5.04913e-18 3.84356e-18
-1.65665e-16 -4.5087e-17 -2.46024e-17
6.82138e-18 -2.72698e-17 -1.76605e-17
-7.08421e-17 -6.81875e-17 -3.92233e-17
2.21144e-16 3.28353e-17 -4.31445e-17
1.47246e-17 -3.26487e-18 -9.94836e-18
1.47061e-17 -2.51102e-17 8.63136e-18
4.26644e-17 -4.81049e-18 1.1642e-17
9.44838e-17 6.48123e-17 5.2574e-17
-7.06998e-18 -5.39946e-17 -3.59769e-17
3.4051e-18 8.36784e-18 1.88344e-17
6.46235e-27 3.30237e-25 0.0
3.52758e-17 1.34718e-17 -8.23503e-18
6.06506e-17 -3.44784e-17 -6.7707e-18
3.30872e-24 3.30872e-24 0.0
-1.35766e-17 2.02372e-18 3.20687e-18
4.90763e-18 3.35505e-17 1.48787e-17
1.35483e-16 1.45417e-16 -4.90291e-17
-1.08261e-17 -2.30414e-18 3.8605e-18
1.6063e-15 7.05449e-16 4.50765e-17
4.12349e-16 3.73312e-16 -8.67082e-17
-1.43046e-16 -1.5437e-17 1.03252e-16
-6.46235e-27 2.76503e-24 0.0
1.90896e-17 1.39448e-18 2.05307e-18
-4.88926e-17 4.68152e-18 7.36022e-18
-1.16767e-16 1.98433e-16 -2.73613e-16
9.68473e-17 -4.77725e-17 -1.80849e-17
-2.69431e-18 -4.7933e-17 6.14925e-18
-3.95183e-17 8.51827e-18 -2.3659e-17
-3.50195e-17 1.68408e-17 -1.24246e-18
2.04277e-16 3.98967e-17 -4.83164e-17
9.95696e-17 7.48619e-17 2.20685e-17
-9.61946e-18 1.65984e-17 4.16703e-18
-6.2796e-18 -4.64912e-17 -1.2876e-17
-4.64365e-17 3.75175e-17 -3.15079e-17
9.7695e-16 4.76254e-15 9.48928e-16
8.45662e-17 -7.63306e-17 -1.29826e-17
-3.40071e-17 -9.85002e-18 -5.77518e-17
1.29247e-26 -4.01437e-24 0.0
2.66676e-16 5.80721e-16 3.2713e-16
-2.64185e-17 3.26585e-17 1.46885e-17
0.0 0.0 0.0
5.58017e-18 1.32751e-17 2.5155e-18
-3.50566e-18 3.8744e-17 1.4639e-17
4.48229e-17 1.4319e-17 3.51009e-17
3.60653e-18 5.77623e-18 -1.66716e-17
2.0052e-16 2.91934e-16 2.77276e-17
-5.45993e-17 -2.12735e-17 6.00875e-18
7.77263e-18 -6.83052e-18 7.13514e-18
-1.56036e-16 -2.17329e-16 -4.97328e-17
2.08534e-17 1.25814e-17 7.97221e-18
4.68471e-18 -7.31346e-18 7.58827e-18
2.51628e-16 -3.80505e-17 -8.01797e-17
1.19033e-16 4.9298e-17 8.47054e-18
-2.72502e-16 -2.69118e-17 3.32506e-17
6.71639e-18 -1.10588e-17 7.07934e-20
-1.36167e-17 2.99288e-17 1.18568e-17
1.7498e-16 7.88331e-17 3.91031e-18
7.08163e-17 5.59935e-18 7.63403e-17
-2.93297e-18 -1.09442e-17 1.81922e-18
4.06915e-18 -3.06474e-19 -2.63778e-18
-1.76554e-17 -7.05061e-17 2.06663e-17
-4.28273e-17 7.15262e-17 -2.09081e-18
6.62646e-17 -6.30765e-18 6.78671e-18
-1.18979e-17 -2.1262e-17 3.65895e-18
-3.67913e-17 2.83317e-17 4.88976e-18
2.7608e-17 -5.7206e-17 1.38495e-17
-3.1614e-17 -8.66595e-18 -1.42581e-17
-3.36208e-17 4.72572e-17 8.65212e-17
-2.85625e-18 1.64569e-17 2.78592e-17
1.95364e-17 -3.43242e-17 -1.42848e-17
-6.46235e-27 3.28151e-25 0.0
-9.0811e-17 6.37485e-17 1.85601e-17
5.69687e-18 -1.46902e-17 7.98645e-18
6.25146e-17 6.64949e-17 4.13198e-17
1.34536e-17 4.1945e-18 7.03122e-18
-6.05174e-17 -1.58732e-18 4.64856e-18
7.03576e-18 1.74991e-17 -2.32405e-18
-5.64383e-16 1.15555e-15 9.54338e-16
2.24617e-16 8.85169e-17 -1.01643e-16
-3.47349e-19 -4.36012e-18 -1.09275e-17
-1.37777e-22 -3.30872e-24 0.0
-6.87188e-18 -3.5465e-18 -4.21411e-18
4.4219e-17 1.18349e-17 -1.78531e-17
-5.73734e-18 -3.13666e-17 -3.83434e-18
-2.45375e-17 -3.62586e-18 2.74747e-17
-9.14942e-19 -2.09949e-17 4.98515e-17
1.73489e-18 -2.82298e-17 -8.86559e-19
-2.30018e-18 -2.58236e-17 -1.9379e-17
6.03451e-18 -1.79943e-17 1.27769e-18
1.54579e-22 2.5229e-23 0.0
6.0116e-19 -3.45356e-17 1.97094e-19
-5.75823e-17 -9.27463e-18 -7.78122e-17
-1.11599e-17 3.52107e-17 6.20213e-17
2.01951e-16 -2.45029e-17 4.25749e-17
0.0 1.15489e-23 0.0
8.76815e-17 2.94439e-17 -1.02152e-18
0.0 0.0 0.0
-7.25118e-18 -6.46837e-18 -4.14393e-18
-3.0704e-17 -3.32021e-17 -1.63558e-17
7.45131e-16 6.21069e-17 3.51901e-16
-8.05416e-18 3.17171e-17 -8.25811e-18
-2.43769e-17 -2.61039e-17 -4.48147e-18
-9.64064e-18 1.44374e-17 3.05231e-18
1.25409e-17 -7.54194e-17 2.88059e-17
-3.42041e-17 -5.54356e-18 1.83247e-17
1.64415e-17 -6.78142e-17 4.19933e-17
4.37565e-18 1.12521e-17 2.30241e-18
0.0 -1.06615e-26 0.0
-3.74892e-17 3.73969e-17 5.61538e-18
-1.14327e-17 -2.84737e-17 1.70258e-17
6.46235e-24 1.65436e-24 0.0
6.79757e-17 -6.0917e-17 -2.70419e-17
-2.29982e-17 -4.30325e-17 5.22484e-17
-1.14774e-16 -6.76662e-17 1.17403e-16
1.02278e-16 -2.17269e-17 6.33576e-17
1.27687e-17 -8.25462e-18 5.31481e-18
8.68076e-18 2.02414e-17 1.55719e-17
-6.3703e-16 -1.95707e-16 8.81418e-17
-2.78694e-16 -7.30944e-16 -6.96096e-16
1.43116e-15 -2.21844e-16 -5.98501e-16
-1.80964e-17 -9.55294e-18 -6.93442e-18
1.77288e-16 1.50495e-17 -1.69936e-17
5.80672e-17 -2.82443e-18 4.27404e-17
-5.82137e-17 -3.12849e-17 -5.6515e-18
-8.37177e-17 1.65875e-17 1.30004e-17
1.88007e-16 9.24403e-17 1.50296e-17
-4.19432e-17 -5.63054e-17 2.69847e-17
1.74736e-17 3.53497e-16 1.328e-16
-2.31119e-17 7.37845e-17 4.20429e-17
7.67304e-18 -6.56577e-18 -3.30123e-17
-2.17971e-17 -5.35e-18 -7.56315e-18
2.76555e-17 1.86811e-17 1.22766e-17
-5.53256e-18 -4.55291e-18 5.0096e-17
-2.29459e-16 -3.43863e-17 4.71918e-17
7.28981e-18 -5.99531e-18 8.7868e-18
-4.30993e-17 -4.42244e-18 2.50628e-18
-1.57337e-16 -2.3724e-16 1.57201e-16
-4.3627e-18 1.28276e-18 -1.56534e-18
6.93765e-17 -9.5364e-17 1.99017e-17
6.12547e-18 4.49692e-18 1.41334e-18
-5.55437e-16 -3.5005e-16 -2.49488e-17
2.9909e-16 -4.54129e-16 -1.55446e-17
2.46847e-17 -7.80188e-17 -8.45061e-18
