# vtk DataFile Version 3.0
LIGGGHTS particles timestep 75800000
ASCII
DATASET POLYDATA
POINTS 885 float
0.342596 0.0156615 0.00893356
0.361705 0.0203418 0.00716297
0.348999 0.0160645 0.00829886
0.359854 0.0153013 0.00958067
0.344448 0.016874 0.00795258
0.354642 0.0151626 0.00964591
0.357185 0.0230756 0.0103984
0.355297 0.0183544 0.00704671
0.354979 0.0173409 0.00748048
0.366312 0.0165748 0.00793861
0.366506 0.0173028 0.00745151
0.365952 0.0154171 0.00914194
0.355617 0.0168154 0.00771179
0.355321 0.0161483 0.00836161
0.365892 0.015373 0.0094325
0.354202 0.01516 0.00975723
0.36132 0.0185838 0.00708336
0.361398 0.0181225 0.00706171
0.366972 0.0181895 0.00707091
0.366575 0.01755 0.00729627
0.361786 0.0172006 0.00751824
0.360835 0.0161607 0.00814968
0.355582 0.0173289 0.00744892
0.349082 0.0190271 0.00709549
0.366074 0.0155985 0.00859315
0.343147 0.0173261 0.00751229
0.360035 0.0156533 0.0088317
0.36069 0.0168295 0.00773331
0.360878 0.016632 0.00785825
0.350901 0.0177464 0.00724746
0.355322 0.0190495 0.00717275
0.366924 0.0178933 0.00707304
0.355485 0.0168494 0.00797904
0.358721 0.0159394 0.0141741
0.353185 0.0150578 0.0124558
0.366658 0.0178182 0.00718983
0.365998 0.015461 0.00884871
0.366247 0.0163314 0.00810163
0.361197 0.0204501 0.00717366
0.362098 0.0181699 0.00705925
0.358663 0.0161376 0.0143916
0.366871 0.0189758 0.00706872
0.338844 0.0161819 0.00796979
0.347688 0.0150414 0.0102076
0.353248 0.0148584 0.0122332
0.360755 0.0170788 0.00757969
0.353811 0.0152011 0.00972515
0.366406 0.0168119 0.0077808
0.347543 0.0146493 0.0107929
0.360328 0.0166119 0.00786324
0.360573 0.0175618 0.00727791
0.360156 0.0160256 0.00837706
0.362173 0.0187623 0.00708024
0.366446 0.0170586 0.0076148
0.361482 0.0205439 0.00717528
0.3564 0.0174695 0.00732956
0.353735 0.0151038 0.0100129
0.355787 0.0178895 0.00717718
0.360293 0.0163584 0.00801979
0.36094 0.0192792 0.00712017
0.361224 0.0173862 0.0073956
0.361227 0.0193713 0.0071202
0.36162 0.0186924 0.0070834
0.354181 0.0160412 0.00819338
0.353907 0.0150044 0.0102537
0.354886 0.0152448 0.00937869
0.360688 0.0181059 0.00710057
0.360909 0.0179056 0.00706939
0.354063 0.0157821 0.00901506
0.361255 0.0207357 0.0072441
0.361657 0.0179746 0.00709894
0.358459 0.0168236 0.014935
0.366687 0.0180948 0.0070778
0.353393 0.0146073 0.0114741
0.349637 0.0190796 0.00702351
0.355032 0.0161986 0.00830043
0.361355 0.0199567 0.00714769
0.356489 0.0169222 0.00779844
0.360749 0.0183996 0.00709232
0.361805 0.0182323 0.00706012
0.357375 0.0211049 0.00743611
0.362341 0.0176698 0.00723521
0.354867 0.015566 0.0089011
0.356083 0.0166269 0.00802378
0.343796 0.0168097 0.0078856
0.355551 0.0160326 0.00855044
0.358337 0.0172698 0.0151907
0.355636 0.016235 0.00834603
0.360407 0.015885 0.00846315
0.356292 0.0180055 0.00705924
0.366182 0.0160885 0.00826545
0.366116 0.0158449 0.00842741
0.361489 0.0172402 0.00748965
0.361034 0.0184927 0.00709725
0.350744 0.018441 0.00701581
0.366748 0.0183887 0.00707803
0.362163 0.0184628 0.00706559
0.361039 0.0171644 0.00753049
0.353441 0.0149483 0.011367
0.361202 0.017923 0.00717443
0.354276 0.0154864 0.00885729
0.354573 0.0155288 0.00886046
0.3613 0.0170408 0.00761068
0.350207 0.0165732 0.00771817
0.362088 0.0174169 0.00738836
0.361385 0.0188782 0.00709535
0.354767 0.0166654 0.00811441
0.349072 0.0176896 0.00731842
0.360857 0.0176474 0.00722869
0.354417 0.0169805 0.00769536
0.35538 0.0170815 0.00758806
0.354437 0.0154007 0.00909523
0.357286 0.0216717 0.0146659
0.359906 0.0152831 0.00928593
0.360097 0.0158391 0.0086044
0.354698 0.0159297 0.00844475
0.353321 0.0148722 0.0119403
0.361291 0.0196639 0.00713394
0.361099 0.0187857 0.00709579
0.36046 0.0171398 0.00785456
0.360811 0.018693 0.00709624
0.362398 0.0181744 0.0070489
0.348522 0.0163075 0.0080262
0.360458 0.0171105 0.00755601
0.358529 0.0165821 0.0147711
0.33654 0.0162066 0.00811103
0.361596 0.017002 0.00763874
0.355599 0.018452 0.00708638
0.354034 0.0150876 0.00999489
0.356196 0.0185933 0.00715571
0.348917 0.0168573 0.00757929
0.360641 0.0173137 0.00743253
0.349306 0.0195585 0.00717317
0.360924 0.0173994 0.00738332
0.349562 0.0181686 0.00712714
0.354995 0.0159638 0.00848343
0.361353 0.0167901 0.00776674
0.350154 0.0159659 0.00835178
0.354932 0.0180884 0.00709832
0.359974 0.0154671 0.00905895
0.361173 0.0165851 0.00789135
0.361068 0.0198647 0.00714618
0.356924 0.0172687 0.00752374
0.354594 0.0152869 0.00932365
0.354923 0.0165803 0.00787277
0.348884 0.0189871 0.00731804
0.361162 0.0190786 0.00710785
0.355257 0.016012 0.00862109
0.360372 0.01613 0.00819717
0.353983 0.0154939 0.00899152
0.344211 0.0171824 0.00775292
0.366808 0.0186825 0.00707343
0.360625 0.0160007 0.00829335
0.349492 0.0158705 0.00857667
0.355157 0.0155579 0.00897937
0.354112 0.0158167 0.00841937
0.355028 0.0191085 0.00716161
0.355429 0.0175616 0.00733765
0.348268 0.0155784 0.0089347
0.361792 0.0174556 0.0073603
0.361445 0.0177461 0.00717554
0.356891 0.0204575 0.00739959
0.344164 0.0163517 0.00818472
0.354448 0.016144 0.00829247
0.360978 0.0169094 0.00768771
0.350972 0.0180271 0.00715162
0.354793 0.0185967 0.00715486
0.353581 0.014884 0.0106733
0.349892 0.0160687 0.00824835
0.354743 0.0161435 0.00823935
0.348849 0.0188955 0.00695145
0.361496 0.0174952 0.00733175
0.361115 0.0182047 0.00711887
0.349356 0.0163261 0.00793862
0.354219 0.0153273 0.00928793
0.361264 0.0163426 0.00804286
0.356482 0.017216 0.00746809
0.361949 0.0179106 0.00708051
0.35496 0.0178208 0.00723084
0.343205 0.0164783 0.00796949
0.358599 0.0163534 0.01459
0.336441 0.0159532 0.00823731
0.35677 0.0184207 0.00716722
0.356188 0.0172759 0.00747368
0.36225 0.017912 0.00708373
0.354468 0.0151024 0.00988296
0.350703 0.0187435 0.00694849
0.356651 0.0176534 0.00722029
0.356105 0.0175239 0.00732691
0.355528 0.0180263 0.00711032
0.359786 0.0150744 0.00976485
0.355881 0.0173483 0.00742179
0.34887 0.0165699 0.00772052
0.356035 0.0188443 0.0071887
0.355422 0.0163492 0.008163
0.348743 0.0153908 0.0092607
0.354177 0.0161331 0.00847891
0.360875 0.0189858 0.00710819
0.343376 0.0178657 0.00745987
0.35765 0.0201537 0.0154516
0.356867 0.0178341 0.00711474
0.349377 0.0186385 0.00700663
0.360393 0.0168612 0.00770961
0.361577 0.0197553 0.00713543
0.356222 0.0182939 0.00710412
0.336334 0.0164979 0.00791016
0.354246 0.0163019 0.00805982
0.354769 0.0171546 0.00758547
0.347852 0.0153479 0.00971981
0.357375 0.0207646 0.00752729
0.356487 0.0185187 0.0071638
0.355318 0.0168254 0.00773109
0.349027 0.0166408 0.00796631
0.347627 0.014927 0.0104783
0.350279 0.0177265 0.00726442
0.361555 0.0183978 0.0070714
0.355787 0.0194153 0.00727235
0.348306 0.0165059 0.00811056
0.355793 0.0186737 0.00714036
0.350377 0.0191644 0.00707183
0.354378 0.015231 0.00952314
0.356939 0.0175736 0.00724494
0.349371 0.0189477 0.00698064
0.354454 0.0161639 0.00859176
0.347606 0.0146285 0.0105004
0.348553 0.0174908 0.00737085
0.355279 0.0173347 0.00746346
0.348105 0.0158485 0.00852093
0.362041 0.0176685 0.00723178
0.34464 0.015436 0.00876027
0.361742 0.0177068 0.007204
0.349422 0.0156972 0.00881364
0.349623 0.0187927 0.00693253
0.34992 0.0191701 0.00706033
0.353644 0.0149747 0.0103944
0.350496 0.0171971 0.00744392
0.35568 0.0170749 0.00757513
0.35572 0.01762 0.00729086
0.360969 0.0163895 0.00800977
0.354668 0.0164335 0.00827682
0.361004 0.0195719 0.00713244
0.343795 0.0181251 0.00718998
0.354857 0.0188759 0.00724334
0.35517 0.0157593 0.00875751
0.361132 0.0201574 0.00715992
0.355979 0.0170931 0.00758959
0.349133 0.0164351 0.00776919
0.355722 0.0164373 0.00814224
0.348616 0.0177684 0.00727632
0.349354 0.0155319 0.00905456
0.349971 0.0170492 0.00749795
0.344002 0.0176652 0.00746527
0.35432 0.0165946 0.0079
0.3544 0.0158938 0.00845082
0.3562 0.0168257 0.00783172
0.361419 0.0202494 0.00716143
0.354291 0.0156748 0.00862443
0.355462 0.0158304 0.00875344
0.361869 0.0185251 0.00707206
0.361156 0.0176342 0.00724097
0.353522 0.0149767 0.0109541
0.3432 0.0179098 0.00721182
0.355278 0.0177954 0.00722571
0.349935 0.0178242 0.00723743
0.336477 0.0161951 0.00841865
0.353378 0.0148565 0.0116456
0.354784 0.0153607 0.00910314
0.348127 0.0153112 0.00931203
0.354717 0.0154319 0.00955746
0.357161 0.0174388 0.00739485
0.349073 0.0162629 0.0080156
0.355797 0.0166431 0.00793135
0.34839 0.0159151 0.00845345
0.35627 0.0170289 0.00762259
0.348738 0.0183245 0.00708714
0.348861 0.0157277 0.0087786
0.354612 0.0177569 0.00728378
0.349241 0.0192805 0.00708061
0.341991 0.015652 0.00913815
0.350431 0.0188661 0.00697925
0.348232 0.0161973 0.00802238
0.344151 0.0168717 0.00790792
0.349573 0.0194279 0.00713157
0.356334 0.0188536 0.00721239
0.355084 0.0171035 0.00763045
0.343606 0.0196754 0.00705095
0.355001 0.0184007 0.00703314
0.354032 0.0152547 0.00952913
0.350155 0.0183873 0.00704361
0.343235 0.0162141 0.00811374
0.351011 0.0183107 0.00705535
0.35468 0.0180477 0.00725554
0.356363 0.017735 0.00719468
0.356008 0.0164238 0.00823143
0.34506 0.0176696 0.00755958
0.356511 0.0182144 0.00711125
0.343134 0.0156289 0.00881403
0.357322 0.0204984 0.00737091
0.3568 0.0181265 0.00711684
0.355915 0.0168416 0.00773994
0.360629 0.0178126 0.00712322
0.355224 0.0165877 0.00788786
0.338307 0.0196148 0.00706783
0.355081 0.0187349 0.00710202
0.354028 0.015552 0.00870067
0.348695 0.0159912 0.00837455
0.350549 0.0169251 0.00755881
0.347484 0.0147199 0.0110783
0.336367 0.0167717 0.00779177
0.350431 0.0182753 0.00707682
0.356379 0.019145 0.00726776
0.355366 0.0186409 0.00710308
0.356415 0.016716 0.00800996
0.350362 0.0179991 0.00717113
0.337395 0.0165058 0.00787564
0.345277 0.0190055 0.00690609
0.341629 0.0148614 0.0104393
0.355562 0.0192236 0.0072215
0.350243 0.0161258 0.00811407
0.336701 0.0181799 0.00717291
0.354547 0.0174981 0.00742098
0.353921 0.0153561 0.00926941
0.354586 0.0157312 0.00863944
0.354704 0.0168958 0.00772267
0.343734 0.0175314 0.0074949
0.337845 0.0184852 0.00704892
0.35671 0.0173907 0.00735237
0.356068 0.0177859 0.00718554
0.361471 0.0165563 0.00791321
0.348789 0.017212 0.00746193
0.354482 0.0172393 0.00755817
0.344116 0.0174272 0.0076086
0.361883 0.0188381 0.00708703
0.350802 0.0167901 0.00764728
0.354839 0.016346 0.00803998
0.342472 0.0153914 0.00937824
0.338165 0.0181007 0.00713434
0.337751 0.0154896 0.00932855
0.344483 0.0189929 0.00696976
0.349949 0.016423 0.00777822
0.354083 0.015865 0.00872742
0.355802 0.0190348 0.00720549
0.347736 0.0148494 0.00994828
0.349876 0.0173192 0.00740842
0.344976 0.0184325 0.00720688
0.35608 0.0191401 0.00724483
0.35658 0.0179225 0.00710666
0.350204 0.0163498 0.00791837
0.35063 0.0178692 0.00721052
0.354613 0.0166437 0.00785787
0.355134 0.0163791 0.00808385
0.355934 0.0196706 0.00732881
0.343987 0.0156929 0.00850577
0.344486 0.0159318 0.00844147
0.349379 0.0168332 0.00781498
0.347796 0.0150178 0.00970738
0.349019 0.0182239 0.0071171
0.337152 0.0166119 0.00801904
0.337652 0.0176999 0.00735375
0.343076 0.0167104 0.00782682
0.348167 0.0160169 0.00828029
0.349335 0.0172308 0.00745232
0.355092 0.0153544 0.00919011
0.349066 0.0171033 0.00749423
0.350701 0.0181494 0.00711485
0.34913 0.0198306 0.00726923
0.343066 0.0152658 0.00938032
0.342369 0.0158209 0.0087657
0.3383 0.0176289 0.00734163
0.349811 0.0180938 0.00728233
0.349869 0.0183041 0.00707637
0.336401 0.0158926 0.00852835
0.349272 0.0180704 0.00716502
0.3496 0.0174335 0.00737459
0.349737 0.0166249 0.00771556
0.348795 0.0186034 0.0069927
0.343974 0.0161353 0.00826979
0.354881 0.0157647 0.00867688
0.348658 0.0152246 0.00949566
0.344284 0.0157298 0.00853213
0.342344 0.0167652 0.00795757
0.35484 0.0175794 0.00736253
0.349187 0.0158142 0.00866859
0.342857 0.0165825 0.00818705
0.348328 0.0157468 0.00869395
0.342884 0.0177967 0.00724434
0.338792 0.0166322 0.00776522
0.3567 0.0171094 0.00764386
0.349586 0.0162002 0.00808459
0.355512 0.0165512 0.00796056
0.355231 0.0180695 0.00711349
0.34786 0.0151859 0.00946748
0.341691 0.0150151 0.0101891
0.337733 0.0194518 0.00702669
0.342532 0.017424 0.00743148
0.338674 0.0187877 0.00713432
0.34385 0.0184071 0.00710411
0.350196 0.018682 0.00700491
0.350171 0.0172682 0.00742078
0.343138 0.0159305 0.00837283
0.348424 0.0169521 0.00759823
0.350089 0.0181226 0.00716845
0.349006 0.0195708 0.00718415
0.355018 0.0168332 0.00774256
0.353457 0.0147007 0.0111961
0.348583 0.0165086 0.00781209
0.335652 0.015001 0.0103592
0.348154 0.0161418 0.00856058
0.348942 0.0192925 0.00709281
0.342941 0.0175039 0.00738637
0.355952 0.0184192 0.00714278
0.350252 0.0169498 0.00752682
0.3496 0.0167029 0.00797089
0.342384 0.016195 0.00819923
0.343486 0.0193757 0.00702667
0.336009 0.015629 0.00895513
0.349632 0.0163682 0.00783073
0.348798 0.0155595 0.00901878
0.344977 0.0190164 0.00690629
0.350389 0.0174619 0.00735186
0.349119 0.0156498 0.0089102
0.343272 0.0162173 0.00841831
0.331939 0.0173818 0.00755544
0.348359 0.0166931 0.00773481
0.348646 0.0167595 0.0076601
0.342852 0.0159261 0.0084607
0.349724 0.0157419 0.00871615
0.343113 0.0167259 0.00812412
0.348727 0.0165523 0.00807525
0.337534 0.0197392 0.00707429
0.349347 0.0177949 0.00725679
0.348489 0.017214 0.0074672
0.348488 0.0167196 0.00800454
0.350039 0.017557 0.00732555
0.347765 0.015184 0.00995517
0.344734 0.018829 0.00696321
0.342775 0.018516 0.00718513
0.342783 0.0172693 0.00748594
0.348297 0.016414 0.00782516
0.349623 0.0171501 0.00747
0.342689 0.016825 0.00772083
0.341973 0.0149258 0.0102345
0.349549 0.0164851 0.00817087
0.349407 0.0165269 0.00768542
0.35078 0.0171054 0.00748107
0.355561 0.0188626 0.00715697
0.354545 0.0162854 0.00804654
0.344734 0.0175696 0.00762894
0.344548 0.0179343 0.0074074
0.348511 0.0154861 0.00909611
0.344983 0.0186994 0.00707015
0.347492 0.0149494 0.0112712
0.343561 0.0183069 0.00714304
0.343039 0.0197422 0.0070374
0.342848 0.0188554 0.00714424
0.34977 0.0159097 0.00847171
0.349626 0.0184734 0.00702508
0.343282 0.018198 0.00716674
0.339329 0.0216216 0.00798071
0.350148 0.0189817 0.00700749
0.343645 0.0177785 0.00735011
0.348451 0.0160835 0.00821277
0.342313 0.0156555 0.00903162
0.343325 0.0150638 0.00975823
0.343572 0.0160888 0.00850948
0.348255 0.0151649 0.00954039
0.348764 0.0161884 0.00815927
0.350655 0.0190546 0.00704529
0.338054 0.0159443 0.00832386
0.349167 0.0166992 0.00762908
0.343039 0.0179282 0.00746455
0.350687 0.0174262 0.00735898
0.338972 0.0188009 0.00716782
0.348568 0.0163502 0.00831948
0.349657 0.0155777 0.00895784
0.344132 0.0152739 0.00920057
0.336864 0.0153789 0.00955386
0.354728 0.018307 0.00711251
0.348958 0.0179458 0.00721173
0.33779 0.0157342 0.00878824
0.331847 0.018713 0.00700373
0.34217 0.0161114 0.00839184
0.330729 0.0183221 0.00701463
0.348928 0.0158969 0.00853751
0.342589 0.0166963 0.00811748
0.344197 0.0188246 0.00700681
0.34268 0.016121 0.00861144
0.342703 0.0171243 0.00773619
0.356018 0.0180803 0.00715546
0.349329 0.0183492 0.00707006
0.348629 0.0158231 0.00861408
0.338778 0.0159658 0.00831271
0.330974 0.0161762 0.00836126
0.342624 0.0160641 0.00832231
0.347983 0.0155113 0.00900293
0.349872 0.0162576 0.00801618
0.35015 0.0193526 0.00712462
0.343989 0.0193285 0.00699968
0.342321 0.0165748 0.00818831
0.34391 0.0186984 0.00706079
0.348805 0.0163252 0.00789555
0.349076 0.0185028 0.00702231
0.337237 0.0156274 0.00900705
0.350493 0.0166624 0.00769192
0.34296 0.0169779 0.0078974
0.33793 0.0175926 0.00738378
0.349996 0.0167592 0.00761509
0.348853 0.0174906 0.00736668
0.343421 0.0174472 0.00748912
0.344673 0.018283 0.0072424
0.338097 0.017835 0.007261
0.344867 0.0180945 0.00737209
0.343402 0.0160054 0.00824991
0.343204 0.0176448 0.00735248
0.343447 0.0190801 0.0070597
0.337746 0.0191334 0.00701833
0.337113 0.0154507 0.00940179
0.342976 0.0194509 0.00707249
0.344468 0.0187049 0.00705236
0.348225 0.0163082 0.00832122
0.350745 0.0165273 0.00778038
0.331513 0.0179724 0.00725386
0.344717 0.0185481 0.00710909
0.343086 0.0154288 0.00912925
0.349637 0.0177224 0.00727637
0.343723 0.0191919 0.00701997
0.355764 0.0182035 0.00705414
0.348565 0.0156549 0.00885403
0.348426 0.0153199 0.00933106
0.342668 0.0180148 0.00724551
0.348982 0.0187359 0.00718612
0.349312 0.0175127 0.00735244
0.34241 0.0159796 0.00851441
0.344517 0.0153381 0.00901563
0.344607 0.0156791 0.00854893
0.348044 0.0156796 0.00876229
0.342826 0.016552 0.00787179
0.342111 0.0159689 0.00864918
0.33846 0.0181516 0.0071433
0.338817 0.0205889 0.00724176
0.331033 0.0184959 0.00708329
0.344269 0.019437 0.00700647
0.342802 0.0163027 0.00840149
0.343038 0.0183719 0.00717184
0.337169 0.0163121 0.00796061
0.350493 0.0163772 0.00784076
0.344057 0.0154981 0.00872289
0.331297 0.0183728 0.00700865
0.344151 0.0185218 0.00708577
0.343209 0.0192621 0.0070667
0.331807 0.01762 0.00742935
0.349126 0.0187828 0.00692717
0.347672 0.0147387 0.0102198
0.342976 0.0170802 0.00761584
0.344576 0.0163685 0.00822537
0.3433 0.017111 0.00785636
0.35047 0.0185603 0.00699113
0.348677 0.0180464 0.00718179
0.338799 0.0174135 0.00740603
0.342546 0.0164473 0.00790218
0.338727 0.0179478 0.00716567
0.343387 0.0187883 0.00709456
0.330912 0.0159259 0.0085144
0.342421 0.0170702 0.00782078
0.348982 0.0164722 0.00821047
0.348781 0.0168071 0.0079237
0.338252 0.0170924 0.00786676
0.343067 0.0163922 0.0082871
0.344409 0.017406 0.00766529
0.336159 0.0151679 0.0100024
0.336871 0.0167052 0.00807297
0.3311 0.018781 0.00701788
0.336759 0.0152636 0.00981046
0.341455 0.0148967 0.0112417
0.3493 0.0161508 0.00817565
0.343703 0.0181076 0.00747505
0.336122 0.0158509 0.0087767
0.341568 0.0147177 0.0106953
0.349056 0.0154848 0.00915255
0.337255 0.0167506 0.00777368
0.335492 0.0149732 0.0110859
0.330291 0.0166121 0.00814739
0.341504 0.0146094 0.0109677
0.343338 0.0154791 0.00897459
0.331232 0.0186202 0.00727071
0.342411 0.0152376 0.00962847
0.34326 0.0199212 0.00713126
0.331578 0.0182217 0.00710013
0.344223 0.0191424 0.00697388
0.344467 0.0176699 0.00753469
0.342601 0.017704 0.00728294
0.349256 0.015983 0.00843031
0.349317 0.0169452 0.00754379
0.331179 0.0163553 0.00823522
0.34423 0.0153782 0.0089369
0.336984 0.0155583 0.00915308
0.351121 0.0175517 0.00730951
0.342884 0.0155879 0.0089749
0.343848 0.0172933 0.00763799
0.343528 0.0158026 0.00843092
0.329014 0.0150067 0.0132084
0.338572 0.0190695 0.00711425
0.343809 0.0158939 0.00837195
0.343766 0.0155104 0.00879314
0.351188 0.0178287 0.00721497
0.343516 0.0180312 0.00725277
0.341392 0.0146617 0.0114888
0.343329 0.0184963 0.00713079
0.336548 0.0170257 0.0078343
0.330648 0.0157185 0.00866305
0.349533 0.0160292 0.00832537
0.34144 0.014501 0.0112402
0.335303 0.0146865 0.0118868
0.338098 0.018641 0.00708704
0.331377 0.0186655 0.00701181
0.342767 0.0153191 0.0093943
0.342932 0.0163112 0.00801559
0.343737 0.0157805 0.00864571
0.343793 0.0165332 0.00803141
0.338075 0.0170292 0.00763247
0.343224 0.0175813 0.00766767
0.3375 0.0156898 0.00887672
0.336116 0.0150472 0.0102737
0.338744 0.0182472 0.00715838
0.343149 0.0189701 0.00710163
0.345151 0.0182053 0.00729648
0.330039 0.0157072 0.00906745
0.342471 0.0171399 0.00750601
0.336993 0.0171087 0.00762442
0.338493 0.0166362 0.00778404
0.343678 0.0188883 0.00705443
0.337425 0.0161716 0.00803243
0.337475 0.0190059 0.00699138
0.336537 0.0174639 0.00747897
0.338247 0.0157488 0.00874886
0.342933 0.015137 0.00961592
0.343361 0.0165807 0.00820989
0.34379 0.0152647 0.00923819
0.337434 0.018448 0.00728163
0.34266 0.0151119 0.0097391
0.344354 0.015479 0.00868114
0.338264 0.0167361 0.00801519
0.342499 0.0173483 0.00771993
0.344249 0.0178359 0.00741313
0.343954 0.0189999 0.00701472
0.341765 0.0151652 0.00994027
0.344392 0.0165719 0.00810371
0.33699 0.0195153 0.00704233
0.33692 0.0164659 0.0078983
0.338536 0.0184832 0.00712764
0.342059 0.0153944 0.00950352
0.337415 0.0172713 0.00755024
0.33611 0.0158413 0.00847708
0.337462 0.0193241 0.00700818
0.332138 0.0187857 0.00699453
0.34525 0.0185701 0.00711346
0.343556 0.0199451 0.00717262
0.329861 0.0151588 0.00943441
0.330871 0.0189714 0.00705344
0.344329 0.0180999 0.00728601
0.331164 0.0190574 0.00711526
0.337986 0.0168636 0.00800523
0.337812 0.0179261 0.00723883
0.343387 0.015308 0.0092161
0.337202 0.0188559 0.0069647
0.330506 0.0173587 0.00763487
0.341519 0.014918 0.0109496
0.336445 0.0152475 0.00985568
0.330818 0.0165038 0.00818528
0.336788 0.0173111 0.00754086
0.331332 0.0168472 0.00793114
0.338369 0.0170749 0.0075912
0.337279 0.0170256 0.00765626
0.347935 0.0155388 0.0093458
0.342912 0.0191548 0.00710817
0.349922 0.0187926 0.00694973
0.338326 0.0160036 0.00821187
0.342709 0.015799 0.00869189
0.343618 0.0185966 0.0070904
0.349729 0.0168891 0.0075737
0.342957 0.0180855 0.00720841
0.337554 0.0167726 0.00776039
0.343312 0.0196201 0.00702529
0.337653 0.0163439 0.00794133
0.343509 0.0163339 0.00809286
0.338653 0.0171793 0.00752366
0.336955 0.0167426 0.00778539
0.343934 0.0153611 0.00899211
0.336527 0.0166981 0.00810733
0.341839 0.0153154 0.00969137
0.337771 0.0158992 0.00841411
0.335426 0.014884 0.0113655
0.342658 0.0162996 0.00813807
0.335312 0.0149778 0.0119272
0.337466 0.0155521 0.00918679
0.344101 0.0166071 0.00804009
0.33673 0.0154899 0.00929732
0.34327 0.0157589 0.00858056
0.329084 0.0150169 0.0129
0.337552 0.0185445 0.00701662
0.336699 0.0157345 0.00874265
0.329009 0.0153025 0.013159
0.342133 0.0152227 0.00973841
0.330892 0.0187277 0.00722719
0.338729 0.0202926 0.00715443
0.331233 0.0166074 0.00808188
0.331234 0.0180774 0.00721467
0.336762 0.0184774 0.0070458
0.343355 0.0168196 0.00781229
0.343596 0.0171312 0.00768468
0.344813 0.0178303 0.00750331
0.33724 0.0196783 0.00706666
0.331973 0.0171232 0.00770351
0.336808 0.0162156 0.00836513
0.349319 0.0166169 0.0080307
0.338621 0.0176376 0.00731543
0.343945 0.0170488 0.00778225
0.331206 0.0171005 0.00783056
0.337661 0.0174272 0.00747834
0.330679 0.0162304 0.00836654
0.337078 0.0160494 0.00807332
0.335563 0.0147437 0.010906
0.344084 0.0182339 0.00717722
0.337962 0.016359 0.00793119
0.337587 0.0182601 0.0071053
0.338301 0.0158729 0.00848107
0.344721 0.0191708 0.0069274
0.341401 0.0149543 0.0115542
0.338446 0.017863 0.00722404
0.341589 0.0150335 0.0106816
0.342933 0.0160896 0.00821787
0.342391 0.0168151 0.00766551
0.337019 0.0186188 0.00698402
0.344276 0.0161134 0.0083281
0.336919 0.0192021 0.00699303
0.324598 0.0176883 0.00717231
0.33643 0.0156921 0.00906836
0.343677 0.0161229 0.00823039
0.337302 0.0159023 0.00838795
0.331457 0.0177204 0.00740646
0.335588 0.014874 0.0106293
0.34272 0.0176269 0.00754742
0.336154 0.0161549 0.0085913
0.336219 0.0163629 0.00838155
0.33803 0.0192252 0.00704795
0.330089 0.0159233 0.00881891
0.344429 0.0184185 0.00713296
0.337028 0.0163665 0.00821927
0.337215 0.019155 0.00698302
0.342269 0.0163646 0.00798037
0.336396 0.0157168 0.00877134
0.330599 0.0154655 0.00881646
0.337554 0.0159797 0.00822315
0.33708 0.0176798 0.00738075
0.335396 0.0145477 0.0114496
0.3305 0.015857 0.00888446
0.336669 0.0161056 0.00863185
0.336247 0.0162677 0.00808244
0.338348 0.0193179 0.00708138
0.336634 0.0178509 0.00731342
0.331908 0.0183953 0.0069948
0.343335 0.0151754 0.00947994
0.336971 0.0156797 0.00887875
0.338596 0.016064 0.00809505
0.33163 0.0168147 0.00791962
0.330926 0.0170051 0.00788026
0.343088 0.0186749 0.00713696
0.337262 0.0161825 0.00828886
0.343496 0.0156168 0.00871836
0.336741 0.0159769 0.0081963
0.342063 0.0150714 0.00998777
0.343978 0.0179279 0.00732258
0.342665 0.0154899 0.00916996
0.338475 0.0174034 0.00743304
0.343899 0.01961 0.00705006
0.342217 0.0155122 0.00927709
0.336626 0.0164512 0.00796055
0.342087 0.0157953 0.00889266
0.330134 0.0160207 0.00853876
0.330858 0.0176965 0.00743863
0.336441 0.0155611 0.00933799
0.33036 0.0168528 0.00798212
0.331119 0.0175774 0.00752501
0.335811 0.0150179 0.0107685
0.33666 0.0167229 0.00783733
0.337729 0.0156145 0.0090566
0.329217 0.015032 0.0123285
0.33573 0.0151251 0.0100936
0.338014 0.0195559 0.00704135
0.337614 0.0170634 0.00763616
0.337364 0.0164361 0.00816577
0.338595 0.0168901 0.00766042
0.335921 0.0149519 0.0104811
0.338254 0.0183848 0.00709849
0.328953 0.0150819 0.0134924
0.336543 0.0153738 0.00955239
0.329148 0.0150866 0.0126153
0.336715 0.0156124 0.00901962
0.337732 0.0187843 0.00702722
0.330935 0.0192477 0.00715101
0.336694 0.0158564 0.00846692
0.331631 0.0185061 0.00702048
0.336175 0.0160766 0.00830236
0.332433 0.0186675 0.00697166
0.337204 0.0153363 0.00966437
0.338356 0.016222 0.00800849
0.330792 0.0186271 0.00696268
0.330617 0.0159803 0.00852003
0.337338 0.0175386 0.00743764
0.337765 0.0183777 0.00731739
0.338894 0.0168885 0.00764052
0.332189 0.0184925 0.00695656
0.336841 0.0188559 0.00693758
0.332457 0.0183719 0.00701624
0.337774 0.016089 0.00804814
0.336957 0.0158017 0.00860514
0.337399 0.0169696 0.00792558
0.331699 0.0172382 0.00766425
0.337879 0.01819 0.00711302
0.33063 0.0178422 0.00730064
0.34362 0.0153872 0.00902416
0.336911 0.0179567 0.00726519
0.338075 0.0161024 0.00803884
0.337254 0.0157818 0.00865844
0.330366 0.0158473 0.00861655
0.329908 0.0151741 0.00913851
0.336222 0.0154047 0.00946998
0.330384 0.0161506 0.00843689
0.330625 0.0169817 0.00792704
0.331179 0.0178315 0.00737754
0.337995 0.0189258 0.00705296
0.330739 0.0172131 0.00777336
0.338007 0.0166332 0.00781421
0.335839 0.0152576 0.00981108
0.331864 0.018131 0.00712962
0.330529 0.0164665 0.00825805
0.338589 0.0163754 0.00789718
0.336789 0.0176136 0.00741236
0.330902 0.0167482 0.00803332
0.338252 0.0168046 0.00772335
0.336831 0.016216 0.00803924
0.331045 0.0173212 0.00770763
0.343635 0.0151713 0.00947741
0.338832 0.018534 0.00715986
0.337519 0.0179919 0.00722882
0.336749 0.0164827 0.00823424
0.338 0.0158241 0.00859348
0.337266 0.0184562 0.00703311
0.329948 0.0154605 0.009219
0.32454 0.0174157 0.00728349
0.330232 0.016391 0.00834131
0.336986 0.0182642 0.00713367
0.343512 0.0166022 0.0079515
0.343791 0.0163924 0.00829628
0.332145 0.0182217 0.00707776
0.337301 0.0181851 0.00715639
0.338145 0.017397 0.00745874
0.331441 0.0189418 0.0071094
0.337896 0.0172524 0.00754236
0.33134 0.0173178 0.00765446
0.330032 0.0156315 0.00877725
0.335461 0.0146527 0.0111747
0.337695 0.0169279 0.00797497
0.330329 0.0155901 0.00877102
0.32894 0.0154337 0.0134197
0.330972 0.0182195 0.00718238
0.331798 0.0178791 0.00727844
0.338379 0.0187453 0.00710199
0.33092 0.017938 0.0072718
0.329969 0.0153816 0.00893034
0.33825 0.0164701 0.00787703
0.330691 0.0181298 0.00724188
0.337837 0.0168623 0.00771891
0.337003 0.0159255 0.00833581
0.330796 0.017455 0.00760563
0.3315 0.0170537 0.0077928
0.337561 0.0158095 0.0086084
0.337738 0.0166314 0.00795065
0.331568 0.0174857 0.00755613
0.338277 0.0190265 0.00708195
0.336143 0.0155216 0.00920154
0.330608 0.0167166 0.00808208
0.337224 0.0179214 0.00727643
0.336126 0.0152879 0.00972936
0.330572 0.0175998 0.00746881

VERTICES 885 1770
1 0
1 1
1 2
1 3
1 4
1 5
1 6
1 7
1 8
1 9
1 10
1 11
1 12
1 13
1 14
1 15
1 16
1 17
1 18
1 19
1 20
1 21
1 22
1 23
1 24
1 25
1 26
1 27
1 28
1 29
1 30
1 31
1 32
1 33
1 34
1 35
1 36
1 37
1 38
1 39
1 40
1 41
1 42
1 43
1 44
1 45
1 46
1 47
1 48
1 49
1 50
1 51
1 52
1 53
1 54
1 55
1 56
1 57
1 58
1 59
1 60
1 61
1 62
1 63
1 64
1 65
1 66
1 67
1 68
1 69
1 70
1 71
1 72
1 73
1 74
1 75
1 76
1 77
1 78
1 79
1 80
1 81
1 82
1 83
1 84
1 85
1 86
1 87
1 88
1 89
1 90
1 91
1 92
1 93
1 94
1 95
1 96
1 97
1 98
1 99
1 100
1 101
1 102
1 103
1 104
1 105
1 106
1 107
1 108
1 109
1 110
1 111
1 112
1 113
1 114
1 115
1 116
1 117
1 118
1 119
1 120
1 121
1 122
1 123
1 124
1 125
1 126
1 127
1 128
1 129
1 130
1 131
1 132
1 133
1 134
1 135
1 136
1 137
1 138
1 139
1 140
1 141
1 142
1 143
1 144
1 145
1 146
1 147
1 148
1 149
1 150
1 151
1 152
1 153
1 154
1 155
1 156
1 157
1 158
1 159
1 160
1 161
1 162
1 163
1 164
1 165
1 166
1 167
1 168
1 169
1 170
1 171
1 172
1 173
1 174
1 175
1 176
1 177
1 178
1 179
1 180
1 181
1 182
1 183
1 184
1 185
1 186
1 187
1 188
1 189
1 190
1 191
1 192
1 193
1 194
1 195
1 196
1 197
1 198
1 199
1 200
1 201
1 202
1 203
1 204
1 205
1 206
1 207
1 208
1 209
1 210
1 211
1 212
1 213
1 214
1 215
1 216
1 217
1 218
1 219
1 220
1 221
1 222
1 223
1 224
1 225
1 226
1 227
1 228
1 229
1 230
1 231
1 232
1 233
1 234
1 235
1 236
1 237
1 238
1 239
1 240
1 241
1 242
1 243
1 244
1 245
1 246
1 247
1 248
1 249
1 250
1 251
1 252
1 253
1 254
1 255
1 256
1 257
1 258
1 259
1 260
1 261
1 262
1 263
1 264
1 265
1 266
1 267
1 268
1 269
1 270
1 271
1 272
1 273
1 274
1 275
1 276
1 277
1 278
1 279
1 280
1 281
1 282
1 283
1 284
1 285
1 286
1 287
1 288
1 289
1 290
1 291
1 292
1 293
1 294
1 295
1 296
1 297
1 298
1 299
1 300
1 301
1 302
1 303
1 304
1 305
1 306
1 307
1 308
1 309
1 310
1 311
1 312
1 313
1 314
1 315
1 316
1 317
1 318
1 319
1 320
1 321
1 322
1 323
1 324
1 325
1 326
1 327
1 328
1 329
1 330
1 331
1 332
1 333
1 334
1 335
1 336
1 337
1 338
1 339
1 340
1 341
1 342
1 343
1 344
1 345
1 346
1 347
1 348
1 349
1 350
1 351
1 352
1 353
1 354
1 355
1 356
1 357
1 358
1 359
1 360
1 361
1 362
1 363
1 364
1 365
1 366
1 367
1 368
1 369
1 370
1 371
1 372
1 373
1 374
1 375
1 376
1 377
1 378
1 379
1 380
1 381
1 382
1 383
1 384
1 385
1 386
1 387
1 388
1 389
1 390
1 391
1 392
1 393
1 394
1 395
1 396
1 397
1 398
1 399
1 400
1 401
1 402
1 403
1 404
1 405
1 406
1 407
1 408
1 409
1 410
1 411
1 412
1 413
1 414
1 415
1 416
1 417
1 418
1 419
1 420
1 421
1 422
1 423
1 424
1 425
1 426
1 427
1 428
1 429
1 430
1 431
1 432
1 433
1 434
1 435
1 436
1 437
1 438
1 439
1 440
1 441
1 442
1 443
1 444
1 445
1 446
1 447
1 448
1 449
1 450
1 451
1 452
1 453
1 454
1 455
1 456
1 457
1 458
1 459
1 460
1 461
1 462
1 463
1 464
1 465
1 466
1 467
1 468
1 469
1 470
1 471
1 472
1 473
1 474
1 475
1 476
1 477
1 478
1 479
1 480
1 481
1 482
1 483
1 484
1 485
1 486
1 487
1 488
1 489
1 490
1 491
1 492
1 493
1 494
1 495
1 496
1 497
1 498
1 499
1 500
1 501
1 502
1 503
1 504
1 505
1 506
1 507
1 508
1 509
1 510
1 511
1 512
1 513
1 514
1 515
1 516
1 517
1 518
1 519
1 520
1 521
1 522
1 523
1 524
1 525
1 526
1 527
1 528
1 529
1 530
1 531
1 532
1 533
1 534
1 535
1 536
1 537
1 538
1 539
1 540
1 541
1 542
1 543
1 544
1 545
1 546
1 547
1 548
1 549
1 550
1 551
1 552
1 553
1 554
1 555
1 556
1 557
1 558
1 559
1 560
1 561
1 562
1 563
1 564
1 565
1 566
1 567
1 568
1 569
1 570
1 571
1 572
1 573
1 574
1 575
1 576
1 577
1 578
1 579
1 580
1 581
1 582
1 583
1 584
1 585
1 586
1 587
1 588
1 589
1 590
1 591
1 592
1 593
1 594
1 595
1 596
1 597
1 598
1 599
1 600
1 601
1 602
1 603
1 604
1 605
1 606
1 607
1 608
1 609
1 610
1 611
1 612
1 613
1 614
1 615
1 616
1 617
1 618
1 619
1 620
1 621
1 622
1 623
1 624
1 625
1 626
1 627
1 628
1 629
1 630
1 631
1 632
1 633
1 634
1 635
1 636
1 637
1 638
1 639
1 640
1 641
1 642
1 643
1 644
1 645
1 646
1 647
1 648
1 649
1 650
1 651
1 652
1 653
1 654
1 655
1 656
1 657
1 658
1 659
1 660
1 661
1 662
1 663
1 664
1 665
1 666
1 667
1 668
1 669
1 670
1 671
1 672
1 673
1 674
1 675
1 676
1 677
1 678
1 679
1 680
1 681
1 682
1 683
1 684
1 685
1 686
1 687
1 688
1 689
1 690
1 691
1 692
1 693
1 694
1 695
1 696
1 697
1 698
1 699
1 700
1 701
1 702
1 703
1 704
1 705
1 706
1 707
1 708
1 709
1 710
1 711
1 712
1 713
1 714
1 715
1 716
1 717
1 718
1 719
1 720
1 721
1 722
1 723
1 724
1 725
1 726
1 727
1 728
1 729
1 730
1 731
1 732
1 733
1 734
1 735
1 736
1 737
1 738
1 739
1 740
1 741
1 742
1 743
1 744
1 745
1 746
1 747
1 748
1 749
1 750
1 751
1 752
1 753
1 754
1 755
1 756
1 757
1 758
1 759
1 760
1 761
1 762
1 763
1 764
1 765
1 766
1 767
1 768
1 769
1 770
1 771
1 772
1 773
1 774
1 775
1 776
1 777
1 778
1 779
1 780
1 781
1 782
1 783
1 784
1 785
1 786
1 787
1 788
1 789
1 790
1 791
1 792
1 793
1 794
1 795
1 796
1 797
1 798
1 799
1 800
1 801
1 802
1 803
1 804
1 805
1 806
1 807
1 808
1 809
1 810
1 811
1 812
1 813
1 814
1 815
1 816
1 817
1 818
1 819
1 820
1 821
1 822
1 823
1 824
1 825
1 826
1 827
1 828
1 829
1 830
1 831
1 832
1 833
1 834
1 835
1 836
1 837
1 838
1 839
1 840
1 841
1 842
1 843
1 844
1 845
1 846
1 847
1 848
1 849
1 850
1 851
1 852
1 853
1 854
1 855
1 856
1 857
1 858
1 859
1 860
1 861
1 862
1 863
1 864
1 865
1 866
1 867
1 868
1 869
1 870
1 871
1 872
1 873
1 874
1 875
1 876
1 877
1 878
1 879
1 880
1 881
1 882
1 883
1 884

POINT_DATA 885
SCALARS id int 1
LOOKUP_TABLE default
1
2
3
4
5
6
7
8
9
10
11
12
13
14
15
16
17
18
19
20
21
22
23
24
25
26
27
28
29
30
31
32
33
34
35
36
37
39
40
41
42
43
44
45
46
47
48
49
50
51
52
53
54
56
57
58
59
60
61
62
63
64
65
67
68
69
70
71
72
73
74
75
76
77
78
79
80
81
82
83
84
85
86
87
88
89
90
91
92
93
94
95
96
97
98
99
100
101
102
103
104
105
106
107
108
109
110
111
112
113
114
115
116
117
118
119
120
121
122
123
124
125
126
127
129
130
131
132
133
134
135
136
137
138
139
140
141
142
143
144
145
146
147
148
149
150
151
153
154
155
156
157
158
159
160
161
162
163
164
165
166
167
168
169
170
171
172
173
174
175
176
177
178
179
180
181
182
183
184
185
186
187
188
189
190
191
192
193
194
195
196
197
198
199
200
201
202
203
204
205
206
207
208
209
210
211
212
213
214
215
217
218
219
220
221
222
223
224
225
226
227
228
229
230
231
232
233
234
235
236
237
238
239
240
241
242
243
244
245
246
247
248
249
250
251
252
253
254
255
256
257
258
259
260
261
262
263
264
265
266
267
268
269
270
271
273
274
275
276
277
278
279
280
281
282
283
284
285
286
287
288
289
290
291
292
293
294
295
296
297
298
299
300
301
302
303
304
305
306
307
308
309
310
311
312
313
314
315
316
317
318
319
320
321
322
323
324
325
326
327
328
329
330
331
332
333
334
335
336
337
338
339
340
341
342
343
344
345
346
347
348
349
350
351
352
353
354
355
356
357
358
359
360
361
362
363
364
365
366
367
368
369
370
371
372
373
374
375
376
377
378
379
380
381
382
383
384
385
386
387
388
389
390
391
392
393
394
395
396
397
398
399
400
401
402
403
404
405
406
407
408
409
410
411
412
413
414
415
416
417
418
419
420
421
422
423
424
425
426
427
428
429
430
431
432
433
434
435
436
437
438
439
440
441
442
443
444
445
446
447
448
449
450
451
452
453
454
455
456
457
458
459
460
461
462
463
464
465
466
467
468
469
470
471
472
473
474
475
476
477
478
479
480
481
482
483
484
485
486
487
488
489
490
491
492
493
494
495
496
497
498
499
500
501
502
503
504
505
506
507
508
509
510
511
512
513
514
515
516
517
518
519
520
521
522
523
524
525
526
527
528
529
530
531
532
533
534
535
536
537
538
539
540
541
542
543
544
545
546
547
548
549
550
551
552
553
554
555
556
557
558
559
560
561
562
563
564
565
566
567
568
569
570
571
572
573
574
575
576
577
579
580
581
582
583
584
585
586
587
588
589
590
591
592
593
594
595
596
597
598
599
600
601
602
603
605
606
607
608
609
610
611
612
613
614
615
616
617
618
619
620
621
622
623
624
625
626
627
628
629
630
631
632
633
634
635
636
637
638
640
641
642
643
644
645
646
647
648
649
650
651
652
653
654
655
656
659
660
661
662
663
664
665
666
667
668
669
670
671
672
673
674
675
676
677
678
679
680
681
682
683
684
685
686
687
688
690
691
692
693
694
695
696
697
698
699
700
701
702
703
704
705
706
707
708
709
710
711
712
713
714
715
716
717
718
719
720
721
722
723
724
725
726
727
728
729
730
731
732
733
734
735
736
737
738
739
740
741
742
743
744
745
746
747
748
749
750
751
752
753
754
755
756
757
758
759
760
761
762
764
765
766
767
768
769
770
771
772
773
774
775
776
777
778
779
780
781
782
783
784
785
786
787
788
789
791
792
793
794
795
796
797
798
799
800
801
802
803
804
805
806
807
808
809
810
811
812
813
814
815
816
817
818
819
820
821
822
823
824
825
826
827
828
829
830
831
832
833
834
835
836
837
838
839
840
841
842
843
844
845
846
847
848
849
850
851
852
853
854
855
856
857
858
859
860
861
862
863
864
865
866
867
868
869
870
871
872
873
874
875
876
877
878
879
880
881
882
883
884
885
886
887
888
889
890
891
892
893
894
895
896
897
898
899
900

SCALARS type int 1
LOOKUP_TABLE default
1
1
1
1
1
1
1
1
1
1
1
1
1
1
1
1
1
1
1
1
1
1
1
1
1
1
1
1
1
1
1
1
1
1
1
1
1
1
1
1
1
1
1
1
1
1
1
1
1
1
1
1
1
1
1
1
1
1
1
1
1
1
1
1
1
1
1
1
1
1
1
1
1
1
1
1
1
1
1
1
1
1
1
1
1
1
1
1
1
1
1
1
1
1
1
1
1
1
1
1
1
1
1
1
1
1
1
1
1
1
1
1
1
1
1
1
1
1
1
1
1
1
1
1
1
1
1
1
1
1
1
1
1
1
1
1
1
1
1
1
1
1
1
1
1
1
1
1
1
1
1
1
1
1
1
1
1
1
1
1
1
1
1
1
1
1
1
1
1
1
1
1
1
1
1
1
1
1
1
1
1
1
1
1
1
1
1
1
1
1
1
1
1
1
1
1
1
1
1
1
1
1
1
1
1
1
1
1
1
1
1
1
1
1
1
1
1
1
1
1
1
1
1
1
1
1
1
1
1
1
1
1
1
1
1
1
1
1
1
1
1
1
1
1
1
1
1
1
1
1
1
1
1
1
1
1
1
1
1
1
1
1
1
1
1
1
1
1
1
1
1
1
1
1
1
1
1
1
1
1
1
1
1
1
1
1
1
1
1
1
1
1
1
1
1
1
1
1
1
1
1
1
1
1
1
1
1
1
1
1
1
1
1
1
1
1
1
1
1
1
1
1
1
1
1
1
1
1
1
1
1
1
1
1
1
1
1
1
1
1
1
1
1
1
1
1
1
1
1
1
1
1
1
1
1
1
1
1
1
1
1
1
1
1
1
1
1
1
1
1
1
1
1
1
1
1
1
1
1
1
1
1
1
1
1
1
1
1
1
1
1
1
1
1
1
1
1
1
1
1
1
1
1
1
1
1
1
1
1
1
1
1
1
1
1
1
1
1
1
1
1
1
1
1
1
1
1
1
1
1
1
1
1
1
1
1
1
1
1
1
1
1
1
1
1
1
1
1
1
1
1
1
1
1
1
1
1
1
1
1
1
1
1
1
1
1
1
1
1
1
1
1
1
1
1
1
1
1
1
1
1
1
1
1
1
1
1
1
1
1
1
1
1
1
1
1
1
1
1
1
1
1
1
1
1
1
1
1
1
1
1
1
1
1
1
1
1
1
1
1
1
1
1
1
1
1
1
1
1
1
1
1
1
1
1
1
1
1
1
1
1
1
1
1
1
1
1
1
1
1
1
1
1
1
1
1
1
1
1
1
1
1
1
1
1
1
1
1
1
1
1
1
1
1
1
1
1
1
1
1
1
1
1
1
1
1
1
1
1
1
1
1
1
1
1
1
1
1
1
1
1
1
1
1
1
1
1
1
1
1
1
1
1
1
1
1
1
1
1
1
1
1
1
1
1
1
1
1
1
1
1
1
1
1
1
1
1
1
1
1
1
1
1
1
1
1
1
1
1
1
1
1
1
1
1
1
1
1
1
1
1
1
1
1
1
1
1
1
1
1
1
1
1
1
1
1
1
1
1
1
1
1
1
1
1
1
1
1
1
1
1
1
1
1
1
1
1
1
1
1
1
1
1
1
1
1
1
1
1
1
1
1
1
1
1
1
1
1
1
1
1
1
1
1
1
1
1
1
1
1
1
1
1
1
1
1
1
1
1
1
1
1
1
1
1
1
1
1
1
1
1
1
1
1
1
1
1
1
1
1
1
1
1
1
1
1
1
1
1
1
1
1
1
1
1
1
1
1
1
1
1
1
1
1
1
1
1
1
1
1
1
1
1
1
1
1
1
1
1
1
1
1
1
1
1
1
1
1
1
1
1
1
1
1
1
1
1
1
1
1
1
1
1
1
1
1
1
1
1
1
1
1
1
1
1
1
1
1
1
1
1
1
1
1
1
1
1
1
1
1
1
1
1
1
1
1
1
1
1
1
1
1
1
1
1
1
1
1
1
1
1
1
1
1
1
1
1
1
1
1
1
1
1
1
1

SCALARS radius float 1
LOOKUP_TABLE default
0.00015
0.00015
0.00015
0.00015
0.00015
0.00015
0.00015
0.00015
0.00015
0.00015
0.00015
0.00015
0.00015
0.00015
0.00015
0.00015
0.00015
0.00015
0.00015
0.00015
0.00015
0.00015
0.00015
0.00015
0.00015
0.00015
0.00015
0.00015
0.00015
0.00015
0.00015
0.00015
0.00015
0.00015
0.00015
0.00015
0.00015
0.00015
0.00015
0.00015
0.00015
0.00015
0.00015
0.00015
0.00015
0.00015
0.00015
0.00015
0.00015
0.00015
0.00015
0.00015
0.00015
0.00015
0.00015
0.00015
0.00015
0.00015
0.00015
0.00015
0.00015
0.00015
0.00015
0.00015
0.00015
0.00015
0.00015
0.00015
0.00015
0.00015
0.00015
0.00015
0.00015
0.00015
0.00015
0.00015
0.00015
0.00015
0.00015
0.00015
0.00015
0.00015
0.00015
0.00015
0.00015
0.00015
0.00015
0.00015
0.00015
0.00015
0.00015
0.00015
0.00015
0.00015
0.00015
0.00015
0.00015
0.00015
0.00015
0.00015
0.00015
0.00015
0.00015
0.00015
0.00015
0.00015
0.00015
0.00015
0.00015
0.00015
0.00015
0.00015
0.00015
0.00015
0.00015
0.00015
0.00015
0.00015
0.00015
0.00015
0.00015
0.00015
0.00015
0.00015
0.00015
0.00015
0.00015
0.00015
0.00015
0.00015
0.00015
0.00015
0.00015
0.00015
0.00015
0.00015
0.00015
0.00015
0.00015
0.00015
0.00015
0.00015
0.00015
0.00015
0.00015
0.00015
0.00015
0.00015
0.00015
0.00015
0.00015
0.00015
0.00015
0.00015
0.00015
0.00015
0.00015
0.00015
0.00015
0.00015
0.00015
0.00015
0.00015
0.00015
0.00015
0.00015
0.00015
0.00015
0.00015
0.00015
0.00015
0.00015
0.00015
0.00015
0.00015
0.00015
0.00015
0.00015
0.00015
0.00015
0.00015
0.00015
0.00015
0.00015
0.00015
0.00015
0.00015
0.00015
0.00015
0.00015
0.00015
0.00015
0.00015
0.00015
0.00015
0.00015
0.00015
0.00015
0.00015
0.00015
0.00015
0.00015
0.00015
0.00015
0.00015
0.00015
0.00015
0.00015
0.00015
0.00015
0.00015
0.00015
0.00015
0.00015
0.00015
0.00015
0.00015
0.00015
0.00015
0.00015
0.00015
0.00015
0.00015
0.00015
0.00015
0.00015
0.00015
0.00015
0.00015
0.00015
0.00015
0.00015
0.00015
0.00015
0.00015
0.00015
0.00015
0.00015
0.00015
0.00015
0.00015
0.00015
0.00015
0.00015
0.00015
0.00015
0.00015
0.00015
0.00015
0.00015
0.00015
0.00015
0.00015
0.00015
0.00015
0.00015
0.00015
0.00015
0.00015
0.00015
0.00015
0.00015
0.00015
0.00015
0.00015
0.00015
0.00015
0.00015
0.00015
0.00015
0.00015
0.00015
0.00015
0.00015
0.00015
0.00015
0.00015
0.00015
0.00015
0.00015
0.00015
0.00015
0.00015
0.00015
0.00015
0.00015
0.00015
0.00015
0.00015
0.00015
0.00015
0.00015
0.00015
0.00015
0.00015
0.00015
0.00015
0.00015
0.00015
0.00015
0.00015
0.00015
0.00015
0.00015
0.00015
0.00015
0.00015
0.00015
0.00015
0.00015
0.00015
0.00015
0.00015
0.00015
0.00015
0.00015
0.00015
0.00015
0.00015
0.00015
0.00015
0.00015
0.00015
0.00015
0.00015
0.00015
0.00015
0.00015
0.00015
0.00015
0.00015
0.00015
0.00015
0.00015
0.00015
0.00015
0.00015
0.00015
0.00015
0.00015
0.00015
0.00015
0.00015
0.00015
0.00015
0.00015
0.00015
0.00015
0.00015
0.00015
0.00015
0.00015
0.00015
0.00015
0.00015
0.00015
0.00015
0.00015
0.00015
0.00015
0.00015
0.00015
0.00015
0.00015
0.00015
0.00015
0.00015
0.00015
0.00015
0.00015
0.00015
0.00015
0.00015
0.00015
0.00015
0.00015
0.00015
0.00015
0.00015
0.00015
0.00015
0.00015
0.00015
0.00015
0.00015
0.00015
0.00015
0.00015
0.00015
0.00015
0.00015
0.00015
0.00015
0.00015
0.00015
0.00015
0.00015
0.00015
0.00015
0.00015
0.00015
0.00015
0.00015
0.00015
0.00015
0.00015
0.00015
0.00015
0.00015
0.00015
0.00015
0.00015
0.00015
0.00015
0.00015
0.00015
0.00015
0.00015
0.00015
0.00015
0.00015
0.00015
0.00015
0.00015
0.00015
0.00015
0.00015
0.00015
0.00015
0.00015
0.00015
0.00015
0.00015
0.00015
0.00015
0.00015
0.00015
0.00015
0.00015
0.00015
0.00015
0.00015
0.00015
0.00015
0.00015
0.00015
0.00015
0.00015
0.00015
0.00015
0.00015
0.00015
0.00015
0.00015
0.00015
0.00015
0.00015
0.00015
0.00015
0.00015
0.00015
0.00015
0.00015
0.00015
0.00015
0.00015
0.00015
0.00015
0.00015
0.00015
0.00015
0.00015
0.00015
0.00015
0.00015
0.00015
0.00015
0.00015
0.00015
0.00015
0.00015
0.00015
0.00015
0.00015
0.00015
0.00015
0.00015
0.00015
0.00015
0.00015
0.00015
0.00015
0.00015
0.00015
0.00015
0.00015
0.00015
0.00015
0.00015
0.00015
0.00015
0.00015
0.00015
0.00015
0.00015
0.00015
0.00015
0.00015
0.00015
0.00015
0.00015
0.00015
0.00015
0.00015
0.00015
0.00015
0.00015
0.00015
0.00015
0.00015
0.00015
0.00015
0.00015
0.00015
0.00015
0.00015
0.00015
0.00015
0.00015
0.00015
0.00015
0.00015
0.00015
0.00015
0.00015
0.00015
0.00015
0.00015
0.00015
0.00015
0.00015
0.00015
0.00015
0.00015
0.00015
0.00015
0.00015
0.00015
0.00015
0.00015
0.00015
0.00015
0.00015
0.00015
0.00015
0.00015
0.00015
0.00015
0.00015
0.00015
0.00015
0.00015
0.00015
0.00015
0.00015
0.00015
0.00015
0.00015
0.00015
0.00015
0.00015
0.00015
0.00015
0.00015
0.00015
0.00015
0.00015
0.00015
0.00015
0.00015
0.00015
0.00015
0.00015
0.00015
0.00015
0.00015
0.00015
0.00015
0.00015
0.00015
0.00015
0.00015
0.00015
0.00015
0.00015
0.00015
0.00015
0.00015
0.00015
0.00015
0.00015
0.00015
0.00015
0.00015
0.00015
0.00015
0.00015
0.00015
0.00015
0.00015
0.00015
0.00015
0.00015
0.00015
0.00015
0.00015
0.00015
0.00015
0.00015
0.00015
0.00015
0.00015
0.00015
0.00015
0.00015
0.00015
0.00015
0.00015
0.00015
0.00015
0.00015
0.00015
0.00015
0.00015
0.00015
0.00015
0.00015
0.00015
0.00015
0.00015
0.00015
0.00015
0.00015
0.00015
0.00015
0.00015
0.00015
0.00015
0.00015
0.00015
0.00015
0.00015
0.00015
0.00015
0.00015
0.00015
0.00015
0.00015
0.00015
0.00015
0.00015
0.00015
0.00015
0.00015
0.00015
0.00015
0.00015
0.00015
0.00015
0.00015
0.00015
0.00015
0.00015
0.00015
0.00015
0.00015
0.00015
0.00015
0.00015
0.00015
0.00015
0.00015
0.00015
0.00015
0.00015
0.00015
0.00015
0.00015
0.00015
0.00015
0.00015
0.00015
0.00015
0.00015
0.00015
0.00015
0.00015
0.00015
0.00015
0.00015
0.00015
0.00015
0.00015
0.00015
0.00015
0.00015
0.00015
0.00015
0.00015
0.00015
0.00015
0.00015
0.00015
0.00015
0.00015
0.00015
0.00015
0.00015
0.00015
0.00015
0.00015
0.00015
0.00015
0.00015
0.00015
0.00015
0.00015
0.00015
0.00015
0.00015
0.00015
0.00015
0.00015
0.00015
0.00015
0.00015
0.00015
0.00015
0.00015
0.00015
0.00015
0.00015
0.00015
0.00015
0.00015
0.00015
0.00015
0.00015
0.00015
0.00015
0.00015
0.00015
0.00015
0.00015
0.00015
0.00015
0.00015
0.00015
0.00015
0.00015
0.00015
0.00015
0.00015
0.00015
0.00015
0.00015
0.00015
0.00015
0.00015
0.00015
0.00015
0.00015
0.00015
0.00015
0.00015
0.00015
0.00015
0.00015
0.00015
0.00015
0.00015
0.00015
0.00015
0.00015
0.00015
0.00015
0.00015
0.00015
0.00015
0.00015
0.00015
0.00015
0.00015
0.00015
0.00015
0.00015
0.00015
0.00015
0.00015
0.00015
0.00015
0.00015
0.00015
0.00015
0.00015
0.00015
0.00015
0.00015
0.00015
0.00015
0.00015
0.00015
0.00015
0.00015
0.00015
0.00015
0.00015
0.00015
0.00015
0.00015
0.00015
0.00015
0.00015
0.00015
0.00015
0.00015
0.00015
0.00015
0.00015
0.00015
0.00015
0.00015
0.00015
0.00015
0.00015
0.00015
0.00015
0.00015
0.00015
0.00015
0.00015
0.00015
0.00015
0.00015
0.00015
0.00015
0.00015
0.00015
0.00015
0.00015
0.00015
0.00015
0.00015
0.00015
0.00015
0.00015
0.00015
0.00015
0.00015
0.00015
0.00015
0.00015
0.00015
0.00015
0.00015
0.00015
0.00015
0.00015
0.00015
0.00015
0.00015
0.00015
0.00015
0.00015
0.00015
0.00015
0.00015
0.00015
0.00015
0.00015
0.00015
0.00015
0.00015
0.00015
0.00015

SCALARS mass float 1
LOOKUP_TABLE default
3.95841e-09
3.95841e-09
3.95841e-09
3.95841e-09
3.95841e-09
3.95841e-09
3.95841e-09
3.95841e-09
3.95841e-09
3.95841e-09
3.95841e-09
3.95841e-09
3.95841e-09
3.95841e-09
3.95841e-09
3.95841e-09
3.95841e-09
3.95841e-09
3.95841e-09
3.95841e-09
3.95841e-09
3.95841e-09
3.95841e-09
3.95841e-09
3.95841e-09
3.95841e-09
3.95841e-09
3.95841e-09
3.95841e-09
3.95841e-09
3.95841e-09
3.95841e-09
3.95841e-09
3.95841e-09
3.95841e-09
3.95841e-09
3.95841e-09
3.95841e-09
3.95841e-09
3.95841e-09
3.95841e-09
3.95841e-09
3.95841e-09
3.95841e-09
3.95841e-09
3.95841e-09
3.95841e-09
3.95841e-09
3.95841e-09
3.95841e-09
3.95841e-09
3.95841e-09
3.95841e-09
3.95841e-09
3.95841e-09
3.95841e-09
3.95841e-09
3.95841e-09
3.95841e-09
3.95841e-09
3.95841e-09
3.95841e-09
3.95841e-09
3.95841e-09
3.95841e-09
3.95841e-09
3.95841e-09
3.95841e-09
3.95841e-09
3.95841e-09
3.95841e-09
3.95841e-09
3.95841e-09
3.95841e-09
3.95841e-09
3.95841e-09
3.95841e-09
3.95841e-09
3.95841e-09
3.95841e-09
3.95841e-09
3.95841e-09
3.95841e-09
3.95841e-09
3.95841e-09
3.95841e-09
3.95841e-09
3.95841e-09
3.95841e-09
3.95841e-09
3.95841e-09
3.95841e-09
3.95841e-09
3.95841e-09
3.95841e-09
3.95841e-09
3.95841e-09
3.95841e-09
3.95841e-09
3.95841e-09
3.95841e-09
3.95841e-09
3.95841e-09
3.95841e-09
3.95841e-09
3.95841e-09
3.95841e-09
3.95841e-09
3.95841e-09
3.95841e-09
3.95841e-09
3.95841e-09
3.95841e-09
3.95841e-09
3.95841e-09
3.95841e-09
3.95841e-09
3.95841e-09
3.95841e-09
3.95841e-09
3.95841e-09
3.95841e-09
3.95841e-09
3.95841e-09
3.95841e-09
3.95841e-09
3.95841e-09
3.95841e-09
3.95841e-09
3.95841e-09
3.95841e-09
3.95841e-09
3.95841e-09
3.95841e-09
3.95841e-09
3.95841e-09
3.95841e-09
3.95841e-09
3.95841e-09
3.95841e-09
3.95841e-09
3.95841e-09
3.95841e-09
3.95841e-09
3.95841e-09
3.95841e-09
3.95841e-09
3.95841e-09
3.95841e-09
3.95841e-09
3.95841e-09
3.95841e-09
3.95841e-09
3.95841e-09
3.95841e-09
3.95841e-09
3.95841e-09
3.95841e-09
3.95841e-09
3.95841e-09
3.95841e-09
3.95841e-09
3.95841e-09
3.95841e-09
3.95841e-09
3.95841e-09
3.95841e-09
3.95841e-09
3.95841e-09
3.95841e-09
3.95841e-09
3.95841e-09
3.95841e-09
3.95841e-09
3.95841e-09
3.95841e-09
3.95841e-09
3.95841e-09
3.95841e-09
3.95841e-09
3.95841e-09
3.95841e-09
3.95841e-09
3.95841e-09
3.95841e-09
3.95841e-09
3.95841e-09
3.95841e-09
3.95841e-09
3.95841e-09
3.95841e-09
3.95841e-09
3.95841e-09
3.95841e-09
3.95841e-09
3.95841e-09
3.95841e-09
3.95841e-09
3.95841e-09
3.95841e-09
3.95841e-09
3.95841e-09
3.95841e-09
3.95841e-09
3.95841e-09
3.95841e-09
3.95841e-09
3.95841e-09
3.95841e-09
3.95841e-09
3.95841e-09
3.95841e-09
3.95841e-09
3.95841e-09
3.95841e-09
3.95841e-09
3.95841e-09
3.95841e-09
3.95841e-09
3.95841e-09
3.95841e-09
3.95841e-09
3.95841e-09
3.95841e-09
3.95841e-09
3.95841e-09
3.95841e-09
3.95841e-09
3.95841e-09
3.95841e-09
3.95841e-09
3.95841e-09
3.95841e-09
3.95841e-09
3.95841e-09
3.95841e-09
3.95841e-09
3.95841e-09
3.95841e-09
3.95841e-09
3.95841e-09
3.95841e-09
3.95841e-09
3.95841e-09
3.95841e-09
3.95841e-09
3.95841e-09
3.95841e-09
3.95841e-09
3.95841e-09
3.95841e-09
3.95841e-09
3.95841e-09
3.95841e-09
3.95841e-09
3.95841e-09
3.95841e-09
3.95841e-09
3.95841e-09
3.95841e-09
3.95841e-09
3.95841e-09
3.95841e-09
3.95841e-09
3.95841e-09
3.95841e-09
3.95841e-09
3.95841e-09
3.95841e-09
3.95841e-09
3.95841e-09
3.95841e-09
3.95841e-09
3.95841e-09
3.95841e-09
3.95841e-09
3.95841e-09
3.95841e-09
3.95841e-09
3.95841e-09
3.95841e-09
3.95841e-09
3.95841e-09
3.95841e-09
3.95841e-09
3.95841e-09
3.95841e-09
3.95841e-09
3.95841e-09
3.95841e-09
3.95841e-09
3.95841e-09
3.95841e-09
3.95841e-09
3.95841e-09
3.95841e-09
3.95841e-09
3.95841e-09
3.95841e-09
3.95841e-09
3.95841e-09
3.95841e-09
3.95841e-09
3.95841e-09
3.95841e-09
3.95841e-09
3.95841e-09
3.95841e-09
3.95841e-09
3.95841e-09
3.95841e-09
3.95841e-09
3.95841e-09
3.95841e-09
3.95841e-09
3.95841e-09
3.95841e-09
3.95841e-09
3.95841e-09
3.95841e-09
3.95841e-09
3.95841e-09
3.95841e-09
3.95841e-09
3.95841e-09
3.95841e-09
3.95841e-09
3.95841e-09
3.95841e-09
3.95841e-09
3.95841e-09
3.95841e-09
3.95841e-09
3.95841e-09
3.95841e-09
3.95841e-09
3.95841e-09
3.95841e-09
3.95841e-09
3.95841e-09
3.95841e-09
3.95841e-09
3.95841e-09
3.95841e-09
3.95841e-09
3.95841e-09
3.95841e-09
3.95841e-09
3.95841e-09
3.95841e-09
3.95841e-09
3.95841e-09
3.95841e-09
3.95841e-09
3.95841e-09
3.95841e-09
3.95841e-09
3.95841e-09
3.95841e-09
3.95841e-09
3.95841e-09
3.95841e-09
3.95841e-09
3.95841e-09
3.95841e-09
3.95841e-09
3.95841e-09
3.95841e-09
3.95841e-09
3.95841e-09
3.95841e-09
3.95841e-09
3.95841e-09
3.95841e-09
3.95841e-09
3.95841e-09
3.95841e-09
3.95841e-09
3.95841e-09
3.95841e-09
3.95841e-09
3.95841e-09
3.95841e-09
3.95841e-09
3.95841e-09
3.95841e-09
3.95841e-09
3.95841e-09
3.95841e-09
3.95841e-09
3.95841e-09
3.95841e-09
3.95841e-09
3.95841e-09
3.95841e-09
3.95841e-09
3.95841e-09
3.95841e-09
3.95841e-09
3.95841e-09
3.95841e-09
3.95841e-09
3.95841e-09
3.95841e-09
3.95841e-09
3.95841e-09
3.95841e-09
3.95841e-09
3.95841e-09
3.95841e-09
3.95841e-09
3.95841e-09
3.95841e-09
3.95841e-09
3.95841e-09
3.95841e-09
3.95841e-09
3.95841e-09
3.95841e-09
3.95841e-09
3.95841e-09
3.95841e-09
3.95841e-09
3.95841e-09
3.95841e-09
3.95841e-09
3.95841e-09
3.95841e-09
3.95841e-09
3.95841e-09
3.95841e-09
3.95841e-09
3.95841e-09
3.95841e-09
3.95841e-09
3.95841e-09
3.95841e-09
3.95841e-09
3.95841e-09
3.95841e-09
3.95841e-09
3.95841e-09
3.95841e-09
3.95841e-09
3.95841e-09
3.95841e-09
3.95841e-09
3.95841e-09
3.95841e-09
3.95841e-09
3.95841e-09
3.95841e-09
3.95841e-09
3.95841e-09
3.95841e-09
3.95841e-09
3.95841e-09
3.95841e-09
3.95841e-09
3.95841e-09
3.95841e-09
3.95841e-09
3.95841e-09
3.95841e-09
3.95841e-09
3.95841e-09
3.95841e-09
3.95841e-09
3.95841e-09
3.95841e-09
3.95841e-09
3.95841e-09
3.95841e-09
3.95841e-09
3.95841e-09
3.95841e-09
3.95841e-09
3.95841e-09
3.95841e-09
3.95841e-09
3.95841e-09
3.95841e-09
3.95841e-09
3.95841e-09
3.95841e-09
3.95841e-09
3.95841e-09
3.95841e-09
3.95841e-09
3.95841e-09
3.95841e-09
3.95841e-09
3.95841e-09
3.95841e-09
3.95841e-09
3.95841e-09
3.95841e-09
3.95841e-09
3.95841e-09
3.95841e-09
3.95841e-09
3.95841e-09
3.95841e-09
3.95841e-09
3.95841e-09
3.95841e-09
3.95841e-09
3.95841e-09
3.95841e-09
3.95841e-09
3.95841e-09
3.95841e-09
3.95841e-09
3.95841e-09
3.95841e-09
3.95841e-09
3.95841e-09
3.95841e-09
3.95841e-09
3.95841e-09
3.95841e-09
3.95841e-09
3.95841e-09
3.95841e-09
3.95841e-09
3.95841e-09
3.95841e-09
3.95841e-09
3.95841e-09
3.95841e-09
3.95841e-09
3.95841e-09
3.95841e-09
3.95841e-09
3.95841e-09
3.95841e-09
3.95841e-09
3.95841e-09
3.95841e-09
3.95841e-09
3.95841e-09
3.95841e-09
3.95841e-09
3.95841e-09
3.95841e-09
3.95841e-09
3.95841e-09
3.95841e-09
3.95841e-09
3.95841e-09
3.95841e-09
3.95841e-09
3.95841e-09
3.95841e-09
3.95841e-09
3.95841e-09
3.95841e-09
3.95841e-09
3.95841e-09
3.95841e-09
3.95841e-09
3.95841e-09
3.95841e-09
3.95841e-09
3.95841e-09
3.95841e-09
3.95841e-09
3.95841e-09
3.95841e-09
3.95841e-09
3.95841e-09
3.95841e-09
3.95841e-09
3.95841e-09
3.95841e-09
3.95841e-09
3.95841e-09
3.95841e-09
3.95841e-09
3.95841e-09
3.95841e-09
3.95841e-09
3.95841e-09
3.95841e-09
3.95841e-09
3.95841e-09
3.95841e-09
3.95841e-09
3.95841e-09
3.95841e-09
3.95841e-09
3.95841e-09
3.95841e-09
3.95841e-09
3.95841e-09
3.95841e-09
3.95841e-09
3.95841e-09
3.95841e-09
3.95841e-09
3.95841e-09
3.95841e-09
3.95841e-09
3.95841e-09
3.95841e-09
3.95841e-09
3.95841e-09
3.95841e-09
3.95841e-09
3.95841e-09
3.95841e-09
3.95841e-09
3.95841e-09
3.95841e-09
3.95841e-09
3.95841e-09
3.95841e-09
3.95841e-09
3.95841e-09
3.95841e-09
3.95841e-09
3.95841e-09
3.95841e-09
3.95841e-09
3.95841e-09
3.95841e-09
3.95841e-09
3.95841e-09
3.95841e-09
3.95841e-09
3.95841e-09
3.95841e-09
3.95841e-09
3.95841e-09
3.95841e-09
3.95841e-09
3.95841e-09
3.95841e-09
3.95841e-09
3.95841e-09
3.95841e-09
3.95841e-09
3.95841e-09
3.95841e-09
3.95841e-09
3.95841e-09
3.95841e-09
3.95841e-09
3.95841e-09
3.95841e-09
3.95841e-09
3.95841e-09
3.95841e-09
3.95841e-09
3.95841e-09
3.95841e-09
3.95841e-09
3.95841e-09
3.95841e-09
3.95841e-09
3.95841e-09
3.95841e-09
3.95841e-09
3.95841e-09
3.95841e-09
3.95841e-09
3.95841e-09
3.95841e-09
3.95841e-09
3.95841e-09
3.95841e-09
3.95841e-09
3.95841e-09
3.95841e-09
3.95841e-09
3.95841e-09
3.95841e-09
3.95841e-09
3.95841e-09
3.95841e-09
3.95841e-09
3.95841e-09
3.95841e-09
3.95841e-09
3.95841e-09
3.95841e-09
3.95841e-09
3.95841e-09
3.95841e-09
3.95841e-09
3.95841e-09
3.95841e-09
3.95841e-09
3.95841e-09
3.95841e-09
3.95841e-09
3.95841e-09
3.95841e-09
3.95841e-09
3.95841e-09
3.95841e-09
3.95841e-09
3.95841e-09
3.95841e-09
3.95841e-09
3.95841e-09
3.95841e-09
3.95841e-09
3.95841e-09
3.95841e-09
3.95841e-09
3.95841e-09
3.95841e-09
3.95841e-09
3.95841e-09
3.95841e-09
3.95841e-09
3.95841e-09
3.95841e-09
3.95841e-09
3.95841e-09
3.95841e-09
3.95841e-09
3.95841e-09
3.95841e-09
3.95841e-09
3.95841e-09
3.95841e-09
3.95841e-09
3.95841e-09
3.95841e-09
3.95841e-09
3.95841e-09
3.95841e-09
3.95841e-09
3.95841e-09
3.95841e-09
3.95841e-09
3.95841e-09
3.95841e-09
3.95841e-09
3.95841e-09
3.95841e-09
3.95841e-09
3.95841e-09
3.95841e-09
3.95841e-09
3.95841e-09
3.95841e-09
3.95841e-09
3.95841e-09
3.95841e-09
3.95841e-09
3.95841e-09
3.95841e-09
3.95841e-09
3.95841e-09
3.95841e-09
3.95841e-09
3.95841e-09
3.95841e-09
3.95841e-09
3.95841e-09
3.95841e-09
3.95841e-09
3.95841e-09
3.95841e-09
3.95841e-09
3.95841e-09
3.95841e-09
3.95841e-09
3.95841e-09
3.95841e-09
3.95841e-09
3.95841e-09
3.95841e-09
3.95841e-09
3.95841e-09
3.95841e-09
3.95841e-09
3.95841e-09
3.95841e-09
3.95841e-09
3.95841e-09
3.95841e-09
3.95841e-09
3.95841e-09
3.95841e-09
3.95841e-09
3.95841e-09
3.95841e-09
3.95841e-09
3.95841e-09
3.95841e-09
3.95841e-09
3.95841e-09
3.95841e-09
3.95841e-09
3.95841e-09
3.95841e-09
3.95841e-09
3.95841e-09
3.95841e-09
3.95841e-09
3.95841e-09
3.95841e-09
3.95841e-09
3.95841e-09
3.95841e-09
3.95841e-09
3.95841e-09
3.95841e-09
3.95841e-09
3.95841e-09
3.95841e-09
3.95841e-09
3.95841e-09
3.95841e-09
3.95841e-09
3.95841e-09
3.95841e-09
3.95841e-09
3.95841e-09
3.95841e-09
3.95841e-09
3.95841e-09
3.95841e-09
3.95841e-09
3.95841e-09
3.95841e-09
3.95841e-09
3.95841e-09
3.95841e-09
3.95841e-09
3.95841e-09
3.95841e-09
3.95841e-09
3.95841e-09
3.95841e-09
3.95841e-09
3.95841e-09
3.95841e-09
3.95841e-09
3.95841e-09
3.95841e-09
3.95841e-09
3.95841e-09
3.95841e-09
3.95841e-09
3.95841e-09
3.95841e-09
3.95841e-09
3.95841e-09
3.95841e-09
3.95841e-09
3.95841e-09
3.95841e-09
3.95841e-09
3.95841e-09
3.95841e-09
3.95841e-09
3.95841e-09
3.95841e-09
3.95841e-09
3.95841e-09
3.95841e-09
3.95841e-09
3.95841e-09
3.95841e-09
3.95841e-09
3.95841e-09
3.95841e-09
3.95841e-09
3.95841e-09
3.95841e-09
3.95841e-09
3.95841e-09
3.95841e-09
3.95841e-09
3.95841e-09
3.95841e-09
3.95841e-09
3.95841e-09
3.95841e-09
3.95841e-09

VECTORS velocity float
0.00531059 0.00120967 -0.0035052
0.00459977 -0.000437352 -7.03193e-05
0.00471237 7.51108e-05 0.000416249
0.00475898 -0.000136593 -0.000385443
0.00389567 0.00236029 -0.00064626
0.000306452 0.000243702 0.000347603
0.00543354 -0.0150137 -0.146562
0.00421822 -0.000187636 0.000229978
0.00524238 0.00017928 -8.60714e-05
0.00453743 -0.000261766 0.000317078
0.00457524 -0.000354173 0.000192124
0.0048195 -0.000533226 0.000287849
0.00480773 9.90034e-05 -0.000309031
0.00380724 0.00136039 -0.000531453
0.00480426 -0.000266762 0.000327212
0.0099664 -0.00244039 0.00486334
0.00432827 -0.000476639 -9.30436e-05
0.00422601 -0.000498649 -9.14314e-05
0.00424847 -0.00046439 -0.000161069
0.00458621 -0.000489356 -2.31184e-05
0.00453433 -0.000183099 0.000174864
0.00456566 -0.000347634 0.000280262
0.00462439 9.16302e-05 -0.000332687
0.00455179 -0.000202154 3.93938e-05
0.00416075 -0.000211949 0.000270601
0.00113923 -0.00252312 0.00151565
0.00441571 -0.000811519 -0.000358973
0.00461241 -0.000296046 0.000248336
0.00461153 -0.000346336 0.000277628
0.00500073 0.000354281 -0.000204077
0.00168216 -9.96525e-05 0.000102605
0.00425392 -9.47492e-05 3.09552e-05
0.00472607 0.0013797 -0.000323408
0.00296461 0.00195507 0.0038315
0.016991 0.00592346 -0.0525704
0.00431219 -0.000408194 -4.0034e-05
0.00385841 -0.000202128 0.000186449
0.00452656 -0.000257504 0.000312965
0.00463183 -0.000438862 -6.87957e-05
0.00441097 -0.000192993 -3.70901e-05
0.0031166 0.00291806 0.00299459
0.00447476 -0.000438919 -0.000169261
0.000991511 0.00972252 0.000292664
0.00321056 -0.00149065 0.00306777
0.00710832 -0.0421698 -0.0129063
0.00457549 -0.000458856 0.00034796
0.00509567 5.75774e-05 -0.0012175
0.00453767 -0.000264446 0.000317976
0.00419242 0.000874861 0.00273463
0.00452191 -0.000533132 0.000399611
0.00435305 -0.000487816 0.000362024
0.00445563 -0.00080087 -0.000386328
0.00421253 -0.000101958 -5.04863e-05
0.00455367 -0.000265993 0.000320253
0.00462296 -0.000396945 -6.85452e-05
0.00488938 0.00134178 -0.000973954
0.00510283 -0.000451252 0.000129424
0.00452206 0.000362419 -0.00044088
0.00448682 -0.000520838 0.000379106
0.00449891 -0.000438546 -9.86106e-05
0.00440618 -0.000326913 0.000265433
0.00453256 -0.000446009 -7.21079e-05
0.00430368 -0.000421473 -8.06694e-05
0.00415227 -0.00327738 0.00143721
0.00436379 -0.0011698 0.00182081
0.00664233 0.000466414 -0.000371731
0.00420759 -0.000467078 -0.000184993
0.00431368 -0.000411553 0.000302256
0.00415075 -0.00209662 -0.000157776
0.00435654 -0.000348415 -0.000178477
0.00432066 -0.00024378 6.3499e-05
0.0036448 0.0036655 0.00224958
0.0042146 -0.000365206 2.41009e-05
0.00804729 0.00422033 -0.00894989
0.00452139 -0.000235485 5.72907e-05
0.00372728 0.00122472 -0.000605571
0.0046544 -0.000451725 -7.22709e-05
0.00437638 0.00113915 -9.88619e-05
0.00436323 -0.00049326 -0.000223224
0.00439346 -0.000326763 -7.67127e-05
0.00483831 -0.1126 -0.122461
0.00441558 -0.000197101 0.000195358
0.00568007 0.00181621 -0.000589068
0.00386634 0.00106516 -0.000193958
-9.21953e-05 0.000315074 -0.000180853
0.00440892 0.00122454 -0.000219734
0.000176137 0.0170449 0.00825923
0.00449288 0.00126427 -0.000241836
0.00445976 -0.000796879 -0.000382469
0.00521363 0.00155884 -0.00109274
0.00451912 -0.000256051 0.000306596
0.00450294 -0.000248868 0.000306402
0.00448569 -0.000282478 0.00023727
0.00437656 -0.000446315 -4.07482e-05
0.00480346 0.000277177 -0.000181268
0.00431213 -0.00039287 -0.000163196
0.00436647 -0.000156962 -6.91352e-05
0.00454494 -0.000336509 0.000271647
0.00188084 0.00145769 -0.0125068
0.00423972 -0.000387212 0.000222995
0.00500992 0.000462108 9.25971e-05
0.00476615 0.00185694 -0.000933962
0.00454641 -0.000353374 0.000281438
0.00476351 0.000109167 0.000282651
0.00443575 -9.14762e-05 0.000113127
0.00434575 -0.000457284 -8.2025e-05
0.00418887 0.000608179 -0.000767577
0.00467919 -0.000386032 6.29848e-05
0.00432009 -0.000426302 0.000325066
0.00433441 -0.00108985 0.00031978
0.00518615 -3.41999e-05 -0.000269311
0.00656747 0.00133675 -0.000545576
8.67215e-05 0.0339893 -0.0298771
0.00486639 -0.000962137 -0.000321455
0.00448508 -0.000817581 -0.000370806
0.00350395 0.00146805 -0.000795183
0.00867949 -0.00820461 -0.018979
0.0046102 -0.000444709 -7.03113e-05
0.00439579 -0.000439426 -9.33639e-05
0.00404964 -0.00281387 0.000642035
0.00439292 -0.000473269 -9.95637e-05
0.00441117 -3.31089e-05 -4.19372e-05
0.00460582 1.46923e-05 0.000412038
0.00452977 -0.000533854 0.000398402
0.00364947 0.00302115 0.00320164
0.00297123 0.0035786 -0.00556538
0.00457695 -0.00023585 0.000209001
0.00458537 -0.000284865 0.000287801
0.00641501 -0.00146604 0.00270336
0.00341796 0.00118833 0.000481338
0.00463239 -0.000206998 0.000102662
0.00446679 -0.000487228 0.000364113
0.00510109 -0.000419742 -0.000447044
0.00440518 -0.000399819 0.000308333
0.00463014 -0.000322408 3.43159e-05
0.00379351 0.00145492 -0.000641218
0.00460329 -0.000358974 0.000285048
0.00487266 -0.000251288 -0.000137736
0.00440748 -0.00042786 -0.000179356
0.00451834 -0.000852538 -0.000344281
0.00462198 -0.000369926 0.000292353
0.00463969 -0.000457838 -6.85696e-05
0.00524512 0.00201242 -0.000855167
0.00683915 0.00153755 -0.00101757
0.00462008 0.000531738 -0.000564128
0.0041731 -0.000380179 -0.000388649
0.00444715 -0.000437389 -9.17484e-05
0.00404512 0.00145022 -0.000479512
0.00461194 -0.000978012 -0.000290777
0.00416431 -0.00214306 0.000190651
0.00320394 -0.00148534 0.00127925
0.00440474 -0.000418256 -0.000166131
0.00461693 -0.00102351 -0.000376494
0.00474855 -0.000457676 -5.95402e-05
0.00564865 0.00151888 -0.000262216
0.00397162 -0.00187024 0.00316248
0.00180849 0.00063834 0.000259294
0.00460425 -2.29426e-05 -0.000292721
0.00429518 5.06341e-05 0.000384918
0.0044038 -0.000167951 0.000163499
0.00424584 -0.000307481 0.000226301
-1.17713e-14 1.36516e-14 -1.55342e-13
0.00525218 -0.000487291 0.00110662
0.00363351 0.000677983 -0.000521196
0.00460116 -0.000454201 0.000344549
0.0049421 0.000322329 -0.000191699
0.00427063 -0.000750605 0.000691367
0.00337225 0.000643693 0.00215294
0.00476873 -0.000329411 7.44553e-05
0.00364776 0.00118337 -0.000808333
0.00466299 -0.000371995 3.84178e-06
0.00436972 -0.000270519 0.000224208
0.00429739 -0.000429801 0.00010631
0.00478593 -8.08246e-05 0.000280508
0.0031624 0.00275703 -0.00316214
0.00464395 -0.000370608 0.000293225
0.0048705 0.00149307 -0.000438345
0.00434443 -0.000121257 0.000122219
0.00445336 -0.000310635 -0.000121844
-0.000815701 0.00219749 -0.00128808
0.00367147 0.00387796 0.00212866
0.00163523 0.00345557 -0.00521914
0.00370234 0.00212238 0.000648334
0.00479172 0.00101303 -0.000519802
0.00449395 -0.00015614 0.000168623
0.0093546 -0.00282785 0.00618916
0.00473967 0.000192897 0.000196364
0.00494195 0.00183532 -0.0012021
0.00500489 0.000718979 -0.00107737
0.00436457 0.000106308 -0.00019732
0.00453117 0.000428873 0.000219494
0.0044258 0.00184848 -0.0012164
0.00469222 -1.07223e-05 0.000531244
0.0033729 0.000952274 0.000427837
0.00402195 0.00126504 -0.000389514
0.00436264 -3.06993e-05 0.000519735
0.00362288 -0.00253908 0.00114157
0.00445571 -0.000401937 -8.9832e-05
0.00388596 -0.000802074 0.000464001
0.000126659 0.0184593 -0.00518381
0.00449691 0.00225748 -0.00136691
0.00465828 -0.000369999 3.1703e-05
0.00453638 -0.000543633 0.000402637
0.00462323 -0.000476065 -7.16743e-05
0.00380354 0.000995978 0.000453052
-0.00200009 -0.0105879 -0.0122646
0.00387823 -0.00297749 0.00201106
0.0046033 -0.000325784 -9.97943e-05
0.00415815 -0.00259783 0.00290683
0.00571 -0.00591565 -0.0243233
0.00350805 0.0014919 0.000521826
0.00491486 0.00013624 -0.000382765
0.00481402 0.000257485 0.000380525
0.00397546 -0.00141049 0.00317768
0.00433188 0.000253364 -0.000159841
0.00433315 -0.000433384 -8.93238e-05
0.00137082 0.000290072 0.000156306
0.00474602 0.000140743 -0.000466934
0.00368729 0.000527878 0.000367394
0.00448563 9.09551e-05 0.000156052
0.00399572 0.00232883 -0.00465301
0.00495345 0.00224442 -0.00141145
0.00463274 -0.000349577 4.7275e-05
0.00411143 3.93022e-05 -0.000377419
0.00413162 -0.00135385 0.00290796
0.00479178 -0.000337723 0.00021537
0.0050398 -0.000120933 -0.000100581
0.0044696 2.73563e-06 0.000464798
0.00441442 -9.27499e-05 0.000115224
0.00553846 0.00204171 -0.00531175
0.00431822 -0.000173972 0.000164776
0.00467373 -0.000357618 4.96247e-05
0.00466779 -0.000305713 6.25779e-05
0.00441835 -2.78174e-05 0.000118517
0.00423546 -0.000391829 0.00190329
0.00449623 0.000377927 -1.59712e-05
0.00463729 0.000182732 -0.000255943
0.00456689 0.000249227 -0.000376661
0.00462249 -0.00036699 0.000290532
0.00439793 0.000610741 -0.000825843
0.004554 -0.000452366 -7.04962e-05
0.00438006 -0.00100825 0.00119075
0.00429338 -0.000878989 0.00123192
0.00420176 0.00147155 -0.00056553
0.00465919 -0.000461618 -7.41535e-05
0.00454921 0.00144727 -0.000723416
0.00473027 2.72114e-05 0.000466293
0.00448569 0.00129102 -0.000248256
0.00489284 -0.000437413 8.99523e-05
0.00453781 -0.000362622 4.40553e-05
0.00468204 -8.7067e-05 -3.86615e-05
0.00384412 -0.00121222 0.00123429
0.00408138 -0.00245844 0.00101546
0.0036754 0.000720473 -0.000257718
0.00392709 0.00114251 -0.000150918
0.00461253 -0.000449182 -7.09484e-05
0.00399079 0.000760091 0.000185547
0.00436481 0.00114003 -0.000156223
0.00433076 -0.000325154 -8.02588e-05
0.00430305 -0.000367974 0.000276839
0.00593657 0.0115459 -0.00477296
0.00123532 0.000132311 0.000111968
0.00444407 -0.000167873 -0.000170062
0.00460785 -0.000151292 -2.08837e-05
0.0147382 -0.00523651 0.003952
0.00680054 0.00982323 -0.0138124
0.00712771 0.0018147 -0.000316142
0.00431362 0.000361254 0.000202249
0.00496195 0.000195144 0.0018793
0.00548695 0.00270448 -0.00164289
0.0047723 0.000150493 0.000286513
0.00414285 0.0016242 -0.000738162
0.00453796 4.40352e-05 0.000425699
0.00439304 0.00111986 -0.000103411
0.00465216 -0.000402247 6.98512e-05
0.00448583 -3.08346e-05 0.000511234
0.00431799 -0.000840761 0.000197851
0.0047144 -0.000297971 -0.000283118
0.00569493 0.00117255 -0.00365201
0.00468026 0.000162473 0.000187288
0.00476117 0.000192537 0.000207381
0.00376367 -0.000653513 0.000934016
0.00438734 -0.00235952 -0.000637111
0.00334088 0.000981291 0.000418502
0.00524694 0.000225943 -0.000279324
0.00445656 -0.00103511 -4.45606e-05
0.00422936 -0.000331218 0.000249684
0.00940619 -0.002521 0.00497182
0.00480983 2.37465e-05 -7.06623e-05
0.00502792 0.00365297 -0.00133735
0.00492155 0.000492504 -0.000249793
0.00400933 -0.000742835 -0.000158196
0.00483107 0.00139022 -0.00097002
0.00435727 0.00101692 -3.86678e-06
0.00627752 0.000888693 -0.00106567
0.00382123 0.00159029 0.000496885
0.00555805 0.00149034 -0.00373219
0.000290416 -0.0024059 0.00122746
0.00421735 0.00220981 0.0007297
0.00462161 0.00153724 -0.000549165
0.00430728 -0.000449958 0.000328754
0.00454474 0.000379199 -0.000608415
-0.000308456 0.000474443 -5.04385e-05
0.00424293 -0.000699941 0.000939918
0.00437325 -0.000537526 0.000608364
0.00458779 3.00459e-05 0.000484036
0.00472323 0.000462642 8.74044e-05
0.00396852 -0.000228377 0.00298194
0.00365357 -0.0079009 -0.00043122
0.00483003 9.60484e-05 -9.98825e-05
0.00286339 0.000828875 0.000359726
0.00439003 -0.000352004 0.000475001
0.00391176 0.00102868 -0.00015029
0.0048939 8.79626e-05 -0.00010989
0.0048844 -0.00165942 0.000645351
0.00493266 0.00144223 -0.000551121
0.00547133 0.0011298 -0.00346627
0.00171572 -0.000118378 9.63918e-05
0.00494623 -0.000294195 -0.000160723
0.00405236 -0.00178498 0.000709665
0.00445454 -0.000965893 0.000239137
0.00266997 -0.00306591 0.00742931
0.00376811 0.00167812 -0.000780456
0.00449277 -0.000301431 -0.000108724
0.00366358 -0.00112255 0.00113359
0.00284848 -0.00014074 0.000295352
0.00538021 0.00182501 -0.00126321
0.00468683 0.000836076 -0.00070616
0.00461005 -0.000362868 0.000287617
0.00465692 -0.000342645 6.19269e-05
0.00436197 -0.00102361 0.000281878
0.00353 -0.00136314 0.00126958
0.0041973 -0.000305854 -6.54647e-05
0.00485966 0.000727213 -3.11188e-05
0.00404253 0.000773789 -0.000691788
0.00576492 0.00108458 -0.00341779
0.00330308 0.000325284 -0.000397639
0.00580611 0.00462876 -0.0101883
0.00461341 -0.000456199 0.00056367
0.00477866 5.20184e-05 0.000328166
0.00432018 0.000774612 0.000881913
0.00294555 0.00112223 0.000412513
0.00410452 -0.00115407 0.00216738
0.00464083 -0.000129248 -3.79353e-05
0.00541939 -0.000345334 0.000405886
0.00285544 0.00128039 0.000441069
0.00451772 0.00188421 -0.000746682
0.0048234 5.9335e-05 0.000248899
0.00494125 0.000210329 -0.000155036
0.00349704 5.96556e-05 -0.000259191
0.0040355 0.000778645 -0.000661687
0.000596083 0.000733786 0.000176633
0.0036597 0.00389279 -0.00152462
0.00654882 -5.24732e-05 -0.000306925
0.00470713 -0.000221635 7.35238e-06
0.00409576 -0.00119032 0.0021392
0.00463874 -0.000392044 6.97327e-05
0.00426844 -0.000526531 -0.000406161
0.00132781 0.00161168 -0.00083527
0.00414964 0.00415266 -0.00131327
0.0046254 2.45723e-05 0.000481771
0.00467915 -0.000312018 4.73624e-05
0.00643059 0.00148578 -3.48843e-05
0.00467269 -0.000295174 2.86746e-05
0.00487716 0.000192461 -0.000138218
0.00207696 0.000431175 0.000137419
0.00601747 0.00137204 -0.00393758
0.00202925 0.00203447 -0.00368594
0.00462355 0.000469396 -0.000525765
0.00483888 -6.23723e-05 -7.19361e-08
0.00476858 -0.000123857 -6.30691e-05
0.00314022 0.00335844 -0.00371142
0.00463222 -0.000386597 5.65196e-05
0.00464427 -0.000223154 -9.87458e-06
0.00473799 1.32043e-05 0.000310161
0.00465663 -0.000394789 3.89457e-05
0.00521393 -0.00037558 0.00102303
0.00427433 0.00149785 -0.000598794
0.00427853 -4.45947e-05 0.000517248
0.0027931 0.00362983 -0.00147961
0.00267571 -0.00153459 0.000936884
0.00476391 -0.000239309 -4.31799e-06
0.00470714 -0.000299597 1.82604e-05
0.00588591 0.00437307 -0.00115704
0.00447726 3.12911e-05 0.000431646
0.00205765 -0.00105626 -0.000105926
0.00643167 0.00563958 -0.00301955
0.00534888 0.00196086 -0.000804582
0.00478492 -0.000197787 0.000138227
0.00443733 0.00118705 -0.000199048
0.00435427 -0.000191177 -1.56151e-05
0.00424255 -0.00129186 0.00224762
0.00555008 0.00106938 -0.00336637
0.000133426 0.000106608 7.12934e-06
0.00389907 -0.00269052 0.00189421
0.00200535 0.00136212 0.000185353
0.0046533 -0.00110456 0.000959197
0.00473292 3.4511e-05 7.50496e-05
0.00463775 -6.52661e-05 -5.52888e-05
0.00585231 0.00362567 -0.00218167
0.00463187 -0.00011725 0.00040586
0.0048732 4.84456e-06 -8.54579e-05
0.00439765 -0.000261807 -0.000115753
0.00500365 0.000343136 -0.000463676
0.00684539 0.00268018 -0.00965905
0.00466968 -5.2092e-05 0.000376571
0.0108208 0.0127693 -0.0270401
0.00444883 0.00015127 -0.000616772
0.00484213 -4.31243e-05 -0.000182342
0.00313048 -0.000693692 0.000860131
0.00373619 0.000639755 0.000412845
0.00473872 0.000146309 -9.48612e-05
0.00478288 0.000229559 0.000279601
0.00542919 0.000721228 -0.00350549
0.00473843 -0.00127568 -0.000697315
0.00581142 0.016418 -0.00880163
0.00461634 -0.00017476 -0.000207486
0.00441795 -4.16764e-05 0.000509889
0.00486159 0.000453833 -0.000734586
0.00435795 0.00027526 -0.000153591
0.0046399 -0.000313649 -2.03046e-05
0.00663668 0.00550394 -0.00162801
0.00487621 0.000157191 -0.000591114
0.00466805 -0.000121487 0.000311157
0.00465512 -7.98642e-05 0.000446556
0.00584127 0.00217392 -0.00274939
0.00471407 -0.000387467 6.81974e-05
0.00451718 0.00547504 -0.00125413
0.00487403 0.000322625 0.000187386
-1.06454e-10 -2.77712e-11 -3.67211e-12
0.00464576 -0.000370525 4.59862e-05
0.00466214 -0.000196383 0.000388617
0.00488935 0.00028909 0.00013772
0.0046268 -0.000133171 -3.42235e-05
0.00383365 -0.00233017 0.00286423
0.0047273 -0.000301854 0.00086842
0.00384611 -0.00243127 -0.000250676
0.0047655 -0.00156124 0.00153448
0.0048327 -0.000305918 -0.000328328
0.00471387 -0.000159536 5.53737e-05
0.00962526 -0.00195517 -0.0153877
0.0054474 0.00102485 -0.00324694
0.00496639 -0.000106171 -6.59485e-05
0.00471763 1.00182e-05 0.000326031
0.00458626 0.000637027 -1.03363e-05
0.00360224 0.000287435 0.000336526
0.00398044 0.000534052 -0.000534132
0.00479289 -0.000203254 0.000848572
0.00503335 -0.00039537 0.00099326
0.00440223 2.5604e-06 0.000463827
0.00493698 -6.43189e-05 0.000826848
0.00312554 -0.00144289 0.0045173
0.00460004 -0.000954355 0.000762442
0.00447423 -0.0015711 -0.000333167
0.00418286 -0.00160185 -0.000300164
0.00477345 -0.000426924 2.68777e-05
0.00467022 -0.000300799 -3.71899e-05
0.00459211 -0.00120375 0.000166301
0.000279302 -0.0646491 -0.0598406
0.0045648 -2.46647e-05 0.000122448
0.00423758 -0.000925838 0.00114644
0.00459901 3.7064e-05 0.000433656
0.00514866 0.00134566 -0.00370558
0.00562111 0.00156138 -0.00411406
-5.17566e-05 0.00377549 -0.00348262
0.00314577 -0.000143976 0.000565716
0.00460492 1.76798e-05 0.000497952
0.00458538 0.000263766 0.000217933
0.00437644 0.00501987 -0.0112045
0.00464162 -0.000206994 -6.987e-05
0.00078025 0.000764447 -0.000269774
0.00437255 0.000461042 -0.000224565
0.00197804 0.00117028 0.000192876
0.00451769 5.38789e-05 0.000396678
0.0046466 -0.000391389 6.85908e-05
0.00573968 0.00190743 -0.00482915
0.0199499 0.00814639 -0.0176096
0.00427657 -0.000656358 -4.32968e-05
0.00463801 -0.000413932 7.07553e-05
0.0043336 0.00470981 -0.0104714
0.00408204 0.000262564 -0.000356856
0.0052409 0.00131205 -0.00357902
0.00408837 -0.00142056 -1.83451e-07
0.00458751 5.33595e-05 0.000415584
0.00477864 0.00227466 -0.00153721
0.00513814 -0.00092443 -0.000398771
0.00600936 0.00277598 -0.00342963
0.00517478 -0.00267 0.0010825
0.00501609 -0.000290398 -0.000248326
0.00455789 -0.000375618 6.80702e-05
0.00454534 3.97934e-05 0.000473925
0.0083347 0.00577028 -0.00744584
0.00480321 -0.000216482 -0.000367284
0.00564158 0.00137402 -0.00312195
0.0043082 7.8909e-05 0.000350432
0.00479129 -0.000101221 0.00024625
0.00438466 2.52619e-05 0.000135544
0.00436611 -0.000670617 -0.000112058
0.0013434 -0.000924861 0.00168294
0.00489737 -0.00120138 -0.000383726
0.00465397 -2.17263e-06 0.000488714
0.00465259 -0.000362403 9.1766e-05
0.00259077 0.00515324 -0.011918
0.00463464 0.000468139 9.02827e-05
0.00332431 0.00274257 0.00235606
0.00109159 0.00177978 -0.000892507
0.00469821 -0.00012544 2.56078e-05
0.00475871 -0.000412469 8.36808e-05
0.00016689 -3.01176e-05 -0.000431215
0.00512333 -0.000378038 0.000988941
0.00510143 0.000848725 -0.000741428
0.00526301 -0.000267909 0.000960294
0.0056407 0.00468422 -0.00176924
0.00259781 0.000269226 0.00030178
0.0048016 -0.00122679 -0.000453866
0.00204233 -0.000130432 0.000235897
0.020992 0.00532118 -0.011183
0.00441117 -0.00155465 -0.000294971
0.00516965 -0.000559787 0.000509636
0.00460117 0.000198597 -0.000508211
0.00483615 0.000752017 -4.77531e-05
0.00445217 -0.000382998 -0.000413733
0.00521676 -0.000319938 0.000964349
0.00574326 0.00149044 -0.00404101
0.0046797 -0.000283789 1.85582e-05
0.00471946 -0.00133917 -0.000609483
0.0047789 -0.000261239 0.000304832
0.00447139 2.24762e-05 0.000456759
0.00431524 6.54799e-06 0.000464031
0.00253863 -0.00814842 0.000526808
0.00465908 -0.000431927 8.46566e-05
0.00466677 -0.000338382 3.53397e-05
0.00509109 0.0010185 -0.00406552
0.00592837 0.00205311 -0.00558346
0.00521651 -0.000527998 -0.000190552
0.00442051 7.85096e-05 0.000346597
0.00463988 0.00358024 -0.00120166
0.00526206 0.00130827 -0.00365656
0.00319262 0.00123431 -0.00165584
0.000450756 -0.0137574 -0.0174461
0.00451082 -0.000401054 0.000492845
0.00418868 -0.000332172 0.000253507
0.00723891 0.00123803 -0.00307879
0.00420619 -0.00172914 -0.000297428
0.000440488 0.00351399 -0.00027988
0.00457886 0.00117153 -0.000270101
0.00553063 0.00167198 -0.00419701
0.0046572 -0.000407174 0.000956654
0.00538824 -0.000570326 -0.000763585
0.00458261 -0.00139725 -0.000391031
0.00446676 -2.30885e-05 -0.000444685
0.00466078 -0.000345988 5.98828e-05
0.00422752 -0.00107424 0.00226325
0.00582459 -0.000747426 0.00126997
0.00737096 0.00184939 -0.00151768
-0.00566696 0.00757954 -0.0225398
0.00475988 0.000135629 -1.39486e-05
0.00478209 -0.000431154 7.85058e-05
0.000954078 0.000834529 -0.000449253
0.00513472 0.00222173 -0.00233688
0.00259492 0.0015335 -0.00088298
0.00410666 -0.00120516 -0.000295908
0.00472194 -0.000214496 -0.000371253
0.00498108 -0.00104491 0.00157788
0.00473781 0.000154611 0.00029564
0.004939 0.00041897 0.000197216
0.00338983 0.00346498 -0.00181943
0.0074056 0.00504992 -0.000962073
0.0037542 -0.000349333 0.000765527
0.00928092 0.00600797 -0.0132698
-0.00161006 0.00722131 -0.00102431
0.0045483 -0.000469071 0.000383731
0.025505 0.00733532 -0.0155469
0.00512349 -0.00754584 -0.00446017
0.00479333 -0.000385491 6.5531e-05
0.00424596 -0.0010015 0.00108482
0.0154218 0.00709096 0.00318669
0.00549153 0.00125878 -0.00337692
0.00462274 -0.000319854 -2.5347e-05
0.00601093 -0.00113841 -5.77469e-06
0.00554898 -0.000333621 -0.00591598
0.00408505 -0.000324377 0.000787439
0.00556544 0.00125556 -0.00332958
0.00572255 0.00149965 -0.00401836
0.00453012 -0.000258666 0.000395183
0.00515756 0.00127194 -0.00353084
0.00433175 -0.00139283 -0.000222367
0.00464941 -0.000348792 -0.000251748
0.00455678 -0.000497386 7.68866e-05
0.00465381 -0.000384393 0.000923405
0.00326204 -0.00469717 0.000117915
0.00477362 -0.000105402 0.000166498
0.00468987 -0.000268911 1.19045e-05
0.00443682 5.61894e-05 -0.000497436
0.00574995 0.00179749 -0.00450057
0.008026 0.00261021 -0.00573438
0.00513204 0.000501776 -0.000253562
0.00545472 0.00144212 -0.00390286
0.00299293 -0.00138185 0.00117292
0.00460663 0.00315549 -0.00352337
0.0045909 -0.000809614 0.000346514
0.000758909 0.000770397 6.35918e-05
0.00436758 0.00441105 -0.00176716
0.00546911 0.00155765 -0.00426361
0.0050348 0.000408891 -0.000221618
0.00451896 -0.000885016 0.000871715
0.00497818 -0.00013098 -0.00188235
0.00445008 -0.00122519 7.41955e-05
0.00813117 0.00232184 -0.0381938
0.00427788 -0.000379768 -0.000189371
0.00473853 -0.000362604 9.56555e-06
0.00556042 0.00113326 -0.00284857
0.00511306 0.00213026 0.00413271
0.00235043 0.000610187 -0.000667505
0.00453567 -0.000459031 0.000358015
0.00583926 0.00128471 -0.00375793
0.00509515 0.00381736 -0.00125214
0.00326158 0.0031614 -0.0018487
0.00199655 0.00653011 -0.00329002
0.00279999 0.00236303 -0.00122069
-0.00353617 -0.016931 0.00683132
0.00236253 0.00499723 -0.0112068
0.0138402 0.00526437 -0.0113628
0.00296296 0.00155624 0.000276774
0.00419418 -0.00131447 -0.000310636
0.00553405 -0.000546687 -0.000301325
0.00458601 -0.000134886 -0.000389766
0.00394844 -0.00270428 0.00206133
0.006722 -0.00245029 0.00117511
0.00619322 0.00542189 -0.00291523
0.00484713 -0.00120286 -0.00039475
0.00100923 0.00245099 -0.00179837
0.00467333 -0.00181506 0.000644036
0.00348622 -0.00579526 0.00239642
0.00686145 0.00372845 -0.0083343
0.00568484 0.00138013 -0.00385989
0.00332156 0.0041204 -0.00124694
0.00859307 0.0021675 -0.00585844
0.00422733 -0.00171892 0.000103416
0.00547535 0.00153032 -0.00401868
0.00540284 0.00201317 -0.00471504
0.0092188 0.00449359 -0.00152262
0.00450254 -0.00261143 0.00197778
0.00409773 -0.00097435 0.00114797
0.00478211 -0.00133948 -0.000406996
0.00565058 0.00105886 -0.00333268
0.00496576 0.000801015 0.000310184
0.00357088 -0.00535764 -0.000886245
0.00154641 0.00441261 -0.00218843
0.0022219 0.00102324 0.000221229
0.0056891 0.0010562 -0.00338163
0.00335022 0.000462211 -0.000204382
0.00323327 -0.00215209 0.00229611
0.000767859 -0.000412136 -0.000197163
0.00400713 0.000678691 7.27183e-05
0.00684879 0.00282932 -0.00206397
0.00432169 -0.000967981 -7.67032e-06
0.00436793 0.000393741 -0.000184332
0.00457746 -0.000484072 0.0003767
0.00481437 -0.000660999 0.00107863
0.00452887 -0.000461787 0.000370876
0.00569138 0.0047485 -0.00373898
0.0037131 0.000197616 -0.000353428
0.00592133 0.00148241 -0.00411809
0.00479597 -0.00416931 0.000718132
0.00470699 -0.000467637 0.00100246
0.00522672 -0.00379116 -0.00412582
0.0157039 0.0109205 -0.0178811
0.00417934 -0.000159975 -0.000320854
0.00465805 -0.00419453 0.00184267
0.00451954 -8.37697e-05 0.000110978
0.00216033 0.00532602 -0.00256271
0.00726661 -0.0010884 0.00035252
0.0045922 0.000526703 0.000999997
0.0043143 -0.00133629 -0.000318066
0.00466519 -0.000141383 9.40249e-05
0.00630614 0.00190498 -0.00973047
0.00577928 0.001068 -0.00338445
0.00474615 -0.00106778 0.000377262
0.00472147 -8.76098e-05 0.000136187
0.000672196 -0.000677001 -7.83575e-05
0.00496558 0.000349781 -0.001048
0.00457643 -0.00138088 -0.000424333
0.00182243 0.00213126 -0.000819211
0.00340421 0.00530757 -0.00227534
0.00365124 -0.00025823 -0.000133413
0.00474357 0.00569524 -0.00794397
0.00867912 0.00217278 -0.00578466
-0.00314104 -0.00220784 -0.00776811
0.00566108 0.00103963 -0.00333077
0.00694124 0.00358864 -0.00781507
0.00511419 -0.0051259 -0.00634451
0.00498265 0.0025497 -0.00184868
-0.00635092 0.00148909 0.0138102
0.00280907 0.0050394 -0.0112864
0.00463171 -0.000698362 0.00109206
0.00645166 0.00303035 -0.00669962
0.00560867 0.0023011 -0.00323049
0.00448668 -0.000729919 0.00160625
0.00279001 -0.00111005 0.000616363
0.00100114 0.00651585 -0.0146987
0.00464055 -0.000784765 0.000496699
0.00555991 0.00099829 -0.00324985
0.00428623 -0.000789623 7.90393e-06
-0.00134615 -0.0194785 -0.0019646
0.0040193 0.000101372 -0.000305787
0.00445703 -4.393e-05 0.000647501
0.00407391 -0.00249845 0.00100641
0.0035285 0.00628675 -0.00276753
-0.0019888 0.0068039 -0.00390514
0.00507841 -0.000262757 0.000930851
-1.23404e-07 1.70557e-08 2.21449e-09
0.00533745 0.000106439 -0.000611021
0.00920929 0.0048156 -0.00703411
0.00482478 8.72494e-05 0.000295272
0.00161822 0.00130117 -0.000709833
0.00307772 -0.0013192 0.0011699
0.00506088 -0.000115935 -6.3844e-05
0.00199174 0.00167126 -0.000876556
0.00470733 -0.000450341 -0.000263965
0.000240225 0.00305903 -0.00127992
0.00672596 0.00711904 -0.0149343
0.00466214 -0.000917675 0.00117965
0.00301554 0.00384516 -0.00166941
0.00295941 -0.00152277 -0.00120418
0.00622911 0.0039131 -0.00868762
0.00447526 -0.000231011 0.000361872
0.00430219 -0.000546865 0.000954972
0.00277678 0.00152522 -0.0008282
0.00523409 -0.000390523 -0.0025577
0.00392544 -0.00512696 -0.0109691
0.00518573 -0.00246531 0.00111323
0.00349703 -0.00319783 0.000530146
0.00572678 -0.000213041 0.000995441
0.00189323 -0.0132624 -0.00183099
0.00423481 -0.00029939 0.000277548
0.00394634 0.00556333 -0.0028929
0.00545732 0.00502086 -0.00173722
4.67544e-05 -1.17426e-05 -2.33494e-05
0.00467579 -0.000352324 -0.000282911
0.00942792 0.0101712 -0.0205616
0.00296958 -0.00137485 0.00123464
0.00422096 -0.00644544 0.00407747
0.00288715 0.00184079 0.000817884
0.00203578 0.00128086 0.000193619
0.00449573 -7.32238e-05 -0.000411138
0.00505844 -0.000496812 0.00100368
-0.00147124 0.00466255 0.00016701
0.00352689 -0.00396035 -0.0008031
0.00530756 0.000974626 -0.00326779
0.00147948 0.00397753 -0.00285582
0.00406245 -0.000320634 -0.000229601
0.00327539 0.00152899 -0.00421249
0.000851743 -0.00111161 0.000449934
0.00767151 -0.0102392 -0.0147767
0.00432268 0.000109184 -0.000343234
0.0177188 -0.00266773 0.00221374
0.00326359 -0.0123659 -0.0078205
0.00020745 0.000535548 7.33736e-06
0.00299118 -0.00258853 0.0010402
0.0048444 0.000149734 1.97025e-05
0.00611688 0.00152103 -0.00410003
0.00356969 0.00318508 -0.00817416
0.00770228 0.00527372 -0.00651742
0.00528714 -0.000269787 -0.000367202
0.00528802 -0.000568019 -0.000179454
0.00424889 -0.00152299 -0.000279946
0.000965464 4.39606e-06 -0.000451639
0.00548744 0.00146673 -0.00410586
0.000864559 0.00255057 -0.00488767
0.00538733 0.00102801 -0.00323271
0.00405218 -0.00119789 0.0012457
0.00550845 0.00126621 -0.00360811
0.00437854 0.00018851 -0.000388674
0.00459492 -0.000586842 0.000237099
0.00574485 0.00111249 -0.00352062
0.00100001 0.00368331 -0.00701763
0.00523368 0.00139055 -0.00372787
0.00446991 -0.000111501 -0.00040819
0.00466709 -0.000271885 0.000866995
0.00615373 0.00519475 -0.00368005
0.00504308 -0.000363764 0.000995291
0.00486762 -0.000654358 -0.000100939
0.0182167 0.00323104 -0.02743
0.00703063 0.000941968 -0.00673247
0.00391284 0.00458122 -0.0101983
0.0043965 -0.000856932 0.00157028
0.01167 0.0124051 -0.0328196
0.000250475 -1.44369e-05 -8.7172e-06
0.00395636 8.46407e-05 -8.12451e-05
0.00406375 -0.000732248 0.000683682
0.00148246 0.00661017 -0.00313071
0.00587546 0.00804831 -0.0179153
0.00237284 0.00068299 0.000231288
0.00471769 -0.000928968 0.000413094
0.0135102 0.00190671 -0.00375884
0.00442266 -0.000816839 0.00157013
0.004525 0.0026673 -0.00511905
0.00152674 -0.000227513 0.000289445
0.00453534 -0.000485939 0.000376491
0.0025356 0.00452841 -0.00972946
0.00466308 -0.000264525 0.000185358
0.00416604 -0.00115767 0.0014587
0.0041959 0.00129319 0.000138101
0.0558178 0.00935501 -0.0188711
0.00688211 0.00451005 -0.00589619
0.00453652 -0.000922096 -8.42766e-05
0.00469194 -0.000487616 -0.000332748
0.00181703 0.000327095 -0.00014617
0.00323507 -0.00051903 0.000282382
0.00363495 0.00375693 -0.00198034
0.00465336 0.000686019 -0.000217359
0.00360207 -0.0040327 -0.000671172
0.00498287 0.00127915 -0.000475003
0.000812747 0.000488952 -0.000217429
-0.000737366 0.00414521 -0.00701366
0.00742955 0.000328589 0.000726588
0.00515127 -0.000188452 -0.000419414
0.00330576 0.000303371 -0.000396186
0.00421716 -0.000320601 0.000828171
0.00580433 0.00151086 -0.004111
0.000933141 0.00205102 -0.000877656
0.00191626 0.00311303 -0.00134526
-0.000616215 -1.88761e-05 9.51826e-06
0.00443054 -9.32736e-05 -0.000420186
0.00436103 0.00034456 -0.000104155
0.00230608 0.0070182 -0.0128593
0.00477319 -0.000420989 -0.000179432
0.00507374 -0.000293073 0.00108497
0.00464058 -0.000300225 0.000437814
0.000945254 0.000615609 7.99527e-05
0.0050219 -0.00031666 0.000918737
0.00199964 0.00212221 -0.000909582
-0.00454929 0.0172353 -0.0382908
0.00472407 -3.57151e-05 -0.000356262
0.0043349 -0.000461928 8.89033e-05
0.00802434 0.00615404 -0.00340442
0.00141484 -0.00233034 0.000969865
0.00519323 -0.000512869 -0.000227149
0.00425799 0.00314985 -0.00172085
-0.000291287 0.00273009 -0.000338086
0.00502458 -0.000263658 0.00025937
0.00529274 0.00337365 -0.00862793
0.00250995 0.00169256 0.00023279
0.00329946 -0.00146442 0.000450772
-0.000941846 0.00646758 -0.00457215
0.00469705 0.0048192 -0.0107905
0.00342591 -0.00234379 0.000821981
0.00451055 0.000163586 -0.000492877
0.00429138 -0.000425692 -2.5302e-06
0.00420078 -0.000435191 0.000671956
0.00237936 0.00294819 -0.00128078
0.0014041 0.00422447 -0.00207861
0.0060916 0.00562705 -0.00326533
0.00451001 0.000700562 -0.000226772
0.0035052 -0.00214317 0.000805059
0.00240726 0.00299232 -0.00153666
0.00448456 -0.000484663 0.000361184
0.00253924 0.00235017 -0.00125217
0.00497805 -0.000299494 -0.000358465
0.00456889 -6.83214e-05 -0.000425461
0.0076338 -0.00111671 -0.013989
0.00501147 0.00222505 -0.00161142
0.00456131 0.000196639 -0.000581186
0.00462337 0.000136888 1.19102e-05
0.00439793 -0.000273688 0.000659704
0.0045613 -4.31952e-05 -0.000449214
0.00210593 0.000920206 0.000197538
0.00448732 -0.000238755 0.000805826
0.00448165 -1.70028e-05 -0.000436556
0.00435196 0.00507845 -0.0027091
0.00434483 -0.000329485 0.000856091
0.00440443 0.00284938 -0.00131254
-0.00228382 0.00443117 -0.00364823
0.00484004 -0.000282702 0.000885173
0.0052366 -0.000251967 -0.0002713
0.0031999 0.00497873 -0.0111441
0.00610744 0.000610877 -0.00244151
0.00499425 -0.000259017 -0.000371191
0.000752794 0.000402355 7.44548e-05
0.0116072 0.00268431 0.00117838
0.00524549 -0.000824613 -0.000113388
0.0017295 -0.0016076 0.00070419
0.00603695 0.0046367 -0.0170824
0.0046923 -0.000432316 0.000978973

VECTORS force float
1.83667e-08 -4.29338e-09 -5.0715e-09
2.09768e-09 2.47081e-09 2.3926e-11
5.68586e-09 1.46541e-10 3.20335e-09
-2.22318e-10 -3.18336e-10 -1.18928e-11
3.46265e-09 1.20538e-08 -4.93524e-09
3.35011e-09 6.64867e-09 -7.67337e-09
0.0 0.0 -3.8832e-08
-1.14282e-08 5.9912e-09 6.86383e-09
2.81074e-08 4.14815e-08 -1.14872e-08
-2.18272e-10 -4.31293e-10 9.83367e-11
3.11644e-10 8.39587e-10 -6.38763e-10
-1.33336e-10 -1.62857e-10 -1.40726e-09
1.97015e-08 2.61256e-08 -1.03898e-08
3.01131e-08 8.994e-09 -5.93742e-09
5.3416e-10 1.50855e-10 -1.92566e-09
6.62757e-09 3.23424e-09 7.67987e-09
-4.13668e-10 9.60813e-10 -6.17713e-11
4.52491e-09 -1.00227e-08 -3.42362e-09
7.69004e-10 -2.26403e-09 9.54503e-11
1.57338e-10 7.78606e-10 -8.97532e-10
-2.70284e-09 -3.4899e-09 1.60211e-09
1.95906e-10 -6.90038e-10 2.86415e-10
5.84925e-09 1.18628e-08 -5.49179e-09
-2.07707e-08 6.11099e-09 -1.06777e-08
-2.00848e-10 -7.50417e-10 7.14846e-11
5.14695e-09 1.61182e-08 -1.10692e-08
6.62033e-10 -6.71805e-10 -5.10293e-10
1.05905e-09 2.87199e-09 -1.68313e-09
-2.01751e-10 1.10386e-09 -7.78202e-10
-3.4585e-10 1.2298e-10 1.53936e-10
2.82926e-08 -3.70132e-09 4.97258e-09
2.09784e-10 2.34988e-10 -1.20285e-11
6.30286e-09 -1.22206e-08 -2.21932e-08
-7.60727e-11 1.4284e-10 4.67289e-10
0.0 0.0 -3.8832e-08
-4.92846e-10 9.8098e-10 -2.73811e-10
-7.62544e-10 -3.90952e-10 -8.42057e-10
-2.93614e-10 -7.00824e-10 3.3676e-10
-1.16405e-09 -3.77692e-09 -6.85561e-11
5.65653e-09 -3.42377e-09 2.19664e-09
-7.58739e-11 1.42598e-10 4.46507e-10
-6.96851e-10 -6.65883e-10 1.04055e-10
0.0 0.0 -3.8832e-08
6.67865e-09 2.09636e-08 -4.09239e-09
0.0 0.0 -3.8832e-08
-1.99833e-10 8.46356e-10 -6.54146e-10
4.07174e-09 7.07968e-09 -2.71692e-08
6.43963e-10 -7.97662e-11 -6.14865e-11
-6.86246e-09 -7.65337e-09 -5.97018e-09
-7.19167e-10 -2.18586e-09 2.31498e-09
5.92184e-10 2.79573e-09 -1.93832e-09
-6.59115e-10 -2.50969e-10 3.7377e-11
1.05208e-08 -1.61536e-09 -8.37456e-11
7.3091e-10 5.32282e-10 -1.48563e-10
-2.56646e-09 2.9747e-09 3.93144e-10
-8.24549e-09 4.75827e-09 -3.53471e-09
-6.26534e-09 1.44064e-08 -3.40939e-08
7.49453e-09 8.84961e-09 -1.58447e-08
-7.83683e-10 -4.1925e-09 1.68339e-09
1.4405e-09 -1.09086e-09 -3.73707e-09
5.06535e-10 -8.73035e-10 8.50589e-10
1.8246e-09 -4.48607e-09 -5.17949e-10
6.38589e-09 -2.12428e-09 1.2102e-09
7.11725e-09 -9.05738e-09 -2.12551e-09
2.27843e-08 1.10875e-08 -1.54371e-08
5.88106e-08 3.20579e-08 3.74494e-08
5.09236e-09 4.91152e-09 -5.70511e-09
-4.18418e-09 1.58703e-09 -4.52783e-09
5.27743e-09 2.10441e-08 -2.21861e-08
-6.61568e-10 -4.19349e-09 -2.55118e-09
8.14328e-09 -6.0972e-09 7.03018e-09
-8.86931e-11 1.96628e-10 3.73224e-10
-1.43068e-10 4.5292e-10 -4.00873e-10
0.0 0.0 -3.8832e-08
7.67432e-09 -4.95358e-09 6.51245e-11
2.5334e-09 2.23697e-08 -2.7135e-08
5.31801e-10 -1.29318e-09 -3.32944e-10
1.90886e-08 -1.37653e-08 2.09896e-08
-2.41742e-09 3.45988e-09 -8.808e-09
3.49567e-09 -3.50296e-09 1.51713e-09
0.0 0.0 -3.8832e-08
2.69192e-10 -3.58127e-09 5.69553e-10
4.75394e-08 3.26401e-08 -3.87294e-08
-5.12884e-10 3.52493e-09 -3.73894e-09
-4.25879e-10 1.45542e-09 -8.35618e-10
8.37896e-09 -1.1136e-08 1.17001e-08
4.03709e-13 3.1446e-10 -2.38821e-10
4.73673e-08 -2.41967e-09 1.73752e-08
2.11587e-10 4.97206e-09 -4.74536e-09
9.34825e-10 -9.39453e-09 8.05408e-09
-1.78645e-10 -9.45983e-10 5.48402e-10
-3.25551e-10 -8.32076e-10 7.4168e-10
9.89802e-10 -2.88823e-09 2.01694e-09
2.60135e-09 1.06058e-09 -5.1013e-09
-4.83513e-09 2.72162e-09 2.24585e-09
8.41658e-10 -2.71019e-10 9.0553e-10
5.14977e-09 -5.70998e-09 9.03846e-10
4.17379e-11 1.17358e-09 -8.38005e-10
5.42839e-07 1.70108e-06 -1.36279e-06
5.26305e-09 1.35205e-09 2.86806e-09
-1.14173e-08 5.22826e-09 -5.4646e-09
-1.91329e-08 -2.38881e-08 -2.80319e-09
-2.85162e-09 3.89773e-10 -2.43931e-10
-1.85367e-09 -5.07239e-09 6.85606e-11
3.98523e-09 4.47651e-10 4.96067e-11
4.4134e-09 -3.71602e-09 7.19593e-10
-7.39841e-10 6.9808e-09 -2.62165e-08
1.24284e-09 1.04388e-09 -1.06265e-09
5.3268e-10 1.67293e-09 -1.3655e-09
6.07664e-09 9.547e-09 -5.64571e-09
8.9414e-09 1.43473e-08 -1.04459e-08
-1.40627e-08 -2.45959e-08 -4.80043e-09
8.2217e-10 3.15349e-09 -2.81128e-08
7.28663e-10 1.37803e-09 -7.46619e-10
1.57845e-09 -7.13343e-10 -3.03811e-11
-2.12287e-08 1.63622e-08 -1.95452e-08
0.0 0.0 -3.8832e-08
1.36519e-09 -1.70412e-09 2.69502e-11
-7.99209e-10 3.37729e-10 3.82581e-10
2.42075e-09 1.33668e-08 -6.72013e-10
-2.64422e-09 -6.19866e-10 -4.01379e-09
8.25974e-09 3.6153e-09 -2.38773e-10
-3.65444e-09 -2.52969e-09 -1.60762e-09
3.41303e-10 4.72825e-10 3.29247e-11
-7.46231e-11 1.76794e-10 3.84204e-10
-2.36699e-07 1.78511e-07 -2.20422e-08
-6.79378e-09 2.24562e-09 -1.38493e-09
-1.16564e-08 6.57114e-09 -3.81385e-09
2.12554e-08 7.14781e-09 -1.59293e-09
6.86179e-09 1.02601e-08 2.476e-09
1.23228e-09 -3.20641e-09 5.67884e-09
6.04895e-11 1.98313e-09 -1.14736e-09
-2.22208e-08 2.12464e-08 5.08474e-08
9.49322e-10 1.60232e-09 -1.32754e-09
-1.56489e-09 4.9947e-09 -8.67306e-10
1.62115e-08 3.24488e-08 -3.77338e-08
-6.36568e-09 -1.22661e-09 8.10893e-10
-1.43206e-09 3.20232e-09 -5.39474e-09
-8.18452e-09 1.96693e-08 -6.1637e-09
2.62635e-11 5.52127e-10 -4.87802e-10
-3.39887e-09 -1.03418e-10 -1.96588e-10
-1.24599e-09 -4.45674e-09 5.23849e-11
7.99217e-09 4.46772e-09 1.21763e-09
3.91469e-08 1.46505e-08 1.1928e-08
1.48673e-08 2.41489e-08 -1.87307e-08
4.95551e-09 -9.27488e-09 1.17355e-08
1.8908e-09 -3.66435e-09 -1.35389e-10
1.2179e-08 1.16878e-08 -7.92092e-09
2.17265e-09 -5.31375e-09 6.6319e-10
8.24703e-09 1.29476e-08 4.96908e-08
-4.03711e-09 3.17479e-09 -2.59493e-09
7.1088e-10 2.73722e-10 -6.38289e-10
3.35205e-09 -9.55734e-09 -7.3136e-09
6.41848e-10 -7.06258e-09 -1.32605e-09
5.53795e-08 2.42648e-08 -3.92137e-09
-7.12677e-09 6.66077e-09 -1.15755e-08
2.43909e-08 1.38343e-08 6.12086e-09
1.48094e-09 5.8158e-09 -1.12628e-08
5.16634e-10 4.22338e-10 7.02356e-11
3.28331e-09 -3.72548e-09 3.61388e-09
-1.31707e-09 -5.03272e-09 3.40147e-09
-1.40621e-23 -2.31611e-23 0.0
-3.88876e-09 1.25176e-08 -6.51383e-09
-3.70571e-09 1.552e-08 -3.1406e-09
-1.97258e-09 -2.81192e-09 1.82858e-09
2.19098e-09 -3.76933e-09 2.15686e-09
-3.87891e-10 1.50098e-08 -2.84692e-09
1.33213e-08 -1.33689e-08 2.40144e-08
-5.66237e-09 6.25603e-10 -1.81641e-10
-1.70608e-08 4.68259e-08 -1.51816e-08
2.62507e-09 1.15344e-08 2.27492e-09
5.8311e-10 -4.31935e-09 2.03944e-09
8.07867e-09 1.39375e-09 -1.85212e-09
9.23429e-10 -6.32061e-10 2.55697e-09
7.5645e-09 3.88328e-08 2.1422e-08
-5.46235e-11 1.46671e-09 -8.0927e-10
-2.42953e-09 -1.31576e-09 -2.68799e-09
1.11078e-08 -4.65799e-09 5.49693e-09
-7.35073e-09 3.30797e-08 -1.54678e-08
5.79613e-10 1.77962e-09 -8.5097e-10
-1.13448e-10 1.47787e-10 4.41403e-10
9.46472e-08 -1.3834e-08 4.55534e-08
-1.64758e-08 1.48106e-08 3.9858e-10
1.52067e-09 -6.5667e-09 1.53455e-08
5.19489e-09 -3.91053e-09 4.39153e-09
3.50493e-08 -2.10574e-08 7.91009e-09
-6.33088e-09 1.32138e-09 -2.94447e-09
1.04288e-09 -8.99143e-10 5.87293e-09
4.49795e-09 -1.20182e-08 -1.40155e-09
3.56669e-09 1.90459e-08 -1.41091e-09
-4.76034e-10 -7.13774e-10 -1.01563e-09
1.60433e-08 -5.46248e-09 1.14984e-09
8.3484e-10 -7.14688e-10 1.4236e-09
4.61064e-09 1.39108e-09 8.54186e-10
-2.09677e-09 6.19203e-09 -9.17894e-09
3.55086e-09 2.6416e-09 -5.00406e-09
-2.92672e-09 1.80356e-11 -4.30898e-09
-6.11107e-11 2.86408e-09 -4.54224e-10
8.79149e-10 -1.60671e-09 1.54075e-08
-1.72446e-12 -8.96009e-11 -3.42228e-10
7.76105e-09 -1.29713e-08 1.2635e-08
2.61113e-09 6.79135e-09 -1.86035e-09
-6.76766e-11 -8.74519e-10 1.13642e-09
2.81329e-09 2.49058e-09 2.74231e-11
4.56758e-09 3.83016e-09 -3.23867e-10
0.0 0.0 -3.8832e-08
-1.17031e-09 -4.69595e-09 1.85788e-08
-2.95097e-09 6.65048e-09 -5.53292e-09
-4.8122e-09 6.81813e-10 -2.7169e-09
0.0 0.0 -3.8832e-08
-8.77988e-09 -3.71561e-09 -1.63839e-10
1.31196e-08 1.71126e-08 -1.98252e-08
4.08371e-09 -4.5993e-09 -4.30424e-09
1.49217e-08 -8.78673e-09 -1.48191e-08
-4.36908e-09 -8.99682e-10 6.77018e-10
3.77321e-10 -1.32509e-09 -4.09252e-10
3.47327e-08 1.42857e-08 3.86168e-09
4.46564e-09 3.70997e-09 7.12527e-09
-1.74552e-09 -3.97624e-09 -1.87834e-09
-5.54282e-09 2.56793e-09 2.36693e-10
1.71717e-08 1.58955e-08 6.46521e-11
2.48662e-09 -4.00023e-09 9.94638e-09
2.9931e-09 1.04214e-08 -1.27387e-09
0.0 0.0 -3.8832e-08
-3.70977e-09 -2.15064e-09 -5.17135e-10
-1.91751e-09 -2.47258e-09 -2.55158e-09
1.05126e-08 2.68457e-09 -1.64759e-08
1.68035e-10 -1.80302e-09 -7.69062e-10
5.81149e-09 -4.62783e-09 5.95327e-09
1.86993e-08 1.78922e-08 -5.44035e-08
1.38459e-08 -4.1261e-09 4.71048e-09
1.98928e-11 2.68589e-09 3.13337e-09
2.96661e-09 4.25616e-09 8.988e-10
1.42722e-09 -8.11183e-09 -2.71155e-09
1.30389e-08 -1.43793e-08 -9.86685e-09
-2.57663e-09 6.01446e-10 3.01808e-09
1.75593e-08 2.32777e-08 -3.88788e-09
-1.11089e-08 1.54864e-08 -9.87201e-09
-2.41231e-09 1.3516e-11 -1.8476e-10
6.57161e-11 3.53891e-08 -9.65413e-10
1.92765e-09 -2.44923e-09 -1.50386e-09
3.0319e-09 -2.64759e-09 4.67118e-09
5.33864e-09 1.14367e-08 -4.96971e-09
6.7065e-09 2.52355e-08 -2.13032e-08
-4.45084e-10 -3.90721e-09 5.36201e-11
1.8307e-08 -1.48906e-08 4.98978e-08
1.74986e-09 -3.90476e-10 -4.08974e-10
4.01601e-08 8.9586e-09 3.98251e-09
-1.62412e-09 -1.52787e-09 -1.75621e-10
3.39458e-09 -7.13519e-10 8.11754e-11
-8.11688e-10 -6.26722e-09 2.89988e-10
2.20325e-09 4.23173e-10 -5.99242e-10
4.74231e-10 5.09442e-09 -1.97209e-09
-2.08498e-08 3.18525e-08 1.5986e-08
1.66776e-08 -1.36449e-09 9.50166e-09
1.85426e-09 3.34328e-10 1.84477e-10
1.57543e-08 1.04695e-08 -3.68835e-09
7.15691e-09 -1.08444e-08 1.87047e-08
4.52259e-09 -3.50553e-10 2.88202e-10
-2.71324e-10 9.52989e-10 3.79309e-10
7.1244e-09 -2.37979e-09 -3.3654e-08
-5.09895e-09 -3.42595e-09 -2.60916e-09
-2.3233e-09 2.11208e-09 -1.42148e-09
3.36769e-09 2.63592e-09 5.90797e-09
0.0 0.0 -3.8832e-08
-5.42839e-07 -1.70108e-06 1.28513e-06
5.57244e-08 2.81944e-08 -1.40112e-08
-2.2644e-09 -2.80699e-09 8.52073e-09
2.63485e-08 7.49779e-09 -1.69806e-08
1.77296e-09 -4.45113e-09 8.33179e-09
9.3284e-13 1.00236e-09 -5.38331e-09
2.84464e-08 -3.34435e-08 4.53728e-08
7.59173e-09 -8.87054e-10 1.07915e-09
2.40071e-08 -4.52193e-09 1.4521e-08
-2.64172e-09 5.69197e-09 -1.2631e-09
2.03649e-09 2.91822e-09 -4.27507e-09
5.67807e-09 9.94601e-09 -3.58863e-09
-2.39551e-08 9.63815e-09 1.95108e-08
-2.44441e-09 -2.12803e-09 2.0804e-09
-4.14992e-09 1.07415e-09 9.14411e-10
5.03111e-10 -6.65091e-09 2.1485e-08
7.97457e-09 1.23187e-08 -6.58294e-09
-1.20664e-08 -1.7639e-09 -1.25833e-08
8.74226e-09 3.00039e-09 9.82636e-10
1.01155e-08 3.14008e-08 -1.16945e-08
1.77181e-08 -9.27866e-09 -4.80878e-09
-5.6205e-09 1.35714e-08 -1.35026e-09
-1.47763e-08 1.17029e-09 1.53676e-08
7.47511e-09 2.55763e-10 -1.98481e-09
5.87846e-08 -1.8338e-08 -3.87654e-09
-8.5492e-09 2.71381e-09 -1.62243e-09
-4.83218e-09 9.41559e-09 -6.27942e-09
6.58314e-09 -1.41702e-09 -4.90819e-09
3.42018e-08 3.99548e-09 3.12823e-09
-1.17086e-08 7.99832e-09 2.01947e-09
8.59031e-09 -6.22433e-09 1.67745e-09
2.81477e-09 -8.92041e-09 -4.96785e-09
0.0 0.0 -3.8832e-08
-1.17772e-08 9.64838e-09 9.09989e-09
2.16457e-08 -2.88901e-08 3.70109e-08
1.68321e-10 3.61206e-09 -1.92953e-09
7.96764e-09 9.72116e-09 -3.35658e-08
2.66338e-09 -1.00661e-08 2.79397e-10
-2.87875e-09 6.90188e-09 -1.74965e-08
-7.56122e-09 5.00071e-09 1.68023e-08
-5.22107e-09 -9.44496e-10 5.74749e-09
4.83138e-09 1.46731e-09 -1.60334e-12
4.89477e-09 2.63871e-09 -1.30377e-08
0.0 0.0 -3.8832e-08
2.83643e-09 -1.84015e-09 -1.43439e-09
1.21667e-08 -1.91188e-09 6.85845e-10
-1.12383e-08 -8.63676e-10 -9.91504e-09
3.9975e-09 -9.89889e-09 1.46704e-08
-1.96082e-09 3.26673e-10 2.361e-09
3.56664e-08 -6.35005e-09 -1.48345e-08
-4.90542e-09 3.08406e-09 -8.70639e-10
7.25097e-10 -8.94908e-09 5.85488e-09
3.35085e-08 8.66204e-10 1.03531e-09
2.13108e-09 1.28185e-09 -2.81497e-09
2.98676e-11 2.30072e-12 -3.31616e-12
-7.01913e-09 4.47905e-09 -3.44856e-09
-3.66364e-09 -2.25378e-09 2.98061e-08
-1.29574e-08 6.74067e-10 -3.18878e-10
-6.85369e-09 6.97342e-09 -2.99709e-09
-7.36314e-09 -1.72631e-08 6.52566e-09
4.86738e-09 9.14011e-09 4.58749e-09
-6.96966e-09 -8.18201e-09 4.77386e-09
8.67668e-09 -7.66126e-09 -9.87873e-09
-6.97553e-10 -1.75761e-10 6.14541e-11
-7.18544e-10 1.03847e-09 2.9741e-09
1.44516e-09 5.99119e-09 -3.52469e-09
-8.24477e-09 -1.67257e-10 -1.29993e-09
8.12533e-09 -1.76871e-09 1.35741e-10
2.61041e-09 -2.53054e-09 1.70899e-09
3.7836e-09 3.70159e-08 -1.20922e-08
-1.24669e-08 8.84473e-09 -1.15769e-08
-1.10541e-08 -7.69649e-10 -2.58804e-09
-3.49073e-09 1.21328e-08 -2.49079e-08
-6.2183e-09 -1.80481e-11 -1.42667e-09
1.91571e-09 3.77595e-10 6.25069e-10
3.03944e-08 -1.48092e-08 -1.69805e-09
1.0924e-09 -2.22216e-09 -1.21718e-09
1.46959e-08 3.6901e-09 -1.94075e-09
1.79941e-09 -2.38412e-09 3.53221e-10
7.81155e-09 1.24553e-09 1.77371e-09
2.89649e-09 4.11562e-09 7.93994e-10
6.88432e-10 3.98012e-10 -1.56445e-08
-2.65796e-09 3.86262e-12 -6.277e-10
-3.36291e-09 -2.08312e-09 1.17366e-09
-2.89285e-09 8.7477e-09 -1.03204e-08
9.26733e-09 1.40852e-08 -3.40745e-08
2.90068e-08 2.85206e-08 8.02155e-09
-5.75129e-08 -2.84416e-08 3.90263e-09
-1.87372e-08 -3.77638e-08 -2.08527e-08
-4.76799e-09 -4.90507e-10 4.90982e-09
-3.42406e-09 -5.56993e-09 -1.05349e-08
-2.22255e-09 2.32371e-09 2.05187e-09
-1.53726e-08 -3.68358e-08 -2.14753e-08
2.97964e-08 -2.41392e-08 9.0194e-09
3.89143e-08 -4.47396e-10 1.56413e-08
-1.07618e-09 -2.45258e-09 1.35777e-09
1.34962e-09 -1.92946e-09 1.23302e-09
6.36913e-08 1.4323e-08 1.69492e-08
-4.35767e-11 1.0872e-10 7.72738e-10
3.79471e-09 -1.02524e-09 1.11083e-09
5.69196e-08 7.35136e-08 1.38856e-08
-1.00822e-08 8.63423e-09 -6.51783e-09
-9.3771e-10 1.23526e-08 -1.9564e-08
-5.90091e-08 -7.60158e-09 7.17435e-09
3.00069e-09 3.05045e-09 4.22087e-09
-9.43745e-09 1.3727e-10 5.38644e-10
2.18893e-07 -1.29661e-08 -8.00917e-09
-1.93571e-09 3.38227e-09 2.63075e-10
2.95149e-09 -2.45197e-09 -1.22441e-09
8.24262e-10 -2.73851e-09 -2.0836e-09
3.50907e-09 8.17761e-09 -2.37807e-09
-9.18255e-09 2.63068e-08 -1.88127e-08
3.41419e-08 2.85753e-08 -3.92974e-08
8.4769e-09 4.53899e-09 -6.10258e-09
3.36679e-08 4.66381e-08 -3.90622e-08
8.83263e-09 -8.57668e-08 2.20377e-07
2.32446e-08 3.32235e-08 -1.26329e-08
8.88024e-11 1.28898e-09 3.65286e-09
-1.28574e-07 6.21444e-08 9.85624e-09
3.3791e-09 3.73493e-10 -9.64012e-10
-3.38815e-09 3.01213e-09 -8.18339e-10
-9.95581e-09 3.62128e-09 -2.25456e-09
1.07348e-09 -1.13906e-09 6.62831e-10
-1.4134e-09 -8.73215e-10 1.0529e-09
1.03398e-08 -6.9812e-09 -3.85538e-09
-7.91403e-09 6.88984e-09 1.07575e-08
4.92531e-09 2.80065e-09 1.91428e-09
-1.24123e-09 5.16375e-10 1.36426e-09
1.29967e-10 5.35504e-09 -1.62949e-09
1.22652e-09 -4.31764e-10 -2.76106e-09
-1.78265e-08 -1.3174e-08 -2.47755e-09
1.70988e-09 3.18024e-09 1.32603e-09
-6.34719e-10 -1.77023e-09 -2.75374e-09
-1.73907e-09 9.73487e-10 -2.37331e-10
-1.17253e-08 -9.98758e-09 -3.61988e-08
-1.3779e-09 -4.79733e-09 2.73036e-09
-3.55256e-09 4.36654e-09 -2.03097e-10
-2.77007e-09 -3.91789e-08 -1.86164e-08
7.62259e-09 2.90102e-08 -1.60623e-08
3.53235e-09 -4.5267e-10 -3.59971e-08
1.82335e-09 -7.48624e-09 -2.68061e-09
5.44447e-09 -1.33086e-09 -3.46447e-08
-3.09501e-09 -9.9339e-09 4.54412e-09
1.85026e-08 -8.25835e-09 -1.84534e-08
1.91985e-10 -1.14595e-09 -7.26543e-09
8.09814e-09 1.81995e-08 -1.2025e-09
5.00752e-10 -8.77156e-09 5.44253e-09
-7.06698e-10 -1.25683e-09 -1.4367e-09
6.13718e-09 -1.04063e-08 -1.19065e-08
-4.36052e-09 -3.5049e-10 -1.18702e-08
0.0 0.0 -3.8832e-08
2.694e-09 -3.19643e-09 -2.05628e-10
3.15296e-09 2.70525e-09 -4.9457e-09
-8.34756e-09 -2.62779e-09 -1.26653e-08
-5.54075e-10 6.16817e-10 6.62271e-10
-1.24706e-09 1.2032e-09 2.77477e-09
5.07706e-09 -5.22367e-09 -3.92567e-08
-5.434e-09 -4.38189e-09 2.54619e-09
4.11112e-10 -1.0013e-08 -3.17504e-09
2.52004e-10 -1.58839e-09 3.81535e-09
-4.95748e-10 3.98513e-09 -1.86988e-08
-6.39036e-10 -2.7069e-09 -1.47081e-09
-1.15774e-07 -2.90304e-08 5.43002e-08
-1.482e-09 -2.34478e-09 1.63705e-09
-1.40879e-14 1.25665e-14 2.12496e-15
-2.47641e-10 1.33115e-09 -1.92574e-09
-7.90389e-10 -4.19085e-09 1.18464e-10
-1.27319e-09 -3.40427e-09 -6.37689e-09
-8.39945e-10 -8.02001e-11 1.78688e-09
4.8229e-09 -5.88588e-09 -1.80232e-08
-8.25979e-09 -3.02769e-09 3.2936e-10
5.95651e-09 -1.66582e-08 6.31005e-08
9.51039e-09 6.88686e-09 7.56339e-09
-2.15311e-09 -1.41143e-08 6.74429e-09
8.50724e-10 -1.48914e-09 1.99342e-09
0.0 0.0 -3.8832e-08
1.81093e-08 7.71673e-09 -1.82532e-08
-2.91841e-09 1.38661e-09 1.87029e-09
1.51823e-09 1.21841e-09 -2.41074e-09
-1.98831e-09 7.53083e-10 6.6474e-10
5.30654e-09 -1.0682e-08 -1.76824e-09
2.5118e-09 3.10993e-08 -1.03847e-08
-1.38067e-08 2.87902e-09 -3.75616e-09
2.8343e-09 7.55423e-09 -5.43961e-09
2.2372e-09 1.59681e-09 -1.51093e-09
-2.89965e-09 1.23952e-09 3.8509e-10
4.0784e-09 -1.09559e-09 -9.83016e-09
1.08506e-08 3.52381e-09 1.22763e-08
8.32635e-10 -3.89447e-09 -2.13518e-09
-5.39451e-09 -1.77697e-08 -4.00486e-10
-2.56006e-09 -7.76568e-09 -4.84167e-09
-5.45067e-09 2.08921e-09 7.52397e-09
1.2509e-08 1.86516e-09 -6.86424e-09
-3.96539e-10 -8.89972e-09 -8.2451e-09
-1.97256e-09 1.05585e-09 1.24761e-09
8.35754e-09 -9.17974e-09 7.02529e-09
-1.76305e-09 2.26557e-10 -3.42165e-11
8.1738e-09 1.01742e-08 -1.62207e-08
1.43284e-09 -7.84537e-10 -2.36105e-10
6.28403e-08 1.36445e-07 7.90053e-08
3.36366e-09 -4.03443e-09 7.16901e-09
2.2854e-09 -3.93056e-10 4.44926e-09
-5.25715e-09 1.0639e-09 2.23903e-10
-2.97497e-09 1.16185e-08 -2.54065e-08
-2.46369e-09 -4.17091e-09 1.27515e-08
3.00536e-09 5.70809e-09 -4.96981e-09
-8.44238e-10 1.01456e-09 2.63854e-10
-1.22199e-08 -2.52174e-09 -1.31289e-09
-6.42906e-09 2.81128e-09 -4.47049e-09
-9.9151e-11 1.55347e-09 -1.38203e-10
-1.27862e-08 -2.80411e-08 6.54054e-08
-5.89045e-09 1.20595e-08 -2.75222e-08
2.9498e-09 1.92208e-08 2.6592e-09
1.22186e-09 7.38036e-10 2.31027e-10
-2.97514e-09 1.10851e-08 -2.60933e-08
3.67194e-09 1.03699e-10 -1.34315e-09
1.4644e-08 -1.41042e-09 -3.57354e-08
5.35225e-13 -7.95952e-13 1.75162e-12
2.19717e-09 2.7552e-09 7.47618e-10
-4.48291e-08 6.06388e-08 -5.90719e-08
-7.22043e-09 -2.87553e-09 -3.28705e-09
-1.24587e-08 1.39903e-09 1.1947e-08
1.1005e-08 2.12656e-09 3.34269e-08
-5.90628e-09 6.27487e-09 -2.73721e-09
5.11026e-10 5.11565e-09 -7.75623e-10
-2.6377e-09 1.30113e-09 2.76473e-09
-8.95267e-09 1.17987e-08 -2.36789e-08
-2.91715e-09 -1.12144e-10 -1.82213e-09
-8.80569e-09 -6.31579e-09 -1.15641e-09
2.28778e-10 5.56984e-09 -6.82067e-09
-1.73113e-09 2.84345e-09 7.97888e-10
-9.21526e-09 -4.06546e-09 -1.69838e-09
1.37269e-09 -1.15992e-08 -7.079e-09
-2.57293e-09 8.37816e-09 -4.2558e-08
-5.7177e-09 1.88736e-09 6.26499e-09
1.83946e-09 -3.46906e-09 9.91667e-10
2.56215e-09 3.43574e-09 1.90957e-09
2.13823e-07 -1.81226e-07 9.57328e-08
7.44153e-10 1.21717e-09 -1.3519e-09
5.60105e-09 4.06451e-08 4.74722e-09
-6.27931e-09 8.73101e-10 4.53337e-11
-2.93651e-09 -8.78745e-09 -9.96815e-09
-4.55356e-10 -9.87688e-11 4.05794e-10
2.68612e-09 -5.49926e-09 2.30168e-09
3.10938e-09 -3.91085e-09 6.74259e-10
-1.49336e-08 1.17035e-08 -4.44447e-09
3.11591e-09 2.78741e-09 -1.55147e-09
8.80793e-09 -7.31984e-08 3.83548e-08
3.76212e-09 1.89929e-09 5.70078e-09
-7.07169e-09 4.2761e-09 -1.60502e-08
-2.34589e-08 2.24113e-09 -2.77646e-09
-7.04487e-09 1.26827e-08 -2.88564e-08
-1.01061e-08 -5.68848e-09 -1.79935e-09
-1.66963e-09 -1.92742e-09 -5.03139e-09
1.54508e-09 -4.40759e-09 4.9923e-09
5.23593e-09 5.31758e-10 4.27306e-10
-5.10019e-09 -5.5298e-09 2.16584e-09
2.40899e-09 1.83752e-09 -3.26258e-10
-9.07076e-09 -3.61085e-09 4.17116e-09
1.54071e-09 -1.52688e-09 9.85545e-10
-3.77915e-09 1.2183e-08 -2.17012e-08
1.96683e-09 1.69866e-08 -4.60946e-09
3.47459e-09 1.58181e-09 7.40202e-10
9.17545e-10 7.32357e-10 -4.24203e-10
3.99815e-10 6.15841e-09 -1.89837e-09
-4.07613e-09 1.2234e-09 2.88265e-09
1.42622e-09 -1.31899e-09 -7.6463e-11
-1.39481e-08 1.05676e-08 2.55085e-08
2.82115e-09 -2.30181e-08 5.70098e-08
1.38993e-08 1.15797e-09 -1.81224e-09
3.39148e-09 5.95691e-09 -7.76106e-09
-8.26277e-09 -1.56135e-08 -1.28301e-08
-5.38015e-09 -3.63309e-09 -4.1795e-10
-1.17535e-08 9.62803e-10 8.01737e-09
0.0 0.0 -3.8832e-08
-6.46525e-09 1.16358e-10 2.38299e-09
-3.21024e-09 -9.47388e-10 -2.62468e-09
8.55364e-09 2.40009e-09 9.93084e-09
4.10052e-09 -1.88101e-09 4.21931e-09
-5.88772e-08 5.98578e-08 -6.35354e-08
3.75224e-09 -3.11309e-09 3.57387e-09
-1.06343e-09 2.73677e-08 -4.87291e-08
-2.26957e-09 -8.73374e-09 9.28789e-09
3.75452e-09 5.29845e-09 1.696e-09
2.28722e-10 1.74258e-08 -1.0178e-08
4.53271e-09 2.51805e-09 -2.27264e-09
9.62792e-10 7.73881e-09 -2.42068e-09
9.55056e-09 1.12115e-09 6.82675e-09
-2.73224e-09 7.16469e-09 -3.73821e-09
-6.49406e-09 4.53604e-09 -8.00892e-10
0.0 0.0 -3.8832e-08
-6.99097e-10 1.71582e-10 -6.39984e-09
-3.64959e-09 2.00289e-09 1.81826e-09
-1.04071e-08 3.85651e-09 -1.08154e-09
-8.03498e-09 -1.69573e-08 1.16768e-08
-9.90523e-09 -2.90671e-09 1.31014e-09
-1.15965e-09 1.70606e-08 3.90949e-08
-4.67491e-09 1.07372e-10 4.32583e-10
-6.28759e-09 -6.06857e-09 -3.73911e-08
2.62412e-09 2.2424e-09 -3.43608e-09
6.71956e-09 1.4399e-09 1.85864e-09
-2.82892e-10 1.41206e-08 -1.15853e-08
-6.7104e-08 1.12996e-07 8.83026e-09
-1.12336e-08 1.0036e-08 -6.94246e-09
4.35891e-08 5.94402e-08 -1.55858e-07
0.0 0.0 -3.8832e-08
-3.47707e-10 -1.0778e-11 2.53173e-09
-6.76937e-09 1.24841e-08 -2.85187e-08
-4.49389e-09 -1.3175e-08 2.34653e-08
-2.45561e-09 1.55785e-10 3.60955e-09
-3.23975e-09 1.47908e-09 -3.63252e-09
0.0 0.0 -3.8832e-08
2.8855e-09 -3.82313e-09 1.28273e-08
2.36063e-09 1.1722e-09 -2.15139e-09
-6.16514e-08 5.95652e-08 2.4891e-08
7.26048e-09 -2.44838e-09 -3.29417e-08
1.83233e-09 -9.12927e-09 3.37015e-09
-3.15566e-09 -6.17263e-09 1.53223e-08
-7.30374e-09 -9.52029e-09 -4.04054e-10
5.44004e-10 3.97497e-10 -1.08327e-09
-4.9661e-10 7.83523e-09 -1.17077e-08
-1.66705e-09 -9.87914e-09 -2.64118e-09
5.78777e-09 -3.6833e-09 6.17099e-09
-1.31381e-09 -3.71339e-09 -5.45145e-09
-7.04474e-09 4.65938e-09 -3.44595e-09
-3.69159e-09 8.77723e-09 -4.72395e-10
4.38239e-09 6.45602e-10 2.06406e-09
3.4128e-10 -2.56989e-09 2.74004e-09
-1.12297e-08 -7.50693e-09 1.55508e-09
-6.88577e-09 1.25229e-08 -1.27078e-07
-3.7007e-08 7.0825e-08 2.30494e-08
1.50291e-09 -2.52516e-09 5.20176e-10
5.28122e-09 -1.20104e-08 -7.96815e-09
-8.22874e-09 -1.48372e-08 2.47568e-09
1.2615e-08 -1.35235e-07 -6.31574e-08
-3.41363e-10 2.62414e-10 6.9133e-10
-1.78354e-08 -1.25805e-08 -1.68376e-09
1.01581e-08 -1.42582e-08 -1.42039e-08
1.71084e-08 1.92904e-08 -5.28181e-09
5.83134e-09 -2.02282e-09 8.81582e-11
1.08909e-08 -4.21736e-10 1.35266e-08
1.66486e-08 -3.50302e-09 -2.09025e-08
1.65636e-08 1.79526e-08 8.75537e-09
0.0 0.0 -3.8832e-08
-6.13395e-09 -2.35193e-09 6.45277e-09
9.26961e-10 -2.4315e-09 3.29142e-10
-4.20542e-09 4.6455e-09 -2.22057e-08
-4.24494e-07 1.56227e-07 8.81497e-07
-3.88199e-09 4.06923e-09 2.66621e-08
-1.47523e-09 -2.34743e-09 -1.22459e-09
-5.35833e-09 1.17533e-08 -1.39704e-08
1.84537e-08 -1.1829e-09 -3.37303e-09
-3.84648e-08 1.99981e-08 7.671e-09
-3.19698e-08 5.19258e-08 2.55855e-07
-1.45166e-08 -4.45154e-09 -2.98114e-09
1.26838e-08 -1.75361e-08 9.31099e-09
3.31997e-08 3.47035e-08 -7.58835e-08
-4.74705e-08 -5.16713e-08 8.53311e-08
-1.1834e-08 -9.31164e-10 -6.95186e-10
-1.22003e-08 7.45517e-09 1.41602e-08
5.81625e-09 -1.77584e-09 4.40407e-10
-4.44011e-10 -2.52043e-09 -1.20667e-09
-1.00019e-08 -4.74971e-10 -7.44644e-09
-1.82974e-08 -8.07634e-09 -1.717e-09
-5.1017e-09 -1.73254e-09 3.91158e-09
-1.31906e-08 -1.32973e-09 2.96979e-11
5.869e-09 7.95672e-08 -5.43026e-08
5.03103e-09 1.0118e-08 1.39578e-08
6.29126e-09 1.25461e-09 9.10255e-09
-4.14704e-09 1.10763e-08 -2.70534e-08
-1.54712e-09 8.66084e-09 -1.32735e-08
5.00541e-08 -8.17316e-10 -3.15666e-08
-7.81957e-09 -2.48954e-08 7.16577e-08
-1.21931e-08 1.28029e-09 7.02122e-09
-9.91118e-09 1.13923e-08 -1.40236e-08
1.95176e-08 -1.80158e-08 -1.15619e-08
-1.23698e-08 4.56932e-10 3.16188e-09
3.03548e-09 -5.55803e-09 -1.18031e-08
-3.29043e-09 8.03655e-11 -1.41523e-09
-1.61347e-09 1.12137e-08 -4.7859e-09
5.38115e-09 -1.42804e-09 -1.03783e-08
-1.67856e-08 8.16128e-09 9.99597e-09
1.7361e-10 7.5217e-10 1.19925e-10
1.09618e-07 7.55048e-08 -1.04352e-07
-8.65015e-09 5.04537e-09 -3.04042e-09
-3.35741e-09 1.04947e-08 -1.19683e-08
-4.6599e-09 2.18139e-10 -8.7936e-09
7.56766e-08 -2.00542e-07 -4.9596e-08
1.61666e-08 2.08017e-08 1.87726e-09
1.40514e-09 2.68948e-09 -5.77008e-09
-1.71454e-09 3.31355e-10 -5.0245e-09
-1.58618e-09 -4.76764e-09 -3.72647e-09
1.78964e-09 -4.39304e-09 -8.54451e-09
-3.06891e-10 -1.51491e-09 -6.76598e-10
-6.7737e-09 -4.70054e-09 2.31353e-09
1.4456e-09 -6.93214e-10 -1.09228e-09
-1.98922e-08 2.3455e-08 -1.9886e-08
2.85987e-09 2.94318e-08 -1.66474e-08
7.21137e-10 -6.22587e-09 1.50446e-08
6.86617e-09 1.47746e-08 -2.25419e-08
3.75128e-09 4.75049e-09 -2.07511e-09
-3.98729e-09 4.87988e-09 1.60442e-08
0.0 0.0 -3.8832e-08
-1.57265e-09 -3.60272e-09 -1.27245e-09
2.61601e-08 1.96288e-08 -3.07009e-08
2.42605e-08 -3.65741e-08 -2.22778e-08
-7.51087e-09 -1.62302e-08 -1.22996e-09
-2.86232e-08 2.60144e-08 -2.98098e-08
-1.60426e-09 -5.27906e-10 1.16479e-08
-5.73634e-09 3.57989e-09 -4.79045e-09
2.92944e-09 1.29093e-09 -3.58721e-09
0.0 0.0 -3.8832e-08
3.2638e-08 6.22655e-11 4.37835e-09
-3.50745e-09 8.03949e-10 1.05934e-08
-2.1434e-09 -3.33675e-09 -1.25884e-09
1.07226e-09 -2.6158e-10 -9.10053e-09
-2.42026e-07 1.50095e-07 4.5279e-08
-1.53105e-09 -5.86616e-09 -4.05874e-09
1.41562e-08 3.78908e-09 -5.17861e-08
-6.03494e-09 1.04472e-09 -2.26374e-08
-1.53551e-08 1.59494e-08 -6.24295e-09
0.0 0.0 -3.8832e-08
-5.45188e-09 1.14696e-08 -2.99237e-08
0.0 0.0 -3.8832e-08
7.25243e-09 8.70635e-09 -9.96959e-09
4.4291e-08 -2.49422e-08 1.724e-08
6.96962e-08 3.88933e-09 1.68447e-08
1.4934e-08 -8.56752e-09 6.7713e-09
7.98811e-07 9.1991e-08 6.34084e-07
-2.00678e-09 1.12943e-08 -2.54255e-08
1.79287e-10 1.38216e-08 -7.37994e-09
-8.83351e-10 1.94528e-09 -3.69089e-08
-2.63702e-08 -6.39119e-09 -3.14814e-08
-1.50393e-10 -6.67034e-10 7.86834e-10
1.17302e-08 -7.30526e-09 7.93413e-09
-7.48952e-10 1.11812e-08 -2.53241e-08
-2.16536e-10 -1.68294e-09 -3.06181e-10
1.17124e-08 5.06756e-09 -1.1774e-08
-2.7035e-09 -1.46786e-09 -1.08108e-09
0.0 0.0 -3.8832e-08
3.59625e-08 -1.17322e-08 3.33914e-08
-5.87234e-09 6.69287e-09 -5.95492e-09
3.38913e-09 1.06784e-08 -4.09708e-09
-1.20419e-08 1.86226e-09 -3.9036e-09
-4.29995e-10 1.45423e-09 -8.35424e-10
-1.08147e-09 6.72635e-09 -5.80992e-09
2.40848e-12 -9.1205e-13 -4.27137e-13
1.86928e-09 -2.07153e-10 -6.2575e-10
0.0 0.0 -3.8832e-08
2.30671e-10 1.30356e-10 1.52887e-10
-1.0831e-08 4.24285e-09 -1.01893e-09
2.67307e-09 -3.37509e-09 1.00863e-09
-2.93698e-09 6.01908e-08 4.22873e-08
4.73257e-09 -3.99874e-08 1.94644e-08
-3.56345e-09 4.05877e-09 -5.10937e-09
5.28729e-08 1.37577e-07 -3.19045e-07
0.0 0.0 -3.8832e-08
-6.48509e-09 -6.38267e-09 6.98566e-09
-1.00213e-08 6.5221e-10 -1.56911e-10
-1.03159e-08 9.75349e-09 1.26876e-08
-4.13269e-09 1.20811e-08 -2.5557e-08
-3.84988e-09 -3.91944e-09 1.75363e-09
-4.68604e-10 -2.77647e-09 -2.1602e-08
4.1072e-08 9.54807e-09 -1.93325e-08
-1.04695e-09 -7.09416e-09 8.76296e-09
5.77201e-11 -4.58814e-10 -3.70723e-08
-6.2597e-09 7.73887e-08 -2.94315e-07
3.32433e-08 -2.85308e-08 1.96217e-08
3.87012e-08 1.44702e-08 -9.23282e-09
-8.05055e-09 3.70237e-09 -1.62947e-08
-7.65597e-12 1.6405e-11 2.3374e-12
-6.86809e-08 -7.05492e-08 1.19841e-07
-7.28513e-09 -6.42553e-08 1.54623e-08
7.76905e-09 1.10225e-08 9.18442e-09
-3.03671e-10 -5.00161e-10 -9.20322e-10
1.8599e-10 5.98958e-10 -3.16441e-09
5.67719e-10 2.45197e-09 -1.29524e-08
0.0 0.0 -3.8832e-08
0.0 0.0 -3.8832e-08
-2.0819e-08 -8.7816e-09 -2.1036e-09
-1.18661e-08 -4.36165e-09 5.71945e-09
5.09897e-09 -1.7692e-09 4.10947e-09
-4.1578e-09 -1.69403e-08 6.07848e-08
-1.16019e-08 2.02424e-10 3.17947e-08
-3.23509e-09 -4.29866e-09 6.79855e-09
1.39988e-07 2.67485e-08 1.90767e-07
-1.72322e-09 -7.7571e-10 -3.9271e-09
4.30234e-08 -3.95067e-08 -2.37782e-09
-1.82826e-08 -3.85453e-08 2.00534e-08
7.26804e-09 7.90411e-10 -3.31285e-08
-1.22713e-08 -1.71874e-09 -4.22824e-09
-4.41096e-08 8.16996e-08 -2.63139e-08
0.0 0.0 -3.8832e-08
-7.35329e-09 -1.06614e-08 1.75857e-10
-6.42871e-08 3.6435e-08 -1.52364e-08
-2.28809e-09 -1.74558e-09 -2.85322e-09
-1.4304e-08 -3.31828e-09 3.79282e-09
-2.69697e-07 -1.0667e-07 4.618e-07
1.05872e-08 9.81567e-09 7.94509e-09
-5.1607e-09 -5.51956e-09 2.18794e-09
8.76763e-09 -4.24756e-09 2.21598e-09
1.24364e-08 1.04645e-08 -2.77775e-09
6.94644e-09 2.98554e-08 3.45588e-08
7.50993e-09 2.6062e-08 -4.41807e-08
2.848e-07 8.54896e-07 -2.07078e-06
1.37083e-08 5.97754e-09 -1.26478e-08
1.8975e-09 4.79594e-10 1.27848e-10
-7.47547e-09 -1.49485e-10 -3.32598e-09
-1.53176e-08 1.38772e-08 -5.3105e-09
2.6585e-08 -6.24118e-09 1.39112e-10
1.8174e-09 6.71683e-09 -4.26869e-09
7.50578e-08 3.93984e-08 -8.15102e-08
-2.84713e-09 -1.03184e-08 1.00162e-08
-1.96178e-09 -3.06752e-09 4.32996e-09
1.94369e-09 2.96898e-10 1.93661e-09
-5.10077e-08 9.91542e-08 -7.29005e-08
2.17785e-09 6.03917e-10 -2.98377e-09
1.02166e-09 -6.36574e-09 8.05313e-10
4.19348e-09 2.14966e-09 -1.90362e-08
0.0 0.0 -3.8832e-08
-2.73735e-09 1.08455e-08 -2.62801e-08
-2.106e-10 -3.15332e-11 1.00119e-09
0.0 0.0 -3.8832e-08
-1.8085e-08 -6.0965e-09 -2.50098e-09
-1.73591e-08 1.35483e-08 -5.78992e-09
-2.15051e-10 -9.20707e-09 -2.04562e-08
-6.9303e-08 8.45962e-08 -3.48306e-08
-2.23013e-09 1.00352e-08 -2.70813e-08
-1.15622e-08 1.03389e-08 2.76689e-11
-5.86886e-10 -7.1425e-11 1.29028e-09
-7.75516e-09 1.33011e-08 -3.04022e-08
1.13663e-10 -4.08352e-11 1.0423e-09
1.16425e-07 -1.19324e-07 1.61082e-07
1.93732e-08 -2.63645e-09 1.71428e-08
2.3889e-09 -9.54435e-10 -4.01492e-10
-2.4162e-07 -9.31077e-07 1.98717e-06
9.14138e-10 -2.382e-09 -5.82118e-09
0.0 0.0 -3.8832e-08
1.82442e-09 -9.9339e-12 6.63195e-10
-7.57882e-09 1.30814e-08 -3.00328e-08
-1.08264e-08 -8.51771e-09 2.04175e-08
5.84938e-10 9.27169e-09 -4.60195e-09
-7.86845e-09 4.71949e-09 9.76433e-09
-1.57153e-08 9.5719e-09 -6.36725e-09
-1.02851e-08 1.36792e-08 -5.69088e-09
5.84752e-08 -8.2644e-08 3.48223e-08
1.55304e-09 -1.38873e-09 8.32412e-10
8.11179e-09 -4.71277e-08 -2.55137e-08
6.18485e-09 -4.25723e-10 -4.80889e-10
-1.4582e-08 5.06464e-09 -1.97646e-09
9.60447e-08 -2.77774e-07 5.93375e-07
-7.60539e-08 6.80518e-08 -7.17799e-09
-3.74992e-09 -4.62701e-09 5.81525e-09
1.36275e-09 2.79921e-08 -1.39361e-08
9.70627e-10 5.39228e-09 -4.38333e-09
2.0363e-08 4.6751e-09 1.53688e-08
8.8788e-09 -6.88355e-09 -7.1786e-10
-8.42728e-09 -2.93712e-10 2.25771e-10
-4.93404e-09 -4.70355e-09 1.43778e-08
-9.14558e-10 -5.1488e-12 2.5329e-09
4.83828e-09 7.12857e-09 -1.0383e-08
9.90059e-07 4.83504e-08 -6.14145e-07
-5.49387e-11 -3.70424e-09 -1.45838e-09
5.39377e-09 1.41542e-09 6.77996e-10
3.31267e-09 4.67911e-09 -6.02932e-09
5.56952e-09 2.78766e-08 -4.6661e-11
7.53264e-09 -1.70726e-09 1.20502e-09
-1.22349e-08 1.66308e-08 -8.51294e-09
-1.81386e-06 3.86906e-07 9.91659e-07
-2.35476e-11 -5.33985e-10 5.7454e-10
8.06083e-09 1.58877e-08 -1.00855e-08
-1.27708e-08 5.20396e-09 4.55648e-09
5.59344e-08 -1.44396e-09 -4.44096e-10
1.29718e-10 -5.46396e-10 3.31652e-09
-6.34689e-09 5.8422e-09 5.74457e-09
-7.76983e-09 3.98892e-09 -4.58966e-08
-1.83019e-08 1.3342e-08 -2.57483e-08
-3.35047e-09 1.1118e-08 -2.76076e-08
-1.05265e-08 -4.57016e-09 -2.28586e-09
-8.37725e-08 5.39371e-08 -1.84028e-08
0.0 0.0 -3.8832e-08
-9.64437e-10 3.47491e-09 -3.48561e-08
-3.00416e-10 1.04076e-09 2.37553e-09
-8.86676e-09 2.3002e-09 9.92135e-09
3.08296e-11 1.17767e-11 -8.49203e-12
3.38966e-10 -3.73696e-09 1.36948e-08
-3.41695e-10 -5.24044e-11 2.70374e-11
8.04502e-09 -2.89487e-08 1.26169e-08
-7.13463e-08 -2.03767e-08 2.94534e-07
-3.80258e-10 -1.31042e-09 -7.8547e-11
-6.50092e-08 1.79374e-08 3.69212e-08
3.43614e-08 2.28008e-08 -1.44774e-08
5.00307e-12 3.8323e-09 2.06483e-09
-1.99953e-08 -2.05561e-09 4.66927e-09
-8.86789e-09 3.32813e-10 -3.53428e-09
-4.06504e-09 5.76079e-09 -7.20735e-09
1.10117e-08 -5.62877e-10 -2.99176e-08
-6.93357e-09 4.92104e-09 -3.60238e-08
-3.54423e-09 -1.66999e-09 2.53482e-09
1.00251e-10 8.90217e-10 -5.9084e-10
-1.03568e-08 2.88786e-09 3.78891e-10
-5.70398e-09 3.34555e-09 -9.18884e-10
-1.27767e-08 -1.70826e-09 -3.97756e-09
3.14274e-10 2.4986e-10 -6.33395e-11
-4.44919e-09 1.9309e-08 -1.18854e-09
-2.23897e-08 -1.82071e-09 1.19756e-08
1.8952e-09 4.28381e-09 5.37345e-10
-2.0437e-08 6.48019e-09 1.47171e-08
-2.17695e-08 4.04724e-07 -1.06775e-06
-8.45506e-09 3.94378e-10 -4.26826e-09
-1.52048e-08 4.98948e-09 -3.16697e-10
3.11148e-08 1.98471e-08 -4.4224e-08
2.65321e-07 -1.68461e-07 2.92177e-07
-2.46505e-09 -2.00172e-09 5.25075e-09
-1.74437e-08 -5.5324e-09 -2.2661e-09
0.0 0.0 -3.8832e-08
-4.50528e-09 1.01301e-08 9.8878e-10
3.698e-08 -1.67381e-08 4.61733e-08
2.68843e-07 7.18735e-07 1.28023e-06
-3.94561e-10 5.88499e-09 -2.50455e-09
