# vtk DataFile Version 3.0
LIGGGHTS particles timestep 66600000
ASCII
DATASET POLYDATA
POINTS 885 float
0.305617 0.0149701 0.00973576
0.319046 0.0181193 0.00716036
0.307231 0.0176694 0.00715796
0.319736 0.0177516 0.00737065
0.301647 0.0186151 0.00703066
0.312683 0.0164442 0.0079842
0.317076 0.0147422 0.0121981
0.312802 0.0168198 0.00753193
0.313068 0.0167371 0.007644
0.324317 0.0172083 0.00745309
0.324385 0.0174661 0.00731573
0.323874 0.0155642 0.00864289
0.3132 0.017246 0.00736865
0.313018 0.018124 0.00711193
0.323758 0.0152711 0.00915297
0.313518 0.0163461 0.00815703
0.318968 0.0167405 0.00779136
0.318203 0.0167663 0.00771435
0.324253 0.01696 0.00760873
0.324441 0.0177156 0.00715889
0.318271 0.0170447 0.00759132
0.317949 0.0159422 0.00859572
0.313701 0.0192277 0.00716096
0.314437 0.0173634 0.00730587
0.323935 0.0157686 0.00843216
0.301473 0.0162418 0.00803236
0.318887 0.0178836 0.00725581
0.318475 0.0178866 0.00721934
0.31713 0.0146513 0.0119173
0.307037 0.0174342 0.00747579
0.31276 0.0190159 0.0072656
0.324846 0.0183899 0.00704835
0.316839 0.0152854 0.0131393
0.317283 0.0145444 0.0112376
0.312543 0.0160742 0.0084352
0.324503 0.0180043 0.00710576
0.323816 0.0154087 0.00889288
0.323735 0.0153396 0.00944412
0.317892 0.0157978 0.00885241
0.319851 0.0172431 0.00760198
0.319181 0.0169386 0.00771785
0.324744 0.0191753 0.00705138
0.300254 0.0168874 0.00748614
0.308904 0.0171199 0.00736908
0.313589 0.0175339 0.00727437
0.319135 0.0160441 0.00812756
0.313882 0.0185615 0.00714621
0.324187 0.0167178 0.00777304
0.306771 0.0192811 0.0071311
0.319605 0.0163856 0.00800959
0.318622 0.0161112 0.00813597
0.318975 0.0176262 0.00738239
0.31938 0.0189744 0.00702827
0.324167 0.0164964 0.00797447
0.318766 0.0157942 0.00858101
0.316768 0.0154202 0.0133978
0.312496 0.0179802 0.00716643
0.312532 0.0180674 0.0074512
0.318948 0.0164682 0.00791552
0.317824 0.0156566 0.00910834
0.318357 0.0162696 0.00795708
0.318204 0.0169208 0.00798615
0.317398 0.0147792 0.0107007
0.312371 0.0174204 0.00734201
0.314369 0.0170837 0.00739049
0.314239 0.0175813 0.00725107
0.318336 0.0173126 0.00747296
0.318565 0.0178926 0.00751709
0.316911 0.0151786 0.0128686
0.319345 0.0181503 0.00717137
0.318817 0.0188753 0.00705973
0.319004 0.0184639 0.00726154
0.324562 0.0182938 0.00705396
0.317017 0.0147887 0.0124885
0.306887 0.0183746 0.00699436
0.317187 0.0148865 0.01174
0.318936 0.0170892 0.00762737
0.313735 0.0175237 0.00753626
0.318674 0.0176857 0.00732921
0.318307 0.0159528 0.00846335
0.319702 0.0174828 0.00749952
0.317121 0.0149782 0.0120178
0.313646 0.020051 0.00726476
0.313313 0.0157904 0.00883457
0.301958 0.0186994 0.0070148
0.314716 0.017917 0.00725427
0.319551 0.0172317 0.00761378
0.314036 0.0188553 0.00719616
0.318616 0.0174168 0.00744864
0.311348 0.0148041 0.0109409
0.323995 0.0159891 0.00823774
0.32406 0.0162383 0.00808401
0.317322 0.0148446 0.0111733
0.319398 0.0161818 0.00808629
0.310838 0.0150577 0.0132092
0.324621 0.018588 0.00705148
0.320002 0.0174841 0.00747808
0.317686 0.0153749 0.00961996
0.312233 0.0153373 0.0092973
0.319472 0.0159203 0.00821349
0.311413 0.0148506 0.0106517
0.316982 0.0150959 0.012589
0.319203 0.0183855 0.00705059
0.306703 0.0188849 0.00731706
0.319461 0.0176406 0.00741699
0.318221 0.0166312 0.00806293
0.312248 0.0159754 0.00854001
0.307445 0.0170614 0.00743566
0.319257 0.0166776 0.00784498
0.313309 0.0166328 0.00778833
0.312434 0.0176992 0.00725148
0.314413 0.0179999 0.00720399
0.31948 0.0169385 0.0077433
0.319824 0.0185179 0.00700378
0.318774 0.0176249 0.00760533
0.312742 0.0178149 0.00720998
0.312652 0.0169154 0.00777925
0.319253 0.0172053 0.0076006
0.317383 0.0149871 0.0109163
0.318319 0.0161156 0.00821165
0.318459 0.0168501 0.00784558
0.319878 0.0179866 0.00725012
0.30675 0.0179444 0.0073153
0.318721 0.0168859 0.00770344
0.318689 0.018093 0.00717362
0.294343 0.017395 0.00754856
0.317756 0.0155156 0.00936413
0.312079 0.0157508 0.00902575
0.312307 0.0171446 0.00744095
0.311084 0.0150096 0.0121675
0.306738 0.0173086 0.00754786
0.3184 0.017625 0.00743585
0.306954 0.0175172 0.00719899
0.318647 0.0163434 0.00794767
0.30723 0.0155249 0.00870114
0.313136 0.0169672 0.00746418
0.318696 0.0166136 0.00782688
0.307608 0.0166471 0.00772636
0.312657 0.0156313 0.00899209
0.318867 0.015977 0.00824527
0.31902 0.0186189 0.00700513
0.31872 0.0168765 0.00800328
0.311283 0.0147609 0.0112307
0.313987 0.019151 0.00720849
0.313262 0.0179541 0.0071569
0.313735 0.0177936 0.00740518
0.318494 0.0157711 0.00870565
0.314079 0.0166738 0.00778427
0.319196 0.0158516 0.0083494
0.311655 0.0153166 0.00973658
0.302464 0.0177151 0.007129
0.324681 0.0188818 0.00705146
0.318597 0.0159449 0.00838435
0.30765 0.0182211 0.0070147
0.31199 0.0160606 0.00841209
0.313406 0.0192238 0.00710596
0.312501 0.0152699 0.00941353
0.313118 0.0184545 0.00701162
0.310903 0.0149025 0.0129609
0.318906 0.0173591 0.00749997
0.318725 0.01859 0.00704876
0.318783 0.019342 0.00710652
0.301904 0.0180827 0.00705156
0.313528 0.0167679 0.00763385
0.319311 0.0186869 0.00697791
0.306892 0.0172388 0.00729937
0.312891 0.0186453 0.00696833
0.312555 0.0182659 0.00709656
0.310942 0.0151482 0.0127445
0.311735 0.0152938 0.00928009
0.313589 0.0180967 0.00710714
0.318075 0.0162425 0.00809199
0.318459 0.0174852 0.00769481
0.307093 0.0168846 0.00755259
0.313912 0.0168392 0.00756868
0.319218 0.0174745 0.00747309
0.311996 0.0154734 0.00910444
0.319482 0.0179129 0.00729285
0.312505 0.0158864 0.00866603
0.300244 0.0169364 0.00778195
0.319185 0.0178691 0.00728788
0.293296 0.0148813 0.0111939
0.314225 0.0168424 0.00758385
0.314777 0.0184586 0.00730483
0.318535 0.0181747 0.00741956
0.313393 0.0185711 0.00705613
0.306492 0.0178513 0.00743691
0.31373 0.0170275 0.00742159
0.312588 0.0167318 0.00800768
0.31294 0.0189626 0.00703122
0.319777 0.0169821 0.00773
0.314146 0.0178624 0.00720228
0.306719 0.0183117 0.00723489
0.312745 0.0191905 0.00702211
0.313374 0.0159765 0.00860712
0.308221 0.0183489 0.00701857
0.312681 0.0175341 0.00729544
0.318199 0.0158238 0.00871179
0.301187 0.0172294 0.00761407
0.319553 0.0166522 0.00788194
0.314175 0.0185895 0.00720266
0.306711 0.0176893 0.00716232
0.318895 0.0161985 0.00803573
0.31839 0.0165589 0.00782613
0.312448 0.0154865 0.0091512
0.29371 0.0154173 0.00954054
0.313448 0.016161 0.00838264
0.312812 0.0159962 0.00854845
0.308027 0.0172098 0.00731815
0.319607 0.0187154 0.00694154
0.314331 0.0188466 0.00725026
0.312837 0.0183546 0.00704863
0.308024 0.0180686 0.00704517
0.307509 0.0184844 0.00698624
0.308568 0.016964 0.00745828
0.319236 0.0164053 0.00796915
0.312621 0.0162582 0.00821142
0.305553 0.0148447 0.0100006
0.313795 0.0173079 0.00733683
0.306533 0.0181525 0.00706096
0.311478 0.0149019 0.010363
0.314161 0.0181602 0.007169
0.306559 0.0151027 0.00936114
0.312115 0.0164441 0.00794979
0.306689 0.0164921 0.00780461
0.305296 0.0147265 0.011163
0.31225 0.015778 0.00878057
0.306092 0.0153342 0.0090162
0.319644 0.0181623 0.00718373
0.299245 0.0149544 0.0115035
0.318122 0.0164303 0.00786283
0.308772 0.0185078 0.00698963
0.306915 0.0153441 0.00895738
0.306555 0.0160007 0.00813269
0.312375 0.0173879 0.00764022
0.306237 0.0150325 0.00943365
0.313261 0.0164354 0.00803038
0.312291 0.0171216 0.00774986
0.319921 0.0182584 0.0071192
0.311155 0.014711 0.0118144
0.318646 0.0171469 0.00757602
0.300126 0.0164535 0.00787666
0.312251 0.0161636 0.00830634
0.314074 0.0170469 0.00742495
0.31726 0.0149336 0.011453
0.313779 0.0166668 0.00777504
0.307219 0.0185611 0.00697646
0.313112 0.0192078 0.00705018
0.307328 0.0190863 0.0071069
0.307319 0.0165791 0.00776946
0.308166 0.020952 0.00771932
0.306092 0.0156895 0.00897977
0.312772 0.0158085 0.00877903
0.313063 0.0159278 0.00874331
0.313038 0.0177638 0.0072185
0.31705 0.0150243 0.0123058
0.312617 0.0172531 0.00737971
0.312242 0.0168837 0.00757389
0.318583 0.0183724 0.00719901
0.318848 0.0183166 0.00705227
0.313609 0.0186657 0.00724146
0.300536 0.0165551 0.00782185
0.31236 0.0163423 0.00809106
0.306516 0.0168869 0.00754126
0.296861 0.016926 0.00765012
0.311989 0.0152086 0.00941538
0.313031 0.0165614 0.00788439
0.308231 0.0190412 0.00714901
0.312481 0.0167144 0.00763643
0.311674 0.0151163 0.00951404
0.306196 0.0157548 0.00845539
0.313345 0.0182657 0.00706245
0.305966 0.0149946 0.00955635
0.313746 0.0189149 0.0071467
0.308337 0.0187707 0.00707425
0.308089 0.01779 0.00713536
0.312618 0.0177673 0.00747874
0.306981 0.0152071 0.00921596
0.299571 0.0149345 0.00994591
0.307814 0.0176769 0.00717407
0.307138 0.0182137 0.00702735
0.305167 0.0146672 0.0117459
0.306629 0.0154936 0.00877673
0.311092 0.0147155 0.0121077
0.313556 0.0165338 0.00792626
0.301723 0.0157239 0.00856764
0.313116 0.0160648 0.00848174
0.314094 0.0173286 0.00732393
0.307384 0.0180456 0.00706247
0.301378 0.0156986 0.00861189
0.308687 0.0178206 0.00714091
0.312743 0.0166303 0.00775679
0.31261 0.0185432 0.0069966
0.313295 0.017615 0.00725689
0.301556 0.0164603 0.00779687
0.311031 0.014735 0.0124006
0.300931 0.015656 0.00867972
0.319494 0.0184565 0.00704252
0.313884 0.017582 0.00725341
0.313633 0.0183987 0.00710678
0.317334 0.014637 0.010957
0.312954 0.0155123 0.00915801
0.295262 0.0176124 0.00716736
0.31293 0.0173726 0.00733713
0.312694 0.0171886 0.00766248
0.307507 0.0173065 0.00727412
0.306412 0.0175809 0.00719472
0.305738 0.0152062 0.00921425
0.30066 0.018408 0.00730458
0.307729 0.0160001 0.00817282
0.311784 0.0155908 0.009283
0.312336 0.0168474 0.00786279
0.312888 0.0161804 0.00832432
0.307921 0.0183493 0.00702207
0.294231 0.0152464 0.00930014
0.302721 0.0178664 0.0070846
0.300531 0.0169941 0.00771653
0.312867 0.0170964 0.00743545
0.308941 0.0179754 0.00709819
0.300298 0.0172063 0.00762629
0.311933 0.0158665 0.00863371
0.311931 0.0150142 0.00963633
0.311608 0.0150118 0.0097874
0.312756 0.018111 0.00725642
0.302729 0.0175858 0.00719057
0.293617 0.0149777 0.00974018
0.313525 0.0178152 0.00719222
0.313838 0.0179208 0.0071538
0.318006 0.0160907 0.00834136
0.306451 0.0166388 0.00769725
0.312546 0.0169698 0.00748573
0.300638 0.0165042 0.00817956
0.317216 0.0146415 0.0115134
0.308581 0.0182327 0.00700726
0.313173 0.0187757 0.00705581
0.304993 0.0147857 0.0125664
0.295051 0.0191512 0.00719227
0.295332 0.0158332 0.00875922
0.301212 0.0166058 0.00766531
0.305799 0.0153886 0.0089841
0.313007 0.015699 0.00892931
0.314374 0.0183648 0.00722329
0.30694 0.0186698 0.00698404
0.308719 0.0210767 0.00773083
0.302293 0.0185291 0.00701246
0.310967 0.0147997 0.0126866
0.314526 0.0186193 0.00726992
0.307157 0.017122 0.00737984
0.307971 0.0189021 0.0070912
0.313221 0.0194815 0.00710572
0.313435 0.0169794 0.00744255
0.313258 0.0197687 0.00718431
0.301732 0.0183281 0.0070524
0.301086 0.0169716 0.00772953
0.310801 0.0153471 0.0132793
0.306472 0.0178692 0.00713811
0.30716 0.0158883 0.00830788
0.294832 0.01954 0.00723021
0.29415 0.0156804 0.00891936
0.301597 0.016943 0.00748963
0.306494 0.0158144 0.0083599
0.306822 0.0169859 0.00747493
0.31267 0.018833 0.00704575
0.307253 0.0163368 0.00793355
0.306352 0.0172971 0.00727134
0.306831 0.0159136 0.00821024
0.30127 0.0168617 0.00751984
0.300431 0.0156077 0.00875158
0.295136 0.0177647 0.00739316
0.306161 0.0165559 0.00774378
0.307367 0.0157162 0.008441
0.295389 0.0160534 0.00856379
0.30646 0.0153508 0.00897959
0.306836 0.0195604 0.00721903
0.305889 0.0148795 0.00982266
0.307066 0.0157001 0.00852153
0.302682 0.0189804 0.00697308
0.313179 0.016252 0.00825309
0.311012 0.0150519 0.0124657
0.301351 0.0185677 0.00703643
0.300261 0.0150286 0.00941455
0.312421 0.0165283 0.00786384
0.308627 0.0172276 0.0073278
0.305044 0.0146081 0.0123301
0.308845 0.0168687 0.00752212
0.301557 0.0176499 0.00716465
0.295561 0.0191147 0.00711202
0.311543 0.0149529 0.0100742
0.306273 0.0168004 0.00787719
0.313871 0.0182169 0.00711925
0.311219 0.0147265 0.0115216
0.306694 0.0152513 0.00913852
0.300504 0.0173397 0.00729517
0.294749 0.0174615 0.007658
0.300417 0.0176109 0.00720063
0.29474 0.0150033 0.0095038
0.300809 0.018818 0.00701063
0.306412 0.0172771 0.00757067
0.307672 0.0168855 0.00755593
0.300204 0.0149842 0.00970578
0.307448 0.0159084 0.00822542
0.30837 0.0175052 0.00723302
0.306758 0.0167396 0.00764018
0.3135 0.0172598 0.00735779
0.314504 0.0177114 0.00720096
0.305954 0.0155278 0.0087683
0.293552 0.0149111 0.0100253
0.308953 0.0176898 0.00718925
0.306898 0.0161525 0.00804152
0.301727 0.0178276 0.00734457
0.313455 0.0188744 0.00708963
0.308668 0.0175351 0.00723114
0.306415 0.0175672 0.0074944
0.302472 0.0159469 0.00829365
0.30129 0.0175247 0.00722071
0.300486 0.01672 0.00757636
0.306922 0.0155269 0.0087196
0.306205 0.0158367 0.00874384
0.305231 0.0146968 0.0114544
0.308389 0.0177907 0.00714279
0.305077 0.0148854 0.0122046
0.304665 0.0156405 0.0137679
0.289272 0.0165364 0.00778848
0.307858 0.0162266 0.0080239
0.306291 0.0170458 0.00742308
0.304947 0.015123 0.0127265
0.305217 0.0149502 0.0116143
0.301058 0.018011 0.0070531
0.308637 0.018763 0.00707128
0.295979 0.0167423 0.0079054
0.306964 0.0163959 0.00787899
0.307897 0.016719 0.00766279
0.306325 0.015196 0.00919805
0.307382 0.0168204 0.00760281
0.307652 0.0164041 0.00789674
0.300298 0.01669 0.00794461
0.300063 0.0162537 0.00809136
0.301854 0.0164942 0.00774596
0.305361 0.014762 0.0108724
0.307612 0.0191722 0.00715023
0.301356 0.0179795 0.00706073
0.30591 0.0157087 0.00853312
0.306225 0.0167993 0.00758098
0.30778 0.0186125 0.00699235
0.308938 0.0174042 0.00727965
0.312266 0.0166629 0.00808884
0.312958 0.017009 0.00770756
0.300716 0.0168941 0.00749303
0.300768 0.0180883 0.00703941
0.308472 0.0185121 0.00700485
0.3009 0.0199035 0.00702044
0.308327 0.017222 0.00732191
0.300483 0.0170731 0.00743119
0.300758 0.0186904 0.00732964
0.307672 0.0188897 0.00706903
0.307218 0.0173819 0.00724276
0.306095 0.0163123 0.00790628
0.300347 0.0152182 0.00919846
0.302671 0.016801 0.00757793
0.306755 0.0186086 0.00721248
0.301763 0.017193 0.00738184
0.306826 0.0180891 0.00706389
0.300995 0.0188545 0.00724631
0.303038 0.0182767 0.00700729
0.306005 0.0161515 0.00843145
0.307937 0.0164807 0.00784072
0.307068 0.0179149 0.00710057
0.308078 0.0186296 0.00701592
0.29535 0.0179285 0.00717108
0.307519 0.0175922 0.00718364
0.301835 0.0191711 0.00699253
0.305687 0.0150275 0.00944989
0.294487 0.0151388 0.00941736
0.30703 0.0166393 0.00771651
0.30603 0.0160688 0.00806885
0.300388 0.0163458 0.00797735
0.29368 0.0150747 0.00946331
0.312177 0.0166326 0.00772458
0.305525 0.0148168 0.010298
0.296043 0.0161761 0.00843636
0.288918 0.0163561 0.00788067
0.301635 0.0160642 0.00821202
0.29415 0.0166812 0.00803658
0.307243 0.0160862 0.00809809
0.30627 0.0170602 0.00772204
0.300325 0.0161459 0.00819203
0.302515 0.0161497 0.00807691
0.300879 0.0158603 0.00846614
0.314626 0.0182033 0.00725839
0.306771 0.0157377 0.00844578
0.308268 0.0169661 0.00746689
0.293088 0.0147666 0.0121284
0.288544 0.018236 0.00710561
0.300989 0.0196197 0.00698287
0.306213 0.0149567 0.00972286
0.307388 0.0188039 0.0070257
0.305029 0.0150578 0.0124453
0.300779 0.0161651 0.00814873
0.306551 0.0165367 0.00806694
0.299968 0.0150139 0.00947644
0.308196 0.0167337 0.00764258
0.305148 0.0149218 0.0119049
0.296135 0.0163923 0.00822077
0.30678 0.0175832 0.00743444
0.302686 0.0163205 0.0078875
0.296548 0.0186086 0.00695949
0.307067 0.019231 0.00713425
0.305444 0.0147916 0.0105856
0.300872 0.0184388 0.00702879
0.300804 0.016933 0.00782568
0.294726 0.0176847 0.00721588
0.305104 0.0146376 0.0120378
0.304806 0.0153421 0.0132668
0.300073 0.0153329 0.0090422
0.300726 0.0191058 0.00699641
0.294832 0.0170864 0.00766431
0.299261 0.0147169 0.0113208
0.300681 0.0176244 0.00734304
0.300785 0.0178008 0.00712363
0.307256 0.017114 0.00766271
0.30807 0.0175045 0.00722558
0.288937 0.0175749 0.00723071
0.304735 0.0154869 0.0135198
0.302179 0.0164956 0.00773322
0.306597 0.016828 0.00787788
0.300198 0.015742 0.00861787
0.312949 0.0163664 0.0080971
0.306386 0.0163954 0.00786014
0.307683 0.017931 0.00708364
0.300553 0.0181301 0.00726914
0.313926 0.0165072 0.00798187
0.307523 0.0161777 0.00804566
0.302131 0.0192177 0.00697934
0.301229 0.0193052 0.00700266
0.300708 0.0155239 0.00883078
0.306258 0.0159541 0.00823996
0.302103 0.0167478 0.00759003
0.308942 0.0182613 0.00700722
0.294776 0.0158106 0.00879092
0.301344 0.0178074 0.00730616
0.29378 0.0155894 0.0093052
0.301025 0.0162899 0.00800414
0.300761 0.0171969 0.00735517
0.300476 0.0178897 0.00710684
0.294564 0.015646 0.00920446
0.307795 0.0173888 0.0072553
0.302457 0.0180052 0.00705285
0.289521 0.0176318 0.00720698
0.301022 0.016038 0.00827088
0.301316 0.0160701 0.00822194
0.288588 0.0177753 0.00740332
0.30632 0.0161514 0.00802277
0.306671 0.017072 0.00771944
0.302174 0.0159286 0.00832814
0.301496 0.016684 0.00760621
0.30093 0.0193258 0.00699323
0.307868 0.0186846 0.00727
0.306594 0.0184382 0.0069924
0.299749 0.0152313 0.00915356
0.301844 0.0159118 0.0083627
0.295847 0.0178203 0.00713415
0.3 0.016051 0.00830329
0.288462 0.0166983 0.00769298
0.306208 0.0165566 0.00804003
0.306031 0.0151585 0.00925162
0.30642 0.0156286 0.00860926
0.296066 0.0176526 0.00725263
0.301516 0.015878 0.00841512
0.300968 0.0167481 0.0075654
0.299375 0.0147983 0.0108137
0.295682 0.0166961 0.00797422
0.294025 0.0162423 0.00842596
0.294317 0.0163158 0.00835503
0.306251 0.0154835 0.00881031
0.306578 0.0171267 0.0073713
0.300724 0.0189823 0.00726975
0.29459 0.0162205 0.00843327
0.301714 0.0181313 0.00727813
0.308496 0.0167323 0.00763497
0.294985 0.0188603 0.00716004
0.296624 0.0162549 0.00830681
0.29299 0.0150789 0.0125588
0.301919 0.0161247 0.00813362
0.30488 0.0152311 0.0129981
0.288863 0.0197004 0.00715048
0.301842 0.0189288 0.00716932
0.301138 0.0182998 0.00704148
0.289337 0.0167951 0.00765121
0.299872 0.0156389 0.00873081
0.303006 0.0176846 0.00713332
0.302055 0.0163085 0.00793218
0.308333 0.0180739 0.00706142
0.306645 0.0173967 0.00723805
0.287745 0.0153983 0.00934478
0.30233 0.0171716 0.00740062
0.296159 0.0171612 0.00749071
0.307968 0.0169615 0.00747746
0.300844 0.0171891 0.00764325
0.302692 0.0185767 0.00699554
0.300921 0.0178026 0.00739084
0.288735 0.0191149 0.00712598
0.294279 0.017119 0.00764722
0.302406 0.0190968 0.00697637
0.302354 0.0169 0.00752569
0.305969 0.0158852 0.00829802
0.300637 0.0159891 0.00834556
0.302359 0.0194124 0.00696023
0.299175 0.014924 0.0117937
0.294148 0.0149062 0.00976553
0.287676 0.0152842 0.00961364
0.306647 0.0187313 0.00695817
0.30037 0.0154112 0.00897002
0.29387 0.0149079 0.00989046
0.294723 0.0166607 0.00804211
0.289363 0.0182493 0.00707479
0.3029 0.0170161 0.00748098
0.300389 0.017537 0.00749001
0.302021 0.018407 0.0070398
0.301272 0.0164 0.00787509
0.295817 0.0163285 0.00831122
0.301191 0.0198463 0.00697736
0.296334 0.0162138 0.00837193
0.296542 0.0166349 0.00795545
0.295587 0.0164752 0.00818749
0.30056 0.0183037 0.0070246
0.302909 0.0173711 0.00729739
0.290119 0.0178073 0.00712011
0.306084 0.0163322 0.00820539
0.29336 0.014855 0.0109018
0.299072 0.0146876 0.0121869
0.299738 0.0154185 0.00938766
0.293957 0.016024 0.00862003
0.294657 0.016442 0.00823651
0.294598 0.0159937 0.00863319
0.295457 0.0184987 0.00707724
0.302054 0.0175427 0.0072245
0.300621 0.015113 0.00925784
0.301524 0.0173548 0.00729925
0.299131 0.0146256 0.0118994
0.300647 0.0153208 0.00904303
0.30165 0.0179238 0.00707095
0.294703 0.0189547 0.00720038
0.299912 0.0149676 0.00976994
0.301371 0.0171195 0.00740406
0.299937 0.0158475 0.00851442
0.302201 0.017851 0.00707985
0.302333 0.0174432 0.00727333
0.296385 0.0188584 0.00699558
0.296095 0.0189243 0.00703468
0.294854 0.0168618 0.00786195
0.300619 0.018594 0.00707161
0.294862 0.0176812 0.00748342
0.294575 0.0172052 0.00756506
0.295335 0.0165998 0.00808297
0.288606 0.0185295 0.00710195
0.300988 0.0170204 0.00744099
0.301017 0.0190349 0.00700768
0.293023 0.0147492 0.0124209
0.294396 0.0175277 0.00728489
0.300261 0.0159458 0.00840643
0.294512 0.0180769 0.00716517
0.299106 0.0149923 0.0120774
0.294282 0.0155546 0.00915749
0.30243 0.0166369 0.00764798
0.293247 0.014955 0.0114804
0.289297 0.0179544 0.0070736
0.302761 0.0165415 0.00769887
0.29662 0.0176134 0.00721067
0.290661 0.0178315 0.00716259
0.295549 0.0156762 0.00889308
0.288928 0.0199931 0.00716273
0.299196 0.0146712 0.0116101
0.29492 0.0173023 0.00747036
0.307734 0.0171286 0.00739151
0.307472 0.0178693 0.00728855
0.306622 0.0162461 0.00796885
0.295561 0.0182516 0.00730487
0.302611 0.0173415 0.00731893
0.300196 0.0166522 0.00766308
0.306764 0.018994 0.00704433
0.300494 0.0158099 0.0085391
0.295044 0.015271 0.00926126
0.300657 0.0174043 0.00754539
0.295125 0.0167628 0.00794354
0.30221 0.0181746 0.00703546
0.295987 0.0184198 0.00704696
0.294853 0.0161094 0.00852576
0.300965 0.0154118 0.00893635
0.295565 0.0177203 0.00715008
0.301436 0.0182744 0.00705094
0.296197 0.0182048 0.0070492
0.294576 0.0183689 0.00718957
0.301955 0.0169853 0.00748186
0.294922 0.0185671 0.00715513
0.2964 0.0170213 0.00760142
0.300197 0.0163687 0.00835013
0.299634 0.0149807 0.0096564
0.302466 0.0187736 0.00699249
0.292963 0.0147326 0.0127142
0.293488 0.0148766 0.0103163
0.29506 0.0159447 0.0086666
0.28888 0.0173104 0.00737119
0.302764 0.0181578 0.00702693
0.294639 0.0186621 0.00718545
0.301337 0.0195845 0.00698694
0.293831 0.0155854 0.00900954
0.289709 0.0171846 0.00744766
0.293148 0.0149597 0.0119069
0.299318 0.0149624 0.0111581
0.301132 0.0172824 0.00732396
0.302606 0.0170665 0.00745476
0.294502 0.0177789 0.00743542
0.290168 0.018124 0.0070543
0.299807 0.0156211 0.00917751
0.307058 0.0189382 0.00704573
0.299505 0.014889 0.0102351
0.30264 0.0192838 0.00695747
0.28859 0.0172176 0.00741745
0.295159 0.0183907 0.00710359
0.288817 0.0170458 0.00751163
0.296241 0.0160023 0.00858053
0.295857 0.0183015 0.00728956
0.301081 0.0177277 0.0071486
0.296693 0.0171139 0.00748756
0.294315 0.0158661 0.00875172
0.29628 0.0174428 0.00724243
0.301068 0.0186663 0.00702427
0.301115 0.0175837 0.00745716
0.296418 0.0180102 0.00710496
0.301756 0.0163022 0.00795473
0.301188 0.0155439 0.00878527
0.299809 0.0154353 0.00894195
0.294928 0.0163429 0.00831811
0.302218 0.0161313 0.00811142
0.293967 0.0151427 0.00939721
0.283373 0.0202827 0.00714455
0.296436 0.0172387 0.00739772
0.302179 0.0189015 0.0069955
0.295763 0.016902 0.0077718
0.288992 0.0202858 0.00717498
0.296259 0.0185322 0.00698542
0.301798 0.0167418 0.00758621
0.295833 0.0157456 0.0088259
0.295737 0.016113 0.0085038
0.295419 0.0168141 0.00789091
0.290391 0.0177053 0.00719557
0.300654 0.0167534 0.00801338
0.2967 0.0173335 0.00728323
0.294451 0.0167577 0.00796232
0.29944 0.014843 0.0105243
0.29562 0.0159069 0.00868809
0.288305 0.017134 0.00745878
0.296217 0.0165982 0.00801846
0.294453 0.0177837 0.00713941
0.295367 0.0154997 0.00905267
0.28824 0.0168775 0.00760006
0.300136 0.0155365 0.00883102
0.300928 0.0174875 0.00724301
0.296918 0.0175831 0.00722781
0.294751 0.0152281 0.00930534
0.288836 0.018337 0.00708845
0.302051 0.01727 0.0073495
0.296131 0.0179368 0.00716681
0.296331 0.0167986 0.00781852
0.28959 0.0178896 0.0070702
0.288685 0.0165221 0.0077895
0.299689 0.0150272 0.0093652
0.295898 0.0165354 0.00810674
0.301593 0.0189963 0.007017
0.29486 0.0182743 0.00717542
0.301911 0.0177817 0.00711237
0.301216 0.0158764 0.00843196
0.301843 0.0185368 0.00724372
0.295299 0.0193171 0.00715835
0.300745 0.0163706 0.00793296
0.30126 0.0164162 0.00817439
0.294518 0.0169804 0.00776448
0.302387 0.0163395 0.00788354
0.290711 0.0181174 0.00705821
0.289449 0.0173157 0.0073748
0.295464 0.017805 0.0074196
0.289073 0.0181539 0.00707573
0.289396 0.0170549 0.0075133
0.29609 0.0169393 0.00770703
0.295521 0.0187934 0.00709201
0.295949 0.015952 0.0086414
0.287921 0.0157918 0.00855972
0.294476 0.0149171 0.00961924
0.296705 0.0179284 0.00713462
0.293423 0.0148586 0.0106085
0.294383 0.016537 0.00815844
0.296431 0.016436 0.00815279
0.296727 0.0164549 0.00810825
0.295067 0.0154951 0.00906312
0.28867 0.0188222 0.00711373
0.294121 0.0154977 0.00942952
0.288965 0.018923 0.00711297
0.295167 0.0171671 0.00757502
0.295798 0.0189073 0.0070683
0.288112 0.0163843 0.00791276
0.295785 0.0175246 0.00720611
0.288772 0.0180441 0.00707617
0.294325 0.0160908 0.00855328
0.28786 0.0156251 0.00880158
0.295391 0.0182049 0.00706211
0.295021 0.0177845 0.00711662
0.294215 0.0168999 0.00784187
0.288484 0.0179437 0.00713751
0.295254 0.0163839 0.00827512
0.295506 0.0162594 0.00837961
0.296345 0.0177273 0.00717338
0.288716 0.0177536 0.00713293
0.29445 0.0156638 0.00892733
0.288425 0.0176532 0.00718317
0.295753 0.0186063 0.00705372
0.29398 0.0153262 0.00963415
0.294994 0.0165617 0.00812372
0.288395 0.0164379 0.00783114
0.294662 0.0174196 0.00737401
0.290047 0.0175498 0.00725667
0.301299 0.0189337 0.00701993
0.294773 0.0154552 0.00910451
0.296471 0.0183245 0.00702807
0.295775 0.0155255 0.00902131
0.293897 0.0158042 0.00881517
0.28942 0.0185492 0.0070875
0.299877 0.0158235 0.00896723
0.288802 0.019407 0.00713815
0.29031 0.0174451 0.00735673
0.289636 0.0168972 0.0076001
0.295107 0.018104 0.00717455
0.289056 0.016887 0.00759904
0.295507 0.0174925 0.00733642
0.295221 0.0173931 0.00736803
0.28875 0.0167808 0.0076522
0.289655 0.0181824 0.00706636
0.295722 0.0172946 0.00740483
0.293059 0.0150289 0.0122712
0.287983 0.0159682 0.00832516
0.295746 0.0179501 0.0073851
0.295629 0.0180257 0.00711954
0.289008 0.0178597 0.00709965
0.30252 0.0183322 0.00701552
0.295293 0.0189823 0.00713919
0.293904 0.0149226 0.00959271
0.295075 0.0157199 0.00886465
0.295911 0.0181122 0.00706318
0.295137 0.0161779 0.00845926
0.288367 0.0173933 0.00732118
0.282266 0.0169425 0.00748079
0.290438 0.0179932 0.00704337
0.295344 0.0152756 0.00925082
0.300938 0.0165232 0.00776169
0.303 0.017977 0.00706666
0.287809 0.0155122 0.00907483
0.295721 0.0176586 0.00746685
0.294975 0.0175225 0.00725538
0.288989 0.0166223 0.00773945
0.296005 0.0173609 0.00732863
0.288046 0.0161731 0.00811536
0.289138 0.0184469 0.00708797
0.293742 0.0152941 0.0092685
0.295225 0.0186845 0.00711845
0.289711 0.018477 0.00707886
0.288653 0.0174819 0.00727711
0.28974 0.017452 0.00730535
0.288528 0.0169576 0.0075554
0.294496 0.0153493 0.00920382
0.289985 0.0172922 0.00739701
0.289812 0.017713 0.00716692
0.295686 0.018309 0.00703806
0.289116 0.017148 0.00746047
0.295446 0.0172613 0.00751743
0.294793 0.0179734 0.00716436
0.289224 0.0176693 0.00718362
0.288175 0.016618 0.00773573
0.294768 0.0192473 0.00721529
0.295875 0.0171 0.00757431
0.288901 0.0186303 0.00710072
0.294222 0.0150216 0.00949861
0.294086 0.0164627 0.0082317
0.289169 0.0174088 0.00732197
0.29402 0.0154086 0.00916152
0.295502 0.0170287 0.00769826
0.289895 0.0180023 0.0070766

VERTICES 885 1770
1 0
1 1
1 2
1 3
1 4
1 5
1 6
1 7
1 8
1 9
1 10
1 11
1 12
1 13
1 14
1 15
1 16
1 17
1 18
1 19
1 20
1 21
1 22
1 23
1 24
1 25
1 26
1 27
1 28
1 29
1 30
1 31
1 32
1 33
1 34
1 35
1 36
1 37
1 38
1 39
1 40
1 41
1 42
1 43
1 44
1 45
1 46
1 47
1 48
1 49
1 50
1 51
1 52
1 53
1 54
1 55
1 56
1 57
1 58
1 59
1 60
1 61
1 62
1 63
1 64
1 65
1 66
1 67
1 68
1 69
1 70
1 71
1 72
1 73
1 74
1 75
1 76
1 77
1 78
1 79
1 80
1 81
1 82
1 83
1 84
1 85
1 86
1 87
1 88
1 89
1 90
1 91
1 92
1 93
1 94
1 95
1 96
1 97
1 98
1 99
1 100
1 101
1 102
1 103
1 104
1 105
1 106
1 107
1 108
1 109
1 110
1 111
1 112
1 113
1 114
1 115
1 116
1 117
1 118
1 119
1 120
1 121
1 122
1 123
1 124
1 125
1 126
1 127
1 128
1 129
1 130
1 131
1 132
1 133
1 134
1 135
1 136
1 137
1 138
1 139
1 140
1 141
1 142
1 143
1 144
1 145
1 146
1 147
1 148
1 149
1 150
1 151
1 152
1 153
1 154
1 155
1 156
1 157
1 158
1 159
1 160
1 161
1 162
1 163
1 164
1 165
1 166
1 167
1 168
1 169
1 170
1 171
1 172
1 173
1 174
1 175
1 176
1 177
1 178
1 179
1 180
1 181
1 182
1 183
1 184
1 185
1 186
1 187
1 188
1 189
1 190
1 191
1 192
1 193
1 194
1 195
1 196
1 197
1 198
1 199
1 200
1 201
1 202
1 203
1 204
1 205
1 206
1 207
1 208
1 209
1 210
1 211
1 212
1 213
1 214
1 215
1 216
1 217
1 218
1 219
1 220
1 221
1 222
1 223
1 224
1 225
1 226
1 227
1 228
1 229
1 230
1 231
1 232
1 233
1 234
1 235
1 236
1 237
1 238
1 239
1 240
1 241
1 242
1 243
1 244
1 245
1 246
1 247
1 248
1 249
1 250
1 251
1 252
1 253
1 254
1 255
1 256
1 257
1 258
1 259
1 260
1 261
1 262
1 263
1 264
1 265
1 266
1 267
1 268
1 269
1 270
1 271
1 272
1 273
1 274
1 275
1 276
1 277
1 278
1 279
1 280
1 281
1 282
1 283
1 284
1 285
1 286
1 287
1 288
1 289
1 290
1 291
1 292
1 293
1 294
1 295
1 296
1 297
1 298
1 299
1 300
1 301
1 302
1 303
1 304
1 305
1 306
1 307
1 308
1 309
1 310
1 311
1 312
1 313
1 314
1 315
1 316
1 317
1 318
1 319
1 320
1 321
1 322
1 323
1 324
1 325
1 326
1 327
1 328
1 329
1 330
1 331
1 332
1 333
1 334
1 335
1 336
1 337
1 338
1 339
1 340
1 341
1 342
1 343
1 344
1 345
1 346
1 347
1 348
1 349
1 350
1 351
1 352
1 353
1 354
1 355
1 356
1 357
1 358
1 359
1 360
1 361
1 362
1 363
1 364
1 365
1 366
1 367
1 368
1 369
1 370
1 371
1 372
1 373
1 374
1 375
1 376
1 377
1 378
1 379
1 380
1 381
1 382
1 383
1 384
1 385
1 386
1 387
1 388
1 389
1 390
1 391
1 392
1 393
1 394
1 395
1 396
1 397
1 398
1 399
1 400
1 401
1 402
1 403
1 404
1 405
1 406
1 407
1 408
1 409
1 410
1 411
1 412
1 413
1 414
1 415
1 416
1 417
1 418
1 419
1 420
1 421
1 422
1 423
1 424
1 425
1 426
1 427
1 428
1 429
1 430
1 431
1 432
1 433
1 434
1 435
1 436
1 437
1 438
1 439
1 440
1 441
1 442
1 443
1 444
1 445
1 446
1 447
1 448
1 449
1 450
1 451
1 452
1 453
1 454
1 455
1 456
1 457
1 458
1 459
1 460
1 461
1 462
1 463
1 464
1 465
1 466
1 467
1 468
1 469
1 470
1 471
1 472
1 473
1 474
1 475
1 476
1 477
1 478
1 479
1 480
1 481
1 482
1 483
1 484
1 485
1 486
1 487
1 488
1 489
1 490
1 491
1 492
1 493
1 494
1 495
1 496
1 497
1 498
1 499
1 500
1 501
1 502
1 503
1 504
1 505
1 506
1 507
1 508
1 509
1 510
1 511
1 512
1 513
1 514
1 515
1 516
1 517
1 518
1 519
1 520
1 521
1 522
1 523
1 524
1 525
1 526
1 527
1 528
1 529
1 530
1 531
1 532
1 533
1 534
1 535
1 536
1 537
1 538
1 539
1 540
1 541
1 542
1 543
1 544
1 545
1 546
1 547
1 548
1 549
1 550
1 551
1 552
1 553
1 554
1 555
1 556
1 557
1 558
1 559
1 560
1 561
1 562
1 563
1 564
1 565
1 566
1 567
1 568
1 569
1 570
1 571
1 572
1 573
1 574
1 575
1 576
1 577
1 578
1 579
1 580
1 581
1 582
1 583
1 584
1 585
1 586
1 587
1 588
1 589
1 590
1 591
1 592
1 593
1 594
1 595
1 596
1 597
1 598
1 599
1 600
1 601
1 602
1 603
1 604
1 605
1 606
1 607
1 608
1 609
1 610
1 611
1 612
1 613
1 614
1 615
1 616
1 617
1 618
1 619
1 620
1 621
1 622
1 623
1 624
1 625
1 626
1 627
1 628
1 629
1 630
1 631
1 632
1 633
1 634
1 635
1 636
1 637
1 638
1 639
1 640
1 641
1 642
1 643
1 644
1 645
1 646
1 647
1 648
1 649
1 650
1 651
1 652
1 653
1 654
1 655
1 656
1 657
1 658
1 659
1 660
1 661
1 662
1 663
1 664
1 665
1 666
1 667
1 668
1 669
1 670
1 671
1 672
1 673
1 674
1 675
1 676
1 677
1 678
1 679
1 680
1 681
1 682
1 683
1 684
1 685
1 686
1 687
1 688
1 689
1 690
1 691
1 692
1 693
1 694
1 695
1 696
1 697
1 698
1 699
1 700
1 701
1 702
1 703
1 704
1 705
1 706
1 707
1 708
1 709
1 710
1 711
1 712
1 713
1 714
1 715
1 716
1 717
1 718
1 719
1 720
1 721
1 722
1 723
1 724
1 725
1 726
1 727
1 728
1 729
1 730
1 731
1 732
1 733
1 734
1 735
1 736
1 737
1 738
1 739
1 740
1 741
1 742
1 743
1 744
1 745
1 746
1 747
1 748
1 749
1 750
1 751
1 752
1 753
1 754
1 755
1 756
1 757
1 758
1 759
1 760
1 761
1 762
1 763
1 764
1 765
1 766
1 767
1 768
1 769
1 770
1 771
1 772
1 773
1 774
1 775
1 776
1 777
1 778
1 779
1 780
1 781
1 782
1 783
1 784
1 785
1 786
1 787
1 788
1 789
1 790
1 791
1 792
1 793
1 794
1 795
1 796
1 797
1 798
1 799
1 800
1 801
1 802
1 803
1 804
1 805
1 806
1 807
1 808
1 809
1 810
1 811
1 812
1 813
1 814
1 815
1 816
1 817
1 818
1 819
1 820
1 821
1 822
1 823
1 824
1 825
1 826
1 827
1 828
1 829
1 830
1 831
1 832
1 833
1 834
1 835
1 836
1 837
1 838
1 839
1 840
1 841
1 842
1 843
1 844
1 845
1 846
1 847
1 848
1 849
1 850
1 851
1 852
1 853
1 854
1 855
1 856
1 857
1 858
1 859
1 860
1 861
1 862
1 863
1 864
1 865
1 866
1 867
1 868
1 869
1 870
1 871
1 872
1 873
1 874
1 875
1 876
1 877
1 878
1 879
1 880
1 881
1 882
1 883
1 884

POINT_DATA 885
SCALARS id int 1
LOOKUP_TABLE default
1
2
3
4
5
6
7
8
9
10
11
12
13
14
15
16
17
18
19
20
21
22
23
24
25
26
27
28
29
30
31
32
33
34
35
36
37
39
40
41
42
43
44
45
46
47
48
49
50
51
52
53
54
56
57
58
59
60
61
62
63
64
65
67
68
69
70
71
72
73
74
75
76
77
78
79
80
81
82
83
84
85
86
87
88
89
90
91
92
93
94
95
96
97
98
99
100
101
102
103
104
105
106
107
108
109
110
111
112
113
114
115
116
117
118
119
120
121
122
123
124
125
126
127
129
130
131
132
133
134
135
136
137
138
139
140
141
142
143
144
145
146
147
148
149
150
151
153
154
155
156
157
158
159
160
161
162
163
164
165
166
167
168
169
170
171
172
173
174
175
176
177
178
179
180
181
182
183
184
185
186
187
188
189
190
191
192
193
194
195
196
197
198
199
200
201
202
203
204
205
206
207
208
209
210
211
212
213
214
215
217
218
219
220
221
222
223
224
225
226
227
228
229
230
231
232
233
234
235
236
237
238
239
240
241
242
243
244
245
246
247
248
249
250
251
252
253
254
255
256
257
258
259
260
261
262
263
264
265
266
267
268
269
270
271
273
274
275
276
277
278
279
280
281
282
283
284
285
286
287
288
289
290
291
292
293
294
295
296
297
298
299
300
301
302
303
304
305
306
307
308
309
310
311
312
313
314
315
316
317
318
319
320
321
322
323
324
325
326
327
328
329
330
331
332
333
334
335
336
337
338
339
340
341
342
343
344
345
346
347
348
349
350
351
352
353
354
355
356
357
358
359
360
361
362
363
364
365
366
367
368
369
370
371
372
373
374
375
376
377
378
379
380
381
382
383
384
385
386
387
388
389
390
391
392
393
394
395
396
397
398
399
400
401
402
403
404
405
406
407
408
409
410
411
412
413
414
415
416
417
418
419
420
421
422
423
424
425
426
427
428
429
430
431
432
433
434
435
436
437
438
439
440
441
442
443
444
445
446
447
448
449
450
451
452
453
454
455
456
457
458
459
460
461
462
463
464
465
466
467
468
469
470
471
472
473
474
475
476
477
478
479
480
481
482
483
484
485
486
487
488
489
490
491
492
493
494
495
496
497
498
499
500
501
502
503
504
505
506
507
508
509
510
511
512
513
514
515
516
517
518
519
520
521
522
523
524
525
526
527
528
529
530
531
532
533
534
535
536
537
538
539
540
541
542
543
544
545
546
547
548
549
550
551
552
553
554
555
556
557
558
559
560
561
562
563
564
565
566
567
568
569
570
571
572
573
574
575
576
577
579
580
581
582
583
584
585
586
587
588
589
590
591
592
593
594
595
596
597
598
599
600
601
602
603
605
606
607
608
609
610
611
612
613
614
615
616
617
618
619
620
621
622
623
624
625
626
627
628
629
630
631
632
633
634
635
636
637
638
640
641
642
643
644
645
646
647
648
649
650
651
652
653
654
655
656
659
660
661
662
663
664
665
666
667
668
669
670
671
672
673
674
675
676
677
678
679
680
681
682
683
684
685
686
687
688
690
691
692
693
694
695
696
697
698
699
700
701
702
703
704
705
706
707
708
709
710
711
712
713
714
715
716
717
718
719
720
721
722
723
724
725
726
727
728
729
730
731
732
733
734
735
736
737
738
739
740
741
742
743
744
745
746
747
748
749
750
751
752
753
754
755
756
757
758
759
760
761
762
764
765
766
767
768
769
770
771
772
773
774
775
776
777
778
779
780
781
782
783
784
785
786
787
788
789
791
792
793
794
795
796
797
798
799
800
801
802
803
804
805
806
807
808
809
810
811
812
813
814
815
816
817
818
819
820
821
822
823
824
825
826
827
828
829
830
831
832
833
834
835
836
837
838
839
840
841
842
843
844
845
846
847
848
849
850
851
852
853
854
855
856
857
858
859
860
861
862
863
864
865
866
867
868
869
870
871
872
873
874
875
876
877
878
879
880
881
882
883
884
885
886
887
888
889
890
891
892
893
894
895
896
897
898
899
900

SCALARS type int 1
LOOKUP_TABLE default
1
1
1
1
1
1
1
1
1
1
1
1
1
1
1
1
1
1
1
1
1
1
1
1
1
1
1
1
1
1
1
1
1
1
1
1
1
1
1
1
1
1
1
1
1
1
1
1
1
1
1
1
1
1
1
1
1
1
1
1
1
1
1
1
1
1
1
1
1
1
1
1
1
1
1
1
1
1
1
1
1
1
1
1
1
1
1
1
1
1
1
1
1
1
1
1
1
1
1
1
1
1
1
1
1
1
1
1
1
1
1
1
1
1
1
1
1
1
1
1
1
1
1
1
1
1
1
1
1
1
1
1
1
1
1
1
1
1
1
1
1
1
1
1
1
1
1
1
1
1
1
1
1
1
1
1
1
1
1
1
1
1
1
1
1
1
1
1
1
1
1
1
1
1
1
1
1
1
1
1
1
1
1
1
1
1
1
1
1
1
1
1
1
1
1
1
1
1
1
1
1
1
1
1
1
1
1
1
1
1
1
1
1
1
1
1
1
1
1
1
1
1
1
1
1
1
1
1
1
1
1
1
1
1
1
1
1
1
1
1
1
1
1
1
1
1
1
1
1
1
1
1
1
1
1
1
1
1
1
1
1
1
1
1
1
1
1
1
1
1
1
1
1
1
1
1
1
1
1
1
1
1
1
1
1
1
1
1
1
1
1
1
1
1
1
1
1
1
1
1
1
1
1
1
1
1
1
1
1
1
1
1
1
1
1
1
1
1
1
1
1
1
1
1
1
1
1
1
1
1
1
1
1
1
1
1
1
1
1
1
1
1
1
1
1
1
1
1
1
1
1
1
1
1
1
1
1
1
1
1
1
1
1
1
1
1
1
1
1
1
1
1
1
1
1
1
1
1
1
1
1
1
1
1
1
1
1
1
1
1
1
1
1
1
1
1
1
1
1
1
1
1
1
1
1
1
1
1
1
1
1
1
1
1
1
1
1
1
1
1
1
1
1
1
1
1
1
1
1
1
1
1
1
1
1
1
1
1
1
1
1
1
1
1
1
1
1
1
1
1
1
1
1
1
1
1
1
1
1
1
1
1
1
1
1
1
1
1
1
1
1
1
1
1
1
1
1
1
1
1
1
1
1
1
1
1
1
1
1
1
1
1
1
1
1
1
1
1
1
1
1
1
1
1
1
1
1
1
1
1
1
1
1
1
1
1
1
1
1
1
1
1
1
1
1
1
1
1
1
1
1
1
1
1
1
1
1
1
1
1
1
1
1
1
1
1
1
1
1
1
1
1
1
1
1
1
1
1
1
1
1
1
1
1
1
1
1
1
1
1
1
1
1
1
1
1
1
1
1
1
1
1
1
1
1
1
1
1
1
1
1
1
1
1
1
1
1
1
1
1
1
1
1
1
1
1
1
1
1
1
1
1
1
1
1
1
1
1
1
1
1
1
1
1
1
1
1
1
1
1
1
1
1
1
1
1
1
1
1
1
1
1
1
1
1
1
1
1
1
1
1
1
1
1
1
1
1
1
1
1
1
1
1
1
1
1
1
1
1
1
1
1
1
1
1
1
1
1
1
1
1
1
1
1
1
1
1
1
1
1
1
1
1
1
1
1
1
1
1
1
1
1
1
1
1
1
1
1
1
1
1
1
1
1
1
1
1
1
1
1
1
1
1
1
1
1
1
1
1
1
1
1
1
1
1
1
1
1
1
1
1
1
1
1
1
1
1
1
1
1
1
1
1
1
1
1
1
1
1
1
1
1
1
1
1
1
1
1
1
1
1
1
1
1
1
1
1
1
1
1
1
1
1
1
1
1
1
1
1
1
1
1
1
1
1
1
1
1
1
1
1
1
1
1
1
1
1
1
1
1
1
1
1
1
1
1
1
1
1
1
1
1
1
1
1
1
1
1
1
1
1
1
1
1
1
1
1
1
1
1
1
1
1
1
1
1
1
1
1
1
1
1
1
1
1
1
1
1
1
1
1
1
1
1
1
1
1
1
1
1
1
1
1
1
1
1
1
1
1
1
1
1
1
1
1

SCALARS radius float 1
LOOKUP_TABLE default
0.00015
0.00015
0.00015
0.00015
0.00015
0.00015
0.00015
0.00015
0.00015
0.00015
0.00015
0.00015
0.00015
0.00015
0.00015
0.00015
0.00015
0.00015
0.00015
0.00015
0.00015
0.00015
0.00015
0.00015
0.00015
0.00015
0.00015
0.00015
0.00015
0.00015
0.00015
0.00015
0.00015
0.00015
0.00015
0.00015
0.00015
0.00015
0.00015
0.00015
0.00015
0.00015
0.00015
0.00015
0.00015
0.00015
0.00015
0.00015
0.00015
0.00015
0.00015
0.00015
0.00015
0.00015
0.00015
0.00015
0.00015
0.00015
0.00015
0.00015
0.00015
0.00015
0.00015
0.00015
0.00015
0.00015
0.00015
0.00015
0.00015
0.00015
0.00015
0.00015
0.00015
0.00015
0.00015
0.00015
0.00015
0.00015
0.00015
0.00015
0.00015
0.00015
0.00015
0.00015
0.00015
0.00015
0.00015
0.00015
0.00015
0.00015
0.00015
0.00015
0.00015
0.00015
0.00015
0.00015
0.00015
0.00015
0.00015
0.00015
0.00015
0.00015
0.00015
0.00015
0.00015
0.00015
0.00015
0.00015
0.00015
0.00015
0.00015
0.00015
0.00015
0.00015
0.00015
0.00015
0.00015
0.00015
0.00015
0.00015
0.00015
0.00015
0.00015
0.00015
0.00015
0.00015
0.00015
0.00015
0.00015
0.00015
0.00015
0.00015
0.00015
0.00015
0.00015
0.00015
0.00015
0.00015
0.00015
0.00015
0.00015
0.00015
0.00015
0.00015
0.00015
0.00015
0.00015
0.00015
0.00015
0.00015
0.00015
0.00015
0.00015
0.00015
0.00015
0.00015
0.00015
0.00015
0.00015
0.00015
0.00015
0.00015
0.00015
0.00015
0.00015
0.00015
0.00015
0.00015
0.00015
0.00015
0.00015
0.00015
0.00015
0.00015
0.00015
0.00015
0.00015
0.00015
0.00015
0.00015
0.00015
0.00015
0.00015
0.00015
0.00015
0.00015
0.00015
0.00015
0.00015
0.00015
0.00015
0.00015
0.00015
0.00015
0.00015
0.00015
0.00015
0.00015
0.00015
0.00015
0.00015
0.00015
0.00015
0.00015
0.00015
0.00015
0.00015
0.00015
0.00015
0.00015
0.00015
0.00015
0.00015
0.00015
0.00015
0.00015
0.00015
0.00015
0.00015
0.00015
0.00015
0.00015
0.00015
0.00015
0.00015
0.00015
0.00015
0.00015
0.00015
0.00015
0.00015
0.00015
0.00015
0.00015
0.00015
0.00015
0.00015
0.00015
0.00015
0.00015
0.00015
0.00015
0.00015
0.00015
0.00015
0.00015
0.00015
0.00015
0.00015
0.00015
0.00015
0.00015
0.00015
0.00015
0.00015
0.00015
0.00015
0.00015
0.00015
0.00015
0.00015
0.00015
0.00015
0.00015
0.00015
0.00015
0.00015
0.00015
0.00015
0.00015
0.00015
0.00015
0.00015
0.00015
0.00015
0.00015
0.00015
0.00015
0.00015
0.00015
0.00015
0.00015
0.00015
0.00015
0.00015
0.00015
0.00015
0.00015
0.00015
0.00015
0.00015
0.00015
0.00015
0.00015
0.00015
0.00015
0.00015
0.00015
0.00015
0.00015
0.00015
0.00015
0.00015
0.00015
0.00015
0.00015
0.00015
0.00015
0.00015
0.00015
0.00015
0.00015
0.00015
0.00015
0.00015
0.00015
0.00015
0.00015
0.00015
0.00015
0.00015
0.00015
0.00015
0.00015
0.00015
0.00015
0.00015
0.00015
0.00015
0.00015
0.00015
0.00015
0.00015
0.00015
0.00015
0.00015
0.00015
0.00015
0.00015
0.00015
0.00015
0.00015
0.00015
0.00015
0.00015
0.00015
0.00015
0.00015
0.00015
0.00015
0.00015
0.00015
0.00015
0.00015
0.00015
0.00015
0.00015
0.00015
0.00015
0.00015
0.00015
0.00015
0.00015
0.00015
0.00015
0.00015
0.00015
0.00015
0.00015
0.00015
0.00015
0.00015
0.00015
0.00015
0.00015
0.00015
0.00015
0.00015
0.00015
0.00015
0.00015
0.00015
0.00015
0.00015
0.00015
0.00015
0.00015
0.00015
0.00015
0.00015
0.00015
0.00015
0.00015
0.00015
0.00015
0.00015
0.00015
0.00015
0.00015
0.00015
0.00015
0.00015
0.00015
0.00015
0.00015
0.00015
0.00015
0.00015
0.00015
0.00015
0.00015
0.00015
0.00015
0.00015
0.00015
0.00015
0.00015
0.00015
0.00015
0.00015
0.00015
0.00015
0.00015
0.00015
0.00015
0.00015
0.00015
0.00015
0.00015
0.00015
0.00015
0.00015
0.00015
0.00015
0.00015
0.00015
0.00015
0.00015
0.00015
0.00015
0.00015
0.00015
0.00015
0.00015
0.00015
0.00015
0.00015
0.00015
0.00015
0.00015
0.00015
0.00015
0.00015
0.00015
0.00015
0.00015
0.00015
0.00015
0.00015
0.00015
0.00015
0.00015
0.00015
0.00015
0.00015
0.00015
0.00015
0.00015
0.00015
0.00015
0.00015
0.00015
0.00015
0.00015
0.00015
0.00015
0.00015
0.00015
0.00015
0.00015
0.00015
0.00015
0.00015
0.00015
0.00015
0.00015
0.00015
0.00015
0.00015
0.00015
0.00015
0.00015
0.00015
0.00015
0.00015
0.00015
0.00015
0.00015
0.00015
0.00015
0.00015
0.00015
0.00015
0.00015
0.00015
0.00015
0.00015
0.00015
0.00015
0.00015
0.00015
0.00015
0.00015
0.00015
0.00015
0.00015
0.00015
0.00015
0.00015
0.00015
0.00015
0.00015
0.00015
0.00015
0.00015
0.00015
0.00015
0.00015
0.00015
0.00015
0.00015
0.00015
0.00015
0.00015
0.00015
0.00015
0.00015
0.00015
0.00015
0.00015
0.00015
0.00015
0.00015
0.00015
0.00015
0.00015
0.00015
0.00015
0.00015
0.00015
0.00015
0.00015
0.00015
0.00015
0.00015
0.00015
0.00015
0.00015
0.00015
0.00015
0.00015
0.00015
0.00015
0.00015
0.00015
0.00015
0.00015
0.00015
0.00015
0.00015
0.00015
0.00015
0.00015
0.00015
0.00015
0.00015
0.00015
0.00015
0.00015
0.00015
0.00015
0.00015
0.00015
0.00015
0.00015
0.00015
0.00015
0.00015
0.00015
0.00015
0.00015
0.00015
0.00015
0.00015
0.00015
0.00015
0.00015
0.00015
0.00015
0.00015
0.00015
0.00015
0.00015
0.00015
0.00015
0.00015
0.00015
0.00015
0.00015
0.00015
0.00015
0.00015
0.00015
0.00015
0.00015
0.00015
0.00015
0.00015
0.00015
0.00015
0.00015
0.00015
0.00015
0.00015
0.00015
0.00015
0.00015
0.00015
0.00015
0.00015
0.00015
0.00015
0.00015
0.00015
0.00015
0.00015
0.00015
0.00015
0.00015
0.00015
0.00015
0.00015
0.00015
0.00015
0.00015
0.00015
0.00015
0.00015
0.00015
0.00015
0.00015
0.00015
0.00015
0.00015
0.00015
0.00015
0.00015
0.00015
0.00015
0.00015
0.00015
0.00015
0.00015
0.00015
0.00015
0.00015
0.00015
0.00015
0.00015
0.00015
0.00015
0.00015
0.00015
0.00015
0.00015
0.00015
0.00015
0.00015
0.00015
0.00015
0.00015
0.00015
0.00015
0.00015
0.00015
0.00015
0.00015
0.00015
0.00015
0.00015
0.00015
0.00015
0.00015
0.00015
0.00015
0.00015
0.00015
0.00015
0.00015
0.00015
0.00015
0.00015
0.00015
0.00015
0.00015
0.00015
0.00015
0.00015
0.00015
0.00015
0.00015
0.00015
0.00015
0.00015
0.00015
0.00015
0.00015
0.00015
0.00015
0.00015
0.00015
0.00015
0.00015
0.00015
0.00015
0.00015
0.00015
0.00015
0.00015
0.00015
0.00015
0.00015
0.00015
0.00015
0.00015
0.00015
0.00015
0.00015
0.00015
0.00015
0.00015
0.00015
0.00015
0.00015
0.00015
0.00015
0.00015
0.00015
0.00015
0.00015
0.00015
0.00015
0.00015
0.00015
0.00015
0.00015
0.00015
0.00015
0.00015
0.00015
0.00015
0.00015
0.00015
0.00015
0.00015
0.00015
0.00015
0.00015
0.00015
0.00015
0.00015
0.00015
0.00015
0.00015
0.00015
0.00015
0.00015
0.00015
0.00015
0.00015
0.00015
0.00015
0.00015
0.00015
0.00015
0.00015
0.00015
0.00015
0.00015
0.00015
0.00015
0.00015
0.00015
0.00015
0.00015
0.00015
0.00015
0.00015
0.00015
0.00015
0.00015
0.00015
0.00015
0.00015
0.00015
0.00015
0.00015
0.00015
0.00015
0.00015
0.00015
0.00015
0.00015
0.00015
0.00015
0.00015
0.00015
0.00015
0.00015
0.00015
0.00015
0.00015
0.00015
0.00015
0.00015
0.00015
0.00015
0.00015
0.00015
0.00015
0.00015
0.00015
0.00015
0.00015
0.00015
0.00015
0.00015
0.00015
0.00015
0.00015
0.00015
0.00015
0.00015
0.00015
0.00015
0.00015
0.00015
0.00015
0.00015
0.00015
0.00015
0.00015
0.00015
0.00015
0.00015
0.00015
0.00015
0.00015
0.00015
0.00015
0.00015
0.00015
0.00015
0.00015
0.00015
0.00015
0.00015
0.00015
0.00015
0.00015
0.00015
0.00015
0.00015
0.00015
0.00015
0.00015
0.00015
0.00015
0.00015
0.00015
0.00015
0.00015
0.00015
0.00015
0.00015

SCALARS mass float 1
LOOKUP_TABLE default
3.95841e-09
3.95841e-09
3.95841e-09
3.95841e-09
3.95841e-09
3.95841e-09
3.95841e-09
3.95841e-09
3.95841e-09
3.95841e-09
3.95841e-09
3.95841e-09
3.95841e-09
3.95841e-09
3.95841e-09
3.95841e-09
3.95841e-09
3.95841e-09
3.95841e-09
3.95841e-09
3.95841e-09
3.95841e-09
3.95841e-09
3.95841e-09
3.95841e-09
3.95841e-09
3.95841e-09
3.95841e-09
3.95841e-09
3.95841e-09
3.95841e-09
3.95841e-09
3.95841e-09
3.95841e-09
3.95841e-09
3.95841e-09
3.95841e-09
3.95841e-09
3.95841e-09
3.95841e-09
3.95841e-09
3.95841e-09
3.95841e-09
3.95841e-09
3.95841e-09
3.95841e-09
3.95841e-09
3.95841e-09
3.95841e-09
3.95841e-09
3.95841e-09
3.95841e-09
3.95841e-09
3.95841e-09
3.95841e-09
3.95841e-09
3.95841e-09
3.95841e-09
3.95841e-09
3.95841e-09
3.95841e-09
3.95841e-09
3.95841e-09
3.95841e-09
3.95841e-09
3.95841e-09
3.95841e-09
3.95841e-09
3.95841e-09
3.95841e-09
3.95841e-09
3.95841e-09
3.95841e-09
3.95841e-09
3.95841e-09
3.95841e-09
3.95841e-09
3.95841e-09
3.95841e-09
3.95841e-09
3.95841e-09
3.95841e-09
3.95841e-09
3.95841e-09
3.95841e-09
3.95841e-09
3.95841e-09
3.95841e-09
3.95841e-09
3.95841e-09
3.95841e-09
3.95841e-09
3.95841e-09
3.95841e-09
3.95841e-09
3.95841e-09
3.95841e-09
3.95841e-09
3.95841e-09
3.95841e-09
3.95841e-09
3.95841e-09
3.95841e-09
3.95841e-09
3.95841e-09
3.95841e-09
3.95841e-09
3.95841e-09
3.95841e-09
3.95841e-09
3.95841e-09
3.95841e-09
3.95841e-09
3.95841e-09
3.95841e-09
3.95841e-09
3.95841e-09
3.95841e-09
3.95841e-09
3.95841e-09
3.95841e-09
3.95841e-09
3.95841e-09
3.95841e-09
3.95841e-09
3.95841e-09
3.95841e-09
3.95841e-09
3.95841e-09
3.95841e-09
3.95841e-09
3.95841e-09
3.95841e-09
3.95841e-09
3.95841e-09
3.95841e-09
3.95841e-09
3.95841e-09
3.95841e-09
3.95841e-09
3.95841e-09
3.95841e-09
3.95841e-09
3.95841e-09
3.95841e-09
3.95841e-09
3.95841e-09
3.95841e-09
3.95841e-09
3.95841e-09
3.95841e-09
3.95841e-09
3.95841e-09
3.95841e-09
3.95841e-09
3.95841e-09
3.95841e-09
3.95841e-09
3.95841e-09
3.95841e-09
3.95841e-09
3.95841e-09
3.95841e-09
3.95841e-09
3.95841e-09
3.95841e-09
3.95841e-09
3.95841e-09
3.95841e-09
3.95841e-09
3.95841e-09
3.95841e-09
3.95841e-09
3.95841e-09
3.95841e-09
3.95841e-09
3.95841e-09
3.95841e-09
3.95841e-09
3.95841e-09
3.95841e-09
3.95841e-09
3.95841e-09
3.95841e-09
3.95841e-09
3.95841e-09
3.95841e-09
3.95841e-09
3.95841e-09
3.95841e-09
3.95841e-09
3.95841e-09
3.95841e-09
3.95841e-09
3.95841e-09
3.95841e-09
3.95841e-09
3.95841e-09
3.95841e-09
3.95841e-09
3.95841e-09
3.95841e-09
3.95841e-09
3.95841e-09
3.95841e-09
3.95841e-09
3.95841e-09
3.95841e-09
3.95841e-09
3.95841e-09
3.95841e-09
3.95841e-09
3.95841e-09
3.95841e-09
3.95841e-09
3.95841e-09
3.95841e-09
3.95841e-09
3.95841e-09
3.95841e-09
3.95841e-09
3.95841e-09
3.95841e-09
3.95841e-09
3.95841e-09
3.95841e-09
3.95841e-09
3.95841e-09
3.95841e-09
3.95841e-09
3.95841e-09
3.95841e-09
3.95841e-09
3.95841e-09
3.95841e-09
3.95841e-09
3.95841e-09
3.95841e-09
3.95841e-09
3.95841e-09
3.95841e-09
3.95841e-09
3.95841e-09
3.95841e-09
3.95841e-09
3.95841e-09
3.95841e-09
3.95841e-09
3.95841e-09
3.95841e-09
3.95841e-09
3.95841e-09
3.95841e-09
3.95841e-09
3.95841e-09
3.95841e-09
3.95841e-09
3.95841e-09
3.95841e-09
3.95841e-09
3.95841e-09
3.95841e-09
3.95841e-09
3.95841e-09
3.95841e-09
3.95841e-09
3.95841e-09
3.95841e-09
3.95841e-09
3.95841e-09
3.95841e-09
3.95841e-09
3.95841e-09
3.95841e-09
3.95841e-09
3.95841e-09
3.95841e-09
3.95841e-09
3.95841e-09
3.95841e-09
3.95841e-09
3.95841e-09
3.95841e-09
3.95841e-09
3.95841e-09
3.95841e-09
3.95841e-09
3.95841e-09
3.95841e-09
3.95841e-09
3.95841e-09
3.95841e-09
3.95841e-09
3.95841e-09
3.95841e-09
3.95841e-09
3.95841e-09
3.95841e-09
3.95841e-09
3.95841e-09
3.95841e-09
3.95841e-09
3.95841e-09
3.95841e-09
3.95841e-09
3.95841e-09
3.95841e-09
3.95841e-09
3.95841e-09
3.95841e-09
3.95841e-09
3.95841e-09
3.95841e-09
3.95841e-09
3.95841e-09
3.95841e-09
3.95841e-09
3.95841e-09
3.95841e-09
3.95841e-09
3.95841e-09
3.95841e-09
3.95841e-09
3.95841e-09
3.95841e-09
3.95841e-09
3.95841e-09
3.95841e-09
3.95841e-09
3.95841e-09
3.95841e-09
3.95841e-09
3.95841e-09
3.95841e-09
3.95841e-09
3.95841e-09
3.95841e-09
3.95841e-09
3.95841e-09
3.95841e-09
3.95841e-09
3.95841e-09
3.95841e-09
3.95841e-09
3.95841e-09
3.95841e-09
3.95841e-09
3.95841e-09
3.95841e-09
3.95841e-09
3.95841e-09
3.95841e-09
3.95841e-09
3.95841e-09
3.95841e-09
3.95841e-09
3.95841e-09
3.95841e-09
3.95841e-09
3.95841e-09
3.95841e-09
3.95841e-09
3.95841e-09
3.95841e-09
3.95841e-09
3.95841e-09
3.95841e-09
3.95841e-09
3.95841e-09
3.95841e-09
3.95841e-09
3.95841e-09
3.95841e-09
3.95841e-09
3.95841e-09
3.95841e-09
3.95841e-09
3.95841e-09
3.95841e-09
3.95841e-09
3.95841e-09
3.95841e-09
3.95841e-09
3.95841e-09
3.95841e-09
3.95841e-09
3.95841e-09
3.95841e-09
3.95841e-09
3.95841e-09
3.95841e-09
3.95841e-09
3.95841e-09
3.95841e-09
3.95841e-09
3.95841e-09
3.95841e-09
3.95841e-09
3.95841e-09
3.95841e-09
3.95841e-09
3.95841e-09
3.95841e-09
3.95841e-09
3.95841e-09
3.95841e-09
3.95841e-09
3.95841e-09
3.95841e-09
3.95841e-09
3.95841e-09
3.95841e-09
3.95841e-09
3.95841e-09
3.95841e-09
3.95841e-09
3.95841e-09
3.95841e-09
3.95841e-09
3.95841e-09
3.95841e-09
3.95841e-09
3.95841e-09
3.95841e-09
3.95841e-09
3.95841e-09
3.95841e-09
3.95841e-09
3.95841e-09
3.95841e-09
3.95841e-09
3.95841e-09
3.95841e-09
3.95841e-09
3.95841e-09
3.95841e-09
3.95841e-09
3.95841e-09
3.95841e-09
3.95841e-09
3.95841e-09
3.95841e-09
3.95841e-09
3.95841e-09
3.95841e-09
3.95841e-09
3.95841e-09
3.95841e-09
3.95841e-09
3.95841e-09
3.95841e-09
3.95841e-09
3.95841e-09
3.95841e-09
3.95841e-09
3.95841e-09
3.95841e-09
3.95841e-09
3.95841e-09
3.95841e-09
3.95841e-09
3.95841e-09
3.95841e-09
3.95841e-09
3.95841e-09
3.95841e-09
3.95841e-09
3.95841e-09
3.95841e-09
3.95841e-09
3.95841e-09
3.95841e-09
3.95841e-09
3.95841e-09
3.95841e-09
3.95841e-09
3.95841e-09
3.95841e-09
3.95841e-09
3.95841e-09
3.95841e-09
3.95841e-09
3.95841e-09
3.95841e-09
3.95841e-09
3.95841e-09
3.95841e-09
3.95841e-09
3.95841e-09
3.95841e-09
3.95841e-09
3.95841e-09
3.95841e-09
3.95841e-09
3.95841e-09
3.95841e-09
3.95841e-09
3.95841e-09
3.95841e-09
3.95841e-09
3.95841e-09
3.95841e-09
3.95841e-09
3.95841e-09
3.95841e-09
3.95841e-09
3.95841e-09
3.95841e-09
3.95841e-09
3.95841e-09
3.95841e-09
3.95841e-09
3.95841e-09
3.95841e-09
3.95841e-09
3.95841e-09
3.95841e-09
3.95841e-09
3.95841e-09
3.95841e-09
3.95841e-09
3.95841e-09
3.95841e-09
3.95841e-09
3.95841e-09
3.95841e-09
3.95841e-09
3.95841e-09
3.95841e-09
3.95841e-09
3.95841e-09
3.95841e-09
3.95841e-09
3.95841e-09
3.95841e-09
3.95841e-09
3.95841e-09
3.95841e-09
3.95841e-09
3.95841e-09
3.95841e-09
3.95841e-09
3.95841e-09
3.95841e-09
3.95841e-09
3.95841e-09
3.95841e-09
3.95841e-09
3.95841e-09
3.95841e-09
3.95841e-09
3.95841e-09
3.95841e-09
3.95841e-09
3.95841e-09
3.95841e-09
3.95841e-09
3.95841e-09
3.95841e-09
3.95841e-09
3.95841e-09
3.95841e-09
3.95841e-09
3.95841e-09
3.95841e-09
3.95841e-09
3.95841e-09
3.95841e-09
3.95841e-09
3.95841e-09
3.95841e-09
3.95841e-09
3.95841e-09
3.95841e-09
3.95841e-09
3.95841e-09
3.95841e-09
3.95841e-09
3.95841e-09
3.95841e-09
3.95841e-09
3.95841e-09
3.95841e-09
3.95841e-09
3.95841e-09
3.95841e-09
3.95841e-09
3.95841e-09
3.95841e-09
3.95841e-09
3.95841e-09
3.95841e-09
3.95841e-09
3.95841e-09
3.95841e-09
3.95841e-09
3.95841e-09
3.95841e-09
3.95841e-09
3.95841e-09
3.95841e-09
3.95841e-09
3.95841e-09
3.95841e-09
3.95841e-09
3.95841e-09
3.95841e-09
3.95841e-09
3.95841e-09
3.95841e-09
3.95841e-09
3.95841e-09
3.95841e-09
3.95841e-09
3.95841e-09
3.95841e-09
3.95841e-09
3.95841e-09
3.95841e-09
3.95841e-09
3.95841e-09
3.95841e-09
3.95841e-09
3.95841e-09
3.95841e-09
3.95841e-09
3.95841e-09
3.95841e-09
3.95841e-09
3.95841e-09
3.95841e-09
3.95841e-09
3.95841e-09
3.95841e-09
3.95841e-09
3.95841e-09
3.95841e-09
3.95841e-09
3.95841e-09
3.95841e-09
3.95841e-09
3.95841e-09
3.95841e-09
3.95841e-09
3.95841e-09
3.95841e-09
3.95841e-09
3.95841e-09
3.95841e-09
3.95841e-09
3.95841e-09
3.95841e-09
3.95841e-09
3.95841e-09
3.95841e-09
3.95841e-09
3.95841e-09
3.95841e-09
3.95841e-09
3.95841e-09
3.95841e-09
3.95841e-09
3.95841e-09
3.95841e-09
3.95841e-09
3.95841e-09
3.95841e-09
3.95841e-09
3.95841e-09
3.95841e-09
3.95841e-09
3.95841e-09
3.95841e-09
3.95841e-09
3.95841e-09
3.95841e-09
3.95841e-09
3.95841e-09
3.95841e-09
3.95841e-09
3.95841e-09
3.95841e-09
3.95841e-09
3.95841e-09
3.95841e-09
3.95841e-09
3.95841e-09
3.95841e-09
3.95841e-09
3.95841e-09
3.95841e-09
3.95841e-09
3.95841e-09
3.95841e-09
3.95841e-09
3.95841e-09
3.95841e-09
3.95841e-09
3.95841e-09
3.95841e-09
3.95841e-09
3.95841e-09
3.95841e-09
3.95841e-09
3.95841e-09
3.95841e-09
3.95841e-09
3.95841e-09
3.95841e-09
3.95841e-09
3.95841e-09
3.95841e-09
3.95841e-09
3.95841e-09
3.95841e-09
3.95841e-09
3.95841e-09
3.95841e-09
3.95841e-09
3.95841e-09
3.95841e-09
3.95841e-09
3.95841e-09
3.95841e-09
3.95841e-09
3.95841e-09
3.95841e-09
3.95841e-09
3.95841e-09
3.95841e-09
3.95841e-09
3.95841e-09
3.95841e-09
3.95841e-09
3.95841e-09
3.95841e-09
3.95841e-09
3.95841e-09
3.95841e-09
3.95841e-09
3.95841e-09
3.95841e-09
3.95841e-09
3.95841e-09
3.95841e-09
3.95841e-09
3.95841e-09
3.95841e-09
3.95841e-09
3.95841e-09
3.95841e-09
3.95841e-09
3.95841e-09
3.95841e-09
3.95841e-09
3.95841e-09
3.95841e-09
3.95841e-09
3.95841e-09
3.95841e-09
3.95841e-09
3.95841e-09
3.95841e-09
3.95841e-09
3.95841e-09
3.95841e-09
3.95841e-09
3.95841e-09
3.95841e-09
3.95841e-09
3.95841e-09
3.95841e-09
3.95841e-09
3.95841e-09
3.95841e-09
3.95841e-09
3.95841e-09
3.95841e-09
3.95841e-09
3.95841e-09
3.95841e-09
3.95841e-09
3.95841e-09
3.95841e-09
3.95841e-09
3.95841e-09
3.95841e-09
3.95841e-09
3.95841e-09
3.95841e-09
3.95841e-09
3.95841e-09
3.95841e-09
3.95841e-09
3.95841e-09
3.95841e-09
3.95841e-09
3.95841e-09
3.95841e-09
3.95841e-09
3.95841e-09
3.95841e-09
3.95841e-09
3.95841e-09
3.95841e-09
3.95841e-09
3.95841e-09
3.95841e-09
3.95841e-09
3.95841e-09
3.95841e-09
3.95841e-09
3.95841e-09
3.95841e-09
3.95841e-09
3.95841e-09
3.95841e-09
3.95841e-09
3.95841e-09
3.95841e-09
3.95841e-09
3.95841e-09
3.95841e-09
3.95841e-09
3.95841e-09
3.95841e-09
3.95841e-09
3.95841e-09
3.95841e-09
3.95841e-09
3.95841e-09
3.95841e-09
3.95841e-09
3.95841e-09
3.95841e-09
3.95841e-09
3.95841e-09
3.95841e-09
3.95841e-09
3.95841e-09
3.95841e-09
3.95841e-09
3.95841e-09
3.95841e-09
3.95841e-09
3.95841e-09
3.95841e-09
3.95841e-09
3.95841e-09
3.95841e-09
3.95841e-09
3.95841e-09
3.95841e-09
3.95841e-09
3.95841e-09
3.95841e-09
3.95841e-09
3.95841e-09
3.95841e-09
3.95841e-09
3.95841e-09
3.95841e-09
3.95841e-09
3.95841e-09
3.95841e-09
3.95841e-09
3.95841e-09
3.95841e-09
3.95841e-09
3.95841e-09
3.95841e-09
3.95841e-09
3.95841e-09
3.95841e-09
3.95841e-09
3.95841e-09
3.95841e-09
3.95841e-09
3.95841e-09
3.95841e-09
3.95841e-09
3.95841e-09
3.95841e-09
3.95841e-09
3.95841e-09

VECTORS velocity float
0.00458885 -6.35047e-05 0.000439066
0.000823212 0.000672995 -0.00023592
0.00443729 -0.000225842 -2.90131e-05
0.00161456 0.00301352 -0.0014958
0.00440151 -6.17142e-05 -0.000126734
0.00572516 -1.27185e-05 0.000367683
0.00388575 0.0010026 0.000472459
0.00554854 4.21952e-05 -0.000157832
0.00551845 0.000297308 -5.98009e-06
0.00475079 -0.000171172 -0.000426282
0.00469532 3.23918e-05 -5.99312e-05
0.00433503 -1.9469e-05 -0.000239844
0.00455228 1.42706e-05 -0.000102585
0.0042345 -0.000654279 8.66826e-05
0.00446853 0.000158995 -0.000142317
0.00537276 -0.000167466 0.000537506
0.00454713 -0.000728687 0.000709786
0.00433443 -0.00142238 0.00102662
0.00471493 -0.00018861 -0.00045315
0.00454792 0.000203408 0.000184191
0.00462945 -7.65377e-05 0.000428971
0.00425589 -0.00130788 0.000476068
0.00256466 0.000409091 0.000506988
0.00467741 -0.000219749 -4.18849e-05
0.00470211 2.83401e-05 -7.03351e-05
0.00509177 -0.000356944 0.00013667
0.00421167 -0.0006639 0.000662255
0.00444986 -0.000204573 0.000472967
0.00422719 0.000205161 0.000804057
0.00441547 -0.000168501 0.00012584
0.00459952 -0.000355711 4.28563e-05
0.00432974 0.000161914 0.000180296
0.00512135 0.00160289 7.15481e-05
0.00459968 -0.00091404 8.13618e-05
0.00299461 0.000638688 -0.000611708
0.00439057 0.000244229 0.000186836
0.0042518 7.59288e-05 -0.000223683
0.00460659 0.000244853 -0.000190394
0.00453163 -0.00126782 0.000631497
0.00420061 0.0033648 -0.00183013
0.00454015 -0.000712314 0.000730251
0.00458807 0.000118129 -0.000154646
0.00470719 -0.000681296 0.000410271
0.00448868 0.000596758 -7.49259e-05
0.00490595 -1.35299e-07 -0.00010422
0.00480496 -0.000716601 0.0010018
0.004071 -0.000171219 0.000681032
0.00469168 -6.23823e-05 -0.000242386
0.0044762 -0.000527281 0.000114737
0.00337414 0.000450036 7.8632e-05
0.00463211 -0.000922518 0.000585151
0.00435679 -0.000672413 0.000646525
0.000563123 0.000527021 0.000285888
0.00465057 5.75552e-05 -9.02009e-05
0.00731607 -0.000912754 -0.000789098
0.00469371 -0.000231554 0.00092251
0.00427 -0.000325031 4.59141e-05
0.00430298 -0.000678196 9.44668e-05
0.00470447 -0.000757239 0.000788394
0.00448233 -0.00128418 0.000691734
0.00449482 -0.000938261 0.000770853
0.00423618 -0.000639263 0.000247633
0.00455692 -0.000919275 7.33681e-05
0.00474191 -0.000439629 -0.000309559
0.00444043 -0.000163126 -5.15675e-05
0.00476896 -0.000132045 2.62766e-05
0.00460348 -7.20671e-05 0.000424883
0.00423346 -0.000730621 0.000678347
0.00498249 0.00282252 -0.000445049
0.000940463 0.000548447 -0.000173327
0.000918012 0.000745083 -7.23952e-05
0.00108735 0.00065106 -0.00011909
0.00431124 0.000221226 -5.90755e-05
0.002796 0.00221636 5.29396e-05
0.00428787 -0.000379533 3.2123e-05
0.0047266 -0.000312355 0.000288138
0.00437135 -0.000646266 0.000672866
0.00484295 -0.000148589 2.18498e-06
0.00427565 -0.00072323 0.000683688
0.00432481 -0.00110492 0.000518474
0.00267312 0.00278757 -0.00152439
0.00464364 0.000687657 -7.35471e-05
2.66786e-15 8.00517e-14 -2.93819e-13
0.0050351 -0.000204456 0.00057511
0.00382439 0.000356858 -0.000171357
0.00388568 0.00062197 0.000775667
0.00432333 0.000938011 -0.000102732
0.0042529 0.000495384 0.000818572
0.00432326 -0.000759314 0.000712958
0.00600257 -0.00216749 -0.00740373
0.00465282 0.00011495 1.21123e-05
0.00465066 0.000103691 1.28364e-05
0.00563974 -0.00176059 0.000456722
0.00507395 -0.000450654 0.000682745
0.00596363 0.00265507 -0.00872724
0.00436534 0.000199907 -0.000151774
0.00265042 0.00440042 -0.00225251
0.00491505 -0.000629018 -0.000411475
0.00413575 0.000400332 5.32819e-05
0.00212486 -0.00128245 0.000781145
0.00620488 0.000288675 -0.00701464
0.00475058 0.00268043 -0.000461473
0.00096198 0.000527278 -0.000158932
0.00423966 -0.000466813 9.85561e-05
0.00207654 0.00218961 -0.000848905
0.00376258 -0.000677997 0.000260855
0.00513681 -0.000975456 0.000347456
0.00443988 -0.000113669 0.000103417
0.00457819 -0.000666988 0.000688511
0.0051222 3.56493e-05 0.000425015
0.00436848 -0.000260864 5.51109e-05
0.00509365 0.00028292 0.000948312
0.0044921 0.000838621 -2.92663e-05
0.00123537 0.000227229 -0.000191182
0.00441691 -0.000767268 0.000650252
0.00424184 -0.000246484 -6.26308e-07
0.00632663 0.000391299 0.000197518
0.00449579 -0.000704303 0.000719544
0.00499234 -0.00136356 0.000528654
0.00444008 -0.000988049 0.000673384
0.00436683 -0.000687706 0.000515697
0.0015114 0.00312924 -0.00157422
0.00436546 -0.000415588 1.21842e-05
0.00447231 -0.000780879 0.000726006
0.0040802 -0.000727809 0.000728552
0.00462359 0.000200667 -0.000157875
0.00444598 -0.00129071 0.000728691
-0.0203636 0.0128876 -0.020568
0.00476957 -0.000824959 -0.00039154
0.00561309 -0.000916976 -0.00504709
0.00448977 -0.000209913 0.000270261
0.00430742 -0.000766739 0.00068165
0.00438681 -0.000272787 -6.72299e-05
0.00449867 -0.000792215 0.000720412
0.00496251 -0.000331389 0.000168009
0.005217 0.000269573 -0.000161753
0.00439398 -0.000786229 0.000731897
0.00476894 -7.81691e-05 0.000187138
0.0049388 7.33993e-05 0.000223446
0.00423572 -0.00131658 0.000651863
0.00107905 0.000655766 -0.00010892
0.00440025 -0.000938455 0.0007391
0.0058871 -0.00483112 -0.0077479
0.00250278 0.000224423 0.00047913
0.00449414 -0.00036779 -1.92803e-06
0.00477741 -0.0002524 -7.46494e-05
0.00497112 0.00215855 -0.00515949
0.00493114 8.77193e-05 0.000185249
0.00490145 -0.000894979 0.000205905
0.00712071 0.0057048 -0.00804005
0.00440322 0.00043455 -0.000311074
0.00451454 0.000160981 -0.000153238
0.00526605 -0.00128831 0.000516611
0.00444639 -5.11412e-05 -0.000123901
0.00368648 -0.000307636 0.000794019
0.00257476 0.000808783 0.000538245
0.0121967 0.0101941 -0.0103426
0.00434597 -0.00101628 0.000336637
0.0062011 0.00648618 -0.0109657
0.00433095 -0.000625222 0.000670372
0.00106615 0.000719125 -6.06398e-05
0.00382167 -0.00333658 -0.000894078
0.00435511 -9.75057e-05 -0.000142963
0.00484271 0.000228333 8.74635e-06
0.00115789 0.00042342 -7.09265e-05
0.00440003 -0.000307674 0.000108561
0.00437022 -0.000870525 0.000739055
0.00421919 -0.000417892 -5.14569e-07
0.0149619 -0.0147631 -0.0407932
0.00669308 0.00290443 -0.0026244
0.00422187 -0.00115199 0.00024948
0.00458721 -0.00123917 0.000616765
0.00416731 -0.000757599 0.000657271
0.00456442 -0.000155928 0.000262484
0.00472287 4.02989e-05 0.000284053
0.00440731 -0.000683644 0.000668786
0.000364744 0.00904019 -0.0105971
0.00415195 0.00214258 -0.000635546
0.00440779 0.00051613 -0.000444703
0.00472479 -0.000574791 0.000374826
0.00437042 0.000286627 0.00023913
0.00448154 0.000218939 -0.000182948
0.00464562 0.000232463 -2.62499e-05
0.00438672 0.000975612 0.000883033
0.00410257 -0.000725408 0.000681995
0.00425994 -0.00127179 0.000704762
0.00432432 -0.000294144 2.60054e-05
0.00497324 -1.46835e-05 -0.000141756
0.00685011 0.000468399 0.000981518
0.00447642 -0.000852539 0.000145028
0.00402893 0.00323486 -0.00176567
0.0052223 0.000128026 0.000639545
0.00432917 -0.000492392 7.04904e-05
0.00453731 -0.00069133 -0.000157239
0.00527689 -0.000193324 0.000571315
0.00441984 0.000263338 0.00025297
0.00445543 -0.000121964 -1.30929e-05
0.00437357 -0.00115998 0.000549778
0.00459217 -0.000377682 0.000277824
0.004803 0.000752451 6.04467e-05
0.00405372 0.000310783 0.000795185
0.00430005 -0.000405745 7.86729e-06
0.00465687 -0.000838249 0.000855325
0.00434055 -0.00071754 0.000708739
0.00427057 0.000517056 3.08081e-05
0.00497104 -0.000354609 -0.000906574
0.00518481 -0.000148638 0.000515398
0.00528666 -8.23806e-05 0.000420873
0.00441161 4.96474e-05 9.85565e-05
0.0011884 0.000234115 -7.84297e-05
0.00423652 0.00074236 0.000842252
0.00415754 -0.000670984 7.45028e-05
0.00438147 0.000141915 8.25726e-05
0.00440176 -4.97761e-05 0.000127759
0.00456222 0.000217512 -0.000274962
0.0048005 -0.000575879 0.000693991
0.00531691 0.00023525 4.49899e-05
0.00464679 8.38194e-05 0.000533879
0.0048004 -5.13787e-06 -0.000133724
0.00427913 -0.00042487 6.68115e-05
0.00629338 -0.000231643 -0.00794544
0.00514992 0.000186812 0.000983419
0.0042987 0.000615795 0.000354285
0.00449413 -0.000520963 0.000945937
0.00466996 -0.000387197 0.000414747
0.00452293 7.55726e-05 0.000535633
-0.00242379 0.00704662 -0.00872326
0.00437894 -2.22911e-05 -0.000218437
0.000580126 0.00199798 -0.000965633
0.00306707 0.000151567 0.00706682
0.00447016 -0.00101747 0.000801279
0.00434971 0.000571082 -3.23554e-05
0.00463692 -0.000249044 0.000128523
0.00459872 -0.000343968 0.00039128
0.00481318 -0.000197834 -9.21025e-05
0.00444774 0.000685514 0.000195824
0.00565083 0.0001482 0.000194729
0.00485907 -0.000390358 0.000254367
0.00131174 0.000241526 -0.000204493
0.00747435 -0.00413663 -0.0123686
0.00436522 -0.000784716 0.00073245
0.00458407 -0.000669264 0.000482774
0.00628071 -0.00125971 0.00209354
0.00442187 7.5302e-05 1.68926e-05
0.00505951 -0.00137847 0.000203337
0.00485878 -4.01179e-05 0.00033621
0.00434587 -0.000254735 0.000124702
0.00261831 0.000405186 0.000518645
0.00453873 -0.000201467 0.000218965
0.00480156 -0.000111359 0.000281269
-7.3499e-15 -3.58073e-14 1.19132e-13
0.00454308 -0.000280568 0.00013788
0.00560312 -0.00012981 0.000474735
0.00512833 -0.000113486 0.000445824
0.00425235 -0.000286896 -1.39191e-05
0.00468042 0.00171339 -0.000234936
0.00507107 -0.000263967 -0.000179012
0.00443614 -0.00124943 0.000128112
0.0040238 -0.00072026 0.000657877
0.00114762 0.000798133 -0.000272786
0.00455356 -0.000611525 -5.24073e-05
0.00493662 -0.000630822 0.000363148
0.00459378 -0.00085249 0.00133446
0.00471881 -0.000342151 0.000345364
0.00391471 -0.000339614 -2.72139e-05
0.00414634 0.000224236 0.000175299
0.005945 0.000251851 0.000175268
0.00407255 0.000273707 0.000331853
0.00588715 1.98479e-05 0.000784823
0.00683728 0.00126941 -0.00471726
0.00455945 -0.000340202 0.000199029
0.00428411 -0.0011079 0.00024193
0.00454095 0.000814579 0.000445452
0.00411634 -0.000109419 0.000732355
0.00428182 0.000339396 0.000365165
0.00432593 0.000128194 7.63218e-05
0.00433363 -0.000486416 7.44259e-05
0.00446683 0.000577272 0.000596025
0.0043598 -5.61158e-05 0.00107856
0.00437459 -3.56921e-05 8.99429e-05
0.0043436 -0.000270071 -2.85471e-05
0.00435909 5.81682e-05 0.000509753
0.00482238 -0.000134751 -5.72017e-05
0.00664156 -0.00202754 -0.0114226
0.00502336 -0.000214834 0.000558561
0.00544999 -9.75411e-05 -0.00017438
0.00514729 -6.73307e-05 0.000435546
0.00450675 1.20344e-05 -7.24428e-05
0.00443292 -0.00012324 -6.79627e-05
0.00538196 -0.000396914 0.000147094
0.00433148 0.000422043 -1.89919e-05
0.00540868 0.000135219 0.000123317
0.0042476 -0.000493702 6.07045e-05
0.00438611 -9.33686e-05 -6.75358e-05
0.00496341 -0.000321557 0.00014451
0.00616114 0.00100883 -0.0103949
0.00511402 -0.000483817 0.000256294
0.000945301 0.000360833 -8.66199e-05
0.00492197 -0.000222454 -5.22607e-05
0.00456996 -0.000921375 0.000721232
0.00462534 -0.000945929 7.49643e-05
7.44933e-06 0.000406875 -0.000497571
0.00414049 0.000326743 5.44494e-05
0.00472064 0.000273196 -0.000142533
0.00579602 0.000940159 0.00018922
0.00439177 -7.54514e-05 0.000131375
0.0043242 -0.000443254 1.55216e-05
0.0042243 -0.000417169 0.000189647
0.00444012 -0.000855878 0.000119443
0.00491657 -5.75385e-05 0.000209094
0.00717728 0.00651739 -0.00601488
0.00454211 -0.000561228 -0.000100334
0.00517603 -5.04638e-05 0.000405217
0.00441141 0.000167935 0.00018765
0.0053241 0.000706703 -0.000724752
0.00444921 0.000588495 -4.12415e-05
0.00471342 -0.000576461 0.000313168
0.0052228 9.44719e-05 -0.000196592
0.00417014 0.000583337 -7.85655e-05
0.00446609 -0.000478134 -5.03308e-05
0.00952734 -0.00197157 0.00299791
0.00328832 0.000187269 0.000263639
0.00627552 -0.000128018 -0.00617393
0.00420377 -0.000319157 9.65973e-05
0.00467543 0.000437048 -0.000423656
0.00463041 0.000380118 -0.000513662
0.00472772 -2.16468e-05 -0.000101116
0.00504615 -0.000427696 6.86897e-06
0.00450301 -0.00138301 0.000495839
0.00468949 -0.000347969 0.000392566
0.00533808 -0.000380953 -0.000374251
0.00480944 -0.000683732 0.000233382
0.00446281 -0.000885744 3.98193e-05
0.00426974 0.000319376 1.80834e-06
0.00428462 -0.00115632 0.000534849
0.0051917 0.00131343 -0.000261712
0.00444202 -1.76961e-05 -0.000535953
0.00444821 0.000299512 -0.000358238
0.00487458 -0.000373776 0.00029073
0.00431113 -0.000407123 0.000192899
0.00570478 -0.000169658 0.000546809
0.00472677 0.000609812 0.000926167
0.0042904 -0.000398729 0.00013966
1.782e-14 -6.24235e-14 2.16763e-13
0.003929 0.000828567 -0.000186899
0.00617116 0.00433167 -0.0102366
0.0043291 0.000853009 0.00086253
0.00443931 -0.000222205 5.19449e-05
0.00437055 -0.000210931 0.000203078
0.00149383 0.000928863 0.000263529
0.00503707 0.000120363 -0.000141556
0.000485493 0.00107902 0.000287356
0.00435636 -6.06991e-05 4.77171e-05
0.00473862 -0.00043167 0.000289187
0.00366718 -7.08607e-05 0.00470789
0.00427507 -0.000428453 2.49827e-05
0.00482153 -0.000201399 0.000252207
0.00452321 2.76971e-05 -0.000532734
0.00332562 -4.94253e-05 -6.56715e-05
0.00472514 -0.00017176 0.000188972
0.00446906 -0.000412685 0.00030934
0.00451125 -0.000235615 0.000332029
0.00439939 -0.000577107 0.000206128
0.00484922 -8.88871e-05 0.000335749
0.004459 -0.000452835 8.55526e-05
0.00464849 -0.000317329 0.000169767
0.00477203 -0.000349704 0.000273507
0.0046256 -0.00014472 3.8291e-05
0.00408516 0.000461023 -1.72842e-05
0.00468117 -0.00030415 0.000387775
0.00479104 -0.000310377 0.000140024
0.0044352 0.000272664 -0.000335292
0.00463276 0.000125563 -6.33392e-05
0.00444208 -0.000545298 0.000109753
0.00485079 0.000688389 0.000424092
0.00489844 -0.00031597 0.000178969
0.00293369 0.0017482 -0.000200723
0.00596264 -0.000297308 0.000700752
0.0154456 -0.0143103 -0.0423942
0.00453444 -0.000677544 0.000139918
0.00424097 7.56939e-05 -6.21201e-06
0.0049092 -0.000482196 0.00109795
0.00438988 0.000385649 -1.48426e-05
0.00417346 4.25605e-05 0.00048165
0.00463061 0.000355066 -0.000412807
0.004157 0.00024451 -4.7964e-05
0.00437139 3.951e-05 -0.000510331
0.00571155 0.000167808 -0.0052972
0.00475318 -0.00028133 0.000361288
0.00501358 -0.000368838 0.000869045
0.00707443 -0.00684579 -0.0131677
0.00450031 0.000464334 0.000348625
0.00450412 -0.000704405 0.000158621
0.00464503 0.000188999 -0.000311033
0.00437475 -0.000788172 5.84854e-05
0.00415386 0.00058499 -0.000610614
0.00455153 -0.000816049 0.000163106
0.00439983 -0.00022298 0.000251195
0.00459195 -3.30533e-05 0.00019526
0.00438354 0.000140856 1.96407e-05
0.00479756 -0.00016715 0.000258912
0.00432181 0.000195002 5.05319e-05
0.00473311 -0.00026551 0.000419015
0.0049478 2.20704e-05 -0.000114912
0.00472021 -4.39014e-05 -0.000106483
0.00447628 -0.000412513 0.000297955
0.00477196 0.000266835 -0.000407084
0.00445452 0.000602117 -7.7522e-05
0.00467687 -0.000232154 0.000311496
0.00449027 8.85031e-05 1.82219e-05
0.00419869 -0.000925109 0.000695963
0.00427244 0.000632397 -9.14884e-05
0.00432045 -0.000307419 -5.65589e-05
0.000302273 0.000571101 -0.000618354
0.00449729 -0.000389171 0.000249982
0.0048155 -0.000600979 0.000387545
0.00485793 -0.000335062 8.60794e-05
0.00471853 -0.000300776 0.000189297
0.00443776 7.38311e-05 0.000531484
0.0043387 0.000189242 5.5296e-05
0.00479838 0.000456754 -8.03561e-05
0.00480411 0.000532873 -0.000653737
0.00476467 -0.000115191 0.000115458
0.00484374 -2.8164e-05 0.000185211
0.00471838 -0.000392662 0.000298828
0.00489306 0.0012749 -0.000653502
0.00492869 0.00110395 -0.000998336
0.0042795 -0.000533889 0.000188728
0.00429222 0.000585903 -0.000188206
0.004558 -0.0001196 -0.00056974
0.00476016 -0.000232892 0.000318566
0.00467887 -3.93016e-05 -2.2659e-05
0.0044354 0.00044918 4.22037e-05
0.0046029 -0.000126026 0.000161866
0.00478654 -6.92894e-05 0.00021371
0.00480511 -0.000720759 0.000102045
0.00450643 -0.000638238 0.000509534
0.004883 -0.000199328 -2.07542e-05
0.00459793 7.54293e-05 0.00054087
0.00459069 -0.000423886 0.000154805
0.00430854 -0.000288552 0.000143238
0.00458043 -0.00031354 0.0003544
0.00471033 -0.000333477 0.000375278
0.00431041 0.000127842 0.000306791
0.00439797 0.000609835 -8.02119e-05
0.00461945 -0.000265435 0.000463548
0.00510561 0.000369923 -0.000196271
0.00474752 -0.000523279 0.000343032
0.00425794 -0.000643844 0.000157839
0.00436428 0.000366995 0.000381741
0.00474533 -0.000561268 -0.000304707
0.00439321 0.000186035 4.69062e-05
0.00465307 -0.000640529 0.000289642
0.00444432 -0.000844348 0.000115286
0.00439307 -0.000414863 0.000145383
0.00440092 -0.000138467 0.000143445
0.00467992 -0.000294612 0.000384886
0.00482833 -0.000195722 1.49922e-05
0.00447046 0.00052341 -0.000141552
0.00428302 -0.000483568 0.000124785
0.00467308 -0.000179924 0.000271423
0.00428843 -0.000381192 9.6454e-07
0.00446238 -0.000775624 0.00017229
0.00340943 0.00167037 -0.000274085
0.00421109 -0.000229915 0.000293028
0.00474024 -7.48167e-05 -7.54499e-05
0.00434898 -0.000287543 -2.21232e-05
0.00430999 0.000263709 0.000347469
0.00443695 0.00027602 -2.82553e-05
0.00446605 -6.64619e-05 0.000140449
0.00334878 0.0012164 -0.00018059
0.00445967 -0.000292194 0.000341287
0.00448001 0.000467718 -0.00167965
0.00478017 -0.000216357 0.000320606
0.00463112 -0.000301871 0.000365741
0.00476674 -0.000494278 0.000284528
0.00496016 0.000513594 -0.000518785
0.00474513 -0.000737352 0.000114098
0.00467455 0.000223786 0.000559463
0.00475599 0.000313867 -0.000561878
0.00487683 -0.000268704 0.000198397
0.00518026 -0.000310774 6.85661e-05
0.0045103 9.89767e-05 -0.000231482
0.004836 -0.000138277 0.00028144
0.00456636 -0.000305385 0.000290978
0.00476829 -0.000498315 0.00024726
0.00519529 -5.14691e-05 -0.000211617
0.00500625 -0.000494308 0.000281264
0.00458287 0.000831054 0.000904367
0.00456316 -0.000311113 0.000129489
0.00456554 9.19921e-05 -6.83083e-05
0.00247193 -0.000274321 0.00812805
0.00425031 -0.000136275 -1.26856e-05
0.00462097 -0.000731966 0.000193055
0.00473726 0.000720315 0.000237615
0.00433591 -0.000254118 0.000195959
0.00498623 0.00114238 -0.00057554
0.0050722 -0.000560643 0.000329868
0.00467364 -0.000353758 0.000397157
0.00425298 8.35567e-05 8.60877e-05
0.00467002 1.24508e-06 -0.00013728
0.00498353 0.00113494 -0.000965187
0.00457023 4.44939e-05 -0.000450313
0.0043751 -0.00026795 5.918e-05
0.00510835 9.4564e-05 -0.000376255
0.00415112 0.000667794 -3.7051e-05
0.00451795 -0.000243389 0.00020461
0.00469897 0.000113849 0.000564879
0.00444942 -0.000618177 0.000105947
0.00475424 -0.000548868 0.000291162
0.00417902 3.13048e-05 -0.00258576
0.00426322 5.94879e-05 0.000483911
0.00516902 0.000622042 -0.000378894
0.00408266 -0.000421942 0.000374269
0.00451133 -0.000813557 0.000148027
0.00459963 0.000162724 -0.000241646
0.00254088 -0.00133738 0.00894868
0.00432469 -0.000631786 0.000154351
0.00434291 -0.000626888 0.000175782
0.00437347 -0.000131747 6.95689e-05
0.0042968 0.000111768 7.98352e-05
0.00418414 -0.000208957 0.000151519
0.00466866 -0.000634325 0.000114245
0.00490429 -0.000123239 2.61661e-05
0.00461054 -0.000222207 0.000316932
0.00462938 -0.00023403 0.000152409
0.0059321 6.76497e-05 0.000309401
0.00464543 -0.000330771 0.000388889
0.00445965 -4.68594e-05 -8.59852e-05
0.00435097 -0.000831303 9.68436e-05
0.00510781 -2.22572e-06 0.000323489
0.00484396 -0.000100522 0.000237055
0.00318883 0.00194375 -0.000231046
0.00445125 -0.000916909 0.000154934
0.00474599 -0.000101212 -8.55109e-05
0.00452998 -0.000366293 0.000205535
0.00482683 -9.95414e-05 0.000146503
0.00436752 0.000578427 -7.53186e-05
0.0054236 0.000791454 -0.000811648
0.00371139 -0.000485204 5.00495e-06
0.00430819 0.000646805 -0.000295075
0.00507741 -0.000500571 0.000280043
0.00454966 -0.000515977 0.000333965
0.00423617 -0.000779968 7.86093e-05
0.00447624 0.000478077 6.00012e-05
0.00436129 -2.19389e-05 0.000123969
0.00435319 0.000529475 -2.83277e-05
0.00409296 -0.000226353 0.000164897
0.00511576 -0.000538551 0.000304923
0.0051288 -0.000411572 0.000177802
0.00425414 -0.000207859 0.000199852
0.00466442 -0.000288692 0.000355181
0.00452859 -0.000184765 0.000329373
0.000273469 0.000491591 -0.000533982
0.00484356 -0.000281427 0.000238213
0.00450596 -0.000768923 0.000157442
0.00417804 4.59548e-05 0.000357626
0.00428465 -0.000420212 0.00010721
0.00403878 -0.000863384 0.000744792
0.00559939 -3.49112e-06 -0.000280842
0.00444898 0.000237954 9.48611e-05
0.00441242 -0.000578609 0.000504839
0.00468475 -0.000463412 0.000302483
0.00469259 -0.00029406 0.000389002
0.00437443 7.29331e-06 -0.000257286
0.00477428 -0.000186725 -1.71235e-05
0.00439722 0.000143871 0.000117198
0.00512969 -0.000300729 6.06021e-05
0.00481911 -0.00045483 0.000315094
0.0043008 -0.00067907 0.0011749
0.00449309 8.8203e-06 -0.000410878
0.00441402 0.000150925 -0.000245233
0.00448965 5.29189e-05 -0.000152691
0.00449239 -6.78326e-05 -0.000156533
0.00448156 -0.000273402 0.000343258
0.00446784 -0.000845297 9.75081e-05
0.00452762 0.000267123 -0.000322538
0.00459142 -4.92265e-05 5.40685e-05
0.00465311 0.000190567 -0.000277347
0.00438484 -4.51779e-06 -0.000517722
0.00467796 0.000312366 -0.000744855
0.00324505 0.0013105 0.00570299
0.00519574 -0.000240742 -1.22938e-05
0.00507211 0.00125672 -0.000621828
0.0046889 -3.28128e-05 -8.78063e-05
0.00488012 0.0010449 -0.000499149
0.00446465 -0.000592751 0.000165683
0.00464849 -0.000113762 0.000114108
0.00423743 -0.0007015 0.000608721
0.00440052 0.00103229 -0.000635127
0.00505042 -0.00022558 -8.02419e-06
0.00437093 0.000211954 7.6957e-05
0.00436714 -0.000369903 9.4203e-05
0.00455456 0.000370749 0.000935525
0.00448705 0.000565515 -0.000170436
0.00421607 -0.00025851 -0.000264193
0.0045857 1.8066e-05 -0.00014219
0.00462968 -0.000484193 0.000323173
0.00338803 0.00124011 -0.000186897
0.00424261 -0.000490028 0.000206494
0.00456764 -7.26331e-05 -8.46219e-05
0.00463074 0.000173655 -0.000178042
0.00286791 0.00146041 -0.000182934
0.00439539 0.000608441 -0.000184823
0.00458391 -0.000296564 0.00036119
0.00498117 -0.000450014 0.000255195
0.00324728 0.00192974 -0.000225474
0.00307404 0.000279039 0.00708774
0.00494367 4.29246e-05 -0.000886296
0.00474081 0.000385001 0.000961225
0.00429019 -0.000426194 0.000135538
0.00477127 -0.000150815 -3.26552e-06
0.00452926 0.000211385 -0.000414027
0.0045633 7.64443e-05 -0.000174388
0.00460877 -0.000408457 -0.000120448
0.00522744 0.00361769 -0.00198294
0.00434853 -0.000693443 6.36752e-05
0.0041482 0.00045011 -0.00011044
0.00500715 -0.000416581 0.000223688
0.00465607 0.000250213 -0.000361852
0.00469403 -0.000864474 -0.000144721
0.00467733 0.000309187 -0.000859833
0.00486186 0.000355813 -0.000971427
0.00455633 0.000215598 -0.000274518
0.00418828 -0.000725939 0.000155349
0.00478308 0.000522529 -0.000385517
0.00537239 -9.94787e-05 -0.00116096
0.00467259 -0.000308479 0.000388255
0.00439308 0.000274729 -0.00023817
0.00246191 -0.00167345 0.00891435
0.00375662 -0.00326989 0.0025394
0.00440639 0.00021936 -0.000280225
0.00434585 8.62857e-05 -0.000174975
0.00447675 0.000243995 -0.00030208
0.00449116 0.000140032 -0.000503032
0.00477177 0.000426021 -8.98233e-05
0.00522793 3.75302e-05 -0.000135172
0.00462448 -0.000261272 0.000231569
0.00249366 -0.00154298 0.00889517
0.00475469 8.46282e-05 -0.000217763
0.00435526 2.17617e-05 5.22445e-05
0.00441638 3.55374e-08 -0.000526688
0.00449431 -3.97938e-06 0.000467037
0.00462754 -0.000286431 0.00024586
0.00435189 -0.000565199 0.000504377
0.00441008 0.000491374 -4.5111e-05
0.00481393 0.000509 -0.000254492
0.00435243 0.00080869 -0.000436595
0.00431706 0.000542513 -0.000464175
0.00434413 0.00013835 -0.000218743
0.00434284 -0.000726221 4.5737e-05
0.0032046 0.00105288 -0.00140085
0.00462272 0.000202754 -0.00024616
0.00450586 0.000202718 -0.000261664
0.00447478 -0.000127506 -4.84065e-05
0.00466455 -0.000375042 0.000272024
0.00451628 -0.000793841 0.00015999
0.00254743 -0.00019668 0.00804053
0.00453054 0.000188592 -0.000182863
0.00449463 -0.000419404 0.000350698
0.00427739 0.000202581 -0.000308187
0.00304223 0.000437431 0.00704756
0.00394724 0.000174438 -0.000264666
0.0043702 0.00062814 -0.000199587
0.00460513 9.51061e-05 -0.000111977
0.00438073 -0.000304679 -0.000177875
0.00456396 0.000533986 -0.000130059
0.00445529 1.2664e-05 0.000144761
0.00505015 0.000852028 0.000431764
0.00445544 0.000299606 -0.000358605
0.00471952 -1.37986e-05 -8.96616e-05
0.00251972 -0.00137488 0.00892075
0.00449166 6.95319e-05 -0.000322614
0.00444649 -2.18286e-05 0.000163824
0.00454851 2.14691e-05 -8.9841e-06
0.00464821 -0.000307395 0.000364493
0.00405336 0.000453996 -0.000384788
0.00478464 0.000437066 -0.000350003
0.00471667 -0.00067305 0.000481437
0.00445632 -0.000517076 0.000123451
0.00478483 -0.000287203 9.56114e-05
0.00447686 0.000379268 -0.000423639
0.00423771 -0.00055729 0.000202434
0.00439699 0.000173972 -0.000236912
0.0043743 0.00062526 -0.000219042
0.00440127 -3.62572e-05 -1.67899e-05
0.00449875 0.000343145 -0.000393914
0.00488791 6.3187e-06 -0.000244351
0.00441616 0.000286814 5.4907e-05
0.00446529 -0.000442252 0.0001434
0.00437414 -3.08083e-05 0.000143315
0.00432918 0.000113785 -0.000462803
0.0047293 -8.7459e-05 0.000341626
0.00432798 2.31452e-05 -0.000482334
0.00417296 -0.000248844 -0.000107214
0.0158226 0.0188537 -0.0165635
0.00427179 -0.000604569 0.000911712
0.00335506 0.00126752 -0.000183768
0.00273977 -0.000130518 0.00798
0.00487247 0.000259445 -0.000284865
0.00444586 0.000328484 -0.000385533
0.00425987 -0.000228787 0.000170576
0.003843 0.000734488 -8.85247e-05
0.00438297 5.26767e-05 -0.000486605
0.00458863 -0.000971888 -0.000102159
0.00361356 0.000394281 -0.000362416
0.00429469 -1.88223e-05 3.90621e-05
0.00280637 -0.000266675 0.00788589
0.00253877 -0.00134818 0.00895095
0.00453218 -0.000423306 0.000289974
0.00449411 0.000543379 -0.000143462
0.00448294 0.000245265 -0.000175936
0.00480498 0.000297133 -9.2171e-05
0.00366914 -0.00336402 0.00242052
0.00446831 -0.000476011 0.000130972
0.00442681 3.81263e-05 0.00118133
0.0027415 0.0015602 -0.000185963
0.00453774 -0.000263594 0.000188746
0.00432583 7.93107e-05 -0.000505621
0.00461476 -0.000168319 0.000141663
0.00468837 0.000238856 -0.000625357
0.0042168 0.000141051 -1.11746e-05
0.00436992 -0.000496583 0.000257143
0.00404874 -0.000282035 -8.89061e-05
0.00373598 -0.000205918 0.000109192
0.0042983 4.69973e-05 0.000111827
0.00454906 -0.000754265 0.000169096
0.00442011 -0.000298491 0.000194415
0.00436742 -2.06515e-05 0.000145636
0.00507336 -0.00027887 4.02133e-05
0.00531393 -0.000329982 7.98946e-05
0.00365423 -0.00082829 0.000638285
0.00432306 6.95273e-05 -0.000153798
0.00520391 -0.000147953 -0.00010915
0.00543059 0.000470221 -0.000542719
5.85664e-16 -5.29863e-15 4.8751e-14
0.00408735 -0.000489348 -0.000407266
0.00329442 0.000919418 -0.00016885
0.00454201 4.42152e-05 -0.000409752
0.00476306 8.53477e-06 -9.05567e-05
0.00415322 0.000363808 -0.000467065
0.0047953 -0.000102862 0.000149039
0.00446834 0.00033566 -0.000388472
0.00450484 0.000250016 -0.000311039
0.00452578 0.000273804 -0.000121353
0.00505737 0.000505058 0.000619999
0.00483895 -0.000553824 0.000362136
0.00427587 -4.53158e-05 0.000150454
0.00456753 0.000116683 -0.000197426
0.00434989 -0.000359151 0.00118349
0.00436591 0.000262267 -0.000319118
0.00460312 -0.000444114 0.000284611
0.00461027 3.33715e-05 -0.00049097
0.00437743 0.000194825 -0.000208354
0.00445237 0.000305663 -0.000361583
0.0046447 -0.000580392 0.000161413
0.00460942 -0.00022966 0.000174162
0.0044425 -0.000532591 0.000270579
0.00444792 -0.000113683 0.00016988
0.00450213 0.000639224 -0.000679924
0.00435908 -0.000286325 -0.0001095
0.00444432 0.000552799 -0.000161834
0.00441489 -2.16249e-05 0.000149679
0.00487271 0.000443468 -0.000880468
0.00445622 -0.000249772 0.000228098
0.00476402 -0.000385921 0.000257986
0.00396132 -0.00087501 0.000842389
0.00454605 1.36419e-05 -0.000446412
0.00431152 -8.07998e-05 -2.91492e-05
0.00431457 6.84098e-05 -0.00037945
0.00449757 0.000287127 -2.21775e-05
0.00524191 -0.000468627 0.000227404
0.0042122 0.000180952 7.57221e-05
0.00432666 0.000188325 -0.000495222
0.0050174 -0.000578372 0.000328874
0.00506047 -0.000605781 0.00026602
0.0046613 0.000186728 -0.000260945
0.00506628 -7.08643e-05 -0.000133696
0.00497149 0.00108647 0.00024365
0.00422711 -0.00011456 0.00011986
0.00439822 0.000303895 2.40779e-05
0.00423722 -0.000420219 -0.000373265
0.00429047 -8.08563e-05 8.79206e-05
0.00476123 0.000330217 -0.000739392
0.0044409 4.25329e-06 -0.000509587
0.00460695 0.00029908 -0.000365182
0.00446693 -0.000105759 0.000624581
0.0043353 0.000200596 -0.00168862
0.0043534 -4.74378e-05 0.000156134
0.00463901 0.000278675 -0.000243434
0.00444555 0.000192546 -0.000278113
0.00474241 0.000173768 -0.000598624
0.00468177 0.000326997 -0.000721637
0.00448932 0.000361043 -0.000402345
0.00454261 -0.000108873 -7.42477e-05
0.0065128 0.00233349 -0.00231971
0.00443252 -0.000229576 -9.24218e-05
0.00440413 -0.00010775 -0.000407162
0.00435951 0.000180109 -0.000490056
0.00462482 -0.000879777 -0.000121589
0.00438611 0.000235017 8.76074e-05
0.00411161 -0.000259476 -6.52169e-05
0.00425392 -8.33771e-05 -1.53568e-05
0.00437152 0.000353183 0.000933756
0.00429453 0.000128196 -0.000492777
0.00423046 0.000370993 5.7064e-05
0.00456761 0.000140736 -0.000209045
0.00419975 -0.000194524 0.000120728
0.00452316 0.000199845 -0.000348655
0.00449927 0.000227159 -0.000299829
0.00444917 1.54008e-05 0.000142696
0.00421762 -0.000194743 0.000172527
0.00381283 -0.000336294 0.000186434
0.00430155 -0.000274049 0.000207456
0.00441434 -3.96288e-05 -0.000311822
0.00590064 0.00173473 -0.00153196
0.00458069 3.52915e-05 -0.000124564
0.00470888 -0.000484999 0.000299883
0.00457052 0.000223902 -0.000279929
0.00513503 -0.000168589 -0.000874564
0.00449069 -0.000857636 0.000159521
0.00447532 0.000893186 -0.000849236
0.00415806 0.000421021 3.37601e-05
0.00461865 0.000448735 -0.000494701
0.0036077 0.000368955 -0.000362257
0.00453272 -0.000506223 -0.000106214
0.00375351 -0.00311338 0.00258738
0.00464284 -5.12599e-05 -8.80278e-05
0.00496864 0.000674924 0.000524751
0.00427749 5.67068e-06 4.48403e-05
0.00437288 0.000164193 -0.000167927
0.00467067 -8.93322e-05 0.000100825
0.00431343 0.000352537 4.77557e-05
0.00420323 0.000225583 -3.91842e-05
0.00466397 -0.000337266 0.000231155
0.00478272 -0.000260833 -0.00011018
0.00424 0.00019587 -0.000337823
0.00328518 0.00109397 0.00573218
0.0045136 -0.000671121 0.000183362
0.00434854 0.000281588 7.0499e-05
0.00445103 0.000238019 1.46626e-05
0.00405442 -0.000310823 -9.3089e-06
0.00394192 0.00088619 -0.000141009
0.00441986 -2.73223e-05 -0.000535198
0.00465013 0.000285112 -0.000400621
0.00447312 0.000330502 -0.000388068
0.00449512 7.03251e-05 0.000115382
0.00447405 0.000279154 -0.000365942
0.00445189 -0.000357545 0.000246271
0.00446229 5.02835e-05 -0.0001214
0.00514789 0.000636207 -0.000230477
0.00431828 0.000292892 -0.000340157
0.00493463 -0.000513197 0.000296596
0.00426286 0.00120579 -0.000162974
0.00440625 0.000351604 0.000925101
0.00448913 0.000371614 3.57517e-05
0.00407561 0.000230188 -0.000483175
0.00472959 -0.000238303 0.000180459
0.00431036 9.04054e-05 3.74295e-05
0.00456507 -0.000863572 -4.90712e-05
0.00448033 -0.000389803 -9.56385e-05
0.00524783 0.000561289 -0.000535261
0.00439772 4.4356e-05 -0.000526102
0.0045248 -0.000497593 -0.000105135
0.00429634 -0.000242517 0.000180812
0.00404921 -0.00029434 0.000201149
0.00463152 -0.000390579 0.000255973
0.00498308 0.00107477 -0.0010477
0.00408829 0.00071485 0.000323595
0.00463889 -0.000159157 0.000177196
0.00463203 0.000208786 -0.000139816
0.00428045 -0.000163831 0.00013491
0.00433571 0.000324607 -1.97909e-06
0.00423322 0.000288488 -1.46961e-06
0.00412919 -0.000161854 0.000129843
0.00464482 -0.000770949 -7.05853e-05
0.00447271 3.09388e-06 -0.000527406
0.00457287 0.000219556 -0.000587161
0.00450828 -0.000225831 -8.43519e-05
0.00416699 0.000697496 -0.00077737
0.00445725 6.41707e-05 -0.000193305
0.00420523 -0.000162243 0.000141277
0.00361854 0.000497951 -0.000564304
0.00449071 0.000300129 -6.61413e-05
0.00491421 -0.000301335 -0.000588467

VECTORS force float
-4.17134e-10 -6.54945e-10 1.63635e-09
-1.60885e-08 -1.51314e-08 5.44268e-09
1.57158e-09 -8.4243e-10 -2.74301e-09
2.61978e-09 -4.22083e-09 3.87263e-09
6.87007e-10 -3.90854e-09 -1.74942e-09
-9.60502e-08 -1.19022e-08 -4.00849e-09
-5.94374e-10 5.74746e-10 3.94669e-09
4.13966e-09 3.04049e-09 7.90134e-09
3.50535e-08 4.46966e-09 -1.03109e-08
-2.65241e-09 1.21299e-09 2.86043e-09
-2.42785e-09 4.03594e-09 6.69268e-09
-2.21513e-09 2.91385e-09 -1.34484e-09
6.71981e-09 1.31675e-08 -4.64631e-09
-5.82814e-09 8.29228e-09 -8.99835e-10
-3.56965e-09 -5.96098e-10 -2.35731e-09
-1.03834e-08 -1.36799e-10 -8.9825e-11
-8.98758e-09 -4.32129e-10 1.18019e-10
-1.71159e-09 5.21069e-09 -3.39174e-09
2.26161e-09 -4.39351e-09 -6.61074e-09
2.00138e-09 2.32699e-09 2.21832e-09
2.44102e-11 1.44606e-10 -7.52172e-11
-3.87889e-09 -6.1172e-09 -7.67027e-09
-6.02676e-09 7.16755e-10 -1.36394e-10
-8.11539e-09 1.40827e-08 -5.70473e-09
2.82898e-09 2.1111e-09 -7.09826e-10
-1.53731e-09 -1.75751e-09 1.95781e-09
-1.95494e-08 -1.89225e-08 5.53763e-09
-6.87198e-11 6.45214e-11 -2.67225e-11
2.3953e-09 6.81599e-10 3.18985e-09
-2.83062e-10 -4.10967e-10 2.36112e-09
4.19099e-09 6.66531e-09 4.57214e-10
-1.9655e-09 -2.90427e-09 1.14871e-09
-3.51026e-10 9.89666e-10 3.27367e-09
-3.9324e-09 2.01354e-10 2.01177e-11
-1.19367e-08 1.55817e-08 -2.21203e-08
-5.23512e-10 5.34426e-10 -2.17069e-09
-8.94726e-09 1.00519e-09 -3.68076e-09
-7.56672e-10 -1.94455e-09 -6.87189e-09
1.30868e-09 2.48345e-10 -5.96763e-09
8.58046e-09 5.80331e-09 -7.02828e-09
-4.57785e-09 1.42773e-08 -6.26727e-09
3.08856e-09 -1.16116e-09 1.44785e-12
3.05578e-11 8.31972e-10 -9.84176e-10
4.56133e-09 -1.81546e-09 -4.11117e-10
3.44637e-09 1.77149e-08 -3.22717e-09
-2.32298e-08 -2.15987e-09 -5.51249e-08
-2.12805e-08 -2.77957e-09 -1.68322e-09
1.09385e-09 -3.3216e-10 -1.15609e-09
-4.52307e-10 4.67608e-10 3.91573e-10
-9.21116e-09 2.05278e-09 -1.68728e-09
-3.48834e-08 -1.28572e-09 2.90043e-08
8.758e-09 2.13654e-10 -4.7085e-10
2.48097e-10 -2.09721e-09 -6.03737e-10
3.55835e-09 -1.47509e-09 -7.05457e-11
6.97401e-09 6.40894e-09 -1.39384e-08
1.81852e-10 1.25066e-09 2.83887e-09
1.56261e-08 2.93263e-08 -3.79248e-09
1.53016e-09 2.04089e-08 3.07091e-10
1.03471e-08 -1.2429e-08 1.26349e-08
-1.94272e-10 -9.90316e-11 -4.55627e-09
1.31185e-09 1.04056e-08 -4.51299e-09
-3.21825e-09 6.58365e-10 -1.52499e-08
-1.41425e-09 4.7911e-10 -6.36674e-10
-3.19199e-08 -5.43982e-08 -5.28983e-09
-5.14161e-10 1.32421e-08 -8.49811e-09
-5.65455e-09 9.42803e-09 -3.08005e-09
3.47422e-11 1.61627e-10 -6.13491e-11
-5.1361e-09 3.27556e-09 3.01698e-09
-4.52002e-11 1.28513e-09 2.7163e-09
4.0602e-09 2.89638e-08 -1.95075e-08
-2.38316e-09 -1.03482e-09 1.73345e-09
1.12725e-09 8.79646e-10 -1.79578e-09
1.8529e-10 -8.52342e-10 -7.23141e-10
-2.0805e-09 2.39373e-09 2.74467e-09
8.9673e-10 -1.30522e-09 3.90351e-09
2.22357e-10 1.47776e-09 3.26016e-09
4.10641e-09 1.24816e-08 -5.91419e-09
-7.362e-09 7.17044e-09 3.76902e-09
-9.00477e-09 -4.22006e-09 -1.48865e-09
2.70204e-09 -1.41295e-09 2.03987e-09
-1.06531e-08 6.89284e-09 2.89515e-08
-3.03997e-10 2.23822e-09 2.04609e-09
-2.29129e-22 -8.27181e-24 0.0
1.28289e-08 7.45821e-09 -7.08377e-09
5.73448e-09 3.58892e-09 7.24164e-10
-5.44164e-09 -9.8261e-10 1.69141e-10
-8.93403e-10 6.72615e-09 8.87247e-09
-1.04921e-08 6.54351e-10 -3.40623e-09
-5.39207e-09 -1.05544e-09 -5.08837e-10
7.43658e-09 -5.82656e-10 -3.28656e-08
2.08701e-10 -3.5091e-10 -1.94104e-09
-1.41317e-09 -2.20596e-09 -3.50127e-09
8.42524e-10 -2.52771e-09 1.81147e-09
-7.42111e-10 -2.28435e-08 1.55347e-08
4.91379e-09 1.42275e-09 -2.4585e-08
-2.65689e-09 -8.49197e-10 2.36201e-09
-6.17986e-09 1.19963e-09 -8.79681e-12
-1.41914e-08 3.90866e-08 -1.5279e-08
-2.55447e-08 -2.78997e-08 2.25843e-08
-1.21431e-08 2.09144e-08 -4.00137e-09
6.95862e-10 -1.09567e-10 -3.82777e-08
-1.08626e-09 -1.00076e-09 1.74928e-09
-1.52996e-09 4.65888e-09 5.23994e-09
2.57736e-10 -9.56071e-10 -1.83809e-10
1.19859e-08 -6.2519e-10 -7.41663e-09
-5.90862e-09 6.66256e-09 -8.02725e-09
-1.49578e-07 1.11986e-07 -4.4002e-08
2.34072e-09 -7.44085e-10 9.36535e-10
8.59863e-09 2.48052e-08 -1.18485e-08
1.41262e-08 2.20347e-08 -1.30608e-08
4.48578e-09 6.25291e-09 -3.18122e-08
-1.90647e-08 2.34671e-09 -6.63321e-10
2.52759e-09 1.56528e-09 1.20168e-10
-5.03844e-10 5.9939e-10 1.03835e-10
-1.50718e-08 3.23144e-09 -3.62854e-09
1.42286e-08 4.91504e-08 -1.14427e-08
-5.39388e-09 -1.5084e-08 -2.2681e-08
-3.95879e-09 1.17844e-08 -1.06781e-08
-5.63534e-10 -1.08036e-09 3.60725e-10
6.84582e-10 3.17458e-09 6.30683e-10
-3.35019e-09 3.44375e-09 -4.9977e-09
-8.54828e-09 -7.96273e-09 6.52159e-09
-1.05592e-09 -5.87724e-10 6.46801e-10
-9.36913e-09 8.56371e-09 -6.72713e-09
-2.84152e-09 -6.18901e-09 6.42088e-09
-7.37763e-09 -1.73373e-09 3.73047e-09
-1.00473e-09 4.96958e-10 -3.18336e-09
-1.19645e-08 9.02763e-09 -1.08064e-08
-7.16327e-08 -8.4258e-08 5.74391e-08
0.0 0.0 -3.8832e-08
6.25414e-10 -7.22274e-10 1.12733e-09
-3.9151e-09 -5.90906e-09 -1.08511e-09
-8.41836e-10 -3.11586e-10 -2.64295e-10
1.67657e-08 9.08133e-09 -4.55989e-10
-2.38527e-09 1.41149e-10 -6.68484e-10
2.10467e-08 8.39487e-09 -4.21066e-09
-2.15966e-09 1.08237e-08 -8.79138e-09
6.19004e-10 -2.64256e-09 -1.35411e-09
-1.06746e-07 3.66995e-08 -6.40155e-08
4.79244e-08 -3.43756e-08 1.79926e-09
8.38469e-10 1.48048e-09 -2.24563e-10
1.00185e-09 3.79989e-09 -6.77452e-09
6.52546e-09 1.29031e-11 -3.36419e-08
-7.66001e-09 -2.04462e-09 -1.67308e-09
-1.03254e-08 2.11297e-09 3.79499e-10
-8.01149e-09 8.60841e-09 -1.68466e-09
7.67285e-09 -7.20936e-09 9.76778e-09
-9.15108e-09 3.79525e-09 -6.56286e-09
8.70146e-09 -3.79156e-08 5.81094e-08
-1.96776e-10 -1.04618e-08 -4.16942e-08
-2.88325e-09 2.88458e-09 -9.05663e-10
-1.18762e-09 -5.385e-10 -1.01516e-09
-2.28493e-08 1.36897e-08 -2.42261e-09
-5.64053e-09 9.10773e-10 7.83756e-10
8.44845e-09 1.17043e-08 8.67228e-10
-3.47653e-09 1.103e-09 -8.6476e-10
-9.92357e-09 1.18565e-08 -1.6669e-08
-5.45619e-09 1.04437e-08 7.32267e-09
-1.76322e-08 4.04377e-08 3.17353e-08
-3.39854e-09 3.01471e-09 -1.29632e-09
1.09994e-09 -2.71884e-10 1.94721e-10
1.5748e-11 -1.34727e-11 -3.76006e-12
-2.866e-09 7.7052e-09 3.88374e-10
-1.56659e-08 2.25756e-09 -4.13407e-09
1.91869e-09 -2.96011e-09 -1.71227e-09
1.22146e-09 -8.19926e-10 -4.76878e-10
-5.00701e-09 1.33931e-08 -3.72184e-09
1.90481e-08 2.94499e-08 -6.69771e-09
5.61681e-09 -9.69631e-09 -2.1672e-08
8.13828e-09 5.85746e-08 -1.09272e-07
-1.03368e-09 -2.72582e-09 1.62301e-09
-7.41472e-09 1.18318e-08 -4.78942e-10
-7.12011e-09 8.27601e-09 -2.04683e-09
4.01127e-09 9.75131e-10 -1.50488e-09
-5.33941e-09 8.7149e-09 -1.02574e-08
7.32578e-09 5.24365e-09 1.34373e-09
-2.55416e-09 1.08863e-08 -1.31755e-08
-9.18965e-10 2.09044e-09 -5.96018e-10
1.06768e-07 -7.76128e-08 -3.93626e-08
3.44947e-09 7.60285e-10 -3.6316e-09
-1.88443e-09 -9.40838e-09 2.79213e-09
-1.40209e-09 1.32901e-09 7.11861e-09
2.43399e-09 7.18416e-09 -5.93146e-09
-1.53993e-08 -3.18489e-09 -3.78471e-09
-1.06999e-08 2.45968e-09 2.81145e-10
-6.6946e-09 1.34725e-08 7.87541e-10
-1.79233e-09 -2.01105e-09 -1.84566e-09
1.1882e-08 1.73233e-08 -7.54137e-09
1.51872e-09 7.05707e-09 -4.95165e-08
-6.69353e-09 6.85285e-09 4.63447e-09
1.55749e-08 -3.50992e-10 -2.90467e-09
-9.83441e-09 4.28779e-09 -1.16379e-08
1.7327e-09 -1.88389e-10 9.18215e-10
-4.37154e-09 2.75749e-09 -4.01327e-10
-1.21717e-08 1.39223e-08 -1.69543e-08
-2.95681e-09 -2.27021e-09 2.20672e-09
8.47495e-09 3.76018e-08 -2.61827e-09
-2.68797e-10 -5.82226e-09 8.62365e-09
5.44481e-09 1.16219e-09 -1.60313e-09
-5.56358e-09 3.44456e-09 -1.84934e-09
-2.09338e-08 -1.16619e-09 -6.81515e-09
-3.08044e-10 -8.82525e-10 6.51886e-12
-8.70774e-10 -3.60876e-08 1.2327e-09
-1.8344e-09 6.85562e-09 -3.1608e-09
4.40716e-08 -6.2354e-08 6.62511e-08
3.67831e-09 4.7943e-09 -5.88895e-10
-6.80216e-09 7.63279e-09 -1.09022e-08
3.92858e-08 -6.97897e-09 6.25293e-09
-5.41922e-10 2.09524e-09 -7.46493e-10
2.43853e-10 8.58404e-10 -4.24492e-10
-2.10637e-09 -3.04251e-09 -2.95391e-10
-4.60941e-09 1.19027e-08 5.49493e-09
-2.23091e-09 2.40816e-09 -5.98373e-11
-1.08458e-09 3.84697e-09 3.09072e-09
9.39791e-10 -5.80157e-11 2.68968e-09
-1.08305e-08 -6.58672e-09 1.1193e-08
1.80308e-08 -5.02066e-08 5.34977e-08
3.27998e-09 7.12418e-10 1.60716e-09
-1.21182e-08 2.19854e-08 -5.50114e-09
1.85604e-09 -2.8265e-10 -2.3304e-10
7.37359e-09 -1.26715e-09 -3.29766e-08
-1.65699e-08 3.77376e-09 -7.61656e-09
-1.19617e-09 3.18217e-09 -1.62165e-10
3.97616e-09 9.57071e-09 -9.8132e-09
-6.22604e-09 2.10437e-09 -1.64259e-09
1.88811e-09 2.05612e-09 -2.57588e-09
1.39165e-08 1.3941e-08 -1.52522e-08
1.64545e-09 -1.51815e-09 6.67855e-10
2.96878e-08 -2.03753e-08 1.18005e-08
8.8442e-10 7.10767e-10 -5.08882e-09
-1.57511e-09 7.59825e-09 5.14445e-09
-1.21028e-09 -9.68155e-10 8.79715e-10
9.68974e-09 -2.24407e-09 -3.95801e-09
8.25637e-09 2.56643e-09 1.71919e-09
1.52226e-09 -1.13127e-09 -4.34653e-08
-8.15995e-10 -2.17245e-11 2.66723e-09
4.61597e-08 1.19984e-08 -5.4862e-09
-3.61208e-09 3.11802e-09 -4.49296e-08
-3.22484e-09 2.02824e-09 -8.06634e-10
-1.12503e-08 -4.9067e-09 -3.17821e-08
-4.19171e-09 6.52503e-09 -3.04782e-09
2.28512e-09 -1.52226e-09 1.30204e-09
-1.65571e-08 2.88533e-08 -2.32428e-08
9.10102e-09 7.90496e-09 -1.28451e-09
-1.35969e-09 2.40737e-10 2.06723e-09
-1.54391e-08 -2.84243e-11 -1.10393e-08
-4.5661e-11 3.45037e-09 8.20171e-11
8.32506e-10 -2.99513e-09 2.92001e-11
-1.00421e-09 3.66839e-09 1.13839e-09
1.26379e-09 -1.37421e-09 -1.32558e-10
-4.63635e-22 1.63782e-22 1.32349e-23
-2.2395e-10 -4.19802e-09 4.30922e-09
3.4974e-08 1.53435e-08 -2.38503e-08
-2.24467e-09 5.83218e-09 -4.25184e-09
2.54745e-09 2.49019e-08 -1.06961e-08
-1.13594e-09 -1.47836e-09 1.53447e-09
5.03889e-09 -6.84113e-08 3.19453e-08
9.15648e-08 -9.89646e-08 -1.03127e-07
9.73329e-10 -1.1088e-09 1.43779e-09
-1.80867e-08 2.7629e-09 -1.15578e-09
-1.72534e-08 3.87642e-09 1.86726e-08
-1.06853e-09 1.748e-09 -1.33415e-09
-4.89975e-08 -1.96344e-08 -2.78592e-09
-1.13311e-10 -1.78185e-09 -1.80254e-09
9.73146e-10 -9.93763e-09 8.18035e-09
-2.05088e-08 -7.97168e-09 9.27761e-10
4.51399e-08 1.83032e-08 -9.57657e-09
2.29077e-10 7.84439e-10 6.89031e-11
-1.33012e-08 -6.48175e-08 -3.42357e-09
1.09195e-08 4.10984e-08 -1.93027e-07
3.29691e-09 -1.49312e-10 1.73382e-09
-1.58499e-09 5.71112e-09 3.60429e-09
-2.98821e-09 -2.63637e-09 8.7423e-10
-9.59491e-09 -1.06718e-09 7.9094e-10
2.01298e-09 6.05111e-10 -1.65814e-10
-4.53963e-10 3.48918e-09 -1.75858e-09
1.7213e-08 3.12627e-08 -5.99563e-09
-1.82722e-09 6.81909e-11 -2.04112e-09
3.44927e-09 6.3254e-11 -3.41772e-08
-3.35051e-10 1.74852e-10 -9.07143e-10
-7.12933e-10 -3.33702e-09 1.40529e-09
-2.60905e-09 3.94178e-10 -3.6674e-09
3.62061e-09 -3.87615e-09 4.28393e-09
1.42795e-08 1.53346e-08 -6.23338e-08
-2.12837e-08 7.89246e-09 -1.15297e-08
6.32821e-10 1.82211e-09 -1.99902e-09
-1.53971e-08 6.33035e-09 -5.35622e-09
1.34183e-08 9.6162e-09 3.22215e-09
-1.25192e-09 -1.58543e-09 5.45088e-10
5.70134e-11 -1.88788e-09 1.96959e-09
-1.15844e-09 -7.38081e-10 -2.38288e-10
-9.12774e-08 -3.55208e-08 5.21244e-08
7.79874e-09 1.97655e-08 2.52087e-10
-8.98017e-09 -1.61014e-10 1.90258e-09
-1.40118e-09 -2.53576e-09 1.77708e-09
2.46452e-08 -4.6821e-08 -8.1235e-08
-3.23614e-10 5.14894e-09 -5.60138e-09
3.9843e-09 6.80323e-09 -3.78059e-09
-6.70668e-09 2.02708e-08 -8.3553e-09
-1.04913e-08 1.09094e-08 -4.69874e-09
-3.93722e-09 1.66043e-09 1.53518e-09
5.04368e-11 9.76567e-09 -1.21592e-08
-9.91477e-09 5.17504e-09 -3.04302e-09
5.50949e-09 1.28967e-08 3.42326e-09
8.50381e-09 -3.29657e-08 4.24698e-08
-1.5135e-09 4.14277e-12 1.44508e-10
-1.01007e-09 -1.55552e-09 -1.05373e-09
-5.53645e-10 -6.41051e-09 -1.81333e-09
-4.95404e-09 1.09977e-09 4.44004e-09
-1.94698e-09 -2.06621e-09 1.47464e-09
0.0 0.0 -3.8832e-08
2.94168e-09 -4.29868e-09 -3.29592e-08
2.92656e-08 2.00644e-09 -6.1701e-09
-3.67668e-09 6.69357e-10 1.18528e-09
-1.66345e-08 9.62872e-09 -2.4362e-08
-7.94524e-11 -3.83114e-09 -2.1821e-09
3.18949e-09 2.60695e-09 -2.76199e-10
1.69849e-09 -1.95162e-08 5.30695e-09
3.64518e-09 -4.47396e-10 7.89076e-10
-4.13647e-10 1.88273e-09 -1.44175e-09
0.0 0.0 -3.8832e-08
-1.13313e-08 7.48651e-09 -7.63538e-09
9.99353e-09 -1.04459e-08 1.00977e-07
8.00148e-09 4.66842e-08 -6.89886e-11
-1.95382e-09 2.48928e-09 -1.25956e-08
-1.06525e-08 1.96183e-08 -3.30504e-09
-7.85391e-09 9.83578e-09 -2.43583e-09
-1.73418e-09 4.05981e-09 -2.13098e-09
-1.03879e-08 5.03309e-09 -4.5437e-09
-3.19556e-09 1.81107e-09 -9.9497e-10
-7.5236e-08 -4.78928e-08 1.03806e-08
3.306e-10 5.89686e-09 -2.63098e-09
-1.52408e-10 3.38643e-10 5.26012e-11
2.51213e-09 -1.55638e-09 2.46013e-10
-9.84984e-09 8.23709e-09 3.73973e-09
1.07741e-09 4.60432e-09 -5.00546e-09
4.12764e-10 -1.76541e-09 5.3404e-10
4.34035e-09 -6.82624e-09 5.38635e-09
3.66266e-09 1.62203e-10 -1.41875e-10
-1.29373e-09 -6.37326e-10 5.23655e-10
6.80866e-08 2.68364e-09 1.05854e-09
-1.13678e-08 -6.06635e-10 -1.28627e-09
1.61769e-11 5.94953e-10 -9.32104e-10
-4.06973e-22 -6.78288e-23 2.64698e-23
-7.33114e-10 -4.25215e-09 2.7994e-09
5.3339e-09 -5.31278e-09 -4.65039e-08
-9.52877e-09 -4.02614e-09 -1.94581e-09
4.67311e-10 -1.67502e-09 2.22552e-10
3.4564e-09 -4.53266e-09 -9.37116e-10
6.49394e-10 -2.65062e-09 1.19127e-09
1.6236e-08 1.24147e-08 -5.0947e-09
-9.48432e-10 -2.52277e-09 -3.53726e-09
-7.61451e-09 -1.21749e-09 5.61621e-10
3.83075e-09 1.19252e-09 -1.74869e-09
0.0 0.0 -3.8832e-08
6.39705e-11 -4.48173e-10 -8.28625e-11
1.3268e-09 -2.76642e-09 4.92195e-09
7.09623e-09 1.8934e-08 2.5967e-10
1.71202e-08 8.24605e-09 -9.02181e-09
3.46049e-09 1.65381e-09 -4.76677e-10
-4.22142e-09 -1.81589e-09 -4.97541e-10
4.09299e-09 1.52652e-09 -2.30656e-09
-3.87804e-09 1.37146e-08 -6.00252e-09
6.52277e-10 -3.57422e-09 -6.91034e-11
1.1559e-09 -2.56234e-09 -2.32067e-09
2.25122e-09 -1.87084e-09 -2.95155e-10
5.19049e-09 1.21302e-09 2.47059e-10
-2.13844e-08 1.86737e-08 -1.4108e-08
-1.67827e-08 7.11626e-09 -4.92832e-09
6.38081e-11 8.91066e-10 9.25088e-10
5.63832e-09 -5.21958e-09 5.51952e-09
1.61099e-09 -3.70501e-09 1.94155e-09
-6.19176e-10 -2.75057e-09 1.2536e-09
-1.59855e-09 -1.77104e-09 -5.01079e-10
7.62565e-10 1.51346e-09 -1.33611e-09
-2.65086e-09 2.34146e-09 1.38532e-09
-5.37119e-09 -3.74685e-09 9.95331e-10
-1.18423e-08 1.35722e-08 -1.49408e-08
8.04533e-09 1.46328e-09 -3.21981e-08
-3.14738e-09 3.50826e-09 3.15472e-09
-7.94244e-09 -1.60959e-09 -1.25702e-08
-1.14258e-07 -2.98079e-08 -2.23504e-08
2.63116e-09 -3.56232e-10 8.33128e-10
-4.39742e-10 3.9982e-10 -4.05188e-09
1.6034e-09 -2.25781e-11 -1.6446e-10
-2.1988e-09 2.16165e-09 -2.34154e-10
4.57894e-09 3.38399e-09 6.69051e-10
-8.20096e-08 -2.18898e-08 3.04643e-07
2.1536e-10 6.7858e-10 -9.34964e-10
-1.51069e-08 5.7808e-09 -5.76578e-09
1.37729e-08 4.01447e-10 -3.03508e-08
-7.47762e-10 -5.41215e-10 1.05932e-09
4.24477e-10 9.09577e-10 8.92589e-11
1.45181e-09 2.72138e-10 7.03722e-10
1.34139e-09 3.11299e-09 3.86023e-09
-6.1663e-09 8.13057e-09 -1.04277e-08
1.58994e-09 3.31797e-09 -2.89612e-10
1.51317e-09 -8.31938e-10 -3.7996e-09
-3.62421e-11 -2.15262e-09 -5.96115e-10
1.62031e-09 1.55028e-09 -1.33038e-08
-2.93535e-09 -8.21394e-09 1.60808e-09
-1.66825e-09 -9.52823e-10 3.0797e-10
7.36845e-10 1.618e-10 1.02547e-09
1.61318e-08 1.09973e-08 2.48828e-09
-1.05088e-08 5.27521e-09 -8.10536e-10
-7.65509e-09 4.11521e-09 -2.56033e-09
6.90011e-10 1.72152e-08 2.86509e-09
-1.32703e-09 2.6196e-10 4.37248e-10
-3.32003e-09 4.46495e-10 -5.93533e-10
-6.19936e-09 2.02655e-09 1.23898e-09
-8.04673e-09 3.77001e-09 -1.12719e-09
-3.51002e-09 3.61404e-09 -9.24969e-10
2.79535e-09 -2.42864e-09 -4.63924e-09
2.15418e-10 2.17842e-09 -2.65963e-09
3.91854e-09 -1.74936e-09 -7.06983e-09
-7.69358e-11 1.08723e-10 -5.38624e-10
1.81939e-09 1.46123e-09 -1.50488e-09
-1.57392e-09 -8.46479e-09 2.87484e-09
-1.99521e-09 9.1954e-10 -2.8634e-09
-6.32047e-10 -1.40534e-09 -2.43619e-10
-1.34383e-09 1.44378e-09 1.20496e-09
1.48254e-09 3.50372e-09 -1.08529e-10
4.83315e-09 2.43857e-09 -1.1289e-09
9.48943e-10 -3.05739e-09 1.65608e-09
-9.313e-10 -2.35479e-09 -1.8775e-09
-1.44719e-11 -9.60711e-09 6.51705e-10
1.10842e-10 4.83664e-09 -4.40137e-09
3.62985e-09 -2.33677e-09 3.64099e-09
6.16485e-10 1.44338e-09 5.07092e-10
-5.39383e-09 6.92726e-09 -2.05674e-09
-1.51614e-09 -6.59474e-10 -1.63589e-09
1.95212e-09 -3.39167e-10 4.9946e-10
-2.57279e-09 -4.16211e-10 3.62547e-10
3.98737e-09 -4.30747e-10 8.89736e-10
1.28951e-10 -1.88954e-09 1.24976e-09
3.71877e-10 2.62798e-09 -3.49944e-09
-5.88501e-10 1.34225e-09 -2.52875e-09
6.78491e-10 -9.09488e-12 -6.01078e-10
-2.5853e-09 2.4216e-09 -2.87339e-09
-5.84691e-10 3.44345e-09 1.00102e-09
3.14238e-09 3.09288e-09 1.41471e-10
-5.2222e-09 6.10437e-09 -3.84051e-09
-8.67801e-10 2.1399e-11 4.84089e-11
3.43201e-10 2.11169e-09 1.3448e-09
3.31233e-09 -8.62577e-10 1.27783e-10
7.00175e-09 1.39062e-08 -1.38642e-08
5.34997e-09 -1.60244e-09 -3.24059e-08
2.22837e-09 2.22645e-10 2.16161e-10
4.63898e-09 1.28243e-09 1.91509e-09
-2.18751e-09 -2.1563e-09 -1.12368e-09
-5.97409e-09 3.49283e-09 -1.51396e-08
8.12949e-10 4.37844e-10 -2.64517e-10
1.72449e-09 7.18553e-10 3.24642e-10
1.4622e-09 -7.40401e-10 2.21648e-09
5.22264e-10 6.7746e-11 2.73801e-10
-2.02096e-09 -6.2837e-10 7.98081e-11
3.21591e-10 1.17237e-09 6.28806e-10
-8.6454e-09 -1.04779e-09 -1.26925e-08
-1.8112e-09 -1.15856e-09 5.24241e-10
2.8342e-09 -2.52494e-10 -4.9484e-10
3.86518e-09 -3.1136e-09 4.38254e-09
1.09873e-09 -2.18153e-09 7.03478e-10
-3.46899e-09 5.37429e-10 -2.47102e-09
-8.46973e-10 -3.42115e-09 3.45099e-10
9.86806e-10 3.25393e-09 4.2025e-09
3.17169e-09 -1.11221e-09 -4.4774e-10
8.02426e-10 -1.39224e-09 6.51894e-11
1.08207e-09 2.01529e-09 1.32195e-09
9.76669e-10 -1.59957e-09 9.64015e-09
1.44199e-09 1.08095e-09 -7.71882e-11
-2.1831e-09 -2.49406e-09 1.16286e-09
-3.87008e-09 -5.32682e-09 -7.44781e-10
-7.03582e-09 -3.56763e-09 -1.40907e-08
1.69262e-09 4.44669e-10 5.47816e-10
3.49349e-09 2.30031e-09 -1.15272e-09
1.27722e-08 -3.44571e-09 -6.4623e-10
2.91729e-09 9.85256e-09 -8.17988e-09
3.17176e-08 -1.06222e-07 8.16655e-08
1.86685e-09 2.43124e-09 1.75663e-09
5.95005e-09 -6.5382e-09 -5.47271e-09
4.80705e-10 -5.25871e-10 -3.6685e-11
-2.81119e-09 -1.61162e-09 2.52338e-09
-1.08756e-09 -9.81392e-09 4.5815e-09
3.99639e-11 -4.02318e-09 3.38264e-09
3.33767e-10 3.92655e-09 -1.70196e-09
-3.06084e-09 -5.25877e-09 -2.82335e-09
2.91624e-09 2.67077e-10 4.77003e-10
3.62148e-09 4.55375e-09 -4.51245e-09
-1.89153e-08 -3.77907e-09 -2.39351e-09
-5.95615e-09 2.02095e-09 4.23645e-10
-2.20837e-11 1.75595e-09 -9.8579e-10
2.29352e-08 -5.43712e-09 -3.59574e-08
-8.30771e-09 5.30487e-09 -4.72605e-09
-9.19543e-09 2.75944e-09 1.27878e-10
-5.63742e-09 -1.09857e-09 1.54912e-09
8.58101e-11 4.34549e-09 1.81734e-09
1.53553e-09 -1.2574e-09 1.30472e-09
6.16644e-09 3.40241e-09 -1.87975e-09
-2.72091e-09 8.8439e-10 -5.36949e-10
-3.30685e-09 -2.21679e-09 -2.16914e-08
1.7872e-09 3.84431e-09 -1.83108e-09
1.14674e-09 -7.40492e-09 -4.90892e-09
-5.59507e-09 9.98079e-10 -2.11342e-09
4.1325e-11 3.26058e-10 1.50581e-09
-1.95903e-09 1.61083e-09 -4.84333e-10
5.064e-09 -4.97717e-09 7.02354e-10
-3.45182e-09 -2.58579e-09 -9.54583e-10
-2.21084e-09 5.25578e-09 -6.57576e-10
2.88515e-09 1.99033e-09 -7.20406e-10
3.02781e-09 4.85462e-10 -3.70873e-09
3.42272e-08 -9.20963e-09 -9.51462e-11
-3.9438e-09 3.37412e-09 -3.71314e-09
-1.55828e-09 -1.43241e-09 3.28025e-09
-1.1722e-08 1.88451e-08 -2.29941e-08
-2.14524e-09 -1.27264e-09 -4.82444e-11
9.76476e-09 5.20469e-09 2.84422e-09
1.42736e-09 1.09015e-09 -7.89475e-09
2.49555e-09 -2.63879e-10 4.31791e-09
-5.02187e-10 -7.99753e-10 2.21648e-09
5.13463e-09 -1.65641e-09 -1.84272e-09
-1.80634e-09 1.50042e-09 -1.30368e-09
-3.14025e-09 5.07121e-09 -2.8962e-09
2.97327e-09 5.63945e-09 3.86781e-09
1.96495e-09 -2.8609e-09 -1.31659e-09
-3.65235e-10 -7.4307e-10 1.88523e-10
4.38663e-09 1.51029e-09 -1.10222e-09
-3.05723e-08 -1.342e-09 4.01655e-09
-2.57757e-09 2.4725e-09 -1.30233e-10
-1.54595e-09 5.05529e-10 1.13476e-10
7.52879e-10 5.05253e-10 1.57722e-09
-1.40925e-08 1.24074e-08 -1.50385e-08
-1.30153e-09 -6.49118e-10 -3.89894e-10
-2.30065e-09 -2.65347e-09 9.77058e-11
-7.76418e-09 5.7453e-09 5.75935e-10
-2.30136e-08 1.36783e-08 -1.45847e-08
1.28606e-09 -2.32291e-09 -8.18009e-10
8.8472e-09 -2.00295e-09 5.74245e-10
-1.31873e-09 -1.30219e-09 9.69247e-11
1.78477e-08 -9.64506e-09 8.59486e-09
-3.55206e-09 3.84411e-09 5.6273e-10
-2.27026e-08 -8.18511e-10 6.79189e-09
1.28631e-09 8.93338e-10 -3.30536e-09
9.32317e-10 -5.8955e-10 4.30362e-10
1.25913e-09 2.81474e-09 3.59259e-10
3.24178e-09 -6.26945e-09 5.91436e-10
-1.2183e-09 9.85266e-10 -2.88968e-10
1.33039e-09 3.25873e-09 -5.33405e-11
-6.96463e-09 1.67565e-09 -1.53143e-09
2.36236e-09 2.6897e-09 -5.2183e-10
1.16462e-09 -2.74596e-09 3.19852e-09
1.29748e-09 1.99056e-09 -2.17375e-09
2.19884e-10 -1.23332e-09 7.66614e-10
1.92769e-09 -2.78593e-09 -1.78015e-09
-6.39174e-10 2.94386e-09 -2.5971e-09
2.44152e-09 -2.42617e-09 2.81812e-09
-8.67656e-09 2.71433e-09 -2.36042e-10
1.45181e-09 -3.374e-10 1.54139e-09
1.52975e-09 5.38944e-10 1.8823e-10
-4.8617e-09 1.14176e-10 -1.33899e-08
-2.00777e-09 1.42315e-10 -9.05244e-11
2.36319e-09 -1.60084e-09 1.39939e-09
2.38029e-10 8.05148e-10 -1.56846e-09
-3.10411e-09 -2.07573e-09 3.03485e-09
-7.21055e-12 5.39089e-09 4.94046e-10
3.13062e-09 -1.53419e-09 2.20248e-09
4.75905e-09 -1.89309e-09 3.54337e-09
3.43638e-09 -3.89253e-09 -1.66177e-09
-1.84334e-09 -2.31931e-10 1.01236e-09
1.85437e-09 -5.86317e-10 -1.05097e-09
5.34756e-09 -1.16963e-09 -2.96296e-08
5.44526e-09 8.32453e-09 -6.04839e-09
-2.25321e-09 -1.93237e-08 1.43064e-08
4.2091e-09 -1.37358e-08 1.12065e-08
2.85104e-09 -8.55564e-10 1.23763e-09
1.77463e-09 -1.37567e-10 -9.71721e-10
1.40861e-09 1.52006e-09 3.06191e-09
4.66287e-09 -2.52317e-08 2.1266e-08
-4.65623e-09 3.97926e-09 3.00978e-09
2.70346e-09 -2.93356e-09 2.93858e-09
2.53352e-09 6.9086e-10 6.42412e-10
2.24112e-09 8.4539e-10 -1.19153e-09
1.63823e-09 3.01865e-09 -2.00462e-09
-2.21958e-09 6.86699e-10 -4.87173e-10
6.35609e-10 -6.56107e-09 1.21564e-09
8.08363e-09 1.61314e-08 9.61099e-10
-4.12544e-09 -2.25595e-09 5.80361e-09
-1.12305e-09 -3.02882e-09 6.97011e-10
5.33295e-09 2.89492e-09 -1.48551e-09
-1.06617e-08 6.58446e-09 -7.27774e-09
8.54253e-10 -1.73216e-09 -2.51175e-09
-5.85461e-10 1.31605e-09 -1.18581e-09
1.06887e-09 -7.16949e-10 8.12434e-10
1.19135e-09 -2.98099e-10 -4.0776e-10
-7.97861e-09 -1.40824e-09 1.13118e-09
-2.67533e-09 -7.00555e-10 -3.4827e-11
1.70022e-09 -1.42203e-08 -4.04745e-09
1.1299e-09 -1.59087e-09 1.85836e-09
1.53342e-09 -5.32293e-10 3.82033e-10
8.76382e-09 4.58595e-09 -8.03669e-10
4.06268e-09 -1.26441e-09 -4.36663e-09
-2.40944e-09 2.34526e-09 1.20081e-09
5.27091e-10 -3.24597e-09 4.47747e-09
-6.98832e-10 -3.04383e-09 -6.88824e-11
-2.59239e-09 -3.47699e-09 3.11194e-09
2.46464e-09 5.18205e-09 -1.98788e-09
1.98484e-09 3.27036e-09 -4.67067e-11
-2.65446e-09 3.03477e-09 1.48256e-10
3.2048e-09 8.27315e-12 -5.42981e-09
-3.31032e-09 2.05492e-09 -7.42871e-09
-1.1407e-09 -4.31442e-09 3.44729e-09
4.83706e-10 1.13893e-09 3.67302e-10
-1.17142e-08 -5.14555e-09 4.5098e-09
9.34614e-10 -4.94454e-09 2.06589e-09
1.27912e-10 2.07485e-09 -3.32624e-09
-1.0291e-08 -1.25625e-09 -1.24588e-09
-1.27657e-08 6.32287e-09 -6.2165e-10
-2.13882e-09 -4.96279e-09 4.3569e-09
-5.41626e-09 -1.29578e-09 3.1562e-09
1.56062e-09 6.32385e-10 1.74304e-09
4.30464e-09 -8.77042e-09 -7.61182e-09
-1.23397e-08 8.45552e-09 -2.63235e-10
3.21552e-09 4.25442e-10 -7.93139e-09
1.45268e-08 -3.51576e-09 -4.5525e-09
4.29615e-09 -8.04179e-10 -1.94523e-09
1.16459e-09 1.60687e-09 6.42797e-10
-6.74415e-09 8.31527e-09 -3.85716e-09
-7.19738e-09 4.67552e-09 -3.63583e-08
-2.56746e-09 1.87197e-09 1.78239e-09
9.17287e-12 5.48777e-09 8.22603e-09
2.70033e-09 7.88311e-10 -8.61914e-09
7.60599e-09 1.68002e-08 -2.17361e-08
-5.0781e-09 -1.58745e-08 2.30902e-08
1.08474e-08 3.40753e-10 8.99496e-10
1.20344e-08 -6.58807e-09 3.84816e-09
-9.93922e-09 -1.059e-09 -3.14427e-09
-3.10261e-11 2.51215e-09 -1.61041e-09
-2.08141e-08 -3.65458e-08 3.55784e-08
4.64459e-09 9.65583e-10 -1.86803e-09
2.12186e-09 5.63928e-09 -9.53263e-09
3.57962e-08 4.45726e-09 -9.94412e-09
-6.94283e-10 5.7201e-10 -5.19205e-10
5.80745e-10 1.15523e-09 2.77323e-09
2.58882e-09 5.17761e-09 -1.67444e-08
6.11709e-09 1.65182e-09 -1.17991e-09
-3.60006e-10 -3.33398e-09 3.24094e-09
-7.66997e-09 -3.33933e-09 5.84479e-10
-2.54712e-09 1.65619e-10 4.26197e-09
1.0136e-08 -5.09067e-11 -3.54419e-10
9.47957e-09 4.80945e-09 5.50988e-11
1.19561e-08 2.23471e-09 -2.03092e-09
2.2235e-09 3.97033e-09 -3.90687e-09
0.0 0.0 -3.8832e-08
2.22234e-09 5.50034e-09 9.58202e-09
4.79361e-09 9.83967e-10 -3.02074e-09
-1.88873e-09 4.38825e-09 -4.92688e-09
1.71114e-09 -8.31728e-10 3.28445e-10
-2.76856e-09 -2.76845e-09 -1.0953e-09
2.72871e-09 1.16691e-08 1.57145e-08
-4.48636e-09 -5.64979e-10 3.32364e-09
-7.1356e-10 -1.9711e-09 4.48144e-09
-4.43077e-09 3.13624e-09 -2.25481e-09
1.23699e-09 -2.36491e-10 -4.48346e-09
1.50007e-08 -1.05691e-08 -1.62496e-08
-2.09678e-09 -9.85121e-09 3.67136e-09
-1.82652e-09 3.57554e-10 4.45194e-09
-1.41692e-08 2.66118e-09 -1.47819e-08
-1.70723e-09 2.14878e-10 -8.36004e-10
6.22101e-09 -1.57928e-09 2.24262e-09
-1.25236e-08 8.7518e-09 -7.82196e-09
2.67622e-09 -3.97303e-09 3.59075e-09
8.58187e-09 1.89073e-08 9.17563e-10
6.15788e-10 6.57464e-09 -8.98189e-09
-7.94214e-09 1.73915e-09 -4.20907e-09
7.17629e-10 7.80403e-11 5.7417e-10
1.12257e-09 4.65242e-10 -4.74527e-10
-3.20654e-09 1.08441e-09 -3.93591e-10
-3.09366e-09 -3.1801e-09 -8.89704e-10
3.8482e-09 9.20221e-09 -3.89017e-09
-6.70392e-11 -2.04927e-09 -1.23663e-09
-2.16383e-09 1.89121e-09 3.25528e-10
-6.27568e-09 4.96642e-09 -2.83879e-09
2.43104e-08 -1.26938e-08 2.52324e-09
4.60886e-09 -2.73859e-09 2.64577e-09
1.1444e-08 6.07465e-09 -5.93099e-09
2.33563e-10 5.05522e-09 1.26805e-09
7.32597e-09 -1.41556e-09 2.06078e-09
1.66775e-08 -1.10224e-08 1.0071e-08
3.889e-09 -2.59323e-09 9.02803e-10
5.16821e-09 -1.04961e-09 1.49502e-09
-4.25164e-09 -4.35733e-09 -4.74839e-10
9.52058e-09 -5.24881e-09 1.27588e-09
2.57308e-09 6.19217e-09 -4.40405e-09
6.6218e-09 -3.11109e-09 3.648e-09
-1.29607e-09 -3.3357e-09 3.63985e-10
6.02032e-09 -6.06577e-09 8.34988e-10
0.0 0.0 -3.8832e-08
7.09414e-09 1.3417e-08 -1.92716e-08
-7.16224e-09 -9.50568e-10 -4.11607e-10
-3.88834e-09 -1.62039e-09 5.62073e-10
3.34511e-09 4.21782e-10 3.34637e-09
2.64255e-08 -7.9811e-09 5.86211e-09
-6.83985e-09 -4.99608e-12 4.42756e-10
-2.18726e-09 -3.516e-09 -1.58181e-09
-9.09704e-10 2.79637e-09 -4.88288e-09
-1.8303e-08 6.42603e-09 -5.76725e-10
2.84723e-09 -9.93346e-09 1.30139e-08
-9.12331e-09 5.72766e-09 2.06739e-09
-1.16572e-08 2.1374e-08 -2.88928e-08
1.94956e-09 6.40521e-10 -6.54105e-09
4.8213e-09 1.50948e-09 -4.61297e-10
-9.68127e-09 -4.21693e-09 -7.75895e-10
6.79016e-09 8.65671e-09 -1.2468e-09
-1.71599e-08 1.84698e-09 -2.58164e-09
4.00792e-08 4.08827e-08 5.08298e-09
-1.92262e-09 -5.98087e-10 -5.12602e-10
7.96555e-09 -2.05153e-09 -3.60676e-08
-1.0064e-09 -6.38484e-09 5.2325e-10
2.75977e-09 3.43539e-09 -2.23008e-09
-1.11005e-08 -1.0692e-08 2.5633e-09
2.53334e-09 2.88834e-09 -1.91669e-09
1.52686e-08 2.06074e-09 2.00328e-09
2.0079e-09 -5.65321e-09 -3.30601e-09
1.49698e-09 -3.47569e-09 -3.3378e-09
8.85296e-09 -1.47046e-09 6.07324e-09
1.77129e-09 -2.56231e-10 -8.34377e-09
4.6376e-09 -3.72676e-09 4.33952e-09
-1.44288e-09 4.82223e-09 -2.57705e-09
8.19596e-09 -1.2845e-09 -1.68521e-10
1.32531e-08 -5.06898e-09 2.42883e-10
-1.0592e-09 -1.7045e-10 1.97509e-09
-1.91404e-09 5.67279e-09 -6.60525e-09
-2.03635e-08 -4.78949e-09 -2.89306e-08
-6.48322e-10 6.52891e-09 -6.3426e-09
-2.30909e-09 1.02658e-09 -1.13827e-09
-2.13942e-09 1.38235e-08 -5.9998e-09
2.17393e-22 1.40621e-23 0.0
9.58701e-09 8.46066e-09 1.59225e-08
-3.24778e-09 3.35475e-09 -2.43797e-09
-2.07489e-09 6.34581e-09 -6.16454e-09
-7.81262e-11 1.86232e-08 -1.1665e-11
6.39493e-09 -2.88494e-09 3.0268e-09
1.97365e-10 1.67972e-10 6.73316e-10
5.87203e-09 -8.48929e-10 5.81756e-10
-3.8697e-09 -6.11339e-10 -3.86245e-10
9.18089e-10 -1.53803e-10 -3.86657e-09
-1.59018e-08 1.32538e-08 -1.46905e-08
3.13391e-09 1.37368e-09 -5.03666e-09
6.74163e-09 -3.89869e-09 1.0329e-09
-4.21836e-09 -9.29883e-09 1.02519e-08
4.51479e-09 -1.33684e-09 -3.38757e-08
4.64678e-09 7.59551e-10 -5.22966e-10
1.20456e-09 -1.05104e-09 9.96649e-10
-9.0494e-09 3.28819e-09 -1.92877e-09
-3.81776e-08 6.22701e-09 -2.00748e-08
3.49757e-09 -7.48944e-09 8.03405e-09
-4.82274e-09 4.85918e-10 5.07213e-09
-8.61559e-09 7.00693e-09 -8.36251e-09
1.92096e-09 -2.76984e-10 2.24859e-09
2.30746e-09 1.04159e-09 -5.32543e-10
2.21414e-08 -6.2425e-09 -5.55737e-11
-1.59946e-09 3.32725e-09 -1.31141e-09
-9.80834e-10 1.69836e-08 -6.48205e-09
-3.91727e-10 -4.56963e-09 3.37216e-09
1.45586e-08 -1.56712e-09 3.92139e-09
-1.36007e-08 4.48593e-09 -1.29549e-09
4.86015e-11 -1.21746e-09 7.71267e-10
2.85398e-08 1.05655e-08 2.44538e-09
-1.4315e-09 4.35103e-09 -7.40228e-10
-3.95334e-09 1.48482e-09 7.87348e-09
-3.05222e-09 -3.8902e-09 -6.38128e-09
-6.41873e-09 -3.68251e-09 2.3065e-09
-2.09831e-09 -2.05829e-09 1.6313e-09
-5.02085e-10 3.70249e-10 4.33498e-09
7.35259e-09 3.01766e-09 -1.77237e-09
-3.78545e-10 2.34473e-09 -1.97415e-09
1.00693e-09 8.49062e-09 2.17499e-09
1.43766e-08 1.11468e-09 -2.36808e-09
-9.82229e-10 -6.05943e-09 -2.184e-09
-1.11704e-08 -4.00549e-09 -5.65844e-10
-6.77067e-09 2.80299e-09 -4.56552e-09
6.50324e-09 -3.37323e-10 -2.83024e-10
-1.53659e-09 1.06559e-08 -7.53199e-09
6.11809e-09 5.44267e-09 -2.95351e-09
7.66157e-09 -5.25243e-09 3.67907e-09
2.80457e-09 1.56278e-10 -3.47156e-10
2.16916e-10 3.41572e-09 -2.62718e-09
1.22215e-09 -5.79689e-09 -5.508e-09
1.90396e-08 -8.42422e-09 -1.67532e-08
1.69522e-08 -2.86875e-09 1.41154e-09
2.22201e-09 2.62214e-09 5.76746e-09
2.09856e-09 -1.18919e-08 8.66691e-09
-1.79481e-09 2.34665e-09 -4.55751e-09
-3.05207e-10 4.38253e-10 2.67267e-09
-4.72943e-09 -7.41424e-09 5.56104e-09
2.95096e-09 4.58181e-09 -1.401e-09
2.49511e-09 6.37288e-09 -1.75233e-08
-7.96754e-09 4.05581e-09 2.76373e-10
-9.64146e-09 -3.73044e-09 -1.30327e-09
7.38798e-09 -3.58923e-09 -1.12406e-09
1.41398e-09 -2.1822e-09 2.18295e-09
3.09282e-09 -3.96292e-09 3.66935e-11
-5.15116e-10 5.72845e-09 9.56195e-10
-8.07146e-09 -9.07546e-09 5.68312e-09
-2.51063e-10 1.39493e-09 1.70416e-09
-3.50209e-09 1.93174e-09 -1.51712e-09
-4.58648e-09 1.98608e-10 1.88594e-09
1.20284e-11 -9.3238e-09 5.90594e-09
2.65112e-10 4.17559e-09 -2.77574e-09
5.54307e-09 -3.77433e-10 -3.12702e-09
-1.55632e-09 -1.84788e-09 1.2289e-09
4.45992e-09 -4.5941e-09 4.77386e-10
4.66049e-11 5.82879e-09 -4.19215e-09
1.4335e-08 -3.80899e-09 -1.6701e-08
-8.97405e-10 2.06655e-09 -5.63482e-10
2.20913e-09 -3.93677e-09 5.3265e-10
3.30415e-09 4.32431e-09 -4.00131e-09
6.99523e-09 2.00611e-09 -3.04361e-09
-5.30381e-09 -4.50886e-09 -1.66093e-10
-5.3472e-09 2.87635e-09 1.44109e-10
-4.21049e-09 2.29306e-09 -3.75768e-08
-2.26838e-09 -3.59062e-09 8.8372e-10
1.58972e-08 -3.82858e-09 1.44012e-09
9.0163e-09 2.58591e-09 -4.85841e-10
2.33732e-09 -4.06474e-09 3.52633e-09
-1.51698e-08 -1.11226e-08 1.98584e-08
-1.3668e-08 5.42722e-09 6.82623e-10
3.64351e-09 2.12831e-08 -3.04911e-08
3.58904e-09 8.18604e-09 5.30413e-10
-1.71659e-08 1.34124e-08 -1.50284e-08
9.6291e-09 -5.07189e-09 2.69667e-09
-3.26773e-09 -6.53669e-09 1.28458e-09
-1.01229e-09 -3.17758e-09 1.60759e-09
5.17782e-09 1.99428e-09 1.17462e-09
8.78479e-09 8.37093e-09 7.93179e-09
3.42781e-09 -9.82428e-10 -2.55885e-10
-2.81347e-09 -5.88148e-09 -4.96651e-10
3.00308e-09 -7.44243e-09 -1.1372e-09
-3.0614e-09 5.00493e-10 2.78964e-09
-1.24827e-09 7.21758e-10 -2.00118e-10
-5.65478e-10 2.48027e-09 2.8005e-09
1.97726e-09 -2.37575e-09 4.96929e-09
-4.05676e-10 4.56249e-09 2.46698e-09
6.42323e-09 -2.15164e-09 -5.59066e-09
2.08374e-09 2.90761e-09 -1.28781e-09
-9.41048e-09 -2.8436e-09 4.3675e-10
5.69475e-09 -6.97726e-09 7.03633e-09
-3.21787e-09 -2.01438e-09 3.28931e-10
7.72348e-09 -2.93762e-09 -3.56178e-10
1.66455e-09 -6.63576e-11 1.27392e-09
6.72038e-12 -7.45393e-11 2.59422e-11
-1.1195e-08 4.97387e-09 -1.97454e-08
6.65615e-09 -6.47992e-09 7.91994e-09
-2.779e-09 1.2278e-09 -2.17891e-09
5.54772e-10 1.58034e-09 5.05074e-10
-2.41954e-09 -1.87487e-09 7.56165e-10
4.14749e-09 -4.02145e-09 -3.15166e-09
-1.25268e-08 1.15185e-09 -8.29855e-09
1.75095e-09 -5.3701e-09 2.52459e-09
2.42378e-09 -9.21908e-09 -3.50102e-09
1.08753e-09 1.82329e-09 3.05105e-09
-9.15217e-09 3.81335e-09 -1.0221e-10
1.17576e-09 5.12709e-09 -5.78946e-09
-1.30926e-09 2.33112e-09 4.38792e-10
-2.09964e-08 1.60178e-08 1.43127e-09
-4.31091e-09 1.99859e-09 -1.2613e-09
-1.32745e-09 2.40874e-09 -1.64799e-09
2.97494e-10 -2.45788e-09 3.69144e-10
3.26865e-10 -1.71693e-08 5.24468e-09
-1.51665e-08 2.16167e-08 -1.23609e-08
-1.0096e-08 4.98149e-09 -1.4036e-08
-7.74086e-09 4.61552e-11 -4.62755e-09
-7.2065e-09 -5.05587e-09 2.65114e-09
-1.05164e-09 1.08828e-09 2.33722e-09
-7.34034e-09 -7.88574e-10 3.35387e-09
-3.24994e-09 3.20767e-10 1.80942e-10
-1.90641e-09 -2.99812e-09 8.96205e-10
-1.06089e-10 2.82379e-09 2.29497e-09
-4.75909e-09 -8.84291e-09 7.86263e-09
2.36974e-11 8.28447e-09 4.90984e-10
-3.90344e-09 8.98784e-09 -5.66578e-09
1.21758e-09 -1.19678e-08 8.13869e-09
-5.22787e-09 4.34974e-10 -6.11247e-10
1.15155e-08 7.92471e-09 -6.80694e-09
-1.67875e-09 1.38631e-09 -3.51256e-09
-8.09129e-09 -6.90894e-09 -1.0258e-08
