# vtk DataFile Version 3.0
LIGGGHTS particles timestep 16000000
ASCII
DATASET POLYDATA
POINTS 885 float
0.0806889 0.0155988 0.00869633
0.0865645 0.0160725 0.00855335
0.080816 0.0154653 0.00893301
0.0872198 0.016798 0.00766371
0.0815199 0.0176028 0.00733472
0.0802674 0.0168091 0.00798306
0.0875711 0.0163768 0.00785055
0.0858667 0.0153885 0.00896735
0.0874027 0.0190023 0.00709758
0.0924469 0.0174822 0.00729347
0.0926944 0.0185938 0.00703769
0.0926113 0.0170651 0.00754177
0.0879972 0.0190659 0.00708271
0.0876973 0.0190567 0.00708128
0.0923215 0.0169814 0.00759916
0.0812852 0.0171332 0.00780699
0.0871376 0.0160762 0.00813583
0.0865836 0.0180934 0.00742392
0.0925002 0.0177252 0.00712596
0.0923813 0.0172307 0.00744342
0.0870065 0.0166258 0.00799528
0.08671 0.0186751 0.00712341
0.0868107 0.0169134 0.00759864
0.0809445 0.0175168 0.0074361
0.0921396 0.0162284 0.00805724
0.0753122 0.0153136 0.00908357
0.0860614 0.0159702 0.00830899
0.0872882 0.0167613 0.00795347
0.08623 0.015647 0.00867522
0.0765315 0.0172343 0.00760189
0.0806926 0.0176433 0.00726185
0.0925468 0.0168169 0.00770951
0.0875498 0.0182285 0.00708263
0.0866806 0.0155877 0.00872023
0.0859315 0.015587 0.00875193
0.0927277 0.0175346 0.00720208
0.0922015 0.0164792 0.00790472
0.0922628 0.0167301 0.00775211
0.0867723 0.0164447 0.00778754
0.0863957 0.0163169 0.0081607
0.0880601 0.0177102 0.00730966
0.0928521 0.0181016 0.00705279
0.0874586 0.0177294 0.00729559
0.0761984 0.0154708 0.00888258
0.0807666 0.0167056 0.00798883
0.0879343 0.0171725 0.00754311
0.08734 0.0171828 0.0075126
0.0925652 0.0180116 0.00706466
0.086184 0.0163647 0.00784872
0.0861375 0.0163807 0.00829948
0.0875847 0.0187344 0.00702672
0.0882737 0.0179115 0.00719755
0.0868122 0.0171915 0.00748566
0.0926304 0.0183012 0.00702121
0.0869216 0.0184745 0.00719378
0.088004 0.0174439 0.00743586
0.0860782 0.0161873 0.00852109
0.0865896 0.0157773 0.00850621
0.0870795 0.0170414 0.00755853
0.0870204 0.0177714 0.00725908
0.0863519 0.0171434 0.00773649
0.0872855 0.0187308 0.00704759
0.0865781 0.0180756 0.00712451
0.0866216 0.0162616 0.00797122
0.0867732 0.0189669 0.00715208
0.08665 0.0183845 0.00701055
0.0881764 0.0181713 0.00707874
0.0876923 0.0168704 0.00765521
0.0859968 0.0157798 0.00853162
0.0878785 0.0187938 0.00703917
0.0871559 0.0164045 0.00813184
0.0871778 0.0156868 0.00858246
0.0927866 0.0178153 0.00711407
0.0869899 0.0187756 0.00707194
0.0751149 0.0191023 0.00727895
0.0869488 0.0159248 0.00831915
0.0876818 0.0179555 0.00721211
0.0803337 0.0170862 0.00788948
0.0871213 0.0184918 0.00697061
0.0868265 0.0179997 0.00727469
0.086992 0.0162798 0.00790819
0.088461 0.0186866 0.00705845
0.0876833 0.0161552 0.00801881
0.0808164 0.0179669 0.00711425
0.073612 0.0149813 0.0101436
0.0806851 0.0173728 0.00739138
0.0860148 0.0159937 0.00874124
0.0786301 0.0159322 0.0141669
0.0877056 0.0174138 0.00743485
0.0806501 0.0181232 0.0074754
0.0920783 0.0159866 0.00822379
0.0920153 0.0157566 0.00840588
0.0875856 0.0168366 0.00793355
0.0863003 0.0158368 0.00845384
0.0819787 0.0167031 0.00779677
0.0924867 0.0165643 0.00786319
0.0870814 0.0173193 0.00744564
0.0862424 0.0166154 0.00769465
0.0855426 0.0148006 0.0103607
0.0865271 0.0167097 0.00766893
0.0821235 0.01788 0.0075089
0.087421 0.0184747 0.00696969
0.08735 0.0162272 0.0079873
0.0734185 0.0148821 0.0110164
0.0868844 0.0157343 0.00854172
0.08616 0.0154709 0.00890776
0.0804917 0.0164931 0.00817131
0.0742245 0.0166372 0.00813347
0.0866229 0.0166503 0.00794693
0.0802013 0.016558 0.00813308
0.0866499 0.0162701 0.00831305
0.0825627 0.0177955 0.00730925
0.0885373 0.0180338 0.00712307
0.0865913 0.0169622 0.0078176
0.0857369 0.0150339 0.00943051
0.0803257 0.0160406 0.00855544
0.0866342 0.0159724 0.00827924
0.0873863 0.0179979 0.00718318
0.0880529 0.0166296 0.00776914
0.0883538 0.0176501 0.00732104
0.0863441 0.0160291 0.0082278
0.0860285 0.0151004 0.0093578
0.0815224 0.016541 0.00784523
0.0877544 0.0165995 0.00776812
0.0876358 0.0171425 0.00754209
0.0745096 0.0161954 0.00840757
0.0869514 0.0166703 0.00770377
0.0881779 0.0187858 0.00705543
0.0827542 0.0186746 0.00699891
0.0815585 0.0184882 0.00706162
0.0752496 0.0196867 0.00726119
0.0869753 0.0155448 0.00875574
0.0746031 0.0182216 0.00732218
0.0858204 0.0148968 0.00987359
0.0742229 0.0155815 0.00872889
0.0800663 0.0160545 0.00839842
0.0860972 0.0152646 0.00911634
0.0741532 0.0153694 0.0089293
0.0798808 0.0154497 0.00893647
0.0865051 0.0178006 0.00748695
0.0871173 0.0180707 0.00729422
0.0868408 0.0161123 0.0081114
0.0805325 0.0178677 0.00714364
0.0815755 0.0168084 0.00772011
0.0813314 0.0186748 0.00712753
0.0877205 0.0184684 0.00698617
0.0880137 0.0185275 0.00701112
0.0823276 0.0171498 0.0076045
0.0868813 0.0175231 0.00735389
0.0809777 0.0156398 0.00862572
0.0804568 0.017308 0.00771312
0.0919506 0.0156105 0.00865973
0.0873639 0.0179478 0.00747811
0.0744368 0.0153232 0.00901717
0.0829509 0.018449 0.00702013
0.0808252 0.0183306 0.00709041
0.0799848 0.0150121 0.00969319
0.0882998 0.0184373 0.00701551
0.0812134 0.0171779 0.00751915
0.0871731 0.0164867 0.00778825
0.0868081 0.0164417 0.00812458
0.088572 0.0183112 0.00701428
0.0746216 0.0166657 0.00805333
0.081225 0.0165653 0.00781437
0.0872423 0.0158773 0.0083599
0.0807357 0.0168426 0.00764949
0.0859641 0.0149724 0.00962132
0.085802 0.01519 0.00918274
0.0811148 0.0154765 0.0089564
0.0820422 0.0172313 0.00754693
0.0812781 0.0168329 0.00768919
0.0864683 0.0164363 0.00777751
0.0864567 0.0175545 0.00732226
0.0762681 0.0179974 0.00723787
0.0877575 0.0176883 0.00732554
0.086769 0.0153978 0.0089349
0.0811402 0.0163045 0.00793607
0.086946 0.0181969 0.00708276
0.0818373 0.0169463 0.00767072
0.0802574 0.0167079 0.00770094
0.0861272 0.016173 0.00807233
0.0750391 0.0153737 0.00897491
0.0816286 0.019067 0.0071964
0.0820289 0.0178994 0.00722488
0.0863012 0.0168888 0.00758608
0.0800108 0.0157631 0.00844303
0.080114 0.0161238 0.00810869
0.0803273 0.0155928 0.00870683
0.08075 0.0188744 0.0072289
0.0847452 0.0156451 0.0137735
0.0874398 0.0160206 0.00818544
0.0821788 0.0187874 0.00707845
0.0806436 0.0184149 0.00740561
0.0808055 0.0164156 0.00787103
0.0796855 0.0149928 0.00968733
0.0815197 0.0155546 0.00886482
0.0805941 0.0165997 0.00776423
0.0874573 0.0166321 0.0077417
0.0744009 0.0172979 0.00732679
0.0874286 0.0165233 0.0080702
0.0826364 0.0180627 0.00718558
0.0809743 0.0177634 0.00726786
0.0848145 0.0154887 0.0135271
0.0879908 0.0169005 0.00765623
0.0802796 0.0150541 0.0096556
0.0757703 0.0179838 0.00726461
0.0803897 0.0172658 0.00742377
0.0801977 0.0164494 0.0078498
0.0789057 0.0152904 0.0131952
0.0879806 0.017975 0.00719324
0.0807821 0.0164176 0.0081701
0.0812573 0.0157478 0.00846253
0.0806035 0.0170819 0.00752599
0.0818969 0.0188783 0.00712611
0.0802147 0.0149167 0.00991427
0.0870598 0.0190553 0.00715492
0.0796207 0.0148547 0.00994569
0.0785602 0.0161365 0.0143751
0.0802768 0.0159002 0.00822482
0.0824196 0.0184961 0.00698557
0.0828138 0.0176394 0.0073778
0.0811081 0.0180355 0.00710011
0.0784893 0.0163435 0.0145803
0.0809168 0.0172073 0.00748589
0.0824778 0.0187831 0.00705038
0.0818104 0.0156735 0.00867649
0.0804536 0.0175587 0.00743447
0.074357 0.0159468 0.00829704
0.0868961 0.0171543 0.00777126
0.0804123 0.0161228 0.00807624
0.0863696 0.0162811 0.00846141
0.0748337 0.0192061 0.00729207
0.0742178 0.0157758 0.00850044
0.0762455 0.015815 0.00836635
0.0800148 0.0159507 0.00867712
0.0822855 0.0176842 0.00734488
0.0798417 0.014738 0.0102071
0.0799641 0.0154547 0.00938788
0.08687 0.0168838 0.00789814
0.0804097 0.0162434 0.00835094
0.0862271 0.0166387 0.00799334
0.0686317 0.0173284 0.00744483
0.0797505 0.0151438 0.0094364
0.0805762 0.0159089 0.00820788
0.087208 0.0185338 0.00726024
0.0805161 0.0154745 0.0089077
0.0826665 0.0183401 0.00705417
0.0817304 0.0159387 0.00814858
0.0794126 0.0148794 0.0110152
0.0759186 0.0155265 0.00878995
0.0817823 0.0182928 0.0070199
0.0763288 0.0171109 0.00741824
0.0871653 0.0170513 0.00785459
0.0811454 0.0160447 0.0080858
0.0795687 0.0148577 0.0102411
0.0874013 0.0174557 0.00740432
0.0813063 0.0190052 0.00721044
0.0815199 0.0156913 0.00859777
0.0878803 0.018227 0.007065
0.0875003 0.0184661 0.00725888
0.0863931 0.017283 0.00743283
0.0744646 0.0175909 0.00733719
0.0810142 0.0169541 0.00761389
0.0740181 0.0151131 0.00945406
0.0679778 0.0156293 0.00852535
0.0816151 0.0187756 0.0071265
0.0814386 0.0162793 0.00796563
0.080595 0.0181591 0.00717773
0.0809761 0.015801 0.00837272
0.0814556 0.0179691 0.00715441
0.0789659 0.0152059 0.0129137
0.0811244 0.0183335 0.00706997
0.0809288 0.0185044 0.00732535
0.0812582 0.0156052 0.00872646
0.0798157 0.0152927 0.00918363
0.0806872 0.0157603 0.0084436
0.0864583 0.015461 0.00887679
0.0747991 0.0154652 0.00881994
0.0799632 0.0156043 0.00869296
0.0745283 0.0179058 0.00746055
0.0751834 0.0193942 0.00727001
0.0744814 0.0176554 0.00762967
0.0817915 0.0162048 0.00802424
0.080388 0.015761 0.00846607
0.0818106 0.0164751 0.00789553
0.0748914 0.0174138 0.00756016
0.0804904 0.0163559 0.00790455
0.0810403 0.0187345 0.00716841
0.0755096 0.0195375 0.00725007
0.0821362 0.016937 0.00769447
0.0747608 0.018915 0.00730122
0.0812733 0.01775 0.00724798
0.081236 0.0174808 0.00737502
0.0803224 0.0169816 0.00755608
0.067866 0.0154381 0.00909632
0.0814432 0.0160135 0.00810462
0.0684631 0.0163385 0.00799889
0.0874367 0.0170055 0.00773534
0.0807824 0.0153275 0.00919732
0.0817438 0.0172008 0.00754235
0.0872428 0.0182397 0.00707852
0.0866893 0.0177334 0.00725985
0.0684842 0.0176861 0.00736957
0.0805411 0.0178456 0.00744269
0.0814036 0.0182341 0.00702368
0.0746673 0.016064 0.00818873
0.0759945 0.0191449 0.00723152
0.0745034 0.0154843 0.008773
0.0769153 0.0180202 0.00720318
0.0758745 0.0173148 0.00756
0.0865511 0.0170486 0.00753315
0.0817819 0.0177403 0.00728545
0.0815143 0.015833 0.00833339
0.0821208 0.0184875 0.00701048
0.0681953 0.0155313 0.00870974
0.0762468 0.0163989 0.0078529
0.0681013 0.0161015 0.00817615
0.0798672 0.0156386 0.00916911
0.0766498 0.0160161 0.0081106
0.0746693 0.0151703 0.00932503
0.0814848 0.0173333 0.00746192
0.0799298 0.0157968 0.00892056
0.0813716 0.0176355 0.00759344
0.0819227 0.018389 0.0072707
0.0688812 0.0194178 0.00723127
0.0749697 0.0167018 0.00800181
0.0801999 0.0154476 0.00893628
0.0817507 0.0180231 0.0071475
0.0878682 0.0163442 0.00787699
0.0760959 0.0175243 0.00726285
0.0810087 0.0190257 0.00724234
0.0829362 0.018176 0.00714359
0.0866479 0.0174397 0.00752282
0.0736743 0.0150347 0.00985508
0.0820184 0.0175551 0.00738978
0.0750419 0.0188113 0.0072881
0.0683033 0.0157521 0.00843774
0.0752575 0.0176484 0.00757119
0.0733429 0.0148476 0.0113046
0.0760221 0.0181688 0.00724779
0.08035 0.0151914 0.00939835
0.082432 0.0168916 0.00771607
0.0741499 0.0162374 0.008294
0.07992 0.0148747 0.00995185
0.0686168 0.0170351 0.00750575
0.081746 0.017498 0.00750162
0.0788376 0.0154338 0.0134497
0.080865 0.0159519 0.00813843
0.0747801 0.0165346 0.00783486
0.0801199 0.0152987 0.00918404
0.0805434 0.0168724 0.0078777
0.0807018 0.0161716 0.00801136
0.0684751 0.0155637 0.00860645
0.0681632 0.0163454 0.00800259
0.0793011 0.0149822 0.0115793
0.0748745 0.0170619 0.00756966
0.0768438 0.0164932 0.0078041
0.0746753 0.0158222 0.00836607
0.0690123 0.0187009 0.00724264
0.0749695 0.0197933 0.0072742
0.0745888 0.0149851 0.00954691
0.0818038 0.0158097 0.0084093
0.0786985 0.0157415 0.0139456
0.0752825 0.0186325 0.00727874
0.0756522 0.0189705 0.00725281
0.0745699 0.0168919 0.00759016
0.0693735 0.015348 0.00921311
0.0737311 0.0150969 0.00956718
0.0682522 0.0167008 0.00775065
0.0753783 0.0171339 0.00763811
0.074788 0.0179525 0.00731759
0.068432 0.0174202 0.0072407
0.0764851 0.0155243 0.00881209
0.0754856 0.0172755 0.00729768
0.0747652 0.0169038 0.0079158
0.076437 0.015688 0.00856531
0.0753404 0.0155185 0.00886629
0.0821163 0.0181464 0.00737113
0.0818419 0.0185865 0.00705985
0.0698066 0.0172789 0.00764996
0.0737795 0.0151318 0.00927321
0.0801266 0.0163385 0.00832327
0.0751147 0.0168827 0.00755614
0.0761099 0.0175007 0.00756157
0.0743677 0.0151624 0.00926079
0.0683125 0.0169406 0.00758069
0.0740888 0.0152539 0.00919859
0.0787665 0.0153041 0.0137865
0.0749657 0.0161548 0.0081053
0.0794809 0.0150211 0.0107597
0.0810646 0.0173848 0.00767731
0.0759473 0.0164129 0.00784418
0.0747302 0.0176849 0.00744007
0.0687419 0.0188306 0.00723031
0.0755804 0.0178223 0.00743153
0.0686764 0.0185378 0.00723164
0.0700086 0.0157052 0.00853085
0.0764143 0.0183496 0.00722373
0.0749138 0.0164697 0.00818338
0.0687 0.0171582 0.0077664
0.0758089 0.0195503 0.00723398
0.0759813 0.0166897 0.00766381
0.0752462 0.0151522 0.00932766
0.0800505 0.0151494 0.00943472
0.0823953 0.0182219 0.00710482
0.0729981 0.0151367 0.012756
0.0690802 0.0189931 0.0072419
0.0769811 0.0177276 0.00720501
0.0745531 0.0164356 0.00823329
0.0682235 0.0166366 0.00804226
0.082898 0.0179028 0.00726148
0.0746898 0.0186155 0.00731043
0.0806895 0.0185876 0.00716469
0.0765274 0.0164897 0.00779828
0.0753281 0.0156347 0.00858996
0.0755549 0.0160644 0.00812748
0.0749382 0.017223 0.00732239
0.0855998 0.0148745 0.0100756
0.0734815 0.0149018 0.0107237
0.0738447 0.015293 0.00902877
0.0761706 0.016891 0.00754704
0.0731353 0.0150173 0.0122164
0.0731072 0.0147427 0.0123339
0.0758444 0.0176153 0.00739884
0.0795491 0.0150516 0.0104692
0.0754119 0.0168435 0.00756589
0.0766325 0.0172809 0.0073233
0.0692364 0.0185019 0.00725407
0.0758508 0.0161339 0.00805609
0.0687656 0.0156325 0.00863494
0.0757577 0.0158799 0.00824928
0.0787679 0.0155902 0.0136961
0.074515 0.0166606 0.00777296
0.0749087 0.0182271 0.00731342
0.0764536 0.0162121 0.00796395
0.0739392 0.0158158 0.00887138
0.0684009 0.0169547 0.00786702
0.0688169 0.0178246 0.00728179
0.0761508 0.0172132 0.00763693
0.0763472 0.0159802 0.00813505
0.0769384 0.0172108 0.00737331
0.0750591 0.0156995 0.00847417
0.0739616 0.0149693 0.00971117
0.081482 0.0170629 0.00759174
0.0749805 0.0185179 0.00729669
0.0809453 0.0166547 0.00775334
0.0825518 0.0175101 0.00744578
0.0702621 0.0163241 0.00804413
0.0756448 0.0170411 0.00775314
0.0744553 0.0164258 0.00794985
0.0759446 0.0170429 0.00777283
0.0766662 0.018187 0.00721335
0.0706081 0.0171818 0.00736445
0.0761493 0.0156364 0.00863282
0.0767555 0.0162468 0.00795061
0.0742245 0.0165821 0.00783859
0.0748373 0.0167728 0.00765569
0.0688242 0.0168852 0.00789814
0.0752322 0.0174358 0.00730415
0.0757041 0.0167845 0.00759958
0.0747331 0.015304 0.0090642
0.0822692 0.0174135 0.00747397
0.06881 0.0191227 0.00722908
0.0759591 0.015759 0.00843578
0.0755731 0.017562 0.0072826
0.0757285 0.0156484 0.00859248
0.0745466 0.0173522 0.00758333
0.075327 0.0177349 0.00729249
0.0624987 0.0177221 0.00723299
0.0754239 0.0192152 0.00726046
0.0756013 0.0170488 0.00745641
0.0758539 0.0185619 0.00724956
0.0754454 0.0168658 0.0078928
0.0760171 0.0178136 0.00725451
0.0749023 0.0194981 0.00728312
0.0756224 0.0162977 0.0079513
0.0697549 0.017293 0.00729253
0.0826105 0.0172385 0.00755908
0.0763139 0.0177174 0.00733515
0.0694658 0.0164991 0.0078824
0.0687141 0.0175378 0.00724645
0.0704932 0.0164771 0.00792928
0.0680396 0.0158649 0.00835
0.0762775 0.0166522 0.00769388
0.0749731 0.0152126 0.0092192
0.0686121 0.0182448 0.00723316
0.0707075 0.0177679 0.00733272
0.0760577 0.0172359 0.00733598
0.0820615 0.0182021 0.00708149
0.0761459 0.016166 0.00801276
0.0743391 0.0170431 0.00747236
0.0739707 0.0156191 0.00856614
0.0631546 0.0193167 0.00728877
0.0691839 0.0164819 0.00819685
0.0743581 0.0171786 0.00773932
0.0765622 0.017578 0.00722992
0.0753565 0.018923 0.00726934
0.0740046 0.0159552 0.00861393
0.0754753 0.0180582 0.00727876
0.0746299 0.0171215 0.00740668
0.0750848 0.0179116 0.00730211
0.0756813 0.0165328 0.00777441
0.0696115 0.0178023 0.00727811
0.0739082 0.0155188 0.00884187
0.0694383 0.0156759 0.00854645
0.0619402 0.0156167 0.00873334
0.0741648 0.016347 0.00801511
0.0760839 0.0194311 0.00722158
0.0699336 0.0159309 0.00834792
0.0744645 0.0169361 0.00788028
0.0686404 0.0158979 0.00833211
0.0747213 0.0163068 0.00802094
0.0742818 0.0168165 0.00766042
0.0685475 0.0179508 0.00724339
0.0689468 0.0184081 0.00724397
0.0706384 0.0180055 0.00750229
0.0743989 0.0161843 0.00811867
0.0755783 0.0186797 0.00726202
0.0698828 0.0189728 0.00729592
0.0730605 0.0149846 0.012505
0.0735479 0.0149378 0.0104334
0.0566731 0.0185353 0.00730577
0.0746543 0.0171348 0.00775983
0.0730436 0.0147127 0.0126306
0.0742925 0.0150022 0.00950305
0.0678106 0.0153582 0.00938008
0.0823243 0.0179538 0.00721924
0.0760438 0.0159419 0.00818406
0.0769319 0.0168588 0.00758562
0.0755253 0.015763 0.00840387
0.0804842 0.0153216 0.00916381
0.0757195 0.0192641 0.00724392
0.0763514 0.0173673 0.00726406
0.0691711 0.0182091 0.00725542
0.0753918 0.0166075 0.00774993
0.0750939 0.0166399 0.00773586
0.0707963 0.0163737 0.00802185
0.0740579 0.015953 0.00831873
0.0702669 0.0167946 0.0076679
0.0696644 0.0163246 0.00802422
0.070485 0.0157714 0.00849342
0.069945 0.0175305 0.00756309
0.068873 0.0168891 0.00760219
0.0747835 0.0156278 0.00856838
0.0682645 0.0162209 0.00841285
0.0767167 0.0170353 0.00747365
0.0686392 0.0161398 0.00813859
0.0635637 0.019999 0.00730919
0.0693741 0.0190864 0.00726226
0.0704812 0.0160148 0.00829867
0.0699674 0.016778 0.00767144
0.075075 0.0155369 0.00872572
0.0742574 0.016097 0.00853684
0.0744879 0.015647 0.00852146
0.0699055 0.0181538 0.0074647
0.0708987 0.0179989 0.00733924
0.0761323 0.0184509 0.00723683
0.0753323 0.0163675 0.00791982
0.0697597 0.0165482 0.00784844
0.0690364 0.0162343 0.00807992
0.0687625 0.0163596 0.00797587
0.0700192 0.0171733 0.00736906
0.0565531 0.0179899 0.00731676
0.0764703 0.0168861 0.00755755
0.0752888 0.0158939 0.00827391
0.0749711 0.0159128 0.00828247
0.074699 0.0174039 0.00733018
0.0688823 0.0181151 0.00724534
0.0706862 0.0174687 0.00732466
0.0732715 0.0148168 0.0115944
0.062758 0.0188925 0.00728533
0.0626252 0.0183081 0.00725592
0.0629003 0.0194749 0.0073065
0.0752649 0.0161343 0.00809604
0.0750339 0.0163979 0.00791801
0.0696213 0.0196189 0.00728292
0.0634465 0.0194102 0.0072828
0.0688975 0.0160225 0.00824078
0.076542 0.0158466 0.00833335
0.0645087 0.0168395 0.00774307
0.0707275 0.0182452 0.00734552
0.0684866 0.0159371 0.00858668
0.0743999 0.01491 0.00976754
0.0758934 0.0169858 0.00748281
0.0623153 0.0169556 0.00760062
0.0706616 0.0189067 0.00734824
0.0693922 0.0180067 0.00726699
0.0670906 0.015048 0.0123654
0.0688503 0.0154046 0.00908594
0.0692189 0.0158266 0.00840802
0.0683647 0.0153401 0.00941014
0.0768542 0.0174563 0.00722296
0.0764568 0.0175142 0.00750343
0.0635448 0.0175429 0.00719783
0.0672786 0.0149567 0.0116235
0.0629681 0.0197668 0.0073204
0.0757796 0.017331 0.00727586
0.0697135 0.0157683 0.00847079
0.0757448 0.0182826 0.00726041
0.0685782 0.0167967 0.00768369
0.0754677 0.0183966 0.00727302
0.0704077 0.0175802 0.00732131
0.070182 0.0189659 0.00731615
0.0697255 0.0160962 0.00820887
0.0755849 0.0174152 0.00754391
0.068571 0.0161775 0.0084283
0.0698975 0.0178923 0.007289
0.0684469 0.0172931 0.00767848
0.0694525 0.0172086 0.00736033
0.0611861 0.0149748 0.0119859
0.0759278 0.0188525 0.00724036
0.0708699 0.017066 0.00746018
0.0695948 0.0188838 0.00727575
0.0618358 0.0155526 0.00927798
0.056745 0.0188265 0.00730127
0.0683477 0.0164579 0.00824874
0.0699192 0.0154802 0.00870795
0.0697419 0.0178559 0.00754292
0.070947 0.0173204 0.00732115
0.0632224 0.0196087 0.0073015
0.0697457 0.0183889 0.00728236
0.068879 0.0171796 0.00752662
0.0681696 0.0159956 0.00858666
0.0701683 0.0165718 0.00784289
0.0700934 0.0174584 0.00731253
0.0686305 0.0155396 0.00888616
0.0672467 0.0146712 0.01171
0.0765428 0.0178774 0.00722551
0.0632795 0.0199029 0.00731474
0.0698152 0.0186806 0.0072892
0.0691281 0.016457 0.00790098
0.0625192 0.0175816 0.00749727
0.0697662 0.0170449 0.00746634
0.0622314 0.0166281 0.00784078
0.0691509 0.0171629 0.00740089
0.0752234 0.0171433 0.00737087
0.0692171 0.019577 0.00725521
0.0686417 0.0153573 0.00929628
0.0696451 0.0170552 0.0077679
0.0705423 0.0162451 0.00811643
0.0690389 0.017624 0.00726077
0.0695394 0.0175013 0.00727929
0.0683829 0.0160139 0.00823088
0.0703283 0.0184623 0.00732239
0.0694846 0.0169641 0.00753121
0.0681 0.0153861 0.00927668
0.0702343 0.0176097 0.00756434
0.0634308 0.0170679 0.00754629
0.0688292 0.0163429 0.00826787
0.0673357 0.0148404 0.0113529
0.0684294 0.0154244 0.00907663
0.0636037 0.0158351 0.00846092
0.0692138 0.0168757 0.00792095
0.0693257 0.0177116 0.00726811
0.067189 0.0145884 0.0119925
0.0676102 0.0151084 0.0102211
0.0696675 0.0167721 0.00767137
0.0689485 0.0154724 0.00881072
0.0689403 0.0173415 0.00728158
0.0702269 0.0158866 0.00839288
0.0679008 0.01573 0.00902239
0.0690624 0.0166968 0.00773309
0.0671992 0.0149356 0.011912
0.0702294 0.0179184 0.00754494
0.0692362 0.0160607 0.00822135
0.0568845 0.01941 0.00729234
0.0693733 0.0167219 0.00770415
0.0694933 0.0159442 0.00832286
0.0624343 0.0174298 0.00725286
0.0634578 0.0183345 0.00722619
0.0633537 0.0159662 0.00835934
0.0692711 0.0198721 0.00726103
0.0695252 0.0185917 0.0072689
0.0752054 0.0181885 0.00729069
0.0766855 0.0167096 0.00766948
0.0751041 0.0171086 0.00775705
0.0692946 0.0171269 0.00777812
0.0691495 0.0192848 0.0072485
0.0691062 0.0179163 0.00726411
0.0751842 0.0173583 0.00759388
0.0681491 0.0155034 0.00900484
0.0636804 0.0181344 0.00720748
0.0684949 0.0166248 0.00791504
0.0690033 0.0200063 0.00724386
0.0698253 0.0175918 0.0072893
0.0624126 0.0173619 0.0076715
0.0630252 0.020061 0.00733246
0.0704348 0.0181819 0.00732756
0.0708116 0.0166079 0.00783501
0.0696197 0.015487 0.00869267
0.0642176 0.0168938 0.00769535
0.0633274 0.0177493 0.00720789
0.0677475 0.0152752 0.00966137
0.0630056 0.0165225 0.00793886
0.0674021 0.014862 0.0110612
0.069918 0.0163184 0.0082685
0.0702573 0.0170287 0.00748059
0.0696624 0.019176 0.00728247
0.0627352 0.0155428 0.0086929
0.0709683 0.0176196 0.0073292
0.0703254 0.0172683 0.00731344
0.05672 0.018239 0.00730754
0.0693635 0.017562 0.00752537
0.063774 0.0163002 0.00812307
0.0705359 0.0169463 0.00755534
0.0695401 0.0154143 0.00897259
0.0706143 0.0185507 0.00734242
0.0625484 0.0168049 0.0077181
0.0683722 0.0171804 0.00741069
0.0694575 0.0182995 0.00726555
0.0705195 0.0177206 0.00756169
0.0617677 0.0152518 0.0094968
0.0680446 0.0153037 0.00955975
0.0675414 0.0150261 0.0105012
0.0750207 0.0176314 0.00738779
0.0676787 0.0151914 0.00994104
0.069179 0.0154142 0.0089938
0.0571043 0.0191996 0.00728924
0.0689955 0.0171087 0.00779385
0.0679133 0.0155175 0.00881099
0.0626815 0.01648 0.00796188
0.0629429 0.0184412 0.00725092
0.0698389 0.0153896 0.00898244
0.0633055 0.0166015 0.00790201
0.0634513 0.0161983 0.00819013
0.0636013 0.018918 0.00725133
0.0693227 0.0154759 0.00873781
0.069105 0.015608 0.00857914
0.0616359 0.0151757 0.0100761
0.0699757 0.0163892 0.00798274
0.0696503 0.0175558 0.00761312
0.0687752 0.0166046 0.00780332
0.0647563 0.0178273 0.00715139
0.0674724 0.0149437 0.0107813
0.0638516 0.0176695 0.00724868
0.0635314 0.0164391 0.00801411
0.0639205 0.0179555 0.00718959
0.0692526 0.0174139 0.0072718
0.0636576 0.0169129 0.00766683
0.062068 0.0160366 0.00831951
0.0632616 0.01746 0.00725187
0.0694419 0.0193789 0.007269
0.0630698 0.0173029 0.00769059
0.0690791 0.0153454 0.00927067
0.0639688 0.019206 0.0072527
0.0640691 0.0163868 0.00806664
0.0704302 0.017882 0.00732505
0.0627614 0.0158305 0.00846142
0.0629061 0.0162937 0.00810551
0.0690782 0.0174698 0.00751506
0.0641513 0.0177639 0.00718682
0.0644013 0.0175984 0.00717883
0.0628516 0.0169264 0.00768523
0.0631372 0.0161304 0.00823228
0.0637156 0.0171503 0.00749265
0.062288 0.0158739 0.0084424
0.0704003 0.0187606 0.00732945
0.0689221 0.015805 0.00844588
0.0701279 0.0161124 0.00820903
0.0630351 0.0176516 0.00720633
0.0613479 0.0149937 0.0113935
0.0679835 0.015827 0.00875086
0.0633788 0.0191183 0.00727007
0.0632364 0.018536 0.00724495
0.0566442 0.0170453 0.00754335
0.0557747 0.0154235 0.00948864
0.0701143 0.0186721 0.00730942
0.064065 0.0172443 0.00744772
0.0700441 0.0183647 0.00730241
0.062832 0.0191831 0.00729379
0.0701516 0.0180847 0.00730765
0.0705437 0.0167088 0.00774558
0.0693561 0.0162773 0.00805199
0.0637436 0.0184274 0.00722041
0.0708016 0.0168412 0.00764668
0.0689494 0.0197113 0.00723804
0.0630804 0.0203556 0.0073458
0.0708759 0.0186968 0.00735788
0.0623873 0.0164239 0.00799583
0.0625134 0.0160243 0.00831367
0.0631685 0.018244 0.00723738
0.0555171 0.0146748 0.0103899
0.0635951 0.016676 0.00784045
0.0640818 0.0174776 0.00725995
0.0637912 0.0197992 0.00729029
0.0628652 0.0174835 0.00756588
0.0644636 0.0178916 0.00716564
0.0630996 0.0179461 0.00721923
0.0671431 0.0148167 0.0121817
0.0632388 0.0178621 0.00747136
0.0629745 0.0173749 0.0073074
0.0626059 0.0170423 0.00754394
0.0636123 0.0178425 0.0071955
0.0628777 0.018147 0.00723798
0.0618976 0.0157179 0.00903538
0.063772 0.0173883 0.00731807
0.0636993 0.0160657 0.00829462
0.0638227 0.0187165 0.00723256
0.0630841 0.0167829 0.00781229
0.0624877 0.0167066 0.00799498
0.0626707 0.0172843 0.00736659
0.0635045 0.0177063 0.00744615
0.0643423 0.0173612 0.00735278
0.0638995 0.0167733 0.0077763
0.0649648 0.0174463 0.00730587
0.06278 0.016761 0.00792507
0.0646167 0.0170658 0.00757842
0.0622252 0.0156599 0.00864596
0.0629278 0.0177677 0.00748898
0.0633685 0.0168312 0.00771976
0.0628142 0.017854 0.00722504
0.063837 0.0165407 0.00795507
0.0637317 0.019503 0.00727703
0.0622463 0.0162093 0.00815098
0.0641597 0.0166565 0.00786945
0.0640461 0.0189167 0.00723471
0.0646335 0.0173068 0.00740056
0.0557101 0.0152338 0.00971186
0.0633108 0.0188264 0.00725735
0.0562589 0.0167583 0.00791477
0.0696782 0.0180966 0.00727747
0.0633347 0.0201975 0.00732808
0.0621599 0.0153334 0.00895227
0.0623743 0.0171928 0.00742668
0.063669 0.0192099 0.00726406
0.0556457 0.0150441 0.00993508
0.0695069 0.0172907 0.00764368
0.0630857 0.0190239 0.00727604
0.0645434 0.0181805 0.00717776
0.0562169 0.0156933 0.00913014
0.0618756 0.0154288 0.00895813
0.0566494 0.0172444 0.00731905
0.0622959 0.0169155 0.00789729
0.0626895 0.0186009 0.00726868
0.0568157 0.019118 0.00729678
0.0629118 0.017141 0.00748449
0.0643253 0.0171202 0.00753063
0.0646925 0.017544 0.00722661
0.0642663 0.0191701 0.00723975
0.0644509 0.0165991 0.00791308
0.0635681 0.0179995 0.00745072
0.0650203 0.017686 0.00713418
0.0691907 0.0169191 0.00757091
0.0618105 0.015264 0.00920013
0.0621688 0.0156329 0.00893936
0.063984 0.0182488 0.00720214
0.0640632 0.0185381 0.0072143
0.0639574 0.0170107 0.0076022
0.0625942 0.0162483 0.0081311
0.0503625 0.0171377 0.00743938
0.0561989 0.0165677 0.00813848
0.0635067 0.0197041 0.0072959
0.0701612 0.0177505 0.00730588
0.0693043 0.0187942 0.00725538
0.055845 0.015612 0.00926614
0.0632322 0.0163604 0.00806475
0.0625619 0.0180152 0.00724397
0.0565844 0.0168546 0.0077671
0.0634887 0.0173053 0.00737219
0.0630114 0.0187335 0.00726363
0.0555813 0.0148548 0.0101587
0.0632038 0.0172279 0.00743292
0.0633896 0.0180427 0.00721348
0.0564894 0.0176968 0.0073182
0.063047 0.0158993 0.00840094
0.0628078 0.0160647 0.00827243
0.0563596 0.0171302 0.00745523
0.0625133 0.0157089 0.00857825
0.0564256 0.0174199 0.00741452
0.0629832 0.0156629 0.00857421
0.0642989 0.0183534 0.00719589
0.0563109 0.0169515 0.00769123
0.0640315 0.0194994 0.00726569
0.0649058 0.0172091 0.00747983
0.0617032 0.0152308 0.00978903
0.0627485 0.0175721 0.00730411
0.0642141 0.0180572 0.00718357
0.0631416 0.0169861 0.00759932
0.062004 0.0158214 0.00852357
0.0640061 0.0161473 0.00823595
0.0627413 0.0172518 0.00771062
0.0565326 0.0166624 0.00799159
0.0639313 0.0159093 0.00840264
0.0624396 0.0154931 0.00877316
0.0631518 0.0175692 0.00750881

VERTICES 885 1770
1 0
1 1
1 2
1 3
1 4
1 5
1 6
1 7
1 8
1 9
1 10
1 11
1 12
1 13
1 14
1 15
1 16
1 17
1 18
1 19
1 20
1 21
1 22
1 23
1 24
1 25
1 26
1 27
1 28
1 29
1 30
1 31
1 32
1 33
1 34
1 35
1 36
1 37
1 38
1 39
1 40
1 41
1 42
1 43
1 44
1 45
1 46
1 47
1 48
1 49
1 50
1 51
1 52
1 53
1 54
1 55
1 56
1 57
1 58
1 59
1 60
1 61
1 62
1 63
1 64
1 65
1 66
1 67
1 68
1 69
1 70
1 71
1 72
1 73
1 74
1 75
1 76
1 77
1 78
1 79
1 80
1 81
1 82
1 83
1 84
1 85
1 86
1 87
1 88
1 89
1 90
1 91
1 92
1 93
1 94
1 95
1 96
1 97
1 98
1 99
1 100
1 101
1 102
1 103
1 104
1 105
1 106
1 107
1 108
1 109
1 110
1 111
1 112
1 113
1 114
1 115
1 116
1 117
1 118
1 119
1 120
1 121
1 122
1 123
1 124
1 125
1 126
1 127
1 128
1 129
1 130
1 131
1 132
1 133
1 134
1 135
1 136
1 137
1 138
1 139
1 140
1 141
1 142
1 143
1 144
1 145
1 146
1 147
1 148
1 149
1 150
1 151
1 152
1 153
1 154
1 155
1 156
1 157
1 158
1 159
1 160
1 161
1 162
1 163
1 164
1 165
1 166
1 167
1 168
1 169
1 170
1 171
1 172
1 173
1 174
1 175
1 176
1 177
1 178
1 179
1 180
1 181
1 182
1 183
1 184
1 185
1 186
1 187
1 188
1 189
1 190
1 191
1 192
1 193
1 194
1 195
1 196
1 197
1 198
1 199
1 200
1 201
1 202
1 203
1 204
1 205
1 206
1 207
1 208
1 209
1 210
1 211
1 212
1 213
1 214
1 215
1 216
1 217
1 218
1 219
1 220
1 221
1 222
1 223
1 224
1 225
1 226
1 227
1 228
1 229
1 230
1 231
1 232
1 233
1 234
1 235
1 236
1 237
1 238
1 239
1 240
1 241
1 242
1 243
1 244
1 245
1 246
1 247
1 248
1 249
1 250
1 251
1 252
1 253
1 254
1 255
1 256
1 257
1 258
1 259
1 260
1 261
1 262
1 263
1 264
1 265
1 266
1 267
1 268
1 269
1 270
1 271
1 272
1 273
1 274
1 275
1 276
1 277
1 278
1 279
1 280
1 281
1 282
1 283
1 284
1 285
1 286
1 287
1 288
1 289
1 290
1 291
1 292
1 293
1 294
1 295
1 296
1 297
1 298
1 299
1 300
1 301
1 302
1 303
1 304
1 305
1 306
1 307
1 308
1 309
1 310
1 311
1 312
1 313
1 314
1 315
1 316
1 317
1 318
1 319
1 320
1 321
1 322
1 323
1 324
1 325
1 326
1 327
1 328
1 329
1 330
1 331
1 332
1 333
1 334
1 335
1 336
1 337
1 338
1 339
1 340
1 341
1 342
1 343
1 344
1 345
1 346
1 347
1 348
1 349
1 350
1 351
1 352
1 353
1 354
1 355
1 356
1 357
1 358
1 359
1 360
1 361
1 362
1 363
1 364
1 365
1 366
1 367
1 368
1 369
1 370
1 371
1 372
1 373
1 374
1 375
1 376
1 377
1 378
1 379
1 380
1 381
1 382
1 383
1 384
1 385
1 386
1 387
1 388
1 389
1 390
1 391
1 392
1 393
1 394
1 395
1 396
1 397
1 398
1 399
1 400
1 401
1 402
1 403
1 404
1 405
1 406
1 407
1 408
1 409
1 410
1 411
1 412
1 413
1 414
1 415
1 416
1 417
1 418
1 419
1 420
1 421
1 422
1 423
1 424
1 425
1 426
1 427
1 428
1 429
1 430
1 431
1 432
1 433
1 434
1 435
1 436
1 437
1 438
1 439
1 440
1 441
1 442
1 443
1 444
1 445
1 446
1 447
1 448
1 449
1 450
1 451
1 452
1 453
1 454
1 455
1 456
1 457
1 458
1 459
1 460
1 461
1 462
1 463
1 464
1 465
1 466
1 467
1 468
1 469
1 470
1 471
1 472
1 473
1 474
1 475
1 476
1 477
1 478
1 479
1 480
1 481
1 482
1 483
1 484
1 485
1 486
1 487
1 488
1 489
1 490
1 491
1 492
1 493
1 494
1 495
1 496
1 497
1 498
1 499
1 500
1 501
1 502
1 503
1 504
1 505
1 506
1 507
1 508
1 509
1 510
1 511
1 512
1 513
1 514
1 515
1 516
1 517
1 518
1 519
1 520
1 521
1 522
1 523
1 524
1 525
1 526
1 527
1 528
1 529
1 530
1 531
1 532
1 533
1 534
1 535
1 536
1 537
1 538
1 539
1 540
1 541
1 542
1 543
1 544
1 545
1 546
1 547
1 548
1 549
1 550
1 551
1 552
1 553
1 554
1 555
1 556
1 557
1 558
1 559
1 560
1 561
1 562
1 563
1 564
1 565
1 566
1 567
1 568
1 569
1 570
1 571
1 572
1 573
1 574
1 575
1 576
1 577
1 578
1 579
1 580
1 581
1 582
1 583
1 584
1 585
1 586
1 587
1 588
1 589
1 590
1 591
1 592
1 593
1 594
1 595
1 596
1 597
1 598
1 599
1 600
1 601
1 602
1 603
1 604
1 605
1 606
1 607
1 608
1 609
1 610
1 611
1 612
1 613
1 614
1 615
1 616
1 617
1 618
1 619
1 620
1 621
1 622
1 623
1 624
1 625
1 626
1 627
1 628
1 629
1 630
1 631
1 632
1 633
1 634
1 635
1 636
1 637
1 638
1 639
1 640
1 641
1 642
1 643
1 644
1 645
1 646
1 647
1 648
1 649
1 650
1 651
1 652
1 653
1 654
1 655
1 656
1 657
1 658
1 659
1 660
1 661
1 662
1 663
1 664
1 665
1 666
1 667
1 668
1 669
1 670
1 671
1 672
1 673
1 674
1 675
1 676
1 677
1 678
1 679
1 680
1 681
1 682
1 683
1 684
1 685
1 686
1 687
1 688
1 689
1 690
1 691
1 692
1 693
1 694
1 695
1 696
1 697
1 698
1 699
1 700
1 701
1 702
1 703
1 704
1 705
1 706
1 707
1 708
1 709
1 710
1 711
1 712
1 713
1 714
1 715
1 716
1 717
1 718
1 719
1 720
1 721
1 722
1 723
1 724
1 725
1 726
1 727
1 728
1 729
1 730
1 731
1 732
1 733
1 734
1 735
1 736
1 737
1 738
1 739
1 740
1 741
1 742
1 743
1 744
1 745
1 746
1 747
1 748
1 749
1 750
1 751
1 752
1 753
1 754
1 755
1 756
1 757
1 758
1 759
1 760
1 761
1 762
1 763
1 764
1 765
1 766
1 767
1 768
1 769
1 770
1 771
1 772
1 773
1 774
1 775
1 776
1 777
1 778
1 779
1 780
1 781
1 782
1 783
1 784
1 785
1 786
1 787
1 788
1 789
1 790
1 791
1 792
1 793
1 794
1 795
1 796
1 797
1 798
1 799
1 800
1 801
1 802
1 803
1 804
1 805
1 806
1 807
1 808
1 809
1 810
1 811
1 812
1 813
1 814
1 815
1 816
1 817
1 818
1 819
1 820
1 821
1 822
1 823
1 824
1 825
1 826
1 827
1 828
1 829
1 830
1 831
1 832
1 833
1 834
1 835
1 836
1 837
1 838
1 839
1 840
1 841
1 842
1 843
1 844
1 845
1 846
1 847
1 848
1 849
1 850
1 851
1 852
1 853
1 854
1 855
1 856
1 857
1 858
1 859
1 860
1 861
1 862
1 863
1 864
1 865
1 866
1 867
1 868
1 869
1 870
1 871
1 872
1 873
1 874
1 875
1 876
1 877
1 878
1 879
1 880
1 881
1 882
1 883
1 884

POINT_DATA 885
SCALARS id int 1
LOOKUP_TABLE default
1
2
3
4
5
6
7
8
9
10
11
12
13
14
15
16
17
18
19
20
21
22
23
24
25
26
27
28
29
30
31
32
33
34
35
36
37
39
40
41
42
43
44
45
46
47
48
49
50
51
52
53
54
56
57
58
59
60
61
62
63
64
65
67
68
69
70
71
72
73
74
75
76
77
78
79
80
81
82
83
84
85
86
87
88
89
90
91
92
93
94
95
96
97
98
99
100
101
102
103
104
105
106
107
108
109
110
111
112
113
114
115
116
117
118
119
120
121
122
123
124
125
126
127
129
130
131
132
133
134
135
136
137
138
139
140
141
142
143
144
145
146
147
148
149
150
151
153
154
155
156
157
158
159
160
161
162
163
164
165
166
167
168
169
170
171
172
173
174
175
176
177
178
179
180
181
182
183
184
185
186
187
188
189
190
191
192
193
194
195
196
197
198
199
200
201
202
203
204
205
206
207
208
209
210
211
212
213
214
215
217
218
219
220
221
222
223
224
225
226
227
228
229
230
231
232
233
234
235
236
237
238
239
240
241
242
243
244
245
246
247
248
249
250
251
252
253
254
255
256
257
258
259
260
261
262
263
264
265
266
267
268
269
270
271
273
274
275
276
277
278
279
280
281
282
283
284
285
286
287
288
289
290
291
292
293
294
295
296
297
298
299
300
301
302
303
304
305
306
307
308
309
310
311
312
313
314
315
316
317
318
319
320
321
322
323
324
325
326
327
328
329
330
331
332
333
334
335
336
337
338
339
340
341
342
343
344
345
346
347
348
349
350
351
352
353
354
355
356
357
358
359
360
361
362
363
364
365
366
367
368
369
370
371
372
373
374
375
376
377
378
379
380
381
382
383
384
385
386
387
388
389
390
391
392
393
394
395
396
397
398
399
400
401
402
403
404
405
406
407
408
409
410
411
412
413
414
415
416
417
418
419
420
421
422
423
424
425
426
427
428
429
430
431
432
433
434
435
436
437
438
439
440
441
442
443
444
445
446
447
448
449
450
451
452
453
454
455
456
457
458
459
460
461
462
463
464
465
466
467
468
469
470
471
472
473
474
475
476
477
478
479
480
481
482
483
484
485
486
487
488
489
490
491
492
493
494
495
496
497
498
499
500
501
502
503
504
505
506
507
508
509
510
511
512
513
514
515
516
517
518
519
520
521
522
523
524
525
526
527
528
529
530
531
532
533
534
535
536
537
538
539
540
541
542
543
544
545
546
547
548
549
550
551
552
553
554
555
556
557
558
559
560
561
562
563
564
565
566
567
568
569
570
571
572
573
574
575
576
577
579
580
581
582
583
584
585
586
587
588
589
590
591
592
593
594
595
596
597
598
599
600
601
602
603
605
606
607
608
609
610
611
612
613
614
615
616
617
618
619
620
621
622
623
624
625
626
627
628
629
630
631
632
633
634
635
636
637
638
640
641
642
643
644
645
646
647
648
649
650
651
652
653
654
655
656
659
660
661
662
663
664
665
666
667
668
669
670
671
672
673
674
675
676
677
678
679
680
681
682
683
684
685
686
687
688
690
691
692
693
694
695
696
697
698
699
700
701
702
703
704
705
706
707
708
709
710
711
712
713
714
715
716
717
718
719
720
721
722
723
724
725
726
727
728
729
730
731
732
733
734
735
736
737
738
739
740
741
742
743
744
745
746
747
748
749
750
751
752
753
754
755
756
757
758
759
760
761
762
764
765
766
767
768
769
770
771
772
773
774
775
776
777
778
779
780
781
782
783
784
785
786
787
788
789
791
792
793
794
795
796
797
798
799
800
801
802
803
804
805
806
807
808
809
810
811
812
813
814
815
816
817
818
819
820
821
822
823
824
825
826
827
828
829
830
831
832
833
834
835
836
837
838
839
840
841
842
843
844
845
846
847
848
849
850
851
852
853
854
855
856
857
858
859
860
861
862
863
864
865
866
867
868
869
870
871
872
873
874
875
876
877
878
879
880
881
882
883
884
885
886
887
888
889
890
891
892
893
894
895
896
897
898
899
900

SCALARS type int 1
LOOKUP_TABLE default
1
1
1
1
1
1
1
1
1
1
1
1
1
1
1
1
1
1
1
1
1
1
1
1
1
1
1
1
1
1
1
1
1
1
1
1
1
1
1
1
1
1
1
1
1
1
1
1
1
1
1
1
1
1
1
1
1
1
1
1
1
1
1
1
1
1
1
1
1
1
1
1
1
1
1
1
1
1
1
1
1
1
1
1
1
1
1
1
1
1
1
1
1
1
1
1
1
1
1
1
1
1
1
1
1
1
1
1
1
1
1
1
1
1
1
1
1
1
1
1
1
1
1
1
1
1
1
1
1
1
1
1
1
1
1
1
1
1
1
1
1
1
1
1
1
1
1
1
1
1
1
1
1
1
1
1
1
1
1
1
1
1
1
1
1
1
1
1
1
1
1
1
1
1
1
1
1
1
1
1
1
1
1
1
1
1
1
1
1
1
1
1
1
1
1
1
1
1
1
1
1
1
1
1
1
1
1
1
1
1
1
1
1
1
1
1
1
1
1
1
1
1
1
1
1
1
1
1
1
1
1
1
1
1
1
1
1
1
1
1
1
1
1
1
1
1
1
1
1
1
1
1
1
1
1
1
1
1
1
1
1
1
1
1
1
1
1
1
1
1
1
1
1
1
1
1
1
1
1
1
1
1
1
1
1
1
1
1
1
1
1
1
1
1
1
1
1
1
1
1
1
1
1
1
1
1
1
1
1
1
1
1
1
1
1
1
1
1
1
1
1
1
1
1
1
1
1
1
1
1
1
1
1
1
1
1
1
1
1
1
1
1
1
1
1
1
1
1
1
1
1
1
1
1
1
1
1
1
1
1
1
1
1
1
1
1
1
1
1
1
1
1
1
1
1
1
1
1
1
1
1
1
1
1
1
1
1
1
1
1
1
1
1
1
1
1
1
1
1
1
1
1
1
1
1
1
1
1
1
1
1
1
1
1
1
1
1
1
1
1
1
1
1
1
1
1
1
1
1
1
1
1
1
1
1
1
1
1
1
1
1
1
1
1
1
1
1
1
1
1
1
1
1
1
1
1
1
1
1
1
1
1
1
1
1
1
1
1
1
1
1
1
1
1
1
1
1
1
1
1
1
1
1
1
1
1
1
1
1
1
1
1
1
1
1
1
1
1
1
1
1
1
1
1
1
1
1
1
1
1
1
1
1
1
1
1
1
1
1
1
1
1
1
1
1
1
1
1
1
1
1
1
1
1
1
1
1
1
1
1
1
1
1
1
1
1
1
1
1
1
1
1
1
1
1
1
1
1
1
1
1
1
1
1
1
1
1
1
1
1
1
1
1
1
1
1
1
1
1
1
1
1
1
1
1
1
1
1
1
1
1
1
1
1
1
1
1
1
1
1
1
1
1
1
1
1
1
1
1
1
1
1
1
1
1
1
1
1
1
1
1
1
1
1
1
1
1
1
1
1
1
1
1
1
1
1
1
1
1
1
1
1
1
1
1
1
1
1
1
1
1
1
1
1
1
1
1
1
1
1
1
1
1
1
1
1
1
1
1
1
1
1
1
1
1
1
1
1
1
1
1
1
1
1
1
1
1
1
1
1
1
1
1
1
1
1
1
1
1
1
1
1
1
1
1
1
1
1
1
1
1
1
1
1
1
1
1
1
1
1
1
1
1
1
1
1
1
1
1
1
1
1
1
1
1
1
1
1
1
1
1
1
1
1
1
1
1
1
1
1
1
1
1
1
1
1
1
1
1
1
1
1
1
1
1
1
1
1
1
1
1
1
1
1
1
1
1
1
1
1
1
1
1
1
1
1
1
1
1
1
1
1
1
1
1
1
1
1
1
1
1
1
1
1
1
1
1
1
1
1
1
1
1
1
1
1
1
1
1
1
1
1
1
1
1
1
1
1
1
1
1
1
1
1
1
1
1
1
1
1
1
1
1
1
1
1
1
1
1
1
1
1
1
1
1
1
1
1
1
1
1
1
1
1
1
1
1
1
1
1
1
1
1
1
1
1
1
1
1
1
1
1
1
1
1

SCALARS radius float 1
LOOKUP_TABLE default
0.00015
0.00015
0.00015
0.00015
0.00015
0.00015
0.00015
0.00015
0.00015
0.00015
0.00015
0.00015
0.00015
0.00015
0.00015
0.00015
0.00015
0.00015
0.00015
0.00015
0.00015
0.00015
0.00015
0.00015
0.00015
0.00015
0.00015
0.00015
0.00015
0.00015
0.00015
0.00015
0.00015
0.00015
0.00015
0.00015
0.00015
0.00015
0.00015
0.00015
0.00015
0.00015
0.00015
0.00015
0.00015
0.00015
0.00015
0.00015
0.00015
0.00015
0.00015
0.00015
0.00015
0.00015
0.00015
0.00015
0.00015
0.00015
0.00015
0.00015
0.00015
0.00015
0.00015
0.00015
0.00015
0.00015
0.00015
0.00015
0.00015
0.00015
0.00015
0.00015
0.00015
0.00015
0.00015
0.00015
0.00015
0.00015
0.00015
0.00015
0.00015
0.00015
0.00015
0.00015
0.00015
0.00015
0.00015
0.00015
0.00015
0.00015
0.00015
0.00015
0.00015
0.00015
0.00015
0.00015
0.00015
0.00015
0.00015
0.00015
0.00015
0.00015
0.00015
0.00015
0.00015
0.00015
0.00015
0.00015
0.00015
0.00015
0.00015
0.00015
0.00015
0.00015
0.00015
0.00015
0.00015
0.00015
0.00015
0.00015
0.00015
0.00015
0.00015
0.00015
0.00015
0.00015
0.00015
0.00015
0.00015
0.00015
0.00015
0.00015
0.00015
0.00015
0.00015
0.00015
0.00015
0.00015
0.00015
0.00015
0.00015
0.00015
0.00015
0.00015
0.00015
0.00015
0.00015
0.00015
0.00015
0.00015
0.00015
0.00015
0.00015
0.00015
0.00015
0.00015
0.00015
0.00015
0.00015
0.00015
0.00015
0.00015
0.00015
0.00015
0.00015
0.00015
0.00015
0.00015
0.00015
0.00015
0.00015
0.00015
0.00015
0.00015
0.00015
0.00015
0.00015
0.00015
0.00015
0.00015
0.00015
0.00015
0.00015
0.00015
0.00015
0.00015
0.00015
0.00015
0.00015
0.00015
0.00015
0.00015
0.00015
0.00015
0.00015
0.00015
0.00015
0.00015
0.00015
0.00015
0.00015
0.00015
0.00015
0.00015
0.00015
0.00015
0.00015
0.00015
0.00015
0.00015
0.00015
0.00015
0.00015
0.00015
0.00015
0.00015
0.00015
0.00015
0.00015
0.00015
0.00015
0.00015
0.00015
0.00015
0.00015
0.00015
0.00015
0.00015
0.00015
0.00015
0.00015
0.00015
0.00015
0.00015
0.00015
0.00015
0.00015
0.00015
0.00015
0.00015
0.00015
0.00015
0.00015
0.00015
0.00015
0.00015
0.00015
0.00015
0.00015
0.00015
0.00015
0.00015
0.00015
0.00015
0.00015
0.00015
0.00015
0.00015
0.00015
0.00015
0.00015
0.00015
0.00015
0.00015
0.00015
0.00015
0.00015
0.00015
0.00015
0.00015
0.00015
0.00015
0.00015
0.00015
0.00015
0.00015
0.00015
0.00015
0.00015
0.00015
0.00015
0.00015
0.00015
0.00015
0.00015
0.00015
0.00015
0.00015
0.00015
0.00015
0.00015
0.00015
0.00015
0.00015
0.00015
0.00015
0.00015
0.00015
0.00015
0.00015
0.00015
0.00015
0.00015
0.00015
0.00015
0.00015
0.00015
0.00015
0.00015
0.00015
0.00015
0.00015
0.00015
0.00015
0.00015
0.00015
0.00015
0.00015
0.00015
0.00015
0.00015
0.00015
0.00015
0.00015
0.00015
0.00015
0.00015
0.00015
0.00015
0.00015
0.00015
0.00015
0.00015
0.00015
0.00015
0.00015
0.00015
0.00015
0.00015
0.00015
0.00015
0.00015
0.00015
0.00015
0.00015
0.00015
0.00015
0.00015
0.00015
0.00015
0.00015
0.00015
0.00015
0.00015
0.00015
0.00015
0.00015
0.00015
0.00015
0.00015
0.00015
0.00015
0.00015
0.00015
0.00015
0.00015
0.00015
0.00015
0.00015
0.00015
0.00015
0.00015
0.00015
0.00015
0.00015
0.00015
0.00015
0.00015
0.00015
0.00015
0.00015
0.00015
0.00015
0.00015
0.00015
0.00015
0.00015
0.00015
0.00015
0.00015
0.00015
0.00015
0.00015
0.00015
0.00015
0.00015
0.00015
0.00015
0.00015
0.00015
0.00015
0.00015
0.00015
0.00015
0.00015
0.00015
0.00015
0.00015
0.00015
0.00015
0.00015
0.00015
0.00015
0.00015
0.00015
0.00015
0.00015
0.00015
0.00015
0.00015
0.00015
0.00015
0.00015
0.00015
0.00015
0.00015
0.00015
0.00015
0.00015
0.00015
0.00015
0.00015
0.00015
0.00015
0.00015
0.00015
0.00015
0.00015
0.00015
0.00015
0.00015
0.00015
0.00015
0.00015
0.00015
0.00015
0.00015
0.00015
0.00015
0.00015
0.00015
0.00015
0.00015
0.00015
0.00015
0.00015
0.00015
0.00015
0.00015
0.00015
0.00015
0.00015
0.00015
0.00015
0.00015
0.00015
0.00015
0.00015
0.00015
0.00015
0.00015
0.00015
0.00015
0.00015
0.00015
0.00015
0.00015
0.00015
0.00015
0.00015
0.00015
0.00015
0.00015
0.00015
0.00015
0.00015
0.00015
0.00015
0.00015
0.00015
0.00015
0.00015
0.00015
0.00015
0.00015
0.00015
0.00015
0.00015
0.00015
0.00015
0.00015
0.00015
0.00015
0.00015
0.00015
0.00015
0.00015
0.00015
0.00015
0.00015
0.00015
0.00015
0.00015
0.00015
0.00015
0.00015
0.00015
0.00015
0.00015
0.00015
0.00015
0.00015
0.00015
0.00015
0.00015
0.00015
0.00015
0.00015
0.00015
0.00015
0.00015
0.00015
0.00015
0.00015
0.00015
0.00015
0.00015
0.00015
0.00015
0.00015
0.00015
0.00015
0.00015
0.00015
0.00015
0.00015
0.00015
0.00015
0.00015
0.00015
0.00015
0.00015
0.00015
0.00015
0.00015
0.00015
0.00015
0.00015
0.00015
0.00015
0.00015
0.00015
0.00015
0.00015
0.00015
0.00015
0.00015
0.00015
0.00015
0.00015
0.00015
0.00015
0.00015
0.00015
0.00015
0.00015
0.00015
0.00015
0.00015
0.00015
0.00015
0.00015
0.00015
0.00015
0.00015
0.00015
0.00015
0.00015
0.00015
0.00015
0.00015
0.00015
0.00015
0.00015
0.00015
0.00015
0.00015
0.00015
0.00015
0.00015
0.00015
0.00015
0.00015
0.00015
0.00015
0.00015
0.00015
0.00015
0.00015
0.00015
0.00015
0.00015
0.00015
0.00015
0.00015
0.00015
0.00015
0.00015
0.00015
0.00015
0.00015
0.00015
0.00015
0.00015
0.00015
0.00015
0.00015
0.00015
0.00015
0.00015
0.00015
0.00015
0.00015
0.00015
0.00015
0.00015
0.00015
0.00015
0.00015
0.00015
0.00015
0.00015
0.00015
0.00015
0.00015
0.00015
0.00015
0.00015
0.00015
0.00015
0.00015
0.00015
0.00015
0.00015
0.00015
0.00015
0.00015
0.00015
0.00015
0.00015
0.00015
0.00015
0.00015
0.00015
0.00015
0.00015
0.00015
0.00015
0.00015
0.00015
0.00015
0.00015
0.00015
0.00015
0.00015
0.00015
0.00015
0.00015
0.00015
0.00015
0.00015
0.00015
0.00015
0.00015
0.00015
0.00015
0.00015
0.00015
0.00015
0.00015
0.00015
0.00015
0.00015
0.00015
0.00015
0.00015
0.00015
0.00015
0.00015
0.00015
0.00015
0.00015
0.00015
0.00015
0.00015
0.00015
0.00015
0.00015
0.00015
0.00015
0.00015
0.00015
0.00015
0.00015
0.00015
0.00015
0.00015
0.00015
0.00015
0.00015
0.00015
0.00015
0.00015
0.00015
0.00015
0.00015
0.00015
0.00015
0.00015
0.00015
0.00015
0.00015
0.00015
0.00015
0.00015
0.00015
0.00015
0.00015
0.00015
0.00015
0.00015
0.00015
0.00015
0.00015
0.00015
0.00015
0.00015
0.00015
0.00015
0.00015
0.00015
0.00015
0.00015
0.00015
0.00015
0.00015
0.00015
0.00015
0.00015
0.00015
0.00015
0.00015
0.00015
0.00015
0.00015
0.00015
0.00015
0.00015
0.00015
0.00015
0.00015
0.00015
0.00015
0.00015
0.00015
0.00015
0.00015
0.00015
0.00015
0.00015
0.00015
0.00015
0.00015
0.00015
0.00015
0.00015
0.00015
0.00015
0.00015
0.00015
0.00015
0.00015
0.00015
0.00015
0.00015
0.00015
0.00015
0.00015
0.00015
0.00015
0.00015
0.00015
0.00015
0.00015
0.00015
0.00015
0.00015
0.00015
0.00015
0.00015
0.00015
0.00015
0.00015
0.00015
0.00015
0.00015
0.00015
0.00015
0.00015
0.00015
0.00015
0.00015
0.00015
0.00015
0.00015
0.00015
0.00015
0.00015
0.00015
0.00015
0.00015
0.00015
0.00015
0.00015
0.00015
0.00015
0.00015
0.00015
0.00015
0.00015
0.00015
0.00015
0.00015
0.00015
0.00015
0.00015
0.00015
0.00015
0.00015
0.00015
0.00015
0.00015
0.00015
0.00015
0.00015
0.00015
0.00015
0.00015
0.00015
0.00015
0.00015
0.00015
0.00015
0.00015
0.00015
0.00015
0.00015
0.00015
0.00015
0.00015
0.00015
0.00015
0.00015
0.00015
0.00015
0.00015
0.00015
0.00015
0.00015
0.00015
0.00015
0.00015
0.00015
0.00015
0.00015

SCALARS mass float 1
LOOKUP_TABLE default
3.95841e-09
3.95841e-09
3.95841e-09
3.95841e-09
3.95841e-09
3.95841e-09
3.95841e-09
3.95841e-09
3.95841e-09
3.95841e-09
3.95841e-09
3.95841e-09
3.95841e-09
3.95841e-09
3.95841e-09
3.95841e-09
3.95841e-09
3.95841e-09
3.95841e-09
3.95841e-09
3.95841e-09
3.95841e-09
3.95841e-09
3.95841e-09
3.95841e-09
3.95841e-09
3.95841e-09
3.95841e-09
3.95841e-09
3.95841e-09
3.95841e-09
3.95841e-09
3.95841e-09
3.95841e-09
3.95841e-09
3.95841e-09
3.95841e-09
3.95841e-09
3.95841e-09
3.95841e-09
3.95841e-09
3.95841e-09
3.95841e-09
3.95841e-09
3.95841e-09
3.95841e-09
3.95841e-09
3.95841e-09
3.95841e-09
3.95841e-09
3.95841e-09
3.95841e-09
3.95841e-09
3.95841e-09
3.95841e-09
3.95841e-09
3.95841e-09
3.95841e-09
3.95841e-09
3.95841e-09
3.95841e-09
3.95841e-09
3.95841e-09
3.95841e-09
3.95841e-09
3.95841e-09
3.95841e-09
3.95841e-09
3.95841e-09
3.95841e-09
3.95841e-09
3.95841e-09
3.95841e-09
3.95841e-09
3.95841e-09
3.95841e-09
3.95841e-09
3.95841e-09
3.95841e-09
3.95841e-09
3.95841e-09
3.95841e-09
3.95841e-09
3.95841e-09
3.95841e-09
3.95841e-09
3.95841e-09
3.95841e-09
3.95841e-09
3.95841e-09
3.95841e-09
3.95841e-09
3.95841e-09
3.95841e-09
3.95841e-09
3.95841e-09
3.95841e-09
3.95841e-09
3.95841e-09
3.95841e-09
3.95841e-09
3.95841e-09
3.95841e-09
3.95841e-09
3.95841e-09
3.95841e-09
3.95841e-09
3.95841e-09
3.95841e-09
3.95841e-09
3.95841e-09
3.95841e-09
3.95841e-09
3.95841e-09
3.95841e-09
3.95841e-09
3.95841e-09
3.95841e-09
3.95841e-09
3.95841e-09
3.95841e-09
3.95841e-09
3.95841e-09
3.95841e-09
3.95841e-09
3.95841e-09
3.95841e-09
3.95841e-09
3.95841e-09
3.95841e-09
3.95841e-09
3.95841e-09
3.95841e-09
3.95841e-09
3.95841e-09
3.95841e-09
3.95841e-09
3.95841e-09
3.95841e-09
3.95841e-09
3.95841e-09
3.95841e-09
3.95841e-09
3.95841e-09
3.95841e-09
3.95841e-09
3.95841e-09
3.95841e-09
3.95841e-09
3.95841e-09
3.95841e-09
3.95841e-09
3.95841e-09
3.95841e-09
3.95841e-09
3.95841e-09
3.95841e-09
3.95841e-09
3.95841e-09
3.95841e-09
3.95841e-09
3.95841e-09
3.95841e-09
3.95841e-09
3.95841e-09
3.95841e-09
3.95841e-09
3.95841e-09
3.95841e-09
3.95841e-09
3.95841e-09
3.95841e-09
3.95841e-09
3.95841e-09
3.95841e-09
3.95841e-09
3.95841e-09
3.95841e-09
3.95841e-09
3.95841e-09
3.95841e-09
3.95841e-09
3.95841e-09
3.95841e-09
3.95841e-09
3.95841e-09
3.95841e-09
3.95841e-09
3.95841e-09
3.95841e-09
3.95841e-09
3.95841e-09
3.95841e-09
3.95841e-09
3.95841e-09
3.95841e-09
3.95841e-09
3.95841e-09
3.95841e-09
3.95841e-09
3.95841e-09
3.95841e-09
3.95841e-09
3.95841e-09
3.95841e-09
3.95841e-09
3.95841e-09
3.95841e-09
3.95841e-09
3.95841e-09
3.95841e-09
3.95841e-09
3.95841e-09
3.95841e-09
3.95841e-09
3.95841e-09
3.95841e-09
3.95841e-09
3.95841e-09
3.95841e-09
3.95841e-09
3.95841e-09
3.95841e-09
3.95841e-09
3.95841e-09
3.95841e-09
3.95841e-09
3.95841e-09
3.95841e-09
3.95841e-09
3.95841e-09
3.95841e-09
3.95841e-09
3.95841e-09
3.95841e-09
3.95841e-09
3.95841e-09
3.95841e-09
3.95841e-09
3.95841e-09
3.95841e-09
3.95841e-09
3.95841e-09
3.95841e-09
3.95841e-09
3.95841e-09
3.95841e-09
3.95841e-09
3.95841e-09
3.95841e-09
3.95841e-09
3.95841e-09
3.95841e-09
3.95841e-09
3.95841e-09
3.95841e-09
3.95841e-09
3.95841e-09
3.95841e-09
3.95841e-09
3.95841e-09
3.95841e-09
3.95841e-09
3.95841e-09
3.95841e-09
3.95841e-09
3.95841e-09
3.95841e-09
3.95841e-09
3.95841e-09
3.95841e-09
3.95841e-09
3.95841e-09
3.95841e-09
3.95841e-09
3.95841e-09
3.95841e-09
3.95841e-09
3.95841e-09
3.95841e-09
3.95841e-09
3.95841e-09
3.95841e-09
3.95841e-09
3.95841e-09
3.95841e-09
3.95841e-09
3.95841e-09
3.95841e-09
3.95841e-09
3.95841e-09
3.95841e-09
3.95841e-09
3.95841e-09
3.95841e-09
3.95841e-09
3.95841e-09
3.95841e-09
3.95841e-09
3.95841e-09
3.95841e-09
3.95841e-09
3.95841e-09
3.95841e-09
3.95841e-09
3.95841e-09
3.95841e-09
3.95841e-09
3.95841e-09
3.95841e-09
3.95841e-09
3.95841e-09
3.95841e-09
3.95841e-09
3.95841e-09
3.95841e-09
3.95841e-09
3.95841e-09
3.95841e-09
3.95841e-09
3.95841e-09
3.95841e-09
3.95841e-09
3.95841e-09
3.95841e-09
3.95841e-09
3.95841e-09
3.95841e-09
3.95841e-09
3.95841e-09
3.95841e-09
3.95841e-09
3.95841e-09
3.95841e-09
3.95841e-09
3.95841e-09
3.95841e-09
3.95841e-09
3.95841e-09
3.95841e-09
3.95841e-09
3.95841e-09
3.95841e-09
3.95841e-09
3.95841e-09
3.95841e-09
3.95841e-09
3.95841e-09
3.95841e-09
3.95841e-09
3.95841e-09
3.95841e-09
3.95841e-09
3.95841e-09
3.95841e-09
3.95841e-09
3.95841e-09
3.95841e-09
3.95841e-09
3.95841e-09
3.95841e-09
3.95841e-09
3.95841e-09
3.95841e-09
3.95841e-09
3.95841e-09
3.95841e-09
3.95841e-09
3.95841e-09
3.95841e-09
3.95841e-09
3.95841e-09
3.95841e-09
3.95841e-09
3.95841e-09
3.95841e-09
3.95841e-09
3.95841e-09
3.95841e-09
3.95841e-09
3.95841e-09
3.95841e-09
3.95841e-09
3.95841e-09
3.95841e-09
3.95841e-09
3.95841e-09
3.95841e-09
3.95841e-09
3.95841e-09
3.95841e-09
3.95841e-09
3.95841e-09
3.95841e-09
3.95841e-09
3.95841e-09
3.95841e-09
3.95841e-09
3.95841e-09
3.95841e-09
3.95841e-09
3.95841e-09
3.95841e-09
3.95841e-09
3.95841e-09
3.95841e-09
3.95841e-09
3.95841e-09
3.95841e-09
3.95841e-09
3.95841e-09
3.95841e-09
3.95841e-09
3.95841e-09
3.95841e-09
3.95841e-09
3.95841e-09
3.95841e-09
3.95841e-09
3.95841e-09
3.95841e-09
3.95841e-09
3.95841e-09
3.95841e-09
3.95841e-09
3.95841e-09
3.95841e-09
3.95841e-09
3.95841e-09
3.95841e-09
3.95841e-09
3.95841e-09
3.95841e-09
3.95841e-09
3.95841e-09
3.95841e-09
3.95841e-09
3.95841e-09
3.95841e-09
3.95841e-09
3.95841e-09
3.95841e-09
3.95841e-09
3.95841e-09
3.95841e-09
3.95841e-09
3.95841e-09
3.95841e-09
3.95841e-09
3.95841e-09
3.95841e-09
3.95841e-09
3.95841e-09
3.95841e-09
3.95841e-09
3.95841e-09
3.95841e-09
3.95841e-09
3.95841e-09
3.95841e-09
3.95841e-09
3.95841e-09
3.95841e-09
3.95841e-09
3.95841e-09
3.95841e-09
3.95841e-09
3.95841e-09
3.95841e-09
3.95841e-09
3.95841e-09
3.95841e-09
3.95841e-09
3.95841e-09
3.95841e-09
3.95841e-09
3.95841e-09
3.95841e-09
3.95841e-09
3.95841e-09
3.95841e-09
3.95841e-09
3.95841e-09
3.95841e-09
3.95841e-09
3.95841e-09
3.95841e-09
3.95841e-09
3.95841e-09
3.95841e-09
3.95841e-09
3.95841e-09
3.95841e-09
3.95841e-09
3.95841e-09
3.95841e-09
3.95841e-09
3.95841e-09
3.95841e-09
3.95841e-09
3.95841e-09
3.95841e-09
3.95841e-09
3.95841e-09
3.95841e-09
3.95841e-09
3.95841e-09
3.95841e-09
3.95841e-09
3.95841e-09
3.95841e-09
3.95841e-09
3.95841e-09
3.95841e-09
3.95841e-09
3.95841e-09
3.95841e-09
3.95841e-09
3.95841e-09
3.95841e-09
3.95841e-09
3.95841e-09
3.95841e-09
3.95841e-09
3.95841e-09
3.95841e-09
3.95841e-09
3.95841e-09
3.95841e-09
3.95841e-09
3.95841e-09
3.95841e-09
3.95841e-09
3.95841e-09
3.95841e-09
3.95841e-09
3.95841e-09
3.95841e-09
3.95841e-09
3.95841e-09
3.95841e-09
3.95841e-09
3.95841e-09
3.95841e-09
3.95841e-09
3.95841e-09
3.95841e-09
3.95841e-09
3.95841e-09
3.95841e-09
3.95841e-09
3.95841e-09
3.95841e-09
3.95841e-09
3.95841e-09
3.95841e-09
3.95841e-09
3.95841e-09
3.95841e-09
3.95841e-09
3.95841e-09
3.95841e-09
3.95841e-09
3.95841e-09
3.95841e-09
3.95841e-09
3.95841e-09
3.95841e-09
3.95841e-09
3.95841e-09
3.95841e-09
3.95841e-09
3.95841e-09
3.95841e-09
3.95841e-09
3.95841e-09
3.95841e-09
3.95841e-09
3.95841e-09
3.95841e-09
3.95841e-09
3.95841e-09
3.95841e-09
3.95841e-09
3.95841e-09
3.95841e-09
3.95841e-09
3.95841e-09
3.95841e-09
3.95841e-09
3.95841e-09
3.95841e-09
3.95841e-09
3.95841e-09
3.95841e-09
3.95841e-09
3.95841e-09
3.95841e-09
3.95841e-09
3.95841e-09
3.95841e-09
3.95841e-09
3.95841e-09
3.95841e-09
3.95841e-09
3.95841e-09
3.95841e-09
3.95841e-09
3.95841e-09
3.95841e-09
3.95841e-09
3.95841e-09
3.95841e-09
3.95841e-09
3.95841e-09
3.95841e-09
3.95841e-09
3.95841e-09
3.95841e-09
3.95841e-09
3.95841e-09
3.95841e-09
3.95841e-09
3.95841e-09
3.95841e-09
3.95841e-09
3.95841e-09
3.95841e-09
3.95841e-09
3.95841e-09
3.95841e-09
3.95841e-09
3.95841e-09
3.95841e-09
3.95841e-09
3.95841e-09
3.95841e-09
3.95841e-09
3.95841e-09
3.95841e-09
3.95841e-09
3.95841e-09
3.95841e-09
3.95841e-09
3.95841e-09
3.95841e-09
3.95841e-09
3.95841e-09
3.95841e-09
3.95841e-09
3.95841e-09
3.95841e-09
3.95841e-09
3.95841e-09
3.95841e-09
3.95841e-09
3.95841e-09
3.95841e-09
3.95841e-09
3.95841e-09
3.95841e-09
3.95841e-09
3.95841e-09
3.95841e-09
3.95841e-09
3.95841e-09
3.95841e-09
3.95841e-09
3.95841e-09
3.95841e-09
3.95841e-09
3.95841e-09
3.95841e-09
3.95841e-09
3.95841e-09
3.95841e-09
3.95841e-09
3.95841e-09
3.95841e-09
3.95841e-09
3.95841e-09
3.95841e-09
3.95841e-09
3.95841e-09
3.95841e-09
3.95841e-09
3.95841e-09
3.95841e-09
3.95841e-09
3.95841e-09
3.95841e-09
3.95841e-09
3.95841e-09
3.95841e-09
3.95841e-09
3.95841e-09
3.95841e-09
3.95841e-09
3.95841e-09
3.95841e-09
3.95841e-09
3.95841e-09
3.95841e-09
3.95841e-09
3.95841e-09
3.95841e-09
3.95841e-09
3.95841e-09
3.95841e-09
3.95841e-09
3.95841e-09
3.95841e-09
3.95841e-09
3.95841e-09
3.95841e-09
3.95841e-09
3.95841e-09
3.95841e-09
3.95841e-09
3.95841e-09
3.95841e-09
3.95841e-09
3.95841e-09
3.95841e-09
3.95841e-09
3.95841e-09
3.95841e-09
3.95841e-09
3.95841e-09
3.95841e-09
3.95841e-09
3.95841e-09
3.95841e-09
3.95841e-09
3.95841e-09
3.95841e-09
3.95841e-09
3.95841e-09
3.95841e-09
3.95841e-09
3.95841e-09
3.95841e-09
3.95841e-09
3.95841e-09
3.95841e-09
3.95841e-09
3.95841e-09
3.95841e-09
3.95841e-09
3.95841e-09
3.95841e-09
3.95841e-09
3.95841e-09
3.95841e-09
3.95841e-09
3.95841e-09
3.95841e-09
3.95841e-09
3.95841e-09
3.95841e-09
3.95841e-09
3.95841e-09
3.95841e-09
3.95841e-09
3.95841e-09
3.95841e-09
3.95841e-09
3.95841e-09
3.95841e-09
3.95841e-09
3.95841e-09
3.95841e-09
3.95841e-09
3.95841e-09
3.95841e-09
3.95841e-09
3.95841e-09
3.95841e-09
3.95841e-09
3.95841e-09
3.95841e-09
3.95841e-09
3.95841e-09
3.95841e-09
3.95841e-09
3.95841e-09
3.95841e-09
3.95841e-09
3.95841e-09
3.95841e-09
3.95841e-09
3.95841e-09
3.95841e-09
3.95841e-09
3.95841e-09
3.95841e-09
3.95841e-09
3.95841e-09
3.95841e-09
3.95841e-09
3.95841e-09
3.95841e-09
3.95841e-09
3.95841e-09
3.95841e-09
3.95841e-09
3.95841e-09
3.95841e-09
3.95841e-09
3.95841e-09
3.95841e-09
3.95841e-09
3.95841e-09
3.95841e-09
3.95841e-09
3.95841e-09
3.95841e-09
3.95841e-09
3.95841e-09
3.95841e-09
3.95841e-09
3.95841e-09
3.95841e-09
3.95841e-09
3.95841e-09
3.95841e-09
3.95841e-09
3.95841e-09
3.95841e-09
3.95841e-09
3.95841e-09
3.95841e-09
3.95841e-09
3.95841e-09
3.95841e-09
3.95841e-09
3.95841e-09
3.95841e-09
3.95841e-09
3.95841e-09
3.95841e-09
3.95841e-09
3.95841e-09
3.95841e-09
3.95841e-09
3.95841e-09
3.95841e-09
3.95841e-09
3.95841e-09
3.95841e-09
3.95841e-09
3.95841e-09
3.95841e-09
3.95841e-09
3.95841e-09
3.95841e-09
3.95841e-09
3.95841e-09
3.95841e-09
3.95841e-09
3.95841e-09
3.95841e-09
3.95841e-09
3.95841e-09
3.95841e-09
3.95841e-09
3.95841e-09
3.95841e-09
3.95841e-09
3.95841e-09
3.95841e-09
3.95841e-09
3.95841e-09
3.95841e-09
3.95841e-09
3.95841e-09
3.95841e-09
3.95841e-09
3.95841e-09
3.95841e-09
3.95841e-09
3.95841e-09
3.95841e-09
3.95841e-09
3.95841e-09

VECTORS velocity float
0.00735904 -0.00189705 0.00374856
0.00493502 -0.000255073 0.000160407
0.00638243 -0.00173804 0.00422417
0.00463992 -0.000157032 0.000265309
0.00487956 0.000628344 7.11382e-05
0.00498446 -0.00939881 0.00528881
0.00469286 -0.000131121 0.000267414
0.00470253 -3.2877e-05 0.00029532
0.00358846 0.000531528 -0.000271973
0.0047878 0.000234787 4.00671e-05
0.00483283 0.000122433 -0.000610618
0.0049854 0.000449178 -0.000535284
0.00366113 0.000694088 0.000317817
0.00361833 0.000691128 -0.000198163
0.00450004 0.000287405 -5.24875e-06
0.00471114 9.08457e-06 0.000618372
0.00448024 -0.000189536 -1.19151e-05
0.00450778 -0.000230951 0.000101917
0.00486578 0.000231482 7.95478e-05
0.00461508 0.000256783 -2.02646e-06
0.00466993 -0.000170563 0.000264839
0.00461296 -0.00032196 0.00032528
0.004616 -0.000137556 0.000266785
0.00371607 -0.0019343 -0.000158795
0.00463104 0.000271781 1.25161e-05
0.00473439 0.000316614 -0.000196843
0.00461432 -0.00026104 8.95635e-05
0.00464372 -0.000142722 0.000250352
0.00464372 -0.000136657 0.000123123
0.00447351 8.91201e-05 8.09392e-05
0.00413038 -0.00231139 0.00137914
0.00448622 0.000268972 7.14279e-06
0.00435129 -0.00023258 -4.20691e-05
0.00468042 -0.000221966 3.1588e-05
0.00466541 -3.55357e-05 0.000293638
0.00465432 0.000144173 -0.00030614
0.00468457 0.000255908 2.07674e-05
0.00452615 0.000282635 1.67921e-06
0.00445841 -8.38801e-06 0.000200988
0.00460319 -0.000108714 0.000342748
0.00491646 -0.000426191 -0.000815199
0.00489058 0.000221385 8.67222e-05
0.00458286 -0.000143857 0.000270006
0.00417066 8.80529e-05 1.29902e-05
0.00703099 -0.00260462 0.00168586
0.00461038 4.71061e-05 0.000184227
0.00458169 -0.000133896 0.000256054
0.00488529 0.000222101 8.71896e-05
0.00423092 -0.000128295 -2.82198e-05
0.00468512 -0.00032626 0.000619091
0.00461003 4.30345e-05 0.000288197
0.00469826 0.000145142 -0.000323504
0.00458353 -0.000238332 0.000300374
0.00489581 0.000119683 -0.000601227
0.00471636 -0.000245456 0.00031657
0.00454315 9.41851e-05 0.000161439
0.00518498 -0.000632425 0.000492353
0.00466419 -0.000224263 3.39701e-05
0.00461807 -0.000183019 0.000277769
0.00456472 -0.000270061 0.000304548
0.00432859 0.000141464 -9.40969e-05
0.0046323 -8.59509e-05 0.000248024
0.0047041 -0.000360653 0.000106704
0.00446605 -6.96962e-05 0.000155413
0.00452618 -0.000294067 0.000176374
0.00471196 -0.000583159 0.000187913
0.00442943 0.000245633 0.000397046
0.00463848 -0.000112974 0.000248128
0.00465375 -0.000300095 7.19146e-05
0.00451414 0.000363631 0.000305949
0.00469708 -0.000177991 0.000247982
0.00462944 -0.000365899 0.000201456
0.00489284 0.000220534 8.72052e-05
0.00460532 -0.000265563 0.000296324
0.00459069 -0.000268867 -0.000239832
0.00460291 -0.00015902 -2.74388e-05
0.00461191 -0.000104708 0.000347677
0.00216191 -0.00899111 0.00415435
0.00461904 -0.000113145 0.000251008
0.00464021 -0.00022075 0.000306688
0.00447281 -0.000154842 -3.43702e-05
0.00443982 0.000222623 0.000286743
0.00469947 -0.000256567 7.52898e-05
0.00414032 -0.0016558 0.00109618
0.004481 -0.00021345 -0.000169429
0.00349469 -0.00236347 0.00135453
0.00555331 -0.000777757 0.000468238
0.00343945 0.00232772 0.00429058
0.00455889 -0.000110151 0.000243652
0.00554577 -0.00220764 -0.000275851
0.00470059 0.000144644 -0.000160233
0.00483318 -1.02976e-05 -0.000306484
0.00469041 -0.000217954 0.0002266
0.00464628 -0.000241306 1.81776e-05
0.00475859 0.00156056 -0.000443556
0.00459205 0.000340616 -3.29474e-05
0.00455373 -0.000197451 0.000279037
0.00428404 -2.83012e-05 0.000196121
0.00449783 0.00024054 0.000288717
0.00425215 -5.19689e-06 0.000181178
0.00524183 0.00142853 -0.00139945
0.00371926 -0.000504871 0.000154429
0.00468906 -0.000193537 0.000246558
0.00496338 -0.000838059 -0.000175061
0.00467332 -0.000198597 2.0881e-06
0.00470751 -5.70628e-05 0.000220344
0.00607888 -0.00100389 0.000120427
0.0029508 -0.00132116 -0.00125741
0.00429884 -5.02501e-05 0.000132414
0.00489713 -0.00844534 0.00647848
0.00468243 -0.000273201 0.000208974
0.00432818 0.00179064 -0.000569727
0.00452104 0.000458309 -0.000471502
0.00461028 -0.000166781 0.000296119
0.00472213 -0.000405952 1.6237e-05
0.00370675 -0.00137818 0.00164621
0.0045805 -0.000249266 7.00101e-05
0.00464232 -0.00015281 0.000273728
0.00468313 -7.00502e-06 0.000209114
0.00500173 0.000204147 -0.000382744
0.00459464 -0.000198352 2.43509e-05
0.00475108 -1.47561e-05 0.000278536
0.0057559 0.000526628 9.63705e-05
0.00468014 -0.00011144 0.000248589
0.00460398 -0.000105318 0.000247055
0.00433356 0.000112183 -0.000359013
0.00463493 -0.00013168 0.000262748
0.00451839 0.000488923 0.000323955
1.57771e-06 1.86653e-05 -8.64807e-06
0.00222895 0.00091392 3.45349e-05
0.00518567 -2.73119e-05 -0.000272806
0.004687 -0.000199573 6.96359e-06
0.00398787 -0.00259479 -0.000165713
0.00453652 0.000239604 0.000302983
0.00479407 -0.000524008 -0.000725083
0.00261546 -0.00605174 0.0085679
0.00474141 -1.6161e-05 0.000272556
0.00488297 0.00018916 -1.22826e-05
0.00247788 -0.00512528 0.0077612
0.00441104 -7.73176e-05 0.000120722
0.00465727 -0.000292615 0.00035255
0.0044939 -0.000167928 7.54462e-07
0.00446271 -0.00192463 0.00124193
0.0049664 0.000579116 5.87435e-05
4.59553e-05 -1.06747e-05 -8.06912e-06
0.00369749 -0.000285255 0.000171011
0.00379226 2.73273e-05 0.000223001
0.00482787 0.00127631 -0.000302452
0.00453562 -0.000222907 0.000292603
0.00370201 0.00195899 -0.0029296
0.00471291 -0.0011489 0.000894672
0.00479393 -7.30488e-06 -0.000312386
0.00464523 -7.46731e-05 0.00024972
0.00475631 0.000266784 -0.000136013
0.00166985 0.00146455 -0.000588609
0.0045991 -0.002567 0.000476843
0.00446806 -0.0011694 0.00300275
0.00390759 0.000498312 0.000304526
0.00389088 -0.000630226 0.000638842
0.00463196 -0.000132363 0.00024618
0.00466986 -0.000175221 0.000274054
0.00406779 0.00082815 0.000355099
0.00432478 9.08221e-05 -0.000279443
0.00591035 -0.000107818 0.000417199
0.00461748 -0.000351193 0.000183384
0.00422389 -0.00256524 0.00154393
0.00466472 4.40248e-05 0.000297969
0.00473029 -3.52099e-05 0.000284813
0.00681894 0.000149272 0.000799818
0.00463617 0.00131739 -0.000349236
0.00536096 -0.000129197 0.000400467
0.00429916 -4.18396e-06 0.000187802
0.0045926 -0.000241947 0.000301925
0.00575639 0.000227832 -0.000319737
0.00454605 -0.000127299 0.000250721
0.00470187 -0.00021776 2.80878e-05
0.00519156 -7.2614e-05 6.0437e-05
0.00470469 -0.000256921 0.000316539
0.00455005 0.000688023 -6.312e-05
0.00268761 -0.00740045 0.00444442
0.00445149 -0.000166598 -2.6409e-05
0.00470671 0.000299813 -0.000180175
0.000277742 0.00122598 0.000309935
0.00368639 0.00219162 -0.000842421
0.00426226 -3.09905e-05 0.000209423
0.00234366 -0.00560473 0.00847506
0.00404691 -0.000976101 0.00338264
0.00529301 -0.00204156 0.00301953
0.00427609 -0.0017902 -0.000290433
0.0037434 0.0022723 0.00311928
0.00463047 -0.000330504 0.000171366
0.000890195 -0.000354365 -0.000172819
0.00421767 -0.00208435 0.000281366
0.0067904 -0.00377133 0.00217074
0.00452732 -0.00103509 0.000860824
0.00226719 0.00032066 -0.00033312
0.0066601 -0.0044196 0.00246214
0.00465225 -0.000142833 0.000263749
0.00471164 1.59566e-06 -1.2727e-05
0.00466446 -0.000123867 0.000259082
0.0033234 0.00166253 -0.000581223
0.00464374 -0.00138588 0.000729955
0.00372808 0.00130126 0.00370877
0.00464916 1.68664e-05 0.000198661
0.00543448 -0.00127669 0.00318247
0.0051343 0.000485758 -0.000288611
0.00413952 -0.00207494 0.00127615
0.00443037 0.000820814 -0.000460136
0.00336545 0.00131576 0.00495753
0.00461816 -6.33119e-05 0.000193064
0.0062366 -0.00238298 0.00252914
0.00294622 0.000278142 -0.0014565
0.0038872 -0.00243203 0.00158076
0.00144759 0.00109726 0.000104081
0.00510998 -0.00130661 0.0033831
0.00441269 3.00089e-05 -0.000519175
0.004437 -0.000252889 0.00109824
0.00353706 0.00335841 0.00333136
0.00334701 -0.00199995 0.00289349
0.00223667 0.00131942 0.00010591
0.00439465 0.0010791 -0.000692364
0.00414811 -0.00211119 0.00130432
0.00397707 0.00425969 0.00259296
0.0036185 -0.00226554 0.00126403
0.001083 0.00149987 0.000271532
0.00360097 0.000738248 -0.00093714
0.00413748 -0.00193177 0.00094141
0.00462955 0.000162306 -0.000241352
0.00458744 -0.000193028 0.000305643
0.00444721 -0.00317028 0.00278716
0.00490984 -0.000256159 0.000295621
0.00403435 -0.0016336 -0.000194709
0.00470415 0.000216021 -0.000132444
0.00448989 0.000261842 -0.000135397
0.00456984 0.00413499 -0.000117962
0.00438701 0.00110137 -0.000247308
0.00336601 -0.000955002 0.00257935
0.00459772 0.00312176 -0.00103445
0.00466032 -0.00017572 0.000324344
0.00576229 -0.00130144 0.00204152
0.00430651 -3.96876e-05 0.000197939
0.00473058 0.000104848 -6.72589e-05
0.00454635 -0.000505477 0.000582388
0.0040158 -0.00270549 0.00401521
0.00480083 -0.000266349 9.2332e-05
0.00568605 -0.00149795 0.00326691
0.00284284 0.00190711 -0.000729878
0.00381578 0.000903021 -0.000626778
0.00486929 -0.00359691 -0.00165768
0.00424395 0.000214454 -0.00015022
0.00224198 0.00096143 -0.000380319
0.00445342 0.000140126 3.98991e-05
0.00458885 -0.000188152 0.000342474
0.00344061 -0.000114528 0.000134625
0.0035015 0.000587536 0.00081836
0.00451934 -0.000121711 0.000252438
0.00438304 -0.000660045 -0.000509816
0.00260621 0.000458082 -0.000377045
0.00438915 -0.000114308 -0.00086469
0.00477627 -0.000400841 -9.81619e-05
0.00451831 -0.000237731 0.000288911
0.00461696 -6.44072e-05 -6.85729e-05
0.00422877 -0.0020464 0.00123175
0.00480643 0.000150391 -1.41158e-05
0.00449225 0.000143648 6.89806e-05
0.00152346 0.0011117 2.65593e-05
0.00410799 0.00101754 -0.000197505
0.00420033 -0.00182161 0.00147177
0.00375446 0.00186239 -0.00299689
0.00625181 -0.00114437 0.000953026
0.00279924 0.00132112 0.0048343
0.00487014 -0.00202139 0.00106254
0.00756625 -0.0090874 -0.00802136
0.00332002 0.000806803 -0.00107409
0.00241631 -0.00488753 0.00779811
0.00608711 -0.00201245 0.00352464
0.00468545 -0.000231818 3.96539e-05
0.00470154 0.000285773 -0.00016906
0.00268725 -0.00540709 0.00810955
0.00441062 -0.000105611 -7.81276e-05
0.00480868 4.65136e-06 -0.0002569
0.00467955 0.000136419 -0.000123124
0.00452545 0.00100654 -0.000128717
0.00433285 -0.00197524 0.00254016
0.0059173 0.000986378 -7.91098e-05
0.00474666 0.000789527 -5.18875e-05
0.00588436 -0.00413142 0.00245026
6.56127e-05 -2.23707e-05 -1.58264e-05
0.0055968 0.000621171 -0.000307178
0.0046109 0.00151339 -0.000436537
0.00438562 -0.00337306 -0.000177715
0.00454475 -4.11359e-05 0.000303282
0.00402246 6.54131e-05 0.00022543
0.00448152 -0.00015028 0.000361226
0.00466357 -4.79932e-05 0.000188508
0.00365018 0.000793797 -0.000410871
0.00390464 -6.09015e-05 -4.81019e-05
0.00459411 -0.000188683 0.000308762
0.00614358 -0.00166896 0.00437501
0.00464566 0.000678309 4.94813e-06
0.00466746 -0.000135052 0.000267131
0.00456117 -0.000193181 0.000284144
0.00483547 -0.000729189 0.000299778
0.00430703 -0.0019171 0.00131289
0.00533504 -0.00119552 0.000959771
0.00430361 0.000115325 -0.000384171
0.00532077 0.000634604 -0.000294802
0.00470506 0.000280401 -0.0001546
0.00533931 0.000536243 -0.000293161
0.00453914 0.000514571 -0.000264853
0.00456676 -0.000205041 0.000293035
0.0044492 0.001281 -0.000287434
0.00349932 0.000144991 -0.000706185
0.00212923 0.00107578 1.81582e-05
0.00461591 -0.000197633 8.65604e-05
0.00437472 -0.000113244 2.43346e-06
0.00444509 -0.00027911 0.000445721
0.00398468 0.00438803 -0.000164632
0.00467383 -1.77378e-05 0.000150017
0.00467568 0.000296989 -0.000189079
0.0047593 0.000604644 2.157e-05
0.00170118 0.00487053 -0.000860187
0.00365817 0.00147324 -0.000714537
0.00229321 0.000710438 -0.000209047
0.00470877 -0.00115768 0.000309136
0.00457217 9.57844e-06 -0.000317008
0.00584809 -0.00225903 0.0036364
0.00589591 0.000759412 9.91143e-06
0.00469691 -0.000107316 0.000253561
0.00481101 0.000306444 -0.000112715
0.00414713 -0.00119449 -0.000816557
0.00310368 0.00133487 -0.000741848
0.0045713 -0.000246088 0.000305896
0.00469492 6.74545e-06 -7.73812e-05
0.00457966 0.000911197 -1.88715e-05
0.00528699 -0.000684673 -0.000239152
0.00455242 -0.000226881 0.000360268
0.00443173 0.000903854 -7.02336e-05
0.00486247 -0.000729749 -0.000207747
0.00570537 0.000350162 -0.000294609
0.00526499 -0.00120004 0.00329874
0.00460583 0.000931115 -0.000654001
0.00474504 0.000108109 -0.000335696
0.00454799 -0.00108456 0.00282795
0.00413278 8.91054e-05 -8.48055e-05
0.00476556 0.000690344 8.65627e-05
0.00352485 0.00130013 0.00500703
0.00262667 0.000606345 -0.00316964
0.004421 1.22967e-05 -0.000287832
0.00608813 -0.00200168 0.00378834
0.00500761 -0.00534624 0.00261492
0.0052614 -0.0025596 0.00146267
0.00450374 -0.000262599 -0.000103633
0.00424251 0.000258812 -0.000269854
3.36406e-05 -0.000844398 0.00465468
0.00478925 0.000102179 -3.07249e-06
0.00437252 3.78794e-05 5.3098e-05
0.0045373 0.000161717 -0.000410448
0.00407297 -0.000585586 -7.83222e-06
0.00464068 -0.00127837 -0.00021857
0.00482439 0.000275697 -0.000141948
0.00414691 0.000841623 -0.000801519
0.00351303 0.00229933 0.00434412
0.00598925 0.000512441 -0.000265067
0.00562922 0.000613867 -0.000305377
0.0046487 3.26946e-05 -0.00018478
0.00453945 -0.000204537 7.10546e-06
0.00477278 0.000129116 -3.76293e-05
0.00364861 0.000202823 -0.000255755
0.00463955 0.000770843 -0.000145467
0.00371812 0.000207103 -0.000278888
0.004816 4.65793e-05 -0.000112913
0.00418613 5.13704e-05 6.68937e-05
0.00467357 0.000660977 -0.000290911
0.00464532 9.99405e-05 -0.000290801
0.00429743 6.74728e-05 2.94331e-05
0.0047146 0.00033636 -0.000207466
0.00326092 0.00198296 -0.000281861
0.00217458 0.00109189 8.78872e-05
0.00481217 -0.000188651 3.05835e-05
0.004829 0.000204491 -2.41417e-05
0.00351898 -0.00688104 0.00736594
0.00488427 0.000202848 -7.69334e-05
0.00464385 0.00034083 -0.000106976
0.00486139 0.000236053 -0.000103214
0.00375042 0.000238589 -0.000240981
0.00484457 0.000182914 -3.11785e-05
0.00420222 0.000936887 0.000614339
0.00430626 8.42376e-05 -0.000327408
0.0047874 5.55761e-06 0.000128031
0.00295291 -0.00125996 0.000672901
0.00439433 -0.000135439 -0.000167184
0.00453221 0.000123838 -0.000265994
0.00447451 -0.000833901 0.000176071
0.00512095 0.0005497 -0.000184266
0.00387051 -0.000800502 0.000165375
0.004621 -1.0909e-07 0.000141502
0.00562775 0.000948484 -0.000316213
0.00432904 6.05053e-05 -0.000296722
0.00415958 -0.000466654 -2.24815e-05
0.0056204 0.000749416 -0.000313284
0.00477764 1.84014e-05 0.00010894
0.00458439 0.000260959 -0.000256431
0.00477663 -0.00133647 0.00344897
0.00293434 0.00126227 -0.000141206
0.00439613 -0.00183872 0.000173725
0.00552073 -0.00090887 0.000408197
0.00442987 0.000354368 -0.000272523
0.00427507 9.68649e-05 -0.000359444
0.00487497 1.2711e-05 -0.000191838
0.00376743 0.00124909 -0.000728222
0.0039237 -0.00258286 -0.000162509
0.00434751 -0.00214118 0.000217735
0.00438737 -5.40488e-05 0.00012076
0.00481556 0.000324113 -0.000225897
0.00426957 -7.87907e-05 -0.000235787
0.0049382 0.000526109 -0.000314504
0.0044985 0.000327381 0.000295332
0.00480266 -0.000610641 -0.000175891
0.0048465 0.000214342 -1.00929e-05
0.00431343 0.000322973 -9.61122e-05
0.0048201 -0.000599786 -0.000465037
0.00481616 -0.000588944 -0.000458085
0.00484421 0.000515749 -0.000271777
0.00490624 0.00149042 0.000230585
0.0049096 0.000239547 -3.5258e-05
0.0044837 2.16862e-05 9.0208e-05
0.00428141 -0.000481256 0.000143608
0.0043846 -5.74221e-05 -0.000269687
0.00439984 0.000157804 -0.000316827
0.00421417 -9.92651e-05 -0.000207574
0.0035071 0.00215093 0.00444544
0.0045143 9.15594e-05 -0.000303455
0.00454486 -0.000255169 -0.000438413
0.00419779 -0.00018715 0.000211324
0.00430298 0.000296973 -0.000232463
0.00393202 -5.73782e-05 -0.000231018
0.00456528 -0.000880481 -0.000301563
0.00431166 0.000315965 -0.000107842
0.00442039 -5.69487e-05 -0.000288391
0.00307973 0.0009337 -0.000518486
0.00474114 0.000299394 -0.00019905
0.00476611 -0.000573982 -0.000422153
0.00455464 0.000597308 0.000124878
0.00599222 -0.000729949 -0.000319966
0.0057439 -0.00126534 0.000919
0.00430421 0.00151738 -0.000457853
0.00464889 -2.25355e-05 0.000210978
0.00449435 0.000748312 -0.000221658
0.00434766 0.00011105 -0.000388913
0.00427154 0.000489642 -0.000296197
0.00559215 0.000906784 -0.000310804
0.00465384 -0.000286089 0.000250007
0.00420586 0.000219609 -0.000186681
0.00446569 2.79708e-05 9.05723e-05
0.00401657 -0.00112694 -0.00138887
0.00460842 8.52226e-06 -0.000286728
0.00447338 -0.000258985 -0.00211105
0.00491069 0.001029 -0.00064376
0.00488023 0.000193015 1.31546e-05
0.00466066 0.000304126 -0.000194412
0.00469792 0.0012094 -0.00029481
0.00545307 -0.00100622 0.000238133
0.00443276 0.000390846 -0.000325964
0.00489325 0.000581291 -0.000262661
0.00445307 0.000361512 -0.000287829
0.00470523 0.000259831 -8.37639e-05
0.00379866 0.000991784 -0.00021828
0.00478474 4.7713e-05 -0.000144122
0.00538466 0.000737996 -0.000295987
0.00443559 0.000612101 -0.000230689
0.00567412 0.000705449 -0.000312095
-0.000825681 0.00339996 -0.00445815
0.00504653 0.000343008 -0.000249123
0.00439008 -0.00138074 -0.000214526
0.004383 -8.31485e-05 -0.000330532
0.00501046 1.2677e-05 -0.000166365
0.00456654 0.00129232 -0.000804842
0.00553877 -0.000131236 -0.00103492
0.00445216 0.00011903 6.51628e-05
0.00503844 0.00010721 5.86812e-06
0.00467657 -2.7238e-05 0.000157255
0.00438257 -0.000534202 0.000309752
0.00484599 0.000601265 -0.00024064
0.00461945 0.000290935 -0.000173064
0.00438802 -0.000981272 0.0002995
0.00467398 -0.000266671 4.52853e-05
0.00462332 0.00033673 -9.22563e-05
0.00232913 0.000983566 -0.000287459
0.00428373 -0.000118728 -9.83241e-05
0.00468077 3.99282e-05 -5.83278e-05
0.00480839 0.000113202 -2.05158e-05
0.00480921 2.70752e-05 -0.000181165
0.00453397 0.0160457 0.00748705
0.00473865 0.000454659 -0.000213919
0.00422824 0.000518794 -0.000235884
0.00571243 0.000612586 -0.000307568
0.00440157 0.000189131 -0.000231798
0.00503545 0.000471821 -0.000300771
0.00474955 3.59474e-05 -5.24394e-05
0.00369787 0.000830951 -0.000258963
0.00447177 -1.1926e-05 -0.000195295
0.00469692 -0.000685204 0.000175095
0.00488622 0.000204701 1.6865e-05
0.00426799 7.923e-05 8.11293e-05
0.00465346 -0.000183447 -4.89927e-05
0.00407085 0.000405248 -0.000570844
0.00563049 0.000706913 -0.000309956
0.00443735 -2.7289e-06 0.000161127
0.00447812 0.000163689 -0.000358765
0.00486026 -4.94253e-06 0.000115345
0.00430389 7.16562e-05 -0.00033555
0.00450424 2.25047e-05 5.36869e-05
0.00426157 -0.00161139 0.000255833
0.0043506 -0.000603181 0.000211422
0.0049398 -9.15752e-05 -8.41028e-05
0.00444779 0.000110103 -0.000367106
0.00580588 0.000682698 -0.000316936
0.005087 -0.000328949 0.000344559
0.00480789 -0.000599381 -0.000465447
0.00462583 -0.0004029 -0.000177105
0.00520757 7.56123e-05 -0.000127977
0.00459627 0.000172819 -0.000183261
0.0049072 -0.000597856 -0.000477122
0.00482249 0.000238703 -9.89517e-05
0.00476258 -8.94943e-05 0.000232262
0.00375415 0.00105844 -0.000332988
0.00423456 -0.000143052 -0.000168107
0.00432359 6.25949e-05 6.18204e-05
0.00459266 0.000471112 -0.000423046
0.00548948 -0.00144073 0.00364707
0.00538031 0.000850468 -0.000301728
0.00462437 0.000139863 2.03356e-05
0.00458902 -0.000577512 0.000198373
0.00451345 3.57416e-05 -0.000289671
0.00456931 1.40852e-05 -0.000322697
0.00460768 9.59436e-06 0.000138716
0.00465677 0.000131774 -0.000139461
0.00460015 -0.000115241 0.000251458
0.00428991 3.78418e-05 0.00021332
0.00574072 0.002085 -0.001477
0.00462979 7.1424e-05 0.000181906
0.0026211 -0.00250619 -0.00223843
0.00473451 0.000272453 -0.00015508
0.00431949 3.58634e-05 2.73186e-05
0.00434279 4.06653e-05 7.9464e-05
0.00437549 0.000186943 -5.05311e-05
0.00451654 0.000290536 -0.000153277
0.00498937 -0.000454307 0.000342761
0.00446236 0.000113176 5.29694e-05
0.00456252 -0.000153739 0.00027373
0.00476042 0.00029811 -0.000198145
0.00435945 0.000181313 -0.000280122
0.0047143 0.000268467 -0.000149441
0.00465587 1.81442e-05 0.000111207
0.00437078 -8.84257e-05 6.79407e-06
0.00563866 0.000832959 -0.000314664
0.00440187 3.46381e-06 -0.000326341
0.00449295 -0.000102782 0.00022036
0.00459383 0.000440191 -0.0015122
0.00445966 -7.9858e-05 -0.000264193
0.0043935 -0.000297574 0.000129483
0.00465991 0.000230781 -0.000577537
0.00432397 7.40991e-05 5.59802e-05
0.00420277 4.5296e-05 -0.00021676
0.00448374 0.000239716 -0.000143894
0.00476746 0.000220226 -3.6926e-05
0.00449279 -0.000708913 0.000238257
0.00464294 -0.000298761 0.000125164
0.00471869 -0.000575104 -0.000238167
0.00533936 -0.000298086 -0.000244168
0.00454135 -2.57995e-05 -0.000123441
0.00478143 -5.48701e-05 -0.000183204
0.00429754 9.31326e-06 -0.000335439
0.00441044 1.42845e-05 -0.000283623
0.00233312 0.00174156 0.000172772
0.00481599 0.000100459 -0.000180833
0.00394424 0.000795765 -0.000345555
0.00451032 2.34045e-05 8.45541e-05
0.004767 0.000417869 -0.000176826
0.00462679 8.80271e-05 1.34986e-05
0.00459633 0.000164847 -7.97982e-06
0.00481535 -0.000257023 -0.000291197
0.00438189 0.000500123 -0.000222962
0.0044031 0.000252263 -6.64428e-05
0.00496435 0.00076303 0.000342828
0.00461795 -0.000613913 7.36682e-05
0.00464354 -7.93344e-05 -2.85265e-05
0.00477295 -4.53018e-05 -0.000549742
0.00432473 0.000266087 4.97898e-06
0.00480621 -0.0002402 -0.00011795
0.00349473 0.000921127 -0.000484491
0.00462889 0.000374511 -0.000115712
0.00485561 0.000230566 -4.65329e-05
0.00500876 0.000296136 0.000259601
0.00482262 -3.87985e-05 -0.000187262
0.0046975 0.000497457 -0.000276909
0.00435481 -4.81203e-05 0.000179379
0.00591584 0.000555709 -0.00031912
0.00415367 1.05331e-05 -0.000109226
0.00603318 0.000629908 -0.000301546
0.00466094 -0.000205568 0.000307523
0.00509728 -0.000150932 0.000344429
0.00426713 -2.90475e-05 0.000262132
0.00498611 0.000457458 -0.000287647
0.00446207 4.59962e-05 -0.000173111
0.00464677 -0.000355845 0.000300984
0.0042776 5.30037e-06 -5.87045e-05
0.00489617 -0.000347718 0.000115693
0.00634366 0.000913148 -0.00412142
0.00557194 0.000651813 -0.000307371
0.00449312 -0.0002505 -1.8235e-05
0.00498788 -0.000361939 0.000336131
0.0050051 0.000593309 0.000318457
0.00539209 3.07005e-05 -0.000113017
0.00447985 0.000144642 0.00029217
0.00445711 4.44188e-05 2.30547e-05
0.00443774 -0.000209614 0.000164184
0.0045719 -0.000330703 -2.74055e-05
0.00480862 2.36624e-05 -0.000182054
0.00609754 -0.000685612 0.000389766
0.00483653 0.000474191 0.000734576
0.00450115 2.66358e-05 -2.84174e-05
0.00472081 -7.87622e-05 0.000253429
0.00452316 -0.00020428 0.00022878
0.00452088 -0.000458515 -0.000470317
0.0047223 0.000160573 -0.000507057
0.00602227 0.00011006 -0.000360579
0.0046133 6.60264e-05 -0.000167794
0.00495877 -0.000347707 0.000328684
0.00594056 0.000653735 -0.00141421
0.00507544 0.000515766 -0.000146786
0.00447684 -0.000694135 -9.35316e-07
0.00447187 0.00022512 -4.75967e-05
0.00455116 -0.000235287 -8.9915e-06
0.00507162 0.000879156 -0.000394686
0.00484329 -0.000719515 0.00031501
0.00480465 -0.000100081 -0.000338398
0.00462729 -0.000235343 0.000317362
0.00464497 4.32573e-05 0.000108617
0.00469945 -0.000658004 -0.000278127
0.00474017 -0.000112013 0.000184352
0.00466082 -0.000178387 0.000341743
0.00488789 -0.000312076 0.000339579
0.00452392 -0.000260444 0.0002647
0.00472418 -9.88481e-05 2.99689e-05
0.0047207 1.22618e-05 0.000296319
0.00522505 0.000231038 -2.96611e-05
0.00425587 0.000139532 -0.000245476
0.00469183 -0.000101684 0.000259675
0.00460052 -0.000151261 -3.46906e-05
0.00456835 -0.000152534 -3.09477e-05
0.00463342 -0.00132394 -0.00166698
0.00453521 -0.000145248 0.000200031
0.00486289 0.000122842 -0.000483391
0.00468747 -2.07832e-05 0.000128653
0.00453484 -0.000106833 0.000356903
0.00470712 4.84574e-05 -0.000682007
0.00353296 -0.000119365 -3.70386e-05
0.00444457 0.000170198 -3.94429e-06
0.00499102 -0.000280535 0.000291059
0.00569242 -0.000771903 -0.00410958
0.00509759 0.000290596 0.000300852
0.00479328 -0.000504614 0.000605069
0.00430149 0.000357631 2.66278e-05
0.00480427 0.000132557 -0.000115529
0.00455977 6.2343e-06 -2.00252e-05
0.00411614 4.04039e-05 0.000115717
0.0048008 0.00013698 -5.03432e-06
0.00553434 -4.03986e-05 -0.000224403
0.00460913 7.33255e-05 9.05289e-05
0.00450553 -0.000274804 0.00030407
0.00571774 -0.000905837 0.000348934
0.00454345 -0.000496433 -0.000223618
0.00430618 1.77409e-05 9.05755e-05
0.00473276 0.000453858 -1.5182e-06
0.00454189 -0.000549607 -0.000418833
0.00480845 -0.00074367 0.00033953
0.00460509 -0.000600793 1.90392e-05
0.00474331 0.000859519 8.33148e-05
0.00442419 -0.000148283 7.40648e-05
0.00568459 9.25214e-05 -0.000185689
0.00419912 -0.000172709 -0.000219374
0.0043015 -0.000609845 0.000294694
0.00463666 0.000210841 0.000190299
0.00478879 0.000664112 -0.00031077
0.00458924 2.85332e-05 -0.000161968
0.00473795 -0.000261466 0.00031669
0.004747 1.04697e-05 0.000110006
0.00437461 9.62596e-05 4.78168e-05
0.00476337 0.000138538 6.44506e-06
0.00481781 0.000174001 -0.000159288
0.00482135 -5.49373e-05 0.000231382
0.00481961 0.000109515 3.01726e-05
0.00474665 -0.000350683 0.000146769
0.00445701 -7.07243e-06 0.000248802
0.00449323 -0.00020067 0.000239752
0.00522973 -0.000234793 0.000352592
0.00459419 -0.00031128 -0.000291
0.00461085 -0.000352848 -1.4899e-05
0.00451307 -0.000246813 0.000281254
0.00486187 5.66926e-05 -0.000125884
0.0046065 -0.000321872 0.000139671
0.00471432 -2.33566e-05 0.000145042
0.00444915 -0.000165034 0.000286275
0.0045258 -4.31596e-05 5.35315e-05
0.00484968 -8.98626e-06 0.000327819
0.00324467 0.000423435 -0.000227052
0.00436793 0.000192173 -0.000164239
0.00443321 -0.000506213 0.000182758
0.00469607 6.53269e-05 0.000108245
0.00460154 0.000712617 0.000610928
0.00508629 1.42377e-05 2.30592e-05
0.00475255 8.15431e-05 0.000160472
0.00457243 0.00059947 -0.000515952
0.00474221 -6.74464e-05 0.000167867
0.00430362 -0.000156569 -7.4656e-05
0.00488947 0.000350463 -0.000118159
0.00439578 -0.000864717 0.000431139
0.00466664 -9.78411e-05 0.000179098
0.00356589 0.000420789 -0.000214423
0.00433711 -0.000124546 -0.000128915
0.00446195 -0.000103584 -0.000223028
0.00495013 0.000237333 -7.22504e-05
0.00465671 8.59741e-05 5.14921e-05
0.00489587 0.000134803 -0.000179013
0.00409327 -2.88349e-05 -0.000110937
0.0043662 0.000105061 3.54465e-05
0.0038811 0.000458553 0.000512959
0.00462631 -0.000155218 0.00020715
0.00460775 -0.00022223 8.4767e-05
0.00415998 7.40862e-06 -0.000127993
0.0050318 0.000330922 -0.000162262
0.00479744 -1.06634e-05 0.000183968
0.00487181 0.000311813 -0.00012724
0.00484709 0.000138292 3.13591e-05
0.00568253 0.000114503 -9.73456e-05
0.0049122 -0.000433454 -0.000144893
0.00511995 0.000143741 3.84148e-05
0.00456692 -0.00026021 -0.000157096
0.00478989 0.000257271 -8.54576e-05
0.0051028 -0.000372167 0.000339625
0.00501887 0.000252023 -2.31125e-05
0.00449591 -0.000135521 -0.000203759
0.00484325 0.0001292 -0.00017178
0.00479162 -6.98515e-05 0.000178542
0.00468481 -0.000223087 0.000315559
0.00465304 9.51304e-05 0.000119136
0.00475925 0.00014447 3.04299e-05
0.0047168 -0.000675093 -0.000440557
0.00560878 5.92643e-05 3.62122e-05
0.00562626 0.000100075 6.75728e-05
0.00456385 0.000229108 8.3171e-05
0.00467791 0.00016469 -9.68315e-06
0.00485185 0.000170955 4.93095e-07
0.0046222 -0.000318586 -0.000246564
0.00526011 2.74077e-05 0.000353164
0.00431724 0.000528381 5.32889e-05
0.00456389 -3.67293e-05 0.000187886
0.00375483 2.46425e-05 -0.00228275
0.00208987 -0.000862543 0.0189164
0.00458978 0.000100894 0.000185117
0.0048305 8.45609e-05 -0.000177353
0.00545204 -6.77015e-05 -0.000205121
0.00441693 -0.000136031 -0.000352275
0.0042365 -0.0020479 0.00193243
0.00494742 -0.000332435 0.000334856
0.00456189 -0.000105652 -0.000388848
0.00608141 -0.000542593 0.000442871
0.0049894 -0.000172247 -0.000174188
0.00537763 -0.000564023 0.000356886
0.00470566 1.72494e-05 0.000144936
0.00435367 0.000259213 -2.8519e-06
0.00490532 0.000253634 -0.000184181
0.00456162 -0.000121126 6.78205e-05
0.0048142 -0.000766513 0.000316132
0.00452193 7.39719e-05 -0.000158813
0.00444788 0.000806334 2.0827e-05
0.00452285 0.000154161 9.14549e-06
0.00451265 2.42648e-05 -0.000128937
0.00480559 0.000195453 -0.00020908
0.00381695 -0.000290744 0.0028939
0.00504315 0.000182376 -1.04121e-05
0.00476078 0.000168806 -2.66618e-05
0.00469861 0.000259455 -0.000161465
0.00504308 0.000275399 -7.02925e-06
0.00501742 0.000239471 -0.000176828
0.00457725 -3.49715e-05 -0.000218588
0.00499426 -7.95785e-05 0.000115076
0.00458578 0.000276981 -0.000278414
0.00500134 0.000100633 8.83599e-05
0.0047001 0.000182425 -2.1479e-06
0.00482386 0.000276667 -0.000253254
0.0044822 -6.66208e-05 -0.00017568
0.00519063 0.000150648 0.00013196
0.00488116 0.000221135 -3.74211e-05
0.00461835 -1.2355e-05 0.00017196
0.00497332 0.000201637 -0.000175957
0.00476614 0.000129467 1.43618e-05
0.00361039 0.000552175 0.000104049
0.00482461 0.000244508 -5.23985e-05
0.00483632 0.00035729 -7.8153e-05
0.00482723 0.000210833 -3.18043e-05
0.00503012 7.08792e-05 9.57922e-05
0.00585772 0.000371429 -0.000129894
0.0036019 0.000385183 -0.000138785
0.00475018 0.000422402 -0.000196343
0.00463924 -0.000279787 -0.000230655
0.00441839 4.61926e-05 -0.00178295
0.00511864 0.000242167 -5.06333e-05
0.00461804 -7.97828e-05 -0.000158944
0.00494663 8.35685e-05 5.07978e-05
0.00478048 0.000164174 -0.000164104
0.00439404 0.000137085 1.04013e-05
0.00502618 8.32995e-05 2.09312e-05
0.0049473 0.000219157 -0.000170304
0.00493416 0.000421716 -0.000183239
0.00426644 -0.00210483 0.00189069
0.00515926 1.25409e-05 -0.00017683
0.00381162 -0.00025345 -0.000262133
0.00449939 -0.000467025 0.000212517
0.00457435 8.64184e-05 -0.000165442
0.00455893 -0.000285834 -0.000265979
0.00474905 0.000213335 -1.14109e-05
0.00482585 0.000133729 -0.00017158
0.00401384 -0.00215999 0.00153389
0.00470963 -0.000295706 6.3472e-05
0.00510046 3.29041e-05 -0.00019132
0.00494466 0.000242186 -0.000167857
0.000734406 -0.00530304 0.0059354
0.00467746 0.000100558 0.000198273
0.00452165 0.000131496 -7.16746e-05
0.00348265 0.000465396 -8.61133e-05
0.00435914 -3.25857e-05 -0.000189524
0.00492318 0.000132588 -0.000111668
0.00489705 9.9622e-05 0.000119228
0.00469303 0.00020337 -2.42789e-05
0.00570407 0.000265336 -4.72628e-05
0.00487517 6.51151e-05 -0.000178747
0.00507332 0.000266728 -0.000272329
0.00506912 0.000370311 -0.000375333
0.00510294 0.000610412 -0.000143843
0.00443236 -0.000157091 6.70243e-05
0.00470285 0.000566659 0.00058955
0.00487658 -0.000303419 -0.000221938
0.00480912 0.000191377 -0.000176075
0.00494921 0.000159842 -0.000173425
0.00478795 0.000124513 2.61669e-05
0.00376126 0.000327652 -0.000154421
0.00455493 -0.000568954 0.000597885
0.00458258 -0.00040934 -0.000143433
0.0047851 5.08179e-05 -0.000173333
0.00469763 -0.000219327 0.00036566
0.00565174 -0.000864541 0.000416582
0.00404575 -0.00199095 0.00180413
0.00477816 0.000200581 -5.44855e-05
0.00467326 -6.96918e-06 -0.000136774
0.00459009 -0.000181155 -0.000346431
0.0049022 0.000248228 -4.36372e-05
0.00540003 -0.00018394 -0.000217911
0.00396332 -0.00154877 0.00196236
0.00516954 0.000214309 3.21688e-05
0.00466716 0.000130239 -0.000177297
0.00472144 0.000224902 -0.000146146
0.00466255 0.000114351 4.42583e-05
0.00454257 0.000203819 -4.67387e-06
0.00479426 0.000335766 0.000609844
0.00464393 -0.000157566 -0.0001059
0.00480713 0.000336603 0.000263411
0.00464574 7.63558e-05 9.95545e-05
0.00491573 0.000154341 -0.000173781
0.00439062 2.39309e-05 0.000306318
0.00475384 0.000177661 -0.000168711
0.00493196 0.000475224 -0.00022173
0.00456977 0.000553039 0.000648042
0.0048308 3.32814e-05 -2.01345e-05
0.00483235 0.000273581 -0.000167508
0.00506561 0.000175367 3.73294e-05
0.00462525 -0.000322964 -0.000223844
0.0047126 -0.000401637 -0.00029014
0.00490425 0.000264872 -0.000250823
0.00371738 -1.80123e-05 -0.000510918
0.00462628 -0.000210867 1.0154e-05
0.0045243 -0.000313704 -0.000223967
0.00467567 0.000453169 -0.000137004

VECTORS force float
-2.25885e-08 -2.51703e-08 1.16987e-07
-1.97972e-09 -1.10875e-09 1.55146e-09
2.68331e-08 -5.11846e-08 7.63647e-08
-7.78608e-10 -1.74249e-09 9.67619e-10
4.88421e-09 -1.21193e-08 3.71118e-09
8.21453e-08 -1.51219e-07 5.86696e-08
8.30835e-10 1.80615e-10 7.86705e-11
-1.79264e-09 -9.14943e-10 6.76749e-10
-1.01527e-08 2.73209e-09 -1.19546e-10
1.05875e-11 -1.24462e-09 1.87188e-10
-3.56138e-10 1.05044e-09 3.11842e-10
-9.02993e-10 1.69172e-09 -2.60707e-10
-2.26218e-10 1.03365e-09 2.01759e-10
-2.5134e-09 -1.13409e-08 -3.4221e-09
2.74179e-10 3.11791e-11 -4.30295e-10
-5.13593e-08 2.94453e-08 7.03216e-09
-3.10893e-09 5.58916e-09 -3.06082e-09
-2.13187e-10 6.34196e-10 4.63694e-10
1.1553e-09 -1.17288e-09 5.50503e-10
-3.5622e-10 9.32005e-10 2.03022e-09
-5.64875e-09 -5.22041e-10 1.88715e-09
1.10147e-09 9.44199e-09 -1.36025e-09
1.53485e-10 8.44217e-10 -1.28803e-09
-1.66127e-08 4.33843e-09 -1.60667e-08
-5.58064e-10 2.31748e-09 -1.65533e-09
4.26955e-09 2.28858e-09 -3.02396e-09
2.31973e-10 -1.12897e-09 -1.39674e-09
6.71302e-11 -1.29996e-09 2.31244e-09
-6.95575e-10 9.80024e-10 -3.31858e-10
-5.6538e-09 -6.26661e-09 5.49987e-09
-3.79095e-08 -1.83724e-10 -1.23266e-09
-3.34395e-09 -2.34307e-09 1.18866e-09
-4.2101e-09 -1.65025e-08 -1.41634e-08
2.17868e-09 -4.64337e-10 -1.65101e-11
1.3146e-09 1.32092e-09 -4.30985e-10
3.02297e-10 -6.21087e-11 8.75242e-11
-2.6681e-09 1.84891e-09 -1.38086e-09
9.01957e-10 4.96449e-10 2.38982e-10
-1.09346e-09 -2.61242e-09 1.58532e-09
-2.08501e-09 7.5103e-10 1.164e-09
-1.12063e-09 -9.57386e-09 -1.43382e-08
6.94119e-10 4.67862e-10 -5.46139e-11
-4.26448e-09 -1.86631e-09 1.02671e-09
1.11799e-09 1.11383e-09 -5.25809e-09
3.03092e-08 -8.74379e-08 2.46109e-08
-1.59317e-09 1.59502e-09 -9.63508e-10
7.74731e-10 -6.95457e-10 9.14572e-10
1.07127e-10 -1.44461e-09 1.79846e-09
-2.15936e-10 2.57072e-09 1.69926e-09
3.83084e-10 2.84815e-09 -1.30953e-10
-1.59734e-09 2.88264e-09 7.17135e-09
-3.74044e-09 -2.86959e-09 2.32501e-10
-3.36894e-10 2.76606e-09 -2.24039e-09
3.77595e-10 1.65008e-10 -1.21818e-09
-2.90102e-09 3.89018e-09 2.01239e-09
1.4638e-09 -1.35021e-09 1.19478e-09
6.95987e-09 -1.0892e-09 -4.71995e-09
2.34229e-09 8.96201e-10 -3.15743e-10
7.02455e-10 -8.57556e-10 6.40242e-10
2.95314e-10 -8.69682e-10 1.38728e-09
1.56753e-10 1.3136e-09 -2.01766e-09
-2.16576e-09 7.61919e-10 1.21649e-08
1.79303e-10 6.28777e-10 2.80797e-10
-8.22202e-10 -5.14694e-09 3.49688e-09
1.14593e-09 9.61997e-09 -8.64704e-09
8.99943e-11 3.98499e-10 -1.51002e-10
1.21886e-08 -1.61643e-09 4.73811e-09
-4.48549e-10 -6.56677e-10 1.13099e-09
3.74867e-09 2.93633e-09 1.12963e-10
7.1436e-10 3.46636e-09 2.73979e-09
-3.03551e-09 -2.33978e-09 1.04159e-09
2.48135e-09 -5.43113e-10 1.74761e-09
-2.89133e-09 3.61852e-10 1.78575e-10
-2.17763e-09 3.59742e-09 7.90291e-09
-1.72645e-08 1.86718e-09 8.98597e-10
3.27322e-09 -1.57891e-09 1.37858e-09
-5.96776e-09 -7.07592e-09 -1.25581e-09
-1.54813e-08 -1.05374e-07 8.55437e-08
-3.8219e-09 4.49564e-09 -4.87097e-10
-1.83802e-09 -6.33676e-10 2.14624e-09
5.19792e-09 -8.66107e-10 2.88878e-09
9.60247e-09 7.68968e-10 7.85073e-10
1.76463e-09 1.00961e-09 -1.73424e-09
-1.09339e-08 1.25478e-08 8.06726e-10
4.99785e-10 3.65873e-09 -2.77588e-09
-9.05757e-09 -7.32774e-09 3.98517e-09
1.0572e-09 6.57827e-09 -1.05533e-09
-7.09792e-10 2.05896e-09 -8.33932e-10
1.84545e-09 -5.47952e-09 1.79846e-09
1.46509e-09 -3.00091e-09 -2.55003e-08
-7.90013e-10 5.36246e-10 -1.78418e-09
-2.59558e-09 -1.77417e-10 2.61873e-10
-5.78818e-10 -3.02262e-09 2.78146e-09
-5.21681e-10 2.4294e-09 -5.15174e-10
5.37022e-08 -8.10521e-09 9.60337e-09
7.36189e-10 -8.53723e-10 2.95122e-10
8.58952e-11 -9.89299e-10 1.02443e-09
-9.44584e-10 5.14515e-11 -6.231e-10
4.95325e-10 9.43007e-10 -3.81031e-09
-4.58e-11 3.80726e-10 -2.66101e-10
-2.59571e-09 -1.19347e-08 -1.84447e-08
3.34863e-09 6.77038e-09 -9.43967e-09
1.32528e-10 6.37795e-10 1.08224e-10
-3.4595e-10 -1.45423e-10 -6.14074e-09
3.02259e-09 -1.06889e-09 7.68133e-10
5.09774e-10 4.50367e-10 -5.34414e-11
0.0 0.0 -3.8832e-08
-2.42759e-09 -3.88104e-09 -5.25938e-09
7.27752e-11 -1.52607e-09 -1.25763e-09
1.31661e-09 -7.20224e-08 1.11727e-07
-6.96159e-09 1.41373e-09 4.63393e-09
8.22761e-10 -1.49193e-09 1.62708e-09
-1.7933e-09 1.42347e-09 -1.12728e-09
-4.00617e-10 8.69752e-10 -2.29177e-09
1.89728e-09 -1.93532e-09 3.97488e-09
1.30855e-09 1.8467e-08 -1.86996e-08
-5.17913e-09 1.99087e-10 -5.58399e-10
-8.46909e-09 -5.25045e-09 9.53562e-10
-3.09042e-09 2.05343e-09 -7.54203e-10
5.42637e-10 -2.3319e-10 -3.98434e-10
-1.4052e-09 -4.55364e-10 -4.07314e-09
-4.28157e-09 -4.14296e-10 1.92049e-09
3.47365e-08 -2.05915e-08 1.59154e-08
-1.49809e-09 2.22622e-10 -1.81498e-10
-7.65286e-10 -7.97777e-10 1.06808e-09
4.40387e-09 -7.80159e-09 8.51166e-09
-3.1735e-09 5.54772e-10 -8.59251e-11
5.67251e-09 -2.53094e-09 -3.04092e-10
-6.97891e-10 -1.32615e-09 -2.19894e-10
-9.95609e-09 -2.90162e-09 -7.46912e-09
1.17364e-09 -4.96607e-09 5.22784e-11
2.47016e-09 -5.85336e-10 3.62785e-10
4.76511e-12 -3.49427e-12 4.62071e-13
6.66127e-10 1.26573e-10 5.38786e-11
-1.84321e-09 -8.09892e-09 -4.79959e-09
8.04501e-08 -3.00613e-08 1.17916e-08
-1.02321e-09 -5.9453e-10 9.69047e-10
1.60284e-09 2.13406e-09 -1.86337e-09
6.62194e-09 -8.16003e-08 9.02314e-08
-8.83396e-10 2.32241e-09 -2.39649e-09
-4.46195e-09 8.55164e-09 -2.77903e-09
-2.3272e-09 -4.57506e-09 2.92858e-09
2.842e-09 2.08964e-08 -4.23873e-09
2.49605e-08 -7.13753e-09 2.00642e-08
-3.40734e-10 -2.69522e-09 -2.35627e-10
-1.32057e-08 2.97313e-10 -4.69348e-09
-3.41276e-10 2.09204e-09 1.19844e-09
2.05502e-09 5.98546e-09 -2.08419e-09
-6.55669e-10 -1.06203e-09 1.30335e-09
-1.5561e-08 3.76158e-09 -1.20653e-08
3.74511e-09 -3.78929e-09 -1.88328e-09
6.1931e-09 1.28497e-10 5.41795e-11
-7.8317e-09 3.37635e-09 -3.70981e-10
3.16305e-09 1.80329e-10 -2.10407e-09
-2.80116e-09 -5.10685e-09 5.00971e-09
-1.51989e-08 1.0991e-08 -2.03083e-08
-3.20216e-08 -2.50217e-08 7.24642e-08
7.12561e-09 8.60368e-09 2.80085e-09
5.5544e-09 -2.44386e-09 -1.08928e-08
-5.16694e-09 2.32159e-09 -1.23049e-09
-6.07237e-09 5.61569e-11 6.05319e-09
3.15149e-09 2.45261e-09 3.03951e-09
1.29677e-09 -2.60038e-09 4.61605e-09
5.16716e-08 -1.37671e-08 2.88837e-08
-7.64178e-10 -2.38938e-09 1.97797e-10
-5.53827e-09 -1.38115e-08 -1.92332e-08
-3.03872e-09 9.65441e-11 5.03452e-10
-1.26135e-09 -2.12656e-09 1.69623e-09
1.3958e-08 7.58099e-09 -1.72957e-08
4.12902e-09 -1.20367e-09 1.23352e-09
-4.37214e-09 8.44804e-09 -7.10885e-09
-2.29533e-09 1.13964e-09 -8.14697e-10
-1.96531e-09 -4.04901e-10 -1.19912e-10
4.15737e-08 -1.3749e-08 -1.1892e-08
3.07295e-09 -6.41219e-09 2.67243e-09
1.96157e-09 -9.33328e-10 1.1973e-09
3.48848e-08 -5.97765e-09 2.17487e-08
-4.56122e-09 2.23703e-09 -5.75548e-10
1.95993e-09 8.70443e-09 -7.10424e-10
-1.75714e-09 -6.94895e-08 3.04776e-08
9.62597e-11 5.06399e-11 -2.08553e-09
4.19554e-09 1.44739e-10 -8.65789e-10
-3.8234e-09 -6.55493e-09 -1.51373e-08
-6.91711e-09 -8.33524e-09 -1.7804e-09
6.17853e-10 4.9344e-10 7.27598e-11
2.59925e-08 -9.97123e-09 3.3958e-08
-3.79069e-08 3.70517e-08 9.23725e-08
3.20133e-08 -1.14319e-08 -1.43235e-08
3.46489e-10 -1.06062e-08 -3.00309e-08
4.54486e-09 7.65569e-09 -3.27392e-09
-1.35046e-09 1.00401e-10 6.16165e-10
1.46545e-08 -3.05592e-09 -2.64547e-09
-9.70872e-09 -9.20105e-09 -3.13126e-08
5.28375e-08 -4.25974e-08 5.94396e-09
-2.70092e-08 -2.64069e-08 1.56854e-08
-8.04016e-09 1.10151e-08 -2.90607e-08
-7.4731e-09 -2.60975e-08 6.25501e-09
-2.0241e-10 -1.39054e-09 9.98634e-10
-6.0488e-09 -1.60723e-08 2.41173e-09
4.80806e-09 2.26569e-10 1.31139e-09
-7.28333e-09 1.38665e-09 -9.551e-10
-1.81241e-09 1.00941e-08 -4.1789e-09
-5.80217e-09 2.12632e-09 8.68664e-10
-4.485e-10 3.41645e-09 -1.40543e-09
-3.72405e-08 -1.32009e-08 -9.56355e-09
-2.37531e-09 -4.4251e-10 -6.25422e-10
5.84913e-09 -1.27549e-08 8.27827e-09
5.99418e-10 2.55882e-09 -1.47201e-09
3.24984e-10 6.43474e-11 1.78705e-09
-8.64264e-10 -5.83764e-09 -5.27182e-09
-1.6465e-08 -1.04535e-08 2.21737e-08
-2.58719e-09 5.94464e-11 -3.37298e-08
4.02138e-08 -6.1517e-09 1.97492e-09
-9.29542e-09 -1.31664e-08 -1.40537e-09
-2.85138e-08 2.92983e-08 -5.20221e-08
-3.08511e-09 2.95756e-09 9.71018e-10
-1.43077e-08 -3.82384e-08 3.37406e-08
-3.47561e-10 -7.93344e-10 3.86189e-10
-6.04565e-08 -1.12385e-08 3.04051e-08
-1.75458e-08 4.79665e-10 -1.08565e-09
-1.47469e-08 7.6281e-09 -2.46174e-09
-4.23543e-09 1.5497e-08 -9.40282e-09
2.18615e-10 -1.06534e-09 -3.08699e-10
4.21188e-09 -8.96609e-09 -8.11128e-10
-7.53821e-09 6.75029e-09 2.80018e-09
-9.3418e-09 9.80821e-10 1.82357e-08
-3.66512e-09 -5.05709e-09 -3.07899e-08
8.29936e-09 -2.48733e-09 5.30248e-10
2.77185e-09 6.17786e-09 -3.27341e-09
-7.3103e-08 1.90274e-08 5.84267e-08
5.13347e-10 5.34309e-10 9.41538e-10
6.89149e-08 -6.34719e-08 -6.36597e-09
1.35889e-10 -8.24235e-10 1.32987e-09
-1.33658e-09 -5.86943e-10 -7.23577e-10
-7.73348e-09 7.77489e-09 3.05754e-08
-3.39516e-09 7.25378e-09 -7.37288e-09
1.82681e-08 4.73033e-10 1.81725e-08
0.0 0.0 -3.8832e-08
-5.36604e-10 3.78603e-09 2.36332e-09
2.24639e-08 -2.16465e-08 -2.23344e-08
-5.01995e-10 -1.55441e-09 -1.53017e-09
2.0442e-09 -8.99982e-09 -7.93416e-09
2.02306e-08 -4.51745e-08 7.81915e-08
-7.6114e-08 -1.60693e-08 6.32008e-08
6.14398e-09 -1.80829e-09 3.52116e-09
2.28439e-08 -3.01725e-09 -2.4986e-08
-9.88437e-09 3.18214e-09 -2.44401e-09
-2.12887e-08 8.07734e-09 5.09989e-10
5.70069e-09 2.51496e-09 -3.49482e-08
-2.43558e-10 4.25708e-09 -1.04109e-08
-9.23517e-09 -4.38724e-09 -1.31337e-09
4.64552e-09 -4.31247e-09 3.51256e-09
-6.85016e-10 2.28553e-09 2.45274e-09
-1.20685e-08 -1.60382e-08 2.89206e-08
5.01732e-11 -1.53721e-08 1.5231e-08
5.8503e-09 -2.10364e-09 1.7638e-09
7.26544e-09 -6.45834e-09 -1.32163e-08
-1.05321e-08 1.38316e-08 -2.71499e-08
-3.99202e-08 3.62585e-08 4.76684e-08
9.65455e-09 2.15938e-08 3.30195e-09
2.76933e-09 2.12107e-09 -8.69448e-10
-2.81932e-09 -1.80413e-08 -6.69433e-09
-9.01089e-09 9.63574e-10 -6.89451e-10
-1.00412e-09 2.37395e-09 -3.73529e-09
-2.36436e-09 -2.54866e-10 -1.26946e-09
-1.52154e-08 -1.14181e-08 -3.99198e-09
-1.88178e-08 -6.9601e-10 -5.31905e-09
-2.49246e-09 1.61108e-08 3.11183e-08
-6.09685e-09 8.86573e-09 -1.09827e-08
-4.06758e-09 1.01252e-08 -6.46328e-09
-9.44164e-10 9.11255e-12 1.49851e-09
-3.19602e-08 1.08439e-08 4.07757e-10
-1.24952e-09 -5.76966e-09 -6.2916e-09
-1.37599e-08 1.7928e-08 -2.11309e-08
3.80669e-08 -1.21519e-07 1.60576e-07
5.48121e-08 -8.56904e-09 8.57872e-08
8.15644e-10 3.30885e-10 2.20229e-10
4.60773e-09 -1.71834e-10 -2.03284e-10
-3.52555e-08 -1.26496e-09 4.03488e-08
-5.54291e-09 -1.1404e-08 -9.63108e-09
7.96965e-10 -4.77494e-09 -6.13236e-10
-4.12602e-10 -7.96527e-09 -1.13075e-08
3.44749e-09 -1.55874e-08 -3.67939e-10
-2.43325e-08 -1.44133e-08 4.56072e-08
3.09503e-08 -2.98773e-09 2.89838e-09
-7.05592e-09 -5.30229e-09 2.02659e-09
1.1319e-07 -1.31268e-08 4.01898e-08
1.3427e-09 -2.47183e-10 1.63604e-10
1.89767e-09 3.53581e-09 2.93464e-10
-2.27458e-09 2.54698e-08 -1.30356e-08
-1.06787e-09 -1.37897e-08 6.04521e-10
4.56555e-09 1.82617e-09 -7.73218e-10
-8.20733e-09 1.35302e-08 -5.71369e-09
2.79371e-10 1.05464e-09 -4.90145e-10
7.66073e-09 1.78061e-09 -4.94514e-09
-2.7839e-08 2.72901e-09 -2.46742e-09
-6.99209e-10 3.44711e-08 -2.65002e-08
3.78514e-10 5.66195e-10 3.67649e-09
9.08437e-09 -1.16366e-08 3.06761e-08
7.70461e-09 -7.01575e-10 8.56244e-09
-1.20901e-09 4.23544e-09 1.31306e-09
-1.2351e-09 -2.23701e-09 2.18805e-10
-2.3819e-08 2.53034e-08 -1.16745e-08
-1.02111e-08 5.22147e-09 8.45044e-09
-3.42155e-08 8.36261e-09 -6.11069e-09
5.3083e-09 -4.05016e-09 5.16684e-09
-8.37955e-09 4.82184e-10 3.36896e-10
4.62712e-09 5.13875e-10 6.78078e-10
2.52483e-08 -4.00359e-10 -2.39995e-09
3.68054e-10 -7.91713e-09 1.5033e-09
1.14817e-09 1.1738e-09 -1.37026e-09
3.20221e-09 2.32409e-09 7.17213e-09
-1.09045e-09 2.44678e-09 -2.59282e-08
-1.63234e-08 4.20585e-10 7.94919e-09
-5.39488e-09 1.9629e-09 2.66518e-09
2.13143e-09 -8.88822e-10 3.3577e-09
-4.98424e-09 1.75123e-09 -7.12742e-09
-1.39903e-08 1.14456e-08 6.49438e-08
-2.83421e-09 6.57014e-10 -1.36473e-09
-1.30473e-09 3.64826e-09 -1.32971e-09
2.28698e-10 -1.38832e-09 1.53318e-08
0.0 0.0 -3.8832e-08
-5.30727e-09 -9.27929e-09 3.87653e-09
8.80469e-09 -1.22742e-08 7.67042e-10
-6.16229e-11 -2.87352e-09 2.74428e-09
1.36864e-08 -6.02342e-10 6.82802e-09
-7.44441e-08 -3.93276e-09 -2.02818e-08
3.46355e-09 1.00376e-08 -4.62309e-09
1.65187e-09 2.59241e-09 -1.06564e-09
3.77277e-09 3.81497e-09 5.41294e-09
2.17035e-09 1.21675e-08 -2.95832e-08
-2.61784e-09 -6.75797e-09 -7.94506e-10
-4.15552e-09 -2.03418e-09 1.6008e-10
1.60733e-10 4.38927e-09 -3.02024e-09
-1.46199e-09 6.57484e-09 -7.49975e-09
6.11512e-09 -2.55208e-09 -5.88428e-09
2.89033e-09 -1.03681e-09 -9.05552e-09
-1.1506e-08 6.88616e-10 -2.61488e-09
1.15921e-09 -3.3186e-10 -5.77785e-09
5.6876e-09 -1.2822e-08 -2.71045e-09
2.08009e-08 -4.5828e-08 9.12021e-08
-1.53296e-08 1.03114e-08 -3.92223e-09
-3.48163e-09 1.07507e-08 -1.36231e-08
-2.99299e-08 -1.93482e-08 4.595e-08
1.42029e-08 9.72919e-09 -3.3915e-09
9.91884e-09 -1.71559e-09 -6.7273e-10
1.28147e-10 1.3403e-09 3.8147e-10
-4.78147e-08 2.11104e-09 -5.02711e-09
8.43655e-09 -6.52469e-09 4.52666e-09
1.50035e-09 -7.18211e-08 9.97581e-08
2.34293e-08 -4.36058e-08 2.98796e-08
-1.10169e-08 -3.26789e-07 1.86062e-07
5.57184e-09 -2.90837e-09 5.79815e-09
-2.47103e-08 -1.6403e-08 1.94338e-08
-1.16121e-08 1.08848e-08 1.21036e-08
-3.6137e-10 -6.23736e-09 3.71882e-09
4.54128e-09 -2.98913e-09 1.15229e-10
4.59249e-09 -5.7434e-09 5.65053e-09
-1.85561e-08 -1.28903e-08 -1.05932e-08
1.71416e-09 7.26287e-10 -1.02315e-10
-1.03593e-09 3.20429e-09 -3.98285e-09
-7.0426e-09 1.2483e-08 6.42716e-09
2.76505e-09 3.74174e-09 -2.60474e-09
6.95924e-09 1.86456e-09 -7.13498e-09
4.4958e-09 7.99834e-09 -7.59949e-10
-4.5399e-10 -1.00421e-08 9.38965e-09
-1.89266e-09 -1.11379e-09 2.34575e-10
3.38608e-10 1.45976e-09 -3.89305e-09
-4.41774e-09 1.19559e-08 -9.95705e-09
-2.26813e-10 -1.65217e-09 3.52176e-09
9.49636e-09 7.94693e-09 3.45845e-08
1.36742e-08 -4.692e-09 -1.33349e-08
2.98146e-09 1.3838e-09 -7.58102e-10
-1.65987e-09 1.40395e-09 -8.99321e-10
1.39222e-08 -3.40607e-09 8.7669e-09
-1.41209e-10 4.47583e-10 -1.5904e-09
1.58049e-09 1.64195e-09 1.16627e-09
-1.96425e-09 -1.41078e-08 3.84646e-09
-1.19135e-08 -5.0817e-09 -1.10633e-09
-1.63376e-08 -1.24906e-08 -1.09707e-08
4.20745e-10 1.54659e-09 -3.23089e-09
1.7571e-08 -2.77849e-08 1.10977e-07
5.39943e-09 -3.58618e-09 -1.07584e-09
1.06423e-09 -5.07278e-09 3.46255e-09
3.90909e-09 5.92576e-10 -3.36163e-09
-1.58232e-08 1.561e-08 -8.75577e-09
7.68267e-10 2.88143e-09 -1.71001e-09
7.29513e-10 -2.81455e-09 -7.77414e-09
-4.82826e-10 1.67008e-09 1.49211e-09
1.07141e-09 -3.42529e-09 -3.43964e-08
-8.7249e-09 2.18698e-09 -9.40855e-09
4.71703e-09 -6.70035e-10 4.80206e-09
-8.66882e-09 -7.09709e-09 2.10179e-09
-2.04108e-08 4.72058e-09 -1.30918e-09
-8.62231e-09 -7.36194e-10 1.04961e-09
-1.70455e-08 3.82323e-09 -2.95563e-09
-1.09908e-08 3.54427e-09 -4.35013e-09
1.84133e-08 4.91812e-09 -1.64971e-09
1.13498e-08 -8.08237e-09 4.79868e-09
-2.2607e-09 2.75624e-09 -3.38296e-08
-4.46913e-09 -3.98716e-09 2.95981e-10
-2.92595e-10 1.16301e-08 -7.01262e-09
-3.86059e-09 5.03909e-09 -7.94267e-09
6.78794e-08 -7.39626e-08 1.44957e-07
4.81357e-09 3.78584e-09 1.25871e-09
1.26813e-09 2.0408e-09 -2.8601e-09
-1.34449e-08 -9.94646e-09 -1.7859e-08
1.16408e-08 -8.28107e-09 -2.69306e-10
6.93153e-09 -1.09706e-09 1.0174e-08
-3.72677e-08 -1.07338e-08 1.31292e-08
-7.55499e-09 -5.43954e-10 -1.01777e-09
-6.86216e-12 -5.1588e-12 8.90098e-13
-1.29095e-08 -1.47337e-08 -2.73452e-08
2.70947e-09 -5.02424e-09 1.47756e-10
4.2847e-09 5.31552e-10 -6.00049e-10
-2.42443e-09 -4.40327e-10 -4.80483e-09
6.23949e-09 8.00249e-10 4.33737e-09
6.48464e-10 2.80015e-09 -2.09003e-09
-3.0337e-10 2.23309e-10 -4.62072e-09
-1.07307e-09 -6.89749e-10 -3.052e-09
8.42956e-09 -5.27496e-09 2.52385e-09
-2.84193e-10 -3.30452e-10 -1.29323e-10
4.27825e-10 -2.26414e-10 -1.00798e-09
2.18492e-09 1.0188e-08 6.62371e-09
1.64757e-09 3.37238e-09 -2.97614e-08
3.69694e-09 -9.42736e-09 -6.04393e-09
-2.54136e-09 -1.63696e-09 3.99649e-09
-4.18441e-08 -1.77071e-08 -8.28298e-09
-2.15396e-09 -2.81347e-09 -1.80038e-09
5.19109e-09 2.17428e-08 2.23593e-08
4.56216e-09 5.72432e-09 -4.70498e-09
2.03577e-09 -2.79186e-09 8.97951e-10
5.44323e-09 -6.26781e-09 7.08349e-09
9.72655e-09 -6.60453e-10 3.09712e-09
-5.81006e-09 8.50866e-10 2.00824e-11
7.80065e-10 -5.04188e-09 1.25226e-09
-3.41427e-08 1.93584e-08 -1.42278e-08
2.78619e-08 3.24357e-09 -4.41824e-08
1.95081e-08 1.07893e-08 7.88371e-09
-2.38504e-09 -1.60053e-09 -6.15007e-10
-2.13386e-08 -3.21472e-08 1.47569e-08
5.1335e-09 1.13887e-09 3.40411e-10
7.11717e-11 1.01016e-09 -7.2947e-09
1.18847e-08 4.366e-09 2.32438e-08
1.54614e-08 -7.36127e-09 -1.48972e-08
4.27479e-08 8.67005e-09 2.07601e-08
-2.46042e-08 1.28505e-09 -2.7623e-09
8.75983e-09 -3.56629e-09 7.10969e-10
2.47967e-09 -5.62975e-09 -1.93914e-09
9.89408e-09 -5.67141e-09 7.70759e-10
-1.31161e-08 -9.13187e-09 6.1444e-09
2.8055e-08 3.98874e-09 -9.04043e-10
-7.58528e-10 -8.27684e-10 1.86294e-09
-1.88308e-09 5.57263e-09 -7.07701e-09
2.36733e-09 -1.04138e-09 4.16918e-10
-5.16303e-09 7.05559e-09 6.54066e-10
2.41809e-09 -1.04701e-08 1.08378e-08
-3.58994e-08 -4.75047e-08 3.56527e-08
-6.53204e-09 -6.06102e-09 2.27295e-10
-2.95088e-09 -7.25281e-09 1.66015e-09
4.90803e-09 9.1355e-10 5.60866e-10
-1.96824e-09 9.04976e-10 -2.56559e-09
-1.17823e-08 -2.07819e-08 -8.41416e-09
-3.16856e-09 6.00387e-10 -6.30737e-09
4.88421e-09 1.0974e-09 -8.71948e-10
-5.18643e-09 3.18315e-09 -7.92973e-09
2.33505e-10 -7.80661e-09 1.43293e-09
4.04741e-10 -5.13835e-09 -2.95026e-09
-5.07088e-09 -7.64425e-10 -1.67279e-08
4.16153e-12 -2.1179e-09 2.53894e-10
4.3413e-11 -1.79382e-09 -1.28272e-09
6.78433e-09 1.12827e-08 -3.67742e-10
-5.08711e-09 -2.71392e-10 -4.74146e-09
3.24974e-09 4.83057e-09 1.29446e-10
-2.4718e-09 -6.36555e-09 -3.09919e-10
7.25045e-10 -2.90967e-09 -3.77463e-09
8.39059e-09 -4.99084e-09 9.38147e-09
-1.50395e-08 9.09602e-09 -3.16729e-09
4.00296e-09 5.11819e-09 -3.21573e-08
1.15413e-08 -1.2986e-08 -2.24845e-08
-1.82138e-08 -1.51601e-09 -4.54771e-09
-2.65556e-10 -3.02713e-09 6.93547e-09
2.30414e-09 -4.3887e-09 -8.87187e-09
-1.24552e-09 2.27244e-09 -9.43833e-10
6.19866e-09 -1.50593e-09 1.68983e-09
-4.23543e-09 -1.21417e-08 7.26561e-09
1.48997e-10 -1.64827e-09 6.5263e-09
-9.57386e-09 9.22105e-09 -3.97412e-09
-1.48052e-08 -8.05227e-09 6.31685e-09
1.4724e-10 -2.28736e-09 -1.1799e-09
-9.34712e-10 -1.50253e-08 6.12274e-09
9.049e-10 -1.04968e-09 -4.81023e-09
-1.05848e-08 -4.18409e-09 1.03947e-09
0.0 0.0 -3.8832e-08
1.34451e-09 -1.06927e-09 -8.95163e-09
-1.15523e-08 1.43897e-09 5.97443e-10
4.86702e-10 1.67037e-09 -9.52592e-10
-5.51537e-09 -7.07948e-10 -1.70675e-09
-2.21662e-09 6.50275e-10 3.66343e-10
-8.83622e-09 -1.32028e-08 6.46429e-09
5.55172e-10 -1.61074e-08 8.89901e-10
3.73184e-09 -3.62845e-09 3.14788e-09
-2.90028e-08 1.79372e-08 -9.37196e-09
3.76928e-10 -5.19674e-09 -7.70063e-09
-2.0257e-08 8.40371e-09 -8.91459e-09
-6.09117e-10 2.26674e-10 -8.16509e-10
4.61812e-09 -1.15089e-08 2.82137e-08
-5.72262e-09 -4.79333e-10 1.11797e-10
-1.00044e-08 1.16853e-08 1.92471e-10
-4.67169e-09 -4.14934e-11 -6.42659e-09
-3.06328e-08 2.26136e-08 -4.76873e-09
2.9561e-09 -1.96087e-09 6.39889e-09
-1.26317e-08 -1.28603e-08 1.63068e-08
3.47787e-09 -2.7924e-08 6.0553e-09
-3.42999e-08 3.87664e-09 4.23522e-09
6.5655e-09 -1.72772e-09 7.62695e-09
6.47266e-09 -3.5612e-09 -2.40786e-09
8.01223e-09 1.8354e-08 -6.18036e-10
3.65324e-10 -3.11171e-09 1.14127e-10
1.92463e-10 -4.12476e-10 -1.30864e-10
1.84351e-09 2.11873e-09 -3.09561e-09
1.23175e-08 4.01985e-09 -1.82191e-09
1.39116e-08 -7.6802e-09 6.6017e-09
-1.07466e-09 -5.33356e-10 6.26556e-11
-2.28629e-09 3.81184e-09 -1.41098e-09
-1.0247e-08 -1.3573e-09 -8.55934e-09
3.57134e-09 1.32372e-08 1.03754e-08
2.39555e-09 3.96236e-10 -2.2103e-09
1.34102e-09 -5.12694e-09 1.82874e-09
-3.6635e-09 4.73502e-09 -1.0917e-08
-6.48225e-08 -1.8991e-08 5.71254e-09
-3.64016e-09 -2.41508e-09 9.74844e-10
-3.27749e-09 -5.81007e-09 3.38149e-09
-1.6835e-08 -1.41294e-08 6.97449e-09
6.52212e-09 -5.00274e-09 -1.16648e-10
5.9421e-09 -7.60606e-09 4.28541e-09
8.07697e-11 3.72381e-10 -6.49173e-09
4.86589e-09 -3.57454e-09 -2.22062e-09
-4.73653e-10 1.4875e-09 -5.84061e-09
-4.00707e-09 -1.80966e-09 -6.80328e-09
9.54792e-09 2.12606e-09 -1.65764e-09
-1.35671e-08 -7.96029e-09 1.05022e-08
3.52157e-08 4.90735e-08 -1.1577e-07
3.19059e-09 2.73176e-09 4.78412e-11
-6.73039e-09 -8.97587e-09 -1.04978e-08
1.18924e-09 -3.77806e-09 2.25817e-09
-8.51534e-09 -5.8678e-09 -5.99416e-09
-1.0642e-08 -2.27153e-09 8.31659e-11
3.64573e-09 -1.95702e-08 1.47144e-09
1.60372e-08 -1.14837e-09 -8.38622e-10
3.15876e-10 2.68133e-08 -2.11046e-08
4.43819e-09 8.59058e-10 -1.76907e-09
-3.52472e-09 -8.43168e-10 1.85009e-09
8.13401e-10 -9.12126e-11 2.45164e-09
3.11938e-10 -2.86929e-09 -3.69745e-08
8.54393e-09 -7.91773e-09 -1.86718e-09
1.3241e-08 1.58013e-08 -4.10417e-10
-2.74539e-09 3.11965e-09 4.33288e-09
-3.80836e-10 8.62094e-09 -1.71643e-10
0.0 0.0 -3.8832e-08
-1.91899e-08 -9.37618e-10 -1.89653e-09
-2.12886e-08 1.10545e-08 2.27464e-08
3.34799e-11 -1.65795e-09 7.29246e-09
7.10994e-09 3.85357e-10 8.70218e-10
-6.4721e-09 -6.11287e-09 -1.64439e-08
6.03771e-09 2.11547e-09 -2.20046e-10
-1.46637e-09 -1.96506e-08 -1.23345e-09
-2.25415e-09 -2.84957e-10 -9.61197e-10
1.14351e-08 -6.53088e-09 6.8418e-09
-4.44518e-10 -8.10424e-10 -4.64835e-09
1.58713e-09 4.89162e-09 -3.8715e-09
-9.98861e-09 4.39108e-09 9.31195e-09
-5.59227e-09 -4.1073e-09 1.17674e-09
-8.15342e-10 4.72957e-10 -4.62005e-09
1.00118e-08 -7.37561e-09 4.20718e-09
-1.02289e-09 -4.61877e-09 -2.54763e-10
-6.20802e-10 -5.78947e-09 -2.00563e-09
2.37085e-08 6.72799e-09 -2.73059e-08
-1.83558e-09 1.83155e-10 -1.36872e-09
-1.38484e-08 5.00202e-09 -3.60677e-09
1.15715e-08 -4.89915e-09 2.47946e-09
1.00978e-08 4.06436e-09 -1.13034e-08
3.82294e-09 2.43153e-09 -5.59983e-10
-8.93906e-11 -1.27233e-08 4.16768e-09
7.42385e-09 -7.75007e-10 -7.37817e-09
-1.22533e-08 -3.81785e-09 -1.17109e-09
-6.04913e-09 7.07013e-09 -1.73753e-09
-2.21022e-09 -3.99197e-09 -2.34561e-08
1.49896e-09 3.81336e-09 -2.51362e-08
-1.74115e-08 5.08954e-09 -4.41089e-09
1.08964e-08 -4.4693e-09 1.47567e-08
1.64459e-08 -2.14198e-08 1.5955e-08
-3.68644e-09 -3.33305e-09 1.46692e-09
-2.20479e-08 -5.4979e-09 5.59553e-09
-9.3504e-09 -5.99071e-09 -1.12473e-08
-2.54275e-09 -6.21376e-09 -9.30821e-10
-7.14273e-09 6.37336e-09 -2.19041e-09
-3.37338e-08 3.40438e-08 -1.61618e-08
-6.98702e-09 -4.56694e-09 1.68698e-09
-4.37739e-09 3.54103e-08 -7.61721e-09
9.57397e-10 4.83654e-09 -3.70505e-10
8.60162e-09 -7.87744e-09 5.79539e-09
6.45574e-09 -1.56878e-08 8.14428e-10
1.3224e-09 9.48686e-09 -4.15934e-09
-5.11563e-09 3.72529e-09 5.68064e-11
-7.42352e-10 1.11216e-08 -4.27176e-09
-1.78069e-08 -1.27854e-08 -4.46856e-09
2.93456e-09 8.69867e-09 -3.32929e-08
-2.43236e-08 -8.53846e-09 9.14644e-10
9.49355e-09 -1.20757e-09 -3.02589e-08
-2.09215e-08 -5.18678e-09 1.22914e-09
4.34728e-09 6.64743e-09 1.08308e-08
-3.48337e-09 -3.33661e-08 -3.59765e-10
-2.58805e-09 -2.64459e-09 -6.22956e-09
-1.4337e-08 -2.30248e-10 -8.39797e-10
-1.92466e-08 2.08981e-08 -7.29213e-09
5.20573e-09 -5.75141e-09 4.39112e-09
-2.77006e-09 -1.10354e-08 -4.89815e-09
1.29553e-08 -2.29131e-09 5.13063e-09
-8.73555e-10 -4.5175e-09 -8.31722e-10
2.12928e-08 2.01424e-08 1.36786e-09
6.93338e-09 6.3043e-09 1.02025e-08
1.30934e-09 -9.266e-09 -1.16132e-08
-2.23605e-08 -8.04306e-09 -8.04031e-09
-1.12919e-08 -1.89868e-09 2.22452e-08
6.51364e-10 -1.65616e-09 -3.27371e-08
4.28346e-09 2.75273e-09 -5.07445e-09
1.84406e-08 -2.13904e-08 1.11479e-09
-6.18416e-09 -3.99792e-09 9.5448e-10
1.5864e-08 -8.57931e-09 2.57815e-10
0.0 0.0 -3.8832e-08
1.46164e-09 -1.69758e-08 2.64884e-08
-2.11837e-08 8.10989e-09 -6.12979e-10
-4.71796e-09 5.1938e-09 -7.5086e-09
-2.43614e-08 8.68161e-09 -2.17625e-08
5.12045e-10 3.67194e-09 -5.5365e-09
2.66373e-09 -1.74976e-08 2.45409e-10
5.22584e-09 -2.07039e-10 -1.18072e-08
5.8408e-09 3.01746e-08 3.05851e-08
1.26237e-08 -1.18521e-09 7.90856e-09
3.67084e-09 1.43056e-09 -4.33361e-09
2.83906e-09 -8.45273e-10 6.52979e-09
-1.5969e-08 4.1125e-09 -9.69024e-09
-2.83951e-09 -4.2155e-09 -8.20545e-10
6.87046e-09 -6.20928e-09 -2.31407e-08
1.99376e-09 -1.23068e-09 1.43762e-08
-1.19298e-08 -5.64934e-09 -1.29974e-09
1.0403e-08 5.10072e-09 -1.23319e-09
1.00805e-08 -2.60174e-09 -1.12603e-08
4.22191e-09 1.05408e-08 -1.15177e-08
5.23226e-09 -1.80418e-09 -3.13199e-08
-4.04914e-09 5.90209e-09 -7.71705e-09
-1.46477e-08 -1.40313e-08 -3.23318e-08
-1.91606e-08 1.49709e-10 -2.29389e-09
-6.87927e-10 1.52673e-09 -1.14333e-08
1.02647e-09 -2.48608e-09 1.29919e-08
3.28083e-09 1.09078e-08 -7.90572e-09
-6.08737e-10 -3.63302e-09 -1.76181e-08
-3.05547e-08 3.66343e-08 3.70743e-09
4.83181e-09 5.55073e-09 -4.31574e-09
3.50543e-10 2.29048e-08 -1.41052e-08
6.8375e-10 -1.56877e-09 -3.6379e-08
-3.28028e-09 -2.3453e-08 -1.57559e-08
2.64631e-08 -4.49382e-08 1.45481e-08
1.97627e-10 2.40257e-09 -1.80277e-10
2.15386e-09 2.51902e-09 -3.95787e-10
1.39192e-09 1.56284e-09 -2.5111e-08
-4.12389e-09 1.93044e-08 -1.29484e-08
-3.40997e-09 3.18457e-09 -2.86126e-09
-1.56861e-08 -4.81702e-09 -6.86953e-09
1.73391e-09 6.02201e-09 -4.62542e-09
-5.95536e-09 -2.7899e-09 -5.93321e-10
-6.90415e-09 7.49257e-10 -1.7529e-09
-2.91808e-09 -1.49522e-08 -2.48101e-09
2.82798e-09 -2.82771e-09 4.75883e-10
3.14923e-09 -1.159e-09 5.66795e-09
-8.04734e-10 -7.70665e-09 5.37921e-09
-8.08587e-09 -2.30451e-08 1.33461e-09
-6.33377e-09 -3.92079e-09 -2.71937e-09
-4.10301e-09 4.20083e-09 1.00805e-08
1.29119e-08 -6.87376e-09 -2.39248e-09
-9.52403e-09 -5.67154e-09 1.9429e-09
3.75863e-08 4.00276e-08 -3.25074e-08
-3.08646e-09 -4.56907e-11 4.93639e-11
1.21955e-08 6.87259e-09 4.43303e-09
5.472e-10 4.45615e-09 -6.51161e-09
-6.99374e-09 -1.999e-09 2.17806e-10
1.11679e-08 -4.92082e-11 3.26811e-09
-2.85232e-09 1.41719e-09 -4.00295e-09
-3.56949e-10 6.29079e-09 -1.14388e-08
-2.52729e-09 7.70213e-09 -4.35989e-09
-1.37806e-08 4.19164e-09 5.55509e-09
-8.52856e-09 -4.63551e-09 -1.61125e-09
-3.78035e-09 4.18293e-09 -5.35538e-09
1.7205e-09 -5.00638e-09 -8.11361e-09
7.6859e-09 -7.21042e-09 -2.48814e-10
6.61621e-10 -4.68861e-09 -6.62298e-09
7.34313e-10 -6.15137e-09 -1.29144e-09
6.67173e-09 -1.6482e-09 -7.77311e-09
5.59175e-09 -5.12981e-10 3.07101e-09
-1.43232e-08 -2.42161e-09 -3.52596e-09
-9.96719e-10 2.17347e-09 5.99598e-09
1.90749e-09 -1.86961e-09 -5.90583e-09
-9.16006e-09 1.14731e-08 -3.10026e-09
-2.81928e-09 -6.29928e-11 1.45322e-09
9.19749e-09 2.81726e-09 -2.15518e-09
2.53382e-09 4.1573e-09 1.0073e-09
-7.8537e-09 9.27996e-11 -1.27424e-09
-3.49334e-09 6.84414e-09 -1.67926e-08
-2.22182e-08 1.5757e-09 -1.30583e-08
1.90961e-09 -1.46358e-09 3.61737e-09
-9.68317e-09 -2.81159e-09 -1.28928e-08
-9.04144e-09 2.00491e-09 -2.17585e-09
-3.59827e-09 -4.74616e-09 8.20179e-09
-6.77039e-09 -5.29126e-09 2.34812e-09
2.53201e-09 8.97849e-10 1.05819e-08
-2.30916e-08 2.06957e-09 -5.77226e-09
3.47037e-10 2.08097e-10 -1.1343e-10
-4.49082e-09 1.95108e-09 -4.02838e-08
-3.0511e-09 6.6174e-09 -5.4186e-09
1.47483e-09 -3.30637e-09 2.4792e-11
1.19687e-09 -1.48276e-08 -9.23776e-09
1.08175e-08 6.71228e-09 3.61755e-09
-7.56432e-09 5.94475e-09 -3.13249e-09
-3.76693e-09 6.93252e-09 -2.97193e-09
-8.08275e-09 -1.8483e-09 -4.43936e-10
-2.07716e-08 -1.68923e-10 7.27316e-10
-1.24729e-08 1.45262e-08 -2.04406e-08
-3.83081e-09 -2.72601e-09 -1.12376e-08
-5.6959e-09 -1.26617e-08 -5.44704e-09
-1.88638e-09 -3.84407e-09 -1.61699e-08
-1.15714e-08 1.39647e-08 8.60647e-09
3.39033e-09 9.24793e-09 -2.64226e-09
-4.64825e-09 -5.23225e-09 -2.70868e-10
2.81489e-09 1.32389e-08 4.0202e-09
-9.20704e-09 8.27597e-09 -9.49313e-09
1.54685e-09 -2.68039e-09 3.91015e-09
-8.84725e-09 1.13305e-08 4.07223e-09
1.04421e-08 6.17166e-10 -2.91451e-09
-8.23907e-10 -1.05899e-08 -1.18624e-10
-2.75525e-08 2.50542e-09 1.11229e-08
3.25478e-09 -6.52235e-09 -1.44453e-10
1.14085e-08 -9.01426e-09 1.117e-09
-1.21022e-08 2.25048e-09 -7.94339e-09
5.35563e-09 -5.47989e-09 -1.44584e-10
-4.39422e-09 2.68209e-09 -7.65915e-09
-9.08261e-10 1.11926e-09 -3.4628e-09
3.5034e-09 2.25318e-09 -7.1683e-09
-9.01932e-09 2.14782e-09 -3.41102e-09
1.05417e-08 -9.22501e-09 -4.21375e-09
4.85876e-09 -5.24216e-09 -8.73591e-10
-6.38389e-10 -7.399e-09 2.49314e-09
5.47754e-09 -5.41164e-09 1.11599e-08
-5.02126e-10 5.56349e-09 -2.08999e-09
-7.01163e-10 7.09593e-09 3.14851e-10
1.67869e-09 -2.87017e-09 2.2474e-10
1.19623e-08 -1.50211e-08 7.17456e-10
-5.58089e-09 3.07297e-08 3.49945e-08
5.16153e-09 -6.56011e-09 4.94905e-09
0.0 0.0 -3.8832e-08
0.000308648 -0.00285785 -0.000134859
-4.98312e-09 1.39791e-08 -1.76547e-08
-5.86408e-09 -3.50944e-09 2.3936e-09
-9.63317e-09 -1.47275e-10 -3.1646e-09
5.60368e-09 -4.60547e-09 1.36188e-09
1.2152e-08 7.62831e-09 7.39549e-09
-1.36866e-08 -1.35359e-08 -1.57222e-10
1.41878e-09 -2.6532e-09 -1.20567e-08
4.41844e-08 -6.20221e-09 -2.35629e-08
-3.20234e-09 1.57009e-10 -5.1011e-10
7.95815e-08 -3.55229e-08 2.9185e-09
-4.30751e-09 -2.2708e-09 4.32296e-09
2.90107e-08 -6.39055e-09 4.58561e-09
-2.65555e-09 -2.73662e-09 2.19457e-09
-3.85151e-09 2.59095e-09 5.69724e-09
1.68767e-09 -1.20112e-08 7.2936e-10
-1.16482e-09 5.71576e-10 7.22348e-11
1.06441e-08 2.57436e-09 -9.78765e-10
-7.00418e-09 8.30794e-09 -6.46116e-09
8.55189e-10 -7.70829e-09 1.13155e-09
1.43748e-08 -5.26291e-09 -2.61688e-09
-9.81072e-08 8.36254e-08 -6.71284e-08
-2.17763e-09 5.63756e-09 -2.9227e-09
-2.20917e-09 6.82442e-09 1.02832e-09
-2.06391e-10 8.79944e-11 2.69905e-10
-5.34555e-09 -3.61922e-10 -3.59753e-09
-1.20434e-09 -2.3719e-09 -2.0578e-10
2.48345e-08 2.07579e-08 4.91551e-09
6.48182e-10 4.93179e-10 -1.83948e-08
7.97368e-09 -7.56299e-10 7.73656e-09
3.04807e-09 3.38504e-09 5.59981e-09
-1.15566e-09 1.52813e-10 1.69404e-09
-2.16076e-09 -8.72082e-10 -2.68443e-09
1.79939e-08 -2.18942e-09 -7.63978e-09
-3.39903e-09 -1.76748e-09 2.43907e-09
1.41135e-09 2.35129e-09 2.24857e-10
-1.46371e-09 8.08777e-09 -6.54474e-09
-6.05571e-09 3.84147e-10 -2.47038e-09
4.51217e-09 5.67319e-09 -8.82249e-09
-3.78018e-09 -1.51699e-09 -7.00728e-09
1.84632e-10 2.41982e-09 -1.21273e-09
-6.39443e-09 5.94865e-09 -3.47374e-09
4.67781e-09 -1.93117e-09 1.76144e-09
1.25527e-09 7.17209e-10 6.67962e-10
3.29966e-09 -1.32396e-09 -2.89699e-09
-1.88298e-09 -4.94063e-09 2.65091e-09
-1.01701e-08 9.41633e-09 -6.44028e-09
6.36205e-09 -2.00196e-09 3.09197e-09
-1.30406e-08 1.44206e-08 -2.82016e-08
-4.94095e-10 7.35479e-09 -2.84299e-09
-2.68331e-08 1.59618e-08 -4.48983e-09
7.63391e-10 6.51077e-09 -2.63545e-09
6.45766e-09 -7.17317e-09 -7.63046e-10
-8.80616e-09 5.45863e-09 -1.87059e-09
-8.69303e-09 1.00383e-08 -7.444e-09
5.81028e-09 -6.33138e-09 4.38159e-10
-1.23192e-09 7.44126e-09 -5.62182e-09
1.72192e-08 -3.07121e-09 -4.6778e-08
9.37346e-09 -5.36657e-09 -8.99493e-10
2.93423e-08 2.43157e-08 2.01463e-09
1.75538e-09 2.26733e-08 4.58185e-09
-7.23777e-09 -5.63152e-09 6.19324e-10
1.45329e-09 1.50461e-09 1.51914e-09
-5.74773e-10 1.94739e-09 -2.38529e-09
1.99189e-09 -1.32022e-08 -1.88551e-09
8.92063e-09 1.87195e-08 -2.32284e-08
7.82627e-09 -5.02465e-09 1.10907e-08
-4.55997e-09 -4.49558e-09 1.1597e-09
2.27384e-09 9.42756e-10 4.56021e-10
-1.19496e-10 -1.20848e-09 1.59113e-09
-5.82751e-09 -3.30396e-09 -1.35033e-08
3.98111e-09 -1.84834e-09 2.14415e-10
-2.25106e-09 3.33013e-09 -1.13657e-08
2.25173e-08 -4.9532e-09 1.05407e-08
2.16653e-09 3.60485e-09 9.48022e-10
7.56979e-10 -3.34826e-09 9.42884e-09
-5.49609e-09 2.54729e-09 -3.98753e-09
5.69708e-09 8.82937e-09 -5.93883e-09
1.12301e-08 5.21047e-09 -1.98856e-10
-1.59544e-09 6.0848e-09 -1.21086e-09
6.23767e-10 8.05325e-09 -1.46928e-08
-7.68762e-09 1.1636e-10 -1.25482e-09
8.59407e-09 2.45441e-08 -2.79307e-08
-1.45886e-09 -2.06652e-09 -9.00767e-09
-1.92755e-09 2.49688e-09 5.99969e-09
-2.01664e-09 1.28131e-10 -5.01867e-10
1.82459e-10 4.11365e-09 -4.00397e-10
-2.02565e-09 5.5744e-09 -4.51128e-09
-1.43056e-08 4.80989e-10 -1.93402e-10
1.40057e-11 3.67827e-12 -3.28648e-13
-1.38067e-09 -2.60831e-08 3.3875e-08
-1.98704e-09 2.98951e-09 -1.81469e-10
-3.44764e-09 -1.87299e-08 -8.47886e-09
6.05756e-09 1.77338e-08 2.66617e-10
-6.54245e-09 -1.0053e-08 1.48372e-08
-4.2879e-09 4.64019e-09 -3.26599e-09
-1.93066e-08 -2.93001e-10 -1.1118e-08
-1.05688e-09 5.4249e-10 -3.19748e-09
-1.24963e-08 -2.3928e-10 5.86602e-10
1.20329e-08 2.10651e-08 -2.23717e-09
-1.37965e-08 2.44775e-08 4.37041e-08
2.38639e-09 1.28179e-10 3.3017e-09
-2.74988e-10 -6.20198e-09 -9.43957e-09
-4.74075e-09 -5.18399e-09 2.21954e-09
1.68174e-09 6.94384e-09 -3.60638e-09
-5.87904e-09 -8.81357e-10 -2.7832e-09
7.23317e-09 1.70032e-09 1.5286e-10
7.17657e-09 -2.6713e-09 -8.63906e-09
3.9198e-10 -4.46153e-09 1.87221e-10
5.22158e-09 6.35543e-09 -5.42021e-09
-5.14962e-10 -1.2681e-09 4.88697e-10
-2.86809e-08 -5.87753e-09 -2.07804e-08
1.05639e-08 3.62051e-09 2.14024e-10
-6.32552e-09 2.00569e-09 -1.57996e-09
6.93084e-09 9.29696e-10 -1.19199e-08
-1.06414e-08 6.22031e-09 -1.25698e-08
-9.91346e-09 -1.09729e-08 -1.2506e-09
1.6366e-08 3.17398e-09 -5.31196e-09
2.95761e-09 8.78705e-10 -1.32632e-09
-1.60866e-10 -2.42556e-09 -3.18458e-08
8.54795e-10 -8.83384e-09 1.34101e-08
2.90096e-09 1.25088e-08 -1.55391e-08
-6.52946e-09 1.18839e-08 -1.37896e-08
1.55223e-08 -7.63265e-10 1.78878e-09
-1.44877e-08 2.12754e-08 3.21365e-08
