# vtk DataFile Version 3.0
LIGGGHTS particles timestep 121000000
ASCII
DATASET POLYDATA
POINTS 873 float
0.384765 0.0176273 0.00160103
0.384276 0.0168362 0.000152108
0.385979 0.016305 0.000154358
0.384024 0.0178931 0.000346588
0.384103 0.0188777 0.00179976
0.38414 0.0203084 0.00038795
0.385344 0.021108 0.000153527
0.384857 0.0164602 0.000527417
0.384125 0.0186018 0.000725561
0.384479 0.0181392 0.00532873
0.384537 0.0177544 0.000152462
0.383992 0.0184143 0.000151757
0.384812 0.0187844 0.000568853
0.384869 0.0167819 0.000363698
0.384803 0.0169846 0.000152809
0.384915 0.0183348 0.000412633
0.384393 0.0200033 0.000329348
0.384771 0.0189907 0.000354885
0.384249 0.0186361 0.000152072
0.383697 0.0189843 0.000151351
0.38551 0.0163743 0.000153727
0.384537 0.0188112 0.000408422
0.383933 0.0183841 0.000910122
0.383691 0.0196365 0.00137364
0.384551 0.0189669 0.000152444
0.384476 0.0190531 0.00135703
0.384973 0.0159492 0.000153027
0.384718 0.0185669 0.000384781
0.384114 0.0176073 0.000360568
0.384098 0.0188501 0.00119184
0.384545 0.0194202 0.000152446
0.385045 0.0173743 0.000698037
0.385035 0.0210857 0.000153116
0.384772 0.0202231 0.000807152
0.383671 0.0182832 0.000151301
0.385325 0.0170081 0.00015348
0.384387 0.0165562 0.00015223
0.384231 0.0208268 0.00015205
0.384246 0.0213172 0.000152088
0.383713 0.0195261 0.000405419
0.384633 0.0199733 0.00015255
0.383992 0.0202878 0.00155233
0.384483 0.0187432 0.00100059
0.384186 0.021085 0.000765738
0.383776 0.0188306 0.000396501
0.384798 0.0193938 0.00124736
0.38386 0.0208523 0.000151582
0.384491 0.0167411 0.000826766
0.383698 0.0191758 0.000382307
0.384775 0.0177635 0.000333978
0.384311 0.0181618 0.000411136
0.384433 0.0180729 0.000152289
0.38465 0.0160107 0.000152609
0.383254 0.0200098 0.00538195
0.383894 0.018443 0.00061858
0.383721 0.0201648 0.00110894
0.383699 0.0194922 0.000864139
0.385774 0.0165263 0.000154084
0.385379 0.021728 0.000153573
0.38628 0.0159856 0.000154748
0.384848 0.0197614 0.000152852
0.384297 0.0183399 0.000152164
0.384935 0.0213685 0.000152978
0.383124 0.0188914 0.0053278
0.383684 0.0190009 0.00062565
0.384879 0.0194858 0.00532657
0.384411 0.0210667 0.000152303
0.384766 0.0172689 0.000670999
0.384755 0.0205364 0.000152745
0.384609 0.0174633 0.000152565
0.384881 0.0200096 0.000318105
0.383683 0.0186845 0.00015132
0.384162 0.0185702 0.00127856
0.385239 0.0168887 0.00093479
0.384788 0.0175107 0.000494981
0.384247 0.0194577 0.000152149
0.384451 0.0205211 0.000257329
0.384585 0.0196895 0.000278251
0.384989 0.0180879 0.00538114
0.383731 0.0200314 0.000564419
0.384559 0.0213709 0.000152488
0.38375 0.0203316 0.000362374
0.384573 0.0167914 0.000152504
0.3846 0.0205705 0.00124147
0.384776 0.0192293 0.0014972
0.384639 0.0200974 0.000472653
0.383903 0.0177038 0.000549977
0.384494 0.0183088 0.000600776
0.384257 0.0216244 0.000152083
0.384111 0.0181041 0.000151907
0.385046 0.0156469 0.000153133
0.384723 0.0179967 0.000152689
0.384247 0.0178365 0.00015209
0.384318 0.0178481 0.00107352
0.384549 0.0186547 0.000152467
0.384348 0.0198654 0.00534931
0.385094 0.0168168 0.000153198
0.384752 0.0225705 0.000152748
0.384848 0.0172811 0.000152878
0.385244 0.0150807 0.000153389
0.383789 0.0179787 0.000511532
0.384924 0.017576 0.00015296
0.383903 0.0190764 0.00169511
0.383741 0.0199852 0.000151428
0.384918 0.0165741 0.000152936
0.384885 0.017052 0.000501726
0.384186 0.0208278 0.000920195
0.384065 0.0210773 0.00015182
0.384143 0.0171166 0.000665392
0.38461 0.0166839 0.000504771
0.384436 0.0164204 0.000470553
0.384522 0.0198284 0.000536357
0.384329 0.0196006 0.000406404
0.385357 0.0162324 0.000369289
0.384655 0.0177639 0.0006089
0.384445 0.0210826 0.00061393
0.384888 0.0184824 0.000152883
0.384339 0.0202417 0.00015221
0.384024 0.0197277 0.000151798
0.38453 0.0207909 0.000152459
0.384328 0.0191677 0.000152164
0.38394 0.0189665 0.00141837
0.384551 0.0191949 0.000350438
0.385059 0.0170948 0.000261451
0.384487 0.0180145 0.00274646
0.383917 0.0176923 0.000151636
0.384086 0.0206789 0.000369501
0.384017 0.0178156 0.0010481
0.384629 0.0190306 0.000616104
0.384369 0.0196299 0.000702315
0.383973 0.0194558 0.000272738
0.383645 0.018626 0.00149303
0.384214 0.018913 0.000261913
0.383997 0.0183612 0.00149292
0.384354 0.0181276 0.000970878
0.38533 0.0157498 0.000153509
0.384843 0.0197261 0.000750471
0.383882 0.0208933 0.000683803
0.385153 0.0161935 0.000153269
0.384321 0.0175458 0.000152151
0.383893 0.0181982 0.000334512
0.383671 0.0182523 0.000547068
0.383954 0.0200733 0.000368812
0.384054 0.018114 0.000976661
0.384525 0.017627 0.00104162
0.385136 0.0173639 0.000153233
0.384143 0.0188484 0.000895305
0.38543 0.016037 0.000153608
0.384844 0.0162796 0.000152872
0.384041 0.0172809 0.00190693
0.384776 0.0192141 0.000152764
0.384738 0.0211297 0.000152712
0.384242 0.0182841 0.00133722
0.384504 0.0162738 0.000152426
0.384054 0.0212484 0.000551747
0.383685 0.0191839 0.000865309
0.385526 0.0151831 0.00015376
0.38366 0.0192295 0.00180481
0.385015 0.0178821 0.000153096
0.383821 0.0205473 0.00015153
0.38412 0.0173229 0.000881946
0.384887 0.0200695 0.00123921
0.384256 0.0176293 0.0018912
0.384862 0.0154099 0.000152883
0.385449 0.0153171 0.000411083
0.384193 0.0182756 0.000765426
0.384427 0.0184937 0.000374356
0.383698 0.0199058 0.00151214
0.386629 0.0146558 0.000155208
0.384999 0.0169458 0.00110529
0.384194 0.0171429 0.000151997
0.384035 0.0174071 0.000151806
0.38332 0.0173706 0.00557046
0.384223 0.0204655 0.000629471
0.384664 0.0172593 0.000389035
0.385646 0.0158289 0.000153922
0.383727 0.0196849 0.000151352
0.3857 0.021905 0.000153988
0.384618 0.0165645 0.00145456
0.385127 0.0228833 0.000153241
0.383949 0.0181281 0.00240398
0.383656 0.0184144 0.000799005
0.384597 0.0209853 0.000374465
0.384953 0.0181895 0.000152997
0.383829 0.0200711 0.0008451
0.383916 0.0184112 0.0012084
0.384273 0.019306 0.000412651
0.384484 0.019293 0.000625763
0.38406 0.0180981 0.000562722
0.384879 0.0199991 0.000623713
0.383654 0.0183016 0.00107693
0.383711 0.0198085 0.000929167
0.38404 0.0189192 0.000506692
0.384001 0.0186247 0.000370593
0.384096 0.0172042 0.00115637
0.383741 0.0183921 0.00165466
0.384151 0.0200078 0.00015195
0.385432 0.0161542 0.000989522
0.384428 0.0203105 0.000470819
0.384913 0.0202579 0.00015296
0.383737 0.0184819 0.000365851
0.383957 0.0202802 0.000151675
0.383783 0.0193331 0.000624132
0.385412 0.0164235 0.000858941
0.38467 0.0164801 0.000293118
0.384905 0.0176363 0.000740984
0.384543 0.0200376 0.000750395
0.384545 0.0186057 0.000626695
0.384193 0.0193871 0.000690072
0.384375 0.0173074 0.000326281
0.38537 0.01646 0.000564229
0.384684 0.0185515 0.00088703
0.384512 0.0192613 0.00114396
0.384596 0.0183584 0.000152544
0.385398 0.0225749 0.000153598
0.384025 0.0202205 0.000650776
0.384327 0.0195171 0.00122563
0.383991 0.0192075 0.00044013
0.384151 0.0198417 0.000401759
0.384958 0.0208348 0.000422104
0.384423 0.0171198 0.000557588
0.384522 0.019111 0.000884531
0.383977 0.0190641 0.00102036
0.383966 0.0196713 0.000809053
0.38395 0.019828 0.00165544
0.383797 0.0179801 0.000151501
0.384563 0.0188283 0.00157817
0.384475 0.0218465 0.000152389
0.384163 0.0191242 0.00129591
0.385538 0.0156727 0.000386233
0.384176 0.0214768 0.000400124
0.384831 0.0186975 0.00532561
0.385267 0.0171383 0.00109888
0.384787 0.0192974 0.000505741
0.38433 0.0176614 0.000767772
0.385268 0.016555 0.000153424
0.384939 0.0184041 0.00534929
0.384322 0.0197606 0.000152189
0.383571 0.0172133 0.00561819
0.384826 0.0208361 0.000152846
0.384044 0.0195926 0.00053011
0.38395 0.0188232 0.000151695
0.383663 0.0186957 0.000903132
0.384573 0.0197663 0.000874862
0.385544 0.0167736 0.000153767
0.384595 0.019582 0.00533062
0.384024 0.0205359 0.000842431
0.38367 0.0189533 0.00105653
0.384818 0.0186586 0.00147415
0.383998 0.0199217 0.000646966
0.384642 0.0189702 0.00112081
0.38481 0.0191135 0.00529749
0.384823 0.0187753 0.000152842
0.38409 0.0172602 0.000407502
0.383893 0.0187963 0.000737554
0.384172 0.0204908 0.000151977
0.384026 0.0191217 0.000151801
0.384719 0.0171784 0.00107383
0.385052 0.0152442 0.000315822
0.38395 0.017571 0.000875895
0.384535 0.0161709 0.000650912
0.385599 0.0221878 0.000153859
0.383811 0.0178426 0.00161927
0.383838 0.0178409 0.000808748
0.384476 0.0215097 0.000620337
0.385095 0.016411 0.000351609
0.384262 0.0187182 0.000485343
0.385097 0.016661 0.000517353
0.383754 0.018022 0.00103251
0.384775 0.0192142 0.0010082
0.384508 0.0179213 0.000400083
0.384677 0.0161954 0.000387484
0.385716 0.0161397 0.000154
0.384529 0.0178663 0.000860686
0.384411 0.0173697 0.000937237
0.384436 0.0188994 0.00195554
0.384842 0.0197206 0.00105042
0.384666 0.0161567 0.00119108
0.384092 0.0185415 0.00171312
0.384918 0.0157761 0.000391963
0.383842 0.0181377 0.000765364
0.384605 0.0182623 0.000875876
0.385655 0.0216386 0.000284568
0.383739 0.020307 0.000682713
0.38521 0.0159527 0.000338916
0.384589 0.018732 0.00129524
0.384491 0.020832 0.000771988
0.384377 0.0184969 0.000850318
0.384621 0.0195454 0.000538909
0.384733 0.0157222 0.000152726
0.383735 0.017985 0.00208505
0.385022 0.0216963 0.000153099
0.384745 0.0163155 0.000901108
0.383948 0.0191036 0.000724404
0.384351 0.0190302 0.000501337
0.386859 0.0143646 0.000155509
0.384659 0.0181802 0.000385457
0.384489 0.0175878 0.000397336
0.384738 0.0156819 0.000629432
0.383933 0.0210114 0.000413001
0.383647 0.0183513 0.00137266
0.385584 0.0148202 0.000153839
0.384377 0.0207848 0.000410525
0.383792 0.0191593 0.00123687
0.384157 0.0170002 0.00201119
0.384721 0.0184144 0.00115105
0.384131 0.0178979 0.000783292
0.383714 0.0197009 0.000649205
0.384395 0.0188433 0.000731806
0.38424 0.0198735 0.000820489
0.38381 0.0177918 0.00230184
0.384126 0.0189265 0.00209485
0.386429 0.0149011 0.000154946
0.385203 0.0208574 0.000250378
0.38389 0.0186843 0.00132981
0.383947 0.0205273 0.00174167
0.385546 0.0154832 0.000153789
0.38462 0.0169626 0.000394334
0.384167 0.0184102 0.000498595
0.385196 0.0171995 0.000506924
0.384756 0.021196 0.000517415
0.385094 0.0153241 0.000601866
0.384669 0.0180592 0.000659772
0.384625 0.0202781 0.000233595
0.384537 0.017125 0.000152451
0.384917 0.0208989 0.000865326
0.385078 0.0174871 0.000420584
0.384798 0.0179771 0.00136367
0.383713 0.0193667 0.000151366
0.384216 0.0196105 0.000962826
0.384713 0.0188539 0.000843535
0.384927 0.0181464 0.00165981
0.386381 0.0146096 0.000318385
0.38394 0.0192353 0.0019469
0.384625 0.0159358 0.000992226
0.385064 0.0175996 0.000993079
0.384494 0.0216011 0.000335211
0.385037 0.0177713 0.000507708
0.3853 0.0222761 0.000153469
0.384149 0.0174215 0.00135623
0.384617 0.0182388 0.00194652
0.384826 0.0197463 0.000451635
0.384914 0.0180218 0.000398527
0.384413 0.0212931 0.000402576
0.384506 0.0182147 0.00121417
0.384725 0.0216588 0.000152703
0.384369 0.0174106 0.000607919
0.38428 0.0200715 0.000598741
0.383988 0.0176438 0.00175769
0.383998 0.0197803 0.00134191
0.383857 0.020298 0.0054184
0.385054 0.0166358 0.000813162
0.38373 0.0204677 0.00125555
0.384563 0.0178209 0.00230769
0.386866 0.0148392 0.000155518
0.383381 0.0176617 0.00548218
0.384252 0.0191334 0.00191776
0.385573 0.01657 0.000372242
0.383787 0.0207066 0.000403552
0.384609 0.0175087 0.000759445
0.384933 0.0204689 0.000383945
0.384733 0.0182194 0.00546594
0.383855 0.0185733 0.00223043
0.384397 0.0170364 0.00148027
0.385459 0.0212864 0.000705399
0.384994 0.0178984 0.00115068
0.38524 0.0171571 0.000800754
0.385185 0.0218143 0.000376398
0.384784 0.0177663 0.000982415
0.38364 0.0186561 0.00179143
0.383676 0.0194644 0.00161886
0.38472 0.0179296 0.0016495
0.384075 0.017468 0.0006233
0.384683 0.0206986 0.000394728
0.384346 0.0182258 0.00163136
0.384045 0.0194136 0.00122231
0.384942 0.0181845 0.000670843
0.385081 0.0169122 0.0006807
0.384906 0.017765 0.00182702
0.384925 0.0182029 0.00121222
0.384521 0.0212905 0.000819952
0.384024 0.0178751 0.00254701
0.384255 0.0178169 0.000522395
0.38365 0.0185829 0.00118081
0.384869 0.0185034 0.000656458
0.384244 0.0191027 0.000771965
0.385361 0.0169598 0.000583119
0.383039 0.0194119 0.00532808
0.384624 0.0219835 0.000397532
0.384312 0.021744 0.000526527
0.384393 0.0199668 0.00139257
0.384135 0.018057 0.00150129
0.384209 0.0192533 0.00102905
0.385583 0.0215069 0.000544404
0.3849 0.0183466 0.000919818
0.384696 0.0168831 0.000993955
0.384842 0.0174083 0.000925383
0.38437 0.018048 0.000682095
0.384726 0.0194065 0.000783312
0.384595 0.0195564 0.00109803
0.383915 0.0187913 0.00247029
0.384809 0.0180651 0.0009724
0.384759 0.0166249 0.000758371
0.38457 0.0195539 0.00139696
0.384812 0.0194879 0.000270971
0.383949 0.0181169 0.00125743
0.387471 0.0142302 0.000156312
0.383957 0.0192622 0.00146572
0.38491 0.0174139 0.00143372
0.383667 0.0194855 0.00196226
0.384424 0.0200026 0.00102381
0.384149 0.0183884 0.00211817
0.384812 0.0187247 0.00109542
0.386065 0.0154032 0.000154471
0.386193 0.0143552 0.000154638
0.383699 0.0176998 0.00541618
0.385317 0.0167763 0.000349831
0.383991 0.0202703 0.00100011
0.384237 0.0210498 0.000396281
0.384849 0.0197807 0.00135104
0.384436 0.0185036 0.00117495
0.385071 0.0160507 0.000949034
0.384695 0.0169086 0.000684328
0.383966 0.0193571 0.000883771
0.384118 0.0200207 0.00149836
0.385264 0.0153801 0.000153416
0.383737 0.0204241 0.000958864
0.384861 0.0184139 0.00194443
0.386766 0.015446 0.000155387
0.385858 0.0226585 0.000154201
0.384766 0.0190105 0.00170221
0.383821 0.0178459 0.00127299
0.384651 0.0159021 0.000445211
0.384565 0.0185985 0.00191383
0.384324 0.0166934 0.000411434
0.383757 0.0206257 0.000737839
0.383855 0.019792 0.000400755
0.384205 0.0169816 0.000404742
0.384361 0.0205804 0.000869949
0.383746 0.019886 0.00121672
0.384429 0.0194093 0.000896617
0.384264 0.019701 0.00145437
0.384095 0.0174973 0.0021073
0.385857 0.0164151 0.0004202
0.384476 0.0180157 0.00180136
0.385929 0.0159283 0.000154292
0.384496 0.0205858 0.000600607
0.385166 0.0162179 0.00059981
0.385075 0.017798 0.00544926
0.38572 0.0150135 0.000338607
0.383213 0.0181509 0.00539471
0.384967 0.0175102 0.00551503
0.384374 0.0179764 0.0013389
0.383646 0.0190753 0.00206173
0.385042 0.0176622 0.0013292
0.385021 0.0165207 0.00108821
0.385371 0.0167037 0.000739116
0.383687 0.0194289 0.00115716
0.384251 0.0201935 0.000871183
0.383684 0.0197313 0.00175567
0.38455 0.0171259 0.000831624
0.384584 0.0170831 0.00171293
0.38372 0.0180696 0.00144552
0.386417 0.01582 0.000363826
0.384279 0.0170098 0.00091083
0.384166 0.0208226 0.000620873
0.384899 0.0171406 0.00131051
0.384594 0.0192248 0.00196802
0.383935 0.020485 0.000541437
0.383917 0.0176056 0.00146882
0.384504 0.0162026 0.00143974
0.385292 0.0215754 0.000523094
0.38425 0.0176577 0.00547389
0.383949 0.0175526 0.00117531
0.384669 0.0204589 0.000971712
0.384166 0.0170024 0.00171134
0.385647 0.0166177 0.000658815
0.385019 0.0171532 0.00158514
0.38506 0.0206124 0.000153117
0.384648 0.0198871 0.0053544
0.384837 0.0161774 0.000650951
0.384841 0.0204148 0.00132889
0.385258 0.0150732 0.000589044
0.386134 0.0146524 0.000154555
0.384707 0.0203768 0.000557861
0.384197 0.0183694 0.00105318
0.38473 0.0199934 0.000995412
0.383887 0.0186074 0.00270567
0.385739 0.0163339 0.000692502
0.383846 0.0188982 0.00219882
0.385052 0.0212564 0.000405508
0.38402 0.0203931 0.00127286
0.383709 0.0203577 0.00183983
0.383658 0.0188889 0.00134928
0.385055 0.0175679 0.00164622
0.383725 0.0204504 0.00155498
0.385044 0.0173359 0.0011347
0.384113 0.0178101 0.00133236
0.385523 0.0228912 0.000153762
0.384676 0.0184108 0.00170797
0.38468 0.0184119 0.00249347
0.383746 0.0201848 0.0014072
0.387204 0.0148301 0.000155962
0.384504 0.0175641 0.00173547
0.384332 0.0166 0.00184827
0.385828 0.0155866 0.000154149
0.384164 0.0193449 0.00211334
0.383369 0.0195028 0.00532697
0.383938 0.0182989 0.00192469
0.384344 0.0187078 0.0017439
0.384396 0.0171483 0.00114928
0.383999 0.0189293 0.00272315
0.384266 0.0202305 0.00132665
0.3849 0.0166582 0.00149163
0.384888 0.0170644 0.000852946
0.384479 0.0190936 0.00172411
0.383669 0.018646 0.000607385
0.384771 0.0178727 0.00542901
0.384931 0.022263 0.000152985
0.384797 0.0187194 0.00176721
0.386147 0.0150932 0.000154578
0.384624 0.0202233 0.00115647
0.385255 0.0168217 0.00155109
0.383651 0.0189206 0.00164752
0.384246 0.019817 0.0011783
0.383807 0.0188801 0.0019006
0.383792 0.0182626 0.00218403
0.384048 0.0208153 0.00125459
0.384969 0.0176451 0.00238423
0.387104 0.0145422 0.000155832
0.386232 0.0159969 0.00059749
0.384217 0.0195937 0.00532718
0.383994 0.0211105 0.00125289
0.385104 0.0206664 0.000895276
0.38496 0.0179367 0.00223072
0.384343 0.018993 0.00109484
0.384322 0.0185049 0.00152398
0.386034 0.022905 0.00015443
0.383868 0.0176773 0.00203057
0.384483 0.017607 0.00250224
0.384531 0.0199906 0.00176924
0.384121 0.0193085 0.00171234
0.383912 0.0209584 0.00097505
0.384314 0.0188017 0.00139433
0.384591 0.019835 0.00120893
0.384228 0.0190275 0.00157233
0.383202 0.018445 0.00533644
0.383637 0.0184321 0.00199093
0.383738 0.0179125 0.00294812
0.384185 0.0214885 0.000699758
0.383807 0.020716 0.0014052
0.386911 0.0151799 0.000155576
0.386408 0.015065 0.000405325
0.384451 0.0178152 0.00157959
0.38435 0.0176327 0.00128535
0.384168 0.0205883 0.0011
0.385734 0.0154078 0.000376257
0.384883 0.0183661 0.00146038
0.385479 0.0159546 0.000470381
0.38423 0.019528 0.00188516
0.384297 0.0173727 0.00229138
0.384348 0.0181508 0.00562127
0.38524 0.017303 0.00556575
0.382937 0.0180212 0.00543459
0.38453 0.0193759 0.00163526
0.386531 0.0156374 0.000155081
0.384871 0.0228087 0.000290478
0.38485 0.0154724 0.000446023
0.383939 0.0186649 0.00101563
0.384409 0.0183504 0.0022627
0.384797 0.0206164 0.000714676
0.386778 0.0150241 0.00037485
0.38398 0.0200931 0.00124189
0.384201 0.0178784 0.00173287
0.383926 0.0185279 0.00532817
0.385314 0.0171075 0.00162033
0.384609 0.0210502 0.000976344
0.384554 0.0222108 0.000580314
0.384236 0.018658 0.00201956
0.383635 0.0187172 0.00208506
0.384388 0.0164943 0.00124081
0.384209 0.0175724 0.00102744
0.384258 0.0168391 0.000665094
0.384507 0.0203676 0.001442
0.385377 0.0167118 0.00113382
0.384331 0.0211661 0.00101562
0.384493 0.0203332 0.000763495
0.384298 0.0167226 0.00105525
0.384023 0.0180845 0.00211653
0.384803 0.0175485 0.00118774
0.384039 0.0203361 0.00195386
0.387127 0.015063 0.000328428
0.385347 0.0157253 0.000611337
0.385074 0.0159194 0.000604629
0.384511 0.0164494 0.000759569
0.385145 0.0166682 0.00131805
0.38325 0.0191636 0.00532737
0.384463 0.0183038 0.00267059
0.38362 0.0186039 0.00300686
0.384884 0.0211341 0.001062
0.384971 0.0161385 0.000385737
0.386141 0.0157159 0.00015457
0.383814 0.0201548 0.00203452
0.384508 0.0170785 0.0020857
0.384881 0.0169203 0.00208887
0.384517 0.0193915 0.00220541
0.385773 0.023057 0.000154089
0.383869 0.0206738 0.00105937
0.384641 0.0172084 0.00144621
0.384743 0.0208963 0.000621158
0.38453 0.0186008 0.00532954
0.383955 0.0198191 0.00195525
0.384694 0.0184133 0.00219383
0.385395 0.0220027 0.000273123
0.383678 0.0181819 0.00278175
0.384131 0.0178049 0.00209953
0.384821 0.019896 0.00202138
0.384633 0.0165651 0.00102394
0.385921 0.0148895 0.000154282
0.384504 0.0183956 0.00554681
0.384577 0.0177695 0.00194164
0.383648 0.0182102 0.00307883
0.383677 0.0197884 0.00206505
0.384522 0.0187238 0.00218295
0.384046 0.0183165 0.00273333
0.384372 0.0203687 0.00108225
0.384786 0.0173118 0.00168718
0.384605 0.0181671 0.00149334
0.383625 0.0187471 0.00274328
0.384015 0.0173646 0.00161831
0.385456 0.0161931 0.000670762
0.385262 0.0210524 0.000470858
0.383667 0.0191857 0.00150811
0.384274 0.0167486 0.00159407
0.38483 0.0167196 0.00120656
0.384533 0.0173131 0.00189845
0.385647 0.0162013 0.000439508
0.384242 0.018415 0.00534044
0.384489 0.0191119 0.00249392
0.384938 0.0179773 0.00565533
0.384948 0.0161507 0.0012924
0.385449 0.0212776 0.000405706
0.384746 0.0172599 0.00210204
0.383805 0.0196349 0.00532559
0.383814 0.0197678 0.00249218
0.384944 0.0180404 0.00193993
0.385606 0.0166352 0.000955414
0.383971 0.0177367 0.00285403
0.385192 0.0162438 0.00114469
0.384756 0.0214603 0.000375486
0.385172 0.0165033 0.00156716
0.383628 0.0189798 0.002554
0.384791 0.0181638 0.00232966
0.384472 0.0178546 0.00543031
0.384614 0.0180098 0.00564434
0.383621 0.0184463 0.00326209
0.383903 0.0181403 0.00167255
0.385312 0.0159607 0.000793914
0.384101 0.017097 0.00247204
0.384266 0.0167363 0.00210738
0.384767 0.0189866 0.00256239
0.384886 0.0201235 0.0018367
0.384616 0.0198241 0.00153446
0.383892 0.0196399 0.00109816
0.384914 0.0181049 0.00259674
0.386613 0.0151442 0.000155184
0.385753 0.0155862 0.000616693
0.38486 0.0158885 0.00081168
0.384751 0.0175194 0.00190077
0.384998 0.0179166 0.000793309
0.384328 0.018424 0.00185592
0.384336 0.0200476 0.00199016
0.38478 0.0186808 0.00238417
0.384804 0.0169478 0.00154697
0.384409 0.019106 0.00217191
0.384082 0.0206739 0.00151773
0.384663 0.0169581 0.00128255
0.385823 0.0152265 0.000154149
0.3846 0.0184585 0.00142187
0.383631 0.0187322 0.00238463
0.384301 0.0201665 0.00539226
0.385114 0.016337 0.00087019
0.384051 0.0194897 0.00235051
0.384861 0.0217998 0.000383752
0.383897 0.0185959 0.0019343
0.384743 0.0176144 0.00218518
0.384487 0.0188968 0.0053064
0.384147 0.0196737 0.00213384
0.386604 0.0156105 0.000469852
0.385474 0.0214383 0.000153686
0.386618 0.0151004 0.000616481
0.384627 0.0177255 0.00135342
0.384225 0.0174682 0.00256666
0.385831 0.0157694 0.00039198
0.384094 0.0180692 0.00307343
0.384826 0.0182856 0.00281952
0.386352 0.0229097 0.000154848
0.384117 0.0171377 0.00144814
0.384434 0.0167731 0.00134138
0.38397 0.0195535 0.00153626
0.384162 0.01907 0.00251421
0.383788 0.0189119 0.0029359
0.385 0.0173907 0.00200819
0.384598 0.0179379 0.00114356
0.383874 0.0176195 0.00259544
0.383667 0.018166 0.00185578
0.385628 0.0166118 0.00127396
0.384192 0.0187458 0.00258332
0.385546 0.0167537 0.00152514
0.383648 0.0194165 0.00253476
0.384426 0.0196666 0.00170487
0.38455 0.0173936 0.00122834
0.383661 0.0181558 0.00248337
0.384859 0.0212679 0.000789758
0.383897 0.0187505 0.00162231
0.384897 0.0206037 0.00110264
0.384696 0.0179009 0.00256428
0.384994 0.0178544 0.0015545
0.384658 0.0201027 0.0014304
0.384462 0.0175344 0.00208817
0.38687 0.0153304 0.000411846
0.384285 0.0172778 0.00173285
0.38413 0.0186694 0.00229996
0.385212 0.0168268 0.0019467
0.384966 0.0198194 0.00535289
0.384414 0.0174079 0.00149562
0.384792 0.0193492 0.00177997
0.383618 0.0190279 0.0031538
0.383718 0.0200675 0.00176408
0.384006 0.0191419 0.00226802
0.384038 0.0212309 0.000981606
0.38393 0.0184187 0.00247634
0.385425 0.0149662 0.000363531
0.384756 0.0167529 0.00187326
0.383942 0.0179239 0.00187656
0.384519 0.0181131 0.00244564
0.3849 0.0202279 0.00155584
0.385207 0.0172487 0.00137123
0.384594 0.0173933 0.00232353
0.3839 0.0199024 0.0022383
0.386494 0.0143788 0.000155034
0.38424 0.0181128 0.00233349
0.384221 0.0180924 0.00263211
0.384214 0.0180124 0.00539104
0.383974 0.0173991 0.00241788
0.384962 0.0220872 0.000394124
0.384863 0.0170545 0.00182116
0.386081 0.0160997 0.000348213
0.385323 0.0162978 0.00140906
0.384204 0.0169379 0.00124218
0.384297 0.0169825 0.00227596
0.385097 0.0225492 0.000153204
0.38429 0.0193072 0.00238279
0.384245 0.0199032 0.00174318
0.384654 0.0207558 0.00101201
0.384245 0.0177202 0.00272834
0.384287 0.0193398 0.00146426
0.384407 0.018077 0.00208693
0.384011 0.0199018 0.00101285
0.384785 0.0164259 0.00124779
0.38447 0.0163077 0.0010208
0.384548 0.0221389 0.000152478
0.384658 0.0189824 0.00228289
0.384191 0.0181427 0.00187433
0.385954 0.0162471 0.000901127
0.385074 0.0206226 0.000600053
0.383975 0.0210677 0.00154922
0.385453 0.0232291 0.000153669
0.386009 0.0162353 0.000606435
0.384424 0.0199401 0.00225607
0.383505 0.0180521 0.00554354
0.384815 0.0219863 0.000152833
0.386187 0.0148677 0.000356566
0.385195 0.0214745 0.000257786
0.383662 0.0195984 0.00229669
0.384764 0.0165022 0.00170878
0.385172 0.017367 0.00225258
0.38512 0.0220038 0.000153227
0.386302 0.0155438 0.000340296
0.383643 0.0191889 0.00233939
0.384828 0.0196223 0.00189871
0.384328 0.0206365 0.00134948
0.384843 0.0154238 0.000741956
0.386124 0.0157575 0.000452567
0.384781 0.0188439 0.00282588
0.38502 0.0176784 0.00209055
0.384567 0.0167917 0.00164384
0.384884 0.0156278 0.000958078
0.383979 0.0180315 0.00279906
0.383757 0.0178468 0.00324024
0.383935 0.0195121 0.00183134
0.383762 0.0191583 0.00275411
0.385 0.0210596 0.000625893
0.384858 0.0198527 0.00170899
0.385137 0.0154722 0.000859247
0.384092 0.0201157 0.00215025
0.386355 0.0153139 0.000154845
0.385231 0.0155759 0.000378312
0.383826 0.0184045 0.00291794
0.383986 0.0173508 0.00271369
0.386541 0.0235361 0.000155095
0.384907 0.0172703 0.00235516
0.386549 0.0153286 0.000382975
0.38505 0.0156206 0.000613277
0.383911 0.0192733 0.00252014
0.384534 0.0198102 0.00200894
0.383626 0.0184561 0.00267067
0.38568 0.0163358 0.00098676
0.384212 0.0176363 0.00155594
0.386869 0.0146018 0.000338848
0.384803 0.0167204 0.00577573
0.384819 0.0195571 0.00156366
0.384361 0.0187823 0.00296993
0.384383 0.0185825 0.00274725
0.384115 0.0176578 0.00236047
0.384288 0.0182158 0.00289717
0.384594 0.0187465 0.0026106
0.384745 0.0192596 0.00235826
0.38481 0.0185665 0.00271529
0.384212 0.0187682 0.00531307
0.384798 0.0194011 0.00209915
0.384892 0.0215985 0.000603932
0.384328 0.020322 0.00186659
0.384891 0.015881 0.00111868
0.385944 0.0221456 0.000154312
0.385176 0.0173249 0.00177477
0.383482 0.018284 0.0053546
0.383745 0.0179195 0.00264829
0.384225 0.0183693 0.00249838
0.384786 0.0162783 0.0015102
0.384773 0.0189492 0.00138979
0.384548 0.0195196 0.00193595
0.384695 0.017994 0.00210142
0.383868 0.0208201 0.00167999
0.38406 0.0172135 0.0021986
0.384635 0.0202611 0.00169158
0.383906 0.0186704 0.00306942
0.386566 0.014067 0.000155128
0.383807 0.020696 0.00194646
0.384313 0.0178551 0.00246911
0.384619 0.0175971 0.0054915
0.384913 0.0203074 0.0010582
0.384977 0.0178137 0.00263223
0.385822 0.0160023 0.000580835
0.384402 0.0168999 0.00186948
0.383714 0.0181198 0.00335708
0.383631 0.0184325 0.00237165
0.385122 0.0212717 0.000940812
0.385444 0.0164064 0.00115681
0.385667 0.0160511 0.000832965
0.384405 0.0185994 0.00242993
0.385371 0.0154334 0.000676325
0.384274 0.0204606 0.0016062
0.384637 0.0223605 0.000333972
0.386182 0.0152683 0.000395711
0.384408 0.0164246 0.00161721
0.384784 0.0174699 0.00254279
0.38545 0.0168895 0.0017749
0.384016 0.0200932 0.0017793
0.384385 0.0189356 0.0027132
0.384801 0.0186719 0.00208505
0.383827 0.0193721 0.00218904
0.384353 0.0201712 0.00160844
0.385102 0.0213936 0.000667439
0.384729 0.0189484 0.00199334
0.385011 0.0168111 0.00172513
0.385339 0.0210738 0.000880059
0.38412 0.0185615 0.00288964
0.385216 0.0208662 0.0007017
0.386032 0.0144777 0.000376233
0.38454 0.0218801 0.000666328
0.384394 0.0208401 0.00113545
0.384334 0.0188817 0.00235676

VERTICES 873 1746
1 0
1 1
1 2
1 3
1 4
1 5
1 6
1 7
1 8
1 9
1 10
1 11
1 12
1 13
1 14
1 15
1 16
1 17
1 18
1 19
1 20
1 21
1 22
1 23
1 24
1 25
1 26
1 27
1 28
1 29
1 30
1 31
1 32
1 33
1 34
1 35
1 36
1 37
1 38
1 39
1 40
1 41
1 42
1 43
1 44
1 45
1 46
1 47
1 48
1 49
1 50
1 51
1 52
1 53
1 54
1 55
1 56
1 57
1 58
1 59
1 60
1 61
1 62
1 63
1 64
1 65
1 66
1 67
1 68
1 69
1 70
1 71
1 72
1 73
1 74
1 75
1 76
1 77
1 78
1 79
1 80
1 81
1 82
1 83
1 84
1 85
1 86
1 87
1 88
1 89
1 90
1 91
1 92
1 93
1 94
1 95
1 96
1 97
1 98
1 99
1 100
1 101
1 102
1 103
1 104
1 105
1 106
1 107
1 108
1 109
1 110
1 111
1 112
1 113
1 114
1 115
1 116
1 117
1 118
1 119
1 120
1 121
1 122
1 123
1 124
1 125
1 126
1 127
1 128
1 129
1 130
1 131
1 132
1 133
1 134
1 135
1 136
1 137
1 138
1 139
1 140
1 141
1 142
1 143
1 144
1 145
1 146
1 147
1 148
1 149
1 150
1 151
1 152
1 153
1 154
1 155
1 156
1 157
1 158
1 159
1 160
1 161
1 162
1 163
1 164
1 165
1 166
1 167
1 168
1 169
1 170
1 171
1 172
1 173
1 174
1 175
1 176
1 177
1 178
1 179
1 180
1 181
1 182
1 183
1 184
1 185
1 186
1 187
1 188
1 189
1 190
1 191
1 192
1 193
1 194
1 195
1 196
1 197
1 198
1 199
1 200
1 201
1 202
1 203
1 204
1 205
1 206
1 207
1 208
1 209
1 210
1 211
1 212
1 213
1 214
1 215
1 216
1 217
1 218
1 219
1 220
1 221
1 222
1 223
1 224
1 225
1 226
1 227
1 228
1 229
1 230
1 231
1 232
1 233
1 234
1 235
1 236
1 237
1 238
1 239
1 240
1 241
1 242
1 243
1 244
1 245
1 246
1 247
1 248
1 249
1 250
1 251
1 252
1 253
1 254
1 255
1 256
1 257
1 258
1 259
1 260
1 261
1 262
1 263
1 264
1 265
1 266
1 267
1 268
1 269
1 270
1 271
1 272
1 273
1 274
1 275
1 276
1 277
1 278
1 279
1 280
1 281
1 282
1 283
1 284
1 285
1 286
1 287
1 288
1 289
1 290
1 291
1 292
1 293
1 294
1 295
1 296
1 297
1 298
1 299
1 300
1 301
1 302
1 303
1 304
1 305
1 306
1 307
1 308
1 309
1 310
1 311
1 312
1 313
1 314
1 315
1 316
1 317
1 318
1 319
1 320
1 321
1 322
1 323
1 324
1 325
1 326
1 327
1 328
1 329
1 330
1 331
1 332
1 333
1 334
1 335
1 336
1 337
1 338
1 339
1 340
1 341
1 342
1 343
1 344
1 345
1 346
1 347
1 348
1 349
1 350
1 351
1 352
1 353
1 354
1 355
1 356
1 357
1 358
1 359
1 360
1 361
1 362
1 363
1 364
1 365
1 366
1 367
1 368
1 369
1 370
1 371
1 372
1 373
1 374
1 375
1 376
1 377
1 378
1 379
1 380
1 381
1 382
1 383
1 384
1 385
1 386
1 387
1 388
1 389
1 390
1 391
1 392
1 393
1 394
1 395
1 396
1 397
1 398
1 399
1 400
1 401
1 402
1 403
1 404
1 405
1 406
1 407
1 408
1 409
1 410
1 411
1 412
1 413
1 414
1 415
1 416
1 417
1 418
1 419
1 420
1 421
1 422
1 423
1 424
1 425
1 426
1 427
1 428
1 429
1 430
1 431
1 432
1 433
1 434
1 435
1 436
1 437
1 438
1 439
1 440
1 441
1 442
1 443
1 444
1 445
1 446
1 447
1 448
1 449
1 450
1 451
1 452
1 453
1 454
1 455
1 456
1 457
1 458
1 459
1 460
1 461
1 462
1 463
1 464
1 465
1 466
1 467
1 468
1 469
1 470
1 471
1 472
1 473
1 474
1 475
1 476
1 477
1 478
1 479
1 480
1 481
1 482
1 483
1 484
1 485
1 486
1 487
1 488
1 489
1 490
1 491
1 492
1 493
1 494
1 495
1 496
1 497
1 498
1 499
1 500
1 501
1 502
1 503
1 504
1 505
1 506
1 507
1 508
1 509
1 510
1 511
1 512
1 513
1 514
1 515
1 516
1 517
1 518
1 519
1 520
1 521
1 522
1 523
1 524
1 525
1 526
1 527
1 528
1 529
1 530
1 531
1 532
1 533
1 534
1 535
1 536
1 537
1 538
1 539
1 540
1 541
1 542
1 543
1 544
1 545
1 546
1 547
1 548
1 549
1 550
1 551
1 552
1 553
1 554
1 555
1 556
1 557
1 558
1 559
1 560
1 561
1 562
1 563
1 564
1 565
1 566
1 567
1 568
1 569
1 570
1 571
1 572
1 573
1 574
1 575
1 576
1 577
1 578
1 579
1 580
1 581
1 582
1 583
1 584
1 585
1 586
1 587
1 588
1 589
1 590
1 591
1 592
1 593
1 594
1 595
1 596
1 597
1 598
1 599
1 600
1 601
1 602
1 603
1 604
1 605
1 606
1 607
1 608
1 609
1 610
1 611
1 612
1 613
1 614
1 615
1 616
1 617
1 618
1 619
1 620
1 621
1 622
1 623
1 624
1 625
1 626
1 627
1 628
1 629
1 630
1 631
1 632
1 633
1 634
1 635
1 636
1 637
1 638
1 639
1 640
1 641
1 642
1 643
1 644
1 645
1 646
1 647
1 648
1 649
1 650
1 651
1 652
1 653
1 654
1 655
1 656
1 657
1 658
1 659
1 660
1 661
1 662
1 663
1 664
1 665
1 666
1 667
1 668
1 669
1 670
1 671
1 672
1 673
1 674
1 675
1 676
1 677
1 678
1 679
1 680
1 681
1 682
1 683
1 684
1 685
1 686
1 687
1 688
1 689
1 690
1 691
1 692
1 693
1 694
1 695
1 696
1 697
1 698
1 699
1 700
1 701
1 702
1 703
1 704
1 705
1 706
1 707
1 708
1 709
1 710
1 711
1 712
1 713
1 714
1 715
1 716
1 717
1 718
1 719
1 720
1 721
1 722
1 723
1 724
1 725
1 726
1 727
1 728
1 729
1 730
1 731
1 732
1 733
1 734
1 735
1 736
1 737
1 738
1 739
1 740
1 741
1 742
1 743
1 744
1 745
1 746
1 747
1 748
1 749
1 750
1 751
1 752
1 753
1 754
1 755
1 756
1 757
1 758
1 759
1 760
1 761
1 762
1 763
1 764
1 765
1 766
1 767
1 768
1 769
1 770
1 771
1 772
1 773
1 774
1 775
1 776
1 777
1 778
1 779
1 780
1 781
1 782
1 783
1 784
1 785
1 786
1 787
1 788
1 789
1 790
1 791
1 792
1 793
1 794
1 795
1 796
1 797
1 798
1 799
1 800
1 801
1 802
1 803
1 804
1 805
1 806
1 807
1 808
1 809
1 810
1 811
1 812
1 813
1 814
1 815
1 816
1 817
1 818
1 819
1 820
1 821
1 822
1 823
1 824
1 825
1 826
1 827
1 828
1 829
1 830
1 831
1 832
1 833
1 834
1 835
1 836
1 837
1 838
1 839
1 840
1 841
1 842
1 843
1 844
1 845
1 846
1 847
1 848
1 849
1 850
1 851
1 852
1 853
1 854
1 855
1 856
1 857
1 858
1 859
1 860
1 861
1 862
1 863
1 864
1 865
1 866
1 867
1 868
1 869
1 870
1 871
1 872

POINT_DATA 873
SCALARS id int 1
LOOKUP_TABLE default
1
2
3
4
5
6
7
8
9
10
11
12
13
14
15
16
17
18
19
20
21
22
23
24
25
26
27
28
29
30
32
33
34
35
36
37
39
40
41
42
43
44
45
46
47
48
49
50
51
52
53
54
56
57
58
59
60
61
62
63
64
65
67
68
69
70
71
72
73
74
75
76
77
78
79
80
81
82
83
84
85
86
87
88
89
90
91
92
93
94
95
96
97
98
99
100
101
102
103
104
105
106
107
108
109
110
111
112
113
114
115
116
117
118
119
120
121
122
123
124
125
126
127
129
130
131
132
133
134
135
136
137
138
139
140
141
142
143
144
145
146
147
148
149
150
151
153
154
155
156
157
158
159
160
161
162
163
164
165
166
167
168
169
170
171
172
173
174
175
176
177
178
179
180
181
182
183
184
185
186
187
188
189
190
191
192
193
194
195
196
197
198
199
200
201
202
203
204
205
206
208
209
210
211
212
213
214
215
217
218
219
220
221
222
223
225
226
227
228
229
230
231
232
233
234
235
236
237
238
239
240
241
242
243
244
245
246
247
248
249
250
251
252
253
254
255
256
257
258
259
260
261
262
263
264
265
266
267
268
269
270
271
273
274
275
276
277
278
279
280
281
282
283
284
285
286
287
288
289
290
291
292
293
294
295
296
297
299
300
301
302
303
304
305
306
307
308
309
310
311
312
313
314
315
316
317
318
319
320
321
322
323
324
325
326
327
328
329
330
331
332
333
334
335
336
337
338
339
340
341
342
343
344
345
346
347
348
349
350
351
352
353
354
355
356
357
358
359
360
361
362
363
364
365
366
367
368
369
370
371
372
373
374
375
376
377
378
379
381
382
383
384
385
386
387
388
389
390
391
392
393
394
395
396
397
398
399
400
401
402
404
405
406
407
408
409
410
411
412
413
414
415
416
417
418
419
420
421
422
423
424
426
427
428
429
430
431
432
434
435
436
437
438
439
440
441
442
443
444
445
446
447
448
449
451
452
453
454
455
456
457
458
459
460
461
462
463
464
465
466
467
468
469
470
471
472
473
474
475
476
477
478
479
480
481
482
483
484
485
486
487
489
490
491
492
493
494
495
496
497
498
499
500
501
502
503
504
505
506
507
508
509
510
511
512
513
514
515
516
517
518
519
520
521
522
523
524
525
526
527
528
529
530
531
532
533
534
535
536
537
538
539
540
541
542
543
544
545
546
547
548
549
550
551
552
553
554
555
556
557
558
559
560
561
562
563
564
565
566
567
568
569
570
571
572
573
574
575
576
577
579
580
581
582
583
584
585
586
587
588
589
590
591
592
593
594
595
596
597
598
599
600
601
602
603
605
606
607
608
609
610
611
612
613
614
615
616
617
618
619
620
621
622
623
624
625
626
627
628
629
630
631
632
633
634
635
636
637
638
640
641
642
643
644
645
646
647
648
649
650
651
652
653
654
655
656
659
660
661
662
663
664
665
666
667
668
669
670
671
672
673
674
675
676
677
678
679
680
681
682
683
684
685
686
687
688
690
691
692
693
694
695
696
698
699
700
701
702
703
704
705
706
707
708
709
710
711
712
713
714
715
716
717
718
719
720
721
722
723
724
725
726
727
728
729
730
731
732
733
734
735
736
738
739
740
741
742
743
744
745
746
747
748
749
750
751
752
753
754
755
756
757
758
759
760
761
762
764
765
766
767
768
769
770
771
772
773
774
775
776
777
778
779
780
781
782
783
784
785
786
787
788
789
791
792
793
794
795
796
797
798
799
800
801
802
803
804
805
806
807
808
809
810
811
812
813
814
815
816
817
818
819
820
821
822
823
824
825
826
827
828
829
830
831
832
833
834
835
836
837
838
839
840
841
842
843
844
845
846
847
848
849
850
851
852
853
854
855
856
857
858
859
860
861
862
863
864
865
866
867
868
869
870
871
872
873
874
875
876
877
878
879
880
881
882
883
884
885
886
887
888
889
890
891
892
893
894
895
896
897
898
899
900

SCALARS type int 1
LOOKUP_TABLE default
1
1
1
1
1
1
1
1
1
1
1
1
1
1
1
1
1
1
1
1
1
1
1
1
1
1
1
1
1
1
1
1
1
1
1
1
1
1
1
1
1
1
1
1
1
1
1
1
1
1
1
1
1
1
1
1
1
1
1
1
1
1
1
1
1
1
1
1
1
1
1
1
1
1
1
1
1
1
1
1
1
1
1
1
1
1
1
1
1
1
1
1
1
1
1
1
1
1
1
1
1
1
1
1
1
1
1
1
1
1
1
1
1
1
1
1
1
1
1
1
1
1
1
1
1
1
1
1
1
1
1
1
1
1
1
1
1
1
1
1
1
1
1
1
1
1
1
1
1
1
1
1
1
1
1
1
1
1
1
1
1
1
1
1
1
1
1
1
1
1
1
1
1
1
1
1
1
1
1
1
1
1
1
1
1
1
1
1
1
1
1
1
1
1
1
1
1
1
1
1
1
1
1
1
1
1
1
1
1
1
1
1
1
1
1
1
1
1
1
1
1
1
1
1
1
1
1
1
1
1
1
1
1
1
1
1
1
1
1
1
1
1
1
1
1
1
1
1
1
1
1
1
1
1
1
1
1
1
1
1
1
1
1
1
1
1
1
1
1
1
1
1
1
1
1
1
1
1
1
1
1
1
1
1
1
1
1
1
1
1
1
1
1
1
1
1
1
1
1
1
1
1
1
1
1
1
1
1
1
1
1
1
1
1
1
1
1
1
1
1
1
1
1
1
1
1
1
1
1
1
1
1
1
1
1
1
1
1
1
1
1
1
1
1
1
1
1
1
1
1
1
1
1
1
1
1
1
1
1
1
1
1
1
1
1
1
1
1
1
1
1
1
1
1
1
1
1
1
1
1
1
1
1
1
1
1
1
1
1
1
1
1
1
1
1
1
1
1
1
1
1
1
1
1
1
1
1
1
1
1
1
1
1
1
1
1
1
1
1
1
1
1
1
1
1
1
1
1
1
1
1
1
1
1
1
1
1
1
1
1
1
1
1
1
1
1
1
1
1
1
1
1
1
1
1
1
1
1
1
1
1
1
1
1
1
1
1
1
1
1
1
1
1
1
1
1
1
1
1
1
1
1
1
1
1
1
1
1
1
1
1
1
1
1
1
1
1
1
1
1
1
1
1
1
1
1
1
1
1
1
1
1
1
1
1
1
1
1
1
1
1
1
1
1
1
1
1
1
1
1
1
1
1
1
1
1
1
1
1
1
1
1
1
1
1
1
1
1
1
1
1
1
1
1
1
1
1
1
1
1
1
1
1
1
1
1
1
1
1
1
1
1
1
1
1
1
1
1
1
1
1
1
1
1
1
1
1
1
1
1
1
1
1
1
1
1
1
1
1
1
1
1
1
1
1
1
1
1
1
1
1
1
1
1
1
1
1
1
1
1
1
1
1
1
1
1
1
1
1
1
1
1
1
1
1
1
1
1
1
1
1
1
1
1
1
1
1
1
1
1
1
1
1
1
1
1
1
1
1
1
1
1
1
1
1
1
1
1
1
1
1
1
1
1
1
1
1
1
1
1
1
1
1
1
1
1
1
1
1
1
1
1
1
1
1
1
1
1
1
1
1
1
1
1
1
1
1
1
1
1
1
1
1
1
1
1
1
1
1
1
1
1
1
1
1
1
1
1
1
1
1
1
1
1
1
1
1
1
1
1
1
1
1
1
1
1
1
1
1
1
1
1
1
1
1
1
1
1
1
1
1
1
1
1
1
1
1
1
1
1
1
1
1
1
1
1
1
1
1
1
1
1
1
1
1
1
1
1
1
1
1
1
1
1
1
1
1
1
1
1
1
1
1
1
1
1
1
1
1
1
1
1
1
1
1
1
1
1
1
1
1
1
1
1
1
1
1
1
1
1
1
1
1
1
1
1
1
1
1
1
1
1
1
1
1
1
1
1
1
1
1
1
1
1
1
1
1
1
1
1
1
1
1
1
1
1
1
1
1
1
1
1
1

SCALARS radius float 1
LOOKUP_TABLE default
0.00015
0.00015
0.00015
0.00015
0.00015
0.00015
0.00015
0.00015
0.00015
0.00015
0.00015
0.00015
0.00015
0.00015
0.00015
0.00015
0.00015
0.00015
0.00015
0.00015
0.00015
0.00015
0.00015
0.00015
0.00015
0.00015
0.00015
0.00015
0.00015
0.00015
0.00015
0.00015
0.00015
0.00015
0.00015
0.00015
0.00015
0.00015
0.00015
0.00015
0.00015
0.00015
0.00015
0.00015
0.00015
0.00015
0.00015
0.00015
0.00015
0.00015
0.00015
0.00015
0.00015
0.00015
0.00015
0.00015
0.00015
0.00015
0.00015
0.00015
0.00015
0.00015
0.00015
0.00015
0.00015
0.00015
0.00015
0.00015
0.00015
0.00015
0.00015
0.00015
0.00015
0.00015
0.00015
0.00015
0.00015
0.00015
0.00015
0.00015
0.00015
0.00015
0.00015
0.00015
0.00015
0.00015
0.00015
0.00015
0.00015
0.00015
0.00015
0.00015
0.00015
0.00015
0.00015
0.00015
0.00015
0.00015
0.00015
0.00015
0.00015
0.00015
0.00015
0.00015
0.00015
0.00015
0.00015
0.00015
0.00015
0.00015
0.00015
0.00015
0.00015
0.00015
0.00015
0.00015
0.00015
0.00015
0.00015
0.00015
0.00015
0.00015
0.00015
0.00015
0.00015
0.00015
0.00015
0.00015
0.00015
0.00015
0.00015
0.00015
0.00015
0.00015
0.00015
0.00015
0.00015
0.00015
0.00015
0.00015
0.00015
0.00015
0.00015
0.00015
0.00015
0.00015
0.00015
0.00015
0.00015
0.00015
0.00015
0.00015
0.00015
0.00015
0.00015
0.00015
0.00015
0.00015
0.00015
0.00015
0.00015
0.00015
0.00015
0.00015
0.00015
0.00015
0.00015
0.00015
0.00015
0.00015
0.00015
0.00015
0.00015
0.00015
0.00015
0.00015
0.00015
0.00015
0.00015
0.00015
0.00015
0.00015
0.00015
0.00015
0.00015
0.00015
0.00015
0.00015
0.00015
0.00015
0.00015
0.00015
0.00015
0.00015
0.00015
0.00015
0.00015
0.00015
0.00015
0.00015
0.00015
0.00015
0.00015
0.00015
0.00015
0.00015
0.00015
0.00015
0.00015
0.00015
0.00015
0.00015
0.00015
0.00015
0.00015
0.00015
0.00015
0.00015
0.00015
0.00015
0.00015
0.00015
0.00015
0.00015
0.00015
0.00015
0.00015
0.00015
0.00015
0.00015
0.00015
0.00015
0.00015
0.00015
0.00015
0.00015
0.00015
0.00015
0.00015
0.00015
0.00015
0.00015
0.00015
0.00015
0.00015
0.00015
0.00015
0.00015
0.00015
0.00015
0.00015
0.00015
0.00015
0.00015
0.00015
0.00015
0.00015
0.00015
0.00015
0.00015
0.00015
0.00015
0.00015
0.00015
0.00015
0.00015
0.00015
0.00015
0.00015
0.00015
0.00015
0.00015
0.00015
0.00015
0.00015
0.00015
0.00015
0.00015
0.00015
0.00015
0.00015
0.00015
0.00015
0.00015
0.00015
0.00015
0.00015
0.00015
0.00015
0.00015
0.00015
0.00015
0.00015
0.00015
0.00015
0.00015
0.00015
0.00015
0.00015
0.00015
0.00015
0.00015
0.00015
0.00015
0.00015
0.00015
0.00015
0.00015
0.00015
0.00015
0.00015
0.00015
0.00015
0.00015
0.00015
0.00015
0.00015
0.00015
0.00015
0.00015
0.00015
0.00015
0.00015
0.00015
0.00015
0.00015
0.00015
0.00015
0.00015
0.00015
0.00015
0.00015
0.00015
0.00015
0.00015
0.00015
0.00015
0.00015
0.00015
0.00015
0.00015
0.00015
0.00015
0.00015
0.00015
0.00015
0.00015
0.00015
0.00015
0.00015
0.00015
0.00015
0.00015
0.00015
0.00015
0.00015
0.00015
0.00015
0.00015
0.00015
0.00015
0.00015
0.00015
0.00015
0.00015
0.00015
0.00015
0.00015
0.00015
0.00015
0.00015
0.00015
0.00015
0.00015
0.00015
0.00015
0.00015
0.00015
0.00015
0.00015
0.00015
0.00015
0.00015
0.00015
0.00015
0.00015
0.00015
0.00015
0.00015
0.00015
0.00015
0.00015
0.00015
0.00015
0.00015
0.00015
0.00015
0.00015
0.00015
0.00015
0.00015
0.00015
0.00015
0.00015
0.00015
0.00015
0.00015
0.00015
0.00015
0.00015
0.00015
0.00015
0.00015
0.00015
0.00015
0.00015
0.00015
0.00015
0.00015
0.00015
0.00015
0.00015
0.00015
0.00015
0.00015
0.00015
0.00015
0.00015
0.00015
0.00015
0.00015
0.00015
0.00015
0.00015
0.00015
0.00015
0.00015
0.00015
0.00015
0.00015
0.00015
0.00015
0.00015
0.00015
0.00015
0.00015
0.00015
0.00015
0.00015
0.00015
0.00015
0.00015
0.00015
0.00015
0.00015
0.00015
0.00015
0.00015
0.00015
0.00015
0.00015
0.00015
0.00015
0.00015
0.00015
0.00015
0.00015
0.00015
0.00015
0.00015
0.00015
0.00015
0.00015
0.00015
0.00015
0.00015
0.00015
0.00015
0.00015
0.00015
0.00015
0.00015
0.00015
0.00015
0.00015
0.00015
0.00015
0.00015
0.00015
0.00015
0.00015
0.00015
0.00015
0.00015
0.00015
0.00015
0.00015
0.00015
0.00015
0.00015
0.00015
0.00015
0.00015
0.00015
0.00015
0.00015
0.00015
0.00015
0.00015
0.00015
0.00015
0.00015
0.00015
0.00015
0.00015
0.00015
0.00015
0.00015
0.00015
0.00015
0.00015
0.00015
0.00015
0.00015
0.00015
0.00015
0.00015
0.00015
0.00015
0.00015
0.00015
0.00015
0.00015
0.00015
0.00015
0.00015
0.00015
0.00015
0.00015
0.00015
0.00015
0.00015
0.00015
0.00015
0.00015
0.00015
0.00015
0.00015
0.00015
0.00015
0.00015
0.00015
0.00015
0.00015
0.00015
0.00015
0.00015
0.00015
0.00015
0.00015
0.00015
0.00015
0.00015
0.00015
0.00015
0.00015
0.00015
0.00015
0.00015
0.00015
0.00015
0.00015
0.00015
0.00015
0.00015
0.00015
0.00015
0.00015
0.00015
0.00015
0.00015
0.00015
0.00015
0.00015
0.00015
0.00015
0.00015
0.00015
0.00015
0.00015
0.00015
0.00015
0.00015
0.00015
0.00015
0.00015
0.00015
0.00015
0.00015
0.00015
0.00015
0.00015
0.00015
0.00015
0.00015
0.00015
0.00015
0.00015
0.00015
0.00015
0.00015
0.00015
0.00015
0.00015
0.00015
0.00015
0.00015
0.00015
0.00015
0.00015
0.00015
0.00015
0.00015
0.00015
0.00015
0.00015
0.00015
0.00015
0.00015
0.00015
0.00015
0.00015
0.00015
0.00015
0.00015
0.00015
0.00015
0.00015
0.00015
0.00015
0.00015
0.00015
0.00015
0.00015
0.00015
0.00015
0.00015
0.00015
0.00015
0.00015
0.00015
0.00015
0.00015
0.00015
0.00015
0.00015
0.00015
0.00015
0.00015
0.00015
0.00015
0.00015
0.00015
0.00015
0.00015
0.00015
0.00015
0.00015
0.00015
0.00015
0.00015
0.00015
0.00015
0.00015
0.00015
0.00015
0.00015
0.00015
0.00015
0.00015
0.00015
0.00015
0.00015
0.00015
0.00015
0.00015
0.00015
0.00015
0.00015
0.00015
0.00015
0.00015
0.00015
0.00015
0.00015
0.00015
0.00015
0.00015
0.00015
0.00015
0.00015
0.00015
0.00015
0.00015
0.00015
0.00015
0.00015
0.00015
0.00015
0.00015
0.00015
0.00015
0.00015
0.00015
0.00015
0.00015
0.00015
0.00015
0.00015
0.00015
0.00015
0.00015
0.00015
0.00015
0.00015
0.00015
0.00015
0.00015
0.00015
0.00015
0.00015
0.00015
0.00015
0.00015
0.00015
0.00015
0.00015
0.00015
0.00015
0.00015
0.00015
0.00015
0.00015
0.00015
0.00015
0.00015
0.00015
0.00015
0.00015
0.00015
0.00015
0.00015
0.00015
0.00015
0.00015
0.00015
0.00015
0.00015
0.00015
0.00015
0.00015
0.00015
0.00015
0.00015
0.00015
0.00015
0.00015
0.00015
0.00015
0.00015
0.00015
0.00015
0.00015
0.00015
0.00015
0.00015
0.00015
0.00015
0.00015
0.00015
0.00015
0.00015
0.00015
0.00015
0.00015
0.00015
0.00015
0.00015
0.00015
0.00015
0.00015
0.00015
0.00015
0.00015
0.00015
0.00015
0.00015
0.00015
0.00015
0.00015
0.00015
0.00015
0.00015
0.00015
0.00015
0.00015
0.00015
0.00015
0.00015
0.00015
0.00015
0.00015
0.00015
0.00015
0.00015
0.00015
0.00015
0.00015
0.00015
0.00015
0.00015
0.00015
0.00015
0.00015
0.00015
0.00015
0.00015
0.00015
0.00015
0.00015
0.00015
0.00015
0.00015
0.00015
0.00015
0.00015
0.00015
0.00015
0.00015
0.00015
0.00015
0.00015
0.00015
0.00015
0.00015
0.00015
0.00015
0.00015
0.00015
0.00015
0.00015
0.00015
0.00015
0.00015
0.00015
0.00015
0.00015
0.00015
0.00015
0.00015
0.00015
0.00015
0.00015
0.00015
0.00015
0.00015
0.00015
0.00015
0.00015
0.00015
0.00015
0.00015
0.00015

SCALARS mass float 1
LOOKUP_TABLE default
3.95841e-09
3.95841e-09
3.95841e-09
3.95841e-09
3.95841e-09
3.95841e-09
3.95841e-09
3.95841e-09
3.95841e-09
3.95841e-09
3.95841e-09
3.95841e-09
3.95841e-09
3.95841e-09
3.95841e-09
3.95841e-09
3.95841e-09
3.95841e-09
3.95841e-09
3.95841e-09
3.95841e-09
3.95841e-09
3.95841e-09
3.95841e-09
3.95841e-09
3.95841e-09
3.95841e-09
3.95841e-09
3.95841e-09
3.95841e-09
3.95841e-09
3.95841e-09
3.95841e-09
3.95841e-09
3.95841e-09
3.95841e-09
3.95841e-09
3.95841e-09
3.95841e-09
3.95841e-09
3.95841e-09
3.95841e-09
3.95841e-09
3.95841e-09
3.95841e-09
3.95841e-09
3.95841e-09
3.95841e-09
3.95841e-09
3.95841e-09
3.95841e-09
3.95841e-09
3.95841e-09
3.95841e-09
3.95841e-09
3.95841e-09
3.95841e-09
3.95841e-09
3.95841e-09
3.95841e-09
3.95841e-09
3.95841e-09
3.95841e-09
3.95841e-09
3.95841e-09
3.95841e-09
3.95841e-09
3.95841e-09
3.95841e-09
3.95841e-09
3.95841e-09
3.95841e-09
3.95841e-09
3.95841e-09
3.95841e-09
3.95841e-09
3.95841e-09
3.95841e-09
3.95841e-09
3.95841e-09
3.95841e-09
3.95841e-09
3.95841e-09
3.95841e-09
3.95841e-09
3.95841e-09
3.95841e-09
3.95841e-09
3.95841e-09
3.95841e-09
3.95841e-09
3.95841e-09
3.95841e-09
3.95841e-09
3.95841e-09
3.95841e-09
3.95841e-09
3.95841e-09
3.95841e-09
3.95841e-09
3.95841e-09
3.95841e-09
3.95841e-09
3.95841e-09
3.95841e-09
3.95841e-09
3.95841e-09
3.95841e-09
3.95841e-09
3.95841e-09
3.95841e-09
3.95841e-09
3.95841e-09
3.95841e-09
3.95841e-09
3.95841e-09
3.95841e-09
3.95841e-09
3.95841e-09
3.95841e-09
3.95841e-09
3.95841e-09
3.95841e-09
3.95841e-09
3.95841e-09
3.95841e-09
3.95841e-09
3.95841e-09
3.95841e-09
3.95841e-09
3.95841e-09
3.95841e-09
3.95841e-09
3.95841e-09
3.95841e-09
3.95841e-09
3.95841e-09
3.95841e-09
3.95841e-09
3.95841e-09
3.95841e-09
3.95841e-09
3.95841e-09
3.95841e-09
3.95841e-09
3.95841e-09
3.95841e-09
3.95841e-09
3.95841e-09
3.95841e-09
3.95841e-09
3.95841e-09
3.95841e-09
3.95841e-09
3.95841e-09
3.95841e-09
3.95841e-09
3.95841e-09
3.95841e-09
3.95841e-09
3.95841e-09
3.95841e-09
3.95841e-09
3.95841e-09
3.95841e-09
3.95841e-09
3.95841e-09
3.95841e-09
3.95841e-09
3.95841e-09
3.95841e-09
3.95841e-09
3.95841e-09
3.95841e-09
3.95841e-09
3.95841e-09
3.95841e-09
3.95841e-09
3.95841e-09
3.95841e-09
3.95841e-09
3.95841e-09
3.95841e-09
3.95841e-09
3.95841e-09
3.95841e-09
3.95841e-09
3.95841e-09
3.95841e-09
3.95841e-09
3.95841e-09
3.95841e-09
3.95841e-09
3.95841e-09
3.95841e-09
3.95841e-09
3.95841e-09
3.95841e-09
3.95841e-09
3.95841e-09
3.95841e-09
3.95841e-09
3.95841e-09
3.95841e-09
3.95841e-09
3.95841e-09
3.95841e-09
3.95841e-09
3.95841e-09
3.95841e-09
3.95841e-09
3.95841e-09
3.95841e-09
3.95841e-09
3.95841e-09
3.95841e-09
3.95841e-09
3.95841e-09
3.95841e-09
3.95841e-09
3.95841e-09
3.95841e-09
3.95841e-09
3.95841e-09
3.95841e-09
3.95841e-09
3.95841e-09
3.95841e-09
3.95841e-09
3.95841e-09
3.95841e-09
3.95841e-09
3.95841e-09
3.95841e-09
3.95841e-09
3.95841e-09
3.95841e-09
3.95841e-09
3.95841e-09
3.95841e-09
3.95841e-09
3.95841e-09
3.95841e-09
3.95841e-09
3.95841e-09
3.95841e-09
3.95841e-09
3.95841e-09
3.95841e-09
3.95841e-09
3.95841e-09
3.95841e-09
3.95841e-09
3.95841e-09
3.95841e-09
3.95841e-09
3.95841e-09
3.95841e-09
3.95841e-09
3.95841e-09
3.95841e-09
3.95841e-09
3.95841e-09
3.95841e-09
3.95841e-09
3.95841e-09
3.95841e-09
3.95841e-09
3.95841e-09
3.95841e-09
3.95841e-09
3.95841e-09
3.95841e-09
3.95841e-09
3.95841e-09
3.95841e-09
3.95841e-09
3.95841e-09
3.95841e-09
3.95841e-09
3.95841e-09
3.95841e-09
3.95841e-09
3.95841e-09
3.95841e-09
3.95841e-09
3.95841e-09
3.95841e-09
3.95841e-09
3.95841e-09
3.95841e-09
3.95841e-09
3.95841e-09
3.95841e-09
3.95841e-09
3.95841e-09
3.95841e-09
3.95841e-09
3.95841e-09
3.95841e-09
3.95841e-09
3.95841e-09
3.95841e-09
3.95841e-09
3.95841e-09
3.95841e-09
3.95841e-09
3.95841e-09
3.95841e-09
3.95841e-09
3.95841e-09
3.95841e-09
3.95841e-09
3.95841e-09
3.95841e-09
3.95841e-09
3.95841e-09
3.95841e-09
3.95841e-09
3.95841e-09
3.95841e-09
3.95841e-09
3.95841e-09
3.95841e-09
3.95841e-09
3.95841e-09
3.95841e-09
3.95841e-09
3.95841e-09
3.95841e-09
3.95841e-09
3.95841e-09
3.95841e-09
3.95841e-09
3.95841e-09
3.95841e-09
3.95841e-09
3.95841e-09
3.95841e-09
3.95841e-09
3.95841e-09
3.95841e-09
3.95841e-09
3.95841e-09
3.95841e-09
3.95841e-09
3.95841e-09
3.95841e-09
3.95841e-09
3.95841e-09
3.95841e-09
3.95841e-09
3.95841e-09
3.95841e-09
3.95841e-09
3.95841e-09
3.95841e-09
3.95841e-09
3.95841e-09
3.95841e-09
3.95841e-09
3.95841e-09
3.95841e-09
3.95841e-09
3.95841e-09
3.95841e-09
3.95841e-09
3.95841e-09
3.95841e-09
3.95841e-09
3.95841e-09
3.95841e-09
3.95841e-09
3.95841e-09
3.95841e-09
3.95841e-09
3.95841e-09
3.95841e-09
3.95841e-09
3.95841e-09
3.95841e-09
3.95841e-09
3.95841e-09
3.95841e-09
3.95841e-09
3.95841e-09
3.95841e-09
3.95841e-09
3.95841e-09
3.95841e-09
3.95841e-09
3.95841e-09
3.95841e-09
3.95841e-09
3.95841e-09
3.95841e-09
3.95841e-09
3.95841e-09
3.95841e-09
3.95841e-09
3.95841e-09
3.95841e-09
3.95841e-09
3.95841e-09
3.95841e-09
3.95841e-09
3.95841e-09
3.95841e-09
3.95841e-09
3.95841e-09
3.95841e-09
3.95841e-09
3.95841e-09
3.95841e-09
3.95841e-09
3.95841e-09
3.95841e-09
3.95841e-09
3.95841e-09
3.95841e-09
3.95841e-09
3.95841e-09
3.95841e-09
3.95841e-09
3.95841e-09
3.95841e-09
3.95841e-09
3.95841e-09
3.95841e-09
3.95841e-09
3.95841e-09
3.95841e-09
3.95841e-09
3.95841e-09
3.95841e-09
3.95841e-09
3.95841e-09
3.95841e-09
3.95841e-09
3.95841e-09
3.95841e-09
3.95841e-09
3.95841e-09
3.95841e-09
3.95841e-09
3.95841e-09
3.95841e-09
3.95841e-09
3.95841e-09
3.95841e-09
3.95841e-09
3.95841e-09
3.95841e-09
3.95841e-09
3.95841e-09
3.95841e-09
3.95841e-09
3.95841e-09
3.95841e-09
3.95841e-09
3.95841e-09
3.95841e-09
3.95841e-09
3.95841e-09
3.95841e-09
3.95841e-09
3.95841e-09
3.95841e-09
3.95841e-09
3.95841e-09
3.95841e-09
3.95841e-09
3.95841e-09
3.95841e-09
3.95841e-09
3.95841e-09
3.95841e-09
3.95841e-09
3.95841e-09
3.95841e-09
3.95841e-09
3.95841e-09
3.95841e-09
3.95841e-09
3.95841e-09
3.95841e-09
3.95841e-09
3.95841e-09
3.95841e-09
3.95841e-09
3.95841e-09
3.95841e-09
3.95841e-09
3.95841e-09
3.95841e-09
3.95841e-09
3.95841e-09
3.95841e-09
3.95841e-09
3.95841e-09
3.95841e-09
3.95841e-09
3.95841e-09
3.95841e-09
3.95841e-09
3.95841e-09
3.95841e-09
3.95841e-09
3.95841e-09
3.95841e-09
3.95841e-09
3.95841e-09
3.95841e-09
3.95841e-09
3.95841e-09
3.95841e-09
3.95841e-09
3.95841e-09
3.95841e-09
3.95841e-09
3.95841e-09
3.95841e-09
3.95841e-09
3.95841e-09
3.95841e-09
3.95841e-09
3.95841e-09
3.95841e-09
3.95841e-09
3.95841e-09
3.95841e-09
3.95841e-09
3.95841e-09
3.95841e-09
3.95841e-09
3.95841e-09
3.95841e-09
3.95841e-09
3.95841e-09
3.95841e-09
3.95841e-09
3.95841e-09
3.95841e-09
3.95841e-09
3.95841e-09
3.95841e-09
3.95841e-09
3.95841e-09
3.95841e-09
3.95841e-09
3.95841e-09
3.95841e-09
3.95841e-09
3.95841e-09
3.95841e-09
3.95841e-09
3.95841e-09
3.95841e-09
3.95841e-09
3.95841e-09
3.95841e-09
3.95841e-09
3.95841e-09
3.95841e-09
3.95841e-09
3.95841e-09
3.95841e-09
3.95841e-09
3.95841e-09
3.95841e-09
3.95841e-09
3.95841e-09
3.95841e-09
3.95841e-09
3.95841e-09
3.95841e-09
3.95841e-09
3.95841e-09
3.95841e-09
3.95841e-09
3.95841e-09
3.95841e-09
3.95841e-09
3.95841e-09
3.95841e-09
3.95841e-09
3.95841e-09
3.95841e-09
3.95841e-09
3.95841e-09
3.95841e-09
3.95841e-09
3.95841e-09
3.95841e-09
3.95841e-09
3.95841e-09
3.95841e-09
3.95841e-09
3.95841e-09
3.95841e-09
3.95841e-09
3.95841e-09
3.95841e-09
3.95841e-09
3.95841e-09
3.95841e-09
3.95841e-09
3.95841e-09
3.95841e-09
3.95841e-09
3.95841e-09
3.95841e-09
3.95841e-09
3.95841e-09
3.95841e-09
3.95841e-09
3.95841e-09
3.95841e-09
3.95841e-09
3.95841e-09
3.95841e-09
3.95841e-09
3.95841e-09
3.95841e-09
3.95841e-09
3.95841e-09
3.95841e-09
3.95841e-09
3.95841e-09
3.95841e-09
3.95841e-09
3.95841e-09
3.95841e-09
3.95841e-09
3.95841e-09
3.95841e-09
3.95841e-09
3.95841e-09
3.95841e-09
3.95841e-09
3.95841e-09
3.95841e-09
3.95841e-09
3.95841e-09
3.95841e-09
3.95841e-09
3.95841e-09
3.95841e-09
3.95841e-09
3.95841e-09
3.95841e-09
3.95841e-09
3.95841e-09
3.95841e-09
3.95841e-09
3.95841e-09
3.95841e-09
3.95841e-09
3.95841e-09
3.95841e-09
3.95841e-09
3.95841e-09
3.95841e-09
3.95841e-09
3.95841e-09
3.95841e-09
3.95841e-09
3.95841e-09
3.95841e-09
3.95841e-09
3.95841e-09
3.95841e-09
3.95841e-09
3.95841e-09
3.95841e-09
3.95841e-09
3.95841e-09
3.95841e-09
3.95841e-09
3.95841e-09
3.95841e-09
3.95841e-09
3.95841e-09
3.95841e-09
3.95841e-09
3.95841e-09
3.95841e-09
3.95841e-09
3.95841e-09
3.95841e-09
3.95841e-09
3.95841e-09
3.95841e-09
3.95841e-09
3.95841e-09
3.95841e-09
3.95841e-09
3.95841e-09
3.95841e-09
3.95841e-09
3.95841e-09
3.95841e-09
3.95841e-09
3.95841e-09
3.95841e-09
3.95841e-09
3.95841e-09
3.95841e-09
3.95841e-09
3.95841e-09
3.95841e-09
3.95841e-09
3.95841e-09
3.95841e-09
3.95841e-09
3.95841e-09
3.95841e-09
3.95841e-09
3.95841e-09
3.95841e-09
3.95841e-09
3.95841e-09
3.95841e-09
3.95841e-09
3.95841e-09
3.95841e-09
3.95841e-09
3.95841e-09
3.95841e-09
3.95841e-09
3.95841e-09
3.95841e-09
3.95841e-09
3.95841e-09
3.95841e-09
3.95841e-09
3.95841e-09
3.95841e-09
3.95841e-09
3.95841e-09
3.95841e-09
3.95841e-09
3.95841e-09
3.95841e-09
3.95841e-09
3.95841e-09
3.95841e-09
3.95841e-09
3.95841e-09
3.95841e-09
3.95841e-09
3.95841e-09
3.95841e-09
3.95841e-09
3.95841e-09
3.95841e-09
3.95841e-09
3.95841e-09
3.95841e-09
3.95841e-09
3.95841e-09
3.95841e-09
3.95841e-09
3.95841e-09
3.95841e-09
3.95841e-09
3.95841e-09
3.95841e-09
3.95841e-09
3.95841e-09
3.95841e-09
3.95841e-09
3.95841e-09
3.95841e-09
3.95841e-09
3.95841e-09
3.95841e-09
3.95841e-09
3.95841e-09
3.95841e-09
3.95841e-09
3.95841e-09
3.95841e-09
3.95841e-09
3.95841e-09
3.95841e-09
3.95841e-09
3.95841e-09
3.95841e-09
3.95841e-09
3.95841e-09
3.95841e-09
3.95841e-09
3.95841e-09
3.95841e-09
3.95841e-09
3.95841e-09
3.95841e-09
3.95841e-09
3.95841e-09
3.95841e-09
3.95841e-09
3.95841e-09
3.95841e-09
3.95841e-09
3.95841e-09
3.95841e-09
3.95841e-09
3.95841e-09
3.95841e-09
3.95841e-09
3.95841e-09
3.95841e-09
3.95841e-09
3.95841e-09
3.95841e-09
3.95841e-09
3.95841e-09
3.95841e-09
3.95841e-09
3.95841e-09
3.95841e-09
3.95841e-09
3.95841e-09
3.95841e-09
3.95841e-09
3.95841e-09
3.95841e-09
3.95841e-09
3.95841e-09
3.95841e-09
3.95841e-09
3.95841e-09
3.95841e-09
3.95841e-09
3.95841e-09
3.95841e-09
3.95841e-09
3.95841e-09
3.95841e-09
3.95841e-09
3.95841e-09
3.95841e-09
3.95841e-09
3.95841e-09
3.95841e-09
3.95841e-09
3.95841e-09
3.95841e-09
3.95841e-09
3.95841e-09
3.95841e-09
3.95841e-09
3.95841e-09
3.95841e-09
3.95841e-09
3.95841e-09
3.95841e-09
3.95841e-09
3.95841e-09
3.95841e-09
3.95841e-09
3.95841e-09
3.95841e-09
3.95841e-09
3.95841e-09
3.95841e-09
3.95841e-09
3.95841e-09
3.95841e-09
3.95841e-09
3.95841e-09
3.95841e-09

VECTORS velocity float
2.73555e-11 1.47985e-10 4.33004e-11
2.15588e-14 -1.00737e-15 -7.64432e-15
-4.01889e-14 -4.57992e-14 1.55756e-14
-1.76366e-13 -3.04323e-13 -1.55684e-13
2.78151e-13 -7.7941e-13 -2.80937e-13
3.75814e-13 -1.4183e-12 -2.80063e-13
6.60054e-19 -3.1097e-22 -5.0412e-16
2.58854e-12 4.83369e-13 5.8814e-13
6.04275e-13 -8.29996e-13 -1.64944e-13
-5.27583e-20 6.49583e-20 1.8261e-20
2.83879e-13 -2.13605e-13 -3.24004e-14
-1.16828e-17 1.70335e-23 8.91957e-15
6.12441e-13 -4.64938e-14 -5.82203e-14
6.84611e-13 5.98728e-13 1.05364e-13
6.40915e-14 -1.51861e-13 7.64111e-14
8.38489e-13 -7.95262e-14 5.38537e-14
6.95319e-13 -3.72762e-13 -4.09344e-14
3.11104e-13 8.12708e-14 -2.8509e-14
-5.64802e-14 3.94146e-16 -1.13234e-14
2.97637e-14 -1.18681e-14 -1.04357e-14
-2.26904e-14 2.89154e-13 -4.96822e-14
4.36569e-13 -3.62102e-13 -2.78457e-14
4.55539e-13 -4.22425e-13 -2.98914e-13
2.36967e-13 3.9987e-13 7.72692e-14
6.46845e-14 -7.72141e-14 -3.82595e-14
-6.62716e-13 -1.66475e-12 -1.08267e-13
3.18178e-13 -3.46624e-14 -1.04779e-13
5.10556e-13 -2.9317e-13 -5.2034e-15
-2.85613e-13 -2.50367e-13 -9.75165e-14
-4.04481e-13 -5.09127e-13 -1.08437e-13
1.89124e-13 -2.47617e-13 8.66812e-14
2.30257e-12 1.25729e-12 2.83929e-13
-4.73026e-14 1.37847e-13 1.78397e-14
2.42125e-12 -1.30336e-12 1.28015e-14
-6.35439e-14 -4.67154e-14 -1.83376e-14
1.17925e-13 -9.44994e-15 2.2284e-14
6.30275e-14 -2.65401e-14 1.15122e-14
2.16424e-13 -5.04462e-13 -1.71763e-13
-1.04166e-18 -2.7017e-23 7.9519e-16
-4.08238e-13 -2.85999e-13 -1.70401e-13
9.92437e-14 -1.34125e-13 -2.87617e-15
2.06111e-12 -5.57763e-13 1.24784e-12
1.67274e-12 2.14772e-13 -1.76138e-13
-6.9235e-12 -1.73259e-12 -1.87183e-12
2.54289e-13 -4.5343e-13 2.50169e-14
-6.19391e-13 3.73307e-15 -1.05497e-13
-1.15458e-14 1.91467e-14 -7.21273e-15
2.97121e-12 5.43432e-14 3.42597e-13
-1.25575e-12 -2.10757e-13 -4.80455e-14
4.70514e-13 -1.16124e-12 -3.34864e-13
-4.64816e-13 1.49103e-13 -5.23832e-13
-1.71821e-13 1.43881e-13 -1.58321e-13
2.12684e-13 2.01193e-13 -9.24461e-15
1.04804e-14 -4.00416e-14 2.59473e-13
8.56894e-14 -5.42265e-13 -1.87647e-13
5.12062e-13 -2.88734e-13 8.43518e-14
1.5494e-13 9.01285e-15 -5.70838e-14
5.4343e-13 -3.67457e-13 3.02138e-13
-3.25939e-15 1.30734e-16 3.59438e-14
2.03727e-14 3.11894e-14 8.34658e-15
6.35764e-15 -2.77322e-14 -7.58141e-15
-1.60059e-13 1.16125e-13 -1.18208e-13
-8.63734e-14 -1.04093e-13 1.07154e-13
1.01227e-15 -1.59345e-20 2.98741e-13
5.90391e-13 -2.61414e-13 1.66864e-14
-7.2219e-16 -4.78926e-15 6.30728e-14
2.02232e-13 -2.85211e-13 1.31254e-13
1.272e-12 3.2191e-13 6.39274e-13
2.06117e-13 -5.20943e-13 -3.40353e-14
-9.19202e-14 -7.77999e-14 -1.66385e-14
1.53037e-13 -2.88476e-13 2.67315e-14
4.25074e-14 -7.46911e-14 -2.32435e-14
5.77111e-14 1.67547e-13 -3.6273e-13
-1.15408e-12 1.71227e-12 3.44068e-13
8.76045e-13 -9.73413e-13 -3.02834e-13
-2.2755e-11 -1.57971e-12 2.09321e-12
3.41142e-13 -5.24033e-13 -1.68571e-13
-2.69981e-13 -1.35313e-13 9.94452e-14
-2.16934e-20 -5.99401e-20 -5.58328e-20
5.62513e-13 -1.54823e-13 5.40513e-14
-2.44696e-13 -2.6578e-13 2.20756e-13
5.0116e-13 -1.01453e-13 -1.87069e-14
2.07785e-13 -7.3487e-14 9.19524e-14
3.50902e-12 -6.69458e-13 1.37044e-13
-6.59322e-13 -5.34244e-14 -9.50508e-14
1.22647e-12 -1.20773e-12 -1.85104e-13
-4.49601e-13 -2.61819e-13 -8.69791e-14
3.31548e-13 -1.41173e-12 -2.16677e-13
4.98347e-13 -1.31168e-13 1.29417e-13
-7.83914e-14 -5.37566e-14 -1.19946e-13
-1.10202e-13 -1.82286e-13 -6.43345e-14
5.30709e-14 -1.0988e-13 -5.56185e-14
9.06099e-18 2.40753e-22 -6.9181e-15
-9.08214e-13 3.31709e-13 -9.92314e-13
6.34141e-14 -2.68472e-14 2.3491e-14
-2.13326e-15 -1.41466e-14 1.86307e-13
4.06088e-14 -5.16296e-13 3.17612e-15
1.54981e-13 -1.68741e-13 3.46926e-14
1.54483e-15 -9.66157e-14 1.60483e-14
-1.43262e-14 -1.04522e-14 -2.45455e-14
-3.79295e-13 -1.51529e-13 -9.81433e-14
1.09348e-13 -6.82333e-14 -6.74923e-14
6.07644e-14 -2.81235e-13 -2.79268e-13
6.03155e-18 -9.01537e-22 -4.60544e-15
8.91341e-14 2.1407e-14 4.91546e-14
1.16143e-12 1.30955e-13 4.63939e-13
-2.70673e-12 -2.60983e-12 -2.00839e-12
2.20567e-13 8.90995e-14 7.31305e-14
-1.61997e-13 -2.25127e-13 3.41611e-14
1.13558e-12 -2.32901e-13 6.389e-13
5.44759e-13 3.41489e-13 2.79879e-13
8.45784e-13 -1.53928e-13 -2.14118e-13
2.52109e-13 -5.71804e-14 -2.6355e-13
-2.30568e-13 3.8714e-13 -1.18083e-13
-8.1857e-15 -1.52993e-12 -1.1837e-12
-1.54823e-12 -1.43384e-12 -1.74141e-12
2.11913e-13 -5.56823e-14 4.08814e-14
7.18161e-14 -4.43858e-14 -8.01152e-14
-3.85266e-15 3.07061e-14 1.09989e-14
1.79225e-13 -4.28119e-13 -9.08287e-15
2.04826e-13 -3.32028e-14 -1.46626e-13
-2.66409e-13 -5.02533e-13 -2.56589e-13
5.7e-13 -1.93409e-13 -1.23156e-13
4.87594e-13 4.60174e-14 1.40579e-13
-8.70215e-13 -1.10066e-12 -1.83501e-13
-9.32751e-14 -6.9535e-14 -3.14767e-14
2.75411e-13 -5.15719e-13 -7.96782e-14
-1.01968e-13 -6.21475e-14 -3.07175e-13
2.91015e-13 -4.18055e-14 -1.62593e-13
-1.1753e-13 -3.64169e-13 -2.05381e-13
-3.4487e-12 -2.10899e-13 -9.63519e-13
7.53424e-14 -1.03427e-13 -1.09922e-13
8.79869e-14 -2.30162e-13 -8.89198e-14
1.08877e-14 5.31484e-13 -4.94443e-13
-1.51046e-12 -1.73464e-12 -1.08508e-12
-8.69819e-18 -1.82338e-22 6.6413e-15
-2.4201e-13 -3.91071e-13 -4.17292e-14
9.03765e-13 -8.65534e-13 2.1693e-13
3.21817e-13 -1.80249e-13 -8.28748e-14
-8.43592e-14 -1.08879e-13 -4.4048e-14
-5.05915e-13 -2.5578e-13 -1.72088e-13
-2.71395e-13 -2.73612e-13 -9.06216e-14
2.56249e-13 -4.52752e-13 -5.5609e-14
-2.74246e-13 -2.26601e-14 -3.06256e-13
-1.26674e-13 1.79324e-12 -2.86738e-13
1.05371e-13 -4.32385e-14 -2.85329e-14
5.68947e-13 -7.6809e-13 -1.15733e-13
4.27278e-13 7.78247e-14 -2.78286e-13
-1.11846e-17 -3.59638e-22 8.53937e-15
-2.65099e-13 -3.12034e-13 2.31725e-13
1.79967e-13 -6.15972e-14 3.85994e-14
-2.47305e-13 -8.25011e-13 -1.2192e-13
-5.15052e-13 1.14982e-12 -1.11703e-12
6.69154e-14 2.07819e-13 1.81132e-14
-1.03809e-12 -1.19401e-12 6.50865e-13
4.50615e-13 1.60023e-15 -9.82328e-14
-9.21971e-14 -3.49779e-14 1.16962e-13
2.6545e-13 1.77378e-13 -2.39336e-14
-1.56022e-18 -2.73951e-22 1.19087e-15
1.13424e-13 1.41596e-14 2.64106e-14
3.89923e-13 -5.21838e-13 2.67754e-14
1.64582e-12 -4.42926e-13 2.26876e-13
-2.35339e-13 -1.14013e-13 3.03865e-13
3.48035e-13 2.27361e-13 7.20756e-14
1.2634e-12 5.6194e-13 3.68017e-13
-9.97687e-14 -8.17357e-13 -5.8389e-13
2.30553e-13 -3.7378e-13 -5.59081e-14
-2.26053e-12 1.11535e-12 4.51217e-13
-4.46181e-15 -3.01511e-16 -1.09861e-14
3.94881e-12 3.14241e-12 1.17236e-12
-1.11137e-13 -3.06556e-14 5.0451e-15
-1.15724e-13 -3.00738e-14 4.57616e-15
-1.52224e-13 -2.14325e-13 9.40213e-14
1.17255e-12 -1.77245e-12 6.99793e-13
6.01596e-13 -7.3522e-13 2.44071e-13
-2.50997e-14 6.62205e-13 -1.58976e-13
-1.27719e-13 -1.11545e-13 -3.95175e-14
-1.37531e-13 2.97009e-14 1.02994e-13
4.84156e-12 8.8599e-13 9.36162e-13
6.62603e-14 7.78409e-14 -1.38263e-14
8.99647e-14 -8.2785e-13 -3.93361e-15
-3.60774e-14 -1.57948e-13 -6.54413e-14
2.78225e-13 -1.67634e-12 -1.06601e-12
3.49325e-13 -2.54139e-14 -3.95798e-14
5.49274e-13 -1.0888e-13 6.1307e-14
3.33935e-13 -8.64098e-14 -3.83592e-13
2.94783e-13 1.63321e-13 -3.87962e-13
1.74622e-13 -2.83913e-13 -6.11454e-14
-7.06504e-13 -4.33237e-13 -2.84746e-13
-8.20059e-14 2.79598e-13 -1.77219e-13
-3.16904e-14 2.04354e-16 -1.0803e-13
2.54015e-13 1.01639e-15 2.33543e-14
2.21359e-13 -4.19997e-13 -5.20533e-14
1.6885e-13 -3.81731e-13 -1.23616e-13
7.71941e-13 -7.35775e-14 9.35032e-14
1.65775e-14 5.16758e-14 -1.14819e-13
1.11164e-13 -1.50897e-13 -4.10475e-14
-1.27336e-11 1.10072e-11 4.72604e-12
1.8039e-12 -1.85817e-12 -1.81615e-13
1.36878e-14 -2.07836e-14 -1.54518e-14
-3.47274e-14 -2.36474e-13 -8.10536e-14
1.30154e-13 -2.85031e-13 -6.37257e-14
-7.39944e-14 -2.75382e-13 -1.62531e-13
-2.10659e-11 5.89829e-12 -1.26963e-13
6.69422e-13 5.49476e-13 2.3546e-13
1.41335e-12 -2.00329e-14 -5.25226e-13
1.03589e-12 -1.39073e-12 -7.27337e-14
1.11769e-12 -4.57582e-13 -1.63188e-13
2.58996e-13 -1.63061e-13 -4.50943e-13
-3.87376e-13 -3.48773e-13 9.98062e-14
-6.74857e-12 1.71276e-12 -8.98347e-13
1.71214e-12 -3.46879e-13 -2.72061e-13
-4.92023e-13 -3.74474e-13 -2.00227e-13
4.92682e-13 2.90094e-13 3.1437e-13
1.07824e-17 -6.84699e-21 -8.23289e-15
1.30681e-12 -7.35831e-13 -1.42382e-13
-3.20963e-13 -7.23001e-13 -1.06481e-13
-1.23579e-12 -9.33926e-14 -4.70858e-13
4.3326e-13 -5.1902e-13 -5.93249e-14
5.78917e-13 -3.10723e-13 1.8331e-13
1.69063e-13 -4.95734e-14 8.98363e-14
-1.30927e-13 -3.54474e-13 -1.76438e-13
3.16305e-13 -6.00226e-13 -2.45522e-13
1.40234e-13 -4.55369e-13 -9.72207e-14
-4.92147e-13 7.28358e-13 5.03292e-13
-1.11845e-17 -2.65894e-22 8.53937e-15
-1.57197e-13 -4.86269e-13 -2.91457e-13
9.08071e-18 6.99327e-21 -6.93359e-15
-6.9217e-14 -8.12327e-13 -1.97976e-13
1.33122e-12 1.77546e-12 3.92582e-13
8.30556e-13 -4.37891e-13 6.5707e-13
-3.23919e-15 2.15467e-14 2.81605e-13
-4.46684e-13 1.54638e-12 6.43516e-13
2.8803e-13 -2.60874e-13 -8.59387e-14
-9.51803e-13 -1.03579e-12 -7.77334e-14
8.93427e-13 -5.90184e-13 2.66744e-15
6.95634e-20 -7.21548e-20 -2.30245e-20
-2.52993e-14 -4.53236e-14 5.52014e-14
1.66626e-13 2.51494e-13 -4.72493e-14
2.21606e-13 1.49514e-13 -7.44693e-15
-8.64514e-13 -1.26759e-12 -5.12796e-13
5.33885e-14 -6.21313e-14 -6.92506e-14
2.01377e-13 2.30572e-14 -8.68491e-14
-1.62955e-12 -9.50072e-13 -3.81812e-13
4.75793e-13 1.65329e-13 6.52111e-14
-2.13319e-15 -1.41466e-14 1.86307e-13
1.90753e-12 -2.25246e-12 1.48468e-13
3.24872e-13 2.59124e-14 -1.16067e-13
8.17067e-13 5.67363e-14 -8.58508e-14
7.9842e-13 -8.29125e-13 7.89471e-14
1.10606e-13 -4.34501e-13 -2.74127e-13
3.56471e-15 1.90828e-14 -2.18296e-13
1.10668e-13 3.51129e-14 1.7925e-14
-2.3614e-13 -1.44141e-13 1.47356e-15
2.201e-12 -5.46814e-13 -2.78622e-13
1.6882e-13 -3.424e-13 -6.72696e-14
6.03155e-18 -1.0619e-22 -4.60544e-15
2.2182e-12 2.9539e-12 1.92812e-12
9.37502e-13 1.20361e-13 9.87655e-14
5.22182e-14 -2.34841e-13 -5.39657e-14
6.49033e-13 3.40456e-13 1.78309e-13
7.89297e-14 -3.68104e-14 3.70108e-14
-1.98506e-13 -8.13694e-14 -2.5318e-13
-3.78533e-13 -2.31854e-13 -1.85793e-13
-5.03891e-12 5.03116e-12 4.21985e-12
1.80366e-12 -4.33854e-13 5.07762e-14
6.42757e-13 -5.92711e-13 -5.23449e-14
4.98923e-12 -6.3349e-13 3.51645e-13
-1.08641e-13 -1.73807e-13 -1.77095e-13
-4.24203e-13 -1.92092e-14 -5.6742e-14
1.36955e-12 -1.31319e-12 3.01225e-14
5.65389e-13 5.66823e-13 1.08375e-13
-3.48738e-13 5.81881e-13 1.05793e-12
-5.4696e-13 3.88238e-14 -2.06121e-12
1.51298e-12 -4.76863e-14 9.70439e-14
7.66791e-14 -2.18167e-13 -2.22205e-13
-1.2287e-14 -1.77382e-14 9.72497e-15
2.56092e-12 1.48179e-12 9.15251e-13
-5.17012e-14 3.66494e-13 -5.26113e-13
8.00345e-13 3.28461e-13 -2.69766e-13
-3.237e-13 -8.08118e-13 -2.24627e-13
3.01194e-13 -1.56545e-12 -2.64236e-13
-3.20627e-13 -2.02978e-13 4.36845e-13
9.1437e-13 -2.23133e-13 3.74223e-14
1.44581e-12 -5.65284e-13 -1.09963e-12
7.33865e-13 -8.62033e-13 -3.13285e-13
-8.23309e-13 -1.61546e-12 -5.67416e-13
1.14449e-12 -9.89436e-13 -1.37303e-13
-2.5464e-13 -1.79274e-13 -2.53778e-14
-1.54896e-13 -4.27606e-14 1.39072e-14
-2.1656e-13 -2.02974e-13 1.94995e-14
2.30505e-13 4.07829e-13 -3.23002e-14
2.32363e-12 5.31506e-13 -1.29741e-13
4.08537e-13 -6.00238e-13 -1.65751e-13
3.48128e-13 -4.37289e-13 -1.49546e-13
1.10907e-14 3.21119e-15 4.97306e-15
2.6257e-12 -4.61251e-14 9.58263e-13
4.86689e-14 -3.89854e-13 -4.68496e-14
5.17245e-12 1.53291e-12 2.94165e-13
1.83638e-13 1.6894e-13 1.10792e-13
-1.85077e-13 1.67409e-14 -1.46825e-13
1.98202e-14 -2.57342e-13 -9.96491e-14
8.41276e-13 -1.53425e-12 -7.61834e-13
2.68224e-13 -4.08207e-13 -1.09087e-13
6.6101e-13 8.31e-13 3.43658e-13
1.76046e-12 -4.78094e-13 -3.3679e-13
-2.56188e-13 -4.08528e-13 -4.56369e-13
1.15957e-13 -1.64691e-13 -5.34849e-14
9.26885e-13 -3.71692e-13 -1.58203e-13
5.55463e-13 -1.00629e-12 -1.7318e-13
-7.50839e-13 -9.58855e-14 7.48121e-14
4.3917e-13 -9.75459e-13 -2.15937e-13
-3.30089e-14 3.7814e-14 2.97169e-14
3.18318e-13 -9.51649e-14 1.98833e-13
-4.6484e-13 -3.25309e-13 -1.69016e-13
5.37454e-13 1.68577e-13 9.51623e-13
5.22126e-13 3.20081e-13 3.94583e-13
5.14633e-13 -1.1176e-13 3.64184e-13
2.58455e-13 -7.2277e-13 -3.35756e-13
9.86008e-13 8.93477e-13 3.0443e-13
-1.20456e-12 -1.4339e-12 -1.01385e-12
4.20139e-12 6.84242e-13 2.26048e-13
1.23242e-11 -1.6358e-12 -8.11308e-14
-8.92254e-15 -1.77927e-13 -1.7065e-13
1.33008e-13 -2.34888e-13 1.07744e-13
4.40459e-13 -7.32593e-13 7.38409e-15
-1.40063e-13 -3.36111e-13 -1.76079e-13
-3.36452e-12 1.41871e-12 -1.63765e-12
-8.30844e-13 5.23014e-14 2.13075e-13
-1.06665e-13 -7.04298e-13 -1.01924e-13
9.36688e-13 -4.6921e-13 -1.26377e-13
1.71785e-12 1.65247e-12 3.7113e-13
-1.36727e-14 -1.60846e-13 -2.60394e-14
3.45042e-13 4.77341e-13 -1.04146e-13
3.96204e-12 1.44839e-12 3.4369e-13
2.01548e-12 1.55494e-12 -1.84867e-13
1.40634e-13 6.04537e-13 9.33075e-13
-8.81454e-15 2.78216e-13 -1.69948e-13
-9.46164e-18 8.30531e-21 7.22451e-15
1.1269e-12 1.05483e-13 3.74627e-13
-1.00555e-13 1.56795e-13 -2.20634e-13
-1.51927e-13 -1.9877e-13 5.40847e-14
8.97862e-13 3.76339e-13 -2.53842e-13
-4.73378e-14 -1.66543e-12 3.40586e-14
-1.55472e-12 1.46862e-12 -2.9654e-12
3.60804e-13 1.71139e-13 4.55729e-13
-3.36819e-13 -1.10811e-12 5.44874e-14
1.08809e-12 -1.00368e-12 -5.53049e-14
-4.19922e-13 -1.34884e-13 1.08695e-13
-4.8123e-13 2.43366e-14 2.58262e-13
-2.72745e-15 -6.49969e-14 2.80781e-13
7.79772e-12 -5.76358e-13 6.27155e-13
1.37093e-12 -1.17991e-13 2.92489e-13
2.2415e-13 -3.5425e-13 -2.72685e-14
-1.14864e-13 2.38001e-14 5.68332e-14
-2.04718e-17 8.32667e-14 2.74514e-13
3.89748e-13 -7.3142e-13 -1.14081e-13
8.79077e-13 1.02375e-12 1.21441e-13
3.6376e-14 -8.11155e-15 -2.7944e-15
-2.11931e-14 -8.37464e-13 -4.53363e-13
9.92674e-13 -9.41448e-13 1.16053e-13
-9.61109e-21 2.50308e-20 8.27921e-20
3.79693e-13 -5.5605e-13 -2.16395e-13
4.65865e-12 7.3267e-13 1.36249e-12
-5.44845e-12 6.3801e-13 1.31836e-12
-9.71166e-13 6.57877e-13 -1.11221e-12
-2.2687e-14 1.65898e-12 5.97214e-13
1.12906e-12 -2.07511e-14 9.14904e-13
-2.05232e-13 1.29664e-12 -1.26676e-12
1.66815e-13 -6.00512e-14 -1.08247e-13
-1.25652e-13 5.78121e-13 6.19828e-14
-2.2165e-12 3.1266e-12 -1.43987e-13
-1.75079e-13 -3.83481e-13 -1.1613e-13
1.13033e-13 -1.14832e-12 -4.1166e-13
-1.58061e-12 1.74011e-12 -1.17733e-12
8.51929e-14 -7.70798e-13 -1.07507e-13
1.59182e-12 1.60187e-13 5.74231e-14
1.74463e-12 1.56714e-12 -1.39302e-13
-3.55044e-13 1.69434e-12 -9.94879e-14
1.59829e-12 1.57052e-13 -8.36805e-14
-1.54078e-11 4.15172e-12 5.35374e-12
-3.11386e-13 -5.41987e-13 2.10887e-13
-3.61856e-13 -9.43108e-13 -1.84209e-13
1.66993e-14 -8.64348e-14 2.79953e-14
1.1231e-12 -1.67256e-13 -1.47942e-13
4.23178e-13 -6.28161e-13 -1.38312e-13
2.43675e-13 9.69784e-13 -2.7905e-14
-2.44766e-16 -3.0303e-22 -7.22357e-14
-2.71124e-12 -7.61665e-13 -8.28197e-14
-1.14215e-13 8.64605e-14 7.95491e-15
4.86833e-13 -5.73439e-13 2.17657e-13
-1.62651e-12 1.65719e-12 -1.2039e-12
1.11841e-13 -8.0579e-13 -1.5393e-13
-2.79683e-14 -6.59738e-13 7.91888e-13
1.21941e-12 4.63128e-13 6.04455e-15
3.9413e-12 1.68552e-12 7.16295e-13
3.05241e-13 1.87884e-12 1.1435e-12
-3.99855e-13 -8.89357e-13 -1.07957e-12
-3.78564e-13 -1.07399e-13 -3.62085e-14
-2.18143e-13 -3.50206e-13 5.51028e-14
-1.07767e-13 -5.01447e-13 -2.04662e-13
1.74177e-12 -5.87176e-13 -4.79359e-14
2.25894e-12 -3.09406e-13 4.85366e-13
-6.22315e-13 -4.81765e-13 6.93356e-14
-1.4424e-12 1.57174e-13 -2.49235e-13
-3.02959e-13 -1.32679e-13 -2.29178e-13
5.5233e-18 3.61476e-20 -4.21679e-15
-1.56201e-13 -7.3349e-13 -1.07597e-13
-3.52295e-12 7.85863e-12 3.4197e-12
3.0362e-13 -7.11928e-14 -4.02914e-14
6.22411e-13 -9.15824e-13 -2.77486e-14
1.88327e-13 -9.30557e-13 -3.80312e-13
1.55868e-12 -1.2835e-13 -1.1011e-13
-3.91384e-15 1.69349e-13 1.80729e-13
-2.81332e-15 2.3038e-14 2.17717e-15
2.19398e-20 -3.57806e-21 1.06576e-20
1.0428e-12 -4.61078e-13 5.21909e-14
5.99247e-13 -5.09907e-13 2.82978e-13
1.21135e-12 -1.16017e-12 3.07615e-13
-3.20488e-13 -2.67816e-13 9.75654e-14
1.04493e-12 2.46959e-13 -7.33654e-13
4.57467e-12 8.99578e-14 5.05952e-13
2.08942e-12 -7.36396e-13 1.30784e-12
1.14144e-12 -3.88049e-13 -3.6863e-13
-1.91075e-14 7.65162e-14 1.90897e-13
-3.71462e-13 7.99277e-13 3.09605e-13
1.27417e-12 -4.18624e-13 4.64678e-14
-1.43226e-13 -9.62632e-14 -2.84255e-13
-9.1543e-15 9.77119e-15 -1.18681e-14
-6.31294e-19 3.544e-21 4.82091e-16
-4.56378e-13 -2.45144e-13 -4.40555e-14
-3.28731e-13 5.68325e-14 -3.14963e-13
8.55348e-13 5.77662e-13 3.79742e-14
-4.40561e-13 -2.41793e-14 -5.11177e-13
6.2904e-13 1.14304e-13 3.61122e-14
1.32064e-12 -3.53958e-13 -3.71341e-14
2.23495e-14 -3.82407e-13 -1.21403e-14
-2.47861e-13 -8.68145e-14 -1.58221e-14
1.24173e-12 -1.58922e-12 -2.43698e-13
-2.77107e-13 4.18002e-13 1.58867e-13
-6.4165e-14 -5.46322e-13 -5.46544e-14
-3.50222e-13 -2.20523e-13 -2.53632e-15
-3.6336e-13 -8.22505e-14 2.08195e-13
-1.2975e-12 1.76332e-12 1.71549e-12
-2.08263e-12 2.81968e-12 -3.1512e-13
-2.04213e-13 9.35999e-15 -3.55944e-14
5.82951e-13 -1.65403e-12 -2.62063e-13
4.32042e-12 -6.09321e-13 -3.39058e-13
1.52828e-15 -3.68197e-14 -1.58621e-13
3.22195e-13 -2.17216e-13 -3.7267e-13
2.40969e-15 5.46184e-15 3.43805e-14
-7.46078e-16 1.79853e-14 7.74819e-14
-2.94004e-12 2.53592e-12 -2.29742e-12
5.13843e-13 1.48795e-14 -1.13041e-13
-1.63946e-12 6.76711e-13 8.97907e-14
6.23584e-12 -1.5515e-13 1.0988e-12
-6.33277e-12 1.55962e-12 -3.86264e-13
2.9502e-13 5.59333e-14 -1.08592e-13
1.66347e-12 -1.68094e-12 4.72492e-14
-8.97347e-13 -1.24395e-13 3.97096e-13
2.9581e-12 -1.3333e-12 1.55773e-12
1.03909e-11 1.69458e-12 1.63881e-12
-3.99901e-13 -3.19113e-14 -2.09418e-13
1.23562e-13 1.75092e-13 2.38701e-14
2.53841e-12 1.04123e-12 1.00934e-12
-7.92069e-13 -1.99948e-12 -4.87666e-13
1.79935e-12 4.675e-12 2.66886e-12
1.09136e-13 -6.02012e-13 2.12267e-13
8.30643e-13 -2.35356e-13 -1.59158e-13
-3.15667e-13 -4.91056e-14 1.07465e-13
2.09221e-12 9.79377e-13 1.22068e-13
1.06983e-12 -8.20423e-13 1.03708e-12
7.43818e-20 -5.4772e-20 -2.51301e-20
2.97555e-13 -6.33877e-14 1.58857e-13
3.11882e-12 -1.09847e-12 -6.66288e-14
1.4567e-12 1.68924e-12 4.04749e-13
1.80016e-12 4.06196e-13 -2.91521e-13
2.98356e-12 1.75348e-12 1.30031e-12
1.66636e-13 -2.00018e-13 6.80913e-14
-2.13322e-15 -1.41467e-14 1.86308e-13
2.37068e-12 1.92232e-13 -2.36179e-13
2.09712e-12 9.83075e-13 -7.26312e-14
3.18722e-13 -5.29807e-13 4.87131e-14
2.97921e-15 6.13516e-14 3.2342e-14
2.56326e-12 -1.73178e-12 -2.16122e-13
2.98046e-14 -2.70654e-13 -2.85755e-13
1.20717e-12 -4.2206e-13 1.45779e-13
6.46997e-14 -1.47113e-13 -2.1481e-13
-1.61569e-11 1.87828e-12 2.46061e-12
1.64988e-13 -5.27329e-13 -2.0613e-13
-4.79848e-13 -7.17415e-13 3.2699e-13
4.19041e-12 -1.79239e-12 1.31187e-12
-2.64541e-12 1.78356e-12 6.57377e-13
1.81173e-13 -5.43037e-14 -5.87557e-14
1.08966e-11 1.55007e-11 5.24313e-12
8.16203e-13 1.33498e-12 1.6333e-13
1.08224e-12 2.18817e-12 2.31611e-12
-5.39859e-13 1.13282e-12 -1.12489e-13
-6.33527e-19 4.48464e-21 4.82082e-16
5.94151e-13 1.87488e-13 -3.65781e-13
-2.64109e-13 -9.19711e-13 3.78606e-14
8.59994e-13 7.22929e-13 9.48798e-14
-4.07095e-15 1.08824e-15 1.31379e-14
5.75253e-13 -3.70934e-13 1.99259e-13
2.49515e-12 9.83614e-13 7.92132e-13
-9.44879e-13 7.85316e-13 1.16582e-12
-9.72891e-14 2.7905e-13 -8.48487e-14
-2.4476e-16 2.122e-21 -7.22337e-14
1.43249e-13 -3.35444e-13 -6.0591e-13
1.6212e-14 -1.62504e-13 -5.18938e-13
1.79344e-12 1.64608e-12 2.78292e-13
-7.88494e-13 4.14079e-13 4.74202e-15
1.67689e-12 -1.06016e-12 6.15949e-13
6.57642e-12 9.09009e-13 1.02869e-12
2.19842e-12 1.78623e-12 6.28569e-14
2.40712e-13 -7.19014e-13 -3.29754e-14
1.98958e-13 -1.82873e-13 -7.94586e-14
-1.85687e-20 -1.115e-19 -1.13611e-19
4.12502e-13 -1.56092e-13 5.41146e-14
1.84633e-13 2.56137e-13 1.79205e-13
4.00957e-15 -2.23184e-13 9.9476e-14
2.29498e-12 -1.41969e-12 2.51362e-13
3.8756e-12 1.18558e-12 9.74551e-13
1.3026e-13 1.38806e-14 5.64569e-14
1.52454e-13 -4.86544e-13 5.09054e-14
3.72089e-13 1.16238e-13 -1.82283e-13
4.96003e-14 -4.98985e-13 -2.01133e-13
5.46263e-12 1.55658e-12 -9.20933e-13
8.89414e-14 -7.37929e-13 1.04264e-13
-9.66156e-18 -1.20413e-20 7.37626e-15
-3.08354e-12 -1.71975e-12 1.29309e-12
6.44812e-16 4.27582e-15 -5.63117e-14
1.45373e-12 1.7676e-12 -3.05801e-12
1.0753e-12 -6.31101e-13 1.4117e-13
-2.74284e-13 6.40583e-14 -1.24853e-14
-2.54399e-13 -7.78008e-13 4.54593e-14
-3.18366e-13 7.18275e-13 -7.58644e-13
-5.6925e-18 -1.70587e-21 4.34637e-15
-1.55079e-13 -1.56749e-13 4.45163e-14
-7.34185e-15 -9.7959e-13 -8.79262e-15
-5.85885e-14 -3.34265e-14 1.22641e-14
-2.72961e-13 -6.31061e-13 -1.18113e-13
-1.64881e-13 -1.68671e-12 8.5841e-13
-8.64173e-12 -1.10257e-13 -1.32585e-12
5.10188e-14 -3.99972e-13 2.28264e-13
2.80963e-14 -7.76028e-13 -1.42107e-13
-7.44601e-17 8.52849e-15 3.38544e-14
7.45133e-14 -1.34917e-13 -1.07007e-13
-1.52572e-13 -6.69554e-14 -2.71528e-15
1.28729e-13 3.33428e-13 7.69677e-13
1.07983e-12 9.1132e-13 -4.38467e-15
-6.11199e-14 4.46661e-14 1.65421e-14
-7.50638e-13 1.13977e-13 1.08565e-13
-1.03257e-12 6.26345e-12 -1.23119e-12
3.2512e-12 -1.7122e-12 3.89781e-12
3.78414e-12 -1.74986e-12 -3.59615e-13
-2.40116e-12 -1.62577e-12 3.20268e-13
1.44937e-12 1.08202e-12 -1.40881e-13
-2.50564e-12 1.77496e-12 -4.0765e-14
-3.89269e-13 9.94586e-14 1.29086e-13
-2.95537e-13 8.04423e-14 2.89444e-13
-3.90132e-19 2.83746e-19 3.21352e-20
-7.45503e-16 1.7985e-14 7.74801e-14
1.77648e-17 4.01875e-17 2.53021e-16
-5.27737e-13 -6.49731e-13 4.26355e-14
2.89193e-14 3.29236e-14 1.02265e-14
2.88549e-13 -1.74494e-13 2.2574e-14
1.62837e-12 6.62944e-13 1.23163e-13
1.51961e-12 -1.08371e-13 -3.17991e-13
-2.3079e-13 -1.0861e-12 -2.62887e-13
1.90622e-12 -1.72178e-12 -3.63772e-13
-4.22764e-13 3.37602e-13 1.10793e-13
2.1446e-13 -3.87425e-13 2.15154e-13
1.58893e-13 1.85474e-12 -1.36521e-12
1.01344e-15 -6.73953e-15 -8.80823e-14
1.67897e-12 1.65053e-12 1.90895e-13
-7.33456e-12 2.50276e-12 3.64043e-12
-3.72623e-12 7.68066e-13 4.66192e-13
3.2351e-13 -6.19028e-13 -4.44821e-13
2.97815e-13 -8.33126e-14 -1.67953e-13
4.48916e-12 1.14846e-12 1.73028e-13
2.0839e-12 -3.2497e-13 2.49436e-13
1.48755e-12 4.08395e-13 1.02888e-13
3.40781e-12 -3.57766e-13 4.17652e-13
3.10383e-12 -1.68873e-12 6.25086e-13
-1.38764e-11 -2.3198e-11 -3.09563e-12
3.13581e-12 -1.72128e-12 -3.40933e-13
1.56134e-12 1.0714e-12 2.21276e-13
-3.26952e-13 -1.7978e-13 -5.04166e-13
-2.05194e-13 1.85428e-12 2.11994e-12
-3.14584e-13 2.71631e-13 7.43553e-13
1.46798e-14 -3.60704e-14 3.80693e-14
2.16708e-12 2.22421e-12 6.67795e-15
2.42792e-12 1.03548e-12 -1.29424e-12
2.19698e-12 5.79584e-13 3.13877e-13
6.60344e-12 -6.33036e-13 1.47501e-12
-6.63774e-16 -2.59497e-21 -1.95892e-13
-2.83672e-13 -9.09578e-13 6.20534e-14
-1.52896e-13 1.64788e-13 4.2544e-14
-2.74202e-11 1.2431e-11 7.03533e-12
1.56075e-12 -2.82974e-13 -2.05504e-13
-3.42829e-14 2.44637e-13 2.46373e-13
2.33453e-12 -6.78327e-13 7.54909e-13
1.67996e-12 1.13184e-12 7.26556e-13
-6.25969e-12 3.92611e-12 1.55761e-12
-1.55921e-13 1.43462e-12 -1.49817e-13
-6.28927e-19 -3.97527e-21 4.82082e-16
2.44285e-12 -1.7771e-12 5.09917e-14
3.3116e-12 1.7229e-12 1.00348e-12
-5.26636e-14 -1.13584e-12 -1.3911e-13
1.2462e-19 6.88243e-20 -6.73422e-20
-7.84942e-13 8.13613e-13 4.82325e-13
-3.63099e-13 -8.14773e-13 -2.42845e-13
9.16307e-14 9.10605e-13 1.33324e-13
-1.45496e-13 1.45372e-13 1.87127e-13
-6.48966e-13 -3.80039e-13 -7.74834e-14
4.03432e-13 3.21755e-13 -3.86543e-13
5.09612e-12 -1.23384e-12 1.89946e-13
4.05766e-14 -2.94123e-13 -9.7607e-14
3.18025e-20 5.64027e-20 6.45118e-21
5.02814e-13 -6.89846e-13 1.23662e-14
-1.7115e-13 3.51828e-13 2.16071e-13
-3.59269e-13 2.71115e-13 1.00454e-13
-8.42157e-13 1.10051e-15 -4.50309e-13
-4.76786e-13 -7.39895e-13 -4.5104e-13
3.43342e-12 -1.39936e-12 5.83993e-13
2.03693e-12 1.76488e-12 1.18809e-13
-2.14865e-12 9.56736e-13 -2.14625e-12
6.45301e-14 1.71813e-13 -9.91076e-14
-1.01225e-12 -1.93772e-13 4.92638e-13
-6.28114e-12 1.90775e-12 1.24259e-12
3.04006e-14 -5.46204e-14 3.72326e-13
2.09174e-13 -4.72977e-14 -5.67203e-14
3.72688e-12 1.09608e-12 5.23107e-13
6.64966e-12 1.64184e-12 1.77051e-12
1.31962e-13 -6.64229e-13 3.5664e-13
-4.62032e-12 1.75173e-12 2.47031e-12
-1.82192e-15 1.2118e-14 1.58376e-13
-5.2405e-14 -5.57969e-14 -1.05998e-13
-1.03791e-19 5.91334e-20 -1.25784e-19
1.19593e-12 2.39713e-13 2.96385e-12
-2.91454e-13 -3.07929e-13 6.54233e-13
6.20011e-14 -1.00202e-13 5.21905e-13
2.05588e-15 1.36333e-14 -1.79547e-13
1.40817e-12 1.62639e-12 2.96495e-13
1.38307e-12 8.90017e-13 -3.52027e-13
4.62778e-12 -2.28509e-13 4.26376e-13
-6.05627e-13 2.89108e-14 5.27016e-13
-1.13474e-11 2.57485e-12 5.59816e-12
2.7132e-14 -1.64038e-13 3.89811e-13
1.01015e-11 6.43872e-13 4.40642e-12
2.34515e-13 1.90087e-13 7.98726e-14
-1.14039e-13 -3.96293e-13 -1.56768e-13
-6.27817e-20 6.96618e-20 -4.75286e-20
-2.91225e-19 2.25317e-19 7.49486e-20
4.10361e-13 3.71125e-13 2.01072e-13
-2.29646e-13 3.35858e-13 -4.52849e-13
1.70592e-12 1.977e-12 1.38433e-12
-5.11981e-13 -2.16145e-13 2.73202e-13
1.07626e-12 6.5756e-13 5.98435e-13
-1.24489e-13 -2.5996e-13 -1.35785e-13
3.71017e-13 -4.11101e-13 -2.84584e-13
-2.29131e-13 -5.40871e-13 1.06107e-13
1.56814e-13 -2.75767e-13 -1.03845e-13
-3.7695e-14 3.89119e-14 9.49737e-14
-1.438e-13 1.2359e-13 -2.32026e-14
-4.84599e-12 -6.61729e-12 3.11188e-12
4.26203e-12 9.22559e-13 -6.13563e-13
-3.293e-14 1.76801e-12 1.56594e-13
2.03755e-12 5.37585e-13 -3.41735e-13
-5.60607e-13 6.5679e-13 -1.47227e-12
-1.27196e-12 3.29408e-13 3.74548e-13
-3.71656e-13 -2.58078e-13 -2.07667e-13
4.00281e-12 1.72988e-12 1.7351e-12
6.39607e-13 -7.70561e-13 -2.29859e-13
2.76884e-12 9.07406e-13 5.52817e-13
4.5102e-12 1.58333e-12 1.20942e-12
-3.35959e-13 -3.71902e-13 -3.16212e-13
1.2375e-12 -1.16717e-13 -4.74876e-13
1.3902e-12 -1.19679e-13 -1.47891e-13
1.7871e-15 4.25939e-14 -1.84002e-13
5.85877e-12 -1.63771e-12 1.43148e-13
5.44555e-14 6.77994e-13 2.71537e-13
-4.55585e-13 -2.73483e-13 -6.30124e-14
4.41821e-13 -2.37637e-13 -3.23263e-13
-5.35697e-13 7.56339e-13 1.6674e-13
-2.994e-20 6.00711e-20 -6.53883e-20
-3.29889e-13 4.22552e-13 4.78879e-13
-1.9042e-13 2.11868e-13 -4.15795e-14
-1.17104e-13 -1.06547e-13 4.07555e-13
-6.46814e-13 8.36363e-13 8.12148e-14
9.35254e-13 7.13201e-12 2.47501e-12
-1.038e-12 -1.14868e-12 -2.15562e-13
-3.01458e-12 6.91639e-13 5.48478e-12
1.87156e-13 1.25512e-12 -3.952e-14
4.76105e-13 -1.16786e-13 1.25805e-13
9.49122e-18 1.01969e-20 -7.24676e-15
1.1892e-12 1.06024e-12 1.33642e-13
4.81255e-12 5.98056e-13 7.33622e-13
-6.13627e-13 -4.80199e-13 1.55457e-13
-3.73006e-13 -1.02926e-13 7.36765e-14
-6.42497e-13 7.88813e-13 -2.05901e-13
5.71018e-13 2.806e-13 4.60312e-13
-2.91995e-12 1.05447e-12 -3.4703e-12
-7.30896e-13 -3.10971e-13 2.13979e-13
-3.18779e-14 -6.6661e-14 -9.97644e-14
-1.14872e-11 1.32662e-12 1.96419e-12
5.28626e-13 -1.06139e-12 -3.44033e-13
-8.10623e-14 1.73846e-12 1.6358e-12
1.95178e-13 1.31785e-13 -1.19154e-13
-4.24192e-13 -2.21481e-13 1.63579e-13
6.46677e-13 1.76269e-12 1.15883e-12
-9.47217e-14 -2.60469e-13 2.00701e-14
-6.76374e-12 2.48797e-13 -1.79497e-12
-1.35008e-13 -4.64735e-13 -1.78431e-13
2.38413e-12 3.81806e-13 -1.28669e-13
-3.99795e-13 -4.80957e-13 -4.16464e-14
-1.792e-12 9.55408e-13 -3.29508e-13
-1.53665e-13 -2.38964e-13 3.80382e-13
1.11861e-12 -2.60602e-13 6.05349e-13
-5.22008e-14 8.90041e-15 -2.49283e-14
6.46076e-13 -3.23404e-13 3.38494e-13
5.04618e-13 -9.9764e-13 -3.88594e-13
1.27659e-11 -1.11354e-11 -7.4882e-13
-7.22201e-16 -4.78924e-15 6.30733e-14
7.10583e-13 6.67027e-13 5.8295e-13
-2.60166e-13 -2.17497e-13 8.24532e-14
-1.47827e-13 5.12754e-14 -7.3105e-14
-3.13319e-12 1.6458e-12 3.68601e-14
1.44706e-13 -1.89694e-13 5.87172e-14
-4.2275e-12 1.34514e-13 -2.33493e-12
-1.08184e-13 -7.10163e-13 -4.25126e-13
3.67453e-13 -5.22037e-13 -2.25426e-13
4.58219e-12 2.57026e-12 1.52018e-12
1.74781e-13 2.26533e-13 -3.49166e-13
-2.41009e-13 -7.59351e-13 -1.06938e-13
1.54201e-12 2.23964e-13 -1.85223e-14
7.78999e-13 1.36372e-12 7.50782e-13
-8.90395e-14 -7.64829e-14 2.7442e-13
-1.44242e-13 7.7276e-13 4.91862e-13
4.61167e-19 -1.19449e-22 -3.5236e-16
1.44121e-13 -7.52543e-13 -1.4772e-13
1.81958e-13 -1.34885e-12 1.73112e-13
-6.47098e-20 2.93272e-20 -3.88946e-20
-6.33839e-13 -4.33594e-13 1.46788e-13
4.74847e-13 -1.54786e-13 1.82291e-13
1.54803e-12 2.33138e-12 1.45366e-12
-1.72221e-13 -1.33034e-13 1.42118e-14
4.67083e-14 5.57173e-12 3.41833e-13
1.66452e-12 1.2039e-12 -2.69652e-14
1.27132e-13 5.06691e-13 6.56352e-13
-9.46178e-18 -3.64359e-20 7.22451e-15
-1.41717e-13 2.84553e-13 -7.26896e-14
-2.70418e-13 5.09556e-13 1.47526e-13
8.31897e-13 2.95646e-13 4.13132e-14
1.28099e-12 -1.21731e-12 1.92374e-13
-3.34652e-13 -8.04085e-13 -1.0622e-13
-1.03218e-12 4.67308e-13 1.33781e-13
4.97916e-13 -2.91851e-13 1.10137e-13
3.64348e-12 6.19004e-13 1.77747e-12
3.42201e-12 1.34669e-12 -3.8921e-15
-8.96787e-13 -3.74776e-14 6.65005e-14
5.85336e-14 -4.65572e-13 -2.16684e-13
-1.38376e-12 1.99838e-12 -7.39023e-13
2.75042e-11 2.15101e-10 4.33518e-12
7.82788e-13 -7.1605e-13 3.82015e-14
3.1575e-12 4.65093e-12 -3.77611e-12
4.42966e-18 -3.60067e-20 -3.38226e-15
4.47609e-12 8.41471e-12 3.17695e-12
-1.8362e-12 1.43035e-12 2.67321e-13
1.73959e-20 4.13177e-20 9.58559e-21
-1.2914e-13 1.14868e-13 6.41615e-14
-3.31491e-14 -7.01406e-14 2.51517e-13
1.04803e-12 4.15594e-14 5.94016e-13
-3.21102e-15 9.26057e-14 -1.54429e-13
3.02534e-12 -2.65912e-13 9.89349e-13
-5.31681e-13 3.62593e-13 1.79686e-13
1.82396e-13 -9.2985e-14 2.48796e-13
-4.78598e-12 -8.61966e-13 7.68419e-13
3.31707e-13 1.6025e-13 -6.37222e-14
-1.68968e-13 1.21695e-13 3.58397e-14
4.6622e-12 -5.23948e-13 -3.15696e-13
1.54957e-12 6.47387e-13 2.51114e-14
-6.1696e-12 -1.54442e-12 2.09211e-12
-2.70675e-14 -1.75784e-13 -4.51353e-14
9.31983e-14 4.7862e-13 -4.19498e-14
6.11985e-12 1.73501e-12 1.08178e-12
3.72778e-12 1.28834e-12 1.14164e-12
-1.99946e-13 -1.88523e-14 5.07958e-14
-1.87373e-14 9.09097e-14 -1.82348e-13
-5.59485e-13 -3.50738e-13 9.40037e-14
-4.77915e-13 1.6871e-12 4.54434e-14
-4.93399e-13 -1.57896e-12 -1.58772e-13
-2.25494e-13 -1.98132e-13 6.6041e-14
1.01034e-11 2.34772e-13 2.39267e-13
-7.13423e-13 -2.52286e-13 4.32673e-13
-3.24354e-13 6.38583e-14 4.17532e-14
5.55598e-13 2.20276e-12 1.17949e-12
-1.13741e-13 3.53513e-13 -6.05421e-14
-1.20689e-14 -1.56615e-12 2.74322e-13
9.49086e-18 -4.56776e-22 -7.24676e-15
-1.72716e-12 2.04395e-12 3.78636e-13
-4.48368e-13 7.27834e-13 1.30157e-13
5.68455e-12 8.44088e-13 5.69517e-13
4.2167e-14 2.25482e-13 -1.45977e-14
-1.00164e-12 6.879e-13 1.60222e-13
1.16654e-13 1.43991e-13 -5.83349e-16
-1.35059e-11 5.08495e-11 -1.26886e-12
2.18673e-12 1.79553e-12 -9.24325e-13
-2.1639e-13 -9.82096e-14 5.75067e-14
-1.04705e-15 4.15215e-14 1.05847e-13
-5.5522e-13 1.35326e-13 1.01987e-13
1.19843e-12 5.67832e-13 -4.9576e-13
-1.71144e-13 -8.55619e-14 -2.15652e-13
-9.41105e-13 -1.29615e-12 1.77762e-13
-6.44189e-13 -4.80315e-13 1.16555e-13
-1.26048e-13 -2.91035e-13 -2.16754e-13
6.6467e-13 -8.15699e-13 1.1923e-13
7.86281e-14 -1.50162e-13 1.5488e-13
2.43075e-15 -1.61686e-14 -2.11313e-13
7.33404e-14 -1.59586e-13 4.70998e-14
-4.75155e-13 -7.73644e-13 2.5154e-14
-3.22917e-12 8.23396e-14 8.22849e-13
4.72031e-12 6.0433e-13 1.15463e-12
1.07832e-17 -1.48796e-19 -8.23297e-15
2.07445e-12 9.37841e-13 3.77439e-13
-4.51444e-21 5.03492e-20 9.53608e-21
-2.24656e-13 -1.7857e-13 5.85871e-14
-3.24963e-13 -1.08358e-12 -3.79847e-13
2.1235e-12 2.27877e-13 1.28039e-12
-3.20003e-13 -3.22807e-13 -1.9911e-13
-6.04584e-13 8.90691e-14 1.49436e-13
-1.45949e-15 -2.48891e-14 -1.29003e-13
1.23594e-13 5.46457e-12 -1.05285e-12
-4.72545e-13 -9.22707e-14 2.14343e-13
1.40319e-12 -6.7359e-14 -1.27295e-13
4.26826e-14 5.95529e-13 -1.42483e-13
1.0584e-17 9.25003e-22 -8.08106e-15
-6.21688e-13 3.95783e-13 7.73828e-13
1.98351e-13 -7.22382e-13 3.96704e-14
1.52735e-15 -3.68192e-14 -1.58619e-13
2.10122e-12 -1.43737e-13 -4.5273e-14
-5.21964e-13 -1.24921e-12 3.38316e-13
-4.37111e-12 1.90016e-12 8.94652e-12
4.28806e-12 1.49326e-12 1.11944e-12
1.51098e-13 -3.88803e-13 1.27954e-13
2.11969e-13 -1.74829e-13 -1.3726e-13
-8.5013e-12 3.43807e-12 2.1256e-14
-2.30452e-11 4.65721e-12 1.00462e-12
-8.23923e-12 1.24644e-11 6.80701e-12
-1.19228e-13 -4.05005e-13 -3.67515e-13
4.28029e-12 1.32744e-12 -5.70552e-14
7.66724e-13 9.50493e-13 7.23956e-13
-1.12587e-12 -3.93738e-13 2.54605e-13
-3.30568e-13 -6.35999e-13 1.43222e-13
3.41963e-12 6.43367e-13 8.99304e-13
1.24465e-12 -1.15763e-12 1.69407e-13
3.80212e-12 1.23472e-12 1.4886e-13
4.01063e-13 6.20515e-13 6.63148e-13
1.26561e-13 -1.55125e-13 -4.76278e-13
-3.75914e-13 -2.01738e-13 -2.12267e-13
2.0901e-13 3.91862e-13 9.05647e-14
9.53643e-14 -4.91794e-13 6.53934e-13
-3.61397e-12 -1.15398e-12 4.85633e-13
-2.33442e-13 -4.76e-13 -8.64715e-14
5.30518e-12 4.62696e-13 1.01566e-12
-5.21884e-12 -9.54855e-13 1.04308e-13
-1.94058e-13 4.72321e-13 -1.37007e-13
-9.9919e-14 -6.22818e-13 1.94565e-13
1.49042e-14 4.09611e-14 3.04688e-14
1.72275e-12 -3.88448e-12 -9.27613e-13
4.23303e-12 2.20377e-12 -1.04573e-12
6.00165e-13 -1.28262e-12 -2.51218e-13

VECTORS force float
-2.29509e-15 4.05327e-15 -6.15216e-16
1.25447e-17 -2.10266e-18 -1.7712e-18
-1.51725e-18 7.29186e-19 1.15507e-18
2.07282e-17 2.51913e-17 -1.25622e-17
-5.52221e-18 7.37609e-17 1.7123e-17
-3.59444e-17 -8.35774e-17 -1.16281e-17
0.0 2.70239e-26 0.0
5.22108e-17 7.65716e-17 -3.11904e-18
-5.96948e-17 4.52324e-17 2.06647e-18
-8.27181e-25 0.0 -6.61744e-24
1.17443e-17 -1.58429e-17 -3.37919e-18
0.0 -1.56351e-26 0.0
-1.89455e-17 2.88276e-17 1.47813e-17
6.9352e-17 -1.45897e-17 -5.11652e-17
9.613e-18 -1.34328e-17 -2.79264e-18
-1.79666e-18 2.9384e-17 -1.06324e-17
3.81319e-17 -4.53908e-17 8.97167e-18
-5.02513e-18 1.47536e-17 3.12857e-18
5.30777e-18 6.09309e-18 -3.24752e-18
5.76274e-19 1.00342e-17 -8.73926e-19
-6.02046e-17 -2.40821e-17 -7.1786e-20
-7.2191e-18 5.82614e-17 -7.25452e-18
-4.63176e-17 3.85548e-17 1.15408e-20
1.37554e-17 3.64734e-17 3.99368e-18
-1.4282e-18 1.7607e-17 -2.13495e-18
1.01805e-16 1.78917e-17 1.11841e-18
8.19203e-18 6.49791e-18 -7.83145e-18
5.92391e-18 2.75412e-17 -6.23416e-18
6.72756e-18 1.67431e-17 -4.06142e-18
-5.72047e-17 8.50928e-17 3.58421e-18
1.58671e-17 3.82634e-17 7.5549e-18
1.82551e-18 4.60185e-17 9.02818e-17
-8.09456e-18 1.79076e-17 1.86214e-17
1.95838e-17 3.84832e-17 2.34389e-17
5.67343e-18 7.65445e-18 8.02299e-20
-7.40476e-18 4.97092e-18 5.66623e-18
1.09689e-17 2.33993e-18 2.67607e-18
-3.08434e-17 7.93286e-18 -3.61646e-17
0.0 -1.63344e-27 0.0
-1.32783e-17 -2.65915e-19 -3.17733e-18
2.58268e-18 -1.67412e-17 1.91599e-18
-2.87222e-17 -5.70181e-17 5.39123e-17
6.09524e-18 1.39614e-16 1.8351e-17
-1.79784e-16 -3.29644e-17 -4.47796e-17
-2.57741e-17 3.22197e-17 5.06223e-18
1.26116e-17 -9.99123e-18 6.5332e-19
1.79026e-19 -1.1619e-18 1.4737e-20
1.67912e-16 1.90547e-16 4.95432e-17
-7.20904e-19 5.49144e-18 1.30253e-17
1.66524e-17 -6.62102e-17 -4.21432e-17
-9.28635e-17 5.55874e-17 -2.08001e-17
-1.91377e-17 1.61148e-17 -5.8098e-18
-8.22533e-18 9.69403e-18 -4.11637e-18
-8.89219e-24 -1.65436e-24 0.0
-4.85893e-17 5.47524e-17 -2.59201e-18
5.72459e-17 -2.28043e-17 1.27361e-17
-1.07354e-17 -3.88352e-18 3.80432e-18
3.42283e-17 -3.66276e-17 1.42125e-17
1.07607e-17 -6.48945e-18 4.07048e-18
-4.78412e-18 -1.85348e-18 1.92899e-18
1.45521e-17 -2.65558e-18 1.502e-18
1.8427e-17 2.30157e-17 -6.80165e-18
-9.56617e-17 4.25428e-17 -8.34889e-18
0.0 4.56302e-24 0.0
-2.77955e-17 1.16406e-17 5.79832e-19
4.09971e-23 -3.30872e-24 0.0
3.64158e-18 1.37501e-17 -6.14266e-18
2.11108e-18 2.19303e-16 1.05385e-16
2.90912e-17 -1.86725e-18 1.76298e-17
-7.85196e-18 -4.18901e-18 -1.94078e-18
1.73e-17 -1.78809e-17 9.94867e-18
-9.31535e-18 1.08711e-17 5.87904e-18
-5.92882e-17 1.78866e-16 -8.80808e-18
-2.03012e-16 4.47053e-17 -5.1818e-17
-4.03558e-17 -1.22552e-17 1.09695e-17
2.16744e-16 6.78238e-16 1.51688e-16
1.84703e-17 -1.19727e-17 5.22656e-18
4.85597e-17 -2.0502e-17 -7.31279e-18
-6.61744e-24 0.0 0.0
3.75083e-17 -1.0328e-17 1.79037e-18
4.41059e-17 -7.78065e-18 -3.95856e-17
7.29839e-18 1.78414e-18 -1.44285e-17
2.18535e-17 -6.45198e-18 8.00107e-18
-2.7055e-16 1.19124e-16 4.64195e-18
1.9941e-17 -2.51925e-17 3.9898e-18
1.3986e-16 -1.07075e-16 2.33186e-17
3.10928e-17 1.8007e-17 -2.66019e-17
-8.59194e-17 6.61543e-17 -7.18305e-18
-4.87152e-18 6.54071e-17 2.37157e-17
1.7989e-17 1.2204e-17 -3.63787e-18
-3.5333e-18 1.22999e-17 -3.13245e-18
4.55052e-18 -1.79568e-17 -1.34942e-17
0.0 -3.67412e-27 0.0
6.44873e-17 -7.08792e-17 4.58759e-17
-7.54855e-18 2.14134e-17 -1.44229e-18
-2.74004e-24 4.1359e-25 0.0
3.0463e-18 1.35574e-17 -1.34238e-18
2.36224e-17 -9.88966e-18 6.74635e-18
4.4886e-18 -1.02455e-18 -1.36425e-18
-2.10541e-17 1.53339e-18 5.15581e-18
3.81265e-17 2.17829e-17 -2.01184e-17
5.16664e-19 -2.33848e-17 -3.47966e-18
-5.50573e-17 2.87179e-17 9.82051e-18
0.0 -1.87204e-25 0.0
5.67419e-18 2.37845e-17 4.77515e-19
3.71976e-17 5.21378e-17 2.35245e-17
-3.45528e-16 5.46087e-17 -1.14676e-16
-4.48245e-18 3.79279e-17 -2.0603e-17
3.06752e-17 2.59333e-17 6.47784e-18
3.93754e-17 6.3279e-17 1.01723e-17
7.28305e-17 5.85509e-17 -2.06075e-17
-1.42538e-16 -8.12966e-17 6.41299e-18
-2.67345e-19 -4.59816e-17 1.39412e-17
-2.38994e-16 -7.12975e-17 -1.33297e-17
-6.30347e-17 9.27178e-17 -5.47884e-17
-3.78494e-16 1.6762e-16 -9.77278e-17
5.37234e-18 4.17905e-18 -4.83868e-19
-2.53482e-17 9.89233e-18 -1.6442e-18
-1.05544e-18 1.7387e-18 2.22169e-18
-2.10389e-17 -8.57372e-18 -1.98507e-17
-1.24174e-17 1.10051e-17 5.35526e-18
-6.36364e-17 4.29943e-17 -1.00055e-17
-3.59583e-17 3.02101e-17 3.92912e-18
-2.52116e-17 4.93714e-18 4.46307e-18
3.94485e-17 5.44671e-19 -4.2879e-17
1.44312e-17 5.38792e-18 -5.92975e-18
-5.26166e-19 -1.89313e-17 -5.60037e-18
3.77075e-17 9.94039e-17 1.30825e-17
-9.40376e-18 2.80198e-17 -1.83526e-18
2.00081e-17 -2.9055e-17 2.75172e-17
-6.0216e-17 1.31585e-16 4.16228e-17
-2.23117e-17 3.42758e-18 -9.31266e-19
-6.50143e-18 2.28405e-17 8.34751e-18
-7.28649e-17 1.51801e-16 -2.90811e-17
-2.95578e-16 1.82713e-17 9.9067e-18
0.0 -1.09632e-27 0.0
5.89479e-17 -1.55781e-17 4.28979e-18
7.30683e-17 2.36705e-18 -2.0353e-17
-3.09552e-17 -4.18787e-17 -2.67822e-17
1.91112e-19 -1.0549e-18 2.8346e-18
-2.87261e-17 2.99628e-18 -6.41183e-18
1.99574e-17 3.54843e-17 -4.38231e-18
-1.60685e-17 -2.59407e-17 -5.39486e-18
-1.51344e-16 4.91513e-17 -4.25005e-18
-1.22836e-16 -4.33184e-17 2.0031e-18
-4.52885e-18 3.32974e-18 -2.47725e-18
-5.03234e-17 5.57487e-17 4.34973e-18
-8.22296e-17 -6.96854e-17 1.47714e-17
0.0 -1.13391e-26 0.0
-3.06875e-18 1.8037e-17 1.44555e-17
-1.25556e-17 1.22397e-17 -1.43037e-18
2.7288e-17 -1.26807e-17 -3.54764e-17
-1.20327e-16 2.24667e-16 -1.42093e-17
-1.16429e-17 2.35445e-17 -2.25973e-18
-1.8266e-16 1.0937e-16 -1.22607e-17
-2.95513e-17 8.66818e-18 -9.18759e-18
-2.80737e-17 4.98318e-17 3.46841e-18
-5.18546e-18 -2.65483e-18 5.48908e-18
0.0 -4.7296e-26 0.0
1.42274e-18 -1.89074e-18 5.84559e-19
2.92582e-17 9.11001e-17 1.35272e-17
8.13997e-17 -4.16395e-18 4.2154e-17
7.97518e-18 2.85836e-17 -7.34887e-18
-4.08813e-17 -4.17769e-17 9.46501e-18
-7.23906e-17 7.19094e-17 6.73241e-18
-1.8255e-16 -2.27254e-18 -1.00878e-17
-1.97159e-17 7.02885e-17 -1.43784e-17
1.26543e-16 8.3513e-17 5.83598e-18
2.54012e-19 7.76069e-18 3.91435e-19
-1.37502e-18 -9.52099e-18 -1.1019e-16
3.36465e-18 -4.392e-18 2.95604e-18
-3.40748e-18 -1.29542e-18 -3.76602e-19
1.50458e-17 2.19809e-17 -6.66622e-18
6.64706e-17 5.42519e-17 1.12798e-16
-8.30733e-18 8.44524e-18 6.56614e-17
-9.06361e-17 2.9332e-17 6.18576e-18
-4.04239e-18 3.57204e-18 -1.92764e-18
-6.72806e-18 -8.72354e-18 1.0129e-17
-2.62318e-16 1.10477e-16 -2.17165e-16
6.1964e-18 -1.09772e-17 -3.15917e-19
-1.38436e-17 3.07553e-17 3.56382e-18
-8.98673e-18 1.0827e-17 -1.47185e-17
-1.21858e-16 -4.37744e-18 -8.05728e-18
-3.47479e-19 3.24951e-18 2.93867e-18
3.6886e-17 8.86714e-18 -6.14176e-18
-5.20664e-17 8.34996e-17 6.29499e-18
-1.25764e-17 1.86301e-17 1.14191e-17
-1.0061e-17 2.75659e-17 -1.75982e-18
-1.02893e-17 4.94338e-17 -2.74829e-17
3.9254e-17 -2.83257e-17 -2.20675e-17
-2.12696e-17 -8.54257e-18 -2.42696e-17
2.00907e-17 4.64022e-18 1.427e-17
-3.02746e-17 2.11528e-17 7.91086e-18
-1.66588e-17 6.44886e-17 4.77367e-18
1.03316e-16 8.09843e-17 2.03616e-17
-3.67463e-17 1.68634e-17 -1.94533e-19
-3.53175e-18 -1.5496e-17 2.83227e-19
-1.36983e-15 -4.78867e-17 2.21286e-16
7.22869e-18 -3.92843e-17 -9.9303e-18
-4.28837e-18 -3.18014e-18 2.26544e-18
-1.68812e-17 4.23102e-17 1.90212e-18
-2.02068e-17 -2.92421e-17 -1.46664e-18
-1.92588e-17 -3.88471e-18 -6.23827e-19
-6.67261e-16 -1.64084e-16 -2.73782e-17
7.26569e-18 7.51553e-17 -5.01231e-18
-5.03799e-17 1.41465e-16 -2.03389e-17
8.92876e-17 -6.7289e-17 2.05297e-17
-1.04953e-17 6.60903e-17 3.85555e-18
-1.949e-17 -4.749e-18 8.77202e-19
-1.35319e-17 -2.6164e-17 -1.17427e-17
-5.08534e-16 -9.49151e-18 -2.61843e-17
-7.77818e-18 4.18694e-17 -1.62918e-17
4.44148e-17 8.12063e-18 -5.89411e-18
2.85356e-18 1.08259e-17 1.17363e-17
-6.46235e-27 6.16978e-24 0.0
8.86613e-18 -3.12065e-17 -4.0447e-17
3.84841e-17 -4.52591e-18 7.38414e-19
-6.39195e-18 1.28324e-17 3.43011e-17
4.06152e-18 -1.57268e-17 1.26711e-17
-1.05312e-16 4.72101e-17 -7.17966e-19
-3.06281e-18 4.4227e-18 2.0305e-17
1.12063e-17 1.6077e-17 7.75664e-18
-4.9172e-17 4.002e-17 8.28159e-18
4.22355e-17 -8.11951e-18 1.19869e-17
6.40396e-17 -3.09969e-17 4.28928e-17
0.0 -1.16219e-27 0.0
3.28767e-17 7.0936e-17 3.10424e-18
0.0 7.51293e-25 0.0
-4.20502e-17 5.19082e-17 1.29782e-17
-1.57633e-16 4.25984e-17 -1.12222e-17
-4.35711e-17 1.38529e-16 -1.23659e-17
-2.66249e-23 -2.10931e-23 0.0
-1.37215e-16 -5.26864e-17 5.15356e-18
4.06462e-18 2.04889e-17 5.89518e-18
-1.18702e-16 3.41351e-17 -5.38937e-17
-3.00691e-18 1.04207e-17 -2.43582e-17
0.0 0.0 0.0
6.84594e-18 -9.879e-18 -8.28224e-18
-1.5776e-17 -2.30477e-17 6.98974e-18
-1.65859e-17 8.37458e-18 8.28634e-18
-1.84518e-16 3.01163e-17 3.73915e-17
3.21604e-18 1.89372e-17 7.54198e-18
-3.67471e-17 1.22981e-17 -3.68628e-18
9.38427e-17 -2.25994e-17 2.60349e-17
1.66597e-17 2.22277e-17 1.76789e-17
8.4269e-24 4.54949e-24 0.0
-2.03567e-16 -2.84178e-17 2.16125e-17
-3.9037e-17 1.59888e-17 -3.39872e-20
4.68251e-17 3.69478e-17 -1.01227e-17
3.00611e-17 -2.55047e-18 7.13003e-19
3.39698e-17 1.55815e-17 -7.86937e-18
1.13737e-24 4.1359e-25 0.0
-1.62605e-18 4.40773e-18 -1.81171e-18
3.36764e-18 2.13092e-18 -2.94069e-18
-7.60159e-17 7.44727e-17 2.09449e-18
-2.96319e-17 -2.06502e-17 -1.87397e-17
-6.46235e-27 5.10799e-26 0.0
-2.06663e-16 -7.75669e-18 -2.49346e-17
1.32898e-18 -6.16583e-17 4.2091e-17
8.54665e-17 5.41195e-17 6.29245e-18
9.17911e-17 7.15045e-18 -2.47745e-17
9.21138e-18 2.67689e-18 -6.54926e-18
1.78349e-17 4.57976e-17 -2.41755e-18
1.96362e-17 1.8902e-17 3.42958e-18
-4.05018e-16 4.38587e-16 2.97545e-16
8.59322e-18 3.35626e-17 -3.31058e-17
-4.01587e-17 5.19587e-17 -2.65338e-18
1.91527e-17 2.22204e-17 -7.83386e-17
-2.44068e-17 1.1597e-17 -5.82913e-18
2.15325e-17 -1.86128e-18 -1.02889e-17
2.48345e-17 -2.27726e-17 2.3289e-17
1.90126e-17 -6.34618e-18 -4.36783e-18
-1.77933e-16 -1.48795e-17 7.11794e-18
-1.23918e-16 9.75472e-17 6.14205e-18
1.55891e-16 1.56339e-16 2.83927e-17
-8.27024e-18 5.84048e-17 -5.42918e-18
6.29753e-17 -9.24637e-18 2.15486e-17
-8.61184e-17 -1.07872e-16 5.55905e-17
-7.65508e-17 1.65675e-16 -2.51665e-17
3.23457e-17 9.74485e-17 -9.43157e-18
3.84467e-18 4.06196e-17 -1.86043e-17
-1.80969e-16 1.99748e-17 -1.56006e-18
-6.28045e-17 2.19412e-17 8.541e-18
3.41335e-17 -1.06302e-17 -1.88407e-17
-2.24422e-16 -8.01209e-17 1.4597e-16
1.07329e-17 7.8668e-17 -1.02869e-18
-2.89989e-16 9.09912e-17 9.32123e-17
-7.00322e-17 7.58066e-17 -2.1607e-17
4.3622e-17 -2.87378e-17 9.1073e-18
-3.06047e-17 -8.10726e-18 5.05209e-19
2.14931e-17 3.43666e-17 -2.63471e-17
2.05906e-17 -5.93517e-17 3.39936e-17
-6.5295e-17 -9.30551e-18 7.31651e-17
-4.15779e-17 2.0848e-17 1.59039e-17
-3.01908e-17 3.88928e-17 8.85621e-18
9.11853e-19 -4.77581e-20 3.06488e-18
2.82838e-17 6.5039e-17 -4.32297e-17
9.70339e-18 1.24099e-17 -6.78475e-18
1.42186e-16 -1.81347e-17 -1.05562e-17
-2.24049e-17 7.96508e-17 -1.93694e-17
-3.05751e-17 6.5886e-18 -6.08924e-19
-5.85602e-18 2.79024e-17 3.40325e-18
-2.19535e-16 5.61454e-17 -6.83608e-17
-3.49119e-17 3.14727e-17 -8.59183e-19
6.11305e-17 4.85381e-18 4.71792e-17
-2.01728e-17 6.09296e-17 -2.28095e-18
-6.17794e-17 4.96451e-17 -6.87637e-18
-9.13313e-19 1.82379e-18 3.50989e-20
-8.79947e-18 9.26375e-17 -2.49234e-18
3.07079e-17 -5.55334e-17 8.32797e-18
2.71967e-17 2.06228e-17 -3.02358e-17
-3.39741e-17 6.30094e-17 -2.41586e-18
-3.40624e-18 -8.83856e-18 -4.78073e-18
-4.07375e-17 3.25391e-17 2.92784e-17
-1.66602e-17 6.1505e-17 -1.99754e-17
3.26643e-17 -6.75401e-17 2.56976e-17
-7.42458e-18 5.56281e-18 -1.12714e-17
2.60928e-17 -2.34553e-17 4.79768e-17
-8.01498e-17 6.69541e-17 -1.12935e-17
-6.16979e-17 1.17859e-18 2.32284e-17
-3.4869e-16 -2.50834e-16 7.7424e-17
9.39997e-17 -3.66216e-17 7.73781e-17
-9.79745e-17 3.79205e-17 -8.05614e-17
-2.78859e-18 1.13468e-17 4.05336e-18
1.16189e-17 -1.77379e-17 2.38458e-17
-4.99541e-17 9.57162e-17 8.59787e-17
7.0463e-19 -1.68293e-17 8.96113e-18
-2.5735e-16 4.59692e-17 -4.94425e-17
5.10563e-18 1.53e-17 3.07304e-18
5.00103e-17 -1.57022e-17 1.01469e-17
-3.85617e-18 6.40806e-17 1.27024e-17
7.84439e-18 1.16975e-17 1.28826e-16
9.60641e-19 -1.3581e-17 1.93484e-18
-4.77009e-17 -9.60754e-18 1.68655e-18
-4.20868e-17 -2.0008e-18 -4.09745e-17
-3.97553e-17 2.1238e-16 1.96061e-17
-2.02973e-16 3.08345e-17 9.14693e-17
3.34922e-19 1.32847e-17 2.2645e-17
-6.46235e-27 5.69883e-24 0.0
6.28261e-17 4.42719e-17 9.93396e-17
-5.72455e-18 8.53083e-17 6.47713e-17
4.17512e-17 -9.58027e-18 4.65409e-18
4.01633e-18 3.88378e-17 6.89658e-18
-2.37425e-16 6.5982e-17 -6.89194e-17
-1.87526e-16 2.15935e-16 5.20158e-19
-1.96347e-17 3.16011e-17 4.44041e-17
-5.73729e-17 -3.66002e-17 -5.34028e-17
3.13769e-17 -7.64261e-17 -2.80776e-18
4.65981e-17 3.14531e-17 -3.59352e-18
6.65728e-17 2.06287e-18 3.16961e-17
8.40622e-23 0.0 0.0
-1.80293e-16 7.51471e-17 -7.1235e-17
5.35902e-17 -7.71861e-17 3.40604e-17
9.87205e-18 3.86116e-17 -1.93996e-17
6.30571e-18 1.37801e-18 -7.99538e-18
-1.41275e-23 0.0 0.0
-7.93733e-18 4.74606e-17 -6.28067e-18
-3.01337e-18 1.03978e-16 2.48653e-17
-7.16649e-19 2.71105e-19 2.62938e-18
-8.17807e-17 4.51405e-17 2.223e-17
1.77077e-17 4.46798e-17 -6.60056e-18
-3.30872e-24 3.30872e-24 0.0
-1.22627e-17 -7.24034e-19 2.06732e-18
9.72399e-17 3.32133e-18 4.00786e-17
2.37768e-17 1.61176e-16 -1.75416e-16
-2.08869e-16 -7.69032e-18 8.85073e-18
-1.59435e-16 -1.42152e-18 -5.02373e-17
-3.60485e-17 4.83531e-17 -4.67411e-17
-1.5221e-16 1.59233e-16 1.25583e-16
-1.57353e-17 6.59189e-18 3.42199e-18
-1.24142e-18 2.03515e-17 -1.26659e-17
-7.41733e-17 1.10385e-16 1.66415e-16
1.73496e-17 5.08333e-17 -4.63539e-19
1.19137e-17 -6.36187e-17 4.18654e-17
-3.97651e-17 -2.03394e-16 -3.6629e-18
-9.24454e-19 2.58684e-17 -1.95103e-18
-3.335e-17 2.86776e-17 -2.85997e-17
-7.87261e-17 1.58511e-16 -2.99257e-17
-2.23131e-16 9.43773e-18 1.38116e-17
-7.12365e-17 4.21405e-17 -1.12671e-17
-7.21652e-16 3.91868e-16 6.81363e-16
2.61087e-17 -1.34456e-18 3.06401e-19
-2.98515e-17 4.42244e-18 -7.15531e-18
-1.59732e-17 1.23916e-17 -1.43998e-17
-1.41426e-17 6.83863e-17 5.44282e-18
-4.40902e-17 3.2882e-17 9.62793e-18
-4.28167e-17 -5.44802e-17 -1.42669e-18
0.0 1.65445e-25 0.0
1.98891e-16 2.19028e-17 7.48768e-17
-1.30599e-16 3.86083e-18 7.17292e-18
4.80439e-17 -3.98843e-17 2.43403e-17
-1.09201e-19 3.45533e-17 2.776e-17
-1.96481e-17 3.06123e-17 1.22899e-17
-5.79764e-17 -5.3835e-18 -3.38086e-17
6.0998e-18 1.3225e-17 -6.29555e-18
-1.11713e-16 -8.27549e-17 -5.32139e-17
-2.41347e-16 -1.0005e-16 5.83497e-18
-1.38645e-16 5.20081e-17 -1.44464e-17
3.30786e-17 -2.13869e-17 2.24951e-18
3.508e-17 4.18942e-18 2.27181e-17
1.53e-17 4.81637e-18 2.06456e-18
-1.11058e-16 -3.31279e-17 6.94276e-18
1.22139e-16 6.05586e-17 -4.74317e-18
5.42654e-18 -3.48883e-17 1.3166e-17
5.31346e-17 -3.16253e-17 3.08272e-18
-8.77645e-17 2.60721e-17 8.63552e-18
0.0 5.7117e-24 0.0
-3.92055e-17 3.61371e-17 1.07788e-18
-3.70747e-16 1.41809e-17 -5.09625e-18
-3.77128e-18 1.16567e-17 6.34511e-18
3.97552e-17 -6.85122e-17 3.13603e-18
-5.36079e-17 4.37355e-17 3.42478e-18
2.16993e-17 7.44283e-18 7.324e-18
6.86419e-17 3.66669e-17 -7.20942e-18
-3.43098e-18 3.9689e-18 1.24567e-18
0.0 0.0 0.0
1.93979e-17 2.10739e-18 1.50694e-17
7.22057e-17 -1.03671e-16 8.00668e-18
-5.19634e-17 -1.08628e-16 -2.47429e-17
4.08837e-17 -2.82798e-18 2.10308e-17
-7.76289e-17 1.50663e-16 1.7387e-17
-3.68218e-16 -1.01801e-16 -1.64547e-16
1.59122e-16 4.09815e-17 4.61505e-17
-4.58784e-17 2.49876e-18 -9.02425e-18
3.37989e-17 -5.29114e-17 3.84389e-17
-6.69317e-17 -5.3475e-17 5.74775e-17
3.01175e-17 -4.45039e-17 -1.76677e-17
2.44824e-18 2.34782e-17 -1.20265e-17
-8.64151e-19 9.15491e-19 1.28647e-18
-6.46235e-27 -9.85086e-24 0.0
3.0511e-17 2.68518e-18 3.68631e-18
2.47332e-17 6.99825e-17 2.06476e-17
8.60989e-17 2.57932e-17 9.07692e-18
-4.35338e-17 3.36452e-17 -1.29717e-17
9.12327e-17 4.58187e-17 7.84956e-18
6.90717e-17 -4.09348e-17 -1.19301e-17
-2.73295e-18 2.45004e-18 5.43671e-18
2.47208e-17 -8.27403e-18 1.38998e-17
-1.85784e-16 4.45142e-17 -4.07332e-17
5.0616e-17 4.56401e-17 1.89662e-17
1.30503e-17 2.32365e-17 1.68464e-18
5.58486e-17 -2.76127e-17 2.27814e-17
-1.11632e-17 3.21119e-17 1.03809e-18
-9.43463e-17 1.25265e-16 -1.14735e-17
-1.72182e-17 2.42191e-16 1.33399e-16
-1.02093e-17 -3.26725e-18 5.59313e-19
-2.89335e-16 6.09487e-17 1.51078e-16
-2.74357e-16 -6.67258e-17 -1.62731e-16
6.68465e-23 1.8198e-23 -6.61744e-24
-1.55885e-17 -2.04832e-18 1.20779e-17
2.32645e-25 -2.48154e-24 0.0
0.0 0.0 0.0
3.1994e-17 -1.48071e-17 2.87771e-17
-1.13744e-17 -8.24749e-18 -6.39536e-18
3.80133e-16 -1.1104e-17 8.93514e-17
-2.28868e-16 -2.95003e-17 -6.64946e-17
-4.43733e-16 -3.10223e-17 2.99543e-17
-1.66268e-17 -5.24542e-18 -1.77924e-18
4.0737e-17 -9.44232e-17 -1.16789e-17
5.57245e-17 1.06181e-16 2.73312e-17
1.61884e-16 4.46697e-17 6.00843e-17
4.96826e-16 1.75587e-17 5.97681e-17
-4.32167e-17 3.27019e-17 -7.70487e-18
7.70873e-19 -8.4335e-18 -9.67388e-21
5.95042e-17 2.26424e-16 2.27072e-16
-3.80521e-16 8.17497e-17 -5.80601e-17
-3.79384e-16 1.83594e-17 3.16525e-17
1.21953e-17 2.61867e-17 1.88651e-17
1.56434e-17 -1.3246e-17 -3.5622e-17
6.98436e-17 4.73923e-17 4.86162e-18
-2.23949e-16 8.41902e-18 7.2281e-17
-2.16942e-16 9.85948e-17 -1.30156e-16
0.0 0.0 6.61744e-24
1.05498e-16 5.79499e-17 4.17583e-17
-1.85651e-16 1.28626e-16 -1.43067e-17
8.3423e-17 1.18526e-17 2.94407e-17
5.74812e-17 2.75697e-16 3.8896e-17
-1.49497e-16 4.05801e-17 3.82429e-17
-3.94101e-18 -1.6964e-18 -4.55068e-19
-7.71346e-23 8.27181e-24 0.0
-5.6853e-17 -3.43295e-17 -4.0058e-19
-5.21725e-17 6.95626e-17 1.07021e-17
1.10078e-16 -5.65776e-17 -9.38218e-18
-1.23526e-17 3.44744e-18 4.25465e-18
-1.06402e-16 -6.50913e-18 6.27846e-17
-1.45688e-16 1.38129e-16 4.84588e-18
5.1908e-17 2.1998e-17 2.63967e-17
3.51385e-17 -1.55987e-17 -1.23604e-18
5.71358e-16 3.6155e-16 -3.62031e-16
-2.3933e-17 9.05526e-18 2.07913e-18
-2.88953e-16 2.69401e-17 -1.20618e-17
-7.93547e-17 -2.43845e-18 -1.19262e-16
-1.81431e-17 -8.03429e-17 2.23915e-17
-3.36471e-17 2.35567e-17 -1.30494e-17
9.4738e-16 -1.74427e-16 1.44212e-16
-5.0428e-18 -1.41957e-17 1.39021e-17
-2.6154e-16 -6.70999e-17 1.61407e-16
4.46738e-17 1.25234e-16 8.06864e-17
3.12261e-23 -4.67357e-23 0.0
-5.08864e-17 3.71507e-17 3.84743e-17
-5.54574e-18 -7.66124e-18 -5.47607e-17
5.6324e-17 -8.89278e-18 2.32093e-17
-4.66868e-18 -1.21961e-18 1.14378e-18
-6.91648e-17 1.02788e-16 -9.36506e-18
-1.98969e-18 2.58366e-17 -3.3199e-17
1.13405e-17 -3.26449e-17 2.17123e-17
1.06244e-18 -3.77624e-17 3.42058e-17
0.0 3.13183e-25 0.0
-5.55687e-18 6.7562e-17 -2.79103e-17
-4.01781e-17 1.0488e-16 -3.62707e-17
-3.41905e-16 -2.55087e-16 -4.00766e-17
3.42514e-17 -2.83837e-17 4.42593e-17
4.00844e-18 -1.677e-16 7.16468e-17
-1.29773e-16 -1.98898e-16 -1.87156e-16
7.96015e-17 1.87859e-16 -9.56389e-17
-5.30242e-18 5.23766e-17 7.97685e-18
-4.6438e-17 2.66057e-17 -6.79847e-19
-8.27181e-25 8.27181e-25 6.61744e-24
4.87678e-18 2.46248e-17 -7.0403e-20
2.73809e-17 7.76533e-17 -1.63589e-17
-2.37191e-17 9.21201e-17 2.3298e-17
2.04166e-17 -1.1074e-16 1.66338e-17
1.79247e-17 -8.46098e-17 1.75518e-16
-3.99723e-18 1.0823e-17 -6.48547e-18
4.39935e-17 -3.64662e-17 1.71349e-17
-3.33818e-17 1.35381e-17 1.34561e-17
2.67543e-17 3.04225e-17 1.24806e-17
-3.0202e-16 8.61632e-17 -1.03429e-16
4.10526e-17 6.51644e-17 3.68921e-18
0.0 -7.64517e-25 0.0
9.08538e-17 -5.85585e-17 -1.82396e-16
-6.72084e-24 0.0 0.0
-2.10263e-16 -8.60666e-17 1.63388e-16
-1.40178e-16 4.97161e-17 9.41879e-18
9.28438e-18 -3.54666e-18 -1.12867e-18
-9.76962e-18 5.13543e-17 9.76358e-18
-1.07054e-16 3.25398e-16 -9.72868e-17
0.0 -1.11995e-24 0.0
1.67234e-17 1.80555e-17 -1.92693e-17
1.4509e-17 4.55392e-17 -1.4094e-17
2.99088e-17 -6.89954e-18 2.5558e-17
-1.52012e-17 3.31958e-17 3.37421e-17
1.45612e-16 -1.56727e-16 -6.95059e-17
6.3258e-17 2.84453e-16 4.90775e-17
2.41295e-17 -1.02843e-17 2.57406e-17
-4.12304e-17 6.99678e-17 2.19915e-17
5.42837e-25 -8.27181e-25 -6.61744e-24
3.91721e-18 2.25368e-17 -8.45098e-18
-4.83293e-18 -1.05495e-17 -6.36598e-20
1.16394e-16 -4.92075e-17 6.11713e-17
5.61255e-17 -3.84345e-17 6.18035e-17
-1.08009e-18 4.92451e-18 -4.22663e-18
-2.02017e-17 4.33021e-18 -1.3788e-17
1.60609e-16 2.38108e-17 2.99223e-16
2.36478e-16 8.69152e-18 4.15956e-16
-2.85877e-16 -1.60625e-16 -5.32133e-17
4.25041e-16 1.19511e-17 5.49307e-18
-3.98507e-18 6.29029e-17 4.72803e-17
-4.7589e-16 -1.33968e-16 -2.46883e-17
1.64558e-17 -2.75228e-17 4.03194e-17
-1.96986e-17 4.41056e-18 2.56323e-17
0.0 3.30872e-24 0.0
-1.11101e-22 -8.27181e-24 6.61744e-24
1.65436e-24 -7.44463e-24 0.0
-2.84421e-17 -2.76495e-17 2.70346e-18
-5.13608e-18 -1.26518e-18 -1.22312e-18
2.015e-17 7.23155e-18 8.29828e-20
-3.56869e-17 -2.58363e-17 6.17786e-17
-9.59652e-17 3.62878e-17 -1.4802e-17
-7.08561e-17 3.47497e-17 2.57208e-17
-1.59729e-16 -5.97435e-17 1.72383e-17
-1.35837e-17 4.7927e-17 -2.49462e-17
3.99121e-17 -4.74438e-17 1.3334e-17
5.09063e-17 -7.10902e-17 3.79379e-17
7.55319e-23 -2.06795e-24 0.0
1.60714e-18 -4.52334e-17 4.19764e-17
-1.15821e-16 -4.08485e-17 4.5961e-16
7.34416e-17 -3.89035e-17 4.42613e-17
-2.02052e-17 5.1206e-17 9.18766e-19
-9.08779e-18 6.87457e-18 -1.55902e-18
-6.49787e-17 8.46608e-17 -2.26552e-17
3.25131e-16 9.60069e-17 9.8128e-17
1.92906e-16 1.85889e-16 2.60059e-17
-9.71947e-17 5.02651e-17 1.60402e-17
2.20752e-17 1.92958e-16 7.8217e-18
1.58626e-15 -6.0482e-16 1.77004e-16
-7.36334e-17 -6.83047e-18 2.4354e-17
7.89041e-17 1.2565e-16 -2.1035e-17
5.25234e-17 1.89761e-16 -2.19721e-17
-4.54319e-17 6.64286e-19 3.90042e-16
4.91397e-17 -8.8533e-17 6.5368e-17
-1.07289e-17 -9.74775e-18 -8.26111e-19
-2.42221e-17 -2.7284e-17 -9.19779e-17
-1.73472e-16 -4.3368e-17 8.08883e-17
1.29271e-16 6.42336e-17 -1.90842e-17
-1.39591e-16 -1.52064e-16 7.9792e-17
0.0 2.77073e-25 0.0
1.21439e-17 -3.58627e-17 -4.04561e-17
1.49135e-17 6.2848e-18 7.40882e-18
7.42613e-17 -2.34506e-16 1.33666e-16
-6.04099e-17 -2.81438e-17 -5.31406e-17
1.77441e-17 -2.89657e-17 -3.76571e-17
-5.79097e-17 9.6059e-17 4.39853e-17
9.94627e-17 3.4967e-17 -5.48736e-17
-6.86585e-16 -3.38537e-16 -9.48447e-17
2.76744e-17 -4.87572e-18 3.00581e-17
-3.11227e-23 4.67357e-23 0.0
-1.50362e-16 -7.48548e-17 -1.2593e-16
4.48907e-17 -4.36751e-20 3.45135e-17
-2.50608e-16 1.01871e-16 6.65808e-18
-3.30872e-24 0.0 0.0
8.55756e-17 -4.45255e-17 3.1194e-17
-2.98825e-17 5.23561e-18 1.08038e-17
3.64362e-18 -1.87222e-18 -1.40026e-18
3.54289e-17 5.80706e-18 -8.16298e-18
8.14442e-17 8.18754e-17 -6.98034e-17
-9.63442e-17 1.68057e-17 -7.89413e-17
1.21411e-16 -1.4768e-17 4.5357e-17
3.35681e-18 1.84263e-17 -4.06083e-18
3.30872e-24 -3.30872e-24 0.0
-5.59677e-17 6.08909e-17 1.28535e-17
-5.58051e-18 1.58751e-17 2.08473e-18
1.20666e-17 -7.9232e-18 2.68696e-17
-4.86549e-18 7.74445e-17 4.09014e-18
3.08852e-18 -1.31865e-17 1.00808e-17
-3.98358e-17 -1.3767e-16 -2.52416e-17
1.1828e-16 5.02381e-17 9.96692e-17
-2.14972e-16 2.23982e-16 -7.69101e-17
2.22302e-17 1.68644e-18 1.73584e-17
1.60481e-16 9.95144e-17 1.56142e-17
-8.44708e-16 6.50765e-17 -7.03953e-18
-1.75679e-16 4.08403e-17 6.59784e-17
-1.16325e-17 9.48101e-18 -8.64251e-18
-2.95823e-17 6.54842e-17 -1.08061e-17
-1.6936e-17 -2.27742e-17 -1.51431e-16
1.39668e-17 5.95384e-17 -9.74813e-18
-4.42351e-16 7.51777e-18 -1.39462e-18
-2.73487e-23 1.65436e-24 0.0
4.11957e-17 -3.93333e-18 2.08022e-17
-2.48154e-24 9.92617e-24 6.61744e-24
-8.89527e-16 -6.33089e-17 -2.95665e-16
-5.30657e-17 9.1073e-17 -6.00237e-17
-1.74712e-17 3.20339e-17 7.3721e-18
-1.35451e-23 -1.65436e-24 0.0
-8.55061e-17 9.6694e-18 6.08081e-17
7.13293e-17 3.30756e-17 7.84725e-17
1.3202e-16 2.6703e-16 -1.40686e-18
-2.48425e-17 -3.65628e-17 -1.3477e-17
-1.62499e-15 -4.81797e-18 -3.11637e-16
-1.57901e-16 5.27136e-17 5.03465e-17
-7.27856e-16 -5.28428e-16 7.78998e-18
2.43412e-17 -5.80543e-19 -2.37028e-18
-1.69356e-17 9.00866e-20 -5.77044e-17
-1.65436e-24 -1.65436e-24 0.0
-1.65436e-24 3.30872e-24 0.0
-1.19252e-17 2.78689e-17 6.73656e-21
-4.10357e-17 3.64706e-17 -3.57138e-17
-2.31317e-16 -9.17955e-18 -1.88976e-16
-7.4593e-18 8.99911e-18 1.04983e-17
1.3754e-17 2.9347e-17 9.77988e-18
-1.28248e-17 1.2846e-17 1.75605e-19
1.51905e-18 -3.73906e-17 1.61462e-17
5.18317e-17 -8.17068e-18 1.93671e-17
2.48524e-17 3.09032e-18 3.54769e-18
-4.15046e-20 -2.02647e-18 -2.05049e-17
4.41027e-18 6.24621e-19 -9.73958e-18
1.05941e-15 -1.20522e-17 -3.38569e-17
-6.06939e-17 -3.29797e-17 -7.99449e-17
4.75449e-17 -3.34846e-17 6.0115e-18
-8.46398e-17 1.05253e-17 -3.39239e-17
1.91937e-17 1.26756e-16 3.5868e-17
1.21642e-17 -1.57377e-17 4.6528e-17
-2.77433e-17 -2.02227e-17 7.67023e-18
-7.71054e-17 -5.30939e-18 -2.83294e-18
2.27145e-17 4.31101e-17 1.90316e-18
9.94082e-18 -7.53218e-17 -2.27961e-17
6.03906e-18 5.28044e-17 3.66525e-17
4.5687e-17 3.01579e-17 2.49366e-17
-2.36266e-17 1.37851e-16 -3.85141e-17
3.47217e-17 4.79801e-19 4.65724e-18
-9.57979e-23 4.96308e-24 0.0
-3.7164e-16 2.46322e-17 -1.50063e-16
-9.12635e-18 -9.97377e-17 3.10607e-17
1.44372e-16 -2.46915e-17 8.05965e-17
-1.3843e-17 3.22311e-17 -1.39445e-17
-1.26707e-16 8.13075e-17 5.9551e-17
-9.30578e-25 0.0 0.0
4.6202e-17 -8.49649e-17 4.43737e-17
2.65976e-17 -2.02069e-17 -1.08206e-18
-2.84294e-17 1.12931e-17 -2.58451e-17
-5.60735e-17 9.33444e-17 -3.38103e-17
-2.44301e-17 8.94173e-17 3.06807e-16
3.34516e-17 1.57449e-17 -5.74272e-18
-1.29712e-16 -1.19492e-16 -6.1168e-17
-4.10577e-17 -4.1348e-17 -3.4385e-17
1.17285e-17 1.20486e-17 -1.53925e-17
0.0 -9.3849e-24 0.0
6.37957e-17 4.94483e-17 1.31557e-17
-1.38563e-16 1.52562e-16 -7.13484e-17
2.95657e-17 2.47179e-17 1.53915e-17
3.08849e-17 -8.62323e-18 6.39325e-17
2.59138e-17 -2.30464e-17 3.6014e-18
1.05102e-16 1.44797e-16 5.5453e-17
-6.01356e-17 3.98615e-17 7.87577e-17
-1.97371e-17 1.5873e-17 -2.2766e-19
1.18177e-17 4.03705e-17 5.92955e-18
-7.52869e-16 -1.52995e-17 1.12927e-16
3.53511e-19 -6.6727e-19 3.96367e-17
-4.92037e-17 4.46965e-17 6.35443e-17
-2.52862e-18 -7.86506e-18 1.21621e-17
5.06072e-17 -8.17745e-18 1.45525e-17
-6.88884e-17 6.41127e-17 1.82976e-16
-3.82647e-18 -1.28011e-17 -2.46333e-17
-7.92607e-16 -1.18468e-16 1.72549e-16
-1.94837e-17 4.02338e-17 -6.08531e-18
-1.85736e-16 9.10178e-17 1.52285e-17
2.82052e-17 -9.41525e-18 -3.79571e-17
-3.07797e-16 1.81443e-17 2.26172e-17
1.07044e-16 -1.68201e-17 6.44213e-17
2.37846e-17 7.29422e-17 1.10962e-17
5.84662e-18 1.07647e-17 -2.15533e-19
-4.22252e-17 7.99876e-17 -7.25335e-18
-9.9796e-18 2.89588e-17 3.90779e-17
1.13169e-15 -4.43818e-16 -7.07395e-17
-8.5303e-24 4.1359e-25 0.0
-1.58013e-16 1.03663e-17 3.96224e-17
3.34319e-18 -1.46527e-17 1.93857e-17
-6.95328e-19 -1.69946e-19 3.94447e-18
1.38072e-16 5.11639e-17 2.14198e-18
-1.69966e-17 -1.05733e-17 2.62553e-17
3.02951e-17 -5.58556e-17 7.74293e-18
-2.23259e-17 8.27046e-18 1.18097e-17
-2.83383e-17 -3.28059e-17 -2.99364e-17
-1.97427e-16 -3.43572e-16 -2.387e-16
-2.13482e-17 4.07362e-17 -1.27466e-17
-7.42744e-18 6.05894e-18 -5.42507e-17
1.10162e-16 2.88776e-17 1.7359e-17
-9.78636e-17 3.90975e-17 -8.1545e-18
2.34153e-17 6.44958e-18 -7.68093e-18
9.06702e-18 1.55966e-17 3.29154e-17
0.0 -1.69264e-25 0.0
-5.83658e-17 7.23653e-17 1.63218e-17
-3.38272e-17 3.10345e-18 -7.97352e-18
-3.30872e-24 0.0 -1.32349e-23
-2.3943e-18 1.08871e-17 1.94714e-18
1.00881e-17 1.62595e-17 -2.78613e-18
-2.3557e-16 -9.36191e-17 4.22478e-17
-3.12087e-18 -8.99288e-18 4.51956e-18
-1.3328e-15 -3.05262e-17 -4.56411e-16
-9.19667e-16 -4.03842e-16 -5.38947e-17
1.2768e-17 2.39308e-18 4.57195e-17
0.0 2.75039e-24 0.0
-8.43757e-19 -2.60092e-17 3.74594e-17
4.2507e-17 -2.98206e-17 2.52284e-17
-3.29619e-16 3.1778e-16 -1.66072e-17
8.79381e-17 -4.92717e-17 6.44988e-18
-1.74202e-17 1.37122e-17 -3.07711e-18
-7.89914e-17 1.07027e-16 8.29803e-17
3.62652e-17 -2.21601e-17 2.81479e-17
-1.63694e-16 6.33351e-17 -9.4436e-17
-5.09203e-17 -3.34703e-17 2.77928e-17
4.44798e-17 -1.69799e-17 2.69877e-17
1.52533e-18 5.05572e-17 1.31903e-18
-3.3987e-17 2.90631e-16 3.21593e-17
-1.41493e-15 2.22808e-15 1.16618e-15
-3.85475e-17 4.00195e-17 1.22115e-17
-3.34657e-17 9.68903e-17 -1.10485e-16
6.46235e-27 9.58987e-25 0.0
-3.72807e-16 1.27454e-16 8.02593e-16
-5.28461e-17 4.65182e-17 6.40667e-18
0.0 0.0 0.0
-1.15387e-17 2.93065e-17 -8.15143e-18
-2.70305e-17 -1.26769e-17 1.02718e-17
-1.40389e-16 5.60384e-17 -5.83698e-17
1.30072e-19 1.0546e-17 2.12538e-17
-2.67086e-16 -1.82681e-16 -4.05075e-16
1.15473e-16 6.36928e-17 3.42244e-17
1.84789e-17 3.77913e-17 -1.14763e-17
1.52768e-17 2.08905e-17 -9.1862e-17
-3.2056e-18 -8.90553e-18 5.9087e-18
2.62102e-18 -1.44536e-17 6.9869e-19
-1.21633e-16 1.21442e-17 -6.5569e-17
-3.47594e-17 1.17087e-17 9.4712e-17
1.89902e-16 6.54599e-17 -2.61567e-16
-1.33893e-16 -7.9564e-18 5.84246e-18
1.93446e-17 5.20617e-17 -3.62031e-17
-3.43798e-17 -2.85732e-17 -1.3278e-16
-2.04674e-16 -5.59363e-17 3.91154e-17
2.77063e-18 -8.42567e-18 -3.61119e-17
-6.47128e-18 1.45558e-18 6.6233e-18
-2.27217e-18 1.51752e-17 3.56002e-17
1.6714e-18 1.93846e-17 1.87915e-17
-2.95829e-16 -9.54516e-17 1.46113e-16
1.35493e-17 -4.36746e-18 1.05198e-18
1.86507e-16 1.29101e-17 7.66598e-17
-9.28139e-18 -7.77061e-18 6.31344e-17
1.75627e-17 3.68273e-18 -2.83187e-17
-2.35879e-16 -1.0001e-16 8.48014e-17
2.66403e-17 2.31157e-17 -1.67756e-17
5.50063e-18 -4.86437e-18 2.18636e-18
0.0 5.81553e-25 0.0
-1.44221e-16 -3.09376e-17 5.337e-17
2.243e-17 -1.47152e-17 -1.49653e-17
-6.0289e-17 -2.87939e-18 2.74254e-17
-1.4922e-17 2.0352e-17 1.72703e-17
1.40707e-17 -7.93215e-18 2.55006e-17
1.06201e-17 -2.02904e-17 1.14784e-18
4.4747e-16 1.15763e-17 -4.17592e-16
1.30987e-16 -4.18043e-17 1.59152e-16
5.33877e-18 -4.12723e-18 1.09131e-18
7.96833e-22 -3.30872e-24 6.61744e-24
-1.1183e-17 4.80093e-18 9.18321e-18
-1.71074e-17 2.04692e-17 3.4489e-17
-1.10879e-17 -1.47793e-17 2.97864e-18
4.19475e-17 5.23005e-17 -2.60599e-17
5.45644e-17 -7.16283e-17 -5.55672e-17
-3.92183e-17 -2.20028e-17 -6.0782e-18
-6.88641e-18 -6.88618e-19 3.08679e-17
-2.74182e-17 -1.28061e-17 -6.25473e-18
2.02142e-23 1.77844e-23 0.0
1.37118e-17 1.42685e-17 4.63433e-17
-1.56477e-16 -1.59704e-16 7.73057e-17
1.51738e-17 4.86932e-17 1.172e-16
-1.75574e-16 1.52995e-16 -2.19669e-16
6.46235e-27 -6.78421e-24 0.0
8.42837e-17 1.48547e-16 7.74866e-17
0.0 0.0 0.0
-3.73171e-19 -1.40862e-17 -3.09848e-18
-1.45407e-17 2.92175e-17 3.19867e-17
-7.98557e-16 -1.37174e-16 -1.68662e-16
5.04891e-17 1.54444e-18 -4.26884e-18
3.36176e-17 -1.82414e-17 2.67179e-17
3.7871e-17 4.44612e-17 3.27171e-17
6.11989e-17 -3.33759e-17 5.5576e-17
9.18877e-18 3.65634e-18 5.64025e-18
8.01084e-17 8.21933e-17 4.5238e-17
4.0824e-18 -3.3421e-17 1.23626e-17
0.0 -1.50878e-26 0.0
2.62615e-17 1.87714e-17 1.14343e-17
5.82781e-17 3.80691e-17 -2.12254e-17
1.24594e-23 -3.30872e-24 0.0
1.20983e-18 2.34629e-17 3.07907e-17
2.03833e-17 -1.46694e-17 -6.07051e-17
-5.0331e-16 -3.27425e-17 3.01374e-16
1.01397e-16 -3.40158e-17 4.6055e-17
2.12515e-18 1.00875e-17 1.77524e-17
-1.38281e-18 -1.44319e-18 -9.72987e-18
1.6168e-16 2.77735e-16 1.08732e-16
-1.24217e-15 9.28294e-17 -2.51457e-16
-4.10139e-16 -8.4707e-17 3.10592e-16
-1.0276e-17 6.16491e-18 3.45244e-17
4.46522e-17 1.03247e-16 -6.79033e-17
1.55881e-18 -7.66057e-17 3.25522e-17
8.03959e-17 -1.99428e-17 2.67837e-17
6.21737e-17 1.85908e-17 2.22563e-18
-1.21181e-16 5.68749e-17 -1.21833e-16
1.49808e-16 4.06262e-17 -5.0251e-18
-3.39943e-17 -1.5615e-16 7.6661e-17
1.51976e-17 -8.38064e-17 6.16996e-17
3.03335e-17 -2.58893e-17 5.35377e-17
3.66446e-18 7.18455e-18 -4.81049e-18
-1.15218e-17 -2.47088e-17 1.37964e-17
4.83406e-17 -6.16065e-17 7.18309e-17
-3.14846e-16 7.54837e-17 -5.4269e-17
2.63018e-17 3.27586e-17 3.45706e-18
1.06563e-16 -1.8841e-16 -1.84198e-17
-7.7874e-18 1.21738e-16 -1.29101e-17
9.92733e-18 -5.06303e-17 1.06169e-17
-1.32264e-16 5.62246e-17 4.32196e-17
3.85803e-18 -2.65919e-18 -1.43092e-18
5.56751e-16 1.91428e-16 6.3919e-17
-5.5682e-16 5.46551e-16 -1.23896e-16
-5.57933e-18 2.00595e-17 3.97492e-17
