# vtk DataFile Version 3.0
LIGGGHTS particles timestep 42000000
ASCII
DATASET POLYDATA
POINTS 885 float
0.198638 0.0149617 0.0107549
0.206324 0.0182937 0.00717972
0.193843 0.0161225 0.00819009
0.20615 0.0174106 0.00726061
0.189269 0.0171631 0.0074631
0.199946 0.0177073 0.00715001
0.206092 0.0171581 0.00741201
0.201876 0.018779 0.00700359
0.199718 0.0176232 0.00747967
0.21157 0.0172221 0.00739295
0.211633 0.0175016 0.0073044
0.211254 0.0160987 0.00828131
0.199761 0.0169448 0.00759789
0.200538 0.0156781 0.00856191
0.211195 0.0159126 0.008509
0.200027 0.0158778 0.00826294
0.20603 0.0193599 0.00712572
0.20547 0.015844 0.00870631
0.211378 0.0164699 0.00782669
0.211695 0.0177816 0.00721669
0.205804 0.0170832 0.00748039
0.207565 0.0172757 0.00729222
0.201998 0.0172937 0.00752133
0.201327 0.0165649 0.00790682
0.21094 0.0151738 0.0094143
0.193766 0.0181254 0.00701715
0.206023 0.0160774 0.00836458
0.206792 0.0179389 0.0072949
0.205502 0.0165354 0.00788828
0.19416 0.0172935 0.00731932
0.201287 0.0175529 0.00732465
0.212153 0.01872 0.00698915
0.205141 0.015399 0.00878705
0.205984 0.0178869 0.00716645
0.201596 0.0166861 0.00785258
0.211755 0.0180623 0.00712888
0.211005 0.015384 0.00921064
0.211072 0.015541 0.00896393
0.206863 0.0162905 0.00811244
0.205336 0.0164196 0.00834161
0.206579 0.0168921 0.00764174
0.211993 0.0192058 0.00705846
0.193443 0.0168173 0.00795591
0.194028 0.0174845 0.00752971
0.201858 0.0177228 0.00726078
0.206549 0.0181035 0.00723385
0.200996 0.0174689 0.00735572
0.211441 0.0167012 0.00764615
0.198705 0.0150384 0.0104726
0.207224 0.0166748 0.00778385
0.205264 0.0161114 0.00821839
0.206306 0.016097 0.00826696
0.206694 0.017348 0.00726927
0.211506 0.0169421 0.00747973
0.205193 0.0158619 0.00841517
0.207333 0.0179843 0.00725
0.206156 0.0199453 0.00711722
0.205796 0.0160454 0.00856626
0.207046 0.0177898 0.0072358
0.205615 0.0162763 0.00809925
0.207853 0.0177076 0.00717366
0.207291 0.0173902 0.00725011
0.20579 0.0164698 0.0079509
0.20611 0.0191663 0.00734041
0.198921 0.0153444 0.00965454
0.201066 0.0177223 0.00721147
0.206193 0.0181592 0.007414
0.206149 0.0188331 0.00712349
0.20662 0.017801 0.00749788
0.205865 0.0173255 0.00730931
0.206583 0.0161939 0.00819943
0.206443 0.0175039 0.00721702
0.211812 0.0183434 0.00704102
0.205638 0.0175023 0.00722517
0.194258 0.0192025 0.00696558
0.205965 0.0190685 0.00709651
0.206601 0.0187898 0.00724248
0.20148 0.0173609 0.00744942
0.205447 0.016765 0.007703
0.207615 0.0175715 0.00729485
0.205577 0.0172481 0.00737244
0.206319 0.0192907 0.00716485
0.205696 0.0167549 0.00795129
0.201089 0.0169896 0.00764274
0.189145 0.019447 0.00701413
0.199052 0.0155503 0.00910637
0.205743 0.0168636 0.00767571
0.1995 0.0159413 0.0082026
0.2065 0.0177985 0.00722298
0.199888 0.0174519 0.00729625
0.211134 0.0157267 0.00873657
0.211317 0.0162841 0.00805413
0.205021 0.0153339 0.00905408
0.205923 0.0175935 0.00718785
0.200644 0.016087 0.00815965
0.211869 0.0186269 0.00696149
0.206751 0.0176424 0.00727455
0.207054 0.0184089 0.00733281
0.199652 0.0164389 0.00819939
0.207512 0.0170452 0.0074766
0.200459 0.0164735 0.00791521
0.207338 0.0176854 0.00727492
0.206096 0.0184846 0.00713724
0.193651 0.0154519 0.00875921
0.206092 0.0196526 0.00710248
0.206945 0.017214 0.00736406
0.201085 0.01671 0.00780647
0.195052 0.0190108 0.00695789
0.206264 0.0167823 0.00771824
0.200611 0.0194219 0.00700566
0.207061 0.0180874 0.00732073
0.200551 0.0179357 0.00706151
0.206643 0.016664 0.00782577
0.207591 0.0178536 0.00717002
0.205817 0.0183758 0.007121
0.199651 0.0173541 0.00763724
0.20483 0.0151169 0.00990576
0.206818 0.0174769 0.0075157
0.207172 0.0169143 0.00759359
0.206325 0.0170129 0.00753626
0.206358 0.018625 0.00717981
0.205738 0.0160647 0.00827259
0.193902 0.0169527 0.00777664
0.207852 0.0173901 0.00726725
0.205329 0.016351 0.00804967
0.188474 0.0155247 0.00875017
0.206904 0.0165208 0.00792471
0.19972 0.0179004 0.00710499
0.201451 0.0184149 0.00696428
0.20091 0.0194439 0.00701926
0.195028 0.0176108 0.00721111
0.206582 0.0184354 0.00724027
0.193507 0.0165621 0.00810016
0.206938 0.0167521 0.00773659
0.194318 0.0158458 0.00842921
0.199955 0.0190573 0.00695022
0.206369 0.0165643 0.00789603
0.194323 0.0194964 0.00695585
0.20119 0.0172769 0.00748048
0.207235 0.0171411 0.00740753
0.206525 0.0174198 0.00754922
0.205177 0.0159092 0.00871098
0.200776 0.0171289 0.00779081
0.201374 0.0189093 0.00699431
0.199932 0.0165407 0.0078526
0.201351 0.0178114 0.00717701
0.206214 0.0176954 0.00719168
0.199329 0.016372 0.00823874
0.206343 0.0163303 0.00808197
0.2003 0.0180975 0.00703538
0.198483 0.0146874 0.011407
0.211928 0.0189178 0.00700539
0.205943 0.0166737 0.00779357
0.194548 0.0196945 0.00697208
0.201706 0.0171971 0.00755969
0.201113 0.0177163 0.00750771
0.20067 0.0185141 0.00695641
0.201205 0.0193882 0.00702639
0.199997 0.0167915 0.00770146
0.207802 0.0171223 0.00739284
0.205758 0.0180824 0.00714109
0.205698 0.0177893 0.0071611
0.189656 0.0194376 0.00701501
0.200824 0.0157158 0.00842349
0.205885 0.0186938 0.00709936
0.19403 0.0193974 0.00695927
0.200227 0.0156449 0.00869252
0.207013 0.0174963 0.00728844
0.200834 0.0168455 0.00771132
0.199771 0.0167115 0.00803912
0.201439 0.019201 0.0070205
0.206546 0.0159606 0.00838442
0.206883 0.016984 0.00755435
0.193825 0.0184184 0.00698433
0.200071 0.0167194 0.00804923
0.205514 0.0170014 0.0075307
0.20061 0.0182249 0.00700808
0.205133 0.0156321 0.00859845
0.201767 0.017452 0.00741394
0.195858 0.0176553 0.00722595
0.206395 0.0190014 0.00718697
0.189604 0.0178163 0.00711538
0.199344 0.0155726 0.00900654
0.199218 0.0159059 0.00830222
0.207159 0.0163209 0.00807238
0.200247 0.0191552 0.00696969
0.195236 0.0171915 0.00741859
0.199696 0.016694 0.00774913
0.201661 0.0189938 0.0070125
0.19957 0.0161925 0.00835136
0.206806 0.0182442 0.0073003
0.200022 0.0193495 0.00700483
0.200228 0.0166321 0.00780852
0.199896 0.0187639 0.0069241
0.199278 0.0161096 0.00809043
0.195517 0.0172898 0.00738569
0.201636 0.0169436 0.00770394
0.206617 0.0164302 0.00801197
0.188099 0.0161623 0.00813265
0.207381 0.0164719 0.00793904
0.200772 0.0176357 0.00724385
0.195361 0.0191552 0.00694312
0.206272 0.0179894 0.00717964
0.206046 0.0181837 0.00714659
0.200085 0.0196427 0.00700275
0.194568 0.0193234 0.00695351
0.200574 0.0158371 0.00831005
0.199995 0.0157411 0.00852794
0.193549 0.0161597 0.00852553
0.206129 0.0168115 0.00798449
0.200296 0.0172151 0.0077942
0.199841 0.0169804 0.00788492
0.195798 0.0173896 0.00735199
0.194101 0.0177546 0.0074216
0.198531 0.0149585 0.011288
0.205475 0.0159481 0.00835631
0.200184 0.0188632 0.00694357
0.193682 0.0164924 0.00786675
0.200775 0.0165902 0.00785739
0.198987 0.0154474 0.00938047
0.200961 0.0162026 0.00810159
0.200162 0.0163806 0.0079601
0.193426 0.0156 0.00862667
0.201708 0.018159 0.00701876
0.19381 0.0169402 0.00748836
0.194149 0.0154566 0.00890593
0.200092 0.0155545 0.0089445
0.192555 0.0149568 0.0111326
0.206635 0.0171223 0.00745772
0.195486 0.0183458 0.00698865
0.207459 0.0168135 0.0076597
0.195563 0.0175589 0.00726105
0.192723 0.0148253 0.0103348
0.194122 0.0167906 0.0079007
0.1998 0.0160532 0.00817571
0.200399 0.0155067 0.00902272
0.199767 0.015596 0.008885
0.200093 0.0161288 0.00811171
0.206407 0.0170607 0.00782087
0.200239 0.0178257 0.00714704
0.205914 0.0162586 0.00812399
0.189477 0.0164858 0.00795613
0.200276 0.01575 0.00841575
0.200292 0.0168832 0.00765766
0.20609 0.0164715 0.0079602
0.200353 0.0197764 0.00702417
0.193649 0.0175602 0.00719717
0.200003 0.0179879 0.00705638
0.193307 0.0152831 0.00912129
0.1947 0.0155067 0.00872946
0.199565 0.0161922 0.0080514
0.195578 0.0189481 0.00695034
0.199603 0.0173675 0.0073413
0.199631 0.0164431 0.00790023
0.200413 0.0173965 0.00736165
0.206381 0.0172441 0.00735355
0.201587 0.0186988 0.00698569
0.1994 0.0166254 0.0080877
0.205247 0.016139 0.00851664
0.206608 0.0192671 0.00724109
0.201415 0.0180659 0.00703172
0.187919 0.0155842 0.00874728
0.20114 0.0190965 0.0070002
0.193335 0.0163433 0.00798794
0.187667 0.0162593 0.0083407
0.200711 0.0173803 0.00738984
0.20014 0.0169708 0.00790073
0.19391 0.0163404 0.00798886
0.200524 0.0167246 0.00776437
0.201756 0.0184513 0.00697232
0.19405 0.0180299 0.00705515
0.200845 0.0191521 0.00699306
0.194094 0.0196905 0.00696302
0.200122 0.0185689 0.00695349
0.196092 0.0174894 0.00731215
0.193974 0.0165507 0.00778012
0.205677 0.0157785 0.0084989
0.193071 0.0154144 0.00877636
0.194514 0.0176721 0.00717703
0.194671 0.0182931 0.00699607
0.195114 0.0166592 0.00766359
0.19534 0.0164887 0.00776304
0.199877 0.0154894 0.00914309
0.201925 0.0179769 0.00711594
0.200062 0.017043 0.00754987
0.19429 0.0173472 0.00758429
0.199394 0.0156775 0.00872997
0.201025 0.0164548 0.00795251
0.193871 0.0171991 0.00735005
0.194907 0.0181077 0.00700213
0.194451 0.0173917 0.00728687
0.200394 0.0162227 0.0080663
0.20018 0.0175525 0.00725553
0.200312 0.0194469 0.00699588
0.187798 0.0172165 0.00741616
0.200474 0.0176515 0.00721585
0.188102 0.0197119 0.00701918
0.206825 0.0186002 0.00730287
0.199661 0.0176171 0.00718514
0.199248 0.0161686 0.008444
0.204973 0.015265 0.00934213
0.204899 0.0151888 0.00962258
0.18216 0.0174698 0.00723453
0.199947 0.0182128 0.00727477
0.200969 0.0184628 0.00696884
0.195463 0.0170189 0.00751073
0.193014 0.0152907 0.00904366
0.195291 0.0188308 0.00696308
0.195627 0.0178256 0.0071373
0.194789 0.016539 0.00774588
0.199894 0.0179267 0.00734806
0.199474 0.016862 0.00763705
0.200968 0.0187627 0.00696637
0.194278 0.0178516 0.00713379
0.182342 0.0183349 0.0070664
0.189773 0.0164408 0.00797069
0.187272 0.015341 0.00919092
0.199159 0.0157584 0.00855674
0.196231 0.0180889 0.00701359
0.188168 0.019995 0.00709422
0.20071 0.0163384 0.00800819
0.199344 0.0163604 0.00793934
0.19945 0.0157952 0.00845984
0.201231 0.0186198 0.00696522
0.188268 0.0178318 0.00709194
0.182078 0.0195909 0.00704685
0.199778 0.0181837 0.00702492
0.200905 0.0181731 0.00701312
0.206031 0.0169253 0.00759574
0.194167 0.0186106 0.00698546
0.201127 0.0179779 0.00706532
0.19349 0.0158234 0.00843726
0.205803 0.0179373 0.00739989
0.193051 0.015574 0.00913643
0.201571 0.017642 0.00729017
0.193884 0.0187125 0.00697926
0.182076 0.0161102 0.00818406
0.181403 0.0166733 0.00808937
0.188209 0.0156083 0.00863643
0.194382 0.0160567 0.00822572
0.200012 0.0176793 0.00746979
0.200893 0.0171795 0.00751902
0.194219 0.0175663 0.00720976
0.200842 0.0179011 0.007123
0.188161 0.0161285 0.00842806
0.200573 0.0172913 0.00764098
0.201339 0.016854 0.00773796
0.199826 0.0171963 0.00744635
0.194627 0.0169624 0.00749815
0.199578 0.0154934 0.00917608
0.20141 0.0171075 0.00759369
0.201988 0.0182606 0.00698472
0.188449 0.0187518 0.0069495
0.187882 0.0169634 0.00792333
0.200583 0.0169792 0.00761713
0.196119 0.0177817 0.00714979
0.1934 0.0165661 0.00779771
0.18692 0.0151697 0.0095331
0.182899 0.0196442 0.00700434
0.189782 0.0188666 0.00696054
0.193254 0.0161557 0.00847486
0.193863 0.018043 0.00728897
0.200419 0.0186771 0.00693775
0.195173 0.0169342 0.00755923
0.194972 0.018412 0.00700953
0.194608 0.0180043 0.00704753
0.187283 0.0161305 0.00809426
0.188622 0.0175999 0.00741399
0.182011 0.0158913 0.00837895
0.194698 0.0177683 0.00739392
0.194688 0.0161173 0.00815131
0.181847 0.0162597 0.00806001
0.194078 0.0165824 0.00811219
0.195275 0.0174613 0.00729334
0.195074 0.0196428 0.00696908
0.193828 0.0152119 0.00919112
0.193746 0.0167165 0.00767776
0.199116 0.0156773 0.00884224
0.201193 0.0182645 0.0069962
0.187701 0.01672 0.00775442
0.187474 0.0169127 0.00772075
0.199539 0.0171128 0.007486
0.194986 0.017338 0.00733767
0.19327 0.01612 0.00817747
0.194004 0.0157521 0.00851136
0.188775 0.0177561 0.00711242
0.184076 0.0168125 0.00764434
0.200325 0.0159894 0.00824176
0.193716 0.0156756 0.00856943
0.199409 0.0166112 0.00778818
0.199866 0.0163034 0.00802373
0.192757 0.0151196 0.0102881
0.188677 0.0189474 0.00694177
0.181878 0.0170739 0.00775307
0.188169 0.0164036 0.00795646
0.182814 0.0173138 0.00759316
0.188996 0.018506 0.00697629
0.193708 0.0178406 0.00710783
0.193327 0.0163955 0.00828326
0.187747 0.016967 0.00757535
0.192847 0.0150154 0.00980695
0.19319 0.0159279 0.00868126
0.196008 0.0182866 0.00697991
0.19885 0.0152423 0.00992749
0.199733 0.0158105 0.00833875
0.194808 0.0177911 0.00711567
0.182336 0.0159904 0.00827355
0.194545 0.0156987 0.00855855
0.195333 0.0177286 0.00717012
0.187967 0.0156898 0.00847056
0.200546 0.0191301 0.00697946
0.194049 0.0191997 0.00718406
0.19969 0.0157049 0.00861635
0.188544 0.0168181 0.00770538
0.18774 0.0151534 0.00951543
0.187668 0.017699 0.00732972
0.193158 0.0149813 0.00987404
0.198575 0.0148334 0.0110185
0.194194 0.0170312 0.00773673
0.1954 0.0167525 0.00763325
0.194915 0.0170577 0.00746638
0.195669 0.0181087 0.00700323
0.180967 0.0152296 0.00929137
0.193486 0.0150873 0.00955845
0.200686 0.0188651 0.00696352
0.193357 0.0154342 0.00886692
0.193732 0.0174888 0.00747751
0.186998 0.0147789 0.0102144
0.194337 0.0181315 0.00704321
0.183268 0.0188092 0.00698252
0.195053 0.0164334 0.00785163
0.194384 0.0155109 0.00872762
0.194504 0.0190306 0.00696852
0.193792 0.0165316 0.00818768
0.193135 0.0156505 0.00857584
0.187684 0.0167755 0.00804874
0.18841 0.0173848 0.00734215
0.189217 0.0163564 0.00803234
0.194833 0.0157505 0.008491
0.194733 0.0185926 0.00698867
0.193527 0.0170141 0.0074208
0.195808 0.0187557 0.00695644
0.193681 0.0172129 0.00758387
0.200122 0.017297 0.00740181
0.194688 0.0172308 0.00737403
0.200352 0.0171374 0.00750984
0.200063 0.0182795 0.0070062
0.188948 0.016924 0.00765461
0.189099 0.0167091 0.00779974
0.193553 0.0160472 0.00824746
0.189554 0.0181029 0.00704259
0.194904 0.0159601 0.00828834
0.189403 0.019598 0.00703205
0.189842 0.0182565 0.00701041
0.194037 0.016764 0.00757436
0.193114 0.0156991 0.00887114
0.193543 0.0151875 0.00928135
0.189163 0.0160872 0.00820357
0.188586 0.0158675 0.00832034
0.19249 0.0149035 0.0114205
0.18908 0.01768 0.00724421
0.19878 0.0151399 0.0102007
0.188263 0.0194597 0.00699288
0.187951 0.0189982 0.00711491
0.193932 0.0174738 0.00724576
0.194318 0.0198835 0.00701335
0.194328 0.0168561 0.00753341
0.193803 0.0177639 0.00738158
0.181584 0.0170064 0.0077823
0.195091 0.0178859 0.00708451
0.187148 0.0158623 0.00882988
0.195526 0.0186444 0.00696874
0.188393 0.0197844 0.00703543
0.193778 0.0158993 0.00837953
0.194204 0.0164046 0.00790579
0.189041 0.0169701 0.00793595
0.187721 0.0165094 0.00818405
0.200359 0.0183871 0.00698418
0.193588 0.0172836 0.00729673
0.188093 0.0183096 0.00702838
0.175842 0.0185154 0.00704161
0.189033 0.0164855 0.00823116
0.184087 0.0174458 0.00732259
0.194944 0.0162238 0.00803611
0.194751 0.0175021 0.00724915
0.187565 0.0153781 0.00909867
0.188152 0.0154627 0.00889241
0.188498 0.0176466 0.00714507
0.201637 0.0178963 0.00714514
0.194797 0.0195317 0.00693749
0.195133 0.0193505 0.0069368
0.187714 0.017875 0.00709121
0.18349 0.016776 0.00763991
0.187797 0.0160528 0.00816666
0.193947 0.0190104 0.00697499
0.19462 0.0174846 0.00751843
0.194566 0.0166954 0.00762046
0.188961 0.0164823 0.00794004
0.194504 0.0164799 0.00781985
0.187141 0.0150715 0.00971052
0.19394 0.0155272 0.0087022
0.194071 0.0159762 0.00831925
0.188094 0.0173137 0.00736625
0.194769 0.0188899 0.00697075
0.187207 0.0152098 0.0094528
0.181819 0.0152797 0.00900612
0.195763 0.0184597 0.00697428
0.193199 0.0158739 0.00838631
0.18828 0.0163738 0.00830376
0.187104 0.0155759 0.0087519
0.187831 0.0184572 0.00700615
0.194228 0.0189044 0.00698023
0.193991 0.0177491 0.00714261
0.187073 0.0149248 0.00996334
0.189253 0.0181101 0.00703422
0.182943 0.0170636 0.00747202
0.187336 0.0154742 0.00892986
0.188755 0.0200868 0.00708115
0.188553 0.0195321 0.00700912
0.193582 0.0152897 0.00900216
0.194264 0.0166161 0.0077019
0.176692 0.0185738 0.00700804
0.195012 0.018714 0.00697564
0.189278 0.0184059 0.0069907
0.193618 0.0162702 0.00805784
0.188271 0.0157527 0.00838071
0.200896 0.0159518 0.00825274
0.1936 0.0159203 0.00869908
0.193061 0.0150818 0.00960852
0.187804 0.0152871 0.00925456
0.199837 0.0184739 0.00697353
0.194609 0.0159084 0.00835372
0.187218 0.0158832 0.00825095
0.188892 0.0159678 0.00826884
0.19266 0.0147258 0.0106108
0.193829 0.0167338 0.00796817
0.188187 0.0188966 0.00695978
0.193464 0.0167798 0.00759721
0.182175 0.0188229 0.0070173
0.187862 0.0154215 0.00899263
0.187538 0.0171805 0.00760184
0.189143 0.0158353 0.00836521
0.188744 0.016993 0.00786349
0.19325 0.0151573 0.00938749
0.182157 0.0164562 0.00807096
0.194555 0.0172186 0.00764225
0.188412 0.0162611 0.00805894
0.176436 0.0174038 0.00734426
0.18833 0.0166021 0.00811535
0.189496 0.0173174 0.00734257
0.180797 0.0151019 0.0101047
0.193602 0.0169937 0.00777274
0.193405 0.0157718 0.00887163
0.187413 0.0166252 0.00778084
0.188851 0.019505 0.00703223
0.189038 0.0171984 0.00774115
0.194383 0.0176535 0.00744585
0.194855 0.0192377 0.00694911
0.189578 0.0183964 0.00698537
0.188687 0.0170425 0.00756688
0.183224 0.0184978 0.00699442
0.189227 0.0186984 0.00694844
0.174992 0.0152084 0.00910481
0.192597 0.0147714 0.0109005
0.194389 0.0171234 0.00741065
0.194098 0.0170262 0.00744233
0.183857 0.0179007 0.00708209
0.188034 0.0180187 0.0070707
0.188677 0.0192607 0.00697958
0.188972 0.0172031 0.00744852
0.181436 0.0164389 0.00827372
0.181654 0.0156084 0.00865019
0.181196 0.0151969 0.0094833
0.195396 0.0180048 0.00707145
0.194459 0.018714 0.00698632
0.189867 0.0179666 0.00708348
0.182115 0.018531 0.00705138
0.188131 0.0191913 0.0069665
0.192953 0.0151812 0.00934689
0.180914 0.0151983 0.00958494
0.18674 0.014895 0.0103601
0.18175 0.0168724 0.00757129
0.187501 0.015244 0.00935929
0.193974 0.0172161 0.00765213
0.183504 0.0189921 0.00695932
0.189719 0.0166796 0.00779717
0.188015 0.0192689 0.00723204
0.175964 0.019089 0.00692103
0.187392 0.0156106 0.00866866
0.186508 0.0149531 0.0113557
0.186665 0.0147037 0.0105784
0.192547 0.0145345 0.0110778
0.192985 0.0154726 0.0094109
0.175577 0.0162179 0.00805406
0.187637 0.0164645 0.00789941
0.183326 0.0176083 0.00720999
0.193874 0.0153319 0.0089201
0.186792 0.0149412 0.0100683
0.189418 0.0175548 0.00717672
0.187204 0.0159984 0.00856859
0.181976 0.0167032 0.00767254
0.187862 0.0163001 0.00800994
0.189155 0.0173946 0.00729798
0.189917 0.0192904 0.00699872
0.194399 0.0184201 0.00699061
0.188414 0.0190922 0.00695245
0.188155 0.0185989 0.00697838
0.187983 0.0168156 0.00768274
0.182517 0.0173631 0.00759317
0.17548 0.0168445 0.00758335
0.195209 0.0182281 0.00699918
0.18834 0.0160063 0.00822013
0.182575 0.0169042 0.00757157
0.183729 0.0191905 0.00694465
0.174877 0.0149982 0.00965307
0.188689 0.0172914 0.00739956
0.18978 0.0169145 0.00762076
0.188964 0.0182116 0.00702435
0.187957 0.017377 0.00762564
0.183288 0.0174702 0.00747354
0.188683 0.0163808 0.00799346
0.182511 0.0166374 0.00769278
0.181951 0.0190208 0.00699459
0.18042 0.0149643 0.0118108
0.189305 0.0178238 0.0071073
0.187773 0.0181664 0.00705119
0.175697 0.0166443 0.00763483
0.194853 0.0167877 0.00759059
0.181493 0.0159815 0.00833182
0.188033 0.0170651 0.00752401
0.18982 0.0185693 0.00695033
0.181135 0.0158174 0.00885496
0.186986 0.0153095 0.00927625
0.181827 0.0184393 0.0070802
0.181991 0.0179507 0.00714013
0.187851 0.0180314 0.00730765
0.18829 0.0169109 0.00795208
0.187446 0.0157529 0.00841017
0.18787 0.0174865 0.00726595
0.18791 0.0183268 0.0072648
0.187622 0.0155171 0.00883919
0.189659 0.0191386 0.00699018
0.187348 0.0163779 0.00793754
0.188068 0.0167332 0.00804844
0.187771 0.0172079 0.00778931
0.189423 0.0167229 0.00778037
0.188333 0.0181297 0.00704569
0.182635 0.0171526 0.0074146
0.183654 0.0164855 0.0077941
0.180325 0.0150053 0.0121789
0.190059 0.0187517 0.00695383
0.182203 0.0165448 0.00778811
0.188456 0.0200755 0.00707216
0.183592 0.0180351 0.00703946
0.182771 0.0170563 0.00774067
0.187159 0.0157122 0.00849045
0.186851 0.0150233 0.00978592
0.183373 0.0182391 0.00702271
0.182618 0.0197927 0.00707555
0.189476 0.0188653 0.0069525
0.188709 0.017321 0.00769747
0.188407 0.017129 0.00749892
0.182052 0.0182412 0.00709572
0.187933 0.0165545 0.00784894
0.188844 0.0174943 0.00724191
0.174934 0.0150819 0.00937071
0.189023 0.017922 0.00707629
0.181812 0.0171126 0.00740254
0.175283 0.0160841 0.00841514
0.182101 0.0172047 0.00736711
0.18263 0.0184317 0.00703672
0.188265 0.0169147 0.00765318
0.181557 0.0162009 0.0081378
0.19446 0.016265 0.00802427
0.195249 0.0185301 0.00698112
0.194107 0.0183168 0.00698871
0.181527 0.0170235 0.00743672
0.188489 0.0165691 0.00786362
0.188167 0.0188436 0.0072544
0.195946 0.0179978 0.00703439
0.187405 0.0166701 0.00807731
0.182489 0.0154724 0.00872625
0.18789 0.0187479 0.00696112
0.182335 0.0194755 0.00694407
0.188036 0.0159045 0.00827261
0.183561 0.0193365 0.00714566
0.183117 0.019448 0.0069364
0.187732 0.0158044 0.00832402
0.183354 0.0192513 0.00694549
0.187572 0.0162147 0.00805263
0.183218 0.0171832 0.007422
0.1814 0.01657 0.00780774
0.188472 0.0170971 0.00778988
0.182218 0.0177543 0.00715533
0.182738 0.0163351 0.00795027
0.189976 0.0176961 0.00715354
0.188947 0.0188189 0.00693326
0.188652 0.0161147 0.00816376
0.182555 0.0156893 0.00852981
0.182851 0.0193096 0.00694804
0.183084 0.0191208 0.00695655
0.176461 0.0187593 0.00696034
0.187681 0.0156643 0.00858435
0.182209 0.019364 0.0071928
0.189248 0.0169231 0.0076419
0.18046 0.0148381 0.0115418
0.175901 0.0187983 0.00696128
0.181686 0.0175193 0.00750776
0.187436 0.0151105 0.00961998
0.188921 0.0162316 0.00809998
0.188721 0.0186249 0.00696331
0.182243 0.0191272 0.00701184
0.175285 0.0161526 0.00812311
0.189397 0.0192856 0.00700118
0.194138 0.0161896 0.0081133
0.188689 0.0183296 0.00700856
0.189477 0.0162355 0.00812154
0.176719 0.0189115 0.00693695
0.181588 0.0172864 0.00730529
0.176914 0.0183777 0.00705892
0.182737 0.0190329 0.006966
0.180658 0.014988 0.0106768
0.189434 0.0159852 0.00828115
0.181018 0.0152804 0.00899907
0.181648 0.0175661 0.00721347
0.181271 0.016136 0.00820121
0.188693 0.0197953 0.00704448
0.188212 0.0172378 0.00769959
0.182456 0.0164165 0.0078882
0.187974 0.0177284 0.00711676
0.188964 0.0191728 0.00697639
0.187507 0.0159672 0.00820929
0.182928 0.0185484 0.00700393
0.188414 0.0184477 0.0069961
0.182402 0.0186269 0.00702177
0.175543 0.0171014 0.00744184
0.18257 0.0181411 0.00708136
0.188975 0.017503 0.0075119
0.181889 0.0187295 0.00703577
0.183177 0.0169002 0.00756437
0.183086 0.0166371 0.00769463
0.189552 0.0170767 0.00751259
0.182385 0.0172958 0.00733189
0.186599 0.0146347 0.010863
0.182207 0.0155561 0.00866677
0.175761 0.0169037 0.00749818
0.186555 0.0147579 0.011133
0.18297 0.0188441 0.00697472
0.183568 0.0174543 0.00729783
0.189976 0.0170922 0.0074798
0.182278 0.0180455 0.00711502
0.180592 0.014938 0.0109651
0.181485 0.0152117 0.00940352
0.181301 0.0153143 0.00890465
0.182632 0.019514 0.0069627
0.181141 0.0156915 0.00858276
0.187378 0.0161673 0.00839195
0.188019 0.0164816 0.00820406
0.181718 0.0158254 0.00845333
0.183295 0.0163038 0.00794396
0.17535 0.0163753 0.00793286
0.187607 0.0174415 0.00747101
0.182873 0.0182569 0.00704793
0.182013 0.0193119 0.00695778
0.176244 0.0176259 0.00728568
0.175605 0.0173838 0.00736191
0.189207 0.0189975 0.0069615
0.181707 0.0178575 0.00716906
0.1886 0.0179937 0.00706109
0.181978 0.0188985 0.0072672
0.188344 0.0177643 0.00737416
0.187973 0.0186162 0.00721756
0.189717 0.0175504 0.00719672
0.183118 0.0180844 0.00705903
0.188619 0.0156417 0.00851516
0.18705 0.0154431 0.0090154
0.181465 0.016789 0.0076133
0.189828 0.0173056 0.00732982
0.175419 0.0166017 0.00774882
0.176142 0.0173504 0.00736542
0.183417 0.019544 0.00696561
0.176527 0.0177192 0.00725316
0.180721 0.0150387 0.0103878
0.181942 0.01732 0.00759378
0.181783 0.0160425 0.00825665
0.182857 0.016806 0.0075997
0.175783 0.0182325 0.00712174
0.182617 0.0161309 0.0081337
0.182801 0.01795 0.00709529
0.180525 0.0148876 0.011253
0.182444 0.0175619 0.00719884
0.18125 0.0152476 0.0091925
0.182886 0.0199088 0.00714502
0.182324 0.0170299 0.0074648
0.181882 0.0154568 0.0087723
0.181591 0.0172556 0.00761547
0.18297 0.0173302 0.00733743
0.181078 0.0154685 0.00877328
0.182243 0.0186849 0.007275
0.176223 0.0192324 0.00696951
0.181873 0.0173915 0.00731062
0.18368 0.0184025 0.00699284
0.182691 0.0187318 0.00699106
0.175725 0.0179493 0.00720185
0.182793 0.0165618 0.00776162
0.182677 0.0174431 0.00735278
0.182037 0.0169584 0.00752624
0.183027 0.0175937 0.00720562
0.183528 0.0186611 0.00697903
0.183765 0.0188445 0.00696512
0.18336 0.0165384 0.00776837
0.181428 0.0157601 0.00852361
0.181622 0.0164183 0.00794152
0.183707 0.0172196 0.00742272
0.18379 0.016726 0.00767713
0.181272 0.016277 0.00846601
0.182618 0.0159067 0.00833304
0.175529 0.0160067 0.00826159
0.183853 0.0169883 0.00754615
0.175665 0.0176665 0.00728227
0.188199 0.0175555 0.00721484
0.183021 0.0164016 0.00787147
0.183101 0.0178761 0.00727427
0.182142 0.0153389 0.00886341
0.183186 0.0197164 0.00705099
0.174816 0.0148893 0.00992575
0.188799 0.0166916 0.00779806
0.183468 0.0198042 0.00710577
0.175828 0.0171914 0.00741676
0.175949 0.0175726 0.00730704
0.181766 0.0181485 0.00712468
0.176337 0.0181952 0.00712246
0.183603 0.0177539 0.00714678
0.18154 0.015273 0.00911501
0.176397 0.0184777 0.00704131
0.175178 0.0158072 0.00846299
0.181365 0.0155373 0.00871435
0.18232 0.0197685 0.00705416
0.175641 0.0164268 0.00784864
0.181336 0.0163528 0.00800428
0.182259 0.016768 0.00759548
0.176129 0.0186084 0.00700988
0.189743 0.016125 0.00820434
0.182739 0.0176635 0.00715877
0.182272 0.0157732 0.00847018
0.181946 0.0156741 0.00857563
0.18347 0.0170424 0.00750355
0.182335 0.0162146 0.00807421
0.18389 0.0181883 0.00700328
0.16925 0.0159928 0.00816837
0.176009 0.0180412 0.00717279
0.181933 0.0176616 0.00719495
0.187434 0.0164144 0.00823143
0.18821 0.0166558 0.00779565
0.174752 0.0147932 0.0102026
0.184098 0.0177451 0.00717071
0.183844 0.017598 0.00723555
0.176205 0.018911 0.00692322
0.182517 0.019237 0.0069563
0.181206 0.0159142 0.00839251
0.17624 0.0170772 0.00744066
0.181687 0.01664 0.00774998
0.183715 0.019511 0.00695647
0.176068 0.018324 0.00709161
0.180352 0.0147546 0.0120164
0.176278 0.0179124 0.00720366
0.176466 0.0190697 0.00690374
0.182507 0.0178531 0.00713694
0.176056 0.0168504 0.00750861
0.175197 0.0160019 0.00869044
0.181914 0.0164788 0.00786159
0.176565 0.0180054 0.00717144
0.182068 0.0178298 0.00740388
0.183339 0.0178833 0.00709087
0.176849 0.0180962 0.0071399
0.17507 0.0153864 0.0088765
0.182459 0.0189211 0.00697846
0.180868 0.0152761 0.00987092
0.182423 0.0152993 0.00896224
0.181853 0.0168244 0.00791789
0.182967 0.0161825 0.00806922
0.176624 0.0182881 0.00709027
0.181591 0.0153866 0.00884213
0.181201 0.0160565 0.00865655
0.175115 0.015598 0.00866869

VERTICES 885 1770
1 0
1 1
1 2
1 3
1 4
1 5
1 6
1 7
1 8
1 9
1 10
1 11
1 12
1 13
1 14
1 15
1 16
1 17
1 18
1 19
1 20
1 21
1 22
1 23
1 24
1 25
1 26
1 27
1 28
1 29
1 30
1 31
1 32
1 33
1 34
1 35
1 36
1 37
1 38
1 39
1 40
1 41
1 42
1 43
1 44
1 45
1 46
1 47
1 48
1 49
1 50
1 51
1 52
1 53
1 54
1 55
1 56
1 57
1 58
1 59
1 60
1 61
1 62
1 63
1 64
1 65
1 66
1 67
1 68
1 69
1 70
1 71
1 72
1 73
1 74
1 75
1 76
1 77
1 78
1 79
1 80
1 81
1 82
1 83
1 84
1 85
1 86
1 87
1 88
1 89
1 90
1 91
1 92
1 93
1 94
1 95
1 96
1 97
1 98
1 99
1 100
1 101
1 102
1 103
1 104
1 105
1 106
1 107
1 108
1 109
1 110
1 111
1 112
1 113
1 114
1 115
1 116
1 117
1 118
1 119
1 120
1 121
1 122
1 123
1 124
1 125
1 126
1 127
1 128
1 129
1 130
1 131
1 132
1 133
1 134
1 135
1 136
1 137
1 138
1 139
1 140
1 141
1 142
1 143
1 144
1 145
1 146
1 147
1 148
1 149
1 150
1 151
1 152
1 153
1 154
1 155
1 156
1 157
1 158
1 159
1 160
1 161
1 162
1 163
1 164
1 165
1 166
1 167
1 168
1 169
1 170
1 171
1 172
1 173
1 174
1 175
1 176
1 177
1 178
1 179
1 180
1 181
1 182
1 183
1 184
1 185
1 186
1 187
1 188
1 189
1 190
1 191
1 192
1 193
1 194
1 195
1 196
1 197
1 198
1 199
1 200
1 201
1 202
1 203
1 204
1 205
1 206
1 207
1 208
1 209
1 210
1 211
1 212
1 213
1 214
1 215
1 216
1 217
1 218
1 219
1 220
1 221
1 222
1 223
1 224
1 225
1 226
1 227
1 228
1 229
1 230
1 231
1 232
1 233
1 234
1 235
1 236
1 237
1 238
1 239
1 240
1 241
1 242
1 243
1 244
1 245
1 246
1 247
1 248
1 249
1 250
1 251
1 252
1 253
1 254
1 255
1 256
1 257
1 258
1 259
1 260
1 261
1 262
1 263
1 264
1 265
1 266
1 267
1 268
1 269
1 270
1 271
1 272
1 273
1 274
1 275
1 276
1 277
1 278
1 279
1 280
1 281
1 282
1 283
1 284
1 285
1 286
1 287
1 288
1 289
1 290
1 291
1 292
1 293
1 294
1 295
1 296
1 297
1 298
1 299
1 300
1 301
1 302
1 303
1 304
1 305
1 306
1 307
1 308
1 309
1 310
1 311
1 312
1 313
1 314
1 315
1 316
1 317
1 318
1 319
1 320
1 321
1 322
1 323
1 324
1 325
1 326
1 327
1 328
1 329
1 330
1 331
1 332
1 333
1 334
1 335
1 336
1 337
1 338
1 339
1 340
1 341
1 342
1 343
1 344
1 345
1 346
1 347
1 348
1 349
1 350
1 351
1 352
1 353
1 354
1 355
1 356
1 357
1 358
1 359
1 360
1 361
1 362
1 363
1 364
1 365
1 366
1 367
1 368
1 369
1 370
1 371
1 372
1 373
1 374
1 375
1 376
1 377
1 378
1 379
1 380
1 381
1 382
1 383
1 384
1 385
1 386
1 387
1 388
1 389
1 390
1 391
1 392
1 393
1 394
1 395
1 396
1 397
1 398
1 399
1 400
1 401
1 402
1 403
1 404
1 405
1 406
1 407
1 408
1 409
1 410
1 411
1 412
1 413
1 414
1 415
1 416
1 417
1 418
1 419
1 420
1 421
1 422
1 423
1 424
1 425
1 426
1 427
1 428
1 429
1 430
1 431
1 432
1 433
1 434
1 435
1 436
1 437
1 438
1 439
1 440
1 441
1 442
1 443
1 444
1 445
1 446
1 447
1 448
1 449
1 450
1 451
1 452
1 453
1 454
1 455
1 456
1 457
1 458
1 459
1 460
1 461
1 462
1 463
1 464
1 465
1 466
1 467
1 468
1 469
1 470
1 471
1 472
1 473
1 474
1 475
1 476
1 477
1 478
1 479
1 480
1 481
1 482
1 483
1 484
1 485
1 486
1 487
1 488
1 489
1 490
1 491
1 492
1 493
1 494
1 495
1 496
1 497
1 498
1 499
1 500
1 501
1 502
1 503
1 504
1 505
1 506
1 507
1 508
1 509
1 510
1 511
1 512
1 513
1 514
1 515
1 516
1 517
1 518
1 519
1 520
1 521
1 522
1 523
1 524
1 525
1 526
1 527
1 528
1 529
1 530
1 531
1 532
1 533
1 534
1 535
1 536
1 537
1 538
1 539
1 540
1 541
1 542
1 543
1 544
1 545
1 546
1 547
1 548
1 549
1 550
1 551
1 552
1 553
1 554
1 555
1 556
1 557
1 558
1 559
1 560
1 561
1 562
1 563
1 564
1 565
1 566
1 567
1 568
1 569
1 570
1 571
1 572
1 573
1 574
1 575
1 576
1 577
1 578
1 579
1 580
1 581
1 582
1 583
1 584
1 585
1 586
1 587
1 588
1 589
1 590
1 591
1 592
1 593
1 594
1 595
1 596
1 597
1 598
1 599
1 600
1 601
1 602
1 603
1 604
1 605
1 606
1 607
1 608
1 609
1 610
1 611
1 612
1 613
1 614
1 615
1 616
1 617
1 618
1 619
1 620
1 621
1 622
1 623
1 624
1 625
1 626
1 627
1 628
1 629
1 630
1 631
1 632
1 633
1 634
1 635
1 636
1 637
1 638
1 639
1 640
1 641
1 642
1 643
1 644
1 645
1 646
1 647
1 648
1 649
1 650
1 651
1 652
1 653
1 654
1 655
1 656
1 657
1 658
1 659
1 660
1 661
1 662
1 663
1 664
1 665
1 666
1 667
1 668
1 669
1 670
1 671
1 672
1 673
1 674
1 675
1 676
1 677
1 678
1 679
1 680
1 681
1 682
1 683
1 684
1 685
1 686
1 687
1 688
1 689
1 690
1 691
1 692
1 693
1 694
1 695
1 696
1 697
1 698
1 699
1 700
1 701
1 702
1 703
1 704
1 705
1 706
1 707
1 708
1 709
1 710
1 711
1 712
1 713
1 714
1 715
1 716
1 717
1 718
1 719
1 720
1 721
1 722
1 723
1 724
1 725
1 726
1 727
1 728
1 729
1 730
1 731
1 732
1 733
1 734
1 735
1 736
1 737
1 738
1 739
1 740
1 741
1 742
1 743
1 744
1 745
1 746
1 747
1 748
1 749
1 750
1 751
1 752
1 753
1 754
1 755
1 756
1 757
1 758
1 759
1 760
1 761
1 762
1 763
1 764
1 765
1 766
1 767
1 768
1 769
1 770
1 771
1 772
1 773
1 774
1 775
1 776
1 777
1 778
1 779
1 780
1 781
1 782
1 783
1 784
1 785
1 786
1 787
1 788
1 789
1 790
1 791
1 792
1 793
1 794
1 795
1 796
1 797
1 798
1 799
1 800
1 801
1 802
1 803
1 804
1 805
1 806
1 807
1 808
1 809
1 810
1 811
1 812
1 813
1 814
1 815
1 816
1 817
1 818
1 819
1 820
1 821
1 822
1 823
1 824
1 825
1 826
1 827
1 828
1 829
1 830
1 831
1 832
1 833
1 834
1 835
1 836
1 837
1 838
1 839
1 840
1 841
1 842
1 843
1 844
1 845
1 846
1 847
1 848
1 849
1 850
1 851
1 852
1 853
1 854
1 855
1 856
1 857
1 858
1 859
1 860
1 861
1 862
1 863
1 864
1 865
1 866
1 867
1 868
1 869
1 870
1 871
1 872
1 873
1 874
1 875
1 876
1 877
1 878
1 879
1 880
1 881
1 882
1 883
1 884

POINT_DATA 885
SCALARS id int 1
LOOKUP_TABLE default
1
2
3
4
5
6
7
8
9
10
11
12
13
14
15
16
17
18
19
20
21
22
23
24
25
26
27
28
29
30
31
32
33
34
35
36
37
39
40
41
42
43
44
45
46
47
48
49
50
51
52
53
54
56
57
58
59
60
61
62
63
64
65
67
68
69
70
71
72
73
74
75
76
77
78
79
80
81
82
83
84
85
86
87
88
89
90
91
92
93
94
95
96
97
98
99
100
101
102
103
104
105
106
107
108
109
110
111
112
113
114
115
116
117
118
119
120
121
122
123
124
125
126
127
129
130
131
132
133
134
135
136
137
138
139
140
141
142
143
144
145
146
147
148
149
150
151
153
154
155
156
157
158
159
160
161
162
163
164
165
166
167
168
169
170
171
172
173
174
175
176
177
178
179
180
181
182
183
184
185
186
187
188
189
190
191
192
193
194
195
196
197
198
199
200
201
202
203
204
205
206
207
208
209
210
211
212
213
214
215
217
218
219
220
221
222
223
224
225
226
227
228
229
230
231
232
233
234
235
236
237
238
239
240
241
242
243
244
245
246
247
248
249
250
251
252
253
254
255
256
257
258
259
260
261
262
263
264
265
266
267
268
269
270
271
273
274
275
276
277
278
279
280
281
282
283
284
285
286
287
288
289
290
291
292
293
294
295
296
297
298
299
300
301
302
303
304
305
306
307
308
309
310
311
312
313
314
315
316
317
318
319
320
321
322
323
324
325
326
327
328
329
330
331
332
333
334
335
336
337
338
339
340
341
342
343
344
345
346
347
348
349
350
351
352
353
354
355
356
357
358
359
360
361
362
363
364
365
366
367
368
369
370
371
372
373
374
375
376
377
378
379
380
381
382
383
384
385
386
387
388
389
390
391
392
393
394
395
396
397
398
399
400
401
402
403
404
405
406
407
408
409
410
411
412
413
414
415
416
417
418
419
420
421
422
423
424
425
426
427
428
429
430
431
432
433
434
435
436
437
438
439
440
441
442
443
444
445
446
447
448
449
450
451
452
453
454
455
456
457
458
459
460
461
462
463
464
465
466
467
468
469
470
471
472
473
474
475
476
477
478
479
480
481
482
483
484
485
486
487
488
489
490
491
492
493
494
495
496
497
498
499
500
501
502
503
504
505
506
507
508
509
510
511
512
513
514
515
516
517
518
519
520
521
522
523
524
525
526
527
528
529
530
531
532
533
534
535
536
537
538
539
540
541
542
543
544
545
546
547
548
549
550
551
552
553
554
555
556
557
558
559
560
561
562
563
564
565
566
567
568
569
570
571
572
573
574
575
576
577
579
580
581
582
583
584
585
586
587
588
589
590
591
592
593
594
595
596
597
598
599
600
601
602
603
605
606
607
608
609
610
611
612
613
614
615
616
617
618
619
620
621
622
623
624
625
626
627
628
629
630
631
632
633
634
635
636
637
638
640
641
642
643
644
645
646
647
648
649
650
651
652
653
654
655
656
659
660
661
662
663
664
665
666
667
668
669
670
671
672
673
674
675
676
677
678
679
680
681
682
683
684
685
686
687
688
690
691
692
693
694
695
696
697
698
699
700
701
702
703
704
705
706
707
708
709
710
711
712
713
714
715
716
717
718
719
720
721
722
723
724
725
726
727
728
729
730
731
732
733
734
735
736
737
738
739
740
741
742
743
744
745
746
747
748
749
750
751
752
753
754
755
756
757
758
759
760
761
762
764
765
766
767
768
769
770
771
772
773
774
775
776
777
778
779
780
781
782
783
784
785
786
787
788
789
791
792
793
794
795
796
797
798
799
800
801
802
803
804
805
806
807
808
809
810
811
812
813
814
815
816
817
818
819
820
821
822
823
824
825
826
827
828
829
830
831
832
833
834
835
836
837
838
839
840
841
842
843
844
845
846
847
848
849
850
851
852
853
854
855
856
857
858
859
860
861
862
863
864
865
866
867
868
869
870
871
872
873
874
875
876
877
878
879
880
881
882
883
884
885
886
887
888
889
890
891
892
893
894
895
896
897
898
899
900

SCALARS type int 1
LOOKUP_TABLE default
1
1
1
1
1
1
1
1
1
1
1
1
1
1
1
1
1
1
1
1
1
1
1
1
1
1
1
1
1
1
1
1
1
1
1
1
1
1
1
1
1
1
1
1
1
1
1
1
1
1
1
1
1
1
1
1
1
1
1
1
1
1
1
1
1
1
1
1
1
1
1
1
1
1
1
1
1
1
1
1
1
1
1
1
1
1
1
1
1
1
1
1
1
1
1
1
1
1
1
1
1
1
1
1
1
1
1
1
1
1
1
1
1
1
1
1
1
1
1
1
1
1
1
1
1
1
1
1
1
1
1
1
1
1
1
1
1
1
1
1
1
1
1
1
1
1
1
1
1
1
1
1
1
1
1
1
1
1
1
1
1
1
1
1
1
1
1
1
1
1
1
1
1
1
1
1
1
1
1
1
1
1
1
1
1
1
1
1
1
1
1
1
1
1
1
1
1
1
1
1
1
1
1
1
1
1
1
1
1
1
1
1
1
1
1
1
1
1
1
1
1
1
1
1
1
1
1
1
1
1
1
1
1
1
1
1
1
1
1
1
1
1
1
1
1
1
1
1
1
1
1
1
1
1
1
1
1
1
1
1
1
1
1
1
1
1
1
1
1
1
1
1
1
1
1
1
1
1
1
1
1
1
1
1
1
1
1
1
1
1
1
1
1
1
1
1
1
1
1
1
1
1
1
1
1
1
1
1
1
1
1
1
1
1
1
1
1
1
1
1
1
1
1
1
1
1
1
1
1
1
1
1
1
1
1
1
1
1
1
1
1
1
1
1
1
1
1
1
1
1
1
1
1
1
1
1
1
1
1
1
1
1
1
1
1
1
1
1
1
1
1
1
1
1
1
1
1
1
1
1
1
1
1
1
1
1
1
1
1
1
1
1
1
1
1
1
1
1
1
1
1
1
1
1
1
1
1
1
1
1
1
1
1
1
1
1
1
1
1
1
1
1
1
1
1
1
1
1
1
1
1
1
1
1
1
1
1
1
1
1
1
1
1
1
1
1
1
1
1
1
1
1
1
1
1
1
1
1
1
1
1
1
1
1
1
1
1
1
1
1
1
1
1
1
1
1
1
1
1
1
1
1
1
1
1
1
1
1
1
1
1
1
1
1
1
1
1
1
1
1
1
1
1
1
1
1
1
1
1
1
1
1
1
1
1
1
1
1
1
1
1
1
1
1
1
1
1
1
1
1
1
1
1
1
1
1
1
1
1
1
1
1
1
1
1
1
1
1
1
1
1
1
1
1
1
1
1
1
1
1
1
1
1
1
1
1
1
1
1
1
1
1
1
1
1
1
1
1
1
1
1
1
1
1
1
1
1
1
1
1
1
1
1
1
1
1
1
1
1
1
1
1
1
1
1
1
1
1
1
1
1
1
1
1
1
1
1
1
1
1
1
1
1
1
1
1
1
1
1
1
1
1
1
1
1
1
1
1
1
1
1
1
1
1
1
1
1
1
1
1
1
1
1
1
1
1
1
1
1
1
1
1
1
1
1
1
1
1
1
1
1
1
1
1
1
1
1
1
1
1
1
1
1
1
1
1
1
1
1
1
1
1
1
1
1
1
1
1
1
1
1
1
1
1
1
1
1
1
1
1
1
1
1
1
1
1
1
1
1
1
1
1
1
1
1
1
1
1
1
1
1
1
1
1
1
1
1
1
1
1
1
1
1
1
1
1
1
1
1
1
1
1
1
1
1
1
1
1
1
1
1
1
1
1
1
1
1
1
1
1
1
1
1
1
1
1
1
1
1
1
1
1
1
1
1
1
1
1
1
1
1
1
1
1
1
1
1
1
1
1
1
1
1
1
1
1
1
1
1
1
1
1
1
1
1
1
1
1
1
1
1
1
1
1
1
1
1
1
1
1
1
1
1
1
1
1
1
1
1
1
1
1
1
1
1
1
1
1
1
1
1
1
1
1
1
1
1
1
1
1
1
1
1
1
1
1
1
1
1
1
1
1
1
1
1
1
1
1
1
1
1
1
1
1
1

SCALARS radius float 1
LOOKUP_TABLE default
0.00015
0.00015
0.00015
0.00015
0.00015
0.00015
0.00015
0.00015
0.00015
0.00015
0.00015
0.00015
0.00015
0.00015
0.00015
0.00015
0.00015
0.00015
0.00015
0.00015
0.00015
0.00015
0.00015
0.00015
0.00015
0.00015
0.00015
0.00015
0.00015
0.00015
0.00015
0.00015
0.00015
0.00015
0.00015
0.00015
0.00015
0.00015
0.00015
0.00015
0.00015
0.00015
0.00015
0.00015
0.00015
0.00015
0.00015
0.00015
0.00015
0.00015
0.00015
0.00015
0.00015
0.00015
0.00015
0.00015
0.00015
0.00015
0.00015
0.00015
0.00015
0.00015
0.00015
0.00015
0.00015
0.00015
0.00015
0.00015
0.00015
0.00015
0.00015
0.00015
0.00015
0.00015
0.00015
0.00015
0.00015
0.00015
0.00015
0.00015
0.00015
0.00015
0.00015
0.00015
0.00015
0.00015
0.00015
0.00015
0.00015
0.00015
0.00015
0.00015
0.00015
0.00015
0.00015
0.00015
0.00015
0.00015
0.00015
0.00015
0.00015
0.00015
0.00015
0.00015
0.00015
0.00015
0.00015
0.00015
0.00015
0.00015
0.00015
0.00015
0.00015
0.00015
0.00015
0.00015
0.00015
0.00015
0.00015
0.00015
0.00015
0.00015
0.00015
0.00015
0.00015
0.00015
0.00015
0.00015
0.00015
0.00015
0.00015
0.00015
0.00015
0.00015
0.00015
0.00015
0.00015
0.00015
0.00015
0.00015
0.00015
0.00015
0.00015
0.00015
0.00015
0.00015
0.00015
0.00015
0.00015
0.00015
0.00015
0.00015
0.00015
0.00015
0.00015
0.00015
0.00015
0.00015
0.00015
0.00015
0.00015
0.00015
0.00015
0.00015
0.00015
0.00015
0.00015
0.00015
0.00015
0.00015
0.00015
0.00015
0.00015
0.00015
0.00015
0.00015
0.00015
0.00015
0.00015
0.00015
0.00015
0.00015
0.00015
0.00015
0.00015
0.00015
0.00015
0.00015
0.00015
0.00015
0.00015
0.00015
0.00015
0.00015
0.00015
0.00015
0.00015
0.00015
0.00015
0.00015
0.00015
0.00015
0.00015
0.00015
0.00015
0.00015
0.00015
0.00015
0.00015
0.00015
0.00015
0.00015
0.00015
0.00015
0.00015
0.00015
0.00015
0.00015
0.00015
0.00015
0.00015
0.00015
0.00015
0.00015
0.00015
0.00015
0.00015
0.00015
0.00015
0.00015
0.00015
0.00015
0.00015
0.00015
0.00015
0.00015
0.00015
0.00015
0.00015
0.00015
0.00015
0.00015
0.00015
0.00015
0.00015
0.00015
0.00015
0.00015
0.00015
0.00015
0.00015
0.00015
0.00015
0.00015
0.00015
0.00015
0.00015
0.00015
0.00015
0.00015
0.00015
0.00015
0.00015
0.00015
0.00015
0.00015
0.00015
0.00015
0.00015
0.00015
0.00015
0.00015
0.00015
0.00015
0.00015
0.00015
0.00015
0.00015
0.00015
0.00015
0.00015
0.00015
0.00015
0.00015
0.00015
0.00015
0.00015
0.00015
0.00015
0.00015
0.00015
0.00015
0.00015
0.00015
0.00015
0.00015
0.00015
0.00015
0.00015
0.00015
0.00015
0.00015
0.00015
0.00015
0.00015
0.00015
0.00015
0.00015
0.00015
0.00015
0.00015
0.00015
0.00015
0.00015
0.00015
0.00015
0.00015
0.00015
0.00015
0.00015
0.00015
0.00015
0.00015
0.00015
0.00015
0.00015
0.00015
0.00015
0.00015
0.00015
0.00015
0.00015
0.00015
0.00015
0.00015
0.00015
0.00015
0.00015
0.00015
0.00015
0.00015
0.00015
0.00015
0.00015
0.00015
0.00015
0.00015
0.00015
0.00015
0.00015
0.00015
0.00015
0.00015
0.00015
0.00015
0.00015
0.00015
0.00015
0.00015
0.00015
0.00015
0.00015
0.00015
0.00015
0.00015
0.00015
0.00015
0.00015
0.00015
0.00015
0.00015
0.00015
0.00015
0.00015
0.00015
0.00015
0.00015
0.00015
0.00015
0.00015
0.00015
0.00015
0.00015
0.00015
0.00015
0.00015
0.00015
0.00015
0.00015
0.00015
0.00015
0.00015
0.00015
0.00015
0.00015
0.00015
0.00015
0.00015
0.00015
0.00015
0.00015
0.00015
0.00015
0.00015
0.00015
0.00015
0.00015
0.00015
0.00015
0.00015
0.00015
0.00015
0.00015
0.00015
0.00015
0.00015
0.00015
0.00015
0.00015
0.00015
0.00015
0.00015
0.00015
0.00015
0.00015
0.00015
0.00015
0.00015
0.00015
0.00015
0.00015
0.00015
0.00015
0.00015
0.00015
0.00015
0.00015
0.00015
0.00015
0.00015
0.00015
0.00015
0.00015
0.00015
0.00015
0.00015
0.00015
0.00015
0.00015
0.00015
0.00015
0.00015
0.00015
0.00015
0.00015
0.00015
0.00015
0.00015
0.00015
0.00015
0.00015
0.00015
0.00015
0.00015
0.00015
0.00015
0.00015
0.00015
0.00015
0.00015
0.00015
0.00015
0.00015
0.00015
0.00015
0.00015
0.00015
0.00015
0.00015
0.00015
0.00015
0.00015
0.00015
0.00015
0.00015
0.00015
0.00015
0.00015
0.00015
0.00015
0.00015
0.00015
0.00015
0.00015
0.00015
0.00015
0.00015
0.00015
0.00015
0.00015
0.00015
0.00015
0.00015
0.00015
0.00015
0.00015
0.00015
0.00015
0.00015
0.00015
0.00015
0.00015
0.00015
0.00015
0.00015
0.00015
0.00015
0.00015
0.00015
0.00015
0.00015
0.00015
0.00015
0.00015
0.00015
0.00015
0.00015
0.00015
0.00015
0.00015
0.00015
0.00015
0.00015
0.00015
0.00015
0.00015
0.00015
0.00015
0.00015
0.00015
0.00015
0.00015
0.00015
0.00015
0.00015
0.00015
0.00015
0.00015
0.00015
0.00015
0.00015
0.00015
0.00015
0.00015
0.00015
0.00015
0.00015
0.00015
0.00015
0.00015
0.00015
0.00015
0.00015
0.00015
0.00015
0.00015
0.00015
0.00015
0.00015
0.00015
0.00015
0.00015
0.00015
0.00015
0.00015
0.00015
0.00015
0.00015
0.00015
0.00015
0.00015
0.00015
0.00015
0.00015
0.00015
0.00015
0.00015
0.00015
0.00015
0.00015
0.00015
0.00015
0.00015
0.00015
0.00015
0.00015
0.00015
0.00015
0.00015
0.00015
0.00015
0.00015
0.00015
0.00015
0.00015
0.00015
0.00015
0.00015
0.00015
0.00015
0.00015
0.00015
0.00015
0.00015
0.00015
0.00015
0.00015
0.00015
0.00015
0.00015
0.00015
0.00015
0.00015
0.00015
0.00015
0.00015
0.00015
0.00015
0.00015
0.00015
0.00015
0.00015
0.00015
0.00015
0.00015
0.00015
0.00015
0.00015
0.00015
0.00015
0.00015
0.00015
0.00015
0.00015
0.00015
0.00015
0.00015
0.00015
0.00015
0.00015
0.00015
0.00015
0.00015
0.00015
0.00015
0.00015
0.00015
0.00015
0.00015
0.00015
0.00015
0.00015
0.00015
0.00015
0.00015
0.00015
0.00015
0.00015
0.00015
0.00015
0.00015
0.00015
0.00015
0.00015
0.00015
0.00015
0.00015
0.00015
0.00015
0.00015
0.00015
0.00015
0.00015
0.00015
0.00015
0.00015
0.00015
0.00015
0.00015
0.00015
0.00015
0.00015
0.00015
0.00015
0.00015
0.00015
0.00015
0.00015
0.00015
0.00015
0.00015
0.00015
0.00015
0.00015
0.00015
0.00015
0.00015
0.00015
0.00015
0.00015
0.00015
0.00015
0.00015
0.00015
0.00015
0.00015
0.00015
0.00015
0.00015
0.00015
0.00015
0.00015
0.00015
0.00015
0.00015
0.00015
0.00015
0.00015
0.00015
0.00015
0.00015
0.00015
0.00015
0.00015
0.00015
0.00015
0.00015
0.00015
0.00015
0.00015
0.00015
0.00015
0.00015
0.00015
0.00015
0.00015
0.00015
0.00015
0.00015
0.00015
0.00015
0.00015
0.00015
0.00015
0.00015
0.00015
0.00015
0.00015
0.00015
0.00015
0.00015
0.00015
0.00015
0.00015
0.00015
0.00015
0.00015
0.00015
0.00015
0.00015
0.00015
0.00015
0.00015
0.00015
0.00015
0.00015
0.00015
0.00015
0.00015
0.00015
0.00015
0.00015
0.00015
0.00015
0.00015
0.00015
0.00015
0.00015
0.00015
0.00015
0.00015
0.00015
0.00015
0.00015
0.00015
0.00015
0.00015
0.00015
0.00015
0.00015
0.00015
0.00015
0.00015
0.00015
0.00015
0.00015
0.00015
0.00015
0.00015
0.00015
0.00015
0.00015
0.00015
0.00015
0.00015
0.00015
0.00015
0.00015
0.00015
0.00015
0.00015
0.00015
0.00015
0.00015
0.00015
0.00015
0.00015
0.00015
0.00015
0.00015
0.00015
0.00015
0.00015
0.00015
0.00015
0.00015
0.00015
0.00015
0.00015
0.00015
0.00015
0.00015
0.00015
0.00015
0.00015
0.00015
0.00015
0.00015
0.00015
0.00015
0.00015
0.00015
0.00015
0.00015
0.00015
0.00015
0.00015
0.00015
0.00015
0.00015
0.00015
0.00015
0.00015
0.00015
0.00015
0.00015
0.00015
0.00015
0.00015
0.00015
0.00015
0.00015
0.00015
0.00015
0.00015
0.00015
0.00015
0.00015
0.00015
0.00015
0.00015
0.00015
0.00015
0.00015
0.00015

SCALARS mass float 1
LOOKUP_TABLE default
3.95841e-09
3.95841e-09
3.95841e-09
3.95841e-09
3.95841e-09
3.95841e-09
3.95841e-09
3.95841e-09
3.95841e-09
3.95841e-09
3.95841e-09
3.95841e-09
3.95841e-09
3.95841e-09
3.95841e-09
3.95841e-09
3.95841e-09
3.95841e-09
3.95841e-09
3.95841e-09
3.95841e-09
3.95841e-09
3.95841e-09
3.95841e-09
3.95841e-09
3.95841e-09
3.95841e-09
3.95841e-09
3.95841e-09
3.95841e-09
3.95841e-09
3.95841e-09
3.95841e-09
3.95841e-09
3.95841e-09
3.95841e-09
3.95841e-09
3.95841e-09
3.95841e-09
3.95841e-09
3.95841e-09
3.95841e-09
3.95841e-09
3.95841e-09
3.95841e-09
3.95841e-09
3.95841e-09
3.95841e-09
3.95841e-09
3.95841e-09
3.95841e-09
3.95841e-09
3.95841e-09
3.95841e-09
3.95841e-09
3.95841e-09
3.95841e-09
3.95841e-09
3.95841e-09
3.95841e-09
3.95841e-09
3.95841e-09
3.95841e-09
3.95841e-09
3.95841e-09
3.95841e-09
3.95841e-09
3.95841e-09
3.95841e-09
3.95841e-09
3.95841e-09
3.95841e-09
3.95841e-09
3.95841e-09
3.95841e-09
3.95841e-09
3.95841e-09
3.95841e-09
3.95841e-09
3.95841e-09
3.95841e-09
3.95841e-09
3.95841e-09
3.95841e-09
3.95841e-09
3.95841e-09
3.95841e-09
3.95841e-09
3.95841e-09
3.95841e-09
3.95841e-09
3.95841e-09
3.95841e-09
3.95841e-09
3.95841e-09
3.95841e-09
3.95841e-09
3.95841e-09
3.95841e-09
3.95841e-09
3.95841e-09
3.95841e-09
3.95841e-09
3.95841e-09
3.95841e-09
3.95841e-09
3.95841e-09
3.95841e-09
3.95841e-09
3.95841e-09
3.95841e-09
3.95841e-09
3.95841e-09
3.95841e-09
3.95841e-09
3.95841e-09
3.95841e-09
3.95841e-09
3.95841e-09
3.95841e-09
3.95841e-09
3.95841e-09
3.95841e-09
3.95841e-09
3.95841e-09
3.95841e-09
3.95841e-09
3.95841e-09
3.95841e-09
3.95841e-09
3.95841e-09
3.95841e-09
3.95841e-09
3.95841e-09
3.95841e-09
3.95841e-09
3.95841e-09
3.95841e-09
3.95841e-09
3.95841e-09
3.95841e-09
3.95841e-09
3.95841e-09
3.95841e-09
3.95841e-09
3.95841e-09
3.95841e-09
3.95841e-09
3.95841e-09
3.95841e-09
3.95841e-09
3.95841e-09
3.95841e-09
3.95841e-09
3.95841e-09
3.95841e-09
3.95841e-09
3.95841e-09
3.95841e-09
3.95841e-09
3.95841e-09
3.95841e-09
3.95841e-09
3.95841e-09
3.95841e-09
3.95841e-09
3.95841e-09
3.95841e-09
3.95841e-09
3.95841e-09
3.95841e-09
3.95841e-09
3.95841e-09
3.95841e-09
3.95841e-09
3.95841e-09
3.95841e-09
3.95841e-09
3.95841e-09
3.95841e-09
3.95841e-09
3.95841e-09
3.95841e-09
3.95841e-09
3.95841e-09
3.95841e-09
3.95841e-09
3.95841e-09
3.95841e-09
3.95841e-09
3.95841e-09
3.95841e-09
3.95841e-09
3.95841e-09
3.95841e-09
3.95841e-09
3.95841e-09
3.95841e-09
3.95841e-09
3.95841e-09
3.95841e-09
3.95841e-09
3.95841e-09
3.95841e-09
3.95841e-09
3.95841e-09
3.95841e-09
3.95841e-09
3.95841e-09
3.95841e-09
3.95841e-09
3.95841e-09
3.95841e-09
3.95841e-09
3.95841e-09
3.95841e-09
3.95841e-09
3.95841e-09
3.95841e-09
3.95841e-09
3.95841e-09
3.95841e-09
3.95841e-09
3.95841e-09
3.95841e-09
3.95841e-09
3.95841e-09
3.95841e-09
3.95841e-09
3.95841e-09
3.95841e-09
3.95841e-09
3.95841e-09
3.95841e-09
3.95841e-09
3.95841e-09
3.95841e-09
3.95841e-09
3.95841e-09
3.95841e-09
3.95841e-09
3.95841e-09
3.95841e-09
3.95841e-09
3.95841e-09
3.95841e-09
3.95841e-09
3.95841e-09
3.95841e-09
3.95841e-09
3.95841e-09
3.95841e-09
3.95841e-09
3.95841e-09
3.95841e-09
3.95841e-09
3.95841e-09
3.95841e-09
3.95841e-09
3.95841e-09
3.95841e-09
3.95841e-09
3.95841e-09
3.95841e-09
3.95841e-09
3.95841e-09
3.95841e-09
3.95841e-09
3.95841e-09
3.95841e-09
3.95841e-09
3.95841e-09
3.95841e-09
3.95841e-09
3.95841e-09
3.95841e-09
3.95841e-09
3.95841e-09
3.95841e-09
3.95841e-09
3.95841e-09
3.95841e-09
3.95841e-09
3.95841e-09
3.95841e-09
3.95841e-09
3.95841e-09
3.95841e-09
3.95841e-09
3.95841e-09
3.95841e-09
3.95841e-09
3.95841e-09
3.95841e-09
3.95841e-09
3.95841e-09
3.95841e-09
3.95841e-09
3.95841e-09
3.95841e-09
3.95841e-09
3.95841e-09
3.95841e-09
3.95841e-09
3.95841e-09
3.95841e-09
3.95841e-09
3.95841e-09
3.95841e-09
3.95841e-09
3.95841e-09
3.95841e-09
3.95841e-09
3.95841e-09
3.95841e-09
3.95841e-09
3.95841e-09
3.95841e-09
3.95841e-09
3.95841e-09
3.95841e-09
3.95841e-09
3.95841e-09
3.95841e-09
3.95841e-09
3.95841e-09
3.95841e-09
3.95841e-09
3.95841e-09
3.95841e-09
3.95841e-09
3.95841e-09
3.95841e-09
3.95841e-09
3.95841e-09
3.95841e-09
3.95841e-09
3.95841e-09
3.95841e-09
3.95841e-09
3.95841e-09
3.95841e-09
3.95841e-09
3.95841e-09
3.95841e-09
3.95841e-09
3.95841e-09
3.95841e-09
3.95841e-09
3.95841e-09
3.95841e-09
3.95841e-09
3.95841e-09
3.95841e-09
3.95841e-09
3.95841e-09
3.95841e-09
3.95841e-09
3.95841e-09
3.95841e-09
3.95841e-09
3.95841e-09
3.95841e-09
3.95841e-09
3.95841e-09
3.95841e-09
3.95841e-09
3.95841e-09
3.95841e-09
3.95841e-09
3.95841e-09
3.95841e-09
3.95841e-09
3.95841e-09
3.95841e-09
3.95841e-09
3.95841e-09
3.95841e-09
3.95841e-09
3.95841e-09
3.95841e-09
3.95841e-09
3.95841e-09
3.95841e-09
3.95841e-09
3.95841e-09
3.95841e-09
3.95841e-09
3.95841e-09
3.95841e-09
3.95841e-09
3.95841e-09
3.95841e-09
3.95841e-09
3.95841e-09
3.95841e-09
3.95841e-09
3.95841e-09
3.95841e-09
3.95841e-09
3.95841e-09
3.95841e-09
3.95841e-09
3.95841e-09
3.95841e-09
3.95841e-09
3.95841e-09
3.95841e-09
3.95841e-09
3.95841e-09
3.95841e-09
3.95841e-09
3.95841e-09
3.95841e-09
3.95841e-09
3.95841e-09
3.95841e-09
3.95841e-09
3.95841e-09
3.95841e-09
3.95841e-09
3.95841e-09
3.95841e-09
3.95841e-09
3.95841e-09
3.95841e-09
3.95841e-09
3.95841e-09
3.95841e-09
3.95841e-09
3.95841e-09
3.95841e-09
3.95841e-09
3.95841e-09
3.95841e-09
3.95841e-09
3.95841e-09
3.95841e-09
3.95841e-09
3.95841e-09
3.95841e-09
3.95841e-09
3.95841e-09
3.95841e-09
3.95841e-09
3.95841e-09
3.95841e-09
3.95841e-09
3.95841e-09
3.95841e-09
3.95841e-09
3.95841e-09
3.95841e-09
3.95841e-09
3.95841e-09
3.95841e-09
3.95841e-09
3.95841e-09
3.95841e-09
3.95841e-09
3.95841e-09
3.95841e-09
3.95841e-09
3.95841e-09
3.95841e-09
3.95841e-09
3.95841e-09
3.95841e-09
3.95841e-09
3.95841e-09
3.95841e-09
3.95841e-09
3.95841e-09
3.95841e-09
3.95841e-09
3.95841e-09
3.95841e-09
3.95841e-09
3.95841e-09
3.95841e-09
3.95841e-09
3.95841e-09
3.95841e-09
3.95841e-09
3.95841e-09
3.95841e-09
3.95841e-09
3.95841e-09
3.95841e-09
3.95841e-09
3.95841e-09
3.95841e-09
3.95841e-09
3.95841e-09
3.95841e-09
3.95841e-09
3.95841e-09
3.95841e-09
3.95841e-09
3.95841e-09
3.95841e-09
3.95841e-09
3.95841e-09
3.95841e-09
3.95841e-09
3.95841e-09
3.95841e-09
3.95841e-09
3.95841e-09
3.95841e-09
3.95841e-09
3.95841e-09
3.95841e-09
3.95841e-09
3.95841e-09
3.95841e-09
3.95841e-09
3.95841e-09
3.95841e-09
3.95841e-09
3.95841e-09
3.95841e-09
3.95841e-09
3.95841e-09
3.95841e-09
3.95841e-09
3.95841e-09
3.95841e-09
3.95841e-09
3.95841e-09
3.95841e-09
3.95841e-09
3.95841e-09
3.95841e-09
3.95841e-09
3.95841e-09
3.95841e-09
3.95841e-09
3.95841e-09
3.95841e-09
3.95841e-09
3.95841e-09
3.95841e-09
3.95841e-09
3.95841e-09
3.95841e-09
3.95841e-09
3.95841e-09
3.95841e-09
3.95841e-09
3.95841e-09
3.95841e-09
3.95841e-09
3.95841e-09
3.95841e-09
3.95841e-09
3.95841e-09
3.95841e-09
3.95841e-09
3.95841e-09
3.95841e-09
3.95841e-09
3.95841e-09
3.95841e-09
3.95841e-09
3.95841e-09
3.95841e-09
3.95841e-09
3.95841e-09
3.95841e-09
3.95841e-09
3.95841e-09
3.95841e-09
3.95841e-09
3.95841e-09
3.95841e-09
3.95841e-09
3.95841e-09
3.95841e-09
3.95841e-09
3.95841e-09
3.95841e-09
3.95841e-09
3.95841e-09
3.95841e-09
3.95841e-09
3.95841e-09
3.95841e-09
3.95841e-09
3.95841e-09
3.95841e-09
3.95841e-09
3.95841e-09
3.95841e-09
3.95841e-09
3.95841e-09
3.95841e-09
3.95841e-09
3.95841e-09
3.95841e-09
3.95841e-09
3.95841e-09
3.95841e-09
3.95841e-09
3.95841e-09
3.95841e-09
3.95841e-09
3.95841e-09
3.95841e-09
3.95841e-09
3.95841e-09
3.95841e-09
3.95841e-09
3.95841e-09
3.95841e-09
3.95841e-09
3.95841e-09
3.95841e-09
3.95841e-09
3.95841e-09
3.95841e-09
3.95841e-09
3.95841e-09
3.95841e-09
3.95841e-09
3.95841e-09
3.95841e-09
3.95841e-09
3.95841e-09
3.95841e-09
3.95841e-09
3.95841e-09
3.95841e-09
3.95841e-09
3.95841e-09
3.95841e-09
3.95841e-09
3.95841e-09
3.95841e-09
3.95841e-09
3.95841e-09
3.95841e-09
3.95841e-09
3.95841e-09
3.95841e-09
3.95841e-09
3.95841e-09
3.95841e-09
3.95841e-09
3.95841e-09
3.95841e-09
3.95841e-09
3.95841e-09
3.95841e-09
3.95841e-09
3.95841e-09
3.95841e-09
3.95841e-09
3.95841e-09
3.95841e-09
3.95841e-09
3.95841e-09
3.95841e-09
3.95841e-09
3.95841e-09
3.95841e-09
3.95841e-09
3.95841e-09
3.95841e-09
3.95841e-09
3.95841e-09
3.95841e-09
3.95841e-09
3.95841e-09
3.95841e-09
3.95841e-09
3.95841e-09
3.95841e-09
3.95841e-09
3.95841e-09
3.95841e-09
3.95841e-09
3.95841e-09
3.95841e-09
3.95841e-09
3.95841e-09
3.95841e-09
3.95841e-09
3.95841e-09
3.95841e-09
3.95841e-09
3.95841e-09
3.95841e-09
3.95841e-09
3.95841e-09
3.95841e-09
3.95841e-09
3.95841e-09
3.95841e-09
3.95841e-09
3.95841e-09
3.95841e-09
3.95841e-09
3.95841e-09
3.95841e-09
3.95841e-09
3.95841e-09
3.95841e-09
3.95841e-09
3.95841e-09
3.95841e-09
3.95841e-09
3.95841e-09
3.95841e-09
3.95841e-09
3.95841e-09
3.95841e-09
3.95841e-09
3.95841e-09
3.95841e-09
3.95841e-09
3.95841e-09
3.95841e-09
3.95841e-09
3.95841e-09
3.95841e-09
3.95841e-09
3.95841e-09
3.95841e-09
3.95841e-09
3.95841e-09
3.95841e-09
3.95841e-09
3.95841e-09
3.95841e-09
3.95841e-09
3.95841e-09
3.95841e-09
3.95841e-09
3.95841e-09
3.95841e-09
3.95841e-09
3.95841e-09
3.95841e-09
3.95841e-09
3.95841e-09
3.95841e-09
3.95841e-09
3.95841e-09
3.95841e-09
3.95841e-09
3.95841e-09
3.95841e-09
3.95841e-09
3.95841e-09
3.95841e-09
3.95841e-09
3.95841e-09
3.95841e-09
3.95841e-09
3.95841e-09
3.95841e-09
3.95841e-09
3.95841e-09
3.95841e-09
3.95841e-09
3.95841e-09
3.95841e-09
3.95841e-09
3.95841e-09
3.95841e-09
3.95841e-09
3.95841e-09
3.95841e-09
3.95841e-09
3.95841e-09
3.95841e-09
3.95841e-09
3.95841e-09
3.95841e-09
3.95841e-09
3.95841e-09
3.95841e-09
3.95841e-09
3.95841e-09
3.95841e-09
3.95841e-09
3.95841e-09
3.95841e-09
3.95841e-09
3.95841e-09
3.95841e-09
3.95841e-09
3.95841e-09
3.95841e-09
3.95841e-09
3.95841e-09
3.95841e-09
3.95841e-09
3.95841e-09
3.95841e-09
3.95841e-09
3.95841e-09
3.95841e-09
3.95841e-09
3.95841e-09
3.95841e-09
3.95841e-09
3.95841e-09
3.95841e-09
3.95841e-09
3.95841e-09
3.95841e-09
3.95841e-09
3.95841e-09
3.95841e-09
3.95841e-09
3.95841e-09
3.95841e-09
3.95841e-09
3.95841e-09
3.95841e-09
3.95841e-09
3.95841e-09
3.95841e-09
3.95841e-09
3.95841e-09
3.95841e-09
3.95841e-09
3.95841e-09
3.95841e-09
3.95841e-09
3.95841e-09
3.95841e-09
3.95841e-09
3.95841e-09
3.95841e-09
3.95841e-09
3.95841e-09
3.95841e-09
3.95841e-09
3.95841e-09
3.95841e-09
3.95841e-09
3.95841e-09
3.95841e-09
3.95841e-09
3.95841e-09
3.95841e-09
3.95841e-09
3.95841e-09
3.95841e-09
3.95841e-09
3.95841e-09
3.95841e-09
3.95841e-09
3.95841e-09
3.95841e-09
3.95841e-09
3.95841e-09
3.95841e-09
3.95841e-09
3.95841e-09
3.95841e-09
3.95841e-09
3.95841e-09
3.95841e-09
3.95841e-09
3.95841e-09
3.95841e-09
3.95841e-09
3.95841e-09
3.95841e-09
3.95841e-09
3.95841e-09
3.95841e-09
3.95841e-09
3.95841e-09
3.95841e-09
3.95841e-09
3.95841e-09
3.95841e-09
3.95841e-09
3.95841e-09
3.95841e-09

VECTORS velocity float
0.00440044 -0.00026439 8.05966e-05
0.00403925 -0.000850894 0.000861274
0.00461861 5.11577e-06 0.000114084
0.00422774 -0.000561952 0.000447843
0.00444256 -0.000150376 -0.000135583
0.00436188 -0.00020793 0.000393994
0.00440268 -0.000469232 0.000533044
0.00469249 1.45653e-05 0.000186701
0.00434542 -0.000190524 0.000409014
0.00479173 -0.000102229 -0.000126258
0.00465941 -7.61752e-05 -0.000127043
0.00455712 -9.30076e-05 -0.000180097
0.00462623 -0.000305184 0.00037198
0.00459649 -0.000304674 0.000111347
0.00435464 -6.0202e-05 -0.000205135
0.00481703 -0.000183154 0.000306624
0.00441899 -0.00119854 0.00117266
0.00437831 -0.000402294 0.000484954
0.00475978 -0.000114509 -0.000164291
0.00450434 -4.01998e-05 -0.000133589
0.00462387 -0.000537928 0.000388839
0.00441596 -4.7088e-06 0.000135314
0.00453789 0.000235495 0.000146425
0.00463843 0.000127529 0.000217146
0.0045872 -0.000172724 -8.60765e-05
0.00435391 1.87762e-05 -8.93098e-05
0.00451305 -0.000450838 0.000542823
0.00423295 -0.000570198 0.000739086
0.00452834 -0.000470803 0.000547216
0.0042992 3.47125e-05 0.000186331
0.00439502 -4.85822e-05 0.000301054
0.00436628 -0.000366145 0.000265808
0.00432457 -0.000312566 0.000371515
0.00421173 -0.000664054 0.000254296
0.00470211 2.66379e-05 0.000278504
0.00434396 -3.61244e-06 -0.000139992
0.00486352 -0.000380476 -0.000220665
0.00391014 7.77718e-06 -0.000248719
0.00444857 -0.000455308 0.000139709
0.00450078 -0.000472928 0.000558519
0.00442172 -0.00036405 0.000456445
0.00461128 -0.000131295 0.000323654
0.00455716 -0.000189055 6.51642e-05
0.00434649 0.000184199 0.000106314
0.00437018 0.000106373 0.000212695
0.00400209 -0.000806381 0.00104705
0.00442267 -0.00010106 0.000336615
0.00479683 -0.000112633 -0.000146138
0.00438579 -0.000277602 9.14886e-05
0.00449105 -0.000257309 -3.37004e-05
0.00450071 -0.000455864 0.000521295
0.00452017 -0.000456636 0.000526783
0.00421793 -0.00052644 0.000196263
0.00483238 -0.000108044 -0.0001277
0.00445706 -0.000325071 0.000418785
0.0046741 -5.50449e-05 -0.000460234
0.00456603 -0.00124404 0.0012086
0.00445533 -0.000575286 0.000536179
0.00396665 -0.000523677 -0.000640592
0.00449991 -0.00046895 0.000539212
0.00468916 7.83602e-05 0.000121166
0.00433311 -0.000200911 0.000195801
0.00449361 -0.000470933 0.000538574
0.00442157 -0.00123351 0.00114656
0.00464836 -0.000332278 0.000180262
0.00435007 -8.32013e-05 0.000318742
0.00150832 -0.000410272 -0.000282525
0.00434883 -0.00119307 0.00115092
0.0044753 -0.000562007 0.00089272
0.00436178 -0.00078304 8.70628e-05
0.00450522 -0.000398584 0.000482749
0.0042096 -0.000574658 0.000258512
0.0042513 1.36206e-05 -0.000142181
0.00436192 -0.000712314 0.000182279
0.0046638 -0.000188572 -6.66585e-05
0.00436975 -0.00118357 0.00115648
0.00437503 -0.00126517 0.0011579
0.00443835 -1.58035e-05 0.000285171
0.00459537 -0.000465741 0.00053415
0.00454554 -3.17297e-05 -0.00029753
0.00459752 -0.000719671 0.000221169
0.00442322 -0.00120598 0.00117174
0.00437572 -0.000313359 0.000486877
0.00447919 -0.000107797 0.000345358
0.00468371 -2.22876e-05 0.000118506
0.00477376 -0.000365147 0.000223478
0.00455466 -0.000476548 0.000448564
0.00468061 -0.000266972 0.000342246
0.00410372 -0.000577613 0.0010709
0.00438327 -0.000209042 0.000408169
0.00401749 -6.42763e-06 -0.000246292
0.00466906 -0.000106375 -0.000172008
0.00414541 -0.000279972 0.000293965
0.00422565 -0.000641243 0.000288127
0.00491788 -0.00012089 0.000276971
0.00428178 7.63191e-06 -0.000135671
0.00419006 -0.000528013 0.000306375
0.00458105 -0.00136174 -0.000862686
0.0048187 -0.000259582 0.000351756
0.00445037 -4.15991e-05 7.48915e-05
0.00478723 -0.000188175 0.00032132
0.0045824 -0.000119984 -0.00123193
0.00420745 -0.000769107 0.000493348
0.00445414 -0.00011983 0.000215895
0.00450979 -0.0012244 0.00119402
0.00432366 -0.000381097 7.68855e-05
0.00459464 8.50537e-05 0.000239259
0.00447481 -0.000274235 -7.50641e-05
0.00452835 -0.000459545 0.0005368
0.00479461 -0.000141966 0.000177601
0.0045634 -0.000892005 0.00033087
0.00428635 -0.00025885 0.000271036
0.00440275 -0.000343399 0.000479584
0.00466837 3.45769e-05 -0.000645278
0.00420387 -0.000714902 0.00024427
0.00436956 -0.000315068 0.000438007
0.00438847 -0.000312708 0.000377873
0.00428081 -0.000396865 0.000279398
0.00441395 -0.000332431 4.68566e-05
0.00438225 -0.000438905 0.000508454
0.00433098 -0.00120483 0.00114641
0.00450438 -0.000472484 0.00053426
0.00467962 -8.88551e-05 -0.000264586
0.00458136 -4.97942e-05 0.000152826
0.0044982 -0.000455424 0.000534864
0.00472848 -9.82996e-05 -0.000160339
0.00438189 -0.000444124 0.000129281
0.0043547 -0.000206543 0.000396944
0.00412874 -0.00081735 9.24262e-05
0.00477015 -6.66524e-05 0.000183125
0.00418148 -6.77421e-05 0.000232183
0.00429993 -0.00124491 0.00113682
0.00478497 -0.000110252 8.33704e-05
0.00441494 -0.000450654 0.000123891
0.00458636 -0.000188632 -7.1667e-05
0.00467969 -0.000198025 0.000172167
0.00446733 -0.000461182 0.000531619
0.00471839 -0.000284384 -4.74993e-05
0.00454173 -2.82077e-05 0.000299397
0.00436907 -0.000323744 2.9987e-05
0.00419059 -3.708e-05 0.000186692
0.00437722 -0.000317871 0.000417282
0.00442001 -0.000169409 0.000375625
0.00478981 0.000258542 0.00021022
0.00473199 -0.000275577 0.000360085
0.00430322 2.3358e-05 0.000252355
0.00421497 -0.000612639 0.000288249
0.00462333 -0.00034215 0.000375661
0.00445931 -0.000450486 0.000523963
0.00431229 -0.000239448 0.000125451
0.00424361 -0.000742936 0.00137616
0.00458696 -0.000124073 0.000323051
0.00450162 -0.000480787 0.000542249
0.00456422 -0.000150437 4.63657e-05
0.00450497 4.60511e-05 0.000255073
0.00437433 1.05716e-05 0.000300712
0.00448931 -0.000348225 3.12485e-05
0.00480719 0.000178208 0.000204297
0.00464789 -0.000294161 0.00037497
0.00442481 -0.00014467 -0.000111631
0.00419381 -0.000701372 0.000243495
0.00419686 -0.000693415 0.000231219
0.00445018 -2.71292e-05 -0.000102473
0.00510148 -0.000234167 -0.000120941
0.0042958 -0.000761617 0.000248259
0.00474102 -0.000220552 -0.000136995
0.00477492 -0.00032399 0.000164033
0.00425195 -0.000411946 0.00024305
0.0044955 -6.74211e-05 0.000319148
0.00524073 0.000383059 0.000198457
0.00489455 0.00026344 0.000214883
0.00458737 -0.000401785 0.000484518
0.00437276 -0.000443842 0.000158937
0.00439018 7.14347e-06 4.64652e-05
0.00470289 -0.000218182 0.000369337
0.00469223 -0.000621723 0.000376256
0.00440499 -0.000305884 0.000141064
0.00441705 -0.00032716 0.000374264
0.00441855 0.00011516 0.000207519
0.00420847 0.000109958 -0.00016891
0.00440426 -0.0012225 0.00116886
0.00437906 1.73243e-05 9.22362e-05
0.00479957 -0.000393343 0.000279864
0.00473065 -0.000322522 0.000316406
0.00419921 0.000629795 -0.000730375
0.00468952 -0.000186743 0.000169203
0.00420658 3.96927e-05 0.000179411
0.00468024 -0.000299244 0.000386657
0.00482833 0.000150775 0.000203325
0.00481148 -0.000313363 0.00034417
0.00426171 -0.00128808 0.00113399
0.00471043 -0.000173935 0.000171399
0.00469119 -0.000269606 0.000363685
0.00435832 -0.000241742 0.000154932
0.00465647 -0.000291434 0.000360122
0.00415791 0.000123837 0.000139371
0.00467463 3.96845e-05 0.000270466
0.0043944 -0.00036471 0.000443536
0.00466726 -2.62125e-05 0.000209789
0.0049309 -4.00726e-05 -0.000227611
0.00437867 -0.000151061 0.000374865
0.00450488 -4.24315e-05 -9.09713e-05
0.00416167 -0.000604006 0.000762014
0.00418478 -0.000685203 0.000365013
0.00479705 -0.000185166 0.000175487
0.00465929 -0.000259301 -4.16433e-05
0.00496303 -0.000123333 0.000275586
0.00365264 -0.00410334 -0.00185896
0.00462571 0.000445844 -5.20744e-05
0.00446066 -0.000405474 0.000514266
0.00439779 -9.99381e-05 0.000376697
0.00446888 -0.000245831 0.000382425
0.00407175 0.000270444 6.47743e-05
0.00433548 0.000158192 2.86964e-05
0.00383427 -0.000644657 0.00127083
0.00450073 -0.000459832 0.000532185
0.00463875 -0.00019155 0.000171912
0.00474828 -0.000239594 -1.40013e-06
0.00465915 -3.27881e-05 0.000307247
0.00470432 -0.000347899 0.000202337
0.00502254 2.97943e-05 0.000191934
0.00482828 -0.000209822 0.000329297
0.00450555 -7.35563e-05 0.000180123
0.00441221 2.03335e-05 8.21363e-05
0.00446083 -6.89717e-05 9.55643e-05
0.00473576 9.55901e-06 5.84092e-05
0.00456486 -0.000279487 5.11789e-05
0.00499591 -0.0016436 -0.00264295
0.00433303 -0.000421396 0.000346629
0.00421763 -0.000221798 -1.3342e-05
0.00436118 -0.000144852 -0.000114032
0.00394014 0.000164579 0.000114039
0.00544251 0.00104415 -0.00329129
0.00471647 -1.49948e-05 -0.000220843
0.00477223 -0.000221374 0.000329893
0.0525306 0.0231699 -0.0671883
0.00484397 -0.000376931 0.000268825
0.00483939 -0.000218283 0.000324993
0.00444655 -0.000346381 0.000464966
0.00431989 -0.000220252 0.00024635
0.00455956 -0.000445458 0.000519043
0.00463301 -5.43194e-06 -2.14764e-05
0.00495452 -0.00025684 0.00023069
0.00447413 -0.000217404 0.000402038
0.00442198 -0.000521738 0.00057517
0.00480463 -0.000153106 0.000177735
0.00433529 -9.72727e-05 -5.68193e-05
0.00431566 -0.000286913 -4.36301e-06
0.00444181 -0.000130631 0.000172037
0.00475886 -0.000156627 -0.000110156
0.00470416 -0.000268697 0.000352888
0.00438397 -0.000148955 -8.23349e-05
0.00438987 -0.000224051 0.000425558
0.00472078 -0.000279411 0.000362002
0.00439899 -0.000168462 0.000375049
0.00426652 -0.000447441 0.000493963
0.00466178 0.000121103 0.000193845
0.00478068 -0.000261684 0.000380072
0.0044666 -0.000331442 0.000498538
0.00443053 -0.00118912 0.00117389
0.00397658 8.14091e-05 0.000201107
0.0051902 3.44454e-05 -0.000400675
0.00474587 0.000200765 0.000204405
0.0046699 -0.000133106 0.000244558
0.00461501 -4.82873e-05 0.000155837
0.00441292 -0.000152939 0.00036937
0.00446236 -0.000126066 0.000396958
0.00474263 -0.000245382 -6.33888e-05
0.00456706 -0.000146692 0.000361473
0.00452678 1.94125e-05 0.000178518
0.00438797 -4.70499e-05 -8.13562e-06
0.0046903 -5.62859e-05 0.000180643
0.00476607 -0.000297691 -1.17456e-05
0.00445113 -0.00016627 -1.65823e-05
0.00438891 0.000351471 -0.000296757
0.00480545 -0.000195812 -0.000170953
0.00446791 -0.000499837 0.000569121
0.00486036 0.00181038 -0.00141615
0.00430302 -9.34541e-05 0.000152979
0.00441542 -0.000111367 6.04356e-05
0.00434893 0.000104757 0.00015509
0.00441825 -1.63527e-05 -0.000234479
0.00483926 -0.000379466 0.000274684
0.00441132 9.96162e-05 0.0002127
0.0044404 -0.000268467 0.000343041
0.00439574 0.00019854 9.0227e-05
0.00479512 -0.000388562 0.00028038
0.00477109 8.12777e-05 0.000241391
0.00428912 3.8874e-05 0.000190892
0.00434682 -0.000198109 4.71291e-05
0.00447712 6.80483e-05 0.000184532
0.00487094 -0.000185702 0.000319218
0.00437967 -0.000193685 0.000389316
0.00481059 -0.000182067 0.000175476
0.00472552 -0.00071154 0.000576676
0.00439076 -0.000141392 0.000379158
0.00475913 -0.000316039 8.43877e-05
0.00434242 -0.0013095 0.0011538
0.00429998 -0.000197491 0.000402689
0.00432812 -0.000272895 0.000314311
0.00393084 -0.000255643 0.000264985
0.0037894 -0.000244511 0.000239417
0.00421735 9.33149e-07 0.000182428
0.00387763 -0.000235088 -0.000325873
0.00380497 -0.000298366 -0.000890264
0.00419925 1.59801e-05 0.000192322
0.0046544 0.000571094 -0.00198914
0.00430955 -0.000394621 -7.01576e-05
0.00413756 -4.36766e-05 -7.94025e-05
0.00441971 -9.05624e-05 -0.000144385
0.00442514 -0.000159739 0.000341632
0.00464559 -0.000306413 0.000375264
0.00459471 -0.000286215 0.000159742
0.00435656 -4.81903e-05 6.12152e-05
0.00464062 -0.000302209 -0.000241164
0.00463595 -4.42428e-05 -0.000198471
0.00451598 -0.000211039 0.000170956
0.0047186 -0.000357776 0.000259706
0.00426277 -0.000174201 7.63315e-05
0.00474911 -0.000280149 -4.25261e-06
0.004905 -8.72307e-05 0.000257086
0.00465123 -0.000300351 0.000375024
0.00477706 -0.000334267 0.00031911
0.00446252 -0.000488471 0.000136491
0.00427429 -8.88816e-05 -7.87762e-05
0.00470688 -0.000322841 -1.5388e-05
0.00428235 -0.000293595 -1.75981e-06
0.00441606 -0.000304971 8.3666e-06
0.0045812 -0.000452571 0.000509506
0.00452204 -7.11374e-05 7.22033e-05
0.00438885 -0.000244858 0.000432929
0.00461225 -9.08393e-05 0.000187218
0.00419003 -0.00071438 0.000239522
0.00472893 -0.000231211 0.00011824
0.00436507 8.78402e-05 0.000219775
0.00437941 3.53938e-05 5.39322e-05
0.00456601 -0.000254221 -9.03782e-05
0.00476249 -0.000153622 -0.000168874
0.00464953 8.61996e-05 7.91394e-05
0.00469126 -0.000197182 -6.28689e-05
0.00435343 -0.00018032 0.000374119
0.00442945 -0.000146291 0.000368263
0.00444602 9.80713e-06 0.000137725
0.00429372 -0.000172376 0.000287793
0.00480581 0.000122642 5.85971e-05
0.00441221 -0.000177285 0.000375889
0.00453669 -1.40195e-05 0.0002942
0.00443346 -0.000262846 0.000334843
0.00436028 0.000116025 0.000143513
0.00486787 -0.000360873 0.000237664
0.00459565 -2.33016e-06 0.000290124
0.00445213 -0.000100264 -3.58921e-05
0.00451813 -0.000136488 -6.79804e-05
0.00466524 -1.34284e-05 0.000233224
0.00444243 -0.000152557 0.000366021
0.00435846 -1.93231e-05 -8.95305e-05
0.00471946 -0.000252934 0.000102347
0.00452094 -5.14333e-05 0.000230847
0.00466234 -0.000234318 1.18909e-05
0.00463871 -2.13146e-05 0.000116537
0.00464593 -0.000109315 0.000253069
0.00431555 -1.93897e-06 -7.02557e-05
0.00456682 -0.000257251 0.0001566
0.00426076 7.99503e-05 0.000170807
0.00458388 5.67002e-05 -0.000107437
0.00434607 -5.42696e-05 0.000154575
0.00470949 -2.54073e-05 0.000260238
0.00435437 -2.23827e-05 -0.000221639
0.00458259 -0.000197364 -8.26179e-05
0.00391832 -9.59055e-05 9.95081e-05
0.00438016 -8.85869e-05 -0.000153379
0.00461571 -0.000206887 -8.97673e-05
0.00484715 -5.84883e-05 -0.000219305
0.00418488 -4.53013e-06 0.000167261
0.00433851 -0.000126949 3.85972e-05
0.00437688 -0.000125977 -1.89252e-05
0.00472232 -0.000222634 1.81951e-05
0.00478982 -0.000380031 0.000243601
0.00379077 -0.000254119 -0.000502288
0.0046194 -6.15147e-05 0.000229176
0.00457095 -0.000117968 0.000302524
0.00463018 -0.000303896 0.000384004
0.00427044 -0.000118608 0.000259454
0.00462554 -0.00013014 0.000234131
0.00470323 -6.46598e-05 0.000174511
0.00439008 1.72893e-05 9.11345e-05
0.00450946 -0.000155653 0.000255313
0.00489564 -0.000194987 0.000300715
0.00459116 -9.35152e-05 0.00018824
0.00465586 -0.000302755 0.000379391
0.00479148 -0.000241081 0.000339363
0.00438239 0.00081967 -0.00549795
0.00452769 -0.000121853 0.000104145
0.00496943 5.52942e-05 -5.65443e-05
0.00464568 -1.83292e-05 0.00021423
0.00434967 0.000134417 7.58989e-05
0.00459479 7.85645e-06 -9.56452e-05
0.00439798 -7.55572e-05 -6.63969e-05
0.00469802 -9.23467e-05 0.000252569
0.00454045 -0.000266697 0.000319343
0.00453079 -0.000217243 0.000218198
0.0046036 -0.000114376 0.000192708
0.00420919 -0.000244012 7.69197e-05
0.00458478 -0.000318006 0.0001517
0.00473344 -0.000327306 0.000172438
0.00423838 -6.53191e-05 0.000228708
0.00459186 -0.000171863 -9.4412e-05
0.0048095 -0.00011396 -0.000130177
0.00383795 5.8102e-05 0.000149444
0.00510933 0.000131032 -0.000266153
0.00468907 -0.000186347 0.000169566
0.00478298 -0.000161936 -0.000187288
0.00482685 -0.000371774 0.000261832
0.00457496 7.63714e-05 0.000159246
0.00556766 0.000233768 -0.000845684
0.00575978 -0.000614416 9.29635e-05
0.00443692 -0.000197974 0.000165457
0.00447948 -0.000279934 6.97979e-05
0.004509 0.000273102 0.000104887
0.00432815 0.000169111 0.000124226
0.00429521 -0.000133615 0.000268472
0.00415122 -0.000184619 3.52902e-05
0.00426926 1.68057e-06 0.000248591
0.00444174 -0.000199753 0.000173627
0.00464229 -0.000203579 0.000167805
0.00445624 -8.1494e-05 0.000170603
0.00436641 -1.26301e-05 1.59306e-05
0.00453717 -5.62458e-05 0.000237845
0.00438034 -5.09381e-05 9.58627e-05
0.00469555 -0.000237107 -6.09709e-05
0.00439688 0.000102721 0.00012267
0.00467776 0.000133205 3.63569e-06
0.00456187 -0.000211193 -3.56503e-05
0.00487057 -7.14192e-05 -0.0001251
0.004567 -6.70177e-05 0.000166591
0.00464255 -1.53593e-05 0.000219477
0.00447477 1.10657e-05 0.000150578
0.00462194 0.000101317 0.000126047
0.00476848 -3.94607e-05 -0.000227397
0.00449478 -0.000165927 -9.4517e-06
0.00442578 -7.46212e-05 0.000247401
0.00429511 -0.000272428 -6.87345e-05
0.00440754 2.39991e-05 0.000149044
0.00438401 -0.000202663 0.000408752
0.00441368 1.9045e-06 0.000205434
0.00440626 -0.00019388 0.000397505
0.00437087 -0.000176881 -0.000100386
0.00452776 0.00014519 0.000114968
0.0046006 0.000179072 8.55933e-05
0.00464112 -8.96031e-05 0.000179873
0.00446741 3.40886e-05 0.000104229
0.00450349 6.13271e-06 -0.000255279
0.00457763 0.000194837 -9.15147e-05
0.00461564 2.42895e-06 9.99838e-05
0.0045208 -9.20454e-05 -0.000145948
0.00465765 -0.000125371 0.000170325
0.00443598 -0.000185551 0.000179718
0.00471059 0.000146298 0.000106376
0.00483423 0.000104502 0.000138685
0.00485448 -0.00157864 -0.00265674
0.00441975 -3.12308e-05 -3.06968e-06
0.00446609 -0.000299532 0.000119041
0.00477332 -0.000303808 8.0395e-05
0.00449888 -0.000412497 0.000140603
0.00433437 1.06421e-05 0.000114051
0.00455848 -0.000114894 5.38636e-05
0.00437778 0.000127983 0.000145168
0.00430752 -6.94776e-06 -3.14051e-05
0.00339577 0.00216922 -0.00247018
0.00426352 -0.000180488 0.000285508
0.00371167 6.24052e-05 -0.000105288
0.00428183 -0.00034766 -5.91981e-05
0.00467975 -8.24058e-06 0.000118569
0.00470736 -3.38942e-05 0.000148694
0.00481587 -0.000147841 -0.000132533
0.00457238 0.000178433 9.51545e-05
0.00466818 -4.29189e-06 0.000245937
0.00444026 -0.000244364 0.000143707
0.00455468 0.000190374 0.000127091
0.00426035 -0.000188725 -0.000107667
0.00455583 -0.000119078 3.66021e-05
0.00466325 0.000178439 0.000106263
0.0048297 -0.000155683 0.000263458
0.00435641 -8.85888e-05 -0.000163011
0.00424216 -0.000121692 0.0002654
0.00447317 -0.000205826 0.000286701
0.00467285 -0.000197205 1.36619e-05
0.0043471 -5.84783e-06 -0.000216373
0.0042692 0.000110751 0.000208449
0.00443649 -0.000300978 -4.63167e-07
0.00452418 -6.43282e-05 -9.02633e-05
0.00425258 -0.000381202 6.9251e-06
0.0045463 7.13534e-05 0.000147632
0.00475821 8.70851e-05 0.000146125
0.00464236 -0.000201595 -1.01811e-06
0.00414449 -0.000110469 0.000239986
0.00438418 0.000123514 0.000145826
0.00465943 0.000147916 0.00010426
0.00444484 9.57946e-06 2.40326e-05
0.00451931 -6.51996e-05 0.000223597
0.00465738 -2.01904e-05 0.000128412
0.00484616 1.3406e-05 -0.000282758
0.00568032 -0.0010952 0.000903387
0.00446897 -0.000188872 -8.45819e-05
0.00449997 -0.00013591 0.000193896
0.00411831 -0.000573323 -0.000376224
0.00424627 -0.000271721 3.24086e-05
0.00460507 -6.34839e-05 0.000175015
0.0047557 0.000113205 0.000224577
0.00461607 -0.000121687 0.000112606
0.00428368 -0.000349182 -1.13614e-05
0.00460964 -0.000143867 2.92549e-05
0.00439651 -5.44701e-05 1.66074e-07
0.00455678 -5.7027e-05 0.000234351
0.00439235 5.33351e-05 9.79013e-05
0.00428493 0.000109631 0.000104783
0.00456789 -0.000255175 0.000136833
0.00467348 5.86169e-05 -3.26166e-06
0.00468945 1.40702e-06 0.000120524
0.00443822 -0.000140078 0.000192814
0.00449705 -7.7961e-05 -0.000128511
0.00468941 -0.000397238 8.91709e-06
0.0043724 -0.000195809 -8.7438e-05
0.00460609 1.62423e-05 -6.22074e-05
0.00454976 -5.29655e-05 0.000166746
0.00476583 0.000255077 0.00011124
0.00502467 2.46224e-05 0.000190904
0.00521144 0.000430417 -0.000252057
0.00444796 -0.000193582 0.000152792
0.00553863 0.000109816 -0.000616279
0.0043145 -0.000256375 -1.45564e-05
0.00475335 -0.000117362 -0.000142341
0.0047405 -1.4173e-05 0.000212086
0.00476146 0.000123394 0.000126472
0.00373731 0.00121455 -0.00361458
0.00475067 -0.000140452 -0.00028183
0.00449899 -0.000184461 1.06939e-06
0.00473661 -0.000331548 2.45059e-05
0.00468088 -0.000264846 -0.000118975
0.005389 0.000100023 -0.000506309
0.00456297 -0.000178471 0.00017052
0.00477248 0.000151346 0.000109064
0.00452306 0.000109226 0.000134848
0.00444785 -0.000173683 0.000162167
0.0043251 -0.000169146 -1.1995e-05
0.00433331 9.20716e-05 0.000165138
0.00469179 4.27923e-05 0.000187745
0.00399373 -0.000138205 -4.80376e-05
0.00465339 3.85488e-05 0.000180379
0.00441876 -2.99775e-06 -2.61195e-06
0.00550092 1.97436e-06 0.000512737
0.004406 -5.57313e-05 6.50861e-05
0.00439982 0.00105184 -0.000639017
0.00465957 -0.000111475 0.000275336
0.00468946 1.40308e-06 0.000114265
0.00471939 -7.53526e-05 -0.000252084
0.00433559 0.000197919 0.00017487
0.00460898 -0.000246708 -6.47658e-05
0.00461746 2.40595e-06 -9.08402e-06
0.00451046 9.36629e-05 0.000133514
0.00477387 -0.000241691 -0.000231561
0.00466584 4.36788e-05 3.58623e-05
0.00432092 -2.75485e-05 6.06747e-05
0.00518105 -0.00127981 -0.00290774
0.00433802 8.0319e-05 0.000161598
0.00434585 9.38468e-05 0.000162851
0.00488403 3.96946e-05 0.000173334
0.00424774 -0.000165546 -4.1425e-05
0.00465933 -4.86361e-06 0.000118719
0.00444872 -8.04196e-05 -0.000173103
0.0047741 -8.95976e-05 -0.000146
0.00444895 -0.000190095 -1.98402e-05
0.00434202 2.9289e-05 0.000238573
0.0041797 -0.000113242 -5.53748e-05
0.0045382 -0.000174963 6.8223e-05
0.00452753 -6.9461e-06 0.000103762
0.00461878 -0.00027377 -0.000261559
0.00448445 -0.000174431 5.65463e-05
0.0044272 -0.000177247 0.000132462
0.00432391 0.000174037 0.000294826
0.00461277 1.40393e-05 0.000286402
0.00475195 -5.98284e-05 0.000124746
0.00443974 -0.000283902 0.000217386
0.00441059 0.000179988 0.000140136
0.00466099 -0.000194073 -3.16132e-05
0.00456518 -5.32475e-05 -0.000189012
0.00447766 -0.000181531 5.10314e-05
0.00480229 -0.000158534 1.28539e-05
0.00452771 -0.00021775 0.000139031
0.00359813 -0.000914652 0.000753978
0.00468822 -2.51161e-05 0.000251235
0.00497189 0.000462578 -0.000625644
0.00463255 -0.000190364 9.34006e-05
0.00465152 -3.99285e-05 -4.79079e-05
0.00468964 -2.48143e-05 0.000222815
0.00470019 3.72526e-06 0.000220488
0.00471606 -8.85143e-05 6.74303e-05
0.0045817 3.68481e-05 0.00029608
0.00438774 4.0969e-05 8.49752e-05
0.00423522 4.78908e-05 -6.59041e-06
0.00488024 8.75009e-05 0.000114242
0.0046839 3.51607e-05 0.000176201
0.00436783 -5.82853e-05 -0.000175066
0.00457269 0.000156733 -9.54474e-05
0.00444207 -0.000113224 6.2283e-05
0.00449793 -0.000166167 9.69682e-05
0.00444692 -0.000200332 -5.32316e-05
0.00460662 -0.000188506 0.000314567
0.00476093 0.00100003 8.05725e-05
0.00470552 -0.000132674 2.66765e-05
0.00440208 -4.349e-05 -9.36082e-05
0.00473693 1.43884e-05 0.000192898
0.00431271 -9.86967e-05 0.000131963
0.00463362 -0.000173922 -3.96208e-05
0.0044275 3.33256e-05 0.000207067
0.00446708 9.96525e-06 3.07713e-05
0.00449506 -4.13485e-05 -0.000192507
0.00454749 2.05105e-05 -3.64392e-05
0.00446088 8.91981e-05 -1.05617e-05
0.00464075 -5.00474e-05 0.000234385
0.00468669 0.000100403 0.000138369
0.00465015 -0.00019956 4.88085e-05
0.00467697 -0.000276947 -1.63915e-05
0.0096103 0.000936104 -0.00134453
0.00441369 6.02085e-05 0.000123447
0.00429415 -0.000470896 -0.00033779
0.00477126 -5.36599e-05 -4.19552e-05
0.00434226 0.000100729 0.000154488
0.0045884 -0.000143171 -4.48904e-05
0.00487413 -0.000442445 0.000435835
0.00463163 -1.43706e-05 -5.05773e-05
0.00440617 0.00303174 -0.0014186
0.00452662 -0.000118951 0.000170976
0.00451394 -0.000109299 -0.000238304
0.00427292 -0.000171537 -0.000220868
0.00420521 -0.000153285 -7.26125e-05
0.00455844 5.07075e-05 0.000207335
0.00455968 -0.00010163 0.000195974
0.00592359 -0.000747602 0.000481193
0.00430674 -0.000359668 -7.45356e-05
0.00472855 -0.000187261 0.000306891
0.00466087 -2.75175e-05 0.000120673
0.00467165 -9.06401e-05 0.000265344
0.00461541 -1.72027e-05 0.000228976
0.00461259 -6.9054e-05 0.000139826
0.00455833 -7.19343e-05 -8.58676e-05
0.00427202 -0.00018447 -6.2103e-05
0.00417425 -1.64832e-05 0.000198452
0.00444362 -8.20413e-05 0.000215379
0.00470303 -0.00108229 0.000213492
0.00463196 -2.15809e-05 0.00011423
0.0048461 0.000148908 0.000148516
0.00467692 -9.80373e-06 0.000116336
0.00488359 -0.000103599 -0.000190725
0.00426132 0.00012295 7.30187e-05
0.00473195 -8.02441e-05 0.000146982
0.00452081 5.1556e-06 0.000277237
0.00485023 -0.000186107 -0.000261282
0.00464334 -0.000273992 -1.58134e-05
0.00467459 2.35824e-05 0.000119468
0.0046901 0.000211633 3.13863e-06
0.00449835 3.27748e-05 0.000177485
0.00440934 -0.000233041 -0.000251262
0.00463808 -3.647e-05 0.000222833
0.0044382 -4.77813e-05 -7.12487e-05
0.00430874 4.09578e-05 0.000134669
0.00439358 9.06711e-06 8.31984e-05
0.00455131 -1.58714e-05 0.000194014
0.00470962 -7.27217e-05 3.3311e-06
0.00438814 0.000170146 5.87902e-05
0.00466606 -0.00028102 -0.000214751
0.00454604 -1.38417e-05 0.00020624
0.00463353 -0.000193408 -8.74093e-05
0.00435696 -9.29196e-05 -0.000112556
0.00427991 -0.000230567 -7.28363e-05
0.00440888 -2.87964e-05 5.55255e-05
0.00453786 -6.16685e-05 0.000275374
0.00464174 5.82403e-05 0.000166178
0.00462607 -0.000361031 -1.47449e-05
0.00421638 -9.55764e-05 -5.062e-05
0.00463537 -3.76853e-05 0.000236759
0.00464987 -1.38434e-05 -0.000179688
0.0043076 -0.000299264 -3.73868e-05
0.00469902 -0.000302342 -3.91712e-05
0.00486454 0.000286389 -2.74719e-05
0.00464018 -0.000227247 2.83132e-05
0.0046816 -0.000192905 -4.48031e-05
0.00461907 -7.80097e-05 0.000284994
0.00463829 -0.000225697 8.01141e-06
0.00467669 -5.40226e-05 0.000224692
0.00448436 -6.51201e-06 0.000182957
0.00469596 -0.00021547 -0.000115986
0.00448234 2.49162e-05 0.000165433
0.00430993 -0.000197207 -0.000220627
0.00475807 -0.000174454 -0.000162386
0.00442982 -5.01797e-05 0.000101061
0.00456054 -3.98832e-05 0.000108629
0.0047422 0.000103208 0.000140969
0.00455693 -6.4163e-05 -0.000180021
0.0047048 -0.000264336 -4.08081e-05
0.00467195 -0.00027895 -3.45629e-05
0.00475488 -0.000312386 -1.26639e-05
0.00475165 -0.00012806 0.000294383
0.00477766 -0.000327537 -3.98251e-05
0.00451507 -7.89168e-05 -4.06112e-05
0.00481681 -7.51531e-05 -0.0019545
0.00471539 -0.000149563 4.39111e-05
0.00223862 0.00277753 -0.00377489
0.00446245 -0.000268578 0.000184146
0.00471118 0.000139555 0.000112711
0.00455997 -5.90067e-05 -8.31126e-05
0.00474447 -0.000332295 -3.6233e-05
0.00473466 -7.10699e-05 -7.91593e-06
0.00467111 -2.7095e-05 0.000116209
0.00469637 -0.000240513 -4.54641e-05
0.00456992 6.87878e-05 -8.77051e-05
0.0045388 9.73548e-05 0.000137883
0.00431824 0.000460989 5.92389e-05
0.00445927 -0.000210425 0.000295794
0.00465886 -0.000436591 2.87658e-05
0.00471992 -0.000275229 -3.47386e-05
0.00479284 -5.96642e-05 0.000339437
0.00464875 7.60679e-05 0.000145349
0.00437309 4.08885e-05 -9.35626e-05
0.00251404 0.0012215 -0.00261191
0.00465781 -7.74452e-05 -4.95912e-05
0.00468393 4.42486e-06 0.000120548
0.00444201 5.11237e-05 9.60864e-05
0.00447571 -0.000238078 -5.21822e-05
0.00441239 -0.000125303 0.000140746
0.00465732 2.31389e-06 0.000113143
0.00457138 -6.0932e-05 0.000233155
0.00474935 -0.000277334 -0.000204839
0.00447673 -0.000148406 -6.45998e-05
0.00465079 -0.00028978 -0.000208266
0.00449981 -7.38129e-05 2.78718e-05
0.00466898 -0.000281437 -0.000166635
0.00450269 -1.015e-05 -9.92665e-05
0.00456853 -0.000129486 -0.000228114
0.00428141 0.000151787 0.000101601
0.00443301 0.000202185 7.65917e-05
0.00446706 -8.47641e-05 -0.000149939
0.00439356 0.000295048 3.25796e-05
0.00471167 -5.02949e-05 0.000239387
0.00458498 -0.000145328 -0.000120577
0.00458587 -2.03952e-05 -5.57273e-07
0.00483992 -0.00016138 0.000323857
0.00471114 -0.000296743 -0.000120838
0.00464308 -7.31445e-05 0.000229884
0.00451222 -5.32172e-05 -0.000189161
0.00443446 -0.000276694 -0.000213667
0.00455445 2.9228e-05 0.000199542
0.00437805 -2.18252e-06 0.000196756
0.00423968 9.13193e-05 0.000215164
0.00469176 -0.000285123 -2.63702e-05
0.00462105 3.91988e-05 -2.94468e-05
0.0045193 -4.91766e-05 0.000164591
0.0046766 -3.91106e-05 0.000228965
0.00453861 -0.000199519 -4.864e-05
0.00465668 -0.000240062 -6.0716e-05
0.00474201 -8.15249e-05 -4.37106e-06
0.00523986 -0.0003376 0.000180726
0.00471636 -0.000240422 -0.000214369
0.00474541 -0.000315891 -3.16118e-05
0.00412589 -4.5001e-05 -0.000100009
0.00424016 -1.84159e-05 1.37365e-05
0.00468839 4.44895e-05 0.000129359
0.00426788 4.73974e-05 -0.000229194
0.00434739 -4.65333e-05 -6.3526e-05
0.00466458 -0.000357263 -5.57578e-05
0.00456874 9.44949e-05 -0.000113405
0.00435673 -0.000326942 -6.96546e-05
0.00439909 -4.07053e-05 -0.000101538
0.00477904 -0.000146181 -0.000106197
0.00474764 -0.000116875 -0.000129211
0.00454572 -0.000128892 0.000130589
0.00474919 -0.000198974 -3.11681e-05
0.00447889 -8.53087e-05 -0.000239222
0.00473326 -0.000106993 -4.18237e-06
0.00408503 4.83528e-05 -8.84311e-05
0.00463215 -0.000212918 2.48015e-05
0.00419181 -0.000204063 -3.27074e-05
0.00515397 -4.34981e-05 0.000422387
0.00461208 0.000207758 5.67134e-05
0.00458636 -0.000217071 -7.28853e-05
0.00435741 0.000124491 0.00010214
0.00434607 -6.30453e-05 2.6812e-05
0.00465413 -8.89586e-05 -0.000165415
0.00471989 -0.000276463 -0.000212137
0.0042267 -0.00033104 -0.000576497
0.00429651 -0.000146772 0.00025591
0.00431606 4.24642e-07 0.000231664
0.00460199 -0.000232102 8.76919e-06
0.00453986 0.000286876 1.24057e-05
0.00443733 -0.000220534 -3.44642e-05
0.00407733 0.00240192 -0.00257394
0.00457175 5.33241e-05 0.000164671
0.00449192 4.12049e-05 -6.90303e-05
0.00512465 -0.000491715 -0.000415037
0.00440248 0.000495549 3.54843e-05
0.0042918 1.60076e-05 9.06566e-05
0.00481076 -7.5795e-05 -5.36017e-05
0.00474014 -0.000318646 -0.0001374
0.00417095 -1.34344e-05 1.51567e-05
0.0046703 -4.33156e-05 -3.09601e-05
0.00482437 -5.14212e-05 0.000404195
0.00469685 -0.000286143 -0.000573774
0.00469107 2.79772e-05 0.000232323
0.00471795 -0.000159041 -5.00146e-05
0.00466873 -0.000128944 -5.12843e-05
0.00440989 2.38385e-05 7.71716e-05
0.00450356 -5.48206e-05 5.09173e-05
0.00466097 -0.000231179 -0.000114059
0.00456718 -0.000100661 0.000236134
0.00451934 -9.21177e-05 0.00021943
0.00470244 5.23163e-05 -0.000114749
0.00464411 -8.98793e-05 -0.000166998
0.00466778 -3.41056e-05 -5.30818e-05
0.00454306 -0.000102109 0.000236582
0.00414143 -1.00974e-05 1.06223e-05
0.00443463 -3.3042e-05 0.000207868
0.00485193 0.000152226 -0.000382842
0.00487319 6.22272e-05 0.00013598
0.00453784 -0.000135822 -0.000166228
0.0046416 -0.000201941 2.70109e-05
0.00461577 -3.60524e-05 0.000259456
0.00460849 0.0001271 0.000120863
0.00462889 -0.000190326 3.01408e-05
0.00436061 0.000123467 -3.02191e-05
0.00410859 2.76874e-05 -4.90001e-05
0.00418839 -0.000376274 -0.000165683
0.00457367 -0.000141203 -6.16974e-05
0.00491122 -1.62723e-05 0.000226601
0.00436158 -6.21865e-05 0.000140645
0.00479008 -0.000182938 -5.19611e-05
0.00464724 -6.62158e-05 -8.50408e-06
0.00439801 6.59322e-05 0.000190204
0.00467014 -0.000301422 -2.64147e-05
0.00472934 -6.68667e-05 -2.07189e-05
0.00467491 -0.000165571 -8.63815e-05
0.00489308 0.000196425 0.000130429
0.00472958 -0.000225447 -5.61248e-05
0.00456068 0.000138341 0.000110594
0.00463299 -0.000110568 0.000259134
0.00456999 -0.000167917 -0.000104768
0.00456139 -0.000170038 -9.09968e-05
0.0045443 9.53722e-05 0.000122691
0.00438723 -0.000172357 -6.56324e-05
0.00484061 -2.40777e-05 -5.57078e-05
0.00449479 -0.00104767 0.000918027
0.00417002 -1.70811e-05 -0.000100987
0.00420056 -7.34106e-05 -0.000112863
0.00464704 -2.97364e-05 0.000235681
0.0046311 -3.04962e-05 0.000221772
0.00463659 -3.48302e-05 0.00031057
0.00492955 0.000131408 0.000127917
0.00490147 -5.59574e-05 0.000228771
0.00484384 -0.000142451 -6.18248e-05
0.00475834 -0.000315507 -3.41963e-05
0.00464866 1.51876e-05 -2.21794e-05
0.00427013 0.000176698 -0.000140274
0.00476118 -0.000206277 -6.69663e-05
0.00464087 -0.000197194 3.69172e-05
0.00459406 -9.64074e-05 -6.36895e-05
0.00483096 0.000307556 -0.00184407
0.00433907 -8.36849e-05 -6.97681e-05
0.00436454 0.000489845 6.17669e-05
0.00453542 -0.000203648 7.96109e-05
0.00453878 7.60755e-05 -0.000111387
0.00463092 -3.60898e-05 -7.00843e-06
0.00475862 -0.000217647 -9.08212e-06
0.00446765 -0.000235714 -2.44882e-05
0.00432134 -6.34428e-05 -0.000200977
0.00487788 -5.11639e-05 6.93371e-05
0.00461698 -0.000425902 2.62631e-05
0.00436783 -7.02763e-05 -3.19029e-06
0.00472975 -0.000350779 -5.81881e-05
0.00472732 0.000165712 0.000369943
0.00458347 0.00029179 -2.46479e-05
0.00440041 0.000176652 -0.000149922
0.00474922 -0.000220789 -3.3677e-05
0.00472264 -0.000288727 -1.75833e-05
0.00433449 -0.000105685 8.6209e-05
0.00460795 0.000152847 -8.04117e-05
0.00453557 -6.75234e-05 -6.23881e-06

VECTORS force float
1.14201e-09 -1.53016e-09 4.06139e-09
-1.00175e-09 3.64775e-09 -1.19929e-09
1.28136e-09 -2.3147e-09 6.0784e-09
-2.05374e-09 4.88661e-10 -4.1229e-11
-1.92116e-09 4.60463e-10 1.44521e-09
2.02572e-09 -1.92571e-10 5.91552e-10
-2.5767e-09 4.43593e-09 -2.94108e-09
-7.70463e-10 -2.67475e-09 -4.54944e-10
4.5441e-10 3.43384e-10 -8.86341e-10
2.43706e-09 7.21759e-10 -8.0683e-10
6.99701e-10 1.32202e-09 -5.33872e-10
4.28191e-09 -7.61204e-10 2.4005e-10
2.65355e-09 1.54945e-09 -3.65633e-10
1.79259e-09 3.27452e-10 9.11967e-10
2.69097e-09 -1.13745e-09 1.4421e-09
-4.17304e-09 1.10844e-09 -2.97949e-11
4.34141e-10 1.588e-09 1.16927e-09
-2.87111e-09 -5.69447e-10 4.56272e-10
2.61591e-09 -8.55241e-10 7.77956e-10
5.63693e-10 2.22691e-10 -3.48654e-11
1.88814e-09 1.18705e-09 1.29061e-09
5.34863e-10 1.27523e-09 3.60482e-10
6.23272e-10 4.61666e-10 -4.41181e-10
1.30093e-09 6.5637e-10 -2.74913e-10
-6.25521e-10 -2.00457e-09 1.00054e-09
-5.90428e-11 6.42609e-10 -7.35575e-10
-7.10477e-10 -9.21369e-09 2.09603e-09
-3.66256e-09 3.29854e-09 1.13106e-08
2.28953e-09 -1.25807e-09 -2.00234e-10
-2.69582e-10 -1.70506e-09 7.13227e-10
-2.0366e-09 -1.06179e-09 1.39738e-09
3.45227e-10 3.37016e-10 6.09721e-10
9.05219e-10 -4.98539e-10 -2.11207e-10
-1.37652e-09 7.81179e-10 4.18153e-10
-1.02366e-09 3.55693e-10 -1.46695e-10
-1.39506e-09 -1.60777e-10 1.62114e-10
1.61458e-09 8.59056e-10 1.04507e-09
6.24857e-10 -4.04674e-10 5.1492e-10
4.60642e-09 -2.79128e-09 2.19159e-09
-8.12076e-10 -2.84673e-09 -3.22956e-09
4.42553e-10 -9.28657e-10 7.77195e-10
-1.28214e-10 -8.37688e-10 -3.33932e-10
-5.09755e-09 -2.2357e-09 -1.87824e-09
-4.38574e-09 1.05226e-09 -8.60228e-10
5.79956e-11 7.45161e-10 -5.39251e-10
-3.91511e-09 4.1591e-11 3.59694e-10
3.96932e-09 -2.12311e-09 2.2907e-09
1.59702e-11 -2.81422e-10 9.66786e-10
7.56616e-09 -2.0232e-09 4.00102e-09
2.23598e-09 2.50697e-10 1.47203e-10
6.28724e-10 1.55237e-09 -1.15709e-09
-3.14132e-10 -3.21936e-09 1.9433e-09
-2.08938e-09 1.75709e-10 2.68764e-09
-3.24583e-09 5.16416e-10 4.06271e-10
1.18692e-09 -3.75537e-10 7.5169e-10
-1.31461e-09 1.47699e-09 -9.97069e-10
4.79285e-10 1.37751e-09 3.26621e-10
3.47131e-09 -7.07894e-09 -8.84811e-10
-9.12442e-09 -3.66386e-10 1.08803e-09
1.66312e-09 -3.25967e-10 -5.26319e-10
-2.55197e-10 6.53453e-10 4.36182e-10
-2.99858e-10 3.24858e-10 -2.55946e-10
2.68e-09 -5.15342e-10 -2.24732e-11
1.79123e-10 5.84443e-10 6.93882e-10
-1.39958e-09 6.02921e-11 -6.66032e-10
-2.50481e-09 2.78372e-10 1.67496e-09
-1.28938e-09 5.46172e-09 -2.83101e-09
-3.7413e-10 2.73754e-09 -3.78601e-10
1.41035e-09 7.81458e-10 1.31119e-09
-4.5116e-09 5.69236e-11 -5.9641e-09
-4.70536e-10 -2.52189e-09 1.79142e-09
-1.91862e-09 9.05843e-10 2.36965e-09
-1.61372e-09 5.83167e-10 2.43724e-10
-5.71061e-09 3.9314e-09 1.07847e-08
2.42136e-10 -3.87305e-09 4.07299e-10
-2.23371e-10 1.9269e-09 -3.21541e-10
-5.04863e-10 1.58995e-09 -5.10924e-10
6.31828e-09 2.90147e-09 -1.4884e-09
-1.76079e-09 -3.36982e-09 -2.87188e-10
3.20511e-10 1.77108e-09 2.65202e-09
-2.69491e-09 -1.01279e-09 6.19704e-09
5.38841e-11 -8.44307e-10 4.68239e-10
8.24751e-10 -1.54982e-09 -1.92517e-09
1.25563e-09 1.54405e-09 -1.19771e-09
2.11294e-09 3.52931e-10 3.42069e-11
-2.2235e-10 1.65475e-09 -4.47979e-10
1.63827e-09 -1.46635e-09 -2.33973e-09
3.65085e-09 1.03942e-09 -9.69525e-10
1.09673e-10 1.04551e-09 7.56356e-10
1.9271e-09 6.70611e-10 4.19983e-10
-1.66573e-09 -1.57139e-10 8.52186e-10
-2.35023e-09 -4.18762e-11 1.53368e-10
-7.85731e-10 -3.50821e-10 -1.41917e-09
-4.37665e-10 2.35044e-09 8.59106e-10
1.22213e-09 -7.32806e-10 9.22489e-10
-3.12145e-10 6.25092e-10 5.47599e-11
-2.52509e-09 1.1704e-09 1.16049e-08
-1.5682e-09 5.96883e-10 -1.08302e-09
3.94446e-10 -3.25685e-09 4.1993e-11
-1.2298e-10 1.20779e-09 -5.99756e-10
-4.60524e-10 -4.43801e-10 -1.88063e-09
-1.00256e-09 9.72652e-10 9.07948e-10
5.92375e-11 2.5605e-09 -9.71569e-10
1.26861e-10 2.22686e-09 5.03895e-10
2.03442e-10 1.43964e-09 -1.68533e-10
-1.63684e-09 2.0409e-09 -4.1785e-10
-7.71021e-10 -2.23299e-09 9.13003e-10
7.29559e-09 7.92783e-09 1.14799e-09
4.5746e-09 -1.59279e-09 3.63018e-10
1.80914e-09 -1.2298e-10 9.95052e-11
-1.50509e-09 -3.15804e-10 -8.67137e-10
-3.74543e-09 -2.69956e-09 1.02885e-09
5.25849e-09 2.19028e-10 1.72753e-09
-1.77791e-09 3.43951e-10 -1.1891e-10
5.05428e-10 1.34165e-09 -5.91538e-10
-1.33155e-09 3.88902e-09 3.38553e-09
1.41955e-10 4.96559e-10 -1.87041e-09
1.47044e-09 5.54824e-11 1.0509e-09
1.72439e-10 -2.658e-09 1.63361e-09
-6.79873e-10 -4.97513e-10 3.76958e-10
-3.31531e-10 1.99226e-09 -1.06503e-11
1.62698e-10 -1.90689e-09 5.82755e-10
-6.82216e-10 -1.01147e-09 -1.06818e-09
-6.86518e-10 -5.35999e-10 5.38394e-10
1.34942e-09 2.23943e-10 -2.91779e-09
-1.07117e-08 2.66367e-09 -5.43699e-09
5.42664e-09 -3.13674e-09 1.65901e-09
2.75476e-12 -3.19399e-10 3.24477e-09
7.4132e-10 -3.24807e-09 2.69894e-10
5.79723e-10 -3.41489e-09 -2.42432e-10
7.80739e-09 1.92208e-10 2.72393e-10
-1.10921e-09 4.6866e-10 2.79874e-11
-2.28396e-09 -1.47871e-09 -2.39593e-09
1.51831e-09 -1.57136e-09 1.92588e-09
-3.40569e-09 6.45272e-10 -6.55394e-11
9.01254e-10 1.14697e-09 4.22256e-11
5.21991e-09 -1.81579e-09 7.12368e-10
-5.72105e-09 -1.7666e-09 -7.88364e-09
4.1783e-09 -3.92157e-09 2.54914e-09
2.18274e-09 -2.41045e-09 3.6926e-10
4.53585e-10 -3.92625e-10 -5.96164e-11
-2.96942e-09 5.86546e-10 3.08058e-09
2.48581e-09 3.10174e-09 3.6088e-11
1.41757e-11 4.37257e-10 -2.07443e-10
-4.94715e-10 -1.00223e-10 -1.7638e-10
-3.22045e-09 3.34115e-10 -1.4312e-10
-1.00786e-09 1.28044e-09 8.22922e-10
9.4037e-10 1.61604e-09 2.08782e-10
1.63658e-09 -2.03684e-09 8.00776e-10
1.005e-10 -3.00348e-09 -4.3499e-09
5.353e-10 1.82628e-09 -5.97427e-09
-7.77477e-10 -3.57371e-10 5.98763e-10
2.04584e-09 4.64231e-10 -9.59633e-11
-4.7157e-09 -3.90887e-10 2.31275e-10
5.18156e-09 -3.08965e-09 1.98216e-09
-3.05943e-09 3.21238e-09 3.64042e-09
1.03326e-08 -5.39587e-09 3.5723e-10
-1.43799e-09 -2.88309e-09 -3.08661e-10
-2.92959e-10 -1.10613e-09 1.23345e-09
-5.25764e-12 -5.22579e-10 7.49433e-10
-1.43496e-09 1.32481e-09 -3.91743e-10
6.05096e-11 1.27225e-09 1.05306e-09
-1.20045e-09 1.62769e-10 5.5727e-10
4.31701e-09 -5.65566e-10 1.19699e-09
-2.13039e-09 -4.15586e-09 2.94401e-10
1.70033e-09 -4.34175e-10 7.55211e-09
-2.53028e-11 -2.04898e-10 1.63431e-10
-1.35029e-09 -9.76007e-10 -6.22725e-10
2.98225e-10 -2.16766e-09 8.60424e-10
1.46762e-09 -2.18498e-09 -3.81441e-10
-8.21432e-10 9.37366e-10 7.8376e-11
2.16102e-09 -1.20403e-09 8.35372e-10
-1.56556e-09 -1.33235e-09 2.52685e-09
3.36743e-09 1.07301e-08 -2.04393e-09
5.09397e-09 -3.52821e-09 -1.33657e-09
-2.15249e-09 -7.6484e-09 -5.67202e-09
1.68635e-09 -4.2245e-09 -2.26204e-09
3.42873e-09 -5.49828e-10 5.9796e-10
-3.48876e-09 -7.58418e-10 3.46251e-10
1.41012e-09 -2.83862e-09 2.52726e-09
-8.49583e-10 -5.41601e-10 -5.87239e-10
4.38902e-09 3.46152e-09 -6.85724e-10
-6.78357e-10 -7.60284e-10 -6.97436e-10
2.68762e-09 1.7283e-09 3.15025e-09
5.76356e-09 -9.12233e-09 7.07827e-09
4.67486e-10 -2.77356e-10 1.59491e-11
-6.63249e-10 -1.35234e-09 4.47016e-10
-5.11071e-10 2.25699e-10 1.91303e-10
2.51489e-10 -2.80641e-09 -2.50593e-10
2.22968e-10 -2.31141e-09 -8.34926e-10
-1.91489e-09 -1.77628e-09 3.02058e-10
3.6093e-10 1.98402e-10 1.99947e-10
-3.02274e-09 -1.79074e-09 6.69946e-10
2.81721e-11 2.56566e-09 4.21996e-10
1.74114e-09 8.98216e-10 -9.38353e-11
-8.62657e-10 2.67181e-09 -1.08215e-09
4.528e-09 -2.54867e-09 1.97025e-09
3.97031e-09 -1.08902e-09 9.84947e-10
-2.30082e-09 5.37224e-09 -4.26723e-09
-3.08339e-09 -2.39827e-09 1.72795e-09
5.61607e-10 -2.15766e-09 1.98709e-09
3.10091e-09 -3.10992e-09 3.07465e-10
3.95871e-10 1.59003e-09 -9.07609e-10
3.93022e-10 1.4338e-09 2.40535e-10
2.53966e-10 1.37255e-10 7.20018e-11
-6.77546e-09 -2.57473e-09 -6.16567e-09
2.07441e-09 -1.32712e-09 7.20933e-10
-2.38147e-09 -2.76313e-09 -2.34794e-09
1.62251e-09 4.83025e-10 -5.07366e-09
9.10909e-10 -1.83721e-09 -1.20259e-09
2.78413e-09 3.73905e-10 1.64001e-09
8.65838e-09 -1.54128e-09 2.0627e-10
3.36878e-09 -4.69152e-09 1.48557e-09
-2.4972e-09 3.00596e-09 3.22419e-10
-3.34384e-10 3.69701e-10 -7.70672e-09
1.38363e-10 8.2339e-10 -6.52031e-11
1.89062e-09 -1.06192e-09 7.42081e-11
-3.26237e-09 4.06086e-10 1.7313e-09
5.08348e-09 -2.47148e-09 1.70244e-09
-2.70954e-09 4.95244e-10 -1.34614e-09
-2.77327e-09 8.86875e-10 -2.69378e-10
1.02757e-09 -4.51758e-13 -1.07374e-09
-3.31274e-10 2.11634e-09 -1.77673e-09
-4.05926e-09 -1.25201e-09 7.59901e-10
-4.06657e-09 5.67283e-10 7.35957e-10
8.34687e-10 3.07776e-09 -2.56378e-10
-5.8159e-10 6.11042e-10 -6.89258e-10
3.76574e-09 -1.87875e-09 -2.13568e-08
-1.60487e-09 -5.57878e-10 1.28027e-09
-2.66878e-09 2.30506e-09 3.93098e-09
1.96321e-09 6.05311e-10 -1.39686e-09
-2.56971e-09 1.33767e-09 -1.20946e-09
5.65962e-09 8.69437e-09 -2.40941e-08
-2.77452e-09 -8.68199e-10 -4.27382e-09
-1.73473e-09 2.48391e-09 7.48143e-10
-3.43828e-09 1.12422e-08 -2.8396e-08
-1.7029e-09 6.1795e-10 -7.58828e-10
6.08355e-10 -1.10161e-10 3.85084e-10
1.03647e-09 7.4107e-10 2.60932e-10
1.79906e-09 -3.54671e-09 -5.92456e-09
4.66235e-09 3.0401e-11 6.01268e-11
-1.00579e-09 -8.44103e-10 -2.12847e-09
7.78435e-09 -2.11691e-09 8.46085e-10
3.89178e-09 -6.34156e-09 -2.71943e-09
2.94342e-09 4.95888e-10 -9.56752e-10
-9.86185e-10 2.51956e-11 -5.83402e-11
-5.61485e-10 -1.37152e-09 -1.11337e-09
-5.20112e-10 -9.59104e-10 -2.28583e-10
2.31885e-09 8.83334e-10 -1.59692e-10
-4.05859e-09 5.73958e-09 -5.39107e-09
5.10845e-12 8.14368e-10 -3.75887e-10
7.59812e-10 -4.12536e-09 3.75728e-10
4.9014e-10 2.2558e-09 1.42243e-09
8.00045e-10 7.4494e-10 3.01362e-10
3.52997e-09 -1.25126e-09 1.17583e-09
-1.2814e-09 -8.73152e-12 -4.54517e-11
-1.3429e-09 3.54907e-10 4.03503e-11
-1.11261e-10 -2.04359e-09 1.34544e-09
1.19314e-09 -5.77066e-10 -1.2206e-09
3.40262e-10 -1.3453e-09 -2.46091e-12
6.13267e-10 -1.6635e-09 7.58593e-10
-9.92961e-09 -1.76459e-09 2.4151e-08
-8.94751e-11 -1.85193e-09 -1.52047e-10
-1.05968e-09 2.87898e-10 -1.6336e-09
-1.01692e-10 5.7387e-09 -5.9402e-09
2.54876e-09 -3.28061e-10 4.41147e-10
1.0535e-08 3.22596e-11 2.69943e-09
-2.30248e-09 3.16914e-10 3.13114e-09
5.7438e-09 -2.48307e-09 -2.41477e-09
-5.39284e-09 -2.10046e-09 5.53125e-10
-3.41541e-10 1.3227e-10 1.55901e-09
2.77813e-10 -1.44447e-09 -4.99896e-11
-3.22592e-09 -1.21998e-09 -3.46151e-09
-4.40773e-09 -6.19671e-10 8.58978e-10
4.10509e-09 1.86392e-09 -1.59063e-09
-2.31219e-09 -2.55098e-09 5.26296e-10
-3.34486e-09 -3.79776e-09 2.05023e-09
-2.40736e-09 -2.26455e-09 -8.45828e-09
-5.8261e-10 4.03559e-10 1.20736e-08
-3.91178e-09 -6.27998e-11 -1.18938e-09
6.06827e-09 -3.25157e-09 1.42407e-09
8.85387e-09 -1.90309e-09 1.39284e-09
-1.63023e-09 1.25486e-09 -2.86675e-09
-3.27328e-09 8.88614e-10 -8.96842e-10
-3.52627e-09 -1.76262e-09 1.47234e-09
3.05735e-09 -3.12575e-09 1.63639e-09
-2.37373e-09 -1.25937e-09 -1.57662e-09
6.11801e-09 -2.29077e-09 5.23936e-10
-3.26949e-09 -2.66842e-10 3.40136e-10
-7.05492e-09 2.84894e-09 6.13927e-09
3.97078e-09 6.11835e-10 6.193e-10
3.51578e-10 6.54752e-11 -1.63409e-10
2.75744e-09 -1.0171e-09 3.74249e-10
1.68036e-09 1.04992e-10 1.82554e-10
7.94669e-09 1.20808e-08 2.6831e-08
-3.83199e-10 -2.93194e-09 -1.44607e-10
1.23781e-10 -4.63352e-09 1.4942e-10
-4.15622e-10 1.07377e-09 5.10103e-10
-7.51442e-10 6.60512e-10 -1.81259e-10
1.18166e-09 3.29806e-09 2.46947e-10
1.18012e-09 -1.74858e-12 -1.86954e-09
3.63295e-10 4.16089e-10 -2.19229e-09
5.6777e-10 1.62507e-08 -1.35399e-08
-2.52244e-09 -1.80964e-09 1.57703e-09
3.1406e-09 -6.3391e-10 8.40395e-09
-3.06804e-09 -9.78936e-10 2.24003e-10
-6.52836e-09 -1.96242e-09 -4.87059e-09
6.72648e-09 5.46317e-09 -4.07553e-10
-7.86928e-10 -8.78122e-09 7.91871e-09
-1.36923e-09 -3.23713e-10 1.7044e-09
-4.99589e-10 -2.28583e-09 2.11817e-09
-4.84236e-10 -3.53774e-10 -3.86505e-10
1.5212e-09 -6.35461e-10 7.69132e-12
-3.39845e-09 -2.70604e-09 7.2066e-09
-5.29295e-09 8.75021e-09 -7.2962e-09
1.44883e-09 8.44171e-10 -5.30783e-10
4.00425e-09 1.33638e-09 7.8415e-09
-1.10413e-10 1.0878e-09 3.23635e-09
-3.94101e-10 -1.0299e-08 -6.26451e-10
8.68071e-10 -3.73238e-09 1.3357e-10
-3.44856e-09 -4.70689e-10 -1.53295e-10
1.1748e-09 4.79989e-10 -4.09682e-10
2.1734e-09 3.78776e-10 -1.09906e-09
3.12958e-09 6.45208e-10 3.53814e-10
5.86306e-09 1.1747e-09 -1.63799e-09
5.60275e-10 3.02326e-09 -1.20699e-09
-3.59238e-10 -1.3481e-09 -3.92388e-12
1.52677e-09 -4.07493e-09 8.74681e-11
4.0792e-09 2.17802e-10 -1.63758e-10
2.56596e-09 -3.5304e-09 -8.38541e-10
2.92486e-09 -1.14064e-09 3.14476e-10
-1.23884e-09 1.6835e-09 -2.60623e-10
-7.76514e-10 1.95779e-10 -2.27686e-10
-1.71332e-09 -2.69791e-10 -2.01453e-10
-3.52929e-09 -3.64084e-10 5.06979e-10
4.34322e-09 1.53267e-08 2.81353e-10
-9.55988e-09 -1.57247e-09 -1.61092e-09
-3.58139e-09 -8.65852e-10 9.64164e-09
-2.6153e-09 5.10703e-09 -1.44363e-08
1.44412e-10 -1.59026e-09 -5.46012e-10
1.88735e-09 -9.79199e-12 9.94723e-10
-1.51623e-10 3.26216e-10 3.63473e-10
1.46545e-09 -6.60177e-10 -4.79114e-11
-6.40693e-09 4.74525e-10 9.65307e-09
2.26286e-09 1.43619e-08 5.6348e-09
1.25903e-09 5.73659e-10 -7.80616e-11
5.59582e-09 2.83607e-09 -1.48694e-09
-4.92557e-10 -1.38613e-09 -5.27048e-09
3.32239e-09 1.19994e-09 3.04184e-09
-4.05333e-10 -7.62342e-10 -4.89085e-10
8.76668e-09 -2.13154e-10 1.8182e-10
-3.92314e-09 -2.77137e-09 2.33333e-10
1.59745e-09 1.03406e-09 3.02004e-10
7.88711e-09 -5.03605e-09 2.06907e-09
2.52798e-09 -1.04649e-10 1.07516e-09
1.66441e-09 -6.94984e-09 3.61469e-09
-1.2855e-09 -2.46973e-09 -4.24825e-09
-3.1833e-09 4.87107e-10 -2.38762e-09
-6.77008e-10 -2.57247e-09 -2.3333e-09
2.12745e-09 -6.02904e-10 -1.43357e-10
1.20352e-09 3.27527e-09 -2.78947e-09
-2.74664e-09 -2.30635e-11 -1.80232e-10
4.76967e-09 -2.06606e-09 1.58222e-09
4.18025e-09 -2.69559e-09 1.66789e-09
2.30538e-09 -1.19433e-08 -9.93354e-09
1.5547e-09 -2.5997e-09 1.48426e-09
3.44324e-10 -3.01492e-09 1.47438e-09
-2.03606e-09 -7.12365e-11 1.15599e-09
9.98893e-10 7.34443e-09 -7.26931e-09
-8.07488e-10 2.69038e-09 -2.91679e-09
-1.19706e-10 -1.87164e-09 2.17519e-09
-9.14683e-09 9.37742e-10 3.46223e-09
-3.27953e-09 2.52404e-09 -1.08237e-09
6.51185e-09 -3.70818e-09 -8.87974e-11
-3.91462e-09 7.49039e-10 1.41932e-09
-1.50286e-09 -1.02338e-09 1.32185e-09
3.23219e-09 -3.66168e-09 -2.15129e-09
-7.21437e-10 1.65937e-09 9.77766e-10
2.38132e-09 -9.456e-10 -1.97686e-11
2.5128e-09 8.30493e-10 -9.51285e-11
3.70828e-09 7.54552e-10 -1.23316e-08
5.25885e-10 2.26133e-09 1.57952e-09
3.99723e-11 -4.79451e-09 2.13105e-09
1.05148e-09 1.90875e-09 -1.70279e-09
8.01232e-09 5.11115e-09 -3.69158e-09
-4.99495e-10 1.30411e-09 6.57302e-10
-1.76014e-09 3.20235e-09 -1.18158e-09
2.14827e-09 -1.06052e-09 -2.56892e-10
-2.66468e-09 6.25635e-10 8.60705e-10
-2.89687e-10 -7.65816e-10 2.38609e-10
6.34811e-10 1.19765e-09 7.40799e-10
2.35406e-09 7.16171e-09 -3.57728e-08
-4.03179e-10 -1.65934e-09 -1.27368e-09
1.57449e-09 -1.61147e-08 1.32854e-08
-1.61064e-09 -3.33131e-09 2.41813e-09
-2.27166e-09 5.8312e-09 3.2931e-09
-1.13322e-10 -1.74508e-09 -2.82153e-09
9.37067e-10 2.61027e-09 6.15102e-10
4.81379e-10 1.30175e-09 -9.26522e-10
5.62758e-09 -1.20104e-08 -2.18127e-09
-2.19951e-10 1.46038e-09 -4.39223e-09
-2.04649e-09 3.03524e-09 -7.88664e-10
7.82474e-10 -7.90969e-09 5.42211e-09
-5.36965e-10 3.42597e-10 -2.95694e-10
-1.70432e-09 -3.13069e-10 -1.73004e-09
4.83376e-09 -1.73996e-09 2.65031e-10
-2.8571e-09 6.19453e-09 -2.97596e-09
-4.02839e-09 6.12818e-09 -1.76394e-09
-2.85406e-09 -3.83181e-09 -1.83404e-09
1.73613e-09 5.29097e-09 3.96686e-09
3.1419e-10 -8.64319e-10 -7.85816e-11
-2.94158e-09 -5.10675e-09 3.56664e-09
2.10893e-09 4.20684e-10 -5.39475e-10
3.76732e-09 6.01087e-10 7.4585e-11
-2.80676e-08 -3.55772e-08 6.23209e-08
4.01769e-08 4.73904e-09 2.34276e-09
2.41103e-09 4.75335e-10 -2.31796e-09
-2.40996e-09 -1.79928e-09 5.0765e-09
-1.87917e-09 -1.04184e-09 -2.35537e-09
7.52415e-09 1.30153e-10 8.51409e-10
1.82849e-09 -2.2947e-09 8.30064e-10
-3.32471e-09 -6.54489e-10 7.52137e-09
3.3783e-09 3.88602e-09 -1.08449e-08
-4.82028e-10 -1.15477e-09 2.60394e-09
1.1684e-09 -6.69425e-10 -1.15874e-10
1.3504e-09 2.12062e-09 -1.79754e-09
1.71086e-10 -4.06557e-10 3.46507e-09
1.88377e-09 -7.58438e-10 3.42543e-09
-1.33497e-09 -5.1907e-09 4.70689e-09
9.17845e-10 2.97488e-09 -1.26383e-09
-1.57021e-09 -2.91473e-09 1.6248e-10
3.08906e-10 7.07467e-10 -1.2336e-09
4.30968e-09 3.40187e-10 -3.35508e-09
-4.30157e-10 1.94468e-09 7.3015e-11
4.95669e-09 2.36063e-09 -1.3612e-09
7.59885e-10 1.56782e-10 -8.6236e-11
1.54421e-09 -3.603e-09 2.8089e-09
-4.34112e-10 2.09798e-09 -1.25306e-09
-2.10418e-09 -1.02511e-09 4.17542e-10
4.99215e-09 -1.24185e-09 2.23468e-09
-1.37398e-09 -4.54623e-11 -3.3659e-10
5.04049e-09 4.76937e-09 -1.23194e-09
-2.08976e-09 -8.88475e-10 2.14209e-09
5.45143e-10 -9.99491e-10 1.74065e-09
3.38207e-09 -1.40218e-09 3.19156e-10
3.74847e-10 -1.24e-09 1.9944e-09
-1.29206e-09 -1.37497e-09 -4.78604e-10
2.25403e-09 1.27322e-11 -1.36295e-10
6.53079e-10 -2.53971e-10 2.2747e-10
1.56424e-12 -1.49308e-09 -1.06193e-09
4.59391e-10 1.24532e-09 -2.02438e-09
5.56221e-10 -1.54593e-09 1.36564e-09
7.41876e-10 6.44051e-10 5.11831e-10
7.23782e-10 -1.51931e-12 1.2226e-09
-1.71596e-09 -1.40061e-09 1.38484e-09
-3.30785e-09 9.82577e-10 -2.47953e-10
-3.83244e-10 -2.14416e-09 1.48145e-09
-2.72827e-10 -1.05461e-09 9.51228e-10
-1.16357e-09 2.41572e-09 -1.58541e-09
3.63898e-09 -7.48921e-09 -2.10629e-08
-3.82188e-09 -6.1403e-10 -6.75594e-10
9.67887e-10 -8.05498e-11 7.5411e-10
2.63436e-09 -4.06664e-09 -1.00131e-09
-1.24023e-09 -5.98392e-09 -5.87374e-10
-5.5648e-10 -3.29784e-10 -6.60561e-10
-1.14134e-09 -4.99116e-09 -2.64635e-10
-3.65534e-09 -1.46276e-09 -6.71988e-10
-9.07616e-10 7.01063e-10 3.54388e-09
6.76495e-09 4.48657e-09 -2.33429e-08
-5.59752e-10 6.84282e-09 -2.64614e-09
1.29363e-09 3.23385e-09 -1.89685e-09
3.74512e-09 1.16213e-09 -3.22404e-10
1.04696e-09 -2.42981e-09 3.04248e-10
1.7193e-09 -1.59067e-09 3.44323e-10
-4.27894e-09 -1.38869e-09 1.75256e-10
2.26396e-10 1.64109e-10 -5.30139e-11
-1.92261e-09 8.66781e-09 -2.48413e-09
2.83287e-09 -2.68534e-09 3.7758e-10
9.3739e-12 -7.64129e-12 4.00308e-12
-1.41319e-09 -5.59889e-10 -1.61721e-09
-1.43966e-09 -1.00971e-09 -7.06301e-10
3.99615e-10 1.48373e-09 -4.91823e-10
2.37238e-09 1.45874e-10 -7.51941e-10
-1.22778e-09 -1.84407e-09 1.09462e-09
5.72479e-09 1.43402e-09 3.87305e-10
1.12434e-08 4.2662e-09 -7.30773e-09
6.87744e-10 9.18487e-09 -1.82474e-08
-1.15958e-09 -2.17968e-09 1.06789e-09
-1.42168e-09 -1.24672e-09 1.81446e-09
-4.35501e-09 -5.73297e-10 6.54726e-10
1.59538e-09 8.07887e-10 -1.71361e-09
-9.76481e-09 9.16343e-09 -1.84988e-08
1.30279e-10 -1.07598e-10 -1.72871e-09
6.0193e-09 3.25021e-09 -2.01647e-09
-2.09838e-09 -3.52617e-09 1.33737e-09
9.44457e-10 -1.90661e-09 -1.78581e-09
1.08294e-09 6.08163e-10 7.94409e-10
-4.99294e-10 1.38273e-09 8.52116e-10
-2.88648e-09 4.7781e-09 5.5182e-09
-5.55486e-09 -8.85412e-10 3.65035e-09
-1.04635e-09 1.57676e-09 8.15595e-10
8.58676e-09 -2.3265e-09 -2.19066e-09
7.05799e-08 -5.65755e-08 8.12993e-08
7.62577e-09 6.36099e-09 1.72267e-09
8.24514e-10 1.16895e-09 4.51452e-09
2.31423e-09 -9.12277e-10 -2.10092e-09
4.10047e-09 8.60806e-10 3.20872e-09
7.88335e-10 2.5009e-09 -9.74292e-10
5.51493e-09 1.02596e-08 -2.62422e-09
-5.05735e-09 -4.69874e-10 -3.7511e-09
-3.73063e-09 -8.81499e-09 1.86681e-09
-1.29015e-09 -4.43198e-09 -1.28055e-09
4.24306e-10 1.47848e-10 -1.78496e-10
5.01743e-10 -2.62115e-09 4.31679e-09
2.18636e-09 1.28879e-09 -1.19167e-10
-5.42102e-09 2.26244e-09 -2.23156e-09
-8.98084e-10 -6.12414e-10 2.1545e-09
3.75432e-10 8.70263e-10 -1.13608e-09
2.55416e-09 -7.16791e-10 -2.90536e-10
-1.61491e-09 -9.77012e-11 -1.80243e-10
-1.23354e-09 1.9385e-09 2.46374e-09
-5.32556e-09 -2.78347e-09 1.0277e-09
2.07854e-10 2.22958e-09 2.88319e-09
6.55156e-10 1.01395e-09 -9.95712e-10
2.046e-09 -2.15337e-09 7.31188e-12
1.01489e-08 9.01064e-09 -3.65578e-09
1.17685e-09 2.58454e-10 5.79197e-10
2.51786e-09 -3.06273e-09 -1.96943e-09
-3.85612e-10 1.23552e-09 -3.1321e-09
-2.79424e-08 -1.20197e-08 3.37367e-08
1.09573e-09 1.86009e-09 -1.78664e-10
-5.89019e-10 2.64292e-09 -1.69875e-09
-3.46675e-09 2.0258e-09 -1.09365e-09
-9.14944e-10 -2.96625e-10 4.03906e-11
4.22694e-09 8.89238e-09 -2.44471e-08
-4.62407e-09 1.00973e-09 -1.77488e-09
1.01501e-10 -1.54671e-09 2.48827e-10
1.29112e-09 -3.4558e-09 -5.40601e-09
2.57906e-09 1.39739e-09 4.98646e-09
-2.23575e-09 -7.70467e-09 2.34631e-08
4.304e-09 7.15731e-09 -3.0588e-09
-2.41283e-09 -1.12305e-09 6.81958e-10
3.8675e-09 -1.08541e-09 1.80702e-10
1.0067e-09 5.26137e-10 -3.58178e-10
-5.64052e-09 5.88723e-09 6.74839e-10
3.8728e-09 -2.54352e-09 -4.56192e-10
1.10365e-09 1.27402e-09 6.07155e-10
-6.47088e-09 3.49108e-09 -2.16584e-09
1.26194e-09 3.62713e-09 -2.37324e-09
-5.85399e-09 2.28899e-09 1.63733e-09
-4.6323e-10 -1.51683e-09 -8.0805e-09
-5.22294e-09 -1.29968e-09 -2.36467e-11
-3.52212e-09 3.04253e-09 4.45234e-10
-1.30208e-09 -1.06822e-09 2.71148e-09
2.39198e-09 -7.06024e-10 1.51821e-10
-1.02169e-09 7.15129e-10 2.32981e-09
-8.26429e-09 -3.26462e-09 6.8317e-09
-2.53211e-09 1.87934e-09 -1.53395e-09
-8.53123e-10 -5.09386e-10 -2.23108e-09
2.935e-09 -3.81017e-10 -1.6028e-09
-4.86173e-09 2.13447e-09 -1.07039e-09
4.03809e-10 -9.98298e-10 -8.00849e-10
-1.29984e-09 -2.92748e-09 9.88436e-10
4.89142e-09 -7.6966e-10 -2.29189e-08
2.14754e-09 -3.0413e-10 9.46121e-10
-4.36542e-09 -1.54125e-09 -7.09845e-11
-1.31056e-09 3.69787e-10 -1.07378e-10
4.41789e-09 6.29474e-09 -4.92579e-09
1.59969e-09 -8.77869e-10 6.97752e-11
3.65057e-09 3.84992e-09 3.0492e-10
1.16313e-09 -6.89996e-10 4.64009e-09
-1.25173e-09 -2.47452e-09 -2.1268e-09
3.03528e-09 -1.1496e-10 -9.65564e-09
1.5313e-09 -5.47328e-09 5.46294e-09
1.18734e-10 -4.63807e-09 -4.19162e-09
1.11045e-10 -3.546e-10 1.33319e-10
-3.78479e-09 2.20944e-10 1.16071e-09
-2.33724e-09 -3.19021e-10 -1.21538e-09
1.87783e-09 3.41919e-09 -7.79553e-09
2.91288e-09 3.03768e-09 -1.05098e-08
-1.26416e-09 -6.74112e-10 -9.31075e-10
4.35744e-09 -5.3302e-09 4.17348e-10
1.96145e-09 -1.54174e-09 3.3853e-09
-1.89631e-09 8.19591e-11 6.7036e-10
8.02874e-11 3.85944e-10 1.14797e-09
1.02389e-09 7.93459e-10 -4.50238e-10
-1.35536e-10 2.02304e-09 -1.57159e-09
1.22866e-09 4.40585e-09 2.64809e-09
8.6493e-10 -3.88751e-09 2.29385e-09
-1.37668e-09 7.67573e-10 -7.02805e-09
-1.46975e-09 -1.88501e-09 -1.3681e-11
3.42092e-09 6.18328e-09 -1.14564e-08
-4.36602e-10 1.23243e-09 -2.58638e-09
4.68624e-09 -2.2208e-09 1.45067e-09
1.61449e-09 4.61218e-09 -2.3019e-09
-2.99646e-09 3.2129e-09 3.5717e-10
1.5607e-09 6.15238e-10 1.5359e-09
3.21102e-09 1.40865e-09 -1.03687e-09
-4.8602e-09 1.6796e-09 -2.96529e-10
-4.0263e-09 4.49641e-09 1.85359e-09
3.15703e-09 -5.88081e-09 2.54675e-09
6.18798e-09 9.01163e-09 -4.90463e-09
1.53927e-09 -1.68634e-09 2.25092e-09
-1.04405e-09 2.31857e-10 -6.61548e-10
-1.95943e-09 -7.5684e-09 -5.72382e-10
-9.63097e-10 6.45586e-10 1.09077e-09
-2.40744e-10 -1.86585e-09 3.41075e-10
3.22252e-09 -2.4819e-08 1.91704e-08
0.0 0.0 -3.8832e-08
-1.36469e-09 -3.27398e-09 3.41057e-09
7.03319e-09 -8.03181e-09 -3.19612e-09
-5.05409e-09 1.31124e-09 -2.22372e-09
1.34425e-09 6.84897e-09 -3.25884e-09
-2.80409e-09 -1.50451e-09 3.43981e-10
3.32028e-10 -1.30234e-09 -3.57106e-09
2.16854e-09 -1.33411e-10 -1.94158e-10
3.13008e-09 6.89975e-10 -9.44152e-11
3.4012e-10 -1.98642e-09 1.58314e-09
-1.04342e-08 8.75953e-09 -1.80882e-08
-1.18253e-09 -5.3179e-09 7.52202e-10
4.71076e-10 5.59863e-10 -4.68914e-10
1.17416e-08 1.6592e-09 -1.54956e-09
-5.3563e-10 -2.15226e-09 -6.8455e-09
-7.66821e-08 2.17384e-07 4.45016e-07
-3.34865e-10 1.65335e-09 7.50142e-10
-3.74778e-09 -1.26058e-08 -6.56853e-09
5.13663e-09 3.97297e-09 -5.76504e-09
5.92818e-09 -8.01175e-10 2.1678e-09
8.31935e-10 -1.06451e-09 -3.96579e-10
1.15625e-08 -2.50156e-08 2.32811e-08
-6.67503e-10 -6.53144e-10 2.92703e-09
3.47294e-10 1.0245e-09 -2.2848e-09
3.89785e-10 2.30164e-09 4.2333e-10
1.11613e-10 4.34469e-09 4.08184e-10
-1.51321e-09 1.10993e-09 -4.06509e-09
-3.46772e-09 -4.64337e-10 -8.73132e-09
9.84023e-10 3.54608e-10 8.73756e-10
2.42274e-09 5.40108e-10 4.73686e-09
3.89189e-08 -1.19143e-08 7.09365e-08
3.44717e-10 -5.46735e-09 -1.18883e-09
1.23535e-08 6.91305e-09 -7.85144e-09
9.90528e-10 -1.17647e-09 -7.53079e-11
-6.92563e-10 -5.64379e-09 4.36956e-09
7.9281e-10 -1.05535e-09 -6.39447e-10
1.09645e-08 -1.73082e-10 -1.36643e-08
5.53691e-10 1.00205e-09 2.42734e-09
-4.01397e-09 -2.25767e-09 -6.03273e-10
-2.24269e-09 -3.20468e-09 -1.20441e-08
-7.82258e-09 -5.04251e-10 3.95835e-09
-2.30305e-09 -2.94029e-09 -2.17967e-08
2.15677e-11 -3.81948e-10 -1.9892e-10
-2.15631e-09 -1.80296e-09 4.13081e-09
7.432e-10 -4.02501e-09 -1.29394e-09
-5.6227e-09 2.37546e-09 1.36585e-08
-9.35903e-09 1.16026e-09 -1.3255e-09
-1.07997e-08 8.13786e-09 -1.55221e-09
2.58042e-09 2.92338e-10 -2.77499e-09
-4.8913e-09 2.07366e-09 1.15799e-09
2.42355e-09 -2.40902e-09 -1.89451e-09
-3.88636e-10 3.6952e-10 -2.36546e-10
5.45105e-10 -2.53084e-10 1.18392e-10
1.05225e-09 -2.70496e-09 1.13865e-09
-7.23057e-09 -1.13985e-09 3.71513e-09
1.90242e-09 -1.6065e-09 5.06216e-11
-2.31786e-09 -3.74349e-10 1.66946e-09
-1.55353e-09 -5.70334e-10 -3.14475e-10
-2.0602e-09 -3.04482e-09 -1.07189e-09
4.21932e-09 1.97468e-10 4.57428e-09
1.59296e-09 3.00649e-09 -6.2313e-10
-9.71769e-10 -4.09935e-10 1.93207e-09
1.31703e-09 7.59908e-09 1.91524e-09
1.7044e-09 -6.52206e-09 2.68449e-09
-4.53583e-09 1.23714e-09 -3.62017e-10
7.25447e-11 1.92178e-09 4.45265e-09
-8.72775e-09 -4.25727e-09 1.80904e-10
2.64828e-09 -8.68175e-10 1.87031e-09
8.46491e-09 -4.8844e-09 1.985e-10
2.58723e-09 -9.48232e-10 1.54755e-10
-5.21589e-10 -8.80333e-10 -1.53864e-10
-2.35917e-09 2.56711e-10 -3.90518e-09
5.47815e-10 -3.39482e-09 4.93445e-10
1.06855e-08 -2.81325e-09 6.73971e-10
-2.61087e-10 -1.19268e-08 9.46048e-10
-1.07429e-09 9.77891e-10 3.53235e-10
6.84743e-10 -5.23433e-09 4.96654e-09
-1.94472e-09 -1.3434e-09 5.09799e-10
-1.53762e-09 -1.74905e-09 1.05544e-09
-2.45645e-09 -9.66523e-09 -2.79321e-09
-3.04168e-10 -8.63077e-10 3.88168e-11
1.04649e-08 -3.71899e-10 -1.97934e-09
3.64417e-09 -2.47608e-09 3.71748e-09
9.32888e-10 4.03215e-09 2.92165e-09
3.89725e-09 -1.48722e-09 7.07871e-10
-7.98107e-09 -1.26412e-11 -6.86912e-09
-1.9398e-08 4.97682e-10 -3.5606e-09
6.91818e-10 9.88227e-10 5.64722e-10
-2.53307e-10 2.6457e-10 1.69292e-09
4.95317e-10 1.59448e-09 -3.99434e-10
-5.80525e-09 2.34183e-09 9.84588e-10
-1.90957e-09 -4.04448e-09 1.37338e-09
-6.6574e-10 5.91828e-11 -2.03797e-09
-1.21922e-09 1.62384e-09 2.0055e-09
2.60309e-09 -1.01685e-08 -8.12622e-09
-1.39439e-09 1.25754e-09 -1.37257e-09
1.03425e-09 -1.05677e-09 -4.75295e-10
1.13364e-07 -1.5365e-07 -5.47292e-08
-2.77653e-09 1.85417e-09 -6.31682e-10
0.0 0.0 -3.8832e-08
-1.04705e-08 -8.09111e-09 1.74152e-08
5.76943e-10 7.21561e-10 -2.98687e-10
-1.30972e-10 -1.87641e-09 -1.12128e-09
4.62925e-10 1.22367e-09 -2.68528e-09
1.37299e-09 3.97863e-10 6.94147e-10
1.9423e-09 1.44555e-10 5.7503e-11
-1.43744e-09 -5.30581e-09 -1.22431e-09
1.12289e-09 -5.25761e-10 1.55826e-10
-1.69076e-09 3.51537e-09 -1.62072e-09
4.2077e-10 -6.79211e-09 5.83971e-10
-2.22033e-10 -1.2783e-09 3.84716e-09
-8.19055e-10 9.26103e-10 -7.5868e-10
-2.1119e-09 -6.22163e-10 -9.967e-10
1.85632e-09 1.61899e-10 -8.33675e-09
2.23114e-09 2.70718e-09 -2.21235e-09
1.14866e-09 -1.26614e-10 -7.98713e-09
-6.38512e-07 1.28851e-08 1.73455e-06
-1.41696e-09 -1.97967e-09 2.31153e-09
1.58651e-09 1.26509e-09 -3.07094e-10
-1.1377e-08 5.67394e-09 -9.67307e-09
3.26282e-09 -7.75819e-09 -6.49444e-09
8.46254e-10 -8.26544e-10 -1.16113e-08
7.98464e-11 -2.96873e-09 -8.84594e-11
-2.58419e-09 -7.42903e-10 2.19372e-09
-4.64033e-09 3.98606e-09 5.61001e-09
3.0932e-10 -2.59588e-09 5.98947e-10
1.86407e-09 2.58207e-10 9.92536e-10
-7.40343e-09 -4.65497e-09 1.60728e-09
-7.93624e-10 1.03548e-08 -1.04648e-08
-1.59034e-09 -4.83504e-10 3.20447e-09
9.47543e-10 -1.20513e-09 6.41348e-10
-1.46535e-08 5.5301e-11 -9.51727e-10
3.39533e-09 8.9979e-09 -2.2997e-09
-1.28756e-09 -1.44554e-10 -4.15504e-10
-9.21903e-09 -1.27112e-08 5.69446e-09
-6.04876e-09 -1.20799e-09 -1.76329e-09
3.27764e-09 -1.38019e-09 7.31398e-10
-4.80248e-09 -7.61341e-09 6.62196e-10
-3.38665e-09 -2.34273e-10 -5.54875e-09
-1.57974e-10 1.12366e-10 -2.48475e-09
2.29399e-09 4.88261e-09 -3.29132e-09
-2.6185e-09 1.92311e-09 5.8571e-10
-1.50419e-09 5.9585e-09 5.81755e-09
1.46087e-08 2.38753e-08 -5.85107e-08
4.14059e-09 6.58129e-10 -3.45916e-09
6.35049e-10 -7.83143e-11 -7.02049e-09
-2.55784e-10 -3.12802e-09 -2.05177e-09
1.09637e-09 -4.70076e-10 -1.36013e-09
-3.99803e-09 3.45092e-09 1.10604e-09
-2.58922e-09 -6.11395e-10 2.28136e-10
4.16163e-09 1.82186e-09 3.31743e-10
-2.0724e-08 -5.59442e-09 -8.60087e-09
-5.04226e-10 1.31629e-09 4.56648e-09
-4.62014e-09 9.25864e-09 1.66031e-08
-9.52997e-09 3.21231e-09 2.71474e-09
2.36794e-09 2.7846e-09 2.67729e-09
-1.43601e-09 2.35381e-09 -1.14223e-09
-7.13737e-09 -4.23598e-09 1.76007e-09
-9.63833e-10 -2.69698e-09 -6.94185e-10
-8.63653e-10 4.71423e-09 1.55392e-09
-7.56966e-10 2.3743e-09 -8.77805e-10
-3.40527e-09 6.13542e-09 9.19579e-09
2.593e-09 1.51859e-09 8.07905e-10
1.44242e-09 -9.72805e-09 4.16455e-09
-1.53939e-09 1.82035e-09 4.65956e-09
-1.54113e-08 -1.05495e-09 3.02756e-10
-3.09937e-09 1.74177e-09 -1.39184e-09
-1.5619e-10 -1.60556e-09 -2.6373e-10
1.09833e-10 -2.6506e-09 -3.2639e-09
-6.15611e-09 3.86484e-09 7.16582e-09
4.71351e-11 -1.03792e-10 5.38344e-09
2.32193e-09 -8.84797e-10 2.41986e-10
-1.77211e-09 -8.86812e-10 -8.62622e-10
-2.23849e-09 -5.16095e-10 3.23336e-10
2.90498e-09 -3.23794e-09 -4.68076e-09
-2.58237e-09 3.14335e-09 1.25529e-08
-3.00616e-09 2.62994e-09 -1.16918e-09
1.7397e-09 1.04144e-09 -4.93779e-10
4.70042e-09 -2.09396e-09 1.66643e-09
-2.7586e-09 -2.55516e-09 -1.26605e-09
-1.97402e-09 6.09136e-09 4.81142e-09
-4.12856e-08 -4.31158e-09 -2.50146e-07
-4.4679e-09 5.00686e-09 -9.15107e-09
3.65576e-09 1.02663e-10 -8.39892e-09
-1.60797e-09 -1.54637e-09 -8.07319e-10
-4.92382e-09 -5.04475e-09 -1.71354e-09
7.00827e-09 3.37028e-09 -1.12014e-09
5.2912e-09 7.42921e-09 -1.66928e-08
-4.2637e-09 8.70687e-10 3.64638e-10
3.32939e-09 -4.28335e-09 -6.73528e-09
-4.17229e-09 -3.72914e-09 -1.51841e-09
6.29732e-09 3.51144e-09 -4.74631e-10
7.31897e-10 -1.29124e-09 -4.278e-09
-2.49128e-10 -9.40853e-10 2.95008e-10
-5.64511e-09 3.32082e-09 1.15656e-09
8.20796e-10 -2.859e-09 2.60703e-09
-1.2985e-09 -1.93839e-09 1.71716e-09
-6.87075e-09 -1.07555e-08 -1.9287e-08
1.42294e-08 -7.68933e-09 3.13877e-10
-6.176e-09 -1.2482e-09 -4.10309e-09
-1.03184e-09 -3.98286e-10 5.41013e-10
-2.60999e-09 1.61043e-09 1.9195e-10
-5.40082e-09 3.02238e-09 -5.66316e-09
1.18034e-10 3.74405e-10 6.62197e-10
-3.55666e-09 6.0099e-09 7.18398e-09
-1.14936e-08 -4.42829e-09 1.38499e-09
4.11452e-09 2.76308e-10 -1.09055e-09
2.25981e-09 1.14443e-09 6.64986e-09
-5.82664e-09 1.1085e-09 -1.39202e-10
3.08896e-09 -6.63792e-10 1.76235e-09
3.90711e-09 3.01256e-09 -1.47283e-09
-1.93896e-09 -3.7903e-09 4.86998e-09
6.91987e-09 5.39024e-09 1.07079e-09
-4.78643e-09 1.06961e-08 -3.6122e-09
-8.19443e-09 -4.12122e-09 2.29656e-09
4.77457e-09 -2.89192e-09 -7.95862e-09
-2.13686e-09 -9.6184e-10 -6.70032e-10
2.22563e-09 -1.46172e-09 -6.35592e-09
1.38789e-09 4.72713e-10 -1.26112e-10
-3.70635e-09 -3.8515e-11 1.31387e-10
-7.31445e-09 1.82297e-09 -3.18007e-10
-2.59733e-09 -2.79978e-09 -8.75139e-10
5.01431e-09 1.71656e-08 -3.36842e-09
-2.49964e-09 4.42045e-09 -6.70887e-10
-3.44885e-09 7.46646e-09 -3.53388e-09
6.6464e-09 -1.52114e-09 -2.0219e-09
8.68764e-10 3.40698e-09 -2.50076e-09
-1.40454e-09 3.0305e-09 -8.58644e-10
-3.45091e-09 9.46642e-10 -1.71635e-09
3.38525e-09 1.1553e-09 7.7198e-10
3.72661e-09 -1.68953e-10 2.66664e-09
3.57859e-10 -5.90582e-10 1.53675e-09
6.02978e-09 -1.67472e-09 1.18607e-09
-1.24444e-09 2.1812e-09 -2.98983e-09
1.02883e-09 2.62543e-09 -8.11821e-10
-1.50511e-08 -3.6617e-09 -2.15224e-09
7.74889e-09 5.21564e-09 -5.47467e-09
3.21853e-09 1.84672e-09 1.34352e-09
-1.71439e-09 5.47718e-10 -3.91424e-09
2.91664e-09 5.66478e-09 7.40309e-10
1.99429e-09 9.55121e-10 -2.54877e-10
1.13562e-11 1.34091e-11 -2.16952e-12
-6.16866e-09 1.29716e-09 -1.71518e-10
1.7322e-09 3.26721e-09 -8.20723e-09
1.09975e-09 2.16876e-09 4.53175e-09
6.34794e-09 -8.27348e-09 4.68268e-09
-3.21821e-09 1.06799e-09 -6.64167e-09
8.61354e-10 -1.86544e-09 2.06788e-09
-5.14167e-11 3.0436e-09 -1.81441e-10
2.11737e-09 7.14813e-09 1.13535e-09
-1.01993e-09 -3.80513e-09 -1.1584e-09
-7.74316e-11 -5.83921e-10 -2.04808e-11
-2.27564e-09 -3.86603e-09 1.87489e-09
3.41317e-09 -5.75091e-09 3.01326e-09
2.74595e-10 7.96597e-10 1.38516e-09
-1.04674e-09 5.53578e-09 3.82814e-10
1.44202e-09 8.96384e-10 -2.37666e-08
-9.33503e-10 2.02402e-09 -2.11367e-10
9.16544e-09 3.58978e-09 1.36345e-09
-6.51676e-10 1.11501e-08 -2.76033e-09
-7.60627e-09 1.75225e-09 -1.24831e-09
7.78129e-10 7.53197e-09 -1.26371e-09
1.25257e-08 -8.17555e-09 3.10157e-09
-1.00057e-09 -3.36691e-10 -2.45952e-10
1.18646e-08 -1.44651e-08 -4.1893e-09
-8.96911e-09 5.05573e-09 2.97864e-09
1.19906e-09 2.28068e-09 -7.64856e-10
-2.9042e-09 -1.61702e-09 4.18649e-10
-4.12761e-09 -2.21011e-09 -3.2177e-09
3.32823e-09 9.13352e-10 -9.86229e-09
-9.20343e-10 -1.00919e-09 7.06678e-09
3.57696e-09 7.7895e-09 -5.36856e-09
-1.21324e-08 1.62647e-08 -1.37409e-08
5.98454e-10 1.14842e-09 -8.89176e-11
-1.85372e-09 3.50005e-09 -3.91088e-10
2.70426e-09 -2.42702e-09 2.0211e-09
-2.06134e-10 1.12746e-09 -4.07372e-10
