# vtk DataFile Version 3.0
LIGGGHTS particles timestep 95000000
ASCII
DATASET POLYDATA
POINTS 873 float
0.384765 0.0176273 0.00160103
0.384276 0.0168362 0.000152108
0.385979 0.016305 0.000154358
0.384024 0.0178931 0.000346588
0.384103 0.0188777 0.00179976
0.38414 0.0203084 0.00038795
0.385344 0.021108 0.000153527
0.384857 0.0164602 0.000527417
0.384125 0.0186018 0.000725561
0.384479 0.0181392 0.00532873
0.384537 0.0177544 0.000152462
0.383992 0.0184143 0.000151757
0.384812 0.0187844 0.000568853
0.384869 0.0167819 0.000363698
0.384803 0.0169846 0.000152809
0.384915 0.0183348 0.000412633
0.384393 0.0200033 0.000329348
0.384771 0.0189907 0.000354885
0.384249 0.0186361 0.000152072
0.383697 0.0189843 0.000151351
0.38551 0.0163743 0.000153727
0.384537 0.0188112 0.000408422
0.383933 0.0183841 0.000910122
0.383691 0.0196365 0.00137364
0.384551 0.0189669 0.000152444
0.384476 0.0190531 0.00135703
0.384973 0.0159492 0.000153027
0.384718 0.0185669 0.000384781
0.384114 0.0176073 0.000360568
0.384098 0.0188501 0.00119184
0.384545 0.0194202 0.000152446
0.385045 0.0173743 0.000698037
0.385035 0.0210857 0.000153116
0.384772 0.0202231 0.000807152
0.383671 0.0182832 0.000151301
0.385325 0.0170081 0.00015348
0.384387 0.0165562 0.00015223
0.384231 0.0208268 0.00015205
0.384246 0.0213172 0.000152088
0.383713 0.0195261 0.000405419
0.384633 0.0199733 0.00015255
0.383992 0.0202878 0.00155233
0.384483 0.0187432 0.00100059
0.384186 0.021085 0.000765738
0.383776 0.0188306 0.000396501
0.384798 0.0193938 0.00124736
0.38386 0.0208523 0.000151582
0.384491 0.0167411 0.000826766
0.383698 0.0191758 0.000382307
0.384775 0.0177635 0.000333978
0.384311 0.0181618 0.000411136
0.384433 0.0180729 0.000152289
0.38465 0.0160107 0.000152609
0.383254 0.0200098 0.00538195
0.383894 0.018443 0.00061858
0.383721 0.0201648 0.00110894
0.383699 0.0194922 0.000864139
0.385774 0.0165263 0.000154084
0.385379 0.021728 0.000153573
0.38628 0.0159856 0.000154748
0.384848 0.0197614 0.000152852
0.384297 0.0183399 0.000152164
0.384935 0.0213685 0.000152978
0.383124 0.0188914 0.0053278
0.383684 0.0190009 0.00062565
0.384879 0.0194858 0.00532657
0.384411 0.0210667 0.000152303
0.384766 0.0172689 0.000670999
0.384755 0.0205364 0.000152745
0.384609 0.0174633 0.000152565
0.384881 0.0200096 0.000318105
0.383683 0.0186845 0.00015132
0.384162 0.0185702 0.00127856
0.385239 0.0168887 0.00093479
0.384788 0.0175107 0.000494981
0.384247 0.0194577 0.000152149
0.384451 0.0205211 0.000257329
0.384585 0.0196895 0.000278251
0.384989 0.0180879 0.00538114
0.383731 0.0200314 0.000564419
0.384559 0.0213709 0.000152488
0.38375 0.0203316 0.000362374
0.384573 0.0167914 0.000152504
0.3846 0.0205705 0.00124147
0.384776 0.0192293 0.0014972
0.384639 0.0200974 0.000472653
0.383903 0.0177038 0.000549977
0.384494 0.0183088 0.000600776
0.384257 0.0216244 0.000152083
0.384111 0.0181041 0.000151907
0.385046 0.0156469 0.000153133
0.384723 0.0179967 0.000152689
0.384247 0.0178365 0.00015209
0.384318 0.0178481 0.00107352
0.384549 0.0186547 0.000152467
0.384348 0.0198654 0.00534931
0.385094 0.0168168 0.000153198
0.384752 0.0225705 0.000152748
0.384848 0.0172811 0.000152878
0.385244 0.0150807 0.000153389
0.383789 0.0179787 0.000511532
0.384924 0.017576 0.00015296
0.383903 0.0190764 0.00169511
0.383741 0.0199852 0.000151428
0.384918 0.0165741 0.000152936
0.384885 0.017052 0.000501726
0.384186 0.0208278 0.000920195
0.384065 0.0210773 0.00015182
0.384143 0.0171166 0.000665392
0.38461 0.0166839 0.000504771
0.384436 0.0164204 0.000470553
0.384522 0.0198284 0.000536357
0.384329 0.0196006 0.000406404
0.385357 0.0162324 0.000369289
0.384655 0.0177639 0.0006089
0.384445 0.0210826 0.00061393
0.384888 0.0184824 0.000152883
0.384339 0.0202417 0.00015221
0.384024 0.0197277 0.000151798
0.38453 0.0207909 0.000152459
0.384328 0.0191677 0.000152164
0.38394 0.0189665 0.00141837
0.384551 0.0191949 0.000350438
0.385059 0.0170948 0.000261451
0.384487 0.0180145 0.00274646
0.383917 0.0176923 0.000151636
0.384086 0.0206789 0.000369501
0.384017 0.0178156 0.0010481
0.384629 0.0190306 0.000616104
0.384369 0.0196299 0.000702315
0.383973 0.0194558 0.000272738
0.383645 0.018626 0.00149303
0.384214 0.018913 0.000261913
0.383997 0.0183612 0.00149292
0.384354 0.0181276 0.000970878
0.38533 0.0157498 0.000153509
0.384843 0.0197261 0.000750471
0.383882 0.0208933 0.000683803
0.385153 0.0161935 0.000153269
0.384321 0.0175458 0.000152151
0.383893 0.0181982 0.000334512
0.383671 0.0182523 0.000547068
0.383954 0.0200733 0.000368812
0.384054 0.018114 0.000976661
0.384525 0.017627 0.00104162
0.385136 0.0173639 0.000153233
0.384143 0.0188484 0.000895305
0.38543 0.016037 0.000153608
0.384844 0.0162796 0.000152872
0.384041 0.0172809 0.00190693
0.384776 0.0192141 0.000152764
0.384738 0.0211297 0.000152712
0.384242 0.0182841 0.00133722
0.384504 0.0162738 0.000152426
0.384054 0.0212484 0.000551747
0.383685 0.0191839 0.000865309
0.385526 0.0151831 0.00015376
0.38366 0.0192295 0.00180481
0.385015 0.0178821 0.000153096
0.383821 0.0205473 0.00015153
0.38412 0.0173229 0.000881946
0.384887 0.0200695 0.00123921
0.384256 0.0176293 0.0018912
0.384862 0.0154099 0.000152883
0.385449 0.0153171 0.000411083
0.384193 0.0182756 0.000765426
0.384427 0.0184937 0.000374356
0.383698 0.0199058 0.00151214
0.386629 0.0146558 0.000155208
0.384999 0.0169458 0.00110529
0.384194 0.0171429 0.000151997
0.384035 0.0174071 0.000151806
0.38332 0.0173706 0.00557046
0.384223 0.0204655 0.000629471
0.384664 0.0172593 0.000389035
0.385646 0.0158289 0.000153922
0.383727 0.0196849 0.000151352
0.3857 0.021905 0.000153988
0.384618 0.0165645 0.00145456
0.385127 0.0228833 0.000153241
0.383949 0.0181281 0.00240398
0.383656 0.0184144 0.000799005
0.384597 0.0209853 0.000374465
0.384953 0.0181895 0.000152997
0.383829 0.0200711 0.0008451
0.383916 0.0184112 0.0012084
0.384273 0.019306 0.000412651
0.384484 0.019293 0.000625763
0.38406 0.0180981 0.000562722
0.384879 0.0199991 0.000623713
0.383654 0.0183016 0.00107693
0.383711 0.0198085 0.000929167
0.38404 0.0189192 0.000506692
0.384001 0.0186247 0.000370593
0.384096 0.0172042 0.00115637
0.383741 0.0183921 0.00165466
0.384151 0.0200078 0.00015195
0.385432 0.0161542 0.000989522
0.384428 0.0203105 0.000470819
0.384913 0.0202579 0.00015296
0.383737 0.0184819 0.000365851
0.383957 0.0202802 0.000151675
0.383783 0.0193331 0.000624132
0.385412 0.0164235 0.000858941
0.38467 0.0164801 0.000293118
0.384905 0.0176363 0.000740984
0.384543 0.0200376 0.000750395
0.384545 0.0186057 0.000626695
0.384193 0.0193871 0.000690072
0.384375 0.0173074 0.000326281
0.38537 0.01646 0.000564229
0.384684 0.0185515 0.00088703
0.384512 0.0192613 0.00114396
0.384596 0.0183584 0.000152544
0.385398 0.0225749 0.000153598
0.384025 0.0202205 0.000650776
0.384327 0.0195171 0.00122563
0.383991 0.0192075 0.00044013
0.384151 0.0198417 0.000401759
0.384958 0.0208348 0.000422104
0.384423 0.0171198 0.000557588
0.384522 0.019111 0.000884531
0.383977 0.0190641 0.00102036
0.383966 0.0196713 0.000809053
0.38395 0.019828 0.00165544
0.383797 0.0179801 0.000151501
0.384563 0.0188283 0.00157817
0.384475 0.0218465 0.000152389
0.384163 0.0191242 0.00129591
0.385538 0.0156727 0.000386233
0.384176 0.0214768 0.000400124
0.384831 0.0186975 0.00532561
0.385267 0.0171383 0.00109888
0.384787 0.0192974 0.000505741
0.38433 0.0176614 0.000767772
0.385268 0.016555 0.000153424
0.384939 0.0184041 0.00534929
0.384322 0.0197606 0.000152189
0.383571 0.0172133 0.00561819
0.384826 0.0208361 0.000152846
0.384044 0.0195926 0.00053011
0.38395 0.0188232 0.000151695
0.383663 0.0186957 0.000903132
0.384573 0.0197663 0.000874862
0.385544 0.0167736 0.000153767
0.384595 0.019582 0.00533062
0.384024 0.0205359 0.000842431
0.38367 0.0189533 0.00105653
0.384818 0.0186586 0.00147415
0.383998 0.0199217 0.000646966
0.384642 0.0189702 0.00112081
0.38481 0.0191135 0.00529749
0.384823 0.0187753 0.000152842
0.38409 0.0172602 0.000407502
0.383893 0.0187963 0.000737554
0.384172 0.0204908 0.000151977
0.384026 0.0191217 0.000151801
0.384719 0.0171784 0.00107383
0.385052 0.0152442 0.000315822
0.38395 0.017571 0.000875895
0.384535 0.0161709 0.000650912
0.385599 0.0221878 0.000153859
0.383811 0.0178426 0.00161927
0.383838 0.0178409 0.000808748
0.384476 0.0215097 0.000620337
0.385095 0.016411 0.000351609
0.384262 0.0187182 0.000485343
0.385097 0.016661 0.000517353
0.383754 0.018022 0.00103251
0.384775 0.0192142 0.0010082
0.384508 0.0179213 0.000400083
0.384677 0.0161954 0.000387484
0.385716 0.0161397 0.000154
0.384529 0.0178663 0.000860686
0.384411 0.0173697 0.000937237
0.384436 0.0188994 0.00195554
0.384842 0.0197206 0.00105042
0.384666 0.0161567 0.00119108
0.384092 0.0185415 0.00171312
0.384918 0.0157761 0.000391963
0.383842 0.0181377 0.000765364
0.384605 0.0182623 0.000875876
0.385655 0.0216386 0.000284568
0.383739 0.020307 0.000682713
0.38521 0.0159527 0.000338916
0.384589 0.018732 0.00129524
0.384491 0.020832 0.000771988
0.384377 0.0184969 0.000850318
0.384621 0.0195454 0.000538909
0.384733 0.0157222 0.000152726
0.383735 0.017985 0.00208505
0.385022 0.0216963 0.000153099
0.384745 0.0163155 0.000901108
0.383948 0.0191036 0.000724404
0.384351 0.0190302 0.000501337
0.386859 0.0143646 0.000155509
0.384659 0.0181802 0.000385457
0.384489 0.0175878 0.000397336
0.384738 0.0156819 0.000629432
0.383933 0.0210114 0.000413001
0.383647 0.0183513 0.00137266
0.385584 0.0148202 0.000153839
0.384377 0.0207848 0.000410525
0.383792 0.0191593 0.00123687
0.384157 0.0170002 0.00201119
0.384721 0.0184144 0.00115105
0.384131 0.0178979 0.000783292
0.383714 0.0197009 0.000649205
0.384395 0.0188433 0.000731806
0.38424 0.0198735 0.000820489
0.38381 0.0177918 0.00230184
0.384126 0.0189265 0.00209485
0.386429 0.0149011 0.000154946
0.385203 0.0208574 0.000250378
0.38389 0.0186843 0.00132981
0.383947 0.0205273 0.00174167
0.385546 0.0154832 0.000153789
0.38462 0.0169626 0.000394334
0.384167 0.0184102 0.000498595
0.385196 0.0171995 0.000506924
0.384756 0.021196 0.000517415
0.385094 0.0153241 0.000601866
0.384669 0.0180592 0.000659772
0.384625 0.0202781 0.000233595
0.384537 0.017125 0.000152451
0.384917 0.0208989 0.000865326
0.385078 0.0174871 0.000420584
0.384798 0.0179771 0.00136367
0.383713 0.0193667 0.000151366
0.384216 0.0196105 0.000962826
0.384713 0.0188539 0.000843535
0.384927 0.0181464 0.00165981
0.386381 0.0146096 0.000318385
0.38394 0.0192353 0.0019469
0.384625 0.0159358 0.000992226
0.385064 0.0175996 0.000993079
0.384494 0.0216011 0.000335211
0.385037 0.0177713 0.000507708
0.3853 0.0222761 0.000153469
0.384149 0.0174215 0.00135623
0.384617 0.0182388 0.00194652
0.384826 0.0197463 0.000451635
0.384914 0.0180218 0.000398527
0.384413 0.0212931 0.000402576
0.384506 0.0182147 0.00121417
0.384725 0.0216588 0.000152703
0.384369 0.0174106 0.000607919
0.38428 0.0200715 0.000598741
0.383988 0.0176438 0.00175769
0.383998 0.0197803 0.00134191
0.383857 0.020298 0.0054184
0.385054 0.0166358 0.000813162
0.38373 0.0204677 0.00125555
0.384563 0.0178209 0.00230769
0.386866 0.0148392 0.000155518
0.383381 0.0176617 0.00548218
0.384252 0.0191334 0.00191776
0.385573 0.01657 0.000372242
0.383787 0.0207066 0.000403552
0.384609 0.0175087 0.000759445
0.384933 0.0204689 0.000383945
0.384733 0.0182194 0.00546594
0.383855 0.0185733 0.00223043
0.384397 0.0170364 0.00148027
0.385459 0.0212864 0.000705399
0.384994 0.0178984 0.00115068
0.38524 0.0171571 0.000800754
0.385185 0.0218143 0.000376398
0.384784 0.0177663 0.000982415
0.38364 0.0186561 0.00179143
0.383676 0.0194644 0.00161886
0.38472 0.0179296 0.0016495
0.384075 0.017468 0.0006233
0.384683 0.0206986 0.000394728
0.384346 0.0182258 0.00163136
0.384045 0.0194136 0.00122231
0.384942 0.0181845 0.000670843
0.385081 0.0169122 0.0006807
0.384906 0.017765 0.00182702
0.384925 0.0182029 0.00121222
0.384521 0.0212905 0.000819952
0.384024 0.0178751 0.00254701
0.384255 0.0178169 0.000522395
0.38365 0.0185829 0.00118081
0.384869 0.0185034 0.000656458
0.384244 0.0191027 0.000771965
0.385361 0.0169598 0.000583119
0.383039 0.0194119 0.00532808
0.384624 0.0219835 0.000397532
0.384312 0.021744 0.000526527
0.384393 0.0199668 0.00139257
0.384135 0.018057 0.00150129
0.384209 0.0192533 0.00102905
0.385583 0.0215069 0.000544404
0.3849 0.0183466 0.000919818
0.384696 0.0168831 0.000993955
0.384842 0.0174083 0.000925383
0.38437 0.018048 0.000682095
0.384726 0.0194065 0.000783312
0.384595 0.0195564 0.00109803
0.383915 0.0187913 0.00247029
0.384809 0.0180651 0.0009724
0.384759 0.0166249 0.000758371
0.38457 0.0195539 0.00139696
0.384812 0.0194879 0.000270971
0.383949 0.0181169 0.00125743
0.387471 0.0142302 0.000156312
0.383957 0.0192622 0.00146572
0.38491 0.0174139 0.00143372
0.383667 0.0194855 0.00196226
0.384424 0.0200026 0.00102381
0.384149 0.0183884 0.00211817
0.384812 0.0187247 0.00109542
0.386065 0.0154032 0.000154471
0.386193 0.0143552 0.000154638
0.383699 0.0176998 0.00541618
0.385317 0.0167763 0.000349831
0.383991 0.0202703 0.00100011
0.384237 0.0210498 0.000396281
0.384849 0.0197807 0.00135104
0.384436 0.0185036 0.00117495
0.385071 0.0160507 0.000949034
0.384695 0.0169086 0.000684328
0.383966 0.0193571 0.000883771
0.384118 0.0200207 0.00149836
0.385264 0.0153801 0.000153416
0.383737 0.0204241 0.000958864
0.384861 0.0184139 0.00194443
0.386766 0.015446 0.000155387
0.385858 0.0226585 0.000154201
0.384766 0.0190105 0.00170221
0.383821 0.0178459 0.00127299
0.384651 0.0159021 0.000445211
0.384565 0.0185985 0.00191383
0.384324 0.0166934 0.000411434
0.383757 0.0206257 0.000737839
0.383855 0.019792 0.000400755
0.384205 0.0169816 0.000404742
0.384361 0.0205804 0.000869949
0.383746 0.019886 0.00121672
0.384429 0.0194093 0.000896617
0.384264 0.019701 0.00145437
0.384095 0.0174973 0.0021073
0.385857 0.0164151 0.0004202
0.384476 0.0180157 0.00180136
0.385929 0.0159283 0.000154292
0.384496 0.0205858 0.000600607
0.385166 0.0162179 0.00059981
0.385075 0.017798 0.00544926
0.38572 0.0150135 0.000338607
0.383213 0.0181509 0.00539471
0.384967 0.0175102 0.00551503
0.384374 0.0179764 0.0013389
0.383646 0.0190753 0.00206173
0.385042 0.0176622 0.0013292
0.385021 0.0165207 0.00108821
0.385371 0.0167037 0.000739116
0.383687 0.0194289 0.00115716
0.384251 0.0201935 0.000871183
0.383684 0.0197313 0.00175567
0.38455 0.0171259 0.000831624
0.384584 0.0170831 0.00171293
0.38372 0.0180696 0.00144552
0.386417 0.01582 0.000363826
0.384279 0.0170098 0.00091083
0.384166 0.0208226 0.000620873
0.384899 0.0171406 0.00131051
0.384594 0.0192248 0.00196802
0.383935 0.020485 0.000541437
0.383917 0.0176056 0.00146882
0.384504 0.0162026 0.00143974
0.385292 0.0215754 0.000523094
0.38425 0.0176577 0.00547389
0.383949 0.0175526 0.00117531
0.384669 0.0204589 0.000971712
0.384166 0.0170024 0.00171134
0.385647 0.0166177 0.000658815
0.385019 0.0171532 0.00158514
0.38506 0.0206124 0.000153117
0.384648 0.0198871 0.0053544
0.384837 0.0161774 0.000650951
0.384841 0.0204148 0.00132889
0.385258 0.0150732 0.000589044
0.386134 0.0146524 0.000154555
0.384707 0.0203768 0.000557861
0.384197 0.0183694 0.00105318
0.38473 0.0199934 0.000995412
0.383887 0.0186074 0.00270567
0.385739 0.0163339 0.000692502
0.383846 0.0188982 0.00219882
0.385052 0.0212564 0.000405508
0.38402 0.0203931 0.00127286
0.383709 0.0203577 0.00183983
0.383658 0.0188889 0.00134928
0.385055 0.0175679 0.00164622
0.383725 0.0204504 0.00155498
0.385044 0.0173359 0.0011347
0.384113 0.0178101 0.00133236
0.385523 0.0228912 0.000153762
0.384676 0.0184108 0.00170797
0.38468 0.0184119 0.00249347
0.383746 0.0201848 0.0014072
0.387204 0.0148301 0.000155962
0.384504 0.0175641 0.00173547
0.384332 0.0166 0.00184827
0.385828 0.0155866 0.000154149
0.384164 0.0193449 0.00211334
0.383369 0.0195028 0.00532697
0.383938 0.0182989 0.00192469
0.384344 0.0187078 0.0017439
0.384396 0.0171483 0.00114928
0.383999 0.0189293 0.00272315
0.384266 0.0202305 0.00132665
0.3849 0.0166582 0.00149163
0.384888 0.0170644 0.000852946
0.384479 0.0190936 0.00172411
0.383669 0.018646 0.000607385
0.384771 0.0178727 0.00542901
0.384931 0.022263 0.000152985
0.384797 0.0187194 0.00176721
0.386147 0.0150932 0.000154578
0.384624 0.0202233 0.00115647
0.385255 0.0168217 0.00155109
0.383651 0.0189206 0.00164752
0.384246 0.019817 0.0011783
0.383807 0.0188801 0.0019006
0.383792 0.0182626 0.00218403
0.384048 0.0208153 0.00125459
0.384969 0.0176451 0.00238423
0.387104 0.0145422 0.000155832
0.386232 0.0159969 0.00059749
0.384217 0.0195937 0.00532718
0.383994 0.0211105 0.00125289
0.385104 0.0206664 0.000895276
0.38496 0.0179367 0.00223072
0.384343 0.018993 0.00109484
0.384322 0.0185049 0.00152398
0.386034 0.022905 0.00015443
0.383868 0.0176773 0.00203057
0.384483 0.017607 0.00250224
0.384531 0.0199906 0.00176924
0.384121 0.0193085 0.00171234
0.383912 0.0209584 0.00097505
0.384314 0.0188017 0.00139433
0.384591 0.019835 0.00120893
0.384228 0.0190275 0.00157233
0.383202 0.018445 0.00533644
0.383637 0.0184321 0.00199093
0.383738 0.0179125 0.00294812
0.384185 0.0214885 0.000699758
0.383807 0.020716 0.0014052
0.386911 0.0151799 0.000155576
0.386408 0.015065 0.000405325
0.384451 0.0178152 0.00157959
0.38435 0.0176327 0.00128535
0.384168 0.0205883 0.0011
0.385734 0.0154078 0.000376257
0.384883 0.0183661 0.00146038
0.385479 0.0159546 0.000470381
0.38423 0.019528 0.00188516
0.384297 0.0173727 0.00229138
0.384348 0.0181508 0.00562127
0.38524 0.017303 0.00556575
0.382937 0.0180212 0.00543459
0.38453 0.0193759 0.00163526
0.386531 0.0156374 0.000155081
0.384871 0.0228087 0.000290478
0.38485 0.0154724 0.000446023
0.383939 0.0186649 0.00101563
0.384409 0.0183504 0.0022627
0.384797 0.0206164 0.000714676
0.386778 0.0150241 0.00037485
0.38398 0.0200931 0.00124189
0.384201 0.0178784 0.00173287
0.383926 0.0185279 0.00532817
0.385314 0.0171075 0.00162033
0.384609 0.0210502 0.000976344
0.384554 0.0222108 0.000580314
0.384236 0.018658 0.00201956
0.383635 0.0187172 0.00208506
0.384388 0.0164943 0.00124081
0.384209 0.0175724 0.00102744
0.384258 0.0168391 0.000665094
0.384507 0.0203676 0.001442
0.385377 0.0167118 0.00113382
0.384331 0.0211661 0.00101562
0.384493 0.0203332 0.000763495
0.384298 0.0167226 0.00105525
0.384023 0.0180845 0.00211653
0.384803 0.0175485 0.00118774
0.384039 0.0203361 0.00195386
0.387127 0.015063 0.000328428
0.385347 0.0157253 0.000611337
0.385074 0.0159194 0.000604629
0.384511 0.0164494 0.000759569
0.385145 0.0166682 0.00131805
0.38325 0.0191636 0.00532737
0.384463 0.0183038 0.00267059
0.38362 0.0186039 0.00300686
0.384884 0.0211341 0.001062
0.384971 0.0161385 0.000385737
0.386141 0.0157159 0.00015457
0.383814 0.0201548 0.00203452
0.384508 0.0170785 0.0020857
0.384881 0.0169203 0.00208887
0.384517 0.0193915 0.00220541
0.385773 0.023057 0.000154089
0.383869 0.0206738 0.00105937
0.384641 0.0172084 0.00144621
0.384743 0.0208963 0.000621158
0.38453 0.0186008 0.00532954
0.383955 0.0198191 0.00195525
0.384694 0.0184133 0.00219383
0.385395 0.0220027 0.000273123
0.383678 0.0181819 0.00278175
0.384131 0.0178049 0.00209953
0.384821 0.019896 0.00202138
0.384633 0.0165651 0.00102394
0.385921 0.0148895 0.000154282
0.384504 0.0183956 0.00554681
0.384577 0.0177695 0.00194164
0.383648 0.0182102 0.00307883
0.383677 0.0197884 0.00206505
0.384522 0.0187238 0.00218295
0.384046 0.0183165 0.00273333
0.384372 0.0203687 0.00108225
0.384786 0.0173118 0.00168718
0.384605 0.0181671 0.00149334
0.383625 0.0187471 0.00274328
0.384015 0.0173646 0.00161831
0.385456 0.0161931 0.000670762
0.385262 0.0210524 0.000470858
0.383667 0.0191857 0.00150811
0.384274 0.0167486 0.00159407
0.38483 0.0167196 0.00120656
0.384533 0.0173131 0.00189845
0.385647 0.0162013 0.000439508
0.384242 0.018415 0.00534044
0.384489 0.0191119 0.00249392
0.384938 0.0179773 0.00565533
0.384948 0.0161507 0.0012924
0.385449 0.0212776 0.000405706
0.384746 0.0172599 0.00210204
0.383805 0.0196349 0.00532559
0.383814 0.0197678 0.00249218
0.384944 0.0180404 0.00193993
0.385606 0.0166352 0.000955414
0.383971 0.0177367 0.00285403
0.385192 0.0162438 0.00114469
0.384756 0.0214603 0.000375486
0.385172 0.0165033 0.00156716
0.383628 0.0189798 0.002554
0.384791 0.0181638 0.00232966
0.384472 0.0178546 0.00543031
0.384614 0.0180098 0.00564434
0.383621 0.0184463 0.00326209
0.383903 0.0181403 0.00167255
0.385312 0.0159607 0.000793914
0.384101 0.017097 0.00247204
0.384266 0.0167363 0.00210738
0.384767 0.0189866 0.00256239
0.384886 0.0201235 0.0018367
0.384616 0.0198241 0.00153446
0.383892 0.0196399 0.00109816
0.384914 0.0181049 0.00259674
0.386613 0.0151442 0.000155184
0.385753 0.0155862 0.000616693
0.38486 0.0158885 0.00081168
0.384751 0.0175194 0.00190077
0.384998 0.0179166 0.000793309
0.384328 0.018424 0.00185592
0.384336 0.0200476 0.00199016
0.38478 0.0186808 0.00238417
0.384804 0.0169478 0.00154697
0.384409 0.019106 0.00217191
0.384082 0.0206739 0.00151773
0.384663 0.0169581 0.00128255
0.385823 0.0152265 0.000154149
0.3846 0.0184585 0.00142187
0.383631 0.0187322 0.00238463
0.384301 0.0201665 0.00539226
0.385114 0.016337 0.00087019
0.384051 0.0194897 0.00235051
0.384861 0.0217998 0.000383752
0.383897 0.0185959 0.0019343
0.384743 0.0176144 0.00218518
0.384487 0.0188968 0.0053064
0.384147 0.0196737 0.00213384
0.386604 0.0156105 0.000469852
0.385474 0.0214383 0.000153686
0.386618 0.0151004 0.000616481
0.384627 0.0177255 0.00135342
0.384225 0.0174682 0.00256666
0.385831 0.0157694 0.00039198
0.384094 0.0180692 0.00307343
0.384826 0.0182856 0.00281952
0.386352 0.0229097 0.000154848
0.384117 0.0171377 0.00144814
0.384434 0.0167731 0.00134138
0.38397 0.0195535 0.00153626
0.384162 0.01907 0.00251421
0.383788 0.0189119 0.0029359
0.385 0.0173907 0.00200819
0.384598 0.0179379 0.00114356
0.383874 0.0176195 0.00259544
0.383667 0.018166 0.00185578
0.385628 0.0166118 0.00127396
0.384192 0.0187458 0.00258332
0.385546 0.0167537 0.00152514
0.383648 0.0194165 0.00253476
0.384426 0.0196666 0.00170487
0.38455 0.0173936 0.00122834
0.383661 0.0181558 0.00248337
0.384859 0.0212679 0.000789758
0.383897 0.0187505 0.00162231
0.384897 0.0206037 0.00110264
0.384696 0.0179009 0.00256428
0.384994 0.0178544 0.0015545
0.384658 0.0201027 0.0014304
0.384462 0.0175344 0.00208817
0.38687 0.0153304 0.000411846
0.384285 0.0172778 0.00173285
0.38413 0.0186694 0.00229996
0.385212 0.0168268 0.0019467
0.384966 0.0198194 0.00535289
0.384414 0.0174079 0.00149562
0.384792 0.0193492 0.00177997
0.383618 0.0190279 0.0031538
0.383718 0.0200675 0.00176408
0.384006 0.0191419 0.00226802
0.384038 0.0212309 0.000981606
0.38393 0.0184187 0.00247634
0.385425 0.0149662 0.000363531
0.384756 0.0167529 0.00187326
0.383942 0.0179239 0.00187656
0.384519 0.0181131 0.00244564
0.3849 0.0202279 0.00155584
0.385207 0.0172487 0.00137123
0.384594 0.0173933 0.00232353
0.3839 0.0199024 0.0022383
0.386494 0.0143788 0.000155034
0.38424 0.0181128 0.00233349
0.384221 0.0180924 0.00263211
0.384214 0.0180124 0.00539104
0.383974 0.0173991 0.00241788
0.384962 0.0220872 0.000394124
0.384863 0.0170545 0.00182116
0.386081 0.0160997 0.000348213
0.385323 0.0162978 0.00140906
0.384204 0.0169379 0.00124218
0.384297 0.0169825 0.00227596
0.385097 0.0225492 0.000153204
0.38429 0.0193072 0.00238279
0.384245 0.0199032 0.00174318
0.384654 0.0207558 0.00101201
0.384245 0.0177202 0.00272834
0.384287 0.0193398 0.00146426
0.384407 0.018077 0.00208693
0.384011 0.0199018 0.00101285
0.384785 0.0164259 0.00124779
0.38447 0.0163077 0.0010208
0.384548 0.0221389 0.000152478
0.384658 0.0189824 0.00228289
0.384191 0.0181427 0.00187433
0.385954 0.0162471 0.000901127
0.385074 0.0206226 0.000600053
0.383975 0.0210677 0.00154922
0.385453 0.0232291 0.000153669
0.386009 0.0162353 0.000606435
0.384424 0.0199401 0.00225607
0.383505 0.0180521 0.00554354
0.384815 0.0219863 0.000152833
0.386187 0.0148677 0.000356566
0.385195 0.0214745 0.000257786
0.383662 0.0195984 0.00229669
0.384764 0.0165022 0.00170878
0.385172 0.017367 0.00225258
0.38512 0.0220038 0.000153227
0.386302 0.0155438 0.000340296
0.383643 0.0191889 0.00233939
0.384828 0.0196223 0.00189871
0.384328 0.0206365 0.00134948
0.384843 0.0154238 0.000741956
0.386124 0.0157575 0.000452567
0.384781 0.0188439 0.00282588
0.38502 0.0176784 0.00209055
0.384567 0.0167917 0.00164384
0.384884 0.0156278 0.000958078
0.383979 0.0180315 0.00279906
0.383757 0.0178468 0.00324024
0.383935 0.0195121 0.00183134
0.383762 0.0191583 0.00275411
0.385 0.0210596 0.000625893
0.384858 0.0198527 0.00170899
0.385137 0.0154722 0.000859247
0.384092 0.0201157 0.00215025
0.386355 0.0153139 0.000154845
0.385231 0.0155759 0.000378312
0.383826 0.0184045 0.00291794
0.383986 0.0173508 0.00271369
0.386541 0.0235361 0.000155095
0.384907 0.0172703 0.00235516
0.386549 0.0153286 0.000382975
0.38505 0.0156206 0.000613277
0.383911 0.0192733 0.00252014
0.384534 0.0198102 0.00200894
0.383626 0.0184561 0.00267067
0.38568 0.0163358 0.00098676
0.384212 0.0176363 0.00155594
0.386869 0.0146018 0.000338848
0.384803 0.0167204 0.00577573
0.384819 0.0195571 0.00156366
0.384361 0.0187823 0.00296993
0.384383 0.0185825 0.00274725
0.384115 0.0176578 0.00236047
0.384288 0.0182158 0.00289717
0.384594 0.0187465 0.0026106
0.384745 0.0192596 0.00235826
0.38481 0.0185665 0.00271529
0.384212 0.0187682 0.00531307
0.384798 0.0194011 0.00209915
0.384892 0.0215985 0.000603932
0.384328 0.020322 0.00186659
0.384891 0.015881 0.00111868
0.385944 0.0221456 0.000154312
0.385176 0.0173249 0.00177477
0.383482 0.018284 0.0053546
0.383745 0.0179195 0.00264829
0.384225 0.0183693 0.00249838
0.384786 0.0162783 0.0015102
0.384773 0.0189492 0.00138979
0.384548 0.0195196 0.00193595
0.384695 0.017994 0.00210142
0.383868 0.0208201 0.00167999
0.38406 0.0172135 0.0021986
0.384635 0.0202611 0.00169158
0.383906 0.0186704 0.00306942
0.386566 0.014067 0.000155128
0.383807 0.020696 0.00194646
0.384313 0.0178551 0.00246911
0.384619 0.0175971 0.0054915
0.384913 0.0203074 0.0010582
0.384977 0.0178137 0.00263223
0.385822 0.0160023 0.000580835
0.384402 0.0168999 0.00186948
0.383714 0.0181198 0.00335708
0.383631 0.0184325 0.00237165
0.385122 0.0212717 0.000940812
0.385444 0.0164064 0.00115681
0.385667 0.0160511 0.000832965
0.384405 0.0185994 0.00242993
0.385371 0.0154334 0.000676325
0.384274 0.0204606 0.0016062
0.384637 0.0223605 0.000333972
0.386182 0.0152683 0.000395711
0.384408 0.0164246 0.00161721
0.384784 0.0174699 0.00254279
0.38545 0.0168895 0.0017749
0.384016 0.0200932 0.0017793
0.384385 0.0189356 0.0027132
0.384801 0.0186719 0.00208505
0.383827 0.0193721 0.00218904
0.384353 0.0201712 0.00160844
0.385102 0.0213936 0.000667439
0.384729 0.0189484 0.00199334
0.385011 0.0168111 0.00172513
0.385339 0.0210738 0.000880059
0.38412 0.0185615 0.00288964
0.385216 0.0208662 0.0007017
0.386032 0.0144777 0.000376233
0.38454 0.0218801 0.000666328
0.384394 0.0208401 0.00113545
0.384334 0.0188817 0.00235676

VERTICES 873 1746
1 0
1 1
1 2
1 3
1 4
1 5
1 6
1 7
1 8
1 9
1 10
1 11
1 12
1 13
1 14
1 15
1 16
1 17
1 18
1 19
1 20
1 21
1 22
1 23
1 24
1 25
1 26
1 27
1 28
1 29
1 30
1 31
1 32
1 33
1 34
1 35
1 36
1 37
1 38
1 39
1 40
1 41
1 42
1 43
1 44
1 45
1 46
1 47
1 48
1 49
1 50
1 51
1 52
1 53
1 54
1 55
1 56
1 57
1 58
1 59
1 60
1 61
1 62
1 63
1 64
1 65
1 66
1 67
1 68
1 69
1 70
1 71
1 72
1 73
1 74
1 75
1 76
1 77
1 78
1 79
1 80
1 81
1 82
1 83
1 84
1 85
1 86
1 87
1 88
1 89
1 90
1 91
1 92
1 93
1 94
1 95
1 96
1 97
1 98
1 99
1 100
1 101
1 102
1 103
1 104
1 105
1 106
1 107
1 108
1 109
1 110
1 111
1 112
1 113
1 114
1 115
1 116
1 117
1 118
1 119
1 120
1 121
1 122
1 123
1 124
1 125
1 126
1 127
1 128
1 129
1 130
1 131
1 132
1 133
1 134
1 135
1 136
1 137
1 138
1 139
1 140
1 141
1 142
1 143
1 144
1 145
1 146
1 147
1 148
1 149
1 150
1 151
1 152
1 153
1 154
1 155
1 156
1 157
1 158
1 159
1 160
1 161
1 162
1 163
1 164
1 165
1 166
1 167
1 168
1 169
1 170
1 171
1 172
1 173
1 174
1 175
1 176
1 177
1 178
1 179
1 180
1 181
1 182
1 183
1 184
1 185
1 186
1 187
1 188
1 189
1 190
1 191
1 192
1 193
1 194
1 195
1 196
1 197
1 198
1 199
1 200
1 201
1 202
1 203
1 204
1 205
1 206
1 207
1 208
1 209
1 210
1 211
1 212
1 213
1 214
1 215
1 216
1 217
1 218
1 219
1 220
1 221
1 222
1 223
1 224
1 225
1 226
1 227
1 228
1 229
1 230
1 231
1 232
1 233
1 234
1 235
1 236
1 237
1 238
1 239
1 240
1 241
1 242
1 243
1 244
1 245
1 246
1 247
1 248
1 249
1 250
1 251
1 252
1 253
1 254
1 255
1 256
1 257
1 258
1 259
1 260
1 261
1 262
1 263
1 264
1 265
1 266
1 267
1 268
1 269
1 270
1 271
1 272
1 273
1 274
1 275
1 276
1 277
1 278
1 279
1 280
1 281
1 282
1 283
1 284
1 285
1 286
1 287
1 288
1 289
1 290
1 291
1 292
1 293
1 294
1 295
1 296
1 297
1 298
1 299
1 300
1 301
1 302
1 303
1 304
1 305
1 306
1 307
1 308
1 309
1 310
1 311
1 312
1 313
1 314
1 315
1 316
1 317
1 318
1 319
1 320
1 321
1 322
1 323
1 324
1 325
1 326
1 327
1 328
1 329
1 330
1 331
1 332
1 333
1 334
1 335
1 336
1 337
1 338
1 339
1 340
1 341
1 342
1 343
1 344
1 345
1 346
1 347
1 348
1 349
1 350
1 351
1 352
1 353
1 354
1 355
1 356
1 357
1 358
1 359
1 360
1 361
1 362
1 363
1 364
1 365
1 366
1 367
1 368
1 369
1 370
1 371
1 372
1 373
1 374
1 375
1 376
1 377
1 378
1 379
1 380
1 381
1 382
1 383
1 384
1 385
1 386
1 387
1 388
1 389
1 390
1 391
1 392
1 393
1 394
1 395
1 396
1 397
1 398
1 399
1 400
1 401
1 402
1 403
1 404
1 405
1 406
1 407
1 408
1 409
1 410
1 411
1 412
1 413
1 414
1 415
1 416
1 417
1 418
1 419
1 420
1 421
1 422
1 423
1 424
1 425
1 426
1 427
1 428
1 429
1 430
1 431
1 432
1 433
1 434
1 435
1 436
1 437
1 438
1 439
1 440
1 441
1 442
1 443
1 444
1 445
1 446
1 447
1 448
1 449
1 450
1 451
1 452
1 453
1 454
1 455
1 456
1 457
1 458
1 459
1 460
1 461
1 462
1 463
1 464
1 465
1 466
1 467
1 468
1 469
1 470
1 471
1 472
1 473
1 474
1 475
1 476
1 477
1 478
1 479
1 480
1 481
1 482
1 483
1 484
1 485
1 486
1 487
1 488
1 489
1 490
1 491
1 492
1 493
1 494
1 495
1 496
1 497
1 498
1 499
1 500
1 501
1 502
1 503
1 504
1 505
1 506
1 507
1 508
1 509
1 510
1 511
1 512
1 513
1 514
1 515
1 516
1 517
1 518
1 519
1 520
1 521
1 522
1 523
1 524
1 525
1 526
1 527
1 528
1 529
1 530
1 531
1 532
1 533
1 534
1 535
1 536
1 537
1 538
1 539
1 540
1 541
1 542
1 543
1 544
1 545
1 546
1 547
1 548
1 549
1 550
1 551
1 552
1 553
1 554
1 555
1 556
1 557
1 558
1 559
1 560
1 561
1 562
1 563
1 564
1 565
1 566
1 567
1 568
1 569
1 570
1 571
1 572
1 573
1 574
1 575
1 576
1 577
1 578
1 579
1 580
1 581
1 582
1 583
1 584
1 585
1 586
1 587
1 588
1 589
1 590
1 591
1 592
1 593
1 594
1 595
1 596
1 597
1 598
1 599
1 600
1 601
1 602
1 603
1 604
1 605
1 606
1 607
1 608
1 609
1 610
1 611
1 612
1 613
1 614
1 615
1 616
1 617
1 618
1 619
1 620
1 621
1 622
1 623
1 624
1 625
1 626
1 627
1 628
1 629
1 630
1 631
1 632
1 633
1 634
1 635
1 636
1 637
1 638
1 639
1 640
1 641
1 642
1 643
1 644
1 645
1 646
1 647
1 648
1 649
1 650
1 651
1 652
1 653
1 654
1 655
1 656
1 657
1 658
1 659
1 660
1 661
1 662
1 663
1 664
1 665
1 666
1 667
1 668
1 669
1 670
1 671
1 672
1 673
1 674
1 675
1 676
1 677
1 678
1 679
1 680
1 681
1 682
1 683
1 684
1 685
1 686
1 687
1 688
1 689
1 690
1 691
1 692
1 693
1 694
1 695
1 696
1 697
1 698
1 699
1 700
1 701
1 702
1 703
1 704
1 705
1 706
1 707
1 708
1 709
1 710
1 711
1 712
1 713
1 714
1 715
1 716
1 717
1 718
1 719
1 720
1 721
1 722
1 723
1 724
1 725
1 726
1 727
1 728
1 729
1 730
1 731
1 732
1 733
1 734
1 735
1 736
1 737
1 738
1 739
1 740
1 741
1 742
1 743
1 744
1 745
1 746
1 747
1 748
1 749
1 750
1 751
1 752
1 753
1 754
1 755
1 756
1 757
1 758
1 759
1 760
1 761
1 762
1 763
1 764
1 765
1 766
1 767
1 768
1 769
1 770
1 771
1 772
1 773
1 774
1 775
1 776
1 777
1 778
1 779
1 780
1 781
1 782
1 783
1 784
1 785
1 786
1 787
1 788
1 789
1 790
1 791
1 792
1 793
1 794
1 795
1 796
1 797
1 798
1 799
1 800
1 801
1 802
1 803
1 804
1 805
1 806
1 807
1 808
1 809
1 810
1 811
1 812
1 813
1 814
1 815
1 816
1 817
1 818
1 819
1 820
1 821
1 822
1 823
1 824
1 825
1 826
1 827
1 828
1 829
1 830
1 831
1 832
1 833
1 834
1 835
1 836
1 837
1 838
1 839
1 840
1 841
1 842
1 843
1 844
1 845
1 846
1 847
1 848
1 849
1 850
1 851
1 852
1 853
1 854
1 855
1 856
1 857
1 858
1 859
1 860
1 861
1 862
1 863
1 864
1 865
1 866
1 867
1 868
1 869
1 870
1 871
1 872

POINT_DATA 873
SCALARS id int 1
LOOKUP_TABLE default
1
2
3
4
5
6
7
8
9
10
11
12
13
14
15
16
17
18
19
20
21
22
23
24
25
26
27
28
29
30
32
33
34
35
36
37
39
40
41
42
43
44
45
46
47
48
49
50
51
52
53
54
56
57
58
59
60
61
62
63
64
65
67
68
69
70
71
72
73
74
75
76
77
78
79
80
81
82
83
84
85
86
87
88
89
90
91
92
93
94
95
96
97
98
99
100
101
102
103
104
105
106
107
108
109
110
111
112
113
114
115
116
117
118
119
120
121
122
123
124
125
126
127
129
130
131
132
133
134
135
136
137
138
139
140
141
142
143
144
145
146
147
148
149
150
151
153
154
155
156
157
158
159
160
161
162
163
164
165
166
167
168
169
170
171
172
173
174
175
176
177
178
179
180
181
182
183
184
185
186
187
188
189
190
191
192
193
194
195
196
197
198
199
200
201
202
203
204
205
206
208
209
210
211
212
213
214
215
217
218
219
220
221
222
223
225
226
227
228
229
230
231
232
233
234
235
236
237
238
239
240
241
242
243
244
245
246
247
248
249
250
251
252
253
254
255
256
257
258
259
260
261
262
263
264
265
266
267
268
269
270
271
273
274
275
276
277
278
279
280
281
282
283
284
285
286
287
288
289
290
291
292
293
294
295
296
297
299
300
301
302
303
304
305
306
307
308
309
310
311
312
313
314
315
316
317
318
319
320
321
322
323
324
325
326
327
328
329
330
331
332
333
334
335
336
337
338
339
340
341
342
343
344
345
346
347
348
349
350
351
352
353
354
355
356
357
358
359
360
361
362
363
364
365
366
367
368
369
370
371
372
373
374
375
376
377
378
379
381
382
383
384
385
386
387
388
389
390
391
392
393
394
395
396
397
398
399
400
401
402
404
405
406
407
408
409
410
411
412
413
414
415
416
417
418
419
420
421
422
423
424
426
427
428
429
430
431
432
434
435
436
437
438
439
440
441
442
443
444
445
446
447
448
449
451
452
453
454
455
456
457
458
459
460
461
462
463
464
465
466
467
468
469
470
471
472
473
474
475
476
477
478
479
480
481
482
483
484
485
486
487
489
490
491
492
493
494
495
496
497
498
499
500
501
502
503
504
505
506
507
508
509
510
511
512
513
514
515
516
517
518
519
520
521
522
523
524
525
526
527
528
529
530
531
532
533
534
535
536
537
538
539
540
541
542
543
544
545
546
547
548
549
550
551
552
553
554
555
556
557
558
559
560
561
562
563
564
565
566
567
568
569
570
571
572
573
574
575
576
577
579
580
581
582
583
584
585
586
587
588
589
590
591
592
593
594
595
596
597
598
599
600
601
602
603
605
606
607
608
609
610
611
612
613
614
615
616
617
618
619
620
621
622
623
624
625
626
627
628
629
630
631
632
633
634
635
636
637
638
640
641
642
643
644
645
646
647
648
649
650
651
652
653
654
655
656
659
660
661
662
663
664
665
666
667
668
669
670
671
672
673
674
675
676
677
678
679
680
681
682
683
684
685
686
687
688
690
691
692
693
694
695
696
698
699
700
701
702
703
704
705
706
707
708
709
710
711
712
713
714
715
716
717
718
719
720
721
722
723
724
725
726
727
728
729
730
731
732
733
734
735
736
738
739
740
741
742
743
744
745
746
747
748
749
750
751
752
753
754
755
756
757
758
759
760
761
762
764
765
766
767
768
769
770
771
772
773
774
775
776
777
778
779
780
781
782
783
784
785
786
787
788
789
791
792
793
794
795
796
797
798
799
800
801
802
803
804
805
806
807
808
809
810
811
812
813
814
815
816
817
818
819
820
821
822
823
824
825
826
827
828
829
830
831
832
833
834
835
836
837
838
839
840
841
842
843
844
845
846
847
848
849
850
851
852
853
854
855
856
857
858
859
860
861
862
863
864
865
866
867
868
869
870
871
872
873
874
875
876
877
878
879
880
881
882
883
884
885
886
887
888
889
890
891
892
893
894
895
896
897
898
899
900

SCALARS type int 1
LOOKUP_TABLE default
1
1
1
1
1
1
1
1
1
1
1
1
1
1
1
1
1
1
1
1
1
1
1
1
1
1
1
1
1
1
1
1
1
1
1
1
1
1
1
1
1
1
1
1
1
1
1
1
1
1
1
1
1
1
1
1
1
1
1
1
1
1
1
1
1
1
1
1
1
1
1
1
1
1
1
1
1
1
1
1
1
1
1
1
1
1
1
1
1
1
1
1
1
1
1
1
1
1
1
1
1
1
1
1
1
1
1
1
1
1
1
1
1
1
1
1
1
1
1
1
1
1
1
1
1
1
1
1
1
1
1
1
1
1
1
1
1
1
1
1
1
1
1
1
1
1
1
1
1
1
1
1
1
1
1
1
1
1
1
1
1
1
1
1
1
1
1
1
1
1
1
1
1
1
1
1
1
1
1
1
1
1
1
1
1
1
1
1
1
1
1
1
1
1
1
1
1
1
1
1
1
1
1
1
1
1
1
1
1
1
1
1
1
1
1
1
1
1
1
1
1
1
1
1
1
1
1
1
1
1
1
1
1
1
1
1
1
1
1
1
1
1
1
1
1
1
1
1
1
1
1
1
1
1
1
1
1
1
1
1
1
1
1
1
1
1
1
1
1
1
1
1
1
1
1
1
1
1
1
1
1
1
1
1
1
1
1
1
1
1
1
1
1
1
1
1
1
1
1
1
1
1
1
1
1
1
1
1
1
1
1
1
1
1
1
1
1
1
1
1
1
1
1
1
1
1
1
1
1
1
1
1
1
1
1
1
1
1
1
1
1
1
1
1
1
1
1
1
1
1
1
1
1
1
1
1
1
1
1
1
1
1
1
1
1
1
1
1
1
1
1
1
1
1
1
1
1
1
1
1
1
1
1
1
1
1
1
1
1
1
1
1
1
1
1
1
1
1
1
1
1
1
1
1
1
1
1
1
1
1
1
1
1
1
1
1
1
1
1
1
1
1
1
1
1
1
1
1
1
1
1
1
1
1
1
1
1
1
1
1
1
1
1
1
1
1
1
1
1
1
1
1
1
1
1
1
1
1
1
1
1
1
1
1
1
1
1
1
1
1
1
1
1
1
1
1
1
1
1
1
1
1
1
1
1
1
1
1
1
1
1
1
1
1
1
1
1
1
1
1
1
1
1
1
1
1
1
1
1
1
1
1
1
1
1
1
1
1
1
1
1
1
1
1
1
1
1
1
1
1
1
1
1
1
1
1
1
1
1
1
1
1
1
1
1
1
1
1
1
1
1
1
1
1
1
1
1
1
1
1
1
1
1
1
1
1
1
1
1
1
1
1
1
1
1
1
1
1
1
1
1
1
1
1
1
1
1
1
1
1
1
1
1
1
1
1
1
1
1
1
1
1
1
1
1
1
1
1
1
1
1
1
1
1
1
1
1
1
1
1
1
1
1
1
1
1
1
1
1
1
1
1
1
1
1
1
1
1
1
1
1
1
1
1
1
1
1
1
1
1
1
1
1
1
1
1
1
1
1
1
1
1
1
1
1
1
1
1
1
1
1
1
1
1
1
1
1
1
1
1
1
1
1
1
1
1
1
1
1
1
1
1
1
1
1
1
1
1
1
1
1
1
1
1
1
1
1
1
1
1
1
1
1
1
1
1
1
1
1
1
1
1
1
1
1
1
1
1
1
1
1
1
1
1
1
1
1
1
1
1
1
1
1
1
1
1
1
1
1
1
1
1
1
1
1
1
1
1
1
1
1
1
1
1
1
1
1
1
1
1
1
1
1
1
1
1
1
1
1
1
1
1
1
1
1
1
1
1
1
1
1
1
1
1
1
1
1
1
1
1
1
1
1
1
1
1
1
1
1
1
1
1
1
1
1
1
1
1
1
1
1
1
1
1
1
1
1
1
1
1
1
1
1
1
1
1
1
1
1
1
1
1
1
1
1
1
1
1
1
1
1
1
1
1
1
1
1
1
1
1
1
1
1
1
1
1
1
1
1
1
1
1
1

SCALARS radius float 1
LOOKUP_TABLE default
0.00015
0.00015
0.00015
0.00015
0.00015
0.00015
0.00015
0.00015
0.00015
0.00015
0.00015
0.00015
0.00015
0.00015
0.00015
0.00015
0.00015
0.00015
0.00015
0.00015
0.00015
0.00015
0.00015
0.00015
0.00015
0.00015
0.00015
0.00015
0.00015
0.00015
0.00015
0.00015
0.00015
0.00015
0.00015
0.00015
0.00015
0.00015
0.00015
0.00015
0.00015
0.00015
0.00015
0.00015
0.00015
0.00015
0.00015
0.00015
0.00015
0.00015
0.00015
0.00015
0.00015
0.00015
0.00015
0.00015
0.00015
0.00015
0.00015
0.00015
0.00015
0.00015
0.00015
0.00015
0.00015
0.00015
0.00015
0.00015
0.00015
0.00015
0.00015
0.00015
0.00015
0.00015
0.00015
0.00015
0.00015
0.00015
0.00015
0.00015
0.00015
0.00015
0.00015
0.00015
0.00015
0.00015
0.00015
0.00015
0.00015
0.00015
0.00015
0.00015
0.00015
0.00015
0.00015
0.00015
0.00015
0.00015
0.00015
0.00015
0.00015
0.00015
0.00015
0.00015
0.00015
0.00015
0.00015
0.00015
0.00015
0.00015
0.00015
0.00015
0.00015
0.00015
0.00015
0.00015
0.00015
0.00015
0.00015
0.00015
0.00015
0.00015
0.00015
0.00015
0.00015
0.00015
0.00015
0.00015
0.00015
0.00015
0.00015
0.00015
0.00015
0.00015
0.00015
0.00015
0.00015
0.00015
0.00015
0.00015
0.00015
0.00015
0.00015
0.00015
0.00015
0.00015
0.00015
0.00015
0.00015
0.00015
0.00015
0.00015
0.00015
0.00015
0.00015
0.00015
0.00015
0.00015
0.00015
0.00015
0.00015
0.00015
0.00015
0.00015
0.00015
0.00015
0.00015
0.00015
0.00015
0.00015
0.00015
0.00015
0.00015
0.00015
0.00015
0.00015
0.00015
0.00015
0.00015
0.00015
0.00015
0.00015
0.00015
0.00015
0.00015
0.00015
0.00015
0.00015
0.00015
0.00015
0.00015
0.00015
0.00015
0.00015
0.00015
0.00015
0.00015
0.00015
0.00015
0.00015
0.00015
0.00015
0.00015
0.00015
0.00015
0.00015
0.00015
0.00015
0.00015
0.00015
0.00015
0.00015
0.00015
0.00015
0.00015
0.00015
0.00015
0.00015
0.00015
0.00015
0.00015
0.00015
0.00015
0.00015
0.00015
0.00015
0.00015
0.00015
0.00015
0.00015
0.00015
0.00015
0.00015
0.00015
0.00015
0.00015
0.00015
0.00015
0.00015
0.00015
0.00015
0.00015
0.00015
0.00015
0.00015
0.00015
0.00015
0.00015
0.00015
0.00015
0.00015
0.00015
0.00015
0.00015
0.00015
0.00015
0.00015
0.00015
0.00015
0.00015
0.00015
0.00015
0.00015
0.00015
0.00015
0.00015
0.00015
0.00015
0.00015
0.00015
0.00015
0.00015
0.00015
0.00015
0.00015
0.00015
0.00015
0.00015
0.00015
0.00015
0.00015
0.00015
0.00015
0.00015
0.00015
0.00015
0.00015
0.00015
0.00015
0.00015
0.00015
0.00015
0.00015
0.00015
0.00015
0.00015
0.00015
0.00015
0.00015
0.00015
0.00015
0.00015
0.00015
0.00015
0.00015
0.00015
0.00015
0.00015
0.00015
0.00015
0.00015
0.00015
0.00015
0.00015
0.00015
0.00015
0.00015
0.00015
0.00015
0.00015
0.00015
0.00015
0.00015
0.00015
0.00015
0.00015
0.00015
0.00015
0.00015
0.00015
0.00015
0.00015
0.00015
0.00015
0.00015
0.00015
0.00015
0.00015
0.00015
0.00015
0.00015
0.00015
0.00015
0.00015
0.00015
0.00015
0.00015
0.00015
0.00015
0.00015
0.00015
0.00015
0.00015
0.00015
0.00015
0.00015
0.00015
0.00015
0.00015
0.00015
0.00015
0.00015
0.00015
0.00015
0.00015
0.00015
0.00015
0.00015
0.00015
0.00015
0.00015
0.00015
0.00015
0.00015
0.00015
0.00015
0.00015
0.00015
0.00015
0.00015
0.00015
0.00015
0.00015
0.00015
0.00015
0.00015
0.00015
0.00015
0.00015
0.00015
0.00015
0.00015
0.00015
0.00015
0.00015
0.00015
0.00015
0.00015
0.00015
0.00015
0.00015
0.00015
0.00015
0.00015
0.00015
0.00015
0.00015
0.00015
0.00015
0.00015
0.00015
0.00015
0.00015
0.00015
0.00015
0.00015
0.00015
0.00015
0.00015
0.00015
0.00015
0.00015
0.00015
0.00015
0.00015
0.00015
0.00015
0.00015
0.00015
0.00015
0.00015
0.00015
0.00015
0.00015
0.00015
0.00015
0.00015
0.00015
0.00015
0.00015
0.00015
0.00015
0.00015
0.00015
0.00015
0.00015
0.00015
0.00015
0.00015
0.00015
0.00015
0.00015
0.00015
0.00015
0.00015
0.00015
0.00015
0.00015
0.00015
0.00015
0.00015
0.00015
0.00015
0.00015
0.00015
0.00015
0.00015
0.00015
0.00015
0.00015
0.00015
0.00015
0.00015
0.00015
0.00015
0.00015
0.00015
0.00015
0.00015
0.00015
0.00015
0.00015
0.00015
0.00015
0.00015
0.00015
0.00015
0.00015
0.00015
0.00015
0.00015
0.00015
0.00015
0.00015
0.00015
0.00015
0.00015
0.00015
0.00015
0.00015
0.00015
0.00015
0.00015
0.00015
0.00015
0.00015
0.00015
0.00015
0.00015
0.00015
0.00015
0.00015
0.00015
0.00015
0.00015
0.00015
0.00015
0.00015
0.00015
0.00015
0.00015
0.00015
0.00015
0.00015
0.00015
0.00015
0.00015
0.00015
0.00015
0.00015
0.00015
0.00015
0.00015
0.00015
0.00015
0.00015
0.00015
0.00015
0.00015
0.00015
0.00015
0.00015
0.00015
0.00015
0.00015
0.00015
0.00015
0.00015
0.00015
0.00015
0.00015
0.00015
0.00015
0.00015
0.00015
0.00015
0.00015
0.00015
0.00015
0.00015
0.00015
0.00015
0.00015
0.00015
0.00015
0.00015
0.00015
0.00015
0.00015
0.00015
0.00015
0.00015
0.00015
0.00015
0.00015
0.00015
0.00015
0.00015
0.00015
0.00015
0.00015
0.00015
0.00015
0.00015
0.00015
0.00015
0.00015
0.00015
0.00015
0.00015
0.00015
0.00015
0.00015
0.00015
0.00015
0.00015
0.00015
0.00015
0.00015
0.00015
0.00015
0.00015
0.00015
0.00015
0.00015
0.00015
0.00015
0.00015
0.00015
0.00015
0.00015
0.00015
0.00015
0.00015
0.00015
0.00015
0.00015
0.00015
0.00015
0.00015
0.00015
0.00015
0.00015
0.00015
0.00015
0.00015
0.00015
0.00015
0.00015
0.00015
0.00015
0.00015
0.00015
0.00015
0.00015
0.00015
0.00015
0.00015
0.00015
0.00015
0.00015
0.00015
0.00015
0.00015
0.00015
0.00015
0.00015
0.00015
0.00015
0.00015
0.00015
0.00015
0.00015
0.00015
0.00015
0.00015
0.00015
0.00015
0.00015
0.00015
0.00015
0.00015
0.00015
0.00015
0.00015
0.00015
0.00015
0.00015
0.00015
0.00015
0.00015
0.00015
0.00015
0.00015
0.00015
0.00015
0.00015
0.00015
0.00015
0.00015
0.00015
0.00015
0.00015
0.00015
0.00015
0.00015
0.00015
0.00015
0.00015
0.00015
0.00015
0.00015
0.00015
0.00015
0.00015
0.00015
0.00015
0.00015
0.00015
0.00015
0.00015
0.00015
0.00015
0.00015
0.00015
0.00015
0.00015
0.00015
0.00015
0.00015
0.00015
0.00015
0.00015
0.00015
0.00015
0.00015
0.00015
0.00015
0.00015
0.00015
0.00015
0.00015
0.00015
0.00015
0.00015
0.00015
0.00015
0.00015
0.00015
0.00015
0.00015
0.00015
0.00015
0.00015
0.00015
0.00015
0.00015
0.00015
0.00015
0.00015
0.00015
0.00015
0.00015
0.00015
0.00015
0.00015
0.00015
0.00015
0.00015
0.00015
0.00015
0.00015
0.00015
0.00015
0.00015
0.00015
0.00015
0.00015
0.00015
0.00015
0.00015
0.00015
0.00015
0.00015
0.00015
0.00015
0.00015
0.00015
0.00015
0.00015
0.00015
0.00015
0.00015
0.00015
0.00015
0.00015
0.00015
0.00015
0.00015
0.00015
0.00015
0.00015
0.00015
0.00015
0.00015
0.00015
0.00015
0.00015
0.00015
0.00015
0.00015
0.00015
0.00015
0.00015
0.00015
0.00015
0.00015
0.00015
0.00015
0.00015
0.00015
0.00015
0.00015
0.00015
0.00015
0.00015
0.00015
0.00015
0.00015
0.00015
0.00015
0.00015
0.00015
0.00015
0.00015
0.00015
0.00015
0.00015
0.00015
0.00015
0.00015
0.00015
0.00015
0.00015
0.00015
0.00015
0.00015
0.00015
0.00015
0.00015
0.00015
0.00015
0.00015
0.00015
0.00015
0.00015
0.00015
0.00015
0.00015
0.00015
0.00015
0.00015
0.00015
0.00015
0.00015
0.00015
0.00015
0.00015
0.00015
0.00015
0.00015
0.00015
0.00015
0.00015
0.00015
0.00015
0.00015
0.00015
0.00015
0.00015
0.00015
0.00015
0.00015
0.00015
0.00015
0.00015
0.00015
0.00015
0.00015
0.00015
0.00015
0.00015
0.00015

SCALARS mass float 1
LOOKUP_TABLE default
3.95841e-09
3.95841e-09
3.95841e-09
3.95841e-09
3.95841e-09
3.95841e-09
3.95841e-09
3.95841e-09
3.95841e-09
3.95841e-09
3.95841e-09
3.95841e-09
3.95841e-09
3.95841e-09
3.95841e-09
3.95841e-09
3.95841e-09
3.95841e-09
3.95841e-09
3.95841e-09
3.95841e-09
3.95841e-09
3.95841e-09
3.95841e-09
3.95841e-09
3.95841e-09
3.95841e-09
3.95841e-09
3.95841e-09
3.95841e-09
3.95841e-09
3.95841e-09
3.95841e-09
3.95841e-09
3.95841e-09
3.95841e-09
3.95841e-09
3.95841e-09
3.95841e-09
3.95841e-09
3.95841e-09
3.95841e-09
3.95841e-09
3.95841e-09
3.95841e-09
3.95841e-09
3.95841e-09
3.95841e-09
3.95841e-09
3.95841e-09
3.95841e-09
3.95841e-09
3.95841e-09
3.95841e-09
3.95841e-09
3.95841e-09
3.95841e-09
3.95841e-09
3.95841e-09
3.95841e-09
3.95841e-09
3.95841e-09
3.95841e-09
3.95841e-09
3.95841e-09
3.95841e-09
3.95841e-09
3.95841e-09
3.95841e-09
3.95841e-09
3.95841e-09
3.95841e-09
3.95841e-09
3.95841e-09
3.95841e-09
3.95841e-09
3.95841e-09
3.95841e-09
3.95841e-09
3.95841e-09
3.95841e-09
3.95841e-09
3.95841e-09
3.95841e-09
3.95841e-09
3.95841e-09
3.95841e-09
3.95841e-09
3.95841e-09
3.95841e-09
3.95841e-09
3.95841e-09
3.95841e-09
3.95841e-09
3.95841e-09
3.95841e-09
3.95841e-09
3.95841e-09
3.95841e-09
3.95841e-09
3.95841e-09
3.95841e-09
3.95841e-09
3.95841e-09
3.95841e-09
3.95841e-09
3.95841e-09
3.95841e-09
3.95841e-09
3.95841e-09
3.95841e-09
3.95841e-09
3.95841e-09
3.95841e-09
3.95841e-09
3.95841e-09
3.95841e-09
3.95841e-09
3.95841e-09
3.95841e-09
3.95841e-09
3.95841e-09
3.95841e-09
3.95841e-09
3.95841e-09
3.95841e-09
3.95841e-09
3.95841e-09
3.95841e-09
3.95841e-09
3.95841e-09
3.95841e-09
3.95841e-09
3.95841e-09
3.95841e-09
3.95841e-09
3.95841e-09
3.95841e-09
3.95841e-09
3.95841e-09
3.95841e-09
3.95841e-09
3.95841e-09
3.95841e-09
3.95841e-09
3.95841e-09
3.95841e-09
3.95841e-09
3.95841e-09
3.95841e-09
3.95841e-09
3.95841e-09
3.95841e-09
3.95841e-09
3.95841e-09
3.95841e-09
3.95841e-09
3.95841e-09
3.95841e-09
3.95841e-09
3.95841e-09
3.95841e-09
3.95841e-09
3.95841e-09
3.95841e-09
3.95841e-09
3.95841e-09
3.95841e-09
3.95841e-09
3.95841e-09
3.95841e-09
3.95841e-09
3.95841e-09
3.95841e-09
3.95841e-09
3.95841e-09
3.95841e-09
3.95841e-09
3.95841e-09
3.95841e-09
3.95841e-09
3.95841e-09
3.95841e-09
3.95841e-09
3.95841e-09
3.95841e-09
3.95841e-09
3.95841e-09
3.95841e-09
3.95841e-09
3.95841e-09
3.95841e-09
3.95841e-09
3.95841e-09
3.95841e-09
3.95841e-09
3.95841e-09
3.95841e-09
3.95841e-09
3.95841e-09
3.95841e-09
3.95841e-09
3.95841e-09
3.95841e-09
3.95841e-09
3.95841e-09
3.95841e-09
3.95841e-09
3.95841e-09
3.95841e-09
3.95841e-09
3.95841e-09
3.95841e-09
3.95841e-09
3.95841e-09
3.95841e-09
3.95841e-09
3.95841e-09
3.95841e-09
3.95841e-09
3.95841e-09
3.95841e-09
3.95841e-09
3.95841e-09
3.95841e-09
3.95841e-09
3.95841e-09
3.95841e-09
3.95841e-09
3.95841e-09
3.95841e-09
3.95841e-09
3.95841e-09
3.95841e-09
3.95841e-09
3.95841e-09
3.95841e-09
3.95841e-09
3.95841e-09
3.95841e-09
3.95841e-09
3.95841e-09
3.95841e-09
3.95841e-09
3.95841e-09
3.95841e-09
3.95841e-09
3.95841e-09
3.95841e-09
3.95841e-09
3.95841e-09
3.95841e-09
3.95841e-09
3.95841e-09
3.95841e-09
3.95841e-09
3.95841e-09
3.95841e-09
3.95841e-09
3.95841e-09
3.95841e-09
3.95841e-09
3.95841e-09
3.95841e-09
3.95841e-09
3.95841e-09
3.95841e-09
3.95841e-09
3.95841e-09
3.95841e-09
3.95841e-09
3.95841e-09
3.95841e-09
3.95841e-09
3.95841e-09
3.95841e-09
3.95841e-09
3.95841e-09
3.95841e-09
3.95841e-09
3.95841e-09
3.95841e-09
3.95841e-09
3.95841e-09
3.95841e-09
3.95841e-09
3.95841e-09
3.95841e-09
3.95841e-09
3.95841e-09
3.95841e-09
3.95841e-09
3.95841e-09
3.95841e-09
3.95841e-09
3.95841e-09
3.95841e-09
3.95841e-09
3.95841e-09
3.95841e-09
3.95841e-09
3.95841e-09
3.95841e-09
3.95841e-09
3.95841e-09
3.95841e-09
3.95841e-09
3.95841e-09
3.95841e-09
3.95841e-09
3.95841e-09
3.95841e-09
3.95841e-09
3.95841e-09
3.95841e-09
3.95841e-09
3.95841e-09
3.95841e-09
3.95841e-09
3.95841e-09
3.95841e-09
3.95841e-09
3.95841e-09
3.95841e-09
3.95841e-09
3.95841e-09
3.95841e-09
3.95841e-09
3.95841e-09
3.95841e-09
3.95841e-09
3.95841e-09
3.95841e-09
3.95841e-09
3.95841e-09
3.95841e-09
3.95841e-09
3.95841e-09
3.95841e-09
3.95841e-09
3.95841e-09
3.95841e-09
3.95841e-09
3.95841e-09
3.95841e-09
3.95841e-09
3.95841e-09
3.95841e-09
3.95841e-09
3.95841e-09
3.95841e-09
3.95841e-09
3.95841e-09
3.95841e-09
3.95841e-09
3.95841e-09
3.95841e-09
3.95841e-09
3.95841e-09
3.95841e-09
3.95841e-09
3.95841e-09
3.95841e-09
3.95841e-09
3.95841e-09
3.95841e-09
3.95841e-09
3.95841e-09
3.95841e-09
3.95841e-09
3.95841e-09
3.95841e-09
3.95841e-09
3.95841e-09
3.95841e-09
3.95841e-09
3.95841e-09
3.95841e-09
3.95841e-09
3.95841e-09
3.95841e-09
3.95841e-09
3.95841e-09
3.95841e-09
3.95841e-09
3.95841e-09
3.95841e-09
3.95841e-09
3.95841e-09
3.95841e-09
3.95841e-09
3.95841e-09
3.95841e-09
3.95841e-09
3.95841e-09
3.95841e-09
3.95841e-09
3.95841e-09
3.95841e-09
3.95841e-09
3.95841e-09
3.95841e-09
3.95841e-09
3.95841e-09
3.95841e-09
3.95841e-09
3.95841e-09
3.95841e-09
3.95841e-09
3.95841e-09
3.95841e-09
3.95841e-09
3.95841e-09
3.95841e-09
3.95841e-09
3.95841e-09
3.95841e-09
3.95841e-09
3.95841e-09
3.95841e-09
3.95841e-09
3.95841e-09
3.95841e-09
3.95841e-09
3.95841e-09
3.95841e-09
3.95841e-09
3.95841e-09
3.95841e-09
3.95841e-09
3.95841e-09
3.95841e-09
3.95841e-09
3.95841e-09
3.95841e-09
3.95841e-09
3.95841e-09
3.95841e-09
3.95841e-09
3.95841e-09
3.95841e-09
3.95841e-09
3.95841e-09
3.95841e-09
3.95841e-09
3.95841e-09
3.95841e-09
3.95841e-09
3.95841e-09
3.95841e-09
3.95841e-09
3.95841e-09
3.95841e-09
3.95841e-09
3.95841e-09
3.95841e-09
3.95841e-09
3.95841e-09
3.95841e-09
3.95841e-09
3.95841e-09
3.95841e-09
3.95841e-09
3.95841e-09
3.95841e-09
3.95841e-09
3.95841e-09
3.95841e-09
3.95841e-09
3.95841e-09
3.95841e-09
3.95841e-09
3.95841e-09
3.95841e-09
3.95841e-09
3.95841e-09
3.95841e-09
3.95841e-09
3.95841e-09
3.95841e-09
3.95841e-09
3.95841e-09
3.95841e-09
3.95841e-09
3.95841e-09
3.95841e-09
3.95841e-09
3.95841e-09
3.95841e-09
3.95841e-09
3.95841e-09
3.95841e-09
3.95841e-09
3.95841e-09
3.95841e-09
3.95841e-09
3.95841e-09
3.95841e-09
3.95841e-09
3.95841e-09
3.95841e-09
3.95841e-09
3.95841e-09
3.95841e-09
3.95841e-09
3.95841e-09
3.95841e-09
3.95841e-09
3.95841e-09
3.95841e-09
3.95841e-09
3.95841e-09
3.95841e-09
3.95841e-09
3.95841e-09
3.95841e-09
3.95841e-09
3.95841e-09
3.95841e-09
3.95841e-09
3.95841e-09
3.95841e-09
3.95841e-09
3.95841e-09
3.95841e-09
3.95841e-09
3.95841e-09
3.95841e-09
3.95841e-09
3.95841e-09
3.95841e-09
3.95841e-09
3.95841e-09
3.95841e-09
3.95841e-09
3.95841e-09
3.95841e-09
3.95841e-09
3.95841e-09
3.95841e-09
3.95841e-09
3.95841e-09
3.95841e-09
3.95841e-09
3.95841e-09
3.95841e-09
3.95841e-09
3.95841e-09
3.95841e-09
3.95841e-09
3.95841e-09
3.95841e-09
3.95841e-09
3.95841e-09
3.95841e-09
3.95841e-09
3.95841e-09
3.95841e-09
3.95841e-09
3.95841e-09
3.95841e-09
3.95841e-09
3.95841e-09
3.95841e-09
3.95841e-09
3.95841e-09
3.95841e-09
3.95841e-09
3.95841e-09
3.95841e-09
3.95841e-09
3.95841e-09
3.95841e-09
3.95841e-09
3.95841e-09
3.95841e-09
3.95841e-09
3.95841e-09
3.95841e-09
3.95841e-09
3.95841e-09
3.95841e-09
3.95841e-09
3.95841e-09
3.95841e-09
3.95841e-09
3.95841e-09
3.95841e-09
3.95841e-09
3.95841e-09
3.95841e-09
3.95841e-09
3.95841e-09
3.95841e-09
3.95841e-09
3.95841e-09
3.95841e-09
3.95841e-09
3.95841e-09
3.95841e-09
3.95841e-09
3.95841e-09
3.95841e-09
3.95841e-09
3.95841e-09
3.95841e-09
3.95841e-09
3.95841e-09
3.95841e-09
3.95841e-09
3.95841e-09
3.95841e-09
3.95841e-09
3.95841e-09
3.95841e-09
3.95841e-09
3.95841e-09
3.95841e-09
3.95841e-09
3.95841e-09
3.95841e-09
3.95841e-09
3.95841e-09
3.95841e-09
3.95841e-09
3.95841e-09
3.95841e-09
3.95841e-09
3.95841e-09
3.95841e-09
3.95841e-09
3.95841e-09
3.95841e-09
3.95841e-09
3.95841e-09
3.95841e-09
3.95841e-09
3.95841e-09
3.95841e-09
3.95841e-09
3.95841e-09
3.95841e-09
3.95841e-09
3.95841e-09
3.95841e-09
3.95841e-09
3.95841e-09
3.95841e-09
3.95841e-09
3.95841e-09
3.95841e-09
3.95841e-09
3.95841e-09
3.95841e-09
3.95841e-09
3.95841e-09
3.95841e-09
3.95841e-09
3.95841e-09
3.95841e-09
3.95841e-09
3.95841e-09
3.95841e-09
3.95841e-09
3.95841e-09
3.95841e-09
3.95841e-09
3.95841e-09
3.95841e-09
3.95841e-09
3.95841e-09
3.95841e-09
3.95841e-09
3.95841e-09
3.95841e-09
3.95841e-09
3.95841e-09
3.95841e-09
3.95841e-09
3.95841e-09
3.95841e-09
3.95841e-09
3.95841e-09
3.95841e-09
3.95841e-09
3.95841e-09
3.95841e-09
3.95841e-09
3.95841e-09
3.95841e-09
3.95841e-09
3.95841e-09
3.95841e-09
3.95841e-09
3.95841e-09
3.95841e-09
3.95841e-09
3.95841e-09
3.95841e-09
3.95841e-09
3.95841e-09
3.95841e-09
3.95841e-09
3.95841e-09
3.95841e-09
3.95841e-09
3.95841e-09
3.95841e-09
3.95841e-09
3.95841e-09
3.95841e-09
3.95841e-09
3.95841e-09
3.95841e-09
3.95841e-09
3.95841e-09
3.95841e-09
3.95841e-09
3.95841e-09
3.95841e-09
3.95841e-09
3.95841e-09
3.95841e-09
3.95841e-09
3.95841e-09
3.95841e-09
3.95841e-09
3.95841e-09
3.95841e-09
3.95841e-09
3.95841e-09
3.95841e-09
3.95841e-09
3.95841e-09
3.95841e-09
3.95841e-09
3.95841e-09
3.95841e-09
3.95841e-09
3.95841e-09
3.95841e-09
3.95841e-09
3.95841e-09
3.95841e-09
3.95841e-09
3.95841e-09
3.95841e-09
3.95841e-09
3.95841e-09
3.95841e-09
3.95841e-09
3.95841e-09
3.95841e-09
3.95841e-09
3.95841e-09
3.95841e-09
3.95841e-09
3.95841e-09
3.95841e-09
3.95841e-09
3.95841e-09
3.95841e-09
3.95841e-09
3.95841e-09
3.95841e-09
3.95841e-09
3.95841e-09
3.95841e-09
3.95841e-09
3.95841e-09
3.95841e-09
3.95841e-09
3.95841e-09
3.95841e-09
3.95841e-09
3.95841e-09
3.95841e-09
3.95841e-09
3.95841e-09
3.95841e-09
3.95841e-09
3.95841e-09
3.95841e-09
3.95841e-09
3.95841e-09
3.95841e-09
3.95841e-09
3.95841e-09
3.95841e-09
3.95841e-09
3.95841e-09
3.95841e-09
3.95841e-09
3.95841e-09
3.95841e-09
3.95841e-09
3.95841e-09
3.95841e-09
3.95841e-09
3.95841e-09
3.95841e-09
3.95841e-09
3.95841e-09
3.95841e-09
3.95841e-09
3.95841e-09
3.95841e-09
3.95841e-09
3.95841e-09
3.95841e-09
3.95841e-09
3.95841e-09
3.95841e-09
3.95841e-09
3.95841e-09
3.95841e-09
3.95841e-09
3.95841e-09
3.95841e-09
3.95841e-09
3.95841e-09
3.95841e-09
3.95841e-09
3.95841e-09
3.95841e-09
3.95841e-09
3.95841e-09
3.95841e-09
3.95841e-09
3.95841e-09
3.95841e-09
3.95841e-09
3.95841e-09
3.95841e-09
3.95841e-09
3.95841e-09
3.95841e-09
3.95841e-09
3.95841e-09
3.95841e-09
3.95841e-09
3.95841e-09
3.95841e-09
3.95841e-09
3.95841e-09
3.95841e-09
3.95841e-09
3.95841e-09
3.95841e-09
3.95841e-09
3.95841e-09
3.95841e-09
3.95841e-09
3.95841e-09
3.95841e-09
3.95841e-09
3.95841e-09
3.95841e-09
3.95841e-09
3.95841e-09
3.95841e-09
3.95841e-09
3.95841e-09
3.95841e-09
3.95841e-09
3.95841e-09
3.95841e-09
3.95841e-09
3.95841e-09
3.95841e-09
3.95841e-09
3.95841e-09
3.95841e-09

VECTORS velocity float
-2.76124e-11 6.09828e-11 1.52093e-11
-9.16795e-13 -3.51016e-12 5.33086e-13
5.00303e-13 7.56683e-13 9.27086e-14
4.92371e-12 -5.20256e-12 -3.39249e-13
-8.04032e-12 1.01369e-11 4.24515e-12
-6.3567e-13 1.57649e-12 2.60315e-13
6.60313e-19 2.49244e-22 -5.0412e-16
-8.99456e-12 -4.11334e-12 1.06687e-12
4.17606e-12 -8.85906e-13 -5.62724e-12
1.92312e-20 7.66605e-20 5.72292e-21
-1.03918e-11 -1.08685e-11 -3.03381e-12
-1.16825e-17 1.71909e-24 8.91957e-15
-6.89932e-13 -7.10344e-13 6.62012e-15
-3.59067e-12 -2.39115e-12 1.47229e-12
-1.21015e-12 -1.73484e-12 2.2568e-12
-5.36118e-12 -5.75837e-12 4.81379e-12
-7.54317e-13 1.12041e-12 2.19315e-13
-4.76483e-13 -1.01853e-13 -2.48827e-13
-6.389e-13 4.71015e-13 -6.87395e-13
-2.28865e-14 -9.72293e-14 6.05123e-14
-2.31675e-13 -1.38618e-12 -5.91701e-13
4.20642e-14 -1.73087e-12 -1.24625e-12
2.64704e-12 4.69814e-12 6.38392e-13
-6.83671e-12 1.34996e-12 -3.55481e-13
-1.27447e-13 -7.44741e-13 -3.06079e-13
9.98164e-12 1.22161e-11 2.07203e-12
-1.47612e-12 -7.21602e-13 -1.58506e-13
-3.27682e-12 -2.90733e-12 -1.46165e-13
-7.5718e-13 -5.20351e-12 -1.30901e-12
-5.936e-12 1.08661e-11 1.43434e-12
-1.38528e-13 -4.22862e-13 -3.97073e-14
-2.47471e-11 1.15724e-11 2.02968e-11
-7.49777e-14 -2.47919e-13 8.71055e-15
-2.26596e-12 1.5053e-12 5.67674e-13
-5.7521e-13 -6.98e-13 -1.62448e-13
3.04012e-13 -5.50012e-13 4.2457e-13
1.43418e-12 -1.63936e-12 -1.38693e-12
-7.02178e-14 5.5021e-13 2.16145e-13
-1.04159e-18 3.72316e-24 7.9519e-16
-5.69205e-13 2.67299e-13 -4.03133e-14
-1.37695e-13 4.11549e-13 5.49019e-14
-2.23018e-12 2.26657e-12 -2.33706e-13
8.82238e-12 2.36657e-11 -2.51365e-12
7.2515e-12 3.12086e-12 2.00682e-12
1.69437e-13 -8.58239e-13 -3.61242e-13
9.41376e-12 -2.36181e-13 4.19124e-13
1.06175e-14 -1.22571e-14 -1.19724e-14
-2.53311e-11 -1.35588e-11 -1.81893e-11
-6.20576e-13 6.51062e-14 -2.64026e-13
-2.77367e-11 -4.2463e-11 2.17852e-11
-9.41205e-12 -1.24491e-11 -2.90151e-11
-7.38079e-12 1.74344e-12 -1.05313e-11
-1.40328e-12 -6.14296e-13 -1.53822e-13
1.04804e-14 -4.00415e-14 2.59473e-13
5.85057e-12 -8.56841e-14 -2.29777e-12
-7.34414e-13 5.09455e-13 -8.12183e-14
-2.78385e-12 3.6637e-13 7.91295e-15
-5.2784e-13 9.08268e-14 -4.99365e-13
-9.21419e-14 4.96897e-14 3.46714e-14
5.30724e-14 7.55486e-14 2.84496e-14
-3.5005e-13 1.81423e-13 -1.23803e-13
-3.89088e-12 1.76386e-12 -6.01345e-12
3.51012e-13 6.87881e-13 -2.1624e-13
1.01227e-15 -3.44799e-20 2.98741e-13
6.61977e-13 2.95399e-13 -1.04502e-13
-7.22178e-16 -4.78919e-15 6.30728e-14
-4.61026e-15 1.4717e-13 -5.10376e-14
-1.52435e-11 -2.95139e-11 2.38752e-11
-1.11094e-13 4.70724e-13 1.46381e-13
-6.79622e-12 -3.73916e-12 -1.1712e-12
-6.43132e-13 4.51579e-13 -1.67993e-13
-3.8709e-13 -2.97219e-13 -2.25166e-13
6.53071e-12 2.02429e-11 6.59404e-12
-1.74727e-12 -6.46812e-12 4.86115e-12
-2.69356e-11 -3.29821e-11 1.57762e-11
-1.16147e-11 -1.31565e-11 -2.31732e-12
-3.9014e-13 5.24042e-13 3.22269e-13
-1.5071e-12 7.22454e-13 1.39534e-13
-3.84109e-20 -9.78777e-21 -6.58633e-20
-1.06356e-12 5.37956e-13 -1.07142e-13
4.83799e-13 4.76245e-13 -3.36492e-13
-6.34688e-13 3.31928e-13 1.23716e-13
-2.08745e-12 -4.52386e-12 7.33913e-13
1.59307e-13 1.71347e-12 8.77779e-13
1.1088e-11 1.73066e-12 1.10189e-12
-2.26885e-12 1.70016e-12 2.24494e-13
1.88313e-12 -6.95272e-13 -2.18953e-12
2.07882e-11 -3.59473e-11 -3.94696e-11
-2.13679e-13 6.07202e-13 -2.13125e-13
5.04693e-13 -1.57709e-12 -8.21757e-13
-1.20754e-12 -8.45297e-13 6.83482e-13
-1.03769e-11 -7.47e-12 9.19175e-12
9.06166e-18 2.01602e-22 -6.9181e-15
-1.3551e-11 1.50748e-10 3.1227e-11
-2.43927e-13 -2.50462e-13 -5.65822e-14
-2.13328e-15 -1.41465e-14 1.86307e-13
3.6839e-13 5.00446e-14 4.55028e-13
1.70001e-13 -3.24518e-13 2.68936e-14
-8.73509e-13 -1.70329e-12 1.21024e-12
-2.57931e-11 9.81487e-11 2.59318e-11
4.54131e-12 -7.07665e-13 -1.016e-12
-4.10032e-12 -3.5797e-12 5.61722e-12
-1.12918e-11 4.30248e-12 1.87698e-12
6.03177e-18 1.63486e-21 -4.60544e-15
-3.43033e-13 2.10189e-14 4.53893e-13
-1.52108e-12 -1.18692e-11 8.78579e-12
4.48735e-12 3.78918e-12 2.34198e-12
4.7537e-15 -1.9376e-13 1.62271e-14
4.84255e-12 6.05501e-13 2.77192e-12
-1.11368e-11 -8.06702e-12 5.34917e-12
-6.80761e-12 -4.67642e-12 -4.6528e-13
-9.41888e-13 1.81186e-12 3.10532e-13
-1.00679e-12 1.66577e-12 -3.78193e-13
-1.88759e-12 -1.58565e-12 -1.06016e-12
-6.04886e-11 -1.86319e-10 4.97743e-11
1.83383e-12 2.71892e-12 1.36918e-12
-2.40099e-12 -1.75244e-12 1.03008e-12
-6.37587e-14 1.37167e-13 1.13155e-13
-4.3021e-14 -4.28736e-14 -1.62665e-14
-8.15848e-15 6.26818e-13 7.99825e-14
-2.80153e-13 7.95057e-13 -7.18824e-13
-1.24564e-11 5.21316e-12 1.44871e-12
-1.4813e-13 1.46524e-12 -1.10462e-12
-6.1307e-12 -1.80793e-12 4.72044e-12
8.57103e-12 -9.36489e-12 -1.50051e-12
4.40671e-13 -1.66215e-12 -3.3589e-13
-3.27134e-13 7.96133e-13 2.84937e-13
9.37253e-12 1.88775e-11 -4.0163e-12
2.26451e-12 1.72756e-12 -6.79171e-13
-4.99967e-13 1.73625e-12 -8.23081e-13
-2.06668e-13 -1.65972e-12 -1.08751e-12
-7.43725e-12 1.78589e-12 3.41922e-14
-1.61769e-13 6.24171e-13 -8.48091e-13
-2.11884e-11 2.24514e-11 5.56387e-12
-2.7689e-11 1.18321e-10 3.97644e-11
-8.69889e-18 -1.51816e-22 6.6413e-15
-9.37367e-13 1.04581e-12 -1.9276e-13
4.89476e-14 1.66045e-12 2.91223e-13
-9.72015e-13 -6.1328e-13 -5.30882e-13
-1.72691e-12 -4.45674e-12 -9.48306e-13
-5.50094e-12 -4.02468e-12 -3.42216e-12
4.31863e-12 1.73148e-12 -1.3452e-12
-5.09678e-13 7.55537e-13 -2.65392e-14
1.75609e-11 1.5566e-12 -2.65203e-11
-1.17566e-09 2.46596e-09 3.25852e-09
8.97983e-13 -5.83648e-13 1.30117e-12
-9.42299e-14 4.35289e-12 -1.69358e-12
-5.37612e-12 -1.22879e-13 -7.85116e-13
-1.11851e-17 -8.06351e-22 8.53937e-15
2.70749e-11 -4.83035e-11 3.15811e-11
1.6178e-13 2.34711e-13 -1.92413e-13
-8.60116e-14 9.40994e-13 -7.9988e-14
-9.70649e-12 5.06727e-11 1.37376e-11
-1.34957e-13 -9.89406e-14 -2.76559e-13
1.41839e-12 1.35667e-12 -6.57613e-13
-1.01342e-12 5.40533e-13 -5.37365e-13
4.09069e-10 -3.44083e-10 2.21151e-11
-1.19124e-11 1.69636e-12 -2.14366e-13
-1.56035e-18 -1.38721e-22 1.19087e-15
-7.99694e-14 -2.13734e-15 -1.74943e-14
4.17508e-12 1.21552e-11 4.80409e-12
1.39889e-12 1.3631e-12 1.23244e-12
4.36142e-11 -8.66832e-11 4.38499e-11
-3.52075e-11 -5.61923e-12 -2.78535e-11
6.04517e-09 -1.79078e-11 1.73189e-09
-9.92088e-12 3.06804e-11 -2.71906e-12
-1.57439e-12 -5.69073e-12 -1.00578e-11
-2.93513e-13 7.48734e-13 -7.86304e-13
-4.10936e-14 -1.0554e-14 1.26203e-14
3.51534e-12 -1.90834e-11 5.28887e-12
1.87747e-12 -1.18726e-12 1.02272e-12
-3.23197e-13 -1.0359e-12 -1.31565e-13
1.97366e-13 2.96403e-13 -6.08689e-14
-1.32138e-12 1.73865e-12 -2.16411e-13
-1.11321e-11 -2.1377e-11 1.62982e-11
-1.25577e-12 1.17848e-12 -1.41132e-12
-2.49636e-13 9.96871e-14 -4.94838e-15
3.00908e-13 -3.56314e-14 -4.85296e-14
-1.23583e-11 -8.70386e-12 -5.49267e-12
-7.44204e-14 -4.51152e-14 3.67167e-15
7.81065e-12 -2.08343e-12 7.77915e-13
4.95877e-12 1.43438e-12 -6.34786e-13
-1.18987e-12 1.72798e-12 1.27762e-12
-6.75863e-13 -4.43205e-12 3.5156e-12
-1.55988e-12 1.25296e-12 -5.09215e-13
-1.79973e-11 9.20065e-12 1.94183e-12
-1.18343e-12 1.53503e-12 -1.05744e-12
4.61506e-14 1.74084e-12 -9.43423e-13
7.22468e-12 -3.40329e-12 -1.26715e-11
-9.62438e-13 -6.66646e-14 1.70775e-13
3.99597e-12 1.7751e-12 5.16482e-13
-1.49782e-12 5.35543e-13 -2.37642e-13
1.23009e-12 -1.39154e-12 -1.68689e-12
3.0511e-12 -2.18169e-12 -3.26038e-12
1.06807e-11 1.4465e-11 -5.2225e-14
-1.61306e-11 6.0109e-12 -3.2645e-13
-9.78088e-14 3.89039e-13 1.09729e-13
-4.53099e-12 5.42905e-12 3.54282e-12
-2.04777e-12 1.59509e-12 5.35451e-13
-1.38223e-13 4.12591e-14 -4.40075e-14
7.15338e-13 -1.0256e-12 -9.51441e-13
-1.30624e-13 4.1085e-13 2.79706e-14
-7.33002e-13 2.38727e-13 -5.32228e-13
-1.34596e-11 1.28665e-12 -1.21354e-12
-2.92007e-12 -1.77737e-12 2.83099e-13
-2.78098e-11 -1.81956e-12 3.00248e-11
-1.45763e-12 1.67462e-12 6.036e-14
-2.03874e-12 3.84027e-12 9.79033e-13
-1.08483e-12 1.23806e-12 -1.10603e-12
1.63508e-11 -9.37255e-12 1.32949e-11
-7.23979e-13 -5.05209e-12 -8.58877e-13
-5.71965e-12 1.0435e-11 3.70959e-12
4.88431e-12 8.10473e-12 -1.03276e-12
-5.75493e-12 -5.6873e-12 5.23886e-12
1.07825e-17 1.9844e-20 -8.23289e-15
-1.50583e-12 1.64042e-12 3.39043e-13
-1.50121e-13 1.7338e-12 6.46123e-14
1.74198e-14 9.45127e-13 -1.10999e-12
-4.0691e-13 7.76106e-13 1.60474e-14
-1.31555e-12 5.92203e-13 -8.63322e-14
-7.73083e-12 -1.46355e-11 7.08006e-12
5.54058e-12 5.10484e-12 -7.62318e-13
-3.98782e-12 3.66579e-12 -1.29047e-12
-2.10897e-12 9.82913e-13 -4.87962e-13
-2.58025e-12 1.77613e-12 5.08687e-13
-1.11841e-17 -2.69985e-22 8.53937e-15
5.93484e-12 1.50634e-11 3.67904e-12
9.08061e-18 -1.00119e-20 -6.93359e-15
-5.78935e-12 5.18291e-12 5.43579e-13
-1.75581e-12 -2.91784e-12 -1.02567e-11
-4.09472e-13 1.1378e-12 -4.82269e-13
-3.23926e-15 2.15468e-14 2.81605e-13
-1.54492e-11 -2.8455e-12 3.03041e-12
-2.59633e-13 6.79004e-13 -3.03189e-13
-8.33543e-11 -4.05856e-11 5.27969e-11
-3.40167e-13 -1.23788e-12 5.48434e-13
5.55625e-20 -9.61862e-20 -1.01597e-19
-2.07212e-13 1.31794e-13 1.01891e-13
-2.11594e-13 -3.01062e-13 1.20326e-13
-3.45304e-13 1.89525e-13 3.42673e-14
3.15312e-12 -1.86592e-13 -7.81727e-13
1.01174e-12 -1.77785e-13 -3.42575e-13
1.24742e-12 1.72439e-12 9.95901e-14
-4.59368e-13 1.60001e-12 -3.09662e-13
6.83466e-13 -4.50554e-13 3.02656e-14
-2.13323e-15 -1.41465e-14 1.86307e-13
-1.04654e-12 1.53284e-12 1.46172e-13
-2.75205e-12 1.7286e-12 -8.5755e-14
-6.92652e-12 5.9108e-12 -3.36595e-13
-1.51935e-12 8.25505e-13 -1.69577e-14
8.11648e-12 1.1507e-11 2.03932e-12
3.56472e-15 1.90828e-14 -2.18296e-13
-6.41831e-13 -8.04184e-13 1.83297e-13
2.03314e-12 -4.23119e-13 2.80685e-12
4.59083e-12 1.50179e-12 -1.81768e-12
-1.12617e-13 3.94807e-13 1.44507e-13
6.03124e-18 -9.40643e-23 -4.60544e-15
-2.76161e-11 -2.09517e-11 2.40695e-11
-7.54462e-11 -1.11365e-11 -7.17786e-11
1.20871e-11 1.3923e-11 -1.02918e-12
-2.30243e-12 -1.73769e-12 -2.23061e-12
2.59566e-13 -1.31352e-13 -6.4134e-14
5.51027e-12 5.51923e-12 4.61667e-12
3.97924e-12 4.40909e-12 -4.51128e-12
5.76517e-12 -2.38249e-12 -4.38773e-12
-2.40591e-13 -2.23969e-12 5.19025e-13
2.81561e-12 -5.12832e-12 -2.85325e-12
2.14034e-12 -3.29909e-12 2.21049e-12
6.51484e-12 2.63141e-12 -2.86335e-12
1.11069e-11 3.1323e-12 -3.13078e-13
-2.19772e-12 -2.93207e-11 1.6708e-12
-3.58619e-12 -1.78173e-12 -7.69443e-13
2.07452e-12 7.53091e-13 -1.44425e-13
-2.78492e-11 -5.44503e-14 1.67707e-11
-1.69388e-11 -2.46311e-12 3.64025e-11
1.29273e-12 9.02506e-12 4.69773e-12
-8.01278e-13 9.21811e-13 1.65569e-14
1.8323e-12 -9.43601e-12 -1.14392e-12
-1.1905e-11 2.04342e-11 7.28213e-12
-8.60766e-12 -2.15133e-12 9.52451e-13
8.64455e-12 1.77371e-12 -2.63509e-12
2.77275e-11 1.05675e-11 -3.67881e-11
2.71955e-13 -9.18531e-14 -1.2204e-13
-1.37311e-12 5.3673e-13 4.97747e-14
-2.20029e-11 -9.10944e-13 1.63842e-13
4.12123e-12 2.15919e-11 4.43925e-12
1.73047e-12 1.68974e-12 9.34092e-13
-5.68317e-12 1.31404e-11 3.07645e-12
1.21012e-12 1.71903e-12 6.74878e-13
1.33532e-13 1.39533e-13 -4.31335e-14
7.67002e-12 1.6659e-12 -3.62306e-13
-5.18627e-14 3.09682e-13 -2.25455e-13
-6.23019e-12 -6.75588e-12 -3.78134e-12
-8.86482e-13 1.46866e-12 -5.23216e-13
-3.29097e-12 1.74021e-12 -2.29927e-12
1.69416e-14 5.71223e-14 6.18615e-14
-1.34902e-11 -3.274e-11 1.14742e-11
-1.86463e-11 -8.92521e-12 -3.36329e-12
-6.01983e-11 -2.91999e-11 -3.10235e-11
4.39743e-13 -6.24797e-14 1.00379e-13
-3.41811e-12 2.40468e-12 -3.52712e-13
-1.38443e-11 7.09724e-12 6.15848e-12
5.57974e-14 1.72634e-12 9.54123e-13
-6.34452e-12 1.75508e-12 6.68298e-14
3.55021e-12 -2.25387e-12 8.88287e-12
-1.28388e-11 1.85127e-11 8.42703e-12
2.00868e-11 -1.38693e-11 -2.38489e-11
-1.30044e-12 2.50358e-13 -5.70279e-14
-3.21763e-13 8.19261e-12 -3.71146e-12
-9.83527e-13 1.74947e-12 1.10203e-13
1.53251e-11 4.66834e-12 -5.29319e-13
-7.6848e-12 5.49228e-12 4.17683e-12
-1.27137e-13 4.64688e-13 1.00651e-13
-4.55879e-13 1.19419e-13 -2.14268e-13
-1.00726e-11 5.97003e-12 1.64886e-12
-5.03992e-13 1.67832e-12 4.20529e-16
5.05578e-12 3.53059e-14 -4.55514e-12
-8.77092e-12 -1.2149e-11 5.88823e-12
1.9041e-12 -5.46517e-12 -7.54999e-12
-1.44052e-11 -7.50648e-13 4.33259e-12
2.05435e-12 1.97585e-12 4.63114e-13
-1.69797e-10 -4.00118e-11 -1.58709e-10
-8.1605e-11 -1.13829e-10 3.8908e-11
-2.7219e-13 1.72514e-13 1.07522e-13
-3.26526e-12 -5.92642e-12 3.25107e-12
-1.38112e-12 1.40928e-12 -2.85901e-13
1.09351e-11 -8.86979e-12 3.95286e-12
4.18721e-12 3.18391e-11 1.37347e-11
-5.43584e-13 -1.22824e-13 2.60561e-14
-3.57994e-13 1.73861e-12 3.46192e-14
3.97266e-12 3.27719e-12 -3.19353e-12
-1.51985e-11 7.54639e-12 2.84207e-12
-8.4012e-14 6.14341e-13 7.08319e-17
-8.12127e-12 2.33402e-12 1.10051e-12
1.66056e-12 -2.96177e-12 -4.03755e-12
-2.73419e-11 3.89826e-12 6.47864e-12
1.04626e-12 1.5925e-12 -1.25783e-12
9.921e-12 -5.93196e-12 3.77394e-12
-9.46174e-18 -5.86854e-23 7.22451e-15
2.08739e-11 3.0463e-11 -1.67447e-12
-7.13043e-12 -9.24837e-12 -1.51359e-13
-8.48362e-13 7.12446e-13 -4.68038e-13
3.95469e-12 -1.28387e-11 1.55671e-12
6.89652e-13 2.10842e-12 7.26722e-13
2.76024e-11 9.1354e-11 2.93271e-11
1.90035e-13 1.10191e-12 -7.22764e-13
-8.02391e-12 -3.05405e-11 2.84835e-11
-6.09213e-13 1.71529e-12 6.47057e-14
3.38084e-11 -1.41736e-11 3.70024e-12
-2.90424e-12 1.72762e-12 -4.09721e-13
-2.7276e-15 -6.49969e-14 2.80781e-13
1.75701e-11 -1.26657e-11 1.76483e-12
-1.99493e-12 9.97225e-13 -1.8965e-13
-6.84585e-12 -1.30899e-11 -3.77263e-12
-1.24434e-13 9.43503e-14 1.19271e-13
-2.09339e-17 8.32667e-14 2.74514e-13
-5.96228e-12 8.77106e-12 4.70878e-12
1.97767e-12 -2.67997e-12 -1.08058e-12
-1.09922e-14 -5.51134e-15 -2.22606e-14
-6.44628e-12 -1.01323e-10 2.78841e-11
-1.03926e-12 1.07986e-12 8.72979e-14
-7.68988e-20 6.55706e-20 -4.13866e-21
-3.92155e-12 1.40949e-12 1.61627e-12
3.89242e-11 -1.30625e-11 -6.02993e-11
-4.90339e-12 1.74812e-12 -4.27829e-13
-1.62195e-11 1.55609e-11 7.47338e-12
-1.82229e-11 -2.84911e-12 4.85996e-12
-2.59356e-13 -3.09726e-13 -4.43325e-13
-2.76923e-11 4.07756e-11 4.72083e-11
-6.35213e-12 1.79776e-12 1.32437e-12
-1.09714e-11 1.03256e-12 3.92787e-17
-2.49451e-11 1.87977e-11 3.61506e-12
4.70838e-12 2.93252e-12 1.71285e-12
4.84899e-13 1.84072e-12 5.40056e-13
-1.28425e-11 2.68166e-11 1.56761e-11
-3.7764e-12 1.741e-12 2.84489e-13
-1.60758e-11 -5.17848e-12 3.53042e-12
2.67453e-11 -1.21754e-11 4.23163e-12
-1.91528e-11 -1.0021e-11 -1.37957e-11
-2.74086e-11 2.96147e-12 6.82115e-13
1.58074e-11 -1.65286e-12 -6.26011e-12
2.45994e-12 -1.76982e-12 9.1177e-13
1.35516e-12 -2.6281e-11 5.15744e-12
7.472e-13 2.20799e-12 1.67736e-12
-4.90551e-12 -1.73078e-12 3.131e-12
-3.21716e-12 2.72358e-12 -1.39221e-12
3.9426e-12 -1.66764e-12 2.03483e-12
-2.44766e-16 1.23516e-22 -7.22357e-14
-1.61309e-13 2.03058e-13 -4.42497e-13
5.01232e-13 2.0028e-13 -1.71534e-13
-1.5071e-12 1.81789e-12 5.637e-13
-1.0175e-11 3.89085e-11 8.18814e-12
-2.3819e-12 2.4929e-12 -2.3088e-13
6.45463e-14 2.34287e-14 -2.85144e-13
-1.76005e-11 1.76552e-12 3.01879e-12
2.62863e-11 -4.57833e-11 -1.80245e-11
-3.73454e-11 5.82241e-12 4.04776e-11
2.77246e-11 -8.57847e-11 -9.12097e-11
9.45542e-12 1.73701e-12 2.19669e-13
2.07406e-12 1.72497e-12 -6.25665e-13
-2.27898e-12 2.44281e-13 3.2164e-12
-2.67574e-11 8.49972e-12 -4.23403e-12
-1.78712e-11 -8.92196e-12 3.60401e-12
3.29502e-12 2.96171e-13 8.93595e-14
-2.06709e-12 9.00845e-13 -2.64467e-13
1.43363e-11 -4.87986e-12 -1.80326e-11
5.5229e-18 2.17569e-20 -4.21679e-15
-7.93193e-12 2.72376e-12 1.44127e-12
-2.41105e-11 1.80422e-11 1.30047e-11
-7.85864e-12 1.16131e-12 1.46914e-13
-5.29683e-13 1.72694e-12 3.11371e-13
-4.01182e-13 5.19457e-12 3.2376e-12
-7.34664e-14 8.30721e-12 2.48669e-12
-4.25496e-13 -8.17258e-13 6.06382e-13
5.64792e-14 2.43699e-15 1.0258e-14
2.19398e-20 -3.57806e-21 1.06576e-20
9.61588e-13 -6.02046e-13 9.11687e-13
-2.46326e-12 1.70291e-12 1.84543e-13
-1.11484e-12 9.19095e-13 -6.28552e-14
-2.50121e-12 1.26865e-12 9.81072e-14
9.25012e-12 4.44633e-11 1.3607e-11
1.47757e-11 -1.83097e-11 -1.27284e-11
-1.90948e-11 -1.57096e-11 2.00544e-11
-9.14153e-13 3.68569e-14 -7.98687e-13
-1.37106e-12 1.82277e-12 5.36847e-13
2.81594e-12 -9.34012e-12 -9.69874e-12
-1.57332e-12 5.05195e-13 -2.28604e-14
-2.2232e-12 -1.87943e-12 1.74918e-12
1.3134e-14 7.49881e-14 -6.39507e-15
-6.31187e-19 -3.50422e-20 4.82091e-16
9.63541e-12 4.98296e-12 2.80207e-12
-3.21497e-12 1.12584e-11 -1.13431e-12
-9.71698e-12 4.48415e-13 -3.00919e-12
2.02516e-12 1.10689e-11 5.92467e-12
-1.01477e-11 -1.45362e-11 -2.57498e-12
-1.52012e-12 6.40664e-13 2.26209e-13
-7.45396e-13 3.125e-13 -1.44773e-13
1.36042e-12 -1.84552e-12 2.79802e-12
1.22486e-14 1.73245e-12 8.8374e-13
-1.08832e-12 6.7902e-13 -4.41708e-13
1.15933e-12 1.78945e-12 -1.23375e-12
-1.76689e-12 1.51596e-12 2.44549e-13
-6.33952e-12 -9.49236e-12 1.32449e-11
-1.6728e-12 -1.24038e-12 -3.64151e-13
-2.23557e-11 2.13049e-11 8.58338e-12
-2.13293e-12 1.27454e-12 -1.03951e-13
3.58174e-13 1.59019e-12 3.91399e-13
1.08995e-11 -5.535e-12 -1.97317e-12
1.52706e-15 -3.68196e-14 -1.58621e-13
-2.77192e-11 2.03382e-11 1.21358e-11
3.94329e-15 8.93787e-15 5.6261e-14
-7.46076e-16 1.79853e-14 7.74819e-14
-6.61057e-12 8.80415e-11 2.16173e-11
-1.20119e-11 1.74233e-12 7.1675e-14
-2.45628e-11 8.3663e-12 3.93151e-12
2.71665e-11 -1.82939e-11 1.22416e-12
1.89771e-12 -5.06232e-12 7.70976e-13
-5.48334e-12 1.19021e-12 -1.62219e-13
-7.59195e-13 1.74065e-12 5.71519e-14
-1.01677e-11 -2.7372e-13 -5.38466e-13
-2.77733e-11 -2.82888e-11 3.68893e-11
2.10537e-11 2.27165e-11 -7.82451e-11
-2.64573e-12 4.52952e-12 1.21192e-13
-6.71307e-13 -1.13986e-13 -2.52616e-13
-6.60057e-11 6.60224e-11 -7.28077e-11
1.35127e-12 2.02525e-12 9.48969e-13
-2.52707e-14 -5.22327e-12 8.50445e-12
-4.36166e-12 5.2087e-12 4.3539e-12
-1.08948e-12 7.69466e-13 3.32889e-13
1.86676e-11 8.40478e-12 3.59719e-12
-1.40771e-12 -2.90732e-12 -5.89093e-13
7.86862e-13 -5.05938e-13 -6.5068e-13
7.55312e-20 -7.60867e-20 -7.94618e-20
1.62143e-11 2.11672e-11 1.19174e-12
-6.21555e-13 1.70134e-12 1.17818e-12
2.10871e-11 -2.467e-12 -7.91598e-13
3.98334e-12 -1.07885e-12 -2.62978e-12
1.72181e-11 -5.37366e-12 -1.19601e-12
-2.25853e-13 2.22489e-13 -3.85941e-14
-2.13317e-15 -1.41466e-14 1.86308e-13
3.69289e-12 -4.639e-12 -2.29437e-12
-2.19561e-12 1.36987e-12 4.77863e-13
-6.58912e-11 3.30886e-11 -1.48903e-11
1.08071e-13 1.36109e-13 -8.73919e-15
-2.17034e-12 1.64034e-12 5.55944e-13
-8.59198e-12 2.26319e-11 6.50041e-12
-1.4005e-12 1.73127e-12 8.3551e-13
2.12853e-13 2.53974e-13 2.63655e-12
-1.15599e-11 -2.8432e-12 -4.37877e-12
-6.01301e-12 1.73538e-12 2.5946e-12
8.59199e-13 4.99082e-13 -7.35367e-13
-2.2167e-12 1.78016e-12 -1.48055e-14
-8.63387e-13 -1.48075e-12 -6.74646e-13
-7.7036e-12 2.63306e-12 6.11688e-13
-2.64256e-11 1.1202e-11 4.13826e-12
-1.40501e-12 8.81858e-14 -4.2509e-13
-2.78119e-11 4.98805e-12 1.19993e-11
-2.5834e-12 3.96326e-11 -8.12113e-13
-3.1216e-19 -4.79316e-19 4.82082e-16
-6.01262e-12 4.30069e-12 4.37728e-12
2.42851e-12 -2.90402e-12 8.98351e-13
1.42135e-12 -3.16912e-13 -3.44178e-13
-2.49336e-14 1.36177e-14 1.63237e-14
1.37256e-10 -2.80863e-10 1.88867e-10
-1.28869e-11 -3.50036e-12 -5.1783e-12
-2.64736e-12 4.23226e-14 -1.11953e-13
-5.72637e-12 1.77645e-12 3.29221e-12
-2.4476e-16 8.60764e-22 -7.22337e-14
-1.04161e-11 8.66644e-12 2.41296e-12
-1.19842e-12 1.56113e-11 5.26954e-12
-8.35369e-11 1.40373e-10 -1.18447e-10
-1.73315e-12 -4.80826e-13 2.82294e-12
-1.32958e-12 1.84132e-12 3.03154e-13
-1.86626e-11 -6.33676e-12 -7.28032e-12
8.88122e-12 -2.94041e-11 1.24667e-11
-4.4924e-12 8.58328e-12 4.41783e-12
1.64145e-12 1.08545e-13 -3.59861e-13
-3.88436e-22 -4.96889e-19 -1.66917e-18
1.28168e-13 1.29826e-14 -6.60213e-14
2.35772e-12 1.82172e-12 4.28675e-13
1.40167e-12 -9.3723e-13 -3.95572e-13
-2.86836e-13 1.00875e-12 9.19667e-13
-4.51518e-12 1.71402e-12 -6.55108e-12
-1.08969e-11 1.73375e-12 1.72342e-12
-1.50181e-12 1.70713e-12 4.56414e-13
-1.21408e-11 5.17581e-12 2.27555e-12
-8.12673e-13 -8.70518e-12 1.7302e-12
-4.41185e-12 1.46542e-12 1.59183e-12
-2.17187e-11 -2.28283e-12 -2.78491e-12
-9.66122e-18 -3.84217e-21 7.37626e-15
-6.7095e-12 -2.30986e-12 -5.02116e-14
6.44778e-16 4.27581e-15 -5.63117e-14
-8.45046e-13 -3.68706e-14 2.0514e-12
-2.35231e-12 1.52701e-12 3.42926e-14
1.977e-12 -2.47473e-12 3.34848e-12
2.70019e-12 1.12059e-11 1.10249e-12
-3.03383e-12 2.30599e-11 6.82998e-12
-5.69233e-18 4.69833e-22 4.34637e-15
2.44395e-11 8.06288e-13 -3.35469e-12
-7.00377e-12 -8.1169e-13 1.08873e-11
-2.24469e-12 1.7522e-12 1.49245e-12
-6.5685e-12 4.4624e-12 2.74604e-12
3.2181e-12 1.5663e-12 1.35776e-13
7.31154e-12 3.15787e-11 7.67073e-12
-6.37808e-13 1.74324e-12 6.53728e-13
-8.22381e-12 8.87464e-12 2.52262e-12
-1.21837e-16 1.39561e-14 5.54002e-14
-8.00782e-13 -1.82033e-12 -3.35988e-14
1.21772e-12 -1.6113e-12 -1.23162e-12
-3.56863e-14 -8.73627e-13 -4.66694e-13
-2.26351e-12 7.81454e-13 4.33142e-14
-7.1812e-14 4.91468e-14 5.13747e-14
-4.22364e-13 8.28751e-13 9.28367e-14
-2.77308e-11 5.03339e-11 -2.70022e-12
2.66424e-11 6.1914e-11 2.28483e-12
-1.22554e-12 1.74694e-12 6.98308e-13
-1.80416e-11 5.96632e-12 -5.52401e-12
-1.69398e-11 5.32406e-12 2.07095e-12
-1.80032e-11 -1.21361e-11 -5.73834e-12
-5.28198e-12 2.3927e-12 2.25861e-12
-2.19431e-11 -1.89696e-11 3.28695e-11
-3.0707e-20 3.59095e-20 2.04384e-21
-7.45314e-16 1.79849e-14 7.74801e-14
1.77099e-17 4.00719e-17 2.53034e-16
-7.53988e-12 -4.91317e-13 1.78533e-12
-9.84421e-15 -8.18012e-14 -9.97428e-14
-1.43248e-13 -1.09241e-13 8.93928e-14
-6.35457e-11 -3.16502e-12 -6.00915e-11
2.58359e-14 3.63531e-12 -1.32006e-12
-9.62515e-13 -1.73173e-12 8.24278e-13
-1.92193e-12 1.37541e-12 2.73131e-13
-1.03835e-13 1.57129e-13 2.62935e-13
-1.97677e-12 1.66157e-12 -2.98936e-13
-1.03627e-11 2.83078e-11 -1.94995e-12
1.01291e-15 -6.73959e-15 -8.80823e-14
-2.39083e-12 2.82864e-13 -1.14823e-12
8.5452e-12 2.38563e-13 -3.36492e-12
1.53209e-12 -1.19109e-12 -5.74454e-13
-1.03558e-12 8.39712e-12 2.82798e-12
-6.98911e-12 1.30479e-12 1.67649e-12
-1.08593e-11 -6.39255e-12 -6.35078e-12
2.75611e-11 5.09159e-11 5.16192e-13
-2.66711e-11 -5.19509e-12 -1.37624e-11
-1.51331e-12 1.71992e-12 5.41505e-13
2.21244e-12 -2.65927e-12 -6.35742e-12
1.34217e-11 2.44271e-11 3.67148e-12
-1.72283e-12 1.70522e-12 7.75283e-13
1.01329e-12 2.25297e-12 -1.16761e-11
8.45452e-12 -1.35122e-11 -4.87259e-12
-2.8253e-11 5.72558e-11 4.56316e-11
1.16114e-12 1.73196e-12 7.44373e-13
9.53797e-14 1.68226e-14 8.33835e-14
1.94506e-11 -3.68503e-11 -1.49452e-11
-2.02473e-11 -2.2756e-11 -4.26029e-12
-2.08119e-11 -6.86634e-12 -6.79781e-12
9.61623e-12 -5.36287e-12 -6.80403e-12
-6.63774e-16 -2.43399e-21 -1.95892e-13
1.02811e-11 -5.20367e-12 4.32708e-13
-4.74294e-12 -7.18036e-13 8.21439e-13
-2.21498e-11 1.08949e-11 8.30351e-12
3.37026e-13 -1.91513e-12 -1.18232e-12
9.0851e-13 -1.58192e-13 -3.09731e-13
-4.78876e-12 5.51857e-14 -1.89097e-12
2.77923e-11 -6.51084e-11 6.69377e-11
-1.0716e-10 6.4691e-11 1.63539e-11
-3.89567e-12 2.47033e-12 2.80029e-12
-9.49327e-19 4.78976e-19 4.82082e-16
-1.77764e-12 1.61641e-12 2.17505e-13
9.80233e-11 -9.9207e-11 -1.28105e-10
-1.03244e-12 1.38005e-12 1.36826e-13
1.14638e-20 2.1761e-19 -8.40596e-20
-3.15952e-12 2.32688e-12 6.00129e-13
-1.71161e-12 -1.74497e-12 1.23682e-12
-7.86289e-14 -2.6533e-13 -3.72483e-14
1.13505e-13 1.57092e-12 4.22697e-13
2.76809e-11 -2.23895e-11 -1.11384e-11
2.36347e-12 1.6766e-12 -4.14582e-13
-2.48914e-11 -8.34042e-12 -1.10526e-11
-9.80386e-12 7.75667e-12 4.11675e-12
-1.81763e-19 1.89724e-19 1.14664e-20
3.75237e-11 -1.22003e-10 5.92511e-11
-2.77515e-12 5.25961e-13 6.66738e-13
-6.72877e-12 8.31573e-13 6.17975e-13
8.67715e-12 9.00474e-12 3.64537e-12
4.24521e-12 -1.81923e-12 1.15104e-12
-1.74631e-12 1.74754e-12 2.60493e-13
1.48222e-11 -1.42092e-11 -7.05869e-11
2.72251e-11 2.70627e-11 2.24099e-11
-4.3763e-12 2.68162e-13 7.80209e-13
1.90353e-11 1.20162e-11 1.33345e-12
-1.21513e-12 -1.55436e-11 -7.82139e-12
-1.33988e-12 5.47108e-13 -5.8582e-13
-9.96248e-12 1.6134e-12 3.30962e-13
7.16144e-14 3.80605e-12 -6.65482e-12
8.19449e-12 -3.26154e-11 -1.96235e-11
2.7774e-11 -1.57894e-10 1.90985e-10
-4.37622e-12 -3.57899e-12 -5.10889e-13
-1.82182e-15 1.2118e-14 1.58376e-13
-2.35253e-12 1.71159e-12 4.68615e-12
1.77271e-19 7.32376e-19 -9.87569e-19
-1.24075e-12 8.97493e-13 3.19124e-12
-6.77549e-13 3.31458e-13 -3.97875e-13
5.48584e-11 -6.98412e-11 1.22569e-10
2.05589e-15 1.36333e-14 -1.79547e-13
-1.08248e-11 -4.18523e-13 1.4104e-12
-1.2318e-11 -8.94457e-12 -1.74927e-12
2.57842e-12 -1.55282e-12 -2.17538e-12
-4.11887e-12 -1.66152e-12 1.4307e-12
-5.76124e-12 5.21106e-12 5.30968e-12
1.53328e-12 1.73063e-12 -7.99671e-13
2.46015e-11 1.03149e-11 2.52762e-12
-6.53936e-12 1.10956e-12 7.10121e-13
-1.09349e-12 -1.98943e-12 -6.21005e-13
-6.717e-20 5.41982e-20 -9.7681e-20
-4.13053e-19 4.94468e-19 6.32464e-20
-4.59256e-12 -1.39764e-12 5.92052e-13
-9.559e-12 1.22259e-11 1.92402e-12
3.82078e-12 -2.54974e-11 -1.78225e-11
-2.17632e-11 -1.20385e-11 7.02059e-12
-2.66722e-11 -1.26224e-11 2.62893e-12
2.56851e-12 1.23681e-12 1.65137e-12
-1.44835e-12 -3.8942e-13 1.4205e-13
-2.50541e-12 1.89435e-12 2.26685e-13
-3.17632e-12 1.72922e-12 -4.09383e-13
7.1922e-13 -2.23801e-12 -1.83906e-12
-1.59783e-13 -5.09496e-14 8.19781e-14
-3.41539e-11 1.03619e-11 -6.97279e-12
-1.35073e-11 -9.21741e-12 -5.66225e-12
-2.76416e-11 -4.59593e-12 -5.30855e-11
-2.70356e-11 -7.62602e-12 7.81007e-12
-1.51511e-11 1.95358e-11 9.80336e-12
1.55071e-13 8.74779e-13 2.5937e-12
1.77769e-12 1.40949e-12 1.00097e-12
2.77184e-11 -3.37049e-11 -1.19135e-12
-3.16919e-12 5.27926e-12 5.52587e-12
-3.0327e-12 1.6448e-12 7.08135e-14
5.44889e-11 -8.71494e-11 -2.907e-11
-6.98285e-12 2.57566e-12 2.79976e-13
-3.50679e-12 1.9265e-11 8.01917e-12
-4.79738e-12 9.7559e-13 1.50271e-12
1.7879e-15 4.25939e-14 -1.84002e-13
2.50681e-11 -1.61395e-11 6.41069e-13
-1.20256e-11 3.60297e-12 2.95519e-12
-2.96918e-13 1.05878e-12 -1.63052e-13
-9.19094e-12 8.40122e-12 3.63462e-12
-2.75525e-11 -1.92308e-11 -2.94688e-11
-9.59172e-21 -5.02641e-20 -1.08854e-19
-6.46152e-12 4.23173e-12 2.10204e-12
-2.57189e-12 -7.82338e-13 -1.60186e-13
8.90688e-15 7.93484e-14 -1.87796e-13
6.56085e-13 -6.95563e-13 7.37248e-13
-2.71092e-11 8.62415e-11 1.3861e-11
-1.45799e-12 -1.71741e-12 1.18336e-11
-6.62414e-12 -2.57118e-13 2.5178e-12
3.3815e-12 -9.52065e-12 6.65761e-14
3.55315e-12 -1.70413e-12 -2.39935e-12
9.49079e-18 -1.54787e-20 -7.24676e-15
2.74664e-11 5.10644e-12 -6.07105e-12
5.49861e-12 -1.1613e-11 -2.54483e-11
-4.6729e-12 1.92712e-12 8.00446e-13
-3.27495e-12 1.73784e-12 3.4876e-12
-1.22345e-12 -1.75973e-12 2.05596e-12
2.75608e-11 -2.7304e-11 3.88854e-11
1.97164e-11 1.32589e-10 1.81589e-12
-1.09743e-11 -1.61194e-12 1.18357e-12
-1.16989e-12 1.21314e-12 -1.29158e-12
-8.53811e-12 3.03975e-12 6.35221e-13
2.33789e-12 -1.71761e-12 2.3647e-12
-1.37493e-12 -4.19935e-13 1.35535e-12
-7.75537e-12 1.71557e-12 1.225e-12
-3.17618e-12 1.76907e-12 1.10117e-12
-2.77637e-11 5.71662e-11 1.00578e-10
2.68076e-12 7.07794e-13 4.6104e-13
7.52259e-12 5.0201e-12 7.16029e-13
-8.91638e-12 5.21203e-12 2.48673e-12
-1.40563e-12 1.61618e-12 -6.64696e-14
8.50052e-12 -9.99933e-12 -1.14188e-12
-1.79917e-11 2.82852e-12 -1.74089e-12
2.57924e-11 1.03559e-12 -4.03816e-13
-6.12337e-12 -8.19525e-11 1.26224e-10
-6.31426e-14 2.89052e-14 6.69346e-15
1.05966e-10 -2.64783e-10 1.93944e-10
-1.91501e-12 2.224e-12 1.49603e-12
-1.46416e-11 -1.71823e-11 -2.60582e-12
-7.22192e-16 -4.78925e-15 6.30733e-14
2.44037e-10 -4.10064e-10 2.26548e-10
-3.24062e-12 7.7065e-13 1.31886e-12
-1.56596e-12 -5.51568e-14 1.33436e-13
2.0696e-12 -7.27048e-13 -9.59452e-13
-4.63683e-12 1.73077e-12 2.6592e-12
2.62554e-12 1.43701e-12 2.194e-12
9.97614e-13 -1.09685e-12 1.76607e-12
-3.05522e-11 7.82968e-11 2.60554e-11
-2.7451e-11 9.9083e-12 -7.46389e-12
8.2695e-12 5.70621e-12 -2.30334e-12
1.01535e-11 -2.39505e-12 -8.4964e-13
-2.75189e-12 5.20806e-13 3.15114e-13
-4.70006e-13 -3.82212e-12 3.58092e-12
2.7588e-11 -3.65015e-11 7.30433e-11
-3.62074e-12 1.4348e-12 1.33936e-12
4.61486e-19 -2.7739e-21 -3.5236e-16
7.48148e-13 -4.30812e-12 1.33951e-12
6.62586e-12 -3.35195e-12 3.34924e-13
3.55949e-20 3.26707e-20 3.63339e-20
-1.52964e-11 -5.67e-12 7.2965e-12
1.47014e-13 2.71546e-14 -1.17141e-13
-2.75494e-11 2.11436e-11 -9.45957e-12
2.4458e-12 1.20293e-12 4.52403e-13
-3.51199e-12 1.21764e-11 9.8351e-13
-4.87505e-12 3.03542e-11 -3.59563e-11
-2.61565e-11 -2.61221e-11 1.35072e-11
-9.46215e-18 -1.15834e-20 7.22451e-15
-5.41558e-12 2.5832e-12 3.9465e-12
-3.01475e-12 1.75488e-12 1.02385e-13
3.49513e-12 1.51547e-12 1.97713e-13
1.78435e-11 3.32082e-12 4.19121e-12
-3.79316e-12 2.71242e-12 1.32871e-12
-1.29312e-11 -5.52914e-12 3.09788e-12
-1.58956e-12 1.73526e-12 -4.67566e-13
2.02711e-12 -1.60843e-11 1.65526e-12
-1.03894e-11 -5.80989e-12 -4.65508e-12
1.33999e-13 -1.25413e-13 -1.56627e-13
3.78942e-12 3.76322e-12 3.33725e-12
-9.2441e-12 1.48853e-11 1.02619e-11
2.9182e-11 2.17345e-10 -3.24309e-12
-2.16694e-12 1.36141e-12 -8.52566e-14
-1.49968e-12 -1.74809e-12 3.0653e-12
4.43017e-18 -3.95291e-20 -3.38226e-15
7.38135e-12 1.09417e-11 -1.47975e-12
3.04885e-14 -1.9341e-12 3.14116e-12
2.30961e-19 3.9646e-20 -2.07148e-20
-6.27726e-14 4.5781e-14 -1.2742e-14
9.47101e-14 8.26973e-13 6.87184e-14
6.43158e-13 -1.71946e-13 -5.2246e-13
-7.9208e-12 1.47303e-12 6.32469e-13
-9.80156e-12 1.82111e-12 -3.78905e-12
2.77206e-11 7.23718e-12 1.87218e-11
-5.56566e-14 6.17115e-14 -9.03294e-14
-6.71947e-12 -7.38737e-13 -2.09192e-12
-8.32142e-12 1.67316e-12 1.06756e-12
-3.75066e-13 1.59929e-12 2.23892e-13
-2.18499e-12 2.16036e-12 3.98104e-13
-5.21954e-12 3.23601e-12 -3.99856e-11
-1.27819e-11 -2.1114e-12 7.64135e-13
3.54447e-12 1.81361e-13 1.45256e-12
-2.68076e-11 -1.42906e-11 -9.47861e-12
1.90263e-12 -5.34143e-12 -4.81302e-12
2.16122e-11 -1.43204e-12 -3.76636e-11
3.06174e-12 -1.73454e-12 -4.07115e-13
6.51873e-13 -1.58476e-12 -9.19742e-13
-6.80758e-12 2.74988e-12 9.05392e-13
-7.22926e-12 -1.41726e-13 2.30241e-12
-3.3825e-13 1.56518e-12 -1.04496e-12
-8.9883e-13 6.67029e-13 4.54855e-13
-2.00213e-10 -2.06039e-10 -3.07816e-10
2.78364e-13 1.73537e-12 2.13533e-12
-5.42655e-13 -1.07091e-13 -5.01717e-13
-4.43533e-12 -2.17503e-11 -2.81933e-11
1.81952e-12 -6.93263e-14 1.57574e-12
-1.7459e-11 1.21523e-11 1.31341e-11
9.49142e-18 6.21969e-21 -7.24676e-15
8.27685e-11 -1.03123e-12 8.99386e-11
-2.10619e-12 4.977e-13 3.52078e-13
-1.08505e-10 -2.04653e-11 -1.09778e-10
-4.97326e-12 1.59419e-12 3.27945e-12
-6.50232e-14 1.74199e-12 1.93235e-12
6.37935e-13 9.50337e-13 5.45459e-13
-3.26411e-12 4.82071e-11 -9.5435e-12
7.94572e-12 4.0995e-11 -6.66058e-12
3.30818e-13 9.88445e-14 1.61442e-13
-1.04542e-15 4.15215e-14 1.05847e-13
5.29163e-12 -3.20161e-13 1.64187e-14
4.89882e-13 -3.83587e-12 -1.90039e-13
6.15666e-12 -1.83002e-12 5.78207e-13
1.16279e-13 -6.45717e-12 8.31367e-14
1.29423e-11 -7.2774e-12 6.26205e-14
1.89954e-12 -1.38078e-12 1.64592e-12
-4.65266e-13 4.28054e-12 3.41861e-12
5.30474e-12 -1.68723e-12 2.54421e-13
2.42954e-15 -1.61687e-14 -2.11313e-13
-4.62796e-13 1.8317e-12 2.87886e-12
2.09605e-12 1.69712e-12 1.90437e-14
1.05655e-12 1.0984e-12 3.37024e-13
3.05422e-12 -1.72198e-11 -1.36594e-11
1.07828e-17 -9.87998e-20 -8.23297e-15
5.09919e-12 -4.96797e-12 7.28805e-12
-1.6542e-19 4.03187e-20 -2.80782e-20
2.75388e-12 4.74845e-13 -2.76461e-13
1.64629e-12 -1.45453e-12 7.36126e-13
-9.0769e-12 1.25215e-12 1.00188e-12
1.10948e-11 8.2084e-12 2.66338e-12
-2.67949e-12 1.80013e-12 2.30106e-12
-1.18967e-11 -2.23663e-11 -4.24138e-12
-2.19468e-12 -2.8282e-12 8.98009e-13
-2.06277e-11 -1.96754e-12 1.84022e-11
-2.93625e-12 1.85813e-12 5.40317e-13
-1.78551e-12 -2.23683e-12 3.12087e-12
1.05842e-17 -9.48293e-23 -8.08106e-15
-1.18375e-12 9.40457e-13 3.37027e-13
7.97168e-12 -5.24233e-12 -1.37184e-13
1.52742e-15 -3.68192e-14 -1.58619e-13
-1.47545e-12 7.82084e-13 4.70787e-13
2.26872e-11 8.19642e-13 -8.66679e-12
-4.58362e-12 1.74429e-12 3.359e-12
1.92577e-11 -1.60801e-12 7.20032e-12
2.05752e-12 -1.49914e-12 1.12389e-12
1.96996e-12 -8.56354e-13 -4.05729e-14
5.46981e-12 1.68681e-12 -1.72166e-12
-1.85417e-11 6.6169e-12 -9.18174e-13
-5.54579e-12 1.25426e-11 1.08589e-12
1.87695e-13 -1.71886e-12 1.81927e-12
4.31536e-10 3.31607e-11 2.86661e-10
-4.03396e-13 1.45093e-12 1.33816e-13
1.26858e-12 -3.97822e-13 -1.98127e-13
-3.81468e-12 -3.40692e-12 -7.25006e-14
-4.78034e-12 -1.53951e-12 -4.09209e-12
-1.04639e-11 2.62969e-11 4.45449e-11
-5.9576e-12 -2.54678e-13 4.09836e-13
-4.67673e-13 1.77643e-12 1.10332e-13
-1.11513e-12 -1.73014e-12 1.31487e-12
2.06154e-13 1.51671e-12 1.05576e-12
-7.7106e-12 1.75369e-12 1.30988e-12
-8.19671e-13 1.87891e-12 1.30907e-13
4.76542e-12 1.22122e-12 -1.47273e-12
7.2955e-12 4.46771e-12 3.25018e-12
-1.51607e-11 9.92296e-12 -3.62136e-12
-3.66099e-12 1.48479e-12 -6.34e-13
2.37524e-12 -2.92061e-12 1.78554e-12
-2.40856e-12 1.56285e-12 -4.00838e-13
4.21517e-14 3.28151e-14 6.18663e-14
-2.70079e-12 3.67181e-12 4.91654e-13
4.47382e-12 -7.55759e-12 3.47288e-12
-7.40455e-13 1.75902e-12 2.82023e-12

VECTORS force float
-1.5917e-16 -7.66527e-16 -1.45184e-16
3.37215e-17 3.00737e-17 -6.0881e-17
-2.78273e-17 -2.17771e-17 1.8557e-17
9.14088e-17 1.02922e-16 1.19226e-16
5.09702e-17 5.83703e-17 -1.43402e-17
-2.21397e-17 -7.46211e-17 -5.44987e-17
-6.46235e-27 1.85491e-26 0.0
1.73157e-17 -5.60413e-17 -2.62531e-17
-1.73708e-17 -2.56328e-17 6.5692e-17
0.0 0.0 0.0
-1.64672e-16 -1.57313e-17 -2.20244e-18
-6.46235e-27 -6.17111e-28 0.0
-8.26025e-17 -5.67248e-17 4.97485e-17
-6.69518e-17 1.19738e-16 -3.45409e-17
2.37138e-17 5.82628e-17 -8.57784e-17
-2.13738e-16 -3.42929e-19 1.479e-19
1.36902e-17 1.14535e-17 -5.21655e-17
2.53708e-18 3.12343e-18 -1.54781e-17
-1.45205e-18 2.7082e-17 3.06241e-17
-2.62633e-19 7.06743e-19 7.26881e-18
3.53798e-17 7.85946e-17 -1.63624e-16
7.17246e-17 -5.50691e-17 1.33376e-16
-9.4404e-17 9.7926e-18 7.36777e-17
-8.49372e-17 -2.18043e-17 -7.7614e-17
1.79627e-17 1.89211e-18 -1.91023e-17
4.58053e-17 -5.63341e-17 3.37128e-17
-8.52131e-17 -3.22988e-17 -6.52561e-17
1.07808e-16 1.37417e-17 -4.21276e-17
-2.28496e-17 -3.88711e-17 2.736e-17
2.5086e-17 -1.251e-16 6.93998e-17
-3.84395e-18 -2.20852e-18 -6.63746e-18
4.22902e-17 -1.41133e-16 2.52931e-16
1.03147e-17 8.86378e-18 -1.69915e-17
1.09385e-16 -3.51695e-17 2.78213e-17
6.97152e-17 5.59502e-18 1.34898e-17
2.28637e-17 3.91456e-17 -8.10389e-18
2.42023e-16 5.53453e-17 -1.19853e-16
5.37488e-17 1.08005e-17 2.76841e-17
0.0 -1.85397e-27 0.0
-3.47507e-17 -3.02883e-17 -5.23879e-18
9.49049e-18 -2.61639e-18 -1.59755e-17
4.18446e-17 2.3523e-18 5.73863e-17
-1.63575e-16 -2.9225e-16 1.02257e-16
2.16327e-16 -2.92552e-17 -4.67664e-17
-2.97341e-17 -3.18006e-17 -4.7366e-18
-3.03247e-17 -1.49013e-17 -5.96149e-17
-1.21967e-18 5.47206e-19 -1.38219e-19
7.43585e-17 1.28208e-16 1.11657e-16
-6.01005e-17 -1.43733e-17 -3.9639e-18
3.22483e-16 -6.36573e-17 -2.18963e-16
2.29479e-16 -2.99248e-16 4.342e-16
1.33324e-16 -1.67074e-16 4.00202e-18
-1.64771e-16 -1.64379e-16 -5.4735e-17
5.58347e-24 0.0 0.0
-8.63763e-18 3.74239e-17 8.46346e-17
-3.95301e-17 7.42758e-18 -5.43304e-17
-2.25137e-17 3.07085e-17 4.45636e-18
3.48903e-17 1.1827e-16 1.24765e-16
1.46818e-17 -7.45872e-18 5.809e-18
-1.49133e-16 -6.1764e-17 1.52292e-17
-6.99103e-18 5.3731e-18 -3.11623e-18
-1.8336e-17 -6.04656e-17 1.56473e-16
2.67564e-17 -1.76553e-17 9.14743e-18
0.0 3.4889e-24 0.0
-5.19433e-17 -3.80407e-17 2.28959e-17
-6.20385e-25 8.27181e-24 0.0
1.61591e-17 -4.47367e-18 2.85117e-18
5.12971e-17 3.46579e-17 -2.46461e-16
-9.41586e-18 5.15192e-17 5.48674e-17
9.25897e-17 -8.52298e-17 -6.92916e-17
7.48099e-18 -1.15001e-17 -2.74303e-17
3.92246e-17 7.0318e-18 -4.24766e-18
-3.83371e-17 -2.65567e-16 -3.07874e-17
1.80292e-16 -1.43432e-16 -2.11142e-16
7.3334e-17 9.50508e-17 -2.32802e-16
-9.95174e-16 1.30238e-16 1.21763e-16
-1.92926e-17 1.87767e-17 1.25581e-17
2.30059e-18 9.06056e-18 3.59969e-17
6.61744e-24 0.0 0.0
-2.57333e-17 7.90615e-18 -2.09356e-17
1.05442e-16 -6.32286e-17 8.00048e-17
8.69107e-18 1.732e-17 -1.0857e-17
1.2084e-16 9.92253e-17 -1.23157e-16
3.17035e-16 -2.45477e-17 -6.03176e-17
-1.25388e-16 2.31607e-17 -8.40725e-17
3.88787e-17 -3.58462e-17 -5.83367e-17
-3.18857e-17 -4.96957e-17 -1.44818e-17
8.3129e-17 1.55317e-16 3.87903e-16
-8.27265e-18 4.4594e-17 5.4316e-18
3.94331e-17 -4.69116e-17 9.06013e-17
2.99629e-16 -1.91483e-17 -1.5703e-16
-3.09689e-17 5.13372e-17 -8.89878e-17
0.0 1.59409e-27 0.0
1.88209e-16 -9.00597e-16 -2.12404e-16
4.00566e-17 -4.46286e-17 1.14363e-17
6.20385e-25 0.0 0.0
9.01986e-17 6.15786e-18 -5.01311e-19
2.71227e-17 -1.46798e-17 5.79613e-18
-4.6919e-17 -3.8969e-18 -5.05451e-17
-1.79145e-15 7.21901e-15 1.87073e-17
9.53424e-17 4.04294e-18 -4.44258e-18
-1.06264e-16 9.63112e-17 9.33818e-17
5.25882e-17 3.92043e-17 3.19249e-17
-6.46235e-27 -4.06662e-26 0.0
-1.70007e-17 -3.6096e-17 -5.4497e-18
-1.10919e-16 -6.98415e-17 -2.02026e-16
3.42344e-16 1.08753e-16 -4.65024e-17
1.00799e-17 -3.63607e-17 3.28818e-18
1.63632e-18 -2.21326e-16 -1.58961e-16
-9.31984e-17 -4.1128e-16 -2.85177e-16
-5.00701e-17 -2.32266e-17 5.98584e-17
1.50369e-16 1.20928e-16 2.62613e-17
2.29669e-18 1.65981e-18 9.90949e-18
-6.03574e-16 3.39554e-18 -2.42314e-16
1.33016e-16 1.09732e-15 -2.18005e-16
2.4094e-16 -3.63448e-17 9.26152e-17
-7.86739e-17 5.52129e-17 -5.9485e-18
1.27059e-17 -2.7059e-18 -5.92442e-18
7.31984e-19 8.28479e-18 1.9896e-19
3.94341e-17 2.19153e-17 2.34845e-17
1.36079e-17 -1.01279e-17 5.31545e-18
4.10775e-17 -5.0918e-17 1.17142e-18
-2.65873e-17 -1.77116e-17 -5.27228e-18
6.2358e-17 -4.26089e-17 -3.7891e-17
-3.66981e-16 -8.97299e-18 9.36401e-17
-2.82575e-18 -1.6246e-17 2.45405e-17
4.4141e-17 7.26016e-17 -4.65376e-18
-5.61931e-17 -1.12038e-16 4.59075e-18
-9.55786e-17 1.51621e-17 -6.71753e-17
-4.52606e-17 -4.30692e-18 -7.24978e-18
-2.16735e-16 1.05702e-17 -2.87772e-17
2.84576e-17 -1.66466e-17 5.84762e-17
1.71074e-17 -3.62122e-17 -1.18334e-17
3.48268e-17 -4.34636e-17 3.98435e-17
-5.21053e-17 -8.14849e-16 -7.03802e-17
0.0 2.97006e-28 0.0
-3.62262e-17 4.36852e-19 1.36089e-17
3.71741e-17 7.74989e-17 -6.6004e-17
1.52435e-17 1.36869e-16 -2.2131e-17
-3.10921e-17 -4.81405e-17 -4.3288e-17
1.6237e-16 4.76658e-17 6.49565e-17
2.68683e-17 3.03061e-17 4.60415e-19
-1.88501e-17 1.16244e-17 -3.09204e-17
1.94076e-17 5.47459e-17 1.29951e-16
6.43891e-15 -1.3648e-14 -1.82123e-14
-2.85479e-17 -4.44608e-17 -2.51341e-17
-1.54708e-17 -1.04877e-16 2.41856e-17
-1.11578e-16 1.93682e-16 2.41355e-17
0.0 4.12795e-26 0.0
1.30918e-15 4.46685e-16 -7.02243e-16
-1.00265e-17 -4.15615e-19 -1.0997e-17
6.25988e-17 -1.14241e-17 -3.11186e-17
8.87133e-18 -3.41549e-16 -1.62038e-17
3.9845e-16 2.16221e-16 -4.86864e-17
9.87594e-17 -3.67881e-17 1.0827e-17
1.26463e-17 1.59095e-17 6.51326e-18
2.71758e-14 -2.2524e-14 1.77706e-15
-1.96453e-17 3.09986e-17 -4.47982e-17
6.46235e-27 -2.90398e-26 0.0
2.39955e-18 -1.20903e-18 -1.47592e-18
-5.81483e-18 1.88509e-17 -7.75591e-18
9.98102e-17 8.04861e-17 -4.64661e-17
7.18949e-16 -1.05096e-16 -6.0388e-16
-1.11556e-15 -1.61494e-15 -7.78288e-16
3.95668e-13 5.73313e-16 1.13476e-13
4.89211e-17 -2.8368e-16 2.63786e-16
9.94203e-17 -5.43677e-17 1.04697e-16
-3.85686e-16 7.22437e-17 -6.63633e-17
-1.58936e-18 1.67675e-19 -8.07064e-20
7.45877e-17 -1.29543e-18 -2.67284e-16
-1.9211e-16 -1.21556e-16 -1.0189e-16
-9.68506e-17 1.13691e-18 -7.68409e-18
3.35863e-18 4.90674e-18 -1.48808e-18
1.67104e-16 4.6639e-18 6.42511e-17
2.1563e-17 -1.45324e-16 -1.51858e-16
-8.24382e-16 -1.96346e-16 1.43986e-16
-6.04335e-18 -1.02078e-17 -6.33305e-18
-1.26025e-17 1.10268e-18 3.15996e-18
-8.22079e-16 -1.30954e-17 -5.57642e-16
-3.9211e-18 1.99204e-17 4.53283e-18
-8.03626e-17 -1.83857e-16 -1.08659e-17
3.5364e-17 3.01958e-17 3.59829e-17
2.52648e-17 -5.51976e-17 3.84227e-17
-7.69114e-17 1.56341e-17 -1.59991e-17
-2.31862e-17 -1.33103e-17 -5.92649e-17
3.60948e-16 4.53029e-16 7.54084e-17
-4.03481e-18 -1.50677e-17 2.47886e-17
-6.40977e-17 5.89704e-18 7.08384e-17
1.08491e-17 -1.84852e-16 1.87423e-16
-5.71222e-17 1.93832e-17 -7.07938e-18
1.0235e-16 5.31869e-17 4.78488e-17
-4.9662e-17 1.59336e-17 -4.7776e-17
-1.13505e-17 -6.37447e-17 7.2637e-18
1.44589e-16 -5.90353e-17 9.87096e-17
-3.78451e-16 -1.98458e-16 1.43314e-16
8.25782e-18 -2.11473e-17 1.08639e-16
5.85613e-18 -7.41256e-18 -1.66826e-17
-1.23873e-15 5.26201e-17 2.74725e-17
-9.79414e-18 -4.05775e-17 -3.11748e-17
-3.52757e-18 -2.69955e-19 -1.28077e-18
6.76753e-17 -1.93582e-17 4.51285e-17
-1.4124e-17 -1.15673e-17 -1.56987e-17
-3.2398e-17 -3.31625e-17 9.53817e-18
-1.45715e-15 -3.30775e-16 -6.55821e-16
2.27356e-17 -6.24148e-18 -1.99173e-17
2.13819e-16 1.24184e-16 1.62869e-16
2.53406e-17 7.22535e-17 -1.27261e-16
3.99114e-17 -6.91789e-17 -2.2653e-17
-4.59024e-17 3.9868e-17 4.46788e-17
9.47263e-17 -1.38505e-16 -5.35441e-17
-6.14304e-16 1.25909e-16 -1.35278e-16
-4.62165e-17 -1.56167e-16 2.22269e-17
-2.50556e-17 -7.8648e-17 -7.5535e-17
-4.78825e-17 9.99667e-17 -4.90139e-17
-6.46235e-27 -7.34245e-24 0.0
1.31494e-17 -2.68091e-17 -3.91672e-17
-3.19675e-17 -2.22438e-17 1.02493e-16
-9.75933e-17 -1.80426e-17 -2.32267e-17
1.23434e-17 -1.33538e-17 -1.43254e-17
2.18549e-17 -5.97953e-18 3.25624e-17
1.07959e-16 -2.25411e-16 -2.62674e-16
9.04217e-17 -1.69213e-18 -6.09432e-17
-5.56652e-18 -5.82321e-17 2.04833e-17
-3.63962e-17 -2.38314e-19 -1.42503e-17
5.835e-17 4.94743e-18 -4.29869e-17
-6.46235e-27 2.11809e-27 0.0
-1.12204e-16 -1.25001e-16 -2.05601e-17
0.0 -1.443e-25 0.0
-1.39654e-16 -1.49898e-17 7.02975e-17
-1.734e-15 -1.41119e-15 1.47311e-16
-3.402e-18 3.53577e-17 6.49635e-17
-8.22011e-24 4.1359e-24 0.0
5.28672e-16 1.09366e-17 -4.06525e-17
-3.99568e-17 -1.69344e-17 -2.43499e-18
-2.97426e-16 4.54607e-16 -8.92239e-16
2.06107e-16 1.19769e-16 5.68289e-17
-1.65436e-24 1.65436e-24 0.0
6.26186e-18 7.76133e-19 -6.6913e-19
-4.1357e-18 -6.04201e-18 1.83238e-18
-2.03572e-17 2.17284e-17 1.79328e-17
-2.65372e-16 -4.36012e-17 -1.37519e-17
7.29415e-17 -4.60631e-17 1.23485e-17
-8.57815e-18 2.68702e-17 3.99451e-17
1.2458e-17 6.34278e-18 -2.2189e-17
-7.41611e-17 7.37943e-17 6.13391e-17
-5.63517e-24 2.89513e-24 0.0
1.52529e-16 -3.54561e-17 9.45792e-18
2.13262e-18 -5.53395e-17 3.67731e-17
-4.24946e-18 -3.51596e-17 3.32605e-17
-3.44694e-17 1.55579e-17 1.21858e-18
1.03463e-16 -2.05998e-16 1.15744e-16
-3.41212e-24 4.1359e-25 0.0
2.48403e-17 -3.24747e-17 5.79979e-18
-9.38386e-17 -1.14449e-16 -9.46282e-18
-5.07292e-17 -2.69406e-17 -3.68257e-17
2.24122e-18 -2.53877e-18 -1.15134e-17
0.0 2.66061e-26 0.0
9.56665e-17 -1.01049e-17 -1.13627e-16
-7.44853e-15 1.61848e-16 -6.10936e-15
-3.9921e-16 -1.865e-16 -1.81836e-16
-3.58377e-16 7.52102e-19 4.09497e-18
-1.07137e-17 -2.20574e-18 -8.12e-18
7.47471e-17 -6.95592e-17 1.53812e-17
1.21212e-16 7.65905e-17 -8.91957e-17
2.84818e-16 -3.76168e-16 -3.44398e-16
1.56552e-17 2.55441e-16 -1.63904e-17
6.6535e-17 -4.27189e-17 6.01732e-17
2.84831e-16 4.10101e-17 1.68857e-16
5.24335e-17 5.95695e-17 -2.91906e-17
1.21654e-17 -1.03514e-16 6.10681e-19
-3.10992e-17 -3.22722e-17 2.29236e-16
-3.67118e-16 4.9827e-17 -1.79025e-17
-4.63632e-16 -1.68938e-16 1.60198e-16
2.16604e-16 -2.9682e-17 3.19487e-16
-1.13898e-16 2.39245e-17 -1.28946e-16
-5.39413e-17 7.62581e-17 -3.83808e-17
3.82772e-17 -1.03314e-17 -2.61933e-17
-6.16001e-17 -2.93562e-16 3.73947e-16
-3.90767e-17 -2.22952e-16 4.13299e-17
-9.15093e-16 -1.84125e-16 -4.15785e-16
-1.4569e-16 1.4885e-17 -6.22174e-17
3.86849e-17 -4.15589e-16 5.2586e-16
-2.46605e-17 2.02432e-17 4.83071e-18
-6.52279e-18 -1.73003e-17 -6.62697e-18
-8.00131e-16 -8.12603e-16 -2.39665e-16
-1.64326e-16 -1.65901e-16 3.1194e-17
2.05178e-16 -8.14742e-18 -1.06002e-16
-8.27876e-17 -3.57837e-17 6.52671e-17
8.55147e-18 -1.82397e-17 9.85848e-17
5.47883e-17 1.22151e-17 9.76536e-19
-6.30457e-17 -1.30492e-17 1.51829e-16
-2.62879e-17 2.96636e-17 -3.00115e-17
-4.41316e-16 -6.10003e-16 3.38056e-16
-2.18151e-17 -6.1409e-17 2.58673e-17
7.43881e-17 6.13695e-18 7.37183e-18
-5.12994e-19 -1.33234e-17 1.9223e-18
-1.3106e-16 -8.74212e-17 1.34753e-16
4.39108e-17 -5.97107e-17 -6.16906e-17
-4.18389e-15 -3.18791e-15 -2.77617e-15
4.22492e-17 -6.5956e-17 -1.79084e-17
1.50584e-16 3.91105e-17 9.73926e-17
-8.0418e-16 -7.53421e-16 -3.68359e-16
2.18198e-16 5.76473e-17 5.54273e-18
1.24277e-17 5.54934e-17 2.78726e-17
3.16554e-16 -3.07791e-16 -7.14438e-17
-7.29577e-17 -1.34249e-16 -1.43366e-16
7.57188e-16 3.29724e-16 -2.48245e-16
-2.02227e-17 -1.0154e-17 -3.44329e-18
5.70092e-17 -1.24012e-16 6.92494e-17
2.04564e-17 -7.09598e-17 -2.47013e-17
-8.53481e-17 -3.82665e-17 1.07126e-16
9.4378e-17 7.75674e-17 2.59459e-18
-2.21466e-17 -6.32181e-17 -5.18167e-18
-3.53827e-17 2.32804e-18 5.84323e-18
3.76751e-17 -6.7933e-17 5.07715e-17
-2.60422e-17 1.11289e-17 -5.74696e-17
-4.80395e-16 -1.87502e-16 -8.05406e-17
-1.03814e-16 -6.09179e-17 -1.89443e-16
1.09622e-16 -1.52684e-16 1.15173e-16
9.09528e-17 -2.20139e-16 7.12417e-17
7.50975e-17 -8.61741e-17 9.21287e-17
-1.28157e-14 -3.50863e-15 -1.0939e-14
4.83925e-16 3.0509e-16 -4.76275e-16
3.14513e-18 6.31392e-18 4.44568e-18
2.04638e-17 -4.29096e-17 -6.21562e-17
4.1071e-18 -3.23371e-17 -5.97302e-18
-5.43158e-17 -4.56431e-17 -7.42465e-17
6.79221e-17 -2.3114e-16 1.56233e-16
-4.26513e-17 2.90929e-18 1.06972e-17
-6.05338e-17 1.07712e-16 3.38422e-17
-3.07396e-17 -1.92358e-16 7.46992e-17
-1.26689e-16 -2.16861e-16 -3.18963e-17
-3.63421e-18 -1.35482e-18 -1.11491e-19
8.66512e-17 5.36118e-17 5.06542e-17
-4.32664e-16 -9.80119e-17 4.85962e-17
-4.11561e-16 -1.4044e-16 -1.70934e-16
1.9026e-16 5.39025e-17 -1.53839e-17
-5.73763e-17 1.41781e-16 -1.45014e-16
0.0 1.75289e-24 0.0
-1.22848e-16 -3.26217e-16 4.65786e-17
1.21005e-17 -5.76089e-17 -7.00115e-17
-3.48312e-17 1.40845e-17 1.65813e-17
-1.44787e-16 2.09082e-16 -1.92104e-16
3.07581e-16 -9.2333e-17 1.79932e-16
-3.38467e-16 -2.64432e-16 1.07904e-17
5.71132e-17 3.59092e-17 9.78005e-19
7.71117e-18 -7.11371e-17 -4.32118e-16
-1.5046e-17 4.36529e-17 -5.01324e-17
-7.99143e-17 -1.02779e-16 -3.23109e-16
-6.1164e-17 1.81731e-18 1.3198e-17
-2.03176e-23 -1.65436e-24 0.0
2.55269e-16 -3.87518e-16 5.32628e-17
-1.689e-17 3.81592e-17 -1.20952e-17
4.01641e-17 -2.06338e-16 2.09252e-16
3.32062e-17 -2.99625e-17 -2.91111e-18
3.0226e-23 0.0 0.0
4.8912e-17 -9.24608e-18 2.08607e-16
2.45134e-16 4.40757e-16 8.71476e-17
-1.47949e-18 -1.54784e-18 -8.64492e-19
-1.34306e-16 1.74257e-16 -1.78736e-16
7.20808e-18 -2.36504e-17 5.7445e-18
0.0 0.0 0.0
-6.50333e-17 2.15807e-17 -1.59135e-17
-3.1814e-16 3.31009e-16 3.52215e-16
-9.71956e-17 9.77356e-17 -2.15325e-17
-8.53399e-16 -4.52776e-16 -1.3143e-16
6.58185e-16 -2.37731e-16 2.14693e-17
9.19306e-17 -4.45605e-17 1.82448e-17
7.77431e-16 -4.52746e-16 1.12758e-16
3.44182e-17 -1.0896e-16 8.90727e-17
-2.29121e-18 2.95063e-17 -4.05665e-17
-3.8471e-16 -3.35193e-16 -3.52882e-17
-2.50208e-17 -2.09495e-16 1.30022e-16
-1.20038e-18 -2.70589e-17 -5.75394e-17
-2.16629e-16 -2.53194e-16 2.25707e-16
-6.9072e-17 3.08668e-17 4.6609e-17
2.86281e-17 -1.72092e-17 8.99229e-17
5.08568e-17 8.76875e-17 -3.9211e-16
-1.87243e-16 -4.76457e-16 1.95241e-16
-3.31883e-16 -6.08183e-17 -2.91391e-17
8.04474e-16 -6.99647e-16 -4.35857e-16
3.34411e-17 4.95459e-17 4.19648e-16
2.33373e-16 1.62243e-16 -1.52263e-17
-5.19644e-18 -1.92556e-17 4.21519e-17
-1.1553e-16 -4.67413e-17 7.22074e-18
6.02241e-17 -2.88377e-17 5.068e-17
-6.01089e-16 1.80177e-18 1.44385e-17
0.0 5.68599e-26 0.0
-2.94572e-16 -8.49164e-17 7.59642e-18
1.0893e-16 4.85403e-18 4.81169e-17
4.69869e-17 -4.44293e-17 -9.73863e-17
-6.72129e-18 -1.79175e-16 7.29778e-17
-3.61084e-17 -3.96216e-17 6.57335e-17
-4.06509e-17 -7.42616e-18 1.43578e-17
1.32351e-16 -5.93824e-18 2.54082e-17
-1.28231e-16 3.04676e-16 -3.13875e-17
6.14342e-17 -2.3263e-16 -2.93273e-16
-1.16135e-15 5.02528e-16 2.24401e-16
8.17136e-17 3.84498e-17 -4.48765e-17
-6.66249e-17 -8.73397e-17 8.42642e-18
4.90697e-17 9.09182e-17 -9.81177e-17
-6.73322e-17 -9.83436e-17 2.84396e-16
-2.65962e-16 -9.30006e-17 -7.97518e-17
-1.31256e-17 -1.44506e-17 2.93316e-17
-3.04394e-17 8.0349e-18 -2.03364e-17
1.27521e-16 6.17515e-17 9.39952e-17
0.0 5.20752e-24 0.0
-2.1241e-17 1.69372e-16 2.40094e-18
1.49924e-16 1.76304e-17 -1.57031e-17
-3.40133e-17 2.90262e-17 3.58338e-17
7.42778e-17 3.88265e-17 -7.78357e-17
-3.61095e-16 -1.4584e-17 2.24626e-16
2.43524e-16 1.32682e-17 1.21703e-16
2.86727e-16 1.69458e-16 -4.67143e-17
-1.14239e-17 2.03055e-17 9.48439e-19
0.0 0.0 0.0
9.4875e-17 2.42399e-16 -1.93706e-17
-4.75984e-17 1.78983e-17 -6.0374e-17
2.25003e-17 8.89103e-17 1.89583e-17
-4.93412e-17 4.14144e-17 -2.53765e-18
-3.94958e-17 -4.3687e-16 -8.11788e-17
3.08489e-16 -8.23334e-16 -2.02313e-16
-6.28477e-17 -3.4684e-17 -1.40143e-16
-4.30163e-17 7.19634e-17 7.15349e-17
4.46148e-17 1.62288e-18 1.32699e-17
6.85401e-17 -1.11945e-15 -1.10331e-16
-1.94832e-17 -4.04829e-17 -2.67777e-17
-5.05282e-17 -6.55572e-17 1.08318e-16
7.31352e-18 -5.15008e-18 4.95475e-19
0.0 1.30557e-23 0.0
2.91815e-17 -3.42195e-17 -5.46597e-17
4.86296e-16 7.79171e-17 4.97699e-18
-1.0877e-15 -4.48469e-16 -5.62208e-16
3.84554e-17 -2.09976e-16 -2.86026e-17
-1.55554e-16 2.04097e-16 8.399e-17
3.29407e-17 -2.24831e-17 -1.14798e-17
-5.34647e-18 -1.76885e-17 -9.87352e-18
-1.97303e-17 -7.18111e-17 -1.32402e-16
2.23162e-16 -9.31435e-17 -7.59005e-17
-1.53751e-16 4.09617e-17 -6.65364e-17
-4.19016e-17 -3.8091e-17 3.23539e-17
-8.84479e-17 1.17334e-16 1.42807e-17
1.55948e-15 -2.57569e-16 -3.09515e-16
-3.22753e-16 -2.93066e-16 6.7516e-17
-2.16967e-16 -3.27355e-16 1.21153e-16
-1.58182e-16 -2.18481e-16 2.29298e-16
1.52733e-16 -6.04032e-17 -4.40097e-17
-3.60413e-19 -3.77489e-16 -2.08769e-16
3.42401e-22 0.0 0.0
1.067e-15 4.00557e-16 4.87984e-16
-8.78879e-25 -1.65436e-24 -6.61744e-24
1.03398e-25 0.0 0.0
1.06452e-16 -3.70104e-16 -1.20349e-16
2.751e-17 -1.53977e-17 -7.46306e-17
-8.90473e-16 -4.56818e-16 -3.06181e-16
-3.68879e-16 -4.97446e-16 5.02932e-17
-3.8014e-16 2.00264e-16 -3.56898e-16
6.29438e-18 4.26885e-17 -2.47204e-17
4.90214e-17 -9.14621e-18 -8.92398e-17
1.04551e-16 3.30427e-17 -1.10844e-16
-6.92881e-17 -5.60358e-17 -1.94284e-16
-1.64355e-15 4.6241e-16 -4.83144e-16
2.77143e-16 7.68838e-17 9.71615e-17
-4.1588e-17 -4.12099e-17 -2.91898e-17
4.43933e-16 -6.92992e-16 1.12015e-15
3.38867e-16 1.47489e-18 -2.29976e-17
-1.08207e-16 4.89188e-17 -2.4483e-17
5.04795e-17 7.50135e-17 -8.14226e-17
1.62953e-17 4.93996e-17 -1.04363e-17
-2.74932e-16 -1.29611e-16 -8.3412e-17
-3.92428e-16 -2.69113e-18 1.02709e-16
1.18755e-16 -1.95638e-17 1.64164e-17
-2.48154e-24 -1.65436e-24 0.0
1.82195e-16 9.63133e-17 5.41626e-17
2.11107e-16 -2.9769e-17 -2.27024e-17
-3.52881e-17 -2.13736e-16 7.41662e-17
2.66387e-16 1.9274e-16 1.33121e-16
-3.34919e-16 3.58889e-16 1.44081e-17
-3.82457e-18 -8.68463e-18 8.32295e-18
9.87447e-24 1.24077e-24 0.0
-3.56656e-16 -9.63789e-16 2.91413e-16
9.15661e-17 3.036e-17 -2.43681e-17
-5.35494e-15 2.46305e-15 1.66238e-16
-2.2665e-17 2.51615e-17 9.68648e-18
1.02117e-16 -5.24513e-17 -4.33186e-17
-2.59595e-16 -2.45785e-16 9.88152e-17
5.4636e-17 2.78854e-17 -5.90869e-17
-5.62718e-17 -1.06035e-17 -1.18807e-17
1.41554e-16 1.25314e-17 -4.88544e-16
1.39642e-16 -6.5835e-17 -4.38253e-17
1.8161e-17 2.32305e-17 2.34612e-17
1.60217e-16 -1.13259e-16 9.65363e-17
-9.83645e-17 2.77144e-17 4.40768e-17
5.06491e-17 7.73091e-18 2.28919e-17
-3.43642e-16 -6.20804e-17 2.43758e-17
-7.28068e-18 1.10576e-16 -3.9769e-17
5.79593e-17 1.13378e-16 -3.63901e-16
-8.10651e-17 -5.38878e-17 -4.43856e-17
-1.48893e-23 2.24373e-23 0.0
-6.34542e-17 -2.769e-16 1.40208e-16
8.26026e-18 -9.04897e-18 1.10023e-16
8.73021e-17 5.51369e-17 -4.14024e-17
1.13091e-18 -6.60735e-18 -1.78138e-18
-2.13902e-16 1.30959e-15 -1.23163e-15
-5.42364e-16 -4.1829e-16 -3.96853e-16
-1.20552e-18 3.46876e-16 -1.76548e-17
-1.71798e-16 -9.22357e-18 -4.97482e-17
0.0 -1.33807e-25 0.0
-1.10232e-16 3.38198e-17 2.74412e-16
-5.9453e-17 -2.86386e-17 5.88083e-17
2.90361e-16 -9.42459e-16 7.79531e-16
1.27879e-16 1.89939e-16 -4.63692e-17
1.95104e-17 -2.55865e-17 -3.00068e-17
-6.39099e-17 -3.44169e-16 -5.82466e-16
1.28306e-16 1.95199e-17 -2.35915e-16
-2.05409e-17 5.76907e-17 -1.38589e-17
-1.61881e-17 1.58035e-17 1.58631e-17
-8.27181e-25 1.24077e-24 0.0
-1.8762e-17 4.18009e-18 -2.03558e-18
-8.58094e-17 -6.00682e-17 -2.94962e-17
-9.82656e-17 1.44084e-16 1.74561e-17
-1.32791e-16 -9.5573e-17 1.97133e-17
-3.09275e-16 -2.80752e-17 -2.61236e-16
-4.48767e-17 -1.28008e-17 1.04488e-18
3.05563e-17 -6.13832e-17 2.96098e-17
3.36482e-17 -1.0243e-17 -9.30405e-18
-2.24822e-16 -2.62467e-16 1.67229e-16
3.3857e-16 1.95212e-16 1.29318e-16
7.5859e-16 -3.1441e-16 1.84126e-16
6.46235e-27 -1.11724e-24 0.0
-4.50929e-16 -2.47236e-16 -6.01245e-18
-3.15363e-24 -4.1359e-25 0.0
3.93956e-17 -1.9038e-16 6.63999e-17
7.21416e-17 -4.88457e-17 -8.67519e-18
3.55122e-16 -2.14571e-16 7.22921e-17
8.58129e-17 -1.41915e-16 4.6163e-17
-1.23846e-16 -5.42538e-16 4.89781e-17
-6.46235e-27 -5.54179e-25 0.0
2.37045e-16 4.22372e-17 -5.37879e-17
-2.97775e-16 2.72953e-16 8.98683e-16
1.19046e-16 3.28053e-17 -1.9769e-17
-1.15606e-16 2.47771e-16 -3.97839e-17
-1.17521e-16 1.97696e-16 -9.04296e-18
2.93871e-16 -1.64137e-16 6.68349e-18
2.79132e-17 6.74572e-18 4.03088e-17
-1.84085e-16 -3.78237e-17 1.27754e-16
1.03398e-25 -2.48154e-24 -6.61744e-24
-1.42169e-16 7.66504e-17 -1.96814e-17
-4.45235e-17 1.08543e-16 1.87966e-16
-2.37194e-16 7.35398e-17 -3.65021e-17
-4.83162e-17 2.81825e-17 -5.94231e-17
1.03904e-17 -1.50517e-17 -7.60047e-18
-9.04034e-17 -2.71409e-18 -2.73795e-17
6.18953e-16 -2.81122e-16 -2.66728e-17
-1.85586e-16 -2.68106e-16 -2.4629e-16
3.52169e-16 1.03247e-16 -7.16187e-17
7.46321e-17 4.50502e-16 -1.89044e-16
9.3764e-17 -7.29037e-17 -4.58747e-17
-3.69606e-15 -1.65305e-15 8.92738e-17
-1.46174e-16 4.7902e-17 -2.08731e-17
4.29828e-16 -8.19735e-17 3.89619e-16
0.0 0.0 0.0
2.48154e-23 -1.65436e-24 0.0
9.09899e-24 -8.27181e-25 0.0
1.1523e-17 5.09765e-17 3.05528e-17
-5.9739e-17 6.50279e-18 -2.67721e-17
-1.50371e-18 1.65142e-17 3.30219e-18
-4.46994e-15 -1.74858e-15 -3.89694e-15
-9.32088e-17 -6.79667e-17 7.14827e-18
-1.52338e-16 -7.43987e-18 1.20062e-16
1.17998e-16 -2.62337e-17 -5.09729e-17
8.77993e-18 1.55603e-17 -2.48479e-17
-6.42146e-17 1.23394e-17 -5.51318e-17
-1.67735e-16 -3.74206e-16 2.00232e-16
7.85822e-23 3.30872e-24 6.61744e-24
-1.59518e-16 1.09909e-16 -2.22723e-17
3.36206e-16 -3.60162e-16 -4.34208e-16
-1.86392e-16 -1.70926e-16 1.47191e-17
-1.05102e-16 1.18362e-16 -2.60771e-17
8.85659e-17 -2.17134e-17 -3.49023e-19
1.3018e-16 1.61004e-16 -2.13503e-16
8.94111e-16 -3.84412e-16 2.5337e-17
-2.78465e-16 1.20078e-17 2.47638e-16
2.18596e-16 2.82274e-17 -1.94319e-17
-1.03996e-15 1.47096e-17 3.00098e-16
-1.46803e-15 7.44714e-16 -7.19986e-17
1.50779e-16 1.18476e-17 -1.1602e-16
-3.3174e-16 -3.55432e-17 1.56329e-16
-2.63587e-16 -1.10694e-16 1.48438e-16
1.22067e-15 4.76007e-16 1.40312e-16
-7.94816e-17 -6.43406e-18 4.39965e-17
-5.26606e-18 -1.51804e-17 -8.45875e-18
-1.18034e-15 -2.27716e-15 4.41267e-16
-1.36603e-15 -2.86149e-15 -4.64999e-16
3.50463e-18 -9.61686e-17 -3.27668e-18
-1.24473e-16 -2.48448e-16 -5.27858e-18
0.0 8.42556e-25 0.0
-6.657e-17 3.80592e-17 1.18505e-17
2.92678e-17 1.1791e-17 -3.96665e-17
-1.69395e-15 -7.40349e-16 -2.81909e-16
-2.29415e-16 -4.87119e-16 8.94144e-18
-1.31651e-16 -3.17283e-16 -4.89361e-17
1.41316e-17 -3.39171e-16 1.76719e-16
3.10666e-16 -1.04478e-15 -2.69995e-17
3.90482e-16 -3.63881e-16 -4.76786e-17
5.77601e-17 -1.5374e-17 -1.61102e-16
1.45791e-23 -2.25407e-23 0.0
1.39406e-16 4.41171e-17 6.37533e-17
-1.0459e-15 6.09738e-16 1.20567e-15
6.18466e-17 -8.274e-17 3.54594e-17
8.27181e-25 0.0 0.0
3.28821e-18 -3.99145e-17 -3.13499e-17
9.55031e-17 2.40007e-17 4.86599e-17
-2.26855e-18 1.20282e-17 -9.33661e-18
-9.46373e-17 -7.05556e-17 -2.72906e-17
5.88372e-18 2.37487e-16 2.17084e-16
-1.58044e-16 -1.35475e-17 -6.87668e-17
-5.66977e-16 -3.71637e-16 -1.39783e-16
-1.4844e-15 3.49962e-16 8.51914e-16
0.0 0.0 0.0
1.93676e-16 -5.73324e-17 -6.07539e-16
-8.44234e-17 -1.59022e-16 4.90189e-17
-4.54248e-17 -3.29518e-17 -1.7995e-17
1.65866e-18 -6.17312e-17 -1.07416e-16
-9.67821e-17 -3.13098e-17 -3.78788e-17
2.6959e-16 5.86875e-19 -3.40927e-17
-3.46774e-16 3.58228e-16 1.32105e-15
-9.05469e-17 -1.61135e-16 9.76691e-17
-3.62074e-17 -1.9057e-17 -1.56417e-17
-5.51805e-16 -2.63763e-16 1.24407e-16
-1.30783e-15 4.91996e-16 3.22583e-16
-4.75611e-17 2.33318e-17 7.61517e-18
-3.099e-17 4.22718e-17 -1.51544e-18
1.26541e-16 -9.39982e-17 -5.70936e-17
2.20587e-16 -1.7376e-16 -2.4495e-16
-2.97141e-16 -7.90979e-16 -1.3921e-16
-1.57455e-15 -4.373e-16 2.6546e-16
9.46088e-24 -1.24077e-24 0.0
6.82455e-17 3.45441e-17 -1.23885e-16
8.27181e-25 -1.24077e-24 0.0
-5.22736e-16 -7.03799e-17 -1.34494e-16
-2.46097e-17 9.78286e-18 -2.01225e-17
2.73111e-16 -2.33705e-16 3.28829e-16
9.82277e-25 1.24077e-24 0.0
1.67964e-17 4.89723e-17 -2.25346e-17
5.79361e-16 -8.95863e-17 -1.15258e-16
5.54835e-16 5.02698e-16 2.17829e-16
-2.85311e-16 1.87217e-17 2.09079e-16
-1.59171e-15 -2.92888e-16 -1.40807e-16
8.5279e-17 7.72318e-17 -6.64736e-17
-4.13529e-16 -5.38299e-16 -6.55208e-16
-9.10818e-17 -2.25455e-17 5.32886e-17
2.85873e-17 -3.58781e-17 3.42025e-17
-3.30872e-24 -1.65436e-24 0.0
3.30872e-24 3.30872e-24 0.0
-1.89541e-16 -2.42139e-16 4.11153e-17
3.71765e-17 -1.8592e-16 3.03783e-17
-1.86287e-15 -6.13964e-16 9.02087e-17
3.17697e-16 -1.24954e-16 -1.09215e-16
-4.08641e-16 -6.4165e-16 -2.69633e-16
2.06883e-16 1.03235e-16 -6.87246e-17
-8.41307e-17 6.38074e-18 1.299e-17
7.75177e-18 6.1501e-17 1.39815e-18
-7.78724e-17 -6.28298e-17 2.1585e-18
-4.06233e-16 -1.17521e-16 8.52352e-17
6.32081e-17 -6.31167e-17 -5.45775e-18
7.91641e-18 -1.21276e-18 -4.03916e-16
-1.99895e-15 -4.60972e-16 5.73218e-17
8.62183e-17 -2.67161e-16 5.47667e-16
-1.35365e-16 -3.30248e-16 -2.52381e-16
-1.19404e-16 -3.03829e-16 1.63749e-16
1.03539e-16 5.43882e-17 1.2327e-17
-2.09165e-16 1.23805e-16 3.16722e-17
1.53535e-16 7.75332e-16 2.23176e-16
3.64178e-18 2.06002e-18 8.30815e-17
-2.86749e-17 -1.67395e-17 -1.27934e-17
-3.82685e-16 6.47456e-16 7.13687e-17
3.64975e-17 -4.13792e-16 4.94089e-16
-1.08034e-16 -3.38447e-16 -3.69232e-18
1.65256e-16 -8.56281e-18 -1.47687e-17
-9.90032e-23 0.0 0.0
3.27433e-16 -7.19985e-16 -8.39899e-17
-2.1897e-16 8.96998e-17 4.9815e-17
-2.1056e-16 1.31983e-17 3.99008e-17
-2.92219e-17 -7.07829e-17 2.96922e-17
-9.31166e-17 -1.08629e-16 7.61913e-16
1.03398e-25 0.0 0.0
-2.71128e-16 5.35153e-17 -7.30292e-17
1.60085e-17 -4.59741e-17 -1.07974e-16
-1.31956e-17 -7.25486e-18 -8.54286e-19
-5.16947e-17 7.16284e-17 -6.57785e-17
3.98764e-16 -3.99855e-16 2.70366e-16
-1.73237e-16 -2.53534e-17 2.86707e-16
-2.94797e-16 5.01276e-16 -9.40176e-17
6.71842e-17 1.1918e-17 1.58489e-16
-2.3625e-16 2.08892e-16 -1.09096e-16
6.46235e-27 -6.04117e-24 0.0
-1.99478e-16 -2.10045e-17 7.49703e-17
-6.86821e-17 1.06767e-16 -3.11842e-17
-6.05461e-17 2.39597e-17 -1.79767e-17
7.10846e-17 -2.13885e-17 1.65248e-17
4.41658e-17 1.08509e-16 3.39358e-17
-4.82392e-16 2.26031e-16 5.77981e-17
-1.67683e-16 -5.28222e-16 2.54649e-16
4.12704e-16 1.23122e-16 3.54406e-16
-8.92527e-17 -1.32056e-16 8.88612e-17
-5.11543e-16 -4.21152e-16 -3.40104e-16
-1.0712e-16 7.63041e-18 -9.51153e-17
-2.354e-16 -2.8333e-16 -1.23992e-16
-1.66797e-17 -1.19215e-17 -4.43948e-17
-7.06515e-17 3.00335e-17 3.0699e-17
-7.55636e-16 -9.62079e-16 -4.97585e-16
-7.45865e-17 -6.15411e-17 -4.27042e-17
-3.09499e-16 1.5466e-16 5.35563e-17
-3.13872e-17 -1.4627e-17 -4.47342e-17
1.90883e-16 -3.33252e-17 -8.96641e-17
-2.09002e-16 9.3527e-17 1.61884e-16
2.70219e-16 -2.00235e-16 5.56403e-17
1.47163e-16 6.02619e-16 -3.69658e-16
1.22268e-16 -3.54996e-17 -7.74539e-16
9.70672e-18 9.17896e-18 4.73794e-18
-1.42661e-15 9.28379e-16 -7.58959e-16
-1.13371e-16 4.52802e-17 -6.42576e-18
5.61593e-16 -3.45943e-16 -1.04971e-16
2.89513e-24 -4.1359e-25 0.0
-1.64068e-15 2.09952e-15 -9.58402e-16
4.54435e-17 -1.43731e-17 -2.60665e-17
-3.44772e-17 -5.29312e-17 8.9714e-17
-6.20036e-16 6.26928e-17 -2.18497e-17
5.51493e-17 1.9735e-17 3.66236e-18
-7.03754e-17 -5.22722e-17 -2.42346e-17
-9.38934e-17 -1.93175e-17 -5.04766e-17
-3.18141e-16 4.59474e-15 1.40802e-15
3.74577e-17 1.05248e-16 -2.22576e-16
-2.11323e-17 -2.82416e-16 7.71564e-17
-3.86171e-17 -2.09823e-16 -3.50231e-17
-1.92664e-17 1.05249e-16 -4.84604e-19
-1.15647e-16 7.56003e-17 -7.32472e-17
1.94527e-16 5.64694e-17 9.87449e-16
9.78389e-17 8.34836e-17 -1.07927e-17
6.46235e-27 -1.32964e-25 0.0
-2.38844e-17 -2.56289e-16 1.38559e-16
-9.36018e-17 -1.39978e-16 1.71169e-16
3.30872e-24 0.0 0.0
3.39749e-16 1.23725e-16 2.61316e-19
2.17641e-17 6.01284e-17 -4.77303e-19
-1.11313e-16 -4.69395e-16 3.64425e-16
-8.7735e-17 3.81484e-17 1.01048e-16
-5.98378e-16 -6.46227e-16 -7.70165e-16
-1.17784e-16 -1.39502e-16 2.23989e-16
8.22656e-17 -8.04029e-16 -2.49898e-16
0.0 1.90122e-24 0.0
1.21278e-16 -1.55873e-16 -3.6299e-17
3.15102e-17 5.20766e-17 5.77652e-18
2.98614e-16 -1.29308e-16 -1.37086e-16
1.55046e-16 1.08144e-16 3.42762e-16
-1.05237e-16 1.7421e-16 4.77815e-17
-2.03734e-16 -3.40741e-16 2.12374e-16
-1.86847e-17 3.34293e-17 -5.9501e-17
-3.81067e-16 -5.76851e-16 -3.88382e-16
-3.80263e-16 -2.44275e-16 -2.27737e-18
-8.41383e-17 3.11535e-17 5.90829e-18
9.99745e-17 -9.76751e-17 -1.96797e-16
-1.70621e-16 -1.08593e-16 1.31906e-16
-1.52448e-15 4.26183e-15 1.43079e-15
1.9707e-17 -1.53531e-17 -5.47831e-18
-8.5624e-17 -2.36896e-16 1.12734e-16
1.29247e-26 -1.75378e-24 0.0
-7.45604e-16 7.00581e-16 8.05318e-16
-2.29627e-16 5.2934e-17 -1.26378e-16
3.30872e-24 0.0 4.96308e-24
1.05124e-17 -1.11412e-17 -3.28775e-18
-1.99296e-17 5.6915e-17 5.60429e-17
3.9221e-17 -5.61865e-17 -3.53345e-19
-1.63732e-17 -2.10238e-17 -1.53551e-17
-3.13975e-16 5.54599e-17 -2.04917e-16
-1.01326e-15 -4.54623e-16 -5.62879e-16
1.53031e-17 6.75474e-18 1.9841e-18
5.14169e-16 -2.53623e-16 -1.64301e-16
1.35878e-19 4.46654e-19 -2.12881e-17
1.73655e-17 -1.77781e-17 -4.42584e-17
2.12014e-16 9.12265e-18 -6.48815e-17
-2.29762e-15 -7.16529e-16 -2.12123e-15
-1.69688e-16 -3.38286e-17 1.13188e-16
-1.85198e-17 2.64612e-16 1.29637e-16
-2.39169e-16 -1.78325e-16 1.65284e-16
-5.61647e-16 -1.24159e-16 -3.22606e-16
-9.8468e-17 -6.20529e-16 -2.33159e-15
-1.41942e-16 -6.5447e-17 1.92092e-16
1.02187e-16 5.95967e-17 4.41967e-17
-7.1671e-17 8.98586e-17 -1.17235e-18
-3.03932e-16 -1.57912e-16 1.18497e-16
-6.6627e-17 2.30779e-17 1.00939e-16
4.85654e-17 5.74678e-17 -1.79837e-17
-1.93945e-14 -1.59613e-14 -2.15336e-14
1.09273e-16 6.90662e-18 -2.22791e-17
1.4908e-16 -9.89827e-17 -8.61661e-17
-2.0945e-15 -2.29278e-15 -1.25487e-16
-2.34125e-16 -2.04569e-16 4.38606e-17
1.45311e-15 7.07209e-16 1.96726e-17
-6.46235e-27 -2.70884e-25 0.0
2.11091e-16 1.75951e-16 -3.88186e-16
3.24092e-18 -4.5613e-17 -1.06241e-16
-8.41804e-15 -2.07692e-15 -7.36696e-15
-3.58071e-17 -3.89185e-17 9.86246e-18
-9.55474e-17 -2.28266e-17 -1.53554e-16
1.30283e-17 -7.70341e-17 -4.69582e-17
-2.22956e-16 2.31485e-16 -8.49938e-16
5.67855e-17 -3.85045e-16 -9.79592e-18
-1.57738e-17 -2.84528e-18 -2.83839e-18
6.55489e-22 -3.30872e-24 6.61744e-24
-3.12445e-18 -3.76102e-18 5.93949e-18
3.28062e-16 9.69539e-17 -2.67294e-17
1.00337e-16 -3.72193e-17 1.1854e-17
2.82134e-16 2.2495e-16 1.94055e-16
-2.7206e-16 -7.54992e-17 9.0655e-17
-1.04847e-16 8.16898e-18 2.81802e-17
-8.34237e-17 -1.0157e-16 -2.29286e-16
-1.37722e-16 2.26155e-17 1.06395e-17
-4.46678e-23 2.48154e-24 0.0
5.04733e-17 -8.01853e-17 -2.72855e-17
-5.55789e-17 3.5548e-17 -3.2747e-17
-1.63413e-16 1.82841e-16 7.09732e-17
1.22218e-15 -1.17101e-15 -5.37573e-16
-6.46235e-27 -4.1619e-25 0.0
-6.09446e-16 -3.74053e-16 -4.48628e-16
3.30872e-24 0.0 -6.61744e-24
-8.96802e-17 1.55622e-17 1.30464e-16
-1.53325e-16 -7.36155e-17 2.19656e-17
-7.06577e-16 -1.53182e-16 1.87667e-16
-2.26561e-16 -1.06815e-16 -3.22907e-17
-1.83771e-17 -2.19856e-17 -7.2472e-17
1.55279e-17 -5.48646e-16 -5.65519e-17
2.16615e-17 -7.19158e-17 -5.41455e-17
5.78797e-16 -6.30475e-17 -1.65719e-16
1.06259e-16 1.54282e-16 -1.94995e-17
1.54278e-16 2.49359e-16 -7.44461e-17
0.0 2.44972e-26 0.0
2.0562e-18 1.92985e-17 -7.19932e-17
2.64244e-16 -6.40461e-17 2.16937e-16
6.92764e-24 0.0 0.0
1.90809e-16 -7.50267e-17 -1.06964e-17
-6.70118e-16 -9.8506e-16 2.72951e-16
-6.25177e-16 -4.38567e-17 6.1476e-16
-3.54588e-16 -7.32532e-16 -2.44917e-16
1.06129e-16 -1.05842e-16 1.45326e-16
-1.02841e-16 -3.26836e-17 -3.61387e-18
-5.96537e-16 -3.65763e-17 -2.19421e-17
-1.29086e-15 -7.10749e-16 -7.02243e-16
-3.98409e-16 -1.61796e-16 6.32838e-16
-2.85403e-16 -3.26813e-17 -1.23268e-17
2.64389e-14 2.36709e-15 2.00912e-14
-7.62698e-17 6.94475e-17 1.4914e-17
3.17125e-17 -1.11732e-16 1.44069e-17
-9.14531e-17 2.16632e-16 -1.09173e-16
-7.12463e-16 -3.99311e-17 -4.24381e-16
1.59779e-15 1.62437e-16 8.12657e-16
4.90662e-17 5.75545e-17 -1.47028e-16
4.45592e-17 5.77843e-18 -7.54434e-17
2.12811e-16 3.94475e-17 -1.56651e-16
-2.52798e-17 -8.93292e-17 -6.29355e-18
4.61069e-17 -7.40591e-18 6.45194e-17
7.71367e-18 -2.61484e-17 -6.12596e-17
3.68296e-17 1.12359e-16 2.30024e-17
-7.80073e-17 -8.09652e-17 -1.27702e-16
2.40428e-17 4.95902e-16 -4.31989e-16
-1.03016e-16 8.01823e-17 4.30175e-17
1.26385e-16 2.14527e-16 4.44133e-17
-3.40955e-17 9.95407e-18 3.53727e-17
9.95118e-18 1.68044e-17 4.92378e-18
-5.16275e-16 -2.44759e-16 3.71063e-17
2.73189e-16 -7.10508e-16 3.89048e-17
-8.47635e-17 2.29688e-17 -3.87652e-17
