# vtk DataFile Version 3.0
LIGGGHTS particles timestep 99400000
ASCII
DATASET POLYDATA
POINTS 873 float
0.384765 0.0176273 0.00160103
0.384276 0.0168362 0.000152108
0.385979 0.016305 0.000154358
0.384024 0.0178931 0.000346588
0.384103 0.0188777 0.00179976
0.38414 0.0203084 0.00038795
0.385344 0.021108 0.000153527
0.384857 0.0164602 0.000527417
0.384125 0.0186018 0.000725561
0.384479 0.0181392 0.00532873
0.384537 0.0177544 0.000152462
0.383992 0.0184143 0.000151757
0.384812 0.0187844 0.000568853
0.384869 0.0167819 0.000363698
0.384803 0.0169846 0.000152809
0.384915 0.0183348 0.000412633
0.384393 0.0200033 0.000329348
0.384771 0.0189907 0.000354885
0.384249 0.0186361 0.000152072
0.383697 0.0189843 0.000151351
0.38551 0.0163743 0.000153727
0.384537 0.0188112 0.000408422
0.383933 0.0183841 0.000910122
0.383691 0.0196365 0.00137364
0.384551 0.0189669 0.000152444
0.384476 0.0190531 0.00135703
0.384973 0.0159492 0.000153027
0.384718 0.0185669 0.000384781
0.384114 0.0176073 0.000360568
0.384098 0.0188501 0.00119184
0.384545 0.0194202 0.000152446
0.385045 0.0173743 0.000698037
0.385035 0.0210857 0.000153116
0.384772 0.0202231 0.000807152
0.383671 0.0182832 0.000151301
0.385325 0.0170081 0.00015348
0.384387 0.0165562 0.00015223
0.384231 0.0208268 0.00015205
0.384246 0.0213172 0.000152088
0.383713 0.0195261 0.000405419
0.384633 0.0199733 0.00015255
0.383992 0.0202878 0.00155233
0.384483 0.0187432 0.00100059
0.384186 0.021085 0.000765738
0.383776 0.0188306 0.000396501
0.384798 0.0193938 0.00124736
0.38386 0.0208523 0.000151582
0.384491 0.0167411 0.000826766
0.383698 0.0191758 0.000382307
0.384775 0.0177635 0.000333978
0.384311 0.0181618 0.000411136
0.384433 0.0180729 0.000152289
0.38465 0.0160107 0.000152609
0.383254 0.0200098 0.00538195
0.383894 0.018443 0.00061858
0.383721 0.0201648 0.00110894
0.383699 0.0194922 0.000864139
0.385774 0.0165263 0.000154084
0.385379 0.021728 0.000153573
0.38628 0.0159856 0.000154748
0.384848 0.0197614 0.000152852
0.384297 0.0183399 0.000152164
0.384935 0.0213685 0.000152978
0.383124 0.0188914 0.0053278
0.383684 0.0190009 0.00062565
0.384879 0.0194858 0.00532657
0.384411 0.0210667 0.000152303
0.384766 0.0172689 0.000670999
0.384755 0.0205364 0.000152745
0.384609 0.0174633 0.000152565
0.384881 0.0200096 0.000318105
0.383683 0.0186845 0.00015132
0.384162 0.0185702 0.00127856
0.385239 0.0168887 0.00093479
0.384788 0.0175107 0.000494981
0.384247 0.0194577 0.000152149
0.384451 0.0205211 0.000257329
0.384585 0.0196895 0.000278251
0.384989 0.0180879 0.00538114
0.383731 0.0200314 0.000564419
0.384559 0.0213709 0.000152488
0.38375 0.0203316 0.000362374
0.384573 0.0167914 0.000152504
0.3846 0.0205705 0.00124147
0.384776 0.0192293 0.0014972
0.384639 0.0200974 0.000472653
0.383903 0.0177038 0.000549977
0.384494 0.0183088 0.000600776
0.384257 0.0216244 0.000152083
0.384111 0.0181041 0.000151907
0.385046 0.0156469 0.000153133
0.384723 0.0179967 0.000152689
0.384247 0.0178365 0.00015209
0.384318 0.0178481 0.00107352
0.384549 0.0186547 0.000152467
0.384348 0.0198654 0.00534931
0.385094 0.0168168 0.000153198
0.384752 0.0225705 0.000152748
0.384848 0.0172811 0.000152878
0.385244 0.0150807 0.000153389
0.383789 0.0179787 0.000511532
0.384924 0.017576 0.00015296
0.383903 0.0190764 0.00169511
0.383741 0.0199852 0.000151428
0.384918 0.0165741 0.000152936
0.384885 0.017052 0.000501726
0.384186 0.0208278 0.000920195
0.384065 0.0210773 0.00015182
0.384143 0.0171166 0.000665392
0.38461 0.0166839 0.000504771
0.384436 0.0164204 0.000470553
0.384522 0.0198284 0.000536357
0.384329 0.0196006 0.000406404
0.385357 0.0162324 0.000369289
0.384655 0.0177639 0.0006089
0.384445 0.0210826 0.00061393
0.384888 0.0184824 0.000152883
0.384339 0.0202417 0.00015221
0.384024 0.0197277 0.000151798
0.38453 0.0207909 0.000152459
0.384328 0.0191677 0.000152164
0.38394 0.0189665 0.00141837
0.384551 0.0191949 0.000350438
0.385059 0.0170948 0.000261451
0.384487 0.0180145 0.00274646
0.383917 0.0176923 0.000151636
0.384086 0.0206789 0.000369501
0.384017 0.0178156 0.0010481
0.384629 0.0190306 0.000616104
0.384369 0.0196299 0.000702315
0.383973 0.0194558 0.000272738
0.383645 0.018626 0.00149303
0.384214 0.018913 0.000261913
0.383997 0.0183612 0.00149292
0.384354 0.0181276 0.000970878
0.38533 0.0157498 0.000153509
0.384843 0.0197261 0.000750471
0.383882 0.0208933 0.000683803
0.385153 0.0161935 0.000153269
0.384321 0.0175458 0.000152151
0.383893 0.0181982 0.000334512
0.383671 0.0182523 0.000547068
0.383954 0.0200733 0.000368812
0.384054 0.018114 0.000976661
0.384525 0.017627 0.00104162
0.385136 0.0173639 0.000153233
0.384143 0.0188484 0.000895305
0.38543 0.016037 0.000153608
0.384844 0.0162796 0.000152872
0.384041 0.0172809 0.00190693
0.384776 0.0192141 0.000152764
0.384738 0.0211297 0.000152712
0.384242 0.0182841 0.00133722
0.384504 0.0162738 0.000152426
0.384054 0.0212484 0.000551747
0.383685 0.0191839 0.000865309
0.385526 0.0151831 0.00015376
0.38366 0.0192295 0.00180481
0.385015 0.0178821 0.000153096
0.383821 0.0205473 0.00015153
0.38412 0.0173229 0.000881946
0.384887 0.0200695 0.00123921
0.384256 0.0176293 0.0018912
0.384862 0.0154099 0.000152883
0.385449 0.0153171 0.000411083
0.384193 0.0182756 0.000765426
0.384427 0.0184937 0.000374356
0.383698 0.0199058 0.00151214
0.386629 0.0146558 0.000155208
0.384999 0.0169458 0.00110529
0.384194 0.0171429 0.000151997
0.384035 0.0174071 0.000151806
0.38332 0.0173706 0.00557046
0.384223 0.0204655 0.000629471
0.384664 0.0172593 0.000389035
0.385646 0.0158289 0.000153922
0.383727 0.0196849 0.000151352
0.3857 0.021905 0.000153988
0.384618 0.0165645 0.00145456
0.385127 0.0228833 0.000153241
0.383949 0.0181281 0.00240398
0.383656 0.0184144 0.000799005
0.384597 0.0209853 0.000374465
0.384953 0.0181895 0.000152997
0.383829 0.0200711 0.0008451
0.383916 0.0184112 0.0012084
0.384273 0.019306 0.000412651
0.384484 0.019293 0.000625763
0.38406 0.0180981 0.000562722
0.384879 0.0199991 0.000623713
0.383654 0.0183016 0.00107693
0.383711 0.0198085 0.000929167
0.38404 0.0189192 0.000506692
0.384001 0.0186247 0.000370593
0.384096 0.0172042 0.00115637
0.383741 0.0183921 0.00165466
0.384151 0.0200078 0.00015195
0.385432 0.0161542 0.000989522
0.384428 0.0203105 0.000470819
0.384913 0.0202579 0.00015296
0.383737 0.0184819 0.000365851
0.383957 0.0202802 0.000151675
0.383783 0.0193331 0.000624132
0.385412 0.0164235 0.000858941
0.38467 0.0164801 0.000293118
0.384905 0.0176363 0.000740984
0.384543 0.0200376 0.000750395
0.384545 0.0186057 0.000626695
0.384193 0.0193871 0.000690072
0.384375 0.0173074 0.000326281
0.38537 0.01646 0.000564229
0.384684 0.0185515 0.00088703
0.384512 0.0192613 0.00114396
0.384596 0.0183584 0.000152544
0.385398 0.0225749 0.000153598
0.384025 0.0202205 0.000650776
0.384327 0.0195171 0.00122563
0.383991 0.0192075 0.00044013
0.384151 0.0198417 0.000401759
0.384958 0.0208348 0.000422104
0.384423 0.0171198 0.000557588
0.384522 0.019111 0.000884531
0.383977 0.0190641 0.00102036
0.383966 0.0196713 0.000809053
0.38395 0.019828 0.00165544
0.383797 0.0179801 0.000151501
0.384563 0.0188283 0.00157817
0.384475 0.0218465 0.000152389
0.384163 0.0191242 0.00129591
0.385538 0.0156727 0.000386233
0.384176 0.0214768 0.000400124
0.384831 0.0186975 0.00532561
0.385267 0.0171383 0.00109888
0.384787 0.0192974 0.000505741
0.38433 0.0176614 0.000767772
0.385268 0.016555 0.000153424
0.384939 0.0184041 0.00534929
0.384322 0.0197606 0.000152189
0.383571 0.0172133 0.00561819
0.384826 0.0208361 0.000152846
0.384044 0.0195926 0.00053011
0.38395 0.0188232 0.000151695
0.383663 0.0186957 0.000903132
0.384573 0.0197663 0.000874862
0.385544 0.0167736 0.000153767
0.384595 0.019582 0.00533062
0.384024 0.0205359 0.000842431
0.38367 0.0189533 0.00105653
0.384818 0.0186586 0.00147415
0.383998 0.0199217 0.000646966
0.384642 0.0189702 0.00112081
0.38481 0.0191135 0.00529749
0.384823 0.0187753 0.000152842
0.38409 0.0172602 0.000407502
0.383893 0.0187963 0.000737554
0.384172 0.0204908 0.000151977
0.384026 0.0191217 0.000151801
0.384719 0.0171784 0.00107383
0.385052 0.0152442 0.000315822
0.38395 0.017571 0.000875895
0.384535 0.0161709 0.000650912
0.385599 0.0221878 0.000153859
0.383811 0.0178426 0.00161927
0.383838 0.0178409 0.000808748
0.384476 0.0215097 0.000620337
0.385095 0.016411 0.000351609
0.384262 0.0187182 0.000485343
0.385097 0.016661 0.000517353
0.383754 0.018022 0.00103251
0.384775 0.0192142 0.0010082
0.384508 0.0179213 0.000400083
0.384677 0.0161954 0.000387484
0.385716 0.0161397 0.000154
0.384529 0.0178663 0.000860686
0.384411 0.0173697 0.000937237
0.384436 0.0188994 0.00195554
0.384842 0.0197206 0.00105042
0.384666 0.0161567 0.00119108
0.384092 0.0185415 0.00171312
0.384918 0.0157761 0.000391963
0.383842 0.0181377 0.000765364
0.384605 0.0182623 0.000875876
0.385655 0.0216386 0.000284568
0.383739 0.020307 0.000682713
0.38521 0.0159527 0.000338916
0.384589 0.018732 0.00129524
0.384491 0.020832 0.000771988
0.384377 0.0184969 0.000850318
0.384621 0.0195454 0.000538909
0.384733 0.0157222 0.000152726
0.383735 0.017985 0.00208505
0.385022 0.0216963 0.000153099
0.384745 0.0163155 0.000901108
0.383948 0.0191036 0.000724404
0.384351 0.0190302 0.000501337
0.386859 0.0143646 0.000155509
0.384659 0.0181802 0.000385457
0.384489 0.0175878 0.000397336
0.384738 0.0156819 0.000629432
0.383933 0.0210114 0.000413001
0.383647 0.0183513 0.00137266
0.385584 0.0148202 0.000153839
0.384377 0.0207848 0.000410525
0.383792 0.0191593 0.00123687
0.384157 0.0170002 0.00201119
0.384721 0.0184144 0.00115105
0.384131 0.0178979 0.000783292
0.383714 0.0197009 0.000649205
0.384395 0.0188433 0.000731806
0.38424 0.0198735 0.000820489
0.38381 0.0177918 0.00230184
0.384126 0.0189265 0.00209485
0.386429 0.0149011 0.000154946
0.385203 0.0208574 0.000250378
0.38389 0.0186843 0.00132981
0.383947 0.0205273 0.00174167
0.385546 0.0154832 0.000153789
0.38462 0.0169626 0.000394334
0.384167 0.0184102 0.000498595
0.385196 0.0171995 0.000506924
0.384756 0.021196 0.000517415
0.385094 0.0153241 0.000601866
0.384669 0.0180592 0.000659772
0.384625 0.0202781 0.000233595
0.384537 0.017125 0.000152451
0.384917 0.0208989 0.000865326
0.385078 0.0174871 0.000420584
0.384798 0.0179771 0.00136367
0.383713 0.0193667 0.000151366
0.384216 0.0196105 0.000962826
0.384713 0.0188539 0.000843535
0.384927 0.0181464 0.00165981
0.386381 0.0146096 0.000318385
0.38394 0.0192353 0.0019469
0.384625 0.0159358 0.000992226
0.385064 0.0175996 0.000993079
0.384494 0.0216011 0.000335211
0.385037 0.0177713 0.000507708
0.3853 0.0222761 0.000153469
0.384149 0.0174215 0.00135623
0.384617 0.0182388 0.00194652
0.384826 0.0197463 0.000451635
0.384914 0.0180218 0.000398527
0.384413 0.0212931 0.000402576
0.384506 0.0182147 0.00121417
0.384725 0.0216588 0.000152703
0.384369 0.0174106 0.000607919
0.38428 0.0200715 0.000598741
0.383988 0.0176438 0.00175769
0.383998 0.0197803 0.00134191
0.383857 0.020298 0.0054184
0.385054 0.0166358 0.000813162
0.38373 0.0204677 0.00125555
0.384563 0.0178209 0.00230769
0.386866 0.0148392 0.000155518
0.383381 0.0176617 0.00548218
0.384252 0.0191334 0.00191776
0.385573 0.01657 0.000372242
0.383787 0.0207066 0.000403552
0.384609 0.0175087 0.000759445
0.384933 0.0204689 0.000383945
0.384733 0.0182194 0.00546594
0.383855 0.0185733 0.00223043
0.384397 0.0170364 0.00148027
0.385459 0.0212864 0.000705399
0.384994 0.0178984 0.00115068
0.38524 0.0171571 0.000800754
0.385185 0.0218143 0.000376398
0.384784 0.0177663 0.000982415
0.38364 0.0186561 0.00179143
0.383676 0.0194644 0.00161886
0.38472 0.0179296 0.0016495
0.384075 0.017468 0.0006233
0.384683 0.0206986 0.000394728
0.384346 0.0182258 0.00163136
0.384045 0.0194136 0.00122231
0.384942 0.0181845 0.000670843
0.385081 0.0169122 0.0006807
0.384906 0.017765 0.00182702
0.384925 0.0182029 0.00121222
0.384521 0.0212905 0.000819952
0.384024 0.0178751 0.00254701
0.384255 0.0178169 0.000522395
0.38365 0.0185829 0.00118081
0.384869 0.0185034 0.000656458
0.384244 0.0191027 0.000771965
0.385361 0.0169598 0.000583119
0.383039 0.0194119 0.00532808
0.384624 0.0219835 0.000397532
0.384312 0.021744 0.000526527
0.384393 0.0199668 0.00139257
0.384135 0.018057 0.00150129
0.384209 0.0192533 0.00102905
0.385583 0.0215069 0.000544404
0.3849 0.0183466 0.000919818
0.384696 0.0168831 0.000993955
0.384842 0.0174083 0.000925383
0.38437 0.018048 0.000682095
0.384726 0.0194065 0.000783312
0.384595 0.0195564 0.00109803
0.383915 0.0187913 0.00247029
0.384809 0.0180651 0.0009724
0.384759 0.0166249 0.000758371
0.38457 0.0195539 0.00139696
0.384812 0.0194879 0.000270971
0.383949 0.0181169 0.00125743
0.387471 0.0142302 0.000156312
0.383957 0.0192622 0.00146572
0.38491 0.0174139 0.00143372
0.383667 0.0194855 0.00196226
0.384424 0.0200026 0.00102381
0.384149 0.0183884 0.00211817
0.384812 0.0187247 0.00109542
0.386065 0.0154032 0.000154471
0.386193 0.0143552 0.000154638
0.383699 0.0176998 0.00541618
0.385317 0.0167763 0.000349831
0.383991 0.0202703 0.00100011
0.384237 0.0210498 0.000396281
0.384849 0.0197807 0.00135104
0.384436 0.0185036 0.00117495
0.385071 0.0160507 0.000949034
0.384695 0.0169086 0.000684328
0.383966 0.0193571 0.000883771
0.384118 0.0200207 0.00149836
0.385264 0.0153801 0.000153416
0.383737 0.0204241 0.000958864
0.384861 0.0184139 0.00194443
0.386766 0.015446 0.000155387
0.385858 0.0226585 0.000154201
0.384766 0.0190105 0.00170221
0.383821 0.0178459 0.00127299
0.384651 0.0159021 0.000445211
0.384565 0.0185985 0.00191383
0.384324 0.0166934 0.000411434
0.383757 0.0206257 0.000737839
0.383855 0.019792 0.000400755
0.384205 0.0169816 0.000404742
0.384361 0.0205804 0.000869949
0.383746 0.019886 0.00121672
0.384429 0.0194093 0.000896617
0.384264 0.019701 0.00145437
0.384095 0.0174973 0.0021073
0.385857 0.0164151 0.0004202
0.384476 0.0180157 0.00180136
0.385929 0.0159283 0.000154292
0.384496 0.0205858 0.000600607
0.385166 0.0162179 0.00059981
0.385075 0.017798 0.00544926
0.38572 0.0150135 0.000338607
0.383213 0.0181509 0.00539471
0.384967 0.0175102 0.00551503
0.384374 0.0179764 0.0013389
0.383646 0.0190753 0.00206173
0.385042 0.0176622 0.0013292
0.385021 0.0165207 0.00108821
0.385371 0.0167037 0.000739116
0.383687 0.0194289 0.00115716
0.384251 0.0201935 0.000871183
0.383684 0.0197313 0.00175567
0.38455 0.0171259 0.000831624
0.384584 0.0170831 0.00171293
0.38372 0.0180696 0.00144552
0.386417 0.01582 0.000363826
0.384279 0.0170098 0.00091083
0.384166 0.0208226 0.000620873
0.384899 0.0171406 0.00131051
0.384594 0.0192248 0.00196802
0.383935 0.020485 0.000541437
0.383917 0.0176056 0.00146882
0.384504 0.0162026 0.00143974
0.385292 0.0215754 0.000523094
0.38425 0.0176577 0.00547389
0.383949 0.0175526 0.00117531
0.384669 0.0204589 0.000971712
0.384166 0.0170024 0.00171134
0.385647 0.0166177 0.000658815
0.385019 0.0171532 0.00158514
0.38506 0.0206124 0.000153117
0.384648 0.0198871 0.0053544
0.384837 0.0161774 0.000650951
0.384841 0.0204148 0.00132889
0.385258 0.0150732 0.000589044
0.386134 0.0146524 0.000154555
0.384707 0.0203768 0.000557861
0.384197 0.0183694 0.00105318
0.38473 0.0199934 0.000995412
0.383887 0.0186074 0.00270567
0.385739 0.0163339 0.000692502
0.383846 0.0188982 0.00219882
0.385052 0.0212564 0.000405508
0.38402 0.0203931 0.00127286
0.383709 0.0203577 0.00183983
0.383658 0.0188889 0.00134928
0.385055 0.0175679 0.00164622
0.383725 0.0204504 0.00155498
0.385044 0.0173359 0.0011347
0.384113 0.0178101 0.00133236
0.385523 0.0228912 0.000153762
0.384676 0.0184108 0.00170797
0.38468 0.0184119 0.00249347
0.383746 0.0201848 0.0014072
0.387204 0.0148301 0.000155962
0.384504 0.0175641 0.00173547
0.384332 0.0166 0.00184827
0.385828 0.0155866 0.000154149
0.384164 0.0193449 0.00211334
0.383369 0.0195028 0.00532697
0.383938 0.0182989 0.00192469
0.384344 0.0187078 0.0017439
0.384396 0.0171483 0.00114928
0.383999 0.0189293 0.00272315
0.384266 0.0202305 0.00132665
0.3849 0.0166582 0.00149163
0.384888 0.0170644 0.000852946
0.384479 0.0190936 0.00172411
0.383669 0.018646 0.000607385
0.384771 0.0178727 0.00542901
0.384931 0.022263 0.000152985
0.384797 0.0187194 0.00176721
0.386147 0.0150932 0.000154578
0.384624 0.0202233 0.00115647
0.385255 0.0168217 0.00155109
0.383651 0.0189206 0.00164752
0.384246 0.019817 0.0011783
0.383807 0.0188801 0.0019006
0.383792 0.0182626 0.00218403
0.384048 0.0208153 0.00125459
0.384969 0.0176451 0.00238423
0.387104 0.0145422 0.000155832
0.386232 0.0159969 0.00059749
0.384217 0.0195937 0.00532718
0.383994 0.0211105 0.00125289
0.385104 0.0206664 0.000895276
0.38496 0.0179367 0.00223072
0.384343 0.018993 0.00109484
0.384322 0.0185049 0.00152398
0.386034 0.022905 0.00015443
0.383868 0.0176773 0.00203057
0.384483 0.017607 0.00250224
0.384531 0.0199906 0.00176924
0.384121 0.0193085 0.00171234
0.383912 0.0209584 0.00097505
0.384314 0.0188017 0.00139433
0.384591 0.019835 0.00120893
0.384228 0.0190275 0.00157233
0.383202 0.018445 0.00533644
0.383637 0.0184321 0.00199093
0.383738 0.0179125 0.00294812
0.384185 0.0214885 0.000699758
0.383807 0.020716 0.0014052
0.386911 0.0151799 0.000155576
0.386408 0.015065 0.000405325
0.384451 0.0178152 0.00157959
0.38435 0.0176327 0.00128535
0.384168 0.0205883 0.0011
0.385734 0.0154078 0.000376257
0.384883 0.0183661 0.00146038
0.385479 0.0159546 0.000470381
0.38423 0.019528 0.00188516
0.384297 0.0173727 0.00229138
0.384348 0.0181508 0.00562127
0.38524 0.017303 0.00556575
0.382937 0.0180212 0.00543459
0.38453 0.0193759 0.00163526
0.386531 0.0156374 0.000155081
0.384871 0.0228087 0.000290478
0.38485 0.0154724 0.000446023
0.383939 0.0186649 0.00101563
0.384409 0.0183504 0.0022627
0.384797 0.0206164 0.000714676
0.386778 0.0150241 0.00037485
0.38398 0.0200931 0.00124189
0.384201 0.0178784 0.00173287
0.383926 0.0185279 0.00532817
0.385314 0.0171075 0.00162033
0.384609 0.0210502 0.000976344
0.384554 0.0222108 0.000580314
0.384236 0.018658 0.00201956
0.383635 0.0187172 0.00208506
0.384388 0.0164943 0.00124081
0.384209 0.0175724 0.00102744
0.384258 0.0168391 0.000665094
0.384507 0.0203676 0.001442
0.385377 0.0167118 0.00113382
0.384331 0.0211661 0.00101562
0.384493 0.0203332 0.000763495
0.384298 0.0167226 0.00105525
0.384023 0.0180845 0.00211653
0.384803 0.0175485 0.00118774
0.384039 0.0203361 0.00195386
0.387127 0.015063 0.000328428
0.385347 0.0157253 0.000611337
0.385074 0.0159194 0.000604629
0.384511 0.0164494 0.000759569
0.385145 0.0166682 0.00131805
0.38325 0.0191636 0.00532737
0.384463 0.0183038 0.00267059
0.38362 0.0186039 0.00300686
0.384884 0.0211341 0.001062
0.384971 0.0161385 0.000385737
0.386141 0.0157159 0.00015457
0.383814 0.0201548 0.00203452
0.384508 0.0170785 0.0020857
0.384881 0.0169203 0.00208887
0.384517 0.0193915 0.00220541
0.385773 0.023057 0.000154089
0.383869 0.0206738 0.00105937
0.384641 0.0172084 0.00144621
0.384743 0.0208963 0.000621158
0.38453 0.0186008 0.00532954
0.383955 0.0198191 0.00195525
0.384694 0.0184133 0.00219383
0.385395 0.0220027 0.000273123
0.383678 0.0181819 0.00278175
0.384131 0.0178049 0.00209953
0.384821 0.019896 0.00202138
0.384633 0.0165651 0.00102394
0.385921 0.0148895 0.000154282
0.384504 0.0183956 0.00554681
0.384577 0.0177695 0.00194164
0.383648 0.0182102 0.00307883
0.383677 0.0197884 0.00206505
0.384522 0.0187238 0.00218295
0.384046 0.0183165 0.00273333
0.384372 0.0203687 0.00108225
0.384786 0.0173118 0.00168718
0.384605 0.0181671 0.00149334
0.383625 0.0187471 0.00274328
0.384015 0.0173646 0.00161831
0.385456 0.0161931 0.000670762
0.385262 0.0210524 0.000470858
0.383667 0.0191857 0.00150811
0.384274 0.0167486 0.00159407
0.38483 0.0167196 0.00120656
0.384533 0.0173131 0.00189845
0.385647 0.0162013 0.000439508
0.384242 0.018415 0.00534044
0.384489 0.0191119 0.00249392
0.384938 0.0179773 0.00565533
0.384948 0.0161507 0.0012924
0.385449 0.0212776 0.000405706
0.384746 0.0172599 0.00210204
0.383805 0.0196349 0.00532559
0.383814 0.0197678 0.00249218
0.384944 0.0180404 0.00193993
0.385606 0.0166352 0.000955414
0.383971 0.0177367 0.00285403
0.385192 0.0162438 0.00114469
0.384756 0.0214603 0.000375486
0.385172 0.0165033 0.00156716
0.383628 0.0189798 0.002554
0.384791 0.0181638 0.00232966
0.384472 0.0178546 0.00543031
0.384614 0.0180098 0.00564434
0.383621 0.0184463 0.00326209
0.383903 0.0181403 0.00167255
0.385312 0.0159607 0.000793914
0.384101 0.017097 0.00247204
0.384266 0.0167363 0.00210738
0.384767 0.0189866 0.00256239
0.384886 0.0201235 0.0018367
0.384616 0.0198241 0.00153446
0.383892 0.0196399 0.00109816
0.384914 0.0181049 0.00259674
0.386613 0.0151442 0.000155184
0.385753 0.0155862 0.000616693
0.38486 0.0158885 0.00081168
0.384751 0.0175194 0.00190077
0.384998 0.0179166 0.000793309
0.384328 0.018424 0.00185592
0.384336 0.0200476 0.00199016
0.38478 0.0186808 0.00238417
0.384804 0.0169478 0.00154697
0.384409 0.019106 0.00217191
0.384082 0.0206739 0.00151773
0.384663 0.0169581 0.00128255
0.385823 0.0152265 0.000154149
0.3846 0.0184585 0.00142187
0.383631 0.0187322 0.00238463
0.384301 0.0201665 0.00539226
0.385114 0.016337 0.00087019
0.384051 0.0194897 0.00235051
0.384861 0.0217998 0.000383752
0.383897 0.0185959 0.0019343
0.384743 0.0176144 0.00218518
0.384487 0.0188968 0.0053064
0.384147 0.0196737 0.00213384
0.386604 0.0156105 0.000469852
0.385474 0.0214383 0.000153686
0.386618 0.0151004 0.000616481
0.384627 0.0177255 0.00135342
0.384225 0.0174682 0.00256666
0.385831 0.0157694 0.00039198
0.384094 0.0180692 0.00307343
0.384826 0.0182856 0.00281952
0.386352 0.0229097 0.000154848
0.384117 0.0171377 0.00144814
0.384434 0.0167731 0.00134138
0.38397 0.0195535 0.00153626
0.384162 0.01907 0.00251421
0.383788 0.0189119 0.0029359
0.385 0.0173907 0.00200819
0.384598 0.0179379 0.00114356
0.383874 0.0176195 0.00259544
0.383667 0.018166 0.00185578
0.385628 0.0166118 0.00127396
0.384192 0.0187458 0.00258332
0.385546 0.0167537 0.00152514
0.383648 0.0194165 0.00253476
0.384426 0.0196666 0.00170487
0.38455 0.0173936 0.00122834
0.383661 0.0181558 0.00248337
0.384859 0.0212679 0.000789758
0.383897 0.0187505 0.00162231
0.384897 0.0206037 0.00110264
0.384696 0.0179009 0.00256428
0.384994 0.0178544 0.0015545
0.384658 0.0201027 0.0014304
0.384462 0.0175344 0.00208817
0.38687 0.0153304 0.000411846
0.384285 0.0172778 0.00173285
0.38413 0.0186694 0.00229996
0.385212 0.0168268 0.0019467
0.384966 0.0198194 0.00535289
0.384414 0.0174079 0.00149562
0.384792 0.0193492 0.00177997
0.383618 0.0190279 0.0031538
0.383718 0.0200675 0.00176408
0.384006 0.0191419 0.00226802
0.384038 0.0212309 0.000981606
0.38393 0.0184187 0.00247634
0.385425 0.0149662 0.000363531
0.384756 0.0167529 0.00187326
0.383942 0.0179239 0.00187656
0.384519 0.0181131 0.00244564
0.3849 0.0202279 0.00155584
0.385207 0.0172487 0.00137123
0.384594 0.0173933 0.00232353
0.3839 0.0199024 0.0022383
0.386494 0.0143788 0.000155034
0.38424 0.0181128 0.00233349
0.384221 0.0180924 0.00263211
0.384214 0.0180124 0.00539104
0.383974 0.0173991 0.00241788
0.384962 0.0220872 0.000394124
0.384863 0.0170545 0.00182116
0.386081 0.0160997 0.000348213
0.385323 0.0162978 0.00140906
0.384204 0.0169379 0.00124218
0.384297 0.0169825 0.00227596
0.385097 0.0225492 0.000153204
0.38429 0.0193072 0.00238279
0.384245 0.0199032 0.00174318
0.384654 0.0207558 0.00101201
0.384245 0.0177202 0.00272834
0.384287 0.0193398 0.00146426
0.384407 0.018077 0.00208693
0.384011 0.0199018 0.00101285
0.384785 0.0164259 0.00124779
0.38447 0.0163077 0.0010208
0.384548 0.0221389 0.000152478
0.384658 0.0189824 0.00228289
0.384191 0.0181427 0.00187433
0.385954 0.0162471 0.000901127
0.385074 0.0206226 0.000600053
0.383975 0.0210677 0.00154922
0.385453 0.0232291 0.000153669
0.386009 0.0162353 0.000606435
0.384424 0.0199401 0.00225607
0.383505 0.0180521 0.00554354
0.384815 0.0219863 0.000152833
0.386187 0.0148677 0.000356566
0.385195 0.0214745 0.000257786
0.383662 0.0195984 0.00229669
0.384764 0.0165022 0.00170878
0.385172 0.017367 0.00225258
0.38512 0.0220038 0.000153227
0.386302 0.0155438 0.000340296
0.383643 0.0191889 0.00233939
0.384828 0.0196223 0.00189871
0.384328 0.0206365 0.00134948
0.384843 0.0154238 0.000741956
0.386124 0.0157575 0.000452567
0.384781 0.0188439 0.00282588
0.38502 0.0176784 0.00209055
0.384567 0.0167917 0.00164384
0.384884 0.0156278 0.000958078
0.383979 0.0180315 0.00279906
0.383757 0.0178468 0.00324024
0.383935 0.0195121 0.00183134
0.383762 0.0191583 0.00275411
0.385 0.0210596 0.000625893
0.384858 0.0198527 0.00170899
0.385137 0.0154722 0.000859247
0.384092 0.0201157 0.00215025
0.386355 0.0153139 0.000154845
0.385231 0.0155759 0.000378312
0.383826 0.0184045 0.00291794
0.383986 0.0173508 0.00271369
0.386541 0.0235361 0.000155095
0.384907 0.0172703 0.00235516
0.386549 0.0153286 0.000382975
0.38505 0.0156206 0.000613277
0.383911 0.0192733 0.00252014
0.384534 0.0198102 0.00200894
0.383626 0.0184561 0.00267067
0.38568 0.0163358 0.00098676
0.384212 0.0176363 0.00155594
0.386869 0.0146018 0.000338848
0.384803 0.0167204 0.00577573
0.384819 0.0195571 0.00156366
0.384361 0.0187823 0.00296993
0.384383 0.0185825 0.00274725
0.384115 0.0176578 0.00236047
0.384288 0.0182158 0.00289717
0.384594 0.0187465 0.0026106
0.384745 0.0192596 0.00235826
0.38481 0.0185665 0.00271529
0.384212 0.0187682 0.00531307
0.384798 0.0194011 0.00209915
0.384892 0.0215985 0.000603932
0.384328 0.020322 0.00186659
0.384891 0.015881 0.00111868
0.385944 0.0221456 0.000154312
0.385176 0.0173249 0.00177477
0.383482 0.018284 0.0053546
0.383745 0.0179195 0.00264829
0.384225 0.0183693 0.00249838
0.384786 0.0162783 0.0015102
0.384773 0.0189492 0.00138979
0.384548 0.0195196 0.00193595
0.384695 0.017994 0.00210142
0.383868 0.0208201 0.00167999
0.38406 0.0172135 0.0021986
0.384635 0.0202611 0.00169158
0.383906 0.0186704 0.00306942
0.386566 0.014067 0.000155128
0.383807 0.020696 0.00194646
0.384313 0.0178551 0.00246911
0.384619 0.0175971 0.0054915
0.384913 0.0203074 0.0010582
0.384977 0.0178137 0.00263223
0.385822 0.0160023 0.000580835
0.384402 0.0168999 0.00186948
0.383714 0.0181198 0.00335708
0.383631 0.0184325 0.00237165
0.385122 0.0212717 0.000940812
0.385444 0.0164064 0.00115681
0.385667 0.0160511 0.000832965
0.384405 0.0185994 0.00242993
0.385371 0.0154334 0.000676325
0.384274 0.0204606 0.0016062
0.384637 0.0223605 0.000333972
0.386182 0.0152683 0.000395711
0.384408 0.0164246 0.00161721
0.384784 0.0174699 0.00254279
0.38545 0.0168895 0.0017749
0.384016 0.0200932 0.0017793
0.384385 0.0189356 0.0027132
0.384801 0.0186719 0.00208505
0.383827 0.0193721 0.00218904
0.384353 0.0201712 0.00160844
0.385102 0.0213936 0.000667439
0.384729 0.0189484 0.00199334
0.385011 0.0168111 0.00172513
0.385339 0.0210738 0.000880059
0.38412 0.0185615 0.00288964
0.385216 0.0208662 0.0007017
0.386032 0.0144777 0.000376233
0.38454 0.0218801 0.000666328
0.384394 0.0208401 0.00113545
0.384334 0.0188817 0.00235676

VERTICES 873 1746
1 0
1 1
1 2
1 3
1 4
1 5
1 6
1 7
1 8
1 9
1 10
1 11
1 12
1 13
1 14
1 15
1 16
1 17
1 18
1 19
1 20
1 21
1 22
1 23
1 24
1 25
1 26
1 27
1 28
1 29
1 30
1 31
1 32
1 33
1 34
1 35
1 36
1 37
1 38
1 39
1 40
1 41
1 42
1 43
1 44
1 45
1 46
1 47
1 48
1 49
1 50
1 51
1 52
1 53
1 54
1 55
1 56
1 57
1 58
1 59
1 60
1 61
1 62
1 63
1 64
1 65
1 66
1 67
1 68
1 69
1 70
1 71
1 72
1 73
1 74
1 75
1 76
1 77
1 78
1 79
1 80
1 81
1 82
1 83
1 84
1 85
1 86
1 87
1 88
1 89
1 90
1 91
1 92
1 93
1 94
1 95
1 96
1 97
1 98
1 99
1 100
1 101
1 102
1 103
1 104
1 105
1 106
1 107
1 108
1 109
1 110
1 111
1 112
1 113
1 114
1 115
1 116
1 117
1 118
1 119
1 120
1 121
1 122
1 123
1 124
1 125
1 126
1 127
1 128
1 129
1 130
1 131
1 132
1 133
1 134
1 135
1 136
1 137
1 138
1 139
1 140
1 141
1 142
1 143
1 144
1 145
1 146
1 147
1 148
1 149
1 150
1 151
1 152
1 153
1 154
1 155
1 156
1 157
1 158
1 159
1 160
1 161
1 162
1 163
1 164
1 165
1 166
1 167
1 168
1 169
1 170
1 171
1 172
1 173
1 174
1 175
1 176
1 177
1 178
1 179
1 180
1 181
1 182
1 183
1 184
1 185
1 186
1 187
1 188
1 189
1 190
1 191
1 192
1 193
1 194
1 195
1 196
1 197
1 198
1 199
1 200
1 201
1 202
1 203
1 204
1 205
1 206
1 207
1 208
1 209
1 210
1 211
1 212
1 213
1 214
1 215
1 216
1 217
1 218
1 219
1 220
1 221
1 222
1 223
1 224
1 225
1 226
1 227
1 228
1 229
1 230
1 231
1 232
1 233
1 234
1 235
1 236
1 237
1 238
1 239
1 240
1 241
1 242
1 243
1 244
1 245
1 246
1 247
1 248
1 249
1 250
1 251
1 252
1 253
1 254
1 255
1 256
1 257
1 258
1 259
1 260
1 261
1 262
1 263
1 264
1 265
1 266
1 267
1 268
1 269
1 270
1 271
1 272
1 273
1 274
1 275
1 276
1 277
1 278
1 279
1 280
1 281
1 282
1 283
1 284
1 285
1 286
1 287
1 288
1 289
1 290
1 291
1 292
1 293
1 294
1 295
1 296
1 297
1 298
1 299
1 300
1 301
1 302
1 303
1 304
1 305
1 306
1 307
1 308
1 309
1 310
1 311
1 312
1 313
1 314
1 315
1 316
1 317
1 318
1 319
1 320
1 321
1 322
1 323
1 324
1 325
1 326
1 327
1 328
1 329
1 330
1 331
1 332
1 333
1 334
1 335
1 336
1 337
1 338
1 339
1 340
1 341
1 342
1 343
1 344
1 345
1 346
1 347
1 348
1 349
1 350
1 351
1 352
1 353
1 354
1 355
1 356
1 357
1 358
1 359
1 360
1 361
1 362
1 363
1 364
1 365
1 366
1 367
1 368
1 369
1 370
1 371
1 372
1 373
1 374
1 375
1 376
1 377
1 378
1 379
1 380
1 381
1 382
1 383
1 384
1 385
1 386
1 387
1 388
1 389
1 390
1 391
1 392
1 393
1 394
1 395
1 396
1 397
1 398
1 399
1 400
1 401
1 402
1 403
1 404
1 405
1 406
1 407
1 408
1 409
1 410
1 411
1 412
1 413
1 414
1 415
1 416
1 417
1 418
1 419
1 420
1 421
1 422
1 423
1 424
1 425
1 426
1 427
1 428
1 429
1 430
1 431
1 432
1 433
1 434
1 435
1 436
1 437
1 438
1 439
1 440
1 441
1 442
1 443
1 444
1 445
1 446
1 447
1 448
1 449
1 450
1 451
1 452
1 453
1 454
1 455
1 456
1 457
1 458
1 459
1 460
1 461
1 462
1 463
1 464
1 465
1 466
1 467
1 468
1 469
1 470
1 471
1 472
1 473
1 474
1 475
1 476
1 477
1 478
1 479
1 480
1 481
1 482
1 483
1 484
1 485
1 486
1 487
1 488
1 489
1 490
1 491
1 492
1 493
1 494
1 495
1 496
1 497
1 498
1 499
1 500
1 501
1 502
1 503
1 504
1 505
1 506
1 507
1 508
1 509
1 510
1 511
1 512
1 513
1 514
1 515
1 516
1 517
1 518
1 519
1 520
1 521
1 522
1 523
1 524
1 525
1 526
1 527
1 528
1 529
1 530
1 531
1 532
1 533
1 534
1 535
1 536
1 537
1 538
1 539
1 540
1 541
1 542
1 543
1 544
1 545
1 546
1 547
1 548
1 549
1 550
1 551
1 552
1 553
1 554
1 555
1 556
1 557
1 558
1 559
1 560
1 561
1 562
1 563
1 564
1 565
1 566
1 567
1 568
1 569
1 570
1 571
1 572
1 573
1 574
1 575
1 576
1 577
1 578
1 579
1 580
1 581
1 582
1 583
1 584
1 585
1 586
1 587
1 588
1 589
1 590
1 591
1 592
1 593
1 594
1 595
1 596
1 597
1 598
1 599
1 600
1 601
1 602
1 603
1 604
1 605
1 606
1 607
1 608
1 609
1 610
1 611
1 612
1 613
1 614
1 615
1 616
1 617
1 618
1 619
1 620
1 621
1 622
1 623
1 624
1 625
1 626
1 627
1 628
1 629
1 630
1 631
1 632
1 633
1 634
1 635
1 636
1 637
1 638
1 639
1 640
1 641
1 642
1 643
1 644
1 645
1 646
1 647
1 648
1 649
1 650
1 651
1 652
1 653
1 654
1 655
1 656
1 657
1 658
1 659
1 660
1 661
1 662
1 663
1 664
1 665
1 666
1 667
1 668
1 669
1 670
1 671
1 672
1 673
1 674
1 675
1 676
1 677
1 678
1 679
1 680
1 681
1 682
1 683
1 684
1 685
1 686
1 687
1 688
1 689
1 690
1 691
1 692
1 693
1 694
1 695
1 696
1 697
1 698
1 699
1 700
1 701
1 702
1 703
1 704
1 705
1 706
1 707
1 708
1 709
1 710
1 711
1 712
1 713
1 714
1 715
1 716
1 717
1 718
1 719
1 720
1 721
1 722
1 723
1 724
1 725
1 726
1 727
1 728
1 729
1 730
1 731
1 732
1 733
1 734
1 735
1 736
1 737
1 738
1 739
1 740
1 741
1 742
1 743
1 744
1 745
1 746
1 747
1 748
1 749
1 750
1 751
1 752
1 753
1 754
1 755
1 756
1 757
1 758
1 759
1 760
1 761
1 762
1 763
1 764
1 765
1 766
1 767
1 768
1 769
1 770
1 771
1 772
1 773
1 774
1 775
1 776
1 777
1 778
1 779
1 780
1 781
1 782
1 783
1 784
1 785
1 786
1 787
1 788
1 789
1 790
1 791
1 792
1 793
1 794
1 795
1 796
1 797
1 798
1 799
1 800
1 801
1 802
1 803
1 804
1 805
1 806
1 807
1 808
1 809
1 810
1 811
1 812
1 813
1 814
1 815
1 816
1 817
1 818
1 819
1 820
1 821
1 822
1 823
1 824
1 825
1 826
1 827
1 828
1 829
1 830
1 831
1 832
1 833
1 834
1 835
1 836
1 837
1 838
1 839
1 840
1 841
1 842
1 843
1 844
1 845
1 846
1 847
1 848
1 849
1 850
1 851
1 852
1 853
1 854
1 855
1 856
1 857
1 858
1 859
1 860
1 861
1 862
1 863
1 864
1 865
1 866
1 867
1 868
1 869
1 870
1 871
1 872

POINT_DATA 873
SCALARS id int 1
LOOKUP_TABLE default
1
2
3
4
5
6
7
8
9
10
11
12
13
14
15
16
17
18
19
20
21
22
23
24
25
26
27
28
29
30
32
33
34
35
36
37
39
40
41
42
43
44
45
46
47
48
49
50
51
52
53
54
56
57
58
59
60
61
62
63
64
65
67
68
69
70
71
72
73
74
75
76
77
78
79
80
81
82
83
84
85
86
87
88
89
90
91
92
93
94
95
96
97
98
99
100
101
102
103
104
105
106
107
108
109
110
111
112
113
114
115
116
117
118
119
120
121
122
123
124
125
126
127
129
130
131
132
133
134
135
136
137
138
139
140
141
142
143
144
145
146
147
148
149
150
151
153
154
155
156
157
158
159
160
161
162
163
164
165
166
167
168
169
170
171
172
173
174
175
176
177
178
179
180
181
182
183
184
185
186
187
188
189
190
191
192
193
194
195
196
197
198
199
200
201
202
203
204
205
206
208
209
210
211
212
213
214
215
217
218
219
220
221
222
223
225
226
227
228
229
230
231
232
233
234
235
236
237
238
239
240
241
242
243
244
245
246
247
248
249
250
251
252
253
254
255
256
257
258
259
260
261
262
263
264
265
266
267
268
269
270
271
273
274
275
276
277
278
279
280
281
282
283
284
285
286
287
288
289
290
291
292
293
294
295
296
297
299
300
301
302
303
304
305
306
307
308
309
310
311
312
313
314
315
316
317
318
319
320
321
322
323
324
325
326
327
328
329
330
331
332
333
334
335
336
337
338
339
340
341
342
343
344
345
346
347
348
349
350
351
352
353
354
355
356
357
358
359
360
361
362
363
364
365
366
367
368
369
370
371
372
373
374
375
376
377
378
379
381
382
383
384
385
386
387
388
389
390
391
392
393
394
395
396
397
398
399
400
401
402
404
405
406
407
408
409
410
411
412
413
414
415
416
417
418
419
420
421
422
423
424
426
427
428
429
430
431
432
434
435
436
437
438
439
440
441
442
443
444
445
446
447
448
449
451
452
453
454
455
456
457
458
459
460
461
462
463
464
465
466
467
468
469
470
471
472
473
474
475
476
477
478
479
480
481
482
483
484
485
486
487
489
490
491
492
493
494
495
496
497
498
499
500
501
502
503
504
505
506
507
508
509
510
511
512
513
514
515
516
517
518
519
520
521
522
523
524
525
526
527
528
529
530
531
532
533
534
535
536
537
538
539
540
541
542
543
544
545
546
547
548
549
550
551
552
553
554
555
556
557
558
559
560
561
562
563
564
565
566
567
568
569
570
571
572
573
574
575
576
577
579
580
581
582
583
584
585
586
587
588
589
590
591
592
593
594
595
596
597
598
599
600
601
602
603
605
606
607
608
609
610
611
612
613
614
615
616
617
618
619
620
621
622
623
624
625
626
627
628
629
630
631
632
633
634
635
636
637
638
640
641
642
643
644
645
646
647
648
649
650
651
652
653
654
655
656
659
660
661
662
663
664
665
666
667
668
669
670
671
672
673
674
675
676
677
678
679
680
681
682
683
684
685
686
687
688
690
691
692
693
694
695
696
698
699
700
701
702
703
704
705
706
707
708
709
710
711
712
713
714
715
716
717
718
719
720
721
722
723
724
725
726
727
728
729
730
731
732
733
734
735
736
738
739
740
741
742
743
744
745
746
747
748
749
750
751
752
753
754
755
756
757
758
759
760
761
762
764
765
766
767
768
769
770
771
772
773
774
775
776
777
778
779
780
781
782
783
784
785
786
787
788
789
791
792
793
794
795
796
797
798
799
800
801
802
803
804
805
806
807
808
809
810
811
812
813
814
815
816
817
818
819
820
821
822
823
824
825
826
827
828
829
830
831
832
833
834
835
836
837
838
839
840
841
842
843
844
845
846
847
848
849
850
851
852
853
854
855
856
857
858
859
860
861
862
863
864
865
866
867
868
869
870
871
872
873
874
875
876
877
878
879
880
881
882
883
884
885
886
887
888
889
890
891
892
893
894
895
896
897
898
899
900

SCALARS type int 1
LOOKUP_TABLE default
1
1
1
1
1
1
1
1
1
1
1
1
1
1
1
1
1
1
1
1
1
1
1
1
1
1
1
1
1
1
1
1
1
1
1
1
1
1
1
1
1
1
1
1
1
1
1
1
1
1
1
1
1
1
1
1
1
1
1
1
1
1
1
1
1
1
1
1
1
1
1
1
1
1
1
1
1
1
1
1
1
1
1
1
1
1
1
1
1
1
1
1
1
1
1
1
1
1
1
1
1
1
1
1
1
1
1
1
1
1
1
1
1
1
1
1
1
1
1
1
1
1
1
1
1
1
1
1
1
1
1
1
1
1
1
1
1
1
1
1
1
1
1
1
1
1
1
1
1
1
1
1
1
1
1
1
1
1
1
1
1
1
1
1
1
1
1
1
1
1
1
1
1
1
1
1
1
1
1
1
1
1
1
1
1
1
1
1
1
1
1
1
1
1
1
1
1
1
1
1
1
1
1
1
1
1
1
1
1
1
1
1
1
1
1
1
1
1
1
1
1
1
1
1
1
1
1
1
1
1
1
1
1
1
1
1
1
1
1
1
1
1
1
1
1
1
1
1
1
1
1
1
1
1
1
1
1
1
1
1
1
1
1
1
1
1
1
1
1
1
1
1
1
1
1
1
1
1
1
1
1
1
1
1
1
1
1
1
1
1
1
1
1
1
1
1
1
1
1
1
1
1
1
1
1
1
1
1
1
1
1
1
1
1
1
1
1
1
1
1
1
1
1
1
1
1
1
1
1
1
1
1
1
1
1
1
1
1
1
1
1
1
1
1
1
1
1
1
1
1
1
1
1
1
1
1
1
1
1
1
1
1
1
1
1
1
1
1
1
1
1
1
1
1
1
1
1
1
1
1
1
1
1
1
1
1
1
1
1
1
1
1
1
1
1
1
1
1
1
1
1
1
1
1
1
1
1
1
1
1
1
1
1
1
1
1
1
1
1
1
1
1
1
1
1
1
1
1
1
1
1
1
1
1
1
1
1
1
1
1
1
1
1
1
1
1
1
1
1
1
1
1
1
1
1
1
1
1
1
1
1
1
1
1
1
1
1
1
1
1
1
1
1
1
1
1
1
1
1
1
1
1
1
1
1
1
1
1
1
1
1
1
1
1
1
1
1
1
1
1
1
1
1
1
1
1
1
1
1
1
1
1
1
1
1
1
1
1
1
1
1
1
1
1
1
1
1
1
1
1
1
1
1
1
1
1
1
1
1
1
1
1
1
1
1
1
1
1
1
1
1
1
1
1
1
1
1
1
1
1
1
1
1
1
1
1
1
1
1
1
1
1
1
1
1
1
1
1
1
1
1
1
1
1
1
1
1
1
1
1
1
1
1
1
1
1
1
1
1
1
1
1
1
1
1
1
1
1
1
1
1
1
1
1
1
1
1
1
1
1
1
1
1
1
1
1
1
1
1
1
1
1
1
1
1
1
1
1
1
1
1
1
1
1
1
1
1
1
1
1
1
1
1
1
1
1
1
1
1
1
1
1
1
1
1
1
1
1
1
1
1
1
1
1
1
1
1
1
1
1
1
1
1
1
1
1
1
1
1
1
1
1
1
1
1
1
1
1
1
1
1
1
1
1
1
1
1
1
1
1
1
1
1
1
1
1
1
1
1
1
1
1
1
1
1
1
1
1
1
1
1
1
1
1
1
1
1
1
1
1
1
1
1
1
1
1
1
1
1
1
1
1
1
1
1
1
1
1
1
1
1
1
1
1
1
1
1
1
1
1
1
1
1
1
1
1
1
1
1
1
1
1
1
1
1
1
1
1
1
1
1
1
1
1
1
1
1
1
1
1
1
1
1
1
1
1
1
1
1
1
1
1
1
1
1
1
1
1
1
1
1
1
1
1
1
1
1
1
1
1
1
1
1
1
1
1
1
1
1
1
1
1
1
1
1
1
1
1
1
1
1
1
1
1
1
1
1
1
1
1
1
1
1
1
1
1
1
1
1
1
1
1
1

SCALARS radius float 1
LOOKUP_TABLE default
0.00015
0.00015
0.00015
0.00015
0.00015
0.00015
0.00015
0.00015
0.00015
0.00015
0.00015
0.00015
0.00015
0.00015
0.00015
0.00015
0.00015
0.00015
0.00015
0.00015
0.00015
0.00015
0.00015
0.00015
0.00015
0.00015
0.00015
0.00015
0.00015
0.00015
0.00015
0.00015
0.00015
0.00015
0.00015
0.00015
0.00015
0.00015
0.00015
0.00015
0.00015
0.00015
0.00015
0.00015
0.00015
0.00015
0.00015
0.00015
0.00015
0.00015
0.00015
0.00015
0.00015
0.00015
0.00015
0.00015
0.00015
0.00015
0.00015
0.00015
0.00015
0.00015
0.00015
0.00015
0.00015
0.00015
0.00015
0.00015
0.00015
0.00015
0.00015
0.00015
0.00015
0.00015
0.00015
0.00015
0.00015
0.00015
0.00015
0.00015
0.00015
0.00015
0.00015
0.00015
0.00015
0.00015
0.00015
0.00015
0.00015
0.00015
0.00015
0.00015
0.00015
0.00015
0.00015
0.00015
0.00015
0.00015
0.00015
0.00015
0.00015
0.00015
0.00015
0.00015
0.00015
0.00015
0.00015
0.00015
0.00015
0.00015
0.00015
0.00015
0.00015
0.00015
0.00015
0.00015
0.00015
0.00015
0.00015
0.00015
0.00015
0.00015
0.00015
0.00015
0.00015
0.00015
0.00015
0.00015
0.00015
0.00015
0.00015
0.00015
0.00015
0.00015
0.00015
0.00015
0.00015
0.00015
0.00015
0.00015
0.00015
0.00015
0.00015
0.00015
0.00015
0.00015
0.00015
0.00015
0.00015
0.00015
0.00015
0.00015
0.00015
0.00015
0.00015
0.00015
0.00015
0.00015
0.00015
0.00015
0.00015
0.00015
0.00015
0.00015
0.00015
0.00015
0.00015
0.00015
0.00015
0.00015
0.00015
0.00015
0.00015
0.00015
0.00015
0.00015
0.00015
0.00015
0.00015
0.00015
0.00015
0.00015
0.00015
0.00015
0.00015
0.00015
0.00015
0.00015
0.00015
0.00015
0.00015
0.00015
0.00015
0.00015
0.00015
0.00015
0.00015
0.00015
0.00015
0.00015
0.00015
0.00015
0.00015
0.00015
0.00015
0.00015
0.00015
0.00015
0.00015
0.00015
0.00015
0.00015
0.00015
0.00015
0.00015
0.00015
0.00015
0.00015
0.00015
0.00015
0.00015
0.00015
0.00015
0.00015
0.00015
0.00015
0.00015
0.00015
0.00015
0.00015
0.00015
0.00015
0.00015
0.00015
0.00015
0.00015
0.00015
0.00015
0.00015
0.00015
0.00015
0.00015
0.00015
0.00015
0.00015
0.00015
0.00015
0.00015
0.00015
0.00015
0.00015
0.00015
0.00015
0.00015
0.00015
0.00015
0.00015
0.00015
0.00015
0.00015
0.00015
0.00015
0.00015
0.00015
0.00015
0.00015
0.00015
0.00015
0.00015
0.00015
0.00015
0.00015
0.00015
0.00015
0.00015
0.00015
0.00015
0.00015
0.00015
0.00015
0.00015
0.00015
0.00015
0.00015
0.00015
0.00015
0.00015
0.00015
0.00015
0.00015
0.00015
0.00015
0.00015
0.00015
0.00015
0.00015
0.00015
0.00015
0.00015
0.00015
0.00015
0.00015
0.00015
0.00015
0.00015
0.00015
0.00015
0.00015
0.00015
0.00015
0.00015
0.00015
0.00015
0.00015
0.00015
0.00015
0.00015
0.00015
0.00015
0.00015
0.00015
0.00015
0.00015
0.00015
0.00015
0.00015
0.00015
0.00015
0.00015
0.00015
0.00015
0.00015
0.00015
0.00015
0.00015
0.00015
0.00015
0.00015
0.00015
0.00015
0.00015
0.00015
0.00015
0.00015
0.00015
0.00015
0.00015
0.00015
0.00015
0.00015
0.00015
0.00015
0.00015
0.00015
0.00015
0.00015
0.00015
0.00015
0.00015
0.00015
0.00015
0.00015
0.00015
0.00015
0.00015
0.00015
0.00015
0.00015
0.00015
0.00015
0.00015
0.00015
0.00015
0.00015
0.00015
0.00015
0.00015
0.00015
0.00015
0.00015
0.00015
0.00015
0.00015
0.00015
0.00015
0.00015
0.00015
0.00015
0.00015
0.00015
0.00015
0.00015
0.00015
0.00015
0.00015
0.00015
0.00015
0.00015
0.00015
0.00015
0.00015
0.00015
0.00015
0.00015
0.00015
0.00015
0.00015
0.00015
0.00015
0.00015
0.00015
0.00015
0.00015
0.00015
0.00015
0.00015
0.00015
0.00015
0.00015
0.00015
0.00015
0.00015
0.00015
0.00015
0.00015
0.00015
0.00015
0.00015
0.00015
0.00015
0.00015
0.00015
0.00015
0.00015
0.00015
0.00015
0.00015
0.00015
0.00015
0.00015
0.00015
0.00015
0.00015
0.00015
0.00015
0.00015
0.00015
0.00015
0.00015
0.00015
0.00015
0.00015
0.00015
0.00015
0.00015
0.00015
0.00015
0.00015
0.00015
0.00015
0.00015
0.00015
0.00015
0.00015
0.00015
0.00015
0.00015
0.00015
0.00015
0.00015
0.00015
0.00015
0.00015
0.00015
0.00015
0.00015
0.00015
0.00015
0.00015
0.00015
0.00015
0.00015
0.00015
0.00015
0.00015
0.00015
0.00015
0.00015
0.00015
0.00015
0.00015
0.00015
0.00015
0.00015
0.00015
0.00015
0.00015
0.00015
0.00015
0.00015
0.00015
0.00015
0.00015
0.00015
0.00015
0.00015
0.00015
0.00015
0.00015
0.00015
0.00015
0.00015
0.00015
0.00015
0.00015
0.00015
0.00015
0.00015
0.00015
0.00015
0.00015
0.00015
0.00015
0.00015
0.00015
0.00015
0.00015
0.00015
0.00015
0.00015
0.00015
0.00015
0.00015
0.00015
0.00015
0.00015
0.00015
0.00015
0.00015
0.00015
0.00015
0.00015
0.00015
0.00015
0.00015
0.00015
0.00015
0.00015
0.00015
0.00015
0.00015
0.00015
0.00015
0.00015
0.00015
0.00015
0.00015
0.00015
0.00015
0.00015
0.00015
0.00015
0.00015
0.00015
0.00015
0.00015
0.00015
0.00015
0.00015
0.00015
0.00015
0.00015
0.00015
0.00015
0.00015
0.00015
0.00015
0.00015
0.00015
0.00015
0.00015
0.00015
0.00015
0.00015
0.00015
0.00015
0.00015
0.00015
0.00015
0.00015
0.00015
0.00015
0.00015
0.00015
0.00015
0.00015
0.00015
0.00015
0.00015
0.00015
0.00015
0.00015
0.00015
0.00015
0.00015
0.00015
0.00015
0.00015
0.00015
0.00015
0.00015
0.00015
0.00015
0.00015
0.00015
0.00015
0.00015
0.00015
0.00015
0.00015
0.00015
0.00015
0.00015
0.00015
0.00015
0.00015
0.00015
0.00015
0.00015
0.00015
0.00015
0.00015
0.00015
0.00015
0.00015
0.00015
0.00015
0.00015
0.00015
0.00015
0.00015
0.00015
0.00015
0.00015
0.00015
0.00015
0.00015
0.00015
0.00015
0.00015
0.00015
0.00015
0.00015
0.00015
0.00015
0.00015
0.00015
0.00015
0.00015
0.00015
0.00015
0.00015
0.00015
0.00015
0.00015
0.00015
0.00015
0.00015
0.00015
0.00015
0.00015
0.00015
0.00015
0.00015
0.00015
0.00015
0.00015
0.00015
0.00015
0.00015
0.00015
0.00015
0.00015
0.00015
0.00015
0.00015
0.00015
0.00015
0.00015
0.00015
0.00015
0.00015
0.00015
0.00015
0.00015
0.00015
0.00015
0.00015
0.00015
0.00015
0.00015
0.00015
0.00015
0.00015
0.00015
0.00015
0.00015
0.00015
0.00015
0.00015
0.00015
0.00015
0.00015
0.00015
0.00015
0.00015
0.00015
0.00015
0.00015
0.00015
0.00015
0.00015
0.00015
0.00015
0.00015
0.00015
0.00015
0.00015
0.00015
0.00015
0.00015
0.00015
0.00015
0.00015
0.00015
0.00015
0.00015
0.00015
0.00015
0.00015
0.00015
0.00015
0.00015
0.00015
0.00015
0.00015
0.00015
0.00015
0.00015
0.00015
0.00015
0.00015
0.00015
0.00015
0.00015
0.00015
0.00015
0.00015
0.00015
0.00015
0.00015
0.00015
0.00015
0.00015
0.00015
0.00015
0.00015
0.00015
0.00015
0.00015
0.00015
0.00015
0.00015
0.00015
0.00015
0.00015
0.00015
0.00015
0.00015
0.00015
0.00015
0.00015
0.00015
0.00015
0.00015
0.00015
0.00015
0.00015
0.00015
0.00015
0.00015
0.00015
0.00015
0.00015
0.00015
0.00015
0.00015
0.00015
0.00015
0.00015
0.00015
0.00015
0.00015
0.00015
0.00015
0.00015
0.00015
0.00015
0.00015
0.00015
0.00015
0.00015
0.00015
0.00015
0.00015
0.00015
0.00015
0.00015
0.00015
0.00015
0.00015
0.00015
0.00015
0.00015
0.00015
0.00015
0.00015
0.00015
0.00015
0.00015
0.00015
0.00015
0.00015
0.00015
0.00015
0.00015
0.00015
0.00015
0.00015
0.00015
0.00015
0.00015
0.00015
0.00015
0.00015
0.00015
0.00015
0.00015
0.00015
0.00015
0.00015
0.00015
0.00015
0.00015
0.00015
0.00015
0.00015
0.00015
0.00015
0.00015
0.00015
0.00015
0.00015
0.00015
0.00015
0.00015
0.00015
0.00015
0.00015
0.00015
0.00015
0.00015
0.00015

SCALARS mass float 1
LOOKUP_TABLE default
3.95841e-09
3.95841e-09
3.95841e-09
3.95841e-09
3.95841e-09
3.95841e-09
3.95841e-09
3.95841e-09
3.95841e-09
3.95841e-09
3.95841e-09
3.95841e-09
3.95841e-09
3.95841e-09
3.95841e-09
3.95841e-09
3.95841e-09
3.95841e-09
3.95841e-09
3.95841e-09
3.95841e-09
3.95841e-09
3.95841e-09
3.95841e-09
3.95841e-09
3.95841e-09
3.95841e-09
3.95841e-09
3.95841e-09
3.95841e-09
3.95841e-09
3.95841e-09
3.95841e-09
3.95841e-09
3.95841e-09
3.95841e-09
3.95841e-09
3.95841e-09
3.95841e-09
3.95841e-09
3.95841e-09
3.95841e-09
3.95841e-09
3.95841e-09
3.95841e-09
3.95841e-09
3.95841e-09
3.95841e-09
3.95841e-09
3.95841e-09
3.95841e-09
3.95841e-09
3.95841e-09
3.95841e-09
3.95841e-09
3.95841e-09
3.95841e-09
3.95841e-09
3.95841e-09
3.95841e-09
3.95841e-09
3.95841e-09
3.95841e-09
3.95841e-09
3.95841e-09
3.95841e-09
3.95841e-09
3.95841e-09
3.95841e-09
3.95841e-09
3.95841e-09
3.95841e-09
3.95841e-09
3.95841e-09
3.95841e-09
3.95841e-09
3.95841e-09
3.95841e-09
3.95841e-09
3.95841e-09
3.95841e-09
3.95841e-09
3.95841e-09
3.95841e-09
3.95841e-09
3.95841e-09
3.95841e-09
3.95841e-09
3.95841e-09
3.95841e-09
3.95841e-09
3.95841e-09
3.95841e-09
3.95841e-09
3.95841e-09
3.95841e-09
3.95841e-09
3.95841e-09
3.95841e-09
3.95841e-09
3.95841e-09
3.95841e-09
3.95841e-09
3.95841e-09
3.95841e-09
3.95841e-09
3.95841e-09
3.95841e-09
3.95841e-09
3.95841e-09
3.95841e-09
3.95841e-09
3.95841e-09
3.95841e-09
3.95841e-09
3.95841e-09
3.95841e-09
3.95841e-09
3.95841e-09
3.95841e-09
3.95841e-09
3.95841e-09
3.95841e-09
3.95841e-09
3.95841e-09
3.95841e-09
3.95841e-09
3.95841e-09
3.95841e-09
3.95841e-09
3.95841e-09
3.95841e-09
3.95841e-09
3.95841e-09
3.95841e-09
3.95841e-09
3.95841e-09
3.95841e-09
3.95841e-09
3.95841e-09
3.95841e-09
3.95841e-09
3.95841e-09
3.95841e-09
3.95841e-09
3.95841e-09
3.95841e-09
3.95841e-09
3.95841e-09
3.95841e-09
3.95841e-09
3.95841e-09
3.95841e-09
3.95841e-09
3.95841e-09
3.95841e-09
3.95841e-09
3.95841e-09
3.95841e-09
3.95841e-09
3.95841e-09
3.95841e-09
3.95841e-09
3.95841e-09
3.95841e-09
3.95841e-09
3.95841e-09
3.95841e-09
3.95841e-09
3.95841e-09
3.95841e-09
3.95841e-09
3.95841e-09
3.95841e-09
3.95841e-09
3.95841e-09
3.95841e-09
3.95841e-09
3.95841e-09
3.95841e-09
3.95841e-09
3.95841e-09
3.95841e-09
3.95841e-09
3.95841e-09
3.95841e-09
3.95841e-09
3.95841e-09
3.95841e-09
3.95841e-09
3.95841e-09
3.95841e-09
3.95841e-09
3.95841e-09
3.95841e-09
3.95841e-09
3.95841e-09
3.95841e-09
3.95841e-09
3.95841e-09
3.95841e-09
3.95841e-09
3.95841e-09
3.95841e-09
3.95841e-09
3.95841e-09
3.95841e-09
3.95841e-09
3.95841e-09
3.95841e-09
3.95841e-09
3.95841e-09
3.95841e-09
3.95841e-09
3.95841e-09
3.95841e-09
3.95841e-09
3.95841e-09
3.95841e-09
3.95841e-09
3.95841e-09
3.95841e-09
3.95841e-09
3.95841e-09
3.95841e-09
3.95841e-09
3.95841e-09
3.95841e-09
3.95841e-09
3.95841e-09
3.95841e-09
3.95841e-09
3.95841e-09
3.95841e-09
3.95841e-09
3.95841e-09
3.95841e-09
3.95841e-09
3.95841e-09
3.95841e-09
3.95841e-09
3.95841e-09
3.95841e-09
3.95841e-09
3.95841e-09
3.95841e-09
3.95841e-09
3.95841e-09
3.95841e-09
3.95841e-09
3.95841e-09
3.95841e-09
3.95841e-09
3.95841e-09
3.95841e-09
3.95841e-09
3.95841e-09
3.95841e-09
3.95841e-09
3.95841e-09
3.95841e-09
3.95841e-09
3.95841e-09
3.95841e-09
3.95841e-09
3.95841e-09
3.95841e-09
3.95841e-09
3.95841e-09
3.95841e-09
3.95841e-09
3.95841e-09
3.95841e-09
3.95841e-09
3.95841e-09
3.95841e-09
3.95841e-09
3.95841e-09
3.95841e-09
3.95841e-09
3.95841e-09
3.95841e-09
3.95841e-09
3.95841e-09
3.95841e-09
3.95841e-09
3.95841e-09
3.95841e-09
3.95841e-09
3.95841e-09
3.95841e-09
3.95841e-09
3.95841e-09
3.95841e-09
3.95841e-09
3.95841e-09
3.95841e-09
3.95841e-09
3.95841e-09
3.95841e-09
3.95841e-09
3.95841e-09
3.95841e-09
3.95841e-09
3.95841e-09
3.95841e-09
3.95841e-09
3.95841e-09
3.95841e-09
3.95841e-09
3.95841e-09
3.95841e-09
3.95841e-09
3.95841e-09
3.95841e-09
3.95841e-09
3.95841e-09
3.95841e-09
3.95841e-09
3.95841e-09
3.95841e-09
3.95841e-09
3.95841e-09
3.95841e-09
3.95841e-09
3.95841e-09
3.95841e-09
3.95841e-09
3.95841e-09
3.95841e-09
3.95841e-09
3.95841e-09
3.95841e-09
3.95841e-09
3.95841e-09
3.95841e-09
3.95841e-09
3.95841e-09
3.95841e-09
3.95841e-09
3.95841e-09
3.95841e-09
3.95841e-09
3.95841e-09
3.95841e-09
3.95841e-09
3.95841e-09
3.95841e-09
3.95841e-09
3.95841e-09
3.95841e-09
3.95841e-09
3.95841e-09
3.95841e-09
3.95841e-09
3.95841e-09
3.95841e-09
3.95841e-09
3.95841e-09
3.95841e-09
3.95841e-09
3.95841e-09
3.95841e-09
3.95841e-09
3.95841e-09
3.95841e-09
3.95841e-09
3.95841e-09
3.95841e-09
3.95841e-09
3.95841e-09
3.95841e-09
3.95841e-09
3.95841e-09
3.95841e-09
3.95841e-09
3.95841e-09
3.95841e-09
3.95841e-09
3.95841e-09
3.95841e-09
3.95841e-09
3.95841e-09
3.95841e-09
3.95841e-09
3.95841e-09
3.95841e-09
3.95841e-09
3.95841e-09
3.95841e-09
3.95841e-09
3.95841e-09
3.95841e-09
3.95841e-09
3.95841e-09
3.95841e-09
3.95841e-09
3.95841e-09
3.95841e-09
3.95841e-09
3.95841e-09
3.95841e-09
3.95841e-09
3.95841e-09
3.95841e-09
3.95841e-09
3.95841e-09
3.95841e-09
3.95841e-09
3.95841e-09
3.95841e-09
3.95841e-09
3.95841e-09
3.95841e-09
3.95841e-09
3.95841e-09
3.95841e-09
3.95841e-09
3.95841e-09
3.95841e-09
3.95841e-09
3.95841e-09
3.95841e-09
3.95841e-09
3.95841e-09
3.95841e-09
3.95841e-09
3.95841e-09
3.95841e-09
3.95841e-09
3.95841e-09
3.95841e-09
3.95841e-09
3.95841e-09
3.95841e-09
3.95841e-09
3.95841e-09
3.95841e-09
3.95841e-09
3.95841e-09
3.95841e-09
3.95841e-09
3.95841e-09
3.95841e-09
3.95841e-09
3.95841e-09
3.95841e-09
3.95841e-09
3.95841e-09
3.95841e-09
3.95841e-09
3.95841e-09
3.95841e-09
3.95841e-09
3.95841e-09
3.95841e-09
3.95841e-09
3.95841e-09
3.95841e-09
3.95841e-09
3.95841e-09
3.95841e-09
3.95841e-09
3.95841e-09
3.95841e-09
3.95841e-09
3.95841e-09
3.95841e-09
3.95841e-09
3.95841e-09
3.95841e-09
3.95841e-09
3.95841e-09
3.95841e-09
3.95841e-09
3.95841e-09
3.95841e-09
3.95841e-09
3.95841e-09
3.95841e-09
3.95841e-09
3.95841e-09
3.95841e-09
3.95841e-09
3.95841e-09
3.95841e-09
3.95841e-09
3.95841e-09
3.95841e-09
3.95841e-09
3.95841e-09
3.95841e-09
3.95841e-09
3.95841e-09
3.95841e-09
3.95841e-09
3.95841e-09
3.95841e-09
3.95841e-09
3.95841e-09
3.95841e-09
3.95841e-09
3.95841e-09
3.95841e-09
3.95841e-09
3.95841e-09
3.95841e-09
3.95841e-09
3.95841e-09
3.95841e-09
3.95841e-09
3.95841e-09
3.95841e-09
3.95841e-09
3.95841e-09
3.95841e-09
3.95841e-09
3.95841e-09
3.95841e-09
3.95841e-09
3.95841e-09
3.95841e-09
3.95841e-09
3.95841e-09
3.95841e-09
3.95841e-09
3.95841e-09
3.95841e-09
3.95841e-09
3.95841e-09
3.95841e-09
3.95841e-09
3.95841e-09
3.95841e-09
3.95841e-09
3.95841e-09
3.95841e-09
3.95841e-09
3.95841e-09
3.95841e-09
3.95841e-09
3.95841e-09
3.95841e-09
3.95841e-09
3.95841e-09
3.95841e-09
3.95841e-09
3.95841e-09
3.95841e-09
3.95841e-09
3.95841e-09
3.95841e-09
3.95841e-09
3.95841e-09
3.95841e-09
3.95841e-09
3.95841e-09
3.95841e-09
3.95841e-09
3.95841e-09
3.95841e-09
3.95841e-09
3.95841e-09
3.95841e-09
3.95841e-09
3.95841e-09
3.95841e-09
3.95841e-09
3.95841e-09
3.95841e-09
3.95841e-09
3.95841e-09
3.95841e-09
3.95841e-09
3.95841e-09
3.95841e-09
3.95841e-09
3.95841e-09
3.95841e-09
3.95841e-09
3.95841e-09
3.95841e-09
3.95841e-09
3.95841e-09
3.95841e-09
3.95841e-09
3.95841e-09
3.95841e-09
3.95841e-09
3.95841e-09
3.95841e-09
3.95841e-09
3.95841e-09
3.95841e-09
3.95841e-09
3.95841e-09
3.95841e-09
3.95841e-09
3.95841e-09
3.95841e-09
3.95841e-09
3.95841e-09
3.95841e-09
3.95841e-09
3.95841e-09
3.95841e-09
3.95841e-09
3.95841e-09
3.95841e-09
3.95841e-09
3.95841e-09
3.95841e-09
3.95841e-09
3.95841e-09
3.95841e-09
3.95841e-09
3.95841e-09
3.95841e-09
3.95841e-09
3.95841e-09
3.95841e-09
3.95841e-09
3.95841e-09
3.95841e-09
3.95841e-09
3.95841e-09
3.95841e-09
3.95841e-09
3.95841e-09
3.95841e-09
3.95841e-09
3.95841e-09
3.95841e-09
3.95841e-09
3.95841e-09
3.95841e-09
3.95841e-09
3.95841e-09
3.95841e-09
3.95841e-09
3.95841e-09
3.95841e-09
3.95841e-09
3.95841e-09
3.95841e-09
3.95841e-09
3.95841e-09
3.95841e-09
3.95841e-09
3.95841e-09
3.95841e-09
3.95841e-09
3.95841e-09
3.95841e-09
3.95841e-09
3.95841e-09
3.95841e-09
3.95841e-09
3.95841e-09
3.95841e-09
3.95841e-09
3.95841e-09
3.95841e-09
3.95841e-09
3.95841e-09
3.95841e-09
3.95841e-09
3.95841e-09
3.95841e-09
3.95841e-09
3.95841e-09
3.95841e-09
3.95841e-09
3.95841e-09
3.95841e-09
3.95841e-09
3.95841e-09
3.95841e-09
3.95841e-09
3.95841e-09
3.95841e-09
3.95841e-09
3.95841e-09
3.95841e-09
3.95841e-09
3.95841e-09
3.95841e-09
3.95841e-09
3.95841e-09
3.95841e-09
3.95841e-09
3.95841e-09
3.95841e-09
3.95841e-09
3.95841e-09
3.95841e-09
3.95841e-09
3.95841e-09
3.95841e-09
3.95841e-09
3.95841e-09
3.95841e-09
3.95841e-09
3.95841e-09
3.95841e-09
3.95841e-09
3.95841e-09
3.95841e-09
3.95841e-09
3.95841e-09
3.95841e-09
3.95841e-09
3.95841e-09
3.95841e-09
3.95841e-09
3.95841e-09
3.95841e-09
3.95841e-09
3.95841e-09
3.95841e-09
3.95841e-09
3.95841e-09
3.95841e-09
3.95841e-09
3.95841e-09
3.95841e-09
3.95841e-09
3.95841e-09
3.95841e-09
3.95841e-09
3.95841e-09
3.95841e-09
3.95841e-09
3.95841e-09
3.95841e-09
3.95841e-09
3.95841e-09
3.95841e-09
3.95841e-09
3.95841e-09
3.95841e-09
3.95841e-09
3.95841e-09
3.95841e-09
3.95841e-09
3.95841e-09
3.95841e-09
3.95841e-09
3.95841e-09
3.95841e-09
3.95841e-09
3.95841e-09
3.95841e-09
3.95841e-09
3.95841e-09
3.95841e-09
3.95841e-09
3.95841e-09
3.95841e-09
3.95841e-09
3.95841e-09
3.95841e-09
3.95841e-09
3.95841e-09
3.95841e-09
3.95841e-09
3.95841e-09
3.95841e-09
3.95841e-09
3.95841e-09
3.95841e-09
3.95841e-09
3.95841e-09
3.95841e-09
3.95841e-09
3.95841e-09
3.95841e-09
3.95841e-09
3.95841e-09
3.95841e-09
3.95841e-09
3.95841e-09
3.95841e-09
3.95841e-09
3.95841e-09
3.95841e-09
3.95841e-09
3.95841e-09
3.95841e-09
3.95841e-09
3.95841e-09
3.95841e-09
3.95841e-09
3.95841e-09
3.95841e-09
3.95841e-09
3.95841e-09
3.95841e-09
3.95841e-09
3.95841e-09
3.95841e-09
3.95841e-09
3.95841e-09
3.95841e-09
3.95841e-09
3.95841e-09
3.95841e-09
3.95841e-09
3.95841e-09
3.95841e-09
3.95841e-09
3.95841e-09
3.95841e-09
3.95841e-09
3.95841e-09
3.95841e-09
3.95841e-09
3.95841e-09
3.95841e-09
3.95841e-09
3.95841e-09
3.95841e-09
3.95841e-09
3.95841e-09
3.95841e-09
3.95841e-09
3.95841e-09
3.95841e-09
3.95841e-09
3.95841e-09
3.95841e-09
3.95841e-09
3.95841e-09
3.95841e-09
3.95841e-09
3.95841e-09
3.95841e-09
3.95841e-09
3.95841e-09
3.95841e-09
3.95841e-09
3.95841e-09
3.95841e-09
3.95841e-09
3.95841e-09
3.95841e-09
3.95841e-09
3.95841e-09
3.95841e-09
3.95841e-09
3.95841e-09
3.95841e-09
3.95841e-09
3.95841e-09
3.95841e-09
3.95841e-09
3.95841e-09
3.95841e-09
3.95841e-09
3.95841e-09
3.95841e-09
3.95841e-09
3.95841e-09
3.95841e-09
3.95841e-09
3.95841e-09
3.95841e-09
3.95841e-09
3.95841e-09
3.95841e-09
3.95841e-09
3.95841e-09
3.95841e-09

VECTORS velocity float
1.53655e-12 7.20382e-11 1.66758e-11
-1.13302e-13 1.3976e-13 1.20435e-14
8.11336e-15 1.16115e-14 -1.56157e-14
9.75123e-14 -3.36641e-13 1.52056e-14
4.85876e-13 -1.48539e-12 -1.47285e-14
9.38165e-15 -1.18288e-12 -7.9088e-14
6.59895e-19 -9.65828e-23 -5.0412e-16
2.62404e-13 -1.98286e-14 -4.00361e-14
1.14527e-12 -1.33707e-12 -3.5288e-13
3.25006e-20 -2.28083e-20 -5.97929e-21
1.69469e-13 -1.37026e-13 5.94066e-14
-1.16825e-17 8.2631e-24 8.91957e-15
4.46277e-13 -3.75904e-13 1.98276e-15
-5.47146e-13 7.86524e-13 -9.29423e-14
-1.28456e-13 1.18455e-14 3.47691e-14
6.14319e-13 -2.01825e-13 -5.08356e-14
4.85833e-13 -1.05267e-12 6.42384e-14
1.59424e-13 -1.44016e-13 -6.47697e-14
-1.30117e-14 -5.33665e-14 -3.11026e-14
3.8467e-14 9.07311e-15 5.58624e-15
-6.91388e-13 6.61791e-13 6.37923e-14
4.47938e-13 -7.66809e-13 -2.69787e-13
1.38016e-12 -8.46154e-13 -1.47433e-13
-8.00334e-13 3.13136e-13 3.012e-14
6.00767e-14 -1.39537e-13 -9.77209e-14
-1.47666e-12 -1.76767e-12 -2.45388e-13
1.16998e-13 1.26344e-13 2.27744e-13
7.53042e-13 -6.77789e-13 -3.46304e-13
-4.67217e-14 -3.03474e-13 2.30628e-14
2.49396e-13 -1.38324e-12 -1.23357e-13
-1.26901e-13 -6.10776e-13 -8.26805e-14
-3.6897e-13 1.33556e-12 -2.96871e-13
3.8788e-14 9.72798e-14 -2.54219e-14
1.22749e-12 -1.48008e-12 -6.43166e-14
-8.59201e-15 -7.13497e-14 2.29984e-15
2.4781e-14 1.10407e-13 4.49854e-14
-8.58464e-15 1.19637e-13 -3.19727e-14
-8.49291e-14 -5.85303e-13 -1.75184e-13
-1.04124e-18 2.71519e-24 7.9519e-16
5.68125e-13 2.47343e-13 1.33512e-13
1.10445e-13 -3.59781e-13 3.90524e-14
9.3248e-13 -3.87115e-13 1.07681e-12
1.04816e-12 -1.58162e-12 -3.2208e-13
-7.64713e-12 -1.73496e-12 -1.38544e-12
4.68394e-13 -3.7288e-13 7.30117e-14
-4.67901e-13 -7.29997e-14 -3.29813e-14
-1.56821e-14 1.4064e-14 -2.57271e-15
1.09999e-12 -7.19633e-13 -2.12206e-14
3.8132e-13 -2.57834e-13 5.57172e-14
7.91139e-13 -5.08021e-13 -9.34335e-14
3.06669e-13 -4.93012e-13 -2.54067e-13
4.66247e-14 -1.68305e-13 -3.62981e-14
4.88011e-13 1.4016e-13 -2.34226e-15
1.04805e-14 -4.00415e-14 2.59473e-13
7.6353e-13 -8.28196e-13 -4.5667e-14
-3.06915e-13 -2.89185e-13 -7.70254e-14
4.01958e-13 -6.4418e-14 5.34593e-14
-1.06842e-14 -6.50633e-13 -3.4099e-13
-1.44632e-13 4.34364e-14 5.76553e-14
4.07841e-14 1.90415e-14 -1.05563e-14
-5.80641e-14 -1.41762e-13 -3.62921e-14
-1.19925e-13 -1.231e-14 4.12834e-16
-7.4697e-14 -3.67474e-13 2.0094e-13
1.01227e-15 -1.15987e-20 2.98741e-13
1.06843e-12 -3.9785e-13 3.11484e-14
-7.22105e-16 -4.7892e-15 6.30728e-14
-1.78456e-14 -9.28672e-14 3.63304e-14
6.64813e-13 -7.05632e-13 1.65689e-13
9.89112e-14 -3.09623e-13 -3.97793e-14
-5.19404e-14 -6.95731e-14 -7.88762e-15
8.00698e-14 -2.89105e-13 9.38303e-14
8.21853e-14 -5.67246e-14 -1.06856e-14
4.21298e-13 -1.47542e-12 -1.05341e-13
-3.06068e-12 1.00885e-12 5.03039e-13
9.58727e-13 -3.41461e-13 -7.1341e-14
3.891e-12 -1.22045e-11 -3.24438e-12
3.36766e-13 -5.11921e-13 -2.84868e-13
-6.80065e-13 -6.70721e-13 4.62453e-14
1.09056e-20 -2.46245e-20 -2.49755e-19
-7.72195e-15 -3.39333e-13 5.35965e-14
-1.18039e-12 -1.17756e-13 -2.89552e-13
5.07273e-14 -2.23278e-13 -1.32251e-14
-5.77634e-14 1.04504e-13 1.96083e-15
-5.17743e-13 -1.54879e-12 1.67348e-13
-5.93034e-13 2.43304e-13 -5.57534e-14
7.26793e-13 -1.33562e-12 8.77208e-14
-2.78534e-13 -2.53268e-13 5.77222e-14
6.23829e-13 -1.70486e-12 -3.05038e-13
-5.63368e-14 -2.8078e-13 2.28925e-13
1.24905e-14 -8.30224e-14 1.32293e-14
-5.58528e-14 -1.61245e-13 1.82107e-13
2.06272e-13 -9.77045e-14 -6.27102e-14
9.06115e-18 2.08574e-22 -6.9181e-15
-1.30195e-14 6.70231e-14 -3.96214e-13
1.41163e-13 -1.16075e-13 -7.29912e-14
-2.13326e-15 -1.41466e-14 1.86307e-13
-2.27143e-13 1.43082e-13 6.49934e-14
-8.71772e-13 1.29264e-13 -8.15351e-14
-4.23887e-14 -6.64161e-14 -5.36647e-15
5.21582e-12 -1.92018e-11 -3.94748e-12
-1.01341e-13 -1.82384e-13 5.18243e-14
1.28842e-13 -7.32316e-14 3.18131e-14
6.43804e-14 -8.18889e-13 -8.23058e-14
6.03151e-18 -1.09413e-21 -4.60544e-15
-6.35819e-14 1.64809e-13 3.57059e-14
2.89162e-13 1.78222e-13 3.61292e-13
-5.28544e-12 -1.73725e-12 -1.96888e-12
-1.58854e-13 3.34538e-13 -2.12845e-14
-4.87597e-13 -3.75626e-13 1.99129e-13
1.89231e-13 -3.12802e-13 9.01858e-14
1.37505e-12 1.22226e-13 -3.9265e-14
2.61701e-13 -1.94904e-12 -1.45657e-13
-5.58507e-14 -5.70479e-13 -1.88392e-14
-2.03172e-12 1.14424e-12 4.74987e-13
9.02387e-13 -5.25274e-13 -3.18679e-13
-3.0704e-12 -1.72936e-12 -6.67902e-13
1.89731e-13 -5.34623e-14 -2.85252e-14
-3.67778e-14 -8.63911e-14 -7.04199e-14
-2.00412e-14 8.0489e-14 -1.14739e-14
-9.94759e-14 -5.55213e-13 -7.79414e-14
1.72516e-13 -3.21454e-13 -3.44686e-15
-1.55109e-14 -1.09925e-12 -1.40347e-13
6.5523e-13 -6.57291e-13 -4.59144e-14
3.31748e-13 2.17334e-13 1.13314e-13
-1.33118e-12 -8.62886e-13 -1.65875e-13
3.10091e-14 -7.1481e-14 1.18205e-14
-2.95966e-13 -9.0281e-13 -2.93581e-13
-2.64141e-13 -8.44755e-13 -1.90187e-13
3.00945e-13 -7.2123e-13 -1.13393e-13
-2.56699e-13 -1.14741e-12 -3.32678e-14
2.70923e-12 -1.73683e-12 -1.01622e-13
1.27989e-13 -1.75519e-13 -1.08209e-13
2.50378e-13 -5.43595e-13 -7.87367e-14
6.73348e-13 -6.65996e-13 -3.91369e-13
1.41771e-12 -1.14403e-12 -3.34388e-13
-8.69816e-18 -1.3829e-22 6.6413e-15
-2.05257e-13 -7.30283e-13 4.64375e-14
-1.57122e-12 -1.07042e-12 2.56019e-13
-4.34845e-13 4.141e-13 3.59337e-13
-1.68786e-15 -1.49613e-13 1.98426e-14
9.84529e-14 -4.75533e-13 4.17034e-14
1.64924e-13 -1.78563e-13 4.11268e-15
1.15018e-13 -5.42802e-13 2.75918e-14
1.31968e-12 -1.24013e-12 -6.13134e-13
2.39259e-12 -1.46523e-12 2.20971e-13
4.16276e-14 -7.12744e-14 -1.27903e-14
1.10055e-12 -1.63306e-12 -2.22849e-13
4.22861e-13 6.60608e-13 9.59296e-14
-1.1185e-17 -2.83366e-21 8.53937e-15
7.88105e-13 -2.86898e-13 3.32557e-14
1.98481e-13 -2.11423e-13 3.88085e-14
1.0814e-13 -5.78809e-13 -1.09494e-13
1.29085e-12 -9.8921e-13 -1.1065e-12
4.26814e-14 -1.40525e-13 5.67416e-15
-2.43064e-12 -4.96864e-13 5.10542e-13
7.00763e-13 -9.23266e-14 -1.74697e-14
-8.34795e-11 6.87189e-11 -4.50921e-12
3.70511e-13 1.53597e-13 -4.48059e-14
-1.56018e-18 3.54667e-22 1.19087e-15
7.27604e-14 4.55092e-15 3.67126e-14
1.34954e-13 -4.30861e-13 4.29264e-13
1.53611e-12 -2.84487e-13 1.52417e-13
1.3295e-12 -1.07811e-12 6.80949e-13
8.31875e-12 1.33718e-12 5.25177e-12
-1.20992e-09 8.16943e-13 -3.4129e-10
1.51917e-12 -1.22985e-12 -3.48055e-13
3.99982e-13 -8.85595e-13 -4.03749e-13
-1.77714e-12 5.3556e-14 3.399e-13
5.77138e-14 -2.8112e-14 -4.83456e-15
2.48959e-12 -6.91492e-13 5.71478e-13
2.6328e-14 4.21932e-14 4.42172e-14
-9.78991e-15 -3.42537e-14 4.33198e-14
-7.94082e-14 -1.07946e-13 6.17593e-14
2.6309e-13 -1.66839e-12 2.54802e-13
4.32932e-13 -5.53725e-13 7.19172e-14
1.67847e-12 7.32076e-13 2.76114e-13
1.77132e-13 2.56546e-14 4.2373e-14
4.06119e-14 -6.7899e-14 1.36165e-14
-5.63104e-12 -3.66616e-13 -1.5783e-13
-3.71727e-14 -2.21015e-13 1.39963e-14
-2.49138e-13 -3.84981e-13 -3.00382e-14
3.80075e-13 -2.18377e-13 5.28628e-14
3.4816e-13 -1.529e-12 -2.78803e-13
2.6032e-13 2.14526e-14 -1.05471e-13
2.32178e-13 -6.01368e-13 8.49183e-14
1.45327e-12 -8.39889e-13 -1.2563e-13
2.70278e-13 -8.89582e-13 6.62115e-14
3.51991e-13 -1.07873e-12 5.76961e-14
9.55413e-14 -9.31006e-13 3.73585e-14
6.51004e-14 1.44329e-13 -2.63911e-14
1.46029e-13 -1.02983e-13 6.14474e-14
-2.27943e-14 -1.36832e-13 6.61656e-14
7.27196e-13 -8.70584e-13 -1.0754e-14
1.39551e-13 -7.38781e-13 -2.05274e-13
-2.2755e-13 -2.53304e-13 3.64986e-13
-5.93617e-14 -1.29857e-13 -2.70578e-14
9.07415e-14 -3.17205e-13 -5.50163e-14
-2.6695e-11 4.04002e-12 -7.63799e-12
5.73713e-13 -1.69801e-12 -1.64074e-14
-3.05173e-14 -2.60901e-14 2.25157e-14
2.14368e-13 -2.9285e-13 -1.97422e-14
1.56185e-14 -2.812e-13 1.15598e-14
7.02167e-13 9.98204e-14 -6.43503e-15
-1.72485e-11 2.64186e-12 -1.13313e-12
4.60665e-13 1.7051e-13 9.45233e-14
1.47358e-12 -2.1514e-13 -1.26153e-13
5.01602e-13 -1.61854e-12 1.3089e-13
1.18394e-12 -1.49146e-12 -3.78939e-13
6.90231e-13 -1.04506e-12 2.84353e-14
2.26357e-14 -1.81037e-13 1.89853e-13
-5.45263e-12 1.74469e-12 -1.16841e-13
1.18216e-12 -1.41028e-12 -1.61767e-13
-4.33895e-13 -1.18989e-12 7.06609e-14
1.38319e-14 5.88417e-14 1.60616e-13
1.07825e-17 1.96224e-21 -8.23289e-15
1.37553e-13 -1.08355e-12 -1.52302e-13
-4.57332e-13 -1.38957e-12 5.65922e-14
8.4127e-13 -7.81262e-13 3.35189e-13
4.08434e-13 -7.49558e-13 -5.19241e-14
1.00109e-12 -9.00271e-13 -2.63022e-13
1.93219e-13 -2.03769e-13 1.0743e-13
2.18371e-13 -1.07756e-12 -6.36329e-14
8.68858e-13 -1.33016e-12 -1.08589e-13
-5.55117e-15 -6.98984e-13 1.75512e-14
-9.89813e-13 4.37261e-13 3.75453e-13
-1.1184e-17 -2.12223e-22 8.53937e-15
-6.18615e-13 -1.02205e-12 -4.46434e-14
9.08081e-18 -7.72992e-22 -6.93359e-15
1.91105e-13 -1.54164e-12 1.5498e-14
3.51198e-12 1.69196e-12 2.18192e-12
-3.97956e-13 -3.65621e-13 2.8006e-13
-3.23924e-15 2.15467e-14 2.81605e-13
1.0085e-12 9.79567e-13 5.70256e-13
3.44306e-13 -4.19138e-13 -5.39964e-14
6.89732e-13 -1.43838e-12 9.9962e-14
-6.41434e-13 1.80375e-13 1.1827e-13
-1.90391e-20 4.94646e-20 -1.83512e-19
-2.15442e-13 -7.66036e-14 8.69405e-14
8.12304e-14 1.26737e-13 -9.41368e-15
4.67583e-13 -3.32803e-13 -1.88738e-13
5.087e-12 -9.91801e-13 -3.81985e-13
5.47002e-14 -1.68302e-13 -6.95362e-14
5.37242e-13 -2.56862e-13 5.42773e-14
-1.01642e-12 -1.69307e-12 1.05285e-13
-4.46089e-14 1.78847e-13 2.15384e-13
-2.13331e-15 -1.41465e-14 1.86307e-13
-3.3899e-13 -1.57776e-12 -1.7584e-13
5.39027e-13 -3.45749e-13 1.00379e-13
-5.07537e-13 -2.4747e-13 -1.76324e-13
3.06037e-13 -6.67068e-13 1.17832e-13
6.23905e-14 -7.75855e-13 -1.10481e-13
3.56468e-15 1.90828e-14 -2.18296e-13
6.72048e-14 6.23267e-15 -2.20457e-14
-1.17616e-13 -1.55148e-13 1.68493e-13
2.04975e-12 -1.53929e-12 -1.82772e-13
-5.93195e-14 -3.61512e-13 -1.05616e-13
6.0312e-18 3.33549e-22 -4.60544e-15
2.51089e-12 4.99136e-13 1.32426e-12
2.76219e-11 2.01776e-13 1.40875e-11
-5.54647e-13 -5.24904e-13 1.49064e-13
1.4626e-12 4.64705e-13 2.81559e-13
7.93066e-14 -3.11244e-14 4.14979e-15
-4.93141e-13 -3.70485e-13 -7.40729e-16
-2.31182e-13 -3.70553e-13 -7.37508e-14
-6.97616e-12 6.20467e-12 5.45571e-12
-6.7124e-13 7.93451e-13 3.54859e-13
6.37782e-13 -1.12468e-12 -2.93884e-13
-1.09897e-12 6.82568e-13 4.46822e-13
-2.65854e-15 -2.29131e-13 -8.94639e-15
-1.02097e-13 -3.88405e-13 -2.81624e-14
1.07158e-12 -1.11139e-12 2.97338e-13
1.62443e-12 5.55234e-13 9.80491e-14
-1.09009e-12 1.27396e-12 -3.86231e-13
1.12707e-12 -3.89625e-13 -7.30055e-13
-1.12903e-12 -1.46932e-12 5.65601e-13
3.85417e-13 -1.3723e-12 6.5903e-15
2.46804e-14 -1.66205e-13 3.62866e-14
-9.10074e-12 -1.90888e-13 -1.02997e-12
4.1562e-13 -8.87433e-13 -5.11524e-14
2.3435e-12 1.69196e-12 4.79464e-13
3.93271e-13 -7.61051e-13 6.03227e-14
1.05872e-12 -1.70002e-12 -2.57221e-13
1.6731e-13 -2.41821e-13 5.33801e-14
1.0925e-13 -3.0229e-13 -8.0028e-14
2.76238e-12 2.23675e-12 3.61534e-13
2.81655e-13 -1.14853e-12 -1.22754e-13
-2.71185e-12 -1.46531e-12 9.25448e-13
1.94247e-12 -1.71019e-12 -8.59491e-13
-2.60284e-13 -1.2216e-12 -3.36417e-14
4.91423e-13 7.26095e-14 -2.29505e-14
-7.21725e-13 -1.54263e-13 1.80763e-13
9.63967e-14 -1.66238e-13 1.77618e-13
-2.91586e-12 -9.85255e-13 -4.29323e-13
1.12436e-12 -1.15289e-12 -6.99538e-15
6.33656e-13 -9.80047e-13 -7.64323e-14
6.81769e-16 -1.43613e-14 -2.06284e-14
1.31239e-12 -4.83333e-13 6.23075e-13
-8.9191e-14 -3.64638e-13 3.79032e-15
1.74196e-11 4.33391e-12 9.38485e-12
-1.19081e-12 6.21239e-13 1.31534e-13
1.18964e-14 -1.08346e-13 1.83127e-14
2.84761e-13 -1.38884e-12 -2.7781e-13
-9.7222e-13 -1.5016e-12 -2.98708e-13
3.71277e-13 -8.00161e-13 9.72428e-14
7.9858e-13 2.69049e-13 -2.1618e-13
9.48483e-13 -1.19849e-12 3.48013e-14
4.54893e-13 -7.88143e-13 -1.94321e-13
2.66263e-13 -5.78451e-14 5.41659e-14
9.20349e-13 -1.60213e-12 -1.27089e-13
-7.1369e-15 -1.68345e-12 -3.46062e-14
-5.29056e-13 1.08013e-13 1.83206e-13
1.14898e-12 -1.61019e-12 -1.46219e-13
5.82577e-14 2.68633e-14 2.18028e-14
8.18004e-13 -4.26446e-13 8.45812e-14
-2.60095e-13 -9.09451e-13 -1.09093e-13
7.9495e-13 -9.25278e-13 4.74434e-13
4.22537e-13 8.4344e-13 6.13393e-13
1.78129e-14 1.45647e-13 1.42187e-13
7.25067e-13 -1.26637e-12 -3.58606e-13
7.86908e-13 9.80192e-13 1.60663e-13
1.15652e-12 -1.72507e-12 -1.43222e-13
4.71889e-11 1.78651e-11 2.66067e-11
1.02365e-11 -1.24754e-12 3.41379e-13
1.31596e-14 -1.28544e-13 -1.18677e-13
1.8579e-13 -2.66453e-13 2.87654e-14
2.13332e-12 -1.33543e-12 -2.37781e-13
2.19362e-13 -3.21164e-13 -1.46505e-13
3.28641e-13 -8.77686e-13 9.1325e-14
2.59772e-13 -1.97365e-13 -9.6084e-14
-3.93912e-13 -1.37002e-12 4.86317e-15
7.52911e-13 -1.2617e-12 -1.96259e-13
1.74532e-13 2.92315e-13 5.56307e-13
1.42659e-13 -7.79229e-13 -7.70303e-14
1.44932e-13 2.64776e-14 1.1378e-13
-6.88018e-12 -1.5033e-12 6.48784e-14
2.07792e-12 -2.6487e-13 1.48953e-13
-2.89351e-12 -6.91181e-13 1.05276e-12
9.62226e-14 1.09781e-13 -2.5881e-13
-9.46199e-18 2.23445e-21 7.22451e-15
-3.72669e-13 -7.0534e-13 2.30038e-13
1.34086e-14 -1.1695e-12 -2.09398e-13
-2.31651e-13 -4.97079e-13 5.27421e-14
5.43194e-13 -1.64065e-13 -3.53494e-13
-1.80696e-12 -1.51867e-12 -3.48629e-13
9.28283e-13 -1.10683e-12 -8.99359e-13
-3.5292e-13 -5.01799e-13 3.14385e-13
2.71235e-13 -1.11198e-12 1.51852e-13
2.84068e-13 -1.61632e-12 -3.97226e-14
2.9516e-14 -3.43493e-13 -6.95895e-14
-1.23547e-12 -3.37239e-13 3.29742e-13
-2.72741e-15 -6.49969e-14 2.80781e-13
-4.09981e-12 1.07052e-12 9.78296e-13
6.22715e-13 -8.13042e-13 2.64137e-13
3.81022e-13 -7.52302e-13 -4.30722e-14
-3.25296e-14 5.84945e-14 -2.32925e-14
-2.08705e-17 8.32667e-14 2.74514e-13
8.88368e-16 -1.58063e-12 2.6869e-13
-2.43164e-13 7.98314e-13 6.85841e-15
6.60662e-14 -1.56592e-15 1.12784e-14
-3.71449e-13 -7.52857e-13 -2.4079e-15
4.91996e-13 -1.07632e-12 -4.87912e-15
-2.08954e-20 2.88022e-21 -3.92453e-20
5.19759e-13 -4.95028e-13 -1.91277e-13
1.22269e-12 -3.80405e-13 3.37646e-13
5.1478e-12 -1.52179e-12 -1.2167e-12
9.43273e-13 2.72762e-13 -1.14391e-14
1.67811e-14 1.59734e-12 3.59446e-13
-1.86744e-13 1.14539e-13 3.04081e-13
9.80128e-13 -1.65835e-13 -3.98393e-13
2.04305e-13 -1.00242e-13 -7.72755e-14
1.50636e-13 1.96831e-13 -1.00544e-13
-3.73534e-13 8.85423e-13 -1.31918e-12
-1.11472e-13 -4.38065e-13 1.77676e-13
-5.90833e-14 -1.62162e-12 -3.81753e-13
-4.67723e-13 -5.13301e-13 -2.21244e-13
-1.72474e-13 -1.21575e-12 1.07236e-13
1.17111e-12 -2.7627e-13 5.69213e-14
1.79363e-13 9.14767e-13 2.6817e-13
1.35559e-12 -5.48783e-13 -1.27144e-13
1.47777e-13 -3.75935e-13 1.4553e-13
-1.62341e-11 6.8642e-12 9.80857e-12
-6.50337e-13 -7.14868e-14 -1.47115e-13
3.14892e-13 -9.1369e-13 1.05054e-13
2.62299e-13 -2.33674e-13 1.06599e-13
9.29201e-13 -9.93361e-13 -1.05356e-13
8.34378e-13 -1.44387e-12 -5.20221e-14
-7.8242e-13 5.11488e-13 3.71827e-13
-2.44766e-16 -2.81793e-22 -7.22357e-14
-5.45964e-13 4.09284e-13 -9.21916e-14
-2.51822e-12 5.78933e-13 -5.2054e-14
6.57336e-14 -7.29441e-13 3.2222e-13
-5.04544e-13 -3.00221e-13 -7.57537e-13
3.6061e-13 -1.60592e-12 3.47373e-14
3.91828e-13 -4.80546e-13 3.35479e-14
7.79697e-13 -1.82768e-13 -1.78674e-15
1.54587e-12 -7.54386e-13 3.58535e-13
1.35602e-12 -9.90295e-13 4.11491e-13
7.79229e-13 -6.3076e-13 -4.3732e-13
-1.4641e-13 -9.91372e-13 -2.33746e-14
-1.90388e-13 -8.6243e-13 2.04739e-13
-1.34411e-13 -2.65528e-13 -2.11264e-13
1.16187e-12 -5.70878e-13 3.15998e-14
-2.37153e-13 -7.51531e-13 -2.34977e-13
-3.72362e-13 -1.03397e-12 7.78431e-14
-3.89014e-13 4.37654e-13 7.98585e-14
8.98489e-13 -4.84803e-13 -6.59517e-13
5.52274e-18 -2.02557e-20 -4.21679e-15
-1.62294e-13 -1.09839e-12 -1.24351e-14
7.81674e-12 4.13557e-12 2.32966e-12
3.35841e-14 -1.47447e-13 3.95236e-14
8.08505e-14 -1.63397e-12 1.1312e-13
6.24319e-13 -1.25912e-12 -2.89657e-13
7.54092e-13 -4.12669e-13 -6.67458e-14
1.5113e-12 2.67966e-13 1.46756e-13
-3.5387e-14 5.11996e-14 7.51637e-16
2.19398e-20 -3.57806e-21 1.06576e-20
-6.75298e-13 1.75984e-13 4.33516e-13
5.56111e-13 -1.23656e-12 9.64491e-15
3.07531e-13 -1.17433e-12 1.07015e-14
-1.452e-13 -4.19494e-13 1.15852e-13
1.37118e-12 -1.36699e-12 -3.05746e-13
-9.60656e-12 3.33408e-12 3.17942e-12
-6.70745e-13 -1.31646e-12 4.57906e-13
1.69637e-12 -8.14769e-13 5.56819e-14
-5.86248e-13 -1.62911e-13 2.00452e-13
-3.03568e-14 4.05745e-12 1.85255e-12
2.73172e-13 -4.1981e-13 1.17413e-16
1.83357e-13 -1.70155e-13 6.43522e-14
-1.47158e-14 2.04306e-14 -2.75354e-15
-6.30883e-19 4.68846e-20 4.82091e-16
-6.49026e-13 -2.04461e-13 6.75037e-14
-4.79163e-13 -4.81606e-13 -2.01526e-13
4.49255e-12 1.68647e-12 8.27773e-13
4.46289e-13 -7.44798e-13 -3.17026e-13
-2.04889e-13 5.9096e-13 -8.77958e-14
-1.91293e-14 -2.78462e-13 -2.40704e-13
2.99703e-13 -1.91912e-13 6.89556e-14
-4.34319e-13 1.28261e-14 -3.65593e-15
-6.2849e-13 -1.65088e-12 6.6305e-13
-7.8725e-13 -2.34397e-14 1.54727e-13
1.84641e-14 -1.34732e-12 7.88011e-14
-5.52111e-13 -7.5334e-13 1.63528e-13
9.39434e-13 -7.9219e-13 -4.74265e-14
-2.36643e-12 -1.66776e-13 -5.73442e-13
-6.88321e-13 -3.29805e-13 -1.11268e-12
3.51404e-13 -1.62289e-13 -1.88611e-13
-1.22299e-12 -1.47869e-12 6.07128e-13
-4.89656e-12 1.17777e-12 1.04618e-12
1.52698e-15 -3.68197e-14 -1.58621e-13
-4.69069e-12 -3.11383e-12 -2.95578e-13
3.62794e-15 8.22306e-15 5.17614e-14
-7.46076e-16 1.79853e-14 7.74819e-14
-1.31471e-12 6.67117e-13 -1.26212e-12
4.27848e-13 1.15225e-13 1.43425e-13
2.28705e-12 1.01987e-12 8.78735e-14
-6.28025e-12 1.21883e-12 7.98808e-13
-6.18514e-12 1.65653e-12 1.03055e-12
3.34032e-13 -3.17523e-14 -7.21756e-14
6.71726e-14 -1.72252e-12 9.40672e-14
1.01749e-12 -1.8635e-13 1.75276e-13
-7.7588e-13 -1.63699e-12 8.98437e-13
6.91552e-13 -1.6454e-12 1.1569e-12
-1.88605e-13 -2.55067e-13 -4.25843e-14
5.60181e-14 -1.74845e-14 -2.77637e-14
1.65992e-12 -1.13753e-12 -5.14933e-13
-3.14285e-12 -1.04332e-12 -4.81799e-13
4.4758e-12 2.91687e-13 2.16493e-12
7.33291e-14 -9.04126e-13 -1.08722e-13
-6.02634e-14 -6.74861e-13 -3.93591e-13
-6.73806e-13 -2.98544e-13 -8.75408e-14
-9.50293e-12 -1.32522e-12 -8.34789e-13
-2.55321e-13 -7.76068e-13 1.32883e-13
-5.91487e-20 3.84358e-21 -2.28247e-19
-8.36699e-13 -4.38579e-13 -7.90125e-14
-2.39463e-13 -1.09535e-12 -3.32586e-13
2.77374e-13 3.05782e-13 6.25523e-14
-1.17669e-12 -1.65085e-12 -5.47363e-13
3.08786e-12 -7.20925e-13 1.12423e-12
2.27017e-13 -2.35425e-13 -6.31623e-15
-2.13299e-15 -1.41467e-14 1.86308e-13
-2.81267e-12 5.42079e-14 3.02981e-13
9.77862e-13 -9.48733e-13 -8.34954e-14
2.75602e-11 -2.48189e-12 2.32413e-12
1.4412e-14 -2.79904e-14 -1.72865e-14
7.87302e-13 -1.49902e-12 1.22147e-13
2.2619e-12 -1.26483e-12 -8.21326e-13
1.0077e-12 -1.48656e-12 -2.11277e-14
-1.81045e-13 6.71332e-14 7.64291e-15
-9.647e-12 -3.45839e-12 4.30253e-13
4.05789e-13 -8.43668e-13 -9.64451e-14
5.39992e-13 -9.78153e-13 2.12983e-13
1.29494e-12 -1.6146e-12 6.75118e-13
2.50733e-12 3.00413e-13 1.08251e-13
3.26581e-13 -3.41871e-13 -8.31987e-14
1.79819e-11 9.78159e-12 2.6706e-12
1.14505e-12 -3.68884e-13 2.15179e-13
3.33269e-12 -1.31348e-12 1.28582e-12
-4.79939e-13 -9.4911e-13 -5.19521e-13
-2.76988e-19 -5.30617e-19 4.82082e-16
1.57231e-13 -5.24524e-13 -1.16101e-13
-9.09149e-14 -3.78779e-13 1.5258e-13
-2.46968e-12 1.0484e-12 -7.83624e-15
-2.43579e-14 -5.77862e-15 1.99446e-15
3.1472e-12 -1.64511e-12 4.86617e-13
-2.34794e-12 -1.24762e-12 -3.92971e-14
5.2666e-13 3.027e-13 6.47727e-13
3.09699e-13 5.92971e-13 -3.3717e-14
-2.4476e-16 6.42584e-22 -7.22337e-14
1.35434e-13 -8.50162e-13 -2.26266e-13
5.53155e-13 -1.24639e-12 -1.8892e-13
2.21948e-12 -1.51655e-12 -2.24171e-13
-7.81993e-13 1.44588e-12 -1.19982e-13
7.9191e-13 -1.51887e-12 7.24467e-13
-5.9014e-12 -1.33474e-12 5.72633e-13
1.51414e-12 -8.77224e-13 1.41229e-13
1.96736e-13 -1.23637e-12 -7.11717e-15
5.42575e-13 -2.89572e-13 6.31028e-15
2.04039e-20 -3.66754e-19 -1.40671e-18
2.99566e-14 9.72809e-14 3.59339e-14
-2.91962e-13 -9.9686e-13 -3.99084e-13
7.35876e-14 3.23394e-13 1.2464e-13
-5.88065e-13 -1.63352e-12 8.40202e-13
-1.73518e-12 -2.83683e-13 3.67222e-13
6.29365e-14 -4.28221e-13 1.03181e-13
-3.29208e-13 -1.23702e-12 1.31292e-13
5.55018e-13 -1.38432e-13 -1.24881e-13
-3.04711e-13 -7.67949e-13 7.25147e-14
1.35974e-12 1.54923e-12 -1.55983e-12
8.58837e-13 2.33124e-13 -2.36936e-13
-9.6613e-18 -6.47904e-21 7.37626e-15
3.86475e-12 2.10205e-12 1.20921e-12
6.44805e-16 4.27581e-15 -5.63117e-14
-2.60743e-12 1.73228e-12 -1.66067e-12
1.74144e-12 -1.07383e-12 -6.96746e-14
-2.77653e-13 -1.74265e-13 1.17938e-13
3.71892e-13 -1.31144e-12 -4.22428e-14
4.47756e-13 -1.24151e-12 -2.40642e-14
-5.69298e-18 9.29712e-22 4.34637e-15
2.80748e-14 1.44359e-13 -1.88041e-13
5.77672e-13 -5.41086e-13 -4.1896e-13
-7.10195e-13 -5.81723e-14 4.2612e-13
-2.4691e-13 -1.24483e-12 1.35584e-13
-4.79455e-12 -1.90076e-12 5.17687e-13
-7.37136e-12 -2.86019e-12 -1.0706e-12
-3.15989e-14 -1.18396e-12 1.71056e-13
2.62331e-13 -1.59964e-12 1.10669e-13
-1.12095e-16 1.284e-14 5.09692e-14
-1.77053e-13 -2.02985e-13 -2.1838e-14
-7.92433e-14 -3.72858e-14 -6.58067e-14
-1.39245e-13 5.93045e-13 5.16437e-13
1.44685e-12 3.43762e-14 1.6387e-15
-1.8151e-14 8.11251e-14 7.14441e-15
-2.21024e-13 2.16685e-13 5.83268e-15
-2.06203e-12 2.44797e-12 -2.88121e-12
-6.18956e-13 -6.02048e-13 7.0826e-14
-3.9998e-14 -1.73383e-12 -2.91736e-13
1.00058e-11 -1.59132e-12 4.344e-12
-6.28867e-14 -1.6053e-13 3.05711e-13
3.94574e-12 5.20144e-12 2.30077e-12
-1.81158e-13 -1.93554e-13 1.77217e-13
6.95135e-13 -4.27409e-13 -2.68249e-13
2.54743e-19 -1.63446e-19 -5.64672e-20
-7.46459e-16 1.79849e-14 7.74801e-14
1.77278e-17 4.0145e-17 2.53031e-16
-3.49718e-14 -4.34041e-13 -3.0029e-14
2.51067e-14 2.25731e-14 -1.04029e-14
1.1424e-13 -4.328e-13 2.62203e-16
1.70056e-11 1.75046e-12 1.24751e-11
2.6121e-12 -1.03714e-12 -1.6733e-13
3.06281e-13 -1.13002e-12 -3.51051e-13
8.56677e-13 -1.38847e-12 2.96687e-14
-3.75642e-13 7.66945e-13 2.48285e-14
2.79669e-14 -6.05519e-13 1.10033e-13
-1.50704e-13 3.0003e-14 -1.16205e-12
1.01333e-15 -6.73958e-15 -8.80823e-14
-5.96508e-13 -4.76645e-14 6.6219e-13
-6.03082e-12 3.09973e-12 7.10249e-12
-7.85619e-13 1.31256e-12 -1.95257e-13
8.15284e-13 -1.35592e-12 -2.84179e-13
4.41342e-13 -1.88417e-13 -1.08148e-13
-1.13607e-12 -8.46802e-13 7.17444e-13
-1.07167e-12 -1.04748e-12 3.10694e-14
2.21849e-13 2.80791e-13 -4.03112e-13
1.02661e-12 -1.06582e-12 2.7709e-13
-9.92042e-12 -2.48238e-12 -2.48588e-13
-1.24519e-12 -2.33515e-11 -1.93147e-12
7.83224e-13 -1.6415e-12 1.24524e-13
1.4823e-12 5.6458e-13 -3.25439e-13
-9.20267e-13 -1.10474e-12 1.492e-14
1.7289e-12 3.93567e-13 4.86434e-13
-1.34264e-12 -5.81337e-13 3.47185e-13
-1.55979e-13 -1.68575e-13 -2.61385e-14
-2.49956e-12 1.03256e-11 4.93873e-12
3.12242e-12 8.45943e-12 1.43424e-13
4.85798e-13 -1.06603e-12 3.2049e-14
-5.22173e-12 2.41852e-14 9.66117e-14
-6.63774e-16 5.93916e-21 -1.95892e-13
-6.8401e-13 1.86855e-13 2.27639e-13
-2.9495e-13 2.99251e-13 -6.03047e-14
2.74989e-11 -7.94981e-12 -2.39753e-12
-2.13925e-12 9.88139e-13 6.06421e-13
1.85353e-13 8.64263e-13 -5.02748e-13
2.75698e-12 -3.64403e-13 4.88031e-13
4.25918e-13 9.06963e-14 -3.57499e-13
-1.86471e-11 -6.69635e-12 1.33079e-12
-4.13901e-13 4.42604e-13 1.13429e-13
-9.8399e-19 5.3242e-19 4.82082e-16
-7.12101e-13 -1.61015e-12 -7.25214e-14
2.02409e-12 -6.7854e-13 7.0573e-13
4.64997e-13 -1.15587e-12 -3.14053e-13
-8.58109e-20 -5.32131e-20 6.80692e-20
-9.25095e-13 2.8125e-13 2.16286e-13
8.31254e-14 -5.8149e-13 1.62057e-13
5.0144e-14 1.38347e-13 1.22724e-13
-5.16691e-13 1.66369e-13 6.18233e-15
-4.7018e-13 -9.76214e-13 5.07595e-13
1.11041e-13 -1.06029e-13 1.5454e-13
-2.73236e-12 -1.09644e-12 -6.35977e-13
2.56252e-13 -9.21325e-14 -3.61405e-13
-3.01293e-19 8.0643e-20 2.56762e-20
1.79195e-12 -1.48491e-12 3.99013e-13
-2.08222e-13 1.86622e-13 3.81865e-14
-1.38865e-13 7.32748e-14 7.65791e-14
2.84994e-13 -1.67707e-12 -4.02721e-13
-4.17896e-13 -9.64785e-14 -2.16957e-13
2.07645e-13 -1.45366e-12 3.4008e-13
5.63837e-13 -1.22341e-12 8.76588e-13
2.11324e-13 -1.58509e-12 3.53886e-13
2.73085e-14 2.64669e-13 -1.76653e-13
-1.6593e-12 -9.82188e-13 7.28781e-13
-4.08214e-12 4.98573e-12 3.60812e-12
1.66416e-12 -1.08984e-12 -6.42383e-14
2.63369e-13 -1.98972e-13 4.70159e-15
-5.93936e-14 -9.0902e-15 1.02118e-13
-2.83949e-12 6.07506e-13 3.47066e-13
1.09291e-12 -1.16203e-12 -5.38978e-13
-3.03459e-12 1.65012e-12 -9.4815e-13
-1.82172e-15 1.2118e-14 1.58376e-13
-1.67331e-13 3.41625e-13 -1.61925e-13
3.08294e-19 5.74135e-19 -9.4076e-19
-2.65637e-11 1.07083e-12 -6.97833e-12
1.05895e-12 -6.13968e-13 -2.40398e-13
1.00803e-12 3.28638e-13 -6.21464e-13
2.05585e-15 1.36333e-14 -1.79547e-13
1.41291e-12 -3.86114e-14 1.60369e-15
2.41761e-13 -3.21042e-13 2.12966e-13
-3.6681e-12 -2.49671e-12 -1.04078e-12
-1.24306e-13 -1.50041e-13 1.00295e-13
-2.74727e-11 2.89415e-12 -6.8539e-12
1.42758e-13 -1.56456e-12 8.79531e-13
-2.34724e-11 -1.71561e-12 -2.88144e-12
3.80551e-13 1.89183e-14 -4.18936e-14
-3.76658e-14 -3.079e-13 -1.06513e-14
5.0479e-20 -1.32201e-19 -1.97986e-19
2.6672e-19 -4.88488e-20 -7.38366e-20
1.75776e-13 3.44535e-13 1.65563e-13
-2.07452e-13 -6.17123e-13 -2.19915e-13
-2.25935e-12 5.7862e-12 6.633e-12
6.89193e-13 4.18107e-13 7.12081e-14
9.02415e-13 4.92583e-13 -4.16797e-14
4.16345e-14 -2.41419e-13 -1.13379e-14
7.8234e-13 -4.30357e-13 1.88062e-13
-2.59346e-13 -4.10809e-13 2.14676e-13
-7.31545e-14 -7.83399e-13 9.30105e-14
-2.35798e-13 -1.27044e-13 -1.00633e-13
8.13442e-14 7.83468e-14 4.75432e-14
3.11493e-11 -1.24408e-11 8.64986e-12
5.29265e-13 2.5101e-12 -6.70905e-13
9.108e-13 -1.58778e-12 4.5722e-13
1.68464e-12 4.72492e-14 7.95615e-14
-3.80511e-13 -3.8634e-13 2.25705e-13
-2.36049e-12 3.20383e-14 3.66095e-13
2.84755e-13 -5.91342e-14 -1.07907e-13
8.62452e-13 -1.71732e-12 1.97387e-13
3.24291e-13 -1.62908e-12 2.18302e-13
3.28658e-12 -7.14721e-13 2.96888e-13
1.28425e-12 -4.95185e-13 1.69559e-13
-1.16255e-12 3.08006e-13 6.1795e-13
5.28388e-13 -9.71007e-13 5.73598e-14
6.74128e-13 -2.56759e-13 7.02449e-15
1.78675e-15 4.25939e-14 -1.84002e-13
-6.87669e-12 1.70301e-12 6.36637e-13
8.63272e-13 8.56242e-13 9.69627e-14
1.40589e-13 -6.69314e-13 2.79072e-13
4.33718e-13 -5.69394e-13 -9.28828e-14
1.99856e-12 -7.83838e-13 1.80542e-13
1.34339e-20 -4.77564e-20 1.11817e-19
-1.08776e-13 2.5453e-13 9.22982e-14
8.59078e-14 -1.09292e-14 2.55985e-14
2.28899e-13 -2.20515e-13 -7.24462e-14
-9.41895e-13 1.75941e-12 -3.18126e-13
-2.66297e-12 4.34233e-12 -1.67778e-12
-3.70097e-13 -3.06599e-13 -2.75965e-13
-2.13176e-12 1.51093e-12 -1.2317e-12
8.63307e-13 4.29562e-13 1.72362e-13
-4.55246e-14 9.61054e-14 9.93383e-14
9.49092e-18 6.33137e-21 -7.24676e-15
-3.16668e-13 4.16194e-14 2.20818e-13
-1.08883e-12 -1.04135e-12 6.03856e-13
-8.63944e-13 -4.47165e-13 2.08771e-13
-2.25301e-13 5.68041e-13 -5.65514e-14
-8.72842e-13 1.73688e-12 -1.58734e-13
9.87616e-13 7.23557e-13 2.05147e-13
-3.51861e-13 -1.7968e-13 -1.59227e-12
3.93018e-14 -2.21444e-13 1.38491e-13
-5.24707e-13 -2.77222e-13 5.74385e-14
-8.66703e-12 -4.37135e-12 1.57873e-12
6.41515e-13 -3.35702e-13 -2.16824e-13
-4.99095e-12 -1.45467e-12 1.17129e-12
-9.23315e-15 1.46664e-13 5.13868e-14
-4.48905e-13 -3.92098e-13 2.18901e-13
3.47966e-12 -7.28676e-13 5.81516e-13
-2.01919e-13 6.77151e-16 2.51334e-14
3.84428e-12 -2.61925e-12 4.99332e-13
3.536e-14 -1.09943e-12 -1.26377e-13
6.33402e-13 -7.88616e-13 4.40837e-13
-3.14918e-13 -3.61847e-13 -1.01601e-13
1.5598e-12 -1.66205e-14 -3.2746e-13
-6.61206e-13 1.54303e-12 -9.34781e-14
5.63457e-13 -1.43091e-12 -3.42561e-14
1.61599e-13 1.63571e-13 1.59162e-15
1.58192e-12 -9.61395e-13 -1.2164e-13
6.67839e-13 -8.29856e-13 -3.22117e-13
2.30167e-11 -1.04688e-11 -1.52333e-12
-7.2222e-16 -4.78924e-15 6.30733e-14
3.06609e-12 -6.14788e-13 3.76588e-13
-2.17688e-13 -7.11626e-14 -9.61598e-14
1.16221e-13 1.27255e-13 -1.5565e-13
-1.31994e-12 8.75317e-13 4.94378e-13
6.7593e-13 3.01519e-13 1.85917e-13
-5.42253e-12 1.30833e-12 -1.31028e-12
8.25663e-14 -5.18378e-13 -2.12158e-13
1.46465e-11 -1.34691e-11 -5.56347e-13
-7.77576e-12 -2.94198e-12 -4.72101e-13
-2.98828e-13 -6.14049e-13 -1.00663e-13
-2.93144e-13 -6.47442e-13 -2.46566e-13
1.58756e-12 -6.87753e-13 9.82965e-14
2.91565e-12 4.76735e-13 5.40654e-13
4.50066e-13 1.86827e-13 -6.71997e-13
-3.16577e-13 -2.83327e-13 1.93073e-13
4.6175e-19 -3.05556e-20 -3.5236e-16
2.50578e-13 -1.19452e-12 -3.31004e-13
9.0699e-14 -9.96415e-13 -2.18364e-13
8.28217e-20 -2.43595e-21 6.30818e-20
2.35483e-13 1.55438e-13 -2.05521e-13
-2.45884e-13 -4.50524e-14 3.43677e-14
-4.44572e-12 -4.36986e-12 1.39857e-12
1.35577e-13 -2.12391e-13 -8.92178e-14
-2.73334e-11 -7.34349e-12 -2.77741e-12
-9.49532e-13 -5.34468e-13 2.26487e-14
1.41305e-12 -9.89308e-14 -2.20186e-13
-9.46153e-18 -8.05717e-21 7.22451e-15
4.79861e-13 5.58907e-13 -3.01102e-14
-6.67162e-13 2.16405e-13 2.62906e-13
-3.42259e-12 9.02481e-13 7.29244e-13
-5.41581e-13 3.96138e-13 -2.03885e-13
-9.99986e-14 -1.26893e-12 4.92395e-14
1.05013e-13 -1.67354e-12 -6.00937e-13
1.27568e-13 -1.11575e-12 1.14198e-13
-7.64906e-12 2.37925e-13 6.56929e-13
-1.9756e-12 -1.62947e-12 3.24542e-13
-5.75417e-13 -1.52423e-14 5.60584e-15
-2.03816e-13 -8.28035e-13 -1.52057e-13
-5.31986e-13 -9.05796e-13 -3.56044e-13
1.13883e-11 7.78788e-12 1.3732e-12
1.65555e-12 -1.36304e-12 3.87017e-14
-1.35207e-12 3.2824e-12 -3.14398e-12
4.42936e-18 5.59262e-21 -3.38226e-15
-2.128e-12 1.28005e-12 1.38073e-12
-1.31173e-12 1.95513e-12 7.09227e-13
1.503e-19 4.13177e-20 1.82028e-22
-6.30832e-14 1.15156e-13 3.4648e-15
9.26158e-14 -5.71755e-13 1.36869e-14
2.02633e-13 -2.42501e-13 1.76582e-13
-4.44201e-14 -3.03887e-14 -2.29184e-14
-1.33007e-11 -3.52219e-12 -1.51755e-12
1.9603e-13 4.39443e-13 7.54841e-15
-1.70763e-13 5.95971e-15 7.11733e-14
4.32162e-12 2.17232e-12 -1.8917e-13
2.53683e-13 -4.12476e-14 -4.66161e-14
-1.17039e-13 1.23582e-13 2.02801e-13
1.73397e-12 -1.8127e-12 4.77819e-13
5.46671e-12 4.78047e-13 8.47894e-12
5.09344e-12 4.82866e-12 -9.71388e-14
5.91149e-13 1.01601e-13 -9.02706e-14
1.03901e-12 8.75984e-14 -2.14359e-13
-2.89115e-12 -1.28655e-12 1.577e-14
-2.23197e-12 2.29729e-12 4.57395e-12
-2.97835e-13 1.08488e-13 1.60504e-13
1.57158e-13 1.1928e-13 -1.12102e-13
-4.5578e-13 -5.21298e-13 2.03087e-13
1.59207e-12 1.6576e-12 2.65691e-13
1.60538e-12 -1.58058e-12 -3.2654e-13
-2.366e-13 -1.08729e-13 1.7326e-13
6.47087e-11 5.37024e-11 5.75855e-11
-2.05253e-12 -1.52034e-12 7.28336e-13
5.41564e-13 6.29645e-13 3.83896e-13
1.75535e-12 9.8116e-12 4.00005e-12
-6.18626e-13 5.32242e-13 1.64835e-13
1.69592e-12 6.22529e-14 -2.60492e-13
9.49165e-18 4.43687e-21 -7.24676e-15
-2.90679e-13 1.54518e-12 -5.02742e-13
1.1864e-13 1.07482e-13 1.12514e-13
2.77284e-11 9.16555e-12 1.77551e-11
6.49411e-14 8.43076e-13 2.42364e-13
-1.47446e-12 1.15705e-12 9.07395e-13
-3.05332e-14 1.38908e-13 8.92383e-16
-2.51808e-11 1.48303e-13 2.73262e-12
4.08309e-13 3.99469e-13 -9.66189e-13
2.21622e-14 4.17369e-14 -1.93323e-14
-1.04325e-15 4.15215e-14 1.05847e-13
-3.65469e-13 1.126e-13 -1.06639e-13
4.45053e-13 7.54555e-13 -1.8336e-13
1.98025e-13 3.13886e-13 -1.22775e-13
-1.10634e-12 -1.09297e-12 6.79075e-14
-1.05991e-12 2.78458e-13 8.65943e-14
4.56609e-13 -5.52672e-14 -6.96239e-14
5.61438e-13 -5.07712e-13 -1.18085e-13
3.25107e-13 2.90996e-15 9.13635e-14
2.43005e-15 -1.61685e-14 -2.11313e-13
2.81777e-13 -1.02616e-13 -1.46928e-13
-4.35463e-13 -1.7056e-12 8.41104e-13
4.41524e-13 7.94019e-13 2.63302e-13
-1.07004e-11 2.22007e-12 1.70901e-12
1.07832e-17 -1.2879e-20 -8.23297e-15
1.98857e-12 5.14607e-13 4.8905e-13
-1.21954e-19 4.03187e-20 -2.22271e-20
-2.48994e-13 -8.21533e-14 -6.98256e-14
-7.37308e-14 -8.16499e-13 -2.89814e-13
-2.27052e-11 -3.28654e-12 -3.95737e-12
-4.5514e-13 -1.34384e-13 3.50442e-14
-7.54618e-13 -1.26168e-13 2.48302e-13
1.55256e-13 -9.62873e-13 7.08349e-14
2.5136e-12 4.70884e-12 -1.1963e-12
5.45923e-13 6.17344e-14 -4.5716e-14
7.99704e-13 -6.519e-13 3.96515e-13
-1.89435e-14 1.23054e-12 -9.90302e-14
1.05846e-17 -1.47444e-22 -8.08106e-15
1.95052e-13 2.02567e-13 2.49452e-13
-5.02437e-13 -4.88537e-13 -1.40145e-13
1.52739e-15 -3.68192e-14 -1.58619e-13
1.20336e-12 -6.94261e-13 -6.77595e-14
1.10853e-12 8.85321e-14 -3.61141e-13
-8.52589e-12 1.66669e-12 -3.77074e-12
-1.87404e-12 3.45594e-13 -5.62811e-14
1.41241e-13 -8.15588e-14 -1.49145e-14
1.24913e-13 -1.59974e-13 5.75443e-14
8.95949e-12 -1.52375e-12 3.09553e-13
-2.32653e-11 -4.99373e-12 -1.96603e-12
-1.68137e-11 7.64188e-12 -5.58768e-12
1.11436e-13 -4.97565e-13 -2.15008e-13
-8.33304e-11 -1.17461e-12 -5.1696e-11
1.67031e-12 -7.36445e-13 1.27058e-13
-2.40677e-12 7.12205e-13 -1.04592e-13
2.74118e-12 7.4119e-13 3.66503e-13
-7.09759e-12 -1.7407e-12 -6.17866e-14
1.24719e-13 1.18327e-12 -5.33816e-13
-4.62039e-13 -1.9396e-12 -6.16863e-14
-7.83905e-13 3.71371e-13 6.8375e-13
-1.9823e-13 5.37994e-13 -1.05049e-13
-3.00656e-14 -1.58179e-13 6.4342e-14
-2.72106e-16 1.9577e-13 4.79712e-14
5.35144e-13 -3.73737e-13 4.22489e-13
1.62669e-12 -1.70749e-12 -2.18445e-13
-3.85131e-13 -8.14412e-13 1.94605e-13
1.45304e-12 -1.27907e-13 -1.4989e-12
5.69299e-12 -9.87556e-13 -2.8276e-13
-6.59222e-15 1.06319e-12 -1.29005e-13
2.49637e-12 -1.41562e-12 -5.10349e-14
-1.15188e-13 -9.27029e-14 1.08206e-14
3.30852e-12 -2.24605e-12 -6.22919e-13
-3.61433e-12 2.90858e-12 -9.9219e-13
4.98404e-13 -1.11203e-12 -2.13798e-13

VECTORS force float
3.04723e-15 7.07974e-15 3.13297e-15
-8.08149e-18 -1.71048e-17 -1.11598e-17
-1.88936e-17 -9.50795e-18 -7.02366e-18
6.32162e-18 1.88966e-17 -8.97134e-18
-7.82667e-17 3.99236e-17 -5.28508e-18
5.18487e-17 7.55801e-17 1.13527e-17
6.46235e-27 -1.1436e-25 0.0
-7.55495e-17 7.61243e-19 5.23738e-18
-4.27308e-17 3.88786e-17 2.28136e-17
8.27181e-25 6.61744e-24 0.0
9.75947e-18 2.31529e-18 -6.3631e-18
6.46235e-27 4.27304e-27 0.0
1.99499e-17 -1.55121e-19 -9.09818e-18
-2.86094e-17 -6.27715e-17 -1.7652e-17
7.26229e-18 -7.17173e-18 -2.10136e-18
2.23864e-17 -3.68848e-18 1.02607e-17
1.84718e-17 -3.38883e-17 5.25243e-17
6.83301e-18 5.30137e-18 -3.12179e-18
-7.04344e-18 -2.90876e-18 -7.77936e-18
-1.60599e-19 -6.27667e-18 -1.95823e-18
8.60985e-17 2.63959e-18 -7.02514e-17
2.85826e-17 7.5981e-18 7.68365e-19
-2.47642e-17 3.52299e-17 -6.57084e-18
3.87397e-17 8.62735e-18 5.61051e-18
1.03941e-17 4.50706e-18 2.95763e-18
5.33187e-17 2.47105e-17 -2.02476e-17
8.64098e-18 -4.65161e-17 1.09788e-17
1.81359e-17 2.76545e-17 -1.21022e-17
6.07072e-18 1.32192e-17 -4.5741e-18
-3.23822e-17 2.07938e-17 -1.98709e-17
-7.87104e-18 1.34423e-18 3.59544e-18
-5.81941e-17 1.73465e-17 -2.17421e-18
-2.97873e-17 -1.49446e-17 4.6496e-18
-7.48423e-17 3.75248e-17 1.01875e-17
-4.79489e-18 -3.31028e-18 4.79381e-18
-1.09274e-17 -3.79937e-18 -2.40992e-18
-1.52805e-18 -1.06486e-17 -1.36326e-17
-8.02378e-19 -1.69075e-17 2.41851e-17
0.0 -1.45693e-27 0.0
8.0412e-18 -5.47316e-19 -7.69842e-18
6.33615e-18 9.78933e-18 2.91619e-17
-3.73132e-17 -4.56723e-17 8.44501e-18
3.42287e-17 4.4082e-17 1.17928e-18
2.51247e-17 6.72982e-18 -5.42113e-17
3.47107e-18 -1.72041e-17 6.50025e-18
2.22634e-17 -2.01765e-17 2.27412e-18
-9.58761e-19 -1.80971e-18 8.8237e-20
-8.14968e-17 6.70701e-17 -1.13647e-17
-4.96583e-17 -1.91726e-17 2.32139e-18
-3.09157e-17 -1.09347e-17 -1.66203e-17
-6.18069e-17 4.71612e-17 -1.90484e-17
-1.49067e-17 2.20011e-17 -1.10186e-17
5.66681e-17 -2.98856e-17 1.22276e-17
2.48154e-24 4.1359e-24 0.0
-2.29705e-17 2.29062e-17 -4.3878e-18
2.79851e-17 -3.77263e-19 9.42897e-18
1.15658e-17 -9.60158e-18 7.57405e-19
1.02883e-16 -1.60228e-17 1.86734e-17
2.53456e-17 -1.31448e-17 8.26651e-19
-1.52656e-18 -2.48902e-18 -6.26499e-18
-4.53815e-18 -3.64603e-18 -5.84717e-18
-8.49882e-18 7.51493e-18 -1.37247e-17
5.09624e-18 5.18759e-18 -3.35068e-17
0.0 3.31212e-24 0.0
1.01696e-17 -1.03709e-18 9.3819e-18
3.66544e-23 -1.19941e-23 0.0
-1.24271e-17 8.62557e-18 -2.40135e-18
5.59455e-18 -1.73642e-17 -1.918e-18
-5.35492e-18 3.25202e-17 4.02711e-19
3.05068e-18 -4.11663e-19 3.33764e-19
-9.23435e-18 4.93788e-17 -4.26717e-18
-4.36431e-18 -6.4923e-18 1.29458e-18
-1.99864e-17 6.16946e-17 -1.39166e-17
-4.81142e-17 4.17996e-17 2.0449e-16
-3.4294e-17 -1.73421e-17 -7.72992e-18
-1.05904e-15 -2.37554e-16 3.47783e-17
1.2457e-17 1.09795e-17 8.70926e-18
-5.7172e-17 -4.94226e-17 -2.84161e-17
0.0 1.65436e-24 0.0
1.82589e-18 1.56765e-18 2.85093e-18
-2.32391e-17 1.15392e-16 -3.5248e-17
-5.15054e-18 -3.46809e-18 1.8052e-18
-2.05633e-18 -7.63945e-18 -6.54333e-19
-1.04022e-16 6.90259e-17 1.02992e-16
1.59861e-17 6.8889e-18 -8.04672e-18
-3.08195e-17 6.76115e-17 1.66836e-17
1.74428e-17 6.51501e-18 -8.1837e-18
-5.94222e-17 -2.33786e-18 -3.84759e-17
-5.05888e-17 3.82315e-17 1.57395e-17
1.71306e-18 8.82599e-18 9.57253e-19
5.42091e-17 -6.29222e-17 -9.45714e-18
4.12751e-18 7.73775e-18 -3.61101e-18
-6.46235e-27 -3.34852e-27 0.0
-1.70605e-16 4.089e-17 -1.52253e-16
-6.9764e-18 -6.94116e-18 -2.73814e-18
4.4461e-24 0.0 0.0
8.25363e-18 6.27641e-18 1.0077e-17
5.72875e-17 -3.25406e-17 1.51129e-17
1.26688e-18 -8.26217e-18 3.325e-19
-4.00014e-16 -2.71769e-16 -7.23782e-17
8.36558e-18 1.19756e-17 1.11101e-18
1.06191e-18 2.30835e-18 -3.00983e-18
-4.60001e-17 -1.26626e-17 -2.43053e-17
0.0 8.12265e-26 0.0
8.24211e-18 -7.33578e-18 5.92881e-18
5.05361e-18 -2.97127e-17 2.35672e-17
-1.34639e-16 1.76041e-16 -3.94475e-17
-3.25422e-17 4.73322e-18 2.44634e-18
3.45722e-17 8.97079e-18 -2.90875e-17
-7.1383e-17 3.24654e-17 2.9207e-17
-5.01718e-17 -8.20934e-18 4.76363e-18
-2.84498e-16 -3.48719e-18 3.09002e-17
1.10978e-17 -3.7621e-17 -9.97588e-18
6.7353e-17 3.84131e-17 -1.29235e-16
-7.08605e-17 -5.23079e-17 -5.48456e-17
-1.86444e-16 -3.62522e-17 7.97534e-18
6.59642e-18 1.14323e-17 -1.6515e-18
6.22807e-18 4.58412e-18 3.58052e-18
1.32504e-18 3.84985e-18 -1.8218e-18
5.61384e-18 1.36335e-17 1.79397e-17
5.28787e-19 -4.50269e-18 -4.77801e-18
-5.26685e-17 1.28756e-17 -1.81563e-18
2.10605e-17 -8.55691e-18 2.23163e-18
-5.73219e-18 -2.16644e-17 -1.0269e-17
2.16598e-17 -1.84633e-17 5.66605e-19
1.49332e-18 2.65574e-18 -7.59021e-20
7.77947e-19 -1.17525e-17 4.29901e-18
-6.41493e-18 3.16335e-17 -2.30133e-17
3.08225e-17 1.30421e-17 -1.06374e-17
5.71135e-17 -1.32267e-17 3.22716e-18
-1.10415e-16 3.76155e-17 -5.1964e-17
-1.94877e-17 3.72345e-18 -3.09469e-18
-8.18684e-18 -1.70201e-17 -1.29192e-17
-6.47437e-17 5.36523e-17 -6.99072e-18
-1.88528e-16 -6.53662e-17 -6.12207e-17
-6.46235e-27 -2.14767e-28 0.0
3.45286e-17 -3.7031e-17 2.23149e-17
-8.79404e-18 3.36874e-17 2.82896e-17
2.33146e-17 -1.15045e-17 -7.47372e-18
5.32937e-18 6.41731e-18 -2.85979e-18
-2.80436e-17 8.67324e-18 -2.07718e-18
-2.83724e-18 9.80202e-19 6.30695e-19
1.89346e-17 2.13446e-17 6.03585e-18
-1.22854e-16 6.33516e-17 -1.27271e-17
-9.13105e-17 1.23839e-16 4.15056e-17
-6.25992e-18 -5.67819e-18 -7.798e-19
-1.49428e-17 5.81374e-18 -1.06045e-17
-2.41779e-17 -2.39382e-18 -3.40279e-17
0.0 8.99e-26 0.0
-3.19346e-17 1.23765e-17 2.11655e-17
5.96642e-18 -3.30862e-18 -1.14053e-18
-4.12008e-17 5.38676e-17 -4.02065e-18
-9.50163e-17 1.00039e-16 -8.12198e-17
3.36397e-17 -3.21328e-17 -2.20432e-18
-9.06471e-17 8.41742e-17 -5.68475e-17
5.1586e-18 5.2494e-18 -9.51484e-18
2.76585e-16 -3.18697e-16 5.1029e-18
6.88152e-18 1.75723e-18 4.4959e-18
0.0 3.70029e-26 0.0
-1.55127e-17 -1.81347e-18 -7.30831e-19
8.69943e-17 -3.63989e-17 -8.07005e-18
-5.92979e-18 -4.92005e-18 -1.26968e-20
-5.63173e-17 7.73404e-17 7.78026e-19
9.00955e-17 4.00722e-17 6.05405e-17
4.86093e-15 -4.02048e-16 1.48429e-15
-9.0049e-17 5.43905e-17 -3.92704e-17
-4.04837e-17 -1.207e-17 -1.70596e-18
1.9177e-16 4.8689e-17 3.61332e-17
-6.19939e-20 6.92445e-18 -4.64373e-19
-1.50354e-16 2.56119e-16 -6.86764e-18
1.81816e-18 9.80261e-18 -5.76745e-18
3.70225e-18 3.08161e-18 -4.04133e-18
-2.13598e-17 -3.12053e-17 9.46371e-18
1.22054e-17 1.91858e-17 -5.36915e-17
3.28913e-18 -4.20012e-18 4.59526e-18
-7.31188e-17 5.86715e-18 3.81548e-17
-6.33635e-18 7.98355e-18 -1.01813e-18
2.27628e-17 -9.68067e-18 1.70857e-18
-3.79549e-16 -1.21357e-16 6.317e-17
-7.76241e-18 1.14242e-17 7.4966e-18
8.18211e-18 -5.66616e-17 -2.77292e-17
-6.90917e-18 8.28472e-18 -8.36831e-18
-1.63967e-16 8.80662e-17 5.44328e-17
9.64967e-18 1.22157e-18 -1.86845e-18
3.20214e-17 -2.6523e-17 -1.42581e-17
-9.5415e-17 6.72107e-17 6.25068e-18
2.64773e-17 -1.16358e-17 -5.91213e-18
4.40234e-17 -2.07009e-17 -3.40147e-18
-6.99725e-18 3.81472e-17 -8.0957e-18
3.98409e-17 5.15609e-17 1.52453e-17
2.15162e-18 1.64481e-17 4.46609e-18
2.19851e-17 -5.31322e-18 4.59239e-18
4.6843e-18 -1.36234e-17 -1.73181e-17
-2.46361e-17 -1.61245e-17 1.12048e-18
2.88426e-17 -4.84595e-19 -9.61796e-18
-1.37228e-17 1.41755e-17 -1.28606e-17
1.58636e-17 -1.19123e-17 8.39563e-18
6.41308e-17 -5.13679e-17 5.02635e-17
-5.99853e-18 2.4961e-17 1.08136e-17
5.2391e-18 1.6821e-18 -8.11614e-18
-3.72507e-18 -9.51957e-18 3.40497e-18
-3.424e-18 2.50193e-17 -4.24152e-18
1.60343e-18 -3.18216e-18 -1.47943e-18
2.62469e-16 -3.54103e-16 -1.96982e-16
2.71996e-17 -3.4373e-17 4.17168e-18
-4.78191e-17 -4.62581e-17 -2.60558e-17
-1.47191e-18 1.3952e-17 2.90391e-17
2.45048e-17 6.51084e-18 3.29655e-17
3.89405e-17 -3.456e-17 -5.70772e-18
4.84937e-18 1.54814e-17 6.94077e-19
2.99545e-16 8.4511e-17 -1.73416e-16
1.82056e-17 2.97747e-17 4.55042e-19
1.16638e-17 -2.9509e-17 4.51753e-17
2.76349e-17 1.64005e-17 1.31814e-18
0.0 6.30991e-24 0.0
6.50351e-18 4.56239e-17 3.10959e-17
6.29352e-18 -6.85469e-17 2.67607e-17
-3.55307e-17 -3.29368e-17 -5.78126e-19
7.08914e-18 -2.88467e-17 1.00477e-17
-6.74118e-17 2.22915e-17 -3.05136e-17
-4.57428e-17 7.90575e-18 -1.46183e-17
2.73785e-17 2.5618e-17 5.87544e-18
9.27033e-18 4.29353e-18 3.54638e-18
3.76718e-17 -2.58268e-17 -1.01482e-18
3.92962e-17 -4.10796e-17 -1.18124e-17
-6.46235e-27 7.61724e-27 0.0
1.29863e-17 3.76932e-17 -1.18923e-18
0.0 -1.57668e-24 0.0
-3.50767e-17 5.44272e-19 -1.17845e-17
1.80669e-16 9.59737e-18 3.95253e-17
-1.33567e-16 6.50169e-17 -5.59818e-18
2.91581e-23 -1.24077e-23 0.0
-1.55105e-16 5.53958e-17 6.52683e-17
8.47259e-18 -1.7858e-17 1.95992e-18
-1.51797e-16 2.484e-17 -3.66776e-17
-1.47209e-17 -2.00234e-18 2.88386e-17
0.0 0.0 0.0
-8.79503e-18 -1.42647e-17 -4.39253e-19
2.31808e-17 3.38656e-17 -1.02705e-17
8.93537e-18 -2.57428e-17 -1.27598e-17
8.31747e-17 -9.67731e-17 -6.88977e-17
-1.60174e-17 -1.18861e-17 -6.51832e-18
-1.91116e-17 1.77454e-17 2.10122e-18
1.07043e-16 -7.63366e-17 2.18131e-17
1.36151e-16 -3.73245e-17 2.562e-17
-4.85969e-24 0.0 0.0
-9.38118e-17 4.26674e-17 3.41766e-17
-9.66549e-18 1.68346e-17 3.31338e-18
5.03985e-17 2.43739e-17 -8.54307e-18
1.86216e-17 -3.39539e-18 -1.10808e-17
1.97644e-17 2.70788e-17 -4.92026e-17
2.06795e-24 4.1359e-25 0.0
5.80933e-18 4.87957e-19 -6.72835e-19
1.73337e-17 1.61725e-17 -8.68246e-18
5.89895e-17 2.35231e-17 -2.6746e-18
5.82208e-18 1.81485e-17 8.91169e-18
0.0 1.93789e-26 0.0
-1.06613e-17 1.33107e-16 5.14305e-17
-7.45397e-18 -1.60142e-16 2.29062e-17
3.88854e-17 8.92937e-18 -1.09417e-17
-5.2012e-17 -5.65324e-17 2.82791e-17
5.69527e-18 -6.66759e-18 -6.23654e-19
1.61402e-17 5.51201e-18 -3.19349e-18
1.36425e-18 2.80228e-17 -3.62138e-18
5.79283e-17 4.78949e-16 3.30862e-16
-7.06715e-17 -7.77005e-17 4.32774e-17
2.24274e-18 -8.8408e-18 4.48116e-18
-2.54378e-16 -3.07136e-17 4.20703e-17
2.20982e-17 1.68701e-17 -1.68163e-17
1.68097e-17 -1.64209e-18 3.30774e-18
5.5156e-17 -3.39354e-17 -1.41983e-17
6.98193e-17 -1.26554e-16 1.82614e-17
-1.81478e-16 1.12982e-16 -1.13568e-16
-1.28304e-16 -3.2552e-17 -9.98697e-17
1.49828e-16 5.59293e-17 -5.01464e-17
-1.05363e-18 3.58617e-17 9.2667e-18
6.85644e-17 -9.65948e-18 2.26672e-17
1.11942e-16 8.9635e-17 -1.36029e-16
-5.31085e-17 3.20091e-17 1.71808e-17
1.13411e-17 3.53184e-18 9.99987e-18
-8.09744e-18 -7.4482e-19 -1.00021e-17
-1.0942e-16 -9.41649e-19 1.27356e-17
1.58549e-17 -1.21565e-18 5.68691e-20
1.33831e-18 2.09121e-17 6.13003e-18
-1.01195e-16 -1.44251e-16 -4.91538e-17
3.72452e-17 1.07599e-17 3.32618e-18
-4.24944e-17 1.13263e-16 5.47311e-17
-5.62944e-17 -1.06504e-17 1.30084e-16
-3.40613e-17 -6.63849e-17 1.85039e-17
1.01872e-18 1.88021e-18 -4.73272e-18
3.60358e-17 1.81023e-18 -2.33221e-17
3.83977e-17 -3.04936e-17 8.27631e-19
-2.58811e-16 6.0207e-17 1.34636e-17
5.80736e-18 4.04215e-18 -1.71103e-17
1.0731e-17 9.50785e-18 1.22799e-18
-3.00851e-18 8.34307e-18 1.76561e-18
1.1845e-16 1.64241e-17 3.00168e-17
1.47579e-17 -6.35807e-18 4.96035e-18
-3.57869e-16 1.04648e-16 8.59341e-19
-5.25146e-17 2.02649e-17 5.49497e-18
-2.0011e-17 1.02978e-17 -6.85624e-18
-5.67697e-17 2.11758e-16 -1.79668e-17
-8.106e-17 3.29019e-17 9.30977e-17
7.46024e-19 -6.79492e-18 9.82691e-19
-1.59959e-17 -4.80306e-18 -2.84404e-19
1.22814e-18 7.72428e-17 -3.7468e-17
-6.46692e-17 3.69057e-17 -3.11505e-17
1.47621e-17 1.82064e-18 -4.43634e-20
1.06034e-18 1.80568e-17 -1.18642e-17
3.36018e-17 2.08055e-17 3.17946e-17
8.40255e-18 -4.40753e-19 2.90046e-17
3.08223e-18 2.48036e-17 5.42803e-18
-7.15716e-18 -1.09024e-17 -1.5548e-18
2.57881e-17 -4.76125e-20 1.69325e-18
-5.40831e-17 1.62933e-17 -1.48922e-18
7.27935e-17 -5.29421e-17 2.95021e-17
1.04912e-16 -5.72257e-17 -5.6449e-17
-2.38754e-17 -6.25769e-18 7.76465e-18
-3.47832e-17 3.15088e-17 -6.36116e-18
-9.05211e-18 -5.30671e-17 1.50331e-18
4.48538e-17 -6.38161e-18 6.94117e-17
1.31903e-16 6.75552e-17 -5.40204e-17
2.59075e-16 -1.11989e-16 2.73328e-17
-1.0055e-17 2.50899e-17 -2.06868e-18
1.3808e-17 9.66147e-19 4.532e-18
1.69325e-18 6.46902e-17 -2.74168e-17
-1.29051e-17 -1.00423e-17 -6.53328e-18
-2.75305e-16 1.6618e-16 -1.47433e-16
-4.77541e-17 -2.84921e-18 4.51299e-18
3.94247e-17 -5.67969e-17 1.82064e-17
8.15855e-18 1.34492e-17 -1.1937e-17
-6.4254e-17 1.15221e-16 -9.93141e-18
5.68978e-19 1.22729e-17 -5.96804e-18
-2.95133e-17 -2.82098e-17 1.08733e-18
-5.12175e-17 -6.27178e-17 -9.85277e-17
-5.90796e-17 -2.54598e-17 -4.33351e-17
-1.64873e-16 2.10897e-17 1.55903e-17
1.67094e-18 6.8718e-19 -3.59897e-18
-6.46235e-27 -2.42558e-24 0.0
1.30287e-16 1.0087e-17 -2.37669e-17
-5.97982e-17 2.4889e-17 -3.32393e-17
2.78874e-18 5.0081e-18 1.1434e-17
2.64849e-17 2.56918e-17 2.4553e-18
-1.97697e-16 1.12369e-17 9.49474e-17
-1.79749e-16 7.5439e-17 -2.07244e-16
-3.57041e-17 -5.3441e-18 -2.02081e-18
-3.00516e-17 3.1458e-18 1.65453e-17
1.97893e-17 6.67187e-18 4.53673e-17
-7.26759e-18 1.84961e-17 4.02191e-17
9.24574e-17 -4.39139e-17 -5.67777e-19
3.83088e-23 -6.61744e-24 0.0
-4.24114e-16 5.15176e-17 3.05393e-17
-3.5295e-17 -1.06214e-17 -1.15375e-17
6.73642e-17 5.58393e-19 2.44527e-17
-8.31083e-18 5.7216e-18 3.781e-18
-6.13535e-23 0.0 0.0
-1.77596e-17 3.11647e-17 2.86376e-17
2.92605e-16 -1.99235e-16 2.08238e-18
-1.53523e-18 6.4556e-19 2.09503e-18
2.71261e-17 -4.70162e-18 -2.58497e-17
-1.60911e-18 6.16887e-17 -4.876e-19
0.0 0.0 0.0
-3.70458e-18 4.60567e-17 -2.59462e-17
-2.52449e-16 -7.13963e-17 2.18918e-17
9.02563e-17 2.96277e-17 -6.75576e-17
-1.1779e-16 2.60767e-17 -5.63661e-17
-5.13753e-17 -4.95415e-17 4.09077e-17
-4.82173e-17 3.28806e-17 -4.3551e-17
-7.16202e-17 -3.01577e-17 -9.08586e-18
-7.13223e-18 2.25048e-18 1.79902e-18
1.65787e-17 9.72741e-18 -3.42374e-18
-1.35705e-16 1.98031e-16 4.17018e-17
4.85087e-17 5.5498e-18 -1.84345e-17
-5.685e-17 5.14294e-17 1.14837e-17
-1.33414e-16 1.3491e-16 -5.72202e-17
2.53781e-17 -4.21654e-17 -1.55423e-18
1.06381e-17 3.80064e-18 2.73352e-17
-1.10142e-17 -8.15741e-17 9.31567e-17
3.21418e-17 1.14764e-18 2.27068e-18
2.07381e-17 3.45619e-17 -4.71116e-18
3.1078e-17 3.91638e-16 6.52141e-16
5.01957e-18 -2.23748e-17 -4.87387e-18
-2.50541e-17 2.23797e-18 -3.71709e-17
-2.14887e-17 1.49781e-17 4.26828e-18
3.49355e-17 -2.70881e-17 -1.00689e-17
-3.07127e-18 2.08792e-17 -1.85591e-17
1.34213e-17 -1.06893e-16 1.31865e-16
0.0 2.44745e-26 0.0
2.89926e-16 9.66099e-18 -3.09305e-17
-1.68151e-16 6.03821e-17 -4.23307e-18
1.99143e-17 -4.68661e-17 7.02864e-17
-1.0934e-16 1.86473e-16 -6.14818e-17
-1.43127e-18 -1.23265e-17 -1.12327e-17
1.41123e-17 -3.13644e-17 -1.08848e-17
3.12441e-18 -6.99895e-18 1.16256e-17
-1.75594e-16 8.1357e-17 2.85897e-17
-5.6594e-18 5.16722e-17 1.04733e-17
-8.4675e-17 -8.19981e-18 -5.93985e-17
4.78721e-18 -2.79276e-17 1.47067e-17
3.36284e-17 -4.01038e-17 1.64856e-17
2.58723e-17 -2.67814e-17 4.92338e-21
-1.76388e-17 6.22918e-17 3.50719e-17
-1.53704e-16 1.07652e-17 3.39556e-17
-3.7683e-19 -5.90405e-17 2.51508e-17
-7.66198e-17 2.22511e-17 -1.38623e-17
-9.0785e-17 -2.70635e-17 -1.83508e-19
0.0 2.4445e-24 0.0
-1.66406e-17 -3.93683e-17 1.83762e-17
-9.37375e-16 4.76421e-16 2.05371e-16
-1.11386e-17 -1.00654e-17 1.01831e-17
4.5707e-17 1.33204e-17 9.38603e-18
3.20164e-17 5.73501e-17 1.37707e-17
3.99491e-17 2.42219e-17 -1.36459e-17
4.22531e-17 -2.39554e-17 -7.57628e-17
5.08701e-19 -6.21795e-19 -3.51383e-18
0.0 0.0 0.0
4.78632e-18 -1.2416e-16 1.02645e-16
3.45499e-17 -2.56685e-17 -1.30705e-17
-7.71748e-17 -4.72004e-17 2.18516e-18
6.99035e-18 -1.18293e-17 9.60664e-18
-1.07983e-17 6.92704e-17 -6.88491e-17
-2.9097e-16 6.6521e-17 -1.05492e-17
-4.10578e-17 3.9443e-17 6.05855e-17
5.9519e-17 -4.95994e-17 -2.93895e-17
2.15401e-17 -4.18588e-17 1.17911e-17
4.61307e-17 1.53441e-16 2.56835e-17
-6.77033e-18 3.22915e-17 4.10043e-18
-2.92893e-17 -3.98791e-18 -4.1277e-18
1.21015e-18 2.33916e-18 -2.59373e-18
0.0 -1.83433e-23 0.0
1.42715e-17 2.73122e-17 7.78444e-18
8.21003e-18 1.86205e-17 -2.54452e-17
4.85218e-17 1.08951e-17 -5.32046e-17
-1.81289e-17 3.29834e-17 -2.75175e-18
7.64437e-18 -1.18575e-16 -4.77787e-17
-2.69447e-17 2.9843e-17 2.46086e-17
6.8472e-18 8.38684e-18 -2.03312e-18
-3.38768e-17 3.33566e-17 -1.0639e-17
-9.79424e-18 6.18196e-17 3.76437e-17
5.81238e-17 8.49826e-19 5.29048e-18
3.75263e-17 -2.60238e-17 6.01902e-18
2.6152e-17 -5.61166e-17 1.15929e-17
-2.02719e-17 -1.04566e-17 3.8723e-17
-1.67721e-17 -5.37889e-17 -1.3145e-16
-1.60341e-16 2.1647e-16 8.77352e-17
-1.45127e-18 -2.90349e-17 8.39263e-18
-3.33355e-17 6.9176e-17 9.94267e-17
-2.24344e-17 -3.26893e-17 2.64908e-17
3.05023e-23 -1.15805e-23 6.61744e-24
-3.74569e-17 1.61769e-16 -4.32079e-17
-1.37002e-24 8.27181e-25 -6.61744e-24
7.23783e-25 0.0 0.0
-2.36434e-16 2.96049e-16 -1.80377e-16
4.27504e-18 -9.13557e-18 -1.95363e-17
-1.03362e-16 1.45166e-16 1.50497e-17
-4.46989e-16 1.348e-16 -5.44797e-17
2.99183e-16 -2.04662e-17 7.76229e-17
1.81677e-17 -1.06124e-17 3.36093e-19
4.57944e-17 3.30499e-17 -2.08057e-17
-6.07301e-17 4.4371e-17 3.04538e-17
1.42923e-16 1.72022e-17 -1.05763e-17
4.29567e-16 -1.61727e-16 1.39456e-16
-1.63626e-17 -3.05968e-18 -2.68396e-17
-1.91793e-19 -1.92883e-17 2.69743e-18
1.23905e-16 6.05713e-17 -8.46041e-17
-1.7778e-16 7.97591e-17 8.26688e-17
-2.43366e-16 3.89055e-16 1.28477e-16
7.87703e-18 -1.00617e-17 2.96136e-17
-4.47114e-18 1.21893e-18 1.41008e-17
3.14262e-17 4.17379e-17 2.6971e-17
4.40278e-16 1.23735e-17 -7.87748e-17
-3.938e-17 -6.10001e-17 -6.61008e-18
1.65436e-24 -2.48154e-24 0.0
5.82841e-17 4.25742e-17 -8.77592e-18
-7.14256e-17 1.26901e-16 9.99137e-17
-7.99672e-17 -2.41794e-17 -2.34245e-17
1.9507e-16 -3.95817e-16 8.65417e-17
-9.3648e-17 9.45921e-17 7.44382e-17
2.41796e-18 1.23966e-17 3.86035e-19
-6.61744e-24 -4.96308e-24 0.0
-5.77651e-17 2.23815e-18 3.72306e-17
-4.89813e-17 1.38806e-18 9.41652e-18
3.14617e-16 -3.8218e-17 -2.11957e-16
-6.06939e-18 -3.75332e-19 1.20808e-19
-7.32457e-17 4.65899e-17 2.35765e-17
-4.97194e-17 4.42169e-17 1.09717e-17
-8.48908e-18 9.27595e-18 4.38318e-17
3.02255e-17 -1.7273e-17 1.95749e-17
7.56353e-16 -5.43363e-16 8.87825e-17
3.17717e-18 -2.15465e-17 1.30339e-17
2.57311e-17 -6.90617e-18 -5.01844e-17
-1.90268e-16 4.34112e-17 -4.42511e-17
4.35733e-17 5.4081e-17 4.50722e-17
-2.14698e-17 5.62726e-18 8.71893e-18
-1.53218e-15 8.41308e-16 2.42812e-16
1.93138e-17 -8.54949e-17 3.3265e-17
-9.3501e-17 1.57573e-16 5.76565e-17
1.24403e-17 9.85486e-17 -1.53688e-17
-7.96161e-24 1.20975e-23 0.0
9.56305e-18 3.64233e-17 -4.03702e-17
-2.69105e-18 -2.16177e-17 3.37436e-18
-2.55425e-17 3.89911e-18 9.29069e-18
-1.90532e-18 5.91669e-19 1.74158e-19
-2.08423e-16 3.66466e-17 -9.22151e-17
-1.9819e-16 -2.12757e-16 -7.80603e-17
1.84725e-16 -2.55607e-16 -1.15709e-16
1.54363e-17 -5.65547e-17 3.09112e-17
0.0 -6.40843e-25 0.0
-3.72321e-18 4.22562e-17 4.32728e-18
-2.48495e-17 7.40234e-17 1.70114e-17
-6.97222e-17 1.03758e-16 -1.81624e-16
1.98004e-17 -8.54274e-19 1.44393e-17
-2.2777e-17 -7.51422e-17 2.91114e-17
-2.51832e-16 -9.10361e-17 2.74801e-17
-6.37518e-17 5.34276e-17 2.30937e-17
2.22772e-17 4.47131e-17 2.48599e-17
-3.70744e-18 4.72479e-18 1.41466e-17
0.0 8.27181e-25 0.0
-3.31697e-17 2.66794e-18 -1.19616e-17
3.62352e-18 6.95133e-17 1.53962e-17
-2.90535e-17 -2.78472e-18 -2.45037e-17
4.42603e-18 1.40446e-17 5.48153e-17
-1.12354e-16 3.38583e-17 -3.28727e-17
-3.17721e-17 1.02129e-17 1.42643e-17
2.43752e-17 -3.97156e-17 1.61485e-17
-4.00603e-17 1.50608e-17 -1.75884e-17
2.15724e-17 3.63232e-17 -3.31681e-17
-5.65751e-16 1.51057e-16 8.82971e-17
-6.38156e-17 -1.34241e-17 3.98476e-19
0.0 -2.78262e-25 0.0
1.40115e-16 1.47148e-17 -3.12452e-16
-2.68834e-24 -4.1359e-25 0.0
1.03545e-17 -1.66804e-16 2.16128e-16
-4.04249e-17 3.30445e-17 -1.75869e-18
-8.50845e-19 3.0488e-17 4.43708e-17
-2.83837e-17 1.69286e-17 -1.5459e-17
-4.76214e-17 8.09782e-17 -8.84329e-18
0.0 -7.35044e-25 0.0
2.86369e-17 -1.48593e-17 3.99103e-18
4.38269e-17 -5.7801e-17 2.91732e-17
-3.17157e-17 1.43446e-17 7.52032e-17
-2.909e-17 -2.83509e-17 1.28615e-17
1.46109e-16 -1.47807e-16 5.50277e-17
-2.38214e-16 1.95972e-16 -6.44654e-17
2.83805e-17 -2.01931e-17 1.49681e-17
-5.64863e-17 3.38925e-17 -3.35461e-17
-7.75482e-26 2.48154e-24 -6.61744e-24
1.83395e-18 4.26053e-18 -8.44878e-18
-3.25025e-19 1.04117e-17 -1.47684e-18
1.56844e-16 -6.56786e-17 2.32677e-17
-9.87222e-18 -5.41153e-17 -4.9271e-18
1.07005e-19 -2.61045e-18 -1.03488e-18
4.06792e-17 -9.61799e-18 -2.18414e-18
-1.55707e-16 1.53959e-16 -1.76074e-16
2.54679e-16 -1.28515e-16 1.12765e-16
-2.35589e-16 -1.0795e-18 9.18647e-17
9.36964e-17 -1.66277e-16 -1.14867e-16
1.11498e-17 5.90192e-17 2.04849e-17
-3.50287e-16 3.25369e-18 -3.09647e-16
-4.83702e-18 -4.47213e-17 2.1631e-17
-3.06058e-17 2.568e-18 2.24875e-17
-3.30872e-24 3.30872e-24 0.0
3.4266e-22 3.30872e-24 0.0
1.53028e-23 1.32349e-23 0.0
2.55412e-18 -3.76034e-17 1.98404e-17
-2.53571e-18 -5.54856e-18 8.06805e-19
7.4182e-18 -2.68337e-17 3.45471e-18
3.03444e-17 7.69907e-17 2.08368e-17
-9.32103e-18 5.15963e-17 4.67142e-18
-7.29945e-18 -2.26448e-17 -3.22518e-17
-1.28734e-16 7.08078e-17 1.8274e-17
1.08369e-17 -1.32397e-17 5.51896e-18
6.668e-17 -3.88355e-17 4.07163e-18
-1.6805e-17 1.51797e-16 -1.09072e-16
-8.02365e-23 8.27181e-25 0.0
-1.62465e-16 -5.39909e-17 -9.0488e-17
3.37816e-17 8.05417e-17 4.17634e-16
1.00468e-16 -1.82189e-17 -4.37003e-17
1.40169e-17 5.62362e-17 1.69168e-17
2.42253e-17 1.354e-18 -2.70458e-18
-1.91194e-16 -1.25703e-16 2.01919e-17
1.16099e-16 4.16829e-17 -2.68067e-17
6.57251e-17 -2.96159e-17 -5.74744e-17
-2.62593e-17 -2.30559e-17 2.16249e-17
-5.77694e-17 -2.42635e-16 1.64723e-16
1.67035e-15 -2.2245e-16 1.79698e-16
-1.19637e-16 1.98851e-17 4.2542e-17
-1.24989e-16 6.3881e-17 1.3259e-17
9.25149e-17 5.66747e-17 -1.99769e-17
-1.54867e-17 2.23243e-16 6.23479e-17
6.34309e-17 -3.70094e-17 3.17369e-17
2.25042e-18 4.15494e-18 -1.11799e-18
4.47405e-17 -2.93156e-16 3.90449e-17
1.70301e-17 -4.77528e-17 -2.5459e-16
-1.09211e-16 -3.65511e-18 4.28339e-18
-2.97759e-16 -8.41597e-17 -4.67257e-17
0.0 1.33922e-24 0.0
3.35815e-18 -5.64084e-17 1.42531e-17
2.32249e-17 -1.58535e-18 2.1547e-17
-1.93282e-16 2.48701e-16 6.96484e-16
1.21188e-16 -6.60013e-17 1.84879e-17
1.45463e-16 -3.44308e-17 2.03766e-17
3.11955e-17 9.25585e-17 9.29527e-18
-2.50727e-17 -5.45119e-17 3.29866e-17
1.78414e-16 -3.79054e-16 -5.97593e-17
1.10171e-17 -2.98044e-17 4.20768e-17
8.16841e-24 -1.19941e-23 0.0
-2.28287e-16 -6.33515e-17 -1.03163e-16
-1.81309e-17 -7.18327e-17 2.17107e-17
-1.16859e-16 6.03863e-17 -1.81373e-18
-1.65436e-24 0.0 1.32349e-23
5.64629e-17 -3.99523e-17 3.7052e-18
6.15379e-19 -1.46348e-17 -1.35252e-17
-3.63554e-18 -1.64683e-18 -8.75025e-19
-8.84868e-18 4.34661e-18 1.05721e-17
1.53607e-17 7.84287e-17 6.85397e-17
-5.88907e-17 1.22579e-17 8.28808e-18
-1.58991e-16 2.74538e-17 -7.21565e-18
-1.39654e-17 4.89781e-17 4.65667e-17
0.0 3.30872e-24 -6.61744e-24
1.8379e-17 1.86926e-17 5.14022e-18
-1.37385e-17 1.32843e-17 9.6026e-18
7.67816e-18 -5.5092e-18 -3.17562e-18
3.80156e-18 -2.30763e-17 3.64249e-17
-1.03971e-18 -1.65795e-17 3.54399e-18
-2.32616e-16 9.02311e-17 -1.36734e-17
4.45627e-17 -6.20076e-18 1.12598e-17
-1.81475e-16 4.37016e-17 -1.89331e-16
2.7188e-17 7.24441e-18 6.98715e-18
3.97713e-17 5.16024e-17 3.19051e-17
3.64738e-16 -1.18287e-16 -4.29089e-16
2.33281e-17 -1.83343e-17 -1.31483e-17
-7.07989e-18 -3.45882e-18 -5.7589e-18
-1.36921e-16 -9.89241e-18 -3.90317e-17
-2.97612e-16 1.40999e-16 -4.38917e-17
3.40167e-18 -6.83456e-17 1.03496e-16
-1.51149e-16 -4.13209e-17 -3.07423e-16
-6.72084e-24 -3.30872e-24 0.0
3.86203e-17 -6.46598e-17 1.46864e-17
8.27181e-25 1.65436e-24 0.0
2.23589e-16 2.91462e-17 -2.85073e-16
3.67433e-17 -8.44939e-18 -4.1104e-17
-2.5263e-17 -7.0571e-17 1.24308e-17
-3.22083e-23 4.1359e-25 0.0
-5.05476e-17 2.77036e-17 -2.06078e-17
5.73778e-17 3.34645e-17 3.02286e-17
2.69372e-16 -2.78759e-16 1.54792e-16
-8.03871e-18 3.31317e-18 -1.71318e-17
-2.14639e-16 -4.93402e-16 2.97023e-16
3.20615e-17 2.07563e-17 -1.8758e-17
-2.44211e-16 -6.81821e-16 -4.75987e-16
2.42227e-17 1.11305e-17 1.82051e-17
1.39072e-17 1.44417e-17 2.69e-17
-1.65436e-24 -1.65436e-24 0.0
-1.65436e-24 3.30872e-24 0.0
-1.30288e-17 2.78704e-17 2.17966e-17
1.15309e-17 2.45516e-17 -2.87159e-17
1.58306e-16 -1.65437e-16 6.78733e-17
-1.17865e-18 -7.27423e-18 1.97771e-17
-6.94442e-17 -6.6777e-17 2.61625e-17
-1.04962e-17 -1.24305e-17 2.00068e-17
-1.6835e-17 5.23268e-17 2.59836e-17
1.9645e-17 -1.03032e-18 3.15253e-17
3.2508e-17 -4.0921e-17 1.16015e-17
4.54743e-18 1.21515e-17 2.07305e-17
2.40034e-17 -3.67351e-18 1.35007e-17
-1.91972e-16 -5.24694e-16 -4.61199e-18
-1.21451e-17 -9.03887e-17 -1.81212e-16
3.07147e-17 4.53066e-17 -2.58809e-17
-1.35098e-17 3.24986e-17 6.79215e-18
-1.0321e-16 5.07369e-17 -4.20564e-17
-1.88569e-17 8.29173e-18 2.5163e-17
-1.63964e-17 3.37002e-18 1.25778e-17
-3.2486e-17 -5.33511e-17 2.50677e-17
4.16633e-17 2.71613e-17 6.12047e-17
-3.173e-17 -1.12649e-19 1.28064e-17
-9.643e-17 -3.33173e-17 4.49637e-17
1.19804e-16 5.52128e-17 -6.01555e-18
-9.56088e-19 7.70693e-17 -3.50647e-17
1.07803e-16 4.40557e-18 3.668e-18
-6.06427e-23 3.30872e-24 0.0
-3.77111e-16 3.70667e-17 1.23764e-16
-1.93966e-17 -5.37209e-17 3.05525e-17
1.94255e-16 2.58961e-17 9.14001e-18
-2.97161e-17 3.41495e-17 -1.26308e-18
6.78499e-17 6.02358e-17 1.20733e-17
-3.10193e-24 0.0 0.0
2.62016e-17 -7.06836e-17 4.90186e-17
3.22572e-17 -9.32084e-18 1.87468e-17
1.13042e-17 -8.27195e-18 -1.54255e-17
3.39587e-17 -7.70581e-17 1.14597e-17
1.78124e-17 3.9985e-16 -4.96103e-18
6.13092e-17 1.20234e-18 9.02333e-18
3.7691e-16 -1.373e-16 -5.54477e-16
-3.18241e-17 2.40618e-17 3.99461e-18
4.06291e-17 1.03337e-18 4.63884e-18
-6.46235e-27 2.75708e-24 0.0
-1.08701e-16 7.51763e-18 -8.67445e-18
-1.72983e-16 -5.25023e-17 2.68348e-17
4.45312e-17 -3.49078e-17 2.16993e-17
6.14582e-18 -4.77774e-18 1.82018e-17
1.77356e-17 1.87518e-18 1.23054e-17
5.06595e-17 -1.35206e-17 -7.31281e-18
-2.72773e-16 3.06618e-17 -1.57525e-16
1.63996e-17 6.0269e-19 -1.62793e-17
2.44514e-17 -5.89966e-18 -1.72567e-17
6.62217e-16 2.65018e-16 -1.51228e-16
4.41523e-17 -3.55176e-17 5.91937e-18
3.75684e-16 5.6223e-17 -1.85509e-16
3.88327e-18 5.20878e-18 -1.04471e-17
4.21062e-18 -2.71068e-17 3.05486e-17
-1.13186e-16 2.52511e-16 -3.51206e-17
7.24361e-18 -1.45712e-17 6.32143e-18
2.48345e-16 -7.82758e-17 1.19728e-16
-5.6231e-17 5.7967e-17 4.58499e-17
-1.69088e-17 9.6565e-17 1.09276e-17
2.06577e-17 -1.72003e-17 1.62173e-17
-3.17651e-17 9.27607e-17 -1.90134e-17
5.06661e-18 -1.80347e-17 2.95228e-17
1.98299e-16 -2.18586e-17 4.71045e-17
-4.15343e-18 -2.40958e-20 -4.403e-18
-1.7558e-16 1.6329e-17 1.13744e-16
2.79476e-17 2.24258e-17 6.89779e-18
2.86206e-17 5.12823e-16 -7.52454e-17
6.25555e-24 -4.1359e-25 0.0
-1.7171e-16 6.78787e-17 1.19352e-18
8.63884e-18 -9.20503e-18 5.59822e-18
-2.63486e-17 2.24067e-17 5.57562e-18
3.0432e-16 -6.81317e-18 2.81514e-17
2.03053e-17 -3.65556e-17 4.04157e-17
1.21276e-16 -6.28917e-17 -3.42125e-18
2.35445e-17 -8.84292e-19 2.87393e-18
-7.09531e-17 2.56861e-16 4.07709e-18
-8.45794e-17 -3.27041e-16 -7.14685e-17
5.86603e-17 1.88199e-17 -3.87993e-17
-2.19944e-17 2.8291e-18 -2.87415e-18
1.33058e-17 1.59119e-17 3.06867e-17
-7.97402e-17 1.16207e-16 4.63229e-17
-6.46567e-17 -2.36037e-18 9.02576e-17
-3.60532e-17 5.10761e-18 2.8916e-17
-6.46235e-27 7.51754e-25 0.0
-3.15293e-17 -5.03517e-17 -2.79074e-17
3.44365e-17 -2.3687e-17 3.2074e-18
0.0 -6.61744e-24 0.0
2.74172e-17 9.2991e-18 8.39085e-19
-1.31625e-17 -3.42244e-17 -1.94777e-17
1.37714e-16 -2.13191e-16 9.71345e-17
2.87436e-18 6.94373e-18 -1.79241e-18
4.49421e-17 1.35285e-16 2.65723e-16
1.48634e-17 4.64095e-17 -1.16412e-16
-3.71416e-17 -5.9052e-17 -7.46935e-18
6.46235e-27 -2.16905e-24 0.0
1.76852e-17 -3.24109e-17 -3.73606e-18
-4.33784e-17 -3.80621e-17 2.30262e-17
-9.29474e-17 3.7628e-16 6.82493e-17
1.26232e-16 -6.03339e-17 2.21485e-18
-1.60332e-17 -4.77851e-17 1.85762e-17
-3.02449e-17 1.78114e-17 -5.08568e-17
4.7339e-17 -5.60981e-17 1.63572e-17
-3.43953e-16 1.26472e-16 -9.4531e-17
-1.68861e-16 -3.79566e-17 -3.17868e-17
9.66865e-17 -1.96053e-17 -1.5308e-17
1.80375e-17 -1.01142e-18 -6.52047e-18
6.88306e-18 5.19404e-17 -1.11052e-16
-5.50939e-16 -8.73779e-15 1.20913e-16
-2.53183e-17 5.50543e-17 3.49355e-19
-3.71408e-17 -3.61264e-17 2.38182e-16
0.0 -5.88772e-24 0.0
9.43359e-17 -3.27458e-16 -6.25599e-16
4.48535e-19 -4.9653e-17 8.52363e-17
6.61744e-24 0.0 1.65436e-24
-3.38864e-18 -1.27122e-17 -6.59879e-18
-2.32022e-17 2.1083e-17 1.11317e-17
8.49853e-18 -4.84537e-17 -2.42806e-17
-6.01616e-18 -1.16992e-17 -6.64041e-18
-4.68574e-16 -2.25468e-16 -5.45829e-17
2.19977e-17 2.41676e-17 3.46965e-18
-6.44695e-19 1.59779e-17 -1.28152e-17
3.00527e-17 -8.1533e-17 5.99318e-17
1.38272e-17 -1.16794e-17 1.21495e-17
8.04139e-19 -1.12423e-17 2.39002e-18
-2.65913e-16 4.39945e-17 1.16148e-16
-1.05369e-17 2.1238e-16 1.41227e-17
3.51696e-16 3.92879e-16 -3.31907e-16
-9.58646e-17 -1.93466e-17 3.05191e-17
2.14102e-17 5.48171e-18 -4.62605e-18
-6.45518e-17 -1.70635e-16 3.8771e-17
-1.63635e-16 2.76351e-17 -3.45481e-16
-4.31968e-18 8.21247e-19 -6.11223e-18
-4.9683e-18 -6.18821e-18 -8.51887e-19
-2.94942e-18 -2.37795e-17 2.77957e-17
-4.33399e-17 4.64017e-17 1.58826e-17
2.26869e-17 2.26253e-17 -3.02845e-17
-1.49713e-19 -5.26709e-18 9.94221e-18
4.48217e-16 -9.59032e-18 3.21473e-17
1.29677e-17 5.30664e-17 1.9796e-17
3.86343e-17 -5.64752e-17 -4.83246e-17
5.66869e-17 4.08797e-17 -1.11338e-16
-2.37132e-17 1.57455e-17 1.85047e-17
8.19254e-17 1.32359e-17 2.82963e-17
0.0 8.83593e-25 0.0
-3.911e-17 1.9333e-18 1.11334e-17
5.9672e-17 -5.33766e-17 -4.22516e-18
7.63921e-17 9.20974e-18 -9.85815e-17
3.1512e-18 1.14524e-17 2.50658e-17
1.39274e-18 5.95838e-17 1.03567e-16
1.43531e-17 4.69984e-18 -2.61325e-18
6.71511e-16 -2.23787e-15 2.29797e-16
2.51543e-16 3.05242e-16 -2.6907e-17
-1.20506e-17 4.56255e-18 1.91512e-18
-4.06766e-22 1.65436e-24 -6.61744e-24
3.10023e-18 1.01145e-17 5.66896e-18
-4.38552e-18 4.34522e-17 6.16193e-18
-8.57104e-18 -1.36929e-17 8.77983e-18
1.41551e-17 -8.94096e-19 5.05843e-17
-3.17583e-18 -7.76766e-17 2.23635e-17
-3.56006e-17 -2.13095e-17 1.49627e-17
5.52321e-18 -3.44924e-17 5.80575e-17
-9.46747e-18 -7.23649e-18 5.03494e-18
-2.04572e-22 -2.5229e-23 0.0
3.8289e-18 -6.02559e-18 3.04767e-17
1.8695e-16 3.14833e-17 6.4172e-17
8.84684e-18 -2.39759e-17 -3.80391e-17
-2.54514e-16 -4.21569e-17 -1.10777e-16
6.46235e-27 -6.63128e-25 0.0
3.91048e-17 1.73939e-17 4.73854e-17
-3.30872e-24 0.0 0.0
3.26584e-19 7.23684e-20 -6.96624e-19
-2.73132e-17 -3.58783e-17 -1.7788e-17
2.39524e-16 -1.16435e-16 -4.88342e-16
2.33255e-18 6.35192e-18 -1.53826e-17
8.32233e-18 -6.97836e-19 3.18562e-17
2.82427e-17 3.95177e-17 2.86959e-17
-1.03689e-16 -1.54449e-16 5.16983e-17
7.12361e-18 -9.04388e-18 -2.248e-17
-3.02829e-17 7.94153e-17 3.05938e-17
7.28922e-18 -1.54608e-18 4.46212e-17
6.46235e-27 2.77708e-26 0.0
-2.33535e-17 -1.84979e-17 1.02599e-17
1.67357e-17 -3.98463e-17 2.27987e-17
-4.96308e-24 1.65436e-24 0.0
-4.31822e-17 3.12732e-17 1.88333e-17
-1.81992e-17 -1.77067e-17 1.7859e-17
5.81579e-16 -3.84057e-17 -9.60732e-16
3.53879e-18 -8.86613e-17 5.87984e-17
9.21692e-19 9.20927e-18 7.47115e-18
3.8409e-18 4.29337e-18 -6.60469e-18
5.45692e-16 -6.57464e-17 2.05232e-16
6.4913e-16 -1.94307e-16 -1.10381e-16
9.60385e-16 -5.87739e-16 -6.04671e-16
-2.04641e-17 -1.53942e-17 8.04311e-18
1.75869e-16 -3.08387e-16 -7.63371e-17
-4.162e-19 5.0219e-18 -3.2863e-17
2.23171e-16 -9.27345e-17 2.80597e-17
3.14103e-17 8.00131e-17 -6.22276e-17
-1.50057e-16 1.00062e-16 1.27856e-16
-1.05427e-16 -1.39786e-17 7.02058e-17
-5.52621e-17 3.52561e-16 2.46103e-20
7.17595e-18 -6.76886e-17 1.22223e-17
5.89346e-17 -2.53313e-17 7.97394e-18
7.80757e-18 7.13358e-18 1.55874e-17
-5.18073e-18 -2.32787e-17 1.73457e-17
-9.68173e-18 -4.07469e-17 3.14355e-17
2.15177e-16 -6.39596e-19 3.22534e-17
5.64763e-18 4.12353e-17 2.925e-17
-6.28235e-17 -9.14425e-17 -1.5083e-16
1.02197e-16 6.98571e-17 -6.76343e-18
1.51574e-17 -1.35661e-17 7.19119e-18
3.483e-18 3.65172e-17 -1.94825e-17
9.86505e-18 1.75935e-18 -1.02508e-17
5.94442e-16 3.49859e-16 9.15484e-18
-5.44578e-16 6.67574e-16 2.86288e-18
3.73003e-17 -2.45297e-17 3.31171e-17
