# vtk DataFile Version 3.0
LIGGGHTS particles timestep 107400000
ASCII
DATASET POLYDATA
POINTS 873 float
0.384765 0.0176273 0.00160103
0.384276 0.0168362 0.000152108
0.385979 0.016305 0.000154358
0.384024 0.0178931 0.000346588
0.384103 0.0188777 0.00179976
0.38414 0.0203084 0.00038795
0.385344 0.021108 0.000153527
0.384857 0.0164602 0.000527417
0.384125 0.0186018 0.000725561
0.384479 0.0181392 0.00532873
0.384537 0.0177544 0.000152462
0.383992 0.0184143 0.000151757
0.384812 0.0187844 0.000568853
0.384869 0.0167819 0.000363698
0.384803 0.0169846 0.000152809
0.384915 0.0183348 0.000412633
0.384393 0.0200033 0.000329348
0.384771 0.0189907 0.000354885
0.384249 0.0186361 0.000152072
0.383697 0.0189843 0.000151351
0.38551 0.0163743 0.000153727
0.384537 0.0188112 0.000408422
0.383933 0.0183841 0.000910122
0.383691 0.0196365 0.00137364
0.384551 0.0189669 0.000152444
0.384476 0.0190531 0.00135703
0.384973 0.0159492 0.000153027
0.384718 0.0185669 0.000384781
0.384114 0.0176073 0.000360568
0.384098 0.0188501 0.00119184
0.384545 0.0194202 0.000152446
0.385045 0.0173743 0.000698037
0.385035 0.0210857 0.000153116
0.384772 0.0202231 0.000807152
0.383671 0.0182832 0.000151301
0.385325 0.0170081 0.00015348
0.384387 0.0165562 0.00015223
0.384231 0.0208268 0.00015205
0.384246 0.0213172 0.000152088
0.383713 0.0195261 0.000405419
0.384633 0.0199733 0.00015255
0.383992 0.0202878 0.00155233
0.384483 0.0187432 0.00100059
0.384186 0.021085 0.000765738
0.383776 0.0188306 0.000396501
0.384798 0.0193938 0.00124736
0.38386 0.0208523 0.000151582
0.384491 0.0167411 0.000826766
0.383698 0.0191758 0.000382307
0.384775 0.0177635 0.000333978
0.384311 0.0181618 0.000411136
0.384433 0.0180729 0.000152289
0.38465 0.0160107 0.000152609
0.383254 0.0200098 0.00538195
0.383894 0.018443 0.00061858
0.383721 0.0201648 0.00110894
0.383699 0.0194922 0.000864139
0.385774 0.0165263 0.000154084
0.385379 0.021728 0.000153573
0.38628 0.0159856 0.000154748
0.384848 0.0197614 0.000152852
0.384297 0.0183399 0.000152164
0.384935 0.0213685 0.000152978
0.383124 0.0188914 0.0053278
0.383684 0.0190009 0.00062565
0.384879 0.0194858 0.00532657
0.384411 0.0210667 0.000152303
0.384766 0.0172689 0.000670999
0.384755 0.0205364 0.000152745
0.384609 0.0174633 0.000152565
0.384881 0.0200096 0.000318105
0.383683 0.0186845 0.00015132
0.384162 0.0185702 0.00127856
0.385239 0.0168887 0.00093479
0.384788 0.0175107 0.000494981
0.384247 0.0194577 0.000152149
0.384451 0.0205211 0.000257329
0.384585 0.0196895 0.000278251
0.384989 0.0180879 0.00538114
0.383731 0.0200314 0.000564419
0.384559 0.0213709 0.000152488
0.38375 0.0203316 0.000362374
0.384573 0.0167914 0.000152504
0.3846 0.0205705 0.00124147
0.384776 0.0192293 0.0014972
0.384639 0.0200974 0.000472653
0.383903 0.0177038 0.000549977
0.384494 0.0183088 0.000600776
0.384257 0.0216244 0.000152083
0.384111 0.0181041 0.000151907
0.385046 0.0156469 0.000153133
0.384723 0.0179967 0.000152689
0.384247 0.0178365 0.00015209
0.384318 0.0178481 0.00107352
0.384549 0.0186547 0.000152467
0.384348 0.0198654 0.00534931
0.385094 0.0168168 0.000153198
0.384752 0.0225705 0.000152748
0.384848 0.0172811 0.000152878
0.385244 0.0150807 0.000153389
0.383789 0.0179787 0.000511532
0.384924 0.017576 0.00015296
0.383903 0.0190764 0.00169511
0.383741 0.0199852 0.000151428
0.384918 0.0165741 0.000152936
0.384885 0.017052 0.000501726
0.384186 0.0208278 0.000920195
0.384065 0.0210773 0.00015182
0.384143 0.0171166 0.000665392
0.38461 0.0166839 0.000504771
0.384436 0.0164204 0.000470553
0.384522 0.0198284 0.000536357
0.384329 0.0196006 0.000406404
0.385357 0.0162324 0.000369289
0.384655 0.0177639 0.0006089
0.384445 0.0210826 0.00061393
0.384888 0.0184824 0.000152883
0.384339 0.0202417 0.00015221
0.384024 0.0197277 0.000151798
0.38453 0.0207909 0.000152459
0.384328 0.0191677 0.000152164
0.38394 0.0189665 0.00141837
0.384551 0.0191949 0.000350438
0.385059 0.0170948 0.000261451
0.384487 0.0180145 0.00274646
0.383917 0.0176923 0.000151636
0.384086 0.0206789 0.000369501
0.384017 0.0178156 0.0010481
0.384629 0.0190306 0.000616104
0.384369 0.0196299 0.000702315
0.383973 0.0194558 0.000272738
0.383645 0.018626 0.00149303
0.384214 0.018913 0.000261913
0.383997 0.0183612 0.00149292
0.384354 0.0181276 0.000970878
0.38533 0.0157498 0.000153509
0.384843 0.0197261 0.000750471
0.383882 0.0208933 0.000683803
0.385153 0.0161935 0.000153269
0.384321 0.0175458 0.000152151
0.383893 0.0181982 0.000334512
0.383671 0.0182523 0.000547068
0.383954 0.0200733 0.000368812
0.384054 0.018114 0.000976661
0.384525 0.017627 0.00104162
0.385136 0.0173639 0.000153233
0.384143 0.0188484 0.000895305
0.38543 0.016037 0.000153608
0.384844 0.0162796 0.000152872
0.384041 0.0172809 0.00190693
0.384776 0.0192141 0.000152764
0.384738 0.0211297 0.000152712
0.384242 0.0182841 0.00133722
0.384504 0.0162738 0.000152426
0.384054 0.0212484 0.000551747
0.383685 0.0191839 0.000865309
0.385526 0.0151831 0.00015376
0.38366 0.0192295 0.00180481
0.385015 0.0178821 0.000153096
0.383821 0.0205473 0.00015153
0.38412 0.0173229 0.000881946
0.384887 0.0200695 0.00123921
0.384256 0.0176293 0.0018912
0.384862 0.0154099 0.000152883
0.385449 0.0153171 0.000411083
0.384193 0.0182756 0.000765426
0.384427 0.0184937 0.000374356
0.383698 0.0199058 0.00151214
0.386629 0.0146558 0.000155208
0.384999 0.0169458 0.00110529
0.384194 0.0171429 0.000151997
0.384035 0.0174071 0.000151806
0.38332 0.0173706 0.00557046
0.384223 0.0204655 0.000629471
0.384664 0.0172593 0.000389035
0.385646 0.0158289 0.000153922
0.383727 0.0196849 0.000151352
0.3857 0.021905 0.000153988
0.384618 0.0165645 0.00145456
0.385127 0.0228833 0.000153241
0.383949 0.0181281 0.00240398
0.383656 0.0184144 0.000799005
0.384597 0.0209853 0.000374465
0.384953 0.0181895 0.000152997
0.383829 0.0200711 0.0008451
0.383916 0.0184112 0.0012084
0.384273 0.019306 0.000412651
0.384484 0.019293 0.000625763
0.38406 0.0180981 0.000562722
0.384879 0.0199991 0.000623713
0.383654 0.0183016 0.00107693
0.383711 0.0198085 0.000929167
0.38404 0.0189192 0.000506692
0.384001 0.0186247 0.000370593
0.384096 0.0172042 0.00115637
0.383741 0.0183921 0.00165466
0.384151 0.0200078 0.00015195
0.385432 0.0161542 0.000989522
0.384428 0.0203105 0.000470819
0.384913 0.0202579 0.00015296
0.383737 0.0184819 0.000365851
0.383957 0.0202802 0.000151675
0.383783 0.0193331 0.000624132
0.385412 0.0164235 0.000858941
0.38467 0.0164801 0.000293118
0.384905 0.0176363 0.000740984
0.384543 0.0200376 0.000750395
0.384545 0.0186057 0.000626695
0.384193 0.0193871 0.000690072
0.384375 0.0173074 0.000326281
0.38537 0.01646 0.000564229
0.384684 0.0185515 0.00088703
0.384512 0.0192613 0.00114396
0.384596 0.0183584 0.000152544
0.385398 0.0225749 0.000153598
0.384025 0.0202205 0.000650776
0.384327 0.0195171 0.00122563
0.383991 0.0192075 0.00044013
0.384151 0.0198417 0.000401759
0.384958 0.0208348 0.000422104
0.384423 0.0171198 0.000557588
0.384522 0.019111 0.000884531
0.383977 0.0190641 0.00102036
0.383966 0.0196713 0.000809053
0.38395 0.019828 0.00165544
0.383797 0.0179801 0.000151501
0.384563 0.0188283 0.00157817
0.384475 0.0218465 0.000152389
0.384163 0.0191242 0.00129591
0.385538 0.0156727 0.000386233
0.384176 0.0214768 0.000400124
0.384831 0.0186975 0.00532561
0.385267 0.0171383 0.00109888
0.384787 0.0192974 0.000505741
0.38433 0.0176614 0.000767772
0.385268 0.016555 0.000153424
0.384939 0.0184041 0.00534929
0.384322 0.0197606 0.000152189
0.383571 0.0172133 0.00561819
0.384826 0.0208361 0.000152846
0.384044 0.0195926 0.00053011
0.38395 0.0188232 0.000151695
0.383663 0.0186957 0.000903132
0.384573 0.0197663 0.000874862
0.385544 0.0167736 0.000153767
0.384595 0.019582 0.00533062
0.384024 0.0205359 0.000842431
0.38367 0.0189533 0.00105653
0.384818 0.0186586 0.00147415
0.383998 0.0199217 0.000646966
0.384642 0.0189702 0.00112081
0.38481 0.0191135 0.00529749
0.384823 0.0187753 0.000152842
0.38409 0.0172602 0.000407502
0.383893 0.0187963 0.000737554
0.384172 0.0204908 0.000151977
0.384026 0.0191217 0.000151801
0.384719 0.0171784 0.00107383
0.385052 0.0152442 0.000315822
0.38395 0.017571 0.000875895
0.384535 0.0161709 0.000650912
0.385599 0.0221878 0.000153859
0.383811 0.0178426 0.00161927
0.383838 0.0178409 0.000808748
0.384476 0.0215097 0.000620337
0.385095 0.016411 0.000351609
0.384262 0.0187182 0.000485343
0.385097 0.016661 0.000517353
0.383754 0.018022 0.00103251
0.384775 0.0192142 0.0010082
0.384508 0.0179213 0.000400083
0.384677 0.0161954 0.000387484
0.385716 0.0161397 0.000154
0.384529 0.0178663 0.000860686
0.384411 0.0173697 0.000937237
0.384436 0.0188994 0.00195554
0.384842 0.0197206 0.00105042
0.384666 0.0161567 0.00119108
0.384092 0.0185415 0.00171312
0.384918 0.0157761 0.000391963
0.383842 0.0181377 0.000765364
0.384605 0.0182623 0.000875876
0.385655 0.0216386 0.000284568
0.383739 0.020307 0.000682713
0.38521 0.0159527 0.000338916
0.384589 0.018732 0.00129524
0.384491 0.020832 0.000771988
0.384377 0.0184969 0.000850318
0.384621 0.0195454 0.000538909
0.384733 0.0157222 0.000152726
0.383735 0.017985 0.00208505
0.385022 0.0216963 0.000153099
0.384745 0.0163155 0.000901108
0.383948 0.0191036 0.000724404
0.384351 0.0190302 0.000501337
0.386859 0.0143646 0.000155509
0.384659 0.0181802 0.000385457
0.384489 0.0175878 0.000397336
0.384738 0.0156819 0.000629432
0.383933 0.0210114 0.000413001
0.383647 0.0183513 0.00137266
0.385584 0.0148202 0.000153839
0.384377 0.0207848 0.000410525
0.383792 0.0191593 0.00123687
0.384157 0.0170002 0.00201119
0.384721 0.0184144 0.00115105
0.384131 0.0178979 0.000783292
0.383714 0.0197009 0.000649205
0.384395 0.0188433 0.000731806
0.38424 0.0198735 0.000820489
0.38381 0.0177918 0.00230184
0.384126 0.0189265 0.00209485
0.386429 0.0149011 0.000154946
0.385203 0.0208574 0.000250378
0.38389 0.0186843 0.00132981
0.383947 0.0205273 0.00174167
0.385546 0.0154832 0.000153789
0.38462 0.0169626 0.000394334
0.384167 0.0184102 0.000498595
0.385196 0.0171995 0.000506924
0.384756 0.021196 0.000517415
0.385094 0.0153241 0.000601866
0.384669 0.0180592 0.000659772
0.384625 0.0202781 0.000233595
0.384537 0.017125 0.000152451
0.384917 0.0208989 0.000865326
0.385078 0.0174871 0.000420584
0.384798 0.0179771 0.00136367
0.383713 0.0193667 0.000151366
0.384216 0.0196105 0.000962826
0.384713 0.0188539 0.000843535
0.384927 0.0181464 0.00165981
0.386381 0.0146096 0.000318385
0.38394 0.0192353 0.0019469
0.384625 0.0159358 0.000992226
0.385064 0.0175996 0.000993079
0.384494 0.0216011 0.000335211
0.385037 0.0177713 0.000507708
0.3853 0.0222761 0.000153469
0.384149 0.0174215 0.00135623
0.384617 0.0182388 0.00194652
0.384826 0.0197463 0.000451635
0.384914 0.0180218 0.000398527
0.384413 0.0212931 0.000402576
0.384506 0.0182147 0.00121417
0.384725 0.0216588 0.000152703
0.384369 0.0174106 0.000607919
0.38428 0.0200715 0.000598741
0.383988 0.0176438 0.00175769
0.383998 0.0197803 0.00134191
0.383857 0.020298 0.0054184
0.385054 0.0166358 0.000813162
0.38373 0.0204677 0.00125555
0.384563 0.0178209 0.00230769
0.386866 0.0148392 0.000155518
0.383381 0.0176617 0.00548218
0.384252 0.0191334 0.00191776
0.385573 0.01657 0.000372242
0.383787 0.0207066 0.000403552
0.384609 0.0175087 0.000759445
0.384933 0.0204689 0.000383945
0.384733 0.0182194 0.00546594
0.383855 0.0185733 0.00223043
0.384397 0.0170364 0.00148027
0.385459 0.0212864 0.000705399
0.384994 0.0178984 0.00115068
0.38524 0.0171571 0.000800754
0.385185 0.0218143 0.000376398
0.384784 0.0177663 0.000982415
0.38364 0.0186561 0.00179143
0.383676 0.0194644 0.00161886
0.38472 0.0179296 0.0016495
0.384075 0.017468 0.0006233
0.384683 0.0206986 0.000394728
0.384346 0.0182258 0.00163136
0.384045 0.0194136 0.00122231
0.384942 0.0181845 0.000670843
0.385081 0.0169122 0.0006807
0.384906 0.017765 0.00182702
0.384925 0.0182029 0.00121222
0.384521 0.0212905 0.000819952
0.384024 0.0178751 0.00254701
0.384255 0.0178169 0.000522395
0.38365 0.0185829 0.00118081
0.384869 0.0185034 0.000656458
0.384244 0.0191027 0.000771965
0.385361 0.0169598 0.000583119
0.383039 0.0194119 0.00532808
0.384624 0.0219835 0.000397532
0.384312 0.021744 0.000526527
0.384393 0.0199668 0.00139257
0.384135 0.018057 0.00150129
0.384209 0.0192533 0.00102905
0.385583 0.0215069 0.000544404
0.3849 0.0183466 0.000919818
0.384696 0.0168831 0.000993955
0.384842 0.0174083 0.000925383
0.38437 0.018048 0.000682095
0.384726 0.0194065 0.000783312
0.384595 0.0195564 0.00109803
0.383915 0.0187913 0.00247029
0.384809 0.0180651 0.0009724
0.384759 0.0166249 0.000758371
0.38457 0.0195539 0.00139696
0.384812 0.0194879 0.000270971
0.383949 0.0181169 0.00125743
0.387471 0.0142302 0.000156312
0.383957 0.0192622 0.00146572
0.38491 0.0174139 0.00143372
0.383667 0.0194855 0.00196226
0.384424 0.0200026 0.00102381
0.384149 0.0183884 0.00211817
0.384812 0.0187247 0.00109542
0.386065 0.0154032 0.000154471
0.386193 0.0143552 0.000154638
0.383699 0.0176998 0.00541618
0.385317 0.0167763 0.000349831
0.383991 0.0202703 0.00100011
0.384237 0.0210498 0.000396281
0.384849 0.0197807 0.00135104
0.384436 0.0185036 0.00117495
0.385071 0.0160507 0.000949034
0.384695 0.0169086 0.000684328
0.383966 0.0193571 0.000883771
0.384118 0.0200207 0.00149836
0.385264 0.0153801 0.000153416
0.383737 0.0204241 0.000958864
0.384861 0.0184139 0.00194443
0.386766 0.015446 0.000155387
0.385858 0.0226585 0.000154201
0.384766 0.0190105 0.00170221
0.383821 0.0178459 0.00127299
0.384651 0.0159021 0.000445211
0.384565 0.0185985 0.00191383
0.384324 0.0166934 0.000411434
0.383757 0.0206257 0.000737839
0.383855 0.019792 0.000400755
0.384205 0.0169816 0.000404742
0.384361 0.0205804 0.000869949
0.383746 0.019886 0.00121672
0.384429 0.0194093 0.000896617
0.384264 0.019701 0.00145437
0.384095 0.0174973 0.0021073
0.385857 0.0164151 0.0004202
0.384476 0.0180157 0.00180136
0.385929 0.0159283 0.000154292
0.384496 0.0205858 0.000600607
0.385166 0.0162179 0.00059981
0.385075 0.017798 0.00544926
0.38572 0.0150135 0.000338607
0.383213 0.0181509 0.00539471
0.384967 0.0175102 0.00551503
0.384374 0.0179764 0.0013389
0.383646 0.0190753 0.00206173
0.385042 0.0176622 0.0013292
0.385021 0.0165207 0.00108821
0.385371 0.0167037 0.000739116
0.383687 0.0194289 0.00115716
0.384251 0.0201935 0.000871183
0.383684 0.0197313 0.00175567
0.38455 0.0171259 0.000831624
0.384584 0.0170831 0.00171293
0.38372 0.0180696 0.00144552
0.386417 0.01582 0.000363826
0.384279 0.0170098 0.00091083
0.384166 0.0208226 0.000620873
0.384899 0.0171406 0.00131051
0.384594 0.0192248 0.00196802
0.383935 0.020485 0.000541437
0.383917 0.0176056 0.00146882
0.384504 0.0162026 0.00143974
0.385292 0.0215754 0.000523094
0.38425 0.0176577 0.00547389
0.383949 0.0175526 0.00117531
0.384669 0.0204589 0.000971712
0.384166 0.0170024 0.00171134
0.385647 0.0166177 0.000658815
0.385019 0.0171532 0.00158514
0.38506 0.0206124 0.000153117
0.384648 0.0198871 0.0053544
0.384837 0.0161774 0.000650951
0.384841 0.0204148 0.00132889
0.385258 0.0150732 0.000589044
0.386134 0.0146524 0.000154555
0.384707 0.0203768 0.000557861
0.384197 0.0183694 0.00105318
0.38473 0.0199934 0.000995412
0.383887 0.0186074 0.00270567
0.385739 0.0163339 0.000692502
0.383846 0.0188982 0.00219882
0.385052 0.0212564 0.000405508
0.38402 0.0203931 0.00127286
0.383709 0.0203577 0.00183983
0.383658 0.0188889 0.00134928
0.385055 0.0175679 0.00164622
0.383725 0.0204504 0.00155498
0.385044 0.0173359 0.0011347
0.384113 0.0178101 0.00133236
0.385523 0.0228912 0.000153762
0.384676 0.0184108 0.00170797
0.38468 0.0184119 0.00249347
0.383746 0.0201848 0.0014072
0.387204 0.0148301 0.000155962
0.384504 0.0175641 0.00173547
0.384332 0.0166 0.00184827
0.385828 0.0155866 0.000154149
0.384164 0.0193449 0.00211334
0.383369 0.0195028 0.00532697
0.383938 0.0182989 0.00192469
0.384344 0.0187078 0.0017439
0.384396 0.0171483 0.00114928
0.383999 0.0189293 0.00272315
0.384266 0.0202305 0.00132665
0.3849 0.0166582 0.00149163
0.384888 0.0170644 0.000852946
0.384479 0.0190936 0.00172411
0.383669 0.018646 0.000607385
0.384771 0.0178727 0.00542901
0.384931 0.022263 0.000152985
0.384797 0.0187194 0.00176721
0.386147 0.0150932 0.000154578
0.384624 0.0202233 0.00115647
0.385255 0.0168217 0.00155109
0.383651 0.0189206 0.00164752
0.384246 0.019817 0.0011783
0.383807 0.0188801 0.0019006
0.383792 0.0182626 0.00218403
0.384048 0.0208153 0.00125459
0.384969 0.0176451 0.00238423
0.387104 0.0145422 0.000155832
0.386232 0.0159969 0.00059749
0.384217 0.0195937 0.00532718
0.383994 0.0211105 0.00125289
0.385104 0.0206664 0.000895276
0.38496 0.0179367 0.00223072
0.384343 0.018993 0.00109484
0.384322 0.0185049 0.00152398
0.386034 0.022905 0.00015443
0.383868 0.0176773 0.00203057
0.384483 0.017607 0.00250224
0.384531 0.0199906 0.00176924
0.384121 0.0193085 0.00171234
0.383912 0.0209584 0.00097505
0.384314 0.0188017 0.00139433
0.384591 0.019835 0.00120893
0.384228 0.0190275 0.00157233
0.383202 0.018445 0.00533644
0.383637 0.0184321 0.00199093
0.383738 0.0179125 0.00294812
0.384185 0.0214885 0.000699758
0.383807 0.020716 0.0014052
0.386911 0.0151799 0.000155576
0.386408 0.015065 0.000405325
0.384451 0.0178152 0.00157959
0.38435 0.0176327 0.00128535
0.384168 0.0205883 0.0011
0.385734 0.0154078 0.000376257
0.384883 0.0183661 0.00146038
0.385479 0.0159546 0.000470381
0.38423 0.019528 0.00188516
0.384297 0.0173727 0.00229138
0.384348 0.0181508 0.00562127
0.38524 0.017303 0.00556575
0.382937 0.0180212 0.00543459
0.38453 0.0193759 0.00163526
0.386531 0.0156374 0.000155081
0.384871 0.0228087 0.000290478
0.38485 0.0154724 0.000446023
0.383939 0.0186649 0.00101563
0.384409 0.0183504 0.0022627
0.384797 0.0206164 0.000714676
0.386778 0.0150241 0.00037485
0.38398 0.0200931 0.00124189
0.384201 0.0178784 0.00173287
0.383926 0.0185279 0.00532817
0.385314 0.0171075 0.00162033
0.384609 0.0210502 0.000976344
0.384554 0.0222108 0.000580314
0.384236 0.018658 0.00201956
0.383635 0.0187172 0.00208506
0.384388 0.0164943 0.00124081
0.384209 0.0175724 0.00102744
0.384258 0.0168391 0.000665094
0.384507 0.0203676 0.001442
0.385377 0.0167118 0.00113382
0.384331 0.0211661 0.00101562
0.384493 0.0203332 0.000763495
0.384298 0.0167226 0.00105525
0.384023 0.0180845 0.00211653
0.384803 0.0175485 0.00118774
0.384039 0.0203361 0.00195386
0.387127 0.015063 0.000328428
0.385347 0.0157253 0.000611337
0.385074 0.0159194 0.000604629
0.384511 0.0164494 0.000759569
0.385145 0.0166682 0.00131805
0.38325 0.0191636 0.00532737
0.384463 0.0183038 0.00267059
0.38362 0.0186039 0.00300686
0.384884 0.0211341 0.001062
0.384971 0.0161385 0.000385737
0.386141 0.0157159 0.00015457
0.383814 0.0201548 0.00203452
0.384508 0.0170785 0.0020857
0.384881 0.0169203 0.00208887
0.384517 0.0193915 0.00220541
0.385773 0.023057 0.000154089
0.383869 0.0206738 0.00105937
0.384641 0.0172084 0.00144621
0.384743 0.0208963 0.000621158
0.38453 0.0186008 0.00532954
0.383955 0.0198191 0.00195525
0.384694 0.0184133 0.00219383
0.385395 0.0220027 0.000273123
0.383678 0.0181819 0.00278175
0.384131 0.0178049 0.00209953
0.384821 0.019896 0.00202138
0.384633 0.0165651 0.00102394
0.385921 0.0148895 0.000154282
0.384504 0.0183956 0.00554681
0.384577 0.0177695 0.00194164
0.383648 0.0182102 0.00307883
0.383677 0.0197884 0.00206505
0.384522 0.0187238 0.00218295
0.384046 0.0183165 0.00273333
0.384372 0.0203687 0.00108225
0.384786 0.0173118 0.00168718
0.384605 0.0181671 0.00149334
0.383625 0.0187471 0.00274328
0.384015 0.0173646 0.00161831
0.385456 0.0161931 0.000670762
0.385262 0.0210524 0.000470858
0.383667 0.0191857 0.00150811
0.384274 0.0167486 0.00159407
0.38483 0.0167196 0.00120656
0.384533 0.0173131 0.00189845
0.385647 0.0162013 0.000439508
0.384242 0.018415 0.00534044
0.384489 0.0191119 0.00249392
0.384938 0.0179773 0.00565533
0.384948 0.0161507 0.0012924
0.385449 0.0212776 0.000405706
0.384746 0.0172599 0.00210204
0.383805 0.0196349 0.00532559
0.383814 0.0197678 0.00249218
0.384944 0.0180404 0.00193993
0.385606 0.0166352 0.000955414
0.383971 0.0177367 0.00285403
0.385192 0.0162438 0.00114469
0.384756 0.0214603 0.000375486
0.385172 0.0165033 0.00156716
0.383628 0.0189798 0.002554
0.384791 0.0181638 0.00232966
0.384472 0.0178546 0.00543031
0.384614 0.0180098 0.00564434
0.383621 0.0184463 0.00326209
0.383903 0.0181403 0.00167255
0.385312 0.0159607 0.000793914
0.384101 0.017097 0.00247204
0.384266 0.0167363 0.00210738
0.384767 0.0189866 0.00256239
0.384886 0.0201235 0.0018367
0.384616 0.0198241 0.00153446
0.383892 0.0196399 0.00109816
0.384914 0.0181049 0.00259674
0.386613 0.0151442 0.000155184
0.385753 0.0155862 0.000616693
0.38486 0.0158885 0.00081168
0.384751 0.0175194 0.00190077
0.384998 0.0179166 0.000793309
0.384328 0.018424 0.00185592
0.384336 0.0200476 0.00199016
0.38478 0.0186808 0.00238417
0.384804 0.0169478 0.00154697
0.384409 0.019106 0.00217191
0.384082 0.0206739 0.00151773
0.384663 0.0169581 0.00128255
0.385823 0.0152265 0.000154149
0.3846 0.0184585 0.00142187
0.383631 0.0187322 0.00238463
0.384301 0.0201665 0.00539226
0.385114 0.016337 0.00087019
0.384051 0.0194897 0.00235051
0.384861 0.0217998 0.000383752
0.383897 0.0185959 0.0019343
0.384743 0.0176144 0.00218518
0.384487 0.0188968 0.0053064
0.384147 0.0196737 0.00213384
0.386604 0.0156105 0.000469852
0.385474 0.0214383 0.000153686
0.386618 0.0151004 0.000616481
0.384627 0.0177255 0.00135342
0.384225 0.0174682 0.00256666
0.385831 0.0157694 0.00039198
0.384094 0.0180692 0.00307343
0.384826 0.0182856 0.00281952
0.386352 0.0229097 0.000154848
0.384117 0.0171377 0.00144814
0.384434 0.0167731 0.00134138
0.38397 0.0195535 0.00153626
0.384162 0.01907 0.00251421
0.383788 0.0189119 0.0029359
0.385 0.0173907 0.00200819
0.384598 0.0179379 0.00114356
0.383874 0.0176195 0.00259544
0.383667 0.018166 0.00185578
0.385628 0.0166118 0.00127396
0.384192 0.0187458 0.00258332
0.385546 0.0167537 0.00152514
0.383648 0.0194165 0.00253476
0.384426 0.0196666 0.00170487
0.38455 0.0173936 0.00122834
0.383661 0.0181558 0.00248337
0.384859 0.0212679 0.000789758
0.383897 0.0187505 0.00162231
0.384897 0.0206037 0.00110264
0.384696 0.0179009 0.00256428
0.384994 0.0178544 0.0015545
0.384658 0.0201027 0.0014304
0.384462 0.0175344 0.00208817
0.38687 0.0153304 0.000411846
0.384285 0.0172778 0.00173285
0.38413 0.0186694 0.00229996
0.385212 0.0168268 0.0019467
0.384966 0.0198194 0.00535289
0.384414 0.0174079 0.00149562
0.384792 0.0193492 0.00177997
0.383618 0.0190279 0.0031538
0.383718 0.0200675 0.00176408
0.384006 0.0191419 0.00226802
0.384038 0.0212309 0.000981606
0.38393 0.0184187 0.00247634
0.385425 0.0149662 0.000363531
0.384756 0.0167529 0.00187326
0.383942 0.0179239 0.00187656
0.384519 0.0181131 0.00244564
0.3849 0.0202279 0.00155584
0.385207 0.0172487 0.00137123
0.384594 0.0173933 0.00232353
0.3839 0.0199024 0.0022383
0.386494 0.0143788 0.000155034
0.38424 0.0181128 0.00233349
0.384221 0.0180924 0.00263211
0.384214 0.0180124 0.00539104
0.383974 0.0173991 0.00241788
0.384962 0.0220872 0.000394124
0.384863 0.0170545 0.00182116
0.386081 0.0160997 0.000348213
0.385323 0.0162978 0.00140906
0.384204 0.0169379 0.00124218
0.384297 0.0169825 0.00227596
0.385097 0.0225492 0.000153204
0.38429 0.0193072 0.00238279
0.384245 0.0199032 0.00174318
0.384654 0.0207558 0.00101201
0.384245 0.0177202 0.00272834
0.384287 0.0193398 0.00146426
0.384407 0.018077 0.00208693
0.384011 0.0199018 0.00101285
0.384785 0.0164259 0.00124779
0.38447 0.0163077 0.0010208
0.384548 0.0221389 0.000152478
0.384658 0.0189824 0.00228289
0.384191 0.0181427 0.00187433
0.385954 0.0162471 0.000901127
0.385074 0.0206226 0.000600053
0.383975 0.0210677 0.00154922
0.385453 0.0232291 0.000153669
0.386009 0.0162353 0.000606435
0.384424 0.0199401 0.00225607
0.383505 0.0180521 0.00554354
0.384815 0.0219863 0.000152833
0.386187 0.0148677 0.000356566
0.385195 0.0214745 0.000257786
0.383662 0.0195984 0.00229669
0.384764 0.0165022 0.00170878
0.385172 0.017367 0.00225258
0.38512 0.0220038 0.000153227
0.386302 0.0155438 0.000340296
0.383643 0.0191889 0.00233939
0.384828 0.0196223 0.00189871
0.384328 0.0206365 0.00134948
0.384843 0.0154238 0.000741956
0.386124 0.0157575 0.000452567
0.384781 0.0188439 0.00282588
0.38502 0.0176784 0.00209055
0.384567 0.0167917 0.00164384
0.384884 0.0156278 0.000958078
0.383979 0.0180315 0.00279906
0.383757 0.0178468 0.00324024
0.383935 0.0195121 0.00183134
0.383762 0.0191583 0.00275411
0.385 0.0210596 0.000625893
0.384858 0.0198527 0.00170899
0.385137 0.0154722 0.000859247
0.384092 0.0201157 0.00215025
0.386355 0.0153139 0.000154845
0.385231 0.0155759 0.000378312
0.383826 0.0184045 0.00291794
0.383986 0.0173508 0.00271369
0.386541 0.0235361 0.000155095
0.384907 0.0172703 0.00235516
0.386549 0.0153286 0.000382975
0.38505 0.0156206 0.000613277
0.383911 0.0192733 0.00252014
0.384534 0.0198102 0.00200894
0.383626 0.0184561 0.00267067
0.38568 0.0163358 0.00098676
0.384212 0.0176363 0.00155594
0.386869 0.0146018 0.000338848
0.384803 0.0167204 0.00577573
0.384819 0.0195571 0.00156366
0.384361 0.0187823 0.00296993
0.384383 0.0185825 0.00274725
0.384115 0.0176578 0.00236047
0.384288 0.0182158 0.00289717
0.384594 0.0187465 0.0026106
0.384745 0.0192596 0.00235826
0.38481 0.0185665 0.00271529
0.384212 0.0187682 0.00531307
0.384798 0.0194011 0.00209915
0.384892 0.0215985 0.000603932
0.384328 0.020322 0.00186659
0.384891 0.015881 0.00111868
0.385944 0.0221456 0.000154312
0.385176 0.0173249 0.00177477
0.383482 0.018284 0.0053546
0.383745 0.0179195 0.00264829
0.384225 0.0183693 0.00249838
0.384786 0.0162783 0.0015102
0.384773 0.0189492 0.00138979
0.384548 0.0195196 0.00193595
0.384695 0.017994 0.00210142
0.383868 0.0208201 0.00167999
0.38406 0.0172135 0.0021986
0.384635 0.0202611 0.00169158
0.383906 0.0186704 0.00306942
0.386566 0.014067 0.000155128
0.383807 0.020696 0.00194646
0.384313 0.0178551 0.00246911
0.384619 0.0175971 0.0054915
0.384913 0.0203074 0.0010582
0.384977 0.0178137 0.00263223
0.385822 0.0160023 0.000580835
0.384402 0.0168999 0.00186948
0.383714 0.0181198 0.00335708
0.383631 0.0184325 0.00237165
0.385122 0.0212717 0.000940812
0.385444 0.0164064 0.00115681
0.385667 0.0160511 0.000832965
0.384405 0.0185994 0.00242993
0.385371 0.0154334 0.000676325
0.384274 0.0204606 0.0016062
0.384637 0.0223605 0.000333972
0.386182 0.0152683 0.000395711
0.384408 0.0164246 0.00161721
0.384784 0.0174699 0.00254279
0.38545 0.0168895 0.0017749
0.384016 0.0200932 0.0017793
0.384385 0.0189356 0.0027132
0.384801 0.0186719 0.00208505
0.383827 0.0193721 0.00218904
0.384353 0.0201712 0.00160844
0.385102 0.0213936 0.000667439
0.384729 0.0189484 0.00199334
0.385011 0.0168111 0.00172513
0.385339 0.0210738 0.000880059
0.38412 0.0185615 0.00288964
0.385216 0.0208662 0.0007017
0.386032 0.0144777 0.000376233
0.38454 0.0218801 0.000666328
0.384394 0.0208401 0.00113545
0.384334 0.0188817 0.00235676

VERTICES 873 1746
1 0
1 1
1 2
1 3
1 4
1 5
1 6
1 7
1 8
1 9
1 10
1 11
1 12
1 13
1 14
1 15
1 16
1 17
1 18
1 19
1 20
1 21
1 22
1 23
1 24
1 25
1 26
1 27
1 28
1 29
1 30
1 31
1 32
1 33
1 34
1 35
1 36
1 37
1 38
1 39
1 40
1 41
1 42
1 43
1 44
1 45
1 46
1 47
1 48
1 49
1 50
1 51
1 52
1 53
1 54
1 55
1 56
1 57
1 58
1 59
1 60
1 61
1 62
1 63
1 64
1 65
1 66
1 67
1 68
1 69
1 70
1 71
1 72
1 73
1 74
1 75
1 76
1 77
1 78
1 79
1 80
1 81
1 82
1 83
1 84
1 85
1 86
1 87
1 88
1 89
1 90
1 91
1 92
1 93
1 94
1 95
1 96
1 97
1 98
1 99
1 100
1 101
1 102
1 103
1 104
1 105
1 106
1 107
1 108
1 109
1 110
1 111
1 112
1 113
1 114
1 115
1 116
1 117
1 118
1 119
1 120
1 121
1 122
1 123
1 124
1 125
1 126
1 127
1 128
1 129
1 130
1 131
1 132
1 133
1 134
1 135
1 136
1 137
1 138
1 139
1 140
1 141
1 142
1 143
1 144
1 145
1 146
1 147
1 148
1 149
1 150
1 151
1 152
1 153
1 154
1 155
1 156
1 157
1 158
1 159
1 160
1 161
1 162
1 163
1 164
1 165
1 166
1 167
1 168
1 169
1 170
1 171
1 172
1 173
1 174
1 175
1 176
1 177
1 178
1 179
1 180
1 181
1 182
1 183
1 184
1 185
1 186
1 187
1 188
1 189
1 190
1 191
1 192
1 193
1 194
1 195
1 196
1 197
1 198
1 199
1 200
1 201
1 202
1 203
1 204
1 205
1 206
1 207
1 208
1 209
1 210
1 211
1 212
1 213
1 214
1 215
1 216
1 217
1 218
1 219
1 220
1 221
1 222
1 223
1 224
1 225
1 226
1 227
1 228
1 229
1 230
1 231
1 232
1 233
1 234
1 235
1 236
1 237
1 238
1 239
1 240
1 241
1 242
1 243
1 244
1 245
1 246
1 247
1 248
1 249
1 250
1 251
1 252
1 253
1 254
1 255
1 256
1 257
1 258
1 259
1 260
1 261
1 262
1 263
1 264
1 265
1 266
1 267
1 268
1 269
1 270
1 271
1 272
1 273
1 274
1 275
1 276
1 277
1 278
1 279
1 280
1 281
1 282
1 283
1 284
1 285
1 286
1 287
1 288
1 289
1 290
1 291
1 292
1 293
1 294
1 295
1 296
1 297
1 298
1 299
1 300
1 301
1 302
1 303
1 304
1 305
1 306
1 307
1 308
1 309
1 310
1 311
1 312
1 313
1 314
1 315
1 316
1 317
1 318
1 319
1 320
1 321
1 322
1 323
1 324
1 325
1 326
1 327
1 328
1 329
1 330
1 331
1 332
1 333
1 334
1 335
1 336
1 337
1 338
1 339
1 340
1 341
1 342
1 343
1 344
1 345
1 346
1 347
1 348
1 349
1 350
1 351
1 352
1 353
1 354
1 355
1 356
1 357
1 358
1 359
1 360
1 361
1 362
1 363
1 364
1 365
1 366
1 367
1 368
1 369
1 370
1 371
1 372
1 373
1 374
1 375
1 376
1 377
1 378
1 379
1 380
1 381
1 382
1 383
1 384
1 385
1 386
1 387
1 388
1 389
1 390
1 391
1 392
1 393
1 394
1 395
1 396
1 397
1 398
1 399
1 400
1 401
1 402
1 403
1 404
1 405
1 406
1 407
1 408
1 409
1 410
1 411
1 412
1 413
1 414
1 415
1 416
1 417
1 418
1 419
1 420
1 421
1 422
1 423
1 424
1 425
1 426
1 427
1 428
1 429
1 430
1 431
1 432
1 433
1 434
1 435
1 436
1 437
1 438
1 439
1 440
1 441
1 442
1 443
1 444
1 445
1 446
1 447
1 448
1 449
1 450
1 451
1 452
1 453
1 454
1 455
1 456
1 457
1 458
1 459
1 460
1 461
1 462
1 463
1 464
1 465
1 466
1 467
1 468
1 469
1 470
1 471
1 472
1 473
1 474
1 475
1 476
1 477
1 478
1 479
1 480
1 481
1 482
1 483
1 484
1 485
1 486
1 487
1 488
1 489
1 490
1 491
1 492
1 493
1 494
1 495
1 496
1 497
1 498
1 499
1 500
1 501
1 502
1 503
1 504
1 505
1 506
1 507
1 508
1 509
1 510
1 511
1 512
1 513
1 514
1 515
1 516
1 517
1 518
1 519
1 520
1 521
1 522
1 523
1 524
1 525
1 526
1 527
1 528
1 529
1 530
1 531
1 532
1 533
1 534
1 535
1 536
1 537
1 538
1 539
1 540
1 541
1 542
1 543
1 544
1 545
1 546
1 547
1 548
1 549
1 550
1 551
1 552
1 553
1 554
1 555
1 556
1 557
1 558
1 559
1 560
1 561
1 562
1 563
1 564
1 565
1 566
1 567
1 568
1 569
1 570
1 571
1 572
1 573
1 574
1 575
1 576
1 577
1 578
1 579
1 580
1 581
1 582
1 583
1 584
1 585
1 586
1 587
1 588
1 589
1 590
1 591
1 592
1 593
1 594
1 595
1 596
1 597
1 598
1 599
1 600
1 601
1 602
1 603
1 604
1 605
1 606
1 607
1 608
1 609
1 610
1 611
1 612
1 613
1 614
1 615
1 616
1 617
1 618
1 619
1 620
1 621
1 622
1 623
1 624
1 625
1 626
1 627
1 628
1 629
1 630
1 631
1 632
1 633
1 634
1 635
1 636
1 637
1 638
1 639
1 640
1 641
1 642
1 643
1 644
1 645
1 646
1 647
1 648
1 649
1 650
1 651
1 652
1 653
1 654
1 655
1 656
1 657
1 658
1 659
1 660
1 661
1 662
1 663
1 664
1 665
1 666
1 667
1 668
1 669
1 670
1 671
1 672
1 673
1 674
1 675
1 676
1 677
1 678
1 679
1 680
1 681
1 682
1 683
1 684
1 685
1 686
1 687
1 688
1 689
1 690
1 691
1 692
1 693
1 694
1 695
1 696
1 697
1 698
1 699
1 700
1 701
1 702
1 703
1 704
1 705
1 706
1 707
1 708
1 709
1 710
1 711
1 712
1 713
1 714
1 715
1 716
1 717
1 718
1 719
1 720
1 721
1 722
1 723
1 724
1 725
1 726
1 727
1 728
1 729
1 730
1 731
1 732
1 733
1 734
1 735
1 736
1 737
1 738
1 739
1 740
1 741
1 742
1 743
1 744
1 745
1 746
1 747
1 748
1 749
1 750
1 751
1 752
1 753
1 754
1 755
1 756
1 757
1 758
1 759
1 760
1 761
1 762
1 763
1 764
1 765
1 766
1 767
1 768
1 769
1 770
1 771
1 772
1 773
1 774
1 775
1 776
1 777
1 778
1 779
1 780
1 781
1 782
1 783
1 784
1 785
1 786
1 787
1 788
1 789
1 790
1 791
1 792
1 793
1 794
1 795
1 796
1 797
1 798
1 799
1 800
1 801
1 802
1 803
1 804
1 805
1 806
1 807
1 808
1 809
1 810
1 811
1 812
1 813
1 814
1 815
1 816
1 817
1 818
1 819
1 820
1 821
1 822
1 823
1 824
1 825
1 826
1 827
1 828
1 829
1 830
1 831
1 832
1 833
1 834
1 835
1 836
1 837
1 838
1 839
1 840
1 841
1 842
1 843
1 844
1 845
1 846
1 847
1 848
1 849
1 850
1 851
1 852
1 853
1 854
1 855
1 856
1 857
1 858
1 859
1 860
1 861
1 862
1 863
1 864
1 865
1 866
1 867
1 868
1 869
1 870
1 871
1 872

POINT_DATA 873
SCALARS id int 1
LOOKUP_TABLE default
1
2
3
4
5
6
7
8
9
10
11
12
13
14
15
16
17
18
19
20
21
22
23
24
25
26
27
28
29
30
32
33
34
35
36
37
39
40
41
42
43
44
45
46
47
48
49
50
51
52
53
54
56
57
58
59
60
61
62
63
64
65
67
68
69
70
71
72
73
74
75
76
77
78
79
80
81
82
83
84
85
86
87
88
89
90
91
92
93
94
95
96
97
98
99
100
101
102
103
104
105
106
107
108
109
110
111
112
113
114
115
116
117
118
119
120
121
122
123
124
125
126
127
129
130
131
132
133
134
135
136
137
138
139
140
141
142
143
144
145
146
147
148
149
150
151
153
154
155
156
157
158
159
160
161
162
163
164
165
166
167
168
169
170
171
172
173
174
175
176
177
178
179
180
181
182
183
184
185
186
187
188
189
190
191
192
193
194
195
196
197
198
199
200
201
202
203
204
205
206
208
209
210
211
212
213
214
215
217
218
219
220
221
222
223
225
226
227
228
229
230
231
232
233
234
235
236
237
238
239
240
241
242
243
244
245
246
247
248
249
250
251
252
253
254
255
256
257
258
259
260
261
262
263
264
265
266
267
268
269
270
271
273
274
275
276
277
278
279
280
281
282
283
284
285
286
287
288
289
290
291
292
293
294
295
296
297
299
300
301
302
303
304
305
306
307
308
309
310
311
312
313
314
315
316
317
318
319
320
321
322
323
324
325
326
327
328
329
330
331
332
333
334
335
336
337
338
339
340
341
342
343
344
345
346
347
348
349
350
351
352
353
354
355
356
357
358
359
360
361
362
363
364
365
366
367
368
369
370
371
372
373
374
375
376
377
378
379
381
382
383
384
385
386
387
388
389
390
391
392
393
394
395
396
397
398
399
400
401
402
404
405
406
407
408
409
410
411
412
413
414
415
416
417
418
419
420
421
422
423
424
426
427
428
429
430
431
432
434
435
436
437
438
439
440
441
442
443
444
445
446
447
448
449
451
452
453
454
455
456
457
458
459
460
461
462
463
464
465
466
467
468
469
470
471
472
473
474
475
476
477
478
479
480
481
482
483
484
485
486
487
489
490
491
492
493
494
495
496
497
498
499
500
501
502
503
504
505
506
507
508
509
510
511
512
513
514
515
516
517
518
519
520
521
522
523
524
525
526
527
528
529
530
531
532
533
534
535
536
537
538
539
540
541
542
543
544
545
546
547
548
549
550
551
552
553
554
555
556
557
558
559
560
561
562
563
564
565
566
567
568
569
570
571
572
573
574
575
576
577
579
580
581
582
583
584
585
586
587
588
589
590
591
592
593
594
595
596
597
598
599
600
601
602
603
605
606
607
608
609
610
611
612
613
614
615
616
617
618
619
620
621
622
623
624
625
626
627
628
629
630
631
632
633
634
635
636
637
638
640
641
642
643
644
645
646
647
648
649
650
651
652
653
654
655
656
659
660
661
662
663
664
665
666
667
668
669
670
671
672
673
674
675
676
677
678
679
680
681
682
683
684
685
686
687
688
690
691
692
693
694
695
696
698
699
700
701
702
703
704
705
706
707
708
709
710
711
712
713
714
715
716
717
718
719
720
721
722
723
724
725
726
727
728
729
730
731
732
733
734
735
736
738
739
740
741
742
743
744
745
746
747
748
749
750
751
752
753
754
755
756
757
758
759
760
761
762
764
765
766
767
768
769
770
771
772
773
774
775
776
777
778
779
780
781
782
783
784
785
786
787
788
789
791
792
793
794
795
796
797
798
799
800
801
802
803
804
805
806
807
808
809
810
811
812
813
814
815
816
817
818
819
820
821
822
823
824
825
826
827
828
829
830
831
832
833
834
835
836
837
838
839
840
841
842
843
844
845
846
847
848
849
850
851
852
853
854
855
856
857
858
859
860
861
862
863
864
865
866
867
868
869
870
871
872
873
874
875
876
877
878
879
880
881
882
883
884
885
886
887
888
889
890
891
892
893
894
895
896
897
898
899
900

SCALARS type int 1
LOOKUP_TABLE default
1
1
1
1
1
1
1
1
1
1
1
1
1
1
1
1
1
1
1
1
1
1
1
1
1
1
1
1
1
1
1
1
1
1
1
1
1
1
1
1
1
1
1
1
1
1
1
1
1
1
1
1
1
1
1
1
1
1
1
1
1
1
1
1
1
1
1
1
1
1
1
1
1
1
1
1
1
1
1
1
1
1
1
1
1
1
1
1
1
1
1
1
1
1
1
1
1
1
1
1
1
1
1
1
1
1
1
1
1
1
1
1
1
1
1
1
1
1
1
1
1
1
1
1
1
1
1
1
1
1
1
1
1
1
1
1
1
1
1
1
1
1
1
1
1
1
1
1
1
1
1
1
1
1
1
1
1
1
1
1
1
1
1
1
1
1
1
1
1
1
1
1
1
1
1
1
1
1
1
1
1
1
1
1
1
1
1
1
1
1
1
1
1
1
1
1
1
1
1
1
1
1
1
1
1
1
1
1
1
1
1
1
1
1
1
1
1
1
1
1
1
1
1
1
1
1
1
1
1
1
1
1
1
1
1
1
1
1
1
1
1
1
1
1
1
1
1
1
1
1
1
1
1
1
1
1
1
1
1
1
1
1
1
1
1
1
1
1
1
1
1
1
1
1
1
1
1
1
1
1
1
1
1
1
1
1
1
1
1
1
1
1
1
1
1
1
1
1
1
1
1
1
1
1
1
1
1
1
1
1
1
1
1
1
1
1
1
1
1
1
1
1
1
1
1
1
1
1
1
1
1
1
1
1
1
1
1
1
1
1
1
1
1
1
1
1
1
1
1
1
1
1
1
1
1
1
1
1
1
1
1
1
1
1
1
1
1
1
1
1
1
1
1
1
1
1
1
1
1
1
1
1
1
1
1
1
1
1
1
1
1
1
1
1
1
1
1
1
1
1
1
1
1
1
1
1
1
1
1
1
1
1
1
1
1
1
1
1
1
1
1
1
1
1
1
1
1
1
1
1
1
1
1
1
1
1
1
1
1
1
1
1
1
1
1
1
1
1
1
1
1
1
1
1
1
1
1
1
1
1
1
1
1
1
1
1
1
1
1
1
1
1
1
1
1
1
1
1
1
1
1
1
1
1
1
1
1
1
1
1
1
1
1
1
1
1
1
1
1
1
1
1
1
1
1
1
1
1
1
1
1
1
1
1
1
1
1
1
1
1
1
1
1
1
1
1
1
1
1
1
1
1
1
1
1
1
1
1
1
1
1
1
1
1
1
1
1
1
1
1
1
1
1
1
1
1
1
1
1
1
1
1
1
1
1
1
1
1
1
1
1
1
1
1
1
1
1
1
1
1
1
1
1
1
1
1
1
1
1
1
1
1
1
1
1
1
1
1
1
1
1
1
1
1
1
1
1
1
1
1
1
1
1
1
1
1
1
1
1
1
1
1
1
1
1
1
1
1
1
1
1
1
1
1
1
1
1
1
1
1
1
1
1
1
1
1
1
1
1
1
1
1
1
1
1
1
1
1
1
1
1
1
1
1
1
1
1
1
1
1
1
1
1
1
1
1
1
1
1
1
1
1
1
1
1
1
1
1
1
1
1
1
1
1
1
1
1
1
1
1
1
1
1
1
1
1
1
1
1
1
1
1
1
1
1
1
1
1
1
1
1
1
1
1
1
1
1
1
1
1
1
1
1
1
1
1
1
1
1
1
1
1
1
1
1
1
1
1
1
1
1
1
1
1
1
1
1
1
1
1
1
1
1
1
1
1
1
1
1
1
1
1
1
1
1
1
1
1
1
1
1
1
1
1
1
1
1
1
1
1
1
1
1
1
1
1
1
1
1
1
1
1
1
1
1
1
1
1
1
1
1
1
1
1
1
1
1
1
1
1
1
1
1
1
1
1
1
1
1
1
1
1
1
1
1
1
1
1
1
1
1
1
1
1
1
1
1
1
1
1
1
1
1
1
1
1
1
1
1
1
1
1
1
1
1
1
1
1
1
1
1
1
1

SCALARS radius float 1
LOOKUP_TABLE default
0.00015
0.00015
0.00015
0.00015
0.00015
0.00015
0.00015
0.00015
0.00015
0.00015
0.00015
0.00015
0.00015
0.00015
0.00015
0.00015
0.00015
0.00015
0.00015
0.00015
0.00015
0.00015
0.00015
0.00015
0.00015
0.00015
0.00015
0.00015
0.00015
0.00015
0.00015
0.00015
0.00015
0.00015
0.00015
0.00015
0.00015
0.00015
0.00015
0.00015
0.00015
0.00015
0.00015
0.00015
0.00015
0.00015
0.00015
0.00015
0.00015
0.00015
0.00015
0.00015
0.00015
0.00015
0.00015
0.00015
0.00015
0.00015
0.00015
0.00015
0.00015
0.00015
0.00015
0.00015
0.00015
0.00015
0.00015
0.00015
0.00015
0.00015
0.00015
0.00015
0.00015
0.00015
0.00015
0.00015
0.00015
0.00015
0.00015
0.00015
0.00015
0.00015
0.00015
0.00015
0.00015
0.00015
0.00015
0.00015
0.00015
0.00015
0.00015
0.00015
0.00015
0.00015
0.00015
0.00015
0.00015
0.00015
0.00015
0.00015
0.00015
0.00015
0.00015
0.00015
0.00015
0.00015
0.00015
0.00015
0.00015
0.00015
0.00015
0.00015
0.00015
0.00015
0.00015
0.00015
0.00015
0.00015
0.00015
0.00015
0.00015
0.00015
0.00015
0.00015
0.00015
0.00015
0.00015
0.00015
0.00015
0.00015
0.00015
0.00015
0.00015
0.00015
0.00015
0.00015
0.00015
0.00015
0.00015
0.00015
0.00015
0.00015
0.00015
0.00015
0.00015
0.00015
0.00015
0.00015
0.00015
0.00015
0.00015
0.00015
0.00015
0.00015
0.00015
0.00015
0.00015
0.00015
0.00015
0.00015
0.00015
0.00015
0.00015
0.00015
0.00015
0.00015
0.00015
0.00015
0.00015
0.00015
0.00015
0.00015
0.00015
0.00015
0.00015
0.00015
0.00015
0.00015
0.00015
0.00015
0.00015
0.00015
0.00015
0.00015
0.00015
0.00015
0.00015
0.00015
0.00015
0.00015
0.00015
0.00015
0.00015
0.00015
0.00015
0.00015
0.00015
0.00015
0.00015
0.00015
0.00015
0.00015
0.00015
0.00015
0.00015
0.00015
0.00015
0.00015
0.00015
0.00015
0.00015
0.00015
0.00015
0.00015
0.00015
0.00015
0.00015
0.00015
0.00015
0.00015
0.00015
0.00015
0.00015
0.00015
0.00015
0.00015
0.00015
0.00015
0.00015
0.00015
0.00015
0.00015
0.00015
0.00015
0.00015
0.00015
0.00015
0.00015
0.00015
0.00015
0.00015
0.00015
0.00015
0.00015
0.00015
0.00015
0.00015
0.00015
0.00015
0.00015
0.00015
0.00015
0.00015
0.00015
0.00015
0.00015
0.00015
0.00015
0.00015
0.00015
0.00015
0.00015
0.00015
0.00015
0.00015
0.00015
0.00015
0.00015
0.00015
0.00015
0.00015
0.00015
0.00015
0.00015
0.00015
0.00015
0.00015
0.00015
0.00015
0.00015
0.00015
0.00015
0.00015
0.00015
0.00015
0.00015
0.00015
0.00015
0.00015
0.00015
0.00015
0.00015
0.00015
0.00015
0.00015
0.00015
0.00015
0.00015
0.00015
0.00015
0.00015
0.00015
0.00015
0.00015
0.00015
0.00015
0.00015
0.00015
0.00015
0.00015
0.00015
0.00015
0.00015
0.00015
0.00015
0.00015
0.00015
0.00015
0.00015
0.00015
0.00015
0.00015
0.00015
0.00015
0.00015
0.00015
0.00015
0.00015
0.00015
0.00015
0.00015
0.00015
0.00015
0.00015
0.00015
0.00015
0.00015
0.00015
0.00015
0.00015
0.00015
0.00015
0.00015
0.00015
0.00015
0.00015
0.00015
0.00015
0.00015
0.00015
0.00015
0.00015
0.00015
0.00015
0.00015
0.00015
0.00015
0.00015
0.00015
0.00015
0.00015
0.00015
0.00015
0.00015
0.00015
0.00015
0.00015
0.00015
0.00015
0.00015
0.00015
0.00015
0.00015
0.00015
0.00015
0.00015
0.00015
0.00015
0.00015
0.00015
0.00015
0.00015
0.00015
0.00015
0.00015
0.00015
0.00015
0.00015
0.00015
0.00015
0.00015
0.00015
0.00015
0.00015
0.00015
0.00015
0.00015
0.00015
0.00015
0.00015
0.00015
0.00015
0.00015
0.00015
0.00015
0.00015
0.00015
0.00015
0.00015
0.00015
0.00015
0.00015
0.00015
0.00015
0.00015
0.00015
0.00015
0.00015
0.00015
0.00015
0.00015
0.00015
0.00015
0.00015
0.00015
0.00015
0.00015
0.00015
0.00015
0.00015
0.00015
0.00015
0.00015
0.00015
0.00015
0.00015
0.00015
0.00015
0.00015
0.00015
0.00015
0.00015
0.00015
0.00015
0.00015
0.00015
0.00015
0.00015
0.00015
0.00015
0.00015
0.00015
0.00015
0.00015
0.00015
0.00015
0.00015
0.00015
0.00015
0.00015
0.00015
0.00015
0.00015
0.00015
0.00015
0.00015
0.00015
0.00015
0.00015
0.00015
0.00015
0.00015
0.00015
0.00015
0.00015
0.00015
0.00015
0.00015
0.00015
0.00015
0.00015
0.00015
0.00015
0.00015
0.00015
0.00015
0.00015
0.00015
0.00015
0.00015
0.00015
0.00015
0.00015
0.00015
0.00015
0.00015
0.00015
0.00015
0.00015
0.00015
0.00015
0.00015
0.00015
0.00015
0.00015
0.00015
0.00015
0.00015
0.00015
0.00015
0.00015
0.00015
0.00015
0.00015
0.00015
0.00015
0.00015
0.00015
0.00015
0.00015
0.00015
0.00015
0.00015
0.00015
0.00015
0.00015
0.00015
0.00015
0.00015
0.00015
0.00015
0.00015
0.00015
0.00015
0.00015
0.00015
0.00015
0.00015
0.00015
0.00015
0.00015
0.00015
0.00015
0.00015
0.00015
0.00015
0.00015
0.00015
0.00015
0.00015
0.00015
0.00015
0.00015
0.00015
0.00015
0.00015
0.00015
0.00015
0.00015
0.00015
0.00015
0.00015
0.00015
0.00015
0.00015
0.00015
0.00015
0.00015
0.00015
0.00015
0.00015
0.00015
0.00015
0.00015
0.00015
0.00015
0.00015
0.00015
0.00015
0.00015
0.00015
0.00015
0.00015
0.00015
0.00015
0.00015
0.00015
0.00015
0.00015
0.00015
0.00015
0.00015
0.00015
0.00015
0.00015
0.00015
0.00015
0.00015
0.00015
0.00015
0.00015
0.00015
0.00015
0.00015
0.00015
0.00015
0.00015
0.00015
0.00015
0.00015
0.00015
0.00015
0.00015
0.00015
0.00015
0.00015
0.00015
0.00015
0.00015
0.00015
0.00015
0.00015
0.00015
0.00015
0.00015
0.00015
0.00015
0.00015
0.00015
0.00015
0.00015
0.00015
0.00015
0.00015
0.00015
0.00015
0.00015
0.00015
0.00015
0.00015
0.00015
0.00015
0.00015
0.00015
0.00015
0.00015
0.00015
0.00015
0.00015
0.00015
0.00015
0.00015
0.00015
0.00015
0.00015
0.00015
0.00015
0.00015
0.00015
0.00015
0.00015
0.00015
0.00015
0.00015
0.00015
0.00015
0.00015
0.00015
0.00015
0.00015
0.00015
0.00015
0.00015
0.00015
0.00015
0.00015
0.00015
0.00015
0.00015
0.00015
0.00015
0.00015
0.00015
0.00015
0.00015
0.00015
0.00015
0.00015
0.00015
0.00015
0.00015
0.00015
0.00015
0.00015
0.00015
0.00015
0.00015
0.00015
0.00015
0.00015
0.00015
0.00015
0.00015
0.00015
0.00015
0.00015
0.00015
0.00015
0.00015
0.00015
0.00015
0.00015
0.00015
0.00015
0.00015
0.00015
0.00015
0.00015
0.00015
0.00015
0.00015
0.00015
0.00015
0.00015
0.00015
0.00015
0.00015
0.00015
0.00015
0.00015
0.00015
0.00015
0.00015
0.00015
0.00015
0.00015
0.00015
0.00015
0.00015
0.00015
0.00015
0.00015
0.00015
0.00015
0.00015
0.00015
0.00015
0.00015
0.00015
0.00015
0.00015
0.00015
0.00015
0.00015
0.00015
0.00015
0.00015
0.00015
0.00015
0.00015
0.00015
0.00015
0.00015
0.00015
0.00015
0.00015
0.00015
0.00015
0.00015
0.00015
0.00015
0.00015
0.00015
0.00015
0.00015
0.00015
0.00015
0.00015
0.00015
0.00015
0.00015
0.00015
0.00015
0.00015
0.00015
0.00015
0.00015
0.00015
0.00015
0.00015
0.00015
0.00015
0.00015
0.00015
0.00015
0.00015
0.00015
0.00015
0.00015
0.00015
0.00015
0.00015
0.00015
0.00015
0.00015
0.00015
0.00015
0.00015
0.00015
0.00015
0.00015
0.00015
0.00015
0.00015
0.00015
0.00015
0.00015
0.00015
0.00015
0.00015
0.00015
0.00015
0.00015
0.00015
0.00015
0.00015
0.00015
0.00015
0.00015
0.00015
0.00015
0.00015
0.00015
0.00015
0.00015
0.00015
0.00015
0.00015
0.00015
0.00015
0.00015
0.00015
0.00015
0.00015
0.00015
0.00015
0.00015
0.00015
0.00015
0.00015
0.00015
0.00015
0.00015
0.00015
0.00015
0.00015
0.00015
0.00015
0.00015
0.00015
0.00015
0.00015
0.00015
0.00015
0.00015
0.00015
0.00015
0.00015
0.00015
0.00015
0.00015
0.00015
0.00015

SCALARS mass float 1
LOOKUP_TABLE default
3.95841e-09
3.95841e-09
3.95841e-09
3.95841e-09
3.95841e-09
3.95841e-09
3.95841e-09
3.95841e-09
3.95841e-09
3.95841e-09
3.95841e-09
3.95841e-09
3.95841e-09
3.95841e-09
3.95841e-09
3.95841e-09
3.95841e-09
3.95841e-09
3.95841e-09
3.95841e-09
3.95841e-09
3.95841e-09
3.95841e-09
3.95841e-09
3.95841e-09
3.95841e-09
3.95841e-09
3.95841e-09
3.95841e-09
3.95841e-09
3.95841e-09
3.95841e-09
3.95841e-09
3.95841e-09
3.95841e-09
3.95841e-09
3.95841e-09
3.95841e-09
3.95841e-09
3.95841e-09
3.95841e-09
3.95841e-09
3.95841e-09
3.95841e-09
3.95841e-09
3.95841e-09
3.95841e-09
3.95841e-09
3.95841e-09
3.95841e-09
3.95841e-09
3.95841e-09
3.95841e-09
3.95841e-09
3.95841e-09
3.95841e-09
3.95841e-09
3.95841e-09
3.95841e-09
3.95841e-09
3.95841e-09
3.95841e-09
3.95841e-09
3.95841e-09
3.95841e-09
3.95841e-09
3.95841e-09
3.95841e-09
3.95841e-09
3.95841e-09
3.95841e-09
3.95841e-09
3.95841e-09
3.95841e-09
3.95841e-09
3.95841e-09
3.95841e-09
3.95841e-09
3.95841e-09
3.95841e-09
3.95841e-09
3.95841e-09
3.95841e-09
3.95841e-09
3.95841e-09
3.95841e-09
3.95841e-09
3.95841e-09
3.95841e-09
3.95841e-09
3.95841e-09
3.95841e-09
3.95841e-09
3.95841e-09
3.95841e-09
3.95841e-09
3.95841e-09
3.95841e-09
3.95841e-09
3.95841e-09
3.95841e-09
3.95841e-09
3.95841e-09
3.95841e-09
3.95841e-09
3.95841e-09
3.95841e-09
3.95841e-09
3.95841e-09
3.95841e-09
3.95841e-09
3.95841e-09
3.95841e-09
3.95841e-09
3.95841e-09
3.95841e-09
3.95841e-09
3.95841e-09
3.95841e-09
3.95841e-09
3.95841e-09
3.95841e-09
3.95841e-09
3.95841e-09
3.95841e-09
3.95841e-09
3.95841e-09
3.95841e-09
3.95841e-09
3.95841e-09
3.95841e-09
3.95841e-09
3.95841e-09
3.95841e-09
3.95841e-09
3.95841e-09
3.95841e-09
3.95841e-09
3.95841e-09
3.95841e-09
3.95841e-09
3.95841e-09
3.95841e-09
3.95841e-09
3.95841e-09
3.95841e-09
3.95841e-09
3.95841e-09
3.95841e-09
3.95841e-09
3.95841e-09
3.95841e-09
3.95841e-09
3.95841e-09
3.95841e-09
3.95841e-09
3.95841e-09
3.95841e-09
3.95841e-09
3.95841e-09
3.95841e-09
3.95841e-09
3.95841e-09
3.95841e-09
3.95841e-09
3.95841e-09
3.95841e-09
3.95841e-09
3.95841e-09
3.95841e-09
3.95841e-09
3.95841e-09
3.95841e-09
3.95841e-09
3.95841e-09
3.95841e-09
3.95841e-09
3.95841e-09
3.95841e-09
3.95841e-09
3.95841e-09
3.95841e-09
3.95841e-09
3.95841e-09
3.95841e-09
3.95841e-09
3.95841e-09
3.95841e-09
3.95841e-09
3.95841e-09
3.95841e-09
3.95841e-09
3.95841e-09
3.95841e-09
3.95841e-09
3.95841e-09
3.95841e-09
3.95841e-09
3.95841e-09
3.95841e-09
3.95841e-09
3.95841e-09
3.95841e-09
3.95841e-09
3.95841e-09
3.95841e-09
3.95841e-09
3.95841e-09
3.95841e-09
3.95841e-09
3.95841e-09
3.95841e-09
3.95841e-09
3.95841e-09
3.95841e-09
3.95841e-09
3.95841e-09
3.95841e-09
3.95841e-09
3.95841e-09
3.95841e-09
3.95841e-09
3.95841e-09
3.95841e-09
3.95841e-09
3.95841e-09
3.95841e-09
3.95841e-09
3.95841e-09
3.95841e-09
3.95841e-09
3.95841e-09
3.95841e-09
3.95841e-09
3.95841e-09
3.95841e-09
3.95841e-09
3.95841e-09
3.95841e-09
3.95841e-09
3.95841e-09
3.95841e-09
3.95841e-09
3.95841e-09
3.95841e-09
3.95841e-09
3.95841e-09
3.95841e-09
3.95841e-09
3.95841e-09
3.95841e-09
3.95841e-09
3.95841e-09
3.95841e-09
3.95841e-09
3.95841e-09
3.95841e-09
3.95841e-09
3.95841e-09
3.95841e-09
3.95841e-09
3.95841e-09
3.95841e-09
3.95841e-09
3.95841e-09
3.95841e-09
3.95841e-09
3.95841e-09
3.95841e-09
3.95841e-09
3.95841e-09
3.95841e-09
3.95841e-09
3.95841e-09
3.95841e-09
3.95841e-09
3.95841e-09
3.95841e-09
3.95841e-09
3.95841e-09
3.95841e-09
3.95841e-09
3.95841e-09
3.95841e-09
3.95841e-09
3.95841e-09
3.95841e-09
3.95841e-09
3.95841e-09
3.95841e-09
3.95841e-09
3.95841e-09
3.95841e-09
3.95841e-09
3.95841e-09
3.95841e-09
3.95841e-09
3.95841e-09
3.95841e-09
3.95841e-09
3.95841e-09
3.95841e-09
3.95841e-09
3.95841e-09
3.95841e-09
3.95841e-09
3.95841e-09
3.95841e-09
3.95841e-09
3.95841e-09
3.95841e-09
3.95841e-09
3.95841e-09
3.95841e-09
3.95841e-09
3.95841e-09
3.95841e-09
3.95841e-09
3.95841e-09
3.95841e-09
3.95841e-09
3.95841e-09
3.95841e-09
3.95841e-09
3.95841e-09
3.95841e-09
3.95841e-09
3.95841e-09
3.95841e-09
3.95841e-09
3.95841e-09
3.95841e-09
3.95841e-09
3.95841e-09
3.95841e-09
3.95841e-09
3.95841e-09
3.95841e-09
3.95841e-09
3.95841e-09
3.95841e-09
3.95841e-09
3.95841e-09
3.95841e-09
3.95841e-09
3.95841e-09
3.95841e-09
3.95841e-09
3.95841e-09
3.95841e-09
3.95841e-09
3.95841e-09
3.95841e-09
3.95841e-09
3.95841e-09
3.95841e-09
3.95841e-09
3.95841e-09
3.95841e-09
3.95841e-09
3.95841e-09
3.95841e-09
3.95841e-09
3.95841e-09
3.95841e-09
3.95841e-09
3.95841e-09
3.95841e-09
3.95841e-09
3.95841e-09
3.95841e-09
3.95841e-09
3.95841e-09
3.95841e-09
3.95841e-09
3.95841e-09
3.95841e-09
3.95841e-09
3.95841e-09
3.95841e-09
3.95841e-09
3.95841e-09
3.95841e-09
3.95841e-09
3.95841e-09
3.95841e-09
3.95841e-09
3.95841e-09
3.95841e-09
3.95841e-09
3.95841e-09
3.95841e-09
3.95841e-09
3.95841e-09
3.95841e-09
3.95841e-09
3.95841e-09
3.95841e-09
3.95841e-09
3.95841e-09
3.95841e-09
3.95841e-09
3.95841e-09
3.95841e-09
3.95841e-09
3.95841e-09
3.95841e-09
3.95841e-09
3.95841e-09
3.95841e-09
3.95841e-09
3.95841e-09
3.95841e-09
3.95841e-09
3.95841e-09
3.95841e-09
3.95841e-09
3.95841e-09
3.95841e-09
3.95841e-09
3.95841e-09
3.95841e-09
3.95841e-09
3.95841e-09
3.95841e-09
3.95841e-09
3.95841e-09
3.95841e-09
3.95841e-09
3.95841e-09
3.95841e-09
3.95841e-09
3.95841e-09
3.95841e-09
3.95841e-09
3.95841e-09
3.95841e-09
3.95841e-09
3.95841e-09
3.95841e-09
3.95841e-09
3.95841e-09
3.95841e-09
3.95841e-09
3.95841e-09
3.95841e-09
3.95841e-09
3.95841e-09
3.95841e-09
3.95841e-09
3.95841e-09
3.95841e-09
3.95841e-09
3.95841e-09
3.95841e-09
3.95841e-09
3.95841e-09
3.95841e-09
3.95841e-09
3.95841e-09
3.95841e-09
3.95841e-09
3.95841e-09
3.95841e-09
3.95841e-09
3.95841e-09
3.95841e-09
3.95841e-09
3.95841e-09
3.95841e-09
3.95841e-09
3.95841e-09
3.95841e-09
3.95841e-09
3.95841e-09
3.95841e-09
3.95841e-09
3.95841e-09
3.95841e-09
3.95841e-09
3.95841e-09
3.95841e-09
3.95841e-09
3.95841e-09
3.95841e-09
3.95841e-09
3.95841e-09
3.95841e-09
3.95841e-09
3.95841e-09
3.95841e-09
3.95841e-09
3.95841e-09
3.95841e-09
3.95841e-09
3.95841e-09
3.95841e-09
3.95841e-09
3.95841e-09
3.95841e-09
3.95841e-09
3.95841e-09
3.95841e-09
3.95841e-09
3.95841e-09
3.95841e-09
3.95841e-09
3.95841e-09
3.95841e-09
3.95841e-09
3.95841e-09
3.95841e-09
3.95841e-09
3.95841e-09
3.95841e-09
3.95841e-09
3.95841e-09
3.95841e-09
3.95841e-09
3.95841e-09
3.95841e-09
3.95841e-09
3.95841e-09
3.95841e-09
3.95841e-09
3.95841e-09
3.95841e-09
3.95841e-09
3.95841e-09
3.95841e-09
3.95841e-09
3.95841e-09
3.95841e-09
3.95841e-09
3.95841e-09
3.95841e-09
3.95841e-09
3.95841e-09
3.95841e-09
3.95841e-09
3.95841e-09
3.95841e-09
3.95841e-09
3.95841e-09
3.95841e-09
3.95841e-09
3.95841e-09
3.95841e-09
3.95841e-09
3.95841e-09
3.95841e-09
3.95841e-09
3.95841e-09
3.95841e-09
3.95841e-09
3.95841e-09
3.95841e-09
3.95841e-09
3.95841e-09
3.95841e-09
3.95841e-09
3.95841e-09
3.95841e-09
3.95841e-09
3.95841e-09
3.95841e-09
3.95841e-09
3.95841e-09
3.95841e-09
3.95841e-09
3.95841e-09
3.95841e-09
3.95841e-09
3.95841e-09
3.95841e-09
3.95841e-09
3.95841e-09
3.95841e-09
3.95841e-09
3.95841e-09
3.95841e-09
3.95841e-09
3.95841e-09
3.95841e-09
3.95841e-09
3.95841e-09
3.95841e-09
3.95841e-09
3.95841e-09
3.95841e-09
3.95841e-09
3.95841e-09
3.95841e-09
3.95841e-09
3.95841e-09
3.95841e-09
3.95841e-09
3.95841e-09
3.95841e-09
3.95841e-09
3.95841e-09
3.95841e-09
3.95841e-09
3.95841e-09
3.95841e-09
3.95841e-09
3.95841e-09
3.95841e-09
3.95841e-09
3.95841e-09
3.95841e-09
3.95841e-09
3.95841e-09
3.95841e-09
3.95841e-09
3.95841e-09
3.95841e-09
3.95841e-09
3.95841e-09
3.95841e-09
3.95841e-09
3.95841e-09
3.95841e-09
3.95841e-09
3.95841e-09
3.95841e-09
3.95841e-09
3.95841e-09
3.95841e-09
3.95841e-09
3.95841e-09
3.95841e-09
3.95841e-09
3.95841e-09
3.95841e-09
3.95841e-09
3.95841e-09
3.95841e-09
3.95841e-09
3.95841e-09
3.95841e-09
3.95841e-09
3.95841e-09
3.95841e-09
3.95841e-09
3.95841e-09
3.95841e-09
3.95841e-09
3.95841e-09
3.95841e-09
3.95841e-09
3.95841e-09
3.95841e-09
3.95841e-09
3.95841e-09
3.95841e-09
3.95841e-09
3.95841e-09
3.95841e-09
3.95841e-09
3.95841e-09
3.95841e-09
3.95841e-09
3.95841e-09
3.95841e-09
3.95841e-09
3.95841e-09
3.95841e-09
3.95841e-09
3.95841e-09
3.95841e-09
3.95841e-09
3.95841e-09
3.95841e-09
3.95841e-09
3.95841e-09
3.95841e-09
3.95841e-09
3.95841e-09
3.95841e-09
3.95841e-09
3.95841e-09
3.95841e-09
3.95841e-09
3.95841e-09
3.95841e-09
3.95841e-09
3.95841e-09
3.95841e-09
3.95841e-09
3.95841e-09
3.95841e-09
3.95841e-09
3.95841e-09
3.95841e-09
3.95841e-09
3.95841e-09
3.95841e-09
3.95841e-09
3.95841e-09
3.95841e-09
3.95841e-09
3.95841e-09
3.95841e-09
3.95841e-09
3.95841e-09
3.95841e-09
3.95841e-09
3.95841e-09
3.95841e-09
3.95841e-09
3.95841e-09
3.95841e-09
3.95841e-09
3.95841e-09
3.95841e-09
3.95841e-09
3.95841e-09
3.95841e-09
3.95841e-09
3.95841e-09
3.95841e-09
3.95841e-09
3.95841e-09
3.95841e-09
3.95841e-09
3.95841e-09
3.95841e-09
3.95841e-09
3.95841e-09
3.95841e-09
3.95841e-09
3.95841e-09
3.95841e-09
3.95841e-09
3.95841e-09
3.95841e-09
3.95841e-09
3.95841e-09
3.95841e-09
3.95841e-09
3.95841e-09
3.95841e-09
3.95841e-09
3.95841e-09
3.95841e-09
3.95841e-09
3.95841e-09
3.95841e-09
3.95841e-09
3.95841e-09
3.95841e-09
3.95841e-09
3.95841e-09
3.95841e-09
3.95841e-09
3.95841e-09
3.95841e-09
3.95841e-09
3.95841e-09
3.95841e-09
3.95841e-09
3.95841e-09
3.95841e-09
3.95841e-09
3.95841e-09
3.95841e-09
3.95841e-09
3.95841e-09
3.95841e-09
3.95841e-09
3.95841e-09
3.95841e-09
3.95841e-09
3.95841e-09
3.95841e-09
3.95841e-09
3.95841e-09
3.95841e-09
3.95841e-09
3.95841e-09
3.95841e-09
3.95841e-09
3.95841e-09
3.95841e-09
3.95841e-09
3.95841e-09
3.95841e-09
3.95841e-09
3.95841e-09
3.95841e-09
3.95841e-09
3.95841e-09
3.95841e-09
3.95841e-09
3.95841e-09
3.95841e-09
3.95841e-09
3.95841e-09
3.95841e-09
3.95841e-09
3.95841e-09
3.95841e-09
3.95841e-09
3.95841e-09
3.95841e-09
3.95841e-09
3.95841e-09
3.95841e-09
3.95841e-09
3.95841e-09
3.95841e-09
3.95841e-09
3.95841e-09
3.95841e-09
3.95841e-09
3.95841e-09
3.95841e-09
3.95841e-09
3.95841e-09
3.95841e-09
3.95841e-09
3.95841e-09
3.95841e-09
3.95841e-09
3.95841e-09
3.95841e-09
3.95841e-09
3.95841e-09
3.95841e-09
3.95841e-09
3.95841e-09
3.95841e-09
3.95841e-09
3.95841e-09
3.95841e-09
3.95841e-09
3.95841e-09
3.95841e-09
3.95841e-09
3.95841e-09
3.95841e-09
3.95841e-09
3.95841e-09
3.95841e-09
3.95841e-09
3.95841e-09
3.95841e-09
3.95841e-09
3.95841e-09
3.95841e-09
3.95841e-09
3.95841e-09
3.95841e-09
3.95841e-09
3.95841e-09
3.95841e-09
3.95841e-09
3.95841e-09
3.95841e-09
3.95841e-09
3.95841e-09
3.95841e-09
3.95841e-09
3.95841e-09
3.95841e-09
3.95841e-09
3.95841e-09
3.95841e-09
3.95841e-09
3.95841e-09
3.95841e-09
3.95841e-09

VECTORS velocity float
2.5318e-11 3.6586e-11 2.20673e-11
2.05677e-13 1.0285e-13 2.43551e-14
-2.68755e-14 -4.1984e-14 7.09442e-15
-7.27278e-14 3.06994e-13 -1.21553e-13
-1.05667e-12 1.69974e-12 1.04157e-13
-2.0835e-13 1.2359e-12 3.18549e-13
6.59616e-19 -3.81775e-23 -5.0412e-16
-1.06667e-12 -4.81531e-14 -7.04777e-13
-9.05034e-13 1.51622e-12 -7.60146e-14
-9.50194e-21 5.07484e-20 -5.14342e-21
-4.20053e-14 1.26088e-13 -4.63953e-14
-1.16822e-17 -5.35919e-23 8.91957e-15
1.20971e-13 1.5144e-13 -3.58676e-15
-2.28708e-13 -6.14454e-13 -2.91185e-13
1.03804e-14 1.1512e-14 -2.30555e-14
-1.91896e-13 2.55449e-14 5.60378e-14
-5.07806e-13 4.83769e-13 1.23284e-13
1.6381e-13 9.32923e-14 1.5946e-15
-2.76799e-14 2.47649e-14 -4.41187e-15
9.70999e-15 2.71088e-14 -1.41965e-14
-1.3396e-13 1.98082e-13 -1.82025e-13
1.60033e-13 4.90294e-13 -4.16057e-14
-9.84948e-13 1.31285e-12 2.40133e-13
4.79889e-13 -1.22355e-13 9.82511e-14
8.01396e-14 4.78683e-14 3.26413e-17
2.08072e-12 2.9445e-13 -8.6031e-14
-3.70935e-13 -8.01958e-14 6.94424e-15
-6.26923e-14 4.17848e-13 -1.3479e-13
1.84413e-13 3.06246e-13 4.03244e-14
-7.19818e-13 1.48145e-12 -1.12375e-13
-5.89767e-14 -6.89855e-13 1.39894e-14
-6.98735e-13 1.90296e-13 -3.02526e-13
7.71665e-14 -1.33077e-13 1.70551e-14
-2.20085e-12 1.59609e-12 4.21938e-13
-3.87565e-14 3.84917e-14 1.54444e-14
4.27613e-14 -6.91616e-14 4.34361e-15
1.60624e-13 6.49427e-14 -3.10945e-15
-2.85865e-13 4.30869e-13 1.03754e-13
-1.04148e-18 -1.73063e-23 7.9519e-16
1.9478e-13 5.60188e-14 -8.01828e-14
-4.93462e-14 2.00484e-13 6.74706e-14
-2.08628e-12 -4.95259e-13 -9.89466e-13
-8.95067e-13 1.69201e-12 -1.91214e-13
4.50338e-12 2.31275e-12 1.81729e-12
-1.36861e-13 9.6758e-14 2.69719e-14
5.18649e-13 2.15986e-14 -4.29666e-14
1.27599e-14 -1.61654e-14 5.15676e-15
-7.5121e-13 1.53533e-12 -1.33006e-13
-6.38388e-13 -2.34383e-13 -1.15426e-13
-8.90251e-13 2.73153e-13 -2.22262e-13
-1.20965e-12 6.28729e-13 2.08553e-13
-3.53783e-13 2.30222e-13 -3.77863e-14
1.53508e-13 -2.23373e-13 -1.59368e-15
1.04804e-14 -4.00415e-14 2.59473e-13
-6.7461e-13 8.37501e-13 3.59392e-14
8.10509e-14 1.86045e-13 -1.50603e-13
1.66194e-13 3.1678e-15 -6.6428e-14
2.06466e-13 -2.91595e-13 2.34186e-14
-5.94755e-14 2.5198e-14 -1.13499e-14
2.48203e-14 2.23565e-14 1.32602e-14
-2.26956e-13 1.33204e-13 -6.51506e-14
-2.44188e-13 -4.97934e-15 -1.4123e-13
-8.02561e-14 1.88618e-13 -8.75782e-14
1.01227e-15 -6.99768e-21 2.98741e-13
-3.00931e-14 2.0708e-13 -1.45789e-14
-7.22046e-16 -4.78925e-15 6.30728e-14
-1.00072e-13 3.07629e-13 -1.21908e-13
-1.34018e-12 1.02633e-12 -2.41382e-13
-1.37903e-13 3.58921e-13 8.70006e-14
4.16328e-14 5.05287e-14 -1.52499e-15
-2.00135e-13 3.39901e-13 -3.21478e-15
-9.43637e-14 1.13666e-14 1.37938e-14
-6.40591e-13 1.71747e-12 -2.28377e-13
-7.60599e-13 6.83355e-14 3.64196e-14
-1.31007e-12 4.60026e-13 -2.61133e-13
-1.6155e-11 -1.23504e-11 -1.67994e-12
-2.20022e-13 4.74945e-13 1.22376e-13
-1.82819e-12 -1.80742e-14 2.11287e-13
-2.25293e-20 -5.88953e-20 -1.99603e-19
-2.03558e-13 -3.82162e-15 -8.73141e-14
7.27743e-14 -9.66496e-14 -2.25389e-13
-2.50454e-13 1.42174e-13 2.95387e-14
-1.10729e-14 2.67425e-14 -3.9827e-15
-4.10195e-12 1.29028e-12 3.37353e-13
6.5679e-13 1.98615e-13 1.04483e-13
-7.6656e-13 1.2583e-12 3.45109e-13
5.37113e-13 3.05045e-13 -8.06375e-14
-1.69128e-12 8.8999e-13 1.76906e-13
-4.37057e-13 -9.7051e-14 1.09615e-13
-1.55769e-13 9.2565e-14 -3.26854e-14
1.23242e-14 5.75795e-14 -2.38029e-15
-1.85266e-13 7.96346e-14 -1.94995e-15
9.06146e-18 2.09523e-22 -6.9181e-15
-2.00064e-12 4.26523e-13 -1.59154e-13
-1.61736e-13 -2.19774e-14 2.93739e-15
-2.13326e-15 -1.41465e-14 1.86307e-13
6.52434e-14 -1.6353e-13 -2.4548e-14
6.22287e-14 2.56853e-13 1.23874e-14
5.82388e-14 2.51127e-15 1.14062e-15
-2.73776e-13 -1.15472e-13 -9.42865e-14
1.12085e-13 1.68392e-13 -7.89802e-14
-2.18997e-13 2.03841e-14 -1.00471e-13
-7.78718e-13 1.06103e-13 -1.13818e-13
6.03161e-18 -1.1466e-21 -4.60544e-15
-1.02878e-13 2.4604e-14 -3.12316e-14
-6.42146e-13 -4.62814e-16 1.34508e-13
3.45117e-13 3.11033e-12 1.84383e-12
-8.61588e-14 2.00924e-14 2.34888e-14
9.34818e-13 2.08934e-13 -1.2185e-13
-4.15768e-13 1.04576e-12 2.64934e-13
5.84817e-13 3.57478e-13 -1.23282e-13
-4.21606e-12 6.55688e-13 2.38766e-13
-4.46346e-16 3.99355e-13 -3.90089e-13
-1.72851e-12 5.86597e-13 -7.36255e-13
-1.88301e-12 1.51058e-13 -4.0777e-13
-2.79747e-13 2.21887e-12 1.31033e-12
-2.39664e-14 -7.40086e-15 6.63861e-15
-9.85711e-14 1.3123e-13 4.468e-14
2.92139e-14 4.28174e-14 -2.52967e-14
-2.06481e-13 3.6937e-13 -6.86646e-14
1.83448e-13 -2.59607e-14 -1.07697e-13
-7.89784e-13 6.33599e-13 -9.00544e-14
7.6826e-13 -1.16649e-13 -9.68651e-14
-1.54489e-13 -2.24963e-13 5.84235e-14
9.97837e-13 -1.65122e-13 5.52824e-14
-1.73132e-14 5.22871e-14 -1.74397e-14
-6.6705e-13 4.20029e-13 6.29841e-14
5.23278e-13 9.61249e-13 -1.26728e-13
3.37158e-13 3.19323e-13 -1.32782e-15
6.19865e-13 6.23389e-13 -2.34875e-13
-6.07112e-13 -1.72987e-12 -1.3752e-12
-2.44473e-13 2.6078e-13 3.03773e-14
1.04367e-13 1.41221e-13 2.74084e-14
-6.41575e-13 1.23424e-12 5.6363e-14
-4.20464e-12 -6.3022e-13 -9.18903e-15
-8.69827e-18 -1.63524e-22 6.6413e-15
1.29753e-13 5.05026e-13 -1.83176e-15
-2.76586e-13 4.84899e-13 4.38048e-13
-2.79747e-13 1.25507e-14 -1.64866e-13
3.55576e-14 1.25336e-13 1.04741e-14
-5.15367e-13 5.13624e-13 -2.71344e-14
-1.68799e-13 1.59432e-13 1.39959e-15
-7.29542e-14 2.37132e-13 2.57838e-14
-2.85545e-12 1.5428e-12 1.17015e-13
-3.21369e-12 1.50013e-12 -1.30397e-13
-1.5066e-14 5.04143e-15 9.33015e-15
-5.85626e-13 1.4859e-12 -8.24276e-14
-2.74754e-13 1.41764e-14 -4.36226e-13
-1.11843e-17 -5.88318e-22 8.53937e-15
-5.52512e-14 6.38632e-14 1.00874e-13
2.16459e-13 -1.53421e-13 4.7531e-14
-1.69344e-13 3.07455e-13 1.34615e-13
-1.21221e-12 1.69278e-12 -1.0209e-12
2.59529e-14 2.62238e-14 -3.52605e-14
3.36274e-13 1.56585e-12 -1.40685e-13
-5.71156e-14 4.16269e-14 3.61031e-14
-9.02007e-13 1.85944e-13 2.56867e-13
-1.89702e-13 -8.23263e-14 -4.128e-14
-1.55985e-18 2.16303e-22 1.19087e-15
-7.33497e-14 -1.2046e-15 -1.46455e-14
1.70297e-12 8.02416e-13 1.36885e-13
-1.84933e-12 9.3328e-14 -1.63765e-13
-4.52173e-13 1.47463e-12 8.35309e-14
-8.03582e-13 -3.78204e-13 -8.12808e-14
-2.97085e-12 -6.35398e-13 8.7126e-13
-2.56929e-12 1.13704e-12 2.04908e-14
-8.05836e-13 2.10504e-13 1.23205e-13
4.61189e-12 -3.64596e-13 -3.40752e-13
1.77288e-14 3.79691e-15 7.91905e-15
-2.22798e-12 1.42504e-12 1.2332e-13
6.76094e-14 7.2262e-14 -4.46597e-14
1.20354e-13 5.70911e-14 -1.75091e-14
5.82677e-14 9.319e-14 7.602e-16
-8.84446e-13 1.71178e-12 -2.24508e-14
-4.32598e-13 5.94738e-13 -1.23408e-13
-5.42657e-13 -7.07615e-14 -2.33139e-13
3.71094e-14 -8.84915e-15 -2.99346e-14
2.21575e-13 -5.02427e-14 -8.49432e-14
-7.77824e-12 -1.70031e-12 -2.13364e-12
-5.3799e-15 9.09511e-14 1.04529e-14
6.23781e-14 4.16913e-13 -2.98081e-13
-4.04169e-13 3.32985e-13 2.64891e-14
-1.45287e-12 1.2867e-12 8.95435e-13
-8.50366e-14 -3.07416e-14 5.80025e-14
1.08071e-14 -1.2684e-13 -1.15458e-13
-1.29187e-12 1.38391e-12 2.23562e-13
3.11593e-13 7.22625e-14 -2.62229e-13
7.35506e-13 2.03854e-13 -5.38488e-14
-4.72199e-13 1.0313e-12 -3.69859e-14
3.40311e-13 -9.82177e-14 2.32175e-13
-1.24198e-13 2.35699e-13 6.03798e-14
3.30107e-13 -7.33154e-14 -8.78383e-14
4.47203e-15 3.32742e-13 5.51197e-14
-4.17076e-13 4.25502e-13 7.63348e-14
2.30511e-12 9.00266e-13 2.73944e-13
-1.49138e-13 6.2272e-13 8.72999e-14
-7.71225e-14 1.8067e-13 2.89537e-14
-1.22533e-11 -5.0138e-12 -3.18232e-12
-1.28166e-12 1.81339e-12 3.68043e-13
-3.02161e-14 7.078e-14 4.55262e-15
-2.90761e-13 1.73892e-13 2.01661e-14
-7.70232e-14 2.25308e-13 5.61634e-14
2.20556e-13 1.48591e-13 -5.45106e-14
-1.94632e-12 -3.83962e-12 -2.27396e-12
2.994e-15 3.08861e-13 -1.04718e-13
-2.27069e-12 6.27924e-14 -3.31369e-13
-2.43582e-13 1.4695e-12 2.36964e-13
-1.97627e-13 1.16025e-12 -1.62956e-13
4.81343e-13 -3.22218e-13 -2.84265e-13
-9.59406e-14 2.09454e-13 -1.75329e-13
-2.73877e-12 -1.69621e-13 -7.36918e-13
-5.898e-13 8.92218e-13 -4.5844e-14
1.25674e-12 4.85533e-13 9.0577e-14
3.08434e-13 1.67054e-13 2.3185e-14
1.07832e-17 6.03103e-20 -8.23289e-15
-7.66076e-13 6.79406e-13 6.95125e-14
5.83003e-13 -3.34229e-14 -2.67007e-14
-4.5701e-13 -2.23253e-13 -3.13076e-13
-1.9548e-13 1.85646e-13 -1.52057e-13
-1.23281e-12 3.95613e-13 -4.70289e-14
-1.92615e-13 2.28004e-13 2.0836e-14
6.29325e-13 7.49886e-13 1.18062e-13
-1.99787e-13 8.11333e-13 -9.38723e-14
4.16283e-13 1.36058e-13 -8.71188e-14
6.91571e-13 -1.36873e-12 -2.79691e-13
-1.1184e-17 -2.31202e-22 8.53937e-15
5.71275e-13 1.67741e-12 2.03817e-13
9.08116e-18 2.92581e-21 -6.93359e-15
-2.93984e-13 5.57702e-13 6.50656e-14
-1.63497e-12 -1.14496e-12 -3.77397e-13
-6.4109e-13 5.4419e-13 -1.82784e-13
-3.23922e-15 2.15468e-14 2.81605e-13
-2.12476e-12 -1.41811e-13 8.61339e-14
-1.80024e-13 -2.23461e-13 -1.80816e-13
-2.59594e-12 1.49061e-12 -2.2298e-13
-2.07587e-13 2.42302e-14 -1.88655e-14
-2.11269e-21 -4.20634e-20 -2.4871e-19
-2.29903e-13 -1.52558e-13 9.61875e-14
-6.70015e-14 -8.98206e-14 5.62624e-14
-2.69122e-13 -5.838e-14 4.20764e-14
4.0452e-12 -1.45153e-12 -1.26131e-12
-1.26753e-13 7.29479e-14 3.43363e-14
-6.84351e-13 2.19552e-13 -5.43075e-14
1.73423e-12 8.5755e-13 9.92034e-14
4.37476e-13 8.89282e-14 5.51803e-14
-2.13322e-15 -1.41465e-14 1.86307e-13
-2.47646e-12 1.24159e-12 5.00022e-13
-4.65981e-13 3.87584e-13 -1.09789e-13
1.07171e-12 7.84187e-13 1.33946e-13
-1.73654e-13 1.51221e-13 -1.75715e-13
5.85598e-13 8.25697e-13 6.71184e-14
3.56471e-15 1.90828e-14 -2.18296e-13
4.60828e-14 2.14099e-14 1.36596e-14
4.34822e-13 1.66845e-13 -9.58265e-14
-3.74763e-13 1.12819e-12 2.02793e-13
-2.56514e-13 2.73388e-13 5.34643e-14
6.03115e-18 1.44161e-22 -4.60544e-15
-2.76311e-12 4.45858e-13 -2.46759e-13
-1.40316e-12 -4.17808e-13 6.23193e-14
1.45037e-12 8.30088e-13 1.0637e-13
-8.08259e-13 -3.79983e-13 1.20797e-13
6.33578e-14 -3.53737e-14 -4.53463e-14
6.19213e-13 7.48298e-13 2.3633e-14
6.56664e-13 4.81489e-13 -5.28546e-14
4.47377e-12 1.01066e-12 1.18375e-13
-1.42854e-12 -2.11902e-13 -9.23537e-14
-4.59925e-13 6.01606e-13 1.18337e-13
-4.09619e-12 -3.26489e-13 -5.26032e-13
3.75717e-13 3.87403e-13 -6.35715e-15
5.36166e-13 1.43109e-13 7.56777e-14
1.8618e-14 2.25161e-13 -8.70068e-14
2.47654e-13 -7.28802e-13 -1.08857e-13
-6.25849e-13 6.92138e-13 -5.22945e-13
-2.88356e-12 6.09029e-13 -2.96539e-13
3.45803e-12 1.68379e-12 -8.67732e-13
-1.81921e-13 1.58922e-12 5.0725e-13
3.3372e-13 -2.56584e-14 -1.53107e-14
-7.26823e-12 -1.49771e-12 -7.89373e-13
-8.53935e-13 1.22591e-12 2.97546e-13
6.79666e-13 5.20607e-13 -1.81676e-13
-2.51962e-14 6.27884e-13 -3.97191e-14
-2.63993e-12 1.3619e-12 2.07021e-13
2.45818e-13 1.76272e-13 -3.74382e-13
-6.17129e-13 2.17169e-13 -4.63263e-14
-7.26032e-13 -1.17409e-12 -7.5363e-13
9.69061e-14 1.68441e-12 -1.33475e-14
-9.80488e-13 1.73203e-12 1.66971e-12
-1.42898e-12 1.77954e-12 5.81281e-13
-1.23687e-12 3.93669e-13 3.15103e-13
-2.60166e-13 -8.91459e-14 -2.90192e-14
4.76397e-13 4.51277e-13 2.33119e-13
2.06449e-13 -1.82379e-13 -4.67639e-15
-5.83259e-12 -8.45879e-13 1.21943e-12
5.26354e-14 6.76264e-13 7.07889e-15
2.27608e-13 5.35687e-13 5.16038e-14
-7.13347e-15 -2.26901e-15 -3.04794e-16
5.77093e-13 5.73195e-13 -1.27628e-14
2.27828e-13 1.61739e-13 -2.98552e-14
-2.20621e-12 -4.23968e-14 -5.01502e-13
-5.12556e-16 1.54564e-13 2.19725e-13
-4.19758e-14 2.96296e-13 1.19913e-13
1.27105e-13 -7.03709e-14 -7.41352e-14
-1.47966e-12 1.79101e-12 3.10415e-13
-2.14095e-13 4.13344e-13 -4.73962e-14
-4.31133e-14 -8.00336e-13 -1.49804e-13
-8.01484e-13 1.37476e-12 4.70913e-14
-7.99106e-13 1.00651e-12 -1.54324e-13
2.70736e-13 2.11783e-14 -7.16282e-14
-2.66501e-13 1.42024e-12 -1.63738e-13
8.18136e-14 8.47662e-13 2.01629e-13
2.18557e-14 -1.31398e-13 3.99735e-13
-2.06815e-13 8.61632e-13 1.46243e-13
3.53578e-14 -1.10249e-13 6.98361e-16
-2.18286e-13 5.87985e-14 -1.35176e-13
-4.3164e-13 9.80483e-13 3.15359e-14
2.55077e-13 -5.85198e-14 -7.88244e-13
-4.9963e-14 -5.3408e-13 2.83684e-14
-1.45402e-13 2.70586e-13 1.36359e-13
-1.07779e-12 9.75756e-13 8.38856e-14
-6.92264e-13 -4.34967e-13 -6.42091e-14
2.27943e-14 1.5618e-13 3.96421e-13
-1.99396e-12 -7.9493e-13 1.59319e-13
-3.90416e-12 -4.24734e-13 8.90908e-14
-5.08873e-14 2.53336e-13 7.88405e-14
-1.95439e-14 7.08021e-14 -8.3425e-14
-3.27757e-13 1.311e-12 3.64754e-13
-1.3847e-13 5.86222e-14 -8.4344e-14
-3.46846e-12 1.23724e-12 -1.24392e-13
-5.29703e-13 -1.39727e-13 5.72501e-14
7.26618e-13 2.47975e-13 1.37116e-14
-2.41628e-13 9.37137e-13 -5.9907e-16
6.62149e-13 1.24828e-12 6.65898e-14
7.98878e-14 -2.31282e-13 1.72323e-14
-5.67308e-13 -7.03258e-13 -3.13334e-14
-6.88164e-12 -1.72908e-12 1.0578e-13
-2.63613e-12 -2.64131e-13 -4.80525e-13
-3.68505e-13 3.72352e-13 4.78617e-14
1.63791e-13 2.22606e-13 4.76715e-14
-9.46245e-18 -2.28377e-20 7.22451e-15
2.79604e-12 1.70482e-12 7.7504e-13
-4.65897e-13 1.33967e-12 1.0578e-13
-2.22324e-13 5.4208e-13 -1.55243e-13
3.53817e-16 4.23757e-13 7.83697e-14
-1.03704e-12 2.0212e-12 2.14119e-13
-2.4049e-12 1.61805e-12 -1.15055e-12
-3.93092e-13 8.41746e-14 -2.3545e-13
-9.33127e-13 5.12936e-13 -4.98145e-14
-7.31574e-13 1.09038e-12 1.15135e-13
-1.0955e-13 8.38915e-13 2.9283e-13
1.69842e-12 -6.65477e-13 -4.32619e-13
-2.72721e-15 -6.49969e-14 2.80781e-13
-9.37577e-12 6.66383e-13 -1.04885e-12
-1.32722e-12 -3.93755e-13 -1.65211e-13
-1.32658e-13 7.32919e-13 3.3443e-14
7.03834e-14 -1.49788e-14 3.86871e-15
-2.03267e-17 8.32667e-14 2.74514e-13
-1.5545e-13 1.05117e-12 1.86922e-13
1.49288e-12 -3.34657e-13 8.11027e-14
-3.24955e-14 1.0009e-14 1.90063e-15
1.57049e-13 6.97785e-13 -6.1188e-13
-1.08593e-12 1.39153e-12 5.0208e-14
-1.14931e-19 2.3777e-20 -6.26497e-20
-2.98928e-13 1.00004e-12 9.84343e-14
-2.01074e-12 -1.18973e-12 6.91391e-13
5.94794e-12 -1.22358e-12 -1.08741e-12
-2.4961e-12 -6.43672e-14 -2.74458e-13
-1.62467e-12 -4.2894e-14 -8.42529e-15
-1.04021e-12 3.37241e-13 -9.32304e-13
-2.36506e-12 1.26573e-13 3.39616e-14
-2.62927e-13 2.21745e-13 8.89834e-14
2.85694e-13 -4.20902e-13 7.7141e-14
-1.56171e-12 8.47375e-13 3.59359e-13
8.90019e-13 5.85219e-13 8.86074e-14
-3.4216e-13 7.8597e-13 6.85534e-13
-8.31877e-13 1.71279e-12 -9.75411e-13
4.75904e-13 1.18878e-13 -4.67423e-14
-7.15263e-13 -1.82685e-14 1.58011e-13
-2.36254e-12 -9.24519e-15 6.8864e-14
-4.47504e-13 -5.03521e-13 -6.95947e-14
6.83503e-14 3.74981e-13 3.22842e-13
1.19769e-11 1.33768e-12 8.18624e-13
3.18075e-13 -7.58844e-14 -1.41866e-13
-4.29787e-13 6.02232e-13 -1.47328e-13
-5.22031e-13 2.4684e-13 2.76489e-15
-3.17696e-13 2.7923e-13 5.444e-14
-8.46594e-14 9.34455e-13 8.29272e-14
-9.98957e-13 -6.32071e-13 -1.49089e-13
-2.44766e-16 1.7947e-22 -7.22357e-14
3.67227e-12 1.64866e-12 -1.79386e-13
-1.18139e-13 5.93849e-13 -7.49935e-14
-4.07857e-13 -1.28472e-13 -1.73275e-13
-6.33928e-13 1.71476e-12 -4.86847e-13
1.62347e-13 5.84169e-13 1.06573e-13
-5.56062e-14 4.76494e-13 -6.55312e-13
-2.03669e-13 7.78907e-14 1.64482e-13
-3.00345e-12 1.32111e-12 -6.95873e-14
-2.37224e-12 1.24086e-12 -1.82829e-13
-2.02336e-12 4.99904e-13 7.3497e-14
-1.56054e-13 4.59556e-13 2.19832e-13
5.54566e-13 -3.98191e-14 -1.42697e-13
2.62794e-13 -1.55441e-13 3.1091e-13
-9.59185e-13 1.60419e-13 1.94631e-13
-1.02072e-12 -1.79756e-13 -9.53099e-14
4.62035e-13 -2.86027e-13 -1.29779e-13
-1.48292e-12 6.96055e-13 -8.07659e-14
-1.80796e-12 4.64143e-13 2.85504e-13
5.523e-18 9.46439e-21 -4.21679e-15
9.64511e-15 -5.92379e-14 1.03246e-13
-1.41455e-11 1.98076e-12 1.06033e-12
-9.77926e-14 -8.15908e-14 -1.75886e-15
-1.61002e-13 6.72541e-13 2.08514e-13
-4.88912e-13 1.6675e-12 4.05933e-13
1.91828e-13 6.42092e-13 -5.74815e-14
8.64473e-13 1.72066e-13 -5.26323e-13
-1.28585e-15 4.63203e-15 1.28391e-15
2.19398e-20 -3.57806e-21 1.06576e-20
-4.42933e-13 -1.25066e-13 -2.1742e-14
1.29098e-13 1.48856e-13 -1.35182e-13
-1.74914e-12 7.89768e-13 -2.9757e-13
1.72689e-13 2.35389e-13 -1.74721e-14
-1.311e-12 1.69826e-12 -3.37857e-13
-1.12819e-11 3.89508e-13 -1.95875e-12
1.91622e-13 1.34672e-12 2.94192e-13
6.7958e-13 -7.02203e-13 -2.86158e-13
8.34037e-14 -7.53787e-13 -1.83354e-13
-4.73541e-13 -6.52148e-13 2.19551e-13
-1.06394e-12 2.72695e-13 -5.33426e-14
-2.69085e-13 4.52441e-13 -6.72413e-14
-4.35328e-16 -5.82133e-15 -1.02522e-14
-6.31213e-19 4.14499e-20 4.82091e-16
5.5027e-13 6.67133e-13 1.00776e-13
7.43348e-13 5.35242e-13 -1.1944e-13
5.01064e-13 4.70966e-13 -1.4948e-13
-7.99359e-14 1.18115e-12 5.4387e-13
1.09243e-12 3.3302e-13 7.99584e-14
-9.28482e-13 2.36157e-13 1.71118e-13
1.39608e-13 1.42374e-14 -7.09748e-14
3.61996e-13 1.10887e-13 -1.12276e-14
-1.85703e-12 1.69068e-12 8.12265e-13
1.41367e-12 -3.92002e-13 -1.21223e-13
7.79235e-13 3.4579e-13 -1.94126e-14
7.64982e-13 -5.68244e-13 -8.68817e-14
-4.5002e-13 1.63993e-13 2.24594e-13
-1.46898e-13 -8.09693e-13 -3.38822e-13
-7.88623e-13 1.52915e-12 -6.37724e-13
-2.62233e-14 -7.88196e-14 2.3538e-14
-1.62876e-12 1.7025e-12 1.09619e-12
-5.50506e-12 -7.94499e-14 -1.05302e-12
1.52703e-15 -3.68197e-14 -1.58621e-13
-6.64765e-13 3.45702e-13 -2.03683e-13
3.11792e-15 7.06709e-15 4.44851e-14
-7.4608e-16 1.79853e-14 7.74819e-14
-2.53842e-12 1.52963e-12 -7.72275e-13
-2.84853e-13 -1.11211e-13 -1.67869e-13
-2.89894e-12 4.70635e-13 2.13334e-13
-1.05661e-11 9.46038e-13 -1.9126e-12
-1.36649e-12 -7.71156e-13 -7.48006e-13
9.56187e-14 -3.18135e-14 6.18501e-14
-9.16593e-13 1.39173e-12 1.63683e-13
-2.50949e-13 2.93663e-13 -2.13117e-13
1.52588e-12 1.716e-12 -3.78336e-13
5.02633e-12 -1.65406e-12 4.85994e-13
2.53074e-13 4.80042e-13 8.83444e-14
3.48703e-15 -3.70732e-14 1.00622e-14
1.21223e-12 8.83359e-13 2.94363e-13
-1.42066e-13 2.00149e-12 4.95762e-13
-4.54632e-12 1.40796e-12 7.76458e-13
4.01291e-13 2.24144e-13 2.15965e-13
-8.03338e-13 2.92877e-13 3.43656e-14
1.08365e-12 9.85821e-13 2.76391e-13
-5.96786e-12 -1.81883e-12 -8.76868e-13
-1.05252e-12 2.08824e-13 -8.97856e-13
2.53788e-20 1.83669e-20 1.89689e-19
1.52135e-12 9.46014e-13 2.87331e-13
-2.75914e-12 1.62483e-12 1.22813e-13
-4.13241e-13 -9.29711e-13 6.70765e-14
3.25347e-12 -7.18573e-13 1.40086e-12
-2.28484e-12 -1.74477e-12 9.86181e-13
-1.76309e-13 2.77763e-13 -3.38042e-14
-2.13313e-15 -1.41467e-14 1.86308e-13
-4.72284e-12 -9.0992e-13 8.47992e-13
-1.82667e-12 -9.56609e-14 3.54838e-13
2.85283e-13 -3.42499e-13 -5.79517e-13
-6.38129e-14 -2.15876e-14 1.34344e-14
-2.40792e-12 1.7299e-12 5.25408e-13
-1.95361e-12 1.86889e-12 2.70688e-14
-1.09885e-12 1.36061e-12 1.01275e-13
1.37424e-13 -1.16506e-13 2.22425e-13
4.78968e-12 -5.10761e-12 7.31446e-13
-1.58199e-13 2.70831e-13 3.32202e-13
9.01951e-14 4.8482e-13 -3.68975e-13
-4.67e-12 -4.92041e-13 -9.78591e-13
2.25226e-12 -1.11378e-12 -6.90334e-13
-5.53901e-13 3.40759e-13 -1.63978e-14
-2.57383e-11 2.43448e-12 -2.79501e-13
-7.77872e-13 -1.09112e-12 -3.44036e-13
-3.30041e-12 1.69607e-12 8.88035e-14
4.14801e-13 1.68459e-12 2.48494e-14
-5.55046e-19 -1.1643e-19 4.8208e-16
-6.64731e-13 1.31774e-12 -2.49608e-13
-2.02504e-13 2.48242e-13 2.2572e-13
1.15643e-13 -1.76115e-13 -2.37935e-13
-5.20975e-14 -2.23623e-14 -3.55814e-15
-2.41721e-12 1.69721e-12 1.22201e-13
-2.53047e-12 -4.83054e-13 -1.17066e-12
-6.93622e-13 -1.13524e-12 -1.23002e-12
1.31631e-13 -9.39045e-13 5.265e-13
-2.4476e-16 7.47481e-22 -7.22337e-14
-3.01009e-13 1.51876e-12 5.67307e-13
-4.85667e-13 1.66866e-12 3.23624e-13
8.58657e-14 1.59447e-12 4.12292e-13
6.12731e-13 -7.85413e-13 6.62986e-13
-1.98017e-12 -6.18432e-13 -3.49561e-13
-8.74325e-12 -2.02331e-12 -2.14962e-12
-2.21966e-12 1.33214e-12 -1.21746e-14
1.71601e-13 8.47736e-13 3.10406e-13
-5.63579e-13 1.48542e-13 -7.90836e-15
1.74783e-20 -2.33328e-19 -9.36945e-19
-1.94607e-13 4.7366e-14 -4.28059e-14
8.3443e-13 1.60346e-12 2.77125e-13
-2.61598e-13 2.91748e-13 2.69309e-13
-2.01726e-12 1.66445e-12 1.25133e-13
-3.59772e-12 -1.52062e-12 -6.28747e-14
-4.95707e-13 1.63172e-13 -7.08606e-14
3.40252e-13 -2.12932e-13 -1.11403e-14
-7.47669e-13 3.30552e-13 -2.05574e-13
1.90354e-13 1.2472e-12 7.43605e-14
-9.90448e-12 -1.51418e-12 6.52026e-13
6.62517e-13 1.74835e-13 2.21279e-13
-9.66125e-18 5.6959e-21 7.37626e-15
1.58959e-12 4.28774e-13 -1.70982e-12
6.44767e-16 4.27582e-15 -5.63117e-14
-1.73217e-12 -1.65977e-12 3.08253e-12
-1.91328e-12 1.54344e-12 2.91375e-14
-2.49398e-13 1.90285e-13 -9.93024e-15
5.13218e-13 1.5506e-12 -1.13887e-13
-4.81344e-13 1.68422e-12 -1.16987e-13
-5.69276e-18 -1.6385e-21 4.34637e-15
-1.04577e-12 -4.90129e-13 2.84115e-13
1.18243e-14 3.78834e-13 3.15416e-13
2.31958e-15 -3.28226e-15 1.83073e-13
2.41947e-13 -1.52204e-13 3.10056e-13
1.23515e-12 -2.30282e-13 8.71293e-14
8.9075e-13 5.48394e-12 2.80941e-13
4.69514e-14 3.56173e-13 -4.0151e-14
-8.25219e-13 1.12223e-12 -1.57812e-13
-9.63372e-17 1.10351e-14 4.38042e-14
-3.8583e-14 4.28581e-13 1.10427e-13
-2.30853e-14 1.11024e-13 9.96556e-14
1.37947e-12 -5.23681e-13 1.23174e-13
-7.56134e-13 -8.36402e-13 1.21059e-13
-3.22559e-15 1.9241e-14 1.01715e-14
3.48738e-13 7.10456e-14 8.9924e-15
-3.24453e-13 2.26634e-12 3.42597e-15
2.79833e-12 4.23265e-13 1.6699e-12
-4.75392e-12 4.62597e-13 2.69298e-13
8.26473e-12 -1.17757e-12 -7.13309e-13
7.24418e-13 9.96173e-13 3.26696e-13
-5.04105e-12 6.56665e-13 -1.74486e-12
4.2111e-13 -6.82431e-13 2.45822e-13
-5.386e-14 -2.4051e-13 1.79704e-13
-3.61295e-19 5.97318e-20 -1.75997e-19
-7.45499e-16 1.79849e-14 7.74801e-14
1.77451e-17 4.01036e-17 2.53031e-16
3.84827e-13 -4.96717e-13 -6.31522e-14
2.10922e-14 -8.88061e-15 8.62542e-15
9.4679e-14 2.66988e-14 -4.87704e-14
-2.32478e-12 -6.18277e-13 -2.79931e-13
-1.48312e-12 9.24809e-13 -2.33138e-15
-5.06652e-13 7.35791e-13 1.95852e-13
-2.18767e-12 1.77784e-12 4.01162e-13
-3.31775e-15 4.00575e-13 -1.46543e-14
1.76737e-13 -2.42171e-13 -1.95602e-13
1.14974e-12 1.38148e-12 -4.001e-13
1.01318e-15 -6.73955e-15 -8.80823e-14
-1.70806e-12 -1.52918e-12 -1.99965e-13
5.21644e-12 3.10375e-13 3.00687e-13
1.87722e-12 7.77754e-13 -2.45409e-13
-4.77177e-13 1.68885e-12 8.74341e-14
-7.86899e-14 2.83769e-13 1.72891e-13
-5.47274e-12 -1.08415e-12 -6.20546e-13
2.61104e-12 1.6921e-12 5.79831e-13
1.74524e-12 7.04215e-13 1.53039e-13
-3.78885e-12 2.92909e-13 1.99178e-13
-2.10675e-12 1.12006e-12 6.81588e-13
2.0455e-11 1.40024e-11 4.41883e-12
-2.08043e-12 1.7263e-12 3.49555e-13
-8.23568e-14 1.25405e-12 -6.38125e-13
1.41745e-12 1.4868e-12 -1.1067e-13
-2.80852e-12 1.50932e-12 4.42649e-13
1.31649e-12 4.75303e-13 -3.13345e-13
-1.03144e-13 -1.04025e-13 -1.25919e-14
-4.01096e-12 9.93826e-13 -2.70196e-13
-1.39635e-12 -1.66821e-12 -6.78486e-13
-1.26871e-12 -5.90191e-14 -2.28489e-13
-7.62451e-12 -1.68381e-12 -7.27348e-13
-6.63774e-16 5.60954e-21 -1.95892e-13
1.67465e-13 -8.61464e-13 3.23751e-13
3.4703e-13 -6.53341e-14 1.92775e-13
2.72313e-11 -7.7522e-12 -8.03176e-13
-1.91175e-12 -5.68187e-13 9.03744e-15
2.92612e-13 -9.53083e-13 -5.25893e-13
-3.76875e-12 9.42832e-13 -1.11764e-12
-2.97653e-14 -9.54704e-13 2.91526e-15
-1.20351e-11 -1.21455e-11 -4.79385e-13
7.44828e-13 -5.54687e-13 1.58189e-13
-7.08008e-19 1.17331e-19 4.82083e-16
-3.47428e-12 6.43143e-13 -1.86667e-13
-1.10946e-12 -1.69517e-12 1.23736e-12
-1.50356e-12 1.34292e-12 4.69109e-13
-1.57021e-20 -1.64347e-20 -7.73726e-20
7.03763e-13 -7.87878e-13 -8.65502e-14
-9.75177e-14 5.7014e-13 1.41505e-13
-3.42354e-14 -3.98424e-13 -1.01726e-13
1.10693e-13 9.71656e-14 1.56155e-13
1.02963e-12 1.48663e-12 2.20667e-13
-9.67167e-13 3.70361e-13 5.62627e-13
-3.31349e-12 -5.86115e-13 5.83682e-13
8.10114e-14 3.86368e-14 -5.38104e-14
-1.91375e-19 6.93588e-20 -1.59887e-19
-9.47315e-13 1.45937e-12 2.17407e-13
1.26357e-13 -8.62584e-16 1.42003e-13
1.19277e-13 -1.28376e-13 3.18824e-14
-7.90522e-14 1.40371e-12 9.11623e-13
1.65134e-13 -1.7287e-13 2.03745e-13
-3.47267e-12 2.72197e-13 1.61982e-13
-1.79219e-13 -1.78957e-12 1.61469e-12
-3.29467e-12 1.73451e-12 -1.04552e-14
3.18729e-13 1.65005e-13 9.9112e-14
2.26005e-12 9.81206e-13 6.33764e-13
-5.4695e-12 2.40792e-13 -1.09397e-12
-1.96291e-14 -1.59566e-13 -4.12346e-13
-1.99153e-13 -1.46629e-14 -2.71918e-14
-3.2541e-12 -2.46592e-13 -5.65532e-13
-6.30146e-12 3.7881e-14 -1.43214e-12
3.83311e-13 5.8245e-13 7.81373e-13
-2.6008e-12 -1.19786e-12 -1.42763e-12
-1.82183e-15 1.2118e-14 1.58376e-13
8.00824e-13 -7.68041e-13 2.5628e-13
2.34528e-19 -5.17241e-20 -6.58235e-19
-1.94055e-11 -1.59085e-12 -5.09431e-12
2.13765e-13 1.0604e-13 -5.79932e-13
5.90505e-13 4.48741e-13 8.09351e-13
2.05591e-15 1.36332e-14 -1.79547e-13
-1.78025e-12 2.6848e-13 1.38462e-13
5.43853e-13 4.94443e-13 -2.22543e-14
3.64772e-12 1.70065e-12 7.91537e-13
-4.52395e-13 -7.24037e-13 -4.81294e-13
-1.49217e-11 -1.72833e-12 -5.72646e-12
-1.84532e-13 4.48496e-13 1.85774e-14
-2.28847e-11 -1.20013e-11 -5.54149e-12
2.41006e-13 1.18128e-13 1.3575e-13
-1.44854e-14 4.70576e-13 1.63522e-13
-2.49585e-20 9.36932e-20 1.93203e-19
-1.17155e-19 1.53014e-19 8.49791e-20
-8.46176e-14 2.5611e-13 7.57575e-14
2.452e-13 9.09752e-13 1.21064e-13
-5.33564e-12 1.10461e-12 -1.72194e-12
-2.24265e-14 -2.99329e-13 2.10336e-13
-1.16066e-13 -2.74482e-13 -4.67556e-13
-2.78949e-13 -2.56727e-14 1.82754e-13
-4.76429e-13 6.83806e-13 1.94649e-13
2.28694e-13 1.1657e-13 3.05483e-15
3.61134e-13 5.14304e-14 -1.40656e-13
1.7231e-13 2.30858e-13 1.8579e-13
1.7168e-13 -1.33319e-13 -1.97123e-14
2.21514e-11 1.26236e-12 -2.9656e-12
-2.99751e-12 -1.63951e-12 -3.81309e-13
-6.08547e-14 1.79376e-13 4.89832e-13
-1.81079e-12 5.79722e-14 5.82199e-15
-5.03691e-13 1.02134e-12 2.10585e-13
1.27821e-12 3.07341e-13 6.13809e-14
-4.1459e-13 8.79002e-14 3.13856e-13
-2.44907e-12 -1.66761e-12 1.47904e-13
2.5387e-13 9.31112e-13 6.30909e-13
-2.25332e-12 -8.87009e-13 -2.88794e-13
-2.91799e-12 2.52054e-13 2.06896e-13
3.05678e-13 -2.65258e-14 -2.84037e-13
-3.93576e-13 1.69287e-12 -6.1619e-14
9.72231e-13 1.9393e-13 1.65604e-13
1.78746e-15 4.25939e-14 -1.84002e-13
-1.04682e-11 6.45436e-13 -1.96026e-12
-6.78829e-13 -1.70018e-12 3.64976e-13
1.53936e-12 1.2939e-12 -1.99819e-15
-5.96645e-13 8.90598e-13 2.18006e-14
-2.10228e-13 9.98485e-13 2.44487e-13
-6.49638e-21 5.00406e-20 -1.52319e-19
1.46511e-13 -8.05239e-13 5.38903e-13
2.26372e-13 -1.37565e-13 -1.96333e-13
7.06822e-14 6.23036e-14 -3.51905e-13
-4.06611e-14 5.71616e-13 -3.03927e-13
4.22286e-13 2.09831e-12 -1.60092e-14
4.46515e-13 1.03296e-13 5.76762e-14
-1.51623e-12 -1.92067e-12 -3.93684e-12
-3.84797e-13 -5.68221e-13 1.86715e-14
4.64431e-14 1.27953e-13 -9.87206e-15
9.49125e-18 -4.02322e-21 -7.24676e-15
8.9278e-13 8.97938e-14 3.11177e-13
-4.58495e-12 5.73006e-13 -4.73252e-13
1.0141e-12 -6.10001e-13 -3.94247e-14
3.06694e-13 -4.92976e-13 6.42219e-13
6.51458e-13 -7.75754e-13 6.48378e-13
3.46259e-13 8.75904e-13 5.10119e-13
-3.23685e-12 1.28423e-12 -8.79986e-13
8.96733e-14 -5.39833e-14 -2.47389e-13
5.42307e-13 3.10818e-13 1.80127e-13
-6.72643e-13 -9.31452e-13 8.66338e-14
-4.63711e-13 -3.13927e-13 2.5115e-13
-1.24611e-12 -1.31975e-12 1.80202e-13
-1.89283e-13 4.17019e-14 1.63972e-13
6.11999e-13 -3.51227e-13 5.55257e-14
-2.53654e-12 1.57098e-12 2.6952e-13
6.29512e-14 6.25966e-14 -1.77161e-13
6.29455e-12 -1.56296e-12 1.9396e-12
-8.21041e-13 1.4602e-12 3.2334e-13
-2.71913e-12 1.02197e-12 4.32764e-13
2.26478e-13 6.28664e-13 2.22634e-13
-2.05197e-12 -1.57616e-13 1.67196e-13
-7.81968e-13 -2.01921e-12 8.74934e-13
1.13481e-12 1.78645e-12 2.17647e-13
1.05435e-13 1.56587e-13 2.62935e-14
-1.07549e-12 6.51589e-13 3.23663e-13
-3.56001e-13 1.09034e-12 2.15601e-13
1.55936e-11 -2.11082e-12 -1.3382e-12
-7.22209e-16 -4.78924e-15 6.30733e-14
-2.53195e-12 1.09338e-12 4.07768e-13
4.6354e-13 -1.75565e-13 2.04515e-14
-6.40956e-14 1.37947e-13 2.92778e-13
5.55653e-12 -1.35328e-12 -7.47519e-13
6.09838e-14 -3.54928e-13 4.16904e-13
1.55555e-12 1.12333e-12 2.49008e-12
-9.42413e-14 5.05056e-13 2.21261e-13
-4.70183e-13 -1.03183e-13 -6.77336e-13
-1.06503e-11 -6.82774e-12 -2.5921e-12
3.67876e-13 6.82209e-13 8.87291e-14
-3.86831e-13 5.41293e-13 1.40423e-13
-9.32594e-13 3.23382e-14 1.22571e-13
-1.98857e-12 -7.30029e-14 1.64239e-13
5.49609e-13 -2.258e-13 7.98865e-13
-4.1763e-13 2.83576e-13 1.85732e-14
4.61639e-19 -7.06684e-22 -3.5236e-16
-2.40326e-13 1.07199e-12 -1.86027e-13
9.57896e-14 6.48128e-14 2.47144e-13
-3.79618e-20 8.01245e-21 3.80056e-20
2.51318e-13 6.54508e-14 4.2233e-14
-4.24756e-13 -4.36891e-15 -1.9715e-13
-3.79962e-12 -6.11809e-12 1.25406e-12
1.50806e-13 7.84614e-14 3.49491e-14
-2.03082e-11 -4.44707e-12 -5.02657e-12
3.37842e-13 6.2465e-14 4.84844e-13
5.59351e-14 -9.26049e-13 -2.55871e-14
-9.46193e-18 -1.50947e-19 7.22451e-15
8.77692e-14 -6.5014e-13 5.32432e-13
9.58936e-15 -7.44314e-13 -2.95114e-13
-2.1432e-12 1.5602e-12 6.81851e-13
1.51508e-12 -7.68001e-13 1.53208e-13
1.6475e-13 -2.84579e-13 8.403e-14
-7.90714e-13 1.69246e-12 1.02345e-13
6.54817e-14 -2.20853e-13 -7.46697e-14
-8.60616e-12 -1.13513e-13 -1.819e-12
-4.52365e-12 -1.31423e-12 1.06879e-13
1.09835e-12 2.40927e-13 -1.70181e-13
3.16891e-13 4.17693e-13 2.11194e-13
3.84171e-13 1.61629e-12 -4.0316e-13
-1.98747e-11 -1.35355e-10 1.09628e-12
-1.66349e-12 1.4299e-12 9.77922e-15
1.12619e-12 -4.73005e-12 2.90034e-12
4.43e-18 -3.08252e-20 -3.38226e-15
-3.08632e-12 -4.93194e-12 -3.39296e-12
5.92743e-13 -4.90443e-13 2.27149e-13
1.73959e-20 4.13177e-20 9.58559e-21
-9.00393e-15 -7.85353e-14 -5.48256e-14
-1.88044e-13 -1.71448e-13 -1.95428e-15
-8.90382e-13 6.65066e-14 -4.86955e-13
-1.32934e-13 5.22051e-14 2.13373e-13
-1.3486e-11 -5.44428e-12 -5.2773e-12
1.24117e-12 1.07997e-12 3.32537e-13
-2.30249e-13 1.43385e-13 -2.52726e-13
5.71657e-12 8.28524e-13 -1.42175e-12
-7.76129e-14 -1.65528e-13 1.70642e-13
3.1253e-13 -1.40244e-13 1.05205e-13
-4.81238e-12 3.79726e-13 4.79367e-13
-3.58042e-12 -1.03901e-12 -1.14469e-13
6.17163e-12 1.86203e-12 -3.99359e-12
-1.98006e-12 -1.67203e-13 1.88698e-13
5.68937e-13 2.58781e-13 -2.22821e-14
-5.12735e-12 -1.74022e-12 -6.25875e-13
-6.17519e-12 2.28877e-14 -5.57334e-13
1.65459e-13 -1.57508e-13 -1.94159e-13
-1.84578e-13 -7.76937e-14 5.95314e-14
3.624e-13 -2.54974e-13 1.61149e-14
-3.62692e-13 -2.54733e-13 2.07878e-13
4.14141e-14 9.26223e-13 -2.57384e-13
2.87057e-13 8.17784e-14 4.61074e-14
-3.74113e-12 -1.39381e-12 3.5949e-13
5.62322e-13 1.71296e-12 7.32443e-14
5.69923e-13 2.64445e-14 1.01266e-13
-3.46275e-12 -9.23799e-13 7.69922e-13
-1.61134e-13 2.20178e-13 1.76585e-13
2.57347e-13 1.77403e-13 1.27077e-14
9.49101e-18 1.25077e-21 -7.24676e-15
1.09856e-12 5.9925e-13 9.77566e-13
4.80291e-13 -3.13176e-13 -2.57606e-13
-2.68357e-12 -7.65223e-13 -3.4634e-14
-5.30991e-14 -1.82153e-14 4.70782e-13
1.09429e-12 1.34824e-13 3.28036e-13
1.90089e-14 7.72617e-14 -1.10263e-13
4.1531e-12 -3.49387e-11 6.02168e-13
2.67611e-12 1.41589e-12 -3.39918e-14
-4.7514e-14 6.53501e-14 6.80036e-15
-1.04706e-15 4.15214e-14 1.05847e-13
3.93257e-13 -3.51481e-14 -1.0102e-13
-8.39119e-13 -4.55917e-13 6.62863e-13
-4.55892e-13 -6.53355e-13 6.36389e-13
1.10258e-12 1.32038e-12 2.41402e-13
2.24444e-13 -1.52346e-12 5.75195e-13
-7.10376e-13 -2.92988e-13 3.2152e-13
7.68833e-13 -2.5151e-13 2.28242e-13
-6.08023e-13 -2.07836e-13 5.1613e-14
2.43139e-15 -1.61684e-14 -2.11313e-13
5.09102e-13 -5.89209e-13 2.13805e-13
9.61133e-14 5.34599e-13 5.35914e-13
2.86846e-12 4.32678e-13 -1.97221e-14
-9.2148e-12 1.38872e-12 -2.06145e-12
1.07825e-17 -1.24492e-19 -8.23297e-15
-6.10952e-14 -2.57382e-13 7.90678e-13
-4.51444e-21 5.03492e-20 9.53608e-21
7.26552e-14 -7.23608e-15 -9.93941e-14
-4.79765e-13 5.24839e-13 1.74267e-13
-1.5612e-11 -3.52998e-12 -6.77455e-12
5.12139e-13 4.35544e-13 -7.77384e-14
9.53586e-13 -1.94432e-13 2.1338e-13
-3.07585e-13 6.63767e-13 6.94928e-14
-1.09868e-12 -4.12479e-12 1.11362e-12
1.52313e-13 4.78934e-14 -7.07164e-14
-2.04116e-12 -1.78867e-13 7.33056e-13
-1.76517e-13 -8.975e-13 6.39644e-13
1.05846e-17 -5.31917e-22 -8.08106e-15
7.28246e-13 -4.75581e-13 -4.20605e-13
1.1799e-13 1.81622e-13 -3.56507e-14
1.52739e-15 -3.68192e-14 -1.58619e-13
-2.40409e-12 8.32558e-13 2.64594e-13
5.39334e-13 6.13896e-14 3.82095e-13
-1.35692e-12 -3.69157e-12 -7.41094e-12
-1.84164e-12 -1.37967e-12 -9.66089e-13
-1.06187e-13 3.86932e-13 1.0238e-13
-1.59478e-13 3.26577e-13 3.10144e-14
1.10251e-11 -3.64794e-12 4.62241e-13
-3.31274e-12 -2.25701e-12 -2.48983e-12
-8.531e-13 -6.25749e-12 -6.24272e-12
-6.73309e-13 2.18664e-13 1.4511e-13
-4.44184e-12 -1.00957e-12 1.47921e-12
-1.36589e-12 -9.61711e-13 -2.80274e-13
7.58856e-13 1.36199e-12 -1.16463e-13
2.12145e-12 1.48316e-12 -9.65352e-14
-5.86059e-12 -1.5343e-12 -1.21159e-12
1.1936e-13 3.76532e-13 7.25478e-13
-1.27122e-12 -1.84672e-12 -4.61419e-13
3.51328e-14 -1.01479e-12 -5.87719e-13
5.80224e-13 -8.18455e-13 6.49681e-13
8.33012e-14 3.20559e-13 1.92596e-13
-1.32858e-13 -6.36641e-13 1.45917e-13
-4.28554e-13 4.59076e-14 -1.84458e-13
3.58576e-12 -5.2637e-13 -8.72668e-14
5.42012e-13 1.005e-12 1.61565e-13
-8.75681e-13 -4.44764e-12 -3.37828e-12
6.98413e-12 -1.73103e-13 -4.87953e-14
-1.22215e-13 -9.21901e-13 5.98126e-13
8.4646e-14 8.6128e-13 -1.92598e-13
-6.7017e-14 -9.89454e-14 6.36258e-15
4.35783e-12 4.7229e-12 4.1148e-13
-8.64398e-12 3.21132e-12 1.34302e-12
-2.42941e-13 2.52673e-13 6.78962e-13

VECTORS force float
-7.27082e-16 -8.30551e-15 -2.38736e-15
-4.02524e-18 -6.74244e-18 -6.8958e-18
-1.42328e-18 1.41589e-18 3.20729e-18
1.47551e-17 1.63021e-17 3.4408e-18
1.08464e-18 -3.14415e-19 -2.20389e-17
5.0908e-17 1.10788e-16 3.88916e-17
0.0 1.88622e-26 0.0
-1.37284e-16 3.6315e-17 7.6428e-18
-4.7219e-17 5.9367e-17 3.14699e-17
8.27181e-25 -6.61744e-24 -6.61744e-24
-2.34451e-17 4.72652e-18 4.81115e-19
6.46235e-27 1.75014e-27 0.0
-2.23034e-17 2.08254e-17 8.41363e-18
-6.61354e-18 -3.81362e-17 -5.55113e-17
-7.00316e-18 -8.60198e-18 -1.16685e-17
-3.53382e-17 2.02277e-17 -1.43284e-18
-3.07638e-17 5.4293e-17 -4.84138e-18
-8.97993e-18 7.09072e-18 4.96044e-18
4.88157e-18 9.19362e-19 -5.8656e-18
-1.5092e-18 4.11616e-18 -3.47654e-19
6.89616e-17 7.88501e-17 -4.19319e-17
-2.25924e-17 3.01978e-17 1.28284e-17
-2.95213e-17 -4.51725e-18 -2.0455e-17
3.07816e-18 -4.28115e-17 2.76521e-17
-6.71353e-18 6.78939e-18 3.53636e-18
2.20145e-17 9.36972e-17 -5.86668e-18
-1.75444e-17 -1.22281e-17 -3.18334e-17
-3.95647e-17 4.53867e-17 -1.13125e-17
1.15667e-17 3.92616e-18 -1.03394e-17
4.70939e-17 -9.08716e-18 -2.88861e-18
1.60501e-17 -1.05122e-18 1.01697e-18
5.62041e-18 3.13222e-17 3.71556e-17
5.30525e-18 -2.18525e-17 -8.9282e-18
-6.07356e-17 4.62162e-17 -7.17668e-17
1.29384e-19 1.48469e-19 -2.76035e-18
-1.6072e-17 -1.07495e-17 -1.0326e-17
5.95845e-18 -4.30928e-19 9.8316e-19
1.88811e-17 4.61177e-17 3.05091e-18
0.0 -3.32145e-27 0.0
-3.45945e-17 -2.52976e-17 -1.06424e-18
-6.05629e-20 1.73111e-17 2.21923e-19
-1.91168e-17 2.60216e-17 2.45925e-17
-3.07647e-17 -1.84747e-17 3.54015e-17
3.04231e-16 5.19227e-17 -1.35497e-16
-1.90285e-17 1.58993e-17 5.24188e-19
3.30873e-17 8.46929e-18 5.56752e-18
-7.36032e-19 -1.95958e-18 -5.61821e-20
-1.0417e-16 -2.18034e-17 -4.59926e-17
-5.29635e-17 4.39619e-18 -5.70913e-18
-6.06861e-17 3.69515e-17 1.1485e-17
5.30219e-17 4.18815e-18 2.41008e-17
2.43503e-17 3.48427e-18 1.36999e-17
-4.69175e-17 8.78934e-18 -9.09385e-18
2.27475e-24 -3.30872e-24 0.0
-1.73874e-17 3.42857e-17 2.03571e-18
-3.19323e-17 -2.40141e-18 -1.5509e-17
-1.87057e-17 4.86426e-18 2.17887e-18
4.71591e-17 9.75605e-17 -3.64141e-17
3.05134e-18 -2.12061e-18 8.27247e-20
1.99446e-19 7.41828e-18 -1.31515e-19
-1.78813e-18 8.5504e-18 -3.65495e-19
1.77795e-17 2.97626e-18 -5.30122e-18
8.48765e-17 -2.39983e-17 2.73572e-17
0.0 1.92224e-24 0.0
-5.08601e-17 1.35409e-17 2.56e-18
2.68317e-23 6.20385e-24 0.0
2.19721e-17 -6.81485e-18 -1.56185e-17
1.12525e-17 -4.58742e-18 9.24219e-19
-7.28213e-18 3.07523e-17 -3.1921e-18
7.50527e-18 3.03985e-18 3.51194e-18
-4.80479e-19 2.02456e-17 -3.90143e-18
-2.46743e-18 1.77025e-18 -5.18067e-19
-5.28003e-18 7.23353e-18 -3.04852e-18
2.64014e-16 -1.47259e-16 -1.40503e-16
-4.9482e-17 2.7454e-17 2.50544e-17
-8.31052e-16 2.58472e-16 1.58222e-16
-3.06227e-17 2.9599e-17 1.16967e-17
1.68591e-17 4.37052e-17 -1.12941e-17
0.0 -1.65436e-24 0.0
-5.01078e-17 1.18788e-17 -2.17867e-18
7.29359e-17 7.96619e-17 -5.00942e-17
-4.19535e-17 1.26381e-17 1.77826e-17
-6.14353e-18 1.59043e-18 -6.16476e-18
1.23132e-16 -7.2295e-17 3.18664e-17
2.1753e-17 -9.99115e-18 -5.10585e-18
-8.74735e-17 1.20133e-16 -3.31365e-18
-1.30382e-17 6.8274e-18 8.25013e-18
6.16654e-17 8.66999e-17 8.09639e-18
2.99414e-17 5.0859e-19 -3.9794e-17
1.21823e-17 1.4412e-17 4.38575e-18
-1.6674e-17 -7.41174e-19 5.73407e-18
-1.70705e-17 1.1641e-17 3.23164e-18
-6.46235e-27 2.27074e-27 0.0
5.47929e-17 -4.83581e-17 4.16356e-17
-9.75123e-18 6.66695e-18 -1.0886e-18
1.49926e-24 -4.1359e-25 0.0
1.13904e-17 3.89472e-19 -1.81875e-17
1.05755e-17 1.80596e-17 -4.73004e-18
6.64802e-18 -3.39465e-18 7.94537e-19
-2.13617e-17 -1.42942e-18 4.66038e-18
1.10085e-17 7.03679e-18 2.30903e-18
-2.96246e-17 1.27169e-17 2.84005e-18
4.35025e-17 2.35586e-17 -3.63168e-18
0.0 2.87973e-25 0.0
-3.61455e-17 2.86059e-17 -1.82924e-17
-7.5939e-17 -7.79405e-17 4.85705e-18
4.31409e-16 1.95003e-16 8.37846e-17
1.94115e-17 -4.23171e-17 -1.92285e-17
1.8296e-17 2.02495e-17 -3.38792e-17
-8.36429e-17 -4.751e-17 -6.72014e-17
-8.75158e-17 -1.02404e-17 -8.13779e-18
1.24223e-16 9.97026e-17 -1.81989e-17
-5.12864e-18 6.44643e-17 -2.3592e-17
1.00017e-16 -6.37669e-17 -1.05048e-17
-4.92491e-18 -4.74645e-18 3.21694e-17
3.11775e-16 -3.3697e-17 -1.16233e-17
-9.5643e-18 7.83351e-18 -3.40613e-18
1.98391e-17 -1.07807e-17 8.51588e-18
3.65265e-18 -6.34649e-18 3.78245e-18
1.47589e-17 3.3502e-17 1.12764e-17
2.04778e-18 1.01466e-17 -4.04977e-18
6.48644e-17 1.22391e-17 4.62234e-18
-9.96813e-18 1.25588e-17 -2.15007e-18
-3.37341e-17 -5.39868e-17 -1.52197e-17
7.52474e-17 5.93816e-17 2.88e-17
7.21196e-18 3.70703e-18 -1.14379e-18
1.98947e-17 6.45543e-17 2.73022e-17
-4.37028e-17 2.38406e-17 8.83336e-19
-1.8008e-17 4.40838e-17 1.63936e-17
-3.2452e-17 9.03858e-17 -1.95847e-17
-1.91734e-16 -2.75267e-18 -1.74463e-17
1.05738e-17 1.68075e-18 1.29337e-17
-1.28129e-17 2.85601e-17 -2.36005e-19
1.19015e-17 -1.77726e-17 1.10953e-17
6.18608e-17 1.5219e-16 6.67333e-17
0.0 3.43983e-27 0.0
-5.06603e-17 1.42302e-17 2.59693e-18
8.24519e-17 2.65015e-17 2.09757e-17
2.80319e-17 -1.68109e-17 -4.70259e-17
1.59539e-18 1.87536e-18 2.73973e-18
1.74332e-17 1.3106e-17 9.77456e-19
8.65149e-18 1.24114e-17 2.88896e-18
-2.60235e-18 4.32183e-17 6.00271e-18
2.80176e-17 -2.87083e-17 5.60719e-17
-4.38362e-17 -3.66816e-17 -2.96353e-17
-1.02768e-17 -3.37371e-18 3.01088e-18
-3.41306e-17 3.13206e-17 3.3129e-18
-1.72517e-17 1.20258e-17 2.2077e-17
0.0 -3.90709e-26 0.0
9.96296e-18 -1.54343e-17 4.42142e-18
-5.54012e-20 4.90756e-19 -6.97955e-19
-1.96128e-17 3.84799e-17 3.28979e-17
7.34442e-18 -3.32716e-17 1.40876e-16
-2.80856e-17 3.93905e-17 -5.38087e-19
1.32892e-16 -5.9264e-17 -1.88982e-16
-2.2594e-17 -4.80658e-19 4.54987e-18
-5.05779e-18 4.71796e-17 -1.1125e-17
-3.99364e-18 -3.60682e-17 -2.50367e-18
0.0 -2.33462e-26 0.0
-1.48442e-17 -2.90185e-18 -4.17644e-18
-5.574e-17 -4.53503e-17 -6.87826e-17
-8.37121e-17 5.48122e-17 -2.48529e-17
-1.35706e-16 1.67294e-17 -3.47336e-19
-4.60299e-17 -1.34889e-17 1.39317e-17
-5.47437e-18 -2.71294e-17 -3.71457e-17
-3.35563e-17 3.84048e-17 2.92198e-17
-2.0187e-18 3.96218e-17 1.97943e-17
-1.06134e-16 -1.01536e-16 -6.3891e-17
-3.28582e-18 6.69623e-18 2.45759e-18
-5.29801e-17 -5.58249e-17 -8.1219e-17
-2.97721e-18 9.86738e-18 -1.69716e-17
-4.42081e-18 8.69493e-19 -2.10737e-18
-2.22688e-17 -3.25333e-17 9.86646e-18
4.19356e-17 -2.7537e-17 -6.59544e-17
-2.92899e-17 -5.82685e-18 1.25096e-17
1.1897e-17 -4.12834e-17 -1.60019e-17
-1.20572e-17 -9.8358e-18 -2.18683e-18
-2.36112e-19 -5.92158e-18 -2.90223e-18
9.51838e-18 2.37669e-17 -2.41839e-17
-2.4461e-18 1.45532e-17 -5.27357e-19
-4.83756e-17 -3.44769e-17 9.8624e-18
6.03524e-18 -1.72987e-19 2.76739e-18
9.99664e-17 1.63148e-16 9.63846e-17
-1.81151e-17 -1.33629e-18 3.33292e-18
-2.24169e-17 1.00245e-17 -1.51604e-17
-3.30639e-18 -1.26664e-17 -4.64428e-17
-3.33656e-18 5.56268e-17 -1.30063e-17
-2.53205e-17 6.81507e-17 -2.7393e-18
3.04478e-17 1.91219e-17 2.83127e-18
-2.14483e-17 1.80224e-17 1.3867e-18
1.37508e-17 2.26527e-18 8.29462e-18
-1.71135e-17 -3.474e-18 -5.87569e-18
-3.27526e-17 4.38297e-17 1.76927e-18
4.93709e-18 2.99874e-17 6.21132e-18
-4.05226e-17 -1.31286e-17 -5.5779e-17
1.40978e-17 -1.70102e-17 -8.3734e-18
5.32719e-18 2.69778e-17 -1.64404e-18
1.34395e-15 -6.74228e-16 2.12873e-17
-4.20271e-18 6.89824e-17 4.25501e-17
8.15735e-18 2.64078e-18 2.67991e-18
6.99808e-19 1.39079e-17 2.25628e-18
9.28752e-18 4.25464e-17 1.77513e-17
-3.31348e-17 -2.52775e-18 -3.5633e-18
1.47374e-15 -2.95175e-16 8.39645e-17
-1.23115e-16 5.50083e-17 -1.98763e-17
1.44413e-17 8.02955e-18 4.19413e-17
-7.55996e-17 1.25883e-16 -5.79741e-18
-3.59061e-17 3.72491e-17 3.55924e-17
-3.50983e-17 7.58357e-17 -1.824e-17
-1.61681e-17 6.16988e-18 -3.43942e-17
2.9119e-16 -3.31642e-16 1.20378e-16
-5.38665e-17 4.46791e-17 -5.52788e-18
1.77881e-17 8.00783e-17 5.25955e-19
-3.15853e-17 -1.76689e-18 -1.06084e-17
0.0 1.83627e-24 0.0
-3.45339e-17 4.87599e-17 5.91521e-17
-1.58954e-19 7.77586e-17 -1.89733e-17
-8.03606e-17 4.40036e-17 -3.69969e-17
-9.02185e-18 4.70642e-17 -2.82707e-17
4.45739e-17 -1.08086e-18 1.3386e-17
1.74517e-17 -6.55909e-18 -2.25979e-17
-5.97771e-18 7.24185e-17 4.83885e-18
-1.50227e-17 3.0197e-17 6.06779e-18
-1.05568e-17 2.6955e-17 -1.01546e-17
4.54877e-18 2.04623e-17 -2.02828e-17
6.46235e-27 -1.73017e-27 0.0
5.21761e-17 5.07222e-18 6.82691e-17
0.0 6.10334e-25 0.0
3.03215e-17 4.10774e-17 -1.36383e-17
8.93159e-17 -6.58362e-17 -7.30668e-17
-3.63821e-18 2.68888e-17 -7.2798e-17
1.47342e-23 4.96308e-24 0.0
5.40805e-17 -2.08153e-16 -7.05685e-17
-1.02391e-17 1.29521e-17 -5.94437e-18
6.30558e-17 9.49569e-17 1.44333e-17
5.8123e-18 3.57144e-18 -3.10372e-17
-1.65436e-24 0.0 0.0
1.28473e-17 8.78681e-18 8.22482e-19
2.37929e-17 3.47599e-17 -1.05417e-17
8.5521e-19 -1.4403e-17 7.6079e-18
-2.12388e-16 3.27698e-17 -4.11947e-18
-4.16902e-18 1.34402e-17 -6.99596e-19
1.29692e-17 7.67555e-18 8.66783e-19
-9.10941e-17 3.61501e-17 -1.47429e-17
2.28838e-17 5.35603e-17 7.87303e-18
1.86116e-23 -2.48154e-24 0.0
1.28615e-16 1.32158e-16 4.60472e-17
5.34967e-18 -2.05194e-19 -1.36981e-18
-6.15608e-19 -5.25238e-17 9.20537e-18
-3.78343e-17 1.91497e-17 -1.90185e-17
-2.06146e-17 4.36162e-17 4.34801e-18
-2.06795e-25 -8.27181e-25 0.0
-4.7305e-18 1.96146e-19 1.23084e-18
-1.3622e-17 7.06489e-18 -2.44845e-17
-5.43088e-17 6.16421e-17 7.54097e-18
2.80431e-17 3.69683e-17 3.3444e-17
-6.46235e-27 8.14203e-28 0.0
-5.40582e-17 5.14593e-17 -3.38172e-17
-4.44883e-17 2.33688e-17 2.93444e-17
-5.38196e-17 5.84177e-18 -2.65339e-17
-2.9937e-17 -3.60037e-17 4.0427e-18
-1.5379e-17 1.57185e-18 -2.20091e-18
-1.0739e-17 1.30066e-17 -3.01767e-17
-3.77606e-17 2.33485e-18 -1.1724e-17
5.92921e-16 -5.05275e-16 -4.57851e-16
-4.53181e-17 4.55693e-18 -3.98276e-17
-1.66799e-17 4.86302e-17 1.18401e-17
-1.00336e-16 4.65807e-17 -7.74808e-17
-1.17642e-17 1.12911e-18 -1.55734e-17
1.83555e-18 4.6208e-17 -1.66694e-18
-8.07428e-17 6.53751e-17 -2.03557e-17
-7.80706e-17 3.72605e-18 -2.11578e-17
6.49275e-17 -1.12572e-16 8.63132e-18
7.40901e-17 -6.76971e-17 6.1211e-17
-1.30565e-16 -4.0147e-17 -4.64535e-17
1.04962e-17 -1.82897e-17 -3.19024e-17
-4.05798e-17 2.75098e-17 -1.67337e-18
2.61194e-17 -2.86351e-16 6.29294e-17
5.36589e-17 -5.24648e-17 2.39886e-17
-1.13038e-16 -4.03346e-17 -1.34667e-18
-2.98709e-17 2.18722e-17 -1.28084e-17
2.49532e-17 6.557e-17 -9.26045e-18
3.14661e-17 -3.05726e-17 2.65975e-19
-3.84716e-17 8.40365e-18 1.42404e-17
-1.13363e-16 8.99478e-17 2.31045e-16
-1.84251e-17 2.46129e-19 2.45943e-17
2.49169e-16 -1.00098e-16 -9.36462e-17
-4.73603e-17 -4.4956e-17 1.70668e-16
-1.86491e-17 1.00531e-16 -2.14445e-17
-1.02427e-17 3.96147e-18 -4.68396e-19
-3.26419e-17 -3.58344e-17 -6.45957e-17
-3.04659e-17 6.74388e-17 -1.63452e-17
1.0765e-16 -6.81853e-18 3.76975e-17
-3.72075e-17 4.48493e-17 9.4694e-18
-1.37347e-17 4.26757e-17 -9.15193e-18
3.2041e-18 -4.06296e-18 -2.25663e-18
-1.58496e-16 4.03365e-18 -4.19692e-17
-8.06222e-20 2.38163e-17 7.10149e-18
-2.70726e-16 -9.68436e-17 1.33197e-17
1.0608e-16 -6.06311e-17 -4.82606e-17
1.07233e-17 -2.39748e-19 -5.85864e-18
2.20206e-17 2.73123e-17 -7.10752e-18
1.1276e-16 4.22134e-17 1.4557e-16
2.89652e-18 2.4045e-17 -6.61718e-18
-3.12505e-17 -6.22682e-17 -1.71318e-17
-1.35261e-17 2.62295e-17 -4.9076e-18
-7.62515e-18 8.65496e-19 5.3272e-18
-1.03865e-17 -6.11391e-18 2.62443e-18
-4.66373e-17 4.07217e-17 -6.893e-18
-4.07564e-17 1.07111e-16 -1.49107e-17
-8.12964e-17 -7.36741e-17 -5.31827e-17
-4.43136e-17 4.08451e-17 -2.80479e-17
-5.71014e-19 -5.29671e-18 -4.72521e-18
2.98474e-17 -1.07487e-17 -2.76485e-17
4.99772e-17 1.3019e-18 -4.53771e-18
-7.22059e-17 6.15016e-17 -3.01082e-17
2.36866e-17 -1.33043e-17 -2.23392e-17
-2.49189e-17 -3.55731e-17 -1.58559e-18
6.00947e-18 6.22437e-17 3.28753e-17
4.55042e-18 -6.78961e-17 2.50182e-18
3.77017e-16 2.30241e-16 1.71325e-17
-1.00991e-16 2.50449e-17 -2.1264e-17
-6.55765e-16 6.77101e-17 -2.61861e-18
2.05801e-18 -7.96743e-18 1.49542e-17
2.04633e-17 2.69859e-20 1.02337e-17
1.13448e-16 -4.98809e-17 -5.70248e-17
-2.45952e-17 2.93124e-17 -3.37609e-18
1.61982e-16 7.38521e-18 2.77332e-17
-2.73424e-17 -1.62472e-19 1.69905e-17
-1.87752e-17 7.49085e-17 -6.36241e-18
-4.70448e-17 3.93263e-17 1.32256e-17
-1.36284e-16 -1.26096e-16 -2.37763e-17
-1.91643e-18 2.54364e-17 1.62927e-18
1.25807e-17 9.6353e-18 -2.08865e-17
2.25571e-17 1.33085e-17 1.07631e-16
1.0035e-16 -3.99221e-17 5.57666e-17
3.32362e-16 -1.04653e-17 -1.04572e-16
7.66696e-18 -3.38563e-17 7.13683e-18
6.46235e-27 2.4877e-24 0.0
-9.44026e-17 3.03226e-17 -1.30561e-16
1.00938e-17 -6.20534e-18 -2.94368e-17
-2.77032e-17 2.88091e-17 1.1851e-18
-3.73229e-17 -1.3168e-17 3.65619e-17
2.76537e-16 -2.52929e-17 1.42518e-16
2.77591e-17 -1.67072e-17 1.50859e-16
1.87316e-17 1.63609e-17 -5.80295e-17
6.23422e-17 6.00943e-18 -3.90416e-17
-3.44289e-17 8.69674e-17 1.8627e-17
-9.87662e-17 -5.40187e-17 -6.99272e-17
-2.05788e-17 6.8485e-18 -4.22886e-17
-1.28782e-22 -3.30872e-24 0.0
-1.31242e-16 8.83044e-17 -6.91046e-17
-6.15671e-17 1.00524e-18 -1.00273e-17
-3.22876e-18 -2.52895e-18 2.87533e-17
1.57103e-17 -6.16446e-18 -5.4034e-18
2.19029e-23 0.0 0.0
2.00735e-17 4.40417e-17 -3.60259e-17
-3.0948e-17 2.80209e-19 -4.75029e-17
-3.10432e-18 -1.04991e-18 -9.3445e-19
7.22038e-17 -6.97307e-17 3.66025e-18
1.25685e-17 2.62675e-17 -2.75875e-17
3.30872e-24 -6.61744e-24 0.0
-3.35882e-17 -6.8789e-18 2.80736e-17
-2.24875e-16 -6.488e-17 -4.74184e-17
7.03596e-17 -1.6011e-16 1.86435e-16
5.03919e-17 -2.93756e-17 1.53003e-17
9.11908e-17 -1.9977e-16 -4.77012e-17
5.30687e-17 -9.35312e-17 7.77797e-17
1.02827e-16 -7.05202e-17 5.45795e-17
1.91257e-18 -4.36305e-18 -4.18897e-18
5.21485e-18 -2.97884e-17 2.92547e-17
1.09763e-16 -1.37965e-16 2.14776e-16
-3.24946e-17 -8.47228e-18 -2.7579e-17
6.5279e-18 4.59679e-18 1.75739e-17
-8.85595e-18 -5.71084e-17 -9.0907e-18
1.05702e-17 5.37356e-17 -2.18207e-17
-6.51158e-17 4.99805e-18 3.14673e-19
2.9535e-18 -5.24402e-17 -3.1838e-17
-5.06728e-17 -2.68306e-17 2.7652e-17
-1.53972e-17 -1.0892e-17 -1.97757e-18
1.06342e-15 -6.64115e-16 -5.80714e-16
3.56242e-17 4.16279e-17 5.7853e-19
1.75178e-17 4.57665e-17 4.95141e-18
2.12724e-17 7.16021e-18 -2.09659e-18
-4.35702e-17 3.03176e-17 5.98238e-18
-1.58895e-17 5.92423e-17 2.32548e-18
5.86147e-18 -6.63642e-18 -4.66493e-17
0.0 -6.55559e-26 0.0
-4.07968e-17 -4.61131e-17 9.44594e-18
1.1245e-16 3.97065e-17 -7.24645e-18
-7.01399e-17 2.747e-17 -2.00612e-17
3.58433e-17 8.11219e-19 8.14765e-17
-7.67002e-18 6.33136e-17 -1.15734e-18
4.20521e-17 -3.55922e-17 4.54674e-17
-6.54452e-17 -1.56026e-17 7.54315e-18
-1.84546e-16 -5.5665e-17 -9.51568e-17
1.1293e-16 1.42492e-18 -9.22453e-18
7.00854e-17 7.5451e-18 3.28394e-17
-1.10937e-17 1.03622e-16 -3.00395e-17
9.36115e-19 7.22454e-17 -6.9714e-18
4.23145e-18 1.70385e-17 7.15543e-18
-3.9819e-17 9.54378e-18 -2.3142e-17
-4.37526e-17 3.94183e-17 1.80931e-18
2.37094e-17 8.35047e-17 -1.3729e-17
-4.21026e-17 -1.75656e-17 -1.0901e-17
3.35774e-17 -5.62812e-17 6.39852e-17
0.0 -5.3437e-24 0.0
2.2995e-17 5.60005e-17 -3.44607e-18
-1.45246e-16 -5.30432e-16 -8.87694e-17
1.41841e-18 5.70075e-18 9.30267e-19
-2.87632e-17 1.00449e-16 -1.37287e-17
1.21289e-17 5.98272e-17 6.7014e-17
-8.0848e-17 -1.61057e-18 -1.62521e-17
1.68353e-17 3.88428e-17 -5.36078e-18
1.66563e-18 -1.37937e-18 -1.23949e-18
0.0 0.0 0.0
2.04682e-17 8.62188e-17 -3.44361e-17
-4.86677e-17 1.1184e-16 -3.64658e-18
6.92546e-17 3.64387e-17 -1.78329e-17
-7.50641e-18 2.55482e-17 -2.31552e-17
-1.18184e-17 -9.18136e-18 3.7499e-17
2.40931e-16 1.47511e-16 -1.11528e-16
-7.09436e-17 -2.93034e-17 -2.33129e-17
-8.00388e-17 5.18631e-17 -9.5679e-19
-2.69669e-17 2.06817e-17 -2.07089e-17
1.76028e-17 -1.20906e-16 -2.32857e-18
-2.62826e-17 3.62174e-18 3.30766e-18
-1.31005e-17 -2.38247e-17 -3.18711e-17
6.57399e-19 -1.38056e-18 7.72256e-19
0.0 -2.08068e-23 0.0
1.63717e-17 -1.86219e-17 -1.45479e-17
2.0963e-18 2.22997e-17 -1.28481e-18
-8.99694e-17 -5.37924e-17 -1.34993e-17
-3.23765e-18 -5.94006e-17 1.511e-17
-1.64185e-17 -4.21739e-17 -1.60732e-17
3.279e-17 -1.07785e-17 3.1937e-17
-1.6238e-17 -9.44839e-19 -2.0133e-17
2.94631e-17 1.55428e-17 -2.0088e-17
2.81146e-16 3.2591e-17 -1.38196e-17
-3.09824e-17 -4.462e-17 -3.04815e-17
-2.23997e-17 7.94077e-17 -1.76119e-17
-2.40101e-17 3.76031e-17 -2.54367e-17
-7.71276e-17 -6.14984e-17 -1.96597e-17
1.32513e-16 6.52121e-17 -7.87746e-17
6.76288e-17 -1.15691e-16 1.64403e-16
8.1241e-18 4.26397e-18 -5.37407e-18
1.83158e-16 7.13386e-17 -4.40278e-18
5.37716e-17 3.56588e-18 -1.40343e-16
4.24602e-22 4.96308e-24 0.0
9.51559e-18 -6.56873e-18 -4.46016e-20
-1.62851e-24 1.65436e-24 0.0
6.72084e-25 0.0 0.0
2.33359e-16 -6.30889e-17 1.83073e-16
8.05246e-18 -1.27822e-17 -1.39852e-17
-1.49268e-16 -6.61497e-17 -1.38742e-17
6.31485e-17 1.7577e-17 8.5337e-18
2.77776e-16 -1.5178e-16 6.6805e-17
-4.05181e-18 7.75197e-18 -7.51636e-18
1.04954e-17 1.50945e-16 6.57396e-18
-7.6394e-17 -7.93824e-17 -2.56707e-17
-1.52079e-16 3.84655e-17 9.5169e-17
-4.73869e-16 5.34631e-18 -7.82325e-17
1.39255e-17 -9.93747e-18 -1.09189e-17
-8.46844e-18 -1.18978e-18 -2.6389e-18
-1.03746e-16 -3.80674e-17 -4.03744e-17
3.80441e-16 1.39516e-16 -3.10745e-17
-2.37794e-16 -1.1118e-16 -1.18283e-16
-1.18037e-17 3.09664e-17 4.10123e-18
-4.03447e-18 2.33127e-17 5.47536e-17
-7.06958e-18 1.42692e-17 -4.75497e-17
-4.72347e-17 -4.54828e-17 6.37675e-17
1.96115e-16 -1.36384e-16 1.51707e-16
-8.27181e-25 1.65436e-24 0.0
-1.84907e-17 2.2576e-17 -3.39236e-17
9.83862e-17 -2.87596e-17 2.36652e-17
-4.36547e-17 -7.77715e-17 1.09542e-18
-1.61789e-16 -8.19728e-17 -3.27125e-17
-1.57172e-16 -1.15711e-16 -4.65427e-17
-6.1475e-18 3.96361e-17 -1.38005e-17
-5.52143e-23 -1.65436e-24 0.0
8.55465e-17 -1.18266e-17 -4.89047e-17
-3.30505e-17 5.37419e-18 -3.52093e-17
2.15804e-18 2.57021e-17 -9.32736e-18
-2.70734e-18 3.01385e-18 1.882e-19
2.97626e-17 -6.5802e-17 7.41632e-17
3.01581e-17 3.44521e-18 5.84055e-17
-3.74335e-17 5.47995e-17 1.54375e-17
1.2301e-17 1.3677e-17 -2.25982e-17
1.01786e-15 3.40568e-16 -3.36051e-16
-1.18133e-17 2.13886e-17 -8.49243e-18
2.34198e-16 -8.09778e-17 7.60814e-17
-9.58579e-17 1.05391e-16 2.17142e-18
9.4282e-19 -1.5965e-16 -3.39711e-17
2.11132e-17 -1.11321e-18 3.18728e-18
-3.55149e-16 -8.75453e-16 -1.85012e-16
-7.49363e-17 -1.07134e-17 -5.43692e-17
-1.12103e-16 -1.96704e-17 -1.13688e-16
1.61366e-17 -2.33892e-17 -2.37475e-17
3.02955e-23 -4.57017e-23 0.0
4.94338e-17 -7.44818e-17 -1.39107e-17
1.37425e-17 2.4456e-17 2.84215e-18
1.20964e-16 -4.04804e-17 -1.45471e-17
-1.67223e-20 2.07679e-18 2.98705e-19
-6.2772e-17 -5.20274e-17 -1.4886e-16
4.41393e-17 7.92202e-17 3.75636e-17
1.56502e-16 -1.98923e-17 -2.95545e-17
-9.42933e-18 3.81889e-18 -2.87534e-17
0.0 3.55857e-25 0.0
-1.02236e-17 -2.33356e-17 -1.34996e-17
1.75541e-17 -2.36671e-17 4.22274e-17
-1.62124e-16 -2.85291e-17 -5.03185e-17
1.94982e-17 -5.49352e-17 2.41174e-17
-3.5472e-17 6.72131e-17 1.06421e-17
-3.95554e-17 1.37657e-16 -9.48438e-17
-2.43905e-17 1.53994e-17 -5.10325e-17
-8.08508e-18 4.22552e-17 -1.19185e-17
-4.64489e-18 1.65722e-17 -3.81482e-19
-1.65436e-24 -1.65436e-24 0.0
9.23581e-18 1.37578e-18 -3.59108e-18
-2.95044e-17 -3.40988e-17 3.92369e-17
-1.80642e-17 3.51078e-17 2.14219e-17
7.99806e-17 -5.16289e-17 -6.16819e-17
1.04161e-16 -3.29239e-17 5.54833e-19
1.67737e-17 2.74879e-17 3.68705e-19
-3.66475e-17 7.02589e-17 -3.04809e-17
3.37895e-18 -2.05007e-17 1.1798e-17
-1.49583e-17 -4.25061e-17 -1.94556e-17
1.87773e-16 4.6966e-17 1.50724e-17
-3.1136e-17 3.70255e-17 -4.03384e-18
0.0 -1.09739e-24 0.0
9.95677e-17 1.93761e-17 -1.10749e-16
7.75482e-25 0.0 0.0
3.68348e-17 -1.23703e-16 1.66264e-16
1.31562e-16 -3.90683e-17 -3.9735e-17
3.86353e-18 -2.90357e-17 1.01125e-17
2.88451e-17 4.49571e-17 3.42925e-18
1.18702e-17 -2.81752e-17 2.72398e-17
-6.46235e-27 3.80734e-25 0.0
-9.01939e-18 -4.41471e-17 -4.48432e-17
-9.37049e-18 8.25227e-17 -1.64734e-17
-9.47744e-18 -4.57304e-17 -3.05367e-17
2.24229e-17 7.31655e-17 -7.61848e-18
-6.03115e-17 9.44534e-17 7.7762e-17
5.51915e-16 -7.01823e-17 5.97317e-17
-2.59451e-17 5.48731e-17 -2.83093e-17
4.84597e-17 4.19481e-17 -2.66015e-17
-3.10193e-25 3.30872e-24 0.0
6.27258e-18 -2.53442e-17 -2.12564e-17
2.24587e-17 1.28941e-18 -3.91329e-18
-1.12181e-16 1.64533e-17 -2.93698e-17
-5.82963e-17 2.27034e-17 4.75263e-17
5.32725e-18 -3.66979e-18 1.3636e-18
3.57967e-17 -2.70689e-17 -1.21553e-17
1.98834e-16 -5.80516e-16 2.24095e-16
-8.56595e-17 3.65528e-17 -1.58251e-16
1.81239e-16 3.68534e-16 -5.324e-17
-1.09003e-16 2.4515e-16 -2.69398e-17
-3.66627e-17 -9.99986e-17 -2.49084e-17
3.52933e-16 -1.77364e-16 1.12676e-16
-7.97804e-18 4.78393e-17 -2.2414e-17
2.23502e-17 3.58841e-17 -9.1664e-18
-3.30872e-24 3.30872e-24 6.61744e-24
-1.49565e-22 -1.32349e-23 0.0
-2.48154e-24 1.65436e-24 0.0
2.35615e-17 3.68975e-17 8.47454e-18
-3.0601e-18 3.66249e-19 -2.04738e-18
-2.99535e-18 5.76978e-18 -5.62291e-18
-5.25579e-17 4.67815e-18 4.31287e-17
-7.97145e-17 4.02746e-17 2.17444e-17
3.20368e-17 4.62659e-17 2.75838e-17
7.40361e-17 -5.57068e-17 4.26535e-17
3.97723e-17 -4.27711e-17 -2.83552e-17
-2.251e-17 3.22383e-17 -3.06607e-17
-1.90819e-16 -1.03281e-16 1.71767e-16
4.19794e-23 7.44463e-24 0.0
4.32984e-17 1.34125e-18 1.29535e-16
2.36682e-16 -2.25112e-16 -5.77334e-16
3.96318e-17 -2.97541e-17 -6.06632e-18
-3.84423e-17 2.41233e-18 4.83187e-17
-1.98888e-17 -6.82574e-18 7.05084e-18
-8.44632e-17 3.06499e-18 7.05138e-18
-1.41161e-16 3.09967e-17 -1.23114e-16
-6.91916e-17 -3.97519e-17 -2.10906e-18
3.35981e-18 -2.5499e-17 1.79184e-17
1.05342e-16 2.32004e-16 -1.50092e-16
-1.05104e-15 1.15492e-15 -1.77784e-16
-4.52891e-17 -4.47658e-17 6.21097e-18
-1.12221e-16 -7.14712e-17 -2.38071e-17
-3.42547e-17 -3.00107e-17 4.14041e-17
5.45743e-18 -5.88066e-17 -1.31591e-17
-8.83594e-17 8.17321e-17 -8.5972e-17
6.15721e-18 8.11055e-18 -8.66823e-20
2.50823e-16 -1.63853e-16 -9.42913e-17
-1.93279e-17 1.1639e-17 7.99501e-17
-4.48833e-17 -1.09804e-18 7.84891e-18
-1.09975e-17 3.36819e-17 -2.16508e-17
0.0 1.03337e-25 0.0
3.18354e-17 3.28946e-17 -3.421e-17
1.15934e-17 -1.11198e-17 2.46757e-18
-2.05235e-16 3.27166e-16 -7.34473e-17
1.56208e-17 -5.33694e-17 -1.00677e-16
1.93147e-17 -4.73032e-17 -4.65333e-17
-6.41183e-17 -8.00274e-17 -5.03864e-17
-7.83674e-17 -3.86872e-18 -3.27379e-17
7.69195e-16 2.62883e-16 -8.57791e-17
-1.09833e-17 -2.21134e-17 -4.83972e-17
-3.01921e-23 4.54949e-23 0.0
1.17918e-16 1.32557e-16 9.42491e-17
-1.05478e-16 1.13743e-16 -1.1788e-16
1.61231e-16 9.678e-17 -1.94169e-17
2.48154e-24 0.0 0.0
2.56441e-17 1.07301e-17 -4.40114e-17
2.59241e-18 -8.50353e-18 -1.13625e-17
-1.06773e-17 -4.31768e-18 -8.32607e-19
3.41229e-17 -1.67396e-17 -5.36009e-18
-8.56443e-18 -3.39556e-17 3.74395e-17
5.295e-17 2.47467e-18 3.20673e-18
-1.80364e-16 1.2204e-16 -6.17846e-18
-1.87602e-18 2.07564e-17 2.15308e-18
-3.30872e-24 6.61744e-24 -6.61744e-24
3.75069e-18 7.16927e-17 2.57508e-17
-1.36599e-17 2.1557e-18 -9.396e-18
7.99889e-18 4.10517e-18 -5.95636e-18
2.06137e-17 5.78621e-17 -2.32078e-17
4.25011e-17 4.88465e-17 -2.75886e-18
-5.17762e-17 1.03933e-16 -2.01083e-17
-7.86881e-17 6.93709e-17 1.89491e-16
9.91568e-17 6.75123e-17 -6.18098e-17
-1.09638e-17 -1.46833e-17 -1.3684e-17
8.40689e-17 6.10238e-17 -1.23926e-16
1.98707e-16 -1.52752e-16 6.63836e-17
1.43882e-16 -2.95261e-17 -1.61171e-17
-9.87032e-19 9.01323e-18 1.16184e-17
-1.42191e-16 -5.69068e-17 -1.1512e-17
-5.84304e-17 -1.28442e-16 -4.67153e-17
-3.50077e-17 2.85887e-17 1.90548e-17
3.41636e-16 2.44636e-18 -2.65168e-17
4.55466e-23 6.20385e-24 0.0
-1.29731e-17 9.67231e-18 8.52451e-18
8.27181e-25 1.65436e-24 0.0
7.27516e-16 1.91427e-17 1.88546e-16
5.9882e-17 -8.65557e-17 7.5515e-17
-2.36629e-17 1.38237e-18 -7.58788e-18
-3.08125e-23 1.24077e-24 0.0
-5.66276e-17 1.44444e-17 -5.82326e-17
-1.80285e-17 -2.25229e-17 1.99718e-17
-4.84714e-16 1.04053e-17 -4.13933e-17
5.72348e-18 1.07832e-17 -3.10444e-17
1.13344e-15 -2.03957e-17 -2.80261e-16
2.16501e-16 5.40015e-17 -7.27672e-17
1.17405e-16 3.0607e-16 1.31151e-16
-2.83026e-17 -1.00812e-17 -1.46614e-17
-1.13433e-17 4.93517e-18 -1.83966e-17
0.0 0.0 0.0
0.0 0.0 0.0
-2.90389e-17 -4.22582e-17 5.00312e-19
3.32e-17 -1.8519e-17 -3.71496e-17
2.97934e-16 -9.52064e-17 -1.90465e-16
-1.22377e-17 4.73004e-17 5.99618e-18
6.23069e-17 7.6476e-17 4.88267e-17
7.8114e-18 2.13805e-17 -8.9449e-19
-4.37709e-17 -3.34141e-17 2.40184e-18
-2.91064e-17 -2.92266e-19 -1.83377e-17
-1.85486e-18 2.40232e-17 -9.28034e-18
5.40613e-18 5.75296e-18 2.47636e-17
1.33797e-18 -1.32579e-17 -9.63328e-18
-7.11118e-16 3.73355e-16 -1.67215e-16
2.47398e-17 2.74746e-17 -3.33323e-17
4.44412e-18 -2.31575e-16 -6.78807e-17
-7.24891e-17 -2.60856e-18 1.2933e-17
1.36991e-16 -7.06451e-17 3.28842e-18
5.16603e-17 -2.30176e-19 -6.78439e-17
-1.52366e-18 -6.41971e-19 -4.08166e-18
5.34295e-18 7.67742e-17 -6.40488e-17
-1.49236e-17 5.64424e-17 -1.40795e-17
-8.83294e-17 1.09289e-16 2.83295e-17
-1.45366e-16 -1.17391e-16 -1.7744e-16
3.25969e-17 4.35735e-17 1.24824e-18
5.22131e-17 -3.30586e-17 -5.71331e-17
-8.38284e-17 2.30637e-17 -8.10597e-18
9.56428e-24 1.65436e-24 0.0
1.22532e-16 1.67502e-16 -1.52699e-16
-4.57689e-17 -5.54822e-18 -4.14837e-17
-4.0632e-17 4.39086e-17 -1.98866e-17
-1.15986e-17 -1.71663e-17 1.78159e-17
-4.77427e-17 -7.39818e-17 -3.35769e-18
-2.06795e-25 0.0 0.0
-2.94705e-17 2.64523e-17 -3.4274e-17
1.23245e-17 -1.72597e-17 5.20351e-18
1.37232e-17 -1.26899e-17 3.55857e-17
5.19355e-17 -1.11394e-16 7.49035e-19
3.43509e-16 -5.88342e-16 1.7638e-16
2.06437e-17 3.7673e-17 2.67637e-17
3.12393e-16 1.38134e-17 -1.89019e-16
-4.04598e-17 -8.39124e-17 -1.88378e-17
-2.24047e-17 -2.41858e-18 1.92251e-17
6.46235e-27 -4.22937e-24 0.0
-3.44572e-17 -1.53763e-17 -2.23852e-17
-1.95824e-16 -2.26833e-17 -7.43808e-17
1.08241e-17 3.10586e-17 -3.48155e-17
1.76775e-17 9.5637e-18 1.9666e-18
4.42073e-17 -6.42229e-17 -1.22423e-17
-1.06081e-16 -2.97328e-17 -4.6937e-18
2.57606e-16 -9.80945e-17 1.62816e-16
-1.65556e-18 8.86812e-18 8.74448e-18
-5.82375e-19 -2.08323e-18 -2.70217e-17
4.1397e-16 -1.14712e-16 -2.11388e-16
-4.63222e-17 4.11354e-17 9.04257e-18
2.08742e-16 6.07811e-17 -1.68281e-16
-7.49992e-18 -5.89313e-18 1.91915e-19
-1.64095e-17 1.26691e-17 -6.36866e-18
-1.3086e-16 -4.85574e-17 -2.72513e-17
1.5697e-17 -3.27245e-17 -4.60071e-18
9.00058e-16 1.16805e-16 2.48482e-17
4.33159e-17 1.96415e-17 2.0963e-17
9.95694e-17 4.8429e-18 -8.35746e-17
1.80782e-17 4.47244e-18 5.00231e-17
7.78593e-18 -1.19433e-18 3.30831e-17
1.76867e-16 -6.4541e-18 -1.80442e-17
-8.49479e-17 1.1514e-17 3.54985e-17
-3.40745e-18 -6.11512e-18 5.14526e-18
4.4418e-17 1.75552e-17 -1.62641e-18
-4.17711e-17 1.62462e-17 8.3607e-18
-6.83511e-16 3.12776e-16 6.33087e-17
-4.65289e-24 2.48154e-24 0.0
-2.74648e-17 4.43824e-17 8.9623e-18
1.3162e-17 5.31541e-18 4.28644e-18
3.71325e-18 -1.42956e-18 5.16166e-18
-1.83159e-16 -4.6353e-17 -7.06383e-17
-9.78549e-18 6.49229e-20 -3.34463e-17
-5.87328e-17 1.15089e-16 4.02567e-17
-1.57309e-17 5.92745e-17 -1.9893e-17
-1.79381e-17 2.86128e-17 1.49292e-17
2.08688e-16 4.92908e-17 -7.88407e-17
-8.63322e-17 -1.59918e-17 -3.73618e-17
2.64433e-17 5.89936e-17 -1.37329e-17
-1.21988e-16 -1.53329e-17 -1.19104e-17
-1.77162e-16 -1.53484e-16 -7.9667e-18
1.84242e-17 4.9621e-17 -4.24774e-17
6.10565e-17 -1.25231e-17 -3.8788e-17
0.0 -2.97809e-25 0.0
-4.14268e-18 2.6477e-17 1.58376e-17
-4.30624e-18 7.65965e-17 6.6087e-18
-3.30872e-24 -3.30872e-24 -1.32349e-23
1.81231e-17 -2.59802e-17 3.01485e-17
-4.47163e-18 -5.14058e-18 -1.21093e-18
7.22071e-17 1.67288e-16 -1.25372e-16
5.0576e-18 5.60536e-18 -2.47265e-18
9.40495e-16 -4.41259e-17 -2.12813e-16
-1.41484e-16 -7.93937e-17 -3.08204e-17
-6.03953e-18 6.96749e-17 -1.22742e-18
6.46235e-27 -2.91713e-24 0.0
-5.5345e-19 -3.7998e-18 -1.786e-17
-6.72723e-18 2.65106e-17 -2.31033e-17
1.50304e-16 -5.0415e-17 -1.91283e-16
-5.94394e-17 4.24383e-17 -2.42344e-18
2.22499e-17 6.60973e-17 -8.49799e-18
2.28737e-17 -3.22218e-17 3.09423e-17
-2.11619e-17 5.339e-17 -4.24643e-17
1.42949e-16 -8.03197e-17 -3.2892e-17
-1.0234e-17 -9.4275e-17 -2.36448e-18
2.8479e-17 2.69592e-17 -2.79556e-17
8.19667e-18 3.96185e-17 -1.33191e-18
4.76116e-17 -5.47023e-17 -8.63068e-17
-2.51106e-15 -6.3696e-15 4.52499e-16
4.22325e-17 -1.45366e-18 -1.89183e-17
-1.05185e-17 -1.85278e-16 1.00583e-16
0.0 2.02148e-24 0.0
-2.73596e-16 -5.03646e-16 1.47519e-17
8.07266e-17 -6.01986e-17 -7.11002e-17
0.0 0.0 0.0
-3.48734e-18 3.51395e-18 2.78872e-19
1.55937e-19 2.4018e-17 -6.77968e-18
1.11813e-16 -7.7768e-17 8.02412e-17
-8.19392e-19 1.93862e-18 -6.44825e-18
4.84239e-16 2.94441e-16 -5.11501e-17
-3.69837e-17 -2.07315e-17 -1.58135e-17
-2.07165e-17 -5.01362e-17 1.11832e-17
-1.86246e-17 7.27165e-18 -1.03737e-16
3.2046e-18 7.5912e-18 -1.12021e-17
1.91894e-18 -8.37227e-18 -7.21384e-18
-9.85952e-18 8.11407e-17 3.67785e-17
5.97664e-19 -3.96679e-17 1.99942e-17
3.11212e-17 -2.57556e-16 -1.85299e-16
6.23461e-17 1.83677e-17 2.40153e-17
-8.03765e-17 -2.87681e-17 2.732e-17
-1.41068e-16 -9.64959e-18 -3.34357e-17
-1.19193e-16 -1.44971e-16 -1.00045e-16
1.10333e-17 3.77449e-18 -3.2887e-18
-6.36175e-18 -1.04413e-17 6.09295e-18
4.90829e-18 3.49266e-17 -1.05906e-17
-2.0637e-17 -6.70153e-17 8.52459e-18
2.49977e-16 8.51046e-18 1.63564e-17
-1.91204e-19 8.51868e-18 -7.53135e-18
-4.90467e-16 9.35634e-17 2.15551e-17
1.22336e-16 -2.88358e-17 -5.34656e-17
2.45862e-18 -4.52306e-17 -3.42303e-17
5.42787e-17 -1.84089e-16 -5.61062e-17
-3.45795e-18 -4.88469e-17 -2.03953e-17
1.81954e-17 6.51031e-17 4.06656e-17
-6.46235e-27 3.10087e-25 0.0
-5.72152e-18 -5.38709e-17 -1.06078e-17
2.3539e-17 -6.20564e-17 -9.58409e-18
-2.04185e-16 -1.48552e-17 -5.40753e-17
1.80321e-17 -1.97686e-17 -3.22923e-17
5.01405e-18 -5.49605e-17 -6.68208e-17
-2.42905e-17 -2.04807e-17 2.80303e-19
1.94126e-15 -1.75399e-15 -4.71808e-16
-2.10741e-16 -1.88581e-16 -1.61661e-18
-8.1954e-18 -9.76867e-20 -3.08609e-18
-4.75112e-23 -6.61744e-24 6.61744e-24
1.94368e-17 -1.59197e-17 5.03126e-19
-1.1693e-17 -3.80921e-17 4.71288e-19
-7.41086e-18 2.59673e-18 5.34401e-18
6.2122e-17 6.85991e-18 -1.00173e-17
6.27149e-17 2.71847e-17 -1.70307e-17
-2.2551e-17 2.5326e-17 4.37879e-18
-2.61708e-17 4.16782e-17 -1.31906e-19
-5.94824e-18 2.18685e-17 1.52585e-17
2.15222e-22 2.02659e-23 0.0
-2.57693e-17 4.88947e-18 3.75038e-18
1.64603e-16 1.56992e-16 -6.86867e-18
-1.42421e-17 -9.11208e-18 -8.75108e-17
-2.83125e-17 -3.93748e-17 5.15389e-17
-6.46235e-27 1.20428e-23 0.0
-1.19158e-16 -6.39904e-17 -1.13666e-17
0.0 0.0 0.0
2.48079e-17 5.5255e-18 -7.01631e-18
2.55167e-17 5.05611e-17 5.78779e-18
2.91066e-16 1.02266e-16 2.44333e-16
1.32323e-17 -1.43872e-18 -3.72508e-18
-1.58094e-17 1.0934e-17 -2.69684e-17
1.0167e-17 -3.3492e-17 5.10022e-17
-1.48309e-16 -1.55988e-16 2.05961e-17
4.94803e-18 -1.67219e-17 -9.04449e-19
-5.78201e-17 -7.12312e-17 3.87714e-17
-1.09166e-17 -5.15773e-17 -1.7586e-17
-6.46235e-27 2.20342e-25 0.0
1.4978e-17 -3.60289e-17 -9.93849e-17
3.6424e-17 8.71009e-17 1.20959e-17
2.48154e-24 0.0 0.0
-3.59121e-18 1.76203e-17 -3.09635e-17
-1.67049e-17 1.46711e-17 1.66975e-17
3.57876e-16 -6.66182e-17 -1.7579e-16
-1.09828e-16 -9.10456e-17 -3.82387e-17
-8.16677e-18 -5.25845e-18 -1.22152e-17
-2.74608e-18 -1.23019e-17 2.28989e-18
-1.67188e-16 -1.28481e-16 -5.82308e-17
1.7282e-15 2.24467e-16 -1.19368e-16
6.27835e-16 -6.65948e-16 2.22041e-16
2.96781e-17 7.32336e-19 1.69087e-17
-2.7372e-17 3.86176e-18 -1.18155e-17
-7.5297e-17 9.51667e-17 -1.30135e-17
5.73522e-17 6.13288e-17 -3.5261e-17
-4.00815e-17 1.41808e-17 3.59114e-17
1.8265e-17 -5.78769e-17 -1.01741e-17
5.7057e-17 7.04613e-17 -2.495e-17
8.61338e-17 -6.01972e-17 5.50083e-17
-1.89873e-17 6.04454e-17 -4.00993e-17
-2.50993e-17 -2.99676e-18 -9.14583e-18
2.6069e-17 1.31839e-18 -7.96019e-18
1.46547e-17 3.47929e-19 -6.17676e-18
-1.06256e-16 3.80383e-17 -3.13022e-17
2.69422e-16 -8.35962e-17 9.17904e-17
-2.66665e-18 5.49734e-18 -1.43203e-17
-1.16419e-16 1.11001e-16 8.55388e-17
-8.41476e-17 -1.21501e-16 1.2619e-17
-2.93437e-18 -3.11992e-17 -1.98315e-17
9.8021e-17 -3.86479e-17 -8.12254e-18
1.74391e-18 1.7588e-18 3.82373e-19
-4.16342e-16 9.99147e-17 -8.74353e-18
4.46311e-16 -3.48861e-16 -2.20093e-17
-2.39654e-17 6.80056e-17 -1.00919e-17
