# vtk DataFile Version 3.0
LIGGGHTS particles timestep 102000000
ASCII
DATASET POLYDATA
POINTS 873 float
0.384765 0.0176273 0.00160103
0.384276 0.0168362 0.000152108
0.385979 0.016305 0.000154358
0.384024 0.0178931 0.000346588
0.384103 0.0188777 0.00179976
0.38414 0.0203084 0.00038795
0.385344 0.021108 0.000153527
0.384857 0.0164602 0.000527417
0.384125 0.0186018 0.000725561
0.384479 0.0181392 0.00532873
0.384537 0.0177544 0.000152462
0.383992 0.0184143 0.000151757
0.384812 0.0187844 0.000568853
0.384869 0.0167819 0.000363698
0.384803 0.0169846 0.000152809
0.384915 0.0183348 0.000412633
0.384393 0.0200033 0.000329348
0.384771 0.0189907 0.000354885
0.384249 0.0186361 0.000152072
0.383697 0.0189843 0.000151351
0.38551 0.0163743 0.000153727
0.384537 0.0188112 0.000408422
0.383933 0.0183841 0.000910122
0.383691 0.0196365 0.00137364
0.384551 0.0189669 0.000152444
0.384476 0.0190531 0.00135703
0.384973 0.0159492 0.000153027
0.384718 0.0185669 0.000384781
0.384114 0.0176073 0.000360568
0.384098 0.0188501 0.00119184
0.384545 0.0194202 0.000152446
0.385045 0.0173743 0.000698037
0.385035 0.0210857 0.000153116
0.384772 0.0202231 0.000807152
0.383671 0.0182832 0.000151301
0.385325 0.0170081 0.00015348
0.384387 0.0165562 0.00015223
0.384231 0.0208268 0.00015205
0.384246 0.0213172 0.000152088
0.383713 0.0195261 0.000405419
0.384633 0.0199733 0.00015255
0.383992 0.0202878 0.00155233
0.384483 0.0187432 0.00100059
0.384186 0.021085 0.000765738
0.383776 0.0188306 0.000396501
0.384798 0.0193938 0.00124736
0.38386 0.0208523 0.000151582
0.384491 0.0167411 0.000826766
0.383698 0.0191758 0.000382307
0.384775 0.0177635 0.000333978
0.384311 0.0181618 0.000411136
0.384433 0.0180729 0.000152289
0.38465 0.0160107 0.000152609
0.383254 0.0200098 0.00538195
0.383894 0.018443 0.00061858
0.383721 0.0201648 0.00110894
0.383699 0.0194922 0.000864139
0.385774 0.0165263 0.000154084
0.385379 0.021728 0.000153573
0.38628 0.0159856 0.000154748
0.384848 0.0197614 0.000152852
0.384297 0.0183399 0.000152164
0.384935 0.0213685 0.000152978
0.383124 0.0188914 0.0053278
0.383684 0.0190009 0.00062565
0.384879 0.0194858 0.00532657
0.384411 0.0210667 0.000152303
0.384766 0.0172689 0.000670999
0.384755 0.0205364 0.000152745
0.384609 0.0174633 0.000152565
0.384881 0.0200096 0.000318105
0.383683 0.0186845 0.00015132
0.384162 0.0185702 0.00127856
0.385239 0.0168887 0.00093479
0.384788 0.0175107 0.000494981
0.384247 0.0194577 0.000152149
0.384451 0.0205211 0.000257329
0.384585 0.0196895 0.000278251
0.384989 0.0180879 0.00538114
0.383731 0.0200314 0.000564419
0.384559 0.0213709 0.000152488
0.38375 0.0203316 0.000362374
0.384573 0.0167914 0.000152504
0.3846 0.0205705 0.00124147
0.384776 0.0192293 0.0014972
0.384639 0.0200974 0.000472653
0.383903 0.0177038 0.000549977
0.384494 0.0183088 0.000600776
0.384257 0.0216244 0.000152083
0.384111 0.0181041 0.000151907
0.385046 0.0156469 0.000153133
0.384723 0.0179967 0.000152689
0.384247 0.0178365 0.00015209
0.384318 0.0178481 0.00107352
0.384549 0.0186547 0.000152467
0.384348 0.0198654 0.00534931
0.385094 0.0168168 0.000153198
0.384752 0.0225705 0.000152748
0.384848 0.0172811 0.000152878
0.385244 0.0150807 0.000153389
0.383789 0.0179787 0.000511532
0.384924 0.017576 0.00015296
0.383903 0.0190764 0.00169511
0.383741 0.0199852 0.000151428
0.384918 0.0165741 0.000152936
0.384885 0.017052 0.000501726
0.384186 0.0208278 0.000920195
0.384065 0.0210773 0.00015182
0.384143 0.0171166 0.000665392
0.38461 0.0166839 0.000504771
0.384436 0.0164204 0.000470553
0.384522 0.0198284 0.000536357
0.384329 0.0196006 0.000406404
0.385357 0.0162324 0.000369289
0.384655 0.0177639 0.0006089
0.384445 0.0210826 0.00061393
0.384888 0.0184824 0.000152883
0.384339 0.0202417 0.00015221
0.384024 0.0197277 0.000151798
0.38453 0.0207909 0.000152459
0.384328 0.0191677 0.000152164
0.38394 0.0189665 0.00141837
0.384551 0.0191949 0.000350438
0.385059 0.0170948 0.000261451
0.384487 0.0180145 0.00274646
0.383917 0.0176923 0.000151636
0.384086 0.0206789 0.000369501
0.384017 0.0178156 0.0010481
0.384629 0.0190306 0.000616104
0.384369 0.0196299 0.000702315
0.383973 0.0194558 0.000272738
0.383645 0.018626 0.00149303
0.384214 0.018913 0.000261913
0.383997 0.0183612 0.00149292
0.384354 0.0181276 0.000970878
0.38533 0.0157498 0.000153509
0.384843 0.0197261 0.000750471
0.383882 0.0208933 0.000683803
0.385153 0.0161935 0.000153269
0.384321 0.0175458 0.000152151
0.383893 0.0181982 0.000334512
0.383671 0.0182523 0.000547068
0.383954 0.0200733 0.000368812
0.384054 0.018114 0.000976661
0.384525 0.017627 0.00104162
0.385136 0.0173639 0.000153233
0.384143 0.0188484 0.000895305
0.38543 0.016037 0.000153608
0.384844 0.0162796 0.000152872
0.384041 0.0172809 0.00190693
0.384776 0.0192141 0.000152764
0.384738 0.0211297 0.000152712
0.384242 0.0182841 0.00133722
0.384504 0.0162738 0.000152426
0.384054 0.0212484 0.000551747
0.383685 0.0191839 0.000865309
0.385526 0.0151831 0.00015376
0.38366 0.0192295 0.00180481
0.385015 0.0178821 0.000153096
0.383821 0.0205473 0.00015153
0.38412 0.0173229 0.000881946
0.384887 0.0200695 0.00123921
0.384256 0.0176293 0.0018912
0.384862 0.0154099 0.000152883
0.385449 0.0153171 0.000411083
0.384193 0.0182756 0.000765426
0.384427 0.0184937 0.000374356
0.383698 0.0199058 0.00151214
0.386629 0.0146558 0.000155208
0.384999 0.0169458 0.00110529
0.384194 0.0171429 0.000151997
0.384035 0.0174071 0.000151806
0.38332 0.0173706 0.00557046
0.384223 0.0204655 0.000629471
0.384664 0.0172593 0.000389035
0.385646 0.0158289 0.000153922
0.383727 0.0196849 0.000151352
0.3857 0.021905 0.000153988
0.384618 0.0165645 0.00145456
0.385127 0.0228833 0.000153241
0.383949 0.0181281 0.00240398
0.383656 0.0184144 0.000799005
0.384597 0.0209853 0.000374465
0.384953 0.0181895 0.000152997
0.383829 0.0200711 0.0008451
0.383916 0.0184112 0.0012084
0.384273 0.019306 0.000412651
0.384484 0.019293 0.000625763
0.38406 0.0180981 0.000562722
0.384879 0.0199991 0.000623713
0.383654 0.0183016 0.00107693
0.383711 0.0198085 0.000929167
0.38404 0.0189192 0.000506692
0.384001 0.0186247 0.000370593
0.384096 0.0172042 0.00115637
0.383741 0.0183921 0.00165466
0.384151 0.0200078 0.00015195
0.385432 0.0161542 0.000989522
0.384428 0.0203105 0.000470819
0.384913 0.0202579 0.00015296
0.383737 0.0184819 0.000365851
0.383957 0.0202802 0.000151675
0.383783 0.0193331 0.000624132
0.385412 0.0164235 0.000858941
0.38467 0.0164801 0.000293118
0.384905 0.0176363 0.000740984
0.384543 0.0200376 0.000750395
0.384545 0.0186057 0.000626695
0.384193 0.0193871 0.000690072
0.384375 0.0173074 0.000326281
0.38537 0.01646 0.000564229
0.384684 0.0185515 0.00088703
0.384512 0.0192613 0.00114396
0.384596 0.0183584 0.000152544
0.385398 0.0225749 0.000153598
0.384025 0.0202205 0.000650776
0.384327 0.0195171 0.00122563
0.383991 0.0192075 0.00044013
0.384151 0.0198417 0.000401759
0.384958 0.0208348 0.000422104
0.384423 0.0171198 0.000557588
0.384522 0.019111 0.000884531
0.383977 0.0190641 0.00102036
0.383966 0.0196713 0.000809053
0.38395 0.019828 0.00165544
0.383797 0.0179801 0.000151501
0.384563 0.0188283 0.00157817
0.384475 0.0218465 0.000152389
0.384163 0.0191242 0.00129591
0.385538 0.0156727 0.000386233
0.384176 0.0214768 0.000400124
0.384831 0.0186975 0.00532561
0.385267 0.0171383 0.00109888
0.384787 0.0192974 0.000505741
0.38433 0.0176614 0.000767772
0.385268 0.016555 0.000153424
0.384939 0.0184041 0.00534929
0.384322 0.0197606 0.000152189
0.383571 0.0172133 0.00561819
0.384826 0.0208361 0.000152846
0.384044 0.0195926 0.00053011
0.38395 0.0188232 0.000151695
0.383663 0.0186957 0.000903132
0.384573 0.0197663 0.000874862
0.385544 0.0167736 0.000153767
0.384595 0.019582 0.00533062
0.384024 0.0205359 0.000842431
0.38367 0.0189533 0.00105653
0.384818 0.0186586 0.00147415
0.383998 0.0199217 0.000646966
0.384642 0.0189702 0.00112081
0.38481 0.0191135 0.00529749
0.384823 0.0187753 0.000152842
0.38409 0.0172602 0.000407502
0.383893 0.0187963 0.000737554
0.384172 0.0204908 0.000151977
0.384026 0.0191217 0.000151801
0.384719 0.0171784 0.00107383
0.385052 0.0152442 0.000315822
0.38395 0.017571 0.000875895
0.384535 0.0161709 0.000650912
0.385599 0.0221878 0.000153859
0.383811 0.0178426 0.00161927
0.383838 0.0178409 0.000808748
0.384476 0.0215097 0.000620337
0.385095 0.016411 0.000351609
0.384262 0.0187182 0.000485343
0.385097 0.016661 0.000517353
0.383754 0.018022 0.00103251
0.384775 0.0192142 0.0010082
0.384508 0.0179213 0.000400083
0.384677 0.0161954 0.000387484
0.385716 0.0161397 0.000154
0.384529 0.0178663 0.000860686
0.384411 0.0173697 0.000937237
0.384436 0.0188994 0.00195554
0.384842 0.0197206 0.00105042
0.384666 0.0161567 0.00119108
0.384092 0.0185415 0.00171312
0.384918 0.0157761 0.000391963
0.383842 0.0181377 0.000765364
0.384605 0.0182623 0.000875876
0.385655 0.0216386 0.000284568
0.383739 0.020307 0.000682713
0.38521 0.0159527 0.000338916
0.384589 0.018732 0.00129524
0.384491 0.020832 0.000771988
0.384377 0.0184969 0.000850318
0.384621 0.0195454 0.000538909
0.384733 0.0157222 0.000152726
0.383735 0.017985 0.00208505
0.385022 0.0216963 0.000153099
0.384745 0.0163155 0.000901108
0.383948 0.0191036 0.000724404
0.384351 0.0190302 0.000501337
0.386859 0.0143646 0.000155509
0.384659 0.0181802 0.000385457
0.384489 0.0175878 0.000397336
0.384738 0.0156819 0.000629432
0.383933 0.0210114 0.000413001
0.383647 0.0183513 0.00137266
0.385584 0.0148202 0.000153839
0.384377 0.0207848 0.000410525
0.383792 0.0191593 0.00123687
0.384157 0.0170002 0.00201119
0.384721 0.0184144 0.00115105
0.384131 0.0178979 0.000783292
0.383714 0.0197009 0.000649205
0.384395 0.0188433 0.000731806
0.38424 0.0198735 0.000820489
0.38381 0.0177918 0.00230184
0.384126 0.0189265 0.00209485
0.386429 0.0149011 0.000154946
0.385203 0.0208574 0.000250378
0.38389 0.0186843 0.00132981
0.383947 0.0205273 0.00174167
0.385546 0.0154832 0.000153789
0.38462 0.0169626 0.000394334
0.384167 0.0184102 0.000498595
0.385196 0.0171995 0.000506924
0.384756 0.021196 0.000517415
0.385094 0.0153241 0.000601866
0.384669 0.0180592 0.000659772
0.384625 0.0202781 0.000233595
0.384537 0.017125 0.000152451
0.384917 0.0208989 0.000865326
0.385078 0.0174871 0.000420584
0.384798 0.0179771 0.00136367
0.383713 0.0193667 0.000151366
0.384216 0.0196105 0.000962826
0.384713 0.0188539 0.000843535
0.384927 0.0181464 0.00165981
0.386381 0.0146096 0.000318385
0.38394 0.0192353 0.0019469
0.384625 0.0159358 0.000992226
0.385064 0.0175996 0.000993079
0.384494 0.0216011 0.000335211
0.385037 0.0177713 0.000507708
0.3853 0.0222761 0.000153469
0.384149 0.0174215 0.00135623
0.384617 0.0182388 0.00194652
0.384826 0.0197463 0.000451635
0.384914 0.0180218 0.000398527
0.384413 0.0212931 0.000402576
0.384506 0.0182147 0.00121417
0.384725 0.0216588 0.000152703
0.384369 0.0174106 0.000607919
0.38428 0.0200715 0.000598741
0.383988 0.0176438 0.00175769
0.383998 0.0197803 0.00134191
0.383857 0.020298 0.0054184
0.385054 0.0166358 0.000813162
0.38373 0.0204677 0.00125555
0.384563 0.0178209 0.00230769
0.386866 0.0148392 0.000155518
0.383381 0.0176617 0.00548218
0.384252 0.0191334 0.00191776
0.385573 0.01657 0.000372242
0.383787 0.0207066 0.000403552
0.384609 0.0175087 0.000759445
0.384933 0.0204689 0.000383945
0.384733 0.0182194 0.00546594
0.383855 0.0185733 0.00223043
0.384397 0.0170364 0.00148027
0.385459 0.0212864 0.000705399
0.384994 0.0178984 0.00115068
0.38524 0.0171571 0.000800754
0.385185 0.0218143 0.000376398
0.384784 0.0177663 0.000982415
0.38364 0.0186561 0.00179143
0.383676 0.0194644 0.00161886
0.38472 0.0179296 0.0016495
0.384075 0.017468 0.0006233
0.384683 0.0206986 0.000394728
0.384346 0.0182258 0.00163136
0.384045 0.0194136 0.00122231
0.384942 0.0181845 0.000670843
0.385081 0.0169122 0.0006807
0.384906 0.017765 0.00182702
0.384925 0.0182029 0.00121222
0.384521 0.0212905 0.000819952
0.384024 0.0178751 0.00254701
0.384255 0.0178169 0.000522395
0.38365 0.0185829 0.00118081
0.384869 0.0185034 0.000656458
0.384244 0.0191027 0.000771965
0.385361 0.0169598 0.000583119
0.383039 0.0194119 0.00532808
0.384624 0.0219835 0.000397532
0.384312 0.021744 0.000526527
0.384393 0.0199668 0.00139257
0.384135 0.018057 0.00150129
0.384209 0.0192533 0.00102905
0.385583 0.0215069 0.000544404
0.3849 0.0183466 0.000919818
0.384696 0.0168831 0.000993955
0.384842 0.0174083 0.000925383
0.38437 0.018048 0.000682095
0.384726 0.0194065 0.000783312
0.384595 0.0195564 0.00109803
0.383915 0.0187913 0.00247029
0.384809 0.0180651 0.0009724
0.384759 0.0166249 0.000758371
0.38457 0.0195539 0.00139696
0.384812 0.0194879 0.000270971
0.383949 0.0181169 0.00125743
0.387471 0.0142302 0.000156312
0.383957 0.0192622 0.00146572
0.38491 0.0174139 0.00143372
0.383667 0.0194855 0.00196226
0.384424 0.0200026 0.00102381
0.384149 0.0183884 0.00211817
0.384812 0.0187247 0.00109542
0.386065 0.0154032 0.000154471
0.386193 0.0143552 0.000154638
0.383699 0.0176998 0.00541618
0.385317 0.0167763 0.000349831
0.383991 0.0202703 0.00100011
0.384237 0.0210498 0.000396281
0.384849 0.0197807 0.00135104
0.384436 0.0185036 0.00117495
0.385071 0.0160507 0.000949034
0.384695 0.0169086 0.000684328
0.383966 0.0193571 0.000883771
0.384118 0.0200207 0.00149836
0.385264 0.0153801 0.000153416
0.383737 0.0204241 0.000958864
0.384861 0.0184139 0.00194443
0.386766 0.015446 0.000155387
0.385858 0.0226585 0.000154201
0.384766 0.0190105 0.00170221
0.383821 0.0178459 0.00127299
0.384651 0.0159021 0.000445211
0.384565 0.0185985 0.00191383
0.384324 0.0166934 0.000411434
0.383757 0.0206257 0.000737839
0.383855 0.019792 0.000400755
0.384205 0.0169816 0.000404742
0.384361 0.0205804 0.000869949
0.383746 0.019886 0.00121672
0.384429 0.0194093 0.000896617
0.384264 0.019701 0.00145437
0.384095 0.0174973 0.0021073
0.385857 0.0164151 0.0004202
0.384476 0.0180157 0.00180136
0.385929 0.0159283 0.000154292
0.384496 0.0205858 0.000600607
0.385166 0.0162179 0.00059981
0.385075 0.017798 0.00544926
0.38572 0.0150135 0.000338607
0.383213 0.0181509 0.00539471
0.384967 0.0175102 0.00551503
0.384374 0.0179764 0.0013389
0.383646 0.0190753 0.00206173
0.385042 0.0176622 0.0013292
0.385021 0.0165207 0.00108821
0.385371 0.0167037 0.000739116
0.383687 0.0194289 0.00115716
0.384251 0.0201935 0.000871183
0.383684 0.0197313 0.00175567
0.38455 0.0171259 0.000831624
0.384584 0.0170831 0.00171293
0.38372 0.0180696 0.00144552
0.386417 0.01582 0.000363826
0.384279 0.0170098 0.00091083
0.384166 0.0208226 0.000620873
0.384899 0.0171406 0.00131051
0.384594 0.0192248 0.00196802
0.383935 0.020485 0.000541437
0.383917 0.0176056 0.00146882
0.384504 0.0162026 0.00143974
0.385292 0.0215754 0.000523094
0.38425 0.0176577 0.00547389
0.383949 0.0175526 0.00117531
0.384669 0.0204589 0.000971712
0.384166 0.0170024 0.00171134
0.385647 0.0166177 0.000658815
0.385019 0.0171532 0.00158514
0.38506 0.0206124 0.000153117
0.384648 0.0198871 0.0053544
0.384837 0.0161774 0.000650951
0.384841 0.0204148 0.00132889
0.385258 0.0150732 0.000589044
0.386134 0.0146524 0.000154555
0.384707 0.0203768 0.000557861
0.384197 0.0183694 0.00105318
0.38473 0.0199934 0.000995412
0.383887 0.0186074 0.00270567
0.385739 0.0163339 0.000692502
0.383846 0.0188982 0.00219882
0.385052 0.0212564 0.000405508
0.38402 0.0203931 0.00127286
0.383709 0.0203577 0.00183983
0.383658 0.0188889 0.00134928
0.385055 0.0175679 0.00164622
0.383725 0.0204504 0.00155498
0.385044 0.0173359 0.0011347
0.384113 0.0178101 0.00133236
0.385523 0.0228912 0.000153762
0.384676 0.0184108 0.00170797
0.38468 0.0184119 0.00249347
0.383746 0.0201848 0.0014072
0.387204 0.0148301 0.000155962
0.384504 0.0175641 0.00173547
0.384332 0.0166 0.00184827
0.385828 0.0155866 0.000154149
0.384164 0.0193449 0.00211334
0.383369 0.0195028 0.00532697
0.383938 0.0182989 0.00192469
0.384344 0.0187078 0.0017439
0.384396 0.0171483 0.00114928
0.383999 0.0189293 0.00272315
0.384266 0.0202305 0.00132665
0.3849 0.0166582 0.00149163
0.384888 0.0170644 0.000852946
0.384479 0.0190936 0.00172411
0.383669 0.018646 0.000607385
0.384771 0.0178727 0.00542901
0.384931 0.022263 0.000152985
0.384797 0.0187194 0.00176721
0.386147 0.0150932 0.000154578
0.384624 0.0202233 0.00115647
0.385255 0.0168217 0.00155109
0.383651 0.0189206 0.00164752
0.384246 0.019817 0.0011783
0.383807 0.0188801 0.0019006
0.383792 0.0182626 0.00218403
0.384048 0.0208153 0.00125459
0.384969 0.0176451 0.00238423
0.387104 0.0145422 0.000155832
0.386232 0.0159969 0.00059749
0.384217 0.0195937 0.00532718
0.383994 0.0211105 0.00125289
0.385104 0.0206664 0.000895276
0.38496 0.0179367 0.00223072
0.384343 0.018993 0.00109484
0.384322 0.0185049 0.00152398
0.386034 0.022905 0.00015443
0.383868 0.0176773 0.00203057
0.384483 0.017607 0.00250224
0.384531 0.0199906 0.00176924
0.384121 0.0193085 0.00171234
0.383912 0.0209584 0.00097505
0.384314 0.0188017 0.00139433
0.384591 0.019835 0.00120893
0.384228 0.0190275 0.00157233
0.383202 0.018445 0.00533644
0.383637 0.0184321 0.00199093
0.383738 0.0179125 0.00294812
0.384185 0.0214885 0.000699758
0.383807 0.020716 0.0014052
0.386911 0.0151799 0.000155576
0.386408 0.015065 0.000405325
0.384451 0.0178152 0.00157959
0.38435 0.0176327 0.00128535
0.384168 0.0205883 0.0011
0.385734 0.0154078 0.000376257
0.384883 0.0183661 0.00146038
0.385479 0.0159546 0.000470381
0.38423 0.019528 0.00188516
0.384297 0.0173727 0.00229138
0.384348 0.0181508 0.00562127
0.38524 0.017303 0.00556575
0.382937 0.0180212 0.00543459
0.38453 0.0193759 0.00163526
0.386531 0.0156374 0.000155081
0.384871 0.0228087 0.000290478
0.38485 0.0154724 0.000446023
0.383939 0.0186649 0.00101563
0.384409 0.0183504 0.0022627
0.384797 0.0206164 0.000714676
0.386778 0.0150241 0.00037485
0.38398 0.0200931 0.00124189
0.384201 0.0178784 0.00173287
0.383926 0.0185279 0.00532817
0.385314 0.0171075 0.00162033
0.384609 0.0210502 0.000976344
0.384554 0.0222108 0.000580314
0.384236 0.018658 0.00201956
0.383635 0.0187172 0.00208506
0.384388 0.0164943 0.00124081
0.384209 0.0175724 0.00102744
0.384258 0.0168391 0.000665094
0.384507 0.0203676 0.001442
0.385377 0.0167118 0.00113382
0.384331 0.0211661 0.00101562
0.384493 0.0203332 0.000763495
0.384298 0.0167226 0.00105525
0.384023 0.0180845 0.00211653
0.384803 0.0175485 0.00118774
0.384039 0.0203361 0.00195386
0.387127 0.015063 0.000328428
0.385347 0.0157253 0.000611337
0.385074 0.0159194 0.000604629
0.384511 0.0164494 0.000759569
0.385145 0.0166682 0.00131805
0.38325 0.0191636 0.00532737
0.384463 0.0183038 0.00267059
0.38362 0.0186039 0.00300686
0.384884 0.0211341 0.001062
0.384971 0.0161385 0.000385737
0.386141 0.0157159 0.00015457
0.383814 0.0201548 0.00203452
0.384508 0.0170785 0.0020857
0.384881 0.0169203 0.00208887
0.384517 0.0193915 0.00220541
0.385773 0.023057 0.000154089
0.383869 0.0206738 0.00105937
0.384641 0.0172084 0.00144621
0.384743 0.0208963 0.000621158
0.38453 0.0186008 0.00532954
0.383955 0.0198191 0.00195525
0.384694 0.0184133 0.00219383
0.385395 0.0220027 0.000273123
0.383678 0.0181819 0.00278175
0.384131 0.0178049 0.00209953
0.384821 0.019896 0.00202138
0.384633 0.0165651 0.00102394
0.385921 0.0148895 0.000154282
0.384504 0.0183956 0.00554681
0.384577 0.0177695 0.00194164
0.383648 0.0182102 0.00307883
0.383677 0.0197884 0.00206505
0.384522 0.0187238 0.00218295
0.384046 0.0183165 0.00273333
0.384372 0.0203687 0.00108225
0.384786 0.0173118 0.00168718
0.384605 0.0181671 0.00149334
0.383625 0.0187471 0.00274328
0.384015 0.0173646 0.00161831
0.385456 0.0161931 0.000670762
0.385262 0.0210524 0.000470858
0.383667 0.0191857 0.00150811
0.384274 0.0167486 0.00159407
0.38483 0.0167196 0.00120656
0.384533 0.0173131 0.00189845
0.385647 0.0162013 0.000439508
0.384242 0.018415 0.00534044
0.384489 0.0191119 0.00249392
0.384938 0.0179773 0.00565533
0.384948 0.0161507 0.0012924
0.385449 0.0212776 0.000405706
0.384746 0.0172599 0.00210204
0.383805 0.0196349 0.00532559
0.383814 0.0197678 0.00249218
0.384944 0.0180404 0.00193993
0.385606 0.0166352 0.000955414
0.383971 0.0177367 0.00285403
0.385192 0.0162438 0.00114469
0.384756 0.0214603 0.000375486
0.385172 0.0165033 0.00156716
0.383628 0.0189798 0.002554
0.384791 0.0181638 0.00232966
0.384472 0.0178546 0.00543031
0.384614 0.0180098 0.00564434
0.383621 0.0184463 0.00326209
0.383903 0.0181403 0.00167255
0.385312 0.0159607 0.000793914
0.384101 0.017097 0.00247204
0.384266 0.0167363 0.00210738
0.384767 0.0189866 0.00256239
0.384886 0.0201235 0.0018367
0.384616 0.0198241 0.00153446
0.383892 0.0196399 0.00109816
0.384914 0.0181049 0.00259674
0.386613 0.0151442 0.000155184
0.385753 0.0155862 0.000616693
0.38486 0.0158885 0.00081168
0.384751 0.0175194 0.00190077
0.384998 0.0179166 0.000793309
0.384328 0.018424 0.00185592
0.384336 0.0200476 0.00199016
0.38478 0.0186808 0.00238417
0.384804 0.0169478 0.00154697
0.384409 0.019106 0.00217191
0.384082 0.0206739 0.00151773
0.384663 0.0169581 0.00128255
0.385823 0.0152265 0.000154149
0.3846 0.0184585 0.00142187
0.383631 0.0187322 0.00238463
0.384301 0.0201665 0.00539226
0.385114 0.016337 0.00087019
0.384051 0.0194897 0.00235051
0.384861 0.0217998 0.000383752
0.383897 0.0185959 0.0019343
0.384743 0.0176144 0.00218518
0.384487 0.0188968 0.0053064
0.384147 0.0196737 0.00213384
0.386604 0.0156105 0.000469852
0.385474 0.0214383 0.000153686
0.386618 0.0151004 0.000616481
0.384627 0.0177255 0.00135342
0.384225 0.0174682 0.00256666
0.385831 0.0157694 0.00039198
0.384094 0.0180692 0.00307343
0.384826 0.0182856 0.00281952
0.386352 0.0229097 0.000154848
0.384117 0.0171377 0.00144814
0.384434 0.0167731 0.00134138
0.38397 0.0195535 0.00153626
0.384162 0.01907 0.00251421
0.383788 0.0189119 0.0029359
0.385 0.0173907 0.00200819
0.384598 0.0179379 0.00114356
0.383874 0.0176195 0.00259544
0.383667 0.018166 0.00185578
0.385628 0.0166118 0.00127396
0.384192 0.0187458 0.00258332
0.385546 0.0167537 0.00152514
0.383648 0.0194165 0.00253476
0.384426 0.0196666 0.00170487
0.38455 0.0173936 0.00122834
0.383661 0.0181558 0.00248337
0.384859 0.0212679 0.000789758
0.383897 0.0187505 0.00162231
0.384897 0.0206037 0.00110264
0.384696 0.0179009 0.00256428
0.384994 0.0178544 0.0015545
0.384658 0.0201027 0.0014304
0.384462 0.0175344 0.00208817
0.38687 0.0153304 0.000411846
0.384285 0.0172778 0.00173285
0.38413 0.0186694 0.00229996
0.385212 0.0168268 0.0019467
0.384966 0.0198194 0.00535289
0.384414 0.0174079 0.00149562
0.384792 0.0193492 0.00177997
0.383618 0.0190279 0.0031538
0.383718 0.0200675 0.00176408
0.384006 0.0191419 0.00226802
0.384038 0.0212309 0.000981606
0.38393 0.0184187 0.00247634
0.385425 0.0149662 0.000363531
0.384756 0.0167529 0.00187326
0.383942 0.0179239 0.00187656
0.384519 0.0181131 0.00244564
0.3849 0.0202279 0.00155584
0.385207 0.0172487 0.00137123
0.384594 0.0173933 0.00232353
0.3839 0.0199024 0.0022383
0.386494 0.0143788 0.000155034
0.38424 0.0181128 0.00233349
0.384221 0.0180924 0.00263211
0.384214 0.0180124 0.00539104
0.383974 0.0173991 0.00241788
0.384962 0.0220872 0.000394124
0.384863 0.0170545 0.00182116
0.386081 0.0160997 0.000348213
0.385323 0.0162978 0.00140906
0.384204 0.0169379 0.00124218
0.384297 0.0169825 0.00227596
0.385097 0.0225492 0.000153204
0.38429 0.0193072 0.00238279
0.384245 0.0199032 0.00174318
0.384654 0.0207558 0.00101201
0.384245 0.0177202 0.00272834
0.384287 0.0193398 0.00146426
0.384407 0.018077 0.00208693
0.384011 0.0199018 0.00101285
0.384785 0.0164259 0.00124779
0.38447 0.0163077 0.0010208
0.384548 0.0221389 0.000152478
0.384658 0.0189824 0.00228289
0.384191 0.0181427 0.00187433
0.385954 0.0162471 0.000901127
0.385074 0.0206226 0.000600053
0.383975 0.0210677 0.00154922
0.385453 0.0232291 0.000153669
0.386009 0.0162353 0.000606435
0.384424 0.0199401 0.00225607
0.383505 0.0180521 0.00554354
0.384815 0.0219863 0.000152833
0.386187 0.0148677 0.000356566
0.385195 0.0214745 0.000257786
0.383662 0.0195984 0.00229669
0.384764 0.0165022 0.00170878
0.385172 0.017367 0.00225258
0.38512 0.0220038 0.000153227
0.386302 0.0155438 0.000340296
0.383643 0.0191889 0.00233939
0.384828 0.0196223 0.00189871
0.384328 0.0206365 0.00134948
0.384843 0.0154238 0.000741956
0.386124 0.0157575 0.000452567
0.384781 0.0188439 0.00282588
0.38502 0.0176784 0.00209055
0.384567 0.0167917 0.00164384
0.384884 0.0156278 0.000958078
0.383979 0.0180315 0.00279906
0.383757 0.0178468 0.00324024
0.383935 0.0195121 0.00183134
0.383762 0.0191583 0.00275411
0.385 0.0210596 0.000625893
0.384858 0.0198527 0.00170899
0.385137 0.0154722 0.000859247
0.384092 0.0201157 0.00215025
0.386355 0.0153139 0.000154845
0.385231 0.0155759 0.000378312
0.383826 0.0184045 0.00291794
0.383986 0.0173508 0.00271369
0.386541 0.0235361 0.000155095
0.384907 0.0172703 0.00235516
0.386549 0.0153286 0.000382975
0.38505 0.0156206 0.000613277
0.383911 0.0192733 0.00252014
0.384534 0.0198102 0.00200894
0.383626 0.0184561 0.00267067
0.38568 0.0163358 0.00098676
0.384212 0.0176363 0.00155594
0.386869 0.0146018 0.000338848
0.384803 0.0167204 0.00577573
0.384819 0.0195571 0.00156366
0.384361 0.0187823 0.00296993
0.384383 0.0185825 0.00274725
0.384115 0.0176578 0.00236047
0.384288 0.0182158 0.00289717
0.384594 0.0187465 0.0026106
0.384745 0.0192596 0.00235826
0.38481 0.0185665 0.00271529
0.384212 0.0187682 0.00531307
0.384798 0.0194011 0.00209915
0.384892 0.0215985 0.000603932
0.384328 0.020322 0.00186659
0.384891 0.015881 0.00111868
0.385944 0.0221456 0.000154312
0.385176 0.0173249 0.00177477
0.383482 0.018284 0.0053546
0.383745 0.0179195 0.00264829
0.384225 0.0183693 0.00249838
0.384786 0.0162783 0.0015102
0.384773 0.0189492 0.00138979
0.384548 0.0195196 0.00193595
0.384695 0.017994 0.00210142
0.383868 0.0208201 0.00167999
0.38406 0.0172135 0.0021986
0.384635 0.0202611 0.00169158
0.383906 0.0186704 0.00306942
0.386566 0.014067 0.000155128
0.383807 0.020696 0.00194646
0.384313 0.0178551 0.00246911
0.384619 0.0175971 0.0054915
0.384913 0.0203074 0.0010582
0.384977 0.0178137 0.00263223
0.385822 0.0160023 0.000580835
0.384402 0.0168999 0.00186948
0.383714 0.0181198 0.00335708
0.383631 0.0184325 0.00237165
0.385122 0.0212717 0.000940812
0.385444 0.0164064 0.00115681
0.385667 0.0160511 0.000832965
0.384405 0.0185994 0.00242993
0.385371 0.0154334 0.000676325
0.384274 0.0204606 0.0016062
0.384637 0.0223605 0.000333972
0.386182 0.0152683 0.000395711
0.384408 0.0164246 0.00161721
0.384784 0.0174699 0.00254279
0.38545 0.0168895 0.0017749
0.384016 0.0200932 0.0017793
0.384385 0.0189356 0.0027132
0.384801 0.0186719 0.00208505
0.383827 0.0193721 0.00218904
0.384353 0.0201712 0.00160844
0.385102 0.0213936 0.000667439
0.384729 0.0189484 0.00199334
0.385011 0.0168111 0.00172513
0.385339 0.0210738 0.000880059
0.38412 0.0185615 0.00288964
0.385216 0.0208662 0.0007017
0.386032 0.0144777 0.000376233
0.38454 0.0218801 0.000666328
0.384394 0.0208401 0.00113545
0.384334 0.0188817 0.00235676

VERTICES 873 1746
1 0
1 1
1 2
1 3
1 4
1 5
1 6
1 7
1 8
1 9
1 10
1 11
1 12
1 13
1 14
1 15
1 16
1 17
1 18
1 19
1 20
1 21
1 22
1 23
1 24
1 25
1 26
1 27
1 28
1 29
1 30
1 31
1 32
1 33
1 34
1 35
1 36
1 37
1 38
1 39
1 40
1 41
1 42
1 43
1 44
1 45
1 46
1 47
1 48
1 49
1 50
1 51
1 52
1 53
1 54
1 55
1 56
1 57
1 58
1 59
1 60
1 61
1 62
1 63
1 64
1 65
1 66
1 67
1 68
1 69
1 70
1 71
1 72
1 73
1 74
1 75
1 76
1 77
1 78
1 79
1 80
1 81
1 82
1 83
1 84
1 85
1 86
1 87
1 88
1 89
1 90
1 91
1 92
1 93
1 94
1 95
1 96
1 97
1 98
1 99
1 100
1 101
1 102
1 103
1 104
1 105
1 106
1 107
1 108
1 109
1 110
1 111
1 112
1 113
1 114
1 115
1 116
1 117
1 118
1 119
1 120
1 121
1 122
1 123
1 124
1 125
1 126
1 127
1 128
1 129
1 130
1 131
1 132
1 133
1 134
1 135
1 136
1 137
1 138
1 139
1 140
1 141
1 142
1 143
1 144
1 145
1 146
1 147
1 148
1 149
1 150
1 151
1 152
1 153
1 154
1 155
1 156
1 157
1 158
1 159
1 160
1 161
1 162
1 163
1 164
1 165
1 166
1 167
1 168
1 169
1 170
1 171
1 172
1 173
1 174
1 175
1 176
1 177
1 178
1 179
1 180
1 181
1 182
1 183
1 184
1 185
1 186
1 187
1 188
1 189
1 190
1 191
1 192
1 193
1 194
1 195
1 196
1 197
1 198
1 199
1 200
1 201
1 202
1 203
1 204
1 205
1 206
1 207
1 208
1 209
1 210
1 211
1 212
1 213
1 214
1 215
1 216
1 217
1 218
1 219
1 220
1 221
1 222
1 223
1 224
1 225
1 226
1 227
1 228
1 229
1 230
1 231
1 232
1 233
1 234
1 235
1 236
1 237
1 238
1 239
1 240
1 241
1 242
1 243
1 244
1 245
1 246
1 247
1 248
1 249
1 250
1 251
1 252
1 253
1 254
1 255
1 256
1 257
1 258
1 259
1 260
1 261
1 262
1 263
1 264
1 265
1 266
1 267
1 268
1 269
1 270
1 271
1 272
1 273
1 274
1 275
1 276
1 277
1 278
1 279
1 280
1 281
1 282
1 283
1 284
1 285
1 286
1 287
1 288
1 289
1 290
1 291
1 292
1 293
1 294
1 295
1 296
1 297
1 298
1 299
1 300
1 301
1 302
1 303
1 304
1 305
1 306
1 307
1 308
1 309
1 310
1 311
1 312
1 313
1 314
1 315
1 316
1 317
1 318
1 319
1 320
1 321
1 322
1 323
1 324
1 325
1 326
1 327
1 328
1 329
1 330
1 331
1 332
1 333
1 334
1 335
1 336
1 337
1 338
1 339
1 340
1 341
1 342
1 343
1 344
1 345
1 346
1 347
1 348
1 349
1 350
1 351
1 352
1 353
1 354
1 355
1 356
1 357
1 358
1 359
1 360
1 361
1 362
1 363
1 364
1 365
1 366
1 367
1 368
1 369
1 370
1 371
1 372
1 373
1 374
1 375
1 376
1 377
1 378
1 379
1 380
1 381
1 382
1 383
1 384
1 385
1 386
1 387
1 388
1 389
1 390
1 391
1 392
1 393
1 394
1 395
1 396
1 397
1 398
1 399
1 400
1 401
1 402
1 403
1 404
1 405
1 406
1 407
1 408
1 409
1 410
1 411
1 412
1 413
1 414
1 415
1 416
1 417
1 418
1 419
1 420
1 421
1 422
1 423
1 424
1 425
1 426
1 427
1 428
1 429
1 430
1 431
1 432
1 433
1 434
1 435
1 436
1 437
1 438
1 439
1 440
1 441
1 442
1 443
1 444
1 445
1 446
1 447
1 448
1 449
1 450
1 451
1 452
1 453
1 454
1 455
1 456
1 457
1 458
1 459
1 460
1 461
1 462
1 463
1 464
1 465
1 466
1 467
1 468
1 469
1 470
1 471
1 472
1 473
1 474
1 475
1 476
1 477
1 478
1 479
1 480
1 481
1 482
1 483
1 484
1 485
1 486
1 487
1 488
1 489
1 490
1 491
1 492
1 493
1 494
1 495
1 496
1 497
1 498
1 499
1 500
1 501
1 502
1 503
1 504
1 505
1 506
1 507
1 508
1 509
1 510
1 511
1 512
1 513
1 514
1 515
1 516
1 517
1 518
1 519
1 520
1 521
1 522
1 523
1 524
1 525
1 526
1 527
1 528
1 529
1 530
1 531
1 532
1 533
1 534
1 535
1 536
1 537
1 538
1 539
1 540
1 541
1 542
1 543
1 544
1 545
1 546
1 547
1 548
1 549
1 550
1 551
1 552
1 553
1 554
1 555
1 556
1 557
1 558
1 559
1 560
1 561
1 562
1 563
1 564
1 565
1 566
1 567
1 568
1 569
1 570
1 571
1 572
1 573
1 574
1 575
1 576
1 577
1 578
1 579
1 580
1 581
1 582
1 583
1 584
1 585
1 586
1 587
1 588
1 589
1 590
1 591
1 592
1 593
1 594
1 595
1 596
1 597
1 598
1 599
1 600
1 601
1 602
1 603
1 604
1 605
1 606
1 607
1 608
1 609
1 610
1 611
1 612
1 613
1 614
1 615
1 616
1 617
1 618
1 619
1 620
1 621
1 622
1 623
1 624
1 625
1 626
1 627
1 628
1 629
1 630
1 631
1 632
1 633
1 634
1 635
1 636
1 637
1 638
1 639
1 640
1 641
1 642
1 643
1 644
1 645
1 646
1 647
1 648
1 649
1 650
1 651
1 652
1 653
1 654
1 655
1 656
1 657
1 658
1 659
1 660
1 661
1 662
1 663
1 664
1 665
1 666
1 667
1 668
1 669
1 670
1 671
1 672
1 673
1 674
1 675
1 676
1 677
1 678
1 679
1 680
1 681
1 682
1 683
1 684
1 685
1 686
1 687
1 688
1 689
1 690
1 691
1 692
1 693
1 694
1 695
1 696
1 697
1 698
1 699
1 700
1 701
1 702
1 703
1 704
1 705
1 706
1 707
1 708
1 709
1 710
1 711
1 712
1 713
1 714
1 715
1 716
1 717
1 718
1 719
1 720
1 721
1 722
1 723
1 724
1 725
1 726
1 727
1 728
1 729
1 730
1 731
1 732
1 733
1 734
1 735
1 736
1 737
1 738
1 739
1 740
1 741
1 742
1 743
1 744
1 745
1 746
1 747
1 748
1 749
1 750
1 751
1 752
1 753
1 754
1 755
1 756
1 757
1 758
1 759
1 760
1 761
1 762
1 763
1 764
1 765
1 766
1 767
1 768
1 769
1 770
1 771
1 772
1 773
1 774
1 775
1 776
1 777
1 778
1 779
1 780
1 781
1 782
1 783
1 784
1 785
1 786
1 787
1 788
1 789
1 790
1 791
1 792
1 793
1 794
1 795
1 796
1 797
1 798
1 799
1 800
1 801
1 802
1 803
1 804
1 805
1 806
1 807
1 808
1 809
1 810
1 811
1 812
1 813
1 814
1 815
1 816
1 817
1 818
1 819
1 820
1 821
1 822
1 823
1 824
1 825
1 826
1 827
1 828
1 829
1 830
1 831
1 832
1 833
1 834
1 835
1 836
1 837
1 838
1 839
1 840
1 841
1 842
1 843
1 844
1 845
1 846
1 847
1 848
1 849
1 850
1 851
1 852
1 853
1 854
1 855
1 856
1 857
1 858
1 859
1 860
1 861
1 862
1 863
1 864
1 865
1 866
1 867
1 868
1 869
1 870
1 871
1 872

POINT_DATA 873
SCALARS id int 1
LOOKUP_TABLE default
1
2
3
4
5
6
7
8
9
10
11
12
13
14
15
16
17
18
19
20
21
22
23
24
25
26
27
28
29
30
32
33
34
35
36
37
39
40
41
42
43
44
45
46
47
48
49
50
51
52
53
54
56
57
58
59
60
61
62
63
64
65
67
68
69
70
71
72
73
74
75
76
77
78
79
80
81
82
83
84
85
86
87
88
89
90
91
92
93
94
95
96
97
98
99
100
101
102
103
104
105
106
107
108
109
110
111
112
113
114
115
116
117
118
119
120
121
122
123
124
125
126
127
129
130
131
132
133
134
135
136
137
138
139
140
141
142
143
144
145
146
147
148
149
150
151
153
154
155
156
157
158
159
160
161
162
163
164
165
166
167
168
169
170
171
172
173
174
175
176
177
178
179
180
181
182
183
184
185
186
187
188
189
190
191
192
193
194
195
196
197
198
199
200
201
202
203
204
205
206
208
209
210
211
212
213
214
215
217
218
219
220
221
222
223
225
226
227
228
229
230
231
232
233
234
235
236
237
238
239
240
241
242
243
244
245
246
247
248
249
250
251
252
253
254
255
256
257
258
259
260
261
262
263
264
265
266
267
268
269
270
271
273
274
275
276
277
278
279
280
281
282
283
284
285
286
287
288
289
290
291
292
293
294
295
296
297
299
300
301
302
303
304
305
306
307
308
309
310
311
312
313
314
315
316
317
318
319
320
321
322
323
324
325
326
327
328
329
330
331
332
333
334
335
336
337
338
339
340
341
342
343
344
345
346
347
348
349
350
351
352
353
354
355
356
357
358
359
360
361
362
363
364
365
366
367
368
369
370
371
372
373
374
375
376
377
378
379
381
382
383
384
385
386
387
388
389
390
391
392
393
394
395
396
397
398
399
400
401
402
404
405
406
407
408
409
410
411
412
413
414
415
416
417
418
419
420
421
422
423
424
426
427
428
429
430
431
432
434
435
436
437
438
439
440
441
442
443
444
445
446
447
448
449
451
452
453
454
455
456
457
458
459
460
461
462
463
464
465
466
467
468
469
470
471
472
473
474
475
476
477
478
479
480
481
482
483
484
485
486
487
489
490
491
492
493
494
495
496
497
498
499
500
501
502
503
504
505
506
507
508
509
510
511
512
513
514
515
516
517
518
519
520
521
522
523
524
525
526
527
528
529
530
531
532
533
534
535
536
537
538
539
540
541
542
543
544
545
546
547
548
549
550
551
552
553
554
555
556
557
558
559
560
561
562
563
564
565
566
567
568
569
570
571
572
573
574
575
576
577
579
580
581
582
583
584
585
586
587
588
589
590
591
592
593
594
595
596
597
598
599
600
601
602
603
605
606
607
608
609
610
611
612
613
614
615
616
617
618
619
620
621
622
623
624
625
626
627
628
629
630
631
632
633
634
635
636
637
638
640
641
642
643
644
645
646
647
648
649
650
651
652
653
654
655
656
659
660
661
662
663
664
665
666
667
668
669
670
671
672
673
674
675
676
677
678
679
680
681
682
683
684
685
686
687
688
690
691
692
693
694
695
696
698
699
700
701
702
703
704
705
706
707
708
709
710
711
712
713
714
715
716
717
718
719
720
721
722
723
724
725
726
727
728
729
730
731
732
733
734
735
736
738
739
740
741
742
743
744
745
746
747
748
749
750
751
752
753
754
755
756
757
758
759
760
761
762
764
765
766
767
768
769
770
771
772
773
774
775
776
777
778
779
780
781
782
783
784
785
786
787
788
789
791
792
793
794
795
796
797
798
799
800
801
802
803
804
805
806
807
808
809
810
811
812
813
814
815
816
817
818
819
820
821
822
823
824
825
826
827
828
829
830
831
832
833
834
835
836
837
838
839
840
841
842
843
844
845
846
847
848
849
850
851
852
853
854
855
856
857
858
859
860
861
862
863
864
865
866
867
868
869
870
871
872
873
874
875
876
877
878
879
880
881
882
883
884
885
886
887
888
889
890
891
892
893
894
895
896
897
898
899
900

SCALARS type int 1
LOOKUP_TABLE default
1
1
1
1
1
1
1
1
1
1
1
1
1
1
1
1
1
1
1
1
1
1
1
1
1
1
1
1
1
1
1
1
1
1
1
1
1
1
1
1
1
1
1
1
1
1
1
1
1
1
1
1
1
1
1
1
1
1
1
1
1
1
1
1
1
1
1
1
1
1
1
1
1
1
1
1
1
1
1
1
1
1
1
1
1
1
1
1
1
1
1
1
1
1
1
1
1
1
1
1
1
1
1
1
1
1
1
1
1
1
1
1
1
1
1
1
1
1
1
1
1
1
1
1
1
1
1
1
1
1
1
1
1
1
1
1
1
1
1
1
1
1
1
1
1
1
1
1
1
1
1
1
1
1
1
1
1
1
1
1
1
1
1
1
1
1
1
1
1
1
1
1
1
1
1
1
1
1
1
1
1
1
1
1
1
1
1
1
1
1
1
1
1
1
1
1
1
1
1
1
1
1
1
1
1
1
1
1
1
1
1
1
1
1
1
1
1
1
1
1
1
1
1
1
1
1
1
1
1
1
1
1
1
1
1
1
1
1
1
1
1
1
1
1
1
1
1
1
1
1
1
1
1
1
1
1
1
1
1
1
1
1
1
1
1
1
1
1
1
1
1
1
1
1
1
1
1
1
1
1
1
1
1
1
1
1
1
1
1
1
1
1
1
1
1
1
1
1
1
1
1
1
1
1
1
1
1
1
1
1
1
1
1
1
1
1
1
1
1
1
1
1
1
1
1
1
1
1
1
1
1
1
1
1
1
1
1
1
1
1
1
1
1
1
1
1
1
1
1
1
1
1
1
1
1
1
1
1
1
1
1
1
1
1
1
1
1
1
1
1
1
1
1
1
1
1
1
1
1
1
1
1
1
1
1
1
1
1
1
1
1
1
1
1
1
1
1
1
1
1
1
1
1
1
1
1
1
1
1
1
1
1
1
1
1
1
1
1
1
1
1
1
1
1
1
1
1
1
1
1
1
1
1
1
1
1
1
1
1
1
1
1
1
1
1
1
1
1
1
1
1
1
1
1
1
1
1
1
1
1
1
1
1
1
1
1
1
1
1
1
1
1
1
1
1
1
1
1
1
1
1
1
1
1
1
1
1
1
1
1
1
1
1
1
1
1
1
1
1
1
1
1
1
1
1
1
1
1
1
1
1
1
1
1
1
1
1
1
1
1
1
1
1
1
1
1
1
1
1
1
1
1
1
1
1
1
1
1
1
1
1
1
1
1
1
1
1
1
1
1
1
1
1
1
1
1
1
1
1
1
1
1
1
1
1
1
1
1
1
1
1
1
1
1
1
1
1
1
1
1
1
1
1
1
1
1
1
1
1
1
1
1
1
1
1
1
1
1
1
1
1
1
1
1
1
1
1
1
1
1
1
1
1
1
1
1
1
1
1
1
1
1
1
1
1
1
1
1
1
1
1
1
1
1
1
1
1
1
1
1
1
1
1
1
1
1
1
1
1
1
1
1
1
1
1
1
1
1
1
1
1
1
1
1
1
1
1
1
1
1
1
1
1
1
1
1
1
1
1
1
1
1
1
1
1
1
1
1
1
1
1
1
1
1
1
1
1
1
1
1
1
1
1
1
1
1
1
1
1
1
1
1
1
1
1
1
1
1
1
1
1
1
1
1
1
1
1
1
1
1
1
1
1
1
1
1
1
1
1
1
1
1
1
1
1
1
1
1
1
1
1
1
1
1
1
1
1
1
1
1
1
1
1
1
1
1
1
1
1
1
1
1
1
1
1
1
1
1
1
1
1
1
1
1
1
1
1
1
1
1
1
1
1
1
1
1
1
1
1
1
1
1
1
1
1
1
1
1
1
1
1
1
1
1
1
1
1
1
1
1
1
1
1
1
1
1
1
1
1
1
1
1
1
1
1
1
1
1
1
1
1
1
1
1
1
1
1
1
1
1
1
1
1
1
1
1
1
1
1
1
1
1
1
1
1
1
1
1
1
1
1
1
1

SCALARS radius float 1
LOOKUP_TABLE default
0.00015
0.00015
0.00015
0.00015
0.00015
0.00015
0.00015
0.00015
0.00015
0.00015
0.00015
0.00015
0.00015
0.00015
0.00015
0.00015
0.00015
0.00015
0.00015
0.00015
0.00015
0.00015
0.00015
0.00015
0.00015
0.00015
0.00015
0.00015
0.00015
0.00015
0.00015
0.00015
0.00015
0.00015
0.00015
0.00015
0.00015
0.00015
0.00015
0.00015
0.00015
0.00015
0.00015
0.00015
0.00015
0.00015
0.00015
0.00015
0.00015
0.00015
0.00015
0.00015
0.00015
0.00015
0.00015
0.00015
0.00015
0.00015
0.00015
0.00015
0.00015
0.00015
0.00015
0.00015
0.00015
0.00015
0.00015
0.00015
0.00015
0.00015
0.00015
0.00015
0.00015
0.00015
0.00015
0.00015
0.00015
0.00015
0.00015
0.00015
0.00015
0.00015
0.00015
0.00015
0.00015
0.00015
0.00015
0.00015
0.00015
0.00015
0.00015
0.00015
0.00015
0.00015
0.00015
0.00015
0.00015
0.00015
0.00015
0.00015
0.00015
0.00015
0.00015
0.00015
0.00015
0.00015
0.00015
0.00015
0.00015
0.00015
0.00015
0.00015
0.00015
0.00015
0.00015
0.00015
0.00015
0.00015
0.00015
0.00015
0.00015
0.00015
0.00015
0.00015
0.00015
0.00015
0.00015
0.00015
0.00015
0.00015
0.00015
0.00015
0.00015
0.00015
0.00015
0.00015
0.00015
0.00015
0.00015
0.00015
0.00015
0.00015
0.00015
0.00015
0.00015
0.00015
0.00015
0.00015
0.00015
0.00015
0.00015
0.00015
0.00015
0.00015
0.00015
0.00015
0.00015
0.00015
0.00015
0.00015
0.00015
0.00015
0.00015
0.00015
0.00015
0.00015
0.00015
0.00015
0.00015
0.00015
0.00015
0.00015
0.00015
0.00015
0.00015
0.00015
0.00015
0.00015
0.00015
0.00015
0.00015
0.00015
0.00015
0.00015
0.00015
0.00015
0.00015
0.00015
0.00015
0.00015
0.00015
0.00015
0.00015
0.00015
0.00015
0.00015
0.00015
0.00015
0.00015
0.00015
0.00015
0.00015
0.00015
0.00015
0.00015
0.00015
0.00015
0.00015
0.00015
0.00015
0.00015
0.00015
0.00015
0.00015
0.00015
0.00015
0.00015
0.00015
0.00015
0.00015
0.00015
0.00015
0.00015
0.00015
0.00015
0.00015
0.00015
0.00015
0.00015
0.00015
0.00015
0.00015
0.00015
0.00015
0.00015
0.00015
0.00015
0.00015
0.00015
0.00015
0.00015
0.00015
0.00015
0.00015
0.00015
0.00015
0.00015
0.00015
0.00015
0.00015
0.00015
0.00015
0.00015
0.00015
0.00015
0.00015
0.00015
0.00015
0.00015
0.00015
0.00015
0.00015
0.00015
0.00015
0.00015
0.00015
0.00015
0.00015
0.00015
0.00015
0.00015
0.00015
0.00015
0.00015
0.00015
0.00015
0.00015
0.00015
0.00015
0.00015
0.00015
0.00015
0.00015
0.00015
0.00015
0.00015
0.00015
0.00015
0.00015
0.00015
0.00015
0.00015
0.00015
0.00015
0.00015
0.00015
0.00015
0.00015
0.00015
0.00015
0.00015
0.00015
0.00015
0.00015
0.00015
0.00015
0.00015
0.00015
0.00015
0.00015
0.00015
0.00015
0.00015
0.00015
0.00015
0.00015
0.00015
0.00015
0.00015
0.00015
0.00015
0.00015
0.00015
0.00015
0.00015
0.00015
0.00015
0.00015
0.00015
0.00015
0.00015
0.00015
0.00015
0.00015
0.00015
0.00015
0.00015
0.00015
0.00015
0.00015
0.00015
0.00015
0.00015
0.00015
0.00015
0.00015
0.00015
0.00015
0.00015
0.00015
0.00015
0.00015
0.00015
0.00015
0.00015
0.00015
0.00015
0.00015
0.00015
0.00015
0.00015
0.00015
0.00015
0.00015
0.00015
0.00015
0.00015
0.00015
0.00015
0.00015
0.00015
0.00015
0.00015
0.00015
0.00015
0.00015
0.00015
0.00015
0.00015
0.00015
0.00015
0.00015
0.00015
0.00015
0.00015
0.00015
0.00015
0.00015
0.00015
0.00015
0.00015
0.00015
0.00015
0.00015
0.00015
0.00015
0.00015
0.00015
0.00015
0.00015
0.00015
0.00015
0.00015
0.00015
0.00015
0.00015
0.00015
0.00015
0.00015
0.00015
0.00015
0.00015
0.00015
0.00015
0.00015
0.00015
0.00015
0.00015
0.00015
0.00015
0.00015
0.00015
0.00015
0.00015
0.00015
0.00015
0.00015
0.00015
0.00015
0.00015
0.00015
0.00015
0.00015
0.00015
0.00015
0.00015
0.00015
0.00015
0.00015
0.00015
0.00015
0.00015
0.00015
0.00015
0.00015
0.00015
0.00015
0.00015
0.00015
0.00015
0.00015
0.00015
0.00015
0.00015
0.00015
0.00015
0.00015
0.00015
0.00015
0.00015
0.00015
0.00015
0.00015
0.00015
0.00015
0.00015
0.00015
0.00015
0.00015
0.00015
0.00015
0.00015
0.00015
0.00015
0.00015
0.00015
0.00015
0.00015
0.00015
0.00015
0.00015
0.00015
0.00015
0.00015
0.00015
0.00015
0.00015
0.00015
0.00015
0.00015
0.00015
0.00015
0.00015
0.00015
0.00015
0.00015
0.00015
0.00015
0.00015
0.00015
0.00015
0.00015
0.00015
0.00015
0.00015
0.00015
0.00015
0.00015
0.00015
0.00015
0.00015
0.00015
0.00015
0.00015
0.00015
0.00015
0.00015
0.00015
0.00015
0.00015
0.00015
0.00015
0.00015
0.00015
0.00015
0.00015
0.00015
0.00015
0.00015
0.00015
0.00015
0.00015
0.00015
0.00015
0.00015
0.00015
0.00015
0.00015
0.00015
0.00015
0.00015
0.00015
0.00015
0.00015
0.00015
0.00015
0.00015
0.00015
0.00015
0.00015
0.00015
0.00015
0.00015
0.00015
0.00015
0.00015
0.00015
0.00015
0.00015
0.00015
0.00015
0.00015
0.00015
0.00015
0.00015
0.00015
0.00015
0.00015
0.00015
0.00015
0.00015
0.00015
0.00015
0.00015
0.00015
0.00015
0.00015
0.00015
0.00015
0.00015
0.00015
0.00015
0.00015
0.00015
0.00015
0.00015
0.00015
0.00015
0.00015
0.00015
0.00015
0.00015
0.00015
0.00015
0.00015
0.00015
0.00015
0.00015
0.00015
0.00015
0.00015
0.00015
0.00015
0.00015
0.00015
0.00015
0.00015
0.00015
0.00015
0.00015
0.00015
0.00015
0.00015
0.00015
0.00015
0.00015
0.00015
0.00015
0.00015
0.00015
0.00015
0.00015
0.00015
0.00015
0.00015
0.00015
0.00015
0.00015
0.00015
0.00015
0.00015
0.00015
0.00015
0.00015
0.00015
0.00015
0.00015
0.00015
0.00015
0.00015
0.00015
0.00015
0.00015
0.00015
0.00015
0.00015
0.00015
0.00015
0.00015
0.00015
0.00015
0.00015
0.00015
0.00015
0.00015
0.00015
0.00015
0.00015
0.00015
0.00015
0.00015
0.00015
0.00015
0.00015
0.00015
0.00015
0.00015
0.00015
0.00015
0.00015
0.00015
0.00015
0.00015
0.00015
0.00015
0.00015
0.00015
0.00015
0.00015
0.00015
0.00015
0.00015
0.00015
0.00015
0.00015
0.00015
0.00015
0.00015
0.00015
0.00015
0.00015
0.00015
0.00015
0.00015
0.00015
0.00015
0.00015
0.00015
0.00015
0.00015
0.00015
0.00015
0.00015
0.00015
0.00015
0.00015
0.00015
0.00015
0.00015
0.00015
0.00015
0.00015
0.00015
0.00015
0.00015
0.00015
0.00015
0.00015
0.00015
0.00015
0.00015
0.00015
0.00015
0.00015
0.00015
0.00015
0.00015
0.00015
0.00015
0.00015
0.00015
0.00015
0.00015
0.00015
0.00015
0.00015
0.00015
0.00015
0.00015
0.00015
0.00015
0.00015
0.00015
0.00015
0.00015
0.00015
0.00015
0.00015
0.00015
0.00015
0.00015
0.00015
0.00015
0.00015
0.00015
0.00015
0.00015
0.00015
0.00015
0.00015
0.00015
0.00015
0.00015
0.00015
0.00015
0.00015
0.00015
0.00015
0.00015
0.00015
0.00015
0.00015
0.00015
0.00015
0.00015
0.00015
0.00015
0.00015
0.00015
0.00015
0.00015
0.00015
0.00015
0.00015
0.00015
0.00015
0.00015
0.00015
0.00015
0.00015
0.00015
0.00015
0.00015
0.00015
0.00015
0.00015
0.00015
0.00015
0.00015
0.00015
0.00015
0.00015
0.00015
0.00015
0.00015
0.00015
0.00015
0.00015
0.00015
0.00015
0.00015
0.00015
0.00015
0.00015
0.00015
0.00015
0.00015
0.00015
0.00015
0.00015
0.00015
0.00015
0.00015
0.00015
0.00015
0.00015
0.00015
0.00015
0.00015
0.00015
0.00015
0.00015
0.00015
0.00015
0.00015
0.00015
0.00015
0.00015
0.00015
0.00015
0.00015
0.00015
0.00015
0.00015
0.00015
0.00015
0.00015
0.00015
0.00015
0.00015
0.00015
0.00015
0.00015
0.00015
0.00015
0.00015
0.00015
0.00015
0.00015
0.00015
0.00015
0.00015
0.00015
0.00015
0.00015
0.00015
0.00015
0.00015
0.00015
0.00015
0.00015
0.00015
0.00015

SCALARS mass float 1
LOOKUP_TABLE default
3.95841e-09
3.95841e-09
3.95841e-09
3.95841e-09
3.95841e-09
3.95841e-09
3.95841e-09
3.95841e-09
3.95841e-09
3.95841e-09
3.95841e-09
3.95841e-09
3.95841e-09
3.95841e-09
3.95841e-09
3.95841e-09
3.95841e-09
3.95841e-09
3.95841e-09
3.95841e-09
3.95841e-09
3.95841e-09
3.95841e-09
3.95841e-09
3.95841e-09
3.95841e-09
3.95841e-09
3.95841e-09
3.95841e-09
3.95841e-09
3.95841e-09
3.95841e-09
3.95841e-09
3.95841e-09
3.95841e-09
3.95841e-09
3.95841e-09
3.95841e-09
3.95841e-09
3.95841e-09
3.95841e-09
3.95841e-09
3.95841e-09
3.95841e-09
3.95841e-09
3.95841e-09
3.95841e-09
3.95841e-09
3.95841e-09
3.95841e-09
3.95841e-09
3.95841e-09
3.95841e-09
3.95841e-09
3.95841e-09
3.95841e-09
3.95841e-09
3.95841e-09
3.95841e-09
3.95841e-09
3.95841e-09
3.95841e-09
3.95841e-09
3.95841e-09
3.95841e-09
3.95841e-09
3.95841e-09
3.95841e-09
3.95841e-09
3.95841e-09
3.95841e-09
3.95841e-09
3.95841e-09
3.95841e-09
3.95841e-09
3.95841e-09
3.95841e-09
3.95841e-09
3.95841e-09
3.95841e-09
3.95841e-09
3.95841e-09
3.95841e-09
3.95841e-09
3.95841e-09
3.95841e-09
3.95841e-09
3.95841e-09
3.95841e-09
3.95841e-09
3.95841e-09
3.95841e-09
3.95841e-09
3.95841e-09
3.95841e-09
3.95841e-09
3.95841e-09
3.95841e-09
3.95841e-09
3.95841e-09
3.95841e-09
3.95841e-09
3.95841e-09
3.95841e-09
3.95841e-09
3.95841e-09
3.95841e-09
3.95841e-09
3.95841e-09
3.95841e-09
3.95841e-09
3.95841e-09
3.95841e-09
3.95841e-09
3.95841e-09
3.95841e-09
3.95841e-09
3.95841e-09
3.95841e-09
3.95841e-09
3.95841e-09
3.95841e-09
3.95841e-09
3.95841e-09
3.95841e-09
3.95841e-09
3.95841e-09
3.95841e-09
3.95841e-09
3.95841e-09
3.95841e-09
3.95841e-09
3.95841e-09
3.95841e-09
3.95841e-09
3.95841e-09
3.95841e-09
3.95841e-09
3.95841e-09
3.95841e-09
3.95841e-09
3.95841e-09
3.95841e-09
3.95841e-09
3.95841e-09
3.95841e-09
3.95841e-09
3.95841e-09
3.95841e-09
3.95841e-09
3.95841e-09
3.95841e-09
3.95841e-09
3.95841e-09
3.95841e-09
3.95841e-09
3.95841e-09
3.95841e-09
3.95841e-09
3.95841e-09
3.95841e-09
3.95841e-09
3.95841e-09
3.95841e-09
3.95841e-09
3.95841e-09
3.95841e-09
3.95841e-09
3.95841e-09
3.95841e-09
3.95841e-09
3.95841e-09
3.95841e-09
3.95841e-09
3.95841e-09
3.95841e-09
3.95841e-09
3.95841e-09
3.95841e-09
3.95841e-09
3.95841e-09
3.95841e-09
3.95841e-09
3.95841e-09
3.95841e-09
3.95841e-09
3.95841e-09
3.95841e-09
3.95841e-09
3.95841e-09
3.95841e-09
3.95841e-09
3.95841e-09
3.95841e-09
3.95841e-09
3.95841e-09
3.95841e-09
3.95841e-09
3.95841e-09
3.95841e-09
3.95841e-09
3.95841e-09
3.95841e-09
3.95841e-09
3.95841e-09
3.95841e-09
3.95841e-09
3.95841e-09
3.95841e-09
3.95841e-09
3.95841e-09
3.95841e-09
3.95841e-09
3.95841e-09
3.95841e-09
3.95841e-09
3.95841e-09
3.95841e-09
3.95841e-09
3.95841e-09
3.95841e-09
3.95841e-09
3.95841e-09
3.95841e-09
3.95841e-09
3.95841e-09
3.95841e-09
3.95841e-09
3.95841e-09
3.95841e-09
3.95841e-09
3.95841e-09
3.95841e-09
3.95841e-09
3.95841e-09
3.95841e-09
3.95841e-09
3.95841e-09
3.95841e-09
3.95841e-09
3.95841e-09
3.95841e-09
3.95841e-09
3.95841e-09
3.95841e-09
3.95841e-09
3.95841e-09
3.95841e-09
3.95841e-09
3.95841e-09
3.95841e-09
3.95841e-09
3.95841e-09
3.95841e-09
3.95841e-09
3.95841e-09
3.95841e-09
3.95841e-09
3.95841e-09
3.95841e-09
3.95841e-09
3.95841e-09
3.95841e-09
3.95841e-09
3.95841e-09
3.95841e-09
3.95841e-09
3.95841e-09
3.95841e-09
3.95841e-09
3.95841e-09
3.95841e-09
3.95841e-09
3.95841e-09
3.95841e-09
3.95841e-09
3.95841e-09
3.95841e-09
3.95841e-09
3.95841e-09
3.95841e-09
3.95841e-09
3.95841e-09
3.95841e-09
3.95841e-09
3.95841e-09
3.95841e-09
3.95841e-09
3.95841e-09
3.95841e-09
3.95841e-09
3.95841e-09
3.95841e-09
3.95841e-09
3.95841e-09
3.95841e-09
3.95841e-09
3.95841e-09
3.95841e-09
3.95841e-09
3.95841e-09
3.95841e-09
3.95841e-09
3.95841e-09
3.95841e-09
3.95841e-09
3.95841e-09
3.95841e-09
3.95841e-09
3.95841e-09
3.95841e-09
3.95841e-09
3.95841e-09
3.95841e-09
3.95841e-09
3.95841e-09
3.95841e-09
3.95841e-09
3.95841e-09
3.95841e-09
3.95841e-09
3.95841e-09
3.95841e-09
3.95841e-09
3.95841e-09
3.95841e-09
3.95841e-09
3.95841e-09
3.95841e-09
3.95841e-09
3.95841e-09
3.95841e-09
3.95841e-09
3.95841e-09
3.95841e-09
3.95841e-09
3.95841e-09
3.95841e-09
3.95841e-09
3.95841e-09
3.95841e-09
3.95841e-09
3.95841e-09
3.95841e-09
3.95841e-09
3.95841e-09
3.95841e-09
3.95841e-09
3.95841e-09
3.95841e-09
3.95841e-09
3.95841e-09
3.95841e-09
3.95841e-09
3.95841e-09
3.95841e-09
3.95841e-09
3.95841e-09
3.95841e-09
3.95841e-09
3.95841e-09
3.95841e-09
3.95841e-09
3.95841e-09
3.95841e-09
3.95841e-09
3.95841e-09
3.95841e-09
3.95841e-09
3.95841e-09
3.95841e-09
3.95841e-09
3.95841e-09
3.95841e-09
3.95841e-09
3.95841e-09
3.95841e-09
3.95841e-09
3.95841e-09
3.95841e-09
3.95841e-09
3.95841e-09
3.95841e-09
3.95841e-09
3.95841e-09
3.95841e-09
3.95841e-09
3.95841e-09
3.95841e-09
3.95841e-09
3.95841e-09
3.95841e-09
3.95841e-09
3.95841e-09
3.95841e-09
3.95841e-09
3.95841e-09
3.95841e-09
3.95841e-09
3.95841e-09
3.95841e-09
3.95841e-09
3.95841e-09
3.95841e-09
3.95841e-09
3.95841e-09
3.95841e-09
3.95841e-09
3.95841e-09
3.95841e-09
3.95841e-09
3.95841e-09
3.95841e-09
3.95841e-09
3.95841e-09
3.95841e-09
3.95841e-09
3.95841e-09
3.95841e-09
3.95841e-09
3.95841e-09
3.95841e-09
3.95841e-09
3.95841e-09
3.95841e-09
3.95841e-09
3.95841e-09
3.95841e-09
3.95841e-09
3.95841e-09
3.95841e-09
3.95841e-09
3.95841e-09
3.95841e-09
3.95841e-09
3.95841e-09
3.95841e-09
3.95841e-09
3.95841e-09
3.95841e-09
3.95841e-09
3.95841e-09
3.95841e-09
3.95841e-09
3.95841e-09
3.95841e-09
3.95841e-09
3.95841e-09
3.95841e-09
3.95841e-09
3.95841e-09
3.95841e-09
3.95841e-09
3.95841e-09
3.95841e-09
3.95841e-09
3.95841e-09
3.95841e-09
3.95841e-09
3.95841e-09
3.95841e-09
3.95841e-09
3.95841e-09
3.95841e-09
3.95841e-09
3.95841e-09
3.95841e-09
3.95841e-09
3.95841e-09
3.95841e-09
3.95841e-09
3.95841e-09
3.95841e-09
3.95841e-09
3.95841e-09
3.95841e-09
3.95841e-09
3.95841e-09
3.95841e-09
3.95841e-09
3.95841e-09
3.95841e-09
3.95841e-09
3.95841e-09
3.95841e-09
3.95841e-09
3.95841e-09
3.95841e-09
3.95841e-09
3.95841e-09
3.95841e-09
3.95841e-09
3.95841e-09
3.95841e-09
3.95841e-09
3.95841e-09
3.95841e-09
3.95841e-09
3.95841e-09
3.95841e-09
3.95841e-09
3.95841e-09
3.95841e-09
3.95841e-09
3.95841e-09
3.95841e-09
3.95841e-09
3.95841e-09
3.95841e-09
3.95841e-09
3.95841e-09
3.95841e-09
3.95841e-09
3.95841e-09
3.95841e-09
3.95841e-09
3.95841e-09
3.95841e-09
3.95841e-09
3.95841e-09
3.95841e-09
3.95841e-09
3.95841e-09
3.95841e-09
3.95841e-09
3.95841e-09
3.95841e-09
3.95841e-09
3.95841e-09
3.95841e-09
3.95841e-09
3.95841e-09
3.95841e-09
3.95841e-09
3.95841e-09
3.95841e-09
3.95841e-09
3.95841e-09
3.95841e-09
3.95841e-09
3.95841e-09
3.95841e-09
3.95841e-09
3.95841e-09
3.95841e-09
3.95841e-09
3.95841e-09
3.95841e-09
3.95841e-09
3.95841e-09
3.95841e-09
3.95841e-09
3.95841e-09
3.95841e-09
3.95841e-09
3.95841e-09
3.95841e-09
3.95841e-09
3.95841e-09
3.95841e-09
3.95841e-09
3.95841e-09
3.95841e-09
3.95841e-09
3.95841e-09
3.95841e-09
3.95841e-09
3.95841e-09
3.95841e-09
3.95841e-09
3.95841e-09
3.95841e-09
3.95841e-09
3.95841e-09
3.95841e-09
3.95841e-09
3.95841e-09
3.95841e-09
3.95841e-09
3.95841e-09
3.95841e-09
3.95841e-09
3.95841e-09
3.95841e-09
3.95841e-09
3.95841e-09
3.95841e-09
3.95841e-09
3.95841e-09
3.95841e-09
3.95841e-09
3.95841e-09
3.95841e-09
3.95841e-09
3.95841e-09
3.95841e-09
3.95841e-09
3.95841e-09
3.95841e-09
3.95841e-09
3.95841e-09
3.95841e-09
3.95841e-09
3.95841e-09
3.95841e-09
3.95841e-09
3.95841e-09
3.95841e-09
3.95841e-09
3.95841e-09
3.95841e-09
3.95841e-09
3.95841e-09
3.95841e-09
3.95841e-09
3.95841e-09
3.95841e-09
3.95841e-09
3.95841e-09
3.95841e-09
3.95841e-09
3.95841e-09
3.95841e-09
3.95841e-09
3.95841e-09
3.95841e-09
3.95841e-09
3.95841e-09
3.95841e-09
3.95841e-09
3.95841e-09
3.95841e-09
3.95841e-09
3.95841e-09
3.95841e-09
3.95841e-09
3.95841e-09
3.95841e-09
3.95841e-09
3.95841e-09
3.95841e-09
3.95841e-09
3.95841e-09
3.95841e-09
3.95841e-09
3.95841e-09
3.95841e-09
3.95841e-09
3.95841e-09
3.95841e-09
3.95841e-09
3.95841e-09
3.95841e-09
3.95841e-09
3.95841e-09
3.95841e-09
3.95841e-09
3.95841e-09
3.95841e-09
3.95841e-09
3.95841e-09
3.95841e-09
3.95841e-09
3.95841e-09
3.95841e-09
3.95841e-09
3.95841e-09
3.95841e-09
3.95841e-09
3.95841e-09
3.95841e-09
3.95841e-09
3.95841e-09
3.95841e-09
3.95841e-09
3.95841e-09
3.95841e-09
3.95841e-09
3.95841e-09
3.95841e-09
3.95841e-09
3.95841e-09
3.95841e-09
3.95841e-09
3.95841e-09
3.95841e-09
3.95841e-09
3.95841e-09
3.95841e-09
3.95841e-09
3.95841e-09
3.95841e-09
3.95841e-09
3.95841e-09
3.95841e-09
3.95841e-09
3.95841e-09
3.95841e-09
3.95841e-09
3.95841e-09
3.95841e-09
3.95841e-09
3.95841e-09
3.95841e-09
3.95841e-09
3.95841e-09
3.95841e-09
3.95841e-09
3.95841e-09
3.95841e-09
3.95841e-09
3.95841e-09
3.95841e-09
3.95841e-09
3.95841e-09
3.95841e-09
3.95841e-09
3.95841e-09
3.95841e-09
3.95841e-09
3.95841e-09
3.95841e-09
3.95841e-09
3.95841e-09
3.95841e-09
3.95841e-09
3.95841e-09
3.95841e-09
3.95841e-09
3.95841e-09
3.95841e-09
3.95841e-09
3.95841e-09
3.95841e-09
3.95841e-09
3.95841e-09
3.95841e-09
3.95841e-09
3.95841e-09
3.95841e-09
3.95841e-09
3.95841e-09
3.95841e-09
3.95841e-09
3.95841e-09
3.95841e-09
3.95841e-09
3.95841e-09
3.95841e-09
3.95841e-09
3.95841e-09
3.95841e-09
3.95841e-09
3.95841e-09
3.95841e-09
3.95841e-09
3.95841e-09
3.95841e-09
3.95841e-09
3.95841e-09
3.95841e-09
3.95841e-09
3.95841e-09
3.95841e-09
3.95841e-09
3.95841e-09
3.95841e-09
3.95841e-09
3.95841e-09
3.95841e-09
3.95841e-09
3.95841e-09
3.95841e-09
3.95841e-09
3.95841e-09
3.95841e-09
3.95841e-09
3.95841e-09
3.95841e-09
3.95841e-09
3.95841e-09
3.95841e-09
3.95841e-09
3.95841e-09
3.95841e-09
3.95841e-09
3.95841e-09
3.95841e-09
3.95841e-09
3.95841e-09
3.95841e-09
3.95841e-09
3.95841e-09
3.95841e-09
3.95841e-09
3.95841e-09
3.95841e-09
3.95841e-09
3.95841e-09
3.95841e-09
3.95841e-09
3.95841e-09
3.95841e-09
3.95841e-09
3.95841e-09
3.95841e-09
3.95841e-09
3.95841e-09
3.95841e-09
3.95841e-09
3.95841e-09
3.95841e-09
3.95841e-09
3.95841e-09
3.95841e-09
3.95841e-09
3.95841e-09
3.95841e-09
3.95841e-09
3.95841e-09
3.95841e-09
3.95841e-09
3.95841e-09
3.95841e-09
3.95841e-09
3.95841e-09
3.95841e-09
3.95841e-09
3.95841e-09
3.95841e-09
3.95841e-09
3.95841e-09
3.95841e-09
3.95841e-09
3.95841e-09
3.95841e-09
3.95841e-09
3.95841e-09
3.95841e-09
3.95841e-09
3.95841e-09
3.95841e-09
3.95841e-09
3.95841e-09
3.95841e-09
3.95841e-09
3.95841e-09
3.95841e-09
3.95841e-09
3.95841e-09
3.95841e-09
3.95841e-09
3.95841e-09
3.95841e-09
3.95841e-09
3.95841e-09
3.95841e-09
3.95841e-09
3.95841e-09
3.95841e-09
3.95841e-09
3.95841e-09
3.95841e-09
3.95841e-09
3.95841e-09
3.95841e-09
3.95841e-09
3.95841e-09
3.95841e-09
3.95841e-09
3.95841e-09
3.95841e-09
3.95841e-09

VECTORS velocity float
2.78872e-11 1.35362e-10 4.41634e-11
-1.92535e-13 1.86612e-13 1.20827e-13
5.57075e-15 4.91605e-15 6.3888e-15
-1.07316e-13 9.56375e-14 -8.27059e-14
-7.30934e-13 9.90404e-13 4.08417e-13
2.10675e-13 -2.81331e-13 6.5605e-14
6.59835e-19 -1.35362e-22 -5.0412e-16
3.72276e-12 8.51811e-13 6.40395e-14
-6.33198e-13 5.97485e-13 -4.24764e-13
6.65624e-20 -8.3827e-20 -1.28184e-22
2.18606e-13 -1.69734e-13 -1.6078e-14
-1.16827e-17 4.7424e-23 8.91957e-15
9.00413e-14 1.01354e-13 -1.38916e-13
1.0075e-12 8.55611e-13 -5.61504e-15
-3.81948e-14 3.23882e-13 7.00747e-14
2.18e-13 -7.24891e-14 -5.4872e-14
5.73322e-13 -4.61768e-13 1.72178e-13
4.05443e-15 2.10416e-14 -8.30524e-14
-6.24822e-15 -5.37454e-15 -2.67769e-14
-6.24417e-15 5.03945e-15 -1.53611e-14
-1.14592e-12 7.24188e-13 4.32605e-14
1.99206e-13 2.18021e-13 -2.20031e-13
-5.19979e-13 1.01466e-12 -3.35067e-13
1.07855e-12 9.36399e-13 1.71385e-13
5.35068e-14 8.08657e-14 -5.77136e-14
6.43083e-13 -2.77606e-13 2.17775e-13
-2.52487e-13 1.12878e-13 -1.22596e-13
2.36792e-13 1.02226e-13 -1.13628e-13
2.04181e-13 1.70304e-13 1.39507e-13
-1.44878e-12 1.45208e-12 -1.90046e-13
1.78353e-13 6.37748e-13 4.05704e-14
1.48014e-12 1.27657e-12 4.55136e-13
-3.14119e-13 -4.3526e-14 1.0123e-13
5.0957e-14 8.63451e-13 2.48879e-13
-7.86439e-14 4.78417e-14 -1.7651e-14
3.68794e-14 2.28054e-13 7.23598e-14
-2.61109e-13 5.1975e-14 3.47717e-14
-2.65395e-13 -2.50853e-13 -3.76423e-14
-1.04128e-18 -6.91334e-24 7.9519e-16
-1.91185e-13 -1.66598e-13 6.65521e-15
6.31098e-14 -6.23598e-14 1.1922e-13
5.77027e-13 -1.03799e-12 1.40114e-13
2.5393e-13 1.52991e-12 -3.44231e-13
-1.08707e-12 -9.17766e-13 5.71821e-13
-1.28823e-13 2.00658e-13 1.86689e-14
-6.86324e-15 -4.73058e-14 2.34173e-15
5.05302e-15 1.5364e-14 4.7427e-15
1.29592e-12 -5.22276e-13 2.12279e-13
2.77069e-13 2.93998e-13 3.37406e-14
4.4004e-13 -3.45747e-13 5.65547e-15
-1.26743e-12 4.54708e-13 2.9017e-14
-2.25676e-13 8.26e-14 -1.30536e-15
3.50313e-14 3.80223e-14 -1.19469e-14
1.04805e-14 -4.00415e-14 2.59473e-13
-5.11539e-13 3.95423e-13 -2.57425e-13
1.1121e-12 2.14744e-14 1.81482e-13
-1.18107e-13 -5.12289e-14 1.26929e-14
-9.49539e-13 -5.71796e-13 1.03846e-13
1.79358e-13 -1.56612e-14 -2.37519e-14
-4.40839e-15 -2.1483e-14 1.38802e-14
2.43271e-13 -8.6477e-14 7.47046e-14
6.57158e-15 1.21036e-13 -3.6028e-14
-1.26155e-12 -3.52538e-14 7.96958e-14
1.01227e-15 -2.28594e-20 2.98741e-13
2.34268e-14 1.16708e-13 -1.69608e-14
-7.22197e-16 -4.78917e-15 6.30728e-14
-3.07625e-13 8.6119e-14 2.7914e-14
-6.16957e-13 1.4289e-12 4.1818e-13
-1.51131e-13 -2.30926e-14 -2.11818e-14
-3.4966e-14 1.6055e-14 -1.96006e-14
2.89515e-13 -1.85268e-14 1.97321e-13
-1.1178e-13 3.87595e-14 -8.68183e-15
-1.19061e-12 1.7321e-12 -6.40331e-13
-4.64674e-12 1.41555e-12 -9.24596e-13
7.89807e-14 1.16065e-12 -1.93786e-14
9.65791e-12 1.33248e-11 2.51127e-12
2.99197e-13 -6.57675e-14 -1.30133e-13
1.16858e-12 -4.92248e-13 -2.07198e-13
1.63034e-19 -8.11603e-21 -6.25198e-20
7.53946e-13 -8.09617e-14 8.09032e-14
-4.64338e-13 -3.23485e-13 -1.58051e-14
5.9515e-13 -1.82147e-13 -4.08959e-14
1.36941e-13 2.21862e-13 1.21533e-13
-2.16646e-12 1.61615e-12 5.10466e-13
3.32618e-14 1.47984e-13 4.27799e-14
9.27396e-13 -3.10314e-13 4.42046e-13
5.09103e-13 1.46788e-13 7.77197e-14
-1.67615e-12 1.70858e-13 -4.79707e-16
-7.02338e-13 2.77427e-13 3.98279e-13
-1.3559e-13 2.11257e-14 -4.45997e-14
2.42496e-14 -2.35288e-15 -2.37864e-14
1.87222e-13 -6.17451e-14 -1.2083e-15
9.0609e-18 2.21149e-22 -6.9181e-15
-8.36516e-13 -8.77002e-14 -2.67902e-13
-9.09317e-14 3.77571e-14 -3.95587e-14
-2.13328e-15 -1.41465e-14 1.86307e-13
-2.83545e-13 -5.74803e-14 -1.11633e-14
2.76633e-13 -1.47196e-13 9.65188e-14
-1.59563e-13 3.53008e-14 -1.23155e-14
-5.81196e-14 -9.14176e-14 1.97071e-14
-4.64378e-15 5.82509e-14 -6.04632e-14
1.53498e-13 -8.80461e-14 1.22062e-13
-1.12653e-12 -2.92748e-14 1.16384e-13
6.03232e-18 1.53908e-23 -4.60544e-15
7.90795e-14 2.00858e-13 3.36497e-14
9.24216e-13 1.52047e-12 7.39495e-15
-3.35039e-12 -1.40534e-12 1.59025e-14
-3.87812e-13 2.99833e-13 -5.01552e-14
3.2869e-13 2.1233e-13 2.04334e-13
2.94598e-12 6.54684e-13 5.39569e-13
2.41429e-12 8.12722e-13 1.7088e-13
-1.7592e-12 -1.34031e-12 -8.17692e-14
2.26505e-13 -1.16803e-12 2.27123e-13
-2.65107e-12 -6.40347e-14 -3.34957e-13
-1.05383e-12 4.30262e-13 -5.9157e-13
-3.16013e-12 -1.12763e-12 3.49128e-13
7.06392e-14 -2.39861e-14 -1.40934e-14
1.72271e-13 1.1646e-14 1.40369e-14
9.99619e-15 -2.96034e-15 9.0466e-15
-1.4083e-13 1.77179e-14 -1.38831e-13
-2.11815e-13 1.53671e-13 4.10263e-14
-1.47897e-12 4.90007e-13 -1.08149e-13
-7.37406e-13 2.86822e-13 4.44008e-14
8.26127e-14 9.98255e-13 8.98313e-14
1.74674e-13 -5.77439e-13 -9.47689e-14
-3.89779e-14 -2.92994e-14 2.5115e-14
9.19089e-14 -2.99112e-13 -1.31786e-14
7.51113e-13 8.41676e-13 3.24603e-13
-6.2802e-14 -7.16157e-14 -4.46609e-14
6.73993e-13 -9.13209e-13 3.09513e-13
-3.62025e-13 1.73487e-12 9.42831e-13
-3.0344e-13 2.84378e-13 -1.06787e-13
-3.02922e-13 9.83335e-14 -1.07308e-14
-1.06934e-12 1.63504e-12 3.08127e-13
-4.07918e-12 -1.53632e-12 -2.11167e-13
-8.69886e-18 -1.551e-22 6.6413e-15
1.33149e-12 -3.02038e-13 -2.03187e-15
3.60868e-13 7.7754e-13 -5.04831e-14
-3.14705e-13 -2.00932e-13 -9.08425e-14
2.32664e-14 7.06816e-14 2.79865e-14
-5.31798e-13 2.24176e-13 -1.10381e-13
-2.39088e-13 3.39038e-14 -5.37868e-14
4.12911e-13 -2.30477e-13 7.99451e-14
-2.23031e-12 1.08492e-12 -4.77613e-13
-2.13472e-12 1.73709e-12 -6.71214e-14
-4.89536e-14 -1.20483e-14 3.21609e-14
-7.66506e-13 1.01773e-12 -2.48484e-13
-1.89471e-13 1.01771e-13 1.32552e-13
-1.11849e-17 -4.58657e-22 8.53937e-15
-3.28963e-13 2.15168e-13 -1.1722e-13
-2.00435e-13 1.62303e-13 -4.98229e-14
-2.90205e-13 3.41801e-13 3.80693e-14
-1.28707e-12 1.98739e-12 -9.85961e-13
1.38673e-13 3.66276e-14 -5.01115e-14
-1.80608e-12 9.86737e-13 7.64446e-14
-3.11249e-13 5.11576e-14 -3.37408e-14
6.98651e-13 1.70573e-14 -3.29449e-14
-1.68943e-13 -5.73015e-14 1.06363e-13
-1.55946e-18 -1.9107e-22 1.19087e-15
4.74825e-14 2.74586e-14 1.36752e-14
1.30866e-12 1.20444e-12 6.94233e-13
1.02828e-12 5.84538e-14 2.87018e-13
5.84466e-13 5.94697e-13 6.77508e-14
6.03057e-14 -2.83815e-13 3.44459e-13
7.83445e-12 8.90102e-13 -8.36221e-14
-2.14568e-12 -4.37616e-13 -7.31707e-14
-5.28359e-13 1.29966e-13 -6.45583e-14
3.68514e-12 1.07514e-12 4.25581e-13
2.9606e-14 -3.06435e-14 1.21221e-14
1.34525e-12 7.6154e-13 1.0486e-13
1.70531e-13 2.04095e-14 5.00603e-14
1.11096e-13 -1.28341e-14 3.77988e-14
-1.44237e-13 -2.02657e-13 9.04826e-14
-1.17968e-12 2.86106e-13 -3.36861e-13
1.3485e-13 8.38405e-13 2.09497e-13
-3.94895e-13 2.80315e-13 1.35318e-13
-4.22933e-15 -3.51167e-14 3.19898e-15
1.27033e-13 5.54147e-14 -3.38132e-14
4.69191e-13 9.7092e-13 -9.62372e-13
4.58913e-14 -3.0464e-14 -1.00544e-15
2.41848e-13 2.89475e-13 2.37638e-13
-3.09106e-13 1.87417e-13 -9.57773e-14
-1.3249e-12 1.4272e-13 2.64741e-13
1.82726e-13 5.78492e-14 -6.43625e-14
8.10974e-13 -1.90312e-13 1.3358e-13
-1.07654e-12 1.73439e-12 -2.76709e-13
-1.74215e-13 1.59276e-13 1.26693e-13
-3.50177e-13 -2.07023e-13 5.38411e-14
-5.66258e-13 6.74356e-13 -2.44072e-13
7.9661e-13 -5.6539e-14 9.62227e-14
-1.3566e-13 2.13489e-13 -5.39885e-14
3.65122e-13 -1.28946e-14 8.9849e-14
-1.95472e-13 1.49744e-13 -5.49174e-14
-4.07557e-13 2.32508e-13 -1.27797e-13
1.63211e-12 1.0811e-12 7.4356e-13
-1.32601e-13 5.26396e-13 -1.88958e-13
1.38384e-13 -1.80932e-13 3.26702e-14
-2.69616e-11 5.8998e-12 1.61709e-12
5.64484e-13 -2.34303e-14 4.81723e-13
1.10679e-13 2.09281e-14 3.47599e-14
-2.95147e-13 1.85831e-13 -7.87783e-14
2.08806e-13 -1.79042e-13 1.66267e-14
-3.05564e-13 -1.28331e-13 -4.85314e-14
-2.52021e-11 7.69671e-12 -2.23004e-12
1.49985e-12 9.26336e-13 8.81228e-14
-8.75796e-13 1.15446e-12 3.93517e-15
1.39285e-12 -3.21756e-13 7.63145e-13
1.16133e-13 6.6706e-13 -2.8674e-13
1.53841e-14 -2.61766e-13 1.66793e-13
-1.46446e-14 1.33505e-13 6.94732e-15
-1.05446e-11 1.67742e-12 -1.90587e-12
-4.5925e-14 8.48349e-13 -7.30314e-14
2.18775e-13 -1.68097e-13 1.53252e-13
5.07039e-13 4.24144e-13 4.47262e-14
1.0783e-17 9.83635e-21 -8.23289e-15
5.65005e-13 -2.85473e-13 2.23483e-13
5.12152e-13 -5.2575e-13 3.24443e-13
1.6649e-13 5.0824e-13 3.43052e-14
1.79524e-13 -4.70759e-13 2.20061e-13
-1.37611e-12 3.09349e-13 -1.15376e-13
1.418e-13 3.28977e-13 6.29763e-13
-6.15131e-15 -3.42493e-14 6.49677e-14
-7.0748e-13 5.27695e-13 -1.06473e-13
4.40182e-13 -1.64556e-13 1.71553e-13
9.07384e-13 -5.56341e-13 2.7759e-13
-1.11844e-17 -2.48157e-22 8.53937e-15
2.13784e-13 1.83166e-12 -6.60861e-14
9.0808e-18 2.87071e-21 -6.93359e-15
-8.41794e-13 2.04428e-13 1.08788e-13
-8.96407e-13 1.1766e-12 -1.43223e-13
-1.4342e-12 5.71807e-13 1.56177e-13
-3.23927e-15 2.15467e-14 2.81605e-13
-1.40364e-12 4.95313e-13 1.57459e-13
-7.78789e-14 2.21035e-13 1.1627e-13
-1.82115e-12 -4.2987e-15 -4.6359e-13
3.45298e-13 -2.83141e-14 -1.39201e-13
-3.82642e-20 9.62734e-20 -3.9742e-20
2.1958e-13 -2.25253e-13 -1.52055e-13
1.51974e-13 2.30089e-13 -4.07577e-14
-3.23294e-13 7.02725e-14 2.12899e-15
-3.44079e-12 1.03947e-12 9.05408e-13
-1.53847e-13 5.41344e-14 -3.15671e-14
-5.8733e-13 2.77418e-13 -5.40871e-14
2.3048e-12 -8.77327e-13 5.10347e-13
-5.69494e-13 2.89868e-13 -2.46821e-13
-2.13338e-15 -1.41466e-14 1.86307e-13
-1.62663e-12 -2.05702e-13 -5.51423e-13
-5.65487e-13 4.06044e-13 -7.4114e-14
5.34417e-13 4.7947e-13 1.66772e-13
4.15816e-13 -1.74897e-13 1.92966e-13
1.95246e-13 3.00872e-13 2.16324e-13
3.56475e-15 1.90828e-14 -2.18296e-13
1.91624e-14 2.06309e-14 -1.22355e-14
3.49477e-13 6.6924e-14 5.95528e-14
-3.88104e-13 9.61091e-13 8.00665e-17
6.70873e-14 -1.33637e-13 2.8821e-14
6.03113e-18 2.79781e-23 -4.60544e-15
-6.08271e-13 5.42629e-14 6.23585e-13
8.35513e-13 -9.37194e-13 3.54461e-13
1.94564e-12 6.9603e-13 3.56018e-13
2.45028e-12 9.0633e-14 -1.74887e-13
6.88652e-14 6.20998e-14 -1.22421e-14
3.07154e-13 6.40505e-13 2.35836e-13
7.88951e-13 3.14216e-13 1.51009e-13
-4.497e-12 5.43653e-12 5.1831e-12
1.6225e-12 2.75359e-13 -3.29706e-13
-3.38294e-13 1.71834e-13 -1.36009e-13
3.90465e-12 -1.22387e-13 -5.60359e-13
3.12085e-13 4.01136e-13 1.09369e-13
5.91903e-14 -6.2036e-14 -9.40257e-15
1.10107e-12 -6.42005e-13 -2.74908e-13
1.07555e-12 -3.68819e-14 -4.07239e-14
9.02113e-13 -3.04611e-14 1.1814e-12
-2.44239e-12 1.72071e-12 -1.2132e-12
4.29238e-12 1.74957e-12 4.40392e-13
-4.55412e-13 1.33918e-12 4.46778e-13
1.28227e-12 -7.03044e-14 7.24555e-14
-2.95669e-12 -1.168e-12 2.04402e-13
-8.66689e-13 1.59979e-12 -4.95706e-13
1.21342e-12 1.76806e-12 -1.76096e-13
1.28699e-13 2.96013e-13 -1.25564e-13
-2.18058e-12 4.40334e-15 1.3228e-13
-4.45917e-13 3.42105e-13 -4.51074e-14
7.51283e-13 -3.65552e-14 8.966e-14
2.59979e-13 2.76866e-13 6.17148e-13
1.06442e-13 1.46622e-12 1.03597e-13
-3.06599e-12 1.42887e-12 4.33868e-14
-1.06982e-12 1.75083e-12 -7.8376e-13
9.80205e-13 -6.95308e-13 -1.5874e-13
-2.58779e-13 -7.03605e-14 6.53793e-15
8.71626e-13 4.56072e-13 -6.30679e-14
3.00498e-13 -3.06858e-13 1.44057e-13
2.86304e-12 -6.96906e-13 3.9223e-13
-4.04273e-13 3.00946e-13 -2.53139e-14
-5.77533e-13 3.42121e-13 -1.29463e-13
2.65697e-15 1.23857e-14 1.36177e-14
2.22675e-12 4.31192e-13 8.90937e-14
2.29347e-13 -1.04803e-14 -3.11543e-14
4.03709e-12 1.70281e-12 5.39765e-13
-9.18394e-13 8.94027e-13 2.33736e-14
-2.49688e-13 3.0744e-13 -1.08569e-13
1.8171e-13 -1.1535e-14 -1.03574e-13
-1.57643e-12 -3.08061e-13 -3.43686e-13
-5.25916e-13 3.42504e-13 8.72089e-15
1.16994e-12 4.06919e-13 4.36239e-13
-3.93084e-13 1.05046e-12 -5.70627e-14
-4.3058e-13 6.30783e-13 2.78661e-14
1.26819e-14 -1.08506e-13 4.77067e-14
-2.61736e-13 1.20491e-12 -4.15762e-13
1.00284e-12 -8.67145e-13 2.60786e-13
1.0644e-12 3.08878e-13 -1.048e-13
-1.3396e-13 3.44113e-13 6.0915e-13
1.24091e-14 -3.50155e-14 -5.14876e-14
-8.51884e-13 2.32723e-13 6.33052e-14
-1.043e-12 9.06773e-13 -3.07434e-13
6.26893e-13 -6.13485e-13 4.36234e-13
-7.93328e-14 2.3756e-13 -2.40344e-13
7.07173e-13 4.78032e-13 4.41554e-13
-9.24948e-13 3.39328e-13 -2.29742e-13
1.07428e-13 1.11986e-12 1.2507e-13
-4.79369e-12 -1.19795e-12 7.97948e-13
4.25394e-12 -1.00585e-12 6.33298e-13
5.84453e-12 -1.27368e-12 1.59896e-13
-2.54551e-14 1.75454e-13 1.10284e-14
2.53652e-14 1.72951e-13 -1.56695e-14
-2.23455e-12 1.11943e-12 5.10536e-13
-5.51496e-14 4.73625e-14 1.18768e-13
-4.65596e-12 1.15256e-12 -8.44252e-13
3.08364e-13 1.48655e-13 -1.22183e-14
8.17173e-13 -3.95693e-13 2.67239e-13
2.39e-13 7.88038e-13 -2.42763e-13
1.28788e-12 1.73403e-12 8.34761e-13
2.37632e-14 -5.04226e-13 -2.66168e-14
-5.83804e-13 -5.29059e-13 1.01261e-13
-1.97393e-12 -6.89626e-13 2.77353e-13
-2.1287e-12 4.04423e-13 1.57876e-13
-3.39537e-12 5.1612e-13 1.11217e-12
1.6065e-13 5.50772e-13 -2.68851e-14
-9.46189e-18 1.04682e-21 7.22451e-15
2.91936e-12 7.50767e-13 1.92458e-12
-3.4893e-13 1.66098e-12 1.84873e-13
8.36604e-13 -4.04426e-13 -3.72128e-14
5.0371e-13 8.04037e-13 -5.1724e-13
-2.70262e-12 7.45763e-14 2.75465e-13
-3.23988e-12 1.7227e-12 -1.94339e-12
-9.58858e-13 1.31343e-13 1.80998e-13
-9.56459e-13 -6.89985e-14 -1.60445e-13
8.89668e-13 -9.05875e-13 2.2385e-13
6.9892e-13 7.02631e-13 2.54065e-13
1.20474e-12 -1.97506e-13 9.11407e-14
-2.72748e-15 -6.49969e-14 2.80781e-13
6.09242e-12 -4.74774e-13 -6.36736e-13
3.16442e-13 -1.31118e-13 1.41375e-13
-2.00534e-13 1.84828e-13 -2.13908e-13
-1.16172e-13 1.30664e-13 7.18252e-14
-2.04974e-17 8.32667e-14 2.74514e-13
-1.54512e-14 1.86104e-13 5.36081e-13
-2.9414e-12 1.72099e-12 -6.09143e-13
-1.71705e-14 1.67508e-14 5.69435e-15
-9.87918e-13 1.64103e-12 1.30537e-13
-3.7895e-13 5.09332e-13 2.21065e-13
1.32905e-19 4.80173e-20 -2.92148e-20
2.78659e-13 3.36534e-13 -1.69562e-13
3.36394e-12 -1.00834e-12 6.54755e-13
-5.65957e-12 3.02311e-12 -6.67945e-14
-2.09171e-12 6.51256e-13 -9.08889e-13
-1.68764e-12 1.38023e-12 6.97683e-14
-9.58166e-13 7.57219e-13 -9.57887e-13
-2.27873e-12 1.72889e-12 -1.16719e-12
-1.51957e-13 2.51885e-13 -3.56583e-14
-7.68256e-14 3.46439e-13 1.99703e-13
-2.04197e-12 3.54751e-12 -1.26509e-12
1.10501e-12 6.72711e-13 3.75775e-13
5.10116e-14 -1.76697e-13 -9.36578e-14
-9.57509e-13 1.81424e-12 -5.98128e-15
4.51035e-15 -1.48072e-13 1.19008e-13
1.36393e-13 2.11698e-13 -3.24955e-14
1.92561e-12 1.28649e-12 -1.69541e-13
-9.54362e-13 6.82344e-13 1.49675e-13
8.08174e-14 3.20536e-13 2.68701e-13
-8.15292e-12 5.24213e-12 7.51043e-12
2.16694e-14 -4.8839e-13 1.34596e-13
-2.5215e-13 -1.28048e-14 -7.25848e-14
-5.90742e-13 3.75015e-13 -3.1293e-15
1.62702e-14 2.1695e-13 6.49647e-19
-6.29744e-13 3.37372e-13 9.62245e-15
5.61559e-13 8.25811e-13 2.5938e-13
-2.44766e-16 8.78572e-23 -7.22357e-14
3.32391e-12 1.1038e-12 6.42291e-13
-3.568e-13 3.79863e-13 -1.77696e-13
4.96846e-13 -3.61529e-13 7.38048e-13
-6.12186e-13 1.79822e-12 -7.6398e-13
-3.24192e-13 1.12723e-14 1.07453e-13
-8.14391e-13 4.82882e-13 -3.26792e-14
3.13169e-13 2.4065e-13 -2.9626e-14
2.25494e-12 1.13479e-12 4.34727e-13
-2.68461e-12 1.60855e-12 8.82583e-13
-2.22722e-12 6.72333e-13 -3.14477e-13
3.9338e-13 -4.69884e-13 -1.03838e-13
3.97011e-13 -4.56477e-13 3.12587e-13
2.13758e-13 -2.93055e-13 3.08159e-13
-2.03907e-13 -4.80513e-14 2.8852e-13
4.41115e-12 4.07324e-13 2.60522e-13
2.70585e-14 -9.50444e-13 2.75681e-13
1.34495e-12 -7.37901e-13 6.88001e-14
-1.0335e-12 -1.89746e-13 -5.51884e-13
5.52329e-18 -5.98497e-21 -4.21679e-15
-6.0891e-13 -9.4377e-14 1.09633e-13
-7.37478e-12 8.51958e-12 6.1178e-13
-6.71396e-14 -2.95713e-15 1.54583e-13
1.04648e-12 -2.87974e-13 6.6851e-13
-7.63697e-13 2.64602e-13 -5.46532e-13
5.06173e-13 6.87517e-13 -4.88773e-14
4.40072e-13 4.83244e-13 -1.18222e-14
-4.56095e-15 7.10214e-16 -7.57163e-15
2.19398e-20 -3.57806e-21 1.06576e-20
3.50507e-13 5.59228e-14 -1.73222e-13
1.33052e-12 -7.78723e-13 4.08241e-13
-1.27079e-12 -5.90225e-13 -2.73376e-14
1.76979e-13 -1.11673e-13 2.50131e-13
-8.52866e-13 1.73718e-12 -5.51374e-13
-1.56598e-12 -7.95834e-13 -5.98202e-13
3.53875e-12 1.79488e-12 1.28386e-13
-4.03802e-13 -2.38514e-13 7.58697e-14
6.05397e-13 -6.24797e-13 5.30615e-13
-2.7352e-13 -2.2239e-13 -6.19065e-14
4.69937e-13 1.57213e-13 9.2037e-14
-4.32831e-13 6.42037e-13 -1.00196e-13
4.60506e-15 2.91896e-14 -1.30461e-14
-6.3161e-19 1.96309e-20 4.82091e-16
-1.76248e-14 3.71792e-13 1.56952e-14
4.27826e-13 5.6076e-13 1.18976e-13
1.54814e-12 8.91682e-13 -1.07821e-13
-1.06041e-13 1.82242e-12 2.45282e-14
-7.76146e-13 4.26949e-13 9.94469e-14
2.24869e-13 2.19156e-13 5.99764e-14
7.97884e-14 -1.981e-13 8.74965e-14
-8.77169e-14 2.51262e-13 8.73569e-14
-2.68117e-12 6.59295e-13 -8.00637e-14
1.4225e-12 4.1776e-13 2.70661e-13
6.65595e-14 -3.85498e-13 1.59767e-13
7.53869e-13 -6.43647e-13 5.40082e-13
3.09753e-14 6.26751e-13 2.17624e-13
-2.72063e-12 -1.10668e-12 1.074e-12
-1.42604e-12 4.13048e-12 -1.02316e-12
-3.16194e-14 1.13707e-16 5.76281e-14
-2.38091e-12 9.77824e-13 -1.47556e-13
-2.57599e-12 -6.61039e-13 -9.83222e-13
1.52762e-15 -3.68197e-14 -1.58621e-13
-7.04724e-15 -2.76588e-13 1.03549e-15
3.4534e-15 7.82743e-15 4.92711e-14
-7.46081e-16 1.79853e-14 7.74819e-14
-3.47238e-12 3.79131e-12 -1.87389e-12
-1.28594e-13 -1.56541e-13 -3.68022e-14
-9.95469e-13 1.5746e-12 -1.20384e-14
4.62672e-12 -9.90542e-13 -5.59558e-13
-9.50343e-12 1.14566e-12 -7.71218e-13
-1.96572e-13 -4.12669e-14 1.1236e-13
7.5494e-13 -8.20092e-13 4.29733e-13
-2.59174e-13 9.97725e-13 3.44108e-13
3.64634e-12 2.04504e-12 1.07763e-13
1.45379e-11 3.50982e-13 8.60751e-13
-1.45381e-13 5.1187e-13 -4.82011e-14
9.07487e-14 9.69115e-14 2.70449e-14
-1.42544e-12 2.57432e-13 3.18555e-13
-3.30586e-12 -7.59802e-14 -1.22983e-13
-1.21974e-13 2.01351e-12 1.70597e-12
3.9483e-13 -2.19182e-15 2.21223e-13
7.16356e-13 8.80932e-14 -3.05812e-14
8.68917e-13 7.90756e-13 4.00925e-13
-1.97248e-12 5.23188e-13 -6.43206e-13
-2.38807e-12 1.5303e-12 -6.59152e-13
-8.39115e-20 1.4083e-20 -1.1624e-19
1.65347e-12 7.84599e-13 7.98913e-13
-1.80041e-12 1.74259e-12 6.39281e-14
1.58616e-12 7.84055e-13 3.22981e-13
-3.42973e-12 2.2649e-12 -1.53109e-12
4.79025e-13 1.51249e-12 1.03358e-12
-1.87046e-13 1.10995e-13 1.80243e-15
-2.1332e-15 -1.41466e-14 1.86308e-13
1.34994e-12 -1.02536e-12 -6.14111e-15
5.76498e-13 8.09156e-13 3.65505e-13
1.64667e-12 -4.46188e-13 -3.31297e-13
-3.77083e-14 -4.88956e-14 1.26656e-14
-2.34209e-13 4.80998e-13 2.92279e-13
-2.36889e-12 1.90916e-12 -5.72109e-13
6.19219e-13 3.2474e-13 2.89064e-13
3.66051e-13 -2.5866e-13 1.68997e-13
-1.6459e-11 1.01639e-11 2.63621e-12
-2.05773e-14 -1.6705e-13 3.38055e-13
-3.56468e-12 4.48589e-13 2.60594e-13
4.42344e-13 -8.50395e-13 -1.47084e-13
-1.86429e-12 1.17115e-12 6.86637e-13
-6.17954e-13 3.78351e-13 8.83106e-15
-1.20205e-11 1.26554e-11 1.31578e-12
-7.03152e-14 2.43688e-13 4.13402e-13
-1.73547e-12 1.38947e-12 5.1243e-13
-1.46876e-13 1.73613e-12 7.80693e-13
-9.18468e-19 4.28703e-19 4.82082e-16
-5.94457e-13 1.77383e-12 -1.36841e-13
5.45838e-14 -3.66415e-13 -2.05414e-13
2.80231e-13 2.02706e-13 2.80715e-13
-4.40198e-14 -2.47822e-14 6.26511e-15
-1.11968e-12 1.0086e-12 2.41031e-13
8.13301e-13 8.8333e-13 -2.9705e-13
-5.05745e-13 9.61221e-13 1.09367e-12
1.35716e-13 -9.20362e-13 6.49304e-13
-2.4476e-16 8.85665e-22 -7.22337e-14
7.99531e-14 1.26655e-12 -4.8631e-13
-8.37235e-13 1.76298e-12 1.35369e-13
-2.57787e-13 1.75722e-12 7.05487e-14
1.95562e-13 2.25136e-14 4.22003e-13
6.73253e-14 -4.89284e-13 3.53878e-13
2.7709e-12 -2.53328e-12 -1.82539e-13
-5.49503e-14 1.55797e-12 7.43008e-13
-4.23951e-14 5.75036e-13 3.21289e-13
-4.23196e-13 1.69418e-13 -5.2177e-14
6.56404e-22 -2.36567e-19 -1.176e-18
-3.4202e-13 -2.29929e-14 -4.34673e-14
1.04699e-13 7.82345e-13 1.78375e-13
6.35391e-15 3.79726e-13 -7.01581e-16
5.285e-13 -8.28941e-13 6.77308e-14
2.11053e-12 -1.79718e-12 1.44028e-12
-3.68363e-13 1.04941e-13 1.88048e-14
8.96233e-13 -4.97118e-13 5.00351e-13
-6.42985e-13 3.73866e-13 -5.62292e-14
9.1196e-13 1.249e-12 -1.19425e-13
-5.65044e-12 -9.55164e-13 1.67859e-12
4.84832e-13 1.72267e-13 1.92777e-13
-9.66086e-18 6.04873e-21 7.37626e-15
5.32985e-13 1.54589e-12 -5.8539e-13
6.44822e-16 4.27582e-15 -5.63117e-14
-3.59949e-12 1.14255e-12 9.2081e-13
-2.00166e-12 1.11509e-12 2.17402e-13
1.94436e-13 1.9435e-13 6.55233e-14
-4.79893e-13 8.70809e-13 7.37646e-14
-9.52555e-13 1.73369e-12 -3.67204e-13
-5.6923e-18 3.56225e-23 4.34637e-15
6.7726e-13 6.0053e-13 2.0736e-13
5.89261e-13 -6.5153e-13 -2.45977e-13
6.48276e-13 -1.31026e-13 8.25813e-13
-1.46939e-13 -2.83391e-13 3.43943e-13
5.17066e-12 1.00525e-13 -8.21239e-13
-4.59222e-12 4.75646e-12 -5.59594e-14
5.3357e-13 -2.33206e-13 5.25989e-13
-1.14409e-12 5.78167e-13 3.36243e-13
-1.06714e-16 1.22222e-14 4.85171e-14
2.37539e-13 3.4394e-13 3.02218e-14
-1.92935e-13 -6.17855e-14 8.88726e-14
2.64584e-12 -1.17394e-12 1.00188e-13
4.4317e-13 -7.1876e-13 4.18257e-13
4.39505e-15 1.1857e-13 -6.38402e-14
-8.27078e-13 2.3974e-13 -1.60884e-13
-1.5223e-12 8.12068e-12 -2.75401e-12
4.06567e-12 4.40748e-14 3.67028e-12
-2.07656e-12 -1.45526e-12 -9.28327e-14
5.30368e-12 -7.8846e-13 1.19903e-12
6.26109e-13 9.75344e-13 3.56123e-13
-3.04138e-12 1.73584e-12 8.49571e-13
4.06373e-13 -7.04279e-13 5.02976e-13
-4.68238e-13 -1.92532e-13 1.39605e-13
4.60786e-19 -1.98971e-19 8.73082e-21
-7.46349e-16 1.79848e-14 7.74801e-14
1.77674e-17 4.01392e-17 2.53031e-16
-3.87576e-13 -4.57456e-13 3.03929e-13
-7.97735e-16 2.00913e-15 1.24395e-14
1.69702e-13 -5.53966e-14 2.12014e-14
5.98861e-13 -2.79466e-13 6.90996e-13
-6.23993e-13 7.31841e-13 -3.70725e-13
-9.58933e-13 1.35891e-13 2.50847e-13
-1.86072e-12 -1.15375e-13 1.83082e-13
-5.63132e-13 8.37147e-13 -1.30172e-14
1.01982e-12 -3.8845e-13 4.15095e-13
1.83579e-12 1.91667e-12 -1.01107e-12
1.01266e-15 -6.73961e-15 -8.80823e-14
1.0428e-12 -1.67532e-13 1.02125e-12
-4.04771e-12 5.14475e-12 6.05559e-12
3.92835e-13 1.14797e-12 6.19341e-13
-2.81428e-13 1.30217e-12 -1.11016e-13
2.29191e-13 1.31546e-13 5.19891e-14
2.7061e-12 1.3234e-12 3.94774e-13
4.43475e-12 7.05053e-13 1.56401e-12
-7.20771e-13 1.64225e-13 -6.93277e-14
-5.91835e-13 8.88482e-13 5.15795e-13
-3.54016e-12 3.37609e-13 -3.58968e-13
2.8082e-11 -5.941e-12 3.0002e-12
-3.47801e-13 2.63581e-13 2.64746e-13
4.54771e-14 -2.32702e-13 7.75532e-13
1.87626e-12 1.71257e-12 -7.84526e-13
-2.55978e-12 2.0626e-12 4.78322e-13
9.61374e-13 3.3415e-13 4.7237e-13
-1.30303e-13 -1.27442e-13 -1.91051e-14
-3.35202e-13 1.72944e-12 -8.35728e-13
-4.71251e-13 -1.89652e-13 5.7012e-13
2.4778e-12 1.98219e-13 2.75865e-13
3.37959e-12 -1.52785e-12 4.66794e-13
-6.63774e-16 1.31801e-21 -1.95892e-13
3.51591e-14 -9.97972e-13 -1.00568e-13
2.38414e-13 9.28474e-14 1.89799e-13
-2.70186e-11 6.01078e-12 9.56682e-12
-1.26175e-12 -5.84597e-14 -3.19604e-13
5.33666e-14 -1.45852e-13 -2.12991e-15
-1.09074e-12 2.40853e-12 -4.42512e-13
2.54172e-12 -6.82243e-14 -4.34871e-13
-1.39395e-11 -2.87761e-12 -2.97869e-13
7.22003e-13 7.59285e-13 6.07232e-13
-3.47577e-19 -4.28363e-19 4.82082e-16
-2.24765e-12 -2.73723e-13 -2.73888e-13
1.71918e-12 8.46723e-13 3.10745e-13
-2.35636e-12 1.03783e-12 2.34199e-15
-8.00642e-20 -4.65261e-20 3.46343e-20
1.07284e-12 -3.99581e-13 3.51366e-13
-2.52039e-13 1.71554e-13 -1.58416e-13
6.57555e-14 3.22215e-13 -6.25661e-14
-8.02726e-14 1.16703e-13 2.08991e-13
9.43256e-13 1.74079e-12 -2.51949e-13
-1.2507e-12 -3.65999e-13 7.66956e-14
5.45786e-12 -1.71806e-12 8.27298e-13
1.44046e-13 1.04512e-13 -4.40307e-15
-1.54243e-20 4.72082e-20 -1.1938e-20
-3.29766e-13 1.73432e-12 2.8992e-13
1.07812e-13 1.76083e-13 1.84817e-13
3.90903e-13 -1.78307e-13 2.08406e-13
-3.02512e-13 7.38831e-13 2.75812e-14
-3.31956e-13 -6.97202e-13 -1.01774e-13
-1.16549e-12 -1.01222e-12 -2.48761e-14
1.99107e-12 1.26592e-12 7.29372e-13
-3.62482e-12 1.14935e-12 -5.40656e-13
4.22244e-13 2.755e-13 2.15392e-13
9.62779e-13 5.62812e-13 1.77223e-12
-1.16151e-11 1.73649e-12 2.01858e-12
-2.6873e-12 4.98251e-13 3.97853e-13
-2.40734e-13 6.81233e-14 -2.64227e-14
2.66611e-12 1.43785e-12 -3.3541e-14
3.43605e-12 5.32458e-13 2.23978e-13
3.75257e-13 1.14248e-13 -6.42302e-14
-3.5939e-12 9.70932e-13 3.43458e-12
-1.82183e-15 1.2118e-14 1.58376e-13
7.8265e-13 -6.02509e-13 2.66651e-13
3.92508e-19 3.19717e-19 -6.06411e-19
-1.92076e-11 -3.65915e-13 -1.69884e-12
-1.65079e-12 1.06564e-12 -1.73415e-13
8.08315e-13 -1.08858e-13 -6.17142e-14
2.05589e-15 1.36333e-14 -1.79547e-13
-7.94237e-13 1.89087e-13 5.30198e-13
9.85345e-13 8.02499e-13 1.04306e-13
-2.49128e-13 1.09761e-12 -6.88372e-13
-4.39194e-13 -3.64707e-13 4.9365e-14
-2.79033e-11 4.67657e-12 -1.48024e-12
-2.66635e-12 -1.63129e-14 6.46625e-13
1.37354e-12 -1.9301e-12 -2.34113e-13
4.73842e-13 2.24111e-13 2.10931e-13
1.28442e-13 -1.10905e-13 -2.88739e-14
5.21507e-20 -9.06167e-20 -4.92004e-20
3.7601e-19 3.18129e-20 6.24106e-20
2.39625e-13 6.45351e-13 1.46722e-13
-1.5901e-13 1.25852e-12 -1.14519e-14
-4.60054e-12 1.85402e-12 -1.34851e-12
-6.8486e-13 -6.25945e-14 2.1464e-13
6.21962e-13 5.58617e-13 -8.50753e-14
-1.83165e-13 -5.32817e-14 -1.06821e-13
1.80814e-13 5.99262e-13 2.38686e-13
4.08546e-13 -1.74916e-13 5.36045e-13
3.80344e-13 -1.07994e-13 1.73777e-13
6.7899e-14 -3.68591e-14 -1.33731e-13
-5.87637e-14 2.24684e-13 -9.81419e-14
1.46286e-11 -4.11723e-12 3.12825e-12
-1.97236e-12 -1.12e-12 5.64615e-13
2.52041e-13 1.08351e-12 9.37016e-13
-3.89196e-13 3.85537e-13 1.72199e-13
-1.97003e-12 2.17925e-12 -4.20143e-13
2.59197e-13 1.8989e-13 1.04692e-12
-3.69384e-13 -1.08919e-13 -4.74507e-14
8.77487e-13 1.62549e-12 -2.81362e-14
3.33038e-13 1.08616e-13 2.92918e-13
2.60017e-13 -1.2844e-12 6.82389e-13
2.43035e-12 1.22285e-12 3.72639e-13
2.88269e-13 4.0667e-13 -1.322e-14
-8.07792e-13 1.40259e-12 -1.08173e-13
1.73937e-12 -1.04104e-13 8.82366e-14
1.78782e-15 4.25939e-14 -1.84002e-13
8.25183e-13 -7.48198e-13 -8.7259e-13
-6.10559e-13 -1.64034e-12 5.693e-13
2.31389e-12 5.21979e-13 9.82022e-14
-1.06998e-13 1.00228e-12 -2.66304e-13
-9.05632e-13 1.19248e-12 5.68902e-13
8.67992e-21 -2.85314e-20 4.07675e-20
7.72011e-13 -9.03874e-13 6.25757e-13
-5.48968e-14 1.13228e-13 -1.03996e-13
-5.04185e-13 2.41284e-13 -5.2701e-14
-1.18832e-12 2.23031e-12 -5.21819e-13
-2.81308e-12 9.38396e-12 -1.59871e-12
-3.5982e-14 -7.87399e-13 -4.48303e-14
-3.18114e-12 7.64694e-13 6.60631e-12
-4.50662e-13 6.33043e-13 -1.8967e-13
6.88307e-13 -1.03529e-13 -2.17414e-13
9.49128e-18 -3.96509e-20 -7.24676e-15
1.48728e-12 5.3855e-13 5.51713e-13
2.54165e-12 1.4571e-12 7.53019e-14
4.89317e-13 1.46338e-14 2.84839e-13
1.66274e-13 -2.55754e-13 6.13116e-13
1.51573e-13 1.70179e-13 2.24845e-13
1.57405e-12 1.63221e-12 6.21117e-13
-4.64033e-12 1.72456e-12 -3.26687e-12
-2.52881e-13 -1.30449e-13 1.45196e-13
5.76642e-13 5.43492e-13 -8.15682e-14
-1.60729e-11 -2.49128e-12 -4.75859e-13
2.49917e-13 -4.11448e-13 2.82247e-13
-3.85851e-12 -2.27573e-12 9.36863e-13
-7.85884e-14 8.87209e-14 2.15184e-13
6.19355e-13 -4.98179e-13 5.32431e-13
-1.66748e-12 1.74545e-12 4.60421e-13
-7.91166e-14 2.92506e-14 1.44665e-13
-1.34343e-11 -3.28686e-14 4.63033e-13
-6.74326e-13 6.52872e-13 -8.24748e-14
-1.57424e-12 1.28909e-12 6.58278e-13
3.50344e-13 -3.39038e-13 -3.65008e-13
-2.09742e-12 4.43444e-13 -1.42823e-13
1.22833e-12 -8.12586e-14 9.39928e-13
2.35842e-12 4.64949e-13 9.12968e-14
1.53569e-13 1.48264e-13 -3.30406e-14
-1.78534e-12 4.97361e-13 5.23605e-14
2.29361e-13 2.57424e-13 1.6615e-13
2.15037e-11 -1.25301e-11 1.71996e-12
-7.22225e-16 -4.78924e-15 6.30733e-14
-1.7883e-12 8.54445e-13 2.03366e-13
-1.21002e-14 -1.22254e-13 1.93713e-13
-1.07695e-13 1.58228e-13 1.19856e-13
4.80167e-12 4.21247e-13 7.46045e-13
1.36888e-13 -3.24114e-13 4.88462e-13
5.42376e-13 -2.76359e-13 7.96002e-13
4.55215e-14 -1.883e-13 -1.29378e-13
2.04414e-13 -4.92646e-13 -1.46376e-13
2.71041e-13 -4.89884e-13 -1.34985e-12
5.58773e-13 7.41363e-13 4.30606e-13
2.43007e-14 -2.01944e-13 -1.7739e-13
1.60055e-12 3.37117e-13 1.51001e-13
3.87766e-14 6.49366e-13 6.33302e-13
3.47529e-13 -5.85044e-13 -1.29739e-13
1.56349e-13 2.97573e-13 4.70678e-13
4.61941e-19 -7.75662e-22 -3.5236e-16
-6.83473e-13 5.58083e-13 8.1629e-14
-2.59282e-13 -7.74205e-13 2.88989e-14
1.02883e-19 2.16134e-21 6.97688e-20
-3.28131e-13 -9.78212e-14 -8.05932e-14
1.60985e-13 -4.16048e-13 -1.18577e-13
-3.99789e-12 -1.43132e-13 1.88177e-13
-1.59017e-13 -2.41999e-13 3.11448e-14
-2.13292e-11 6.86655e-13 -1.37577e-12
2.70883e-12 1.36487e-12 5.43124e-14
2.96713e-13 -7.60371e-14 2.0027e-13
-9.46212e-18 -4.50579e-20 7.22451e-15
-1.08074e-14 -3.98348e-13 6.68004e-13
1.50664e-13 -6.66532e-13 5.15386e-13
-2.29504e-12 1.73158e-12 1.96843e-12
1.57822e-12 -1.20779e-12 2.17471e-13
-1.79919e-13 -4.34252e-13 3.27596e-13
-8.18084e-13 1.55999e-12 -2.17042e-13
8.2222e-13 -4.96718e-13 3.41436e-13
5.66375e-13 -7.32888e-13 -3.33382e-13
2.59284e-12 7.81809e-14 2.80419e-13
2.84296e-13 -2.11155e-13 2.73346e-13
-9.00564e-15 1.79985e-13 -1.16434e-14
-6.04557e-13 1.67911e-12 -3.16444e-13
2.51117e-11 1.87036e-10 2.01264e-13
-1.37463e-12 7.73275e-13 1.57953e-13
-4.08279e-12 2.72511e-13 9.47088e-13
4.43013e-18 1.0756e-20 -3.38226e-15
2.55909e-12 4.57655e-12 6.82589e-12
-1.27767e-12 5.54436e-13 7.81445e-13
-2.09543e-19 -5.23e-20 1.20932e-20
6.47542e-14 -5.06296e-14 -3.71223e-14
-1.82214e-13 -7.15734e-13 1.06558e-13
-1.57476e-12 5.19804e-13 -1.18004e-13
4.03805e-14 -5.73345e-14 1.85049e-13
-3.49986e-12 -2.01005e-12 -1.05837e-12
4.54425e-13 5.96412e-13 9.72685e-14
4.59124e-14 4.12815e-13 -1.96693e-13
-2.59093e-12 7.41352e-13 -3.41455e-13
1.03888e-13 -1.07276e-13 2.08822e-13
1.15116e-13 -8.55005e-14 2.46248e-13
-7.50476e-13 -1.68171e-13 4.05156e-13
5.13156e-13 -3.60051e-14 8.13079e-13
-1.26851e-12 2.16365e-12 -2.93814e-13
-1.84986e-12 -4.2015e-13 8.24115e-14
1.98201e-13 4.47416e-13 4.52381e-13
3.25387e-12 1.0717e-12 -8.73233e-13
4.08377e-13 -6.18728e-13 1.13099e-12
-2.46311e-13 -1.49352e-13 -2.1027e-13
-5.818e-14 2.50429e-14 5.2391e-14
2.8748e-13 -8.63253e-14 3.02045e-13
-1.15254e-13 8.22592e-13 3.91714e-13
-4.08545e-12 2.49699e-13 1.15939e-12
7.15957e-14 -8.79058e-14 1.32266e-13
1.05437e-11 -4.18705e-13 5.57521e-13
1.53694e-13 3.59294e-13 7.39459e-13
-1.81965e-13 2.65644e-13 -1.90986e-13
-6.07654e-13 1.79586e-14 2.42972e-13
-4.44465e-14 4.20593e-13 9.71301e-14
-9.78007e-13 -1.06462e-12 5.8804e-14
9.491e-18 3.27654e-21 -7.24676e-15
7.85959e-13 9.97e-13 4.37456e-14
-4.11174e-13 8.62829e-13 -1.20043e-13
3.2641e-12 -2.04782e-13 7.77613e-13
-1.04764e-13 4.18016e-13 5.74262e-13
1.82146e-13 9.3169e-14 6.85102e-13
2.25487e-13 -7.8433e-14 -1.06191e-14
-2.75458e-11 4.6574e-11 -6.72231e-13
3.92326e-12 2.29698e-12 3.27547e-13
2.03913e-13 -6.55829e-14 7.56871e-14
-1.04313e-15 4.15216e-14 1.05847e-13
-2.91083e-13 1.04163e-13 -8.81796e-15
4.084e-13 7.92939e-13 4.57184e-13
-1.11896e-13 -2.95093e-13 1.12513e-13
4.20276e-13 7.57069e-13 -7.66011e-14
5.11522e-14 -1.22461e-12 -8.48424e-14
-3.2786e-13 -4.24113e-13 -4.40044e-14
7.08952e-14 -3.41022e-13 5.12457e-13
-1.86227e-13 -3.7251e-13 -9.25266e-14
2.43175e-15 -1.61684e-14 -2.11313e-13
3.55333e-13 1.22278e-13 3.2755e-13
-1.24394e-12 -5.63364e-13 4.37608e-13
-1.45204e-12 -2.71557e-13 1.36788e-12
-5.60841e-13 -5.26027e-13 1.0803e-12
1.07832e-17 -1.18938e-19 -8.23297e-15
1.99992e-12 1.66566e-12 6.49322e-13
1.55973e-19 -2.98945e-20 -1.38683e-20
-2.23885e-13 -1.52192e-13 1.0752e-13
-5.67712e-13 -1.4417e-13 1.71834e-13
-1.03254e-11 -1.57821e-12 -2.85623e-12
1.37012e-13 2.66008e-13 6.78706e-14
6.55311e-13 -1.42032e-13 5.19947e-13
-1.19805e-13 1.1553e-12 4.9442e-14
6.81952e-13 -1.62203e-13 4.49396e-13
-1.60161e-13 1.5981e-13 1.81704e-13
1.17698e-12 9.17582e-13 4.68509e-13
3.05069e-13 -6.2213e-14 4.57182e-13
1.05848e-17 9.38538e-23 -8.08106e-15
-4.44289e-13 6.33582e-13 4.84562e-13
3.85147e-13 -5.13865e-13 -6.31736e-14
1.5274e-15 -3.68192e-14 -1.58619e-13
3.38378e-13 5.56795e-13 1.58513e-13
-9.84747e-14 -4.73837e-13 1.64009e-13
-8.15911e-12 -1.80647e-12 1.30849e-11
4.33384e-12 -1.91356e-14 -3.87707e-13
2.18176e-13 6.41951e-14 2.0835e-13
1.13802e-13 6.43733e-14 -3.31634e-14
-5.97309e-12 3.36797e-12 1.93134e-12
-2.86703e-11 7.31678e-12 -7.30571e-13
-1.84727e-11 8.03908e-12 1.38595e-11
-3.92594e-13 1.25503e-13 2.68207e-13
4.98378e-12 2.0536e-12 -9.79902e-13
-8.44742e-13 -6.13086e-13 8.8935e-13
4.61872e-13 3.66091e-13 5.26377e-13
9.0857e-13 3.79836e-13 -3.67133e-13
5.52281e-14 8.22312e-13 -5.99856e-13
5.61799e-13 -8.4357e-13 -3.30953e-13
2.39843e-12 -2.71466e-12 1.62194e-12
5.72079e-13 -1.00607e-12 1.88609e-14
1.10304e-12 -2.55626e-13 5.07613e-13
-2.80678e-13 1.33768e-13 6.21733e-15
-1.72158e-13 -4.22702e-13 2.15419e-13
-2.07019e-14 -7.85266e-13 9.07468e-13
-5.51979e-12 1.47756e-12 8.55208e-13
-8.70737e-14 4.9227e-13 -6.71744e-14
5.3023e-12 -5.13844e-13 5.91165e-13
-4.63244e-12 1.71267e-12 1.11267e-15
1.65949e-13 -9.94146e-14 3.98995e-13
-2.49921e-12 1.00721e-12 3.2843e-13
-4.4665e-14 -4.51276e-14 -6.33825e-15
8.68795e-12 3.12893e-12 8.44389e-13
-6.33991e-12 8.36392e-12 -9.10939e-13
2.04256e-13 -2.8792e-13 3.9771e-13

VECTORS force float
-5.33537e-16 -4.50352e-15 -1.02478e-15
5.23872e-17 1.314e-17 4.66218e-18
4.31649e-18 7.00364e-19 1.06501e-18
6.07448e-18 2.44811e-17 8.80164e-18
-9.43216e-17 1.1169e-16 8.35261e-18
-5.96385e-17 4.77793e-17 -1.86421e-17
0.0 4.56934e-26 0.0
3.09811e-17 8.95884e-18 -5.36165e-17
-4.67954e-17 1.10933e-16 -1.22666e-18
-8.27181e-25 0.0 6.61744e-24
-1.96674e-17 2.88482e-17 -1.21681e-17
-6.46235e-27 -8.49576e-27 0.0
-1.01133e-17 -6.12816e-18 -1.45306e-17
-8.54966e-17 5.36243e-17 2.47723e-17
-5.93364e-18 6.32785e-17 -1.36436e-17
-3.19541e-17 -6.07188e-18 1.25572e-17
-6.02112e-17 6.55797e-17 -4.03294e-18
-1.02315e-17 -8.83217e-18 -3.34943e-18
-6.57617e-18 -2.20665e-18 2.96853e-18
-6.98286e-19 -2.07757e-18 -1.00887e-18
1.91208e-17 -1.43066e-17 -1.85131e-17
-2.78266e-18 1.99934e-17 -2.71156e-18
-5.71149e-17 5.40462e-17 4.53671e-17
3.0388e-17 -3.74138e-17 -5.00248e-17
3.49179e-18 -9.54834e-18 -3.85612e-18
5.33351e-17 8.71684e-17 -2.96912e-19
-5.70309e-17 6.31847e-17 -1.79366e-17
-9.99533e-18 3.38419e-17 -3.15837e-19
3.45409e-17 2.28001e-17 1.96998e-17
-1.51939e-17 1.68887e-16 -2.98649e-17
-5.83453e-18 1.52244e-17 6.42167e-18
-4.99526e-17 -7.33307e-17 -1.79443e-17
7.8692e-18 -8.52377e-18 -1.14811e-17
-1.44786e-16 6.31018e-17 -2.52838e-18
-7.84035e-20 -4.45486e-20 1.65981e-18
-1.39972e-18 2.91155e-17 -1.04985e-17
5.05632e-17 -9.79509e-18 -4.22457e-18
-2.00472e-17 3.5769e-17 9.1118e-18
-6.46235e-27 -1.69161e-27 0.0
2.46264e-17 1.42452e-17 7.55019e-18
-1.51478e-17 2.69015e-17 -1.02457e-17
-8.8415e-17 6.79093e-17 -1.06641e-16
-1.16497e-16 7.78369e-17 -5.6476e-17
6.59848e-16 3.26934e-16 5.79611e-16
-1.65385e-17 1.40394e-17 -3.79356e-18
3.19711e-17 1.59287e-17 3.19147e-18
1.86479e-18 2.46506e-19 5.96847e-19
-1.5823e-16 -6.18089e-17 5.63911e-18
5.27064e-17 2.94529e-18 6.1612e-18
-4.4389e-17 1.25976e-16 -1.59382e-17
-2.86527e-17 9.94607e-18 1.74516e-17
-5.52525e-18 -1.2157e-18 -1.89651e-18
-1.18943e-18 -2.19964e-17 2.41124e-18
-1.44757e-23 -8.27181e-25 0.0
-3.18913e-17 3.92562e-17 1.22301e-17
7.65855e-18 2.4034e-17 8.47458e-18
-7.84712e-18 -6.77502e-18 8.16067e-18
-2.82215e-17 2.86441e-17 4.21632e-17
-8.50146e-18 7.76583e-18 -4.37311e-18
2.5924e-18 -1.58525e-18 1.17049e-19
-7.07091e-18 1.67905e-17 8.35916e-19
-8.11529e-18 -1.68873e-17 1.60726e-17
-4.597e-17 -1.97752e-17 -3.31348e-17
0.0 2.37699e-24 0.0
-3.11855e-17 1.59755e-17 -9.20001e-18
-2.53324e-24 -1.15805e-23 0.0
-2.08899e-18 -8.13766e-18 -6.26538e-18
-1.40349e-16 -5.30878e-18 -7.76463e-17
-1.62528e-18 1.77376e-17 3.14802e-18
1.41803e-17 1.63022e-17 -4.01944e-20
-1.32093e-17 1.30425e-17 -8.80681e-18
-3.67541e-18 -4.66556e-19 -1.01019e-18
1.28122e-16 -8.56029e-17 1.13699e-16
-3.18029e-16 -7.92298e-18 3.30531e-17
-6.1267e-17 6.11126e-17 -2.22577e-17
1.02063e-15 -5.18589e-17 -9.41956e-17
-1.53206e-17 2.45681e-17 1.11294e-17
-2.36765e-17 2.21034e-17 1.98326e-17
0.0 0.0 0.0
4.22267e-18 -7.33582e-18 2.53902e-18
-2.67568e-17 -1.11714e-17 -1.84063e-17
9.95644e-18 8.51003e-18 -2.23418e-17
-6.17985e-18 1.92513e-17 -1.51698e-17
-1.38243e-16 3.21506e-17 -2.3711e-17
4.6328e-17 1.59343e-17 1.23377e-17
-6.49216e-17 8.48887e-17 -5.33864e-18
5.66583e-17 1.93034e-17 1.62015e-17
-8.07163e-17 9.25752e-17 1.38189e-17
-2.23808e-17 2.22745e-17 -1.22515e-17
3.56194e-19 -1.80662e-19 8.0655e-18
-7.97325e-18 4.15457e-17 3.25129e-17
-1.23332e-17 2.99826e-17 -5.5109e-18
0.0 -3.70765e-29 0.0
-1.65355e-16 1.35061e-16 -1.72841e-16
-8.10856e-18 -1.32756e-17 1.2791e-17
-1.91286e-24 -4.1359e-25 0.0
-1.4593e-17 2.20868e-17 -1.01537e-17
4.85536e-18 1.82105e-17 7.53335e-18
-1.60508e-17 2.27955e-17 2.84219e-19
3.10296e-17 -2.64464e-17 -1.56609e-17
8.95412e-18 1.22711e-17 4.26895e-18
2.24318e-17 4.60616e-17 -4.50108e-18
-2.87596e-17 1.71886e-17 -6.14889e-18
-6.46235e-27 1.22256e-25 0.0
-2.93878e-17 1.87208e-17 3.0832e-19
-2.12145e-17 -4.54456e-17 -8.65437e-17
2.40468e-16 1.17571e-16 2.07344e-16
1.53196e-18 -2.35353e-18 -7.825e-18
-1.24489e-17 1.65158e-17 4.04602e-18
2.69439e-17 1.00862e-16 6.2879e-17
2.64209e-17 6.071e-18 1.02026e-17
-6.39296e-17 4.00111e-17 2.05538e-17
-4.8231e-18 1.88432e-17 1.79863e-17
-2.07853e-17 -5.32856e-17 -8.02213e-17
-1.21339e-16 1.35385e-16 1.31832e-17
1.7126e-16 1.6299e-16 4.21702e-17
-6.45018e-18 -2.99938e-18 9.06473e-18
-1.4992e-17 6.13621e-18 -3.94604e-18
3.14562e-18 1.99885e-18 -2.16505e-18
-9.93144e-18 4.91784e-17 -1.1128e-17
-1.06597e-17 1.04066e-17 2.00112e-20
-3.14437e-18 3.23031e-17 -1.65222e-18
-2.42492e-17 1.28318e-17 -7.05923e-19
-1.6597e-17 1.34654e-17 -1.87745e-17
5.23018e-17 -7.91369e-19 4.20072e-17
9.3153e-18 2.67412e-18 8.33441e-19
-2.87131e-17 3.98235e-17 -1.64969e-17
2.49814e-17 3.7928e-18 -2.67427e-17
-7.91517e-18 -6.04637e-18 1.57257e-18
1.91539e-17 9.77722e-18 1.28289e-17
1.84534e-16 8.75021e-18 6.23504e-17
-9.82267e-18 1.06066e-17 -8.69559e-19
-7.15208e-18 1.3541e-17 5.10025e-18
-6.65211e-18 -5.55074e-18 1.14357e-17
-3.46191e-17 4.08181e-17 5.7574e-18
0.0 3.17319e-27 0.0
1.51646e-17 3.32235e-17 -1.46843e-17
1.55515e-17 1.15955e-17 -3.76454e-17
-4.39103e-17 3.20446e-17 -3.29061e-17
1.44627e-17 1.1459e-17 8.87775e-18
-4.58373e-18 2.69889e-17 1.76638e-17
-7.34833e-18 5.31188e-18 -8.95579e-19
-1.39765e-17 -3.10806e-18 -1.86125e-18
-4.84737e-17 7.02891e-17 1.39082e-17
-1.14293e-16 7.87475e-17 -4.88804e-17
-1.15116e-18 1.75711e-17 1.07356e-17
-3.58881e-17 1.03014e-16 -1.26796e-18
8.00991e-18 2.95844e-17 -8.74805e-18
0.0 9.42965e-26 0.0
-1.12206e-17 -3.1198e-17 -6.11119e-17
-8.35135e-18 4.17564e-18 -1.8846e-18
-2.08678e-17 2.23194e-17 -8.71269e-18
9.38066e-18 -5.05011e-17 -6.69233e-17
-2.4485e-17 3.42998e-17 -6.06874e-18
1.14723e-16 -1.58054e-17 2.98378e-17
-2.69683e-17 -7.33279e-19 5.18903e-18
4.34157e-17 -4.34297e-17 6.50286e-18
-2.53317e-17 -6.72834e-18 7.48266e-18
-6.46235e-27 1.86662e-26 0.0
5.57404e-18 1.76137e-19 -2.29996e-19
7.06127e-17 3.01387e-17 -1.34964e-17
-1.33702e-16 -6.58099e-18 -5.5208e-18
-5.96199e-17 9.44777e-17 2.97452e-17
-2.35978e-19 -4.55367e-17 3.80653e-17
1.27054e-16 4.09746e-19 -1.15716e-16
-2.13694e-17 8.71863e-17 3.69274e-17
-1.70125e-17 2.85e-19 3.71516e-17
1.79391e-16 -4.91907e-17 2.73501e-17
-1.22364e-18 -6.12744e-18 2.01309e-18
-3.69207e-16 -1.18085e-17 1.23925e-16
3.08758e-17 3.4696e-17 5.8944e-18
1.95999e-17 4.12535e-18 8.3667e-18
-1.60824e-17 -2.34954e-17 7.12553e-18
-3.94483e-17 1.32049e-16 1.01534e-17
-4.40155e-17 7.73906e-17 -2.65187e-17
5.41503e-17 -2.80937e-17 7.04324e-18
1.45848e-17 -2.16827e-18 5.71387e-18
5.78307e-18 1.13781e-17 -1.16133e-17
-2.58225e-16 -9.64977e-17 1.48771e-17
1.9055e-18 3.88743e-18 1.05708e-18
2.19935e-17 7.53937e-17 -5.16163e-17
-2.17774e-17 1.72483e-17 2.30135e-19
-5.44667e-17 6.0123e-17 -8.64754e-19
-2.92402e-17 2.90728e-18 1.2475e-17
9.88632e-19 2.02889e-17 2.03108e-17
-6.42696e-17 1.4981e-17 1.01213e-16
-1.02421e-17 -1.10273e-18 1.32222e-17
9.17726e-18 1.79079e-17 1.37399e-18
-1.37498e-17 2.61028e-17 2.50059e-17
1.79518e-17 -2.93927e-17 1.23618e-17
-1.07296e-17 1.03569e-17 8.0696e-18
1.97162e-17 -3.63447e-18 4.90362e-18
-8.96301e-18 2.65984e-17 -1.2958e-17
-1.06916e-17 1.15325e-17 8.87037e-18
1.12852e-16 2.46908e-17 2.64258e-17
9.88513e-18 2.84322e-17 2.62369e-17
-1.97205e-17 1.26245e-17 -1.14005e-18
1.00875e-15 -9.89851e-16 -1.80578e-15
-1.15023e-16 1.192e-16 -5.02198e-17
-2.64308e-18 9.55875e-19 -2.24376e-18
-9.6143e-18 9.62468e-19 3.11719e-18
-1.55791e-17 6.71247e-19 -3.62361e-18
9.84218e-19 1.60456e-17 -4.70032e-18
1.53154e-16 2.49819e-16 -4.37775e-16
-7.19325e-18 5.73057e-17 -8.53048e-18
-1.17567e-16 -7.04704e-17 -3.23767e-17
-5.6677e-17 1.29143e-16 -2.89073e-17
-7.19929e-17 7.13078e-17 2.73412e-18
-5.902e-18 7.86241e-18 4.4529e-18
1.98373e-17 1.12377e-16 2.61623e-17
-6.59481e-17 4.70317e-17 -2.09927e-16
-8.72949e-17 4.33624e-17 6.9215e-18
3.93517e-17 7.18064e-17 1.97315e-17
-4.20045e-19 -2.00798e-17 7.06267e-19
-6.46235e-27 -4.85992e-24 0.0
-6.52412e-17 8.11965e-17 -1.99496e-17
2.47666e-17 5.03755e-17 1.9775e-18
5.38715e-17 -9.41678e-18 2.77392e-17
-2.13925e-17 4.13179e-17 8.27988e-18
-9.83286e-17 1.48827e-17 3.88815e-18
-6.54317e-18 2.94742e-17 1.69262e-17
1.20987e-17 7.11243e-17 2.7292e-18
-1.06593e-17 7.48121e-17 1.48051e-18
-1.31374e-18 1.73087e-17 1.96557e-18
4.84296e-17 -5.80675e-17 -3.17429e-17
0.0 -4.82507e-27 0.0
9.19626e-20 2.78744e-17 -9.11609e-17
6.46235e-27 6.74984e-25 0.0
-8.09419e-18 5.57871e-17 5.15359e-18
-2.45582e-16 -4.59783e-17 4.42346e-17
-5.70644e-19 -2.71505e-17 -7.13992e-18
-1.32349e-23 1.15805e-23 0.0
-7.39725e-17 -1.13275e-16 -4.59337e-17
-2.01665e-17 1.67574e-17 -8.99376e-18
-5.90317e-17 1.15725e-16 1.11469e-17
-2.7452e-17 3.72235e-17 1.0862e-17
0.0 0.0 0.0
-6.06168e-18 6.5555e-19 7.90488e-18
1.76777e-17 2.5826e-17 -7.83233e-18
-4.53326e-17 8.9315e-18 1.49754e-17
1.12105e-16 6.91784e-17 4.92095e-17
-6.69371e-18 3.21458e-18 -2.21981e-18
-4.34157e-17 9.69808e-18 1.92961e-18
1.18213e-16 5.03032e-17 1.08539e-17
-1.89736e-17 -1.18808e-17 1.06204e-17
2.56426e-23 5.37667e-24 0.0
-7.71505e-17 9.05826e-17 1.10594e-17
-3.84775e-17 2.42217e-17 2.38133e-18
1.05244e-17 7.10672e-17 7.60865e-18
-3.296e-17 2.30023e-17 2.95788e-17
1.50267e-18 7.7691e-17 -1.2265e-17
-3.20532e-24 0.0 0.0
-4.36757e-18 -2.12587e-18 1.54745e-18
2.50468e-17 2.81261e-17 1.14009e-17
-8.97655e-17 6.76259e-17 5.16073e-18
-3.48255e-17 1.46385e-17 -1.80221e-17
0.0 -2.73503e-26 0.0
-1.32192e-16 -9.5266e-17 -2.99928e-17
-5.64902e-17 2.56837e-17 2.11011e-17
8.77145e-18 5.74143e-18 1.19812e-17
7.46041e-17 -1.114e-17 -3.21134e-17
-1.04044e-17 6.13822e-18 -6.47678e-18
3.11591e-17 1.55383e-17 3.15756e-17
4.40126e-17 1.62062e-17 2.00355e-17
3.15816e-16 -4.12669e-16 -3.15325e-16
-5.46306e-17 4.99911e-17 -4.45552e-18
-3.5209e-17 3.13501e-17 4.62181e-18
-1.3705e-16 4.57945e-17 7.4423e-18
1.49579e-17 3.3122e-17 2.85626e-17
1.26862e-17 2.4818e-17 3.68331e-18
-7.80056e-17 6.90523e-17 3.96541e-17
-2.55558e-18 -2.34545e-17 -1.42003e-17
2.89771e-16 3.1664e-17 7.15195e-17
-5.19731e-17 -6.70059e-17 6.68051e-17
-5.56601e-17 1.41101e-16 -5.07269e-17
-7.49108e-19 1.41316e-16 7.00232e-17
-1.35726e-17 -1.291e-17 -1.17396e-18
-3.90282e-16 -2.91394e-17 -2.70112e-17
-5.52814e-17 -5.3743e-17 4.96837e-17
3.31543e-17 1.44064e-17 -2.12849e-18
4.50767e-18 2.94772e-17 1.58003e-17
-7.53563e-17 1.54686e-16 2.76874e-17
-7.65675e-18 4.6557e-17 -3.99331e-17
-4.54473e-17 2.33732e-17 -2.57799e-17
-3.42282e-18 6.85309e-18 -8.42176e-17
1.91563e-17 1.32302e-16 5.55581e-17
9.69474e-17 1.28178e-16 -1.13991e-17
-3.03722e-17 1.91359e-16 -6.45905e-17
-3.83307e-18 9.80361e-18 3.67517e-18
2.93483e-17 1.05605e-17 -1.72543e-19
-2.19726e-17 2.99172e-17 3.18671e-17
-2.93179e-17 -2.09249e-17 -2.75167e-17
4.58761e-17 -1.03895e-16 -2.75726e-17
-2.329e-17 6.37985e-17 -9.08273e-18
1.73176e-18 5.56563e-17 2.57398e-17
1.04536e-19 5.10823e-18 7.70919e-19
-8.02353e-17 6.45595e-18 1.47127e-17
7.40155e-18 2.4965e-17 6.76814e-18
-6.8662e-17 1.72263e-17 2.8059e-17
3.06042e-17 -4.62169e-17 -1.72779e-17
1.52349e-17 8.81568e-18 9.29526e-19
7.49857e-18 5.19714e-17 2.90449e-17
-2.83568e-17 8.85571e-17 2.41577e-17
-1.82281e-17 4.2777e-17 9.0952e-18
3.75772e-17 -2.60685e-17 -3.85757e-17
-1.29216e-16 1.37554e-17 3.41979e-18
-2.01025e-17 4.19829e-17 5.44743e-18
8.28758e-18 4.82073e-18 1.75161e-17
-4.72996e-17 3.16967e-17 5.75464e-17
-1.66923e-17 5.90939e-17 2.61863e-17
-1.82937e-18 -2.16536e-17 1.55795e-17
4.9115e-18 6.18644e-17 3.55033e-17
1.48732e-18 3.12677e-18 -5.78706e-18
-8.54307e-17 2.94535e-17 -2.53136e-17
-4.75912e-17 5.52419e-17 2.35976e-17
1.25661e-17 -1.48523e-17 -6.60426e-17
-4.97023e-17 1.87163e-17 4.42918e-17
-5.7166e-17 3.33379e-17 -3.71383e-17
-3.08556e-17 4.02228e-17 2.09221e-17
-4.08504e-17 -4.36209e-17 -1.09921e-17
-2.20288e-16 4.22923e-17 -8.83267e-17
-6.25527e-17 4.45648e-18 2.75214e-17
-6.26737e-16 5.9258e-17 6.84173e-18
1.58245e-17 1.13292e-17 -9.18367e-18
-1.00161e-17 5.18952e-17 -9.26485e-18
-2.96927e-16 8.11127e-17 -6.80387e-18
-1.27835e-17 5.23349e-17 8.54844e-18
6.73426e-17 -8.68963e-17 -1.0331e-16
3.66262e-17 -4.60426e-18 -1.06347e-17
2.51433e-17 4.34477e-17 2.85725e-18
-3.20471e-17 2.99977e-17 -1.27221e-17
3.46704e-17 1.73104e-17 -1.01925e-16
2.71532e-18 -1.60053e-17 7.18496e-19
-9.88715e-18 -2.9712e-17 7.01378e-18
-2.26181e-16 -1.27423e-16 -6.96441e-18
-6.82919e-17 -1.35573e-16 -4.50634e-17
4.37675e-17 -3.1657e-17 -1.17968e-16
4.20237e-17 6.35348e-18 -1.85923e-17
-6.46235e-27 -1.03836e-24 0.0
8.41478e-17 1.11369e-17 -2.26297e-17
1.57442e-17 6.45319e-17 -1.5782e-16
6.65468e-18 9.25429e-18 -1.30771e-17
-3.00067e-17 -1.16758e-17 2.87734e-17
6.58736e-17 6.00638e-17 -2.61133e-17
-6.9409e-17 2.91056e-17 3.76797e-17
-4.61372e-17 -1.20577e-17 -5.78989e-17
-2.51236e-17 1.18988e-16 8.08072e-17
-5.80718e-17 9.87232e-17 2.52961e-18
-9.83903e-18 4.21568e-17 6.73965e-17
5.36152e-17 -2.1828e-17 1.38236e-18
-3.73782e-23 3.30872e-24 0.0
-1.9877e-16 3.71531e-17 -3.00294e-17
-6.18083e-17 -7.32922e-19 -4.56086e-17
-6.4922e-17 9.88035e-17 1.93319e-18
6.79697e-18 -8.83816e-18 -1.79951e-17
-7.04291e-23 1.65436e-24 0.0
-4.48454e-18 7.72133e-17 4.47708e-17
-1.67758e-17 -1.39743e-17 -2.89479e-17
-2.03838e-18 1.40053e-18 3.22854e-19
-1.28183e-17 -7.2946e-17 2.20019e-17
-7.46983e-17 8.03293e-17 -5.20204e-18
6.61744e-24 0.0 0.0
-2.31107e-17 8.49652e-17 5.51306e-18
-1.1235e-16 -6.95242e-18 -5.05446e-17
7.23558e-17 7.70334e-17 -6.76488e-17
1.14831e-17 2.14461e-17 -2.87666e-17
1.68573e-19 -9.39284e-18 -2.37365e-17
-8.72541e-17 -6.17135e-18 -1.4131e-16
-1.35691e-16 -2.86718e-18 -3.51101e-17
-1.65685e-17 2.44043e-17 6.60175e-18
1.34152e-17 -4.01771e-17 -3.52429e-17
2.08143e-17 -5.54549e-17 -1.00753e-16
2.50446e-17 1.52257e-17 2.87936e-17
-2.57578e-17 7.47803e-17 3.35436e-17
4.87145e-17 -1.27406e-17 7.95964e-17
7.65883e-18 5.85375e-17 -1.09079e-17
-8.87826e-17 -2.06988e-17 3.24445e-17
-1.05848e-16 -3.82537e-17 -5.37077e-17
6.16605e-17 -1.27777e-16 -4.0061e-17
4.80395e-18 1.98879e-17 1.80956e-17
1.31654e-15 -3.63891e-17 -8.97218e-16
1.77282e-17 1.08591e-18 -2.02683e-17
-1.14283e-17 6.89827e-17 1.02494e-17
-2.35267e-17 -5.67054e-18 -1.38837e-17
-5.71777e-17 2.7308e-17 1.77418e-17
-2.08438e-17 9.24765e-17 2.14829e-18
-5.49227e-17 6.95078e-17 7.5385e-18
0.0 -1.63092e-25 0.0
1.9254e-16 1.0134e-16 -4.29023e-17
2.00445e-16 -6.31029e-18 -6.70067e-17
-1.26215e-17 5.7961e-17 -1.82282e-17
5.14714e-17 -3.14148e-17 -2.57055e-17
-2.39944e-18 8.01613e-17 -1.43291e-17
-8.9405e-17 1.10574e-16 -5.87352e-17
-3.90217e-17 -1.147e-17 1.83745e-17
-2.94163e-16 -8.9112e-17 -3.00425e-18
-9.56024e-17 5.31635e-17 -2.13103e-17
-9.27808e-17 1.1763e-16 -3.09495e-17
1.95702e-17 8.31974e-18 -1.28862e-17
1.83686e-17 1.66612e-17 -8.52038e-18
-1.50955e-19 2.19237e-17 3.62694e-18
-5.35187e-17 8.03086e-17 4.8424e-17
-3.56586e-18 -9.08679e-18 -4.30217e-17
4.43903e-17 3.83695e-17 -4.04283e-18
5.54929e-17 2.45806e-18 1.21887e-17
-4.47293e-17 3.19327e-17 2.98992e-17
0.0 -1.9e-26 0.0
2.57671e-18 2.80753e-17 3.15409e-18
-5.53421e-16 -5.69077e-17 -1.19941e-16
-8.14965e-18 3.10065e-18 -4.6964e-19
-4.26329e-17 8.41469e-17 3.81832e-18
-2.06393e-17 9.76221e-17 1.30049e-17
-4.81653e-17 3.90999e-17 7.62097e-18
-3.77575e-18 4.35332e-17 -7.05187e-18
-5.41949e-19 -2.35253e-18 -3.72238e-19
0.0 0.0 0.0
-7.90365e-17 7.43125e-17 -1.41513e-17
-3.06283e-17 7.63818e-17 -1.89734e-17
-5.99387e-17 7.41116e-17 -1.32556e-17
2.3016e-17 3.53825e-17 -1.75553e-17
-1.12097e-16 -5.42005e-17 6.20848e-17
-5.75571e-16 2.3799e-17 -7.39703e-17
-6.50813e-17 -9.82008e-18 -1.89254e-16
-3.64449e-17 5.53328e-18 -1.0204e-17
4.27003e-17 -5.24695e-18 -2.53009e-18
3.20811e-17 2.85217e-17 4.46425e-17
-8.15312e-17 3.26949e-17 -1.53785e-17
7.64204e-18 1.49073e-17 8.87415e-18
2.88191e-18 -7.4661e-19 1.20527e-18
0.0 8.42499e-24 0.0
7.23378e-17 8.32596e-17 3.50197e-17
4.17267e-17 -1.27121e-17 -1.11999e-17
-2.69428e-17 1.57961e-17 1.2087e-17
3.5675e-17 1.11573e-16 4.39347e-17
9.7936e-17 -1.30713e-16 -6.91391e-20
-9.82236e-17 1.31186e-17 7.31068e-18
1.63164e-17 6.00208e-18 9.88178e-18
5.86612e-17 5.82574e-17 1.99611e-17
-4.54391e-17 1.07628e-16 3.84572e-17
7.72769e-17 -3.08374e-17 3.64039e-17
1.93094e-17 3.73084e-17 -3.42932e-18
4.86262e-17 1.28225e-17 -6.77687e-18
-1.86513e-17 2.31371e-17 7.53721e-18
9.64753e-17 -5.53396e-17 1.99604e-16
5.48802e-17 3.96708e-18 -7.90211e-17
3.73991e-17 -1.08966e-17 -2.90721e-18
-1.53462e-17 1.53276e-16 -3.29425e-17
-4.07207e-16 8.89767e-18 2.62846e-17
1.06861e-22 9.92617e-24 0.0
8.90149e-18 7.15897e-18 6.51732e-17
1.80946e-25 -8.27181e-25 -6.61744e-24
2.58494e-25 0.0 0.0
-8.70907e-17 -7.14483e-17 -1.48471e-17
-4.19785e-17 -2.31138e-18 -5.6317e-18
-3.4174e-17 -1.99947e-17 4.12914e-17
-2.08378e-16 3.83582e-17 -5.02816e-17
-1.43016e-16 -1.05847e-16 -1.71184e-16
-1.99039e-17 -1.79157e-18 9.73262e-18
-7.10266e-17 1.20486e-16 1.36476e-17
2.81473e-17 -4.30857e-17 2.98603e-17
-7.55036e-17 2.81368e-16 -1.04258e-16
-1.02003e-16 -1.11915e-16 -1.49432e-16
4.59525e-17 2.10276e-18 3.57921e-17
-6.00337e-18 7.09943e-19 1.24859e-19
-2.71817e-17 1.61415e-16 3.30163e-18
9.94138e-17 3.13544e-17 6.42973e-17
-2.16547e-17 -2.80229e-16 -2.10868e-17
4.92779e-18 3.15782e-17 -3.12279e-18
-6.84097e-17 2.0251e-17 -4.13103e-17
1.52018e-17 9.88356e-18 2.56973e-17
-3.34949e-16 -6.69098e-17 -1.2321e-16
-1.55554e-16 1.55383e-16 -1.35377e-16
-2.48154e-24 2.48154e-24 0.0
1.37102e-17 7.95676e-18 -3.43158e-18
-7.16696e-17 -3.9406e-17 -2.85861e-17
1.54049e-18 -1.03984e-16 -5.02247e-19
-2.90238e-16 1.61512e-17 -1.03704e-17
-1.43182e-18 -6.10714e-17 5.63732e-18
-3.02623e-17 1.978e-17 -6.62253e-18
-7.07239e-23 1.36485e-23 0.0
-1.24754e-16 -3.52866e-17 4.81663e-17
-1.36054e-16 -7.43842e-17 -1.07087e-17
6.10203e-17 4.87195e-17 -1.62926e-17
-6.09933e-19 -9.76025e-18 3.75341e-19
-1.17418e-16 1.21728e-16 -3.59088e-17
-9.21643e-17 -1.21416e-17 1.06152e-16
-1.01688e-16 1.29181e-17 -1.53243e-18
-2.10458e-17 -1.40317e-17 3.61639e-17
-4.77321e-16 1.54203e-16 9.01964e-16
-8.57424e-18 3.49718e-17 1.76772e-17
-6.60605e-17 1.02331e-16 -7.83439e-17
-1.64094e-16 5.24113e-17 -8.45983e-17
-6.55138e-18 -4.43717e-17 -2.86838e-17
-2.86653e-17 3.15496e-18 -5.03862e-18
-1.14645e-15 -5.11438e-16 -1.50158e-16
-4.89837e-17 -5.85432e-17 -6.0119e-17
-4.29042e-17 6.25108e-18 -1.62362e-16
7.9768e-17 1.19248e-17 -4.35655e-17
1.91286e-23 -2.88479e-23 0.0
-1.02889e-17 3.42912e-17 2.03659e-16
2.55158e-18 3.40704e-17 -3.21719e-18
2.48064e-17 -3.4468e-17 -9.38043e-18
4.98098e-18 -1.80449e-18 -3.14415e-19
-1.1972e-16 2.15001e-16 3.10468e-17
-6.86497e-17 -3.90293e-17 -4.56816e-17
-2.25127e-18 -9.76198e-17 8.96093e-17
2.30883e-18 -4.10949e-17 1.9231e-17
0.0 4.69545e-25 0.0
-2.48611e-17 7.92132e-17 7.5228e-17
6.08048e-18 -5.07995e-18 -2.29499e-17
-2.12448e-16 -9.63519e-17 -1.67324e-16
5.41436e-17 -6.49445e-17 9.9393e-18
-1.1225e-16 1.13762e-16 -6.56372e-17
-1.87444e-16 -1.16534e-16 -7.22251e-17
-2.90339e-16 -3.91145e-17 -3.36199e-17
-3.73634e-19 4.96417e-17 4.61841e-18
-2.97005e-17 6.69947e-18 -2.0967e-18
8.27181e-25 8.27181e-25 0.0
-2.86063e-17 1.08045e-18 -5.17018e-18
4.52372e-17 1.00682e-16 3.78085e-17
1.63092e-17 -1.50328e-17 -1.61451e-17
-6.71109e-17 9.31894e-17 -6.39445e-17
-4.43281e-17 -1.05101e-16 -8.79366e-17
-3.69998e-17 2.17846e-18 -9.68981e-18
1.16652e-17 3.52385e-17 1.02039e-17
-4.27563e-17 6.28457e-18 2.70067e-18
2.78791e-17 4.91062e-17 4.31714e-18
-3.34176e-16 -2.51206e-16 -1.06999e-17
2.63196e-17 3.42548e-17 6.49515e-17
0.0 1.60301e-24 0.0
2.65302e-16 2.96922e-16 1.90303e-16
-8.582e-24 -8.27181e-25 0.0
-5.23147e-17 -1.18568e-16 2.59443e-16
-1.64743e-16 1.0947e-16 3.12964e-17
-3.25508e-17 4.55751e-17 -7.31253e-18
2.14983e-17 1.23377e-16 -5.07611e-19
-1.2614e-17 6.82247e-18 9.43621e-18
1.29247e-26 -6.65065e-25 0.0
-1.11109e-17 8.97824e-18 5.95298e-17
-1.36637e-17 2.04611e-17 1.62117e-17
4.46082e-17 -1.45371e-17 -8.021e-19
1.46597e-17 1.05717e-17 -5.04379e-18
1.85623e-16 7.75111e-17 -5.41177e-17
3.44242e-16 1.88148e-16 5.19585e-17
1.25709e-17 5.29944e-17 -1.11927e-17
-4.77603e-17 6.66108e-17 -2.0851e-17
6.46235e-25 -1.65436e-24 0.0
-3.77545e-18 1.83089e-17 5.03698e-18
-3.02335e-18 -5.01113e-18 7.78333e-18
2.70596e-18 -3.04058e-17 -2.42291e-17
-6.9753e-17 -6.83978e-17 -2.29614e-17
1.1407e-18 -1.01035e-17 2.56879e-18
2.72267e-18 4.25267e-18 -9.06588e-18
-7.24647e-17 -7.98402e-17 5.51019e-17
2.72623e-18 1.54394e-16 1.91111e-17
-1.74896e-16 6.09695e-17 2.45715e-17
3.86054e-16 1.37582e-16 7.72675e-17
1.04776e-18 1.75207e-17 -1.25514e-17
8.8665e-17 4.51566e-17 6.86673e-17
1.89745e-17 -2.90656e-17 -4.10284e-18
2.81331e-18 1.25872e-17 -3.22979e-17
0.0 0.0 0.0
1.43723e-23 4.96308e-24 0.0
1.44757e-23 4.1359e-24 0.0
2.85612e-17 4.11821e-17 -3.80638e-18
-2.38625e-19 -4.91117e-18 6.69513e-19
7.10606e-18 2.00396e-17 2.76656e-19
-6.84564e-17 -7.66137e-17 2.92768e-17
-1.10803e-16 3.22941e-17 3.30042e-18
4.18985e-18 7.75477e-17 -4.88206e-17
-1.60919e-16 1.019e-16 -5.36579e-17
5.58719e-19 3.24197e-18 -1.18883e-17
-4.55923e-18 4.92422e-17 -2.93815e-19
1.37776e-16 -3.52287e-18 -2.10557e-16
-1.18907e-23 -9.51258e-24 0.0
2.48729e-17 -1.63547e-16 2.76171e-17
3.2422e-16 9.70107e-17 -3.49321e-16
1.85512e-16 2.65641e-17 -1.59276e-17
-1.09106e-17 7.7284e-17 -1.01863e-17
-1.21203e-17 3.00788e-17 2.17475e-17
-1.03571e-16 -5.91913e-17 3.95341e-17
-3.1647e-17 7.57146e-17 -5.06734e-17
-1.47153e-17 -4.25703e-17 -1.70742e-17
-1.72889e-16 4.9379e-17 -2.05228e-17
-3.94551e-16 -4.94377e-17 -8.07199e-17
1.79547e-17 1.35978e-15 7.14098e-17
-8.43421e-17 1.0088e-16 1.7693e-17
1.01844e-16 -1.03587e-16 -1.35432e-16
-4.55092e-17 3.50374e-17 9.7032e-17
3.46818e-18 -4.84456e-17 -3.10119e-17
9.98458e-17 7.92525e-17 -6.97057e-17
-5.95247e-18 -2.34428e-19 -7.57415e-18
-4.44269e-16 3.92759e-17 4.28467e-17
-1.94121e-16 -8.09134e-17 -1.27032e-17
-8.62257e-17 -8.91004e-17 -6.60044e-18
-2.89806e-16 -1.61668e-17 -1.88052e-16
0.0 1.17814e-24 0.0
1.83251e-17 -8.5381e-18 5.40826e-17
2.4887e-17 -2.63611e-17 2.12821e-17
1.93964e-16 -5.81986e-16 -3.61219e-16
-2.76505e-16 7.75878e-17 3.21016e-17
-3.90631e-17 -9.7874e-18 3.87832e-17
-3.00305e-16 -5.03391e-17 -6.77592e-17
7.52114e-17 4.31547e-18 -6.75027e-17
-3.44325e-16 -4.42367e-16 -4.38116e-17
1.84456e-17 -4.25139e-17 -5.35946e-18
-1.93353e-23 2.91581e-23 0.0
-6.78738e-17 1.20097e-16 -2.535e-17
-1.35303e-16 -5.76184e-18 -8.0207e-17
-6.20756e-17 3.21098e-17 6.51255e-18
8.27181e-25 0.0 1.32349e-23
2.68814e-17 -2.15524e-17 -6.22301e-17
1.372e-17 7.45973e-17 2.05424e-17
1.09853e-18 -8.42475e-18 -2.44071e-17
-1.82081e-17 -2.6205e-18 -8.61221e-19
-2.39634e-17 1.51104e-17 9.57045e-17
-1.35503e-17 -6.90623e-19 2.27514e-17
-1.42371e-16 -5.63233e-17 -2.96305e-17
-1.05785e-17 2.34717e-17 2.15892e-17
0.0 -3.30872e-24 0.0
-2.81475e-16 -1.48329e-16 -1.25666e-16
1.92276e-17 -2.11451e-17 -7.26306e-18
1.43587e-17 -2.89377e-17 -3.10593e-18
1.65487e-17 6.27198e-17 6.02873e-17
1.63509e-17 2.23165e-17 1.31481e-17
-1.69051e-16 4.55189e-17 2.70536e-17
-1.32214e-16 -3.90035e-17 -2.11962e-17
-5.83552e-17 -1.33289e-17 1.53007e-16
1.20332e-17 -7.28601e-18 -1.10753e-17
9.92328e-17 9.11199e-18 8.4646e-17
3.82402e-17 -3.50294e-19 3.14485e-18
-1.07385e-16 5.75493e-17 -3.50614e-17
-2.42454e-17 2.8525e-18 4.45841e-19
-1.37995e-16 -4.55949e-17 -2.35904e-17
-2.44132e-16 -7.98084e-17 6.48726e-17
-3.40017e-17 8.13966e-17 1.10633e-17
2.57226e-16 -6.19143e-17 2.86127e-16
-5.58347e-24 1.65436e-24 0.0
2.88421e-17 -3.10334e-17 -7.54239e-18
2.48154e-24 -4.1359e-24 0.0
-2.11085e-15 -3.19946e-16 3.09203e-16
-9.0201e-17 6.31362e-17 -2.03685e-17
-3.43172e-18 9.31807e-17 7.74553e-18
-3.41212e-23 -8.27181e-25 0.0
-7.8597e-17 -4.00365e-17 -1.45061e-17
-3.7042e-17 2.27709e-17 -6.45526e-17
-4.29079e-16 -7.97141e-17 -1.01855e-16
-2.38016e-17 -1.03657e-17 -3.17722e-17
-5.72378e-17 6.70099e-16 -1.69837e-16
-2.05603e-16 -5.14406e-17 -1.02763e-16
-9.71332e-16 -2.13965e-16 -4.91913e-16
-4.00083e-18 -9.61531e-18 -1.74038e-18
7.34835e-18 2.13469e-17 3.93628e-17
1.65436e-24 -3.30872e-24 -1.32349e-23
0.0 0.0 6.61744e-24
-1.14102e-17 -9.26006e-18 -7.50181e-18
6.60707e-18 -8.61409e-18 6.26434e-17
-5.78621e-16 -1.84139e-16 -6.14174e-17
3.52056e-17 2.30131e-17 2.66307e-18
6.61868e-17 3.65824e-17 -5.07714e-17
-1.20739e-17 5.57309e-18 9.49759e-18
1.33445e-18 4.94948e-17 -1.64088e-17
3.95253e-17 3.96511e-17 -4.17804e-18
6.99177e-18 2.05461e-17 4.1521e-18
4.47551e-18 1.42104e-17 2.34186e-17
-2.55872e-18 -6.90621e-18 4.30954e-18
1.05123e-15 7.18183e-17 1.19996e-16
-2.88675e-16 -1.40439e-16 5.1251e-17
1.43448e-17 -9.68532e-17 8.67902e-18
-1.48834e-16 -4.40897e-17 1.38715e-17
-1.04262e-16 -6.43046e-17 4.52559e-17
1.20836e-16 -4.35962e-18 -1.24222e-17
-4.95518e-18 2.50706e-17 1.03881e-17
2.89726e-17 -5.06076e-17 7.27182e-18
-2.31984e-17 7.43399e-17 2.79799e-17
-1.67263e-16 -4.72742e-17 -3.43775e-17
-1.26552e-16 -7.58942e-17 -1.6914e-17
-2.32128e-17 1.02309e-16 2.87729e-17
-1.34224e-16 5.7315e-17 -3.08592e-17
-2.39193e-17 1.96295e-17 1.09192e-17
1.88907e-22 0.0 6.61744e-24
-3.76337e-16 7.48687e-17 5.05555e-17
-3.21656e-17 -4.88253e-17 -1.81134e-17
2.32107e-17 -1.88949e-18 -8.86094e-17
-4.10256e-17 2.8629e-17 -9.69403e-18
2.04768e-17 8.37857e-18 1.90185e-17
-1.24077e-24 0.0 -6.61744e-24
2.64389e-18 -2.74954e-17 1.18426e-18
-3.8546e-18 -4.65488e-18 -1.76591e-17
-4.59e-17 2.96191e-17 -2.17288e-17
-2.49729e-17 4.60912e-17 -6.58651e-18
3.31146e-16 -4.81371e-16 5.03703e-16
5.82583e-17 9.6411e-18 5.55311e-18
-1.05051e-16 -2.73821e-16 8.62944e-18
-1.58296e-17 -5.88567e-17 -1.79013e-18
-1.03258e-17 -2.82935e-17 1.28687e-18
6.46235e-27 6.20926e-24 0.0
6.23899e-17 -1.23074e-17 -2.04925e-17
-1.13146e-16 2.46831e-17 1.51178e-17
4.67989e-17 -7.1466e-18 -2.02808e-17
-3.01315e-18 -4.71311e-17 1.10299e-17
6.01951e-17 -8.43348e-17 -1.95714e-18
-3.33357e-17 4.9973e-17 -5.82228e-17
-1.64905e-17 1.63213e-18 6.42558e-17
1.43096e-17 6.72027e-18 -2.63807e-17
-2.49296e-18 -3.19971e-18 4.94396e-17
1.82288e-16 -2.97174e-16 -3.54509e-16
-5.23644e-17 1.09674e-17 -9.62671e-18
-1.01377e-16 -2.25323e-16 -2.20894e-16
-6.286e-18 -2.32195e-18 2.42442e-18
4.65483e-17 1.02736e-17 -2.82374e-17
-1.45623e-16 -6.21929e-17 -4.64799e-18
2.15168e-18 2.85976e-17 -9.80938e-18
-3.56703e-16 8.81062e-18 -1.34196e-17
-3.79962e-17 7.57919e-17 1.19044e-17
-1.58353e-16 5.20912e-18 1.73341e-17
-4.45833e-17 7.01999e-17 5.07784e-17
2.44951e-17 -1.10253e-16 -9.78694e-17
6.96614e-17 -7.98622e-17 -1.75912e-17
3.81221e-17 1.68067e-16 2.26094e-17
1.60689e-17 1.89725e-18 -3.83438e-20
-1.0341e-16 1.37854e-17 -3.81804e-17
-4.7048e-17 1.08525e-16 2.69297e-17
6.49407e-16 -6.23131e-17 2.32034e-16
-6.72084e-25 4.1359e-25 0.0
-1.17815e-16 6.20556e-17 -5.90183e-17
2.59862e-17 1.66557e-17 -5.96853e-18
-1.90002e-17 -1.10054e-18 6.28235e-18
1.27729e-16 -1.23365e-16 -4.66468e-17
-8.62013e-18 -3.62355e-18 -1.97623e-19
1.67031e-16 5.90234e-17 1.81746e-16
1.56115e-17 2.17467e-17 1.6941e-17
2.97111e-17 3.39122e-17 4.57998e-17
-2.41268e-16 -8.46775e-17 -1.46751e-17
7.6543e-17 -2.00556e-17 3.4742e-17
-2.89188e-18 3.84651e-17 1.50934e-17
-8.38959e-17 -4.773e-18 -6.25594e-18
1.63117e-17 -9.31428e-17 2.69726e-18
7.87282e-19 1.85711e-17 -3.25737e-17
3.01439e-17 -3.06616e-17 -2.73517e-17
0.0 -7.41251e-25 0.0
1.48476e-17 4.13355e-17 -4.68627e-17
-4.36281e-18 7.21428e-17 1.87348e-17
0.0 3.30872e-24 0.0
2.23544e-17 5.88209e-18 -1.39976e-17
-6.5061e-18 3.18923e-17 -2.63012e-17
-3.47129e-16 -1.86418e-16 8.30139e-17
6.91164e-18 -2.04026e-18 -1.21827e-19
-1.54135e-15 -5.91062e-16 3.35867e-17
1.60755e-16 1.22315e-16 -1.41178e-16
9.79322e-17 1.74526e-17 -7.79447e-17
0.0 3.57339e-25 0.0
-2.01261e-17 -9.20177e-18 -1.63946e-17
4.08309e-17 -1.70779e-17 -6.18084e-17
5.46486e-17 -6.12308e-17 -5.84001e-18
6.14609e-18 7.92049e-18 -2.21492e-19
1.12689e-17 3.71494e-17 3.6356e-18
5.60498e-17 -4.36147e-17 -9.49428e-17
-7.7978e-18 3.60855e-17 -7.24598e-18
-2.79723e-16 -8.13142e-17 4.72067e-17
-9.68477e-17 -1.16976e-16 -1.41855e-17
7.07505e-17 3.08616e-17 -3.51979e-18
6.60468e-18 2.2925e-17 3.66305e-17
1.20751e-16 8.52436e-17 4.36152e-17
-1.19832e-15 -4.40972e-15 -6.50977e-16
-1.64263e-16 1.10783e-16 -7.93319e-18
-5.29115e-17 -2.44614e-16 1.99853e-16
0.0 -5.5705e-24 0.0
1.38648e-16 -2.91756e-17 -3.58867e-16
8.31218e-17 -9.60417e-17 -4.47534e-18
-3.30872e-24 0.0 0.0
1.84143e-18 -8.55918e-18 -5.19112e-18
-3.63155e-19 -3.29207e-17 -1.75875e-17
-1.52075e-16 5.45312e-17 -6.92574e-17
1.45583e-17 -6.1226e-18 -5.99527e-18
-3.52573e-16 -1.07933e-16 -7.08065e-17
1.24399e-16 2.80862e-17 -2.00561e-17
-2.27215e-17 1.4889e-17 -4.26663e-17
1.65498e-16 2.37141e-16 8.53782e-17
-2.42439e-17 -2.28311e-17 5.48096e-19
1.98639e-17 -1.0949e-17 2.16354e-19
-2.26321e-16 4.08861e-17 -4.97952e-18
-9.46111e-17 -5.79143e-17 1.8857e-17
3.39049e-16 -1.56079e-17 -3.45494e-17
-5.38297e-17 -9.29887e-18 3.66279e-18
4.4478e-17 -1.735e-17 -2.01098e-17
-2.17236e-16 -7.79391e-17 -3.3269e-17
-1.57704e-16 -6.58089e-17 -4.96619e-17
5.145e-18 6.05103e-18 3.12375e-17
-2.15885e-18 -4.74449e-18 1.0021e-17
3.02534e-17 2.05134e-18 -1.87879e-18
-5.11362e-18 -5.0109e-17 -1.81332e-17
-1.5281e-16 1.90139e-16 -5.691e-17
2.35893e-17 1.23606e-17 -1.60496e-17
-3.13247e-17 -5.01896e-18 -7.12279e-18
1.1167e-16 9.22291e-17 -3.34249e-17
-9.17393e-18 2.276e-18 4.13356e-17
3.19224e-17 -3.43946e-17 -4.47523e-17
9.01313e-18 -3.98223e-18 2.3582e-17
-3.27746e-17 4.90991e-17 -1.71537e-17
-6.46235e-27 9.06892e-26 0.0
5.53479e-17 -5.90567e-17 1.39926e-17
-4.08245e-18 1.08941e-17 -1.31172e-17
-9.74953e-17 -1.54582e-16 4.90505e-18
-1.10397e-17 -1.7168e-17 1.22706e-17
7.73292e-17 -5.50714e-17 -3.19351e-18
-3.41091e-18 7.99901e-18 -4.63862e-18
3.34666e-16 -1.12948e-15 -6.0009e-16
1.08609e-16 1.14021e-16 -1.59999e-16
3.93084e-18 1.76353e-18 7.08684e-18
-1.9568e-22 4.96308e-24 0.0
3.33273e-17 -2.23145e-18 -8.28523e-18
-5.2945e-17 -5.36759e-17 1.95251e-17
-6.47547e-18 -2.64978e-17 5.74399e-17
4.99103e-17 1.04968e-16 1.30736e-17
2.20082e-17 -3.27428e-17 4.06138e-17
-6.79659e-18 3.36991e-18 1.93291e-17
-7.81184e-18 1.08398e-17 8.77519e-18
-2.33109e-17 -6.63994e-19 -4.1538e-18
1.55148e-22 9.51258e-24 0.0
1.35162e-18 -7.92281e-18 -2.91444e-17
-3.64737e-17 4.39169e-17 -1.03499e-16
1.31717e-16 -2.63407e-17 -8.62831e-17
-3.30137e-16 -1.952e-17 -5.10717e-17
-6.46235e-27 1.20678e-23 0.0
-9.53031e-17 -1.8071e-17 -1.80761e-17
6.61744e-24 0.0 0.0
5.48922e-18 6.58145e-19 -4.73023e-18
-2.69835e-17 5.7393e-17 -1.19979e-17
-7.45359e-16 -1.0957e-16 -4.50478e-16
1.28779e-17 5.65157e-17 -8.11125e-19
4.84527e-17 -4.22623e-19 -1.47538e-17
2.6231e-18 1.36193e-16 2.71371e-17
-2.06891e-17 -3.78215e-16 1.16362e-16
1.31295e-17 3.23451e-17 -1.45022e-17
-1.01358e-16 -7.6993e-18 2.0742e-17
-1.69619e-18 -5.98088e-17 1.6986e-17
6.46235e-27 1.59011e-26 0.0
2.84353e-17 -3.37993e-17 2.78943e-18
-2.73959e-17 1.95643e-17 -1.47828e-17
1.03398e-23 0.0 0.0
-1.86758e-16 7.04193e-18 -5.74834e-18
2.67581e-17 1.31062e-17 5.70127e-17
-6.27016e-17 9.85384e-17 4.20082e-17
4.31628e-18 -7.63486e-17 -1.31113e-16
-9.01436e-18 1.72073e-17 2.28745e-18
-2.13828e-18 2.4345e-17 4.97447e-18
2.42543e-17 -5.35157e-17 -1.0419e-16
3.94299e-16 6.14871e-16 3.17089e-16
-1.87736e-15 5.425e-16 1.20091e-15
-4.71057e-17 3.22204e-17 -1.95848e-17
-1.68299e-16 9.80266e-17 3.95736e-17
-5.74545e-17 2.33618e-18 -6.06725e-17
8.22842e-17 8.57725e-17 -7.75181e-19
9.93342e-17 4.45613e-17 4.46237e-18
-2.00967e-16 -1.18309e-16 -4.60914e-17
1.05379e-17 1.98722e-17 2.65056e-17
1.11124e-17 -3.2343e-16 -7.76532e-17
8.40259e-17 -4.07823e-18 -6.27204e-17
3.48047e-17 -1.25677e-17 2.52873e-17
1.52549e-17 2.87377e-17 2.03783e-17
-8.08381e-18 -2.76365e-17 -7.84412e-19
-1.85517e-17 6.86131e-17 -4.91685e-17
5.73573e-17 2.49813e-16 -1.09806e-16
2.89912e-17 6.98107e-17 3.77587e-17
1.14655e-16 5.55367e-17 -5.56854e-18
4.48104e-16 -8.10507e-17 -6.797e-17
5.34858e-18 -6.66253e-17 1.43595e-17
-6.87888e-17 1.40718e-16 8.38379e-18
-6.69566e-18 -4.68901e-18 -2.98859e-18
-6.91989e-17 1.7456e-16 -1.31002e-17
-6.04816e-17 -2.46376e-16 1.83522e-16
-5.54023e-17 4.04895e-17 2.3848e-17
