LIGGGHTS (Version LIGGGHTS-PUBLIC 3.8.0, compiled 2026-06-22-10:49:37 by kortiz, git commit 3d5c00f20519e6bb6eb6756f51f1ad36564e649d)
Created orthogonal box = (-0.02 -0.02 -0.02) to (0.43 0.06 0.07)
  16 by 2 by 2 MPI processor grid

Reading STL file 'case_remesh.stl' (mesh processing step 1/3) 

Reading STL file 'screw_simplified.stl' (mesh processing step 1/3) 
   successfully read a chunk of 100000 elements in STL file 'screw_simplified.stl'
   successfully read a chunk of 100000 elements in STL file 'screw_simplified.stl'

Reading STL file 'feed.stl' (mesh processing step 1/3) 

Reading STL file 'salida_centered.stl' (mesh processing step 1/3) 
Fix particledistribution/discrete (id pdd1): distribution based on mass%:
    pts1: d=3.000000e-04 (max. bounding sphere) mass%=39.450000%
    pts2: d=3.000000e-04 (max. bounding sphere) mass%=40.590000%
    pts3: d=3.000000e-04 (max. bounding sphere) mass%=19.960000%
Fix particledistribution/discrete (id pdd1): distribution based on number%:
    pts1: d=3.000000e-04 (max. bounding sphere) number%=39.450000%
    pts2: d=3.000000e-04 (max. bounding sphere) number%=40.590000%
    pts3: d=3.000000e-04 (max. bounding sphere) number%=19.960000%

Reading STL file 'feed.stl' (mesh processing step 1/3) 
**FixMassflowMesh: > 1 process -  will write to multiple files
**FixMassflowMesh: > 1 process -  will write to multiple files
Setting up run at Tue Jun 23 08:09:58 2026

Mesh case: 3 elements have high aspect ratio (soft limit: smallest angle > 0.500000 ° required)
WARNING: Fix mesh: Mesh contains highly skewed element, moving mesh (if used) will not parallelize well (../surface_mesh_I.h:657)
Import and parallelization of mesh case containing 4995 triangle(s) successful
Mesh screw: 2 elements have high aspect ratio (soft limit: smallest angle > 0.500000 ° required)
WARNING: Fix mesh: Mesh contains highly skewed element, moving mesh (if used) will not parallelize well (../surface_mesh_I.h:657)
Import and parallelization of mesh screw containing 30806 triangle(s) successful
Import and parallelization of mesh feed containing 64 triangle(s) successful
Import and parallelization of mesh outlet containing 64 triangle(s) successful
Import and parallelization of mesh ins_mesh containing 64 triangle(s) successful
INFO: Particle insertion ins: 75.156501 particles every 500000 steps - particle rate 150.313002  (mass rate 5.950000e-07)
      901 particles (mass 3.566524e-06) within 5500000 steps
Memory usage per processor = 20.0881 Mbytes
    Step    Atoms         KinEng            CPU 
       0        0              0              0 
INFO: Particle insertion ins: inserted 75 particle templates (mass 2.968805e-07) at step 1
 - a total of 75 particle templates (mass 2.968805e-07) inserted so far.
   10000       75  1.3359623e-10      6.5819905 
   20000       75  1.6846881e-10      12.863679 
   30000       75  3.2806935e-10      19.252542 
   40000       75  3.7867597e-10      25.751959 
   50000       75  4.3243553e-10       32.22352 
   60000       75  5.2526154e-10      38.802579 
   70000       75  5.3122386e-10      45.377875 
   80000       75  5.9956066e-10      51.938488 
   90000       75  4.8126053e-10      58.480903 
  100000       75   6.295782e-10      65.008832 
  110000       75  6.1314101e-10      71.588059 
  120000       75  5.7724126e-10      78.150287 
  130000       75  1.0664749e-08      84.681497 
  140000       75  5.3753039e-10      91.231774 
  150000       75  4.8306752e-10      97.690065 
  160000       75  3.5155191e-10      104.21786 
  170000       75  2.1009381e-10      110.69413 
  180000       75  2.7710575e-10      117.10192 
  190000       75  2.8499546e-10      123.60403 
  200000       75  5.0541669e-10      130.43747 
  210000       75   4.909745e-10      137.46923 
  220000       75    6.93746e-09      144.43334 
  230000       75  3.9565419e-10      151.03812 
  240000       75  3.1765604e-10      158.34499 
  250000       75   3.818617e-10      164.91747 
  260000       75  4.5242609e-10      171.51613 
  270000       75  3.4098886e-10      178.07479 
  280000       75  5.7795267e-10      184.66634 
  290000       75  4.7358255e-10      191.27352 
  300000       75  3.4814781e-10      197.94749 
  310000       75  2.1609874e-10      204.64886 
  320000       75  4.8426234e-10      211.26532 
  330000       75  5.0789906e-10      217.98839 
  340000       75  3.3457823e-10       224.6713 
  350000       75  2.9754585e-08      232.16456 
  360000       75  2.8634174e-08      243.70144 
  370000       74  7.6549696e-10      252.51816 
  380000       74  6.1856759e-10       259.2888 
  390000       74  5.2375925e-10      266.16106 
  400000       74  3.4604242e-10      273.80468 
  410000       74  3.5905199e-10      280.49636 
  420000       74  3.7928949e-10      287.12554 
  430000       74  7.7828405e-10      293.80831 
  440000       74  6.8113186e-10      300.53059 
  450000       74  1.4099269e-09      307.37192 
  460000       74  1.2586978e-09      314.31444 
  470000       74  8.2307169e-10      321.15879 
  480000       74  7.0507805e-10      327.93528 
  490000       74  5.3441383e-10      335.49577 
  500000       74  6.3377591e-10      342.27224 
INFO: Particle insertion ins: inserted 75 particle templates (mass 2.968805e-07) at step 500001
 - a total of 150 particle templates (mass 5.937610e-07) inserted so far.
  510000      149  4.5215926e-10      349.09838 
  520000      149  5.3329905e-09      357.01003 
  530000      149  4.7116902e-09      365.30039 
  540000      149  3.3596155e-09      373.49305 
  550000      149  3.4492281e-09      381.55302 
  560000      149  2.6171158e-09      389.48617 
  570000      148  1.0273705e-09      397.36814 
  580000      148  1.0223235e-09       404.7183 
  590000      148   9.946238e-10      411.68371 
  600000      148   9.733633e-10       418.9591 
  610000      148  9.2851523e-10      425.90479 
  620000      148  1.0572011e-09      432.99692 
  630000      148  8.3367197e-10      439.85297 
  640000      148  6.9900486e-10      446.68685 
  650000      148  7.5472855e-10      453.50983 
  660000      148  6.5148384e-10      460.40803 
  670000      148  7.2913582e-10      467.35135 
  680000      148  1.1565574e-09      474.41496 
  690000      148  7.1048756e-10      481.41642 
  700000      148  8.2993028e-10      488.28223 
  710000      148  1.3220662e-09      495.23139 
  720000      148  1.2831281e-09      502.61673 
  730000      148  8.9859025e-10      509.73763 
  740000      148  8.9241964e-10      517.50221 
  750000      148  2.7087935e-09      525.15052 
  760000      148  1.2816093e-09      533.17026 
  770000      148  1.1001189e-09      540.39917 
  780000      148  1.0349704e-09      547.59949 
  790000      148  9.9239522e-10       554.7102 
  800000      148  9.3077641e-10      561.98881 
  810000      148  8.1070217e-10       569.0685 
  820000      148  7.8854412e-10      576.17441 
  830000      148  7.2864097e-10      583.29647 
  840000      148  9.3554619e-10      590.47624 
  850000      148    9.61069e-10      597.70791 
  860000      148  9.9614231e-10      605.10594 
  870000      148  4.2055118e-09      612.38544 
  880000      148  6.0239823e-10       619.5319 
  890000      148  5.9303681e-10      626.74661 
  900000      148  6.7672463e-10      633.97792 
  910000      148  5.5838486e-10      641.22565 
  920000      148  6.8669997e-10      648.53857 
  930000      148  1.0972273e-09      656.82209 
  940000      148  1.2005321e-09      664.40462 
  950000      148  1.4440746e-09      672.17182 
  960000      148   2.913252e-09       680.0755 
  970000      148  1.8848664e-09      688.15422 
  980000      147  4.2895874e-10      696.45264 
  990000      147  5.8480893e-10      703.75299 
 1000000      147   4.091274e-10      711.21636 
INFO: Particle insertion ins: inserted 75 particle templates (mass 2.968805e-07) at step 1000001
 - a total of 225 particle templates (mass 8.906415e-07) inserted so far.
 1010000      222  5.7793137e-10      718.59116 
 1020000      222  7.3992009e-10      726.00335 
 1030000      222  8.4927143e-10      733.43956 
 1040000      222  3.9194865e-10      740.87134 
 1050000      222  5.9431495e-10      748.24373 
 1060000      222  7.9972585e-10      755.65654 
 1070000      222  9.2998281e-10      763.10975 
 1080000      222  8.1577722e-10      770.53016 
 1090000      222   8.804735e-10      777.96084 
 1100000      222  6.1408516e-10      786.25741 
 1110000      222  7.6206652e-10       793.6558 
 1120000      222  1.5045069e-09      801.48317 
 1130000      222   8.360443e-10      809.01956 
 1140000      222  1.2326975e-09        816.422 
 1150000      222  1.4256659e-09      823.90663 
 1160000      222  1.8970623e-09      831.52656 
 1170000      222  8.4233835e-10      839.22723 
 1180000      222   7.693399e-10      846.79384 
 1190000      222  6.0364289e-10      854.32929 
 1200000      222  7.9565693e-10      861.98904 
 1210000      222  6.3014286e-10      869.49782 
 1220000      222  9.2791475e-10      877.79263 
 1230000      222  7.0298232e-10      885.34592 
 1240000      222  4.5555989e-10      892.93519 
 1250000      222  5.1424934e-10      900.53058 
 1260000      222  6.8013587e-10      908.14661 
 1270000      222  6.3181692e-10      916.11493 
 1280000      222  5.2182183e-10      924.24381 
 1290000      222  1.7859422e-09      931.90488 
 1300000      222    7.01046e-10      939.53715 
 1310000      222  7.6041842e-10      947.22327 
 1320000      222  8.3539859e-10      955.08276 
 1330000      222  6.5172673e-10       962.8041 
 1340000      222  5.0331181e-09      971.85962 
 1350000      222  4.5071945e-09      981.29626 
 1360000      222  4.0792873e-09      990.60411 
 1370000      222  3.5083857e-09       999.8154 
 1380000      221   4.677372e-10      1008.4714 
 1390000      221  2.5613576e-10      1016.2777 
 1400000      221  3.0280297e-10      1024.1276 
 1410000      221  3.4415498e-10      1032.0353 
 1420000      221  5.2986249e-10       1040.303 
 1430000      221  5.6868414e-10      1048.4836 
 1440000      221  4.6631664e-10       1057.545 
 1450000      221  2.9811737e-10      1065.9156 
 1460000      221  5.3736789e-10      1073.7431 
 1470000      221  4.0616053e-10      1081.6089 
 1480000      221  5.1243284e-10      1089.5138 
 1490000      221  4.8462933e-10      1097.3637 
 1500000      221  1.6529016e-09        1105.33 
INFO: Particle insertion ins: inserted 75 particle templates (mass 2.968805e-07) at step 1500001
 - a total of 300 particle templates (mass 1.187522e-06) inserted so far.
 1510000      296  3.7447313e-09      1113.5299 
 1520000      296  2.9068646e-09      1122.4512 
 1530000      296  1.7380581e-09      1130.9892 
 1540000      296  1.6480014e-09      1139.4004 
 1550000      296  1.3332604e-09      1147.7403 
 1560000      296  1.6140227e-09      1156.1298 
 1570000      296  2.3149974e-09      1164.4634 
 1580000      296  1.1313082e-09      1172.7538 
 1590000      296  3.3624177e-09      1183.1219 
 1600000      296  2.8289548e-09      1193.7518 
 1610000      296  2.6494628e-09      1203.0459 
 1620000      296  2.1491243e-09      1212.2009 
 1630000      296  2.1075848e-09      1221.2871 
 1640000      296  2.8094774e-09      1230.2835 
 1650000      296  2.1404902e-09       1239.903 
 1660000      296  1.8320712e-09       1248.758 
 1670000      296  1.9490946e-09      1257.5946 
 1680000      296  2.3361142e-09      1266.4506 
 1690000      295  1.9293504e-09      1275.5097 
 1700000      295  4.2356183e-09      1284.7305 
 1710000      294  9.0770006e-10      1293.9024 
 1720000      294  7.0295822e-10       1302.558 
 1730000      294  5.1886928e-09      1311.2536 
 1740000      294   1.162538e-09       1321.247 
 1750000      294  5.9532747e-10      1329.9044 
 1760000      294  3.9096805e-09      1338.4552 
 1770000      294  1.1071271e-09      1347.0595 
 1780000      294  1.8746085e-08      1358.7233 
 1790000      294  1.8169074e-08      1371.0199 
 1800000      293    7.18009e-10      1380.4605 
 1810000      293  2.2641986e-09       1389.029 
 1820000      293  6.4765857e-10      1397.5437 
 1830000      293  1.4261202e-09      1406.0481 
 1840000      293  8.5876451e-10      1415.0637 
 1850000      293  1.2398484e-09      1424.3069 
 1860000      293  1.4015645e-09      1433.2658 
 1870000      293  1.0944504e-09      1442.4707 
 1880000      293  1.0055408e-09       1451.663 
 1890000      293  9.8905093e-10      1460.4536 
 1900000      293  5.1837425e-10      1469.1431 
 1910000      293  9.7348071e-10      1477.8962 
 1920000      293  5.1688592e-10       1487.098 
 1930000      293  2.4574216e-09      1495.7098 
 1940000      293  4.4519746e-10      1504.3195 
 1950000      293  5.8867197e-10      1512.8875 
 1960000      293  1.4210233e-09      1521.4802 
 1970000      293  4.9352144e-10      1530.1527 
 1980000      293  6.5189433e-10      1538.7471 
 1990000      293  1.6695614e-09      1548.1467 
 2000000      293  1.7104763e-09      1557.7521 
INFO: Particle insertion ins: inserted 75 particle templates (mass 2.968805e-07) at step 2000001
 - a total of 375 particle templates (mass 1.484403e-06) inserted so far.
 2010000      368  1.0515332e-09      1566.8893 
 2020000      368  1.0545112e-09       1576.832 
 2030000      368  1.3970142e-09      1585.8524 
 2040000      368  1.1118751e-09      1594.7781 
 2050000      368  1.1017868e-09      1604.4409 
 2060000      368  1.1928388e-09      1613.4476 
 2070000      368  8.1509665e-10      1622.4251 
 2080000      368  1.5103247e-09       1631.585 
 2090000      368  8.6018867e-10        1640.62 
 2100000      368  5.7152565e-10      1649.6591 
 2110000      368  7.1061655e-10      1658.5789 
 2120000      368  8.6763307e-10      1667.5899 
 2130000      368   1.280311e-09      1676.6583 
 2140000      368  8.6091282e-10      1685.8532 
 2150000      368  7.3000688e-10      1694.9819 
 2160000      368  1.0009902e-09      1705.1237 
 2170000      368  1.0625423e-09      1714.2664 
 2180000      368  7.7114103e-10      1723.3837 
 2190000      368  8.6116295e-10       1732.605 
 2200000      368  6.6556202e-10      1741.9058 
 2210000      368  6.7050758e-10      1751.1283 
 2220000      368  5.0641286e-10      1760.3377 
 2230000      368  6.8950044e-10      1769.6623 
 2240000      368  4.3233926e-10      1779.6602 
 2250000      368  7.5460568e-10      1788.8873 
 2260000      368  4.6924866e-10      1798.2464 
 2270000      368  7.6064523e-10      1807.6068 
 2280000      368  4.9810501e-10      1816.9752 
 2290000      368   7.117227e-10       1826.258 
 2300000      368  9.6450476e-10      1835.6698 
 2310000      368  6.7163798e-10       1845.329 
 2320000      368  6.5544163e-10      1855.2142 
 2330000      368  8.1222957e-10      1864.5739 
 2340000      368  5.8683369e-10      1873.8898 
 2350000      368  4.6619423e-10      1883.1576 
 2360000      368  8.9961784e-10      1892.4188 
 2370000      368  6.8659899e-10      1901.6495 
 2380000      368  5.5781481e-10      1910.9162 
 2390000      368   3.740833e-10      1920.2143 
 2400000      368  4.3135841e-10      1929.5972 
 2410000      368  3.7521308e-10      1938.9689 
 2420000      368  3.5069233e-10      1948.2505 
 2430000      368  4.8066227e-10      1958.2808 
 2440000      368  5.3150124e-10      1967.6624 
 2450000      368  6.1412445e-10       1977.848 
 2460000      368  4.2361324e-10      1987.4247 
 2470000      368  5.9946051e-10      1996.8035 
 2480000      368  7.4037982e-10      2006.2643 
 2490000      368    6.71673e-10      2015.6864 
 2500000      368  8.2679357e-10      2025.1046 
INFO: Particle insertion ins: inserted 75 particle templates (mass 2.968805e-07) at step 2500001
 - a total of 450 particle templates (mass 1.781283e-06) inserted so far.
 2510000      443  2.9079256e-09      2035.1171 
 2520000      443  1.4637143e-09      2045.5192 
 2530000      443  1.5260262e-09      2055.4348 
 2540000      443  1.0427436e-09      2065.2856 
 2550000      443  1.0323114e-09      2074.9802 
 2560000      443  5.9293221e-10       2084.615 
 2570000      443  5.5006555e-10      2094.2119 
 2580000      443  8.4206743e-10      2103.8123 
 2590000      443  6.1973552e-10      2114.4583 
 2600000      443  7.6742669e-10      2124.3257 
 2610000      443  8.9514229e-10      2134.0477 
 2620000      443    6.89726e-10      2144.4939 
 2630000      443  6.5938578e-10      2154.2207 
 2640000      443  7.9991845e-10      2163.9156 
 2650000      443  6.4378425e-10      2173.5685 
 2660000      443  7.3006025e-10      2183.2883 
 2670000      443  7.6252176e-10      2192.9377 
 2680000      443  6.0120036e-10      2202.6031 
 2690000      443  4.8904489e-09      2212.5643 
 2700000      443  1.0364762e-09      2222.9353 
 2710000      443  7.9113927e-10      2232.9999 
 2720000      443  1.5847036e-08      2242.9962 
 2730000      443  2.2118911e-09      2253.8911 
 2740000      443  1.0766627e-09      2264.1052 
 2750000      443   9.503321e-10      2274.0658 
 2760000      443   2.700048e-09      2283.9408 
 2770000      443  1.2036684e-09      2293.9266 
 2780000      443  9.8596504e-10      2303.8577 
 2790000      443   2.215478e-08      2313.7008 
 2800000      443  6.3739453e-10      2324.4106 
 2810000      443  1.9531168e-09      2334.2759 
 2820000      443  3.3150563e-09       2344.216 
 2830000      443  1.6979876e-09      2354.3015 
 2840000      443  2.4039777e-08      2364.2227 
 2850000      443  1.3441459e-09      2374.1384 
 2860000      443  7.9340054e-09      2385.1874 
 2870000      443  3.4061166e-09      2396.0629 
 2880000      443  1.9614029e-08      2406.2737 
 2890000      443  2.6549822e-09       2416.591 
 2900000      443   6.009129e-10      2426.5989 
 2910000      443  6.3777022e-10      2436.7025 
 2920000      443   7.944745e-10      2446.8212 
 2930000      443  9.9950432e-10       2457.109 
 2940000      443  7.4504297e-10      2467.4359 
 2950000      443  5.4787738e-10      2477.6659 
 2960000      443  6.0855659e-10      2487.8063 
 2970000      443  5.9092126e-10      2498.7791 
 2980000      443  7.1203967e-10      2509.8876 
 2990000      443  8.1202889e-10      2520.2482 
 3000000      443    2.92896e-09      2530.6428 
INFO: Particle insertion ins: inserted 75 particle templates (mass 2.968805e-07) at step 3000001
 - a total of 525 particle templates (mass 2.078164e-06) inserted so far.
 3010000      518  1.1915721e-09      2540.9143 
 3020000      518  1.0452213e-09      2551.2152 
 3030000      518  1.0831953e-09       2561.586 
 3040000      518  2.7728884e-09      2572.0381 
 3050000      518  1.1730713e-09      2582.5066 
 3060000      518  7.7870444e-10      2592.9329 
 3070000      518  7.1685172e-10      2603.4098 
 3080000      518   1.145513e-09      2613.7717 
 3090000      518  6.7334879e-10      2624.1063 
 3100000      518  5.8619582e-10      2634.9545 
 3110000      518  8.1040029e-10      2645.9204 
 3120000      518  7.7849988e-10      2656.3284 
 3130000      518  7.3488812e-10      2666.7025 
 3140000      518  1.0624934e-09      2677.7969 
 3150000      518  6.3853003e-10      2688.2162 
 3160000      518  2.7763098e-09       2698.628 
 3170000      518  1.5720848e-09      2708.9753 
 3180000      518  3.8791008e-09      2719.4531 
 3190000      518  2.2762881e-09      2730.2564 
 3200000      518  6.7506285e-10       2740.895 
 3210000      518  1.0367704e-09       2751.425 
 3220000      518  1.0552629e-09       2762.506 
 3230000      518  5.4443592e-10      2773.6486 
 3240000      518  4.9401306e-10       2784.281 
 3250000      518  8.4801139e-10      2794.8728 
 3260000      518  1.2792968e-09      2805.5969 
 3270000      518  9.9664919e-10      2816.3314 
 3280000      518  7.6534717e-10      2827.0335 
 3290000      518  6.9991085e-10      2837.7858 
 3300000      518  6.2379536e-10      2848.4074 
 3310000      518  4.1672813e-10      2859.6634 
 3320000      518  5.4009959e-10      2870.2987 
 3330000      518  5.6361316e-10      2881.0073 
 3340000      518  4.7350622e-10      2891.7535 
 3350000      518  4.5453691e-10      2902.3774 
 3360000      518  1.7248764e-09      2913.8305 
 3370000      518  6.6895755e-10      2924.7845 
 3380000      518    5.99063e-10      2935.5139 
 3390000      518   7.640257e-10      2946.2639 
 3400000      518  6.1167285e-10      2957.1888 
 3410000      518  5.4524359e-10       2967.991 
 3420000      518  6.6690446e-10      2978.8159 
 3430000      518  7.8718204e-10      2989.6999 
 3440000      518   7.821963e-10       3000.621 
 3450000      518  7.8445412e-10      3011.5602 
 3460000      518  6.4107232e-10      3022.4322 
 3470000      518  6.0480366e-10      3033.3436 
 3480000      518  5.0097156e-10      3045.9478 
 3490000      518  9.8516361e-10      3057.3966 
 3500000      518  9.9920945e-10      3068.3366 
INFO: Particle insertion ins: inserted 75 particle templates (mass 2.968805e-07) at step 3500001
 - a total of 600 particle templates (mass 2.375044e-06) inserted so far.
 3510000      593  8.3131165e-10      3079.2983 
 3520000      593  1.0250597e-09      3090.2476 
 3530000      593  6.8519015e-10      3101.1459 
 3540000      593  7.3950286e-10      3112.1405 
 3550000      593  9.4727731e-10      3123.2978 
 3560000      593  1.0362893e-09       3134.487 
 3570000      593  6.8891381e-10      3145.7026 
 3580000      593  4.0845062e-10      3156.7289 
 3590000      593  4.5217508e-10       3167.752 
 3600000      593  7.2014491e-10      3179.9596 
 3610000      593  8.9829337e-10      3191.1457 
 3620000      593  5.6738634e-10      3202.2501 
 3630000      593  7.5176918e-10      3213.3377 
 3640000      593  6.6602942e-10      3225.2411 
 3650000      593  4.5485241e-10      3236.4076 
 3660000      593  6.0755921e-10      3247.5789 
 3670000      593  8.2982178e-10      3258.9133 
 3680000      593  5.3851747e-10      3270.1687 
 3690000      593  7.4679783e-10      3281.3781 
 3700000      593    7.41669e-10      3292.6023 
 3710000      593   9.112811e-10       3304.908 
 3720000      593  9.3093842e-10      3316.7091 
 3730000      593  8.8002404e-10      3328.0965 
 3740000      593  8.1251672e-10      3339.5925 
 3750000      593  9.3472075e-10      3350.8485 
 3760000      593   8.552825e-10      3362.1515 
 3770000      593  5.5278155e-10      3373.4386 
 3780000      593  6.0794795e-10       3384.771 
 3790000      593  4.2348525e-10      3396.6473 
 3800000      593  5.7132191e-10      3407.9239 
 3810000      593  7.4068121e-10      3419.1943 
 3820000      593  8.0575847e-10       3431.508 
 3830000      593  6.5407457e-10      3442.8387 
 3840000      593  4.3682806e-10      3454.0279 
 3850000      593  6.5001815e-10      3465.2359 
 3860000      593   4.425954e-10      3476.4834 
 3870000      593   7.287414e-10      3487.6953 
 3880000      593  7.3753606e-10       3499.035 
 3890000      593  7.2907831e-10       3510.463 
 3900000      593  5.1681048e-10      3521.7783 
 3910000      593  4.9912824e-10      3533.0646 
 3920000      593  4.5878226e-10      3544.3613 
 3930000      593  5.3489738e-10      3556.7243 
 3940000      593  8.4703228e-10      3568.2635 
 3950000      593  2.1299703e-09      3581.1039 
 3960000      593  1.5608043e-09      3592.9233 
 3970000      593  1.1807351e-09       3604.711 
 3980000      593  1.0470022e-09      3616.3943 
 3990000      593   5.198231e-10      3627.8542 
 4000000      593  8.2608111e-10      3639.5711 
INFO: Particle insertion ins: inserted 75 particle templates (mass 2.968805e-07) at step 4000001
 - a total of 675 particle templates (mass 2.671925e-06) inserted so far.
 4010000      668  9.3978303e-10      3651.2192 
 4020000      668  1.0186964e-09      3662.7616 
 4030000      668  1.1107916e-09      3674.5496 
 4040000      668  1.1217712e-09      3687.1424 
 4050000      668  3.4838919e-09      3698.9454 
 4060000      667   2.808571e-09      3718.2929 
 4070000      667  1.4374137e-09      3730.1278 
 4080000      667  7.6876266e-10      3741.7615 
 4090000      667  6.1979563e-10      3753.3646 
 4100000      667  7.9954597e-10      3765.5776 
 4110000      667  1.1047135e-09      3777.1982 
 4120000      667  6.6453299e-09      3789.0824 
 4130000      667  3.3914983e-09      3801.0165 
 4140000      667  3.5344732e-08      3813.6565 
 4150000      667  2.2752208e-09      3825.6972 
 4160000      667  2.4655077e-09      3838.1463 
 4170000      667  3.4772965e-09      3850.8124 
 4180000      667  1.6960157e-09      3863.3614 
 4190000      667  7.5392921e-09      3875.8058 
 4200000      667  1.7505133e-09      3888.2467 
 4210000      667  1.4020529e-09      3900.5365 
 4220000      667   1.338361e-09      3912.7819 
 4230000      667  1.1756666e-09      3925.0054 
 4240000      667  2.7778306e-09      3938.0108 
 4250000      667   1.269227e-09      3951.6422 
 4260000      667  1.9253552e-09      3963.9304 
 4270000      667  1.4883575e-09      3976.2965 
 4280000      667  1.5336659e-08      3990.0522 
 4290000      667  1.5872434e-08      4004.7965 
 4300000      667  1.8066682e-08      4019.4064 
 4310000      666  4.4530722e-09      4033.0392 
 4320000      666  5.1814682e-09      4046.6922 
 4330000      665  1.1260682e-09      4059.5446 
 4340000      665  9.4733533e-10      4072.9489 
 4350000      665  1.1640222e-09      4085.4521 
 4360000      665  1.3180104e-09      4098.0785 
 4370000      665  1.4157914e-09      4110.8141 
 4380000      665  1.7046501e-09      4124.3098 
 4390000      665   5.741879e-09      4137.8795 
 4400000      665   3.028096e-09      4151.0942 
 4410000      664  1.6806579e-09      4163.9539 
 4420000      664  1.5327612e-09       4176.534 
 4430000      664  4.8604682e-10      4188.6736 
 4440000      664  6.1402746e-10      4201.7377 
 4450000      664  1.0681671e-09      4213.9615 
 4460000      664  1.4542841e-09      4226.3151 
 4470000      664  1.6530896e-09      4238.6153 
 4480000      664  1.3110744e-09      4250.9109 
 4490000      664  1.4184628e-09      4263.3383 
 4500000      664  5.3212612e-09      4275.6938 
INFO: Particle insertion ins: inserted 75 particle templates (mass 2.968805e-07) at step 4500001
 - a total of 750 particle templates (mass 2.968805e-06) inserted so far.
 4510000      739  7.9846646e-09      4288.0962 
 4520000      739  1.0983325e-08       4300.974 
 4530000      739  7.9259832e-10      4313.2122 
 4540000      739      5.853e-10      4326.4958 
 4550000      739  5.5984471e-10      4338.8877 
 4560000      739   9.267317e-10       4351.241 
 4570000      739  4.9736519e-10      4363.5225 
 4580000      739   5.465789e-10      4375.8769 
 4590000      739  1.6563221e-09      4388.2488 
 4600000      739  2.0887836e-09      4400.7256 
 4610000      739  1.0690482e-09      4413.0743 
 4620000      739  7.1849668e-10      4425.4609 
 4630000      739  6.8713564e-10      4437.7489 
 4640000      739  7.6775569e-10      4451.0657 
 4650000      739   8.594261e-10      4463.3468 
 4660000      739  1.1128632e-09      4476.3523 
 4670000      739  1.0558391e-09      4488.8208 
 4680000      739  9.8128733e-10      4501.3118 
 4690000      739  9.1549161e-10      4513.8011 
 4700000      739   8.767391e-10      4526.4524 
 4710000      739  1.0251328e-09      4538.9495 
 4720000      739  1.0119092e-09      4551.4771 
 4730000      739  7.9944685e-10      4563.9263 
 4740000      739  5.0277457e-10      4576.3997 
 4750000      739  3.3591943e-10       4589.829 
 4760000      739  3.3953825e-10       4602.357 
 4770000      739  6.1209074e-10      4614.8505 
 4780000      739  5.3758135e-10      4627.4088 
 4790000      739  6.2153084e-10      4639.9495 
 4800000      739  9.2263047e-10      4652.5802 
 4810000      739  5.4493806e-10      4665.7034 
 4820000      739  1.2147466e-09      4678.1064 
 4830000      739  4.4845021e-10      4690.4798 
 4840000      739  3.2026674e-09      4704.1404 
 4850000      739  2.5073811e-09       4718.439 
 4860000      739  1.9724244e-09      4731.6587 
 4870000      739  1.6543981e-09      4744.7352 
 4880000      739  1.3089986e-07      4760.0897 
 4890000      738  1.2922145e-09      4777.1073 
 4900000      738  1.0570297e-09      4789.7992 
 4910000      738  9.9128106e-10      4802.3985 
 4920000      738  1.0515915e-09      4814.9368 
 4930000      738  1.3898316e-09      4827.4859 
 4940000      738  9.9617323e-10      4840.6576 
 4950000      738  9.5185714e-10      4853.2193 
 4960000      738  1.7444946e-09      4866.8433 
 4970000      738  1.9253593e-09      4879.6229 
 4980000      738  1.5281813e-09      4892.4612 
 4990000      738  2.0138568e-09      4905.4026 
 5000000      738  2.5945579e-09      4918.6369 
INFO: Particle insertion ins: inserted 75 particle templates (mass 2.968805e-07) at step 5000001
 - a total of 825 particle templates (mass 3.265686e-06) inserted so far.
 5010000      813  2.6750967e-09      4931.8881 
 5020000      813  2.8310888e-09      4945.2405 
 5030000      813  2.9485645e-09      4958.6596 
 5040000      813  3.4509307e-09      4972.1808 
 5050000      813   3.766862e-09      4986.7742 
 5060000      812  8.5354967e-10      4999.0981 
 5070000      812  1.1611126e-09      5011.4178 
 5080000      812  6.4923313e-10      5024.9595 
 5090000      812  5.1153133e-10      5037.1279 
 5100000      812  5.6993543e-10      5049.2616 
 5110000      812  4.9794962e-10      5061.4817 
 5120000      812  4.8122927e-10      5073.6251 
 5130000      812  5.8112946e-10      5086.3156 
 5140000      812  5.3682952e-10      5098.3927 
 5150000      812   6.302683e-10      5111.1471 
 5160000      812  5.7172484e-10      5123.6656 
 5170000      812   4.117314e-10      5135.7512 
 5180000      812   4.378833e-10      5147.7244 
 5190000      812  8.3681746e-10      5159.7303 
 5200000      812  5.6251137e-09       5172.009 
 5210000      812  7.7215887e-10      5184.0641 
 5220000      812  5.8217078e-10      5196.8049 
 5230000      812   6.853403e-10      5208.7119 
 5240000      812   7.293759e-10      5220.7226 
 5250000      812  9.8541437e-10      5232.8633 
 5260000      812  8.0603314e-10      5245.8796 
 5270000      812  7.8116394e-10       5257.908 
 5280000      812  6.0425075e-10      5269.8674 
 5290000      812  5.9727797e-10      5281.8837 
 5300000      812  4.0348246e-10      5293.9539 
 5310000      812  8.5208547e-10      5306.0575 
 5320000      812  7.8262387e-10      5318.3081 
 5330000      812   5.821196e-10      5330.6202 
 5340000      812  6.1194933e-10      5342.8341 
 5350000      812  1.4721582e-09      5355.9967 
 5360000      812   1.169341e-09      5368.7881 
 5370000      812  1.7855659e-09      5382.3241 
 5380000      812  7.2606174e-10      5395.0312 
 5390000      812  3.0603242e-09      5407.2884 
 5400000      812    1.38854e-08      5420.3192 
 5410000      812  1.5730052e-09      5432.9603 
 5420000      812  8.1737789e-10      5445.2713 
 5430000      812  2.8260855e-09      5457.6304 
 5440000      812  1.5333733e-09      5470.0618 
 5450000      812  1.1383139e-09      5482.3357 
 5460000      812  7.4425743e-10      5494.6885 
 5470000      812  1.3386826e-09      5507.1895 
 5480000      812  9.1005998e-10      5520.4431 
 5490000      812  5.0152982e-10      5532.9895 
 5500000      812  1.0466866e-09      5545.4797 
INFO: Particle insertion ins: inserted 75 particle templates (mass 2.968805e-07) at step 5500001
 - a total of 900 particle templates (mass 3.562566e-06) inserted so far.
 5510000      887  2.8721409e-09      5559.3802 
 5520000      887  2.2126487e-09      5572.6072 
 5530000      887  1.2949375e-08      5585.6694 
 5540000      887  2.8508987e-09      5598.6492 
 5550000      887   6.252255e-09      5611.4683 
 5560000      887  1.3169219e-09      5624.2163 
 5570000      887  9.8255068e-10      5637.3233 
 5580000      887  1.0703191e-09      5650.5825 
 5590000      887  1.0794484e-09      5663.3168 
 5600000      887  1.0183187e-09      5676.1319 
 5610000      887  2.3130429e-09      5688.9361 
 5620000      887  1.0901608e-09      5701.8234 
 5630000      887  1.1769906e-09      5714.8577 
 5640000      887   1.291603e-09      5728.0072 
 5650000      887  1.3717219e-09       5741.991 
 5660000      887   1.690418e-09      5755.5376 
 5670000      887  2.0739042e-09      5769.2105 
 5680000      886  6.4008238e-10      5783.4316 
 5690000      886  5.2656213e-10      5796.2724 
 5700000      886  6.8360718e-10      5809.0607 
 5710000      886  5.6326085e-10      5821.8559 
 5720000      886  4.3987788e-10      5834.6962 
 5730000      886  6.1151247e-10      5847.5114 
 5740000      886  7.7367187e-10      5860.2332 
 5750000      886  1.0525619e-09      5872.9968 
 5760000      886  1.0715317e-09      5885.6971 
 5770000      886  1.1014699e-09      5898.4421 
 5780000      886  6.8429574e-09      5912.3332 
 5790000      886  9.5012538e-10      5925.6761 
 5800000      886  3.4413084e-09      5938.4354 
 5810000      886  8.1069767e-09      5951.2261 
 5820000      886  1.1502835e-09      5964.0327 
 5830000      886  1.3048207e-09      5976.7122 
 5840000      886  1.2193559e-09      5989.4597 
 5850000      886  1.3075337e-09      6002.3569 
 5860000      886  1.0542663e-09      6015.1883 
 5870000      886  5.7289644e-10      6027.8752 
 5880000      886  4.9352649e-10      6041.3803 
 5890000      886  1.5450289e-09       6054.063 
 5900000      886  7.2029315e-10      6066.7706 
 5910000      886  6.6316161e-10      6079.3998 
 5920000      886  3.7570932e-09      6093.2468 
 5930000      886  3.4740159e-09      6108.0446 
 5940000      886  3.0621205e-09      6121.9956 
 5950000      886  3.1447184e-09      6135.8612 
 5960000      886  2.7165297e-09      6149.5635 
 5970000      886  2.1282033e-09      6163.1784 
 5980000      885  8.6801276e-10      6177.4799 
 5990000      885  1.3936501e-09       6190.278 
 6000000      885  9.0910062e-10      6203.2364 
Loop time of 6203.24 on 64 procs for 6000000 steps with 885 atoms, finish time Tue Jun 23 09:53:23 2026


Pair  time (%) = 19.0613 (0.307279)
Neigh time (%) = 117.094 (1.88762)
Comm  time (%) = 79.6735 (1.28439)
Outpt time (%) = 4.44204 (0.0716084)
Other time (%) = 5982.97 (96.4491)

Nlocal:    13.8281 ave 579 max 0 min
Histogram: 61 1 0 1 0 0 0 0 0 1
Nghost:    2.21875 ave 57 max 0 min
Histogram: 60 1 0 0 0 1 0 0 1 1
Neighs:    81.7344 ave 3718 max 0 min
Histogram: 61 1 1 0 0 0 0 0 0 1

Total # of neighbors = 5231
Ave neighs/atom = 5.91073
Neighbor list builds = 15618
Dangerous builds = 0
Setting up run at Tue Jun 23 09:53:23 2026

Memory usage per processor = 21.1523 Mbytes
    Step    Atoms         KinEng            CPU 
 6000000      885  9.0910062e-10              0 
 6010000      885  1.8434205e-09      13.218746 
 6020000      885  1.5243726e-09      26.606939 
 6030000      885  1.3967758e-09      39.860608 
 6040000      885  1.0781004e-09      52.937774 
 6050000      885  8.4186291e-10      65.886338 
 6060000      885  6.5774381e-10      79.390103 
 6070000      885  2.4303706e-10      92.079934 
 6080000      885  1.7672475e-10      105.50765 
 6090000      885   1.016076e-09      118.07911 
 6100000      885  6.9094205e-10      130.83872 
 6110000      885  6.6366214e-10       143.4638 
 6120000      885  8.1436146e-10      156.17379 
 6130000      885  9.2373664e-10      168.97176 
 6140000      885  1.3018845e-09      182.16696 
 6150000      885   6.140439e-10      195.14856 
 6160000      885  4.5541188e-10      207.69981 
 6170000      885  4.6278062e-10      220.23271 
 6180000      885  4.0013912e-10      233.22518 
 6190000      885  2.0429623e-10      246.50339 
 6200000      885  2.0851457e-10      259.79137 
 6210000      885  1.8183024e-10      272.20392 
 6220000      885  6.1413971e-10       284.5803 
 6230000      885  2.1389137e-10      297.21894 
 6240000      885  2.5637639e-10      309.56664 
 6250000      885  2.7250671e-10      321.86959 
 6260000      885  2.2354223e-10      334.13098 
 6270000      885  2.2505503e-10      346.39237 
 6280000      885  1.4606324e-10      358.58425 
 6290000      885  1.1059277e-10      371.61388 
 6300000      885  1.1259454e-10      383.73673 
 6310000      885  7.2424508e-11      395.76545 
 6320000      885   1.511989e-10      407.85795 
 6330000      885  1.0772328e-10      420.01063 
 6340000      885  5.6426905e-11      432.68957 
 6350000      885  2.4717722e-08        444.867 
 6360000      885  6.1310557e-10      457.80756 
 6370000      885  4.2935303e-10      470.32472 
 6380000      885  2.8369702e-10      482.61453 
 6390000      885  2.0019946e-10      494.72529 
 6400000      885   9.703451e-11      507.08989 
 6410000      885  5.6834776e-11      519.34896 
 6420000      885  9.5342532e-11      530.96027 
 6430000      885   1.628141e-10        542.642 
 6440000      885  1.9139229e-10      554.43282 
 6450000      885  3.4830971e-10      566.30326 
 6460000      885  3.2693756e-10      578.15294 
 6470000      885  4.8439707e-10      590.17919 
 6480000      885  5.6584926e-10      602.27449 
 6490000      885   1.459968e-10      614.78002 
 6500000      885  8.1242336e-11      626.40179 
 6510000      885  5.9258263e-11      637.86611 
 6520000      885  1.4926024e-10      650.29264 
 6530000      885  1.4978736e-10      661.92714 
 6540000      885  2.3398283e-10      673.41897 
 6550000      885  3.3733809e-10      684.93947 
 6560000      885   1.334682e-10      696.43017 
 6570000      885   1.375692e-10      707.89645 
 6580000      885  1.1500253e-10      719.24179 
 6590000      885  9.3973741e-11      730.71015 
 6600000      885  1.5368416e-10      742.26755 
 6610000      885  1.2774962e-10      753.73704 
 6620000      885   1.041286e-10      765.21178 
 6630000      885  7.5627297e-11      777.53162 
 6640000      885  1.0066218e-10      788.94977 
 6650000      885  1.3062549e-10      801.13851 
 6660000      885  1.1252319e-10      812.62318 
 6670000      885  9.7150648e-11      824.13243 
 6680000      885  3.5811406e-10      835.75837 
 6690000      885  8.5497744e-11      847.34007 
 6700000      885  6.8911342e-11      858.82604 
 6710000      885  6.1011804e-11      870.22338 
 6720000      885  6.6156218e-11      881.56136 
 6730000      885  1.0466393e-10      892.97621 
 6740000      885  2.6699617e-10       905.9156 
 6750000      885  1.1549393e-10      917.52401 
 6760000      885  9.7129397e-11      929.09823 
 6770000      885  2.9293579e-10      940.57216 
 6780000      885  1.7319011e-10      952.14799 
 6790000      885  3.0955382e-09      963.69766 
 6800000      885  4.8738883e-11      976.07131 
 6810000      885  6.5530945e-09      987.54857 
 6820000      885  2.4548773e-09      999.09826 
 6830000      885  1.2833291e-09      1010.6637 
 6840000      885  9.4103983e-10      1022.2222 
 6850000      885  2.0870035e-10      1034.7235 
 6860000      885  1.5768645e-09      1046.9495 
 6870000      885  1.1341412e-09      1058.7923 
 6880000      885  1.8662332e-09      1070.5651 
 6890000      885  1.4229828e-10       1082.226 
 6900000      885  2.3009372e-10      1093.8843 
 6910000      885  6.0237363e-10      1105.6092 
 6920000      885  9.1648189e-11      1117.1602 
 6930000      885  2.1013593e-09      1128.8556 
 6940000      885  6.0686809e-09      1140.5557 
 6950000      885  6.3604197e-11      1152.8684 
 6960000      885  3.9484677e-10      1165.4814 
 6970000      885  2.4603847e-09      1177.1346 
 6980000      885  8.3354204e-10      1189.0651 
 6990000      885  1.6824693e-10       1200.746 
 7000000      885   1.658759e-09      1212.5341 
 7010000      885  3.0980706e-09      1224.4394 
 7020000      885  2.3572828e-10      1236.2723 
 7030000      885  1.1783979e-10      1248.0939 
 7040000      885  6.3274659e-10      1260.3712 
 7050000      885  8.7181875e-11      1272.1251 
 7060000      885  3.2633455e-10      1283.9435 
 7070000      885   8.711077e-11      1296.5734 
 7080000      885  8.0433345e-10      1308.2743 
 7090000      885  1.6810087e-09      1319.8603 
 7100000      885  1.7097594e-10       1332.409 
 7110000      885  7.9807512e-11      1344.2879 
 7120000      885  5.2435046e-10      1356.1953 
 7130000      885  2.1923248e-10      1368.0532 
 7140000      885  9.2927677e-11       1379.782 
 7150000      885  1.0601872e-10      1391.3494 
 7160000      885  5.3889834e-09      1402.9663 
 7170000      885  1.6517769e-09      1414.9675 
 7180000      885  6.7414634e-11      1427.2053 
 7190000      885  5.6121661e-11      1438.7924 
 7200000      885   6.786912e-11      1450.5547 
 7210000      885  6.9969119e-11      1462.2556 
 7220000      885  6.0503455e-11      1473.8381 
 7230000      885  7.9582751e-10      1485.3169 
 7240000      885   6.527031e-10      1496.7725 
 7250000      885  5.2007998e-11      1508.1731 
 7260000      885  8.2936209e-11      1520.3267 
 7270000      885  2.1512934e-10      1531.7815 
 7280000      885  1.2584287e-10      1544.0673 
 7290000      885  8.3230345e-11      1555.9717 
 7300000      885  4.8801435e-11      1567.3501 
 7310000      885  1.6070302e-10      1578.6977 
 7320000      885  6.0253859e-11      1590.1096 
 7330000      885  6.7779142e-11      1601.5825 
 7340000      885  1.0027014e-10      1613.1957 
 7350000      885  1.0247327e-10      1624.7971 
 7360000      885   7.306902e-11      1636.3538 
 7370000      885  8.2535995e-11      1647.8488 
 7380000      885  4.5774674e-11       1659.267 
 7390000      885  4.5589703e-11      1670.5045 
 7400000      885    4.77012e-11      1682.9241 
 7410000      885  5.4095302e-11      1694.8929 
 7420000      885  8.5023316e-11      1706.1666 
 7430000      885  1.2975537e-10      1717.5335 
 7440000      885  1.1585669e-10      1728.9394 
 7450000      885   7.066859e-11      1740.1436 
 7460000      885  1.2561444e-10      1751.5001 
 7470000      885  6.0827281e-11      1762.8038 
 7480000      885  6.2883978e-11      1773.9149 
 7490000      885  2.1599095e-10      1785.1816 
 7500000      885  8.3497307e-11      1796.4609 
 7510000      885  5.8690621e-11      1808.6381 
 7520000      885  5.9919626e-11      1819.9131 
 7530000      885  4.8300391e-11      1830.9919 
 7540000      885  4.2285307e-11      1842.0323 
 7550000      885  4.1752547e-11      1853.1781 
 7560000      885  3.7301242e-11      1864.3757 
 7570000      885  3.6859673e-11      1876.2722 
 7580000      885  4.5061828e-11        1887.84 
 7590000      885  5.1828531e-11      1899.4977 
 7600000      885  4.0518078e-11      1911.1372 
 7610000      885  3.8727906e-11      1922.6146 
 7620000      885  3.7636988e-11       1935.136 
 7630000      885  3.6945963e-11      1946.7827 
 7640000      885  4.2976113e-11      1958.2797 
 7650000      885  3.8763622e-11      1969.9352 
 7660000      885  1.1342628e-10      1981.5321 
 7670000      885   5.918255e-11      1993.2132 
 7680000      885  5.1891893e-11      2004.9232 
 7690000      885  5.8076574e-11      2016.5851 
 7700000      885  4.6566258e-11       2028.322 
 7710000      885  5.2863388e-11      2040.0247 
 7720000      885  9.2516691e-11      2052.4173 
 7730000      885   1.083303e-10      2065.1751 
 7740000      885  6.9806976e-11      2077.0531 
 7750000      885  1.1649594e-10      2088.9851 
 7760000      885  1.2105423e-10      2100.9357 
 7770000      885  5.9263541e-11       2112.896 
 7780000      885  7.5455972e-11      2125.0606 
 7790000      885  7.5192594e-11      2137.2459 
 7800000      885   1.313296e-10      2153.0574 
 7810000      885  1.0236708e-10      2179.8281 
 7820000      885  6.4677855e-11      2200.5157 
 7830000      885  7.0906952e-11      2218.6218 
 7840000      885  9.6528129e-11      2230.7666 
 7850000      885  8.8032071e-11      2243.6874 
 7860000      885  9.9240876e-11      2256.1318 
 7870000      885  1.3808364e-10      2268.5415 
 7880000      885   2.080641e-10      2281.0002 
 7890000      885  1.1535128e-10      2293.5428 
 7900000      885  1.0614621e-10      2306.1343 
 7910000      885    3.95397e-10      2318.8761 
 7920000      885  1.4332859e-10       2331.614 
 7930000      885  1.3777934e-10      2345.0836 
 7940000      885  1.3025203e-10      2357.6649 
 7950000      885  9.2124948e-11      2370.2421 
 7960000      885  6.5629979e-11      2382.7118 
 7970000      885  7.2013981e-10      2395.2362 
 7980000      885  6.5649401e-10      2409.0376 
 7990000      885  2.9165472e-10      2422.3545 
 8000000      885  1.0107727e-08      2435.0373 
 8010000      885  8.1462026e-11      2447.5098 
 8020000      885  2.1762674e-10      2460.1156 
 8030000      885  8.1182883e-11      2473.2716 
 8040000      885  1.0147945e-10      2486.1926 
 8050000      885  4.5139067e-10      2498.6672 
 8060000      885  2.5963266e-10      2511.2201 
 8070000      885  1.5981329e-10       2523.782 
 8080000      885  3.6574712e-10      2536.4941 
 8090000      885   8.812071e-10       2549.293 
 8100000      885  2.4942742e-10      2561.8694 
 8110000      885  7.1877434e-10      2574.4742 
 8120000      885   3.125537e-10       2587.278 
 8130000      885   1.376133e-09      2601.3821 
 8140000      885  7.5189808e-11      2613.8941 
 8150000      885  6.7778727e-11        2626.44 
 8160000      885  9.1957142e-10      2639.5131 
 8170000      885  4.0365292e-10      2652.1909 
 8180000      885  2.2309091e-10      2664.8674 
 8190000      885  8.0971045e-10      2677.5312 
 8200000      885  1.7093581e-10      2690.3651 
 8210000      885  1.6885204e-10      2703.0225 
 8220000      885  1.2328158e-10      2715.7163 
 8230000      885  1.7531996e-10      2729.3539 
 8240000      885  2.9231721e-10      2742.0955 
 8250000      885   3.344365e-10      2754.9157 
 8260000      885  2.9780586e-10      2767.6065 
 8270000      885  7.6268635e-10      2781.0614 
 8280000      885  4.2164543e-10      2793.8339 
 8290000      885  2.5677136e-10      2806.8012 
 8300000      885  2.7760858e-10      2819.7417 
 8310000      885  1.0326165e-09      2832.5585 
 8320000      885  9.4704839e-10       2846.211 
 8330000      885  3.4755194e-10      2859.2201 
 8340000      885   1.578871e-10      2871.9953 
 8350000      885  4.4313282e-09      2884.8569 
 8360000      885  8.4205374e-09      2897.6317 
 8370000      885  1.3126145e-08      2910.2804 
 8380000      885  5.2383877e-10      2922.8947 
 8390000      885  3.8001933e-10      2935.4477 
 8400000      885  5.0982385e-10      2947.9772 
 8410000      885  1.7882816e-08      2961.2438 
 8420000      885  2.2502891e-10      2974.8048 
 8430000      885  2.2468218e-10      2987.6758 
 8440000      885  3.9656424e-10      3000.4688 
 8450000      885   3.884933e-10      3013.2934 
 8460000      885  3.1435771e-10       3026.123 
 8470000      885  4.3923184e-10      3038.8239 
 8480000      885  4.3632946e-10      3051.6638 
 8490000      885  7.0637816e-10       3064.555 
 8500000      885  2.8489929e-10      3077.3336 
 8510000      885  1.5495053e-10      3090.1107 
 8520000      885  5.2095864e-10      3103.9668 
 8530000      885  1.5395308e-10      3116.8196 
 8540000      885  1.8066663e-10      3129.6142 
 8550000      885  2.4334383e-10       3143.186 
 8560000      885  2.0244246e-10      3156.2231 
 8570000      885  2.7867898e-10      3169.2775 
 8580000      885  2.2260283e-10       3182.264 
 8590000      885  3.1667556e-10      3195.2521 
 8600000      885  3.1610795e-10      3208.5162 
 8610000      885  2.4261903e-10      3221.6565 
 8620000      885  1.4972881e-10      3235.6098 
 8630000      885  2.4275625e-10      3248.6828 
 8640000      885  3.1306054e-10      3261.7388 
 8650000      885  1.5647785e-10      3274.7042 
 8660000      885  1.7594124e-10      3287.6448 
 8670000      885   1.336675e-10      3300.6707 
 8680000      885  1.6992498e-10      3314.4223 
 8690000      885  1.4328333e-10      3327.5658 
 8700000      885  1.2527568e-10       3340.555 
 8710000      885   2.690881e-09      3353.9352 
 8720000      885  3.8189076e-10      3367.8245 
 8730000      885  3.1178182e-10      3380.8622 
 8740000      885  1.9251563e-10      3393.8896 
 8750000      885  1.9317323e-10      3407.0212 
 8760000      885  2.6020929e-10      3420.2752 
 8770000      885  1.8359884e-10      3433.6079 
 8780000      885  1.8950994e-10      3446.9491 
 8790000      885  1.1937071e-10      3460.2522 
 8800000      885  1.9516814e-10      3473.7789 
 8810000      885  1.7698419e-10       3488.084 
 8820000      885  1.1561795e-10      3502.0867 
 8830000      885  9.6661231e-11      3515.2173 
 8840000      885  1.2642759e-10      3528.4107 
 8850000      885   2.114754e-10      3541.8165 
 8860000      885  7.3956886e-11      3555.0847 
 8870000      885   1.015787e-10      3568.4332 
 8880000      885  7.7475231e-11      3581.9238 
 8890000      885  1.3946692e-10      3595.3172 
 8900000      885  1.2075724e-10      3609.3041 
 8910000      885  1.3029182e-10      3623.4693 
 8920000      885  5.3678916e-11      3637.0287 
 8930000      885  9.2598895e-11      3650.6762 
 8940000      885  7.9480718e-11      3664.2009 
 8950000      885  7.1921281e-11      3678.5113 
 8960000      885  7.7203711e-11      3692.2672 
 8970000      885  9.3685955e-11      3706.0717 
 8980000      885  3.3508975e-10      3719.9427 
 8990000      885  1.4180929e-10      3733.7868 
 9000000      885  1.8295778e-10      3748.7419 
 9010000      885  9.3860506e-10      3762.6967 
 9020000      885   3.890764e-10      3776.7534 
 9030000      885    1.95204e-10      3790.9238 
 9040000      885  2.7825191e-10      3805.0417 
 9050000      885  3.4127033e-10      3819.1178 
 9060000      885  1.1238986e-10      3833.1776 
 9070000      885  8.1676964e-11      3847.3018 
 9080000      885  4.8790546e-10      3862.3196 
 9090000      885  1.7184728e-10      3877.5724 
 9100000      885  1.2208272e-10      3892.1135 
 9110000      885  1.7241404e-10      3906.5718 
 9120000      885  7.4544628e-11      3920.9414 
 9130000      885  7.5071782e-11       3935.348 
 9140000      885  6.4021903e-11      3949.7896 
 9150000      885  8.8568308e-11      3964.4427 
 9160000      885  1.0693352e-10      3979.0667 
 9170000      885  1.7247088e-10      3993.8292 
 9180000      885  1.5008151e-10      4009.5005 
 9190000      885  1.3837753e-10      4023.9966 
 9200000      885  1.2797341e-10      4039.2969 
 9210000      885  1.5260275e-10      4053.9614 
 9220000      885   1.603809e-10      4068.5953 
 9230000      885   1.420813e-10      4083.2494 
 9240000      885  4.7573119e-10      4098.0475 
 9250000      885  1.3447643e-10      4112.7572 
 9260000      885  1.3949733e-10      4128.2384 
 9270000      885  3.2295053e-09      4143.4324 
 9280000      885  2.0256957e-08       4158.354 
 9290000      885    3.81504e-10      4173.2943 
 9300000      885  2.4452592e-10      4188.4667 
 9310000      885   1.680434e-09      4203.7893 
 9320000      885  7.8008543e-10      4219.4014 
 9330000      885  2.6070544e-09      4234.2708 
 9340000      885  2.3846224e-10      4249.1645 
 9350000      885  1.2096756e-10      4265.0243 
 9360000      885  9.5948237e-11      4279.9277 
 9370000      885  1.6159501e-10      4294.8436 
 9380000      885  1.3440515e-10      4309.8008 
 9390000      885  4.3430313e-10      4324.7976 
 9400000      885  1.0799885e-09      4339.7154 
 9410000      885  2.2547911e-09      4354.5079 
 9420000      885  3.0410198e-10      4369.3977 
 9430000      885  1.5157632e-10      4385.1229 
 9440000      885  1.9033108e-10      4400.6231 
 9450000      885  5.3502442e-10      4415.7227 
 9460000      885  1.7130009e-10      4430.6935 
 9470000      885   3.221971e-10      4445.5626 
 9480000      885  2.1305894e-10      4460.4455 
 9490000      885  1.2671288e-10      4475.3977 
 9500000      885  2.1160422e-10      4490.4972 
 9510000      885  3.4179224e-10      4505.5027 
 9520000      885  1.7317764e-10       4521.238 
 9530000      885  3.9187275e-10      4536.1891 
 9540000      885  3.7764489e-10      4551.2192 
 9550000      885  3.1391491e-10      4566.2859 
 9560000      885  4.3275746e-10      4582.1855 
 9570000      885  4.0094741e-10       4597.162 
 9580000      885  2.9435336e-10      4612.2013 
 9590000      885  4.7752122e-10       4627.403 
 9600000      885  2.5342192e-10      4643.2825 
 9610000      885  9.8436588e-10      4658.3757 
 9620000      885  1.9662208e-09      4673.3208 
 9630000      885  2.6673995e-09      4688.3064 
 9640000      885     4.4228e-09      4703.2981 
 9650000      885  2.0009551e-10      4718.2426 
 9660000      885  4.1554232e-09      4733.1082 
 9670000      885  6.1457475e-10      4748.1621 
 9680000      885  4.5192257e-08      4763.8034 
 9690000      885  8.4629421e-08       4779.545 
 9700000      885  2.4435261e-10      4794.4728 
 9710000      885  1.4473996e-09      4809.3512 
 9720000      885   1.464411e-10       4824.205 
 9730000      885  1.0821096e-10      4839.0329 
 9740000      885  8.9665211e-11      4853.8924 
 9750000      885  1.0352314e-10      4868.8045 
 9760000      885  1.9853283e-10      4883.7852 
 9770000      885  2.0548454e-10      4898.8401 
 9780000      885  2.9191577e-10      4914.6575 
 9790000      885  9.1882253e-10      4929.6134 
 9800000      885  6.3912363e-10      4945.2093 
 9810000      885  2.5710634e-10      4959.9675 
 9820000      885  3.2722833e-10      4974.7988 
 9830000      885  4.5703597e-10      4989.6449 
 9840000      885  2.7437716e-10      5004.4598 
 9850000      885  1.7831661e-10      5019.1193 
 9860000      885  2.8848975e-10      5034.2313 
 9870000      885  3.6568157e-10      5049.5438 
 9880000      885  3.1180593e-10      5064.3745 
 9890000      885  1.8693048e-10      5079.1793 
 9900000      885  2.3197023e-10      5093.9245 
 9910000      885  2.0696462e-10      5108.7854 
 9920000      885  3.4592162e-10      5124.4196 
 9930000      885  2.1418687e-10      5139.2705 
 9940000      885  1.8558623e-10      5154.0674 
 9950000      885  1.5003388e-10       5169.828 
 9960000      885  1.0676937e-10      5184.6234 
 9970000      885  8.2291135e-11      5199.3215 
 9980000      885  7.7314523e-09      5214.4019 
 9990000      885   1.057119e-09      5229.4163 
10000000      885  7.6457489e-10      5244.3055 
10010000      885  6.8345722e-10      5258.9132 
10020000      885  7.9058444e-10      5273.6481 
10030000      885  9.8522189e-10      5288.4914 
10040000      885  7.1024981e-10      5305.0259 
10050000      885  4.4907981e-10       5319.837 
10060000      885  3.8280523e-10      5334.5628 
10070000      885  3.6887382e-10      5349.2865 
10080000      885  1.1447172e-10      5364.0728 
10090000      885  1.5286742e-10      5378.8612 
10100000      885  1.8986593e-10      5393.6673 
10110000      885  8.8611962e-11      5408.4537 
10120000      885  1.1152041e-10      5423.2004 
10130000      885   1.455209e-10       5438.047 
10140000      885  2.0851323e-10      5453.7827 
10150000      885  2.4784837e-10      5469.0592 
10160000      885  2.4401689e-10      5484.8275 
10170000      885  1.0272234e-10      5499.7523 
10180000      885  2.2508948e-10      5514.5151 
10190000      885  1.2534637e-10      5529.3724 
10200000      885  1.0367462e-10      5544.4124 
10210000      885  1.0023592e-10      5559.4904 
10220000      885  7.8383858e-11      5574.5649 
10230000      885  1.1608613e-10      5590.6819 
10240000      885  2.6358019e-10      5605.6888 
10250000      885   1.840367e-10      5620.8336 
10260000      885  3.6633269e-10       5636.132 
10270000      885  3.6625855e-10      5651.9179 
10280000      885   4.572517e-10      5667.1747 
10290000      885  1.3303106e-10      5682.5441 
10300000      885  1.2739753e-10      5697.8655 
10310000      885  2.0253874e-10      5714.0578 
10320000      885  1.0707242e-10      5729.3225 
10330000      885  1.0362684e-10      5744.6824 
10340000      885  1.9041694e-10      5760.0559 
10350000      885  1.6481356e-10      5775.3835 
10360000      885  1.6489122e-10      5790.9708 
10370000      885  1.5809379e-10      5806.7189 
10380000      885  2.6425835e-10      5822.4128 
10390000      885  1.7743767e-10      5839.0915 
10400000      885  1.2772295e-10         5855.2 
10410000      885  6.7603017e-10      5870.9761 
10420000      885  3.6615632e-10       5886.578 
10430000      885  3.5542944e-10      5902.3077 
10440000      885  2.9154105e-10       5918.075 
10450000      885   2.314538e-10      5933.6715 
10460000      885  7.9096229e-10      5949.5373 
10470000      885  1.7821141e-10       5965.562 
10480000      885  2.6869425e-10        5981.99 
10490000      885  2.1332344e-10      5997.6021 
10500000      885  2.8457097e-10      6014.5442 
10510000      885  3.7245607e-10      6030.4218 
10520000      885  3.1058845e-10      6046.2866 
10530000      885  1.9747551e-10      6062.2387 
10540000      885  1.6015962e-10      6078.0919 
10550000      885  2.4985567e-10      6094.4811 
10560000      885  1.6587214e-09      6111.0706 
10570000      885    8.67503e-10      6126.8032 
10580000      885  1.6299381e-10      6142.4949 
10590000      885  1.4225799e-10      6158.2208 
10600000      885  8.9733847e-09      6174.3905 
10610000      885  3.3769072e-10      6190.0302 
10620000      885  5.2661227e-10      6206.3156 
10630000      885  2.3447957e-10      6222.0761 
10640000      885  3.0644046e-10      6238.8528 
10650000      885  3.2884425e-10      6254.8164 
10660000      885  3.1593613e-10      6270.7095 
10670000      885   2.794842e-10      6286.6084 
10680000      885  8.4762624e-10      6302.4127 
10690000      885  3.5191209e-10      6318.2055 
10700000      885  1.7403711e-10      6334.0188 
10710000      885  1.4969224e-10      6349.7907 
10720000      885  1.2750342e-09      6366.6084 
10730000      885   3.941021e-10      6383.2089 
10740000      885  2.8089027e-10      6399.0941 
10750000      885  1.9967755e-10      6414.9347 
10760000      885  3.0592446e-10      6430.4522 
10770000      885  2.2941691e-10      6445.9797 
10780000      885  1.9996693e-09      6461.6082 
10790000      885  2.2484331e-10      6477.3055 
10800000      885  1.4509979e-09      6493.1063 
10810000      885  9.5619473e-10      6508.8067 
10820000      885  8.1601199e-10      6525.7041 
10830000      885  6.5951833e-10      6541.4758 
10840000      885  5.4127583e-09      6557.7671 
10850000      885  4.1009277e-10      6573.4353 
10860000      885  4.0676294e-10      6589.2643 
10870000      885   2.972813e-09      6604.8714 
10880000      885  8.1063842e-10      6620.1849 
10890000      885  7.0443381e-10      6635.4161 
10900000      885  3.6761998e-10      6650.7398 
10910000      885  2.0842466e-10      6666.1285 
10920000      885  2.4777942e-10      6682.4863 
10930000      885  6.8696108e-10       6697.857 
10940000      885  2.4233674e-10      6713.2425 
10950000      885  1.7171306e-10      6728.4641 
10960000      885  1.1046937e-10      6744.2903 
10970000      885  2.4341928e-10      6759.5036 
10980000      885  1.2447901e-10      6774.8125 
10990000      885  7.6243881e-11      6789.8259 
11000000      885  1.2744053e-08      6804.9062 
11010000      885  1.7208029e-08      6819.9657 
11020000      885  2.5428884e-08      6835.9096 
11030000      885  1.0035615e-09      6851.0219 
11040000      885  6.3003371e-10      6866.2068 
11050000      885  1.0787158e-10      6881.1931 
11060000      885  1.4441074e-10      6896.3232 
11070000      885  8.2130356e-11      6911.4228 
11080000      885  1.0773932e-10      6927.1287 
11090000      885  1.6951201e-10      6942.2067 
11100000      885  1.7815297e-10       6957.222 
11110000      885  2.4413201e-10      6972.2555 
11120000      885  1.7724083e-10      6988.0384 
11130000      885  1.3861604e-10      7003.1991 
11140000      885  3.1522459e-10      7018.0765 
11150000      885  2.3053393e-10      7032.9034 
11160000      885  1.5081131e-10      7047.6946 
11170000      885  1.5103392e-10      7062.3191 
11180000      885  3.3805006e-10      7077.0739 
11190000      885  2.5217978e-10      7091.8012 
11200000      885  1.7563472e-10      7107.2983 
11210000      885  1.5175985e-10      7121.9291 
11220000      885  2.3908875e-10      7136.5401 
11230000      885  2.5251034e-10      7152.0368 
11240000      885  1.6851081e-10      7166.6412 
11250000      885  1.8526385e-10       7181.084 
11260000      885  1.7098062e-10      7195.7219 
11270000      885  1.0643978e-10       7210.281 
11280000      885  1.2084504e-10      7224.6721 
11290000      885  1.8572105e-10      7239.0893 
11300000      885  3.5040124e-10      7253.7947 
11310000      885  2.7833081e-10      7268.1179 
11320000      885   1.474786e-10      7283.9442 
11330000      885  1.6439077e-10      7298.0907 
11340000      885  2.1456182e-10      7312.3633 
11350000      885  3.2628718e-10      7326.5841 
11360000      885  1.1777371e-10      7340.9989 
11370000      885  1.1313117e-10      7355.2759 
11380000      885  4.4437886e-10      7369.9938 
11390000      885  3.4355641e-10       7384.401 
11400000      885  3.4987727e-10      7399.1671 
11410000      885  2.6134092e-10      7414.1693 
11420000      885  3.4416812e-10      7428.3888 
11430000      885  3.2378509e-10       7442.709 
11440000      885  3.9589382e-10      7457.6485 
11450000      885  3.3556708e-10      7471.7708 
11460000      885  5.5347426e-10      7485.8253 
11470000      885  6.9990891e-10      7499.7443 
11480000      885  1.5345508e-10      7513.5414 
11490000      885   2.346629e-10      7527.7699 
11500000      885  9.7555345e-11      7542.2921 
11510000      885  7.8712969e-11      7556.2268 
11520000      885   6.892373e-11      7570.2606 
11530000      885    7.71257e-11      7584.3489 
11540000      885   8.288702e-11      7598.4443 
11550000      885  1.4315547e-10      7612.6859 
11560000      885  1.2959465e-10      7626.9464 
11570000      885  8.5410124e-11      7641.8525 
11580000      885  1.8368308e-10      7656.0468 
11590000      885  2.0364303e-10      7670.3561 
11600000      885   2.289838e-08      7685.2274 
11610000      885  1.8079747e-10      7700.3834 
11620000      885  2.2434693e-10      7714.7399 
11630000      885  3.9947825e-10      7729.0927 
11640000      885  1.3292144e-10      7743.4063 
11650000      885  1.8858833e-10      7757.6651 
11660000      885  1.8516637e-10      7772.0363 
11670000      885  1.8913788e-10      7786.4569 
11680000      885  1.4636805e-10      7800.8645 
11690000      885   1.047559e-10      7815.8446 
11700000      885  1.0814199e-10      7830.1553 
11710000      885  1.0797009e-10      7845.5341 
11720000      885   2.265251e-09      7860.1616 
11730000      885  2.2778802e-10      7874.6982 
11740000      885  3.7241864e-10      7889.2363 
11750000      885   1.047552e-10      7903.7257 
11760000      885  2.1151473e-10      7918.1127 
11770000      885  4.6688836e-10      7932.3242 
11780000      885  1.4447096e-10      7946.6871 
11790000      885  1.4867135e-10      7961.0752 
11800000      885  1.3029462e-10       7975.601 
11810000      885  1.4367511e-10      7990.0966 
11820000      885  1.7156707e-10      8005.9663 
11830000      885  1.6345901e-10      8020.2673 
11840000      885  2.6698605e-10      8034.7869 
11850000      885  4.2074402e-10       8049.249 
11860000      885  2.8065092e-10      8063.8313 
11870000      885  6.0429589e-10      8078.8532 
11880000      885  3.8900835e-10      8093.6256 
11890000      885  6.0860199e-10      8108.4318 
11900000      885  5.6372018e-10      8123.2454 
11910000      885  6.0775859e-10      8137.9455 
11920000      885  2.7955921e-09      8152.7773 
11930000      885  9.4837265e-09      8168.2847 
11940000      885  3.0994072e-10      8183.5164 
11950000      885  3.1489009e-09      8197.9044 
11960000      885  4.7084529e-10      8212.2791 
11970000      885  2.7330139e-10       8226.806 
11980000      885  3.9701894e-10      8241.2953 
11990000      885  1.5280537e-10      8255.7015 
12000000      885  4.8358002e-10      8270.3624 
12010000      885  3.2153166e-09      8285.0897 
12020000      885  2.5434623e-10      8299.7393 
12030000      885  1.3946894e-08      8315.1669 
12040000      885  1.5306423e-10      8329.7568 
12050000      885  8.5515015e-11      8344.2792 
12060000      885  8.4547061e-11      8359.5001 
12070000      885  1.0978267e-10      8373.9803 
12080000      885  3.2850474e-10      8388.3909 
12090000      885   3.307216e-10      8402.7939 
12100000      885   1.939203e-10      8417.3056 
12110000      885  2.1566918e-10      8431.6695 
12120000      885  1.0516947e-09      8446.1425 
12130000      885  3.2269441e-09      8460.7158 
12140000      885   2.937287e-10      8475.7382 
12150000      885  9.5437188e-10      8490.6838 
12160000      885  4.0259837e-10      8505.1376 
12170000      885  2.9432361e-10      8519.4123 
12180000      885   6.388065e-09      8534.5252 
12190000      885  1.1820929e-09      8549.7017 
12200000      885  7.2856826e-10      8564.6576 
12210000      885  4.4442485e-10      8579.3119 
12220000      885  4.1959932e-10       8593.797 
12230000      885  5.6757488e-10      8608.2086 
12240000      885  6.8026926e-09      8622.6364 
12250000      885  5.1120339e-08      8637.7656 
12260000      885  6.7450038e-09      8651.9748 
12270000      885  3.8262335e-09      8665.9291 
12280000      885   2.364393e-09      8679.5629 
12290000      885  8.1741213e-09      8693.3261 
12300000      885  2.4566582e-08      8706.9861 
12310000      885  1.6109082e-08      8721.3661 
12320000      885  1.2520447e-08      8735.2158 
12330000      885  8.8401043e-10      8749.0304 
12340000      885  1.5146603e-09      8762.7634 
12350000      885  3.6957252e-10       8776.722 
12360000      885  2.5947542e-10      8790.3819 
12370000      885  2.1800482e-10      8805.2125 
12380000      885  1.6607616e-09      8818.8435 
12390000      885  1.4760792e-10      8832.3098 
12400000      885  2.1031573e-10      8846.0905 
12410000      885  1.3781409e-10      8859.6024 
12420000      885  8.6742011e-11      8873.1098 
12430000      885  1.4803157e-10       8886.474 
12440000      885  6.9206993e-11      8900.4092 
12450000      885  7.3408933e-11      8913.6059 
12460000      885  9.9673153e-11      8926.7058 
12470000      885  1.5341707e-10      8939.9219 
12480000      885  7.8093445e-11      8954.0177 
12490000      885  1.0838731e-10      8967.5323 
12500000      885  1.1838613e-10      8980.8596 
12510000      885  8.1479742e-11      8994.1591 
12520000      885  7.9464161e-11      9007.1857 
12530000      885  1.0174749e-10      9020.3194 
12540000      885  8.3427821e-11      9033.5342 
12550000      885  8.1931863e-11       9046.535 
12560000      885  9.5920533e-11      9059.6745 
12570000      885  1.5551591e-10      9072.7206 
12580000      885  1.1032155e-10      9087.4655 
12590000      885  6.6865323e-11      9100.4966 
12600000      885  1.0792005e-10      9113.4883 
12610000      885  2.4087574e-10      9126.4206 
12620000      885    8.38856e-11      9139.3637 
12630000      885  8.1888297e-11      9152.1448 
12640000      885  1.0444856e-10      9164.9121 
12650000      885  2.8514189e-10      9177.8304 
12660000      885  3.1512151e-10      9190.6356 
12670000      885  4.1589759e-10      9203.3743 
12680000      885  2.6838696e-10      9216.1646 
12690000      885  2.1754154e-10      9229.5604 
12700000      885  2.5548137e-10      9242.8515 
12710000      885  2.0519699e-10      9256.4547 
12720000      885  2.2611374e-10      9269.3439 
12730000      885  2.3778352e-10      9282.2207 
12740000      885  2.1101132e-10      9294.9712 
12750000      885  5.4044868e-10      9307.7348 
12760000      885  2.3402124e-10       9320.502 
12770000      885  1.3478034e-10      9333.3318 
12780000      885   2.192857e-10      9346.1183 
12790000      885  6.4135299e-10      9358.9721 
12800000      885  4.1046849e-10      9371.8247 
12810000      885  1.8325551e-10      9384.5083 
12820000      885  1.4473744e-10      9398.1765 
12830000      885  1.4146433e-10      9410.8071 
12840000      885  2.7619486e-10      9423.4772 
12850000      885  4.2769842e-10      9436.9442 
12860000      885  3.6451414e-10      9449.8323 
12870000      885   2.165646e-10      9462.3923 
12880000      885  2.3097853e-10      9475.0874 
12890000      885  1.9639343e-10      9487.7606 
12900000      885  1.9474306e-10      9500.5274 
12910000      885  2.4909196e-10      9513.2527 
12920000      885  1.0290479e-10       9525.989 
12930000      885  9.7873644e-11      9538.9442 
12940000      885  5.5537596e-10      9552.1506 
12950000      885  1.0410391e-10      9564.7446 
12960000      885  1.0443789e-10      9577.3441 
12970000      885  8.2111831e-11      9590.0761 
12980000      885  1.6075437e-10      9602.8371 
12990000      885  9.3348183e-11       9616.799 
13000000      885    8.96371e-11      9629.6565 
13010000      885  7.0937123e-10      9642.5188 
13020000      885  2.6671574e-10      9655.3559 
13030000      885  1.3894257e-10      9668.2718 
13040000      885  8.4833581e-10      9681.8094 
13050000      885  5.9782019e-10      9695.8809 
13060000      885  7.2727145e-09      9708.9069 
13070000      885  4.7937856e-10      9722.0223 
13080000      885   1.603182e-10      9734.8511 
13090000      885  1.2229376e-10      9747.4819 
13100000      885  9.0030216e-11      9760.5386 
13110000      885  1.0431007e-09      9773.3376 
13120000      885  7.9646017e-11      9786.1509 
13130000      885    7.66324e-11      9799.6866 
13140000      885  3.9626138e-10      9812.6057 
13150000      885  3.0008052e-09      9825.4588 
13160000      885  1.1087423e-10      9838.4254 
13170000      885   1.184929e-10      9851.8751 
13180000      885  6.5535947e-10      9865.5651 
13190000      885   3.796609e-10      9878.6342 
13200000      885  3.1913793e-10      9891.7226 
13210000      885  1.9421971e-10      9904.6942 
13220000      885  2.1170035e-10      9917.5202 
13230000      885  3.2451026e-10      9930.4305 
13240000      885  1.7493828e-10      9943.3219 
13250000      885  1.3970043e-10      9956.2132 
13260000      885  2.9301033e-10      9969.0333 
13270000      885   3.227649e-10      9982.3181 
13280000      885  6.5293727e-09      9994.9614 
13290000      885  5.8021104e-09      10008.071 
13300000      885  1.6410532e-09      10021.306 
13310000      885  1.5068699e-10      10033.992 
13320000      885  1.4395995e-10      10046.682 
13330000      885  3.6216339e-09      10059.331 
13340000      885  2.5631458e-10      10071.992 
13350000      885  2.8070436e-10      10084.838 
13360000      885  8.7637952e-11      10097.498 
13370000      885  9.2928683e-11      10110.073 
13380000      885  1.9432628e-10      10122.723 
13390000      885  1.5851531e-09      10135.292 
13400000      885  8.8963944e-11       10147.97 
13410000      885  8.5599414e-11      10162.067 
13420000      885  7.6774665e-11      10174.499 
13430000      885  6.6957115e-11      10186.825 
13440000      885  1.4485461e-10      10199.067 
13450000      885  1.7092599e-10      10211.384 
13460000      885  2.4764986e-10      10223.743 
13470000      885  1.1121429e-10      10236.225 
13480000      885  1.0890374e-10      10248.867 
13490000      885  2.2853146e-10      10261.295 
13500000      885  1.2202032e-10      10273.733 
13510000      885  8.8666466e-11       10286.12 
13520000      885    1.26983e-10      10298.371 
13530000      885  7.0738638e-11      10310.794 
13540000      885  8.8889813e-11      10323.748 
13550000      885  1.6858503e-10      10336.757 
13560000      885  2.6450905e-10      10348.996 
13570000      885  9.1010975e-11      10361.154 
13580000      885  1.5319142e-10      10373.199 
13590000      885   2.874528e-10      10385.242 
13600000      885  2.5869108e-10      10397.472 
13610000      885  7.6467563e-10      10409.405 
13620000      885  1.8971162e-10      10421.429 
13630000      885  5.2518437e-10        10433.4 
13640000      885  2.7694163e-10      10445.465 
13650000      885  1.1315278e-10      10457.296 
13660000      885  8.5797041e-11      10469.512 
13670000      885  1.3335894e-10      10481.973 
13680000      885  7.3661716e-11       10493.75 
13690000      885  1.1974636e-10      10505.355 
13700000      885  5.2657956e-11      10517.644 
13710000      885  8.7526625e-11      10529.217 
13720000      885  2.2322714e-10       10540.78 
13730000      885  5.6793747e-11      10552.224 
13740000      885  7.2846863e-11      10563.635 
13750000      885  2.3405948e-10      10575.207 
13760000      885  7.7688394e-11      10586.624 
13770000      885  8.4591597e-11      10598.068 
13780000      885  8.7848072e-11      10609.575 
13790000      885  7.5708754e-11      10620.948 
13800000      885    5.36901e-11      10633.649 
13810000      885  6.3316912e-11      10645.133 
13820000      885  3.8830788e-10      10656.629 
13830000      885  3.8002213e-11      10668.156 
13840000      885  5.4461241e-11      10679.735 
13850000      885  7.1674266e-11      10691.383 
13860000      885   3.935698e-11      10703.762 
13870000      885  5.4903424e-11      10715.442 
13880000      885  5.2469681e-11      10727.163 
13890000      885  3.8533908e-11      10738.926 
13900000      885   4.085818e-11      10750.725 
13910000      885  5.9723986e-11      10763.502 
13920000      885  1.5936601e-10      10775.494 
13930000      885  4.6968242e-11        10787.4 
13940000      885  5.1317338e-11      10799.214 
13950000      885  7.1755979e-11      10811.057 
13960000      885   1.801352e-10      10823.175 
13970000      885  8.8304521e-11      10835.099 
13980000      885  1.1187884e-10      10847.053 
13990000      885  1.2971728e-10      10859.061 
14000000      885  1.1458445e-10      10871.308 
14010000      885  7.2373231e-11      10884.148 
14020000      885  1.4437561e-10      10897.147 
14030000      885  7.7663082e-11      10909.301 
14040000      885  7.5928998e-11      10921.386 
14050000      885  4.3424614e-11      10933.536 
14060000      885  3.8540839e-11      10945.607 
14070000      885  3.9712317e-11      10957.587 
14080000      885   4.386207e-11      10969.586 
14090000      885   4.264515e-11      10981.545 
14100000      885   3.800291e-11      10993.534 
14110000      885   4.236653e-11      11005.533 
14120000      885  3.7847688e-11      11017.452 
14130000      885  4.0315948e-11      11030.417 
14140000      885  5.5673444e-11       11042.45 
14150000      885   7.727337e-11      11055.121 
14160000      885  5.9445345e-11      11067.064 
14170000      885  7.6312316e-11      11079.046 
14180000      885  1.2710695e-10       11091.15 
14190000      885  9.1004689e-11      11103.284 
14200000      885  6.4686699e-09      11115.693 
14210000      885  1.2237224e-10      11127.998 
14220000      885  1.0568642e-09      11140.366 
14230000      885  1.2281935e-10      11153.247 
14240000      885  5.4070512e-10      11166.238 
14250000      885  2.0558194e-10        11178.5 
14260000      885  1.8749172e-10      11190.634 
14270000      885  1.4948405e-10      11202.814 
14280000      885  2.5945486e-10      11214.925 
14290000      885  1.3393597e-10      11226.988 
14300000      885  2.5098433e-10      11239.846 
14310000      885  3.5957524e-10      11251.907 
14320000      885  7.2352708e-11      11264.036 
14330000      885  1.0733944e-10       11276.13 
14340000      885  8.4013693e-11      11289.045 
14350000      885  8.8982167e-11      11301.351 
14360000      885  8.4010294e-11      11313.375 
14370000      885  8.8621967e-11      11325.346 
14380000      885  5.7689889e-09      11337.806 
14390000      885  5.1660742e-09      11350.171 
14400000      885  1.4357875e-08      11362.556 
14410000      885  1.4764865e-09      11374.978 
14420000      885  9.3130416e-10      11387.163 
14430000      885  2.2265892e-10      11399.326 
14440000      885  1.9251727e-10      11411.457 
14450000      885  3.1090019e-10       11424.91 
14460000      885  8.0581605e-11      11437.534 
14470000      885  1.2228577e-10      11449.548 
14480000      885  1.8044351e-10       11461.67 
14490000      885  9.5486589e-11      11473.809 
14500000      885  1.1736716e-10      11485.826 
14510000      885  6.9547878e-11      11497.852 
14520000      885  6.1651215e-11      11509.866 
14530000      885  1.1023906e-09       11521.89 
14540000      885  1.9665473e-09      11533.907 
14550000      885  3.4476389e-10      11545.951 
14560000      885  1.1944659e-09      11558.032 
14570000      885  4.4506042e-10      11570.185 
14580000      885  2.9005781e-10      11583.351 
14590000      885   1.783212e-08      11596.157 
14600000      885  3.8930598e-09       11608.63 
14610000      885  5.1707187e-10      11620.881 
14620000      885  9.0017048e-11      11633.141 
14630000      885  5.3202892e-11      11645.358 
14640000      885  5.2454778e-11      11657.617 
14650000      885  5.5468338e-11      11669.872 
14660000      885  6.7649221e-11      11682.174 
14670000      885  5.6998733e-11      11694.497 
14680000      885  1.0761087e-10      11707.842 
14690000      885  1.5803104e-10      11720.402 
14700000      885   6.331699e-11      11732.893 
14710000      885  6.0308816e-11      11745.314 
14720000      885  6.0000629e-11      11757.823 
14730000      885  2.3149146e-09      11770.321 
14740000      885  1.0724628e-10      11783.653 
14750000      885  6.5590078e-11      11796.277 
14760000      885  7.2586666e-11      11808.959 
14770000      885  4.1724178e-10      11821.685 
14780000      885  1.5522542e-08      11835.286 
14790000      885  1.9257032e-10      11848.079 
14800000      885  4.6202083e-11      11861.013 
14810000      885  5.3474493e-11      11873.741 
14820000      885  5.2625965e-11      11886.443 
14830000      885  5.1539271e-11      11899.196 
14840000      885  4.3754809e-11      11911.951 
14850000      885  6.5686195e-11      11924.686 
14860000      885  5.8265514e-11      11937.542 
14870000      885   8.829408e-11      11950.557 
14880000      885  1.3850745e-10      11964.362 
14890000      885  6.3266649e-11      11977.495 
14900000      885  5.0770116e-11      11991.557 
14910000      885  5.6933437e-11      12004.735 
14920000      885  4.8373773e-11      12017.794 
14930000      885  1.9067139e-09      12031.128 
14940000      885  3.5501425e-10      12044.619 
14950000      885  1.8054645e-10      12057.951 
14960000      885  1.6618035e-10      12071.305 
14970000      885  1.4240517e-10      12084.752 
14980000      885  8.3080829e-11      12098.112 
14990000      885   1.171791e-10      12111.486 
15000000      885  1.5982256e-10       12126.21 
15010000      885  1.6211347e-10      12140.692 
15020000      885  3.5271404e-10      12154.464 
15030000      885  2.6642284e-10      12168.296 
15040000      885  2.0391851e-10       12182.23 
15050000      885  1.8425954e-10      12210.959 
15060000      885  1.0699418e-10      12232.714 
15070000      885  1.1253465e-10       12246.94 
15080000      885  2.3071024e-10      12261.803 
15090000      885  1.4065369e-10       12275.77 
15100000      885  1.3688903e-10      12289.586 
15110000      885  9.1792117e-11      12303.445 
15120000      885  3.8049702e-10      12318.245 
15130000      885  1.6789719e-10      12332.371 
15140000      885  3.5958474e-10      12346.282 
15150000      885  2.3007153e-10      12360.911 
15160000      885   1.170759e-10      12374.843 
15170000      885  2.2316141e-10      12389.821 
15180000      885  2.6700271e-10      12404.006 
15190000      885  1.2802404e-10      12418.115 
15200000      885  6.2664003e-11      12432.305 
15210000      885  5.2791351e-11      12446.443 
15220000      885  6.8832873e-11      12460.559 
15230000      885   1.884575e-10      12474.816 
15240000      885  9.4468881e-11      12489.104 
15250000      885  5.3183389e-11      12503.992 
15260000      885  7.9743352e-11      12519.108 
15270000      885  1.4586301e-09      12533.581 
15280000      885  1.4095716e-10      12548.007 
15290000      885  1.1810687e-10      12562.155 
15300000      885  4.6455732e-11       12576.27 
15310000      885  6.6829043e-11      12590.193 
15320000      885  4.1916987e-11      12604.167 
15330000      885  4.1167285e-11      12618.171 
15340000      885  4.0012494e-11      12632.246 
15350000      885  5.0624621e-11      12646.319 
15360000      885  6.0054716e-11      12661.453 
15370000      885   3.968304e-11      12676.379 
15380000      885   4.768776e-11      12690.619 
15390000      885   4.758608e-11      12704.801 
15400000      885  4.7476106e-11      12719.098 
15410000      885   3.782343e-11      12733.273 
15420000      885  3.8806021e-11      12747.558 
15430000      885  4.0561682e-11      12761.761 
15440000      885  7.4964026e-11      12776.072 
15450000      885  4.7030506e-11       12791.22 
15460000      885  3.8886044e-11      12805.444 
15470000      885  6.3629807e-11      12819.641 
15480000      885  4.7903103e-11      12833.914 
15490000      885  4.2608539e-11      12848.095 
15500000      885  5.1439312e-11      12863.078 
15510000      885  5.6484247e-11      12877.289 
15520000      885  5.1145807e-11      12891.509 
15530000      885  3.9024278e-11      12905.764 
15540000      885  3.9273133e-11      12921.053 
15550000      885  4.5965224e-11      12935.355 
15560000      885  8.5839645e-11      12949.633 
15570000      885  6.2794911e-11      12964.032 
15580000      885  6.4324096e-11      12978.412 
15590000      885  5.9362784e-11      12992.804 
15600000      885    3.72021e-11      13007.335 
15610000      885  4.4726721e-11      13021.572 
15620000      885  4.9654135e-11      13036.552 
15630000      885  4.2644666e-11      13051.776 
15640000      885  4.2333979e-11      13066.006 
15650000      885  4.2577378e-11      13080.213 
15660000      885  4.1051999e-11       13094.34 
15670000      885   5.153399e-11      13108.537 
15680000      885  4.8018816e-11      13122.804 
15690000      885  4.2558745e-11       13137.11 
15700000      885  3.8882112e-11      13151.364 
15710000      885  3.8509262e-11       13165.67 
15720000      885   3.794294e-11      13180.877 
15730000      885  3.9165779e-11      13195.106 
15740000      885  4.0636994e-11      13209.862 
15750000      885   4.054324e-11      13224.773 
15760000      885  4.2999556e-11       13239.07 
15770000      885  3.8958096e-11      13253.335 
15780000      885   4.648512e-11      13267.672 
15790000      885  1.6516947e-09      13282.412 
15800000      885  4.0412451e-09      13296.745 
15810000      885  1.0499606e-09      13311.049 
15820000      885  5.3030317e-10      13325.419 
15830000      885  4.5587734e-11      13340.825 
15840000      885  4.2038681e-11      13355.086 
15850000      885   4.194848e-11      13369.452 
15860000      885  4.0929039e-09      13383.735 
15870000      885  4.8047599e-11      13398.754 
15880000      885  5.4841044e-11      13413.065 
15890000      885   7.896233e-10      13427.367 
15900000      885   4.667141e-11      13441.673 
15910000      885  4.4494508e-11      13455.986 
15920000      885  3.8302964e-10      13471.275 
15930000      885   2.605907e-10      13485.616 
15940000      885   5.187395e-09      13500.031 
15950000      885  1.5158249e-10      13514.463 
15960000      885  4.1279069e-11      13528.875 
15970000      885  1.5292765e-08      13543.293 
15980000      885  4.2675539e-11      13557.742 
15990000      885  2.8592595e-10      13572.803 
16000000      885  4.3523688e-11      13587.497 
16010000      885   1.947131e-10       13602.57 
16020000      885  8.4786167e-11      13617.037 
16030000      885   8.677434e-10      13631.506 
16040000      885  4.1436611e-11      13645.881 
16050000      885  4.7843126e-11      13660.262 
16060000      885  7.0926966e-11      13674.808 
16070000      885  2.2273413e-10      13689.402 
16080000      885  6.4369226e-11      13703.877 
16090000      885   5.931755e-11      13719.211 
16100000      885  4.9068229e-11      13733.777 
16110000      885  9.8935157e-11      13748.176 
16120000      885  5.6923375e-11      13763.081 
16130000      885  6.4458688e-11      13777.527 
16140000      885  2.1537098e-09      13792.192 
16150000      885  7.0029588e-11      13806.774 
16160000      885  5.0956723e-09      13821.394 
16170000      885  7.9999828e-11      13836.365 
16180000      885  1.2988006e-08      13852.039 
16190000      885  6.9114061e-11      13866.748 
16200000      885  1.0127377e-10      13881.499 
16210000      885  8.7599332e-11       13896.07 
16220000      885  2.7201721e-10      13910.753 
16230000      885  6.5181249e-11      13925.363 
16240000      885  6.2136594e-11      13940.557 
16250000      885  3.5484813e-10      13955.164 
16260000      885  9.6125473e-11      13969.953 
16270000      885  1.0118848e-10      13985.384 
16280000      885  4.6590682e-11      13999.994 
16290000      885  5.3092066e-11      14014.812 
16300000      885  9.6918628e-11      14029.577 
16310000      885   6.672143e-11      14044.256 
16320000      885  1.0553641e-10      14059.025 
16330000      885  1.7066485e-10      14073.927 
16340000      885  1.2993216e-10      14088.832 
16350000      885  6.6128269e-11      14104.737 
16360000      885  5.9018441e-11      14120.576 
16370000      885  1.3366843e-10      14136.214 
16380000      885   1.513617e-10      14151.797 
16390000      885  2.0794887e-09      14167.569 
16400000      885  2.6053951e-10      14183.269 
16410000      885  1.8232191e-10      14198.544 
16420000      885  1.8138045e-10      14213.806 
16430000      885   2.127613e-10      14229.661 
16440000      885   3.086675e-10      14245.433 
16450000      885  1.6841891e-10       14260.83 
16460000      885  1.4516492e-10      14276.282 
16470000      885  1.5611274e-10      14291.617 
16480000      885  1.7336635e-10      14307.621 
16490000      885   1.241458e-10      14322.867 
16500000      885  1.5133377e-10      14338.391 
16510000      885  6.8133394e-11      14354.407 
16520000      885  5.3660266e-11      14370.361 
16530000      885  9.8318446e-11      14385.828 
16540000      885  6.5025644e-11      14401.398 
16550000      885   7.854172e-11      14416.866 
16560000      885  1.2021119e-10      14432.388 
16570000      885  1.3224715e-10       14448.05 
16580000      885  9.0013494e-11      14463.779 
16590000      885  2.9810212e-10      14479.969 
16600000      885  9.8659292e-11      14496.541 
16610000      885  1.4153517e-10      14512.276 
16620000      885  1.4228779e-10      14527.912 
16630000      885  1.9860555e-09      14543.931 
16640000      885  5.4324923e-10      14559.811 
16650000      885  4.1893583e-10        14575.5 
16660000      885  2.4969948e-10      14591.217 
16670000      885  3.2371065e-10      14607.055 
16680000      885  1.9111967e-10       14622.91 
16690000      885  8.3014232e-11      14639.567 
16700000      885  1.3080956e-10      14655.995 
16710000      885  9.3235773e-11      14671.679 
16720000      885  2.7738887e-09      14687.299 
16730000      885  1.0927874e-10      14702.921 
16740000      885  9.2289576e-09      14718.828 
16750000      885  8.8479071e-11      14734.544 
16760000      885  8.4009229e-11      14750.065 
16770000      885  8.7988324e-11      14766.408 
16780000      885  8.7124876e-11      14781.772 
16790000      885  7.6482589e-11      14797.058 
16800000      885  1.1965664e-10      14812.832 
16810000      885  1.7477226e-10      14828.565 
16820000      885  1.7512659e-10      14844.867 
16830000      885  1.7779393e-10      14860.448 
16840000      885  2.4585525e-10          14876 
16850000      885  2.9104404e-10      14892.694 
16860000      885  1.4082129e-10      14908.453 
16870000      885  6.4103748e-10      14924.169 
16880000      885  2.2299247e-10      14939.848 
16890000      885  4.7986344e-10      14955.445 
16900000      885   1.411735e-10      14970.923 
16910000      885  5.5315454e-11      14986.214 
16920000      885  6.8548961e-11      15001.571 
16930000      885  4.6101487e-11      15017.927 
16940000      885  6.9393832e-11      15033.828 
16950000      885  4.9673074e-11      15049.039 
16960000      885  5.7105344e-11      15064.317 
16970000      885  8.1435212e-11      15079.688 
16980000      885  4.4023405e-11       15094.96 
16990000      885  5.2691522e-11      15110.203 
17000000      885  4.5524115e-11      15125.688 
17010000      885  4.7696479e-11      15141.537 
17020000      885  8.8118852e-11      15157.483 
17030000      885  6.9514507e-11      15172.862 
17040000      885  5.3452895e-11      15188.268 
17050000      885  4.0701212e-11      15204.266 
17060000      885  4.7800434e-11      15219.557 
17070000      885  3.8316248e-11      15234.783 
17080000      885   3.748195e-11      15250.052 
17090000      885   3.860841e-11      15265.354 
17100000      885  3.7410245e-11      15281.473 
17110000      885  4.2235409e-11      15296.723 
17120000      885   4.473451e-11      15311.964 
17130000      885  4.6216556e-11       15327.14 
17140000      885  4.5087989e-11      15342.324 
17150000      885  3.9978765e-11      15357.559 
17160000      885  3.8592437e-11      15372.694 
17170000      885  4.0641108e-11       15388.55 
17180000      885  4.5133929e-11      15404.654 
17190000      885   4.448442e-11      15419.857 
17200000      885  4.4623685e-11      15435.043 
17210000      885   4.432321e-11      15450.086 
17220000      885  4.3663555e-11      15465.068 
17230000      885  4.6157954e-11      15479.992 
17240000      885  3.9951188e-11      15494.817 
17250000      885  2.5075856e-09      15509.707 
17260000      885  1.0855247e-09      15525.544 
17270000      885  4.8291257e-11      15540.458 
17280000      885  4.4852089e-11      15555.889 
17290000      885  4.0286477e-11      15570.547 
17300000      885  3.8317412e-11      15585.206 
17310000      885  3.9279977e-11      15599.861 
17320000      885  3.9832669e-11      15614.514 
17330000      885  4.5211901e-11      15629.101 
17340000      885  4.4020536e-11        15643.7 
17350000      885  4.1049868e-11      15659.167 
17360000      885   4.801206e-11       15673.66 
17370000      885  9.6822162e-11      15688.141 
17380000      885    2.30583e-10      15702.657 
17390000      885  7.2463208e-11       15717.07 
17400000      885   4.832476e-11      15731.347 
17410000      885  6.7498265e-11       15746.14 
17420000      885  5.8549152e-11      15760.298 
17430000      885  4.8519042e-11      15774.513 
17440000      885  4.0439747e-11      15789.588 
17450000      885  7.8247726e-11      15803.633 
17460000      885  1.1705037e-10       15817.58 
17470000      885  1.0659059e-10      15831.435 
17480000      885  6.6847451e-11       15845.36 
17490000      885  4.5753842e-10      15860.005 
17500000      885  2.0501611e-10      15874.015 
17510000      885  8.3245919e-11      15887.964 
17520000      885  6.4300845e-11      15902.078 
17530000      885  5.3024717e-11      15917.632 
17540000      885  5.6999667e-11      15931.512 
17550000      885  5.3632705e-11       15945.29 
17560000      885  7.6833908e-11      15959.061 
17570000      885  6.7315955e-11       15972.79 
17580000      885  5.8730188e-11      15986.501 
17590000      885   7.843024e-11      16000.192 
17600000      885  8.5804888e-11      16014.292 
17610000      885  8.2736566e-11      16028.372 
17620000      885  7.3741864e-11      16043.238 
17630000      885   4.903176e-10      16057.265 
17640000      885  7.5794698e-11      16071.228 
17650000      885  6.2858377e-11      16085.235 
17660000      885  9.1310997e-11      16100.055 
17670000      885  8.4913008e-11      16114.307 
17680000      885   4.782122e-11      16128.533 
17690000      885  5.9889799e-11      16142.638 
17700000      885  7.4065156e-11      16156.623 
17710000      885  1.3854427e-10      16171.582 
17720000      885  2.1200712e-10      16185.987 
17730000      885  1.1025198e-10        16200.1 
17740000      885  1.1696063e-09      16214.559 
17750000      885  6.0871907e-10      16229.109 
17760000      885  2.7847035e-10      16243.112 
17770000      885  2.7322791e-10        16257.2 
17780000      885  2.3844443e-10      16271.415 
17790000      885  2.2252312e-10      16286.335 
17800000      885  9.5865218e-11      16301.642 
17810000      885  4.9807101e-11      16315.931 
17820000      885  5.3212611e-11      16330.087 
17830000      885  5.2063086e-11       16344.28 
17840000      885  5.5358548e-11       16358.47 
17850000      885  7.0423355e-11      16372.692 
17860000      885  1.0808264e-10      16386.968 
17870000      885  7.1621653e-11      16401.273 
17880000      885  4.5333715e-11      16415.352 
17890000      885  5.7625948e-11      16430.438 
17900000      885  1.3133615e-10      16444.671 
17910000      885  1.9420942e-10      16459.649 
17920000      885  6.2239324e-11      16473.914 
17930000      885  6.0385452e-11      16488.044 
17940000      885  7.0546464e-11      16502.255 
17950000      885  1.0510447e-10      16516.565 
17960000      885  5.3584428e-10      16531.051 
17970000      885  2.0877536e-10       16545.84 
17980000      885  1.3542166e-10       16560.67 
17990000      885  7.5410209e-11      16575.012 
18000000      885  4.3952827e-11      16589.443 
18010000      885    6.44757e-11      16603.718 
18020000      885   6.189414e-11      16618.101 
18030000      885  5.0454411e-11      16632.331 
18040000      885  4.5738564e-11       16647.24 
18050000      885  6.3594542e-11      16661.423 
18060000      885  1.0325812e-10      16676.561 
18070000      885  1.3564317e-10       16691.37 
18080000      885  4.7381272e-11       16705.77 
18090000      885  4.7554285e-11      16719.989 
18100000      885  6.7904554e-11      16734.184 
18110000      885  6.0831786e-11      16748.374 
18120000      885  4.3449012e-11      16762.655 
18130000      885  4.6537846e-11      16776.866 
18140000      885  9.4518157e-11      16791.261 
18150000      885  5.6784536e-11       16806.59 
18160000      885  4.7240956e-11      16822.151 
18170000      885  5.7467655e-11      16836.384 
18180000      885  9.7410476e-11      16850.552 
18190000      885  4.0308475e-11       16864.73 
18200000      885  4.4957033e-11      16879.032 
18210000      885  6.3845822e-11      16893.728 
18220000      885  1.2488439e-09       16908.62 
18230000      885  9.6915265e-11      16923.324 
18240000      885  5.2375855e-10      16939.705 
18250000      885  2.9256701e-08      16953.821 
18260000      885  1.0131918e-10      16967.906 
18270000      885  7.3607985e-11       16982.06 
18280000      885  5.5641036e-11      16996.935 
18290000      885  5.8269718e-11      17011.063 
18300000      885  1.4796655e-10       17025.22 
18310000      885  5.0835466e-11      17039.379 
18320000      885  3.8579203e-11      17053.401 
18330000      885     3.9881e-11      17067.456 
18340000      885  3.8358488e-11      17081.944 
18350000      885  4.3890359e-11       17096.47 
18360000      885  3.8916424e-11      17110.362 
18370000      885   3.896159e-11      17124.276 
18380000      885  4.3409602e-11       17138.06 
18390000      885  4.4578698e-11      17151.874 
18400000      885  4.3556272e-11      17165.803 
18410000      885   4.609988e-11       17180.36 
18420000      885  3.9637093e-11      17194.159 
18430000      885  5.0565462e-11      17208.272 
18440000      885  4.0258991e-11      17222.738 
18450000      885  4.1068749e-11      17236.626 
18460000      885  4.4133245e-11       17250.44 
18470000      885   4.216284e-11      17264.252 
18480000      885  4.5833165e-11       17278.15 
18490000      885  4.1392601e-11      17291.967 
18500000      885  3.9508688e-11      17305.797 
18510000      885  4.6924573e-11       17319.46 
18520000      885   4.028279e-11      17333.187 
18530000      885  4.0670082e-11      17347.801 
18540000      885  3.9303958e-11      17362.155 
18550000      885  4.0942404e-11      17375.698 
18560000      885  3.8275336e-11      17389.191 
18570000      885  4.0434199e-11      17402.669 
18580000      885  4.3548122e-11      17416.094 
18590000      885  4.2117416e-11      17429.546 
18600000      885  4.7951015e-11      17443.146 
18610000      885  5.0140578e-11      17456.535 
18620000      885  4.9857496e-11      17470.902 
18630000      885  4.1473435e-11      17484.284 
18640000      885  7.8383994e-11      17497.658 
18650000      885   7.074667e-11      17511.092 
18660000      885  4.0694101e-11      17524.492 
18670000      885  4.9179962e-11      17538.255 
18680000      885   1.063862e-10      17551.496 
18690000      885  1.1549521e-10      17564.865 
18700000      885  3.7723168e-11      17578.007 
18710000      885  3.6808436e-11      17591.949 
18720000      885   3.827491e-11      17604.944 
18730000      885  4.1284888e-11      17617.875 
18740000      885  3.8172529e-11      17630.791 
18750000      885  3.8262338e-11       17643.74 
18760000      885  1.0188477e-10      17656.652 
18770000      885  9.7675503e-11      17669.393 
18780000      885  9.1720329e-11      17682.146 
18790000      885  7.5934864e-11      17694.888 
18800000      885  4.8929549e-11      17707.671 
18810000      885  4.1762064e-11      17721.963 
18820000      885  6.0088558e-11      17734.819 
18830000      885  4.6873835e-11      17747.671 
18840000      885  4.7150893e-11      17760.477 
18850000      885  4.5048719e-11      17773.231 
18860000      885  5.4080812e-11      17785.948 
18870000      885  3.5288947e-10      17798.596 
18880000      885  2.6004215e-10      17811.381 
18890000      885  2.1535581e-10      17824.128 
18900000      885  5.7015862e-10      17836.827 
18910000      885  1.7745649e-10      17850.415 
18920000      885  8.6687103e-11      17863.006 
18930000      885  1.3121519e-10      17875.566 
18940000      885  8.2614371e-11      17888.019 
18950000      885  7.7037809e-11      17901.292 
18960000      885   7.426039e-11      17913.904 
18970000      885  7.9224726e-11      17926.483 
18980000      885  7.2323753e-11      17939.059 
18990000      885  5.7989066e-11       17951.61 
19000000      885    7.92453e-11       17964.25 
19010000      885  1.3933702e-10       17977.91 
19020000      885  2.2891872e-10      17990.554 
19030000      885  6.2939656e-11      18003.125 
19040000      885  5.1125052e-11      18015.738 
19050000      885  5.3744196e-11      18028.322 
19060000      885    2.84889e-10      18040.847 
19070000      885  8.0332249e-11      18053.447 
19080000      885  7.7904169e-11      18066.053 
19090000      885  7.5521885e-11       18079.35 
19100000      885  1.0724656e-10      18092.193 
19110000      885  8.9973236e-11      18105.385 
19120000      885  1.1416237e-10      18118.738 
19130000      885  1.4746809e-09      18131.938 
19140000      885  1.7314168e-10      18144.945 
19150000      885  3.6950734e-10      18157.643 
19160000      885  2.2146493e-10      18170.226 
19170000      885  2.1655187e-10      18182.807 
19180000      885  1.8538506e-10        18195.5 
19190000      885  9.2984812e-11      18208.014 
19200000      885  7.0119601e-11      18221.164 
19210000      885  5.1462518e-11      18234.107 
19220000      885  6.4865019e-11      18246.602 
19230000      885  4.7377117e-11      18259.615 
19240000      885  7.7775328e-10      18272.282 
19250000      885  6.5558773e-11      18284.842 
19260000      885  9.6838271e-11      18297.432 
19270000      885   9.226992e-11      18310.145 
19280000      885  1.1198883e-10       18322.69 
19290000      885  1.1784288e-10      18335.316 
19300000      885  7.9314011e-11      18348.046 
19310000      885  1.4210655e-10      18361.331 
19320000      885  4.2399357e-11      18374.418 
19330000      885  7.8528107e-10      18386.903 
19340000      885   1.128594e-09        18399.3 
19350000      885  6.5002245e-10        18411.8 
19360000      885  7.7096368e-11      18424.469 
19370000      885  1.3551178e-10      18437.642 
19380000      885  9.1368197e-11      18450.112 
19390000      885  1.2180129e-10       18462.45 
19400000      885  7.2412927e-11      18475.054 
19410000      885  7.1190122e-11      18487.475 
19420000      885  6.8710263e-11      18500.927 
19430000      885  5.0658092e-11      18513.413 
19440000      885  5.5652968e-11      18525.694 
19450000      885  5.9484294e-11      18537.999 
19460000      885  6.2665828e-10       18550.34 
19470000      885   4.077176e-11      18562.617 
19480000      885  5.9754945e-11      18574.844 
19490000      885  8.5989555e-11      18587.035 
19500000      885  5.1466569e-11      18599.297 
19510000      885  4.5905477e-11      18611.464 
19520000      885  6.2934197e-11      18625.401 
19530000      885  6.9255168e-11      18637.576 
19540000      885  7.9158789e-11      18649.667 
19550000      885  7.5242364e-11      18661.824 
19560000      885  5.8278104e-11      18674.085 
19570000      885  8.4741743e-11      18686.174 
19580000      885  5.6225525e-11      18698.174 
19590000      885  6.3700365e-11      18710.215 
19600000      885  5.5961976e-11      18722.413 
19610000      885  1.8675844e-10      18734.516 
19620000      885  6.9680105e-11      18747.102 
19630000      885  8.1504962e-11      18759.658 
19640000      885  5.2422931e-11       18771.77 
19650000      885  5.6110344e-11      18783.776 
19660000      885  4.2930287e-11      18796.469 
19670000      885  4.0409422e-11      18808.431 
19680000      885  4.1633864e-11      18820.336 
19690000      885  3.8339227e-11      18832.276 
19700000      885  3.8845349e-11      18844.204 
19710000      885  3.9956592e-11      18856.132 
19720000      885   4.046327e-11      18867.999 
19730000      885  3.8517386e-11      18880.736 
19740000      885   3.938473e-11      18892.536 
19750000      885  3.9357811e-11       18904.23 
19760000      885  3.9007039e-11       18915.98 
19770000      885  4.1812468e-11      18927.712 
19780000      885  4.4205843e-11      18939.387 
19790000      885  4.7689708e-11      18951.126 
19800000      885  4.9970442e-11      18963.079 
19810000      885  5.2346963e-11      18975.367 
19820000      885  4.0881458e-11      18986.923 
19830000      885  4.0249347e-11      18998.508 
19840000      885  4.7835101e-11      19011.069 
19850000      885  4.0614696e-11      19022.645 
19860000      885  3.7687462e-11      19034.114 
19870000      885  3.7597248e-11      19045.576 
19880000      885   1.540795e-08      19057.004 
19890000      885  1.9206537e-08      19068.322 
19900000      885  5.3263548e-11      19079.637 
19910000      885  4.1124336e-10      19090.882 
19920000      885  2.8455679e-09      19102.045 
19930000      885  2.0475331e-09        19113.2 
19940000      885  4.4723307e-11      19124.331 
19950000      885  4.4318445e-11      19136.471 
19960000      885  4.0843772e-11       19147.75 
19970000      885   3.931479e-11      19159.684 
19980000      885  4.5630571e-11      19170.999 
19990000      885  6.4399603e-11      19182.458 
20000000      885  3.9531661e-11      19194.195 
20010000      885  3.8346988e-11      19205.614 
20020000      885   4.037202e-11      19217.011 
20030000      885   4.116538e-11       19228.41 
20040000      885  4.0011398e-11       19239.83 
20050000      885  7.5530684e-11      19251.257 
20060000      885  7.1124001e-11      19263.678 
20070000      885   6.551713e-11      19275.137 
20080000      885  6.5764718e-11      19286.608 
20090000      885  4.6664543e-11      19298.075 
20100000      885  4.6257714e-11       19309.62 
20110000      885  3.9359145e-11      19321.214 
20120000      885  3.8329253e-11      19332.821 
20130000      885  6.6006195e-11      19345.204 
20140000      885  7.3889844e-11       19356.83 
20150000      885  4.2211291e-10      19368.572 
20160000      885  1.2232023e-10      19380.559 
20170000      885  1.0357914e-10      19393.358 
20180000      885  5.8387921e-11      19405.136 
20190000      885  8.0203375e-10      19416.845 
20200000      885  7.3865769e-11      19428.676 
20210000      885  1.7132428e-09       19440.33 
20220000      885  4.0912153e-10      19452.003 
20230000      885  4.3514853e-11      19463.783 
20240000      885   8.108938e-11      19475.482 
20250000      885  5.9886085e-11      19487.011 
20260000      885  5.8343885e-11      19498.706 
20270000      885  4.1010976e-11      19510.406 
20280000      885  5.1203269e-11      19523.986 
20290000      885  5.6512942e-11       19535.87 
20300000      885  5.6083393e-11      19547.776 
20310000      885  6.9927096e-11      19559.694 
20320000      885  9.0139436e-11      19571.627 
20330000      885  5.4279056e-11      19583.596 
20340000      885  8.5295597e-11      19595.556 
20350000      885  5.2879541e-11      19607.465 
20360000      885  1.7250659e-10      19619.302 
20370000      885  7.3156281e-11      19631.115 
20380000      885  6.6600769e-11      19643.878 
20390000      885   7.119939e-11       19655.78 
20400000      885  5.0080774e-11      19667.786 
20410000      885  7.0579548e-11      19679.629 
20420000      885  7.6355403e-11      19691.444 
20430000      885   3.851319e-11      19703.936 
20440000      885  5.9874004e-09      19715.906 
20450000      885  3.1398139e-10      19727.785 
20460000      885  9.4829379e-11      19739.658 
20470000      885  4.0659412e-11      19751.485 
20480000      885  1.2855426e-10      19763.317 
20490000      885  4.8168776e-09      19776.229 
20500000      885  5.7961739e-11      19788.184 
20510000      885  5.4925947e-11      19800.118 
20520000      885    4.91521e-11      19811.879 
20530000      885  7.4066907e-11      19823.667 
20540000      885  4.2061247e-11      19835.374 
20550000      885  4.2291668e-11      19847.134 
20560000      885   4.851572e-11      19858.837 
20570000      885   5.939268e-11      19870.497 
20580000      885  5.1464513e-11      19883.014 
20590000      885   3.811349e-11       19895.35 
20600000      885  4.9956908e-11      19907.791 
20610000      885  5.9790323e-11      19919.695 
20620000      885  4.6794285e-11      19931.579 
20630000      885  4.9474406e-11      19943.469 
20640000      885  5.6944157e-11      19955.398 
20650000      885  4.4172569e-11      19967.332 
20660000      885  7.7444015e-11      19979.238 
20670000      885  5.4008567e-11      19991.139 
20680000      885  5.7144829e-11      20002.977 
20690000      885  6.9416662e-11       20014.83 
20700000      885  5.7840017e-11      20027.573 
20710000      885  8.1962197e-11      20039.441 
20720000      885  5.4954842e-11      20051.278 
20730000      885  6.9926483e-11      20063.834 
20740000      885    5.38633e-11      20075.602 
20750000      885  6.6488972e-11      20087.524 
20760000      885  4.4039215e-10      20099.502 
20770000      885  5.3926235e-10      20111.479 
20780000      885  3.9753927e-10       20123.72 
20790000      885  9.4766486e-11       20135.75 
20800000      885   1.310372e-10      20147.807 
20810000      885  7.4780943e-11      20159.741 
20820000      885  5.2862313e-11      20171.792 
20830000      885  5.4296528e-11      20184.846 
20840000      885   5.380852e-11      20196.904 
20850000      885  4.8694849e-11      20208.982 
20860000      885  4.7310304e-11      20221.075 
20870000      885  4.6426544e-11      20233.792 
20880000      885  1.2329478e-10      20245.958 
20890000      885  4.6669643e-11      20258.064 
20900000      885  4.3164195e-11      20270.173 
20910000      885  3.4605004e-10      20282.391 
20920000      885  6.9187022e-11      20294.714 
20930000      885  1.1657414e-10      20306.982 
20940000      885  8.0512459e-11      20319.295 
20950000      885  6.5006618e-11       20332.04 
20960000      885  8.5435261e-11       20344.83 
20970000      885  4.7933538e-11      20357.226 
20980000      885  4.5596735e-11      20369.661 
20990000      885  3.7223802e-11      20382.048 
21000000      885   4.357865e-11      20394.643 
21010000      885  4.5874918e-11      20407.156 
21020000      885  5.4829971e-11       20420.78 
21030000      885  5.4874814e-11      20433.304 
21040000      885  4.1681772e-11      20445.857 
21050000      885  4.2730812e-11      20458.344 
21060000      885  3.3561516e-10      20470.991 
21070000      885  7.9052903e-11       20484.35 
21080000      885  5.7852931e-11      20497.817 
21090000      885  7.5604551e-11      20510.547 
21100000      885  6.0453265e-11      20523.236 
21110000      885  6.8395339e-11      20535.937 
21120000      885  4.5902791e-11      20548.632 
21130000      885  4.4340257e-11      20561.398 
21140000      885  4.8823375e-11      20574.358 
21150000      885  3.4367331e-10      20587.777 
21160000      885  8.7428838e-11      20601.588 
21170000      885  1.2047974e-10      20614.862 
21180000      885  4.7197526e-11      20627.896 
21190000      885  4.5876062e-11      20641.351 
21200000      885  4.5000381e-11      20655.153 
21210000      885  5.2026051e-11      20668.216 
21220000      885  4.4862107e-11      20681.248 
21230000      885  4.8399887e-11      20694.416 
21240000      885  4.9838283e-11      20707.635 
21250000      885  5.4768355e-11      20720.841 
21260000      885  7.3380567e-11      20734.125 
21270000      885  6.3107446e-11      20747.566 
21280000      885  6.1922394e-11      20760.992 
21290000      885  9.5420462e-11      20775.541 
21300000      885  2.0813074e-10      20789.278 
21310000      885  1.6929697e-10      20804.166 
21320000      885  8.9372854e-11      20818.159 
21330000      885  8.1208417e-11      20831.981 
21340000      885   1.583177e-10      20845.956 
21350000      885   1.954862e-10      20859.864 
21360000      885  1.8721929e-10      20873.825 
21370000      885  2.5799865e-10      20887.807 
21380000      885  8.9557423e-11      20901.649 
21390000      885  1.1502464e-10      20915.545 
21400000      885  8.9899067e-11       20929.46 
21410000      885  4.9951465e-11      20943.273 
21420000      885  4.8879164e-11        20958.6 
21430000      885  4.4253269e-11      20972.402 
21440000      885  5.4012864e-11      20986.165 
21450000      885  9.0027254e-11      21000.012 
21460000      885  5.0040748e-11       21013.93 
21470000      885  5.0012209e-11      21027.847 
21480000      885  5.1702224e-11      21041.809 
21490000      885  7.8958639e-11      21055.799 
21500000      885  7.0011072e-11      21069.875 
21510000      885  6.4963907e-11      21083.971 
21520000      885  1.6294783e-10      21098.008 
21530000      885  7.2854246e-11      21112.886 
21540000      885  6.0377316e-11      21127.229 
21550000      885  6.5757872e-11      21141.887 
21560000      885   5.278835e-11      21155.829 
21570000      885  6.2892968e-11      21169.799 
21580000      885  4.4225269e-11      21183.813 
21590000      885  2.3380964e-10      21198.018 
21600000      885  1.5514709e-10      21212.475 
21610000      885  5.2688312e-11      21226.736 
21620000      885  3.7807983e-11      21241.781 
21630000      885  3.8136768e-11      21255.938 
21640000      885   3.918831e-11      21270.078 
21650000      885  4.4988704e-11      21284.266 
21660000      885  4.1840578e-11      21298.435 
21670000      885  2.7022819e-08      21312.585 
21680000      885  1.1746121e-08      21327.361 
21690000      885  6.4923595e-11        21341.5 
21700000      885  9.4424516e-09      21355.633 
21710000      885  1.3270569e-10      21370.528 
21720000      885  1.2028598e-10      21384.645 
21730000      885  4.9278436e-10       21398.76 
21740000      885  1.3286659e-10      21412.971 
21750000      885   2.371313e-10      21427.048 
21760000      885  1.4703114e-09      21441.136 
21770000      885   2.377395e-09      21455.135 
21780000      885  3.9096026e-10      21469.387 
21790000      885  3.3493656e-09      21483.539 
21800000      885  4.7843438e-09      21499.392 
21810000      885  5.9495993e-11      21513.563 
21820000      885  8.8277115e-10      21527.766 
21830000      885  1.8069785e-08      21541.954 
21840000      885  4.7912094e-09      21556.858 
21850000      885  2.5911276e-10      21571.154 
21860000      885  5.4039688e-10      21585.256 
21870000      885  6.2899509e-09       21599.43 
21880000      885   2.812488e-10      21613.625 
21890000      885  2.1716142e-10      21628.875 
21900000      885  8.1881751e-11       21643.15 
21910000      885  6.1303331e-09      21657.277 
21920000      885  7.6484174e-11      21671.271 
21930000      885  3.8705316e-10      21686.098 
21940000      885  3.0198672e-10      21700.297 
21950000      885  7.6517047e-11      21714.482 
21960000      885  6.9890602e-11      21728.674 
21970000      885  6.1382284e-11       21742.94 
21980000      885  1.2135264e-10      21758.096 
21990000      885  7.5303546e-11      21772.288 
22000000      885  2.2792683e-10      21786.817 
22010000      885  1.1199244e-08      21800.949 
22020000      885  2.8273264e-10      21815.022 
22030000      885  8.9776278e-11      21829.257 
22040000      885   9.683848e-11      21843.309 
22050000      885  8.2712685e-11      21857.922 
22060000      885  1.3704315e-10       21871.98 
22070000      885  9.0317892e-11      21887.081 
22080000      885  1.0429016e-08      21901.197 
22090000      885  7.2707652e-11      21915.327 
22100000      885  8.4834429e-11      21929.555 
22110000      885  5.6134895e-10      21943.686 
22120000      885  5.0942669e-11      21957.701 
22130000      885  7.2599305e-11      21971.803 
22140000      885  9.6720319e-11      21985.996 
22150000      885  5.8561723e-11       22000.06 
22160000      885  5.7409126e-11      22015.108 
22170000      885  5.7786199e-11      22029.199 
22180000      885  1.9915308e-10      22043.906 
22190000      885  1.7133545e-10      22057.948 
22200000      885   8.373348e-11      22071.955 
22210000      885  1.0368401e-10      22085.702 
22220000      885  1.5556728e-10       22099.58 
22230000      885  1.3900137e-10      22113.631 
22240000      885  7.5743475e-11      22127.744 
22250000      885  1.1930651e-10      22141.728 
22260000      885  1.3079687e-10      22155.741 
22270000      885   7.199422e-11      22170.872 
22280000      885  7.2995825e-11      22184.994 
22290000      885   5.365813e-11       22199.04 
22300000      885  3.9272635e-11      22213.627 
22310000      885  3.7618384e-11      22227.775 
22320000      885  4.9379719e-11      22241.879 
22330000      885  7.1697315e-11      22255.851 
22340000      885  7.5222127e-11      22269.875 
22350000      885  2.5094425e-10      22284.029 
22360000      885  2.3052138e-10      22298.187 
22370000      885   2.214853e-10      22312.429 
22380000      885  1.3130476e-10      22327.626 
22390000      885  6.7910255e-11      22341.863 
22400000      885  9.1112255e-11      22356.137 
22410000      885  2.8901986e-10      22370.434 
22420000      885  1.3742631e-10      22384.845 
22430000      885  2.6634952e-10      22399.772 
22440000      885  3.3802165e-10       22414.06 
22450000      885   7.421707e-11        22428.3 
22460000      885  5.4821689e-09      22442.925 
22470000      885  2.4935177e-10       22457.59 
22480000      885  3.0956151e-10      22472.206 
22490000      885  1.7535089e-10      22487.715 
22500000      885  2.0635824e-10      22502.507 
22510000      885  1.1903349e-10      22517.055 
22520000      885   7.929003e-11      22531.763 
22530000      885  6.9495227e-11      22546.311 
22540000      885  3.6654227e-10      22561.089 
22550000      885  5.9506885e-10      22576.437 
22560000      885   1.585432e-10      22591.083 
22570000      885  1.6791511e-10      22605.837 
22580000      885   8.267247e-11      22620.812 
22590000      885  7.0423077e-11      22636.617 
22600000      885  9.0214798e-11      22651.725 
22610000      885  5.6578475e-11      22666.788 
22620000      885  4.6939635e-11      22681.855 
22630000      885  8.7124359e-11      22697.019 
22640000      885   9.254367e-11      22712.256 
22650000      885  8.4799502e-11      22727.586 
22660000      885  8.2444695e-11      22743.002 
22670000      885  1.0292508e-10      22758.948 
22680000      885  1.0488597e-10      22774.205 
22690000      885  8.6258613e-11      22789.883 
22700000      885  2.7546738e-09      22806.107 
22710000      885  1.3016482e-10      22821.336 
22720000      885  1.1159422e-10       22836.61 
22730000      885  6.4542526e-11      22851.858 
22740000      885  1.1430454e-10      22867.258 
22750000      885  6.5801385e-11      22882.569 
22760000      885  1.7934564e-08      22898.018 
22770000      885  2.6881764e-10      22914.422 
22780000      885  3.7679465e-10      22929.898 
22790000      885  3.8909198e-10      22946.141 
22800000      885  6.7813884e-10      22962.655 
22810000      885  3.1997522e-10      22978.134 
22820000      885  2.1540458e-10      22993.583 
22830000      885  1.4562518e-10      23008.885 
22840000      885  1.0683443e-10      23024.298 
22850000      885  6.4249051e-11      23039.639 
22860000      885  5.9731061e-11      23054.968 
22870000      885  8.6510378e-11      23070.267 
22880000      885  7.2216201e-11       23085.61 
22890000      885  5.0983912e-11      23100.952 
22900000      885  6.3190233e-11      23117.953 
22910000      885  4.8599266e-10      23133.382 
22920000      885  1.6209353e-10      23148.705 
22930000      885  1.0227667e-10       23164.08 
22940000      885  9.7273954e-11      23179.635 
22950000      885   8.087941e-11      23195.092 
22960000      885  4.8534188e-09      23210.741 
22970000      885  1.8205355e-10      23226.319 
22980000      885  2.3770226e-10      23241.794 
22990000      885  2.3615514e-10      23257.224 
23000000      885  7.0020819e-11      23273.521 
23010000      885  1.8155008e-10      23288.868 
23020000      885  9.9479352e-11      23304.849 
23030000      885  1.3716618e-10      23320.123 
23040000      885   8.967009e-10      23335.506 
23050000      885  2.5733579e-10      23350.985 
23060000      885   2.427631e-10      23366.609 
23070000      885  1.3465334e-10       23382.15 
23080000      885  1.2742414e-10      23397.639 
23090000      885  7.0018493e-11       23413.16 
23100000      885  9.4082208e-11      23429.512 
23110000      885  1.9059734e-10      23445.087 
23120000      885  1.5126881e-10      23460.802 
23130000      885  1.1670131e-10      23476.965 
23140000      885  5.3844003e-10       23492.28 
23150000      885  1.1015578e-09      23507.546 
23160000      885  2.1952143e-10      23523.049 
23170000      885  2.7688621e-09      23538.366 
23180000      885  1.5275721e-09       23553.68 
23190000      885  7.7279377e-11      23568.953 
23200000      885  7.5664273e-11      23584.871 
23210000      885  1.1373171e-10      23600.712 
23220000      885   1.760181e-10      23615.859 
23230000      885   9.576129e-11      23631.157 
23240000      885  1.0932507e-09      23646.391 
23250000      885  7.6949079e-08      23662.336 
23260000      885  2.2707388e-10      23677.695 
23270000      885  5.7693011e-10      23693.013 
23280000      885  1.2909376e-09      23708.423 
23290000      885  1.3476375e-10      23723.655 
23300000      885  6.8605789e-11      23738.843 
23310000      885  6.3599222e-11      23754.824 
23320000      885  6.6944745e-11      23769.792 
23330000      885  5.8107966e-11      23784.799 
23340000      885  5.3714713e-11      23799.736 
23350000      885   7.544759e-11      23814.692 
23360000      885  1.1793067e-10      23829.778 
23370000      885  2.3529586e-10      23845.396 
23380000      885  7.4616155e-11      23860.203 
23390000      885  2.1368962e-09       23875.03 
23400000      885  1.0929397e-10      23890.168 
23410000      885  9.6573965e-11      23905.996 
23420000      885  3.5166249e-10      23920.934 
23430000      885  9.2927291e-11      23935.752 
23440000      885  5.7116661e-11      23950.706 
23450000      885  9.3122505e-10      23965.521 
23460000      885   8.417443e-11      23980.249 
23470000      885  2.5671516e-10      23995.217 
23480000      885   2.399485e-10       24010.43 
23490000      885  3.2506027e-10      24025.645 
23500000      885   7.335261e-11      24039.992 
23510000      885  5.3313569e-11      24054.258 
23520000      885  5.3841186e-11      24069.493 
23530000      885  8.2772599e-09      24084.338 
23540000      885  6.3462175e-11      24098.704 
23550000      885  6.4487285e-09      24113.062 
23560000      885  2.4251554e-10      24127.574 
23570000      885  1.1339271e-10      24142.025 
23580000      885  5.4493682e-11      24156.398 
23590000      885  5.8767712e-11      24170.655 
23600000      885  4.7641267e-11      24184.945 
23610000      885    1.35102e-10      24200.745 
23620000      885  2.9886579e-10      24214.964 
23630000      885  4.6521351e-10      24229.098 
23640000      885  1.7111559e-10      24243.144 
23650000      885  6.7856491e-11      24257.222 
23660000      885  6.2285109e-11      24271.379 
23670000      885  5.1831792e-11      24285.447 
23680000      885  5.3380822e-11      24299.452 
23690000      885  6.7141745e-11      24313.371 
23700000      885  4.7624262e-11      24327.755 
23710000      885  5.0985303e-11      24342.325 
23720000      885  5.8012113e-11      24356.414 
23730000      885   4.928622e-11      24370.628 
23740000      885  2.7209264e-10      24385.415 
23750000      885  4.6929745e-11      24399.509 
23760000      885  3.9541198e-11      24413.685 
23770000      885  1.8326029e-10      24427.951 
23780000      885  1.0566287e-10      24442.153 
23790000      885  7.5198474e-11      24456.395 
23800000      885    4.91537e-11      24471.585 
23810000      885    5.02055e-11      24485.778 
23820000      885  5.5254302e-11        24499.8 
23830000      885  4.6079175e-11      24513.821 
23840000      885  5.1268246e-11      24527.866 
23850000      885   1.509472e-10      24542.023 
23860000      885  1.0907219e-10      24556.995 
23870000      885  9.5624998e-11      24571.173 
23880000      885  7.1220929e-11      24585.512 
23890000      885  5.0911659e-11       24600.71 
23900000      885  7.1226075e-11      24614.905 
23910000      885   1.242618e-10      24629.123 
23920000      885  1.3432597e-10      24643.458 
23930000      885  8.3873256e-11      24657.958 
23940000      885  8.3544109e-11       24672.33 
23950000      885  8.7326286e-11      24686.641 
23960000      885  1.2991514e-10      24701.053 
23970000      885  5.1436752e-09      24715.764 
23980000      885  1.2334935e-09      24730.474 
23990000      885  4.0031564e-10      24745.872 
24000000      885  6.0028669e-10      24760.969 
24010000      885  1.8197513e-10      24775.382 
24020000      885  1.1777946e-10      24789.796 
24030000      885  5.6332211e-11       24804.08 
24040000      885  6.1746552e-11      24818.386 
24050000      885  5.5770393e-11      24832.693 
24060000      885  5.7565775e-11       24846.94 
24070000      885   5.630169e-10      24861.323 
24080000      885  3.3974492e-10      24876.452 
24090000      885  3.9854482e-10      24891.553 
24100000      885  8.6598082e-11      24905.959 
24110000      885  7.4819507e-11      24921.053 
24120000      885  5.4750216e-11      24935.496 
24130000      885  1.2071109e-10      24950.095 
24140000      885  7.2904508e-11      24964.612 
24150000      885  5.2994158e-11      24979.034 
24160000      885  5.6390747e-11      24993.287 
24170000      885  3.8840739e-10      25008.678 
24180000      885  1.0030526e-10      25023.335 
24190000      885  1.1182606e-10      25037.815 
24200000      885  8.1186348e-11      25052.422 
24210000      885  1.1203294e-10       25066.93 
24220000      885  6.7160965e-11      25081.683 
24230000      885  1.9782382e-10      25096.767 
24240000      885  1.2766813e-10      25111.209 
24250000      885  6.4156485e-11      25125.577 
24260000      885  9.5690787e-11      25141.159 
24270000      885  9.9762711e-11      25155.674 
24280000      885  8.0636553e-11      25170.194 
24290000      885  1.7615599e-09      25184.618 
24300000      885  1.8926152e-10      25199.126 
24310000      885  2.2266674e-10      25213.257 
24320000      885  1.5887874e-09      25227.452 
24330000      885  1.0287637e-09      25241.592 
24340000      885  1.4774934e-10      25255.708 
24350000      885  2.6393754e-09       25270.82 
24360000      885  1.1433027e-08      25285.601 
24370000      885  4.3712018e-09      25299.636 
24380000      885  2.5124767e-10      25313.617 
24390000      885  2.1924263e-10      25327.551 
24400000      885  3.7732972e-10      25341.845 
24410000      885  1.7503142e-09      25356.068 
24420000      885  3.4112334e-09       25370.34 
24430000      885  7.5551917e-10      25384.737 
24440000      885  1.4771115e-09      25399.968 
24450000      885  5.8426521e-10      25414.355 
24460000      885  3.0800389e-09      25428.583 
24470000      885  2.9913732e-10      25442.756 
24480000      885  1.5372148e-10      25457.587 
24490000      885  8.7649554e-11      25471.628 
24500000      885  7.0568094e-11      25485.525 
24510000      885  8.2042433e-11      25499.479 
24520000      885  6.0876736e-11      25513.646 
24530000      885  9.7550757e-11      25528.448 
24540000      885  8.1219364e-11      25542.498 
24550000      885  1.0495862e-09      25556.542 
24560000      885  9.7872021e-11       25570.62 
24570000      885  1.0610652e-10      25584.724 
24580000      885  1.2464352e-10      25598.844 
24590000      885  3.1275662e-10      25612.846 
24600000      885   5.462845e-11      25626.944 
24610000      885  2.2789018e-10      25641.578 
24620000      885  1.5178871e-09       25655.41 
24630000      885  2.4322676e-10      25669.098 
24640000      885  4.3093022e-10      25683.782 
24650000      885  7.2515331e-08      25697.563 
24660000      885  2.8698759e-09      25711.193 
24670000      885  1.1420929e-10      25724.756 
24680000      885  9.2676706e-11      25738.445 
24690000      885   5.823512e-10      25752.193 
24700000      885  1.0087665e-10      25765.951 
24710000      885  1.7390704e-10      25779.675 
24720000      885  7.2556052e-11      25793.201 
24730000      885  2.1099902e-10      25806.889 
24740000      885  1.2989866e-10      25822.282 
24750000      885  1.1493058e-10      25836.126 
24760000      885  2.8542037e-10      25849.763 
24770000      885  5.3205895e-10      25863.578 
24780000      885  3.0583448e-10      25877.026 
24790000      885  3.4972395e-10      25890.506 
24800000      885  1.1418402e-10      25903.958 
24810000      885  9.8098608e-11      25917.143 
24820000      885  8.7247679e-11      25930.137 
24830000      885  2.0558727e-10      25943.244 
24840000      885  4.6445827e-09      25957.237 
24850000      885  1.0852025e-10      25970.263 
24860000      885   7.387385e-11      25983.401 
24870000      885  8.6682748e-10      25997.207 
24880000      885  8.9994055e-11       26010.35 
24890000      885  6.7876967e-11      26023.401 
24900000      885  1.3933288e-10      26036.193 
24910000      885  1.7389772e-10      26049.211 
24920000      885  1.0696547e-10       26062.16 
24930000      885  6.8562416e-11      26075.632 
24940000      885  6.4991031e-11      26089.146 
24950000      885  5.9228049e-11       26102.08 
24960000      885  8.2008122e-11      26114.923 
24970000      885  7.3495925e-11      26127.699 
24980000      885   9.734319e-11      26140.472 
24990000      885   7.230459e-11      26153.152 
25000000      885  5.5720055e-08      26165.886 
25010000      885  4.1805714e-10      26179.209 
25020000      885  2.7488583e-10      26191.708 
25030000      885  1.3678374e-10      26205.142 
25040000      885  1.4178149e-10      26218.317 
25050000      885  1.0498446e-10      26231.031 
25060000      885  6.5934482e-11      26243.682 
25070000      885  5.4170856e-11      26256.367 
25080000      885  8.3053957e-11      26269.176 
25090000      885  6.9394767e-11      26282.062 
25100000      885  8.8683646e-11      26294.872 
25110000      885  6.9404712e-11      26307.565 
25120000      885  1.0949662e-09       26320.43 
25130000      885   1.416781e-09      26334.344 
25140000      885  1.4221587e-10      26347.189 
25150000      885  1.7392299e-10      26360.618 
25160000      885  2.8241288e-10      26373.335 
25170000      885  1.1500295e-09      26386.037 
25180000      885  3.2991112e-10      26398.819 
25190000      885  2.0333083e-10      26411.742 
25200000      885  5.6082254e-10      26424.754 
25210000      885  2.3974286e-10        26437.5 
25220000      885  3.3895609e-09      26450.743 
25230000      885   3.896002e-10      26464.716 
25240000      885  1.2463653e-10      26477.419 
25250000      885  1.5598535e-10      26490.225 
25260000      885  2.3876432e-10      26503.019 
25270000      885  1.1974879e-10      26515.897 
25280000      885   1.295396e-10      26528.569 
25290000      885  2.2487493e-10      26541.988 
25300000      885  1.1688394e-10      26554.546 
25310000      885  7.1815961e-11      26567.092 
25320000      885  1.2013277e-10      26579.543 
25330000      885  2.0571353e-10      26592.574 
25340000      885  1.4172187e-10      26605.869 
25350000      885  5.6379074e-10      26618.674 
25360000      885  1.8136407e-10      26631.532 
25370000      885  2.3787935e-10      26644.397 
25380000      885  2.2720658e-10      26657.715 
25390000      885  1.3155461e-08      26670.683 
25400000      885  3.4094288e-10      26684.285 
25410000      885  4.1365471e-10      26697.248 
25420000      885  8.1605534e-10       26710.28 
25430000      885  2.8440369e-10      26724.995 
25440000      885  1.6368107e-10      26737.847 
25450000      885  1.0116629e-10      26750.545 
25460000      885  7.3574351e-11      26763.102 
25470000      885  5.9774263e-11      26775.612 
25480000      885  6.9026485e-11      26788.179 
25490000      885  1.2313352e-10      26800.755 
25500000      885  1.3038138e-10      26813.354 
25510000      885  1.1599983e-10      26825.768 
25520000      885  1.0718823e-10      26838.332 
25530000      885  1.2383954e-10      26851.268 
25540000      885  8.0713499e-09      26865.126 
25550000      885  3.6480993e-10      26877.794 
25560000      885  3.7276363e-10      26890.246 
25570000      885  5.0661375e-10      26903.517 
25580000      885  3.8617033e-10      26916.312 
25590000      885  1.1851343e-08      26929.094 
25600000      885  5.1212809e-10      26942.422 
25610000      885  3.7327581e-10      26955.154 
25620000      885  2.4791592e-10       26967.75 
25630000      885     2.1223e-09      26980.265 
25640000      885  2.5606446e-10      26992.819 
25650000      885  4.8390895e-10      27005.997 
25660000      885  3.2405389e-10      27018.375 
25670000      885  2.1605705e-10      27030.802 
25680000      885  5.0056698e-10      27043.203 
25690000      885  3.7973951e-10      27055.634 
25700000      885  1.3066813e-10       27067.98 
25710000      885    2.32781e-10      27080.987 
25720000      885  7.0344425e-10      27093.304 
25730000      885  1.8452553e-09      27105.648 
25740000      885  2.8478703e-09      27118.062 
25750000      885  1.4165323e-08      27130.568 
25760000      885  8.1399099e-09      27143.228 
25770000      885  5.3054254e-10      27156.532 
25780000      885  1.1951391e-09      27168.817 
25790000      885  3.2161376e-10      27181.204 
25800000      885  3.5656612e-10      27193.867 
25810000      885  1.6735389e-10      27206.285 
25820000      885  1.2270159e-10      27218.572 
25830000      885  5.3631541e-09      27230.846 
25840000      885  1.2083867e-10      27243.149 
25850000      885  1.7153541e-10      27255.986 
25860000      885  1.2069866e-09      27268.283 
25870000      885  1.1616304e-09      27281.247 
25880000      885  7.0873258e-10      27293.322 
25890000      885  1.4428724e-10       27305.33 
25900000      885  3.8164298e-10      27317.368 
25910000      885  1.8837422e-10      27329.383 
25920000      885  1.3162773e-10      27341.265 
25930000      885   2.324272e-10      27353.221 
25940000      885  1.5168403e-10      27365.351 
25950000      885  4.3145084e-09      27377.355 
25960000      885  1.3839268e-09      27389.266 
25970000      885  6.5410009e-10       27400.84 
25980000      885   2.658254e-10      27412.437 
25990000      885  4.5608069e-09      27425.022 
26000000      885  1.3947431e-09      27437.403 
26010000      885  3.4829449e-10       27449.27 
26020000      885  1.5832469e-09      27460.848 
26030000      885  6.2307606e-10      27472.607 
26040000      885  1.8346179e-10        27484.3 
26050000      885  2.2517896e-09      27496.132 
26060000      885    1.50884e-10       27508.11 
26070000      885  9.5990472e-09      27519.903 
26080000      885  1.7107986e-10      27531.931 
26090000      885  8.6056745e-10      27544.057 
26100000      885   2.212841e-10      27556.782 
26110000      885  2.2217995e-10      27568.465 
26120000      885  2.6319029e-10      27580.269 
26130000      885  1.8277099e-10      27592.066 
26140000      885  1.6482381e-10      27603.774 
26150000      885  1.0844415e-10      27616.555 
26160000      885   1.141584e-10      27628.395 
26170000      885  9.7269626e-11      27640.141 
26180000      885  9.4545502e-11      27651.918 
26190000      885  1.4289731e-10      27663.638 
26200000      885  9.8342354e-11       27675.46 
26210000      885  2.7220106e-09      27688.527 
26220000      885  6.8946806e-10      27701.356 
26230000      885  1.1782661e-10      27713.438 
26240000      885  2.8284806e-10      27725.547 
26250000      885  2.0051921e-10       27737.71 
26260000      885  4.7893562e-10      27749.891 
26270000      885  1.5516942e-10      27762.089 
26280000      885  1.0642496e-10      27774.204 
26290000      885  1.3765552e-10      27786.315 
26300000      885  7.9571243e-10      27799.306 
26310000      885  8.5128262e-10      27813.777 
26320000      885  3.7719787e-10      27830.408 
26330000      885  2.4764722e-10       27843.53 
26340000      885  2.8222248e-10      27855.845 
26350000      885  3.3995599e-10      27868.186 
26360000      885  1.9708437e-10      27880.436 
26370000      885  1.4866237e-10      27892.675 
26380000      885  8.3235697e-11      27905.067 
26390000      885    1.08727e-09      27917.259 
26400000      885  2.0888422e-09      27929.565 
26410000      885  2.8571743e-08      27941.647 
26420000      885  7.8700315e-10      27953.867 
26430000      885  3.3259989e-09      27966.331 
26440000      885  1.1542276e-10      27979.492 
26450000      885  1.1843685e-10      27991.383 
26460000      885  1.4116231e-10      28003.461 
26470000      885   1.516034e-10      28015.462 
26480000      885  2.2363847e-10      28027.532 
26490000      885  3.4109802e-10        28039.8 
26500000      885  3.2331855e-10      28052.158 
26510000      885  4.0491386e-10      28064.326 
26520000      885   8.890812e-10      28076.483 
26530000      885  7.8210217e-10      28088.665 
26540000      885  3.2990844e-10       28101.83 
26550000      885  3.1666365e-10      28114.103 
26560000      885   4.148517e-10      28126.383 
26570000      885  2.2832538e-10      28138.534 
26580000      885  1.7318755e-10      28150.654 
26590000      885  1.6884395e-09      28163.369 
26600000      885  2.3591353e-10      28175.394 
26610000      885  1.5740841e-10      28187.314 
26620000      885  1.9025548e-10      28199.307 
26630000      885  1.7237396e-10      28211.244 
26640000      885  9.2780411e-11      28223.081 
26650000      885  3.0099084e-10      28235.967 
26660000      885  1.1754635e-09      28248.044 
26670000      885  3.2056566e-10      28260.242 
26680000      885  2.4927953e-10      28272.254 
26690000      885  3.9118012e-10      28284.367 
26700000      885    4.09223e-10      28296.496 
26710000      885  1.4256863e-10      28308.664 
26720000      885  2.3969011e-10      28320.688 
26730000      885   1.665277e-10      28332.797 
26740000      885  1.2456822e-10      28345.605 
26750000      885  2.4921266e-10      28358.717 
26760000      885  1.3969629e-09      28372.733 
26770000      885   1.509998e-10      28384.855 
26780000      885  1.4518118e-10       28396.86 
26790000      885  1.7421108e-10      28408.889 
26800000      885  6.3376116e-09      28420.982 
26810000      885  2.0639727e-10      28433.055 
26820000      885  4.1649367e-08      28445.131 
26830000      885  6.8907854e-11      28457.232 
26840000      885  7.5028159e-10      28469.448 
26850000      885  1.1222858e-10       28481.72 
26860000      885  1.8823615e-10      28493.876 
26870000      885  3.3395902e-10      28507.156 
26880000      885  2.3843593e-10       28520.22 
26890000      885  8.5334221e-11       28532.52 
26900000      885  1.3115758e-10      28544.974 
26910000      885  1.5900883e-10      28557.513 
26920000      885   8.779108e-11      28569.889 
26930000      885  7.4961091e-11      28582.153 
26940000      885  1.6398162e-10      28594.444 
26950000      885  6.5942056e-11      28606.722 
26960000      885  1.3100266e-10      28619.145 
26970000      885  2.2149769e-10      28632.008 
26980000      885  1.0359634e-10      28644.966 
26990000      885  9.7783328e-11      28657.381 
27000000      885  7.1536286e-11      28670.007 
27010000      885  6.8214016e-11      28682.496 
27020000      885  8.6801989e-11      28695.779 
27030000      885  1.2641996e-10      28708.482 
27040000      885  1.7210503e-10      28721.327 
27050000      885  1.3091684e-10      28734.249 
27060000      885  7.7893623e-10      28747.146 
27070000      885  3.6369746e-10      28760.234 
27080000      885  1.7465536e-10      28773.588 
27090000      885  1.4631661e-10      28786.192 
27100000      885    4.77756e-08      28798.736 
27110000      885  7.4258184e-10      28811.496 
27120000      885  5.9613438e-11      28824.171 
27130000      885  5.8513417e-11        28836.9 
27140000      885  3.6178983e-09      28849.653 
27150000      885  1.4136202e-10      28862.503 
27160000      885   6.575987e-10      28876.443 
27170000      885  1.8991952e-10      28889.465 
27180000      885  2.4310486e-10      28902.537 
27190000      885  2.8783387e-10      28916.536 
27200000      885  2.9265878e-10        28929.8 
27210000      885  1.5254876e-10      28942.921 
27220000      885  2.4553091e-10       28955.91 
27230000      885   1.046733e-10      28968.935 
27240000      885   1.530202e-09      28982.001 
27250000      885  5.2163312e-10      28995.061 
27260000      885  1.1491254e-09      29008.159 
27270000      885  1.2833055e-10      29021.325 
27280000      885  1.5014419e-10      29034.537 
27290000      885  1.4825389e-10      29048.852 
27300000      885  1.5893968e-10      29063.064 
27310000      885   1.263095e-10      29076.372 
27320000      885  1.8302945e-09      29089.852 
27330000      885  8.5074085e-11      29103.284 
27340000      885  2.7271045e-09      29116.829 
27350000      885  1.3213876e-10      29130.444 
27360000      885   1.393296e-10      29144.078 
27370000      885  1.7946546e-10      29157.697 
27380000      885  4.1530924e-10      29172.407 
27390000      885  5.9522582e-10      29186.277 
27400000      885  2.9248331e-08      29200.475 
27410000      885  8.7251033e-10      29214.557 
27420000      885  7.4615779e-09      29229.107 
27430000      885  2.8807567e-10      29244.315 
27440000      885  7.2292848e-09      29258.444 
27450000      885  4.5695375e-10      29272.469 
27460000      885  3.0810234e-09      29286.582 
27470000      885  1.6013455e-07      29301.649 
27480000      885   1.780891e-10      29316.031 
27490000      885  6.9497013e-10      29330.188 
27500000      885  2.0005324e-10      29344.388 
27510000      885  9.6377682e-10      29359.373 
27520000      885  3.6344033e-10      29373.922 
27530000      885  3.0713673e-10      29388.306 
27540000      885  1.6934659e-10      29402.683 
27550000      885   1.900013e-10      29417.698 
27560000      885  1.2266063e-10      29433.001 
27570000      885  2.0304932e-10      29447.416 
27580000      885  2.2966987e-10      29461.518 
27590000      885  1.4125024e-10      29475.604 
27600000      885  2.3529751e-10      29489.916 
27610000      885  2.6047976e-10      29504.141 
27620000      885  2.0344861e-10      29518.321 
27630000      885  2.6520835e-10      29532.557 
27640000      885  1.9165984e-10      29546.842 
27650000      885  5.3809209e-10      29562.039 
27660000      885  2.9978542e-10      29576.389 
27670000      885  3.4142526e-10      29590.787 
27680000      885  1.2688243e-10       29605.74 
27690000      885  2.2131758e-10      29620.071 
27700000      885  8.7338094e-11      29634.385 
27710000      885  2.3456742e-10      29648.718 
27720000      885  1.3697222e-10      29663.154 
27730000      885  1.2310959e-10      29677.674 
27740000      885  4.1517909e-10      29693.064 
27750000      885  1.3782733e-10      29707.486 
27760000      885  6.6308502e-10       29721.78 
27770000      885  1.2457055e-10      29736.111 
27780000      885   1.251731e-10      29750.624 
27790000      885  6.5613544e-10      29764.913 
27800000      885  1.1368896e-08      29779.968 
27810000      885    3.18487e-10      29794.759 
27820000      885  3.0489269e-10      29809.017 
27830000      885  3.4213961e-10        29824.3 
27840000      885  2.0574548e-10      29838.735 
27850000      885  2.2365512e-10      29853.028 
27860000      885  2.1225054e-10      29867.468 
27870000      885  2.7481863e-10      29881.989 
27880000      885  2.0792869e-10      29896.276 
27890000      885  2.2156148e-10      29910.547 
27900000      885  1.7736576e-10      29924.759 
27910000      885  1.4562883e-10      29938.833 
27920000      885  2.2684585e-10      29954.638 
27930000      885  2.2990327e-10      29968.954 
27940000      885  3.2665373e-10      29983.321 
27950000      885  3.4375667e-10      29997.811 
27960000      885  3.2499634e-10       30012.15 
27970000      885  3.2348603e-10        30026.6 
27980000      885  3.1656265e-10      30041.057 
27990000      885  2.5752285e-10      30055.458 
28000000      885  3.1482803e-10      30070.606 
28010000      885   1.920529e-10       30085.26 
28020000      885  2.4452897e-10       30099.52 
28030000      885    1.45209e-10      30113.756 
28040000      885  2.1575591e-10      30127.996 
28050000      885  6.3488091e-10      30143.194 
28060000      885  1.8164133e-10      30157.649 
28070000      885  3.0771404e-10      30172.043 
28080000      885  2.3762268e-10      30186.291 
28090000      885   2.484049e-10      30200.509 
28100000      885  2.5027349e-10      30214.744 
28110000      885  1.9699762e-10      30229.918 
28120000      885  1.5825696e-10      30244.232 
28130000      885  1.2109379e-10      30258.479 
28140000      885  1.5369052e-10      30272.761 
28150000      885  2.2528547e-10      30287.084 
28160000      885  1.3147202e-10      30301.276 
28170000      885  1.5257046e-10      30316.296 
28180000      885  1.4038698e-10      30330.753 
28190000      885   1.155549e-10      30345.023 
28200000      885  2.2896975e-10      30359.795 
28210000      885   4.713191e-10      30374.995 
28220000      885  3.1330101e-10      30389.385 
28230000      885  4.1097956e-10        30403.8 
28240000      885  3.2397084e-10       30418.09 
28250000      885  2.3237117e-10      30432.191 
28260000      885  2.4465433e-10      30446.377 
28270000      885  3.8064425e-10      30460.488 
28280000      885  3.5930938e-10      30474.769 
28290000      885  1.7927438e-10       30489.57 
28300000      885  1.1728067e-10      30504.895 
28310000      885    1.69067e-10      30519.191 
28320000      885  1.2050531e-08      30533.405 
28330000      885  2.1140918e-10      30547.671 
28340000      885  3.0125182e-10      30561.849 
28350000      885  1.4450965e-10      30575.979 
28360000      885  1.2974428e-10      30590.225 
28370000      885  1.9763301e-09      30604.533 
28380000      885   1.837775e-10      30619.794 
28390000      885  1.6832215e-10      30634.294 
28400000      885  2.5463795e-10      30648.699 
28410000      885  2.8800422e-10      30663.048 
28420000      885   3.016987e-10      30678.044 
28430000      885  5.3868331e-10      30692.242 
28440000      885  1.2124922e-10      30706.471 
28450000      885  1.0275163e-10      30720.681 
28460000      885  3.2146163e-10      30735.015 
28470000      885  2.7190851e-10      30749.934 
28480000      885  5.2388761e-09      30764.991 
28490000      885  2.6363834e-10        30779.6 
28500000      885  3.7427976e-10       30794.29 
28510000      885  1.4958247e-10      30809.056 
28520000      885  6.5032163e-10      30823.766 
28530000      885  5.8388463e-10      30838.454 
28540000      885  2.8606887e-09      30853.857 
28550000      885  2.5116499e-10      30868.666 
28560000      885  3.6448367e-09      30883.829 
28570000      885  1.6407253e-09      30899.628 
28580000      885  6.2033897e-10      30914.664 
28590000      885    8.47634e-10        30929.8 
28600000      885  2.9620829e-09      30945.228 
28610000      885  3.7832844e-10      30960.382 
28620000      885  4.3222468e-10      30975.457 
28630000      885  5.9412933e-08       30990.56 
28640000      885  3.4365284e-09      31005.676 
28650000      885  9.8446128e-09      31022.224 
28660000      885  2.0286225e-09      31038.317 
28670000      885  6.6000568e-10      31053.663 
28680000      885  3.7779254e-10      31069.133 
28690000      885  3.2146074e-10      31084.552 
28700000      885  1.1138023e-08      31100.363 
28710000      885   3.815727e-08      31115.804 
28720000      885  2.6114113e-08      31131.371 
28730000      885  1.1078035e-08      31148.378 
28740000      885  1.2736234e-09      31163.986 
28750000      885  1.0722297e-09      31179.651 
28760000      885   2.995986e-10      31195.058 
28770000      885  2.0343964e-08       31210.95 
28780000      885  3.5253665e-09      31227.043 
28790000      885  1.5205928e-10      31242.535 
28800000      885   1.960394e-10      31258.153 
28810000      885  3.0387211e-10      31274.621 
28820000      885  3.2184728e-10      31290.638 
28830000      885  2.5269451e-10      31306.212 
28840000      885  2.8697508e-10       31322.06 
28850000      885  2.4569278e-10      31337.665 
28860000      885  8.7440057e-10      31353.407 
28870000      885  2.8639237e-10      31369.229 
28880000      885  1.9177538e-10      31385.008 
28890000      885  1.6401068e-10      31401.307 
28900000      885  2.4308321e-10      31417.821 
28910000      885  2.2893166e-10      31433.617 
28920000      885  2.4726743e-10      31449.432 
28930000      885  2.9108907e-10      31465.296 
28940000      885  3.6173803e-10      31480.852 
28950000      885  3.4862539e-10      31496.616 
28960000      885  3.4885166e-10      31512.492 
28970000      885  1.7293102e-10      31528.423 
28980000      885  3.5199594e-10      31544.876 
28990000      885  4.7207983e-09      31561.169 
29000000      885   2.978001e-10      31577.992 
29010000      885  1.4162878e-09      31593.917 
29020000      885  1.1007258e-09       31609.76 
29030000      885  1.5843631e-08      31625.628 
29040000      885  4.5696414e-10      31641.389 
29050000      885  1.0335468e-08      31657.238 
29060000      885  2.7839726e-10      31673.756 
29070000      885  2.3055506e-09      31690.364 
29080000      885   8.660795e-10      31706.257 
29090000      885  4.0786862e-10      31721.913 
29100000      885  3.2057435e-10      31737.739 
29110000      885  6.1418084e-09      31754.348 
29120000      885  1.7643837e-10      31770.287 
29130000      885    2.83802e-10      31786.034 
29140000      885  3.7151343e-10      31802.768 
29150000      885  3.2496512e-10      31818.753 
29160000      885  2.9274721e-10       31834.49 
29170000      885  2.6064063e-09      31850.151 
29180000      885  2.3661685e-10      31865.944 
29190000      885   2.352218e-10      31881.654 
29200000      885  2.2403367e-10      31897.518 
29210000      885  2.4047348e-10      31913.321 
29220000      885  1.7809799e-10      31929.042 
29230000      885  2.4162889e-10      31946.218 
29240000      885  2.3705966e-10       31961.86 
29250000      885  2.3167133e-10      31977.604 
29260000      885  2.3206487e-10      31993.328 
29270000      885  2.3492476e-10      32008.961 
29280000      885  2.9184935e-10      32024.665 
29290000      885  2.8667424e-10      32040.345 
29300000      885  3.5642721e-10      32055.971 
29310000      885  2.3086219e-10      32072.362 
29320000      885  1.8430157e-10      32088.051 
29330000      885   2.239707e-10      32103.677 
29340000      885  3.2025632e-10      32119.911 
29350000      885  2.7172828e-10      32135.577 
29360000      885  1.7141729e-10      32151.162 
29370000      885  9.2225181e-11      32166.603 
29380000      885   6.842498e-11      32182.054 
29390000      885  8.2179275e-11      32198.403 
29400000      885  7.2254524e-10       32214.21 
29410000      885  1.8693035e-10      32229.596 
29420000      885  2.9476642e-10      32244.721 
29430000      885  1.2225171e-10      32259.939 
29440000      885  1.1036173e-10      32275.217 
29450000      885  1.1940865e-10      32290.516 
29460000      885  8.1504845e-11      32306.456 
29470000      885  7.4893605e-11      32322.577 
29480000      885  6.4678727e-11      32337.879 
29490000      885  8.4658402e-11      32353.102 
29500000      885  1.4973772e-10      32368.296 
29510000      885  1.0482629e-10      32383.325 
29520000      885  6.7729418e-11      32398.612 
29530000      885  1.0701572e-09      32414.503 
29540000      885  1.7233912e-10      32429.686 
29550000      885  1.4775642e-10       32445.67 
29560000      885  1.2143385e-10      32460.682 
29570000      885  1.6365949e-08      32476.793 
29580000      885  3.2723485e-10      32492.251 
29590000      885  7.8132451e-10      32507.265 
29600000      885  1.7181409e-09      32522.384 
29610000      885  3.5057833e-10      32537.407 
29620000      885   5.356802e-10        32552.4 
29630000      885  4.6638489e-09      32568.088 
29640000      885  8.4685037e-10      32583.491 
29650000      885   7.775664e-10      32598.375 
29660000      885  1.6286754e-10      32613.066 
29670000      885  2.1340445e-10      32627.682 
29680000      885  1.7359195e-09      32642.311 
29690000      885   2.692851e-10      32657.684 
29700000      885  3.3021319e-10      32672.314 
29710000      885  6.9622602e-10      32686.809 
29720000      885  2.8271833e-10      32701.218 
29730000      885  1.3862014e-10      32716.596 
29740000      885  1.7429968e-10       32731.27 
29750000      885  2.4214949e-10      32745.951 
29760000      885  2.1759713e-10      32760.634 
29770000      885  2.3430315e-10      32775.396 
29780000      885  1.6061323e-10      32790.049 
29790000      885   1.982953e-10      32804.624 
29800000      885  2.1115835e-10        32819.3 
29810000      885  6.7238169e-10      32834.743 
29820000      885    3.58721e-10        32849.5 
29830000      885  2.7231287e-10      32865.202 
29840000      885  3.4990715e-10      32880.105 
29850000      885  4.1992605e-10      32894.862 
29860000      885  1.4526985e-10      32909.512 
29870000      885  8.1168223e-10      32924.126 
29880000      885  2.7118841e-10      32938.727 
29890000      885  1.0927679e-10       32953.31 
29900000      885  1.1831058e-10      32967.909 
29910000      885  9.2657078e-10      32982.766 
29920000      885  2.6122744e-10      32998.163 
29930000      885  2.5259211e-10      33013.432 
29940000      885  3.2328984e-09      33028.748 
29950000      885  4.3500783e-10      33043.991 
29960000      885  3.2095418e-10      33058.969 
29970000      885   4.071559e-10      33073.825 
29980000      885  1.0385231e-09      33088.864 
29990000      885   2.799291e-10      33103.906 
30000000      885  2.5074152e-08      33119.956 
30010000      885  6.3846237e-09      33135.728 
30020000      885  3.7684706e-08      33150.635 
30030000      885  5.6865761e-09      33165.612 
30040000      885  7.2699866e-10      33180.566 
30050000      885  3.2086721e-09      33196.073 
30060000      885  7.8252847e-08      33210.927 
30070000      885   2.257283e-09      33225.868 
30080000      885   4.463234e-09      33240.907 
30090000      885  1.7802941e-08      33256.962 
30100000      885   2.518406e-09      33272.036 
30110000      885  7.4201848e-09      33287.128 
30120000      885  1.5172646e-09      33302.058 
30130000      885  1.6934391e-10      33317.111 
30140000      885  1.8770628e-10      33332.073 
30150000      885  1.5992665e-09      33347.292 
30160000      885  2.9707465e-10      33362.326 
30170000      885  2.3318412e-10      33378.065 
30180000      885  1.9365068e-10      33393.087 
30190000      885  3.6346722e-10      33409.209 
30200000      885  2.1740046e-10      33424.467 
30210000      885  1.0429061e-09      33439.703 
30220000      885   1.319013e-10      33454.744 
30230000      885  1.9281685e-10      33469.803 
30240000      885  5.3880991e-10      33484.721 
30250000      885  2.4186891e-10      33499.677 
30260000      885  1.9242931e-10      33514.835 
30270000      885  2.2620688e-10      33530.096 
30280000      885  1.7632601e-09      33546.222 
30290000      885  2.8749044e-10      33562.414 
30300000      885  5.3736242e-10      33577.681 
30310000      885  3.0722944e-10      33592.916 
30320000      885  1.8230435e-10      33608.252 
30330000      885  8.5809424e-10      33623.999 
30340000      885   6.813559e-10      33639.379 
30350000      885  5.1559563e-10      33654.504 
30360000      885  4.8615677e-10      33670.535 
30370000      885  5.1615927e-10      33685.839 
30380000      885  5.9330971e-10      33700.927 
30390000      885  3.3147898e-10      33716.066 
30400000      885  2.6700878e-10      33731.223 
30410000      885   1.278949e-09      33746.879 
30420000      885  7.6678442e-10      33761.906 
30430000      885  4.5789135e-10      33776.896 
30440000      885  6.3082212e-10      33791.898 
30450000      885  7.8426985e-10      33808.019 
30460000      885  5.7189601e-10      33822.941 
30470000      885   7.265425e-10      33838.038 
30480000      885  6.3363132e-10      33853.115 
30490000      885   5.755818e-10      33868.164 
30500000      885  4.4505224e-10      33883.156 
30510000      885  4.0202326e-10      33898.157 
30520000      885  2.4249863e-10      33913.487 
30530000      885  1.7001871e-09      33929.821 
30540000      885  4.4933529e-10       33944.74 
30550000      885  4.5834003e-10      33959.331 
30560000      885  4.6070402e-10      33973.734 
30570000      885  5.1977363e-10      33988.208 
30580000      885   4.609925e-10      34002.805 
30590000      885   5.350744e-10      34017.379 
30600000      885   4.186173e-10      34032.068 
30610000      885  5.1705429e-09      34046.616 
30620000      885  3.1015948e-10      34062.124 
30630000      885  1.8449382e-10      34076.426 
30640000      885  1.5915142e-10      34090.727 
30650000      885  1.8391503e-10       34105.76 
30660000      885  1.6833415e-10      34120.047 
30670000      885  1.5797824e-10      34134.405 
30680000      885  1.6715401e-10      34148.891 
30690000      885  1.6966454e-10      34163.348 
30700000      885  2.9308442e-10      34178.278 
30710000      885  5.2588594e-10      34193.015 
30720000      885  6.0513008e-10      34207.384 
30730000      885  7.1358294e-10      34221.619 
30740000      885  4.8951598e-10      34235.804 
30750000      885   1.675646e-10      34249.867 
30760000      885  2.1442814e-10      34263.976 
30770000      885  1.9344535e-10      34278.833 
30780000      885  1.9501245e-10      34292.834 
30790000      885  1.8414773e-10      34307.256 
30800000      885  1.7614759e-10      34321.901 
30810000      885  1.4319511e-10      34335.853 
30820000      885  1.8533529e-10      34349.897 
30830000      885  2.3730503e-10      34363.873 
30840000      885  1.1199971e-10      34377.757 
30850000      885  7.8021172e-11      34391.451 
30860000      885  6.0053909e-11      34405.224 
30870000      885  8.9348817e-11      34418.953 
30880000      885   1.347078e-09      34432.811 
30890000      885  2.9264528e-10      34447.149 
30900000      885  2.2410227e-10      34461.486 
30910000      885  4.5264954e-09      34475.186 
30920000      885  1.1418754e-10      34488.651 
30930000      885  7.2155866e-10      34502.128 
30940000      885  6.6399054e-10       34515.49 
30950000      885  7.7553347e-10      34529.598 
30960000      885  2.4763475e-10      34543.241 
30970000      885  3.2297419e-09       34556.77 
30980000      885  4.4671539e-10      34570.746 
30990000      885  7.5069248e-10      34584.187 
31000000      885  3.9593472e-10      34598.683 
31010000      885   2.991054e-10      34612.128 
31020000      885  4.1774457e-10      34625.395 
31030000      885  2.6123607e-10      34639.221 
31040000      885  1.8119026e-10      34652.381 
31050000      885  1.7230092e-10        34665.6 
31060000      885  9.8031366e-11      34678.905 
31070000      885  1.0716824e-10      34692.148 
31080000      885  2.9822735e-10      34705.413 
31090000      885  7.6173747e-10      34718.651 
31100000      885  3.3459768e-10      34731.823 
31110000      885  4.9410657e-10      34745.086 
31120000      885  1.0624174e-09      34759.461 
31130000      885  2.3693211e-10      34772.971 
31140000      885  2.2133703e-10      34786.423 
31150000      885  3.3751936e-10      34799.785 
31160000      885  9.1011824e-09      34814.507 
31170000      885  3.2532758e-10      34828.008 
31180000      885  5.4912226e-10      34841.406 
31190000      885  9.0226579e-10      34854.782 
31200000      885  8.3568485e-09      34868.412 
31210000      885   8.737705e-10       34882.29 
31220000      885  4.8304913e-09       34895.53 
31230000      885  7.8977105e-09      34909.642 
31240000      885  4.3834809e-09      34923.554 
31250000      885  1.5524612e-08      34937.125 
31260000      885  4.1269854e-09      34950.501 
31270000      885  1.2232749e-08      34963.791 
31280000      885  1.1086305e-08      34977.295 
31290000      885  2.2794862e-09      34990.575 
31300000      885  2.4339199e-09      35004.464 
31310000      885  1.1287585e-08      35017.914 
31320000      885  9.4759102e-09      35031.231 
31330000      885  1.1364935e-08      35044.405 
31340000      885  2.9648679e-09      35057.718 
31350000      885  4.8378572e-10       35071.87 
31360000      885  7.2732972e-09      35085.231 
31370000      885  2.6220285e-10       35098.42 
31380000      885  1.8697969e-10      35111.587 
31390000      885  7.5236352e-10      35124.763 
31400000      885  3.3610095e-09       35138.14 
31410000      885  6.4914658e-10      35151.318 
31420000      885  3.0401451e-09      35164.666 
31430000      885  1.2406838e-09      35178.544 
31440000      885   1.589588e-09      35191.906 
31450000      885  2.9622233e-10       35205.21 
31460000      885  5.2406625e-10      35218.306 
31470000      885  3.0673324e-08      35232.411 
31480000      885  1.0283228e-09      35245.955 
31490000      885  4.8876142e-10      35259.165 
31500000      885  5.3186021e-10      35272.264 
31510000      885  1.0351568e-09      35285.703 
31520000      885  4.7758987e-10      35298.978 
31530000      885  7.1714974e-10          35312 
31540000      885  6.8305764e-10      35324.883 
31550000      885  6.7033989e-10      35338.046 
31560000      885  8.7837425e-10      35351.107 
31570000      885  3.7728543e-10      35364.802 
31580000      885  9.3718727e-10      35377.973 
31590000      885  1.3445703e-09      35392.171 
31600000      885  1.9616698e-10      35405.573 
31610000      885  2.3126009e-09      35418.866 
31620000      885  8.1290404e-08      35432.166 
31630000      885  1.6266302e-08      35445.226 
31640000      885  1.9264753e-08      35458.409 
31650000      885  2.3614223e-10      35471.665 
31660000      885  4.0215609e-10      35484.905 
31670000      885  1.2074113e-10      35498.027 
31680000      885    1.24358e-10      35511.209 
31690000      885  2.1300753e-10        35524.3 
31700000      885  1.1083096e-10       35538.07 
31710000      885  1.3788168e-10      35552.101 
31720000      885  1.2018726e-10      35565.296 
31730000      885  7.7209223e-11      35578.386 
31740000      885  1.0619514e-10      35591.342 
31750000      885  3.0446866e-10      35604.319 
31760000      885  3.2819455e-10       35617.44 
31770000      885  1.9820125e-09        35630.6 
31780000      885  5.5991882e-10      35643.935 
31790000      885  5.2144813e-10      35657.209 
31800000      885  4.9576726e-10      35670.506 
31810000      885  2.3289789e-10      35683.471 
31820000      885  1.8572109e-10      35696.483 
31830000      885  1.0950639e-10      35710.383 
31840000      885  3.3018445e-10      35724.084 
31850000      885  1.5472748e-10      35737.034 
31860000      885   5.454878e-09      35750.337 
31870000      885  6.8540822e-10      35763.519 
31880000      885  4.7269033e-10      35776.446 
31890000      885  6.9708235e-10      35789.312 
31900000      885  6.9515737e-10      35802.156 
31910000      885  9.3456487e-10      35815.296 
31920000      885  6.3455421e-10       35828.31 
31930000      885  7.4822931e-10      35841.139 
31940000      885  4.8220301e-10      35853.985 
31950000      885  2.4594397e-10      35867.189 
31960000      885   1.070286e-10      35880.222 
31970000      885  2.5961464e-10      35892.755 
31980000      885  3.2884607e-10       35905.99 
31990000      885  2.0483895e-10      35918.575 
32000000      885  1.4487307e-10      35931.426 
32010000      885  2.2557021e-10      35943.954 
32020000      885   1.919155e-10      35956.362 
32030000      885  1.3459414e-10      35968.846 
32040000      885  1.1457369e-10      35981.341 
32050000      885  2.3349297e-10       35993.77 
32060000      885  1.0615097e-10      36006.123 
32070000      885  1.2920181e-10      36018.593 
32080000      885  1.4168005e-10      36031.957 
32090000      885  1.3539828e-10       36044.22 
32100000      885  7.1567069e-11      36056.342 
32110000      885  8.5417175e-11      36068.387 
32120000      885  1.9175926e-10      36081.163 
32130000      885  3.0728973e-10      36093.336 
32140000      885  3.2807421e-10       36105.38 
32150000      885   7.938017e-10      36117.552 
32160000      885  2.8059413e-10      36129.484 
32170000      885   1.941226e-10      36141.246 
32180000      885  7.4648626e-10      36153.036 
32190000      885  2.3474657e-10      36164.887 
32200000      885   8.278375e-11      36176.854 
32210000      885  2.6478365e-10        36189.5 
32220000      885  1.6032749e-10      36201.078 
32230000      885   1.004792e-10      36212.479 
32240000      885  1.1797903e-10      36223.851 
32250000      885   1.282044e-10      36235.199 
32260000      885  2.2966903e-09      36246.641 
32270000      885  1.2939098e-10      36258.905 
32280000      885  1.0229539e-10      36270.215 
32290000      885  8.0635906e-11      36281.569 
32300000      885  1.0820817e-10      36292.931 
32310000      885  1.4465681e-10      36304.188 
32320000      885  1.0951975e-10      36315.514 
32330000      885  1.4318357e-10      36326.803 
32340000      885   1.258479e-10      36338.071 
32350000      885  3.1975716e-10      36350.539 
32360000      885  1.1794542e-10       36362.06 
32370000      885  8.8128227e-11      36373.379 
32380000      885  6.2757654e-11      36384.723 
32390000      885  7.0784075e-10      36396.184 
32400000      885  2.2603215e-10      36407.887 
32410000      885  1.1073042e-10      36419.384 
32420000      885  1.2174233e-10      36430.907 
32430000      885  2.3580032e-10      36443.149 
32440000      885  7.9799905e-11       36454.76 
32450000      885  4.1897086e-09      36466.401 
32460000      885  7.6909283e-10      36478.446 
32470000      885  1.4397416e-10      36490.038 
32480000      885  1.0280461e-09      36502.027 
32490000      885  1.1584857e-10      36514.517 
32500000      885  7.3914681e-11      36526.084 
32510000      885  1.4924503e-10      36537.701 
32520000      885  2.3756099e-10      36549.438 
32530000      885   4.238232e-10        36561.1 
32540000      885  7.5766407e-10      36572.838 
32550000      885  1.5356619e-09      36584.696 
32560000      885  7.6993582e-09       36596.59 
32570000      885  4.9428072e-09      36608.689 
32580000      885  7.7223023e-09      36621.335 
32590000      885  2.0623984e-08      36633.123 
32600000      885  1.4684709e-07      36644.904 
32610000      885  8.0100075e-09      36656.629 
32620000      885  8.1047077e-09      36669.312 
32630000      885  8.4239158e-10      36680.975 
32640000      885  6.7875662e-09       36692.65 
32650000      885  4.3085659e-09      36704.441 
32660000      885  5.1481541e-09       36716.42 
32670000      885  8.3426453e-09      36728.298 
32680000      885  3.1550914e-09      36740.422 
32690000      885  1.8181263e-08      36752.359 
32700000      885  5.3819777e-10       36764.84 
32710000      885  4.8190205e-10      36776.893 
32720000      885  2.6590336e-09      36788.822 
32730000      885   7.246615e-09      36801.418 
32740000      885  8.0656954e-10      36813.409 
32750000      885  1.7211962e-08      36826.311 
32760000      885  2.9591736e-10      36838.288 
32770000      885  1.2349508e-09      36850.111 
32780000      885  2.2722486e-10      36861.844 
32790000      885  6.8274337e-09       36873.56 
32800000      885  2.6543109e-10      36885.448 
32810000      885  2.3567332e-10      36897.194 
32820000      885  1.7191536e-09      36908.868 
32830000      885  5.1195374e-10      36920.451 
32840000      885  1.0310737e-09      36932.297 
32850000      885  2.6892807e-10      36944.182 
32860000      885  1.2199754e-10      36956.995 
32870000      885  1.3253051e-10       36968.94 
32880000      885  3.7840646e-10      36981.917 
32890000      885  3.1274946e-10      36994.101 
32900000      885  3.4526125e-10      37006.136 
32910000      885  2.7156003e-10      37018.017 
32920000      885  5.2995688e-10      37029.805 
32930000      885  5.5258906e-10      37041.786 
32940000      885  4.1733437e-10      37053.767 
32950000      885   2.917085e-10      37065.663 
32960000      885  2.7372503e-10      37078.272 
32970000      885  1.1649868e-10      37090.268 
32980000      885  1.0552078e-10       37101.96 
32990000      885  3.6658579e-10      37113.607 
33000000      885  2.3937411e-10       37125.62 
33010000      885  1.8890618e-10      37137.628 
33020000      885  9.9208699e-10       37150.64 
33030000      885  3.6394202e-10      37163.401 
33040000      885  4.9683915e-10      37175.475 
33050000      885  5.2055042e-10      37187.611 
33060000      885  4.9758067e-10      37199.756 
33070000      885  2.1907067e-10       37211.86 
33080000      885  1.5383682e-10      37223.849 
33090000      885  1.8988316e-10      37236.847 
33100000      885  2.6018312e-10      37249.043 
33110000      885  1.1655966e-10      37261.199 
33120000      885  1.1874905e-10      37273.246 
33130000      885  8.9610372e-11      37285.158 
33140000      885  4.8101895e-11      37297.057 
33150000      885  6.1228747e-11      37308.822 
33160000      885  5.2864029e-11      37320.692 
33170000      885  6.8443038e-11      37332.555 
33180000      885  6.5603069e-11      37345.073 
33190000      885   7.448933e-11      37357.025 
33200000      885   4.288084e-10      37369.414 
33210000      885  2.0504652e-10      37381.606 
33220000      885  7.6931117e-10      37394.805 
33230000      885  3.1346936e-10      37406.918 
33240000      885  2.1240813e-10      37419.144 
33250000      885  1.0199548e-10       37431.41 
33260000      885  1.0095211e-09      37444.234 
33270000      885  2.8269822e-10       37456.66 
33280000      885  2.2793848e-10      37468.975 
33290000      885  2.1867573e-10      37481.318 
33300000      885  1.4255537e-10      37493.778 
33310000      885  6.6032249e-10      37506.312 
33320000      885   1.774424e-10      37519.495 
33330000      885  2.2810333e-10      37531.975 
33340000      885  1.2531706e-10      37545.068 
33350000      885  7.2298189e-11      37558.083 
33360000      885  1.0547519e-10       37570.48 
33370000      885  7.2262378e-11      37582.876 
33380000      885  7.6526261e-11      37595.314 
33390000      885  7.7876325e-11       37607.85 
33400000      885  6.9655842e-11       37620.42 
33410000      885  1.1843925e-10      37632.963 
33420000      885  1.0176102e-10      37645.525 
33430000      885  1.7549317e-10      37658.167 
33440000      885  3.0734552e-10      37671.077 
33450000      885  5.9020769e-10       37684.05 
33460000      885  6.6674591e-10      37698.736 
33470000      885  3.8683717e-10      37711.859 
33480000      885  1.8913184e-10      37724.895 
33490000      885  8.0422877e-10      37738.028 
33500000      885  2.9304017e-10      37751.278 
33510000      885  1.7719602e-10      37764.425 
33520000      885  8.0358621e-11      37777.551 
33530000      885  6.1215298e-11      37790.556 
33540000      885   9.247771e-11      37803.614 
33550000      885  1.0105968e-10      37816.733 
33560000      885  9.6593338e-11      37830.955 
33570000      885  1.6477801e-10       37844.41 
33580000      885  1.2987622e-09      37857.946 
33590000      885  1.4174934e-09      37871.491 
33600000      885  2.3949252e-10      37885.673 
33610000      885  3.2422422e-10      37898.929 
33620000      885  2.2752445e-10      37912.175 
33630000      885  3.7455045e-10      37925.502 
33640000      885  1.1606883e-09      37938.824 
33650000      885  5.8660711e-10      37952.877 
33660000      885  1.5847054e-10      37966.331 
33670000      885  1.0778572e-09      37979.555 
33680000      885  1.1445486e-08      37992.874 
33690000      885   2.430838e-10      38006.268 
33700000      885  2.9366472e-10      38019.975 
33710000      885  1.7425933e-08      38033.841 
33720000      885  1.1707942e-09      38047.832 
33730000      885  1.5865063e-09      38062.093 
33740000      885  1.4075621e-09      38075.643 
33750000      885  1.0154525e-09      38090.536 
33760000      885   1.541235e-09      38104.344 
33770000      885  4.7902432e-10       38118.05 
33780000      885  1.7768218e-09      38132.073 
33790000      885  6.1113823e-10      38145.702 
33800000      885  1.7060936e-09      38159.667 
33810000      885   3.465502e-09      38173.394 
33820000      885  3.7070754e-10      38187.029 
33830000      885  1.7436045e-10      38200.714 
33840000      885  1.7934891e-10      38215.435 
33850000      885  3.3829078e-10      38229.316 
33860000      885  4.1133013e-10      38243.748 
33870000      885  3.7551583e-10      38257.596 
33880000      885  4.7728421e-09      38271.819 
33890000      885  1.4085939e-08      38286.068 
33900000      885  1.4965249e-08      38300.257 
33910000      885  2.3097365e-08      38314.272 
33920000      885  9.8899473e-09      38328.397 
33930000      885  1.1967295e-08      38342.513 
33940000      885  1.2508619e-09      38356.538 
33950000      885  2.7438613e-10      38371.454 
33960000      885  1.0847399e-09      38385.509 
33970000      885  7.9246941e-09      38399.601 
33980000      885  2.1193834e-10      38415.259 
33990000      885  5.6827809e-10      38429.213 
34000000      885  6.5521563e-09      38443.279 
34010000      885   2.747713e-10      38457.247 
34020000      885  3.0070115e-10      38471.294 
34030000      885  2.0381639e-10      38485.726 
34040000      885  2.6978781e-10      38500.833 
34050000      885  6.4770532e-09      38515.058 
34060000      885  1.4229044e-10      38529.164 
34070000      885  2.1486028e-09      38543.089 
34080000      885  1.2043879e-10      38557.125 
34090000      885  2.1450937e-10      38571.175 
34100000      885  2.5093583e-10      38585.183 
34110000      885  1.2569696e-10      38599.779 
34120000      885  1.3459848e-10      38613.697 
34130000      885  1.3686032e-10      38628.657 
34140000      885  1.6456345e-10       38642.62 
34150000      885  2.8004841e-10       38656.62 
34160000      885  2.9402635e-10       38670.69 
34170000      885  2.2065229e-10      38684.702 
34180000      885  2.7898884e-10      38698.764 
34190000      885  8.6312767e-10      38712.771 
34200000      885  3.6827817e-10      38726.932 
34210000      885  7.1980777e-10      38741.027 
34220000      885  4.6468825e-10      38754.882 
34230000      885  3.2188267e-10      38769.788 
34240000      885  2.9136283e-10      38784.387 
34250000      885  1.4925679e-10      38798.216 
34260000      885  6.2124155e-10       38812.21 
34270000      885  3.2271456e-10      38826.195 
34280000      885  2.5093796e-10       38840.14 
34290000      885  2.2236935e-10      38854.078 
34300000      885  1.8750055e-10      38868.211 
34310000      885   2.524373e-10       38882.02 
34320000      885  1.8186439e-10      38896.918 
34330000      885  1.6907799e-10      38910.945 
34340000      885  2.1331582e-10      38924.957 
34350000      885  1.7853997e-10       38938.95 
34360000      885  1.7029948e-10       38953.07 
34370000      885  3.6681012e-10      38967.907 
34380000      885  3.2061738e-10      38981.855 
34390000      885  2.5674474e-10      38996.081 
34400000      885  1.1705705e-10      39010.368 
34410000      885  1.2613003e-10      39025.298 
34420000      885  1.6362299e-09      39039.498 
34430000      885  6.2957083e-10      39054.219 
34440000      885  3.1403395e-10      39068.513 
34450000      885  3.7463642e-10      39082.329 
34460000      885  3.3508559e-10      39096.213 
34470000      885  2.4251866e-10      39110.197 
34480000      885  3.1807584e-10      39124.253 
34490000      885  1.1937621e-10      39138.923 
34500000      885  1.3805498e-10      39153.637 
34510000      885   9.224383e-11      39167.488 
34520000      885  7.9679394e-11      39181.388 
34530000      885  2.0394181e-10      39195.742 
34540000      885  8.5698913e-10       39210.02 
34550000      885  3.3748467e-10      39224.127 
34560000      885  5.9381787e-10      39238.154 
34570000      885  4.2081977e-10      39252.216 
34580000      885  2.5413339e-10      39266.163 
34590000      885  8.7640678e-10      39280.072 
34600000      885  4.2591758e-10       39294.05 
34610000      885  4.4663588e-10      39309.038 
34620000      885  4.2947306e-10      39323.868 
34630000      885  2.7578085e-10      39338.031 
34640000      885  2.2167635e-10       39352.25 
34650000      885  1.6936252e-10      39366.489 
34660000      885  2.3603832e-10      39380.776 
34670000      885  2.7369558e-09      39395.205 
34680000      885  2.0780409e-08       39409.73 
34690000      885  2.7250293e-10      39424.522 
34700000      885   2.192431e-10        39439.8 
34710000      885  2.0986526e-10      39454.271 
34720000      885  1.4593469e-09      39468.656 
34730000      885  4.3693523e-10      39482.935 
34740000      885  8.0007023e-10      39497.777 
34750000      885  7.5885261e-09      39512.017 
34760000      885  6.5566303e-10      39526.429 
34770000      885  7.0486817e-10        39540.8 
34780000      885  6.9651649e-10      39555.936 
34790000      885  3.1825845e-10      39570.862 
34800000      885  1.7415397e-10      39585.557 
34810000      885  1.3968402e-10      39600.076 
34820000      885  1.4619067e-10      39614.513 
34830000      885  9.7256556e-11      39630.362 
34840000      885  8.8991875e-11      39646.198 
34850000      885  7.4022154e-11      39660.961 
34860000      885  7.5508808e-10      39676.462 
34870000      885  2.1389244e-10      39691.384 
34880000      885  1.8885557e-10      39707.103 
34890000      885  1.1247794e-09      39722.154 
34900000      885   3.446983e-10      39737.249 
34910000      885  2.2128951e-10      39752.136 
34920000      885  1.7815728e-10      39767.037 
34930000      885  1.4636728e-09      39781.978 
34940000      885  1.2656896e-09      39796.977 
34950000      885  1.7532502e-10      39812.022 
34960000      885   1.362084e-09      39827.061 
34970000      885  9.1846868e-10      39843.191 
34980000      885  9.5606339e-10       39859.17 
34990000      885  6.0622021e-10      39874.421 
35000000      885  2.2205438e-10      39889.806 
35010000      885  1.8793153e-10      39905.127 
35020000      885  2.2100369e-08      39920.377 
35030000      885  1.8157559e-10      39935.876 
35040000      885  3.5418234e-10      39951.293 
35050000      885  4.0558291e-10      39967.587 
35060000      885  4.3032271e-10      39982.947 
35070000      885  1.4819622e-08      39998.307 
35080000      885  1.4853054e-10      40013.461 
35090000      885  7.7814124e-11      40028.647 
35100000      885  6.8530809e-11      40044.551 
35110000      885  7.0565316e-11       40059.77 
35120000      885  1.2726788e-10       40075.14 
35130000      885  9.6574211e-11      40090.891 
35140000      885  1.5426858e-10      40106.784 
35150000      885  1.2942634e-09       40122.35 
35160000      885   3.066571e-10      40137.906 
35170000      885  2.7957632e-10      40153.364 
35180000      885  1.4296075e-10      40168.844 
35190000      885  1.5051971e-10      40184.234 
35200000      885  7.7147479e-11      40199.732 
35210000      885  6.3566919e-10      40215.706 
35220000      885  4.0827069e-10       40231.23 
35230000      885  1.2582518e-10      40247.516 
35240000      885  1.4312374e-10      40262.933 
35250000      885  8.3805886e-11      40278.269 
35260000      885  1.7684165e-09      40293.601 
35270000      885  2.7379449e-09      40308.994 
35280000      885  1.6291674e-10      40324.317 
35290000      885  1.5865215e-10      40339.581 
35300000      885  5.9863914e-09      40354.997 
35310000      885  1.8562894e-08      40370.456 
35320000      885  8.9918052e-11      40385.683 
35330000      885  9.8717497e-11      40402.125 
35340000      885  2.1321424e-10      40418.466 
35350000      885  2.6423563e-10      40434.102 
35360000      885  1.8498433e-10      40449.757 
35370000      885  1.3858729e-10      40465.375 
35380000      885  1.8929927e-10      40480.985 
35390000      885  1.2782005e-10      40496.489 
35400000      885  1.4525952e-10      40512.127 
35410000      885  2.2461654e-10      40527.652 
35420000      885  1.6250769e-10      40544.012 
35430000      885  1.2139761e-09      40559.554 
35440000      885  3.4612904e-10      40575.606 
35450000      885  2.7280092e-09      40590.903 
35460000      885  3.2321274e-10      40606.198 
35470000      885  4.1100224e-10      40621.316 
35480000      885  5.5394876e-10       40636.56 
35490000      885  1.7724915e-10      40651.974 
35500000      885  1.4585985e-10      40667.351 
35510000      885  1.1081963e-09      40682.862 
35520000      885  2.4949416e-10      40698.905 
35530000      885  1.4269816e-10      40714.101 
35540000      885  2.1250517e-10      40729.347 
35550000      885  2.3560342e-10      40744.835 
35560000      885  2.9320915e-10       40761.01 
35570000      885  1.2307224e-10      40776.167 
35580000      885  1.3870825e-10      40791.288 
35590000      885   1.626341e-10      40806.453 
35600000      885  1.2081691e-10        40821.8 
35610000      885  1.4076231e-09      40837.667 
35620000      885  1.6157718e-10      40852.742 
35630000      885  4.1508259e-10      40867.883 
35640000      885  3.1246703e-10      40882.928 
35650000      885  3.5213088e-10      40898.043 
35660000      885   2.665359e-10      40913.171 
35670000      885  1.7437674e-10      40928.269 
35680000      885  1.1791547e-10      40944.127 
35690000      885  9.9894709e-11      40959.064 
35700000      885  1.5204533e-10      40974.451 
35710000      885  1.3066429e-10      40989.746 
35720000      885  1.2014551e-10      41004.568 
35730000      885  2.7210116e-10      41019.311 
35740000      885  1.6479296e-10      41034.003 
35750000      885  1.7193672e-10      41048.603 
35760000      885  1.9299285e-10      41063.036 
35770000      885  8.9031039e-11       41077.42 
35780000      885  1.0611128e-10      41091.874 
35790000      885  1.5976635e-10      41107.157 
35800000      885  1.7752966e-10      41122.497 
35810000      885  8.2712466e-11      41137.042 
35820000      885  1.1369602e-09      41151.594 
35830000      885   2.995303e-09       41166.07 
35840000      885  1.1607734e-09       41180.66 
35850000      885  5.2752536e-10       41195.13 
35860000      885  7.7781995e-10      41209.418 
35870000      885  8.3075723e-10      41223.743 
35880000      885  5.0003114e-10      41238.963 
35890000      885  5.4544928e-10      41253.315 
35900000      885  3.1554461e-10      41267.563 
35910000      885  1.9789133e-10      41281.735 
35920000      885  2.4617679e-10      41296.389 
35930000      885   2.118394e-10      41310.645 
35940000      885  2.2274139e-10      41324.869 
35950000      885  1.0105475e-08      41339.062 
35960000      885  3.3981415e-10      41353.722 
35970000      885  3.0633204e-10      41368.614 
35980000      885  7.2845017e-10       41383.15 
35990000      885  8.6541793e-09      41397.692 
36000000      885  6.0051643e-10      41412.526 
36010000      885  4.3275672e-10      41426.861 
36020000      885  5.8769471e-10      41441.138 
36030000      885  3.1918198e-10      41455.415 
36040000      885  3.3359679e-10      41469.862 
36050000      885  5.3530703e-10      41485.035 
36060000      885  2.4107859e-10      41499.511 
36070000      885  1.8071223e-10      41514.544 
36080000      885  1.0654705e-10      41529.138 
36090000      885  9.7303284e-11      41543.442 
36100000      885  1.3831274e-10      41558.154 
36110000      885  1.6892714e-09      41572.588 
36120000      885  2.7262462e-10      41587.131 
36130000      885  3.0492962e-10      41601.684 
36140000      885  2.3323772e-10      41616.055 
36150000      885  1.1672604e-10      41630.388 
36160000      885    1.36525e-10      41645.706 
36170000      885  1.1635208e-10      41661.023 
36180000      885  1.2033705e-10      41675.587 
36190000      885  2.3327054e-10      41690.206 
36200000      885  4.7861137e-11      41704.986 
36210000      885  5.4478179e-11       41719.55 
36220000      885  7.1656347e-10      41734.095 
36230000      885  9.8622577e-11      41748.679 
36240000      885  3.0288292e-10      41763.226 
36250000      885  5.1547169e-10      41778.822 
36260000      885  2.4088309e-10      41793.642 
36270000      885  4.9391958e-10      41807.969 
36280000      885  1.6670135e-10      41822.194 
36290000      885  8.5449123e-10      41837.307 
36300000      885  9.2999413e-10       41851.84 
36310000      885  1.0839143e-10      41866.322 
36320000      885  1.2283343e-10      41881.048 
36330000      885  2.9712777e-09      41896.371 
36340000      885  3.3185401e-10      41912.384 
36350000      885  4.0173024e-10      41927.345 
36360000      885  4.2578571e-10      41942.249 
36370000      885  8.6462238e-11      41957.105 
36380000      885  6.1836021e-11      41971.888 
36390000      885  4.5048817e-10      41986.653 
36400000      885   2.853132e-10      42001.529 
36410000      885  3.7258031e-10      42017.559 
36420000      885  3.3018173e-09      42032.565 
36430000      885  2.4373635e-10        42047.5 
36440000      885  1.7268392e-10      42062.217 
36450000      885  1.4052277e-10      42077.952 
36460000      885  2.8143093e-10      42093.223 
36470000      885  1.1855049e-10      42107.871 
36480000      885  1.5757488e-10      42122.748 
36490000      885  1.0819606e-10      42137.696 
36500000      885  1.5225468e-10      42152.695 
36510000      885  8.9096246e-11      42167.633 
36520000      885  1.2479657e-10      42182.628 
36530000      885  1.5701345e-10      42198.966 
36540000      885  2.7421258e-10       42213.92 
36550000      885  3.8904993e-10      42228.623 
36560000      885  2.6267008e-10      42243.129 
36570000      885   1.466545e-10      42257.657 
36580000      885  1.2508334e-10      42272.173 
36590000      885  9.8603983e-11      42286.557 
36600000      885  8.5399373e-11      42301.177 
36610000      885  1.0433192e-10      42315.553 
36620000      885  1.3784719e-10      42329.936 
36630000      885  1.5075646e-10      42344.912 
36640000      885  1.0658647e-10      42359.951 
36650000      885  1.3095733e-10      42375.005 
36660000      885  9.7226872e-11      42389.441 
36670000      885  8.1445117e-11      42403.829 
36680000      885  9.4086721e-11      42418.398 
36690000      885  1.4678857e-10      42432.993 
36700000      885  1.1581494e-10      42447.568 
36710000      885  9.7852635e-11      42462.069 
36720000      885  9.4891742e-11      42476.927 
36730000      885  3.0703408e-10      42491.807 
36740000      885   2.290468e-09       42506.31 
36750000      885  2.1325904e-10      42520.804 
36760000      885  4.1064644e-10       42535.07 
36770000      885  3.0783793e-10      42549.422 
36780000      885  8.7537995e-11      42564.356 
36790000      885  1.1730102e-10      42578.487 
36800000      885  7.0819365e-11      42592.741 
36810000      885  1.3743193e-10      42606.818 
36820000      885   1.125255e-10      42620.941 
36830000      885  5.9424492e-11      42635.886 
36840000      885  6.9161919e-11      42649.931 
36850000      885  1.2141819e-10      42663.985 
36860000      885  2.1906661e-10       42678.11 
36870000      885  1.3291674e-10      42692.059 
36880000      885  1.4244699e-10      42705.999 
36890000      885  4.7060185e-11      42719.813 
36900000      885  5.0526709e-11      42734.396 
36910000      885   9.215282e-11      42748.302 
36920000      885  1.0133693e-10      42762.272 
36930000      885  8.5934432e-11      42776.325 
36940000      885  4.1559616e-11      42791.241 
36950000      885  7.6036598e-11      42805.083 
36960000      885  8.7139595e-11      42818.741 
36970000      885  5.8372101e-11      42832.456 
36980000      885  4.5006459e-11      42846.094 
36990000      885  5.8761117e-11      42859.868 
37000000      885  5.9247938e-11      42873.643 
37010000      885  7.7263094e-11      42887.266 
37020000      885  1.5659399e-10      42900.747 
37030000      885  7.0160908e-11      42914.804 
37040000      885  9.4845109e-11      42928.386 
37050000      885  2.0053192e-10      42942.507 
37060000      885  5.6452019e-10      42955.663 
37070000      885  3.8489943e-10      42968.783 
37080000      885  3.2768359e-10      42981.984 
37090000      885  3.6893502e-10      42995.319 
37100000      885    1.82318e-10      43008.503 
37110000      885  1.5508195e-10      43021.667 
37120000      885  2.2433705e-10       43035.05 
37130000      885  3.1496714e-10       43048.69 
37140000      885  2.3578429e-10      43061.956 
37150000      885  2.1192672e-10      43076.265 
37160000      885  1.0655359e-09      43089.727 
37170000      885  4.0797243e-10      43103.643 
37180000      885  1.9800196e-10      43116.901 
37190000      885  2.5791645e-10       43129.99 
37200000      885   8.426996e-10      43143.287 
37210000      885  2.1174898e-10       43156.36 
37220000      885  1.7660452e-10       43169.31 
37230000      885  2.0990009e-10      43182.365 
37240000      885  1.3183704e-10      43196.347 
37250000      885  1.6325105e-10      43209.543 
37260000      885  1.8858733e-10      43222.612 
37270000      885  9.2988241e-11      43235.491 
37280000      885  1.8296845e-09      43248.599 
37290000      885  2.1987948e-09      43261.759 
37300000      885  4.6219272e-09       43275.62 
37310000      885  1.7196451e-09      43288.672 
37320000      885  2.1833141e-09      43301.703 
37330000      885  2.5254316e-10      43315.158 
37340000      885  2.7436783e-10      43329.285 
37350000      885  3.2982091e-09      43342.137 
37360000      885  2.2486658e-09      43355.607 
37370000      885  2.7217616e-09      43368.571 
37380000      885  1.1332361e-09      43381.361 
37390000      885  4.5672816e-10      43394.301 
37400000      885  2.7289514e-10       43407.31 
37410000      885  3.4917749e-10      43420.305 
37420000      885  1.0547371e-09      43433.298 
37430000      885  3.3379568e-10      43446.869 
37440000      885  3.4659813e-10      43461.054 
37450000      885  8.3804259e-10      43474.003 
37460000      885  2.3668168e-10      43486.829 
37470000      885  1.2517558e-09      43499.759 
37480000      885  1.1252259e-09       43512.49 
37490000      885   3.865209e-10      43525.344 
37500000      885  2.1866785e-10      43538.144 
37510000      885  2.8057354e-10      43551.122 
37520000      885  2.5849108e-10       43564.06 
37530000      885  2.2286693e-10      43577.998 
37540000      885  1.9888049e-10      43591.143 
37550000      885  1.9404826e-10      43604.173 
37560000      885  8.9712639e-11      43616.951 
37570000      885  6.6677809e-11       43629.82 
37580000      885  7.5214672e-11      43643.366 
37590000      885  3.5038844e-10      43656.692 
37600000      885  2.1278276e-10       43669.79 
37610000      885  1.9603559e-10      43682.743 
37620000      885  1.0410104e-10      43695.596 
37630000      885  1.6836659e-10      43709.503 
37640000      885  1.7749868e-10      43722.339 
37650000      885  3.4178836e-10      43735.132 
37660000      885  1.0693115e-10      43747.819 
37670000      885  1.4713819e-10       43760.56 
37680000      885  2.7970175e-09      43773.498 
37690000      885  3.7807733e-10      43786.474 
37700000      885  4.0592481e-10      43799.386 
37710000      885  4.8587355e-10      43812.348 
37720000      885  3.3162739e-10      43826.425 
37730000      885    4.74519e-10      43840.086 
37740000      885   1.553073e-10      43853.027 
37750000      885  1.3052784e-10      43866.029 
37760000      885  1.5534937e-10      43879.009 
37770000      885  1.8926892e-10      43892.022 
37780000      885  1.4249064e-10      43904.814 
37790000      885  8.6064915e-11      43917.606 
37800000      885  9.1068541e-11      43930.529 
37810000      885  5.8517699e-11      43943.301 
37820000      885  4.4185567e-11      43956.527 
37830000      885  4.0202015e-11      43969.822 
37840000      885  4.0699322e-11      43982.591 
37850000      885  5.8764637e-11      43996.024 
37860000      885  5.5914136e-11      44008.775 
37870000      885  8.4193389e-11      44021.613 
37880000      885  1.2419593e-10      44034.621 
37890000      885  7.7239257e-11      44047.727 
37900000      885  1.4786266e-10       44060.75 
37910000      885   6.599825e-11      44073.598 
37920000      885   4.140197e-11      44087.219 
37930000      885  4.0429326e-11      44099.873 
37940000      885  4.4739589e-11      44112.412 
37950000      885  4.6933175e-11      44124.912 
37960000      885  4.5894087e-11      44137.452 
37970000      885  4.1020978e-11      44150.007 
37980000      885  6.7285898e-11      44162.482 
37990000      885  6.6907709e-11      44175.592 
38000000      885  4.9637136e-11      44188.178 
38010000      885  6.9511526e-11      44200.577 
38020000      885  8.1223317e-11      44213.975 
38030000      885  5.4741684e-11      44226.458 
38040000      885  7.5271349e-11      44238.845 
38050000      885   9.674646e-11      44251.097 
38060000      885  6.0844068e-11      44263.454 
38070000      885   6.640255e-11      44275.784 
38080000      885  1.1666645e-10      44288.107 
38090000      885  7.4935016e-11      44300.402 
38100000      885  6.5711605e-11       44312.68 
38110000      885  4.8446927e-11      44325.066 
38120000      885  6.9890016e-11      44338.448 
38130000      885  6.0113094e-11      44350.759 
38140000      885  6.4881701e-11      44363.693 
38150000      885  5.7006188e-11      44375.912 
38160000      885  5.6530581e-11      44388.168 
38170000      885  8.4820733e-11      44400.279 
38180000      885  1.4631771e-10      44412.501 
38190000      885  7.3076323e-11      44424.734 
38200000      885  6.2035955e-11      44437.238 
38210000      885  5.6833876e-11      44449.461 
38220000      885  8.3544927e-11      44462.053 
38230000      885  1.1576147e-10      44474.746 
38240000      885  6.3842281e-11      44486.905 
38250000      885  2.6594378e-10      44499.077 
38260000      885  1.1786728e-10      44511.124 
38270000      885  7.3904504e-11      44523.184 
38280000      885  8.4501297e-11      44536.011 
38290000      885  9.0000423e-11       44547.92 
38300000      885  5.0841293e-11      44559.776 
38310000      885   1.657797e-10      44571.523 
38320000      885  1.0710349e-10      44583.226 
38330000      885  7.6842934e-11      44595.462 
38340000      885  5.1047006e-11      44607.725 
38350000      885   6.930198e-11      44619.438 
38360000      885  1.7346518e-10      44630.971 
38370000      885  1.0040097e-10      44642.479 
38380000      885  1.5963708e-10      44654.056 
38390000      885  1.7511487e-10      44665.696 
38400000      885  1.2265519e-10      44677.354 
38410000      885  1.1133026e-10      44688.777 
38420000      885  1.1160666e-10      44700.214 
38430000      885   1.072043e-10      44711.756 
38440000      885  1.1696635e-10      44724.525 
38450000      885  1.7308959e-10      44736.447 
38460000      885   2.108753e-10      44747.822 
38470000      885  6.0250026e-10       44759.26 
38480000      885  3.9547645e-10      44771.184 
38490000      885  2.7678665e-10      44782.902 
38500000      885  2.8957333e-10      44794.681 
38510000      885  2.9196374e-10      44806.478 
38520000      885  2.6313106e-10      44818.252 
38530000      885  1.2620861e-10      44829.923 
38540000      885  1.3842581e-10      44842.107 
38550000      885  1.2252539e-10      44854.322 
38560000      885  1.5605368e-10       44876.71 
38570000      885  3.7133543e-10      44889.839 
38580000      885   2.546979e-10      44902.292 
38590000      885  2.2785174e-10      44913.984 
38600000      885   3.428592e-10      44925.769 
38610000      885  3.9826835e-10      44937.848 
38620000      885  1.9375666e-10      44949.677 
38630000      885  7.9989481e-10      44961.641 
38640000      885  3.4966921e-10       44973.51 
38650000      885    4.05382e-10      44986.415 
38660000      885  4.3102896e-10      44998.574 
38670000      885  5.6234782e-10      45010.791 
38680000      885  8.1886897e-10      45022.856 
38690000      885  5.6823877e-10      45035.203 
38700000      885  4.5272001e-10      45047.184 
38710000      885  3.2556628e-10      45059.155 
38720000      885  3.0830903e-10      45071.063 
38730000      885  1.5931317e-10      45083.546 
38740000      885  8.8416105e-11      45095.251 
38750000      885  2.9430856e-10      45107.447 
38760000      885  9.5474097e-11      45120.015 
38770000      885  8.5576407e-11      45131.719 
38780000      885  1.0791754e-10      45143.373 
38790000      885    2.79693e-10      45155.206 
38800000      885  9.2941611e-10      45167.566 
38810000      885  6.9331649e-11      45179.605 
38820000      885  6.4719902e-11      45191.466 
38830000      885  6.5513589e-11      45203.261 
38840000      885  6.7626763e-11       45215.05 
38850000      885  9.9319425e-11       45226.88 
38860000      885   1.035566e-10      45239.669 
38870000      885  2.1890973e-10      45251.821 
38880000      885   9.472661e-11      45264.316 
38890000      885  1.2882831e-10      45276.127 
38900000      885  1.8551813e-10      45288.007 
38910000      885  3.2499954e-10      45300.021 
38920000      885  8.8551094e-09      45311.968 
38930000      885  2.8105914e-10      45323.837 
38940000      885  2.5602737e-10      45335.647 
38950000      885  3.1394029e-10      45347.521 
38960000      885  1.2575767e-10      45359.279 
38970000      885  7.7065258e-11       45371.92 
38980000      885  6.6363579e-11      45383.751 
38990000      885  1.1064765e-10      45395.533 
39000000      885  1.1560115e-10      45407.572 
39010000      885  2.4212286e-10      45419.559 
39020000      885  6.5607286e-11      45431.466 
39030000      885  1.6926986e-10      45443.988 
39040000      885  7.7654333e-11      45455.886 
39050000      885  1.0363003e-10       45467.63 
39060000      885  1.1469765e-10       45479.42 
39070000      885  2.4075326e-10      45491.539 
39080000      885  5.4436054e-11      45503.964 
39090000      885  4.7210974e-11       45515.55 
39100000      885  7.4583026e-11      45527.209 
39110000      885  8.6133802e-11      45539.005 
39120000      885  1.0084723e-10      45550.829 
39130000      885  5.7358821e-11      45562.549 
39140000      885  6.5637358e-11      45574.305 
39150000      885  1.1966969e-09      45586.972 
39160000      885  1.5899128e-10      45599.263 
39170000      885  2.9176369e-10      45611.809 
39180000      885  4.2372266e-10      45625.541 
39190000      885  2.9163903e-10      45637.718 
39200000      885  2.1241627e-10      45650.052 
39210000      885  4.9205926e-10      45662.098 
39220000      885  1.1480147e-10       45674.13 
39230000      885  7.2732002e-11      45686.507 
39240000      885  4.8612157e-11      45698.341 
39250000      885  4.8821871e-11      45710.134 
39260000      885  5.4887642e-11      45721.999 
39270000      885  4.1037791e-10      45734.177 
39280000      885  1.8068008e-10      45746.722 
39290000      885  1.7685878e-10      45759.571 
39300000      885  5.8100514e-11      45771.823 
39310000      885  8.5594726e-11      45783.932 
39320000      885  1.1337151e-10      45796.838 
39330000      885  1.4432913e-10      45809.219 
39340000      885  1.0816436e-10      45821.569 
39350000      885  1.8224364e-10      45834.004 
39360000      885  8.2883121e-11      45846.305 
39370000      885  7.9087303e-11      45858.624 
39380000      885  6.6556968e-11      45870.862 
39390000      885  5.9646497e-11      45883.933 
39400000      885  7.3621984e-11       45896.32 
39410000      885  5.6976418e-11      45908.465 
39420000      885  6.4784196e-11       45920.63 
39430000      885  9.0996516e-11      45932.887 
39440000      885  8.1971028e-11      45945.149 
39450000      885  1.0503326e-10      45957.445 
39460000      885  1.0048468e-10      45969.783 
39470000      885  1.0358622e-10      45982.895 
39480000      885  6.5460808e-11      45995.257 
39490000      885  5.7341829e-11       46008.76 
39500000      885  6.9149212e-11      46021.282 
39510000      885  5.2028192e-11      46033.782 
39520000      885   6.798852e-11      46046.286 
39530000      885   5.611677e-11      46058.835 
39540000      885  4.9773972e-11      46071.421 
39550000      885   7.296934e-11      46084.034 
39560000      885  7.9007486e-11      46096.709 
39570000      885  5.1992538e-11      46109.349 
39580000      885  1.2256559e-10      46122.103 
39590000      885  7.8210438e-11      46135.762 
39600000      885  9.3251928e-11      46148.823 
39610000      885  1.1818497e-10      46162.399 
39620000      885  1.1702208e-10      46175.362 
39630000      885  1.0028984e-10      46188.364 
39640000      885  6.6985421e-11      46201.416 
39650000      885  6.6437754e-11      46214.613 
39660000      885  8.1738695e-11      46227.807 
39670000      885  8.0853244e-11      46241.099 
39680000      885  3.4975031e-09      46254.423 
39690000      885  1.5216214e-09      46268.711 
39700000      885   9.872556e-11      46282.036 
39710000      885  2.8614051e-10      46295.356 
39720000      885  1.3968862e-10      46308.708 
39730000      885  1.2017875e-10      46322.129 
39740000      885  2.6586567e-09      46336.395 
39750000      885  1.6707145e-09      46350.059 
39760000      885  5.1934514e-09      46363.709 
39770000      885  3.3889707e-10      46377.545 
39780000      885  5.1560087e-10      46392.292 
39790000      885  6.2266988e-10      46406.132 
39800000      885  1.5608519e-08      46419.982 
39810000      885  6.4250081e-10      46433.759 
39820000      885  3.4397465e-10      46447.896 
39830000      885  1.0692885e-09      46461.798 
39840000      885  1.8572272e-09       46475.71 
39850000      885  2.3250105e-10      46489.621 
39860000      885  2.0158661e-10      46503.544 
39870000      885  2.0911018e-10      46518.977 
39880000      885    7.10341e-10       46532.95 
39890000      885  1.0232278e-10      46546.813 
39900000      885  1.0756636e-10      46560.571 
39910000      885  5.0901242e-10      46574.293 
39920000      885  9.7043389e-11      46588.012 
39930000      885  1.1158592e-10      46601.789 
39940000      885  1.6970899e-10      46615.659 
39950000      885  1.8399501e-10      46629.579 
39960000      885  2.6500919e-10      46644.486 
39970000      885  1.1563182e-09      46658.541 
39980000      885  2.2455562e-09      46672.618 
39990000      885   5.666953e-09      46686.837 
40000000      885   1.168558e-10      46701.702 
40010000      885  2.3488287e-09      46716.319 
40020000      885  1.7639304e-08       46730.41 
40030000      885  2.5283524e-10      46744.454 
40040000      885  1.0422618e-09      46758.454 
40050000      885  1.3384711e-09      46773.466 
40060000      885  3.9583892e-10      46787.776 
40070000      885  2.5531905e-10      46801.789 
40080000      885  1.2429292e-10       46815.75 
40090000      885  3.1245068e-10      46829.768 
40100000      885  4.5546037e-10      46844.137 
40110000      885  2.4190851e-10      46858.333 
40120000      885  2.3863387e-10      46872.409 
40130000      885  1.2840295e-10      46887.221 
40140000      885  1.7885104e-10      46902.197 
40150000      885   2.788916e-10      46916.379 
40160000      885  1.0169892e-09      46930.495 
40170000      885  1.8230513e-10      46944.581 
40180000      885  2.0722733e-10      46958.575 
40190000      885  2.8641573e-10      46972.597 
40200000      885  2.4880175e-10      46986.688 
40210000      885  1.1454423e-10      47000.644 
40220000      885  3.5246401e-10      47014.487 
40230000      885  8.8186661e-11      47029.435 
40240000      885  1.3871852e-10      47043.412 
40250000      885  8.5244079e-11      47058.077 
40260000      885  5.7686829e-11      47071.887 
40270000      885  5.0958252e-11      47085.731 
40280000      885  4.6421996e-11      47099.518 
40290000      885  4.8247917e-11      47113.349 
40300000      885   6.795668e-10      47127.264 
40310000      885   6.447456e-11      47141.373 
40320000      885  8.6027337e-11      47155.991 
40330000      885  1.6613334e-10      47169.959 
40340000      885  2.0167522e-10      47184.046 
40350000      885  8.9917905e-11       47198.06 
40360000      885  6.1162383e-11      47211.953 
40370000      885  8.7367263e-11      47225.748 
40380000      885    3.67252e-10      47240.328 
40390000      885  6.9850787e-11      47254.242 
40400000      885  8.7759553e-11       47268.17 
40410000      885  7.6543827e-11      47282.038 
40420000      885  5.3416421e-11      47296.859 
40430000      885   9.518506e-11      47310.829 
40440000      885   9.062477e-11      47324.969 
40450000      885  1.1110413e-10      47339.223 
40460000      885   6.692902e-11       47353.38 
40470000      885  4.8292672e-11      47367.531 
40480000      885  4.4102038e-11      47381.555 
40490000      885  4.2114063e-11      47395.557 
40500000      885  4.6226542e-11      47409.548 
40510000      885  4.1356461e-11      47424.957 
40520000      885  4.8349272e-11      47438.863 
40530000      885  4.1119834e-11      47452.746 
40540000      885  6.3946028e-11      47466.592 
40550000      885  4.5029258e-11      47480.423 
40560000      885  5.7696677e-11      47494.298 
40570000      885  7.5328749e-11      47508.318 
40580000      885  1.4978873e-10      47522.479 
40590000      885  8.6704435e-11      47536.724 
40600000      885  8.2512379e-09      47552.153 
40610000      885  4.5343456e-10      47566.644 
40620000      885  3.1438394e-10      47580.855 
40630000      885  1.5899767e-10      47595.677 
40640000      885  8.2196904e-11      47609.855 
40650000      885  5.3255779e-11      47623.896 
40660000      885  1.0263634e-10       47637.98 
40670000      885  4.8625202e-11      47651.926 
40680000      885  6.0961162e-11      47666.086 
40690000      885  4.5632275e-11      47680.776 
40700000      885   4.062545e-11      47694.634 
40710000      885  4.1270175e-11      47708.429 
40720000      885    4.14717e-11      47722.185 
40730000      885  3.8828115e-11      47735.979 
40740000      885  3.8656596e-11      47749.839 
40750000      885  4.6899287e-11      47763.725 
40760000      885  7.3735957e-11       47778.49 
40770000      885  5.4322367e-11      47792.557 
40780000      885  7.5859516e-11      47807.749 
40790000      885  4.6079213e-11      47822.045 
40800000      885  6.2232124e-11      47836.364 
40810000      885  3.8212247e-11      47850.541 
40820000      885  5.1795171e-11      47864.726 
40830000      885  4.0603497e-11      47878.969 
40840000      885  4.8300462e-11      47893.144 
40850000      885    7.54612e-11      47907.366 
40860000      885  7.0313048e-11       47922.37 
40870000      885  6.5210296e-11      47937.087 
40880000      885  3.8037919e-11      47951.389 
40890000      885  3.8411442e-11      47966.395 
40900000      885  6.6059675e-11      47980.865 
40910000      885  6.9532892e-11      47995.494 
40920000      885  4.9081453e-11      48010.014 
40930000      885  4.7522079e-11      48024.583 
40940000      885  7.4607272e-11       48039.32 
40950000      885  4.5729712e-11      48054.955 
40960000      885  5.3056942e-11      48069.823 
40970000      885  5.3973974e-11      48084.625 
40980000      885  5.5569711e-11      48099.496 
40990000      885  6.1681092e-11      48114.372 
41000000      885  4.3111765e-11      48129.438 
41010000      885  5.5675769e-11      48144.994 
41020000      885  4.8205128e-11      48159.895 
41030000      885  4.4997764e-11      48175.695 
41040000      885  4.2661461e-11      48190.767 
41050000      885  8.6119926e-11      48205.727 
41060000      885  5.8074008e-11      48220.807 
41070000      885  8.5162388e-11      48235.931 
41080000      885  4.5416813e-11      48251.059 
41090000      885  5.8885501e-11      48266.216 
41100000      885  4.7916511e-11      48281.376 
41110000      885  4.7711001e-11      48296.584 
41120000      885  4.1296323e-11      48312.885 
41130000      885  4.2825807e-11      48328.953 
41140000      885  4.1721327e-11      48344.342 
41150000      885  4.0144228e-11      48359.808 
41160000      885  4.9792461e-11      48375.229 
41170000      885  4.6443058e-11      48390.606 
41180000      885  4.0376121e-11      48406.025 
41190000      885  7.5682623e-11      48421.355 
41200000      885  4.0177735e-11       48437.71 
41210000      885   4.834503e-11      48453.094 
41220000      885  4.8602053e-11      48468.478 
41230000      885  8.0143728e-11      48483.843 
41240000      885  5.2862199e-11      48499.851 
41250000      885   4.689225e-11      48515.243 
41260000      885   5.326112e-11      48530.704 
41270000      885  5.0564537e-11      48546.173 
41280000      885   4.339648e-11      48562.564 
41290000      885  5.6419281e-11      48578.242 
41300000      885  5.7752193e-11      48593.976 
41310000      885  6.4334991e-11      48609.643 
41320000      885  9.6025768e-11      48625.301 
41330000      885  4.5588803e-11      48640.839 
41340000      885  8.7950109e-10       48656.32 
41350000      885  1.5130021e-09      48672.266 
41360000      885  2.2522994e-10      48689.465 
41370000      885   1.782007e-10      48705.107 
41380000      885  1.5897747e-10      48720.694 
41390000      885  9.5479228e-11      48736.277 
41400000      885  1.1266919e-10      48751.982 
41410000      885  8.9419343e-11      48767.531 
41420000      885  3.1511338e-10      48783.133 
41430000      885  1.8505945e-10      48798.779 
41440000      885  1.8274119e-10      48814.401 
41450000      885  1.2599049e-10      48830.973 
41460000      885  9.4518205e-11      48846.635 
41470000      885  1.0236408e-10      48862.945 
41480000      885  9.1567526e-11       48878.48 
41490000      885  2.4280112e-10      48893.944 
41500000      885  9.0551455e-11       48909.43 
41510000      885   1.263958e-10       48924.99 
41520000      885  9.0719291e-11       48940.48 
41530000      885   6.674299e-11      48955.847 
41540000      885  7.8078136e-10      48971.712 
41550000      885  4.8983165e-10      48987.902 
41560000      885  2.3915912e-10      49003.276 
41570000      885  3.6811065e-10      49018.735 
41580000      885  3.0006753e-10      49034.894 
41590000      885  2.0118275e-10      49050.452 
41600000      885  1.1083278e-10      49066.187 
41610000      885  1.4588602e-10      49081.693 
41620000      885  4.5316766e-11      49097.202 
41630000      885   7.190841e-10      49112.451 
41640000      885  2.0039087e-10      49128.726 
41650000      885  1.2684916e-10      49144.096 
41660000      885  7.1821173e-11      49159.226 
41670000      885  8.0609759e-11      49174.247 
41680000      885  5.2639398e-11      49189.223 
41690000      885  5.0410177e-11      49204.242 
41700000      885  4.4155059e-11      49220.486 
41710000      885  3.7860465e-11      49235.371 
41720000      885  3.8165672e-11      49251.201 
41730000      885  3.8701615e-11      49266.212 
41740000      885  4.2394608e-11      49281.669 
41750000      885  3.7764539e-11      49296.654 
41760000      885  4.3535293e-11      49311.624 
41770000      885  4.2453941e-11      49326.569 
41780000      885  4.3893149e-11      49341.507 
41790000      885  4.1734301e-11       49356.38 
41800000      885  3.8158468e-11      49371.431 
41810000      885  4.1043762e-11      49387.154 
41820000      885  4.8252041e-11       49402.67 
41830000      885  4.0631366e-11      49417.313 
41840000      885  4.1974603e-11      49431.852 
41850000      885  5.6172111e-11      49446.348 
41860000      885  6.8435663e-11      49460.885 
41870000      885  4.8754824e-11      49475.294 
41880000      885  4.4626668e-11      49489.755 
41890000      885   1.028081e-10      49504.147 
41900000      885  4.2319748e-11      49519.525 
41910000      885  3.9542634e-11      49533.968 
41920000      885  3.8410116e-11      49548.438 
41930000      885  7.2671168e-11      49562.897 
41940000      885  1.1504225e-10      49578.091 
41950000      885   4.204691e-11      49592.536 
41960000      885  4.0792692e-11      49606.988 
41970000      885  8.2585687e-11      49621.311 
41980000      885  6.7002645e-11      49635.555 
41990000      885  5.1263432e-11      49649.859 
42000000      885  5.2292483e-11      49664.349 
42010000      885     4.3538e-11      49679.297 
42020000      885   3.894736e-11      49693.398 
42030000      885  4.3690761e-11      49707.533 
42040000      885  3.8988128e-11      49721.596 
42050000      885  3.7981121e-11      49735.646 
42060000      885   3.971626e-11      49749.726 
42070000      885  9.5470199e-11      49764.529 
42080000      885  6.0626278e-11      49778.686 
42090000      885  4.6525727e-11      49792.876 
42100000      885  3.9426008e-11      49807.122 
42110000      885  3.8863486e-11      49821.364 
42120000      885  5.1166488e-11      49836.524 
42130000      885  4.3321031e-11      49850.721 
42140000      885  4.3600384e-11      49864.941 
42150000      885  3.7982206e-11      49879.097 
42160000      885  3.7967966e-11      49893.257 
42170000      885  4.6257243e-11        49907.4 
42180000      885  3.9691628e-11      49921.532 
42190000      885  4.2376749e-11      49936.383 
42200000      885  3.6683186e-11      49950.684 
42210000      885  3.6799905e-11      49964.935 
42220000      885  3.9680373e-11      49979.221 
42230000      885  3.7833304e-11       49994.44 
42240000      885  3.6824787e-11      50008.769 
42250000      885  3.6416713e-11      50023.221 
42260000      885  5.6720892e-11       50037.72 
42270000      885   4.543092e-11       50052.18 
42280000      885  4.1157321e-11      50066.655 
42290000      885  6.2613284e-11      50081.139 
42300000      885  4.8417363e-11      50095.656 
42310000      885  5.5793181e-11      50110.086 
42320000      885  3.9306646e-11      50125.252 
42330000      885  6.1683564e-11      50139.883 
42340000      885  5.6260072e-11      50155.046 
42350000      885  5.2704224e-11      50169.505 
42360000      885  5.2775537e-11      50184.026 
42370000      885  4.2710519e-11      50198.575 
42380000      885  3.9352099e-11      50213.236 
42390000      885   5.715169e-11      50227.972 
42400000      885  6.2940443e-11      50242.801 
42410000      885  9.8270683e-11      50257.572 
42420000      885  1.1484525e-10      50272.476 
42430000      885  7.2543714e-11      50287.299 
42440000      885  9.1217438e-11      50303.613 
42450000      885  6.5640474e-11      50318.568 
42460000      885  7.6885856e-11      50333.442 
42470000      885  7.0700581e-11      50348.331 
42480000      885    8.35906e-11      50363.229 
42490000      885  6.0220582e-11      50378.138 
42500000      885  6.8644678e-10      50393.103 
42510000      885  2.3147346e-10      50408.085 
42520000      885  1.4158031e-10      50422.924 
42530000      885  1.0566254e-10      50437.748 
42540000      885  7.6792284e-11      50452.487 
42550000      885  5.2977056e-11      50468.232 
42560000      885  4.7469473e-11      50483.689 
42570000      885  4.2440307e-11      50498.522 
42580000      885  4.1827852e-11      50513.404 
42590000      885  5.3739287e-11      50528.335 
42600000      885  6.9919351e-10      50543.509 
42610000      885  1.8523512e-10      50558.713 
42620000      885  1.7929477e-10      50573.771 
42630000      885  1.1382203e-09      50588.776 
42640000      885  1.6079483e-10      50603.793 
42650000      885  1.3516675e-10      50619.592 
42660000      885  6.1166113e-11      50634.639 
42670000      885  8.2872343e-11       50649.48 
42680000      885  8.8117755e-11      50665.083 
42690000      885  7.7304763e-11      50680.199 
42700000      885  4.7136204e-11      50695.106 
42710000      885  4.6387411e-11      50709.932 
42720000      885  5.4967998e-11      50724.769 
42730000      885  4.5975683e-11      50739.604 
42740000      885  6.1559376e-11      50755.462 
42750000      885  5.1482888e-11      50770.496 
42760000      885  4.3687652e-11      50785.513 
42770000      885  1.6498101e-09      50800.478 
42780000      885  6.4887877e-11      50815.519 
42790000      885  1.2026689e-10      50830.402 
42800000      885  9.7856077e-11      50846.029 
42810000      885  5.9058271e-11      50860.735 
42820000      885  7.4580822e-11      50875.417 
42830000      885  6.0228675e-11      50891.007 
42840000      885  9.7602195e-11      50905.756 
42850000      885  2.9476797e-10       50920.96 
42860000      885  1.5024352e-10      50935.797 
42870000      885  1.4184286e-10      50950.649 
42880000      885  2.5618692e-10      50965.512 
42890000      885  1.7332626e-10      50980.351 
42900000      885   1.764281e-10      50995.254 
42910000      885  7.7310406e-11      51010.175 
42920000      885    8.26772e-11       51026.57 
42930000      885  5.1171875e-11      51041.449 
42940000      885  6.8876724e-11      51056.206 
42950000      885  6.1641925e-11        51070.9 
42960000      885  5.7203655e-11      51085.533 
42970000      885  3.9081853e-11      51100.001 
42980000      885   4.558988e-11      51114.387 
42990000      885  4.9744586e-11      51128.673 
43000000      885  4.9136242e-11      51143.616 
43010000      885  5.7781026e-11      51158.441 
43020000      885  5.2976914e-11      51172.789 
43030000      885  9.1785746e-10      51187.238 
43040000      885  1.2342754e-10      51202.476 
43050000      885  1.2691402e-10      51216.822 
43060000      885  6.0758992e-11      51231.432 
43070000      885  5.2587913e-11      51245.776 
43080000      885  1.2539462e-10      51260.618 
43090000      885  1.4514061e-10       51275.97 
43100000      885  1.7698575e-10      51290.426 
43110000      885  1.1915488e-10      51304.763 
43120000      885  9.5485389e-11      51318.986 
43130000      885  6.0567179e-11      51333.091 
43140000      885  4.4825054e-11      51347.059 
43150000      885  4.6189353e-11      51360.869 
43160000      885  5.5502808e-11      51375.298 
43170000      885  4.1388528e-11      51389.028 
43180000      885  4.4289902e-11      51402.709 
43190000      885  5.5440532e-11      51417.442 
43200000      885  5.1528143e-11      51431.331 
43210000      885  8.0829252e-11      51445.009 
43220000      885  5.3281716e-11       51458.71 
43230000      885  5.0061086e-11       51472.39 
43240000      885  1.0473013e-10      51486.055 
43250000      885  4.1605433e-11      51499.724 
43260000      885  6.6984401e-11      51513.313 
43270000      885  4.2358588e-11       51526.79 
43280000      885  8.0645733e-11      51540.769 
43290000      885   4.894948e-11       51555.29 
43300000      885  4.7839341e-11       51568.61 
43310000      885   4.798532e-11      51581.867 
43320000      885  4.0407959e-11      51595.154 
43330000      885  3.9527025e-11      51608.403 
43340000      885  3.8605187e-11       51621.71 
43350000      885  4.0896866e-11      51635.042 
43360000      885  4.6653184e-11      51648.393 
43370000      885  5.2892566e-11      51661.745 
43380000      885  4.9533934e-11      51676.038 
43390000      885  7.9321495e-11      51689.557 
43400000      885  1.7453537e-10      51703.276 
43410000      885   1.214568e-10      51716.927 
43420000      885  1.2000228e-10      51730.361 
43430000      885  6.1606468e-11      51744.434 
43440000      885  3.9725441e-11       51757.79 
43450000      885   4.058201e-11      51771.012 
43460000      885  5.6377041e-11      51784.271 
43470000      885  8.3377635e-11      51797.578 
43480000      885  3.7454237e-11      51811.733 
43490000      885   4.036719e-11      51824.834 
43500000      885  4.9972031e-11      51838.009 
43510000      885  3.6954488e-11      51851.166 
43520000      885  3.8019352e-11      51864.349 
43530000      885  3.9489304e-11      51877.513 
43540000      885  3.7877095e-11      51890.696 
43550000      885  3.8437842e-11      51903.881 
43560000      885  5.3700297e-11      51917.643 
43570000      885  1.1145156e-10      51930.725 
43580000      885  1.0171611e-10      51944.999 
43590000      885  8.1228027e-11      51958.162 
43600000      885  6.0158528e-11      51971.363 
43610000      885  1.0134297e-10      51984.464 
43620000      885   6.020755e-11      51997.583 
43630000      885  5.6871852e-11      52010.738 
43640000      885  6.0405426e-11      52023.938 
43650000      885  6.8039212e-11      52037.081 
43660000      885  7.3661346e-11      52050.243 
43670000      885  1.9433028e-09      52063.234 
43680000      885  9.5624459e-11      52077.592 
43690000      885  1.1993548e-10       52090.85 
43700000      885   9.445274e-11      52104.994 
43710000      885  1.2860063e-10       52130.01 
43720000      885  9.0028764e-11      52143.192 
43730000      885  3.3600683e-10      52156.408 
43740000      885  1.1518301e-10      52169.833 
43750000      885  8.2573625e-11      52183.066 
43760000      885  1.2468407e-10      52196.339 
43770000      885  4.2241128e-10      52210.616 
43780000      885  2.0987237e-10      52223.952 
43790000      885  1.3067555e-10       52237.08 
43800000      885  2.3605884e-10       52250.34 
43810000      885  6.7474425e-10      52263.492 
43820000      885  2.2935375e-10      52277.863 
43830000      885  1.9304026e-10      52291.102 
43840000      885   1.435127e-10      52304.104 
43850000      885  3.1891229e-10      52317.223 
43860000      885  2.1493885e-10      52330.319 
43870000      885  2.0574842e-10      52343.432 
43880000      885  4.9011222e-10      52357.073 
43890000      885  1.9730324e-09      52371.634 
43900000      885  2.2392769e-10      52385.188 
43910000      885  1.1791439e-10       52399.16 
43920000      885  2.3078819e-10      52412.515 
43930000      885  1.1757458e-10      52425.856 
43940000      885  1.3623459e-10      52439.281 
43950000      885  7.6780706e-11      52452.486 
43960000      885  1.8237325e-10      52466.384 
43970000      885  8.4091647e-11      52479.564 
43980000      885  1.1887913e-10      52493.615 
43990000      885   2.078765e-10      52506.854 
44000000      885   2.354239e-10      52520.187 
44010000      885  1.2554419e-10      52533.325 
44020000      885  5.7653378e-11      52546.349 
44030000      885  6.4716213e-11       52559.25 
44040000      885  9.3749409e-10       52572.27 
44050000      885  2.0173974e-10      52585.429 
44060000      885  8.5600465e-10      52598.596 
44070000      885  1.6162023e-10      52611.736 
44080000      885  1.6727004e-10      52625.783 
44090000      885  7.9046878e-11      52639.507 
44100000      885   1.240741e-10      52652.447 
44110000      885  5.2813809e-11      52665.341 
44120000      885  4.6486325e-11      52678.068 
44130000      885  7.2423279e-11      52690.758 
44140000      885  8.3274967e-11      52703.447 
44150000      885  1.0873567e-10        52716.2 
44160000      885  6.8699408e-11      52728.919 
44170000      885  6.4719813e-11      52741.594 
44180000      885   4.450362e-11      52755.173 
44190000      885  4.0485169e-11      52767.791 
44200000      885  4.2655193e-11      52780.446 
44210000      885   5.529408e-11      52793.047 
44220000      885  3.9180416e-11      52805.644 
44230000      885  3.7031906e-11      52819.413 
44240000      885  3.8373487e-11      52832.035 
44250000      885  6.5494517e-11      52844.617 
44260000      885  8.2167338e-11      52857.332 
44270000      885  1.4265827e-10      52870.023 
44280000      885   7.056699e-11        52884.1 
44290000      885  8.6545933e-11      52896.721 
44300000      885  1.5667964e-10      52909.403 
44310000      885  1.4098095e-10      52922.113 
44320000      885   1.039991e-10      52934.745 
44330000      885  1.1449722e-10      52947.164 
44340000      885  2.2520717e-10      52959.693 
44350000      885  1.4574105e-10      52972.157 
44360000      885  8.4690164e-11      52984.653 
44370000      885  9.9997015e-11      52997.728 
44380000      885  1.2453845e-10      53011.232 
44390000      885  1.1437382e-10      53023.561 
44400000      885  1.4049105e-09      53036.183 
44410000      885  2.1525958e-10      53048.881 
44420000      885  1.7970594e-10       53061.28 
44430000      885  1.2332323e-10      53073.493 
44440000      885  5.8600428e-10      53085.706 
44450000      885  2.8006147e-09      53097.845 
44460000      885  1.5706469e-09      53109.803 
44470000      885  5.2159327e-10      53121.792 
44480000      885  1.3792668e-10      53133.689 
44490000      885  1.2833039e-10      53146.619 
44500000      885  3.8561084e-10      53158.872 
44510000      885  2.0497136e-10      53170.691 
44520000      885  2.4323019e-10      53183.238 
44530000      885  2.1437129e-10       53195.12 
44540000      885  2.7251885e-10      53207.091 
44550000      885  1.1375171e-10      53218.928 
44560000      885  9.3407094e-11      53230.588 
44570000      885  7.9817179e-11      53242.223 
44580000      885  1.0023996e-10        53253.8 
44590000      885  1.7526473e-10      53265.311 
44600000      885  7.4489455e-11      53277.006 
44610000      885  1.0159983e-10      53289.961 
44620000      885  1.9335356e-10      53301.911 
44630000      885  1.7418497e-10      53313.808 
44640000      885  2.1166953e-10      53325.593 
44650000      885  9.2821285e-11      53337.244 
44660000      885  6.6323671e-11      53348.936 
44670000      885  5.0831273e-11      53361.334 
44680000      885   4.288576e-11      53372.995 
44690000      885  5.3700913e-11      53384.624 
44700000      885  4.6531427e-11      53396.191 
44710000      885  4.3449087e-11       53407.84 
44720000      885  5.7338045e-11      53420.425 
44730000      885  5.4376967e-11      53432.071 
44740000      885  1.5778283e-10      53443.838 
44750000      885  9.5659529e-11      53455.686 
44760000      885  1.2166068e-10      53467.481 
44770000      885   1.684188e-10      53479.391 
44780000      885  2.1308559e-10      53491.441 
44790000      885  1.2132497e-10      53503.512 
44800000      885  2.8164246e-10      53515.656 
44810000      885  2.9045354e-09      53527.435 
44820000      885  7.3270268e-10      53540.549 
44830000      885  3.6497988e-10      53553.621 
44840000      885   3.501449e-10      53565.524 
44850000      885  5.2405479e-10      53577.447 
44860000      885  3.7894489e-10      53589.314 
44870000      885  4.5386993e-10      53601.209 
44880000      885  2.7866793e-10      53612.974 
44890000      885  1.3095664e-10      53624.461 
44900000      885  1.3233743e-10      53635.872 
44910000      885   9.498283e-11      53647.369 
44920000      885  1.1000822e-10      53659.062 
44930000      885   9.959531e-11      53670.795 
44940000      885  1.4329047e-10      53683.391 
44950000      885  1.3782486e-10      53695.059 
44960000      885  9.9776541e-11      53706.691 
44970000      885  1.1915958e-10      53718.963 
44980000      885  1.0648951e-10      53730.573 
44990000      885  8.3609747e-11      53742.263 
45000000      885  8.3289071e-11      53753.989 
45010000      885  1.2945294e-10      53765.577 
45020000      885  1.3488543e-10      53777.008 
45030000      885  9.3379001e-11      53788.393 
45040000      885  7.5118309e-11      53799.853 
45050000      885  8.1300026e-10      53811.487 
45060000      885  3.0645961e-10      53824.386 
45070000      885  3.9750385e-10      53836.243 
45080000      885  2.7434723e-10      53848.156 
45090000      885  1.2581572e-10      53859.993 
45100000      885  7.4438519e-11      53871.877 
45110000      885  7.4395143e-11      53883.558 
45120000      885   7.662949e-10      53896.034 
45130000      885   1.198196e-10      53907.764 
45140000      885  3.1486508e-10      53920.401 
45150000      885  3.5272893e-10       53932.03 
45160000      885  3.7134624e-10      53943.579 
45170000      885   2.493751e-10      53956.179 
45180000      885   8.034249e-10      53967.976 
45190000      885  6.0852535e-09      53979.734 
45200000      885   7.907398e-10      53991.719 
45210000      885  5.1489338e-10      54003.449 
45220000      885  1.8038289e-09      54015.568 
45230000      885  4.9040949e-10      54027.461 
45240000      885  3.5009649e-10      54039.261 
45250000      885  2.7439385e-10      54051.267 
45260000      885  1.3773932e-10      54063.478 
45270000      885  1.5396074e-10      54076.181 
45280000      885  1.2488231e-10      54089.332 
45290000      885  1.2576413e-10      54101.567 
45300000      885  6.1205919e-11      54113.816 
45310000      885    2.25016e-10      54125.953 
45320000      885  3.4593436e-10      54138.358 
45330000      885  1.8892288e-10      54150.421 
45340000      885   1.323581e-10      54162.564 
45350000      885  1.7876351e-10      54174.867 
45360000      885  1.1013115e-10      54187.201 
45370000      885  1.8085127e-10      54199.408 
45380000      885  1.5608974e-10      54211.723 
45390000      885  9.1377744e-11      54225.097 
45400000      885  1.5016499e-10      54237.512 
45410000      885  1.1475108e-10      54249.657 
45420000      885  7.9144811e-11      54262.599 
45430000      885  7.4144742e-11      54275.007 
45440000      885  1.1145202e-10      54287.596 
45450000      885  7.9420147e-11      54300.293 
45460000      885  9.2844568e-11      54312.832 
45470000      885  1.1562346e-10       54325.38 
45480000      885  6.4929438e-11      54337.822 
45490000      885  5.7949218e-11      54350.392 
45500000      885  5.6438112e-11      54363.875 
45510000      885  9.9059427e-11      54376.419 
45520000      885  1.0902025e-10      54388.965 
45530000      885  8.6207396e-11      54401.526 
45540000      885  7.1318146e-11      54414.139 
45550000      885  1.2564413e-10      54426.953 
45560000      885  2.5982647e-10      54440.589 
45570000      885  2.4624659e-10      54453.677 
45580000      885  1.5032275e-09      54466.577 
45590000      885  1.3099111e-10      54479.587 
45600000      885  1.9390254e-10      54493.068 
45610000      885  2.4532961e-10      54506.585 
45620000      885  2.3687066e-10       54519.52 
45630000      885  1.6055996e-10      54532.465 
45640000      885   9.247571e-11      54545.386 
45650000      885  8.6818492e-11      54558.362 
45660000      885  6.6274331e-11      54571.286 
45670000      885  1.3129652e-09      54584.364 
45680000      885  1.7671318e-10      54597.795 
45690000      885  1.0816045e-10      54610.818 
45700000      885  1.2356024e-10      54625.466 
45710000      885  1.7782139e-10      54638.655 
45720000      885  3.1359301e-10      54651.784 
45730000      885  6.6438502e-11      54664.873 
45740000      885  8.9334586e-11      54678.083 
45750000      885  6.6407275e-10      54691.497 
45760000      885  1.4677412e-10      54705.041 
45770000      885  8.1522463e-11      54718.492 
45780000      885  2.2745888e-10      54732.054 
45790000      885  5.6496896e-10      54745.514 
45800000      885  2.1683136e-10      54759.179 
45810000      885  1.1429772e-10      54773.851 
45820000      885  1.6328821e-10      54787.443 
45830000      885  2.2499481e-10      54801.649 
45840000      885  9.2924576e-11      54815.142 
45850000      885  1.3111474e-10      54828.764 
45860000      885  1.8954242e-09      54842.407 
45870000      885  2.2676621e-10      54856.538 
45880000      885  1.3550576e-10        54870.2 
45890000      885  6.0308665e-11      54883.856 
45900000      885  2.1489292e-10      54898.125 
45910000      885  2.3459187e-10      54912.593 
45920000      885  1.8515272e-10      54926.366 
45930000      885  1.1393597e-10      54940.432 
45940000      885  1.6185698e-10      54954.198 
45950000      885  1.5733951e-10      54967.989 
45960000      885  9.6481236e-11      54982.445 
45970000      885  1.0230916e-10      54996.307 
45980000      885  5.1575416e-11      55010.343 
45990000      885  4.2210377e-11      55024.101 
46000000      885  4.4729353e-11      55038.933 
46010000      885  4.4060184e-11      55052.663 
46020000      885  3.6125623e-11      55066.418 
46030000      885  3.6818686e-11      55080.213 
46040000      885  3.7674823e-11      55094.061 
46050000      885  5.4214069e-11      55107.883 
46060000      885  6.1147993e-11      55121.658 
46070000      885  1.0268224e-10      55135.483 
46080000      885  9.9748053e-11      55149.343 
46090000      885  1.4447592e-10      55164.761 
46100000      885   9.248217e-11      55178.979 
46110000      885  7.3812083e-11      55192.914 
46120000      885  4.8378061e-11      55206.854 
46130000      885  7.8448286e-11      55220.722 
46140000      885  9.8811527e-11      55234.671 
46150000      885  8.0949718e-11      55248.615 
46160000      885  1.0466573e-10       55262.42 
46170000      885  8.5554743e-11      55276.154 
46180000      885  7.7377089e-11      55289.865 
46190000      885  1.0738341e-10      55304.134 
46200000      885  1.9352793e-10       55318.72 
46210000      885  3.0417297e-10      55332.667 
46220000      885  3.7139257e-10      55347.438 
46230000      885  3.6136846e-10      55361.619 
46240000      885   2.543338e-10      55375.706 
46250000      885  1.7377128e-10      55389.758 
46260000      885  1.9111486e-10      55403.697 
46270000      885  2.3153632e-10      55417.652 
46280000      885  1.1974316e-10      55431.556 
46290000      885  7.3086258e-11      55445.465 
46300000      885    1.16977e-10       55460.39 
46310000      885  1.0811357e-10       55474.53 
46320000      885  1.4763393e-10      55488.453 
46330000      885  1.2225874e-10      55502.359 
46340000      885  1.2158558e-10      55516.977 
46350000      885  7.1465469e-11      55530.692 
46360000      885  7.5209759e-11      55544.476 
46370000      885  8.4291893e-11      55558.318 
46380000      885  1.0763461e-10      55572.072 
46390000      885  2.1101978e-10      55585.952 
46400000      885  1.7554784e-10      55600.606 
46410000      885  9.5359376e-11      55614.563 
46420000      885  1.1139366e-10      55628.413 
46430000      885  1.1468476e-10      55642.293 
46440000      885  8.4564487e-11      55656.114 
46450000      885  1.0895458e-10      55669.842 
46460000      885  1.8171163e-10      55683.768 
46470000      885  4.2072955e-10      55698.331 
46480000      885   6.495536e-10      55712.361 
46490000      885  1.9955628e-10      55726.557 
46500000      885  1.3004892e-10      55741.074 
46510000      885  1.0970796e-10      55754.888 
46520000      885  1.5527873e-10      55768.943 
46530000      885  6.3373001e-11      55782.963 
46540000      885   8.169786e-11      55796.892 
46550000      885  6.3032466e-11      55810.784 
46560000      885  2.5105674e-09      55825.065 
46570000      885  4.2245757e-10       55839.09 
46580000      885  2.9408199e-10       55853.16 
46590000      885  1.3539802e-10      55868.153 
46600000      885  2.9646441e-10      55882.952 
46610000      885  1.0652847e-10      55896.806 
46620000      885  8.6829573e-11       55910.92 
46630000      885  1.2788608e-10      55925.073 
46640000      885  1.3246155e-09      55939.218 
46650000      885  1.9375999e-10      55953.393 
46660000      885  1.3140958e-10       55967.61 
46670000      885  3.0398363e-09      55981.889 
46680000      885  2.1927532e-10       55997.32 
46690000      885  1.4757385e-10      56011.407 
46700000      885  2.7610282e-10      56025.576 
46710000      885   3.040519e-10       56039.87 
46720000      885  2.1126887e-10      56054.964 
46730000      885  7.5105515e-11      56069.227 
46740000      885  6.2427862e-11      56083.335 
46750000      885  8.8681823e-11      56097.421 
46760000      885    6.44241e-11      56111.796 
46770000      885  9.8071017e-11      56126.716 
46780000      885  9.1379497e-11      56141.066 
46790000      885  4.5706282e-10      56156.169 
46800000      885  2.0215779e-10      56170.991 
46810000      885  1.4061276e-10      56185.458 
46820000      885  2.1848005e-10      56199.925 
46830000      885  1.7131167e-10      56214.411 
46840000      885  2.3544359e-10      56228.929 
46850000      885  8.8887639e-11      56245.014 
46860000      885  6.5547951e-11      56259.527 
46870000      885   8.739383e-11      56273.979 
46880000      885  5.1879979e-11      56288.434 
46890000      885  5.7873294e-11       56302.79 
46900000      885  7.7799114e-11      56317.243 
46910000      885   1.639189e-10      56331.881 
46920000      885  1.8508854e-10      56346.577 
46930000      885  6.5628948e-11      56361.312 
46940000      885  8.4352908e-11      56375.844 
46950000      885  6.6503817e-11      56391.354 
46960000      885  4.8554329e-11      56405.954 
46970000      885  4.6851913e-11      56421.747 
46980000      885  6.2062295e-11      56436.441 
46990000      885  4.9346797e-11      56452.151 
47000000      885  6.3101653e-11      56469.944 
47010000      885   4.468398e-11      56485.174 
47020000      885  5.0193698e-11      56499.899 
47030000      885  5.6137509e-11      56514.775 
47040000      885  5.4620005e-11       56530.61 
47050000      885  6.0384556e-11      56545.673 
47060000      885  5.1664055e-11      56560.677 
47070000      885  9.3485974e-11      56575.753 
47080000      885  1.2861153e-10      56590.928 
47090000      885  1.1732755e-10      56606.891 
47100000      885   1.274043e-10      56621.978 
47110000      885  9.6418351e-11      56637.144 
47120000      885  9.1093268e-11      56652.409 
47130000      885  6.1964524e-11      56667.584 
47140000      885  7.3478216e-11      56683.598 
47150000      885  6.1089525e-11      56698.689 
47160000      885  5.4862936e-11      56713.775 
47170000      885  7.6784871e-11      56728.874 
47180000      885  5.7252159e-11      56744.033 
47190000      885   7.500552e-11      56759.251 
47200000      885  6.9982344e-11      56775.243 
47210000      885  1.4914589e-10      56790.574 
47220000      885  1.1795289e-10      56806.067 
47230000      885  1.0669749e-10      56822.605 
47240000      885  9.4460501e-11      56838.059 
47250000      885  1.0252618e-10      56853.523 
47260000      885  6.2359953e-11      56868.983 
47270000      885  1.7680341e-09      56884.348 
47280000      885  1.0549378e-10      56899.903 
47290000      885   1.116047e-10      56915.271 
47300000      885   1.370032e-10      56930.662 
47310000      885  1.0307583e-10      56946.968 
47320000      885  4.5452615e-10      56963.027 
47330000      885  9.0831612e-10      56978.151 
47340000      885  1.9771851e-10      56993.578 
47350000      885  1.3563014e-10        57008.8 
47360000      885  1.0006199e-10       57024.14 
47370000      885  1.1097284e-10      57039.538 
47380000      885  7.0889589e-11      57055.072 
47390000      885  8.9785253e-10      57070.874 
47400000      885  2.2223704e-10      57087.832 
47410000      885  5.4089462e-10       57103.71 
47420000      885  2.3888371e-10      57119.574 
47430000      885  1.3476951e-10      57136.056 
47440000      885  1.1760634e-10      57151.704 
47450000      885  2.1946261e-10      57167.385 
47460000      885  8.9995414e-11       57182.89 
47470000      885  8.1823109e-11      57198.247 
47480000      885  6.7373151e-11      57214.501 
47490000      885  8.4290407e-11      57229.915 
47500000      885  7.3853576e-11      57245.287 
47510000      885  7.1238709e-11      57260.828 
47520000      885  8.3536541e-11      57276.284 
47530000      885  7.6451924e-11      57291.827 
47540000      885  8.5405426e-11        57307.4 
47550000      885  7.1943525e-10      57324.083 
47560000      885  1.7014786e-09       57339.85 
47570000      885  6.0024425e-10      57356.388 
47580000      885  5.9576783e-10      57372.074 
47590000      885  2.9670597e-10      57387.799 
47600000      885  1.8150678e-10      57403.721 
47610000      885  2.9169177e-10       57419.59 
47620000      885  1.1578732e-10      57435.168 
47630000      885  1.5244103e-10      57450.658 
47640000      885  7.1881427e-10       57466.11 
47650000      885  5.4258081e-10      57482.555 
47660000      885  2.3003563e-10      57498.754 
47670000      885  2.0528696e-10      57514.141 
47680000      885  2.7766666e-10      57529.624 
47690000      885  3.0214444e-10      57545.259 
47700000      885  1.8061053e-10      57560.803 
47710000      885  2.4572606e-10       57576.34 
47720000      885  2.3951464e-10      57591.898 
47730000      885  1.2221607e-10      57608.234 
47740000      885  2.1449078e-10       57623.77 
47750000      885  1.8513263e-10      57639.065 
47760000      885  1.1168782e-10      57654.446 
47770000      885  1.6723398e-10      57669.759 
47780000      885  4.2340372e-10      57685.874 
47790000      885  4.5545261e-10      57700.958 
47800000      885  2.9106125e-10      57716.268 
47810000      885  4.4456209e-10      57731.749 
47820000      885  8.6254452e-10      57747.637 
47830000      885  3.6762577e-10      57762.723 
47840000      885  4.5864407e-10      57778.123 
47850000      885  4.9486559e-10      57793.431 
47860000      885  4.3218367e-10      57808.621 
47870000      885  2.4462487e-09       57823.61 
47880000      885  5.0928035e-10      57838.707 
47890000      885  4.3132158e-10      57854.391 
47900000      885   2.501863e-10      57869.908 
47910000      885  2.5361298e-10       57885.51 
47920000      885  5.6760073e-11      57900.492 
47930000      885  5.4196749e-11      57915.314 
47940000      885  6.0069838e-11      57930.135 
47950000      885  7.1763493e-11      57944.775 
47960000      885  9.5176302e-11      57959.589 
47970000      885  1.6711061e-10       57974.56 
47980000      885  6.4620603e-11      57989.338 
47990000      885  1.6049668e-10      58004.066 
48000000      885  2.3653027e-10      58019.902 
48010000      885  2.1840087e-10      58035.393 
48020000      885  1.2505353e-10      58050.245 
48030000      885  1.4776565e-10       58064.85 
48040000      885  1.9301103e-10      58079.597 
48050000      885  2.3003118e-10      58094.303 
48060000      885  8.9728009e-11      58108.912 
48070000      885  5.4749726e-11      58123.338 
48080000      885  7.8228423e-11      58137.743 
48090000      885  1.0232784e-10      58153.198 
48100000      885  6.0821527e-11       58167.73 
48110000      885  5.9031664e-11      58182.116 
48120000      885  4.2819777e-11       58196.44 
48130000      885  4.7133815e-11      58210.675 
48140000      885  6.2531365e-11      58225.611 
48150000      885  4.7253234e-11      58239.848 
48160000      885  4.7379165e-11      58254.204 
48170000      885  4.6529619e-11      58268.527 
48180000      885  4.4312835e-11      58283.817 
48190000      885    4.51687e-11      58298.255 
48200000      885  4.9013129e-11      58312.693 
48210000      885  4.7396848e-11      58327.032 
48220000      885  4.9709143e-11      58341.384 
48230000      885  6.5981954e-11      58355.703 
48240000      885  6.0310239e-11      58369.954 
48250000      885  7.0077607e-11      58384.199 
48260000      885  5.2398394e-11      58399.012 
48270000      885  8.9310504e-11      58414.199 
48280000      885  5.4797613e-11      58428.529 
48290000      885  5.9691666e-11      58442.956 
48300000      885  6.0656819e-11      58457.266 
48310000      885  5.3572327e-11       58471.53 
48320000      885  5.0276139e-11      58485.836 
48330000      885  7.2630299e-11      58500.253 
48340000      885  5.8661006e-11      58514.712 
48350000      885  6.2259372e-11      58529.158 
48360000      885  5.2520615e-11      58544.432 
48370000      885  1.0037351e-10      58558.979 
48380000      885  5.0350884e-11      58574.275 
48390000      885  5.6310111e-11      58588.833 
48400000      885  9.5033505e-11      58603.484 
48410000      885  8.7526118e-11       58618.06 
48420000      885  1.5412502e-10      58632.667 
48430000      885  1.2229415e-10      58647.189 
48440000      885  8.1703167e-10      58662.715 
48450000      885  1.3338672e-10      58677.426 
48460000      885  4.3561816e-10      58692.775 
48470000      885  2.8628465e-10      58707.538 
48480000      885  4.1771551e-10      58722.306 
48490000      885  3.3324679e-10      58737.178 
48500000      885  2.5949425e-10      58752.109 
48510000      885  9.5025281e-11      58767.736 
48520000      885  1.4501713e-09      58782.795 
48530000      885  5.0942544e-09      58798.949 
48540000      885  7.7724558e-11      58814.056 
48550000      885  1.5346689e-10      58829.131 
48560000      885  6.6966542e-11      58844.255 
48570000      885  1.0252422e-10      58859.441 
48580000      885  9.8085699e-11      58874.647 
48590000      885  6.7134817e-11       58889.66 
48600000      885  7.3516345e-11      58904.733 
48610000      885  6.8958625e-11      58920.681 
48620000      885  7.0936329e-11      58936.343 
48630000      885  5.7008089e-11       58951.34 
48640000      885  2.0834884e-10      58966.336 
48650000      885  9.8330733e-11      58981.436 
48660000      885  2.4841604e-10       58996.85 
48670000      885  2.0572915e-10      59012.061 
48680000      885  8.2613689e-11      59027.145 
48690000      885   5.985678e-11      59042.277 
48700000      885  4.5298906e-11      59058.354 
48710000      885  1.3227101e-09      59073.718 
48720000      885  1.5289563e-10      59089.347 
48730000      885  1.3462445e-10      59104.601 
48740000      885   1.143484e-10      59120.514 
48750000      885  1.6580401e-10      59135.936 
48760000      885  9.9629779e-11      59151.349 
48770000      885  8.6313223e-11      59166.593 
48780000      885  9.2818309e-11      59182.682 
48790000      885  8.3687507e-10       59197.85 
48800000      885   1.007162e-10      59213.041 
48810000      885   1.772894e-10      59228.095 
48820000      885  1.0299438e-10      59243.131 
48830000      885   8.022359e-11      59257.941 
48840000      885  9.3572475e-11      59272.849 
48850000      885  8.6059991e-11      59287.677 
48860000      885  6.6076098e-11      59303.128 
48870000      885  7.0712641e-11      59318.945 
48880000      885  8.2760978e-11      59333.967 
48890000      885  1.0269823e-10      59348.842 
48900000      885  1.5332404e-10      59363.803 
48910000      885  2.7372088e-10      59378.765 
48920000      885  4.5037217e-10      59394.045 
48930000      885   1.329357e-10      59409.055 
48940000      885  1.3023282e-10      59423.913 
48950000      885   1.177685e-10      59438.686 
48960000      885  8.4476346e-11      59454.428 
48970000      885  1.0788201e-10      59469.215 
48980000      885  7.5183819e-10      59484.913 
48990000      885  2.4057192e-10      59500.023 
49000000      885  1.9116365e-10      59515.127 
49010000      885  2.5686055e-10       59530.12 
49020000      885  3.1621267e-10      59545.053 
49030000      885   1.098241e-10      59559.825 
49040000      885  6.7625002e-11      59574.558 
49050000      885  8.8195729e-11      59589.381 
49060000      885  1.1331298e-10        59605.3 
49070000      885   6.843316e-11      59620.122 
49080000      885  5.0562462e-11       59634.73 
49090000      885  1.1168522e-10      59649.312 
49100000      885   1.494852e-10      59664.574 
49110000      885  1.0851389e-10       59679.09 
49120000      885  2.2619227e-09      59693.675 
49130000      885  6.9661845e-10      59708.326 
49140000      885   5.715711e-09      59723.244 
49150000      885   5.504949e-10      59738.132 
49160000      885  2.8428138e-10      59752.621 
49170000      885  3.9270454e-10      59767.069 
49180000      885  7.0041543e-10      59781.584 
49190000      885  3.3039276e-10      59795.958 
49200000      885  3.2597027e-10      59810.479 
49210000      885  1.1676686e-10      59824.837 
49220000      885   7.079665e-10       59839.87 
49230000      885  1.3610365e-10      59854.927 
49240000      885    9.47428e-11      59869.205 
49250000      885  1.1814203e-10      59883.508 
49260000      885  8.3372209e-11      59897.674 
49270000      885  6.0802724e-10      59912.338 
49280000      885  2.5651666e-10      59926.516 
49290000      885  3.7809962e-10      59940.649 
49300000      885  4.6413333e-10      59954.704 
49310000      885  1.1973511e-10      59968.754 
49320000      885  9.6688737e-11      59983.716 
49330000      885  9.4237595e-11      59997.659 
49340000      885  1.0092373e-10      60012.191 
49350000      885  7.9387276e-11       60026.84 
49360000      885  5.5827044e-11      60040.791 
49370000      885  4.9624874e-11      60054.626 
49380000      885   5.549544e-11      60068.416 
49390000      885  1.2054576e-10      60082.791 
49400000      885  9.1034184e-11      60096.818 
49410000      885  1.9405051e-10      60111.758 
49420000      885   3.250875e-10      60125.811 
49430000      885  3.2553896e-10      60139.767 
49440000      885  1.5191193e-10      60153.586 
49450000      885  1.4347705e-10      60167.319 
49460000      885   7.978911e-11      60180.933 
49470000      885  8.2325079e-11      60195.135 
49480000      885  9.1349887e-11       60208.67 
49490000      885  1.8230258e-10      60222.424 
49500000      885   2.335289e-10      60236.988 
49510000      885  1.9303935e-10       60250.74 
49520000      885  1.3109116e-10      60264.549 
49530000      885  1.0552615e-10      60278.141 
49540000      885  9.6665307e-11      60291.771 
49550000      885  8.9914656e-11      60305.309 
49560000      885  5.1247142e-11       60318.73 
49570000      885  9.7271738e-11      60332.116 
49580000      885    6.53137e-11      60345.469 
49590000      885   6.089372e-11      60359.071 
49600000      885  7.5136752e-11      60373.864 
49610000      885  8.4161638e-11      60387.184 
49620000      885  6.7232937e-11      60400.494 
49630000      885  8.6427886e-11      60413.851 
49640000      885  6.2196685e-10      60427.294 
49650000      885   2.760124e-10      60440.913 
49660000      885  3.2179401e-10      60454.662 
49670000      885  2.4445943e-10      60468.318 
49680000      885  1.9702177e-10        60481.9 
49690000      885  2.5876237e-10      60496.471 
49700000      885  1.0863375e-09      60510.215 
49710000      885  2.4403803e-10      60523.806 
49720000      885  2.8930871e-10      60537.346 
49730000      885  1.7880425e-10      60550.836 
49740000      885  1.9254654e-10      60564.993 
49750000      885  1.7478301e-10      60578.245 
49760000      885   1.107558e-10       60591.33 
49770000      885  1.0460279e-10      60604.485 
49780000      885  1.7761327e-10      60618.648 
49790000      885    2.35983e-10      60632.054 
49800000      885  2.0603183e-10      60645.485 
49810000      885  2.2756456e-10      60658.956 
49820000      885  1.3406045e-10      60672.508 
49830000      885  1.3610171e-10      60686.287 
49840000      885  1.4010991e-10      60700.038 
49850000      885  1.4494202e-10       60713.79 
49860000      885  1.9086589e-10       60727.49 
49870000      885  1.7572949e-10      60742.349 
49880000      885  8.3694253e-11      60756.472 
49890000      885  6.6073498e-11      60770.024 
49900000      885  9.4417014e-11      60783.368 
49910000      885  6.1839656e-11      60796.593 
49920000      885  4.4294397e-11      60809.874 
49930000      885  5.4551428e-11      60823.079 
49940000      885  6.6891904e-11      60836.365 
49950000      885  5.7134303e-11      60849.737 
49960000      885  5.4927848e-11       60863.04 
49970000      885  4.6775499e-11      60876.384 
49980000      885  1.1790076e-10      60890.847 
49990000      885  1.1298244e-10      60904.388 
50000000      885  5.6291341e-11      60918.721 
50010000      885   4.955568e-11      60932.182 
50020000      885  4.3330064e-11      60945.679 
50030000      885  7.7560674e-11      60959.194 
50040000      885  5.6883823e-11      60972.731 
50050000      885  5.6296534e-11      60986.162 
50060000      885  6.1509421e-11      60999.484 
50070000      885  5.6576713e-11      61013.731 
50080000      885  6.7685526e-11      61027.014 
50090000      885  6.9184085e-11      61040.134 
50100000      885  7.0932669e-11      61053.384 
50110000      885  8.4044045e-11      61066.622 
50120000      885  9.6091111e-11      61079.998 
50130000      885  8.8967721e-11      61093.316 
50140000      885   1.027821e-10      61107.364 
50150000      885  2.0488008e-10      61120.863 
50160000      885  3.4331691e-10      61135.403 
50170000      885  2.2065205e-10      61149.232 
50180000      885   2.287199e-10      61162.805 
50190000      885  2.9878683e-10      61176.235 
50200000      885  2.5222077e-10      61189.772 
50210000      885  2.0925671e-10      61203.196 
50220000      885  1.6011491e-10      61216.563 
50230000      885  1.5449238e-10      61229.798 
50240000      885  1.2500249e-10      61243.014 
50250000      885  1.2378993e-10       61256.17 
50260000      885   1.235363e-10      61270.255 
50270000      885  1.8691124e-10      61284.135 
50280000      885  1.7427386e-10      61297.326 
50290000      885  1.8577185e-10      61310.497 
50300000      885  1.3186189e-10       61323.51 
50310000      885  5.4179271e-11      61336.481 
50320000      885  5.6987289e-11      61349.317 
50330000      885  6.0387251e-11      61362.199 
50340000      885  2.0163378e-10        61375.1 
50350000      885  6.8274407e-10      61388.453 
50360000      885  7.4440857e-11      61401.842 
50370000      885  1.2741935e-10      61414.811 
50380000      885  1.0907203e-10      61427.718 
50390000      885  8.0481176e-11      61440.585 
50400000      885  7.6972356e-11      61454.222 
50410000      885  4.5565698e-11      61467.058 
50420000      885  5.2229969e-11      61479.748 
50430000      885  8.6065987e-11      61492.532 
50440000      885  1.0227746e-10      61505.398 
50450000      885  1.4125043e-10      61519.276 
50460000      885  9.9424887e-11      61532.191 
50470000      885  7.4519481e-11        61544.9 
50480000      885  1.3546919e-10      61557.732 
50490000      885  1.5366759e-10      61570.408 
50500000      885  2.7540202e-10      61583.136 
50510000      885  1.2346761e-10      61595.707 
50520000      885  1.5779013e-10      61608.195 
50530000      885  1.0417658e-10       61620.64 
50540000      885  1.2346799e-10      61633.117 
50550000      885  1.7651374e-10      61647.261 
50560000      885  1.6314032e-10      61659.765 
50570000      885  1.0099247e-09      61672.225 
50580000      885  8.1964918e-11      61684.413 
50590000      885  1.3683608e-10      61696.576 
50600000      885  9.6002202e-11      61708.954 
50610000      885  1.1578983e-10      61721.207 
50620000      885  9.1421402e-11       61733.42 
50630000      885  5.3253265e-11      61745.481 
50640000      885  7.0764046e-11      61757.322 
50650000      885   8.173238e-11      61769.129 
50660000      885  4.9894012e-11      61781.944 
50670000      885  4.2953713e-11      61793.793 
50680000      885  6.1827745e-11       61805.59 
50690000      885  6.8118067e-11      61818.049 
50700000      885  4.0497154e-11      61829.772 
50710000      885   8.700569e-11      61841.483 
50720000      885   5.318557e-11      61853.262 
50730000      885  7.3651617e-11      61864.938 
50740000      885  4.3994849e-11      61876.556 
50750000      885   6.668047e-11       61888.03 
50760000      885   5.086305e-11      61900.027 
50770000      885  6.7468059e-11      61912.108 
50780000      885   5.664674e-11      61923.649 
50790000      885  7.1485228e-11      61935.141 
50800000      885  6.2178647e-11      61946.697 
50810000      885  6.1186308e-11       61958.19 
50820000      885  9.6340892e-11      61969.713 
50830000      885  1.3163474e-10      61981.318 
50840000      885  1.3739234e-10      61993.776 
50850000      885   1.221074e-10      62005.613 
50860000      885  7.1317603e-11      62017.109 
50870000      885  5.8387154e-11      62029.567 
50880000      885  7.2466515e-11      62041.197 
50890000      885  8.4515415e-11      62052.835 
50900000      885  7.2373553e-11      62064.433 
50910000      885  7.3952421e-11      62075.901 
50920000      885    7.37126e-11      62087.407 
50930000      885  8.2704307e-11      62098.928 
50940000      885  6.9498849e-11      62110.443 
50950000      885  7.9383661e-11      62121.934 
50960000      885  7.5387156e-11      62133.427 
50970000      885   9.397127e-11      62144.943 
50980000      885  1.1538859e-10      62157.545 
50990000      885  1.0787306e-10      62169.176 
51000000      885  2.0827776e-10      62181.565 
51010000      885   1.158761e-10      62193.163 
51020000      885  8.3177055e-11      62204.794 
51030000      885  9.6981505e-11      62216.379 
51040000      885  1.1050355e-10      62227.969 
51050000      885  6.8817087e-10      62239.503 
51060000      885  1.3154549e-10      62251.159 
51070000      885  1.7531126e-10      62262.674 
51080000      885  4.6164114e-10      62274.234 
51090000      885  2.7868702e-10      62286.861 
51100000      885  2.7744541e-10      62298.497 
51110000      885  1.9453145e-10      62310.187 
51120000      885  1.2542932e-10      62321.839 
51130000      885  7.7232307e-11      62333.416 
51140000      885  6.1753645e-11      62344.875 
51150000      885  6.4120453e-11      62356.964 
51160000      885  1.8543444e-10      62368.428 
51170000      885  5.2194678e-11      62379.817 
51180000      885  4.7404169e-11       62391.25 
51190000      885  5.3331274e-11      62402.728 
51200000      885  1.0266058e-10       62414.32 
51210000      885  8.5673357e-11       62426.82 
51220000      885  8.3564026e-11       62438.43 
51230000      885  6.2678341e-11      62449.915 
51240000      885  8.8861681e-11      62461.387 
51250000      885  4.3822307e-11      62472.753 
51260000      885  4.2751334e-11      62484.177 
51270000      885  6.1969841e-11      62495.615 
51280000      885  7.9739225e-11      62507.068 
51290000      885     7.4443e-11      62518.501 
51300000      885  6.1940531e-11      62530.038 
51310000      885  6.6886089e-11      62542.158 
51320000      885  8.0135004e-11      62554.638 
51330000      885  1.6559648e-10      62566.339 
51340000      885  2.5754329e-10      62578.161 
51350000      885  2.7189611e-10      62590.029 
51360000      885  1.8138547e-10      62601.867 
51370000      885  1.0274746e-09      62613.964 
51380000      885  2.6345099e-10      62625.927 
51390000      885  1.3753184e-10       62637.59 
51400000      885  7.6131352e-11      62649.362 
51410000      885  5.6813315e-11      62660.942 
51420000      885  4.9197568e-11      62672.545 
51430000      885  7.3793523e-11      62685.141 
51440000      885  7.5588864e-11       62696.89 
51450000      885  5.7164346e-11      62708.672 
51460000      885  5.8710512e-11      62721.154 
51470000      885    1.04743e-10      62732.994 
51480000      885   7.575616e-10      62745.447 
51490000      885  1.2923867e-10      62757.554 
51500000      885  1.3575707e-10       62769.54 
51510000      885  1.6026464e-10      62781.521 
51520000      885  6.9488987e-11      62793.523 
51530000      885  6.6620668e-11      62805.473 
51540000      885  9.4877067e-11      62818.497 
51550000      885  1.5221302e-10      62830.663 
51560000      885  9.1959716e-11      62842.813 
51570000      885  6.0826707e-11      62854.803 
51580000      885  5.5708963e-11      62867.077 
51590000      885  7.5630389e-11      62879.101 
51600000      885  2.3887674e-10      62891.347 
51610000      885  1.5203601e-09      62904.353 
51620000      885  3.0922007e-10       62916.72 
51630000      885  6.1431819e-10      62929.102 
51640000      885  2.8664514e-10      62942.468 
51650000      885  1.9902402e-10      62954.856 
51660000      885  1.3170977e-10      62967.345 
51670000      885  7.7795141e-11      62979.682 
51680000      885  4.5357715e-11      62991.944 
51690000      885  9.2693302e-11      63004.178 
51700000      885  7.8571711e-11      63016.572 
51710000      885  6.1871921e-11      63028.886 
51720000      885    4.55002e-11      63041.201 
51730000      885  6.0974751e-11       63053.56 
51740000      885  6.4683944e-11      63066.035 
51750000      885  4.5087094e-11      63079.137 
51760000      885  5.1561925e-11      63091.617 
51770000      885  4.9615976e-11      63105.041 
51780000      885  6.2058801e-11      63117.633 
51790000      885  5.3661964e-11      63130.309 
51800000      885  5.3956495e-11      63142.994 
51810000      885  4.4344719e-11      63155.611 
51820000      885  9.1993744e-11      63168.293 
51830000      885  1.1627674e-10      63181.083 
51840000      885  5.1158349e-10      63193.901 
51850000      885  1.1174145e-10       63206.87 
51860000      885  1.2366347e-10      63219.815 
51870000      885  8.9110438e-11      63232.928 
51880000      885  4.5945213e-11       63245.88 
51890000      885  1.3675801e-10      63260.567 
51900000      885  1.8949899e-10      63273.726 
51910000      885  1.3653399e-10      63286.933 
51920000      885  1.9359728e-10      63300.118 
51930000      885  1.5157826e-10      63313.303 
51940000      885  1.1439678e-10      63326.707 
51950000      885  6.8766579e-11      63340.059 
51960000      885  6.3911782e-11       63353.48 
51970000      885  7.6563774e-11      63366.928 
51980000      885  8.0479559e-11      63380.321 
51990000      885  5.5827631e-10      63395.019 
52000000      885  3.6071952e-10      63409.004 
52010000      885  1.4395896e-10      63422.744 
52020000      885  7.9038505e-11      63437.169 
52030000      885  8.9296774e-11      63450.822 
52040000      885  7.9852864e-11      63464.514 
52050000      885  4.6116499e-11      63478.109 
52060000      885  1.5293371e-10      63491.623 
52070000      885  6.2714665e-11       63505.16 
52080000      885  5.8712109e-11      63519.689 
52090000      885  9.9256449e-11      63533.333 
52100000      885  8.1127573e-11      63546.919 
52110000      885  4.8152001e-11       63560.51 
52120000      885  8.8342037e-11      63574.091 
52130000      885  9.8217323e-11       63587.82 
52140000      885  9.6949117e-11      63601.414 
52150000      885  1.2803229e-10      63616.237 
52160000      885  1.3560908e-10      63629.989 
52170000      885  1.2253598e-10      63643.733 
52180000      885  1.4579955e-10      63657.472 
52190000      885  8.3542759e-11      63671.233 
52200000      885  7.5406437e-11        63686.6 
52210000      885  4.3286424e-11      63700.393 
52220000      885  1.1426652e-10      63714.162 
52230000      885  5.0282039e-11      63727.925 
52240000      885   5.131466e-11      63741.633 
52250000      885  4.9500185e-11      63755.358 
52260000      885  4.7905592e-11      63769.024 
52270000      885  6.4478382e-11      63782.741 
52280000      885  6.4677089e-11      63799.774 
52290000      885  7.2300121e-11      63814.238 
52300000      885  4.9151581e-11      63827.851 
52310000      885  6.6298582e-11      63842.461 
52320000      885  1.0264459e-10      63856.236 
52330000      885  7.4739935e-11      63869.937 
52340000      885  9.0744623e-11      63883.776 
52350000      885  7.1532439e-11      63897.603 
52360000      885  7.1675538e-11      63911.459 
52370000      885  6.7911164e-10      63925.359 
52380000      885  1.5819041e-10       63939.16 
52390000      885  1.8646875e-10      63952.977 
52400000      885  2.8361518e-10      63966.897 
52410000      885  1.3260158e-10      63981.377 
52420000      885  9.4746062e-11      63996.134 
52430000      885  5.3367997e-11      64009.946 
52440000      885  4.6191835e-11      64023.694 
52450000      885  1.1154342e-10      64037.528 
52460000      885  5.1562979e-11      64051.392 
52470000      885  4.5163658e-11      64065.126 
52480000      885  1.1837791e-10      64078.896 
52490000      885   8.598216e-10      64092.641 
52500000      885  1.2617824e-10      64106.268 
52510000      885   1.173328e-10      64119.984 
52520000      885   5.058729e-11      64133.736 
52530000      885  4.6305313e-11      64148.479 
52540000      885  4.6417508e-11      64162.963 
52550000      885   9.754791e-11      64176.643 
52560000      885  1.1011372e-10      64190.277 
52570000      885  4.4077938e-11      64203.934 
52580000      885  6.5223831e-11      64217.614 
52590000      885  7.2999175e-11      64231.424 
52600000      885  5.3863365e-11      64245.224 
52610000      885  5.3306168e-11      64259.011 
52620000      885  6.9418712e-11       64272.84 
52630000      885  5.3323718e-11      64286.597 
52640000      885  6.0014507e-11      64300.409 
52650000      885  7.0130222e-11       64315.23 
52660000      885  4.9400848e-11      64329.036 
52670000      885  4.3288336e-11      64343.483 
52680000      885  1.0130186e-10      64357.416 
52690000      885  4.4815586e-11      64371.314 
52700000      885  4.1321172e-11      64385.233 
52710000      885  4.4666351e-11      64399.067 
52720000      885  4.6018754e-11      64412.892 
52730000      885  5.3154161e-11      64426.781 
52740000      885  4.2637019e-11       64440.72 
52750000      885  8.8767313e-11      64455.678 
52760000      885  1.3709407e-10      64469.902 
52770000      885   1.321795e-10      64484.142 
52780000      885  9.3560025e-11      64498.421 
52790000      885  7.1006926e-11      64512.695 
52800000      885  4.4071938e-11      64527.541 
52810000      885  5.3454002e-11      64541.551 
52820000      885  9.2214288e-11      64555.651 
52830000      885  1.0527647e-10      64569.794 
52840000      885  1.4457243e-10      64584.053 
52850000      885   1.324481e-10       64599.25 
52860000      885  8.9668621e-11      64613.476 
52870000      885  6.4036518e-11      64627.648 
52880000      885  5.1065074e-11      64641.802 
52890000      885  4.0624299e-11      64655.934 
52900000      885  3.9331536e-11      64670.031 
52910000      885  3.8032743e-11      64684.153 
52920000      885  4.0665421e-11      64699.048 
52930000      885   7.812342e-11      64713.313 
52940000      885  7.4641363e-11      64727.479 
52950000      885  5.3235257e-11      64741.614 
52960000      885  4.7624978e-11      64756.679 
52970000      885  5.7197627e-11      64770.862 
52980000      885  4.7943504e-11      64785.044 
52990000      885  5.4602171e-11      64799.286 
53000000      885  5.1632935e-11      64813.749 
53010000      885   5.479112e-11      64828.135 
53020000      885  4.0754357e-11      64842.522 
53030000      885  4.1885087e-11       64856.74 
53040000      885  4.4581368e-11      64870.968 
53050000      885  3.9108308e-11      64885.922 
53060000      885  4.0841544e-11      64900.262 
53070000      885  5.1839335e-11       64915.68 
53080000      885  5.4679711e-11       64930.39 
53090000      885   5.846903e-11      64945.014 
53100000      885  1.3260385e-10        64959.9 
53110000      885  8.8321949e-11      64974.696 
53120000      885  1.2601808e-10      64989.583 
53130000      885  1.0735517e-09      65004.938 
53140000      885  7.9629976e-10      65020.117 
53150000      885  2.5654295e-09      65035.535 
53160000      885  2.6235269e-09      65051.011 
53170000      885  2.9321794e-09      65067.624 
53180000      885   1.559291e-10       65082.85 
53190000      885  2.2154438e-10      65097.918 
53200000      885  1.3878107e-08      65113.002 
53210000      885  3.8243495e-10      65128.197 
53220000      885  1.1631347e-08      65143.365 
53230000      885  1.5482405e-10      65158.654 
53240000      885  1.3716197e-10      65174.016 
53250000      885  2.4134165e-10      65189.526 
53260000      885  5.7280588e-11      65204.856 
53270000      885  9.0156197e-11      65220.149 
53280000      885  1.0191356e-10      65237.147 
53290000      885  7.0569598e-11      65252.401 
53300000      885  9.2043984e-10      65268.422 
53310000      885  2.8451471e-10      65284.161 
53320000      885  1.6430179e-10      65299.829 
53330000      885  1.7078779e-10      65315.483 
53340000      885  6.2258949e-11      65331.032 
53350000      885  5.2400994e-10      65346.576 
53360000      885  6.9086941e-10      65362.113 
53370000      885  1.5977089e-10      65377.595 
53380000      885  8.2297332e-10      65393.998 
53390000      885  1.0364557e-10       65409.53 
53400000      885  2.1156259e-10      65425.962 
53410000      885  2.7093706e-10      65441.486 
53420000      885  6.7582048e-11      65456.817 
53430000      885  9.8401078e-11      65472.201 
53440000      885  7.7510409e-11       65487.44 
53450000      885   8.680896e-11      65502.711 
53460000      885   1.379438e-10      65518.074 
53470000      885  8.8052359e-11      65533.474 
53480000      885   1.032718e-10      65549.873 
53490000      885  8.4690339e-11      65565.291 
53500000      885  1.0205109e-10      65580.797 
53510000      885  1.5732117e-10      65597.135 
53520000      885  1.9246052e-10      65612.862 
53530000      885  1.5256065e-10       65628.57 
53540000      885  9.5348773e-11      65644.085 
53550000      885  5.4052286e-11      65659.553 
53560000      885  5.2891147e-11      65675.006 
53570000      885    5.66054e-11      65690.312 
53580000      885  7.2643226e-11      65706.578 
53590000      885  1.0352409e-10      65722.009 
53600000      885  1.9924086e-10      65737.529 
53610000      885  1.0826116e-09      65752.957 
53620000      885  1.3455673e-10      65768.473 
53630000      885  1.0979655e-10      65784.512 
53640000      885  1.9127515e-10      65799.951 
53650000      885  1.1233372e-10      65815.424 
53660000      885  9.6235552e-11      65831.087 
53670000      885  5.3035811e-11      65847.555 
53680000      885  1.2013716e-10       65862.97 
53690000      885  5.8126829e-11      65878.328 
53700000      885  4.7356471e-11      65893.652 
53710000      885  1.0071194e-10      65909.022 
53720000      885  1.3663053e-10      65924.449 
53730000      885  1.2819646e-10      65939.872 
53740000      885  1.3427372e-10      65955.986 
53750000      885  2.4172454e-10      65972.026 
53760000      885   4.410174e-10      65987.645 
53770000      885   1.705826e-10      66002.738 
53780000      885   6.204089e-11      66017.921 
53790000      885  9.4229988e-11      66033.096 
53800000      885  6.6508528e-11      66048.342 
53810000      885  5.6908356e-11      66063.441 
53820000      885  7.0248532e-11      66078.527 
53830000      885  6.6427842e-11       66093.59 
53840000      885  5.6915557e-11      66108.647 
53850000      885  9.9183553e-11      66124.577 
53860000      885  1.4268676e-10      66140.316 
53870000      885  1.2431983e-10      66155.231 
53880000      885  1.1095503e-10      66170.136 
53890000      885  9.9748806e-11      66185.119 
53900000      885  6.3025627e-11      66200.148 
53910000      885  4.5936958e-11      66214.999 
53920000      885  4.1017847e-11      66229.916 
53930000      885  5.5165497e-11      66244.739 
53940000      885  8.0255393e-11      66259.519 
53950000      885   4.340917e-11       66275.17 
53960000      885  4.1611515e-11      66289.883 
53970000      885   4.061364e-11      66304.716 
53980000      885  3.6406675e-11      66320.245 
53990000      885  3.6463623e-11      66335.029 
54000000      885  4.1853624e-11      66349.996 
54010000      885  3.6612091e-11      66364.774 
54020000      885  3.5362413e-11      66379.561 
54030000      885  3.6602544e-11      66394.321 
54040000      885  4.2277163e-11      66409.054 
54050000      885  3.8610201e-11      66423.699 
54060000      885   3.711533e-11      66439.302 
54070000      885   3.733908e-11      66453.978 
54080000      885  3.7170907e-11      66468.589 
54090000      885  3.7295806e-11      66483.116 
54100000      885  3.7802435e-11      66498.247 
54110000      885  3.7871312e-11      66512.762 
54120000      885  3.6100591e-11      66527.231 
54130000      885  3.6423003e-11      66541.659 
54140000      885  4.8101963e-11      66556.023 
54150000      885  4.2594006e-11      66570.497 
54160000      885  4.4229632e-11      66585.824 
54170000      885  4.9437385e-11       66600.27 
54180000      885   5.350411e-11      66614.636 
54190000      885  7.9887958e-11      66629.124 
54200000      885  4.9630575e-11      66643.735 
54210000      885  4.8879148e-11      66658.065 
54220000      885  5.8019752e-11      66672.451 
54230000      885  6.4827543e-11      66687.574 
54240000      885  8.1189874e-11      66701.984 
54250000      885  5.0512925e-11      66716.368 
54260000      885  4.6392893e-11      66730.731 
54270000      885  6.6731405e-11      66746.311 
54280000      885  5.9356647e-11      66760.818 
54290000      885  1.1808323e-10      66775.421 
54300000      885  7.9230114e-11      66789.913 
54310000      885  4.8832806e-11      66804.294 
54320000      885  5.0313294e-11       66818.74 
54330000      885  5.8747466e-11      66833.082 
54340000      885  5.0205908e-11      66847.464 
54350000      885  6.3136087e-11      66862.488 
54360000      885  1.0241733e-10      66876.822 
54370000      885  1.1028543e-10      66891.261 
54380000      885  1.3719053e-10      66906.691 
54390000      885   7.333662e-11      66921.145 
54400000      885  8.4970258e-11      66935.678 
54410000      885  1.3878627e-10      66950.205 
54420000      885  5.7242132e-11      66964.669 
54430000      885  1.9350089e-10      66979.457 
54440000      885  7.8930661e-11      66994.179 
54450000      885  9.7086721e-11      67008.953 
54460000      885   2.172938e-10      67023.641 
54470000      885  1.0482945e-09      67038.998 
54480000      885  2.2900944e-09      67053.721 
54490000      885  2.7858131e-10      67069.444 
54500000      885  1.2744124e-09      67084.879 
54510000      885  2.3750155e-10      67099.953 
54520000      885  2.6122604e-08      67115.058 
54530000      885  2.8729793e-10       67130.25 
54540000      885  1.4532391e-09      67145.486 
54550000      885  2.1266656e-10      67160.709 
54560000      885  2.5237266e-10      67175.873 
54570000      885  1.7692059e-10        67192.1 
54580000      885  1.2681409e-10      67207.388 
54590000      885  1.4192695e-10       67223.63 
54600000      885  1.1113385e-10      67238.835 
54610000      885  7.7489154e-11      67253.991 
54620000      885  6.9654388e-11      67269.231 
54630000      885  5.3452169e-10      67285.176 
54640000      885  2.5540391e-10      67300.778 
54650000      885  1.7937404e-10      67316.169 
54660000      885  1.9034768e-10      67331.561 
54670000      885  1.4445037e-10      67347.886 
54680000      885  1.3075959e-10      67363.345 
54690000      885  5.7538866e-11      67378.565 
54700000      885  5.3094618e-11        67394.5 
54710000      885  7.0384909e-11      67409.625 
54720000      885  6.3984695e-11      67424.795 
54730000      885  2.5487103e-10      67440.294 
54740000      885   1.535778e-10      67455.745 
54750000      885  2.3472906e-10      67471.161 
54760000      885  2.3224798e-10      67487.486 
54770000      885  6.5957054e-10      67502.746 
54780000      885  7.9282436e-11      67517.777 
54790000      885  7.0576424e-11      67532.984 
54800000      885  6.1721227e-11      67548.224 
54810000      885  8.2350329e-11      67563.446 
54820000      885  1.3880824e-10      67579.366 
54830000      885  1.0061313e-10       67594.71 
54840000      885  1.1962955e-10      67609.926 
54850000      885  1.4129614e-10      67625.046 
54860000      885  1.6247918e-10       67641.01 
54870000      885  6.3274898e-11      67656.255 
54880000      885  7.1504632e-11      67671.357 
54890000      885  1.3051723e-10      67686.408 
54900000      885  1.3506196e-10      67701.547 
54910000      885  2.5533769e-10      67716.831 
54920000      885  1.7058788e-10      67732.214 
54930000      885  2.0003517e-10      67747.459 
54940000      885  1.0298258e-10      67763.464 
54950000      885  1.0275217e-10      67778.676 
54960000      885  1.0880904e-10       67794.83 
54970000      885  1.2242377e-10      67810.126 
54980000      885   2.943205e-10       67825.49 
54990000      885  2.2417377e-10      67840.707 
55000000      885  2.3468596e-10      67856.032 
55010000      885  1.4684505e-10      67871.207 
55020000      885  1.2460306e-10      67886.498 
55030000      885  1.8873443e-10      67901.825 
55040000      885  1.3278784e-10      67917.028 
55050000      885  6.5015324e-11      67932.183 
55060000      885  7.3396253e-11      67948.883 
55070000      885  7.3894346e-11      67963.886 
55080000      885  8.3805712e-11       67978.82 
55090000      885  7.5691209e-11      67993.697 
55100000      885  5.5328293e-11      68008.713 
55110000      885  4.2062663e-11      68023.702 
55120000      885  4.5044559e-11      68038.798 
55130000      885  5.7210391e-11      68053.813 
55140000      885  5.3510356e-11      68068.783 
55150000      885   4.366197e-11      68083.671 
55160000      885  5.5669196e-11      68099.506 
55170000      885  5.3442803e-11      68115.102 
55180000      885  4.8851907e-11      68129.974 
55190000      885  3.5506536e-09      68144.801 
55200000      885  4.7196313e-11       68159.81 
55210000      885  6.0507954e-11      68174.629 
55220000      885  5.5986855e-11      68189.313 
55230000      885  4.2148142e-11      68204.094 
55240000      885  5.8098705e-11      68218.784 
55250000      885  1.3555223e-10      68233.419 
55260000      885  4.2719507e-11      68248.848 
55270000      885  6.4530446e-11        68263.7 
55280000      885  9.4093099e-11      68278.459 
55290000      885  6.2261039e-11      68293.278 
55300000      885  9.0293097e-11      68308.887 
55310000      885  4.3054595e-11      68323.543 
55320000      885  3.8889957e-11      68338.114 
55330000      885  4.5278555e-11      68352.587 
55340000      885  7.5521241e-11      68367.084 
55350000      885  4.3630019e-11       68381.57 
55360000      885  4.7048629e-11      68396.023 
55370000      885  4.0041221e-11      68411.338 
55380000      885  6.5586377e-11      68425.686 
55390000      885  8.8406759e-11      68440.009 
55400000      885  8.3525314e-11      68454.544 
55410000      885  7.5578615e-11      68468.763 
55420000      885  5.3904418e-11      68483.572 
55430000      885  5.6667395e-11      68497.727 
55440000      885  4.6483599e-11      68511.856 
55450000      885  5.8085719e-11      68525.952 
55460000      885  1.1313225e-10      68541.076 
55470000      885  5.2278808e-11      68555.199 
55480000      885  6.8776579e-11      68569.145 
55490000      885  6.1445918e-11      68583.168 
55500000      885  7.4798371e-11      68597.239 
55510000      885  1.1792678e-10      68611.331 
55520000      885  1.2270222e-10       68625.45 
55530000      885  7.7858278e-11      68639.365 
55540000      885  7.2140474e-11      68653.908 
55550000      885  5.8348818e-11      68668.101 
55560000      885  8.2925369e-11      68682.461 
55570000      885  5.8080691e-11      68696.333 
55580000      885  4.7255027e-11      68710.141 
55590000      885  8.7156249e-11      68723.932 
55600000      885  6.4256954e-11       68737.78 
55610000      885  7.5963426e-11      68751.614 
55620000      885  4.3604677e-11      68765.456 
55630000      885  5.1741861e-11      68779.132 
55640000      885  7.1382582e-11      68792.838 
55650000      885  5.2643442e-11      68806.588 
55660000      885  6.8845493e-11      68820.195 
55670000      885  5.5881553e-11      68835.349 
55680000      885  7.3775111e-11      68849.072 
55690000      885  7.3667622e-11      68862.757 
55700000      885  2.7163945e-09      68876.699 
55710000      885  1.6828461e-10      68890.827 
55720000      885  1.8012293e-10      68904.518 
55730000      885  2.3451448e-10      68918.274 
55740000      885  9.3929805e-11      68932.073 
55750000      885  3.9391324e-10       68945.98 
55760000      885  9.1690019e-10      68960.428 
55770000      885  3.3354597e-10      68974.052 
55780000      885  9.0736616e-10       68987.73 
55790000      885  1.1037946e-10      69001.323 
55800000      885  2.7621769e-08      69015.751 
55810000      885  6.5448986e-10      69029.278 
55820000      885  1.2294821e-08      69042.872 
55830000      885  8.3760531e-11      69056.509 
55840000      885  4.4842584e-10      69070.114 
55850000      885  1.4571594e-10      69083.887 
55860000      885   5.932153e-11      69098.596 
55870000      885  9.5487158e-11      69112.479 
55880000      885  8.4202373e-11       69126.32 
55890000      885  5.7997755e-11      69140.033 
55900000      885  8.1909525e-11      69153.792 
55910000      885  1.2335002e-10      69167.713 
55920000      885  6.1703078e-11      69181.616 
55930000      885  1.2724516e-10      69196.152 
55940000      885  7.4718311e-11      69209.953 
55950000      885  1.1959421e-10      69223.832 
55960000      885  9.8191512e-11      69238.621 
55970000      885  1.2781796e-10      69252.494 
55980000      885  6.3037154e-11      69266.208 
55990000      885  1.0700011e-10      69279.858 
56000000      885   6.917153e-11      69293.736 
56010000      885   6.554812e-11      69307.333 
56020000      885  1.2913281e-10      69320.977 
56030000      885  3.3616942e-10      69335.138 
56040000      885  2.5652644e-10      69349.035 
56050000      885  8.6321849e-11      69363.725 
56060000      885   3.537448e-10      69378.684 
56070000      885  2.9395587e-10      69392.482 
56080000      885  9.1631131e-10      69406.055 
56090000      885   2.302625e-10      69419.453 
56100000      885  1.2667368e-10       69432.94 
56110000      885  8.3733665e-11      69446.454 
56120000      885  8.0260309e-11      69460.083 
56130000      885  9.5196968e-11      69473.823 
56140000      885  7.3941615e-11      69487.948 
56150000      885  8.2560825e-11      69502.075 
56160000      885  7.4638849e-11      69515.713 
56170000      885  8.3801907e-11      69529.434 
56180000      885  8.1824831e-11      69543.078 
56190000      885   6.571285e-11      69557.299 
56200000      885  1.2584893e-10      69571.095 
56210000      885  1.7660679e-10      69584.887 
56220000      885   2.207229e-10      69598.632 
56230000      885  1.6471134e-10      69612.853 
56240000      885  2.4274444e-10      69628.603 
56250000      885  8.6710953e-10      69642.962 
56260000      885  6.1671552e-10      69656.637 
56270000      885  6.7046578e-10      69670.256 
56280000      885    5.65479e-10      69683.695 
56290000      885  4.8753251e-10      69697.168 
56300000      885  5.3918007e-10      69710.654 
56310000      885  3.4292096e-10      69723.979 
56320000      885  3.8165652e-10      69738.277 
56330000      885  2.2524552e-10      69752.231 
56340000      885  1.2524543e-10      69765.431 
56350000      885  8.5979642e-10      69778.637 
56360000      885  2.2391695e-10      69791.753 
56370000      885  2.7128508e-10      69804.773 
56380000      885  5.1489876e-10      69817.926 
56390000      885  2.5166413e-10      69831.037 
56400000      885  4.3021156e-10      69844.047 
56410000      885  1.5945969e-10       69857.05 
56420000      885  3.4208839e-10       69871.02 
56430000      885  1.0594021e-08      69884.027 
56440000      885  5.4986099e-10      69897.123 
56450000      885  3.9259505e-10      69909.997 
56460000      885  3.5118942e-10      69923.544 
56470000      885  6.6873597e-10      69936.374 
56480000      885  4.7463589e-10      69949.253 
56490000      885  2.7077455e-10      69962.066 
56500000      885  1.0034328e-10      69974.999 
56510000      885  5.3631372e-10      69987.534 
56520000      885  1.7146516e-08      70001.101 
56530000      885  6.0057321e-11      70013.669 
56540000      885  3.7188758e-09       70026.12 
56550000      885  2.1973041e-09      70038.531 
56560000      885  1.6372963e-09      70051.066 
56570000      885  1.9643996e-10      70063.553 
56580000      885   2.044874e-10        70076.2 
56590000      885  1.0752363e-10      70088.765 
56600000      885   1.278547e-10      70102.123 
56610000      885  1.0173891e-10      70114.731 
56620000      885  6.3783461e-11      70128.134 
56630000      885  5.0894811e-11       70140.46 
56640000      885  5.3396221e-11      70152.676 
56650000      885  7.7252508e-11      70164.903 
56660000      885  5.7986973e-11      70177.104 
56670000      885  7.7815113e-11      70189.293 
56680000      885  8.7891419e-11      70201.462 
56690000      885  6.1591338e-11      70213.466 
56700000      885  1.3716659e-10      70225.487 
56710000      885  1.8107552e-10      70237.525 
56720000      885  1.1490691e-10       70249.97 
56730000      885  1.1539917e-10      70262.494 
56740000      885  6.9101709e-11      70275.163 
56750000      885  4.7897142e-11      70287.014 
56760000      885   4.982945e-11       70298.78 
56770000      885  1.0398378e-10      70310.537 
56780000      885  5.4316561e-11      70322.333 
56790000      885  5.1622978e-11      70333.974 
56800000      885  5.1301011e-11      70345.756 
56810000      885  5.0144724e-11      70357.264 
56820000      885  4.6376358e-11      70368.764 
56830000      885  4.2788358e-11      70380.768 
56840000      885  5.6381374e-11      70392.749 
56850000      885  8.7663754e-11      70404.333 
56860000      885  5.5813003e-11      70415.872 
56870000      885  1.0722743e-08      70427.394 
56880000      885  6.2015114e-11      70439.035 
56890000      885  7.7552852e-11      70450.546 
56900000      885  1.3904756e-10      70462.746 
56910000      885  7.1675299e-10      70474.314 
56920000      885  5.2876858e-10      70485.861 
56930000      885  6.9410499e-10      70497.468 
56940000      885  4.3978872e-10      70508.971 
56950000      885  2.1180142e-10      70520.474 
56960000      885   1.109712e-09      70533.136 
56970000      885  2.7360693e-10      70544.824 
56980000      885  1.4820172e-10      70556.347 
56990000      885  1.0211825e-10        70567.8 
57000000      885  1.8823865e-10      70579.582 
57010000      885  1.0351453e-10      70591.092 
57020000      885  1.1887141e-10      70602.608 
57030000      885  9.0700206e-11       70614.23 
57040000      885  5.9168756e-11      70625.759 
57050000      885  9.3765925e-10      70637.916 
57060000      885  1.2746116e-09      70649.499 
57070000      885  7.9748053e-10      70662.066 
57080000      885  1.4776216e-08      70673.705 
57090000      885  3.7751805e-09      70685.263 
57100000      885  1.9720908e-09      70696.983 
57110000      885  2.1709618e-09      70708.365 
57120000      885  4.8581245e-11      70719.703 
57130000      885  6.2868877e-10      70731.001 
57140000      885  1.4260742e-08      70742.294 
57150000      885  1.0241181e-09      70754.644 
57160000      885  1.0826604e-09       70766.13 
57170000      885  9.7018106e-11      70777.564 
57180000      885  1.0725884e-10       70790.06 
57190000      885  1.2821264e-10      70801.807 
57200000      885  2.7400951e-10      70814.868 
57210000      885   1.247445e-10      70826.574 
57220000      885  1.8985006e-10      70838.217 
57230000      885  2.9100174e-10      70849.888 
57240000      885   1.740856e-10      70861.592 
57250000      885  4.1803707e-09      70873.139 
57260000      885  1.6679722e-10        70885.1 
57270000      885  6.5259651e-11      70896.485 
57280000      885  7.5576401e-11      70907.818 
57290000      885  8.5610544e-11      70920.243 
57300000      885  1.3926834e-10      70931.673 
57310000      885  1.1931359e-10      70943.045 
57320000      885  1.2478598e-10      70954.495 
57330000      885  1.0066833e-10      70965.885 
57340000      885  8.4414157e-11      70977.211 
57350000      885  1.6611175e-10      70988.584 
57360000      885  1.2044404e-10      71000.673 
57370000      885  1.0091481e-10      71012.036 
57380000      885  1.7118825e-09      71023.396 
57390000      885  9.7477292e-11      71034.781 
57400000      885  5.9524891e-11      71047.262 
57410000      885  6.9180451e-11      71058.708 
57420000      885  1.4802697e-10      71070.206 
57430000      885  6.7484524e-10      71081.642 
57440000      885   7.773068e-11      71093.162 
57450000      885  1.0960813e-10      71104.639 
57460000      885  1.2130463e-10      71116.122 
57470000      885  1.3746948e-10      71127.652 
57480000      885  1.9553919e-10      71139.116 
57490000      885  1.1516833e-10      71150.527 
57500000      885  1.1853258e-10      71161.897 
57510000      885   1.944498e-10      71174.973 
57520000      885  3.9435315e-10      71186.438 
57530000      885  9.6388549e-11      71197.875 
57540000      885  1.4143739e-10      71209.246 
57550000      885  1.4212548e-10       71220.56 
57560000      885  2.6191119e-10      71231.958 
57570000      885  2.4144371e-10      71243.372 
57580000      885  1.6613963e-10      71254.879 
57590000      885   4.274624e-10      71266.542 
57600000      885  2.6844107e-10      71278.197 
57610000      885  1.4658236e-10      71289.644 
57620000      885    7.02462e-11      71302.024 
57630000      885  7.3057553e-11        71313.5 
57640000      885  7.0542283e-10      71325.147 
57650000      885  3.6722729e-10      71336.948 
57660000      885  8.4180812e-10      71348.533 
57670000      885  1.3367444e-10      71360.883 
57680000      885  8.7858653e-11      71372.692 
57690000      885  1.6430223e-10      71384.616 
57700000      885  4.7622246e-11        71396.5 
57710000      885  4.4015168e-11      71408.148 
57720000      885  4.5115363e-11      71419.875 
57730000      885  5.8270146e-11      71432.537 
57740000      885  5.3325217e-11      71444.356 
57750000      885   5.001848e-11      71456.136 
57760000      885  4.1612923e-11      71467.945 
57770000      885  1.5255606e-10      71479.866 
57780000      885  4.3964773e-11      71491.747 
57790000      885  9.2465463e-11      71503.726 
57800000      885  1.4770698e-10      71515.819 
57810000      885   5.935606e-11      71527.751 
57820000      885  1.8482775e-10      71540.412 
57830000      885  5.9785873e-11      71553.164 
57840000      885  2.1378348e-08      71565.506 
57850000      885  1.0416573e-10       71577.59 
57860000      885  7.9066354e-11       71589.66 
57870000      885  6.1281293e-11      71601.794 
57880000      885  1.0704809e-10      71614.042 
57890000      885   9.307858e-11       71626.29 
57900000      885   2.648548e-10      71638.508 
57910000      885  2.7252184e-10      71650.689 
57920000      885  4.5722091e-11      71662.872 
57930000      885  5.6688583e-11        71675.1 
57940000      885  6.9467111e-11      71687.823 
57950000      885  8.3334738e-11      71700.654 
57960000      885  1.3450577e-10      71713.003 
57970000      885  1.4457009e-10      71726.183 
57980000      885  2.0100812e-10       71738.75 
57990000      885  6.0037797e-10      71751.386 
58000000      885  9.2039976e-11      71764.106 
58010000      885  4.7625449e-10      71776.863 
58020000      885  6.7772356e-11      71789.564 
58030000      885  1.5458302e-10      71802.267 
58040000      885   1.515034e-10      71815.295 
58050000      885  7.1696001e-11      71828.891 
58060000      885  5.0220011e-11      71841.572 
58070000      885  5.6421938e-11      71854.248 
58080000      885  4.5286159e-11      71867.031 
58090000      885  7.1951376e-11       71879.81 
58100000      885  1.9505693e-10      71892.745 
58110000      885   5.972415e-11      71906.449 
58120000      885  7.3030463e-11      71919.347 
58130000      885  1.5483731e-10      71932.427 
58140000      885  1.0998628e-10      71946.278 
58150000      885   7.996112e-11      71959.606 
58160000      885  1.3665726e-10      71972.886 
58170000      885  5.7625411e-11      71986.039 
58180000      885  5.9515083e-11      71999.154 
58190000      885  5.4729018e-11      72012.314 
58200000      885  8.3704405e-11      72025.661 
58210000      885  1.4223882e-10      72039.018 
58220000      885  2.8225381e-10      72052.493 
58230000      885  1.8645868e-10      72065.962 
58240000      885  7.7097091e-10      72081.085 
58250000      885  1.8428323e-10      72094.586 
58260000      885  9.7374978e-11      72108.012 
58270000      885  7.7736978e-11      72121.358 
58280000      885  7.2504622e-11       72134.68 
58290000      885  6.1149307e-11      72148.103 
58300000      885  7.7467758e-11      72161.514 
58310000      885   1.226991e-10      72175.226 
58320000      885  2.8443745e-09      72188.801 
58330000      885  4.6462424e-10      72202.222 
58340000      885   4.928821e-10      72216.661 
58350000      885   3.748815e-10      72230.319 
58360000      885  2.2447904e-10      72244.195 
58370000      885  1.8013906e-10      72258.685 
58380000      885  1.7353362e-10      72272.308 
58390000      885  1.2200923e-10      72286.012 
58400000      885  1.0716477e-10      72300.029 
58410000      885  2.5962388e-10      72313.581 
58420000      885  3.4300056e-10       72327.21 
58430000      885  1.4042071e-10      72340.672 
58440000      885   1.056533e-10      72354.562 
58450000      885  6.3769393e-11      72368.569 
58460000      885  8.8366693e-11      72382.118 
58470000      885  9.0860566e-11      72395.596 
58480000      885  6.7902974e-11      72409.091 
58490000      885  9.8288937e-11      72422.589 
58500000      885   1.755856e-10       72436.86 
58510000      885  2.0704013e-10      72450.318 
58520000      885  1.4762787e-10      72463.767 
58530000      885  8.2090183e-11      72477.267 
58540000      885   1.345511e-10      72491.312 
58550000      885  6.1197803e-11      72505.355 
58560000      885  5.4446549e-11      72518.845 
58570000      885  9.7427964e-11      72532.389 
58580000      885  7.3952279e-11      72545.747 
58590000      885  5.6861915e-11      72559.219 
58600000      885  5.7862114e-11      72572.885 
58610000      885  7.3494506e-11      72586.462 
58620000      885  1.3707611e-10       72600.17 
58630000      885  7.5270003e-11      72614.297 
58640000      885  6.3427894e-11      72627.841 
58650000      885  6.4127064e-11      72642.321 
58660000      885  1.1488838e-10      72655.957 
58670000      885   1.085584e-10      72669.532 
58680000      885  1.1301731e-10      72683.045 
58690000      885   8.072327e-11      72696.659 
58700000      885  7.8930035e-11      72710.269 
58710000      885  6.7106024e-11      72723.814 
58720000      885  1.3205581e-10      72737.396 
58730000      885  5.4977391e-11      72750.863 
58740000      885   5.828666e-11      72765.271 
58750000      885   6.161578e-11      72778.901 
58760000      885  9.8663321e-11      72792.468 
58770000      885  7.0115991e-11      72806.707 
58780000      885  1.2473942e-10      72820.175 
58790000      885  7.4699278e-11      72833.656 
58800000      885  1.2079504e-10      72847.306 
58810000      885  1.2031228e-10      72860.858 
58820000      885   1.189671e-10      72874.433 
58830000      885   1.406891e-10      72888.615 
58840000      885  1.8805389e-10      72902.988 
58850000      885  2.3764752e-10      72916.797 
58860000      885  2.4937075e-10      72930.605 
58870000      885  1.9167006e-10      72944.535 
58880000      885   3.108951e-10      72958.488 
58890000      885  3.5604408e-10      72972.352 
58900000      885  3.5949169e-10      72987.073 
58910000      885  3.7247498e-10      73001.234 
58920000      885  4.0622423e-08      73015.183 
58930000      885  2.7994759e-10      73029.162 
58940000      885  1.6071767e-09       73044.39 
58950000      885   1.140067e-09       73058.36 
58960000      885  7.8648465e-09      73072.269 
58970000      885  1.8619871e-09      73086.609 
58980000      885  3.4201388e-10      73100.534 
58990000      885  5.7681065e-10      73114.519 
59000000      885  2.1935281e-09      73128.763 
59010000      885  2.3119449e-10      73142.845 
59020000      885  1.8110601e-10      73157.444 
59030000      885  2.4132423e-10        73172.3 
59040000      885  3.1512728e-10      73186.256 
59050000      885  2.5360921e-10      73200.252 
59060000      885  9.0324123e-10      73214.111 
59070000      885  6.8910446e-10      73227.987 
59080000      885  1.3571947e-09      73242.021 
59090000      885  8.1430361e-10      73255.903 
59100000      885   2.791601e-10       73269.89 
59110000      885  3.0162564e-10      73283.895 
59120000      885  6.2900129e-10      73298.843 
59130000      885  8.3853929e-10       73312.93 
59140000      885  4.5875354e-10      73327.075 
59150000      885  8.8475529e-10      73341.809 
59160000      885  2.2915386e-10      73355.895 
59170000      885  3.1121406e-10      73370.154 
59180000      885  1.5307173e-10       73384.32 
59190000      885  2.5530895e-10      73398.438 
59200000      885  2.4558058e-10      73412.701 
59210000      885  2.7875272e-10      73427.966 
59220000      885   6.423043e-10      73442.255 
59230000      885  1.2300521e-10      73456.569 
59240000      885  1.1837504e-10       73470.81 
59250000      885  2.7559672e-09      73485.158 
59260000      885  8.7001861e-11      73499.448 
59270000      885  2.1753951e-08      73514.382 
59280000      885  6.7921605e-11      73528.691 
59290000      885  8.8653818e-11      73543.059 
59300000      885  1.5247613e-10      73558.399 
59310000      885  8.0372721e-11      73572.969 
59320000      885  6.9898383e-10      73587.642 
59330000      885  3.3738837e-10      73602.353 
59340000      885  1.1388109e-10      73616.928 
59350000      885  7.8216147e-11      73631.544 
59360000      885  1.3815716e-09      73646.441 
59370000      885  2.0662348e-10      73661.141 
59380000      885  1.5223625e-10      73676.282 
59390000      885  2.2066657e-10      73691.872 
59400000      885  1.2931098e-10      73707.616 
59410000      885  1.1418222e-10      73722.676 
59420000      885  1.0430413e-10      73737.683 
59430000      885  1.0404718e-10      73752.609 
59440000      885  1.3722956e-10      73767.645 
59450000      885  5.5962159e-11      73782.648 
59460000      885  1.6726962e-10      73797.777 
59470000      885  1.5018908e-10      73813.986 
59480000      885  1.6312014e-10      73829.391 
59490000      885  1.1140691e-10      73844.805 
59500000      885   9.420424e-11      73859.924 
59510000      885  8.3692086e-11       73875.68 
59520000      885  1.2856505e-10       73890.92 
59530000      885  5.1567731e-11      73906.048 
59540000      885  7.0765985e-11      73921.141 
59550000      885  7.9493574e-11      73937.205 
59560000      885  1.2383017e-10      73952.331 
59570000      885  6.4511967e-11      73967.481 
59580000      885  5.6425873e-11      73982.666 
59590000      885  6.9788835e-11      73997.791 
59600000      885  7.7641785e-11      74012.999 
59610000      885  1.8809334e-10      74028.326 
59620000      885  1.3309291e-10      74043.758 
59630000      885   1.222059e-10      74060.249 
59640000      885  2.5237656e-10      74076.012 
59650000      885  2.7531046e-10      74091.308 
59660000      885   8.136274e-11      74106.638 
59670000      885  1.5679215e-10      74121.824 
59680000      885  1.6073057e-10       74137.11 
59690000      885  2.0087235e-10       74152.41 
59700000      885  8.2241552e-11       74167.77 
59710000      885  1.0486193e-10      74183.058 
59720000      885  4.7688364e-11      74199.229 
59730000      885  4.7937224e-11      74214.495 
59740000      885  4.6010665e-11      74229.769 
59750000      885  4.9107641e-11      74245.758 
59760000      885  1.1218422e-10      74261.042 
59770000      885  4.4553544e-11      74276.275 
59780000      885   4.808406e-11      74291.506 
59790000      885  1.0323679e-10      74306.799 
59800000      885  9.0130791e-11      74323.099 
59810000      885  6.0782316e-11      74338.345 
59820000      885  7.4631778e-11      74353.445 
59830000      885  8.6231972e-11      74368.646 
59840000      885  8.8251022e-11      74383.785 
59850000      885  1.2269875e-10      74399.087 
59860000      885  2.3376607e-10      74415.426 
59870000      885  1.0999483e-10      74430.547 
59880000      885  1.3788849e-10      74446.872 
59890000      885  9.2946703e-11       74462.06 
59900000      885  1.0427494e-10      74477.286 
59910000      885    9.25179e-11      74492.863 
59920000      885   1.975467e-10      74508.019 
59930000      885  7.2308501e-11      74523.297 
59940000      885  7.2884445e-11      74538.237 
59950000      885  7.3600888e-11      74553.218 
59960000      885  7.8009791e-11      74568.657 
59970000      885  1.0930594e-10      74584.237 
59980000      885  1.2120766e-10      74600.012 
59990000      885  9.8721919e-11       74615.17 
60000000      885  1.4095063e-10      74630.299 
60010000      885  6.7963959e-11       74645.21 
60020000      885  1.1926977e-10      74660.089 
60030000      885  9.5892414e-11      74674.879 
60040000      885  1.6223592e-10      74689.669 
60050000      885  6.7461205e-10      74705.835 
60060000      885  1.2161074e-10       74720.82 
60070000      885  2.3259511e-10      74735.776 
60080000      885  6.6784997e-10        74750.8 
60090000      885  1.2245103e-10      74765.475 
60100000      885  1.5409984e-10      74781.046 
60110000      885  1.7214908e-10      74796.038 
60120000      885  5.3738571e-10      74810.921 
60130000      885  2.4456252e-10      74826.619 
60140000      885  1.1234913e-10      74841.356 
60150000      885  1.0276218e-10        74856.1 
60160000      885  1.5762709e-10      74870.828 
60170000      885  6.3188733e-10      74885.558 
60180000      885  1.1206891e-10      74900.204 
60190000      885  6.5797595e-11      74914.785 
60200000      885  7.7118581e-11      74929.509 
60210000      885  3.4531496e-10      74944.549 
60220000      885  2.0011889e-10      74960.212 
60230000      885  8.0898529e-10      74974.826 
60240000      885  1.0849805e-09      74989.474 
60250000      885  1.4315537e-10      75003.944 
60260000      885  9.6599434e-11      75018.369 
60270000      885  1.1002917e-10      75032.731 
60280000      885  1.1513803e-10      75047.048 
60290000      885  9.9420671e-11      75061.338 
60300000      885  7.7655596e-11      75078.029 
60310000      885  1.0597942e-10      75092.785 
60320000      885  8.3132226e-10      75107.173 
60330000      885  2.2381974e-10      75121.594 
60340000      885  4.4461976e-09      75136.749 
60350000      885  2.3211736e-09      75151.133 
60360000      885   3.006083e-08      75165.529 
60370000      885  3.2891883e-09      75179.947 
60380000      885  5.8598904e-10      75194.389 
60390000      885  4.2368691e-10      75209.783 
60400000      885  2.1659779e-10       75224.19 
60410000      885  2.1989596e-10       75238.57 
60420000      885  1.8196196e-09      75252.846 
60430000      885  1.4888077e-08      75267.201 
60440000      885  4.8218812e-10      75281.414 
60450000      885     1.2234e-09      75295.622 
60460000      885  1.4046003e-08      75309.853 
60470000      885  1.7661399e-10      75325.239 
60480000      885  1.0736436e-10      75339.864 
60490000      885  7.4207772e-10      75354.132 
60500000      885  1.6933258e-10      75368.235 
60510000      885  1.3079564e-10      75382.469 
60520000      885  1.6387947e-10      75396.727 
60530000      885  9.2411123e-11      75411.016 
60540000      885  1.1266072e-10      75425.253 
60550000      885  1.7290441e-10      75439.646 
60560000      885  1.5746865e-10      75455.082 
60570000      885  2.0346989e-10      75469.622 
60580000      885  2.6749785e-10      75484.133 
60590000      885   1.684371e-10      75499.293 
60600000      885  5.4158509e-10      75513.843 
60610000      885  2.9740763e-10      75528.417 
60620000      885  2.7436872e-10      75543.162 
60630000      885   1.535545e-10      75557.806 
60640000      885  1.3422771e-10       75572.38 
60650000      885  2.9004075e-10      75588.092 
60660000      885  1.6617556e-10      75602.757 
60670000      885   1.666586e-10      75617.339 
60680000      885  1.4577164e-10      75631.969 
60690000      885  3.2078784e-10      75646.716 
60700000      885  1.6717679e-10       75661.59 
60710000      885  1.2014327e-09      75677.183 
60720000      885  2.5710514e-10      75692.052 
60730000      885  3.7002611e-10      75707.973 
60740000      885  1.9518791e-10      75723.009 
60750000      885  1.5040256e-10      75737.839 
60760000      885  1.5297964e-10        75752.7 
60770000      885  2.6315653e-10      75767.745 
60780000      885  2.8096772e-10      75782.833 
60790000      885   2.378127e-10      75797.869 
60800000      885   2.745022e-10      75813.035 
60810000      885  2.3198349e-10          75828 
60820000      885  3.8359006e-10      75843.013 
60830000      885   2.659388e-10       75859.34 
60840000      885  1.4146164e-10      75874.722 
60850000      885  1.1043521e-09      75889.627 
60860000      885  1.2156429e-09      75904.658 
60870000      885  2.0261389e-10      75919.684 
60880000      885  1.5257188e-10      75934.744 
60890000      885  1.9480037e-10      75949.905 
60900000      885  7.3964869e-11      75965.002 
60910000      885   9.442766e-11      75979.944 
60920000      885  8.7179932e-11      75995.927 
60930000      885  6.3158607e-11      76011.012 
60940000      885  1.2961615e-10      76025.999 
60950000      885   7.370665e-11      76041.549 
60960000      885   1.091542e-10      76056.373 
60970000      885  1.0802238e-10      76071.007 
60980000      885  7.4491392e-11      76085.536 
60990000      885  7.5886465e-11       76100.16 
61000000      885  4.4053607e-11      76115.929 
61010000      885  4.5515986e-11      76130.857 
61020000      885  7.7319661e-11      76145.528 
61030000      885  7.8539212e-11      76160.195 
61040000      885  6.5584086e-11      76174.818 
61050000      885   5.212219e-11      76189.608 
61060000      885  1.2205468e-10      76204.588 
61070000      885  8.9563685e-11      76220.199 
61080000      885  6.1861627e-11      76234.861 
61090000      885  6.1674177e-11      76250.486 
61100000      885  8.3739518e-11      76265.341 
61110000      885  6.4944431e-11      76279.961 
61120000      885  7.5542201e-11      76294.541 
61130000      885  6.8874502e-11      76309.136 
61140000      885  1.2724843e-10       76323.76 
61150000      885  6.3375667e-11      76338.207 
61160000      885  5.2268079e-11      76352.652 
61170000      885  1.5696719e-10      76367.175 
61180000      885  5.6075106e-11      76382.538 
61190000      885  6.0013674e-11      76397.723 
61200000      885  5.9573162e-11      76412.404 
61210000      885  7.8492167e-11      76426.987 
61220000      885  6.0610814e-11      76441.463 
61230000      885  1.0539206e-10      76455.994 
61240000      885   6.499043e-11      76470.507 
61250000      885  6.5863811e-11      76484.998 
61260000      885   6.229414e-11      76500.569 
61270000      885  7.4351419e-11      76515.123 
61280000      885   1.046435e-10      76529.607 
61290000      885  2.5962267e-10      76544.122 
61300000      885  1.1252494e-10      76558.689 
61310000      885  2.7631296e-10      76573.798 
61320000      885  1.4971002e-10      76588.193 
61330000      885  3.7423858e-10      76602.522 
61340000      885  2.5877668e-10      76616.844 
61350000      885  1.5862509e-10       76632.15 
61360000      885  5.8095739e-11      76646.576 
61370000      885  7.2516962e-11      76660.926 
61380000      885  1.6853647e-10      76675.159 
61390000      885  1.8564329e-10      76689.609 
61400000      885  1.1629234e-09       76704.22 
61410000      885  8.8691092e-11      76718.668 
61420000      885  1.0936266e-10       76733.06 
61430000      885  6.3987542e-11      76747.621 
61440000      885  1.0054524e-10      76763.552 
61450000      885  7.0319878e-11      76777.802 
61460000      885  1.0061548e-10      76791.943 
61470000      885  2.3491048e-10      76805.976 
61480000      885  1.9016231e-10      76819.977 
61490000      885  1.0040417e-10        76833.9 
61500000      885  1.9854741e-10      76847.888 
61510000      885  2.7159374e-10      76861.948 
61520000      885  1.4310575e-10      76876.389 
61530000      885  7.4785062e-10      76890.823 
61540000      885  1.9877596e-10      76904.771 
61550000      885  2.9801459e-10      76918.529 
61560000      885  2.0358213e-10      76932.444 
61570000      885   9.796383e-11      76946.873 
61580000      885   1.792282e-10      76960.629 
61590000      885  1.2819943e-10      76974.406 
61600000      885  9.2407504e-11      76988.356 
61610000      885  9.3488905e-11      77002.564 
61620000      885   9.607012e-11      77016.671 
61630000      885  3.5964979e-10      77030.197 
61640000      885   3.820175e-10      77043.705 
61650000      885  1.3604723e-09      77057.324 
61660000      885  1.1388636e-08      77070.853 
61670000      885   2.715578e-08      77084.408 
61680000      885  6.7600351e-10      77098.077 
61690000      885  5.5213414e-10      77111.813 
61700000      885  5.7936443e-10      77126.222 
61710000      885  7.0004134e-10      77140.976 
61720000      885  9.3885815e-10      77154.568 
61730000      885  1.3896262e-09      77168.144 
61740000      885  9.2567971e-10        77181.8 
61750000      885  1.3003566e-09      77195.356 
61760000      885  3.4538929e-09      77209.064 
61770000      885  8.7680143e-10      77222.774 
61780000      885  3.5949848e-09      77236.415 
61790000      885  4.3637146e-10      77249.637 
61800000      885  2.7594535e-10      77263.928 
61810000      885  4.3970699e-10      77277.218 
61820000      885  2.3433224e-10       77290.39 
61830000      885  7.1439544e-10      77304.365 
61840000      885  5.0925813e-10      77317.718 
61850000      885  1.3498374e-10        77331.1 
61860000      885  3.0042852e-10      77344.487 
61870000      885  1.6564409e-10      77357.838 
61880000      885  5.8316506e-10      77371.204 
61890000      885  1.5929046e-10      77384.425 
61900000      885  3.6553154e-10      77398.529 
61910000      885  5.2633806e-10      77412.459 
61920000      885  4.1097197e-09      77425.906 
61930000      885  4.9241643e-10      77439.485 
61940000      885  3.5523451e-10      77452.925 
61950000      885  3.3462121e-10      77466.315 
61960000      885  3.0378733e-10      77480.451 
61970000      885  2.5072252e-10      77493.807 
61980000      885  1.7165507e-10      77506.992 
61990000      885  2.1167947e-10       77520.21 
62000000      885  2.3968812e-10      77534.452 
62010000      885  1.6617432e-10      77547.642 
62020000      885    1.00787e-10      77560.686 
62030000      885  1.4368087e-10      77573.762 
62040000      885  8.3388711e-11      77586.865 
62050000      885  9.3186683e-11      77599.975 
62060000      885  1.1374136e-10      77613.178 
62070000      885  6.2790373e-11       77626.43 
62080000      885  2.3588687e-10      77640.109 
62090000      885  6.5085851e-09      77654.885 
62100000      885  3.3298329e-10      77668.609 
62110000      885  2.5529916e-10      77681.715 
62120000      885  1.9656966e-10       77694.89 
62130000      885  1.4795512e-10       77707.94 
62140000      885  2.8523756e-10      77720.983 
62150000      885  1.7248087e-10      77734.189 
62160000      885   8.521942e-11      77747.306 
62170000      885  1.4047161e-09      77760.389 
62180000      885  1.6576776e-10      77773.457 
62190000      885  4.5936419e-11      77786.457 
62200000      885    4.28582e-11      77799.686 
62210000      885  4.7028117e-11      77813.676 
62220000      885  8.6721293e-11      77826.747 
62230000      885  7.9111387e-11      77840.465 
62240000      885  7.8118357e-11      77853.489 
62250000      885  5.2122535e-11      77866.483 
62260000      885  8.4142696e-11      77879.548 
62270000      885  1.2055507e-10       77892.66 
62280000      885  6.0132256e-11      77905.648 
62290000      885  5.0105846e-11      77918.585 
62300000      885  6.9372782e-11      77931.603 
62310000      885  6.0886151e-11      77944.589 
62320000      885  4.7716197e-11      77957.575 
62330000      885  4.1267331e-11       77971.53 
62340000      885  4.0999698e-11      77984.576 
62350000      885   7.334188e-11      77997.605 
62360000      885  2.1944562e-10       78011.13 
62370000      885  8.2182712e-11      78024.748 
62380000      885  6.1376403e-11      78037.662 
62390000      885  7.2510873e-11      78050.487 
62400000      885  2.6374488e-10      78063.461 
62410000      885  2.3986691e-10      78076.285 
62420000      885  1.5398989e-10      78089.764 
62430000      885  8.0763997e-11      78102.656 
62440000      885  6.8052382e-10      78115.488 
62450000      885  2.6137158e-10      78129.471 
62460000      885  2.8594415e-10      78142.517 
62470000      885  1.4588012e-10      78155.428 
62480000      885  2.0224944e-10      78168.247 
62490000      885  6.6325172e-11      78180.949 
62500000      885   6.396985e-11      78194.284 
62510000      885  4.2600997e-11      78206.914 
62520000      885  6.7456112e-11      78219.478 
62530000      885  6.2161692e-11      78232.022 
62540000      885  4.6456949e-11      78244.501 
62550000      885  5.5388033e-11      78257.012 
62560000      885  6.8091263e-11      78269.473 
62570000      885  5.7119889e-11      78282.437 
62580000      885  7.2616971e-11      78295.465 
62590000      885  6.7759846e-11      78307.996 
62600000      885  6.2181944e-11       78320.65 
62610000      885  1.4236435e-10      78333.156 
62620000      885  5.8439132e-11      78345.631 
62630000      885  7.1120833e-11      78358.115 
62640000      885  8.1861499e-11      78370.622 
62650000      885  7.2909527e-11      78383.694 
62660000      885  1.4227368e-10      78396.148 
62670000      885  1.4527573e-10      78408.613 
62680000      885  1.3024024e-10      78421.032 
62690000      885  8.1467799e-11      78433.411 
62700000      885   1.010248e-10      78446.735 
62710000      885  6.8463047e-11      78459.193 
62720000      885  6.6973462e-11      78471.572 
62730000      885  8.6191226e-11      78483.903 
62740000      885  6.2425555e-11      78496.284 
62750000      885  7.1433406e-11      78508.552 
62760000      885  2.8680106e-10       78521.22 
62770000      885  3.8937063e-10      78533.573 
62780000      885  8.6851516e-10      78545.898 
62790000      885  3.8485724e-10      78558.862 
62800000      885  4.2351742e-10      78571.265 
62810000      885   1.562981e-10      78583.396 
62820000      885  5.3516114e-11      78595.995 
62830000      885  8.3063857e-11      78608.533 
62840000      885  9.8823998e-11      78620.541 
62850000      885  8.9163845e-11      78632.513 
62860000      885  3.7595594e-10      78644.467 
62870000      885   1.204406e-10       78656.47 
62880000      885  1.7301365e-10      78668.443 
62890000      885  7.7761718e-10      78680.269 
62900000      885  2.1686846e-10      78692.249 
62910000      885  3.0716059e-10      78704.152 
62920000      885   1.220336e-10      78715.796 
62930000      885  8.3956035e-10      78727.523 
62940000      885   7.529755e-11      78739.903 
62950000      885  1.1377422e-09      78752.217 
62960000      885  1.6712238e-08      78764.443 
62970000      885  1.5262521e-08      78776.085 
62980000      885  2.6332548e-10      78787.806 
62990000      885  8.6623309e-10      78799.585 
63000000      885  9.5678289e-10      78811.129 
63010000      885  7.1637283e-10      78822.642 
63020000      885  3.7950904e-10      78834.077 
63030000      885  3.6242886e-10      78845.563 
63040000      885  2.6604304e-10      78857.115 
63050000      885  2.7767356e-10      78868.678 
63060000      885   1.106227e-10      78880.074 
63070000      885  1.5298508e-10      78891.649 
63080000      885  1.3595932e-10      78903.219 
63090000      885  1.1068858e-10      78916.404 
63100000      885  1.3762604e-10      78927.811 
63110000      885  1.7188113e-10       78939.16 
63120000      885  8.4619103e-11      78950.525 
63130000      885  7.6456875e-11      78961.918 
63140000      885    5.20965e-10      78973.366 
63150000      885  2.4867242e-10      78984.846 
63160000      885  9.1737826e-11      78996.172 
63170000      885  1.2336879e-10      79007.887 
63180000      885  1.4346628e-10      79019.409 
63190000      885  9.1756036e-11       79030.75 
63200000      885  2.0818636e-10       79042.13 
63210000      885  1.1372364e-09      79053.428 
63220000      885  3.1397375e-10      79065.129 
63230000      885  1.8546764e-10      79077.121 
63240000      885  1.4473939e-10      79088.552 
63250000      885  1.5979359e-10      79100.777 
63260000      885  7.4427122e-10       79112.92 
63270000      885  4.8657201e-10      79124.508 
63280000      885  5.7588658e-10      79136.156 
63290000      885  5.0883969e-10      79147.851 
63300000      885  2.3458028e-10      79159.631 
63310000      885  1.8253992e-10      79171.346 
63320000      885  1.9307963e-10      79183.004 
63330000      885  9.8781682e-11      79194.669 
63340000      885  9.7295959e-11      79206.312 
63350000      885  6.6828429e-11      79217.865 
63360000      885  7.7568108e-11       79230.44 
63370000      885  5.7481187e-11      79242.083 
63380000      885   1.181526e-10      79253.618 
63390000      885  2.5021911e-10      79265.324 
63400000      885  5.4120397e-11      79277.701 
63410000      885  1.5320459e-10      79289.265 
63420000      885  6.4638383e-10      79301.144 
63430000      885  2.0389099e-10      79312.877 
63440000      885  1.1070204e-10      79324.474 
63450000      885  9.7176177e-11      79336.112 
63460000      885  6.5162608e-11      79347.763 
63470000      885  1.1570054e-10      79359.521 
63480000      885  1.9567663e-10      79371.397 
63490000      885  3.7657904e-10      79384.249 
63500000      885  1.6708671e-10      79396.204 
63510000      885  1.7882165e-10      79407.976 
63520000      885  1.3112077e-10       79419.64 
63530000      885  1.4522457e-10      79431.329 
63540000      885  5.4079928e-11      79442.805 
63550000      885  4.2855268e-11      79454.917 
63560000      885  5.7473417e-11      79466.297 
63570000      885  5.7758457e-11      79477.707 
63580000      885  4.3266724e-11      79489.087 
63590000      885  4.2219305e-11      79500.468 
63600000      885  5.9148437e-11      79512.005 
63610000      885  5.0339442e-11      79523.371 
63620000      885   4.376293e-11      79534.806 
63630000      885  4.6186803e-11      79547.279 
63640000      885  5.4674126e-11      79558.932 
63650000      885   5.717818e-11      79570.494 
63660000      885  3.8759168e-11      79582.021 
63670000      885   3.861462e-11      79593.619 
63680000      885  4.4194794e-11      79605.229 
63690000      885   4.055997e-11      79616.873 
63700000      885  4.5027261e-11      79628.474 
63710000      885  6.4286797e-11      79640.759 
63720000      885  9.2490782e-11      79652.559 
63730000      885  1.3011865e-10      79664.338 
63740000      885  1.0726959e-10      79676.208 
63750000      885  5.4539161e-11       79688.01 
63760000      885  5.4113217e-11      79700.323 
63770000      885  4.5900297e-11      79712.711 
63780000      885  2.2816545e-10      79724.611 
63790000      885  1.7541735e-09      79736.591 
63800000      885  6.4513042e-11      79748.812 
63810000      885  6.3355504e-11      79760.786 
63820000      885  5.1101897e-11      79772.742 
63830000      885  7.3499433e-11      79784.774 
63840000      885  9.5062631e-11      79796.792 
63850000      885   1.248285e-10       79808.95 
63860000      885    9.32789e-11       79821.77 
63870000      885  7.6767164e-11      79833.857 
63880000      885  1.7411899e-10      79846.016 
63890000      885  9.2807644e-11      79858.687 
63900000      885  5.6009799e-11      79871.355 
63910000      885  4.2614861e-11      79883.507 
63920000      885  5.3344872e-11      79895.586 
63930000      885  5.8139183e-11      79907.717 
63940000      885   5.493214e-11      79919.899 
63950000      885  5.2536632e-11      79932.094 
63960000      885  5.9380405e-11      79944.332 
63970000      885   6.079801e-11      79956.534 
63980000      885  5.3948511e-11      79968.723 
63990000      885  4.9964981e-11       79980.92 
64000000      885  8.4210908e-11      79993.983 
64010000      885   5.575743e-11      80006.176 
64020000      885  7.7611017e-09      80019.279 
64030000      885  2.8468515e-10      80032.588 
64040000      885  1.0183916e-10      80045.199 
64050000      885  2.3491015e-10      80057.654 
64060000      885  2.1614449e-09      80070.271 
64070000      885  2.0031101e-10      80082.749 
64080000      885  5.8228048e-11      80095.221 
64090000      885  4.8211437e-11      80107.684 
64100000      885  6.4037526e-11       80120.25 
64110000      885  5.8601822e-11      80132.947 
64120000      885  6.5962433e-11      80145.648 
64130000      885  8.0243931e-11        80158.4 
64140000      885  6.1272152e-11      80171.195 
64150000      885  1.2755697e-10      80185.684 
64160000      885  1.2105433e-10       80198.71 
64170000      885  1.4758782e-10      80211.628 
64180000      885  1.8586451e-09      80224.533 
64190000      885  3.4216136e-09      80237.435 
64200000      885  1.2646352e-08      80250.374 
64210000      885  3.8799842e-10      80263.303 
64220000      885  8.3083455e-11      80276.243 
64230000      885  1.1070802e-09      80289.286 
64240000      885  1.3962605e-10      80302.496 
64250000      885  4.3681162e-10      80316.801 
64260000      885  1.6327134e-10      80330.211 
64270000      885  1.1015142e-10      80343.498 
64280000      885  4.1617834e-10       80357.36 
64290000      885  1.0026615e-10      80370.575 
64300000      885  3.4984866e-09      80383.851 
64310000      885  2.8468467e-10      80397.047 
64320000      885  4.4264782e-10      80410.262 
64330000      885  2.5517407e-10      80423.496 
64340000      885  3.2513143e-08       80436.85 
64350000      885  2.4697989e-10      80451.138 
64360000      885  2.0989768e-10      80464.734 
64370000      885  3.3651475e-10       80478.24 
64380000      885  2.2466355e-10      80491.798 
64390000      885  1.3288214e-08      80505.249 
64400000      885  1.1310362e-10      80518.745 
64410000      885  1.0842115e-10      80532.062 
64420000      885  2.0998784e-10      80546.157 
64430000      885  2.9374716e-10       80559.46 
64440000      885  4.7155559e-10      80572.792 
64450000      885  1.8079216e-10      80587.134 
64460000      885  1.7535893e-09      80600.515 
64470000      885  1.9120095e-10      80613.837 
64480000      885  2.9195736e-10      80627.301 
64490000      885  1.1984795e-09      80641.057 
64500000      885  4.4707875e-10      80655.027 
64510000      885  4.2080232e-10      80668.539 
64520000      885  3.1621516e-10      80682.107 
64530000      885  2.5781068e-10      80695.666 
64540000      885  4.2986862e-10      80710.478 
64550000      885  9.4638214e-11      80724.738 
64560000      885  1.0679436e-10      80738.335 
64570000      885   8.701666e-11      80751.929 
64580000      885  1.0854051e-09      80765.559 
64590000      885  9.0251533e-11      80779.424 
64600000      885  2.4707163e-10      80793.119 
64610000      885  5.2603784e-10      80806.903 
64620000      885  2.8100587e-10      80820.704 
64630000      885  3.4805592e-10      80834.513 
64640000      885  3.6722554e-10      80848.682 
64650000      885  1.3213467e-10       80862.87 
64660000      885  2.0792069e-10      80876.915 
64670000      885  3.0099187e-10      80890.743 
64680000      885   4.685276e-10      80905.214 
64690000      885  2.7243238e-10      80918.959 
64700000      885   4.016337e-10      80932.623 
64710000      885  1.5813468e-08      80946.372 
64720000      885  1.3092154e-10      80960.042 
64730000      885  7.9599923e-11      80973.637 
64740000      885  1.2779642e-08       80987.23 
64750000      885  7.0218102e-09      81001.713 
64760000      885  3.3726081e-10      81015.251 
64770000      885  1.2477618e-10      81028.955 
64780000      885  4.4823626e-10      81042.763 
64790000      885  1.5720462e-10      81056.647 
64800000      885  7.8093584e-11      81070.638 
64810000      885  1.3035505e-10      81085.126 
64820000      885  2.3093866e-10      81098.988 
64830000      885  4.9848219e-09      81112.903 
64840000      885  3.5544421e-09       81127.53 
64850000      885  2.1452156e-08      81141.494 
64860000      885  1.5989871e-09      81155.291 
64870000      885  1.3510863e-10      81169.143 
64880000      885  9.7806192e-11      81182.907 
64890000      885  6.7991937e-11      81196.545 
64900000      885  5.9849131e-11       81210.24 
64910000      885  8.7413458e-10      81224.127 
64920000      885  2.1714639e-10      81238.128 
64930000      885  1.8308051e-10      81252.007 
64940000      885  2.7664945e-10      81266.643 
64950000      885  3.0440142e-10      81280.597 
64960000      885  2.7268467e-10      81295.589 
64970000      885  1.5721724e-10      81309.497 
64980000      885  1.1208689e-10      81323.394 
64990000      885  5.8480002e-11      81337.232 
65000000      885  6.0070034e-11      81351.051 
65010000      885  5.6779438e-11      81364.643 
65020000      885  1.0747094e-10      81378.273 
65030000      885  2.9193985e-10       81392.14 
65040000      885  1.2467092e-10      81406.041 
65050000      885  4.3701984e-11      81420.747 
65060000      885  4.1485618e-11      81435.152 
65070000      885  4.7491123e-11      81448.849 
65080000      885  8.0447244e-11      81462.552 
65090000      885  5.7039888e-11      81476.292 
65100000      885  6.4444577e-11      81490.121 
65110000      885   1.625568e-10      81504.024 
65120000      885  1.6010383e-10      81518.022 
65130000      885  1.5496792e-10      81532.066 
65140000      885  5.3913529e-10      81547.068 
65150000      885  6.9744819e-11      81560.938 
65160000      885  1.4841407e-10      81574.657 
65170000      885  7.7548185e-11      81588.355 
65180000      885   1.052484e-10      81602.169 
65190000      885   1.052406e-10      81617.323 
65200000      885  1.8930402e-10      81631.579 
65210000      885  2.0507317e-10      81645.688 
65220000      885  8.5314526e-11      81659.745 
65230000      885  6.3445727e-11       81673.63 
65240000      885  7.2067921e-11      81688.129 
65250000      885   6.786497e-11      81703.118 
65260000      885  2.8974644e-10      81717.128 
65270000      885  1.0533005e-10      81731.142 
65280000      885  1.3686235e-10      81745.387 
65290000      885  2.7410689e-10      81759.535 
65300000      885   2.159203e-10      81773.715 
65310000      885  3.5184227e-10      81787.842 
65320000      885  3.3983904e-10      81802.687 
65330000      885   1.330138e-10      81816.832 
65340000      885  4.6350221e-11      81830.866 
65350000      885  6.0030927e-11      81844.858 
65360000      885  1.1149679e-09      81859.633 
65370000      885  1.0922522e-10      81874.336 
65380000      885  8.0782063e-11      81888.506 
65390000      885  5.7963409e-11      81902.665 
65400000      885  5.7216232e-11      81916.939 
65410000      885  5.5927957e-11      81931.176 
65420000      885  5.6189117e-11      81945.466 
65430000      885  7.4954544e-11      81959.979 
65440000      885  5.9638401e-11      81975.209 
65450000      885  1.3320717e-10      81990.765 
65460000      885  1.6265536e-10      82005.526 
65470000      885  5.7110602e-11      82020.256 
65480000      885  7.2790828e-11      82034.783 
65490000      885  7.9434699e-11      82049.354 
65500000      885  6.1604475e-11      82063.872 
65510000      885  6.7324379e-11      82078.513 
65520000      885  6.4933101e-11      82093.162 
65530000      885   9.183493e-11        82107.9 
65540000      885    6.32738e-11      82123.509 
65550000      885  9.5391926e-09       82138.31 
65560000      885  8.1558229e-11      82153.742 
65570000      885  7.0830231e-11      82168.509 
65580000      885  1.1161811e-10      82183.249 
65590000      885  1.7782363e-09       82198.21 
65600000      885  2.1450632e-10      82213.439 
65610000      885  3.9031043e-08      82228.612 
65620000      885  6.2604593e-09      82243.944 
65630000      885  1.9877842e-10      82259.858 
65640000      885  8.2979339e-11      82274.943 
65650000      885  9.5242771e-11      82290.066 
65660000      885  4.0266964e-10      82305.519 
65670000      885  7.1894443e-11      82320.653 
65680000      885  2.4755134e-10      82336.305 
65690000      885  2.2404636e-10      82351.294 
65700000      885  1.3413699e-08      82366.499 
65710000      885  9.7690748e-11      82381.746 
65720000      885   1.029271e-10      82396.985 
65730000      885  4.1464757e-10      82413.369 
65740000      885  9.4086412e-10      82429.118 
65750000      885  1.9842998e-10      82444.322 
65760000      885  1.0366772e-09      82459.645 
65770000      885  1.8283989e-09      82475.261 
65780000      885  3.6500961e-10      82490.546 
65790000      885  8.8717922e-10      82505.913 
65800000      885  4.9533279e-10      82522.121 
65810000      885  1.1152291e-10      82537.516 
65820000      885  1.7394618e-10      82552.744 
65830000      885  9.6117246e-10      82569.072 
65840000      885  6.4415778e-10      82584.679 
65850000      885   2.742506e-10      82600.052 
65860000      885  2.0726746e-10      82615.349 
65870000      885  1.8104256e-10      82630.666 
65880000      885  2.0908281e-10      82645.952 
65890000      885  1.8531922e-10      82661.082 
65900000      885  1.8951838e-10      82676.432 
65910000      885  5.2546489e-10      82691.732 
65920000      885  1.3886648e-10      82708.248 
65930000      885  1.5391004e-10      82724.416 
65940000      885  1.5175861e-10      82739.749 
65950000      885  3.9630568e-10      82755.448 
65960000      885  2.7738598e-10      82770.903 
65970000      885  7.1283125e-10      82787.289 
65980000      885  1.8196203e-10      82803.639 
65990000      885  1.5754469e-10      82818.975 
66000000      885  1.1702552e-10      82834.389 
66010000      885  7.2295356e-11      82849.604 
66020000      885  7.8088186e-11      82864.811 
66030000      885  1.5260641e-10      82881.753 
66040000      885  3.4844716e-10      82897.891 
66050000      885  1.3617318e-10      82913.415 
66060000      885  2.8501157e-09      82929.217 
66070000      885  3.0051512e-09       82944.61 
66080000      885  6.2356243e-09       82960.05 
66090000      885  2.9517284e-10      82975.591 
66100000      885  1.1729632e-09      82991.176 
66110000      885  3.9474896e-10      83007.408 
66120000      885  9.7888252e-09      83023.052 
66130000      885  1.0136441e-09      83038.139 
66140000      885  3.1060702e-08       83053.23 
66150000      885  2.5067264e-08       83068.84 
66160000      885   5.375109e-10      83083.758 
66170000      885  2.4084817e-09      83098.741 
66180000      885  2.7371794e-10      83113.777 
66190000      885  1.4214525e-08      83128.786 
66200000      885  1.1654234e-10      83144.876 
66210000      885  1.8371584e-08      83159.908 
66220000      885  8.9791208e-10       83174.94 
66230000      885  6.8076195e-11      83189.929 
66240000      885  1.6879086e-10      83204.999 
66250000      885  6.5193937e-11      83220.047 
66260000      885  7.5259551e-11      83235.722 
66270000      885   1.082751e-10       83250.77 
66280000      885  9.8218734e-11      83265.951 
66290000      885  8.1441263e-11      83281.073 
66300000      885  1.2144959e-10      83296.096 
66310000      885  2.9570045e-10      83311.191 
66320000      885  3.3515401e-10      83326.217 
66330000      885  2.6094048e-10      83341.362 
66340000      885   8.983285e-10      83356.479 
66350000      885  1.4366405e-10      83371.557 
66360000      885  1.1538165e-10       83386.46 
66370000      885  8.5841537e-11       83401.28 
66380000      885  6.7302319e-11      83416.756 
66390000      885  1.2603428e-10      83431.657 
66400000      885  2.5926654e-10      83446.773 
66410000      885  1.1720888e-10      83461.677 
66420000      885  1.1868096e-10      83476.525 
66430000      885  1.3035617e-10      83492.352 
66440000      885  1.4197505e-10      83507.213 
66450000      885  9.0993806e-11      83521.862 
66460000      885  1.2849597e-10      83536.472 
66470000      885   1.904293e-10      83551.105 
66480000      885  2.0886539e-10      83565.772 
66490000      885  1.5010871e-10      83580.405 
66500000      885  1.3306982e-10      83595.481 
66510000      885  1.1010323e-10       83610.24 
66520000      885  1.3616204e-10      83625.297 
66530000      885  8.7263567e-11      83639.795 
66540000      885  1.5616365e-10      83654.227 
66550000      885   5.774692e-11      83668.633 
66560000      885  6.2945316e-11      83683.088 
66570000      885  5.5692498e-11      83697.559 
66580000      885  7.5596513e-11      83711.991 
66590000      885  9.7575879e-11       83726.47 
66600000      885  5.5264674e-11      83741.067 
66610000      885  3.9879183e-11       83756.46 
66620000      885  4.4950626e-11      83770.943 
66630000      885  4.6235533e-11      83785.966 
66640000      885  5.9243633e-11      83800.357 
66650000      885  6.5769595e-11      83814.696 
66660000      885  1.2253554e-10      83829.011 
66670000      885  5.3037876e-11      83843.263 
66680000      885  5.3325637e-11      83857.505 
66690000      885  4.5752005e-11      83871.718 
66700000      885   5.229898e-11      83886.949 
66710000      885  6.9688553e-11      83901.319 
66720000      885   6.349131e-11      83915.734 
66730000      885  8.7205095e-11      83930.062 
66740000      885  6.2254784e-11      83944.557 
66750000      885  5.4638557e-11      83959.627 
66760000      885  6.6992852e-11      83974.085 
66770000      885  7.1543918e-11      83988.591 
66780000      885  6.2387868e-11      84003.113 
66790000      885  5.0812821e-11      84018.547 
66800000      885  4.6076574e-11      84033.249 
66810000      885  5.4162566e-11       84047.85 
66820000      885  5.9917537e-11      84062.381 
66830000      885  1.8794208e-10      84076.936 
66840000      885   2.676843e-10      84091.904 
66850000      885  1.4924339e-10       84106.64 
66860000      885  1.8323187e-10      84121.388 
66870000      885  1.2279662e-10       84137.19 
66880000      885   1.263298e-10      84152.446 
66890000      885  3.8478821e-10      84167.118 
66900000      885  4.5340265e-09      84181.858 
66910000      885  1.7607925e-08      84196.629 
66920000      885  2.3563731e-09      84211.702 
66930000      885  1.1123196e-10      84226.601 
66940000      885  3.0992294e-10      84241.507 
66950000      885  2.2585559e-10      84256.454 
66960000      885  9.7431428e-11      84271.279 
66970000      885  6.7775057e-11      84286.324 
66980000      885  1.1458864e-10      84301.868 
66990000      885   1.154474e-10      84317.397 
67000000      885  7.0582388e-11      84332.258 
67010000      885  6.4017375e-11      84347.061 
67020000      885  1.1128511e-10      84361.829 
67030000      885  1.0147382e-10      84376.671 
67040000      885  7.6106254e-11      84391.387 
67050000      885  9.2642251e-11      84406.107 
67060000      885  2.8213973e-10      84421.758 
67070000      885  2.0035548e-10      84436.497 
67080000      885  7.5868056e-11      84451.415 
67090000      885   1.245994e-10      84466.304 
67100000      885   6.640102e-11      84481.157 
67110000      885  7.3369098e-11       84496.65 
67120000      885  6.9530365e-11      84511.433 
67130000      885  7.8301206e-11      84526.247 
67140000      885  6.8622427e-11      84541.116 
67150000      885  1.0323359e-10      84557.045 
67160000      885  2.6186026e-10      84572.099 
67170000      885  1.3744174e-09      84587.125 
67180000      885  1.2803066e-10      84602.114 
67190000      885  7.4260659e-11      84616.939 
67200000      885  2.4943173e-10      84631.892 
67210000      885  5.0297793e-10      84646.723 
67220000      885  9.0818595e-11      84661.512 
67230000      885  1.7548869e-10      84677.912 
67240000      885  1.8441313e-10       84692.82 
67250000      885   2.524232e-09      84707.622 
67260000      885  4.1501291e-09       84722.43 
67270000      885  7.6149455e-09      84737.246 
67280000      885  1.6233937e-08      84752.271 
67290000      885  1.7557861e-10      84767.162 
67300000      885   3.768793e-09      84782.098 
67310000      885  8.2748042e-11      84796.908 
67320000      885  2.6652968e-09        84812.7 
67330000      885  2.3802423e-10      84827.651 
67340000      885  4.7036146e-09      84842.647 
67350000      885  2.0696507e-09      84858.533 
67360000      885   3.663129e-10      84873.452 
67370000      885  2.5573008e-09       84888.35 
67380000      885  9.6304379e-10      84903.171 
67390000      885  5.5621901e-10      84918.147 
67400000      885  7.4911701e-09      84933.301 
67410000      885  2.7016126e-09      84949.211 
67420000      885  5.3812868e-10      84964.056 
67430000      885  7.2232463e-09       84978.93 
67440000      885  1.7722352e-08      84993.781 
67450000      885  3.3636054e-08      85008.533 
67460000      885  1.9346694e-10      85023.193 
67470000      885  7.8662988e-10      85038.626 
67480000      885  2.3917731e-10      85053.286 
67490000      885  1.4441931e-09      85068.986 
67500000      885  7.8598439e-10      85083.903 
67510000      885  7.4121212e-09      85098.791 
67520000      885    3.15509e-10      85113.492 
67530000      885   7.183654e-10      85128.152 
67540000      885  8.4356373e-09       85142.73 
67550000      885   2.353246e-10       85157.25 
67560000      885  5.8554073e-10      85171.743 
67570000      885  2.0955732e-10      85186.301 
67580000      885  3.5588215e-10      85200.819 
67590000      885  1.6999681e-10      85217.451 
67600000      885  2.4923715e-10      85232.066 
67610000      885  3.4244268e-10      85246.397 
67620000      885  4.3081159e-10       85260.73 
67630000      885  1.2626453e-09      85275.068 
67640000      885  3.5682792e-10      85289.886 
67650000      885   1.476052e-10      85304.079 
67660000      885  3.4930101e-10      85318.431 
67670000      885  1.8772879e-10      85332.782 
67680000      885   1.250999e-10      85348.136 
67690000      885  1.0974159e-10      85362.291 
67700000      885  2.7555105e-10      85376.476 
67710000      885  2.2666162e-10      85390.688 
67720000      885  1.6083586e-10      85405.484 
67730000      885  3.4670097e-10      85419.633 
67740000      885  2.2143522e-10      85433.734 
67750000      885  1.2557619e-08      85447.823 
67760000      885  1.8045437e-10      85462.098 
67770000      885  1.1550957e-10      85476.711 
67780000      885  1.3262051e-10      85490.589 
67790000      885   3.359387e-10      85504.652 
67800000      885  1.4290021e-10      85518.423 
67810000      885  1.2127085e-10      85532.109 
67820000      885  1.3561912e-10      85545.858 
67830000      885  5.7347487e-11      85559.525 
67840000      885   1.387662e-10      85573.816 
67850000      885  9.8402897e-11      85587.303 
67860000      885  1.1324301e-10      85601.373 
67870000      885  1.7240725e-10      85615.342 
67880000      885  1.5839993e-10      85628.851 
67890000      885  1.4431721e-10      85642.326 
67900000      885  8.9449627e-11      85655.743 
67910000      885  9.7304171e-11      85669.365 
67920000      885  9.7434397e-11      85682.789 
67930000      885  1.4080284e-10      85696.187 
67940000      885  4.6708703e-10      85709.661 
67950000      885  2.9985733e-10      85723.107 
67960000      885  1.5420048e-10      85736.502 
67970000      885  8.2782098e-11      85750.857 
67980000      885  6.4163766e-11      85764.861 
67990000      885  7.8537593e-11      85778.057 
68000000      885   7.042893e-11       85791.37 
68010000      885  5.7234267e-11      85804.486 
68020000      885  5.6776857e-11      85817.551 
68030000      885  1.0319813e-10      85830.667 
68040000      885  1.4473875e-10      85843.872 
68050000      885  3.7493755e-10      85857.115 
68060000      885  1.4696745e-09      85870.339 
68070000      885  1.5662645e-10      85884.737 
68080000      885  3.1506566e-10      85898.115 
68090000      885  1.3770994e-10      85911.273 
68100000      885  1.6661383e-10      85924.368 
68110000      885  1.4245287e-10      85937.985 
68120000      885  2.0262625e-10       85951.18 
68130000      885  2.7056062e-10      85964.452 
68140000      885  4.2361016e-10      85977.631 
68150000      885  2.3849206e-10      85990.872 
68160000      885  3.0596948e-10      86004.099 
68170000      885   1.644298e-10      86018.324 
68180000      885  1.2512587e-10      86031.497 
68190000      885  2.1830751e-10      86044.934 
68200000      885  1.8864993e-10      86058.096 
68210000      885  2.1870869e-10      86071.218 
68220000      885   3.037939e-10      86084.367 
68230000      885  1.6854209e-10      86097.639 
68240000      885  1.0275941e-10      86110.791 
68250000      885   1.122901e-10      86124.533 
68260000      885   2.042965e-10      86137.604 
68270000      885  7.3672443e-11      86150.668 
68280000      885  6.2260272e-11      86164.618 
68290000      885  5.6647091e-11      86177.697 
68300000      885  6.0352833e-11      86190.645 
68310000      885  5.5645259e-11      86203.701 
68320000      885  7.8695265e-11      86216.679 
68330000      885  7.7025888e-11      86229.779 
68340000      885  8.0688315e-11      86242.719 
68350000      885  9.2246112e-11      86255.676 
68360000      885  1.0726643e-10      86268.601 
68370000      885  3.1784902e-10      86281.556 
68380000      885  1.4546982e-10      86295.156 
68390000      885  1.1881476e-10      86308.146 
68400000      885  8.3012199e-11      86322.281 
68410000      885  1.9207521e-10      86335.289 
68420000      885  7.6937209e-10      86348.336 
68430000      885  5.3663908e-10      86361.345 
68440000      885  8.3135925e-10      86374.292 
68450000      885  8.6641268e-11      86387.376 
68460000      885  1.4468891e-10      86400.454 
68470000      885  2.9737959e-10      86413.601 
68480000      885  4.0883588e-10      86426.714 
68490000      885  3.4826503e-10      86439.747 
68500000      885  2.2987493e-10      86452.963 
68510000      885  1.1927992e-10      86467.167 
68520000      885   5.255818e-10      86480.946 
68530000      885  7.3675115e-10      86493.866 
68540000      885  1.9909466e-08      86506.697 
68550000      885  3.6198514e-10      86519.586 
68560000      885  2.4256865e-10      86532.455 
68570000      885  1.5924843e-09      86545.394 
68580000      885  2.0667277e-10      86558.301 
68590000      885  6.4487754e-10      86571.158 
68600000      885  1.6549817e-09      86584.828 
68610000      885  2.3384057e-10      86597.945 
68620000      885  5.5588817e-10      86610.812 
68630000      885  1.1614326e-10      86623.775 
68640000      885  1.8814648e-10      86636.716 
68650000      885  3.2667592e-10      86649.694 
68660000      885  6.2012498e-10      86663.519 
68670000      885  2.5949503e-10       86676.48 
68680000      885   3.386205e-10      86689.424 
68690000      885  1.1066093e-10       86702.36 
68700000      885  1.9475106e-10      86716.345 
68710000      885  9.0639947e-11      86729.264 
68720000      885   1.214841e-10      86742.137 
68730000      885  1.0895082e-10      86755.132 
68740000      885  6.4204789e-10      86769.046 
68750000      885  1.7194825e-09      86782.956 
68760000      885  3.2256248e-08      86795.808 
68770000      885  8.9115302e-10      86808.607 
68780000      885  4.9944878e-10      86821.429 
68790000      885  7.5932967e-10      86834.871 
68800000      885  1.7081211e-09      86848.997 
68810000      885  1.8393794e-10      86861.695 
68820000      885  6.6485897e-10      86874.445 
68830000      885  1.1952336e-09      86887.152 
68840000      885   1.020679e-10      86899.821 
68850000      885  1.4724882e-10       86912.51 
68860000      885  2.9447955e-10      86925.232 
68870000      885   2.023167e-10      86938.002 
68880000      885  1.7235049e-10      86950.633 
68890000      885  3.0574328e-10      86963.189 
68900000      885   2.491643e-10      86976.855 
68910000      885  3.1786475e-09      86989.544 
68920000      885  3.4289703e-10      87002.105 
68930000      885  1.7508345e-09      87015.189 
68940000      885  5.4486389e-10      87027.709 
68950000      885   4.639308e-10      87040.229 
68960000      885  2.9736828e-10      87052.676 
68970000      885  4.2577978e-10      87065.062 
68980000      885  1.2156945e-08       87077.63 
68990000      885  4.4927545e-10      87090.024 
69000000      885  2.2616616e-10      87103.374 
69010000      885  3.5926937e-10      87115.723 
69020000      885  2.9250547e-10      87127.878 
69030000      885  2.6517375e-10      87139.951 
69040000      885  2.6421812e-10      87151.986 
69050000      885  2.3496939e-10      87163.933 
69060000      885  2.4843588e-10          87176 
69070000      885  1.5853419e-10      87188.016 
69080000      885  4.6753971e-10      87200.822 
69090000      885  6.1518408e-10      87212.845 
69100000      885  3.0665628e-10       87225.96 
69110000      885  5.4404605e-09      87237.963 
69120000      885  6.1327818e-09      87249.844 
69130000      885  1.7149047e-08      87261.741 
69140000      885  1.8122229e-10      87273.645 
69150000      885    1.11082e-10      87285.619 
69160000      885  4.5694148e-09      87297.515 
69170000      885  1.0396298e-10      87309.394 
69180000      885  2.1591099e-10      87321.291 
69190000      885  1.4551742e-10      87333.063 
69200000      885  9.3931393e-09      87345.412 
69210000      885  3.9445689e-10      87358.421 
69220000      885  3.2581639e-10      87370.247 
69230000      885  2.6028508e-10      87382.776 
69240000      885  3.5457342e-10      87394.505 
69250000      885  1.7528474e-10      87406.275 
69260000      885  4.7640622e-10      87418.351 
69270000      885   5.953043e-10      87430.549 
69280000      885  4.6930323e-10      87442.267 
69290000      885   2.522362e-10      87453.896 
69300000      885  1.8482729e-10        87465.5 
69310000      885  1.1939068e-10      87478.107 
69320000      885  7.8945411e-11      87489.604 
69330000      885  8.8264659e-11      87501.056 
69340000      885  8.6198122e-11      87512.474 
69350000      885  6.9865683e-11      87523.792 
69360000      885  7.4019148e-11       87535.11 
69370000      885  1.0860173e-10      87546.501 
69380000      885  1.3253609e-10      87558.577 
69390000      885   1.705413e-09      87569.896 
69400000      885  7.8447996e-10      87581.598 
69410000      885  4.6181617e-10      87593.207 
69420000      885  5.3436029e-10      87605.746 
69430000      885  5.0336456e-10       87617.37 
69440000      885  2.8220464e-10      87628.921 
69450000      885  1.4316728e-10      87640.353 
69460000      885  1.1398223e-10        87651.7 
69470000      885  1.5445443e-10          87663 
69480000      885  4.8359001e-10      87674.545 
69490000      885  1.8721465e-10      87686.165 
69500000      885  1.1395167e-10      87697.426 
69510000      885  1.1178063e-10      87708.671 
69520000      885  1.6785726e-10      87719.906 
69530000      885  8.1511186e-10      87732.081 
69540000      885  1.8478735e-10       87744.06 
69550000      885  1.3315054e-10       87755.39 
69560000      885  1.2801503e-10      87766.603 
69570000      885  1.4374427e-10      87777.852 
69580000      885  2.5577902e-10      87789.127 
69590000      885  8.8828261e-11      87800.365 
69600000      885  1.0731589e-10      87811.704 
69610000      885  9.7429527e-11      87822.894 
69620000      885  1.8743994e-10      87834.289 
69630000      885  1.6035569e-10       87845.66 
69640000      885  1.6560175e-10      87858.014 
69650000      885  2.1160152e-10      87869.425 
69660000      885  1.2235224e-10      87880.732 
69670000      885  5.2973086e-10      87892.442 
69680000      885  2.1035604e-10      87903.736 
69690000      885  2.2442208e-10      87915.777 
69700000      885    3.31488e-10      87927.205 
69710000      885  1.1182532e-10      87938.495 
69720000      885  1.3918164e-10       87949.73 
69730000      885  1.8473592e-10      87960.935 
69740000      885  1.8396351e-10      87972.187 
69750000      885  2.0339303e-10      87983.966 
69760000      885   2.475227e-10      87995.892 
69770000      885  1.0912024e-09      88007.491 
69780000      885  2.7372386e-10      88018.888 
69790000      885  2.3308917e-10      88030.313 
69800000      885  6.7064162e-10      88041.798 
69810000      885  2.9205847e-10      88053.304 
69820000      885  2.7649699e-10      88064.761 
69830000      885    3.38283e-10      88076.254 
69840000      885   6.268205e-10       88087.61 
69850000      885  2.6281992e-10      88099.742 
69860000      885  1.2150308e-10      88111.656 
69870000      885  1.7672937e-10      88123.709 
69880000      885  1.2474802e-09      88135.426 
69890000      885  1.6351887e-10      88147.016 
69900000      885   3.478973e-08      88158.474 
69910000      885    8.64998e-11       88169.76 
69920000      885  2.9866398e-10      88180.961 
69930000      885  7.5671063e-10      88192.268 
69940000      885  9.6615451e-11      88203.587 
69950000      885  1.3887515e-09      88215.042 
69960000      885  1.5094322e-10      88226.619 
69970000      885  1.3433716e-09      88238.194 
69980000      885  1.9905491e-10      88249.747 
69990000      885  8.5815553e-09      88261.694 
70000000      885  1.3631942e-09       88274.88 
70010000      885  5.4327004e-10      88286.634 
70020000      885  3.1893896e-10      88298.431 
70030000      885  1.4209722e-09      88310.292 
70040000      885  2.4123589e-09      88322.222 
70050000      885   9.052329e-10      88334.008 
70060000      885  3.7589808e-08      88345.784 
70070000      885   2.679344e-09      88357.648 
70080000      885  1.6898214e-08      88369.579 
70090000      885  4.8680381e-10      88381.578 
70100000      885  4.3133453e-10      88393.425 
70110000      885   1.511337e-08      88405.256 
70120000      885  3.6520435e-09      88417.222 
70130000      885  1.8390871e-09      88430.933 
70140000      885   1.208335e-08      88443.116 
70150000      885  3.6655969e-10      88455.844 
70160000      885  6.2144606e-10      88467.971 
70170000      885  2.3844851e-10      88480.155 
70180000      885  2.4770741e-10      88492.398 
70190000      885  1.9592036e-10      88504.819 
70200000      885  1.0368452e-09      88517.274 
70210000      885  1.6033373e-10      88529.553 
70220000      885  7.5206471e-10      88541.737 
70230000      885  4.6718003e-10      88554.013 
70240000      885  1.0537836e-09      88567.103 
70250000      885  1.2134691e-09      88579.249 
70260000      885  3.6872773e-10      88591.582 
70270000      885  9.3910162e-10      88603.911 
70280000      885  1.9461945e-10      88616.215 
70290000      885  4.4304893e-10       88628.61 
70300000      885  7.0213868e-10      88641.848 
70310000      885  5.3210313e-10      88654.476 
70320000      885  2.3999434e-10      88667.158 
70330000      885  1.5034299e-10       88679.89 
70340000      885  1.0384273e-10      88693.041 
70350000      885  1.0596559e-09      88706.377 
70360000      885  3.3889728e-10      88719.098 
70370000      885  3.8959709e-10      88731.909 
70380000      885  1.4009331e-10      88744.781 
70390000      885  1.0658474e-09      88757.711 
70400000      885  3.0682912e-09      88770.753 
70410000      885  3.0430174e-09      88783.697 
70420000      885  2.1847837e-08      88796.962 
70430000      885  2.2700836e-08      88810.598 
70440000      885  1.7774321e-08      88824.524 
70450000      885  1.2340405e-08      88838.416 
70460000      885  7.8460255e-09      88851.659 
70470000      885   3.261645e-09      88864.731 
70480000      885  6.3393139e-10      88878.089 
70490000      885  2.0685981e-10       88891.75 
70500000      885  1.5193726e-10      88904.986 
70510000      885  2.0180432e-10      88918.301 
70520000      885  1.8339551e-10      88931.593 
70530000      885  2.4448348e-10      88945.002 
70540000      885  7.2107883e-09      88959.256 
70550000      885  9.8318763e-11      88972.474 
70560000      885  1.3118627e-10      88985.666 
70570000      885  1.0020268e-10       88999.42 
70580000      885   1.412707e-10      89012.546 
70590000      885  3.2052654e-09      89025.768 
70600000      885  1.4950486e-10      89039.122 
70610000      885  1.9501525e-10      89052.259 
70620000      885  1.6422162e-10       89065.45 
70630000      885  1.6288255e-10      89078.691 
70640000      885  1.8714431e-10      89092.911 
70650000      885    1.29865e-10      89106.305 
70660000      885  1.7282476e-10      89119.912 
70670000      885  1.5239615e-10      89133.498 
70680000      885  7.3616739e-11       89147.25 
70690000      885   1.668072e-10       89160.76 
70700000      885  8.8025144e-11      89174.886 
70710000      885  2.1471582e-10      89188.371 
70720000      885  2.7693025e-10      89201.947 
70730000      885  1.0443943e-10      89216.351 
70740000      885  7.7411105e-11      89229.661 
70750000      885  8.9549054e-11      89242.955 
70760000      885  9.5923275e-11      89256.352 
70770000      885  1.0432829e-10        89269.7 
70780000      885  1.0552964e-10      89283.064 
70790000      885  1.1624462e-10      89296.513 
70800000      885  4.2117699e-10      89310.259 
70810000      885  1.4789455e-10      89323.882 
70820000      885  4.2028975e-10      89338.562 
70830000      885  1.5786802e-10      89352.806 
70840000      885  1.3727241e-10      89367.157 
70850000      885  1.2182724e-10      89380.956 
70860000      885  1.6603217e-10      89394.774 
70870000      885  4.0225242e-10      89408.421 
70880000      885  1.2782917e-10      89422.049 
70890000      885   1.036278e-10       89435.57 
70900000      885  1.7251513e-10      89449.159 
70910000      885  1.1537809e-10      89462.789 
70920000      885   1.617064e-10      89477.057 
70930000      885  1.2296004e-10      89490.599 
70940000      885  3.1819299e-09      89504.138 
70950000      885  1.2390192e-10      89517.776 
70960000      885  2.1726799e-10      89531.388 
70970000      885  1.0916598e-10      89545.677 
70980000      885  1.6366289e-09      89559.307 
70990000      885  8.6223183e-11      89573.057 
71000000      885  1.8077146e-10      89586.804 
71010000      885  3.1187599e-10      89601.376 
71020000      885  8.3679549e-11      89615.307 
71030000      885  8.2926226e-11       89628.75 
71040000      885  8.4656836e-11      89642.218 
71050000      885  7.8442375e-11      89655.629 
71060000      885  6.3213249e-11      89668.997 
71070000      885  2.2355622e-10      89682.423 
71080000      885  8.4627081e-10      89695.981 
71090000      885  3.3958895e-10      89709.557 
71100000      885   1.992969e-10      89724.314 
71110000      885  2.2565769e-10      89738.546 
71120000      885  1.2427146e-10      89752.246 
71130000      885  1.1166642e-10      89765.957 
71140000      885  2.5500482e-10      89779.756 
71150000      885  1.7741833e-10      89793.656 
71160000      885  2.2802991e-10      89807.548 
71170000      885  4.3096935e-10      89821.348 
71180000      885  3.5560041e-08      89835.152 
71190000      885  7.7546551e-10          89849 
71200000      885  2.2068154e-10      89863.863 
71210000      885  1.8435057e-10      89877.689 
71220000      885  1.3985798e-10       89891.37 
71230000      885  2.9097809e-09       89905.79 
71240000      885    3.17963e-10       89919.58 
71250000      885  3.9127124e-10      89933.128 
71260000      885    7.08344e-10      89946.757 
71270000      885  2.9004204e-10      89960.427 
71280000      885  1.5666113e-09      89974.045 
71290000      885   1.928937e-10      89988.126 
71300000      885   2.732861e-09      90002.374 
71310000      885  1.7122943e-08      90016.237 
71320000      885   1.450224e-09      90029.981 
71330000      885  1.5350147e-10       90043.75 
71340000      885  1.1378951e-10      90057.607 
71350000      885  1.8839698e-09       90071.29 
71360000      885  5.2346707e-09      90085.711 
71370000      885  1.5679498e-09       90099.48 
71380000      885  4.9340394e-10       90113.81 
71390000      885  2.4176493e-10      90128.146 
71400000      885  3.5941743e-09      90142.244 
71410000      885  4.2008158e-10      90156.079 
71420000      885  1.3145952e-09      90170.213 
71430000      885  7.7027211e-10      90184.237 
71440000      885  4.2318949e-10      90198.222 
71450000      885  3.4008574e-10      90212.035 
71460000      885  2.2678648e-10      90225.991 
71470000      885      1.354e-10      90239.984 
71480000      885   1.247821e-10      90255.745 
71490000      885    9.89848e-11      90269.831 
71500000      885  2.6685233e-10      90283.816 
71510000      885  4.7189803e-08      90297.917 
71520000      885  1.0127854e-10      90311.993 
71530000      885  8.2261896e-10       90325.98 
71540000      885  2.3914372e-10      90339.902 
71550000      885  2.0622449e-10      90353.983 
71560000      885  5.1677571e-10      90368.252 
71570000      885   2.117527e-09      90383.138 
71580000      885  1.1148141e-09      90397.827 
71590000      885  7.4303157e-10       90413.23 
71600000      885  4.7550835e-10        90427.6 
71610000      885  5.9057535e-10      90442.753 
71620000      885  1.7646393e-09      90457.221 
71630000      885  2.8895019e-10      90471.668 
71640000      885  2.7649917e-08      90486.164 
71650000      885   1.138009e-08      90500.691 
71660000      885  1.4039882e-10      90515.262 
71670000      885  2.3404222e-10      90529.793 
71680000      885  9.9091219e-10      90545.767 
71690000      885  4.5148738e-10      90560.435 
71700000      885  1.5455906e-09      90575.049 
71710000      885  9.1009621e-09      90589.747 
71720000      885  1.1119536e-09      90604.117 
71730000      885   2.955503e-08      90619.085 
71740000      885  1.2439118e-08      90633.535 
71750000      885  1.0063075e-09      90648.169 
71760000      885  9.4067579e-09      90662.849 
71770000      885  3.7371218e-09      90678.585 
71780000      885  1.3908947e-09      90693.395 
71790000      885  3.5476138e-10      90708.247 
71800000      885  4.1116458e-10      90723.384 
71810000      885   6.177514e-10      90738.482 
71820000      885  2.1921267e-10      90753.448 
71830000      885  1.5648859e-10      90768.719 
71840000      885  2.5992447e-10      90783.724 
71850000      885  1.7315834e-10      90800.186 
71860000      885   1.170003e-10      90815.018 
71870000      885  1.0060085e-10      90829.732 
71880000      885  7.9283026e-11      90844.222 
71890000      885  1.2842792e-10      90858.674 
71900000      885  1.1582841e-10      90873.429 
71910000      885  4.9237685e-10      90888.268 
71920000      885  1.4048266e-10      90902.949 
71930000      885  4.7693008e-10      90917.686 
71940000      885   1.559388e-10       90932.68 
71950000      885  1.3698433e-10      90947.764 
71960000      885  1.7603249e-09      90964.252 
71970000      885  2.1042278e-10      90980.303 
71980000      885  2.3734166e-10      90995.553 
71990000      885  3.1631122e-10      91010.872 
72000000      885  1.8777461e-10      91026.151 
72010000      885  1.7624729e-10      91041.169 
72020000      885  2.6049755e-10      91056.349 
72030000      885  3.3776078e-10      91071.557 
72040000      885  4.7680814e-10       91086.68 
72050000      885  1.8400001e-10      91102.246 
72060000      885  2.2268333e-10      91117.849 
72070000      885  9.8889868e-10       91133.09 
72080000      885   8.527723e-10      91148.504 
72090000      885  5.9962129e-10      91164.509 
72100000      885  2.6753393e-10      91179.798 
72110000      885  1.7209124e-10      91195.137 
72120000      885  1.6933078e-10      91210.344 
72130000      885  1.6573018e-10      91225.728 
72140000      885  2.5965934e-10      91240.894 
72150000      885  1.2998051e-10      91256.928 
72160000      885  7.7045818e-11      91272.073 
72170000      885  4.9707788e-10      91287.194 
72180000      885  2.9571754e-10      91302.295 
72190000      885  3.7381719e-10       91317.14 
72200000      885  6.4227939e-10      91332.089 
72210000      885  9.9371909e-11      91347.714 
72220000      885  1.4711306e-10      91362.792 
72230000      885   2.710262e-09      91378.678 
72240000      885  2.5990614e-10      91393.927 
72250000      885  4.0578105e-09      91409.035 
72260000      885  5.1279254e-10      91424.102 
72270000      885  4.3242146e-10      91439.052 
72280000      885  6.7419483e-10      91453.901 
72290000      885  9.1751424e-10      91469.042 
72300000      885  6.6551328e-10      91483.849 
72310000      885  5.5501365e-10      91498.858 
72320000      885  4.1330888e-10      91515.009 
72330000      885  3.2978497e-10      91529.726 
72340000      885  8.1446057e-10      91544.517 
72350000      885   4.605424e-10      91559.113 
72360000      885  2.9216831e-10      91573.541 
72370000      885  2.1847139e-10      91588.018 
72380000      885  1.1631049e-10      91602.415 
72390000      885  1.2261299e-10      91616.813 
72400000      885  2.3121405e-10      91631.576 
72410000      885  1.4303824e-10      91646.599 
72420000      885  1.8035523e-10      91660.978 
72430000      885  2.9665416e-10      91675.496 
72440000      885  2.6378904e-10      91690.044 
72450000      885  2.1182546e-10      91705.249 
72460000      885  5.2748685e-10       91719.77 
72470000      885   1.913876e-10      91734.311 
72480000      885  1.4727743e-10      91748.724 
72490000      885  6.8865944e-10      91763.755 
72500000      885  4.5535049e-09      91778.321 
72510000      885  3.5320288e-10      91793.746 
72520000      885  2.1880909e-10      91808.218 
72530000      885  6.8664821e-10      91823.297 
72540000      885  7.2131821e-10      91837.571 
72550000      885  3.6809354e-10      91851.926 
72560000      885   3.173649e-10      91866.298 
72570000      885  3.7212143e-10      91881.158 
72580000      885  2.6839703e-09      91895.485 
72590000      885  1.9032892e-09      91909.943 
72600000      885  2.7986601e-09      91925.477 
72610000      885   1.141733e-09      91939.644 
72620000      885   2.256196e-10      91953.706 
72630000      885  1.9729859e-10      91967.784 
72640000      885  2.0089369e-10      91981.721 
72650000      885  2.8914836e-10      91995.604 
72660000      885  2.3132246e-10      92009.498 
72670000      885  4.1480828e-10      92023.381 
72680000      885  6.6678661e-10      92037.369 
72690000      885   4.695532e-10      92052.233 
72700000      885  6.9070412e-10      92066.744 
72710000      885  5.0153865e-10      92080.546 
72720000      885   1.187083e-09      92094.439 
72730000      885  8.0842512e-10      92108.362 
72740000      885  2.3300376e-10      92122.271 
72750000      885  1.8066542e-09      92136.423 
72760000      885  3.8091477e-10        92150.6 
72770000      885  2.4098841e-10      92164.555 
72780000      885  1.5784388e-10      92179.551 
72790000      885  1.5534579e-10      92193.711 
72800000      885  1.1117839e-10      92208.043 
72810000      885  2.6192133e-09      92222.069 
72820000      885  1.0131036e-09      92236.644 
72830000      885  1.3498863e-09      92250.704 
72840000      885  3.6077649e-08      92264.777 
72850000      885  1.0430719e-08       92279.33 
72860000      885  1.8895811e-08      92293.445 
72870000      885  1.3353628e-08       92307.44 
72880000      885  3.4628049e-10      92321.602 
72890000      885   1.298918e-10      92336.426 
72900000      885  6.0636886e-09      92350.708 
72910000      885  1.3483444e-09      92364.877 
72920000      885  9.7596168e-11      92378.972 
72930000      885  4.0198912e-10      92393.131 
72940000      885   1.741307e-10      92407.288 
72950000      885  1.4442548e-10      92422.731 
72960000      885  1.9325555e-10      92437.138 
72970000      885  6.9454481e-10        92451.7 
72980000      885   6.477059e-10      92466.216 
72990000      885   8.305546e-10      92481.662 
73000000      885  5.4392756e-10      92496.904 
73010000      885  1.0277554e-09      92511.729 
73020000      885  2.3738654e-10      92526.302 
73030000      885  4.6964228e-10      92540.859 
73040000      885  8.6971723e-10      92555.383 
73050000      885  2.4942687e-10      92570.106 
73060000      885  3.6495231e-10       92584.84 
73070000      885  2.9130923e-09      92600.246 
73080000      885  4.3146694e-09      92614.903 
73090000      885  6.3045628e-07       92629.78 
73100000      885  4.8270754e-10      92646.231 
73110000      885  1.7879958e-10       92661.12 
73120000      885  1.2538777e-10      92675.898 
73130000      885  1.8345045e-10      92690.706 
73140000      885  1.8042509e-10      92705.364 
73150000      885   1.776076e-10      92720.168 
73160000      885  1.0154236e-10       92734.91 
73170000      885  1.3794698e-10      92749.648 
73180000      885  1.3343477e-10      92764.136 
73190000      885  2.3887797e-10       92779.43 
73200000      885  1.3456768e-10      92794.934 
73210000      885  1.8032103e-09      92809.613 
73220000      885  1.8274303e-10      92824.635 
73230000      885    2.15904e-10       92839.59 
73240000      885  3.5080028e-10      92854.635 
73250000      885  1.6402366e-10      92869.711 
73260000      885    2.69425e-10      92884.802 
73270000      885  1.9663096e-10      92899.955 
73280000      885  1.6450288e-10      92915.083 
73290000      885  1.8107649e-10      92930.204 
73300000      885   6.787084e-11       92945.34 
73310000      885  7.0171127e-11      92961.631 
73320000      885  1.0041624e-10      92976.508 
73330000      885  1.0491091e-10      92991.434 
73340000      885  7.9230648e-11      93006.208 
73350000      885  8.2496205e-11      93020.857 
73360000      885  8.9894801e-11      93035.458 
73370000      885  1.7628989e-10      93050.001 
73380000      885  1.1554968e-10      93064.504 
73390000      885  1.5051763e-10      93080.176 
73400000      885  1.0202498e-09      93095.217 
73410000      885   5.005937e-10      93110.108 
73420000      885  2.9684756e-10      93125.133 
73430000      885  1.5545498e-10      93140.893 
73440000      885  1.9037614e-10      93156.008 
73450000      885  1.6766378e-10      93171.206 
73460000      885   1.144829e-10      93186.364 
73470000      885  1.3367343e-10      93201.565 
73480000      885  1.2821201e-10       93217.65 
73490000      885  9.8868529e-11      93232.686 
73500000      885  9.9191641e-11      93247.538 
73510000      885  1.0239358e-10      93262.366 
73520000      885  1.2754076e-10      93277.047 
73530000      885   6.720324e-11      93291.558 
73540000      885  1.0503948e-10      93306.308 
73550000      885  1.7427594e-10      93321.784 
73560000      885   1.289668e-10      93337.437 
73570000      885  1.1919265e-10      93352.407 
73580000      885  5.4336702e-11      93367.099 
73590000      885  6.9303436e-11      93381.877 
73600000      885  6.8713308e-11      93396.849 
73610000      885  1.1969074e-10      93411.799 
73620000      885  5.1159214e-11      93426.755 
73630000      885  2.3561358e-10      93441.484 
73640000      885  1.1424475e-10      93456.192 
73650000      885  1.5696855e-10      93471.016 
73660000      885  2.9338769e-08      93485.965 
73670000      885  8.2070412e-11      93502.567 
73680000      885  8.9750994e-11      93516.932 
73690000      885  1.1985155e-10       93531.28 
73700000      885  2.6282382e-10      93545.594 
73710000      885  1.2836388e-10      93559.878 
73720000      885  4.1639291e-10      93574.501 
73730000      885  3.7725997e-10      93589.026 
73740000      885  1.4951798e-08      93603.689 
73750000      885   5.132585e-10      93618.764 
73760000      885  2.8717468e-09      93633.787 
73770000      885  1.3987583e-10      93648.106 
73780000      885  3.5663553e-10      93662.451 
73790000      885   1.730445e-09      93677.622 
73800000      885  2.6685953e-10      93692.046 
73810000      885  1.6524451e-10      93706.233 
73820000      885  7.4961352e-11      93720.398 
73830000      885  9.8516691e-11      93734.432 
73840000      885  1.4310649e-10      93749.246 
73850000      885  1.0498684e-10      93763.276 
73860000      885    9.62918e-11      93777.291 
73870000      885  7.6624636e-11      93791.296 
73880000      885  1.2158926e-10      93805.054 
73890000      885  1.0144468e-10      93818.664 
73900000      885  5.7938982e-10      93832.603 
73910000      885  5.9748346e-10      93846.542 
73920000      885  4.8778496e-10      93861.107 
73930000      885  3.0206827e-10       93875.73 
73940000      885  3.7773571e-10       93889.57 
73950000      885  3.1225635e-10      93903.289 
73960000      885  4.1818029e-10      93916.892 
73970000      885   3.375253e-10      93930.466 
73980000      885  5.1075369e-10      93944.118 
73990000      885   2.314914e-10       93957.82 
74000000      885  2.8058013e-10      93971.397 
74010000      885  1.1689159e-10      93984.886 
74020000      885  8.2874467e-10      93998.528 
74030000      885  2.2097876e-10      94013.079 
74040000      885  1.1238459e-10      94026.594 
74050000      885  1.0950273e-10      94040.523 
74060000      885    1.87549e-10      94053.754 
74070000      885  3.3937092e-09      94067.501 
74080000      885  3.6832084e-09      94081.136 
74090000      885  3.8717767e-10      94094.764 
74100000      885  3.0630998e-10      94108.267 
74110000      885  1.2073011e-09      94121.574 
74120000      885  7.3533098e-09      94135.828 
74130000      885  9.1923645e-09      94150.083 
74140000      885  1.9744033e-08      94163.424 
74150000      885  3.8675113e-10      94176.496 
74160000      885  1.9156082e-09      94189.672 
74170000      885  1.3937102e-09      94202.872 
74180000      885  2.4161909e-10      94216.801 
74190000      885  4.0287352e-10      94230.008 
74200000      885  2.5229367e-09        94243.3 
74210000      885  6.4076387e-10      94256.724 
74220000      885  6.3203962e-09      94270.551 
74230000      885   2.025695e-09      94284.623 
74240000      885  4.9948122e-10      94297.881 
74250000      885   5.701186e-10      94311.243 
74260000      885  1.2095077e-08        94324.5 
74270000      885  2.5183337e-08      94337.773 
74280000      885  6.1802953e-09      94350.997 
74290000      885  2.7963403e-10      94364.462 
74300000      885  1.9556157e-10      94377.817 
74310000      885   1.182362e-10      94391.047 
74320000      885  1.2486914e-10      94405.404 
74330000      885  1.6684166e-10      94419.065 
74340000      885  2.3810539e-10      94432.214 
74350000      885  1.7531043e-10      94445.218 
74360000      885  1.5857702e-10      94458.295 
74370000      885  1.8264565e-10      94471.443 
74380000      885  7.4188268e-10      94484.732 
74390000      885  4.6731404e-10       94498.03 
74400000      885  1.8231741e-10      94511.354 
74410000      885  7.7049425e-11      94524.537 
74420000      885  6.9652823e-11      94538.518 
74430000      885  7.4656868e-11      94551.754 
74440000      885  1.4252113e-10       94565.16 
74450000      885  2.4739837e-10      94579.164 
74460000      885  3.4807982e-10      94592.497 
74470000      885  3.2037553e-09      94605.843 
74480000      885  1.7806186e-10      94618.963 
74490000      885  1.3580452e-10      94632.023 
74500000      885  1.9212437e-10      94645.228 
74510000      885  1.2264044e-10       94658.42 
74520000      885  8.5426681e-11      94672.315 
74530000      885  8.4752906e-11      94685.297 
74540000      885  2.0664393e-10      94698.211 
74550000      885  7.2783539e-11      94711.507 
74560000      885  7.1698169e-11      94724.505 
74570000      885  6.7223126e-11      94737.643 
74580000      885  6.5655229e-11      94750.764 
74590000      885  1.2945825e-10      94764.616 
74600000      885  2.6264148e-10      94777.944 
74610000      885  1.4500829e-10      94791.096 
74620000      885  1.1294815e-10      94804.295 
74630000      885  9.0316563e-11       94818.41 
74640000      885  2.3743704e-10      94831.584 
74650000      885  1.2033696e-10      94844.489 
74660000      885  8.5340131e-11      94857.337 
74670000      885  1.1538335e-10       94870.16 
74680000      885  6.4772856e-11      94883.024 
74690000      885  6.2610173e-11       94895.85 
74700000      885  7.1320583e-11       94908.79 
74710000      885  8.9165763e-11      94921.705 
74720000      885  1.7930195e-10      94935.369 
74730000      885   1.328494e-10       94949.36 
74740000      885  8.4115587e-11      94962.451 
74750000      885  5.6678513e-10      94975.502 
74760000      885  2.4484089e-09      94988.892 
74770000      885  3.4615721e-10      95002.151 
74780000      885  2.0400392e-10      95015.036 
74790000      885  6.1170927e-11      95027.864 
74800000      885  7.7965964e-11      95040.836 
74810000      885  1.1108714e-10      95053.748 
74820000      885   8.736467e-11      95066.683 
74830000      885  8.5017959e-11      95079.848 
74840000      885  1.1865583e-10      95092.869 
74850000      885  9.8781539e-11      95105.553 
74860000      885  6.3477828e-11       95118.92 
74870000      885  9.2947094e-11      95131.727 
74880000      885   7.808134e-11      95144.537 
74890000      885  7.2705046e-11      95157.384 
74900000      885  5.8854715e-11      95170.208 
74910000      885  5.0225976e-11      95183.081 
74920000      885  1.0429498e-10      95195.952 
74930000      885  6.9997911e-11      95209.353 
74940000      885  6.0902458e-11      95222.592 
74950000      885  6.1870724e-10      95235.299 
74960000      885   9.397626e-11      95247.872 
74970000      885  5.0980627e-10      95260.406 
74980000      885  1.7704962e-10      95272.845 
74990000      885  4.9960256e-10      95285.293 
75000000      885   4.032498e-10      95298.648 
75010000      885  1.0888422e-09      95311.163 
75020000      885  4.5652649e-10      95323.748 
75030000      885  9.8635069e-11       95336.37 
75040000      885  7.6278539e-11      95349.316 
75050000      885  1.0666677e-10      95362.421 
75060000      885  3.4341272e-09      95375.513 
75070000      885   5.612947e-09      95388.381 
75080000      885  1.6696624e-08      95401.023 
75090000      885  4.1688767e-09      95413.686 
75100000      885  9.1331435e-10      95426.489 
75110000      885   2.824364e-09      95438.507 
75120000      885  9.6126915e-11      95450.536 
75130000      885  6.9362904e-09       95462.58 
75140000      885  1.1291018e-10      95475.307 
75150000      885  1.1321296e-10      95488.259 
75160000      885  9.3382781e-11      95500.178 
75170000      885  8.1010415e-11      95512.104 
75180000      885   1.074698e-10      95524.168 
75190000      885  1.6069531e-10      95536.155 
75200000      885   1.487059e-10      95548.133 
75210000      885  3.6198631e-10      95559.953 
75220000      885  2.0194812e-10      95571.858 
75230000      885  2.6369606e-10      95583.808 
75240000      885  7.7124117e-10      95595.831 
75250000      885  3.4262568e-10      95607.674 
75260000      885  4.3165097e-10      95619.543 
75270000      885  5.1016369e-10      95632.014 
75280000      885  7.4005973e-09      95644.371 
75290000      885  2.6548325e-09      95656.742 
75300000      885  2.2629788e-10      95668.243 
75310000      885  4.1214383e-10      95679.821 
75320000      885  4.6827479e-09      95691.358 
75330000      885    4.00976e-10      95702.901 
75340000      885   2.222891e-10      95714.289 
75350000      885  1.8130071e-10       95725.82 
75360000      885  6.3882497e-09      95737.336 
75370000      885   2.868104e-10       95749.02 
75380000      885   5.720188e-10      95760.752 
75390000      885  3.9292781e-10      95772.483 
75400000      885  5.8020036e-10      95784.284 
75410000      885  5.5466035e-10      95797.252 
75420000      885  2.2065599e-09      95808.987 
75430000      885  8.4618287e-10      95820.547 
75440000      885  8.8010545e-08      95832.338 
75450000      885  6.3099649e-09      95845.258 
75460000      885  6.4921276e-10      95856.849 
75470000      885  1.2932126e-09      95868.385 
75480000      885  7.6830939e-10      95879.866 
75490000      885  5.5396945e-10      95891.347 
75500000      885  1.4363145e-09      95902.889 
75510000      885    8.19269e-10      95914.336 
75520000      885  7.0278927e-10      95925.772 
75530000      885   1.572255e-09      95937.411 
75540000      885  4.1336001e-10      95949.367 
75550000      885  1.7313051e-08      95961.322 
75560000      885  1.3940003e-08       95972.73 
75570000      885  2.5538316e-10      95984.201 
75580000      885  2.5526691e-08       95995.59 
75590000      885  1.1521817e-10      96006.921 
75600000      885  1.4486891e-10      96019.593 
75610000      885  1.2848146e-10      96030.858 
75620000      885  1.5537066e-10      96042.028 
75630000      885   7.347923e-10       96053.68 
75640000      885  5.2663581e-09      96064.993 
75650000      885  6.8751144e-10      96076.247 
75660000      885  2.1962041e-10          96088 
75670000      885  3.6564294e-10      96099.975 
75680000      885  3.7877831e-10        96112.4 
75690000      885   2.079256e-10      96123.746 
75700000      885  3.3094665e-10          96135 
75710000      885  5.6032798e-10      96146.882 
75720000      885  3.6951738e-10      96158.293 
75730000      885  6.5567069e-10      96169.665 
75740000      885  6.4503133e-10      96181.035 
75750000      885  5.0339767e-10      96192.498 
75760000      885  3.5554784e-10      96204.724 
75770000      885  1.6803353e-10      96216.264 
75780000      885  2.7165746e-10      96227.697 
75790000      885   3.205188e-10      96239.087 
75800000      885  2.2365904e-10      96250.484 
75810000      885  1.4172181e-10      96261.848 
75820000      885  1.8489849e-10      96274.222 
75830000      885  1.1773016e-10      96285.682 
75840000      885   2.242749e-10          96297 
75850000      885  1.2598887e-10      96308.314 
75860000      885  8.7114872e-11      96319.564 
75870000      885  8.2992163e-11      96331.043 
75880000      885   8.596981e-11      96342.422 
75890000      885  1.1529596e-10      96353.656 
75900000      885  1.6281081e-10      96364.988 
75910000      885  2.1460975e-10      96377.115 
75920000      885  4.5107061e-09      96388.646 
75930000      885  1.8836147e-09      96401.173 
75940000      885  5.2035576e-10       96412.53 
75950000      885  4.7483124e-10      96423.952 
75960000      885  2.1117428e-10      96435.316 
75970000      885  1.7646089e-10      96446.833 
75980000      885  6.1651665e-10      96458.534 
75990000      885  7.7430215e-10      96470.107 
76000000      885  4.6850521e-10      96481.556 
76010000      885  2.9620183e-10       96492.82 
76020000      885  1.2474091e-10      96504.038 
76030000      885  1.5210206e-10       96515.28 
76040000      885  2.9154097e-10      96527.473 
76050000      885  2.2257657e-10      96539.023 
76060000      885  2.0745741e-10      96550.417 
76070000      885  5.2072068e-10      96562.363 
76080000      885  1.3601561e-10      96573.567 
76090000      885   2.255124e-10       96584.82 
76100000      885   1.644463e-10      96596.258 
76110000      885  2.2998955e-10      96607.741 
76120000      885  1.7747891e-10      96619.232 
76130000      885  3.8828661e-10      96630.889 
76140000      885  3.2868696e-10      96642.479 
76150000      885  3.1896921e-10      96654.547 
76160000      885  3.6395469e-10      96666.702 
76170000      885  1.3325014e-10      96678.443 
76180000      885  9.9021837e-11      96689.961 
76190000      885  7.2459611e-11      96701.601 
76200000      885  6.8363714e-11      96713.367 
76210000      885  6.6283674e-11      96725.029 
76220000      885  9.8375665e-11        96737.4 
76230000      885   1.087105e-09        96749.1 
76240000      885  1.8595277e-09      96760.818 
76250000      885  6.0348038e-10       96772.53 
76260000      885  3.4363513e-09      96785.192 
76270000      885  1.1420337e-08      96797.652 
76280000      885  1.1056014e-09      96809.433 
76290000      885  2.2013632e-09      96821.534 
76300000      885  3.5007257e-08      96833.464 
76310000      885  3.6828626e-10      96845.388 
76320000      885  3.1753167e-10      96857.265 
76330000      885  1.7278397e-10      96869.256 
76340000      885  2.8048289e-10      96881.265 
76350000      885  3.9994905e-10      96893.215 
76360000      885   1.381427e-10      96905.139 
76370000      885  2.3795227e-10      96918.772 
76380000      885  4.1147402e-10      96930.762 
76390000      885  1.7154809e-10      96942.654 
76400000      885  5.0082707e-10      96954.932 
76410000      885  1.8002493e-10      96967.183 
76420000      885  7.9141724e-10      96979.354 
76430000      885    1.82622e-09      96991.742 
76440000      885  2.8582766e-10      97004.406 
76450000      885  2.9123307e-10      97016.756 
76460000      885  1.0917031e-10      97028.959 
76470000      885  3.0832383e-08      97042.213 
76480000      885  1.1624294e-10      97054.569 
76490000      885  1.6482889e-10      97067.036 
76500000      885  9.7136264e-11      97079.345 
76510000      885  2.7798196e-10       97091.76 
76520000      885  1.3250697e-10      97104.938 
76530000      885  1.0521419e-10      97117.575 
76540000      885  3.2201999e-10      97130.355 
76550000      885  1.4974308e-09      97143.138 
76560000      885  2.3899557e-10      97155.964 
76570000      885  2.6717426e-10      97169.737 
76580000      885  2.2294101e-10      97182.606 
76590000      885  6.6768824e-10       97195.43 
76600000      885  9.2210898e-10      97208.374 
76610000      885  3.6937401e-10      97221.225 
76620000      885  3.8650782e-10      97234.004 
76630000      885   2.682421e-10      97247.007 
76640000      885  2.6153007e-10      97259.975 
76650000      885  3.1976637e-10       97273.38 
76660000      885  3.1725116e-10      97286.798 
76670000      885  5.0258215e-10      97300.591 
76680000      885  3.1073434e-10      97313.807 
76690000      885   3.781497e-10      97326.936 
76700000      885  3.5482661e-10      97340.122 
76710000      885  2.1174839e-10      97353.255 
76720000      885  2.3556134e-10       97366.52 
76730000      885  2.4377014e-10      97379.768 
76740000      885  1.7497625e-10      97392.951 
76750000      885  2.0108602e-10      97406.127 
76760000      885  6.8220198e-09      97420.343 
76770000      885  1.9226816e-10       97433.66 
76780000      885  1.9888595e-08      97447.087 
76790000      885   1.217313e-09      97461.145 
76800000      885  3.8645463e-10      97474.575 
76810000      885  6.4984472e-10      97487.825 
76820000      885  6.7428012e-10      97500.985 
76830000      885  3.2083551e-10      97514.122 
76840000      885  4.0192474e-10      97527.215 
76850000      885  1.9113153e-10      97540.527 
76860000      885   1.100622e-09      97554.638 
76870000      885  5.1977422e-10      97568.029 
76880000      885  1.3034319e-08       97581.34 
76890000      885  3.0132275e-10      97594.508 
76900000      885  6.6200173e-09      97607.747 
76910000      885  3.9755161e-10      97621.065 
76920000      885  5.1490532e-10      97635.078 
76930000      885  2.3469248e-09      97648.523 
76940000      885  7.6947081e-10      97661.709 
76950000      885  6.5504556e-10      97675.979 
76960000      885  2.3220923e-10      97689.339 
76970000      885  9.0798633e-11      97702.461 
76980000      885  1.1935587e-10      97715.624 
76990000      885  1.0530073e-10      97728.862 
77000000      885  9.0780144e-11      97742.114 
77010000      885  2.4743116e-10      97755.218 
77020000      885  2.7511143e-10      97768.448 
77030000      885  2.2689082e-10       97781.64 
77040000      885  1.9027879e-10      97794.916 
77050000      885  3.2452611e-10      97809.175 
77060000      885  8.5936987e-10      97823.219 
77070000      885  4.4454957e-10      97836.604 
77080000      885  3.7468706e-10      97849.974 
77090000      885  4.7891053e-10       97863.22 
77100000      885  4.5449483e-10      97876.449 
77110000      885  3.5086444e-10      97889.565 
77120000      885   4.292945e-10      97902.684 
77130000      885  6.9141131e-10      97915.853 
77140000      885  2.7251077e-09       97929.48 
77150000      885  4.5077813e-10      97943.379 
77160000      885  2.5296231e-10      97956.434 
77170000      885  1.3377376e-10      97969.376 
77180000      885  1.7461474e-10      97982.456 
77190000      885  1.5680132e-10      97996.233 
77200000      885  1.1109722e-10       98009.44 
77210000      885  1.2074887e-10      98022.447 
77220000      885  1.5312416e-10      98035.535 
77230000      885  8.6086586e-11       98048.58 
77240000      885  8.1208821e-10      98062.535 
77250000      885  1.6577898e-09      98075.801 
77260000      885  2.7818131e-10      98089.212 
77270000      885   1.246501e-10      98102.263 
77280000      885   1.301484e-10       98115.18 
77290000      885  1.1761211e-10      98128.185 
77300000      885  1.5320722e-10      98141.312 
77310000      885   1.278776e-10      98154.541 
77320000      885   1.236969e-10      98167.502 
77330000      885  1.7399843e-10      98181.086 
77340000      885  2.5976989e-10      98195.173 
77350000      885  1.4164762e-10      98208.343 
77360000      885  1.4236835e-10      98221.512 
77370000      885  1.7208312e-10      98234.541 
77380000      885  1.3419953e-10      98247.476 
77390000      885  1.3412166e-10      98260.545 
77400000      885  6.2318084e-11      98273.869 
77410000      885  5.9902727e-11      98286.899 
77420000      885   1.137014e-10      98299.992 
77430000      885  1.7572716e-10      98314.123 
77440000      885  1.0945121e-10      98327.346 
77450000      885  1.5647604e-10      98340.732 
77460000      885   7.119457e-10       98354.76 
77470000      885  4.8022619e-10      98368.044 
77480000      885  3.2749546e-10      98381.381 
77490000      885   1.974625e-10      98394.672 
77500000      885  2.4446446e-10      98408.073 
77510000      885  1.6813795e-10      98421.453 
77520000      885  1.8617552e-10      98434.937 
77530000      885  9.7598163e-11      98449.282 
77540000      885  1.1904333e-10      98462.609 
77550000      885  1.1633832e-10      98475.991 
77560000      885  8.3421048e-11       98489.42 
77570000      885  6.9086806e-11      98502.785 
77580000      885  3.2184285e-10      98516.319 
77590000      885  1.1489124e-10      98529.799 
77600000      885  5.7132276e-09      98544.232 
77610000      885  8.7895522e-11      98557.864 
77620000      885  7.6277486e-11      98572.401 
77630000      885   1.924889e-10      98586.054 
77640000      885  1.8140136e-10      98599.798 
77650000      885  2.2775767e-10      98613.614 
77660000      885  1.8489447e-09      98627.461 
77670000      885  1.3540002e-08      98641.395 
77680000      885  2.7858517e-10      98655.423 
77690000      885  1.0166977e-10      98669.539 
77700000      885  8.7214759e-10      98685.181 
77710000      885  3.5446076e-10      98700.658 
77720000      885  1.1970833e-10      98715.533 
77730000      885  1.2737223e-09      98729.895 
77740000      885  2.6724184e-10      98744.152 
77750000      885  1.3812465e-09      98758.298 
77760000      885  2.6574264e-10      98772.495 
77770000      885  9.1160981e-10      98786.648 
77780000      885  1.2678007e-10      98801.013 
77790000      885  1.3212139e-10      98815.093 
77800000      885  1.6040422e-10      98830.249 
77810000      885  1.6457161e-10      98844.501 
77820000      885  1.0446988e-10      98858.823 
77830000      885  1.3320469e-10      98873.141 
77840000      885  3.0769504e-08      98887.574 
77850000      885  3.6636606e-10      98902.702 
77860000      885  2.1467273e-10      98917.128 
77870000      885  2.1140438e-10      98931.696 
77880000      885  1.8615542e-10       98946.88 
77890000      885  1.3214201e-10      98962.095 
77900000      885  1.2132079e-10      98976.732 
77910000      885  2.2901309e-10       98991.29 
77920000      885  1.8667558e-10      99005.943 
77930000      885  2.6574321e-10      99020.642 
77940000      885  1.6118208e-10      99035.334 
77950000      885  1.2778694e-10      99050.132 
77960000      885  1.8119016e-10      99064.806 
77970000      885  1.0344757e-10      99080.994 
77980000      885  2.2185123e-10      99095.664 
77990000      885  1.5176131e-09      99110.464 
78000000      885  2.4996462e-10      99125.406 
78010000      885  1.3938528e-09      99140.339 
78020000      885  3.1033427e-09      99155.714 
78030000      885  4.1899763e-10      99170.926 
78040000      885  3.3275375e-10      99186.392 
78050000      885  4.9214269e-10       99201.67 
78060000      885  2.3077343e-10      99218.512 
78070000      885  2.0120322e-10      99233.782 
78080000      885  4.2408267e-10      99248.954 
78090000      885  2.3897939e-09      99264.694 
78100000      885  6.1682376e-10      99279.874 
78110000      885   5.526576e-10      99295.229 
78120000      885  1.6930655e-09      99310.318 
78130000      885  2.6882563e-10      99325.434 
78140000      885  1.7074313e-10      99340.781 
78150000      885  2.7423814e-10      99356.389 
78160000      885  1.8114992e-10      99371.278 
78170000      885  8.0330245e-11      99386.181 
78180000      885  1.2385142e-10      99401.023 
78190000      885   1.033724e-10      99415.851 
78200000      885  1.2021939e-10      99431.028 
78210000      885   5.535448e-10      99446.981 
78220000      885   2.828913e-10      99462.011 
78230000      885  2.2725974e-10        99477.7 
78240000      885   2.589895e-10      99493.055 
78250000      885  4.0022204e-09       99508.12 
78260000      885  5.7854747e-10      99523.241 
78270000      885  1.5787159e-10      99538.329 
78280000      885  1.5283997e-10      99554.842 
78290000      885  1.4098438e-10      99570.202 
78300000      885  4.1989085e-10      99585.124 
78310000      885  2.7296441e-10      99600.084 
78320000      885  3.2284647e-10      99617.159 
78330000      885  4.3246618e-10      99632.247 
78340000      885  4.2947503e-10      99647.336 
78350000      885  3.1405419e-10       99662.44 
78360000      885  2.8329906e-10      99677.527 
78370000      885  4.2329954e-10      99693.463 
78380000      885  2.8910442e-10      99708.436 
78390000      885  3.7137257e-10      99723.437 
78400000      885  2.7762214e-10      99739.508 
78410000      885  4.8021405e-10       99754.49 
78420000      885  2.5926295e-10      99769.294 
78430000      885  2.7553726e-10      99784.034 
78440000      885  2.4710846e-10      99799.317 
78450000      885  2.3365389e-10      99813.954 
78460000      885  9.6856833e-11      99828.568 
78470000      885  1.5231723e-10      99843.241 
78480000      885   9.129307e-11      99857.821 
78490000      885  2.8366929e-10      99873.398 
78500000      885  1.2591523e-10      99888.142 
78510000      885  1.6283461e-10      99902.843 
78520000      885   3.693806e-10      99917.533 
78530000      885  2.5046877e-10      99931.992 
78540000      885  2.7023603e-10       99946.58 
78550000      885  2.0845447e-10       99961.24 
78560000      885  2.2260001e-10      99976.398 
78570000      885  5.4316366e-10      99991.032 
78580000      885  2.5149694e-10      100006.57 
78590000      885  1.3776146e-10      100021.06 
78600000      885  1.4594562e-10      100035.63 
78610000      885   4.185046e-10      100049.95 
78620000      885  6.6853244e-10      100064.17 
78630000      885  3.9489472e-10      100078.44 
78640000      885  1.0703603e-10       100092.6 
78650000      885  1.0165547e-10      100106.67 
78660000      885  9.2862005e-11      100120.63 
78670000      885  8.4222615e-11       100135.2 
78680000      885  1.1259919e-10      100149.65 
78690000      885   3.518028e-10      100164.32 
78700000      885  1.4690934e-10       100178.3 
78710000      885  1.0774761e-10      100192.08 
78720000      885  1.0810844e-09      100205.91 
78730000      885  2.6740452e-09      100219.64 
78740000      885  7.9557735e-11      100233.36 
78750000      885  7.7567054e-11      100247.14 
78760000      885  1.3452465e-10      100261.05 
78770000      885  2.8968299e-10      100276.01 
78780000      885  3.2809069e-10      100290.08 
78790000      885  7.9276902e-11      100304.01 
78800000      885  5.7967492e-11      100318.04 
78810000      885  2.4388994e-10      100331.79 
78820000      885  8.7461576e-11       100346.3 
78830000      885  2.4444356e-08      100359.98 
78840000      885  8.0513461e-11      100373.61 
78850000      885  4.1872504e-10      100387.24 
78860000      885  2.7628548e-09      100401.16 
78870000      885  2.6066664e-09      100414.82 
78880000      885  2.5107263e-10      100429.41 
78890000      885  1.2858726e-10      100443.12 
78900000      885  2.4394868e-10      100456.91 
78910000      885  1.5992111e-10      100470.76 
78920000      885  3.3596478e-10      100484.61 
78930000      885  1.1923013e-09      100498.37 
78940000      885  3.5497875e-10      100512.17 
78950000      885  3.2541768e-10      100526.66 
78960000      885  1.8647051e-10      100540.64 
78970000      885  9.6667552e-11      100554.56 
78980000      885  9.3287502e-11         100569 
78990000      885  1.0804062e-10      100583.53 
79000000      885  1.3735567e-10      100597.82 
79010000      885  9.2946032e-11      100612.16 
79020000      885   9.316388e-11      100626.36 
79030000      885    1.67508e-09      100640.61 
79040000      885   1.151305e-10      100654.97 
79050000      885  1.5572063e-10      100669.31 
79060000      885  3.4506937e-09      100683.66 
79070000      885   9.744243e-10      100698.91 
79080000      885  4.8565394e-10      100713.73 
79090000      885  2.2915172e-10      100727.96 
79100000      885  1.3503122e-10      100742.11 
79110000      885  1.5973986e-10      100756.34 
79120000      885  2.0862421e-10      100770.45 
79130000      885  4.0562374e-10      100784.65 
79140000      885  3.5949642e-10      100798.89 
79150000      885   1.775708e-08       100813.2 
79160000      885  2.0430483e-10      100828.27 
79170000      885   1.482781e-10      100842.96 
79180000      885  1.5877372e-10      100857.52 
79190000      885  1.4339061e-10      100872.21 
79200000      885  1.0072328e-10       100887.6 
79210000      885  1.0365244e-10      100902.01 
79220000      885  1.0319888e-10      100916.52 
79230000      885  1.4317083e-10      100931.11 
79240000      885  1.0776752e-10      100945.72 
79250000      885  1.3786546e-10      100961.22 
79260000      885  1.2340579e-10      100975.81 
79270000      885  1.2981771e-10      100990.43 
79280000      885  1.0618077e-10      101005.13 
79290000      885  7.6068982e-11      101019.82 
79300000      885   4.914808e-10      101034.67 
79310000      885   2.015687e-10      101049.43 
79320000      885  1.0955522e-08      101065.02 
79330000      885  1.4609161e-09      101079.92 
79340000      885  1.0036146e-10      101095.77 
79350000      885  2.4981384e-10      101110.63 
79360000      885  9.8715195e-09       101125.7 
79370000      885   4.613907e-10      101140.82 
79380000      885  1.4225978e-10      101155.71 
79390000      885  1.6621908e-09      101170.87 
79400000      885  5.9123674e-10      101186.08 
79410000      885   7.789086e-09      101201.49 
79420000      885  4.8029989e-09       101217.4 
79430000      885  2.3044641e-08      101232.31 
79440000      885  2.9570615e-08      101248.09 
79450000      885  1.5583904e-09      101263.29 
79460000      885  3.2516561e-10      101278.54 
79470000      885   3.350799e-10      101293.71 
79480000      885  1.1085077e-10      101308.88 
79490000      885    1.40349e-10      101323.96 
79500000      885  2.5427084e-10      101340.02 
79510000      885  4.3156556e-10      101355.31 
79520000      885  4.2877642e-10      101370.59 
79530000      885  3.9344984e-10      101385.82 
79540000      885  4.2703359e-10      101401.16 
79550000      885  2.0487469e-10      101416.85 
79560000      885  2.5090967e-10       101431.9 
79570000      885  2.7299082e-10         101447 
79580000      885  3.6151969e-10      101462.13 
79590000      885  4.6458997e-10      101478.29 
79600000      885  4.2532441e-10      101493.56 
79610000      885  6.9043786e-10      101508.69 
79620000      885  4.2655774e-10      101523.82 
79630000      885  5.8559847e-10         101539 
79640000      885  3.3019732e-10      101554.11 
79650000      885  2.2452012e-10      101569.15 
79660000      885  3.2751492e-10      101584.12 
79670000      885  1.6706543e-10       101600.5 
79680000      885   2.340035e-10      101615.55 
79690000      885  1.7317067e-10      101630.41 
79700000      885  2.1325773e-10      101645.31 
79710000      885  1.7874908e-10      101660.18 
79720000      885  2.4779343e-10      101675.07 
79730000      885  1.4584261e-10      101689.84 
79740000      885  1.9222246e-10       101704.6 
79750000      885  3.7082654e-10       101719.8 
79760000      885  1.5494462e-10      101734.95 
79770000      885  2.1671937e-10      101749.55 
79780000      885  1.2221686e-09      101764.04 
79790000      885  1.3315493e-10       101779.2 
79800000      885  1.4918399e-10      101793.95 
79810000      885  8.0251332e-11      101808.66 
79820000      885  1.3470152e-10      101823.23 
79830000      885  6.6868868e-11      101837.85 
79840000      885  2.4829627e-10      101853.22 
79850000      885  1.1354758e-10      101867.69 
79860000      885  7.8886206e-10      101882.23 
79870000      885  1.4696555e-10      101896.72 
79880000      885  1.2041471e-10      101911.06 
79890000      885  1.9671948e-10      101925.35 
79900000      885  9.4584506e-11      101939.53 
79910000      885  2.0522666e-10      101953.72 
79920000      885  1.8020742e-10       101968.6 
79930000      885  1.3994064e-10       101983.6 
79940000      885  2.0207368e-10      101997.66 
79950000      885  2.8945608e-10      102011.74 
79960000      885  2.8670964e-10      102025.75 
79970000      885  3.8639262e-10      102039.84 
79980000      885  1.9766546e-10      102053.77 
79990000      885  1.1606613e-10      102067.65 
80000000      885  1.1791745e-10      102081.83 
80010000      885  1.4980054e-10      102095.55 
80020000      885  1.4940949e-10      102110.36 
80030000      885  1.5314289e-10       102124.2 
80040000      885  1.3911114e-10      102138.73 
80050000      885  1.6766095e-10      102152.44 
80060000      885   2.017839e-10      102166.17 
80070000      885  1.0780223e-09      102179.78 
80080000      885  1.8224058e-09      102193.38 
80090000      885  3.7031454e-10      102206.98 
80100000      885  1.5115385e-09      102220.58 
80110000      885  3.7949335e-10      102234.86 
80120000      885   1.758532e-10      102248.11 
80130000      885  2.3199261e-10       102261.3 
80140000      885  1.5086728e-10      102274.74 
80150000      885  1.3028212e-10      102288.38 
80160000      885  1.7054764e-10      102302.02 
80170000      885   1.940389e-10      102316.27 
80180000      885  3.0152822e-10      102330.02 
80190000      885  2.7133703e-10      102343.71 
80200000      885  1.8830464e-10      102358.49 
80210000      885  1.9611199e-10      102372.11 
80220000      885  7.8626891e-10      102385.63 
80230000      885  1.1008793e-09      102399.29 
80240000      885  7.9868788e-09      102413.05 
80250000      885  2.7286984e-10      102426.54 
80260000      885  1.9051143e-09      102439.96 
80270000      885  5.1975604e-09      102453.42 
80280000      885  1.1722397e-08      102466.89 
80290000      885   1.979764e-09      102480.49 
80300000      885   2.181079e-10      102495.53 
80310000      885  1.7508065e-10      102508.91 
80320000      885    2.19445e-10       102522.2 
80330000      885  2.0899056e-10      102535.54 
80340000      885  2.4007643e-10      102548.89 
80350000      885  2.4331407e-10      102562.35 
80360000      885  1.4179924e-10      102575.75 
80370000      885  1.4103674e-10      102589.15 
80380000      885  1.5021436e-09      102602.41 
80390000      885  1.4745255e-09      102616.69 
80400000      885  1.6953629e-10      102630.04 
80410000      885  1.7952656e-10      102643.22 
80420000      885   1.738398e-10      102656.51 
80430000      885   2.094517e-10      102669.94 
80440000      885  1.0559031e-10      102684.06 
80450000      885  1.6500897e-10      102697.46 
80460000      885  1.4399945e-08      102711.05 
80470000      885  2.9179201e-10       102724.6 
80480000      885  5.9698339e-10      102738.66 
80490000      885  5.3531915e-10      102752.82 
80500000      885  5.7545064e-10      102766.41 
80510000      885  4.2191482e-10      102779.94 
80520000      885  4.2024793e-10      102793.56 
80530000      885   6.370578e-10      102807.38 
80540000      885  2.9091473e-10      102820.99 
80550000      885  4.8620086e-10      102834.69 
80560000      885  2.0787242e-10      102848.37 
80570000      885  1.6691801e-10       102862.8 
80580000      885  2.6746275e-09      102877.09 
80590000      885  6.6104449e-09      102890.79 
80600000      885  2.4139635e-08      102904.66 
80610000      885  6.3928267e-10      102918.39 
80620000      885  1.1478857e-08      102932.03 
80630000      885  7.4565778e-10      102945.57 
80640000      885  6.8230489e-09      102959.21 
80650000      885  6.6806216e-10      102972.83 
80660000      885  1.2070222e-09      102986.38 
80670000      885  1.2716611e-08      103000.92 
80680000      885  1.0830511e-08      103014.88 
80690000      885  5.9869397e-09      103028.45 
80700000      885  8.6521864e-10      103042.99 
80710000      885   1.341373e-09      103056.63 
80720000      885  1.2424717e-09      103070.62 
80730000      885  6.7384839e-10      103084.35 
80740000      885  5.6050552e-10       103098.1 
80750000      885  1.0632891e-09      103111.69 
80760000      885   1.177773e-09      103126.29 
80770000      885  1.6221465e-09      103139.95 
80780000      885  1.9566972e-09      103153.56 
80790000      885  2.3402579e-09      103167.18 
80800000      885  1.3157406e-09      103180.95 
80810000      885  1.3977381e-09      103194.53 
80820000      885  1.3916205e-09      103208.59 
80830000      885   1.539467e-09      103222.89 
80840000      885  7.7245353e-10      103236.42 
80850000      885  6.6687057e-10       103250.9 
80860000      885  1.0516113e-09      103264.39 
80870000      885  6.8124123e-10      103277.94 
80880000      885   4.189506e-10      103291.77 
80890000      885  5.5324281e-10      103305.13 
80900000      885  5.4184289e-10      103318.54 
80910000      885  5.3991581e-10      103331.86 
80920000      885  4.5744524e-10      103345.07 
80930000      885  1.9721522e-10      103358.19 
80940000      885  2.1009479e-10      103371.98 
80950000      885  1.5451079e-10      103385.43 
80960000      885  3.0004712e-09      103399.14 
80970000      885   2.464758e-10      103412.15 
80980000      885  3.1477008e-08       103425.5 
80990000      885  1.5667622e-08      103438.55 
81000000      885  7.1459498e-10      103451.73 
81010000      885  1.5968653e-10      103464.78 
81020000      885  2.5594733e-10       103477.8 
81030000      885  7.5849787e-10      103490.84 
81040000      885  1.4555812e-10      103504.75 
81050000      885   1.182036e-10      103517.68 
81060000      885   2.586694e-10      103530.53 
81070000      885  1.9053561e-10      103543.39 
81080000      885  1.1606355e-10      103556.24 
81090000      885  1.3619858e-10      103568.99 
81100000      885  7.4701305e-11      103582.29 
81110000      885  6.1048722e-11      103594.89 
81120000      885  4.0627263e-10      103607.49 
81130000      885  1.6836275e-10      103620.22 
81140000      885  1.9610255e-10      103633.89 
81150000      885  2.2341488e-10      103646.63 
81160000      885  8.1908493e-10      103659.37 
81170000      885  6.7545667e-11      103671.95 
81180000      885  7.0223221e-11      103684.49 
81190000      885  7.7234652e-11      103697.04 
81200000      885  1.4638028e-10      103709.74 
81210000      885  1.1666624e-10      103722.34 
81220000      885  1.0810661e-10       103734.7 
81230000      885  8.5526663e-11         103747 
81240000      885  7.5388213e-11      103760.82 
81250000      885  7.9244183e-11      103772.97 
81260000      885  1.7074035e-10       103785.1 
81270000      885  7.9801719e-11      103797.37 
81280000      885   1.210637e-10      103809.59 
81290000      885  1.8248911e-10      103821.75 
81300000      885  1.7891529e-10      103833.74 
81310000      885  2.2618212e-10      103845.77 
81320000      885  1.2757249e-10      103857.87 
81330000      885  1.4213527e-10      103869.92 
81340000      885  8.6911942e-11         103883 
81350000      885  1.1307523e-10      103894.92 
81360000      885  7.8819569e-11      103906.75 
81370000      885  1.0333713e-10      103918.63 
81380000      885  2.7598025e-10      103930.56 
81390000      885  1.0418557e-09      103943.24 
81400000      885  2.8922119e-10      103955.19 
81410000      885  1.0576492e-10      103966.95 
81420000      885  8.6939728e-11      103978.61 
81430000      885  1.1456914e-10      103990.24 
81440000      885  6.4343702e-11      104002.27 
81450000      885  3.5396032e-10      104014.34 
81460000      885  2.4299808e-10      104025.95 
81470000      885  2.1447439e-10       104037.6 
81480000      885  1.8744998e-10      104049.31 
81490000      885  1.2985493e-10      104061.22 
81500000      885   1.712918e-10      104073.06 
81510000      885  1.0573506e-10      104084.81 
81520000      885  1.4257916e-10      104096.45 
81530000      885  7.3967122e-11      104108.05 
81540000      885  6.4889104e-11      104120.39 
81550000      885  1.5373734e-10      104131.83 
81560000      885  3.9685143e-10      104144.05 
81570000      885  6.9050727e-11      104155.78 
81580000      885  1.0531466e-09      104167.13 
81590000      885  1.5408145e-09       104178.5 
81600000      885  1.7577727e-09      104189.97 
81610000      885  2.1668986e-08      104201.38 
81620000      885  4.9566683e-08      104212.85 
81630000      885   3.176705e-09      104224.33 
81640000      885  2.1059976e-08      104235.76 
81650000      885  1.8882439e-10      104247.33 
81660000      885    1.23866e-10      104258.88 
81670000      885  4.0008385e-10      104271.56 
81680000      885  1.9971443e-10      104283.22 
81690000      885  4.0037381e-10       104295.6 
81700000      885  5.1457878e-10      104307.39 
81710000      885  9.7532031e-10      104319.22 
81720000      885  3.6991191e-10      104330.77 
81730000      885  6.7816842e-10      104342.43 
81740000      885  2.0179145e-10      104354.21 
81750000      885  3.8094766e-10       104365.8 
81760000      885  3.7546829e-10      104377.53 
81770000      885    1.58665e-10      104389.35 
81780000      885  1.8989062e-10      104401.87 
81790000      885  4.1519544e-10      104413.55 
81800000      885  6.6455565e-10      104425.49 
81810000      885  5.5785734e-10      104437.34 
81820000      885  3.3020599e-10      104449.28 
81830000      885  3.3331192e-10      104461.06 
81840000      885  6.2884519e-10      104472.84 
81850000      885   2.946565e-10      104485.42 
81860000      885   5.776615e-10      104497.23 
81870000      885   5.462164e-10      104509.11 
81880000      885  6.0058701e-10      104521.77 
81890000      885  8.6127922e-10      104534.02 
81900000      885  4.0009308e-10      104545.91 
81910000      885   7.493557e-10      104557.74 
81920000      885  7.0766419e-10      104569.59 
81930000      885  8.9437969e-10      104581.63 
81940000      885  8.7553857e-10       104593.5 
81950000      885  9.2628686e-10       104605.4 
81960000      885  1.2521155e-09      104617.29 
81970000      885  1.9979529e-09       104629.7 
81980000      885  5.3560918e-10      104641.59 
81990000      885  7.2844441e-10      104654.96 
82000000      885  1.3476529e-09       104666.9 
82010000      885  1.3707174e-09      104678.77 
82020000      885   1.039559e-09      104690.59 
82030000      885  7.0706056e-10      104702.45 
82040000      885  6.1343173e-10      104714.28 
82050000      885  4.9278325e-10      104726.14 
82060000      885  8.9998714e-10      104737.83 
82070000      885  1.5706007e-09      104749.58 
82080000      885  1.8768104e-09      104761.38 
82090000      885  1.7236979e-09      104773.83 
82100000      885   1.770271e-09      104785.96 
82110000      885    1.75082e-09      104797.72 
82120000      885  1.9388494e-09      104809.49 
82130000      885  1.7278637e-09      104821.32 
82140000      885  1.8739642e-09      104833.07 
82150000      885  8.9868113e-10      104845.53 
82160000      885  5.1243365e-10      104857.09 
82170000      885  4.6739295e-10      104868.74 
82180000      885  5.4056411e-10      104880.39 
82190000      885   8.041295e-10      104891.97 
82200000      885  2.0590554e-10      104904.77 
82210000      885   3.398146e-10      104916.34 
82220000      885   1.116761e-10      104927.81 
82230000      885  1.0712666e-10      104939.01 
82240000      885   4.217375e-09      104950.54 
82250000      885  4.6626633e-10      104962.27 
82260000      885  7.3496269e-10      104973.64 
82270000      885  9.2402438e-11      104984.92 
82280000      885  1.2713674e-10      104996.16 
82290000      885  2.5524804e-08       105007.5 
82300000      885  1.7688568e-08      105019.55 
82310000      885  3.5009823e-10      105031.77 
82320000      885  3.4235687e-11       105042.9 
82330000      885  3.9086327e-11      105053.93 
82340000      885   7.961649e-11      105064.98 
82350000      885   3.491319e-11      105076.02 
82360000      885  2.9552776e-11      105086.87 
82370000      885   2.785035e-11      105097.73 
82380000      885  3.2612583e-11      105108.63 
82390000      885  3.0032283e-11      105119.47 
82400000      885  5.6340991e-11      105130.41 
82410000      885  6.9445858e-11      105141.19 
82420000      885  1.0116534e-10      105151.97 
82430000      885  1.0746205e-10      105163.81 
82440000      885  1.0956561e-10      105174.73 
82450000      885  1.1175406e-10      105185.66 
82460000      885  7.5898478e-11      105197.27 
82470000      885  1.3824217e-10      105208.25 
82480000      885  3.8325032e-11         105219 
82490000      885  4.1878055e-11       105229.7 
82500000      885  5.0272477e-11      105240.42 
82510000      885  3.6144988e-11      105251.08 
82520000      885  3.4276253e-11      105261.55 
82530000      885  2.8019697e-11      105271.92 
82540000      885  3.8747852e-11      105282.76 
82550000      885  3.7332774e-11       105293.6 
82560000      885  4.1375913e-11      105303.92 
82570000      885  5.1272799e-11       105314.2 
82580000      885   1.251067e-10      105324.57 
82590000      885   5.338749e-09         105335 
82600000      885  1.2065386e-10      105345.43 
82610000      885  1.0396361e-10      105355.82 
82620000      885   5.644545e-09      105366.11 
82630000      885  6.9943917e-11      105377.05 
82640000      885  7.0213677e-11      105387.35 
82650000      885  6.8326227e-11      105397.67 
82660000      885  7.5325526e-11      105408.57 
82670000      885  1.2891026e-10      105419.58 
82680000      885  1.0151125e-10       105430.1 
82690000      885  1.3180585e-10      105440.64 
82700000      885  2.7084971e-10      105451.17 
82710000      885  1.5741552e-10      105461.75 
82720000      885  6.5057818e-11      105472.37 
82730000      885  4.2674089e-11      105482.86 
82740000      885  3.8142726e-11      105493.27 
82750000      885  3.4738832e-11      105503.75 
82760000      885  3.6674214e-11      105514.19 
82770000      885  2.9875048e-11      105524.69 
82780000      885  2.8981896e-11      105535.68 
82790000      885  3.9894865e-11      105546.78 
82800000      885  6.3076437e-11      105558.27 
82810000      885  3.1811974e-11      105568.88 
82820000      885  3.6078445e-11      105579.43 
82830000      885  4.2188658e-11      105589.98 
82840000      885  3.7529798e-11      105600.57 
82850000      885  5.8256297e-11      105611.08 
82860000      885   3.795512e-11      105621.62 
82870000      885   5.220329e-10      105632.87 
82880000      885  8.6383701e-11      105643.68 
82890000      885  5.5313469e-11      105654.41 
82900000      885  6.3240843e-11       105666.3 
82910000      885  6.3542933e-11      105677.16 
82920000      885  7.4021962e-11      105687.99 
82930000      885  4.7540609e-11      105698.79 
82940000      885  8.7501068e-11      105709.62 
82950000      885  1.6754431e-10       105720.6 
82960000      885  2.7073353e-10      105731.68 
82970000      885  3.0481871e-10      105743.59 
82980000      885   1.623629e-10      105754.58 
82990000      885  3.5496533e-10      105765.73 
83000000      885  4.6717291e-10      105777.03 
83010000      885  4.3042973e-10      105788.62 
83020000      885  1.0532002e-10      105800.04 
83030000      885  3.7209226e-10      105811.07 
83040000      885  1.4128253e-10      105822.16 
83050000      885  3.6625086e-10       105833.2 
83060000      885  6.2247356e-10      105844.37 
83070000      885  2.0779917e-10      105855.41 
83080000      885  3.5036687e-10      105866.35 
83090000      885  2.3475387e-10      105877.29 
83100000      885  3.3551967e-10      105888.23 
83110000      885  5.1547932e-10      105899.29 
83120000      885  3.0967621e-10      105910.35 
83130000      885  3.3154602e-10      105922.94 
83140000      885   6.332823e-10      105934.08 
83150000      885  2.6273107e-10      105945.17 
83160000      885  2.6475602e-10      105956.15 
83170000      885  4.0797858e-10      105967.18 
83180000      885  2.6512901e-10      105978.24 
83190000      885  2.0042164e-10      105989.35 
83200000      885  5.1878301e-10      106000.57 
83210000      885  5.1780109e-10      106011.98 
83220000      885  6.0759908e-10      106023.06 
83230000      885  8.4670721e-10      106034.08 
83240000      885  8.1538882e-10      106046.11 
83250000      885  5.7776457e-10      106057.22 
83260000      885  6.6581374e-10      106068.36 
83270000      885   4.887724e-10      106079.36 
83280000      885   7.803058e-10      106090.36 
83290000      885  9.7228001e-10      106102.11 
83300000      885  8.9369074e-10      106113.12 
83310000      885  1.4278359e-09      106124.12 
83320000      885  1.0984275e-09      106135.06 
83330000      885  1.5316258e-09      106145.96 
83340000      885  8.5284792e-10      106156.82 
83350000      885  8.9829727e-10      106167.67 
83360000      885  1.2731718e-09      106179.51 
83370000      885  1.2942367e-09      106190.38 
83380000      885  1.7584789e-09      106201.35 
83390000      885  2.3137303e-09       106212.5 
83400000      885  2.5623568e-09      106223.89 
83410000      884  1.9904652e-09      106234.92 
83420000      884  1.6722388e-09      106245.52 
83430000      884  1.5666211e-09      106256.24 
83440000      884  1.7776213e-09      106267.15 
83450000      884  2.3408242e-09      106278.89 
83460000      884   2.840791e-09      106290.03 
83470000      883  1.7937511e-09      106301.54 
83480000      882  1.0252065e-09      106313.22 
83490000      882  1.0526883e-09      106324.17 
83500000      882   1.181915e-09      106335.22 
83510000      881  4.1201747e-10      106346.29 
83520000      881  1.5898251e-10      106356.93 
83530000      881  4.4434448e-10       106367.7 
83540000      881  3.0694957e-09      106378.42 
83550000      881  4.8681596e-10      106389.07 
83560000      881  2.0198899e-10       106399.6 
83570000      881  1.4167452e-09       106410.1 
83580000      881  2.6821176e-10      106420.68 
83590000      881  6.3718851e-10      106432.42 
83600000      881  6.9508895e-11       106443.2 
83610000      881  8.6242374e-11      106454.67 
83620000      881  3.1726781e-08      106465.36 
83630000      881  3.0096888e-10      106476.02 
83640000      881  3.6858427e-11      106486.64 
83650000      881  4.4920953e-11      106497.62 
83660000      881  3.3731417e-11       106508.2 
83670000      881   4.616916e-11      106518.78 
83680000      881  4.8483734e-11      106529.39 
83690000      881  5.9613344e-11      106540.08 
83700000      881  1.0817352e-10      106550.96 
83710000      881  1.2689901e-10         106562 
83720000      881  8.9799669e-11      106573.96 
83730000      881   1.559749e-10      106584.92 
83740000      881  2.1107398e-10      106595.94 
83750000      881  1.9208853e-10      106607.05 
83760000      881  1.5858876e-10      106618.05 
83770000      881  1.7707804e-10      106629.12 
83780000      881  2.7445986e-10      106640.97 
83790000      881  1.3485661e-10      106652.05 
83800000      881  1.2197764e-10      106663.18 
83810000      881  1.8529466e-10      106674.32 
83820000      881  2.9471475e-10      106685.55 
83830000      881   2.908338e-10      106696.89 
83840000      881  1.1840281e-10      106708.11 
83850000      881  1.8856287e-10      106719.39 
83860000      881  2.0834885e-10      106731.78 
83870000      881  6.2212981e-11      106743.12 
83880000      881  6.1522617e-11      106754.39 
83890000      881   7.686964e-11      106765.78 
83900000      881  3.0075607e-11      106777.02 
83910000      881  3.0582106e-11      106788.25 
83920000      881  2.7694632e-11      106799.47 
83930000      881  2.5505327e-11      106811.25 
83940000      881  2.7557068e-11       106823.3 
83950000      881  2.7824125e-11      106834.66 
83960000      881  2.5667661e-11      106846.11 
83970000      881  5.4776869e-11      106857.58 
83980000      881  2.8352379e-11      106869.04 
83990000      881  2.8478816e-11      106881.42 
84000000      881  2.5957186e-11       106893.5 
84010000      881  5.1149684e-11      106904.99 
84020000      881  2.9724622e-11      106916.49 
84030000      881  3.4664771e-11      106928.07 
84040000      881  2.9785514e-11      106939.71 
84050000      881   5.083336e-11      106951.29 
84060000      881  2.8888274e-11      106962.88 
84070000      881   3.648954e-11      106974.51 
84080000      881  3.3702102e-11      106986.25 
84090000      881  4.1138755e-11      106998.61 
84100000      881   4.763066e-11      107010.38 
84110000      881  3.1291996e-11      107022.15 
84120000      881  3.9168013e-11      107034.02 
84130000      881  5.2845791e-11      107046.94 
84140000      881  4.8701158e-11      107058.89 
84150000      881  2.8752829e-11      107070.68 
84160000      881  3.4435659e-11      107082.47 
84170000      881   4.264117e-11      107094.24 
84180000      881  3.5949389e-11      107106.12 
84190000      881  4.9109558e-11      107117.92 
84200000      881  6.8736761e-11      107129.93 
84210000      881  9.7144315e-11      107141.87 
84220000      881  8.3646928e-11      107153.78 
84230000      881  9.3858258e-11      107165.79 
84240000      881  2.5183157e-10      107178.47 
84250000      881  6.8232384e-10      107190.64 
84260000      881  4.4494749e-10      107203.84 
84270000      881  1.4220748e-10       107216.1 
84280000      881  3.2519892e-10      107228.44 
84290000      881  3.7464637e-10      107240.69 
84300000      881  2.5102916e-10      107252.94 
84310000      881  3.6965005e-10      107265.11 
84320000      881  6.6448437e-10      107277.28 
84330000      881  6.3594372e-10      107289.34 
84340000      881  5.6492232e-10       107301.4 
84350000      881  5.8606218e-10      107313.48 
84360000      881  4.4118879e-10      107325.49 
84370000      881  3.2850104e-10      107337.55 
84380000      881  3.9471241e-10       107350.3 
84390000      881  8.2686239e-10      107363.46 
84400000      881  6.5982126e-10      107375.66 
84410000      881  4.5570443e-10      107387.65 
84420000      881  4.9680808e-10      107399.78 
84430000      881  2.3300009e-10      107411.79 
84440000      881  3.9334468e-10      107423.85 
84450000      881  5.7299022e-10      107435.95 
84460000      881   8.489435e-10      107448.02 
84470000      881  6.6076015e-10      107460.12 
84480000      881  3.8799054e-10      107472.24 
84490000      881  2.2883335e-10      107484.32 
84500000      881  5.6375786e-10      107496.38 
84510000      881  8.3746625e-10       107509.5 
84520000      881  2.6903542e-10      107521.63 
84530000      881  5.5649008e-10      107534.34 
84540000      881  7.8070424e-10      107546.34 
84550000      881  5.7812381e-10      107558.21 
84560000      881  1.1092526e-09       107570.1 
84570000      881  6.8009895e-10      107582.16 
84580000      881   7.176112e-10      107594.22 
84590000      881  1.0712938e-09      107606.31 
84600000      881  9.5395841e-10      107618.51 
84610000      881  4.2762071e-10      107630.56 
84620000      881  7.0769333e-10      107642.56 
84630000      881  8.8430405e-10      107654.56 
84640000      881  9.6798956e-10      107667.52 
84650000      881   7.682423e-10      107679.49 
84660000      881  1.0521417e-09      107691.47 
84670000      881   1.146834e-09      107703.39 
84680000      881  1.5721244e-09      107715.96 
84690000      881  1.5565832e-09      107727.81 
84700000      881  1.2300998e-09      107739.62 
84710000      881  1.1916716e-09       107751.4 
84720000      881  1.0548207e-09      107763.08 
84730000      881  8.2125307e-10      107774.71 
84740000      881  7.1782237e-10      107786.38 
84750000      881  3.8939349e-10      107797.85 
84760000      881  8.9432829e-10      107809.39 
84770000      881  1.0897914e-09      107821.97 
84780000      881  4.6343389e-10      107833.49 
84790000      881  3.9730107e-10      107845.04 
84800000      881  2.3823033e-10      107856.65 
84810000      881  3.8493486e-10      107868.26 
84820000      881  2.2705181e-10      107879.87 
84830000      881  2.1312125e-10      107891.46 
84840000      881  2.6730911e-10      107903.81 
84850000      881  2.4609549e-10      107915.41 
84860000      881  2.1947152e-10       107927.1 
84870000      881  2.3974719e-10      107938.67 
84880000      881  2.4036179e-10      107950.32 
84890000      881   2.432963e-10      107961.95 
84900000      881  2.7313073e-10      107974.58 
84910000      881  9.7254068e-11      107986.04 
84920000      881  8.8847163e-11      107997.32 
84930000      881  2.8400783e-10      108008.86 
84940000      881  5.5715087e-10      108020.57 
84950000      881   7.738147e-10      108032.42 
84960000      881  9.5025402e-10      108044.45 
84970000      881  1.3621923e-09      108056.66 
84980000      880  7.9274194e-10      108068.97 
84990000      879  1.9987385e-11      108081.89 
85000000      879  1.9532604e-11      108093.34 
85010000      879  1.7383516e-11      108104.68 
85020000      879  4.4666152e-11      108116.06 
85030000      879   1.360883e-11      108127.96 
85040000      879  2.8835275e-11      108139.85 
85050000      879  1.4257527e-11      108151.18 
85060000      879   1.419363e-11       108162.6 
85070000      879  1.6128447e-11      108174.04 
85080000      879  1.4348578e-11      108185.52 
85090000      879   2.793454e-11      108197.01 
85100000      879  1.4337694e-11      108208.49 
85110000      879  1.3699308e-11      108220.01 
85120000      879  2.2588693e-11      108231.56 
85130000      879  2.2176275e-11       108243.1 
85140000      879  2.0699121e-11      108255.31 
85150000      879  1.4768954e-11      108266.96 
85160000      879  1.4938418e-11       108278.6 
85170000      879  1.4839814e-11       108291.3 
85180000      879  1.6704972e-11      108303.07 
85190000      879   1.396002e-11      108314.87 
85200000      879  1.3311123e-11      108326.77 
85210000      879  2.0392101e-11      108338.59 
85220000      879  1.3974249e-11      108350.51 
85230000      879  1.3457268e-11      108362.41 
85240000      879  1.3374679e-11      108374.34 
85250000      879   1.970832e-11      108386.28 
85260000      879  1.6698188e-11      108398.28 
85270000      879  1.3840993e-11      108410.32 
85280000      879  1.4197181e-11      108422.35 
85290000      879  1.5478238e-11      108435.02 
85300000      879   1.632001e-11      108447.71 
85310000      879  2.9775196e-11      108460.01 
85320000      879  1.4083682e-11      108472.02 
85330000      879  1.3152561e-11      108484.01 
85340000      879  1.6665886e-11      108496.03 
85350000      879  2.2330412e-11      108508.08 
85360000      879  1.4622589e-11      108520.16 
85370000      879  1.5329814e-11      108532.26 
85380000      879  2.2947989e-11      108544.42 
85390000      879  3.2401243e-11      108556.49 
85400000      879  2.9041842e-11       108568.7 
85410000      879  4.4667257e-11      108580.84 
85420000      879  2.5809741e-11      108593.05 
85430000      879  4.9190816e-11       108606.2 
85440000      879  7.5770023e-11       108619.2 
85450000      879  1.4188096e-10      108631.42 
85460000      879  7.0503148e-11      108643.67 
85470000      879  2.4853535e-11         108656 
85480000      879  3.3686871e-11      108668.27 
85490000      879  9.1815061e-11      108680.61 
85500000      879  2.0681721e-10      108693.08 
85510000      879  1.7218724e-10      108705.59 
85520000      879  6.5933222e-11       108717.9 
85530000      879  5.2271828e-11      108730.14 
85540000      879  1.7632047e-10       108743.5 
85550000      879  3.7589432e-10       108756.1 
85560000      879  3.2641955e-10      108768.75 
85570000      879  1.0708058e-10      108781.32 
85580000      879  1.4015023e-10       108794.5 
85590000      879  4.0555606e-10      108807.05 
85600000      879  1.6724583e-10      108819.63 
85610000      879  2.7713334e-10      108832.07 
85620000      879  4.4776949e-10      108844.53 
85630000      879  5.1843891e-10      108857.02 
85640000      879  4.3377619e-10      108869.43 
85650000      879  3.7702664e-10      108881.79 
85660000      879   4.869784e-10       108895.2 
85670000      879  1.1854368e-10      108907.52 
85680000      879  2.4986012e-10      108919.82 
85690000      879  2.4590322e-10      108932.18 
85700000      879  5.4169384e-10      108944.57 
85710000      879  5.3827167e-10      108957.01 
85720000      879  1.3630702e-10       108969.4 
85730000      879  4.6597219e-10      108982.42 
85740000      879  7.4534784e-10      108994.86 
85750000      879  3.1744889e-10      109007.34 
85760000      879  6.5907873e-10      109019.83 
85770000      879  5.8353756e-10      109032.28 
85780000      879  6.1132819e-10      109045.19 
85790000      879  4.8609595e-10      109058.16 
85800000      879  4.1200813e-10      109070.68 
85810000      879  5.0131524e-10      109083.04 
85820000      879  4.9454012e-10      109095.51 
85830000      879  6.6326049e-10      109107.82 
85840000      879  6.0842851e-10      109120.12 
85850000      879  4.4949604e-10      109132.36 
85860000      879  8.5054127e-10      109144.58 
85870000      879  1.0946194e-09       109157.5 
85880000      879  1.3410594e-09      109169.67 
85890000      879  1.6043938e-09      109181.84 
85900000      879   1.158972e-09      109194.05 
85910000      879  1.8829221e-09       109207.3 
85920000      879  1.5650972e-09      109219.66 
85930000      879  2.2226926e-09      109232.05 
85940000      879  2.6690471e-09      109244.55 
85950000      879  3.4097213e-09      109257.16 
85960000      877  1.2107045e-09      109269.51 
85970000      877  1.3168971e-09      109281.72 
85980000      877  1.7071024e-09      109294.08 
85990000      877  1.8473714e-09      109306.55 
86000000      876  9.8284587e-10       109318.8 
86010000      876  1.3035396e-09      109330.74 
86020000      876  1.2033154e-09      109344.05 
86030000      876  9.9674587e-10      109356.07 
86040000      876  9.2485054e-10      109367.84 
86050000      876  7.9966245e-10      109379.56 
86060000      876  8.6720793e-10      109391.18 
86070000      876  1.1319073e-09       109402.8 
86080000      876  7.8313453e-10      109414.38 
86090000      876  8.4886958e-10      109426.01 
86100000      876  4.3156893e-10      109437.64 
86110000      876  3.3327444e-10      109449.16 
86120000      876  3.6354521e-10      109460.73 
86130000      876  4.4322154e-10      109472.43 
86140000      876  7.4192231e-10      109484.25 
86150000      876  1.1116511e-09      109497.17 
86160000      876  1.3658355e-09      109509.22 
86170000      875  8.1663016e-10      109522.06 
86180000      874  1.5275194e-11      109534.08 
86190000      874  2.5147256e-11      109545.39 
86200000      874  8.9504125e-12      109556.79 
86210000      874  1.2051965e-11      109568.05 
86220000      874  3.2403609e-11      109579.25 
86230000      874  1.5778438e-11      109590.46 
86240000      874  6.2718647e-11       109601.7 
86250000      874   2.198731e-11      109612.95 
86260000      874  6.3048648e-12      109624.32 
86270000      874  1.1068317e-11      109636.39 
86280000      874  4.7698504e-12      109647.61 
86290000      874  4.8281787e-12      109658.78 
86300000      874  4.5637868e-12      109670.01 
86310000      874  4.8068961e-12       109681.2 
86320000      874  9.7172127e-12      109692.42 
86330000      874  4.8821605e-12       109704.3 
86340000      874  7.5657865e-12      109715.49 
86350000      874  6.6539187e-12      109726.69 
86360000      874  7.4472477e-12      109737.84 
86370000      874  5.0180452e-12      109749.02 
86380000      874  4.9686348e-12      109760.18 
86390000      874   5.234814e-12      109772.33 
86400000      874    4.90575e-12      109783.66 
86410000      874   4.573805e-12      109794.87 
86420000      874  6.8844766e-12      109806.03 
86430000      874  5.6412061e-12      109817.18 
86440000      874  5.0265491e-12      109828.35 
86450000      874    4.96904e-12      109839.49 
86460000      874  5.7355272e-12      109850.63 
86470000      874  7.6328309e-12       109861.8 
86480000      874  1.0670717e-11      109873.25 
86490000      874   4.747982e-12       109884.7 
86500000      874  5.4820484e-12      109895.82 
86510000      874  6.0783172e-12      109907.48 
86520000      874   4.599692e-12      109919.17 
86530000      874  6.1022964e-12      109930.34 
86540000      874  4.4756185e-12      109941.56 
86550000      874  5.6554114e-12      109952.78 
86560000      874   7.310169e-12      109964.07 
86570000      874  6.9939518e-12      109975.32 
86580000      874  4.4772446e-12      109986.61 
86590000      874  4.6374569e-12      109997.88 
86600000      874  7.9184009e-12      110009.29 
86610000      874  4.0661832e-12      110020.56 
86620000      874  4.5180475e-12      110031.87 
86630000      874  5.0427411e-12      110044.14 
86640000      874  4.9509269e-12      110056.17 
86650000      874  5.9559017e-12      110067.44 
86660000      874  4.9987607e-12      110078.69 
86670000      874  4.4371753e-12      110089.95 
86680000      874  7.0121136e-12      110101.18 
86690000      874  5.1449413e-12      110112.44 
86700000      874  4.7139362e-12      110123.69 
86710000      874  4.7761347e-12      110134.95 
86720000      874  4.6479303e-12      110146.24 
86730000      874  5.0121238e-12      110157.59 
86740000      874  5.8394739e-12      110168.85 
86750000      874  5.6939833e-12      110180.47 
86760000      874  5.3495595e-12      110192.42 
86770000      874   4.962532e-12      110203.77 
86780000      874  5.0267246e-12      110215.04 
86790000      874  6.1266531e-12      110226.31 
86800000      874  6.4267905e-12      110238.38 
86810000      874  5.5952729e-12       110249.6 
86820000      874  8.4001957e-12      110260.86 
86830000      874  6.1076769e-12      110272.09 
86840000      874  8.4376487e-12      110283.32 
86850000      874  4.4668134e-12      110294.51 
86860000      874  4.5275657e-12      110305.77 
86870000      874  5.1194527e-12      110317.02 
86880000      874  5.2760096e-12      110329.29 
86890000      874   5.791783e-12      110340.61 
86900000      874  4.9908869e-12       110351.9 
86910000      874  5.3308137e-12       110363.2 
86920000      874  2.3722492e-11      110374.48 
86930000      874  4.7431346e-12      110385.71 
86940000      874  4.9366823e-12      110396.98 
86950000      874  5.2836017e-12      110408.23 
86960000      874  8.7837575e-12      110421.21 
86970000      874  4.1558246e-12      110434.63 
86980000      874  4.9128934e-12      110451.14 
86990000      874  5.0821856e-12      110462.94 
87000000      874  7.0013417e-12      110474.31 
87010000      874  3.7441868e-11      110486.14 
87020000      874  1.1937624e-10      110497.65 
87030000      874  3.1805607e-11      110509.25 
87040000      874  6.2206818e-11      110520.69 
87050000      874   1.134037e-10      110532.27 
87060000      874  6.8194144e-11       110543.8 
87070000      874  1.6580491e-10      110555.41 
87080000      874  1.3683111e-10      110567.06 
87090000      874    3.23046e-11      110578.96 
87100000      874  3.6515738e-11      110590.97 
87110000      874  7.0498252e-11      110603.09 
87120000      874  1.9422951e-10      110614.61 
87130000      874  4.4677391e-10      110626.21 
87140000      874  1.5616149e-10       110637.8 
87150000      874  1.0486592e-10      110649.35 
87160000      874  1.1738239e-10       110660.8 
87170000      874  3.0157086e-10      110672.41 
87180000      874  3.7124131e-10      110684.01 
87190000      874  3.5125588e-10       110695.6 
87200000      874  4.8720225e-10      110707.56 
87210000      874  2.0346599e-10      110719.92 
87220000      874  2.0218343e-10      110731.38 
87230000      874  3.6194487e-10      110742.89 
87240000      874  4.2081212e-10      110754.47 
87250000      874  2.6670801e-10      110765.97 
87260000      874  2.9938314e-10       110778.1 
87270000      874  4.1221151e-10      110789.48 
87280000      874  4.8548274e-10      110800.91 
87290000      874  7.4881391e-10      110812.34 
87300000      874  7.3066283e-10      110823.75 
87310000      874  6.4945348e-10      110835.15 
87320000      874  8.8995309e-10      110847.38 
87330000      874  9.9115523e-10      110858.58 
87340000      874  1.0389626e-09       110869.7 
87350000      874  9.7824647e-10      110880.72 
87360000      874  6.2600085e-10       110891.7 
87370000      874  6.2653085e-10       110902.6 
87380000      874  6.7819877e-10      110913.55 
87390000      874  5.1657859e-10      110924.42 
87400000      874  3.5793844e-10      110935.41 
87410000      874  2.2552486e-10       110946.3 
87420000      874  2.7331871e-10      110957.74 
87430000      874  2.3272707e-10      110969.49 
87440000      874  1.9645077e-10      110980.31 
87450000      874  3.3149317e-10      110991.21 
87460000      874   1.618926e-10      111002.11 
87470000      874   2.554997e-10      111012.99 
87480000      874   1.021819e-10       111023.9 
87490000      874  2.4578492e-11      111034.58 
87500000      874  1.0616606e-10      111045.28 
87510000      874  2.3351295e-11      111056.09 
87520000      874  5.5293597e-11      111066.77 
87530000      874  1.3161756e-10      111077.63 
87540000      874  2.4748258e-10      111088.58 
87550000      874  4.0331757e-10      111100.35 
87560000      874  6.0738561e-10      111111.93 
87570000      874  8.3083708e-10      111123.32 
87580000      873  3.2681663e-13      111135.13 
87590000      873  3.3686795e-13      111145.65 
87600000      873  3.3153571e-13      111156.26 
87610000      873  3.4147379e-13      111166.84 
87620000      873  3.1793196e-13      111177.37 
87630000      873  3.3462586e-13      111187.95 
87640000      873  3.4681306e-13      111198.47 
87650000      873  3.0169204e-13      111209.03 
87660000      873  3.0356867e-13      111219.54 
87670000      873   3.041414e-13      111231.05 
87680000      873  3.0719727e-13      111241.59 
87690000      873  3.1142295e-13      111252.08 
87700000      873  3.1408266e-13      111262.58 
87710000      873  3.1903488e-13      111273.04 
87720000      873  3.2034917e-13      111283.52 
87730000      873  3.2040347e-13      111293.99 
87740000      873  3.4068525e-13      111304.87 
87750000      873  3.6142012e-13      111318.37 
87760000      873  3.2017312e-13      111336.46 
87770000      873  3.5090809e-13      111346.95 
87780000      873  3.2777731e-13      111358.49 
87790000      873  3.8009433e-13      111369.03 
87800000      873  3.8804423e-13      111379.66 
87810000      873  4.1815921e-13      111390.15 
87820000      873   4.042695e-13      111400.67 
87830000      873  4.1859562e-13      111411.21 
87840000      873  4.7118071e-13      111421.68 
87850000      873  5.0882462e-13      111432.15 
87860000      873  5.5391112e-13       111442.6 
87870000      873  6.0556159e-13      111453.09 
87880000      873  4.5833764e-13      111463.53 
87890000      873  5.2445743e-13      111474.01 
87900000      873  6.1049466e-13      111484.75 
87910000      873  6.7107398e-13      111496.61 
87920000      873  4.3262407e-13      111507.06 
87930000      873  4.4435623e-13      111517.52 
87940000      873  5.0620112e-13      111528.02 
87950000      873  5.6349899e-13      111538.48 
87960000      873  6.1987823e-13      111548.96 
87970000      873  6.7838732e-13      111559.42 
87980000      873  7.4625063e-13       111569.9 
87990000      873  6.5407397e-13      111580.35 
88000000      873  7.3984787e-13      111590.96 
88010000      873  8.1456359e-13      111601.42 
88020000      873  8.6890371e-13      111611.88 
88030000      873  5.5188944e-13      111622.36 
88040000      873  6.5861846e-13      111633.81 
88050000      873  8.0548653e-13      111644.29 
88060000      873  9.7015454e-13      111654.75 
88070000      873  5.5348319e-13      111665.22 
88080000      873   6.426527e-13      111676.37 
88090000      873   8.334241e-13      111686.82 
88100000      873  9.9781709e-13      111697.24 
88110000      873  6.4731466e-13      111707.71 
88120000      873  6.9318892e-13      111718.16 
88130000      873  7.4838117e-13      111728.63 
88140000      873  9.2867153e-13      111739.07 
88150000      873  1.1797062e-12      111749.52 
88160000      873  6.8625242e-13      111760.91 
88170000      873  7.7632732e-13      111771.42 
88180000      873  9.2114999e-13      111781.84 
88190000      873  1.0843251e-12      111792.27 
88200000      873  4.1001188e-13       111802.8 
88210000      873  3.5132639e-13       111813.2 
88220000      873  3.5187057e-13      111823.62 
88230000      873  3.4523251e-13      111834.03 
88240000      873  3.4347149e-13      111844.46 
88250000      873  3.4592663e-13      111855.57 
88260000      873  3.4035401e-13      111866.03 
88270000      873  3.5901796e-13      111876.45 
88280000      873  3.6341876e-13      111887.91 
88290000      873  3.4696294e-13       111898.4 
88300000      873  3.3164525e-13      111908.86 
88310000      873  3.4995085e-13      111919.31 
88320000      873  3.4685456e-13      111929.74 
88330000      873  3.3743403e-13      111940.18 
88340000      873  3.3116157e-13      111950.61 
88350000      873  3.3812734e-13      111961.09 
88360000      873   3.352454e-13       111971.5 
88370000      873  3.2912585e-13      111981.93 
88380000      873  3.2674558e-13      111992.33 
88390000      873  3.2652049e-13      112002.79 
88400000      873  3.1827821e-13      112013.34 
88410000      873  3.2092684e-13      112024.79 
88420000      873  3.1365032e-13      112035.99 
88430000      873   3.172172e-13      112046.49 
88440000      873  3.1410256e-13      112056.98 
88450000      873  3.2028523e-13      112067.46 
88460000      873  3.1615029e-13      112077.95 
88470000      873  3.2652747e-13       112088.4 
88480000      873  3.3727809e-13      112098.89 
88490000      873  3.3589749e-13      112109.34 
88500000      873  3.4130612e-13      112119.82 
88510000      873  3.4615672e-13       112130.3 
88520000      873  3.4216839e-13       112140.8 
88530000      873  3.4638889e-13      112152.24 
88540000      873  3.3313405e-13      112162.77 
88550000      873  3.3167519e-13      112173.21 
88560000      873   3.216923e-13      112183.67 
88570000      873  3.0771341e-13      112194.15 
88580000      873  3.1378099e-13      112204.68 
88590000      873  3.0517526e-13      112215.87 
88600000      873  3.1383008e-13      112226.52 
88610000      873  3.6526153e-13      112237.02 
88620000      873   9.488402e-12      112247.58 
88630000      873  1.4516674e-11       112258.3 
88640000      873  4.0597712e-11       112268.9 
88650000      873  5.0889224e-11      112279.58 
88660000      873  9.7352375e-11      112291.33 
88670000      873  7.8521289e-11       112302.1 
88680000      873   9.374127e-11      112312.83 
88690000      873  9.5080906e-11      112323.56 
88700000      873  4.1336376e-11      112334.13 
88710000      873  9.6267197e-11      112344.77 
88720000      873  7.2931552e-11      112355.52 
88730000      873  1.5559279e-10      112366.19 
88740000      873  1.1488032e-10      112376.98 
88750000      873  1.3770468e-10      112387.76 
88760000      873  1.7103298e-10      112399.28 
88770000      873   1.449267e-10      112410.02 
88780000      873  8.3619876e-11      112421.71 
88790000      873  5.2971956e-11      112432.41 
88800000      873  3.1150982e-11      112443.22 
88810000      873  5.7540239e-12      112453.73 
88820000      873  5.0648342e-12      112464.19 
88830000      873  1.5365766e-12      112474.57 
88840000      873   9.360379e-13      112484.97 
88850000      873   2.240215e-18      112495.37 
88860000      873  6.2395498e-19      112505.75 
88870000      873  1.3928259e-18      112516.13 
88880000      873  7.0911992e-19      112526.48 
88890000      873  1.2551711e-18      112536.87 
88900000      873  9.8799134e-19      112548.23 
88910000      873  1.1425756e-18      112558.66 
88920000      873   1.220146e-18      112569.05 
88930000      873  1.1259556e-18       112580.1 
88940000      873  1.3367106e-18      112590.52 
88950000      873  1.1556879e-18       112600.9 
88960000      873  1.3604226e-18      112611.32 
88970000      873     1.1711e-18       112621.7 
88980000      873  1.3073757e-18      112632.08 
88990000      873  1.1380807e-18      112642.42 
89000000      873  1.1933948e-18      112652.89 
89010000      873  1.0478475e-18      112663.21 
89020000      873  1.0247343e-18      112673.92 
89030000      873  9.0576293e-19      112684.94 
89040000      873  8.2515981e-19      112695.29 
89050000      873  7.2614676e-19      112705.63 
89060000      873  6.1476922e-19      112715.94 
89070000      873   5.305451e-19      112726.31 
89080000      873  4.1424902e-19      112736.64 
89090000      873  3.4337522e-19      112747.01 
89100000      873  2.4258572e-19      112758.03 
89110000      873  1.8805563e-19      112768.41 
89120000      873   1.139186e-19      112778.75 
89130000      873  7.8629775e-20      112789.12 
89140000      873  3.6901229e-20      112799.47 
89150000      873  2.3719676e-20      112810.77 
89160000      873  1.3985372e-20      112821.16 
89170000      873  2.2231572e-20      112831.46 
89180000      873  3.9395461e-20      112841.77 
89190000      873  6.6020317e-20      112852.07 
89200000      873  1.0279893e-19      112862.53 
89210000      873  1.4257209e-19      112872.81 
89220000      873  1.8986889e-19      112883.11 
89230000      873  2.3558421e-19      112893.39 
89240000      873  2.8466536e-19       112903.7 
89250000      873  3.2905207e-19      112914.01 
89260000      873  3.7238016e-19      112924.36 
89270000      873  4.0903678e-19      112935.38 
89280000      873  4.4072484e-19      112946.19 
89290000      873  4.6457038e-19      112957.04 
89300000      873  4.8107462e-19      112967.38 
89310000      873  4.8972609e-19      112977.72 
89320000      873  4.9001917e-19      112988.01 
89330000      873  4.8298535e-19      112998.33 
89340000      873  4.6809237e-19      113008.62 
89350000      873  4.4725673e-19       113018.9 
89360000      873  4.2019538e-19      113029.19 
89370000      873  3.8906631e-19      113039.51 
89380000      873  3.5405731e-19      113049.77 
89390000      873  3.1714113e-19      113060.06 
89400000      873  2.7887172e-19      113070.47 
89410000      873  2.4099876e-19      113081.74 
89420000      873  2.0424589e-19      113092.11 
89430000      873  1.6989199e-19      113102.41 
89440000      873  1.3859069e-19      113112.72 
89450000      873  1.1120846e-19      113123.69 
89460000      873  8.8235253e-20      113134.01 
89470000      873  7.0063648e-20      113144.29 
89480000      873  5.6896842e-20       113154.6 
89490000      873    4.86781e-20      113164.89 
89500000      873  4.5307461e-20      113175.19 
89510000      873  4.6375206e-20      113185.44 
89520000      873  5.1547769e-20      113195.72 
89530000      873  6.0116528e-20      113207.03 
89540000      873  7.1581566e-20      113217.32 
89550000      873  8.5034511e-20      113227.62 
89560000      873   9.993959e-20      113237.88 
89570000      873  1.1532115e-19      113248.17 
89580000      873  1.3070397e-19      113258.44 
89590000      873  1.4515173e-19      113268.77 
89600000      873  1.5830067e-19      113279.18 
89610000      873  1.6936811e-19      113289.49 
89620000      873  1.7818543e-19      113300.47 
89630000      873  1.8418966e-19      113310.78 
89640000      873  1.8740901e-19       113321.1 
89650000      873  1.8753318e-19       113331.6 
89660000      873  1.8478131e-19      113342.74 
89670000      873  1.7910711e-19      113353.05 
89680000      873  1.7087913e-19      113363.36 
89690000      873  1.6029159e-19      113373.63 
89700000      873  1.4779998e-19      113383.93 
89710000      873  1.3376776e-19      113394.22 
89720000      873  1.1868941e-19      113404.56 
89730000      873  1.0302257e-19      113414.85 
89740000      873  8.7251315e-20      113425.19 
89750000      873  7.1831006e-20      113435.49 
89760000      873  5.7182851e-20      113445.85 
89770000      873  4.3694999e-20      113456.22 
89780000      873  3.1684656e-20      113467.54 
89790000      873  2.1425693e-20      113478.63 
89800000      873  1.3101363e-20      113489.07 
89810000      873  6.8416961e-21      113499.42 
89820000      873  2.6862952e-21      113509.76 
89830000      873  6.1884761e-22      113520.12 
89840000      873  5.4864298e-22      113530.43 
89850000      873  2.3294287e-21      113540.78 
89860000      873  5.7617319e-21      113551.11 
89870000      873  1.0601483e-20      113561.44 
89880000      873  1.6577817e-20      113571.78 
89890000      873  2.3391579e-20      113582.17 
89900000      873  3.0746199e-20      113593.51 
89910000      873  3.8326356e-20      113603.94 
89920000      873  4.5854821e-20      113614.34 
89930000      873  5.3035715e-20      113624.72 
89940000      873  5.9653345e-20      113635.15 
89950000      873  6.5461072e-20      113645.54 
89960000      873  7.0332734e-20      113656.66 
89970000      873  7.4088335e-20      113667.03 
89980000      873  7.6705653e-20      113677.43 
89990000      873   7.807831e-20      113687.82 
90000000      873  7.8290092e-20      113698.33 
90010000      873  7.7303426e-20      113708.71 
90020000      873  7.5295118e-20      113719.86 
90030000      873  7.2282156e-20       113730.5 
90040000      873  6.8509705e-20      113740.88 
90050000      873  6.4034381e-20      113751.29 
90060000      873  5.9135344e-20      113761.69 
90070000      873  5.3890538e-20      113772.11 
90080000      873  4.8578195e-20       113782.5 
90090000      873  4.3278471e-20      113792.92 
90100000      873   3.823764e-20      113803.34 
90110000      873  3.3520957e-20       113813.8 
90120000      873  2.9319734e-20       113824.2 
90130000      873  2.5671235e-20      113835.29 
90140000      873  2.2697063e-20      113846.19 
90150000      873  2.0400145e-20      113857.06 
90160000      873  1.8827705e-20      113867.49 
90170000      873  1.7948252e-20      113877.85 
90180000      873  1.7739285e-20      113888.23 
90190000      873  1.8140287e-20      113898.58 
90200000      873  1.9071558e-20      113909.08 
90210000      873   2.045349e-20      113919.43 
90220000      873  2.2166676e-20      113929.83 
90230000      873  2.4125902e-20      113940.21 
90240000      873  2.6190906e-20      113950.62 
90250000      873  2.8284597e-20      113961.01 
90260000      873  3.0264841e-20      113971.91 
90270000      873  3.2075976e-20      113982.81 
90280000      873  3.3589728e-20      113993.21 
90290000      873  3.4780789e-20      114003.61 
90300000      873     3.5546e-20      114015.13 
90310000      873  3.5896381e-20      114025.48 
90320000      873  3.5761177e-20      114035.81 
90330000      873  3.5186592e-20      114046.16 
90340000      873  3.4135876e-20      114056.49 
90350000      873  3.2686228e-20      114066.84 
90360000      873  3.0831889e-20      114077.15 
90370000      873  2.8671793e-20      114087.99 
90380000      873  2.6225716e-20       114098.6 
90390000      873  2.3603007e-20      114109.66 
90400000      873  2.0839931e-20      114120.19 
90410000      873  1.8044621e-20      114130.53 
90420000      873  1.5260592e-20      114140.91 
90430000      873  1.2583588e-20      114151.25 
90440000      873  1.0055316e-20      114161.59 
90450000      873  7.7505819e-21      114171.93 
90460000      873  5.7017134e-21      114182.29 
90470000      873  3.9573961e-21       114192.6 
90480000      873   2.535079e-21      114203.64 
90490000      873  1.4557594e-21      114213.93 
90500000      873  7.1944447e-22      114224.26 
90510000      873  3.2143918e-22      114235.58 
90520000      873  2.4418267e-22      114245.92 
90530000      873  4.6240673e-22      114256.22 
90540000      873   9.433883e-22      114266.51 
90550000      873  1.6482371e-21      114276.82 
90560000      873  2.5333898e-21      114287.18 
90570000      873  3.5540717e-21      114297.48 
90580000      873  4.6612322e-21      114307.82 
90590000      873  5.8119175e-21      114318.13 
90600000      873  6.9569208e-21      114328.57 
90610000      873  8.0618618e-21      114338.87 
90620000      873  9.0823727e-21       114349.2 
90630000      873  9.9973147e-21      114359.53 
90640000      873  1.0770723e-20      114369.82 
90650000      873  1.1396516e-20       114381.7 
90660000      873  1.1850369e-20       114392.1 
90670000      873  1.2141767e-20      114402.44 
90680000      873  1.2257313e-20      114412.73 
90690000      873  1.2220512e-20      114423.05 
90700000      873   1.202787e-20       114433.3 
90710000      873   1.171357e-20       114443.6 
90720000      873  1.1281782e-20      114453.87 
90730000      873  1.0772779e-20      114464.18 
90740000      873  1.0195238e-20      114474.48 
90750000      873   9.590861e-21      114484.81 
90760000      873  8.9694931e-21      114495.12 
90770000      873   8.369632e-21       114505.9 
90780000      873  7.7994429e-21      114516.73 
90790000      873  7.2905901e-21      114527.05 
90800000      873  6.8475502e-21      114537.47 
90810000      873  6.4920229e-21      114547.75 
90820000      873  6.2239443e-21      114558.72 
90830000      873  6.0536537e-21      114568.98 
90840000      873  5.9764735e-21      114579.25 
90850000      873  5.9915821e-21      114589.51 
90860000      873  6.0906782e-21      114599.81 
90870000      873  6.2625979e-21      114610.06 
90880000      873  6.4972845e-21      114620.36 
90890000      873  6.7757049e-21      114630.66 
90900000      873  7.0878931e-21      114641.93 
90910000      873  7.4094908e-21      114652.31 
90920000      873   7.732913e-21      114662.62 
90930000      873   8.031446e-21      114672.92 
90940000      873  8.3016236e-21       114683.2 
90950000      873  8.5174757e-21      114693.52 
90960000      873  8.6806961e-21       114703.8 
90970000      873  8.7682101e-21      114714.13 
90980000      873  8.7875654e-21      114724.42 
90990000      873  8.7204622e-21      114735.41 
91000000      873  8.5798348e-21      114745.81 
91010000      873  8.3530358e-21      114756.11 
91020000      873  8.0574615e-21      114766.42 
91030000      873  7.6858698e-21       114777.2 
91040000      873  7.2591601e-21      114788.06 
91050000      873  6.7748991e-21       114798.4 
91060000      873  6.2552563e-21      114808.73 
91070000      873   5.701679e-21      114819.04 
91080000      873    5.13584e-21      114829.42 
91090000      873  4.5613887e-21      114839.76 
91100000      873  3.9978894e-21       114850.1 
91110000      873  3.4498137e-21      114860.42 
91120000      873  2.9332026e-21      114870.77 
91130000      873   2.452033e-21      114881.12 
91140000      873  2.0177079e-21      114891.46 
91150000      873  1.6328357e-21      114901.81 
91160000      873  1.3039363e-21      114913.81 
91170000      873  1.0314992e-21       114924.2 
91180000      873  8.1731095e-22      114934.52 
91190000      873  6.5970685e-22      114944.87 
91200000      873  5.5633227e-22      114955.33 
91210000      873  5.0354521e-22      114965.75 
91220000      873  4.9595778e-22      114976.11 
91230000      873  5.2834042e-22      114986.51 
91240000      873  5.9353969e-22      114996.87 
91250000      873  6.8549104e-22      115007.33 
91260000      873  7.9650346e-22      115017.74 
91270000      873  9.2043143e-22      115028.12 
91280000      873  1.0501581e-21      115038.52 
91290000      873   1.180063e-21      115049.32 
91300000      873  1.3048218e-21      115060.28 
91310000      873  1.4196787e-21      115070.69 
91320000      873  1.5215561e-21      115081.09 
91330000      873  1.6070164e-21      115091.45 
91340000      873  1.6754865e-21      115102.53 
91350000      873  1.7248886e-21       115112.9 
91360000      873  1.7571231e-21      115123.29 
91370000      873  1.7712394e-21      115133.68 
91380000      873  1.7712084e-21      115144.13 
91390000      873  1.7568587e-21      115154.56 
91400000      873  1.7336603e-21      115165.05 
91410000      873  1.7018917e-21      115175.46 
91420000      873   1.667715e-21      115185.86 
91430000      873  1.6315301e-21       115197.3 
91440000      873  1.5993219e-21      115207.71 
91450000      873  1.5712666e-21      115218.11 
91460000      873  1.5524869e-21      115228.46 
91470000      873  1.5426324e-21      115238.85 
91480000      873  1.5454643e-21      115249.22 
91490000      873  1.5602097e-21      115259.62 
91500000      873  1.5887868e-21      115269.98 
91510000      873  1.6298249e-21      115281.02 
91520000      873  1.6835532e-21      115291.41 
91530000      873  1.7480712e-21      115301.76 
91540000      873   1.821944e-21      115312.18 
91550000      873  1.9032183e-21      115322.57 
91560000      873  1.9888919e-21      115332.96 
91570000      873  2.0774083e-21      115344.31 
91580000      873  2.1645616e-21      115354.75 
91590000      873  2.2493071e-21      115365.13 
91600000      873  2.3269668e-21       115375.6 
91610000      873  2.3971707e-21      115385.99 
91620000      873  2.4551917e-21      115396.36 
91630000      873  2.5016969e-21      115406.68 
91640000      873  2.5321444e-21      115417.02 
91650000      873  2.5484291e-21      115427.35 
91660000      873    2.54641e-21      115437.72 
91670000      873  2.5290842e-21      115448.02 
91680000      873  2.4931834e-21      115459.04 
91690000      873  2.4425575e-21      115469.36 
91700000      873  2.3747702e-21      115480.69 
91710000      873  2.2942817e-21      115491.08 
91720000      873  2.1995081e-21      115501.46 
91730000      873  2.0953451e-21      115511.79 
91740000      873  1.9806696e-21      115522.16 
91750000      873  1.8606146e-21      115532.51 
91760000      873  1.7345759e-21      115542.81 
91770000      873  1.6071047e-21      115553.16 
91780000      873  1.4782337e-21      115563.48 
91790000      873  1.3517713e-21      115573.81 
91800000      873  1.2278409e-21      115584.22 
91810000      873  1.1094816e-21      115594.53 
91820000      873  9.9690178e-22      115605.75 
91830000      873  8.9213962e-22      115616.19 
91840000      873  7.9537709e-22      115626.51 
91850000      873   7.076341e-22      115637.51 
91860000      873  6.2887284e-22       115647.8 
91870000      873  5.5937758e-22      115658.13 
91880000      873  4.9889508e-22      115668.48 
91890000      873  4.4699526e-22      115678.79 
91900000      873  4.0335901e-22      115689.11 
91910000      873  3.6692258e-22      115699.42 
91920000      873  3.3738263e-22      115709.75 
91930000      873  3.1339714e-22      115720.03 
91940000      873  2.9461267e-22      115730.37 
91950000      873  2.7963937e-22      115741.65 
91960000      873  2.6817859e-22      115752.01 
91970000      873  2.5899922e-22      115762.28 
91980000      873  2.5184981e-22      115772.59 
91990000      873  2.4584331e-22      115782.84 
92000000      873   2.407571e-22      115793.27 
92010000      873  2.3610136e-22      115803.59 
92020000      873   2.318362e-22      115813.86 
92030000      873  2.2776944e-22      115824.87 
92040000      873  2.2398088e-22      115835.16 
92050000      873  2.2065473e-22      115845.48 
92060000      873  2.1787551e-22      115855.78 
92070000      873  2.1609966e-22      115866.79 
92080000      873  2.1541864e-22      115877.43 
92090000      873  2.1646642e-22      115887.77 
92100000      873  2.1926426e-22      115898.05 
92110000      873  2.2449069e-22      115908.38 
92120000      873  2.3205167e-22      115918.69 
92130000      873  2.4261555e-22      115928.97 
92140000      873  2.5589037e-22      115939.27 
92150000      873  2.7243821e-22      115949.53 
92160000      873  2.9185951e-22      115959.79 
92170000      873  3.1438055e-22      115970.07 
92180000      873  3.3959778e-22      115980.39 
92190000      873  3.6743488e-22      115990.66 
92200000      873  3.9740308e-22      116002.66 
92210000      873  4.2921297e-22      116012.99 
92220000      873  4.6231202e-22      116023.31 
92230000      873  4.9616005e-22      116033.62 
92240000      873  5.3035524e-22      116043.96 
92250000      873  5.6405303e-22      116054.27 
92260000      873  5.9700262e-22      116064.56 
92270000      873   6.282414e-22      116074.88 
92280000      873  6.5771892e-22      116085.16 
92290000      873  6.8436748e-22      116095.49 
92300000      873  7.0835128e-22      116105.79 
92310000      873  7.2862305e-22      116116.11 
92320000      873  7.4561168e-22      116127.39 
92330000      873  7.5828205e-22      116137.75 
92340000      873  7.6726679e-22      116148.05 
92350000      873  7.7167329e-22       116158.4 
92360000      873  7.7231491e-22      116168.71 
92370000      873  7.6852828e-22      116179.77 
92380000      873  7.6116047e-22      116190.12 
92390000      873  7.4969509e-22      116200.47 
92400000      873  7.3515961e-22      116210.97 
92410000      873  7.1703125e-22      116221.32 
92420000      873  6.9648051e-22      116231.66 
92430000      873  6.7320405e-22      116241.99 
92440000      873  6.4812073e-22      116253.36 
92450000      873  6.2112935e-22      116263.73 
92460000      873  5.9312317e-22      116274.09 
92470000      873  5.6395235e-22      116284.42 
92480000      873  5.3444416e-22      116294.77 
92490000      873  5.0451342e-22       116305.1 
92500000      873  4.7482329e-22      116315.46 
92510000      873  4.4534432e-22      116325.84 
92520000      873  4.1648558e-22      116336.21 
92530000      873  3.8832529e-22      116346.63 
92540000      873  3.6103555e-22      116357.69 
92550000      873  3.3475694e-22      116368.09 
92560000      873   3.095049e-22      116379.45 
92570000      873  2.8542819e-22      116389.93 
92580000      873  2.6241525e-22      116400.32 
92590000      873  2.4055319e-22      116410.71 
92600000      873  2.1976337e-22      116421.18 
92610000      873  2.0013256e-22      116431.63 
92620000      873   1.814952e-22      116441.99 
92630000      873  1.6395301e-22       116452.4 
92640000      873  1.4728033e-22      116462.78 
92650000      873  1.3167439e-22      116473.16 
92660000      873  1.1689984e-22      116483.53 
92670000      873  1.0314407e-22      116493.94 
92680000      873  9.0224342e-23      116505.19 
92690000      873  7.8310644e-23      116515.76 
92700000      873  6.7296626e-23       116526.2 
92710000      873  5.7311337e-23       116537.3 
92720000      873  4.8316973e-23      116547.71 
92730000      873  4.0423129e-23      116558.13 
92740000      873  3.3639351e-23      116568.56 
92750000      873  2.8054067e-23      116578.95 
92760000      873  2.3668878e-23      116589.64 
92770000      873  2.0549886e-23      116600.01 
92780000      873    1.87414e-23      116610.38 
92790000      873   1.825064e-23      116620.73 
92800000      873  1.9102373e-23      116632.23 
92810000      873  2.1273323e-23      116642.64 
92820000      873    2.47733e-23      116653.01 
92830000      873  2.9526662e-23      116663.38 
92840000      873  3.5533516e-23      116673.78 
92850000      873  4.2670891e-23      116684.14 
92860000      873  5.0880187e-23      116694.56 
92870000      873   6.005208e-23      116704.98 
92880000      873  7.0033055e-23      116716.07 
92890000      873  8.0736674e-23      116726.48 
92900000      873  9.1989627e-23      116736.83 
92910000      873  1.0366519e-22      116747.22 
92920000      873  1.1561052e-22      116758.55 
92930000      873  1.2765572e-22      116768.97 
92940000      873  1.3963604e-22      116779.29 
92950000      873  1.5146886e-22      116789.63 
92960000      873  1.6288387e-22      116799.95 
92970000      873  1.7389518e-22      116810.32 
92980000      873  1.8425205e-22      116820.66 
92990000      873  1.9396486e-22      116830.99 
93000000      873  2.0279645e-22      116841.45 
93010000      873   2.108288e-22      116851.77 
93020000      873  2.1783987e-22      116862.13 
93030000      873  2.2393571e-22      116872.48 
93040000      873  2.2890722e-22      116883.82 
93050000      873   2.329046e-22      116894.89 
93060000      873  2.3578944e-22      116905.23 
93070000      873  2.3770161e-22      116915.54 
93080000      873  2.3850402e-22      116925.87 
93090000      873  2.3841469e-22      116936.18 
93100000      873  2.3729103e-22      116946.53 
93110000      873  2.3536564e-22      116956.85 
93120000      873  2.3250168e-22      116967.12 
93130000      873  2.2892798e-22      116977.42 
93140000      873  2.2458636e-22      116987.72 
93150000      873  2.1961064e-22      116998.03 
93160000      873  2.1402657e-22      117008.31 
93170000      873  2.0794753e-22       117019.6 
93180000      873  2.0138876e-22      117029.95 
93190000      873  1.9443368e-22      117040.27 
93200000      873  1.8709268e-22       117050.7 
93210000      873  1.7949164e-22      117061.04 
93220000      873  1.7164313e-22      117071.33 
93230000      873  1.6359882e-22      117082.34 
93240000      873  1.5540953e-22      117092.66 
93250000      873  1.4705398e-22      117102.94 
93260000      873  1.3867605e-22      117113.27 
93270000      873  1.3023034e-22      117123.57 
93280000      873  1.2179208e-22      117133.86 
93290000      873  1.1339584e-22      117145.12 
93300000      873  1.0506981e-22      117155.44 
93310000      873   9.682921e-23      117165.69 
93320000      873  8.8745986e-23      117176.01 
93330000      873  8.0793576e-23      117186.29 
93340000      873  7.3087611e-23       117196.6 
93350000      873  6.5567054e-23      117206.88 
93360000      873   5.833514e-23      117217.19 
93370000      873  5.1383482e-23      117227.53 
93380000      873  4.4788193e-23      117237.82 
93390000      873  3.8540542e-23      117248.12 
93400000      873   3.269034e-23      117259.19 
93410000      873    2.72521e-23       117269.5 
93420000      873  2.2280109e-23      117279.77 
93430000      873  1.7783861e-23      117290.46 
93440000      873  1.3789003e-23      117301.33 
93450000      873  1.0296166e-23      117311.67 
93460000      873  7.3436197e-24      117321.92 
93470000      873  4.9158314e-24      117332.19 
93480000      873  3.0326577e-24      117342.43 
93490000      873  1.6898209e-24      117352.74 
93500000      873  8.8530798e-25      117363.06 
93510000      873   6.048913e-25      117373.33 
93520000      873  8.3256283e-25      117383.63 
93530000      873  1.5503365e-24      117394.21 
93540000      873  2.7329461e-24      117404.55 
93550000      873  4.3487918e-24      117414.86 
93560000      873   6.368364e-24      117425.19 
93570000      873  8.7555695e-24      117436.96 
93580000      873  1.1477116e-23      117447.38 
93590000      873  1.4473047e-23      117457.69 
93600000      873  1.7722044e-23      117468.12 
93610000      873  2.1171798e-23      117478.43 
93620000      873  2.4767427e-23      117488.71 
93630000      873  2.8481584e-23      117499.02 
93640000      873  3.2267824e-23      117509.33 
93650000      873  3.6070306e-23      117519.61 
93660000      873  3.9873225e-23      117529.95 
93670000      873  4.3604431e-23      117540.26 
93680000      873  4.7277662e-23      117550.61 
93690000      873  5.0809148e-23      117561.42 
93700000      873  5.4213086e-23      117572.29 
93710000      873  5.7422697e-23      117582.62 
93720000      873  6.0449714e-23         117593 
93730000      873  6.3231878e-23      117603.37 
93740000      873  6.5814494e-23      117614.89 
93750000      873  6.8115298e-23      117625.24 
93760000      873  7.0166348e-23      117635.56 
93770000      873  7.1955537e-23      117645.91 
93780000      873   7.342997e-23      117656.24 
93790000      873  7.4654868e-23      117666.59 
93800000      873   7.559842e-23      117677.02 
93810000      873  7.6252912e-23      117688.72 
93820000      873  7.6643651e-23      117699.23 
93830000      873  7.6746089e-23      117709.65 
93840000      873   7.659369e-23      117720.02 
93850000      873   7.616086e-23      117730.42 
93860000      873  7.5481763e-23      117740.84 
93870000      873  7.4553947e-23      117751.21 
93880000      873  7.3393799e-23       117761.6 
93890000      873  7.2013623e-23      117771.99 
93900000      873  7.0435103e-23      117782.41 
93910000      873  6.8646704e-23      117792.77 
93920000      873  6.6680322e-23      117803.83 
93930000      873  6.4551918e-23      117814.99 
93940000      873  6.2260061e-23       117825.6 
93950000      873  5.9828417e-23         117836 
93960000      873  5.7266565e-23      117846.41 
93970000      873  5.4597596e-23      117856.77 
93980000      873  5.1836869e-23      117867.17 
93990000      873  4.9004523e-23      117877.59 
94000000      873   4.609862e-23       117888.1 
94010000      873  4.3175695e-23      117898.53 
94020000      873  4.0221906e-23      117908.93 
94030000      873  3.7263432e-23      117919.36 
94040000      873  3.4326693e-23      117929.75 
94050000      873  3.1433612e-23      117940.86 
94060000      873  2.8570704e-23      117951.55 
94070000      873   2.577801e-23      117961.99 
94080000      873   2.307146e-23      117972.35 
94090000      873  2.0464097e-23      117983.42 
94100000      873  1.7964953e-23      117993.77 
94110000      873  1.5599397e-23      118004.18 
94120000      873  1.3365852e-23      118014.58 
94130000      873  1.1287136e-23      118024.94 
94140000      873  9.3649442e-24      118035.33 
94150000      873   7.615579e-24      118045.69 
94160000      873  6.0361534e-24      118056.09 
94170000      873  4.6412477e-24      118066.98 
94180000      873  3.4312757e-24      118077.92 
94190000      873  2.4073271e-24      118088.31 
94200000      873  1.5709841e-24      118098.83 
94210000      873  9.1584927e-25      118109.19 
94220000      873   4.427955e-25      118119.56 
94230000      873  1.4635113e-25      118129.94 
94240000      873  2.1172424e-26      118140.29 
94250000      873  5.9861042e-26      118150.65 
94260000      873  2.5370853e-25      118161.66 
94270000      873  5.9439434e-25      118171.99 
94280000      873  1.0718555e-24      118182.29 
94290000      873  1.6735634e-24      118193.14 
94300000      873  2.3903354e-24         118204 
94310000      873  3.2070042e-24      118214.37 
94320000      873  4.1143611e-24      118224.69 
94330000      873   5.101021e-24      118235.06 
94340000      873  6.1474925e-24       118245.4 
94350000      873  7.2559678e-24      118255.78 
94360000      873   8.399799e-24      118266.15 
94370000      873  9.5828711e-24      118276.47 
94380000      873  1.0776005e-23      118286.82 
94390000      873  1.1977883e-23      118297.13 
94400000      873  1.3170628e-23      118307.59 
94410000      873  1.4348755e-23      118318.07 
94420000      873  1.5502658e-23      118329.23 
94430000      873  1.6632152e-23      118340.26 
94440000      873  1.7715013e-23      118350.58 
94450000      873  1.8755754e-23      118360.85 
94460000      873  1.9728122e-23      118371.19 
94470000      873  2.0640303e-23       118381.5 
94480000      873   2.148518e-23      118391.81 
94490000      873  2.2256941e-23      118402.14 
94500000      873  2.2956624e-23      118412.45 
94510000      873   2.357201e-23      118422.78 
94520000      873  2.4105977e-23       118433.1 
94530000      873  2.4542577e-23      118443.44 
94540000      873  2.4894266e-23      118454.74 
94550000      873  2.5146728e-23      118465.12 
94560000      873  2.5310797e-23      118475.42 
94570000      873  2.5383932e-23      118485.75 
94580000      873   2.536205e-23      118496.05 
94590000      873  2.5250194e-23      118506.38 
94600000      873  2.5052451e-23      118517.51 
94610000      873  2.4756165e-23      118527.78 
94620000      873  2.4388552e-23      118538.07 
94630000      873  2.3931985e-23      118548.36 
94640000      873   2.340315e-23      118558.68 
94650000      873  2.2801774e-23      118568.96 
94660000      873  2.2132613e-23      118580.24 
94670000      873  2.1404834e-23      118590.62 
94680000      873  2.0611666e-23      118600.92 
94690000      873  1.9775421e-23      118611.27 
94700000      873   1.889933e-23      118621.58 
94710000      873  1.7983052e-23      118631.89 
94720000      873  1.7031564e-23      118642.19 
94730000      873  1.6066506e-23      118652.48 
94740000      873   1.507988e-23      118662.78 
94750000      873  1.4073497e-23      118673.05 
94760000      873  1.3070463e-23      118683.35 
94770000      873  1.2072625e-23       118694.3 
94780000      873  1.1096135e-23      118705.58 
94790000      873  1.0120512e-23      118715.89 
94800000      873  9.1703032e-24       118726.3 
94810000      873  8.2448372e-24      118736.58 
94820000      873  7.3519743e-24      118746.91 
94830000      873  6.4990323e-24       118757.2 
94840000      873  5.6918066e-24      118767.52 
94850000      873  4.9248384e-24      118777.83 
94860000      873  4.2083886e-24      118788.14 
94870000      873  3.5449898e-24      118798.48 
94880000      873  2.9353077e-24      118808.77 
94890000      873  2.3819759e-24       118819.1 
94900000      873  1.8869104e-24      118830.38 
94910000      873  1.4494413e-24      118840.74 
94920000      873  1.0731942e-24      118851.04 
94930000      873  7.5495657e-25      118861.37 
94940000      873  4.9553839e-25      118871.65 
94950000      873  2.9557455e-25      118882.68 
94960000      873  1.5283191e-25      118892.97 
94970000      873  6.6202509e-26       118903.3 
94980000      873  3.2926528e-26      118913.66 
94990000      873  5.1047693e-26      118923.99 
95000000      873   1.183143e-25      118934.46 
95010000      873  2.3189622e-25      118944.78 
95020000      873  3.8863478e-25      118956.11 
95030000      873  5.8602881e-25      118966.49 
95040000      873  8.2049681e-25      118976.87 
95050000      873  1.0860397e-24      118987.21 
95060000      873  1.3828641e-24      118997.56 
95070000      873  1.7040419e-24      119007.88 
95080000      873  2.0472011e-24      119018.23 
95090000      873  2.4105653e-24      119028.57 
95100000      873  2.7869527e-24      119038.93 
95110000      873  3.1744417e-24      119049.27 
95120000      873  3.5718705e-24      119060.29 
95130000      873  3.9686363e-24      119070.68 
95140000      873  4.3691529e-24      119081.79 
95150000      873  4.7634438e-24      119092.44 
95160000      873  5.1507399e-24      119102.85 
95170000      873  5.5282519e-24      119113.26 
95180000      873  5.8968632e-24      119123.64 
95190000      873  6.2492043e-24      119134.05 
95200000      873   6.582473e-24      119144.52 
95210000      873  6.8942909e-24      119154.94 
95220000      873  7.1806185e-24      119165.37 
95230000      873  7.4439559e-24      119175.74 
95240000      873  7.6801268e-24      119186.13 
95250000      873  7.8890712e-24       119196.5 
95260000      873  8.0675859e-24      119207.44 
95270000      873   8.216336e-24      119218.34 
95280000      873  8.3360434e-24      119228.76 
95290000      873  8.4191819e-24      119239.83 
95300000      873  8.4692867e-24      119250.26 
95310000      873  8.4870994e-24      119260.65 
95320000      873   8.473131e-24      119271.09 
95330000      873  8.4284217e-24      119281.49 
95340000      873  8.3537464e-24      119291.93 
95350000      873  8.2476772e-24      119302.36 
95360000      873  8.1203618e-24      119312.74 
95370000      873  7.9594972e-24      119323.13 
95380000      873    7.77573e-24      119333.87 
95390000      873  7.5686261e-24      119344.91 
95400000      873  7.3346879e-24      119355.42 
95410000      873  7.0898191e-24       119365.8 
95420000      873    6.81762e-24      119376.15 
95430000      873  6.5335581e-24      119386.55 
95440000      873  6.2361451e-24      119396.91 
95450000      873  5.9248901e-24      119407.31 
95460000      873  5.6050649e-24      119418.36 
95470000      873  5.2832749e-24      119428.77 
95480000      873  4.9580269e-24      119439.18 
95490000      873  4.6291888e-24      119449.58 
95500000      873   4.291171e-24      119460.31 
95510000      873  3.9610934e-24      119471.35 
95520000      873  3.6358852e-24      119481.79 
95530000      873  3.3152232e-24      119492.13 
95540000      873  3.0057588e-24      119502.49 
95550000      873  2.7027681e-24      119512.84 
95560000      873  2.4120065e-24      119523.22 
95570000      873  2.1304725e-24      119533.53 
95580000      873  1.8633935e-24      119543.88 
95590000      873  1.6126146e-24      119554.18 
95600000      873  1.3766722e-24      119564.64 
95610000      873  1.1589001e-24         119575 
95620000      873  9.5950139e-25      119585.34 
95630000      873  7.7752983e-25      119597.42 
95640000      873  6.1450814e-25      119607.81 
95650000      873  4.7033717e-25      119618.17 
95660000      873  3.4564708e-25      119628.52 
95670000      873  2.4131821e-25      119638.88 
95680000      873  1.5618431e-25       119649.2 
95690000      873  9.0377728e-26      119659.55 
95700000      873  4.3357768e-26      119669.89 
95710000      873  1.4819454e-26      119680.22 
95720000      873  4.0933475e-27      119690.53 
95730000      873  1.0560856e-26      119700.86 
95740000      873  3.3647467e-26       119711.2 
95750000      873  7.2566796e-26      119722.46 
95760000      873  1.2550165e-25      119732.78 
95770000      873  1.9200758e-25      119743.08 
95780000      873  2.7019508e-25      119753.39 
95790000      873  3.5941865e-25      119763.73 
95800000      873  4.5902055e-25      119774.84 
95810000      873  5.6813488e-25      119785.16 
95820000      873  6.8480493e-25      119795.45 
95830000      873  8.0909724e-25      119805.82 
95840000      873  9.3645466e-25      119816.17 
95850000      873  1.0681395e-24      119826.48 
95860000      873   1.199691e-24      119836.79 
95870000      873  1.3332485e-24      119848.06 
95880000      873  1.4655705e-24      119858.42 
95890000      873  1.5986001e-24      119868.71 
95900000      873  1.7273141e-24      119879.01 
95910000      873  1.8527888e-24      119889.27 
95920000      873  1.9740752e-24      119899.57 
95930000      873  2.0900442e-24      119909.84 
95940000      873  2.1989511e-24      119920.12 
95950000      873  2.3024057e-24      119930.41 
95960000      873  2.3964897e-24      119940.73 
95970000      873  2.4826636e-24      119951.04 
95980000      873  2.5599067e-24      119962.01 
95990000      873  2.6282348e-24      119973.32 
96000000      873  2.6864518e-24      119983.75 
96010000      873  2.7342993e-24       119994.1 
96020000      873  2.7717636e-24      120004.39 
96030000      873  2.7972307e-24      120014.69 
96040000      873  2.8134554e-24      120024.96 
96050000      873  2.8200303e-24      120035.27 
96060000      873  2.8143709e-24      120045.53 
96070000      873  2.7985458e-24      120055.82 
96080000      873  2.7739926e-24      120066.08 
96090000      873  2.7354819e-24      120076.37 
96100000      873  2.6907574e-24      120086.67 
96110000      873  2.6385888e-24      120097.73 
96120000      873  2.5753242e-24      120108.27 
96130000      873  2.5092573e-24      120118.58 
96140000      873  2.4329769e-24      120128.89 
96150000      873   2.352124e-24      120139.88 
96160000      873  2.2623512e-24       120150.2 
96170000      873  2.1650994e-24      120160.48 
96180000      873  2.0659071e-24      120170.82 
96190000      873  1.9642218e-24      120181.12 
96200000      873   1.859614e-24      120191.55 
96210000      873  1.7539685e-24      120201.87 
96220000      873  1.6451675e-24      120212.15 
96230000      873   1.537004e-24      120223.38 
96240000      873  1.4253064e-24      120233.77 
96250000      873   1.316287e-24      120244.12 
96260000      873  1.2065237e-24       120254.4 
96270000      873  1.1010166e-24      120264.73 
96280000      873  9.9795064e-25      120275.04 
96290000      873  8.9722501e-25      120285.37 
96300000      873  7.9976109e-25       120295.7 
96310000      873  7.0605174e-25      120306.08 
96320000      873   6.167786e-25      120317.11 
96330000      873  5.3379971e-25      120327.46 
96340000      873  4.5422178e-25      120337.81 
96350000      873  3.8164502e-25      120348.78 
96360000      873  3.1366083e-25      120359.52 
96370000      873   2.530991e-25      120369.87 
96380000      873  1.9920076e-25      120380.22 
96390000      873  1.5221159e-25      120390.54 
96400000      873  1.1124999e-25      120401.01 
96410000      873  7.6817369e-26      120411.35 
96420000      873  4.8987045e-26      120421.71 
96430000      873  2.7134263e-26      120432.03 
96440000      873  1.1905219e-26      120442.42 
96450000      873  3.1079116e-27      120452.78 
96460000      873  2.3572537e-28      120463.16 
96470000      873  3.1202593e-27      120474.29 
96480000      873  1.1112805e-26      120484.99 
96490000      873  2.4655964e-26       120496.1 
96500000      873  4.2458001e-26      120506.48 
96510000      873  6.4770302e-26      120516.87 
96520000      873  9.0971119e-26      120527.24 
96530000      873  1.2088741e-25      120537.66 
96540000      873  1.5434859e-25      120548.03 
96550000      873  1.9017928e-25      120558.42 
96560000      873  2.2833094e-25      120568.78 
96570000      873  2.6805375e-25      120579.18 
96580000      873  3.1015515e-25      120589.55 
96590000      873  3.5323207e-25      120600.45 
96600000      873  3.9723819e-25      120611.48 
96610000      873  4.4191623e-25       120621.9 
96620000      873  4.8663024e-25      120632.33 
96630000      873  5.2998851e-25      120642.72 
96640000      873  5.7238554e-25      120653.15 
96650000      873  6.1361417e-25      120663.56 
96660000      873  6.5276879e-25      120674.69 
96670000      873  6.9075305e-25      120685.07 
96680000      873  7.2699004e-25      120695.46 
96690000      873  7.6066154e-25      120705.82 
96700000      873  7.9171888e-25      120716.22 
96710000      873  8.2010827e-25      120727.12 
96720000      873  8.4548707e-25      120737.98 
96730000      873  8.6716487e-25      120748.41 
96740000      873  8.8635093e-25      120758.78 
96750000      873  9.0194488e-25      120769.15 
96760000      873  9.1465952e-25      120779.56 
96770000      873  9.2334677e-25      120789.92 
96780000      873   9.287812e-25      120800.33 
96790000      873  9.3005397e-25      120810.71 
96800000      873  9.2933978e-25      120821.23 
96810000      873  9.2571264e-25      120831.63 
96820000      873   9.173521e-25      120842.03 
96830000      873  9.0703957e-25      120852.41 
96840000      873  8.9178716e-25      120864.29 
96850000      873  8.7476359e-25       120874.7 
96860000      873  8.5375187e-25      120885.02 
96870000      873  8.3212753e-25      120895.39 
96880000      873  8.0699893e-25      120905.73 
96890000      873   7.800672e-25      120916.08 
96900000      873  7.5111711e-25      120926.39 
96910000      873   7.207966e-25      120936.72 
96920000      873  6.8744666e-25      120947.05 
96930000      873  6.5386701e-25      120957.43 
96940000      873  6.1983382e-25      120967.76 
96950000      873  5.8336476e-25      120978.12 
96960000      873  5.4666213e-25      120989.48 
96970000      873  5.1045347e-25      120999.88 
96980000      873   4.738638e-25      121010.27 
96990000      873  4.3761852e-25      121020.61 
97000000      873  4.0222669e-25      121031.06 
97010000      873  3.6682127e-25      121042.05 
97020000      873  3.3186281e-25       121052.4 
97030000      873  2.9891065e-25      121062.69 
97040000      873  2.6606131e-25      121073.02 
97050000      873  2.3457174e-25      121083.32 
97060000      873  2.0493503e-25      121093.63 
97070000      873  1.7766193e-25      121103.92 
97080000      873  1.5251744e-25      121114.22 
97090000      873  1.2818593e-25      121124.52 
97100000      873  1.0579226e-25      121135.82 
97110000      873   8.599772e-26      121146.21 
97120000      873  6.7676683e-26      121156.51 
97130000      873  5.1719051e-26      121166.84 
97140000      873   3.802714e-26      121177.14 
97150000      873  2.6475046e-26      121187.49 
97160000      873  1.6891027e-26      121197.81 
97170000      873  9.6621934e-27      121208.13 
97180000      873  4.3275478e-27      121219.64 
97190000      873  1.2594787e-27      121229.97 
97200000      873  1.3962012e-28      121240.38 
97210000      873  1.0230557e-27      121250.66 
97220000      873  3.6474027e-27      121260.96 
97230000      873  7.9786668e-27      121271.23 
97240000      873  1.3865118e-26      121282.02 
97250000      873  2.1286956e-26      121293.28 
97260000      873  3.0010597e-26      121303.61 
97270000      873  4.0067767e-26       121313.9 
97280000      873  5.1014544e-26      121324.24 
97290000      873  6.3066034e-26      121334.52 
97300000      873  7.5367459e-26      121344.84 
97310000      873  8.8997474e-26      121355.12 
97320000      873  1.0279019e-25      121365.43 
97330000      873   1.173404e-25      121375.76 
97340000      873  1.3148149e-25      121386.06 
97350000      873  1.4660884e-25      121397.05 
97360000      873  1.6117338e-25      121407.32 
97370000      873   1.750987e-25       121417.6 
97380000      873  1.8861794e-25      121427.87 
97390000      873  2.0222785e-25      121438.16 
97400000      873  2.1499256e-25      121449.37 
97410000      873  2.2748685e-25       121459.8 
97420000      873  2.3933809e-25      121470.09 
97430000      873  2.4991791e-25      121480.37 
97440000      873  2.6006895e-25      121490.66 
97450000      873  2.6900415e-25      121500.98 
97460000      873  2.7744235e-25       121511.3 
97470000      873  2.8390653e-25      121521.58 
97480000      873    2.89721e-25       121531.9 
97490000      873  2.9378178e-25      121542.18 
97500000      873  2.9707296e-25      121552.52 
97510000      873  2.9967911e-25      121562.82 
97520000      873  3.0096905e-25      121573.13 
97530000      873  3.0064051e-25      121584.11 
97540000      873  2.9876426e-25      121594.42 
97550000      873  2.9623303e-25       121605.7 
97560000      873  2.9263676e-25      121616.06 
97570000      873  2.8825922e-25      121626.36 
97580000      873  2.8231749e-25      121636.68 
97590000      873   2.757802e-25      121647.01 
97600000      873  2.6842331e-25      121657.43 
97610000      873  2.6016055e-25      121667.79 
97620000      873  2.5189613e-25      121678.13 
97630000      873  2.4232968e-25      121688.49 
97640000      873  2.3136585e-25      121698.81 
97650000      873  2.2017049e-25      121709.16 
97660000      873  2.0891658e-25      121719.48 
97670000      873  1.9828325e-25      121729.86 
97680000      873  1.8625856e-25       121740.2 
97690000      873  1.7457942e-25      121750.55 
97700000      873  1.6302086e-25      121762.57 
97710000      873  1.5077107e-25      121772.94 
97720000      873  1.3909398e-25      121783.28 
97730000      873  1.2737245e-25      121793.61 
97740000      873  1.1663286e-25      121803.98 
97750000      873  1.0560179e-25      121814.33 
97760000      873  9.4381069e-26      121824.72 
97770000      873  8.4309911e-26      121835.12 
97780000      873  7.4712154e-26      121845.49 
97790000      873  6.5617161e-26      121855.91 
97800000      873  5.6874396e-26      121866.41 
97810000      873  4.8370551e-26      121876.82 
97820000      873  4.0532202e-26      121887.22 
97830000      873  3.3461631e-26      121897.57 
97840000      873   2.732622e-26      121907.98 
97850000      873  2.1740362e-26      121919.33 
97860000      873  1.6917286e-26      121929.78 
97870000      873   1.246208e-26      121940.85 
97880000      873  8.9190682e-27      121951.24 
97890000      873  5.8278427e-27      121961.59 
97900000      873  3.5233996e-27      121972.01 
97910000      873  1.7121592e-27      121982.39 
97920000      873  6.4010911e-28       121992.8 
97930000      873  8.6521839e-29      122003.18 
97940000      873  1.8106816e-28      122013.61 
97950000      873  7.1839256e-28      122024.03 
97960000      873  1.8149177e-27      122034.43 
97970000      873  3.2343101e-27      122044.85 
97980000      873   5.041953e-27      122055.23 
97990000      873  7.3895715e-27      122065.62 
98000000      873  9.8620124e-27      122077.09 
98010000      873  1.2760452e-26      122087.53 
98020000      873  1.5756925e-26       122097.9 
98030000      873  1.9450579e-26      122108.29 
98040000      873  2.2791344e-26      122119.31 
98050000      873   2.655619e-26      122129.69 
98060000      873  3.0272553e-26      122140.02 
98070000      873  3.3999651e-26      122150.43 
98080000      873  3.7508111e-26      122160.84 
98090000      873  4.1478253e-26      122171.21 
98100000      873  4.5117017e-26      122181.61 
98110000      873  4.8685429e-26      122191.98 
98120000      873  5.2195362e-26      122202.39 
98130000      873  5.5858572e-26      122212.78 
98140000      873  5.9604009e-26      122223.18 
98150000      873   6.283571e-26       122234.5 
98160000      873   6.589786e-26      122244.91 
98170000      873  6.8238189e-26      122255.24 
98180000      873    7.06295e-26      122265.58 
98190000      873  7.2792218e-26      122275.91 
98200000      873  7.4712044e-26      122286.39 
98210000      873  7.6677458e-26      122297.43 
98220000      873  7.7724573e-26      122307.73 
98230000      873  7.9273169e-26      122318.06 
98240000      873  8.0157004e-26      122328.39 
98250000      873  8.0905069e-26      122338.78 
98260000      873  8.1008025e-26      122349.12 
98270000      873  8.1408312e-26      122359.47 
98280000      873  8.1111467e-26       122369.8 
98290000      873  8.0812293e-26      122380.41 
98300000      873  8.0221692e-26      122391.49 
98310000      873   7.975012e-26      122401.88 
98320000      873  7.8437455e-26      122412.22 
98330000      873  7.7428194e-26      122422.53 
98340000      873   7.562456e-26      122432.87 
98350000      873  7.3877639e-26      122443.16 
98360000      873  7.1541599e-26       122453.5 
98370000      873  6.9587719e-26       122463.8 
98380000      873  6.7221196e-26      122474.11 
98390000      873  6.5039159e-26      122485.11 
98400000      873  6.2431515e-26      122495.54 
98410000      873  5.9761406e-26      122505.83 
98420000      873  5.7578241e-26      122516.17 
98430000      873    5.49734e-26      122526.49 
98440000      873  5.2158619e-26      122536.82 
98450000      873  4.9190706e-26      122548.14 
98460000      873  4.6432088e-26      122558.49 
98470000      873  4.3620673e-26      122568.83 
98480000      873  4.0978531e-26      122579.14 
98490000      873  3.8345867e-26      122589.47 
98500000      873  3.5723635e-26      122599.76 
98510000      873  3.3239418e-26      122610.07 
98520000      873  3.0592037e-26      122620.35 
98530000      873  2.8006636e-26      122630.67 
98540000      873  2.5245148e-26      122640.95 
98550000      873  2.3217694e-26      122651.25 
98560000      873  2.0830015e-26      122662.25 
98570000      873  1.8541311e-26      122672.56 
98580000      873  1.6239631e-26      122682.87 
98590000      873  1.4402419e-26      122694.15 
98600000      873  1.2652032e-26      122704.65 
98610000      873  1.1070928e-26      122714.94 
98620000      873  9.7396194e-27      122725.26 
98630000      873  8.2767934e-27      122735.54 
98640000      873  7.0709828e-27      122745.86 
98650000      873  5.8065138e-27      122756.16 
98660000      873  4.7412545e-27      122766.49 
98670000      873  3.6799982e-27      122776.76 
98680000      873  2.9134966e-27      122787.07 
98690000      873  2.1878006e-27      122797.37 
98700000      873  1.6914791e-27      122807.66 
98710000      873  1.1444352e-27      122817.96 
98720000      873  7.6964561e-28      122828.23 
98730000      873    4.68506e-28      122839.21 
98740000      873  2.5329491e-28      122850.48 
98750000      873  1.8204118e-28      122860.83 
98760000      873  1.2778357e-28      122871.14 
98770000      873   2.515039e-28      122881.48 
98780000      873  3.3551587e-28      122891.77 
98790000      873  5.9861966e-28      122902.11 
98800000      873  7.8902351e-28      122912.54 
98810000      873  1.1408679e-27      122922.85 
98820000      873   1.412049e-27      122933.17 
98830000      873  1.8568035e-27      122943.51 
98840000      873  2.2449932e-27      122953.79 
98850000      873  2.6972745e-27       122964.1 
98860000      873  3.3396517e-27      122974.39 
98870000      873   3.817818e-27       122984.7 
98880000      873  4.4674057e-27         122995 
98890000      873  5.0935494e-27      123006.03 
98900000      873  5.7699032e-27      123017.34 
98910000      873  6.2871137e-27      123027.72 
98920000      873   7.043489e-27      123038.04 
98930000      873  7.5129077e-27      123048.41 
98940000      873  8.1714836e-27      123058.78 
98950000      873  8.5671174e-27      123069.12 
98960000      873  9.1850062e-27      123079.49 
98970000      873  9.5917851e-27      123089.81 
98980000      873  1.0111376e-26      123100.15 
98990000      873  1.0457191e-26       123110.5 
99000000      873  1.0871709e-26      123120.99 
99010000      873  1.1129265e-26      123131.31 
99020000      873  1.1379567e-26      123141.83 
99030000      873  1.1675007e-26      123152.96 
99040000      873  1.1801603e-26      123163.36 
99050000      873  1.2158825e-26      123173.73 
99060000      873  1.2252097e-26      123184.13 
99070000      873  1.2473882e-26       123195.2 
99080000      873  1.2542403e-26      123205.58 
99090000      873  1.2636085e-26      123215.99 
99100000      873  1.2631852e-26      123226.38 
99110000      873   1.261988e-26      123236.79 
99120000      873  1.2489762e-26      123247.17 
99130000      873  1.2512574e-26      123257.58 
99140000      873  1.2194596e-26      123267.95 
99150000      873  1.2159465e-26      123278.34 
99160000      873  1.1953251e-26      123288.72 
99170000      873  1.1683057e-26      123299.64 
99180000      873   1.162883e-26      123310.52 
99190000      873  1.1165838e-26      123320.94 
99200000      873  1.1010997e-26      123331.45 
99210000      873   1.053765e-26      123341.82 
99220000      873  1.0178886e-26      123352.26 
99230000      873   9.703755e-27      123362.67 
99240000      873  9.3160644e-27      123373.09 
99250000      873  8.9550576e-27       123384.2 
99260000      873  8.5523987e-27      123394.64 
99270000      873  8.1947122e-27      123405.05 
99280000      873  7.8099026e-27      123415.48 
99290000      873  7.5338898e-27      123425.88 
99300000      873   7.043757e-27      123436.28 
99310000      873  6.6905516e-27      123446.68 
99320000      873   6.235908e-27      123457.68 
99330000      873    5.88713e-27      123468.43 
99340000      873  5.4456099e-27      123478.83 
99350000      873   5.094804e-27      123489.22 
99360000      873  4.6743943e-27      123499.57 
99370000      873  4.2753307e-27      123509.95 
99380000      873  3.8801421e-27      123520.31 
99390000      873  3.5720171e-27      123530.74 
99400000      873  3.2483877e-27      123541.24 
99410000      873  3.0388536e-27      123551.65 
99420000      873  2.7219209e-27      123562.72 
99430000      873  2.4377649e-27      123573.13 
99440000      873  2.1444819e-27      123583.86 
99450000      873  1.8226492e-27      123596.77 
99460000      873  1.5462376e-27      123608.86 
99470000      873  1.2343779e-27      123620.21 
99480000      873   1.051171e-27      123630.62 
99490000      873  8.0003318e-28      123640.93 
99500000      873  6.9857063e-28      123651.29 
99510000      873  5.0827509e-28      123661.61 
99520000      873  4.4300885e-28      123671.96 
99530000      873   2.929565e-28      123682.28 
99540000      873  2.6634725e-28      123692.63 
99550000      873  1.7463008e-28      123702.94 
99560000      873  1.6426248e-28      123713.33 
99570000      873  1.3961033e-28      123723.72 
99580000      873    1.53046e-28      123734.74 
99590000      873   1.972381e-28      123745.11 
99600000      873  2.2569243e-28      123755.55 
99610000      873  3.2284736e-28       123765.9 
99620000      873  3.4919444e-28      123777.91 
99630000      873  4.5869889e-28      123789.04 
99640000      873  4.5517451e-28      123799.69 
99650000      873  5.7529869e-28      123810.03 
99660000      873  6.0806895e-28      123820.31 
99670000      873  7.2610847e-28      123830.65 
99680000      873  7.8908113e-28      123840.93 
99690000      873  8.9288589e-28      123851.25 
99700000      873  9.6424266e-28      123861.56 
99710000      873  1.0866176e-27      123871.85 
99720000      873  1.0957785e-27      123882.16 
99730000      873   1.209947e-27      123892.48 
99740000      873   1.241145e-27      123902.83 
99750000      873  1.3015201e-27      123913.13 
99760000      873  1.3734831e-27      123924.15 
99770000      873  1.4013178e-27      123935.44 
99780000      873  1.5036773e-27      123945.82 
99790000      873  1.4938048e-27      123956.13 
99800000      873  1.6063018e-27      123966.57 
99810000      873  1.5721228e-27      123976.89 
99820000      873  1.6696114e-27       123987.2 
99830000      873  1.6212498e-27      123997.47 
99840000      873  1.7204949e-27      124007.82 
99850000      873  1.6793112e-27      124018.11 
99860000      873  1.7480127e-27       124028.4 
99870000      873  1.7433073e-27      124038.67 
99880000      873  1.7536249e-27      124048.99 
99890000      873  1.7994266e-27      124059.27 
99900000      873  1.7684617e-27      124069.59 
99910000      873  1.8792978e-27       124079.9 
99920000      873   1.794031e-27      124091.22 
99930000      873  1.9187112e-27      124102.25 
99940000      873  1.8269897e-27      124112.54 
99950000      873  1.8890536e-27      124122.84 
99960000      873  1.8334637e-27      124133.15 
99970000      873  1.8032946e-27      124143.47 
99980000      873  1.7343876e-27      124153.73 
99990000      873  1.6811801e-27      124164.01 
100000000      873   1.689338e-27      124174.38 
100010000      873   1.608784e-27      124184.66 
100020000      873  1.5479472e-27      124194.94 
100030000      873  1.5151784e-27      124205.24 
100040000      873  1.4282206e-27       124215.5 
100050000      873  1.3847348e-27      124225.82 
100060000      873  1.3209719e-27      124236.13 
100070000      873  1.1859938e-27      124247.43 
100080000      873  1.1508704e-27      124257.81 
100090000      873  1.0127987e-27      124268.11 
100100000      873  9.4409526e-28      124279.15 
100110000      873  7.8728061e-28      124289.44 
100120000      873  6.9568795e-28      124299.76 
100130000      873  5.4957741e-28      124310.06 
100140000      873  5.0861261e-28      124320.39 
100150000      873  4.2097843e-28      124330.67 
100160000      873  3.7674857e-28      124340.98 
100170000      873  2.9131507e-28      124351.27 
100180000      873  2.6570888e-28      124361.57 
100190000      873  2.1692987e-28      124371.91 
100200000      873  1.6706056e-28      124382.33 
100210000      873  1.5802527e-28      124392.66 
100220000      873  1.0706746e-28      124403.46 
100230000      873  1.4418913e-28      124414.34 
100240000      873  9.3402253e-29      124424.68 
100250000      873  1.5426011e-28      124435.05 
100260000      873  1.2187762e-28      124445.39 
100270000      873  1.8694834e-28      124456.44 
100280000      873  1.8132432e-28      124466.76 
100290000      873  2.4162519e-28      124477.11 
100300000      873  2.6046698e-28      124487.47 
100310000      873  2.9416339e-28      124497.81 
100320000      873  3.3179103e-28      124508.16 
100330000      873  3.7686605e-28      124518.47 
100340000      873  4.0652661e-28       124528.8 
100350000      873  4.2767515e-28      124539.12 
100360000      873  4.8757863e-28      124550.48 
100370000      873   4.827737e-28      124560.88 
100380000      873  5.5175025e-28      124571.26 
100390000      873  5.1804372e-28      124581.63 
100400000      873   5.993452e-28      124592.15 
100410000      873  5.8296575e-28      124602.55 
100420000      873  6.3226652e-28      124612.97 
100430000      873  6.0791584e-28      124623.39 
100440000      873  6.4959921e-28      124633.76 
100450000      873  6.3394137e-28       124644.8 
100460000      873  6.3277974e-28      124655.18 
100470000      873  6.3601018e-28      124665.56 
100480000      873  6.0769325e-28      124675.93 
100490000      873  6.2488749e-28      124687.34 
100500000      873  5.6512254e-28      124697.75 
100510000      873   5.962422e-28      124708.15 
100520000      873  5.2812265e-28      124718.51 
100530000      873  5.6900592e-28      124728.93 
100540000      873  5.0389852e-28      124739.35 
100550000      873  5.5828174e-28      124749.77 
100560000      873   4.883085e-28      124760.19 
100570000      873  5.3528756e-28      124770.59 
100580000      873  4.7143714e-28      124781.02 
100590000      873  5.1233584e-28      124791.42 
100600000      873  4.5150215e-28      124801.95 
100610000      873  4.7301637e-28      124813.63 
100620000      873  4.2025574e-28      124824.85 
100630000      873  4.4714642e-28       124835.2 
100640000      873  4.1451806e-28      124845.58 
100650000      873  4.2510433e-28      124855.94 
100660000      873  4.1896027e-28      124866.35 
100670000      873  3.9919303e-28       124876.7 
100680000      873   4.094737e-28      124887.57 
100690000      873  3.6898366e-28      124897.95 
100700000      873    4.00224e-28      124908.33 
100710000      873  3.5137778e-28      124918.75 
100720000      873  3.9906062e-28      124929.12 
100730000      873   3.377529e-28      124940.51 
100740000      873  3.8802207e-28      124950.92 
100750000      873  3.1936307e-28      124961.31 
100760000      873  3.4778899e-28      124971.69 
100770000      873  2.8782462e-28      124982.06 
100780000      873  3.1091185e-28       124992.4 
100790000      873  2.5982724e-28      125003.44 
100800000      873  2.6305402e-28       125013.9 
100810000      873  2.3648389e-28       125024.2 
100820000      873  2.0420018e-28      125034.56 
100830000      873  1.8842068e-28      125044.88 
100840000      873  1.5073759e-28      125055.22 
100850000      873  1.6529958e-28      125066.08 
100860000      873  1.0749579e-28      125076.91 
100870000      873  1.3019863e-28       125087.3 
100880000      873  6.2832784e-29      125097.65 
100890000      873  1.0406762e-28      125108.03 
100900000      873  4.8077834e-29      125118.36 
100910000      873    8.84029e-29      125128.72 
100920000      873  6.2508304e-29      125139.06 
100930000      873  1.0059256e-28      125149.39 
100940000      873  8.8842004e-29      125159.74 
100950000      873  1.1931322e-28      125170.04 
100960000      873  1.2542571e-28      125181.05 
100970000      873  1.5966684e-28      125191.56 
100980000      873  1.9025925e-28      125202.67 
100990000      873  1.9594585e-28      125213.01 
101000000      873  2.2015947e-28      125223.44 
101010000      873  1.8961694e-28      125233.71 
101020000      873  2.1007224e-28      125244.03 
101030000      873  1.6435477e-28      125254.33 
101040000      873  1.8923264e-28      125264.65 
101050000      873  1.3561532e-28         125275 
101060000      873  1.6118872e-28      125285.32 
101070000      873   9.939939e-29      125295.66 
101080000      873  1.2128015e-28      125305.96 
101090000      873    5.55891e-29      125316.28 
101100000      873  9.3366968e-29      125326.93 
101110000      873   3.769171e-29      125337.91 
101120000      873  7.7536229e-29      125348.24 
101130000      873  4.6237393e-29      125359.22 
101140000      873  8.6911564e-29      125369.49 
101150000      873  8.1286983e-29      125379.79 
101160000      873   9.890438e-29      125390.07 
101170000      873  1.1549447e-28      125400.38 
101180000      873  1.0720847e-28      125410.67 
101190000      873  1.5672201e-28      125420.95 
101200000      873  1.2123022e-28      125431.38 
101210000      873  1.6726881e-28      125441.65 
101220000      873  1.1674283e-28      125451.99 
101230000      873  1.6537095e-28      125462.29 
101240000      873  1.0768335e-28      125473.59 
101250000      873  1.5406375e-28      125483.92 
101260000      873  9.0498708e-29      125494.22 
101270000      873  1.3842947e-28      125504.49 
101280000      873  9.9477675e-29      125514.81 
101290000      873   1.482076e-28      125525.09 
101300000      873  1.2995801e-28      125536.06 
101310000      873  1.7065305e-28      125546.34 
101320000      873  1.6454788e-28      125556.59 
101330000      873  1.7257093e-28      125566.89 
101340000      873  1.8964331e-28      125577.16 
101350000      873  1.6572031e-28      125587.46 
101360000      873  1.8870193e-28      125597.73 
101370000      873  1.4565839e-28      125608.04 
101380000      873  1.7222956e-28      125618.32 
101390000      873  1.1551817e-28      125629.62 
101400000      873  1.6169794e-28      125640.08 
101410000      873  1.1528095e-28       125650.4 
101420000      873  1.6860891e-28      125660.72 
101430000      873  1.0713366e-28      125671.01 
101440000      873  1.5759231e-28      125681.31 
101450000      873  9.9401652e-29      125691.61 
101460000      873  1.3479107e-28      125701.93 
101470000      873  8.1051245e-29      125712.21 
101480000      873  1.0067542e-28       125723.2 
101490000      873  6.5144099e-29      125733.47 
101500000      873  6.7937786e-29      125743.78 
101510000      873   6.331703e-29      125754.58 
101520000      873  4.5889226e-29      125765.44 
101530000      873  7.4400584e-29      125775.77 
101540000      873  4.5023214e-29      125786.12 
101550000      873  9.7707401e-29      125796.47 
101560000      873  6.1028331e-29      125806.82 
101570000      873  1.2281716e-28      125817.19 
101580000      873  8.1456409e-29      125827.52 
101590000      873  1.3324968e-28      125837.89 
101600000      873  7.7021298e-29      125848.32 
101610000      873  1.1590158e-28      125858.67 
101620000      873  9.8965371e-29      125868.99 
101630000      873  1.2585412e-28      125879.36 
101640000      873  1.3296876e-28      125890.18 
101650000      873  1.3134662e-28      125901.74 
101660000      873  1.6247565e-28      125912.07 
101670000      873  1.3649277e-28      125922.44 
101680000      873  1.8262498e-28      125932.84 
101690000      873  1.2623742e-28      125943.21 
101700000      873  1.7696789e-28      125953.61 
101710000      873   1.182589e-28      125963.99 
101720000      873  1.6234021e-28      125974.41 
101730000      873  1.0741107e-28      125984.78 
101740000      873  1.3392133e-28      125995.19 
101750000      873  1.0857992e-28      126005.57 
101760000      873  1.0907732e-28      126016.37 
101770000      873  9.9950598e-29      126027.36 
101780000      873   7.872811e-29      126037.78 
101790000      873  9.5012733e-29      126048.17 
101800000      873  4.9673222e-29      126058.67 
101810000      873   9.561518e-29      126069.08 
101820000      873  4.7916903e-29      126080.13 
101830000      873  9.5953955e-29      126090.53 
101840000      873  3.3054097e-29      126100.91 
101850000      873  8.1871986e-29      126111.35 
101860000      873   3.902762e-29      126121.76 
101870000      873  7.5737359e-29      126132.18 
101880000      873  5.5547303e-29      126142.88 
101890000      873  6.8363249e-29         126154 
101900000      873  8.3469208e-29      126164.46 
101910000      873  6.7845032e-29      126174.89 
101920000      873  1.0027966e-28      126185.28 
101930000      873  5.4699842e-29      126195.67 
101940000      873  1.0595615e-28      126206.03 
101950000      873  6.6093168e-29      126216.42 
101960000      873   1.305411e-28      126226.79 
101970000      873  8.3060828e-29      126237.17 
101980000      873  1.3170326e-28      126247.54 
101990000      873  1.0603742e-28      126258.61 
102000000      873  1.4419623e-28      126269.08 
102010000      873  1.3354909e-28      126279.47 
102020000      873  1.4606842e-28      126289.85 
102030000      873  1.5825256e-28       126301.1 
102040000      873  1.4315116e-28      126311.72 
102050000      873  1.6707321e-28      126322.12 
102060000      873  1.2259266e-28      126332.51 
102070000      873  1.6040909e-28      126342.86 
102080000      873  1.0160627e-28      126353.26 
102090000      873  1.4863321e-28      126363.61 
102100000      873  8.5857932e-29      126373.96 
102110000      873  1.2247186e-28      126384.29 
102120000      873  7.4773249e-29      126394.65 
102130000      873  1.0452541e-28      126404.99 
102140000      873  7.1659364e-29      126415.34 
102150000      873  7.6747298e-29      126425.67 
102160000      873  7.5787987e-29      126436.73 
102170000      873  4.7739039e-29      126447.09 
102180000      873  7.0612253e-29      126458.23 
102190000      873  3.5659687e-29       126468.8 
102200000      873  8.5909852e-29       126479.3 
102210000      873  3.9931376e-29      126489.67 
102220000      873  9.9006171e-29         126500 
102230000      873  5.4962046e-29      126510.34 
102240000      873  1.1615511e-28      126520.64 
102250000      873  8.6099492e-29      126530.99 
102260000      873   1.363868e-28      126541.32 
102270000      873   1.185493e-28      126551.64 
102280000      873  1.3716335e-28      126561.93 
102290000      873   1.402003e-28      126572.26 
102300000      873  1.3289697e-28      126582.57 
102310000      873  1.6905931e-28      126592.87 
102320000      873   1.300574e-28       126603.2 
102330000      873  1.7324435e-28      126614.49 
102340000      873  1.1646038e-28      126625.59 
102350000      873  1.6566231e-28      126635.89 
102360000      873  1.0441379e-28      126646.23 
102370000      873  1.4519419e-28      126656.54 
102380000      873  8.6075772e-29      126666.89 
102390000      873  1.0738703e-28       126677.2 
102400000      873  7.2809351e-29      126687.63 
102410000      873  7.6742525e-29      126697.94 
102420000      873   7.483537e-29      126708.25 
102430000      873  5.4624368e-29      126718.59 
102440000      873  7.4935575e-29      126728.86 
102450000      873   3.502433e-29      126739.66 
102460000      873   8.093511e-29      126750.44 
102470000      873  3.1181065e-29      126760.76 
102480000      873  8.5144524e-29      126771.04 
102490000      873  3.2361183e-29      126781.34 
102500000      873  8.0079826e-29      126791.62 
102510000      873  4.4485189e-29      126802.62 
102520000      873  8.0274626e-29      126812.91 
102530000      873  6.9213435e-29      126823.22 
102540000      873  8.6565022e-29      126833.55 
102550000      873  1.0459999e-28      126843.85 
102560000      873  9.7177591e-29      126854.16 
102570000      873  1.3574755e-28      126864.44 
102580000      873  1.0287355e-28      126875.72 
102590000      873  1.6141881e-28      126886.03 
102600000      873   1.176734e-28      126896.44 
102610000      873   1.751022e-28       126906.7 
102620000      873  1.1936508e-28      126916.99 
102630000      873  1.6077983e-28      126927.23 
102640000      873  1.2358079e-28      126937.51 
102650000      873  1.6502154e-28      126947.78 
102660000      873   1.417615e-28      126958.09 
102670000      873  1.4808439e-28      126968.38 
102680000      873   1.522005e-28      126979.34 
102690000      873  1.3240545e-28      126989.66 
102700000      873  1.5228579e-28      127000.93 
102710000      873  1.0921873e-28       127011.3 
102720000      873  1.4372869e-28      127021.59 
102730000      873  8.5323598e-29      127031.91 
102740000      873  1.2824297e-28      127042.19 
102750000      873  6.1687993e-29       127052.5 
102760000      873  1.0302174e-28      127062.77 
102770000      873  4.6553451e-29       127073.1 
102780000      873  7.5796628e-29      127083.38 
102790000      873  4.9872412e-29      127093.68 
102800000      873  5.9052588e-29      127104.09 
102810000      873  6.3757393e-29      127114.38 
102820000      873  5.4103722e-29      127124.72 
102830000      873  8.6561212e-29      127135.04 
102840000      873  5.2914525e-29      127146.19 
102850000      873  1.0433924e-28      127157.46 
102860000      873  6.2095161e-29      127167.84 
102870000      873  1.2264788e-28      127178.16 
102880000      873  8.3006953e-29      127188.53 
102890000      873  1.4707805e-28      127198.86 
102900000      873  1.1425924e-28      127209.26 
102910000      873   1.547007e-28      127219.59 
102920000      873   1.352533e-28      127229.95 
102930000      873   1.551828e-28      127240.25 
102940000      873  1.5456395e-28       127250.6 
102950000      873  1.3938573e-28      127260.94 
102960000      873  1.5480754e-28      127271.74 
102970000      873  1.2100008e-28      127282.64 
102980000      873  1.5678303e-28      127293.03 
102990000      873  1.0384471e-28      127303.38 
103000000      873  1.5416862e-28       127313.9 
103010000      873  8.6794043e-29       127324.3 
103020000      873   1.321236e-28      127334.71 
103030000      873   7.076588e-29      127345.82 
103040000      873  9.8710671e-29      127356.19 
103050000      873  6.4657754e-29      127366.61 
103060000      873  8.7282449e-29      127376.98 
103070000      873  8.2130282e-29      127387.39 
103080000      873  7.5679221e-29      127398.08 
103090000      873  8.3929421e-29      127409.16 
103100000      873  4.5701481e-29      127419.56 
103110000      873  7.5546807e-29      127429.96 
103120000      873  3.2176407e-29      127440.34 
103130000      873  8.5556916e-29      127450.74 
103140000      873  3.4108086e-29      127461.12 
103150000      873  9.0219269e-29      127471.53 
103160000      873  4.9140392e-29      127481.94 
103170000      873  1.0791299e-28      127492.35 
103180000      873  8.3062941e-29      127502.79 
103190000      873  1.1858723e-28      127513.18 
103200000      873  9.3563396e-29      127524.43 
103210000      873  9.7746434e-29      127535.82 
103220000      873  1.1978671e-28      127546.27 
103230000      873  1.0466347e-28      127556.66 
103240000      873  1.5442838e-28      127567.07 
103250000      873  1.1648971e-28      127577.42 
103260000      873  1.7334484e-28      127587.81 
103270000      873  1.2004434e-28      127598.17 
103280000      873  1.7309323e-28      127608.57 
103290000      873  1.2605989e-28      127618.97 
103300000      873  1.6919842e-28      127629.32 
103310000      873  1.2748338e-28      127639.72 
103320000      873  1.4450959e-28      127650.09 
103330000      873  1.2271128e-28      127660.48 
103340000      873  1.1708986e-28      127670.87 
103350000      873  1.1784717e-28      127682.26 
103360000      873  7.8379216e-29      127692.68 
103370000      873   1.016483e-28      127703.77 
103380000      873  5.4079732e-29      127714.12 
103390000      873  9.4636768e-29      127724.49 
103400000      873  3.6299398e-29         127735 
103410000      873  8.9747145e-29      127745.33 
103420000      873  3.7888331e-29      127755.66 
103430000      873   8.242626e-29      127765.98 
103440000      873  4.2904983e-29      127776.32 
103450000      873   6.959777e-29      127786.63 
103460000      873  5.1567673e-29      127796.97 
103470000      873  5.5566363e-29       127807.3 
103480000      873  6.6956647e-29      127817.67 
103490000      873   4.215963e-29      127828.01 
103500000      873   7.497504e-29      127839.35 
103510000      873  3.2115258e-29      127849.74 
103520000      873   8.667975e-29      127860.13 
103530000      873  4.3237809e-29      127870.49 
103540000      873   1.100405e-28      127881.49 
103550000      873  6.5049394e-29      127891.83 
103560000      873  1.2197214e-28      127902.13 
103570000      873  8.6405695e-29      127912.49 
103580000      873  1.3260927e-28       127922.8 
103590000      873   1.237552e-28      127933.11 
103600000      873   1.399887e-28      127943.51 
103610000      873  1.5328837e-28      127953.83 
103620000      873   1.392943e-28      127964.11 
103630000      873  1.5870066e-28      127975.43 
103640000      873  1.2448919e-28      127985.78 
103650000      873  1.7574377e-28      127996.11 
103660000      873  1.2322252e-28      128006.45 
103670000      873   1.722834e-28      128016.75 
103680000      873  1.2294966e-28      128027.09 
103690000      873  1.6907499e-28       128037.4 
103700000      873   1.218106e-28      128047.75 
103710000      873  1.4591334e-28      128058.76 
103720000      873  1.2643944e-28      128069.08 
103730000      873  1.2707562e-28      128079.37 
103740000      873  1.2479259e-28       128089.7 
103750000      873  9.8717796e-29      128100.85 
103760000      873  1.1653523e-28      128111.29 
103770000      873  6.8087958e-29      128121.58 
103780000      873   1.059992e-28      128131.89 
103790000      873  4.3843873e-29      128142.19 
103800000      873  9.1246813e-29      128152.59 
103810000      873  3.1828182e-29      128162.92 
103820000      873  8.2957905e-29      128173.21 
103830000      873  3.6325598e-29      128183.55 
103840000      873  7.2705035e-29      128193.84 
103850000      873  5.7286859e-29      128204.18 
103860000      873  7.6384384e-29      128214.48 
103870000      873   8.964347e-29       128225.2 
103880000      873  8.9789334e-29      128236.84 
103890000      873   1.352178e-28      128247.17 
103900000      873  1.0456648e-28      128257.46 
103910000      873  1.5652053e-28      128267.74 
103920000      873  1.1111602e-28      128278.06 
103930000      873   1.739862e-28      128288.36 
103940000      873  1.2087393e-28      128298.61 
103950000      873   1.743628e-28       128308.9 
103960000      873  1.2896009e-28      128319.16 
103970000      873  1.6148475e-28      128329.48 
103980000      873  1.3538502e-28      128339.78 
103990000      873  1.3655508e-28      128350.09 
104000000      873  1.3459575e-28      128361.48 
104010000      873  1.0616052e-28      128371.85 
104020000      873  1.2434919e-28      128382.17 
104030000      873  7.6551464e-29      128392.48 
104040000      873  1.1794858e-28      128402.81 
104050000      873  5.9370589e-29       128413.6 
104060000      873  1.0468457e-28      128424.64 
104070000      873  4.1655025e-29      128434.93 
104080000      873  8.4911558e-29      128445.23 
104090000      873  3.8268105e-29      128455.53 
104100000      873  7.3038083e-29      128465.87 
104110000      873   4.747377e-29      128476.17 
104120000      873   5.709021e-29      128487.87 
104130000      873  6.7863279e-29      128498.21 
104140000      873  5.9423627e-29      128508.57 
104150000      873  9.6220028e-29      128518.95 
104160000      873  6.7467246e-29      128529.27 
104170000      873  1.2045881e-28      128539.64 
104180000      873   8.349077e-29      128549.98 
104190000      873  1.4242528e-28      128560.35 
104200000      873  9.8575086e-29      128570.79 
104210000      873  1.6030812e-28      128581.17 
104220000      873  1.2094207e-28       128591.5 
104230000      873  1.6681377e-28      128602.57 
104240000      873  1.3979185e-28      128613.91 
104250000      873  1.5649807e-28       128624.3 
104260000      873  1.4448468e-28      128634.63 
104270000      873  1.3802091e-28         128645 
104280000      873  1.4380556e-28      128655.37 
104290000      873  1.0782822e-28      128665.72 
104300000      873  1.4059702e-28      128676.09 
104310000      873  8.9921466e-29      128686.46 
104320000      873  1.4100232e-28      128696.88 
104330000      873  8.5379577e-29      128707.28 
104340000      873   1.424912e-28      128717.69 
104350000      873  7.9823069e-29      128728.06 
104360000      873  1.1969747e-28      128739.45 
104370000      873  7.0416302e-29      128749.88 
104380000      873   9.142063e-29       128760.3 
104390000      873  6.3733311e-29      128770.67 
104400000      873  6.3747082e-29      128781.86 
104410000      873  6.4538292e-29      128792.26 
104420000      873  4.7407278e-29      128802.64 
104430000      873  7.3673269e-29      128813.05 
104440000      873  3.4127555e-29      128823.43 
104450000      873  8.0742487e-29      128833.84 
104460000      873  3.2010708e-29      128844.23 
104470000      873  9.4624012e-29      128854.64 
104480000      873  4.9714341e-29      128866.03 
104490000      873  1.0832644e-28      128876.52 
104500000      873  7.5344118e-29      128886.93 
104510000      873  1.1367143e-28      128897.36 
104520000      873   9.659613e-29      128907.77 
104530000      873   1.120035e-28      128918.14 
104540000      873  1.2609858e-28      128928.55 
104550000      873  1.2126852e-28      128938.93 
104560000      873   1.629673e-28      128949.32 
104570000      873  1.2666467e-28      128960.33 
104580000      873  1.7687884e-28      128970.72 
104590000      873  1.2296469e-28      128981.07 
104600000      873  1.7149825e-28      128992.55 
104610000      873  1.1667734e-28      129002.96 
104620000      873  1.4988481e-28      129013.36 
104630000      873     1.0028e-28      129023.73 
104640000      873  1.1717985e-28      129034.13 
104650000      873  9.6943355e-29      129044.52 
104660000      873   9.482464e-29      129054.91 
104670000      873  9.7118856e-29      129065.32 
104680000      873  6.7168388e-29      129075.68 
104690000      873  9.0243696e-29      129086.05 
104700000      873  3.9031252e-29      129096.39 
104710000      873  8.6885038e-29      129106.77 
104720000      873  2.9444543e-29      129117.59 
104730000      873  8.0487955e-29      129128.45 
104740000      873  3.3676375e-29      129139.47 
104750000      873  8.8605942e-29      129149.81 
104760000      873  5.0197462e-29      129160.12 
104770000      873  8.4291805e-29      129170.47 
104780000      873  8.1963941e-29      129180.82 
104790000      873   9.025418e-29      129191.16 
104800000      873  1.1347194e-28      129201.64 
104810000      873  1.0741574e-28      129211.97 
104820000      873  1.4848362e-28      129222.32 
104830000      873  1.1855691e-28      129232.68 
104840000      873  1.7307049e-28      129243.04 
104850000      873  1.2255279e-28      129254.34 
104860000      873   1.783049e-28      129264.72 
104870000      873  1.2460799e-28      129275.02 
104880000      873  1.6401839e-28      129285.36 
104890000      873  1.2456588e-28       129295.7 
104900000      873  1.4921902e-28      129306.01 
104910000      873  1.2043109e-28      129317.04 
104920000      873  1.1755141e-28      129327.32 
104930000      873  1.2155989e-28      129337.63 
104940000      873  1.1441912e-28      129347.92 
104950000      873  1.5148608e-28      129358.26 
104960000      873  1.0650849e-28       129368.6 
104970000      873  1.4249516e-28      129379.39 
104980000      873  7.4174784e-29      129390.24 
104990000      873  1.1928699e-28      129400.57 
105000000      873  5.6876378e-29      129411.03 
105010000      873   9.670835e-29      129421.38 
105020000      873  4.8048911e-29      129431.68 
105030000      873  7.6052732e-29      129442.02 
105040000      873   5.483604e-29       129452.3 
105050000      873  5.5734709e-29      129462.61 
105060000      873  6.2764939e-29       129472.9 
105070000      873  4.7663758e-29      129483.22 
105080000      873   8.113353e-29      129493.49 
105090000      873  4.3634184e-29      129504.45 
105100000      873  9.7222204e-29      129514.72 
105110000      873  5.6540888e-29      129525.03 
105120000      873  1.2955938e-28      129536.31 
105130000      873  8.6572887e-29      129546.68 
105140000      873  1.4453249e-28         129557 
105150000      873  1.1873223e-28      129567.29 
105160000      873   1.599757e-28      129577.61 
105170000      873  1.4346139e-28      129587.91 
105180000      873  1.4705435e-28      129598.25 
105190000      873  1.5843572e-28      129608.52 
105200000      873   1.332694e-28      129618.95 
105210000      873  1.5912098e-28      129629.23 
105220000      873  1.1624402e-28       129639.8 
105230000      873  1.5573354e-28      129650.06 
105240000      873  9.1192742e-29      129660.37 
105250000      873  1.3221838e-28      129670.63 
105260000      873  6.8572246e-29       129681.6 
105270000      873  1.1386831e-28      129692.86 
105280000      873  5.8513056e-29      129703.17 
105290000      873  7.9569136e-29       129713.5 
105300000      873  5.1369186e-29      129723.79 
105310000      873  5.9518603e-29       129734.1 
105320000      873  6.4519452e-29      129744.38 
105330000      873  4.1397409e-29       129754.7 
105340000      873  7.4792441e-29      129764.98 
105350000      873  4.1060531e-29       129775.3 
105360000      873  9.3643604e-29       129785.6 
105370000      873  5.0257372e-29      129795.92 
105380000      873  1.1240605e-28      129806.21 
105390000      873  6.7944038e-29      129817.16 
105400000      873  1.2731615e-28      129827.95 
105410000      873   9.490826e-29      129838.27 
105420000      873  1.3686958e-28      129848.58 
105430000      873  1.2029887e-28      129859.54 
105440000      873  1.4298925e-28      129869.87 
105450000      873  1.4610695e-28      129880.17 
105460000      873  1.3690754e-28      129890.53 
105470000      873  1.7026491e-28      129900.87 
105480000      873  1.2989689e-28      129911.21 
105490000      873  1.7102738e-28      129921.54 
105500000      873  1.1141296e-28      129931.89 
105510000      873   1.640208e-28      129942.73 
105520000      873  1.0019098e-28      129953.57 
105530000      873  1.3381447e-28      129963.95 
105540000      873  7.3627321e-29      129974.27 
105550000      873  1.0311272e-28      129984.62 
105560000      873  6.5274567e-29      129994.93 
105570000      873  7.1504351e-29      130005.29 
105580000      873  6.1535676e-29      130015.61 
105590000      873  4.9396572e-29      130025.98 
105600000      873   7.310381e-29      130037.14 
105610000      873  4.0470289e-29      130047.53 
105620000      873   8.667244e-29      130057.88 
105630000      873  4.7015536e-29      130068.29 
105640000      873  1.0627627e-28      130079.69 
105650000      873  6.0134831e-29      130090.11 
105660000      873  1.1738328e-28      130100.51 
105670000      873  9.1775013e-29      130110.88 
105680000      873  1.3472617e-28      130121.27 
105690000      873  1.2134548e-28      130131.65 
105700000      873  1.3700443e-28      130142.06 
105710000      873  1.5074723e-28      130152.42 
105720000      873  1.3330046e-28      130162.81 
105730000      873  1.6602928e-28      130173.18 
105740000      873  1.2635303e-28      130183.56 
105750000      873  1.6936194e-28      130193.94 
105760000      873  1.2057158e-28      130205.35 
105770000      873  1.6988463e-28      130216.48 
105780000      873   1.121422e-28      130226.86 
105790000      873  1.5940744e-28      130237.27 
105800000      873  1.0627275e-28      130247.79 
105810000      873  1.3743201e-28      130258.24 
105820000      873  1.0198947e-28      130268.63 
105830000      873  1.0484918e-28      130279.04 
105840000      873  9.5030152e-29       130289.4 
105850000      873  6.7492195e-29      130299.79 
105860000      873   8.991094e-29      130310.16 
105870000      873  4.2037824e-29      130320.56 
105880000      873   8.590843e-29      130331.87 
105890000      873  3.0847322e-29      130342.31 
105900000      873  8.4133088e-29      130352.69 
105910000      873   3.318999e-29      130363.03 
105920000      873  9.2675038e-29      130373.44 
105930000      873  5.0804829e-29      130383.81 
105940000      873  1.0287502e-28       130394.9 
105950000      873  8.5259209e-29      130405.27 
105960000      873  1.2162435e-28      130415.68 
105970000      873  1.2209887e-28      130426.05 
105980000      873  1.3326028e-28      130436.46 
105990000      873  1.5850621e-28      130446.86 
106000000      873  1.3298164e-28      130458.14 
106010000      873  1.7108122e-28       130468.7 
106020000      873  1.1405178e-28      130479.07 
106030000      873  1.7164498e-28      130489.41 
106040000      873  1.2047145e-28      130499.77 
106050000      873  1.7532168e-28       130510.1 
106060000      873    1.20821e-28      130520.44 
106070000      873   1.637401e-28      130530.76 
106080000      873   1.229517e-28       130541.1 
106090000      873  1.4611724e-28      130551.43 
106100000      873  1.1521515e-28       130561.8 
106110000      873   1.091036e-28      130572.13 
106120000      873  1.0447344e-28      130583.85 
106130000      873  7.1848728e-29      130594.58 
106140000      873  8.9751754e-29      130604.95 
106150000      873    4.25444e-29      130615.31 
106160000      873  8.5298283e-29      130625.64 
106170000      873  3.4739666e-29      130635.99 
106180000      873  9.4646443e-29      130646.29 
106190000      873   4.521692e-29      130656.61 
106200000      873  9.5108005e-29      130667.03 
106210000      873  4.9396495e-29      130677.38 
106220000      873  7.5235681e-29      130687.67 
106230000      873  4.7425748e-29      130697.98 
106240000      873  5.8781506e-29      130708.73 
106250000      873  6.3315834e-29      130719.58 
106260000      873  5.2892885e-29      130729.94 
106270000      873  8.2026826e-29      130740.26 
106280000      873  6.0635461e-29      130750.59 
106290000      873  1.0076287e-28      130761.56 
106300000      873  6.3326043e-29       130771.9 
106310000      873  1.3157346e-28       130782.2 
106320000      873  8.7079467e-29      130792.53 
106330000      873   1.538854e-28      130802.85 
106340000      873   1.080531e-28      130813.18 
106350000      873  1.6269639e-28      130823.47 
106360000      873  1.2203503e-28      130834.27 
106370000      873   1.550895e-28      130845.07 
106380000      873  1.4038423e-28      130855.42 
106390000      873  1.5182384e-28      130865.74 
106400000      873  1.4988038e-28      130876.12 
106410000      873  1.3411393e-28      130886.42 
106420000      873  1.6732586e-28       130896.7 
106430000      873  1.2248403e-28      130907.03 
106440000      873  1.6031536e-28      130917.33 
106450000      873  1.0766694e-28      130927.66 
106460000      873  1.5233686e-28      130938.64 
106470000      873  8.6507987e-29      130948.96 
106480000      873  1.2267148e-28      130959.58 
106490000      873  7.3541835e-29      130970.79 
106500000      873  1.0428061e-28      130981.13 
106510000      873  7.9921941e-29      130991.41 
106520000      873  1.0763865e-28      131001.73 
106530000      873  1.0159917e-28      131011.99 
106540000      873  8.1926849e-29      131022.27 
106550000      873  9.1449503e-29      131032.54 
106560000      873  4.7613999e-29      131042.85 
106570000      873  8.2824478e-29       131053.1 
106580000      873  3.5939341e-29       131063.4 
106590000      873  8.2085343e-29      131073.67 
106600000      873  2.9268354e-29      131084.09 
106610000      873  8.7215984e-29       131095.4 
106620000      873  4.0089702e-29      131105.77 
106630000      873  9.1608489e-29      131116.76 
106640000      873   6.256404e-29      131127.06 
106650000      873  1.0445207e-28      131137.38 
106660000      873  9.6014115e-29      131147.69 
106670000      873  1.1262613e-28      131158.02 
106680000      873  1.3089743e-28      131168.31 
106690000      873  1.2370051e-28      131178.63 
106700000      873  1.5992158e-28      131188.91 
106710000      873  1.2349058e-28      131199.22 
106720000      873  1.7275654e-28      131209.53 
106730000      873  1.2206444e-28      131220.83 
106740000      873  1.7604909e-28      131231.17 
106750000      873  1.2086521e-28       131241.5 
106760000      873  1.6383259e-28      131251.84 
106770000      873  1.1463432e-28      131262.16 
106780000      873  1.3812403e-28      131272.54 
106790000      873  1.0238765e-28      131282.89 
106800000      873  1.1018742e-28      131293.34 
106810000      873  9.7345314e-29      131304.36 
106820000      873  7.1557344e-29      131314.72 
106830000      873  8.2937656e-29      131325.04 
106840000      873  4.2963035e-29      131335.41 
106850000      873  8.0529168e-29      131346.73 
106860000      873  3.0458973e-29      131357.15 
106870000      873  8.5457009e-29      131367.47 
106880000      873  3.6654434e-29      131377.81 
106890000      873  9.4322684e-29      131388.16 
106900000      873  5.2443874e-29      131398.51 
106910000      873   1.027836e-28       131408.9 
106920000      873  7.3128876e-29      131419.26 
106930000      873  1.1253086e-28      131429.65 
106940000      873  1.1879033e-28      131440.01 
106950000      873  1.2051176e-28      131450.44 
106960000      873  1.4297972e-28      131460.84 
106970000      873  1.2651542e-28      131472.23 
106980000      873  1.6595969e-28      131483.34 
106990000      873  1.2543751e-28      131493.74 
107000000      873  1.7733159e-28      131504.26 
107010000      873  1.2310793e-28      131514.64 
107020000      873  1.6993976e-28      131525.06 
107030000      873  1.0909273e-28      131535.45 
107040000      873  1.5208428e-28      131545.82 
107050000      873  9.8399248e-29      131556.21 
107060000      873  1.2104066e-28      131566.59 
107070000      873  1.0021727e-28         131577 
107080000      873  1.2249728e-28      131587.38 
107090000      873  1.1159857e-28      131598.81 
107100000      873  8.7121912e-29      131609.25 
107110000      873  1.0577062e-28      131619.67 
107120000      873  6.2591435e-29       131630.1 
107130000      873  9.8903949e-29      131640.52 
107140000      873  4.4894182e-29      131650.93 
107150000      873  8.9210379e-29         131662 
107160000      873   3.206221e-29       131672.4 
107170000      873  8.3539372e-29      131682.76 
107180000      873  3.5000617e-29      131693.16 
107190000      873  7.6940234e-29      131703.53 
107200000      873  5.4484386e-29      131714.02 
107210000      873  7.9290171e-29      131725.36 
107220000      873  8.7988158e-29       131735.8 
107230000      873   8.967085e-29      131746.15 
107240000      873   1.203018e-28      131756.56 
107250000      873  9.7608479e-29      131766.96 
107260000      873  1.4598444e-28      131777.35 
107270000      873  1.0507898e-28      131787.76 
107280000      873  1.6471324e-28      131798.13 
107290000      873  1.1958487e-28      131808.55 
107300000      873   1.768815e-28      131818.92 
107310000      873  1.2824383e-28       131829.3 
107320000      873  1.6991758e-28      131840.31 
107330000      873  1.3214906e-28      131851.66 
107340000      873   1.501964e-28      131862.02 
107350000      873   1.243256e-28      131872.38 
107360000      873  1.2560502e-28      131882.71 
107370000      873  1.2755465e-28      131893.04 
107380000      873  9.2378239e-29      131903.37 
107390000      873  1.1303836e-28      131913.69 
107400000      873  6.6243972e-29      131924.15 
107410000      873  1.0983436e-28      131934.48 
107420000      873  5.3706175e-29      131944.84 
107430000      873  1.0204939e-28      131955.18 
107440000      873  5.0088898e-29      131965.54 
107450000      873  9.1607779e-29      131976.86 
107460000      873  4.0957496e-29      131987.26 
107470000      873  6.9164723e-29      131997.58 
107480000      873  4.9448076e-29      132007.91 
107490000      873  6.3037954e-29      132019.44 
107500000      873  7.2059606e-29      132029.74 
107510000      873  5.7887834e-29      132040.05 
107520000      873  9.8261413e-29      132050.35 
107530000      873  5.2575597e-29      132060.68 
107540000      873  1.1078696e-28      132070.95 
107550000      873   6.654278e-29      132081.74 
107560000      873  1.2773159e-28      132092.02 
107570000      873  9.4265722e-29      132103.25 
107580000      873  1.5475828e-28      132113.64 
107590000      873  1.1708503e-28      132124.01 
107600000      873  1.5866009e-28      132134.41 
107610000      873   1.306848e-28      132144.76 
107620000      873  1.5600251e-28       132155.1 
107630000      873   1.506503e-28      132165.39 
107640000      873  1.3955719e-28      132175.73 
107650000      873  1.5813276e-28      132186.03 
107660000      873  1.2618701e-28      132197.06 
107670000      873  1.5665642e-28      132207.34 
107680000      873  1.0020313e-28      132217.62 
107690000      873  1.4475651e-28      132228.12 
107700000      873  8.0348763e-29       132239.2 
107710000      873  1.2533601e-28      132249.51 
107720000      873  6.1014029e-29       132259.8 
107730000      873  9.9587108e-29      132270.06 
107740000      873  4.8131921e-29      132280.36 
107750000      873  7.2758354e-29      132290.69 
107760000      873  5.5605479e-29      132300.99 
107770000      873  5.7782574e-29       132311.3 
107780000      873  6.5211993e-29      132321.58 
107790000      873  4.2401595e-29       132331.9 
107800000      873  8.2300344e-29      132342.28 
107810000      873  5.0975107e-29       132352.6 
107820000      873   1.135709e-28      132363.89 
107830000      873  6.3868432e-29      132374.95 
107840000      873  1.2557128e-28      132385.21 
107850000      873  8.7090723e-29      132395.49 
107860000      873  1.4369126e-28      132405.78 
107870000      873  1.0756175e-28      132416.08 
107880000      873  1.4652437e-28      132426.39 
107890000      873  1.3702527e-28      132436.66 
107900000      873  1.4932152e-28      132446.96 
107910000      873  1.5235552e-28      132457.23 
107920000      873  1.3797582e-28      132467.56 
107930000      873  1.6522871e-28      132477.87 
107940000      873  1.2643914e-28      132489.19 
107950000      873  1.6444032e-28      132499.52 
107960000      873  1.0870439e-28      132509.85 
107970000      873  1.5106848e-28      132520.14 
107980000      873  8.5322957e-29      132530.47 
107990000      873  1.2379722e-28       132540.8 
108000000      873  6.6793343e-29       132551.2 
108010000      873  9.2199317e-29      132562.22 
108020000      873  5.9441147e-29      132572.49 
108030000      873  6.2534224e-29      132582.79 
108040000      873  6.3188303e-29      132593.08 
108050000      873  4.6664624e-29      132603.76 
108060000      873  7.6780737e-29      132614.77 
108070000      873  4.1506524e-29      132625.12 
108080000      873  9.1608973e-29      132635.47 
108090000      873  4.9997077e-29      132645.78 
108100000      873  1.0956405e-28      132656.16 
108110000      873  6.5228897e-29      132666.53 
108120000      873  1.2767181e-28      132676.87 
108130000      873  9.7917637e-29      132687.22 
108140000      873  1.4012422e-28      132697.55 
108150000      873  1.1125865e-28      132707.93 
108160000      873  1.2184951e-28      132718.27 
108170000      873  1.2875038e-28      132728.61 
108180000      873  1.3136709e-28      132740.44 
108190000      873  1.6002746e-28      132750.98 
108200000      873  1.3098926e-28      132761.43 
108210000      873  1.7722934e-28       132771.8 
108220000      873  1.2228183e-28      132782.15 
108230000      873  1.7444977e-28      132792.55 
108240000      873  1.0820487e-28      132802.94 
108250000      873  1.4941256e-28      132813.31 
108260000      873  9.3205599e-29      132823.71 
108270000      873  1.2133801e-28       132834.1 
108280000      873  8.0462628e-29      132844.53 
108290000      873  8.5405818e-29       132854.9 
108300000      873  7.4647246e-29      132865.79 
108310000      873  5.7028493e-29      132876.67 
108320000      873  7.5024314e-29      132887.11 
108330000      873  3.8167388e-29      132897.47 
108340000      873  8.3763768e-29      132907.87 
108350000      873  3.3288572e-29      132918.94 
108360000      873  8.0194162e-29      132929.35 
108370000      873  2.9436713e-29      132939.74 
108380000      873  8.5919998e-29      132950.13 
108390000      873  4.5497521e-29      132960.55 
108400000      873  8.8563076e-29      132971.06 
108410000      873  7.1534232e-29      132981.48 
108420000      873  1.0264334e-28      132992.38 
108430000      873  1.0239047e-28      133003.32 
108440000      873  1.0345174e-28      133013.75 
108450000      873  1.4160949e-28      133024.18 
108460000      873  1.1803178e-28      133034.55 
108470000      873  1.5976745e-28      133044.94 
108480000      873  1.2058357e-28      133055.29 
108490000      873  1.7609255e-28      133065.68 
108500000      873  1.2483636e-28      133076.08 
108510000      873  1.7375591e-28      133086.44 
108520000      873  1.1436809e-28      133097.53 
108530000      873  1.6026614e-28      133107.89 
108540000      873  1.2068227e-28      133118.96 
108550000      873  1.3731675e-28      133129.66 
108560000      873  1.1413092e-28       133140.1 
108570000      873   1.090274e-28      133150.47 
108580000      873  1.1927229e-28      133160.88 
108590000      873  8.5941358e-29      133171.25 
108600000      873  1.1101458e-28      133181.74 
108610000      873  5.3390888e-29      133192.13 
108620000      873  9.4475887e-29       133202.5 
108630000      873  3.4808466e-29      133212.87 
108640000      873  8.1395092e-29       133223.2 
108650000      873  3.2362299e-29      133233.55 
108660000      873  8.0593586e-29      133244.37 
108670000      873  4.5374244e-29      133255.25 
108680000      873  7.4539139e-29       133265.6 
108690000      873  6.0634118e-29      133276.62 
108700000      873    6.00019e-29      133286.93 
108710000      873  6.5558658e-29      133297.28 
108720000      873  5.0354398e-29      133307.63 
108730000      873  9.0534646e-29      133318.01 
108740000      873  6.2510339e-29      133328.36 
108750000      873  1.2319723e-28       133338.7 
108760000      873  7.9030336e-29      133349.06 
108770000      873  1.2790678e-28      133359.36 
108780000      873  6.3473516e-29      133370.21 
108790000      873  1.0437086e-28      133381.04 
108800000      873  6.3935179e-29      133391.52 
108810000      873  1.1408814e-28      133401.83 
108820000      873  9.8955023e-29      133412.15 
108830000      873  1.2991279e-28      133422.44 
108840000      873  1.3526945e-28      133432.77 
108850000      873  1.2276478e-28      133443.07 
108860000      873  1.5242864e-28      133453.38 
108870000      873  1.3178301e-28      133464.39 
108880000      873  1.7455299e-28       133474.7 
108890000      873  1.2608868e-28      133485.02 
108900000      873  1.7644374e-28      133495.84 
108910000      873  1.1782428e-28       133506.7 
108920000      873  1.6601695e-28      133517.04 
108930000      873  1.0709855e-28      133527.37 
108940000      873  1.4512498e-28      133537.67 
108950000      873  9.6868482e-29         133548 
108960000      873  1.0572823e-28      133558.32 
108970000      873  8.0091608e-29      133568.64 
108980000      873  7.7795533e-29      133578.96 
108990000      873  7.7576215e-29      133589.24 
109000000      873  5.0708794e-29      133599.64 
109010000      873  7.8045625e-29      133609.93 
109020000      873   3.409651e-29      133620.26 
109030000      873  8.3939893e-29      133631.53 
109040000      873  3.3174806e-29      133642.57 
109050000      873  9.3768324e-29      133652.85 
109060000      873  4.7432559e-29      133663.16 
109070000      873  1.0921635e-28      133673.46 
109080000      873   7.220448e-29      133683.82 
109090000      873  1.2232625e-28      133694.14 
109100000      873  1.1044656e-28      133704.47 
109110000      873  1.3497133e-28      133714.75 
109120000      873  1.3961819e-28      133725.07 
109130000      873  1.2988934e-28      133735.35 
109140000      873  1.6198741e-28      133745.66 
109150000      873  1.3455389e-28      133756.69 
109160000      873  1.7306254e-28      133767.24 
109170000      873   1.193364e-28      133777.52 
109180000      873  1.6604051e-28      133787.81 
109190000      873  1.0900656e-28      133798.09 
109200000      873  1.4887394e-28       133808.5 
109210000      873  8.7983141e-29      133819.51 
109220000      873  1.2019187e-28      133829.82 
109230000      873  7.4118959e-29      133840.13 
109240000      873   8.735237e-29      133850.43 
109250000      873  7.1438193e-29      133860.77 
109260000      873  6.6102097e-29      133871.06 
109270000      873  7.5615063e-29       133882.1 
109280000      873  4.5738426e-29       133892.7 
109290000      873   7.859546e-29      133903.04 
109300000      873  3.3551431e-29      133913.34 
109310000      873  8.3636965e-29      133923.67 
109320000      873  3.0877619e-29      133933.94 
109330000      873  8.5931934e-29      133944.26 
109340000      873  4.4191659e-29      133954.54 
109350000      873   9.786184e-29      133964.86 
109360000      873  5.2914811e-29       133975.2 
109370000      873  7.7260713e-29      133985.51 
109380000      873  7.8816482e-29      133996.57 
109390000      873  9.0635595e-29      134007.38 
109400000      873  1.2196027e-28      134018.36 
109410000      873   1.079641e-28      134028.72 
109420000      873  1.5646548e-28       134039.1 
109430000      873  1.1697846e-28      134049.42 
109440000      873  1.6815005e-28      134059.76 
109450000      873  1.1628369e-28      134070.09 
109460000      873   1.739569e-28      134080.44 
109470000      873  1.3122127e-28      134090.77 
109480000      873  1.6402011e-28      134101.13 
109490000      873  1.3461955e-28      134111.47 
109500000      873  1.4331631e-28       134121.8 
109510000      873  1.3071634e-28      134132.67 
109520000      873  1.1765698e-28       134143.5 
109530000      873    1.26387e-28      134153.91 
109540000      873  8.2124935e-29      134164.29 
109550000      873  1.0980541e-28      134175.36 
109560000      873  5.1667868e-29      134185.74 
109570000      873  9.4063984e-29      134196.14 
109580000      873  3.5125598e-29      134206.85 
109590000      873  8.3389821e-29      134217.27 
109600000      873  3.6800576e-29      134227.79 
109610000      873  7.4761001e-29      134238.17 
109620000      873  5.8306006e-29      134248.57 
109630000      873  8.3034496e-29      134259.42 
109640000      873  9.8236784e-29      134270.33 
109650000      873  9.7379442e-29      134280.73 
109660000      873  1.3217354e-28      134291.12 
109670000      873  1.0718512e-28      134301.49 
109680000      873  1.6492309e-28       134311.9 
109690000      873  1.1842202e-28      134322.28 
109700000      873  1.7357447e-28       134332.7 
109710000      873  1.2095548e-28       134343.1 
109720000      873  1.7428071e-28      134353.54 
109730000      873  1.2265884e-28      134364.66 
109740000      873  1.5958234e-28      134375.05 
109750000      873  1.1821581e-28      134385.96 
109760000      873  1.3190932e-28      134396.87 
109770000      873  1.0684633e-28       134407.3 
109780000      873  9.5250938e-29      134417.67 
109790000      873  9.5669851e-29      134428.06 
109800000      873  6.3538588e-29      134438.52 
109810000      873  9.2338604e-29      134448.92 
109820000      873  4.5541579e-29      134459.29 
109830000      873  8.9365157e-29      134469.67 
109840000      873  3.0860914e-29      134480.02 
109850000      873  8.1446018e-29      134490.42 
109860000      873   3.428482e-29      134500.81 
109870000      873  8.4364707e-29      134511.69 
109880000      873  4.9041701e-29      134522.64 
109890000      873  8.3747751e-29      134533.04 
109900000      873  7.8119099e-29      134544.17 
109910000      873  9.7562707e-29      134554.53 
109920000      873   1.151228e-28      134564.91 
109930000      873  1.0805958e-28      134575.27 
109940000      873  1.5100744e-28      134585.66 
109950000      873  1.1985136e-28         134596 
109960000      873  1.7295442e-28      134606.35 
109970000      873  1.2374542e-28      134616.65 
109980000      873  1.7592746e-28      134627.02 
109990000      873   1.220111e-28      134637.38 
110000000      873  1.6680824e-28       134648.8 
110010000      873   1.109529e-28      134659.19 
110020000      873   1.486153e-28      134669.52 
110030000      873  1.0869256e-28      134679.89 
110040000      873  1.1783584e-28      134690.24 
110050000      873  1.0408677e-28      134700.62 
110060000      873  8.5618482e-29      134710.96 
110070000      873  9.5423799e-29      134722.02 
110080000      873  5.5036222e-29      134732.35 
110090000      873   9.092764e-29      134742.68 
110100000      873  3.7713625e-29      134753.02 
110110000      873   8.755885e-29      134763.38 
110120000      873  2.7140156e-29      134773.69 
110130000      873  7.9369991e-29      134784.89 
110140000      873  3.8277911e-29      134795.31 
110150000      873  8.2460424e-29      134805.67 
110160000      873  5.5018277e-29      134815.96 
110170000      873  7.9973342e-29      134826.29 
110180000      873  8.0265298e-29      134836.59 
110190000      873  8.3097865e-29      134846.91 
110200000      873   1.158885e-28      134857.31 
110210000      873  9.6124057e-29      134867.65 
110220000      873  1.4478231e-28      134878.01 
110230000      873  1.0279424e-28       134888.3 
110240000      873  1.6340315e-28      134899.33 
110250000      873  1.1389092e-28      134910.61 
110260000      873  1.7117792e-28      134920.98 
110270000      873  1.2616528e-28      134931.28 
110280000      873  1.6743339e-28      134941.63 
110290000      873  1.3783795e-28       134951.9 
110300000      873  1.4496208e-28       134962.2 
110310000      873  1.4607312e-28      134972.47 
110320000      873  1.1758507e-28      134982.76 
110330000      873  1.3216088e-28      134993.03 
110340000      873  8.8630655e-29      135003.35 
110350000      873  1.1860659e-28      135013.65 
110360000      873  5.7270916e-29      135023.93 
110370000      873  9.7992717e-29      135034.24 
110380000      873  4.1937184e-29       135045.5 
110390000      873  8.3029004e-29      135055.88 
110400000      873  4.0344064e-29      135066.29 
110410000      873  6.9239683e-29      135077.29 
110420000      873  5.3009513e-29      135087.57 
110430000      873   6.412001e-29      135097.87 
110440000      873   7.425996e-29      135108.16 
110450000      873  6.2354307e-29      135118.47 
110460000      873  1.0175859e-28      135128.72 
110470000      873  7.3865891e-29      135139.02 
110480000      873  1.3070073e-28      135149.31 
110490000      873  8.9469776e-29      135159.55 
110500000      873  1.5452301e-28      135170.83 
110510000      873  1.0369635e-28      135181.16 
110520000      873  1.6224142e-28      135191.47 
110530000      873  1.3364472e-28      135201.75 
110540000      873  1.5677491e-28      135212.07 
110550000      873  1.5082486e-28      135222.35 
110560000      873  1.4824371e-28      135232.68 
110570000      873     1.5163e-28      135242.99 
110580000      873  1.1553043e-28       135253.3 
110590000      873  1.4959038e-28      135264.29 
110600000      873  9.9565809e-29      135274.71 
110610000      873  1.3508527e-28      135285.02 
110620000      873   6.934475e-29      135296.31 
110630000      873  1.1428783e-28      135306.67 
110640000      873  5.1714733e-29      135316.96 
110650000      873  8.9812519e-29      135327.27 
110660000      873  4.7320223e-29      135337.55 
110670000      873  7.1323398e-29      135347.89 
110680000      873  5.4167379e-29      135358.21 
110690000      873  5.9635668e-29      135368.56 
110700000      873  6.8712768e-29      135378.89 
110710000      873  5.6076803e-29      135389.25 
110720000      873  8.4715092e-29      135399.61 
110730000      873  5.6376425e-29      135409.97 
110740000      873  1.1294883e-28       135421.3 
110750000      873  7.5616714e-29       135431.7 
110760000      873  1.3804203e-28      135442.78 
110770000      873   8.945286e-29      135453.12 
110780000      873  1.5081801e-28      135463.48 
110790000      873  1.1473192e-28      135473.82 
110800000      873  1.5842078e-28       135484.3 
110810000      873  1.2654518e-28      135494.62 
110820000      873  1.5240289e-28      135504.98 
110830000      873  1.4725661e-28      135515.32 
110840000      873  1.4632258e-28       135525.7 
110850000      873  1.5986084e-28      135536.09 
110860000      873  1.2563116e-28      135547.33 
110870000      873  1.5671436e-28      135557.91 
110880000      873  1.0501956e-28      135568.31 
110890000      873  1.4095844e-28      135578.71 
110900000      873  7.7986001e-29       135589.1 
110910000      873  1.1955558e-28      135599.53 
110920000      873  5.5448728e-29       135610.4 
110930000      873  9.5077153e-29      135621.49 
110940000      873  4.4945094e-29      135631.85 
110950000      873  7.7092644e-29      135642.24 
110960000      873  4.5909343e-29      135652.62 
110970000      873  5.9801008e-29      135663.03 
110980000      873  6.2045246e-29      135674.08 
110990000      873  6.6917657e-29       135685.3 
111000000      873  9.9065795e-29      135695.85 
111010000      873  8.1359426e-29      135706.23 
111020000      873   1.391042e-28      135716.67 
111030000      873  1.0323836e-28      135727.06 
111040000      873  1.5861085e-28       135737.5 
111050000      873  1.1577028e-28       135747.9 
111060000      873  1.7292854e-28      135758.31 
111070000      873  1.3014134e-28      135768.69 
111080000      873   1.716591e-28      135779.11 
111090000      873   1.292498e-28       135789.5 
111100000      873  1.5454077e-28      135801.05 
111110000      873   1.293794e-28      135811.96 
111120000      873  1.3119986e-28      135822.33 
111130000      873  1.2670217e-28      135832.73 
111140000      873  1.0160007e-28      135843.15 
111150000      873   1.164875e-28       135853.5 
111160000      873  7.0647466e-29      135863.89 
111170000      873  1.0415985e-28      135874.26 
111180000      873  4.3944483e-29      135884.66 
111190000      873  9.2612145e-29      135895.06 
111200000      873  3.2916049e-29       135905.6 
111210000      873  7.9917934e-29      135916.01 
111220000      873  3.7714246e-29      135926.39 
111230000      873   7.870887e-29      135937.77 
111240000      873  5.3585233e-29      135948.17 
111250000      873  8.4800735e-29      135958.56 
111260000      873  8.4524841e-29      135968.89 
111270000      873  9.5617687e-29      135979.94 
111280000      873  1.2704074e-28      135990.26 
111290000      873  1.0834594e-28      136000.62 
111300000      873  1.5311065e-28      136010.95 
111310000      873  1.1938807e-28      136021.32 
111320000      873   1.774385e-28      136031.65 
111330000      873  1.2348671e-28         136042 
111340000      873  1.7198753e-28      136052.36 
111350000      873  1.2093943e-28       136063.7 
111360000      873    1.63571e-28      136074.13 
111370000      873  1.1749537e-28      136084.49 
111380000      873    1.33847e-28      136094.85 
111390000      873  1.0487167e-28      136105.18 
111400000      873   9.982708e-29      136115.63 
111410000      873  9.2691696e-29      136125.94 
111420000      873  6.7825471e-29      136136.29 
111430000      873  8.6307311e-29      136147.42 
111440000      873  4.4290121e-29      136161.66 
111450000      873  7.8122402e-29      136172.91 
111460000      873  3.2805711e-29      136183.22 
111470000      873  8.4579961e-29      136194.52 
111480000      873  3.6452718e-29      136204.86 
111490000      873  9.1709932e-29      136215.18 
111500000      873   4.822066e-29      136225.48 
111510000      873  1.1490587e-28       136235.8 
111520000      873  6.3808287e-29      136246.09 
111530000      873  1.2879138e-28      136256.45 
111540000      873  8.2005379e-29      136266.76 
111550000      873  1.1399111e-28       136277.1 
111560000      873  8.4606604e-29       136287.4 
111570000      873  1.2348552e-28      136297.72 
111580000      873  1.0712476e-28      136308.02 
111590000      873  1.4123577e-28      136319.28 
111600000      873  1.3829368e-28      136329.79 
111610000      873  1.4556721e-28      136340.77 
111620000      873  1.5720785e-28      136351.07 
111630000      873  1.4284069e-28      136361.33 
111640000      873  1.6232679e-28      136371.62 
111650000      873   1.263862e-28      136381.91 
111660000      873  1.5636135e-28      136392.21 
111670000      873  1.0658725e-28      136402.49 
111680000      873     1.4623e-28      136412.79 
111690000      873  8.9204618e-29      136423.06 
111700000      873  1.3008205e-28       136433.4 
111710000      873  6.3035896e-29      136444.16 
111720000      873  1.0334557e-28      136455.02 
111730000      873  4.6423439e-29      136465.34 
111740000      873  8.9832603e-29      136475.62 
111750000      873  4.1410403e-29      136485.92 
111760000      873  7.3226672e-29       136496.2 
111770000      873   4.537299e-29      136506.49 
111780000      873  6.5590867e-29      136517.47 
111790000      873  6.0484458e-29      136527.75 
111800000      873  6.3185197e-29      136538.11 
111810000      873  7.9420405e-29       136548.4 
111820000      873  6.5285065e-29      136558.68 
111830000      873  1.0877438e-28      136568.99 
111840000      873   8.410936e-29      136580.28 
111850000      873  1.3882935e-28      136590.61 
111860000      873  1.0491311e-28      136600.93 
111870000      873    1.58563e-28      136611.24 
111880000      873  1.1725962e-28      136621.58 
111890000      873  1.7290403e-28      136631.87 
111900000      873  1.2359115e-28      136642.19 
111910000      873  1.7686043e-28      136652.47 
111920000      873  1.2236215e-28      136662.79 
111930000      873  1.6991073e-28      136673.08 
111940000      873  1.2095495e-28      136683.41 
111950000      873  1.5033925e-28      136693.68 
111960000      873  1.0592924e-28      136704.69 
111970000      873  1.3244993e-28      136715.01 
111980000      873  9.2368323e-29         136726 
111990000      873  9.9000121e-29      136736.66 
112000000      873  7.1932851e-29      136747.12 
112010000      873  8.0248612e-29      136757.49 
112020000      873  6.6946219e-29      136767.82 
112030000      873  7.7292602e-29      136778.17 
112040000      873  6.8753582e-29      136788.51 
112050000      873  6.1628575e-29      136798.89 
112060000      873  6.4436802e-29      136809.22 
112070000      873  5.0665859e-29      136819.58 
112080000      873  6.7124227e-29      136829.93 
112090000      873  5.1869122e-29      136840.25 
112100000      873  8.0488706e-29      136850.62 
112110000      873  6.0205421e-29      136861.94 
112120000      873  1.0264467e-28      136872.33 
112130000      873  7.6084128e-29      136883.38 
112140000      873  1.2304221e-28      136893.76 
112150000      873  9.1741853e-29       136904.1 
112160000      873  1.3867938e-28       136914.5 
112170000      873  1.0686111e-28      136924.92 
112180000      873  1.5540164e-28       136935.3 
112190000      873  1.1025505e-28      136945.71 
112200000      873  1.6732588e-28      136956.24 
112210000      873  1.1947282e-28      136966.61 
112220000      873  1.7598644e-28      136977.33 
112230000      873  1.2337864e-28      136988.35 
112240000      873  1.7276566e-28      136998.81 
112250000      873  1.2061832e-28      137009.18 
112260000      873  1.6971357e-28      137019.56 
112270000      873  1.1981699e-28      137029.94 
112280000      873   1.471536e-28      137040.35 
112290000      873  1.1368073e-28      137050.72 
112300000      873   1.114499e-28      137061.79 
112310000      873  1.0552584e-28      137072.17 
112320000      873  7.7400774e-29      137082.58 
112330000      873   9.696272e-29      137093.03 
112340000      873  4.9127495e-29      137103.44 
112350000      873  9.1620531e-29      137114.23 
112360000      873  3.4601987e-29      137125.25 
112370000      873  8.7066718e-29      137135.69 
112380000      873  3.0200473e-29      137146.07 
112390000      873  8.4581025e-29      137156.48 
112400000      873  4.4711044e-29      137166.97 
112410000      873  8.7450641e-29      137177.37 
112420000      873  6.9200109e-29      137187.73 
112430000      873  7.1239146e-29      137198.15 
112440000      873  7.1546309e-29      137208.56 
112450000      873  6.2300644e-29      137218.97 
112460000      873  1.0137811e-28      137229.35 
112470000      873  7.1266252e-29      137240.42 
112480000      873  1.2615453e-28       137251.8 
112490000      873  8.2634284e-29      137262.21 
112500000      873  1.4897277e-28      137272.64 
112510000      873   1.039783e-28      137283.03 
112520000      873  1.6108873e-28      137293.43 
112530000      873  1.2234523e-28      137303.81 
112540000      873  1.7224247e-28      137314.19 
112550000      873  1.3480355e-28      137324.53 
112560000      873  1.5934809e-28      137334.89 
112570000      873  1.3479855e-28      137345.24 
112580000      873  1.3666854e-28       137355.6 
112590000      873  1.3520637e-28      137365.96 
112600000      873  1.1528659e-28      137376.38 
112610000      873  1.2957628e-28      137387.71 
112620000      873  8.6007196e-29      137398.09 
112630000      873  1.1151713e-28      137408.43 
112640000      873  6.0784874e-29       137419.5 
112650000      873  9.6378884e-29      137429.86 
112660000      873  3.9993224e-29       137440.2 
112670000      873  8.3596202e-29      137450.59 
112680000      873   3.147066e-29      137460.96 
112690000      873  8.2251081e-29       137471.3 
112700000      873  3.2668365e-29      137481.65 
112710000      873  8.9660311e-29      137491.97 
112720000      873  4.1827153e-29      137502.31 
112730000      873  1.0177428e-28      137513.11 
112740000      873  6.5367056e-29      137523.97 
112750000      873  1.1725032e-28      137534.29 
112760000      873  1.0151198e-28      137544.61 
112770000      873  1.2222146e-28      137554.89 
112780000      873  1.3484433e-28      137565.19 
112790000      873  1.2239278e-28      137575.48 
112800000      873  1.6436502e-28      137585.94 
112810000      873  1.3296561e-28      137596.96 
112820000      873  1.7862314e-28      137607.28 
112830000      873  1.1904616e-28       137617.6 
112840000      873  1.6877168e-28      137628.16 
112850000      873  1.1642601e-28      137638.51 
112860000      873  1.5872713e-28      137649.79 
112870000      873  1.0523638e-28      137660.17 
112880000      873  1.3368491e-28      137670.46 
112890000      873  9.7794558e-29      137680.78 
112900000      873  9.8769102e-29      137691.08 
112910000      873   8.682279e-29       137701.4 
112920000      873  7.2307342e-29      137711.67 
112930000      873    8.63532e-29      137721.98 
112940000      873   4.639625e-29      137732.25 
112950000      873  8.4002492e-29      137742.54 
112960000      873  3.2304622e-29      137752.85 
112970000      873  8.5648531e-29      137763.15 
112980000      873  3.0227551e-29      137775.09 
112990000      873   8.157499e-29      137785.42 
113000000      873  3.9242485e-29      137795.85 
113010000      873  8.7916642e-29      137806.16 
113020000      873  6.2550487e-29      137816.49 
113030000      873  8.9166565e-29      137826.79 
113040000      873  9.7464851e-29       137837.1 
113050000      873  1.0389465e-28      137847.38 
113060000      873  1.2881018e-28      137857.68 
113070000      873  1.0766633e-28      137867.96 
113080000      873  1.4877302e-28      137878.26 
113090000      873  1.1322575e-28      137888.54 
113100000      873  1.7083465e-28      137898.81 
113110000      873  1.2260271e-28      137909.59 
113120000      873  1.7217875e-28      137920.37 
113130000      873  1.2488296e-28       137930.7 
113140000      873   1.650385e-28      137940.99 
113150000      873  1.3271971e-28      137951.31 
113160000      873   1.528188e-28      137962.29 
113170000      873   1.310185e-28      137972.62 
113180000      873  1.3308522e-28       137982.9 
113190000      873  1.5515347e-28      137993.27 
113200000      873  1.3061223e-28      138003.69 
113210000      873  1.6136597e-28      138014.01 
113220000      873  1.1152708e-28       138024.3 
113230000      873  1.5311237e-28      138034.78 
113240000      873   8.894001e-29      138045.89 
113250000      873  1.3078971e-28      138056.27 
113260000      873  7.0492892e-29      138066.57 
113270000      873  1.0595151e-28      138076.89 
113280000      873  5.8240087e-29      138087.18 
113290000      873  7.9609316e-29      138097.52 
113300000      873    5.66326e-29      138107.84 
113310000      873  5.6744319e-29      138118.21 
113320000      873  6.3920831e-29      138128.55 
113330000      873  4.7746743e-29      138139.59 
113340000      873  9.2481661e-29      138149.96 
113350000      873   5.869068e-29      138160.28 
113360000      873  1.1619787e-28      138171.64 
113370000      873  7.7350237e-29      138182.03 
113380000      873  1.4935277e-28       138192.4 
113390000      873  1.0803427e-28      138202.74 
113400000      873   1.642705e-28       138213.2 
113410000      873  1.3049951e-28      138223.51 
113420000      873  1.6194982e-28      138233.89 
113430000      873  1.4884468e-28      138244.24 
113440000      873  1.4207549e-28       138254.6 
113450000      873  1.5002179e-28      138264.96 
113460000      873  1.1893173e-28      138275.32 
113470000      873  1.4252549e-28      138285.72 
113480000      873  8.7309965e-29      138297.11 
113490000      873  1.3505932e-28      138307.56 
113500000      873  6.7688146e-29      138318.65 
113510000      873  1.0956196e-28      138329.07 
113520000      873  5.3626276e-29      138339.44 
113530000      873  8.7196275e-29      138349.85 
113540000      873  4.9686629e-29      138360.24 
113550000      873  6.5285669e-29      138370.65 
113560000      873  5.7448568e-29      138381.02 
113570000      873  4.7955761e-29      138391.41 
113580000      873  7.7010722e-29      138401.82 
113590000      873  5.4358894e-29       138412.2 
113600000      873  1.1284777e-28      138422.73 
113610000      873  7.4776028e-29       138434.1 
113620000      873  1.3857444e-28      138444.56 
113630000      873  9.4897041e-29      138454.95 
113640000      873  1.5737319e-28      138465.37 
113650000      873  1.1690621e-28      138475.78 
113660000      873  1.6373379e-28      138486.22 
113670000      873  1.3614558e-28      138497.32 
113680000      873  1.5005413e-28      138507.75 
113690000      873  1.4074637e-28      138518.15 
113700000      873  1.5066901e-28      138528.53 
113710000      873  1.5434469e-28      138538.93 
113720000      873  1.1947921e-28      138549.28 
113730000      873  1.7152156e-28      138560.65 
113740000      873  1.2793829e-28      138571.05 
113750000      873  1.7749858e-28      138581.42 
113760000      873  1.1636101e-28      138591.78 
113770000      873  1.6328115e-28      138602.18 
113780000      873  1.0455681e-28      138612.54 
113790000      873  1.3873841e-28      138622.94 
113800000      873  9.3257145e-29      138633.42 
113810000      873  1.1063832e-28      138643.83 
113820000      873  8.5998426e-29      138654.24 
113830000      873  7.8501916e-29      138664.64 
113840000      873  8.2821933e-29       138675.7 
113850000      873  4.8067847e-29      138686.87 
113860000      873   8.154091e-29      138697.44 
113870000      873  3.1870546e-29      138707.81 
113880000      873  8.1616789e-29      138718.18 
113890000      873  3.8031969e-29      138728.49 
113900000      873  9.7129373e-29      138738.85 
113910000      873  5.5981175e-29      138749.16 
113920000      873  1.0619807e-28      138759.49 
113930000      873  8.0495331e-29      138769.81 
113940000      873  1.1817564e-28      138780.18 
113950000      873  1.1376094e-28      138790.54 
113960000      873  1.3289356e-28      138800.87 
113970000      873  1.3975546e-28      138811.62 
113980000      873  1.4772778e-28      138822.58 
113990000      873  1.5700835e-28      138832.99 
114000000      873  1.4248133e-28      138843.44 
114010000      873  1.6629454e-28      138853.78 
114020000      873  1.2339916e-28       138864.8 
114030000      873  1.5371206e-28      138875.14 
114040000      873  1.0009572e-28      138885.45 
114050000      873   1.517771e-28      138895.78 
114060000      873  9.2984051e-29      138906.09 
114070000      873  1.3555396e-28      138916.43 
114080000      873  8.2881256e-29      138926.75 
114090000      873  1.0731396e-28      138937.02 
114100000      873  6.8020003e-29      138947.34 
114110000      873  7.2606866e-29      138957.65 
114120000      873  6.7728707e-29      138968.96 
114130000      873  4.8001392e-29      138979.32 
114140000      873  7.5728973e-29      138989.64 
114150000      873  3.8135675e-29      138999.95 
114160000      873  8.9852393e-29      139010.31 
114170000      873   4.302305e-29      139020.64 
114180000      873  1.0947396e-28      139030.96 
114190000      873  6.2764604e-29      139041.95 
114200000      873  1.2053877e-28      139052.36 
114210000      873  8.0528083e-29      139062.68 
114220000      873   1.379849e-28      139072.99 
114230000      873  1.0798446e-28      139083.28 
114240000      873  1.5035376e-28      139094.56 
114250000      873  1.3459125e-28      139104.87 
114260000      873  1.4996253e-28      139115.17 
114270000      873  1.5282631e-28      139125.43 
114280000      873  1.4506239e-28      139135.74 
114290000      873  1.6051082e-28      139146.04 
114300000      873  1.2675025e-28      139156.36 
114310000      873  1.3865992e-28      139166.68 
114320000      873  1.0713162e-28      139176.97 
114330000      873  1.2584186e-28      139187.29 
114340000      873  8.1648509e-29      139197.58 
114350000      873  1.1200961e-28       139207.9 
114360000      873  5.5576162e-29       139220.2 
114370000      873  9.2820927e-29      139230.68 
114380000      873  3.6777435e-29      139240.96 
114390000      873  8.5785084e-29      139251.27 
114400000      873  3.2103933e-29      139261.66 
114410000      873  8.6155417e-29      139271.93 
114420000      873  2.7823584e-29      139282.68 
114430000      873  8.1438277e-29      139292.97 
114440000      873  3.7052882e-29      139303.27 
114450000      873  9.4507664e-29      139313.55 
114460000      873  5.3814281e-29      139323.88 
114470000      873  1.1417043e-28      139334.16 
114480000      873  8.3085061e-29      139344.99 
114490000      873  1.3721135e-28      139355.79 
114500000      873  1.1021188e-28      139366.13 
114510000      873  1.5053453e-28      139376.42 
114520000      873  1.3019099e-28      139386.76 
114530000      873  1.5521275e-28      139397.76 
114540000      873  1.5167801e-28      139408.08 
114550000      873   1.464694e-28      139418.34 
114560000      873  1.5182691e-28      139428.67 
114570000      873   1.255991e-28      139438.99 
114580000      873  1.5477787e-28      139449.26 
114590000      873  1.0556654e-28      139459.58 
114600000      873  1.4109242e-28      139469.98 
114610000      873  7.9598982e-29      139482.88 
114620000      873  1.2238618e-28      139496.57 
114630000      873   5.335122e-29      139506.96 
114640000      873  9.5717668e-29      139517.29 
114650000      873  3.9717266e-29      139527.67 
114660000      873  7.4839142e-29         139538 
114670000      873  4.0982202e-29      139548.37 
114680000      873  7.1897976e-29      139558.71 
114690000      873   4.849789e-29      139569.07 
114700000      873   6.248107e-29      139580.12 
114710000      873  5.6800137e-29      139590.43 
114720000      873   6.036606e-29      139600.78 
114730000      873  7.8965141e-29      139611.42 
114740000      873   6.421785e-29      139622.47 
114750000      873  9.2743582e-29      139632.85 
114760000      873  6.7252846e-29      139643.22 
114770000      873  1.1275605e-28      139653.57 
114780000      873   8.073833e-29      139663.96 
114790000      873  1.4422254e-28      139674.34 
114800000      873  1.0507003e-28      139684.87 
114810000      873   1.674127e-28      139695.29 
114820000      873  1.2364044e-28      139705.67 
114830000      873   1.730312e-28      139716.08 
114840000      873   1.333592e-28      139726.46 
114850000      873   1.566088e-28      139736.86 
114860000      873  1.3688198e-28      139748.25 
114870000      873   1.306462e-28      139759.37 
114880000      873  1.3089316e-28      139769.73 
114890000      873  9.2183869e-29      139780.12 
114900000      873  1.1408294e-28       139790.5 
114910000      873  6.7112725e-29      139800.92 
114920000      873  1.0099116e-28       139811.3 
114930000      873  4.1293253e-29      139821.72 
114940000      873  8.9701291e-29      139832.14 
114950000      873  3.4637126e-29      139842.54 
114960000      873  7.8704347e-29      139852.98 
114970000      873  3.8302748e-29       139863.4 
114980000      873  7.0817671e-29      139874.32 
114990000      873  5.7692124e-29      139885.22 
115000000      873  7.3407185e-29      139895.77 
115010000      873  9.0837599e-29      139906.15 
115020000      873  7.8558799e-29      139916.56 
115030000      873  1.1980095e-28      139926.93 
115040000      873  8.7820447e-29      139938.03 
115050000      873  1.4711577e-28      139948.39 
115060000      873  1.0646523e-28      139958.76 
115070000      873  1.6331145e-28      139969.16 
115080000      873  1.1240461e-28      139979.53 
115090000      873  1.7386066e-28      139989.92 
115100000      873  1.2573423e-28       140000.3 
115110000      873   1.725685e-28       140011.7 
115120000      873  1.3087106e-28      140022.12 
115130000      873  1.5584454e-28      140032.54 
115140000      873  1.3799182e-28      140042.93 
115150000      873  1.3112506e-28      140053.32 
115160000      873  1.3292592e-28      140063.68 
115170000      873  9.5855115e-29      140074.06 
115180000      873  1.1672435e-28      140084.44 
115190000      873  6.4975328e-29      140094.78 
115200000      873  1.0491983e-28      140105.26 
115210000      873  4.1297786e-29      140116.31 
115220000      873  8.8873362e-29      140126.67 
115230000      873  3.1868222e-29      140137.98 
115240000      873  8.3687931e-29      140148.38 
115250000      873  3.2320341e-29      140158.77 
115260000      873  8.6261212e-29      140169.09 
115270000      873  4.6954537e-29      140179.46 
115280000      873  1.0354787e-28       140189.8 
115290000      873  7.5074353e-29      140200.17 
115300000      873  1.1495604e-28      140210.56 
115310000      873  1.0677939e-28      140220.91 
115320000      873  1.2311092e-28      140231.25 
115330000      873   1.333977e-28      140241.56 
115340000      873  1.3260447e-28      140251.89 
115350000      873  1.5703179e-28       140262.2 
115360000      873  1.3533966e-28      140272.54 
115370000      873  1.6754506e-28      140283.36 
115380000      873  1.2646023e-28      140294.19 
115390000      873  1.6891426e-28      140305.17 
115400000      873  1.1630652e-28       140315.6 
115410000      873  1.5940715e-28      140325.88 
115420000      873  9.8217277e-29      140336.21 
115430000      873   1.439785e-28      140346.54 
115440000      873  7.8660589e-29      140356.86 
115450000      873  1.2144387e-28      140367.19 
115460000      873  5.6137046e-29      140377.49 
115470000      873  1.0043749e-28      140387.82 
115480000      873  4.5508835e-29      140398.13 
115490000      873  8.0199179e-29      140408.46 
115500000      873  3.5000667e-29      140418.76 
115510000      873  7.8338123e-29      140429.08 
115520000      873    4.05422e-29      140440.32 
115530000      873  6.9623248e-29      140450.68 
115540000      873   4.759493e-29      140460.97 
115550000      873  6.5676766e-29      140471.26 
115560000      873  6.1181859e-29      140482.24 
115570000      873  6.7107709e-29      140492.52 
115580000      873  7.6103616e-29      140502.82 
115590000      873  7.0508706e-29      140513.11 
115600000      873  9.9554391e-29      140523.54 
115610000      873  7.8756428e-29      140533.83 
115620000      873  1.2301701e-28      140544.15 
115630000      873  9.4431367e-29      140554.44 
115640000      873  1.3958883e-28      140564.75 
115650000      873  1.0422706e-28      140575.04 
115660000      873  1.6300952e-28      140585.37 
115670000      873  1.1698085e-28      140596.65 
115680000      873  1.7357081e-28         140607 
115690000      873  1.2175685e-28      140617.28 
115700000      873  1.7762322e-28      140627.55 
115710000      873    1.21121e-28      140637.85 
115720000      873  1.6348204e-28      140648.09 
115730000      873  1.1239675e-28      140659.07 
115740000      873   1.561276e-28      140669.33 
115750000      873  1.1589978e-28      140679.62 
115760000      873  1.3820528e-28      140689.91 
115770000      873  1.0304659e-28      140700.23 
115780000      873  1.0846484e-28      140710.51 
115790000      873  8.0769734e-29      140720.84 
115800000      873  7.7351664e-29      140731.27 
115810000      873  6.6743574e-29      140741.55 
115820000      873  5.5675595e-29      140752.86 
115830000      873  6.7246161e-29      140763.22 
115840000      873  4.2240743e-29      140773.54 
115850000      873  7.4608342e-29      140783.82 
115860000      873   4.340297e-29      140794.12 
115870000      873  9.4428882e-29      140804.42 
115880000      873  5.3519063e-29      140814.74 
115890000      873  1.1856818e-28      140825.04 
115900000      873  7.4912716e-29      140836.04 
115910000      873  1.4017756e-28      140846.33 
115920000      873  9.7050196e-29      140856.67 
115930000      873  1.5276663e-28      140867.03 
115940000      873  1.1789522e-28      140877.36 
115950000      873  1.6103115e-28       140887.7 
115960000      873  1.3662036e-28      140898.04 
115970000      873  1.6264419e-28      140909.39 
115980000      873  1.4652994e-28      140919.75 
115990000      873  1.4228534e-28      140930.11 
116000000      873  1.4498485e-28      140940.56 
116010000      873  1.1733523e-28      140950.91 
116020000      873  1.3369311e-28      140961.23 
116030000      873   8.433633e-29      140971.57 
116040000      873  1.1722872e-28      140981.87 
116050000      873  6.0608645e-29      140992.24 
116060000      873  1.0790653e-28      141002.61 
116070000      873  4.5159176e-29      141012.95 
116080000      873  8.7207174e-29      141024.02 
116090000      873  3.5244887e-29      141034.38 
116100000      873  7.2730457e-29      141044.78 
116110000      873  4.9526677e-29      141055.16 
116120000      873   6.448507e-29      141066.08 
116130000      873   6.819097e-29      141076.97 
116140000      873  6.6656426e-29      141087.39 
116150000      873  9.4282674e-29      141097.75 
116160000      873  6.9331306e-29      141108.16 
116170000      873  1.1921288e-28      141118.54 
116180000      873   8.162232e-29      141128.93 
116190000      873  1.4563791e-28      141139.34 
116200000      873   1.003655e-28      141149.81 
116210000      873  1.6607784e-28      141160.19 
116220000      873  1.2280885e-28      141170.57 
116230000      873  1.7167859e-28      141180.99 
116240000      873  1.3285503e-28      141191.36 
116250000      873  1.5626998e-28      141202.46 
116260000      873  1.4492666e-28      141212.86 
116270000      873  1.3705338e-28      141223.58 
116280000      873  1.4186602e-28      141234.73 
116290000      873  1.0068315e-28      141245.22 
116300000      873  1.2779818e-28       141255.6 
116310000      873  7.0905042e-29         141266 
116320000      873  1.1281804e-28      141276.36 
116330000      873  5.0362583e-29      141286.77 
116340000      873  9.7147233e-29      141297.12 
116350000      873  3.5413572e-29      141307.51 
116360000      873  7.6225429e-29      141317.87 
116370000      873   3.939256e-29      141328.27 
116380000      873  7.1885156e-29      141338.62 
116390000      873  5.8298908e-29      141349.01 
116400000      873  6.4619289e-29       141359.5 
116410000      873  8.5168979e-29       141369.9 
116420000      873  7.5552759e-29      141381.37 
116430000      873   1.161151e-28      141392.36 
116440000      873  8.2528108e-29      141402.83 
116450000      873  1.4571161e-28      141413.22 
116460000      873   1.021073e-28      141423.63 
116470000      873   1.670043e-28      141433.98 
116480000      873  1.1922827e-28      141444.35 
116490000      873   1.730954e-28      141454.68 
116500000      873  1.3398116e-28      141465.04 
116510000      873  1.6173322e-28      141475.37 
116520000      873  1.4201003e-28      141485.73 
116530000      873    1.38225e-28      141496.05 
116540000      873  1.4309224e-28      141506.39 
116550000      873  1.1561766e-28      141516.73 
116560000      873  1.3176007e-28      141527.06 
116570000      873  7.9673286e-29      141537.42 
116580000      873  1.1981831e-28      141548.74 
116590000      873  5.9060796e-29      141559.84 
116600000      873  1.0112793e-28      141570.29 
116610000      873  4.2478891e-29      141580.64 
116620000      873  8.8075935e-29      141590.97 
116630000      873  3.4737096e-29      141601.34 
116640000      873  7.6270107e-29      141611.64 
116650000      873  4.2584173e-29      141621.98 
116660000      873  7.6617829e-29      141632.28 
116670000      873  6.3556781e-29       141642.6 
116680000      873  6.9784036e-29      141652.93 
116690000      873  8.8932489e-29      141663.23 
116700000      873  7.8258561e-29      141673.86 
116710000      873  1.2863289e-28      141684.82 
116720000      873  9.9470056e-29      141695.19 
116730000      873  1.6211951e-28      141705.47 
116740000      873   1.196505e-28       141715.8 
116750000      873  1.8187221e-28      141726.11 
116760000      873  1.2169321e-28      141737.15 
116770000      873  1.7037391e-28      141747.45 
116780000      873  1.2963599e-28      141757.77 
116790000      873  1.5517547e-28      141768.11 
116800000      873  1.3055329e-28      141778.53 
116810000      873  1.3466965e-28      141788.86 
116820000      873    1.27934e-28      141799.16 
116830000      873  1.0570214e-28      141809.46 
116840000      873  1.1827633e-28      141820.23 
116850000      873  7.2686428e-29      141831.06 
116860000      873  1.0627562e-28      141841.37 
116870000      873  4.8534661e-29      141851.65 
116880000      873   9.562233e-29      141861.92 
116890000      873  3.1953928e-29      141872.22 
116900000      873   8.510979e-29       141882.5 
116910000      873  3.4887907e-29      141892.82 
116920000      873  8.1876011e-29      141903.15 
116930000      873  5.3271014e-29      141913.44 
116940000      873  8.3789793e-29      141924.47 
116950000      873  7.7960656e-29      141934.76 
116960000      873  9.5249117e-29      141945.33 
116970000      873   1.143157e-28      141956.32 
116980000      873  8.0125631e-29      141966.69 
116990000      873  1.0581403e-28      141976.97 
117000000      873  5.1954818e-29      141987.37 
117010000      873  1.0278357e-28      141997.62 
117020000      873  6.1304423e-29      142007.95 
117030000      873  1.2736751e-28      142018.22 
117040000      873  8.1329661e-29       142028.5 
117050000      873  1.3596705e-28       142038.8 
117060000      873  1.0177299e-28      142049.08 
117070000      873  1.5215993e-28      142059.39 
117080000      873   1.334563e-28      142069.69 
117090000      873  1.4912855e-28      142080.02 
117100000      873  1.5035777e-28      142090.31 
117110000      873  1.4587727e-28      142102.25 
117120000      873  1.6328221e-28       142112.6 
117130000      873  1.2650503e-28      142122.91 
117140000      873  1.6329535e-28      142133.21 
117150000      873  1.0791623e-28      142143.55 
117160000      873  1.4679115e-28      142153.84 
117170000      873  8.3762158e-29      142164.14 
117180000      873  1.2709859e-28      142174.46 
117190000      873  6.4243355e-29      142184.73 
117200000      873  1.0255349e-28      142195.17 
117210000      873   5.510309e-29      142205.48 
117220000      873  7.7989652e-29      142215.81 
117230000      873  5.8137467e-29      142226.34 
117240000      873  5.5088199e-29      142237.48 
117250000      873  6.4546073e-29      142247.87 
117260000      873  4.3258872e-29      142258.23 
117270000      873    8.07249e-29      142268.56 
117280000      873  3.9810767e-29      142279.63 
117290000      873  9.4518949e-29         142290 
117300000      873  5.5211235e-29      142300.31 
117310000      873  1.2567098e-28       142310.7 
117320000      873   8.637856e-29      142321.07 
117330000      873  1.4787719e-28      142331.39 
117340000      873  1.1118531e-28      142341.75 
117350000      873  1.5723219e-28      142352.06 
117360000      873  1.3057885e-28      142363.38 
117370000      873  1.4637567e-28      142373.76 
117380000      873  1.5080265e-28      142384.16 
117390000      873  1.4779528e-28      142394.52 
117400000      873  1.6058256e-28      142405.02 
117410000      873  1.2567443e-28      142415.42 
117420000      873  1.5638547e-28       142425.8 
117430000      873  1.0119695e-28      142436.22 
117440000      873  1.3640221e-28      142446.61 
117450000      873  8.5571891e-29      142457.71 
117460000      873  1.2615477e-28      142468.08 
117470000      873  7.0693473e-29      142478.48 
117480000      873  1.1223209e-28      142490.03 
117490000      873  5.1353671e-29      142500.49 
117500000      873  9.4474168e-29      142510.84 
117510000      873  4.7861037e-29      142521.26 
117520000      873  7.5085187e-29      142531.63 
117530000      873  4.8196528e-29      142542.01 
117540000      873  5.7410629e-29      142552.42 
117550000      873  6.5106237e-29      142562.83 
117560000      873  4.5574008e-29      142573.24 
117570000      873  8.0146315e-29      142583.64 
117580000      873  4.9390772e-29      142594.06 
117590000      873  1.0736158e-28      142604.48 
117600000      873  6.1749851e-29      142615.52 
117610000      873  1.2213786e-28      142626.43 
117620000      873  7.8419697e-29      142637.55 
117630000      873  1.3676414e-28      142647.92 
117640000      873  1.0240071e-28      142658.32 
117650000      873  1.4288193e-28      142668.69 
117660000      873  1.3002479e-28      142679.08 
117670000      873  1.4056033e-28      142689.46 
117680000      873   1.496489e-28      142699.82 
117690000      873   1.339161e-28      142710.21 
117700000      873  1.6815385e-28      142720.55 
117710000      873  1.2858122e-28      142730.95 
117720000      873  1.7158009e-28      142741.84 
117730000      873   1.136733e-28      142752.77 
117740000      873  1.5844931e-28      142763.18 
117750000      873  9.8358599e-29      142773.58 
117760000      873  1.3285073e-28      142783.94 
117770000      873  6.9582377e-29      142794.35 
117780000      873  1.0252685e-28      142804.76 
117790000      873  6.1236558e-29      142816.28 
117800000      873  7.3239168e-29      142826.75 
117810000      873  5.9693051e-29      142837.07 
117820000      873  5.4007333e-29      142847.44 
117830000      873  6.8738415e-29      142857.77 
117840000      873  4.1570567e-29       142868.6 
117850000      873  8.2980353e-29      142879.93 
117860000      873  4.9620869e-29      142890.31 
117870000      873  1.0367633e-28      142900.62 
117880000      873  5.9261742e-29      142910.99 
117890000      873  1.2348742e-28      142921.34 
117900000      873  8.2522313e-29      142931.72 
117910000      873   1.423095e-28      142942.11 
117920000      873  1.0160299e-28      142952.45 
117930000      873  1.5138719e-28      142962.79 
117940000      873   1.297563e-28      142973.13 
117950000      873  1.5298011e-28      142983.49 
117960000      873  1.5118759e-28       142994.3 
117970000      873  1.4436667e-28      143005.71 
117980000      873  1.5530113e-28      143016.03 
117990000      873  1.2570996e-28      143026.36 
118000000      873  1.5945231e-28      143036.78 
118010000      873  1.2227746e-28       143047.1 
118020000      873  1.6884082e-28      143057.38 
118030000      873  1.0704208e-28       143067.7 
118040000      873  1.5280039e-28      143078.02 
118050000      873  9.3206343e-29      143088.32 
118060000      873  1.2843173e-28      143098.66 
118070000      873  7.7395613e-29      143108.96 
118080000      873  9.9440582e-29      143119.31 
118090000      873  6.1966431e-29      143130.13 
118100000      873  7.2699308e-29      143140.98 
118110000      873  6.1441588e-29      143151.31 
118120000      873  4.6256657e-29      143161.66 
118130000      873  7.2295066e-29      143171.95 
118140000      873  4.0923675e-29      143182.95 
118150000      873  8.7520623e-29      143193.22 
118160000      873  4.8809467e-29      143203.55 
118170000      873  1.0843872e-28      143213.86 
118180000      873  6.8385405e-29      143224.14 
118190000      873   1.191387e-28      143234.44 
118200000      873  5.8621335e-29      143244.82 
118210000      873  1.0348346e-28      143255.32 
118220000      873  7.3473858e-29      143266.41 
118230000      873  1.1894342e-28      143276.77 
118240000      873   1.096237e-28      143287.07 
118250000      873  1.2874099e-28       143297.4 
118260000      873  1.4057616e-28      143307.69 
118270000      873  1.3378397e-28         143318 
118280000      873  1.6420296e-28      143328.32 
118290000      873  1.3018816e-28      143338.62 
118300000      873  1.7429083e-28      143348.92 
118310000      873  1.2863832e-28      143359.86 
118320000      873  1.7066143e-28      143370.14 
118330000      873  1.0970819e-28      143380.39 
118340000      873  1.5843201e-28      143390.68 
118350000      873  9.9863253e-29      143400.98 
118360000      873  1.3534746e-28      143412.22 
118370000      873  7.9957717e-29      143422.57 
118380000      873   1.066524e-28      143432.84 
118390000      873  6.8883094e-29      143443.15 
118400000      873   7.105756e-29      143453.59 
118410000      873  6.4677623e-29       143463.9 
118420000      873  4.9895214e-29      143474.21 
118430000      873   7.449076e-29      143484.51 
118440000      873  3.9446312e-29      143494.83 
118450000      873  8.0532981e-29      143505.11 
118460000      873  4.2197626e-29      143515.44 
118470000      873  1.0172226e-28      143525.74 
118480000      873   5.745211e-29      143537.39 
118490000      873  1.2164801e-28      143547.89 
118500000      873   8.298943e-29       143558.2 
118510000      873  1.3978077e-28      143568.49 
118520000      873  1.1148231e-28      143578.83 
118530000      873  1.4990896e-28      143589.16 
118540000      873  1.3357852e-28      143599.48 
118550000      873  1.5291812e-28      143609.82 
118560000      873  1.5181922e-28      143620.15 
118570000      873  1.3826279e-28      143630.52 
118580000      873  1.5986631e-28      143640.87 
118590000      873  1.3591711e-28      143651.22 
118600000      873  1.6102692e-28      143661.66 
118610000      873  1.1248025e-28      143673.01 
118620000      873   1.552579e-28      143683.39 
118630000      873  9.0583522e-29      143693.75 
118640000      873  1.3841785e-28      143704.08 
118650000      873  9.3968287e-29      143715.12 
118660000      873  1.4260751e-28      143725.48 
118670000      873  8.6224885e-29      143735.78 
118680000      873  1.1300823e-28      143746.13 
118690000      873  7.0011951e-29      143756.49 
118700000      873  8.2723092e-29      143766.89 
118710000      873  8.2439772e-29      143777.26 
118720000      873  8.3851055e-29      143787.65 
118730000      873   1.002165e-28      143798.03 
118740000      873  6.4994439e-29      143809.46 
118750000      873  1.0077264e-28       143819.9 
118760000      873  6.9195958e-29      143830.29 
118770000      873  1.2667594e-28      143840.66 
118780000      873  7.6416904e-29      143851.06 
118790000      873  1.3669153e-28      143861.46 
118800000      873   7.789392e-29      143871.94 
118810000      873  1.1245658e-28      143882.36 
118820000      873  5.9902728e-29      143892.72 
118830000      873  8.4908974e-29       143903.8 
118840000      873  5.5982456e-29      143914.17 
118850000      873  5.7376175e-29      143924.56 
118860000      873  6.3144152e-29      143935.94 
118870000      873  4.6054211e-29      143946.43 
118880000      873  7.9713722e-29      143956.84 
118890000      873  4.9394731e-29      143967.26 
118900000      873  1.0424771e-28      143977.67 
118910000      873  6.1128112e-29      143988.08 
118920000      873  1.2522333e-28       143998.5 
118930000      873  8.3543149e-29      144008.87 
118940000      873  1.4595586e-28      144019.27 
118950000      873  1.0859308e-28      144029.63 
118960000      873  1.6310485e-28      144040.02 
118970000      873  1.2623888e-28      144050.38 
118980000      873   1.659714e-28      144061.79 
118990000      873  1.3312414e-28      144072.18 
119000000      873  1.6226054e-28      144083.38 
119010000      873  1.4087469e-28      144093.74 
119020000      873  1.5282082e-28      144104.13 
119030000      873     1.3687e-28      144114.54 
119040000      873  1.3896453e-28      144124.93 
119050000      873  1.2809008e-28      144135.34 
119060000      873  1.2022528e-28       144145.7 
119070000      873  1.1566783e-28      144156.08 
119080000      873  9.7263322e-29      144166.44 
119090000      873  9.8145728e-29      144176.83 
119100000      873  7.2042571e-29      144188.17 
119110000      873  8.6268274e-29      144198.58 
119120000      873  4.9160945e-29       144208.9 
119130000      873  7.9505385e-29      144219.25 
119140000      873  3.5235668e-29      144229.59 
119150000      873  8.5739495e-29      144239.94 
119160000      873   3.771169e-29      144250.27 
119170000      873  9.9356884e-29      144261.29 
119180000      873   5.618594e-29      144271.65 
119190000      873  1.1988202e-28      144281.97 
119200000      873  7.9009054e-29      144292.46 
119210000      873   1.407752e-28      144302.82 
119220000      873  1.0498289e-28      144314.17 
119230000      873  1.5413691e-28      144324.56 
119240000      873  1.2422011e-28       144334.9 
119250000      873  1.5833948e-28      144345.21 
119260000      873  1.3507468e-28      144355.57 
119270000      873  1.5935718e-28      144365.92 
119280000      873  1.5147007e-28      144376.23 
119290000      873  1.3908416e-28      144386.56 
119300000      873  1.4399543e-28      144396.85 
119310000      873   1.096621e-28      144407.21 
119320000      873  1.3233072e-28       144417.5 
119330000      873  7.5999274e-29      144427.81 
119340000      873  1.1911464e-28      144439.65 
119350000      873  5.2920641e-29      144450.11 
119360000      873  9.1097315e-29      144460.42 
119370000      873  3.6940031e-29      144470.78 
119380000      873  8.4370834e-29      144481.13 
119390000      873  4.1422188e-29      144491.45 
119400000      873  6.8935294e-29      144501.88 
119410000      873  5.7470736e-29      144512.22 
119420000      873   6.593042e-29       144522.5 
119430000      873  7.7982785e-29      144532.83 
119440000      873  7.1255652e-29      144543.14 
119450000      873  1.0815998e-28      144553.44 
119460000      873  6.3091026e-29      144564.17 
119470000      873   1.075659e-28      144575.03 
119480000      873  6.7245776e-29      144585.31 
119490000      873  1.3307363e-28      144595.62 
119500000      873  9.4475689e-29       144605.9 
119510000      873  1.4985681e-28      144616.89 
119520000      873  1.0549189e-28       144627.2 
119530000      873   1.536428e-28      144637.48 
119540000      873  1.2538979e-28      144647.81 
119550000      873  1.5863029e-28      144658.11 
119560000      873  1.4642794e-28      144668.42 
119570000      873  1.4062177e-28      144678.72 
119580000      873  1.5725464e-28      144689.03 
119590000      873  1.3610189e-28      144700.28 
119600000      873  1.6840899e-28      144710.76 
119610000      873   1.157704e-28      144721.04 
119620000      873  1.6064602e-28      144731.33 
119630000      873  9.9028511e-29       144741.6 
119640000      873  1.4566126e-28      144751.87 
119650000      873  8.3775876e-29      144762.14 
119660000      873  1.2419797e-28      144772.41 
119670000      873  6.3683306e-29      144782.72 
119680000      873  8.7679565e-29      144792.99 
119690000      873  5.4369873e-29      144803.99 
119700000      873  6.7038312e-29      144814.27 
119710000      873  6.0676644e-29      144825.59 
119720000      873  4.7595916e-29      144835.94 
119730000      873  7.3612386e-29      144846.27 
119740000      873  4.7615211e-29      144856.56 
119750000      873  9.8833888e-29      144866.88 
119760000      873  6.2240182e-29      144877.17 
119770000      873  1.2897674e-28       144887.5 
119780000      873  8.5853931e-29      144897.81 
119790000      873  1.4973501e-28      144908.09 
119800000      873  1.1348158e-28      144918.53 
119810000      873  1.5963425e-28       144928.8 
119820000      873  1.3268925e-28       144939.1 
119830000      873  1.5479639e-28      144950.39 
119840000      873  1.4355519e-28       144960.8 
119850000      873  1.4406434e-28      144971.11 
119860000      873  1.6012435e-28      144982.14 
119870000      873  1.2999325e-28      144992.46 
119880000      873  1.5997931e-28      145002.85 
119890000      873   1.045658e-28      145013.22 
119900000      873  1.6188907e-28      145023.56 
119910000      873  9.8797333e-29       145033.9 
119920000      873  1.4539791e-28      145044.23 
119930000      873  8.3180934e-29       145054.6 
119940000      873  1.1294529e-28      145064.91 
119950000      873  7.1815888e-29      145076.24 
119960000      873  8.4038948e-29      145086.62 
119970000      873   6.595665e-29      145096.99 
119980000      873   6.502081e-29      145107.31 
119990000      873  7.2069259e-29      145117.66 
120000000      873  3.7168218e-29      145128.12 
120010000      873  7.8288785e-29      145138.52 
120020000      873  3.2859362e-29      145148.93 
120030000      873  8.9957007e-29      145160.01 
120040000      873  4.0349848e-29      145170.42 
120050000      873  9.7897704e-29      145180.79 
120060000      873  5.8672138e-29      145191.21 
120070000      873  1.1407429e-28      145202.58 
120080000      873  9.2280503e-29      145213.02 
120090000      873  1.2360296e-28      145223.39 
120100000      873   1.281667e-28       145233.8 
120110000      873  1.3349806e-28      145244.15 
120120000      873  1.5159536e-28      145254.55 
120130000      873  1.3186697e-28      145264.93 
120140000      873  1.6416416e-28      145275.33 
120150000      873  1.2447602e-28      145285.73 
120160000      873  1.7736672e-28      145296.09 
120170000      873   1.177651e-28      145306.51 
120180000      873  1.7091193e-28      145316.91 
120190000      873  1.1275248e-28      145328.06 
120200000      873  1.4798449e-28      145339.55 
120210000      873  1.0275622e-28         145350 
120220000      873  1.1600377e-28      145360.38 
120230000      873  8.7826793e-29      145370.81 
120240000      873  7.3586407e-29       145381.2 
120250000      873  7.9456177e-29      145391.59 
120260000      873  4.9304156e-29      145401.95 
120270000      873  7.6549645e-29      145412.34 
120280000      873   3.535934e-29      145422.73 
120290000      873  8.3522569e-29      145433.09 
120300000      873  3.7814932e-29      145443.48 
120310000      873   9.846771e-29      145454.34 
120320000      873  5.2004343e-29      145465.25 
120330000      873  1.1578501e-28      145475.63 
120340000      873  8.2089302e-29      145486.03 
120350000      873  1.2891597e-28      145496.42 
120360000      873   1.080963e-28      145506.84 
120370000      873    1.29829e-28      145517.91 
120380000      873  1.4324796e-28       145528.3 
120390000      873  1.3639619e-28      145538.69 
120400000      873  1.6760579e-28      145549.19 
120410000      873  1.3217208e-28      145559.54 
120420000      873  1.7424898e-28       145569.9 
120430000      873  1.2191452e-28      145580.72 
120440000      873  1.6471309e-28      145591.57 
120450000      873  1.0304401e-28      145601.93 
120460000      873  1.4062593e-28      145612.29 
120470000      873  8.5223965e-29      145622.62 
120480000      873  1.1680685e-28      145632.94 
120490000      873  7.2160006e-29      145643.26 
120500000      873  8.9653292e-29      145653.63 
120510000      873  6.5856661e-29      145663.99 
120520000      873   5.982412e-29      145674.33 
120530000      873  6.6700909e-29       145684.7 
120540000      873  4.4879573e-29      145695.71 
120550000      873  7.8910928e-29      145706.75 
120560000      873  3.5521049e-29      145717.39 
120570000      873  8.8601291e-29      145727.76 
120580000      873  4.6965314e-29      145738.08 
120590000      873  1.0960636e-28      145748.41 
120600000      873  6.9747922e-29      145758.81 
120610000      873  1.3214751e-28      145769.13 
120620000      873   1.030062e-28      145779.41 
120630000      873  1.4338396e-28      145789.73 
120640000      873  1.3051714e-28      145800.05 
120650000      873  1.4634507e-28      145810.32 
120660000      873  1.4681086e-28      145820.65 
120670000      873  1.4364496e-28      145830.95 
120680000      873  1.6514627e-28      145842.28 
120690000      873  1.2995702e-28      145852.64 
120700000      873  1.6515048e-28      145862.99 
120710000      873  1.1309774e-28      145873.28 
120720000      873  1.5547638e-28       145884.3 
120730000      873  8.7550533e-29       145894.6 
120740000      873  1.3300223e-28      145904.92 
120750000      873  8.5143868e-29      145915.21 
120760000      873  1.2943701e-28      145925.53 
120770000      873  8.4093517e-29      145935.84 
120780000      873  1.0352562e-28      145946.11 
120790000      873  7.7535664e-29      145956.39 
120800000      873   6.506383e-29      145967.77 
120810000      873  7.1718833e-29      145978.13 
120820000      873  4.9681151e-29       145988.4 
120830000      873  7.2227895e-29      145998.72 
120840000      873  3.6200009e-29         146009 
120850000      873  8.0346493e-29      146019.33 
120860000      873  3.9462326e-29      146029.63 
120870000      873  9.9658216e-29      146039.96 
120880000      873  5.2522989e-29      146050.28 
120890000      873  1.1178782e-28      146061.25 
120900000      873  7.0886009e-29      146071.57 
120910000      873  1.3223194e-28      146081.84 
120920000      873   9.836448e-29      146092.14 
120930000      873   1.469647e-28      146103.43 
120940000      873  1.2890602e-28      146113.76 
120950000      873  1.5283848e-28      146124.03 
120960000      873  1.4596683e-28       146134.3 
120970000      873  1.4429431e-28      146144.55 
120980000      873  1.5806936e-28      146154.86 
120990000      873  1.3299805e-28      146165.15 
121000000      873  1.6644999e-28      146175.57 
121010000      873  1.1548197e-28      146185.89 
121020000      873   1.560228e-28      146196.19 
121030000      873  9.9905594e-29      146206.83 
121040000      873  1.4465651e-28      146217.11 
121050000      873  8.1152946e-29      146227.96 
121060000      873  1.1562692e-28      146239.47 
121070000      873  6.4418365e-29      146249.82 
121080000      873  8.9589505e-29      146260.11 
121090000      873  5.2475097e-29      146270.43 
121100000      873  6.7584357e-29      146280.73 
121110000      873  5.6309417e-29      146291.05 
121120000      873   5.309577e-29      146301.33 
121130000      873  6.9744398e-29      146311.65 
121140000      873  5.4089089e-29      146321.96 
121150000      873  9.6065892e-29      146332.28 
121160000      873   6.124725e-29      146342.65 
121170000      873  1.2669005e-28      146352.96 
121180000      873  8.2562598e-29      146364.31 
121190000      873  1.5195334e-28      146374.69 
121200000      873  8.3266981e-29      146385.15 
121210000      873  1.3234832e-28       146395.5 
121220000      873  1.0337309e-28      146405.87 
121230000      873  1.4369536e-28      146417.43 
121240000      873  1.2974534e-28       146427.8 
121250000      873  1.4737474e-28      146438.13 
121260000      873  1.5204618e-28      146448.49 
121270000      873  1.4270467e-28      146458.85 
121280000      873  1.6696129e-28      146469.18 
121290000      873  1.2510367e-28      146479.55 
121300000      873   1.681031e-28      146490.38 
121310000      873  1.1089813e-28      146501.74 
121320000      873  1.5661911e-28      146512.15 
121330000      873  9.2657495e-29      146522.58 
121340000      873  1.3437048e-28      146532.95 
121350000      873  8.4034933e-29      146543.38 
121360000      873  9.9943008e-29      146553.75 
121370000      873   7.240749e-29      146564.16 
121380000      873  6.8379474e-29      146574.57 
121390000      873  7.6192848e-29      146584.96 
121400000      873  4.3071456e-29      146596.19 
121410000      873  7.6387498e-29      146606.56 
121420000      873  3.2816603e-29      146616.95 
121430000      873  8.8314385e-29      146627.36 
121440000      873  3.4932854e-29      146638.73 
121450000      873  9.3807338e-29      146649.16 
121460000      873  4.7383416e-29      146659.53 
121470000      873  1.0524596e-28      146669.93 
121480000      873  7.4115882e-29      146680.32 
121490000      873  1.0957311e-28      146690.74 
121500000      873  1.0640769e-28      146701.18 
121510000      873  1.2762878e-28      146711.57 
121520000      873  1.3588611e-28      146722.01 
121530000      873  1.2913778e-28       146732.4 
121540000      873  1.5522228e-28       146742.8 
121550000      873  1.2155039e-28      146753.18 
121560000      873  1.7393412e-28       146763.6 
121570000      873  1.2252148e-28      146775.42 
121580000      873  1.7932516e-28      146786.04 
121590000      873  1.1951543e-28      146796.39 
121600000      873  1.6019226e-28      146806.92 
121610000      873  1.0775565e-28      146817.29 
121620000      873  1.3535781e-28      146827.67 
121630000      873  1.0388079e-28      146838.06 
121640000      873  1.0736485e-28      146848.43 
121650000      873   9.668766e-29      146858.82 
121660000      873  7.3302148e-29       146869.2 
121670000      873  8.8226096e-29      146879.62 
121680000      873  4.4546064e-29      146889.99 
121690000      873  8.2222559e-29      146901.38 
121700000      873  3.4571905e-29      146911.79 
121710000      873   9.543158e-29      146922.15 
121720000      873  4.2973577e-29       146932.5 
121730000      873  8.8095552e-29      146942.88 
121740000      873  4.2424853e-29      146953.21 
121750000      873  7.3932163e-29      146964.23 
121760000      873  4.7198006e-29      146974.57 
121770000      873  6.0469267e-29      146984.88 
121780000      873  6.0642409e-29      146995.24 
121790000      873  5.6812478e-29      147005.56 
121800000      873  8.6062062e-29      147016.02 
121810000      873  6.0783473e-29      147027.27 
121820000      873  1.1149454e-28      147037.72 
121830000      873  8.0272857e-29      147048.08 
121840000      873  1.4450372e-28      147058.46 
121850000      873  9.3902473e-29      147068.78 
121860000      873  1.5026886e-28      147079.15 
121870000      873   9.578329e-29      147089.47 
121880000      873  1.3328739e-28      147099.79 
121890000      873  1.0948632e-28      147110.14 
121900000      873  1.4246746e-28      147120.45 
121910000      873  1.4322032e-28      147130.78 
121920000      873  1.4849473e-28      147141.75 
121930000      873  1.6250231e-28      147152.56 
121940000      873  1.3224891e-28      147163.34 
121950000      873  1.6445216e-28      147173.68 
121960000      873  1.2347746e-28      147183.98 
121970000      873  1.6877466e-28      147194.29 
121980000      873  1.0903289e-28      147204.59 
121990000      873  1.5034514e-28      147214.93 
122000000      873  8.4145532e-29      147225.37 
122010000      873  1.2112992e-28      147235.67 
122020000      873  7.3190241e-29      147246.02 
122030000      873   1.012998e-28      147256.32 
122040000      873  6.9398243e-29      147266.65 
122050000      873  6.9946254e-29      147276.93 
122060000      873  6.7638566e-29      147288.25 
122070000      873  4.7005725e-29      147298.58 
122080000      873  7.3971556e-29      147308.89 
122090000      873  3.4473732e-29      147319.84 
122100000      873  8.4596947e-29      147330.13 
122110000      873  4.5410368e-29      147340.38 
122120000      873  1.1229742e-28      147350.69 
122130000      873  6.7967895e-29      147361.01 
122140000      873  1.2175568e-28      147371.29 
122150000      873  8.5138845e-29       147381.6 
122160000      873  1.3122941e-28      147391.88 
122170000      873  1.1693329e-28      147402.22 
122180000      873  1.3703063e-28       147413.5 
122190000      873  1.4461031e-28      147423.88 
122200000      873  1.3632714e-28      147434.27 
122210000      873  1.6418297e-28      147444.59 
122220000      873  1.2791082e-28      147454.87 
122230000      873  1.6883613e-28      147465.16 
122240000      873  1.1930115e-28      147475.42 
122250000      873  1.7114007e-28      147485.73 
122260000      873  1.1310707e-28      147496.73 
122270000      873   1.550964e-28      147506.98 
122280000      873  1.0364769e-28      147517.25 
122290000      873  1.3476238e-28      147527.53 
122300000      873  1.0711753e-28      147537.84 
122310000      873  1.0581403e-28      147549.11 
122320000      873  9.4001361e-29      147559.48 
122330000      873  6.4858291e-29      147569.76 
122340000      873  8.7624154e-29      147580.07 
122350000      873  4.5553103e-29      147590.37 
122360000      873  9.2851084e-29       147600.7 
122370000      873  4.6841453e-29      147611.01 
122380000      873   9.732791e-29      147621.32 
122390000      873  3.7732312e-29      147631.64 
122400000      873  8.4776303e-29      147642.01 
122410000      873  3.7443986e-29      147652.33 
122420000      873  7.2583658e-29      147662.62 
122430000      873  4.9540611e-29      147672.93 
122440000      873  6.6793696e-29      147684.89 
122450000      873  6.9608231e-29      147695.25 
122460000      873  6.1683275e-29      147705.59 
122470000      873  9.0068229e-29       147715.9 
122480000      873  5.2169227e-29      147726.27 
122490000      873  8.6785647e-29      147736.64 
122500000      873  4.7716179e-29      147746.97 
122510000      873   1.084292e-28      147757.32 
122520000      873  6.9093007e-29      147767.66 
122530000      873  1.3328949e-28      147778.03 
122540000      873  9.3452095e-29      147788.36 
122550000      873  1.4465738e-28      147798.72 
122560000      873  1.2408091e-28      147809.04 
122570000      873  1.4844358e-28      147819.39 
122580000      873  1.5072594e-28      147830.73 
122590000      873  1.4807802e-28      147841.13 
122600000      873  1.5879716e-28      147851.55 
122610000      873  1.2986831e-28      147862.66 
122620000      873  1.6492376e-28      147873.05 
122630000      873  1.1517713e-28       147883.4 
122640000      873  1.6269106e-28       147893.8 
122650000      873  1.0299835e-28      147904.18 
122660000      873  1.5329078e-28      147914.59 
122670000      873  9.2442969e-29      147924.97 
122680000      873  1.2443423e-28      147935.37 
122690000      873  7.5412171e-29      147945.95 
122700000      873  8.9115531e-29      147957.13 
122710000      873  6.5387794e-29      147967.56 
122720000      873  6.0231753e-29      147977.96 
122730000      873  6.8540403e-29      147988.31 
122740000      873  4.2024326e-29      147998.72 
122750000      873  7.6888151e-29      148009.14 
122760000      873  3.8900264e-29      148019.51 
122770000      873  1.0041968e-28       148029.9 
122780000      873  5.5729438e-29      148040.96 
122790000      873  1.1976792e-28      148051.38 
122800000      873  8.1002353e-29      148061.88 
122810000      873  1.3932206e-28      148072.31 
122820000      873  1.1923031e-28      148083.69 
122830000      873  1.4911857e-28      148094.16 
122840000      873  1.5419935e-28      148104.56 
122850000      873  1.3983278e-28      148114.96 
122860000      873  1.6350484e-28      148125.32 
122870000      873  1.2629543e-28      148135.74 
122880000      873  1.6868948e-28      148146.15 
122890000      873  1.1263925e-28       148156.5 
122900000      873  1.6124517e-28      148166.88 
122910000      873  1.0054254e-28      148177.23 
122920000      873  1.4395411e-28      148187.63 
122930000      873  9.2458831e-29      148197.99 
122940000      873   1.053534e-28       148208.4 
122950000      873  7.7891713e-29      148220.37 
122960000      873  7.0695149e-29      148230.83 
122970000      873  7.7898872e-29       148241.2 
122980000      873  5.0152737e-29      148251.61 
122990000      873  9.3784997e-29      148262.02 
123000000      873  4.5906243e-29       148272.5 
123010000      873  9.4768321e-29       148282.9 
123020000      873  3.4041663e-29      148293.24 
123030000      873  8.2789797e-29      148303.59 
123040000      873  3.4288636e-29      148313.93 
123050000      873  7.8244151e-29      148324.31 
123060000      873  4.8683218e-29      148334.62 
123070000      873  7.0356685e-29      148345.96 
123080000      873  7.0874798e-29      148356.31 
123090000      873  7.5202159e-29      148366.67 
123100000      873    1.10023e-28      148376.99 
123110000      873  7.6409119e-29      148387.35 
123120000      873  1.3285841e-28       148398.4 
123130000      873  9.7434105e-29      148408.74 
123140000      873  1.6064078e-28      148419.11 
123150000      873   1.113257e-28      148429.46 
123160000      873  1.7319573e-28      148439.81 
123170000      873  1.1947555e-28      148450.13 
123180000      873  1.7145945e-28      148460.49 
123190000      873  1.3380483e-28       148470.8 
123200000      873  1.5621576e-28      148482.22 
123210000      873  1.4127124e-28      148492.58 
123220000      873  1.3969277e-28      148502.92 
123230000      873   1.450397e-28      148513.22 
123240000      873  1.1724575e-28      148523.55 
123250000      873  1.4876514e-28      148533.86 
123260000      873  9.8957423e-29      148544.14 
123270000      873  1.3605034e-28      148554.47 
123280000      873  7.1371232e-29      148564.78 
123290000      873  1.1034423e-28      148575.81 
123300000      873  4.6231508e-29      148586.12 
123310000      873  8.6974743e-29      148596.45 
123320000      873  4.4637975e-29      148606.79 
123330000      873  7.3658325e-29      148617.12 
123340000      873  5.0960398e-29      148628.42 
123350000      873  5.5709429e-29      148638.81 
123360000      873  7.1904181e-29      148649.11 
123370000      873  6.1647984e-29      148659.41 
123380000      873  1.0400129e-28      148669.73 
123390000      873  7.0375857e-29      148680.02 
123400000      873  1.3432978e-28      148690.44 
123410000      873  9.4074654e-29      148700.71 
123420000      873  1.5624076e-28      148711.01 
123430000      873  1.1600599e-28      148721.27 
123440000      873  1.6821733e-28      148731.59 
123450000      873  1.3272592e-28      148741.89 
123460000      873  1.6009434e-28      148752.59 
123470000      873  1.4492678e-28      148764.16 
123480000      873  1.4038103e-28      148774.55 
123490000      873  1.4161081e-28      148784.83 
123500000      873  1.1524526e-28      148795.16 
123510000      873  1.3950387e-28      148805.46 
123520000      873  8.6880635e-29      148815.76 
123530000      873  1.2196227e-28      148826.04 
123540000      873  5.8694835e-29      148836.34 
123550000      873  9.7680478e-29       148846.6 
123560000      873   3.855106e-29      148856.89 
123570000      873  8.6475276e-29      148867.15 
123580000      873  4.3522851e-29      148877.79 
123590000      873  6.5104563e-29      148890.16 
123600000      873  5.1878534e-29      148900.94 
123610000      873  6.1423721e-29      148911.25 
123620000      873  6.6820889e-29      148921.55 
123630000      873  4.8357758e-29      148931.86 
123640000      873   9.093526e-29      148942.87 
123650000      873  5.9458961e-29      148953.19 
123660000      873  1.1093358e-28      148963.47 
123670000      873  6.6686087e-29       148973.8 
123680000      873  1.3010292e-28       148984.1 
123690000      873  8.3786337e-29      148994.42 
123700000      873  1.4349352e-28      149004.71 
123710000      873  1.0495644e-28         149016 
123720000      873  1.4831756e-28      149026.35 
123730000      873  1.3147193e-28      149036.65 
123740000      873  1.4945274e-28      149046.96 
123750000      873  1.4619641e-28      149057.26 
123760000      873    1.44882e-28      149067.59 
123770000      873  1.6376465e-28      149077.89 
123780000      873  1.3273343e-28      149088.24 
123790000      873  1.6039654e-28      149098.57 
123800000      873  1.0883748e-28      149109.05 
123810000      873  1.5572158e-28      149120.06 
123820000      873  9.4374198e-29      149130.42 
123830000      873  1.3735784e-28      149141.73 
123840000      873  7.1723461e-29      149152.15 
123850000      873  1.1095116e-28       149162.5 
123860000      873  5.9638776e-29      149172.85 
123870000      873  8.2046154e-29      149183.21 
123880000      873  5.1711207e-29      149193.54 
123890000      873  6.5004634e-29      149203.91 
123900000      873  5.9686358e-29      149214.24 
123910000      873    4.88003e-29      149224.62 
123920000      873  7.3478403e-29      149234.96 
123930000      873  3.5925054e-29      149245.35 
123940000      873  8.2465763e-29      149255.72 
123950000      873   3.071368e-29      149266.63 
123960000      873  8.7882388e-29      149277.51 
123970000      873  4.3229523e-29      149287.97 
123980000      873   1.088282e-28      149299.09 
123990000      873  6.1725434e-29      149309.47 
124000000      873  1.1453973e-28      149319.98 
124010000      873  8.9032816e-29      149330.37 
124020000      873  1.2852575e-28      149340.79 
124030000      873  1.1896122e-28      149351.15 
124040000      873  1.3522248e-28      149361.55 
124050000      873  1.4506069e-28      149371.92 
124060000      873  1.3742624e-28      149382.31 
124070000      873   1.648016e-28      149393.35 
124080000      873  1.3013014e-28      149404.12 
124090000      873  1.6996387e-28      149414.51 
124100000      873  1.1951516e-28      149424.95 
124110000      873  1.6699304e-28      149435.38 
124120000      873  1.0842583e-28      149445.77 
124130000      873  1.5659601e-28      149456.21 
124140000      873  8.5767126e-29      149466.63 
124150000      873  1.2096882e-28      149477.74 
124160000      873  6.4947682e-29      149488.12 
124170000      873   9.586939e-29      149498.51 
124180000      873  6.1867418e-29      149508.89 
124190000      873  6.8113371e-29      149519.78 
124200000      873  5.8015757e-29      149530.76 
124210000      873  5.1539934e-29      149541.18 
124220000      873  7.1534846e-29      149551.53 
124230000      873  4.2938527e-29      149561.92 
124240000      873  8.9837931e-29      149572.32 
124250000      873  5.7296682e-29       149582.7 
124260000      873  1.2114618e-28       149593.1 
124270000      873  7.9585444e-29      149603.49 
124280000      873  1.4034986e-28      149613.91 
124290000      873  9.8259005e-29      149624.29 
124300000      873  1.5583144e-28      149634.71 
124310000      873  1.3308993e-28      149645.48 
124320000      873  1.5564669e-28      149657.17 
124330000      873  1.4918534e-28      149667.54 
124340000      873  1.4527368e-28       149677.9 
124350000      873  1.5705208e-28      149688.24 
124360000      873   1.237794e-28      149698.61 
124370000      873  1.5602112e-28      149708.96 
124380000      873  1.0074245e-28      149719.29 
124390000      873  1.3548876e-28      149729.62 
124400000      873  6.8239295e-29      149740.04 
124410000      873  1.0956597e-28      149750.41 
124420000      873  5.1255303e-29      149760.74 
124430000      873  8.6590436e-29      149771.59 
124440000      873  4.9257574e-29      149782.45 
124450000      873  6.7624521e-29      149792.85 
124460000      873  5.5162078e-29      149803.21 
124470000      873  4.8625799e-29      149813.58 
124480000      873  7.3279385e-29      149823.95 
124490000      873  4.7944783e-29      149834.95 
124500000      873  9.9391224e-29      149845.31 
124510000      873  5.6566643e-29      149855.65 
124520000      873  1.1826352e-28      149865.94 
124530000      873  5.7697496e-29      149876.27 
124540000      873  1.0002224e-28      149886.58 
124550000      873  6.0375963e-29       149896.9 
124560000      873   1.138069e-28      149907.17 
124570000      873  9.5426746e-29      149918.46 
124580000      873  1.2415525e-28      149928.81 
124590000      873  1.2870412e-28      149939.14 
124600000      873  1.2256645e-28      149949.58 
124610000      873  1.5784159e-28      149959.89 
124620000      873  1.2724776e-28      149970.21 
124630000      873  1.7626906e-28      149980.51 
124640000      873  1.2472386e-28      149990.87 
124650000      873  1.6987458e-28      150001.18 
124660000      873  1.1358643e-28         150012 
124670000      873  1.6832147e-28      150023.02 
124680000      873  1.2718363e-28      150033.34 
124690000      873  1.5900687e-28      150043.61 
124700000      873  1.3631106e-28      150053.92 
124710000      873  1.5078176e-28       150064.2 
124720000      873  1.3071803e-28       150075.5 
124730000      873  1.1535106e-28      150086.35 
124740000      873  1.2768694e-28      150096.61 
124750000      873  8.4751045e-29      150106.93 
124760000      873  1.1115879e-28      150117.21 
124770000      873  5.1208975e-29      150127.55 
124780000      873  9.6158614e-29      150137.85 
124790000      873  3.4586052e-29      150148.17 
124800000      873  8.3630164e-29      150158.56 
124810000      873  3.4370592e-29       150168.9 
124820000      873  7.6427723e-29      150179.19 
124830000      873  4.9157363e-29       150189.5 
124840000      873  7.5004642e-29      150200.48 
124850000      873  7.7913216e-29      150210.78 
124860000      873  8.5950371e-29      150221.08 
124870000      873  1.1531197e-28      150232.34 
124880000      873  8.9239879e-29      150242.67 
124890000      873  1.3917679e-28      150252.93 
124900000      873    1.08932e-28      150263.24 
124910000      873  1.6287309e-28       150273.5 
124920000      873  1.1712847e-28      150283.81 
124930000      873  1.7116845e-28       150294.1 
124940000      873  1.2875694e-28      150304.44 
124950000      873  1.7025617e-28      150314.73 
124960000      873  1.3247651e-28      150325.05 
124970000      873  1.5640866e-28      150335.34 
124980000      873  1.3271456e-28      150345.66 
124990000      873  1.3263164e-28      150355.99 
125000000      873  1.3119087e-28      150366.42 
125010000      873  9.9824616e-29      150377.45 
125020000      873  1.1791222e-28       150388.7 
125030000      873  6.7855453e-29      150399.07 
125040000      873  1.0562334e-28      150409.36 
125050000      873  4.6246693e-29      150419.68 
125060000      873  9.4655762e-29      150429.95 
125070000      873  3.7000529e-29      150440.29 
125080000      873  7.9645635e-29       150450.6 
125090000      873  3.8107755e-29      150460.93 
125100000      873  7.1957445e-29      150471.28 
125110000      873  5.1783615e-29      150481.63 
125120000      873  5.7950311e-29       150493.5 
125130000      873  6.1388149e-29      150504.26 
125140000      873  4.9289348e-29      150514.62 
125150000      873  8.3853793e-29      150524.93 
125160000      873  5.9550087e-29      150535.31 
125170000      873  1.1822554e-28      150546.62 
125180000      873   6.098503e-29      150557.73 
125190000      873  1.1329412e-28      150568.04 
125200000      873  6.3111432e-29       150578.5 
125210000      873  1.2148619e-28      150588.83 
125220000      873  9.1747285e-29      150599.19 
125230000      873  1.3588395e-28      150609.54 
125240000      873  1.2990433e-28      150619.91 
125250000      873  1.3958225e-28       150630.3 
125260000      873  1.6302015e-28      150640.67 
125270000      873  1.3583382e-28      150651.08 
125280000      873  1.7030728e-28      150661.47 
125290000      873  1.2131828e-28       150671.9 
125300000      873  1.6883027e-28      150682.29 
125310000      873  1.0961737e-28      150692.68 
125320000      873  1.5576388e-28      150704.03 
125330000      873  9.4926034e-29       150714.5 
125340000      873  1.2695772e-28      150724.89 
125350000      873  8.1071817e-29      150735.97 
125360000      873  1.0119934e-28      150746.37 
125370000      873  6.6610595e-29      150756.73 
125380000      873  6.4898338e-29      150767.14 
125390000      873  7.1385345e-29      150777.52 
125400000      873  4.1045299e-29      150788.04 
125410000      873  7.4487372e-29      150798.44 
125420000      873  3.4901445e-29      150808.86 
125430000      873  9.0461337e-29      150819.25 
125440000      873  4.6144919e-29      150829.69 
125450000      873  1.0228045e-28      150840.09 
125460000      873  6.5233224e-29      150850.51 
125470000      873  1.1731109e-28      150861.91 
125480000      873  9.7079351e-29      150872.32 
125490000      873  1.2606263e-28      150882.71 
125500000      873  1.3574037e-28      150893.08 
125510000      873  1.4060525e-28      150903.49 
125520000      873  1.6336279e-28      150913.84 
125530000      873  1.2630359e-28      150924.96 
125540000      873  1.7393234e-28      150935.36 
125550000      873  1.2400262e-28      150945.71 
125560000      873  1.7173611e-28      150956.11 
125570000      873  1.1594487e-28      150966.49 
125580000      873  1.6193302e-28      150976.89 
125590000      873  1.0582955e-28      150987.92 
125600000      873  1.3456981e-28      150998.78 
125610000      873  9.1191548e-29      151009.23 
125620000      873  9.7543648e-29       151019.6 
125630000      873  8.3066675e-29      151029.98 
125640000      873  6.3854683e-29      151040.33 
125650000      873  7.8450714e-29       151050.7 
125660000      873  4.0602858e-29      151061.03 
125670000      873  8.1865797e-29      151071.38 
125680000      873  3.2389011e-29       151081.7 
125690000      873  8.9830089e-29      151092.04 
125700000      873  4.2679422e-29      151103.06 
125710000      873    1.03032e-28       151113.4 
125720000      873  6.0519558e-29      151124.73 
125730000      873  1.0441627e-28      151135.12 
125740000      873  8.1091289e-29       151145.5 
125750000      873  1.1030942e-28      151155.82 
125760000      873  1.1551233e-28      151166.19 
125770000      873  9.4007035e-29      151176.52 
125780000      873  1.2047912e-28       151186.9 
125790000      873  1.0083427e-28      151197.23 
125800000      873    1.55386e-28      151207.67 
125810000      873  1.1469488e-28      151217.98 
125820000      873  1.7508852e-28      151228.33 
125830000      873  1.2402924e-28      151238.62 
125840000      873  1.7930419e-28      151248.95 
125850000      873  1.2747266e-28      151260.27 
125860000      873  1.6050675e-28      151270.61 
125870000      873  1.2843466e-28      151281.64 
125880000      873  1.3477702e-28      151291.93 
125890000      873  1.2908894e-28      151302.23 
125900000      873  1.0698946e-28      151312.53 
125910000      873  1.3297669e-28      151322.87 
125920000      873  7.7718549e-29      151333.17 
125930000      873  1.1801026e-28      151343.51 
125940000      873  5.3599249e-29      151353.81 
125950000      873  1.0015593e-28      151364.14 
125960000      873   3.762221e-29      151374.46 
125970000      873  8.2032011e-29      151385.52 
125980000      873  3.8212539e-29      151396.14 
125990000      873  6.7970285e-29      151406.46 
126000000      873  5.5647809e-29      151416.87 
126010000      873  5.6794819e-29      151427.15 
126020000      873  7.4701437e-29      151437.44 
126030000      873  5.7942725e-29      151447.72 
126040000      873  1.1256911e-28      151458.72 
126050000      873  7.9016596e-29      151468.99 
126060000      873  1.3722684e-28      151479.29 
126070000      873  9.7655012e-29      151489.58 
126080000      873  1.5861108e-28       151499.9 
126090000      873  1.1147667e-28      151510.66 
126100000      873  1.6355734e-28      151521.52 
126110000      873  1.3507068e-28      151531.85 
126120000      873  1.6442687e-28      151542.13 
126130000      873  1.4271831e-28      151552.45 
126140000      873  1.4179938e-28      151562.74 
126150000      873  1.4213125e-28      151573.04 
126160000      873  1.1289979e-28      151583.32 
126170000      873   1.378713e-28      151593.61 
126180000      873  8.0333544e-29      151603.88 
126190000      873  1.2041047e-28      151614.16 
126200000      873  5.7174518e-29      151624.54 
126210000      873  1.0064557e-28      151634.83 
126220000      873  3.9586142e-29      151646.82 
126230000      873  8.6838134e-29      151657.12 
126240000      873  4.4445687e-29      151667.44 
126250000      873  6.8463137e-29      151677.74 
126260000      873  5.0105404e-29      151688.06 
126270000      873  6.1064109e-29      151698.34 
126280000      873  7.5001833e-29      151708.66 
126290000      873  5.8740392e-29      151718.93 
126300000      873  1.0227715e-28      151729.26 
126310000      873  5.2983302e-29      151739.56 
126320000      873  1.1110938e-28      151749.87 
126330000      873  7.0299142e-29      151760.16 
126340000      873   1.334137e-28      151770.95 
126350000      873  9.2506727e-29      151781.78 
126360000      873  1.4788119e-28       151792.1 
126370000      873  1.1812996e-28      151802.42 
126380000      873  1.5205536e-28      151812.72 
126390000      873  1.4487566e-28      151823.77 
126400000      873  1.4963578e-28       151834.2 
126410000      873  1.6319404e-28      151844.53 
126420000      873  1.2740452e-28      151854.86 
126430000      873  1.6829393e-28      151865.24 
126440000      873  1.1452473e-28      151875.56 
126450000      873  1.5916915e-28      151885.93 
126460000      873  1.1365457e-28      151896.24 
126470000      873  1.6147169e-28      151907.59 
126480000      873  1.0686328e-28      151918.01 
126490000      873  1.4303296e-28      151928.33 
126500000      873  9.9082028e-29      151938.68 
126510000      873   1.128603e-28      151949.01 
126520000      873  1.1085864e-28      151959.35 
126530000      873  9.5515032e-29      151969.68 
126540000      873  1.0682837e-28      151980.06 
126550000      873  6.9938741e-29      151990.41 
126560000      873   9.374607e-29      152001.51 
126570000      873  3.8810881e-29      152011.91 
126580000      873  8.3545715e-29      152022.31 
126590000      873  3.0030243e-29       152033.2 
126600000      873  8.8102244e-29      152044.24 
126610000      873  4.0397916e-29      152054.64 
126620000      873   9.274666e-29      152065.04 
126630000      873  5.8866391e-29       152075.4 
126640000      873  9.9427303e-29      152085.79 
126650000      873  8.7687677e-29      152096.16 
126660000      873  1.0393564e-28      152106.58 
126670000      873  1.2368718e-28      152116.94 
126680000      873  1.0785563e-28      152127.33 
126690000      873  1.5355512e-28      152137.69 
126700000      873  1.2025214e-28       152148.1 
126710000      873  1.7256251e-28      152158.52 
126720000      873  1.1967965e-28      152169.89 
126730000      873  1.6979331e-28      152181.05 
126740000      873  1.1141746e-28      152191.45 
126750000      873  1.6454679e-28       152201.9 
126760000      873  1.3045486e-28       152212.3 
126770000      873  1.5970352e-28      152222.72 
126780000      873   1.500019e-28      152233.09 
126790000      873  1.4577784e-28       152243.5 
126800000      873   1.477189e-28      152253.97 
126810000      873   1.180439e-28      152264.35 
126820000      873  1.4604847e-28      152274.71 
126830000      873  9.8131112e-29      152285.12 
126840000      873  1.3655394e-28      152295.77 
126850000      873  7.3499973e-29      152306.85 
126860000      873  1.1233917e-28      152317.28 
126870000      873  5.5322033e-29      152327.65 
126880000      873  9.1851819e-29      152338.07 
126890000      873  4.7401249e-29      152348.44 
126900000      873  6.5556571e-29      152359.55 
126910000      873  5.7132304e-29      152369.93 
126920000      873  5.4065944e-29      152380.32 
126930000      873  7.4399558e-29       152390.7 
126940000      873  4.0005966e-29      152401.09 
126950000      873  7.9650716e-29      152411.43 
126960000      873  3.1529013e-29       152421.8 
126970000      873  8.7274351e-29      152433.16 
126980000      873   3.311028e-29      152443.52 
126990000      873  8.1941409e-29      152453.87 
127000000      873  3.7887443e-29      152464.31 
127010000      873  7.6076694e-29      152474.66 
127020000      873   5.209412e-29      152484.97 
127030000      873  7.0136146e-29      152495.31 
127040000      873   6.582952e-29      152505.64 
127050000      873   5.553908e-29      152516.02 
127060000      873  7.2858054e-29      152526.38 
127070000      873  4.7663632e-29      152537.46 
127080000      873  8.8116036e-29      152547.83 
127090000      873  5.2548529e-29      152559.15 
127100000      873  1.0660568e-28      152569.56 
127110000      873  5.8206229e-29      152579.88 
127120000      873  1.2185995e-28      152590.22 
127130000      873  7.9851546e-29      152600.54 
127140000      873  1.3829017e-28      152610.88 
127150000      873  1.0548386e-28      152621.16 
127160000      873  1.4841777e-28       152631.5 
127170000      873  1.2931364e-28      152641.79 
127180000      873  1.4323208e-28      152652.11 
127190000      873  1.5731713e-28      152662.41 
127200000      873  1.3951497e-28      152672.83 
127210000      873  1.6433831e-28      152683.64 
127220000      873  1.2942471e-28      152694.45 
127230000      873  1.6407687e-28      152704.83 
127240000      873  1.0864818e-28      152715.14 
127250000      873  1.4660357e-28      152726.17 
127260000      873  8.0918443e-29      152736.47 
127270000      873  1.2319789e-28      152746.81 
127280000      873  6.3142206e-29      152757.11 
127290000      873  1.0217542e-28      152767.43 
127300000      873   5.806057e-29      152777.72 
127310000      873  7.6888999e-29      152788.03 
127320000      873  6.0109383e-29      152798.31 
127330000      873  7.0560402e-29      152808.63 
127340000      873  7.0779361e-29       152819.7 
127350000      873  5.1346577e-29      152830.23 
127360000      873  6.9714638e-29      152840.57 
127370000      873  4.0720632e-29      152850.84 
127380000      873  8.2892287e-29      152861.15 
127390000      873  3.8298783e-29      152871.44 
127400000      873  9.4326752e-29      152881.89 
127410000      873  4.9484064e-29      152892.18 
127420000      873  1.1416472e-28       152903.2 
127430000      873  6.6642537e-29      152913.49 
127440000      873  1.3089891e-28       152923.8 
127450000      873  9.3811484e-29      152934.09 
127460000      873  1.4877938e-28      152944.86 
127470000      873  1.2871415e-28      152955.69 
127480000      873  1.5138587e-28      152965.98 
127490000      873  1.5144622e-28      152976.27 
127500000      873  1.4446969e-28      152986.53 
127510000      873  1.6361044e-28       152996.8 
127520000      873  1.2559533e-28      153007.07 
127530000      873  1.6269656e-28      153017.38 
127540000      873  1.0726311e-28      153027.67 
127550000      873  1.4815453e-28      153037.96 
127560000      873  8.6888909e-29      153048.25 
127570000      873  1.4760505e-28      153058.59 
127580000      873  9.7437774e-29       153068.9 
127590000      873  1.3742604e-28      153079.89 
127600000      873  8.1044666e-29      153090.33 
127610000      873  1.1772304e-28      153101.63 
127620000      873  9.5673034e-29      153111.98 
127630000      873   1.187611e-28       153122.3 
127640000      873  1.0832413e-28      153132.58 
127650000      873  1.0393524e-28      153142.89 
127660000      873  9.9050317e-29      153153.16 
127670000      873  8.7097473e-29      153163.47 
127680000      873  1.1851123e-28      153173.76 
127690000      873  8.2329767e-29       153184.1 
127700000      873  1.1652822e-28      153194.44 
127710000      873   6.466035e-29      153204.76 
127720000      873  1.0427731e-28      153215.11 
127730000      873  4.2840973e-29      153226.25 
127740000      873  9.3197064e-29       153236.8 
127750000      873  3.3803945e-29      153247.16 
127760000      873  8.1210677e-29      153258.22 
127770000      873  3.5435257e-29      153268.54 
127780000      873  8.3569544e-29      153278.89 
127790000      873  5.1992859e-29      153289.21 
127800000      873  9.0496168e-29      153299.69 
127810000      873  8.2640041e-29      153310.01 
127820000      873  9.3717135e-29      153320.36 
127830000      873  1.1780096e-28      153330.69 
127840000      873  1.0754164e-28      153341.01 
127850000      873  1.4455729e-28      153351.39 
127860000      873  1.1298169e-28      153362.73 
127870000      873  1.6546669e-28      153373.16 
127880000      873  1.2297056e-28      153383.54 
127890000      873  1.6903658e-28      153393.94 
127900000      873  1.1991562e-28      153404.33 
127910000      873  1.7464485e-28      153414.75 
127920000      873  1.2398256e-28      153425.13 
127930000      873  1.6661801e-28      153436.23 
127940000      873  1.2314689e-28      153446.61 
127950000      873  1.4807116e-28         153457 
127960000      873  1.2001524e-28       153467.4 
127970000      873  1.2223507e-28      153477.77 
127980000      873   1.163815e-28      153489.15 
127990000      873   9.523393e-29      153499.56 
128000000      873  1.0444938e-28      153510.06 
128010000      873   7.012261e-29      153520.42 
128020000      873  9.6895701e-29      153530.84 
128030000      873  4.5843625e-29      153541.24 
128040000      873  8.9174875e-29      153551.66 
128050000      873  3.0175442e-29      153562.06 
128060000      873  8.4040173e-29      153572.49 
128070000      873  2.8307329e-29      153582.91 
128080000      873  8.2089875e-29       153593.3 
128090000      873  3.7609903e-29      153603.71 
128100000      873  9.9522705e-29      153615.53 
128110000      873  5.8889954e-29      153626.66 
128120000      873  1.0344148e-28         153637 
128130000      873   6.794839e-29      153647.39 
128140000      873  8.4596016e-29      153657.74 
128150000      873  8.4058676e-29      153668.14 
128160000      873  8.8683008e-29      153678.49 
128170000      873  1.2088435e-28      153689.36 
128180000      873  1.0574143e-28      153699.71 
128190000      873  1.5414649e-28      153710.12 
128200000      873  1.1718603e-28      153720.65 
128210000      873  1.7535276e-28      153731.02 
128220000      873  1.2300232e-28      153742.41 
128230000      873  1.7886545e-28      153752.82 
128240000      873  1.2034136e-28      153763.21 
128250000      873  1.6361081e-28      153773.57 
128260000      873  1.2146494e-28      153783.95 
128270000      873  1.4019855e-28      153794.27 
128280000      873  1.2003402e-28      153805.35 
128290000      873  1.1904041e-28      153815.66 
128300000      873  1.1656997e-28         153826 
128310000      873  8.5859647e-29      153836.31 
128320000      873  1.0178966e-28      153846.67 
128330000      873  4.7496027e-29      153857.01 
128340000      873  8.9601855e-29      153867.32 
128350000      873  3.2616172e-29      153878.65 
128360000      873  8.1138263e-29      153889.04 
128370000      873  3.3254068e-29      153899.42 
128380000      873  8.0174869e-29      153909.75 
128390000      873  5.3337513e-29      153920.12 
128400000      873  8.1439415e-29      153930.56 
128410000      873  8.0441139e-29       153940.9 
128420000      873  8.1307359e-29      153951.22 
128430000      873  1.1427082e-28      153961.57 
128440000      873  8.9070153e-29      153971.87 
128450000      873  1.3832517e-28      153982.91 
128460000      873  9.5249739e-29      153993.24 
128470000      873  1.5164169e-28      154003.54 
128480000      873  1.0640018e-28      154013.86 
128490000      873   1.657824e-28      154025.16 
128500000      873  1.2485548e-28      154035.52 
128510000      873  1.6946114e-28      154045.81 
128520000      873  1.3627545e-28      154056.13 
128530000      873  1.5805799e-28      154066.44 
128540000      873  1.4057348e-28      154076.77 
128550000      873  1.2772308e-28      154087.09 
128560000      873  1.3297173e-28      154097.43 
128570000      873  9.9969932e-29      154107.76 
128580000      873  1.2787471e-28      154118.06 
128590000      873  6.9612624e-29       154128.4 
128600000      873  1.1673449e-28      154138.82 
128610000      873  5.4226582e-29      154149.14 
128620000      873  1.0018876e-28      154161.01 
128630000      873  4.4246409e-29      154171.37 
128640000      873  7.9611353e-29      154181.67 
128650000      873  4.3384741e-29      154192.24 
128660000      873  6.6682205e-29      154202.55 
128670000      873  5.4476933e-29      154212.81 
128680000      873  5.8603366e-29      154223.13 
128690000      873  7.8843977e-29      154233.44 
128700000      873  5.9948083e-29      154243.71 
128710000      873  1.0775704e-28      154254.04 
128720000      873   4.731088e-29      154264.34 
128730000      873  1.0846663e-28      154274.67 
128740000      873  5.6836117e-29      154284.96 
128750000      873  1.1633274e-28      154295.26 
128760000      873  7.5340372e-29      154306.53 
128770000      873  1.2571808e-28      154316.89 
128780000      873  1.0973766e-28      154327.17 
128790000      873  1.3628296e-28      154338.18 
128800000      873  1.3493757e-28      154348.54 
128810000      873  1.3138697e-28      154358.82 
128820000      873  1.5776992e-28      154369.11 
128830000      873  1.3418973e-28      154379.38 
128840000      873  1.7373215e-28      154389.68 
128850000      873  1.2568923e-28      154399.97 
128860000      873  1.6882486e-28      154410.28 
128870000      873  1.0819139e-28      154420.55 
128880000      873  1.4813403e-28      154430.88 
128890000      873  8.4183926e-29      154441.19 
128900000      873  1.2769893e-28      154452.51 
128910000      873  6.8566681e-29      154462.85 
128920000      873  1.0517019e-28      154473.16 
128930000      873  5.3554877e-29      154483.45 
128940000      873   8.758279e-29      154493.78 
128950000      873   5.172833e-29      154504.11 
128960000      873  6.0272725e-29      154514.39 
128970000      873  6.0545091e-29      154525.38 
128980000      873  5.1617988e-29      154535.67 
128990000      873  7.9516273e-29      154545.99 
129000000      873  4.6210603e-29      154556.41 
129010000      873  9.4517823e-29      154566.77 
129020000      873  5.4829069e-29      154577.09 
129030000      873  1.1676926e-28      154587.46 
129040000      873  6.9456989e-29       154598.8 
129050000      873  1.4279378e-28      154609.22 
129060000      873   1.078837e-28      154619.55 
129070000      873   1.511072e-28      154629.93 
129080000      873   1.287784e-28       154640.3 
129090000      873    1.44733e-28      154650.64 
129100000      873   1.521696e-28      154660.98 
129110000      873   1.451624e-28      154671.32 
129120000      873  1.6428562e-28       154681.7 
129130000      873  1.2690048e-28      154692.02 
129140000      873  1.6260308e-28      154703.05 
129150000      873   1.055711e-28      154713.38 
129160000      873  1.4907206e-28      154723.76 
129170000      873  8.2480339e-29      154734.16 
129180000      873  1.2605675e-28      154745.52 
129190000      873  6.7174024e-29      154755.96 
129200000      873  9.4250747e-29      154766.46 
129210000      873  5.3624081e-29      154776.87 
129220000      873  6.6910305e-29      154787.26 
129230000      873  5.6364992e-29      154797.68 
129240000      873   4.752938e-29      154808.04 
129250000      873  7.6016003e-29      154818.46 
129260000      873  4.9387124e-29      154828.84 
129270000      873  1.0290514e-28      154839.23 
129280000      873   6.319989e-29       154849.6 
129290000      873  1.2375554e-28      154860.02 
129300000      873  7.9455917e-29      154870.39 
129310000      873  1.4296291e-28      154882.47 
129320000      873  9.9163714e-29      154892.92 
129330000      873  1.5130655e-28       154903.3 
129340000      873  1.3374712e-28      154913.74 
129350000      873  1.5209649e-28      154924.15 
129360000      873  1.5397945e-28      154934.57 
129370000      873  1.4256711e-28      154944.98 
129380000      873  1.6175805e-28      154955.41 
129390000      873   1.265059e-28      154965.79 
129400000      873  1.5937328e-28      154976.31 
129410000      873  1.0395061e-28      154986.99 
129420000      873  1.5065219e-28      154997.39 
129430000      873  8.4917381e-29      155007.76 
129440000      873    1.26658e-28      155018.13 
129450000      873  6.9577343e-29      155029.51 
129460000      873  9.6653664e-29      155039.93 
129470000      873  5.9643211e-29      155050.32 
129480000      873  6.5606552e-29      155061.41 
129490000      873  5.9619814e-29       155071.8 
129500000      873  4.8713138e-29      155082.17 
129510000      873  7.3331082e-29      155092.59 
129520000      873  4.2810961e-29      155102.99 
129530000      873  8.3236318e-29      155113.39 
129540000      873  4.6617121e-29      155123.77 
129550000      873  1.1058772e-28      155134.16 
129560000      873  7.1010462e-29      155144.55 
129570000      873  1.3410252e-28      155155.88 
129580000      873  9.9170921e-29       155166.3 
129590000      873  1.4760871e-28      155176.64 
129600000      873  1.2001403e-28      155187.11 
129610000      873  1.4960232e-28      155197.42 
129620000      873  1.4973281e-28      155207.79 
129630000      873   1.441903e-28      155218.11 
129640000      873  1.6324562e-28      155228.46 
129650000      873  1.2835044e-28      155239.49 
129660000      873   1.618477e-28      155249.86 
129670000      873  1.0455332e-28      155260.21 
129680000      873   1.474593e-28      155270.58 
129690000      873  8.7470209e-29      155281.43 
129700000      873  1.3374203e-28      155292.32 
129710000      873  8.0170241e-29      155302.67 
129720000      873  1.1373773e-28         155313 
129730000      873  7.4126753e-29       155323.3 
129740000      873  8.7341001e-29      155333.66 
129750000      873  7.5173709e-29      155343.97 
129760000      873  6.3476637e-29       155354.3 
129770000      873  7.8593436e-29      155364.59 
129780000      873  4.1202292e-29      155374.91 
129790000      873  7.9132826e-29       155385.2 
129800000      873  2.9743213e-29      155395.63 
129810000      873  8.4975797e-29      155405.95 
129820000      873  3.5191299e-29      155417.94 
129830000      873  9.6247897e-29      155428.32 
129840000      873  5.4287792e-29      155438.61 
129850000      873  1.0557719e-28      155448.95 
129860000      873  7.5024137e-29      155459.26 
129870000      873  1.1474295e-28       155469.6 
129880000      873  1.0530177e-28      155479.91 
129890000      873   1.159983e-28      155490.23 
129900000      873  1.3294795e-28      155500.51 
129910000      873  1.1754134e-28      155510.85 
129920000      873  1.5397061e-28      155521.16 
129930000      873  1.1866165e-28      155531.45 
129940000      873  1.7015234e-28      155542.75 
129950000      873  1.2377436e-28      155553.07 
129960000      873  1.7932758e-28      155563.36 
129970000      873  1.1827569e-28      155573.64 
129980000      873   1.642432e-28      155583.95 
129990000      873   1.223842e-28      155594.24 
130000000      873  1.5084839e-28      155605.37 
130010000      873   1.302102e-28      155615.65 
130020000      873  1.3842927e-28      155625.97 
130030000      873  1.4848185e-28      155636.26 
130040000      873  1.2067209e-28      155646.59 
130050000      873   1.397041e-28      155656.88 
130060000      873  9.2552333e-29      155668.18 
130070000      873  1.2919522e-28      155678.52 
130080000      873  6.6275267e-29      155688.81 
130090000      873  1.0707973e-28      155699.12 
130100000      873  4.6852876e-29      155709.38 
130110000      873  8.8039479e-29      155719.67 
130120000      873  3.8825131e-29      155729.93 
130130000      873  7.3093286e-29      155740.22 
130140000      873   5.100598e-29      155750.49 
130150000      873   6.262715e-29       155760.8 
130160000      873  6.3122843e-29      155771.08 
130170000      873  4.9184935e-29      155782.09 
130180000      873  7.0915829e-29       155793.4 
130190000      873  3.9514148e-29      155803.75 
130200000      873  8.6147726e-29      155814.19 
130210000      873  4.4387083e-29      155824.49 
130220000      873  1.0043866e-28      155834.81 
130230000      873  6.1812775e-29      155845.09 
130240000      873    1.30022e-28      155855.41 
130250000      873  8.8770862e-29      155865.68 
130260000      873  1.4122866e-28         155876 
130270000      873  1.1844053e-28      155886.29 
130280000      873  1.5253769e-28      155896.59 
130290000      873  1.4734619e-28      155906.87 
130300000      873  1.4354074e-28      155917.81 
130310000      873   1.616547e-28      155928.54 
130320000      873  1.3470554e-28      155938.88 
130330000      873  1.6463938e-28      155949.22 
130340000      873  1.1309176e-28      155960.24 
130350000      873  1.6490619e-28       155970.6 
130360000      873  1.1726203e-28      155980.91 
130370000      873  1.6825671e-28      155991.28 
130380000      873  1.0681998e-28       156001.6 
130390000      873  1.3894581e-28      156011.95 
130400000      873  9.3258325e-29      156022.39 
130410000      873  1.1256955e-28      156032.73 
130420000      873  9.1464514e-29      156043.81 
130430000      873   8.105714e-29      156054.41 
130440000      873  8.1818971e-29       156064.8 
130450000      873  4.6144158e-29      156075.12 
130460000      873  7.7197096e-29      156085.48 
130470000      873  3.3412201e-29      156095.83 
130480000      873  8.5138647e-29      156106.23 
130490000      873  3.5147026e-29      156116.59 
130500000      873  9.6079931e-29      156127.01 
130510000      873     5.7785e-29      156138.09 
130520000      873  1.1467279e-28      156148.51 
130530000      873  9.2515214e-29      156158.88 
130540000      873  1.2896978e-28      156170.09 
130550000      873   1.293834e-28      156180.68 
130560000      873  1.3701511e-28      156191.11 
130570000      873  1.5579345e-28      156201.53 
130580000      873  1.2870872e-28      156211.88 
130590000      873  1.6719715e-28      156222.26 
130600000      873  1.2833175e-28      156232.75 
130610000      873  1.7544925e-28      156243.16 
130620000      873  1.1571416e-28      156253.53 
130630000      873  1.6519958e-28      156263.94 
130640000      873   1.103937e-28      156274.32 
130650000      873  1.4953658e-28      156284.74 
130660000      873   1.018886e-28      156295.65 
130670000      873   1.187665e-28      156306.61 
130680000      873  9.8488505e-29      156317.78 
130690000      873  8.5671377e-29      156328.21 
130700000      873  8.4801956e-29       156338.6 
130710000      873  5.8762908e-29      156349.01 
130720000      873  8.6245285e-29      156359.39 
130730000      873  3.7553697e-29      156369.78 
130740000      873  8.2201818e-29      156380.14 
130750000      873  2.9703734e-29      156390.54 
130760000      873  8.9066811e-29       156400.9 
130770000      873  3.8883747e-29       156411.3 
130780000      873  8.8459233e-29      156421.87 
130790000      873   5.427625e-29      156433.05 
130800000      873  1.0337865e-28      156443.61 
130810000      873  9.1662222e-29      156453.97 
130820000      873   9.712932e-29      156464.37 
130830000      873  1.1683503e-28      156474.77 
130840000      873  1.1101454e-28       156485.2 
130850000      873  1.5023977e-28      156495.58 
130860000      873  1.1903784e-28      156506.68 
130870000      873  1.7435002e-28      156517.02 
130880000      873  1.1993323e-28      156527.41 
130890000      873  1.7532069e-28      156537.77 
130900000      873  1.2380698e-28      156548.37 
130910000      873  1.6893094e-28      156559.43 
130920000      873  1.1460001e-28      156569.84 
130930000      873  1.4470305e-28      156580.19 
130940000      873  1.1115935e-28      156590.51 
130950000      873  1.1709035e-28      156600.86 
130960000      873  1.0250006e-28      156611.19 
130970000      873   8.046645e-29      156621.57 
130980000      873  9.5601566e-29      156631.91 
130990000      873  5.3371062e-29      156642.28 
131000000      873  9.1673517e-29      156652.74 
131010000      873   3.886626e-29      156663.13 
131020000      873  8.5110061e-29      156673.47 
131030000      873  3.3650254e-29      156685.39 
131040000      873  8.6558182e-29      156695.74 
131050000      873  3.5262754e-29      156706.11 
131060000      873  7.3021149e-29      156716.45 
131070000      873  4.9349468e-29      156726.76 
131080000      873  7.6071641e-29      156737.08 
131090000      873  7.1799827e-29      156747.38 
131100000      873  5.4506117e-29      156757.69 
131110000      873  7.9122522e-29      156767.98 
131120000      873  5.7566374e-29      156778.31 
131130000      873   1.116586e-28      156788.59 
131140000      873  7.6073019e-29      156798.93 
131150000      873  1.4343153e-28      156810.21 
131160000      873  9.9738755e-29       156820.6 
131170000      873  1.6432128e-28      156830.95 
131180000      873   1.174491e-28      156841.27 
131190000      873  1.6635351e-28      156851.61 
131200000      873  1.4298108e-28      156862.72 
131210000      873  1.5760341e-28      156873.05 
131220000      873  1.4522078e-28      156883.34 
131230000      873  1.3097033e-28      156893.67 
131240000      873  1.4681764e-28      156903.96 
131250000      873  1.0586079e-28      156914.26 
131260000      873  1.4021861e-28      156924.54 
131270000      873  8.2863314e-29      156935.28 
131280000      873  1.2622611e-28      156946.13 
131290000      873  6.0045543e-29      156956.46 
131300000      873  1.0092527e-28      156966.78 
131310000      873  4.7319048e-29      156977.07 
131320000      873  8.1782596e-29       156987.4 
131330000      873  4.9031529e-29      156997.69 
131340000      873  5.8986062e-29      157008.05 
131350000      873  5.9740533e-29      157018.36 
131360000      873  5.0817645e-29      157028.69 
131370000      873  7.1992612e-29      157039.68 
131380000      873  4.7617448e-29      157049.99 
131390000      873  9.2545746e-29      157060.26 
131400000      873  5.5000134e-29      157071.66 
131410000      873  1.1616877e-28      157081.98 
131420000      873  7.8115627e-29      157092.26 
131430000      873  1.4025336e-28      157102.54 
131440000      873  1.0969303e-28       157112.8 
131450000      873   1.531472e-28      157123.09 
131460000      873  1.3340704e-28      157133.38 
131470000      873  1.4738217e-28      157143.69 
131480000      873  1.5878722e-28      157153.98 
131490000      873  1.4484581e-28      157164.31 
131500000      873  1.6519282e-28       157174.6 
131510000      873  1.2202812e-28      157184.91 
131520000      873   1.623978e-28      157195.21 
131530000      873  1.0254857e-28      157206.54 
131540000      873  1.4974486e-28      157218.09 
131550000      873  8.5806316e-29      157228.41 
131560000      873  1.3081942e-28      157238.72 
131570000      873  8.2965652e-29      157249.02 
131580000      873  1.1262746e-28      157259.34 
131590000      873  7.3862275e-29      157269.62 
131600000      873  9.1287461e-29      157280.54 
131610000      873  9.4812292e-29      157290.83 
131620000      873  8.2565695e-29      157301.16 
131630000      873  9.6133211e-29      157311.49 
131640000      873   5.475086e-29      157321.84 
131650000      873  8.8070253e-29      157333.13 
131660000      873  3.4509618e-29      157343.55 
131670000      873  8.3247941e-29      157353.91 
131680000      873  3.2927211e-29      157364.23 
131690000      873  8.5616843e-29      157374.59 
131700000      873  4.7373987e-29      157384.93 
131710000      873  8.4842613e-29      157395.98 
131720000      873  8.3677081e-29      157406.35 
131730000      873  9.6230451e-29      157416.66 
131740000      873  1.1359729e-28      157427.01 
131750000      873  1.0277304e-28      157437.32 
131760000      873  1.4234068e-28      157447.68 
131770000      873    1.11682e-28      157459.01 
131780000      873  1.7033938e-28      157469.43 
131790000      873  1.2147895e-28      157479.81 
131800000      873  1.7892771e-28      157490.29 
131810000      873  1.2402602e-28      157500.71 
131820000      873   1.677837e-28      157511.08 
131830000      873  1.3006027e-28       157521.5 
131840000      873   1.473012e-28      157531.87 
131850000      873   1.151646e-28      157542.27 
131860000      873   1.123977e-28      157552.65 
131870000      873   1.195787e-28      157563.06 
131880000      873    1.03977e-28      157573.42 
131890000      873  1.3562624e-28      157585.41 
131900000      873  8.9746261e-29      157595.88 
131910000      873  1.3190863e-28      157606.34 
131920000      873  6.6442098e-29      157616.72 
131930000      873  1.1820464e-28      157627.11 
131940000      873    5.36491e-29      157637.52 
131950000      873  9.3191266e-29      157647.91 
131960000      873  4.5833108e-29      157658.32 
131970000      873  7.2688244e-29      157668.72 
131980000      873  5.2015774e-29      157679.16 
131990000      873  5.5477051e-29      157689.56 
132000000      873  6.7500302e-29      157700.09 
132010000      873  5.3301186e-29      157710.48 
132020000      873  9.5257925e-29      157721.86 
132030000      873  5.8479319e-29       157732.3 
132040000      873  1.0775358e-28       157742.7 
132050000      873   6.317793e-29      157753.08 
132060000      873  1.1127583e-28      157764.15 
132070000      873   6.630652e-29      157774.54 
132080000      873  1.2520772e-28      157784.88 
132090000      873   8.858595e-29      157795.27 
132100000      873  1.4026017e-28      157805.64 
132110000      873  1.1815617e-28      157816.04 
132120000      873  1.4456101e-28      157826.41 
132130000      873  1.4697586e-28       157836.8 
132140000      873   1.444062e-28      157848.17 
132150000      873  1.6467032e-28      157858.64 
132160000      873  1.3095549e-28      157869.01 
132170000      873  1.7100161e-28       157879.4 
132180000      873  1.1461347e-28      157889.78 
132190000      873  1.6632013e-28      157900.11 
132200000      873  1.0000062e-28      157910.61 
132210000      873  1.4230225e-28      157920.94 
132220000      873   8.696326e-29      157931.28 
132230000      873  1.1299383e-28      157942.29 
132240000      873  9.1561654e-29      157952.64 
132250000      873  1.1389479e-28      157962.94 
132260000      873  9.4218806e-29      157973.46 
132270000      873  7.4320457e-29      157984.59 
132280000      873  8.5389152e-29      157995.01 
132290000      873  5.7297401e-29      158005.38 
132300000      873  9.1633171e-29       158015.7 
132310000      873  3.9169428e-29      158026.07 
132320000      873  8.5397957e-29      158036.42 
132330000      873  3.0698507e-29      158046.78 
132340000      873  8.2478425e-29       158057.1 
132350000      873  3.5016491e-29      158067.43 
132360000      873  8.7348358e-29      158077.74 
132370000      873  6.3331829e-29      158088.09 
132380000      873  9.6448992e-29      158098.39 
132390000      873  8.7936084e-29      158109.03 
132400000      873  9.4329275e-29      158120.81 
132410000      873  1.1680668e-28      158131.15 
132420000      873   1.036536e-28      158141.45 
132430000      873  1.5243492e-28      158151.75 
132440000      873  1.1555897e-28      158162.08 
132450000      873  1.6940147e-28      158172.37 
132460000      873   1.230661e-28      158182.71 
132470000      873  1.7336946e-28      158193.01 
132480000      873  1.2528947e-28      158203.36 
132490000      873  1.6918979e-28      158213.67 
132500000      873  1.3251941e-28      158224.02 
132510000      873  1.4672753e-28      158234.33 
132520000      873  1.3355809e-28      158244.65 
132530000      873  1.2194497e-28      158254.94 
132540000      873  1.3226915e-28      158265.47 
132550000      873  8.3761182e-29      158276.55 
132560000      873  1.1832022e-28      158286.88 
132570000      873  6.8964648e-29      158297.88 
132580000      873  1.1311991e-28      158308.16 
132590000      873  4.6332917e-29      158318.46 
132600000      873  9.5697853e-29      158328.85 
132610000      873  3.8971314e-29      158339.16 
132620000      873  7.6320637e-29      158349.44 
132630000      873  4.3354631e-29      158359.76 
132640000      873  6.4036525e-29      158370.07 
132650000      873  6.3604243e-29      158380.37 
132660000      873  6.4666749e-29       158390.7 
132670000      873  9.7709899e-29         158401 
132680000      873  7.3950405e-29      158412.14 
132690000      873  1.2700749e-28      158422.63 
132700000      873  8.6250401e-29      158432.95 
132710000      873   1.539077e-28      158443.21 
132720000      873  9.9259149e-29      158453.51 
132730000      873  1.5521982e-28      158463.78 
132740000      873  1.2375879e-28      158474.05 
132750000      873  1.6782047e-28      158485.05 
132760000      873  1.3915855e-28      158495.32 
132770000      873  1.5512529e-28      158505.63 
132780000      873  1.4374165e-28      158515.96 
132790000      873   1.335985e-28      158526.25 
132800000      873  1.3982208e-28      158536.68 
132810000      873  9.2147196e-29      158546.97 
132820000      873  1.2632685e-28      158558.28 
132830000      873  7.1859029e-29      158568.63 
132840000      873  1.3248848e-28      158578.95 
132850000      873  8.5924648e-29      158589.23 
132860000      873  1.4200499e-28      158599.56 
132870000      873  8.2134716e-29      158609.85 
132880000      873  1.1095935e-28      158620.16 
132890000      873  6.7750604e-29      158630.44 
132900000      873  8.1338779e-29      158640.77 
132910000      873  7.0661797e-29      158651.07 
132920000      873  5.3968836e-29      158662.09 
132930000      873  7.0562889e-29      158672.42 
132940000      873  3.9552601e-29      158682.72 
132950000      873  8.0964083e-29      158693.09 
132960000      873  3.6099633e-29      158703.42 
132970000      873  9.6288738e-29      158714.77 
132980000      873  5.1208905e-29      158725.14 
132990000      873  1.1618772e-28      158735.51 
133000000      873  8.2176767e-29      158745.94 
133010000      873    1.30319e-28      158756.31 
133020000      873  1.0487145e-28      158766.64 
133030000      873  1.3652012e-28      158777.01 
133040000      873  1.4683521e-28      158787.37 
133050000      873  1.3920848e-28      158797.68 
133060000      873  1.6338262e-28      158808.06 
133070000      873  1.3549895e-28      158818.39 
133080000      873  1.6955875e-28      158828.77 
133090000      873  1.1537417e-28       158839.8 
133100000      873  1.6149125e-28      158850.19 
133110000      873  9.6564475e-29      158860.55 
133120000      873  1.4375201e-28      158871.96 
133130000      873  8.1161308e-29       158882.4 
133140000      873   1.176827e-28      158892.81 
133150000      873  7.2240126e-29      158903.19 
133160000      873  8.6139535e-29       158913.6 
133170000      873  6.8627137e-29      158923.99 
133180000      873  6.0674539e-29      158934.37 
133190000      873  7.2759805e-29      158944.78 
133200000      873  4.0286396e-29      158955.26 
133210000      873  7.9354945e-29      158965.67 
133220000      873  3.3063648e-29      158976.03 
133230000      873  9.4021908e-29      158986.44 
133240000      873  5.0034215e-29      158997.81 
133250000      873  1.1639604e-28      159008.27 
133260000      873  7.9709399e-29      159019.37 
133270000      873  1.3516698e-28       159029.8 
133280000      873  1.0902394e-28      159040.22 
133290000      873  1.3878368e-28      159050.63 
133300000      873  1.4333959e-28      159061.06 
133310000      873  1.4252704e-28      159071.46 
133320000      873  1.5371238e-28      159081.87 
133330000      873   1.314102e-28      159092.24 
133340000      873  1.6951871e-28      159102.64 
133350000      873  1.2396911e-28      159113.02 
133360000      873  1.7570513e-28       159124.4 
133370000      873  1.1270565e-28      159134.81 
133380000      873  1.5859957e-28       159145.2 
133390000      873  1.0165354e-28      159155.56 
133400000      873  1.3458177e-28      159166.04 
133410000      873  8.6276623e-29      159176.44 
133420000      873  9.8846844e-29      159186.82 
133430000      873  7.9031718e-29      159197.97 
133440000      873  6.7036022e-29      159208.36 
133450000      873  7.5441777e-29      159218.75 
133460000      873  4.4290138e-29      159229.14 
133470000      873  8.0808043e-29      159239.55 
133480000      873  3.2464349e-29      159250.91 
133490000      873  8.3735492e-29      159261.33 
133500000      873  3.6577297e-29      159271.67 
133510000      873  9.5724602e-29      159282.03 
133520000      873   5.471704e-29      159292.37 
133530000      873  1.1257833e-28      159302.72 
133540000      873  8.4838239e-29      159313.07 
133550000      873  1.3189482e-28       159323.4 
133560000      873  1.3062448e-28      159333.75 
133570000      873  1.3454202e-28      159344.05 
133580000      873  1.6040042e-28      159354.41 
133590000      873  1.3445204e-28      159364.76 
133600000      873  1.6941443e-28      159376.93 
133610000      873  1.2527688e-28      159387.32 
133620000      873  1.5973527e-28      159397.68 
133630000      873  1.1377009e-28      159408.04 
133640000      873  1.5636079e-28       159418.4 
133650000      873  8.8866844e-29      159428.72 
133660000      873  1.3528634e-28      159439.06 
133670000      873  7.5979718e-29       159449.4 
133680000      873  1.0976019e-28      159459.69 
133690000      873  6.7422377e-29      159470.03 
133700000      873  8.1087448e-29      159480.33 
133710000      873  5.7272858e-29      159490.65 
133720000      873  5.1643348e-29      159501.93 
133730000      873  6.5773564e-29      159512.29 
133740000      873  4.5171276e-29      159522.57 
133750000      873  8.3664761e-29      159532.91 
133760000      873  4.7395338e-29      159543.21 
133770000      873  1.0489928e-28      159553.58 
133780000      873  6.4727268e-29      159564.57 
133790000      873  1.0621635e-28      159574.91 
133800000      873  4.6452283e-29      159585.32 
133810000      873  9.6436656e-29      159595.65 
133820000      873  7.2437986e-29      159605.96 
133830000      873  1.1488396e-28      159616.29 
133840000      873  1.0612211e-28      159627.58 
133850000      873  1.0028201e-28      159637.92 
133860000      873    1.00087e-28      159648.19 
133870000      873    8.69047e-29      159658.51 
133880000      873  1.3387088e-28      159668.78 
133890000      873  1.0910128e-28      159679.06 
133900000      873  1.7013262e-28      159689.36 
133910000      873  1.1964363e-28      159699.64 
133920000      873  1.7880724e-28      159709.96 
133930000      873  1.2476921e-28      159720.25 
133940000      873  1.7095097e-28      159730.55 
133950000      873  1.2300678e-28      159741.54 
133960000      873   1.501598e-28      159752.85 
133970000      873  1.1745936e-28      159763.18 
133980000      873  1.1913104e-28       159773.5 
133990000      873   1.158423e-28      159783.79 
134000000      873  8.8357481e-29      159794.21 
134010000      873  1.0545063e-28      159804.49 
134020000      873  6.1043475e-29      159814.78 
134030000      873  9.9309133e-29      159825.05 
134040000      873  4.0605417e-29      159835.31 
134050000      873  8.8558768e-29       159845.6 
134060000      873  3.3947757e-29      159855.86 
134070000      873  8.4273236e-29      159866.15 
134080000      873  3.5213033e-29       159877.4 
134090000      873  7.6673132e-29      159887.77 
134100000      873  4.5821537e-29      159898.06 
134110000      873  6.8663048e-29      159908.38 
134120000      873  7.5213775e-29      159919.35 
134130000      873   8.205991e-29      159929.69 
134140000      873  1.1072901e-28      159939.98 
134150000      873  9.3170728e-29       159950.3 
134160000      873  1.4435894e-28      159960.62 
134170000      873  1.0622158e-28      159970.92 
134180000      873  1.7145186e-28      159981.23 
134190000      873  1.2194556e-28      159991.51 
134200000      873  1.7922457e-28       160002.9 
134210000      873  1.2575218e-28      160013.52 
134220000      873  1.6238604e-28      160023.86 
134230000      873   1.262699e-28      160034.15 
134240000      873  1.4851408e-28      160044.49 
134250000      873  1.2709777e-28       160054.8 
134260000      873  1.1604241e-28      160065.15 
134270000      873  1.2079753e-28      160075.51 
134280000      873  8.4833356e-29      160085.85 
134290000      873  1.0975354e-28      160096.93 
134300000      873  5.5032826e-29      160107.27 
134310000      873  9.7545155e-29      160117.61 
134320000      873  3.4175668e-29      160128.92 
134330000      873  8.3480375e-29      160139.32 
134340000      873  3.1665754e-29      160149.64 
134350000      873  8.0591602e-29         160160 
134360000      873   3.924398e-29      160170.32 
134370000      873  6.7089497e-29      160180.65 
134380000      873  5.2396783e-29      160190.97 
134390000      873  6.2092853e-29      160201.35 
134400000      873  7.8856413e-29      160211.84 
134410000      873  6.2657803e-29      160222.21 
134420000      873   1.005899e-28       160232.6 
134430000      873  7.3885039e-29      160242.96 
134440000      873  1.3794045e-28      160254.36 
134450000      873  8.9636373e-29       160264.8 
134460000      873   1.581164e-28       160275.2 
134470000      873  1.1836825e-28      160286.24 
134480000      873  1.6621061e-28      160296.64 
134490000      873   1.326658e-28      160307.02 
134500000      873  1.5793326e-28      160317.42 
134510000      873  1.4904162e-28      160327.78 
134520000      873  1.4094992e-28      160338.17 
134530000      873  1.5235747e-28      160348.57 
134540000      873  1.3535906e-28      160358.92 
134550000      873  1.6805707e-28      160369.33 
134560000      873  1.1610516e-28      160380.52 
134570000      873  1.6018317e-28      160391.13 
134580000      873  1.0394149e-28      160401.55 
134590000      873  1.4925053e-28      160411.98 
134600000      873  8.0964124e-29      160422.47 
134610000      873  1.1874619e-28      160432.91 
134620000      873  6.9908923e-29      160443.31 
134630000      873  9.7298028e-29      160453.71 
134640000      873  7.5048981e-29      160464.78 
134650000      873  6.8725421e-29      160475.18 
134660000      873  7.0523134e-29      160485.57 
134670000      873  4.6972749e-29      160495.93 
134680000      873  7.6637983e-29      160506.81 
134690000      873  3.4617907e-29      160517.67 
134700000      873   8.104117e-29      160528.09 
134710000      873  3.6837997e-29      160538.43 
134720000      873  9.6143011e-29      160548.82 
134730000      873  4.8377526e-29      160559.19 
134740000      873  1.0583207e-28      160569.59 
134750000      873   7.634031e-29      160579.97 
134760000      873  1.2419757e-28      160590.38 
134770000      873  1.0889668e-28      160600.78 
134780000      873  1.3179553e-28      160611.17 
134790000      873  1.3373543e-28      160621.57 
134800000      873  1.2114616e-28      160632.42 
134810000      873   1.629946e-28      160643.94 
134820000      873  1.2722501e-28      160654.32 
134830000      873  1.7487611e-28      160664.64 
134840000      873  1.2560062e-28         160675 
134850000      873   1.722167e-28      160685.33 
134860000      873  1.1539648e-28      160695.67 
134870000      873  1.5711271e-28      160705.98 
134880000      873  1.0583051e-28      160716.32 
134890000      873  1.3676939e-28      160726.67 
134900000      873  9.7297096e-29      160737.01 
134910000      873  1.1624422e-28      160747.38 
134920000      873  1.2522233e-28      160757.88 
134930000      873  1.1701371e-28      160769.06 
134940000      873  1.2265438e-28      160779.43 
134950000      873  8.1552711e-29      160789.79 
134960000      873  1.1391581e-28      160800.11 
134970000      873  5.1666047e-29      160810.94 
134980000      873  9.2747896e-29      160821.97 
134990000      873  3.3431502e-29       160832.3 
135000000      873  8.4302131e-29      160842.69 
135010000      873  3.4873301e-29      160853.02 
135020000      873  7.5597425e-29      160863.35 
135030000      873  4.7808693e-29      160873.63 
135040000      873  7.6019599e-29      160884.73 
135050000      873  7.1236807e-29      160895.68 
135060000      873  7.2660663e-29      160906.04 
135070000      873  1.0387129e-28      160916.35 
135080000      873  8.6622393e-29      160926.68 
135090000      873  1.3388077e-28      160936.99 
135100000      873  9.5050908e-29      160947.34 
135110000      873  1.5004153e-28      160957.63 
135120000      873  1.1140706e-28      160967.97 
135130000      873  1.6959892e-28      160978.28 
135140000      873  1.2532197e-28      160988.62 
135150000      873  1.7094357e-28      160999.65 
135160000      873  1.3685353e-28      161010.15 
135170000      873  1.5067016e-28      161021.21 
135180000      873  1.3383527e-28      161031.53 
135190000      873  1.2710357e-28      161041.84 
135200000      873  1.2628618e-28      161052.22 
135210000      873  8.8779019e-29      161062.52 
135220000      873  1.2471644e-28       161072.8 
135230000      873  6.6477686e-29       161083.1 
135240000      873  1.0581454e-28       161093.4 
135250000      873  3.9417736e-29      161103.73 
135260000      873   8.233736e-29      161114.01 
135270000      873   3.422126e-29      161124.34 
135280000      873   7.841029e-29      161134.67 
135290000      873   4.891007e-29      161145.96 
135300000      873  7.1689176e-29      161156.31 
135310000      873  6.7247598e-29       161166.6 
135320000      873  7.6600459e-29      161177.59 
135330000      873   1.005959e-28      161187.86 
135340000      873  7.6276113e-29      161198.15 
135350000      873  1.2922082e-28      161208.42 
135360000      873  9.5989176e-29      161218.72 
135370000      873  1.6045664e-28      161228.98 
135380000      873  1.1490309e-28      161239.27 
135390000      873  1.6682707e-28      161249.57 
135400000      873  1.2371024e-28      161259.95 
135410000      873  1.6983517e-28      161270.77 
135420000      873  1.3649664e-28      161281.57 
135430000      873  1.5607546e-28      161291.91 
135440000      873  1.3782814e-28       161302.2 
135450000      873  1.3113197e-28      161312.54 
135460000      873  1.3434466e-28      161322.82 
135470000      873  9.8676452e-29      161333.15 
135480000      873  1.2203248e-28      161343.45 
135490000      873  6.9356128e-29      161353.77 
135500000      873  1.2994619e-28      161364.75 
135510000      873  7.2720972e-29      161375.05 
135520000      873  1.1566882e-28      161385.35 
135530000      873  5.5047422e-29      161395.65 
135540000      873   8.864863e-29      161406.49 
135550000      873  5.3902005e-29      161417.32 
135560000      873  6.5915044e-29      161427.68 
135570000      873  5.8931659e-29      161437.99 
135580000      873  4.8645519e-29      161448.36 
135590000      873  7.1289245e-29       161458.7 
135600000      873  4.2991152e-29      161469.17 
135610000      873  9.3031198e-29      161479.51 
135620000      873   5.345782e-29      161489.88 
135630000      873  1.1381866e-28       161500.2 
135640000      873    6.80251e-29      161510.57 
135650000      873  1.3291944e-28      161520.93 
135660000      873  9.7111408e-29      161531.41 
135670000      873  1.4647242e-28      161543.18 
135680000      873  1.3048399e-28      161553.54 
135690000      873  1.5310229e-28      161563.88 
135700000      873  1.4795926e-28      161574.23 
135710000      873  1.2648482e-28      161584.62 
135720000      873  1.6172682e-28      161594.99 
135730000      873  1.3017145e-28      161605.39 
135740000      873  1.7089862e-28      161615.76 
135750000      873     1.2455e-28      161626.17 
135760000      873  1.7735961e-28       161636.6 
135770000      873  1.1531013e-28      161647.37 
135780000      873  1.5983936e-28      161658.95 
135790000      873  1.0249098e-28      161670.71 
135800000      873  1.3053176e-28      161681.28 
135810000      873  1.0748338e-28      161691.65 
135820000      873  1.3091541e-28      161702.06 
135830000      873   1.152509e-28      161712.46 
135840000      873  9.9823491e-29      161723.54 
135850000      873  1.0780036e-28      161733.95 
135860000      873  7.1928561e-29      161744.31 
135870000      873  9.9101178e-29      161754.73 
135880000      873  4.3783227e-29      161765.16 
135890000      873  8.8749374e-29      161775.57 
135900000      873  3.0925687e-29      161786.01 
135910000      873  8.0699439e-29      161797.39 
135920000      873   3.301579e-29       161807.9 
135930000      873   8.339085e-29      161818.31 
135940000      873  5.0445867e-29      161828.73 
135950000      873  8.3702861e-29       161839.1 
135960000      873   8.440559e-29      161849.51 
135970000      873  9.4180963e-29      161859.86 
135980000      873  1.1222857e-28      161870.27 
135990000      873  9.1665347e-29      161880.63 
136000000      873  1.3566911e-28      161891.13 
136010000      873  1.0586914e-28      161902.19 
136020000      873  1.6143127e-28      161912.56 
136030000      873  1.1524444e-28      161923.92 
136040000      873  1.6955205e-28      161934.35 
136050000      873  1.2585925e-28      161944.76 
136060000      873  1.7332416e-28      161955.15 
136070000      873  1.3172646e-28      161965.57 
136080000      873  1.5569662e-28      161975.94 
136090000      873  1.3023173e-28      161986.35 
136100000      873   1.219457e-28       161996.7 
136110000      873  1.2558527e-28      162007.09 
136120000      873  9.0624733e-29      162017.45 
136130000      873  1.1375854e-28      162027.82 
136140000      873  5.7701809e-29      162038.16 
136150000      873  1.0137177e-28       162048.5 
136160000      873  4.3641202e-29      162059.86 
136170000      873  9.3480814e-29      162070.21 
136180000      873  3.6241154e-29      162081.25 
136190000      873  7.9281756e-29      162091.58 
136200000      873  3.8407332e-29      162102.05 
136210000      873  6.8369634e-29      162112.39 
136220000      873  5.7660374e-29      162122.76 
136230000      873  6.4915018e-29       162133.1 
136240000      873  7.8506308e-29      162143.49 
136250000      873  5.8814864e-29      162153.83 
136260000      873  9.9948526e-29      162164.16 
136270000      873  7.0770196e-29       162174.5 
136280000      873  1.2309009e-28      162185.15 
136290000      873  8.9161275e-29      162196.16 
136300000      873    1.56482e-28      162206.51 
136310000      873  1.0643187e-28      162216.82 
136320000      873  1.6424132e-28      162227.12 
136330000      873  1.3044516e-28      162237.46 
136340000      873   1.663711e-28      162247.73 
136350000      873  1.4447231e-28      162258.73 
136360000      873  1.4813322e-28      162269.02 
136370000      873  1.5420086e-28      162279.35 
136380000      873  1.2282515e-28      162289.69 
136390000      873  1.4728419e-28      162299.99 
136400000      873  9.3909482e-29      162310.65 
136410000      873  1.3400493e-28      162321.71 
136420000      873  7.3386074e-29       162332.1 
136430000      873  1.1547178e-28      162342.39 
136440000      873  4.7906817e-29      162352.73 
136450000      873  8.7836262e-29      162363.03 
136460000      873  4.1487591e-29      162373.36 
136470000      873  6.5103357e-29      162383.66 
136480000      873  5.1853899e-29      162393.96 
136490000      873  6.1195809e-29      162404.25 
136500000      873  7.5812395e-29      162414.56 
136510000      873  5.8404627e-29      162424.88 
136520000      873  1.0223604e-28      162435.85 
136530000      873  7.0155532e-29      162447.15 
136540000      873  1.3016709e-28      162457.48 
136550000      873  8.2053847e-29      162467.82 
136560000      873   1.479553e-28      162478.11 
136570000      873  1.0295199e-28      162488.41 
136580000      873  1.5947699e-28       162498.7 
136590000      873  1.2396283e-28      162509.02 
136600000      873  1.4978582e-28      162519.41 
136610000      873  1.4178693e-28      162529.73 
136620000      873  1.4999221e-28      162540.02 
136630000      873  1.5962622e-28      162550.32 
136640000      873  1.3539721e-28      162560.61 
136650000      873  1.5962106e-28      162571.37 
136660000      873  1.1351985e-28      162582.15 
136670000      873  1.5029937e-28      162592.45 
136680000      873  9.4075861e-29      162602.75 
136690000      873  1.3891516e-28      162613.02 
136700000      873  7.7976976e-29      162624.05 
136710000      873  1.1576474e-28      162634.33 
136720000      873  6.2958991e-29      162644.65 
136730000      873  8.5695354e-29      162654.96 
136740000      873  6.4102674e-29      162665.29 
136750000      873  5.6382036e-29      162675.59 
136760000      873  6.8809825e-29      162685.92 
136770000      873  3.9814399e-29      162696.23 
136780000      873  7.9616704e-29      162707.51 
136790000      873  3.5222947e-29      162717.88 
136800000      873  8.9180591e-29      162728.27 
136810000      873  4.7791111e-29      162738.59 
136820000      873  1.1345535e-28      162748.88 
136830000      873  7.8028561e-29      162759.18 
136840000      873  1.3279798e-28      162769.48 
136850000      873  1.0865484e-28      162779.83 
136860000      873    1.43822e-28      162790.17 
136870000      873  1.3886944e-28       162801.2 
136880000      873  1.3872813e-28      162811.51 
136890000      873  1.6376834e-28      162821.86 
136900000      873  1.3639951e-28      162833.19 
136910000      873  1.6555031e-28      162843.61 
136920000      873  1.2089803e-28      162853.93 
136930000      873  1.6208169e-28      162864.28 
136940000      873  1.0374717e-28      162874.61 
136950000      873  1.4967693e-28      162884.97 
136960000      873  9.0236913e-29       162895.3 
136970000      873  1.2462403e-28      162905.65 
136980000      873  8.0573083e-29      162915.97 
136990000      873  9.8033326e-29      162926.33 
137000000      873  8.0886489e-29       162936.8 
137010000      873  6.6579977e-29      162947.15 
137020000      873  7.5773613e-29       162958.2 
137030000      873  4.2958325e-29      162968.91 
137040000      873  7.5630959e-29      162980.04 
137050000      873  3.6421155e-29      162990.42 
137060000      873   8.989182e-29      163000.83 
137070000      873  4.2131936e-29      163011.23 
137080000      873  1.0484285e-28      163021.64 
137090000      873  6.7977917e-29      163032.01 
137100000      873  1.1932087e-28       163042.4 
137110000      873   7.399134e-29      163052.78 
137120000      873  9.5411907e-29      163063.17 
137130000      873  9.9039293e-29      163073.58 
137140000      873  1.0948724e-28      163084.34 
137150000      873  1.3816018e-28      163095.37 
137160000      873  1.2113467e-28      163105.77 
137170000      873  1.6244897e-28      163116.17 
137180000      873  1.2575741e-28      163126.56 
137190000      873  1.7709378e-28      163136.98 
137200000      873  1.2176875e-28      163147.49 
137210000      873  1.7464036e-28      163158.63 
137220000      873  1.2096988e-28      163169.03 
137230000      873  1.5415827e-28      163179.44 
137240000      873  1.1363392e-28      163189.84 
137250000      873  1.2981206e-28      163200.25 
137260000      873  1.1810243e-28      163210.89 
137270000      873  1.0069658e-28      163221.98 
137280000      873  1.1018514e-28      163232.41 
137290000      873  6.7985452e-29      163242.76 
137300000      873  1.0408402e-28      163253.16 
137310000      873   3.970623e-29      163263.52 
137320000      873  8.9668005e-29       163273.9 
137330000      873   3.727899e-29      163284.26 
137340000      873  8.5082399e-29      163294.66 
137350000      873  4.3645106e-29      163305.02 
137360000      873  7.8303153e-29      163315.42 
137370000      873   5.245073e-29      163325.84 
137380000      873  6.9296268e-29      163336.96 
137390000      873  7.5251344e-29      163348.32 
137400000      873  6.2884315e-29      163358.83 
137410000      873  7.7410486e-29      163369.22 
137420000      873  4.1092088e-29      163379.58 
137430000      873  8.2847476e-29      163389.96 
137440000      873  3.1236917e-29      163400.28 
137450000      873  8.4264468e-29      163410.63 
137460000      873   3.560978e-29      163420.94 
137470000      873  9.5845086e-29       163431.3 
137480000      873  5.4135928e-29      163441.63 
137490000      873  1.0051509e-28      163451.96 
137500000      873  8.6632993e-29      163462.31 
137510000      873  1.0986092e-28      163473.13 
137520000      873   1.199452e-28      163484.02 
137530000      873  1.1232089e-28      163494.39 
137540000      873  1.4173237e-28      163504.77 
137550000      873  1.1727616e-28      163515.82 
137560000      873  1.6592396e-28      163526.19 
137570000      873  1.2283319e-28       163536.5 
137580000      873  1.7716501e-28      163546.85 
137590000      873  1.2381467e-28      163557.16 
137600000      873  1.7023392e-28      163567.62 
137610000      873  1.1783184e-28      163577.92 
137620000      873  1.4992081e-28      163588.25 
137630000      873  1.1634132e-28      163598.57 
137640000      873  1.1876006e-28      163609.15 
137650000      873   1.025453e-28      163620.21 
137660000      873  8.6266109e-29      163630.54 
137670000      873  9.4261637e-29      163640.85 
137680000      873  4.8279193e-29      163651.14 
137690000      873  8.8550062e-29      163661.47 
137700000      873  3.5008818e-29      163671.78 
137710000      873  8.5165204e-29      163682.12 
137720000      873  2.9392045e-29      163692.42 
137730000      873   8.276648e-29      163704.38 
137740000      873   4.483715e-29      163715.44 
137750000      873  8.9335271e-29      163725.76 
137760000      873  7.6629097e-29      163736.09 
137770000      873  1.0292174e-28      163746.39 
137780000      873  1.1487155e-28      163756.71 
137790000      873  1.1723366e-28      163767.67 
137800000      873  1.4847903e-28      163778.38 
137810000      873  1.2242065e-28      163788.67 
137820000      873  1.7001017e-28      163798.99 
137830000      873  1.2344335e-28      163809.25 
137840000      873  1.7624277e-28      163819.56 
137850000      873  1.2400789e-28      163829.84 
137860000      873  1.6998637e-28      163840.16 
137870000      873  1.2052087e-28      163850.49 
137880000      873  1.5396617e-28      163860.79 
137890000      873   1.196673e-28      163871.12 
137900000      873  1.2849802e-28      163882.13 
137910000      873  1.1425329e-28      163892.91 
137920000      873  9.0958869e-29      163903.73 
137930000      873  9.8583955e-29      163914.04 
137940000      873  5.7125152e-29      163924.34 
137950000      873  9.3569061e-29       163934.6 
137960000      873  4.2643186e-29      163944.89 
137970000      873  9.9585406e-29      163955.14 
137980000      873   4.173195e-29      163965.42 
137990000      873   8.988262e-29       163975.7 
138000000      873  3.6537957e-29       163986.1 
138010000      873  7.4223961e-29      163996.43 
138020000      873  4.7923024e-29      164006.71 
138030000      873  7.0282097e-29      164017.02 
138040000      873  7.2671026e-29      164028.34 
138050000      873  7.1587403e-29      164038.73 
138060000      873  9.6794498e-29      164049.02 
138070000      873  7.4922649e-29      164060.05 
138080000      873  1.2545846e-28      164070.34 
138090000      873  9.3932584e-29      164080.67 
138100000      873  1.4542804e-28      164090.97 
138110000      873  1.0713543e-28      164101.28 
138120000      873  1.6832496e-28      164111.59 
138130000      873  1.2235819e-28      164121.87 
138140000      873  1.6306697e-28      164132.19 
138150000      873  1.3459074e-28      164142.46 
138160000      873  1.6131047e-28      164153.79 
138170000      873  1.4619121e-28      164164.15 
138180000      873  1.4161363e-28      164174.51 
138190000      873  1.4602051e-28      164184.84 
138200000      873  1.1674721e-28      164195.29 
138210000      873  1.4257057e-28      164205.64 
138220000      873  8.9193414e-29      164216.01 
138230000      873  1.2673243e-28      164226.36 
138240000      873  5.8816079e-29      164237.41 
138250000      873  1.0334587e-28      164247.77 
138260000      873  4.5115533e-29       164258.1 
138270000      873  8.5498031e-29      164268.47 
138280000      873  4.9966536e-29      164279.49 
138290000      873  6.1154987e-29      164290.15 
138300000      873  5.9762551e-29      164300.49 
138310000      873  5.1210632e-29      164310.86 
138320000      873  7.7312907e-29       164321.2 
138330000      873  5.0946435e-29      164331.59 
138340000      873  9.7986072e-29      164341.96 
138350000      873  5.2909322e-29      164352.37 
138360000      873  1.1426125e-28      164362.78 
138370000      873  6.2662382e-29      164373.17 
138380000      873  1.2917542e-28      164383.58 
138390000      873  9.5276764e-29      164393.97 
138400000      873  1.5136523e-28      164404.86 
138410000      873  1.1903378e-28      164417.03 
138420000      873  1.5287811e-28      164427.46 
138430000      873  1.3861991e-28      164437.83 
138440000      873  1.4051876e-28      164448.24 
138450000      873  1.4004931e-28      164458.61 
138460000      873  1.1206885e-28         164469 
138470000      873  1.5348462e-28      164479.37 
138480000      873   1.184472e-28      164490.27 
138490000      873  1.5629592e-28      164500.68 
138500000      873  1.0456785e-28      164511.08 
138510000      873  1.6666399e-28       164521.5 
138520000      873  1.2371239e-28       164531.9 
138530000      873  1.7390552e-28      164542.34 
138540000      873  1.2845883e-28      164552.73 
138550000      873  1.5968727e-28         164564 
138560000      873  1.3244726e-28      164574.56 
138570000      873  1.3876261e-28         164585 
138580000      873  1.3030201e-28      164595.38 
138590000      873  1.1863659e-28      164606.45 
138600000      873   1.375288e-28       164616.9 
138610000      873  8.5686477e-29      164627.31 
138620000      873  1.1899694e-28       164637.7 
138630000      873  6.2194664e-29      164648.04 
138640000      873  1.0593662e-28      164658.43 
138650000      873  4.3442138e-29      164668.79 
138660000      873  8.6972955e-29      164679.18 
138670000      873  3.8176421e-29      164689.57 
138680000      873  7.6588985e-29      164699.99 
138690000      873  5.4539474e-29      164710.36 
138700000      873  6.8095715e-29      164721.76 
138710000      873  7.9457621e-29      164732.18 
138720000      873  7.0045184e-29      164742.56 
138730000      873  1.1571792e-28      164752.91 
138740000      873  8.6026531e-29      164763.29 
138750000      873  1.4890765e-28      164773.65 
138760000      873   1.076357e-28      164784.68 
138770000      873  1.6997247e-28      164795.03 
138780000      873  1.2095657e-28      164805.37 
138790000      873  1.7136931e-28      164815.72 
138800000      873  1.3467437e-28      164826.16 
138810000      873  1.5698784e-28       164836.5 
138820000      873  1.3855197e-28      164846.82 
138830000      873  1.3824572e-28      164857.18 
138840000      873  1.4218848e-28      164867.53 
138850000      873  1.0553896e-28      164878.89 
138860000      873   1.310447e-28      164889.29 
138870000      873  8.2370143e-29      164899.63 
138880000      873  1.2404717e-28      164909.98 
138890000      873  5.9043108e-29      164920.29 
138900000      873  1.0447477e-28      164930.63 
138910000      873  5.1054439e-29      164940.94 
138920000      873  8.6004168e-29      164951.28 
138930000      873  4.4980275e-29       164962.3 
138940000      873  6.7618434e-29       164972.6 
138950000      873  5.0977304e-29      164982.91 
138960000      873  5.9602106e-29       164993.2 
138970000      873  7.3864003e-29      165003.52 
138980000      873  5.1547963e-29      165013.84 
138990000      873  9.5126502e-29      165024.14 
139000000      873  6.6306614e-29      165035.56 
139010000      873  1.2174681e-28      165045.91 
139020000      873  8.2849958e-29      165056.26 
139030000      873  1.4783901e-28      165066.57 
139040000      873  1.0774104e-28       165076.9 
139050000      873  1.6555434e-28      165087.21 
139060000      873  1.2967542e-28      165097.53 
139070000      873  1.6081255e-28      165107.83 
139080000      873  1.4306059e-28      165118.16 
139090000      873  1.4221025e-28      165128.42 
139100000      873  1.6162498e-28      165139.43 
139110000      873  1.2468094e-28      165149.74 
139120000      873  1.6351975e-28         165160 
139130000      873  1.0829747e-28       165170.3 
139140000      873  1.5321463e-28      165180.59 
139150000      873  8.8184512e-29      165191.39 
139160000      873  1.3377595e-28      165202.42 
139170000      873    6.98471e-29      165212.76 
139180000      873  9.7412278e-29      165223.05 
139190000      873  5.7851754e-29      165233.38 
139200000      873  7.5120268e-29      165243.79 
139210000      873  6.3356442e-29      165254.12 
139220000      873  5.0695152e-29       165264.4 
139230000      873  7.0838076e-29      165274.72 
139240000      873  4.0552513e-29      165285.03 
139250000      873  9.1322791e-29      165295.31 
139260000      873   4.059237e-29       165305.6 
139270000      873  1.0093393e-28      165315.87 
139280000      873  5.4006331e-29      165326.88 
139290000      873  1.1845963e-28      165337.14 
139300000      873   7.745546e-29      165347.88 
139310000      873  1.2630847e-28      165358.73 
139320000      873   1.113639e-28      165369.07 
139330000      873  1.3820491e-28      165379.36 
139340000      873  1.4291765e-28      165389.68 
139350000      873  1.3969652e-28      165399.97 
139360000      873  1.6729263e-28      165410.32 
139370000      873  1.3423579e-28      165420.66 
139380000      873  1.6911894e-28      165430.95 
139390000      873  1.1345815e-28      165441.27 
139400000      873  1.6540526e-28      165451.69 
139410000      873  1.1439312e-28      165462.01 
139420000      873  1.6615588e-28       165472.3 
139430000      873  1.1173226e-28      165482.61 
139440000      873  1.4260792e-28      165492.89 
139450000      873  1.1227751e-28      165503.91 
139460000      873  1.2155667e-28      165515.19 
139470000      873  1.0963563e-28      165525.57 
139480000      873  9.2110566e-29      165535.91 
139490000      873  1.0957419e-28      165546.25 
139500000      873  7.0473886e-29      165556.61 
139510000      873  9.9560116e-29      165566.94 
139520000      873   4.796186e-29      165577.29 
139530000      873  9.2799479e-29      165587.64 
139540000      873  3.4316639e-29      165598.02 
139550000      873  8.1871101e-29      165608.34 
139560000      873  3.7177744e-29      165618.71 
139570000      873  7.4597325e-29      165629.05 
139580000      873  4.7438944e-29      165639.41 
139590000      873  6.5051357e-29      165649.74 
139600000      873  6.4483843e-29      165660.22 
139610000      873  5.9397771e-29      165671.55 
139620000      873   8.438006e-29      165682.62 
139630000      873  6.7087067e-29      165693.01 
139640000      873  1.0100857e-28      165703.35 
139650000      873  7.4951342e-29      165713.75 
139660000      873  1.2748804e-28      165724.14 
139670000      873    1.01872e-28      165734.54 
139680000      873  1.5286893e-28      165744.93 
139690000      873  1.2027683e-28      165755.33 
139700000      873  1.7454178e-28       165765.7 
139710000      873  1.1563833e-28      165776.11 
139720000      873  1.6441066e-28       165786.5 
139730000      873  1.1960307e-28      165796.92 
139740000      873  1.7793115e-28      165807.32 
139750000      873  1.2919326e-28      165817.69 
139760000      873  1.6765622e-28      165829.12 
139770000      873  1.2440153e-28      165839.55 
139780000      873  1.5680651e-28      165849.94 
139790000      873  1.2650363e-28      165861.02 
139800000      873  1.3215237e-28      165871.56 
139810000      873  1.2411351e-28      165881.94 
139820000      873  1.1652952e-28      165892.37 
139830000      873  1.3844281e-28      165902.77 
139840000      873  1.2281226e-28       165913.2 
139850000      873  1.3675778e-28      165923.63 
139860000      873  9.9542924e-29      165934.01 
139870000      873   1.312794e-28      165944.41 
139880000      873  8.3003947e-29      165954.79 
139890000      873  1.2140611e-28       165965.2 
139900000      873  5.7090305e-29      165975.56 
139910000      873   1.046446e-28      165986.95 
139920000      873  4.6244674e-29      165997.35 
139930000      873   9.628588e-29      166007.77 
139940000      873  5.1686083e-29      166018.14 
139950000      873  7.8269497e-29      166028.53 
139960000      873  4.8939345e-29      166039.63 
139970000      873  6.3376007e-29      166050.03 
139980000      873  6.0359231e-29      166060.41 
139990000      873  4.9952526e-29      166070.84 
140000000      873  7.4285123e-29      166081.33 
140010000      873  4.6091709e-29      166091.73 
140020000      873  9.4449442e-29       166102.1 
140030000      873  5.1403315e-29       166112.5 
140040000      873  1.1870452e-28      166122.83 
140050000      873  7.4530637e-29      166133.21 
140060000      873  1.3988814e-28      166144.53 
140070000      873   9.616577e-29      166154.94 
140080000      873  1.5490337e-28      166165.28 
140090000      873  1.2553799e-28      166175.62 
140100000      873  1.6601147e-28      166185.96 
140110000      873  1.3341431e-28      166196.29 
140120000      873  1.6220878e-28      166206.64 
140130000      873  1.4207447e-28      166217.67 
140140000      873  1.4110783e-28      166228.04 
140150000      873  1.3803237e-28      166238.37 
140160000      873  1.2268141e-28      166248.76 
140170000      873  1.2524254e-28      166259.11 
140180000      873  9.8960869e-29      166269.45 
140190000      873   1.097201e-28      166279.78 
140200000      873  7.5331401e-29      166290.58 
140210000      873  9.7038232e-29      166301.51 
140220000      873  4.8774282e-29      166311.88 
140230000      873  8.7238869e-29      166322.22 
140240000      873   3.167932e-29      166332.51 
140250000      873  8.6396194e-29      166342.83 
140260000      873  2.9496012e-29      166353.12 
140270000      873  8.0746694e-29      166363.41 
140280000      873  4.3452009e-29       166373.7 
140290000      873  8.6816329e-29      166384.03 
140300000      873  7.2449197e-29      166394.34 
140310000      873  1.0106154e-28      166405.35 
140320000      873  1.1375394e-28      166415.65 
140330000      873  1.0641224e-28         166426 
140340000      873  1.4500029e-28       166436.3 
140350000      873  1.1707883e-28      166446.64 
140360000      873  1.7091974e-28      166457.95 
140370000      873   1.214841e-28       166468.3 
140380000      873  1.7926578e-28      166478.62 
140390000      873  1.2041031e-28      166488.91 
140400000      873  1.7050476e-28      166499.34 
140410000      873  1.1655059e-28       166509.6 
140420000      873  1.5110543e-28       166519.9 
140430000      873  9.9556479e-29      166530.18 
140440000      873  1.2883743e-28      166540.46 
140450000      873  8.8655581e-29      166550.73 
140460000      873  1.0585748e-28      166561.04 
140470000      873  8.8319671e-29      166571.35 
140480000      873  7.6321014e-29      166582.36 
140490000      873  8.0673909e-29      166592.68 
140500000      873  4.8324732e-29      166602.99 
140510000      873  7.8786518e-29       166614.3 
140520000      873  3.2596257e-29      166624.63 
140530000      873  8.5703384e-29      166634.94 
140540000      873   3.353373e-29      166645.21 
140550000      873  8.9835994e-29      166655.52 
140560000      873  4.5940014e-29      166665.79 
140570000      873  1.0680152e-28      166676.07 
140580000      873  6.2256988e-29      166686.31 
140590000      873  1.0957455e-28       166696.6 
140600000      873  7.6920999e-29         166707 
140610000      873  1.3070773e-28      166717.25 
140620000      873  1.0158037e-28      166727.55 
140630000      873  1.4147867e-28      166737.84 
140640000      873  1.1598199e-28      166748.14 
140650000      873  1.4761499e-28      166759.12 
140660000      873  1.3442874e-28      166770.42 
140670000      873  1.5134076e-28      166780.74 
140680000      873  1.5446364e-28      166791.08 
140690000      873  1.4107668e-28      166801.37 
140700000      873  1.6236376e-28      166811.69 
140710000      873  1.2618322e-28      166821.97 
140720000      873  1.6082104e-28      166832.29 
140730000      873  1.0797113e-28      166842.59 
140740000      873  1.4977745e-28      166852.87 
140750000      873  9.3428054e-29      166863.19 
140760000      873  1.3820031e-28      166873.47 
140770000      873  6.6659591e-29      166883.79 
140780000      873  1.0769275e-28      166894.09 
140790000      873  4.7625808e-29      166904.41 
140800000      873  8.7479866e-29      166914.84 
140810000      873  3.8334981e-29       166926.2 
140820000      873  7.4212974e-29      166937.27 
140830000      873  4.6438108e-29      166947.63 
140840000      873  6.2059057e-29      166957.95 
140850000      873  6.6696456e-29      166968.32 
140860000      873  6.3609515e-29      166978.69 
140870000      873  7.7971923e-29         166989 
140880000      873  7.5999956e-29      166999.35 
140890000      873  1.1090452e-28      167009.68 
140900000      873  9.0514776e-29      167020.02 
140910000      873  1.4009223e-28      167030.35 
140920000      873   1.107978e-28       167040.7 
140930000      873  1.6269541e-28      167051.01 
140940000      873  1.1546529e-28      167061.39 
140950000      873   1.762037e-28      167071.75 
140960000      873  1.2478006e-28      167083.11 
140970000      873  1.6918228e-28      167093.57 
140980000      873  1.3040707e-28      167103.99 
140990000      873  1.5358613e-28      167114.38 
141000000      873   1.243545e-28      167125.57 
141010000      873  1.3188769e-28      167135.95 
141020000      873  1.2113157e-28      167146.36 
141030000      873  9.6101418e-29      167156.74 
141040000      873  1.2061729e-28      167167.15 
141050000      873  7.2688874e-29      167177.52 
141060000      873  1.1729875e-28      167187.92 
141070000      873  6.6597534e-29      167198.29 
141080000      873  1.1683805e-28      167208.71 
141090000      873  5.1610789e-29      167219.13 
141100000      873  9.1261139e-29       167229.5 
141110000      873  4.3133898e-29       167240.9 
141120000      873  7.4395077e-29      167251.35 
141130000      873  4.8253943e-29      167261.77 
141140000      873  6.0082254e-29      167272.18 
141150000      873   6.127379e-29      167282.61 
141160000      873  6.1071508e-29         167293 
141170000      873   9.274817e-29      167304.11 
141180000      873  6.8180001e-29      167314.49 
141190000      873  8.7570395e-29      167324.87 
141200000      873  5.4187848e-29      167335.36 
141210000      873  1.1281891e-28      167345.76 
141220000      873  7.0574863e-29      167356.16 
141230000      873  1.2456836e-28      167366.51 
141240000      873  7.9888527e-29      167376.88 
141250000      873  1.4508108e-28      167387.95 
141260000      873  1.0241212e-28      167398.65 
141270000      873  1.6454298e-28      167409.03 
141280000      873  1.2521017e-28      167419.44 
141290000      873  1.6767075e-28      167429.83 
141300000      873  1.3399524e-28      167440.24 
141310000      873  1.4811858e-28      167450.63 
141320000      873  1.5232033e-28      167461.05 
141330000      873  1.4513905e-28       167471.4 
141340000      873  1.5022082e-28      167482.47 
141350000      873  1.1827967e-28      167492.86 
141360000      873  1.4686163e-28      167503.19 
141370000      873  9.0974002e-29      167513.56 
141380000      873  1.3332176e-28      167525.06 
141390000      873  7.3827305e-29      167535.46 
141400000      873  1.1718273e-28       167545.9 
141410000      873  5.6166963e-29      167556.23 
141420000      873  9.2506114e-29      167566.55 
141430000      873  4.4899672e-29      167576.91 
141440000      873  6.8374825e-29      167587.24 
141450000      873  5.1107649e-29      167597.61 
141460000      873  5.9215189e-29      167607.99 
141470000      873  6.7946407e-29      167618.33 
141480000      873  5.5059007e-29      167628.72 
141490000      873  9.4502777e-29      167639.06 
141500000      873  6.3647005e-29      167649.87 
141510000      873   1.204687e-28      167661.43 
141520000      873  7.1915751e-29      167671.81 
141530000      873  1.3626503e-28      167682.11 
141540000      873  9.7009399e-29      167692.45 
141550000      873  1.5787733e-28      167702.76 
141560000      873   1.220135e-28      167713.08 
141570000      873  1.6939327e-28      167723.37 
141580000      873  1.3743335e-28      167733.69 
141590000      873  1.5557979e-28      167743.99 
141600000      873  1.4502662e-28      167754.41 
141610000      873  1.3148594e-28      167764.76 
141620000      873  1.4202533e-28      167775.07 
141630000      873  9.8797157e-29      167786.39 
141640000      873  1.3085714e-28      167796.74 
141650000      873  7.3244204e-29      167807.11 
141660000      873  1.1344778e-28      167817.42 
141670000      873  4.8624512e-29      167827.76 
141680000      873  9.3466017e-29      167838.76 
141690000      873  4.1780849e-29       167849.1 
141700000      873  7.7737354e-29      167859.38 
141710000      873  4.1893307e-29       167869.7 
141720000      873  6.3990913e-29      167880.01 
141730000      873  5.9675831e-29      167890.28 
141740000      873  5.8553529e-29       167900.6 
141750000      873  8.6215397e-29      167910.87 
141760000      873  6.4597074e-29      167921.16 
141770000      873  1.1532177e-28      167931.46 
141780000      873  7.6502173e-29      167942.78 
141790000      873  1.3296184e-28      167953.12 
141800000      873  9.1278029e-29      167963.55 
141810000      873  1.5095309e-28      167973.85 
141820000      873  1.0706581e-28      167984.17 
141830000      873  1.5680177e-28      167994.47 
141840000      873  1.3612947e-28      168004.78 
141850000      873  1.5437903e-28      168016.28 
141860000      873  1.5020543e-28      168026.56 
141870000      873  1.2831216e-28      168036.86 
141880000      873  1.6553546e-28      168047.12 
141890000      873  1.3174999e-28      168057.42 
141900000      873  1.7001548e-28      168067.66 
141910000      873  1.1145982e-28      168077.96 
141920000      873   1.552135e-28      168088.72 
141930000      873  9.2829359e-29         168100 
141940000      873  1.3781059e-28      168110.33 
141950000      873  7.7355928e-29      168120.66 
141960000      873  1.1093726e-28      168130.97 
141970000      873  7.2110296e-29      168141.26 
141980000      873   8.022714e-29      168151.58 
141990000      873  6.4067383e-29      168161.87 
142000000      873   5.692169e-29      168172.32 
142010000      873   7.063789e-29      168182.66 
142020000      873  3.5780545e-29      168192.96 
142030000      873  7.6769974e-29      168203.97 
142040000      873  3.7532413e-29      168214.25 
142050000      873  9.3790534e-29      168224.56 
142060000      873  5.0359322e-29      168234.86 
142070000      873  1.1640794e-28      168246.18 
142080000      873  7.7820949e-29      168256.54 
142090000      873  1.3192639e-28      168266.85 
142100000      873  1.0395723e-28       168277.2 
142110000      873  1.3889038e-28      168287.52 
142120000      873  1.3887149e-28      168297.88 
142130000      873  1.4823881e-28      168308.21 
142140000      873  1.6026521e-28      168318.58 
142150000      873  1.3675155e-28      168328.92 
142160000      873  1.6170341e-28      168339.27 
142170000      873  1.1815517e-28       168349.6 
142180000      873  1.6618211e-28      168359.98 
142190000      873  1.1609381e-28      168370.31 
142200000      873  1.6920481e-28       168381.5 
142210000      873  1.0725687e-28      168391.85 
142220000      873  1.5209527e-28      168403.06 
142230000      873  9.8972904e-29      168413.58 
142240000      873  1.2192394e-28      168423.93 
142250000      873  9.5612796e-29      168434.31 
142260000      873  9.5936271e-29      168444.66 
142270000      873  8.6113487e-29      168455.07 
142280000      873  5.7875315e-29      168465.44 
142290000      873  8.0075311e-29      168475.85 
142300000      873  3.8787958e-29      168486.23 
142310000      873  8.1673873e-29      168496.65 
142320000      873   3.063458e-29      168507.04 
142330000      873  8.8232312e-29      168517.43 
142340000      873   3.686769e-29      168527.84 
142350000      873  8.8760618e-29      168538.23 
142360000      873  5.9247596e-29      168548.63 
142370000      873  9.5518965e-29      168560.52 
142380000      873  9.2556948e-29      168570.97 
142390000      873  1.0048767e-28      168581.34 
142400000      873   1.238926e-28      168591.86 
142410000      873  1.1346688e-28      168602.25 
142420000      873  1.5726067e-28      168612.65 
142430000      873  1.1582776e-28      168623.04 
142440000      873  1.7229756e-28      168633.47 
142450000      873  1.2714759e-28      168643.86 
142460000      873  1.7610479e-28      168654.29 
142470000      873  1.2313044e-28      168664.71 
142480000      873  1.5750606e-28      168675.11 
142490000      873  1.1448165e-28       168686.5 
142500000      873  1.2800575e-28      168696.91 
142510000      873  1.0594315e-28      168707.32 
142520000      873  9.2241198e-29      168717.67 
142530000      873  9.1348016e-29      168728.07 
142540000      873  5.6118652e-29      168739.12 
142550000      873  8.2128556e-29       168749.5 
142560000      873  3.4668257e-29      168759.84 
142570000      873  8.5403246e-29      168770.24 
142580000      873  3.1146751e-29      168780.65 
142590000      873   8.543446e-29      168791.01 
142600000      873  3.7254564e-29      168801.53 
142610000      873  9.0764413e-29      168812.88 
142620000      873  6.0595158e-29      168823.34 
142630000      873  8.5117536e-29      168833.72 
142640000      873  6.5477165e-29      168844.11 
142650000      873   6.579005e-29      168854.46 
142660000      873  8.4685005e-29      168864.82 
142670000      873  7.0112173e-29      168875.16 
142680000      873  1.1519377e-28       168885.5 
142690000      873  8.0102183e-29      168895.81 
142700000      873  1.4075442e-28      168906.17 
142710000      873  1.0113509e-28      168917.22 
142720000      873  1.6258265e-28      168927.53 
142730000      873  1.2076681e-28      168937.86 
142740000      873  1.7288956e-28      168949.17 
142750000      873   1.275298e-28      168959.59 
142760000      873  1.6088043e-28       168969.9 
142770000      873  1.4679013e-28      168980.26 
142780000      873  1.4761835e-28       168990.6 
142790000      873  1.4590369e-28      169000.97 
142800000      873   1.227565e-28      169011.42 
142810000      873   1.468765e-28      169021.78 
142820000      873  9.5250201e-29      169032.07 
142830000      873  1.2885857e-28      169042.42 
142840000      873  6.1286897e-29      169052.77 
142850000      873    1.15626e-28      169063.05 
142860000      873  7.2523277e-29      169073.38 
142870000      873  1.1964625e-28      169083.68 
142880000      873  6.6366481e-29      169095.59 
142890000      873  9.1960409e-29         169106 
142900000      873  5.7537915e-29      169116.31 
142910000      873  6.3126228e-29      169126.61 
142920000      873  6.2620489e-29      169136.93 
142930000      873  4.9081275e-29      169147.24 
142940000      873  7.2716525e-29      169157.57 
142950000      873  4.1100911e-29       169167.9 
142960000      873  9.3687872e-29      169178.21 
142970000      873  5.1873204e-29      169188.55 
142980000      873  1.1466545e-28      169198.86 
142990000      873   6.810851e-29      169209.18 
143000000      873  1.2927167e-28      169220.09 
143010000      873  9.6259288e-29      169231.18 
143020000      873  1.4754606e-28      169241.46 
143030000      873  1.3225781e-28      169251.77 
143040000      873  1.5047386e-28      169262.08 
143050000      873  1.5293707e-28      169272.33 
143060000      873  1.3887876e-28      169283.33 
143070000      873  1.6026139e-28      169293.64 
143080000      873  1.3174092e-28      169303.91 
143090000      873   1.711827e-28      169314.24 
143100000      873  1.2188555e-28      169324.54 
143110000      873  1.6889264e-28      169334.87 
143120000      873  1.0812447e-28      169345.48 
143130000      873  1.4902406e-28      169356.48 
143140000      873  9.5820067e-29      169366.82 
143150000      873  1.2479886e-28      169377.14 
143160000      873  8.7814025e-29      169387.44 
143170000      873  9.7211069e-29      169397.75 
143180000      873   8.197871e-29      169408.02 
143190000      873  6.9523321e-29      169418.32 
143200000      873  8.7404544e-29      169428.75 
143210000      873  4.6377663e-29      169439.01 
143220000      873  8.3006571e-29      169449.28 
143230000      873  3.1785916e-29      169460.24 
143240000      873  8.2422959e-29      169470.56 
143250000      873  3.1364076e-29      169481.82 
143260000      873   8.929973e-29      169492.19 
143270000      873  4.4550676e-29      169502.49 
143280000      873  8.6872308e-29      169512.82 
143290000      873   6.886539e-29      169523.11 
143300000      873  1.0021375e-28      169533.44 
143310000      873  1.0823661e-28      169543.72 
143320000      873  1.1247907e-28      169554.05 
143330000      873  1.3895665e-28      169564.39 
143340000      873  1.2010202e-28      169574.67 
143350000      873  1.6932743e-28      169584.98 
143360000      873  1.2294637e-28      169595.28 
143370000      873  1.7514684e-28      169606.12 
143380000      873  1.1475986e-28      169616.92 
143390000      873  1.7402976e-28      169627.28 
143400000      873  1.1861789e-28       169638.4 
143410000      873  1.6431467e-28      169648.76 
143420000      873  1.4004168e-28      169659.08 
143430000      873  1.5325937e-28      169669.44 
143440000      873  1.4452216e-28      169679.78 
143450000      873   1.278587e-28      169690.14 
143460000      873  1.3861747e-28      169700.51 
143470000      873  9.7362474e-29      169710.84 
143480000      873  1.2931544e-28      169721.18 
143490000      873  7.2702245e-29      169731.53 
143500000      873  1.1207839e-28       169742.9 
143510000      873  4.8078645e-29      169753.26 
143520000      873  9.3117091e-29      169763.61 
143530000      873  4.0027887e-29      169773.93 
143540000      873  7.8669003e-29      169784.28 
143550000      873  4.0557037e-29      169794.63 
143560000      873  6.4520982e-29      169805.01 
143570000      873  5.6253955e-29      169815.39 
143580000      873  6.2145264e-29      169826.46 
143590000      873  8.5030155e-29      169836.87 
143600000      873  6.5049153e-29      169847.36 
143610000      873  1.1137938e-28      169857.78 
143620000      873  7.5331892e-29      169868.16 
143630000      873  1.3954487e-28      169878.58 
143640000      873  9.1983217e-29      169889.44 
143650000      873  1.6042448e-28      169900.34 
143660000      873  1.2156061e-28      169910.74 
143670000      873  1.7197824e-28      169921.15 
143680000      873  1.3465418e-28      169931.51 
143690000      873  1.5475977e-28      169941.91 
143700000      873  1.4879552e-28       169952.3 
143710000      873  1.3775058e-28      169962.66 
143720000      873  1.4948626e-28      169973.07 
143730000      873  1.1127022e-28      169983.45 
143740000      873  1.4088111e-28      169993.86 
143750000      873  8.5440163e-29      170004.95 
143760000      873  1.2365666e-28      170015.39 
143770000      873  6.1148253e-29      170026.78 
143780000      873  1.0690725e-28      170037.24 
143790000      873  4.7367024e-29      170047.63 
143800000      873  8.0487292e-29      170058.16 
143810000      873  5.0260376e-29      170068.53 
143820000      873  6.2694302e-29      170078.92 
143830000      873   6.192297e-29       170089.3 
143840000      873  4.4932601e-29      170099.67 
143850000      873  7.7477417e-29      170110.05 
143860000      873  4.6051945e-29      170120.41 
143870000      873   9.765179e-29      170130.79 
143880000      873  5.3060131e-29      170141.14 
143890000      873  1.1461475e-28      170152.55 
143900000      873  7.1940993e-29      170162.98 
143910000      873  1.3379847e-28      170173.38 
143920000      873   9.774719e-29      170184.45 
143930000      873  1.1536447e-28      170194.87 
143940000      873  9.3564215e-29      170205.26 
143950000      873  1.1720855e-28      170215.66 
143960000      873  1.2739529e-28      170226.04 
143970000      873  1.2102318e-28      170236.39 
143980000      873  1.4128364e-28      170246.76 
143990000      873  1.1346075e-28      170257.09 
144000000      873  1.6550899e-28      170267.56 
144010000      873  1.1689667e-28      170278.86 
144020000      873  1.7666153e-28      170289.25 
144030000      873  1.2523389e-28      170299.57 
144040000      873  1.7394589e-28      170309.91 
144050000      873  1.2312306e-28      170320.21 
144060000      873  1.5293487e-28      170330.62 
144070000      873  1.2441011e-28      170340.97 
144080000      873  1.2225002e-28      170351.33 
144090000      873  1.1859314e-28      170362.39 
144100000      873   9.052277e-29      170372.75 
144110000      873  1.0406094e-28      170383.05 
144120000      873  5.5954473e-29      170393.42 
144130000      873  9.4889368e-29      170404.71 
144140000      873  5.0599328e-29      170415.09 
144150000      873  1.0632781e-28      170425.39 
144160000      873  4.6504641e-29      170435.72 
144170000      873  8.8657746e-29         170446 
144180000      873  4.0302004e-29      170456.32 
144190000      873  7.2902181e-29      170466.64 
144200000      873  5.1038275e-29      170477.04 
144210000      873  5.4917438e-29      170487.36 
144220000      873   6.309149e-29      170497.64 
144230000      873  4.8998452e-29      170507.97 
144240000      873   8.722791e-29      170518.28 
144250000      873   5.119485e-29      170529.11 
144260000      873  9.0494136e-29      170540.64 
144270000      873   3.950454e-29         170551 
144280000      873  9.7522609e-29      170561.29 
144290000      873  4.8226785e-29      170571.63 
144300000      873  1.0332174e-28      170581.94 
144310000      873  7.0556185e-29      170592.24 
144320000      873  1.1562546e-28      170602.55 
144330000      873  1.0779776e-28      170612.82 
144340000      873  1.2390391e-28      170623.12 
144350000      873  1.4687471e-28      170633.39 
144360000      873  1.3205203e-28      170643.69 
144370000      873  1.6764395e-28      170653.95 
144380000      873  1.2449907e-28      170665.26 
144390000      873  1.7792274e-28       170675.6 
144400000      873  1.2157046e-28      170686.01 
144410000      873  1.6848693e-28       170696.3 
144420000      873  1.1074618e-28      170706.64 
144430000      873   1.433948e-28      170717.67 
144440000      873  9.0555134e-29      170727.99 
144450000      873   1.104922e-28       170738.3 
144460000      873   8.063218e-29      170748.59 
144470000      873  7.5014502e-29      170758.92 
144480000      873  9.4003152e-29      170769.18 
144490000      873  6.8833021e-29      170779.47 
144500000      873  9.9475401e-29      170790.72 
144510000      873   4.715942e-29      170801.07 
144520000      873  9.4128691e-29      170811.33 
144530000      873  3.5060541e-29      170821.63 
144540000      873  8.4501365e-29      170831.88 
144550000      873  3.2381921e-29       170842.2 
144560000      873  8.0587234e-29      170852.52 
144570000      873  4.2564456e-29      170862.79 
144580000      873  7.1728381e-29      170873.12 
144590000      873  5.9584895e-29      170883.42 
144600000      873  6.6912905e-29      170893.85 
144610000      873   7.345381e-29      170904.83 
144620000      873  4.6509397e-29      170915.16 
144630000      873   7.545984e-29      170926.45 
144640000      873  3.4665879e-29      170936.83 
144650000      873  8.5714605e-29      170947.12 
144660000      873  3.7107529e-29      170957.43 
144670000      873  9.4829799e-29      170967.72 
144680000      873  5.5502184e-29      170978.03 
144690000      873  1.1687184e-28      170988.37 
144700000      873  8.4310623e-29      170998.67 
144710000      873  1.1453019e-28         171009 
144720000      873  9.6956513e-29      171019.33 
144730000      873  1.0868735e-28      171029.69 
144740000      873  1.1544099e-28      171040.01 
144750000      873   8.045922e-29      171051.39 
144760000      873  1.1612671e-28      171061.78 
144770000      873  8.7792828e-29      171072.15 
144780000      873   1.519979e-28      171083.19 
144790000      873  1.0571773e-28      171093.56 
144800000      873  1.6404394e-28      171103.99 
144810000      873  1.1519101e-28      171114.36 
144820000      873  1.6635991e-28      171124.72 
144830000      873  1.3210102e-28      171135.04 
144840000      873  1.6014579e-28      171145.38 
144850000      873   1.464216e-28      171155.71 
144860000      873  1.4749612e-28      171166.07 
144870000      873  1.4632728e-28      171176.42 
144880000      873  1.1529951e-28      171186.81 
144890000      873  1.3621393e-28      171197.19 
144900000      873  8.5660174e-29      171208.59 
144910000      873  1.1852173e-28      171219.02 
144920000      873  5.6463067e-29      171229.44 
144930000      873  1.0717502e-28      171239.82 
144940000      873   4.548932e-29      171250.22 
144950000      873  8.6992041e-29      171261.31 
144960000      873  4.3297762e-29      171271.69 
144970000      873  7.2529162e-29      171282.08 
144980000      873  5.3004399e-29      171292.46 
144990000      873  5.5653113e-29      171302.87 
145000000      873  6.7818814e-29      171313.34 
145010000      873  5.2537358e-29      171323.73 
145020000      873  9.5012995e-29       171334.1 
145030000      873  5.6850876e-29       171344.5 
145040000      873  1.0718505e-28      171354.89 
145050000      873  7.2664077e-29      171366.32 
145060000      873  1.3829374e-28       171376.8 
145070000      873  8.9468689e-29       171387.2 
145080000      873  1.4752473e-28      171397.62 
145090000      873  1.1364249e-28      171408.08 
145100000      873  1.4689028e-28      171418.46 
145110000      873  1.3845976e-28      171428.86 
145120000      873   1.481177e-28      171439.92 
145130000      873  1.5426945e-28      171450.32 
145140000      873   1.390084e-28      171460.67 
145150000      873  1.5815551e-28      171471.06 
145160000      873  1.2370969e-28      171481.43 
145170000      873  1.7487608e-28      171491.81 
145180000      873  1.2361755e-28       171502.2 
145190000      873  1.7276178e-28      171512.56 
145200000      873  1.1288831e-28      171524.07 
145210000      873  1.5580382e-28       171534.5 
145220000      873  1.0643085e-28      171544.93 
145230000      873  1.4001549e-28      171555.31 
145240000      873  1.2294396e-28      171565.72 
145250000      873  1.1997673e-28      171576.08 
145260000      873  1.1484502e-28      171586.48 
145270000      873  8.7759357e-29      171596.84 
145280000      873   1.040507e-28      171607.22 
145290000      873  5.7807027e-29      171618.75 
145300000      873   9.549119e-29      171629.13 
145310000      873   4.166456e-29      171639.48 
145320000      873  9.8748612e-29       171650.8 
145330000      873  4.6953566e-29       171661.2 
145340000      873  9.0201423e-29       171671.5 
145350000      873  3.6799898e-29      171682.36 
145360000      873  7.4958798e-29      171692.69 
145370000      873  4.7585786e-29      171703.04 
