t,in_mass_flow,out_mass_flow
40.005,0,0
40.01,0,0
40.015,0,0
40.02,0,0
40.025,0,0
40.03,0,0
40.035,0,0
40.04,0,0
40.045,0,0
40.05,0,0
40.055,0,0
40.06,0,0
40.065,0,0
40.07,0,0
40.075,0,0
40.08,0,0
40.085,0,0
40.09,0,0
40.095,0,0
40.1,0,0
40.105,0,0
40.11,0,0
40.115,0,0
40.12,0,0
40.125,0,0
40.13,0,0
40.135,0,0
40.14,0,0
40.145,0,0
40.15,0,0
40.155,0,0
40.16,0,0
40.165,0,0
40.17,0,0
40.175,0,0
40.18,0,0
40.185,0,0
40.19,0,0
40.195,0,0
40.2,0,0
40.205,0,0
40.21,0,0
40.215,0,0
40.22,0,0
40.225,0,0
40.23,0,0
40.235,0,0
40.24,0,0
40.245,0,0
40.25,0,0
40.255,0,0
40.26,0,0
40.265,0,0
40.27,0,0
40.275,0,0
40.28,0,0
40.285,0,0
40.29,0,0
40.295,0,0
40.3,0,0
40.305,0,0
40.31,0,0
40.315,0,0
40.32,0,0
40.325,0,0
40.33,0,0
40.335,0,0
40.34,0,0
40.345,0,0
40.35,0,0
40.355,0,0
40.36,0,0
40.365,0,0
40.37,0,0
40.375,0,0
40.38,0,0
40.385,0,0
40.39,0,0
40.395,0,0
40.4,0,0
40.405,0,0
40.41,0,0
40.415,0,0
40.42,0,0
40.425,0,0
40.43,0,0
40.435,0,0
40.44,0,0
40.445,0,0
40.45,0,0
40.455,0,0
40.46,0,0
40.465,0,0
40.47,0,0
40.475,0,0
40.48,0,0
40.485,0,0
40.49,0,0
40.495,0,0
40.5,0,0
40.505,0,0
40.51,0,0
40.515,0,0
40.52,0,0
40.525,0,0
40.53,0,0
40.535,0,0
40.54,0,0
40.545,0,0
40.55,0,0
40.555,0,0
40.56,0,0
40.565,0,0
40.57,0,0
40.575,0,0
40.58,0,0
40.585,0,0
40.59,0,0
40.595,0,0
40.6,0,0
40.605,0,0
40.61,0,0
40.615,0,0
40.62,0,0
40.625,0,0
40.63,0,0
40.635,0,0
40.64,0,0
40.645,0,0
40.65,0,0
40.655,0,0
40.66,0,0
40.665,0,0
40.67,0,0
40.675,0,0
40.68,0,0
40.685,0,0
40.69,0,0
40.695,0,0
40.7,0,0
40.705,0,0
40.71,0,0
40.715,0,0
40.72,0,0
40.725,0,0
40.73,0,0
40.735,0,0
40.74,0,0
40.745,0,0
40.75,0,0
40.755,0,0
40.76,0,0
40.765,0,0
40.77,0,0
40.775,0,0
40.78,0,0
40.785,0,0
40.79,0,0
40.795,0,0
40.8,0,0
40.805,0,0
40.81,0,0
40.815,0,0
40.82,0,0
40.825,0,0
40.83,0,0
40.835,0,0
40.84,0,0
40.845,0,0
40.85,0,0
40.855,0,0
40.86,0,0
40.865,0,0
40.87,0,0
40.875,0,0
40.88,0,0
40.885,0,0
40.89,0,0
40.895,0,0
40.9,0,0
40.905,0,0
40.91,0,0
40.915,0,0
40.92,0,0
40.925,0,0
40.93,0,0
40.935,0,0
40.94,0,0
40.945,0,0
40.95,0,0
40.955,0,0
40.96,0,0
40.965,0,0
40.97,0,0
40.975,0,0
40.98,0,0
40.985,0,0
40.99,0,0
40.995,0,0
41,0,0
41.005,0,0
41.01,0,0
41.015,0,0
41.02,0,0
41.025,0,0
41.03,0,0
41.035,0,0
41.04,0,0
41.045,0,0
41.05,0,0
41.055,0,0
41.06,0,0
41.065,0,0
41.07,0,0
41.075,0,0
41.08,0,0
41.085,0,0
41.09,0,0
41.095,0,0
41.1,0,0
41.105,0,0
41.11,0,0
41.115,0,0
41.12,0,0
41.125,0,0
41.13,0,0
41.135,0,0
41.14,0,0
41.145,0,0
41.15,0,0
41.155,0,0
41.16,0,0
41.165,0,0
41.17,0,0
41.175,0,0
41.18,0,0
41.185,0,0
41.19,0,0
41.195,0,0
41.2,0,0
41.205,0,0
41.21,0,0
41.215,0,0
41.22,0,0
41.225,0,0
41.23,0,0
41.235,0,0
41.24,0,0
41.245,0,0
41.25,0,0
41.255,0,0
41.26,0,0
41.265,0,0
41.27,0,0
41.275,0,0
41.28,0,0
41.285,0,0
41.29,0,0
41.295,0,0
41.3,0,0
41.305,0,0
41.31,0,0
41.315,0,0
41.32,0,0
41.325,0,0
41.33,0,0
41.335,0,0
41.34,0,0
41.345,0,0
41.35,0,0
41.355,0,0
41.36,0,0
41.365,0,0
41.37,0,0
41.375,0,0
41.38,0,0
41.385,0,0
41.39,0,0
41.395,0,0
41.4,0,0
41.405,0,0
41.41,0,0
41.415,0,0
41.42,0,0
41.425,0,0
41.43,0,0
41.435,0,0
41.44,0,0
41.445,0,0
41.45,0,0
41.455,0,0
41.46,0,0
41.465,0,0
41.47,0,0
41.475,0,0
41.48,0,0
41.485,0,0
41.49,0,0
41.495,0,0
41.5,0,0
41.505,0,0
41.51,0,0
41.515,0,0
41.52,0,0
41.525,0,0
41.53,0,0
41.535,0,0
41.54,0,0
41.545,0,0
41.55,0,0
41.555,0,0
41.56,0,0
41.565,0,0
41.57,0,0
41.575,0,0
41.58,0,0
41.585,0,0
41.59,0,0
41.595,0,0
41.6,0,0
41.605,0,0
41.61,0,0
41.615,0,0
41.62,0,0
41.625,0,0
41.63,0,0
41.635,0,0
41.64,0,0
41.645,0,0
41.65,0,0
41.655,0,0
41.66,0,0
41.665,0,0
41.67,0,0
41.675,0,0
41.68,0,0
41.685,0,0
41.69,0,0
41.695,0,0
41.7,0,0
41.705,0,0
41.71,0,0
41.715,0,0
41.72,0,0
41.725,0,0
41.73,0,0
41.735,0,0
41.74,0,0
41.745,0,0
41.75,0,0
41.755,0,0
41.76,0,0
41.765,0,0
41.77,0,0
41.775,0,0
41.78,0,0
41.785,0,0
41.79,0,0
41.795,0,0
41.8,0,0
41.805,0,0
41.81,0,0
41.815,0,0
41.82,0,0
41.825,0,0
41.83,0,0
41.835,0,0
41.84,0,0
41.845,0,0
41.85,0,0
41.855,0,0
41.86,0,0
41.865,0,0
41.87,0,0
41.875,0,0
41.88,0,0
41.885,0,0
41.89,0,0
41.895,0,0
41.9,0,0
41.905,0,0
41.91,0,0
41.915,0,0
41.92,0,0
41.925,0,0
41.93,0,0
41.935,0,0
41.94,0,0
41.945,0,0
41.95,0,0
41.955,0,0
41.96,0,0
41.965,0,0
41.97,0,0
41.975,0,0
41.98,0,0
41.985,0,0
41.99,0,0
41.995,0,0
42,0,0
42.005,0,0
42.01,0,0
42.015,0,0
42.02,0,0
42.025,0,0
42.03,0,0
42.035,0,0
42.04,0,0
42.045,0,0
42.05,0,0
42.055,0,0
42.06,0,0
42.065,0,0
42.07,0,0
42.075,0,0
42.08,0,0
42.085,0,0
42.09,0,0
42.095,0,0
42.1,0,0
42.105,0,0
42.11,0,0
42.115,0,0
42.12,0,0
42.125,0,0
42.13,0,0
42.135,0,0
42.14,0,0
42.145,0,0
42.15,0,0
42.155,0,0
42.16,0,0
42.165,0,0
42.17,0,0
42.175,0,0
42.18,0,0
42.185,0,0
42.19,0,0
42.195,0,0
42.2,0,0
42.205,0,0
42.21,0,0
42.215,0,0
42.22,0,0
42.225,0,0
42.23,0,0
42.235,0,0
42.24,0,0
42.245,0,0
42.25,0,0
42.255,0,0
42.26,0,0
42.265,0,0
42.27,0,0
42.275,0,0
42.28,0,0
42.285,0,0
42.29,0,0
42.295,0,0
42.3,0,0
42.305,0,0
42.31,0,0
42.315,0,0
42.32,0,0
42.325,0,0
42.33,0,0
42.335,0,0
42.34,0,0
42.345,0,0
42.35,0,0
42.355,0,0
42.36,0,0
42.365,0,0
42.37,0,0
42.375,0,0
42.38,0,0
42.385,0,0
42.39,0,0
42.395,0,0
42.4,0,0
42.405,0,0
42.41,0,0
42.415,0,0
42.42,0,0
42.425,0,0
42.43,0,0
42.435,0,0
42.44,0,0
42.445,0,0
42.45,0,0
42.455,0,0
42.46,0,0
42.465,0,0
42.47,0,0
42.475,0,0
42.48,0,0
42.485,0,0
42.49,0,0
42.495,0,0
42.5,0,0
42.505,0,0
42.51,0,0
42.515,0,0
42.52,0,0
42.525,0,0
42.53,0,0
42.535,0,0
42.54,0,0
42.545,0,0
42.55,0,0
42.555,0,0
42.56,0,0
42.565,0,0
42.57,0,0
42.575,0,0
42.58,0,0
42.585,0,0
42.59,0,0
42.595,0,2.93215314335027e-08
42.6,0,0
42.605,0,0
42.61,0,0
42.615,0,0
42.62,0,0
42.625,0,0
42.63,0,0
42.635,0,0
42.64,0,0
42.645,0,0
42.65,0,0
42.655,0,0
42.66,0,0
42.665,0,0
42.67,0,0
42.675,0,0
42.68,0,0
42.685,0,0
42.69,0,0
42.695,0,0
42.7,0,0
42.705,0,0
42.71,0,0
42.715,0,0
42.72,0,0
42.725,0,0
42.73,0,0
42.735,0,0
42.74,0,0
42.745,0,0
42.75,0,0
42.755,0,0
42.76,0,0
42.765,0,0
42.77,0,0
42.775,0,0
42.78,0,0
42.785,0,0
42.79,0,0
42.795,0,0
42.8,0,0
42.805,0,0
42.81,0,0
42.815,0,0
42.82,0,0
42.825,0,0
42.83,0,0
42.835,0,0
42.84,0,0
42.845,0,0
42.85,0,0
42.855,0,0
42.86,0,0
42.865,0,0
42.87,0,0
42.875,0,0
42.88,0,0
42.885,0,0
42.89,0,0
42.895,0,0
42.9,0,0
42.905,0,0
42.91,0,0
42.915,0,0
42.92,0,0
42.925,0,0
42.93,0,0
42.935,0,0
42.94,0,0
42.945,0,0
42.95,0,0
42.955,0,0
42.96,0,0
42.965,0,0
42.97,0,0
42.975,0,0
42.98,0,0
42.985,0,0
42.99,0,0
42.995,0,0
43,0,0
43.005,0,0
43.01,0,0
43.015,0,0
43.02,0,0
43.025,0,0
43.03,0,0
43.035,0,0
43.04,0,0
43.045,0,0
43.05,0,0
43.055,0,0
43.06,0,0
43.065,0,0
43.07,0,0
43.075,0,0
43.08,0,0
43.085,0,0
43.09,0,0
43.095,0,0
43.1,0,0
43.105,0,0
43.11,0,0
43.115,0,0
43.12,0,0
43.125,0,0
43.13,0,0
43.135,0,0
43.14,0,0
43.145,0,0
43.15,0,0
43.155,0,0
43.16,0,0
43.165,0,0
43.17,0,0
43.175,0,0
43.18,0,0
43.185,0,0
43.19,0,0
43.195,0,0
43.2,0,0
43.205,0,0
43.21,0,0
43.215,0,0
43.22,0,0
43.225,0,0
43.23,0,0
43.235,0,0
43.24,0,0
43.245,0,0
43.25,0,0
43.255,0,0
43.26,0,0
43.265,0,0
43.27,0,0
43.275,0,0
43.28,0,0
43.285,0,0
43.29,0,0
43.295,0,0
43.3,0,0
43.305,0,0
43.31,0,0
43.315,0,0
43.32,0,0
43.325,0,0
43.33,0,0
43.335,0,0
43.34,0,0
43.345,0,0
43.35,0,0
43.355,0,0
43.36,0,0
43.365,0,0
43.37,0,0
43.375,0,0
43.38,0,0
43.385,0,0
43.39,0,0
43.395,0,0
43.4,0,0
43.405,0,0
43.41,0,0
43.415,0,0
43.42,0,0
43.425,0,0
43.43,0,0
43.435,0,0
43.44,0,0
43.445,0,0
43.45,0,0
43.455,0,0
43.46,0,0
43.465,0,0
43.47,0,0
43.475,0,0
43.48,0,0
43.485,0,0
43.49,0,0
43.495,0,0
43.5,0,0
43.505,0,0
43.51,0,0
43.515,0,0
43.52,0,0
43.525,0,0
43.53,0,0
43.535,0,0
43.54,0,0
43.545,0,0
43.55,0,0
43.555,0,0
43.56,0,0
43.565,0,0
43.57,0,0
43.575,0,0
43.58,0,0
43.585,0,0
43.59,0,0
43.595,0,0
43.6,0,0
43.605,0,0
43.61,0,0
43.615,0,0
43.62,0,0
43.625,0,0
43.63,0,0
43.635,0,0
43.64,0,0
43.645,0,0
43.65,0,0
43.655,0,0
43.66,0,0
43.665,0,0
43.67,0,0
43.675,0,0
43.68,0,0
43.685,0,0
43.69,0,0
43.695,0,0
43.7,0,0
43.705,0,0
43.71,0,0
43.715,0,0
43.72,0,0
43.725,0,0
43.73,0,0
43.735,0,0
43.74,0,0
43.745,0,0
43.75,0,0
43.755,0,0
43.76,0,0
43.765,0,0
43.77,0,0
43.775,0,0
43.78,0,0
43.785,0,0
43.79,0,0
43.795,0,0
43.8,0,0
43.805,0,0
43.81,0,0
43.815,0,0
43.82,0,0
43.825,0,0
43.83,0,0
43.835,0,0
43.84,0,0
43.845,0,0
43.85,0,0
43.855,0,0
43.86,0,0
43.865,0,0
43.87,0,0
43.875,0,0
43.88,0,0
43.885,0,0
43.89,0,0
43.895,0,0
43.9,0,0
43.905,0,0
43.91,0,0
43.915,0,0
43.92,0,0
43.925,0,0
43.93,0,0
43.935,0,0
43.94,0,0
43.945,0,0
43.95,0,0
43.955,0,0
43.96,0,0
43.965,0,0
43.97,0,0
43.975,0,0
43.98,0,0
43.985,0,0
43.99,0,0
43.995,0,0
44,0,0
44.005,0,0
44.01,0,0
44.015,0,0
44.02,0,0
44.025,0,0
44.03,0,0
44.035,0,0
44.04,0,0
44.045,0,0
44.05,0,0
44.055,0,0
44.06,0,0
44.065,0,0
44.07,0,0
44.075,0,0
44.08,0,0
44.085,0,0
44.09,0,0
44.095,0,0
44.1,0,0
44.105,0,0
44.11,0,0
44.115,0,0
44.12,0,0
44.125,0,0
44.13,0,0
44.135,0,0
44.14,0,0
44.145,0,0
44.15,0,0
44.155,0,0
44.16,0,0
44.165,0,0
44.17,0,0
44.175,0,0
44.18,0,0
44.185,0,0
44.19,0,0
44.195,0,0
44.2,0,0
44.205,0,0
44.21,0,0
44.215,0,0
44.22,0,0
44.225,0,0
44.23,0,0
44.235,0,0
44.24,0,0
44.245,0,0
44.25,0,0
44.255,0,0
44.26,0,0
44.265,0,0
44.27,0,0
44.275,0,0
44.28,0,0
44.285,0,0
44.29,0,0
44.295,0,0
44.3,0,0
44.305,0,0
44.31,0,0
44.315,0,0
44.32,0,0
44.325,0,0
44.33,0,0
44.335,0,0
44.34,0,0
44.345,0,0
44.35,0,0
44.355,0,0
44.36,0,0
44.365,0,0
44.37,0,0
44.375,0,0
44.38,0,0
44.385,0,0
44.39,0,0
44.395,0,0
44.4,0,0
44.405,0,0
44.41,0,0
44.415,0,0
44.42,0,0
44.425,0,0
44.43,0,0
44.435,0,0
44.44,0,0
44.445,0,0
44.45,0,0
44.455,0,0
44.46,0,0
44.465,0,0
44.47,0,0
44.475,0,0
44.48,0,0
44.485,0,0
44.49,0,0
44.495,0,0
44.5,0,0
44.505,0,0
44.51,0,0
44.515,0,0
44.52,0,0
44.525,0,0
44.53,0,0
44.535,0,0
44.54,0,0
44.545,0,0
44.55,0,0
44.555,0,0
44.56,0,0
44.565,0,0
44.57,0,0
44.575,0,0
44.58,0,0
44.585,0,0
44.59,0,0
44.595,0,0
44.6,0,0
44.605,0,0
44.61,0,0
44.615,0,0
44.62,0,0
44.625,0,0
44.63,0,0
44.635,0,0
44.64,0,0
44.645,0,0
44.65,0,0
44.655,0,0
44.66,0,0
44.665,0,0
44.67,0,0
44.675,0,0
44.68,0,0
44.685,0,0
44.69,0,0
44.695,0,0
44.7,0,0
44.705,0,0
44.71,0,0
44.715,0,0
44.72,0,0
44.725,0,0
44.73,0,0
44.735,0,0
44.74,0,0
44.745,0,0
44.75,0,0
44.755,0,0
44.76,0,0
44.765,0,0
44.77,0,0
44.775,0,0
44.78,0,0
44.785,0,0
44.79,0,0
44.795,0,0
44.8,0,0
44.805,0,0
44.81,0,0
44.815,0,0
44.82,0,0
44.825,0,0
44.83,0,0
44.835,0,0
44.84,0,0
44.845,0,0
44.85,0,0
44.855,0,0
44.86,0,0
44.865,0,0
44.87,0,0
44.875,0,0
44.88,0,0
44.885,0,0
44.89,0,0
44.895,0,0
44.9,0,0
44.905,0,0
44.91,0,0
44.915,0,0
44.92,0,0
44.925,0,0
44.93,0,0
44.935,0,0
44.94,0,0
44.945,0,0
44.95,0,0
44.955,0,0
44.96,0,0
44.965,0,0
44.97,0,0
44.975,0,0
44.98,0,0
44.985,0,0
44.99,0,0
44.995,0,0
45,0,0
45.005,0,0
45.01,0,0
45.015,0,0
45.02,0,0
45.025,0,0
45.03,0,0
45.035,0,0
45.04,0,0
45.045,0,0
45.05,0,0
45.055,0,0
45.06,0,0
45.065,0,0
45.07,0,0
45.075,0,0
45.08,0,0
45.085,0,0
45.09,0,0
45.095,0,0
45.1,0,0
45.105,0,0
45.11,0,0
45.115,0,0
45.12,0,0
45.125,0,0
45.13,0,0
45.135,0,0
45.14,0,0
45.145,0,0
45.15,0,0
45.155,0,0
45.16,0,0
45.165,0,0
45.17,0,0
45.175,0,0
45.18,0,0
45.185,0,0
45.19,0,0
45.195,0,0
45.2,0,0
45.205,0,0
45.21,0,0
45.215,0,0
45.22,0,0
45.225,0,0
45.23,0,0
45.235,0,0
45.24,0,0
45.245,0,0
45.25,0,0
45.255,0,0
45.26,0,0
45.265,0,0
45.27,0,0
45.275,0,0
45.28,0,0
45.285,0,0
45.29,0,0
45.295,0,0
45.3,0,0
45.305,0,0
45.31,0,0
45.315,0,0
45.32,0,0
45.325,0,0
45.33,0,0
45.335,0,0
45.34,0,0
45.345,0,0
45.35,0,0
45.355,0,0
45.36,0,0
45.365,0,0
45.37,0,0
45.375,0,0
45.38,0,0
45.385,0,0
45.39,0,0
45.395,0,0
45.4,0,0
45.405,0,0
45.41,0,0
45.415,0,0
45.42,0,0
45.425,0,0
45.43,0,0
45.435,0,0
45.44,0,0
45.445,0,0
45.45,0,0
45.455,0,0
45.46,0,0
45.465,0,0
45.47,0,0
45.475,0,0
45.48,0,0
45.485,0,0
45.49,0,0
45.495,0,0
45.5,0,0
45.505,0,0
45.51,0,0
45.515,0,0
45.52,0,0
45.525,0,0
45.53,0,0
45.535,0,0
45.54,0,0
45.545,0,0
45.55,0,0
45.555,0,0
45.56,0,0
45.565,0,0
45.57,0,0
45.575,0,0
45.58,0,0
45.585,0,0
45.59,0,0
45.595,0,0
45.6,0,0
45.605,0,0
45.61,0,0
45.615,0,0
45.62,0,0
45.625,0,0
45.63,0,0
45.635,0,0
45.64,0,0
45.645,0,0
45.65,0,0
45.655,0,0
45.66,0,0
45.665,0,0
45.67,0,0
45.675,0,0
45.68,0,0
45.685,0,0
45.69,0,0
45.695,0,0
45.7,0,0
45.705,0,0
45.71,0,0
45.715,0,0
45.72,0,0
45.725,0,0
45.73,0,0
45.735,0,0
45.74,0,0
45.745,0,0
45.75,0,0
45.755,0,0
45.76,0,0
45.765,0,0
45.77,0,0
45.775,0,0
45.78,0,0
45.785,0,0
45.79,0,0
45.795,0,0
45.8,0,0
45.805,0,0
45.81,0,0
45.815,0,0
45.82,0,0
45.825,0,0
45.83,0,0
45.835,0,0
45.84,0,0
45.845,0,0
45.85,0,0
45.855,0,0
45.86,0,0
45.865,0,0
45.87,0,0
45.875,0,0
45.88,0,0
45.885,0,0
45.89,0,0
45.895,0,0
45.9,0,0
45.905,0,0
45.91,0,0
45.915,0,0
45.92,0,0
45.925,0,0
45.93,0,0
45.935,0,0
45.94,0,0
45.945,0,0
45.95,0,0
45.955,0,0
45.96,0,0
45.965,0,0
45.97,0,0
45.975,0,0
45.98,0,0
45.985,0,0
45.99,0,0
45.995,0,0
46,0,0
46.005,0,0
46.01,0,0
46.015,0,0
46.02,0,0
46.025,0,0
46.03,0,0
46.035,0,0
46.04,0,0
46.045,0,0
46.05,0,0
46.055,0,0
46.06,0,0
46.065,0,0
46.07,0,0
46.075,0,0
46.08,0,0
46.085,0,0
46.09,0,0
46.095,0,0
46.1,0,0
46.105,0,0
46.11,0,0
46.115,0,0
46.12,0,0
46.125,0,0
46.13,0,0
46.135,0,0
46.14,0,0
46.145,0,0
46.15,0,0
46.155,0,0
46.16,0,0
46.165,0,0
46.17,0,0
46.175,0,0
46.18,0,0
46.185,0,0
46.19,0,0
46.195,0,0
46.2,0,0
46.205,0,0
46.21,0,0
46.215,0,0
46.22,0,0
46.225,0,0
46.23,0,0
46.235,0,0
46.24,0,0
46.245,0,0
46.25,0,0
46.255,0,0
46.26,0,0
46.265,0,0
46.27,0,0
46.275,0,0
46.28,0,0
46.285,0,0
46.29,0,0
46.295,0,0
46.3,0,0
46.305,0,0
46.31,0,0
46.315,0,0
46.32,0,0
46.325,0,0
46.33,0,0
46.335,0,0
46.34,0,0
46.345,0,0
46.35,0,0
46.355,0,0
46.36,0,0
46.365,0,0
46.37,0,0
46.375,0,0
46.38,0,0
46.385,0,0
46.39,0,0
46.395,0,0
46.4,0,0
46.405,0,0
46.41,0,0
46.415,0,0
46.42,0,0
46.425,0,0
46.43,0,0
46.435,0,0
46.44,0,0
46.445,0,0
46.45,0,0
46.455,0,0
46.46,0,0
46.465,0,0
46.47,0,0
46.475,0,0
46.48,0,0
46.485,0,0
46.49,0,0
46.495,0,0
46.5,0,0
46.505,0,0
46.51,0,0
46.515,0,0
46.52,0,0
46.525,0,0
46.53,0,0
46.535,0,0
46.54,0,0
46.545,0,0
46.55,0,0
46.555,0,0
46.56,0,0
46.565,0,0
46.57,0,0
46.575,0,0
46.58,0,0
46.585,0,0
46.59,0,0
46.595,0,0
46.6,0,0
46.605,0,0
46.61,0,0
46.615,0,0
46.62,0,0
46.625,0,0
46.63,0,0
46.635,0,0
46.64,0,0
46.645,0,0
46.65,0,0
46.655,0,0
46.66,0,0
46.665,0,0
46.67,0,0
46.675,0,0
46.68,0,0
46.685,0,0
46.69,0,0
46.695,0,0
46.7,0,0
46.705,0,0
46.71,0,0
46.715,0,0
46.72,0,0
46.725,0,0
46.73,0,0
46.735,0,0
46.74,0,0
46.745,0,0
46.75,0,0
46.755,0,0
46.76,0,0
46.765,0,0
46.77,0,0
46.775,0,0
46.78,0,0
46.785,0,0
46.79,0,0
46.795,0,0
46.8,0,0
46.805,0,0
46.81,0,0
46.815,0,0
46.82,0,0
46.825,0,0
46.83,0,0
46.835,0,0
46.84,0,0
46.845,0,0
46.85,0,0
46.855,0,0
46.86,0,0
46.865,0,0
46.87,0,0
46.875,0,0
46.88,0,0
46.885,0,0
46.89,0,0
46.895,0,0
46.9,0,0
46.905,0,0
46.91,0,0
46.915,0,0
46.92,0,0
46.925,0,0
46.93,0,0
46.935,0,0
46.94,0,0
46.945,0,0
46.95,0,0
46.955,0,0
46.96,0,0
46.965,0,0
46.97,0,0
46.975,0,0
46.98,0,0
46.985,0,0
46.99,0,0
46.995,0,0
47,0,0
47.005,0,0
47.01,0,0
47.015,0,0
47.02,0,0
47.025,0,0
47.03,0,0
47.035,0,0
47.04,0,0
47.045,0,0
47.05,0,0
47.055,0,0
47.06,0,0
47.065,0,0
47.07,0,0
47.075,0,0
47.08,0,0
47.085,0,0
47.09,0,0
47.095,0,0
47.1,0,0
47.105,0,0
47.11,0,0
47.115,0,0
47.12,0,0
47.125,0,0
47.13,0,0
47.135,0,0
47.14,0,0
47.145,0,0
47.15,0,0
47.155,0,0
47.16,0,0
47.165,0,0
47.17,0,0
47.175,0,0
47.18,0,0
47.185,0,0
47.19,0,0
47.195,0,0
47.2,0,0
47.205,0,0
47.21,0,0
47.215,0,0
47.22,0,0
47.225,0,0
47.23,0,0
47.235,0,0
47.24,0,0
47.245,0,0
47.25,0,0
47.255,0,0
47.26,0,0
47.265,0,0
47.27,0,0
47.275,0,0
47.28,0,0
47.285,0,0
47.29,0,0
47.295,0,0
47.3,0,0
47.305,0,0
47.31,0,0
47.315,0,0
47.32,0,0
47.325,0,0
47.33,0,0
47.335,0,0
47.34,0,0
47.345,0,0
47.35,0,0
47.355,0,0
47.36,0,0
47.365,0,0
47.37,0,0
47.375,0,0
47.38,0,0
47.385,0,0
47.39,0,0
47.395,0,0
47.4,0,0
47.405,0,0
47.41,0,0
47.415,0,0
47.42,0,0
47.425,0,0
47.43,0,0
47.435,0,0
47.44,0,0
47.445,0,0
47.45,0,0
47.455,0,0
47.46,0,0
47.465,0,0
47.47,0,0
47.475,0,0
47.48,0,0
47.485,0,0
47.49,0,0
47.495,0,0
47.5,0,0
47.505,0,0
47.51,0,0
47.515,0,0
47.52,0,0
47.525,0,0
47.53,0,0
47.535,0,0
47.54,0,0
47.545,0,0
47.55,0,0
47.555,0,0
47.56,0,0
47.565,0,0
47.57,0,0
47.575,0,0
47.58,0,0
47.585,0,0
47.59,0,0
47.595,0,0
47.6,0,0
47.605,0,0
47.61,0,0
47.615,0,0
47.62,0,0
47.625,0,0
47.63,0,0
47.635,0,0
47.64,0,0
47.645,0,0
47.65,0,0
47.655,0,0
47.66,0,0
47.665,0,0
47.67,0,0
47.675,0,0
47.68,0,0
47.685,0,0
47.69,0,0
47.695,0,0
47.7,0,0
47.705,0,0
47.71,0,0
47.715,0,0
47.72,0,0
47.725,0,0
47.73,0,0
47.735,0,0
47.74,0,0
47.745,0,0
47.75,0,0
47.755,0,0
47.76,0,0
47.765,0,0
47.77,0,0
47.775,0,0
47.78,0,0
47.785,0,0
47.79,0,0
47.795,0,0
47.8,0,0
47.805,0,0
47.81,0,0
47.815,0,0
47.82,0,0
47.825,0,0
47.83,0,0
47.835,0,0
47.84,0,0
47.845,0,0
47.85,0,0
47.855,0,0
47.86,0,0
47.865,0,0
47.87,0,0
47.875,0,0
47.88,0,0
47.885,0,0
47.89,0,0
47.895,0,0
47.9,0,0
47.905,0,0
47.91,0,0
47.915,0,0
47.92,0,0
47.925,0,0
47.93,0,0
47.935,0,0
47.94,0,0
47.945,0,0
47.95,0,0
47.955,0,0
47.96,0,0
47.965,0,0
47.97,0,0
47.975,0,0
47.98,0,0
47.985,0,0
47.99,0,0
47.995,0,0
48,0,0
48.005,0,0
48.01,0,0
48.015,0,0
48.02,0,0
48.025,0,0
48.03,0,0
48.035,0,0
48.04,0,0
48.045,0,0
48.05,0,0
48.055,0,0
48.06,0,0
48.065,0,0
48.07,0,0
48.075,0,0
48.08,0,0
48.085,0,0
48.09,0,0
48.095,0,0
48.1,0,0
48.105,0,0
48.11,0,0
48.115,0,0
48.12,0,0
48.125,0,0
48.13,0,0
48.135,0,0
48.14,0,0
48.145,0,0
48.15,0,0
48.155,0,0
48.16,0,0
48.165,0,0
48.17,0,0
48.175,0,0
48.18,0,0
48.185,0,0
48.19,0,0
48.195,0,0
48.2,0,0
48.205,0,0
48.21,0,0
48.215,0,0
48.22,0,0
48.225,0,0
48.23,0,0
48.235,0,0
48.24,0,0
48.245,0,0
48.25,0,0
48.255,0,0
48.26,0,0
48.265,0,0
48.27,0,0
48.275,0,0
48.28,0,0
48.285,0,0
48.29,0,0
48.295,0,0
48.3,0,0
48.305,0,0
48.31,0,0
48.315,0,0
48.32,0,0
48.325,0,0
48.33,0,0
48.335,0,0
48.34,0,0
48.345,0,0
48.35,0,0
48.355,0,0
48.36,0,0
48.365,0,0
48.37,0,0
48.375,0,0
48.38,0,0
48.385,0,0
48.39,0,0
48.395,0,0
48.4,0,0
48.405,0,0
48.41,0,0
48.415,0,0
48.42,0,0
48.425,0,0
48.43,0,0
48.435,0,0
48.44,0,0
48.445,0,0
48.45,0,0
48.455,0,0
48.46,0,0
48.465,0,0
48.47,0,0
48.475,0,0
48.48,0,0
48.485,0,0
48.49,0,0
48.495,0,0
48.5,0,0
48.505,0,0
48.51,0,0
48.515,0,0
48.52,0,0
48.525,0,0
48.53,0,0
48.535,0,0
48.54,0,0
48.545,0,0
48.55,0,0
48.555,0,0
48.56,0,0
48.565,0,0
48.57,0,0
48.575,0,0
48.58,0,0
48.585,0,0
48.59,0,0
48.595,0,0
48.6,0,0
48.605,0,0
48.61,0,0
48.615,0,0
48.62,0,0
48.625,0,0
48.63,0,0
48.635,0,0
48.64,0,0
48.645,0,0
48.65,0,0
48.655,0,0
48.66,0,0
48.665,0,0
48.67,0,0
48.675,0,0
48.68,0,0
48.685,0,0
48.69,0,0
48.695,0,0
48.7,0,0
48.705,0,0
48.71,0,0
48.715,0,0
48.72,0,0
48.725,0,0
48.73,0,0
48.735,0,0
48.74,0,0
48.745,0,0
48.75,0,0
48.755,0,0
48.76,0,0
48.765,0,0
48.77,0,0
48.775,0,0
48.78,0,0
48.785,0,0
48.79,0,0
48.795,0,0
48.8,0,0
48.805,0,0
48.81,0,0
48.815,0,0
48.82,0,0
48.825,0,0
48.83,0,0
48.835,0,0
48.84,0,0
48.845,0,0
48.85,0,0
48.855,0,0
48.86,0,0
48.865,0,0
48.87,0,0
48.875,0,0
48.88,0,0
48.885,0,0
48.89,0,0
48.895,0,0
48.9,0,0
48.905,0,0
48.91,0,0
48.915,0,0
48.92,0,0
48.925,0,0
48.93,0,0
48.935,0,0
48.94,0,0
48.945,0,0
48.95,0,0
48.955,0,0
48.96,0,0
48.965,0,0
48.97,0,0
48.975,0,0
48.98,0,0
48.985,0,0
48.99,0,0
48.995,0,0
49,0,0
49.005,0,0
49.01,0,0
49.015,0,0
49.02,0,0
49.025,0,0
49.03,0,0
49.035,0,0
49.04,0,0
49.045,0,0
49.05,0,0
49.055,0,0
49.06,0,0
49.065,0,0
49.07,0,0
49.075,0,0
49.08,0,0
49.085,0,0
49.09,0,0
49.095,0,0
49.1,0,0
49.105,0,0
49.11,0,0
49.115,0,0
49.12,0,0
49.125,0,0
49.13,0,0
49.135,0,0
49.14,0,0
49.145,0,0
49.15,0,0
49.155,0,0
49.16,0,0
49.165,0,0
49.17,0,0
49.175,0,0
49.18,0,0
49.185,0,0
49.19,0,0
49.195,0,0
49.2,0,0
49.205,0,0
49.21,0,0
49.215,0,0
49.22,0,0
49.225,0,0
49.23,0,0
49.235,0,0
49.24,0,0
49.245,0,0
49.25,0,0
49.255,0,0
49.26,0,0
49.265,0,0
49.27,0,0
49.275,0,0
49.28,0,0
49.285,0,0
49.29,0,0
49.295,0,0
49.3,0,0
49.305,0,0
49.31,0,0
49.315,0,0
49.32,0,0
49.325,0,0
49.33,0,0
49.335,0,0
49.34,0,0
49.345,0,0
49.35,0,0
49.355,0,0
49.36,0,0
49.365,0,0
49.37,0,0
49.375,0,0
49.38,0,0
49.385,0,0
49.39,0,0
49.395,0,0
49.4,0,0
49.405,0,0
49.41,0,0
49.415,0,0
49.42,0,0
49.425,0,0
49.43,0,0
49.435,0,0
49.44,0,0
49.445,0,0
49.45,0,0
49.455,0,0
49.46,0,0
49.465,0,0
49.47,0,0
49.475,0,0
49.48,0,0
49.485,0,0
49.49,0,0
49.495,0,0
49.5,0,0
49.505,0,0
49.51,0,0
49.515,0,0
49.52,0,0
49.525,0,0
49.53,0,0
49.535,0,0
49.54,0,0
49.545,0,0
49.55,0,0
49.555,0,0
49.56,0,0
49.565,0,0
49.57,0,0
49.575,0,0
49.58,0,0
49.585,0,0
49.59,0,0
49.595,0,0
49.6,0,0
49.605,0,0
49.61,0,0
49.615,0,0
49.62,0,0
49.625,0,0
49.63,0,0
49.635,0,0
49.64,0,0
49.645,0,0
49.65,0,0
49.655,0,0
49.66,0,0
49.665,0,0
49.67,0,0
49.675,0,0
49.68,0,0
49.685,0,0
49.69,0,0
49.695,0,0
49.7,0,0
49.705,0,0
49.71,0,0
49.715,0,0
49.72,0,0
49.725,0,0
49.73,0,0
49.735,0,0
49.74,0,0
49.745,0,0
49.75,0,0
49.755,0,0
49.76,0,0
49.765,0,0
49.77,0,0
49.775,0,0
49.78,0,0
49.785,0,0
49.79,0,0
49.795,0,0
49.8,0,0
49.805,0,0
49.81,0,0
49.815,0,0
49.82,0,0
49.825,0,0
49.83,0,0
49.835,0,0
49.84,0,0
49.845,0,0
49.85,0,0
49.855,0,0
49.86,0,0
49.865,0,0
49.87,0,0
49.875,0,0
49.88,0,0
49.885,0,0
49.89,0,0
49.895,0,0
49.9,0,0
49.905,0,0
49.91,0,0
49.915,0,0
49.92,0,0
49.925,0,0
49.93,0,0
49.935,0,0
49.94,0,0
49.945,0,0
49.95,0,0
49.955,0,0
49.96,0,0
49.965,0,0
49.97,0,0
49.975,0,0
49.98,0,0
49.985,0,0
49.99,0,0
49.995,0,0
50,0,0
50.005,0,0
50.01,0,0
50.015,0,0
50.02,0,0
50.025,0,0
50.03,0,0
50.035,0,0
50.04,0,0
50.045,0,0
50.05,0,0
50.055,0,0
50.06,0,0
50.065,0,0
50.07,0,0
50.075,0,0
50.08,0,0
50.085,0,0
50.09,0,0
50.095,0,0
50.1,0,0
50.105,0,0
50.11,0,0
50.115,0,0
50.12,0,0
50.125,0,0
50.13,0,0
50.135,0,0
50.14,0,0
50.145,0,0
50.15,0,0
50.155,0,0
50.16,0,0
50.165,0,0
50.17,0,0
50.175,0,0
50.18,0,0
50.185,0,0
50.19,0,0
50.195,0,0
50.2,0,0
50.205,0,0
50.21,0,0
50.215,0,0
50.22,0,0
50.225,0,0
50.23,0,0
50.235,0,0
50.24,0,0
50.245,0,0
50.25,0,0
50.255,0,0
50.26,0,0
50.265,0,0
50.27,0,0
50.275,0,0
50.28,0,0
50.285,0,0
50.29,0,0
50.295,0,0
50.3,0,0
50.305,0,0
50.31,0,0
50.315,0,0
50.32,0,0
50.325,0,0
50.33,0,0
50.335,0,0
50.34,0,0
50.345,0,0
50.35,0,0
50.355,0,0
50.36,0,0
50.365,0,0
50.37,0,0
50.375,0,0
50.38,0,0
50.385,0,0
50.39,0,0
50.395,0,0
50.4,0,0
50.405,0,0
50.41,0,0
50.415,0,0
50.42,0,0
50.425,0,0
50.43,0,0
50.435,0,0
50.44,0,0
50.445,0,0
50.45,0,0
50.455,0,0
50.46,0,0
50.465,0,0
50.47,0,0
50.475,0,0
50.48,0,0
50.485,0,0
50.49,0,0
50.495,0,0
50.5,0,0
50.505,0,0
50.51,0,0
50.515,0,0
50.52,0,0
50.525,0,0
50.53,0,0
50.535,0,0
50.54,0,0
50.545,0,0
50.55,0,0
50.555,0,0
50.56,0,0
50.565,0,0
50.57,0,0
50.575,0,0
50.58,0,0
50.585,0,0
50.59,0,0
50.595,0,0
50.6,0,0
50.605,0,0
50.61,0,0
50.615,0,0
50.62,0,0
50.625,0,0
50.63,0,0
50.635,0,0
50.64,0,0
50.645,0,0
50.65,0,0
50.655,0,0
50.66,0,0
50.665,0,0
50.67,0,0
50.675,0,0
50.68,0,0
50.685,0,0
50.69,0,0
50.695,0,0
50.7,0,0
50.705,0,0
50.71,0,0
50.715,0,0
50.72,0,0
50.725,0,0
50.73,0,0
50.735,0,0
50.74,0,0
50.745,0,0
50.75,0,0
50.755,0,0
50.76,0,0
50.765,0,0
50.77,0,0
50.775,0,0
50.78,0,0
50.785,0,0
50.79,0,0
50.795,0,0
50.8,0,0
50.805,0,0
50.81,0,0
50.815,0,0
50.82,0,0
50.825,0,0
50.83,0,0
50.835,0,0
50.84,0,0
50.845,0,0
50.85,0,0
50.855,0,0
50.86,0,0
50.865,0,0
50.87,0,0
50.875,0,0
50.88,0,0
50.885,0,0
50.89,0,0
50.895,0,0
50.9,0,0
50.905,0,0
50.91,0,0
50.915,0,0
50.92,0,0
50.925,0,0
50.93,0,0
50.935,0,0
50.94,0,0
50.945,0,0
50.95,0,0
50.955,0,0
50.96,0,0
50.965,0,0
50.97,0,0
50.975,0,0
50.98,0,0
50.985,0,0
50.99,0,0
50.995,0,0
51,0,0
51.005,0,0
51.01,0,0
51.015,0,0
51.02,0,0
51.025,0,0
51.03,0,0
51.035,0,0
51.04,0,0
51.045,0,0
51.05,0,0
51.055,0,0
51.06,0,0
51.065,0,0
51.07,0,0
51.075,0,0
51.08,0,0
51.085,0,0
51.09,0,0
51.095,0,0
51.1,0,0
51.105,0,0
51.11,0,0
51.115,0,0
51.12,0,0
51.125,0,0
51.13,0,0
51.135,0,0
51.14,0,0
51.145,0,0
51.15,0,0
51.155,0,0
51.16,0,0
51.165,0,0
51.17,0,0
51.175,0,0
51.18,0,0
51.185,0,0
51.19,0,0
51.195,0,0
51.2,0,0
51.205,0,0
51.21,0,0
51.215,0,0
51.22,0,0
51.225,0,0
51.23,0,0
51.235,0,0
51.24,0,0
51.245,0,0
51.25,0,0
51.255,0,0
51.26,0,0
51.265,0,0
51.27,0,0
51.275,0,0
51.28,0,0
51.285,0,0
51.29,0,0
51.295,0,0
51.3,0,0
51.305,0,0
51.31,0,0
51.315,0,0
51.32,0,0
51.325,0,0
51.33,0,0
51.335,0,0
51.34,0,0
51.345,0,0
51.35,0,0
51.355,0,0
51.36,0,0
51.365,0,0
51.37,0,0
51.375,0,0
51.38,0,0
51.385,0,0
51.39,0,0
51.395,0,0
51.4,0,0
51.405,0,0
51.41,0,0
51.415,0,0
51.42,0,0
51.425,0,0
51.43,0,0
51.435,0,0
51.44,0,0
51.445,0,0
51.45,0,0
51.455,0,0
51.46,0,0
51.465,0,0
51.47,0,0
51.475,0,0
51.48,0,0
51.485,0,0
51.49,0,0
51.495,0,0
51.5,0,0
51.505,0,0
51.51,0,0
51.515,0,0
51.52,0,0
51.525,0,0
51.53,0,0
51.535,0,0
51.54,0,0
51.545,0,0
51.55,0,0
51.555,0,0
51.56,0,0
51.565,0,0
51.57,0,0
51.575,0,0
51.58,0,0
51.585,0,0
51.59,0,0
51.595,0,0
51.6,0,0
51.605,0,0
51.61,0,0
51.615,0,0
51.62,0,0
51.625,0,0
51.63,0,0
51.635,0,0
51.64,0,0
51.645,0,0
51.65,0,0
51.655,0,0
51.66,0,0
51.665,0,0
51.67,0,0
51.675,0,0
51.68,0,0
51.685,0,0
51.69,0,0
51.695,0,0
51.7,0,0
51.705,0,0
51.71,0,0
51.715,0,0
51.72,0,0
51.725,0,0
51.73,0,0
51.735,0,0
51.74,0,0
51.745,0,0
51.75,0,0
51.755,0,0
51.76,0,0
51.765,0,0
51.77,0,0
51.775,0,0
51.78,0,0
51.785,0,0
51.79,0,0
51.795,0,0
51.8,0,0
51.805,0,0
51.81,0,0
51.815,0,0
51.82,0,0
51.825,0,0
51.83,0,0
51.835,0,0
51.84,0,0
51.845,0,0
51.85,0,0
51.855,0,0
51.86,0,0
51.865,0,0
51.87,0,0
51.875,0,0
51.88,0,0
51.885,0,0
51.89,0,0
51.895,0,0
51.9,0,0
51.905,0,0
51.91,0,0
51.915,0,0
51.92,0,0
51.925,0,0
51.93,0,0
51.935,0,0
51.94,0,0
51.945,0,0
51.95,0,0
51.955,0,0
51.96,0,0
51.965,0,0
51.97,0,0
51.975,0,0
51.98,0,0
51.985,0,0
51.99,0,0
51.995,0,0
52,0,0
52.005,0,0
52.01,0,0
52.015,0,0
52.02,0,0
52.025,0,0
52.03,0,0
52.035,0,0
52.04,0,0
52.045,0,0
52.05,0,0
52.055,0,0
52.06,0,0
52.065,0,0
52.07,0,0
52.075,0,0
52.08,0,0
52.085,0,0
52.09,0,0
52.095,0,0
52.1,0,0
52.105,0,0
52.11,0,0
52.115,0,0
52.12,0,0
52.125,0,0
52.13,0,0
52.135,0,0
52.14,0,0
52.145,0,0
52.15,0,0
52.155,0,0
52.16,0,0
52.165,0,0
52.17,0,0
52.175,0,0
52.18,0,0
52.185,0,0
52.19,0,0
52.195,0,0
52.2,0,0
52.205,0,0
52.21,0,0
52.215,0,0
52.22,0,0
52.225,0,0
52.23,0,0
52.235,0,0
52.24,0,0
52.245,0,0
52.25,0,0
52.255,0,0
52.26,0,0
52.265,0,0
52.27,0,0
52.275,0,0
52.28,0,0
52.285,0,0
52.29,0,0
52.295,0,0
52.3,0,0
52.305,0,0
52.31,0,0
52.315,0,0
52.32,0,0
52.325,0,0
52.33,0,0
52.335,0,0
52.34,0,0
52.345,0,0
52.35,0,0
52.355,0,0
52.36,0,0
52.365,0,0
52.37,0,0
52.375,0,0
52.38,0,0
52.385,0,0
52.39,0,0
52.395,0,0
52.4,0,0
52.405,0,0
52.41,0,0
52.415,0,0
52.42,0,0
52.425,0,0
52.43,0,0
52.435,0,0
52.44,0,0
52.445,0,0
52.45,0,0
52.455,0,0
52.46,0,0
52.465,0,0
52.47,0,0
52.475,0,0
52.48,0,0
52.485,0,0
52.49,0,0
52.495,0,0
52.5,0,0
52.505,0,0
52.51,0,0
52.515,0,0
52.52,0,0
52.525,0,0
52.53,0,0
52.535,0,0
52.54,0,0
52.545,0,0
52.55,0,0
52.555,0,0
52.56,0,0
52.565,0,0
52.57,0,0
52.575,0,0
52.58,0,0
52.585,0,0
52.59,0,0
52.595,0,0
52.6,0,0
52.605,0,0
52.61,0,0
52.615,0,0
52.62,0,0
52.625,0,0
52.63,0,0
52.635,0,0
52.64,0,0
52.645,0,0
52.65,0,0
52.655,0,0
52.66,0,0
52.665,0,0
52.67,0,0
52.675,0,0
52.68,0,0
52.685,0,0
52.69,0,0
52.695,0,0
52.7,0,0
52.705,0,0
52.71,0,0
52.715,0,0
52.72,0,0
52.725,0,0
52.73,0,0
52.735,0,0
52.74,0,0
52.745,0,0
52.75,0,0
52.755,0,0
52.76,0,0
52.765,0,0
52.77,0,0
52.775,0,0
52.78,0,0
52.785,0,0
52.79,0,0
52.795,0,0
52.8,0,0
52.805,0,0
52.81,0,0
52.815,0,0
52.82,0,0
52.825,0,0
52.83,0,0
52.835,0,0
52.84,0,0
52.845,0,0
52.85,0,0
52.855,0,0
52.86,0,0
52.865,0,0
52.87,0,0
52.875,0,0
52.88,0,0
52.885,0,0
52.89,0,0
52.895,0,0
52.9,0,0
52.905,0,0
52.91,0,0
52.915,0,0
52.92,0,0
52.925,0,0
52.93,0,0
52.935,0,0
52.94,0,0
52.945,0,0
52.95,0,0
52.955,0,0
52.96,0,0
52.965,0,0
52.97,0,0
52.975,0,0
52.98,0,0
52.985,0,0
52.99,0,0
52.995,0,0
53,0,0
53.005,0,0
53.01,0,0
53.015,0,0
53.02,0,0
53.025,0,0
53.03,0,0
53.035,0,0
53.04,0,0
53.045,0,0
53.05,0,0
53.055,0,0
53.06,0,0
53.065,0,0
53.07,0,0
53.075,0,0
53.08,0,0
53.085,0,0
53.09,0,0
53.095,0,0
53.1,0,0
53.105,0,0
53.11,0,0
53.115,0,0
53.12,0,0
53.125,0,0
53.13,0,0
53.135,0,0
53.14,0,0
53.145,0,0
53.15,0,0
53.155,0,0
53.16,0,0
53.165,0,0
53.17,0,0
53.175,0,0
53.18,0,0
53.185,0,0
53.19,0,0
53.195,0,0
53.2,0,0
53.205,0,0
53.21,0,0
53.215,0,0
53.22,0,0
53.225,0,0
53.23,0,0
53.235,0,0
53.24,0,0
53.245,0,0
53.25,0,0
53.255,0,0
53.26,0,0
53.265,0,0
53.27,0,0
53.275,0,0
53.28,0,0
53.285,0,0
53.29,0,0
53.295,0,0
53.3,0,0
53.305,0,0
53.31,0,0
53.315,0,0
53.32,0,0
53.325,0,0
53.33,0,0
53.335,0,0
53.34,0,0
53.345,0,0
53.35,0,0
53.355,0,0
53.36,0,0
53.365,0,0
53.37,0,0
53.375,0,0
53.38,0,0
53.385,0,0
53.39,0,0
53.395,0,0
53.4,0,0
53.405,0,0
53.41,0,0
53.415,0,0
53.42,0,0
53.425,0,0
53.43,0,0
53.435,0,0
53.44,0,0
53.445,0,0
53.45,0,0
53.455,0,0
53.46,0,0
53.465,0,0
53.47,0,0
53.475,0,0
53.48,0,0
53.485,0,0
53.49,0,0
53.495,0,0
53.5,0,0
53.505,0,0
53.51,0,0
53.515,0,0
53.52,0,0
53.525,0,0
53.53,0,0
53.535,0,0
53.54,0,0
53.545,0,0
53.55,0,0
53.555,0,0
53.56,0,0
53.565,0,0
53.57,0,0
53.575,0,0
53.58,0,0
53.585,0,0
53.59,0,0
53.595,0,0
53.6,0,0
53.605,0,0
53.61,0,0
53.615,0,0
53.62,0,0
53.625,0,0
53.63,0,0
53.635,0,0
53.64,0,0
53.645,0,0
53.65,0,0
53.655,0,0
53.66,0,0
53.665,0,0
53.67,0,0
53.675,0,0
53.68,0,0
53.685,0,0
53.69,0,0
53.695,0,0
53.7,0,0
53.705,0,0
53.71,0,0
53.715,0,0
53.72,0,0
53.725,0,0
53.73,0,0
53.735,0,0
53.74,0,0
53.745,0,0
53.75,0,0
53.755,0,0
53.76,0,0
53.765,0,0
53.77,0,0
53.775,0,0
53.78,0,0
53.785,0,0
53.79,0,0
53.795,0,0
53.8,0,0
53.805,0,0
53.81,0,0
53.815,0,0
53.82,0,0
53.825,0,0
53.83,0,0
53.835,0,0
53.84,0,0
53.845,0,0
53.85,0,0
53.855,0,0
53.86,0,0
53.865,0,0
53.87,0,0
53.875,0,0
53.88,0,0
53.885,0,0
53.89,0,0
53.895,0,0
53.9,0,0
53.905,0,0
53.91,0,0
53.915,0,0
53.92,0,0
53.925,0,0
53.93,0,0
53.935,0,0
53.94,0,0
53.945,0,0
53.95,0,0
53.955,0,0
53.96,0,0
53.965,0,0
53.97,0,0
53.975,0,0
53.98,0,0
53.985,0,0
53.99,0,0
53.995,0,0
54,0,0
54.005,0,0
54.01,0,0
54.015,0,0
54.02,0,0
54.025,0,0
54.03,0,0
54.035,0,0
54.04,0,0
54.045,0,0
54.05,0,0
54.055,0,0
54.06,0,0
54.065,0,0
54.07,0,0
54.075,0,0
54.08,0,0
54.085,0,0
54.09,0,0
54.095,0,0
54.1,0,0
54.105,0,0
54.11,0,0
54.115,0,0
54.12,0,0
54.125,0,0
54.13,0,0
54.135,0,0
54.14,0,0
54.145,0,0
54.15,0,0
54.155,0,0
54.16,0,0
54.165,0,0
54.17,0,0
54.175,0,0
54.18,0,0
54.185,0,0
54.19,0,0
54.195,0,0
54.2,0,0
54.205,0,0
54.21,0,0
54.215,0,0
54.22,0,0
54.225,0,0
54.23,0,0
54.235,0,0
54.24,0,0
54.245,0,0
54.25,0,0
54.255,0,0
54.26,0,0
54.265,0,0
54.27,0,0
54.275,0,0
54.28,0,0
54.285,0,0
54.29,0,0
54.295,0,0
54.3,0,0
54.305,0,0
54.31,0,0
54.315,0,0
54.32,0,0
54.325,0,0
54.33,0,0
54.335,0,0
54.34,0,0
54.345,0,0
54.35,0,0
54.355,0,0
54.36,0,0
54.365,0,0
54.37,0,0
54.375,0,0
54.38,0,0
54.385,0,0
54.39,0,0
54.395,0,0
54.4,0,0
54.405,0,0
54.41,0,0
54.415,0,0
54.42,0,0
54.425,0,0
54.43,0,0
54.435,0,0
54.44,0,0
54.445,0,0
54.45,0,0
54.455,0,0
54.46,0,0
54.465,0,0
54.47,0,0
54.475,0,0
54.48,0,0
54.485,0,0
54.49,0,0
54.495,0,0
54.5,0,0
54.505,0,0
54.51,0,0
54.515,0,0
54.52,0,0
54.525,0,0
54.53,0,0
54.535,0,0
54.54,0,0
54.545,0,0
54.55,0,0
54.555,0,0
54.56,0,0
54.565,0,0
54.57,0,0
54.575,0,0
54.58,0,0
54.585,0,0
54.59,0,0
54.595,0,0
54.6,0,0
54.605,0,0
54.61,0,0
54.615,0,0
54.62,0,0
54.625,0,0
54.63,0,0
54.635,0,0
54.64,0,0
54.645,0,0
54.65,0,0
54.655,0,0
54.66,0,0
54.665,0,0
54.67,0,0
54.675,0,0
54.68,0,0
54.685,0,0
54.69,0,0
54.695,0,0
54.7,0,0
54.705,0,0
54.71,0,0
54.715,0,0
54.72,0,0
54.725,0,0
54.73,0,0
54.735,0,0
54.74,0,0
54.745,0,0
54.75,0,0
54.755,0,0
54.76,0,0
54.765,0,0
54.77,0,0
54.775,0,0
54.78,0,0
54.785,0,0
54.79,0,0
54.795,0,0
54.8,0,0
54.805,0,0
54.81,0,0
54.815,0,0
54.82,0,0
54.825,0,0
54.83,0,0
54.835,0,0
54.84,0,0
54.845,0,0
54.85,0,0
54.855,0,0
54.86,0,0
54.865,0,0
54.87,0,0
54.875,0,0
54.88,0,0
54.885,0,0
54.89,0,0
54.895,0,0
54.9,0,0
54.905,0,0
54.91,0,0
54.915,0,0
54.92,0,0
54.925,0,0
54.93,0,0
54.935,0,0
54.94,0,0
54.945,0,0
54.95,0,0
54.955,0,0
54.96,0,0
54.965,0,0
54.97,0,0
54.975,0,0
54.98,0,0
54.985,0,0
54.99,0,0
54.995,0,0
55,0,0
55.005,0,0
55.01,0,0
55.015,0,0
55.02,0,0
55.025,0,0
55.03,0,0
55.035,0,0
55.04,0,0
55.045,0,0
55.05,0,0
55.055,0,0
55.06,0,0
55.065,0,0
55.07,0,0
55.075,0,0
55.08,0,0
55.085,0,0
55.09,0,0
55.095,0,0
55.1,0,0
55.105,0,0
55.11,0,0
55.115,0,0
55.12,0,0
55.125,0,0
55.13,0,0
55.135,0,0
55.14,0,0
55.145,0,0
55.15,0,0
55.155,0,0
55.16,0,0
55.165,0,0
55.17,0,0
55.175,0,0
55.18,0,0
55.185,0,0
55.19,0,0
55.195,0,0
55.2,0,0
55.205,0,0
55.21,0,0
55.215,0,0
55.22,0,0
55.225,0,0
55.23,0,0
55.235,0,0
55.24,0,0
55.245,0,0
55.25,0,0
55.255,0,0
55.26,0,0
55.265,0,0
55.27,0,0
55.275,0,0
55.28,0,0
55.285,0,0
55.29,0,0
55.295,0,0
55.3,0,0
55.305,0,0
55.31,0,0
55.315,0,0
55.32,0,0
55.325,0,0
55.33,0,0
55.335,0,0
55.34,0,0
55.345,0,0
55.35,0,0
55.355,0,0
55.36,0,0
55.365,0,0
55.37,0,0
55.375,0,0
55.38,0,0
55.385,0,0
55.39,0,0
55.395,0,0
55.4,0,0
55.405,0,0
55.41,0,0
55.415,0,0
55.42,0,0
55.425,0,0
55.43,0,0
55.435,0,0
55.44,0,0
55.445,0,0
55.45,0,0
55.455,0,0
55.46,0,0
55.465,0,0
55.47,0,0
55.475,0,0
55.48,0,0
55.485,0,0
55.49,0,0
55.495,0,0
55.5,0,0
55.505,0,0
55.51,0,0
55.515,0,0
55.52,0,0
55.525,0,0
55.53,0,0
55.535,0,0
55.54,0,0
55.545,0,0
55.55,0,0
55.555,0,0
55.56,0,0
55.565,0,0
55.57,0,0
55.575,0,0
55.58,0,0
55.585,0,0
55.59,0,0
55.595,0,0
55.6,0,0
55.605,0,0
55.61,0,0
55.615,0,0
55.62,0,0
55.625,0,0
55.63,0,0
55.635,0,0
55.64,0,0
55.645,0,0
55.65,0,0
55.655,0,0
55.66,0,0
55.665,0,0
55.67,0,0
55.675,0,0
55.68,0,0
55.685,0,0
55.69,0,0
55.695,0,0
55.7,0,0
55.705,0,0
55.71,0,0
55.715,0,0
55.72,0,0
55.725,0,0
55.73,0,0
55.735,0,0
55.74,0,0
55.745,0,0
55.75,0,0
55.755,0,0
55.76,0,0
55.765,0,0
55.77,0,0
55.775,0,0
55.78,0,0
55.785,0,0
55.79,0,0
55.795,0,0
55.8,0,0
55.805,0,0
55.81,0,0
55.815,0,0
55.82,0,0
55.825,0,0
55.83,0,0
55.835,0,0
55.84,0,0
55.845,0,0
55.85,0,0
55.855,0,0
55.86,0,0
55.865,0,0
55.87,0,0
55.875,0,0
55.88,0,0
55.885,0,0
55.89,0,0
55.895,0,0
55.9,0,0
55.905,0,0
55.91,0,0
55.915,0,0
55.92,0,0
55.925,0,0
55.93,0,0
55.935,0,0
55.94,0,0
55.945,0,0
55.95,0,0
55.955,0,0
55.96,0,0
55.965,0,0
55.97,0,0
55.975,0,0
55.98,0,0
55.985,0,0
55.99,0,0
55.995,0,0
56,0,0
56.005,0,0
56.01,0,0
56.015,0,0
56.02,0,0
56.025,0,0
56.03,0,0
56.035,0,0
56.04,0,0
56.045,0,0
56.05,0,0
56.055,0,0
56.06,0,0
56.065,0,0
56.07,0,0
56.075,0,0
56.08,0,0
56.085,0,0
56.09,0,0
56.095,0,0
56.1,0,0
56.105,0,0
56.11,0,0
56.115,0,0
56.12,0,0
56.125,0,0
56.13,0,0
56.135,0,0
56.14,0,0
56.145,0,0
56.15,0,0
56.155,0,0
56.16,0,0
56.165,0,0
56.17,0,0
56.175,0,0
56.18,0,0
56.185,0,0
56.19,0,0
56.195,0,0
56.2,0,0
56.205,0,0
56.21,0,0
56.215,0,0
56.22,0,0
56.225,0,0
56.23,0,0
56.235,0,0
56.24,0,0
56.245,0,0
56.25,0,0
56.255,0,0
56.26,0,0
56.265,0,0
56.27,0,0
56.275,0,0
56.28,0,0
56.285,0,0
56.29,0,0
56.295,0,0
56.3,0,0
56.305,0,0
56.31,0,0
56.315,0,0
56.32,0,0
56.325,0,0
56.33,0,0
56.335,0,0
56.34,0,0
56.345,0,0
56.35,0,0
56.355,0,0
56.36,0,0
56.365,0,0
56.37,0,0
56.375,0,0
56.38,0,0
56.385,0,0
56.39,0,0
56.395,0,0
56.4,0,0
56.405,0,0
56.41,0,0
56.415,0,0
56.42,0,0
56.425,0,0
56.43,0,0
56.435,0,0
56.44,0,0
56.445,0,0
56.45,0,0
56.455,0,0
56.46,0,0
56.465,0,0
56.47,0,0
56.475,0,0
56.48,0,0
56.485,0,0
56.49,0,0
56.495,0,0
56.5,0,0
56.505,0,0
56.51,0,0
56.515,0,0
56.52,0,0
56.525,0,0
56.53,0,0
56.535,0,0
56.54,0,0
56.545,0,0
56.55,0,0
56.555,0,0
56.56,0,0
56.565,0,0
56.57,0,0
56.575,0,0
56.58,0,0
56.585,0,0
56.59,0,0
56.595,0,0
56.6,0,0
56.605,0,0
56.61,0,0
56.615,0,0
56.62,0,0
56.625,0,0
56.63,0,0
56.635,0,0
56.64,0,0
56.645,0,0
56.65,0,0
56.655,0,0
56.66,0,0
56.665,0,0
56.67,0,0
56.675,0,0
56.68,0,0
56.685,0,0
56.69,0,0
56.695,0,0
56.7,0,0
56.705,0,0
56.71,0,0
56.715,0,0
56.72,0,0
56.725,0,0
56.73,0,0
56.735,0,0
56.74,0,0
56.745,0,0
56.75,0,0
56.755,0,0
56.76,0,0
56.765,0,0
56.77,0,0
56.775,0,0
56.78,0,0
56.785,0,0
56.79,0,0
56.795,0,0
56.8,0,0
56.805,0,0
56.81,0,0
56.815,0,0
56.82,0,0
56.825,0,0
56.83,0,0
56.835,0,0
56.84,0,0
56.845,0,0
56.85,0,0
56.855,0,0
56.86,0,0
56.865,0,0
56.87,0,0
56.875,0,0
56.88,0,0
56.885,0,0
56.89,0,0
56.895,0,0
56.9,0,0
56.905,0,0
56.91,0,0
56.915,0,0
56.92,0,0
56.925,0,0
56.93,0,0
56.935,0,0
56.94,0,0
56.945,0,0
56.95,0,0
56.955,0,0
56.96,0,0
56.965,0,0
56.97,0,0
56.975,0,0
56.98,0,0
56.985,0,0
56.99,0,0
56.995,0,0
57,0,0
57.005,0,0
57.01,0,0
57.015,0,0
57.02,0,0
57.025,0,0
57.03,0,0
57.035,0,0
57.04,0,0
57.045,0,0
57.05,0,0
57.055,0,0
57.06,0,0
57.065,0,0
57.07,0,0
57.075,0,0
57.08,0,0
57.085,0,0
57.09,0,0
57.095,0,0
57.1,0,0
57.105,0,0
57.11,0,0
57.115,0,0
57.12,0,0
57.125,0,0
57.13,0,0
57.135,0,0
57.14,0,0
57.145,0,0
57.15,0,0
57.155,0,0
57.16,0,0
57.165,0,0
57.17,0,0
57.175,0,0
57.18,0,0
57.185,0,0
57.19,0,0
57.195,0,0
57.2,0,0
57.205,0,0
57.21,0,0
57.215,0,0
57.22,0,0
57.225,0,0
57.23,0,0
57.235,0,0
57.24,0,0
57.245,0,0
57.25,0,0
57.255,0,0
57.26,0,0
57.265,0,0
57.27,0,0
57.275,0,0
57.28,0,0
57.285,0,0
57.29,0,0
57.295,0,0
57.3,0,0
57.305,0,0
57.31,0,0
57.315,0,0
57.32,0,0
57.325,0,0
57.33,0,0
57.335,0,0
57.34,0,0
57.345,0,0
57.35,0,0
57.355,0,0
57.36,0,0
57.365,0,0
57.37,0,0
57.375,0,0
57.38,0,0
57.385,0,0
57.39,0,0
57.395,0,0
57.4,0,0
57.405,0,0
57.41,0,0
57.415,0,0
57.42,0,0
57.425,0,0
57.43,0,0
57.435,0,0
57.44,0,0
57.445,0,0
57.45,0,0
57.455,0,0
57.46,0,0
57.465,0,0
57.47,0,0
57.475,0,0
57.48,0,0
57.485,0,0
57.49,0,0
57.495,0,0
57.5,0,0
57.505,0,0
57.51,0,0
57.515,0,0
57.52,0,0
57.525,0,0
57.53,0,0
57.535,0,0
57.54,0,0
57.545,0,0
57.55,0,0
57.555,0,0
57.56,0,0
57.565,0,0
57.57,0,0
57.575,0,0
57.58,0,0
57.585,0,0
57.59,0,0
57.595,0,0
57.6,0,0
57.605,0,0
57.61,0,0
57.615,0,0
57.62,0,0
57.625,0,0
57.63,0,0
57.635,0,0
57.64,0,0
57.645,0,0
57.65,0,0
57.655,0,0
57.66,0,0
57.665,0,0
57.67,0,0
57.675,0,0
57.68,0,0
57.685,0,0
57.69,0,0
57.695,0,0
57.7,0,0
57.705,0,0
57.71,0,0
57.715,0,0
57.72,0,0
57.725,0,0
57.73,0,0
57.735,0,0
57.74,0,0
57.745,0,0
57.75,0,0
57.755,0,0
57.76,0,0
57.765,0,0
57.77,0,0
57.775,0,0
57.78,0,0
57.785,0,0
57.79,0,0
57.795,0,0
57.8,0,0
57.805,0,0
57.81,0,0
57.815,0,0
57.82,0,0
57.825,0,0
57.83,0,0
57.835,0,0
57.84,0,0
57.845,0,0
57.85,0,0
57.855,0,0
57.86,0,0
57.865,0,0
57.87,0,0
57.875,0,0
57.88,0,0
57.885,0,0
57.89,0,0
57.895,0,0
57.9,0,0
57.905,0,0
57.91,0,0
57.915,0,0
57.92,0,0
57.925,0,0
57.93,0,0
57.935,0,0
57.94,0,0
57.945,0,0
57.95,0,0
57.955,0,0
57.96,0,0
57.965,0,0
57.97,0,0
57.975,0,0
57.98,0,0
57.985,0,0
57.99,0,0
57.995,0,0
58,0,0
58.005,0,0
58.01,0,0
58.015,0,0
58.02,0,0
58.025,0,0
58.03,0,0
58.035,0,0
58.04,0,0
58.045,0,0
58.05,0,0
58.055,0,0
58.06,0,0
58.065,0,0
58.07,0,0
58.075,0,0
58.08,0,0
58.085,0,0
58.09,0,0
58.095,0,0
58.1,0,0
58.105,0,0
58.11,0,0
58.115,0,0
58.12,0,0
58.125,0,0
58.13,0,0
58.135,0,0
58.14,0,0
58.145,0,0
58.15,0,0
58.155,0,0
58.16,0,0
58.165,0,0
58.17,0,0
58.175,0,0
58.18,0,0
58.185,0,0
58.19,0,0
58.195,0,0
58.2,0,0
58.205,0,0
58.21,0,0
58.215,0,0
58.22,0,0
58.225,0,0
58.23,0,0
58.235,0,0
58.24,0,0
58.245,0,0
58.25,0,0
58.255,0,0
58.26,0,0
58.265,0,0
58.27,0,0
58.275,0,0
58.28,0,0
58.285,0,0
58.29,0,0
58.295,0,0
58.3,0,0
58.305,0,0
58.31,0,0
58.315,0,0
58.32,0,0
58.325,0,0
58.33,0,0
58.335,0,0
58.34,0,0
58.345,0,0
58.35,0,0
58.355,0,0
58.36,0,0
58.365,0,0
58.37,0,0
58.375,0,0
58.38,0,0
58.385,0,0
58.39,0,0
58.395,0,0
58.4,0,0
58.405,0,0
58.41,0,0
58.415,0,0
58.42,0,0
58.425,0,0
58.43,0,0
58.435,0,0
58.44,0,0
58.445,0,0
58.45,0,0
58.455,0,0
58.46,0,0
58.465,0,0
58.47,0,0
58.475,0,0
58.48,0,0
58.485,0,0
58.49,0,0
58.495,0,0
58.5,0,0
58.505,0,0
58.51,0,0
58.515,0,0
58.52,0,0
58.525,0,0
58.53,0,0
58.535,0,0
58.54,0,0
58.545,0,0
58.55,0,0
58.555,0,0
58.56,0,0
58.565,0,0
58.57,0,0
58.575,0,0
58.58,0,0
58.585,0,0
58.59,0,0
58.595,0,0
58.6,0,0
58.605,0,0
58.61,0,0
58.615,0,0
58.62,0,0
58.625,0,0
58.63,0,0
58.635,0,0
58.64,0,0
58.645,0,0
58.65,0,0
58.655,0,0
58.66,0,0
58.665,0,0
58.67,0,0
58.675,0,0
58.68,0,0
58.685,0,0
58.69,0,0
58.695,0,0
58.7,0,0
58.705,0,0
58.71,0,0
58.715,0,0
58.72,0,0
58.725,0,0
58.73,0,0
58.735,0,0
58.74,0,0
58.745,0,0
58.75,0,0
58.755,0,0
58.76,0,0
58.765,0,0
58.77,0,0
58.775,0,0
58.78,0,0
58.785,0,0
58.79,0,0
58.795,0,0
58.8,0,0
58.805,0,0
58.81,0,0
58.815,0,0
58.82,0,0
58.825,0,0
58.83,0,0
58.835,0,0
58.84,0,0
58.845,0,0
58.85,0,0
58.855,0,0
58.86,0,0
58.865,0,0
58.87,0,0
58.875,0,0
58.88,0,0
58.885,0,0
58.89,0,0
58.895,0,0
58.9,0,0
58.905,0,0
58.91,0,0
58.915,0,0
58.92,0,0
58.925,0,0
58.93,0,0
58.935,0,0
58.94,0,0
58.945,0,0
58.95,0,0
58.955,0,0
58.96,0,0
58.965,0,0
58.97,0,0
58.975,0,0
58.98,0,0
58.985,0,0
58.99,0,0
58.995,0,0
59,0,0
59.005,0,0
59.01,0,0
59.015,0,0
59.02,0,0
59.025,0,0
59.03,0,0
59.035,0,0
59.04,0,0
59.045,0,0
59.05,0,0
59.055,0,0
59.06,0,0
59.065,0,0
59.07,0,0
59.075,0,0
59.08,0,0
59.085,0,0
59.09,0,0
59.095,0,0
59.1,0,0
59.105,0,0
59.11,0,0
59.115,0,0
59.12,0,0
59.125,0,0
59.13,0,0
59.135,0,0
59.14,0,0
59.145,0,0
59.15,0,0
59.155,0,0
59.16,0,0
59.165,0,0
59.17,0,0
59.175,0,0
59.18,0,0
59.185,0,0
59.19,0,0
59.195,0,0
59.2,0,0
59.205,0,0
59.21,0,0
59.215,0,0
59.22,0,0
59.225,0,0
59.23,0,0
59.235,0,0
59.24,0,0
59.245,0,0
59.25,0,0
59.255,0,0
59.26,0,0
59.265,0,0
59.27,0,0
59.275,0,0
59.28,0,0
59.285,0,0
59.29,0,0
59.295,0,0
59.3,0,0
59.305,0,0
59.31,0,0
59.315,0,0
59.32,0,0
59.325,0,0
59.33,0,0
59.335,0,0
59.34,0,0
59.345,0,0
59.35,0,0
59.355,0,0
59.36,0,0
59.365,0,0
59.37,0,0
59.375,0,0
59.38,0,0
59.385,0,0
59.39,0,0
59.395,0,0
59.4,0,0
59.405,0,0
59.41,0,0
59.415,0,0
59.42,0,0
59.425,0,0
59.43,0,0
59.435,0,0
59.44,0,0
59.445,0,0
59.45,0,0
59.455,0,0
59.46,0,0
59.465,0,0
59.47,0,0
59.475,0,0
59.48,0,0
59.485,0,0
59.49,0,0
59.495,0,0
59.5,0,0
59.505,0,0
59.51,0,0
59.515,0,0
59.52,0,0
59.525,0,0
59.53,0,0
59.535,0,0
59.54,0,0
59.545,0,0
59.55,0,0
59.555,0,0
59.56,0,0
59.565,0,0
59.57,0,0
59.575,0,0
59.58,0,0
59.585,0,0
59.59,0,0
59.595,0,0
59.6,0,0
59.605,0,0
59.61,0,0
59.615,0,0
59.62,0,0
59.625,0,0
59.63,0,0
59.635,0,0
59.64,0,0
59.645,0,0
59.65,0,0
59.655,0,0
59.66,0,0
59.665,0,0
59.67,0,0
59.675,0,0
59.68,0,0
59.685,0,0
59.69,0,0
59.695,0,0
59.7,0,0
59.705,0,0
59.71,0,0
59.715,0,0
59.72,0,0
59.725,0,0
59.73,0,0
59.735,0,0
59.74,0,0
59.745,0,0
59.75,0,0
59.755,0,0
59.76,0,0
59.765,0,0
59.77,0,0
59.775,0,0
59.78,0,0
59.785,0,0
59.79,0,0
59.795,0,0
59.8,0,0
59.805,0,0
59.81,0,0
59.815,0,0
59.82,0,0
59.825,0,0
59.83,0,0
59.835,0,0
59.84,0,0
59.845,0,0
59.85,0,0
59.855,0,0
59.86,0,0
59.865,0,0
59.87,0,0
59.875,0,0
59.88,0,0
59.885,0,0
59.89,0,0
59.895,0,0
59.9,0,0
59.905,0,0
59.91,0,0
59.915,0,0
59.92,0,0
59.925,0,0
59.93,0,0
59.935,0,0
59.94,0,0
59.945,0,0
59.95,0,0
59.955,0,0
59.96,0,0
59.965,0,0
59.97,0,0
59.975,0,0
59.98,0,0
59.985,0,0
59.99,0,0
59.995,0,0
60,0,0
60.005,0,0
60.01,0,0
60.015,0,0
60.02,0,0
60.025,0,0
60.03,0,0
60.035,0,0
60.04,0,0
60.045,0,0
60.05,0,0
60.055,0,0
60.06,0,0
60.065,0,0
60.07,0,0
60.075,0,0
60.08,0,0
60.085,0,0
60.09,0,0
60.095,0,0
60.1,0,0
60.105,0,0
60.11,0,0
60.115,0,0
60.12,0,0
60.125,0,0
60.13,0,0
60.135,0,0
60.14,0,0
60.145,0,0
60.15,0,0
60.155,0,0
60.16,0,0
60.165,0,0
60.17,0,0
60.175,0,0
60.18,0,0
60.185,0,0
60.19,0,0
60.195,0,0
60.2,0,0
60.205,0,0
60.21,0,0
60.215,0,0
60.22,0,0
60.225,0,0
60.23,0,0
60.235,0,0
60.24,0,0
60.245,0,0
60.25,0,0
60.255,0,0
60.26,0,0
60.265,0,0
60.27,0,0
60.275,0,0
60.28,0,0
60.285,0,0
60.29,0,0
60.295,0,0
60.3,0,0
60.305,0,0
60.31,0,0
60.315,0,0
60.32,0,0
60.325,0,0
60.33,0,0
60.335,0,0
60.34,0,0
60.345,0,0
60.35,0,0
60.355,0,0
60.36,0,0
60.365,0,0
60.37,0,0
60.375,0,0
60.38,0,0
60.385,0,0
60.39,0,0
60.395,0,0
60.4,0,0
60.405,0,0
60.41,0,0
60.415,0,0
60.42,0,0
60.425,0,0
60.43,0,0
60.435,0,0
60.44,0,0
60.445,0,0
60.45,0,0
60.455,0,0
60.46,0,0
60.465,0,0
60.47,0,0
60.475,0,0
60.48,0,0
60.485,0,0
60.49,0,0
60.495,0,0
60.5,0,0
60.505,0,0
60.51,0,0
60.515,0,0
60.52,0,0
60.525,0,0
60.53,0,0
60.535,0,0
60.54,0,0
60.545,0,0
60.55,0,0
60.555,0,0
60.56,0,0
60.565,0,0
60.57,0,0
60.575,0,0
60.58,0,0
60.585,0,0
60.59,0,0
60.595,0,0
60.6,0,0
60.605,0,0
60.61,0,0
60.615,0,0
60.62,0,0
60.625,0,0
60.63,0,0
60.635,0,0
60.64,0,0
60.645,0,0
60.65,0,0
60.655,0,0
60.66,0,0
60.665,0,0
60.67,0,0
60.675,0,0
60.68,0,0
60.685,0,0
60.69,0,0
60.695,0,0
60.7,0,0
60.705,0,0
60.71,0,0
60.715,0,0
60.72,0,0
60.725,0,0
60.73,0,0
60.735,0,0
60.74,0,0
60.745,0,0
60.75,0,0
60.755,0,0
60.76,0,0
60.765,0,0
60.77,0,0
60.775,0,0
60.78,0,0
60.785,0,0
60.79,0,0
60.795,0,0
60.8,0,0
60.805,0,0
60.81,0,0
60.815,0,0
60.82,0,0
60.825,0,0
60.83,0,0
60.835,0,0
60.84,0,0
60.845,0,0
60.85,0,0
60.855,0,0
60.86,0,0
60.865,0,0
60.87,0,0
60.875,0,0
60.88,0,0
60.885,0,0
60.89,0,0
60.895,0,0
60.9,0,0
60.905,0,0
60.91,0,0
60.915,0,0
60.92,0,0
60.925,0,0
60.93,0,0
60.935,0,0
60.94,0,0
60.945,0,0
60.95,0,0
60.955,0,0
60.96,0,0
60.965,0,0
60.97,0,0
60.975,0,0
60.98,0,0
60.985,0,0
60.99,0,0
60.995,0,0
61,0,0
61.005,0,0
61.01,0,0
61.015,0,0
61.02,0,0
61.025,0,0
61.03,0,0
61.035,0,0
61.04,0,0
61.045,0,0
61.05,0,0
61.055,0,0
61.06,0,0
61.065,0,0
61.07,0,0
61.075,0,0
61.08,0,0
61.085,0,0
61.09,0,0
61.095,0,0
61.1,0,0
61.105,0,0
61.11,0,0
61.115,0,0
61.12,0,0
61.125,0,0
61.13,0,0
61.135,0,0
61.14,0,0
61.145,0,0
61.15,0,0
61.155,0,0
61.16,0,0
61.165,0,0
61.17,0,0
61.175,0,0
61.18,0,0
61.185,0,0
61.19,0,0
61.195,0,0
61.2,0,0
61.205,0,0
61.21,0,0
61.215,0,0
61.22,0,0
61.225,0,0
61.23,0,0
61.235,0,0
61.24,0,0
61.245,0,0
61.25,0,0
61.255,0,0
61.26,0,0
61.265,0,0
61.27,0,0
61.275,0,0
61.28,0,0
61.285,0,0
61.29,0,0
61.295,0,0
61.3,0,0
61.305,0,0
61.31,0,0
61.315,0,0
61.32,0,0
61.325,0,0
61.33,0,0
61.335,0,0
61.34,0,0
61.345,0,0
61.35,0,0
61.355,0,0
61.36,0,0
61.365,0,0
61.37,0,0
61.375,0,0
61.38,0,0
61.385,0,0
61.39,0,0
61.395,0,0
61.4,0,0
61.405,0,0
61.41,0,0
61.415,0,0
61.42,0,0
61.425,0,0
61.43,0,0
61.435,0,0
61.44,0,0
61.445,0,0
61.45,0,0
61.455,0,0
61.46,0,0
61.465,0,0
61.47,0,0
61.475,0,0
61.48,0,0
61.485,0,0
61.49,0,0
61.495,0,0
61.5,0,0
61.505,0,0
61.51,0,0
61.515,0,0
61.52,0,0
61.525,0,0
61.53,0,0
61.535,0,0
61.54,0,0
61.545,0,0
61.55,0,0
61.555,0,0
61.56,0,0
61.565,0,0
61.57,0,0
61.575,0,0
61.58,0,0
61.585,0,0
61.59,0,0
61.595,0,0
61.6,0,0
61.605,0,0
61.61,0,0
61.615,0,0
61.62,0,0
61.625,0,0
61.63,0,0
61.635,0,0
61.64,0,0
61.645,0,0
61.65,0,0
61.655,0,0
61.66,0,0
61.665,0,0
61.67,0,0
61.675,0,0
61.68,0,0
61.685,0,0
61.69,0,0
61.695,0,0
61.7,0,0
61.705,0,0
61.71,0,0
61.715,0,0
61.72,0,0
61.725,0,0
61.73,0,0
61.735,0,0
61.74,0,0
61.745,0,0
61.75,0,0
61.755,0,0
61.76,0,0
61.765,0,0
61.77,0,0
61.775,0,0
61.78,0,0
61.785,0,0
61.79,0,0
61.795,0,0
61.8,0,0
61.805,0,0
61.81,0,0
61.815,0,0
61.82,0,0
61.825,0,0
61.83,0,0
61.835,0,0
61.84,0,0
61.845,0,0
61.85,0,0
61.855,0,0
61.86,0,0
61.865,0,0
61.87,0,0
61.875,0,0
61.88,0,0
61.885,0,0
61.89,0,0
61.895,0,0
61.9,0,0
61.905,0,0
61.91,0,0
61.915,0,0
61.92,0,0
61.925,0,0
61.93,0,0
61.935,0,0
61.94,0,0
61.945,0,0
61.95,0,0
61.955,0,0
61.96,0,0
61.965,0,0
61.97,0,0
61.975,0,0
61.98,0,0
61.985,0,0
61.99,0,0
61.995,0,0
62,0,0
62.005,0,0
62.01,0,0
62.015,0,0
62.02,0,0
62.025,0,0
62.03,0,0
62.035,0,0
62.04,0,0
62.045,0,0
62.05,0,0
62.055,0,0
62.06,0,0
62.065,0,0
62.07,0,0
62.075,0,0
62.08,0,0
62.085,0,0
62.09,0,0
62.095,0,0
62.1,0,0
62.105,0,0
62.11,0,0
62.115,0,0
62.12,0,0
62.125,0,0
62.13,0,0
62.135,0,0
62.14,0,0
62.145,0,0
62.15,0,0
62.155,0,0
62.16,0,0
62.165,0,0
62.17,0,0
62.175,0,0
62.18,0,0
62.185,0,0
62.19,0,0
62.195,0,0
62.2,0,0
62.205,0,0
62.21,0,0
62.215,0,0
62.22,0,0
62.225,0,0
62.23,0,0
62.235,0,0
62.24,0,0
62.245,0,0
62.25,0,0
62.255,0,0
62.26,0,0
62.265,0,0
62.27,0,0
62.275,0,0
62.28,0,0
62.285,0,0
62.29,0,0
62.295,0,0
62.3,0,0
62.305,0,0
62.31,0,0
62.315,0,0
62.32,0,0
62.325,0,0
62.33,0,0
62.335,0,0
62.34,0,0
62.345,0,0
62.35,0,0
62.355,0,0
62.36,0,0
62.365,0,0
62.37,0,0
62.375,0,0
62.38,0,0
62.385,0,0
62.39,0,0
62.395,0,0
62.4,0,0
62.405,0,0
62.41,0,0
62.415,0,0
62.42,0,0
62.425,0,0
62.43,0,0
62.435,0,0
62.44,0,0
62.445,0,0
62.45,0,0
62.455,0,0
62.46,0,0
62.465,0,0
62.47,0,0
62.475,0,0
62.48,0,0
62.485,0,0
62.49,0,0
62.495,0,0
62.5,0,0
62.505,0,0
62.51,0,0
62.515,0,0
62.52,0,0
62.525,0,0
62.53,0,0
62.535,0,0
62.54,0,0
62.545,0,0
62.55,0,0
62.555,0,0
62.56,0,0
62.565,0,0
62.57,0,0
62.575,0,0
62.58,0,0
62.585,0,0
62.59,0,0
62.595,0,0
62.6,0,0
62.605,0,0
62.61,0,0
62.615,0,0
62.62,0,0
62.625,0,0
62.63,0,0
62.635,0,0
62.64,0,0
62.645,0,0
62.65,0,0
62.655,0,0
62.66,0,0
62.665,0,0
62.67,0,0
62.675,0,0
62.68,0,0
62.685,0,0
62.69,0,0
62.695,0,0
62.7,0,0
62.705,0,0
62.71,0,0
62.715,0,0
62.72,0,0
62.725,0,0
62.73,0,0
62.735,0,0
62.74,0,0
62.745,0,0
62.75,0,0
62.755,0,0
62.76,0,0
62.765,0,0
62.77,0,0
62.775,0,0
62.78,0,0
62.785,0,0
62.79,0,0
62.795,0,0
62.8,0,0
62.805,0,0
62.81,0,0
62.815,0,0
62.82,0,0
62.825,0,0
62.83,0,0
62.835,0,0
62.84,0,0
62.845,0,0
62.85,0,0
62.855,0,0
62.86,0,0
62.865,0,0
62.87,0,0
62.875,0,0
62.88,0,0
62.885,0,0
62.89,0,0
62.895,0,0
62.9,0,0
62.905,0,0
62.91,0,0
62.915,0,0
62.92,0,0
62.925,0,0
62.93,0,0
62.935,0,0
62.94,0,0
62.945,0,0
62.95,0,0
62.955,0,0
62.96,0,0
62.965,0,0
62.97,0,0
62.975,0,0
62.98,0,0
62.985,0,0
62.99,0,0
62.995,0,0
63,0,0
63.005,0,0
63.01,0,0
63.015,0,0
63.02,0,0
63.025,0,0
63.03,0,0
63.035,0,0
63.04,0,0
63.045,0,0
63.05,0,0
63.055,0,0
63.06,0,0
63.065,0,0
63.07,0,0
63.075,0,0
63.08,0,0
63.085,0,0
63.09,0,0
63.095,0,0
63.1,0,0
63.105,0,0
63.11,0,0
63.115,0,0
63.12,0,0
63.125,0,0
63.13,0,0
63.135,0,0
63.14,0,0
63.145,0,0
63.15,0,0
63.155,0,0
63.16,0,0
63.165,0,0
63.17,0,0
63.175,0,0
63.18,0,0
63.185,0,0
63.19,0,0
63.195,0,0
63.2,0,0
63.205,0,0
63.21,0,0
63.215,0,0
63.22,0,0
63.225,0,0
63.23,0,0
63.235,0,0
63.24,0,0
63.245,0,0
63.25,0,0
63.255,0,0
63.26,0,0
63.265,0,0
63.27,0,0
63.275,0,0
63.28,0,0
63.285,0,0
63.29,0,0
63.295,0,0
63.3,0,0
63.305,0,0
63.31,0,0
63.315,0,0
63.32,0,0
63.325,0,0
63.33,0,0
63.335,0,0
63.34,0,0
63.345,0,0
63.35,0,0
63.355,0,0
63.36,0,0
63.365,0,0
63.37,0,0
63.375,0,0
63.38,0,0
63.385,0,0
63.39,0,0
63.395,0,0
63.4,0,0
63.405,0,0
63.41,0,0
63.415,0,0
63.42,0,0
63.425,0,0
63.43,0,0
63.435,0,0
63.44,0,0
63.445,0,0
63.45,0,0
63.455,0,0
63.46,0,0
63.465,0,0
63.47,0,0
63.475,0,0
63.48,0,0
63.485,0,0
63.49,0,0
63.495,0,0
63.5,0,0
63.505,0,0
63.51,0,0
63.515,0,0
63.52,0,0
63.525,0,0
63.53,0,0
63.535,0,0
63.54,0,0
63.545,0,0
63.55,0,0
63.555,0,0
63.56,0,0
63.565,0,0
63.57,0,0
63.575,0,0
63.58,0,0
63.585,0,0
63.59,0,0
63.595,0,0
63.6,0,0
63.605,0,0
63.61,0,0
63.615,0,0
63.62,0,0
63.625,0,0
63.63,0,0
63.635,0,0
63.64,0,0
63.645,0,0
63.65,0,0
63.655,0,0
63.66,0,0
63.665,0,0
63.67,0,0
63.675,0,0
63.68,0,0
63.685,0,0
63.69,0,0
63.695,0,0
63.7,0,0
63.705,0,0
63.71,0,0
63.715,0,0
63.72,0,0
63.725,0,0
63.73,0,0
63.735,0,0
63.74,0,0
63.745,0,0
63.75,0,0
63.755,0,0
63.76,0,0
63.765,0,0
63.77,0,0
63.775,0,0
63.78,0,0
63.785,0,0
63.79,0,0
63.795,0,0
63.8,0,0
63.805,0,0
63.81,0,0
63.815,0,0
63.82,0,0
63.825,0,0
63.83,0,0
63.835,0,0
63.84,0,0
63.845,0,0
63.85,0,0
63.855,0,0
63.86,0,0
63.865,0,0
63.87,0,0
63.875,0,0
63.88,0,0
63.885,0,0
63.89,0,0
63.895,0,0
63.9,0,0
63.905,0,0
63.91,0,0
63.915,0,0
63.92,0,0
63.925,0,0
63.93,0,0
63.935,0,0
63.94,0,0
63.945,0,0
63.95,0,0
63.955,0,0
63.96,0,0
63.965,0,0
63.97,0,0
63.975,0,0
63.98,0,0
63.985,0,0
63.99,0,0
63.995,0,0
64,0,0
64.005,0,0
64.01,0,0
64.015,0,0
64.02,0,0
64.025,0,0
64.03,0,0
64.035,0,0
64.04,0,0
64.045,0,0
64.05,0,0
64.055,0,0
64.06,0,0
64.065,0,0
64.07,0,0
64.075,0,0
64.08,0,0
64.085,0,0
64.09,0,0
64.095,0,0
64.1,0,0
64.105,0,0
64.11,0,0
64.115,0,0
64.12,0,0
64.125,0,0
64.13,0,0
64.135,0,0
64.14,0,0
64.145,0,0
64.15,0,0
64.155,0,0
64.16,0,0
64.165,0,0
64.17,0,0
64.175,0,0
64.18,0,0
64.185,0,0
64.19,0,0
64.195,0,0
64.2,0,0
64.205,0,0
64.21,0,0
64.215,0,0
64.22,0,0
64.225,0,0
64.23,0,0
64.235,0,0
64.24,0,0
64.245,0,0
64.25,0,0
64.255,0,0
64.26,0,0
64.265,0,0
64.27,0,0
64.275,0,0
64.28,0,0
64.285,0,0
64.29,0,0
64.295,0,0
64.3,0,0
64.305,0,0
64.31,0,0
64.315,0,0
64.32,0,0
64.325,0,0
64.33,0,0
64.335,0,0
64.34,0,0
64.345,0,0
64.35,0,0
64.355,0,0
64.36,0,0
64.365,0,0
64.37,0,0
64.375,0,0
64.38,0,0
64.385,0,0
64.39,0,0
64.395,0,0
64.4,0,0
64.405,0,0
64.41,0,0
64.415,0,0
64.42,0,0
64.425,0,0
64.43,0,0
64.435,0,0
64.44,0,0
64.445,0,0
64.45,0,0
64.455,0,0
64.46,0,0
64.465,0,0
64.47,0,0
64.475,0,0
64.48,0,0
64.485,0,0
64.49,0,0
64.495,0,0
64.5,0,0
64.505,0,0
64.51,0,0
64.515,0,0
64.52,0,0
64.525,0,0
64.53,0,0
64.535,0,0
64.54,0,0
64.545,0,0
64.55,0,0
64.555,0,0
64.56,0,0
64.565,0,0
64.57,0,0
64.575,0,0
64.58,0,0
64.585,0,0
64.59,0,0
64.595,0,0
64.6,0,0
64.605,0,0
64.61,0,0
64.615,0,0
64.62,0,0
64.625,0,0
64.63,0,0
64.635,0,0
64.64,0,0
64.645,0,0
64.65,0,0
64.655,0,0
64.66,0,0
64.665,0,0
64.67,0,0
64.675,0,0
64.68,0,0
64.685,0,0
64.69,0,0
64.695,0,0
64.7,0,0
64.705,0,0
64.71,0,0
64.715,0,0
64.72,0,0
64.725,0,0
64.73,0,0
64.735,0,0
64.74,0,0
64.745,0,0
64.75,0,0
64.755,0,0
64.76,0,0
64.765,0,0
64.77,0,0
64.775,0,0
64.78,0,0
64.785,0,0
64.79,0,0
64.795,0,0
64.8,0,0
64.805,0,0
64.81,0,0
64.815,0,0
64.82,0,0
64.825,0,0
64.83,0,0
64.835,0,0
64.84,0,0
64.845,0,0
64.85,0,0
64.855,0,0
64.86,0,0
64.865,0,0
64.87,0,0
64.875,0,0
64.88,0,0
64.885,0,0
64.89,0,0
64.895,0,0
64.9,0,0
64.905,0,0
64.91,0,0
64.915,0,0
64.92,0,0
64.925,0,0
64.93,0,0
64.935,0,0
64.94,0,0
64.945,0,0
64.95,0,0
64.955,0,0
64.96,0,0
64.965,0,0
64.97,0,0
64.975,0,0
64.98,0,0
64.985,0,0
64.99,0,0
64.995,0,0
65,0,0
65.005,0,0
65.01,0,0
65.015,0,0
65.02,0,0
65.025,0,0
65.03,0,0
65.035,0,0
65.04,0,0
65.045,0,0
65.05,0,0
65.055,0,0
65.06,0,0
65.065,0,0
65.07,0,0
65.075,0,0
65.08,0,0
65.085,0,0
65.09,0,0
65.095,0,0
65.1,0,0
65.105,0,0
65.11,0,0
65.115,0,0
65.12,0,0
65.125,0,0
65.13,0,0
65.135,0,0
65.14,0,0
65.145,0,0
65.15,0,0
65.155,0,0
65.16,0,0
65.165,0,0
65.17,0,0
65.175,0,0
65.18,0,0
65.185,0,0
65.19,0,0
65.195,0,0
65.2,0,0
65.205,0,0
65.21,0,0
65.215,0,0
65.22,0,0
65.225,0,0
65.23,0,0
65.235,0,0
65.24,0,0
65.245,0,0
65.25,0,0
65.255,0,0
65.26,0,0
65.265,0,0
65.27,0,0
65.275,0,0
65.28,0,0
65.285,0,0
65.29,0,0
65.295,0,0
65.3,0,0
65.305,0,0
65.31,0,0
65.315,0,0
65.32,0,0
65.325,0,0
65.33,0,0
65.335,0,0
65.34,0,0
65.345,0,0
65.35,0,0
65.355,0,0
65.36,0,0
65.365,0,0
65.37,0,0
65.375,0,0
65.38,0,0
65.385,0,0
65.39,0,0
65.395,0,0
65.4,0,0
65.405,0,0
65.41,0,0
65.415,0,0
65.42,0,0
65.425,0,0
65.43,0,0
65.435,0,0
65.44,0,0
65.445,0,0
65.45,0,0
65.455,0,0
65.46,0,0
65.465,0,0
65.47,0,0
65.475,0,0
65.48,0,0
65.485,0,0
65.49,0,0
65.495,0,0
65.5,0,0
65.505,0,0
65.51,0,0
65.515,0,0
65.52,0,0
65.525,0,0
65.53,0,0
65.535,0,0
65.54,0,0
65.545,0,0
65.55,0,0
65.555,0,0
65.56,0,0
65.565,0,0
65.57,0,0
65.575,0,0
65.58,0,0
65.585,0,0
65.59,0,0
65.595,0,0
65.6,0,0
65.605,0,0
65.61,0,0
65.615,0,0
65.62,0,0
65.625,0,0
65.63,0,0
65.635,0,0
65.64,0,0
65.645,0,0
65.65,0,0
65.655,0,0
65.66,0,0
65.665,0,0
65.67,0,0
65.675,0,0
65.68,0,0
65.685,0,0
65.69,0,0
65.695,0,0
65.7,0,0
65.705,0,0
65.71,0,0
65.715,0,0
65.72,0,0
65.725,0,0
65.73,0,0
65.735,0,0
65.74,0,0
65.745,0,0
65.75,0,0
65.755,0,0
65.76,0,0
65.765,0,0
65.77,0,0
65.775,0,0
65.78,0,0
65.785,0,0
65.79,0,0
65.795,0,0
65.8,0,0
65.805,0,0
65.81,0,0
65.815,0,0
65.82,0,0
65.825,0,0
65.83,0,0
65.835,0,0
65.84,0,0
65.845,0,0
65.85,0,0
65.855,0,0
65.86,0,0
65.865,0,0
65.87,0,0
65.875,0,0
65.88,0,0
65.885,0,0
65.89,0,0
65.895,0,0
65.9,0,0
65.905,0,0
65.91,0,0
65.915,0,0
65.92,0,0
65.925,0,0
65.93,0,0
65.935,0,0
65.94,0,0
65.945,0,0
65.95,0,0
65.955,0,0
65.96,0,0
65.965,0,0
65.97,0,0
65.975,0,0
65.98,0,0
65.985,0,0
65.99,0,0
65.995,0,0
66,0,0
66.005,0,0
66.01,0,0
66.015,0,0
66.02,0,0
66.025,0,0
66.03,0,0
66.035,0,0
66.04,0,0
66.045,0,0
66.05,0,0
66.055,0,0
66.06,0,0
66.065,0,0
66.07,0,0
66.075,0,0
66.08,0,0
66.085,0,0
66.09,0,0
66.095,0,0
66.1,0,0
66.105,0,0
66.11,0,0
66.115,0,0
66.12,0,0
66.125,0,0
66.13,0,0
66.135,0,0
66.14,0,0
66.145,0,0
66.15,0,0
66.155,0,0
66.16,0,0
66.165,0,0
66.17,0,0
66.175,0,0
66.18,0,0
66.185,0,0
66.19,0,0
66.195,0,0
66.2,0,0
66.205,0,0
66.21,0,0
66.215,0,0
66.22,0,0
66.225,0,0
66.23,0,0
66.235,0,0
66.24,0,0
66.245,0,0
66.25,0,0
66.255,0,0
66.26,0,0
66.265,0,0
66.27,0,0
66.275,0,0
66.28,0,0
66.285,0,0
66.29,0,0
66.295,0,0
66.3,0,0
66.305,0,0
66.31,0,0
66.315,0,0
66.32,0,0
66.325,0,0
66.33,0,0
66.335,0,0
66.34,0,0
66.345,0,0
66.35,0,0
66.355,0,0
66.36,0,0
66.365,0,0
66.37,0,0
66.375,0,0
66.38,0,0
66.385,0,0
66.39,0,0
66.395,0,0
66.4,0,0
66.405,0,0
66.41,0,0
66.415,0,0
66.42,0,0
66.425,0,0
66.43,0,0
66.435,0,0
66.44,0,0
66.445,0,0
66.45,0,0
66.455,0,0
66.46,0,0
66.465,0,0
66.47,0,0
66.475,0,0
66.48,0,0
66.485,0,0
66.49,0,0
66.495,0,0
66.5,0,0
66.505,0,0
66.51,0,0
66.515,0,0
66.52,0,0
66.525,0,0
66.53,0,0
66.535,0,0
66.54,0,0
66.545,0,0
66.55,0,0
66.555,0,0
66.56,0,0
66.565,0,0
66.57,0,0
66.575,0,0
66.58,0,0
66.585,0,0
66.59,0,0
66.595,0,0
66.6,0,0
66.605,0,0
66.61,0,0
66.615,0,0
66.62,0,0
66.625,0,0
66.63,0,0
66.635,0,0
66.64,0,0
66.645,0,0
66.65,0,0
66.655,0,0
66.66,0,0
66.665,0,0
66.67,0,0
66.675,0,0
66.68,0,0
66.685,0,0
66.69,0,0
66.695,0,0
66.7,0,0
66.705,0,0
66.71,0,0
66.715,0,0
66.72,0,0
66.725,0,0
66.73,0,0
66.735,0,0
66.74,0,0
66.745,0,0
66.75,0,0
66.755,0,0
66.76,0,0
66.765,0,0
66.77,0,0
66.775,0,0
66.78,0,0
66.785,0,0
66.79,0,0
66.795,0,0
66.8,0,0
66.805,0,0
66.81,0,0
66.815,0,0
66.82,0,0
66.825,0,0
66.83,0,0
66.835,0,0
66.84,0,0
66.845,0,0
66.85,0,0
66.855,0,0
66.86,0,0
66.865,0,0
66.87,0,0
66.875,0,0
66.88,0,0
66.885,0,0
66.89,0,0
66.895,0,0
66.9,0,0
66.905,0,0
66.91,0,0
66.915,0,0
66.92,0,0
66.925,0,0
66.93,0,0
66.935,0,0
66.94,0,0
66.945,0,0
66.95,0,0
66.955,0,0
66.96,0,0
66.965,0,0
66.97,0,0
66.975,0,0
66.98,0,0
66.985,0,0
66.99,0,0
66.995,0,0
67,0,0
67.005,0,0
67.01,0,0
67.015,0,0
67.02,0,0
67.025,0,0
67.03,0,0
67.035,0,0
67.04,0,0
67.045,0,0
67.05,0,0
67.055,0,0
67.06,0,0
67.065,0,0
67.07,0,0
67.075,0,0
67.08,0,0
67.085,0,0
67.09,0,0
67.095,0,0
67.1,0,0
67.105,0,0
67.11,0,0
67.115,0,0
67.12,0,0
67.125,0,0
67.13,0,0
67.135,0,0
67.14,0,0
67.145,0,0
67.15,0,0
67.155,0,0
67.16,0,0
67.165,0,0
67.17,0,0
67.175,0,0
67.18,0,0
67.185,0,0
67.19,0,0
67.195,0,0
67.2,0,0
67.205,0,0
67.21,0,0
67.215,0,0
67.22,0,0
67.225,0,0
67.23,0,0
67.235,0,0
67.24,0,0
67.245,0,0
67.25,0,0
67.255,0,0
67.26,0,0
67.265,0,0
67.27,0,0
67.275,0,0
67.28,0,0
67.285,0,0
67.29,0,0
67.295,0,0
67.3,0,0
67.305,0,0
67.31,0,0
67.315,0,0
67.32,0,0
67.325,0,0
67.33,0,0
67.335,0,0
67.34,0,0
67.345,0,0
67.35,0,0
67.355,0,0
67.36,0,0
67.365,0,0
67.37,0,0
67.375,0,0
67.38,0,0
67.385,0,0
67.39,0,0
67.395,0,0
67.4,0,0
67.405,0,0
67.41,0,0
67.415,0,0
67.42,0,0
67.425,0,0
67.43,0,0
67.435,0,0
67.44,0,0
67.445,0,0
67.45,0,0
67.455,0,0
67.46,0,0
67.465,0,0
67.47,0,0
67.475,0,0
67.48,0,0
67.485,0,0
67.49,0,0
67.495,0,0
67.5,0,0
67.505,0,0
67.51,0,0
67.515,0,0
67.52,0,0
67.525,0,0
67.53,0,0
67.535,0,0
67.54,0,0
67.545,0,0
67.55,0,0
67.555,0,0
67.56,0,0
67.565,0,0
67.57,0,0
67.575,0,0
67.58,0,0
67.585,0,0
67.59,0,0
67.595,0,0
67.6,0,0
67.605,0,0
67.61,0,0
67.615,0,0
67.62,0,0
67.625,0,0
67.63,0,0
67.635,0,0
67.64,0,0
67.645,0,0
67.65,0,0
67.655,0,0
67.66,0,0
67.665,0,0
67.67,0,0
67.675,0,0
67.68,0,0
67.685,0,0
67.69,0,0
67.695,0,0
67.7,0,0
67.705,0,0
67.71,0,0
67.715,0,0
67.72,0,0
67.725,0,0
67.73,0,0
67.735,0,0
67.74,0,0
67.745,0,0
67.75,0,0
67.755,0,0
67.76,0,0
67.765,0,0
67.77,0,0
67.775,0,0
67.78,0,0
67.785,0,0
67.79,0,0
67.795,0,0
67.8,0,0
67.805,0,0
67.81,0,0
67.815,0,0
67.82,0,0
67.825,0,0
67.83,0,0
67.835,0,0
67.84,0,0
67.845,0,0
67.85,0,0
67.855,0,0
67.86,0,0
67.865,0,0
67.87,0,0
67.875,0,0
67.88,0,0
67.885,0,0
67.89,0,0
67.895,0,0
67.9,0,0
67.905,0,0
67.91,0,0
67.915,0,0
67.92,0,0
67.925,0,0
67.93,0,0
67.935,0,0
67.94,0,0
67.945,0,0
67.95,0,0
67.955,0,0
67.96,0,0
67.965,0,0
67.97,0,0
67.975,0,0
67.98,0,0
67.985,0,0
67.99,0,0
67.995,0,0
68,0,0
68.005,0,0
68.01,0,0
68.015,0,0
68.02,0,0
68.025,0,0
68.03,0,0
68.035,0,0
68.04,0,0
68.045,0,0
68.05,0,0
68.055,0,0
68.06,0,0
68.065,0,0
68.07,0,0
68.075,0,0
68.08,0,0
68.085,0,0
68.09,0,0
68.095,0,0
68.1,0,0
68.105,0,0
68.11,0,0
68.115,0,0
68.12,0,0
68.125,0,0
68.13,0,0
68.135,0,0
68.14,0,0
68.145,0,0
68.15,0,0
68.155,0,0
68.16,0,0
68.165,0,0
68.17,0,0
68.175,0,0
68.18,0,0
68.185,0,0
68.19,0,0
68.195,0,0
68.2,0,0
68.205,0,0
68.21,0,0
68.215,0,0
68.22,0,0
68.225,0,0
68.23,0,0
68.235,0,0
68.24,0,0
68.245,0,0
68.25,0,0
68.255,0,0
68.26,0,0
68.265,0,0
68.27,0,0
68.275,0,0
68.28,0,0
68.285,0,0
68.29,0,0
68.295,0,0
68.3,0,0
68.305,0,0
68.31,0,0
68.315,0,0
68.32,0,0
68.325,0,0
68.33,0,0
68.335,0,0
68.34,0,0
68.345,0,0
68.35,0,0
68.355,0,0
68.36,0,0
68.365,0,0
68.37,0,0
68.375,0,0
68.38,0,0
68.385,0,0
68.39,0,0
68.395,0,0
68.4,0,0
68.405,0,0
68.41,0,0
68.415,0,0
68.42,0,0
68.425,0,0
68.43,0,0
68.435,0,0
68.44,0,0
68.445,0,0
68.45,0,0
68.455,0,0
68.46,0,0
68.465,0,0
68.47,0,0
68.475,0,0
68.48,0,0
68.485,0,0
68.49,0,0
68.495,0,0
68.5,0,0
68.505,0,0
68.51,0,0
68.515,0,0
68.52,0,0
68.525,0,0
68.53,0,0
68.535,0,0
68.54,0,0
68.545,0,0
68.55,0,0
68.555,0,0
68.56,0,0
68.565,0,0
68.57,0,0
68.575,0,0
68.58,0,0
68.585,0,0
68.59,0,0
68.595,0,0
68.6,0,0
68.605,0,0
68.61,0,0
68.615,0,0
68.62,0,0
68.625,0,0
68.63,0,0
68.635,0,0
68.64,0,0
68.645,0,0
68.65,0,0
68.655,0,0
68.66,0,0
68.665,0,0
68.67,0,0
68.675,0,0
68.68,0,0
68.685,0,0
68.69,0,0
68.695,0,0
68.7,0,0
68.705,0,0
68.71,0,0
68.715,0,0
68.72,0,0
68.725,0,0
68.73,0,0
68.735,0,0
68.74,0,0
68.745,0,0
68.75,0,0
68.755,0,0
68.76,0,0
68.765,0,0
68.77,0,0
68.775,0,0
68.78,0,0
68.785,0,0
68.79,0,0
68.795,0,0
68.8,0,0
68.805,0,0
68.81,0,0
68.815,0,0
68.82,0,0
68.825,0,0
68.83,0,0
68.835,0,0
68.84,0,0
68.845,0,0
68.85,0,0
68.855,0,0
68.86,0,0
68.865,0,0
68.87,0,0
68.875,0,0
68.88,0,0
68.885,0,0
68.89,0,0
68.895,0,0
68.9,0,0
68.905,0,0
68.91,0,0
68.915,0,0
68.92,0,0
68.925,0,0
68.93,0,0
68.935,0,0
68.94,0,0
68.945,0,0
68.95,0,0
68.955,0,0
68.96,0,0
68.965,0,0
68.97,0,0
68.975,0,0
68.98,0,0
68.985,0,0
68.99,0,0
68.995,0,0
69,0,0
69.005,0,0
69.01,0,0
69.015,0,0
69.02,0,0
69.025,0,0
69.03,0,0
69.035,0,0
69.04,0,0
69.045,0,0
69.05,0,0
69.055,0,0
69.06,0,0
69.065,0,0
69.07,0,0
69.075,0,0
69.08,0,0
69.085,0,0
69.09,0,0
69.095,0,0
69.1,0,0
69.105,0,0
69.11,0,0
69.115,0,0
69.12,0,0
69.125,0,0
69.13,0,0
69.135,0,0
69.14,0,0
69.145,0,0
69.15,0,0
69.155,0,0
69.16,0,0
69.165,0,0
69.17,0,0
69.175,0,0
69.18,0,0
69.185,0,0
69.19,0,0
69.195,0,0
69.2,0,0
69.205,0,0
69.21,0,0
69.215,0,0
69.22,0,0
69.225,0,0
69.23,0,0
69.235,0,0
69.24,0,0
69.245,0,0
69.25,0,0
69.255,0,0
69.26,0,0
69.265,0,0
69.27,0,0
69.275,0,0
69.28,0,0
69.285,0,0
69.29,0,0
69.295,0,0
69.3,0,0
69.305,0,0
69.31,0,0
69.315,0,0
69.32,0,0
69.325,0,0
69.33,0,0
69.335,0,0
69.34,0,0
69.345,0,0
69.35,0,0
69.355,0,0
69.36,0,0
69.365,0,0
69.37,0,0
69.375,0,0
69.38,0,0
69.385,0,0
69.39,0,0
69.395,0,0
69.4,0,0
69.405,0,0
69.41,0,0
69.415,0,0
69.42,0,0
69.425,0,0
69.43,0,0
69.435,0,0
69.44,0,0
69.445,0,0
69.45,0,0
69.455,0,0
69.46,0,0
69.465,0,0
69.47,0,0
69.475,0,0
69.48,0,0
69.485,0,0
69.49,0,0
69.495,0,0
69.5,0,0
69.505,0,0
69.51,0,0
69.515,0,0
69.52,0,0
69.525,0,0
69.53,0,0
69.535,0,0
69.54,0,0
69.545,0,0
69.55,0,0
69.555,0,0
69.56,0,0
69.565,0,0
69.57,0,0
69.575,0,0
69.58,0,0
69.585,0,0
69.59,0,0
69.595,0,0
69.6,0,0
69.605,0,0
69.61,0,0
69.615,0,0
69.62,0,0
69.625,0,0
69.63,0,0
69.635,0,0
69.64,0,0
69.645,0,0
69.65,0,0
69.655,0,0
69.66,0,0
69.665,0,0
69.67,0,0
69.675,0,0
69.68,0,0
69.685,0,0
69.69,0,0
69.695,0,0
69.7,0,0
69.705,0,0
69.71,0,0
69.715,0,0
69.72,0,0
69.725,0,0
69.73,0,0
69.735,0,0
69.74,0,0
69.745,0,0
69.75,0,0
69.755,0,0
69.76,0,0
69.765,0,0
69.77,0,0
69.775,0,0
69.78,0,0
69.785,0,0
69.79,0,0
69.795,0,0
69.8,0,0
69.805,0,0
69.81,0,0
69.815,0,0
69.82,0,0
69.825,0,0
69.83,0,0
69.835,0,0
69.84,0,0
69.845,0,0
69.85,0,0
69.855,0,0
69.86,0,0
69.865,0,0
69.87,0,0
69.875,0,0
69.88,0,0
69.885,0,0
69.89,0,0
69.895,0,0
69.9,0,0
69.905,0,0
69.91,0,0
69.915,0,0
69.92,0,0
69.925,0,0
69.93,0,0
69.935,0,0
69.94,0,0
69.945,0,0
69.95,0,0
69.955,0,0
69.96,0,0
69.965,0,0
69.97,0,0
69.975,0,0
69.98,0,0
69.985,0,0
69.99,0,0
69.995,0,0
70,0,0
70.005,0,0
70.01,0,0
70.015,0,0
70.02,0,0
70.025,0,0
70.03,0,0
70.035,0,0
70.04,0,0
70.045,0,0
70.05,0,0
70.055,0,0
70.06,0,0
70.065,0,0
70.07,0,0
70.075,0,0
70.08,0,0
70.085,0,0
70.09,0,0
70.095,0,0
70.1,0,0
70.105,0,0
70.11,0,0
70.115,0,0
70.12,0,0
70.125,0,0
70.13,0,0
70.135,0,0
70.14,0,0
70.145,0,0
70.15,0,0
70.155,0,0
70.16,0,0
70.165,0,0
70.17,0,0
70.175,0,0
70.18,0,0
70.185,0,0
70.19,0,0
70.195,0,0
70.2,0,0
70.205,0,0
70.21,0,0
70.215,0,0
70.22,0,0
70.225,0,0
70.23,0,0
70.235,0,0
70.24,0,0
70.245,0,0
70.25,0,0
70.255,0,0
70.26,0,0
70.265,0,0
70.27,0,0
70.275,0,0
70.28,0,0
70.285,0,0
70.29,0,0
70.295,0,0
70.3,0,0
70.305,0,0
70.31,0,0
70.315,0,0
70.32,0,0
70.325,0,0
70.33,0,0
70.335,0,0
70.34,0,0
70.345,0,0
70.35,0,0
70.355,0,0
70.36,0,0
70.365,0,0
70.37,0,0
70.375,0,0
70.38,0,0
70.385,0,0
70.39,0,0
70.395,0,0
70.4,0,0
70.405,0,0
70.41,0,0
70.415,0,0
70.42,0,0
70.425,0,0
70.43,0,0
70.435,0,0
70.44,0,0
70.445,0,0
70.45,0,0
70.455,0,0
70.46,0,0
70.465,0,0
70.47,0,0
70.475,0,0
70.48,0,0
70.485,0,0
70.49,0,0
70.495,0,0
70.5,0,0
70.505,0,0
70.51,0,0
70.515,0,0
70.52,0,0
70.525,0,0
70.53,0,0
70.535,0,0
70.54,0,0
70.545,0,0
70.55,0,0
70.555,0,0
70.56,0,0
70.565,0,0
70.57,0,0
70.575,0,0
70.58,0,0
70.585,0,0
70.59,0,0
70.595,0,0
70.6,0,0
70.605,0,0
70.61,0,0
70.615,0,0
70.62,0,0
70.625,0,0
70.63,0,0
70.635,0,0
70.64,0,0
70.645,0,0
70.65,0,0
70.655,0,0
70.66,0,0
70.665,0,0
70.67,0,0
70.675,0,0
70.68,0,0
70.685,0,0
70.69,0,0
70.695,0,0
70.7,0,0
70.705,0,0
70.71,0,0
70.715,0,0
70.72,0,0
70.725,0,0
70.73,0,0
70.735,0,0
70.74,0,0
70.745,0,0
70.75,0,0
70.755,0,0
70.76,0,0
70.765,0,0
70.77,0,0
70.775,0,0
70.78,0,0
70.785,0,0
70.79,0,0
70.795,0,0
70.8,0,0
70.805,0,0
70.81,0,0
70.815,0,0
70.82,0,0
70.825,0,0
70.83,0,0
70.835,0,0
70.84,0,0
70.845,0,0
70.85,0,0
70.855,0,0
70.86,0,0
70.865,0,0
70.87,0,0
70.875,0,0
70.88,0,0
70.885,0,0
70.89,0,0
70.895,0,0
70.9,0,0
70.905,0,0
70.91,0,0
70.915,0,0
70.92,0,0
70.925,0,0
70.93,0,0
70.935,0,0
70.94,0,0
70.945,0,0
70.95,0,0
70.955,0,0
70.96,0,0
70.965,0,0
70.97,0,0
70.975,0,0
70.98,0,0
70.985,0,0
70.99,0,0
70.995,0,0
71,0,0
71.005,0,0
71.01,0,0
71.015,0,0
71.02,0,0
71.025,0,0
71.03,0,0
71.035,0,0
71.04,0,0
71.045,0,0
71.05,0,0
71.055,0,0
71.06,0,0
71.065,0,0
71.07,0,0
71.075,0,0
71.08,0,0
71.085,0,0
71.09,0,0
71.095,0,0
71.1,0,0
71.105,0,0
71.11,0,0
71.115,0,0
71.12,0,0
71.125,0,0
71.13,0,0
71.135,0,0
71.14,0,0
71.145,0,0
71.15,0,0
71.155,0,0
71.16,0,0
71.165,0,0
71.17,0,0
71.175,0,0
71.18,0,0
71.185,0,0
71.19,0,0
71.195,0,0
71.2,0,0
71.205,0,0
71.21,0,0
71.215,0,0
71.22,0,0
71.225,0,0
71.23,0,0
71.235,0,0
71.24,0,0
71.245,0,0
71.25,0,0
71.255,0,0
71.26,0,0
71.265,0,0
71.27,0,0
71.275,0,0
71.28,0,0
71.285,0,0
71.29,0,0
71.295,0,0
71.3,0,0
71.305,0,0
71.31,0,0
71.315,0,0
71.32,0,0
71.325,0,0
71.33,0,0
71.335,0,0
71.34,0,0
71.345,0,0
71.35,0,0
71.355,0,0
71.36,0,0
71.365,0,0
71.37,0,0
71.375,0,0
71.38,0,0
71.385,0,0
71.39,0,0
71.395,0,0
71.4,0,0
71.405,0,0
71.41,0,0
71.415,0,0
71.42,0,0
71.425,0,0
71.43,0,0
71.435,0,0
71.44,0,0
71.445,0,0
71.45,0,0
71.455,0,0
71.46,0,0
71.465,0,0
71.47,0,0
71.475,0,0
71.48,0,0
71.485,0,0
71.49,0,0
71.495,0,0
71.5,0,0
71.505,0,0
71.51,0,0
71.515,0,0
71.52,0,0
71.525,0,0
71.53,0,0
71.535,0,0
71.54,0,0
71.545,0,0
71.55,0,0
71.555,0,0
71.56,0,0
71.565,0,0
71.57,0,0
71.575,0,0
71.58,0,0
71.585,0,0
71.59,0,0
71.595,0,0
71.6,0,0
71.605,0,0
71.61,0,0
71.615,0,0
71.62,0,0
71.625,0,0
71.63,0,0
71.635,0,0
71.64,0,0
71.645,0,0
71.65,0,0
71.655,0,0
71.66,0,0
71.665,0,0
71.67,0,0
71.675,0,0
71.68,0,0
71.685,0,0
71.69,0,0
71.695,0,0
71.7,0,0
71.705,0,0
71.71,0,0
71.715,0,0
71.72,0,0
71.725,0,0
71.73,0,0
71.735,0,0
71.74,0,0
71.745,0,0
71.75,0,0
71.755,0,0
71.76,0,0
71.765,0,0
71.77,0,0
71.775,0,0
71.78,0,0
71.785,0,0
71.79,0,0
71.795,0,0
71.8,0,0
71.805,0,0
71.81,0,0
71.815,0,0
71.82,0,0
71.825,0,0
71.83,0,0
71.835,0,0
71.84,0,0
71.845,0,0
71.85,0,0
71.855,0,0
71.86,0,0
71.865,0,0
71.87,0,0
71.875,0,0
71.88,0,0
71.885,0,0
71.89,0,0
71.895,0,0
71.9,0,0
71.905,0,0
71.91,0,0
71.915,0,0
71.92,0,0
71.925,0,0
71.93,0,0
71.935,0,0
71.94,0,0
71.945,0,0
71.95,0,0
71.955,0,0
71.96,0,0
71.965,0,0
71.97,0,0
71.975,0,0
71.98,0,0
71.985,0,0
71.99,0,0
71.995,0,0
72,0,0
72.005,0,0
72.01,0,0
72.015,0,0
72.02,0,0
72.025,0,0
72.03,0,0
72.035,0,0
72.04,0,0
72.045,0,0
72.05,0,0
72.055,0,0
72.06,0,0
72.065,0,0
72.07,0,0
72.075,0,0
72.08,0,0
72.085,0,0
72.09,0,0
72.095,0,0
72.1,0,0
72.105,0,0
72.11,0,0
72.115,0,0
72.12,0,0
72.125,0,0
72.13,0,0
72.135,0,0
72.14,0,0
72.145,0,0
72.15,0,0
72.155,0,0
72.16,0,0
72.165,0,0
72.17,0,0
72.175,0,0
72.18,0,0
72.185,0,0
72.19,0,0
72.195,0,0
72.2,0,0
72.205,0,0
72.21,0,0
72.215,0,0
72.22,0,0
72.225,0,0
72.23,0,0
72.235,0,0
72.24,0,0
72.245,0,0
72.25,0,0
72.255,0,0
72.26,0,0
72.265,0,0
72.27,0,0
72.275,0,0
72.28,0,0
72.285,0,0
72.29,0,0
72.295,0,0
72.3,0,0
72.305,0,0
72.31,0,0
72.315,0,0
72.32,0,0
72.325,0,0
72.33,0,0
72.335,0,0
72.34,0,0
72.345,0,0
72.35,0,0
72.355,0,0
72.36,0,0
72.365,0,0
72.37,0,0
72.375,0,0
72.38,0,0
72.385,0,0
72.39,0,0
72.395,0,0
72.4,0,0
72.405,0,0
72.41,0,0
72.415,0,0
72.42,0,0
72.425,0,0
72.43,0,0
72.435,0,0
72.44,0,0
72.445,0,0
72.45,0,0
72.455,0,0
72.46,0,0
72.465,0,0
72.47,0,0
72.475,0,0
72.48,0,0
72.485,0,0
72.49,0,0
72.495,0,0
72.5,0,0
72.505,0,0
72.51,0,0
72.515,0,0
72.52,0,0
72.525,0,0
72.53,0,0
72.535,0,0
72.54,0,0
72.545,0,0
72.55,0,0
72.555,0,0
72.56,0,0
72.565,0,0
72.57,0,0
72.575,0,0
72.58,0,0
72.585,0,0
72.59,0,0
72.595,0,0
72.6,0,0
72.605,0,0
72.61,0,0
72.615,0,0
72.62,0,0
72.625,0,0
72.63,0,0
72.635,0,0
72.64,0,0
72.645,0,0
72.65,0,0
72.655,0,0
72.66,0,0
72.665,0,0
72.67,0,0
72.675,0,0
72.68,0,0
72.685,0,0
72.69,0,0
72.695,0,0
72.7,0,0
72.705,0,0
72.71,0,0
72.715,0,0
72.72,0,0
72.725,0,0
72.73,0,0
72.735,0,0
72.74,0,0
72.745,0,0
72.75,0,0
72.755,0,0
72.76,0,0
72.765,0,0
72.77,0,0
72.775,0,0
72.78,0,0
72.785,0,0
72.79,0,0
72.795,0,0
72.8,0,0
72.805,0,0
72.81,0,0
72.815,0,0
72.82,0,0
72.825,0,0
72.83,0,0
72.835,0,0
72.84,0,0
72.845,0,0
72.85,0,0
72.855,0,0
72.86,0,0
72.865,0,0
72.87,0,0
72.875,0,0
72.88,0,0
72.885,0,0
72.89,0,0
72.895,0,0
72.9,0,0
72.905,0,0
72.91,0,0
72.915,0,0
72.92,0,0
72.925,0,0
72.93,0,0
72.935,0,0
72.94,0,0
72.945,0,0
72.95,0,0
72.955,0,0
72.96,0,0
72.965,0,0
72.97,0,0
72.975,0,0
72.98,0,0
72.985,0,0
72.99,0,0
72.995,0,0
73,0,0
73.005,0,0
73.01,0,0
73.015,0,0
73.02,0,0
73.025,0,0
73.03,0,0
73.035,0,0
73.04,0,0
73.045,0,0
73.05,0,0
73.055,0,0
73.06,0,0
73.065,0,0
73.07,0,0
73.075,0,0
73.08,0,0
73.085,0,0
73.09,0,0
73.095,0,0
73.1,0,0
73.105,0,0
73.11,0,0
73.115,0,0
73.12,0,0
73.125,0,0
73.13,0,0
73.135,0,0
73.14,0,0
73.145,0,0
73.15,0,0
73.155,0,0
73.16,0,0
73.165,0,0
73.17,0,0
73.175,0,0
73.18,0,0
73.185,0,0
73.19,0,0
73.195,0,0
73.2,0,0
73.205,0,0
73.21,0,0
73.215,0,0
73.22,0,0
73.225,0,0
73.23,0,0
73.235,0,0
73.24,0,0
73.245,0,0
73.25,0,0
73.255,0,0
73.26,0,0
73.265,0,0
73.27,0,0
73.275,0,0
73.28,0,0
73.285,0,0
73.29,0,0
73.295,0,0
73.3,0,0
73.305,0,0
73.31,0,0
73.315,0,0
73.32,0,0
73.325,0,0
73.33,0,0
73.335,0,0
73.34,0,0
73.345,0,0
73.35,0,0
73.355,0,0
73.36,0,0
73.365,0,0
73.37,0,0
73.375,0,0
73.38,0,0
73.385,0,0
73.39,0,0
73.395,0,0
73.4,0,0
73.405,0,0
73.41,0,0
73.415,0,0
73.42,0,0
73.425,0,0
73.43,0,0
73.435,0,0
73.44,0,0
73.445,0,0
73.45,0,0
73.455,0,0
73.46,0,0
73.465,0,0
73.47,0,0
73.475,0,0
73.48,0,0
73.485,0,0
73.49,0,0
73.495,0,0
73.5,0,0
73.505,0,0
73.51,0,0
73.515,0,0
73.52,0,0
73.525,0,0
73.53,0,0
73.535,0,0
73.54,0,0
73.545,0,0
73.55,0,0
73.555,0,0
73.56,0,0
73.565,0,0
73.57,0,0
73.575,0,0
73.58,0,0
73.585,0,0
73.59,0,0
73.595,0,0
73.6,0,0
73.605,0,0
73.61,0,0
73.615,0,0
73.62,0,0
73.625,0,0
73.63,0,0
73.635,0,0
73.64,0,0
73.645,0,0
73.65,0,0
73.655,0,0
73.66,0,0
73.665,0,0
73.67,0,0
73.675,0,0
73.68,0,0
73.685,0,0
73.69,0,0
73.695,0,0
73.7,0,0
73.705,0,0
73.71,0,0
73.715,0,0
73.72,0,0
73.725,0,0
73.73,0,0
73.735,0,0
73.74,0,0
73.745,0,0
73.75,0,0
73.755,0,0
73.76,0,0
73.765,0,0
73.77,0,0
73.775,0,0
73.78,0,0
73.785,0,0
73.79,0,0
73.795,0,0
73.8,0,0
73.805,0,0
73.81,0,0
73.815,0,0
73.82,0,0
73.825,0,0
73.83,0,0
73.835,0,0
73.84,0,0
73.845,0,0
73.85,0,0
73.855,0,0
73.86,0,0
73.865,0,0
73.87,0,0
73.875,0,0
73.88,0,0
73.885,0,0
73.89,0,0
73.895,0,0
73.9,0,0
73.905,0,0
73.91,0,0
73.915,0,0
73.92,0,0
73.925,0,0
73.93,0,0
73.935,0,0
73.94,0,0
73.945,0,0
73.95,0,0
73.955,0,0
73.96,0,0
73.965,0,0
73.97,0,0
73.975,0,0
73.98,0,0
73.985,0,0
73.99,0,0
73.995,0,0
74,0,0
74.005,0,0
74.01,0,0
74.015,0,0
74.02,0,0
74.025,0,0
74.03,0,0
74.035,0,0
74.04,0,0
74.045,0,0
74.05,0,0
74.055,0,0
74.06,0,0
74.065,0,0
74.07,0,0
74.075,0,0
74.08,0,0
74.085,0,0
74.09,0,0
74.095,0,0
74.1,0,0
74.105,0,0
74.11,0,0
74.115,0,0
74.12,0,0
74.125,0,0
74.13,0,0
74.135,0,0
74.14,0,0
74.145,0,0
74.15,0,0
74.155,0,0
74.16,0,0
74.165,0,0
74.17,0,0
74.175,0,0
74.18,0,0
74.185,0,0
74.19,0,0
74.195,0,0
74.2,0,0
74.205,0,0
74.21,0,0
74.215,0,0
74.22,0,0
74.225,0,0
74.23,0,0
74.235,0,0
74.24,0,0
74.245,0,0
74.25,0,0
74.255,0,0
74.26,0,0
74.265,0,0
74.27,0,0
74.275,0,0
74.28,0,0
74.285,0,0
74.29,0,0
74.295,0,0
74.3,0,0
74.305,0,0
74.31,0,0
74.315,0,0
74.32,0,0
74.325,0,0
74.33,0,0
74.335,0,0
74.34,0,0
74.345,0,0
74.35,0,0
74.355,0,0
74.36,0,0
74.365,0,0
74.37,0,0
74.375,0,0
74.38,0,0
74.385,0,0
74.39,0,0
74.395,0,0
74.4,0,0
74.405,0,0
74.41,0,0
74.415,0,0
74.42,0,0
74.425,0,0
74.43,0,0
74.435,0,0
74.44,0,0
74.445,0,0
74.45,0,0
74.455,0,0
74.46,0,0
74.465,0,0
74.47,0,0
74.475,0,0
74.48,0,0
74.485,0,0
74.49,0,0
74.495,0,0
74.5,0,0
74.505,0,0
74.51,0,0
74.515,0,0
74.52,0,0
74.525,0,0
74.53,0,0
74.535,0,0
74.54,0,0
74.545,0,0
74.55,0,0
74.555,0,0
74.56,0,0
74.565,0,0
74.57,0,0
74.575,0,0
74.58,0,0
74.585,0,0
74.59,0,0
74.595,0,0
74.6,0,0
74.605,0,0
74.61,0,0
74.615,0,0
74.62,0,0
74.625,0,0
74.63,0,0
74.635,0,0
74.64,0,0
74.645,0,0
74.65,0,0
74.655,0,0
74.66,0,0
74.665,0,0
74.67,0,0
74.675,0,0
74.68,0,0
74.685,0,0
74.69,0,0
74.695,0,0
74.7,0,0
74.705,0,0
74.71,0,0
74.715,0,0
74.72,0,0
74.725,0,0
74.73,0,0
74.735,0,0
74.74,0,0
74.745,0,0
74.75,0,0
74.755,0,0
74.76,0,0
74.765,0,0
74.77,0,0
74.775,0,0
74.78,0,0
74.785,0,0
74.79,0,0
74.795,0,0
74.8,0,0
74.805,0,0
74.81,0,0
74.815,0,0
74.82,0,0
74.825,0,0
74.83,0,0
74.835,0,0
74.84,0,0
74.845,0,0
74.85,0,0
74.855,0,0
74.86,0,0
74.865,0,0
74.87,0,0
74.875,0,0
74.88,0,0
74.885,0,0
74.89,0,0
74.895,0,0
74.9,0,0
74.905,0,0
74.91,0,0
74.915,0,0
74.92,0,0
74.925,0,0
74.93,0,0
74.935,0,0
74.94,0,0
74.945,0,0
74.95,0,0
74.955,0,0
74.96,0,0
74.965,0,0
74.97,0,0
74.975,0,0
74.98,0,0
74.985,0,0
74.99,0,0
74.995,0,0
75,0,0
75.005,0,0
75.01,0,0
75.015,0,0
75.02,0,0
75.025,0,0
75.03,0,0
75.035,0,0
75.04,0,0
75.045,0,0
75.05,0,0
75.055,0,0
75.06,0,0
75.065,0,0
75.07,0,0
75.075,0,0
75.08,0,0
75.085,0,0
75.09,0,0
75.095,0,0
75.1,0,0
75.105,0,0
75.11,0,0
75.115,0,0
75.12,0,0
75.125,0,0
75.13,0,0
75.135,0,0
75.14,0,0
75.145,0,0
75.15,0,0
75.155,0,0
75.16,0,0
75.165,0,0
75.17,0,0
75.175,0,0
75.18,0,0
75.185,0,0
75.19,0,0
75.195,0,0
75.2,0,0
75.205,0,0
75.21,0,0
75.215,0,0
75.22,0,0
75.225,0,0
75.23,0,0
75.235,0,0
75.24,0,0
75.245,0,0
75.25,0,0
75.255,0,0
75.26,0,0
75.265,0,0
75.27,0,0
75.275,0,0
75.28,0,0
75.285,0,0
75.29,0,0
75.295,0,0
75.3,0,0
75.305,0,0
75.31,0,0
75.315,0,0
75.32,0,0
75.325,0,0
75.33,0,0
75.335,0,0
75.34,0,0
75.345,0,0
75.35,0,0
75.355,0,0
75.36,0,0
75.365,0,0
75.37,0,0
75.375,0,0
75.38,0,0
75.385,0,0
75.39,0,0
75.395,0,0
75.4,0,0
75.405,0,0
75.41,0,0
75.415,0,0
75.42,0,0
75.425,0,0
75.43,0,0
75.435,0,0
75.44,0,0
75.445,0,0
75.45,0,0
75.455,0,0
75.46,0,0
75.465,0,0
75.47,0,0
75.475,0,0
75.48,0,0
75.485,0,0
75.49,0,0
75.495,0,0
75.5,0,0
75.505,0,0
75.51,0,0
75.515,0,0
75.52,0,0
75.525,0,0
75.53,0,0
75.535,0,0
75.54,0,0
75.545,0,0
75.55,0,0
75.555,0,0
75.56,0,0
75.565,0,0
75.57,0,0
75.575,0,0
75.58,0,0
75.585,0,0
75.59,0,0
75.595,0,0
75.6,0,0
75.605,0,0
75.61,0,0
75.615,0,0
75.62,0,0
75.625,0,0
75.63,0,0
75.635,0,0
75.64,0,0
75.645,0,0
75.65,0,0
75.655,0,0
75.66,0,0
75.665,0,0
75.67,0,0
75.675,0,0
75.68,0,0
75.685,0,0
75.69,0,0
75.695,0,0
75.7,0,0
75.705,0,0
75.71,0,0
75.715,0,0
75.72,0,0
75.725,0,0
75.73,0,0
75.735,0,0
75.74,0,0
75.745,0,0
75.75,0,0
75.755,0,0
75.76,0,0
75.765,0,0
75.77,0,0
75.775,0,0
75.78,0,0
75.785,0,0
75.79,0,0
75.795,0,0
75.8,0,0
75.805,0,0
75.81,0,0
75.815,0,0
75.82,0,0
75.825,0,0
75.83,0,0
75.835,0,0
75.84,0,0
75.845,0,0
75.85,0,0
75.855,0,0
75.86,0,0
75.865,0,0
75.87,0,0
75.875,0,0
75.88,0,0
75.885,0,0
75.89,0,0
75.895,0,0
75.9,0,0
75.905,0,0
75.91,0,0
75.915,0,0
75.92,0,0
75.925,0,0
75.93,0,0
75.935,0,0
75.94,0,0
75.945,0,0
75.95,0,0
75.955,0,0
75.96,0,0
75.965,0,0
75.97,0,0
75.975,0,0
75.98,0,0
75.985,0,0
75.99,0,0
75.995,0,0
76,0,0
76.005,0,0
76.01,0,0
76.015,0,0
76.02,0,0
76.025,0,0
76.03,0,0
76.035,0,0
76.04,0,0
76.045,0,0
76.05,0,0
76.055,0,0
76.06,0,0
76.065,0,0
76.07,0,0
76.075,0,0
76.08,0,0
76.085,0,0
76.09,0,0
76.095,0,0
76.1,0,0
76.105,0,0
76.11,0,0
76.115,0,0
76.12,0,0
76.125,0,0
76.13,0,0
76.135,0,0
76.14,0,0
76.145,0,0
76.15,0,0
76.155,0,0
76.16,0,0
76.165,0,0
76.17,0,0
76.175,0,0
76.18,0,0
76.185,0,0
76.19,0,0
76.195,0,0
76.2,0,0
76.205,0,0
76.21,0,0
76.215,0,0
76.22,0,0
76.225,0,0
76.23,0,0
76.235,0,0
76.24,0,0
76.245,0,0
76.25,0,0
76.255,0,0
76.26,0,0
76.265,0,0
76.27,0,0
76.275,0,0
76.28,0,0
76.285,0,0
76.29,0,0
76.295,0,0
76.3,0,0
76.305,0,0
76.31,0,0
76.315,0,0
76.32,0,0
76.325,0,0
76.33,0,0
76.335,0,0
76.34,0,0
76.345,0,0
76.35,0,0
76.355,0,0
76.36,0,0
76.365,0,0
76.37,0,0
76.375,0,0
76.38,0,0
76.385,0,0
76.39,0,0
76.395,0,0
76.4,0,0
76.405,0,0
76.41,0,0
76.415,0,0
76.42,0,0
76.425,0,0
76.43,0,0
76.435,0,0
76.44,0,0
76.445,0,0
76.45,0,0
76.455,0,0
76.46,0,0
76.465,0,0
76.47,0,0
76.475,0,0
76.48,0,0
76.485,0,0
76.49,0,0
76.495,0,0
76.5,0,0
76.505,0,0
76.51,0,0
76.515,0,0
76.52,0,0
76.525,0,0
76.53,0,0
76.535,0,0
76.54,0,0
76.545,0,0
76.55,0,0
76.555,0,0
76.56,0,0
76.565,0,0
76.57,0,0
76.575,0,0
76.58,0,0
76.585,0,0
76.59,0,0
76.595,0,0
76.6,0,0
76.605,0,0
76.61,0,0
76.615,0,0
76.62,0,0
76.625,0,0
76.63,0,0
76.635,0,0
76.64,0,0
76.645,0,0
76.65,0,0
76.655,0,0
76.66,0,0
76.665,0,0
76.67,0,0
76.675,0,0
76.68,0,0
76.685,0,0
76.69,0,0
76.695,0,0
76.7,0,0
76.705,0,0
76.71,0,0
76.715,0,0
76.72,0,0
76.725,0,0
76.73,0,0
76.735,0,0
76.74,0,0
76.745,0,0
76.75,0,0
76.755,0,0
76.76,0,0
76.765,0,0
76.77,0,0
76.775,0,0
76.78,0,0
76.785,0,0
76.79,0,0
76.795,0,0
76.8,0,0
76.805,0,0
76.81,0,0
76.815,0,0
76.82,0,0
76.825,0,0
76.83,0,0
76.835,0,0
76.84,0,0
76.845,0,0
76.85,0,0
76.855,0,0
76.86,0,0
76.865,0,0
76.87,0,0
76.875,0,0
76.88,0,0
76.885,0,0
76.89,0,0
76.895,0,0
76.9,0,0
76.905,0,0
76.91,0,0
76.915,0,0
76.92,0,0
76.925,0,0
76.93,0,0
76.935,0,0
76.94,0,0
76.945,0,0
76.95,0,0
76.955,0,0
76.96,0,0
76.965,0,0
76.97,0,0
76.975,0,0
76.98,0,0
76.985,0,0
76.99,0,0
76.995,0,0
77,0,0
77.005,0,0
77.01,0,0
77.015,0,0
77.02,0,0
77.025,0,0
77.03,0,0
77.035,0,0
77.04,0,0
77.045,0,0
77.05,0,0
77.055,0,0
77.06,0,0
77.065,0,0
77.07,0,0
77.075,0,0
77.08,0,0
77.085,0,0
77.09,0,0
77.095,0,0
77.1,0,0
77.105,0,0
77.11,0,0
77.115,0,0
77.12,0,0
77.125,0,0
77.13,0,0
77.135,0,0
77.14,0,0
77.145,0,0
77.15,0,0
77.155,0,0
77.16,0,0
77.165,0,0
77.17,0,0
77.175,0,0
77.18,0,0
77.185,0,0
77.19,0,0
77.195,0,0
77.2,0,0
77.205,0,0
77.21,0,0
77.215,0,0
77.22,0,0
77.225,0,0
77.23,0,0
77.235,0,0
77.24,0,0
77.245,0,0
77.25,0,0
77.255,0,0
77.26,0,0
77.265,0,0
77.27,0,0
77.275,0,0
77.28,0,0
77.285,0,0
77.29,0,0
77.295,0,0
77.3,0,0
77.305,0,0
77.31,0,0
77.315,0,0
77.32,0,0
77.325,0,0
77.33,0,0
77.335,0,0
77.34,0,0
77.345,0,0
77.35,0,0
77.355,0,0
77.36,0,0
77.365,0,0
77.37,0,0
77.375,0,0
77.38,0,0
77.385,0,0
77.39,0,0
77.395,0,0
77.4,0,0
77.405,0,0
77.41,0,0
77.415,0,0
77.42,0,0
77.425,0,0
77.43,0,0
77.435,0,0
77.44,0,0
77.445,0,0
77.45,0,0
77.455,0,0
77.46,0,0
77.465,0,0
77.47,0,0
77.475,0,0
77.48,0,0
77.485,0,0
77.49,0,0
77.495,0,0
77.5,0,0
77.505,0,0
77.51,0,0
77.515,0,0
77.52,0,0
77.525,0,0
77.53,0,0
77.535,0,0
77.54,0,0
77.545,0,0
77.55,0,0
77.555,0,0
77.56,0,0
77.565,0,0
77.57,0,0
77.575,0,0
77.58,0,0
77.585,0,0
77.59,0,0
77.595,0,0
77.6,0,0
77.605,0,0
77.61,0,0
77.615,0,0
77.62,0,0
77.625,0,0
77.63,0,0
77.635,0,0
77.64,0,0
77.645,0,0
77.65,0,0
77.655,0,0
77.66,0,0
77.665,0,0
77.67,0,0
77.675,0,0
77.68,0,0
77.685,0,0
77.69,0,0
77.695,0,0
77.7,0,0
77.705,0,0
77.71,0,0
77.715,0,0
77.72,0,0
77.725,0,0
77.73,0,0
77.735,0,0
77.74,0,0
77.745,0,0
77.75,0,0
77.755,0,0
77.76,0,0
77.765,0,0
77.77,0,0
77.775,0,0
77.78,0,0
77.785,0,0
77.79,0,0
77.795,0,0
77.8,0,0
77.805,0,0
77.81,0,0
77.815,0,0
77.82,0,0
77.825,0,0
77.83,0,0
77.835,0,0
77.84,0,0
77.845,0,0
77.85,0,0
77.855,0,0
77.86,0,0
77.865,0,0
77.87,0,0
77.875,0,0
77.88,0,0
77.885,0,0
77.89,0,0
77.895,0,0
77.9,0,0
77.905,0,0
77.91,0,0
77.915,0,0
77.92,0,0
77.925,0,0
77.93,0,0
77.935,0,0
77.94,0,0
77.945,0,0
77.95,0,0
77.955,0,0
77.96,0,0
77.965,0,0
77.97,0,0
77.975,0,0
77.98,0,0
77.985,0,0
77.99,0,0
77.995,0,0
78,0,0
78.005,0,0
78.01,0,0
78.015,0,0
78.02,0,0
78.025,0,0
78.03,0,0
78.035,0,0
78.04,0,0
78.045,0,0
78.05,0,0
78.055,0,0
78.06,0,0
78.065,0,0
78.07,0,0
78.075,0,0
78.08,0,0
78.085,0,0
78.09,0,0
78.095,0,0
78.1,0,0
78.105,0,0
78.11,0,0
78.115,0,0
78.12,0,0
78.125,0,0
78.13,0,0
78.135,0,0
78.14,0,0
78.145,0,0
78.15,0,0
78.155,0,0
78.16,0,0
78.165,0,0
78.17,0,0
78.175,0,0
78.18,0,0
78.185,0,0
78.19,0,0
78.195,0,0
78.2,0,0
78.205,0,0
78.21,0,0
78.215,0,0
78.22,0,0
78.225,0,0
78.23,0,0
78.235,0,0
78.24,0,0
78.245,0,0
78.25,0,0
78.255,0,0
78.26,0,0
78.265,0,0
78.27,0,0
78.275,0,0
78.28,0,0
78.285,0,0
78.29,0,0
78.295,0,0
78.3,0,0
78.305,0,0
78.31,0,0
78.315,0,0
78.32,0,0
78.325,0,0
78.33,0,0
78.335,0,0
78.34,0,0
78.345,0,0
78.35,0,0
78.355,0,0
78.36,0,0
78.365,0,0
78.37,0,0
78.375,0,0
78.38,0,0
78.385,0,0
78.39,0,0
78.395,0,0
78.4,0,0
78.405,0,0
78.41,0,0
78.415,0,0
78.42,0,0
78.425,0,0
78.43,0,0
78.435,0,0
78.44,0,0
78.445,0,0
78.45,0,0
78.455,0,0
78.46,0,0
78.465,0,0
78.47,0,0
78.475,0,0
78.48,0,0
78.485,0,0
78.49,0,0
78.495,0,0
78.5,0,0
78.505,0,0
78.51,0,0
78.515,0,0
78.52,0,0
78.525,0,0
78.53,0,0
78.535,0,0
78.54,0,0
78.545,0,0
78.55,0,0
78.555,0,0
78.56,0,0
78.565,0,0
78.57,0,0
78.575,0,0
78.58,0,0
78.585,0,0
78.59,0,0
78.595,0,0
78.6,0,0
78.605,0,0
78.61,0,0
78.615,0,0
78.62,0,0
78.625,0,0
78.63,0,0
78.635,0,0
78.64,0,0
78.645,0,0
78.65,0,0
78.655,0,0
78.66,0,0
78.665,0,0
78.67,0,0
78.675,0,0
78.68,0,0
78.685,0,0
78.69,0,0
78.695,0,0
78.7,0,0
78.705,0,0
78.71,0,0
78.715,0,0
78.72,0,0
78.725,0,0
78.73,0,0
78.735,0,0
78.74,0,0
78.745,0,0
78.75,0,0
78.755,0,0
78.76,0,0
78.765,0,0
78.77,0,0
78.775,0,0
78.78,0,0
78.785,0,0
78.79,0,0
78.795,0,0
78.8,0,0
78.805,0,0
78.81,0,0
78.815,0,0
78.82,0,0
78.825,0,0
78.83,0,0
78.835,0,0
78.84,0,0
78.845,0,0
78.85,0,0
78.855,0,0
78.86,0,0
78.865,0,0
78.87,0,0
78.875,0,0
78.88,0,0
78.885,0,0
78.89,0,0
78.895,0,0
78.9,0,0
78.905,0,0
78.91,0,0
78.915,0,0
78.92,0,0
78.925,0,0
78.93,0,0
78.935,0,0
78.94,0,0
78.945,0,0
78.95,0,0
78.955,0,0
78.96,0,0
78.965,0,0
78.97,0,0
78.975,0,0
78.98,0,0
78.985,0,0
78.99,0,0
78.995,0,0
79,0,0
79.005,0,0
79.01,0,0
79.015,0,0
79.02,0,0
79.025,0,0
79.03,0,0
79.035,0,0
79.04,0,0
79.045,0,0
79.05,0,0
79.055,0,0
79.06,0,0
79.065,0,0
79.07,0,0
79.075,0,0
79.08,0,0
79.085,0,0
79.09,0,0
79.095,0,0
79.1,0,0
79.105,0,0
79.11,0,0
79.115,0,0
79.12,0,0
79.125,0,0
79.13,0,0
79.135,0,0
79.14,0,0
79.145,0,0
79.15,0,0
79.155,0,0
79.16,0,0
79.165,0,0
79.17,0,0
79.175,0,0
79.18,0,0
79.185,0,0
79.19,0,0
79.195,0,0
79.2,0,0
79.205,0,0
79.21,0,0
79.215,0,0
79.22,0,0
79.225,0,0
79.23,0,0
79.235,0,0
79.24,0,0
79.245,0,0
79.25,0,0
79.255,0,0
79.26,0,0
79.265,0,0
79.27,0,0
79.275,0,0
79.28,0,0
79.285,0,0
79.29,0,0
79.295,0,0
79.3,0,0
79.305,0,0
79.31,0,0
79.315,0,0
79.32,0,0
79.325,0,0
79.33,0,0
79.335,0,0
79.34,0,0
79.345,0,0
79.35,0,0
79.355,0,0
79.36,0,0
79.365,0,0
79.37,0,0
79.375,0,0
79.38,0,0
79.385,0,0
79.39,0,0
79.395,0,0
79.4,0,0
79.405,0,0
79.41,0,0
79.415,0,0
79.42,0,0
79.425,0,0
79.43,0,0
79.435,0,0
79.44,0,0
79.445,0,0
79.45,0,0
79.455,0,0
79.46,0,0
79.465,0,0
79.47,0,0
79.475,0,0
79.48,0,0
79.485,0,0
79.49,0,0
79.495,0,0
79.5,0,0
79.505,0,0
79.51,0,0
79.515,0,0
79.52,0,0
79.525,0,0
79.53,0,0
79.535,0,0
79.54,0,0
79.545,0,0
79.55,0,0
79.555,0,0
79.56,0,0
79.565,0,0
79.57,0,0
79.575,0,0
79.58,0,0
79.585,0,0
79.59,0,0
79.595,0,0
79.6,0,0
79.605,0,0
79.61,0,0
79.615,0,0
79.62,0,0
79.625,0,0
79.63,0,0
79.635,0,0
79.64,0,0
79.645,0,0
79.65,0,0
79.655,0,0
79.66,0,0
79.665,0,0
79.67,0,0
79.675,0,0
79.68,0,0
79.685,0,0
79.69,0,0
79.695,0,0
79.7,0,0
79.705,0,0
79.71,0,0
79.715,0,0
79.72,0,0
79.725,0,0
79.73,0,0
79.735,0,0
79.74,0,0
79.745,0,0
79.75,0,0
79.755,0,0
79.76,0,0
79.765,0,0
79.77,0,0
79.775,0,0
79.78,0,0
79.785,0,0
79.79,0,0
79.795,0,0
79.8,0,0
79.805,0,0
79.81,0,0
79.815,0,0
79.82,0,0
79.825,0,0
79.83,0,0
79.835,0,0
79.84,0,0
79.845,0,0
79.85,0,0
79.855,0,0
79.86,0,0
79.865,0,0
79.87,0,0
79.875,0,0
79.88,0,0
79.885,0,0
79.89,0,0
79.895,0,0
79.9,0,0
79.905,0,0
79.91,0,0
79.915,0,0
79.92,0,0
79.925,0,0
79.93,0,0
79.935,0,0
79.94,0,0
79.945,0,0
79.95,0,0
79.955,0,0
79.96,0,0
79.965,0,0
79.97,0,0
79.975,0,0
79.98,0,0
79.985,0,0
79.99,0,0
79.995,0,0
80,0,0
80.005,0,0
80.01,0,0
80.015,0,0
80.02,0,0
80.025,0,0
80.03,0,0
80.035,0,0
80.04,0,0
80.045,0,0
80.05,0,0
80.055,0,0
80.06,0,0
80.065,0,0
80.07,0,0
80.075,0,0
80.08,0,0
80.085,0,0
80.09,0,0
80.095,0,0
80.1,0,0
80.105,0,0
80.11,0,0
80.115,0,0
80.12,0,0
80.125,0,0
80.13,0,0
80.135,0,0
80.14,0,0
80.145,0,0
80.15,0,0
80.155,0,0
80.16,0,0
80.165,0,0
80.17,0,0
80.175,0,0
80.18,0,0
80.185,0,0
80.19,0,0
80.195,0,0
80.2,0,0
80.205,0,0
80.21,0,0
80.215,0,0
80.22,0,0
80.225,0,0
80.23,0,0
80.235,0,0
80.24,0,0
80.245,0,0
80.25,0,0
80.255,0,0
80.26,0,0
80.265,0,0
80.27,0,0
80.275,0,0
80.28,0,0
80.285,0,0
80.29,0,0
80.295,0,0
80.3,0,0
80.305,0,0
80.31,0,0
80.315,0,0
80.32,0,0
80.325,0,0
80.33,0,0
80.335,0,0
80.34,0,0
80.345,0,0
80.35,0,0
80.355,0,0
80.36,0,0
80.365,0,0
80.37,0,0
80.375,0,0
80.38,0,0
80.385,0,0
80.39,0,0
80.395,0,0
80.4,0,0
80.405,0,0
80.41,0,0
80.415,0,0
80.42,0,0
80.425,0,0
80.43,0,0
80.435,0,0
80.44,0,0
80.445,0,0
80.45,0,0
80.455,0,0
80.46,0,0
80.465,0,0
80.47,0,0
80.475,0,0
80.48,0,0
80.485,0,0
80.49,0,0
80.495,0,0
80.5,0,0
80.505,0,0
80.51,0,0
80.515,0,0
80.52,0,0
80.525,0,0
80.53,0,0
80.535,0,0
80.54,0,0
80.545,0,0
80.55,0,0
80.555,0,0
80.56,0,0
80.565,0,0
80.57,0,0
80.575,0,0
80.58,0,0
80.585,0,0
80.59,0,0
80.595,0,0
80.6,0,0
80.605,0,0
80.61,0,0
80.615,0,0
80.62,0,0
80.625,0,0
80.63,0,0
80.635,0,0
80.64,0,0
80.645,0,0
80.65,0,0
80.655,0,0
80.66,0,0
80.665,0,0
80.67,0,0
80.675,0,0
80.68,0,0
80.685,0,0
80.69,0,0
80.695,0,0
80.7,0,0
80.705,0,0
80.71,0,0
80.715,0,0
80.72,0,0
80.725,0,0
80.73,0,0
80.735,0,0
80.74,0,0
80.745,0,0
80.75,0,0
80.755,0,0
80.76,0,0
80.765,0,0
80.77,0,0
80.775,0,0
80.78,0,0
80.785,0,0
80.79,0,0
80.795,0,0
80.8,0,0
80.805,0,0
80.81,0,0
80.815,0,0
80.82,0,0
80.825,0,0
80.83,0,0
80.835,0,0
80.84,0,0
80.845,0,0
80.85,0,0
80.855,0,0
80.86,0,0
80.865,0,0
80.87,0,0
80.875,0,0
80.88,0,0
80.885,0,0
80.89,0,0
80.895,0,0
80.9,0,0
80.905,0,0
80.91,0,0
80.915,0,0
80.92,0,0
80.925,0,0
80.93,0,0
80.935,0,0
80.94,0,0
80.945,0,0
80.95,0,0
80.955,0,0
80.96,0,0
80.965,0,0
80.97,0,0
80.975,0,0
80.98,0,0
80.985,0,0
80.99,0,0
80.995,0,0
81,0,0
81.005,0,0
81.01,0,0
81.015,0,0
81.02,0,0
81.025,0,0
81.03,0,0
81.035,0,0
81.04,0,0
81.045,0,0
81.05,0,0
81.055,0,0
81.06,0,0
81.065,0,0
81.07,0,0
81.075,0,0
81.08,0,0
81.085,0,0
81.09,0,0
81.095,0,0
81.1,0,0
81.105,0,0
81.11,0,0
81.115,0,0
81.12,0,0
81.125,0,0
81.13,0,0
81.135,0,0
81.14,0,0
81.145,0,0
81.15,0,0
81.155,0,0
81.16,0,0
81.165,0,0
81.17,0,0
81.175,0,0
81.18,0,0
81.185,0,0
81.19,0,0
81.195,0,0
81.2,0,0
81.205,0,0
81.21,0,0
81.215,0,0
81.22,0,0
81.225,0,0
81.23,0,0
81.235,0,0
81.24,0,0
81.245,0,0
81.25,0,0
81.255,0,0
81.26,0,0
81.265,0,0
81.27,0,0
81.275,0,0
81.28,0,0
81.285,0,0
81.29,0,0
81.295,0,0
81.3,0,0
81.305,0,0
81.31,0,0
81.315,0,0
81.32,0,0
81.325,0,0
81.33,0,0
81.335,0,0
81.34,0,0
81.345,0,0
81.35,0,0
81.355,0,0
81.36,0,0
81.365,0,0
81.37,0,0
81.375,0,0
81.38,0,0
81.385,0,0
81.39,0,0
81.395,0,0
81.4,0,0
81.405,0,0
81.41,0,0
81.415,0,0
81.42,0,0
81.425,0,0
81.43,0,0
81.435,0,0
81.44,0,0
81.445,0,0
81.45,0,0
81.455,0,0
81.46,0,0
81.465,0,0
81.47,0,0
81.475,0,0
81.48,0,0
81.485,0,0
81.49,0,0
81.495,0,0
81.5,0,0
81.505,0,0
81.51,0,0
81.515,0,0
81.52,0,0
81.525,0,0
81.53,0,0
81.535,0,0
81.54,0,0
81.545,0,0
81.55,0,0
81.555,0,0
81.56,0,0
81.565,0,0
81.57,0,0
81.575,0,0
81.58,0,0
81.585,0,0
81.59,0,0
81.595,0,0
81.6,0,0
81.605,0,0
81.61,0,0
81.615,0,0
81.62,0,0
81.625,0,0
81.63,0,0
81.635,0,0
81.64,0,0
81.645,0,0
81.65,0,0
81.655,0,0
81.66,0,0
81.665,0,0
81.67,0,0
81.675,0,0
81.68,0,0
81.685,0,0
81.69,0,0
81.695,0,0
81.7,0,0
81.705,0,0
81.71,0,0
81.715,0,0
81.72,0,0
81.725,0,0
81.73,0,0
81.735,0,0
81.74,0,0
81.745,0,0
81.75,0,0
81.755,0,0
81.76,0,0
81.765,0,0
81.77,0,0
81.775,0,0
81.78,0,0
81.785,0,0
81.79,0,0
81.795,0,0
81.8,0,0
81.805,0,0
81.81,0,0
81.815,0,0
81.82,0,0
81.825,0,0
81.83,0,0
81.835,0,0
81.84,0,0
81.845,0,0
81.85,0,0
81.855,0,0
81.86,0,0
81.865,0,0
81.87,0,0
81.875,0,0
81.88,0,0
81.885,0,0
81.89,0,0
81.895,0,0
81.9,0,0
81.905,0,0
81.91,0,0
81.915,0,0
81.92,0,0
81.925,0,0
81.93,0,0
81.935,0,0
81.94,0,0
81.945,0,0
81.95,0,0
81.955,0,0
81.96,0,0
81.965,0,0
81.97,0,0
81.975,0,0
81.98,0,0
81.985,0,0
81.99,0,0
81.995,0,0
82,0,0
82.005,0,0
82.01,0,0
82.015,0,0
82.02,0,0
82.025,0,0
82.03,0,0
82.035,0,0
82.04,0,0
82.045,0,0
82.05,0,0
82.055,0,0
82.06,0,0
82.065,0,0
82.07,0,0
82.075,0,0
82.08,0,0
82.085,0,0
82.09,0,0
82.095,0,0
82.1,0,0
82.105,0,0
82.11,0,0
82.115,0,0
82.12,0,0
82.125,0,0
82.13,0,0
82.135,0,0
82.14,0,0
82.145,0,0
82.15,0,0
82.155,0,0
82.16,0,0
82.165,0,0
82.17,0,0
82.175,0,0
82.18,0,0
82.185,0,0
82.19,0,0
82.195,0,0
82.2,0,0
82.205,0,0
82.21,0,0
82.215,0,0
82.22,0,0
82.225,0,0
82.23,0,0
82.235,0,0
82.24,0,0
82.245,0,0
82.25,0,0
82.255,0,0
82.26,0,0
82.265,0,0
82.27,0,0
82.275,0,0
82.28,0,0
82.285,0,0
82.29,0,0
82.295,0,0
82.3,0,0
82.305,0,0
82.31,0,0
82.315,0,0
82.32,0,0
82.325,0,0
82.33,0,0
82.335,0,0
82.34,0,0
82.345,0,0
82.35,0,0
82.355,0,0
82.36,0,0
82.365,0,0
82.37,0,0
82.375,0,0
82.38,0,0
82.385,0,0
82.39,0,0
82.395,0,0
82.4,0,0
82.405,0,0
82.41,0,0
82.415,0,0
82.42,0,0
82.425,0,0
82.43,0,0
82.435,0,0
82.44,0,0
82.445,0,0
82.45,0,0
82.455,0,0
82.46,0,0
82.465,0,0
82.47,0,0
82.475,0,0
82.48,0,0
82.485,0,0
82.49,0,0
82.495,0,0
82.5,0,0
82.505,0,0
82.51,0,0
82.515,0,0
82.52,0,0
82.525,0,0
82.53,0,0
82.535,0,0
82.54,0,0
82.545,0,0
82.55,0,0
82.555,0,0
82.56,0,0
82.565,0,0
82.57,0,0
82.575,0,0
82.58,0,0
82.585,0,0
82.59,0,0
82.595,0,0
82.6,0,0
82.605,0,0
82.61,0,0
82.615,0,0
82.62,0,0
82.625,0,0
82.63,0,0
82.635,0,0
82.64,0,0
82.645,0,0
82.65,0,0
82.655,0,0
82.66,0,0
82.665,0,0
82.67,0,0
82.675,0,0
82.68,0,0
82.685,0,0
82.69,0,0
82.695,0,0
82.7,0,0
82.705,0,0
82.71,0,0
82.715,0,0
82.72,0,0
82.725,0,0
82.73,0,0
82.735,0,0
82.74,0,0
82.745,0,0
82.75,0,0
82.755,0,0
82.76,0,0
82.765,0,0
82.77,0,0
82.775,0,0
82.78,0,0
82.785,0,0
82.79,0,0
82.795,0,0
82.8,0,0
82.805,0,0
82.81,0,0
82.815,0,0
82.82,0,0
82.825,0,0
82.83,0,0
82.835,0,0
82.84,0,0
82.845,0,0
82.85,0,0
82.855,0,0
82.86,0,0
82.865,0,0
82.87,0,0
82.875,0,0
82.88,0,0
82.885,0,0
82.89,0,0
82.895,0,0
82.9,0,0
82.905,0,0
82.91,0,0
82.915,0,0
82.92,0,0
82.925,0,0
82.93,0,0
82.935,0,0
82.94,0,0
82.945,0,0
82.95,0,0
82.955,0,0
82.96,0,0
82.965,0,0
82.97,0,0
82.975,0,0
82.98,0,0
82.985,0,0
82.99,0,0
82.995,0,0
83,0,0
83.005,0,0
83.01,0,0
83.015,0,0
83.02,0,0
83.025,0,0
83.03,0,0
83.035,0,0
83.04,0,0
83.045,0,0
83.05,0,0
83.055,0,0
83.06,0,0
83.065,0,0
83.07,0,0
83.075,0,0
83.08,0,0
83.085,0,0
83.09,0,0
83.095,0,0
83.1,0,0
83.105,0,0
83.11,0,0
83.115,0,0
83.12,0,0
83.125,0,0
83.13,0,0
83.135,0,0
83.14,0,0
83.145,0,0
83.15,0,0
83.155,0,0
83.16,0,0
83.165,0,0
83.17,0,0
83.175,0,0
83.18,0,0
83.185,0,0
83.19,0,0
83.195,0,0
83.2,0,0
83.205,0,0
83.21,0,0
83.215,0,0
83.22,0,0
83.225,0,0
83.23,0,0
83.235,0,0
83.24,0,0
83.245,0,0
83.25,0,0
83.255,0,0
83.26,0,0
83.265,0,0
83.27,0,0
83.275,0,0
83.28,0,0
83.285,0,0
83.29,0,0
83.295,0,0
83.3,0,0
83.305,0,0
83.31,0,0
83.315,0,0
83.32,0,0
83.325,0,0
83.33,0,0
83.335,0,0
83.34,0,0
83.345,0,0
83.35,0,0
83.355,0,0
83.36,0,0
83.365,0,0
83.37,0,0
83.375,0,0
83.38,0,0
83.385,0,0
83.39,0,0
83.395,0,0
83.4,0,0
83.405,0,0
83.41,0,0
83.415,0,0
83.42,0,0
83.425,0,0
83.43,0,0
83.435,0,0
83.44,0,0
83.445,0,0
83.45,0,0
83.455,0,0
83.46,0,0
83.465,0,0
83.47,0,0
83.475,0,0
83.48,0,0
83.485,0,0
83.49,0,0
83.495,0,0
83.5,0,0
83.505,0,0
83.51,0,0
83.515,0,0
83.52,0,0
83.525,0,0
83.53,0,0
83.535,0,0
83.54,0,0
83.545,0,0
83.55,0,0
83.555,0,0
83.56,0,0
83.565,0,0
83.57,0,0
83.575,0,0
83.58,0,0
83.585,0,0
83.59,0,0
83.595,0,0
83.6,0,0
83.605,0,0
83.61,0,0
83.615,0,0
83.62,0,0
83.625,0,0
83.63,0,0
83.635,0,0
83.64,0,0
83.645,0,0
83.65,0,0
83.655,0,0
83.66,0,0
83.665,0,0
83.67,0,0
83.675,0,0
83.68,0,0
83.685,0,0
83.69,0,0
83.695,0,0
83.7,0,0
83.705,0,0
83.71,0,0
83.715,0,0
83.72,0,0
83.725,0,0
83.73,0,0
83.735,0,0
83.74,0,0
83.745,0,0
83.75,0,0
83.755,0,0
83.76,0,0
83.765,0,0
83.77,0,0
83.775,0,0
83.78,0,0
83.785,0,0
83.79,0,0
83.795,0,0
83.8,0,0
83.805,0,0
83.81,0,0
83.815,0,0
83.82,0,0
83.825,0,0
83.83,0,0
83.835,0,0
83.84,0,0
83.845,0,0
83.85,0,0
83.855,0,0
83.86,0,0
83.865,0,0
83.87,0,0
83.875,0,0
83.88,0,0
83.885,0,0
83.89,0,0
83.895,0,0
83.9,0,0
83.905,0,0
83.91,0,0
83.915,0,0
83.92,0,0
83.925,0,0
83.93,0,0
83.935,0,0
83.94,0,0
83.945,0,0
83.95,0,0
83.955,0,0
83.96,0,0
83.965,0,0
83.97,0,0
83.975,0,0
83.98,0,0
83.985,0,0
83.99,0,0
83.995,0,0
84,0,0
84.005,0,0
84.01,0,0
84.015,0,0
84.02,0,0
84.025,0,0
84.03,0,0
84.035,0,0
84.04,0,0
84.045,0,0
84.05,0,0
84.055,0,0
84.06,0,0
84.065,0,0
84.07,0,0
84.075,0,0
84.08,0,0
84.085,0,0
84.09,0,0
84.095,0,0
84.1,0,0
84.105,0,0
84.11,0,0
84.115,0,0
84.12,0,0
84.125,0,0
84.13,0,0
84.135,0,0
84.14,0,0
84.145,0,0
84.15,0,0
84.155,0,0
84.16,0,0
84.165,0,0
84.17,0,0
84.175,0,0
84.18,0,0
84.185,0,0
84.19,0,0
84.195,0,0
84.2,0,0
84.205,0,0
84.21,0,0
84.215,0,0
84.22,0,0
84.225,0,0
84.23,0,0
84.235,0,0
84.24,0,0
84.245,0,0
84.25,0,0
84.255,0,0
84.26,0,0
84.265,0,0
84.27,0,0
84.275,0,0
84.28,0,0
84.285,0,0
84.29,0,0
84.295,0,0
84.3,0,0
84.305,0,0
84.31,0,0
84.315,0,0
84.32,0,0
84.325,0,0
84.33,0,0
84.335,0,0
84.34,0,0
84.345,0,0
84.35,0,0
84.355,0,0
84.36,0,0
84.365,0,0
84.37,0,0
84.375,0,0
84.38,0,0
84.385,0,0
84.39,0,0
84.395,0,0
84.4,0,0
84.405,0,0
84.41,0,0
84.415,0,0
84.42,0,0
84.425,0,0
84.43,0,0
84.435,0,0
84.44,0,0
84.445,0,0
84.45,0,0
84.455,0,0
84.46,0,0
84.465,0,0
84.47,0,0
84.475,0,0
84.48,0,0
84.485,0,0
84.49,0,0
84.495,0,0
84.5,0,0
84.505,0,0
84.51,0,0
84.515,0,0
84.52,0,0
84.525,0,0
84.53,0,0
84.535,0,0
84.54,0,0
84.545,0,0
84.55,0,0
84.555,0,0
84.56,0,0
84.565,0,0
84.57,0,0
84.575,0,0
84.58,0,0
84.585,0,0
84.59,0,0
84.595,0,0
84.6,0,0
84.605,0,0
84.61,0,0
84.615,0,0
84.62,0,0
84.625,0,0
84.63,0,0
84.635,0,0
84.64,0,0
84.645,0,0
84.65,0,0
84.655,0,0
84.66,0,0
84.665,0,0
84.67,0,0
84.675,0,0
84.68,0,0
84.685,0,0
84.69,0,0
84.695,0,0
84.7,0,0
84.705,0,0
84.71,0,0
84.715,0,0
84.72,0,0
84.725,0,0
84.73,0,0
84.735,0,0
84.74,0,0
84.745,0,0
84.75,0,0
84.755,0,0
84.76,0,0
84.765,0,0
84.77,0,0
84.775,0,0
84.78,0,0
84.785,0,0
84.79,0,0
84.795,0,0
84.8,0,0
84.805,0,0
84.81,0,0
84.815,0,0
84.82,0,0
84.825,0,0
84.83,0,0
84.835,0,0
84.84,0,0
84.845,0,0
84.85,0,0
84.855,0,0
84.86,0,0
84.865,0,0
84.87,0,0
84.875,0,0
84.88,0,0
84.885,0,0
84.89,0,0
84.895,0,0
84.9,0,0
84.905,0,0
84.91,0,0
84.915,0,0
84.92,0,0
84.925,0,0
84.93,0,0
84.935,0,0
84.94,0,0
84.945,0,0
84.95,0,0
84.955,0,0
84.96,0,0
84.965,0,0
84.97,0,0
84.975,0,0
84.98,0,0
84.985,0,0
84.99,0,0
84.995,0,0
85,0,0
85.005,0,0
85.01,0,0
85.015,0,0
85.02,0,0
85.025,0,0
85.03,0,0
85.035,0,0
85.04,0,0
85.045,0,0
85.05,0,0
85.055,0,0
85.06,0,0
85.065,0,0
85.07,0,0
85.075,0,0
85.08,0,0
85.085,0,0
85.09,0,0
85.095,0,0
85.1,0,0
85.105,0,0
85.11,0,0
85.115,0,0
85.12,0,0
85.125,0,0
85.13,0,0
85.135,0,0
85.14,0,0
85.145,0,0
85.15,0,0
85.155,0,0
85.16,0,0
85.165,0,0
85.17,0,0
85.175,0,0
85.18,0,0
85.185,0,0
85.19,0,0
85.195,0,0
85.2,0,0
85.205,0,0
85.21,0,0
85.215,0,0
85.22,0,0
85.225,0,0
85.23,0,0
85.235,0,0
85.24,0,0
85.245,0,0
85.25,0,0
85.255,0,0
85.26,0,0
85.265,0,0
85.27,0,0
85.275,0,0
85.28,0,0
85.285,0,0
85.29,0,0
85.295,0,0
85.3,0,0
85.305,0,0
85.31,0,0
85.315,0,0
85.32,0,0
85.325,0,0
85.33,0,0
85.335,0,0
85.34,0,0
85.345,0,0
85.35,0,0
85.355,0,0
85.36,0,0
85.365,0,0
85.37,0,0
85.375,0,0
85.38,0,0
85.385,0,0
85.39,0,0
85.395,0,0
85.4,0,0
85.405,0,0
85.41,0,0
85.415,0,0
85.42,0,0
85.425,0,0
85.43,0,0
85.435,0,0
85.44,0,0
85.445,0,0
85.45,0,0
85.455,0,0
85.46,0,0
85.465,0,0
85.47,0,0
85.475,0,0
85.48,0,0
85.485,0,0
85.49,0,0
85.495,0,0
85.5,0,0
85.505,0,0
85.51,0,0
85.515,0,0
85.52,0,0
85.525,0,0
85.53,0,0
85.535,0,0
85.54,0,0
85.545,0,0
85.55,0,0
85.555,0,0
85.56,0,0
85.565,0,0
85.57,0,0
85.575,0,0
85.58,0,0
85.585,0,0
85.59,0,0
85.595,0,0
85.6,0,0
85.605,0,0
85.61,0,0
85.615,0,0
85.62,0,0
85.625,0,0
85.63,0,0
85.635,0,0
85.64,0,0
85.645,0,0
85.65,0,0
85.655,0,0
85.66,0,0
85.665,0,0
85.67,0,0
85.675,0,0
85.68,0,0
85.685,0,0
85.69,0,0
85.695,0,0
85.7,0,0
85.705,0,0
85.71,0,0
85.715,0,0
85.72,0,0
85.725,0,0
85.73,0,0
85.735,0,0
85.74,0,0
85.745,0,0
85.75,0,0
85.755,0,0
85.76,0,0
85.765,0,0
85.77,0,0
85.775,0,0
85.78,0,0
85.785,0,0
85.79,0,0
85.795,0,0
85.8,0,0
85.805,0,0
85.81,0,0
85.815,0,0
85.82,0,0
85.825,0,0
85.83,0,0
85.835,0,0
85.84,0,0
85.845,0,0
85.85,0,0
85.855,0,0
85.86,0,0
85.865,0,0
85.87,0,0
85.875,0,0
85.88,0,0
85.885,0,0
85.89,0,0
85.895,0,0
85.9,0,0
85.905,0,0
85.91,0,0
85.915,0,0
85.92,0,0
85.925,0,0
85.93,0,0
85.935,0,0
85.94,0,0
85.945,0,0
85.95,0,0
85.955,0,0
85.96,0,0
85.965,0,0
85.97,0,0
85.975,0,0
85.98,0,0
85.985,0,0
85.99,0,0
85.995,0,0
86,0,0
86.005,0,0
86.01,0,0
86.015,0,0
86.02,0,0
86.025,0,0
86.03,0,0
86.035,0,0
86.04,0,0
86.045,0,0
86.05,0,0
86.055,0,0
86.06,0,0
86.065,0,0
86.07,0,0
86.075,0,0
86.08,0,0
86.085,0,0
86.09,0,0
86.095,0,0
86.1,0,0
86.105,0,0
86.11,0,0
86.115,0,0
86.12,0,0
86.125,0,0
86.13,0,0
86.135,0,0
86.14,0,0
86.145,0,0
86.15,0,0
86.155,0,0
86.16,0,0
86.165,0,0
86.17,0,0
86.175,0,0
86.18,0,0
86.185,0,0
86.19,0,0
86.195,0,0
86.2,0,0
86.205,0,0
86.21,0,0
86.215,0,0
86.22,0,0
86.225,0,0
86.23,0,0
86.235,0,0
86.24,0,0
86.245,0,0
86.25,0,0
86.255,0,0
86.26,0,0
86.265,0,0
86.27,0,0
86.275,0,0
86.28,0,0
86.285,0,0
86.29,0,0
86.295,0,0
86.3,0,0
86.305,0,0
86.31,0,0
86.315,0,0
86.32,0,0
86.325,0,0
86.33,0,0
86.335,0,0
86.34,0,0
86.345,0,0
86.35,0,0
86.355,0,0
86.36,0,0
86.365,0,0
86.37,0,0
86.375,0,0
86.38,0,0
86.385,0,0
86.39,0,0
86.395,0,0
86.4,0,0
86.405,0,0
86.41,0,0
86.415,0,0
86.42,0,0
86.425,0,0
86.43,0,0
86.435,0,0
86.44,0,0
86.445,0,0
86.45,0,0
86.455,0,0
86.46,0,0
86.465,0,0
86.47,0,0
86.475,0,0
86.48,0,0
86.485,0,0
86.49,0,0
86.495,0,0
86.5,0,0
86.505,0,0
86.51,0,0
86.515,0,0
86.52,0,0
86.525,0,0
86.53,0,0
86.535,0,0
86.54,0,0
86.545,0,0
86.55,0,0
86.555,0,0
86.56,0,0
86.565,0,0
86.57,0,0
86.575,0,0
86.58,0,0
86.585,0,0
86.59,0,0
86.595,0,0
86.6,0,0
86.605,0,0
86.61,0,0
86.615,0,0
86.62,0,0
86.625,0,0
86.63,0,0
86.635,0,0
86.64,0,0
86.645,0,0
86.65,0,0
86.655,0,0
86.66,0,0
86.665,0,0
86.67,0,0
86.675,0,0
86.68,0,0
86.685,0,0
86.69,0,0
86.695,0,0
86.7,0,0
86.705,0,0
86.71,0,0
86.715,0,0
86.72,0,0
86.725,0,0
86.73,0,0
86.735,0,0
86.74,0,0
86.745,0,0
86.75,0,0
86.755,0,0
86.76,0,0
86.765,0,0
86.77,0,0
86.775,0,0
86.78,0,0
86.785,0,0
86.79,0,0
86.795,0,0
86.8,0,0
86.805,0,0
86.81,0,0
86.815,0,0
86.82,0,0
86.825,0,0
86.83,0,0
86.835,0,0
86.84,0,0
86.845,0,0
86.85,0,0
86.855,0,0
86.86,0,0
86.865,0,0
86.87,0,0
86.875,0,0
86.88,0,0
86.885,0,0
86.89,0,0
86.895,0,0
86.9,0,0
86.905,0,0
86.91,0,0
86.915,0,0
86.92,0,0
86.925,0,0
86.93,0,0
86.935,0,0
86.94,0,0
86.945,0,0
86.95,0,0
86.955,0,0
86.96,0,0
86.965,0,0
86.97,0,0
86.975,0,0
86.98,0,0
86.985,0,0
86.99,0,0
86.995,0,0
87,0,0
87.005,0,0
87.01,0,0
87.015,0,0
87.02,0,0
87.025,0,0
87.03,0,0
87.035,0,0
87.04,0,0
87.045,0,0
87.05,0,0
87.055,0,0
87.06,0,0
87.065,0,0
87.07,0,0
87.075,0,0
87.08,0,0
87.085,0,0
87.09,0,0
87.095,0,0
87.1,0,0
87.105,0,0
87.11,0,0
87.115,0,0
87.12,0,0
87.125,0,0
87.13,0,0
87.135,0,0
87.14,0,0
87.145,0,0
87.15,0,0
87.155,0,0
87.16,0,0
87.165,0,0
87.17,0,0
87.175,0,0
87.18,0,0
87.185,0,0
87.19,0,0
87.195,0,0
87.2,0,0
87.205,0,0
87.21,0,0
87.215,0,0
87.22,0,0
87.225,0,0
87.23,0,0
87.235,0,0
87.24,0,0
87.245,0,0
87.25,0,0
87.255,0,0
87.26,0,0
87.265,0,0
87.27,0,0
87.275,0,0
87.28,0,0
87.285,0,0
87.29,0,0
87.295,0,0
87.3,0,0
87.305,0,0
87.31,0,0
87.315,0,0
87.32,0,0
87.325,0,0
87.33,0,0
87.335,0,0
87.34,0,0
87.345,0,0
87.35,0,0
87.355,0,0
87.36,0,0
87.365,0,0
87.37,0,0
87.375,0,0
87.38,0,0
87.385,0,0
87.39,0,0
87.395,0,0
87.4,0,0
87.405,0,0
87.41,0,0
87.415,0,0
87.42,0,0
87.425,0,0
87.43,0,0
87.435,0,0
87.44,0,0
87.445,0,0
87.45,0,0
87.455,0,0
87.46,0,0
87.465,0,0
87.47,0,0
87.475,0,0
87.48,0,0
87.485,0,0
87.49,0,0
87.495,0,0
87.5,0,0
87.505,0,0
87.51,0,0
87.515,0,0
87.52,0,0
87.525,0,0
87.53,0,0
87.535,0,0
87.54,0,0
87.545,0,0
87.55,0,0
87.555,0,0
87.56,0,0
87.565,0,0
87.57,0,0
87.575,0,0
87.58,0,0
87.585,0,0
87.59,0,0
87.595,0,0
87.6,0,0
87.605,0,0
87.61,0,0
87.615,0,0
87.62,0,0
87.625,0,0
87.63,0,0
87.635,0,0
87.64,0,0
87.645,0,0
87.65,0,0
87.655,0,0
87.66,0,0
87.665,0,0
87.67,0,0
87.675,0,0
87.68,0,0
87.685,0,0
87.69,0,0
87.695,0,0
87.7,0,0
87.705,0,0
87.71,0,0
87.715,0,0
87.72,0,0
87.725,0,0
87.73,0,0
87.735,0,0
87.74,0,0
87.745,0,0
87.75,0,0
87.755,0,0
87.76,0,0
87.765,0,0
87.77,0,0
87.775,0,0
87.78,0,0
87.785,0,0
87.79,0,0
87.795,0,0
87.8,0,0
87.805,0,0
87.81,0,0
87.815,0,0
87.82,0,0
87.825,0,0
87.83,0,0
87.835,0,0
87.84,0,0
87.845,0,0
87.85,0,0
87.855,0,0
87.86,0,0
87.865,0,0
87.87,0,0
87.875,0,0
87.88,0,0
87.885,0,0
87.89,0,0
87.895,0,0
87.9,0,0
87.905,0,0
87.91,0,0
87.915,0,0
87.92,0,0
87.925,0,0
87.93,0,0
87.935,0,0
87.94,0,0
87.945,0,0
87.95,0,0
87.955,0,0
87.96,0,0
87.965,0,0
87.97,0,0
87.975,0,0
87.98,0,0
87.985,0,0
87.99,0,0
87.995,0,0
88,0,0
88.005,0,0
88.01,0,0
88.015,0,0
88.02,0,0
88.025,0,0
88.03,0,0
88.035,0,0
88.04,0,0
88.045,0,0
88.05,0,0
88.055,0,0
88.06,0,0
88.065,0,0
88.07,0,0
88.075,0,0
88.08,0,0
88.085,0,0
88.09,0,0
88.095,0,0
88.1,0,0
88.105,0,0
88.11,0,0
88.115,0,0
88.12,0,0
88.125,0,0
88.13,0,0
88.135,0,0
88.14,0,0
88.145,0,0
88.15,0,0
88.155,0,0
88.16,0,0
88.165,0,0
88.17,0,0
88.175,0,0
88.18,0,0
88.185,0,0
88.19,0,0
88.195,0,0
88.2,0,0
88.205,0,0
88.21,0,0
88.215,0,0
88.22,0,0
88.225,0,0
88.23,0,0
88.235,0,0
88.24,0,0
88.245,0,0
88.25,0,0
88.255,0,0
88.26,0,0
88.265,0,0
88.27,0,0
88.275,0,0
88.28,0,0
88.285,0,0
88.29,0,0
88.295,0,0
88.3,0,0
88.305,0,0
88.31,0,0
88.315,0,0
88.32,0,0
88.325,0,0
88.33,0,0
88.335,0,0
88.34,0,0
88.345,0,0
88.35,0,0
88.355,0,0
88.36,0,0
88.365,0,0
88.37,0,0
88.375,0,0
88.38,0,0
88.385,0,0
88.39,0,0
88.395,0,0
88.4,0,0
88.405,0,0
88.41,0,0
88.415,0,0
88.42,0,0
88.425,0,0
88.43,0,0
88.435,0,0
88.44,0,0
88.445,0,0
88.45,0,0
88.455,0,0
88.46,0,0
88.465,0,0
88.47,0,0
88.475,0,0
88.48,0,0
88.485,0,0
88.49,0,0
88.495,0,0
88.5,0,0
88.505,0,0
88.51,0,0
88.515,0,0
88.52,0,0
88.525,0,0
88.53,0,0
88.535,0,0
88.54,0,0
88.545,0,0
88.55,0,0
88.555,0,0
88.56,0,0
88.565,0,0
88.57,0,0
88.575,0,0
88.58,0,0
88.585,0,0
88.59,0,0
88.595,0,0
88.6,0,0
88.605,0,0
88.61,0,0
88.615,0,0
88.62,0,0
88.625,0,0
88.63,0,0
88.635,0,0
88.64,0,0
88.645,0,0
88.65,0,0
88.655,0,0
88.66,0,0
88.665,0,0
88.67,0,0
88.675,0,0
88.68,0,0
88.685,0,0
88.69,0,0
88.695,0,0
88.7,0,0
88.705,0,0
88.71,0,0
88.715,0,0
88.72,0,0
88.725,0,0
88.73,0,0
88.735,0,0
88.74,0,0
88.745,0,0
88.75,0,0
88.755,0,0
88.76,0,0
88.765,0,0
88.77,0,0
88.775,0,0
88.78,0,0
88.785,0,0
88.79,0,0
88.795,0,0
88.8,0,0
88.805,0,0
88.81,0,0
88.815,0,0
88.82,0,0
88.825,0,0
88.83,0,0
88.835,0,0
88.84,0,0
88.845,0,0
88.85,0,0
88.855,0,0
88.86,0,0
88.865,0,0
88.87,0,0
88.875,0,0
88.88,0,0
88.885,0,0
88.89,0,0
88.895,0,0
88.9,0,0
88.905,0,0
88.91,0,0
88.915,0,0
88.92,0,0
88.925,0,0
88.93,0,0
88.935,0,0
88.94,0,0
88.945,0,0
88.95,0,0
88.955,0,0
88.96,0,0
88.965,0,0
88.97,0,0
88.975,0,0
88.98,0,0
88.985,0,0
88.99,0,0
88.995,0,0
89,0,0
89.005,0,0
89.01,0,0
89.015,0,0
89.02,0,0
89.025,0,0
89.03,0,0
89.035,0,0
89.04,0,0
89.045,0,0
89.05,0,0
89.055,0,0
89.06,0,0
89.065,0,0
89.07,0,0
89.075,0,0
89.08,0,0
89.085,0,0
89.09,0,0
89.095,0,0
89.1,0,0
89.105,0,0
89.11,0,0
89.115,0,0
89.12,0,0
89.125,0,0
89.13,0,0
89.135,0,0
89.14,0,0
89.145,0,0
89.15,0,0
89.155,0,0
89.16,0,0
89.165,0,0
89.17,0,0
89.175,0,0
89.18,0,0
89.185,0,0
89.19,0,0
89.195,0,0
89.2,0,0
89.205,0,0
89.21,0,0
89.215,0,0
89.22,0,0
89.225,0,0
89.23,0,0
89.235,0,0
89.24,0,0
89.245,0,0
89.25,0,0
89.255,0,0
89.26,0,0
89.265,0,0
89.27,0,0
89.275,0,0
89.28,0,0
89.285,0,0
89.29,0,0
89.295,0,0
89.3,0,0
89.305,0,0
89.31,0,0
89.315,0,0
89.32,0,0
89.325,0,0
89.33,0,0
89.335,0,0
89.34,0,0
89.345,0,0
89.35,0,0
89.355,0,0
89.36,0,0
89.365,0,0
89.37,0,0
89.375,0,0
89.38,0,0
89.385,0,0
89.39,0,0
89.395,0,0
89.4,0,0
89.405,0,0
89.41,0,0
89.415,0,0
89.42,0,0
89.425,0,0
89.43,0,0
89.435,0,0
89.44,0,0
89.445,0,0
89.45,0,0
89.455,0,0
89.46,0,0
89.465,0,0
89.47,0,0
89.475,0,0
89.48,0,0
89.485,0,0
89.49,0,0
89.495,0,0
89.5,0,0
89.505,0,0
89.51,0,0
89.515,0,0
89.52,0,0
89.525,0,0
89.53,0,0
89.535,0,0
89.54,0,0
89.545,0,0
89.55,0,0
89.555,0,0
89.56,0,0
89.565,0,0
89.57,0,0
89.575,0,0
89.58,0,0
89.585,0,0
89.59,0,0
89.595,0,0
89.6,0,0
89.605,0,0
89.61,0,0
89.615,0,0
89.62,0,0
89.625,0,0
89.63,0,0
89.635,0,0
89.64,0,0
89.645,0,0
89.65,0,0
89.655,0,0
89.66,0,0
89.665,0,0
89.67,0,0
89.675,0,0
89.68,0,0
89.685,0,0
89.69,0,0
89.695,0,0
89.7,0,0
89.705,0,0
89.71,0,0
89.715,0,0
89.72,0,0
89.725,0,0
89.73,0,0
89.735,0,0
89.74,0,0
89.745,0,0
89.75,0,0
89.755,0,0
89.76,0,0
89.765,0,0
89.77,0,0
89.775,0,0
89.78,0,0
89.785,0,0
89.79,0,0
89.795,0,0
89.8,0,0
89.805,0,0
89.81,0,0
89.815,0,0
89.82,0,0
89.825,0,0
89.83,0,0
89.835,0,0
89.84,0,0
89.845,0,0
89.85,0,0
89.855,0,0
89.86,0,0
89.865,0,0
89.87,0,0
89.875,0,0
89.88,0,0
89.885,0,0
89.89,0,0
89.895,0,0
89.9,0,0
89.905,0,0
89.91,0,0
89.915,0,0
89.92,0,0
89.925,0,0
89.93,0,0
89.935,0,0
89.94,0,0
89.945,0,0
89.95,0,0
89.955,0,0
89.96,0,0
89.965,0,0
89.97,0,0
89.975,0,0
89.98,0,0
89.985,0,0
89.99,0,0
89.995,0,0
90,0,0
90.005,0,0
90.01,0,0
90.015,0,0
90.02,0,0
90.025,0,0
90.03,0,0
90.035,0,0
90.04,0,0
90.045,0,0
90.05,0,0
90.055,0,0
90.06,0,0
90.065,0,0
90.07,0,0
90.075,0,0
90.08,0,0
90.085,0,0
90.09,0,0
90.095,0,0
90.1,0,0
90.105,0,0
90.11,0,0
90.115,0,0
90.12,0,0
90.125,0,0
90.13,0,0
90.135,0,0
90.14,0,0
90.145,0,0
90.15,0,0
90.155,0,0
90.16,0,0
90.165,0,0
90.17,0,0
90.175,0,0
90.18,0,0
90.185,0,0
90.19,0,0
90.195,0,0
90.2,0,0
90.205,0,0
90.21,0,0
90.215,0,0
90.22,0,0
90.225,0,0
90.23,0,0
90.235,0,0
90.24,0,0
90.245,0,0
90.25,0,0
90.255,0,0
90.26,0,0
90.265,0,0
90.27,0,0
90.275,0,0
90.28,0,0
90.285,0,0
90.29,0,0
90.295,0,0
90.3,0,0
90.305,0,0
90.31,0,0
90.315,0,0
90.32,0,0
90.325,0,0
90.33,0,0
90.335,0,0
90.34,0,0
90.345,0,0
90.35,0,0
90.355,0,0
90.36,0,0
90.365,0,0
90.37,0,0
90.375,0,0
90.38,0,0
90.385,0,0
90.39,0,0
90.395,0,0
90.4,0,0
90.405,0,0
90.41,0,0
90.415,0,0
90.42,0,0
90.425,0,0
90.43,0,0
90.435,0,0
90.44,0,0
90.445,0,0
90.45,0,0
90.455,0,0
90.46,0,0
90.465,0,0
90.47,0,0
90.475,0,0
90.48,0,0
90.485,0,0
90.49,0,0
90.495,0,0
90.5,0,0
90.505,0,0
90.51,0,0
90.515,0,0
90.52,0,0
90.525,0,0
90.53,0,0
90.535,0,0
90.54,0,0
90.545,0,0
90.55,0,0
90.555,0,0
90.56,0,0
90.565,0,0
90.57,0,0
90.575,0,0
90.58,0,0
90.585,0,0
90.59,0,0
90.595,0,0
90.6,0,0
90.605,0,0
90.61,0,0
90.615,0,0
90.62,0,0
90.625,0,0
90.63,0,0
90.635,0,0
90.64,0,0
90.645,0,0
90.65,0,0
90.655,0,0
90.66,0,0
90.665,0,0
90.67,0,0
90.675,0,0
90.68,0,0
90.685,0,0
90.69,0,0
90.695,0,0
90.7,0,0
90.705,0,0
90.71,0,0
90.715,0,0
90.72,0,0
90.725,0,0
90.73,0,0
90.735,0,0
90.74,0,0
90.745,0,0
90.75,0,0
90.755,0,0
90.76,0,0
90.765,0,0
90.77,0,0
90.775,0,0
90.78,0,0
90.785,0,0
90.79,0,0
90.795,0,0
90.8,0,0
90.805,0,0
90.81,0,0
90.815,0,0
90.82,0,0
90.825,0,0
90.83,0,0
90.835,0,0
90.84,0,0
90.845,0,0
90.85,0,0
90.855,0,0
90.86,0,0
90.865,0,0
90.87,0,0
90.875,0,0
90.88,0,0
90.885,0,0
90.89,0,0
90.895,0,0
90.9,0,0
90.905,0,0
90.91,0,0
90.915,0,0
90.92,0,0
90.925,0,0
90.93,0,0
90.935,0,0
90.94,0,0
90.945,0,0
90.95,0,0
90.955,0,0
90.96,0,0
90.965,0,0
90.97,0,0
90.975,0,0
90.98,0,0
90.985,0,0
90.99,0,0
90.995,0,0
91,0,0
91.005,0,0
91.01,0,0
91.015,0,0
91.02,0,0
91.025,0,0
91.03,0,0
91.035,0,0
91.04,0,0
91.045,0,0
91.05,0,0
91.055,0,0
91.06,0,0
91.065,0,0
91.07,0,0
91.075,0,0
91.08,0,0
91.085,0,0
91.09,0,0
91.095,0,0
91.1,0,0
91.105,0,0
91.11,0,0
91.115,0,0
91.12,0,0
91.125,0,0
91.13,0,0
91.135,0,0
91.14,0,0
91.145,0,0
91.15,0,0
91.155,0,0
91.16,0,0
91.165,0,0
91.17,0,0
91.175,0,0
91.18,0,0
91.185,0,0
91.19,0,0
91.195,0,0
91.2,0,0
91.205,0,0
91.21,0,0
91.215,0,0
91.22,0,0
91.225,0,0
91.23,0,0
91.235,0,0
91.24,0,0
91.245,0,0
91.25,0,0
91.255,0,0
91.26,0,0
91.265,0,0
91.27,0,0
91.275,0,0
91.28,0,0
91.285,0,0
91.29,0,0
91.295,0,0
91.3,0,0
91.305,0,0
91.31,0,0
91.315,0,0
91.32,0,0
91.325,0,0
91.33,0,0
91.335,0,0
91.34,0,0
91.345,0,0
91.35,0,0
91.355,0,0
91.36,0,0
91.365,0,0
91.37,0,0
91.375,0,0
91.38,0,0
91.385,0,0
91.39,0,0
91.395,0,0
91.4,0,0
91.405,0,0
91.41,0,0
91.415,0,0
91.42,0,0
91.425,0,0
91.43,0,0
91.435,0,0
91.44,0,0
91.445,0,0
91.45,0,0
91.455,0,0
91.46,0,0
91.465,0,0
91.47,0,0
91.475,0,0
91.48,0,0
91.485,0,0
91.49,0,0
91.495,0,0
91.5,0,0
91.505,0,0
91.51,0,0
91.515,0,0
91.52,0,0
91.525,0,0
91.53,0,0
91.535,0,0
91.54,0,0
91.545,0,0
91.55,0,0
91.555,0,0
91.56,0,0
91.565,0,0
91.57,0,0
91.575,0,0
91.58,0,0
91.585,0,0
91.59,0,0
91.595,0,0
91.6,0,0
91.605,0,0
91.61,0,0
91.615,0,0
91.62,0,0
91.625,0,0
91.63,0,0
91.635,0,0
91.64,0,0
91.645,0,0
91.65,0,0
91.655,0,0
91.66,0,0
91.665,0,0
91.67,0,0
91.675,0,0
91.68,0,0
91.685,0,0
91.69,0,0
91.695,0,0
91.7,0,0
91.705,0,0
91.71,0,0
91.715,0,0
91.72,0,0
91.725,0,0
91.73,0,0
91.735,0,0
91.74,0,0
91.745,0,0
91.75,0,0
91.755,0,0
91.76,0,0
91.765,0,0
91.77,0,0
91.775,0,0
91.78,0,0
91.785,0,0
91.79,0,0
91.795,0,0
91.8,0,0
91.805,0,0
91.81,0,0
91.815,0,0
91.82,0,0
91.825,0,0
91.83,0,0
91.835,0,0
91.84,0,0
91.845,0,0
91.85,0,0
91.855,0,0
91.86,0,0
91.865,0,0
91.87,0,0
91.875,0,0
91.88,0,0
91.885,0,0
91.89,0,0
91.895,0,0
91.9,0,0
91.905,0,0
91.91,0,0
91.915,0,0
91.92,0,0
91.925,0,0
91.93,0,0
91.935,0,0
91.94,0,0
91.945,0,0
91.95,0,0
91.955,0,0
91.96,0,0
91.965,0,0
91.97,0,0
91.975,0,0
91.98,0,0
91.985,0,0
91.99,0,0
91.995,0,0
92,0,0
92.005,0,0
92.01,0,0
92.015,0,0
92.02,0,0
92.025,0,0
92.03,0,0
92.035,0,0
92.04,0,0
92.045,0,0
92.05,0,0
92.055,0,0
92.06,0,0
92.065,0,0
92.07,0,0
92.075,0,0
92.08,0,0
92.085,0,0
92.09,0,0
92.095,0,0
92.1,0,0
92.105,0,0
92.11,0,0
92.115,0,0
92.12,0,0
92.125,0,0
92.13,0,0
92.135,0,0
92.14,0,0
92.145,0,0
92.15,0,0
92.155,0,0
92.16,0,0
92.165,0,0
92.17,0,0
92.175,0,0
92.18,0,0
92.185,0,0
92.19,0,0
92.195,0,0
92.2,0,0
92.205,0,0
92.21,0,0
92.215,0,0
92.22,0,0
92.225,0,0
92.23,0,0
92.235,0,0
92.24,0,0
92.245,0,0
92.25,0,0
92.255,0,0
92.26,0,0
92.265,0,0
92.27,0,0
92.275,0,0
92.28,0,0
92.285,0,0
92.29,0,0
92.295,0,0
92.3,0,0
92.305,0,0
92.31,0,0
92.315,0,0
92.32,0,0
92.325,0,0
92.33,0,0
92.335,0,0
92.34,0,0
92.345,0,0
92.35,0,0
92.355,0,0
92.36,0,0
92.365,0,0
92.37,0,0
92.375,0,0
92.38,0,0
92.385,0,0
92.39,0,0
92.395,0,0
92.4,0,0
92.405,0,0
92.41,0,0
92.415,0,0
92.42,0,0
92.425,0,0
92.43,0,0
92.435,0,0
92.44,0,0
92.445,0,0
92.45,0,0
92.455,0,0
92.46,0,0
92.465,0,0
92.47,0,0
92.475,0,0
92.48,0,0
92.485,0,0
92.49,0,0
92.495,0,0
92.5,0,0
92.505,0,0
92.51,0,0
92.515,0,0
92.52,0,0
92.525,0,0
92.53,0,0
92.535,0,0
92.54,0,0
92.545,0,0
92.55,0,0
92.555,0,0
92.56,0,0
92.565,0,0
92.57,0,0
92.575,0,0
92.58,0,0
92.585,0,0
92.59,0,0
92.595,0,0
92.6,0,0
92.605,0,0
92.61,0,0
92.615,0,0
92.62,0,0
92.625,0,0
92.63,0,0
92.635,0,0
92.64,0,0
92.645,0,0
92.65,0,0
92.655,0,0
92.66,0,0
92.665,0,0
92.67,0,0
92.675,0,0
92.68,0,0
92.685,0,0
92.69,0,0
92.695,0,0
92.7,0,0
92.705,0,0
92.71,0,0
92.715,0,0
92.72,0,0
92.725,0,0
92.73,0,0
92.735,0,0
92.74,0,0
92.745,0,0
92.75,0,0
92.755,0,0
92.76,0,0
92.765,0,0
92.77,0,0
92.775,0,0
92.78,0,0
92.785,0,0
92.79,0,0
92.795,0,0
92.8,0,0
92.805,0,0
92.81,0,0
92.815,0,0
92.82,0,0
92.825,0,0
92.83,0,0
92.835,0,0
92.84,0,0
92.845,0,0
92.85,0,0
92.855,0,0
92.86,0,0
92.865,0,0
92.87,0,0
92.875,0,0
92.88,0,0
92.885,0,0
92.89,0,0
92.895,0,0
92.9,0,0
92.905,0,0
92.91,0,0
92.915,0,0
92.92,0,0
92.925,0,0
92.93,0,0
92.935,0,0
92.94,0,0
92.945,0,0
92.95,0,0
92.955,0,0
92.96,0,0
92.965,0,0
92.97,0,0
92.975,0,0
92.98,0,0
92.985,0,0
92.99,0,0
92.995,0,0
93,0,0
93.005,0,0
93.01,0,0
93.015,0,0
93.02,0,0
93.025,0,0
93.03,0,0
93.035,0,0
93.04,0,0
93.045,0,0
93.05,0,0
93.055,0,0
93.06,0,0
93.065,0,0
93.07,0,0
93.075,0,0
93.08,0,0
93.085,0,0
93.09,0,0
93.095,0,0
93.1,0,0
93.105,0,0
93.11,0,0
93.115,0,0
93.12,0,0
93.125,0,0
93.13,0,0
93.135,0,0
93.14,0,0
93.145,0,0
93.15,0,0
93.155,0,0
93.16,0,0
93.165,0,0
93.17,0,0
93.175,0,0
93.18,0,0
93.185,0,0
93.19,0,0
93.195,0,0
93.2,0,0
93.205,0,0
93.21,0,0
93.215,0,0
93.22,0,0
93.225,0,0
93.23,0,0
93.235,0,0
93.24,0,0
93.245,0,0
93.25,0,0
93.255,0,0
93.26,0,0
93.265,0,0
93.27,0,0
93.275,0,0
93.28,0,0
93.285,0,0
93.29,0,0
93.295,0,0
93.3,0,0
93.305,0,0
93.31,0,0
93.315,0,0
93.32,0,0
93.325,0,0
93.33,0,0
93.335,0,0
93.34,0,0
93.345,0,0
93.35,0,0
93.355,0,0
93.36,0,0
93.365,0,0
93.37,0,0
93.375,0,0
93.38,0,0
93.385,0,0
93.39,0,0
93.395,0,0
93.4,0,0
93.405,0,0
93.41,0,0
93.415,0,0
93.42,0,0
93.425,0,0
93.43,0,0
93.435,0,0
93.44,0,0
93.445,0,0
93.45,0,0
93.455,0,0
93.46,0,0
93.465,0,0
93.47,0,0
93.475,0,0
93.48,0,0
93.485,0,0
93.49,0,0
93.495,0,0
93.5,0,0
93.505,0,0
93.51,0,0
93.515,0,0
93.52,0,0
93.525,0,0
93.53,0,0
93.535,0,0
93.54,0,0
93.545,0,0
93.55,0,0
93.555,0,0
93.56,0,0
93.565,0,0
93.57,0,0
93.575,0,0
93.58,0,0
93.585,0,0
93.59,0,0
93.595,0,0
93.6,0,0
93.605,0,0
93.61,0,0
93.615,0,0
93.62,0,0
93.625,0,0
93.63,0,0
93.635,0,0
93.64,0,0
93.645,0,0
93.65,0,0
93.655,0,0
93.66,0,0
93.665,0,0
93.67,0,0
93.675,0,0
93.68,0,0
93.685,0,0
93.69,0,0
93.695,0,0
93.7,0,0
93.705,0,0
93.71,0,0
93.715,0,0
93.72,0,0
93.725,0,0
93.73,0,0
93.735,0,0
93.74,0,0
93.745,0,0
93.75,0,0
93.755,0,0
93.76,0,0
93.765,0,0
93.77,0,0
93.775,0,0
93.78,0,0
93.785,0,0
93.79,0,0
93.795,0,0
93.8,0,0
93.805,0,0
93.81,0,0
93.815,0,0
93.82,0,0
93.825,0,0
93.83,0,0
93.835,0,0
93.84,0,0
93.845,0,0
93.85,0,0
93.855,0,0
93.86,0,0
93.865,0,0
93.87,0,0
93.875,0,0
93.88,0,0
93.885,0,0
93.89,0,0
93.895,0,0
93.9,0,0
93.905,0,0
93.91,0,0
93.915,0,0
93.92,0,0
93.925,0,0
93.93,0,0
93.935,0,0
93.94,0,0
93.945,0,0
93.95,0,0
93.955,0,0
93.96,0,0
93.965,0,0
93.97,0,0
93.975,0,0
93.98,0,0
93.985,0,0
93.99,0,0
93.995,0,0
94,0,0
94.005,0,0
94.01,0,0
94.015,0,0
94.02,0,0
94.025,0,0
94.03,0,0
94.035,0,0
94.04,0,0
94.045,0,0
94.05,0,0
94.055,0,0
94.06,0,0
94.065,0,0
94.07,0,0
94.075,0,0
94.08,0,0
94.085,0,0
94.09,0,0
94.095,0,0
94.1,0,0
94.105,0,0
94.11,0,0
94.115,0,0
94.12,0,0
94.125,0,0
94.13,0,0
94.135,0,0
94.14,0,0
94.145,0,0
94.15,0,0
94.155,0,0
94.16,0,0
94.165,0,0
94.17,0,0
94.175,0,0
94.18,0,0
94.185,0,0
94.19,0,0
94.195,0,0
94.2,0,0
94.205,0,0
94.21,0,0
94.215,0,0
94.22,0,0
94.225,0,0
94.23,0,0
94.235,0,0
94.24,0,0
94.245,0,0
94.25,0,0
94.255,0,0
94.26,0,0
94.265,0,0
94.27,0,0
94.275,0,0
94.28,0,0
94.285,0,0
94.29,0,0
94.295,0,0
94.3,0,0
94.305,0,0
94.31,0,0
94.315,0,0
94.32,0,0
94.325,0,0
94.33,0,0
94.335,0,0
94.34,0,0
94.345,0,0
94.35,0,0
94.355,0,0
94.36,0,0
94.365,0,0
94.37,0,0
94.375,0,0
94.38,0,0
94.385,0,0
94.39,0,0
94.395,0,0
94.4,0,0
94.405,0,0
94.41,0,0
94.415,0,0
94.42,0,0
94.425,0,0
94.43,0,0
94.435,0,0
94.44,0,0
94.445,0,0
94.45,0,0
94.455,0,0
94.46,0,0
94.465,0,0
94.47,0,0
94.475,0,0
94.48,0,0
94.485,0,0
94.49,0,0
94.495,0,0
94.5,0,0
94.505,0,0
94.51,0,0
94.515,0,0
94.52,0,0
94.525,0,0
94.53,0,0
94.535,0,0
94.54,0,0
94.545,0,0
94.55,0,0
94.555,0,0
94.56,0,0
94.565,0,0
94.57,0,0
94.575,0,0
94.58,0,0
94.585,0,0
94.59,0,0
94.595,0,0
94.6,0,0
94.605,0,0
94.61,0,0
94.615,0,0
94.62,0,0
94.625,0,0
94.63,0,0
94.635,0,0
94.64,0,0
94.645,0,0
94.65,0,0
94.655,0,0
94.66,0,0
94.665,0,0
94.67,0,0
94.675,0,0
94.68,0,0
94.685,0,0
94.69,0,0
94.695,0,0
94.7,0,0
94.705,0,0
94.71,0,0
94.715,0,0
94.72,0,0
94.725,0,0
94.73,0,0
94.735,0,0
94.74,0,0
94.745,0,0
94.75,0,0
94.755,0,0
94.76,0,0
94.765,0,0
94.77,0,0
94.775,0,0
94.78,0,0
94.785,0,0
94.79,0,0
94.795,0,0
94.8,0,0
94.805,0,0
94.81,0,0
94.815,0,0
94.82,0,0
94.825,0,0
94.83,0,0
94.835,0,0
94.84,0,0
94.845,0,0
94.85,0,0
94.855,0,0
94.86,0,0
94.865,0,0
94.87,0,0
94.875,0,0
94.88,0,0
94.885,0,0
94.89,0,0
94.895,0,0
94.9,0,0
94.905,0,0
94.91,0,0
94.915,0,0
94.92,0,0
94.925,0,0
94.93,0,0
94.935,0,0
94.94,0,0
94.945,0,0
94.95,0,0
94.955,0,0
94.96,0,0
94.965,0,0
94.97,0,0
94.975,0,0
94.98,0,0
94.985,0,0
94.99,0,0
94.995,0,0
95,0,0
95.005,0,0
95.01,0,0
95.015,0,0
95.02,0,0
95.025,0,0
95.03,0,0
95.035,0,0
95.04,0,0
95.045,0,0
95.05,0,0
95.055,0,0
95.06,0,0
95.065,0,0
95.07,0,0
95.075,0,0
95.08,0,0
95.085,0,0
95.09,0,0
95.095,0,0
95.1,0,0
95.105,0,0
95.11,0,0
95.115,0,0
95.12,0,0
95.125,0,0
95.13,0,0
95.135,0,0
95.14,0,0
95.145,0,0
95.15,0,0
95.155,0,0
95.16,0,0
95.165,0,0
95.17,0,0
95.175,0,0
95.18,0,0
95.185,0,0
95.19,0,0
95.195,0,0
95.2,0,0
95.205,0,0
95.21,0,0
95.215,0,0
95.22,0,0
95.225,0,0
95.23,0,0
95.235,0,0
95.24,0,0
95.245,0,0
95.25,0,0
95.255,0,0
95.26,0,0
95.265,0,0
95.27,0,0
95.275,0,0
95.28,0,0
95.285,0,0
95.29,0,0
95.295,0,0
95.3,0,0
95.305,0,0
95.31,0,0
95.315,0,0
95.32,0,0
95.325,0,0
95.33,0,0
95.335,0,0
95.34,0,0
95.345,0,0
95.35,0,0
95.355,0,0
95.36,0,0
95.365,0,0
95.37,0,0
95.375,0,0
95.38,0,0
95.385,0,0
95.39,0,0
95.395,0,0
95.4,0,0
95.405,0,0
95.41,0,0
95.415,0,0
95.42,0,0
95.425,0,0
95.43,0,0
95.435,0,0
95.44,0,0
95.445,0,0
95.45,0,0
95.455,0,0
95.46,0,0
95.465,0,0
95.47,0,0
95.475,0,0
95.48,0,0
95.485,0,0
95.49,0,0
95.495,0,0
95.5,0,0
95.505,0,0
95.51,0,0
95.515,0,0
95.52,0,0
95.525,0,0
95.53,0,0
95.535,0,0
95.54,0,0
95.545,0,0
95.55,0,0
95.555,0,0
95.56,0,0
95.565,0,0
95.57,0,0
95.575,0,0
95.58,0,0
95.585,0,0
95.59,0,0
95.595,0,0
95.6,0,0
95.605,0,0
95.61,0,0
95.615,0,0
95.62,0,0
95.625,0,0
95.63,0,0
95.635,0,0
95.64,0,0
95.645,0,0
95.65,0,0
95.655,0,0
95.66,0,0
95.665,0,0
95.67,0,0
95.675,0,0
95.68,0,0
95.685,0,0
95.69,0,0
95.695,0,0
95.7,0,0
95.705,0,0
95.71,0,0
95.715,0,0
95.72,0,0
95.725,0,0
95.73,0,0
95.735,0,0
95.74,0,0
95.745,0,0
95.75,0,0
95.755,0,0
95.76,0,0
95.765,0,0
95.77,0,0
95.775,0,0
95.78,0,0
95.785,0,0
95.79,0,0
95.795,0,0
95.8,0,0
95.805,0,0
95.81,0,0
95.815,0,0
95.82,0,0
95.825,0,0
95.83,0,0
95.835,0,0
95.84,0,0
95.845,0,0
95.85,0,0
95.855,0,0
95.86,0,0
95.865,0,0
95.87,0,0
95.875,0,0
95.88,0,0
95.885,0,0
95.89,0,0
95.895,0,0
95.9,0,0
95.905,0,0
95.91,0,0
95.915,0,0
95.92,0,0
95.925,0,0
95.93,0,0
95.935,0,0
95.94,0,0
95.945,0,0
95.95,0,0
95.955,0,0
95.96,0,0
95.965,0,0
95.97,0,0
95.975,0,0
95.98,0,0
95.985,0,0
95.99,0,0
95.995,0,0
96,0,0
96.005,0,0
96.01,0,0
96.015,0,0
96.02,0,0
96.025,0,0
96.03,0,0
96.035,0,0
96.04,0,0
96.045,0,0
96.05,0,0
96.055,0,0
96.06,0,0
96.065,0,0
96.07,0,0
96.075,0,0
96.08,0,0
96.085,0,0
96.09,0,0
96.095,0,0
96.1,0,0
96.105,0,0
96.11,0,0
96.115,0,0
96.12,0,0
96.125,0,0
96.13,0,0
96.135,0,0
96.14,0,0
96.145,0,0
96.15,0,0
96.155,0,0
96.16,0,0
96.165,0,0
96.17,0,0
96.175,0,0
96.18,0,0
96.185,0,0
96.19,0,0
96.195,0,0
96.2,0,0
96.205,0,0
96.21,0,0
96.215,0,0
96.22,0,0
96.225,0,0
96.23,0,0
96.235,0,0
96.24,0,0
96.245,0,0
96.25,0,0
96.255,0,0
96.26,0,0
96.265,0,0
96.27,0,0
96.275,0,0
96.28,0,0
96.285,0,0
96.29,0,0
96.295,0,0
96.3,0,0
96.305,0,0
96.31,0,0
96.315,0,0
96.32,0,0
96.325,0,0
96.33,0,0
96.335,0,0
96.34,0,0
96.345,0,0
96.35,0,0
96.355,0,0
96.36,0,0
96.365,0,0
96.37,0,0
96.375,0,0
96.38,0,0
96.385,0,0
96.39,0,0
96.395,0,0
96.4,0,0
96.405,0,0
96.41,0,0
96.415,0,0
96.42,0,0
96.425,0,0
96.43,0,0
96.435,0,0
96.44,0,0
96.445,0,0
96.45,0,0
96.455,0,0
96.46,0,0
96.465,0,0
96.47,0,0
96.475,0,0
96.48,0,0
96.485,0,0
96.49,0,0
96.495,0,0
96.5,0,0
96.505,0,0
96.51,0,0
96.515,0,0
96.52,0,0
96.525,0,0
96.53,0,0
96.535,0,0
96.54,0,0
96.545,0,0
96.55,0,0
96.555,0,0
96.56,0,0
96.565,0,0
96.57,0,0
96.575,0,0
96.58,0,0
96.585,0,0
96.59,0,0
96.595,0,0
96.6,0,0
96.605,0,0
96.61,0,0
96.615,0,0
96.62,0,0
96.625,0,0
96.63,0,0
96.635,0,0
96.64,0,0
96.645,0,0
96.65,0,0
96.655,0,0
96.66,0,0
96.665,0,0
96.67,0,0
96.675,0,0
96.68,0,0
96.685,0,0
96.69,0,0
96.695,0,0
96.7,0,0
96.705,0,0
96.71,0,0
96.715,0,0
96.72,0,0
96.725,0,0
96.73,0,0
96.735,0,0
96.74,0,0
96.745,0,0
96.75,0,0
96.755,0,0
96.76,0,0
96.765,0,0
96.77,0,0
96.775,0,0
96.78,0,0
96.785,0,0
96.79,0,0
96.795,0,0
96.8,0,0
96.805,0,0
96.81,0,0
96.815,0,0
96.82,0,0
96.825,0,0
96.83,0,0
96.835,0,0
96.84,0,0
96.845,0,0
96.85,0,0
96.855,0,0
96.86,0,0
96.865,0,0
96.87,0,0
96.875,0,0
96.88,0,0
96.885,0,0
96.89,0,0
96.895,0,0
96.9,0,0
96.905,0,0
96.91,0,0
96.915,0,0
96.92,0,0
96.925,0,0
96.93,0,0
96.935,0,0
96.94,0,0
96.945,0,0
96.95,0,0
96.955,0,0
96.96,0,0
96.965,0,0
96.97,0,0
96.975,0,0
96.98,0,0
96.985,0,0
96.99,0,0
96.995,0,0
97,0,0
97.005,0,0
97.01,0,0
97.015,0,0
97.02,0,0
97.025,0,0
97.03,0,0
97.035,0,0
97.04,0,0
97.045,0,0
97.05,0,0
97.055,0,0
97.06,0,0
97.065,0,0
97.07,0,0
97.075,0,0
97.08,0,0
97.085,0,0
97.09,0,0
97.095,0,0
97.1,0,0
97.105,0,0
97.11,0,0
97.115,0,0
97.12,0,0
97.125,0,0
97.13,0,0
97.135,0,0
97.14,0,0
97.145,0,0
97.15,0,0
97.155,0,0
97.16,0,0
97.165,0,0
97.17,0,0
97.175,0,0
97.18,0,0
97.185,0,0
97.19,0,0
97.195,0,0
97.2,0,0
97.205,0,0
97.21,0,0
97.215,0,0
97.22,0,0
97.225,0,0
97.23,0,0
97.235,0,0
97.24,0,0
97.245,0,0
97.25,0,0
97.255,0,0
97.26,0,0
97.265,0,0
97.27,0,0
97.275,0,0
97.28,0,0
97.285,0,0
97.29,0,0
97.295,0,0
97.3,0,0
97.305,0,0
97.31,0,0
97.315,0,0
97.32,0,0
97.325,0,0
97.33,0,0
97.335,0,0
97.34,0,0
97.345,0,0
97.35,0,0
97.355,0,0
97.36,0,0
97.365,0,0
97.37,0,0
97.375,0,0
97.38,0,0
97.385,0,0
97.39,0,0
97.395,0,0
97.4,0,0
97.405,0,0
97.41,0,0
97.415,0,0
97.42,0,0
97.425,0,0
97.43,0,0
97.435,0,0
97.44,0,0
97.445,0,0
97.45,0,0
97.455,0,0
97.46,0,0
97.465,0,0
97.47,0,0
97.475,0,0
97.48,0,0
97.485,0,0
97.49,0,0
97.495,0,0
97.5,0,0
97.505,0,0
97.51,0,0
97.515,0,0
97.52,0,0
97.525,0,0
97.53,0,0
97.535,0,0
97.54,0,0
97.545,0,0
97.55,0,0
97.555,0,0
97.56,0,0
97.565,0,0
97.57,0,0
97.575,0,0
97.58,0,0
97.585,0,0
97.59,0,0
97.595,0,0
97.6,0,0
97.605,0,0
97.61,0,0
97.615,0,0
97.62,0,0
97.625,0,0
97.63,0,0
97.635,0,0
97.64,0,0
97.645,0,0
97.65,0,0
97.655,0,0
97.66,0,0
97.665,0,0
97.67,0,0
97.675,0,0
97.68,0,0
97.685,0,0
97.69,0,0
97.695,0,0
97.7,0,0
97.705,0,0
97.71,0,0
97.715,0,0
97.72,0,0
97.725,0,0
97.73,0,0
97.735,0,0
97.74,0,0
97.745,0,0
97.75,0,0
97.755,0,0
97.76,0,0
97.765,0,0
97.77,0,0
97.775,0,0
97.78,0,0
97.785,0,0
97.79,0,0
97.795,0,0
97.8,0,0
97.805,0,0
97.81,0,0
97.815,0,0
97.82,0,0
97.825,0,0
97.83,0,0
97.835,0,0
97.84,0,0
97.845,0,0
97.85,0,0
97.855,0,0
97.86,0,0
97.865,0,0
97.87,0,0
97.875,0,0
97.88,0,0
97.885,0,0
97.89,0,0
97.895,0,0
97.9,0,0
97.905,0,0
97.91,0,0
97.915,0,0
97.92,0,0
97.925,0,0
97.93,0,0
97.935,0,0
97.94,0,0
97.945,0,0
97.95,0,0
97.955,0,0
97.96,0,0
97.965,0,0
97.97,0,0
97.975,0,0
97.98,0,0
97.985,0,0
97.99,0,0
97.995,0,0
98,0,0
98.005,0,0
98.01,0,0
98.015,0,0
98.02,0,0
98.025,0,0
98.03,0,0
98.035,0,0
98.04,0,0
98.045,0,0
98.05,0,0
98.055,0,0
98.06,0,0
98.065,0,0
98.07,0,0
98.075,0,0
98.08,0,0
98.085,0,0
98.09,0,0
98.095,0,0
98.1,0,0
98.105,0,0
98.11,0,0
98.115,0,0
98.12,0,0
98.125,0,0
98.13,0,0
98.135,0,0
98.14,0,0
98.145,0,0
98.15,0,0
98.155,0,0
98.16,0,0
98.165,0,0
98.17,0,0
98.175,0,0
98.18,0,0
98.185,0,0
98.19,0,0
98.195,0,0
98.2,0,0
98.205,0,0
98.21,0,0
98.215,0,0
98.22,0,0
98.225,0,0
98.23,0,0
98.235,0,0
98.24,0,0
98.245,0,0
98.25,0,0
98.255,0,0
98.26,0,0
98.265,0,0
98.27,0,0
98.275,0,0
98.28,0,0
98.285,0,0
98.29,0,0
98.295,0,0
98.3,0,0
98.305,0,0
98.31,0,0
98.315,0,0
98.32,0,0
98.325,0,0
98.33,0,0
98.335,0,0
98.34,0,0
98.345,0,0
98.35,0,0
98.355,0,0
98.36,0,0
98.365,0,0
98.37,0,0
98.375,0,0
98.38,0,0
98.385,0,0
98.39,0,0
98.395,0,0
98.4,0,0
98.405,0,0
98.41,0,0
98.415,0,0
98.42,0,0
98.425,0,0
98.43,0,0
98.435,0,0
98.44,0,0
98.445,0,0
98.45,0,0
98.455,0,0
98.46,0,0
98.465,0,0
98.47,0,0
98.475,0,0
98.48,0,0
98.485,0,0
98.49,0,0
98.495,0,0
98.5,0,0
98.505,0,0
98.51,0,0
98.515,0,0
98.52,0,0
98.525,0,0
98.53,0,0
98.535,0,0
98.54,0,0
98.545,0,0
98.55,0,0
98.555,0,0
98.56,0,0
98.565,0,0
98.57,0,0
98.575,0,0
98.58,0,0
98.585,0,0
98.59,0,0
98.595,0,0
98.6,0,0
98.605,0,0
98.61,0,0
98.615,0,0
98.62,0,0
98.625,0,0
98.63,0,0
98.635,0,0
98.64,0,0
98.645,0,0
98.65,0,0
98.655,0,0
98.66,0,0
98.665,0,0
98.67,0,0
98.675,0,0
98.68,0,0
98.685,0,0
98.69,0,0
98.695,0,0
98.7,0,0
98.705,0,0
98.71,0,0
98.715,0,0
98.72,0,0
98.725,0,0
98.73,0,0
98.735,0,0
98.74,0,0
98.745,0,0
98.75,0,0
98.755,0,0
98.76,0,0
98.765,0,0
98.77,0,0
98.775,0,0
98.78,0,0
98.785,0,0
98.79,0,0
98.795,0,0
98.8,0,0
98.805,0,0
98.81,0,0
98.815,0,0
98.82,0,0
98.825,0,0
98.83,0,0
98.835,0,0
98.84,0,0
98.845,0,0
98.85,0,0
98.855,0,0
98.86,0,0
98.865,0,0
98.87,0,0
98.875,0,0
98.88,0,0
98.885,0,0
98.89,0,0
98.895,0,0
98.9,0,0
98.905,0,0
98.91,0,0
98.915,0,0
98.92,0,0
98.925,0,0
98.93,0,0
98.935,0,0
98.94,0,0
98.945,0,0
98.95,0,0
98.955,0,0
98.96,0,0
98.965,0,0
98.97,0,0
98.975,0,0
98.98,0,0
98.985,0,0
98.99,0,0
98.995,0,0
99,0,0
99.005,0,0
99.01,0,0
99.015,0,0
99.02,0,0
99.025,0,0
99.03,0,0
99.035,0,0
99.04,0,0
99.045,0,0
99.05,0,0
99.055,0,0
99.06,0,0
99.065,0,0
99.07,0,0
99.075,0,0
99.08,0,0
99.085,0,0
99.09,0,0
99.095,0,0
99.1,0,0
99.105,0,0
99.11,0,0
99.115,0,0
99.12,0,0
99.125,0,0
99.13,0,0
99.135,0,0
99.14,0,0
99.145,0,0
99.15,0,0
99.155,0,0
99.16,0,0
99.165,0,0
99.17,0,0
99.175,0,0
99.18,0,0
99.185,0,0
99.19,0,0
99.195,0,0
99.2,0,0
99.205,0,0
99.21,0,0
99.215,0,0
99.22,0,0
99.225,0,0
99.23,0,0
99.235,0,0
99.24,0,0
99.245,0,0
99.25,0,0
99.255,0,0
99.26,0,0
99.265,0,0
99.27,0,0
99.275,0,0
99.28,0,0
99.285,0,0
99.29,0,0
99.295,0,0
99.3,0,0
99.305,0,0
99.31,0,0
99.315,0,0
99.32,0,0
99.325,0,0
99.33,0,0
99.335,0,0
99.34,0,0
99.345,0,0
99.35,0,0
99.355,0,0
99.36,0,0
99.365,0,0
99.37,0,0
99.375,0,0
99.38,0,0
99.385,0,0
99.39,0,0
99.395,0,0
99.4,0,0
99.405,0,0
99.41,0,0
99.415,0,0
99.42,0,0
99.425,0,0
99.43,0,0
99.435,0,0
99.44,0,0
99.445,0,0
99.45,0,0
99.455,0,0
99.46,0,0
99.465,0,0
99.47,0,0
99.475,0,0
99.48,0,0
99.485,0,0
99.49,0,0
99.495,0,0
99.5,0,0
99.505,0,0
99.51,0,0
99.515,0,0
99.52,0,0
99.525,0,0
99.53,0,0
99.535,0,0
99.54,0,0
99.545,0,0
99.55,0,0
99.555,0,0
99.56,0,0
99.565,0,0
99.57,0,0
99.575,0,0
99.58,0,0
99.585,0,0
99.59,0,0
99.595,0,0
99.6,0,0
99.605,0,0
99.61,0,0
99.615,0,0
99.62,0,0
99.625,0,0
99.63,0,0
99.635,0,0
99.64,0,0
99.645,0,0
99.65,0,0
99.655,0,0
99.66,0,0
99.665,0,0
99.67,0,0
99.675,0,0
99.68,0,0
99.685,0,0
99.69,0,0
99.695,0,0
99.7,0,0
99.705,0,0
99.71,0,0
99.715,0,0
99.72,0,0
99.725,0,0
99.73,0,0
99.735,0,0
99.74,0,0
99.745,0,0
99.75,0,0
99.755,0,0
99.76,0,0
99.765,0,0
99.77,0,0
99.775,0,0
99.78,0,0
99.785,0,0
99.79,0,0
99.795,0,0
99.8,0,0
99.805,0,0
99.81,0,0
99.815,0,0
99.82,0,0
99.825,0,0
99.83,0,0
99.835,0,0
99.84,0,0
99.845,0,0
99.85,0,0
99.855,0,0
99.86,0,0
99.865,0,0
99.87,0,0
99.875,0,0
99.88,0,0
99.885,0,0
99.89,0,0
99.895,0,0
99.9,0,0
99.905,0,0
99.91,0,0
99.915,0,0
99.92,0,0
99.925,0,0
99.93,0,0
99.935,0,0
99.94,0,0
99.945,0,0
99.95,0,0
99.955,0,0
99.96,0,0
99.965,0,0
99.97,0,0
99.975,0,0
99.98,0,0
99.985,0,0
99.99,0,0
99.995,0,0
100,0,0
100.005,0,0
100.01,0,0
100.015,0,0
100.02,0,0
100.025,0,0
100.03,0,0
100.035,0,0
100.04,0,0
100.045,0,0
100.05,0,0
100.055,0,0
100.06,0,0
100.065,0,0
100.07,0,0
100.075,0,0
100.08,0,0
100.085,0,0
100.09,0,0
100.095,0,0
100.1,0,0
100.105,0,0
100.11,0,0
100.115,0,0
100.12,0,0
100.125,0,0
100.13,0,0
100.135,0,0
100.14,0,0
100.145,0,0
100.15,0,0
100.155,0,0
100.16,0,0
100.165,0,0
100.17,0,0
100.175,0,0
100.18,0,0
100.185,0,0
100.19,0,0
100.195,0,0
100.2,0,0
100.205,0,0
100.21,0,0
100.215,0,0
100.22,0,0
100.225,0,0
100.23,0,0
100.235,0,0
100.24,0,0
100.245,0,0
100.25,0,0
100.255,0,0
100.26,0,0
100.265,0,0
100.27,0,0
100.275,0,0
100.28,0,0
100.285,0,0
100.29,0,0
100.295,0,0
100.3,0,0
100.305,0,0
100.31,0,0
100.315,0,0
100.32,0,0
100.325,0,0
100.33,0,0
100.335,0,0
100.34,0,0
100.345,0,0
100.35,0,0
100.355,0,0
100.36,0,0
100.365,0,0
100.37,0,0
100.375,0,0
100.38,0,0
100.385,0,0
100.39,0,0
100.395,0,0
100.4,0,0
100.405,0,0
100.41,0,0
100.415,0,0
100.42,0,0
100.425,0,0
100.43,0,0
100.435,0,0
100.44,0,0
100.445,0,0
100.45,0,0
100.455,0,0
100.46,0,0
100.465,0,0
100.47,0,0
100.475,0,0
100.48,0,0
100.485,0,0
100.49,0,0
100.495,0,0
100.5,0,0
100.505,0,0
100.51,0,0
100.515,0,0
100.52,0,0
100.525,0,0
100.53,0,0
100.535,0,0
100.54,0,0
100.545,0,0
100.55,0,0
100.555,0,0
100.56,0,0
100.565,0,0
100.57,0,0
100.575,0,0
100.58,0,0
100.585,0,0
100.59,0,0
100.595,0,0
100.6,0,0
100.605,0,0
100.61,0,0
100.615,0,0
100.62,0,0
100.625,0,0
100.63,0,0
100.635,0,0
100.64,0,0
100.645,0,0
100.65,0,0
100.655,0,0
100.66,0,0
100.665,0,0
100.67,0,0
100.675,0,0
100.68,0,0
100.685,0,0
100.69,0,0
100.695,0,0
100.7,0,0
100.705,0,0
100.71,0,0
100.715,0,0
100.72,0,0
100.725,0,0
100.73,0,0
100.735,0,0
100.74,0,0
100.745,0,0
100.75,0,0
100.755,0,0
100.76,0,0
100.765,0,0
100.77,0,0
100.775,0,0
100.78,0,0
100.785,0,0
100.79,0,0
100.795,0,0
100.8,0,0
100.805,0,0
100.81,0,0
100.815,0,0
100.82,0,0
100.825,0,0
100.83,0,0
100.835,0,0
100.84,0,0
100.845,0,0
100.85,0,0
100.855,0,0
100.86,0,0
100.865,0,0
100.87,0,0
100.875,0,0
100.88,0,0
100.885,0,0
100.89,0,0
100.895,0,0
100.9,0,0
100.905,0,0
100.91,0,0
100.915,0,0
100.92,0,0
100.925,0,0
100.93,0,0
100.935,0,0
100.94,0,0
100.945,0,0
100.95,0,0
100.955,0,0
100.96,0,0
100.965,0,0
100.97,0,0
100.975,0,0
100.98,0,0
100.985,0,0
100.99,0,0
100.995,0,0
101,0,0
101.005,0,0
101.01,0,0
101.015,0,0
101.02,0,0
101.025,0,0
101.03,0,0
101.035,0,0
101.04,0,0
101.045,0,0
101.05,0,0
101.055,0,0
101.06,0,0
101.065,0,0
101.07,0,0
101.075,0,0
101.08,0,0
101.085,0,0
101.09,0,0
101.095,0,0
101.1,0,0
101.105,0,0
101.11,0,0
101.115,0,0
101.12,0,0
101.125,0,0
101.13,0,0
101.135,0,0
101.14,0,0
101.145,0,0
101.15,0,0
101.155,0,0
101.16,0,0
101.165,0,0
101.17,0,0
101.175,0,0
101.18,0,0
101.185,0,0
101.19,0,0
101.195,0,0
101.2,0,0
101.205,0,0
101.21,0,0
101.215,0,0
101.22,0,0
101.225,0,0
101.23,0,0
101.235,0,0
101.24,0,0
101.245,0,0
101.25,0,0
101.255,0,0
101.26,0,0
101.265,0,0
101.27,0,0
101.275,0,0
101.28,0,0
101.285,0,0
101.29,0,0
101.295,0,0
101.3,0,0
101.305,0,0
101.31,0,0
101.315,0,0
101.32,0,0
101.325,0,0
101.33,0,0
101.335,0,0
101.34,0,0
101.345,0,0
101.35,0,0
101.355,0,0
101.36,0,0
101.365,0,0
101.37,0,0
101.375,0,0
101.38,0,0
101.385,0,0
101.39,0,0
101.395,0,0
101.4,0,0
101.405,0,0
101.41,0,0
101.415,0,0
101.42,0,0
101.425,0,0
101.43,0,0
101.435,0,0
101.44,0,0
101.445,0,0
101.45,0,0
101.455,0,0
101.46,0,0
101.465,0,0
101.47,0,0
101.475,0,0
101.48,0,0
101.485,0,0
101.49,0,0
101.495,0,0
101.5,0,0
101.505,0,0
101.51,0,0
101.515,0,0
101.52,0,0
101.525,0,0
101.53,0,0
101.535,0,0
101.54,0,0
101.545,0,0
101.55,0,0
101.555,0,0
101.56,0,0
101.565,0,0
101.57,0,0
101.575,0,0
101.58,0,0
101.585,0,0
101.59,0,0
101.595,0,0
101.6,0,0
101.605,0,0
101.61,0,0
101.615,0,0
101.62,0,0
101.625,0,0
101.63,0,0
101.635,0,0
101.64,0,0
101.645,0,0
101.65,0,0
101.655,0,0
101.66,0,0
101.665,0,0
101.67,0,0
101.675,0,0
101.68,0,0
101.685,0,0
101.69,0,0
101.695,0,0
101.7,0,0
101.705,0,0
101.71,0,0
101.715,0,0
101.72,0,0
101.725,0,0
101.73,0,0
101.735,0,0
101.74,0,0
101.745,0,0
101.75,0,0
101.755,0,0
101.76,0,0
101.765,0,0
101.77,0,0
101.775,0,0
101.78,0,0
101.785,0,0
101.79,0,0
101.795,0,0
101.8,0,0
101.805,0,0
101.81,0,0
101.815,0,0
101.82,0,0
101.825,0,0
101.83,0,0
101.835,0,0
101.84,0,0
101.845,0,0
101.85,0,0
101.855,0,0
101.86,0,0
101.865,0,0
101.87,0,0
101.875,0,0
101.88,0,0
101.885,0,0
101.89,0,0
101.895,0,0
101.9,0,0
101.905,0,0
101.91,0,0
101.915,0,0
101.92,0,0
101.925,0,0
101.93,0,0
101.935,0,0
101.94,0,0
101.945,0,0
101.95,0,0
101.955,0,0
101.96,0,0
101.965,0,0
101.97,0,0
101.975,0,0
101.98,0,0
101.985,0,0
101.99,0,0
101.995,0,0
102,0,0
102.005,0,0
102.01,0,0
102.015,0,0
102.02,0,0
102.025,0,0
102.03,0,0
102.035,0,0
102.04,0,0
102.045,0,0
102.05,0,0
102.055,0,0
102.06,0,0
102.065,0,0
102.07,0,0
102.075,0,0
102.08,0,0
102.085,0,0
102.09,0,0
102.095,0,0
102.1,0,0
102.105,0,0
102.11,0,0
102.115,0,0
102.12,0,0
102.125,0,0
102.13,0,0
102.135,0,0
102.14,0,0
102.145,0,0
102.15,0,0
102.155,0,0
102.16,0,0
102.165,0,0
102.17,0,0
102.175,0,0
102.18,0,0
102.185,0,0
102.19,0,0
102.195,0,0
102.2,0,0
102.205,0,0
102.21,0,0
102.215,0,0
102.22,0,0
102.225,0,0
102.23,0,0
102.235,0,0
102.24,0,0
102.245,0,0
102.25,0,0
102.255,0,0
102.26,0,0
102.265,0,0
102.27,0,0
102.275,0,0
102.28,0,0
102.285,0,0
102.29,0,0
102.295,0,0
102.3,0,0
102.305,0,0
102.31,0,0
102.315,0,0
102.32,0,0
102.325,0,0
102.33,0,0
102.335,0,0
102.34,0,0
102.345,0,0
102.35,0,0
102.355,0,0
102.36,0,0
102.365,0,0
102.37,0,0
102.375,0,0
102.38,0,0
102.385,0,0
102.39,0,0
102.395,0,0
102.4,0,0
102.405,0,0
102.41,0,0
102.415,0,0
102.42,0,0
102.425,0,0
102.43,0,0
102.435,0,0
102.44,0,0
102.445,0,0
102.45,0,0
102.455,0,0
102.46,0,0
102.465,0,0
102.47,0,0
102.475,0,0
102.48,0,0
102.485,0,0
102.49,0,0
102.495,0,0
102.5,0,0
102.505,0,0
102.51,0,0
102.515,0,0
102.52,0,0
102.525,0,0
102.53,0,0
102.535,0,0
102.54,0,0
102.545,0,0
102.55,0,0
102.555,0,0
102.56,0,0
102.565,0,0
102.57,0,0
102.575,0,0
102.58,0,0
102.585,0,0
102.59,0,0
102.595,0,0
102.6,0,0
102.605,0,0
102.61,0,0
102.615,0,0
102.62,0,0
102.625,0,0
102.63,0,0
102.635,0,0
102.64,0,0
102.645,0,0
102.65,0,0
102.655,0,0
102.66,0,0
102.665,0,0
102.67,0,0
102.675,0,0
102.68,0,0
102.685,0,0
102.69,0,0
102.695,0,0
102.7,0,0
102.705,0,0
102.71,0,0
102.715,0,0
102.72,0,0
102.725,0,0
102.73,0,0
102.735,0,0
102.74,0,0
102.745,0,0
102.75,0,0
102.755,0,0
102.76,0,0
102.765,0,0
102.77,0,0
102.775,0,0
102.78,0,0
102.785,0,0
102.79,0,0
102.795,0,0
102.8,0,0
102.805,0,0
102.81,0,0
102.815,0,0
102.82,0,0
102.825,0,0
102.83,0,0
102.835,0,0
102.84,0,0
102.845,0,0
102.85,0,0
102.855,0,0
102.86,0,0
102.865,0,0
102.87,0,0
102.875,0,0
102.88,0,0
102.885,0,0
102.89,0,0
102.895,0,0
102.9,0,0
102.905,0,0
102.91,0,0
102.915,0,0
102.92,0,0
102.925,0,0
102.93,0,0
102.935,0,0
102.94,0,0
102.945,0,0
102.95,0,0
102.955,0,0
102.96,0,0
102.965,0,0
102.97,0,0
102.975,0,0
102.98,0,0
102.985,0,0
102.99,0,0
102.995,0,0
103,0,0
103.005,0,0
103.01,0,0
103.015,0,0
103.02,0,0
103.025,0,0
103.03,0,0
103.035,0,0
103.04,0,0
103.045,0,0
103.05,0,0
103.055,0,0
103.06,0,0
103.065,0,0
103.07,0,0
103.075,0,0
103.08,0,0
103.085,0,0
103.09,0,0
103.095,0,0
103.1,0,0
103.105,0,0
103.11,0,0
103.115,0,0
103.12,0,0
103.125,0,0
103.13,0,0
103.135,0,0
103.14,0,0
103.145,0,0
103.15,0,0
103.155,0,0
103.16,0,0
103.165,0,0
103.17,0,0
103.175,0,0
103.18,0,0
103.185,0,0
103.19,0,0
103.195,0,0
103.2,0,0
103.205,0,0
103.21,0,0
103.215,0,0
103.22,0,0
103.225,0,0
103.23,0,0
103.235,0,0
103.24,0,0
103.245,0,0
103.25,0,0
103.255,0,0
103.26,0,0
103.265,0,0
103.27,0,0
103.275,0,0
103.28,0,0
103.285,0,0
103.29,0,0
103.295,0,0
103.3,0,0
103.305,0,0
103.31,0,0
103.315,0,0
103.32,0,0
103.325,0,0
103.33,0,0
103.335,0,0
103.34,0,0
103.345,0,0
103.35,0,0
103.355,0,0
103.36,0,0
103.365,0,0
103.37,0,0
103.375,0,0
103.38,0,0
103.385,0,0
103.39,0,0
103.395,0,0
103.4,0,0
103.405,0,0
103.41,0,0
103.415,0,0
103.42,0,0
103.425,0,0
103.43,0,0
103.435,0,0
103.44,0,0
103.445,0,0
103.45,0,0
103.455,0,0
103.46,0,0
103.465,0,0
103.47,0,0
103.475,0,0
103.48,0,0
103.485,0,0
103.49,0,0
103.495,0,0
103.5,0,0
103.505,0,0
103.51,0,0
103.515,0,0
103.52,0,0
103.525,0,0
103.53,0,0
103.535,0,0
103.54,0,0
103.545,0,0
103.55,0,0
103.555,0,0
103.56,0,0
103.565,0,0
103.57,0,0
103.575,0,0
103.58,0,0
103.585,0,0
103.59,0,0
103.595,0,0
103.6,0,0
103.605,0,0
103.61,0,0
103.615,0,0
103.62,0,0
103.625,0,0
103.63,0,0
103.635,0,0
103.64,0,0
103.645,0,0
103.65,0,0
103.655,0,0
103.66,0,0
103.665,0,0
103.67,0,0
103.675,0,0
103.68,0,0
103.685,0,0
103.69,0,0
103.695,0,0
103.7,0,0
103.705,0,0
103.71,0,0
103.715,0,0
103.72,0,0
103.725,0,0
103.73,0,0
103.735,0,0
103.74,0,0
103.745,0,0
103.75,0,0
103.755,0,0
103.76,0,0
103.765,0,0
103.77,0,0
103.775,0,0
103.78,0,0
103.785,0,0
103.79,0,0
103.795,0,0
103.8,0,0
103.805,0,0
103.81,0,0
103.815,0,0
103.82,0,0
103.825,0,0
103.83,0,0
103.835,0,0
103.84,0,0
103.845,0,0
103.85,0,0
103.855,0,0
103.86,0,0
103.865,0,0
103.87,0,0
103.875,0,0
103.88,0,0
103.885,0,0
103.89,0,0
103.895,0,0
103.9,0,0
103.905,0,0
103.91,0,0
103.915,0,0
103.92,0,0
103.925,0,0
103.93,0,0
103.935,0,0
103.94,0,0
103.945,0,0
103.95,0,0
103.955,0,0
103.96,0,0
103.965,0,0
103.97,0,0
103.975,0,0
103.98,0,0
103.985,0,0
103.99,0,0
103.995,0,0
104,0,0
104.005,0,0
104.01,0,0
104.015,0,0
104.02,0,0
104.025,0,0
104.03,0,0
104.035,0,0
104.04,0,0
104.045,0,0
104.05,0,0
104.055,0,0
104.06,0,0
104.065,0,0
104.07,0,0
104.075,0,0
104.08,0,0
104.085,0,0
104.09,0,0
104.095,0,0
104.1,0,0
104.105,0,0
104.11,0,0
104.115,0,0
104.12,0,0
104.125,0,0
104.13,0,0
104.135,0,0
104.14,0,0
104.145,0,0
104.15,0,0
104.155,0,0
104.16,0,0
104.165,0,0
104.17,0,0
104.175,0,0
104.18,0,0
104.185,0,0
104.19,0,0
104.195,0,0
104.2,0,0
104.205,0,0
104.21,0,0
104.215,0,0
104.22,0,0
104.225,0,0
104.23,0,0
104.235,0,0
104.24,0,0
104.245,0,0
104.25,0,0
104.255,0,0
104.26,0,0
104.265,0,0
104.27,0,0
104.275,0,0
104.28,0,0
104.285,0,0
104.29,0,0
104.295,0,0
104.3,0,0
104.305,0,0
104.31,0,0
104.315,0,0
104.32,0,0
104.325,0,0
104.33,0,0
104.335,0,0
104.34,0,0
104.345,0,0
104.35,0,0
104.355,0,0
104.36,0,0
104.365,0,0
104.37,0,0
104.375,0,0
104.38,0,0
104.385,0,0
104.39,0,0
104.395,0,0
104.4,0,0
104.405,0,0
104.41,0,0
104.415,0,0
104.42,0,0
104.425,0,0
104.43,0,0
104.435,0,0
104.44,0,0
104.445,0,0
104.45,0,0
104.455,0,0
104.46,0,0
104.465,0,0
104.47,0,0
104.475,0,0
104.48,0,0
104.485,0,0
104.49,0,0
104.495,0,0
104.5,0,0
104.505,0,0
104.51,0,0
104.515,0,0
104.52,0,0
104.525,0,0
104.53,0,0
104.535,0,0
104.54,0,0
104.545,0,0
104.55,0,0
104.555,0,0
104.56,0,0
104.565,0,0
104.57,0,0
104.575,0,0
104.58,0,0
104.585,0,0
104.59,0,0
104.595,0,0
104.6,0,0
104.605,0,0
104.61,0,0
104.615,0,0
104.62,0,0
104.625,0,0
104.63,0,0
104.635,0,0
104.64,0,0
104.645,0,0
104.65,0,0
104.655,0,0
104.66,0,0
104.665,0,0
104.67,0,0
104.675,0,0
104.68,0,0
104.685,0,0
104.69,0,0
104.695,0,0
104.7,0,0
104.705,0,0
104.71,0,0
104.715,0,0
104.72,0,0
104.725,0,0
104.73,0,0
104.735,0,0
104.74,0,0
104.745,0,0
104.75,0,0
104.755,0,0
104.76,0,0
104.765,0,0
104.77,0,0
104.775,0,0
104.78,0,0
104.785,0,0
104.79,0,0
104.795,0,0
104.8,0,0
104.805,0,0
104.81,0,0
104.815,0,0
104.82,0,0
104.825,0,0
104.83,0,0
104.835,0,0
104.84,0,0
104.845,0,0
104.85,0,0
104.855,0,0
104.86,0,0
104.865,0,0
104.87,0,0
104.875,0,0
104.88,0,0
104.885,0,0
104.89,0,0
104.895,0,0
104.9,0,0
104.905,0,0
104.91,0,0
104.915,0,0
104.92,0,0
104.925,0,0
104.93,0,0
104.935,0,0
104.94,0,0
104.945,0,0
104.95,0,0
104.955,0,0
104.96,0,0
104.965,0,0
104.97,0,0
104.975,0,0
104.98,0,0
104.985,0,0
104.99,0,0
104.995,0,0
105,0,0
105.005,0,0
105.01,0,0
105.015,0,0
105.02,0,0
105.025,0,0
105.03,0,0
105.035,0,0
105.04,0,0
105.045,0,0
105.05,0,0
105.055,0,0
105.06,0,0
105.065,0,0
105.07,0,0
105.075,0,0
105.08,0,0
105.085,0,0
105.09,0,0
105.095,0,0
105.1,0,0
105.105,0,0
105.11,0,0
105.115,0,0
105.12,0,0
105.125,0,0
105.13,0,0
105.135,0,0
105.14,0,0
105.145,0,0
105.15,0,0
105.155,0,0
105.16,0,0
105.165,0,0
105.17,0,0
105.175,0,0
105.18,0,0
105.185,0,0
105.19,0,0
105.195,0,0
105.2,0,0
105.205,0,0
105.21,0,0
105.215,0,0
105.22,0,0
105.225,0,0
105.23,0,0
105.235,0,0
105.24,0,0
105.245,0,0
105.25,0,0
105.255,0,0
105.26,0,0
105.265,0,0
105.27,0,0
105.275,0,0
105.28,0,0
105.285,0,0
105.29,0,0
105.295,0,0
105.3,0,0
105.305,0,0
105.31,0,0
105.315,0,0
105.32,0,0
105.325,0,0
105.33,0,0
105.335,0,0
105.34,0,0
105.345,0,0
105.35,0,0
105.355,0,0
105.36,0,0
105.365,0,0
105.37,0,0
105.375,0,0
105.38,0,0
105.385,0,0
105.39,0,0
105.395,0,0
105.4,0,0
105.405,0,0
105.41,0,0
105.415,0,0
105.42,0,0
105.425,0,0
105.43,0,0
105.435,0,0
105.44,0,0
105.445,0,0
105.45,0,0
105.455,0,0
105.46,0,0
105.465,0,0
105.47,0,0
105.475,0,0
105.48,0,0
105.485,0,0
105.49,0,0
105.495,0,0
105.5,0,0
105.505,0,0
105.51,0,0
105.515,0,0
105.52,0,0
105.525,0,0
105.53,0,0
105.535,0,0
105.54,0,0
105.545,0,0
105.55,0,0
105.555,0,0
105.56,0,0
105.565,0,0
105.57,0,0
105.575,0,0
105.58,0,0
105.585,0,0
105.59,0,0
105.595,0,0
105.6,0,0
105.605,0,0
105.61,0,0
105.615,0,0
105.62,0,0
105.625,0,0
105.63,0,0
105.635,0,0
105.64,0,0
105.645,0,0
105.65,0,0
105.655,0,0
105.66,0,0
105.665,0,0
105.67,0,0
105.675,0,0
105.68,0,0
105.685,0,0
105.69,0,0
105.695,0,0
105.7,0,0
105.705,0,0
105.71,0,0
105.715,0,0
105.72,0,0
105.725,0,0
105.73,0,0
105.735,0,0
105.74,0,0
105.745,0,0
105.75,0,0
105.755,0,0
105.76,0,0
105.765,0,0
105.77,0,0
105.775,0,0
105.78,0,0
105.785,0,0
105.79,0,0
105.795,0,0
105.8,0,0
105.805,0,0
105.81,0,0
105.815,0,0
105.82,0,0
105.825,0,0
105.83,0,0
105.835,0,0
105.84,0,0
105.845,0,0
105.85,0,0
105.855,0,0
105.86,0,0
105.865,0,0
105.87,0,0
105.875,0,0
105.88,0,0
105.885,0,0
105.89,0,0
105.895,0,0
105.9,0,0
105.905,0,0
105.91,0,0
105.915,0,0
105.92,0,0
105.925,0,0
105.93,0,0
105.935,0,0
105.94,0,0
105.945,0,0
105.95,0,0
105.955,0,0
105.96,0,0
105.965,0,0
105.97,0,0
105.975,0,0
105.98,0,0
105.985,0,0
105.99,0,0
105.995,0,0
106,0,0
106.005,0,0
106.01,0,0
106.015,0,0
106.02,0,0
106.025,0,0
106.03,0,0
106.035,0,0
106.04,0,0
106.045,0,0
106.05,0,0
106.055,0,0
106.06,0,0
106.065,0,0
106.07,0,0
106.075,0,0
106.08,0,0
106.085,0,0
106.09,0,0
106.095,0,0
106.1,0,0
106.105,0,0
106.11,0,0
106.115,0,0
106.12,0,0
106.125,0,0
106.13,0,0
106.135,0,0
106.14,0,0
106.145,0,0
106.15,0,0
106.155,0,0
106.16,0,0
106.165,0,0
106.17,0,0
106.175,0,0
106.18,0,0
106.185,0,0
106.19,0,0
106.195,0,0
106.2,0,0
106.205,0,0
106.21,0,0
106.215,0,0
106.22,0,0
106.225,0,0
106.23,0,0
106.235,0,0
106.24,0,0
106.245,0,0
106.25,0,0
106.255,0,0
106.26,0,0
106.265,0,0
106.27,0,0
106.275,0,0
106.28,0,0
106.285,0,0
106.29,0,0
106.295,0,0
106.3,0,0
106.305,0,0
106.31,0,0
106.315,0,0
106.32,0,0
106.325,0,0
106.33,0,0
106.335,0,0
106.34,0,0
106.345,0,0
106.35,0,0
106.355,0,0
106.36,0,0
106.365,0,0
106.37,0,0
106.375,0,0
106.38,0,0
106.385,0,0
106.39,0,0
106.395,0,0
106.4,0,0
106.405,0,0
106.41,0,0
106.415,0,0
106.42,0,0
106.425,0,0
106.43,0,0
106.435,0,0
106.44,0,0
106.445,0,0
106.45,0,0
106.455,0,0
106.46,0,0
106.465,0,0
106.47,0,0
106.475,0,0
106.48,0,0
106.485,0,0
106.49,0,0
106.495,0,0
106.5,0,0
106.505,0,0
106.51,0,0
106.515,0,0
106.52,0,0
106.525,0,0
106.53,0,0
106.535,0,0
106.54,0,0
106.545,0,0
106.55,0,0
106.555,0,0
106.56,0,0
106.565,0,0
106.57,0,0
106.575,0,0
106.58,0,0
106.585,0,0
106.59,0,2.93215314335027e-08
106.595,0,0
106.6,0,0
106.605,0,0
106.61,0,0
106.615,0,0
106.62,0,0
106.625,0,0
106.63,0,0
106.635,0,0
106.64,0,0
106.645,0,0
106.65,0,0
106.655,0,0
106.66,0,0
106.665,0,0
106.67,0,0
106.675,0,0
106.68,0,0
106.685,0,0
106.69,0,0
106.695,0,0
106.7,0,0
106.705,0,0
106.71,0,0
106.715,0,0
106.72,0,0
106.725,0,0
106.73,0,0
106.735,0,0
106.74,0,0
106.745,0,0
106.75,0,0
106.755,0,0
106.76,0,0
106.765,0,0
106.77,0,0
106.775,0,0
106.78,0,0
106.785,0,0
106.79,0,0
106.795,0,0
106.8,0,0
106.805,0,0
106.81,0,0
106.815,0,0
106.82,0,0
106.825,0,0
106.83,0,0
106.835,0,0
106.84,0,0
106.845,0,0
106.85,0,0
106.855,0,0
106.86,0,0
106.865,0,0
106.87,0,0
106.875,0,0
106.88,0,0
106.885,0,0
106.89,0,0
106.895,0,0
106.9,0,0
106.905,0,0
106.91,0,0
106.915,0,0
106.92,0,0
106.925,0,0
106.93,0,0
106.935,0,0
106.94,0,0
106.945,0,0
106.95,0,0
106.955,0,0
106.96,0,0
106.965,0,0
106.97,0,0
106.975,0,0
106.98,0,0
106.985,0,0
106.99,0,0
106.995,0,0
107,0,0
107.005,0,0
107.01,0,0
107.015,0,0
107.02,0,0
107.025,0,0
107.03,0,0
107.035,0,0
107.04,0,0
107.045,0,0
107.05,0,0
107.055,0,0
107.06,0,0
107.065,0,0
107.07,0,0
107.075,0,0
107.08,0,0
107.085,0,0
107.09,0,0
107.095,0,0
107.1,0,0
107.105,0,0
107.11,0,0
107.115,0,0
107.12,0,0
107.125,0,0
107.13,0,0
107.135,0,0
107.14,0,0
107.145,0,0
107.15,0,0
107.155,0,0
107.16,0,0
107.165,0,0
107.17,0,0
107.175,0,0
107.18,0,0
107.185,0,0
107.19,0,0
107.195,0,0
107.2,0,0
107.205,0,0
107.21,0,0
107.215,0,0
107.22,0,0
107.225,0,0
107.23,0,0
107.235,0,0
107.24,0,0
107.245,0,0
107.25,0,0
107.255,0,0
107.26,0,0
107.265,0,0
107.27,0,0
107.275,0,0
107.28,0,0
107.285,0,0
107.29,0,0
107.295,0,0
107.3,0,0
107.305,0,0
107.31,0,0
107.315,0,0
107.32,0,0
107.325,0,0
107.33,0,0
107.335,0,0
107.34,0,0
107.345,0,0
107.35,0,0
107.355,0,0
107.36,0,0
107.365,0,0
107.37,0,0
107.375,0,0
107.38,0,0
107.385,0,0
107.39,0,0
107.395,0,0
107.4,0,0
107.405,0,0
107.41,0,0
107.415,0,0
107.42,0,0
107.425,0,0
107.43,0,0
107.435,0,0
107.44,0,0
107.445,0,0
107.45,0,0
107.455,0,0
107.46,0,0
107.465,0,0
107.47,0,0
107.475,0,0
107.48,0,0
107.485,0,0
107.49,0,0
107.495,0,0
107.5,0,0
107.505,0,0
107.51,0,0
107.515,0,0
107.52,0,0
107.525,0,0
107.53,0,0
107.535,0,0
107.54,0,0
107.545,0,0
107.55,0,0
107.555,0,0
107.56,0,0
107.565,0,0
107.57,0,0
107.575,0,0
107.58,0,0
107.585,0,0
107.59,0,0
107.595,0,0
107.6,0,0
107.605,0,0
107.61,0,0
107.615,0,0
107.62,0,0
107.625,0,0
107.63,0,0
107.635,0,0
107.64,0,0
107.645,0,0
107.65,0,0
107.655,0,0
107.66,0,0
107.665,0,0
107.67,0,0
107.675,0,0
107.68,0,0
107.685,0,0
107.69,0,0
107.695,0,0
107.7,0,0
107.705,0,0
107.71,0,0
107.715,0,0
107.72,0,0
107.725,0,0
107.73,0,0
107.735,0,0
107.74,0,0
107.745,0,0
107.75,0,0
107.755,0,0
107.76,0,0
107.765,0,0
107.77,0,0
107.775,0,0
107.78,0,0
107.785,0,0
107.79,0,0
107.795,0,0
107.8,0,0
107.805,0,0
107.81,0,0
107.815,0,0
107.82,0,0
107.825,0,0
107.83,0,0
107.835,0,0
107.84,0,0
107.845,0,0
107.85,0,0
107.855,0,0
107.86,0,0
107.865,0,0
107.87,0,0
107.875,0,0
107.88,0,0
107.885,0,0
107.89,0,0
107.895,0,0
107.9,0,0
107.905,0,0
107.91,0,0
107.915,0,0
107.92,0,0
107.925,0,0
107.93,0,0
107.935,0,0
107.94,0,0
107.945,0,0
107.95,0,0
107.955,0,0
107.96,0,0
107.965,0,0
107.97,0,0
107.975,0,0
107.98,0,0
107.985,0,0
107.99,0,0
107.995,0,0
108,0,0
108.005,0,0
108.01,0,0
108.015,0,0
108.02,0,0
108.025,0,0
108.03,0,0
108.035,0,0
108.04,0,0
108.045,0,0
108.05,0,0
108.055,0,0
108.06,0,0
108.065,0,0
108.07,0,0
108.075,0,0
108.08,0,0
108.085,0,0
108.09,0,0
108.095,0,0
108.1,0,0
108.105,0,0
108.11,0,0
108.115,0,0
108.12,0,0
108.125,0,0
108.13,0,0
108.135,0,0
108.14,0,0
108.145,0,0
108.15,0,0
108.155,0,0
108.16,0,0
108.165,0,0
108.17,0,0
108.175,0,0
108.18,0,0
108.185,0,0
108.19,0,0
108.195,0,0
108.2,0,0
108.205,0,0
108.21,0,0
108.215,0,0
108.22,0,0
108.225,0,0
108.23,0,0
108.235,0,0
108.24,0,0
108.245,0,0
108.25,0,0
108.255,0,0
108.26,0,0
108.265,0,0
108.27,0,0
108.275,0,0
108.28,0,0
108.285,0,0
108.29,0,0
108.295,0,0
108.3,0,0
108.305,0,0
108.31,0,0
108.315,0,0
108.32,0,0
108.325,0,0
108.33,0,0
108.335,0,0
108.34,0,0
108.345,0,0
108.35,0,0
108.355,0,0
108.36,0,0
108.365,0,0
108.37,0,0
108.375,0,0
108.38,0,0
108.385,0,0
108.39,0,0
108.395,0,0
108.4,0,0
108.405,0,0
108.41,0,0
108.415,0,0
108.42,0,0
108.425,0,0
108.43,0,0
108.435,0,0
108.44,0,0
108.445,0,0
108.45,0,0
108.455,0,0
108.46,0,0
108.465,0,0
108.47,0,0
108.475,0,0
108.48,0,0
108.485,0,0
108.49,0,0
108.495,0,0
108.5,0,0
108.505,0,0
108.51,0,0
108.515,0,0
108.52,0,0
108.525,0,0
108.53,0,0
108.535,0,0
108.54,0,0
108.545,0,0
108.55,0,0
108.555,0,0
108.56,0,0
108.565,0,0
108.57,0,0
108.575,0,0
108.58,0,0
108.585,0,0
108.59,0,0
108.595,0,0
108.6,0,0
108.605,0,0
108.61,0,0
108.615,0,0
108.62,0,0
108.625,0,0
108.63,0,0
108.635,0,0
108.64,0,0
108.645,0,0
108.65,0,0
108.655,0,0
108.66,0,0
108.665,0,0
108.67,0,0
108.675,0,0
108.68,0,0
108.685,0,0
108.69,0,0
108.695,0,0
108.7,0,0
108.705,0,0
108.71,0,0
108.715,0,0
108.72,0,0
108.725,0,0
108.73,0,0
108.735,0,0
108.74,0,0
108.745,0,0
108.75,0,0
108.755,0,0
108.76,0,0
108.765,0,0
108.77,0,0
108.775,0,0
108.78,0,0
108.785,0,0
108.79,0,0
108.795,0,0
108.8,0,0
108.805,0,0
108.81,0,0
108.815,0,0
108.82,0,0
108.825,0,0
108.83,0,0
108.835,0,0
108.84,0,0
108.845,0,0
108.85,0,0
108.855,0,0
108.86,0,0
108.865,0,0
108.87,0,0
108.875,0,0
108.88,0,0
108.885,0,0
108.89,0,0
108.895,0,0
108.9,0,0
108.905,0,0
108.91,0,0
108.915,0,0
108.92,0,0
108.925,0,0
108.93,0,0
108.935,0,0
108.94,0,0
108.945,0,0
108.95,0,0
108.955,0,0
108.96,0,0
108.965,0,0
108.97,0,0
108.975,0,0
108.98,0,0
108.985,0,0
108.99,0,0
108.995,0,0
109,0,0
109.005,0,0
109.01,0,0
109.015,0,0
109.02,0,0
109.025,0,0
109.03,0,0
109.035,0,0
109.04,0,0
109.045,0,0
109.05,0,0
109.055,0,0
109.06,0,0
109.065,0,0
109.07,0,0
109.075,0,0
109.08,0,0
109.085,0,0
109.09,0,0
109.095,0,0
109.1,0,0
109.105,0,0
109.11,0,0
109.115,0,0
109.12,0,0
109.125,0,0
109.13,0,0
109.135,0,0
109.14,0,0
109.145,0,0
109.15,0,0
109.155,0,0
109.16,0,0
109.165,0,0
109.17,0,0
109.175,0,0
109.18,0,0
109.185,0,0
109.19,0,0
109.195,0,0
109.2,0,0
109.205,0,0
109.21,0,0
109.215,0,0
109.22,0,0
109.225,0,0
109.23,0,0
109.235,0,0
109.24,0,0
109.245,0,0
109.25,0,0
109.255,0,0
109.26,0,0
109.265,0,0
109.27,0,0
109.275,0,0
109.28,0,0
109.285,0,0
109.29,0,0
109.295,0,0
109.3,0,0
109.305,0,0
109.31,0,0
109.315,0,0
109.32,0,0
109.325,0,0
109.33,0,0
109.335,0,0
109.34,0,0
109.345,0,0
109.35,0,0
109.355,0,0
109.36,0,0
109.365,0,0
109.37,0,0
109.375,0,0
109.38,0,0
109.385,0,0
109.39,0,0
109.395,0,0
109.4,0,0
109.405,0,0
109.41,0,0
109.415,0,0
109.42,0,0
109.425,0,0
109.43,0,0
109.435,0,0
109.44,0,0
109.445,0,0
109.45,0,0
109.455,0,0
109.46,0,0
109.465,0,0
109.47,0,0
109.475,0,0
109.48,0,0
109.485,0,0
109.49,0,0
109.495,0,0
109.5,0,0
109.505,0,0
109.51,0,0
109.515,0,0
109.52,0,0
109.525,0,0
109.53,0,0
109.535,0,0
109.54,0,0
109.545,0,0
109.55,0,0
109.555,0,0
109.56,0,0
109.565,0,0
109.57,0,0
109.575,0,0
109.58,0,0
109.585,0,0
109.59,0,0
109.595,0,0
109.6,0,0
109.605,0,0
109.61,0,0
109.615,0,0
109.62,0,0
109.625,0,0
109.63,0,0
109.635,0,0
109.64,0,0
109.645,0,0
109.65,0,0
109.655,0,0
109.66,0,0
109.665,0,0
109.67,0,0
109.675,0,0
109.68,0,0
109.685,0,0
109.69,0,0
109.695,0,0
109.7,0,0
109.705,0,0
109.71,0,0
109.715,0,0
109.72,0,0
109.725,0,0
109.73,0,0
109.735,0,0
109.74,0,0
109.745,0,0
109.75,0,0
109.755,0,0
109.76,0,0
109.765,0,0
109.77,0,0
109.775,0,0
109.78,0,0
109.785,0,0
109.79,0,0
109.795,0,0
109.8,0,0
109.805,0,0
109.81,0,0
109.815,0,0
109.82,0,0
109.825,0,0
109.83,0,0
109.835,0,0
109.84,0,0
109.845,0,0
109.85,0,0
109.855,0,0
109.86,0,0
109.865,0,0
109.87,0,0
109.875,0,0
109.88,0,0
109.885,0,0
109.89,0,0
109.895,0,0
109.9,0,0
109.905,0,0
109.91,0,0
109.915,0,0
109.92,0,0
109.925,0,0
109.93,0,0
109.935,0,0
109.94,0,0
109.945,0,0
109.95,0,0
109.955,0,0
109.96,0,0
109.965,0,0
109.97,0,0
109.975,0,0
109.98,0,0
109.985,0,0
109.99,0,0
109.995,0,0
110,0,0
110.005,0,0
110.01,0,0
110.015,0,0
110.02,0,0
110.025,0,0
110.03,0,0
110.035,0,0
110.04,0,0
110.045,0,0
110.05,0,0
110.055,0,0
110.06,0,0
110.065,0,0
110.07,0,0
110.075,0,0
110.08,0,0
110.085,0,0
110.09,0,0
110.095,0,0
110.1,0,0
110.105,0,0
110.11,0,0
110.115,0,0
110.12,0,0
110.125,0,0
110.13,0,0
110.135,0,0
110.14,0,0
110.145,0,0
110.15,0,0
110.155,0,0
110.16,0,0
110.165,0,0
110.17,0,0
110.175,0,0
110.18,0,0
110.185,0,0
110.19,0,0
110.195,0,0
110.2,0,0
110.205,0,0
110.21,0,0
110.215,0,0
110.22,0,0
110.225,0,0
110.23,0,0
110.235,0,0
110.24,0,0
110.245,0,0
110.25,0,0
110.255,0,0
110.26,0,0
110.265,0,0
110.27,0,0
110.275,0,0
110.28,0,0
110.285,0,0
110.29,0,0
110.295,0,0
110.3,0,0
110.305,0,0
110.31,0,0
110.315,0,0
110.32,0,0
110.325,0,0
110.33,0,0
110.335,0,0
110.34,0,0
110.345,0,0
110.35,0,0
110.355,0,0
110.36,0,0
110.365,0,0
110.37,0,0
110.375,0,0
110.38,0,0
110.385,0,0
110.39,0,0
110.395,0,0
110.4,0,0
110.405,0,0
110.41,0,0
110.415,0,0
110.42,0,0
110.425,0,0
110.43,0,0
110.435,0,0
110.44,0,0
110.445,0,0
110.45,0,0
110.455,0,0
110.46,0,0
110.465,0,0
110.47,0,0
110.475,0,0
110.48,0,0
110.485,0,0
110.49,0,0
110.495,0,0
110.5,0,0
110.505,0,0
110.51,0,0
110.515,0,0
110.52,0,0
110.525,0,0
110.53,0,0
110.535,0,0
110.54,0,0
110.545,0,0
110.55,0,0
110.555,0,0
110.56,0,0
110.565,0,0
110.57,0,0
110.575,0,0
110.58,0,0
110.585,0,0
110.59,0,0
110.595,0,0
110.6,0,0
110.605,0,0
110.61,0,0
110.615,0,0
110.62,0,0
110.625,0,0
110.63,0,0
110.635,0,0
110.64,0,0
110.645,0,0
110.65,0,0
110.655,0,0
110.66,0,0
110.665,0,0
110.67,0,0
110.675,0,0
110.68,0,0
110.685,0,0
110.69,0,0
110.695,0,0
110.7,0,0
110.705,0,0
110.71,0,0
110.715,0,0
110.72,0,0
110.725,0,0
110.73,0,0
110.735,0,0
110.74,0,0
110.745,0,0
110.75,0,0
110.755,0,0
110.76,0,0
110.765,0,0
110.77,0,0
110.775,0,0
110.78,0,0
110.785,0,0
110.79,0,0
110.795,0,0
110.8,0,0
110.805,0,0
110.81,0,0
110.815,0,0
110.82,0,0
110.825,0,0
110.83,0,0
110.835,0,0
110.84,0,0
110.845,0,0
110.85,0,0
110.855,0,0
110.86,0,0
110.865,0,0
110.87,0,0
110.875,0,0
110.88,0,0
110.885,0,0
110.89,0,0
110.895,0,0
110.9,0,0
110.905,0,0
110.91,0,0
110.915,0,0
110.92,0,0
110.925,0,0
110.93,0,0
110.935,0,0
110.94,0,0
110.945,0,0
110.95,0,0
110.955,0,0
110.96,0,0
110.965,0,0
110.97,0,0
110.975,0,0
110.98,0,0
110.985,0,0
110.99,0,0
110.995,0,0
111,0,0
111.005,0,0
111.01,0,0
111.015,0,0
111.02,0,0
111.025,0,0
111.03,0,0
111.035,0,0
111.04,0,0
111.045,0,0
111.05,0,0
111.055,0,0
111.06,0,0
111.065,0,0
111.07,0,0
111.075,0,0
111.08,0,0
111.085,0,0
111.09,0,0
111.095,0,0
111.1,0,0
111.105,0,0
111.11,0,0
111.115,0,0
111.12,0,0
111.125,0,0
111.13,0,0
111.135,0,0
111.14,0,0
111.145,0,0
111.15,0,0
111.155,0,0
111.16,0,0
111.165,0,0
111.17,0,0
111.175,0,0
111.18,0,0
111.185,0,0
111.19,0,0
111.195,0,0
111.2,0,0
111.205,0,0
111.21,0,0
111.215,0,0
111.22,0,0
111.225,0,0
111.23,0,0
111.235,0,0
111.24,0,0
111.245,0,0
111.25,0,0
111.255,0,0
111.26,0,0
111.265,0,0
111.27,0,0
111.275,0,0
111.28,0,0
111.285,0,0
111.29,0,0
111.295,0,0
111.3,0,0
111.305,0,0
111.31,0,0
111.315,0,0
111.32,0,0
111.325,0,0
111.33,0,0
111.335,0,0
111.34,0,0
111.345,0,0
111.35,0,0
111.355,0,0
111.36,0,0
111.365,0,0
111.37,0,0
111.375,0,0
111.38,0,0
111.385,0,0
111.39,0,0
111.395,0,0
111.4,0,0
111.405,0,0
111.41,0,0
111.415,0,0
111.42,0,0
111.425,0,0
111.43,0,0
111.435,0,0
111.44,0,0
111.445,0,0
111.45,0,0
111.455,0,0
111.46,0,0
111.465,0,0
111.47,0,0
111.475,0,0
111.48,0,0
111.485,0,0
111.49,0,0
111.495,0,0
111.5,0,0
111.505,0,0
111.51,0,0
111.515,0,0
111.52,0,0
111.525,0,0
111.53,0,0
111.535,0,0
111.54,0,0
111.545,0,0
111.55,0,0
111.555,0,0
111.56,0,0
111.565,0,0
111.57,0,0
111.575,0,0
111.58,0,0
111.585,0,0
111.59,0,0
111.595,0,0
111.6,0,0
111.605,0,0
111.61,0,0
111.615,0,0
111.62,0,0
111.625,0,0
111.63,0,0
111.635,0,0
111.64,0,0
111.645,0,0
111.65,0,0
111.655,0,0
111.66,0,0
111.665,0,0
111.67,0,0
111.675,0,0
111.68,0,0
111.685,0,0
111.69,0,0
111.695,0,0
111.7,0,0
111.705,0,0
111.71,0,0
111.715,0,0
111.72,0,0
111.725,0,0
111.73,0,0
111.735,0,0
111.74,0,0
111.745,0,0
111.75,0,0
111.755,0,0
111.76,0,0
111.765,0,0
111.77,0,0
111.775,0,0
111.78,0,0
111.785,0,0
111.79,0,0
111.795,0,0
111.8,0,0
111.805,0,0
111.81,0,0
111.815,0,0
111.82,0,0
111.825,0,0
111.83,0,0
111.835,0,0
111.84,0,0
111.845,0,0
111.85,0,0
111.855,0,0
111.86,0,0
111.865,0,0
111.87,0,0
111.875,0,0
111.88,0,0
111.885,0,0
111.89,0,0
111.895,0,0
111.9,0,0
111.905,0,0
111.91,0,0
111.915,0,0
111.92,0,0
111.925,0,0
111.93,0,0
111.935,0,0
111.94,0,0
111.945,0,0
111.95,0,0
111.955,0,0
111.96,0,0
111.965,0,0
111.97,0,0
111.975,0,0
111.98,0,0
111.985,0,0
111.99,0,0
111.995,0,0
112,0,0
112.005,0,0
112.01,0,0
112.015,0,0
112.02,0,0
112.025,0,0
112.03,0,0
112.035,0,0
112.04,0,0
112.045,0,0
112.05,0,2.93215314335027e-08
112.055,0,0
112.06,0,2.93215314335027e-08
112.065,0,0
112.07,0,2.93215314335027e-08
112.075,0,2.93215314335027e-08
112.08,0,0
112.085,0,2.93215314335028e-08
112.09,0,0
112.095,0,0
112.1,0,0
112.105,0,0
112.11,0,0
112.115,0,5.86430628670055e-08
112.12,0,0
112.125,0,2.93215314335027e-08
112.13,0,2.93215314335027e-08
112.135,0,2.93215314335027e-08
112.14,0,0
112.145,0,2.93215314335027e-08
112.15,0,0
112.155,0,2.93215314335027e-08
112.16,0,0
112.165,0,2.93215314335027e-08
112.17,0,0
112.175,0,2.93215314335027e-08
112.18,0,0
112.185,0,0
112.19,0,0
112.195,0,2.93215314335027e-08
112.2,0,5.86430628670055e-08
112.205,0,0
112.21,0,5.86430628670055e-08
112.215,0,0
112.22,0,2.93215314335027e-08
112.225,0,0
112.23,0,2.93215314335027e-08
112.235,0,0
112.24,0,2.93215314335027e-08
112.245,0,2.93215314335027e-08
112.25,0,0
112.255,0,2.93215314335027e-08
112.26,0,2.93215314335027e-08
112.265,0,2.93215314335027e-08
112.27,0,2.93215314335027e-08
112.275,0,2.93215314335027e-08
112.28,0,2.93215314335027e-08
112.285,0,2.93215314335027e-08
112.29,0,5.86430628670055e-08
112.295,0,0
112.3,0,0
112.305,0,0
112.31,0,0
112.315,0,0
112.32,0,0
112.325,0,0
112.33,0,0
112.335,0,0
112.34,0,0
112.345,0,0
112.35,0,0
112.355,0,0
112.36,0,0
112.365,0,0
112.37,0,0
112.375,0,0
112.38,0,0
112.385,0,0
112.39,0,0
112.395,0,0
112.4,0,0
112.405,0,0
112.41,0,0
112.415,0,0
112.42,0,0
112.425,0,0
112.43,0,0
112.435,0,0
112.44,0,0
112.445,0,0
112.45,0,0
112.455,0,0
112.46,0,0
112.465,0,0
112.47,0,0
112.475,0,0
112.48,0,0
112.485,0,0
112.49,0,0
112.495,0,0
112.5,0,0
112.505,0,0
112.51,0,0
112.515,0,0
112.52,0,0
112.525,0,0
112.53,0,0
112.535,0,0
112.54,0,0
112.545,0,0
112.55,0,0
112.555,0,0
112.56,0,0
112.565,0,0
112.57,0,0
112.575,0,0
112.58,0,0
112.585,0,0
112.59,0,0
112.595,0,0
112.6,0,0
112.605,0,0
112.61,0,0
112.615,0,0
112.62,0,0
112.625,0,0
112.63,0,0
112.635,0,0
112.64,0,0
112.645,0,0
112.65,0,0
112.655,0,0
112.66,0,0
112.665,0,0
112.67,0,0
112.675,0,0
112.68,0,0
112.685,0,0
112.69,0,0
112.695,0,0
112.7,0,0
112.705,0,0
112.71,0,0
112.715,0,0
112.72,0,0
112.725,0,0
112.73,0,0
112.735,0,0
112.74,0,0
112.745,0,0
112.75,0,0
112.755,0,0
112.76,0,0
112.765,0,0
112.77,0,0
112.775,0,0
112.78,0,0
112.785,0,0
112.79,0,0
112.795,0,0
112.8,0,0
112.805,0,0
112.81,0,0
112.815,0,0
112.82,0,0
112.825,0,0
112.83,0,0
112.835,0,0
112.84,0,0
112.845,0,0
112.85,0,0
112.855,0,0
112.86,0,0
112.865,0,0
112.87,0,0
112.875,0,0
112.88,0,0
112.885,0,0
112.89,0,0
112.895,0,0
112.9,0,0
112.905,0,0
112.91,0,0
112.915,0,0
112.92,0,0
112.925,0,0
112.93,0,0
112.935,0,0
112.94,0,0
112.945,0,0
112.95,0,0
112.955,0,0
112.96,0,0
112.965,0,0
112.97,0,0
112.975,0,0
112.98,0,0
112.985,0,0
112.99,0,0
112.995,0,0
113,0,0
113.005,0,0
113.01,0,0
113.015,0,0
113.02,0,0
113.025,0,0
113.03,0,0
113.035,0,0
113.04,0,0
113.045,0,0
113.05,0,0
113.055,0,0
113.06,0,0
113.065,0,0
113.07,0,0
113.075,0,0
113.08,0,0
113.085,0,0
113.09,0,0
113.095,0,0
113.1,0,0
113.105,0,0
113.11,0,0
113.115,0,0
113.12,0,0
113.125,0,0
113.13,0,0
113.135,0,0
113.14,0,0
113.145,0,0
113.15,0,0
113.155,0,0
113.16,0,0
113.165,0,0
113.17,0,0
113.175,0,0
113.18,0,0
113.185,0,0
113.19,0,0
113.195,0,0
113.2,0,0
113.205,0,0
113.21,0,0
113.215,0,0
113.22,0,0
113.225,0,0
113.23,0,0
113.235,0,0
113.24,0,0
113.245,0,0
113.25,0,0
113.255,0,0
113.26,0,0
113.265,0,0
113.27,0,0
113.275,0,0
113.28,0,0
113.285,0,0
113.29,0,0
113.295,0,0
113.3,0,0
113.305,0,0
113.31,0,0
113.315,0,0
113.32,0,0
113.325,0,0
113.33,0,0
113.335,0,0
113.34,0,0
113.345,0,0
113.35,0,0
113.355,0,0
113.36,0,0
113.365,0,0
113.37,0,0
113.375,0,0
113.38,0,0
113.385,0,0
113.39,0,0
113.395,0,0
113.4,0,0
113.405,0,0
113.41,0,0
113.415,0,0
113.42,0,0
113.425,0,0
113.43,0,0
113.435,0,0
113.44,0,0
113.445,0,0
113.45,0,0
113.455,0,0
113.46,0,0
113.465,0,0
113.47,0,0
113.475,0,0
113.48,0,0
113.485,0,0
113.49,0,0
113.495,0,0
113.5,0,0
113.505,0,0
113.51,0,0
113.515,0,0
113.52,0,0
113.525,0,0
113.53,0,0
113.535,0,0
113.54,0,0
113.545,0,0
113.55,0,0
113.555,0,0
113.56,0,0
113.565,0,0
113.57,0,0
113.575,0,0
113.58,0,0
113.585,0,0
113.59,0,0
113.595,0,0
113.6,0,0
113.605,0,0
113.61,0,0
113.615,0,0
113.62,0,0
113.625,0,0
113.63,0,0
113.635,0,0
113.64,0,0
113.645,0,0
113.65,0,0
113.655,0,0
113.66,0,0
113.665,0,0
113.67,0,0
113.675,0,0
113.68,0,0
113.685,0,0
113.69,0,0
113.695,0,0
113.7,0,0
113.705,0,0
113.71,0,0
113.715,0,0
113.72,0,0
113.725,0,0
113.73,0,0
113.735,0,0
113.74,0,0
113.745,0,0
113.75,0,0
113.755,0,0
113.76,0,0
113.765,0,0
113.77,0,0
113.775,0,0
113.78,0,0
113.785,0,0
113.79,0,0
113.795,0,2.93215314335027e-08
113.8,0,0
113.805,0,2.93215314335027e-08
113.81,0,5.86430628670055e-08
113.815,0,5.86430628670055e-08
113.82,0,2.93215314335027e-08
113.825,0,2.93215314335027e-08
113.83,0,2.93215314335027e-08
113.835,0,5.86430628670055e-08
113.84,0,5.86430628670055e-08
113.845,0,5.86430628670055e-08
113.85,0,5.86430628670055e-08
113.855,0,2.93215314335029e-08
113.86,0,2.93215314335029e-08
113.865,0,5.86430628670058e-08
113.87,0,5.86430628670058e-08
113.875,0,2.93215314335029e-08
113.88,0,5.86430628670058e-08
113.885,0,5.86430628670058e-08
113.89,0,8.79645943005087e-08
113.895,0,8.79645943005087e-08
113.9,0,0
113.905,0,8.79645943005087e-08
113.91,0,8.79645943005087e-08
113.915,0,2.93215314335029e-08
113.92,0,2.0525072003452e-07
113.925,0,2.93215314335029e-08
113.93,0,5.86430628670058e-08
113.935,0,5.86430628670058e-08
113.94,0,5.86430628670058e-08
113.945,0,5.86430628670058e-08
113.95,0,1.17286125734012e-07
113.955,0,0
113.96,0,8.79645943005087e-08
113.965,0,8.79645943005087e-08
113.97,0,5.86430628670051e-08
113.975,0,5.86430628670051e-08
113.98,0,0
113.985,0,5.86430628670051e-08
113.99,0,8.79645943005077e-08
113.995,0,2.93215314335026e-08
114,0,1.1728612573401e-07
114.005,0,1.1728612573401e-07
114.01,0,5.86430628670051e-08
114.015,0,8.79645943005077e-08
114.02,0,8.79645943005077e-08
114.025,0,8.79645943005077e-08
114.03,0,1.1728612573401e-07
114.035,0,2.93215314335026e-08
114.04,0,5.86430628670051e-08
114.045,0,5.86430628670051e-08
114.05,0,2.93215314335026e-08
114.055,0,1.1728612573401e-07
114.06,0,5.86430628670051e-08
114.065,0,5.86430628670051e-08
114.07,0,1.1728612573401e-07
114.075,0,8.79645943005077e-08
114.08,0,8.79645943005077e-08
114.085,0,8.79645943005077e-08
114.09,0,8.79645943005077e-08
114.095,0,1.46607657167513e-07
114.1,0,8.79645943005077e-08
114.105,0,1.1728612573401e-07
114.11,0,5.86430628670051e-08
114.115,0,5.86430628670051e-08
114.12,0,5.86430628670051e-08
114.125,0,2.93215314335026e-08
114.13,0,2.93215314335026e-08
114.135,0,0
114.14,0,2.93215314335026e-08
114.145,0,5.86430628670051e-08
114.15,0,2.93215314335026e-08
114.155,0,0
114.16,0,0
114.165,0,2.93215314335026e-08
114.17,0,0
114.175,0,0
114.18,0,0
114.185,0,0
114.19,0,0
114.195,0,0
114.2,0,0
114.205,0,0
114.21,0,0
114.215,0,0
114.22,0,0
114.225,0,0
114.23,0,0
114.235,0,0
114.24,0,0
114.245,0,0
114.25,0,0
114.255,0,0
114.26,0,0
114.265,0,0
114.27,0,0
114.275,0,0
114.28,0,0
114.285,0,0
114.29,0,0
114.295,0,0
114.3,0,0
114.305,0,0
114.31,0,0
114.315,0,0
114.32,0,0
114.325,0,0
114.33,0,0
114.335,0,0
114.34,0,0
114.345,0,0
114.35,0,0
114.355,0,0
114.36,0,0
114.365,0,0
114.37,0,0
114.375,0,0
114.38,0,0
114.385,0,0
114.39,0,0
114.395,0,0
114.4,0,0
114.405,0,0
114.41,0,0
114.415,0,0
114.42,0,0
114.425,0,0
114.43,0,0
114.435,0,0
114.44,0,0
114.445,0,0
114.45,0,0
114.455,0,0
114.46,0,0
114.465,0,0
114.47,0,0
114.475,0,0
114.48,0,0
114.485,0,0
114.49,0,0
114.495,0,0
114.5,0,0
114.505,0,0
114.51,0,0
114.515,0,0
114.52,0,0
114.525,0,0
114.53,0,0
114.535,0,0
114.54,0,0
114.545,0,0
114.55,0,0
114.555,0,0
114.56,0,0
114.565,0,0
114.57,0,0
114.575,0,0
114.58,0,0
114.585,0,0
114.59,0,0
114.595,0,0
114.6,0,0
114.605,0,0
114.61,0,0
114.615,0,0
114.62,0,0
114.625,0,0
114.63,0,0
114.635,0,0
114.64,0,0
114.645,0,0
114.65,0,0
114.655,0,0
114.66,0,0
114.665,0,0
114.67,0,0
114.675,0,0
114.68,0,0
114.685,0,0
114.69,0,0
114.695,0,0
114.7,0,0
114.705,0,0
114.71,0,0
114.715,0,0
114.72,0,0
114.725,0,0
114.73,0,0
114.735,0,0
114.74,0,0
114.745,0,0
114.75,0,0
114.755,0,0
114.76,0,0
114.765,0,0
114.77,0,0
114.775,0,0
114.78,0,0
114.785,0,0
114.79,0,0
114.795,0,0
114.8,0,0
114.805,0,0
114.81,0,0
114.815,0,0
114.82,0,0
114.825,0,0
114.83,0,0
114.835,0,0
114.84,0,0
114.845,0,0
114.85,0,0
114.855,0,0
114.86,0,0
114.865,0,0
114.87,0,0
114.875,0,0
114.88,0,0
114.885,0,0
114.89,0,0
114.895,0,0
114.9,0,0
114.905,0,0
114.91,0,0
114.915,0,0
114.92,0,0
114.925,0,0
114.93,0,0
114.935,0,0
114.94,0,0
114.945,0,0
114.95,0,0
114.955,0,0
114.96,0,0
114.965,0,0
114.97,0,0
114.975,0,0
114.98,0,0
114.985,0,0
114.99,0,0
114.995,0,0
115,0,0
115.005,0,0
115.01,0,0
115.015,0,0
115.02,0,0
115.025,0,0
115.03,0,0
115.035,0,0
115.04,0,0
115.045,0,0
115.05,0,0
115.055,0,0
115.06,0,0
115.065,0,0
115.07,0,0
115.075,0,0
115.08,0,0
115.085,0,0
115.09,0,0
115.095,0,0
115.1,0,0
115.105,0,0
115.11,0,0
115.115,0,0
115.12,0,0
115.125,0,0
115.13,0,0
115.135,0,0
115.14,0,0
115.145,0,0
115.15,0,0
115.155,0,0
115.16,0,0
115.165,0,0
115.17,0,0
115.175,0,0
115.18,0,0
115.185,0,0
115.19,0,0
115.195,0,0
115.2,0,0
115.205,0,0
115.21,0,0
115.215,0,0
115.22,0,0
115.225,0,0
115.23,0,0
115.235,0,0
115.24,0,0
115.245,0,0
115.25,0,0
115.255,0,0
115.26,0,0
115.265,0,0
115.27,0,0
115.275,0,0
115.28,0,0
115.285,0,0
115.29,0,0
115.295,0,0
115.3,0,0
115.305,0,0
115.31,0,0
115.315,0,0
115.32,0,0
115.325,0,0
115.33,0,0
115.335,0,0
115.34,0,0
115.345,0,0
115.35,0,0
115.355,0,0
115.36,0,0
115.365,0,0
115.37,0,0
115.375,0,0
115.38,0,0
115.385,0,0
115.39,0,0
115.395,0,0
115.4,0,0
115.405,0,0
115.41,0,0
115.415,0,0
115.42,0,0
115.425,0,0
115.43,0,0
115.435,0,0
115.44,0,0
115.445,0,0
115.45,0,0
115.455,0,0
115.46,0,0
115.465,0,0
115.47,0,0
115.475,0,0
115.48,0,0
115.485,0,0
115.49,0,0
115.495,0,0
115.5,0,0
115.505,0,0
115.51,0,0
115.515,0,0
115.52,0,0
115.525,0,0
115.53,0,0
115.535,0,0
115.54,0,0
115.545,0,0
115.55,0,0
115.555,0,0
115.56,0,0
115.565,0,0
115.57,0,0
115.575,0,0
115.58,0,0
115.585,0,0
115.59,0,0
115.595,0,0
115.6,0,0
115.605,0,0
115.61,0,0
115.615,0,0
115.62,0,0
115.625,0,0
115.63,0,0
115.635,0,0
115.64,0,0
115.645,0,0
115.65,0,0
115.655,0,0
115.66,0,0
115.665,0,0
115.67,0,0
115.675,0,0
115.68,0,0
115.685,0,0
115.69,0,0
115.695,0,0
115.7,0,5.86430628670051e-08
115.705,0,0
115.71,0,0
115.715,0,5.86430628670051e-08
115.72,0,5.86430628670051e-08
115.725,0,0
115.73,0,2.93215314335026e-08
115.735,0,0
115.74,0,2.93215314335026e-08
115.745,0,2.93215314335026e-08
115.75,0,5.86430628670051e-08
115.755,0,8.79645943005077e-08
115.76,0,5.86430628670058e-08
115.765,0,2.93215314335032e-08
115.77,0,5.86430628670064e-08
115.775,0,5.86430628670064e-08
115.78,0,2.93215314335032e-08
115.785,0,2.93215314335032e-08
115.79,0,0
115.795,0,2.93215314335032e-08
115.8,0,8.79645943005097e-08
115.805,0,0
115.81,0,5.86430628670064e-08
115.815,0,2.93215314335032e-08
115.82,0,2.93215314335032e-08
115.825,0,8.79645943005097e-08
115.83,0,0
115.835,0,0
115.84,0,8.79645943005097e-08
115.845,0,0
115.85,0,5.86430628670064e-08
115.855,0,2.93215314335032e-08
115.86,0,0
115.865,0,5.86430628670064e-08
115.87,0,2.93215314335032e-08
115.875,0,1.17286125734013e-07
115.88,0,0
115.885,0,2.93215314335032e-08
115.89,0,0
115.895,0,5.86430628670064e-08
115.9,0,5.86430628670064e-08
115.905,0,2.93215314335032e-08
115.91,0,2.93215314335032e-08
115.915,0,5.86430628670064e-08
115.92,0,2.93215314335032e-08
115.925,0,2.93215314335032e-08
115.93,0,5.86430628670064e-08
115.935,0,5.86430628670064e-08
115.94,0,5.86430628670064e-08
115.945,0,5.86430628670064e-08
115.95,0,5.86430628670064e-08
115.955,0,8.79645943005097e-08
115.96,0,2.93215314335032e-08
115.965,0,5.86430628670064e-08
115.97,0,2.93215314335032e-08
115.975,0,5.86430628670064e-08
115.98,0,5.86430628670064e-08
115.985,0,2.93215314335032e-08
115.99,0,0
115.995,0,0
116,0,0
116.005,0,0
116.01,0,0
116.015,0,0
116.02,0,0
116.025,0,0
116.03,0,0
116.035,0,0
116.04,0,0
116.045,0,0
116.05,0,0
116.055,0,0
116.06,0,0
116.065,0,0
116.07,0,0
116.075,0,0
116.08,0,0
116.085,0,0
116.09,0,0
116.095,0,0
116.1,0,0
116.105,0,0
116.11,0,0
116.115,0,0
116.12,0,0
116.125,0,0
116.13,0,0
116.135,0,0
116.14,0,0
116.145,0,0
116.15,0,0
116.155,0,0
116.16,0,0
116.165,0,0
116.17,0,0
116.175,0,0
116.18,0,0
116.185,0,0
116.19,0,0
116.195,0,0
116.2,0,0
116.205,0,0
116.21,0,0
116.215,0,0
116.22,0,0
116.225,0,0
116.23,0,0
116.235,0,0
116.24,0,0
116.245,0,0
116.25,0,0
116.255,0,0
116.26,0,0
116.265,0,0
116.27,0,0
116.275,0,0
116.28,0,0
116.285,0,0
116.29,0,0
116.295,0,0
116.3,0,0
116.305,0,0
116.31,0,0
116.315,0,0
116.32,0,0
116.325,0,0
116.33,0,0
116.335,0,0
116.34,0,0
116.345,0,0
116.35,0,0
116.355,0,0
116.36,0,0
116.365,0,0
116.37,0,0
116.375,0,0
116.38,0,0
116.385,0,0
116.39,0,0
116.395,0,0
116.4,0,0
116.405,0,0
116.41,0,0
116.415,0,0
116.42,0,0
116.425,0,0
116.43,0,0
116.435,0,0
116.44,0,0
116.445,0,0
116.45,0,0
116.455,0,0
116.46,0,0
116.465,0,0
116.47,0,0
116.475,0,0
116.48,0,0
116.485,0,0
116.49,0,0
116.495,0,0
116.5,0,0
116.505,0,0
116.51,0,0
116.515,0,0
116.52,0,0
116.525,0,0
116.53,0,0
116.535,0,0
116.54,0,0
116.545,0,0
116.55,0,0
116.555,0,0
116.56,0,0
116.565,0,0
116.57,0,0
116.575,0,0
116.58,0,0
116.585,0,0
116.59,0,0
116.595,0,0
116.6,0,0
116.605,0,0
116.61,0,0
116.615,0,0
116.62,0,0
116.625,0,0
116.63,0,0
116.635,0,0
116.64,0,0
116.645,0,0
116.65,0,0
116.655,0,0
116.66,0,0
116.665,0,0
116.67,0,0
116.675,0,0
116.68,0,0
116.685,0,0
116.69,0,0
116.695,0,0
116.7,0,0
116.705,0,0
116.71,0,0
116.715,0,0
116.72,0,0
116.725,0,0
116.73,0,0
116.735,0,0
116.74,0,0
116.745,0,0
116.75,0,0
116.755,0,0
116.76,0,0
116.765,0,0
116.77,0,0
116.775,0,0
116.78,0,0
116.785,0,0
116.79,0,0
116.795,0,0
116.8,0,0
116.805,0,0
116.81,0,0
116.815,0,0
116.82,0,0
116.825,0,0
116.83,0,0
116.835,0,0
116.84,0,0
116.845,0,0
116.85,0,0
116.855,0,0
116.86,0,0
116.865,0,0
116.87,0,0
116.875,0,0
116.88,0,0
116.885,0,0
116.89,0,0
116.895,0,0
116.9,0,0
116.905,0,0
116.91,0,0
116.915,0,0
116.92,0,0
116.925,0,0
116.93,0,0
116.935,0,0
116.94,0,0
116.945,0,0
116.95,0,0
116.955,0,0
116.96,0,0
116.965,0,0
116.97,0,0
116.975,0,0
116.98,0,0
116.985,0,0
116.99,0,0
116.995,0,0
117,0,0
117.005,0,0
117.01,0,0
117.015,0,0
117.02,0,0
117.025,0,0
117.03,0,0
117.035,0,0
117.04,0,0
117.045,0,0
117.05,0,0
117.055,0,0
117.06,0,0
117.065,0,0
117.07,0,0
117.075,0,0
117.08,0,0
117.085,0,0
117.09,0,0
117.095,0,0
117.1,0,0
117.105,0,0
117.11,0,0
117.115,0,0
117.12,0,0
117.125,0,0
117.13,0,0
117.135,0,0
117.14,0,0
117.145,0,0
117.15,0,0
117.155,0,0
117.16,0,0
117.165,0,0
117.17,0,0
117.175,0,0
117.18,0,0
117.185,0,0
117.19,0,0
117.195,0,0
117.2,0,0
117.205,0,0
117.21,0,0
117.215,0,0
117.22,0,0
117.225,0,0
117.23,0,0
117.235,0,0
117.24,0,0
117.245,0,0
117.25,0,0
117.255,0,0
117.26,0,0
117.265,0,0
117.27,0,0
117.275,0,0
117.28,0,0
117.285,0,0
117.29,0,0
117.295,0,0
117.3,0,0
117.305,0,0
117.31,0,0
117.315,0,0
117.32,0,0
117.325,0,0
117.33,0,0
117.335,0,0
117.34,0,0
117.345,0,0
117.35,0,0
117.355,0,0
117.36,0,0
117.365,0,0
117.37,0,0
117.375,0,0
117.38,0,0
117.385,0,0
117.39,0,0
117.395,0,0
117.4,0,0
117.405,0,0
117.41,0,0
117.415,0,0
117.42,0,0
117.425,0,0
117.43,0,0
117.435,0,0
117.44,0,0
117.445,0,0
117.45,0,0
117.455,0,0
117.46,0,0
117.465,0,0
117.47,0,0
117.475,0,0
117.48,0,0
117.485,0,0
117.49,0,0
117.495,0,0
117.5,0,0
117.505,0,0
117.51,0,0
117.515,0,0
117.52,0,0
117.525,0,0
117.53,0,0
117.535,0,0
117.54,0,0
117.545,0,0
117.55,0,0
117.555,0,0
117.56,0,0
117.565,0,0
117.57,0,0
117.575,0,0
117.58,0,0
117.585,0,0
117.59,0,0
117.595,0,0
117.6,0,0
117.605,0,0
117.61,0,0
117.615,0,0
117.62,0,0
117.625,0,0
117.63,0,0
117.635,0,0
117.64,0,0
117.645,0,0
117.65,0,0
117.655,0,0
117.66,0,0
117.665,0,0
117.67,0,0
117.675,0,0
117.68,0,0
117.685,0,0
117.69,0,0
117.695,0,0
117.7,0,0
117.705,0,0
117.71,0,0
117.715,0,0
117.72,0,0
117.725,0,0
117.73,0,0
117.735,0,0
117.74,0,0
117.745,0,0
117.75,0,0
117.755,0,0
117.76,0,0
117.765,0,0
117.77,0,0
117.775,0,0
117.78,0,0
117.785,0,0
117.79,0,0
117.795,0,0
117.8,0,0
117.805,0,0
117.81,0,0
117.815,0,0
117.82,0,0
117.825,0,0
117.83,0,0
117.835,0,0
117.84,0,0
117.845,0,0
117.85,0,0
117.855,0,0
117.86,0,0
117.865,0,0
117.87,0,0
117.875,0,0
117.88,0,0
117.885,0,0
117.89,0,0
117.895,0,0
117.9,0,0
117.905,0,0
117.91,0,0
117.915,0,0
117.92,0,0
117.925,0,0
117.93,0,0
117.935,0,0
117.94,0,0
117.945,0,0
117.95,0,0
117.955,0,0
117.96,0,0
117.965,0,0
117.97,0,0
117.975,0,0
117.98,0,0
117.985,0,0
117.99,0,0
117.995,0,0
118,0,0
118.005,0,0
